symbol,direction,regime,fill_mode,T_pct,rank,entry_bucket,n,hit_pct,median_min_to_target,low_sample
AAPL,call,Fri-0DTE,mid,30.0,1,09:30,3752,45.442,21.0,False
AAPL,call,Fri-0DTE,mid,30.0,2,10:00,4184,43.045,26.0,False
AAPL,call,Fri-0DTE,mid,30.0,3,10:30,3896,41.863,34.0,False
AAPL,call,Fri-0DTE,mid,30.0,4,11:00,3685,40.353,38.0,False
AAPL,call,Fri-0DTE,mid,30.0,5,11:30,3518,38.829,35.0,False
AAPL,call,Fri-0DTE,mid,30.0,6,12:00,3321,38.783,33.0,False
AAPL,call,Fri-0DTE,mid,30.0,7,12:30,3220,36.801,32.0,False
AAPL,call,Fri-0DTE,mid,30.0,8,13:00,3067,34.17,31.0,False
AAPL,call,Fri-0DTE,mid,30.0,9,13:30,2941,31.418,33.0,False
AAPL,call,Fri-0DTE,mid,30.0,10,14:00,2893,29.9,27.0,False
AAPL,call,Fri-0DTE,mid,30.0,11,14:30,2841,26.399,24.0,False
AAPL,call,Fri-0DTE,mid,30.0,12,15:00,2958,22.752,19.0,False
AAPL,call,Fri-0DTE,mid,30.0,13,15:30,652,17.485,12.5,False
AAPL,call,Fri-0DTE,mid,50.0,1,09:30,3752,33.049,32.0,False
AAPL,call,Fri-0DTE,mid,50.0,2,10:00,4184,30.688,40.0,False
AAPL,call,Fri-0DTE,mid,50.0,3,10:30,3896,29.312,56.0,False
AAPL,call,Fri-0DTE,mid,50.0,4,11:00,3685,27.897,61.5,False
AAPL,call,Fri-0DTE,mid,50.0,5,11:30,3518,27.402,50.5,False
AAPL,call,Fri-0DTE,mid,50.0,6,12:00,3321,26.107,46.0,False
AAPL,call,Fri-0DTE,mid,50.0,7,12:30,3220,24.845,45.0,False
AAPL,call,Fri-0DTE,mid,50.0,8,13:00,3067,22.269,46.0,False
AAPL,call,Fri-0DTE,mid,50.0,9,13:30,2941,21.965,44.5,False
AAPL,call,Fri-0DTE,mid,50.0,10,14:00,2893,20.878,36.0,False
AAPL,call,Fri-0DTE,mid,50.0,11,14:30,2841,17.107,27.0,False
AAPL,call,Fri-0DTE,mid,50.0,12,15:00,2958,14.469,25.0,False
AAPL,call,Fri-0DTE,mid,50.0,13,15:30,652,11.196,16.0,False
AAPL,call,Fri-0DTE,mid,75.0,1,09:30,3752,25.107,43.5,False
AAPL,call,Fri-0DTE,mid,75.0,2,10:00,4184,23.375,61.0,False
AAPL,call,Fri-0DTE,mid,75.0,3,10:30,3896,21.946,76.0,False
AAPL,call,Fri-0DTE,mid,75.0,4,11:30,3518,20.694,59.5,False
AAPL,call,Fri-0DTE,mid,75.0,5,11:00,3685,20.516,78.5,False
AAPL,call,Fri-0DTE,mid,75.0,6,12:00,3321,19.452,55.0,False
AAPL,call,Fri-0DTE,mid,75.0,7,12:30,3220,18.354,57.0,False
AAPL,call,Fri-0DTE,mid,75.0,8,13:00,3067,16.987,59.0,False
AAPL,call,Fri-0DTE,mid,75.0,9,13:30,2941,15.811,62.0,False
AAPL,call,Fri-0DTE,mid,75.0,10,14:00,2893,15.14,48.0,False
AAPL,call,Fri-0DTE,mid,75.0,11,14:30,2841,12.812,36.5,False
AAPL,call,Fri-0DTE,mid,75.0,12,15:00,2958,10.446,30.0,False
AAPL,call,Fri-0DTE,mid,75.0,13,15:30,652,8.589,20.0,False
AAPL,call,Fri-0DTE,mid,100.0,1,09:30,3752,20.123,57.0,False
AAPL,call,Fri-0DTE,mid,100.0,2,10:00,4184,18.403,78.0,False
AAPL,call,Fri-0DTE,mid,100.0,3,10:30,3896,17.967,95.0,False
AAPL,call,Fri-0DTE,mid,100.0,4,11:30,3518,17.254,70.0,False
AAPL,call,Fri-0DTE,mid,100.0,5,11:00,3685,16.445,88.0,False
AAPL,call,Fri-0DTE,mid,100.0,6,12:00,3321,16.049,60.0,False
AAPL,call,Fri-0DTE,mid,100.0,7,12:30,3220,14.41,62.5,False
AAPL,call,Fri-0DTE,mid,100.0,8,13:00,3067,13.466,68.0,False
AAPL,call,Fri-0DTE,mid,100.0,9,13:30,2941,12.717,80.0,False
AAPL,call,Fri-0DTE,mid,100.0,10,14:00,2893,11.545,58.0,False
AAPL,call,Fri-0DTE,mid,100.0,11,14:30,2841,10.419,45.0,False
AAPL,call,Fri-0DTE,mid,100.0,12,15:00,2958,8.215,30.0,False
AAPL,call,Fri-0DTE,mid,100.0,13,15:30,652,6.748,20.0,False
AAPL,call,Fri-0DTE,market,30.0,1,09:30,3752,33.902,33.0,False
AAPL,call,Fri-0DTE,market,30.0,2,10:00,4184,31.286,45.0,False
AAPL,call,Fri-0DTE,market,30.0,3,10:30,3896,30.493,66.0,False
AAPL,call,Fri-0DTE,market,30.0,4,11:00,3685,28.44,72.5,False
AAPL,call,Fri-0DTE,market,30.0,5,11:30,3518,27.8,58.0,False
AAPL,call,Fri-0DTE,market,30.0,6,12:00,3321,27.462,51.0,False
AAPL,call,Fri-0DTE,market,30.0,7,12:30,3220,24.72,56.0,False
AAPL,call,Fri-0DTE,market,30.0,8,13:00,3067,21.03,55.0,False
AAPL,call,Fri-0DTE,market,30.0,9,13:30,2941,20.605,57.5,False
AAPL,call,Fri-0DTE,market,30.0,10,14:00,2893,19.806,49.0,False
AAPL,call,Fri-0DTE,market,30.0,11,14:30,2841,16.649,38.0,False
AAPL,call,Fri-0DTE,market,30.0,12,15:00,2958,14.03,30.0,False
AAPL,call,Fri-0DTE,market,30.0,13,15:30,652,10.89,20.0,False
AAPL,call,Fri-0DTE,market,50.0,1,09:30,3752,25.4,49.0,False
AAPL,call,Fri-0DTE,market,50.0,2,10:00,4184,23.566,72.0,False
AAPL,call,Fri-0DTE,market,50.0,3,10:30,3896,22.69,96.5,False
AAPL,call,Fri-0DTE,market,50.0,4,11:00,3685,21.058,92.0,False
AAPL,call,Fri-0DTE,market,50.0,5,11:30,3518,20.893,69.0,False
AAPL,call,Fri-0DTE,market,50.0,6,12:00,3321,19.723,68.0,False
AAPL,call,Fri-0DTE,market,50.0,7,12:30,3220,17.391,69.0,False
AAPL,call,Fri-0DTE,market,50.0,8,13:00,3067,15.096,77.0,False
AAPL,call,Fri-0DTE,market,50.0,9,13:30,2941,14.893,81.5,False
AAPL,call,Fri-0DTE,market,50.0,10,14:00,2893,14.138,61.0,False
AAPL,call,Fri-0DTE,market,50.0,11,14:30,2841,11.616,48.0,False
AAPL,call,Fri-0DTE,market,50.0,12,15:00,2958,9.5,33.0,False
AAPL,call,Fri-0DTE,market,50.0,13,15:30,652,7.975,21.0,False
AAPL,call,Fri-0DTE,market,75.0,1,09:30,3752,19.749,65.0,False
AAPL,call,Fri-0DTE,market,75.0,2,10:00,4184,17.471,102.0,False
AAPL,call,Fri-0DTE,market,75.0,3,10:30,3896,16.786,110.5,False
AAPL,call,Fri-0DTE,market,75.0,4,11:00,3685,15.115,99.0,False
AAPL,call,Fri-0DTE,market,75.0,5,11:30,3518,15.094,78.0,False
AAPL,call,Fri-0DTE,market,75.0,6,12:00,3321,14.724,82.0,False
AAPL,call,Fri-0DTE,market,75.0,7,12:30,3220,12.298,82.0,False
AAPL,call,Fri-0DTE,market,75.0,8,13:00,3067,11.281,101.0,False
AAPL,call,Fri-0DTE,market,75.0,9,13:30,2941,10.847,93.0,False
AAPL,call,Fri-0DTE,market,75.0,10,14:00,2893,10.266,79.0,False
AAPL,call,Fri-0DTE,market,75.0,11,14:30,2841,8.659,55.0,False
AAPL,call,Fri-0DTE,market,75.0,12,15:00,2958,7.302,34.0,False
AAPL,call,Fri-0DTE,market,75.0,13,15:30,652,5.521,21.0,False
AAPL,call,Fri-0DTE,market,100.0,1,09:30,3752,15.458,76.0,False
AAPL,call,Fri-0DTE,market,100.0,2,10:00,4184,14.173,114.0,False
AAPL,call,Fri-0DTE,market,100.0,3,10:30,3896,13.45,124.0,False
AAPL,call,Fri-0DTE,market,100.0,4,11:30,3518,12.337,98.5,False
AAPL,call,Fri-0DTE,market,100.0,5,11:00,3685,12.32,110.0,False
AAPL,call,Fri-0DTE,market,100.0,6,12:00,3321,11.141,96.5,False
AAPL,call,Fri-0DTE,market,100.0,7,12:30,3220,9.255,88.0,False
AAPL,call,Fri-0DTE,market,100.0,8,13:00,3067,8.901,118.0,False
AAPL,call,Fri-0DTE,market,100.0,9,13:30,2941,8.841,105.0,False
AAPL,call,Fri-0DTE,market,100.0,10,14:00,2893,7.881,83.0,False
AAPL,call,Fri-0DTE,market,100.0,11,14:30,2841,7.216,60.0,False
AAPL,call,Fri-0DTE,market,100.0,12,15:00,2958,5.612,34.5,False
AAPL,call,Fri-0DTE,market,100.0,13,15:30,652,4.294,23.0,False
AAPL,put,Fri-0DTE,mid,30.0,1,11:00,3222,50.59,26.0,False
AAPL,put,Fri-0DTE,mid,30.0,2,10:00,3775,50.04,22.0,False
AAPL,put,Fri-0DTE,mid,30.0,3,10:30,3427,49.402,25.0,False
AAPL,put,Fri-0DTE,mid,30.0,4,11:30,3005,48.453,29.0,False
AAPL,put,Fri-0DTE,mid,30.0,5,09:30,3427,47.914,22.0,False
AAPL,put,Fri-0DTE,mid,30.0,6,13:00,2599,46.133,28.0,False
AAPL,put,Fri-0DTE,mid,30.0,7,12:00,2871,44.758,33.0,False
AAPL,put,Fri-0DTE,mid,30.0,8,12:30,2790,44.695,35.0,False
AAPL,put,Fri-0DTE,mid,30.0,9,13:30,2525,42.97,23.0,False
AAPL,put,Fri-0DTE,mid,30.0,10,14:30,2426,36.109,27.0,False
AAPL,put,Fri-0DTE,mid,30.0,11,14:00,2436,35.837,26.0,False
AAPL,put,Fri-0DTE,mid,30.0,12,15:00,2549,33.268,16.0,False
AAPL,put,Fri-0DTE,mid,30.0,13,15:30,584,24.829,11.0,False
AAPL,put,Fri-0DTE,mid,50.0,1,10:00,3775,38.384,31.0,False
AAPL,put,Fri-0DTE,mid,50.0,2,10:30,3427,37.088,40.0,False
AAPL,put,Fri-0DTE,mid,50.0,3,11:00,3222,36.282,43.0,False
AAPL,put,Fri-0DTE,mid,50.0,4,11:30,3005,35.874,45.0,False
AAPL,put,Fri-0DTE,mid,50.0,5,09:30,3427,35.629,37.0,False
AAPL,put,Fri-0DTE,mid,50.0,6,13:00,2599,33.09,40.0,False
AAPL,put,Fri-0DTE,mid,50.0,7,12:00,2871,32.254,51.5,False
AAPL,put,Fri-0DTE,mid,50.0,8,12:30,2790,32.043,50.0,False
AAPL,put,Fri-0DTE,mid,50.0,9,13:30,2525,28.752,28.0,False
AAPL,put,Fri-0DTE,mid,50.0,10,14:00,2436,24.138,40.0,False
AAPL,put,Fri-0DTE,mid,50.0,11,14:30,2426,23.825,34.0,False
AAPL,put,Fri-0DTE,mid,50.0,12,15:00,2549,21.342,20.0,False
AAPL,put,Fri-0DTE,mid,50.0,13,15:30,584,15.24,12.0,False
AAPL,put,Fri-0DTE,mid,75.0,1,10:00,3775,28.45,39.0,False
AAPL,put,Fri-0DTE,mid,75.0,2,10:30,3427,27.371,52.5,False
AAPL,put,Fri-0DTE,mid,75.0,3,11:00,3222,26.785,62.0,False
AAPL,put,Fri-0DTE,mid,75.0,4,11:30,3005,26.522,64.0,False
AAPL,put,Fri-0DTE,mid,75.0,5,09:30,3427,26.262,54.5,False
AAPL,put,Fri-0DTE,mid,75.0,6,13:00,2599,25.202,50.0,False
AAPL,put,Fri-0DTE,mid,75.0,7,12:30,2790,23.082,62.0,False
AAPL,put,Fri-0DTE,mid,75.0,8,12:00,2871,23.058,74.0,False
AAPL,put,Fri-0DTE,mid,75.0,9,13:30,2525,20.356,35.5,False
AAPL,put,Fri-0DTE,mid,75.0,10,14:30,2426,17.354,41.0,False
AAPL,put,Fri-0DTE,mid,75.0,11,14:00,2436,17.118,50.0,False
AAPL,put,Fri-0DTE,mid,75.0,12,15:00,2549,16.32,23.0,False
AAPL,put,Fri-0DTE,mid,75.0,13,15:30,584,10.445,13.0,False
AAPL,put,Fri-0DTE,mid,100.0,1,10:00,3775,23.391,43.0,False
AAPL,put,Fri-0DTE,mid,100.0,2,10:30,3427,21.126,57.5,False
AAPL,put,Fri-0DTE,mid,100.0,3,11:30,3005,20.632,69.0,False
AAPL,put,Fri-0DTE,mid,100.0,4,09:30,3427,20.397,60.0,False
AAPL,put,Fri-0DTE,mid,100.0,5,11:00,3222,20.236,77.0,False
AAPL,put,Fri-0DTE,mid,100.0,6,13:00,2599,19.777,55.0,False
AAPL,put,Fri-0DTE,mid,100.0,7,12:30,2790,18.602,73.0,False
AAPL,put,Fri-0DTE,mid,100.0,8,12:00,2871,17.659,83.0,False
AAPL,put,Fri-0DTE,mid,100.0,9,13:30,2525,16.0,44.0,False
AAPL,put,Fri-0DTE,mid,100.0,10,14:30,2426,13.644,44.0,False
AAPL,put,Fri-0DTE,mid,100.0,11,14:00,2436,13.013,50.0,False
AAPL,put,Fri-0DTE,mid,100.0,12,15:00,2549,12.907,24.0,False
AAPL,put,Fri-0DTE,mid,100.0,13,15:30,584,8.562,14.0,False
AAPL,put,Fri-0DTE,market,30.0,1,10:00,3775,33.351,32.0,False
AAPL,put,Fri-0DTE,market,30.0,2,11:00,3222,32.34,50.0,False
AAPL,put,Fri-0DTE,market,30.0,3,09:30,3427,32.273,40.0,False
AAPL,put,Fri-0DTE,market,30.0,4,10:30,3427,31.485,42.0,False
AAPL,put,Fri-0DTE,market,30.0,5,11:30,3005,31.082,54.0,False
AAPL,put,Fri-0DTE,market,30.0,6,12:00,2871,28.91,63.0,False
AAPL,put,Fri-0DTE,market,30.0,7,13:00,2599,28.742,46.0,False
AAPL,put,Fri-0DTE,market,30.0,8,12:30,2790,27.957,56.5,False
AAPL,put,Fri-0DTE,market,30.0,9,13:30,2525,24.99,38.0,False
AAPL,put,Fri-0DTE,market,30.0,10,14:00,2436,21.757,47.0,False
AAPL,put,Fri-0DTE,market,30.0,11,14:30,2426,21.105,42.0,False
AAPL,put,Fri-0DTE,market,30.0,12,15:00,2549,18.831,24.0,False
AAPL,put,Fri-0DTE,market,30.0,13,15:30,584,11.473,18.0,False
AAPL,put,Fri-0DTE,market,50.0,1,10:00,3775,25.828,42.0,False
AAPL,put,Fri-0DTE,market,50.0,2,09:30,3427,24.395,55.0,False
AAPL,put,Fri-0DTE,market,50.0,3,10:30,3427,24.336,60.5,False
AAPL,put,Fri-0DTE,market,50.0,4,11:00,3222,24.084,75.0,False
AAPL,put,Fri-0DTE,market,50.0,5,11:30,3005,23.661,78.0,False
AAPL,put,Fri-0DTE,market,50.0,6,13:00,2599,22.355,61.0,False
AAPL,put,Fri-0DTE,market,50.0,7,12:00,2871,21.63,77.0,False
AAPL,put,Fri-0DTE,market,50.0,8,12:30,2790,21.075,72.5,False
AAPL,put,Fri-0DTE,market,50.0,9,13:30,2525,18.455,50.0,False
AAPL,put,Fri-0DTE,market,50.0,10,14:00,2436,15.435,60.0,False
AAPL,put,Fri-0DTE,market,50.0,11,14:30,2426,14.056,46.0,False
AAPL,put,Fri-0DTE,market,50.0,12,15:00,2549,13.221,27.0,False
AAPL,put,Fri-0DTE,market,50.0,13,15:30,584,7.534,21.0,False
AAPL,put,Fri-0DTE,market,75.0,1,10:00,3775,20.053,55.0,False
AAPL,put,Fri-0DTE,market,75.0,2,09:30,3427,18.996,69.0,False
AAPL,put,Fri-0DTE,market,75.0,3,10:30,3427,18.238,76.0,False
AAPL,put,Fri-0DTE,market,75.0,4,11:30,3005,17.238,96.5,False
AAPL,put,Fri-0DTE,market,75.0,5,11:00,3222,17.101,98.0,False
AAPL,put,Fri-0DTE,market,75.0,6,13:00,2599,16.006,71.0,False
AAPL,put,Fri-0DTE,market,75.0,7,12:00,2871,15.43,98.0,False
AAPL,put,Fri-0DTE,market,75.0,8,12:30,2790,15.341,89.5,False
AAPL,put,Fri-0DTE,market,75.0,9,13:30,2525,14.02,63.0,False
AAPL,put,Fri-0DTE,market,75.0,10,14:00,2436,11.043,64.0,False
AAPL,put,Fri-0DTE,market,75.0,11,14:30,2426,10.14,51.5,False
AAPL,put,Fri-0DTE,market,75.0,12,15:00,2549,9.533,31.0,False
AAPL,put,Fri-0DTE,market,75.0,13,15:30,584,5.822,21.0,False
AAPL,put,Fri-0DTE,market,100.0,1,10:00,3775,15.709,69.0,False
AAPL,put,Fri-0DTE,market,100.0,2,09:30,3427,14.823,74.5,False
AAPL,put,Fri-0DTE,market,100.0,3,10:30,3427,14.473,90.0,False
AAPL,put,Fri-0DTE,market,100.0,4,11:30,3005,12.779,107.0,False
AAPL,put,Fri-0DTE,market,100.0,5,11:00,3222,12.663,111.0,False
AAPL,put,Fri-0DTE,market,100.0,6,13:00,2599,12.197,83.0,False
AAPL,put,Fri-0DTE,market,100.0,7,12:30,2790,11.792,102.0,False
AAPL,put,Fri-0DTE,market,100.0,8,12:00,2871,11.076,101.0,False
AAPL,put,Fri-0DTE,market,100.0,9,13:30,2525,10.891,73.0,False
AAPL,put,Fri-0DTE,market,100.0,10,14:00,2436,8.128,64.5,False
AAPL,put,Fri-0DTE,market,100.0,11,14:30,2426,7.255,54.0,False
AAPL,put,Fri-0DTE,market,100.0,12,15:00,2549,6.944,30.0,False
AAPL,put,Fri-0DTE,market,100.0,13,15:30,584,4.281,22.0,False
AAPL,call,Wed-0DTE,mid,30.0,1,09:30,749,65.688,16.0,False
AAPL,call,Wed-0DTE,mid,30.0,2,10:30,766,63.316,24.0,False
AAPL,call,Wed-0DTE,mid,30.0,3,10:00,834,62.23,25.0,False
AAPL,call,Wed-0DTE,mid,30.0,4,11:00,710,59.437,21.0,False
AAPL,call,Wed-0DTE,mid,30.0,5,11:30,685,56.642,28.0,False
AAPL,call,Wed-0DTE,mid,30.0,6,12:00,621,48.631,21.5,False
AAPL,call,Wed-0DTE,mid,30.0,7,12:30,615,47.48,23.0,False
AAPL,call,Wed-0DTE,mid,30.0,8,13:00,587,42.589,26.5,False
AAPL,call,Wed-0DTE,mid,30.0,9,13:30,556,36.691,16.5,False
AAPL,call,Wed-0DTE,mid,30.0,10,15:00,521,31.094,15.0,False
AAPL,call,Wed-0DTE,mid,30.0,11,14:30,536,30.784,20.0,False
AAPL,call,Wed-0DTE,mid,30.0,12,14:00,539,30.427,19.5,False
AAPL,call,Wed-0DTE,mid,30.0,13,15:30,139,24.46,10.0,False
AAPL,call,Wed-0DTE,mid,50.0,1,09:30,749,54.339,26.0,False
AAPL,call,Wed-0DTE,mid,50.0,2,10:00,834,50.48,41.0,False
AAPL,call,Wed-0DTE,mid,50.0,3,10:30,766,50.131,36.0,False
AAPL,call,Wed-0DTE,mid,50.0,4,11:00,710,46.901,29.0,False
AAPL,call,Wed-0DTE,mid,50.0,5,11:30,685,42.19,39.0,False
AAPL,call,Wed-0DTE,mid,50.0,6,12:00,621,37.037,25.0,False
AAPL,call,Wed-0DTE,mid,50.0,7,12:30,615,30.407,22.0,False
AAPL,call,Wed-0DTE,mid,50.0,8,13:00,587,25.724,29.0,False
AAPL,call,Wed-0DTE,mid,50.0,9,13:30,556,21.223,24.5,False
AAPL,call,Wed-0DTE,mid,50.0,10,15:00,521,21.113,26.0,False
AAPL,call,Wed-0DTE,mid,50.0,11,14:30,536,17.91,38.0,False
AAPL,call,Wed-0DTE,mid,50.0,12,14:00,539,15.584,27.0,False
AAPL,call,Wed-0DTE,mid,50.0,13,15:30,139,14.388,13.0,False
AAPL,call,Wed-0DTE,mid,75.0,1,09:30,749,45.794,45.0,False
AAPL,call,Wed-0DTE,mid,75.0,2,10:00,834,41.007,61.0,False
AAPL,call,Wed-0DTE,mid,75.0,3,11:00,710,38.169,43.0,False
AAPL,call,Wed-0DTE,mid,75.0,4,10:30,766,37.99,44.0,False
AAPL,call,Wed-0DTE,mid,75.0,5,11:30,685,32.263,54.0,False
AAPL,call,Wed-0DTE,mid,75.0,6,12:00,621,29.63,29.0,False
AAPL,call,Wed-0DTE,mid,75.0,7,12:30,615,20.976,32.0,False
AAPL,call,Wed-0DTE,mid,75.0,8,13:00,587,17.376,37.0,False
AAPL,call,Wed-0DTE,mid,75.0,9,15:00,521,15.931,29.0,False
AAPL,call,Wed-0DTE,mid,75.0,10,13:30,556,13.309,39.5,False
AAPL,call,Wed-0DTE,mid,75.0,11,14:30,536,12.5,40.0,False
AAPL,call,Wed-0DTE,mid,75.0,12,14:00,539,10.39,44.0,False
AAPL,call,Wed-0DTE,mid,75.0,13,15:30,139,10.072,19.0,False
AAPL,call,Wed-0DTE,mid,100.0,1,09:30,749,38.585,65.0,False
AAPL,call,Wed-0DTE,mid,100.0,2,10:00,834,34.532,68.5,False
AAPL,call,Wed-0DTE,mid,100.0,3,10:30,766,32.115,51.5,False
AAPL,call,Wed-0DTE,mid,100.0,4,11:00,710,31.408,72.0,False
AAPL,call,Wed-0DTE,mid,100.0,5,11:30,685,26.569,59.0,False
AAPL,call,Wed-0DTE,mid,100.0,6,12:00,621,24.96,32.0,False
AAPL,call,Wed-0DTE,mid,100.0,7,12:30,615,15.447,39.0,False
AAPL,call,Wed-0DTE,mid,100.0,8,15:00,521,13.052,29.0,False
AAPL,call,Wed-0DTE,mid,100.0,9,13:00,587,12.606,39.5,False
AAPL,call,Wed-0DTE,mid,100.0,10,13:30,556,10.612,55.0,False
AAPL,call,Wed-0DTE,mid,100.0,11,14:30,536,8.582,40.0,False
AAPL,call,Wed-0DTE,mid,100.0,12,14:00,539,8.163,64.5,False
AAPL,call,Wed-0DTE,mid,100.0,13,15:30,139,5.036,18.0,False
AAPL,call,Wed-0DTE,market,30.0,1,09:30,749,50.601,30.0,False
AAPL,call,Wed-0DTE,market,30.0,2,10:00,834,49.4,45.0,False
AAPL,call,Wed-0DTE,market,30.0,3,10:30,766,48.172,40.0,False
AAPL,call,Wed-0DTE,market,30.0,4,11:00,710,42.958,36.0,False
AAPL,call,Wed-0DTE,market,30.0,5,11:30,685,39.416,47.0,False
AAPL,call,Wed-0DTE,market,30.0,6,12:00,621,32.85,28.0,False
AAPL,call,Wed-0DTE,market,30.0,7,12:30,615,28.293,39.5,False
AAPL,call,Wed-0DTE,market,30.0,8,13:00,587,23.85,36.0,False
AAPL,call,Wed-0DTE,market,30.0,9,13:30,556,19.784,41.0,False
AAPL,call,Wed-0DTE,market,30.0,10,15:00,521,18.618,27.0,False
AAPL,call,Wed-0DTE,market,30.0,11,14:30,536,17.724,41.0,False
AAPL,call,Wed-0DTE,market,30.0,12,14:00,539,17.625,42.0,False
AAPL,call,Wed-0DTE,market,30.0,13,15:30,139,13.669,21.0,False
AAPL,call,Wed-0DTE,market,50.0,1,09:30,749,43.258,45.0,False
AAPL,call,Wed-0DTE,market,50.0,2,10:00,834,40.767,63.5,False
AAPL,call,Wed-0DTE,market,50.0,3,10:30,766,38.12,52.5,False
AAPL,call,Wed-0DTE,market,50.0,4,11:00,710,35.07,64.0,False
AAPL,call,Wed-0DTE,market,50.0,5,11:30,685,30.657,55.0,False
AAPL,call,Wed-0DTE,market,50.0,6,12:00,621,27.697,34.0,False
AAPL,call,Wed-0DTE,market,50.0,7,12:30,615,18.374,51.0,False
AAPL,call,Wed-0DTE,market,50.0,8,13:00,587,16.014,48.0,False
AAPL,call,Wed-0DTE,market,50.0,9,15:00,521,14.587,31.0,False
AAPL,call,Wed-0DTE,market,50.0,10,13:30,556,12.95,65.0,False
AAPL,call,Wed-0DTE,market,50.0,11,14:30,536,12.687,46.5,False
AAPL,call,Wed-0DTE,market,50.0,12,14:00,539,10.575,61.0,False
AAPL,call,Wed-0DTE,market,50.0,13,15:30,139,8.633,21.0,False
AAPL,call,Wed-0DTE,market,75.0,1,09:30,749,36.449,67.0,False
AAPL,call,Wed-0DTE,market,75.0,2,10:00,834,32.014,68.0,False
AAPL,call,Wed-0DTE,market,75.0,3,10:30,766,28.068,64.0,False
AAPL,call,Wed-0DTE,market,75.0,4,11:00,710,25.915,82.0,False
AAPL,call,Wed-0DTE,market,75.0,5,11:30,685,23.796,66.0,False
AAPL,call,Wed-0DTE,market,75.0,6,12:00,621,22.866,42.0,False
AAPL,call,Wed-0DTE,market,75.0,7,12:30,615,12.683,70.0,False
AAPL,call,Wed-0DTE,market,75.0,8,13:00,587,10.051,55.0,False
AAPL,call,Wed-0DTE,market,75.0,9,15:00,521,9.597,34.5,False
AAPL,call,Wed-0DTE,market,75.0,10,13:30,556,8.993,78.5,False
AAPL,call,Wed-0DTE,market,75.0,11,14:30,536,8.209,45.5,False
AAPL,call,Wed-0DTE,market,75.0,12,14:00,539,7.236,76.0,False
AAPL,call,Wed-0DTE,market,75.0,13,15:30,139,5.036,22.0,False
AAPL,call,Wed-0DTE,market,100.0,1,09:30,749,30.708,93.0,False
AAPL,call,Wed-0DTE,market,100.0,2,10:00,834,26.139,74.5,False
AAPL,call,Wed-0DTE,market,100.0,3,10:30,766,22.585,99.0,False
AAPL,call,Wed-0DTE,market,100.0,4,11:00,710,20.141,89.0,False
AAPL,call,Wed-0DTE,market,100.0,5,11:30,685,18.832,70.0,False
AAPL,call,Wed-0DTE,market,100.0,6,12:00,621,17.874,44.0,False
AAPL,call,Wed-0DTE,market,100.0,7,12:30,615,9.431,75.5,False
AAPL,call,Wed-0DTE,market,100.0,8,13:00,587,6.985,58.0,False
AAPL,call,Wed-0DTE,market,100.0,9,15:00,521,6.91,33.5,False
AAPL,call,Wed-0DTE,market,100.0,10,13:30,556,5.935,71.0,False
AAPL,call,Wed-0DTE,market,100.0,11,14:30,536,5.784,46.0,False
AAPL,call,Wed-0DTE,market,100.0,12,14:00,539,4.824,84.0,False
AAPL,call,Wed-0DTE,market,100.0,13,15:30,139,4.317,23.0,False
AAPL,put,Wed-0DTE,mid,30.0,1,14:00,467,59.743,20.0,False
AAPL,put,Wed-0DTE,mid,30.0,2,13:30,481,59.044,33.5,False
AAPL,put,Wed-0DTE,mid,30.0,3,13:00,513,56.335,41.0,False
AAPL,put,Wed-0DTE,mid,30.0,4,11:00,650,54.769,20.0,False
AAPL,put,Wed-0DTE,mid,30.0,5,14:30,470,51.064,14.0,False
AAPL,put,Wed-0DTE,mid,30.0,6,12:30,538,50.558,32.0,False
AAPL,put,Wed-0DTE,mid,30.0,7,10:00,758,50.132,18.5,False
AAPL,put,Wed-0DTE,mid,30.0,8,11:30,623,49.117,40.5,False
AAPL,put,Wed-0DTE,mid,30.0,9,10:30,715,48.252,23.0,False
AAPL,put,Wed-0DTE,mid,30.0,10,09:30,710,45.915,10.0,False
AAPL,put,Wed-0DTE,mid,30.0,11,12:00,562,45.907,26.0,False
AAPL,put,Wed-0DTE,mid,30.0,12,15:00,449,40.98,17.0,False
AAPL,put,Wed-0DTE,mid,30.0,13,15:30,121,21.488,11.5,False
AAPL,put,Wed-0DTE,mid,50.0,1,13:30,481,45.53,47.0,False
AAPL,put,Wed-0DTE,mid,50.0,2,14:00,467,43.469,25.0,False
AAPL,put,Wed-0DTE,mid,50.0,3,13:00,513,42.69,51.0,False
AAPL,put,Wed-0DTE,mid,50.0,4,11:00,650,40.154,29.0,False
AAPL,put,Wed-0DTE,mid,50.0,5,12:30,538,37.732,47.0,False
AAPL,put,Wed-0DTE,mid,50.0,6,12:00,562,37.189,42.0,False
AAPL,put,Wed-0DTE,mid,50.0,7,11:30,623,36.437,86.0,False
AAPL,put,Wed-0DTE,mid,50.0,8,10:30,715,34.825,37.0,False
AAPL,put,Wed-0DTE,mid,50.0,9,10:00,758,34.697,24.0,False
AAPL,put,Wed-0DTE,mid,50.0,10,14:30,470,33.191,19.5,False
AAPL,put,Wed-0DTE,mid,50.0,11,09:30,710,32.817,20.0,False
AAPL,put,Wed-0DTE,mid,50.0,12,15:00,449,24.053,19.0,False
AAPL,put,Wed-0DTE,mid,50.0,13,15:30,121,12.397,13.0,False
AAPL,put,Wed-0DTE,mid,75.0,1,13:30,481,37.838,56.5,False
AAPL,put,Wed-0DTE,mid,75.0,2,13:00,513,34.698,72.0,False
AAPL,put,Wed-0DTE,mid,75.0,3,14:00,467,34.475,31.0,False
AAPL,put,Wed-0DTE,mid,75.0,4,11:00,650,31.692,99.0,False
AAPL,put,Wed-0DTE,mid,75.0,5,12:00,562,31.317,62.0,False
AAPL,put,Wed-0DTE,mid,75.0,6,12:30,538,30.855,67.5,False
AAPL,put,Wed-0DTE,mid,75.0,7,11:30,623,30.658,132.0,False
AAPL,put,Wed-0DTE,mid,75.0,8,14:30,470,25.106,26.0,False
AAPL,put,Wed-0DTE,mid,75.0,9,10:30,715,24.895,92.5,False
AAPL,put,Wed-0DTE,mid,75.0,10,10:00,758,22.691,31.0,False
AAPL,put,Wed-0DTE,mid,75.0,11,09:30,710,22.113,47.0,False
AAPL,put,Wed-0DTE,mid,75.0,12,15:00,449,17.372,22.5,False
AAPL,put,Wed-0DTE,mid,75.0,13,15:30,121,9.091,15.0,False
AAPL,put,Wed-0DTE,mid,100.0,1,14:00,467,30.193,35.0,False
AAPL,put,Wed-0DTE,mid,100.0,2,13:30,481,29.938,59.5,False
AAPL,put,Wed-0DTE,mid,100.0,3,13:00,513,28.265,74.0,False
AAPL,put,Wed-0DTE,mid,100.0,4,12:00,562,27.758,101.0,False
AAPL,put,Wed-0DTE,mid,100.0,5,12:30,538,26.394,75.0,False
AAPL,put,Wed-0DTE,mid,100.0,6,11:30,623,25.522,146.0,False
AAPL,put,Wed-0DTE,mid,100.0,7,11:00,650,23.846,156.0,False
AAPL,put,Wed-0DTE,mid,100.0,8,10:30,715,20.0,119.0,False
AAPL,put,Wed-0DTE,mid,100.0,9,09:30,710,17.746,53.0,False
AAPL,put,Wed-0DTE,mid,100.0,10,14:30,470,17.66,28.0,False
AAPL,put,Wed-0DTE,mid,100.0,11,10:00,758,16.623,38.0,False
AAPL,put,Wed-0DTE,mid,100.0,12,15:00,449,13.363,23.5,False
AAPL,put,Wed-0DTE,mid,100.0,13,15:30,121,5.785,16.0,False
AAPL,put,Wed-0DTE,market,30.0,1,13:30,481,39.917,54.0,False
AAPL,put,Wed-0DTE,market,30.0,2,14:00,467,38.116,30.5,False
AAPL,put,Wed-0DTE,market,30.0,3,13:00,513,35.673,65.0,False
AAPL,put,Wed-0DTE,market,30.0,4,12:30,538,32.156,42.0,False
AAPL,put,Wed-0DTE,market,30.0,5,11:00,650,31.846,50.0,False
AAPL,put,Wed-0DTE,market,30.0,6,12:00,562,31.673,44.5,False
AAPL,put,Wed-0DTE,market,30.0,7,11:30,623,29.856,76.5,False
AAPL,put,Wed-0DTE,market,30.0,8,14:30,470,28.936,26.0,False
AAPL,put,Wed-0DTE,market,30.0,9,10:30,715,28.531,36.0,False
AAPL,put,Wed-0DTE,market,30.0,10,10:00,758,28.364,29.0,False
AAPL,put,Wed-0DTE,market,30.0,11,09:30,710,26.761,20.0,False
AAPL,put,Wed-0DTE,market,30.0,12,15:00,449,20.49,18.0,False
AAPL,put,Wed-0DTE,market,30.0,13,15:30,121,10.744,15.0,False
AAPL,put,Wed-0DTE,market,50.0,1,13:30,481,32.432,60.0,False
AAPL,put,Wed-0DTE,market,50.0,2,14:00,467,30.193,37.0,False
AAPL,put,Wed-0DTE,market,50.0,3,13:00,513,27.68,80.0,False
AAPL,put,Wed-0DTE,market,50.0,4,12:00,562,26.512,62.0,False
AAPL,put,Wed-0DTE,market,50.0,5,12:30,538,26.208,67.0,False
AAPL,put,Wed-0DTE,market,50.0,6,11:30,623,26.164,126.0,False
AAPL,put,Wed-0DTE,market,50.0,7,11:00,650,25.692,117.0,False
AAPL,put,Wed-0DTE,market,50.0,8,10:30,715,21.958,63.0,False
AAPL,put,Wed-0DTE,market,50.0,9,14:30,470,21.702,31.0,False
AAPL,put,Wed-0DTE,market,50.0,10,10:00,758,21.372,40.0,False
AAPL,put,Wed-0DTE,market,50.0,11,09:30,710,20.0,44.0,False
AAPL,put,Wed-0DTE,market,50.0,12,15:00,449,14.477,21.0,False
AAPL,put,Wed-0DTE,market,50.0,13,15:30,121,6.612,18.5,False
AAPL,put,Wed-0DTE,market,75.0,1,13:30,481,26.195,65.0,False
AAPL,put,Wed-0DTE,market,75.0,2,14:00,467,25.268,41.0,False
AAPL,put,Wed-0DTE,market,75.0,3,12:00,562,24.021,91.0,False
AAPL,put,Wed-0DTE,market,75.0,4,12:30,538,21.747,96.0,False
AAPL,put,Wed-0DTE,market,75.0,5,11:30,623,20.867,146.0,False
AAPL,put,Wed-0DTE,market,75.0,6,13:00,513,20.663,89.5,False
AAPL,put,Wed-0DTE,market,75.0,7,11:00,650,19.231,185.0,False
AAPL,put,Wed-0DTE,market,75.0,8,10:30,715,17.902,120.5,False
AAPL,put,Wed-0DTE,market,75.0,9,09:30,710,15.211,61.0,False
AAPL,put,Wed-0DTE,market,75.0,10,14:30,470,15.106,36.0,False
AAPL,put,Wed-0DTE,market,75.0,11,10:00,758,15.04,53.5,False
AAPL,put,Wed-0DTE,market,75.0,12,15:00,449,9.354,21.0,False
AAPL,put,Wed-0DTE,market,75.0,13,15:30,121,2.479,24.0,False
AAPL,put,Wed-0DTE,market,100.0,1,14:00,467,21.627,45.0,False
AAPL,put,Wed-0DTE,market,100.0,2,12:00,562,20.996,124.0,False
AAPL,put,Wed-0DTE,market,100.0,3,13:30,481,20.79,68.5,False
AAPL,put,Wed-0DTE,market,100.0,4,12:30,538,18.587,115.0,False
AAPL,put,Wed-0DTE,market,100.0,5,13:00,513,17.739,93.0,False
AAPL,put,Wed-0DTE,market,100.0,6,11:30,623,17.496,174.0,False
AAPL,put,Wed-0DTE,market,100.0,7,11:00,650,16.0,205.0,False
AAPL,put,Wed-0DTE,market,100.0,8,10:30,715,14.545,216.5,False
AAPL,put,Wed-0DTE,market,100.0,9,09:30,710,11.127,70.0,False
AAPL,put,Wed-0DTE,market,100.0,10,10:00,758,10.686,51.0,False
AAPL,put,Wed-0DTE,market,100.0,11,14:30,470,10.638,38.0,False
AAPL,put,Wed-0DTE,market,100.0,12,15:00,449,6.459,22.0,False
AAPL,put,Wed-0DTE,market,100.0,13,15:30,121,1.653,25.0,False
AAPL,call,Mon-0DTE,mid,30.0,1,13:00,465,51.613,28.0,False
AAPL,call,Mon-0DTE,mid,30.0,2,09:30,637,51.491,21.0,False
AAPL,call,Mon-0DTE,mid,30.0,3,12:30,481,51.143,36.5,False
AAPL,call,Mon-0DTE,mid,30.0,4,10:00,678,50.295,16.0,False
AAPL,call,Mon-0DTE,mid,30.0,5,13:30,448,47.768,28.0,False
AAPL,call,Mon-0DTE,mid,30.0,6,11:00,555,47.207,28.0,False
AAPL,call,Mon-0DTE,mid,30.0,7,10:30,637,46.939,26.0,False
AAPL,call,Mon-0DTE,mid,30.0,8,12:00,499,42.886,44.5,False
AAPL,call,Mon-0DTE,mid,30.0,9,14:30,407,42.752,25.5,False
AAPL,call,Mon-0DTE,mid,30.0,10,14:00,457,42.232,21.0,False
AAPL,call,Mon-0DTE,mid,30.0,11,11:30,546,40.11,51.0,False
AAPL,call,Mon-0DTE,mid,30.0,12,15:00,441,33.107,13.5,False
AAPL,call,Mon-0DTE,mid,30.0,13,15:30,121,23.967,14.0,False
AAPL,call,Mon-0DTE,mid,50.0,1,10:00,678,38.201,25.0,False
AAPL,call,Mon-0DTE,mid,50.0,2,12:30,481,38.046,48.0,False
AAPL,call,Mon-0DTE,mid,50.0,3,09:30,637,37.991,38.0,False
AAPL,call,Mon-0DTE,mid,50.0,4,13:00,465,37.204,33.0,False
AAPL,call,Mon-0DTE,mid,50.0,5,13:30,448,30.804,38.5,False
AAPL,call,Mon-0DTE,mid,50.0,6,10:30,637,30.612,41.0,False
AAPL,call,Mon-0DTE,mid,50.0,7,11:00,555,30.45,38.0,False
AAPL,call,Mon-0DTE,mid,50.0,8,12:00,499,30.261,77.0,False
AAPL,call,Mon-0DTE,mid,50.0,9,14:00,457,30.197,28.0,False
AAPL,call,Mon-0DTE,mid,50.0,10,14:30,407,26.29,31.0,False
AAPL,call,Mon-0DTE,mid,50.0,11,11:30,546,24.542,92.5,False
AAPL,call,Mon-0DTE,mid,50.0,12,15:00,441,20.181,17.0,False
AAPL,call,Mon-0DTE,mid,50.0,13,15:30,121,14.05,13.0,False
AAPL,call,Mon-0DTE,mid,75.0,1,09:30,637,29.984,48.0,False
AAPL,call,Mon-0DTE,mid,75.0,2,13:00,465,29.247,48.0,False
AAPL,call,Mon-0DTE,mid,75.0,3,10:00,678,28.171,34.0,False
AAPL,call,Mon-0DTE,mid,75.0,4,12:30,481,24.74,59.0,False
AAPL,call,Mon-0DTE,mid,75.0,5,14:00,457,22.976,40.0,False
AAPL,call,Mon-0DTE,mid,75.0,6,13:30,448,21.652,44.0,False
AAPL,call,Mon-0DTE,mid,75.0,7,12:00,499,20.441,93.5,False
AAPL,call,Mon-0DTE,mid,75.0,8,14:30,407,20.147,37.0,False
AAPL,call,Mon-0DTE,mid,75.0,9,10:30,637,19.623,55.0,False
AAPL,call,Mon-0DTE,mid,75.0,10,11:00,555,18.018,42.0,False
AAPL,call,Mon-0DTE,mid,75.0,11,11:30,546,16.117,114.0,False
AAPL,call,Mon-0DTE,mid,75.0,12,15:00,441,14.739,19.0,False
AAPL,call,Mon-0DTE,mid,75.0,13,15:30,121,9.091,14.0,False
AAPL,call,Mon-0DTE,mid,100.0,1,09:30,637,23.077,67.0,False
AAPL,call,Mon-0DTE,mid,100.0,2,13:00,465,22.151,51.0,False
AAPL,call,Mon-0DTE,mid,100.0,3,10:00,678,21.829,42.5,False
AAPL,call,Mon-0DTE,mid,100.0,4,13:30,448,18.527,47.0,False
AAPL,call,Mon-0DTE,mid,100.0,5,12:30,481,18.295,71.0,False
AAPL,call,Mon-0DTE,mid,100.0,6,14:30,407,17.936,42.0,False
AAPL,call,Mon-0DTE,mid,100.0,7,14:00,457,17.724,44.0,False
AAPL,call,Mon-0DTE,mid,100.0,8,12:00,499,14.83,89.0,False
AAPL,call,Mon-0DTE,mid,100.0,9,10:30,637,13.815,82.5,False
AAPL,call,Mon-0DTE,mid,100.0,10,11:00,555,12.973,86.5,False
AAPL,call,Mon-0DTE,mid,100.0,11,15:00,441,12.472,19.0,False
AAPL,call,Mon-0DTE,mid,100.0,12,11:30,546,10.989,92.0,False
AAPL,call,Mon-0DTE,mid,100.0,13,15:30,121,7.438,14.0,False
AAPL,call,Mon-0DTE,market,30.0,1,09:30,637,38.932,38.0,False
AAPL,call,Mon-0DTE,market,30.0,2,10:00,678,35.841,26.0,False
AAPL,call,Mon-0DTE,market,30.0,3,13:00,465,34.194,40.0,False
AAPL,call,Mon-0DTE,market,30.0,4,12:30,481,34.096,54.5,False
AAPL,call,Mon-0DTE,market,30.0,5,10:30,637,31.24,52.0,False
AAPL,call,Mon-0DTE,market,30.0,6,11:00,555,31.171,50.0,False
AAPL,call,Mon-0DTE,market,30.0,7,13:30,448,30.357,40.5,False
AAPL,call,Mon-0DTE,market,30.0,8,12:00,499,28.056,79.5,False
AAPL,call,Mon-0DTE,market,30.0,9,14:00,457,27.571,29.0,False
AAPL,call,Mon-0DTE,market,30.0,10,11:30,546,24.359,104.0,False
AAPL,call,Mon-0DTE,market,30.0,11,14:30,407,23.096,31.0,False
AAPL,call,Mon-0DTE,market,30.0,12,15:00,441,19.501,16.0,False
AAPL,call,Mon-0DTE,market,30.0,13,15:30,121,14.05,17.0,False
AAPL,call,Mon-0DTE,market,50.0,1,09:30,637,30.141,50.0,False
AAPL,call,Mon-0DTE,market,50.0,2,10:00,678,27.876,36.0,False
AAPL,call,Mon-0DTE,market,50.0,3,13:00,465,26.452,51.0,False
AAPL,call,Mon-0DTE,market,50.0,4,12:30,481,25.364,65.5,False
AAPL,call,Mon-0DTE,market,50.0,5,10:30,637,21.664,61.5,False
AAPL,call,Mon-0DTE,market,50.0,6,12:00,499,21.443,87.0,False
AAPL,call,Mon-0DTE,market,50.0,7,13:30,448,21.205,54.0,False
AAPL,call,Mon-0DTE,market,50.0,8,11:00,555,21.081,102.0,False
AAPL,call,Mon-0DTE,market,50.0,9,14:00,457,20.788,44.0,False
AAPL,call,Mon-0DTE,market,50.0,10,11:30,546,17.582,115.0,False
AAPL,call,Mon-0DTE,market,50.0,11,14:30,407,17.199,37.0,False
AAPL,call,Mon-0DTE,market,50.0,12,15:00,441,13.379,21.0,False
AAPL,call,Mon-0DTE,market,50.0,13,15:30,121,8.264,17.5,False
AAPL,call,Mon-0DTE,market,75.0,1,09:30,637,23.862,70.0,False
AAPL,call,Mon-0DTE,market,75.0,2,10:00,678,21.239,55.0,False
AAPL,call,Mon-0DTE,market,75.0,3,13:00,465,20.0,58.0,False
AAPL,call,Mon-0DTE,market,75.0,4,12:30,481,18.295,72.0,False
AAPL,call,Mon-0DTE,market,75.0,5,13:30,448,14.955,68.0,False
AAPL,call,Mon-0DTE,market,75.0,6,12:00,499,14.228,94.0,False
AAPL,call,Mon-0DTE,market,75.0,7,14:00,457,14.223,57.0,False
AAPL,call,Mon-0DTE,market,75.0,8,14:30,407,14.005,42.0,False
AAPL,call,Mon-0DTE,market,75.0,9,10:30,637,13.501,131.5,False
AAPL,call,Mon-0DTE,market,75.0,10,11:30,546,11.905,120.0,False
AAPL,call,Mon-0DTE,market,75.0,11,11:00,555,11.171,132.5,False
AAPL,call,Mon-0DTE,market,75.0,12,15:00,441,10.204,22.0,False
AAPL,call,Mon-0DTE,market,75.0,13,15:30,121,4.959,20.0,False
AAPL,call,Mon-0DTE,market,100.0,1,09:30,637,18.367,88.0,False
AAPL,call,Mon-0DTE,market,100.0,2,13:00,465,16.344,64.0,False
AAPL,call,Mon-0DTE,market,100.0,3,10:00,678,16.077,73.0,False
AAPL,call,Mon-0DTE,market,100.0,4,12:30,481,13.098,131.0,False
AAPL,call,Mon-0DTE,market,100.0,5,14:30,407,10.811,43.0,False
AAPL,call,Mon-0DTE,market,100.0,6,14:00,457,10.503,61.5,False
AAPL,call,Mon-0DTE,market,100.0,7,13:30,448,10.491,83.0,False
AAPL,call,Mon-0DTE,market,100.0,8,12:00,499,10.22,84.0,False
AAPL,call,Mon-0DTE,market,100.0,9,10:30,637,9.89,178.0,False
AAPL,call,Mon-0DTE,market,100.0,10,11:00,555,8.468,126.0,False
AAPL,call,Mon-0DTE,market,100.0,11,11:30,546,7.875,191.0,False
AAPL,call,Mon-0DTE,market,100.0,12,15:00,441,7.256,23.0,False
AAPL,call,Mon-0DTE,market,100.0,13,15:30,121,1.653,11.0,False
AAPL,put,Mon-0DTE,mid,30.0,1,11:30,526,62.928,33.0,False
AAPL,put,Mon-0DTE,mid,30.0,2,10:30,619,58.158,27.0,False
AAPL,put,Mon-0DTE,mid,30.0,3,12:00,479,58.038,23.0,False
AAPL,put,Mon-0DTE,mid,30.0,4,11:00,576,57.812,29.0,False
AAPL,put,Mon-0DTE,mid,30.0,5,10:00,636,54.717,20.0,False
AAPL,put,Mon-0DTE,mid,30.0,6,13:30,429,53.38,13.0,False
AAPL,put,Mon-0DTE,mid,30.0,7,12:30,461,51.41,23.0,False
AAPL,put,Mon-0DTE,mid,30.0,8,13:00,459,50.763,28.0,False
AAPL,put,Mon-0DTE,mid,30.0,9,14:00,402,50.746,15.5,False
AAPL,put,Mon-0DTE,mid,30.0,10,14:30,378,49.735,27.0,False
AAPL,put,Mon-0DTE,mid,30.0,11,15:00,367,46.322,13.0,False
AAPL,put,Mon-0DTE,mid,30.0,12,09:30,617,41.653,17.0,False
AAPL,put,Mon-0DTE,mid,30.0,13,15:30,108,24.074,13.5,False
AAPL,put,Mon-0DTE,mid,50.0,1,11:30,526,49.43,47.0,False
AAPL,put,Mon-0DTE,mid,50.0,2,10:30,619,45.073,36.0,False
AAPL,put,Mon-0DTE,mid,50.0,3,11:00,576,42.708,62.0,False
AAPL,put,Mon-0DTE,mid,50.0,4,10:00,636,42.296,34.0,False
AAPL,put,Mon-0DTE,mid,50.0,5,12:00,479,42.171,38.0,False
AAPL,put,Mon-0DTE,mid,50.0,6,12:30,461,40.781,32.5,False
AAPL,put,Mon-0DTE,mid,50.0,7,13:30,429,39.394,18.0,False
AAPL,put,Mon-0DTE,mid,50.0,8,14:00,402,36.07,29.0,False
AAPL,put,Mon-0DTE,mid,50.0,9,13:00,459,34.423,33.5,False
AAPL,put,Mon-0DTE,mid,50.0,10,15:00,367,33.243,16.0,False
AAPL,put,Mon-0DTE,mid,50.0,11,09:30,617,32.739,35.0,False
AAPL,put,Mon-0DTE,mid,50.0,12,14:30,378,32.011,27.0,False
AAPL,put,Mon-0DTE,mid,50.0,13,15:30,108,15.741,11.0,False
AAPL,put,Mon-0DTE,mid,75.0,1,11:30,526,39.544,59.5,False
AAPL,put,Mon-0DTE,mid,75.0,2,10:30,619,36.026,64.0,False
AAPL,put,Mon-0DTE,mid,75.0,3,10:00,636,33.962,43.5,False
AAPL,put,Mon-0DTE,mid,75.0,4,12:00,479,32.985,54.5,False
AAPL,put,Mon-0DTE,mid,75.0,5,12:30,461,32.538,55.0,False
AAPL,put,Mon-0DTE,mid,75.0,6,11:00,576,32.292,93.0,False
AAPL,put,Mon-0DTE,mid,75.0,7,13:30,429,31.002,18.0,False
AAPL,put,Mon-0DTE,mid,75.0,8,14:00,402,28.109,33.0,False
AAPL,put,Mon-0DTE,mid,75.0,9,13:00,459,27.233,40.0,False
AAPL,put,Mon-0DTE,mid,75.0,10,09:30,617,25.608,63.0,False
AAPL,put,Mon-0DTE,mid,75.0,11,15:00,367,23.978,17.0,False
AAPL,put,Mon-0DTE,mid,75.0,12,14:30,378,22.222,33.5,False
AAPL,put,Mon-0DTE,mid,75.0,13,15:30,108,8.333,18.0,False
AAPL,put,Mon-0DTE,mid,100.0,1,11:30,526,32.89,71.0,False
AAPL,put,Mon-0DTE,mid,100.0,2,10:30,619,29.725,93.5,False
AAPL,put,Mon-0DTE,mid,100.0,3,10:00,636,27.987,46.0,False
AAPL,put,Mon-0DTE,mid,100.0,4,12:00,479,27.975,75.5,False
AAPL,put,Mon-0DTE,mid,100.0,5,12:30,461,27.549,70.0,False
AAPL,put,Mon-0DTE,mid,100.0,6,13:30,429,26.807,21.0,False
AAPL,put,Mon-0DTE,mid,100.0,7,11:00,576,26.389,101.5,False
AAPL,put,Mon-0DTE,mid,100.0,8,13:00,459,22.658,48.0,False
AAPL,put,Mon-0DTE,mid,100.0,9,14:00,402,22.637,46.0,False
AAPL,put,Mon-0DTE,mid,100.0,10,09:30,617,21.07,96.5,False
AAPL,put,Mon-0DTE,mid,100.0,11,15:00,367,19.346,18.0,False
AAPL,put,Mon-0DTE,mid,100.0,12,14:30,378,18.254,36.0,False
AAPL,put,Mon-0DTE,mid,100.0,13,15:30,108,5.556,11.5,False
AAPL,put,Mon-0DTE,market,30.0,1,11:30,526,46.198,58.0,False
AAPL,put,Mon-0DTE,market,30.0,2,10:30,619,42.811,84.0,False
AAPL,put,Mon-0DTE,market,30.0,3,12:00,479,40.084,44.0,False
AAPL,put,Mon-0DTE,market,30.0,4,11:00,576,39.757,75.0,False
AAPL,put,Mon-0DTE,market,30.0,5,12:30,461,37.744,47.0,False
AAPL,put,Mon-0DTE,market,30.0,6,10:00,636,37.421,36.0,False
AAPL,put,Mon-0DTE,market,30.0,7,13:30,429,35.431,19.0,False
AAPL,put,Mon-0DTE,market,30.0,8,14:00,402,32.587,30.0,False
AAPL,put,Mon-0DTE,market,30.0,9,13:00,459,30.719,39.0,False
AAPL,put,Mon-0DTE,market,30.0,10,15:00,367,29.973,23.0,False
AAPL,put,Mon-0DTE,market,30.0,11,09:30,617,28.849,34.5,False
AAPL,put,Mon-0DTE,market,30.0,12,14:30,378,28.307,42.0,False
AAPL,put,Mon-0DTE,market,30.0,13,15:30,108,14.815,19.5,False
AAPL,put,Mon-0DTE,market,50.0,1,11:30,526,36.122,77.5,False
AAPL,put,Mon-0DTE,market,50.0,2,10:30,619,32.633,112.0,False
AAPL,put,Mon-0DTE,market,50.0,3,11:00,576,31.25,100.0,False
AAPL,put,Mon-0DTE,market,50.0,4,12:30,461,31.02,62.0,False
AAPL,put,Mon-0DTE,market,50.0,5,12:00,479,30.898,63.0,False
AAPL,put,Mon-0DTE,market,50.0,6,13:30,429,29.138,22.0,False
AAPL,put,Mon-0DTE,market,50.0,7,10:00,636,28.774,44.0,False
AAPL,put,Mon-0DTE,market,50.0,8,14:00,402,25.871,45.0,False
AAPL,put,Mon-0DTE,market,50.0,9,13:00,459,25.272,44.5,False
AAPL,put,Mon-0DTE,market,50.0,10,09:30,617,23.501,59.0,False
AAPL,put,Mon-0DTE,market,50.0,11,15:00,367,19.891,24.0,False
AAPL,put,Mon-0DTE,market,50.0,12,14:30,378,17.196,44.0,False
AAPL,put,Mon-0DTE,market,50.0,13,15:30,108,9.259,22.0,False
AAPL,put,Mon-0DTE,market,75.0,1,11:30,526,29.278,107.0,False
AAPL,put,Mon-0DTE,market,75.0,2,12:30,461,26.03,73.0,False
AAPL,put,Mon-0DTE,market,75.0,3,12:00,479,25.261,91.0,False
AAPL,put,Mon-0DTE,market,75.0,4,10:30,619,24.394,135.0,False
AAPL,put,Mon-0DTE,market,75.0,5,13:30,429,23.31,23.0,False
AAPL,put,Mon-0DTE,market,75.0,6,10:00,636,23.113,64.0,False
AAPL,put,Mon-0DTE,market,75.0,7,11:00,576,22.743,122.0,False
AAPL,put,Mon-0DTE,market,75.0,8,13:00,459,21.351,51.0,False
AAPL,put,Mon-0DTE,market,75.0,9,09:30,617,19.611,111.0,False
AAPL,put,Mon-0DTE,market,75.0,10,14:00,402,17.662,56.0,False
AAPL,put,Mon-0DTE,market,75.0,11,15:00,367,14.714,26.0,False
AAPL,put,Mon-0DTE,market,75.0,12,14:30,378,12.434,46.0,False
AAPL,put,Mon-0DTE,market,75.0,13,15:30,108,5.556,22.0,False
AAPL,put,Mon-0DTE,market,100.0,1,11:30,526,23.194,111.5,False
AAPL,put,Mon-0DTE,market,100.0,2,12:30,461,21.692,79.0,False
AAPL,put,Mon-0DTE,market,100.0,3,12:00,479,21.294,99.5,False
AAPL,put,Mon-0DTE,market,100.0,4,13:30,429,20.746,28.0,False
AAPL,put,Mon-0DTE,market,100.0,5,13:00,459,19.172,61.0,False
AAPL,put,Mon-0DTE,market,100.0,6,10:30,619,18.74,160.0,False
AAPL,put,Mon-0DTE,market,100.0,7,11:00,576,18.056,146.5,False
AAPL,put,Mon-0DTE,market,100.0,8,10:00,636,17.925,112.5,False
AAPL,put,Mon-0DTE,market,100.0,9,09:30,617,16.045,164.0,False
AAPL,put,Mon-0DTE,market,100.0,10,14:00,402,14.925,72.0,False
AAPL,put,Mon-0DTE,market,100.0,11,15:00,367,11.172,26.0,False
AAPL,put,Mon-0DTE,market,100.0,12,14:30,378,10.582,45.5,False
AAPL,put,Mon-0DTE,market,100.0,13,15:30,108,3.704,17.5,False
MSFT,call,Fri-0DTE,mid,30.0,1,10:30,3460,58.035,21.0,False
MSFT,call,Fri-0DTE,mid,30.0,2,11:00,3208,54.239,28.0,False
MSFT,call,Fri-0DTE,mid,30.0,3,11:30,2948,52.035,27.0,False
MSFT,call,Fri-0DTE,mid,30.0,4,10:00,3827,51.607,20.0,False
MSFT,call,Fri-0DTE,mid,30.0,5,12:00,2729,50.934,32.0,False
MSFT,call,Fri-0DTE,mid,30.0,6,09:30,3481,50.302,15.0,False
MSFT,call,Fri-0DTE,mid,30.0,7,12:30,2530,50.079,27.0,False
MSFT,call,Fri-0DTE,mid,30.0,8,13:00,2350,48.128,23.0,False
MSFT,call,Fri-0DTE,mid,30.0,9,13:30,2354,44.52,19.0,False
MSFT,call,Fri-0DTE,mid,30.0,10,14:00,2292,40.707,21.0,False
MSFT,call,Fri-0DTE,mid,30.0,11,14:30,2255,37.65,23.0,False
MSFT,call,Fri-0DTE,mid,30.0,12,15:00,2419,34.022,18.0,False
MSFT,call,Fri-0DTE,mid,30.0,13,15:30,583,27.616,17.0,False
MSFT,call,Fri-0DTE,mid,50.0,1,10:30,3460,43.671,42.0,False
MSFT,call,Fri-0DTE,mid,50.0,2,10:00,3827,40.057,36.0,False
MSFT,call,Fri-0DTE,mid,50.0,3,11:00,3208,40.025,45.0,False
MSFT,call,Fri-0DTE,mid,50.0,4,09:30,3481,38.38,30.0,False
MSFT,call,Fri-0DTE,mid,50.0,5,12:30,2530,38.3,48.0,False
MSFT,call,Fri-0DTE,mid,50.0,6,11:30,2948,37.415,44.0,False
MSFT,call,Fri-0DTE,mid,50.0,7,12:00,2729,36.277,58.0,False
MSFT,call,Fri-0DTE,mid,50.0,8,13:00,2350,35.277,31.0,False
MSFT,call,Fri-0DTE,mid,50.0,9,13:30,2354,31.691,33.0,False
MSFT,call,Fri-0DTE,mid,50.0,10,14:00,2292,27.967,32.0,False
MSFT,call,Fri-0DTE,mid,50.0,11,14:30,2255,26.874,35.0,False
MSFT,call,Fri-0DTE,mid,50.0,12,15:00,2419,23.811,25.0,False
MSFT,call,Fri-0DTE,mid,50.0,13,15:30,583,18.868,18.5,False
MSFT,call,Fri-0DTE,mid,75.0,1,10:30,3460,32.63,56.0,False
MSFT,call,Fri-0DTE,mid,75.0,2,10:00,3827,30.311,53.0,False
MSFT,call,Fri-0DTE,mid,75.0,3,11:00,3208,30.143,65.0,False
MSFT,call,Fri-0DTE,mid,75.0,4,12:30,2530,29.644,65.0,False
MSFT,call,Fri-0DTE,mid,75.0,5,09:30,3481,28.354,47.0,False
MSFT,call,Fri-0DTE,mid,75.0,6,11:30,2948,27.714,70.0,False
MSFT,call,Fri-0DTE,mid,75.0,7,12:00,2729,27.373,80.0,False
MSFT,call,Fri-0DTE,mid,75.0,8,13:00,2350,27.064,41.0,False
MSFT,call,Fri-0DTE,mid,75.0,9,13:30,2354,23.577,49.0,False
MSFT,call,Fri-0DTE,mid,75.0,10,14:00,2292,20.724,52.0,False
MSFT,call,Fri-0DTE,mid,75.0,11,14:30,2255,19.557,48.0,False
MSFT,call,Fri-0DTE,mid,75.0,12,15:00,2419,16.908,29.0,False
MSFT,call,Fri-0DTE,mid,75.0,13,15:30,583,12.864,20.0,False
MSFT,call,Fri-0DTE,mid,100.0,1,10:30,3460,25.925,71.0,False
MSFT,call,Fri-0DTE,mid,100.0,2,11:00,3208,24.377,87.0,False
MSFT,call,Fri-0DTE,mid,100.0,3,10:00,3827,23.36,63.0,False
MSFT,call,Fri-0DTE,mid,100.0,4,12:30,2530,23.32,78.0,False
MSFT,call,Fri-0DTE,mid,100.0,5,12:00,2729,22.096,92.0,False
MSFT,call,Fri-0DTE,mid,100.0,6,11:30,2948,21.981,79.0,False
MSFT,call,Fri-0DTE,mid,100.0,7,09:30,3481,21.747,61.0,False
MSFT,call,Fri-0DTE,mid,100.0,8,13:00,2350,21.617,50.0,False
MSFT,call,Fri-0DTE,mid,100.0,9,13:30,2354,18.649,62.0,False
MSFT,call,Fri-0DTE,mid,100.0,10,14:00,2292,16.492,65.0,False
MSFT,call,Fri-0DTE,mid,100.0,11,14:30,2255,15.432,55.0,False
MSFT,call,Fri-0DTE,mid,100.0,12,15:00,2419,13.27,30.0,False
MSFT,call,Fri-0DTE,mid,100.0,13,15:30,583,10.292,20.0,False
MSFT,call,Fri-0DTE,market,30.0,1,10:30,3460,42.775,39.0,False
MSFT,call,Fri-0DTE,market,30.0,2,10:00,3827,39.143,35.5,False
MSFT,call,Fri-0DTE,market,30.0,3,09:30,3481,38.638,25.0,False
MSFT,call,Fri-0DTE,market,30.0,4,11:00,3208,38.529,45.0,False
MSFT,call,Fri-0DTE,market,30.0,5,11:30,2948,36.058,44.0,False
MSFT,call,Fri-0DTE,market,30.0,6,12:30,2530,35.81,52.0,False
MSFT,call,Fri-0DTE,market,30.0,7,12:00,2729,35.508,66.0,False
MSFT,call,Fri-0DTE,market,30.0,8,13:00,2350,34.34,36.0,False
MSFT,call,Fri-0DTE,market,30.0,9,13:30,2354,29.949,45.0,False
MSFT,call,Fri-0DTE,market,30.0,10,14:00,2292,27.094,45.0,False
MSFT,call,Fri-0DTE,market,30.0,11,14:30,2255,24.789,41.0,False
MSFT,call,Fri-0DTE,market,30.0,12,15:00,2419,21.993,28.0,False
MSFT,call,Fri-0DTE,market,30.0,13,15:30,583,17.496,20.0,False
MSFT,call,Fri-0DTE,market,50.0,1,10:30,3460,33.324,58.0,False
MSFT,call,Fri-0DTE,market,50.0,2,10:00,3827,30.912,56.0,False
MSFT,call,Fri-0DTE,market,50.0,3,09:30,3481,29.503,48.0,False
MSFT,call,Fri-0DTE,market,50.0,4,11:00,3208,29.364,67.5,False
MSFT,call,Fri-0DTE,market,50.0,5,12:30,2530,28.972,69.0,False
MSFT,call,Fri-0DTE,market,50.0,6,12:00,2729,27.153,85.0,False
MSFT,call,Fri-0DTE,market,50.0,7,11:30,2948,27.069,72.0,False
MSFT,call,Fri-0DTE,market,50.0,8,13:00,2350,26.34,43.0,False
MSFT,call,Fri-0DTE,market,50.0,9,13:30,2354,22.09,63.0,False
MSFT,call,Fri-0DTE,market,50.0,10,14:00,2292,19.372,63.0,False
MSFT,call,Fri-0DTE,market,50.0,11,14:30,2255,19.113,54.0,False
MSFT,call,Fri-0DTE,market,50.0,12,15:00,2419,16.866,30.0,False
MSFT,call,Fri-0DTE,market,50.0,13,15:30,583,11.664,20.0,False
MSFT,call,Fri-0DTE,market,75.0,1,10:30,3460,25.347,74.0,False
MSFT,call,Fri-0DTE,market,75.0,2,10:00,3827,23.674,79.0,False
MSFT,call,Fri-0DTE,market,75.0,3,11:00,3208,22.039,85.0,False
MSFT,call,Fri-0DTE,market,75.0,4,09:30,3481,22.034,66.0,False
MSFT,call,Fri-0DTE,market,75.0,5,12:30,2530,21.383,87.0,False
MSFT,call,Fri-0DTE,market,75.0,6,13:00,2350,20.255,63.0,False
MSFT,call,Fri-0DTE,market,75.0,7,12:00,2729,20.227,97.5,False
MSFT,call,Fri-0DTE,market,75.0,8,11:30,2948,20.081,89.5,False
MSFT,call,Fri-0DTE,market,75.0,9,13:30,2354,16.44,88.0,False
MSFT,call,Fri-0DTE,market,75.0,10,14:00,2292,14.921,77.0,False
MSFT,call,Fri-0DTE,market,75.0,11,14:30,2255,13.614,58.0,False
MSFT,call,Fri-0DTE,market,75.0,12,15:00,2419,12.402,34.0,False
MSFT,call,Fri-0DTE,market,75.0,13,15:30,583,9.091,20.0,False
MSFT,call,Fri-0DTE,market,100.0,1,10:30,3460,19.595,95.0,False
MSFT,call,Fri-0DTE,market,100.0,2,10:00,3827,18.291,85.5,False
MSFT,call,Fri-0DTE,market,100.0,3,09:30,3481,17.61,72.0,False
MSFT,call,Fri-0DTE,market,100.0,4,12:30,2530,17.589,115.0,False
MSFT,call,Fri-0DTE,market,100.0,5,11:00,3208,17.332,108.5,False
MSFT,call,Fri-0DTE,market,100.0,6,13:00,2350,16.681,75.5,False
MSFT,call,Fri-0DTE,market,100.0,7,12:00,2729,15.977,110.0,False
MSFT,call,Fri-0DTE,market,100.0,8,11:30,2948,15.672,96.0,False
MSFT,call,Fri-0DTE,market,100.0,9,13:30,2354,12.617,102.0,False
MSFT,call,Fri-0DTE,market,100.0,10,14:00,2292,11.867,85.0,False
MSFT,call,Fri-0DTE,market,100.0,11,14:30,2255,10.466,60.0,False
MSFT,call,Fri-0DTE,market,100.0,12,15:00,2419,9.839,35.0,False
MSFT,call,Fri-0DTE,market,100.0,13,15:30,583,7.204,20.0,False
MSFT,put,Fri-0DTE,mid,30.0,1,09:30,3185,63.799,12.5,False
MSFT,put,Fri-0DTE,mid,30.0,2,10:00,3373,61.548,15.5,False
MSFT,put,Fri-0DTE,mid,30.0,3,11:00,2746,60.561,25.0,False
MSFT,put,Fri-0DTE,mid,30.0,4,10:30,2971,59.273,18.0,False
MSFT,put,Fri-0DTE,mid,30.0,5,11:30,2414,58.741,22.0,False
MSFT,put,Fri-0DTE,mid,30.0,6,12:30,2017,55.082,26.0,False
MSFT,put,Fri-0DTE,mid,30.0,7,13:00,1955,54.118,23.0,False
MSFT,put,Fri-0DTE,mid,30.0,8,13:30,2027,53.774,25.0,False
MSFT,put,Fri-0DTE,mid,30.0,9,12:00,2240,53.17,28.0,False
MSFT,put,Fri-0DTE,mid,30.0,10,14:00,1875,49.28,23.0,False
MSFT,put,Fri-0DTE,mid,30.0,11,14:30,1948,44.507,16.0,False
MSFT,put,Fri-0DTE,mid,30.0,12,15:00,2147,39.823,16.0,False
MSFT,put,Fri-0DTE,mid,30.0,13,15:30,533,34.897,10.0,False
MSFT,put,Fri-0DTE,mid,50.0,1,09:30,3185,51.648,21.0,False
MSFT,put,Fri-0DTE,mid,50.0,2,10:00,3373,47.465,26.0,False
MSFT,put,Fri-0DTE,mid,50.0,3,11:00,2746,46.941,38.0,False
MSFT,put,Fri-0DTE,mid,50.0,4,10:30,2971,46.314,28.5,False
MSFT,put,Fri-0DTE,mid,50.0,5,11:30,2414,45.609,34.0,False
MSFT,put,Fri-0DTE,mid,50.0,6,12:30,2017,42.241,42.0,False
MSFT,put,Fri-0DTE,mid,50.0,7,13:00,1955,41.432,35.0,False
MSFT,put,Fri-0DTE,mid,50.0,8,13:30,2027,41.342,37.0,False
MSFT,put,Fri-0DTE,mid,50.0,9,12:00,2240,40.714,45.0,False
MSFT,put,Fri-0DTE,mid,50.0,10,14:00,1875,38.293,36.0,False
MSFT,put,Fri-0DTE,mid,50.0,11,14:30,1948,31.982,22.0,False
MSFT,put,Fri-0DTE,mid,50.0,12,15:00,2147,28.412,20.5,False
MSFT,put,Fri-0DTE,mid,50.0,13,15:30,533,23.827,11.0,False
MSFT,put,Fri-0DTE,mid,75.0,1,09:30,3185,40.502,31.0,False
MSFT,put,Fri-0DTE,mid,75.0,2,10:00,3373,37.267,37.0,False
MSFT,put,Fri-0DTE,mid,75.0,3,11:00,2746,36.089,49.0,False
MSFT,put,Fri-0DTE,mid,75.0,4,11:30,2414,34.963,48.0,False
MSFT,put,Fri-0DTE,mid,75.0,5,10:30,2971,34.399,44.0,False
MSFT,put,Fri-0DTE,mid,75.0,6,12:30,2017,32.623,50.0,False
MSFT,put,Fri-0DTE,mid,75.0,7,12:00,2240,31.92,59.0,False
MSFT,put,Fri-0DTE,mid,75.0,8,13:30,2027,31.771,46.5,False
MSFT,put,Fri-0DTE,mid,75.0,9,13:00,1955,31.611,45.5,False
MSFT,put,Fri-0DTE,mid,75.0,10,14:00,1875,30.08,42.0,False
MSFT,put,Fri-0DTE,mid,75.0,11,14:30,1948,24.435,33.0,False
MSFT,put,Fri-0DTE,mid,75.0,12,15:00,2147,20.913,23.0,False
MSFT,put,Fri-0DTE,mid,75.0,13,15:30,533,16.886,13.0,False
MSFT,put,Fri-0DTE,mid,100.0,1,09:30,3185,32.653,38.0,False
MSFT,put,Fri-0DTE,mid,100.0,2,10:00,3373,30.537,47.0,False
MSFT,put,Fri-0DTE,mid,100.0,3,11:30,2414,28.708,62.0,False
MSFT,put,Fri-0DTE,mid,100.0,4,11:00,2746,28.478,63.0,False
MSFT,put,Fri-0DTE,mid,100.0,5,10:30,2971,27.499,62.0,False
MSFT,put,Fri-0DTE,mid,100.0,6,12:30,2017,26.525,63.0,False
MSFT,put,Fri-0DTE,mid,100.0,7,12:00,2240,25.804,65.5,False
MSFT,put,Fri-0DTE,mid,100.0,8,13:00,1955,25.678,56.5,False
MSFT,put,Fri-0DTE,mid,100.0,9,13:30,2027,25.308,56.0,False
MSFT,put,Fri-0DTE,mid,100.0,10,14:00,1875,24.267,47.0,False
MSFT,put,Fri-0DTE,mid,100.0,11,14:30,1948,19.815,37.5,False
MSFT,put,Fri-0DTE,mid,100.0,12,15:00,2147,16.628,26.0,False
MSFT,put,Fri-0DTE,mid,100.0,13,15:30,533,13.133,16.0,False
MSFT,put,Fri-0DTE,market,30.0,1,09:30,3185,51.837,20.0,False
MSFT,put,Fri-0DTE,market,30.0,2,10:00,3373,47.05,26.0,False
MSFT,put,Fri-0DTE,market,30.0,3,11:00,2746,45.521,43.0,False
MSFT,put,Fri-0DTE,market,30.0,4,10:30,2971,45.305,29.0,False
MSFT,put,Fri-0DTE,market,30.0,5,11:30,2414,42.129,36.0,False
MSFT,put,Fri-0DTE,market,30.0,6,12:30,2017,40.407,47.0,False
MSFT,put,Fri-0DTE,market,30.0,7,13:00,1955,39.795,41.0,False
MSFT,put,Fri-0DTE,market,30.0,8,12:00,2240,39.375,50.0,False
MSFT,put,Fri-0DTE,market,30.0,9,13:30,2027,37.741,42.0,False
MSFT,put,Fri-0DTE,market,30.0,10,14:00,1875,34.56,38.5,False
MSFT,put,Fri-0DTE,market,30.0,11,14:30,1948,29.517,30.0,False
MSFT,put,Fri-0DTE,market,30.0,12,15:00,2147,25.664,23.0,False
MSFT,put,Fri-0DTE,market,30.0,13,15:30,533,21.764,18.0,False
MSFT,put,Fri-0DTE,market,50.0,1,09:30,3185,41.821,32.0,False
MSFT,put,Fri-0DTE,market,50.0,2,10:00,3373,37.296,35.0,False
MSFT,put,Fri-0DTE,market,50.0,3,10:30,2971,35.476,48.5,False
MSFT,put,Fri-0DTE,market,50.0,4,11:00,2746,34.887,57.5,False
MSFT,put,Fri-0DTE,market,50.0,5,11:30,2414,33.43,52.0,False
MSFT,put,Fri-0DTE,market,50.0,6,12:30,2017,31.235,58.0,False
MSFT,put,Fri-0DTE,market,50.0,7,13:00,1955,30.486,55.0,False
MSFT,put,Fri-0DTE,market,50.0,8,12:00,2240,30.089,62.0,False
MSFT,put,Fri-0DTE,market,50.0,9,13:30,2027,29.65,53.0,False
MSFT,put,Fri-0DTE,market,50.0,10,14:00,1875,28.16,47.0,False
MSFT,put,Fri-0DTE,market,50.0,11,14:30,1948,22.331,39.0,False
MSFT,put,Fri-0DTE,market,50.0,12,15:00,2147,18.258,27.0,False
MSFT,put,Fri-0DTE,market,50.0,13,15:30,533,13.321,19.0,False
MSFT,put,Fri-0DTE,market,75.0,1,09:30,3185,32.716,42.5,False
MSFT,put,Fri-0DTE,market,75.0,2,10:00,3373,29.558,48.0,False
MSFT,put,Fri-0DTE,market,75.0,3,10:30,2971,26.961,73.0,False
MSFT,put,Fri-0DTE,market,75.0,4,11:00,2746,26.438,78.0,False
MSFT,put,Fri-0DTE,market,75.0,5,11:30,2414,25.601,74.0,False
MSFT,put,Fri-0DTE,market,75.0,6,12:00,2240,23.839,79.0,False
MSFT,put,Fri-0DTE,market,75.0,7,12:30,2017,23.748,75.0,False
MSFT,put,Fri-0DTE,market,75.0,8,13:00,1955,23.069,68.0,False
MSFT,put,Fri-0DTE,market,75.0,9,14:00,1875,22.4,61.0,False
MSFT,put,Fri-0DTE,market,75.0,10,13:30,2027,21.806,69.0,False
MSFT,put,Fri-0DTE,market,75.0,11,14:30,1948,16.992,48.0,False
MSFT,put,Fri-0DTE,market,75.0,12,15:00,2147,13.274,30.0,False
MSFT,put,Fri-0DTE,market,75.0,13,15:30,533,9.006,20.0,False
MSFT,put,Fri-0DTE,market,100.0,1,09:30,3185,25.871,52.0,False
MSFT,put,Fri-0DTE,market,100.0,2,10:00,3373,24.222,60.0,False
MSFT,put,Fri-0DTE,market,100.0,3,10:30,2971,21.138,97.5,False
MSFT,put,Fri-0DTE,market,100.0,4,11:30,2414,20.547,96.5,False
MSFT,put,Fri-0DTE,market,100.0,5,12:00,2240,19.688,90.0,False
MSFT,put,Fri-0DTE,market,100.0,6,11:00,2746,19.446,98.0,False
MSFT,put,Fri-0DTE,market,100.0,7,12:30,2017,19.286,86.0,False
MSFT,put,Fri-0DTE,market,100.0,8,13:00,1955,18.056,76.0,False
MSFT,put,Fri-0DTE,market,100.0,9,14:00,1875,17.547,68.0,False
MSFT,put,Fri-0DTE,market,100.0,10,13:30,2027,17.464,82.5,False
MSFT,put,Fri-0DTE,market,100.0,11,14:30,1948,13.398,53.0,False
MSFT,put,Fri-0DTE,market,100.0,12,15:00,2147,9.735,31.0,False
MSFT,put,Fri-0DTE,market,100.0,13,15:30,533,6.942,21.0,False
MSFT,call,Wed-0DTE,mid,30.0,1,09:30,824,57.888,9.0,False
MSFT,call,Wed-0DTE,mid,30.0,2,11:30,709,54.161,25.5,False
MSFT,call,Wed-0DTE,mid,30.0,3,10:00,870,53.103,12.0,False
MSFT,call,Wed-0DTE,mid,30.0,4,12:30,626,52.396,28.0,False
MSFT,call,Wed-0DTE,mid,30.0,5,12:00,684,50.585,22.0,False
MSFT,call,Wed-0DTE,mid,30.0,6,13:00,619,50.565,26.0,False
MSFT,call,Wed-0DTE,mid,30.0,7,11:00,766,49.869,25.5,False
MSFT,call,Wed-0DTE,mid,30.0,8,10:30,808,48.762,16.0,False
MSFT,call,Wed-0DTE,mid,30.0,9,13:30,600,47.833,20.0,False
MSFT,call,Wed-0DTE,mid,30.0,10,14:00,607,36.903,23.0,False
MSFT,call,Wed-0DTE,mid,30.0,11,15:00,561,33.512,11.5,False
MSFT,call,Wed-0DTE,mid,30.0,12,14:30,583,30.532,20.0,False
MSFT,call,Wed-0DTE,mid,30.0,13,15:30,145,22.759,12.0,False
MSFT,call,Wed-0DTE,mid,50.0,1,09:30,824,50.243,18.0,False
MSFT,call,Wed-0DTE,mid,50.0,2,10:00,870,40.805,24.0,False
MSFT,call,Wed-0DTE,mid,50.0,3,12:00,684,35.965,35.0,False
MSFT,call,Wed-0DTE,mid,50.0,4,11:30,709,35.825,36.0,False
MSFT,call,Wed-0DTE,mid,50.0,5,13:00,619,35.38,35.0,False
MSFT,call,Wed-0DTE,mid,50.0,6,11:00,766,34.465,41.0,False
MSFT,call,Wed-0DTE,mid,50.0,7,12:30,626,34.185,40.0,False
MSFT,call,Wed-0DTE,mid,50.0,8,10:30,808,34.035,25.0,False
MSFT,call,Wed-0DTE,mid,50.0,9,13:30,600,31.0,30.0,False
MSFT,call,Wed-0DTE,mid,50.0,10,14:00,607,22.9,28.0,False
MSFT,call,Wed-0DTE,mid,50.0,11,15:00,561,20.856,16.0,False
MSFT,call,Wed-0DTE,mid,50.0,12,14:30,583,18.01,31.0,False
MSFT,call,Wed-0DTE,mid,50.0,13,15:30,145,15.172,11.5,False
MSFT,call,Wed-0DTE,mid,75.0,1,09:30,824,43.204,32.0,False
MSFT,call,Wed-0DTE,mid,75.0,2,10:00,870,32.414,37.0,False
MSFT,call,Wed-0DTE,mid,75.0,3,11:30,709,25.247,51.0,False
MSFT,call,Wed-0DTE,mid,75.0,4,10:30,808,25.124,45.0,False
MSFT,call,Wed-0DTE,mid,75.0,5,11:00,766,24.413,67.0,False
MSFT,call,Wed-0DTE,mid,75.0,6,12:00,684,23.83,46.0,False
MSFT,call,Wed-0DTE,mid,75.0,7,12:30,626,22.843,44.0,False
MSFT,call,Wed-0DTE,mid,75.0,8,13:00,619,21.325,41.0,False
MSFT,call,Wed-0DTE,mid,75.0,9,13:30,600,18.5,50.0,False
MSFT,call,Wed-0DTE,mid,75.0,10,15:00,561,15.686,18.0,False
MSFT,call,Wed-0DTE,mid,75.0,11,14:00,607,14.662,62.0,False
MSFT,call,Wed-0DTE,mid,75.0,12,14:30,583,11.321,44.5,False
MSFT,call,Wed-0DTE,mid,75.0,13,15:30,145,10.345,14.0,False
MSFT,call,Wed-0DTE,mid,100.0,1,09:30,824,37.621,41.0,False
MSFT,call,Wed-0DTE,mid,100.0,2,10:00,870,27.241,41.0,False
MSFT,call,Wed-0DTE,mid,100.0,3,10:30,808,20.05,62.0,False
MSFT,call,Wed-0DTE,mid,100.0,4,11:30,709,19.605,65.0,False
MSFT,call,Wed-0DTE,mid,100.0,5,11:00,766,18.799,78.5,False
MSFT,call,Wed-0DTE,mid,100.0,6,12:30,626,18.69,54.0,False
MSFT,call,Wed-0DTE,mid,100.0,7,12:00,684,17.69,65.0,False
MSFT,call,Wed-0DTE,mid,100.0,8,13:00,619,14.216,45.5,False
MSFT,call,Wed-0DTE,mid,100.0,9,15:00,561,11.586,24.0,False
MSFT,call,Wed-0DTE,mid,100.0,10,14:00,607,11.532,71.0,False
MSFT,call,Wed-0DTE,mid,100.0,11,13:30,600,10.833,58.0,False
MSFT,call,Wed-0DTE,mid,100.0,12,14:30,583,8.405,47.0,False
MSFT,call,Wed-0DTE,mid,100.0,13,15:30,145,8.276,18.5,False
MSFT,call,Wed-0DTE,market,30.0,1,09:30,824,49.029,14.5,False
MSFT,call,Wed-0DTE,market,30.0,2,10:00,870,42.414,19.0,False
MSFT,call,Wed-0DTE,market,30.0,3,11:30,709,35.684,40.0,False
MSFT,call,Wed-0DTE,market,30.0,4,10:30,808,34.777,26.0,False
MSFT,call,Wed-0DTE,market,30.0,5,12:00,684,34.503,38.5,False
MSFT,call,Wed-0DTE,market,30.0,6,11:00,766,33.681,43.0,False
MSFT,call,Wed-0DTE,market,30.0,7,12:30,626,32.748,49.0,False
MSFT,call,Wed-0DTE,market,30.0,8,13:00,619,30.048,37.0,False
MSFT,call,Wed-0DTE,market,30.0,9,13:30,600,28.0,33.0,False
MSFT,call,Wed-0DTE,market,30.0,10,14:00,607,20.593,50.0,False
MSFT,call,Wed-0DTE,market,30.0,11,15:00,561,19.43,22.0,False
MSFT,call,Wed-0DTE,market,30.0,12,14:30,583,16.295,43.0,False
MSFT,call,Wed-0DTE,market,30.0,13,15:30,145,11.724,20.0,False
MSFT,call,Wed-0DTE,market,50.0,1,09:30,824,44.417,29.0,False
MSFT,call,Wed-0DTE,market,50.0,2,10:00,870,34.943,34.5,False
MSFT,call,Wed-0DTE,market,50.0,3,10:30,808,25.371,45.0,False
MSFT,call,Wed-0DTE,market,50.0,4,11:30,709,24.683,51.0,False
MSFT,call,Wed-0DTE,market,50.0,5,11:00,766,24.282,69.5,False
MSFT,call,Wed-0DTE,market,50.0,6,12:00,684,22.368,59.0,False
MSFT,call,Wed-0DTE,market,50.0,7,12:30,626,22.045,55.0,False
MSFT,call,Wed-0DTE,market,50.0,8,13:00,619,20.517,53.0,False
MSFT,call,Wed-0DTE,market,50.0,9,13:30,600,17.667,56.5,False
MSFT,call,Wed-0DTE,market,50.0,10,15:00,561,14.26,25.0,False
MSFT,call,Wed-0DTE,market,50.0,11,14:00,607,13.509,70.0,False
MSFT,call,Wed-0DTE,market,50.0,12,14:30,583,10.12,52.0,False
MSFT,call,Wed-0DTE,market,50.0,13,15:30,145,7.586,17.0,False
MSFT,call,Wed-0DTE,market,75.0,1,09:30,824,38.956,43.0,False
MSFT,call,Wed-0DTE,market,75.0,2,10:00,870,28.391,42.0,False
MSFT,call,Wed-0DTE,market,75.0,3,10:30,808,19.802,56.5,False
MSFT,call,Wed-0DTE,market,75.0,4,11:30,709,18.9,88.0,False
MSFT,call,Wed-0DTE,market,75.0,5,11:00,766,18.799,83.5,False
MSFT,call,Wed-0DTE,market,75.0,6,12:30,626,16.294,68.0,False
MSFT,call,Wed-0DTE,market,75.0,7,12:00,684,16.082,83.5,False
MSFT,call,Wed-0DTE,market,75.0,8,13:00,619,12.601,72.5,False
MSFT,call,Wed-0DTE,market,75.0,9,13:30,600,10.833,94.0,False
MSFT,call,Wed-0DTE,market,75.0,10,15:00,561,9.982,26.0,False
MSFT,call,Wed-0DTE,market,75.0,11,14:00,607,9.226,83.0,False
MSFT,call,Wed-0DTE,market,75.0,12,14:30,583,7.204,54.0,False
MSFT,call,Wed-0DTE,market,75.0,13,15:30,145,4.828,22.0,False
MSFT,call,Wed-0DTE,market,100.0,1,09:30,824,32.646,47.0,False
MSFT,call,Wed-0DTE,market,100.0,2,10:00,870,22.644,50.0,False
MSFT,call,Wed-0DTE,market,100.0,3,10:30,808,16.089,92.5,False
MSFT,call,Wed-0DTE,market,100.0,4,11:30,709,14.528,104.0,False
MSFT,call,Wed-0DTE,market,100.0,5,11:00,766,13.577,109.5,False
MSFT,call,Wed-0DTE,market,100.0,6,12:30,626,13.099,73.0,False
MSFT,call,Wed-0DTE,market,100.0,7,12:00,684,11.696,95.5,False
MSFT,call,Wed-0DTE,market,100.0,8,15:00,561,7.487,28.5,False
MSFT,call,Wed-0DTE,market,100.0,9,13:00,619,6.947,86.0,False
MSFT,call,Wed-0DTE,market,100.0,10,14:00,607,6.26,90.0,False
MSFT,call,Wed-0DTE,market,100.0,11,14:30,583,5.66,52.0,False
MSFT,call,Wed-0DTE,market,100.0,12,13:30,600,5.167,93.0,False
MSFT,call,Wed-0DTE,market,100.0,13,15:30,145,2.759,21.5,False
MSFT,put,Wed-0DTE,mid,30.0,1,12:30,555,66.847,29.0,False
MSFT,put,Wed-0DTE,mid,30.0,2,12:00,538,62.639,25.0,False
MSFT,put,Wed-0DTE,mid,30.0,3,11:00,621,61.836,19.5,False
MSFT,put,Wed-0DTE,mid,30.0,4,14:00,481,61.746,21.0,False
MSFT,put,Wed-0DTE,mid,30.0,5,10:30,710,61.268,20.0,False
MSFT,put,Wed-0DTE,mid,30.0,6,13:30,498,60.04,25.0,False
MSFT,put,Wed-0DTE,mid,30.0,7,14:30,448,59.598,16.0,False
MSFT,put,Wed-0DTE,mid,30.0,8,10:00,771,57.847,15.5,False
MSFT,put,Wed-0DTE,mid,30.0,9,13:00,524,57.443,24.0,False
MSFT,put,Wed-0DTE,mid,30.0,10,11:30,568,56.514,46.0,False
MSFT,put,Wed-0DTE,mid,30.0,11,09:30,710,53.38,16.0,False
MSFT,put,Wed-0DTE,mid,30.0,12,15:00,471,47.134,12.0,False
MSFT,put,Wed-0DTE,mid,30.0,13,15:30,139,30.216,11.5,False
MSFT,put,Wed-0DTE,mid,50.0,1,12:30,555,52.252,41.0,False
MSFT,put,Wed-0DTE,mid,50.0,2,10:30,710,50.563,32.0,False
MSFT,put,Wed-0DTE,mid,50.0,3,11:00,621,48.953,69.5,False
MSFT,put,Wed-0DTE,mid,50.0,4,13:30,498,48.795,40.0,False
MSFT,put,Wed-0DTE,mid,50.0,5,14:00,481,48.441,32.0,False
MSFT,put,Wed-0DTE,mid,50.0,6,10:00,771,47.471,25.5,False
MSFT,put,Wed-0DTE,mid,50.0,7,12:00,538,47.398,37.0,False
MSFT,put,Wed-0DTE,mid,50.0,8,09:30,710,45.493,36.0,False
MSFT,put,Wed-0DTE,mid,50.0,9,13:00,524,45.229,27.0,False
MSFT,put,Wed-0DTE,mid,50.0,10,11:30,568,44.19,61.0,False
MSFT,put,Wed-0DTE,mid,50.0,11,14:30,448,42.857,21.0,False
MSFT,put,Wed-0DTE,mid,50.0,12,15:00,471,34.395,16.0,False
MSFT,put,Wed-0DTE,mid,50.0,13,15:30,139,15.827,10.0,False
MSFT,put,Wed-0DTE,mid,75.0,1,12:30,555,41.441,49.0,False
MSFT,put,Wed-0DTE,mid,75.0,2,09:30,710,40.563,51.0,False
MSFT,put,Wed-0DTE,mid,75.0,3,13:30,498,40.361,61.0,False
MSFT,put,Wed-0DTE,mid,75.0,4,10:30,710,39.718,53.0,False
MSFT,put,Wed-0DTE,mid,75.0,5,14:00,481,39.709,40.0,False
MSFT,put,Wed-0DTE,mid,75.0,6,13:00,524,39.695,33.0,False
MSFT,put,Wed-0DTE,mid,75.0,7,12:00,538,38.476,65.0,False
MSFT,put,Wed-0DTE,mid,75.0,8,11:00,621,38.164,98.0,False
MSFT,put,Wed-0DTE,mid,75.0,9,10:00,771,36.187,50.0,False
MSFT,put,Wed-0DTE,mid,75.0,10,14:30,448,34.821,27.5,False
MSFT,put,Wed-0DTE,mid,75.0,11,11:30,568,33.803,83.0,False
MSFT,put,Wed-0DTE,mid,75.0,12,15:00,471,28.025,20.0,False
MSFT,put,Wed-0DTE,mid,75.0,13,15:30,139,14.388,14.5,False
MSFT,put,Wed-0DTE,mid,100.0,1,13:00,524,35.878,38.0,False
MSFT,put,Wed-0DTE,mid,100.0,2,09:30,710,35.775,76.5,False
MSFT,put,Wed-0DTE,mid,100.0,3,13:30,498,35.542,67.0,False
MSFT,put,Wed-0DTE,mid,100.0,4,14:00,481,34.927,50.0,False
MSFT,put,Wed-0DTE,mid,100.0,5,10:30,710,33.521,141.0,False
MSFT,put,Wed-0DTE,mid,100.0,6,12:30,555,33.333,53.0,False
MSFT,put,Wed-0DTE,mid,100.0,7,12:00,538,32.156,71.0,False
MSFT,put,Wed-0DTE,mid,100.0,8,11:00,621,31.562,145.0,False
MSFT,put,Wed-0DTE,mid,100.0,9,10:00,771,31.258,68.0,False
MSFT,put,Wed-0DTE,mid,100.0,10,14:30,448,29.688,33.0,False
MSFT,put,Wed-0DTE,mid,100.0,11,11:30,568,29.225,101.5,False
MSFT,put,Wed-0DTE,mid,100.0,12,15:00,471,22.718,22.0,False
MSFT,put,Wed-0DTE,mid,100.0,13,15:30,139,10.072,18.5,False
MSFT,put,Wed-0DTE,market,30.0,1,09:30,710,48.31,35.0,False
MSFT,put,Wed-0DTE,market,30.0,2,10:30,710,46.761,35.0,False
MSFT,put,Wed-0DTE,market,30.0,3,12:30,555,45.405,47.0,False
MSFT,put,Wed-0DTE,market,30.0,4,10:00,771,45.006,29.0,False
MSFT,put,Wed-0DTE,market,30.0,5,11:00,621,44.605,77.0,False
MSFT,put,Wed-0DTE,market,30.0,6,13:30,498,43.373,44.5,False
MSFT,put,Wed-0DTE,market,30.0,7,14:00,481,43.243,33.0,False
MSFT,put,Wed-0DTE,market,30.0,8,12:00,538,43.123,44.5,False
MSFT,put,Wed-0DTE,market,30.0,9,13:00,524,42.748,36.5,False
MSFT,put,Wed-0DTE,market,30.0,10,14:30,448,41.071,25.5,False
MSFT,put,Wed-0DTE,market,30.0,11,11:30,568,40.493,63.0,False
MSFT,put,Wed-0DTE,market,30.0,12,15:00,471,31.635,20.0,False
MSFT,put,Wed-0DTE,market,30.0,13,15:30,139,17.266,17.5,False
MSFT,put,Wed-0DTE,market,50.0,1,09:30,710,41.268,48.0,False
MSFT,put,Wed-0DTE,market,50.0,2,10:30,710,38.592,73.5,False
MSFT,put,Wed-0DTE,market,50.0,3,10:00,771,38.003,48.0,False
MSFT,put,Wed-0DTE,market,50.0,4,11:00,621,37.198,99.0,False
MSFT,put,Wed-0DTE,market,50.0,5,13:30,498,36.948,57.0,False
MSFT,put,Wed-0DTE,market,50.0,6,13:00,524,36.832,40.0,False
MSFT,put,Wed-0DTE,market,50.0,7,12:30,555,36.577,54.0,False
MSFT,put,Wed-0DTE,market,50.0,8,14:00,481,36.383,42.0,False
MSFT,put,Wed-0DTE,market,50.0,9,12:00,538,36.059,67.5,False
MSFT,put,Wed-0DTE,market,50.0,10,14:30,448,32.589,31.0,False
MSFT,put,Wed-0DTE,market,50.0,11,11:30,568,32.57,88.0,False
MSFT,put,Wed-0DTE,market,50.0,12,15:00,471,25.902,21.0,False
MSFT,put,Wed-0DTE,market,50.0,13,15:30,139,10.072,17.5,False
MSFT,put,Wed-0DTE,market,75.0,1,09:30,710,36.62,79.0,False
MSFT,put,Wed-0DTE,market,75.0,2,13:00,524,32.634,59.0,False
MSFT,put,Wed-0DTE,market,75.0,3,10:30,710,32.535,156.0,False
MSFT,put,Wed-0DTE,market,75.0,4,13:30,498,31.928,69.0,False
MSFT,put,Wed-0DTE,market,75.0,5,10:00,771,31.647,73.0,False
MSFT,put,Wed-0DTE,market,75.0,6,11:00,621,30.274,157.5,False
MSFT,put,Wed-0DTE,market,75.0,7,14:00,481,30.146,51.0,False
MSFT,put,Wed-0DTE,market,75.0,8,12:30,555,29.369,62.0,False
MSFT,put,Wed-0DTE,market,75.0,9,12:00,538,28.996,75.5,False
MSFT,put,Wed-0DTE,market,75.0,10,14:30,448,27.009,36.0,False
MSFT,put,Wed-0DTE,market,75.0,11,11:30,568,26.937,110.0,False
MSFT,put,Wed-0DTE,market,75.0,12,15:00,471,21.231,26.0,False
MSFT,put,Wed-0DTE,market,75.0,13,15:30,139,8.633,24.5,False
MSFT,put,Wed-0DTE,market,100.0,1,09:30,710,32.676,96.5,False
MSFT,put,Wed-0DTE,market,100.0,2,13:00,524,29.389,88.0,False
MSFT,put,Wed-0DTE,market,100.0,3,10:00,771,27.497,139.5,False
MSFT,put,Wed-0DTE,market,100.0,4,13:30,498,27.309,72.5,False
MSFT,put,Wed-0DTE,market,100.0,5,10:30,710,26.056,181.0,False
MSFT,put,Wed-0DTE,market,100.0,6,14:00,481,25.988,58.0,False
MSFT,put,Wed-0DTE,market,100.0,7,11:00,621,25.604,180.0,False
MSFT,put,Wed-0DTE,market,100.0,8,12:30,555,25.045,85.0,False
MSFT,put,Wed-0DTE,market,100.0,9,14:30,448,25.0,40.0,False
MSFT,put,Wed-0DTE,market,100.0,10,12:00,538,24.907,100.0,False
MSFT,put,Wed-0DTE,market,100.0,11,11:30,568,24.12,137.0,False
MSFT,put,Wed-0DTE,market,100.0,12,15:00,471,16.561,30.0,False
MSFT,put,Wed-0DTE,market,100.0,13,15:30,139,5.755,25.5,False
MSFT,call,Mon-0DTE,mid,30.0,1,09:30,700,63.571,10.0,False
MSFT,call,Mon-0DTE,mid,30.0,2,13:00,574,62.195,18.0,False
MSFT,call,Mon-0DTE,mid,30.0,3,12:00,621,61.192,24.0,False
MSFT,call,Mon-0DTE,mid,30.0,4,10:30,702,56.838,15.0,False
MSFT,call,Mon-0DTE,mid,30.0,5,10:00,774,55.685,13.0,False
MSFT,call,Mon-0DTE,mid,30.0,6,12:30,586,55.631,28.5,False
MSFT,call,Mon-0DTE,mid,30.0,7,11:00,697,55.237,23.0,False
MSFT,call,Mon-0DTE,mid,30.0,8,11:30,639,54.304,30.0,False
MSFT,call,Mon-0DTE,mid,30.0,9,13:30,540,52.407,19.0,False
MSFT,call,Mon-0DTE,mid,30.0,10,15:00,513,51.657,13.0,False
MSFT,call,Mon-0DTE,mid,30.0,11,14:00,529,45.747,15.0,False
MSFT,call,Mon-0DTE,mid,30.0,12,14:30,510,40.196,21.0,False
MSFT,call,Mon-0DTE,mid,30.0,13,15:30,125,40.0,8.0,False
MSFT,call,Mon-0DTE,mid,50.0,1,09:30,700,50.429,17.0,False
MSFT,call,Mon-0DTE,mid,50.0,2,13:00,574,46.69,26.0,False
MSFT,call,Mon-0DTE,mid,50.0,3,12:00,621,46.055,43.0,False
MSFT,call,Mon-0DTE,mid,50.0,4,12:30,586,41.638,43.0,False
MSFT,call,Mon-0DTE,mid,50.0,5,10:00,774,40.568,22.0,False
MSFT,call,Mon-0DTE,mid,50.0,6,10:30,702,40.313,30.0,False
MSFT,call,Mon-0DTE,mid,50.0,7,11:00,697,40.172,43.0,False
MSFT,call,Mon-0DTE,mid,50.0,8,11:30,639,40.063,42.0,False
MSFT,call,Mon-0DTE,mid,50.0,9,13:30,540,36.111,26.0,False
MSFT,call,Mon-0DTE,mid,50.0,10,15:00,513,32.359,15.0,False
MSFT,call,Mon-0DTE,mid,50.0,11,14:30,510,28.039,29.0,False
MSFT,call,Mon-0DTE,mid,50.0,12,14:00,529,27.788,18.0,False
MSFT,call,Mon-0DTE,mid,50.0,13,15:30,125,23.2,8.0,False
MSFT,call,Mon-0DTE,mid,75.0,1,09:30,700,39.571,26.0,False
MSFT,call,Mon-0DTE,mid,75.0,2,13:00,574,33.972,33.0,False
MSFT,call,Mon-0DTE,mid,75.0,3,12:00,621,32.85,65.0,False
MSFT,call,Mon-0DTE,mid,75.0,4,12:30,586,31.058,58.0,False
MSFT,call,Mon-0DTE,mid,75.0,5,10:00,774,29.457,21.5,False
MSFT,call,Mon-0DTE,mid,75.0,6,11:00,697,29.268,49.5,False
MSFT,call,Mon-0DTE,mid,75.0,7,11:30,639,28.795,63.0,False
MSFT,call,Mon-0DTE,mid,75.0,8,10:30,702,26.496,42.0,False
MSFT,call,Mon-0DTE,mid,75.0,9,13:30,540,25.926,35.0,False
MSFT,call,Mon-0DTE,mid,75.0,10,15:00,513,25.146,17.0,False
MSFT,call,Mon-0DTE,mid,75.0,11,14:30,510,21.176,38.0,False
MSFT,call,Mon-0DTE,mid,75.0,12,14:00,529,18.715,25.0,False
MSFT,call,Mon-0DTE,mid,75.0,13,15:30,125,15.2,6.0,False
MSFT,call,Mon-0DTE,mid,100.0,1,09:30,700,30.143,38.0,False
MSFT,call,Mon-0DTE,mid,100.0,2,13:00,574,26.481,38.5,False
MSFT,call,Mon-0DTE,mid,100.0,3,12:00,621,23.833,78.5,False
MSFT,call,Mon-0DTE,mid,100.0,4,11:00,697,23.099,60.0,False
MSFT,call,Mon-0DTE,mid,100.0,5,10:00,774,22.739,25.0,False
MSFT,call,Mon-0DTE,mid,100.0,6,12:30,586,22.184,72.5,False
MSFT,call,Mon-0DTE,mid,100.0,7,11:30,639,20.814,82.0,False
MSFT,call,Mon-0DTE,mid,100.0,8,13:30,540,20.37,44.5,False
MSFT,call,Mon-0DTE,mid,100.0,9,15:00,513,19.688,18.0,False
MSFT,call,Mon-0DTE,mid,100.0,10,10:30,702,18.376,45.0,False
MSFT,call,Mon-0DTE,mid,100.0,11,14:30,510,15.882,39.0,False
MSFT,call,Mon-0DTE,mid,100.0,12,14:00,529,14.178,54.0,False
MSFT,call,Mon-0DTE,mid,100.0,13,15:30,125,11.2,6.0,False
MSFT,call,Mon-0DTE,market,30.0,1,09:30,700,51.429,14.0,False
MSFT,call,Mon-0DTE,market,30.0,2,10:00,774,42.377,24.0,False
MSFT,call,Mon-0DTE,market,30.0,3,11:00,697,41.32,41.0,False
MSFT,call,Mon-0DTE,market,30.0,4,13:00,574,40.941,34.0,False
MSFT,call,Mon-0DTE,market,30.0,5,10:30,702,39.174,30.0,False
MSFT,call,Mon-0DTE,market,30.0,6,12:00,621,38.325,42.0,False
MSFT,call,Mon-0DTE,market,30.0,7,12:30,586,37.201,48.5,False
MSFT,call,Mon-0DTE,market,30.0,8,11:30,639,36.62,40.0,False
MSFT,call,Mon-0DTE,market,30.0,9,13:30,540,33.889,32.0,False
MSFT,call,Mon-0DTE,market,30.0,10,15:00,513,32.164,19.0,False
MSFT,call,Mon-0DTE,market,30.0,11,14:00,529,25.709,24.5,False
MSFT,call,Mon-0DTE,market,30.0,12,14:30,510,24.118,34.0,False
MSFT,call,Mon-0DTE,market,30.0,13,15:30,125,24.0,12.0,False
MSFT,call,Mon-0DTE,market,50.0,1,09:30,700,41.429,23.0,False
MSFT,call,Mon-0DTE,market,50.0,2,10:00,774,31.137,29.0,False
MSFT,call,Mon-0DTE,market,50.0,3,13:00,574,30.662,44.0,False
MSFT,call,Mon-0DTE,market,50.0,4,11:00,697,29.986,55.0,False
MSFT,call,Mon-0DTE,market,50.0,5,12:00,621,29.63,68.0,False
MSFT,call,Mon-0DTE,market,50.0,6,11:30,639,28.795,62.0,False
MSFT,call,Mon-0DTE,market,50.0,7,10:30,702,27.92,44.5,False
MSFT,call,Mon-0DTE,market,50.0,8,12:30,586,27.304,64.5,False
MSFT,call,Mon-0DTE,market,50.0,9,13:30,540,24.815,40.0,False
MSFT,call,Mon-0DTE,market,50.0,10,15:00,513,23.392,20.0,False
MSFT,call,Mon-0DTE,market,50.0,11,14:30,510,19.608,41.0,False
MSFT,call,Mon-0DTE,market,50.0,12,15:30,125,18.4,15.0,False
MSFT,call,Mon-0DTE,market,50.0,13,14:00,529,18.147,53.0,False
MSFT,call,Mon-0DTE,market,75.0,1,09:30,700,31.286,36.0,False
MSFT,call,Mon-0DTE,market,75.0,2,13:00,574,23.345,49.0,False
MSFT,call,Mon-0DTE,market,75.0,3,10:00,774,23.256,28.5,False
MSFT,call,Mon-0DTE,market,75.0,4,11:00,697,21.377,67.0,False
MSFT,call,Mon-0DTE,market,75.0,5,12:00,621,21.256,88.5,False
MSFT,call,Mon-0DTE,market,75.0,6,11:30,639,20.344,93.5,False
MSFT,call,Mon-0DTE,market,75.0,7,12:30,586,19.625,83.0,False
MSFT,call,Mon-0DTE,market,75.0,8,10:30,702,19.088,54.0,False
MSFT,call,Mon-0DTE,market,75.0,9,13:30,540,19.074,58.0,False
MSFT,call,Mon-0DTE,market,75.0,10,15:00,513,16.959,20.0,False
MSFT,call,Mon-0DTE,market,75.0,11,14:30,510,14.706,46.0,False
MSFT,call,Mon-0DTE,market,75.0,12,14:00,529,12.476,59.5,False
MSFT,call,Mon-0DTE,market,75.0,13,15:30,125,9.6,9.0,False
MSFT,call,Mon-0DTE,market,100.0,1,09:30,700,23.286,50.0,False
MSFT,call,Mon-0DTE,market,100.0,2,10:00,774,17.829,27.0,False
MSFT,call,Mon-0DTE,market,100.0,3,13:00,574,17.073,47.0,False
MSFT,call,Mon-0DTE,market,100.0,4,11:00,697,16.069,105.5,False
MSFT,call,Mon-0DTE,market,100.0,5,12:00,621,14.815,97.5,False
MSFT,call,Mon-0DTE,market,100.0,6,11:30,639,14.085,98.0,False
MSFT,call,Mon-0DTE,market,100.0,7,13:30,540,13.519,90.0,False
MSFT,call,Mon-0DTE,market,100.0,8,12:30,586,13.481,82.0,False
MSFT,call,Mon-0DTE,market,100.0,9,15:00,513,12.671,20.0,False
MSFT,call,Mon-0DTE,market,100.0,10,10:30,702,12.108,59.0,False
MSFT,call,Mon-0DTE,market,100.0,11,14:30,510,10.588,43.5,False
MSFT,call,Mon-0DTE,market,100.0,12,14:00,529,9.452,66.0,False
MSFT,call,Mon-0DTE,market,100.0,13,15:30,125,7.2,9.0,False
MSFT,put,Mon-0DTE,mid,30.0,1,10:30,616,70.942,16.0,False
MSFT,put,Mon-0DTE,mid,30.0,2,10:00,695,67.626,14.0,False
MSFT,put,Mon-0DTE,mid,30.0,3,11:00,566,64.311,19.0,False
MSFT,put,Mon-0DTE,mid,30.0,4,12:00,493,62.475,18.0,False
MSFT,put,Mon-0DTE,mid,30.0,5,11:30,509,61.69,20.5,False
MSFT,put,Mon-0DTE,mid,30.0,6,12:30,466,60.73,24.0,False
MSFT,put,Mon-0DTE,mid,30.0,7,13:00,445,57.978,21.0,False
MSFT,put,Mon-0DTE,mid,30.0,8,13:30,425,57.176,26.0,False
MSFT,put,Mon-0DTE,mid,30.0,9,14:30,404,55.198,11.0,False
MSFT,put,Mon-0DTE,mid,30.0,10,14:00,406,55.172,30.0,False
MSFT,put,Mon-0DTE,mid,30.0,11,09:30,646,50.619,20.0,False
MSFT,put,Mon-0DTE,mid,30.0,12,15:00,446,33.857,11.0,False
MSFT,put,Mon-0DTE,mid,30.0,13,15:30,120,30.0,11.0,False
MSFT,put,Mon-0DTE,mid,50.0,1,10:30,616,57.305,26.0,False
MSFT,put,Mon-0DTE,mid,50.0,2,11:00,566,53.357,30.0,False
MSFT,put,Mon-0DTE,mid,50.0,3,10:00,695,52.95,27.0,False
MSFT,put,Mon-0DTE,mid,50.0,4,12:00,493,49.087,24.0,False
MSFT,put,Mon-0DTE,mid,50.0,5,12:30,466,46.996,29.0,False
MSFT,put,Mon-0DTE,mid,50.0,6,11:30,509,46.562,34.0,False
MSFT,put,Mon-0DTE,mid,50.0,7,13:00,445,44.27,31.0,False
MSFT,put,Mon-0DTE,mid,50.0,8,14:00,406,43.103,35.0,False
MSFT,put,Mon-0DTE,mid,50.0,9,13:30,425,41.412,48.0,False
MSFT,put,Mon-0DTE,mid,50.0,10,09:30,646,38.545,36.0,False
MSFT,put,Mon-0DTE,mid,50.0,11,14:30,404,38.119,14.0,False
MSFT,put,Mon-0DTE,mid,50.0,12,15:00,446,19.058,11.0,False
MSFT,put,Mon-0DTE,mid,50.0,13,15:30,120,15.0,11.5,False
MSFT,put,Mon-0DTE,mid,75.0,1,10:30,616,47.403,37.0,False
MSFT,put,Mon-0DTE,mid,75.0,2,10:00,695,43.022,38.0,False
MSFT,put,Mon-0DTE,mid,75.0,3,11:00,566,42.756,40.0,False
MSFT,put,Mon-0DTE,mid,75.0,4,12:30,466,41.202,34.5,False
MSFT,put,Mon-0DTE,mid,75.0,5,11:30,509,36.542,45.0,False
MSFT,put,Mon-0DTE,mid,75.0,6,12:00,493,34.888,35.5,False
MSFT,put,Mon-0DTE,mid,75.0,7,14:00,406,34.729,39.0,False
MSFT,put,Mon-0DTE,mid,75.0,8,13:00,445,33.034,39.0,False
MSFT,put,Mon-0DTE,mid,75.0,9,13:30,425,30.353,65.0,False
MSFT,put,Mon-0DTE,mid,75.0,10,09:30,646,29.102,69.5,False
MSFT,put,Mon-0DTE,mid,75.0,11,14:30,404,28.713,16.0,False
MSFT,put,Mon-0DTE,mid,75.0,12,15:00,446,13.901,16.0,False
MSFT,put,Mon-0DTE,mid,75.0,13,15:30,120,10.0,12.0,False
MSFT,put,Mon-0DTE,mid,100.0,1,10:30,616,41.883,44.0,False
MSFT,put,Mon-0DTE,mid,100.0,2,10:00,695,36.115,43.0,False
MSFT,put,Mon-0DTE,mid,100.0,3,11:00,566,35.866,52.0,False
MSFT,put,Mon-0DTE,mid,100.0,4,12:30,466,34.335,38.5,False
MSFT,put,Mon-0DTE,mid,100.0,5,11:30,509,31.827,51.0,False
MSFT,put,Mon-0DTE,mid,100.0,6,14:00,406,29.557,42.0,False
MSFT,put,Mon-0DTE,mid,100.0,7,12:00,493,28.6,45.0,False
MSFT,put,Mon-0DTE,mid,100.0,8,13:00,445,26.067,43.0,False
MSFT,put,Mon-0DTE,mid,100.0,9,14:30,404,24.505,19.0,False
MSFT,put,Mon-0DTE,mid,100.0,10,09:30,646,21.981,71.0,False
MSFT,put,Mon-0DTE,mid,100.0,11,13:30,425,21.647,67.5,False
MSFT,put,Mon-0DTE,mid,100.0,12,15:00,446,10.987,21.0,False
MSFT,put,Mon-0DTE,mid,100.0,13,15:30,120,6.667,12.0,False
MSFT,put,Mon-0DTE,market,30.0,1,10:30,616,54.545,26.0,False
MSFT,put,Mon-0DTE,market,30.0,2,10:00,695,52.518,29.0,False
MSFT,put,Mon-0DTE,market,30.0,3,11:00,566,51.59,34.0,False
MSFT,put,Mon-0DTE,market,30.0,4,11:30,509,46.169,34.0,False
MSFT,put,Mon-0DTE,market,30.0,5,12:00,493,44.625,28.5,False
MSFT,put,Mon-0DTE,market,30.0,6,12:30,466,43.348,30.5,False
MSFT,put,Mon-0DTE,market,30.0,7,13:00,445,42.697,35.5,False
MSFT,put,Mon-0DTE,market,30.0,8,09:30,646,41.176,38.5,False
MSFT,put,Mon-0DTE,market,30.0,9,13:30,425,38.588,53.5,False
MSFT,put,Mon-0DTE,market,30.0,10,14:00,406,37.438,36.0,False
MSFT,put,Mon-0DTE,market,30.0,11,14:30,404,34.653,16.5,False
MSFT,put,Mon-0DTE,market,30.0,12,15:00,446,18.161,21.0,False
MSFT,put,Mon-0DTE,market,30.0,13,15:30,120,14.167,12.0,False
MSFT,put,Mon-0DTE,market,50.0,1,10:30,616,44.968,37.0,False
MSFT,put,Mon-0DTE,market,50.0,2,10:00,695,42.158,41.0,False
MSFT,put,Mon-0DTE,market,50.0,3,11:00,566,42.049,40.0,False
MSFT,put,Mon-0DTE,market,50.0,4,11:30,509,37.525,45.0,False
MSFT,put,Mon-0DTE,market,50.0,5,12:30,466,36.91,35.0,False
MSFT,put,Mon-0DTE,market,50.0,6,12:00,493,33.874,38.0,False
MSFT,put,Mon-0DTE,market,50.0,7,13:00,445,33.708,42.0,False
MSFT,put,Mon-0DTE,market,50.0,8,09:30,646,31.889,65.0,False
MSFT,put,Mon-0DTE,market,50.0,9,14:00,406,30.296,40.0,False
MSFT,put,Mon-0DTE,market,50.0,10,13:30,425,28.471,64.0,False
MSFT,put,Mon-0DTE,market,50.0,11,14:30,404,26.733,21.0,False
MSFT,put,Mon-0DTE,market,50.0,12,15:00,446,12.332,21.0,False
MSFT,put,Mon-0DTE,market,50.0,13,15:30,120,10.0,13.0,False
MSFT,put,Mon-0DTE,market,75.0,1,10:30,616,37.825,49.0,False
MSFT,put,Mon-0DTE,market,75.0,2,10:00,695,34.964,46.0,False
MSFT,put,Mon-0DTE,market,75.0,3,11:00,566,32.862,51.0,False
MSFT,put,Mon-0DTE,market,75.0,4,11:30,509,31.041,47.0,False
MSFT,put,Mon-0DTE,market,75.0,5,12:30,466,27.468,43.5,False
MSFT,put,Mon-0DTE,market,75.0,6,12:00,493,25.355,51.0,False
MSFT,put,Mon-0DTE,market,75.0,7,09:30,646,24.613,73.0,False
MSFT,put,Mon-0DTE,market,75.0,8,14:00,406,24.384,46.0,False
MSFT,put,Mon-0DTE,market,75.0,9,13:00,445,23.146,54.0,False
MSFT,put,Mon-0DTE,market,75.0,10,13:30,425,21.176,73.0,False
MSFT,put,Mon-0DTE,market,75.0,11,14:30,404,18.564,22.0,False
MSFT,put,Mon-0DTE,market,75.0,12,15:00,446,8.969,25.5,False
MSFT,put,Mon-0DTE,market,75.0,13,15:30,120,6.667,19.5,False
MSFT,put,Mon-0DTE,market,100.0,1,10:30,616,31.331,60.0,False
MSFT,put,Mon-0DTE,market,100.0,2,10:00,695,29.065,51.0,False
MSFT,put,Mon-0DTE,market,100.0,3,11:00,566,27.208,59.0,False
MSFT,put,Mon-0DTE,market,100.0,4,11:30,509,24.951,56.0,False
MSFT,put,Mon-0DTE,market,100.0,5,12:30,466,23.391,51.0,False
MSFT,put,Mon-0DTE,market,100.0,6,14:00,406,19.212,46.0,False
MSFT,put,Mon-0DTE,market,100.0,7,09:30,646,18.266,70.5,False
MSFT,put,Mon-0DTE,market,100.0,8,12:00,493,17.444,67.0,False
MSFT,put,Mon-0DTE,market,100.0,9,13:00,445,16.629,87.5,False
MSFT,put,Mon-0DTE,market,100.0,10,14:30,404,15.842,25.5,False
MSFT,put,Mon-0DTE,market,100.0,11,13:30,425,14.588,72.0,False
MSFT,put,Mon-0DTE,market,100.0,12,15:00,446,6.726,32.0,False
MSFT,put,Mon-0DTE,market,100.0,13,15:30,120,5.833,19.0,False
NVDA,call,Fri-0DTE,mid,30.0,1,09:30,3569,28.299,21.0,False
NVDA,call,Fri-0DTE,mid,30.0,2,10:30,3791,25.64,34.0,False
NVDA,call,Fri-0DTE,mid,30.0,3,10:00,4057,24.599,24.5,False
NVDA,call,Fri-0DTE,mid,30.0,4,11:00,3605,23.634,29.0,False
NVDA,call,Fri-0DTE,mid,30.0,5,11:30,3425,22.307,46.0,False
NVDA,call,Fri-0DTE,mid,30.0,6,12:00,3280,22.195,36.5,False
NVDA,call,Fri-0DTE,mid,30.0,7,13:00,3044,20.762,32.0,False
NVDA,call,Fri-0DTE,mid,30.0,8,12:30,3225,19.597,39.0,False
NVDA,call,Fri-0DTE,mid,30.0,9,13:30,3007,17.958,32.0,False
NVDA,call,Fri-0DTE,mid,30.0,10,14:00,3012,15.405,21.0,False
NVDA,call,Fri-0DTE,mid,30.0,11,14:30,3031,12.042,21.0,False
NVDA,call,Fri-0DTE,mid,30.0,12,15:00,3231,8.635,14.0,False
NVDA,call,Fri-0DTE,mid,30.0,13,15:30,664,7.229,11.0,False
NVDA,call,Fri-0DTE,mid,50.0,1,09:30,3569,18.661,26.5,False
NVDA,call,Fri-0DTE,mid,50.0,2,10:30,3791,16.355,42.0,False
NVDA,call,Fri-0DTE,mid,50.0,3,10:00,4057,15.652,30.0,False
NVDA,call,Fri-0DTE,mid,50.0,4,11:00,3605,14.674,34.0,False
NVDA,call,Fri-0DTE,mid,50.0,5,12:00,3280,13.598,50.0,False
NVDA,call,Fri-0DTE,mid,50.0,6,13:00,3044,13.141,38.0,False
NVDA,call,Fri-0DTE,mid,50.0,7,11:30,3425,13.139,58.0,False
NVDA,call,Fri-0DTE,mid,50.0,8,12:30,3225,11.938,50.0,False
NVDA,call,Fri-0DTE,mid,50.0,9,13:30,3007,10.542,37.0,False
NVDA,call,Fri-0DTE,mid,50.0,10,14:00,3012,9.495,25.5,False
NVDA,call,Fri-0DTE,mid,50.0,11,14:30,3031,7.687,26.0,False
NVDA,call,Fri-0DTE,mid,50.0,12,15:00,3231,5.478,17.0,False
NVDA,call,Fri-0DTE,mid,50.0,13,15:30,664,5.12,14.5,False
NVDA,call,Fri-0DTE,mid,75.0,1,09:30,3569,13.421,35.0,False
NVDA,call,Fri-0DTE,mid,75.0,2,10:00,4057,10.919,40.0,False
NVDA,call,Fri-0DTE,mid,75.0,3,10:30,3791,10.71,48.5,False
NVDA,call,Fri-0DTE,mid,75.0,4,11:00,3605,9.792,54.0,False
NVDA,call,Fri-0DTE,mid,75.0,5,13:00,3044,9.133,44.0,False
NVDA,call,Fri-0DTE,mid,75.0,6,12:00,3280,9.085,67.0,False
NVDA,call,Fri-0DTE,mid,75.0,7,11:30,3425,8.701,73.5,False
NVDA,call,Fri-0DTE,mid,75.0,8,12:30,3225,8.62,56.0,False
NVDA,call,Fri-0DTE,mid,75.0,9,13:30,3007,7.05,46.0,False
NVDA,call,Fri-0DTE,mid,75.0,10,14:00,3012,6.64,29.0,False
NVDA,call,Fri-0DTE,mid,75.0,11,14:30,3031,5.279,33.0,False
NVDA,call,Fri-0DTE,mid,75.0,12,15:00,3231,3.776,27.0,False
NVDA,call,Fri-0DTE,mid,75.0,13,15:30,664,3.163,19.0,False
NVDA,call,Fri-0DTE,mid,100.0,1,09:30,3569,10.255,41.0,False
NVDA,call,Fri-0DTE,mid,100.0,2,10:00,4057,8.405,50.0,False
NVDA,call,Fri-0DTE,mid,100.0,3,10:30,3791,7.913,49.5,False
NVDA,call,Fri-0DTE,mid,100.0,4,11:00,3605,7.24,53.0,False
NVDA,call,Fri-0DTE,mid,100.0,5,12:00,3280,6.799,75.0,False
NVDA,call,Fri-0DTE,mid,100.0,6,12:30,3225,6.605,63.0,False
NVDA,call,Fri-0DTE,mid,100.0,7,13:00,3044,6.57,48.5,False
NVDA,call,Fri-0DTE,mid,100.0,8,11:30,3425,6.277,86.0,False
NVDA,call,Fri-0DTE,mid,100.0,9,13:30,3007,5.288,51.0,False
NVDA,call,Fri-0DTE,mid,100.0,10,14:00,3012,4.814,32.0,False
NVDA,call,Fri-0DTE,mid,100.0,11,14:30,3031,3.86,36.0,False
NVDA,call,Fri-0DTE,mid,100.0,12,15:00,3231,3.033,25.0,False
NVDA,call,Fri-0DTE,mid,100.0,13,15:30,664,2.56,20.0,False
NVDA,call,Fri-0DTE,market,30.0,1,09:30,3569,19.781,28.0,False
NVDA,call,Fri-0DTE,market,30.0,2,10:30,3791,17.515,46.0,False
NVDA,call,Fri-0DTE,market,30.0,3,10:00,4057,16.564,38.0,False
NVDA,call,Fri-0DTE,market,30.0,4,11:00,3605,15.7,44.5,False
NVDA,call,Fri-0DTE,market,30.0,5,12:00,3280,14.207,60.0,False
NVDA,call,Fri-0DTE,market,30.0,6,11:30,3425,13.839,63.0,False
NVDA,call,Fri-0DTE,market,30.0,7,13:00,3044,13.568,43.0,False
NVDA,call,Fri-0DTE,market,30.0,8,12:30,3225,12.403,53.5,False
NVDA,call,Fri-0DTE,market,30.0,9,13:30,3007,10.575,47.0,False
NVDA,call,Fri-0DTE,market,30.0,10,14:00,3012,9.163,38.0,False
NVDA,call,Fri-0DTE,market,30.0,11,14:30,3031,7.621,32.0,False
NVDA,call,Fri-0DTE,market,30.0,12,15:00,3231,5.262,25.0,False
NVDA,call,Fri-0DTE,market,30.0,13,15:30,664,3.464,23.0,False
NVDA,call,Fri-0DTE,market,50.0,1,09:30,3569,14.01,44.0,False
NVDA,call,Fri-0DTE,market,50.0,2,10:00,4057,11.388,49.5,False
NVDA,call,Fri-0DTE,market,50.0,3,10:30,3791,11.343,53.0,False
NVDA,call,Fri-0DTE,market,50.0,4,11:00,3605,10.18,65.0,False
NVDA,call,Fri-0DTE,market,50.0,5,12:00,3280,8.811,64.0,False
NVDA,call,Fri-0DTE,market,50.0,6,11:30,3425,8.467,90.0,False
NVDA,call,Fri-0DTE,market,50.0,7,13:00,3044,8.279,43.5,False
NVDA,call,Fri-0DTE,market,50.0,8,12:30,3225,7.721,61.0,False
NVDA,call,Fri-0DTE,market,50.0,9,13:30,3007,6.418,52.0,False
NVDA,call,Fri-0DTE,market,50.0,10,14:00,3012,5.71,43.0,False
NVDA,call,Fri-0DTE,market,50.0,11,14:30,3031,4.751,43.0,False
NVDA,call,Fri-0DTE,market,50.0,12,15:00,3231,3.312,27.0,False
NVDA,call,Fri-0DTE,market,50.0,13,15:30,664,1.958,20.0,False
NVDA,call,Fri-0DTE,market,75.0,1,09:30,3569,9.835,51.0,False
NVDA,call,Fri-0DTE,market,75.0,2,10:00,4057,7.937,64.0,False
NVDA,call,Fri-0DTE,market,75.0,3,10:30,3791,7.491,59.5,False
NVDA,call,Fri-0DTE,market,75.0,4,11:00,3605,7.018,75.0,False
NVDA,call,Fri-0DTE,market,75.0,5,12:00,3280,6.006,81.0,False
NVDA,call,Fri-0DTE,market,75.0,6,11:30,3425,5.635,101.0,False
NVDA,call,Fri-0DTE,market,75.0,7,13:00,3044,5.355,55.0,False
NVDA,call,Fri-0DTE,market,75.0,8,12:30,3225,5.271,73.0,False
NVDA,call,Fri-0DTE,market,75.0,9,13:30,3007,4.157,64.0,False
NVDA,call,Fri-0DTE,market,75.0,10,14:00,3012,3.386,48.5,False
NVDA,call,Fri-0DTE,market,75.0,11,14:30,3031,2.969,51.0,False
NVDA,call,Fri-0DTE,market,75.0,12,15:00,3231,2.228,30.0,False
NVDA,call,Fri-0DTE,market,75.0,13,15:30,664,1.657,20.0,False
NVDA,call,Fri-0DTE,market,100.0,1,09:30,3569,7.285,54.5,False
NVDA,call,Fri-0DTE,market,100.0,2,10:00,4057,6.261,75.5,False
NVDA,call,Fri-0DTE,market,100.0,3,10:30,3791,5.592,70.0,False
NVDA,call,Fri-0DTE,market,100.0,4,11:00,3605,4.965,77.0,False
NVDA,call,Fri-0DTE,market,100.0,5,12:00,3280,4.329,88.5,False
NVDA,call,Fri-0DTE,market,100.0,6,11:30,3425,3.971,123.5,False
NVDA,call,Fri-0DTE,market,100.0,7,12:30,3225,3.938,75.0,False
NVDA,call,Fri-0DTE,market,100.0,8,13:00,3044,3.876,59.0,False
NVDA,call,Fri-0DTE,market,100.0,9,13:30,3007,2.993,70.5,False
NVDA,call,Fri-0DTE,market,100.0,10,14:00,3012,2.291,47.0,False
NVDA,call,Fri-0DTE,market,100.0,11,14:30,3031,2.046,54.5,False
NVDA,call,Fri-0DTE,market,100.0,12,15:00,3231,1.671,31.5,False
NVDA,call,Fri-0DTE,market,100.0,13,15:30,664,1.657,23.0,False
NVDA,put,Fri-0DTE,mid,30.0,1,09:30,3237,45.289,25.0,False
NVDA,put,Fri-0DTE,mid,30.0,2,10:00,3619,43.244,25.0,False
NVDA,put,Fri-0DTE,mid,30.0,3,10:30,3302,40.067,28.0,False
NVDA,put,Fri-0DTE,mid,30.0,4,11:30,2938,39.244,42.0,False
NVDA,put,Fri-0DTE,mid,30.0,5,11:00,3059,38.379,35.0,False
NVDA,put,Fri-0DTE,mid,30.0,6,12:30,2658,35.515,34.0,False
NVDA,put,Fri-0DTE,mid,30.0,7,12:00,2829,35.242,44.0,False
NVDA,put,Fri-0DTE,mid,30.0,8,13:30,2465,34.564,30.0,False
NVDA,put,Fri-0DTE,mid,30.0,9,13:00,2554,34.26,42.0,False
NVDA,put,Fri-0DTE,mid,30.0,10,14:00,2503,28.566,31.0,False
NVDA,put,Fri-0DTE,mid,30.0,11,14:30,2426,25.969,25.0,False
NVDA,put,Fri-0DTE,mid,30.0,12,15:00,2465,22.069,17.0,False
NVDA,put,Fri-0DTE,mid,30.0,13,15:30,523,17.208,14.0,False
NVDA,put,Fri-0DTE,mid,50.0,1,10:00,3619,31.915,32.0,False
NVDA,put,Fri-0DTE,mid,50.0,2,09:30,3237,31.85,35.0,False
NVDA,put,Fri-0DTE,mid,50.0,3,10:30,3302,27.589,40.0,False
NVDA,put,Fri-0DTE,mid,50.0,4,11:00,3059,26.577,49.0,False
NVDA,put,Fri-0DTE,mid,50.0,5,11:30,2938,26.276,58.0,False
NVDA,put,Fri-0DTE,mid,50.0,6,12:30,2658,24.755,44.0,False
NVDA,put,Fri-0DTE,mid,50.0,7,12:00,2829,23.471,58.0,False
NVDA,put,Fri-0DTE,mid,50.0,8,13:30,2465,22.596,33.0,False
NVDA,put,Fri-0DTE,mid,50.0,9,13:00,2554,22.2,51.0,False
NVDA,put,Fri-0DTE,mid,50.0,10,14:00,2503,18.218,38.0,False
NVDA,put,Fri-0DTE,mid,50.0,11,14:30,2426,16.158,31.0,False
NVDA,put,Fri-0DTE,mid,50.0,12,15:00,2465,14.767,22.0,False
NVDA,put,Fri-0DTE,mid,50.0,13,15:30,523,10.325,16.5,False
NVDA,put,Fri-0DTE,mid,75.0,1,09:30,3237,23.88,44.0,False
NVDA,put,Fri-0DTE,mid,75.0,2,10:00,3619,22.741,41.0,False
NVDA,put,Fri-0DTE,mid,75.0,3,10:30,3302,20.412,52.0,False
NVDA,put,Fri-0DTE,mid,75.0,4,11:30,2938,18.856,75.0,False
NVDA,put,Fri-0DTE,mid,75.0,5,11:00,3059,18.535,65.0,False
NVDA,put,Fri-0DTE,mid,75.0,6,12:30,2658,18.284,61.5,False
NVDA,put,Fri-0DTE,mid,75.0,7,13:30,2465,16.998,46.0,False
NVDA,put,Fri-0DTE,mid,75.0,8,12:00,2829,16.967,73.0,False
NVDA,put,Fri-0DTE,mid,75.0,9,13:00,2554,16.484,63.0,False
NVDA,put,Fri-0DTE,mid,75.0,10,14:00,2503,13.544,46.0,False
NVDA,put,Fri-0DTE,mid,75.0,11,14:30,2426,12.077,41.0,False
NVDA,put,Fri-0DTE,mid,75.0,12,15:00,2465,10.791,25.0,False
NVDA,put,Fri-0DTE,mid,75.0,13,15:30,523,7.839,20.0,False
NVDA,put,Fri-0DTE,mid,100.0,1,09:30,3237,19.308,53.0,False
NVDA,put,Fri-0DTE,mid,100.0,2,10:00,3619,18.458,48.0,False
NVDA,put,Fri-0DTE,mid,100.0,3,10:30,3302,16.081,52.0,False
NVDA,put,Fri-0DTE,mid,100.0,4,12:30,2658,14.635,73.0,False
NVDA,put,Fri-0DTE,mid,100.0,5,11:00,3059,14.122,69.0,False
NVDA,put,Fri-0DTE,mid,100.0,6,11:30,2938,13.955,96.0,False
NVDA,put,Fri-0DTE,mid,100.0,7,13:30,2465,13.509,55.0,False
NVDA,put,Fri-0DTE,mid,100.0,8,12:00,2829,13.468,97.0,False
NVDA,put,Fri-0DTE,mid,100.0,9,13:00,2554,13.195,74.0,False
NVDA,put,Fri-0DTE,mid,100.0,10,14:00,2503,11.027,58.0,False
NVDA,put,Fri-0DTE,mid,100.0,11,14:30,2426,9.975,48.0,False
NVDA,put,Fri-0DTE,mid,100.0,12,15:00,2465,9.087,25.0,False
NVDA,put,Fri-0DTE,mid,100.0,13,15:30,523,6.501,20.0,False
NVDA,put,Fri-0DTE,market,30.0,1,09:30,3237,31.14,36.0,False
NVDA,put,Fri-0DTE,market,30.0,2,10:00,3619,29.428,36.0,False
NVDA,put,Fri-0DTE,market,30.0,3,10:30,3302,25.712,42.0,False
NVDA,put,Fri-0DTE,market,30.0,4,11:00,3059,23.668,53.0,False
NVDA,put,Fri-0DTE,market,30.0,5,11:30,2938,23.485,76.5,False
NVDA,put,Fri-0DTE,market,30.0,6,12:30,2658,21.407,66.0,False
NVDA,put,Fri-0DTE,market,30.0,7,13:30,2465,21.217,52.0,False
NVDA,put,Fri-0DTE,market,30.0,8,12:00,2829,20.714,70.5,False
NVDA,put,Fri-0DTE,market,30.0,9,13:00,2554,20.164,66.0,False
NVDA,put,Fri-0DTE,market,30.0,10,14:00,2503,17.219,48.0,False
NVDA,put,Fri-0DTE,market,30.0,11,14:30,2426,15.251,43.5,False
NVDA,put,Fri-0DTE,market,30.0,12,15:00,2465,13.387,26.0,False
NVDA,put,Fri-0DTE,market,30.0,13,15:30,523,9.56,20.0,False
NVDA,put,Fri-0DTE,market,50.0,1,09:30,3237,23.479,49.0,False
NVDA,put,Fri-0DTE,market,50.0,2,10:00,3619,21.995,48.0,False
NVDA,put,Fri-0DTE,market,50.0,3,10:30,3302,18.746,58.0,False
NVDA,put,Fri-0DTE,market,50.0,4,11:00,3059,17.064,76.0,False
NVDA,put,Fri-0DTE,market,50.0,5,11:30,2938,16.44,95.0,False
NVDA,put,Fri-0DTE,market,50.0,6,12:30,2658,15.801,68.0,False
NVDA,put,Fri-0DTE,market,50.0,7,13:30,2465,15.01,62.0,False
NVDA,put,Fri-0DTE,market,50.0,8,12:00,2829,14.846,91.0,False
NVDA,put,Fri-0DTE,market,50.0,9,13:00,2554,14.096,78.0,False
NVDA,put,Fri-0DTE,market,50.0,10,14:00,2503,12.145,63.0,False
NVDA,put,Fri-0DTE,market,50.0,11,14:30,2426,10.8,48.5,False
NVDA,put,Fri-0DTE,market,50.0,12,15:00,2465,9.939,30.0,False
NVDA,put,Fri-0DTE,market,50.0,13,15:30,523,6.501,20.0,False
NVDA,put,Fri-0DTE,market,75.0,1,09:30,3237,18.227,63.5,False
NVDA,put,Fri-0DTE,market,75.0,2,10:00,3619,16.109,61.0,False
NVDA,put,Fri-0DTE,market,75.0,3,10:30,3302,14.204,74.0,False
NVDA,put,Fri-0DTE,market,75.0,4,11:30,2938,12.083,114.0,False
NVDA,put,Fri-0DTE,market,75.0,5,12:30,2658,11.851,88.0,False
NVDA,put,Fri-0DTE,market,75.0,6,11:00,3059,11.769,85.0,False
NVDA,put,Fri-0DTE,market,75.0,7,12:00,2829,11.276,113.0,False
NVDA,put,Fri-0DTE,market,75.0,8,13:00,2554,10.728,87.0,False
NVDA,put,Fri-0DTE,market,75.0,9,13:30,2465,10.264,80.0,False
NVDA,put,Fri-0DTE,market,75.0,10,14:00,2503,8.829,68.0,False
NVDA,put,Fri-0DTE,market,75.0,11,14:30,2426,7.955,55.0,False
NVDA,put,Fri-0DTE,market,75.0,12,15:00,2465,7.14,32.0,False
NVDA,put,Fri-0DTE,market,75.0,13,15:30,523,4.78,20.0,False
NVDA,put,Fri-0DTE,market,100.0,1,09:30,3237,14.365,71.0,False
NVDA,put,Fri-0DTE,market,100.0,2,10:00,3619,12.655,74.0,False
NVDA,put,Fri-0DTE,market,100.0,3,10:30,3302,10.721,84.5,False
NVDA,put,Fri-0DTE,market,100.0,4,11:00,3059,9.611,108.5,False
NVDA,put,Fri-0DTE,market,100.0,5,12:30,2658,9.368,102.0,False
NVDA,put,Fri-0DTE,market,100.0,6,11:30,2938,8.85,137.0,False
NVDA,put,Fri-0DTE,market,100.0,7,12:00,2829,8.625,136.0,False
NVDA,put,Fri-0DTE,market,100.0,8,13:30,2465,8.357,93.5,False
NVDA,put,Fri-0DTE,market,100.0,9,13:00,2554,8.105,101.0,False
NVDA,put,Fri-0DTE,market,100.0,10,14:00,2503,7.191,70.0,False
NVDA,put,Fri-0DTE,market,100.0,11,14:30,2426,6.554,56.0,False
NVDA,put,Fri-0DTE,market,100.0,12,15:00,2465,5.801,32.0,False
NVDA,put,Fri-0DTE,market,100.0,13,15:30,523,3.442,20.5,False
NVDA,call,Wed-0DTE,mid,30.0,1,10:00,729,47.462,30.0,False
NVDA,call,Wed-0DTE,mid,30.0,2,10:30,698,42.264,22.0,False
NVDA,call,Wed-0DTE,mid,30.0,3,09:30,651,38.556,21.0,False
NVDA,call,Wed-0DTE,mid,30.0,4,14:00,565,34.336,25.5,False
NVDA,call,Wed-0DTE,mid,30.0,5,11:30,622,34.244,33.0,False
NVDA,call,Wed-0DTE,mid,30.0,6,13:00,582,32.302,26.0,False
NVDA,call,Wed-0DTE,mid,30.0,7,13:30,584,31.164,29.0,False
NVDA,call,Wed-0DTE,mid,30.0,8,12:00,620,31.129,29.0,False
NVDA,call,Wed-0DTE,mid,30.0,9,11:00,656,31.098,32.5,False
NVDA,call,Wed-0DTE,mid,30.0,10,12:30,590,29.831,30.5,False
NVDA,call,Wed-0DTE,mid,30.0,11,15:00,542,28.044,21.0,False
NVDA,call,Wed-0DTE,mid,30.0,12,14:30,540,26.852,20.0,False
NVDA,call,Wed-0DTE,mid,30.0,13,15:30,128,21.875,15.5,False
NVDA,call,Wed-0DTE,mid,50.0,1,10:00,729,33.196,43.0,False
NVDA,call,Wed-0DTE,mid,50.0,2,10:30,698,31.089,30.0,False
NVDA,call,Wed-0DTE,mid,50.0,3,09:30,651,26.575,30.0,False
NVDA,call,Wed-0DTE,mid,50.0,4,11:30,622,23.633,45.0,False
NVDA,call,Wed-0DTE,mid,50.0,5,14:00,565,22.832,30.0,False
NVDA,call,Wed-0DTE,mid,50.0,6,12:00,620,21.935,59.5,False
NVDA,call,Wed-0DTE,mid,50.0,7,11:00,656,21.646,54.0,False
NVDA,call,Wed-0DTE,mid,50.0,8,13:00,582,21.306,31.5,False
NVDA,call,Wed-0DTE,mid,50.0,9,12:30,590,18.814,40.0,False
NVDA,call,Wed-0DTE,mid,50.0,10,13:30,584,17.637,31.0,False
NVDA,call,Wed-0DTE,mid,50.0,11,14:30,540,17.593,24.0,False
NVDA,call,Wed-0DTE,mid,50.0,12,15:00,542,17.343,25.5,False
NVDA,call,Wed-0DTE,mid,50.0,13,15:30,128,12.5,21.5,False
NVDA,call,Wed-0DTE,mid,75.0,1,10:00,729,21.674,51.0,False
NVDA,call,Wed-0DTE,mid,75.0,2,10:30,698,20.057,53.5,False
NVDA,call,Wed-0DTE,mid,75.0,3,09:30,651,19.969,40.0,False
NVDA,call,Wed-0DTE,mid,75.0,4,12:00,620,16.613,73.0,False
NVDA,call,Wed-0DTE,mid,75.0,5,14:00,565,16.283,39.5,False
NVDA,call,Wed-0DTE,mid,75.0,6,12:30,590,15.763,58.0,False
NVDA,call,Wed-0DTE,mid,75.0,7,11:30,622,15.273,56.0,False
NVDA,call,Wed-0DTE,mid,75.0,8,11:00,656,14.482,77.0,False
NVDA,call,Wed-0DTE,mid,75.0,9,13:00,582,14.261,37.0,False
NVDA,call,Wed-0DTE,mid,75.0,10,14:30,540,13.889,46.0,False
NVDA,call,Wed-0DTE,mid,75.0,11,15:00,542,13.1,32.0,False
NVDA,call,Wed-0DTE,mid,75.0,12,13:30,584,12.671,40.5,False
NVDA,call,Wed-0DTE,mid,75.0,13,15:30,128,10.938,23.5,False
NVDA,call,Wed-0DTE,mid,100.0,1,10:00,729,15.501,63.0,False
NVDA,call,Wed-0DTE,mid,100.0,2,09:30,651,15.361,39.5,False
NVDA,call,Wed-0DTE,mid,100.0,3,10:30,698,14.613,69.5,False
NVDA,call,Wed-0DTE,mid,100.0,4,14:00,565,12.92,42.0,False
NVDA,call,Wed-0DTE,mid,100.0,5,12:30,590,12.712,71.0,False
NVDA,call,Wed-0DTE,mid,100.0,6,14:30,540,11.852,49.5,False
NVDA,call,Wed-0DTE,mid,100.0,7,11:00,656,11.738,100.0,False
NVDA,call,Wed-0DTE,mid,100.0,8,12:00,620,11.613,84.5,False
NVDA,call,Wed-0DTE,mid,100.0,9,11:30,622,11.576,79.5,False
NVDA,call,Wed-0DTE,mid,100.0,10,13:00,582,11.168,51.0,False
NVDA,call,Wed-0DTE,mid,100.0,11,15:00,542,10.517,32.0,False
NVDA,call,Wed-0DTE,mid,100.0,12,15:30,128,9.375,24.0,False
NVDA,call,Wed-0DTE,mid,100.0,13,13:30,584,7.705,52.0,False
NVDA,call,Wed-0DTE,market,30.0,1,10:00,729,32.373,50.0,False
NVDA,call,Wed-0DTE,market,30.0,2,10:30,698,28.653,45.0,False
NVDA,call,Wed-0DTE,market,30.0,3,09:30,651,28.264,36.0,False
NVDA,call,Wed-0DTE,market,30.0,4,11:30,622,23.151,59.0,False
NVDA,call,Wed-0DTE,market,30.0,5,14:00,565,22.124,37.0,False
NVDA,call,Wed-0DTE,market,30.0,6,11:00,656,22.104,63.0,False
NVDA,call,Wed-0DTE,market,30.0,7,12:00,620,21.613,73.5,False
NVDA,call,Wed-0DTE,market,30.0,8,13:00,582,20.103,38.0,False
NVDA,call,Wed-0DTE,market,30.0,9,12:30,590,19.492,53.0,False
NVDA,call,Wed-0DTE,market,30.0,10,13:30,584,18.664,41.0,False
NVDA,call,Wed-0DTE,market,30.0,11,14:30,540,17.407,30.0,False
NVDA,call,Wed-0DTE,market,30.0,12,15:00,542,16.605,29.5,False
NVDA,call,Wed-0DTE,market,30.0,13,15:30,128,11.719,21.0,False
NVDA,call,Wed-0DTE,market,50.0,1,10:00,729,23.32,60.0,False
NVDA,call,Wed-0DTE,market,50.0,2,09:30,651,21.659,62.0,False
NVDA,call,Wed-0DTE,market,50.0,3,10:30,698,21.06,63.0,False
NVDA,call,Wed-0DTE,market,50.0,4,11:00,656,16.616,81.0,False
NVDA,call,Wed-0DTE,market,50.0,5,12:00,620,16.613,91.0,False
NVDA,call,Wed-0DTE,market,50.0,6,11:30,622,15.434,93.0,False
NVDA,call,Wed-0DTE,market,50.0,7,12:30,590,15.085,65.0,False
NVDA,call,Wed-0DTE,market,50.0,8,14:00,565,14.513,43.5,False
NVDA,call,Wed-0DTE,market,50.0,9,13:00,582,14.261,52.0,False
NVDA,call,Wed-0DTE,market,50.0,10,14:30,540,13.148,45.0,False
NVDA,call,Wed-0DTE,market,50.0,11,15:00,542,10.517,33.0,False
NVDA,call,Wed-0DTE,market,50.0,12,13:30,584,10.445,48.0,False
NVDA,call,Wed-0DTE,market,50.0,13,15:30,128,7.031,21.0,False
NVDA,call,Wed-0DTE,market,75.0,1,09:30,651,16.129,76.0,False
NVDA,call,Wed-0DTE,market,75.0,2,10:00,729,15.364,75.0,False
NVDA,call,Wed-0DTE,market,75.0,3,10:30,698,14.183,111.0,False
NVDA,call,Wed-0DTE,market,75.0,4,12:30,590,12.881,82.0,False
NVDA,call,Wed-0DTE,market,75.0,5,11:00,656,12.195,102.0,False
NVDA,call,Wed-0DTE,market,75.0,6,12:00,620,12.097,101.0,False
NVDA,call,Wed-0DTE,market,75.0,7,11:30,622,10.772,108.0,False
NVDA,call,Wed-0DTE,market,75.0,8,14:00,565,9.735,46.0,False
NVDA,call,Wed-0DTE,market,75.0,9,13:00,582,9.45,61.0,False
NVDA,call,Wed-0DTE,market,75.0,10,14:30,540,8.704,40.0,False
NVDA,call,Wed-0DTE,market,75.0,11,13:30,584,5.822,55.0,False
NVDA,call,Wed-0DTE,market,75.0,12,15:00,542,4.797,33.0,False
NVDA,call,Wed-0DTE,market,75.0,13,15:30,128,4.688,19.0,False
NVDA,call,Wed-0DTE,market,100.0,1,09:30,651,12.442,98.0,False
NVDA,call,Wed-0DTE,market,100.0,2,10:00,729,10.837,158.0,False
NVDA,call,Wed-0DTE,market,100.0,3,11:00,656,10.213,129.0,False
NVDA,call,Wed-0DTE,market,100.0,4,12:30,590,10.0,91.0,False
NVDA,call,Wed-0DTE,market,100.0,5,12:00,620,10.0,125.5,False
NVDA,call,Wed-0DTE,market,100.0,6,10:30,698,9.742,158.5,False
NVDA,call,Wed-0DTE,market,100.0,7,11:30,622,9.003,111.5,False
NVDA,call,Wed-0DTE,market,100.0,8,13:00,582,7.732,68.0,False
NVDA,call,Wed-0DTE,market,100.0,9,14:00,565,6.549,48.0,False
NVDA,call,Wed-0DTE,market,100.0,10,14:30,540,5.37,29.0,False
NVDA,call,Wed-0DTE,market,100.0,11,13:30,584,4.623,56.0,False
NVDA,call,Wed-0DTE,market,100.0,12,15:30,128,3.906,20.0,False
NVDA,call,Wed-0DTE,market,100.0,13,15:00,542,2.952,26.5,False
NVDA,put,Wed-0DTE,mid,30.0,1,09:30,631,53.883,14.5,False
NVDA,put,Wed-0DTE,mid,30.0,2,12:00,515,53.204,42.0,False
NVDA,put,Wed-0DTE,mid,30.0,3,11:30,567,52.734,60.0,False
NVDA,put,Wed-0DTE,mid,30.0,4,11:00,592,51.689,68.5,False
NVDA,put,Wed-0DTE,mid,30.0,5,12:30,529,51.418,36.0,False
NVDA,put,Wed-0DTE,mid,30.0,6,10:00,685,50.365,40.0,False
NVDA,put,Wed-0DTE,mid,30.0,7,10:30,647,48.068,28.0,False
NVDA,put,Wed-0DTE,mid,30.0,8,13:30,517,45.841,24.0,False
NVDA,put,Wed-0DTE,mid,30.0,9,13:00,543,42.91,40.0,False
NVDA,put,Wed-0DTE,mid,30.0,10,14:30,474,41.35,19.0,False
NVDA,put,Wed-0DTE,mid,30.0,11,14:00,508,38.78,24.0,False
NVDA,put,Wed-0DTE,mid,30.0,12,15:00,479,32.359,17.0,False
NVDA,put,Wed-0DTE,mid,30.0,13,15:30,117,21.368,10.0,False
NVDA,put,Wed-0DTE,mid,50.0,1,12:00,515,43.883,73.5,False
NVDA,put,Wed-0DTE,mid,50.0,2,09:30,631,41.363,28.0,False
NVDA,put,Wed-0DTE,mid,50.0,3,12:30,529,40.076,63.0,False
NVDA,put,Wed-0DTE,mid,50.0,4,11:30,567,38.801,72.0,False
NVDA,put,Wed-0DTE,mid,50.0,5,11:00,592,37.331,96.0,False
NVDA,put,Wed-0DTE,mid,50.0,6,10:30,647,36.476,45.5,False
NVDA,put,Wed-0DTE,mid,50.0,7,10:00,685,35.912,52.5,False
NVDA,put,Wed-0DTE,mid,50.0,8,13:00,543,31.492,45.0,False
NVDA,put,Wed-0DTE,mid,50.0,9,13:30,517,31.335,32.5,False
NVDA,put,Wed-0DTE,mid,50.0,10,14:30,474,28.692,24.5,False
NVDA,put,Wed-0DTE,mid,50.0,11,14:00,508,25.591,31.5,False
NVDA,put,Wed-0DTE,mid,50.0,12,15:00,479,21.086,22.0,False
NVDA,put,Wed-0DTE,mid,50.0,13,15:30,117,11.966,9.0,False
NVDA,put,Wed-0DTE,mid,75.0,1,12:00,515,33.786,91.0,False
NVDA,put,Wed-0DTE,mid,75.0,2,12:30,529,30.435,70.0,False
NVDA,put,Wed-0DTE,mid,75.0,3,09:30,631,29.794,47.5,False
NVDA,put,Wed-0DTE,mid,75.0,4,11:30,567,28.219,82.5,False
NVDA,put,Wed-0DTE,mid,75.0,5,10:30,647,27.048,110.0,False
NVDA,put,Wed-0DTE,mid,75.0,6,10:00,685,26.715,66.0,False
NVDA,put,Wed-0DTE,mid,75.0,7,11:00,592,25.0,101.0,False
NVDA,put,Wed-0DTE,mid,75.0,8,13:00,543,23.389,45.0,False
NVDA,put,Wed-0DTE,mid,75.0,9,13:30,517,22.631,35.0,False
NVDA,put,Wed-0DTE,mid,75.0,10,14:00,508,21.063,44.0,False
NVDA,put,Wed-0DTE,mid,75.0,11,14:30,474,20.464,29.0,False
NVDA,put,Wed-0DTE,mid,75.0,12,15:00,479,14.405,19.0,False
NVDA,put,Wed-0DTE,mid,75.0,13,15:30,117,9.402,9.0,False
NVDA,put,Wed-0DTE,mid,100.0,1,12:00,515,25.243,100.0,False
NVDA,put,Wed-0DTE,mid,100.0,2,12:30,529,23.629,75.0,False
NVDA,put,Wed-0DTE,mid,100.0,3,11:30,567,22.222,128.0,False
NVDA,put,Wed-0DTE,mid,100.0,4,09:30,631,22.029,70.0,False
NVDA,put,Wed-0DTE,mid,100.0,5,10:30,647,21.329,131.0,False
NVDA,put,Wed-0DTE,mid,100.0,6,13:00,543,20.626,49.0,False
NVDA,put,Wed-0DTE,mid,100.0,7,10:00,685,19.708,75.0,False
NVDA,put,Wed-0DTE,mid,100.0,8,11:00,592,19.426,116.0,False
NVDA,put,Wed-0DTE,mid,100.0,9,13:30,517,17.602,34.0,False
NVDA,put,Wed-0DTE,mid,100.0,10,14:00,508,16.732,48.0,False
NVDA,put,Wed-0DTE,mid,100.0,11,14:30,474,16.456,35.0,False
NVDA,put,Wed-0DTE,mid,100.0,12,15:00,479,12.317,28.0,False
NVDA,put,Wed-0DTE,mid,100.0,13,15:30,117,8.547,11.5,False
NVDA,put,Wed-0DTE,market,30.0,1,09:30,631,40.095,30.0,False
NVDA,put,Wed-0DTE,market,30.0,2,12:00,515,39.417,78.0,False
NVDA,put,Wed-0DTE,market,30.0,3,12:30,529,37.618,72.0,False
NVDA,put,Wed-0DTE,market,30.0,4,11:30,567,36.508,72.0,False
NVDA,put,Wed-0DTE,market,30.0,5,10:00,685,36.204,52.0,False
NVDA,put,Wed-0DTE,market,30.0,6,11:00,592,35.811,92.0,False
NVDA,put,Wed-0DTE,market,30.0,7,10:30,647,34.621,66.0,False
NVDA,put,Wed-0DTE,market,30.0,8,13:30,517,32.302,34.0,False
NVDA,put,Wed-0DTE,market,30.0,9,13:00,543,30.755,54.0,False
NVDA,put,Wed-0DTE,market,30.0,10,14:30,474,27.426,28.5,False
NVDA,put,Wed-0DTE,market,30.0,11,14:00,508,23.819,37.0,False
NVDA,put,Wed-0DTE,market,30.0,12,15:00,479,18.58,20.0,False
NVDA,put,Wed-0DTE,market,30.0,13,15:30,117,12.821,16.0,False
NVDA,put,Wed-0DTE,market,50.0,1,12:00,515,31.068,98.0,False
NVDA,put,Wed-0DTE,market,50.0,2,09:30,631,29.794,58.5,False
NVDA,put,Wed-0DTE,market,50.0,3,12:30,529,28.544,80.0,False
NVDA,put,Wed-0DTE,market,50.0,4,11:30,567,27.337,96.0,False
NVDA,put,Wed-0DTE,market,50.0,5,11:00,592,27.196,117.0,False
NVDA,put,Wed-0DTE,market,50.0,6,10:00,685,25.839,72.0,False
NVDA,put,Wed-0DTE,market,50.0,7,10:30,647,25.193,130.0,False
NVDA,put,Wed-0DTE,market,50.0,8,13:30,517,21.857,41.0,False
NVDA,put,Wed-0DTE,market,50.0,9,13:00,543,21.731,58.0,False
NVDA,put,Wed-0DTE,market,50.0,10,14:00,508,18.701,46.0,False
NVDA,put,Wed-0DTE,market,50.0,11,14:30,474,17.511,32.0,False
NVDA,put,Wed-0DTE,market,50.0,12,15:00,479,12.526,24.0,False
NVDA,put,Wed-0DTE,market,50.0,13,15:30,117,5.983,17.0,False
NVDA,put,Wed-0DTE,market,75.0,1,12:00,515,22.33,104.0,False
NVDA,put,Wed-0DTE,market,75.0,2,09:30,631,21.712,75.0,False
NVDA,put,Wed-0DTE,market,75.0,3,11:30,567,20.635,107.0,False
NVDA,put,Wed-0DTE,market,75.0,4,10:30,647,19.32,135.0,False
NVDA,put,Wed-0DTE,market,75.0,5,12:30,529,19.282,85.0,False
NVDA,put,Wed-0DTE,market,75.0,6,11:00,592,18.243,135.0,False
NVDA,put,Wed-0DTE,market,75.0,7,10:00,685,18.102,161.0,False
NVDA,put,Wed-0DTE,market,75.0,8,13:00,543,14.549,57.0,False
NVDA,put,Wed-0DTE,market,75.0,9,14:00,508,13.78,50.0,False
NVDA,put,Wed-0DTE,market,75.0,10,13:30,517,13.733,57.0,False
NVDA,put,Wed-0DTE,market,75.0,11,14:30,474,12.658,39.0,False
NVDA,put,Wed-0DTE,market,75.0,12,15:00,479,8.559,27.0,False
NVDA,put,Wed-0DTE,market,75.0,13,15:30,117,3.419,15.0,False
NVDA,put,Wed-0DTE,market,100.0,1,12:00,515,16.505,110.0,False
NVDA,put,Wed-0DTE,market,100.0,2,10:30,647,15.456,140.5,False
NVDA,put,Wed-0DTE,market,100.0,3,09:30,631,15.372,79.0,False
NVDA,put,Wed-0DTE,market,100.0,4,11:30,567,15.344,134.0,False
NVDA,put,Wed-0DTE,market,100.0,5,11:00,592,13.176,133.0,False
NVDA,put,Wed-0DTE,market,100.0,6,10:00,685,12.993,161.0,False
NVDA,put,Wed-0DTE,market,100.0,7,12:30,529,12.476,85.0,False
NVDA,put,Wed-0DTE,market,100.0,8,13:00,543,11.418,68.5,False
NVDA,put,Wed-0DTE,market,100.0,9,14:00,508,10.63,56.0,False
NVDA,put,Wed-0DTE,market,100.0,10,13:30,517,10.251,52.0,False
NVDA,put,Wed-0DTE,market,100.0,11,14:30,474,9.916,40.0,False
NVDA,put,Wed-0DTE,market,100.0,12,15:00,479,6.681,30.0,False
NVDA,put,Wed-0DTE,market,100.0,13,15:30,117,3.419,16.0,False
NVDA,call,Mon-0DTE,mid,30.0,1,10:30,645,52.713,44.0,False
NVDA,call,Mon-0DTE,mid,30.0,2,10:00,676,51.775,36.5,False
NVDA,call,Mon-0DTE,mid,30.0,3,11:00,590,45.424,32.0,False
NVDA,call,Mon-0DTE,mid,30.0,4,09:30,637,45.369,42.0,False
NVDA,call,Mon-0DTE,mid,30.0,5,11:30,550,41.636,31.0,False
NVDA,call,Mon-0DTE,mid,30.0,6,12:00,550,39.273,21.0,False
NVDA,call,Mon-0DTE,mid,30.0,7,12:30,546,38.095,34.5,False
NVDA,call,Mon-0DTE,mid,30.0,8,13:00,528,35.227,32.0,False
NVDA,call,Mon-0DTE,mid,30.0,9,13:30,506,33.597,22.0,False
NVDA,call,Mon-0DTE,mid,30.0,10,14:00,488,30.123,25.0,False
NVDA,call,Mon-0DTE,mid,30.0,11,14:30,482,24.274,24.0,False
NVDA,call,Mon-0DTE,mid,30.0,12,15:00,498,19.277,13.0,False
NVDA,call,Mon-0DTE,mid,30.0,13,15:30,128,15.625,12.0,False
NVDA,call,Mon-0DTE,mid,50.0,1,10:00,676,37.574,53.5,False
NVDA,call,Mon-0DTE,mid,50.0,2,10:30,645,36.899,61.0,False
NVDA,call,Mon-0DTE,mid,50.0,3,11:00,590,33.39,50.0,False
NVDA,call,Mon-0DTE,mid,50.0,4,11:30,550,31.818,44.0,False
NVDA,call,Mon-0DTE,mid,50.0,5,09:30,637,31.397,106.5,False
NVDA,call,Mon-0DTE,mid,50.0,6,12:00,550,29.636,29.0,False
NVDA,call,Mon-0DTE,mid,50.0,7,12:30,546,27.839,62.0,False
NVDA,call,Mon-0DTE,mid,50.0,8,13:00,528,26.894,43.0,False
NVDA,call,Mon-0DTE,mid,50.0,9,13:30,506,22.727,25.0,False
NVDA,call,Mon-0DTE,mid,50.0,10,14:00,488,20.697,35.0,False
NVDA,call,Mon-0DTE,mid,50.0,11,14:30,482,19.087,26.5,False
NVDA,call,Mon-0DTE,mid,50.0,12,15:00,498,14.056,14.5,False
NVDA,call,Mon-0DTE,mid,50.0,13,15:30,128,10.156,14.0,False
NVDA,call,Mon-0DTE,mid,75.0,1,10:00,676,31.509,101.0,False
NVDA,call,Mon-0DTE,mid,75.0,2,10:30,645,27.907,83.5,False
NVDA,call,Mon-0DTE,mid,75.0,3,11:00,590,27.458,71.0,False
NVDA,call,Mon-0DTE,mid,75.0,4,11:30,550,26.182,50.5,False
NVDA,call,Mon-0DTE,mid,75.0,5,09:30,637,24.49,143.0,False
NVDA,call,Mon-0DTE,mid,75.0,6,12:00,550,22.545,70.0,False
NVDA,call,Mon-0DTE,mid,75.0,7,12:30,546,22.344,72.5,False
NVDA,call,Mon-0DTE,mid,75.0,8,13:00,528,21.023,51.0,False
NVDA,call,Mon-0DTE,mid,75.0,9,13:30,506,17.391,34.0,False
NVDA,call,Mon-0DTE,mid,75.0,10,14:30,482,14.73,25.0,False
NVDA,call,Mon-0DTE,mid,75.0,11,14:00,488,14.549,46.0,False
NVDA,call,Mon-0DTE,mid,75.0,12,15:00,498,10.643,23.0,False
NVDA,call,Mon-0DTE,mid,75.0,13,15:30,128,4.688,21.0,False
NVDA,call,Mon-0DTE,mid,100.0,1,10:00,676,24.852,106.0,False
NVDA,call,Mon-0DTE,mid,100.0,2,10:30,645,23.876,92.0,False
NVDA,call,Mon-0DTE,mid,100.0,3,11:00,590,23.051,73.0,False
NVDA,call,Mon-0DTE,mid,100.0,4,11:30,550,22.364,55.0,False
NVDA,call,Mon-0DTE,mid,100.0,5,09:30,637,20.094,160.0,False
NVDA,call,Mon-0DTE,mid,100.0,6,12:00,550,19.455,82.0,False
NVDA,call,Mon-0DTE,mid,100.0,7,12:30,546,18.498,78.0,False
NVDA,call,Mon-0DTE,mid,100.0,8,13:00,528,17.235,54.0,False
NVDA,call,Mon-0DTE,mid,100.0,9,13:30,506,14.229,40.0,False
NVDA,call,Mon-0DTE,mid,100.0,10,14:30,482,12.448,28.5,False
NVDA,call,Mon-0DTE,mid,100.0,11,14:00,488,12.09,50.0,False
NVDA,call,Mon-0DTE,mid,100.0,12,15:00,498,8.032,16.5,False
NVDA,call,Mon-0DTE,mid,100.0,13,15:30,128,3.125,19.5,False
NVDA,call,Mon-0DTE,market,30.0,1,10:00,676,41.716,50.0,False
NVDA,call,Mon-0DTE,market,30.0,2,10:30,645,40.93,65.5,False
NVDA,call,Mon-0DTE,market,30.0,3,11:00,590,34.746,51.0,False
NVDA,call,Mon-0DTE,market,30.0,4,09:30,637,34.223,66.5,False
NVDA,call,Mon-0DTE,market,30.0,5,11:30,550,30.909,43.0,False
NVDA,call,Mon-0DTE,market,30.0,6,12:30,546,30.403,65.0,False
NVDA,call,Mon-0DTE,market,30.0,7,12:00,550,29.273,38.0,False
NVDA,call,Mon-0DTE,market,30.0,8,13:00,528,28.409,45.0,False
NVDA,call,Mon-0DTE,market,30.0,9,13:30,506,25.692,29.5,False
NVDA,call,Mon-0DTE,market,30.0,10,14:00,488,20.082,41.0,False
NVDA,call,Mon-0DTE,market,30.0,11,14:30,482,18.257,29.0,False
NVDA,call,Mon-0DTE,market,30.0,12,15:00,498,13.655,18.5,False
NVDA,call,Mon-0DTE,market,30.0,13,15:30,128,8.594,12.0,False
NVDA,call,Mon-0DTE,market,50.0,1,10:00,676,32.988,85.0,False
NVDA,call,Mon-0DTE,market,50.0,2,10:30,645,28.992,86.0,False
NVDA,call,Mon-0DTE,market,50.0,3,11:00,590,26.441,77.0,False
NVDA,call,Mon-0DTE,market,50.0,4,09:30,637,26.217,122.0,False
NVDA,call,Mon-0DTE,market,50.0,5,11:30,550,25.273,57.0,False
NVDA,call,Mon-0DTE,market,50.0,6,12:00,550,23.091,89.0,False
NVDA,call,Mon-0DTE,market,50.0,7,12:30,546,22.527,70.0,False
NVDA,call,Mon-0DTE,market,50.0,8,13:00,528,21.212,52.0,False
NVDA,call,Mon-0DTE,market,50.0,9,13:30,506,18.379,37.0,False
NVDA,call,Mon-0DTE,market,50.0,10,14:30,482,12.863,30.0,False
NVDA,call,Mon-0DTE,market,50.0,11,14:00,488,11.885,49.5,False
NVDA,call,Mon-0DTE,market,50.0,12,15:00,498,10.643,23.0,False
NVDA,call,Mon-0DTE,market,50.0,13,15:30,128,6.25,15.5,False
NVDA,call,Mon-0DTE,market,75.0,1,10:00,676,26.183,122.0,False
NVDA,call,Mon-0DTE,market,75.0,2,11:00,590,22.542,87.0,False
NVDA,call,Mon-0DTE,market,75.0,3,10:30,645,22.326,102.0,False
NVDA,call,Mon-0DTE,market,75.0,4,09:30,637,21.036,162.5,False
NVDA,call,Mon-0DTE,market,75.0,5,11:30,550,20.727,106.0,False
NVDA,call,Mon-0DTE,market,75.0,6,12:00,550,18.727,103.0,False
NVDA,call,Mon-0DTE,market,75.0,7,12:30,546,16.85,76.5,False
NVDA,call,Mon-0DTE,market,75.0,8,13:00,528,14.962,59.0,False
NVDA,call,Mon-0DTE,market,75.0,9,13:30,506,12.846,46.0,False
NVDA,call,Mon-0DTE,market,75.0,10,14:30,482,10.166,29.0,False
NVDA,call,Mon-0DTE,market,75.0,11,14:00,488,8.402,64.0,False
NVDA,call,Mon-0DTE,market,75.0,12,15:00,498,7.631,18.5,False
NVDA,call,Mon-0DTE,market,75.0,13,15:30,128,2.344,18.0,False
NVDA,call,Mon-0DTE,market,100.0,1,10:00,676,19.97,135.0,False
NVDA,call,Mon-0DTE,market,100.0,2,10:30,645,18.76,118.0,False
NVDA,call,Mon-0DTE,market,100.0,3,11:00,590,17.627,120.0,False
NVDA,call,Mon-0DTE,market,100.0,4,11:30,550,17.455,115.5,False
NVDA,call,Mon-0DTE,market,100.0,5,09:30,637,16.327,164.5,False
NVDA,call,Mon-0DTE,market,100.0,6,12:00,550,15.636,102.5,False
NVDA,call,Mon-0DTE,market,100.0,7,12:30,546,13.736,84.0,False
NVDA,call,Mon-0DTE,market,100.0,8,13:00,528,12.121,61.5,False
NVDA,call,Mon-0DTE,market,100.0,9,13:30,506,8.893,65.0,False
NVDA,call,Mon-0DTE,market,100.0,10,14:30,482,8.506,31.0,False
NVDA,call,Mon-0DTE,market,100.0,11,14:00,488,6.557,64.5,False
NVDA,call,Mon-0DTE,market,100.0,12,15:00,498,5.823,14.0,False
NVDA,call,Mon-0DTE,market,100.0,13,15:30,128,2.344,19.0,False
NVDA,put,Mon-0DTE,mid,30.0,1,09:30,614,50.977,17.0,False
NVDA,put,Mon-0DTE,mid,30.0,2,10:00,652,46.779,15.0,False
NVDA,put,Mon-0DTE,mid,30.0,3,10:30,608,39.309,29.0,False
NVDA,put,Mon-0DTE,mid,30.0,4,11:00,559,38.998,24.0,False
NVDA,put,Mon-0DTE,mid,30.0,5,11:30,543,38.306,33.0,False
NVDA,put,Mon-0DTE,mid,30.0,6,12:00,509,36.346,26.0,False
NVDA,put,Mon-0DTE,mid,30.0,7,14:30,429,33.566,18.0,False
NVDA,put,Mon-0DTE,mid,30.0,8,12:30,493,32.86,28.0,False
NVDA,put,Mon-0DTE,mid,30.0,9,13:00,496,32.661,40.0,False
NVDA,put,Mon-0DTE,mid,30.0,10,14:00,455,30.549,40.0,False
NVDA,put,Mon-0DTE,mid,30.0,11,13:30,479,29.854,32.0,False
NVDA,put,Mon-0DTE,mid,30.0,12,15:00,419,24.821,10.0,False
NVDA,put,Mon-0DTE,mid,30.0,13,15:30,98,12.245,10.5,False
NVDA,put,Mon-0DTE,mid,50.0,1,09:30,614,39.088,35.5,False
NVDA,put,Mon-0DTE,mid,50.0,2,10:00,652,36.963,21.0,False
NVDA,put,Mon-0DTE,mid,50.0,3,11:00,559,28.265,37.5,False
NVDA,put,Mon-0DTE,mid,50.0,4,12:00,509,26.719,27.5,False
NVDA,put,Mon-0DTE,mid,50.0,5,11:30,543,24.862,44.0,False
NVDA,put,Mon-0DTE,mid,50.0,6,14:30,429,24.709,21.5,False
NVDA,put,Mon-0DTE,mid,50.0,7,10:30,608,24.342,38.0,False
NVDA,put,Mon-0DTE,mid,50.0,8,14:00,455,23.077,45.0,False
NVDA,put,Mon-0DTE,mid,50.0,9,12:30,493,21.907,34.5,False
NVDA,put,Mon-0DTE,mid,50.0,10,13:00,496,21.371,49.5,False
NVDA,put,Mon-0DTE,mid,50.0,11,13:30,479,20.251,51.0,False
NVDA,put,Mon-0DTE,mid,50.0,12,15:00,419,17.422,11.0,False
NVDA,put,Mon-0DTE,mid,50.0,13,15:30,98,7.143,4.0,False
NVDA,put,Mon-0DTE,mid,75.0,1,09:30,614,29.153,40.0,False
NVDA,put,Mon-0DTE,mid,75.0,2,10:00,652,29.141,23.0,False
NVDA,put,Mon-0DTE,mid,75.0,3,14:30,429,19.814,28.0,False
NVDA,put,Mon-0DTE,mid,75.0,4,11:00,559,18.426,63.0,False
NVDA,put,Mon-0DTE,mid,75.0,5,14:00,455,17.582,50.5,False
NVDA,put,Mon-0DTE,mid,75.0,6,11:30,543,17.127,53.0,False
NVDA,put,Mon-0DTE,mid,75.0,7,12:00,509,16.896,40.0,False
NVDA,put,Mon-0DTE,mid,75.0,8,13:30,479,15.24,60.0,False
NVDA,put,Mon-0DTE,mid,75.0,9,13:00,496,14.516,67.5,False
NVDA,put,Mon-0DTE,mid,75.0,10,10:30,608,13.98,38.0,False
NVDA,put,Mon-0DTE,mid,75.0,11,12:30,493,13.185,45.0,False
NVDA,put,Mon-0DTE,mid,75.0,12,15:00,419,12.888,14.0,False
NVDA,put,Mon-0DTE,mid,75.0,13,15:30,98,3.061,17.0,False
NVDA,put,Mon-0DTE,mid,100.0,1,10:00,652,23.466,26.0,False
NVDA,put,Mon-0DTE,mid,100.0,2,09:30,614,22.313,46.0,False
NVDA,put,Mon-0DTE,mid,100.0,3,14:30,429,17.483,33.0,False
NVDA,put,Mon-0DTE,mid,100.0,4,14:00,455,14.725,57.0,False
NVDA,put,Mon-0DTE,mid,100.0,5,11:00,559,13.953,65.5,False
NVDA,put,Mon-0DTE,mid,100.0,6,12:00,509,12.77,52.0,False
NVDA,put,Mon-0DTE,mid,100.0,7,11:30,543,11.234,53.0,False
NVDA,put,Mon-0DTE,mid,100.0,8,13:00,496,10.887,85.0,False
NVDA,put,Mon-0DTE,mid,100.0,9,13:30,479,10.438,66.5,False
NVDA,put,Mon-0DTE,mid,100.0,10,15:00,419,10.263,13.0,False
NVDA,put,Mon-0DTE,mid,100.0,11,12:30,493,9.939,40.0,False
NVDA,put,Mon-0DTE,mid,100.0,12,10:30,608,9.375,41.0,False
NVDA,put,Mon-0DTE,mid,100.0,13,15:30,98,2.041,12.0,False
NVDA,put,Mon-0DTE,market,30.0,1,09:30,614,35.179,22.0,False
NVDA,put,Mon-0DTE,market,30.0,2,10:00,652,32.362,20.0,False
NVDA,put,Mon-0DTE,market,30.0,3,11:00,559,25.939,63.0,False
NVDA,put,Mon-0DTE,market,30.0,4,11:30,543,25.046,49.0,False
NVDA,put,Mon-0DTE,market,30.0,5,12:00,509,24.951,43.0,False
NVDA,put,Mon-0DTE,market,30.0,6,10:30,608,23.355,55.0,False
NVDA,put,Mon-0DTE,market,30.0,7,14:00,455,23.077,49.0,False
NVDA,put,Mon-0DTE,market,30.0,8,14:30,429,22.378,25.5,False
NVDA,put,Mon-0DTE,market,30.0,9,13:00,496,20.766,62.0,False
NVDA,put,Mon-0DTE,market,30.0,10,13:30,479,18.998,71.0,False
NVDA,put,Mon-0DTE,market,30.0,11,12:30,493,18.458,62.0,False
NVDA,put,Mon-0DTE,market,30.0,12,15:00,419,15.274,13.5,False
NVDA,put,Mon-0DTE,market,30.0,13,15:30,98,6.122,12.5,False
NVDA,put,Mon-0DTE,market,50.0,1,09:30,614,27.362,40.0,False
NVDA,put,Mon-0DTE,market,50.0,2,10:00,652,26.074,24.0,False
NVDA,put,Mon-0DTE,market,50.0,3,11:00,559,19.678,74.0,False
NVDA,put,Mon-0DTE,market,50.0,4,14:30,429,17.249,30.0,False
NVDA,put,Mon-0DTE,market,50.0,5,12:00,509,16.896,52.0,False
NVDA,put,Mon-0DTE,market,50.0,6,11:30,543,16.575,55.0,False
NVDA,put,Mon-0DTE,market,50.0,7,14:00,455,15.604,54.0,False
NVDA,put,Mon-0DTE,market,50.0,8,10:30,608,14.638,67.0,False
NVDA,put,Mon-0DTE,market,50.0,9,13:30,479,13.152,74.0,False
NVDA,put,Mon-0DTE,market,50.0,10,13:00,496,13.105,88.0,False
NVDA,put,Mon-0DTE,market,50.0,11,12:30,493,11.968,121.0,False
NVDA,put,Mon-0DTE,market,50.0,12,15:00,419,9.069,13.5,False
NVDA,put,Mon-0DTE,market,50.0,13,15:30,98,2.041,12.0,False
NVDA,put,Mon-0DTE,market,75.0,1,09:30,614,20.684,50.0,False
NVDA,put,Mon-0DTE,market,75.0,2,10:00,652,20.245,29.0,False
NVDA,put,Mon-0DTE,market,75.0,3,11:00,559,13.417,75.0,False
NVDA,put,Mon-0DTE,market,75.0,4,14:30,429,13.054,31.0,False
NVDA,put,Mon-0DTE,market,75.0,5,11:30,543,12.891,106.5,False
NVDA,put,Mon-0DTE,market,75.0,6,12:00,509,11.788,59.5,False
NVDA,put,Mon-0DTE,market,75.0,7,14:00,455,10.989,63.5,False
NVDA,put,Mon-0DTE,market,75.0,8,13:30,479,9.603,80.0,False
NVDA,put,Mon-0DTE,market,75.0,9,13:00,496,8.669,118.0,False
NVDA,put,Mon-0DTE,market,75.0,10,10:30,608,8.553,72.5,False
NVDA,put,Mon-0DTE,market,75.0,11,12:30,493,8.114,126.0,False
NVDA,put,Mon-0DTE,market,75.0,12,15:00,419,6.444,18.0,False
NVDA,put,Mon-0DTE,market,75.0,13,15:30,98,1.02,18.0,False
NVDA,put,Mon-0DTE,market,100.0,1,10:00,652,16.564,30.0,False
NVDA,put,Mon-0DTE,market,100.0,2,09:30,614,14.984,52.5,False
NVDA,put,Mon-0DTE,market,100.0,3,14:30,429,10.956,34.0,False
NVDA,put,Mon-0DTE,market,100.0,4,11:00,559,9.66,80.0,False
NVDA,put,Mon-0DTE,market,100.0,5,11:30,543,9.392,143.0,False
NVDA,put,Mon-0DTE,market,100.0,6,12:00,509,8.841,153.0,False
NVDA,put,Mon-0DTE,market,100.0,7,14:00,455,8.132,64.0,False
NVDA,put,Mon-0DTE,market,100.0,8,13:30,479,6.889,79.0,False
NVDA,put,Mon-0DTE,market,100.0,9,13:00,496,6.048,119.5,False
NVDA,put,Mon-0DTE,market,100.0,10,12:30,493,5.882,125.0,False
NVDA,put,Mon-0DTE,market,100.0,11,10:30,608,5.263,63.0,False
NVDA,put,Mon-0DTE,market,100.0,12,15:00,419,4.057,18.0,False
NVDA,put,Mon-0DTE,market,100.0,13,15:30,98,1.02,20.0,False
GOOGL,call,Fri-0DTE,mid,30.0,1,09:30,2776,47.55,15.0,False
GOOGL,call,Fri-0DTE,mid,30.0,2,11:00,2460,46.789,23.0,False
GOOGL,call,Fri-0DTE,mid,30.0,3,10:30,2746,46.176,26.0,False
GOOGL,call,Fri-0DTE,mid,30.0,4,11:30,2303,45.81,26.0,False
GOOGL,call,Fri-0DTE,mid,30.0,5,13:00,1832,45.742,29.0,False
GOOGL,call,Fri-0DTE,mid,30.0,6,12:00,2134,45.736,29.0,False
GOOGL,call,Fri-0DTE,mid,30.0,7,10:00,3010,44.651,24.0,False
GOOGL,call,Fri-0DTE,mid,30.0,8,12:30,2010,43.93,33.0,False
GOOGL,call,Fri-0DTE,mid,30.0,9,13:30,1775,41.127,19.5,False
GOOGL,call,Fri-0DTE,mid,30.0,10,14:00,1852,34.341,22.0,False
GOOGL,call,Fri-0DTE,mid,30.0,11,14:30,1758,32.082,25.0,False
GOOGL,call,Fri-0DTE,mid,30.0,12,15:00,1977,28.579,20.0,False
GOOGL,call,Fri-0DTE,mid,30.0,13,15:30,464,22.198,14.0,False
GOOGL,call,Fri-0DTE,mid,50.0,1,09:30,2776,35.122,25.0,False
GOOGL,call,Fri-0DTE,mid,50.0,2,11:00,2460,34.837,33.0,False
GOOGL,call,Fri-0DTE,mid,50.0,3,11:30,2303,34.173,44.0,False
GOOGL,call,Fri-0DTE,mid,50.0,4,13:00,1832,32.86,37.0,False
GOOGL,call,Fri-0DTE,mid,50.0,5,10:30,2746,32.593,40.0,False
GOOGL,call,Fri-0DTE,mid,50.0,6,12:00,2134,32.24,48.0,False
GOOGL,call,Fri-0DTE,mid,50.0,7,10:00,3010,31.761,46.5,False
GOOGL,call,Fri-0DTE,mid,50.0,8,12:30,2010,31.095,50.0,False
GOOGL,call,Fri-0DTE,mid,50.0,9,13:30,1775,29.239,28.0,False
GOOGL,call,Fri-0DTE,mid,50.0,10,14:00,1852,22.786,40.0,False
GOOGL,call,Fri-0DTE,mid,50.0,11,14:30,1758,21.16,38.0,False
GOOGL,call,Fri-0DTE,mid,50.0,12,15:00,1977,19.272,25.0,False
GOOGL,call,Fri-0DTE,mid,50.0,13,15:30,464,15.302,17.0,False
GOOGL,call,Fri-0DTE,mid,75.0,1,09:30,2776,26.729,39.5,False
GOOGL,call,Fri-0DTE,mid,75.0,2,11:00,2460,26.301,42.0,False
GOOGL,call,Fri-0DTE,mid,75.0,3,11:30,2303,25.271,61.5,False
GOOGL,call,Fri-0DTE,mid,75.0,4,13:00,1832,24.782,44.5,False
GOOGL,call,Fri-0DTE,mid,75.0,5,12:00,2134,24.274,70.0,False
GOOGL,call,Fri-0DTE,mid,75.0,6,10:30,2746,23.671,48.0,False
GOOGL,call,Fri-0DTE,mid,75.0,7,10:00,3010,23.422,63.0,False
GOOGL,call,Fri-0DTE,mid,75.0,8,12:30,2010,22.338,66.0,False
GOOGL,call,Fri-0DTE,mid,75.0,9,13:30,1775,22.31,35.0,False
GOOGL,call,Fri-0DTE,mid,75.0,10,14:00,1852,16.523,56.0,False
GOOGL,call,Fri-0DTE,mid,75.0,11,14:30,1758,15.984,47.0,False
GOOGL,call,Fri-0DTE,mid,75.0,12,15:00,1977,14.922,28.0,False
GOOGL,call,Fri-0DTE,mid,75.0,13,15:30,464,10.776,17.0,False
GOOGL,call,Fri-0DTE,mid,100.0,1,09:30,2776,21.83,51.0,False
GOOGL,call,Fri-0DTE,mid,100.0,2,11:00,2460,20.976,52.5,False
GOOGL,call,Fri-0DTE,mid,100.0,3,11:30,2303,20.929,75.0,False
GOOGL,call,Fri-0DTE,mid,100.0,4,13:00,1832,19.814,50.0,False
GOOGL,call,Fri-0DTE,mid,100.0,5,10:30,2746,19.337,54.0,False
GOOGL,call,Fri-0DTE,mid,100.0,6,10:00,3010,19.136,70.5,False
GOOGL,call,Fri-0DTE,mid,100.0,7,12:00,2134,18.791,83.0,False
GOOGL,call,Fri-0DTE,mid,100.0,8,12:30,2010,18.657,73.0,False
GOOGL,call,Fri-0DTE,mid,100.0,9,13:30,1775,17.465,42.5,False
GOOGL,call,Fri-0DTE,mid,100.0,10,14:30,1758,13.595,50.0,False
GOOGL,call,Fri-0DTE,mid,100.0,11,14:00,1852,13.013,71.0,False
GOOGL,call,Fri-0DTE,mid,100.0,12,15:00,1977,12.393,30.0,False
GOOGL,call,Fri-0DTE,mid,100.0,13,15:30,464,9.483,19.5,False
GOOGL,call,Fri-0DTE,market,30.0,1,09:30,2776,35.519,27.0,False
GOOGL,call,Fri-0DTE,market,30.0,2,11:00,2460,33.455,42.0,False
GOOGL,call,Fri-0DTE,market,30.0,3,10:30,2746,32.811,48.0,False
GOOGL,call,Fri-0DTE,market,30.0,4,10:00,3010,31.296,50.0,False
GOOGL,call,Fri-0DTE,market,30.0,5,11:30,2303,31.133,58.0,False
GOOGL,call,Fri-0DTE,market,30.0,6,12:00,2134,30.412,58.0,False
GOOGL,call,Fri-0DTE,market,30.0,7,13:00,1832,30.24,43.0,False
GOOGL,call,Fri-0DTE,market,30.0,8,12:30,2010,28.507,63.0,False
GOOGL,call,Fri-0DTE,market,30.0,9,13:30,1775,26.254,33.0,False
GOOGL,call,Fri-0DTE,market,30.0,10,14:00,1852,20.842,45.0,False
GOOGL,call,Fri-0DTE,market,30.0,11,14:30,1758,18.771,45.0,False
GOOGL,call,Fri-0DTE,market,30.0,12,15:00,1977,17.602,30.0,False
GOOGL,call,Fri-0DTE,market,30.0,13,15:30,464,14.44,19.0,False
GOOGL,call,Fri-0DTE,market,50.0,1,09:30,2776,27.378,46.0,False
GOOGL,call,Fri-0DTE,market,50.0,2,11:00,2460,25.65,61.0,False
GOOGL,call,Fri-0DTE,market,50.0,3,10:30,2746,24.545,59.0,False
GOOGL,call,Fri-0DTE,market,50.0,4,11:30,2303,24.186,76.0,False
GOOGL,call,Fri-0DTE,market,50.0,5,10:00,3010,24.086,69.0,False
GOOGL,call,Fri-0DTE,market,50.0,6,13:00,1832,22.598,48.0,False
GOOGL,call,Fri-0DTE,market,50.0,7,12:00,2134,22.493,75.0,False
GOOGL,call,Fri-0DTE,market,50.0,8,12:30,2010,21.841,72.0,False
GOOGL,call,Fri-0DTE,market,50.0,9,13:30,1775,20.0,44.0,False
GOOGL,call,Fri-0DTE,market,50.0,10,14:00,1852,14.687,65.5,False
GOOGL,call,Fri-0DTE,market,50.0,11,14:30,1758,13.879,53.5,False
GOOGL,call,Fri-0DTE,market,50.0,12,15:00,1977,12.848,32.5,False
GOOGL,call,Fri-0DTE,market,50.0,13,15:30,464,10.776,20.0,False
GOOGL,call,Fri-0DTE,market,75.0,1,09:30,2776,20.425,59.0,False
GOOGL,call,Fri-0DTE,market,75.0,2,11:00,2460,19.878,90.0,False
GOOGL,call,Fri-0DTE,market,75.0,3,10:30,2746,18.463,70.0,False
GOOGL,call,Fri-0DTE,market,75.0,4,11:30,2303,18.454,98.0,False
GOOGL,call,Fri-0DTE,market,75.0,5,10:00,3010,18.306,77.0,False
GOOGL,call,Fri-0DTE,market,75.0,6,12:00,2134,17.245,94.0,False
GOOGL,call,Fri-0DTE,market,75.0,7,13:00,1832,17.085,58.0,False
GOOGL,call,Fri-0DTE,market,75.0,8,12:30,2010,16.119,81.0,False
GOOGL,call,Fri-0DTE,market,75.0,9,13:30,1775,14.704,48.0,False
GOOGL,call,Fri-0DTE,market,75.0,10,14:00,1852,11.015,77.0,False
GOOGL,call,Fri-0DTE,market,75.0,11,14:30,1758,10.865,58.0,False
GOOGL,call,Fri-0DTE,market,75.0,12,15:00,1977,9.509,35.0,False
GOOGL,call,Fri-0DTE,market,75.0,13,15:30,464,6.034,21.0,False
GOOGL,call,Fri-0DTE,market,100.0,1,11:00,2460,15.976,106.0,False
GOOGL,call,Fri-0DTE,market,100.0,2,09:30,2776,15.562,75.5,False
GOOGL,call,Fri-0DTE,market,100.0,3,11:30,2303,14.98,116.0,False
GOOGL,call,Fri-0DTE,market,100.0,4,10:30,2746,14.858,81.5,False
GOOGL,call,Fri-0DTE,market,100.0,5,10:00,3010,14.751,85.0,False
GOOGL,call,Fri-0DTE,market,100.0,6,12:00,2134,13.918,104.0,False
GOOGL,call,Fri-0DTE,market,100.0,7,13:00,1832,13.155,63.0,False
GOOGL,call,Fri-0DTE,market,100.0,8,12:30,2010,12.537,87.0,False
GOOGL,call,Fri-0DTE,market,100.0,9,13:30,1775,11.718,49.0,False
GOOGL,call,Fri-0DTE,market,100.0,10,14:30,1758,8.589,60.0,False
GOOGL,call,Fri-0DTE,market,100.0,11,14:00,1852,8.585,84.0,False
GOOGL,call,Fri-0DTE,market,100.0,12,15:00,1977,7.385,37.0,False
GOOGL,call,Fri-0DTE,market,100.0,13,15:30,464,5.819,22.0,False
GOOGL,put,Fri-0DTE,mid,30.0,1,10:00,2399,58.108,18.0,False
GOOGL,put,Fri-0DTE,mid,30.0,2,11:30,1686,57.295,25.0,False
GOOGL,put,Fri-0DTE,mid,30.0,3,11:00,1876,55.597,25.0,False
GOOGL,put,Fri-0DTE,mid,30.0,4,09:30,2260,55.531,14.0,False
GOOGL,put,Fri-0DTE,mid,30.0,5,12:30,1450,55.517,25.0,False
GOOGL,put,Fri-0DTE,mid,30.0,6,10:30,2105,54.299,21.0,False
GOOGL,put,Fri-0DTE,mid,30.0,7,12:00,1552,51.418,30.0,False
GOOGL,put,Fri-0DTE,mid,30.0,8,14:30,1238,47.819,19.0,False
GOOGL,put,Fri-0DTE,mid,30.0,9,14:00,1269,47.675,22.0,False
GOOGL,put,Fri-0DTE,mid,30.0,10,13:00,1381,47.647,29.0,False
GOOGL,put,Fri-0DTE,mid,30.0,11,13:30,1297,46.646,25.0,False
GOOGL,put,Fri-0DTE,mid,30.0,12,15:00,1403,40.984,16.0,False
GOOGL,put,Fri-0DTE,mid,30.0,13,15:30,365,28.219,11.0,False
GOOGL,put,Fri-0DTE,mid,50.0,1,10:00,2399,45.477,29.0,False
GOOGL,put,Fri-0DTE,mid,50.0,2,11:30,1686,44.958,36.0,False
GOOGL,put,Fri-0DTE,mid,50.0,3,11:00,1876,44.35,38.5,False
GOOGL,put,Fri-0DTE,mid,50.0,4,09:30,2260,43.628,24.0,False
GOOGL,put,Fri-0DTE,mid,50.0,5,10:30,2105,41.9,36.0,False
GOOGL,put,Fri-0DTE,mid,50.0,6,12:30,1450,41.793,40.0,False
GOOGL,put,Fri-0DTE,mid,50.0,7,12:00,1552,38.853,43.0,False
GOOGL,put,Fri-0DTE,mid,50.0,8,13:00,1381,37.871,43.0,False
GOOGL,put,Fri-0DTE,mid,50.0,9,14:00,1269,37.667,35.0,False
GOOGL,put,Fri-0DTE,mid,50.0,10,13:30,1297,37.008,39.0,False
GOOGL,put,Fri-0DTE,mid,50.0,11,14:30,1238,35.541,26.0,False
GOOGL,put,Fri-0DTE,mid,50.0,12,15:00,1403,28.51,21.0,False
GOOGL,put,Fri-0DTE,mid,50.0,13,15:30,365,18.356,17.0,False
GOOGL,put,Fri-0DTE,mid,75.0,1,11:00,1876,33.955,56.0,False
GOOGL,put,Fri-0DTE,mid,75.0,2,09:30,2260,33.407,35.0,False
GOOGL,put,Fri-0DTE,mid,75.0,3,11:30,1686,33.274,54.0,False
GOOGL,put,Fri-0DTE,mid,75.0,4,10:00,2399,33.18,37.0,False
GOOGL,put,Fri-0DTE,mid,75.0,5,10:30,2105,31.021,62.0,False
GOOGL,put,Fri-0DTE,mid,75.0,6,12:30,1450,30.552,48.0,False
GOOGL,put,Fri-0DTE,mid,75.0,7,14:00,1269,29.866,42.0,False
GOOGL,put,Fri-0DTE,mid,75.0,8,13:00,1381,29.399,62.0,False
GOOGL,put,Fri-0DTE,mid,75.0,9,13:30,1297,28.759,55.0,False
GOOGL,put,Fri-0DTE,mid,75.0,10,12:00,1552,28.737,52.0,False
GOOGL,put,Fri-0DTE,mid,75.0,11,14:30,1238,28.514,36.0,False
GOOGL,put,Fri-0DTE,mid,75.0,12,15:00,1403,22.024,25.0,False
GOOGL,put,Fri-0DTE,mid,75.0,13,15:30,365,14.247,20.0,False
GOOGL,put,Fri-0DTE,mid,100.0,1,11:00,1876,27.612,76.5,False
GOOGL,put,Fri-0DTE,mid,100.0,2,11:30,1686,26.453,72.0,False
GOOGL,put,Fri-0DTE,mid,100.0,3,09:30,2260,26.15,43.0,False
GOOGL,put,Fri-0DTE,mid,100.0,4,10:00,2399,25.761,44.0,False
GOOGL,put,Fri-0DTE,mid,100.0,5,14:00,1269,25.374,48.0,False
GOOGL,put,Fri-0DTE,mid,100.0,6,10:30,2105,24.513,75.5,False
GOOGL,put,Fri-0DTE,mid,100.0,7,13:30,1297,24.287,67.0,False
GOOGL,put,Fri-0DTE,mid,100.0,8,12:30,1450,24.276,57.0,False
GOOGL,put,Fri-0DTE,mid,100.0,9,13:00,1381,23.896,76.0,False
GOOGL,put,Fri-0DTE,mid,100.0,10,12:00,1552,23.067,56.0,False
GOOGL,put,Fri-0DTE,mid,100.0,11,14:30,1238,22.779,42.0,False
GOOGL,put,Fri-0DTE,mid,100.0,12,15:00,1403,16.037,25.0,False
GOOGL,put,Fri-0DTE,mid,100.0,13,15:30,365,10.959,20.0,False
GOOGL,put,Fri-0DTE,market,30.0,1,10:00,2399,42.184,31.0,False
GOOGL,put,Fri-0DTE,market,30.0,2,09:30,2260,40.708,23.0,False
GOOGL,put,Fri-0DTE,market,30.0,3,11:30,1686,40.391,49.0,False
GOOGL,put,Fri-0DTE,market,30.0,4,11:00,1876,39.446,47.0,False
GOOGL,put,Fri-0DTE,market,30.0,5,10:30,2105,39.382,40.0,False
GOOGL,put,Fri-0DTE,market,30.0,6,12:30,1450,34.897,40.0,False
GOOGL,put,Fri-0DTE,market,30.0,7,12:00,1552,34.149,45.5,False
GOOGL,put,Fri-0DTE,market,30.0,8,13:00,1381,32.006,61.0,False
GOOGL,put,Fri-0DTE,market,30.0,9,14:00,1269,31.048,45.5,False
GOOGL,put,Fri-0DTE,market,30.0,10,14:30,1238,30.775,33.0,False
GOOGL,put,Fri-0DTE,market,30.0,11,13:30,1297,30.455,60.0,False
GOOGL,put,Fri-0DTE,market,30.0,12,15:00,1403,23.877,24.0,False
GOOGL,put,Fri-0DTE,market,30.0,13,15:30,365,13.425,17.0,False
GOOGL,put,Fri-0DTE,market,50.0,1,09:30,2260,32.124,33.0,False
GOOGL,put,Fri-0DTE,market,50.0,2,10:00,2399,31.638,42.0,False
GOOGL,put,Fri-0DTE,market,50.0,3,11:00,1876,31.343,68.0,False
GOOGL,put,Fri-0DTE,market,50.0,4,11:30,1686,31.198,64.0,False
GOOGL,put,Fri-0DTE,market,50.0,5,10:30,2105,30.689,68.0,False
GOOGL,put,Fri-0DTE,market,50.0,6,12:00,1552,26.804,56.0,False
GOOGL,put,Fri-0DTE,market,50.0,7,12:30,1450,26.276,68.0,False
GOOGL,put,Fri-0DTE,market,50.0,8,14:00,1269,26.005,56.5,False
GOOGL,put,Fri-0DTE,market,50.0,9,13:00,1381,24.765,80.5,False
GOOGL,put,Fri-0DTE,market,50.0,10,13:30,1297,23.901,78.5,False
GOOGL,put,Fri-0DTE,market,50.0,11,14:30,1238,23.021,41.0,False
GOOGL,put,Fri-0DTE,market,50.0,12,15:00,1403,16.536,27.0,False
GOOGL,put,Fri-0DTE,market,50.0,13,15:30,365,9.589,20.0,False
GOOGL,put,Fri-0DTE,market,75.0,1,09:30,2260,24.602,47.0,False
GOOGL,put,Fri-0DTE,market,75.0,2,11:00,1876,23.454,92.5,False
GOOGL,put,Fri-0DTE,market,75.0,3,10:00,2399,23.218,53.0,False
GOOGL,put,Fri-0DTE,market,75.0,4,10:30,2105,22.423,84.0,False
GOOGL,put,Fri-0DTE,market,75.0,5,11:30,1686,22.301,84.5,False
GOOGL,put,Fri-0DTE,market,75.0,6,14:00,1269,20.173,63.0,False
GOOGL,put,Fri-0DTE,market,75.0,7,12:00,1552,19.394,65.0,False
GOOGL,put,Fri-0DTE,market,75.0,8,13:30,1297,19.198,86.0,False
GOOGL,put,Fri-0DTE,market,75.0,9,12:30,1450,19.172,76.5,False
GOOGL,put,Fri-0DTE,market,75.0,10,13:00,1381,18.972,103.5,False
GOOGL,put,Fri-0DTE,market,75.0,11,14:30,1238,18.013,46.0,False
GOOGL,put,Fri-0DTE,market,75.0,12,15:00,1403,11.761,30.0,False
GOOGL,put,Fri-0DTE,market,75.0,13,15:30,365,6.027,20.0,False
GOOGL,put,Fri-0DTE,market,100.0,1,09:30,2260,18.938,50.0,False
GOOGL,put,Fri-0DTE,market,100.0,2,11:00,1876,18.87,104.5,False
GOOGL,put,Fri-0DTE,market,100.0,3,10:00,2399,17.591,67.5,False
GOOGL,put,Fri-0DTE,market,100.0,4,10:30,2105,17.34,111.0,False
GOOGL,put,Fri-0DTE,market,100.0,5,11:30,1686,17.141,97.0,False
GOOGL,put,Fri-0DTE,market,100.0,6,13:30,1297,16.654,102.0,False
GOOGL,put,Fri-0DTE,market,100.0,7,14:00,1269,16.627,69.0,False
GOOGL,put,Fri-0DTE,market,100.0,8,12:30,1450,15.448,93.0,False
GOOGL,put,Fri-0DTE,market,100.0,9,13:00,1381,15.279,115.0,False
GOOGL,put,Fri-0DTE,market,100.0,10,12:00,1552,15.206,92.0,False
GOOGL,put,Fri-0DTE,market,100.0,11,14:30,1238,15.105,54.0,False
GOOGL,put,Fri-0DTE,market,100.0,12,15:00,1403,9.408,34.0,False
GOOGL,put,Fri-0DTE,market,100.0,13,15:30,365,4.658,20.0,False
GOOGL,call,Wed-0DTE,mid,30.0,1,11:30,516,65.504,24.0,False
GOOGL,call,Wed-0DTE,mid,30.0,2,11:00,609,62.89,33.0,False
GOOGL,call,Wed-0DTE,mid,30.0,3,10:00,729,62.826,15.0,False
GOOGL,call,Wed-0DTE,mid,30.0,4,09:30,653,59.877,7.0,False
GOOGL,call,Wed-0DTE,mid,30.0,5,12:00,476,57.773,19.0,False
GOOGL,call,Wed-0DTE,mid,30.0,6,10:30,657,57.23,13.0,False
GOOGL,call,Wed-0DTE,mid,30.0,7,14:30,440,53.409,16.0,False
GOOGL,call,Wed-0DTE,mid,30.0,8,12:30,507,52.86,20.0,False
GOOGL,call,Wed-0DTE,mid,30.0,9,13:30,459,50.763,15.0,False
GOOGL,call,Wed-0DTE,mid,30.0,10,15:00,428,49.065,11.0,False
GOOGL,call,Wed-0DTE,mid,30.0,11,13:00,461,48.59,29.0,False
GOOGL,call,Wed-0DTE,mid,30.0,12,14:00,456,46.272,27.0,False
GOOGL,call,Wed-0DTE,mid,30.0,13,15:30,118,34.746,11.0,False
GOOGL,call,Wed-0DTE,mid,50.0,1,11:30,516,52.519,33.0,False
GOOGL,call,Wed-0DTE,mid,50.0,2,12:00,476,49.37,30.0,False
GOOGL,call,Wed-0DTE,mid,50.0,3,09:30,653,48.086,17.0,False
GOOGL,call,Wed-0DTE,mid,50.0,4,11:00,609,47.126,59.0,False
GOOGL,call,Wed-0DTE,mid,50.0,5,10:00,729,46.914,26.0,False
GOOGL,call,Wed-0DTE,mid,50.0,6,10:30,657,42.466,26.0,False
GOOGL,call,Wed-0DTE,mid,50.0,7,14:30,440,41.818,24.0,False
GOOGL,call,Wed-0DTE,mid,50.0,8,13:30,459,38.126,25.0,False
GOOGL,call,Wed-0DTE,mid,50.0,9,15:00,428,37.617,16.0,False
GOOGL,call,Wed-0DTE,mid,50.0,10,13:00,461,37.093,38.0,False
GOOGL,call,Wed-0DTE,mid,50.0,11,12:30,507,34.911,37.0,False
GOOGL,call,Wed-0DTE,mid,50.0,12,14:00,456,34.868,40.0,False
GOOGL,call,Wed-0DTE,mid,50.0,13,15:30,118,23.729,10.5,False
GOOGL,call,Wed-0DTE,mid,75.0,1,11:30,516,40.891,43.0,False
GOOGL,call,Wed-0DTE,mid,75.0,2,09:30,653,36.447,24.5,False
GOOGL,call,Wed-0DTE,mid,75.0,3,12:00,476,36.134,40.5,False
GOOGL,call,Wed-0DTE,mid,75.0,4,10:00,729,34.294,38.0,False
GOOGL,call,Wed-0DTE,mid,75.0,5,11:00,609,33.826,68.0,False
GOOGL,call,Wed-0DTE,mid,75.0,6,10:30,657,31.202,79.0,False
GOOGL,call,Wed-0DTE,mid,75.0,7,15:00,428,30.841,21.0,False
GOOGL,call,Wed-0DTE,mid,75.0,8,14:30,440,30.455,36.5,False
GOOGL,call,Wed-0DTE,mid,75.0,9,13:00,461,28.85,49.0,False
GOOGL,call,Wed-0DTE,mid,75.0,10,13:30,459,28.322,38.5,False
GOOGL,call,Wed-0DTE,mid,75.0,11,12:30,507,27.416,71.0,False
GOOGL,call,Wed-0DTE,mid,75.0,12,14:00,456,25.877,67.0,False
GOOGL,call,Wed-0DTE,mid,75.0,13,15:30,118,21.186,15.0,False
GOOGL,call,Wed-0DTE,mid,100.0,1,11:30,516,31.202,47.0,False
GOOGL,call,Wed-0DTE,mid,100.0,2,09:30,653,28.178,32.0,False
GOOGL,call,Wed-0DTE,mid,100.0,3,15:00,428,27.336,28.0,False
GOOGL,call,Wed-0DTE,mid,100.0,4,10:00,729,27.16,46.0,False
GOOGL,call,Wed-0DTE,mid,100.0,5,12:00,476,26.05,40.0,False
GOOGL,call,Wed-0DTE,mid,100.0,6,11:00,609,25.452,76.0,False
GOOGL,call,Wed-0DTE,mid,100.0,7,14:30,440,24.318,46.0,False
GOOGL,call,Wed-0DTE,mid,100.0,8,12:30,507,23.274,104.0,False
GOOGL,call,Wed-0DTE,mid,100.0,9,10:30,657,23.135,89.0,False
GOOGL,call,Wed-0DTE,mid,100.0,10,13:30,459,23.094,54.0,False
GOOGL,call,Wed-0DTE,mid,100.0,11,13:00,461,21.909,60.0,False
GOOGL,call,Wed-0DTE,mid,100.0,12,14:00,456,20.833,78.0,False
GOOGL,call,Wed-0DTE,mid,100.0,13,15:30,118,17.797,16.0,False
GOOGL,call,Wed-0DTE,market,30.0,1,10:00,729,48.834,25.5,False
GOOGL,call,Wed-0DTE,market,30.0,2,09:30,653,48.698,15.5,False
GOOGL,call,Wed-0DTE,market,30.0,3,11:30,516,47.868,36.0,False
GOOGL,call,Wed-0DTE,market,30.0,4,12:00,476,43.487,32.0,False
GOOGL,call,Wed-0DTE,market,30.0,5,10:30,657,42.618,26.0,False
GOOGL,call,Wed-0DTE,market,30.0,6,11:00,609,41.708,61.0,False
GOOGL,call,Wed-0DTE,market,30.0,7,14:30,440,34.773,30.0,False
GOOGL,call,Wed-0DTE,market,30.0,8,15:00,428,34.112,21.0,False
GOOGL,call,Wed-0DTE,market,30.0,9,12:30,507,33.531,41.5,False
GOOGL,call,Wed-0DTE,market,30.0,10,13:00,461,30.369,40.0,False
GOOGL,call,Wed-0DTE,market,30.0,11,13:30,459,29.847,29.0,False
GOOGL,call,Wed-0DTE,market,30.0,12,14:00,456,29.167,51.0,False
GOOGL,call,Wed-0DTE,market,30.0,13,15:30,118,24.576,15.0,False
GOOGL,call,Wed-0DTE,market,50.0,1,09:30,653,40.123,27.0,False
GOOGL,call,Wed-0DTE,market,50.0,2,11:30,516,39.147,43.5,False
GOOGL,call,Wed-0DTE,market,50.0,3,10:00,729,37.037,37.0,False
GOOGL,call,Wed-0DTE,market,50.0,4,12:00,476,36.765,46.0,False
GOOGL,call,Wed-0DTE,market,50.0,5,10:30,657,32.42,74.0,False
GOOGL,call,Wed-0DTE,market,50.0,6,11:00,609,32.348,76.0,False
GOOGL,call,Wed-0DTE,market,50.0,7,14:30,440,27.045,42.0,False
GOOGL,call,Wed-0DTE,market,50.0,8,15:00,428,26.402,26.0,False
GOOGL,call,Wed-0DTE,market,50.0,9,12:30,507,24.063,75.5,False
GOOGL,call,Wed-0DTE,market,50.0,10,13:00,461,23.427,51.5,False
GOOGL,call,Wed-0DTE,market,50.0,11,14:00,456,21.93,66.5,False
GOOGL,call,Wed-0DTE,market,50.0,12,13:30,459,21.786,51.5,False
GOOGL,call,Wed-0DTE,market,50.0,13,15:30,118,16.949,16.0,False
GOOGL,call,Wed-0DTE,market,75.0,1,09:30,653,28.943,37.0,False
GOOGL,call,Wed-0DTE,market,75.0,2,11:30,516,27.907,58.5,False
GOOGL,call,Wed-0DTE,market,75.0,3,10:00,729,27.023,48.0,False
GOOGL,call,Wed-0DTE,market,75.0,4,12:00,476,25.63,48.5,False
GOOGL,call,Wed-0DTE,market,75.0,5,10:30,657,24.201,101.0,False
GOOGL,call,Wed-0DTE,market,75.0,6,11:00,609,23.481,83.0,False
GOOGL,call,Wed-0DTE,market,75.0,7,15:00,428,21.495,31.5,False
GOOGL,call,Wed-0DTE,market,75.0,8,14:30,440,20.909,51.5,False
GOOGL,call,Wed-0DTE,market,75.0,9,12:30,507,19.724,105.0,False
GOOGL,call,Wed-0DTE,market,75.0,10,14:00,456,17.544,77.5,False
GOOGL,call,Wed-0DTE,market,75.0,11,13:00,461,17.354,72.0,False
GOOGL,call,Wed-0DTE,market,75.0,12,13:30,459,15.686,70.5,False
GOOGL,call,Wed-0DTE,market,75.0,13,15:30,118,13.559,18.0,False
GOOGL,call,Wed-0DTE,market,100.0,1,09:30,653,22.205,41.0,False
GOOGL,call,Wed-0DTE,market,100.0,2,10:00,729,21.948,109.0,False
GOOGL,call,Wed-0DTE,market,100.0,3,11:30,516,19.186,62.0,False
GOOGL,call,Wed-0DTE,market,100.0,4,10:30,657,18.417,104.0,False
GOOGL,call,Wed-0DTE,market,100.0,5,11:00,609,17.898,98.0,False
GOOGL,call,Wed-0DTE,market,100.0,6,12:00,476,17.857,43.0,False
GOOGL,call,Wed-0DTE,market,100.0,7,15:00,428,17.523,34.0,False
GOOGL,call,Wed-0DTE,market,100.0,8,14:30,440,17.5,60.0,False
GOOGL,call,Wed-0DTE,market,100.0,9,12:30,507,15.582,134.0,False
GOOGL,call,Wed-0DTE,market,100.0,10,13:00,461,14.317,97.0,False
GOOGL,call,Wed-0DTE,market,100.0,11,13:30,459,13.508,83.0,False
GOOGL,call,Wed-0DTE,market,100.0,12,15:30,118,12.712,20.0,False
GOOGL,call,Wed-0DTE,market,100.0,13,14:00,456,12.5,89.0,False
GOOGL,put,Wed-0DTE,mid,30.0,1,12:00,407,74.939,22.0,False
GOOGL,put,Wed-0DTE,mid,30.0,2,10:30,561,69.162,21.0,False
GOOGL,put,Wed-0DTE,mid,30.0,3,12:30,417,68.825,24.0,False
GOOGL,put,Wed-0DTE,mid,30.0,4,13:00,369,65.854,20.0,False
GOOGL,put,Wed-0DTE,mid,30.0,5,09:30,582,63.918,9.0,False
GOOGL,put,Wed-0DTE,mid,30.0,6,11:00,491,63.34,12.0,False
GOOGL,put,Wed-0DTE,mid,30.0,7,10:00,621,62.641,19.0,False
GOOGL,put,Wed-0DTE,mid,30.0,8,14:00,338,60.059,11.0,False
GOOGL,put,Wed-0DTE,mid,30.0,9,13:30,343,59.184,20.0,False
GOOGL,put,Wed-0DTE,mid,30.0,10,11:30,425,58.118,35.0,False
GOOGL,put,Wed-0DTE,mid,30.0,11,14:30,338,52.663,11.0,False
GOOGL,put,Wed-0DTE,mid,30.0,12,15:00,352,37.784,6.0,False
GOOGL,put,Wed-0DTE,mid,30.0,13,15:30,101,21.782,8.0,False
GOOGL,put,Wed-0DTE,mid,50.0,1,12:00,407,61.179,42.0,False
GOOGL,put,Wed-0DTE,mid,50.0,2,12:30,417,57.074,46.5,False
GOOGL,put,Wed-0DTE,mid,50.0,3,13:00,369,55.014,35.0,False
GOOGL,put,Wed-0DTE,mid,50.0,4,09:30,582,54.296,13.0,False
GOOGL,put,Wed-0DTE,mid,50.0,5,11:00,491,52.953,19.0,False
GOOGL,put,Wed-0DTE,mid,50.0,6,10:30,561,52.763,26.5,False
GOOGL,put,Wed-0DTE,mid,50.0,7,13:30,343,51.02,31.0,False
GOOGL,put,Wed-0DTE,mid,50.0,8,14:00,338,49.704,15.5,False
GOOGL,put,Wed-0DTE,mid,50.0,9,10:00,621,48.148,28.0,False
GOOGL,put,Wed-0DTE,mid,50.0,10,11:30,425,44.941,52.0,False
GOOGL,put,Wed-0DTE,mid,50.0,11,14:30,338,39.349,13.0,False
GOOGL,put,Wed-0DTE,mid,50.0,12,15:00,352,27.557,10.0,False
GOOGL,put,Wed-0DTE,mid,50.0,13,15:30,101,13.861,7.0,False
GOOGL,put,Wed-0DTE,mid,75.0,1,12:30,417,47.242,75.0,False
GOOGL,put,Wed-0DTE,mid,75.0,2,12:00,407,46.683,83.0,False
GOOGL,put,Wed-0DTE,mid,75.0,3,09:30,582,45.361,21.0,False
GOOGL,put,Wed-0DTE,mid,75.0,4,13:00,369,44.715,49.0,False
GOOGL,put,Wed-0DTE,mid,75.0,5,13:30,343,43.732,37.0,False
GOOGL,put,Wed-0DTE,mid,75.0,6,11:00,491,40.53,36.0,False
GOOGL,put,Wed-0DTE,mid,75.0,7,14:00,338,40.237,22.0,False
GOOGL,put,Wed-0DTE,mid,75.0,8,10:30,561,39.929,36.0,False
GOOGL,put,Wed-0DTE,mid,75.0,9,10:00,621,37.52,42.0,False
GOOGL,put,Wed-0DTE,mid,75.0,10,11:30,425,33.176,60.0,False
GOOGL,put,Wed-0DTE,mid,75.0,11,14:30,338,32.249,22.0,False
GOOGL,put,Wed-0DTE,mid,75.0,12,15:00,352,20.17,15.0,False
GOOGL,put,Wed-0DTE,mid,75.0,13,15:30,101,8.911,10.0,False
GOOGL,put,Wed-0DTE,mid,100.0,1,12:30,417,38.849,87.0,False
GOOGL,put,Wed-0DTE,mid,100.0,2,13:00,369,38.211,54.0,False
GOOGL,put,Wed-0DTE,mid,100.0,3,13:30,343,37.901,40.5,False
GOOGL,put,Wed-0DTE,mid,100.0,4,09:30,582,37.629,51.0,False
GOOGL,put,Wed-0DTE,mid,100.0,5,12:00,407,35.381,98.5,False
GOOGL,put,Wed-0DTE,mid,100.0,6,11:00,491,33.605,76.0,False
GOOGL,put,Wed-0DTE,mid,100.0,7,14:00,338,32.249,27.0,False
GOOGL,put,Wed-0DTE,mid,100.0,8,10:30,561,31.729,37.0,False
GOOGL,put,Wed-0DTE,mid,100.0,9,10:00,621,30.113,50.0,False
GOOGL,put,Wed-0DTE,mid,100.0,10,11:30,425,26.588,65.0,False
GOOGL,put,Wed-0DTE,mid,100.0,11,14:30,338,22.781,24.0,False
GOOGL,put,Wed-0DTE,mid,100.0,12,15:00,352,15.341,16.5,False
GOOGL,put,Wed-0DTE,mid,100.0,13,15:30,101,7.921,10.0,False
GOOGL,put,Wed-0DTE,market,30.0,1,12:00,407,54.791,70.0,False
GOOGL,put,Wed-0DTE,market,30.0,2,10:30,561,51.693,34.0,False
GOOGL,put,Wed-0DTE,market,30.0,3,09:30,582,51.203,12.0,False
GOOGL,put,Wed-0DTE,market,30.0,4,13:00,369,50.678,40.0,False
GOOGL,put,Wed-0DTE,market,30.0,5,12:30,417,49.64,50.0,False
GOOGL,put,Wed-0DTE,market,30.0,6,13:30,343,48.397,32.0,False
GOOGL,put,Wed-0DTE,market,30.0,7,11:00,491,47.251,22.0,False
GOOGL,put,Wed-0DTE,market,30.0,8,10:00,621,46.216,27.0,False
GOOGL,put,Wed-0DTE,market,30.0,9,14:00,338,45.858,19.0,False
GOOGL,put,Wed-0DTE,market,30.0,10,11:30,425,41.176,54.0,False
GOOGL,put,Wed-0DTE,market,30.0,11,14:30,338,38.462,17.0,False
GOOGL,put,Wed-0DTE,market,30.0,12,15:00,352,24.148,13.0,False
GOOGL,put,Wed-0DTE,market,30.0,13,15:30,101,10.891,10.0,False
GOOGL,put,Wed-0DTE,market,50.0,1,13:30,343,44.606,37.0,False
GOOGL,put,Wed-0DTE,market,50.0,2,12:30,417,44.604,82.0,False
GOOGL,put,Wed-0DTE,market,50.0,3,09:30,582,43.814,20.0,False
GOOGL,put,Wed-0DTE,market,50.0,4,12:00,407,43.735,109.5,False
GOOGL,put,Wed-0DTE,market,50.0,5,13:00,369,43.089,53.0,False
GOOGL,put,Wed-0DTE,market,50.0,6,10:30,561,39.572,38.5,False
GOOGL,put,Wed-0DTE,market,50.0,7,10:00,621,38.003,42.0,False
GOOGL,put,Wed-0DTE,market,50.0,8,11:00,491,37.678,38.0,False
GOOGL,put,Wed-0DTE,market,50.0,9,14:00,338,36.095,25.5,False
GOOGL,put,Wed-0DTE,market,50.0,10,11:30,425,33.412,83.0,False
GOOGL,put,Wed-0DTE,market,50.0,11,14:30,338,26.627,23.0,False
GOOGL,put,Wed-0DTE,market,50.0,12,15:00,352,17.33,20.0,False
GOOGL,put,Wed-0DTE,market,50.0,13,15:30,101,6.931,13.0,False
GOOGL,put,Wed-0DTE,market,75.0,1,13:30,343,39.067,48.0,False
GOOGL,put,Wed-0DTE,market,75.0,2,09:30,582,37.457,52.0,False
GOOGL,put,Wed-0DTE,market,75.0,3,12:30,417,37.17,97.0,False
GOOGL,put,Wed-0DTE,market,75.0,4,13:00,369,36.856,57.5,False
GOOGL,put,Wed-0DTE,market,75.0,5,12:00,407,31.45,118.5,False
GOOGL,put,Wed-0DTE,market,75.0,6,11:00,491,29.735,80.5,False
GOOGL,put,Wed-0DTE,market,75.0,7,10:00,621,29.63,54.0,False
GOOGL,put,Wed-0DTE,market,75.0,8,10:30,561,29.59,45.0,False
GOOGL,put,Wed-0DTE,market,75.0,9,14:00,338,28.107,29.0,False
GOOGL,put,Wed-0DTE,market,75.0,10,11:30,425,25.176,85.0,False
GOOGL,put,Wed-0DTE,market,75.0,11,14:30,338,21.893,30.5,False
GOOGL,put,Wed-0DTE,market,75.0,12,15:00,352,12.784,24.0,False
GOOGL,put,Wed-0DTE,market,75.0,13,15:30,101,5.941,20.5,False
GOOGL,put,Wed-0DTE,market,100.0,1,13:00,369,33.333,61.0,False
GOOGL,put,Wed-0DTE,market,100.0,2,13:30,343,32.362,51.0,False
GOOGL,put,Wed-0DTE,market,100.0,3,09:30,582,32.131,67.0,False
GOOGL,put,Wed-0DTE,market,100.0,4,12:30,417,30.695,101.0,False
GOOGL,put,Wed-0DTE,market,100.0,5,11:00,491,25.662,95.0,False
GOOGL,put,Wed-0DTE,market,100.0,6,10:30,561,24.955,66.5,False
GOOGL,put,Wed-0DTE,market,100.0,7,10:00,621,24.477,61.5,False
GOOGL,put,Wed-0DTE,market,100.0,8,12:00,407,23.833,124.0,False
GOOGL,put,Wed-0DTE,market,100.0,9,14:00,338,23.077,37.0,False
GOOGL,put,Wed-0DTE,market,100.0,10,11:30,425,18.118,115.0,False
GOOGL,put,Wed-0DTE,market,100.0,11,14:30,338,15.385,27.5,False
GOOGL,put,Wed-0DTE,market,100.0,12,15:00,352,10.795,24.0,False
GOOGL,put,Wed-0DTE,market,100.0,13,15:30,101,4.95,21.0,False
GOOGL,call,Mon-0DTE,mid,30.0,1,11:00,513,77.973,25.0,False
GOOGL,call,Mon-0DTE,mid,30.0,2,12:30,396,65.657,22.0,False
GOOGL,call,Mon-0DTE,mid,30.0,3,11:30,457,65.427,24.0,False
GOOGL,call,Mon-0DTE,mid,30.0,4,10:30,589,64.686,22.0,False
GOOGL,call,Mon-0DTE,mid,30.0,5,10:00,657,63.623,15.0,False
GOOGL,call,Mon-0DTE,mid,30.0,6,13:00,405,61.481,18.0,False
GOOGL,call,Mon-0DTE,mid,30.0,7,09:30,618,60.194,12.0,False
GOOGL,call,Mon-0DTE,mid,30.0,8,12:00,441,56.463,24.0,False
GOOGL,call,Mon-0DTE,mid,30.0,9,13:30,381,39.895,20.5,False
GOOGL,call,Mon-0DTE,mid,30.0,10,14:30,362,39.227,14.5,False
GOOGL,call,Mon-0DTE,mid,30.0,11,14:00,336,38.69,18.5,False
GOOGL,call,Mon-0DTE,mid,30.0,12,15:00,361,37.95,12.0,False
GOOGL,call,Mon-0DTE,mid,30.0,13,15:30,99,24.242,12.0,False
GOOGL,call,Mon-0DTE,mid,50.0,1,11:00,513,62.183,38.0,False
GOOGL,call,Mon-0DTE,mid,50.0,2,11:30,457,53.829,45.0,False
GOOGL,call,Mon-0DTE,mid,50.0,3,12:30,396,52.778,36.0,False
GOOGL,call,Mon-0DTE,mid,50.0,4,10:00,657,52.359,37.5,False
GOOGL,call,Mon-0DTE,mid,50.0,5,10:30,589,51.952,46.5,False
GOOGL,call,Mon-0DTE,mid,50.0,6,09:30,618,48.867,19.0,False
GOOGL,call,Mon-0DTE,mid,50.0,7,13:00,405,47.407,26.5,False
GOOGL,call,Mon-0DTE,mid,50.0,8,12:00,441,46.259,41.5,False
GOOGL,call,Mon-0DTE,mid,50.0,9,14:00,336,31.25,26.0,False
GOOGL,call,Mon-0DTE,mid,50.0,10,13:30,381,29.396,45.5,False
GOOGL,call,Mon-0DTE,mid,50.0,11,14:30,362,28.177,18.5,False
GOOGL,call,Mon-0DTE,mid,50.0,12,15:00,361,24.377,15.0,False
GOOGL,call,Mon-0DTE,mid,50.0,13,15:30,99,10.101,10.5,False
GOOGL,call,Mon-0DTE,mid,75.0,1,11:00,513,48.733,44.0,False
GOOGL,call,Mon-0DTE,mid,75.0,2,11:30,457,42.451,58.5,False
GOOGL,call,Mon-0DTE,mid,75.0,3,12:30,396,42.424,45.0,False
GOOGL,call,Mon-0DTE,mid,75.0,4,10:30,589,41.087,62.0,False
GOOGL,call,Mon-0DTE,mid,75.0,5,10:00,657,39.878,50.5,False
GOOGL,call,Mon-0DTE,mid,75.0,6,09:30,618,37.055,31.0,False
GOOGL,call,Mon-0DTE,mid,75.0,7,12:00,441,35.601,61.0,False
GOOGL,call,Mon-0DTE,mid,75.0,8,13:00,405,33.086,29.0,False
GOOGL,call,Mon-0DTE,mid,75.0,9,14:00,336,26.786,29.0,False
GOOGL,call,Mon-0DTE,mid,75.0,10,13:30,381,22.31,59.0,False
GOOGL,call,Mon-0DTE,mid,75.0,11,14:30,362,20.166,23.0,False
GOOGL,call,Mon-0DTE,mid,75.0,12,15:00,361,17.175,16.5,False
GOOGL,call,Mon-0DTE,mid,75.0,13,15:30,99,8.081,15.0,False
GOOGL,call,Mon-0DTE,mid,100.0,1,11:00,513,38.207,60.0,False
GOOGL,call,Mon-0DTE,mid,100.0,2,11:30,457,35.449,76.5,False
GOOGL,call,Mon-0DTE,mid,100.0,3,12:30,396,33.838,53.5,False
GOOGL,call,Mon-0DTE,mid,100.0,4,10:00,657,32.725,68.0,False
GOOGL,call,Mon-0DTE,mid,100.0,5,12:00,441,31.746,71.5,False
GOOGL,call,Mon-0DTE,mid,100.0,6,10:30,589,31.07,72.0,False
GOOGL,call,Mon-0DTE,mid,100.0,7,09:30,618,29.773,36.5,False
GOOGL,call,Mon-0DTE,mid,100.0,8,13:00,405,25.185,58.5,False
GOOGL,call,Mon-0DTE,mid,100.0,9,14:00,336,20.833,31.0,False
GOOGL,call,Mon-0DTE,mid,100.0,10,13:30,381,18.11,65.0,False
GOOGL,call,Mon-0DTE,mid,100.0,11,15:00,361,14.681,16.0,False
GOOGL,call,Mon-0DTE,mid,100.0,12,14:30,362,14.641,19.0,False
GOOGL,call,Mon-0DTE,mid,100.0,13,15:30,99,7.071,14.0,False
GOOGL,call,Mon-0DTE,market,30.0,1,11:00,513,57.115,40.0,False
GOOGL,call,Mon-0DTE,market,30.0,2,10:30,589,50.934,46.5,False
GOOGL,call,Mon-0DTE,market,30.0,3,10:00,657,49.772,34.0,False
GOOGL,call,Mon-0DTE,market,30.0,4,12:30,396,48.99,39.0,False
GOOGL,call,Mon-0DTE,market,30.0,5,11:30,457,48.578,46.5,False
GOOGL,call,Mon-0DTE,market,30.0,6,09:30,618,48.22,19.0,False
GOOGL,call,Mon-0DTE,market,30.0,7,13:00,405,43.951,29.0,False
GOOGL,call,Mon-0DTE,market,30.0,8,12:00,441,42.63,45.5,False
GOOGL,call,Mon-0DTE,market,30.0,9,14:00,336,26.19,31.0,False
GOOGL,call,Mon-0DTE,market,30.0,10,13:30,381,25.984,54.0,False
GOOGL,call,Mon-0DTE,market,30.0,11,14:30,362,24.586,21.0,False
GOOGL,call,Mon-0DTE,market,30.0,12,15:00,361,21.884,17.0,False
GOOGL,call,Mon-0DTE,market,30.0,13,15:30,99,12.121,11.0,False
GOOGL,call,Mon-0DTE,market,50.0,1,11:00,513,45.224,64.5,False
GOOGL,call,Mon-0DTE,market,50.0,2,10:30,589,41.766,61.5,False
GOOGL,call,Mon-0DTE,market,50.0,3,12:30,396,40.152,52.0,False
GOOGL,call,Mon-0DTE,market,50.0,4,11:30,457,39.825,77.0,False
GOOGL,call,Mon-0DTE,market,50.0,5,09:30,618,39.482,30.5,False
GOOGL,call,Mon-0DTE,market,50.0,6,10:00,657,39.422,47.0,False
GOOGL,call,Mon-0DTE,market,50.0,7,12:00,441,35.828,72.5,False
GOOGL,call,Mon-0DTE,market,50.0,8,13:00,405,32.346,56.0,False
GOOGL,call,Mon-0DTE,market,50.0,9,14:00,336,22.321,34.0,False
GOOGL,call,Mon-0DTE,market,50.0,10,13:30,381,21.522,69.0,False
GOOGL,call,Mon-0DTE,market,50.0,11,14:30,362,18.785,25.5,False
GOOGL,call,Mon-0DTE,market,50.0,12,15:00,361,14.681,18.0,False
GOOGL,call,Mon-0DTE,market,50.0,13,15:30,99,8.081,10.5,False
GOOGL,call,Mon-0DTE,market,75.0,1,11:00,513,35.283,88.0,False
GOOGL,call,Mon-0DTE,market,75.0,2,11:30,457,32.823,102.0,False
GOOGL,call,Mon-0DTE,market,75.0,3,10:00,657,32.572,81.5,False
GOOGL,call,Mon-0DTE,market,75.0,4,10:30,589,32.428,84.0,False
GOOGL,call,Mon-0DTE,market,75.0,5,12:30,396,31.566,72.0,False
GOOGL,call,Mon-0DTE,market,75.0,6,09:30,618,31.23,44.0,False
GOOGL,call,Mon-0DTE,market,75.0,7,12:00,441,29.478,84.0,False
GOOGL,call,Mon-0DTE,market,75.0,8,13:00,405,23.704,78.0,False
GOOGL,call,Mon-0DTE,market,75.0,9,14:00,336,19.345,43.0,False
GOOGL,call,Mon-0DTE,market,75.0,10,13:30,381,16.798,81.0,False
GOOGL,call,Mon-0DTE,market,75.0,11,14:30,362,14.088,27.0,False
GOOGL,call,Mon-0DTE,market,75.0,12,15:00,361,9.695,15.0,False
GOOGL,call,Mon-0DTE,market,75.0,13,15:30,99,6.061,18.5,False
GOOGL,call,Mon-0DTE,market,100.0,1,11:30,457,26.258,109.0,False
GOOGL,call,Mon-0DTE,market,100.0,2,10:00,657,25.875,114.5,False
GOOGL,call,Mon-0DTE,market,100.0,3,12:00,441,25.624,89.0,False
GOOGL,call,Mon-0DTE,market,100.0,4,09:30,618,25.243,53.0,False
GOOGL,call,Mon-0DTE,market,100.0,5,11:00,513,24.561,139.5,False
GOOGL,call,Mon-0DTE,market,100.0,6,10:30,589,24.109,115.5,False
GOOGL,call,Mon-0DTE,market,100.0,7,12:30,396,20.96,130.0,False
GOOGL,call,Mon-0DTE,market,100.0,8,13:00,405,19.753,84.0,False
GOOGL,call,Mon-0DTE,market,100.0,9,14:00,336,15.774,48.0,False
GOOGL,call,Mon-0DTE,market,100.0,10,13:30,381,12.861,89.0,False
GOOGL,call,Mon-0DTE,market,100.0,11,14:30,362,11.602,26.0,False
GOOGL,call,Mon-0DTE,market,100.0,12,15:00,361,7.479,20.0,False
GOOGL,call,Mon-0DTE,market,100.0,13,15:30,99,3.03,17.0,False
GOOGL,put,Mon-0DTE,mid,30.0,1,14:30,297,60.269,14.0,False
GOOGL,put,Mon-0DTE,mid,30.0,2,12:00,377,57.294,19.5,False
GOOGL,put,Mon-0DTE,mid,30.0,3,14:00,275,56.727,21.0,False
GOOGL,put,Mon-0DTE,mid,30.0,4,10:00,568,56.69,13.0,False
GOOGL,put,Mon-0DTE,mid,30.0,5,11:00,417,55.396,12.0,False
GOOGL,put,Mon-0DTE,mid,30.0,6,11:30,383,53.786,25.0,False
GOOGL,put,Mon-0DTE,mid,30.0,7,12:30,318,53.459,29.5,False
GOOGL,put,Mon-0DTE,mid,30.0,8,13:30,333,52.853,22.0,False
GOOGL,put,Mon-0DTE,mid,30.0,9,10:30,494,51.822,14.0,False
GOOGL,put,Mon-0DTE,mid,30.0,10,13:00,333,51.652,33.5,False
GOOGL,put,Mon-0DTE,mid,30.0,11,09:30,517,50.87,13.0,False
GOOGL,put,Mon-0DTE,mid,30.0,12,15:00,314,46.178,12.0,False
GOOGL,put,Mon-0DTE,mid,30.0,13,15:30,81,30.864,13.0,False
GOOGL,put,Mon-0DTE,mid,50.0,1,12:00,377,48.276,39.0,False
GOOGL,put,Mon-0DTE,mid,50.0,2,14:30,297,47.811,21.0,False
GOOGL,put,Mon-0DTE,mid,50.0,3,10:00,568,47.007,21.0,False
GOOGL,put,Mon-0DTE,mid,50.0,4,14:00,275,46.909,34.0,False
GOOGL,put,Mon-0DTE,mid,50.0,5,11:30,383,43.603,51.0,False
GOOGL,put,Mon-0DTE,mid,50.0,6,12:30,318,43.082,49.0,False
GOOGL,put,Mon-0DTE,mid,50.0,7,13:00,333,41.742,74.0,False
GOOGL,put,Mon-0DTE,mid,50.0,8,11:00,417,41.727,40.5,False
GOOGL,put,Mon-0DTE,mid,50.0,9,13:30,333,39.64,40.0,False
GOOGL,put,Mon-0DTE,mid,50.0,10,09:30,517,39.458,27.5,False
GOOGL,put,Mon-0DTE,mid,50.0,11,10:30,494,37.045,23.0,False
GOOGL,put,Mon-0DTE,mid,50.0,12,15:00,314,34.395,16.0,False
GOOGL,put,Mon-0DTE,mid,50.0,13,15:30,81,24.691,14.5,False
GOOGL,put,Mon-0DTE,mid,75.0,1,10:00,568,39.613,29.0,False
GOOGL,put,Mon-0DTE,mid,75.0,2,12:00,377,39.257,73.0,False
GOOGL,put,Mon-0DTE,mid,75.0,3,14:00,275,38.182,45.0,False
GOOGL,put,Mon-0DTE,mid,75.0,4,12:30,318,36.792,92.0,False
GOOGL,put,Mon-0DTE,mid,75.0,5,14:30,297,36.364,28.0,False
GOOGL,put,Mon-0DTE,mid,75.0,6,11:30,383,34.726,147.0,False
GOOGL,put,Mon-0DTE,mid,75.0,7,13:00,333,33.333,94.0,False
GOOGL,put,Mon-0DTE,mid,75.0,8,13:30,333,31.532,50.0,False
GOOGL,put,Mon-0DTE,mid,75.0,9,11:00,417,31.415,70.0,False
GOOGL,put,Mon-0DTE,mid,75.0,10,10:30,494,30.769,36.5,False
GOOGL,put,Mon-0DTE,mid,75.0,11,09:30,517,28.24,39.5,False
GOOGL,put,Mon-0DTE,mid,75.0,12,15:00,314,25.478,22.5,False
GOOGL,put,Mon-0DTE,mid,75.0,13,15:30,81,18.519,15.0,False
GOOGL,put,Mon-0DTE,mid,100.0,1,10:00,568,34.859,35.0,False
GOOGL,put,Mon-0DTE,mid,100.0,2,14:00,275,32.364,47.0,False
GOOGL,put,Mon-0DTE,mid,100.0,3,12:00,377,31.3,141.0,False
GOOGL,put,Mon-0DTE,mid,100.0,4,12:30,318,30.503,105.0,False
GOOGL,put,Mon-0DTE,mid,100.0,5,11:30,383,30.026,155.0,False
GOOGL,put,Mon-0DTE,mid,100.0,6,14:30,297,29.63,35.0,False
GOOGL,put,Mon-0DTE,mid,100.0,7,13:30,333,27.928,59.0,False
GOOGL,put,Mon-0DTE,mid,100.0,8,13:00,333,27.928,98.0,False
GOOGL,put,Mon-0DTE,mid,100.0,9,10:30,494,26.113,50.0,False
GOOGL,put,Mon-0DTE,mid,100.0,10,11:00,417,25.899,77.5,False
GOOGL,put,Mon-0DTE,mid,100.0,11,15:00,314,21.019,28.5,False
GOOGL,put,Mon-0DTE,mid,100.0,12,09:30,517,19.342,61.0,False
GOOGL,put,Mon-0DTE,mid,100.0,13,15:30,81,13.58,16.0,False
GOOGL,put,Mon-0DTE,market,30.0,1,10:00,568,41.549,21.0,False
GOOGL,put,Mon-0DTE,market,30.0,2,12:00,377,41.379,52.5,False
GOOGL,put,Mon-0DTE,market,30.0,3,14:30,297,40.404,23.0,False
GOOGL,put,Mon-0DTE,market,30.0,4,12:30,318,38.994,79.5,False
GOOGL,put,Mon-0DTE,market,30.0,5,11:30,383,38.381,44.0,False
GOOGL,put,Mon-0DTE,market,30.0,6,11:00,417,38.129,41.0,False
GOOGL,put,Mon-0DTE,market,30.0,7,14:00,275,37.455,34.0,False
GOOGL,put,Mon-0DTE,market,30.0,8,10:30,494,37.449,25.0,False
GOOGL,put,Mon-0DTE,market,30.0,9,09:30,517,36.557,29.0,False
GOOGL,put,Mon-0DTE,market,30.0,10,13:30,333,36.036,52.0,False
GOOGL,put,Mon-0DTE,market,30.0,11,13:00,333,34.835,76.5,False
GOOGL,put,Mon-0DTE,market,30.0,12,15:00,314,27.07,23.0,False
GOOGL,put,Mon-0DTE,market,30.0,13,15:30,81,23.457,17.0,False
GOOGL,put,Mon-0DTE,market,50.0,1,10:00,568,35.035,29.0,False
GOOGL,put,Mon-0DTE,market,50.0,2,11:30,383,34.204,88.0,False
GOOGL,put,Mon-0DTE,market,50.0,3,12:00,377,33.687,74.0,False
GOOGL,put,Mon-0DTE,market,50.0,4,12:30,318,33.648,103.0,False
GOOGL,put,Mon-0DTE,market,50.0,5,14:00,275,33.455,44.5,False
GOOGL,put,Mon-0DTE,market,50.0,6,14:30,297,32.66,30.0,False
GOOGL,put,Mon-0DTE,market,50.0,7,11:00,417,31.415,96.0,False
GOOGL,put,Mon-0DTE,market,50.0,8,13:30,333,31.231,62.0,False
GOOGL,put,Mon-0DTE,market,50.0,9,13:00,333,30.33,100.0,False
GOOGL,put,Mon-0DTE,market,50.0,10,10:30,494,29.96,41.5,False
GOOGL,put,Mon-0DTE,market,50.0,11,09:30,517,28.433,42.0,False
GOOGL,put,Mon-0DTE,market,50.0,12,15:00,314,21.338,31.0,False
GOOGL,put,Mon-0DTE,market,50.0,13,15:30,81,17.284,21.0,False
GOOGL,put,Mon-0DTE,market,75.0,1,10:00,568,29.754,36.0,False
GOOGL,put,Mon-0DTE,market,75.0,2,11:30,383,29.504,167.0,False
GOOGL,put,Mon-0DTE,market,75.0,3,12:00,377,28.647,146.5,False
GOOGL,put,Mon-0DTE,market,75.0,4,12:30,318,27.673,125.5,False
GOOGL,put,Mon-0DTE,market,75.0,5,13:30,333,26.426,65.5,False
GOOGL,put,Mon-0DTE,market,75.0,6,14:00,275,26.182,47.5,False
GOOGL,put,Mon-0DTE,market,75.0,7,14:30,297,25.926,37.0,False
GOOGL,put,Mon-0DTE,market,75.0,8,11:00,417,25.659,96.0,False
GOOGL,put,Mon-0DTE,market,75.0,9,10:30,494,24.696,72.0,False
GOOGL,put,Mon-0DTE,market,75.0,10,13:00,333,23.724,101.0,False
GOOGL,put,Mon-0DTE,market,75.0,11,09:30,517,20.503,50.5,False
GOOGL,put,Mon-0DTE,market,75.0,12,15:00,314,14.65,30.0,False
GOOGL,put,Mon-0DTE,market,75.0,13,15:30,81,8.642,20.0,False
GOOGL,put,Mon-0DTE,market,100.0,1,10:00,568,26.056,47.5,False
GOOGL,put,Mon-0DTE,market,100.0,2,11:30,383,25.849,170.0,False
GOOGL,put,Mon-0DTE,market,100.0,3,14:00,275,24.0,50.0,False
GOOGL,put,Mon-0DTE,market,100.0,4,12:00,377,23.873,159.5,False
GOOGL,put,Mon-0DTE,market,100.0,5,12:30,318,22.642,134.5,False
GOOGL,put,Mon-0DTE,market,100.0,6,13:30,333,21.922,64.0,False
GOOGL,put,Mon-0DTE,market,100.0,7,13:00,333,21.922,106.0,False
GOOGL,put,Mon-0DTE,market,100.0,8,14:30,297,21.886,46.0,False
GOOGL,put,Mon-0DTE,market,100.0,9,11:00,417,20.863,95.0,False
GOOGL,put,Mon-0DTE,market,100.0,10,10:30,494,20.445,98.0,False
GOOGL,put,Mon-0DTE,market,100.0,11,09:30,517,15.28,68.0,False
GOOGL,put,Mon-0DTE,market,100.0,12,15:00,314,13.057,32.0,False
GOOGL,put,Mon-0DTE,market,100.0,13,15:30,81,7.407,20.5,False
AMZN,call,Fri-0DTE,mid,30.0,1,10:30,3603,43.658,29.0,False
AMZN,call,Fri-0DTE,mid,30.0,2,11:00,3381,42.709,26.5,False
AMZN,call,Fri-0DTE,mid,30.0,3,09:30,3478,40.972,19.0,False
AMZN,call,Fri-0DTE,mid,30.0,4,10:00,3915,40.945,28.0,False
AMZN,call,Fri-0DTE,mid,30.0,5,13:00,2702,37.824,35.0,False
AMZN,call,Fri-0DTE,mid,30.0,6,11:30,3150,37.46,36.0,False
AMZN,call,Fri-0DTE,mid,30.0,7,12:00,3018,37.343,34.0,False
AMZN,call,Fri-0DTE,mid,30.0,8,13:30,2680,37.127,34.0,False
AMZN,call,Fri-0DTE,mid,30.0,9,12:30,2964,36.572,35.0,False
AMZN,call,Fri-0DTE,mid,30.0,10,14:00,2717,31.432,28.0,False
AMZN,call,Fri-0DTE,mid,30.0,11,14:30,2663,26.061,28.0,False
AMZN,call,Fri-0DTE,mid,30.0,12,15:00,2870,23.484,18.0,False
AMZN,call,Fri-0DTE,mid,30.0,13,15:30,626,18.051,15.0,False
AMZN,call,Fri-0DTE,mid,50.0,1,10:30,3603,29.642,39.0,False
AMZN,call,Fri-0DTE,mid,50.0,2,11:00,3381,28.453,36.5,False
AMZN,call,Fri-0DTE,mid,50.0,3,09:30,3478,28.263,30.0,False
AMZN,call,Fri-0DTE,mid,50.0,4,10:00,3915,26.871,40.0,False
AMZN,call,Fri-0DTE,mid,50.0,5,11:30,3150,24.762,53.0,False
AMZN,call,Fri-0DTE,mid,50.0,6,13:00,2702,24.759,46.0,False
AMZN,call,Fri-0DTE,mid,50.0,7,12:30,2964,24.157,48.0,False
AMZN,call,Fri-0DTE,mid,50.0,8,13:30,2680,24.104,42.5,False
AMZN,call,Fri-0DTE,mid,50.0,9,12:00,3018,23.492,48.0,False
AMZN,call,Fri-0DTE,mid,50.0,10,14:00,2717,20.28,38.0,False
AMZN,call,Fri-0DTE,mid,50.0,11,14:30,2663,16.147,35.5,False
AMZN,call,Fri-0DTE,mid,50.0,12,15:00,2870,13.798,21.0,False
AMZN,call,Fri-0DTE,mid,50.0,13,15:30,626,9.904,18.0,False
AMZN,call,Fri-0DTE,mid,75.0,1,10:30,3603,21.732,53.0,False
AMZN,call,Fri-0DTE,mid,75.0,2,09:30,3478,20.385,45.0,False
AMZN,call,Fri-0DTE,mid,75.0,3,11:00,3381,19.787,59.0,False
AMZN,call,Fri-0DTE,mid,75.0,4,10:00,3915,19.132,60.0,False
AMZN,call,Fri-0DTE,mid,75.0,5,13:00,2702,17.802,54.0,False
AMZN,call,Fri-0DTE,mid,75.0,6,11:30,3150,17.302,66.0,False
AMZN,call,Fri-0DTE,mid,75.0,7,13:30,2680,17.164,54.0,False
AMZN,call,Fri-0DTE,mid,75.0,8,12:30,2964,17.105,66.0,False
AMZN,call,Fri-0DTE,mid,75.0,9,12:00,3018,16.832,56.5,False
AMZN,call,Fri-0DTE,mid,75.0,10,14:00,2717,15.164,48.0,False
AMZN,call,Fri-0DTE,mid,75.0,11,14:30,2663,11.566,42.0,False
AMZN,call,Fri-0DTE,mid,75.0,12,15:00,2870,10.105,27.0,False
AMZN,call,Fri-0DTE,mid,75.0,13,15:30,626,7.827,20.0,False
AMZN,call,Fri-0DTE,mid,100.0,1,10:30,3603,16.681,64.0,False
AMZN,call,Fri-0DTE,mid,100.0,2,09:30,3478,15.785,50.0,False
AMZN,call,Fri-0DTE,mid,100.0,3,11:00,3381,15.558,76.5,False
AMZN,call,Fri-0DTE,mid,100.0,4,10:00,3915,14.943,71.0,False
AMZN,call,Fri-0DTE,mid,100.0,5,13:00,2702,13.842,62.0,False
AMZN,call,Fri-0DTE,mid,100.0,6,12:00,3018,13.32,64.5,False
AMZN,call,Fri-0DTE,mid,100.0,7,11:30,3150,13.206,74.5,False
AMZN,call,Fri-0DTE,mid,100.0,8,13:30,2680,13.097,61.0,False
AMZN,call,Fri-0DTE,mid,100.0,9,12:30,2964,12.955,74.5,False
AMZN,call,Fri-0DTE,mid,100.0,10,14:00,2717,11.557,56.0,False
AMZN,call,Fri-0DTE,mid,100.0,11,14:30,2663,9.726,51.0,False
AMZN,call,Fri-0DTE,mid,100.0,12,15:00,2870,8.397,30.0,False
AMZN,call,Fri-0DTE,mid,100.0,13,15:30,626,6.23,20.0,False
AMZN,call,Fri-0DTE,market,30.0,1,10:30,3603,29.836,52.0,False
AMZN,call,Fri-0DTE,market,30.0,2,09:30,3478,29.298,33.0,False
AMZN,call,Fri-0DTE,market,30.0,3,11:00,3381,27.832,50.0,False
AMZN,call,Fri-0DTE,market,30.0,4,10:00,3915,27.535,53.0,False
AMZN,call,Fri-0DTE,market,30.0,5,11:30,3150,23.333,62.0,False
AMZN,call,Fri-0DTE,market,30.0,6,13:00,2702,22.613,48.0,False
AMZN,call,Fri-0DTE,market,30.0,7,12:00,3018,22.366,63.0,False
AMZN,call,Fri-0DTE,market,30.0,8,12:30,2964,21.997,53.0,False
AMZN,call,Fri-0DTE,market,30.0,9,13:30,2680,21.866,52.0,False
AMZN,call,Fri-0DTE,market,30.0,10,14:00,2717,17.703,46.0,False
AMZN,call,Fri-0DTE,market,30.0,11,14:30,2663,14.007,43.0,False
AMZN,call,Fri-0DTE,market,30.0,12,15:00,2870,12.613,26.0,False
AMZN,call,Fri-0DTE,market,30.0,13,15:30,626,10.224,20.0,False
AMZN,call,Fri-0DTE,market,50.0,1,10:30,3603,21.51,62.0,False
AMZN,call,Fri-0DTE,market,50.0,2,09:30,3478,21.219,51.0,False
AMZN,call,Fri-0DTE,market,50.0,3,11:00,3381,19.787,71.0,False
AMZN,call,Fri-0DTE,market,50.0,4,10:00,3915,19.54,72.0,False
AMZN,call,Fri-0DTE,market,50.0,5,11:30,3150,16.984,85.0,False
AMZN,call,Fri-0DTE,market,50.0,6,13:00,2702,16.358,62.0,False
AMZN,call,Fri-0DTE,market,50.0,7,12:00,3018,16.103,74.0,False
AMZN,call,Fri-0DTE,market,50.0,8,12:30,2964,15.688,72.0,False
AMZN,call,Fri-0DTE,market,50.0,9,13:30,2680,15.448,61.0,False
AMZN,call,Fri-0DTE,market,50.0,10,14:00,2717,12.919,59.0,False
AMZN,call,Fri-0DTE,market,50.0,11,14:30,2663,10.214,51.0,False
AMZN,call,Fri-0DTE,market,50.0,12,15:00,2870,8.571,28.0,False
AMZN,call,Fri-0DTE,market,50.0,13,15:30,626,6.55,20.0,False
AMZN,call,Fri-0DTE,market,75.0,1,10:30,3603,16.014,90.0,False
AMZN,call,Fri-0DTE,market,75.0,2,09:30,3478,15.727,75.0,False
AMZN,call,Fri-0DTE,market,75.0,3,11:00,3381,14.463,86.0,False
AMZN,call,Fri-0DTE,market,75.0,4,10:00,3915,14.1,88.0,False
AMZN,call,Fri-0DTE,market,75.0,5,11:30,3150,11.651,90.0,False
AMZN,call,Fri-0DTE,market,75.0,6,12:00,3018,11.597,73.5,False
AMZN,call,Fri-0DTE,market,75.0,7,13:00,2702,11.399,71.5,False
AMZN,call,Fri-0DTE,market,75.0,8,12:30,2964,11.302,88.0,False
AMZN,call,Fri-0DTE,market,75.0,9,13:30,2680,11.231,72.0,False
AMZN,call,Fri-0DTE,market,75.0,10,14:00,2717,9.496,71.0,False
AMZN,call,Fri-0DTE,market,75.0,11,14:30,2663,7.736,55.0,False
AMZN,call,Fri-0DTE,market,75.0,12,15:00,2870,6.69,30.0,False
AMZN,call,Fri-0DTE,market,75.0,13,15:30,626,4.792,20.0,False
AMZN,call,Fri-0DTE,market,100.0,1,09:30,3478,11.99,80.0,False
AMZN,call,Fri-0DTE,market,100.0,2,10:30,3603,11.879,96.0,False
AMZN,call,Fri-0DTE,market,100.0,3,10:00,3915,11.162,99.0,False
AMZN,call,Fri-0DTE,market,100.0,4,11:00,3381,10.884,95.0,False
AMZN,call,Fri-0DTE,market,100.0,5,11:30,3150,9.397,101.0,False
AMZN,call,Fri-0DTE,market,100.0,6,12:30,2964,9.076,91.0,False
AMZN,call,Fri-0DTE,market,100.0,7,12:00,3018,8.847,88.0,False
AMZN,call,Fri-0DTE,market,100.0,8,13:00,2702,8.66,81.5,False
AMZN,call,Fri-0DTE,market,100.0,9,13:30,2680,8.396,95.0,False
AMZN,call,Fri-0DTE,market,100.0,10,14:00,2717,7.287,79.5,False
AMZN,call,Fri-0DTE,market,100.0,11,14:30,2663,6.572,59.0,False
AMZN,call,Fri-0DTE,market,100.0,12,15:00,2870,5.47,32.0,False
AMZN,call,Fri-0DTE,market,100.0,13,15:30,626,3.674,22.0,False
AMZN,put,Fri-0DTE,mid,30.0,1,10:00,3246,54.344,20.0,False
AMZN,put,Fri-0DTE,mid,30.0,2,09:30,2989,54.299,15.0,False
AMZN,put,Fri-0DTE,mid,30.0,3,10:30,2895,51.226,20.0,False
AMZN,put,Fri-0DTE,mid,30.0,4,11:30,2458,50.325,31.0,False
AMZN,put,Fri-0DTE,mid,30.0,5,12:30,2160,47.546,26.0,False
AMZN,put,Fri-0DTE,mid,30.0,6,11:00,2695,47.495,26.0,False
AMZN,put,Fri-0DTE,mid,30.0,7,12:00,2291,47.447,32.0,False
AMZN,put,Fri-0DTE,mid,30.0,8,13:00,2065,45.86,24.0,False
AMZN,put,Fri-0DTE,mid,30.0,9,13:30,2024,42.144,27.0,False
AMZN,put,Fri-0DTE,mid,30.0,10,14:00,1982,36.831,24.0,False
AMZN,put,Fri-0DTE,mid,30.0,11,14:30,2016,33.829,17.0,False
AMZN,put,Fri-0DTE,mid,30.0,12,15:00,2198,29.481,17.0,False
AMZN,put,Fri-0DTE,mid,30.0,13,15:30,496,22.177,9.5,False
AMZN,put,Fri-0DTE,mid,50.0,1,09:30,2989,41.686,25.0,False
AMZN,put,Fri-0DTE,mid,50.0,2,10:00,3246,39.618,31.0,False
AMZN,put,Fri-0DTE,mid,50.0,3,10:30,2895,37.755,31.0,False
AMZN,put,Fri-0DTE,mid,50.0,4,11:30,2458,36.941,49.0,False
AMZN,put,Fri-0DTE,mid,50.0,5,12:00,2291,36.272,45.0,False
AMZN,put,Fri-0DTE,mid,50.0,6,11:00,2695,34.917,48.0,False
AMZN,put,Fri-0DTE,mid,50.0,7,12:30,2160,34.583,35.0,False
AMZN,put,Fri-0DTE,mid,50.0,8,13:00,2065,30.799,34.0,False
AMZN,put,Fri-0DTE,mid,50.0,9,13:30,2024,28.854,40.5,False
AMZN,put,Fri-0DTE,mid,50.0,10,14:00,1982,25.429,32.0,False
AMZN,put,Fri-0DTE,mid,50.0,11,14:30,2016,22.47,20.0,False
AMZN,put,Fri-0DTE,mid,50.0,12,15:00,2198,17.152,20.0,False
AMZN,put,Fri-0DTE,mid,50.0,13,15:30,496,12.702,16.0,False
AMZN,put,Fri-0DTE,mid,75.0,1,09:30,2989,30.88,37.0,False
AMZN,put,Fri-0DTE,mid,75.0,2,10:00,3246,29.174,44.0,False
AMZN,put,Fri-0DTE,mid,75.0,3,10:30,2895,28.394,54.0,False
AMZN,put,Fri-0DTE,mid,75.0,4,11:30,2458,28.194,71.0,False
AMZN,put,Fri-0DTE,mid,75.0,5,12:00,2291,27.717,56.0,False
AMZN,put,Fri-0DTE,mid,75.0,6,11:00,2695,26.456,72.0,False
AMZN,put,Fri-0DTE,mid,75.0,7,12:30,2160,25.88,47.0,False
AMZN,put,Fri-0DTE,mid,75.0,8,13:00,2065,22.131,48.0,False
AMZN,put,Fri-0DTE,mid,75.0,9,13:30,2024,20.8,49.0,False
AMZN,put,Fri-0DTE,mid,75.0,10,14:00,1982,19.273,39.0,False
AMZN,put,Fri-0DTE,mid,75.0,11,14:30,2016,16.071,28.0,False
AMZN,put,Fri-0DTE,mid,75.0,12,15:00,2198,11.419,21.0,False
AMZN,put,Fri-0DTE,mid,75.0,13,15:30,496,8.669,15.0,False
AMZN,put,Fri-0DTE,mid,100.0,1,09:30,2989,24.724,45.0,False
AMZN,put,Fri-0DTE,mid,100.0,2,11:30,2458,23.271,86.0,False
AMZN,put,Fri-0DTE,mid,100.0,3,10:00,3246,23.044,54.0,False
AMZN,put,Fri-0DTE,mid,100.0,4,12:00,2291,22.567,66.0,False
AMZN,put,Fri-0DTE,mid,100.0,5,10:30,2895,21.969,74.0,False
AMZN,put,Fri-0DTE,mid,100.0,6,11:00,2695,21.224,87.5,False
AMZN,put,Fri-0DTE,mid,100.0,7,12:30,2160,21.065,58.0,False
AMZN,put,Fri-0DTE,mid,100.0,8,13:00,2065,18.741,59.0,False
AMZN,put,Fri-0DTE,mid,100.0,9,13:30,2024,15.958,57.0,False
AMZN,put,Fri-0DTE,mid,100.0,10,14:00,1982,15.843,43.0,False
AMZN,put,Fri-0DTE,mid,100.0,11,14:30,2016,13.988,32.5,False
AMZN,put,Fri-0DTE,mid,100.0,12,15:00,2198,8.28,25.0,False
AMZN,put,Fri-0DTE,mid,100.0,13,15:30,496,5.04,16.0,False
AMZN,put,Fri-0DTE,market,30.0,1,09:30,2989,39.077,28.5,False
AMZN,put,Fri-0DTE,market,30.0,2,10:00,3246,36.691,35.0,False
AMZN,put,Fri-0DTE,market,30.0,3,10:30,2895,34.784,40.0,False
AMZN,put,Fri-0DTE,market,30.0,4,11:30,2458,33.36,58.0,False
AMZN,put,Fri-0DTE,market,30.0,5,12:00,2291,31.777,49.5,False
AMZN,put,Fri-0DTE,market,30.0,6,11:00,2695,31.651,63.0,False
AMZN,put,Fri-0DTE,market,30.0,7,12:30,2160,30.741,45.5,False
AMZN,put,Fri-0DTE,market,30.0,8,13:00,2065,28.475,48.0,False
AMZN,put,Fri-0DTE,market,30.0,9,13:30,2024,26.729,54.0,False
AMZN,put,Fri-0DTE,market,30.0,10,14:00,1982,23.259,39.0,False
AMZN,put,Fri-0DTE,market,30.0,11,14:30,2016,21.081,30.0,False
AMZN,put,Fri-0DTE,market,30.0,12,15:00,2198,14.968,25.0,False
AMZN,put,Fri-0DTE,market,30.0,13,15:30,496,9.677,20.0,False
AMZN,put,Fri-0DTE,market,50.0,1,09:30,2989,30.11,42.0,False
AMZN,put,Fri-0DTE,market,50.0,2,10:00,3246,27.973,49.5,False
AMZN,put,Fri-0DTE,market,50.0,3,10:30,2895,26.598,72.0,False
AMZN,put,Fri-0DTE,market,50.0,4,11:30,2458,25.346,80.0,False
AMZN,put,Fri-0DTE,market,50.0,5,12:00,2291,24.487,62.0,False
AMZN,put,Fri-0DTE,market,50.0,6,11:00,2695,24.304,88.0,False
AMZN,put,Fri-0DTE,market,50.0,7,12:30,2160,23.333,56.0,False
AMZN,put,Fri-0DTE,market,50.0,8,13:00,2065,20.291,62.0,False
AMZN,put,Fri-0DTE,market,50.0,9,13:30,2024,19.615,59.0,False
AMZN,put,Fri-0DTE,market,50.0,10,14:00,1982,17.81,46.0,False
AMZN,put,Fri-0DTE,market,50.0,11,14:30,2016,14.782,36.0,False
AMZN,put,Fri-0DTE,market,50.0,12,15:00,2198,10.009,28.0,False
AMZN,put,Fri-0DTE,market,50.0,13,15:30,496,5.242,19.0,False
AMZN,put,Fri-0DTE,market,75.0,1,09:30,2989,22.917,53.0,False
AMZN,put,Fri-0DTE,market,75.0,2,10:00,3246,21.041,66.0,False
AMZN,put,Fri-0DTE,market,75.0,3,11:30,2458,20.138,96.0,False
AMZN,put,Fri-0DTE,market,75.0,4,10:30,2895,19.965,98.0,False
AMZN,put,Fri-0DTE,market,75.0,5,12:00,2291,19.162,81.0,False
AMZN,put,Fri-0DTE,market,75.0,6,11:00,2695,18.404,113.0,False
AMZN,put,Fri-0DTE,market,75.0,7,12:30,2160,17.546,70.0,False
AMZN,put,Fri-0DTE,market,75.0,8,13:00,2065,15.109,69.0,False
AMZN,put,Fri-0DTE,market,75.0,9,13:30,2024,14.279,72.0,False
AMZN,put,Fri-0DTE,market,75.0,10,14:00,1982,13.37,53.0,False
AMZN,put,Fri-0DTE,market,75.0,11,14:30,2016,10.962,46.0,False
AMZN,put,Fri-0DTE,market,75.0,12,15:00,2198,6.324,33.0,False
AMZN,put,Fri-0DTE,market,75.0,13,15:30,496,3.226,16.5,False
AMZN,put,Fri-0DTE,market,100.0,1,09:30,2989,18.367,61.0,False
AMZN,put,Fri-0DTE,market,100.0,2,10:00,3246,16.636,73.5,False
AMZN,put,Fri-0DTE,market,100.0,3,11:30,2458,16.029,118.5,False
AMZN,put,Fri-0DTE,market,100.0,4,10:30,2895,15.889,115.0,False
AMZN,put,Fri-0DTE,market,100.0,5,12:00,2291,15.714,94.5,False
AMZN,put,Fri-0DTE,market,100.0,6,11:00,2695,14.991,125.5,False
AMZN,put,Fri-0DTE,market,100.0,7,12:30,2160,14.306,87.0,False
AMZN,put,Fri-0DTE,market,100.0,8,13:00,2065,12.203,74.0,False
AMZN,put,Fri-0DTE,market,100.0,9,13:30,2024,10.87,75.0,False
AMZN,put,Fri-0DTE,market,100.0,10,14:00,1982,10.494,69.0,False
AMZN,put,Fri-0DTE,market,100.0,11,14:30,2016,8.829,55.0,False
AMZN,put,Fri-0DTE,market,100.0,12,15:00,2198,4.641,33.0,False
AMZN,put,Fri-0DTE,market,100.0,13,15:30,496,2.419,22.0,False
AMZN,call,Wed-0DTE,mid,30.0,1,09:30,707,56.577,12.0,False
AMZN,call,Wed-0DTE,mid,30.0,2,10:00,766,55.483,19.0,False
AMZN,call,Wed-0DTE,mid,30.0,3,11:30,640,52.5,33.0,False
AMZN,call,Wed-0DTE,mid,30.0,4,12:00,621,50.564,21.0,False
AMZN,call,Wed-0DTE,mid,30.0,5,10:30,697,47.202,20.0,False
AMZN,call,Wed-0DTE,mid,30.0,6,13:00,560,46.25,38.0,False
AMZN,call,Wed-0DTE,mid,30.0,7,11:00,670,45.97,26.5,False
AMZN,call,Wed-0DTE,mid,30.0,8,13:30,532,44.737,22.0,False
AMZN,call,Wed-0DTE,mid,30.0,9,12:30,605,40.496,27.0,False
AMZN,call,Wed-0DTE,mid,30.0,10,14:30,495,36.768,28.0,False
AMZN,call,Wed-0DTE,mid,30.0,11,14:00,517,35.783,21.0,False
AMZN,call,Wed-0DTE,mid,30.0,12,15:00,510,32.941,20.5,False
AMZN,call,Wed-0DTE,mid,30.0,13,15:30,132,29.545,10.0,False
AMZN,call,Wed-0DTE,mid,50.0,1,09:30,707,44.837,19.0,False
AMZN,call,Wed-0DTE,mid,50.0,2,10:00,766,44.125,26.5,False
AMZN,call,Wed-0DTE,mid,50.0,3,11:30,640,37.031,44.0,False
AMZN,call,Wed-0DTE,mid,50.0,4,12:00,621,36.232,31.0,False
AMZN,call,Wed-0DTE,mid,50.0,5,10:30,697,35.294,32.0,False
AMZN,call,Wed-0DTE,mid,50.0,6,11:00,670,31.642,51.0,False
AMZN,call,Wed-0DTE,mid,50.0,7,13:30,532,30.827,25.5,False
AMZN,call,Wed-0DTE,mid,50.0,8,13:00,560,30.179,44.0,False
AMZN,call,Wed-0DTE,mid,50.0,9,12:30,605,28.926,56.0,False
AMZN,call,Wed-0DTE,mid,50.0,10,14:30,495,22.828,32.0,False
AMZN,call,Wed-0DTE,mid,50.0,11,14:00,517,21.47,33.0,False
AMZN,call,Wed-0DTE,mid,50.0,12,15:00,510,20.98,20.0,False
AMZN,call,Wed-0DTE,mid,50.0,13,15:30,132,16.667,8.5,False
AMZN,call,Wed-0DTE,mid,75.0,1,09:30,707,36.634,33.0,False
AMZN,call,Wed-0DTE,mid,75.0,2,10:00,766,32.637,39.0,False
AMZN,call,Wed-0DTE,mid,75.0,3,12:00,621,27.697,49.5,False
AMZN,call,Wed-0DTE,mid,75.0,4,10:30,697,27.403,48.0,False
AMZN,call,Wed-0DTE,mid,75.0,5,11:30,640,27.031,55.0,False
AMZN,call,Wed-0DTE,mid,75.0,6,11:00,670,24.478,64.0,False
AMZN,call,Wed-0DTE,mid,75.0,7,12:30,605,22.645,69.0,False
AMZN,call,Wed-0DTE,mid,75.0,8,13:30,532,22.18,37.5,False
AMZN,call,Wed-0DTE,mid,75.0,9,13:00,560,21.964,47.0,False
AMZN,call,Wed-0DTE,mid,75.0,10,14:00,517,16.634,47.5,False
AMZN,call,Wed-0DTE,mid,75.0,11,14:30,495,16.162,41.5,False
AMZN,call,Wed-0DTE,mid,75.0,12,15:00,510,14.314,22.0,False
AMZN,call,Wed-0DTE,mid,75.0,13,15:30,132,8.333,11.0,False
AMZN,call,Wed-0DTE,mid,100.0,1,09:30,707,31.542,46.0,False
AMZN,call,Wed-0DTE,mid,100.0,2,10:00,766,27.676,48.0,False
AMZN,call,Wed-0DTE,mid,100.0,3,12:00,621,23.51,60.5,False
AMZN,call,Wed-0DTE,mid,100.0,4,10:30,697,22.095,51.0,False
AMZN,call,Wed-0DTE,mid,100.0,5,11:30,640,21.875,62.0,False
AMZN,call,Wed-0DTE,mid,100.0,6,11:00,670,19.552,69.0,False
AMZN,call,Wed-0DTE,mid,100.0,7,13:30,532,18.233,69.0,False
AMZN,call,Wed-0DTE,mid,100.0,8,12:30,605,17.19,62.5,False
AMZN,call,Wed-0DTE,mid,100.0,9,13:00,560,15.893,83.0,False
AMZN,call,Wed-0DTE,mid,100.0,10,14:30,495,12.929,46.0,False
AMZN,call,Wed-0DTE,mid,100.0,11,14:00,517,12.573,61.0,False
AMZN,call,Wed-0DTE,mid,100.0,12,15:00,510,12.549,26.0,False
AMZN,call,Wed-0DTE,mid,100.0,13,15:30,132,8.333,11.0,False
AMZN,call,Wed-0DTE,market,30.0,1,09:30,707,43.706,24.0,False
AMZN,call,Wed-0DTE,market,30.0,2,10:00,766,42.298,31.0,False
AMZN,call,Wed-0DTE,market,30.0,3,10:30,697,36.011,45.0,False
AMZN,call,Wed-0DTE,market,30.0,4,11:30,640,35.0,47.5,False
AMZN,call,Wed-0DTE,market,30.0,5,12:00,621,34.461,44.5,False
AMZN,call,Wed-0DTE,market,30.0,6,11:00,670,31.493,65.0,False
AMZN,call,Wed-0DTE,market,30.0,7,13:00,560,29.286,47.0,False
AMZN,call,Wed-0DTE,market,30.0,8,13:30,532,28.383,41.0,False
AMZN,call,Wed-0DTE,market,30.0,9,12:30,605,26.281,55.0,False
AMZN,call,Wed-0DTE,market,30.0,10,14:00,517,21.083,45.0,False
AMZN,call,Wed-0DTE,market,30.0,11,15:00,510,20.784,26.0,False
AMZN,call,Wed-0DTE,market,30.0,12,14:30,495,19.192,47.0,False
AMZN,call,Wed-0DTE,market,30.0,13,15:30,132,14.394,12.0,False
AMZN,call,Wed-0DTE,market,50.0,1,09:30,707,36.068,49.0,False
AMZN,call,Wed-0DTE,market,50.0,2,10:00,766,33.681,42.5,False
AMZN,call,Wed-0DTE,market,50.0,3,10:30,697,27.977,53.0,False
AMZN,call,Wed-0DTE,market,50.0,4,12:00,621,25.282,60.0,False
AMZN,call,Wed-0DTE,market,50.0,5,11:30,640,24.688,69.0,False
AMZN,call,Wed-0DTE,market,50.0,6,11:00,670,23.881,82.0,False
AMZN,call,Wed-0DTE,market,50.0,7,12:30,605,22.479,74.0,False
AMZN,call,Wed-0DTE,market,50.0,8,13:00,560,22.321,59.0,False
AMZN,call,Wed-0DTE,market,50.0,9,13:30,532,17.669,48.0,False
AMZN,call,Wed-0DTE,market,50.0,10,14:00,517,15.861,71.5,False
AMZN,call,Wed-0DTE,market,50.0,11,14:30,495,14.949,60.0,False
AMZN,call,Wed-0DTE,market,50.0,12,15:00,510,14.902,30.0,False
AMZN,call,Wed-0DTE,market,50.0,13,15:30,132,10.606,14.0,False
AMZN,call,Wed-0DTE,market,75.0,1,09:30,707,30.41,56.0,False
AMZN,call,Wed-0DTE,market,75.0,2,10:00,766,25.457,49.0,False
AMZN,call,Wed-0DTE,market,75.0,3,10:30,697,20.947,59.0,False
AMZN,call,Wed-0DTE,market,75.0,4,12:00,621,20.934,70.0,False
AMZN,call,Wed-0DTE,market,75.0,5,11:30,640,18.906,85.0,False
AMZN,call,Wed-0DTE,market,75.0,6,11:00,670,18.06,107.0,False
AMZN,call,Wed-0DTE,market,75.0,7,12:30,605,15.868,85.5,False
AMZN,call,Wed-0DTE,market,75.0,8,13:00,560,14.286,69.5,False
AMZN,call,Wed-0DTE,market,75.0,9,13:30,532,12.406,96.5,False
AMZN,call,Wed-0DTE,market,75.0,10,14:00,517,11.799,90.0,False
AMZN,call,Wed-0DTE,market,75.0,11,14:30,495,10.101,57.5,False
AMZN,call,Wed-0DTE,market,75.0,12,15:00,510,9.804,32.0,False
AMZN,call,Wed-0DTE,market,75.0,13,15:30,132,6.818,14.0,False
AMZN,call,Wed-0DTE,market,100.0,1,09:30,707,27.016,69.0,False
AMZN,call,Wed-0DTE,market,100.0,2,10:00,766,21.279,61.0,False
AMZN,call,Wed-0DTE,market,100.0,3,12:00,621,16.747,79.0,False
AMZN,call,Wed-0DTE,market,100.0,4,10:30,697,15.638,60.0,False
AMZN,call,Wed-0DTE,market,100.0,5,11:30,640,15.0,95.5,False
AMZN,call,Wed-0DTE,market,100.0,6,11:00,670,13.582,122.0,False
AMZN,call,Wed-0DTE,market,100.0,7,12:30,605,11.24,85.5,False
AMZN,call,Wed-0DTE,market,100.0,8,13:00,560,10.536,92.0,False
AMZN,call,Wed-0DTE,market,100.0,9,15:00,510,8.235,34.0,False
AMZN,call,Wed-0DTE,market,100.0,10,13:30,532,7.895,117.5,False
AMZN,call,Wed-0DTE,market,100.0,11,14:00,517,6.963,92.5,False
AMZN,call,Wed-0DTE,market,100.0,12,14:30,495,6.869,58.0,False
AMZN,call,Wed-0DTE,market,100.0,13,15:30,132,6.818,15.0,False
AMZN,put,Wed-0DTE,mid,30.0,1,11:00,605,62.149,25.5,False
AMZN,put,Wed-0DTE,mid,30.0,2,10:30,642,61.682,24.0,False
AMZN,put,Wed-0DTE,mid,30.0,3,10:00,706,56.374,18.0,False
AMZN,put,Wed-0DTE,mid,30.0,4,09:30,639,53.678,16.0,False
AMZN,put,Wed-0DTE,mid,30.0,5,11:30,540,53.333,39.0,False
AMZN,put,Wed-0DTE,mid,30.0,6,12:30,498,51.606,37.0,False
AMZN,put,Wed-0DTE,mid,30.0,7,13:00,448,51.562,27.0,False
AMZN,put,Wed-0DTE,mid,30.0,8,14:00,425,51.529,20.0,False
AMZN,put,Wed-0DTE,mid,30.0,9,14:30,425,47.059,15.0,False
AMZN,put,Wed-0DTE,mid,30.0,10,12:00,509,46.169,21.0,False
AMZN,put,Wed-0DTE,mid,30.0,11,13:30,451,46.12,22.0,False
AMZN,put,Wed-0DTE,mid,30.0,12,15:00,424,36.085,10.0,False
AMZN,put,Wed-0DTE,mid,30.0,13,15:30,115,15.652,9.0,False
AMZN,put,Wed-0DTE,mid,50.0,1,10:30,642,48.131,36.0,False
AMZN,put,Wed-0DTE,mid,50.0,2,11:00,605,48.099,50.0,False
AMZN,put,Wed-0DTE,mid,50.0,3,09:30,639,44.914,34.0,False
AMZN,put,Wed-0DTE,mid,50.0,4,10:00,706,41.785,33.0,False
AMZN,put,Wed-0DTE,mid,50.0,5,13:00,448,40.848,35.0,False
AMZN,put,Wed-0DTE,mid,50.0,6,11:30,540,37.593,48.0,False
AMZN,put,Wed-0DTE,mid,50.0,7,14:00,425,36.706,27.0,False
AMZN,put,Wed-0DTE,mid,50.0,8,12:30,498,36.345,47.0,False
AMZN,put,Wed-0DTE,mid,50.0,9,12:00,509,35.756,32.5,False
AMZN,put,Wed-0DTE,mid,50.0,10,13:30,451,34.812,31.0,False
AMZN,put,Wed-0DTE,mid,50.0,11,14:30,425,32.471,17.0,False
AMZN,put,Wed-0DTE,mid,50.0,12,15:00,424,21.462,12.0,False
AMZN,put,Wed-0DTE,mid,50.0,13,15:30,115,6.957,21.5,False
AMZN,put,Wed-0DTE,mid,75.0,1,09:30,639,35.681,47.0,False
AMZN,put,Wed-0DTE,mid,75.0,2,11:00,605,35.537,71.0,False
AMZN,put,Wed-0DTE,mid,75.0,3,10:30,642,35.047,44.0,False
AMZN,put,Wed-0DTE,mid,75.0,4,13:00,448,33.259,52.0,False
AMZN,put,Wed-0DTE,mid,75.0,5,10:00,706,31.586,49.0,False
AMZN,put,Wed-0DTE,mid,75.0,6,14:00,425,29.882,37.0,False
AMZN,put,Wed-0DTE,mid,75.0,7,12:30,498,29.116,67.0,False
AMZN,put,Wed-0DTE,mid,75.0,8,13:30,451,28.381,44.0,False
AMZN,put,Wed-0DTE,mid,75.0,9,11:30,540,28.333,63.0,False
AMZN,put,Wed-0DTE,mid,75.0,10,12:00,509,28.291,61.0,False
AMZN,put,Wed-0DTE,mid,75.0,11,14:30,425,24.706,23.0,False
AMZN,put,Wed-0DTE,mid,75.0,12,15:00,424,15.33,15.0,False
AMZN,put,Wed-0DTE,mid,75.0,13,15:30,115,6.087,25.0,False
AMZN,put,Wed-0DTE,mid,100.0,1,09:30,639,29.108,61.5,False
AMZN,put,Wed-0DTE,mid,100.0,2,10:30,642,28.66,51.5,False
AMZN,put,Wed-0DTE,mid,100.0,3,11:00,605,27.273,93.0,False
AMZN,put,Wed-0DTE,mid,100.0,4,13:00,448,26.562,57.0,False
AMZN,put,Wed-0DTE,mid,100.0,5,10:00,706,25.354,59.0,False
AMZN,put,Wed-0DTE,mid,100.0,6,13:30,451,25.055,59.0,False
AMZN,put,Wed-0DTE,mid,100.0,7,14:00,425,24.706,42.0,False
AMZN,put,Wed-0DTE,mid,100.0,8,12:30,498,24.297,70.0,False
AMZN,put,Wed-0DTE,mid,100.0,9,12:00,509,23.772,83.0,False
AMZN,put,Wed-0DTE,mid,100.0,10,11:30,540,23.333,95.5,False
AMZN,put,Wed-0DTE,mid,100.0,11,14:30,425,20.235,27.5,False
AMZN,put,Wed-0DTE,mid,100.0,12,15:00,424,10.849,18.5,False
AMZN,put,Wed-0DTE,mid,100.0,13,15:30,115,4.348,25.0,False
AMZN,put,Wed-0DTE,market,30.0,1,11:00,605,42.975,65.5,False
AMZN,put,Wed-0DTE,market,30.0,2,10:30,642,41.745,40.5,False
AMZN,put,Wed-0DTE,market,30.0,3,10:00,706,37.96,37.0,False
AMZN,put,Wed-0DTE,market,30.0,4,13:00,448,37.946,46.5,False
AMZN,put,Wed-0DTE,market,30.0,5,09:30,639,37.872,33.5,False
AMZN,put,Wed-0DTE,market,30.0,6,11:30,540,36.852,57.0,False
AMZN,put,Wed-0DTE,market,30.0,7,14:00,425,34.588,40.0,False
AMZN,put,Wed-0DTE,market,30.0,8,12:30,498,34.538,65.5,False
AMZN,put,Wed-0DTE,market,30.0,9,12:00,509,33.006,64.5,False
AMZN,put,Wed-0DTE,market,30.0,10,13:30,451,31.486,44.5,False
AMZN,put,Wed-0DTE,market,30.0,11,14:30,425,27.765,24.0,False
AMZN,put,Wed-0DTE,market,30.0,12,15:00,424,18.632,17.0,False
AMZN,put,Wed-0DTE,market,30.0,13,15:30,115,6.087,25.0,False
AMZN,put,Wed-0DTE,market,50.0,1,11:00,605,33.388,87.5,False
AMZN,put,Wed-0DTE,market,50.0,2,10:30,642,33.178,53.0,False
AMZN,put,Wed-0DTE,market,50.0,3,09:30,639,32.864,50.0,False
AMZN,put,Wed-0DTE,market,50.0,4,13:00,448,31.92,60.0,False
AMZN,put,Wed-0DTE,market,50.0,5,10:00,706,30.595,53.0,False
AMZN,put,Wed-0DTE,market,50.0,6,12:30,498,27.711,75.0,False
AMZN,put,Wed-0DTE,market,50.0,7,13:30,451,27.273,61.0,False
AMZN,put,Wed-0DTE,market,50.0,8,11:30,540,27.222,80.0,False
AMZN,put,Wed-0DTE,market,50.0,9,12:00,509,27.112,84.5,False
AMZN,put,Wed-0DTE,market,50.0,10,14:00,425,26.353,45.0,False
AMZN,put,Wed-0DTE,market,50.0,11,14:30,425,23.059,33.0,False
AMZN,put,Wed-0DTE,market,50.0,12,15:00,424,13.443,22.0,False
AMZN,put,Wed-0DTE,market,50.0,13,15:30,115,4.348,25.0,False
AMZN,put,Wed-0DTE,market,75.0,1,10:30,642,27.259,61.0,False
AMZN,put,Wed-0DTE,market,75.0,2,13:00,448,26.339,73.5,False
AMZN,put,Wed-0DTE,market,75.0,3,09:30,639,26.135,77.0,False
AMZN,put,Wed-0DTE,market,75.0,4,10:00,706,24.646,70.0,False
AMZN,put,Wed-0DTE,market,75.0,5,11:00,605,24.463,126.0,False
AMZN,put,Wed-0DTE,market,75.0,6,12:30,498,23.092,88.0,False
AMZN,put,Wed-0DTE,market,75.0,7,12:00,509,22.79,109.0,False
AMZN,put,Wed-0DTE,market,75.0,8,13:30,451,22.395,61.0,False
AMZN,put,Wed-0DTE,market,75.0,9,14:00,425,22.353,51.0,False
AMZN,put,Wed-0DTE,market,75.0,10,11:30,540,21.481,130.5,False
AMZN,put,Wed-0DTE,market,75.0,11,14:30,425,17.412,40.0,False
AMZN,put,Wed-0DTE,market,75.0,12,15:00,424,9.906,24.5,False
AMZN,put,Wed-0DTE,market,75.0,13,15:30,115,3.478,24.5,False
AMZN,put,Wed-0DTE,market,100.0,1,10:30,642,21.963,64.0,False
AMZN,put,Wed-0DTE,market,100.0,2,09:30,639,21.44,93.0,False
AMZN,put,Wed-0DTE,market,100.0,3,13:00,448,20.982,80.5,False
AMZN,put,Wed-0DTE,market,100.0,4,13:30,451,20.399,66.0,False
AMZN,put,Wed-0DTE,market,100.0,5,10:00,706,19.972,86.0,False
AMZN,put,Wed-0DTE,market,100.0,6,11:00,605,19.835,161.5,False
AMZN,put,Wed-0DTE,market,100.0,7,14:00,425,19.294,56.0,False
AMZN,put,Wed-0DTE,market,100.0,8,12:00,509,18.271,115.0,False
AMZN,put,Wed-0DTE,market,100.0,9,11:30,540,18.148,134.0,False
AMZN,put,Wed-0DTE,market,100.0,10,12:30,498,17.671,101.5,False
AMZN,put,Wed-0DTE,market,100.0,11,14:30,425,13.176,45.5,False
AMZN,put,Wed-0DTE,market,100.0,12,15:00,424,7.783,25.0,False
AMZN,put,Wed-0DTE,market,100.0,13,15:30,115,2.609,24.0,False
AMZN,call,Mon-0DTE,mid,30.0,1,10:30,623,51.043,18.0,False
AMZN,call,Mon-0DTE,mid,30.0,2,09:30,646,50.155,11.0,False
AMZN,call,Mon-0DTE,mid,30.0,3,11:00,602,49.668,25.0,False
AMZN,call,Mon-0DTE,mid,30.0,4,10:00,698,47.135,18.0,False
AMZN,call,Mon-0DTE,mid,30.0,5,12:30,474,46.624,33.0,False
AMZN,call,Mon-0DTE,mid,30.0,6,14:00,455,45.275,38.0,False
AMZN,call,Mon-0DTE,mid,30.0,7,13:00,483,44.928,35.0,False
AMZN,call,Mon-0DTE,mid,30.0,8,11:30,557,42.729,22.0,False
AMZN,call,Mon-0DTE,mid,30.0,9,14:30,438,42.466,21.5,False
AMZN,call,Mon-0DTE,mid,30.0,10,13:30,457,42.013,32.0,False
AMZN,call,Mon-0DTE,mid,30.0,11,15:00,436,38.532,15.0,False
AMZN,call,Mon-0DTE,mid,30.0,12,12:00,529,38.185,25.0,False
AMZN,call,Mon-0DTE,mid,30.0,13,15:30,114,23.684,9.0,False
AMZN,call,Mon-0DTE,mid,50.0,1,09:30,646,36.842,22.0,False
AMZN,call,Mon-0DTE,mid,50.0,2,10:30,623,33.387,26.0,False
AMZN,call,Mon-0DTE,mid,50.0,3,11:00,602,32.724,35.0,False
AMZN,call,Mon-0DTE,mid,50.0,4,12:30,474,32.7,47.0,False
AMZN,call,Mon-0DTE,mid,50.0,5,10:00,698,32.665,29.5,False
AMZN,call,Mon-0DTE,mid,50.0,6,14:00,455,30.769,41.0,False
AMZN,call,Mon-0DTE,mid,50.0,7,13:00,483,29.814,47.0,False
AMZN,call,Mon-0DTE,mid,50.0,8,14:30,438,28.311,23.0,False
AMZN,call,Mon-0DTE,mid,50.0,9,11:30,557,26.75,28.0,False
AMZN,call,Mon-0DTE,mid,50.0,10,13:30,457,25.383,36.5,False
AMZN,call,Mon-0DTE,mid,50.0,11,12:00,529,23.062,51.0,False
AMZN,call,Mon-0DTE,mid,50.0,12,15:00,436,22.936,13.0,False
AMZN,call,Mon-0DTE,mid,50.0,13,15:30,114,10.526,11.5,False
AMZN,call,Mon-0DTE,mid,75.0,1,09:30,646,27.245,48.0,False
AMZN,call,Mon-0DTE,mid,75.0,2,10:00,698,25.215,40.0,False
AMZN,call,Mon-0DTE,mid,75.0,3,10:30,623,24.077,36.5,False
AMZN,call,Mon-0DTE,mid,75.0,4,11:00,602,22.425,47.0,False
AMZN,call,Mon-0DTE,mid,75.0,5,14:30,438,21.918,28.0,False
AMZN,call,Mon-0DTE,mid,75.0,6,12:30,474,21.519,94.5,False
AMZN,call,Mon-0DTE,mid,75.0,7,13:00,483,21.118,76.0,False
AMZN,call,Mon-0DTE,mid,75.0,8,14:00,455,20.659,41.0,False
AMZN,call,Mon-0DTE,mid,75.0,9,13:30,457,20.131,53.0,False
AMZN,call,Mon-0DTE,mid,75.0,10,11:30,557,17.056,57.0,False
AMZN,call,Mon-0DTE,mid,75.0,11,15:00,436,16.055,17.5,False
AMZN,call,Mon-0DTE,mid,75.0,12,12:00,529,14.745,123.5,False
AMZN,call,Mon-0DTE,mid,75.0,13,15:30,114,7.018,16.0,False
AMZN,call,Mon-0DTE,mid,100.0,1,10:00,698,20.917,51.0,False
AMZN,call,Mon-0DTE,mid,100.0,2,09:30,646,20.433,58.0,False
AMZN,call,Mon-0DTE,mid,100.0,3,10:30,623,20.225,45.5,False
AMZN,call,Mon-0DTE,mid,100.0,4,14:30,438,18.493,29.0,False
AMZN,call,Mon-0DTE,mid,100.0,5,11:00,602,18.272,62.5,False
AMZN,call,Mon-0DTE,mid,100.0,6,13:30,457,16.63,77.0,False
AMZN,call,Mon-0DTE,mid,100.0,7,14:00,455,16.264,41.0,False
AMZN,call,Mon-0DTE,mid,100.0,8,13:00,483,15.942,93.0,False
AMZN,call,Mon-0DTE,mid,100.0,9,12:30,474,15.823,133.0,False
AMZN,call,Mon-0DTE,mid,100.0,10,15:00,436,14.679,19.0,False
AMZN,call,Mon-0DTE,mid,100.0,11,11:30,557,14.183,141.0,False
AMZN,call,Mon-0DTE,mid,100.0,12,12:00,529,11.153,131.0,False
AMZN,call,Mon-0DTE,mid,100.0,13,15:30,114,7.018,24.0,False
AMZN,call,Mon-0DTE,market,30.0,1,09:30,646,36.378,32.0,False
AMZN,call,Mon-0DTE,market,30.0,2,10:00,698,33.524,32.0,False
AMZN,call,Mon-0DTE,market,30.0,3,10:30,623,31.942,31.0,False
AMZN,call,Mon-0DTE,market,30.0,4,11:00,602,28.904,36.5,False
AMZN,call,Mon-0DTE,market,30.0,5,12:30,474,27.848,48.5,False
AMZN,call,Mon-0DTE,market,30.0,6,14:00,455,27.253,38.5,False
AMZN,call,Mon-0DTE,market,30.0,7,13:00,483,25.052,67.0,False
AMZN,call,Mon-0DTE,market,30.0,8,14:30,438,23.973,27.0,False
AMZN,call,Mon-0DTE,market,30.0,9,13:30,457,22.976,49.0,False
AMZN,call,Mon-0DTE,market,30.0,10,12:00,529,21.55,72.0,False
AMZN,call,Mon-0DTE,market,30.0,11,11:30,557,21.544,42.5,False
AMZN,call,Mon-0DTE,market,30.0,12,15:00,436,19.725,22.0,False
AMZN,call,Mon-0DTE,market,30.0,13,15:30,114,10.526,15.0,False
AMZN,call,Mon-0DTE,market,50.0,1,09:30,646,28.638,53.0,False
AMZN,call,Mon-0DTE,market,50.0,2,10:00,698,26.648,41.5,False
AMZN,call,Mon-0DTE,market,50.0,3,10:30,623,24.077,45.0,False
AMZN,call,Mon-0DTE,market,50.0,4,11:00,602,21.927,60.0,False
AMZN,call,Mon-0DTE,market,50.0,5,12:30,474,20.464,103.0,False
AMZN,call,Mon-0DTE,market,50.0,6,14:00,455,19.121,48.0,False
AMZN,call,Mon-0DTE,market,50.0,7,14:30,438,18.265,30.0,False
AMZN,call,Mon-0DTE,market,50.0,8,13:00,483,17.805,89.0,False
AMZN,call,Mon-0DTE,market,50.0,9,13:30,457,17.287,74.0,False
AMZN,call,Mon-0DTE,market,50.0,10,11:30,557,15.26,124.0,False
AMZN,call,Mon-0DTE,market,50.0,11,12:00,529,15.123,141.5,False
AMZN,call,Mon-0DTE,market,50.0,12,15:00,436,12.615,19.0,False
AMZN,call,Mon-0DTE,market,50.0,13,15:30,114,7.018,17.5,False
AMZN,call,Mon-0DTE,market,75.0,1,09:30,646,20.898,65.0,False
AMZN,call,Mon-0DTE,market,75.0,2,10:00,698,20.201,51.0,False
AMZN,call,Mon-0DTE,market,75.0,3,10:30,623,17.657,61.0,False
AMZN,call,Mon-0DTE,market,75.0,4,11:00,602,15.781,128.0,False
AMZN,call,Mon-0DTE,market,75.0,5,12:30,474,14.768,135.5,False
AMZN,call,Mon-0DTE,market,75.0,6,14:30,438,13.927,30.0,False
AMZN,call,Mon-0DTE,market,75.0,7,13:30,457,13.348,84.0,False
AMZN,call,Mon-0DTE,market,75.0,8,13:00,483,13.043,112.0,False
AMZN,call,Mon-0DTE,market,75.0,9,14:00,455,12.308,49.0,False
AMZN,call,Mon-0DTE,market,75.0,10,11:30,557,12.029,161.0,False
AMZN,call,Mon-0DTE,market,75.0,11,12:00,529,10.586,151.5,False
AMZN,call,Mon-0DTE,market,75.0,12,15:00,436,9.174,20.0,False
AMZN,call,Mon-0DTE,market,75.0,13,15:30,114,5.263,24.5,False
AMZN,call,Mon-0DTE,market,100.0,1,10:00,698,16.619,61.0,False
AMZN,call,Mon-0DTE,market,100.0,2,09:30,646,16.254,75.0,False
AMZN,call,Mon-0DTE,market,100.0,3,10:30,623,13.804,70.0,False
AMZN,call,Mon-0DTE,market,100.0,4,11:00,602,12.458,182.0,False
AMZN,call,Mon-0DTE,market,100.0,5,13:30,457,10.503,86.5,False
AMZN,call,Mon-0DTE,market,100.0,6,12:30,474,9.916,140.0,False
AMZN,call,Mon-0DTE,market,100.0,7,11:30,557,9.336,174.0,False
AMZN,call,Mon-0DTE,market,100.0,8,14:30,438,9.132,29.0,False
AMZN,call,Mon-0DTE,market,100.0,9,13:00,483,9.11,117.0,False
AMZN,call,Mon-0DTE,market,100.0,10,14:00,455,9.011,54.0,False
AMZN,call,Mon-0DTE,market,100.0,11,12:00,529,8.318,158.5,False
AMZN,call,Mon-0DTE,market,100.0,12,15:00,436,6.651,19.0,False
AMZN,call,Mon-0DTE,market,100.0,13,15:30,114,4.386,25.0,False
AMZN,put,Mon-0DTE,mid,30.0,1,11:30,489,62.577,26.0,False
AMZN,put,Mon-0DTE,mid,30.0,2,10:30,586,60.41,26.0,False
AMZN,put,Mon-0DTE,mid,30.0,3,11:00,529,60.302,20.0,False
AMZN,put,Mon-0DTE,mid,30.0,4,12:00,460,58.043,16.0,False
AMZN,put,Mon-0DTE,mid,30.0,5,10:00,653,53.446,17.0,False
AMZN,put,Mon-0DTE,mid,30.0,6,12:30,405,49.136,20.0,False
AMZN,put,Mon-0DTE,mid,30.0,7,13:30,388,47.423,22.0,False
AMZN,put,Mon-0DTE,mid,30.0,8,13:00,380,47.105,23.0,False
AMZN,put,Mon-0DTE,mid,30.0,9,09:30,628,46.497,13.0,False
AMZN,put,Mon-0DTE,mid,30.0,10,14:30,359,45.682,23.0,False
AMZN,put,Mon-0DTE,mid,30.0,11,14:00,377,42.706,16.0,False
AMZN,put,Mon-0DTE,mid,30.0,12,15:00,371,40.97,12.5,False
AMZN,put,Mon-0DTE,mid,30.0,13,15:30,100,26.0,8.5,False
AMZN,put,Mon-0DTE,mid,50.0,1,11:30,489,48.057,40.0,False
AMZN,put,Mon-0DTE,mid,50.0,2,10:30,586,46.758,36.0,False
AMZN,put,Mon-0DTE,mid,50.0,3,11:00,529,45.936,27.0,False
AMZN,put,Mon-0DTE,mid,50.0,4,12:00,460,43.261,24.0,False
AMZN,put,Mon-0DTE,mid,50.0,5,10:00,653,42.42,32.0,False
AMZN,put,Mon-0DTE,mid,50.0,6,12:30,405,38.272,32.0,False
AMZN,put,Mon-0DTE,mid,50.0,7,13:00,380,35.263,44.5,False
AMZN,put,Mon-0DTE,mid,50.0,8,09:30,628,34.395,21.0,False
AMZN,put,Mon-0DTE,mid,50.0,9,13:30,388,34.278,31.0,False
AMZN,put,Mon-0DTE,mid,50.0,10,14:30,359,31.476,30.0,False
AMZN,put,Mon-0DTE,mid,50.0,11,14:00,377,29.708,24.0,False
AMZN,put,Mon-0DTE,mid,50.0,12,15:00,371,28.032,12.0,False
AMZN,put,Mon-0DTE,mid,50.0,13,15:30,100,13.0,4.0,False
AMZN,put,Mon-0DTE,mid,75.0,1,10:30,586,38.055,45.0,False
AMZN,put,Mon-0DTE,mid,75.0,2,11:00,529,36.295,40.5,False
AMZN,put,Mon-0DTE,mid,75.0,3,11:30,489,35.174,53.0,False
AMZN,put,Mon-0DTE,mid,75.0,4,10:00,653,32.006,69.0,False
AMZN,put,Mon-0DTE,mid,75.0,5,12:00,460,29.565,57.0,False
AMZN,put,Mon-0DTE,mid,75.0,6,12:30,405,28.395,36.0,False
AMZN,put,Mon-0DTE,mid,75.0,7,13:30,388,25.0,38.0,False
AMZN,put,Mon-0DTE,mid,75.0,8,13:00,380,24.737,61.0,False
AMZN,put,Mon-0DTE,mid,75.0,9,09:30,628,23.408,29.0,False
AMZN,put,Mon-0DTE,mid,75.0,10,15:00,371,20.755,16.0,False
AMZN,put,Mon-0DTE,mid,75.0,11,14:30,359,19.22,32.0,False
AMZN,put,Mon-0DTE,mid,75.0,12,14:00,377,18.568,28.5,False
AMZN,put,Mon-0DTE,mid,75.0,13,15:30,100,6.0,5.0,False
AMZN,put,Mon-0DTE,mid,100.0,1,11:00,529,31.758,50.0,False
AMZN,put,Mon-0DTE,mid,100.0,2,10:30,586,30.375,52.0,False
AMZN,put,Mon-0DTE,mid,100.0,3,11:30,489,27.198,77.0,False
AMZN,put,Mon-0DTE,mid,100.0,4,12:30,405,25.185,38.5,False
AMZN,put,Mon-0DTE,mid,100.0,5,10:00,653,23.583,92.0,False
AMZN,put,Mon-0DTE,mid,100.0,6,12:00,460,23.478,64.5,False
AMZN,put,Mon-0DTE,mid,100.0,7,13:00,380,19.737,67.0,False
AMZN,put,Mon-0DTE,mid,100.0,8,13:30,388,18.814,41.0,False
AMZN,put,Mon-0DTE,mid,100.0,9,09:30,628,18.79,40.0,False
AMZN,put,Mon-0DTE,mid,100.0,10,15:00,371,17.52,17.0,False
AMZN,put,Mon-0DTE,mid,100.0,11,14:30,359,15.599,36.5,False
AMZN,put,Mon-0DTE,mid,100.0,12,14:00,377,14.058,40.0,False
AMZN,put,Mon-0DTE,mid,100.0,13,15:30,100,6.0,15.0,False
AMZN,put,Mon-0DTE,market,30.0,1,10:30,586,41.297,43.0,False
AMZN,put,Mon-0DTE,market,30.0,2,11:30,489,40.9,41.0,False
AMZN,put,Mon-0DTE,market,30.0,3,11:00,529,40.454,40.0,False
AMZN,put,Mon-0DTE,market,30.0,4,12:00,460,37.609,39.0,False
AMZN,put,Mon-0DTE,market,30.0,5,10:00,653,35.681,37.0,False
AMZN,put,Mon-0DTE,market,30.0,6,12:30,405,34.815,37.0,False
AMZN,put,Mon-0DTE,market,30.0,7,09:30,628,33.599,22.0,False
AMZN,put,Mon-0DTE,market,30.0,8,13:00,380,31.579,56.5,False
AMZN,put,Mon-0DTE,market,30.0,9,13:30,388,30.928,35.0,False
AMZN,put,Mon-0DTE,market,30.0,10,14:30,359,29.248,38.0,False
AMZN,put,Mon-0DTE,market,30.0,11,14:00,377,27.056,48.5,False
AMZN,put,Mon-0DTE,market,30.0,12,15:00,371,23.181,21.0,False
AMZN,put,Mon-0DTE,market,30.0,13,15:30,100,12.0,17.0,False
AMZN,put,Mon-0DTE,market,50.0,1,10:30,586,32.594,51.0,False
AMZN,put,Mon-0DTE,market,50.0,2,11:00,529,32.136,50.0,False
AMZN,put,Mon-0DTE,market,50.0,3,11:30,489,31.084,64.5,False
AMZN,put,Mon-0DTE,market,50.0,4,10:00,653,29.709,73.0,False
AMZN,put,Mon-0DTE,market,50.0,5,12:00,460,27.609,65.0,False
AMZN,put,Mon-0DTE,market,50.0,6,12:30,405,26.42,47.0,False
AMZN,put,Mon-0DTE,market,50.0,7,13:00,380,25.0,68.0,False
AMZN,put,Mon-0DTE,market,50.0,8,09:30,628,24.841,31.5,False
AMZN,put,Mon-0DTE,market,50.0,9,13:30,388,22.165,45.5,False
AMZN,put,Mon-0DTE,market,50.0,10,14:30,359,20.056,42.5,False
AMZN,put,Mon-0DTE,market,50.0,11,14:00,377,18.833,50.0,False
AMZN,put,Mon-0DTE,market,50.0,12,15:00,371,18.598,21.0,False
AMZN,put,Mon-0DTE,market,50.0,13,15:30,100,8.0,18.5,False
AMZN,put,Mon-0DTE,market,75.0,1,11:00,529,26.465,53.5,False
AMZN,put,Mon-0DTE,market,75.0,2,10:30,586,25.597,66.5,False
AMZN,put,Mon-0DTE,market,75.0,3,11:30,489,22.29,80.0,False
AMZN,put,Mon-0DTE,market,75.0,4,10:00,653,22.052,114.5,False
AMZN,put,Mon-0DTE,market,75.0,5,12:30,405,20.494,70.0,False
AMZN,put,Mon-0DTE,market,75.0,6,12:00,460,20.0,87.0,False
AMZN,put,Mon-0DTE,market,75.0,7,09:30,628,17.516,41.5,False
AMZN,put,Mon-0DTE,market,75.0,8,13:00,380,16.053,76.0,False
AMZN,put,Mon-0DTE,market,75.0,9,13:30,388,15.979,56.5,False
AMZN,put,Mon-0DTE,market,75.0,10,15:00,371,13.747,25.0,False
AMZN,put,Mon-0DTE,market,75.0,11,14:30,359,11.699,53.0,False
AMZN,put,Mon-0DTE,market,75.0,12,14:00,377,11.406,46.0,False
AMZN,put,Mon-0DTE,market,75.0,13,15:30,100,5.0,20.0,False
AMZN,put,Mon-0DTE,market,100.0,1,11:00,529,23.251,60.0,False
AMZN,put,Mon-0DTE,market,100.0,2,10:30,586,19.966,81.0,False
AMZN,put,Mon-0DTE,market,100.0,3,11:30,489,18.405,104.5,False
AMZN,put,Mon-0DTE,market,100.0,4,10:00,653,17.305,120.0,False
AMZN,put,Mon-0DTE,market,100.0,5,12:00,460,16.304,116.0,False
AMZN,put,Mon-0DTE,market,100.0,6,12:30,405,15.062,85.0,False
AMZN,put,Mon-0DTE,market,100.0,7,09:30,628,14.49,74.0,False
AMZN,put,Mon-0DTE,market,100.0,8,13:00,380,13.158,90.0,False
AMZN,put,Mon-0DTE,market,100.0,9,13:30,388,12.113,63.0,False
AMZN,put,Mon-0DTE,market,100.0,10,15:00,371,10.512,22.0,False
AMZN,put,Mon-0DTE,market,100.0,11,14:30,359,8.914,57.0,False
AMZN,put,Mon-0DTE,market,100.0,12,14:00,377,7.958,49.5,False
AMZN,put,Mon-0DTE,market,100.0,13,15:30,100,5.0,20.0,False
META,call,Fri-0DTE,mid,30.0,1,10:30,3712,56.6,20.0,False
META,call,Fri-0DTE,mid,30.0,2,11:00,3466,56.232,22.0,False
META,call,Fri-0DTE,mid,30.0,3,11:30,3174,56.049,21.0,False
META,call,Fri-0DTE,mid,30.0,4,10:00,4176,52.993,16.0,False
META,call,Fri-0DTE,mid,30.0,5,12:00,2848,52.704,21.0,False
META,call,Fri-0DTE,mid,30.0,6,09:30,3676,52.612,14.0,False
META,call,Fri-0DTE,mid,30.0,7,12:30,2729,50.165,23.0,False
META,call,Fri-0DTE,mid,30.0,8,13:00,2537,49.113,18.0,False
META,call,Fri-0DTE,mid,30.0,9,13:30,2420,43.388,17.0,False
META,call,Fri-0DTE,mid,30.0,10,14:00,2390,41.464,17.0,False
META,call,Fri-0DTE,mid,30.0,11,14:30,2339,37.837,16.0,False
META,call,Fri-0DTE,mid,30.0,12,15:00,2504,35.304,11.0,False
META,call,Fri-0DTE,mid,30.0,13,15:30,575,27.652,15.0,False
META,call,Fri-0DTE,mid,50.0,1,11:00,3466,43.191,36.0,False
META,call,Fri-0DTE,mid,50.0,2,10:30,3712,42.565,30.0,False
META,call,Fri-0DTE,mid,50.0,3,11:30,3174,41.336,37.0,False
META,call,Fri-0DTE,mid,50.0,4,09:30,3676,40.125,23.0,False
META,call,Fri-0DTE,mid,50.0,5,12:00,2848,39.993,33.0,False
META,call,Fri-0DTE,mid,50.0,6,10:00,4176,39.416,34.0,False
META,call,Fri-0DTE,mid,50.0,7,13:00,2537,35.238,26.0,False
META,call,Fri-0DTE,mid,50.0,8,12:30,2729,35.178,32.0,False
META,call,Fri-0DTE,mid,50.0,9,13:30,2420,31.364,27.0,False
META,call,Fri-0DTE,mid,50.0,10,14:00,2390,29.205,23.0,False
META,call,Fri-0DTE,mid,50.0,11,14:30,2339,24.412,21.0,False
META,call,Fri-0DTE,mid,50.0,12,15:00,2504,23.882,18.0,False
META,call,Fri-0DTE,mid,50.0,13,15:30,575,17.739,17.0,False
META,call,Fri-0DTE,mid,75.0,1,10:30,3712,32.166,45.0,False
META,call,Fri-0DTE,mid,75.0,2,11:00,3466,31.737,59.0,False
META,call,Fri-0DTE,mid,75.0,3,12:00,2848,30.723,42.0,False
META,call,Fri-0DTE,mid,75.0,4,09:30,3676,29.761,33.0,False
META,call,Fri-0DTE,mid,75.0,5,11:30,3174,29.742,47.0,False
META,call,Fri-0DTE,mid,75.0,6,10:00,4176,28.927,50.0,False
META,call,Fri-0DTE,mid,75.0,7,12:30,2729,26.347,42.0,False
META,call,Fri-0DTE,mid,75.0,8,13:00,2537,26.251,37.0,False
META,call,Fri-0DTE,mid,75.0,9,13:30,2420,23.76,37.0,False
META,call,Fri-0DTE,mid,75.0,10,14:00,2390,21.004,30.0,False
META,call,Fri-0DTE,mid,75.0,11,15:00,2504,17.412,22.5,False
META,call,Fri-0DTE,mid,75.0,12,14:30,2339,17.315,30.0,False
META,call,Fri-0DTE,mid,75.0,13,15:30,575,13.217,17.5,False
META,call,Fri-0DTE,mid,100.0,1,10:30,3712,25.242,51.0,False
META,call,Fri-0DTE,mid,100.0,2,12:00,2848,24.895,51.0,False
META,call,Fri-0DTE,mid,100.0,3,11:00,3466,24.091,76.0,False
META,call,Fri-0DTE,mid,100.0,4,09:30,3676,23.803,38.0,False
META,call,Fri-0DTE,mid,100.0,5,11:30,3174,23.031,57.0,False
META,call,Fri-0DTE,mid,100.0,6,10:00,4176,22.27,60.5,False
META,call,Fri-0DTE,mid,100.0,7,12:30,2729,20.594,47.0,False
META,call,Fri-0DTE,mid,100.0,8,13:00,2537,20.221,46.0,False
META,call,Fri-0DTE,mid,100.0,9,13:30,2420,19.339,47.0,False
META,call,Fri-0DTE,mid,100.0,10,14:00,2390,16.946,37.0,False
META,call,Fri-0DTE,mid,100.0,11,14:30,2339,14.151,34.0,False
META,call,Fri-0DTE,mid,100.0,12,15:00,2504,13.818,26.0,False
META,call,Fri-0DTE,mid,100.0,13,15:30,575,10.435,20.0,False
META,call,Fri-0DTE,market,30.0,1,10:30,3712,43.75,30.0,False
META,call,Fri-0DTE,market,30.0,2,09:30,3676,43.335,20.0,False
META,call,Fri-0DTE,market,30.0,3,11:00,3466,42.729,35.0,False
META,call,Fri-0DTE,market,30.0,4,10:00,4176,41.954,29.0,False
META,call,Fri-0DTE,market,30.0,5,11:30,3174,40.359,37.0,False
META,call,Fri-0DTE,market,30.0,6,12:00,2848,39.572,33.0,False
META,call,Fri-0DTE,market,30.0,7,12:30,2729,35.214,31.0,False
META,call,Fri-0DTE,market,30.0,8,13:00,2537,33.977,27.0,False
META,call,Fri-0DTE,market,30.0,9,13:30,2420,29.835,30.0,False
META,call,Fri-0DTE,market,30.0,10,14:00,2390,27.741,28.0,False
META,call,Fri-0DTE,market,30.0,11,14:30,2339,23.814,26.0,False
META,call,Fri-0DTE,market,30.0,12,15:00,2504,21.885,18.0,False
META,call,Fri-0DTE,market,30.0,13,15:30,575,17.739,20.0,False
META,call,Fri-0DTE,market,50.0,1,10:30,3712,34.294,42.0,False
META,call,Fri-0DTE,market,50.0,2,09:30,3676,33.515,32.0,False
META,call,Fri-0DTE,market,50.0,3,11:00,3466,33.208,58.0,False
META,call,Fri-0DTE,market,50.0,4,10:00,4176,32.184,49.0,False
META,call,Fri-0DTE,market,50.0,5,12:00,2848,30.934,44.0,False
META,call,Fri-0DTE,market,50.0,6,11:30,3174,30.655,49.0,False
META,call,Fri-0DTE,market,50.0,7,12:30,2729,26.75,42.0,False
META,call,Fri-0DTE,market,50.0,8,13:00,2537,25.581,38.0,False
META,call,Fri-0DTE,market,50.0,9,13:30,2420,22.603,42.0,False
META,call,Fri-0DTE,market,50.0,10,14:00,2390,20.628,39.0,False
META,call,Fri-0DTE,market,50.0,11,14:30,2339,16.717,33.0,False
META,call,Fri-0DTE,market,50.0,12,15:00,2504,16.534,25.0,False
META,call,Fri-0DTE,market,50.0,13,15:30,575,11.652,20.0,False
META,call,Fri-0DTE,market,75.0,1,10:30,3712,26.482,56.0,False
META,call,Fri-0DTE,market,75.0,2,09:30,3676,25.354,40.0,False
META,call,Fri-0DTE,market,75.0,3,11:00,3466,24.466,79.0,False
META,call,Fri-0DTE,market,75.0,4,10:00,4176,23.994,61.0,False
META,call,Fri-0DTE,market,75.0,5,12:00,2848,23.631,53.0,False
META,call,Fri-0DTE,market,75.0,6,11:30,3174,22.716,62.0,False
META,call,Fri-0DTE,market,75.0,7,12:30,2729,20.337,55.0,False
META,call,Fri-0DTE,market,75.0,8,13:00,2537,19.275,52.0,False
META,call,Fri-0DTE,market,75.0,9,13:30,2420,17.355,54.5,False
META,call,Fri-0DTE,market,75.0,10,14:00,2390,14.603,50.0,False
META,call,Fri-0DTE,market,75.0,11,14:30,2339,12.441,42.0,False
META,call,Fri-0DTE,market,75.0,12,15:00,2504,11.941,29.0,False
META,call,Fri-0DTE,market,75.0,13,15:30,575,8.522,20.0,False
META,call,Fri-0DTE,market,100.0,1,10:30,3712,20.205,64.0,False
META,call,Fri-0DTE,market,100.0,2,09:30,3676,20.049,48.0,False
META,call,Fri-0DTE,market,100.0,3,12:00,2848,18.996,64.0,False
META,call,Fri-0DTE,market,100.0,4,10:00,4176,18.846,70.0,False
META,call,Fri-0DTE,market,100.0,5,11:00,3466,18.638,93.0,False
META,call,Fri-0DTE,market,100.0,6,11:30,3174,17.675,71.0,False
META,call,Fri-0DTE,market,100.0,7,12:30,2729,15.867,67.0,False
META,call,Fri-0DTE,market,100.0,8,13:00,2537,15.294,61.0,False
META,call,Fri-0DTE,market,100.0,9,13:30,2420,13.967,63.0,False
META,call,Fri-0DTE,market,100.0,10,14:00,2390,11.799,58.0,False
META,call,Fri-0DTE,market,100.0,11,14:30,2339,10.133,48.0,False
META,call,Fri-0DTE,market,100.0,12,15:00,2504,9.225,30.0,False
META,call,Fri-0DTE,market,100.0,13,15:30,575,6.609,21.0,False
META,put,Fri-0DTE,mid,30.0,1,09:30,3452,65.527,14.0,False
META,put,Fri-0DTE,mid,30.0,2,10:00,3762,64.221,14.0,False
META,put,Fri-0DTE,mid,30.0,3,11:00,3025,60.231,23.0,False
META,put,Fri-0DTE,mid,30.0,4,10:30,3274,60.018,17.0,False
META,put,Fri-0DTE,mid,30.0,5,11:30,2772,58.947,24.0,False
META,put,Fri-0DTE,mid,30.0,6,12:30,2327,58.187,23.0,False
META,put,Fri-0DTE,mid,30.0,7,13:00,2243,56.665,20.0,False
META,put,Fri-0DTE,mid,30.0,8,13:30,2144,55.55,23.0,False
META,put,Fri-0DTE,mid,30.0,9,12:00,2463,54.892,23.0,False
META,put,Fri-0DTE,mid,30.0,10,14:00,2062,48.836,16.0,False
META,put,Fri-0DTE,mid,30.0,11,14:30,2014,47.666,15.0,False
META,put,Fri-0DTE,mid,30.0,12,15:00,2254,42.724,12.0,False
META,put,Fri-0DTE,mid,30.0,13,15:30,527,37.192,7.0,False
META,put,Fri-0DTE,mid,50.0,1,09:30,3452,54.287,25.0,False
META,put,Fri-0DTE,mid,50.0,2,10:00,3762,52.02,23.0,False
META,put,Fri-0DTE,mid,50.0,3,10:30,3274,47.984,27.0,False
META,put,Fri-0DTE,mid,50.0,4,11:00,3025,47.636,42.0,False
META,put,Fri-0DTE,mid,50.0,5,11:30,2772,47.439,36.0,False
META,put,Fri-0DTE,mid,50.0,6,12:30,2327,44.349,35.0,False
META,put,Fri-0DTE,mid,50.0,7,13:00,2243,42.8,31.0,False
META,put,Fri-0DTE,mid,50.0,8,13:30,2144,42.071,33.0,False
META,put,Fri-0DTE,mid,50.0,9,12:00,2463,41.494,39.0,False
META,put,Fri-0DTE,mid,50.0,10,14:00,2062,36.033,21.0,False
META,put,Fri-0DTE,mid,50.0,11,14:30,2014,35.601,21.0,False
META,put,Fri-0DTE,mid,50.0,12,15:00,2254,29.991,17.0,False
META,put,Fri-0DTE,mid,50.0,13,15:30,527,24.858,7.0,False
META,put,Fri-0DTE,mid,75.0,1,09:30,3452,43.511,36.0,False
META,put,Fri-0DTE,mid,75.0,2,10:00,3762,40.962,33.0,False
META,put,Fri-0DTE,mid,75.0,3,10:30,3274,37.569,45.0,False
META,put,Fri-0DTE,mid,75.0,4,11:00,3025,37.058,61.0,False
META,put,Fri-0DTE,mid,75.0,5,11:30,2772,36.328,58.0,False
META,put,Fri-0DTE,mid,75.0,6,12:30,2327,33.648,49.0,False
META,put,Fri-0DTE,mid,75.0,7,13:00,2243,33.482,43.0,False
META,put,Fri-0DTE,mid,75.0,8,12:00,2463,31.994,56.0,False
META,put,Fri-0DTE,mid,75.0,9,13:30,2144,31.576,41.0,False
META,put,Fri-0DTE,mid,75.0,10,14:30,2014,27.408,29.0,False
META,put,Fri-0DTE,mid,75.0,11,14:00,2062,27.304,28.0,False
META,put,Fri-0DTE,mid,75.0,12,15:00,2254,22.493,19.0,False
META,put,Fri-0DTE,mid,75.0,13,15:30,527,16.698,9.0,False
META,put,Fri-0DTE,mid,100.0,1,09:30,3452,35.371,45.0,False
META,put,Fri-0DTE,mid,100.0,2,10:00,3762,33.254,40.0,False
META,put,Fri-0DTE,mid,100.0,3,10:30,3274,30.299,58.0,False
META,put,Fri-0DTE,mid,100.0,4,11:30,2772,29.293,75.0,False
META,put,Fri-0DTE,mid,100.0,5,11:00,3025,28.959,75.0,False
META,put,Fri-0DTE,mid,100.0,6,13:00,2243,27.062,57.0,False
META,put,Fri-0DTE,mid,100.0,7,12:30,2327,26.859,56.0,False
META,put,Fri-0DTE,mid,100.0,8,12:00,2463,26.715,65.5,False
META,put,Fri-0DTE,mid,100.0,9,13:30,2144,24.627,49.5,False
META,put,Fri-0DTE,mid,100.0,10,14:00,2062,23.084,35.0,False
META,put,Fri-0DTE,mid,100.0,11,14:30,2014,21.797,35.0,False
META,put,Fri-0DTE,mid,100.0,12,15:00,2254,17.391,21.0,False
META,put,Fri-0DTE,mid,100.0,13,15:30,527,14.231,10.0,False
META,put,Fri-0DTE,market,30.0,1,09:30,3452,58.169,20.0,False
META,put,Fri-0DTE,market,30.0,2,10:00,3762,54.2,22.0,False
META,put,Fri-0DTE,market,30.0,3,10:30,3274,50.153,23.0,False
META,put,Fri-0DTE,market,30.0,4,11:00,3025,47.967,38.0,False
META,put,Fri-0DTE,market,30.0,5,11:30,2772,47.114,35.0,False
META,put,Fri-0DTE,market,30.0,6,12:30,2327,45.165,35.0,False
META,put,Fri-0DTE,market,30.0,7,13:00,2243,43.736,33.0,False
META,put,Fri-0DTE,market,30.0,8,12:00,2463,43.037,39.0,False
META,put,Fri-0DTE,market,30.0,9,13:30,2144,40.765,34.0,False
META,put,Fri-0DTE,market,30.0,10,14:00,2062,35.403,25.0,False
META,put,Fri-0DTE,market,30.0,11,14:30,2014,34.459,24.0,False
META,put,Fri-0DTE,market,30.0,12,15:00,2254,28.527,18.0,False
META,put,Fri-0DTE,market,30.0,13,15:30,527,23.719,10.0,False
META,put,Fri-0DTE,market,50.0,1,09:30,3452,48.754,32.0,False
META,put,Fri-0DTE,market,50.0,2,10:00,3762,43.886,31.0,False
META,put,Fri-0DTE,market,50.0,3,10:30,3274,40.898,40.0,False
META,put,Fri-0DTE,market,50.0,4,11:00,3025,38.347,57.0,False
META,put,Fri-0DTE,market,50.0,5,11:30,2772,37.374,53.0,False
META,put,Fri-0DTE,market,50.0,6,12:30,2327,35.453,50.0,False
META,put,Fri-0DTE,market,50.0,7,13:00,2243,34.284,50.0,False
META,put,Fri-0DTE,market,50.0,8,12:00,2463,33.739,54.0,False
META,put,Fri-0DTE,market,50.0,9,13:30,2144,32.603,47.0,False
META,put,Fri-0DTE,market,50.0,10,14:00,2062,27.74,34.5,False
META,put,Fri-0DTE,market,50.0,11,14:30,2014,26.117,30.0,False
META,put,Fri-0DTE,market,50.0,12,15:00,2254,20.941,21.0,False
META,put,Fri-0DTE,market,50.0,13,15:30,527,17.457,12.5,False
META,put,Fri-0DTE,market,75.0,1,09:30,3452,38.905,42.0,False
META,put,Fri-0DTE,market,75.0,2,10:00,3762,35.354,40.0,False
META,put,Fri-0DTE,market,75.0,3,10:30,3274,31.827,57.0,False
META,put,Fri-0DTE,market,75.0,4,11:00,3025,29.587,81.0,False
META,put,Fri-0DTE,market,75.0,5,11:30,2772,29.437,75.0,False
META,put,Fri-0DTE,market,75.0,6,12:00,2463,27.487,66.0,False
META,put,Fri-0DTE,market,75.0,7,12:30,2327,27.159,64.0,False
META,put,Fri-0DTE,market,75.0,8,13:00,2243,27.151,66.0,False
META,put,Fri-0DTE,market,75.0,9,13:30,2144,24.44,54.5,False
META,put,Fri-0DTE,market,75.0,10,14:00,2062,21.969,40.0,False
META,put,Fri-0DTE,market,75.0,11,14:30,2014,19.911,39.0,False
META,put,Fri-0DTE,market,75.0,12,15:00,2254,14.951,23.0,False
META,put,Fri-0DTE,market,75.0,13,15:30,527,11.195,12.0,False
META,put,Fri-0DTE,market,100.0,1,09:30,3452,31.837,51.0,False
META,put,Fri-0DTE,market,100.0,2,10:00,3762,29.08,46.0,False
META,put,Fri-0DTE,market,100.0,3,10:30,3274,25.29,72.0,False
META,put,Fri-0DTE,market,100.0,4,11:30,2772,23.557,101.0,False
META,put,Fri-0DTE,market,100.0,5,11:00,3025,22.909,97.0,False
META,put,Fri-0DTE,market,100.0,6,12:00,2463,22.412,81.5,False
META,put,Fri-0DTE,market,100.0,7,13:00,2243,21.623,72.0,False
META,put,Fri-0DTE,market,100.0,8,12:30,2327,21.573,80.5,False
META,put,Fri-0DTE,market,100.0,9,13:30,2144,18.703,63.0,False
META,put,Fri-0DTE,market,100.0,10,14:00,2062,18.089,45.0,False
META,put,Fri-0DTE,market,100.0,11,14:30,2014,15.988,42.5,False
META,put,Fri-0DTE,market,100.0,12,15:00,2254,11.136,25.0,False
META,put,Fri-0DTE,market,100.0,13,15:30,527,9.298,12.0,False
META,call,Wed-0DTE,mid,30.0,1,09:30,713,72.931,13.0,False
META,call,Wed-0DTE,mid,30.0,2,10:00,777,69.498,18.5,False
META,call,Wed-0DTE,mid,30.0,3,12:30,554,68.051,28.0,False
META,call,Wed-0DTE,mid,30.0,4,10:30,703,62.873,16.0,False
META,call,Wed-0DTE,mid,30.0,5,13:00,528,60.606,25.5,False
META,call,Wed-0DTE,mid,30.0,6,11:30,583,60.206,19.0,False
META,call,Wed-0DTE,mid,30.0,7,11:00,642,59.813,18.0,False
META,call,Wed-0DTE,mid,30.0,8,12:00,585,56.239,14.0,False
META,call,Wed-0DTE,mid,30.0,9,13:30,492,53.659,17.0,False
META,call,Wed-0DTE,mid,30.0,10,14:00,498,46.586,12.5,False
META,call,Wed-0DTE,mid,30.0,11,15:30,130,40.769,10.0,False
META,call,Wed-0DTE,mid,30.0,12,15:00,501,39.122,15.0,False
META,call,Wed-0DTE,mid,30.0,13,14:30,498,37.349,10.5,False
META,call,Wed-0DTE,mid,50.0,1,09:30,713,64.656,20.0,False
META,call,Wed-0DTE,mid,50.0,2,10:00,777,55.598,35.0,False
META,call,Wed-0DTE,mid,50.0,3,10:30,703,50.925,25.5,False
META,call,Wed-0DTE,mid,50.0,4,12:30,554,47.653,43.0,False
META,call,Wed-0DTE,mid,50.0,5,11:30,583,46.655,33.0,False
META,call,Wed-0DTE,mid,50.0,6,11:00,642,46.573,36.0,False
META,call,Wed-0DTE,mid,50.0,7,12:00,585,46.325,26.0,False
META,call,Wed-0DTE,mid,50.0,8,13:00,528,46.212,31.0,False
META,call,Wed-0DTE,mid,50.0,9,13:30,492,35.569,26.0,False
META,call,Wed-0DTE,mid,50.0,10,14:00,498,31.928,14.0,False
META,call,Wed-0DTE,mid,50.0,11,15:00,501,25.549,18.0,False
META,call,Wed-0DTE,mid,50.0,12,15:30,130,23.846,10.0,False
META,call,Wed-0DTE,mid,50.0,13,14:30,498,22.289,22.0,False
META,call,Wed-0DTE,mid,75.0,1,09:30,713,54.558,28.0,False
META,call,Wed-0DTE,mid,75.0,2,10:00,777,45.045,48.0,False
META,call,Wed-0DTE,mid,75.0,3,10:30,703,39.687,40.0,False
META,call,Wed-0DTE,mid,75.0,4,12:00,585,37.949,31.5,False
META,call,Wed-0DTE,mid,75.0,5,11:30,583,34.477,44.0,False
META,call,Wed-0DTE,mid,75.0,6,11:00,642,34.268,45.0,False
META,call,Wed-0DTE,mid,75.0,7,13:00,528,32.576,37.5,False
META,call,Wed-0DTE,mid,75.0,8,12:30,554,31.769,34.0,False
META,call,Wed-0DTE,mid,75.0,9,13:30,492,25.203,30.0,False
META,call,Wed-0DTE,mid,75.0,10,14:00,498,24.096,21.0,False
META,call,Wed-0DTE,mid,75.0,11,15:30,130,19.231,11.0,False
META,call,Wed-0DTE,mid,75.0,12,15:00,501,16.567,21.0,False
META,call,Wed-0DTE,mid,75.0,13,14:30,498,15.863,32.0,False
META,call,Wed-0DTE,mid,100.0,1,09:30,713,47.686,31.0,False
META,call,Wed-0DTE,mid,100.0,2,10:00,777,39.64,59.0,False
META,call,Wed-0DTE,mid,100.0,3,10:30,703,34.139,55.5,False
META,call,Wed-0DTE,mid,100.0,4,12:00,585,32.991,41.0,False
META,call,Wed-0DTE,mid,100.0,5,11:30,583,29.331,45.0,False
META,call,Wed-0DTE,mid,100.0,6,11:00,642,27.259,53.0,False
META,call,Wed-0DTE,mid,100.0,7,12:30,554,24.91,40.0,False
META,call,Wed-0DTE,mid,100.0,8,13:00,528,24.053,37.0,False
META,call,Wed-0DTE,mid,100.0,9,13:30,492,18.496,30.0,False
META,call,Wed-0DTE,mid,100.0,10,14:00,498,17.871,25.0,False
META,call,Wed-0DTE,mid,100.0,11,15:30,130,13.846,11.5,False
META,call,Wed-0DTE,mid,100.0,12,15:00,501,13.772,22.0,False
META,call,Wed-0DTE,mid,100.0,13,14:30,498,9.036,35.0,False
META,call,Wed-0DTE,market,30.0,1,09:30,713,65.778,19.0,False
META,call,Wed-0DTE,market,30.0,2,10:00,777,57.143,31.0,False
META,call,Wed-0DTE,market,30.0,3,10:30,703,53.201,26.0,False
META,call,Wed-0DTE,market,30.0,4,12:30,554,51.625,41.0,False
META,call,Wed-0DTE,market,30.0,5,11:00,642,47.508,35.0,False
META,call,Wed-0DTE,market,30.0,6,11:30,583,46.655,37.0,False
META,call,Wed-0DTE,market,30.0,7,12:00,585,45.983,29.0,False
META,call,Wed-0DTE,market,30.0,8,13:00,528,45.455,34.0,False
META,call,Wed-0DTE,market,30.0,9,13:30,492,38.415,28.0,False
META,call,Wed-0DTE,market,30.0,10,14:00,498,32.731,14.0,False
META,call,Wed-0DTE,market,30.0,11,15:30,130,26.154,11.0,False
META,call,Wed-0DTE,market,30.0,12,15:00,501,23.154,21.0,False
META,call,Wed-0DTE,market,30.0,13,14:30,498,21.687,21.0,False
META,call,Wed-0DTE,market,50.0,1,09:30,713,57.223,25.0,False
META,call,Wed-0DTE,market,50.0,2,10:00,777,47.876,48.0,False
META,call,Wed-0DTE,market,50.0,3,10:30,703,42.959,47.0,False
META,call,Wed-0DTE,market,50.0,4,12:00,585,37.778,30.0,False
META,call,Wed-0DTE,market,50.0,5,11:00,642,36.916,53.0,False
META,call,Wed-0DTE,market,50.0,6,11:30,583,36.364,45.5,False
META,call,Wed-0DTE,market,50.0,7,12:30,554,36.101,46.0,False
META,call,Wed-0DTE,market,50.0,8,13:00,528,34.28,40.0,False
META,call,Wed-0DTE,market,50.0,9,13:30,492,28.049,33.0,False
META,call,Wed-0DTE,market,50.0,10,14:00,498,23.293,15.0,False
META,call,Wed-0DTE,market,50.0,11,15:30,130,18.462,13.0,False
META,call,Wed-0DTE,market,50.0,12,15:00,501,16.168,25.0,False
META,call,Wed-0DTE,market,50.0,13,14:30,498,15.663,34.0,False
META,call,Wed-0DTE,market,75.0,1,09:30,713,50.21,30.5,False
META,call,Wed-0DTE,market,75.0,2,10:00,777,39.897,55.0,False
META,call,Wed-0DTE,market,75.0,3,10:30,703,34.139,65.0,False
META,call,Wed-0DTE,market,75.0,4,12:00,585,31.624,36.0,False
META,call,Wed-0DTE,market,75.0,5,11:30,583,29.846,51.0,False
META,call,Wed-0DTE,market,75.0,6,11:00,642,28.972,59.0,False
META,call,Wed-0DTE,market,75.0,7,12:30,554,25.09,46.0,False
META,call,Wed-0DTE,market,75.0,8,13:00,528,24.242,42.0,False
META,call,Wed-0DTE,market,75.0,9,13:30,492,19.919,33.0,False
META,call,Wed-0DTE,market,75.0,10,14:00,498,18.474,25.0,False
META,call,Wed-0DTE,market,75.0,11,15:30,130,14.615,17.0,False
META,call,Wed-0DTE,market,75.0,12,15:00,501,11.976,27.0,False
META,call,Wed-0DTE,market,75.0,13,14:30,498,9.639,41.0,False
META,call,Wed-0DTE,market,100.0,1,09:30,713,43.899,41.0,False
META,call,Wed-0DTE,market,100.0,2,10:00,777,34.878,67.0,False
META,call,Wed-0DTE,market,100.0,3,10:30,703,29.161,71.0,False
META,call,Wed-0DTE,market,100.0,4,12:00,585,28.205,45.0,False
META,call,Wed-0DTE,market,100.0,5,11:30,583,25.043,51.0,False
META,call,Wed-0DTE,market,100.0,6,11:00,642,23.053,61.5,False
META,call,Wed-0DTE,market,100.0,7,12:30,554,19.495,40.5,False
META,call,Wed-0DTE,market,100.0,8,13:00,528,18.75,41.0,False
META,call,Wed-0DTE,market,100.0,9,13:30,492,15.041,37.0,False
META,call,Wed-0DTE,market,100.0,10,14:00,498,13.454,28.0,False
META,call,Wed-0DTE,market,100.0,11,15:30,130,11.538,20.0,False
META,call,Wed-0DTE,market,100.0,12,15:00,501,8.383,29.5,False
META,call,Wed-0DTE,market,100.0,13,14:30,498,6.426,49.5,False
META,put,Wed-0DTE,mid,30.0,1,11:00,621,68.277,19.0,False
META,put,Wed-0DTE,mid,30.0,2,12:00,543,68.14,27.5,False
META,put,Wed-0DTE,mid,30.0,3,11:30,536,67.537,35.0,False
META,put,Wed-0DTE,mid,30.0,4,14:30,456,67.105,13.0,False
META,put,Wed-0DTE,mid,30.0,5,12:30,511,65.949,17.0,False
META,put,Wed-0DTE,mid,30.0,6,13:30,468,63.034,19.0,False
META,put,Wed-0DTE,mid,30.0,7,10:30,675,62.667,13.0,False
META,put,Wed-0DTE,mid,30.0,8,14:00,487,62.423,18.5,False
META,put,Wed-0DTE,mid,30.0,9,13:00,530,58.868,25.0,False
META,put,Wed-0DTE,mid,30.0,10,09:30,656,53.354,11.0,False
META,put,Wed-0DTE,mid,30.0,11,10:00,748,53.209,14.5,False
META,put,Wed-0DTE,mid,30.0,12,15:00,463,44.708,5.0,False
META,put,Wed-0DTE,mid,30.0,13,15:30,117,20.513,16.0,False
META,put,Wed-0DTE,mid,50.0,1,14:30,456,56.36,19.0,False
META,put,Wed-0DTE,mid,50.0,2,11:30,536,55.597,56.0,False
META,put,Wed-0DTE,mid,50.0,3,12:00,543,54.88,38.0,False
META,put,Wed-0DTE,mid,50.0,4,12:30,511,53.229,33.0,False
META,put,Wed-0DTE,mid,50.0,5,13:30,468,52.991,30.5,False
META,put,Wed-0DTE,mid,50.0,6,11:00,621,51.852,32.0,False
META,put,Wed-0DTE,mid,50.0,7,14:00,487,51.335,30.0,False
META,put,Wed-0DTE,mid,50.0,8,13:00,530,49.434,33.5,False
META,put,Wed-0DTE,mid,50.0,9,10:30,675,48.0,26.0,False
META,put,Wed-0DTE,mid,50.0,10,09:30,656,41.921,22.0,False
META,put,Wed-0DTE,mid,50.0,11,10:00,748,38.904,25.0,False
META,put,Wed-0DTE,mid,50.0,12,15:00,463,28.726,8.0,False
META,put,Wed-0DTE,mid,50.0,13,15:30,117,11.111,18.0,False
META,put,Wed-0DTE,mid,75.0,1,12:00,543,44.567,61.0,False
META,put,Wed-0DTE,mid,75.0,2,14:30,456,43.421,22.0,False
META,put,Wed-0DTE,mid,75.0,3,13:30,468,42.521,42.0,False
META,put,Wed-0DTE,mid,75.0,4,14:00,487,41.684,37.0,False
META,put,Wed-0DTE,mid,75.0,5,13:00,530,41.132,40.0,False
META,put,Wed-0DTE,mid,75.0,6,12:30,511,41.096,66.5,False
META,put,Wed-0DTE,mid,75.0,7,11:30,536,39.739,64.0,False
META,put,Wed-0DTE,mid,75.0,8,11:00,621,39.291,42.5,False
META,put,Wed-0DTE,mid,75.0,9,09:30,656,35.061,39.0,False
META,put,Wed-0DTE,mid,75.0,10,10:30,675,34.222,36.0,False
META,put,Wed-0DTE,mid,75.0,11,10:00,748,28.342,35.0,False
META,put,Wed-0DTE,mid,75.0,12,15:00,463,19.222,10.0,False
META,put,Wed-0DTE,mid,75.0,13,15:30,117,7.692,20.0,False
META,put,Wed-0DTE,mid,100.0,1,12:30,511,36.595,78.0,False
META,put,Wed-0DTE,mid,100.0,2,13:30,468,36.538,55.0,False
META,put,Wed-0DTE,mid,100.0,3,14:00,487,35.524,43.0,False
META,put,Wed-0DTE,mid,100.0,4,14:30,456,35.088,25.0,False
META,put,Wed-0DTE,mid,100.0,5,12:00,543,34.991,99.5,False
META,put,Wed-0DTE,mid,100.0,6,13:00,530,34.528,48.0,False
META,put,Wed-0DTE,mid,100.0,7,11:30,536,32.463,71.5,False
META,put,Wed-0DTE,mid,100.0,8,09:30,656,30.335,57.0,False
META,put,Wed-0DTE,mid,100.0,9,11:00,621,29.147,49.0,False
META,put,Wed-0DTE,mid,100.0,10,10:30,675,25.63,39.0,False
META,put,Wed-0DTE,mid,100.0,11,10:00,748,21.791,41.0,False
META,put,Wed-0DTE,mid,100.0,12,15:00,463,14.039,11.0,False
META,put,Wed-0DTE,mid,100.0,13,15:30,117,5.128,22.0,False
META,put,Wed-0DTE,market,30.0,1,11:00,621,51.852,33.5,False
META,put,Wed-0DTE,market,30.0,2,11:30,536,51.493,50.0,False
META,put,Wed-0DTE,market,30.0,3,12:00,543,50.46,34.0,False
META,put,Wed-0DTE,market,30.0,4,12:30,511,49.902,33.0,False
META,put,Wed-0DTE,market,30.0,5,14:30,456,48.904,16.0,False
META,put,Wed-0DTE,market,30.0,6,10:30,675,46.667,23.0,False
META,put,Wed-0DTE,market,30.0,7,13:30,468,46.154,33.5,False
META,put,Wed-0DTE,market,30.0,8,14:00,487,45.996,28.0,False
META,put,Wed-0DTE,market,30.0,9,13:00,530,45.849,38.0,False
META,put,Wed-0DTE,market,30.0,10,09:30,656,44.207,16.0,False
META,put,Wed-0DTE,market,30.0,11,10:00,748,39.439,27.0,False
META,put,Wed-0DTE,market,30.0,12,15:00,463,26.134,10.0,False
META,put,Wed-0DTE,market,30.0,13,15:30,117,11.111,20.0,False
META,put,Wed-0DTE,market,50.0,1,12:00,543,42.541,50.0,False
META,put,Wed-0DTE,market,50.0,2,12:30,511,42.27,68.5,False
META,put,Wed-0DTE,market,50.0,3,13:30,468,41.667,57.0,False
META,put,Wed-0DTE,market,50.0,4,13:00,530,40.755,45.0,False
META,put,Wed-0DTE,market,50.0,5,14:00,487,40.657,36.5,False
META,put,Wed-0DTE,market,50.0,6,11:30,536,40.485,62.0,False
META,put,Wed-0DTE,market,50.0,7,14:30,456,39.693,23.0,False
META,put,Wed-0DTE,market,50.0,8,11:00,621,39.614,47.0,False
META,put,Wed-0DTE,market,50.0,9,10:30,675,37.185,37.0,False
META,put,Wed-0DTE,market,50.0,10,09:30,656,35.061,32.5,False
META,put,Wed-0DTE,market,50.0,11,10:00,748,30.348,36.0,False
META,put,Wed-0DTE,market,50.0,12,15:00,463,18.143,12.0,False
META,put,Wed-0DTE,market,50.0,13,15:30,117,7.692,24.0,False
META,put,Wed-0DTE,market,75.0,1,12:30,511,35.812,82.0,False
META,put,Wed-0DTE,market,75.0,2,13:30,468,35.47,61.0,False
META,put,Wed-0DTE,market,75.0,3,13:00,530,33.962,59.5,False
META,put,Wed-0DTE,market,75.0,4,14:00,487,33.881,41.0,False
META,put,Wed-0DTE,market,75.0,5,12:00,543,32.781,95.5,False
META,put,Wed-0DTE,market,75.0,6,14:30,456,32.018,25.0,False
META,put,Wed-0DTE,market,75.0,7,11:00,621,30.918,77.5,False
META,put,Wed-0DTE,market,75.0,8,11:30,536,30.784,73.0,False
META,put,Wed-0DTE,market,75.0,9,09:30,656,30.03,51.0,False
META,put,Wed-0DTE,market,75.0,10,10:30,675,27.852,40.0,False
META,put,Wed-0DTE,market,75.0,11,10:00,748,23.262,42.0,False
META,put,Wed-0DTE,market,75.0,12,15:00,463,12.743,16.0,False
META,put,Wed-0DTE,market,75.0,13,15:30,117,5.128,23.0,False
META,put,Wed-0DTE,market,100.0,1,12:30,511,31.703,98.0,False
META,put,Wed-0DTE,market,100.0,2,13:30,468,29.915,62.5,False
META,put,Wed-0DTE,market,100.0,3,14:00,487,29.158,48.0,False
META,put,Wed-0DTE,market,100.0,4,13:00,530,27.925,69.0,False
META,put,Wed-0DTE,market,100.0,5,12:00,543,26.888,117.0,False
META,put,Wed-0DTE,market,100.0,6,09:30,656,26.067,72.0,False
META,put,Wed-0DTE,market,100.0,7,14:30,456,25.877,28.5,False
META,put,Wed-0DTE,market,100.0,8,11:30,536,24.813,87.0,False
META,put,Wed-0DTE,market,100.0,9,11:00,621,22.705,87.0,False
META,put,Wed-0DTE,market,100.0,10,10:30,675,22.37,48.0,False
META,put,Wed-0DTE,market,100.0,11,10:00,748,17.246,50.0,False
META,put,Wed-0DTE,market,100.0,12,15:00,463,9.287,12.0,False
META,put,Wed-0DTE,market,100.0,13,15:30,117,2.564,24.0,False
META,call,Mon-0DTE,mid,30.0,1,09:30,646,63.158,15.0,False
META,call,Mon-0DTE,mid,30.0,2,13:00,443,61.4,24.0,False
META,call,Mon-0DTE,mid,30.0,3,11:00,595,60.84,19.0,False
META,call,Mon-0DTE,mid,30.0,4,10:30,644,59.472,13.0,False
META,call,Mon-0DTE,mid,30.0,5,10:00,701,55.064,16.0,False
META,call,Mon-0DTE,mid,30.0,6,12:00,487,54.62,18.5,False
META,call,Mon-0DTE,mid,30.0,7,12:30,491,54.379,23.0,False
META,call,Mon-0DTE,mid,30.0,8,13:30,422,54.028,19.0,False
META,call,Mon-0DTE,mid,30.0,9,11:30,552,52.174,20.0,False
META,call,Mon-0DTE,mid,30.0,10,15:00,419,48.926,14.0,False
META,call,Mon-0DTE,mid,30.0,11,14:00,408,45.343,11.0,False
META,call,Mon-0DTE,mid,30.0,12,14:30,402,40.299,11.0,False
META,call,Mon-0DTE,mid,30.0,13,15:30,107,39.252,8.0,False
META,call,Mon-0DTE,mid,50.0,1,09:30,646,48.452,46.0,False
META,call,Mon-0DTE,mid,50.0,2,10:30,644,47.36,23.0,False
META,call,Mon-0DTE,mid,50.0,3,11:00,595,47.227,30.0,False
META,call,Mon-0DTE,mid,50.0,4,10:00,701,43.367,30.5,False
META,call,Mon-0DTE,mid,50.0,5,12:00,487,42.71,33.5,False
META,call,Mon-0DTE,mid,50.0,6,13:00,443,42.212,31.0,False
META,call,Mon-0DTE,mid,50.0,7,12:30,491,41.141,41.0,False
META,call,Mon-0DTE,mid,50.0,8,11:30,552,40.942,35.0,False
META,call,Mon-0DTE,mid,50.0,9,13:30,422,38.152,32.0,False
META,call,Mon-0DTE,mid,50.0,10,15:00,419,34.368,16.5,False
META,call,Mon-0DTE,mid,50.0,11,14:00,408,28.186,14.0,False
META,call,Mon-0DTE,mid,50.0,12,14:30,402,25.622,16.0,False
META,call,Mon-0DTE,mid,50.0,13,15:30,107,23.364,10.0,False
META,call,Mon-0DTE,mid,75.0,1,09:30,646,37.461,72.0,False
META,call,Mon-0DTE,mid,75.0,2,10:30,644,36.957,49.0,False
META,call,Mon-0DTE,mid,75.0,3,10:00,701,35.949,49.0,False
META,call,Mon-0DTE,mid,75.0,4,11:00,595,34.454,56.0,False
META,call,Mon-0DTE,mid,75.0,5,12:00,487,33.265,54.0,False
META,call,Mon-0DTE,mid,75.0,6,12:30,491,32.587,83.5,False
META,call,Mon-0DTE,mid,75.0,7,11:30,552,32.246,60.0,False
META,call,Mon-0DTE,mid,75.0,8,13:30,422,30.332,41.5,False
META,call,Mon-0DTE,mid,75.0,9,13:00,443,30.023,61.0,False
META,call,Mon-0DTE,mid,75.0,10,15:00,419,23.628,15.0,False
META,call,Mon-0DTE,mid,75.0,11,14:00,408,22.304,19.0,False
META,call,Mon-0DTE,mid,75.0,12,14:30,402,17.91,24.5,False
META,call,Mon-0DTE,mid,75.0,13,15:30,107,15.888,12.0,False
META,call,Mon-0DTE,mid,100.0,1,10:00,701,31.098,52.0,False
META,call,Mon-0DTE,mid,100.0,2,10:30,644,30.124,65.0,False
META,call,Mon-0DTE,mid,100.0,3,09:30,646,29.102,87.0,False
META,call,Mon-0DTE,mid,100.0,4,11:00,595,27.563,66.0,False
META,call,Mon-0DTE,mid,100.0,5,12:00,487,27.31,71.0,False
META,call,Mon-0DTE,mid,100.0,6,12:30,491,26.477,92.5,False
META,call,Mon-0DTE,mid,100.0,7,11:30,552,25.181,84.0,False
META,call,Mon-0DTE,mid,100.0,8,13:30,422,25.118,45.0,False
META,call,Mon-0DTE,mid,100.0,9,13:00,443,22.348,71.0,False
META,call,Mon-0DTE,mid,100.0,10,14:00,408,17.892,21.0,False
META,call,Mon-0DTE,mid,100.0,11,15:00,419,17.184,17.0,False
META,call,Mon-0DTE,mid,100.0,12,15:30,107,14.019,16.0,False
META,call,Mon-0DTE,mid,100.0,13,14:30,402,13.682,24.0,False
META,call,Mon-0DTE,market,30.0,1,09:30,646,53.56,27.0,False
META,call,Mon-0DTE,market,30.0,2,10:30,644,45.963,20.0,False
META,call,Mon-0DTE,market,30.0,3,10:00,701,45.506,29.0,False
META,call,Mon-0DTE,market,30.0,4,11:00,595,44.37,30.5,False
META,call,Mon-0DTE,market,30.0,5,13:00,443,41.535,41.0,False
META,call,Mon-0DTE,market,30.0,6,12:00,487,39.425,34.5,False
META,call,Mon-0DTE,market,30.0,7,12:30,491,39.104,45.0,False
META,call,Mon-0DTE,market,30.0,8,13:30,422,37.204,33.0,False
META,call,Mon-0DTE,market,30.0,9,11:30,552,36.051,36.0,False
META,call,Mon-0DTE,market,30.0,10,15:00,419,28.401,18.0,False
META,call,Mon-0DTE,market,30.0,11,14:00,408,25.98,18.0,False
META,call,Mon-0DTE,market,30.0,12,15:30,107,24.299,13.0,False
META,call,Mon-0DTE,market,30.0,13,14:30,402,22.637,25.0,False
META,call,Mon-0DTE,market,50.0,1,09:30,646,41.331,56.0,False
META,call,Mon-0DTE,market,50.0,2,10:00,701,38.516,47.0,False
META,call,Mon-0DTE,market,50.0,3,10:30,644,37.578,37.0,False
META,call,Mon-0DTE,market,50.0,4,11:00,595,35.126,50.0,False
META,call,Mon-0DTE,market,50.0,5,12:00,487,32.238,65.0,False
META,call,Mon-0DTE,market,50.0,6,12:30,491,31.161,79.0,False
META,call,Mon-0DTE,market,50.0,7,13:00,443,30.248,61.0,False
META,call,Mon-0DTE,market,50.0,8,11:30,552,29.71,54.0,False
META,call,Mon-0DTE,market,50.0,9,13:30,422,29.621,42.0,False
META,call,Mon-0DTE,market,50.0,10,15:00,419,22.673,19.0,False
META,call,Mon-0DTE,market,50.0,11,14:00,408,21.078,19.5,False
META,call,Mon-0DTE,market,50.0,12,15:30,107,17.757,16.0,False
META,call,Mon-0DTE,market,50.0,13,14:30,402,16.667,31.0,False
META,call,Mon-0DTE,market,75.0,1,09:30,646,32.043,77.0,False
META,call,Mon-0DTE,market,75.0,2,10:00,701,31.669,55.0,False
META,call,Mon-0DTE,market,75.0,3,10:30,644,30.28,62.0,False
META,call,Mon-0DTE,market,75.0,4,11:00,595,26.723,70.0,False
META,call,Mon-0DTE,market,75.0,5,12:00,487,25.667,83.0,False
META,call,Mon-0DTE,market,75.0,6,11:30,552,23.913,91.0,False
META,call,Mon-0DTE,market,75.0,7,12:30,491,23.829,95.0,False
META,call,Mon-0DTE,market,75.0,8,13:30,422,23.46,50.0,False
META,call,Mon-0DTE,market,75.0,9,13:00,443,21.896,73.0,False
META,call,Mon-0DTE,market,75.0,10,14:00,408,18.137,23.5,False
META,call,Mon-0DTE,market,75.0,11,15:00,419,15.274,20.5,False
META,call,Mon-0DTE,market,75.0,12,14:30,402,13.184,30.0,False
META,call,Mon-0DTE,market,75.0,13,15:30,107,10.28,13.0,False
META,call,Mon-0DTE,market,100.0,1,10:00,701,27.675,72.5,False
META,call,Mon-0DTE,market,100.0,2,10:30,644,24.224,72.5,False
META,call,Mon-0DTE,market,100.0,3,09:30,646,23.065,99.0,False
META,call,Mon-0DTE,market,100.0,4,11:00,595,21.681,76.0,False
META,call,Mon-0DTE,market,100.0,5,12:00,487,20.123,94.5,False
META,call,Mon-0DTE,market,100.0,6,13:30,422,19.905,56.0,False
META,call,Mon-0DTE,market,100.0,7,11:30,552,19.384,109.0,False
META,call,Mon-0DTE,market,100.0,8,12:30,491,17.923,98.0,False
META,call,Mon-0DTE,market,100.0,9,13:00,443,16.93,81.0,False
META,call,Mon-0DTE,market,100.0,10,14:00,408,15.441,25.0,False
META,call,Mon-0DTE,market,100.0,11,15:00,419,10.263,19.0,False
META,call,Mon-0DTE,market,100.0,12,14:30,402,9.204,31.0,False
META,call,Mon-0DTE,market,100.0,13,15:30,107,8.411,18.0,False
META,put,Mon-0DTE,mid,30.0,1,14:30,349,64.47,16.0,False
META,put,Mon-0DTE,mid,30.0,2,12:00,414,58.937,26.0,False
META,put,Mon-0DTE,mid,30.0,3,10:30,584,57.534,11.5,False
META,put,Mon-0DTE,mid,30.0,4,09:30,606,55.281,10.0,False
META,put,Mon-0DTE,mid,30.0,5,11:00,534,53.933,12.5,False
META,put,Mon-0DTE,mid,30.0,6,10:00,660,53.485,15.0,False
META,put,Mon-0DTE,mid,30.0,7,13:30,363,52.617,19.0,False
META,put,Mon-0DTE,mid,30.0,8,13:00,383,50.653,18.0,False
META,put,Mon-0DTE,mid,30.0,9,12:30,414,50.483,17.0,False
META,put,Mon-0DTE,mid,30.0,10,11:30,492,50.0,21.0,False
META,put,Mon-0DTE,mid,30.0,11,14:00,367,49.591,34.0,False
META,put,Mon-0DTE,mid,30.0,12,15:00,398,41.206,8.0,False
META,put,Mon-0DTE,mid,30.0,13,15:30,105,36.19,14.5,False
META,put,Mon-0DTE,mid,50.0,1,14:30,349,50.143,21.0,False
META,put,Mon-0DTE,mid,50.0,2,10:30,584,46.918,16.5,False
META,put,Mon-0DTE,mid,50.0,3,12:00,414,45.169,45.0,False
META,put,Mon-0DTE,mid,50.0,4,11:00,534,44.757,20.0,False
META,put,Mon-0DTE,mid,50.0,5,13:30,363,43.526,46.0,False
META,put,Mon-0DTE,mid,50.0,6,10:00,660,40.758,23.0,False
META,put,Mon-0DTE,mid,50.0,7,14:00,367,40.599,45.0,False
META,put,Mon-0DTE,mid,50.0,8,12:30,414,38.889,26.0,False
META,put,Mon-0DTE,mid,50.0,9,09:30,606,38.614,15.0,False
META,put,Mon-0DTE,mid,50.0,10,11:30,492,37.602,34.0,False
META,put,Mon-0DTE,mid,50.0,11,13:00,383,36.815,31.0,False
META,put,Mon-0DTE,mid,50.0,12,15:00,398,25.628,10.0,False
META,put,Mon-0DTE,mid,50.0,13,15:30,105,17.143,13.0,False
META,put,Mon-0DTE,mid,75.0,1,14:30,349,39.828,23.0,False
META,put,Mon-0DTE,mid,75.0,2,11:00,534,34.644,28.0,False
META,put,Mon-0DTE,mid,75.0,3,10:30,584,34.418,24.0,False
META,put,Mon-0DTE,mid,75.0,4,13:30,363,33.884,76.0,False
META,put,Mon-0DTE,mid,75.0,5,12:00,414,33.816,54.0,False
META,put,Mon-0DTE,mid,75.0,6,14:00,367,32.153,45.5,False
META,put,Mon-0DTE,mid,75.0,7,10:00,660,31.515,28.0,False
META,put,Mon-0DTE,mid,75.0,8,11:30,492,28.862,52.5,False
META,put,Mon-0DTE,mid,75.0,9,13:00,383,27.415,84.0,False
META,put,Mon-0DTE,mid,75.0,10,12:30,414,27.053,32.0,False
META,put,Mon-0DTE,mid,75.0,11,09:30,606,25.908,34.0,False
META,put,Mon-0DTE,mid,75.0,12,15:00,398,20.101,13.5,False
META,put,Mon-0DTE,mid,75.0,13,15:30,105,11.429,15.5,False
META,put,Mon-0DTE,mid,100.0,1,14:30,349,32.951,25.0,False
META,put,Mon-0DTE,mid,100.0,2,14:00,367,26.431,50.0,False
META,put,Mon-0DTE,mid,100.0,3,10:00,660,26.061,31.0,False
META,put,Mon-0DTE,mid,100.0,4,11:00,534,25.468,29.5,False
META,put,Mon-0DTE,mid,100.0,5,13:30,363,25.344,71.0,False
META,put,Mon-0DTE,mid,100.0,6,12:00,414,25.121,62.0,False
META,put,Mon-0DTE,mid,100.0,7,10:30,584,25.0,24.0,False
META,put,Mon-0DTE,mid,100.0,8,11:30,492,21.545,47.0,False
META,put,Mon-0DTE,mid,100.0,9,12:30,414,21.498,42.0,False
META,put,Mon-0DTE,mid,100.0,10,09:30,606,21.287,53.0,False
META,put,Mon-0DTE,mid,100.0,11,13:00,383,18.277,99.5,False
META,put,Mon-0DTE,mid,100.0,12,15:00,398,17.337,14.0,False
META,put,Mon-0DTE,mid,100.0,13,15:30,105,9.524,17.5,False
META,put,Mon-0DTE,market,30.0,1,10:30,584,45.377,17.0,False
META,put,Mon-0DTE,market,30.0,2,14:30,349,44.699,22.0,False
META,put,Mon-0DTE,market,30.0,3,09:30,606,43.729,15.0,False
META,put,Mon-0DTE,market,30.0,4,12:00,414,42.271,41.0,False
META,put,Mon-0DTE,market,30.0,5,13:30,363,42.149,44.0,False
META,put,Mon-0DTE,market,30.0,6,10:00,660,39.697,22.0,False
META,put,Mon-0DTE,market,30.0,7,11:00,534,39.139,20.0,False
META,put,Mon-0DTE,market,30.0,8,14:00,367,37.875,45.0,False
META,put,Mon-0DTE,market,30.0,9,11:30,492,35.772,58.5,False
META,put,Mon-0DTE,market,30.0,10,12:30,414,35.024,26.0,False
META,put,Mon-0DTE,market,30.0,11,13:00,383,33.42,34.0,False
META,put,Mon-0DTE,market,30.0,12,15:00,398,23.618,12.0,False
META,put,Mon-0DTE,market,30.0,13,15:30,105,20.0,23.0,False
META,put,Mon-0DTE,market,50.0,1,14:30,349,35.817,28.0,False
META,put,Mon-0DTE,market,50.0,2,13:30,363,34.711,75.5,False
META,put,Mon-0DTE,market,50.0,3,12:00,414,34.3,55.0,False
META,put,Mon-0DTE,market,50.0,4,10:30,584,34.075,22.0,False
META,put,Mon-0DTE,market,50.0,5,14:00,367,32.153,49.0,False
META,put,Mon-0DTE,market,50.0,6,11:00,534,31.461,29.0,False
META,put,Mon-0DTE,market,50.0,7,10:00,660,30.758,28.0,False
META,put,Mon-0DTE,market,50.0,8,09:30,606,29.703,27.0,False
META,put,Mon-0DTE,market,50.0,9,12:30,414,27.778,41.0,False
META,put,Mon-0DTE,market,50.0,10,11:30,492,27.236,66.0,False
META,put,Mon-0DTE,market,50.0,11,13:00,383,24.804,58.0,False
META,put,Mon-0DTE,market,50.0,12,15:00,398,17.839,17.0,False
META,put,Mon-0DTE,market,50.0,13,15:30,105,11.429,24.5,False
META,put,Mon-0DTE,market,75.0,1,14:30,349,28.367,31.0,False
META,put,Mon-0DTE,market,75.0,2,10:00,660,26.212,32.0,False
META,put,Mon-0DTE,market,75.0,3,13:30,363,26.171,82.0,False
META,put,Mon-0DTE,market,75.0,4,14:00,367,26.158,50.5,False
META,put,Mon-0DTE,market,75.0,5,10:30,584,24.658,25.0,False
META,put,Mon-0DTE,market,75.0,6,11:00,534,24.345,34.0,False
META,put,Mon-0DTE,market,75.0,7,12:00,414,23.43,72.0,False
META,put,Mon-0DTE,market,75.0,8,09:30,606,20.627,48.0,False
META,put,Mon-0DTE,market,75.0,9,11:30,492,19.715,78.0,False
META,put,Mon-0DTE,market,75.0,10,13:00,383,18.538,103.0,False
META,put,Mon-0DTE,market,75.0,11,12:30,414,17.874,43.0,False
META,put,Mon-0DTE,market,75.0,12,15:00,398,12.814,21.0,False
META,put,Mon-0DTE,market,75.0,13,15:30,105,8.571,25.0,False
META,put,Mon-0DTE,market,100.0,1,14:30,349,23.496,32.0,False
META,put,Mon-0DTE,market,100.0,2,10:00,660,20.758,38.0,False
META,put,Mon-0DTE,market,100.0,3,14:00,367,20.163,54.0,False
META,put,Mon-0DTE,market,100.0,4,13:30,363,19.008,79.0,False
META,put,Mon-0DTE,market,100.0,5,11:00,534,18.539,41.0,False
META,put,Mon-0DTE,market,100.0,6,10:30,584,17.979,26.0,False
META,put,Mon-0DTE,market,100.0,7,12:00,414,17.15,123.0,False
META,put,Mon-0DTE,market,100.0,8,09:30,606,16.997,62.0,False
META,put,Mon-0DTE,market,100.0,9,12:30,414,15.7,59.0,False
META,put,Mon-0DTE,market,100.0,10,11:30,492,15.447,96.5,False
META,put,Mon-0DTE,market,100.0,11,13:00,383,12.01,109.0,False
META,put,Mon-0DTE,market,100.0,12,15:00,398,11.307,27.0,False
META,put,Mon-0DTE,market,100.0,13,15:30,105,5.714,24.5,False
TSLA,call,Fri-0DTE,mid,30.0,1,10:30,5038,60.103,25.0,False
TSLA,call,Fri-0DTE,mid,30.0,2,11:00,4902,58.323,24.0,False
TSLA,call,Fri-0DTE,mid,30.0,3,10:00,5180,58.069,21.0,False
TSLA,call,Fri-0DTE,mid,30.0,4,09:30,4385,57.948,13.0,False
TSLA,call,Fri-0DTE,mid,30.0,5,12:00,4590,50.044,29.0,False
TSLA,call,Fri-0DTE,mid,30.0,6,11:30,4784,48.119,39.0,False
TSLA,call,Fri-0DTE,mid,30.0,7,12:30,4526,46.266,28.0,False
TSLA,call,Fri-0DTE,mid,30.0,8,13:00,4375,45.691,20.0,False
TSLA,call,Fri-0DTE,mid,30.0,9,13:30,4248,37.147,17.0,False
TSLA,call,Fri-0DTE,mid,30.0,10,14:30,4100,31.049,21.0,False
TSLA,call,Fri-0DTE,mid,30.0,11,14:00,4181,29.801,23.0,False
TSLA,call,Fri-0DTE,mid,30.0,12,15:00,4273,27.779,14.0,False
TSLA,call,Fri-0DTE,mid,30.0,13,15:30,782,26.854,9.0,False
TSLA,call,Fri-0DTE,mid,50.0,1,09:30,4385,47.685,25.0,False
TSLA,call,Fri-0DTE,mid,50.0,2,10:00,5180,45.405,37.0,False
TSLA,call,Fri-0DTE,mid,50.0,3,10:30,5038,44.76,42.0,False
TSLA,call,Fri-0DTE,mid,50.0,4,11:00,4902,43.023,42.0,False
TSLA,call,Fri-0DTE,mid,50.0,5,12:00,4590,36.209,43.5,False
TSLA,call,Fri-0DTE,mid,50.0,6,11:30,4784,35.661,57.0,False
TSLA,call,Fri-0DTE,mid,50.0,7,12:30,4526,33.76,38.0,False
TSLA,call,Fri-0DTE,mid,50.0,8,13:00,4375,31.337,27.0,False
TSLA,call,Fri-0DTE,mid,50.0,9,13:30,4248,24.435,22.5,False
TSLA,call,Fri-0DTE,mid,50.0,10,14:30,4100,19.683,27.0,False
TSLA,call,Fri-0DTE,mid,50.0,11,14:00,4181,18.13,32.0,False
TSLA,call,Fri-0DTE,mid,50.0,12,15:30,782,17.647,10.0,False
TSLA,call,Fri-0DTE,mid,50.0,13,15:00,4273,17.107,18.0,False
TSLA,call,Fri-0DTE,mid,75.0,1,09:30,4385,38.769,37.0,False
TSLA,call,Fri-0DTE,mid,75.0,2,10:00,5180,34.517,58.0,False
TSLA,call,Fri-0DTE,mid,75.0,3,10:30,5038,32.632,56.0,False
TSLA,call,Fri-0DTE,mid,75.0,4,11:00,4902,30.151,72.0,False
TSLA,call,Fri-0DTE,mid,75.0,5,12:00,4590,27.059,54.0,False
TSLA,call,Fri-0DTE,mid,75.0,6,11:30,4784,26.986,70.0,False
TSLA,call,Fri-0DTE,mid,75.0,7,12:30,4526,25.276,45.0,False
TSLA,call,Fri-0DTE,mid,75.0,8,13:00,4375,22.171,34.0,False
TSLA,call,Fri-0DTE,mid,75.0,9,13:30,4248,15.513,27.0,False
TSLA,call,Fri-0DTE,mid,75.0,10,14:30,4100,12.683,36.5,False
TSLA,call,Fri-0DTE,mid,75.0,11,15:30,782,12.276,14.0,False
TSLA,call,Fri-0DTE,mid,75.0,12,14:00,4181,12.27,36.0,False
TSLA,call,Fri-0DTE,mid,75.0,13,15:00,4273,11.327,21.0,False
TSLA,call,Fri-0DTE,mid,100.0,1,09:30,4385,31.95,47.0,False
TSLA,call,Fri-0DTE,mid,100.0,2,10:00,5180,26.815,68.0,False
TSLA,call,Fri-0DTE,mid,100.0,3,10:30,5038,24.99,71.0,False
TSLA,call,Fri-0DTE,mid,100.0,4,11:00,4902,23.521,85.0,False
TSLA,call,Fri-0DTE,mid,100.0,5,12:00,4590,21.786,58.0,False
TSLA,call,Fri-0DTE,mid,100.0,6,11:30,4784,21.342,73.0,False
TSLA,call,Fri-0DTE,mid,100.0,7,12:30,4526,19.708,48.0,False
TSLA,call,Fri-0DTE,mid,100.0,8,13:00,4375,16.526,40.0,False
TSLA,call,Fri-0DTE,mid,100.0,9,13:30,4248,11.511,31.0,False
TSLA,call,Fri-0DTE,mid,100.0,10,14:30,4100,9.024,40.0,False
TSLA,call,Fri-0DTE,mid,100.0,11,14:00,4181,8.85,38.0,False
TSLA,call,Fri-0DTE,mid,100.0,12,15:00,4273,8.706,21.0,False
TSLA,call,Fri-0DTE,mid,100.0,13,15:30,782,8.568,13.0,False
TSLA,call,Fri-0DTE,market,30.0,1,09:30,4385,54.071,17.0,False
TSLA,call,Fri-0DTE,market,30.0,2,10:00,5180,52.413,27.0,False
TSLA,call,Fri-0DTE,market,30.0,3,10:30,5038,52.104,33.0,False
TSLA,call,Fri-0DTE,market,30.0,4,11:00,4902,49.123,35.0,False
TSLA,call,Fri-0DTE,market,30.0,5,12:00,4590,41.569,40.5,False
TSLA,call,Fri-0DTE,market,30.0,6,11:30,4784,40.531,49.0,False
TSLA,call,Fri-0DTE,market,30.0,7,12:30,4526,37.848,36.0,False
TSLA,call,Fri-0DTE,market,30.0,8,13:00,4375,34.24,28.0,False
TSLA,call,Fri-0DTE,market,30.0,9,13:30,4248,27.425,27.0,False
TSLA,call,Fri-0DTE,market,30.0,10,14:00,4181,21.933,34.0,False
TSLA,call,Fri-0DTE,market,30.0,11,14:30,4100,21.78,31.0,False
TSLA,call,Fri-0DTE,market,30.0,12,15:30,782,21.355,12.0,False
TSLA,call,Fri-0DTE,market,30.0,13,15:00,4273,19.986,20.0,False
TSLA,call,Fri-0DTE,market,50.0,1,09:30,4385,44.88,28.0,False
TSLA,call,Fri-0DTE,market,50.0,2,10:00,5180,41.178,44.0,False
TSLA,call,Fri-0DTE,market,50.0,3,10:30,5038,39.678,50.0,False
TSLA,call,Fri-0DTE,market,50.0,4,11:00,4902,35.904,65.0,False
TSLA,call,Fri-0DTE,market,50.0,5,11:30,4784,30.748,65.0,False
TSLA,call,Fri-0DTE,market,50.0,6,12:00,4590,30.719,51.0,False
TSLA,call,Fri-0DTE,market,50.0,7,12:30,4526,28.281,44.0,False
TSLA,call,Fri-0DTE,market,50.0,8,13:00,4375,24.32,36.0,False
TSLA,call,Fri-0DTE,market,50.0,9,13:30,4248,17.914,31.0,False
TSLA,call,Fri-0DTE,market,50.0,10,14:30,4100,14.073,40.0,False
TSLA,call,Fri-0DTE,market,50.0,11,14:00,4181,14.04,41.0,False
TSLA,call,Fri-0DTE,market,50.0,12,15:00,4273,13.106,26.0,False
TSLA,call,Fri-0DTE,market,50.0,13,15:30,782,12.532,17.5,False
TSLA,call,Fri-0DTE,market,75.0,1,09:30,4385,36.625,41.0,False
TSLA,call,Fri-0DTE,market,75.0,2,10:00,5180,31.602,63.0,False
TSLA,call,Fri-0DTE,market,75.0,3,10:30,5038,29.0,66.0,False
TSLA,call,Fri-0DTE,market,75.0,4,11:00,4902,26.357,85.5,False
TSLA,call,Fri-0DTE,market,75.0,5,11:30,4784,23.788,74.5,False
TSLA,call,Fri-0DTE,market,75.0,6,12:00,4590,23.268,57.5,False
TSLA,call,Fri-0DTE,market,75.0,7,12:30,4526,21.012,49.0,False
TSLA,call,Fri-0DTE,market,75.0,8,13:00,4375,17.646,42.0,False
TSLA,call,Fri-0DTE,market,75.0,9,13:30,4248,11.676,36.5,False
TSLA,call,Fri-0DTE,market,75.0,10,14:30,4100,9.561,46.5,False
TSLA,call,Fri-0DTE,market,75.0,11,14:00,4181,9.065,50.0,False
TSLA,call,Fri-0DTE,market,75.0,12,15:00,4273,8.542,28.0,False
TSLA,call,Fri-0DTE,market,75.0,13,15:30,782,8.312,17.0,False
TSLA,call,Fri-0DTE,market,100.0,1,09:30,4385,30.194,49.0,False
TSLA,call,Fri-0DTE,market,100.0,2,10:00,5180,24.614,72.0,False
TSLA,call,Fri-0DTE,market,100.0,3,10:30,5038,22.37,85.0,False
TSLA,call,Fri-0DTE,market,100.0,4,11:00,4902,20.624,96.0,False
TSLA,call,Fri-0DTE,market,100.0,5,11:30,4784,18.938,76.0,False
TSLA,call,Fri-0DTE,market,100.0,6,12:00,4590,18.911,62.0,False
TSLA,call,Fri-0DTE,market,100.0,7,12:30,4526,16.129,53.0,False
TSLA,call,Fri-0DTE,market,100.0,8,13:00,4375,12.937,48.0,False
TSLA,call,Fri-0DTE,market,100.0,9,13:30,4248,8.404,37.0,False
TSLA,call,Fri-0DTE,market,100.0,10,14:30,4100,6.805,49.0,False
TSLA,call,Fri-0DTE,market,100.0,11,14:00,4181,6.601,55.0,False
TSLA,call,Fri-0DTE,market,100.0,12,15:00,4273,6.389,28.0,False
TSLA,call,Fri-0DTE,market,100.0,13,15:30,782,6.01,20.0,False
TSLA,put,Fri-0DTE,mid,30.0,1,09:30,4368,61.126,15.0,False
TSLA,put,Fri-0DTE,mid,30.0,2,10:00,5145,60.583,17.0,False
TSLA,put,Fri-0DTE,mid,30.0,3,10:30,5021,55.148,24.0,False
TSLA,put,Fri-0DTE,mid,30.0,4,11:30,4735,53.495,22.0,False
TSLA,put,Fri-0DTE,mid,30.0,5,11:00,4857,51.328,27.0,False
TSLA,put,Fri-0DTE,mid,30.0,6,12:00,4552,46.112,31.0,False
TSLA,put,Fri-0DTE,mid,30.0,7,13:30,4227,46.108,22.0,False
TSLA,put,Fri-0DTE,mid,30.0,8,13:00,4324,44.75,25.0,False
TSLA,put,Fri-0DTE,mid,30.0,9,14:00,4055,44.242,23.0,False
TSLA,put,Fri-0DTE,mid,30.0,10,12:30,4470,44.206,26.0,False
TSLA,put,Fri-0DTE,mid,30.0,11,14:30,4029,42.542,15.5,False
TSLA,put,Fri-0DTE,mid,30.0,12,15:00,4227,32.978,13.0,False
TSLA,put,Fri-0DTE,mid,30.0,13,15:30,767,27.771,9.0,False
TSLA,put,Fri-0DTE,mid,50.0,1,09:30,4368,49.863,26.0,False
TSLA,put,Fri-0DTE,mid,50.0,2,10:00,5145,46.958,31.0,False
TSLA,put,Fri-0DTE,mid,50.0,3,10:30,5021,42.482,43.0,False
TSLA,put,Fri-0DTE,mid,50.0,4,11:00,4857,38.831,45.0,False
TSLA,put,Fri-0DTE,mid,50.0,5,11:30,4735,38.796,38.0,False
TSLA,put,Fri-0DTE,mid,50.0,6,12:00,4552,33.634,47.0,False
TSLA,put,Fri-0DTE,mid,50.0,7,13:30,4227,33.049,30.0,False
TSLA,put,Fri-0DTE,mid,50.0,8,14:00,4055,32.133,29.0,False
TSLA,put,Fri-0DTE,mid,50.0,9,12:30,4470,30.895,31.0,False
TSLA,put,Fri-0DTE,mid,50.0,10,13:00,4324,29.625,37.0,False
TSLA,put,Fri-0DTE,mid,50.0,11,14:30,4029,29.437,19.0,False
TSLA,put,Fri-0DTE,mid,50.0,12,15:00,4227,20.842,15.0,False
TSLA,put,Fri-0DTE,mid,50.0,13,15:30,767,15.124,8.0,False
TSLA,put,Fri-0DTE,mid,75.0,1,09:30,4368,38.69,35.0,False
TSLA,put,Fri-0DTE,mid,75.0,2,10:00,5145,34.888,44.0,False
TSLA,put,Fri-0DTE,mid,75.0,3,10:30,5021,30.452,72.0,False
TSLA,put,Fri-0DTE,mid,75.0,4,11:00,4857,29.339,62.0,False
TSLA,put,Fri-0DTE,mid,75.0,5,11:30,4735,28.405,57.0,False
TSLA,put,Fri-0DTE,mid,75.0,6,12:00,4552,24.692,57.0,False
TSLA,put,Fri-0DTE,mid,75.0,7,13:30,4227,24.178,37.0,False
TSLA,put,Fri-0DTE,mid,75.0,8,14:00,4055,24.168,35.0,False
TSLA,put,Fri-0DTE,mid,75.0,9,12:30,4470,23.043,43.0,False
TSLA,put,Fri-0DTE,mid,75.0,10,14:30,4029,21.122,22.0,False
TSLA,put,Fri-0DTE,mid,75.0,11,13:00,4324,20.56,48.0,False
TSLA,put,Fri-0DTE,mid,75.0,12,15:00,4227,15.519,16.0,False
TSLA,put,Fri-0DTE,mid,75.0,13,15:30,767,9.518,12.0,False
TSLA,put,Fri-0DTE,mid,100.0,1,09:30,4368,31.364,41.0,False
TSLA,put,Fri-0DTE,mid,100.0,2,10:00,5145,27.075,63.0,False
TSLA,put,Fri-0DTE,mid,100.0,3,10:30,5021,23.82,89.0,False
TSLA,put,Fri-0DTE,mid,100.0,4,11:00,4857,22.483,75.0,False
TSLA,put,Fri-0DTE,mid,100.0,5,11:30,4735,22.196,67.0,False
TSLA,put,Fri-0DTE,mid,100.0,6,14:00,4055,19.679,37.5,False
TSLA,put,Fri-0DTE,mid,100.0,7,12:00,4552,19.552,65.0,False
TSLA,put,Fri-0DTE,mid,100.0,8,13:30,4227,19.494,43.5,False
TSLA,put,Fri-0DTE,mid,100.0,9,12:30,4470,18.881,48.5,False
TSLA,put,Fri-0DTE,mid,100.0,10,14:30,4029,16.927,27.0,False
TSLA,put,Fri-0DTE,mid,100.0,11,13:00,4324,15.911,53.0,False
TSLA,put,Fri-0DTE,mid,100.0,12,15:00,4227,12.633,20.0,False
TSLA,put,Fri-0DTE,mid,100.0,13,15:30,767,7.04,15.0,False
TSLA,put,Fri-0DTE,market,30.0,1,09:30,4368,56.571,19.0,False
TSLA,put,Fri-0DTE,market,30.0,2,10:00,5145,53.353,22.0,False
TSLA,put,Fri-0DTE,market,30.0,3,10:30,5021,47.481,36.0,False
TSLA,put,Fri-0DTE,market,30.0,4,11:00,4857,43.34,40.0,False
TSLA,put,Fri-0DTE,market,30.0,5,11:30,4735,42.218,33.0,False
TSLA,put,Fri-0DTE,market,30.0,6,12:00,4552,36.973,43.0,False
TSLA,put,Fri-0DTE,market,30.0,7,14:00,4055,33.342,32.0,False
TSLA,put,Fri-0DTE,market,30.0,8,12:30,4470,33.02,34.5,False
TSLA,put,Fri-0DTE,market,30.0,9,13:30,4227,32.695,34.0,False
TSLA,put,Fri-0DTE,market,30.0,10,13:00,4324,31.337,39.0,False
TSLA,put,Fri-0DTE,market,30.0,11,14:30,4029,29.536,22.0,False
TSLA,put,Fri-0DTE,market,30.0,12,15:00,4227,21.244,17.5,False
TSLA,put,Fri-0DTE,market,30.0,13,15:30,767,15.645,16.0,False
TSLA,put,Fri-0DTE,market,50.0,1,09:30,4368,45.673,29.0,False
TSLA,put,Fri-0DTE,market,50.0,2,10:00,5145,41.438,37.0,False
TSLA,put,Fri-0DTE,market,50.0,3,10:30,5021,36.566,64.0,False
TSLA,put,Fri-0DTE,market,50.0,4,11:00,4857,33.539,62.0,False
TSLA,put,Fri-0DTE,market,50.0,5,11:30,4735,31.742,56.0,False
TSLA,put,Fri-0DTE,market,50.0,6,12:00,4552,27.878,57.0,False
TSLA,put,Fri-0DTE,market,50.0,7,12:30,4470,24.631,45.0,False
TSLA,put,Fri-0DTE,market,50.0,8,14:00,4055,24.587,38.0,False
TSLA,put,Fri-0DTE,market,50.0,9,13:30,4227,24.462,42.0,False
TSLA,put,Fri-0DTE,market,50.0,10,13:00,4324,21.508,57.0,False
TSLA,put,Fri-0DTE,market,50.0,11,14:30,4029,21.37,28.0,False
TSLA,put,Fri-0DTE,market,50.0,12,15:00,4227,15.377,20.0,False
TSLA,put,Fri-0DTE,market,50.0,13,15:30,767,9.257,20.0,False
TSLA,put,Fri-0DTE,market,75.0,1,09:30,4368,35.875,38.0,False
TSLA,put,Fri-0DTE,market,75.0,2,10:00,5145,31.137,54.0,False
TSLA,put,Fri-0DTE,market,75.0,3,10:30,5021,26.409,85.5,False
TSLA,put,Fri-0DTE,market,75.0,4,11:00,4857,25.015,82.0,False
TSLA,put,Fri-0DTE,market,75.0,5,11:30,4735,23.506,71.0,False
TSLA,put,Fri-0DTE,market,75.0,6,12:00,4552,20.255,65.0,False
TSLA,put,Fri-0DTE,market,75.0,7,12:30,4470,18.859,52.0,False
TSLA,put,Fri-0DTE,market,75.0,8,14:00,4055,17.879,42.0,False
TSLA,put,Fri-0DTE,market,75.0,9,13:30,4227,17.79,49.0,False
TSLA,put,Fri-0DTE,market,75.0,10,14:30,4029,15.761,35.0,False
TSLA,put,Fri-0DTE,market,75.0,11,13:00,4324,15.472,65.0,False
TSLA,put,Fri-0DTE,market,75.0,12,15:00,4227,11.214,21.0,False
TSLA,put,Fri-0DTE,market,75.0,13,15:30,767,6.519,20.0,False
TSLA,put,Fri-0DTE,market,100.0,1,09:30,4368,28.915,45.0,False
TSLA,put,Fri-0DTE,market,100.0,2,10:00,5145,24.198,75.0,False
TSLA,put,Fri-0DTE,market,100.0,3,10:30,5021,20.374,102.0,False
TSLA,put,Fri-0DTE,market,100.0,4,11:00,4857,19.168,95.0,False
TSLA,put,Fri-0DTE,market,100.0,5,11:30,4735,18.247,82.0,False
TSLA,put,Fri-0DTE,market,100.0,6,12:00,4552,16.454,72.0,False
TSLA,put,Fri-0DTE,market,100.0,7,12:30,4470,15.436,62.0,False
TSLA,put,Fri-0DTE,market,100.0,8,14:00,4055,14.131,45.0,False
TSLA,put,Fri-0DTE,market,100.0,9,13:30,4227,13.934,56.0,False
TSLA,put,Fri-0DTE,market,100.0,10,14:30,4029,12.584,38.0,False
TSLA,put,Fri-0DTE,market,100.0,11,13:00,4324,11.887,67.0,False
TSLA,put,Fri-0DTE,market,100.0,12,15:00,4227,8.99,24.0,False
TSLA,put,Fri-0DTE,market,100.0,13,15:30,767,4.824,21.0,False
TSLA,call,Wed-0DTE,mid,30.0,1,10:00,1103,61.741,15.0,False
TSLA,call,Wed-0DTE,mid,30.0,2,09:30,924,58.874,15.0,False
TSLA,call,Wed-0DTE,mid,30.0,3,10:30,1073,56.477,22.0,False
TSLA,call,Wed-0DTE,mid,30.0,4,11:00,1024,51.074,22.0,False
TSLA,call,Wed-0DTE,mid,30.0,5,13:00,929,47.793,26.0,False
TSLA,call,Wed-0DTE,mid,30.0,6,11:30,1013,44.126,19.0,False
TSLA,call,Wed-0DTE,mid,30.0,7,13:30,901,43.063,25.0,False
TSLA,call,Wed-0DTE,mid,30.0,8,14:00,938,42.217,27.0,False
TSLA,call,Wed-0DTE,mid,30.0,9,12:00,991,40.868,18.0,False
TSLA,call,Wed-0DTE,mid,30.0,10,14:30,891,40.741,17.0,False
TSLA,call,Wed-0DTE,mid,30.0,11,15:00,892,40.135,16.0,False
TSLA,call,Wed-0DTE,mid,30.0,12,12:30,964,37.967,41.0,False
TSLA,call,Wed-0DTE,mid,30.0,13,15:30,179,31.285,10.5,False
TSLA,call,Wed-0DTE,mid,50.0,1,10:00,1103,48.685,25.0,False
TSLA,call,Wed-0DTE,mid,50.0,2,09:30,924,48.485,21.0,False
TSLA,call,Wed-0DTE,mid,50.0,3,10:30,1073,42.684,34.0,False
TSLA,call,Wed-0DTE,mid,50.0,4,11:00,1024,33.105,37.0,False
TSLA,call,Wed-0DTE,mid,50.0,5,13:30,901,28.968,30.0,False
TSLA,call,Wed-0DTE,mid,50.0,6,11:30,1013,28.529,26.0,False
TSLA,call,Wed-0DTE,mid,50.0,7,13:00,929,27.879,37.0,False
TSLA,call,Wed-0DTE,mid,50.0,8,14:30,891,27.497,25.0,False
TSLA,call,Wed-0DTE,mid,50.0,9,14:00,938,27.399,39.0,False
TSLA,call,Wed-0DTE,mid,50.0,10,15:00,892,25.224,19.0,False
TSLA,call,Wed-0DTE,mid,50.0,11,12:30,964,24.274,73.5,False
TSLA,call,Wed-0DTE,mid,50.0,12,12:00,991,23.915,23.0,False
TSLA,call,Wed-0DTE,mid,50.0,13,15:30,179,18.994,11.0,False
TSLA,call,Wed-0DTE,mid,75.0,1,10:00,1103,38.531,32.0,False
TSLA,call,Wed-0DTE,mid,75.0,2,09:30,924,38.095,28.0,False
TSLA,call,Wed-0DTE,mid,75.0,3,10:30,1073,31.034,47.0,False
TSLA,call,Wed-0DTE,mid,75.0,4,11:00,1024,21.777,47.0,False
TSLA,call,Wed-0DTE,mid,75.0,5,14:30,891,20.09,36.0,False
TSLA,call,Wed-0DTE,mid,75.0,6,15:00,892,18.834,24.5,False
TSLA,call,Wed-0DTE,mid,75.0,7,14:00,938,18.017,42.0,False
TSLA,call,Wed-0DTE,mid,75.0,8,11:30,1013,17.868,27.0,False
TSLA,call,Wed-0DTE,mid,75.0,9,13:30,901,17.536,31.0,False
TSLA,call,Wed-0DTE,mid,75.0,10,13:00,929,16.039,49.0,False
TSLA,call,Wed-0DTE,mid,75.0,11,12:00,991,14.934,25.0,False
TSLA,call,Wed-0DTE,mid,75.0,12,12:30,964,14.108,93.5,False
TSLA,call,Wed-0DTE,mid,75.0,13,15:30,179,12.291,12.0,False
TSLA,call,Wed-0DTE,mid,100.0,1,09:30,924,33.333,36.0,False
TSLA,call,Wed-0DTE,mid,100.0,2,10:00,1103,32.729,40.0,False
TSLA,call,Wed-0DTE,mid,100.0,3,10:30,1073,22.926,57.0,False
TSLA,call,Wed-0DTE,mid,100.0,4,11:00,1024,16.113,51.0,False
TSLA,call,Wed-0DTE,mid,100.0,5,14:30,891,15.488,36.0,False
TSLA,call,Wed-0DTE,mid,100.0,6,15:00,892,13.901,25.0,False
TSLA,call,Wed-0DTE,mid,100.0,7,11:30,1013,13.524,31.0,False
TSLA,call,Wed-0DTE,mid,100.0,8,14:00,938,13.22,44.5,False
TSLA,call,Wed-0DTE,mid,100.0,9,13:30,901,11.987,38.0,False
TSLA,call,Wed-0DTE,mid,100.0,10,15:30,179,11.732,19.0,False
TSLA,call,Wed-0DTE,mid,100.0,11,13:00,929,10.226,54.0,False
TSLA,call,Wed-0DTE,mid,100.0,12,12:00,991,9.99,33.0,False
TSLA,call,Wed-0DTE,mid,100.0,13,12:30,964,7.78,93.0,False
TSLA,call,Wed-0DTE,market,30.0,1,10:00,1103,55.666,20.0,False
TSLA,call,Wed-0DTE,market,30.0,2,09:30,924,54.762,17.5,False
TSLA,call,Wed-0DTE,market,30.0,3,10:30,1073,49.115,26.0,False
TSLA,call,Wed-0DTE,market,30.0,4,11:00,1024,40.43,28.5,False
TSLA,call,Wed-0DTE,market,30.0,5,13:00,929,33.692,40.0,False
TSLA,call,Wed-0DTE,market,30.0,6,11:30,1013,32.478,26.0,False
TSLA,call,Wed-0DTE,market,30.0,7,14:00,938,32.09,42.0,False
TSLA,call,Wed-0DTE,market,30.0,8,13:30,901,31.632,31.0,False
TSLA,call,Wed-0DTE,market,30.0,9,12:00,991,29.869,21.5,False
TSLA,call,Wed-0DTE,market,30.0,10,15:00,892,28.251,21.0,False
TSLA,call,Wed-0DTE,market,30.0,11,14:30,891,28.171,28.0,False
TSLA,call,Wed-0DTE,market,30.0,12,12:30,964,27.905,67.0,False
TSLA,call,Wed-0DTE,market,30.0,13,15:30,179,18.994,14.0,False
TSLA,call,Wed-0DTE,market,50.0,1,09:30,924,45.238,25.0,False
TSLA,call,Wed-0DTE,market,50.0,2,10:00,1103,44.152,30.0,False
TSLA,call,Wed-0DTE,market,50.0,3,10:30,1073,36.999,40.0,False
TSLA,call,Wed-0DTE,market,50.0,4,11:00,1024,27.734,43.0,False
TSLA,call,Wed-0DTE,market,50.0,5,11:30,1013,21.125,30.5,False
TSLA,call,Wed-0DTE,market,50.0,6,13:30,901,20.755,38.0,False
TSLA,call,Wed-0DTE,market,50.0,7,14:00,938,20.469,55.5,False
TSLA,call,Wed-0DTE,market,50.0,8,14:30,891,19.416,36.0,False
TSLA,call,Wed-0DTE,market,50.0,9,13:00,929,19.16,58.5,False
TSLA,call,Wed-0DTE,market,50.0,10,15:00,892,18.049,25.0,False
TSLA,call,Wed-0DTE,market,50.0,11,12:30,964,17.635,97.0,False
TSLA,call,Wed-0DTE,market,50.0,12,12:00,991,17.154,23.0,False
TSLA,call,Wed-0DTE,market,50.0,13,15:30,179,12.849,14.0,False
TSLA,call,Wed-0DTE,market,75.0,1,09:30,924,36.472,34.0,False
TSLA,call,Wed-0DTE,market,75.0,2,10:00,1103,35.811,38.0,False
TSLA,call,Wed-0DTE,market,75.0,3,10:30,1073,26.468,54.5,False
TSLA,call,Wed-0DTE,market,75.0,4,11:00,1024,19.336,52.0,False
TSLA,call,Wed-0DTE,market,75.0,5,14:30,891,13.58,47.0,False
TSLA,call,Wed-0DTE,market,75.0,6,11:30,1013,13.425,34.5,False
TSLA,call,Wed-0DTE,market,75.0,7,15:00,892,13.229,30.0,False
TSLA,call,Wed-0DTE,market,75.0,8,14:00,938,12.473,69.0,False
TSLA,call,Wed-0DTE,market,75.0,9,13:00,929,11.841,64.0,False
TSLA,call,Wed-0DTE,market,75.0,10,13:30,901,11.543,41.0,False
TSLA,call,Wed-0DTE,market,75.0,11,12:00,991,10.192,35.0,False
TSLA,call,Wed-0DTE,market,75.0,12,15:30,179,9.497,18.0,False
TSLA,call,Wed-0DTE,market,75.0,13,12:30,964,9.44,154.0,False
TSLA,call,Wed-0DTE,market,100.0,1,09:30,924,31.602,41.0,False
TSLA,call,Wed-0DTE,market,100.0,2,10:00,1103,28.558,41.0,False
TSLA,call,Wed-0DTE,market,100.0,3,10:30,1073,20.503,72.0,False
TSLA,call,Wed-0DTE,market,100.0,4,11:00,1024,13.281,58.0,False
TSLA,call,Wed-0DTE,market,100.0,5,14:30,891,10.438,56.0,False
TSLA,call,Wed-0DTE,market,100.0,6,11:30,1013,10.267,38.0,False
TSLA,call,Wed-0DTE,market,100.0,7,15:00,892,9.641,30.0,False
TSLA,call,Wed-0DTE,market,100.0,8,14:00,938,9.382,79.0,False
TSLA,call,Wed-0DTE,market,100.0,9,15:30,179,7.821,20.0,False
TSLA,call,Wed-0DTE,market,100.0,10,13:00,929,7.535,66.5,False
TSLA,call,Wed-0DTE,market,100.0,11,13:30,901,7.325,51.5,False
TSLA,call,Wed-0DTE,market,100.0,12,12:00,991,6.963,65.0,False
TSLA,call,Wed-0DTE,market,100.0,13,12:30,964,5.29,103.0,False
TSLA,put,Wed-0DTE,mid,30.0,1,12:30,974,65.195,31.0,False
TSLA,put,Wed-0DTE,mid,30.0,2,12:00,985,63.35,37.0,False
TSLA,put,Wed-0DTE,mid,30.0,3,13:00,925,62.595,32.0,False
TSLA,put,Wed-0DTE,mid,30.0,4,11:30,1026,62.573,18.0,False
TSLA,put,Wed-0DTE,mid,30.0,5,09:30,931,61.762,12.0,False
TSLA,put,Wed-0DTE,mid,30.0,6,10:30,1073,60.671,22.0,False
TSLA,put,Wed-0DTE,mid,30.0,7,11:00,1044,60.632,25.0,False
TSLA,put,Wed-0DTE,mid,30.0,8,13:30,884,57.24,23.0,False
TSLA,put,Wed-0DTE,mid,30.0,9,14:00,885,55.819,19.0,False
TSLA,put,Wed-0DTE,mid,30.0,10,10:00,1099,55.141,22.5,False
TSLA,put,Wed-0DTE,mid,30.0,11,14:30,868,40.783,10.0,False
TSLA,put,Wed-0DTE,mid,30.0,12,15:00,836,34.689,10.0,False
TSLA,put,Wed-0DTE,mid,30.0,13,15:30,172,26.163,8.0,False
TSLA,put,Wed-0DTE,mid,50.0,1,12:30,974,53.285,47.0,False
TSLA,put,Wed-0DTE,mid,50.0,2,11:30,1026,49.903,36.5,False
TSLA,put,Wed-0DTE,mid,50.0,3,12:00,985,48.629,56.0,False
TSLA,put,Wed-0DTE,mid,50.0,4,13:00,925,48.324,43.0,False
TSLA,put,Wed-0DTE,mid,50.0,5,09:30,931,47.154,20.0,False
TSLA,put,Wed-0DTE,mid,50.0,6,10:30,1073,46.692,41.0,False
TSLA,put,Wed-0DTE,mid,50.0,7,11:00,1044,46.648,41.0,False
TSLA,put,Wed-0DTE,mid,50.0,8,10:00,1099,43.949,47.0,False
TSLA,put,Wed-0DTE,mid,50.0,9,13:30,884,43.213,33.5,False
TSLA,put,Wed-0DTE,mid,50.0,10,14:00,885,40.678,23.0,False
TSLA,put,Wed-0DTE,mid,50.0,11,14:30,868,29.032,14.0,False
TSLA,put,Wed-0DTE,mid,50.0,12,15:00,836,22.368,11.0,False
TSLA,put,Wed-0DTE,mid,50.0,13,15:30,172,12.791,8.0,False
TSLA,put,Wed-0DTE,mid,75.0,1,12:30,974,42.3,67.0,False
TSLA,put,Wed-0DTE,mid,75.0,2,11:30,1026,38.012,54.0,False
TSLA,put,Wed-0DTE,mid,75.0,3,09:30,931,37.487,33.0,False
TSLA,put,Wed-0DTE,mid,75.0,4,13:00,925,36.973,52.5,False
TSLA,put,Wed-0DTE,mid,75.0,5,12:00,985,34.619,95.0,False
TSLA,put,Wed-0DTE,mid,75.0,6,10:30,1073,33.644,53.0,False
TSLA,put,Wed-0DTE,mid,75.0,7,10:00,1099,33.394,80.0,False
TSLA,put,Wed-0DTE,mid,75.0,8,11:00,1044,33.142,79.0,False
TSLA,put,Wed-0DTE,mid,75.0,9,13:30,884,31.109,42.0,False
TSLA,put,Wed-0DTE,mid,75.0,10,14:00,885,29.944,28.0,False
TSLA,put,Wed-0DTE,mid,75.0,11,14:30,868,22.811,18.5,False
TSLA,put,Wed-0DTE,mid,75.0,12,15:00,836,15.67,12.0,False
TSLA,put,Wed-0DTE,mid,75.0,13,15:30,172,8.14,7.0,False
TSLA,put,Wed-0DTE,mid,100.0,1,12:30,974,32.649,75.5,False
TSLA,put,Wed-0DTE,mid,100.0,2,09:30,931,29.968,64.0,False
TSLA,put,Wed-0DTE,mid,100.0,3,11:30,1026,29.922,67.0,False
TSLA,put,Wed-0DTE,mid,100.0,4,13:00,925,29.297,55.0,False
TSLA,put,Wed-0DTE,mid,100.0,5,10:00,1099,27.298,112.0,False
TSLA,put,Wed-0DTE,mid,100.0,6,11:00,1044,26.916,79.0,False
TSLA,put,Wed-0DTE,mid,100.0,7,12:00,985,26.497,99.0,False
TSLA,put,Wed-0DTE,mid,100.0,8,10:30,1073,24.977,71.0,False
TSLA,put,Wed-0DTE,mid,100.0,9,14:00,885,24.294,35.0,False
TSLA,put,Wed-0DTE,mid,100.0,10,13:30,884,23.416,47.0,False
TSLA,put,Wed-0DTE,mid,100.0,11,14:30,868,18.203,22.5,False
TSLA,put,Wed-0DTE,mid,100.0,12,15:00,836,12.679,13.0,False
TSLA,put,Wed-0DTE,mid,100.0,13,15:30,172,6.395,8.0,False
TSLA,put,Wed-0DTE,market,30.0,1,09:30,931,55.747,16.0,False
TSLA,put,Wed-0DTE,market,30.0,2,12:30,974,52.361,46.0,False
TSLA,put,Wed-0DTE,market,30.0,3,10:30,1073,50.419,32.0,False
TSLA,put,Wed-0DTE,market,30.0,4,11:30,1026,50.195,38.0,False
TSLA,put,Wed-0DTE,market,30.0,5,12:00,985,49.645,59.0,False
TSLA,put,Wed-0DTE,market,30.0,6,13:00,925,48.757,42.0,False
TSLA,put,Wed-0DTE,market,30.0,7,11:00,1044,47.51,43.5,False
TSLA,put,Wed-0DTE,market,30.0,8,10:00,1099,46.133,34.0,False
TSLA,put,Wed-0DTE,market,30.0,9,13:30,884,44.91,35.0,False
TSLA,put,Wed-0DTE,market,30.0,10,14:00,885,41.243,26.0,False
TSLA,put,Wed-0DTE,market,30.0,11,14:30,868,27.419,15.0,False
TSLA,put,Wed-0DTE,market,30.0,12,15:00,836,22.129,12.0,False
TSLA,put,Wed-0DTE,market,30.0,13,15:30,172,11.628,8.5,False
TSLA,put,Wed-0DTE,market,50.0,1,09:30,931,42.965,25.0,False
TSLA,put,Wed-0DTE,market,50.0,2,12:30,974,42.813,62.0,False
TSLA,put,Wed-0DTE,market,50.0,3,11:30,1026,40.838,62.0,False
TSLA,put,Wed-0DTE,market,50.0,4,12:00,985,39.391,92.5,False
TSLA,put,Wed-0DTE,market,50.0,5,10:30,1073,38.397,56.0,False
TSLA,put,Wed-0DTE,market,50.0,6,13:00,925,38.162,53.0,False
TSLA,put,Wed-0DTE,market,50.0,7,10:00,1099,37.671,56.0,False
TSLA,put,Wed-0DTE,market,50.0,8,11:00,1044,36.782,88.5,False
TSLA,put,Wed-0DTE,market,50.0,9,13:30,884,33.032,45.0,False
TSLA,put,Wed-0DTE,market,50.0,10,14:00,885,29.605,32.0,False
TSLA,put,Wed-0DTE,market,50.0,11,14:30,868,20.737,20.5,False
TSLA,put,Wed-0DTE,market,50.0,12,15:00,836,15.191,14.0,False
TSLA,put,Wed-0DTE,market,50.0,13,15:30,172,7.558,10.0,False
TSLA,put,Wed-0DTE,market,75.0,1,09:30,931,34.586,50.0,False
TSLA,put,Wed-0DTE,market,75.0,2,12:30,974,33.368,84.0,False
TSLA,put,Wed-0DTE,market,75.0,3,11:30,1026,31.287,72.0,False
TSLA,put,Wed-0DTE,market,75.0,4,10:00,1099,29.845,95.5,False
TSLA,put,Wed-0DTE,market,75.0,5,12:00,985,29.442,107.0,False
TSLA,put,Wed-0DTE,market,75.0,6,13:00,925,29.081,60.0,False
TSLA,put,Wed-0DTE,market,75.0,7,10:30,1073,28.425,81.0,False
TSLA,put,Wed-0DTE,market,75.0,8,11:00,1044,27.969,92.5,False
TSLA,put,Wed-0DTE,market,75.0,9,13:30,884,23.982,48.5,False
TSLA,put,Wed-0DTE,market,75.0,10,14:00,885,21.695,40.0,False
TSLA,put,Wed-0DTE,market,75.0,11,14:30,868,16.129,29.5,False
TSLA,put,Wed-0DTE,market,75.0,12,15:00,836,10.885,15.0,False
TSLA,put,Wed-0DTE,market,75.0,13,15:30,172,5.233,9.0,False
TSLA,put,Wed-0DTE,market,100.0,1,09:30,931,27.82,86.0,False
TSLA,put,Wed-0DTE,market,100.0,2,12:30,974,24.641,90.0,False
TSLA,put,Wed-0DTE,market,100.0,3,11:30,1026,24.464,85.0,False
TSLA,put,Wed-0DTE,market,100.0,4,10:00,1099,24.113,147.0,False
TSLA,put,Wed-0DTE,market,100.0,5,11:00,1044,22.318,97.0,False
TSLA,put,Wed-0DTE,market,100.0,6,12:00,985,21.421,110.0,False
TSLA,put,Wed-0DTE,market,100.0,7,13:00,925,21.297,64.0,False
TSLA,put,Wed-0DTE,market,100.0,8,10:30,1073,21.249,117.0,False
TSLA,put,Wed-0DTE,market,100.0,9,13:30,884,18.439,44.0,False
TSLA,put,Wed-0DTE,market,100.0,10,14:00,885,17.288,45.0,False
TSLA,put,Wed-0DTE,market,100.0,11,14:30,868,12.673,32.5,False
TSLA,put,Wed-0DTE,market,100.0,12,15:00,836,9.211,19.0,False
TSLA,put,Wed-0DTE,market,100.0,13,15:30,172,5.233,10.0,False
TSLA,call,Mon-0DTE,mid,30.0,1,11:00,890,65.281,30.0,False
TSLA,call,Mon-0DTE,mid,30.0,2,09:30,829,63.209,16.0,False
TSLA,call,Mon-0DTE,mid,30.0,3,10:30,929,60.28,25.0,False
TSLA,call,Mon-0DTE,mid,30.0,4,11:30,883,56.738,26.0,False
TSLA,call,Mon-0DTE,mid,30.0,5,12:30,829,54.765,26.0,False
TSLA,call,Mon-0DTE,mid,30.0,6,12:00,852,51.408,16.0,False
TSLA,call,Mon-0DTE,mid,30.0,7,10:00,954,49.79,25.0,False
TSLA,call,Mon-0DTE,mid,30.0,8,13:00,784,48.724,19.0,False
TSLA,call,Mon-0DTE,mid,30.0,9,13:30,743,40.377,26.5,False
TSLA,call,Mon-0DTE,mid,30.0,10,15:00,685,33.285,9.0,False
TSLA,call,Mon-0DTE,mid,30.0,11,14:00,719,30.876,21.0,False
TSLA,call,Mon-0DTE,mid,30.0,12,14:30,677,29.099,21.0,False
TSLA,call,Mon-0DTE,mid,30.0,13,15:30,157,20.382,8.0,False
TSLA,call,Mon-0DTE,mid,50.0,1,09:30,829,56.092,35.0,False
TSLA,call,Mon-0DTE,mid,50.0,2,11:00,890,53.258,50.5,False
TSLA,call,Mon-0DTE,mid,50.0,3,10:30,929,47.47,56.0,False
TSLA,call,Mon-0DTE,mid,50.0,4,11:30,883,46.886,41.0,False
TSLA,call,Mon-0DTE,mid,50.0,5,10:00,954,42.243,56.0,False
TSLA,call,Mon-0DTE,mid,50.0,6,12:00,852,42.136,30.0,False
TSLA,call,Mon-0DTE,mid,50.0,7,12:30,829,38.118,39.0,False
TSLA,call,Mon-0DTE,mid,50.0,8,13:00,784,34.949,26.0,False
TSLA,call,Mon-0DTE,mid,50.0,9,13:30,743,23.688,37.5,False
TSLA,call,Mon-0DTE,mid,50.0,10,15:00,685,20.73,11.0,False
TSLA,call,Mon-0DTE,mid,50.0,11,14:30,677,20.532,22.0,False
TSLA,call,Mon-0DTE,mid,50.0,12,14:00,719,19.75,31.0,False
TSLA,call,Mon-0DTE,mid,50.0,13,15:30,157,12.102,8.0,False
TSLA,call,Mon-0DTE,mid,75.0,1,09:30,829,48.251,73.0,False
TSLA,call,Mon-0DTE,mid,75.0,2,11:00,890,40.899,65.0,False
TSLA,call,Mon-0DTE,mid,75.0,3,10:30,929,37.89,81.0,False
TSLA,call,Mon-0DTE,mid,75.0,4,10:00,954,37.526,88.5,False
TSLA,call,Mon-0DTE,mid,75.0,5,11:30,883,37.486,66.0,False
TSLA,call,Mon-0DTE,mid,75.0,6,12:00,852,32.277,55.0,False
TSLA,call,Mon-0DTE,mid,75.0,7,12:30,829,28.227,39.0,False
TSLA,call,Mon-0DTE,mid,75.0,8,13:00,784,22.449,35.0,False
TSLA,call,Mon-0DTE,mid,75.0,9,14:30,677,17.578,24.0,False
TSLA,call,Mon-0DTE,mid,75.0,10,15:00,685,16.35,12.0,False
TSLA,call,Mon-0DTE,mid,75.0,11,13:30,743,15.478,48.0,False
TSLA,call,Mon-0DTE,mid,75.0,12,14:00,719,14.465,41.0,False
TSLA,call,Mon-0DTE,mid,75.0,13,15:30,157,8.28,15.0,False
TSLA,call,Mon-0DTE,mid,100.0,1,09:30,829,43.667,88.0,False
TSLA,call,Mon-0DTE,mid,100.0,2,10:00,954,34.906,109.0,False
TSLA,call,Mon-0DTE,mid,100.0,3,10:30,929,32.939,96.0,False
TSLA,call,Mon-0DTE,mid,100.0,4,11:00,890,32.697,80.0,False
TSLA,call,Mon-0DTE,mid,100.0,5,11:30,883,31.37,80.0,False
TSLA,call,Mon-0DTE,mid,100.0,6,12:00,852,27.23,62.0,False
TSLA,call,Mon-0DTE,mid,100.0,7,12:30,829,23.04,42.0,False
TSLA,call,Mon-0DTE,mid,100.0,8,13:00,784,17.474,69.0,False
TSLA,call,Mon-0DTE,mid,100.0,9,14:30,677,14.328,26.0,False
TSLA,call,Mon-0DTE,mid,100.0,10,15:00,685,13.431,12.0,False
TSLA,call,Mon-0DTE,mid,100.0,11,14:00,719,13.074,46.0,False
TSLA,call,Mon-0DTE,mid,100.0,12,13:30,743,10.498,62.5,False
TSLA,call,Mon-0DTE,mid,100.0,13,15:30,157,7.006,20.0,False
TSLA,call,Mon-0DTE,market,30.0,1,09:30,829,60.434,20.0,False
TSLA,call,Mon-0DTE,market,30.0,2,11:00,890,55.393,42.0,False
TSLA,call,Mon-0DTE,market,30.0,3,10:30,929,52.745,36.0,False
TSLA,call,Mon-0DTE,market,30.0,4,11:30,883,50.057,36.0,False
TSLA,call,Mon-0DTE,market,30.0,5,10:00,954,47.484,38.0,False
TSLA,call,Mon-0DTE,market,30.0,6,12:00,852,45.657,31.0,False
TSLA,call,Mon-0DTE,market,30.0,7,12:30,829,44.994,36.0,False
TSLA,call,Mon-0DTE,market,30.0,8,13:00,784,39.413,24.0,False
TSLA,call,Mon-0DTE,market,30.0,9,13:30,743,31.225,35.0,False
TSLA,call,Mon-0DTE,market,30.0,10,14:00,719,21.697,40.0,False
TSLA,call,Mon-0DTE,market,30.0,11,15:00,685,21.168,11.0,False
TSLA,call,Mon-0DTE,market,30.0,12,14:30,677,20.384,24.0,False
TSLA,call,Mon-0DTE,market,30.0,13,15:30,157,11.465,15.0,False
TSLA,call,Mon-0DTE,market,50.0,1,09:30,829,54.041,42.0,False
TSLA,call,Mon-0DTE,market,50.0,2,11:00,890,46.629,60.0,False
TSLA,call,Mon-0DTE,market,50.0,3,10:30,929,42.411,68.5,False
TSLA,call,Mon-0DTE,market,50.0,4,11:30,883,42.242,51.0,False
TSLA,call,Mon-0DTE,market,50.0,5,10:00,954,40.881,61.5,False
TSLA,call,Mon-0DTE,market,50.0,6,12:00,852,37.324,54.0,False
TSLA,call,Mon-0DTE,market,50.0,7,12:30,829,34.017,43.0,False
TSLA,call,Mon-0DTE,market,50.0,8,13:00,784,28.061,33.5,False
TSLA,call,Mon-0DTE,market,50.0,9,13:30,743,19.919,47.0,False
TSLA,call,Mon-0DTE,market,50.0,10,14:30,677,15.805,26.0,False
TSLA,call,Mon-0DTE,market,50.0,11,15:00,685,15.182,11.0,False
TSLA,call,Mon-0DTE,market,50.0,12,14:00,719,14.465,46.0,False
TSLA,call,Mon-0DTE,market,50.0,13,15:30,157,8.28,17.0,False
TSLA,call,Mon-0DTE,market,75.0,1,09:30,829,46.924,78.0,False
TSLA,call,Mon-0DTE,market,75.0,2,11:00,890,37.416,75.0,False
TSLA,call,Mon-0DTE,market,75.0,3,10:00,954,36.583,97.0,False
TSLA,call,Mon-0DTE,market,75.0,4,10:30,929,35.414,94.0,False
TSLA,call,Mon-0DTE,market,75.0,5,11:30,883,34.655,83.5,False
TSLA,call,Mon-0DTE,market,75.0,6,12:00,852,29.108,64.5,False
TSLA,call,Mon-0DTE,market,75.0,7,12:30,829,25.573,44.0,False
TSLA,call,Mon-0DTE,market,75.0,8,13:00,784,19.898,50.0,False
TSLA,call,Mon-0DTE,market,75.0,9,14:30,677,12.999,29.0,False
TSLA,call,Mon-0DTE,market,75.0,10,13:30,743,12.517,61.0,False
TSLA,call,Mon-0DTE,market,75.0,11,15:00,685,12.409,14.0,False
TSLA,call,Mon-0DTE,market,75.0,12,14:00,719,11.683,52.5,False
TSLA,call,Mon-0DTE,market,75.0,13,15:30,157,4.459,20.0,False
TSLA,call,Mon-0DTE,market,100.0,1,09:30,829,42.943,89.0,False
TSLA,call,Mon-0DTE,market,100.0,2,10:00,954,34.696,113.0,False
TSLA,call,Mon-0DTE,market,100.0,3,10:30,929,31.324,108.0,False
TSLA,call,Mon-0DTE,market,100.0,4,11:00,890,30.899,103.0,False
TSLA,call,Mon-0DTE,market,100.0,5,11:30,883,29.445,89.0,False
TSLA,call,Mon-0DTE,market,100.0,6,12:00,852,25.117,67.0,False
TSLA,call,Mon-0DTE,market,100.0,7,12:30,829,20.748,47.5,False
TSLA,call,Mon-0DTE,market,100.0,8,13:00,784,16.454,74.0,False
TSLA,call,Mon-0DTE,market,100.0,9,14:30,677,11.226,31.0,False
TSLA,call,Mon-0DTE,market,100.0,10,15:00,685,10.803,14.0,False
TSLA,call,Mon-0DTE,market,100.0,11,14:00,719,10.292,56.0,False
TSLA,call,Mon-0DTE,market,100.0,12,13:30,743,8.748,84.0,False
TSLA,call,Mon-0DTE,market,100.0,13,15:30,157,4.459,22.0,False
TSLA,put,Mon-0DTE,mid,30.0,1,10:30,950,65.263,24.0,False
TSLA,put,Mon-0DTE,mid,30.0,2,10:00,972,63.374,21.0,False
TSLA,put,Mon-0DTE,mid,30.0,3,09:30,846,58.511,23.0,False
TSLA,put,Mon-0DTE,mid,30.0,4,11:00,917,54.853,20.0,False
TSLA,put,Mon-0DTE,mid,30.0,5,13:30,763,47.444,27.5,False
TSLA,put,Mon-0DTE,mid,30.0,6,14:00,744,45.968,34.0,False
TSLA,put,Mon-0DTE,mid,30.0,7,11:30,882,45.465,20.0,False
TSLA,put,Mon-0DTE,mid,30.0,8,13:00,807,45.229,27.0,False
TSLA,put,Mon-0DTE,mid,30.0,9,12:30,831,44.284,31.0,False
TSLA,put,Mon-0DTE,mid,30.0,10,12:00,862,44.2,17.0,False
TSLA,put,Mon-0DTE,mid,30.0,11,14:30,705,40.567,23.0,False
TSLA,put,Mon-0DTE,mid,30.0,12,15:00,664,31.024,11.0,False
TSLA,put,Mon-0DTE,mid,30.0,13,15:30,137,24.818,10.0,False
TSLA,put,Mon-0DTE,mid,50.0,1,10:00,972,52.881,34.0,False
TSLA,put,Mon-0DTE,mid,50.0,2,10:30,950,50.526,39.0,False
TSLA,put,Mon-0DTE,mid,50.0,3,09:30,846,48.463,51.0,False
TSLA,put,Mon-0DTE,mid,50.0,4,11:00,917,40.458,34.0,False
TSLA,put,Mon-0DTE,mid,50.0,5,11:30,882,34.694,29.0,False
TSLA,put,Mon-0DTE,mid,50.0,6,14:00,744,32.258,45.0,False
TSLA,put,Mon-0DTE,mid,50.0,7,13:00,807,30.731,50.0,False
TSLA,put,Mon-0DTE,mid,50.0,8,13:30,763,30.275,63.0,False
TSLA,put,Mon-0DTE,mid,50.0,9,12:00,862,30.046,26.0,False
TSLA,put,Mon-0DTE,mid,50.0,10,12:30,831,29.483,43.0,False
TSLA,put,Mon-0DTE,mid,50.0,11,14:30,705,28.511,27.0,False
TSLA,put,Mon-0DTE,mid,50.0,12,15:00,664,19.88,12.0,False
TSLA,put,Mon-0DTE,mid,50.0,13,15:30,137,15.328,12.0,False
TSLA,put,Mon-0DTE,mid,75.0,1,10:00,972,42.901,50.0,False
TSLA,put,Mon-0DTE,mid,75.0,2,10:30,950,38.211,46.0,False
TSLA,put,Mon-0DTE,mid,75.0,3,09:30,846,36.052,79.0,False
TSLA,put,Mon-0DTE,mid,75.0,4,11:00,917,29.553,52.0,False
TSLA,put,Mon-0DTE,mid,75.0,5,11:30,882,25.397,36.0,False
TSLA,put,Mon-0DTE,mid,75.0,6,14:00,744,24.597,53.0,False
TSLA,put,Mon-0DTE,mid,75.0,7,12:00,862,22.042,45.0,False
TSLA,put,Mon-0DTE,mid,75.0,8,14:30,705,21.418,31.0,False
TSLA,put,Mon-0DTE,mid,75.0,9,13:00,807,20.57,66.0,False
TSLA,put,Mon-0DTE,mid,75.0,10,13:30,763,20.183,75.0,False
TSLA,put,Mon-0DTE,mid,75.0,11,12:30,831,17.208,57.0,False
TSLA,put,Mon-0DTE,mid,75.0,12,15:00,664,13.855,12.5,False
TSLA,put,Mon-0DTE,mid,75.0,13,15:30,137,10.949,12.0,False
TSLA,put,Mon-0DTE,mid,100.0,1,10:00,972,37.243,56.0,False
TSLA,put,Mon-0DTE,mid,100.0,2,10:30,950,29.684,42.0,False
TSLA,put,Mon-0DTE,mid,100.0,3,09:30,846,29.196,86.0,False
TSLA,put,Mon-0DTE,mid,100.0,4,11:00,917,22.574,52.0,False
TSLA,put,Mon-0DTE,mid,100.0,5,11:30,882,20.975,45.0,False
TSLA,put,Mon-0DTE,mid,100.0,6,14:00,744,18.011,55.0,False
TSLA,put,Mon-0DTE,mid,100.0,7,14:30,705,16.738,32.0,False
TSLA,put,Mon-0DTE,mid,100.0,8,12:00,862,16.589,54.0,False
TSLA,put,Mon-0DTE,mid,100.0,9,13:00,807,14.498,95.0,False
TSLA,put,Mon-0DTE,mid,100.0,10,13:30,763,13.106,74.0,False
TSLA,put,Mon-0DTE,mid,100.0,11,12:30,831,11.913,60.0,False
TSLA,put,Mon-0DTE,mid,100.0,12,15:30,137,10.949,15.0,False
TSLA,put,Mon-0DTE,mid,100.0,13,15:00,664,10.241,16.5,False
TSLA,put,Mon-0DTE,market,30.0,1,10:00,972,56.687,28.0,False
TSLA,put,Mon-0DTE,market,30.0,2,10:30,950,54.737,30.0,False
TSLA,put,Mon-0DTE,market,30.0,3,09:30,846,54.137,34.5,False
TSLA,put,Mon-0DTE,market,30.0,4,11:00,917,44.384,27.0,False
TSLA,put,Mon-0DTE,market,30.0,5,11:30,882,34.467,30.0,False
TSLA,put,Mon-0DTE,market,30.0,6,13:30,763,33.552,59.5,False
TSLA,put,Mon-0DTE,market,30.0,7,14:00,744,32.258,45.0,False
TSLA,put,Mon-0DTE,market,30.0,8,12:00,862,32.019,25.5,False
TSLA,put,Mon-0DTE,market,30.0,9,12:30,831,31.528,40.0,False
TSLA,put,Mon-0DTE,market,30.0,10,13:00,807,30.483,52.5,False
TSLA,put,Mon-0DTE,market,30.0,11,14:30,705,28.511,28.0,False
TSLA,put,Mon-0DTE,market,30.0,12,15:00,664,19.277,16.5,False
TSLA,put,Mon-0DTE,market,30.0,13,15:30,137,13.869,11.0,False
TSLA,put,Mon-0DTE,market,50.0,1,10:00,972,48.045,44.0,False
TSLA,put,Mon-0DTE,market,50.0,2,09:30,846,45.154,64.0,False
TSLA,put,Mon-0DTE,market,50.0,3,10:30,950,44.526,39.0,False
TSLA,put,Mon-0DTE,market,50.0,4,11:00,917,33.588,47.0,False
TSLA,put,Mon-0DTE,market,50.0,5,11:30,882,26.984,40.0,False
TSLA,put,Mon-0DTE,market,50.0,6,14:00,744,24.597,53.0,False
TSLA,put,Mon-0DTE,market,50.0,7,12:00,862,24.362,32.5,False
TSLA,put,Mon-0DTE,market,50.0,8,13:30,763,24.246,75.0,False
TSLA,put,Mon-0DTE,market,50.0,9,13:00,807,21.933,75.0,False
TSLA,put,Mon-0DTE,market,50.0,10,14:30,705,20.851,34.0,False
TSLA,put,Mon-0DTE,market,50.0,11,12:30,831,20.818,58.0,False
TSLA,put,Mon-0DTE,market,50.0,12,15:00,664,13.554,19.0,False
TSLA,put,Mon-0DTE,market,50.0,13,15:30,137,10.949,15.0,False
TSLA,put,Mon-0DTE,market,75.0,1,10:00,972,39.815,56.0,False
TSLA,put,Mon-0DTE,market,75.0,2,09:30,846,34.752,80.5,False
TSLA,put,Mon-0DTE,market,75.0,3,10:30,950,32.842,45.0,False
TSLA,put,Mon-0DTE,market,75.0,4,11:00,917,24.537,60.0,False
TSLA,put,Mon-0DTE,market,75.0,5,11:30,882,21.769,49.5,False
TSLA,put,Mon-0DTE,market,75.0,6,14:00,744,18.548,58.0,False
TSLA,put,Mon-0DTE,market,75.0,7,12:00,862,18.097,51.0,False
TSLA,put,Mon-0DTE,market,75.0,8,14:30,705,14.752,37.0,False
TSLA,put,Mon-0DTE,market,75.0,9,13:00,807,14.622,100.0,False
TSLA,put,Mon-0DTE,market,75.0,10,13:30,763,14.417,84.0,False
TSLA,put,Mon-0DTE,market,75.0,11,12:30,831,13.598,72.0,False
TSLA,put,Mon-0DTE,market,75.0,12,15:00,664,8.886,20.0,False
TSLA,put,Mon-0DTE,market,75.0,13,15:30,137,7.299,15.0,False
TSLA,put,Mon-0DTE,market,100.0,1,10:00,972,34.156,63.0,False
TSLA,put,Mon-0DTE,market,100.0,2,09:30,846,28.132,86.5,False
TSLA,put,Mon-0DTE,market,100.0,3,10:30,950,25.895,46.0,False
TSLA,put,Mon-0DTE,market,100.0,4,11:00,917,18.648,89.0,False
TSLA,put,Mon-0DTE,market,100.0,5,11:30,882,17.46,71.5,False
TSLA,put,Mon-0DTE,market,100.0,6,12:00,862,13.573,63.0,False
TSLA,put,Mon-0DTE,market,100.0,7,14:00,744,12.769,63.0,False
TSLA,put,Mon-0DTE,market,100.0,8,14:30,705,11.631,38.5,False
TSLA,put,Mon-0DTE,market,100.0,9,13:00,807,10.285,103.0,False
TSLA,put,Mon-0DTE,market,100.0,10,13:30,763,9.436,84.5,False
TSLA,put,Mon-0DTE,market,100.0,11,12:30,831,9.025,81.0,False
TSLA,put,Mon-0DTE,market,100.0,12,15:30,137,7.299,17.5,False
TSLA,put,Mon-0DTE,market,100.0,13,15:00,664,6.627,24.5,False
ORCL,call,Fri-0DTE,mid,30.0,1,10:00,1952,59.221,16.0,False
ORCL,call,Fri-0DTE,mid,30.0,2,10:30,1789,53.997,19.0,False
ORCL,call,Fri-0DTE,mid,30.0,3,11:30,1369,53.616,22.0,False
ORCL,call,Fri-0DTE,mid,30.0,4,09:30,1958,52.298,18.0,False
ORCL,call,Fri-0DTE,mid,30.0,5,11:00,1539,48.928,23.0,False
ORCL,call,Fri-0DTE,mid,30.0,6,12:00,1216,47.78,33.0,False
ORCL,call,Fri-0DTE,mid,30.0,7,12:30,1103,47.416,27.0,False
ORCL,call,Fri-0DTE,mid,30.0,8,13:00,1025,46.146,21.0,False
ORCL,call,Fri-0DTE,mid,30.0,9,13:30,1008,42.659,26.0,False
ORCL,call,Fri-0DTE,mid,30.0,10,14:00,975,39.59,22.0,False
ORCL,call,Fri-0DTE,mid,30.0,11,15:00,1039,38.114,12.0,False
ORCL,call,Fri-0DTE,mid,30.0,12,14:30,962,38.046,22.0,False
ORCL,call,Fri-0DTE,mid,30.0,13,15:30,270,27.407,11.0,False
ORCL,call,Fri-0DTE,mid,50.0,1,10:00,1952,45.133,27.0,False
ORCL,call,Fri-0DTE,mid,50.0,2,10:30,1789,39.407,33.0,False
ORCL,call,Fri-0DTE,mid,50.0,3,09:30,1958,38.151,31.0,False
ORCL,call,Fri-0DTE,mid,50.0,4,11:30,1369,37.984,35.0,False
ORCL,call,Fri-0DTE,mid,50.0,5,11:00,1539,34.893,36.0,False
ORCL,call,Fri-0DTE,mid,50.0,6,13:00,1025,33.561,28.0,False
ORCL,call,Fri-0DTE,mid,50.0,7,12:30,1103,33.364,38.0,False
ORCL,call,Fri-0DTE,mid,50.0,8,12:00,1216,31.579,51.5,False
ORCL,call,Fri-0DTE,mid,50.0,9,13:30,1008,28.075,35.0,False
ORCL,call,Fri-0DTE,mid,50.0,10,14:00,975,25.333,27.0,False
ORCL,call,Fri-0DTE,mid,50.0,11,14:30,962,23.909,27.0,False
ORCL,call,Fri-0DTE,mid,50.0,12,15:00,1039,22.137,15.0,False
ORCL,call,Fri-0DTE,mid,50.0,13,15:30,270,14.074,16.5,False
ORCL,call,Fri-0DTE,mid,75.0,1,10:00,1952,34.477,36.0,False
ORCL,call,Fri-0DTE,mid,75.0,2,09:30,1958,30.746,44.5,False
ORCL,call,Fri-0DTE,mid,75.0,3,10:30,1789,29.178,43.5,False
ORCL,call,Fri-0DTE,mid,75.0,4,13:00,1025,26.927,35.5,False
ORCL,call,Fri-0DTE,mid,75.0,5,11:30,1369,26.662,55.0,False
ORCL,call,Fri-0DTE,mid,75.0,6,11:00,1539,25.991,57.5,False
ORCL,call,Fri-0DTE,mid,75.0,7,12:30,1103,24.207,42.0,False
ORCL,call,Fri-0DTE,mid,75.0,8,12:00,1216,22.122,73.0,False
ORCL,call,Fri-0DTE,mid,75.0,9,13:30,1008,20.933,45.0,False
ORCL,call,Fri-0DTE,mid,75.0,10,14:00,975,19.282,44.0,False
ORCL,call,Fri-0DTE,mid,75.0,11,14:30,962,18.087,29.5,False
ORCL,call,Fri-0DTE,mid,75.0,12,15:00,1039,16.169,16.5,False
ORCL,call,Fri-0DTE,mid,75.0,13,15:30,270,11.481,18.0,False
ORCL,call,Fri-0DTE,mid,100.0,1,10:00,1952,27.92,42.0,False
ORCL,call,Fri-0DTE,mid,100.0,2,09:30,1958,24.311,53.0,False
ORCL,call,Fri-0DTE,mid,100.0,3,10:30,1789,23.141,49.5,False
ORCL,call,Fri-0DTE,mid,100.0,4,13:00,1025,22.341,39.0,False
ORCL,call,Fri-0DTE,mid,100.0,5,11:30,1369,21.256,77.0,False
ORCL,call,Fri-0DTE,mid,100.0,6,11:00,1539,20.598,72.0,False
ORCL,call,Fri-0DTE,mid,100.0,7,12:30,1103,20.036,51.0,False
ORCL,call,Fri-0DTE,mid,100.0,8,12:00,1216,18.174,89.0,False
ORCL,call,Fri-0DTE,mid,100.0,9,14:00,975,16.718,53.0,False
ORCL,call,Fri-0DTE,mid,100.0,10,13:30,1008,16.667,49.0,False
ORCL,call,Fri-0DTE,mid,100.0,11,14:30,962,15.8,35.5,False
ORCL,call,Fri-0DTE,mid,100.0,12,15:00,1039,12.801,18.0,False
ORCL,call,Fri-0DTE,mid,100.0,13,15:30,270,7.407,11.0,False
ORCL,call,Fri-0DTE,market,30.0,1,10:00,1952,39.191,24.0,False
ORCL,call,Fri-0DTE,market,30.0,2,10:30,1789,34.768,27.5,False
ORCL,call,Fri-0DTE,market,30.0,3,09:30,1958,34.116,30.0,False
ORCL,call,Fri-0DTE,market,30.0,4,11:30,1369,30.533,36.0,False
ORCL,call,Fri-0DTE,market,30.0,5,11:00,1539,29.63,39.0,False
ORCL,call,Fri-0DTE,market,30.0,6,13:00,1025,27.902,38.5,False
ORCL,call,Fri-0DTE,market,30.0,7,12:30,1103,27.38,40.0,False
ORCL,call,Fri-0DTE,market,30.0,8,12:00,1216,26.562,57.0,False
ORCL,call,Fri-0DTE,market,30.0,9,13:30,1008,23.71,44.0,False
ORCL,call,Fri-0DTE,market,30.0,10,14:00,975,20.718,32.0,False
ORCL,call,Fri-0DTE,market,30.0,11,14:30,962,20.27,31.0,False
ORCL,call,Fri-0DTE,market,30.0,12,15:00,1039,17.132,21.0,False
ORCL,call,Fri-0DTE,market,30.0,13,15:30,270,14.444,21.0,False
ORCL,call,Fri-0DTE,market,50.0,1,10:00,1952,32.018,35.0,False
ORCL,call,Fri-0DTE,market,50.0,2,09:30,1958,27.63,42.0,False
ORCL,call,Fri-0DTE,market,50.0,3,10:30,1789,27.166,44.0,False
ORCL,call,Fri-0DTE,market,50.0,4,11:30,1369,22.644,63.5,False
ORCL,call,Fri-0DTE,market,50.0,5,11:00,1539,22.417,54.0,False
ORCL,call,Fri-0DTE,market,50.0,6,13:00,1025,22.341,56.0,False
ORCL,call,Fri-0DTE,market,50.0,7,12:30,1103,19.946,52.0,False
ORCL,call,Fri-0DTE,market,50.0,8,12:00,1216,19.079,72.0,False
ORCL,call,Fri-0DTE,market,50.0,9,13:30,1008,16.567,49.0,False
ORCL,call,Fri-0DTE,market,50.0,10,14:00,975,15.179,42.5,False
ORCL,call,Fri-0DTE,market,50.0,11,14:30,962,14.969,36.0,False
ORCL,call,Fri-0DTE,market,50.0,12,15:00,1039,11.935,28.0,False
ORCL,call,Fri-0DTE,market,50.0,13,15:30,270,9.259,21.0,False
ORCL,call,Fri-0DTE,market,75.0,1,10:00,1952,24.18,44.0,False
ORCL,call,Fri-0DTE,market,75.0,2,09:30,1958,22.829,55.0,False
ORCL,call,Fri-0DTE,market,75.0,3,10:30,1789,20.235,60.0,False
ORCL,call,Fri-0DTE,market,75.0,4,13:00,1025,18.049,60.0,False
ORCL,call,Fri-0DTE,market,75.0,5,11:00,1539,17.284,79.0,False
ORCL,call,Fri-0DTE,market,75.0,6,11:30,1369,15.778,93.0,False
ORCL,call,Fri-0DTE,market,75.0,7,12:30,1103,15.413,63.0,False
ORCL,call,Fri-0DTE,market,75.0,8,12:00,1216,14.474,101.0,False
ORCL,call,Fri-0DTE,market,75.0,9,13:30,1008,12.302,56.5,False
ORCL,call,Fri-0DTE,market,75.0,10,14:00,975,11.692,57.5,False
ORCL,call,Fri-0DTE,market,75.0,11,14:30,962,10.915,41.0,False
ORCL,call,Fri-0DTE,market,75.0,12,15:00,1039,8.855,30.0,False
ORCL,call,Fri-0DTE,market,75.0,13,15:30,270,4.815,23.0,False
ORCL,call,Fri-0DTE,market,100.0,1,10:00,1952,19.57,54.5,False
ORCL,call,Fri-0DTE,market,100.0,2,09:30,1958,17.926,59.0,False
ORCL,call,Fri-0DTE,market,100.0,3,10:30,1789,15.707,75.0,False
ORCL,call,Fri-0DTE,market,100.0,4,13:00,1025,13.854,69.5,False
ORCL,call,Fri-0DTE,market,100.0,5,11:00,1539,13.84,83.0,False
ORCL,call,Fri-0DTE,market,100.0,6,11:30,1369,12.783,104.0,False
ORCL,call,Fri-0DTE,market,100.0,7,12:30,1103,12.602,76.0,False
ORCL,call,Fri-0DTE,market,100.0,8,12:00,1216,11.184,136.0,False
ORCL,call,Fri-0DTE,market,100.0,9,13:30,1008,9.821,64.0,False
ORCL,call,Fri-0DTE,market,100.0,10,14:00,975,9.641,61.0,False
ORCL,call,Fri-0DTE,market,100.0,11,14:30,962,7.796,41.0,False
ORCL,call,Fri-0DTE,market,100.0,12,15:00,1039,6.93,34.0,False
ORCL,call,Fri-0DTE,market,100.0,13,15:30,270,3.704,15.0,False
ORCL,put,Fri-0DTE,mid,30.0,1,09:30,1642,63.946,12.0,False
ORCL,put,Fri-0DTE,mid,30.0,2,10:30,1398,61.803,21.0,False
ORCL,put,Fri-0DTE,mid,30.0,3,10:00,1592,59.296,22.0,False
ORCL,put,Fri-0DTE,mid,30.0,4,11:00,1194,54.104,17.5,False
ORCL,put,Fri-0DTE,mid,30.0,5,11:30,1042,48.273,20.0,False
ORCL,put,Fri-0DTE,mid,30.0,6,13:00,737,48.168,26.0,False
ORCL,put,Fri-0DTE,mid,30.0,7,13:30,735,47.483,19.0,False
ORCL,put,Fri-0DTE,mid,30.0,8,12:30,824,46.602,26.5,False
ORCL,put,Fri-0DTE,mid,30.0,9,12:00,937,44.184,30.0,False
ORCL,put,Fri-0DTE,mid,30.0,10,14:00,767,42.764,27.0,False
ORCL,put,Fri-0DTE,mid,30.0,11,14:30,752,40.293,15.0,False
ORCL,put,Fri-0DTE,mid,30.0,12,15:00,866,31.409,13.0,False
ORCL,put,Fri-0DTE,mid,30.0,13,15:30,247,26.721,7.5,False
ORCL,put,Fri-0DTE,mid,50.0,1,09:30,1642,50.974,19.0,False
ORCL,put,Fri-0DTE,mid,50.0,2,10:30,1398,47.854,32.0,False
ORCL,put,Fri-0DTE,mid,50.0,3,10:00,1592,45.352,35.0,False
ORCL,put,Fri-0DTE,mid,50.0,4,11:00,1194,40.117,26.0,False
ORCL,put,Fri-0DTE,mid,50.0,5,13:30,735,35.374,26.0,False
ORCL,put,Fri-0DTE,mid,50.0,6,11:30,1042,34.837,32.0,False
ORCL,put,Fri-0DTE,mid,50.0,7,13:00,737,34.735,35.5,False
ORCL,put,Fri-0DTE,mid,50.0,8,12:30,824,34.709,40.0,False
ORCL,put,Fri-0DTE,mid,50.0,9,12:00,937,31.483,48.0,False
ORCL,put,Fri-0DTE,mid,50.0,10,14:00,767,29.465,33.5,False
ORCL,put,Fri-0DTE,mid,50.0,11,14:30,752,27.66,19.0,False
ORCL,put,Fri-0DTE,mid,50.0,12,15:00,866,20.092,15.0,False
ORCL,put,Fri-0DTE,mid,50.0,13,15:30,247,12.955,12.0,False
ORCL,put,Fri-0DTE,mid,75.0,1,09:30,1642,40.682,30.0,False
ORCL,put,Fri-0DTE,mid,75.0,2,10:30,1398,36.91,42.0,False
ORCL,put,Fri-0DTE,mid,75.0,3,10:00,1592,34.485,51.0,False
ORCL,put,Fri-0DTE,mid,75.0,4,11:00,1194,30.402,33.0,False
ORCL,put,Fri-0DTE,mid,75.0,5,13:30,735,27.347,33.0,False
ORCL,put,Fri-0DTE,mid,75.0,6,12:30,824,26.942,53.0,False
ORCL,put,Fri-0DTE,mid,75.0,7,11:30,1042,26.296,46.5,False
ORCL,put,Fri-0DTE,mid,75.0,8,13:00,737,25.78,42.5,False
ORCL,put,Fri-0DTE,mid,75.0,9,12:00,937,24.013,62.0,False
ORCL,put,Fri-0DTE,mid,75.0,10,14:00,767,19.296,32.5,False
ORCL,put,Fri-0DTE,mid,75.0,11,14:30,752,19.149,23.0,False
ORCL,put,Fri-0DTE,mid,75.0,12,15:00,866,13.972,17.0,False
ORCL,put,Fri-0DTE,mid,75.0,13,15:30,247,9.312,19.0,False
ORCL,put,Fri-0DTE,mid,100.0,1,09:30,1642,33.496,40.0,False
ORCL,put,Fri-0DTE,mid,100.0,2,10:30,1398,31.187,52.5,False
ORCL,put,Fri-0DTE,mid,100.0,3,10:00,1592,28.392,58.0,False
ORCL,put,Fri-0DTE,mid,100.0,4,11:00,1194,25.126,42.5,False
ORCL,put,Fri-0DTE,mid,100.0,5,13:30,735,22.041,39.5,False
ORCL,put,Fri-0DTE,mid,100.0,6,11:30,1042,21.881,61.5,False
ORCL,put,Fri-0DTE,mid,100.0,7,12:30,824,21.359,64.5,False
ORCL,put,Fri-0DTE,mid,100.0,8,12:00,937,21.025,73.0,False
ORCL,put,Fri-0DTE,mid,100.0,9,13:00,737,19.81,47.0,False
ORCL,put,Fri-0DTE,mid,100.0,10,14:00,767,15.776,38.0,False
ORCL,put,Fri-0DTE,mid,100.0,11,14:30,752,14.495,30.0,False
ORCL,put,Fri-0DTE,mid,100.0,12,15:00,866,11.778,19.5,False
ORCL,put,Fri-0DTE,mid,100.0,13,15:30,247,6.073,13.0,False
ORCL,put,Fri-0DTE,market,30.0,1,09:30,1642,48.782,17.0,False
ORCL,put,Fri-0DTE,market,30.0,2,10:30,1398,45.136,31.0,False
ORCL,put,Fri-0DTE,market,30.0,3,10:00,1592,44.033,34.0,False
ORCL,put,Fri-0DTE,market,30.0,4,11:00,1194,37.605,25.0,False
ORCL,put,Fri-0DTE,market,30.0,5,11:30,1042,31.862,30.0,False
ORCL,put,Fri-0DTE,market,30.0,6,13:30,735,31.429,36.0,False
ORCL,put,Fri-0DTE,market,30.0,7,13:00,737,31.208,40.5,False
ORCL,put,Fri-0DTE,market,30.0,8,12:30,824,30.218,41.0,False
ORCL,put,Fri-0DTE,market,30.0,9,12:00,937,30.203,51.0,False
ORCL,put,Fri-0DTE,market,30.0,10,14:00,767,25.293,38.0,False
ORCL,put,Fri-0DTE,market,30.0,11,14:30,752,23.404,24.0,False
ORCL,put,Fri-0DTE,market,30.0,12,15:00,866,16.513,18.0,False
ORCL,put,Fri-0DTE,market,30.0,13,15:30,247,9.717,11.0,False
ORCL,put,Fri-0DTE,market,50.0,1,09:30,1642,39.586,28.0,False
ORCL,put,Fri-0DTE,market,50.0,2,10:30,1398,35.98,40.0,False
ORCL,put,Fri-0DTE,market,50.0,3,10:00,1592,34.548,51.5,False
ORCL,put,Fri-0DTE,market,50.0,4,11:00,1194,28.476,37.5,False
ORCL,put,Fri-0DTE,market,50.0,5,11:30,1042,25.24,50.0,False
ORCL,put,Fri-0DTE,market,50.0,6,12:30,824,23.908,53.0,False
ORCL,put,Fri-0DTE,market,50.0,7,13:00,737,23.881,47.5,False
ORCL,put,Fri-0DTE,market,50.0,8,13:30,735,22.585,42.5,False
ORCL,put,Fri-0DTE,market,50.0,9,12:00,937,22.305,73.0,False
ORCL,put,Fri-0DTE,market,50.0,10,14:00,767,17.34,46.0,False
ORCL,put,Fri-0DTE,market,50.0,11,14:30,752,15.691,30.5,False
ORCL,put,Fri-0DTE,market,50.0,12,15:00,866,11.547,23.0,False
ORCL,put,Fri-0DTE,market,50.0,13,15:30,247,7.287,18.0,False
ORCL,put,Fri-0DTE,market,75.0,1,09:30,1642,32.4,39.5,False
ORCL,put,Fri-0DTE,market,75.0,2,10:30,1398,28.04,52.5,False
ORCL,put,Fri-0DTE,market,75.0,3,10:00,1592,27.01,64.0,False
ORCL,put,Fri-0DTE,market,75.0,4,11:00,1194,21.608,47.5,False
ORCL,put,Fri-0DTE,market,75.0,5,11:30,1042,18.906,72.0,False
ORCL,put,Fri-0DTE,market,75.0,6,12:30,824,18.447,72.5,False
ORCL,put,Fri-0DTE,market,75.0,7,13:30,735,17.687,53.0,False
ORCL,put,Fri-0DTE,market,75.0,8,13:00,737,17.503,65.0,False
ORCL,put,Fri-0DTE,market,75.0,9,12:00,937,16.969,93.0,False
ORCL,put,Fri-0DTE,market,75.0,10,14:00,767,13.559,58.0,False
ORCL,put,Fri-0DTE,market,75.0,11,14:30,752,11.702,40.0,False
ORCL,put,Fri-0DTE,market,75.0,12,15:00,866,7.968,22.0,False
ORCL,put,Fri-0DTE,market,75.0,13,15:30,247,5.668,16.5,False
ORCL,put,Fri-0DTE,market,100.0,1,09:30,1642,26.553,50.5,False
ORCL,put,Fri-0DTE,market,100.0,2,10:30,1398,24.034,64.0,False
ORCL,put,Fri-0DTE,market,100.0,3,10:00,1592,21.043,71.0,False
ORCL,put,Fri-0DTE,market,100.0,4,11:00,1194,18.342,60.0,False
ORCL,put,Fri-0DTE,market,100.0,5,11:30,1042,15.643,90.0,False
ORCL,put,Fri-0DTE,market,100.0,6,12:00,937,14.514,109.5,False
ORCL,put,Fri-0DTE,market,100.0,7,12:30,824,14.199,78.0,False
ORCL,put,Fri-0DTE,market,100.0,8,13:30,735,13.197,66.0,False
ORCL,put,Fri-0DTE,market,100.0,9,13:00,737,12.619,67.0,False
ORCL,put,Fri-0DTE,market,100.0,10,14:00,767,10.691,62.5,False
ORCL,put,Fri-0DTE,market,100.0,11,14:30,752,9.176,40.0,False
ORCL,put,Fri-0DTE,market,100.0,12,15:00,866,6.005,23.0,False
ORCL,put,Fri-0DTE,market,100.0,13,15:30,247,2.834,13.0,False
AMD,call,Fri-0DTE,mid,30.0,1,11:30,2437,44.645,26.0,False
AMD,call,Fri-0DTE,mid,30.0,2,09:30,3036,43.577,11.0,False
AMD,call,Fri-0DTE,mid,30.0,3,12:00,2171,42.607,31.0,False
AMD,call,Fri-0DTE,mid,30.0,4,11:00,2656,42.282,22.0,False
AMD,call,Fri-0DTE,mid,30.0,5,10:30,2954,41.74,26.0,False
AMD,call,Fri-0DTE,mid,30.0,6,12:30,2148,40.875,31.0,False
AMD,call,Fri-0DTE,mid,30.0,7,10:00,3289,39.83,17.0,False
AMD,call,Fri-0DTE,mid,30.0,8,13:00,2011,38.588,22.0,False
AMD,call,Fri-0DTE,mid,30.0,9,13:30,1936,32.748,24.0,False
AMD,call,Fri-0DTE,mid,30.0,10,14:30,1915,31.07,21.0,False
AMD,call,Fri-0DTE,mid,30.0,11,14:00,1920,27.812,25.0,False
AMD,call,Fri-0DTE,mid,30.0,12,15:00,2024,23.765,11.0,False
AMD,call,Fri-0DTE,mid,30.0,13,15:30,482,18.672,14.0,False
AMD,call,Fri-0DTE,mid,50.0,1,11:30,2437,31.801,41.0,False
AMD,call,Fri-0DTE,mid,50.0,2,11:00,2656,30.572,36.0,False
AMD,call,Fri-0DTE,mid,50.0,3,09:30,3036,30.567,18.0,False
AMD,call,Fri-0DTE,mid,50.0,4,12:00,2171,29.986,43.0,False
AMD,call,Fri-0DTE,mid,50.0,5,12:30,2148,29.19,41.0,False
AMD,call,Fri-0DTE,mid,50.0,6,10:30,2954,29.113,42.0,False
AMD,call,Fri-0DTE,mid,50.0,7,10:00,3289,27.972,31.0,False
AMD,call,Fri-0DTE,mid,50.0,8,13:00,2011,27.35,30.0,False
AMD,call,Fri-0DTE,mid,50.0,9,13:30,1936,23.399,37.0,False
AMD,call,Fri-0DTE,mid,50.0,10,14:30,1915,21.41,24.0,False
AMD,call,Fri-0DTE,mid,50.0,11,14:00,1920,19.323,41.0,False
AMD,call,Fri-0DTE,mid,50.0,12,15:00,2024,15.316,14.0,False
AMD,call,Fri-0DTE,mid,50.0,13,15:30,482,11.203,16.5,False
AMD,call,Fri-0DTE,mid,75.0,1,11:30,2437,22.856,50.0,False
AMD,call,Fri-0DTE,mid,75.0,2,11:00,2656,22.59,47.5,False
AMD,call,Fri-0DTE,mid,75.0,3,09:30,3036,21.574,24.0,False
AMD,call,Fri-0DTE,mid,75.0,4,10:30,2954,20.548,55.0,False
AMD,call,Fri-0DTE,mid,75.0,5,12:00,2171,20.405,59.0,False
AMD,call,Fri-0DTE,mid,75.0,6,12:30,2148,20.345,53.0,False
AMD,call,Fri-0DTE,mid,75.0,7,13:00,2011,20.189,38.0,False
AMD,call,Fri-0DTE,mid,75.0,8,10:00,3289,19.094,47.0,False
AMD,call,Fri-0DTE,mid,75.0,9,13:30,1936,16.426,41.0,False
AMD,call,Fri-0DTE,mid,75.0,10,14:30,1915,14.726,27.5,False
AMD,call,Fri-0DTE,mid,75.0,11,14:00,1920,13.385,51.0,False
AMD,call,Fri-0DTE,mid,75.0,12,15:00,2024,10.375,16.0,False
AMD,call,Fri-0DTE,mid,75.0,13,15:30,482,7.676,19.0,False
AMD,call,Fri-0DTE,mid,100.0,1,11:30,2437,18.055,66.5,False
AMD,call,Fri-0DTE,mid,100.0,2,11:00,2656,17.884,61.0,False
AMD,call,Fri-0DTE,mid,100.0,3,09:30,3036,16.173,26.0,False
AMD,call,Fri-0DTE,mid,100.0,4,10:30,2954,16.148,66.0,False
AMD,call,Fri-0DTE,mid,100.0,5,12:00,2171,15.661,67.0,False
AMD,call,Fri-0DTE,mid,100.0,6,13:00,2011,15.067,43.0,False
AMD,call,Fri-0DTE,mid,100.0,7,12:30,2148,14.292,58.0,False
AMD,call,Fri-0DTE,mid,100.0,8,10:00,3289,13.864,48.5,False
AMD,call,Fri-0DTE,mid,100.0,9,13:30,1936,12.448,50.0,False
AMD,call,Fri-0DTE,mid,100.0,10,14:30,1915,11.749,31.0,False
AMD,call,Fri-0DTE,mid,100.0,11,14:00,1920,11.146,57.5,False
AMD,call,Fri-0DTE,mid,100.0,12,15:00,2024,8.152,20.0,False
AMD,call,Fri-0DTE,mid,100.0,13,15:30,482,5.394,15.0,False
AMD,call,Fri-0DTE,market,30.0,1,09:30,3036,35.178,17.0,False
AMD,call,Fri-0DTE,market,30.0,2,11:30,2437,31.966,46.0,False
AMD,call,Fri-0DTE,market,30.0,3,11:00,2656,31.476,42.0,False
AMD,call,Fri-0DTE,market,30.0,4,10:30,2954,31.043,41.0,False
AMD,call,Fri-0DTE,market,30.0,5,10:00,3289,30.283,28.0,False
AMD,call,Fri-0DTE,market,30.0,6,12:00,2171,29.94,46.0,False
AMD,call,Fri-0DTE,market,30.0,7,12:30,2148,29.935,49.0,False
AMD,call,Fri-0DTE,market,30.0,8,13:00,2011,27.101,36.0,False
AMD,call,Fri-0DTE,market,30.0,9,13:30,1936,23.657,45.0,False
AMD,call,Fri-0DTE,market,30.0,10,14:30,1915,21.149,31.0,False
AMD,call,Fri-0DTE,market,30.0,11,14:00,1920,19.219,49.0,False
AMD,call,Fri-0DTE,market,30.0,12,15:00,2024,15.366,21.0,False
AMD,call,Fri-0DTE,market,30.0,13,15:30,482,12.656,19.0,False
AMD,call,Fri-0DTE,market,50.0,1,09:30,3036,24.242,23.0,False
AMD,call,Fri-0DTE,market,50.0,2,11:30,2437,23.759,58.0,False
AMD,call,Fri-0DTE,market,50.0,3,11:00,2656,23.494,53.0,False
AMD,call,Fri-0DTE,market,50.0,4,10:30,2954,22.715,61.0,False
AMD,call,Fri-0DTE,market,50.0,5,12:00,2171,21.833,61.0,False
AMD,call,Fri-0DTE,market,50.0,6,12:30,2148,21.741,56.0,False
AMD,call,Fri-0DTE,market,50.0,7,10:00,3289,21.435,51.0,False
AMD,call,Fri-0DTE,market,50.0,8,13:00,2011,20.189,46.0,False
AMD,call,Fri-0DTE,market,50.0,9,13:30,1936,16.632,54.0,False
AMD,call,Fri-0DTE,market,50.0,10,14:30,1915,14.674,34.0,False
AMD,call,Fri-0DTE,market,50.0,11,14:00,1920,13.958,55.5,False
AMD,call,Fri-0DTE,market,50.0,12,15:00,2024,9.881,25.0,False
AMD,call,Fri-0DTE,market,50.0,13,15:30,482,6.846,20.0,False
AMD,call,Fri-0DTE,market,75.0,1,11:00,2656,18.261,69.0,False
AMD,call,Fri-0DTE,market,75.0,2,11:30,2437,17.604,72.0,False
AMD,call,Fri-0DTE,market,75.0,3,09:30,3036,16.798,29.0,False
AMD,call,Fri-0DTE,market,75.0,4,10:30,2954,15.809,78.0,False
AMD,call,Fri-0DTE,market,75.0,5,12:00,2171,15.2,74.0,False
AMD,call,Fri-0DTE,market,75.0,6,13:00,2011,15.117,53.0,False
AMD,call,Fri-0DTE,market,75.0,7,10:00,3289,15.02,66.0,False
AMD,call,Fri-0DTE,market,75.0,8,12:30,2148,14.711,65.5,False
AMD,call,Fri-0DTE,market,75.0,9,13:30,1936,11.519,65.0,False
AMD,call,Fri-0DTE,market,75.0,10,14:00,1920,10.312,60.5,False
AMD,call,Fri-0DTE,market,75.0,11,14:30,1915,10.287,38.0,False
AMD,call,Fri-0DTE,market,75.0,12,15:00,2024,6.621,26.5,False
AMD,call,Fri-0DTE,market,75.0,13,15:30,482,4.357,24.0,False
AMD,call,Fri-0DTE,market,100.0,1,11:00,2656,14.194,78.0,False
AMD,call,Fri-0DTE,market,100.0,2,11:30,2437,14.157,87.0,False
AMD,call,Fri-0DTE,market,100.0,3,10:30,2954,12.356,95.0,False
AMD,call,Fri-0DTE,market,100.0,4,09:30,3036,12.22,33.0,False
AMD,call,Fri-0DTE,market,100.0,5,12:00,2171,11.239,82.0,False
AMD,call,Fri-0DTE,market,100.0,6,13:00,2011,10.791,57.0,False
AMD,call,Fri-0DTE,market,100.0,7,10:00,3289,10.733,73.0,False
AMD,call,Fri-0DTE,market,100.0,8,12:30,2148,10.149,78.5,False
AMD,call,Fri-0DTE,market,100.0,9,13:30,1936,8.936,76.0,False
AMD,call,Fri-0DTE,market,100.0,10,14:30,1915,8.146,40.5,False
AMD,call,Fri-0DTE,market,100.0,11,14:00,1920,8.073,62.0,False
AMD,call,Fri-0DTE,market,100.0,12,15:00,2024,4.941,28.0,False
AMD,call,Fri-0DTE,market,100.0,13,15:30,482,2.905,24.0,False
AMD,put,Fri-0DTE,mid,30.0,1,10:00,2966,62.272,17.0,False
AMD,put,Fri-0DTE,mid,30.0,2,09:30,2781,56.67,14.0,False
AMD,put,Fri-0DTE,mid,30.0,3,10:30,2680,54.44,17.0,False
AMD,put,Fri-0DTE,mid,30.0,4,11:00,2437,50.062,21.0,False
AMD,put,Fri-0DTE,mid,30.0,5,12:30,1941,48.48,19.0,False
AMD,put,Fri-0DTE,mid,30.0,6,11:30,2190,47.991,22.0,False
AMD,put,Fri-0DTE,mid,30.0,7,12:00,2003,46.93,26.0,False
AMD,put,Fri-0DTE,mid,30.0,8,13:00,1791,45.282,18.0,False
AMD,put,Fri-0DTE,mid,30.0,9,13:30,1714,44.457,20.0,False
AMD,put,Fri-0DTE,mid,30.0,10,14:00,1708,37.354,16.0,False
AMD,put,Fri-0DTE,mid,30.0,11,14:30,1622,35.388,15.0,False
AMD,put,Fri-0DTE,mid,30.0,12,15:00,1757,32.157,12.0,False
AMD,put,Fri-0DTE,mid,30.0,13,15:30,424,23.821,9.0,False
AMD,put,Fri-0DTE,mid,50.0,1,10:00,2966,48.112,26.0,False
AMD,put,Fri-0DTE,mid,50.0,2,09:30,2781,43.761,25.0,False
AMD,put,Fri-0DTE,mid,50.0,3,10:30,2680,40.299,29.0,False
AMD,put,Fri-0DTE,mid,50.0,4,11:00,2437,37.833,38.5,False
AMD,put,Fri-0DTE,mid,50.0,5,11:30,2190,36.256,37.0,False
AMD,put,Fri-0DTE,mid,50.0,6,12:30,1941,35.137,26.5,False
AMD,put,Fri-0DTE,mid,50.0,7,12:00,2003,34.698,42.0,False
AMD,put,Fri-0DTE,mid,50.0,8,13:00,1791,31.937,26.0,False
AMD,put,Fri-0DTE,mid,50.0,9,13:30,1714,30.98,36.0,False
AMD,put,Fri-0DTE,mid,50.0,10,14:00,1708,26.991,25.0,False
AMD,put,Fri-0DTE,mid,50.0,11,14:30,1622,24.044,22.0,False
AMD,put,Fri-0DTE,mid,50.0,12,15:00,1757,21.742,14.0,False
AMD,put,Fri-0DTE,mid,50.0,13,15:30,424,15.802,11.0,False
AMD,put,Fri-0DTE,mid,75.0,1,10:00,2966,37.761,34.0,False
AMD,put,Fri-0DTE,mid,75.0,2,09:30,2781,32.974,33.0,False
AMD,put,Fri-0DTE,mid,75.0,3,10:30,2680,30.634,40.0,False
AMD,put,Fri-0DTE,mid,75.0,4,11:00,2437,28.683,56.0,False
AMD,put,Fri-0DTE,mid,75.0,5,11:30,2190,27.397,52.5,False
AMD,put,Fri-0DTE,mid,75.0,6,12:00,2003,25.462,53.0,False
AMD,put,Fri-0DTE,mid,75.0,7,12:30,1941,24.575,40.0,False
AMD,put,Fri-0DTE,mid,75.0,8,13:00,1791,22.613,36.0,False
AMD,put,Fri-0DTE,mid,75.0,9,13:30,1714,21.645,50.0,False
AMD,put,Fri-0DTE,mid,75.0,10,14:00,1708,20.023,36.0,False
AMD,put,Fri-0DTE,mid,75.0,11,14:30,1622,16.954,31.0,False
AMD,put,Fri-0DTE,mid,75.0,12,15:00,1757,16.05,16.0,False
AMD,put,Fri-0DTE,mid,75.0,13,15:30,424,9.906,14.5,False
AMD,put,Fri-0DTE,mid,100.0,1,10:00,2966,30.681,46.0,False
AMD,put,Fri-0DTE,mid,100.0,2,09:30,2781,26.645,42.0,False
AMD,put,Fri-0DTE,mid,100.0,3,10:30,2680,24.888,49.0,False
AMD,put,Fri-0DTE,mid,100.0,4,11:00,2437,23.923,68.0,False
AMD,put,Fri-0DTE,mid,100.0,5,11:30,2190,22.374,67.0,False
AMD,put,Fri-0DTE,mid,100.0,6,12:00,2003,20.17,57.0,False
AMD,put,Fri-0DTE,mid,100.0,7,12:30,1941,19.32,46.0,False
AMD,put,Fri-0DTE,mid,100.0,8,13:30,1714,16.919,57.5,False
AMD,put,Fri-0DTE,mid,100.0,9,13:00,1791,16.415,45.0,False
AMD,put,Fri-0DTE,mid,100.0,10,14:00,1708,15.632,42.0,False
AMD,put,Fri-0DTE,mid,100.0,11,14:30,1622,13.44,36.0,False
AMD,put,Fri-0DTE,mid,100.0,12,15:00,1757,12.92,17.0,False
AMD,put,Fri-0DTE,mid,100.0,13,15:30,424,8.255,16.0,False
AMD,put,Fri-0DTE,market,30.0,1,10:00,2966,48.247,26.0,False
AMD,put,Fri-0DTE,market,30.0,2,09:30,2781,45.271,26.0,False
AMD,put,Fri-0DTE,market,30.0,3,10:30,2680,41.306,28.0,False
AMD,put,Fri-0DTE,market,30.0,4,11:00,2437,37.505,38.5,False
AMD,put,Fri-0DTE,market,30.0,5,11:30,2190,34.11,40.0,False
AMD,put,Fri-0DTE,market,30.0,6,12:30,1941,34.055,35.0,False
AMD,put,Fri-0DTE,market,30.0,7,12:00,2003,33.1,45.0,False
AMD,put,Fri-0DTE,market,30.0,8,13:00,1791,31.212,35.0,False
AMD,put,Fri-0DTE,market,30.0,9,13:30,1714,28.646,40.0,False
AMD,put,Fri-0DTE,market,30.0,10,14:00,1708,24.18,29.0,False
AMD,put,Fri-0DTE,market,30.0,11,14:30,1622,20.715,26.0,False
AMD,put,Fri-0DTE,market,30.0,12,15:00,1757,19.75,17.0,False
AMD,put,Fri-0DTE,market,30.0,13,15:30,424,13.915,16.0,False
AMD,put,Fri-0DTE,market,50.0,1,10:00,2966,38.2,34.0,False
AMD,put,Fri-0DTE,market,50.0,2,09:30,2781,35.275,35.0,False
AMD,put,Fri-0DTE,market,50.0,3,10:30,2680,32.052,44.0,False
AMD,put,Fri-0DTE,market,50.0,4,11:00,2437,29.257,58.0,False
AMD,put,Fri-0DTE,market,50.0,5,11:30,2190,26.393,53.5,False
AMD,put,Fri-0DTE,market,50.0,6,12:00,2003,25.412,57.0,False
AMD,put,Fri-0DTE,market,50.0,7,12:30,1941,25.142,47.5,False
AMD,put,Fri-0DTE,market,50.0,8,13:00,1791,22.111,47.5,False
AMD,put,Fri-0DTE,market,50.0,9,13:30,1714,21.062,55.0,False
AMD,put,Fri-0DTE,market,50.0,10,14:00,1708,18.267,41.0,False
AMD,put,Fri-0DTE,market,50.0,11,14:30,1622,14.488,32.0,False
AMD,put,Fri-0DTE,market,50.0,12,15:00,1757,13.773,19.0,False
AMD,put,Fri-0DTE,market,50.0,13,15:30,424,8.019,19.5,False
AMD,put,Fri-0DTE,market,75.0,1,10:00,2966,30.175,46.0,False
AMD,put,Fri-0DTE,market,75.0,2,09:30,2781,25.926,46.0,False
AMD,put,Fri-0DTE,market,75.0,3,10:30,2680,23.843,55.0,False
AMD,put,Fri-0DTE,market,75.0,4,11:00,2437,22.733,79.0,False
AMD,put,Fri-0DTE,market,75.0,5,11:30,2190,21.142,75.0,False
AMD,put,Fri-0DTE,market,75.0,6,12:00,2003,19.471,67.0,False
AMD,put,Fri-0DTE,market,75.0,7,12:30,1941,18.444,54.0,False
AMD,put,Fri-0DTE,market,75.0,8,13:00,1791,15.075,72.0,False
AMD,put,Fri-0DTE,market,75.0,9,13:30,1714,14.936,67.0,False
AMD,put,Fri-0DTE,market,75.0,10,14:00,1708,12.998,51.5,False
AMD,put,Fri-0DTE,market,75.0,11,14:30,1622,10.296,40.0,False
AMD,put,Fri-0DTE,market,75.0,12,15:00,1757,10.245,24.5,False
AMD,put,Fri-0DTE,market,75.0,13,15:30,424,5.896,20.0,False
AMD,put,Fri-0DTE,market,100.0,1,10:00,2966,23.702,57.0,False
AMD,put,Fri-0DTE,market,100.0,2,09:30,2781,20.604,59.0,False
AMD,put,Fri-0DTE,market,100.0,3,10:30,2680,18.582,69.5,False
AMD,put,Fri-0DTE,market,100.0,4,11:00,2437,18.383,97.5,False
AMD,put,Fri-0DTE,market,100.0,5,11:30,2190,17.443,87.0,False
AMD,put,Fri-0DTE,market,100.0,6,12:00,2003,15.427,74.0,False
AMD,put,Fri-0DTE,market,100.0,7,12:30,1941,14.013,60.0,False
AMD,put,Fri-0DTE,market,100.0,8,13:30,1714,12.077,83.0,False
AMD,put,Fri-0DTE,market,100.0,9,13:00,1791,10.664,90.0,False
AMD,put,Fri-0DTE,market,100.0,10,14:00,1708,9.953,53.5,False
AMD,put,Fri-0DTE,market,100.0,11,14:30,1622,8.693,46.0,False
AMD,put,Fri-0DTE,market,100.0,12,15:00,1757,8.082,26.0,False
AMD,put,Fri-0DTE,market,100.0,13,15:30,424,3.774,20.5,False
