=== pip install ===

=== strategy stdout (exit 0) ===

══════════════════════════════════════════════════════════════════════════════════════
  TIME-FRAME BACKTEST  —  MAX EXPECTED PROFIT, target-spend sized (win_rate × avg_payoff)
  Lookback window: 150 calendar days
  Session window : 9:30 AM–4:00 PM ET (full regular session)
  Position sizing: contracts = ceil($1.00 / mean(entry_frame)), min 1. Frames are arbitrary [start, end] windows; price = mean of the 1-min closes inside the frame.
══════════════════════════════════════════════════════════════════════════════════════
  Data source: Alpaca Markets API
  Tickers: AAPL, MSFT, GOOGL, AMZN, NVDA, META, TSLA   Option types: CALL, PUT
  Searching arbitrary entry/exit frames (5 min → full day, coarse 5-min grid then 1-min refine).

  Backtesting AAPL...
  Backtesting MSFT...
  Backtesting GOOGL...
  Backtesting AMZN...
  Backtesting NVDA...
  Backtesting META...
  Backtesting TSLA...

██████████████████████████████████████████████████████████████████████████████████████
  AAPL CALLS
██████████████████████████████████████████████████████████████████████████████████████
======================================================================================
  AAPL CALLS
======================================================================================
  Optimal entry frame : 9:30–9:36 AM   (6 min)
  Optimal exit frame  : 2:20–2:29 PM   (9 min)
  Data source         : REAL prices

  Date           Strike  Src  Qty       Entry frame    Buy$        Exit frame   Sell$   P&L/sh      P&L $  Result
  ------------ -------- ---- ---- ----------------- ------- ----------------- ------- -------- ----------  ------
  2026-02-17      257.5 REAL    1      9:30–9:36 AM    2.98      2:20–2:29 PM    7.95   +4.967   $+496.67  WIN 
  2026-02-24      270.0 REAL    1      9:30–9:36 AM    2.91      2:20–2:29 PM    3.29   +0.373    $+37.33  WIN 
  2026-03-03      262.5 REAL    1      9:30–9:36 AM    2.60      2:20–2:29 PM    2.69   +0.089     $+8.94  WIN 
  2026-03-10      257.5 REAL    1      9:30–9:36 AM    3.08      2:20–2:29 PM    4.77   +1.689   $+168.92  WIN 
  2026-03-17      252.5 REAL    1      9:30–9:36 AM    2.14      2:20–2:29 PM    2.44   +0.297    $+29.67  WIN 
  2026-03-24      250.0 REAL    1      9:30–9:36 AM    2.55      2:20–2:29 PM    3.44   +0.892    $+89.17  WIN 
  2026-03-31      250.0 REAL    1      9:30–9:36 AM    1.29      2:20–2:29 PM    3.75   +2.458   $+245.83  WIN 
  2026-04-07      255.0 REAL    1      9:30–9:36 AM    1.48      2:20–2:29 PM    0.76   -0.728    $-72.78  LOSS
  2026-04-14      260.0 REAL    1      9:30–9:36 AM    1.71      2:20–2:29 PM    0.98   -0.728    $-72.83  LOSS
  2026-04-21      272.5 REAL    1      9:30–9:36 AM    1.40      2:20–2:29 PM    0.23   -1.173   $-117.26  LOSS
  2026-04-28      270.0 REAL    1      9:30–9:36 AM    2.15      2:20–2:29 PM    2.17   +0.016     $+1.61  WIN 
  2026-05-05      277.5 REAL    1      9:30–9:36 AM    2.37      2:20–2:29 PM    6.86   +4.493   $+449.33  WIN 
  2026-05-12      292.5 REAL    1      9:30–9:36 AM    2.45      2:20–2:29 PM    2.78   +0.329    $+32.88  WIN 
  2026-05-19      297.5 REAL    1      9:30–9:36 AM    3.04      2:20–2:29 PM    1.97   -1.076   $-107.60  LOSS
  2026-05-26      310.0 REAL    1      9:30–9:36 AM    2.30      2:20–2:29 PM    1.36   -0.946    $-94.61  LOSS
  2026-06-02      307.5 REAL    1      9:30–9:36 AM    3.22      2:20–2:29 PM    6.68   +3.462   $+346.20  WIN 
  2026-06-09      300.0 REAL    1      9:30–9:36 AM    2.18      2:20–2:29 PM    0.12   -2.061   $-206.11  LOSS
  2026-06-16      295.0 REAL    1      9:30–9:36 AM    2.48      2:20–2:29 PM    4.25   +1.774   $+177.42  WIN 
  2026-06-23      297.5 REAL    1      9:30–9:36 AM    2.27      2:20–2:29 PM    2.38   +0.116    $+11.58  WIN 
  2026-06-30      282.5 REAL    1      9:30–9:36 AM    2.80      2:20–2:29 PM    6.55   +3.747   $+374.67  WIN 
  2026-07-07      315.0 REAL    1      9:30–9:36 AM    1.99      2:20–2:29 PM    0.69   -1.302   $-130.22  LOSS

  SUMMARY (optimal frames)  trades: 21   wins: 14/21   win rate: 66.7%   total P&L: $+1,668.81   avg/trade: $+79.47
           best day: $+496.67   worst day: $-206.11   skipped (no data): 0
           premium spent: $4,939.82   return on spend: +33.8%

  AAPL CALLS — HEATMAPS   (entry-frame start ↓  exit-frame start →   cyan = chosen optimal)

  Each cell = best frame pair starting in that 30-min bucket (best over all durations).

  1) WIN RATE %  (wins ÷ trades)
    Entry |   9:30  10:00  10:30  11:00  11:30  12:00  12:30   1:00   1:30   2:00   2:30   3:00   3:30
  --------+-------------------------------------------------------------------------------------------
     9:30 |    62%    62%    62%    57%    57%    57%    57%    57%    62%    67%    57%    52%    52%
    10:00 |      ·    57%    52%    52%    52%    52%    52%    52%    48%    52%    57%    48%    48%
    10:30 |      ·      ·    55%    55%    55%    55%    60%    55%    55%    55%    55%    55%    45%
    11:00 |      ·      ·      ·    52%    52%    52%    52%    52%    52%    52%    50%    43%    48%
    11:30 |      ·      ·      ·      ·    57%    57%    57%    57%    58%    60%    55%    50%    52%
    12:00 |      ·      ·      ·      ·      ·    60%    79%    68%    68%    70%    67%    58%    60%
    12:30 |      ·      ·      ·      ·      ·      ·    76%    75%    84%    71%    63%    65%    62%
     1:00 |      ·      ·      ·      ·      ·      ·      ·    50%    53%    62%    45%    42%    55%
     1:30 |      ·      ·      ·      ·      ·      ·      ·      ·    65%    65%    55%    55%    62%
     2:00 |      ·      ·      ·      ·      ·      ·      ·      ·      ·    60%    52%    58%    57%
     2:30 |      ·      ·      ·      ·      ·      ·      ·      ·      ·      ·    45%    45%    57%
     3:00 |      ·      ·      ·      ·      ·      ·      ·      ·      ·      ·      ·    56%    62%
     3:30 |      ·      ·      ·      ·      ·      ·      ·      ·      ·      ·      ·      ·    68%

  2) WIN COUNT  (number of winning trades)
    Entry |   9:30  10:00  10:30  11:00  11:30  12:00  12:30   1:00   1:30   2:00   2:30   3:00   3:30
  --------+-------------------------------------------------------------------------------------------
     9:30 |     13     13     13     12     12     12     12     12     13     14     12     11     11
    10:00 |      ·     12     11     11     11     11     11     11     10     11     12     10     10
    10:30 |      ·      ·     11     11     11     11     12     11     11     11     11     11      9
    11:00 |      ·      ·      ·     11     11     11     11     11     11     11     10      9     10
    11:30 |      ·      ·      ·      ·     12     12     12     12     11     12     11     10     11
    12:00 |      ·      ·      ·      ·      ·     12     15     13     13     14     14     11     12
    12:30 |      ·      ·      ·      ·      ·      ·     16     15     16     15     12     13     13
     1:00 |      ·      ·      ·      ·      ·      ·      ·     10     10     13      9      8     11
     1:30 |      ·      ·      ·      ·      ·      ·      ·      ·     13     13     11     11     13
     2:00 |      ·      ·      ·      ·      ·      ·      ·      ·      ·     12     11     11     12
     2:30 |      ·      ·      ·      ·      ·      ·      ·      ·      ·      ·      9      9     12
     3:00 |      ·      ·      ·      ·      ·      ·      ·      ·      ·      ·      ·     10     13
     3:30 |      ·      ·      ·      ·      ·      ·      ·      ·      ·      ·      ·      ·     13

  3a) AVG P&L PER TRADE  ($ per contract)
    Entry |   9:30  10:00  10:30  11:00  11:30  12:00  12:30   1:00   1:30   2:00   2:30   3:00   3:30
  --------+-------------------------------------------------------------------------------------------
     9:30 |    +42    +48    +51    +58    +62    +70    +77    +81    +81    +77    +78    +67    +67
    10:00 |      ·    +29    +36    +42    +46    +57    +68    +75    +74    +75    +60    +57    +66
    10:30 |      ·      ·    +44    +49    +57    +65    +71    +86    +83    +85    +75    +74    +84
    11:00 |      ·      ·      ·    +39    +51    +62    +73    +76    +79    +80    +70    +62    +73
    11:30 |      ·      ·      ·      ·    +41    +51    +59    +68    +77    +69    +64    +61    +58
    12:00 |      ·      ·      ·      ·      ·    +38    +46    +55    +60    +51    +42    +43    +43
    12:30 |      ·      ·      ·      ·      ·      ·    +36    +40    +52    +44    +48    +33    +29
     1:00 |      ·      ·      ·      ·      ·      ·      ·    +13    +16    +11    +15     +7     +0
     1:30 |      ·      ·      ·      ·      ·      ·      ·      ·    +10    +11     +5     -8    -10
     2:00 |      ·      ·      ·      ·      ·      ·      ·      ·      ·     +6     +4     +0     +1
     2:30 |      ·      ·      ·      ·      ·      ·      ·      ·      ·      ·     +5     +2     +5
     3:00 |      ·      ·      ·      ·      ·      ·      ·      ·      ·      ·      ·     +2    +13
     3:30 |      ·      ·      ·      ·      ·      ·      ·      ·      ·      ·      ·      ·    +19

  3b) TOTAL P&L  ($ per contract, summed over all Tuesdays)
    Entry |    9:30   10:00   10:30   11:00   11:30   12:00   12:30    1:00    1:30    2:00    2:30    3:00    3:30
  --------+--------------------------------------------------------------------------------------------------------
     9:30 |    +875   +1005   +1062   +1224   +1307   +1471   +1620   +1700   +1706   +1609   +1630   +1406   +1414
    10:00 |       ·    +618    +764    +876    +964   +1202   +1419   +1578   +1548   +1572   +1267   +1202   +1387
    10:30 |       ·       ·    +879    +989   +1140   +1309   +1417   +1719   +1663   +1707   +1499   +1486   +1679
    11:00 |       ·       ·       ·    +828   +1066   +1305   +1530   +1595   +1658   +1685   +1401   +1306   +1543
    11:30 |       ·       ·       ·       ·    +857   +1080   +1237   +1436   +1465   +1372   +1288   +1225   +1209
    12:00 |       ·       ·       ·       ·       ·    +763    +881   +1043   +1141   +1029    +885    +809    +857
    12:30 |       ·       ·       ·       ·       ·       ·    +758    +805    +981    +914    +912    +654    +604
     1:00 |       ·       ·       ·       ·       ·       ·       ·    +260    +302    +231    +298    +127      +8
     1:30 |       ·       ·       ·       ·       ·       ·       ·       ·    +199    +225    +102    -152    -215
     2:00 |       ·       ·       ·       ·       ·       ·       ·       ·       ·    +125     +91      +8     +17
     2:30 |       ·       ·       ·       ·       ·       ·       ·       ·       ·       ·     +96     +36    +103
     3:00 |       ·       ·       ·       ·       ·       ·       ·       ·       ·       ·       ·     +31    +267
     3:30 |       ·       ·       ·       ·       ·       ·       ·       ·       ·       ·       ·       ·    +362

──────────────────────────────────────────────────────────────────────────────────────
  AAPL CALLS — TOP 15 FRAME PAIRS (by win_rate × avg payoff)
──────────────────────────────────────────────────────────────────────────────────────
   #        Entry frame         Exit frame  Trades   Wins    Win%    Avg P&L     Total P&L
  --  -----------------  -----------------  ------  -----  ------  ---------  ------------
   1       9:30–9:35 AM       2:15–2:30 PM      21     14  66.7%    $+76.63    $+1,609.30
   2       9:30–9:40 AM       2:05–2:15 PM      21     13  61.9%    $+81.53    $+1,712.13
   3       9:30–9:35 AM       2:15–2:25 PM      21     14  66.7%    $+75.47    $+1,584.94
   4       9:30–9:40 AM       1:50–2:05 PM      21     13  61.9%    $+81.25    $+1,706.30
   5       9:30–9:40 AM       2:00–2:05 PM      21     13  61.9%    $+81.15    $+1,704.12
   6       9:30–9:40 AM       1:50–2:10 PM      21     13  61.9%    $+81.09    $+1,702.86
   7       9:30–9:40 AM       1:55–2:05 PM      21     13  61.9%    $+81.00    $+1,700.91
   8       9:30–9:40 AM       1:45–2:15 PM      21     13  61.9%    $+80.97    $+1,700.40
   9       9:30–9:40 AM       1:45–2:05 PM      21     13  61.9%    $+80.93    $+1,699.44
  10       9:30–9:40 AM       2:00–2:15 PM      21     13  61.9%    $+80.86    $+1,698.06
  11       9:30–9:35 AM       2:10–2:20 PM      21     13  61.9%    $+80.79    $+1,696.66
  12       9:30–9:40 AM       1:55–2:15 PM      21     13  61.9%    $+80.77    $+1,696.11
  13       9:30–9:40 AM       1:55–2:10 PM      21     13  61.9%    $+80.62    $+1,693.07
  14       9:30–9:40 AM       1:40–2:10 PM      21     13  61.9%    $+79.57    $+1,671.06
  15       9:30–9:35 AM       2:20–2:30 PM      21     13  61.9%    $+79.43    $+1,668.06


██████████████████████████████████████████████████████████████████████████████████████
  OUTLIERS REMOVED (winning trades > $2,000)  —  AAPL CALLS re-optimized
██████████████████████████████████████████████████████████████████████████████████████
  (chosen frames had no winning outliers)
======================================================================================
  AAPL CALLS
======================================================================================
  Optimal entry frame : 9:30–9:36 AM   (6 min)
  Optimal exit frame  : 2:20–2:29 PM   (9 min)
  Data source         : REAL prices

  Date           Strike  Src  Qty       Entry frame    Buy$        Exit frame   Sell$   P&L/sh      P&L $  Result
  ------------ -------- ---- ---- ----------------- ------- ----------------- ------- -------- ----------  ------
  2026-02-17      257.5 REAL    1      9:30–9:36 AM    2.98      2:20–2:29 PM    7.95   +4.967   $+496.67  WIN 
  2026-02-24      270.0 REAL    1      9:30–9:36 AM    2.91      2:20–2:29 PM    3.29   +0.373    $+37.33  WIN 
  2026-03-03      262.5 REAL    1      9:30–9:36 AM    2.60      2:20–2:29 PM    2.69   +0.089     $+8.94  WIN 
  2026-03-10      257.5 REAL    1      9:30–9:36 AM    3.08      2:20–2:29 PM    4.77   +1.689   $+168.92  WIN 
  2026-03-17      252.5 REAL    1      9:30–9:36 AM    2.14      2:20–2:29 PM    2.44   +0.297    $+29.67  WIN 
  2026-03-24      250.0 REAL    1      9:30–9:36 AM    2.55      2:20–2:29 PM    3.44   +0.892    $+89.17  WIN 
  2026-03-31      250.0 REAL    1      9:30–9:36 AM    1.29      2:20–2:29 PM    3.75   +2.458   $+245.83  WIN 
  2026-04-07      255.0 REAL    1      9:30–9:36 AM    1.48      2:20–2:29 PM    0.76   -0.728    $-72.78  LOSS
  2026-04-14      260.0 REAL    1      9:30–9:36 AM    1.71      2:20–2:29 PM    0.98   -0.728    $-72.83  LOSS
  2026-04-21      272.5 REAL    1      9:30–9:36 AM    1.40      2:20–2:29 PM    0.23   -1.173   $-117.26  LOSS
  2026-04-28      270.0 REAL    1      9:30–9:36 AM    2.15      2:20–2:29 PM    2.17   +0.016     $+1.61  WIN 
  2026-05-05      277.5 REAL    1      9:30–9:36 AM    2.37      2:20–2:29 PM    6.86   +4.493   $+449.33  WIN 
  2026-05-12      292.5 REAL    1      9:30–9:36 AM    2.45      2:20–2:29 PM    2.78   +0.329    $+32.88  WIN 
  2026-05-19      297.5 REAL    1      9:30–9:36 AM    3.04      2:20–2:29 PM    1.97   -1.076   $-107.60  LOSS
  2026-05-26      310.0 REAL    1      9:30–9:36 AM    2.30      2:20–2:29 PM    1.36   -0.946    $-94.61  LOSS
  2026-06-02      307.5 REAL    1      9:30–9:36 AM    3.22      2:20–2:29 PM    6.68   +3.462   $+346.20  WIN 
  2026-06-09      300.0 REAL    1      9:30–9:36 AM    2.18      2:20–2:29 PM    0.12   -2.061   $-206.11  LOSS
  2026-06-16      295.0 REAL    1      9:30–9:36 AM    2.48      2:20–2:29 PM    4.25   +1.774   $+177.42  WIN 
  2026-06-23      297.5 REAL    1      9:30–9:36 AM    2.27      2:20–2:29 PM    2.38   +0.116    $+11.58  WIN 
  2026-06-30      282.5 REAL    1      9:30–9:36 AM    2.80      2:20–2:29 PM    6.55   +3.747   $+374.67  WIN 
  2026-07-07      315.0 REAL    1      9:30–9:36 AM    1.99      2:20–2:29 PM    0.69   -1.302   $-130.22  LOSS

  SUMMARY (optimal frames)  trades: 21   wins: 14/21   win rate: 66.7%   total P&L: $+1,668.81   avg/trade: $+79.47
           best day: $+496.67   worst day: $-206.11   skipped (no data): 0
           premium spent: $4,939.82   return on spend: +33.8%

  AAPL CALLS — HEATMAPS   (entry-frame start ↓  exit-frame start →   cyan = chosen optimal)

  Each cell = best frame pair starting in that 30-min bucket (best over all durations).

  1) WIN RATE %  (wins ÷ trades)
    Entry |   9:30  10:00  10:30  11:00  11:30  12:00  12:30   1:00   1:30   2:00   2:30   3:00   3:30
  --------+-------------------------------------------------------------------------------------------
     9:30 |    62%    62%    62%    57%    57%    57%    57%    57%    62%    67%    57%    52%    52%
    10:00 |      ·    57%    52%    52%    52%    52%    52%    52%    48%    52%    57%    48%    48%
    10:30 |      ·      ·    55%    55%    55%    55%    60%    55%    55%    55%    55%    55%    45%
    11:00 |      ·      ·      ·    52%    52%    52%    52%    52%    52%    52%    50%    43%    48%
    11:30 |      ·      ·      ·      ·    57%    57%    57%    57%    58%    60%    55%    50%    52%
    12:00 |      ·      ·      ·      ·      ·    60%    79%    68%    68%    70%    67%    58%    60%
    12:30 |      ·      ·      ·      ·      ·      ·    76%    75%    84%    71%    63%    65%    62%
     1:00 |      ·      ·      ·      ·      ·      ·      ·    50%    53%    62%    45%    42%    55%
     1:30 |      ·      ·      ·      ·      ·      ·      ·      ·    65%    65%    55%    55%    62%
     2:00 |      ·      ·      ·      ·      ·      ·      ·      ·      ·    60%    52%    58%    57%
     2:30 |      ·      ·      ·      ·      ·      ·      ·      ·      ·      ·    45%    45%    57%
     3:00 |      ·      ·      ·      ·      ·      ·      ·      ·      ·      ·      ·    56%    62%
     3:30 |      ·      ·      ·      ·      ·      ·      ·      ·      ·      ·      ·      ·    68%

  2) WIN COUNT  (number of winning trades)
    Entry |   9:30  10:00  10:30  11:00  11:30  12:00  12:30   1:00   1:30   2:00   2:30   3:00   3:30
  --------+-------------------------------------------------------------------------------------------
     9:30 |     13     13     13     12     12     12     12     12     13     14     12     11     11
    10:00 |      ·     12     11     11     11     11     11     11     10     11     12     10     10
    10:30 |      ·      ·     11     11     11     11     12     11     11     11     11     11      9
    11:00 |      ·      ·      ·     11     11     11     11     11     11     11     10      9     10
    11:30 |      ·      ·      ·      ·     12     12     12     12     11     12     11     10     11
    12:00 |      ·      ·      ·      ·      ·     12     15     13     13     14     14     11     12
    12:30 |      ·      ·      ·      ·      ·      ·     16     15     16     15     12     13     13
     1:00 |      ·      ·      ·      ·      ·      ·      ·     10     10     13      9      8     11
     1:30 |      ·      ·      ·      ·      ·      ·      ·      ·     13     13     11     11     13
     2:00 |      ·      ·      ·      ·      ·      ·      ·      ·      ·     12     11     11     12
     2:30 |      ·      ·      ·      ·      ·      ·      ·      ·      ·      ·      9      9     12
     3:00 |      ·      ·      ·      ·      ·      ·      ·      ·      ·      ·      ·     10     13
     3:30 |      ·      ·      ·      ·      ·      ·      ·      ·      ·      ·      ·      ·     13

  3a) AVG P&L PER TRADE  ($ per contract)
    Entry |   9:30  10:00  10:30  11:00  11:30  12:00  12:30   1:00   1:30   2:00   2:30   3:00   3:30
  --------+-------------------------------------------------------------------------------------------
     9:30 |    +42    +48    +51    +58    +62    +70    +77    +81    +81    +77    +78    +67    +67
    10:00 |      ·    +29    +36    +42    +46    +57    +68    +75    +74    +75    +60    +57    +66
    10:30 |      ·      ·    +44    +49    +57    +65    +71    +86    +83    +85    +75    +74    +84
    11:00 |      ·      ·      ·    +39    +51    +62    +73    +76    +79    +80    +70    +62    +73
    11:30 |      ·      ·      ·      ·    +41    +51    +59    +68    +77    +69    +64    +61    +58
    12:00 |      ·      ·      ·      ·      ·    +38    +46    +55    +60    +51    +42    +43    +43
    12:30 |      ·      ·      ·      ·      ·      ·    +36    +40    +52    +44    +48    +33    +29
     1:00 |      ·      ·      ·      ·      ·      ·      ·    +13    +16    +11    +15     +7     +0
     1:30 |      ·      ·      ·      ·      ·      ·      ·      ·    +10    +11     +5     -8    -10
     2:00 |      ·      ·      ·      ·      ·      ·      ·      ·      ·     +6     +4     +0     +1
     2:30 |      ·      ·      ·      ·      ·      ·      ·      ·      ·      ·     +5     +2     +5
     3:00 |      ·      ·      ·      ·      ·      ·      ·      ·      ·      ·      ·     +2    +13
     3:30 |      ·      ·      ·      ·      ·      ·      ·      ·      ·      ·      ·      ·    +19

  3b) TOTAL P&L  ($ per contract, summed over all Tuesdays)
    Entry |    9:30   10:00   10:30   11:00   11:30   12:00   12:30    1:00    1:30    2:00    2:30    3:00    3:30
  --------+--------------------------------------------------------------------------------------------------------
     9:30 |    +875   +1005   +1062   +1224   +1307   +1471   +1620   +1700   +1706   +1609   +1630   +1406   +1414
    10:00 |       ·    +618    +764    +876    +964   +1202   +1419   +1578   +1548   +1572   +1267   +1202   +1387
    10:30 |       ·       ·    +879    +989   +1140   +1309   +1417   +1719   +1663   +1707   +1499   +1486   +1679
    11:00 |       ·       ·       ·    +828   +1066   +1305   +1530   +1595   +1658   +1685   +1401   +1306   +1543
    11:30 |       ·       ·       ·       ·    +857   +1080   +1237   +1436   +1465   +1372   +1288   +1225   +1209
    12:00 |       ·       ·       ·       ·       ·    +763    +881   +1043   +1141   +1029    +885    +809    +857
    12:30 |       ·       ·       ·       ·       ·       ·    +758    +805    +981    +914    +912    +654    +604
     1:00 |       ·       ·       ·       ·       ·       ·       ·    +260    +302    +231    +298    +127      +8
     1:30 |       ·       ·       ·       ·       ·       ·       ·       ·    +199    +225    +102    -152    -215
     2:00 |       ·       ·       ·       ·       ·       ·       ·       ·       ·    +125     +91      +8     +17
     2:30 |       ·       ·       ·       ·       ·       ·       ·       ·       ·       ·     +96     +36    +103
     3:00 |       ·       ·       ·       ·       ·       ·       ·       ·       ·       ·       ·     +31    +267
     3:30 |       ·       ·       ·       ·       ·       ·       ·       ·       ·       ·       ·       ·    +362

──────────────────────────────────────────────────────────────────────────────────────
  AAPL CALLS — TOP 15 FRAME PAIRS (by win_rate × avg payoff)
──────────────────────────────────────────────────────────────────────────────────────
   #        Entry frame         Exit frame  Trades   Wins    Win%    Avg P&L     Total P&L
  --  -----------------  -----------------  ------  -----  ------  ---------  ------------
   1       9:30–9:35 AM       2:15–2:30 PM      21     14  66.7%    $+76.63    $+1,609.30
   2       9:30–9:40 AM       2:05–2:15 PM      21     13  61.9%    $+81.53    $+1,712.13
   3       9:30–9:35 AM       2:15–2:25 PM      21     14  66.7%    $+75.47    $+1,584.94
   4       9:30–9:40 AM       1:50–2:05 PM      21     13  61.9%    $+81.25    $+1,706.30
   5       9:30–9:40 AM       2:00–2:05 PM      21     13  61.9%    $+81.15    $+1,704.12
   6       9:30–9:40 AM       1:50–2:10 PM      21     13  61.9%    $+81.09    $+1,702.86
   7       9:30–9:40 AM       1:55–2:05 PM      21     13  61.9%    $+81.00    $+1,700.91
   8       9:30–9:40 AM       1:45–2:15 PM      21     13  61.9%    $+80.97    $+1,700.40
   9       9:30–9:40 AM       1:45–2:05 PM      21     13  61.9%    $+80.93    $+1,699.44
  10       9:30–9:40 AM       2:00–2:15 PM      21     13  61.9%    $+80.86    $+1,698.06
  11       9:30–9:35 AM       2:10–2:20 PM      21     13  61.9%    $+80.79    $+1,696.66
  12       9:30–9:40 AM       1:55–2:15 PM      21     13  61.9%    $+80.77    $+1,696.11
  13       9:30–9:40 AM       1:55–2:10 PM      21     13  61.9%    $+80.62    $+1,693.07
  14       9:30–9:40 AM       1:40–2:10 PM      21     13  61.9%    $+79.57    $+1,671.06
  15       9:30–9:35 AM       2:20–2:30 PM      21     13  61.9%    $+79.43    $+1,668.06

──────────────────────────────────────────────────────────────────────────────────────
  Saved CSV: C:\actions-runner\_work\EoD_OptionTrading\EoD_OptionTrading\results\tuesday_intraday\backtest_tuesday_intraday_timeframe_aapl_calls_150days_2026-07-14_1145.csv
  Saved TXT: C:\actions-runner\_work\EoD_OptionTrading\EoD_OptionTrading\results\tuesday_intraday\backtest_tuesday_intraday_timeframe_aapl_calls_150days_2026-07-14_1145.txt
  Saved TXT (outliers removed): C:\actions-runner\_work\EoD_OptionTrading\EoD_OptionTrading\results\tuesday_intraday\backtest_tuesday_intraday_timeframe_aapl_calls_150days_2026-07-14_1145_outliers_removed.txt
──────────────────────────────────────────────────────────────────────────────────────


██████████████████████████████████████████████████████████████████████████████████████
  AAPL PUTS
██████████████████████████████████████████████████████████████████████████████████████
======================================================================================
  AAPL PUTS
======================================================================================
  Optimal entry frame : 2:40–2:45 PM   (5 min)
  Optimal exit frame  : 3:41–3:46 PM   (5 min)
  Data source         : REAL prices

  Date           Strike  Src  Qty       Entry frame    Buy$        Exit frame   Sell$   P&L/sh      P&L $  Result
  ------------ -------- ---- ---- ----------------- ------- ----------------- ------- -------- ----------  ------
  2026-02-17      257.5 REAL    6      2:40–2:45 PM    0.18      3:41–3:46 PM    0.28   +0.091    $+54.60  WIN 
  2026-02-24      270.0 REAL    2      2:40–2:45 PM    0.95      3:41–3:46 PM    1.05   +0.094    $+18.80  WIN 
  2026-03-03      262.5 REAL    1      2:40–2:45 PM    1.22      3:41–3:46 PM    1.54   +0.318    $+31.80  WIN 
  2026-03-10      257.5 REAL    2      2:40–2:45 PM    0.64      3:41–3:46 PM    0.73   +0.093    $+18.67  WIN 
  2026-03-17      252.5 REAL    2      2:40–2:45 PM    0.82      3:41–3:46 PM    0.82   +0.002     $+0.40  WIN 
  2026-03-24      250.0 REAL    2      2:40–2:45 PM    0.77      3:41–3:46 PM    1.04   +0.272    $+54.40  WIN 
  2026-03-31      250.0 REAL    2      2:40–2:45 PM    0.58      3:41–3:46 PM    0.41   -0.168    $-33.60  LOSS
  2026-04-07      255.0 REAL    —      2:40–2:45 PM       —      3:41–3:46 PM       —        —          —  skip
  2026-04-14      260.0 REAL    1      2:40–2:45 PM    2.47      3:41–3:46 PM    2.35   -0.129    $-12.90  LOSS
  2026-04-21      272.5 REAL    1      2:40–2:45 PM    5.52      3:41–3:46 PM    6.24   +0.715    $+71.50  WIN 
  2026-04-28      270.0 REAL    1      2:40–2:45 PM    1.70      3:41–3:46 PM    1.48   -0.225    $-22.45  LOSS
  2026-05-05      277.5 REAL    5      2:40–2:45 PM    0.23      3:41–3:46 PM    0.16   -0.076    $-38.25  LOSS
  2026-05-12      292.5 REAL    2      2:40–2:45 PM    1.00      3:41–3:46 PM    0.87   -0.126    $-25.20  LOSS
  2026-05-19      297.5 REAL    1      2:40–2:45 PM    1.38      3:41–3:46 PM    1.28   -0.098     $-9.80  LOSS
  2026-05-26      310.0 REAL    1      2:40–2:45 PM    1.60      3:41–3:46 PM    2.14   +0.543    $+54.33  WIN 
  2026-06-02      307.5 REAL    7      2:40–2:45 PM    0.16      3:41–3:46 PM    0.11   -0.044    $-30.80  LOSS
  2026-06-09      300.0 REAL    1      2:40–2:45 PM    8.94      3:41–3:46 PM   10.71   +1.763   $+176.30  WIN 
  2026-06-16      295.0 REAL    4      2:40–2:45 PM    0.31      3:41–3:46 PM    0.43   +0.114    $+45.60  WIN 
  2026-06-23      297.5 REAL    1      2:40–2:45 PM    1.58      3:41–3:46 PM    2.77   +1.188   $+118.80  WIN 
  2026-06-30      282.5 REAL    3      2:40–2:45 PM    0.38      3:41–3:46 PM    0.30   -0.082    $-24.60  LOSS
  2026-07-07      315.0 REAL    1      2:40–2:45 PM    2.79      3:41–3:46 PM    3.76   +0.970    $+97.00  WIN 

  SUMMARY (optimal frames)  trades: 20   wins: 12/20   win rate: 60.0%   total P&L: $+544.60   avg/trade: $+27.23
           best day: $+176.30   worst day: $-38.25   skipped (no data): 1
           premium spent: $4,248.05   return on spend: +12.8%

  AAPL PUTS — HEATMAPS   (entry-frame start ↓  exit-frame start →   cyan = chosen optimal)

  Each cell = best frame pair starting in that 30-min bucket (best over all durations).

  1) WIN RATE %  (wins ÷ trades)
    Entry |   9:30  10:00  10:30  11:00  11:30  12:00  12:30   1:00   1:30   2:00   2:30   3:00   3:30
  --------+-------------------------------------------------------------------------------------------
     9:30 |    43%    43%    43%    43%    43%    38%    33%    48%    38%    43%    48%    48%    48%
    10:00 |      ·    48%    48%    33%    43%    38%    33%    48%    43%    48%    48%    48%    48%
    10:30 |      ·      ·    57%    48%    55%    43%    33%    48%    43%    43%    48%    48%    48%
    11:00 |      ·      ·      ·    62%    65%    50%    35%    50%    45%    45%    50%    50%    40%
    11:30 |      ·      ·      ·      ·    45%    55%    35%    50%    43%    43%    52%    53%    40%
    12:00 |      ·      ·      ·      ·      ·    57%    48%    48%    43%    52%    53%    53%    48%
    12:30 |      ·      ·      ·      ·      ·      ·    52%    52%    52%    57%    47%    50%    52%
     1:00 |      ·      ·      ·      ·      ·      ·      ·    71%    50%    43%    48%    45%    48%
     1:30 |      ·      ·      ·      ·      ·      ·      ·      ·    55%    55%    55%    58%    55%
     2:00 |      ·      ·      ·      ·      ·      ·      ·      ·      ·    58%    63%    58%    62%
     2:30 |      ·      ·      ·      ·      ·      ·      ·      ·      ·      ·    60%    55%    60%
     3:00 |      ·      ·      ·      ·      ·      ·      ·      ·      ·      ·      ·    53%    47%
     3:30 |      ·      ·      ·      ·      ·      ·      ·      ·      ·      ·      ·      ·    57%

  2) WIN COUNT  (number of winning trades)
    Entry |   9:30  10:00  10:30  11:00  11:30  12:00  12:30   1:00   1:30   2:00   2:30   3:00   3:30
  --------+-------------------------------------------------------------------------------------------
     9:30 |      9      9      9      9      9      8      7     10      8      9     10     10     10
    10:00 |      ·     10     10      7      9      8      7     10      9     10     10     10     10
    10:30 |      ·      ·     12     10     11      9      7     10      9      9     10     10     10
    11:00 |      ·      ·      ·     13     13     10      7     10      9      9     10     10      8
    11:30 |      ·      ·      ·      ·      9     11      7     10      9      9     11     10      8
    12:00 |      ·      ·      ·      ·      ·     12     10     10      9     11     10     10     10
    12:30 |      ·      ·      ·      ·      ·      ·     11     11     11     12      9     10     11
     1:00 |      ·      ·      ·      ·      ·      ·      ·     15     10      9     10      9     10
     1:30 |      ·      ·      ·      ·      ·      ·      ·      ·     11     11     11     11     11
     2:00 |      ·      ·      ·      ·      ·      ·      ·      ·      ·     11     12     11     13
     2:30 |      ·      ·      ·      ·      ·      ·      ·      ·      ·      ·     12     11     12
     3:00 |      ·      ·      ·      ·      ·      ·      ·      ·      ·      ·      ·     10      9
     3:30 |      ·      ·      ·      ·      ·      ·      ·      ·      ·      ·      ·      ·     12

  3a) AVG P&L PER TRADE  ($ per contract)
    Entry |   9:30  10:00  10:30  11:00  11:30  12:00  12:30   1:00   1:30   2:00   2:30   3:00   3:30
  --------+-------------------------------------------------------------------------------------------
     9:30 |    +12    +18    +23    +17    +19    +17    +23    -23    -28    -27    -19    -21    -19
    10:00 |      ·     +8    +12    +11     +6     +4     +6    -26    -32    -26    -26    -26    -18
    10:30 |      ·      ·    +14     +9     +7     +2     +3    -29    -37    -38    -35    -33    -30
    11:00 |      ·      ·      ·    +11    +15    +14    +19     -4    -12    -17    -17    -18     +6
    11:30 |      ·      ·      ·      ·     +5     +6    +10    -11    -40    -37    -13    -13     +1
    12:00 |      ·      ·      ·      ·      ·     +7     +7    -22    -38    -21     -8    -14     +3
    12:30 |      ·      ·      ·      ·      ·      ·     +3     +1    -23    -15     +1     +3    +10
     1:00 |      ·      ·      ·      ·      ·      ·      ·     +7     +3     +1     +5    +13    +17
     1:30 |      ·      ·      ·      ·      ·      ·      ·      ·     +8    +10    +14    +22    +22
     2:00 |      ·      ·      ·      ·      ·      ·      ·      ·      ·    +11    +16    +18    +19
     2:30 |      ·      ·      ·      ·      ·      ·      ·      ·      ·      ·    +15    +19    +26
     3:00 |      ·      ·      ·      ·      ·      ·      ·      ·      ·      ·      ·    +14    +18
     3:30 |      ·      ·      ·      ·      ·      ·      ·      ·      ·      ·      ·      ·    +10

  3b) TOTAL P&L  ($ per contract, summed over all Tuesdays)
    Entry |    9:30   10:00   10:30   11:00   11:30   12:00   12:30    1:00    1:30    2:00    2:30    3:00    3:30
  --------+--------------------------------------------------------------------------------------------------------
     9:30 |    +256    +386    +480    +355    +395    +349    +474    -490    -583    -566    -394    -443    -402
    10:00 |       ·    +166    +262    +227    +123     +87    +135    -539    -663    -548    -553    -549    -369
    10:30 |       ·       ·    +291    +182    +143     +48     +63    -616    -780    -790    -731    -691    -638
    11:00 |       ·       ·       ·    +222    +293    +286    +380     -81    -239    -330    -340    -358    +114
    11:30 |       ·       ·       ·       ·    +100    +129    +200    -217    -830    -782    -280    -254     +24
    12:00 |       ·       ·       ·       ·       ·    +143    +146    -459    -794    -436    -147    -267     +53
    12:30 |       ·       ·       ·       ·       ·       ·     +67     +12    -483    -312     +15     +60    +205
     1:00 |       ·       ·       ·       ·       ·       ·       ·    +156     +55     +28    +103    +256    +363
     1:30 |       ·       ·       ·       ·       ·       ·       ·       ·    +151    +202    +286    +419    +441
     2:00 |       ·       ·       ·       ·       ·       ·       ·       ·       ·    +209    +297    +337    +402
     2:30 |       ·       ·       ·       ·       ·       ·       ·       ·       ·       ·    +296    +389    +517
     3:00 |       ·       ·       ·       ·       ·       ·       ·       ·       ·       ·       ·    +258    +341
     3:30 |       ·       ·       ·       ·       ·       ·       ·       ·       ·       ·       ·       ·    +209

──────────────────────────────────────────────────────────────────────────────────────
  AAPL PUTS — TOP 15 FRAME PAIRS (by win_rate × avg payoff)
──────────────────────────────────────────────────────────────────────────────────────
   #        Entry frame         Exit frame  Trades   Wins    Win%    Avg P&L     Total P&L
  --  -----------------  -----------------  ------  -----  ------  ---------  ------------
   1       2:40–2:45 PM       3:40–3:45 PM      20     12  60.0%    $+25.85      $+516.95
   2       2:40–2:45 PM       3:45–3:50 PM      20     11  55.0%    $+26.53      $+530.65
   3       2:40–2:45 PM       3:40–3:50 PM      20     11  55.0%    $+25.99      $+519.83
   4       2:40–2:45 PM       3:35–3:45 PM      20     12  60.0%    $+22.38      $+447.54
   5       2:40–2:45 PM       3:35–3:50 PM      20     11  55.0%    $+23.75      $+475.04
   6       2:40–2:45 PM       3:30–3:50 PM      20     12  60.0%    $+21.49      $+429.81
   7       1:50–1:55 PM       3:20–3:25 PM      19     11  57.9%    $+22.06      $+419.05
   8       2:40–2:45 PM       3:40–3:55 PM      20     11  55.0%    $+23.07      $+461.39
   9       2:40–2:45 PM       3:40–4:00 PM      20     11  55.0%    $+23.06      $+461.16
  10       2:35–2:45 PM       3:40–3:45 PM      21     12  57.1%    $+21.54      $+452.44
  11       2:40–2:45 PM       3:45–4:00 PM      20     11  55.0%    $+22.33      $+446.64
  12       2:40–2:45 PM       3:35–3:55 PM      20     11  55.0%    $+22.21      $+444.13
  13       1:50–1:55 PM       3:40–3:45 PM      20     11  55.0%    $+22.05      $+441.00
  14       2:40–2:45 PM       3:45–3:55 PM      20     11  55.0%    $+21.87      $+437.34
  15       2:40–2:45 PM       3:30–3:45 PM      20     12  60.0%    $+19.89      $+397.87


██████████████████████████████████████████████████████████████████████████████████████
  OUTLIERS REMOVED (winning trades > $2,000)  —  AAPL PUTS re-optimized
██████████████████████████████████████████████████████████████████████████████████████
  (chosen frames had no winning outliers)
======================================================================================
  AAPL PUTS
======================================================================================
  Optimal entry frame : 2:40–2:45 PM   (5 min)
  Optimal exit frame  : 3:41–3:46 PM   (5 min)
  Data source         : REAL prices

  Date           Strike  Src  Qty       Entry frame    Buy$        Exit frame   Sell$   P&L/sh      P&L $  Result
  ------------ -------- ---- ---- ----------------- ------- ----------------- ------- -------- ----------  ------
  2026-02-17      257.5 REAL    6      2:40–2:45 PM    0.18      3:41–3:46 PM    0.28   +0.091    $+54.60  WIN 
  2026-02-24      270.0 REAL    2      2:40–2:45 PM    0.95      3:41–3:46 PM    1.05   +0.094    $+18.80  WIN 
  2026-03-03      262.5 REAL    1      2:40–2:45 PM    1.22      3:41–3:46 PM    1.54   +0.318    $+31.80  WIN 
  2026-03-10      257.5 REAL    2      2:40–2:45 PM    0.64      3:41–3:46 PM    0.73   +0.093    $+18.67  WIN 
  2026-03-17      252.5 REAL    2      2:40–2:45 PM    0.82      3:41–3:46 PM    0.82   +0.002     $+0.40  WIN 
  2026-03-24      250.0 REAL    2      2:40–2:45 PM    0.77      3:41–3:46 PM    1.04   +0.272    $+54.40  WIN 
  2026-03-31      250.0 REAL    2      2:40–2:45 PM    0.58      3:41–3:46 PM    0.41   -0.168    $-33.60  LOSS
  2026-04-07      255.0 REAL    —      2:40–2:45 PM       —      3:41–3:46 PM       —        —          —  skip
  2026-04-14      260.0 REAL    1      2:40–2:45 PM    2.47      3:41–3:46 PM    2.35   -0.129    $-12.90  LOSS
  2026-04-21      272.5 REAL    1      2:40–2:45 PM    5.52      3:41–3:46 PM    6.24   +0.715    $+71.50  WIN 
  2026-04-28      270.0 REAL    1      2:40–2:45 PM    1.70      3:41–3:46 PM    1.48   -0.225    $-22.45  LOSS
  2026-05-05      277.5 REAL    5      2:40–2:45 PM    0.23      3:41–3:46 PM    0.16   -0.076    $-38.25  LOSS
  2026-05-12      292.5 REAL    2      2:40–2:45 PM    1.00      3:41–3:46 PM    0.87   -0.126    $-25.20  LOSS
  2026-05-19      297.5 REAL    1      2:40–2:45 PM    1.38      3:41–3:46 PM    1.28   -0.098     $-9.80  LOSS
  2026-05-26      310.0 REAL    1      2:40–2:45 PM    1.60      3:41–3:46 PM    2.14   +0.543    $+54.33  WIN 
  2026-06-02      307.5 REAL    7      2:40–2:45 PM    0.16      3:41–3:46 PM    0.11   -0.044    $-30.80  LOSS
  2026-06-09      300.0 REAL    1      2:40–2:45 PM    8.94      3:41–3:46 PM   10.71   +1.763   $+176.30  WIN 
  2026-06-16      295.0 REAL    4      2:40–2:45 PM    0.31      3:41–3:46 PM    0.43   +0.114    $+45.60  WIN 
  2026-06-23      297.5 REAL    1      2:40–2:45 PM    1.58      3:41–3:46 PM    2.77   +1.188   $+118.80  WIN 
  2026-06-30      282.5 REAL    3      2:40–2:45 PM    0.38      3:41–3:46 PM    0.30   -0.082    $-24.60  LOSS
  2026-07-07      315.0 REAL    1      2:40–2:45 PM    2.79      3:41–3:46 PM    3.76   +0.970    $+97.00  WIN 

  SUMMARY (optimal frames)  trades: 20   wins: 12/20   win rate: 60.0%   total P&L: $+544.60   avg/trade: $+27.23
           best day: $+176.30   worst day: $-38.25   skipped (no data): 1
           premium spent: $4,248.05   return on spend: +12.8%

  AAPL PUTS — HEATMAPS   (entry-frame start ↓  exit-frame start →   cyan = chosen optimal)

  Each cell = best frame pair starting in that 30-min bucket (best over all durations).

  1) WIN RATE %  (wins ÷ trades)
    Entry |   9:30  10:00  10:30  11:00  11:30  12:00  12:30   1:00   1:30   2:00   2:30   3:00   3:30
  --------+-------------------------------------------------------------------------------------------
     9:30 |    43%    43%    43%    43%    43%    38%    33%    48%    38%    43%    48%    48%    48%
    10:00 |      ·    48%    48%    33%    43%    38%    33%    48%    43%    48%    48%    48%    48%
    10:30 |      ·      ·    57%    48%    55%    43%    33%    48%    43%    43%    48%    48%    48%
    11:00 |      ·      ·      ·    62%    65%    50%    35%    50%    45%    45%    50%    50%    40%
    11:30 |      ·      ·      ·      ·    45%    55%    35%    50%    43%    43%    52%    53%    40%
    12:00 |      ·      ·      ·      ·      ·    57%    48%    48%    43%    52%    53%    53%    48%
    12:30 |      ·      ·      ·      ·      ·      ·    52%    52%    52%    57%    47%    50%    52%
     1:00 |      ·      ·      ·      ·      ·      ·      ·    71%    50%    43%    48%    45%    48%
     1:30 |      ·      ·      ·      ·      ·      ·      ·      ·    55%    55%    55%    58%    55%
     2:00 |      ·      ·      ·      ·      ·      ·      ·      ·      ·    58%    63%    58%    62%
     2:30 |      ·      ·      ·      ·      ·      ·      ·      ·      ·      ·    60%    55%    60%
     3:00 |      ·      ·      ·      ·      ·      ·      ·      ·      ·      ·      ·    53%    47%
     3:30 |      ·      ·      ·      ·      ·      ·      ·      ·      ·      ·      ·      ·    57%

  2) WIN COUNT  (number of winning trades)
    Entry |   9:30  10:00  10:30  11:00  11:30  12:00  12:30   1:00   1:30   2:00   2:30   3:00   3:30
  --------+-------------------------------------------------------------------------------------------
     9:30 |      9      9      9      9      9      8      7     10      8      9     10     10     10
    10:00 |      ·     10     10      7      9      8      7     10      9     10     10     10     10
    10:30 |      ·      ·     12     10     11      9      7     10      9      9     10     10     10
    11:00 |      ·      ·      ·     13     13     10      7     10      9      9     10     10      8
    11:30 |      ·      ·      ·      ·      9     11      7     10      9      9     11     10      8
    12:00 |      ·      ·      ·      ·      ·     12     10     10      9     11     10     10     10
    12:30 |      ·      ·      ·      ·      ·      ·     11     11     11     12      9     10     11
     1:00 |      ·      ·      ·      ·      ·      ·      ·     15     10      9     10      9     10
     1:30 |      ·      ·      ·      ·      ·      ·      ·      ·     11     11     11     11     11
     2:00 |      ·      ·      ·      ·      ·      ·      ·      ·      ·     11     12     11     13
     2:30 |      ·      ·      ·      ·      ·      ·      ·      ·      ·      ·     12     11     12
     3:00 |      ·      ·      ·      ·      ·      ·      ·      ·      ·      ·      ·     10      9
     3:30 |      ·      ·      ·      ·      ·      ·      ·      ·      ·      ·      ·      ·     12

  3a) AVG P&L PER TRADE  ($ per contract)
    Entry |   9:30  10:00  10:30  11:00  11:30  12:00  12:30   1:00   1:30   2:00   2:30   3:00   3:30
  --------+-------------------------------------------------------------------------------------------
     9:30 |    +12    +18    +23    +17    +19    +17    +23    -23    -28    -27    -19    -21    -19
    10:00 |      ·     +8    +12    +11     +6     +4     +6    -26    -32    -26    -26    -26    -18
    10:30 |      ·      ·    +14     +9     +7     +2     +3    -29    -37    -38    -35    -33    -30
    11:00 |      ·      ·      ·    +11    +15    +14    +19     -4    -12    -17    -17    -18     +6
    11:30 |      ·      ·      ·      ·     +5     +6    +10    -11    -40    -37    -13    -13     +1
    12:00 |      ·      ·      ·      ·      ·     +7     +7    -22    -38    -21     -8    -14     +3
    12:30 |      ·      ·      ·      ·      ·      ·     +3     +1    -23    -15     +1     +3    +10
     1:00 |      ·      ·      ·      ·      ·      ·      ·     +7     +3     +1     +5    +13    +17
     1:30 |      ·      ·      ·      ·      ·      ·      ·      ·     +8    +10    +14    +22    +22
     2:00 |      ·      ·      ·      ·      ·      ·      ·      ·      ·    +11    +16    +18    +19
     2:30 |      ·      ·      ·      ·      ·      ·      ·      ·      ·      ·    +15    +19    +26
     3:00 |      ·      ·      ·      ·      ·      ·      ·      ·      ·      ·      ·    +14    +18
     3:30 |      ·      ·      ·      ·      ·      ·      ·      ·      ·      ·      ·      ·    +10

  3b) TOTAL P&L  ($ per contract, summed over all Tuesdays)
    Entry |    9:30   10:00   10:30   11:00   11:30   12:00   12:30    1:00    1:30    2:00    2:30    3:00    3:30
  --------+--------------------------------------------------------------------------------------------------------
     9:30 |    +256    +386    +480    +355    +395    +349    +474    -490    -583    -566    -394    -443    -402
    10:00 |       ·    +166    +262    +227    +123     +87    +135    -539    -663    -548    -553    -549    -369
    10:30 |       ·       ·    +291    +182    +143     +48     +63    -616    -780    -790    -731    -691    -638
    11:00 |       ·       ·       ·    +222    +293    +286    +380     -81    -239    -330    -340    -358    +114
    11:30 |       ·       ·       ·       ·    +100    +129    +200    -217    -830    -782    -280    -254     +24
    12:00 |       ·       ·       ·       ·       ·    +143    +146    -459    -794    -436    -147    -267     +53
    12:30 |       ·       ·       ·       ·       ·       ·     +67     +12    -483    -312     +15     +60    +205
     1:00 |       ·       ·       ·       ·       ·       ·       ·    +156     +55     +28    +103    +256    +363
     1:30 |       ·       ·       ·       ·       ·       ·       ·       ·    +151    +202    +286    +419    +441
     2:00 |       ·       ·       ·       ·       ·       ·       ·       ·       ·    +209    +297    +337    +402
     2:30 |       ·       ·       ·       ·       ·       ·       ·       ·       ·       ·    +296    +389    +517
     3:00 |       ·       ·       ·       ·       ·       ·       ·       ·       ·       ·       ·    +258    +341
     3:30 |       ·       ·       ·       ·       ·       ·       ·       ·       ·       ·       ·       ·    +209

──────────────────────────────────────────────────────────────────────────────────────
  AAPL PUTS — TOP 15 FRAME PAIRS (by win_rate × avg payoff)
──────────────────────────────────────────────────────────────────────────────────────
   #        Entry frame         Exit frame  Trades   Wins    Win%    Avg P&L     Total P&L
  --  -----------------  -----------------  ------  -----  ------  ---------  ------------
   1       2:40–2:45 PM       3:40–3:45 PM      20     12  60.0%    $+25.85      $+516.95
   2       2:40–2:45 PM       3:45–3:50 PM      20     11  55.0%    $+26.53      $+530.65
   3       2:40–2:45 PM       3:40–3:50 PM      20     11  55.0%    $+25.99      $+519.83
   4       2:40–2:45 PM       3:35–3:45 PM      20     12  60.0%    $+22.38      $+447.54
   5       2:40–2:45 PM       3:35–3:50 PM      20     11  55.0%    $+23.75      $+475.04
   6       2:40–2:45 PM       3:30–3:50 PM      20     12  60.0%    $+21.49      $+429.81
   7       1:50–1:55 PM       3:20–3:25 PM      19     11  57.9%    $+22.06      $+419.05
   8       2:40–2:45 PM       3:40–3:55 PM      20     11  55.0%    $+23.07      $+461.39
   9       2:40–2:45 PM       3:40–4:00 PM      20     11  55.0%    $+23.06      $+461.16
  10       2:35–2:45 PM       3:40–3:45 PM      21     12  57.1%    $+21.54      $+452.44
  11       2:40–2:45 PM       3:45–4:00 PM      20     11  55.0%    $+22.33      $+446.64
  12       2:40–2:45 PM       3:35–3:55 PM      20     11  55.0%    $+22.21      $+444.13
  13       1:50–1:55 PM       3:40–3:45 PM      20     11  55.0%    $+22.05      $+441.00
  14       2:40–2:45 PM       3:45–3:55 PM      20     11  55.0%    $+21.87      $+437.34
  15       2:40–2:45 PM       3:30–3:45 PM      20     12  60.0%    $+19.89      $+397.87

──────────────────────────────────────────────────────────────────────────────────────
  Saved CSV: C:\actions-runner\_work\EoD_OptionTrading\EoD_OptionTrading\results\tuesday_intraday\backtest_tuesday_intraday_timeframe_aapl_puts_150days_2026-07-14_1145.csv
  Saved TXT: C:\actions-runner\_work\EoD_OptionTrading\EoD_OptionTrading\results\tuesday_intraday\backtest_tuesday_intraday_timeframe_aapl_puts_150days_2026-07-14_1145.txt
  Saved TXT (outliers removed): C:\actions-runner\_work\EoD_OptionTrading\EoD_OptionTrading\results\tuesday_intraday\backtest_tuesday_intraday_timeframe_aapl_puts_150days_2026-07-14_1145_outliers_removed.txt
──────────────────────────────────────────────────────────────────────────────────────


██████████████████████████████████████████████████████████████████████████████████████
  MSFT CALLS
██████████████████████████████████████████████████████████████████████████████████████
======================================================================================
  MSFT CALLS
======================================================================================
  Optimal entry frame : 11:30–11:35 AM   (5 min)
  Optimal exit frame  : 1:40–1:45 PM   (5 min)
  Data source         : MIXED real+sim

  Date           Strike  Src  Qty       Entry frame    Buy$        Exit frame   Sell$   P&L/sh      P&L $  Result
  ------------ -------- ---- ---- ----------------- ------- ----------------- ------- -------- ----------  ------
  2026-02-17      397.5 REAL    1    11:30–11:35 AM    4.09      1:40–1:45 PM    3.30   -0.793    $-79.30  LOSS
  2026-02-24      382.5 REAL    1    11:30–11:35 AM    5.30      1:40–1:45 PM    6.02   +0.720    $+72.00  WIN 
  2026-03-03      397.5 REAL    1    11:30–11:35 AM    4.68      1:40–1:45 PM    9.55   +4.865   $+486.50  WIN 
  2026-03-10      407.5 REAL    1    11:30–11:35 AM    2.35      1:40–1:45 PM    2.13   -0.224    $-22.40  LOSS
  2026-03-17      400.0 REAL    1    11:30–11:35 AM    2.08      1:40–1:45 PM    2.13   +0.050     $+5.00  WIN 
  2026-03-24      380.0 REAL    2    11:30–11:35 AM    0.69      1:40–1:45 PM    0.44   -0.250    $-50.00  LOSS
  2026-03-31      365.0 REAL    1    11:30–11:35 AM    2.51      1:40–1:45 PM    4.90   +2.386   $+238.60  WIN 
  2026-04-07      370.0 REAL    1    11:30–11:35 AM    2.06      1:40–1:45 PM    3.50   +1.440   $+144.00  WIN 
  2026-04-14      387.5 REAL    1    11:30–11:35 AM    5.82      1:40–1:45 PM    7.44   +1.622   $+162.20  WIN 
  2026-04-21      420.0 REAL    1    11:30–11:35 AM    6.36      1:40–1:45 PM    7.50   +1.137   $+113.75  WIN 
  2026-04-28      422.5  SIM    1    11:30–11:35 AM    6.91      1:40–1:45 PM    7.65   +0.741    $+74.05  WIN 
  2026-05-05      415.0 REAL    1    11:30–11:35 AM    1.70      1:40–1:45 PM    1.33   -0.372    $-37.25  LOSS
  2026-05-12      412.5 REAL    1    11:30–11:35 AM    1.33      1:40–1:45 PM    1.41   +0.084     $+8.40  WIN 
  2026-05-19      432.5 REAL    2    11:30–11:35 AM    0.71      1:40–1:45 PM    0.53   -0.187    $-37.40  LOSS
  2026-05-26      415.0 REAL    1    11:30–11:35 AM    2.93      1:40–1:45 PM    1.86   -1.070   $-107.00  LOSS
  2026-06-02      450.0 REAL    1    11:30–11:35 AM    3.80      1:40–1:45 PM    2.65   -1.155   $-115.45  LOSS
  2026-06-09      407.5 REAL    1    11:30–11:35 AM    1.90      1:40–1:45 PM    1.39   -0.514    $-51.40  LOSS
  2026-06-16      395.0 REAL    1    11:30–11:35 AM    2.52      1:40–1:45 PM    1.60   -0.913    $-91.27  LOSS
  2026-06-23      370.0 REAL    1    11:30–11:35 AM    4.87      1:40–1:45 PM    5.65   +0.784    $+78.40  WIN 
  2026-06-30      370.0 REAL    1    11:30–11:35 AM    3.73      1:40–1:45 PM    3.77   +0.040     $+4.00  WIN 
  2026-07-07      392.5 REAL    1    11:30–11:35 AM    4.05      1:40–1:45 PM    3.65   -0.402    $-40.20  LOSS

  SUMMARY (optimal frames)  trades: 21   wins: 11/21   win rate: 52.4%   total P&L: $+755.23   avg/trade: $+35.96
           best day: $+486.50   worst day: $-115.45   skipped (no data): 0
           premium spent: $7,180.90   return on spend: +10.5%

  MSFT CALLS — HEATMAPS   (entry-frame start ↓  exit-frame start →   cyan = chosen optimal)

  Each cell = best frame pair starting in that 30-min bucket (best over all durations).

  1) WIN RATE %  (wins ÷ trades)
    Entry |   9:30  10:00  10:30  11:00  11:30  12:00  12:30   1:00   1:30   2:00   2:30   3:00   3:30
  --------+-------------------------------------------------------------------------------------------
     9:30 |    67%    52%    48%    43%    48%    38%    52%    48%    33%    38%    38%    43%    43%
    10:00 |      ·    57%    52%    43%    52%    43%    48%    48%    43%    24%    43%    38%    48%
    10:30 |      ·      ·    50%    48%    52%    57%    55%    52%    52%    38%    43%    43%    43%
    11:00 |      ·      ·      ·    52%    52%    57%    60%    52%    48%    38%    38%    48%    43%
    11:30 |      ·      ·      ·      ·    57%    62%    57%    62%    52%    43%    48%    45%    43%
    12:00 |      ·      ·      ·      ·      ·    81%    62%    55%    57%    43%    50%    35%    57%
    12:30 |      ·      ·      ·      ·      ·      ·    55%    47%    55%    45%    37%    37%    48%
     1:00 |      ·      ·      ·      ·      ·      ·      ·    57%    62%    55%    55%    60%    60%
     1:30 |      ·      ·      ·      ·      ·      ·      ·      ·    63%    44%    48%    57%    52%
     2:00 |      ·      ·      ·      ·      ·      ·      ·      ·      ·    67%    50%    50%    61%
     2:30 |      ·      ·      ·      ·      ·      ·      ·      ·      ·      ·    61%    61%    67%
     3:00 |      ·      ·      ·      ·      ·      ·      ·      ·      ·      ·      ·    81%    52%
     3:30 |      ·      ·      ·      ·      ·      ·      ·      ·      ·      ·      ·      ·    65%

  2) WIN COUNT  (number of winning trades)
    Entry |   9:30  10:00  10:30  11:00  11:30  12:00  12:30   1:00   1:30   2:00   2:30   3:00   3:30
  --------+-------------------------------------------------------------------------------------------
     9:30 |     14     11     10      9     10      8     11     10      7      8      8      9      9
    10:00 |      ·     12     11      9     11      9     10     10      9      5      9      8     10
    10:30 |      ·      ·     10     10     11     12     11     11     11      8      9      9      9
    11:00 |      ·      ·      ·     11     11     12     12     11     10      8      8     10      9
    11:30 |      ·      ·      ·      ·     12     13     12     13     11      9     10      9      9
    12:00 |      ·      ·      ·      ·      ·     17     13     11     12      9     10      7     12
    12:30 |      ·      ·      ·      ·      ·      ·     11      9     11      9      7      7     10
     1:00 |      ·      ·      ·      ·      ·      ·      ·     12     13     11     11     12     12
     1:30 |      ·      ·      ·      ·      ·      ·      ·      ·     12      8     10     12     11
     2:00 |      ·      ·      ·      ·      ·      ·      ·      ·      ·     12      9      9     11
     2:30 |      ·      ·      ·      ·      ·      ·      ·      ·      ·      ·     11     11     12
     3:00 |      ·      ·      ·      ·      ·      ·      ·      ·      ·      ·      ·     17     11
     3:30 |      ·      ·      ·      ·      ·      ·      ·      ·      ·      ·      ·      ·     13

  3a) AVG P&L PER TRADE  ($ per contract)
    Entry |   9:30  10:00  10:30  11:00  11:30  12:00  12:30   1:00   1:30   2:00   2:30   3:00   3:30
  --------+-------------------------------------------------------------------------------------------
     9:30 |    +16     +7     +9    -29    -38     +2     +6     +4    +17    -33    -19    -58     +2
    10:00 |      ·    +14    +16    -37     -4     +6     +9     +8    +20     +4     -4     +2     +6
    10:30 |      ·      ·    -13    +10    +13    +19    +22    +21    +31    +16     +6     +9    +13
    11:00 |      ·      ·      ·    +15    +19    +24    +27    +26    +39    +21    +11    +14    +18
    11:30 |      ·      ·      ·      ·    +17    +21    +24    +22    +36    +18     +8    +11    +15
    12:00 |      ·      ·      ·      ·      ·    +17    +21    +24    +33    +15     +9    +15    +12
    12:30 |      ·      ·      ·      ·      ·      ·    +16    +19    +24     +7     +3     +6     +3
     1:00 |      ·      ·      ·      ·      ·      ·      ·    +14    +24    +14     +4     +7     +7
     1:30 |      ·      ·      ·      ·      ·      ·      ·      ·    +11     +4     +1     +4     +7
     2:00 |      ·      ·      ·      ·      ·      ·      ·      ·      ·    +13     +9    +15    +20
     2:30 |      ·      ·      ·      ·      ·      ·      ·      ·      ·      ·    +11    +17    +22
     3:00 |      ·      ·      ·      ·      ·      ·      ·      ·      ·      ·      ·    +10    +12
     3:30 |      ·      ·      ·      ·      ·      ·      ·      ·      ·      ·      ·      ·     +8

  3b) TOTAL P&L  ($ per contract, summed over all Tuesdays)
    Entry |    9:30   10:00   10:30   11:00   11:30   12:00   12:30    1:00    1:30    2:00    2:30    3:00    3:30
  --------+--------------------------------------------------------------------------------------------------------
     9:30 |    +335    +147    +180    -607    -802     +38    +125     +92    +362    -689    -406   -1228     +37
    10:00 |       ·    +297    +327    -780     -87    +116    +192    +161    +426     +81     -86     +42    +133
    10:30 |       ·       ·    -263    +220    +283    +393    +431    +437    +659    +345    +130    +195    +269
    11:00 |       ·       ·       ·    +321    +401    +498    +542    +543    +820    +451    +236    +300    +375
    11:30 |       ·       ·       ·       ·    +361    +435    +510    +467    +755    +377    +159    +230    +309
    12:00 |       ·       ·       ·       ·       ·    +366    +446    +484    +691    +323    +180    +307    +246
    12:30 |       ·       ·       ·       ·       ·       ·    +328    +363    +481    +138     +50    +117     +59
     1:00 |       ·       ·       ·       ·       ·       ·       ·    +297    +507    +283     +75    +146    +140
     1:30 |       ·       ·       ·       ·       ·       ·       ·       ·    +203     +68     +14     +79    +143
     2:00 |       ·       ·       ·       ·       ·       ·       ·       ·       ·    +229    +154    +261    +361
     2:30 |       ·       ·       ·       ·       ·       ·       ·       ·       ·       ·    +195    +302    +391
     3:00 |       ·       ·       ·       ·       ·       ·       ·       ·       ·       ·       ·    +208    +260
     3:30 |       ·       ·       ·       ·       ·       ·       ·       ·       ·       ·       ·       ·    +166

──────────────────────────────────────────────────────────────────────────────────────
  MSFT CALLS — TOP 15 FRAME PAIRS (by win_rate × avg payoff)
──────────────────────────────────────────────────────────────────────────────────────
   #        Entry frame         Exit frame  Trades   Wins    Win%    Avg P&L     Total P&L
  --  -----------------  -----------------  ------  -----  ------  ---------  ------------
   1     11:30–11:35 AM       1:40–1:45 PM      21     11  52.4%    $+35.96      $+755.23
   2     11:30–11:45 AM       1:40–1:45 PM      21     11  52.4%    $+35.93      $+754.56
   3     12:15–12:20 PM       1:40–1:45 PM      21     12  57.1%    $+32.91      $+691.21
   4     11:05–11:10 AM       1:40–1:45 PM      21     10  47.6%    $+39.05      $+819.96
   5     11:30–11:35 AM       1:35–1:45 PM      21     11  52.4%    $+34.86      $+731.99
   6     11:30–11:45 AM       1:35–1:45 PM      21     11  52.4%    $+34.82      $+731.32
   7     12:15–12:20 PM       1:35–1:45 PM      21     12  57.1%    $+31.81      $+667.97
   8     11:35–11:45 AM       1:35–1:45 PM      21     11  52.4%    $+34.28      $+719.94
   9     11:30–11:50 AM       1:40–1:45 PM      21     11  52.4%    $+34.08      $+715.63
  10     11:25–11:45 AM       1:40–1:45 PM      21     11  52.4%    $+33.87      $+711.23
  11     12:10–12:20 PM       1:40–1:45 PM      21     11  52.4%    $+33.34      $+700.09
  12     12:10–12:25 PM       1:40–1:45 PM      21     12  57.1%    $+30.22      $+634.56
  13     11:30–11:50 AM       1:35–1:45 PM      21     11  52.4%    $+32.97      $+692.39
  14     11:00–11:45 AM       1:40–1:45 PM      21     11  52.4%    $+32.89      $+690.79
  15     11:35–11:50 AM       1:40–1:45 PM      21     11  52.4%    $+32.82      $+689.31


██████████████████████████████████████████████████████████████████████████████████████
  OUTLIERS REMOVED (winning trades > $2,000)  —  MSFT CALLS re-optimized
██████████████████████████████████████████████████████████████████████████████████████
  (chosen frames had no winning outliers)
======================================================================================
  MSFT CALLS
======================================================================================
  Optimal entry frame : 11:30–11:35 AM   (5 min)
  Optimal exit frame  : 1:40–1:45 PM   (5 min)
  Data source         : MIXED real+sim

  Date           Strike  Src  Qty       Entry frame    Buy$        Exit frame   Sell$   P&L/sh      P&L $  Result
  ------------ -------- ---- ---- ----------------- ------- ----------------- ------- -------- ----------  ------
  2026-02-17      397.5 REAL    1    11:30–11:35 AM    4.09      1:40–1:45 PM    3.30   -0.793    $-79.30  LOSS
  2026-02-24      382.5 REAL    1    11:30–11:35 AM    5.30      1:40–1:45 PM    6.02   +0.720    $+72.00  WIN 
  2026-03-03      397.5 REAL    1    11:30–11:35 AM    4.68      1:40–1:45 PM    9.55   +4.865   $+486.50  WIN 
  2026-03-10      407.5 REAL    1    11:30–11:35 AM    2.35      1:40–1:45 PM    2.13   -0.224    $-22.40  LOSS
  2026-03-17      400.0 REAL    1    11:30–11:35 AM    2.08      1:40–1:45 PM    2.13   +0.050     $+5.00  WIN 
  2026-03-24      380.0 REAL    2    11:30–11:35 AM    0.69      1:40–1:45 PM    0.44   -0.250    $-50.00  LOSS
  2026-03-31      365.0 REAL    1    11:30–11:35 AM    2.51      1:40–1:45 PM    4.90   +2.386   $+238.60  WIN 
  2026-04-07      370.0 REAL    1    11:30–11:35 AM    2.06      1:40–1:45 PM    3.50   +1.440   $+144.00  WIN 
  2026-04-14      387.5 REAL    1    11:30–11:35 AM    5.82      1:40–1:45 PM    7.44   +1.622   $+162.20  WIN 
  2026-04-21      420.0 REAL    1    11:30–11:35 AM    6.36      1:40–1:45 PM    7.50   +1.137   $+113.75  WIN 
  2026-04-28      422.5  SIM    1    11:30–11:35 AM    6.91      1:40–1:45 PM    7.65   +0.741    $+74.05  WIN 
  2026-05-05      415.0 REAL    1    11:30–11:35 AM    1.70      1:40–1:45 PM    1.33   -0.372    $-37.25  LOSS
  2026-05-12      412.5 REAL    1    11:30–11:35 AM    1.33      1:40–1:45 PM    1.41   +0.084     $+8.40  WIN 
  2026-05-19      432.5 REAL    2    11:30–11:35 AM    0.71      1:40–1:45 PM    0.53   -0.187    $-37.40  LOSS
  2026-05-26      415.0 REAL    1    11:30–11:35 AM    2.93      1:40–1:45 PM    1.86   -1.070   $-107.00  LOSS
  2026-06-02      450.0 REAL    1    11:30–11:35 AM    3.80      1:40–1:45 PM    2.65   -1.155   $-115.45  LOSS
  2026-06-09      407.5 REAL    1    11:30–11:35 AM    1.90      1:40–1:45 PM    1.39   -0.514    $-51.40  LOSS
  2026-06-16      395.0 REAL    1    11:30–11:35 AM    2.52      1:40–1:45 PM    1.60   -0.913    $-91.27  LOSS
  2026-06-23      370.0 REAL    1    11:30–11:35 AM    4.87      1:40–1:45 PM    5.65   +0.784    $+78.40  WIN 
  2026-06-30      370.0 REAL    1    11:30–11:35 AM    3.73      1:40–1:45 PM    3.77   +0.040     $+4.00  WIN 
  2026-07-07      392.5 REAL    1    11:30–11:35 AM    4.05      1:40–1:45 PM    3.65   -0.402    $-40.20  LOSS

  SUMMARY (optimal frames)  trades: 21   wins: 11/21   win rate: 52.4%   total P&L: $+755.23   avg/trade: $+35.96
           best day: $+486.50   worst day: $-115.45   skipped (no data): 0
           premium spent: $7,180.90   return on spend: +10.5%

  MSFT CALLS — HEATMAPS   (entry-frame start ↓  exit-frame start →   cyan = chosen optimal)

  Each cell = best frame pair starting in that 30-min bucket (best over all durations).

  1) WIN RATE %  (wins ÷ trades)
    Entry |   9:30  10:00  10:30  11:00  11:30  12:00  12:30   1:00   1:30   2:00   2:30   3:00   3:30
  --------+-------------------------------------------------------------------------------------------
     9:30 |    67%    52%    48%    43%    48%    38%    52%    48%    33%    38%    38%    43%    43%
    10:00 |      ·    57%    52%    43%    52%    43%    48%    48%    43%    24%    43%    38%    48%
    10:30 |      ·      ·    50%    48%    52%    57%    55%    52%    52%    38%    43%    43%    43%
    11:00 |      ·      ·      ·    52%    52%    57%    60%    52%    48%    38%    38%    48%    43%
    11:30 |      ·      ·      ·      ·    57%    62%    57%    62%    52%    43%    48%    45%    43%
    12:00 |      ·      ·      ·      ·      ·    81%    62%    55%    57%    43%    50%    35%    57%
    12:30 |      ·      ·      ·      ·      ·      ·    55%    47%    55%    45%    37%    37%    48%
     1:00 |      ·      ·      ·      ·      ·      ·      ·    57%    62%    55%    55%    60%    60%
     1:30 |      ·      ·      ·      ·      ·      ·      ·      ·    63%    44%    48%    57%    52%
     2:00 |      ·      ·      ·      ·      ·      ·      ·      ·      ·    67%    50%    50%    61%
     2:30 |      ·      ·      ·      ·      ·      ·      ·      ·      ·      ·    61%    61%    67%
     3:00 |      ·      ·      ·      ·      ·      ·      ·      ·      ·      ·      ·    81%    52%
     3:30 |      ·      ·      ·      ·      ·      ·      ·      ·      ·      ·      ·      ·    65%

  2) WIN COUNT  (number of winning trades)
    Entry |   9:30  10:00  10:30  11:00  11:30  12:00  12:30   1:00   1:30   2:00   2:30   3:00   3:30
  --------+-------------------------------------------------------------------------------------------
     9:30 |     14     11     10      9     10      8     11     10      7      8      8      9      9
    10:00 |      ·     12     11      9     11      9     10     10      9      5      9      8     10
    10:30 |      ·      ·     10     10     11     12     11     11     11      8      9      9      9
    11:00 |      ·      ·      ·     11     11     12     12     11     10      8      8     10      9
    11:30 |      ·      ·      ·      ·     12     13     12     13     11      9     10      9      9
    12:00 |      ·      ·      ·      ·      ·     17     13     11     12      9     10      7     12
    12:30 |      ·      ·      ·      ·      ·      ·     11      9     11      9      7      7     10
     1:00 |      ·      ·      ·      ·      ·      ·      ·     12     13     11     11     12     12
     1:30 |      ·      ·      ·      ·      ·      ·      ·      ·     12      8     10     12     11
     2:00 |      ·      ·      ·      ·      ·      ·      ·      ·      ·     12      9      9     11
     2:30 |      ·      ·      ·      ·      ·      ·      ·      ·      ·      ·     11     11     12
     3:00 |      ·      ·      ·      ·      ·      ·      ·      ·      ·      ·      ·     17     11
     3:30 |      ·      ·      ·      ·      ·      ·      ·      ·      ·      ·      ·      ·     13

  3a) AVG P&L PER TRADE  ($ per contract)
    Entry |   9:30  10:00  10:30  11:00  11:30  12:00  12:30   1:00   1:30   2:00   2:30   3:00   3:30
  --------+-------------------------------------------------------------------------------------------
     9:30 |    +16     +7     +9    -29    -38     +2     +6     +4    +17    -33    -19    -58     +2
    10:00 |      ·    +14    +16    -37     -4     +6     +9     +8    +20     +4     -4     +2     +6
    10:30 |      ·      ·    -13    +10    +13    +19    +22    +21    +31    +16     +6     +9    +13
    11:00 |      ·      ·      ·    +15    +19    +24    +27    +26    +39    +21    +11    +14    +18
    11:30 |      ·      ·      ·      ·    +17    +21    +24    +22    +36    +18     +8    +11    +15
    12:00 |      ·      ·      ·      ·      ·    +17    +21    +24    +33    +15     +9    +15    +12
    12:30 |      ·      ·      ·      ·      ·      ·    +16    +19    +24     +7     +3     +6     +3
     1:00 |      ·      ·      ·      ·      ·      ·      ·    +14    +24    +14     +4     +7     +7
     1:30 |      ·      ·      ·      ·      ·      ·      ·      ·    +11     +4     +1     +4     +7
     2:00 |      ·      ·      ·      ·      ·      ·      ·      ·      ·    +13     +9    +15    +20
     2:30 |      ·      ·      ·      ·      ·      ·      ·      ·      ·      ·    +11    +17    +22
     3:00 |      ·      ·      ·      ·      ·      ·      ·      ·      ·      ·      ·    +10    +12
     3:30 |      ·      ·      ·      ·      ·      ·      ·      ·      ·      ·      ·      ·     +8

  3b) TOTAL P&L  ($ per contract, summed over all Tuesdays)
    Entry |    9:30   10:00   10:30   11:00   11:30   12:00   12:30    1:00    1:30    2:00    2:30    3:00    3:30
  --------+--------------------------------------------------------------------------------------------------------
     9:30 |    +335    +147    +180    -607    -802     +38    +125     +92    +362    -689    -406   -1228     +37
    10:00 |       ·    +297    +327    -780     -87    +116    +192    +161    +426     +81     -86     +42    +133
    10:30 |       ·       ·    -263    +220    +283    +393    +431    +437    +659    +345    +130    +195    +269
    11:00 |       ·       ·       ·    +321    +401    +498    +542    +543    +820    +451    +236    +300    +375
    11:30 |       ·       ·       ·       ·    +361    +435    +510    +467    +755    +377    +159    +230    +309
    12:00 |       ·       ·       ·       ·       ·    +366    +446    +484    +691    +323    +180    +307    +246
    12:30 |       ·       ·       ·       ·       ·       ·    +328    +363    +481    +138     +50    +117     +59
     1:00 |       ·       ·       ·       ·       ·       ·       ·    +297    +507    +283     +75    +146    +140
     1:30 |       ·       ·       ·       ·       ·       ·       ·       ·    +203     +68     +14     +79    +143
     2:00 |       ·       ·       ·       ·       ·       ·       ·       ·       ·    +229    +154    +261    +361
     2:30 |       ·       ·       ·       ·       ·       ·       ·       ·       ·       ·    +195    +302    +391
     3:00 |       ·       ·       ·       ·       ·       ·       ·       ·       ·       ·       ·    +208    +260
     3:30 |       ·       ·       ·       ·       ·       ·       ·       ·       ·       ·       ·       ·    +166

──────────────────────────────────────────────────────────────────────────────────────
  MSFT CALLS — TOP 15 FRAME PAIRS (by win_rate × avg payoff)
──────────────────────────────────────────────────────────────────────────────────────
   #        Entry frame         Exit frame  Trades   Wins    Win%    Avg P&L     Total P&L
  --  -----------------  -----------------  ------  -----  ------  ---------  ------------
   1     11:30–11:35 AM       1:40–1:45 PM      21     11  52.4%    $+35.96      $+755.23
   2     11:30–11:45 AM       1:40–1:45 PM      21     11  52.4%    $+35.93      $+754.56
   3     12:15–12:20 PM       1:40–1:45 PM      21     12  57.1%    $+32.91      $+691.21
   4     11:05–11:10 AM       1:40–1:45 PM      21     10  47.6%    $+39.05      $+819.96
   5     11:30–11:35 AM       1:35–1:45 PM      21     11  52.4%    $+34.86      $+731.99
   6     11:30–11:45 AM       1:35–1:45 PM      21     11  52.4%    $+34.82      $+731.32
   7     12:15–12:20 PM       1:35–1:45 PM      21     12  57.1%    $+31.81      $+667.97
   8     11:35–11:45 AM       1:35–1:45 PM      21     11  52.4%    $+34.28      $+719.94
   9     11:30–11:50 AM       1:40–1:45 PM      21     11  52.4%    $+34.08      $+715.63
  10     11:25–11:45 AM       1:40–1:45 PM      21     11  52.4%    $+33.87      $+711.23
  11     12:10–12:20 PM       1:40–1:45 PM      21     11  52.4%    $+33.34      $+700.09
  12     12:10–12:25 PM       1:40–1:45 PM      21     12  57.1%    $+30.22      $+634.56
  13     11:30–11:50 AM       1:35–1:45 PM      21     11  52.4%    $+32.97      $+692.39
  14     11:00–11:45 AM       1:40–1:45 PM      21     11  52.4%    $+32.89      $+690.79
  15     11:35–11:50 AM       1:40–1:45 PM      21     11  52.4%    $+32.82      $+689.31

──────────────────────────────────────────────────────────────────────────────────────
  Saved CSV: C:\actions-runner\_work\EoD_OptionTrading\EoD_OptionTrading\results\tuesday_intraday\backtest_tuesday_intraday_timeframe_msft_calls_150days_2026-07-14_1145.csv
  Saved TXT: C:\actions-runner\_work\EoD_OptionTrading\EoD_OptionTrading\results\tuesday_intraday\backtest_tuesday_intraday_timeframe_msft_calls_150days_2026-07-14_1145.txt
  Saved TXT (outliers removed): C:\actions-runner\_work\EoD_OptionTrading\EoD_OptionTrading\results\tuesday_intraday\backtest_tuesday_intraday_timeframe_msft_calls_150days_2026-07-14_1145_outliers_removed.txt
──────────────────────────────────────────────────────────────────────────────────────


██████████████████████████████████████████████████████████████████████████████████████
  MSFT PUTS
██████████████████████████████████████████████████████████████████████████████████████
======================================================================================
  MSFT PUTS
======================================================================================
  Optimal entry frame : 9:50–10:45 AM   (55 min)
  Optimal exit frame  : 10:54 AM–12:45 PM   (111 min)
  Data source         : MIXED real+sim

  Date           Strike  Src  Qty       Entry frame    Buy$        Exit frame   Sell$   P&L/sh      P&L $  Result
  ------------ -------- ---- ---- ----------------- ------- ----------------- ------- -------- ----------  ------
  2026-02-17      397.5 REAL    1     9:50–10:45 AM    4.30 10:54 AM–12:45 PM    3.04   -1.268   $-126.78  LOSS
  2026-02-24      382.5 REAL    1     9:50–10:45 AM    1.82 10:54 AM–12:45 PM    1.46   -0.353    $-35.35  LOSS
  2026-03-03      397.5 REAL    1     9:50–10:45 AM    5.16 10:54 AM–12:45 PM    2.39   -2.764   $-276.37  LOSS
  2026-03-10      407.5 REAL    1     9:50–10:45 AM    5.02 10:54 AM–12:45 PM    3.66   -1.357   $-135.70  LOSS
  2026-03-17      400.0 REAL    1     9:50–10:45 AM    2.38 10:54 AM–12:45 PM    3.04   +0.657    $+65.70  WIN 
  2026-03-24      380.0 REAL    1     9:50–10:45 AM    6.55 10:54 AM–12:45 PM    7.14   +0.591    $+59.10  WIN 
  2026-03-31      365.0 REAL    1     9:50–10:45 AM    2.48 10:54 AM–12:45 PM    3.18   +0.709    $+70.88  WIN 
  2026-04-07      370.0 REAL    1     9:50–10:45 AM    3.32 10:54 AM–12:45 PM    3.44   +0.112    $+11.17  WIN 
  2026-04-14      387.5 REAL    1     9:50–10:45 AM    1.54 10:54 AM–12:45 PM    1.00   -0.546    $-54.60  LOSS
  2026-04-21      420.0 REAL    1     9:50–10:45 AM    1.60 10:54 AM–12:45 PM    1.41   -0.183    $-18.35  LOSS
  2026-04-28      422.5  SIM    1     9:50–10:45 AM    3.42 10:54 AM–12:45 PM    2.86   -0.562    $-56.22  LOSS
  2026-05-05      415.0 REAL    1     9:50–10:45 AM    5.69 10:54 AM–12:45 PM    6.29   +0.595    $+59.53  WIN 
  2026-05-12      412.5 REAL    1     9:50–10:45 AM    5.37 10:54 AM–12:45 PM    5.19   -0.184    $-18.39  LOSS
  2026-05-19      432.5 REAL    1     9:50–10:45 AM    5.93 10:54 AM–12:45 PM   15.13   +9.196   $+919.64  WIN 
  2026-05-26      415.0 REAL    1     9:50–10:45 AM    1.81 10:54 AM–12:45 PM    2.56   +0.744    $+74.36  WIN 
  2026-06-02      450.0 REAL    1     9:50–10:45 AM    8.71 10:54 AM–12:45 PM    9.74   +1.037   $+103.68  WIN 
  2026-06-09      407.5 REAL    1     9:50–10:45 AM    2.13 10:54 AM–12:45 PM    5.56   +3.438   $+343.81  WIN 
  2026-06-16      395.0 REAL    1     9:50–10:45 AM    4.19 10:54 AM–12:45 PM    4.32   +0.134    $+13.44  WIN 
  2026-06-23      370.0 REAL    1     9:50–10:45 AM    1.49 10:54 AM–12:45 PM    1.80   +0.306    $+30.59  WIN 
  2026-06-30      370.0 REAL    1     9:50–10:45 AM    2.92 10:54 AM–12:45 PM    3.33   +0.408    $+40.84  WIN 
  2026-07-07      392.5 REAL    1     9:50–10:45 AM    3.46 10:54 AM–12:45 PM    3.13   -0.337    $-33.68  LOSS

  SUMMARY (optimal frames)  trades: 21   wins: 12/21   win rate: 57.1%   total P&L: $+1,037.30   avg/trade: $+49.40
           best day: $+919.64   worst day: $-276.37   skipped (no data): 0
           premium spent: $7,929.82   return on spend: +13.1%

  MSFT PUTS — HEATMAPS   (entry-frame start ↓  exit-frame start →   cyan = chosen optimal)

  Each cell = best frame pair starting in that 30-min bucket (best over all durations).

  1) WIN RATE %  (wins ÷ trades)
    Entry |   9:30  10:00  10:30  11:00  11:30  12:00  12:30   1:00   1:30   2:00   2:30   3:00   3:30
  --------+-------------------------------------------------------------------------------------------
     9:30 |    43%    48%    57%    57%    48%    52%    52%    38%    40%    43%    43%    43%    29%
    10:00 |      ·    50%    55%    55%    55%    50%    50%    48%    40%    38%    38%    33%    38%
    10:30 |      ·      ·    70%    67%    67%    53%    52%    38%    52%    58%    56%    53%    43%
    11:00 |      ·      ·      ·    56%    69%    47%    19%    50%    44%    47%    50%    40%    39%
    11:30 |      ·      ·      ·      ·    58%    53%    35%    50%    43%    44%    44%    44%    39%
    12:00 |      ·      ·      ·      ·      ·    69%    75%    63%    52%    50%    44%    47%    40%
    12:30 |      ·      ·      ·      ·      ·      ·    70%    69%    59%    53%    53%    44%    59%
     1:00 |      ·      ·      ·      ·      ·      ·      ·    69%    65%    67%    47%    50%    50%
     1:30 |      ·      ·      ·      ·      ·      ·      ·      ·    72%    73%    67%    69%    61%
     2:00 |      ·      ·      ·      ·      ·      ·      ·      ·      ·    69%    47%    47%    50%
     2:30 |      ·      ·      ·      ·      ·      ·      ·      ·      ·      ·    62%    53%    44%
     3:00 |      ·      ·      ·      ·      ·      ·      ·      ·      ·      ·      ·    58%    35%
     3:30 |      ·      ·      ·      ·      ·      ·      ·      ·      ·      ·      ·      ·    42%

  2) WIN COUNT  (number of winning trades)
    Entry |   9:30  10:00  10:30  11:00  11:30  12:00  12:30   1:00   1:30   2:00   2:30   3:00   3:30
  --------+-------------------------------------------------------------------------------------------
     9:30 |      9     10     12     12     10     11     11      8      8      9      9      9      6
    10:00 |      ·     10     11     11     11     10     10     10      8      8      8      7      8
    10:30 |      ·      ·     14     12     12      9     11      8     11     11     10      9      9
    11:00 |      ·      ·      ·     10     11      8      3     10      8      7      8      6      7
    11:30 |      ·      ·      ·      ·     11      9      7     10      9      8      8      7      7
    12:00 |      ·      ·      ·      ·      ·     11     15     12     11      9      8      8      8
    12:30 |      ·      ·      ·      ·      ·      ·     14     11     10      8      9      7     10
     1:00 |      ·      ·      ·      ·      ·      ·      ·     11     13     12      7      7      9
     1:30 |      ·      ·      ·      ·      ·      ·      ·      ·     13     11     10     11     11
     2:00 |      ·      ·      ·      ·      ·      ·      ·      ·      ·     11      7      7      7
     2:30 |      ·      ·      ·      ·      ·      ·      ·      ·      ·      ·     10      8      7
     3:00 |      ·      ·      ·      ·      ·      ·      ·      ·      ·      ·      ·     11      6
     3:30 |      ·      ·      ·      ·      ·      ·      ·      ·      ·      ·      ·      ·      8

  3a) AVG P&L PER TRADE  ($ per contract)
    Entry |   9:30  10:00  10:30  11:00  11:30  12:00  12:30   1:00   1:30   2:00   2:30   3:00   3:30
  --------+-------------------------------------------------------------------------------------------
     9:30 |    +28    +38    +47    +44    +51    +41    +42    +28    +27    +17    +17    +13     +9
    10:00 |      ·    +29    +45    +45    +43    +43    +44    +18    +13     +9     +9     +5     +1
    10:30 |      ·      ·    +27    +29    +25    +24    +25     +4    -10    -24    -34    -35    -18
    11:00 |      ·      ·      ·     +8    +13     +7     +2     -9    -30    -33    -17    -64    -38
    11:30 |      ·      ·      ·      ·     +7    +11     +1     -6    -26     +3     +2    -32    -38
    12:00 |      ·      ·      ·      ·      ·    +10    +14    +13    -24     +8     +6     +3    -38
    12:30 |      ·      ·      ·      ·      ·      ·    +13    +16    -11     +9    +11     +7     -8
     1:00 |      ·      ·      ·      ·      ·      ·      ·     +9     +4    +15    +20    +23    -18
     1:30 |      ·      ·      ·      ·      ·      ·      ·      ·     +7    +20    +20    +21     -9
     2:00 |      ·      ·      ·      ·      ·      ·      ·      ·      ·    +12    +21    +15     +1
     2:30 |      ·      ·      ·      ·      ·      ·      ·      ·      ·      ·    +22    +12     -5
     3:00 |      ·      ·      ·      ·      ·      ·      ·      ·      ·      ·      ·     +2     +8
     3:30 |      ·      ·      ·      ·      ·      ·      ·      ·      ·      ·      ·      ·     +3

  3b) TOTAL P&L  ($ per contract, summed over all Tuesdays)
    Entry |    9:30   10:00   10:30   11:00   11:30   12:00   12:30    1:00    1:30    2:00    2:30    3:00    3:30
  --------+--------------------------------------------------------------------------------------------------------
     9:30 |    +588    +803    +997    +927   +1070    +866    +879    +582    +532    +358    +348    +276    +182
    10:00 |       ·    +578    +890    +892    +853    +862    +872    +369    +257    +193    +183    +111     +15
    10:30 |       ·       ·    +538    +529    +448    +408    +525     +79    -206    -449    -620    -600    -373
    11:00 |       ·       ·       ·    +139    +211    +127     +25    -176    -537    -497    -266    -962    -684
    11:30 |       ·       ·       ·       ·    +136    +183     +30    -116    -553     +48     +29    -508    -678
    12:00 |       ·       ·       ·       ·       ·    +159    +282    +245    -509    +141    +113     +53    -757
    12:30 |       ·       ·       ·       ·       ·       ·    +268    +262    -184    +138    +190    +106    -138
     1:00 |       ·       ·       ·       ·       ·       ·       ·    +137     +72    +273    +296    +325    -330
     1:30 |       ·       ·       ·       ·       ·       ·       ·       ·    +128    +300    +295    +330    -169
     2:00 |       ·       ·       ·       ·       ·       ·       ·       ·       ·    +188    +315    +220     +15
     2:30 |       ·       ·       ·       ·       ·       ·       ·       ·       ·       ·    +351    +179     -75
     3:00 |       ·       ·       ·       ·       ·       ·       ·       ·       ·       ·       ·     +40    +141
     3:30 |       ·       ·       ·       ·       ·       ·       ·       ·       ·       ·       ·       ·     +52

──────────────────────────────────────────────────────────────────────────────────────
  MSFT PUTS — TOP 15 FRAME PAIRS (by win_rate × avg payoff)
──────────────────────────────────────────────────────────────────────────────────────
   #        Entry frame         Exit frame  Trades   Wins    Win%    Avg P&L     Total P&L
  --  -----------------  -----------------  ------  -----  ------  ---------  ------------
   1      9:45–10:45 AM  10:50 AM–12:50 PM      21     12  57.1%    $+47.45      $+996.53
   2      9:50–10:35 AM  10:50 AM–12:50 PM      21     12  57.1%    $+46.32      $+972.65
   3      9:45–10:45 AM  10:55 AM–12:55 PM      21     12  57.1%    $+46.21      $+970.32
   4      9:55–10:40 AM  10:50 AM–12:50 PM      21     12  57.1%    $+45.50      $+955.55
   5      9:45–10:30 AM  10:50 AM–12:50 PM      21     12  57.1%    $+45.42      $+953.73
   6      9:50–10:50 AM  10:50 AM–12:50 PM      21     12  57.1%    $+45.14      $+947.90
   7      9:50–10:35 AM  10:55 AM–12:55 PM      21     12  57.1%    $+45.07      $+946.44
   8      9:45–10:30 AM  10:55 AM–12:55 PM      21     12  57.1%    $+44.17      $+927.52
   9      9:40–10:40 AM  11:10 AM–12:40 PM      21     12  57.1%    $+44.15      $+927.07
  10       9:50–9:55 AM  11:10 AM–12:40 PM      21     10  47.6%    $+52.83    $+1,109.50
  11      9:40–10:40 AM  10:50 AM–12:50 PM      21     12  57.1%    $+43.93      $+922.60
  12       9:50–9:55 AM  10:50 AM–12:50 PM      21     10  47.6%    $+52.62    $+1,105.03
  13      9:45–10:45 AM  11:10 AM–12:40 PM      21     11  52.4%    $+47.67    $+1,001.01
  14      9:50–10:10 AM  11:10 AM–12:40 PM      21     12  57.1%    $+43.28      $+908.81
  15     10:00–10:05 AM  11:10 AM–12:40 PM      20     11  55.0%    $+44.62      $+892.43


██████████████████████████████████████████████████████████████████████████████████████
  OUTLIERS REMOVED (winning trades > $2,000)  —  MSFT PUTS re-optimized
██████████████████████████████████████████████████████████████████████████████████████
  (chosen frames had no winning outliers)
======================================================================================
  MSFT PUTS
======================================================================================
  Optimal entry frame : 9:50–10:45 AM   (55 min)
  Optimal exit frame  : 10:54 AM–12:45 PM   (111 min)
  Data source         : MIXED real+sim

  Date           Strike  Src  Qty       Entry frame    Buy$        Exit frame   Sell$   P&L/sh      P&L $  Result
  ------------ -------- ---- ---- ----------------- ------- ----------------- ------- -------- ----------  ------
  2026-02-17      397.5 REAL    1     9:50–10:45 AM    4.30 10:54 AM–12:45 PM    3.04   -1.268   $-126.78  LOSS
  2026-02-24      382.5 REAL    1     9:50–10:45 AM    1.82 10:54 AM–12:45 PM    1.46   -0.353    $-35.35  LOSS
  2026-03-03      397.5 REAL    1     9:50–10:45 AM    5.16 10:54 AM–12:45 PM    2.39   -2.764   $-276.37  LOSS
  2026-03-10      407.5 REAL    1     9:50–10:45 AM    5.02 10:54 AM–12:45 PM    3.66   -1.357   $-135.70  LOSS
  2026-03-17      400.0 REAL    1     9:50–10:45 AM    2.38 10:54 AM–12:45 PM    3.04   +0.657    $+65.70  WIN 
  2026-03-24      380.0 REAL    1     9:50–10:45 AM    6.55 10:54 AM–12:45 PM    7.14   +0.591    $+59.10  WIN 
  2026-03-31      365.0 REAL    1     9:50–10:45 AM    2.48 10:54 AM–12:45 PM    3.18   +0.709    $+70.88  WIN 
  2026-04-07      370.0 REAL    1     9:50–10:45 AM    3.32 10:54 AM–12:45 PM    3.44   +0.112    $+11.17  WIN 
  2026-04-14      387.5 REAL    1     9:50–10:45 AM    1.54 10:54 AM–12:45 PM    1.00   -0.546    $-54.60  LOSS
  2026-04-21      420.0 REAL    1     9:50–10:45 AM    1.60 10:54 AM–12:45 PM    1.41   -0.183    $-18.35  LOSS
  2026-04-28      422.5  SIM    1     9:50–10:45 AM    3.42 10:54 AM–12:45 PM    2.86   -0.562    $-56.22  LOSS
  2026-05-05      415.0 REAL    1     9:50–10:45 AM    5.69 10:54 AM–12:45 PM    6.29   +0.595    $+59.53  WIN 
  2026-05-12      412.5 REAL    1     9:50–10:45 AM    5.37 10:54 AM–12:45 PM    5.19   -0.184    $-18.39  LOSS
  2026-05-19      432.5 REAL    1     9:50–10:45 AM    5.93 10:54 AM–12:45 PM   15.13   +9.196   $+919.64  WIN 
  2026-05-26      415.0 REAL    1     9:50–10:45 AM    1.81 10:54 AM–12:45 PM    2.56   +0.744    $+74.36  WIN 
  2026-06-02      450.0 REAL    1     9:50–10:45 AM    8.71 10:54 AM–12:45 PM    9.74   +1.037   $+103.68  WIN 
  2026-06-09      407.5 REAL    1     9:50–10:45 AM    2.13 10:54 AM–12:45 PM    5.56   +3.438   $+343.81  WIN 
  2026-06-16      395.0 REAL    1     9:50–10:45 AM    4.19 10:54 AM–12:45 PM    4.32   +0.134    $+13.44  WIN 
  2026-06-23      370.0 REAL    1     9:50–10:45 AM    1.49 10:54 AM–12:45 PM    1.80   +0.306    $+30.59  WIN 
  2026-06-30      370.0 REAL    1     9:50–10:45 AM    2.92 10:54 AM–12:45 PM    3.33   +0.408    $+40.84  WIN 
  2026-07-07      392.5 REAL    1     9:50–10:45 AM    3.46 10:54 AM–12:45 PM    3.13   -0.337    $-33.68  LOSS

  SUMMARY (optimal frames)  trades: 21   wins: 12/21   win rate: 57.1%   total P&L: $+1,037.30   avg/trade: $+49.40
           best day: $+919.64   worst day: $-276.37   skipped (no data): 0
           premium spent: $7,929.82   return on spend: +13.1%

  MSFT PUTS — HEATMAPS   (entry-frame start ↓  exit-frame start →   cyan = chosen optimal)

  Each cell = best frame pair starting in that 30-min bucket (best over all durations).

  1) WIN RATE %  (wins ÷ trades)
    Entry |   9:30  10:00  10:30  11:00  11:30  12:00  12:30   1:00   1:30   2:00   2:30   3:00   3:30
  --------+-------------------------------------------------------------------------------------------
     9:30 |    43%    48%    57%    57%    48%    52%    52%    38%    40%    43%    43%    43%    29%
    10:00 |      ·    50%    55%    55%    55%    50%    50%    48%    40%    38%    38%    33%    38%
    10:30 |      ·      ·    70%    67%    67%    53%    52%    38%    52%    58%    56%    53%    43%
    11:00 |      ·      ·      ·    56%    69%    47%    19%    50%    44%    47%    50%    40%    39%
    11:30 |      ·      ·      ·      ·    58%    53%    35%    50%    43%    44%    44%    44%    39%
    12:00 |      ·      ·      ·      ·      ·    69%    75%    63%    52%    50%    44%    47%    40%
    12:30 |      ·      ·      ·      ·      ·      ·    70%    69%    59%    53%    53%    44%    59%
     1:00 |      ·      ·      ·      ·      ·      ·      ·    69%    65%    67%    47%    50%    50%
     1:30 |      ·      ·      ·      ·      ·      ·      ·      ·    72%    73%    67%    69%    61%
     2:00 |      ·      ·      ·      ·      ·      ·      ·      ·      ·    69%    47%    47%    50%
     2:30 |      ·      ·      ·      ·      ·      ·      ·      ·      ·      ·    62%    53%    44%
     3:00 |      ·      ·      ·      ·      ·      ·      ·      ·      ·      ·      ·    58%    35%
     3:30 |      ·      ·      ·      ·      ·      ·      ·      ·      ·      ·      ·      ·    42%

  2) WIN COUNT  (number of winning trades)
    Entry |   9:30  10:00  10:30  11:00  11:30  12:00  12:30   1:00   1:30   2:00   2:30   3:00   3:30
  --------+-------------------------------------------------------------------------------------------
     9:30 |      9     10     12     12     10     11     11      8      8      9      9      9      6
    10:00 |      ·     10     11     11     11     10     10     10      8      8      8      7      8
    10:30 |      ·      ·     14     12     12      9     11      8     11     11     10      9      9
    11:00 |      ·      ·      ·     10     11      8      3     10      8      7      8      6      7
    11:30 |      ·      ·      ·      ·     11      9      7     10      9      8      8      7      7
    12:00 |      ·      ·      ·      ·      ·     11     15     12     11      9      8      8      8
    12:30 |      ·      ·      ·      ·      ·      ·     14     11     10      8      9      7     10
     1:00 |      ·      ·      ·      ·      ·      ·      ·     11     13     12      7      7      9
     1:30 |      ·      ·      ·      ·      ·      ·      ·      ·     13     11     10     11     11
     2:00 |      ·      ·      ·      ·      ·      ·      ·      ·      ·     11      7      7      7
     2:30 |      ·      ·      ·      ·      ·      ·      ·      ·      ·      ·     10      8      7
     3:00 |      ·      ·      ·      ·      ·      ·      ·      ·      ·      ·      ·     11      6
     3:30 |      ·      ·      ·      ·      ·      ·      ·      ·      ·      ·      ·      ·      8

  3a) AVG P&L PER TRADE  ($ per contract)
    Entry |   9:30  10:00  10:30  11:00  11:30  12:00  12:30   1:00   1:30   2:00   2:30   3:00   3:30
  --------+-------------------------------------------------------------------------------------------
     9:30 |    +28    +38    +47    +44    +51    +41    +42    +28    +27    +17    +17    +13     +9
    10:00 |      ·    +29    +45    +45    +43    +43    +44    +18    +13     +9     +9     +5     +1
    10:30 |      ·      ·    +27    +29    +25    +24    +25     +4    -10    -24    -34    -35    -18
    11:00 |      ·      ·      ·     +8    +13     +7     +2     -9    -30    -33    -17    -64    -38
    11:30 |      ·      ·      ·      ·     +7    +11     +1     -6    -26     +3     +2    -32    -38
    12:00 |      ·      ·      ·      ·      ·    +10    +14    +13    -24     +8     +6     +3    -38
    12:30 |      ·      ·      ·      ·      ·      ·    +13    +16    -11     +9    +11     +7     -8
     1:00 |      ·      ·      ·      ·      ·      ·      ·     +9     +4    +15    +20    +23    -18
     1:30 |      ·      ·      ·      ·      ·      ·      ·      ·     +7    +20    +20    +21     -9
     2:00 |      ·      ·      ·      ·      ·      ·      ·      ·      ·    +12    +21    +15     +1
     2:30 |      ·      ·      ·      ·      ·      ·      ·      ·      ·      ·    +22    +12     -5
     3:00 |      ·      ·      ·      ·      ·      ·      ·      ·      ·      ·      ·     +2     +8
     3:30 |      ·      ·      ·      ·      ·      ·      ·      ·      ·      ·      ·      ·     +3

  3b) TOTAL P&L  ($ per contract, summed over all Tuesdays)
    Entry |    9:30   10:00   10:30   11:00   11:30   12:00   12:30    1:00    1:30    2:00    2:30    3:00    3:30
  --------+--------------------------------------------------------------------------------------------------------
     9:30 |    +588    +803    +997    +927   +1070    +866    +879    +582    +532    +358    +348    +276    +182
    10:00 |       ·    +578    +890    +892    +853    +862    +872    +369    +257    +193    +183    +111     +15
    10:30 |       ·       ·    +538    +529    +448    +408    +525     +79    -206    -449    -620    -600    -373
    11:00 |       ·       ·       ·    +139    +211    +127     +25    -176    -537    -497    -266    -962    -684
    11:30 |       ·       ·       ·       ·    +136    +183     +30    -116    -553     +48     +29    -508    -678
    12:00 |       ·       ·       ·       ·       ·    +159    +282    +245    -509    +141    +113     +53    -757
    12:30 |       ·       ·       ·       ·       ·       ·    +268    +262    -184    +138    +190    +106    -138
     1:00 |       ·       ·       ·       ·       ·       ·       ·    +137     +72    +273    +296    +325    -330
     1:30 |       ·       ·       ·       ·       ·       ·       ·       ·    +128    +300    +295    +330    -169
     2:00 |       ·       ·       ·       ·       ·       ·       ·       ·       ·    +188    +315    +220     +15
     2:30 |       ·       ·       ·       ·       ·       ·       ·       ·       ·       ·    +351    +179     -75
     3:00 |       ·       ·       ·       ·       ·       ·       ·       ·       ·       ·       ·     +40    +141
     3:30 |       ·       ·       ·       ·       ·       ·       ·       ·       ·       ·       ·       ·     +52

──────────────────────────────────────────────────────────────────────────────────────
  MSFT PUTS — TOP 15 FRAME PAIRS (by win_rate × avg payoff)
──────────────────────────────────────────────────────────────────────────────────────
   #        Entry frame         Exit frame  Trades   Wins    Win%    Avg P&L     Total P&L
  --  -----------------  -----------------  ------  -----  ------  ---------  ------------
   1      9:45–10:45 AM  10:50 AM–12:50 PM      21     12  57.1%    $+47.45      $+996.53
   2      9:50–10:35 AM  10:50 AM–12:50 PM      21     12  57.1%    $+46.32      $+972.65
   3      9:45–10:45 AM  10:55 AM–12:55 PM      21     12  57.1%    $+46.21      $+970.32
   4      9:55–10:40 AM  10:50 AM–12:50 PM      21     12  57.1%    $+45.50      $+955.55
   5      9:45–10:30 AM  10:50 AM–12:50 PM      21     12  57.1%    $+45.42      $+953.73
   6      9:50–10:50 AM  10:50 AM–12:50 PM      21     12  57.1%    $+45.14      $+947.90
   7      9:50–10:35 AM  10:55 AM–12:55 PM      21     12  57.1%    $+45.07      $+946.44
   8      9:45–10:30 AM  10:55 AM–12:55 PM      21     12  57.1%    $+44.17      $+927.52
   9      9:40–10:40 AM  11:10 AM–12:40 PM      21     12  57.1%    $+44.15      $+927.07
  10       9:50–9:55 AM  11:10 AM–12:40 PM      21     10  47.6%    $+52.83    $+1,109.50
  11      9:40–10:40 AM  10:50 AM–12:50 PM      21     12  57.1%    $+43.93      $+922.60
  12       9:50–9:55 AM  10:50 AM–12:50 PM      21     10  47.6%    $+52.62    $+1,105.03
  13      9:45–10:45 AM  11:10 AM–12:40 PM      21     11  52.4%    $+47.67    $+1,001.01
  14      9:50–10:10 AM  11:10 AM–12:40 PM      21     12  57.1%    $+43.28      $+908.81
  15     10:00–10:05 AM  11:10 AM–12:40 PM      20     11  55.0%    $+44.62      $+892.43

──────────────────────────────────────────────────────────────────────────────────────
  Saved CSV: C:\actions-runner\_work\EoD_OptionTrading\EoD_OptionTrading\results\tuesday_intraday\backtest_tuesday_intraday_timeframe_msft_puts_150days_2026-07-14_1145.csv
  Saved TXT: C:\actions-runner\_work\EoD_OptionTrading\EoD_OptionTrading\results\tuesday_intraday\backtest_tuesday_intraday_timeframe_msft_puts_150days_2026-07-14_1145.txt
  Saved TXT (outliers removed): C:\actions-runner\_work\EoD_OptionTrading\EoD_OptionTrading\results\tuesday_intraday\backtest_tuesday_intraday_timeframe_msft_puts_150days_2026-07-14_1145_outliers_removed.txt
──────────────────────────────────────────────────────────────────────────────────────


██████████████████████████████████████████████████████████████████████████████████████
  GOOGL CALLS
██████████████████████████████████████████████████████████████████████████████████████
======================================================================================
  GOOGL CALLS
======================================================================================
  Optimal entry frame : 9:30–9:35 AM   (5 min)
  Optimal exit frame  : 11:19–11:30 AM   (11 min)
  Data source         : MIXED real+sim

  Date           Strike  Src  Qty       Entry frame    Buy$        Exit frame   Sell$   P&L/sh      P&L $  Result
  ------------ -------- ---- ---- ----------------- ------- ----------------- ------- -------- ----------  ------
  2026-02-17      300.0 REAL    1      9:30–9:35 AM    3.90    11:19–11:30 AM    4.16   +0.263    $+26.29  WIN 
  2026-02-24      310.0 REAL    1      9:30–9:35 AM    2.44    11:19–11:30 AM    3.06   +0.619    $+61.89  WIN 
  2026-03-03      297.5 REAL    1      9:30–9:35 AM    4.16    11:19–11:30 AM    5.15   +0.994    $+99.38  WIN 
  2026-03-10      310.0 REAL    1      9:30–9:35 AM    1.51    11:19–11:30 AM    1.65   +0.142    $+14.20  WIN 
  2026-03-17      305.0 REAL    1      9:30–9:35 AM    3.56    11:19–11:30 AM    3.19   -0.366    $-36.60  LOSS
  2026-03-24      297.5 REAL    1      9:30–9:35 AM    3.87    11:19–11:30 AM    1.64   -2.223   $-222.33  LOSS
  2026-03-31      277.5 REAL    1      9:30–9:35 AM    3.03    11:19–11:30 AM    5.22   +2.191   $+219.07  WIN 
  2026-04-07      302.5 REAL    1      9:30–9:35 AM    2.22    11:19–11:30 AM    1.82   -0.400    $-40.02  LOSS
  2026-04-14      325.0 REAL    1      9:30–9:35 AM    2.25    11:19–11:30 AM    6.22   +3.970   $+396.96  WIN 
  2026-04-21      337.5 REAL    1      9:30–9:35 AM    2.44    11:19–11:30 AM    2.70   +0.266    $+26.62  WIN 
  2026-04-28      347.5  SIM    1      9:30–9:35 AM    4.24    11:19–11:30 AM    6.07   +1.834   $+183.38  WIN 
  2026-05-05      387.5 REAL    1      9:30–9:35 AM    3.04    11:19–11:30 AM    3.87   +0.830    $+83.00  WIN 
  2026-05-12      387.5 REAL    1      9:30–9:35 AM    2.83    11:19–11:30 AM    2.96   +0.131    $+13.13  WIN 
  2026-05-19      395.0 REAL    1      9:30–9:35 AM    5.21    11:19–11:30 AM    2.41   -2.806   $-280.56  LOSS
  2026-05-26      385.0 REAL    1      9:30–9:35 AM    3.23    11:19–11:30 AM    3.42   +0.190    $+19.00  WIN 
  2026-06-02      362.5 REAL    1      9:30–9:35 AM    3.25    11:19–11:30 AM    8.21   +4.960   $+496.00  WIN 
  2026-06-09      367.5 REAL    1      9:30–9:35 AM    4.99    11:19–11:30 AM    1.28   -3.711   $-371.13  LOSS
  2026-06-16      370.0 REAL    1      9:30–9:35 AM    3.75    11:19–11:30 AM    6.24   +2.492   $+249.17  WIN 
  2026-06-23      342.5 REAL    1      9:30–9:35 AM    4.50    11:19–11:30 AM    5.14   +0.637    $+63.75  WIN 
  2026-06-30      352.5 REAL    1      9:30–9:35 AM    3.49    11:19–11:30 AM    5.38   +1.897   $+189.70  WIN 
  2026-07-07      367.5 REAL    1      9:30–9:35 AM    3.56    11:19–11:30 AM    3.57   +0.009     $+0.92  WIN 

  SUMMARY (optimal frames)  trades: 21   wins: 16/21   win rate: 76.2%   total P&L: $+1,191.82   avg/trade: $+56.75
           best day: $+496.00   worst day: $-371.13   skipped (no data): 0
           premium spent: $7,146.60   return on spend: +16.7%

  GOOGL CALLS — HEATMAPS   (entry-frame start ↓  exit-frame start →   cyan = chosen optimal)

  Each cell = best frame pair starting in that 30-min bucket (best over all durations).

  1) WIN RATE %  (wins ÷ trades)
    Entry |   9:30  10:00  10:30  11:00  11:30  12:00  12:30   1:00   1:30   2:00   2:30   3:00   3:30
  --------+-------------------------------------------------------------------------------------------
     9:30 |    71%    71%    67%    76%    75%    71%    62%    67%    63%    65%    63%    57%    52%
    10:00 |      ·    57%    67%    70%    68%    55%    55%    60%    55%    55%    53%    45%    50%
    10:30 |      ·      ·    57%    78%    74%    58%    65%    60%    58%    50%    47%    43%    48%
    11:00 |      ·      ·      ·    72%    63%    58%    53%    50%    42%    47%    50%    39%    33%
    11:30 |      ·      ·      ·      ·    68%    43%    48%    55%    53%    39%    35%    42%    47%
    12:00 |      ·      ·      ·      ·      ·    65%    43%    50%    58%    44%    42%    43%    50%
    12:30 |      ·      ·      ·      ·      ·      ·    50%    56%    56%    60%    47%    50%    56%
     1:00 |      ·      ·      ·      ·      ·      ·      ·    75%    61%    67%    67%    58%    58%
     1:30 |      ·      ·      ·      ·      ·      ·      ·      ·    67%    73%    65%    67%    61%
     2:00 |      ·      ·      ·      ·      ·      ·      ·      ·      ·    53%    55%    60%    55%
     2:30 |      ·      ·      ·      ·      ·      ·      ·      ·      ·      ·    61%    58%    53%
     3:00 |      ·      ·      ·      ·      ·      ·      ·      ·      ·      ·      ·    83%    64%
     3:30 |      ·      ·      ·      ·      ·      ·      ·      ·      ·      ·      ·      ·    65%

  2) WIN COUNT  (number of winning trades)
    Entry |   9:30  10:00  10:30  11:00  11:30  12:00  12:30   1:00   1:30   2:00   2:30   3:00   3:30
  --------+-------------------------------------------------------------------------------------------
     9:30 |     15     15     14     16     15     15     13     14     12     13     12     12     11
    10:00 |      ·     12     14     14     13     11     11     12     11     11     10      9     10
    10:30 |      ·      ·     12     14     14     11     13     12     11     10      9      9     10
    11:00 |      ·      ·      ·     13     12     11     10     10      8      9      9      7      6
    11:30 |      ·      ·      ·      ·     13      9     10     11     10      7      6      8      9
    12:00 |      ·      ·      ·      ·      ·     11      9      9     11      8      8      9     10
    12:30 |      ·      ·      ·      ·      ·      ·      8      9      9      9      7      8     10
     1:00 |      ·      ·      ·      ·      ·      ·      ·     12     11     10     10     11     11
     1:30 |      ·      ·      ·      ·      ·      ·      ·      ·     10     11     11     10     11
     2:00 |      ·      ·      ·      ·      ·      ·      ·      ·      ·      9     11     12     11
     2:30 |      ·      ·      ·      ·      ·      ·      ·      ·      ·      ·     11     11     10
     3:00 |      ·      ·      ·      ·      ·      ·      ·      ·      ·      ·      ·     15      9
     3:30 |      ·      ·      ·      ·      ·      ·      ·      ·      ·      ·      ·      ·     13

  3a) AVG P&L PER TRADE  ($ per contract)
    Entry |   9:30  10:00  10:30  11:00  11:30  12:00  12:30   1:00   1:30   2:00   2:30   3:00   3:30
  --------+-------------------------------------------------------------------------------------------
     9:30 |    +30    +40    +50    +56    +51    +43    +45    +48    +53    +54    +60    +41    +48
    10:00 |      ·    +26    +32    +48    +39    +31    +31    +36    +39    +43    +48    +29    +31
    10:30 |      ·      ·    +25    +43    +33    +35    +35    +47    +47    +30    +23    +18    +23
    11:00 |      ·      ·      ·    +30    +17    +13    +20    +25    +25    +15    +13    +10    +20
    11:30 |      ·      ·      ·      ·     +9     +8    +10    +16    +17    +22    +17     +8    +15
    12:00 |      ·      ·      ·      ·      ·     +7    +11    +17    +15    +23    +12     +7    +15
    12:30 |      ·      ·      ·      ·      ·      ·    +22    +26    +32    +38    +43    +26    +34
     1:00 |      ·      ·      ·      ·      ·      ·      ·    +18    +19    +29    +28    +21    +32
     1:30 |      ·      ·      ·      ·      ·      ·      ·      ·    +14    +15    +21    +16    +26
     2:00 |      ·      ·      ·      ·      ·      ·      ·      ·      ·     +5    +13     +9    +17
     2:30 |      ·      ·      ·      ·      ·      ·      ·      ·      ·      ·     +8    +10    +17
     3:00 |      ·      ·      ·      ·      ·      ·      ·      ·      ·      ·      ·     +7    +16
     3:30 |      ·      ·      ·      ·      ·      ·      ·      ·      ·      ·      ·      ·    +11

  3b) TOTAL P&L  ($ per contract, summed over all Tuesdays)
    Entry |    9:30   10:00   10:30   11:00   11:30   12:00   12:30    1:00    1:30    2:00    2:30    3:00    3:30
  --------+--------------------------------------------------------------------------------------------------------
     9:30 |    +632    +847   +1044   +1184   +1028    +909    +946   +1012   +1012   +1077   +1148    +854   +1016
    10:00 |       ·    +548    +680    +953    +747    +622    +623    +712    +789    +866    +906    +582    +625
    10:30 |       ·       ·    +520    +765    +629    +666    +693    +934    +884    +590    +436    +368    +486
    11:00 |       ·       ·       ·    +533    +314    +253    +378    +504    +471    +293    +230    +182    +360
    11:30 |       ·       ·       ·       ·    +175    +175    +218    +318    +321    +400    +293    +153    +287
    12:00 |       ·       ·       ·       ·       ·    +122    +226    +312    +293    +411    +237    +154    +296
    12:30 |       ·       ·       ·       ·       ·       ·    +355    +413    +512    +574    +642    +411    +606
     1:00 |       ·       ·       ·       ·       ·       ·       ·    +291    +339    +435    +419    +405    +614
     1:30 |       ·       ·       ·       ·       ·       ·       ·       ·    +203    +232    +365    +246    +475
     2:00 |       ·       ·       ·       ·       ·       ·       ·       ·       ·     +83    +270    +188    +348
     2:30 |       ·       ·       ·       ·       ·       ·       ·       ·       ·       ·    +137    +194    +323
     3:00 |       ·       ·       ·       ·       ·       ·       ·       ·       ·       ·       ·    +121    +221
     3:30 |       ·       ·       ·       ·       ·       ·       ·       ·       ·       ·       ·       ·    +220

──────────────────────────────────────────────────────────────────────────────────────
  GOOGL CALLS — TOP 15 FRAME PAIRS (by win_rate × avg payoff)
──────────────────────────────────────────────────────────────────────────────────────
   #        Entry frame         Exit frame  Trades   Wins    Win%    Avg P&L     Total P&L
  --  -----------------  -----------------  ------  -----  ------  ---------  ------------
   1       9:30–9:35 AM     11:20–11:30 AM      21     16  76.2%    $+56.40    $+1,184.42
   2      9:55–10:00 AM     11:10–11:20 AM      20     14  70.0%    $+58.18    $+1,163.61
   3      9:55–10:00 AM     11:25–11:30 AM      20     13  65.0%    $+61.28    $+1,225.66
   4       9:30–9:35 AM     11:15–11:25 AM      21     15  71.4%    $+55.52    $+1,165.98
   5       9:30–9:35 AM     11:15–11:30 AM      21     15  71.4%    $+55.31    $+1,161.42
   6       9:30–9:35 AM     11:25–11:30 AM      20     14  70.0%    $+55.47    $+1,109.41
   7       9:30–9:35 AM     11:10–11:30 AM      21     15  71.4%    $+54.08    $+1,135.78
   8      9:55–10:00 AM     11:40–11:50 AM      20     15  75.0%    $+51.40    $+1,027.95
   9      9:55–10:00 AM       2:35–2:40 PM      19     12  63.2%    $+60.43    $+1,148.19
  10       9:30–9:35 AM     11:10–11:25 AM      21     15  71.4%    $+53.08    $+1,114.64
  11       9:30–9:35 AM     11:45–11:55 AM      21     16  76.2%    $+49.30    $+1,035.30
  12       9:30–9:35 AM     11:05–11:25 AM      21     15  71.4%    $+52.06    $+1,093.20
  13      9:55–10:00 AM     11:35–11:50 AM      20     15  75.0%    $+49.16      $+983.20
  14       9:30–9:35 AM     11:10–11:20 AM      20     14  70.0%    $+52.37    $+1,047.36
  15       9:30–9:35 AM     11:20–11:35 AM      21     15  71.4%    $+51.27    $+1,076.77


██████████████████████████████████████████████████████████████████████████████████████
  OUTLIERS REMOVED (winning trades > $2,000)  —  GOOGL CALLS re-optimized
██████████████████████████████████████████████████████████████████████████████████████
  (chosen frames had no winning outliers)
======================================================================================
  GOOGL CALLS
======================================================================================
  Optimal entry frame : 9:30–9:35 AM   (5 min)
  Optimal exit frame  : 11:19–11:30 AM   (11 min)
  Data source         : MIXED real+sim

  Date           Strike  Src  Qty       Entry frame    Buy$        Exit frame   Sell$   P&L/sh      P&L $  Result
  ------------ -------- ---- ---- ----------------- ------- ----------------- ------- -------- ----------  ------
  2026-02-17      300.0 REAL    1      9:30–9:35 AM    3.90    11:19–11:30 AM    4.16   +0.263    $+26.29  WIN 
  2026-02-24      310.0 REAL    1      9:30–9:35 AM    2.44    11:19–11:30 AM    3.06   +0.619    $+61.89  WIN 
  2026-03-03      297.5 REAL    1      9:30–9:35 AM    4.16    11:19–11:30 AM    5.15   +0.994    $+99.38  WIN 
  2026-03-10      310.0 REAL    1      9:30–9:35 AM    1.51    11:19–11:30 AM    1.65   +0.142    $+14.20  WIN 
  2026-03-17      305.0 REAL    1      9:30–9:35 AM    3.56    11:19–11:30 AM    3.19   -0.366    $-36.60  LOSS
  2026-03-24      297.5 REAL    1      9:30–9:35 AM    3.87    11:19–11:30 AM    1.64   -2.223   $-222.33  LOSS
  2026-03-31      277.5 REAL    1      9:30–9:35 AM    3.03    11:19–11:30 AM    5.22   +2.191   $+219.07  WIN 
  2026-04-07      302.5 REAL    1      9:30–9:35 AM    2.22    11:19–11:30 AM    1.82   -0.400    $-40.02  LOSS
  2026-04-14      325.0 REAL    1      9:30–9:35 AM    2.25    11:19–11:30 AM    6.22   +3.970   $+396.96  WIN 
  2026-04-21      337.5 REAL    1      9:30–9:35 AM    2.44    11:19–11:30 AM    2.70   +0.266    $+26.62  WIN 
  2026-04-28      347.5  SIM    1      9:30–9:35 AM    4.24    11:19–11:30 AM    6.07   +1.834   $+183.38  WIN 
  2026-05-05      387.5 REAL    1      9:30–9:35 AM    3.04    11:19–11:30 AM    3.87   +0.830    $+83.00  WIN 
  2026-05-12      387.5 REAL    1      9:30–9:35 AM    2.83    11:19–11:30 AM    2.96   +0.131    $+13.13  WIN 
  2026-05-19      395.0 REAL    1      9:30–9:35 AM    5.21    11:19–11:30 AM    2.41   -2.806   $-280.56  LOSS
  2026-05-26      385.0 REAL    1      9:30–9:35 AM    3.23    11:19–11:30 AM    3.42   +0.190    $+19.00  WIN 
  2026-06-02      362.5 REAL    1      9:30–9:35 AM    3.25    11:19–11:30 AM    8.21   +4.960   $+496.00  WIN 
  2026-06-09      367.5 REAL    1      9:30–9:35 AM    4.99    11:19–11:30 AM    1.28   -3.711   $-371.13  LOSS
  2026-06-16      370.0 REAL    1      9:30–9:35 AM    3.75    11:19–11:30 AM    6.24   +2.492   $+249.17  WIN 
  2026-06-23      342.5 REAL    1      9:30–9:35 AM    4.50    11:19–11:30 AM    5.14   +0.637    $+63.75  WIN 
  2026-06-30      352.5 REAL    1      9:30–9:35 AM    3.49    11:19–11:30 AM    5.38   +1.897   $+189.70  WIN 
  2026-07-07      367.5 REAL    1      9:30–9:35 AM    3.56    11:19–11:30 AM    3.57   +0.009     $+0.92  WIN 

  SUMMARY (optimal frames)  trades: 21   wins: 16/21   win rate: 76.2%   total P&L: $+1,191.82   avg/trade: $+56.75
           best day: $+496.00   worst day: $-371.13   skipped (no data): 0
           premium spent: $7,146.60   return on spend: +16.7%

  GOOGL CALLS — HEATMAPS   (entry-frame start ↓  exit-frame start →   cyan = chosen optimal)

  Each cell = best frame pair starting in that 30-min bucket (best over all durations).

  1) WIN RATE %  (wins ÷ trades)
    Entry |   9:30  10:00  10:30  11:00  11:30  12:00  12:30   1:00   1:30   2:00   2:30   3:00   3:30
  --------+-------------------------------------------------------------------------------------------
     9:30 |    71%    71%    67%    76%    75%    71%    62%    67%    63%    65%    63%    57%    52%
    10:00 |      ·    57%    67%    70%    68%    55%    55%    60%    55%    55%    53%    45%    50%
    10:30 |      ·      ·    57%    78%    74%    58%    65%    60%    58%    50%    47%    43%    48%
    11:00 |      ·      ·      ·    72%    63%    58%    53%    50%    42%    47%    50%    39%    33%
    11:30 |      ·      ·      ·      ·    68%    43%    48%    55%    53%    39%    35%    42%    47%
    12:00 |      ·      ·      ·      ·      ·    65%    43%    50%    58%    44%    42%    43%    50%
    12:30 |      ·      ·      ·      ·      ·      ·    50%    56%    56%    60%    47%    50%    56%
     1:00 |      ·      ·      ·      ·      ·      ·      ·    75%    61%    67%    67%    58%    58%
     1:30 |      ·      ·      ·      ·      ·      ·      ·      ·    67%    73%    65%    67%    61%
     2:00 |      ·      ·      ·      ·      ·      ·      ·      ·      ·    53%    55%    60%    55%
     2:30 |      ·      ·      ·      ·      ·      ·      ·      ·      ·      ·    61%    58%    53%
     3:00 |      ·      ·      ·      ·      ·      ·      ·      ·      ·      ·      ·    83%    64%
     3:30 |      ·      ·      ·      ·      ·      ·      ·      ·      ·      ·      ·      ·    65%

  2) WIN COUNT  (number of winning trades)
    Entry |   9:30  10:00  10:30  11:00  11:30  12:00  12:30   1:00   1:30   2:00   2:30   3:00   3:30
  --------+-------------------------------------------------------------------------------------------
     9:30 |     15     15     14     16     15     15     13     14     12     13     12     12     11
    10:00 |      ·     12     14     14     13     11     11     12     11     11     10      9     10
    10:30 |      ·      ·     12     14     14     11     13     12     11     10      9      9     10
    11:00 |      ·      ·      ·     13     12     11     10     10      8      9      9      7      6
    11:30 |      ·      ·      ·      ·     13      9     10     11     10      7      6      8      9
    12:00 |      ·      ·      ·      ·      ·     11      9      9     11      8      8      9     10
    12:30 |      ·      ·      ·      ·      ·      ·      8      9      9      9      7      8     10
     1:00 |      ·      ·      ·      ·      ·      ·      ·     12     11     10     10     11     11
     1:30 |      ·      ·      ·      ·      ·      ·      ·      ·     10     11     11     10     11
     2:00 |      ·      ·      ·      ·      ·      ·      ·      ·      ·      9     11     12     11
     2:30 |      ·      ·      ·      ·      ·      ·      ·      ·      ·      ·     11     11     10
     3:00 |      ·      ·      ·      ·      ·      ·      ·      ·      ·      ·      ·     15      9
     3:30 |      ·      ·      ·      ·      ·      ·      ·      ·      ·      ·      ·      ·     13

  3a) AVG P&L PER TRADE  ($ per contract)
    Entry |   9:30  10:00  10:30  11:00  11:30  12:00  12:30   1:00   1:30   2:00   2:30   3:00   3:30
  --------+-------------------------------------------------------------------------------------------
     9:30 |    +30    +40    +50    +56    +51    +43    +45    +48    +53    +54    +60    +41    +48
    10:00 |      ·    +26    +32    +48    +39    +31    +31    +36    +39    +43    +48    +29    +31
    10:30 |      ·      ·    +25    +43    +33    +35    +35    +47    +47    +30    +23    +18    +23
    11:00 |      ·      ·      ·    +30    +17    +13    +20    +25    +25    +15    +13    +10    +20
    11:30 |      ·      ·      ·      ·     +9     +8    +10    +16    +17    +22    +17     +8    +15
    12:00 |      ·      ·      ·      ·      ·     +7    +11    +17    +15    +23    +12     +7    +15
    12:30 |      ·      ·      ·      ·      ·      ·    +22    +26    +32    +38    +43    +26    +34
     1:00 |      ·      ·      ·      ·      ·      ·      ·    +18    +19    +29    +28    +21    +32
     1:30 |      ·      ·      ·      ·      ·      ·      ·      ·    +14    +15    +21    +16    +26
     2:00 |      ·      ·      ·      ·      ·      ·      ·      ·      ·     +5    +13     +9    +17
     2:30 |      ·      ·      ·      ·      ·      ·      ·      ·      ·      ·     +8    +10    +17
     3:00 |      ·      ·      ·      ·      ·      ·      ·      ·      ·      ·      ·     +7    +16
     3:30 |      ·      ·      ·      ·      ·      ·      ·      ·      ·      ·      ·      ·    +11

  3b) TOTAL P&L  ($ per contract, summed over all Tuesdays)
    Entry |    9:30   10:00   10:30   11:00   11:30   12:00   12:30    1:00    1:30    2:00    2:30    3:00    3:30
  --------+--------------------------------------------------------------------------------------------------------
     9:30 |    +632    +847   +1044   +1184   +1028    +909    +946   +1012   +1012   +1077   +1148    +854   +1016
    10:00 |       ·    +548    +680    +953    +747    +622    +623    +712    +789    +866    +906    +582    +625
    10:30 |       ·       ·    +520    +765    +629    +666    +693    +934    +884    +590    +436    +368    +486
    11:00 |       ·       ·       ·    +533    +314    +253    +378    +504    +471    +293    +230    +182    +360
    11:30 |       ·       ·       ·       ·    +175    +175    +218    +318    +321    +400    +293    +153    +287
    12:00 |       ·       ·       ·       ·       ·    +122    +226    +312    +293    +411    +237    +154    +296
    12:30 |       ·       ·       ·       ·       ·       ·    +355    +413    +512    +574    +642    +411    +606
     1:00 |       ·       ·       ·       ·       ·       ·       ·    +291    +339    +435    +419    +405    +614
     1:30 |       ·       ·       ·       ·       ·       ·       ·       ·    +203    +232    +365    +246    +475
     2:00 |       ·       ·       ·       ·       ·       ·       ·       ·       ·     +83    +270    +188    +348
     2:30 |       ·       ·       ·       ·       ·       ·       ·       ·       ·       ·    +137    +194    +323
     3:00 |       ·       ·       ·       ·       ·       ·       ·       ·       ·       ·       ·    +121    +221
     3:30 |       ·       ·       ·       ·       ·       ·       ·       ·       ·       ·       ·       ·    +220

──────────────────────────────────────────────────────────────────────────────────────
  GOOGL CALLS — TOP 15 FRAME PAIRS (by win_rate × avg payoff)
──────────────────────────────────────────────────────────────────────────────────────
   #        Entry frame         Exit frame  Trades   Wins    Win%    Avg P&L     Total P&L
  --  -----------------  -----------------  ------  -----  ------  ---------  ------------
   1       9:30–9:35 AM     11:20–11:30 AM      21     16  76.2%    $+56.40    $+1,184.42
   2      9:55–10:00 AM     11:10–11:20 AM      20     14  70.0%    $+58.18    $+1,163.61
   3      9:55–10:00 AM     11:25–11:30 AM      20     13  65.0%    $+61.28    $+1,225.66
   4       9:30–9:35 AM     11:15–11:25 AM      21     15  71.4%    $+55.52    $+1,165.98
   5       9:30–9:35 AM     11:15–11:30 AM      21     15  71.4%    $+55.31    $+1,161.42
   6       9:30–9:35 AM     11:25–11:30 AM      20     14  70.0%    $+55.47    $+1,109.41
   7       9:30–9:35 AM     11:10–11:30 AM      21     15  71.4%    $+54.08    $+1,135.78
   8      9:55–10:00 AM     11:40–11:50 AM      20     15  75.0%    $+51.40    $+1,027.95
   9      9:55–10:00 AM       2:35–2:40 PM      19     12  63.2%    $+60.43    $+1,148.19
  10       9:30–9:35 AM     11:10–11:25 AM      21     15  71.4%    $+53.08    $+1,114.64
  11       9:30–9:35 AM     11:45–11:55 AM      21     16  76.2%    $+49.30    $+1,035.30
  12       9:30–9:35 AM     11:05–11:25 AM      21     15  71.4%    $+52.06    $+1,093.20
  13      9:55–10:00 AM     11:35–11:50 AM      20     15  75.0%    $+49.16      $+983.20
  14       9:30–9:35 AM     11:10–11:20 AM      20     14  70.0%    $+52.37    $+1,047.36
  15       9:30–9:35 AM     11:20–11:35 AM      21     15  71.4%    $+51.27    $+1,076.77

──────────────────────────────────────────────────────────────────────────────────────
  Saved CSV: C:\actions-runner\_work\EoD_OptionTrading\EoD_OptionTrading\results\tuesday_intraday\backtest_tuesday_intraday_timeframe_googl_calls_150days_2026-07-14_1145.csv
  Saved TXT: C:\actions-runner\_work\EoD_OptionTrading\EoD_OptionTrading\results\tuesday_intraday\backtest_tuesday_intraday_timeframe_googl_calls_150days_2026-07-14_1145.txt
  Saved TXT (outliers removed): C:\actions-runner\_work\EoD_OptionTrading\EoD_OptionTrading\results\tuesday_intraday\backtest_tuesday_intraday_timeframe_googl_calls_150days_2026-07-14_1145_outliers_removed.txt
──────────────────────────────────────────────────────────────────────────────────────


██████████████████████████████████████████████████████████████████████████████████████
  GOOGL PUTS
██████████████████████████████████████████████████████████████████████████████████████
======================================================================================
  GOOGL PUTS
======================================================================================
  Optimal entry frame : 11:16–11:21 AM   (5 min)
  Optimal exit frame  : 12:59–1:05 PM   (6 min)
  Data source         : MIXED real+sim

  Date           Strike  Src  Qty       Entry frame    Buy$        Exit frame   Sell$   P&L/sh      P&L $  Result
  ------------ -------- ---- ---- ----------------- ------- ----------------- ------- -------- ----------  ------
  2026-02-17      300.0 REAL    1    11:16–11:21 AM    1.87     12:59–1:05 PM    2.36   +0.487    $+48.75  WIN 
  2026-02-24      310.0 REAL    1    11:16–11:21 AM    2.32     12:59–1:05 PM    1.90   -0.420    $-42.00  LOSS
  2026-03-03      297.5 REAL    1    11:16–11:21 AM    1.59     12:59–1:05 PM    1.59   +0.005     $+0.53  WIN 
  2026-03-10      310.0 REAL    1    11:16–11:21 AM    3.10     12:59–1:05 PM    3.23   +0.130    $+13.00  WIN 
  2026-03-17      305.0 REAL    1    11:16–11:21 AM    1.28     12:59–1:05 PM    0.94   -0.338    $-33.75  LOSS
  2026-03-24      297.5 REAL    1    11:16–11:21 AM    3.33     12:59–1:05 PM    5.35   +2.023   $+202.33  WIN 
  2026-03-31      277.5 REAL    2    11:16–11:21 AM    0.84     12:59–1:05 PM    0.41   -0.434    $-86.83  LOSS
  2026-04-07      302.5 REAL    1    11:16–11:21 AM    3.85     12:59–1:05 PM    2.61   -1.243   $-124.33  LOSS
  2026-04-14      325.0 REAL    —    11:16–11:21 AM       —     12:59–1:05 PM       —        —          —  skip
  2026-04-21      337.5 REAL    1    11:16–11:21 AM    2.81     12:59–1:05 PM    4.67   +1.857   $+185.67  WIN 
  2026-04-28      347.5  SIM    1    11:16–11:21 AM    2.39     12:59–1:05 PM    2.96   +0.565    $+56.47  WIN 
  2026-05-05      387.5 REAL    1    11:16–11:21 AM    2.66     12:59–1:05 PM    3.59   +0.934    $+93.40  WIN 
  2026-05-12      387.5 REAL    1    11:16–11:21 AM    3.11     12:59–1:05 PM    5.30   +2.187   $+218.67  WIN 
  2026-05-19      395.0 REAL    —    11:16–11:21 AM       —     12:59–1:05 PM       —        —          —  skip
  2026-05-26      385.0 REAL    —    11:16–11:21 AM       —     12:59–1:05 PM       —        —          —  skip
  2026-06-02      362.5 REAL    2    11:16–11:21 AM    0.80     12:59–1:05 PM    0.91   +0.110    $+22.00  WIN 
  2026-06-09      367.5 REAL    1    11:16–11:21 AM    5.99     12:59–1:05 PM    8.01   +2.020   $+202.00  WIN 
  2026-06-16      370.0 REAL    1    11:16–11:21 AM    1.30     12:59–1:05 PM    2.69   +1.389   $+138.92  WIN 
  2026-06-23      342.5 REAL    1    11:16–11:21 AM    1.48     12:59–1:05 PM    1.01   -0.470    $-47.00  LOSS
  2026-06-30      352.5 REAL    1    11:16–11:21 AM    1.59     12:59–1:05 PM    0.94   -0.642    $-64.20  LOSS
  2026-07-07      367.5 REAL    1    11:16–11:21 AM    2.58     12:59–1:05 PM    1.73   -0.846    $-84.60  LOSS

  SUMMARY (optimal frames)  trades: 18   wins: 11/18   win rate: 61.1%   total P&L: $+699.03   avg/trade: $+38.84
           best day: $+218.67   worst day: $-124.33   skipped (no data): 3
           premium spent: $4,452.59   return on spend: +15.7%

  GOOGL PUTS — HEATMAPS   (entry-frame start ↓  exit-frame start →   cyan = chosen optimal)

  Each cell = best frame pair starting in that 30-min bucket (best over all durations).

  1) WIN RATE %  (wins ÷ trades)
    Entry |   9:30  10:00  10:30  11:00  11:30  12:00  12:30   1:00   1:30   2:00   2:30   3:00   3:30
  --------+-------------------------------------------------------------------------------------------
     9:30 |    52%    52%    48%    48%    52%    48%    38%    40%    30%    37%    37%    37%    35%
    10:00 |      ·    48%    43%    48%    52%    57%    48%    45%    40%    43%    43%    45%    40%
    10:30 |      ·      ·    57%    53%    53%    58%    55%    50%    44%    47%    26%    28%    26%
    11:00 |      ·      ·      ·    62%    65%    67%    55%    56%    40%    50%    35%    40%    35%
    11:30 |      ·      ·      ·      ·    53%    68%    53%    53%    42%    42%    44%    39%    44%
    12:00 |      ·      ·      ·      ·      ·    62%    68%    61%    50%    61%    37%    53%    33%
    12:30 |      ·      ·      ·      ·      ·      ·    63%    68%    47%    58%    59%    56%    44%
     1:00 |      ·      ·      ·      ·      ·      ·      ·    56%    52%    47%    40%    38%    33%
     1:30 |      ·      ·      ·      ·      ·      ·      ·      ·    47%    67%    67%    41%    41%
     2:00 |      ·      ·      ·      ·      ·      ·      ·      ·      ·    65%    65%    50%    44%
     2:30 |      ·      ·      ·      ·      ·      ·      ·      ·      ·      ·    61%    53%    53%
     3:00 |      ·      ·      ·      ·      ·      ·      ·      ·      ·      ·      ·    67%    50%
     3:30 |      ·      ·      ·      ·      ·      ·      ·      ·      ·      ·      ·      ·    55%

  2) WIN COUNT  (number of winning trades)
    Entry |   9:30  10:00  10:30  11:00  11:30  12:00  12:30   1:00   1:30   2:00   2:30   3:00   3:30
  --------+-------------------------------------------------------------------------------------------
     9:30 |     11     11     10     10     11     10      8      8      6      7      7      7      7
    10:00 |      ·     10      9     10     11     12     10      9      8      9      9      9      8
    10:30 |      ·      ·     12     10     10     11     11     10      8      8      5      5      5
    11:00 |      ·      ·      ·     13     13     14     11     10      8      9      7      8      7
    11:30 |      ·      ·      ·      ·     10     13     10     10      8      8      8      7      8
    12:00 |      ·      ·      ·      ·      ·     13     13     11      8     11      7      9      6
    12:30 |      ·      ·      ·      ·      ·      ·     12     13      8     11     10     10      8
     1:00 |      ·      ·      ·      ·      ·      ·      ·     10     11      7      6      8      6
     1:30 |      ·      ·      ·      ·      ·      ·      ·      ·      8     10     10      7      7
     2:00 |      ·      ·      ·      ·      ·      ·      ·      ·      ·     11     11      9      7
     2:30 |      ·      ·      ·      ·      ·      ·      ·      ·      ·      ·     11      9      9
     3:00 |      ·      ·      ·      ·      ·      ·      ·      ·      ·      ·      ·     10      8
     3:30 |      ·      ·      ·      ·      ·      ·      ·      ·      ·      ·      ·      ·     11

  3a) AVG P&L PER TRADE  ($ per contract)
    Entry |   9:30  10:00  10:30  11:00  11:30  12:00  12:30   1:00   1:30   2:00   2:30   3:00   3:30
  --------+-------------------------------------------------------------------------------------------
     9:30 |     +5    -15    -33     -4     +8    +14    +17    +15     +1    -56    -60    -35    -29
    10:00 |      ·     +8     +8     +8    +13    +18    +17    +19     +4    -32    -46     -9     -7
    10:30 |      ·      ·    +12    +18    +21    +25    +23    +24    +10    -17     +1    +10    +19
    11:00 |      ·      ·      ·    +18    +20    +27    +31    +36    +15     +4     +1     +4     +9
    11:30 |      ·      ·      ·      ·    +15    +18    +28    +35    +21    +12    +11    +14    +15
    12:00 |      ·      ·      ·      ·      ·    +10    +18    +27    +17     +2     +1     -2     +2
    12:30 |      ·      ·      ·      ·      ·      ·    +17    +23    +10    -29    -37     -6    -13
     1:00 |      ·      ·      ·      ·      ·      ·      ·     +2    -25     +0     +6     +4     +7
     1:30 |      ·      ·      ·      ·      ·      ·      ·      ·     +9    +14    +10    +15    +20
     2:00 |      ·      ·      ·      ·      ·      ·      ·      ·      ·     +7     +6    +12    +15
     2:30 |      ·      ·      ·      ·      ·      ·      ·      ·      ·      ·     +8    +11    +15
     3:00 |      ·      ·      ·      ·      ·      ·      ·      ·      ·      ·      ·    +10    +15
     3:30 |      ·      ·      ·      ·      ·      ·      ·      ·      ·      ·      ·      ·     +3

  3b) TOTAL P&L  ($ per contract, summed over all Tuesdays)
    Entry |    9:30   10:00   10:30   11:00   11:30   12:00   12:30    1:00    1:30    2:00    2:30    3:00    3:30
  --------+--------------------------------------------------------------------------------------------------------
     9:30 |    +108    -313    -699     -89    +159    +298    +349    +309     +22   -1058   -1139    -663    -575
    10:00 |       ·    +158    +173    +176    +266    +382    +366    +379     +81    -667    -964    -183    -139
    10:30 |       ·       ·    +262    +335    +404    +472    +450    +484    +178    -285     +28    +178    +352
    11:00 |       ·       ·       ·    +380    +393    +570    +613    +643    +307     +70     +22     +89    +175
    11:30 |       ·       ·       ·       ·    +292    +345    +528    +668    +393    +219    +196    +247    +273
    12:00 |       ·       ·       ·       ·       ·    +215    +350    +479    +265     +27     +10     -41     +28
    12:30 |       ·       ·       ·       ·       ·       ·    +318    +444    +177    -547    -626    -112    -235
     1:00 |       ·       ·       ·       ·       ·       ·       ·     +36    -526      +6     +88     +78    +129
     1:30 |       ·       ·       ·       ·       ·       ·       ·       ·    +148    +213    +143    +260    +338
     2:00 |       ·       ·       ·       ·       ·       ·       ·       ·       ·    +126    +104    +215    +247
     2:30 |       ·       ·       ·       ·       ·       ·       ·       ·       ·       ·    +138    +183    +259
     3:00 |       ·       ·       ·       ·       ·       ·       ·       ·       ·       ·       ·    +150    +248
     3:30 |       ·       ·       ·       ·       ·       ·       ·       ·       ·       ·       ·       ·     +56

──────────────────────────────────────────────────────────────────────────────────────
  GOOGL PUTS — TOP 15 FRAME PAIRS (by win_rate × avg payoff)
──────────────────────────────────────────────────────────────────────────────────────
   #        Entry frame         Exit frame  Trades   Wins    Win%    Avg P&L     Total P&L
  --  -----------------  -----------------  ------  -----  ------  ---------  ------------
   1     11:15–11:20 AM       1:00–1:05 PM      18     10  55.6%    $+35.70      $+642.51
   2     11:45–11:55 AM       1:10–1:20 PM      19     10  52.6%    $+35.18      $+668.33
   3     11:10–11:20 AM       1:00–1:05 PM      18     10  55.6%    $+33.21      $+597.74
   4     11:10–11:15 AM       1:00–1:05 PM      18     10  55.6%    $+32.61      $+586.94
   5     11:15–11:25 AM     12:10–12:15 PM      21     14  66.7%    $+27.14      $+569.98
   6     11:50–11:55 AM       1:10–1:20 PM      19     10  52.6%    $+34.23      $+650.33
   7     11:15–11:20 AM       1:10–1:20 PM      20     11  55.0%    $+31.46      $+629.26
   8     11:15–11:20 AM     12:10–12:15 PM      20     14  70.0%    $+24.68      $+493.51
   9     11:45–11:55 AM       1:00–1:05 PM      17      9  52.9%    $+31.91      $+542.40
  10     11:50–11:55 AM       1:10–1:15 PM      19     10  52.6%    $+32.04      $+608.72
  11     11:15–11:20 AM     12:40–12:55 PM      20     11  55.0%    $+30.65      $+613.03
  12     11:50–11:55 AM       1:05–1:20 PM      19     10  52.6%    $+32.02      $+608.36
  13     11:15–11:20 AM      12:40–1:00 PM      20     11  55.0%    $+30.36      $+607.17
  14     11:15–11:20 AM      12:45–1:05 PM      20     11  55.0%    $+30.19      $+603.85
  15     11:45–11:50 AM       1:00–1:05 PM      17      9  52.9%    $+31.28      $+531.71


██████████████████████████████████████████████████████████████████████████████████████
  OUTLIERS REMOVED (winning trades > $2,000)  —  GOOGL PUTS re-optimized
██████████████████████████████████████████████████████████████████████████████████████
  (chosen frames had no winning outliers)
======================================================================================
  GOOGL PUTS
======================================================================================
  Optimal entry frame : 11:16–11:21 AM   (5 min)
  Optimal exit frame  : 12:59–1:05 PM   (6 min)
  Data source         : MIXED real+sim

  Date           Strike  Src  Qty       Entry frame    Buy$        Exit frame   Sell$   P&L/sh      P&L $  Result
  ------------ -------- ---- ---- ----------------- ------- ----------------- ------- -------- ----------  ------
  2026-02-17      300.0 REAL    1    11:16–11:21 AM    1.87     12:59–1:05 PM    2.36   +0.487    $+48.75  WIN 
  2026-02-24      310.0 REAL    1    11:16–11:21 AM    2.32     12:59–1:05 PM    1.90   -0.420    $-42.00  LOSS
  2026-03-03      297.5 REAL    1    11:16–11:21 AM    1.59     12:59–1:05 PM    1.59   +0.005     $+0.53  WIN 
  2026-03-10      310.0 REAL    1    11:16–11:21 AM    3.10     12:59–1:05 PM    3.23   +0.130    $+13.00  WIN 
  2026-03-17      305.0 REAL    1    11:16–11:21 AM    1.28     12:59–1:05 PM    0.94   -0.338    $-33.75  LOSS
  2026-03-24      297.5 REAL    1    11:16–11:21 AM    3.33     12:59–1:05 PM    5.35   +2.023   $+202.33  WIN 
  2026-03-31      277.5 REAL    2    11:16–11:21 AM    0.84     12:59–1:05 PM    0.41   -0.434    $-86.83  LOSS
  2026-04-07      302.5 REAL    1    11:16–11:21 AM    3.85     12:59–1:05 PM    2.61   -1.243   $-124.33  LOSS
  2026-04-14      325.0 REAL    —    11:16–11:21 AM       —     12:59–1:05 PM       —        —          —  skip
  2026-04-21      337.5 REAL    1    11:16–11:21 AM    2.81     12:59–1:05 PM    4.67   +1.857   $+185.67  WIN 
  2026-04-28      347.5  SIM    1    11:16–11:21 AM    2.39     12:59–1:05 PM    2.96   +0.565    $+56.47  WIN 
  2026-05-05      387.5 REAL    1    11:16–11:21 AM    2.66     12:59–1:05 PM    3.59   +0.934    $+93.40  WIN 
  2026-05-12      387.5 REAL    1    11:16–11:21 AM    3.11     12:59–1:05 PM    5.30   +2.187   $+218.67  WIN 
  2026-05-19      395.0 REAL    —    11:16–11:21 AM       —     12:59–1:05 PM       —        —          —  skip
  2026-05-26      385.0 REAL    —    11:16–11:21 AM       —     12:59–1:05 PM       —        —          —  skip
  2026-06-02      362.5 REAL    2    11:16–11:21 AM    0.80     12:59–1:05 PM    0.91   +0.110    $+22.00  WIN 
  2026-06-09      367.5 REAL    1    11:16–11:21 AM    5.99     12:59–1:05 PM    8.01   +2.020   $+202.00  WIN 
  2026-06-16      370.0 REAL    1    11:16–11:21 AM    1.30     12:59–1:05 PM    2.69   +1.389   $+138.92  WIN 
  2026-06-23      342.5 REAL    1    11:16–11:21 AM    1.48     12:59–1:05 PM    1.01   -0.470    $-47.00  LOSS
  2026-06-30      352.5 REAL    1    11:16–11:21 AM    1.59     12:59–1:05 PM    0.94   -0.642    $-64.20  LOSS
  2026-07-07      367.5 REAL    1    11:16–11:21 AM    2.58     12:59–1:05 PM    1.73   -0.846    $-84.60  LOSS

  SUMMARY (optimal frames)  trades: 18   wins: 11/18   win rate: 61.1%   total P&L: $+699.03   avg/trade: $+38.84
           best day: $+218.67   worst day: $-124.33   skipped (no data): 3
           premium spent: $4,452.59   return on spend: +15.7%

  GOOGL PUTS — HEATMAPS   (entry-frame start ↓  exit-frame start →   cyan = chosen optimal)

  Each cell = best frame pair starting in that 30-min bucket (best over all durations).

  1) WIN RATE %  (wins ÷ trades)
    Entry |   9:30  10:00  10:30  11:00  11:30  12:00  12:30   1:00   1:30   2:00   2:30   3:00   3:30
  --------+-------------------------------------------------------------------------------------------
     9:30 |    52%    52%    48%    48%    52%    48%    38%    40%    30%    37%    37%    37%    35%
    10:00 |      ·    48%    43%    48%    52%    57%    48%    45%    40%    43%    43%    45%    40%
    10:30 |      ·      ·    57%    53%    53%    58%    55%    50%    44%    47%    26%    28%    26%
    11:00 |      ·      ·      ·    62%    65%    67%    55%    56%    40%    50%    35%    40%    35%
    11:30 |      ·      ·      ·      ·    53%    68%    53%    53%    42%    42%    44%    39%    44%
    12:00 |      ·      ·      ·      ·      ·    62%    68%    61%    50%    61%    37%    53%    33%
    12:30 |      ·      ·      ·      ·      ·      ·    63%    68%    47%    58%    59%    56%    44%
     1:00 |      ·      ·      ·      ·      ·      ·      ·    56%    52%    47%    40%    38%    33%
     1:30 |      ·      ·      ·      ·      ·      ·      ·      ·    47%    67%    67%    41%    41%
     2:00 |      ·      ·      ·      ·      ·      ·      ·      ·      ·    65%    65%    50%    44%
     2:30 |      ·      ·      ·      ·      ·      ·      ·      ·      ·      ·    61%    53%    53%
     3:00 |      ·      ·      ·      ·      ·      ·      ·      ·      ·      ·      ·    67%    50%
     3:30 |      ·      ·      ·      ·      ·      ·      ·      ·      ·      ·      ·      ·    55%

  2) WIN COUNT  (number of winning trades)
    Entry |   9:30  10:00  10:30  11:00  11:30  12:00  12:30   1:00   1:30   2:00   2:30   3:00   3:30
  --------+-------------------------------------------------------------------------------------------
     9:30 |     11     11     10     10     11     10      8      8      6      7      7      7      7
    10:00 |      ·     10      9     10     11     12     10      9      8      9      9      9      8
    10:30 |      ·      ·     12     10     10     11     11     10      8      8      5      5      5
    11:00 |      ·      ·      ·     13     13     14     11     10      8      9      7      8      7
    11:30 |      ·      ·      ·      ·     10     13     10     10      8      8      8      7      8
    12:00 |      ·      ·      ·      ·      ·     13     13     11      8     11      7      9      6
    12:30 |      ·      ·      ·      ·      ·      ·     12     13      8     11     10     10      8
     1:00 |      ·      ·      ·      ·      ·      ·      ·     10     11      7      6      8      6
     1:30 |      ·      ·      ·      ·      ·      ·      ·      ·      8     10     10      7      7
     2:00 |      ·      ·      ·      ·      ·      ·      ·      ·      ·     11     11      9      7
     2:30 |      ·      ·      ·      ·      ·      ·      ·      ·      ·      ·     11      9      9
     3:00 |      ·      ·      ·      ·      ·      ·      ·      ·      ·      ·      ·     10      8
     3:30 |      ·      ·      ·      ·      ·      ·      ·      ·      ·      ·      ·      ·     11

  3a) AVG P&L PER TRADE  ($ per contract)
    Entry |   9:30  10:00  10:30  11:00  11:30  12:00  12:30   1:00   1:30   2:00   2:30   3:00   3:30
  --------+-------------------------------------------------------------------------------------------
     9:30 |     +5    -15    -33     -4     +8    +14    +17    +15     +1    -56    -60    -35    -29
    10:00 |      ·     +8     +8     +8    +13    +18    +17    +19     +4    -32    -46     -9     -7
    10:30 |      ·      ·    +12    +18    +21    +25    +23    +24    +10    -17     +1    +10    +19
    11:00 |      ·      ·      ·    +18    +20    +27    +31    +36    +15     +4     +1     +4     +9
    11:30 |      ·      ·      ·      ·    +15    +18    +28    +35    +21    +12    +11    +14    +15
    12:00 |      ·      ·      ·      ·      ·    +10    +18    +27    +17     +2     +1     -2     +2
    12:30 |      ·      ·      ·      ·      ·      ·    +17    +23    +10    -29    -37     -6    -13
     1:00 |      ·      ·      ·      ·      ·      ·      ·     +2    -25     +0     +6     +4     +7
     1:30 |      ·      ·      ·      ·      ·      ·      ·      ·     +9    +14    +10    +15    +20
     2:00 |      ·      ·      ·      ·      ·      ·      ·      ·      ·     +7     +6    +12    +15
     2:30 |      ·      ·      ·      ·      ·      ·      ·      ·      ·      ·     +8    +11    +15
     3:00 |      ·      ·      ·      ·      ·      ·      ·      ·      ·      ·      ·    +10    +15
     3:30 |      ·      ·      ·      ·      ·      ·      ·      ·      ·      ·      ·      ·     +3

  3b) TOTAL P&L  ($ per contract, summed over all Tuesdays)
    Entry |    9:30   10:00   10:30   11:00   11:30   12:00   12:30    1:00    1:30    2:00    2:30    3:00    3:30
  --------+--------------------------------------------------------------------------------------------------------
     9:30 |    +108    -313    -699     -89    +159    +298    +349    +309     +22   -1058   -1139    -663    -575
    10:00 |       ·    +158    +173    +176    +266    +382    +366    +379     +81    -667    -964    -183    -139
    10:30 |       ·       ·    +262    +335    +404    +472    +450    +484    +178    -285     +28    +178    +352
    11:00 |       ·       ·       ·    +380    +393    +570    +613    +643    +307     +70     +22     +89    +175
    11:30 |       ·       ·       ·       ·    +292    +345    +528    +668    +393    +219    +196    +247    +273
    12:00 |       ·       ·       ·       ·       ·    +215    +350    +479    +265     +27     +10     -41     +28
    12:30 |       ·       ·       ·       ·       ·       ·    +318    +444    +177    -547    -626    -112    -235
     1:00 |       ·       ·       ·       ·       ·       ·       ·     +36    -526      +6     +88     +78    +129
     1:30 |       ·       ·       ·       ·       ·       ·       ·       ·    +148    +213    +143    +260    +338
     2:00 |       ·       ·       ·       ·       ·       ·       ·       ·       ·    +126    +104    +215    +247
     2:30 |       ·       ·       ·       ·       ·       ·       ·       ·       ·       ·    +138    +183    +259
     3:00 |       ·       ·       ·       ·       ·       ·       ·       ·       ·       ·       ·    +150    +248
     3:30 |       ·       ·       ·       ·       ·       ·       ·       ·       ·       ·       ·       ·     +56

──────────────────────────────────────────────────────────────────────────────────────
  GOOGL PUTS — TOP 15 FRAME PAIRS (by win_rate × avg payoff)
──────────────────────────────────────────────────────────────────────────────────────
   #        Entry frame         Exit frame  Trades   Wins    Win%    Avg P&L     Total P&L
  --  -----------------  -----------------  ------  -----  ------  ---------  ------------
   1     11:15–11:20 AM       1:00–1:05 PM      18     10  55.6%    $+35.70      $+642.51
   2     11:45–11:55 AM       1:10–1:20 PM      19     10  52.6%    $+35.18      $+668.33
   3     11:10–11:20 AM       1:00–1:05 PM      18     10  55.6%    $+33.21      $+597.74
   4     11:10–11:15 AM       1:00–1:05 PM      18     10  55.6%    $+32.61      $+586.94
   5     11:15–11:25 AM     12:10–12:15 PM      21     14  66.7%    $+27.14      $+569.98
   6     11:50–11:55 AM       1:10–1:20 PM      19     10  52.6%    $+34.23      $+650.33
   7     11:15–11:20 AM       1:10–1:20 PM      20     11  55.0%    $+31.46      $+629.26
   8     11:15–11:20 AM     12:10–12:15 PM      20     14  70.0%    $+24.68      $+493.51
   9     11:45–11:55 AM       1:00–1:05 PM      17      9  52.9%    $+31.91      $+542.40
  10     11:50–11:55 AM       1:10–1:15 PM      19     10  52.6%    $+32.04      $+608.72
  11     11:15–11:20 AM     12:40–12:55 PM      20     11  55.0%    $+30.65      $+613.03
  12     11:50–11:55 AM       1:05–1:20 PM      19     10  52.6%    $+32.02      $+608.36
  13     11:15–11:20 AM      12:40–1:00 PM      20     11  55.0%    $+30.36      $+607.17
  14     11:15–11:20 AM      12:45–1:05 PM      20     11  55.0%    $+30.19      $+603.85
  15     11:45–11:50 AM       1:00–1:05 PM      17      9  52.9%    $+31.28      $+531.71

──────────────────────────────────────────────────────────────────────────────────────
  Saved CSV: C:\actions-runner\_work\EoD_OptionTrading\EoD_OptionTrading\results\tuesday_intraday\backtest_tuesday_intraday_timeframe_googl_puts_150days_2026-07-14_1145.csv
  Saved TXT: C:\actions-runner\_work\EoD_OptionTrading\EoD_OptionTrading\results\tuesday_intraday\backtest_tuesday_intraday_timeframe_googl_puts_150days_2026-07-14_1145.txt
  Saved TXT (outliers removed): C:\actions-runner\_work\EoD_OptionTrading\EoD_OptionTrading\results\tuesday_intraday\backtest_tuesday_intraday_timeframe_googl_puts_150days_2026-07-14_1145_outliers_removed.txt
──────────────────────────────────────────────────────────────────────────────────────


██████████████████████████████████████████████████████████████████████████████████████
  AMZN CALLS
██████████████████████████████████████████████████████████████████████████████████████
======================================================================================
  AMZN CALLS
======================================================================================
  Optimal entry frame : 11:31–11:36 AM   (5 min)
  Optimal exit frame  : 1:41–1:46 PM   (5 min)
  Data source         : REAL prices

  Date           Strike  Src  Qty       Entry frame    Buy$        Exit frame   Sell$   P&L/sh      P&L $  Result
  ------------ -------- ---- ---- ----------------- ------- ----------------- ------- -------- ----------  ------
  2026-02-17      200.0 REAL    1    11:31–11:36 AM    2.44      1:41–1:46 PM    2.44   +0.004     $+0.40  WIN 
  2026-02-24      205.0 REAL    1    11:31–11:36 AM    4.36      1:41–1:46 PM    5.17   +0.815    $+81.50  WIN 
  2026-03-03      202.5 REAL    1    11:31–11:36 AM    4.10      1:41–1:46 PM    6.27   +2.165   $+216.47  WIN 
  2026-03-10      215.0 REAL    1    11:31–11:36 AM    1.49      1:41–1:46 PM    1.67   +0.182    $+18.20  WIN 
  2026-03-17      212.5 REAL    —    11:31–11:36 AM       —      1:41–1:46 PM       —        —          —  skip
  2026-03-24      207.5 REAL    1    11:31–11:36 AM    2.01      1:41–1:46 PM    1.59   -0.421    $-42.15  LOSS
  2026-03-31      205.0 REAL    1    11:31–11:36 AM    2.39      1:41–1:46 PM    4.51   +2.125   $+212.53  WIN 
  2026-04-07      210.0 REAL    1    11:31–11:36 AM    2.30      1:41–1:46 PM    3.78   +1.476   $+147.60  WIN 
  2026-04-14      242.5 REAL    1    11:31–11:36 AM    5.77      1:41–1:46 PM    9.63   +3.863   $+386.33  WIN 
  2026-04-21      252.5 REAL    1    11:31–11:36 AM    1.97      1:41–1:46 PM    2.08   +0.112    $+11.20  WIN 
  2026-04-28      255.0 REAL    —    11:31–11:36 AM       —      1:41–1:46 PM       —        —          —  skip
  2026-05-05      277.5 REAL    1    11:31–11:36 AM    1.50      1:41–1:46 PM    0.66   -0.834    $-83.35  LOSS
  2026-05-12      267.5 REAL    2    11:31–11:36 AM    0.90      1:41–1:46 PM    0.62   -0.272    $-54.40  LOSS
  2026-05-19      262.5 REAL    4    11:31–11:36 AM    0.31      1:41–1:46 PM    0.64   +0.330   $+132.00  WIN 
  2026-05-26      267.5 REAL    2    11:31–11:36 AM    0.61      1:41–1:46 PM    0.33   -0.285    $-57.07  LOSS
  2026-06-02      257.5 REAL    1    11:31–11:36 AM    3.88      1:41–1:46 PM    2.27   -1.609   $-160.85  LOSS
  2026-06-09      247.5 REAL    2    11:31–11:36 AM    0.61      1:41–1:46 PM    0.95   +0.346    $+69.20  WIN 
  2026-06-16      247.5 REAL    1    11:31–11:36 AM    2.52      1:41–1:46 PM    1.10   -1.420   $-142.00  LOSS
  2026-06-23      232.5 REAL    1    11:31–11:36 AM    2.61      1:41–1:46 PM    2.85   +0.235    $+23.50  WIN 
  2026-06-30      237.5 REAL    1    11:31–11:36 AM    2.77      1:41–1:46 PM    2.87   +0.102    $+10.20  WIN 
  2026-07-07      245.0 REAL    1    11:31–11:36 AM    1.35      1:41–1:46 PM    2.33   +0.981    $+98.13  WIN 

  SUMMARY (optimal frames)  trades: 19   wins: 13/19   win rate: 68.4%   total P&L: $+867.44   avg/trade: $+45.65
           best day: $+386.33   worst day: $-160.85   skipped (no data): 2
           premium spent: $4,694.68   return on spend: +18.5%

  AMZN CALLS — HEATMAPS   (entry-frame start ↓  exit-frame start →   cyan = chosen optimal)

  Each cell = best frame pair starting in that 30-min bucket (best over all durations).

  1) WIN RATE %  (wins ÷ trades)
    Entry |   9:30  10:00  10:30  11:00  11:30  12:00  12:30   1:00   1:30   2:00   2:30   3:00   3:30
  --------+-------------------------------------------------------------------------------------------
     9:30 |    60%    52%    57%    48%    48%    45%    45%    45%    55%    50%    45%    45%    55%
    10:00 |      ·    55%    45%    45%    50%    50%    50%    45%    60%    55%    55%    50%    55%
    10:30 |      ·      ·    35%    70%    50%    45%    50%    50%    60%    55%    50%    55%    50%
    11:00 |      ·      ·      ·    55%    60%    60%    55%    55%    65%    60%    50%    55%    55%
    11:30 |      ·      ·      ·      ·    60%    60%    60%    60%    70%    60%    55%    55%    55%
    12:00 |      ·      ·      ·      ·      ·    60%    60%    60%    60%    60%    55%    55%    56%
    12:30 |      ·      ·      ·      ·      ·      ·    60%    65%    70%    70%    53%    53%    56%
     1:00 |      ·      ·      ·      ·      ·      ·      ·    70%    79%    79%    65%    63%    61%
     1:30 |      ·      ·      ·      ·      ·      ·      ·      ·    79%    74%    61%    61%    53%
     2:00 |      ·      ·      ·      ·      ·      ·      ·      ·      ·    50%    45%    55%    44%
     2:30 |      ·      ·      ·      ·      ·      ·      ·      ·      ·      ·    53%    65%    50%
     3:00 |      ·      ·      ·      ·      ·      ·      ·      ·      ·      ·      ·    58%    41%
     3:30 |      ·      ·      ·      ·      ·      ·      ·      ·      ·      ·      ·      ·    55%

  2) WIN COUNT  (number of winning trades)
    Entry |   9:30  10:00  10:30  11:00  11:30  12:00  12:30   1:00   1:30   2:00   2:30   3:00   3:30
  --------+-------------------------------------------------------------------------------------------
     9:30 |     12     11     12     10     10      9      9      9     11     10      9      9     11
    10:00 |      ·     11      9      9     10     10     10      9     12     11     11     10     11
    10:30 |      ·      ·      7     14     10      9     10     10     12     11     10     11     10
    11:00 |      ·      ·      ·     11     12     12     11     11     13     12     10     11     11
    11:30 |      ·      ·      ·      ·     12     12     12     12     14     12     11     11     11
    12:00 |      ·      ·      ·      ·      ·     12     12     12     12     12     11     11     10
    12:30 |      ·      ·      ·      ·      ·      ·     12     13     14     14     10     10     10
     1:00 |      ·      ·      ·      ·      ·      ·      ·     14     15     15     13     12     11
     1:30 |      ·      ·      ·      ·      ·      ·      ·      ·     15     14     11     11      9
     2:00 |      ·      ·      ·      ·      ·      ·      ·      ·      ·      9      9     11      8
     2:30 |      ·      ·      ·      ·      ·      ·      ·      ·      ·      ·     10     13      9
     3:00 |      ·      ·      ·      ·      ·      ·      ·      ·      ·      ·      ·     11      7
     3:30 |      ·      ·      ·      ·      ·      ·      ·      ·      ·      ·      ·      ·     11

  3a) AVG P&L PER TRADE  ($ per contract)
    Entry |   9:30  10:00  10:30  11:00  11:30  12:00  12:30   1:00   1:30   2:00   2:30   3:00   3:30
  --------+-------------------------------------------------------------------------------------------
     9:30 |     +5     +0     +3    +12    +13    +20    +24    +31    +33    +41    +17    +23    +18
    10:00 |      ·     +8    +13    +17    +21    +27    +29    +35    +36    +42    +21    +25    +19
    10:30 |      ·      ·    +12    +12    +23    +26    +28    +35    +39    +46    +24    +29    +26
    11:00 |      ·      ·      ·    +17    +20    +24    +29    +35    +40    +47    +24    +25    +25
    11:30 |      ·      ·      ·      ·    +23    +28    +32    +38    +43    +50    +26    +28    +26
    12:00 |      ·      ·      ·      ·      ·    +23    +28    +33    +42    +46    +22    +25    +27
    12:30 |      ·      ·      ·      ·      ·      ·    +18    +23    +32    +37    +16    +22    +25
     1:00 |      ·      ·      ·      ·      ·      ·      ·    +24    +32    +35    +13    +18    +20
     1:30 |      ·      ·      ·      ·      ·      ·      ·      ·    +23    +29     +6    +12    +17
     2:00 |      ·      ·      ·      ·      ·      ·      ·      ·      ·     +3     +4     +7    +11
     2:30 |      ·      ·      ·      ·      ·      ·      ·      ·      ·      ·    +11    +14    +17
     3:00 |      ·      ·      ·      ·      ·      ·      ·      ·      ·      ·      ·     +9     +9
     3:30 |      ·      ·      ·      ·      ·      ·      ·      ·      ·      ·      ·      ·     +5

  3b) TOTAL P&L  ($ per contract, summed over all Tuesdays)
    Entry |    9:30   10:00   10:30   11:00   11:30   12:00   12:30    1:00    1:30    2:00    2:30    3:00    3:30
  --------+--------------------------------------------------------------------------------------------------------
     9:30 |     +94      +7     +71    +248    +283    +394    +475    +625    +661    +812    +339    +456    +356
    10:00 |       ·    +160    +265    +339    +424    +542    +587    +697    +710    +839    +421    +502    +378
    10:30 |       ·       ·    +239    +248    +457    +525    +561    +709    +770    +920    +487    +575    +512
    11:00 |       ·       ·       ·    +341    +410    +487    +586    +702    +807    +936    +474    +508    +499
    11:30 |       ·       ·       ·       ·    +469    +569    +641    +758    +867   +1001    +528    +555    +525
    12:00 |       ·       ·       ·       ·       ·    +467    +556    +669    +841    +926    +439    +493    +491
    12:30 |       ·       ·       ·       ·       ·       ·    +362    +465    +646    +731    +295    +417    +447
     1:00 |       ·       ·       ·       ·       ·       ·       ·    +488    +602    +657    +250    +351    +368
     1:30 |       ·       ·       ·       ·       ·       ·       ·       ·    +430    +546    +117    +221    +283
     2:00 |       ·       ·       ·       ·       ·       ·       ·       ·       ·     +57     +87    +139    +202
     2:30 |       ·       ·       ·       ·       ·       ·       ·       ·       ·       ·    +216    +274    +310
     3:00 |       ·       ·       ·       ·       ·       ·       ·       ·       ·       ·       ·    +167    +151
     3:30 |       ·       ·       ·       ·       ·       ·       ·       ·       ·       ·       ·       ·     +99

──────────────────────────────────────────────────────────────────────────────────────
  AMZN CALLS — TOP 15 FRAME PAIRS (by win_rate × avg payoff)
──────────────────────────────────────────────────────────────────────────────────────
   #        Entry frame         Exit frame  Trades   Wins    Win%    Avg P&L     Total P&L
  --  -----------------  -----------------  ------  -----  ------  ---------  ------------
   1     11:30–11:35 AM       1:40–1:45 PM      20     14  70.0%    $+43.35      $+866.92
   2     11:30–11:40 AM       1:40–1:45 PM      20     14  70.0%    $+43.15      $+863.05
   3     11:35–11:40 AM       2:00–2:10 PM      20     12  60.0%    $+50.03    $+1,000.66
   4     11:30–11:45 AM       2:00–2:10 PM      20     12  60.0%    $+49.25      $+985.05
   5     11:30–11:45 AM       1:40–1:45 PM      20     14  70.0%    $+41.85      $+837.07
   6     11:35–11:45 AM       1:40–1:45 PM      20     14  70.0%    $+40.90      $+817.90
   7     11:00–11:05 AM       2:00–2:10 PM      20     12  60.0%    $+46.79      $+935.89
   8     11:30–11:35 AM       2:00–2:10 PM      20     11  55.0%    $+50.74    $+1,014.89
   9     11:00–11:10 AM       2:00–2:10 PM      20     12  60.0%    $+46.50      $+929.91
  10     11:30–11:40 AM       2:00–2:10 PM      20     11  55.0%    $+50.55    $+1,011.02
  11     11:30–11:40 AM       1:55–2:10 PM      20     12  60.0%    $+46.31      $+926.21
  12     12:10–12:15 PM       2:00–2:10 PM      20     12  60.0%    $+46.28      $+925.57
  13     11:35–11:40 AM       1:40–1:45 PM      20     13  65.0%    $+42.63      $+852.68
  14     11:35–11:40 AM       2:05–2:15 PM      20     12  60.0%    $+46.05      $+921.00
  15     11:05–11:10 AM       2:00–2:10 PM      20     12  60.0%    $+45.87      $+917.37


██████████████████████████████████████████████████████████████████████████████████████
  OUTLIERS REMOVED (winning trades > $2,000)  —  AMZN CALLS re-optimized
██████████████████████████████████████████████████████████████████████████████████████
  (chosen frames had no winning outliers)
======================================================================================
  AMZN CALLS
======================================================================================
  Optimal entry frame : 11:31–11:36 AM   (5 min)
  Optimal exit frame  : 1:41–1:46 PM   (5 min)
  Data source         : REAL prices

  Date           Strike  Src  Qty       Entry frame    Buy$        Exit frame   Sell$   P&L/sh      P&L $  Result
  ------------ -------- ---- ---- ----------------- ------- ----------------- ------- -------- ----------  ------
  2026-02-17      200.0 REAL    1    11:31–11:36 AM    2.44      1:41–1:46 PM    2.44   +0.004     $+0.40  WIN 
  2026-02-24      205.0 REAL    1    11:31–11:36 AM    4.36      1:41–1:46 PM    5.17   +0.815    $+81.50  WIN 
  2026-03-03      202.5 REAL    1    11:31–11:36 AM    4.10      1:41–1:46 PM    6.27   +2.165   $+216.47  WIN 
  2026-03-10      215.0 REAL    1    11:31–11:36 AM    1.49      1:41–1:46 PM    1.67   +0.182    $+18.20  WIN 
  2026-03-17      212.5 REAL    —    11:31–11:36 AM       —      1:41–1:46 PM       —        —          —  skip
  2026-03-24      207.5 REAL    1    11:31–11:36 AM    2.01      1:41–1:46 PM    1.59   -0.421    $-42.15  LOSS
  2026-03-31      205.0 REAL    1    11:31–11:36 AM    2.39      1:41–1:46 PM    4.51   +2.125   $+212.53  WIN 
  2026-04-07      210.0 REAL    1    11:31–11:36 AM    2.30      1:41–1:46 PM    3.78   +1.476   $+147.60  WIN 
  2026-04-14      242.5 REAL    1    11:31–11:36 AM    5.77      1:41–1:46 PM    9.63   +3.863   $+386.33  WIN 
  2026-04-21      252.5 REAL    1    11:31–11:36 AM    1.97      1:41–1:46 PM    2.08   +0.112    $+11.20  WIN 
  2026-04-28      255.0 REAL    —    11:31–11:36 AM       —      1:41–1:46 PM       —        —          —  skip
  2026-05-05      277.5 REAL    1    11:31–11:36 AM    1.50      1:41–1:46 PM    0.66   -0.834    $-83.35  LOSS
  2026-05-12      267.5 REAL    2    11:31–11:36 AM    0.90      1:41–1:46 PM    0.62   -0.272    $-54.40  LOSS
  2026-05-19      262.5 REAL    4    11:31–11:36 AM    0.31      1:41–1:46 PM    0.64   +0.330   $+132.00  WIN 
  2026-05-26      267.5 REAL    2    11:31–11:36 AM    0.61      1:41–1:46 PM    0.33   -0.285    $-57.07  LOSS
  2026-06-02      257.5 REAL    1    11:31–11:36 AM    3.88      1:41–1:46 PM    2.27   -1.609   $-160.85  LOSS
  2026-06-09      247.5 REAL    2    11:31–11:36 AM    0.61      1:41–1:46 PM    0.95   +0.346    $+69.20  WIN 
  2026-06-16      247.5 REAL    1    11:31–11:36 AM    2.52      1:41–1:46 PM    1.10   -1.420   $-142.00  LOSS
  2026-06-23      232.5 REAL    1    11:31–11:36 AM    2.61      1:41–1:46 PM    2.85   +0.235    $+23.50  WIN 
  2026-06-30      237.5 REAL    1    11:31–11:36 AM    2.77      1:41–1:46 PM    2.87   +0.102    $+10.20  WIN 
  2026-07-07      245.0 REAL    1    11:31–11:36 AM    1.35      1:41–1:46 PM    2.33   +0.981    $+98.13  WIN 

  SUMMARY (optimal frames)  trades: 19   wins: 13/19   win rate: 68.4%   total P&L: $+867.44   avg/trade: $+45.65
           best day: $+386.33   worst day: $-160.85   skipped (no data): 2
           premium spent: $4,694.68   return on spend: +18.5%

  AMZN CALLS — HEATMAPS   (entry-frame start ↓  exit-frame start →   cyan = chosen optimal)

  Each cell = best frame pair starting in that 30-min bucket (best over all durations).

  1) WIN RATE %  (wins ÷ trades)
    Entry |   9:30  10:00  10:30  11:00  11:30  12:00  12:30   1:00   1:30   2:00   2:30   3:00   3:30
  --------+-------------------------------------------------------------------------------------------
     9:30 |    60%    52%    57%    48%    48%    45%    45%    45%    55%    50%    45%    45%    55%
    10:00 |      ·    55%    45%    45%    50%    50%    50%    45%    60%    55%    55%    50%    55%
    10:30 |      ·      ·    35%    70%    50%    45%    50%    50%    60%    55%    50%    55%    50%
    11:00 |      ·      ·      ·    55%    60%    60%    55%    55%    65%    60%    50%    55%    55%
    11:30 |      ·      ·      ·      ·    60%    60%    60%    60%    70%    60%    55%    55%    55%
    12:00 |      ·      ·      ·      ·      ·    60%    60%    60%    60%    60%    55%    55%    56%
    12:30 |      ·      ·      ·      ·      ·      ·    60%    65%    70%    70%    53%    53%    56%
     1:00 |      ·      ·      ·      ·      ·      ·      ·    70%    79%    79%    65%    63%    61%
     1:30 |      ·      ·      ·      ·      ·      ·      ·      ·    79%    74%    61%    61%    53%
     2:00 |      ·      ·      ·      ·      ·      ·      ·      ·      ·    50%    45%    55%    44%
     2:30 |      ·      ·      ·      ·      ·      ·      ·      ·      ·      ·    53%    65%    50%
     3:00 |      ·      ·      ·      ·      ·      ·      ·      ·      ·      ·      ·    58%    41%
     3:30 |      ·      ·      ·      ·      ·      ·      ·      ·      ·      ·      ·      ·    55%

  2) WIN COUNT  (number of winning trades)
    Entry |   9:30  10:00  10:30  11:00  11:30  12:00  12:30   1:00   1:30   2:00   2:30   3:00   3:30
  --------+-------------------------------------------------------------------------------------------
     9:30 |     12     11     12     10     10      9      9      9     11     10      9      9     11
    10:00 |      ·     11      9      9     10     10     10      9     12     11     11     10     11
    10:30 |      ·      ·      7     14     10      9     10     10     12     11     10     11     10
    11:00 |      ·      ·      ·     11     12     12     11     11     13     12     10     11     11
    11:30 |      ·      ·      ·      ·     12     12     12     12     14     12     11     11     11
    12:00 |      ·      ·      ·      ·      ·     12     12     12     12     12     11     11     10
    12:30 |      ·      ·      ·      ·      ·      ·     12     13     14     14     10     10     10
     1:00 |      ·      ·      ·      ·      ·      ·      ·     14     15     15     13     12     11
     1:30 |      ·      ·      ·      ·      ·      ·      ·      ·     15     14     11     11      9
     2:00 |      ·      ·      ·      ·      ·      ·      ·      ·      ·      9      9     11      8
     2:30 |      ·      ·      ·      ·      ·      ·      ·      ·      ·      ·     10     13      9
     3:00 |      ·      ·      ·      ·      ·      ·      ·      ·      ·      ·      ·     11      7
     3:30 |      ·      ·      ·      ·      ·      ·      ·      ·      ·      ·      ·      ·     11

  3a) AVG P&L PER TRADE  ($ per contract)
    Entry |   9:30  10:00  10:30  11:00  11:30  12:00  12:30   1:00   1:30   2:00   2:30   3:00   3:30
  --------+-------------------------------------------------------------------------------------------
     9:30 |     +5     +0     +3    +12    +13    +20    +24    +31    +33    +41    +17    +23    +18
    10:00 |      ·     +8    +13    +17    +21    +27    +29    +35    +36    +42    +21    +25    +19
    10:30 |      ·      ·    +12    +12    +23    +26    +28    +35    +39    +46    +24    +29    +26
    11:00 |      ·      ·      ·    +17    +20    +24    +29    +35    +40    +47    +24    +25    +25
    11:30 |      ·      ·      ·      ·    +23    +28    +32    +38    +43    +50    +26    +28    +26
    12:00 |      ·      ·      ·      ·      ·    +23    +28    +33    +42    +46    +22    +25    +27
    12:30 |      ·      ·      ·      ·      ·      ·    +18    +23    +32    +37    +16    +22    +25
     1:00 |      ·      ·      ·      ·      ·      ·      ·    +24    +32    +35    +13    +18    +20
     1:30 |      ·      ·      ·      ·      ·      ·      ·      ·    +23    +29     +6    +12    +17
     2:00 |      ·      ·      ·      ·      ·      ·      ·      ·      ·     +3     +4     +7    +11
     2:30 |      ·      ·      ·      ·      ·      ·      ·      ·      ·      ·    +11    +14    +17
     3:00 |      ·      ·      ·      ·      ·      ·      ·      ·      ·      ·      ·     +9     +9
     3:30 |      ·      ·      ·      ·      ·      ·      ·      ·      ·      ·      ·      ·     +5

  3b) TOTAL P&L  ($ per contract, summed over all Tuesdays)
    Entry |    9:30   10:00   10:30   11:00   11:30   12:00   12:30    1:00    1:30    2:00    2:30    3:00    3:30
  --------+--------------------------------------------------------------------------------------------------------
     9:30 |     +94      +7     +71    +248    +283    +394    +475    +625    +661    +812    +339    +456    +356
    10:00 |       ·    +160    +265    +339    +424    +542    +587    +697    +710    +839    +421    +502    +378
    10:30 |       ·       ·    +239    +248    +457    +525    +561    +709    +770    +920    +487    +575    +512
    11:00 |       ·       ·       ·    +341    +410    +487    +586    +702    +807    +936    +474    +508    +499
    11:30 |       ·       ·       ·       ·    +469    +569    +641    +758    +867   +1001    +528    +555    +525
    12:00 |       ·       ·       ·       ·       ·    +467    +556    +669    +841    +926    +439    +493    +491
    12:30 |       ·       ·       ·       ·       ·       ·    +362    +465    +646    +731    +295    +417    +447
     1:00 |       ·       ·       ·       ·       ·       ·       ·    +488    +602    +657    +250    +351    +368
     1:30 |       ·       ·       ·       ·       ·       ·       ·       ·    +430    +546    +117    +221    +283
     2:00 |       ·       ·       ·       ·       ·       ·       ·       ·       ·     +57     +87    +139    +202
     2:30 |       ·       ·       ·       ·       ·       ·       ·       ·       ·       ·    +216    +274    +310
     3:00 |       ·       ·       ·       ·       ·       ·       ·       ·       ·       ·       ·    +167    +151
     3:30 |       ·       ·       ·       ·       ·       ·       ·       ·       ·       ·       ·       ·     +99

──────────────────────────────────────────────────────────────────────────────────────
  AMZN CALLS — TOP 15 FRAME PAIRS (by win_rate × avg payoff)
──────────────────────────────────────────────────────────────────────────────────────
   #        Entry frame         Exit frame  Trades   Wins    Win%    Avg P&L     Total P&L
  --  -----------------  -----------------  ------  -----  ------  ---------  ------------
   1     11:30–11:35 AM       1:40–1:45 PM      20     14  70.0%    $+43.35      $+866.92
   2     11:30–11:40 AM       1:40–1:45 PM      20     14  70.0%    $+43.15      $+863.05
   3     11:35–11:40 AM       2:00–2:10 PM      20     12  60.0%    $+50.03    $+1,000.66
   4     11:30–11:45 AM       2:00–2:10 PM      20     12  60.0%    $+49.25      $+985.05
   5     11:30–11:45 AM       1:40–1:45 PM      20     14  70.0%    $+41.85      $+837.07
   6     11:35–11:45 AM       1:40–1:45 PM      20     14  70.0%    $+40.90      $+817.90
   7     11:00–11:05 AM       2:00–2:10 PM      20     12  60.0%    $+46.79      $+935.89
   8     11:30–11:35 AM       2:00–2:10 PM      20     11  55.0%    $+50.74    $+1,014.89
   9     11:00–11:10 AM       2:00–2:10 PM      20     12  60.0%    $+46.50      $+929.91
  10     11:30–11:40 AM       2:00–2:10 PM      20     11  55.0%    $+50.55    $+1,011.02
  11     11:30–11:40 AM       1:55–2:10 PM      20     12  60.0%    $+46.31      $+926.21
  12     12:10–12:15 PM       2:00–2:10 PM      20     12  60.0%    $+46.28      $+925.57
  13     11:35–11:40 AM       1:40–1:45 PM      20     13  65.0%    $+42.63      $+852.68
  14     11:35–11:40 AM       2:05–2:15 PM      20     12  60.0%    $+46.05      $+921.00
  15     11:05–11:10 AM       2:00–2:10 PM      20     12  60.0%    $+45.87      $+917.37

──────────────────────────────────────────────────────────────────────────────────────
  Saved CSV: C:\actions-runner\_work\EoD_OptionTrading\EoD_OptionTrading\results\tuesday_intraday\backtest_tuesday_intraday_timeframe_amzn_calls_150days_2026-07-14_1145.csv
  Saved TXT: C:\actions-runner\_work\EoD_OptionTrading\EoD_OptionTrading\results\tuesday_intraday\backtest_tuesday_intraday_timeframe_amzn_calls_150days_2026-07-14_1145.txt
  Saved TXT (outliers removed): C:\actions-runner\_work\EoD_OptionTrading\EoD_OptionTrading\results\tuesday_intraday\backtest_tuesday_intraday_timeframe_amzn_calls_150days_2026-07-14_1145_outliers_removed.txt
──────────────────────────────────────────────────────────────────────────────────────


██████████████████████████████████████████████████████████████████████████████████████
  AMZN PUTS
██████████████████████████████████████████████████████████████████████████████████████
======================================================================================
  AMZN PUTS
======================================================================================
  Optimal entry frame : 10:39–10:44 AM   (5 min)
  Optimal exit frame  : 11:28–11:35 AM   (7 min)
  Data source         : MIXED real+sim

  Date           Strike  Src  Qty       Entry frame    Buy$        Exit frame   Sell$   P&L/sh      P&L $  Result
  ------------ -------- ---- ---- ----------------- ------- ----------------- ------- -------- ----------  ------
  2026-02-17      200.0 REAL    1    10:39–10:44 AM    2.52    11:28–11:35 AM    1.49   -1.031   $-103.11  LOSS
  2026-02-24      205.0 REAL    2    10:39–10:44 AM    0.82    11:28–11:35 AM    0.56   -0.262    $-52.40  LOSS
  2026-03-03      202.5 REAL    1    10:39–10:44 AM    1.61    11:28–11:35 AM    0.99   -0.623    $-62.34  LOSS
  2026-03-10      215.0 REAL    1    10:39–10:44 AM    1.93    11:28–11:35 AM    2.21   +0.288    $+28.83  WIN 
  2026-03-17      212.5 REAL    1    10:39–10:44 AM    1.26    11:28–11:35 AM    1.11   -0.149    $-14.91  LOSS
  2026-03-24      207.5 REAL    1    10:39–10:44 AM    1.60    11:28–11:35 AM    1.65   +0.048     $+4.83  WIN 
  2026-03-31      205.0 REAL    1    10:39–10:44 AM    1.68    11:28–11:35 AM    1.51   -0.174    $-17.43  LOSS
  2026-04-07      210.0 REAL    1    10:39–10:44 AM    1.97    11:28–11:35 AM    1.97   +0.008     $+0.80  WIN 
  2026-04-14      242.5 REAL    2    10:39–10:44 AM    0.61    11:28–11:35 AM    0.40   -0.209    $-41.77  LOSS
  2026-04-21      252.5 REAL    1    10:39–10:44 AM    1.99    11:28–11:35 AM    2.27   +0.274    $+27.37  WIN 
  2026-04-28      257.5  SIM    1    10:39–10:44 AM    1.99    11:28–11:35 AM    2.02   +0.034     $+3.36  WIN 
  2026-05-05      277.5 REAL    1    10:39–10:44 AM    2.60    11:28–11:35 AM    3.15   +0.545    $+54.50  WIN 
  2026-05-12      267.5 REAL    1    10:39–10:44 AM    3.48    11:28–11:35 AM    3.80   +0.323    $+32.25  WIN 
  2026-05-19      262.5 REAL    1    10:39–10:44 AM    5.63    11:28–11:35 AM    6.64   +1.007   $+100.67  WIN 
  2026-05-26      267.5 REAL    1    10:39–10:44 AM    3.53    11:28–11:35 AM    4.50   +0.970    $+97.00  WIN 
  2026-06-02      257.5 REAL    1    10:39–10:44 AM    1.66    11:28–11:35 AM    0.97   -0.692    $-69.23  LOSS
  2026-06-09      247.5 REAL    1    10:39–10:44 AM    2.49    11:28–11:35 AM    5.29   +2.804   $+280.40  WIN 
  2026-06-16      247.5 REAL    1    10:39–10:44 AM    2.43    11:28–11:35 AM    1.48   -0.950    $-95.00  LOSS
  2026-06-23      232.5 REAL    2    10:39–10:44 AM    0.76    11:28–11:35 AM    1.58   +0.821   $+164.11  WIN 
  2026-06-30      237.5 REAL    1    10:39–10:44 AM    1.17    11:28–11:35 AM    1.55   +0.381    $+38.14  WIN 
  2026-07-07      245.0 REAL    1    10:39–10:44 AM    2.19    11:28–11:35 AM    3.15   +0.957    $+95.66  WIN 

  SUMMARY (optimal frames)  trades: 21   wins: 13/21   win rate: 61.9%   total P&L: $+471.73   avg/trade: $+22.46
           best day: $+280.40   worst day: $-103.11   skipped (no data): 0
           premium spent: $4,610.29   return on spend: +10.2%

  AMZN PUTS — HEATMAPS   (entry-frame start ↓  exit-frame start →   cyan = chosen optimal)

  Each cell = best frame pair starting in that 30-min bucket (best over all durations).

  1) WIN RATE %  (wins ÷ trades)
    Entry |   9:30  10:00  10:30  11:00  11:30  12:00  12:30   1:00   1:30   2:00   2:30   3:00   3:30
  --------+-------------------------------------------------------------------------------------------
     9:30 |    62%    62%    52%    57%    57%    43%    48%    52%    52%    45%    48%    48%    45%
    10:00 |      ·    48%    57%    57%    62%    48%    52%    52%    57%    52%    53%    53%    50%
    10:30 |      ·      ·    62%    62%    52%    52%    43%    47%    60%    57%    58%    53%    45%
    11:00 |      ·      ·      ·    62%    71%    52%    57%    47%    45%    48%    56%    58%    42%
    11:30 |      ·      ·      ·      ·    70%    50%    50%    53%    44%    55%    58%    58%    47%
    12:00 |      ·      ·      ·      ·      ·    47%    45%    63%    53%    58%    62%    63%    48%
    12:30 |      ·      ·      ·      ·      ·      ·    56%    63%    56%    58%    56%    69%    56%
     1:00 |      ·      ·      ·      ·      ·      ·      ·    58%    58%    47%    44%    47%    53%
     1:30 |      ·      ·      ·      ·      ·      ·      ·      ·    53%    55%    58%    58%    63%
     2:00 |      ·      ·      ·      ·      ·      ·      ·      ·      ·    63%    53%    61%    68%
     2:30 |      ·      ·      ·      ·      ·      ·      ·      ·      ·      ·    65%    47%    53%
     3:00 |      ·      ·      ·      ·      ·      ·      ·      ·      ·      ·      ·    53%    50%
     3:30 |      ·      ·      ·      ·      ·      ·      ·      ·      ·      ·      ·      ·    47%

  2) WIN COUNT  (number of winning trades)
    Entry |   9:30  10:00  10:30  11:00  11:30  12:00  12:30   1:00   1:30   2:00   2:30   3:00   3:30
  --------+-------------------------------------------------------------------------------------------
     9:30 |     13     13     11     12     12      9     10     11     11      9     10     10      9
    10:00 |      ·     10     12     12     13     10     11     11     12     11     10     10     10
    10:30 |      ·      ·     13     13     11     11      9      9     12     12     11     10      9
    11:00 |      ·      ·      ·     13     15     11     12      9      9     10     10     11      8
    11:30 |      ·      ·      ·      ·     14     10     10     10      8     11     11     11      9
    12:00 |      ·      ·      ·      ·      ·      9      9     12     10     11     10     12     10
    12:30 |      ·      ·      ·      ·      ·      ·     10     12     10     11      9     11     10
     1:00 |      ·      ·      ·      ·      ·      ·      ·     11     11      9      8      9     10
     1:30 |      ·      ·      ·      ·      ·      ·      ·      ·      9     11     11     11     12
     2:00 |      ·      ·      ·      ·      ·      ·      ·      ·      ·     12      9     11     13
     2:30 |      ·      ·      ·      ·      ·      ·      ·      ·      ·      ·     11      8      9
     3:00 |      ·      ·      ·      ·      ·      ·      ·      ·      ·      ·      ·      9      9
     3:30 |      ·      ·      ·      ·      ·      ·      ·      ·      ·      ·      ·      ·      9

  3a) AVG P&L PER TRADE  ($ per contract)
    Entry |   9:30  10:00  10:30  11:00  11:30  12:00  12:30   1:00   1:30   2:00   2:30   3:00   3:30
  --------+-------------------------------------------------------------------------------------------
     9:30 |     +0     +8    +10    +16    +15    +12    +16    +14    -10    -34    -21    -27    -14
    10:00 |      ·     +6    +11    +16    +15    +10    +14    +14    -18    -22    -23    -17    -18
    10:30 |      ·      ·    +14    +21    +21    +10    +18    +18     +3    -21    -16    -17    -16
    11:00 |      ·      ·      ·    +17    +15    +14    +16    +19     +6    -29    -16    -18    -13
    11:30 |      ·      ·      ·      ·     +2     +2     +9    +15     +1    -12    -14    -20    -20
    12:00 |      ·      ·      ·      ·      ·    +10    +16    +18     +2    -12     +2    -15    -27
    12:30 |      ·      ·      ·      ·      ·      ·    +17    +15     +8    -15    +11     +2    -16
     1:00 |      ·      ·      ·      ·      ·      ·      ·     +5     -1     -8     +6     +2     -7
     1:30 |      ·      ·      ·      ·      ·      ·      ·      ·     +3     +8    +12     +8     +5
     2:00 |      ·      ·      ·      ·      ·      ·      ·      ·      ·    +14    +20    +17    +14
     2:30 |      ·      ·      ·      ·      ·      ·      ·      ·      ·      ·     +6     +5     +9
     3:00 |      ·      ·      ·      ·      ·      ·      ·      ·      ·      ·      ·     +3     +6
     3:30 |      ·      ·      ·      ·      ·      ·      ·      ·      ·      ·      ·      ·     +5

  3b) TOTAL P&L  ($ per contract, summed over all Tuesdays)
    Entry |    9:30   10:00   10:30   11:00   11:30   12:00   12:30    1:00    1:30    2:00    2:30    3:00    3:30
  --------+--------------------------------------------------------------------------------------------------------
     9:30 |      +9    +161    +210    +331    +318    +247    +342    +295    -213    -682    -432    -567    -279
    10:00 |       ·    +120    +221    +330    +318    +209    +304    +299    -374    -465    -439    -314    -370
    10:30 |       ·       ·    +298    +432    +447    +218    +382    +347     +61    -446    -299    -320    -316
    11:00 |       ·       ·       ·    +347    +311    +298    +346    +367    +117    -615    -294    -348    -245
    11:30 |       ·       ·       ·       ·     +36     +49    +186    +294      +9    -242    -269    -376    -386
    12:00 |       ·       ·       ·       ·       ·    +185    +323    +336     +44    -232     +34    -283    -558
    12:30 |       ·       ·       ·       ·       ·       ·    +313    +290    +151    -280    +175     +39    -287
     1:00 |       ·       ·       ·       ·       ·       ·       ·     +96     -20    -149    +107     +35    -132
     1:30 |       ·       ·       ·       ·       ·       ·       ·       ·     +45    +169    +235    +155     +90
     2:00 |       ·       ·       ·       ·       ·       ·       ·       ·       ·    +264    +346    +306    +270
     2:30 |       ·       ·       ·       ·       ·       ·       ·       ·       ·       ·    +105     +78    +145
     3:00 |       ·       ·       ·       ·       ·       ·       ·       ·       ·       ·       ·     +55    +108
     3:30 |       ·       ·       ·       ·       ·       ·       ·       ·       ·       ·       ·       ·     +96

──────────────────────────────────────────────────────────────────────────────────────
  AMZN PUTS — TOP 15 FRAME PAIRS (by win_rate × avg payoff)
──────────────────────────────────────────────────────────────────────────────────────
   #        Entry frame         Exit frame  Trades   Wins    Win%    Avg P&L     Total P&L
  --  -----------------  -----------------  ------  -----  ------  ---------  ------------
   1     10:40–10:45 AM     11:25–11:35 AM      21     13  61.9%    $+20.59      $+432.33
   2     10:40–10:45 AM     11:25–11:40 AM      21     12  57.1%    $+20.93      $+439.63
   3     10:40–10:50 AM     11:25–11:40 AM      21     14  66.7%    $+17.68      $+371.28
   4     12:25–12:35 PM       1:10–1:15 PM      19     12  63.2%    $+17.66      $+335.61
   5     10:40–10:45 AM     11:30–11:45 AM      21     11  52.4%    $+21.28      $+446.95
   6     12:25–12:35 PM       1:10–1:20 PM      19     12  63.2%    $+17.36      $+329.88
   7     10:40–10:45 AM     11:20–11:40 AM      21     12  57.1%    $+18.93      $+397.60
   8       2:05–2:10 PM       2:45–2:50 PM      17      9  52.9%    $+20.34      $+345.80
   9     10:40–10:50 AM     11:25–11:35 AM      21     13  61.9%    $+17.33      $+363.98
  10     10:35–10:50 AM     11:25–11:35 AM      21     13  61.9%    $+17.15      $+360.15
  11     11:10–11:25 AM     11:30–11:45 AM      21     15  71.4%    $+14.79      $+310.60
  12     11:10–11:20 AM     11:30–11:45 AM      21     13  61.9%    $+17.08      $+358.66
  13     10:35–10:45 AM     11:25–11:35 AM      21     12  57.1%    $+18.51      $+388.65
  14     10:40–10:50 AM     11:25–11:45 AM      21     13  61.9%    $+17.07      $+358.48
  15     10:40–10:45 AM     11:30–11:50 AM      21     11  52.4%    $+20.17      $+423.49


██████████████████████████████████████████████████████████████████████████████████████
  OUTLIERS REMOVED (winning trades > $2,000)  —  AMZN PUTS re-optimized
██████████████████████████████████████████████████████████████████████████████████████
  (chosen frames had no winning outliers)
======================================================================================
  AMZN PUTS
======================================================================================
  Optimal entry frame : 10:39–10:44 AM   (5 min)
  Optimal exit frame  : 11:28–11:35 AM   (7 min)
  Data source         : MIXED real+sim

  Date           Strike  Src  Qty       Entry frame    Buy$        Exit frame   Sell$   P&L/sh      P&L $  Result
  ------------ -------- ---- ---- ----------------- ------- ----------------- ------- -------- ----------  ------
  2026-02-17      200.0 REAL    1    10:39–10:44 AM    2.52    11:28–11:35 AM    1.49   -1.031   $-103.11  LOSS
  2026-02-24      205.0 REAL    2    10:39–10:44 AM    0.82    11:28–11:35 AM    0.56   -0.262    $-52.40  LOSS
  2026-03-03      202.5 REAL    1    10:39–10:44 AM    1.61    11:28–11:35 AM    0.99   -0.623    $-62.34  LOSS
  2026-03-10      215.0 REAL    1    10:39–10:44 AM    1.93    11:28–11:35 AM    2.21   +0.288    $+28.83  WIN 
  2026-03-17      212.5 REAL    1    10:39–10:44 AM    1.26    11:28–11:35 AM    1.11   -0.149    $-14.91  LOSS
  2026-03-24      207.5 REAL    1    10:39–10:44 AM    1.60    11:28–11:35 AM    1.65   +0.048     $+4.83  WIN 
  2026-03-31      205.0 REAL    1    10:39–10:44 AM    1.68    11:28–11:35 AM    1.51   -0.174    $-17.43  LOSS
  2026-04-07      210.0 REAL    1    10:39–10:44 AM    1.97    11:28–11:35 AM    1.97   +0.008     $+0.80  WIN 
  2026-04-14      242.5 REAL    2    10:39–10:44 AM    0.61    11:28–11:35 AM    0.40   -0.209    $-41.77  LOSS
  2026-04-21      252.5 REAL    1    10:39–10:44 AM    1.99    11:28–11:35 AM    2.27   +0.274    $+27.37  WIN 
  2026-04-28      257.5  SIM    1    10:39–10:44 AM    1.99    11:28–11:35 AM    2.02   +0.034     $+3.36  WIN 
  2026-05-05      277.5 REAL    1    10:39–10:44 AM    2.60    11:28–11:35 AM    3.15   +0.545    $+54.50  WIN 
  2026-05-12      267.5 REAL    1    10:39–10:44 AM    3.48    11:28–11:35 AM    3.80   +0.323    $+32.25  WIN 
  2026-05-19      262.5 REAL    1    10:39–10:44 AM    5.63    11:28–11:35 AM    6.64   +1.007   $+100.67  WIN 
  2026-05-26      267.5 REAL    1    10:39–10:44 AM    3.53    11:28–11:35 AM    4.50   +0.970    $+97.00  WIN 
  2026-06-02      257.5 REAL    1    10:39–10:44 AM    1.66    11:28–11:35 AM    0.97   -0.692    $-69.23  LOSS
  2026-06-09      247.5 REAL    1    10:39–10:44 AM    2.49    11:28–11:35 AM    5.29   +2.804   $+280.40  WIN 
  2026-06-16      247.5 REAL    1    10:39–10:44 AM    2.43    11:28–11:35 AM    1.48   -0.950    $-95.00  LOSS
  2026-06-23      232.5 REAL    2    10:39–10:44 AM    0.76    11:28–11:35 AM    1.58   +0.821   $+164.11  WIN 
  2026-06-30      237.5 REAL    1    10:39–10:44 AM    1.17    11:28–11:35 AM    1.55   +0.381    $+38.14  WIN 
  2026-07-07      245.0 REAL    1    10:39–10:44 AM    2.19    11:28–11:35 AM    3.15   +0.957    $+95.66  WIN 

  SUMMARY (optimal frames)  trades: 21   wins: 13/21   win rate: 61.9%   total P&L: $+471.73   avg/trade: $+22.46
           best day: $+280.40   worst day: $-103.11   skipped (no data): 0
           premium spent: $4,610.29   return on spend: +10.2%

  AMZN PUTS — HEATMAPS   (entry-frame start ↓  exit-frame start →   cyan = chosen optimal)

  Each cell = best frame pair starting in that 30-min bucket (best over all durations).

  1) WIN RATE %  (wins ÷ trades)
    Entry |   9:30  10:00  10:30  11:00  11:30  12:00  12:30   1:00   1:30   2:00   2:30   3:00   3:30
  --------+-------------------------------------------------------------------------------------------
     9:30 |    62%    62%    52%    57%    57%    43%    48%    52%    52%    45%    48%    48%    45%
    10:00 |      ·    48%    57%    57%    62%    48%    52%    52%    57%    52%    53%    53%    50%
    10:30 |      ·      ·    62%    62%    52%    52%    43%    47%    60%    57%    58%    53%    45%
    11:00 |      ·      ·      ·    62%    71%    52%    57%    47%    45%    48%    56%    58%    42%
    11:30 |      ·      ·      ·      ·    70%    50%    50%    53%    44%    55%    58%    58%    47%
    12:00 |      ·      ·      ·      ·      ·    47%    45%    63%    53%    58%    62%    63%    48%
    12:30 |      ·      ·      ·      ·      ·      ·    56%    63%    56%    58%    56%    69%    56%
     1:00 |      ·      ·      ·      ·      ·      ·      ·    58%    58%    47%    44%    47%    53%
     1:30 |      ·      ·      ·      ·      ·      ·      ·      ·    53%    55%    58%    58%    63%
     2:00 |      ·      ·      ·      ·      ·      ·      ·      ·      ·    63%    53%    61%    68%
     2:30 |      ·      ·      ·      ·      ·      ·      ·      ·      ·      ·    65%    47%    53%
     3:00 |      ·      ·      ·      ·      ·      ·      ·      ·      ·      ·      ·    53%    50%
     3:30 |      ·      ·      ·      ·      ·      ·      ·      ·      ·      ·      ·      ·    47%

  2) WIN COUNT  (number of winning trades)
    Entry |   9:30  10:00  10:30  11:00  11:30  12:00  12:30   1:00   1:30   2:00   2:30   3:00   3:30
  --------+-------------------------------------------------------------------------------------------
     9:30 |     13     13     11     12     12      9     10     11     11      9     10     10      9
    10:00 |      ·     10     12     12     13     10     11     11     12     11     10     10     10
    10:30 |      ·      ·     13     13     11     11      9      9     12     12     11     10      9
    11:00 |      ·      ·      ·     13     15     11     12      9      9     10     10     11      8
    11:30 |      ·      ·      ·      ·     14     10     10     10      8     11     11     11      9
    12:00 |      ·      ·      ·      ·      ·      9      9     12     10     11     10     12     10
    12:30 |      ·      ·      ·      ·      ·      ·     10     12     10     11      9     11     10
     1:00 |      ·      ·      ·      ·      ·      ·      ·     11     11      9      8      9     10
     1:30 |      ·      ·      ·      ·      ·      ·      ·      ·      9     11     11     11     12
     2:00 |      ·      ·      ·      ·      ·      ·      ·      ·      ·     12      9     11     13
     2:30 |      ·      ·      ·      ·      ·      ·      ·      ·      ·      ·     11      8      9
     3:00 |      ·      ·      ·      ·      ·      ·      ·      ·      ·      ·      ·      9      9
     3:30 |      ·      ·      ·      ·      ·      ·      ·      ·      ·      ·      ·      ·      9

  3a) AVG P&L PER TRADE  ($ per contract)
    Entry |   9:30  10:00  10:30  11:00  11:30  12:00  12:30   1:00   1:30   2:00   2:30   3:00   3:30
  --------+-------------------------------------------------------------------------------------------
     9:30 |     +0     +8    +10    +16    +15    +12    +16    +14    -10    -34    -21    -27    -14
    10:00 |      ·     +6    +11    +16    +15    +10    +14    +14    -18    -22    -23    -17    -18
    10:30 |      ·      ·    +14    +21    +21    +10    +18    +18     +3    -21    -16    -17    -16
    11:00 |      ·      ·      ·    +17    +15    +14    +16    +19     +6    -29    -16    -18    -13
    11:30 |      ·      ·      ·      ·     +2     +2     +9    +15     +1    -12    -14    -20    -20
    12:00 |      ·      ·      ·      ·      ·    +10    +16    +18     +2    -12     +2    -15    -27
    12:30 |      ·      ·      ·      ·      ·      ·    +17    +15     +8    -15    +11     +2    -16
     1:00 |      ·      ·      ·      ·      ·      ·      ·     +5     -1     -8     +6     +2     -7
     1:30 |      ·      ·      ·      ·      ·      ·      ·      ·     +3     +8    +12     +8     +5
     2:00 |      ·      ·      ·      ·      ·      ·      ·      ·      ·    +14    +20    +17    +14
     2:30 |      ·      ·      ·      ·      ·      ·      ·      ·      ·      ·     +6     +5     +9
     3:00 |      ·      ·      ·      ·      ·      ·      ·      ·      ·      ·      ·     +3     +6
     3:30 |      ·      ·      ·      ·      ·      ·      ·      ·      ·      ·      ·      ·     +5

  3b) TOTAL P&L  ($ per contract, summed over all Tuesdays)
    Entry |    9:30   10:00   10:30   11:00   11:30   12:00   12:30    1:00    1:30    2:00    2:30    3:00    3:30
  --------+--------------------------------------------------------------------------------------------------------
     9:30 |      +9    +161    +210    +331    +318    +247    +342    +295    -213    -682    -432    -567    -279
    10:00 |       ·    +120    +221    +330    +318    +209    +304    +299    -374    -465    -439    -314    -370
    10:30 |       ·       ·    +298    +432    +447    +218    +382    +347     +61    -446    -299    -320    -316
    11:00 |       ·       ·       ·    +347    +311    +298    +346    +367    +117    -615    -294    -348    -245
    11:30 |       ·       ·       ·       ·     +36     +49    +186    +294      +9    -242    -269    -376    -386
    12:00 |       ·       ·       ·       ·       ·    +185    +323    +336     +44    -232     +34    -283    -558
    12:30 |       ·       ·       ·       ·       ·       ·    +313    +290    +151    -280    +175     +39    -287
     1:00 |       ·       ·       ·       ·       ·       ·       ·     +96     -20    -149    +107     +35    -132
     1:30 |       ·       ·       ·       ·       ·       ·       ·       ·     +45    +169    +235    +155     +90
     2:00 |       ·       ·       ·       ·       ·       ·       ·       ·       ·    +264    +346    +306    +270
     2:30 |       ·       ·       ·       ·       ·       ·       ·       ·       ·       ·    +105     +78    +145
     3:00 |       ·       ·       ·       ·       ·       ·       ·       ·       ·       ·       ·     +55    +108
     3:30 |       ·       ·       ·       ·       ·       ·       ·       ·       ·       ·       ·       ·     +96

──────────────────────────────────────────────────────────────────────────────────────
  AMZN PUTS — TOP 15 FRAME PAIRS (by win_rate × avg payoff)
──────────────────────────────────────────────────────────────────────────────────────
   #        Entry frame         Exit frame  Trades   Wins    Win%    Avg P&L     Total P&L
  --  -----------------  -----------------  ------  -----  ------  ---------  ------------
   1     10:40–10:45 AM     11:25–11:35 AM      21     13  61.9%    $+20.59      $+432.33
   2     10:40–10:45 AM     11:25–11:40 AM      21     12  57.1%    $+20.93      $+439.63
   3     10:40–10:50 AM     11:25–11:40 AM      21     14  66.7%    $+17.68      $+371.28
   4     12:25–12:35 PM       1:10–1:15 PM      19     12  63.2%    $+17.66      $+335.61
   5     10:40–10:45 AM     11:30–11:45 AM      21     11  52.4%    $+21.28      $+446.95
   6     12:25–12:35 PM       1:10–1:20 PM      19     12  63.2%    $+17.36      $+329.88
   7     10:40–10:45 AM     11:20–11:40 AM      21     12  57.1%    $+18.93      $+397.60
   8       2:05–2:10 PM       2:45–2:50 PM      17      9  52.9%    $+20.34      $+345.80
   9     10:40–10:50 AM     11:25–11:35 AM      21     13  61.9%    $+17.33      $+363.98
  10     10:35–10:50 AM     11:25–11:35 AM      21     13  61.9%    $+17.15      $+360.15
  11     11:10–11:25 AM     11:30–11:45 AM      21     15  71.4%    $+14.79      $+310.60
  12     11:10–11:20 AM     11:30–11:45 AM      21     13  61.9%    $+17.08      $+358.66
  13     10:35–10:45 AM     11:25–11:35 AM      21     12  57.1%    $+18.51      $+388.65
  14     10:40–10:50 AM     11:25–11:45 AM      21     13  61.9%    $+17.07      $+358.48
  15     10:40–10:45 AM     11:30–11:50 AM      21     11  52.4%    $+20.17      $+423.49

──────────────────────────────────────────────────────────────────────────────────────
  Saved CSV: C:\actions-runner\_work\EoD_OptionTrading\EoD_OptionTrading\results\tuesday_intraday\backtest_tuesday_intraday_timeframe_amzn_puts_150days_2026-07-14_1145.csv
  Saved TXT: C:\actions-runner\_work\EoD_OptionTrading\EoD_OptionTrading\results\tuesday_intraday\backtest_tuesday_intraday_timeframe_amzn_puts_150days_2026-07-14_1145.txt
  Saved TXT (outliers removed): C:\actions-runner\_work\EoD_OptionTrading\EoD_OptionTrading\results\tuesday_intraday\backtest_tuesday_intraday_timeframe_amzn_puts_150days_2026-07-14_1145_outliers_removed.txt
──────────────────────────────────────────────────────────────────────────────────────


██████████████████████████████████████████████████████████████████████████████████████
  NVDA CALLS
██████████████████████████████████████████████████████████████████████████████████████
======================================================================================
  NVDA CALLS
======================================================================================
  Optimal entry frame : 11:28–11:33 AM   (5 min)
  Optimal exit frame  : 2:35–2:40 PM   (5 min)
  Data source         : MIXED real+sim

  Date           Strike  Src  Qty       Entry frame    Buy$        Exit frame   Sell$   P&L/sh      P&L $  Result
  ------------ -------- ---- ---- ----------------- ------- ----------------- ------- -------- ----------  ------
  2026-02-17      180.0 REAL    1    11:28–11:33 AM    4.60      2:35–2:40 PM    7.14   +2.546   $+254.60  WIN 
  2026-02-24      190.0  SIM    1    11:28–11:33 AM    3.42      2:35–2:40 PM    3.49   +0.069     $+6.93  WIN 
  2026-03-03      180.0 REAL    1    11:28–11:33 AM    1.77      2:35–2:40 PM    1.79   +0.026     $+2.60  WIN 
  2026-03-10      185.0 REAL    1    11:28–11:33 AM    2.33      2:35–2:40 PM    1.73   -0.596    $-59.60  LOSS
  2026-03-17      185.0 REAL    2    11:28–11:33 AM    0.90      2:35–2:40 PM    0.68   -0.214    $-42.80  LOSS
  2026-03-24      175.0 REAL    1    11:28–11:33 AM    1.90      2:35–2:40 PM    1.96   +0.056     $+5.60  WIN 
  2026-03-31      165.0 REAL    1    11:28–11:33 AM    5.66      2:35–2:40 PM    8.50   +2.848   $+284.83  WIN 
  2026-04-07      175.0 REAL    1    11:28–11:33 AM    1.75      2:35–2:40 PM    2.21   +0.467    $+46.65  WIN 
  2026-04-14      190.0 REAL    1    11:28–11:33 AM    3.91      2:35–2:40 PM    5.04   +1.121   $+112.10  WIN 
  2026-04-21      202.5 REAL    1    11:28–11:33 AM    1.06      2:35–2:40 PM    0.65   -0.418    $-41.80  LOSS
  2026-04-28      210.0 REAL    1    11:28–11:33 AM    2.25      2:35–2:40 PM    4.28   +2.030   $+203.00  WIN 
  2026-05-05      200.0 REAL    2    11:28–11:33 AM    0.91      2:35–2:40 PM    1.00   +0.092    $+18.40  WIN 
  2026-05-12      217.5 REAL    1    11:28–11:33 AM    1.67      2:35–2:40 PM    3.45   +1.778   $+177.80  WIN 
  2026-05-19      220.0  SIM    1    11:28–11:33 AM    2.98      2:35–2:40 PM    3.87   +0.893    $+89.30  WIN 
  2026-05-26      215.0 REAL    1    11:28–11:33 AM    1.72      2:35–2:40 PM    1.17   -0.558    $-55.80  LOSS
  2026-06-02      225.0 REAL    1    11:28–11:33 AM    3.23      2:35–2:40 PM    1.14   -2.086   $-208.60  LOSS
  2026-06-09      212.5 REAL    6    11:28–11:33 AM    0.18      2:35–2:40 PM    0.43   +0.250   $+150.00  WIN 
  2026-06-16      210.0 REAL    1    11:28–11:33 AM    1.43      2:35–2:40 PM    1.23   -0.198    $-19.80  LOSS
  2026-06-23      200.0 REAL    1    11:28–11:33 AM    2.52      2:35–2:40 PM    2.50   -0.021     $-2.10  LOSS
  2026-06-30      195.0 REAL    1    11:28–11:33 AM    3.93      2:35–2:40 PM    3.95   +0.018     $+1.85  WIN 
  2026-07-07      190.0 REAL    1    11:28–11:33 AM    3.77      2:35–2:40 PM    7.60   +3.834   $+383.40  WIN 

  SUMMARY (optimal frames)  trades: 21   wins: 14/21   win rate: 66.7%   total P&L: $+1,306.56   avg/trade: $+62.22
           best day: $+383.40   worst day: $-208.60   skipped (no data): 0
           premium spent: $5,455.34   return on spend: +24.0%

  NVDA CALLS — HEATMAPS   (entry-frame start ↓  exit-frame start →   cyan = chosen optimal)

  Each cell = best frame pair starting in that 30-min bucket (best over all durations).

  1) WIN RATE %  (wins ÷ trades)
    Entry |   9:30  10:00  10:30  11:00  11:30  12:00  12:30   1:00   1:30   2:00   2:30   3:00   3:30
  --------+-------------------------------------------------------------------------------------------
     9:30 |    57%    48%    48%    48%    52%    52%    52%    52%    57%    62%    67%    62%    57%
    10:00 |      ·    43%    57%    57%    57%    57%    62%    62%    62%    62%    67%    62%    57%
    10:30 |      ·      ·    57%    57%    57%    57%    62%    62%    62%    62%    67%    62%    57%
    11:00 |      ·      ·      ·    57%    67%    67%    67%    67%    67%    67%    67%    62%    62%
    11:30 |      ·      ·      ·      ·    67%    67%    67%    71%    67%    67%    67%    57%    57%
    12:00 |      ·      ·      ·      ·      ·    48%    57%    62%    62%    62%    62%    67%    62%
    12:30 |      ·      ·      ·      ·      ·      ·    67%    67%    62%    62%    62%    62%    57%
     1:00 |      ·      ·      ·      ·      ·      ·      ·    65%    75%    55%    55%    52%    52%
     1:30 |      ·      ·      ·      ·      ·      ·      ·      ·    52%    57%    57%    48%    52%
     2:00 |      ·      ·      ·      ·      ·      ·      ·      ·      ·    52%    52%    48%    52%
     2:30 |      ·      ·      ·      ·      ·      ·      ·      ·      ·      ·    48%    67%    62%
     3:00 |      ·      ·      ·      ·      ·      ·      ·      ·      ·      ·      ·    67%    71%
     3:30 |      ·      ·      ·      ·      ·      ·      ·      ·      ·      ·      ·      ·    43%

  2) WIN COUNT  (number of winning trades)
    Entry |   9:30  10:00  10:30  11:00  11:30  12:00  12:30   1:00   1:30   2:00   2:30   3:00   3:30
  --------+-------------------------------------------------------------------------------------------
     9:30 |     12     10     10     10     11     11     11     11     12     13     14     13     12
    10:00 |      ·      9     12     12     12     12     13     13     13     13     14     13     12
    10:30 |      ·      ·     12     12     12     12     13     13     13     13     14     13     12
    11:00 |      ·      ·      ·     12     14     14     14     14     14     14     14     13     13
    11:30 |      ·      ·      ·      ·     14     14     14     15     14     14     14     12     12
    12:00 |      ·      ·      ·      ·      ·     10     12     13     13     13     13     14     13
    12:30 |      ·      ·      ·      ·      ·      ·     14     14     13     13     13     13     12
     1:00 |      ·      ·      ·      ·      ·      ·      ·     13     15     11     11     11     11
     1:30 |      ·      ·      ·      ·      ·      ·      ·      ·     11     12     12     10     11
     2:00 |      ·      ·      ·      ·      ·      ·      ·      ·      ·     11     11     10     11
     2:30 |      ·      ·      ·      ·      ·      ·      ·      ·      ·      ·     10     14     13
     3:00 |      ·      ·      ·      ·      ·      ·      ·      ·      ·      ·      ·     14     15
     3:30 |      ·      ·      ·      ·      ·      ·      ·      ·      ·      ·      ·      ·      9

  3a) AVG P&L PER TRADE  ($ per contract)
    Entry |   9:30  10:00  10:30  11:00  11:30  12:00  12:30   1:00   1:30   2:00   2:30   3:00   3:30
  --------+-------------------------------------------------------------------------------------------
     9:30 |    +36    +19    +26    +29    +33    +36    +40    +45    +45    +42    +42    +47    +48
    10:00 |      ·     +6    +22    +29    +37    +40    +42    +44    +45    +48    +46    +51    +56
    10:30 |      ·      ·    +31    +37    +48    +49    +50    +53    +57    +60    +58    +60    +66
    11:00 |      ·      ·      ·    +32    +44    +48    +52    +54    +53    +53    +56    +57    +63
    11:30 |      ·      ·      ·      ·    +46    +49    +53    +52    +54    +56    +62    +63    +65
    12:00 |      ·      ·      ·      ·      ·    +34    +33    +37    +39    +41    +41    +43    +47
    12:30 |      ·      ·      ·      ·      ·      ·    +23    +25    +28    +32    +35    +36    +38
     1:00 |      ·      ·      ·      ·      ·      ·      ·    +11    +10    +17    +19    +19    +23
     1:30 |      ·      ·      ·      ·      ·      ·      ·      ·    +11    +14    +16    +19    +20
     2:00 |      ·      ·      ·      ·      ·      ·      ·      ·      ·    +10    +12    +16    +17
     2:30 |      ·      ·      ·      ·      ·      ·      ·      ·      ·      ·     +4    +13    +16
     3:00 |      ·      ·      ·      ·      ·      ·      ·      ·      ·      ·      ·     +5     +8
     3:30 |      ·      ·      ·      ·      ·      ·      ·      ·      ·      ·      ·      ·     +8

  3b) TOTAL P&L  ($ per contract, summed over all Tuesdays)
    Entry |    9:30   10:00   10:30   11:00   11:30   12:00   12:30    1:00    1:30    2:00    2:30    3:00    3:30
  --------+--------------------------------------------------------------------------------------------------------
     9:30 |    +753    +409    +540    +605    +691    +758    +847    +946    +945    +890    +876    +977   +1007
    10:00 |       ·    +120    +467    +604    +769    +830    +877    +931    +949   +1010    +974   +1079   +1183
    10:30 |       ·       ·    +652    +785   +1003   +1022   +1050   +1120   +1205   +1254   +1208   +1270   +1383
    11:00 |       ·       ·       ·    +677    +934    +999   +1083   +1125   +1111   +1117   +1175   +1207   +1324
    11:30 |       ·       ·       ·       ·    +969   +1033   +1117   +1096   +1139   +1182   +1299   +1329   +1359
    12:00 |       ·       ·       ·       ·       ·    +712    +703    +771    +820    +851    +853    +913    +984
    12:30 |       ·       ·       ·       ·       ·       ·    +491    +520    +583    +666    +733    +764    +802
     1:00 |       ·       ·       ·       ·       ·       ·       ·    +220    +208    +333    +382    +399    +491
     1:30 |       ·       ·       ·       ·       ·       ·       ·       ·    +225    +291    +327    +390    +412
     2:00 |       ·       ·       ·       ·       ·       ·       ·       ·       ·    +211    +250    +327    +349
     2:30 |       ·       ·       ·       ·       ·       ·       ·       ·       ·       ·     +81    +276    +334
     3:00 |       ·       ·       ·       ·       ·       ·       ·       ·       ·       ·       ·    +114    +174
     3:30 |       ·       ·       ·       ·       ·       ·       ·       ·       ·       ·       ·       ·    +161

──────────────────────────────────────────────────────────────────────────────────────
  NVDA CALLS — TOP 15 FRAME PAIRS (by win_rate × avg payoff)
──────────────────────────────────────────────────────────────────────────────────────
   #        Entry frame         Exit frame  Trades   Wins    Win%    Avg P&L     Total P&L
  --  -----------------  -----------------  ------  -----  ------  ---------  ------------
   1     11:30–11:35 AM       2:35–2:40 PM      21     14  66.7%    $+61.86    $+1,299.12
   2     11:30–11:35 AM       2:30–2:45 PM      21     14  66.7%    $+60.15    $+1,263.11
   3     11:30–11:35 AM       2:35–2:50 PM      21     14  66.7%    $+58.57    $+1,229.97
   4     11:25–11:35 AM       3:30–3:35 PM      21     13  61.9%    $+63.05    $+1,324.14
   5     10:55–11:00 AM       2:45–2:50 PM      21     14  66.7%    $+57.51    $+1,207.78
   6     11:25–11:30 AM       3:30–3:35 PM      21     13  61.9%    $+61.93    $+1,300.44
   7     10:55–11:00 AM       2:40–2:55 PM      21     14  66.7%    $+57.35    $+1,204.30
   8     10:55–11:00 AM       2:35–2:40 PM      21     13  61.9%    $+61.68    $+1,295.28
   9     10:55–11:00 AM       2:30–2:40 PM      21     13  61.9%    $+61.07    $+1,282.57
  10     10:55–11:00 AM       3:30–3:35 PM      21     12  57.1%    $+65.88    $+1,383.49
  11     11:30–11:35 AM       2:20–2:35 PM      21     14  66.7%    $+56.30    $+1,182.30
  12     11:30–11:35 AM       2:10–2:40 PM      21     14  66.7%    $+56.22    $+1,180.54
  13     10:55–11:00 AM       3:00–3:45 PM      21     13  61.9%    $+60.49    $+1,270.30
  14     10:55–11:00 AM       2:30–2:45 PM      21     13  61.9%    $+60.29    $+1,266.07
  15     11:25–11:40 AM       2:35–2:45 PM      21     14  66.7%    $+55.94    $+1,174.69


██████████████████████████████████████████████████████████████████████████████████████
  OUTLIERS REMOVED (winning trades > $2,000)  —  NVDA CALLS re-optimized
██████████████████████████████████████████████████████████████████████████████████████
  (chosen frames had no winning outliers)
======================================================================================
  NVDA CALLS
======================================================================================
  Optimal entry frame : 11:28–11:33 AM   (5 min)
  Optimal exit frame  : 2:35–2:40 PM   (5 min)
  Data source         : MIXED real+sim

  Date           Strike  Src  Qty       Entry frame    Buy$        Exit frame   Sell$   P&L/sh      P&L $  Result
  ------------ -------- ---- ---- ----------------- ------- ----------------- ------- -------- ----------  ------
  2026-02-17      180.0 REAL    1    11:28–11:33 AM    4.60      2:35–2:40 PM    7.14   +2.546   $+254.60  WIN 
  2026-02-24      190.0  SIM    1    11:28–11:33 AM    3.42      2:35–2:40 PM    3.49   +0.069     $+6.93  WIN 
  2026-03-03      180.0 REAL    1    11:28–11:33 AM    1.77      2:35–2:40 PM    1.79   +0.026     $+2.60  WIN 
  2026-03-10      185.0 REAL    1    11:28–11:33 AM    2.33      2:35–2:40 PM    1.73   -0.596    $-59.60  LOSS
  2026-03-17      185.0 REAL    2    11:28–11:33 AM    0.90      2:35–2:40 PM    0.68   -0.214    $-42.80  LOSS
  2026-03-24      175.0 REAL    1    11:28–11:33 AM    1.90      2:35–2:40 PM    1.96   +0.056     $+5.60  WIN 
  2026-03-31      165.0 REAL    1    11:28–11:33 AM    5.66      2:35–2:40 PM    8.50   +2.848   $+284.83  WIN 
  2026-04-07      175.0 REAL    1    11:28–11:33 AM    1.75      2:35–2:40 PM    2.21   +0.467    $+46.65  WIN 
  2026-04-14      190.0 REAL    1    11:28–11:33 AM    3.91      2:35–2:40 PM    5.04   +1.121   $+112.10  WIN 
  2026-04-21      202.5 REAL    1    11:28–11:33 AM    1.06      2:35–2:40 PM    0.65   -0.418    $-41.80  LOSS
  2026-04-28      210.0 REAL    1    11:28–11:33 AM    2.25      2:35–2:40 PM    4.28   +2.030   $+203.00  WIN 
  2026-05-05      200.0 REAL    2    11:28–11:33 AM    0.91      2:35–2:40 PM    1.00   +0.092    $+18.40  WIN 
  2026-05-12      217.5 REAL    1    11:28–11:33 AM    1.67      2:35–2:40 PM    3.45   +1.778   $+177.80  WIN 
  2026-05-19      220.0  SIM    1    11:28–11:33 AM    2.98      2:35–2:40 PM    3.87   +0.893    $+89.30  WIN 
  2026-05-26      215.0 REAL    1    11:28–11:33 AM    1.72      2:35–2:40 PM    1.17   -0.558    $-55.80  LOSS
  2026-06-02      225.0 REAL    1    11:28–11:33 AM    3.23      2:35–2:40 PM    1.14   -2.086   $-208.60  LOSS
  2026-06-09      212.5 REAL    6    11:28–11:33 AM    0.18      2:35–2:40 PM    0.43   +0.250   $+150.00  WIN 
  2026-06-16      210.0 REAL    1    11:28–11:33 AM    1.43      2:35–2:40 PM    1.23   -0.198    $-19.80  LOSS
  2026-06-23      200.0 REAL    1    11:28–11:33 AM    2.52      2:35–2:40 PM    2.50   -0.021     $-2.10  LOSS
  2026-06-30      195.0 REAL    1    11:28–11:33 AM    3.93      2:35–2:40 PM    3.95   +0.018     $+1.85  WIN 
  2026-07-07      190.0 REAL    1    11:28–11:33 AM    3.77      2:35–2:40 PM    7.60   +3.834   $+383.40  WIN 

  SUMMARY (optimal frames)  trades: 21   wins: 14/21   win rate: 66.7%   total P&L: $+1,306.56   avg/trade: $+62.22
           best day: $+383.40   worst day: $-208.60   skipped (no data): 0
           premium spent: $5,455.34   return on spend: +24.0%

  NVDA CALLS — HEATMAPS   (entry-frame start ↓  exit-frame start →   cyan = chosen optimal)

  Each cell = best frame pair starting in that 30-min bucket (best over all durations).

  1) WIN RATE %  (wins ÷ trades)
    Entry |   9:30  10:00  10:30  11:00  11:30  12:00  12:30   1:00   1:30   2:00   2:30   3:00   3:30
  --------+-------------------------------------------------------------------------------------------
     9:30 |    57%    48%    48%    48%    52%    52%    52%    52%    57%    62%    67%    62%    57%
    10:00 |      ·    43%    57%    57%    57%    57%    62%    62%    62%    62%    67%    62%    57%
    10:30 |      ·      ·    57%    57%    57%    57%    62%    62%    62%    62%    67%    62%    57%
    11:00 |      ·      ·      ·    57%    67%    67%    67%    67%    67%    67%    67%    62%    62%
    11:30 |      ·      ·      ·      ·    67%    67%    67%    71%    67%    67%    67%    57%    57%
    12:00 |      ·      ·      ·      ·      ·    48%    57%    62%    62%    62%    62%    67%    62%
    12:30 |      ·      ·      ·      ·      ·      ·    67%    67%    62%    62%    62%    62%    57%
     1:00 |      ·      ·      ·      ·      ·      ·      ·    65%    75%    55%    55%    52%    52%
     1:30 |      ·      ·      ·      ·      ·      ·      ·      ·    52%    57%    57%    48%    52%
     2:00 |      ·      ·      ·      ·      ·      ·      ·      ·      ·    52%    52%    48%    52%
     2:30 |      ·      ·      ·      ·      ·      ·      ·      ·      ·      ·    48%    67%    62%
     3:00 |      ·      ·      ·      ·      ·      ·      ·      ·      ·      ·      ·    67%    71%
     3:30 |      ·      ·      ·      ·      ·      ·      ·      ·      ·      ·      ·      ·    43%

  2) WIN COUNT  (number of winning trades)
    Entry |   9:30  10:00  10:30  11:00  11:30  12:00  12:30   1:00   1:30   2:00   2:30   3:00   3:30
  --------+-------------------------------------------------------------------------------------------
     9:30 |     12     10     10     10     11     11     11     11     12     13     14     13     12
    10:00 |      ·      9     12     12     12     12     13     13     13     13     14     13     12
    10:30 |      ·      ·     12     12     12     12     13     13     13     13     14     13     12
    11:00 |      ·      ·      ·     12     14     14     14     14     14     14     14     13     13
    11:30 |      ·      ·      ·      ·     14     14     14     15     14     14     14     12     12
    12:00 |      ·      ·      ·      ·      ·     10     12     13     13     13     13     14     13
    12:30 |      ·      ·      ·      ·      ·      ·     14     14     13     13     13     13     12
     1:00 |      ·      ·      ·      ·      ·      ·      ·     13     15     11     11     11     11
     1:30 |      ·      ·      ·      ·      ·      ·      ·      ·     11     12     12     10     11
     2:00 |      ·      ·      ·      ·      ·      ·      ·      ·      ·     11     11     10     11
     2:30 |      ·      ·      ·      ·      ·      ·      ·      ·      ·      ·     10     14     13
     3:00 |      ·      ·      ·      ·      ·      ·      ·      ·      ·      ·      ·     14     15
     3:30 |      ·      ·      ·      ·      ·      ·      ·      ·      ·      ·      ·      ·      9

  3a) AVG P&L PER TRADE  ($ per contract)
    Entry |   9:30  10:00  10:30  11:00  11:30  12:00  12:30   1:00   1:30   2:00   2:30   3:00   3:30
  --------+-------------------------------------------------------------------------------------------
     9:30 |    +36    +19    +26    +29    +33    +36    +40    +45    +45    +42    +42    +47    +48
    10:00 |      ·     +6    +22    +29    +37    +40    +42    +44    +45    +48    +46    +51    +56
    10:30 |      ·      ·    +31    +37    +48    +49    +50    +53    +57    +60    +58    +60    +66
    11:00 |      ·      ·      ·    +32    +44    +48    +52    +54    +53    +53    +56    +57    +63
    11:30 |      ·      ·      ·      ·    +46    +49    +53    +52    +54    +56    +62    +63    +65
    12:00 |      ·      ·      ·      ·      ·    +34    +33    +37    +39    +41    +41    +43    +47
    12:30 |      ·      ·      ·      ·      ·      ·    +23    +25    +28    +32    +35    +36    +38
     1:00 |      ·      ·      ·      ·      ·      ·      ·    +11    +10    +17    +19    +19    +23
     1:30 |      ·      ·      ·      ·      ·      ·      ·      ·    +11    +14    +16    +19    +20
     2:00 |      ·      ·      ·      ·      ·      ·      ·      ·      ·    +10    +12    +16    +17
     2:30 |      ·      ·      ·      ·      ·      ·      ·      ·      ·      ·     +4    +13    +16
     3:00 |      ·      ·      ·      ·      ·      ·      ·      ·      ·      ·      ·     +5     +8
     3:30 |      ·      ·      ·      ·      ·      ·      ·      ·      ·      ·      ·      ·     +8

  3b) TOTAL P&L  ($ per contract, summed over all Tuesdays)
    Entry |    9:30   10:00   10:30   11:00   11:30   12:00   12:30    1:00    1:30    2:00    2:30    3:00    3:30
  --------+--------------------------------------------------------------------------------------------------------
     9:30 |    +753    +409    +540    +605    +691    +758    +847    +946    +945    +890    +876    +977   +1007
    10:00 |       ·    +120    +467    +604    +769    +830    +877    +931    +949   +1010    +974   +1079   +1183
    10:30 |       ·       ·    +652    +785   +1003   +1022   +1050   +1120   +1205   +1254   +1208   +1270   +1383
    11:00 |       ·       ·       ·    +677    +934    +999   +1083   +1125   +1111   +1117   +1175   +1207   +1324
    11:30 |       ·       ·       ·       ·    +969   +1033   +1117   +1096   +1139   +1182   +1299   +1329   +1359
    12:00 |       ·       ·       ·       ·       ·    +712    +703    +771    +820    +851    +853    +913    +984
    12:30 |       ·       ·       ·       ·       ·       ·    +491    +520    +583    +666    +733    +764    +802
     1:00 |       ·       ·       ·       ·       ·       ·       ·    +220    +208    +333    +382    +399    +491
     1:30 |       ·       ·       ·       ·       ·       ·       ·       ·    +225    +291    +327    +390    +412
     2:00 |       ·       ·       ·       ·       ·       ·       ·       ·       ·    +211    +250    +327    +349
     2:30 |       ·       ·       ·       ·       ·       ·       ·       ·       ·       ·     +81    +276    +334
     3:00 |       ·       ·       ·       ·       ·       ·       ·       ·       ·       ·       ·    +114    +174
     3:30 |       ·       ·       ·       ·       ·       ·       ·       ·       ·       ·       ·       ·    +161

──────────────────────────────────────────────────────────────────────────────────────
  NVDA CALLS — TOP 15 FRAME PAIRS (by win_rate × avg payoff)
──────────────────────────────────────────────────────────────────────────────────────
   #        Entry frame         Exit frame  Trades   Wins    Win%    Avg P&L     Total P&L
  --  -----------------  -----------------  ------  -----  ------  ---------  ------------
   1     11:30–11:35 AM       2:35–2:40 PM      21     14  66.7%    $+61.86    $+1,299.12
   2     11:30–11:35 AM       2:30–2:45 PM      21     14  66.7%    $+60.15    $+1,263.11
   3     11:30–11:35 AM       2:35–2:50 PM      21     14  66.7%    $+58.57    $+1,229.97
   4     11:25–11:35 AM       3:30–3:35 PM      21     13  61.9%    $+63.05    $+1,324.14
   5     10:55–11:00 AM       2:45–2:50 PM      21     14  66.7%    $+57.51    $+1,207.78
   6     11:25–11:30 AM       3:30–3:35 PM      21     13  61.9%    $+61.93    $+1,300.44
   7     10:55–11:00 AM       2:40–2:55 PM      21     14  66.7%    $+57.35    $+1,204.30
   8     10:55–11:00 AM       2:35–2:40 PM      21     13  61.9%    $+61.68    $+1,295.28
   9     10:55–11:00 AM       2:30–2:40 PM      21     13  61.9%    $+61.07    $+1,282.57
  10     10:55–11:00 AM       3:30–3:35 PM      21     12  57.1%    $+65.88    $+1,383.49
  11     11:30–11:35 AM       2:20–2:35 PM      21     14  66.7%    $+56.30    $+1,182.30
  12     11:30–11:35 AM       2:10–2:40 PM      21     14  66.7%    $+56.22    $+1,180.54
  13     10:55–11:00 AM       3:00–3:45 PM      21     13  61.9%    $+60.49    $+1,270.30
  14     10:55–11:00 AM       2:30–2:45 PM      21     13  61.9%    $+60.29    $+1,266.07
  15     11:25–11:40 AM       2:35–2:45 PM      21     14  66.7%    $+55.94    $+1,174.69

──────────────────────────────────────────────────────────────────────────────────────
  Saved CSV: C:\actions-runner\_work\EoD_OptionTrading\EoD_OptionTrading\results\tuesday_intraday\backtest_tuesday_intraday_timeframe_nvda_calls_150days_2026-07-14_1145.csv
  Saved TXT: C:\actions-runner\_work\EoD_OptionTrading\EoD_OptionTrading\results\tuesday_intraday\backtest_tuesday_intraday_timeframe_nvda_calls_150days_2026-07-14_1145.txt
  Saved TXT (outliers removed): C:\actions-runner\_work\EoD_OptionTrading\EoD_OptionTrading\results\tuesday_intraday\backtest_tuesday_intraday_timeframe_nvda_calls_150days_2026-07-14_1145_outliers_removed.txt
──────────────────────────────────────────────────────────────────────────────────────


██████████████████████████████████████████████████████████████████████████████████████
  NVDA PUTS
██████████████████████████████████████████████████████████████████████████████████████
======================================================================================
  NVDA PUTS
======================================================================================
  Optimal entry frame : 9:51–9:57 AM   (6 min)
  Optimal exit frame  : 11:27–11:32 AM   (5 min)
  Data source         : MIXED real+sim

  Date           Strike  Src  Qty       Entry frame    Buy$        Exit frame   Sell$   P&L/sh      P&L $  Result
  ------------ -------- ---- ---- ----------------- ------- ----------------- ------- -------- ----------  ------
  2026-02-17      180.0 REAL    1      9:51–9:57 AM    2.57    11:27–11:32 AM    1.00   -1.572   $-157.23  LOSS
  2026-02-24      190.0  SIM    1      9:51–9:57 AM    2.28    11:27–11:32 AM    1.26   -1.016   $-101.58  LOSS
  2026-03-03      180.0 REAL    1      9:51–9:57 AM    2.97    11:27–11:32 AM    2.45   -0.518    $-51.80  LOSS
  2026-03-10      185.0 REAL    1      9:51–9:57 AM    2.96    11:27–11:32 AM    1.44   -1.511   $-151.10  LOSS
  2026-03-17      185.0 REAL    1      9:51–9:57 AM    3.02    11:27–11:32 AM    3.41   +0.389    $+38.92  WIN 
  2026-03-24      175.0 REAL    1      9:51–9:57 AM    1.99    11:27–11:32 AM    1.22   -0.767    $-76.70  LOSS
  2026-03-31      165.0 REAL    3      9:51–9:57 AM    0.48    11:27–11:32 AM    0.32   -0.160    $-48.00  LOSS
  2026-04-07      175.0 REAL    1      9:51–9:57 AM    1.34    11:27–11:32 AM    1.78   +0.444    $+44.37  WIN 
  2026-04-14      190.0 REAL    2      9:51–9:57 AM    0.61    11:27–11:32 AM    0.46   -0.155    $-31.07  LOSS
  2026-04-21      202.5 REAL    1      9:51–9:57 AM    2.25    11:27–11:32 AM    2.48   +0.221    $+22.10  WIN 
  2026-04-28      210.0 REAL    1      9:51–9:57 AM    2.28    11:27–11:32 AM    3.28   +1.006   $+100.57  WIN 
  2026-05-05      200.0 REAL    1      9:51–9:57 AM    2.14    11:27–11:32 AM    3.86   +1.722   $+172.17  WIN 
  2026-05-12      217.5 REAL    2      9:51–9:57 AM    0.98    11:27–11:32 AM    3.75   +2.774   $+554.73  WIN 
  2026-05-19      220.0  SIM    1      9:51–9:57 AM    1.84    11:27–11:32 AM    2.14   +0.296    $+29.59  WIN 
  2026-05-26      215.0 REAL    1      9:51–9:57 AM    1.92    11:27–11:32 AM    2.32   +0.403    $+40.33  WIN 
  2026-06-02      225.0 REAL    2      9:51–9:57 AM    0.99    11:27–11:32 AM    2.21   +1.215   $+242.93  WIN 
  2026-06-09      212.5 REAL    1      9:51–9:57 AM    3.67    11:27–11:32 AM    9.08   +5.418   $+541.83  WIN 
  2026-06-16      210.0 REAL    1      9:51–9:57 AM    2.06    11:27–11:32 AM    2.28   +0.227    $+22.70  WIN 
  2026-06-23      200.0 REAL    2      9:51–9:57 AM    0.94    11:27–11:32 AM    1.56   +0.627   $+125.40  WIN 
  2026-06-30      195.0 REAL    1      9:51–9:57 AM    1.06    11:27–11:32 AM    0.64   -0.420    $-42.00  LOSS
  2026-07-07      190.0 REAL    1      9:51–9:57 AM    1.15    11:27–11:32 AM    0.67   -0.478    $-47.83  LOSS

  SUMMARY (optimal frames)  trades: 21   wins: 12/21   win rate: 57.1%   total P&L: $+1,228.33   avg/trade: $+58.49
           best day: $+554.73   worst day: $-157.23   skipped (no data): 0
           premium spent: $4,395.69   return on spend: +27.9%

  NVDA PUTS — HEATMAPS   (entry-frame start ↓  exit-frame start →   cyan = chosen optimal)

  Each cell = best frame pair starting in that 30-min bucket (best over all durations).

  1) WIN RATE %  (wins ÷ trades)
    Entry |   9:30  10:00  10:30  11:00  11:30  12:00  12:30   1:00   1:30   2:00   2:30   3:00   3:30
  --------+-------------------------------------------------------------------------------------------
     9:30 |    57%    57%    62%    57%    57%    52%    52%    52%    33%    48%    48%    38%    38%
    10:00 |      ·    57%    57%    48%    48%    38%    43%    48%    43%    38%    43%    43%    43%
    10:30 |      ·      ·    62%    48%    48%    38%    43%    43%    38%    43%    43%    43%    43%
    11:00 |      ·      ·      ·    71%    71%    43%    48%    43%    38%    38%    43%    43%    45%
    11:30 |      ·      ·      ·      ·    43%    43%    43%    33%    33%    35%    43%    48%    50%
    12:00 |      ·      ·      ·      ·      ·    48%    67%    43%    38%    43%    48%    52%    45%
    12:30 |      ·      ·      ·      ·      ·      ·    62%    43%    45%    52%    52%    52%    45%
     1:00 |      ·      ·      ·      ·      ·      ·      ·    35%    62%    52%    50%    48%    55%
     1:30 |      ·      ·      ·      ·      ·      ·      ·      ·    76%    60%    57%    52%    57%
     2:00 |      ·      ·      ·      ·      ·      ·      ·      ·      ·    60%    60%    48%    62%
     2:30 |      ·      ·      ·      ·      ·      ·      ·      ·      ·      ·    57%    52%    57%
     3:00 |      ·      ·      ·      ·      ·      ·      ·      ·      ·      ·      ·    67%    65%
     3:30 |      ·      ·      ·      ·      ·      ·      ·      ·      ·      ·      ·      ·    65%

  2) WIN COUNT  (number of winning trades)
    Entry |   9:30  10:00  10:30  11:00  11:30  12:00  12:30   1:00   1:30   2:00   2:30   3:00   3:30
  --------+-------------------------------------------------------------------------------------------
     9:30 |     12     12     13     12     12     11     11     11      7     10     10      8      8
    10:00 |      ·     12     12     10     10      8      9     10      9      8      9      9      9
    10:30 |      ·      ·     13     10     10      8      9      9      8      9      9      9      9
    11:00 |      ·      ·      ·     15     15      9     10      9      8      8      9      9      9
    11:30 |      ·      ·      ·      ·      9      9      9      7      7      7      9     10     10
    12:00 |      ·      ·      ·      ·      ·     10     14      9      8      9     10     11      9
    12:30 |      ·      ·      ·      ·      ·      ·     13      9      9     11     11     11      9
     1:00 |      ·      ·      ·      ·      ·      ·      ·      7     13     11     10     10     11
     1:30 |      ·      ·      ·      ·      ·      ·      ·      ·     16     12     12     11     12
     2:00 |      ·      ·      ·      ·      ·      ·      ·      ·      ·     12     12     10     13
     2:30 |      ·      ·      ·      ·      ·      ·      ·      ·      ·      ·     12     11     12
     3:00 |      ·      ·      ·      ·      ·      ·      ·      ·      ·      ·      ·     14     13
     3:30 |      ·      ·      ·      ·      ·      ·      ·      ·      ·      ·      ·      ·     13

  3a) AVG P&L PER TRADE  ($ per contract)
    Entry |   9:30  10:00  10:30  11:00  11:30  12:00  12:30   1:00   1:30   2:00   2:30   3:00   3:30
  --------+-------------------------------------------------------------------------------------------
     9:30 |    +29    +34    +37    +52    +50    +41    +37    +25     +7    -19    -26     +2     +3
    10:00 |      ·    +14    +22    +27    +26    +22    +19     -2    -28    -34    -38    -38    -31
    10:30 |      ·      ·    +13    +18    +18    +13    +12     -7    -36    -34    -32    -33    -34
    11:00 |      ·      ·      ·    +20    +21    +15    +12    -18    -42    -43    -42    -42    -12
    11:30 |      ·      ·      ·      ·     +6    +10    +10    -24    -52    -24    -24    -27     -8
    12:00 |      ·      ·      ·      ·      ·     +8     +7    -14    -41    -27    -20    -25     +0
    12:30 |      ·      ·      ·      ·      ·      ·     +8    -36     -9    -20    -20    -24     +5
     1:00 |      ·      ·      ·      ·      ·      ·      ·     +1     +2    -17     +1     +4     +7
     1:30 |      ·      ·      ·      ·      ·      ·      ·      ·     +7     -5     +5    +10     +9
     2:00 |      ·      ·      ·      ·      ·      ·      ·      ·      ·     +3     +7    +12    +10
     2:30 |      ·      ·      ·      ·      ·      ·      ·      ·      ·      ·     +7    +12    +10
     3:00 |      ·      ·      ·      ·      ·      ·      ·      ·      ·      ·      ·    +10    +12
     3:30 |      ·      ·      ·      ·      ·      ·      ·      ·      ·      ·      ·      ·    +14

  3b) TOTAL P&L  ($ per contract, summed over all Tuesdays)
    Entry |    9:30   10:00   10:30   11:00   11:30   12:00   12:30    1:00    1:30    2:00    2:30    3:00    3:30
  --------+--------------------------------------------------------------------------------------------------------
     9:30 |    +616    +709    +779   +1087   +1048    +855    +785    +515    +139    -397    -543     +51     +65
    10:00 |       ·    +290    +463    +565    +549    +472    +390     -49    -589    -709    -802    -792    -645
    10:30 |       ·       ·    +280    +385    +379    +276    +255    -150    -759    -724    -681    -700    -708
    11:00 |       ·       ·       ·    +422    +439    +317    +253    -379    -887    -902    -877    -875    -250
    11:30 |       ·       ·       ·       ·    +133    +214    +206    -495   -1083    -482    -501    -575    -160
    12:00 |       ·       ·       ·       ·       ·    +163    +144    -302    -862    -571    -418    -528      +2
    12:30 |       ·       ·       ·       ·       ·       ·    +171    -762    -174    -424    -423    -496     +97
     1:00 |       ·       ·       ·       ·       ·       ·       ·     +16     +51    -352     +24     +87    +149
     1:30 |       ·       ·       ·       ·       ·       ·       ·       ·    +149    -103     +95    +207    +183
     2:00 |       ·       ·       ·       ·       ·       ·       ·       ·       ·     +64    +143    +262    +209
     2:30 |       ·       ·       ·       ·       ·       ·       ·       ·       ·       ·    +153    +249    +215
     3:00 |       ·       ·       ·       ·       ·       ·       ·       ·       ·       ·       ·    +213    +230
     3:30 |       ·       ·       ·       ·       ·       ·       ·       ·       ·       ·       ·       ·    +275

──────────────────────────────────────────────────────────────────────────────────────
  NVDA PUTS — TOP 15 FRAME PAIRS (by win_rate × avg payoff)
──────────────────────────────────────────────────────────────────────────────────────
   #        Entry frame         Exit frame  Trades   Wins    Win%    Avg P&L     Total P&L
  --  -----------------  -----------------  ------  -----  ------  ---------  ------------
   1       9:50–9:55 AM     11:25–11:30 AM      21     12  57.1%    $+51.77    $+1,087.10
   2       9:50–9:55 AM     11:25–11:35 AM      21     12  57.1%    $+50.91    $+1,069.01
   3       9:50–9:55 AM     11:30–11:35 AM      21     12  57.1%    $+49.92    $+1,048.31
   4       9:45–9:55 AM     11:25–11:30 AM      21     12  57.1%    $+47.97    $+1,007.27
   5       9:45–9:55 AM     11:25–11:35 AM      21     12  57.1%    $+47.57      $+998.89
   6       9:50–9:55 AM     11:25–11:40 AM      21     12  57.1%    $+47.23      $+991.84
   7       9:45–9:55 AM     11:30–11:35 AM      21     12  57.1%    $+47.04      $+987.89
   8       9:50–9:55 AM     11:20–11:35 AM      21     12  57.1%    $+46.58      $+978.17
   9       9:50–9:55 AM     11:30–11:40 AM      21     12  57.1%    $+44.91      $+943.09
  10       9:50–9:55 AM     11:20–11:40 AM      21     12  57.1%    $+44.84      $+941.70
  11       9:50–9:55 AM     11:20–11:30 AM      21     12  57.1%    $+44.70      $+938.72
  12       9:45–9:55 AM     11:25–11:40 AM      21     12  57.1%    $+44.10      $+926.15
  13       9:50–9:55 AM     11:25–11:45 AM      21     12  57.1%    $+44.06      $+925.35
  14       9:40–9:55 AM     11:25–11:30 AM      21     12  57.1%    $+43.82      $+920.32
  15       9:40–9:55 AM     11:25–11:35 AM      21     12  57.1%    $+43.43      $+911.94


██████████████████████████████████████████████████████████████████████████████████████
  OUTLIERS REMOVED (winning trades > $2,000)  —  NVDA PUTS re-optimized
██████████████████████████████████████████████████████████████████████████████████████
  (chosen frames had no winning outliers)
======================================================================================
  NVDA PUTS
======================================================================================
  Optimal entry frame : 9:51–9:57 AM   (6 min)
  Optimal exit frame  : 11:27–11:32 AM   (5 min)
  Data source         : MIXED real+sim

  Date           Strike  Src  Qty       Entry frame    Buy$        Exit frame   Sell$   P&L/sh      P&L $  Result
  ------------ -------- ---- ---- ----------------- ------- ----------------- ------- -------- ----------  ------
  2026-02-17      180.0 REAL    1      9:51–9:57 AM    2.57    11:27–11:32 AM    1.00   -1.572   $-157.23  LOSS
  2026-02-24      190.0  SIM    1      9:51–9:57 AM    2.28    11:27–11:32 AM    1.26   -1.016   $-101.58  LOSS
  2026-03-03      180.0 REAL    1      9:51–9:57 AM    2.97    11:27–11:32 AM    2.45   -0.518    $-51.80  LOSS
  2026-03-10      185.0 REAL    1      9:51–9:57 AM    2.96    11:27–11:32 AM    1.44   -1.511   $-151.10  LOSS
  2026-03-17      185.0 REAL    1      9:51–9:57 AM    3.02    11:27–11:32 AM    3.41   +0.389    $+38.92  WIN 
  2026-03-24      175.0 REAL    1      9:51–9:57 AM    1.99    11:27–11:32 AM    1.22   -0.767    $-76.70  LOSS
  2026-03-31      165.0 REAL    3      9:51–9:57 AM    0.48    11:27–11:32 AM    0.32   -0.160    $-48.00  LOSS
  2026-04-07      175.0 REAL    1      9:51–9:57 AM    1.34    11:27–11:32 AM    1.78   +0.444    $+44.37  WIN 
  2026-04-14      190.0 REAL    2      9:51–9:57 AM    0.61    11:27–11:32 AM    0.46   -0.155    $-31.07  LOSS
  2026-04-21      202.5 REAL    1      9:51–9:57 AM    2.25    11:27–11:32 AM    2.48   +0.221    $+22.10  WIN 
  2026-04-28      210.0 REAL    1      9:51–9:57 AM    2.28    11:27–11:32 AM    3.28   +1.006   $+100.57  WIN 
  2026-05-05      200.0 REAL    1      9:51–9:57 AM    2.14    11:27–11:32 AM    3.86   +1.722   $+172.17  WIN 
  2026-05-12      217.5 REAL    2      9:51–9:57 AM    0.98    11:27–11:32 AM    3.75   +2.774   $+554.73  WIN 
  2026-05-19      220.0  SIM    1      9:51–9:57 AM    1.84    11:27–11:32 AM    2.14   +0.296    $+29.59  WIN 
  2026-05-26      215.0 REAL    1      9:51–9:57 AM    1.92    11:27–11:32 AM    2.32   +0.403    $+40.33  WIN 
  2026-06-02      225.0 REAL    2      9:51–9:57 AM    0.99    11:27–11:32 AM    2.21   +1.215   $+242.93  WIN 
  2026-06-09      212.5 REAL    1      9:51–9:57 AM    3.67    11:27–11:32 AM    9.08   +5.418   $+541.83  WIN 
  2026-06-16      210.0 REAL    1      9:51–9:57 AM    2.06    11:27–11:32 AM    2.28   +0.227    $+22.70  WIN 
  2026-06-23      200.0 REAL    2      9:51–9:57 AM    0.94    11:27–11:32 AM    1.56   +0.627   $+125.40  WIN 
  2026-06-30      195.0 REAL    1      9:51–9:57 AM    1.06    11:27–11:32 AM    0.64   -0.420    $-42.00  LOSS
  2026-07-07      190.0 REAL    1      9:51–9:57 AM    1.15    11:27–11:32 AM    0.67   -0.478    $-47.83  LOSS

  SUMMARY (optimal frames)  trades: 21   wins: 12/21   win rate: 57.1%   total P&L: $+1,228.33   avg/trade: $+58.49
           best day: $+554.73   worst day: $-157.23   skipped (no data): 0
           premium spent: $4,395.69   return on spend: +27.9%

  NVDA PUTS — HEATMAPS   (entry-frame start ↓  exit-frame start →   cyan = chosen optimal)

  Each cell = best frame pair starting in that 30-min bucket (best over all durations).

  1) WIN RATE %  (wins ÷ trades)
    Entry |   9:30  10:00  10:30  11:00  11:30  12:00  12:30   1:00   1:30   2:00   2:30   3:00   3:30
  --------+-------------------------------------------------------------------------------------------
     9:30 |    57%    57%    62%    57%    57%    52%    52%    52%    33%    48%    48%    38%    38%
    10:00 |      ·    57%    57%    48%    48%    38%    43%    48%    43%    38%    43%    43%    43%
    10:30 |      ·      ·    62%    48%    48%    38%    43%    43%    38%    43%    43%    43%    43%
    11:00 |      ·      ·      ·    71%    71%    43%    48%    43%    38%    38%    43%    43%    45%
    11:30 |      ·      ·      ·      ·    43%    43%    43%    33%    33%    35%    43%    48%    50%
    12:00 |      ·      ·      ·      ·      ·    48%    67%    43%    38%    43%    48%    52%    45%
    12:30 |      ·      ·      ·      ·      ·      ·    62%    43%    45%    52%    52%    52%    45%
     1:00 |      ·      ·      ·      ·      ·      ·      ·    35%    62%    52%    50%    48%    55%
     1:30 |      ·      ·      ·      ·      ·      ·      ·      ·    76%    60%    57%    52%    57%
     2:00 |      ·      ·      ·      ·      ·      ·      ·      ·      ·    60%    60%    48%    62%
     2:30 |      ·      ·      ·      ·      ·      ·      ·      ·      ·      ·    57%    52%    57%
     3:00 |      ·      ·      ·      ·      ·      ·      ·      ·      ·      ·      ·    67%    65%
     3:30 |      ·      ·      ·      ·      ·      ·      ·      ·      ·      ·      ·      ·    65%

  2) WIN COUNT  (number of winning trades)
    Entry |   9:30  10:00  10:30  11:00  11:30  12:00  12:30   1:00   1:30   2:00   2:30   3:00   3:30
  --------+-------------------------------------------------------------------------------------------
     9:30 |     12     12     13     12     12     11     11     11      7     10     10      8      8
    10:00 |      ·     12     12     10     10      8      9     10      9      8      9      9      9
    10:30 |      ·      ·     13     10     10      8      9      9      8      9      9      9      9
    11:00 |      ·      ·      ·     15     15      9     10      9      8      8      9      9      9
    11:30 |      ·      ·      ·      ·      9      9      9      7      7      7      9     10     10
    12:00 |      ·      ·      ·      ·      ·     10     14      9      8      9     10     11      9
    12:30 |      ·      ·      ·      ·      ·      ·     13      9      9     11     11     11      9
     1:00 |      ·      ·      ·      ·      ·      ·      ·      7     13     11     10     10     11
     1:30 |      ·      ·      ·      ·      ·      ·      ·      ·     16     12     12     11     12
     2:00 |      ·      ·      ·      ·      ·      ·      ·      ·      ·     12     12     10     13
     2:30 |      ·      ·      ·      ·      ·      ·      ·      ·      ·      ·     12     11     12
     3:00 |      ·      ·      ·      ·      ·      ·      ·      ·      ·      ·      ·     14     13
     3:30 |      ·      ·      ·      ·      ·      ·      ·      ·      ·      ·      ·      ·     13

  3a) AVG P&L PER TRADE  ($ per contract)
    Entry |   9:30  10:00  10:30  11:00  11:30  12:00  12:30   1:00   1:30   2:00   2:30   3:00   3:30
  --------+-------------------------------------------------------------------------------------------
     9:30 |    +29    +34    +37    +52    +50    +41    +37    +25     +7    -19    -26     +2     +3
    10:00 |      ·    +14    +22    +27    +26    +22    +19     -2    -28    -34    -38    -38    -31
    10:30 |      ·      ·    +13    +18    +18    +13    +12     -7    -36    -34    -32    -33    -34
    11:00 |      ·      ·      ·    +20    +21    +15    +12    -18    -42    -43    -42    -42    -12
    11:30 |      ·      ·      ·      ·     +6    +10    +10    -24    -52    -24    -24    -27     -8
    12:00 |      ·      ·      ·      ·      ·     +8     +7    -14    -41    -27    -20    -25     +0
    12:30 |      ·      ·      ·      ·      ·      ·     +8    -36     -9    -20    -20    -24     +5
     1:00 |      ·      ·      ·      ·      ·      ·      ·     +1     +2    -17     +1     +4     +7
     1:30 |      ·      ·      ·      ·      ·      ·      ·      ·     +7     -5     +5    +10     +9
     2:00 |      ·      ·      ·      ·      ·      ·      ·      ·      ·     +3     +7    +12    +10
     2:30 |      ·      ·      ·      ·      ·      ·      ·      ·      ·      ·     +7    +12    +10
     3:00 |      ·      ·      ·      ·      ·      ·      ·      ·      ·      ·      ·    +10    +12
     3:30 |      ·      ·      ·      ·      ·      ·      ·      ·      ·      ·      ·      ·    +14

  3b) TOTAL P&L  ($ per contract, summed over all Tuesdays)
    Entry |    9:30   10:00   10:30   11:00   11:30   12:00   12:30    1:00    1:30    2:00    2:30    3:00    3:30
  --------+--------------------------------------------------------------------------------------------------------
     9:30 |    +616    +709    +779   +1087   +1048    +855    +785    +515    +139    -397    -543     +51     +65
    10:00 |       ·    +290    +463    +565    +549    +472    +390     -49    -589    -709    -802    -792    -645
    10:30 |       ·       ·    +280    +385    +379    +276    +255    -150    -759    -724    -681    -700    -708
    11:00 |       ·       ·       ·    +422    +439    +317    +253    -379    -887    -902    -877    -875    -250
    11:30 |       ·       ·       ·       ·    +133    +214    +206    -495   -1083    -482    -501    -575    -160
    12:00 |       ·       ·       ·       ·       ·    +163    +144    -302    -862    -571    -418    -528      +2
    12:30 |       ·       ·       ·       ·       ·       ·    +171    -762    -174    -424    -423    -496     +97
     1:00 |       ·       ·       ·       ·       ·       ·       ·     +16     +51    -352     +24     +87    +149
     1:30 |       ·       ·       ·       ·       ·       ·       ·       ·    +149    -103     +95    +207    +183
     2:00 |       ·       ·       ·       ·       ·       ·       ·       ·       ·     +64    +143    +262    +209
     2:30 |       ·       ·       ·       ·       ·       ·       ·       ·       ·       ·    +153    +249    +215
     3:00 |       ·       ·       ·       ·       ·       ·       ·       ·       ·       ·       ·    +213    +230
     3:30 |       ·       ·       ·       ·       ·       ·       ·       ·       ·       ·       ·       ·    +275

──────────────────────────────────────────────────────────────────────────────────────
  NVDA PUTS — TOP 15 FRAME PAIRS (by win_rate × avg payoff)
──────────────────────────────────────────────────────────────────────────────────────
   #        Entry frame         Exit frame  Trades   Wins    Win%    Avg P&L     Total P&L
  --  -----------------  -----------------  ------  -----  ------  ---------  ------------
   1       9:50–9:55 AM     11:25–11:30 AM      21     12  57.1%    $+51.77    $+1,087.10
   2       9:50–9:55 AM     11:25–11:35 AM      21     12  57.1%    $+50.91    $+1,069.01
   3       9:50–9:55 AM     11:30–11:35 AM      21     12  57.1%    $+49.92    $+1,048.31
   4       9:45–9:55 AM     11:25–11:30 AM      21     12  57.1%    $+47.97    $+1,007.27
   5       9:45–9:55 AM     11:25–11:35 AM      21     12  57.1%    $+47.57      $+998.89
   6       9:50–9:55 AM     11:25–11:40 AM      21     12  57.1%    $+47.23      $+991.84
   7       9:45–9:55 AM     11:30–11:35 AM      21     12  57.1%    $+47.04      $+987.89
   8       9:50–9:55 AM     11:20–11:35 AM      21     12  57.1%    $+46.58      $+978.17
   9       9:50–9:55 AM     11:30–11:40 AM      21     12  57.1%    $+44.91      $+943.09
  10       9:50–9:55 AM     11:20–11:40 AM      21     12  57.1%    $+44.84      $+941.70
  11       9:50–9:55 AM     11:20–11:30 AM      21     12  57.1%    $+44.70      $+938.72
  12       9:45–9:55 AM     11:25–11:40 AM      21     12  57.1%    $+44.10      $+926.15
  13       9:50–9:55 AM     11:25–11:45 AM      21     12  57.1%    $+44.06      $+925.35
  14       9:40–9:55 AM     11:25–11:30 AM      21     12  57.1%    $+43.82      $+920.32
  15       9:40–9:55 AM     11:25–11:35 AM      21     12  57.1%    $+43.43      $+911.94

──────────────────────────────────────────────────────────────────────────────────────
  Saved CSV: C:\actions-runner\_work\EoD_OptionTrading\EoD_OptionTrading\results\tuesday_intraday\backtest_tuesday_intraday_timeframe_nvda_puts_150days_2026-07-14_1145.csv
  Saved TXT: C:\actions-runner\_work\EoD_OptionTrading\EoD_OptionTrading\results\tuesday_intraday\backtest_tuesday_intraday_timeframe_nvda_puts_150days_2026-07-14_1145.txt
  Saved TXT (outliers removed): C:\actions-runner\_work\EoD_OptionTrading\EoD_OptionTrading\results\tuesday_intraday\backtest_tuesday_intraday_timeframe_nvda_puts_150days_2026-07-14_1145_outliers_removed.txt
──────────────────────────────────────────────────────────────────────────────────────


██████████████████████████████████████████████████████████████████████████████████████
  META CALLS
██████████████████████████████████████████████████████████████████████████████████████
======================================================================================
  META CALLS
======================================================================================
  Optimal entry frame : 12:08–12:13 PM   (5 min)
  Optimal exit frame  : 2:14–2:19 PM   (5 min)
  Data source         : MIXED real+sim

  Date           Strike  Src  Qty       Entry frame    Buy$        Exit frame   Sell$   P&L/sh      P&L $  Result
  ------------ -------- ---- ---- ----------------- ------- ----------------- ------- -------- ----------  ------
  2026-02-17      635.0 REAL    1    12:08–12:13 PM    6.71      2:14–2:19 PM    9.18   +2.467   $+246.67  WIN 
  2026-02-24      630.0 REAL    —    12:08–12:13 PM       —      2:14–2:19 PM       —        —          —  skip
  2026-03-03      650.0 REAL    1    12:08–12:13 PM    7.17      2:14–2:19 PM    9.37   +2.195   $+219.50  WIN 
  2026-03-10      655.0 REAL    1    12:08–12:13 PM    6.09      2:14–2:19 PM    6.22   +0.127    $+12.67  WIN 
  2026-03-17      630.0 REAL    1    12:08–12:13 PM    3.02      2:14–2:19 PM    2.22   -0.794    $-79.40  LOSS
  2026-03-24      600.0 REAL    1    12:08–12:13 PM    2.52      2:14–2:19 PM    2.57   +0.052     $+5.25  WIN 
  2026-03-31      550.0 REAL    1    12:08–12:13 PM   12.21      2:14–2:19 PM   21.40   +9.187   $+918.67  WIN 
  2026-04-07      570.0 REAL    —    12:08–12:13 PM       —      2:14–2:19 PM       —        —          —  skip
  2026-04-14      640.0 REAL    —    12:08–12:13 PM       —      2:14–2:19 PM       —        —          —  skip
  2026-04-21      670.0 REAL    1    12:08–12:13 PM    6.03      2:14–2:19 PM    6.69   +0.662    $+66.20  WIN 
  2026-04-28      670.0  SIM    1    12:08–12:13 PM    6.05      2:14–2:19 PM    7.39   +1.337   $+133.68  WIN 
  2026-05-05      615.0 REAL    2    12:08–12:13 PM    0.83      2:14–2:19 PM    1.06   +0.231    $+46.20  WIN 
  2026-05-12      595.0 REAL    —    12:08–12:13 PM       —      2:14–2:19 PM       —        —          —  skip
  2026-05-19      610.0 REAL    1    12:08–12:13 PM    2.30      2:14–2:19 PM    1.78   -0.520    $-52.00  LOSS
  2026-05-26      610.0 REAL    1    12:08–12:13 PM    4.09      2:14–2:19 PM    4.09   +0.004     $+0.40  WIN 
  2026-06-02      600.0 REAL    —    12:08–12:13 PM       —      2:14–2:19 PM       —        —          —  skip
  2026-06-09      590.0 REAL    1    12:08–12:13 PM    4.14      2:14–2:19 PM    4.38   +0.237    $+23.75  WIN 
  2026-06-16      595.0 REAL    1    12:08–12:13 PM    5.41      2:14–2:19 PM    6.13   +0.716    $+71.60  WIN 
  2026-06-23      565.0 REAL    1    12:08–12:13 PM    4.07      2:14–2:19 PM    4.16   +0.088     $+8.80  WIN 
  2026-06-30      560.0 REAL    1    12:08–12:13 PM    3.84      2:14–2:19 PM    5.44   +1.594   $+159.40  WIN 
  2026-07-07      605.0 REAL    1    12:08–12:13 PM    5.90      2:14–2:19 PM   15.73   +9.834   $+983.40  WIN 

  SUMMARY (optimal frames)  trades: 16   wins: 14/16   win rate: 87.5%   total P&L: $+2,764.79   avg/trade: $+172.80
           best day: $+983.40   worst day: $-79.40   skipped (no data): 5
           premium spent: $8,121.13   return on spend: +34.0%

  META CALLS — HEATMAPS   (entry-frame start ↓  exit-frame start →   cyan = chosen optimal)

  Each cell = best frame pair starting in that 30-min bucket (best over all durations).

  1) WIN RATE %  (wins ÷ trades)
    Entry |   9:30  10:00  10:30  11:00  11:30  12:00  12:30   1:00   1:30   2:00   2:30   3:00   3:30
  --------+-------------------------------------------------------------------------------------------
     9:30 |    67%    52%    38%    43%    52%    48%    60%    43%    50%    50%    48%    52%    52%
    10:00 |      ·    43%    48%    48%    57%    57%    57%    52%    60%    60%    53%    57%    52%
    10:30 |      ·      ·    52%    52%    52%    52%    52%    52%    60%    60%    53%    57%    52%
    11:00 |      ·      ·      ·    48%    48%    48%    48%    71%    60%    72%    58%    57%    57%
    11:30 |      ·      ·      ·      ·    60%    65%    65%    71%    68%    72%    58%    55%    57%
    12:00 |      ·      ·      ·      ·      ·    70%    74%    75%    80%    82%    68%    72%    47%
    12:30 |      ·      ·      ·      ·      ·      ·    55%    67%    69%    65%    56%    61%    55%
     1:00 |      ·      ·      ·      ·      ·      ·      ·    67%    74%    67%    75%    67%    67%
     1:30 |      ·      ·      ·      ·      ·      ·      ·      ·    76%    68%    53%    47%    41%
     2:00 |      ·      ·      ·      ·      ·      ·      ·      ·      ·    56%    57%    44%    38%
     2:30 |      ·      ·      ·      ·      ·      ·      ·      ·      ·      ·    56%    60%    48%
     3:00 |      ·      ·      ·      ·      ·      ·      ·      ·      ·      ·      ·    65%    57%
     3:30 |      ·      ·      ·      ·      ·      ·      ·      ·      ·      ·      ·      ·    67%

  2) WIN COUNT  (number of winning trades)
    Entry |   9:30  10:00  10:30  11:00  11:30  12:00  12:30   1:00   1:30   2:00   2:30   3:00   3:30
  --------+-------------------------------------------------------------------------------------------
     9:30 |     14     11      8      9     11     10     12      9     10     10     10     11     11
    10:00 |      ·      9     10     10     12     12     12     11     12     12     10     12     11
    10:30 |      ·      ·     11     11     11     11     11     11     12     12     10     12     11
    11:00 |      ·      ·      ·     10     10     10     10     15     12     13     11     12     12
    11:30 |      ·      ·      ·      ·     12     13     13     15     13     13     11     11     12
    12:00 |      ·      ·      ·      ·      ·     14     14     15     16     14     13     13      9
    12:30 |      ·      ·      ·      ·      ·      ·     11     14     11     11      9     11     11
     1:00 |      ·      ·      ·      ·      ·      ·      ·     12     14     12     12     12     12
     1:30 |      ·      ·      ·      ·      ·      ·      ·      ·     16     13      9      9      7
     2:00 |      ·      ·      ·      ·      ·      ·      ·      ·      ·      9      8      7      6
     2:30 |      ·      ·      ·      ·      ·      ·      ·      ·      ·      ·      9     12     10
     3:00 |      ·      ·      ·      ·      ·      ·      ·      ·      ·      ·      ·     13     12
     3:30 |      ·      ·      ·      ·      ·      ·      ·      ·      ·      ·      ·      ·     14

  3a) AVG P&L PER TRADE  ($ per contract)
    Entry |   9:30  10:00  10:30  11:00  11:30  12:00  12:30   1:00   1:30   2:00   2:30   3:00   3:30
  --------+-------------------------------------------------------------------------------------------
     9:30 |    +85    +32     +8    +33    +42    +65    +59   +102   +109   +125    +99    +83    +90
    10:00 |      ·     +5    +25    +48    +52    +68    +79    +97   +114   +127   +105    +84    +94
    10:30 |      ·      ·    +39    +56    +59    +74    +89   +111   +127   +130   +113    +97   +103
    11:00 |      ·      ·      ·    +55    +62    +77    +87    +83   +128   +125   +109    +96    +98
    11:30 |      ·      ·      ·      ·    +63    +73    +84   +100   +129   +142   +127   +102    +89
    12:00 |      ·      ·      ·      ·      ·    +78    +92   +115   +130   +164   +130   +106   +113
    12:30 |      ·      ·      ·      ·      ·      ·    +48    +68    +98   +139    +97    +82    +87
     1:00 |      ·      ·      ·      ·      ·      ·      ·    +85    +91   +125   +100    +90    +84
     1:30 |      ·      ·      ·      ·      ·      ·      ·      ·    +47    +71    +59    +30    +28
     2:00 |      ·      ·      ·      ·      ·      ·      ·      ·      ·    +53    +45    +28    +23
     2:30 |      ·      ·      ·      ·      ·      ·      ·      ·      ·      ·    +11    +12    +21
     3:00 |      ·      ·      ·      ·      ·      ·      ·      ·      ·      ·      ·    +14    +34
     3:30 |      ·      ·      ·      ·      ·      ·      ·      ·      ·      ·      ·      ·    +58

  3b) TOTAL P&L  ($ per contract, summed over all Tuesdays)
    Entry |    9:30   10:00   10:30   11:00   11:30   12:00   12:30    1:00    1:30    2:00    2:30    3:00    3:30
  --------+--------------------------------------------------------------------------------------------------------
     9:30 |   +1787    +668    +168    +695    +880   +1361   +1174   +2140   +2179   +2510   +2083   +1751   +1894
    10:00 |       ·    +105    +518   +1000   +1091   +1438   +1659   +2039   +2276   +2531   +2003   +1765   +1978
    10:30 |       ·       ·    +820   +1184   +1248   +1560   +1866   +2326   +2534   +2603   +2144   +2039   +2162
    11:00 |       ·       ·       ·   +1146   +1311   +1609   +1829   +1744   +2551   +2250   +2062   +2016   +2066
    11:30 |       ·       ·       ·       ·   +1255   +1468   +1674   +2100   +2446   +2554   +2408   +2044   +1859
    12:00 |       ·       ·       ·       ·       ·   +1560   +1747   +2306   +2598   +2795   +2470   +1916   +2143
    12:30 |       ·       ·       ·       ·       ·       ·    +955   +1426   +1562   +2364   +1556   +1473   +1734
     1:00 |       ·       ·       ·       ·       ·       ·       ·   +1528   +1724   +2247   +1605   +1614   +1517
     1:30 |       ·       ·       ·       ·       ·       ·       ·       ·    +996   +1346   +1002    +564    +481
     2:00 |       ·       ·       ·       ·       ·       ·       ·       ·       ·    +840    +623    +445    +367
     2:30 |       ·       ·       ·       ·       ·       ·       ·       ·       ·       ·    +174    +245    +436
     3:00 |       ·       ·       ·       ·       ·       ·       ·       ·       ·       ·       ·    +277    +718
     3:30 |       ·       ·       ·       ·       ·       ·       ·       ·       ·       ·       ·       ·   +1228

──────────────────────────────────────────────────────────────────────────────────────
  META CALLS — TOP 15 FRAME PAIRS (by win_rate × avg payoff)
──────────────────────────────────────────────────────────────────────────────────────
   #        Entry frame         Exit frame  Trades   Wins    Win%    Avg P&L     Total P&L
  --  -----------------  -----------------  ------  -----  ------  ---------  ------------
   1     12:05–12:10 PM       2:15–2:20 PM      17     14  82.4%   $+164.43    $+2,795.23
   2     12:00–12:15 PM       2:15–2:20 PM      17     13  76.5%   $+161.76    $+2,749.84
   3     12:10–12:15 PM       2:15–2:20 PM      17     12  70.6%   $+171.84    $+2,921.22
   4     12:00–12:10 PM       2:15–2:20 PM      17     13  76.5%   $+157.21    $+2,672.49
   5     12:05–12:15 PM       2:15–2:20 PM      17     12  70.6%   $+167.86    $+2,853.67
   6     12:10–12:20 PM       2:15–2:20 PM      17     12  70.6%   $+165.22    $+2,808.82
   7     12:10–12:25 PM       2:15–2:20 PM      17     12  70.6%   $+162.77    $+2,767.17
   8     12:05–12:10 PM       2:15–2:25 PM      18     13  72.2%   $+153.40    $+2,761.23
   9     12:05–12:10 PM       2:00–2:05 PM      16     13  81.2%   $+135.92    $+2,174.70
  10     12:10–12:15 PM       2:00–2:05 PM      16     12  75.0%   $+146.46    $+2,343.43
  11     12:05–12:15 PM       2:20–2:25 PM      18     12  66.7%   $+163.83    $+2,949.02
  12     12:05–12:10 PM       2:20–2:25 PM      18     12  66.7%   $+162.13    $+2,918.42
  13     12:00–12:10 PM       2:10–2:25 PM      18     14  77.8%   $+138.54    $+2,493.80
  14     12:05–12:15 PM       2:05–2:20 PM      20     16  80.0%   $+133.66    $+2,673.23
  15     12:05–12:20 PM       2:15–2:20 PM      17     11  64.7%   $+165.04    $+2,805.68


██████████████████████████████████████████████████████████████████████████████████████
  OUTLIERS REMOVED (winning trades > $2,000)  —  META CALLS re-optimized
██████████████████████████████████████████████████████████████████████████████████████
  (chosen frames had no winning outliers)
======================================================================================
  META CALLS
======================================================================================
  Optimal entry frame : 12:08–12:13 PM   (5 min)
  Optimal exit frame  : 2:14–2:19 PM   (5 min)
  Data source         : MIXED real+sim

  Date           Strike  Src  Qty       Entry frame    Buy$        Exit frame   Sell$   P&L/sh      P&L $  Result
  ------------ -------- ---- ---- ----------------- ------- ----------------- ------- -------- ----------  ------
  2026-02-17      635.0 REAL    1    12:08–12:13 PM    6.71      2:14–2:19 PM    9.18   +2.467   $+246.67  WIN 
  2026-02-24      630.0 REAL    —    12:08–12:13 PM       —      2:14–2:19 PM       —        —          —  skip
  2026-03-03      650.0 REAL    1    12:08–12:13 PM    7.17      2:14–2:19 PM    9.37   +2.195   $+219.50  WIN 
  2026-03-10      655.0 REAL    1    12:08–12:13 PM    6.09      2:14–2:19 PM    6.22   +0.127    $+12.67  WIN 
  2026-03-17      630.0 REAL    1    12:08–12:13 PM    3.02      2:14–2:19 PM    2.22   -0.794    $-79.40  LOSS
  2026-03-24      600.0 REAL    1    12:08–12:13 PM    2.52      2:14–2:19 PM    2.57   +0.052     $+5.25  WIN 
  2026-03-31      550.0 REAL    1    12:08–12:13 PM   12.21      2:14–2:19 PM   21.40   +9.187   $+918.67  WIN 
  2026-04-07      570.0 REAL    —    12:08–12:13 PM       —      2:14–2:19 PM       —        —          —  skip
  2026-04-14      640.0 REAL    —    12:08–12:13 PM       —      2:14–2:19 PM       —        —          —  skip
  2026-04-21      670.0 REAL    1    12:08–12:13 PM    6.03      2:14–2:19 PM    6.69   +0.662    $+66.20  WIN 
  2026-04-28      670.0  SIM    1    12:08–12:13 PM    6.05      2:14–2:19 PM    7.39   +1.337   $+133.68  WIN 
  2026-05-05      615.0 REAL    2    12:08–12:13 PM    0.83      2:14–2:19 PM    1.06   +0.231    $+46.20  WIN 
  2026-05-12      595.0 REAL    —    12:08–12:13 PM       —      2:14–2:19 PM       —        —          —  skip
  2026-05-19      610.0 REAL    1    12:08–12:13 PM    2.30      2:14–2:19 PM    1.78   -0.520    $-52.00  LOSS
  2026-05-26      610.0 REAL    1    12:08–12:13 PM    4.09      2:14–2:19 PM    4.09   +0.004     $+0.40  WIN 
  2026-06-02      600.0 REAL    —    12:08–12:13 PM       —      2:14–2:19 PM       —        —          —  skip
  2026-06-09      590.0 REAL    1    12:08–12:13 PM    4.14      2:14–2:19 PM    4.38   +0.237    $+23.75  WIN 
  2026-06-16      595.0 REAL    1    12:08–12:13 PM    5.41      2:14–2:19 PM    6.13   +0.716    $+71.60  WIN 
  2026-06-23      565.0 REAL    1    12:08–12:13 PM    4.07      2:14–2:19 PM    4.16   +0.088     $+8.80  WIN 
  2026-06-30      560.0 REAL    1    12:08–12:13 PM    3.84      2:14–2:19 PM    5.44   +1.594   $+159.40  WIN 
  2026-07-07      605.0 REAL    1    12:08–12:13 PM    5.90      2:14–2:19 PM   15.73   +9.834   $+983.40  WIN 

  SUMMARY (optimal frames)  trades: 16   wins: 14/16   win rate: 87.5%   total P&L: $+2,764.79   avg/trade: $+172.80
           best day: $+983.40   worst day: $-79.40   skipped (no data): 5
           premium spent: $8,121.13   return on spend: +34.0%

  META CALLS — HEATMAPS   (entry-frame start ↓  exit-frame start →   cyan = chosen optimal)

  Each cell = best frame pair starting in that 30-min bucket (best over all durations).

  1) WIN RATE %  (wins ÷ trades)
    Entry |   9:30  10:00  10:30  11:00  11:30  12:00  12:30   1:00   1:30   2:00   2:30   3:00   3:30
  --------+-------------------------------------------------------------------------------------------
     9:30 |    67%    52%    38%    43%    52%    48%    60%    43%    50%    50%    48%    52%    52%
    10:00 |      ·    43%    48%    48%    57%    57%    57%    52%    60%    60%    53%    57%    52%
    10:30 |      ·      ·    52%    52%    52%    52%    52%    52%    60%    60%    53%    57%    52%
    11:00 |      ·      ·      ·    48%    48%    48%    48%    71%    60%    72%    58%    57%    57%
    11:30 |      ·      ·      ·      ·    60%    65%    65%    71%    68%    72%    58%    55%    57%
    12:00 |      ·      ·      ·      ·      ·    70%    74%    75%    80%    82%    68%    72%    47%
    12:30 |      ·      ·      ·      ·      ·      ·    55%    67%    69%    65%    56%    61%    55%
     1:00 |      ·      ·      ·      ·      ·      ·      ·    67%    74%    67%    75%    67%    67%
     1:30 |      ·      ·      ·      ·      ·      ·      ·      ·    76%    68%    53%    47%    41%
     2:00 |      ·      ·      ·      ·      ·      ·      ·      ·      ·    56%    57%    44%    38%
     2:30 |      ·      ·      ·      ·      ·      ·      ·      ·      ·      ·    56%    60%    48%
     3:00 |      ·      ·      ·      ·      ·      ·      ·      ·      ·      ·      ·    65%    57%
     3:30 |      ·      ·      ·      ·      ·      ·      ·      ·      ·      ·      ·      ·    67%

  2) WIN COUNT  (number of winning trades)
    Entry |   9:30  10:00  10:30  11:00  11:30  12:00  12:30   1:00   1:30   2:00   2:30   3:00   3:30
  --------+-------------------------------------------------------------------------------------------
     9:30 |     14     11      8      9     11     10     12      9     10     10     10     11     11
    10:00 |      ·      9     10     10     12     12     12     11     12     12     10     12     11
    10:30 |      ·      ·     11     11     11     11     11     11     12     12     10     12     11
    11:00 |      ·      ·      ·     10     10     10     10     15     12     13     11     12     12
    11:30 |      ·      ·      ·      ·     12     13     13     15     13     13     11     11     12
    12:00 |      ·      ·      ·      ·      ·     14     14     15     16     14     13     13      9
    12:30 |      ·      ·      ·      ·      ·      ·     11     14     11     11      9     11     11
     1:00 |      ·      ·      ·      ·      ·      ·      ·     12     14     12     12     12     12
     1:30 |      ·      ·      ·      ·      ·      ·      ·      ·     16     13      9      9      7
     2:00 |      ·      ·      ·      ·      ·      ·      ·      ·      ·      9      8      7      6
     2:30 |      ·      ·      ·      ·      ·      ·      ·      ·      ·      ·      9     12     10
     3:00 |      ·      ·      ·      ·      ·      ·      ·      ·      ·      ·      ·     13     12
     3:30 |      ·      ·      ·      ·      ·      ·      ·      ·      ·      ·      ·      ·     14

  3a) AVG P&L PER TRADE  ($ per contract)
    Entry |   9:30  10:00  10:30  11:00  11:30  12:00  12:30   1:00   1:30   2:00   2:30   3:00   3:30
  --------+-------------------------------------------------------------------------------------------
     9:30 |    +85    +32     +8    +33    +42    +65    +59   +102   +109   +125    +99    +83    +90
    10:00 |      ·     +5    +25    +48    +52    +68    +79    +97   +114   +127   +105    +84    +94
    10:30 |      ·      ·    +39    +56    +59    +74    +89   +111   +127   +130   +113    +97   +103
    11:00 |      ·      ·      ·    +55    +62    +77    +87    +83   +128   +125   +109    +96    +98
    11:30 |      ·      ·      ·      ·    +63    +73    +84   +100   +129   +142   +127   +102    +89
    12:00 |      ·      ·      ·      ·      ·    +78    +92   +115   +130   +164   +130   +106   +113
    12:30 |      ·      ·      ·      ·      ·      ·    +48    +68    +98   +139    +97    +82    +87
     1:00 |      ·      ·      ·      ·      ·      ·      ·    +85    +91   +125   +100    +90    +84
     1:30 |      ·      ·      ·      ·      ·      ·      ·      ·    +47    +71    +59    +30    +28
     2:00 |      ·      ·      ·      ·      ·      ·      ·      ·      ·    +53    +45    +28    +23
     2:30 |      ·      ·      ·      ·      ·      ·      ·      ·      ·      ·    +11    +12    +21
     3:00 |      ·      ·      ·      ·      ·      ·      ·      ·      ·      ·      ·    +14    +34
     3:30 |      ·      ·      ·      ·      ·      ·      ·      ·      ·      ·      ·      ·    +58

  3b) TOTAL P&L  ($ per contract, summed over all Tuesdays)
    Entry |    9:30   10:00   10:30   11:00   11:30   12:00   12:30    1:00    1:30    2:00    2:30    3:00    3:30
  --------+--------------------------------------------------------------------------------------------------------
     9:30 |   +1787    +668    +168    +695    +880   +1361   +1174   +2140   +2179   +2510   +2083   +1751   +1894
    10:00 |       ·    +105    +518   +1000   +1091   +1438   +1659   +2039   +2276   +2531   +2003   +1765   +1978
    10:30 |       ·       ·    +820   +1184   +1248   +1560   +1866   +2326   +2534   +2603   +2144   +2039   +2162
    11:00 |       ·       ·       ·   +1146   +1311   +1609   +1829   +1744   +2551   +2250   +2062   +2016   +2066
    11:30 |       ·       ·       ·       ·   +1255   +1468   +1674   +2100   +2446   +2554   +2408   +2044   +1859
    12:00 |       ·       ·       ·       ·       ·   +1560   +1747   +2306   +2598   +2795   +2470   +1916   +2143
    12:30 |       ·       ·       ·       ·       ·       ·    +955   +1426   +1562   +2364   +1556   +1473   +1734
     1:00 |       ·       ·       ·       ·       ·       ·       ·   +1528   +1724   +2247   +1605   +1614   +1517
     1:30 |       ·       ·       ·       ·       ·       ·       ·       ·    +996   +1346   +1002    +564    +481
     2:00 |       ·       ·       ·       ·       ·       ·       ·       ·       ·    +840    +623    +445    +367
     2:30 |       ·       ·       ·       ·       ·       ·       ·       ·       ·       ·    +174    +245    +436
     3:00 |       ·       ·       ·       ·       ·       ·       ·       ·       ·       ·       ·    +277    +718
     3:30 |       ·       ·       ·       ·       ·       ·       ·       ·       ·       ·       ·       ·   +1228

──────────────────────────────────────────────────────────────────────────────────────
  META CALLS — TOP 15 FRAME PAIRS (by win_rate × avg payoff)
──────────────────────────────────────────────────────────────────────────────────────
   #        Entry frame         Exit frame  Trades   Wins    Win%    Avg P&L     Total P&L
  --  -----------------  -----------------  ------  -----  ------  ---------  ------------
   1     12:05–12:10 PM       2:15–2:20 PM      17     14  82.4%   $+164.43    $+2,795.23
   2     12:00–12:15 PM       2:15–2:20 PM      17     13  76.5%   $+161.76    $+2,749.84
   3     12:10–12:15 PM       2:15–2:20 PM      17     12  70.6%   $+171.84    $+2,921.22
   4     12:00–12:10 PM       2:15–2:20 PM      17     13  76.5%   $+157.21    $+2,672.49
   5     12:05–12:15 PM       2:15–2:20 PM      17     12  70.6%   $+167.86    $+2,853.67
   6     12:10–12:20 PM       2:15–2:20 PM      17     12  70.6%   $+165.22    $+2,808.82
   7     12:10–12:25 PM       2:15–2:20 PM      17     12  70.6%   $+162.77    $+2,767.17
   8     12:05–12:10 PM       2:15–2:25 PM      18     13  72.2%   $+153.40    $+2,761.23
   9     12:05–12:10 PM       2:00–2:05 PM      16     13  81.2%   $+135.92    $+2,174.70
  10     12:10–12:15 PM       2:00–2:05 PM      16     12  75.0%   $+146.46    $+2,343.43
  11     12:05–12:15 PM       2:20–2:25 PM      18     12  66.7%   $+163.83    $+2,949.02
  12     12:05–12:10 PM       2:20–2:25 PM      18     12  66.7%   $+162.13    $+2,918.42
  13     12:00–12:10 PM       2:10–2:25 PM      18     14  77.8%   $+138.54    $+2,493.80
  14     12:05–12:15 PM       2:05–2:20 PM      20     16  80.0%   $+133.66    $+2,673.23
  15     12:05–12:20 PM       2:15–2:20 PM      17     11  64.7%   $+165.04    $+2,805.68

──────────────────────────────────────────────────────────────────────────────────────
  Saved CSV: C:\actions-runner\_work\EoD_OptionTrading\EoD_OptionTrading\results\tuesday_intraday\backtest_tuesday_intraday_timeframe_meta_calls_150days_2026-07-14_1145.csv
  Saved TXT: C:\actions-runner\_work\EoD_OptionTrading\EoD_OptionTrading\results\tuesday_intraday\backtest_tuesday_intraday_timeframe_meta_calls_150days_2026-07-14_1145.txt
  Saved TXT (outliers removed): C:\actions-runner\_work\EoD_OptionTrading\EoD_OptionTrading\results\tuesday_intraday\backtest_tuesday_intraday_timeframe_meta_calls_150days_2026-07-14_1145_outliers_removed.txt
──────────────────────────────────────────────────────────────────────────────────────


██████████████████████████████████████████████████████████████████████████████████████
  META PUTS
██████████████████████████████████████████████████████████████████████████████████████
======================================================================================
  META PUTS
======================================================================================
  Optimal entry frame : 9:43–9:54 AM   (11 min)
  Optimal exit frame  : 10:57–11:05 AM   (8 min)
  Data source         : MIXED real+sim

  Date           Strike  Src  Qty       Entry frame    Buy$        Exit frame   Sell$   P&L/sh      P&L $  Result
  ------------ -------- ---- ---- ----------------- ------- ----------------- ------- -------- ----------  ------
  2026-02-17      635.0 REAL    1      9:43–9:54 AM    7.17    10:57–11:05 AM    6.22   -0.945    $-94.49  LOSS
  2026-02-24      630.0 REAL    1      9:43–9:54 AM    3.63    10:57–11:05 AM    2.75   -0.876    $-87.62  LOSS
  2026-03-03      650.0 REAL    1      9:43–9:54 AM    8.00    10:57–11:05 AM    9.35   +1.350   $+134.97  WIN 
  2026-03-10      655.0 REAL    1      9:43–9:54 AM    6.10    10:57–11:05 AM    3.97   -2.131   $-213.06  LOSS
  2026-03-17      630.0 REAL    1      9:43–9:54 AM    3.85    10:57–11:05 AM    5.54   +1.681   $+168.05  WIN 
  2026-03-24      600.0 REAL    1      9:43–9:54 AM    7.52    10:57–11:05 AM    7.53   +0.005     $+0.50  WIN 
  2026-03-31      550.0 REAL    1      9:43–9:54 AM    3.73    10:57–11:05 AM    4.62   +0.894    $+89.36  WIN 
  2026-04-07      570.0 REAL    1      9:43–9:54 AM    6.11    10:57–11:05 AM    8.05   +1.945   $+194.52  WIN 
  2026-04-14      640.0 REAL    1      9:43–9:54 AM    2.08    10:57–11:05 AM    0.67   -1.411   $-141.13  LOSS
  2026-04-21      670.0 REAL    1      9:43–9:54 AM    4.44    10:57–11:05 AM    5.01   +0.572    $+57.20  WIN 
  2026-04-28      670.0  SIM    1      9:43–9:54 AM    5.28    10:57–11:05 AM    8.56   +3.282   $+328.18  WIN 
  2026-05-05      615.0 REAL    1      9:43–9:54 AM   10.24    10:57–11:05 AM   14.30   +4.064   $+406.43  WIN 
  2026-05-12      595.0 REAL    1      9:43–9:54 AM    3.95    10:57–11:05 AM    2.68   -1.268   $-126.80  LOSS
  2026-05-19      610.0 REAL    1      9:43–9:54 AM    6.34    10:57–11:05 AM    6.70   +0.356    $+35.56  WIN 
  2026-05-26      610.0 REAL    1      9:43–9:54 AM    6.58    10:57–11:05 AM    6.85   +0.268    $+26.80  WIN 
  2026-06-02      600.0 REAL    1      9:43–9:54 AM    5.68    10:57–11:05 AM    2.81   -2.870   $-286.98  LOSS
  2026-06-09      590.0 REAL    1      9:43–9:54 AM    3.14    10:57–11:05 AM    4.27   +1.129   $+112.87  WIN 
  2026-06-16      595.0 REAL    1      9:43–9:54 AM    3.19    10:57–11:05 AM    4.96   +1.769   $+176.87  WIN 
  2026-06-23      565.0 REAL    1      9:43–9:54 AM    4.05    10:57–11:05 AM    5.07   +1.016   $+101.60  WIN 
  2026-06-30      560.0 REAL    1      9:43–9:54 AM    7.51    10:57–11:05 AM   10.48   +2.973   $+297.33  WIN 
  2026-07-07      605.0 REAL    1      9:43–9:54 AM    3.76    10:57–11:05 AM    5.89   +2.132   $+213.21  WIN 

  SUMMARY (optimal frames)  trades: 21   wins: 15/21   win rate: 71.4%   total P&L: $+1,393.37   avg/trade: $+66.35
           best day: $+406.43   worst day: $-286.98   skipped (no data): 0
           premium spent: $11,234.46   return on spend: +12.4%

  META PUTS — HEATMAPS   (entry-frame start ↓  exit-frame start →   cyan = chosen optimal)

  Each cell = best frame pair starting in that 30-min bucket (best over all durations).

  1) WIN RATE %  (wins ÷ trades)
    Entry |   9:30  10:00  10:30  11:00  11:30  12:00  12:30   1:00   1:30   2:00   2:30   3:00   3:30
  --------+-------------------------------------------------------------------------------------------
     9:30 |    71%    71%    67%    63%    52%    52%    52%    55%    48%    48%    48%    52%    48%
    10:00 |      ·    71%    67%    60%    52%    52%    52%    55%    52%    40%    50%    40%    45%
    10:30 |      ·      ·    62%    58%    63%    57%    50%    55%    45%    45%    50%    44%    45%
    11:00 |      ·      ·      ·    67%    72%    61%    41%    33%    45%    47%    56%    40%    48%
    11:30 |      ·      ·      ·      ·    67%    72%    44%    47%    45%    50%    55%    45%    48%
    12:00 |      ·      ·      ·      ·      ·    65%    53%    47%    50%    50%    55%    47%    45%
    12:30 |      ·      ·      ·      ·      ·      ·    58%    50%    59%    53%    56%    55%    55%
     1:00 |      ·      ·      ·      ·      ·      ·      ·    53%    45%    55%    50%    60%    60%
     1:30 |      ·      ·      ·      ·      ·      ·      ·      ·    53%    63%    63%    63%    68%
     2:00 |      ·      ·      ·      ·      ·      ·      ·      ·      ·    60%    60%    65%    63%
     2:30 |      ·      ·      ·      ·      ·      ·      ·      ·      ·      ·    60%    60%    75%
     3:00 |      ·      ·      ·      ·      ·      ·      ·      ·      ·      ·      ·    67%    67%
     3:30 |      ·      ·      ·      ·      ·      ·      ·      ·      ·      ·      ·      ·    79%

  2) WIN COUNT  (number of winning trades)
    Entry |   9:30  10:00  10:30  11:00  11:30  12:00  12:30   1:00   1:30   2:00   2:30   3:00   3:30
  --------+-------------------------------------------------------------------------------------------
     9:30 |     15     15     14     12     11     11     11     11     10     10     10     11     10
    10:00 |      ·     15     14     12     11     11     11     11     11      8     10      8      9
    10:30 |      ·      ·     13     11     12     12     10     11      9      9     10      8      9
    11:00 |      ·      ·      ·     12     13     11      7      6      9      9     10      8     10
    11:30 |      ·      ·      ·      ·     12     13      8      8      9     10     11      9     10
    12:00 |      ·      ·      ·      ·      ·     11     10      9     10     10     11      9      9
    12:30 |      ·      ·      ·      ·      ·      ·     11      9     10     10     10     11     11
     1:00 |      ·      ·      ·      ·      ·      ·      ·     10      9     11     10     12     12
     1:30 |      ·      ·      ·      ·      ·      ·      ·      ·     10     12     12     12     13
     2:00 |      ·      ·      ·      ·      ·      ·      ·      ·      ·     12     12     13     12
     2:30 |      ·      ·      ·      ·      ·      ·      ·      ·      ·      ·     12     12     15
     3:00 |      ·      ·      ·      ·      ·      ·      ·      ·      ·      ·      ·     12     12
     3:30 |      ·      ·      ·      ·      ·      ·      ·      ·      ·      ·      ·      ·     15

  3a) AVG P&L PER TRADE  ($ per contract)
    Entry |   9:30  10:00  10:30  11:00  11:30  12:00  12:30   1:00   1:30   2:00   2:30   3:00   3:30
  --------+-------------------------------------------------------------------------------------------
     9:30 |    +37    +45    +65    +56    +40    +50    +13    +26    -81    -72    -63    -54    -49
    10:00 |      ·    +28    +46    +31    +20    +30    -28    -20    -85    -80    -93   -103    -85
    10:30 |      ·      ·    +29    +20     +7    +16    -63    -23    -66   -114   -109   -134    -86
    11:00 |      ·      ·      ·    +24    +33    +39    +15     +9    -60    -66    -51    -45    -28
    11:30 |      ·      ·      ·      ·    +20    +28    -15     -1    -78    -86    -73    -60    -26
    12:00 |      ·      ·      ·      ·      ·    +15    +13     +5    -66    -84    -83    -74     +6
    12:30 |      ·      ·      ·      ·      ·      ·    +12    +15    -25    -64    -53     -3    +15
     1:00 |      ·      ·      ·      ·      ·      ·      ·    +13    -28    -17     +2    +10    +25
     1:30 |      ·      ·      ·      ·      ·      ·      ·      ·     +4    +24    +26    +37    +50
     2:00 |      ·      ·      ·      ·      ·      ·      ·      ·      ·    +17    +20    +29    +44
     2:30 |      ·      ·      ·      ·      ·      ·      ·      ·      ·      ·    +20    +29    +37
     3:00 |      ·      ·      ·      ·      ·      ·      ·      ·      ·      ·      ·    +26    +44
     3:30 |      ·      ·      ·      ·      ·      ·      ·      ·      ·      ·      ·      ·    +16

  3b) TOTAL P&L  ($ per contract, summed over all Tuesdays)
    Entry |    9:30   10:00   10:30   11:00   11:30   12:00   12:30    1:00    1:30    2:00    2:30    3:00    3:30
  --------+--------------------------------------------------------------------------------------------------------
     9:30 |    +767    +953   +1356   +1060    +843   +1041    +266    +521   -1702   -1511   -1321   -1133   -1023
    10:00 |       ·    +594    +967    +618    +425    +623    -585    -392   -1778   -1610   -1854   -2067   -1707
    10:30 |       ·       ·    +618    +386    +130    +345   -1265    -454   -1312   -2285   -2182   -2404   -1712
    11:00 |       ·       ·       ·    +435    +595    +698    +256    +154   -1196   -1258    -923    -890    -590
    11:30 |       ·       ·       ·       ·    +354    +512    -278     -17   -1563   -1724   -1467   -1206    -551
    12:00 |       ·       ·       ·       ·       ·    +262    +246    +103   -1315   -1680   -1660   -1406    +115
    12:30 |       ·       ·       ·       ·       ·       ·    +227    +274    -423   -1212    -951     -63    +293
     1:00 |       ·       ·       ·       ·       ·       ·       ·    +256    -570    -348     +48    +200    +496
     1:30 |       ·       ·       ·       ·       ·       ·       ·       ·     +85    +453    +502    +697    +956
     2:00 |       ·       ·       ·       ·       ·       ·       ·       ·       ·    +348    +403    +585    +838
     2:30 |       ·       ·       ·       ·       ·       ·       ·       ·       ·       ·    +395    +576    +748
     3:00 |       ·       ·       ·       ·       ·       ·       ·       ·       ·       ·       ·    +466    +799
     3:30 |       ·       ·       ·       ·       ·       ·       ·       ·       ·       ·       ·       ·    +304

──────────────────────────────────────────────────────────────────────────────────────
  META PUTS — TOP 15 FRAME PAIRS (by win_rate × avg payoff)
──────────────────────────────────────────────────────────────────────────────────────
   #        Entry frame         Exit frame  Trades   Wins    Win%    Avg P&L     Total P&L
  --  -----------------  -----------------  ------  -----  ------  ---------  ------------
   1       9:45–9:55 AM     10:55–11:05 AM      21     14  66.7%    $+64.55    $+1,355.57
   2      9:45–10:05 AM     10:55–11:00 AM      21     15  71.4%    $+58.45    $+1,227.43
   3      9:45–10:00 AM     10:55–11:00 AM      21     14  66.7%    $+62.33    $+1,308.84
   4       9:45–9:55 AM     10:50–11:05 AM      21     14  66.7%    $+62.31    $+1,308.55
   5       9:40–9:55 AM     10:55–11:05 AM      21     15  71.4%    $+57.43    $+1,206.08
   6       9:50–9:55 AM     10:55–11:00 AM      21     13  61.9%    $+66.05    $+1,387.09
   7      9:45–10:00 AM     10:55–11:05 AM      21     14  66.7%    $+61.18    $+1,284.86
   8       9:45–9:55 AM     10:55–11:00 AM      21     13  61.9%    $+65.69    $+1,379.55
   9       9:45–9:50 AM     10:50–11:05 AM      21     14  66.7%    $+60.86    $+1,278.13
  10      9:50–10:00 AM     10:55–11:00 AM      21     14  66.7%    $+60.61    $+1,272.79
  11       9:50–9:55 AM     10:55–11:05 AM      21     13  61.9%    $+64.91    $+1,363.11
  12       9:45–9:55 AM     10:55–11:10 AM      21     14  66.7%    $+59.94    $+1,258.80
  13      9:55–10:00 AM     10:55–11:00 AM      21     15  71.4%    $+55.87    $+1,173.27
  14      9:50–10:05 AM     10:55–11:00 AM      21     15  71.4%    $+55.72    $+1,170.06
  15       9:45–9:50 AM     10:55–11:00 AM      21     13  61.9%    $+64.24    $+1,349.13


██████████████████████████████████████████████████████████████████████████████████████
  OUTLIERS REMOVED (winning trades > $2,000)  —  META PUTS re-optimized
██████████████████████████████████████████████████████████████████████████████████████
  (chosen frames had no winning outliers)
======================================================================================
  META PUTS
======================================================================================
  Optimal entry frame : 9:43–9:54 AM   (11 min)
  Optimal exit frame  : 10:57–11:05 AM   (8 min)
  Data source         : MIXED real+sim

  Date           Strike  Src  Qty       Entry frame    Buy$        Exit frame   Sell$   P&L/sh      P&L $  Result
  ------------ -------- ---- ---- ----------------- ------- ----------------- ------- -------- ----------  ------
  2026-02-17      635.0 REAL    1      9:43–9:54 AM    7.17    10:57–11:05 AM    6.22   -0.945    $-94.49  LOSS
  2026-02-24      630.0 REAL    1      9:43–9:54 AM    3.63    10:57–11:05 AM    2.75   -0.876    $-87.62  LOSS
  2026-03-03      650.0 REAL    1      9:43–9:54 AM    8.00    10:57–11:05 AM    9.35   +1.350   $+134.97  WIN 
  2026-03-10      655.0 REAL    1      9:43–9:54 AM    6.10    10:57–11:05 AM    3.97   -2.131   $-213.06  LOSS
  2026-03-17      630.0 REAL    1      9:43–9:54 AM    3.85    10:57–11:05 AM    5.54   +1.681   $+168.05  WIN 
  2026-03-24      600.0 REAL    1      9:43–9:54 AM    7.52    10:57–11:05 AM    7.53   +0.005     $+0.50  WIN 
  2026-03-31      550.0 REAL    1      9:43–9:54 AM    3.73    10:57–11:05 AM    4.62   +0.894    $+89.36  WIN 
  2026-04-07      570.0 REAL    1      9:43–9:54 AM    6.11    10:57–11:05 AM    8.05   +1.945   $+194.52  WIN 
  2026-04-14      640.0 REAL    1      9:43–9:54 AM    2.08    10:57–11:05 AM    0.67   -1.411   $-141.13  LOSS
  2026-04-21      670.0 REAL    1      9:43–9:54 AM    4.44    10:57–11:05 AM    5.01   +0.572    $+57.20  WIN 
  2026-04-28      670.0  SIM    1      9:43–9:54 AM    5.28    10:57–11:05 AM    8.56   +3.282   $+328.18  WIN 
  2026-05-05      615.0 REAL    1      9:43–9:54 AM   10.24    10:57–11:05 AM   14.30   +4.064   $+406.43  WIN 
  2026-05-12      595.0 REAL    1      9:43–9:54 AM    3.95    10:57–11:05 AM    2.68   -1.268   $-126.80  LOSS
  2026-05-19      610.0 REAL    1      9:43–9:54 AM    6.34    10:57–11:05 AM    6.70   +0.356    $+35.56  WIN 
  2026-05-26      610.0 REAL    1      9:43–9:54 AM    6.58    10:57–11:05 AM    6.85   +0.268    $+26.80  WIN 
  2026-06-02      600.0 REAL    1      9:43–9:54 AM    5.68    10:57–11:05 AM    2.81   -2.870   $-286.98  LOSS
  2026-06-09      590.0 REAL    1      9:43–9:54 AM    3.14    10:57–11:05 AM    4.27   +1.129   $+112.87  WIN 
  2026-06-16      595.0 REAL    1      9:43–9:54 AM    3.19    10:57–11:05 AM    4.96   +1.769   $+176.87  WIN 
  2026-06-23      565.0 REAL    1      9:43–9:54 AM    4.05    10:57–11:05 AM    5.07   +1.016   $+101.60  WIN 
  2026-06-30      560.0 REAL    1      9:43–9:54 AM    7.51    10:57–11:05 AM   10.48   +2.973   $+297.33  WIN 
  2026-07-07      605.0 REAL    1      9:43–9:54 AM    3.76    10:57–11:05 AM    5.89   +2.132   $+213.21  WIN 

  SUMMARY (optimal frames)  trades: 21   wins: 15/21   win rate: 71.4%   total P&L: $+1,393.37   avg/trade: $+66.35
           best day: $+406.43   worst day: $-286.98   skipped (no data): 0
           premium spent: $11,234.46   return on spend: +12.4%

  META PUTS — HEATMAPS   (entry-frame start ↓  exit-frame start →   cyan = chosen optimal)

  Each cell = best frame pair starting in that 30-min bucket (best over all durations).

  1) WIN RATE %  (wins ÷ trades)
    Entry |   9:30  10:00  10:30  11:00  11:30  12:00  12:30   1:00   1:30   2:00   2:30   3:00   3:30
  --------+-------------------------------------------------------------------------------------------
     9:30 |    71%    71%    67%    63%    52%    52%    52%    55%    48%    48%    48%    52%    48%
    10:00 |      ·    71%    67%    60%    52%    52%    52%    55%    52%    40%    50%    40%    45%
    10:30 |      ·      ·    62%    58%    63%    57%    50%    55%    45%    45%    50%    44%    45%
    11:00 |      ·      ·      ·    67%    72%    61%    41%    33%    45%    47%    56%    40%    48%
    11:30 |      ·      ·      ·      ·    67%    72%    44%    47%    45%    50%    55%    45%    48%
    12:00 |      ·      ·      ·      ·      ·    65%    53%    47%    50%    50%    55%    47%    45%
    12:30 |      ·      ·      ·      ·      ·      ·    58%    50%    59%    53%    56%    55%    55%
     1:00 |      ·      ·      ·      ·      ·      ·      ·    53%    45%    55%    50%    60%    60%
     1:30 |      ·      ·      ·      ·      ·      ·      ·      ·    53%    63%    63%    63%    68%
     2:00 |      ·      ·      ·      ·      ·      ·      ·      ·      ·    60%    60%    65%    63%
     2:30 |      ·      ·      ·      ·      ·      ·      ·      ·      ·      ·    60%    60%    75%
     3:00 |      ·      ·      ·      ·      ·      ·      ·      ·      ·      ·      ·    67%    67%
     3:30 |      ·      ·      ·      ·      ·      ·      ·      ·      ·      ·      ·      ·    79%

  2) WIN COUNT  (number of winning trades)
    Entry |   9:30  10:00  10:30  11:00  11:30  12:00  12:30   1:00   1:30   2:00   2:30   3:00   3:30
  --------+-------------------------------------------------------------------------------------------
     9:30 |     15     15     14     12     11     11     11     11     10     10     10     11     10
    10:00 |      ·     15     14     12     11     11     11     11     11      8     10      8      9
    10:30 |      ·      ·     13     11     12     12     10     11      9      9     10      8      9
    11:00 |      ·      ·      ·     12     13     11      7      6      9      9     10      8     10
    11:30 |      ·      ·      ·      ·     12     13      8      8      9     10     11      9     10
    12:00 |      ·      ·      ·      ·      ·     11     10      9     10     10     11      9      9
    12:30 |      ·      ·      ·      ·      ·      ·     11      9     10     10     10     11     11
     1:00 |      ·      ·      ·      ·      ·      ·      ·     10      9     11     10     12     12
     1:30 |      ·      ·      ·      ·      ·      ·      ·      ·     10     12     12     12     13
     2:00 |      ·      ·      ·      ·      ·      ·      ·      ·      ·     12     12     13     12
     2:30 |      ·      ·      ·      ·      ·      ·      ·      ·      ·      ·     12     12     15
     3:00 |      ·      ·      ·      ·      ·      ·      ·      ·      ·      ·      ·     12     12
     3:30 |      ·      ·      ·      ·      ·      ·      ·      ·      ·      ·      ·      ·     15

  3a) AVG P&L PER TRADE  ($ per contract)
    Entry |   9:30  10:00  10:30  11:00  11:30  12:00  12:30   1:00   1:30   2:00   2:30   3:00   3:30
  --------+-------------------------------------------------------------------------------------------
     9:30 |    +37    +45    +65    +56    +40    +50    +13    +26    -81    -72    -63    -54    -49
    10:00 |      ·    +28    +46    +31    +20    +30    -28    -20    -85    -80    -93   -103    -85
    10:30 |      ·      ·    +29    +20     +7    +16    -63    -23    -66   -114   -109   -134    -86
    11:00 |      ·      ·      ·    +24    +33    +39    +15     +9    -60    -66    -51    -45    -28
    11:30 |      ·      ·      ·      ·    +20    +28    -15     -1    -78    -86    -73    -60    -26
    12:00 |      ·      ·      ·      ·      ·    +15    +13     +5    -66    -84    -83    -74     +6
    12:30 |      ·      ·      ·      ·      ·      ·    +12    +15    -25    -64    -53     -3    +15
     1:00 |      ·      ·      ·      ·      ·      ·      ·    +13    -28    -17     +2    +10    +25
     1:30 |      ·      ·      ·      ·      ·      ·      ·      ·     +4    +24    +26    +37    +50
     2:00 |      ·      ·      ·      ·      ·      ·      ·      ·      ·    +17    +20    +29    +44
     2:30 |      ·      ·      ·      ·      ·      ·      ·      ·      ·      ·    +20    +29    +37
     3:00 |      ·      ·      ·      ·      ·      ·      ·      ·      ·      ·      ·    +26    +44
     3:30 |      ·      ·      ·      ·      ·      ·      ·      ·      ·      ·      ·      ·    +16

  3b) TOTAL P&L  ($ per contract, summed over all Tuesdays)
    Entry |    9:30   10:00   10:30   11:00   11:30   12:00   12:30    1:00    1:30    2:00    2:30    3:00    3:30
  --------+--------------------------------------------------------------------------------------------------------
     9:30 |    +767    +953   +1356   +1060    +843   +1041    +266    +521   -1702   -1511   -1321   -1133   -1023
    10:00 |       ·    +594    +967    +618    +425    +623    -585    -392   -1778   -1610   -1854   -2067   -1707
    10:30 |       ·       ·    +618    +386    +130    +345   -1265    -454   -1312   -2285   -2182   -2404   -1712
    11:00 |       ·       ·       ·    +435    +595    +698    +256    +154   -1196   -1258    -923    -890    -590
    11:30 |       ·       ·       ·       ·    +354    +512    -278     -17   -1563   -1724   -1467   -1206    -551
    12:00 |       ·       ·       ·       ·       ·    +262    +246    +103   -1315   -1680   -1660   -1406    +115
    12:30 |       ·       ·       ·       ·       ·       ·    +227    +274    -423   -1212    -951     -63    +293
     1:00 |       ·       ·       ·       ·       ·       ·       ·    +256    -570    -348     +48    +200    +496
     1:30 |       ·       ·       ·       ·       ·       ·       ·       ·     +85    +453    +502    +697    +956
     2:00 |       ·       ·       ·       ·       ·       ·       ·       ·       ·    +348    +403    +585    +838
     2:30 |       ·       ·       ·       ·       ·       ·       ·       ·       ·       ·    +395    +576    +748
     3:00 |       ·       ·       ·       ·       ·       ·       ·       ·       ·       ·       ·    +466    +799
     3:30 |       ·       ·       ·       ·       ·       ·       ·       ·       ·       ·       ·       ·    +304

──────────────────────────────────────────────────────────────────────────────────────
  META PUTS — TOP 15 FRAME PAIRS (by win_rate × avg payoff)
──────────────────────────────────────────────────────────────────────────────────────
   #        Entry frame         Exit frame  Trades   Wins    Win%    Avg P&L     Total P&L
  --  -----------------  -----------------  ------  -----  ------  ---------  ------------
   1       9:45–9:55 AM     10:55–11:05 AM      21     14  66.7%    $+64.55    $+1,355.57
   2      9:45–10:05 AM     10:55–11:00 AM      21     15  71.4%    $+58.45    $+1,227.43
   3      9:45–10:00 AM     10:55–11:00 AM      21     14  66.7%    $+62.33    $+1,308.84
   4       9:45–9:55 AM     10:50–11:05 AM      21     14  66.7%    $+62.31    $+1,308.55
   5       9:40–9:55 AM     10:55–11:05 AM      21     15  71.4%    $+57.43    $+1,206.08
   6       9:50–9:55 AM     10:55–11:00 AM      21     13  61.9%    $+66.05    $+1,387.09
   7      9:45–10:00 AM     10:55–11:05 AM      21     14  66.7%    $+61.18    $+1,284.86
   8       9:45–9:55 AM     10:55–11:00 AM      21     13  61.9%    $+65.69    $+1,379.55
   9       9:45–9:50 AM     10:50–11:05 AM      21     14  66.7%    $+60.86    $+1,278.13
  10      9:50–10:00 AM     10:55–11:00 AM      21     14  66.7%    $+60.61    $+1,272.79
  11       9:50–9:55 AM     10:55–11:05 AM      21     13  61.9%    $+64.91    $+1,363.11
  12       9:45–9:55 AM     10:55–11:10 AM      21     14  66.7%    $+59.94    $+1,258.80
  13      9:55–10:00 AM     10:55–11:00 AM      21     15  71.4%    $+55.87    $+1,173.27
  14      9:50–10:05 AM     10:55–11:00 AM      21     15  71.4%    $+55.72    $+1,170.06
  15       9:45–9:50 AM     10:55–11:00 AM      21     13  61.9%    $+64.24    $+1,349.13

──────────────────────────────────────────────────────────────────────────────────────
  Saved CSV: C:\actions-runner\_work\EoD_OptionTrading\EoD_OptionTrading\results\tuesday_intraday\backtest_tuesday_intraday_timeframe_meta_puts_150days_2026-07-14_1145.csv
  Saved TXT: C:\actions-runner\_work\EoD_OptionTrading\EoD_OptionTrading\results\tuesday_intraday\backtest_tuesday_intraday_timeframe_meta_puts_150days_2026-07-14_1145.txt
  Saved TXT (outliers removed): C:\actions-runner\_work\EoD_OptionTrading\EoD_OptionTrading\results\tuesday_intraday\backtest_tuesday_intraday_timeframe_meta_puts_150days_2026-07-14_1145_outliers_removed.txt
──────────────────────────────────────────────────────────────────────────────────────


██████████████████████████████████████████████████████████████████████████████████████
  TSLA CALLS
██████████████████████████████████████████████████████████████████████████████████████
======================================================================================
  TSLA CALLS
======================================================================================
  Optimal entry frame : 12:32–12:37 PM   (5 min)
  Optimal exit frame  : 3:42–3:47 PM   (5 min)
  Data source         : MIXED real+sim

  Date           Strike  Src  Qty       Entry frame    Buy$        Exit frame   Sell$   P&L/sh      P&L $  Result
  ------------ -------- ---- ---- ----------------- ------- ----------------- ------- -------- ----------  ------
  2026-02-17      410.0 REAL    1    12:32–12:37 PM    2.97      3:42–3:47 PM    5.21   +2.242   $+224.20  WIN 
  2026-02-24      400.0 REAL    1    12:32–12:37 PM    7.02      3:42–3:47 PM   11.10   +4.082   $+408.20  WIN 
  2026-03-03      395.0 REAL    1    12:32–12:37 PM    2.42      3:42–3:47 PM    2.70   +0.284    $+28.40  WIN 
  2026-03-10      405.0 REAL    1    12:32–12:37 PM    3.24      3:42–3:47 PM    2.13   -1.110   $-111.00  LOSS
  2026-03-17      395.0 REAL    1    12:32–12:37 PM    5.02      3:42–3:47 PM    5.58   +0.556    $+55.60  WIN 
  2026-03-24      380.0 REAL    1    12:32–12:37 PM    5.93      3:42–3:47 PM    6.23   +0.300    $+30.00  WIN 
  2026-03-31      362.5 REAL    1    12:32–12:37 PM    5.35      3:42–3:47 PM   10.54   +5.188   $+518.80  WIN 
  2026-04-07      347.5 REAL    1    12:32–12:37 PM    2.35      3:42–3:47 PM    2.61   +0.258    $+25.80  WIN 
  2026-04-14      357.5 REAL    1    12:32–12:37 PM   10.16      3:42–3:47 PM    8.14   -2.015   $-201.55  LOSS
  2026-04-21      392.5  SIM    1    12:32–12:37 PM    2.79      3:42–3:47 PM    1.28   -1.502   $-150.22  LOSS
  2026-04-28      375.0 REAL    1    12:32–12:37 PM    4.33      3:42–3:47 PM    4.63   +0.294    $+29.40  WIN 
  2026-05-05      397.5 REAL    1    12:32–12:37 PM    2.10      3:42–3:47 PM    1.88   -0.222    $-22.20  LOSS
  2026-05-12      440.0 REAL    1    12:32–12:37 PM    1.74      3:42–3:47 PM    3.51   +1.776   $+177.60  WIN 
  2026-05-19      402.5 REAL    1    12:32–12:37 PM    2.52      3:42–3:47 PM    4.67   +2.143   $+214.30  WIN 
  2026-05-26      432.5 REAL    1    12:32–12:37 PM    3.93      3:42–3:47 PM    4.60   +0.664    $+66.40  WIN 
  2026-06-02      417.5 REAL    1    12:32–12:37 PM    6.53      3:42–3:47 PM    7.45   +0.918    $+91.80  WIN 
  2026-06-09      415.0 REAL    3    12:32–12:37 PM    0.38      3:42–3:47 PM    0.44   +0.060    $+18.00  WIN 
  2026-06-16      402.5 REAL    1    12:32–12:37 PM    5.57      3:42–3:47 PM    6.59   +1.014   $+101.40  WIN 
  2026-06-23      387.5 REAL    1    12:32–12:37 PM    2.74      3:42–3:47 PM    1.99   -0.748    $-74.80  LOSS
  2026-06-30      407.5 REAL    1    12:32–12:37 PM   10.97      3:42–3:47 PM   16.19   +5.215   $+521.50  WIN 
  2026-07-07      417.5 REAL    1    12:32–12:37 PM    1.41      3:42–3:47 PM    0.72   -0.694    $-69.40  LOSS

  SUMMARY (optimal frames)  trades: 21   wins: 15/21   win rate: 71.4%   total P&L: $+1,882.23   avg/trade: $+89.63
           best day: $+521.50   worst day: $-201.55   skipped (no data): 0
           premium spent: $9,025.23   return on spend: +20.9%

  TSLA CALLS — HEATMAPS   (entry-frame start ↓  exit-frame start →   cyan = chosen optimal)

  Each cell = best frame pair starting in that 30-min bucket (best over all durations).

  1) WIN RATE %  (wins ÷ trades)
    Entry |   9:30  10:00  10:30  11:00  11:30  12:00  12:30   1:00   1:30   2:00   2:30   3:00   3:30
  --------+-------------------------------------------------------------------------------------------
     9:30 |    52%    57%    48%    52%    43%    48%    52%    52%    48%    52%    52%    52%    57%
    10:00 |      ·    52%    48%    43%    38%    48%    52%    52%    52%    57%    57%    57%    62%
    10:30 |      ·      ·    48%    43%    43%    52%    52%    52%    52%    57%    62%    57%    62%
    11:00 |      ·      ·      ·    29%    43%    48%    57%    57%    57%    67%    67%    62%    62%
    11:30 |      ·      ·      ·      ·    43%    57%    62%    62%    62%    67%    67%    62%    62%
    12:00 |      ·      ·      ·      ·      ·    57%    67%    71%    71%    71%    71%    71%    67%
    12:30 |      ·      ·      ·      ·      ·      ·    67%    67%    67%    71%    67%    71%    71%
     1:00 |      ·      ·      ·      ·      ·      ·      ·    67%    62%    62%    67%    67%    67%
     1:30 |      ·      ·      ·      ·      ·      ·      ·      ·    62%    62%    62%    62%    52%
     2:00 |      ·      ·      ·      ·      ·      ·      ·      ·      ·    57%    62%    57%    62%
     2:30 |      ·      ·      ·      ·      ·      ·      ·      ·      ·      ·    48%    71%    57%
     3:00 |      ·      ·      ·      ·      ·      ·      ·      ·      ·      ·      ·    71%    52%
     3:30 |      ·      ·      ·      ·      ·      ·      ·      ·      ·      ·      ·      ·    67%

  2) WIN COUNT  (number of winning trades)
    Entry |   9:30  10:00  10:30  11:00  11:30  12:00  12:30   1:00   1:30   2:00   2:30   3:00   3:30
  --------+-------------------------------------------------------------------------------------------
     9:30 |     11     12     10     11      9     10     11     11     10     11     11     11     12
    10:00 |      ·     11     10      9      8     10     11     11     11     12     12     12     13
    10:30 |      ·      ·     10      9      9     11     11     11     11     12     13     12     13
    11:00 |      ·      ·      ·      6      9     10     12     12     12     14     14     13     13
    11:30 |      ·      ·      ·      ·      9     12     13     13     13     14     14     13     13
    12:00 |      ·      ·      ·      ·      ·     12     14     15     15     15     15     15     14
    12:30 |      ·      ·      ·      ·      ·      ·     14     14     14     15     14     15     15
     1:00 |      ·      ·      ·      ·      ·      ·      ·     14     13     13     14     14     14
     1:30 |      ·      ·      ·      ·      ·      ·      ·      ·     13     13     13     13     11
     2:00 |      ·      ·      ·      ·      ·      ·      ·      ·      ·     12     13     12     13
     2:30 |      ·      ·      ·      ·      ·      ·      ·      ·      ·      ·     10     15     12
     3:00 |      ·      ·      ·      ·      ·      ·      ·      ·      ·      ·      ·     15     11
     3:30 |      ·      ·      ·      ·      ·      ·      ·      ·      ·      ·      ·      ·     14

  3a) AVG P&L PER TRADE  ($ per contract)
    Entry |   9:30  10:00  10:30  11:00  11:30  12:00  12:30   1:00   1:30   2:00   2:30   3:00   3:30
  --------+-------------------------------------------------------------------------------------------
     9:30 |    +14     +7    -41    -32    -48     +9    +24    +26    +35    +40    +42    +45    +50
    10:00 |      ·     -7     +0     +7     +9    +20    +33    +37    +44    +47    +48    +52    +52
    10:30 |      ·      ·     +5    +14    +14    +26    +37    +43    +50    +56    +53    +58    +56
    11:00 |      ·      ·      ·     +6    +29    +36    +47    +52    +57    +60    +65    +68    +72
    11:30 |      ·      ·      ·      ·    +34    +42    +56    +57    +67    +68    +72    +75    +80
    12:00 |      ·      ·      ·      ·      ·    +49    +61    +62    +69    +72    +74    +78    +85
    12:30 |      ·      ·      ·      ·      ·      ·    +62    +66    +72    +73    +82    +81    +87
     1:00 |      ·      ·      ·      ·      ·      ·      ·    +26    +36    +42    +44    +45    +45
     1:30 |      ·      ·      ·      ·      ·      ·      ·      ·    +40    +45    +49    +47    +53
     2:00 |      ·      ·      ·      ·      ·      ·      ·      ·      ·    +23    +27    +26    +32
     2:30 |      ·      ·      ·      ·      ·      ·      ·      ·      ·      ·    +14    +14    +20
     3:00 |      ·      ·      ·      ·      ·      ·      ·      ·      ·      ·      ·     +3     +8
     3:30 |      ·      ·      ·      ·      ·      ·      ·      ·      ·      ·      ·      ·    +15

  3b) TOTAL P&L  ($ per contract, summed over all Tuesdays)
    Entry |    9:30   10:00   10:30   11:00   11:30   12:00   12:30    1:00    1:30    2:00    2:30    3:00    3:30
  --------+--------------------------------------------------------------------------------------------------------
     9:30 |    +300    +154    -864    -670   -1015    +191    +505    +539    +738    +845    +886    +944   +1044
    10:00 |       ·    -149     +10    +141    +199    +423    +686    +768    +919    +990   +1018   +1102   +1091
    10:30 |       ·       ·    +113    +291    +292    +542    +777    +899   +1052   +1171   +1119   +1221   +1169
    11:00 |       ·       ·       ·    +126    +611    +747    +995   +1082   +1191   +1256   +1358   +1433   +1506
    11:30 |       ·       ·       ·       ·    +722    +873   +1167   +1188   +1408   +1429   +1511   +1584   +1682
    12:00 |       ·       ·       ·       ·       ·   +1033   +1280   +1302   +1442   +1518   +1554   +1636   +1795
    12:30 |       ·       ·       ·       ·       ·       ·   +1306   +1377   +1503   +1534   +1725   +1697   +1818
     1:00 |       ·       ·       ·       ·       ·       ·       ·    +553    +750    +873    +928    +937    +955
     1:30 |       ·       ·       ·       ·       ·       ·       ·       ·    +830    +947   +1035    +983   +1113
     2:00 |       ·       ·       ·       ·       ·       ·       ·       ·       ·    +474    +576    +556    +663
     2:30 |       ·       ·       ·       ·       ·       ·       ·       ·       ·       ·    +294    +298    +428
     3:00 |       ·       ·       ·       ·       ·       ·       ·       ·       ·       ·       ·     +53    +173
     3:30 |       ·       ·       ·       ·       ·       ·       ·       ·       ·       ·       ·       ·    +307

──────────────────────────────────────────────────────────────────────────────────────
  TSLA CALLS — TOP 15 FRAME PAIRS (by win_rate × avg payoff)
──────────────────────────────────────────────────────────────────────────────────────
   #        Entry frame         Exit frame  Trades   Wins    Win%    Avg P&L     Total P&L
  --  -----------------  -----------------  ------  -----  ------  ---------  ------------
   1     12:30–12:35 PM       3:45–3:50 PM      21     15  71.4%    $+86.59    $+1,818.38
   2     12:30–12:35 PM       3:40–3:50 PM      21     15  71.4%    $+86.56    $+1,817.71
   3     12:30–12:40 PM       3:40–3:45 PM      21     15  71.4%    $+83.85    $+1,760.86
   4     12:30–12:40 PM       3:45–3:50 PM      21     15  71.4%    $+83.72    $+1,758.16
   5     12:30–12:40 PM       3:40–3:50 PM      21     15  71.4%    $+83.69    $+1,757.49
   6     12:30–12:35 PM       3:40–3:55 PM      21     15  71.4%    $+82.44    $+1,731.30
   7     12:35–12:40 PM       3:45–3:50 PM      21     15  71.4%    $+81.63    $+1,714.30
   8     12:35–12:40 PM       3:40–3:50 PM      21     15  71.4%    $+81.60    $+1,713.62
   9     12:30–12:35 PM       3:45–3:55 PM      21     15  71.4%    $+81.09    $+1,702.92
  10     12:30–12:35 PM       3:40–3:45 PM      21     14  66.7%    $+86.72    $+1,821.08
  11     12:30–12:35 PM       3:25–3:55 PM      21     15  71.4%    $+80.79    $+1,696.58
  12     12:25–12:35 PM       3:40–3:45 PM      21     14  66.7%    $+85.49    $+1,795.37
  13     12:30–12:40 PM       3:30–3:50 PM      21     15  71.4%    $+79.71    $+1,673.86
  14     12:25–12:40 PM       3:30–3:50 PM      21     15  71.4%    $+79.69    $+1,673.45
  15     12:25–12:35 PM       3:45–3:50 PM      21     14  66.7%    $+85.37    $+1,792.67


██████████████████████████████████████████████████████████████████████████████████████
  OUTLIERS REMOVED (winning trades > $2,000)  —  TSLA CALLS re-optimized
██████████████████████████████████████████████████████████████████████████████████████
  (chosen frames had no winning outliers)
======================================================================================
  TSLA CALLS
======================================================================================
  Optimal entry frame : 12:32–12:37 PM   (5 min)
  Optimal exit frame  : 3:42–3:47 PM   (5 min)
  Data source         : MIXED real+sim

  Date           Strike  Src  Qty       Entry frame    Buy$        Exit frame   Sell$   P&L/sh      P&L $  Result
  ------------ -------- ---- ---- ----------------- ------- ----------------- ------- -------- ----------  ------
  2026-02-17      410.0 REAL    1    12:32–12:37 PM    2.97      3:42–3:47 PM    5.21   +2.242   $+224.20  WIN 
  2026-02-24      400.0 REAL    1    12:32–12:37 PM    7.02      3:42–3:47 PM   11.10   +4.082   $+408.20  WIN 
  2026-03-03      395.0 REAL    1    12:32–12:37 PM    2.42      3:42–3:47 PM    2.70   +0.284    $+28.40  WIN 
  2026-03-10      405.0 REAL    1    12:32–12:37 PM    3.24      3:42–3:47 PM    2.13   -1.110   $-111.00  LOSS
  2026-03-17      395.0 REAL    1    12:32–12:37 PM    5.02      3:42–3:47 PM    5.58   +0.556    $+55.60  WIN 
  2026-03-24      380.0 REAL    1    12:32–12:37 PM    5.93      3:42–3:47 PM    6.23   +0.300    $+30.00  WIN 
  2026-03-31      362.5 REAL    1    12:32–12:37 PM    5.35      3:42–3:47 PM   10.54   +5.188   $+518.80  WIN 
  2026-04-07      347.5 REAL    1    12:32–12:37 PM    2.35      3:42–3:47 PM    2.61   +0.258    $+25.80  WIN 
  2026-04-14      357.5 REAL    1    12:32–12:37 PM   10.16      3:42–3:47 PM    8.14   -2.015   $-201.55  LOSS
  2026-04-21      392.5  SIM    1    12:32–12:37 PM    2.79      3:42–3:47 PM    1.28   -1.502   $-150.22  LOSS
  2026-04-28      375.0 REAL    1    12:32–12:37 PM    4.33      3:42–3:47 PM    4.63   +0.294    $+29.40  WIN 
  2026-05-05      397.5 REAL    1    12:32–12:37 PM    2.10      3:42–3:47 PM    1.88   -0.222    $-22.20  LOSS
  2026-05-12      440.0 REAL    1    12:32–12:37 PM    1.74      3:42–3:47 PM    3.51   +1.776   $+177.60  WIN 
  2026-05-19      402.5 REAL    1    12:32–12:37 PM    2.52      3:42–3:47 PM    4.67   +2.143   $+214.30  WIN 
  2026-05-26      432.5 REAL    1    12:32–12:37 PM    3.93      3:42–3:47 PM    4.60   +0.664    $+66.40  WIN 
  2026-06-02      417.5 REAL    1    12:32–12:37 PM    6.53      3:42–3:47 PM    7.45   +0.918    $+91.80  WIN 
  2026-06-09      415.0 REAL    3    12:32–12:37 PM    0.38      3:42–3:47 PM    0.44   +0.060    $+18.00  WIN 
  2026-06-16      402.5 REAL    1    12:32–12:37 PM    5.57      3:42–3:47 PM    6.59   +1.014   $+101.40  WIN 
  2026-06-23      387.5 REAL    1    12:32–12:37 PM    2.74      3:42–3:47 PM    1.99   -0.748    $-74.80  LOSS
  2026-06-30      407.5 REAL    1    12:32–12:37 PM   10.97      3:42–3:47 PM   16.19   +5.215   $+521.50  WIN 
  2026-07-07      417.5 REAL    1    12:32–12:37 PM    1.41      3:42–3:47 PM    0.72   -0.694    $-69.40  LOSS

  SUMMARY (optimal frames)  trades: 21   wins: 15/21   win rate: 71.4%   total P&L: $+1,882.23   avg/trade: $+89.63
           best day: $+521.50   worst day: $-201.55   skipped (no data): 0
           premium spent: $9,025.23   return on spend: +20.9%

  TSLA CALLS — HEATMAPS   (entry-frame start ↓  exit-frame start →   cyan = chosen optimal)

  Each cell = best frame pair starting in that 30-min bucket (best over all durations).

  1) WIN RATE %  (wins ÷ trades)
    Entry |   9:30  10:00  10:30  11:00  11:30  12:00  12:30   1:00   1:30   2:00   2:30   3:00   3:30
  --------+-------------------------------------------------------------------------------------------
     9:30 |    52%    57%    48%    52%    43%    48%    52%    52%    48%    52%    52%    52%    57%
    10:00 |      ·    52%    48%    43%    38%    48%    52%    52%    52%    57%    57%    57%    62%
    10:30 |      ·      ·    48%    43%    43%    52%    52%    52%    52%    57%    62%    57%    62%
    11:00 |      ·      ·      ·    29%    43%    48%    57%    57%    57%    67%    67%    62%    62%
    11:30 |      ·      ·      ·      ·    43%    57%    62%    62%    62%    67%    67%    62%    62%
    12:00 |      ·      ·      ·      ·      ·    57%    67%    71%    71%    71%    71%    71%    67%
    12:30 |      ·      ·      ·      ·      ·      ·    67%    67%    67%    71%    67%    71%    71%
     1:00 |      ·      ·      ·      ·      ·      ·      ·    67%    62%    62%    67%    67%    67%
     1:30 |      ·      ·      ·      ·      ·      ·      ·      ·    62%    62%    62%    62%    52%
     2:00 |      ·      ·      ·      ·      ·      ·      ·      ·      ·    57%    62%    57%    62%
     2:30 |      ·      ·      ·      ·      ·      ·      ·      ·      ·      ·    48%    71%    57%
     3:00 |      ·      ·      ·      ·      ·      ·      ·      ·      ·      ·      ·    71%    52%
     3:30 |      ·      ·      ·      ·      ·      ·      ·      ·      ·      ·      ·      ·    67%

  2) WIN COUNT  (number of winning trades)
    Entry |   9:30  10:00  10:30  11:00  11:30  12:00  12:30   1:00   1:30   2:00   2:30   3:00   3:30
  --------+-------------------------------------------------------------------------------------------
     9:30 |     11     12     10     11      9     10     11     11     10     11     11     11     12
    10:00 |      ·     11     10      9      8     10     11     11     11     12     12     12     13
    10:30 |      ·      ·     10      9      9     11     11     11     11     12     13     12     13
    11:00 |      ·      ·      ·      6      9     10     12     12     12     14     14     13     13
    11:30 |      ·      ·      ·      ·      9     12     13     13     13     14     14     13     13
    12:00 |      ·      ·      ·      ·      ·     12     14     15     15     15     15     15     14
    12:30 |      ·      ·      ·      ·      ·      ·     14     14     14     15     14     15     15
     1:00 |      ·      ·      ·      ·      ·      ·      ·     14     13     13     14     14     14
     1:30 |      ·      ·      ·      ·      ·      ·      ·      ·     13     13     13     13     11
     2:00 |      ·      ·      ·      ·      ·      ·      ·      ·      ·     12     13     12     13
     2:30 |      ·      ·      ·      ·      ·      ·      ·      ·      ·      ·     10     15     12
     3:00 |      ·      ·      ·      ·      ·      ·      ·      ·      ·      ·      ·     15     11
     3:30 |      ·      ·      ·      ·      ·      ·      ·      ·      ·      ·      ·      ·     14

  3a) AVG P&L PER TRADE  ($ per contract)
    Entry |   9:30  10:00  10:30  11:00  11:30  12:00  12:30   1:00   1:30   2:00   2:30   3:00   3:30
  --------+-------------------------------------------------------------------------------------------
     9:30 |    +14     +7    -41    -32    -48     +9    +24    +26    +35    +40    +42    +45    +50
    10:00 |      ·     -7     +0     +7     +9    +20    +33    +37    +44    +47    +48    +52    +52
    10:30 |      ·      ·     +5    +14    +14    +26    +37    +43    +50    +56    +53    +58    +56
    11:00 |      ·      ·      ·     +6    +29    +36    +47    +52    +57    +60    +65    +68    +72
    11:30 |      ·      ·      ·      ·    +34    +42    +56    +57    +67    +68    +72    +75    +80
    12:00 |      ·      ·      ·      ·      ·    +49    +61    +62    +69    +72    +74    +78    +85
    12:30 |      ·      ·      ·      ·      ·      ·    +62    +66    +72    +73    +82    +81    +87
     1:00 |      ·      ·      ·      ·      ·      ·      ·    +26    +36    +42    +44    +45    +45
     1:30 |      ·      ·      ·      ·      ·      ·      ·      ·    +40    +45    +49    +47    +53
     2:00 |      ·      ·      ·      ·      ·      ·      ·      ·      ·    +23    +27    +26    +32
     2:30 |      ·      ·      ·      ·      ·      ·      ·      ·      ·      ·    +14    +14    +20
     3:00 |      ·      ·      ·      ·      ·      ·      ·      ·      ·      ·      ·     +3     +8
     3:30 |      ·      ·      ·      ·      ·      ·      ·      ·      ·      ·      ·      ·    +15

  3b) TOTAL P&L  ($ per contract, summed over all Tuesdays)
    Entry |    9:30   10:00   10:30   11:00   11:30   12:00   12:30    1:00    1:30    2:00    2:30    3:00    3:30
  --------+--------------------------------------------------------------------------------------------------------
     9:30 |    +300    +154    -864    -670   -1015    +191    +505    +539    +738    +845    +886    +944   +1044
    10:00 |       ·    -149     +10    +141    +199    +423    +686    +768    +919    +990   +1018   +1102   +1091
    10:30 |       ·       ·    +113    +291    +292    +542    +777    +899   +1052   +1171   +1119   +1221   +1169
    11:00 |       ·       ·       ·    +126    +611    +747    +995   +1082   +1191   +1256   +1358   +1433   +1506
    11:30 |       ·       ·       ·       ·    +722    +873   +1167   +1188   +1408   +1429   +1511   +1584   +1682
    12:00 |       ·       ·       ·       ·       ·   +1033   +1280   +1302   +1442   +1518   +1554   +1636   +1795
    12:30 |       ·       ·       ·       ·       ·       ·   +1306   +1377   +1503   +1534   +1725   +1697   +1818
     1:00 |       ·       ·       ·       ·       ·       ·       ·    +553    +750    +873    +928    +937    +955
     1:30 |       ·       ·       ·       ·       ·       ·       ·       ·    +830    +947   +1035    +983   +1113
     2:00 |       ·       ·       ·       ·       ·       ·       ·       ·       ·    +474    +576    +556    +663
     2:30 |       ·       ·       ·       ·       ·       ·       ·       ·       ·       ·    +294    +298    +428
     3:00 |       ·       ·       ·       ·       ·       ·       ·       ·       ·       ·       ·     +53    +173
     3:30 |       ·       ·       ·       ·       ·       ·       ·       ·       ·       ·       ·       ·    +307

──────────────────────────────────────────────────────────────────────────────────────
  TSLA CALLS — TOP 15 FRAME PAIRS (by win_rate × avg payoff)
──────────────────────────────────────────────────────────────────────────────────────
   #        Entry frame         Exit frame  Trades   Wins    Win%    Avg P&L     Total P&L
  --  -----------------  -----------------  ------  -----  ------  ---------  ------------
   1     12:30–12:35 PM       3:45–3:50 PM      21     15  71.4%    $+86.59    $+1,818.38
   2     12:30–12:35 PM       3:40–3:50 PM      21     15  71.4%    $+86.56    $+1,817.71
   3     12:30–12:40 PM       3:40–3:45 PM      21     15  71.4%    $+83.85    $+1,760.86
   4     12:30–12:40 PM       3:45–3:50 PM      21     15  71.4%    $+83.72    $+1,758.16
   5     12:30–12:40 PM       3:40–3:50 PM      21     15  71.4%    $+83.69    $+1,757.49
   6     12:30–12:35 PM       3:40–3:55 PM      21     15  71.4%    $+82.44    $+1,731.30
   7     12:35–12:40 PM       3:45–3:50 PM      21     15  71.4%    $+81.63    $+1,714.30
   8     12:35–12:40 PM       3:40–3:50 PM      21     15  71.4%    $+81.60    $+1,713.62
   9     12:30–12:35 PM       3:45–3:55 PM      21     15  71.4%    $+81.09    $+1,702.92
  10     12:30–12:35 PM       3:40–3:45 PM      21     14  66.7%    $+86.72    $+1,821.08
  11     12:30–12:35 PM       3:25–3:55 PM      21     15  71.4%    $+80.79    $+1,696.58
  12     12:25–12:35 PM       3:40–3:45 PM      21     14  66.7%    $+85.49    $+1,795.37
  13     12:30–12:40 PM       3:30–3:50 PM      21     15  71.4%    $+79.71    $+1,673.86
  14     12:25–12:40 PM       3:30–3:50 PM      21     15  71.4%    $+79.69    $+1,673.45
  15     12:25–12:35 PM       3:45–3:50 PM      21     14  66.7%    $+85.37    $+1,792.67

──────────────────────────────────────────────────────────────────────────────────────
  Saved CSV: C:\actions-runner\_work\EoD_OptionTrading\EoD_OptionTrading\results\tuesday_intraday\backtest_tuesday_intraday_timeframe_tsla_calls_150days_2026-07-14_1145.csv
  Saved TXT: C:\actions-runner\_work\EoD_OptionTrading\EoD_OptionTrading\results\tuesday_intraday\backtest_tuesday_intraday_timeframe_tsla_calls_150days_2026-07-14_1145.txt
  Saved TXT (outliers removed): C:\actions-runner\_work\EoD_OptionTrading\EoD_OptionTrading\results\tuesday_intraday\backtest_tuesday_intraday_timeframe_tsla_calls_150days_2026-07-14_1145_outliers_removed.txt
──────────────────────────────────────────────────────────────────────────────────────


██████████████████████████████████████████████████████████████████████████████████████
  TSLA PUTS
██████████████████████████████████████████████████████████████████████████████████████
======================================================================================
  TSLA PUTS
======================================================================================
  Optimal entry frame : 9:32–9:58 AM   (26 min)
  Optimal exit frame  : 12:30–12:35 PM   (5 min)
  Data source         : MIXED real+sim

  Date           Strike  Src  Qty       Entry frame    Buy$        Exit frame   Sell$   P&L/sh      P&L $  Result
  ------------ -------- ---- ---- ----------------- ------- ----------------- ------- -------- ----------  ------
  2026-02-17      410.0 REAL    1      9:32–9:58 AM    6.53    12:30–12:35 PM    7.15   +0.621    $+62.12  WIN 
  2026-02-24      400.0 REAL    1      9:32–9:58 AM    4.03    12:30–12:35 PM    2.22   -1.810   $-180.97  LOSS
  2026-03-03      395.0 REAL    1      9:32–9:58 AM    6.57    12:30–12:35 PM    6.89   +0.319    $+31.88  WIN 
  2026-03-10      405.0 REAL    1      9:32–9:58 AM    5.37    12:30–12:35 PM    5.37   +0.004     $+0.38  WIN 
  2026-03-17      395.0 REAL    1      9:32–9:58 AM    3.76    12:30–12:35 PM    2.85   -0.915    $-91.55  LOSS
  2026-03-24      380.0 REAL    1      9:32–9:58 AM    3.31    12:30–12:35 PM    2.51   -0.797    $-79.68  LOSS
  2026-03-31      362.5 REAL    1      9:32–9:58 AM    3.58    12:30–12:35 PM    2.72   -0.861    $-86.10  LOSS
  2026-04-07      347.5 REAL    1      9:32–9:58 AM    6.30    12:30–12:35 PM    7.57   +1.265   $+126.53  WIN 
  2026-04-14      357.5 REAL    1      9:32–9:58 AM    3.29    12:30–12:35 PM    0.94   -2.351   $-235.13  LOSS
  2026-04-21      392.5  SIM    1      9:32–9:58 AM    5.34    12:30–12:35 PM    6.24   +0.898    $+89.79  WIN 
  2026-04-28      375.0 REAL    1      9:32–9:58 AM    3.84    12:30–12:35 PM    4.21   +0.364    $+36.38  WIN 
  2026-05-05      397.5 REAL    1      9:32–9:58 AM    4.39    12:30–12:35 PM    9.10   +4.713   $+471.27  WIN 
  2026-05-12      440.0 REAL    1      9:32–9:58 AM    6.72    12:30–12:35 PM   16.96  +10.237  $+1023.69  WIN 
  2026-05-19      402.5 REAL    1      9:32–9:58 AM    5.90    12:30–12:35 PM    7.92   +2.018   $+201.77  WIN 
  2026-05-26      432.5 REAL    1      9:32–9:58 AM    7.02    12:30–12:35 PM    5.67   -1.350   $-135.00  LOSS
  2026-06-02      417.5 REAL    1      9:32–9:58 AM    6.77    12:30–12:35 PM    2.88   -3.893   $-389.31  LOSS
  2026-06-09      415.0 REAL    1      9:32–9:58 AM    6.19    12:30–12:35 PM   26.93  +20.749  $+2074.88  WIN 
  2026-06-16      402.5 REAL    1      9:32–9:58 AM    3.72    12:30–12:35 PM    3.89   +0.171    $+17.13  WIN 
  2026-06-23      387.5 REAL    1      9:32–9:58 AM    4.50    12:30–12:35 PM    6.92   +2.412   $+241.22  WIN 
  2026-06-30      407.5 REAL    1      9:32–9:58 AM    4.20    12:30–12:35 PM    1.55   -2.646   $-264.56  LOSS
  2026-07-07      417.5 REAL    1      9:32–9:58 AM    7.50    12:30–12:35 PM   11.42   +3.922   $+392.23  WIN 

  SUMMARY (optimal frames)  trades: 21   wins: 13/21   win rate: 61.9%   total P&L: $+3,306.97   avg/trade: $+157.47
           best day: $+2074.88   worst day: $-389.31   skipped (no data): 0
           premium spent: $10,883.99   return on spend: +30.4%

  TSLA PUTS — HEATMAPS   (entry-frame start ↓  exit-frame start →   cyan = chosen optimal)

  Each cell = best frame pair starting in that 30-min bucket (best over all durations).

  1) WIN RATE %  (wins ÷ trades)
    Entry |   9:30  10:00  10:30  11:00  11:30  12:00  12:30   1:00   1:30   2:00   2:30   3:00   3:30
  --------+-------------------------------------------------------------------------------------------
     9:30 |    62%    62%    62%    57%    62%    62%    62%    52%    48%    48%    38%    38%    38%
    10:00 |      ·    71%    57%    52%    57%    57%    52%    52%    48%    48%    43%    38%    33%
    10:30 |      ·      ·    52%    67%    62%    62%    62%    48%    48%    48%    48%    43%    38%
    11:00 |      ·      ·      ·    76%    71%    76%    71%    48%    48%    43%    43%    43%    43%
    11:30 |      ·      ·      ·      ·    52%    52%    52%    45%    38%    38%    38%    33%    33%
    12:00 |      ·      ·      ·      ·      ·    60%    55%    45%    45%    38%    40%    33%    38%
    12:30 |      ·      ·      ·      ·      ·      ·    55%    50%    50%    43%    40%    35%    35%
     1:00 |      ·      ·      ·      ·      ·      ·      ·    50%    55%    43%    35%    48%    43%
     1:30 |      ·      ·      ·      ·      ·      ·      ·      ·    70%    52%    50%    52%    48%
     2:00 |      ·      ·      ·      ·      ·      ·      ·      ·      ·    50%    55%    48%    52%
     2:30 |      ·      ·      ·      ·      ·      ·      ·      ·      ·      ·    55%    48%    43%
     3:00 |      ·      ·      ·      ·      ·      ·      ·      ·      ·      ·      ·    48%    60%
     3:30 |      ·      ·      ·      ·      ·      ·      ·      ·      ·      ·      ·      ·    48%

  2) WIN COUNT  (number of winning trades)
    Entry |   9:30  10:00  10:30  11:00  11:30  12:00  12:30   1:00   1:30   2:00   2:30   3:00   3:30
  --------+-------------------------------------------------------------------------------------------
     9:30 |     13     13     13     12     13     13     13     11     10     10      8      8      8
    10:00 |      ·     15     12     11     12     12     11     11     10     10      9      8      7
    10:30 |      ·      ·     11     14     13     13     13     10     10     10     10      9      8
    11:00 |      ·      ·      ·     16     15     16     15     10     10      9      9      9      9
    11:30 |      ·      ·      ·      ·     11     11     11      9      8      8      8      7      7
    12:00 |      ·      ·      ·      ·      ·     12     11      9      9      8      8      7      8
    12:30 |      ·      ·      ·      ·      ·      ·     11     10     10      9      8      7      7
     1:00 |      ·      ·      ·      ·      ·      ·      ·     10     11      9      7     10      9
     1:30 |      ·      ·      ·      ·      ·      ·      ·      ·     14     11     10     11     10
     2:00 |      ·      ·      ·      ·      ·      ·      ·      ·      ·     10     11     10     11
     2:30 |      ·      ·      ·      ·      ·      ·      ·      ·      ·      ·     11     10      9
     3:00 |      ·      ·      ·      ·      ·      ·      ·      ·      ·      ·      ·     10     12
     3:30 |      ·      ·      ·      ·      ·      ·      ·      ·      ·      ·      ·      ·     10

  3a) AVG P&L PER TRADE  ($ per contract)
    Entry |   9:30  10:00  10:30  11:00  11:30  12:00  12:30   1:00   1:30   2:00   2:30   3:00   3:30
  --------+-------------------------------------------------------------------------------------------
     9:30 |    +89   +103   +107   +131   +138   +149   +155   +106    +70    +45    +49    +45    +28
    10:00 |      ·    +71    +92   +119   +132   +137   +144    +91    +54    +33    +30    +27     +9
    10:30 |      ·      ·    +29    +45    +58    +69    +76    +23    -28    -66    -54    -46    -73
    11:00 |      ·      ·      ·    +61    +78    +83    +93    +37    -33    -60    -64    -55    -78
    11:30 |      ·      ·      ·      ·    +24    +34    +39    -24    -70    -95    -90    -88   -111
    12:00 |      ·      ·      ·      ·      ·    +27    +36    -25    -68    -92    -71   -100   -134
    12:30 |      ·      ·      ·      ·      ·      ·     +3    -16    -60    -70     +1    -66    -84
     1:00 |      ·      ·      ·      ·      ·      ·      ·     +6     -9    -24    +11     -6    -31
     1:30 |      ·      ·      ·      ·      ·      ·      ·      ·     +9     +8    +16     +6    -18
     2:00 |      ·      ·      ·      ·      ·      ·      ·      ·      ·    +16    +23    +15    -15
     2:30 |      ·      ·      ·      ·      ·      ·      ·      ·      ·      ·    +25    +20     +2
     3:00 |      ·      ·      ·      ·      ·      ·      ·      ·      ·      ·      ·    +11     +2
     3:30 |      ·      ·      ·      ·      ·      ·      ·      ·      ·      ·      ·      ·     +9

  3b) TOTAL P&L  ($ per contract, summed over all Tuesdays)
    Entry |    9:30   10:00   10:30   11:00   11:30   12:00   12:30    1:00    1:30    2:00    2:30    3:00    3:30
  --------+--------------------------------------------------------------------------------------------------------
     9:30 |   +1860   +2157   +2247   +2747   +2896   +3127   +3257   +2234   +1474    +951   +1019    +946    +580
    10:00 |       ·   +1487   +1932   +2490   +2781   +2878   +3034   +1912   +1133    +694    +632    +559    +193
    10:30 |       ·       ·    +603    +945   +1216   +1450   +1596    +491    -596   -1390   -1125    -967   -1533
    11:00 |       ·       ·       ·   +1276   +1630   +1752   +1960    +769    -692   -1267   -1353   -1150   -1645
    11:30 |       ·       ·       ·       ·    +509    +718    +828    -485   -1480   -1996   -1899   -1845   -2327
    12:00 |       ·       ·       ·       ·       ·    +532    +722    -491   -1354   -1941   -1417   -2108   -2817
    12:30 |       ·       ·       ·       ·       ·       ·     +60    -329   -1190   -1461     +21   -1321   -1688
     1:00 |       ·       ·       ·       ·       ·       ·       ·    +112    -177    -501    +225    -124    -658
     1:30 |       ·       ·       ·       ·       ·       ·       ·       ·    +176    +176    +321    +131    -372
     2:00 |       ·       ·       ·       ·       ·       ·       ·       ·       ·    +324    +460    +323    -307
     2:30 |       ·       ·       ·       ·       ·       ·       ·       ·       ·       ·    +491    +411     +45
     3:00 |       ·       ·       ·       ·       ·       ·       ·       ·       ·       ·       ·    +238     +33
     3:30 |       ·       ·       ·       ·       ·       ·       ·       ·       ·       ·       ·       ·    +179

──────────────────────────────────────────────────────────────────────────────────────
  TSLA PUTS — TOP 15 FRAME PAIRS (by win_rate × avg payoff)
──────────────────────────────────────────────────────────────────────────────────────
   #        Entry frame         Exit frame  Trades   Wins    Win%    Avg P&L     Total P&L
  --  -----------------  -----------------  ------  -----  ------  ---------  ------------
   1      9:30–10:00 AM     12:30–12:35 PM      21     13  61.9%   $+155.07    $+3,256.51
   2      9:30–10:00 AM     12:30–12:40 PM      21     13  61.9%   $+151.42    $+3,179.89
   3       9:40–9:50 AM     12:30–12:35 PM      21     12  57.1%   $+163.68    $+3,437.21
   4      9:30–10:00 AM     12:35–12:40 PM      21     13  61.9%   $+150.27    $+3,155.68
   5       9:35–9:55 AM     12:15–12:20 PM      21     13  61.9%   $+148.89    $+3,126.75
   6       9:35–9:55 AM     12:30–12:35 PM      21     12  57.1%   $+161.05    $+3,382.10
   7       9:45–9:50 AM     12:30–12:35 PM      21     12  57.1%   $+160.79    $+3,376.65
   8       9:30–9:50 AM     12:15–12:20 PM      21     13  61.9%   $+148.27    $+3,113.65
   9       9:40–9:55 AM     12:30–12:35 PM      21     12  57.1%   $+160.36    $+3,367.64
  10       9:40–9:50 AM     12:30–12:40 PM      21     12  57.1%   $+160.03    $+3,360.60
  11       9:45–9:55 AM     12:20–12:25 PM      21     13  61.9%   $+147.38    $+3,095.04
  12       9:40–9:50 AM     12:35–12:40 PM      21     12  57.1%   $+158.88    $+3,336.38
  13       9:30–9:50 AM     12:10–12:20 PM      21     13  61.9%   $+146.53    $+3,077.15
  14       9:40–9:55 AM     12:10–12:20 PM      21     13  61.9%   $+146.47    $+3,075.78
  15       9:30–9:45 AM     12:10–12:20 PM      21     13  61.9%   $+146.41    $+3,074.60


██████████████████████████████████████████████████████████████████████████████████████
  OUTLIERS REMOVED (winning trades > $2,000)  —  TSLA PUTS re-optimized
██████████████████████████████████████████████████████████████████████████████████████
  (chosen frames had no winning outliers)
======================================================================================
  TSLA PUTS
======================================================================================
  Optimal entry frame : 9:37–9:55 AM   (18 min)
  Optimal exit frame  : 12:14–12:19 PM   (5 min)
  Data source         : MIXED real+sim

  Date           Strike  Src  Qty       Entry frame    Buy$        Exit frame   Sell$   P&L/sh      P&L $  Result
  ------------ -------- ---- ---- ----------------- ------- ----------------- ------- -------- ----------  ------
  2026-02-17      410.0 REAL    1      9:37–9:55 AM    6.28    12:14–12:19 PM    7.14   +0.860    $+86.03  WIN 
  2026-02-24      400.0 REAL    1      9:37–9:55 AM    3.82    12:14–12:19 PM    2.25   -1.570   $-157.01  LOSS
  2026-03-03      395.0 REAL    1      9:37–9:55 AM    6.72    12:14–12:19 PM    6.89   +0.171    $+17.13  WIN 
  2026-03-10      405.0 REAL    1      9:37–9:55 AM    5.49    12:14–12:19 PM    5.88   +0.388    $+38.77  WIN 
  2026-03-17      395.0 REAL    1      9:37–9:55 AM    3.69    12:14–12:19 PM    2.97   -0.722    $-72.20  LOSS
  2026-03-24      380.0 REAL    1      9:37–9:55 AM    3.24    12:14–12:19 PM    2.65   -0.593    $-59.31  LOSS
  2026-03-31      362.5 REAL    1      9:37–9:55 AM    3.53    12:14–12:19 PM    3.01   -0.520    $-52.01  LOSS
  2026-04-07      347.5 REAL    1      9:37–9:55 AM    6.36    12:14–12:19 PM    8.81   +2.455   $+245.48  WIN 
  2026-04-14      357.5 REAL    1      9:37–9:55 AM    3.26    12:14–12:19 PM    1.13   -2.132   $-213.17  LOSS
  2026-04-21      392.5  SIM    1      9:37–9:55 AM    5.23    12:14–12:19 PM    5.72   +0.487    $+48.71  WIN 
  2026-04-28      375.0 REAL    1      9:37–9:55 AM    3.82    12:14–12:19 PM    4.24   +0.422    $+42.17  WIN 
  2026-05-05      397.5 REAL    1      9:37–9:55 AM    4.28    12:14–12:19 PM    7.73   +3.453   $+345.28  WIN 
  2026-05-12      440.0 REAL    1      9:37–9:55 AM    6.48    12:14–12:19 PM   14.83   +8.344   $+834.41  WIN 
  2026-05-19      402.5 REAL    1      9:37–9:55 AM    6.06    12:14–12:19 PM    8.05   +1.989   $+198.89  WIN 
  2026-05-26      432.5 REAL    1      9:37–9:55 AM    7.29    12:14–12:19 PM    7.32   +0.029     $+2.86  WIN 
  2026-06-02      417.5 REAL    1      9:37–9:55 AM    6.62    12:14–12:19 PM    2.86   -3.768   $-376.84  LOSS
  2026-06-09      415.0 REAL    1      9:37–9:55 AM    6.31    12:14–12:19 PM   25.80  +19.492  $+1949.17  WIN 
  2026-06-16      402.5 REAL    1      9:37–9:55 AM    3.36    12:14–12:19 PM    2.94   -0.419    $-41.88  LOSS
  2026-06-23      387.5 REAL    1      9:37–9:55 AM    4.48    12:14–12:19 PM    6.00   +1.513   $+151.27  WIN 
  2026-06-30      407.5 REAL    1      9:37–9:55 AM    4.12    12:14–12:19 PM    1.84   -2.280   $-228.04  LOSS
  2026-07-07      417.5 REAL    1      9:37–9:55 AM    7.47    12:14–12:19 PM   11.58   +4.117   $+411.67  WIN 

  SUMMARY (optimal frames)  trades: 21   wins: 13/21   win rate: 61.9%   total P&L: $+3,171.38   avg/trade: $+151.02
           best day: $+1949.17   worst day: $-376.84   skipped (no data): 0
           premium spent: $10,790.99   return on spend: +29.4%

  TSLA PUTS — HEATMAPS   (entry-frame start ↓  exit-frame start →   cyan = chosen optimal)

  Each cell = best frame pair starting in that 30-min bucket (best over all durations).

  1) WIN RATE %  (wins ÷ trades)
    Entry |   9:30  10:00  10:30  11:00  11:30  12:00  12:30   1:00   1:30   2:00   2:30   3:00   3:30
  --------+-------------------------------------------------------------------------------------------
     9:30 |    62%    62%    62%    57%    62%    62%    52%    52%    48%    48%    38%    38%    38%
    10:00 |      ·    71%    57%    52%    57%    57%    52%    52%    48%    48%    43%    38%    33%
    10:30 |      ·      ·    52%    67%    62%    62%    62%    48%    48%    48%    48%    43%    38%
    11:00 |      ·      ·      ·    76%    71%    76%    71%    48%    48%    43%    43%    43%    43%
    11:30 |      ·      ·      ·      ·    52%    52%    52%    45%    38%    38%    38%    33%    33%
    12:00 |      ·      ·      ·      ·      ·    60%    55%    45%    45%    38%    40%    33%    38%
    12:30 |      ·      ·      ·      ·      ·      ·    55%    50%    50%    43%    40%    35%    35%
     1:00 |      ·      ·      ·      ·      ·      ·      ·    50%    55%    43%    35%    48%    43%
     1:30 |      ·      ·      ·      ·      ·      ·      ·      ·    70%    52%    50%    52%    48%
     2:00 |      ·      ·      ·      ·      ·      ·      ·      ·      ·    50%    55%    48%    52%
     2:30 |      ·      ·      ·      ·      ·      ·      ·      ·      ·      ·    55%    48%    43%
     3:00 |      ·      ·      ·      ·      ·      ·      ·      ·      ·      ·      ·    48%    60%
     3:30 |      ·      ·      ·      ·      ·      ·      ·      ·      ·      ·      ·      ·    48%

  2) WIN COUNT  (number of winning trades)
    Entry |   9:30  10:00  10:30  11:00  11:30  12:00  12:30   1:00   1:30   2:00   2:30   3:00   3:30
  --------+-------------------------------------------------------------------------------------------
     9:30 |     13     13     13     12     13     13     11     11     10     10      8      8      8
    10:00 |      ·     15     12     11     12     12     11     11     10     10      9      8      7
    10:30 |      ·      ·     11     14     13     13     13     10     10     10     10      9      8
    11:00 |      ·      ·      ·     16     15     16     15     10     10      9      9      9      9
    11:30 |      ·      ·      ·      ·     11     11     11      9      8      8      8      7      7
    12:00 |      ·      ·      ·      ·      ·     12     11      9      9      8      8      7      8
    12:30 |      ·      ·      ·      ·      ·      ·     11     10     10      9      8      7      7
     1:00 |      ·      ·      ·      ·      ·      ·      ·     10     11      9      7     10      9
     1:30 |      ·      ·      ·      ·      ·      ·      ·      ·     14     11     10     11     10
     2:00 |      ·      ·      ·      ·      ·      ·      ·      ·      ·     10     11     10     11
     2:30 |      ·      ·      ·      ·      ·      ·      ·      ·      ·      ·     11     10      9
     3:00 |      ·      ·      ·      ·      ·      ·      ·      ·      ·      ·      ·     10     12
     3:30 |      ·      ·      ·      ·      ·      ·      ·      ·      ·      ·      ·      ·     10

  3a) AVG P&L PER TRADE  ($ per contract)
    Entry |   9:30  10:00  10:30  11:00  11:30  12:00  12:30   1:00   1:30   2:00   2:30   3:00   3:30
  --------+-------------------------------------------------------------------------------------------
     9:30 |    +89   +103   +107   +131   +138   +149   +167   +104    +70    +45    +49    +45    +28
    10:00 |      ·    +71    +92   +119   +132   +137   +130    +91    +54    +33    +30    +27     +9
    10:30 |      ·      ·    +29    +45    +58    +69    +76    +23    -28    -66    -54    -46    -73
    11:00 |      ·      ·      ·    +61    +78    +83    +93    +37    -33    -60    -64    -55    -78
    11:30 |      ·      ·      ·      ·    +24    +34    +39    -24    -70    -95    -90    -88   -111
    12:00 |      ·      ·      ·      ·      ·    +27    +36    -25    -68    -92    -71   -100   -134
    12:30 |      ·      ·      ·      ·      ·      ·     +3    -16    -60    -70     +1    -66    -84
     1:00 |      ·      ·      ·      ·      ·      ·      ·     +6     -9    -24    +11     -6    -31
     1:30 |      ·      ·      ·      ·      ·      ·      ·      ·     +9     +8    +16     +6    -18
     2:00 |      ·      ·      ·      ·      ·      ·      ·      ·      ·    +16    +23    +15    -15
     2:30 |      ·      ·      ·      ·      ·      ·      ·      ·      ·      ·    +25    +20     +2
     3:00 |      ·      ·      ·      ·      ·      ·      ·      ·      ·      ·      ·    +11     +2
     3:30 |      ·      ·      ·      ·      ·      ·      ·      ·      ·      ·      ·      ·     +9

  3b) TOTAL P&L  ($ per contract, summed over all Tuesdays)
    Entry |    9:30   10:00   10:30   11:00   11:30   12:00   12:30    1:00    1:30    2:00    2:30    3:00    3:30
  --------+--------------------------------------------------------------------------------------------------------
     9:30 |   +1860   +2157   +2247   +2747   +2896   +3127   +3498   +2178   +1474    +951   +1019    +946    +580
    10:00 |       ·   +1487   +1932   +2490   +2781   +2878   +2732   +1912   +1133    +694    +632    +559    +193
    10:30 |       ·       ·    +603    +945   +1216   +1450   +1596    +491    -596   -1390   -1125    -967   -1533
    11:00 |       ·       ·       ·   +1276   +1630   +1752   +1960    +769    -692   -1267   -1353   -1150   -1645
    11:30 |       ·       ·       ·       ·    +509    +718    +828    -485   -1480   -1996   -1899   -1845   -2327
    12:00 |       ·       ·       ·       ·       ·    +532    +722    -491   -1354   -1941   -1417   -2108   -2817
    12:30 |       ·       ·       ·       ·       ·       ·     +60    -329   -1190   -1461     +21   -1321   -1688
     1:00 |       ·       ·       ·       ·       ·       ·       ·    +112    -177    -501    +225    -124    -658
     1:30 |       ·       ·       ·       ·       ·       ·       ·       ·    +176    +176    +321    +131    -372
     2:00 |       ·       ·       ·       ·       ·       ·       ·       ·       ·    +324    +460    +323    -307
     2:30 |       ·       ·       ·       ·       ·       ·       ·       ·       ·       ·    +491    +411     +45
     3:00 |       ·       ·       ·       ·       ·       ·       ·       ·       ·       ·       ·    +238     +33
     3:30 |       ·       ·       ·       ·       ·       ·       ·       ·       ·       ·       ·       ·    +179

──────────────────────────────────────────────────────────────────────────────────────
  TSLA PUTS — TOP 15 FRAME PAIRS (by win_rate × avg payoff)
──────────────────────────────────────────────────────────────────────────────────────
   #        Entry frame         Exit frame  Trades   Wins    Win%    Avg P&L     Total P&L
  --  -----------------  -----------------  ------  -----  ------  ---------  ------------
   1       9:35–9:55 AM     12:15–12:20 PM      21     13  61.9%   $+148.89    $+3,126.75
   2       9:30–9:50 AM     12:15–12:20 PM      21     13  61.9%   $+148.27    $+3,113.65
   3       9:30–9:50 AM     12:10–12:20 PM      21     13  61.9%   $+146.53    $+3,077.15
   4       9:40–9:55 AM     12:10–12:20 PM      21     13  61.9%   $+146.47    $+3,075.78
   5       9:30–9:45 AM     12:10–12:20 PM      21     13  61.9%   $+146.41    $+3,074.60
   6       9:40–9:50 AM     12:25–12:40 PM      21     12  57.1%   $+155.52    $+3,265.97
   7      9:30–10:00 AM     12:15–12:20 PM      21     13  61.9%   $+142.91    $+3,001.15
   8      9:40–10:00 AM     12:15–12:25 PM      21     13  61.9%   $+142.29    $+2,988.11
   9      9:30–10:00 AM     12:10–12:25 PM      21     13  61.9%   $+141.75    $+2,976.79
  10      9:30–10:00 AM     12:10–12:20 PM      21     13  61.9%   $+141.17    $+2,964.65
  11       9:40–9:45 AM     12:30–12:35 PM      21     11  52.4%   $+166.56    $+3,497.76
  12       9:30–9:40 AM     12:10–12:15 PM      21     13  61.9%   $+140.74    $+2,955.49
  13       9:30–9:40 AM     12:05–12:25 PM      21     13  61.9%   $+139.37    $+2,926.71
  14       9:35–9:45 AM     12:10–12:20 PM      21     12  57.1%   $+150.94    $+3,169.76
  15       9:40–9:55 AM     12:15–12:35 PM      21     12  57.1%   $+150.66    $+3,163.86

──────────────────────────────────────────────────────────────────────────────────────
  Saved CSV: C:\actions-runner\_work\EoD_OptionTrading\EoD_OptionTrading\results\tuesday_intraday\backtest_tuesday_intraday_timeframe_tsla_puts_150days_2026-07-14_1145.csv
  Saved TXT: C:\actions-runner\_work\EoD_OptionTrading\EoD_OptionTrading\results\tuesday_intraday\backtest_tuesday_intraday_timeframe_tsla_puts_150days_2026-07-14_1145.txt
  Saved TXT (outliers removed): C:\actions-runner\_work\EoD_OptionTrading\EoD_OptionTrading\results\tuesday_intraday\backtest_tuesday_intraday_timeframe_tsla_puts_150days_2026-07-14_1145_outliers_removed.txt
──────────────────────────────────────────────────────────────────────────────────────


====================================================================
  STRATEGY SUMMARY — Tuesday intraday optimal entry/exit (Mag 7)
====================================================================
  Data source : MIXED real + Black-Scholes sim
  Trades      : 283
  Win rate    : 65.4%
  Total P&L   : $19,118.21
  Avg / trade : $67.56
  Max drawdown: $-963.37
  Best intraday entry/exit frame per leg (buy → sell, same Tuesday):
    AAPL_CALL  : enter    9:30–9:36 AM  exit    2:20–2:29 PM  (win 67%, $1,669)
    AAPL_PUT   : enter    2:40–2:45 PM  exit    3:41–3:46 PM  (win 60%, $545)
    AMZN_CALL  : enter  11:31–11:36 AM  exit    1:41–1:46 PM  (win 68%, $867)
    AMZN_PUT   : enter  10:39–10:44 AM  exit  11:28–11:35 AM  (win 62%, $472)
    GOOGL_CALL : enter    9:30–9:35 AM  exit  11:19–11:30 AM  (win 76%, $1,192)
    GOOGL_PUT  : enter  11:16–11:21 AM  exit   12:59–1:05 PM  (win 61%, $699)
    META_CALL  : enter  12:08–12:13 PM  exit    2:14–2:19 PM  (win 88%, $2,765)
    META_PUT   : enter    9:43–9:54 AM  exit  10:57–11:05 AM  (win 71%, $1,393)
    MSFT_CALL  : enter  11:30–11:35 AM  exit    1:40–1:45 PM  (win 52%, $755)
    MSFT_PUT   : enter   9:50–10:45 AM  exit 10:54 AM–12:45 PM  (win 57%, $1,037)
    NVDA_CALL  : enter  11:28–11:33 AM  exit    2:35–2:40 PM  (win 67%, $1,307)
    NVDA_PUT   : enter    9:51–9:57 AM  exit  11:27–11:32 AM  (win 57%, $1,228)
    TSLA_CALL  : enter  12:32–12:37 PM  exit    3:42–3:47 PM  (win 71%, $1,882)
    TSLA_PUT   : enter    9:32–9:58 AM  exit  12:30–12:35 PM  (win 62%, $3,307)
====================================================================

===STRATEGY_SUMMARY_JSON===
{"status": "ok", "strategy": "tuesday_intraday", "tickers": ["AAPL", "MSFT", "GOOGL", "AMZN", "NVDA", "META", "TSLA"], "entry_day": "Tuesday (intraday \u2014 buy and sell the same session)", "expiry": "Wednesday (1DTE; 0DTE only when Wednesday is a holiday). Real Wednesday-expiry bars when available, else Black-Scholes sim", "session": "9:30 AM-4:00 PM ET", "lookback_days": 150, "target_spend": 1.0, "outlier_max": 2000, "n_trades": 283, "win_rate": 0.6537, "total_pnl": 19118.21, "avg_pnl": 67.56, "best_trade": 2074.88, "worst_trade": -389.31, "max_drawdown": -963.37, "sharpe": 0.302, "data_source": "MIXED real + Black-Scholes sim", "legs": {"AAPL_CALL": {"ticker": "AAPL", "opt_type": "CALL", "entry_frame": "9:30\u20139:36 AM", "exit_frame": "2:20\u20132:29 PM", "entry_minutes": 6, "exit_minutes": 9, "n_trades": 21, "wins": 14, "win_rate": 0.6667, "total_pnl": 1668.81, "avg_pnl": 79.47, "best_day": 496.67, "worst_day": -206.11, "premium_spent": 4939.82, "return_on_spend": 0.3378, "data_source": "REAL Alpaca option bars"}, "AAPL_PUT": {"ticker": "AAPL", "opt_type": "PUT", "entry_frame": "2:40\u20132:45 PM", "exit_frame": "3:41\u20133:46 PM", "entry_minutes": 5, "exit_minutes": 5, "n_trades": 20, "wins": 12, "win_rate": 0.6, "total_pnl": 544.6, "avg_pnl": 27.23, "best_day": 176.3, "worst_day": -38.25, "premium_spent": 4248.05, "return_on_spend": 0.1282, "data_source": "REAL Alpaca option bars"}, "AMZN_CALL": {"ticker": "AMZN", "opt_type": "CALL", "entry_frame": "11:31\u201311:36 AM", "exit_frame": "1:41\u20131:46 PM", "entry_minutes": 5, "exit_minutes": 5, "n_trades": 19, "wins": 13, "win_rate": 0.6842, "total_pnl": 867.44, "avg_pnl": 45.65, "best_day": 386.33, "worst_day": -160.85, "premium_spent": 4694.68, "return_on_spend": 0.1848, "data_source": "REAL Alpaca option bars"}, "AMZN_PUT": {"ticker": "AMZN", "opt_type": "PUT", "entry_frame": "10:39\u201310:44 AM", "exit_frame": "11:28\u201311:35 AM", "entry_minutes": 5, "exit_minutes": 7, "n_trades": 21, "wins": 13, "win_rate": 0.619, "total_pnl": 471.73, "avg_pnl": 22.46, "best_day": 280.4, "worst_day": -103.11, "premium_spent": 4610.29, "return_on_spend": 0.1023, "data_source": "MIXED real + Black-Scholes sim"}, "GOOGL_CALL": {"ticker": "GOOGL", "opt_type": "CALL", "entry_frame": "9:30\u20139:35 AM", "exit_frame": "11:19\u201311:30 AM", "entry_minutes": 5, "exit_minutes": 11, "n_trades": 21, "wins": 16, "win_rate": 0.7619, "total_pnl": 1191.82, "avg_pnl": 56.75, "best_day": 496.0, "worst_day": -371.13, "premium_spent": 7146.6, "return_on_spend": 0.1668, "data_source": "MIXED real + Black-Scholes sim"}, "GOOGL_PUT": {"ticker": "GOOGL", "opt_type": "PUT", "entry_frame": "11:16\u201311:21 AM", "exit_frame": "12:59\u20131:05 PM", "entry_minutes": 5, "exit_minutes": 6, "n_trades": 18, "wins": 11, "win_rate": 0.6111, "total_pnl": 699.03, "avg_pnl": 38.84, "best_day": 218.67, "worst_day": -124.33, "premium_spent": 4452.59, "return_on_spend": 0.157, "data_source": "MIXED real + Black-Scholes sim"}, "META_CALL": {"ticker": "META", "opt_type": "CALL", "entry_frame": "12:08\u201312:13 PM", "exit_frame": "2:14\u20132:19 PM", "entry_minutes": 5, "exit_minutes": 5, "n_trades": 16, "wins": 14, "win_rate": 0.875, "total_pnl": 2764.79, "avg_pnl": 172.8, "best_day": 983.4, "worst_day": -79.4, "premium_spent": 8121.13, "return_on_spend": 0.3404, "data_source": "MIXED real + Black-Scholes sim"}, "META_PUT": {"ticker": "META", "opt_type": "PUT", "entry_frame": "9:43\u20139:54 AM", "exit_frame": "10:57\u201311:05 AM", "entry_minutes": 11, "exit_minutes": 8, "n_trades": 21, "wins": 15, "win_rate": 0.7143, "total_pnl": 1393.37, "avg_pnl": 66.35, "best_day": 406.43, "worst_day": -286.98, "premium_spent": 11234.46, "return_on_spend": 0.124, "data_source": "MIXED real + Black-Scholes sim"}, "MSFT_CALL": {"ticker": "MSFT", "opt_type": "CALL", "entry_frame": "11:30\u201311:35 AM", "exit_frame": "1:40\u20131:45 PM", "entry_minutes": 5, "exit_minutes": 5, "n_trades": 21, "wins": 11, "win_rate": 0.5238, "total_pnl": 755.23, "avg_pnl": 35.96, "best_day": 486.5, "worst_day": -115.45, "premium_spent": 7180.9, "return_on_spend": 0.1052, "data_source": "MIXED real + Black-Scholes sim"}, "MSFT_PUT": {"ticker": "MSFT", "opt_type": "PUT", "entry_frame": "9:50\u201310:45 AM", "exit_frame": "10:54 AM\u201312:45 PM", "entry_minutes": 55, "exit_minutes": 111, "n_trades": 21, "wins": 12, "win_rate": 0.5714, "total_pnl": 1037.3, "avg_pnl": 49.4, "best_day": 919.64, "worst_day": -276.37, "premium_spent": 7929.82, "return_on_spend": 0.1308, "data_source": "MIXED real + Black-Scholes sim"}, "NVDA_CALL": {"ticker": "NVDA", "opt_type": "CALL", "entry_frame": "11:28\u201311:33 AM", "exit_frame": "2:35\u20132:40 PM", "entry_minutes": 5, "exit_minutes": 5, "n_trades": 21, "wins": 14, "win_rate": 0.6667, "total_pnl": 1306.56, "avg_pnl": 62.22, "best_day": 383.4, "worst_day": -208.6, "premium_spent": 5455.34, "return_on_spend": 0.2395, "data_source": "MIXED real + Black-Scholes sim"}, "NVDA_PUT": {"ticker": "NVDA", "opt_type": "PUT", "entry_frame": "9:51\u20139:57 AM", "exit_frame": "11:27\u201311:32 AM", "entry_minutes": 6, "exit_minutes": 5, "n_trades": 21, "wins": 12, "win_rate": 0.5714, "total_pnl": 1228.33, "avg_pnl": 58.49, "best_day": 554.73, "worst_day": -157.23, "premium_spent": 4395.69, "return_on_spend": 0.2794, "data_source": "MIXED real + Black-Scholes sim"}, "TSLA_CALL": {"ticker": "TSLA", "opt_type": "CALL", "entry_frame": "12:32\u201312:37 PM", "exit_frame": "3:42\u20133:47 PM", "entry_minutes": 5, "exit_minutes": 5, "n_trades": 21, "wins": 15, "win_rate": 0.7143, "total_pnl": 1882.23, "avg_pnl": 89.63, "best_day": 521.5, "worst_day": -201.55, "premium_spent": 9025.23, "return_on_spend": 0.2086, "data_source": "MIXED real + Black-Scholes sim"}, "TSLA_PUT": {"ticker": "TSLA", "opt_type": "PUT", "entry_frame": "9:32\u20139:58 AM", "exit_frame": "12:30\u201312:35 PM", "entry_minutes": 26, "exit_minutes": 5, "n_trades": 21, "wins": 13, "win_rate": 0.619, "total_pnl": 3306.97, "avg_pnl": 157.47, "best_day": 2074.88, "worst_day": -389.31, "premium_spent": 10883.99, "return_on_spend": 0.3038, "data_source": "MIXED real + Black-Scholes sim"}}, "outliers_removed": {"n_trades": 283, "win_rate": 0.6537, "total_pnl": 18982.62, "avg_pnl": 67.08, "best_trade": 1949.17, "worst_trade": -376.84, "max_drawdown": -963.37, "sharpe": 0.311, "data_source": "MIXED real + Black-Scholes sim", "legs": {"AAPL_CALL": {"ticker": "AAPL", "opt_type": "CALL", "entry_frame": "9:30\u20139:36 AM", "exit_frame": "2:20\u20132:29 PM", "entry_minutes": 6, "exit_minutes": 9, "n_trades": 21, "wins": 14, "win_rate": 0.6667, "total_pnl": 1668.81, "avg_pnl": 79.47, "best_day": 496.67, "worst_day": -206.11, "premium_spent": 4939.82, "return_on_spend": 0.3378, "data_source": "REAL Alpaca option bars"}, "AAPL_PUT": {"ticker": "AAPL", "opt_type": "PUT", "entry_frame": "2:40\u20132:45 PM", "exit_frame": "3:41\u20133:46 PM", "entry_minutes": 5, "exit_minutes": 5, "n_trades": 20, "wins": 12, "win_rate": 0.6, "total_pnl": 544.6, "avg_pnl": 27.23, "best_day": 176.3, "worst_day": -38.25, "premium_spent": 4248.05, "return_on_spend": 0.1282, "data_source": "REAL Alpaca option bars"}, "AMZN_CALL": {"ticker": "AMZN", "opt_type": "CALL", "entry_frame": "11:31\u201311:36 AM", "exit_frame": "1:41\u20131:46 PM", "entry_minutes": 5, "exit_minutes": 5, "n_trades": 19, "wins": 13, "win_rate": 0.6842, "total_pnl": 867.44, "avg_pnl": 45.65, "best_day": 386.33, "worst_day": -160.85, "premium_spent": 4694.68, "return_on_spend": 0.1848, "data_source": "REAL Alpaca option bars"}, "AMZN_PUT": {"ticker": "AMZN", "opt_type": "PUT", "entry_frame": "10:39\u201310:44 AM", "exit_frame": "11:28\u201311:35 AM", "entry_minutes": 5, "exit_minutes": 7, "n_trades": 21, "wins": 13, "win_rate": 0.619, "total_pnl": 471.73, "avg_pnl": 22.46, "best_day": 280.4, "worst_day": -103.11, "premium_spent": 4610.29, "return_on_spend": 0.1023, "data_source": "MIXED real + Black-Scholes sim"}, "GOOGL_CALL": {"ticker": "GOOGL", "opt_type": "CALL", "entry_frame": "9:30\u20139:35 AM", "exit_frame": "11:19\u201311:30 AM", "entry_minutes": 5, "exit_minutes": 11, "n_trades": 21, "wins": 16, "win_rate": 0.7619, "total_pnl": 1191.82, "avg_pnl": 56.75, "best_day": 496.0, "worst_day": -371.13, "premium_spent": 7146.6, "return_on_spend": 0.1668, "data_source": "MIXED real + Black-Scholes sim"}, "GOOGL_PUT": {"ticker": "GOOGL", "opt_type": "PUT", "entry_frame": "11:16\u201311:21 AM", "exit_frame": "12:59\u20131:05 PM", "entry_minutes": 5, "exit_minutes": 6, "n_trades": 18, "wins": 11, "win_rate": 0.6111, "total_pnl": 699.03, "avg_pnl": 38.84, "best_day": 218.67, "worst_day": -124.33, "premium_spent": 4452.59, "return_on_spend": 0.157, "data_source": "MIXED real + Black-Scholes sim"}, "META_CALL": {"ticker": "META", "opt_type": "CALL", "entry_frame": "12:08\u201312:13 PM", "exit_frame": "2:14\u20132:19 PM", "entry_minutes": 5, "exit_minutes": 5, "n_trades": 16, "wins": 14, "win_rate": 0.875, "total_pnl": 2764.79, "avg_pnl": 172.8, "best_day": 983.4, "worst_day": -79.4, "premium_spent": 8121.13, "return_on_spend": 0.3404, "data_source": "MIXED real + Black-Scholes sim"}, "META_PUT": {"ticker": "META", "opt_type": "PUT", "entry_frame": "9:43\u20139:54 AM", "exit_frame": "10:57\u201311:05 AM", "entry_minutes": 11, "exit_minutes": 8, "n_trades": 21, "wins": 15, "win_rate": 0.7143, "total_pnl": 1393.37, "avg_pnl": 66.35, "best_day": 406.43, "worst_day": -286.98, "premium_spent": 11234.46, "return_on_spend": 0.124, "data_source": "MIXED real + Black-Scholes sim"}, "MSFT_CALL": {"ticker": "MSFT", "opt_type": "CALL", "entry_frame": "11:30\u201311:35 AM", "exit_frame": "1:40\u20131:45 PM", "entry_minutes": 5, "exit_minutes": 5, "n_trades": 21, "wins": 11, "win_rate": 0.5238, "total_pnl": 755.23, "avg_pnl": 35.96, "best_day": 486.5, "worst_day": -115.45, "premium_spent": 7180.9, "return_on_spend": 0.1052, "data_source": "MIXED real + Black-Scholes sim"}, "MSFT_PUT": {"ticker": "MSFT", "opt_type": "PUT", "entry_frame": "9:50\u201310:45 AM", "exit_frame": "10:54 AM\u201312:45 PM", "entry_minutes": 55, "exit_minutes": 111, "n_trades": 21, "wins": 12, "win_rate": 0.5714, "total_pnl": 1037.3, "avg_pnl": 49.4, "best_day": 919.64, "worst_day": -276.37, "premium_spent": 7929.82, "return_on_spend": 0.1308, "data_source": "MIXED real + Black-Scholes sim"}, "NVDA_CALL": {"ticker": "NVDA", "opt_type": "CALL", "entry_frame": "11:28\u201311:33 AM", "exit_frame": "2:35\u20132:40 PM", "entry_minutes": 5, "exit_minutes": 5, "n_trades": 21, "wins": 14, "win_rate": 0.6667, "total_pnl": 1306.56, "avg_pnl": 62.22, "best_day": 383.4, "worst_day": -208.6, "premium_spent": 5455.34, "return_on_spend": 0.2395, "data_source": "MIXED real + Black-Scholes sim"}, "NVDA_PUT": {"ticker": "NVDA", "opt_type": "PUT", "entry_frame": "9:51\u20139:57 AM", "exit_frame": "11:27\u201311:32 AM", "entry_minutes": 6, "exit_minutes": 5, "n_trades": 21, "wins": 12, "win_rate": 0.5714, "total_pnl": 1228.33, "avg_pnl": 58.49, "best_day": 554.73, "worst_day": -157.23, "premium_spent": 4395.69, "return_on_spend": 0.2794, "data_source": "MIXED real + Black-Scholes sim"}, "TSLA_CALL": {"ticker": "TSLA", "opt_type": "CALL", "entry_frame": "12:32\u201312:37 PM", "exit_frame": "3:42\u20133:47 PM", "entry_minutes": 5, "exit_minutes": 5, "n_trades": 21, "wins": 15, "win_rate": 0.7143, "total_pnl": 1882.23, "avg_pnl": 89.63, "best_day": 521.5, "worst_day": -201.55, "premium_spent": 9025.23, "return_on_spend": 0.2086, "data_source": "MIXED real + Black-Scholes sim"}, "TSLA_PUT": {"ticker": "TSLA", "opt_type": "PUT", "entry_frame": "9:37\u20139:55 AM", "exit_frame": "12:14\u201312:19 PM", "entry_minutes": 18, "exit_minutes": 5, "n_trades": 21, "wins": 13, "win_rate": 0.619, "total_pnl": 3171.38, "avg_pnl": 151.02, "best_day": 1949.17, "worst_day": -376.84, "premium_spent": 10790.99, "return_on_spend": 0.2939, "data_source": "MIXED real + Black-Scholes sim"}}, "removed_dates": [], "outlier_max": 2000}, "generated_at": "2026-07-14T15:46:03.067287+00:00"}
===END_SUMMARY===

=== strategy stderr ===

