date,symbol,direction,moneyness,fill_mode,T_pct,n_trades,total_minutes_in_position,basis,trade1_entry,trade1_exit,trade2_entry,trade2_exit,trade3_entry,trade3_exit
2026-01-05,META,call,ITM,mid,20.0,9,315.0,OPPORTUNITY/HINDSIGHT,09:35,11:50,11:50,11:55,11:55,12:40
2026-01-05,META,call,ITM,mid,25.0,7,325.0,OPPORTUNITY/HINDSIGHT,09:35,11:55,11:55,12:40,12:40,13:00
2026-01-05,META,call,ITM,mid,30.0,7,295.0,OPPORTUNITY/HINDSIGHT,09:35,11:55,11:55,12:45,12:45,13:00
2026-01-05,META,call,ITM,mid,40.0,6,295.0,OPPORTUNITY/HINDSIGHT,09:35,11:55,11:55,12:55,12:55,13:00
2026-01-05,META,call,ITM,mid,50.0,5,290.0,OPPORTUNITY/HINDSIGHT,09:35,11:55,11:55,13:00,13:00,13:25
2026-01-05,META,call,ITM,mid,60.0,4,280.0,OPPORTUNITY/HINDSIGHT,09:35,12:35,12:35,13:00,13:00,13:25
2026-01-05,META,call,ITM,mid,70.0,4,280.0,OPPORTUNITY/HINDSIGHT,09:35,12:40,12:40,13:00,13:00,13:25
2026-01-05,META,call,ITM,mid,75.0,4,280.0,OPPORTUNITY/HINDSIGHT,09:35,12:40,12:40,13:00,13:00,13:25
2026-01-05,META,call,ITM,mid,80.0,4,280.0,OPPORTUNITY/HINDSIGHT,09:35,12:45,12:45,13:00,13:00,13:25
2026-01-05,META,call,ITM,mid,90.0,3,295.0,OPPORTUNITY/HINDSIGHT,09:35,12:45,12:45,13:00,13:00,14:30
2026-01-05,META,call,ITM,mid,100.0,2,295.0,OPPORTUNITY/HINDSIGHT,09:35,13:00,13:00,14:30,,
2026-01-05,META,call,ITM,market,20.0,7,325.0,OPPORTUNITY/HINDSIGHT,09:35,11:55,11:55,12:40,12:40,13:00
2026-01-05,META,call,ITM,market,25.0,7,295.0,OPPORTUNITY/HINDSIGHT,09:35,11:55,11:55,12:45,12:45,13:00
2026-01-05,META,call,ITM,market,30.0,6,295.0,OPPORTUNITY/HINDSIGHT,09:35,11:55,11:55,12:45,12:45,13:00
2026-01-05,META,call,ITM,market,40.0,5,285.0,OPPORTUNITY/HINDSIGHT,09:35,11:55,11:55,13:00,13:00,13:25
2026-01-05,META,call,ITM,market,50.0,4,280.0,OPPORTUNITY/HINDSIGHT,09:35,12:35,12:35,13:00,13:00,13:25
2026-01-05,META,call,ITM,market,60.0,4,280.0,OPPORTUNITY/HINDSIGHT,09:35,12:40,12:40,13:00,13:00,13:25
2026-01-05,META,call,ITM,market,70.0,4,280.0,OPPORTUNITY/HINDSIGHT,09:35,12:40,12:40,13:00,13:00,13:25
2026-01-05,META,call,ITM,market,75.0,3,295.0,OPPORTUNITY/HINDSIGHT,09:35,12:45,12:45,13:00,13:00,14:30
2026-01-05,META,call,ITM,market,80.0,3,295.0,OPPORTUNITY/HINDSIGHT,09:35,12:45,12:45,13:00,13:00,14:30
2026-01-05,META,call,ITM,market,90.0,2,295.0,OPPORTUNITY/HINDSIGHT,09:35,13:00,13:00,14:30,,
2026-01-05,META,call,ITM,market,100.0,2,295.0,OPPORTUNITY/HINDSIGHT,09:35,13:00,13:00,14:30,,
2026-01-05,META,call,ATM,mid,20.0,11,310.0,OPPORTUNITY/HINDSIGHT,09:35,11:50,11:50,11:55,11:55,12:40
2026-01-05,META,call,ATM,mid,25.0,9,310.0,OPPORTUNITY/HINDSIGHT,09:35,11:55,11:55,12:40,12:40,12:55
2026-01-05,META,call,ATM,mid,30.0,8,310.0,OPPORTUNITY/HINDSIGHT,09:35,11:55,11:55,12:40,12:40,13:00
2026-01-05,META,call,ATM,mid,40.0,8,310.0,OPPORTUNITY/HINDSIGHT,09:35,11:55,11:55,12:45,12:45,13:00
2026-01-05,META,call,ATM,mid,50.0,8,300.0,OPPORTUNITY/HINDSIGHT,09:35,11:55,11:55,12:45,12:45,13:00
2026-01-05,META,call,ATM,mid,60.0,7,300.0,OPPORTUNITY/HINDSIGHT,09:35,11:55,11:55,12:55,12:55,13:00
2026-01-05,META,call,ATM,mid,70.0,6,320.0,OPPORTUNITY/HINDSIGHT,09:35,11:55,11:55,12:55,12:55,13:00
2026-01-05,META,call,ATM,mid,75.0,5,285.0,OPPORTUNITY/HINDSIGHT,09:35,12:35,12:35,13:00,13:00,13:25
2026-01-05,META,call,ATM,mid,80.0,5,285.0,OPPORTUNITY/HINDSIGHT,09:35,12:35,12:35,13:00,13:00,13:25
2026-01-05,META,call,ATM,mid,90.0,5,285.0,OPPORTUNITY/HINDSIGHT,09:35,12:35,12:35,13:00,13:00,13:25
2026-01-05,META,call,ATM,mid,100.0,5,285.0,OPPORTUNITY/HINDSIGHT,09:35,12:40,12:40,13:00,13:00,13:25
2026-01-05,META,call,ATM,market,20.0,9,310.0,OPPORTUNITY/HINDSIGHT,09:35,11:55,11:55,12:40,12:40,12:55
2026-01-05,META,call,ATM,market,25.0,8,310.0,OPPORTUNITY/HINDSIGHT,09:35,11:55,11:55,12:40,12:40,13:00
2026-01-05,META,call,ATM,market,30.0,7,325.0,OPPORTUNITY/HINDSIGHT,09:35,11:55,11:55,12:40,12:40,13:00
2026-01-05,META,call,ATM,market,40.0,8,300.0,OPPORTUNITY/HINDSIGHT,09:35,11:55,11:55,12:45,12:45,13:00
2026-01-05,META,call,ATM,market,50.0,7,300.0,OPPORTUNITY/HINDSIGHT,09:35,11:55,11:55,12:45,12:45,13:00
2026-01-05,META,call,ATM,market,60.0,7,300.0,OPPORTUNITY/HINDSIGHT,09:35,11:55,11:55,12:55,12:55,13:00
2026-01-05,META,call,ATM,market,70.0,5,285.0,OPPORTUNITY/HINDSIGHT,09:35,12:35,12:35,13:00,13:00,13:25
2026-01-05,META,call,ATM,market,75.0,5,285.0,OPPORTUNITY/HINDSIGHT,09:35,12:35,12:35,13:00,13:00,13:25
2026-01-05,META,call,ATM,market,80.0,5,285.0,OPPORTUNITY/HINDSIGHT,09:35,12:35,12:35,13:00,13:00,13:25
2026-01-05,META,call,ATM,market,90.0,5,285.0,OPPORTUNITY/HINDSIGHT,09:35,12:40,12:40,13:00,13:00,13:25
2026-01-05,META,call,ATM,market,100.0,5,285.0,OPPORTUNITY/HINDSIGHT,09:35,12:40,12:40,13:00,13:00,13:25
2026-01-05,META,call,OTM1,mid,20.0,6,225.0,OPPORTUNITY/HINDSIGHT,09:35,11:55,11:55,12:40,12:40,12:45
2026-01-05,META,call,OTM1,mid,25.0,6,225.0,OPPORTUNITY/HINDSIGHT,09:35,11:55,11:55,12:40,12:40,12:55
2026-01-05,META,call,OTM1,mid,30.0,6,225.0,OPPORTUNITY/HINDSIGHT,09:35,11:55,11:55,12:40,12:40,12:55
2026-01-05,META,call,OTM1,mid,40.0,5,225.0,OPPORTUNITY/HINDSIGHT,09:35,11:55,11:55,12:40,12:40,13:00
2026-01-05,META,call,OTM1,mid,50.0,5,225.0,OPPORTUNITY/HINDSIGHT,09:35,11:55,11:55,12:45,12:45,13:00
2026-01-05,META,call,OTM1,mid,60.0,5,225.0,OPPORTUNITY/HINDSIGHT,09:35,11:55,11:55,12:45,12:45,13:00
2026-01-05,META,call,OTM1,mid,70.0,5,225.0,OPPORTUNITY/HINDSIGHT,09:35,11:55,11:55,12:45,12:45,13:00
2026-01-05,META,call,OTM1,mid,75.0,5,225.0,OPPORTUNITY/HINDSIGHT,09:35,11:55,11:55,12:45,12:45,13:00
2026-01-05,META,call,OTM1,mid,80.0,5,225.0,OPPORTUNITY/HINDSIGHT,09:35,11:55,11:55,12:55,12:55,13:00
2026-01-05,META,call,OTM1,mid,90.0,5,225.0,OPPORTUNITY/HINDSIGHT,09:35,11:55,11:55,12:55,12:55,13:00
2026-01-05,META,call,OTM1,mid,100.0,4,230.0,OPPORTUNITY/HINDSIGHT,09:35,12:35,12:35,13:00,13:10,13:20
2026-01-05,META,call,OTM1,market,20.0,6,225.0,OPPORTUNITY/HINDSIGHT,09:35,11:55,11:55,12:40,12:40,12:55
2026-01-05,META,call,OTM1,market,25.0,6,225.0,OPPORTUNITY/HINDSIGHT,09:35,11:55,11:55,12:40,12:40,12:55
2026-01-05,META,call,OTM1,market,30.0,6,225.0,OPPORTUNITY/HINDSIGHT,09:35,11:55,11:55,12:40,12:40,12:55
2026-01-05,META,call,OTM1,market,40.0,5,225.0,OPPORTUNITY/HINDSIGHT,09:35,11:55,11:55,12:45,12:45,13:00
2026-01-05,META,call,OTM1,market,50.0,5,225.0,OPPORTUNITY/HINDSIGHT,09:35,11:55,11:55,12:45,12:45,13:00
2026-01-05,META,call,OTM1,market,60.0,5,225.0,OPPORTUNITY/HINDSIGHT,09:35,11:55,11:55,12:45,12:45,13:00
2026-01-05,META,call,OTM1,market,70.0,5,225.0,OPPORTUNITY/HINDSIGHT,09:35,11:55,11:55,12:55,12:55,13:00
2026-01-05,META,call,OTM1,market,75.0,5,225.0,OPPORTUNITY/HINDSIGHT,09:35,11:55,11:55,12:55,12:55,13:00
2026-01-05,META,call,OTM1,market,80.0,5,225.0,OPPORTUNITY/HINDSIGHT,09:35,11:55,11:55,12:55,12:55,13:00
2026-01-05,META,call,OTM1,market,90.0,4,230.0,OPPORTUNITY/HINDSIGHT,09:35,12:35,12:35,13:00,13:10,13:20
2026-01-05,META,call,OTM1,market,100.0,4,230.0,OPPORTUNITY/HINDSIGHT,09:35,12:35,12:35,13:00,13:10,13:20
2026-01-05,META,call,OTM2+,mid,20.0,4,195.0,OPPORTUNITY/HINDSIGHT,09:35,11:55,11:55,12:40,12:40,12:45
2026-01-05,META,call,OTM2+,mid,25.0,4,195.0,OPPORTUNITY/HINDSIGHT,09:35,11:55,11:55,12:40,12:40,12:45
2026-01-05,META,call,OTM2+,mid,30.0,4,195.0,OPPORTUNITY/HINDSIGHT,09:35,11:55,11:55,12:40,12:40,12:45
2026-01-05,META,call,OTM2+,mid,40.0,3,195.0,OPPORTUNITY/HINDSIGHT,09:35,11:55,11:55,12:45,12:50,12:55
2026-01-05,META,call,OTM2+,mid,50.0,3,195.0,OPPORTUNITY/HINDSIGHT,09:35,11:55,11:55,12:45,12:50,12:55
2026-01-05,META,call,OTM2+,mid,60.0,3,200.0,OPPORTUNITY/HINDSIGHT,09:35,11:55,11:55,12:45,12:50,13:00
2026-01-05,META,call,OTM2+,mid,70.0,3,200.0,OPPORTUNITY/HINDSIGHT,09:35,11:55,11:55,12:45,12:50,13:00
2026-01-05,META,call,OTM2+,mid,75.0,3,200.0,OPPORTUNITY/HINDSIGHT,09:35,11:55,11:55,12:45,12:50,13:00
2026-01-05,META,call,OTM2+,mid,80.0,3,200.0,OPPORTUNITY/HINDSIGHT,09:35,11:55,11:55,12:45,12:50,13:00
2026-01-05,META,call,OTM2+,mid,90.0,2,200.0,OPPORTUNITY/HINDSIGHT,09:35,11:55,11:55,12:55,,
2026-01-05,META,call,OTM2+,mid,100.0,2,200.0,OPPORTUNITY/HINDSIGHT,09:35,12:35,12:35,12:55,,
2026-01-05,META,call,OTM2+,market,20.0,4,195.0,OPPORTUNITY/HINDSIGHT,09:35,11:55,11:55,12:40,12:40,12:45
2026-01-05,META,call,OTM2+,market,25.0,4,195.0,OPPORTUNITY/HINDSIGHT,09:35,11:55,11:55,12:40,12:40,12:45
2026-01-05,META,call,OTM2+,market,30.0,3,200.0,OPPORTUNITY/HINDSIGHT,09:35,11:55,11:55,12:40,12:40,12:55
2026-01-05,META,call,OTM2+,market,40.0,3,195.0,OPPORTUNITY/HINDSIGHT,09:35,11:55,11:55,12:45,12:50,12:55
2026-01-05,META,call,OTM2+,market,50.0,3,200.0,OPPORTUNITY/HINDSIGHT,09:35,11:55,11:55,12:45,12:50,13:00
2026-01-05,META,call,OTM2+,market,60.0,3,200.0,OPPORTUNITY/HINDSIGHT,09:35,11:55,11:55,12:45,12:50,13:00
2026-01-05,META,call,OTM2+,market,70.0,3,200.0,OPPORTUNITY/HINDSIGHT,09:35,11:55,11:55,12:45,12:50,13:00
2026-01-05,META,call,OTM2+,market,75.0,3,200.0,OPPORTUNITY/HINDSIGHT,09:35,11:55,11:55,12:45,12:50,13:00
2026-01-05,META,call,OTM2+,market,80.0,2,200.0,OPPORTUNITY/HINDSIGHT,09:35,11:55,11:55,12:55,,
2026-01-05,META,call,OTM2+,market,90.0,2,200.0,OPPORTUNITY/HINDSIGHT,09:35,12:35,12:35,12:55,,
2026-01-05,META,call,OTM2+,market,100.0,2,205.0,OPPORTUNITY/HINDSIGHT,09:35,12:40,12:40,13:00,,
2026-01-05,META,put,OTM1,mid,20.0,11,240.0,OPPORTUNITY/HINDSIGHT,09:35,09:40,09:40,09:55,10:00,10:05
2026-01-05,META,put,OTM1,mid,25.0,11,240.0,OPPORTUNITY/HINDSIGHT,09:35,09:40,09:40,09:55,10:00,10:05
2026-01-05,META,put,OTM1,mid,30.0,12,245.0,OPPORTUNITY/HINDSIGHT,09:35,09:40,09:40,09:55,10:00,10:05
2026-01-05,META,put,OTM1,mid,40.0,13,230.0,OPPORTUNITY/HINDSIGHT,09:35,09:40,09:40,09:55,10:00,10:05
2026-01-05,META,put,OTM1,mid,50.0,11,240.0,OPPORTUNITY/HINDSIGHT,09:35,09:40,09:40,10:05,10:15,10:20
2026-01-05,META,put,OTM1,mid,60.0,11,220.0,OPPORTUNITY/HINDSIGHT,09:35,09:45,09:45,10:05,10:15,10:20
2026-01-05,META,put,OTM1,mid,70.0,10,230.0,OPPORTUNITY/HINDSIGHT,09:35,09:45,09:45,10:20,11:15,11:25
2026-01-05,META,put,OTM1,mid,75.0,10,235.0,OPPORTUNITY/HINDSIGHT,09:35,09:45,09:45,10:20,11:15,11:25
2026-01-05,META,put,OTM1,mid,80.0,8,245.0,OPPORTUNITY/HINDSIGHT,09:35,09:45,09:45,10:20,11:15,11:45
2026-01-05,META,put,OTM1,mid,90.0,8,245.0,OPPORTUNITY/HINDSIGHT,09:35,09:45,09:45,10:20,11:15,11:45
2026-01-05,META,put,OTM1,mid,100.0,5,245.0,OPPORTUNITY/HINDSIGHT,09:35,09:55,10:00,10:20,11:30,11:45
2026-01-05,META,put,OTM1,market,20.0,11,240.0,OPPORTUNITY/HINDSIGHT,09:35,09:40,09:40,09:55,10:00,10:05
2026-01-05,META,put,OTM1,market,25.0,12,245.0,OPPORTUNITY/HINDSIGHT,09:35,09:40,09:40,09:55,10:00,10:05
2026-01-05,META,put,OTM1,market,30.0,12,245.0,OPPORTUNITY/HINDSIGHT,09:35,09:40,09:40,09:55,10:00,10:05
2026-01-05,META,put,OTM1,market,40.0,11,240.0,OPPORTUNITY/HINDSIGHT,09:35,09:40,09:40,10:05,10:15,10:20
2026-01-05,META,put,OTM1,market,50.0,11,220.0,OPPORTUNITY/HINDSIGHT,09:35,09:40,09:40,10:05,10:15,10:20
2026-01-05,META,put,OTM1,market,60.0,11,220.0,OPPORTUNITY/HINDSIGHT,09:35,09:45,09:45,10:05,10:15,10:20
2026-01-05,META,put,OTM1,market,70.0,10,235.0,OPPORTUNITY/HINDSIGHT,09:35,09:45,09:45,10:20,11:15,11:25
2026-01-05,META,put,OTM1,market,75.0,8,245.0,OPPORTUNITY/HINDSIGHT,09:35,09:45,09:45,10:20,11:15,11:45
2026-01-05,META,put,OTM1,market,80.0,8,245.0,OPPORTUNITY/HINDSIGHT,09:35,09:45,09:45,10:20,11:15,11:45
2026-01-05,META,put,OTM1,market,90.0,5,245.0,OPPORTUNITY/HINDSIGHT,09:35,09:55,10:00,10:20,11:30,11:45
2026-01-05,META,put,OTM1,market,100.0,5,235.0,OPPORTUNITY/HINDSIGHT,09:35,09:55,10:00,10:20,11:40,11:45
2026-01-05,META,put,ATM,mid,20.0,8,285.0,OPPORTUNITY/HINDSIGHT,09:35,09:40,09:40,09:55,09:55,10:05
2026-01-05,META,put,ATM,mid,25.0,8,285.0,OPPORTUNITY/HINDSIGHT,09:35,09:40,09:40,09:55,09:55,10:05
2026-01-05,META,put,ATM,mid,30.0,9,275.0,OPPORTUNITY/HINDSIGHT,09:35,09:40,09:40,09:55,09:55,10:05
2026-01-05,META,put,ATM,mid,40.0,8,275.0,OPPORTUNITY/HINDSIGHT,09:35,09:40,09:40,10:05,10:05,10:20
2026-01-05,META,put,ATM,mid,50.0,7,280.0,OPPORTUNITY/HINDSIGHT,09:35,09:45,09:45,10:20,11:15,11:25
2026-01-05,META,put,ATM,mid,60.0,5,275.0,OPPORTUNITY/HINDSIGHT,09:35,09:45,09:45,10:20,11:15,11:45
2026-01-05,META,put,ATM,mid,70.0,5,260.0,OPPORTUNITY/HINDSIGHT,09:35,09:55,09:55,10:20,11:40,11:45
2026-01-05,META,put,ATM,mid,75.0,4,245.0,OPPORTUNITY/HINDSIGHT,09:35,09:55,09:55,10:20,11:55,12:10
2026-01-05,META,put,ATM,mid,80.0,4,225.0,OPPORTUNITY/HINDSIGHT,09:35,09:55,09:55,10:20,11:55,12:10
2026-01-05,META,put,ATM,mid,90.0,4,215.0,OPPORTUNITY/HINDSIGHT,09:35,10:05,10:15,10:20,11:55,12:10
2026-01-05,META,put,ATM,mid,100.0,3,215.0,OPPORTUNITY/HINDSIGHT,09:35,10:05,11:55,12:10,13:00,15:50
2026-01-05,META,put,ATM,market,20.0,8,285.0,OPPORTUNITY/HINDSIGHT,09:35,09:40,09:40,09:55,09:55,10:05
2026-01-05,META,put,ATM,market,25.0,9,275.0,OPPORTUNITY/HINDSIGHT,09:35,09:40,09:40,09:55,09:55,10:05
2026-01-05,META,put,ATM,market,30.0,8,275.0,OPPORTUNITY/HINDSIGHT,09:35,09:40,09:40,10:05,10:05,10:20
2026-01-05,META,put,ATM,market,40.0,8,270.0,OPPORTUNITY/HINDSIGHT,09:35,09:45,09:45,10:05,10:10,10:20
2026-01-05,META,put,ATM,market,50.0,5,290.0,OPPORTUNITY/HINDSIGHT,09:35,09:45,09:45,10:20,11:15,11:45
2026-01-05,META,put,ATM,market,60.0,5,275.0,OPPORTUNITY/HINDSIGHT,09:35,09:55,09:55,10:20,11:15,11:45
2026-01-05,META,put,ATM,market,70.0,4,245.0,OPPORTUNITY/HINDSIGHT,09:35,09:55,09:55,10:20,11:55,12:10
2026-01-05,META,put,ATM,market,75.0,4,225.0,OPPORTUNITY/HINDSIGHT,09:35,09:55,09:55,10:20,11:55,12:10
2026-01-05,META,put,ATM,market,80.0,4,215.0,OPPORTUNITY/HINDSIGHT,09:35,10:05,10:15,10:20,11:55,12:10
2026-01-05,META,put,ATM,market,90.0,3,210.0,OPPORTUNITY/HINDSIGHT,09:35,10:05,11:55,12:10,13:00,15:45
2026-01-05,META,put,ATM,market,100.0,3,215.0,OPPORTUNITY/HINDSIGHT,09:35,10:05,11:55,12:10,13:00,15:50
2026-01-05,META,put,OTM2+,mid,20.0,5,175.0,OPPORTUNITY/HINDSIGHT,11:50,12:10,12:45,12:50,13:00,13:10
2026-01-05,META,put,OTM2+,mid,25.0,4,170.0,OPPORTUNITY/HINDSIGHT,11:50,12:10,13:00,13:10,13:20,14:00
2026-01-05,META,put,OTM2+,mid,30.0,4,170.0,OPPORTUNITY/HINDSIGHT,11:50,12:10,13:00,13:10,13:20,14:00
2026-01-05,META,put,OTM2+,mid,40.0,4,170.0,OPPORTUNITY/HINDSIGHT,11:50,12:10,13:00,13:10,13:20,14:00
2026-01-05,META,put,OTM2+,mid,50.0,4,170.0,OPPORTUNITY/HINDSIGHT,11:50,12:10,13:00,13:10,13:20,14:00
2026-01-05,META,put,OTM2+,mid,60.0,4,170.0,OPPORTUNITY/HINDSIGHT,11:50,12:10,13:00,13:10,13:20,14:00
2026-01-05,META,put,OTM2+,mid,70.0,4,175.0,OPPORTUNITY/HINDSIGHT,11:50,12:10,13:00,13:10,13:20,14:00
2026-01-05,META,put,OTM2+,mid,75.0,4,175.0,OPPORTUNITY/HINDSIGHT,11:50,12:10,13:00,13:10,13:20,14:00
2026-01-05,META,put,OTM2+,mid,80.0,4,175.0,OPPORTUNITY/HINDSIGHT,11:50,12:10,13:00,13:10,13:20,14:00
2026-01-05,META,put,OTM2+,mid,90.0,4,180.0,OPPORTUNITY/HINDSIGHT,11:50,12:10,13:00,13:10,13:20,14:05
2026-01-05,META,put,OTM2+,mid,100.0,4,180.0,OPPORTUNITY/HINDSIGHT,11:50,12:10,13:00,13:10,13:20,14:05
2026-01-05,META,put,OTM2+,market,20.0,4,170.0,OPPORTUNITY/HINDSIGHT,11:50,12:10,13:00,13:10,13:20,14:00
2026-01-05,META,put,OTM2+,market,25.0,4,170.0,OPPORTUNITY/HINDSIGHT,11:50,12:10,13:00,13:10,13:20,14:00
2026-01-05,META,put,OTM2+,market,30.0,4,170.0,OPPORTUNITY/HINDSIGHT,11:50,12:10,13:00,13:10,13:20,14:00
2026-01-05,META,put,OTM2+,market,40.0,4,170.0,OPPORTUNITY/HINDSIGHT,11:50,12:10,13:00,13:10,13:20,14:00
2026-01-05,META,put,OTM2+,market,50.0,4,170.0,OPPORTUNITY/HINDSIGHT,11:50,12:10,13:00,13:10,13:20,14:00
2026-01-05,META,put,OTM2+,market,60.0,4,175.0,OPPORTUNITY/HINDSIGHT,11:50,12:10,13:00,13:10,13:20,14:00
2026-01-05,META,put,OTM2+,market,70.0,4,175.0,OPPORTUNITY/HINDSIGHT,11:50,12:10,13:00,13:10,13:20,14:00
2026-01-05,META,put,OTM2+,market,75.0,4,175.0,OPPORTUNITY/HINDSIGHT,11:50,12:10,13:00,13:10,13:20,14:00
2026-01-05,META,put,OTM2+,market,80.0,4,180.0,OPPORTUNITY/HINDSIGHT,11:50,12:10,13:00,13:10,13:20,14:05
2026-01-05,META,put,OTM2+,market,90.0,4,180.0,OPPORTUNITY/HINDSIGHT,11:50,12:10,13:00,13:10,13:20,14:05
2026-01-05,META,put,OTM2+,market,100.0,4,180.0,OPPORTUNITY/HINDSIGHT,11:50,12:10,13:00,13:10,13:20,14:05
2026-01-05,META,put,ITM,mid,20.0,9,280.0,OPPORTUNITY/HINDSIGHT,09:35,09:40,09:40,09:55,09:55,10:05
2026-01-05,META,put,ITM,mid,25.0,8,280.0,OPPORTUNITY/HINDSIGHT,09:35,09:40,09:40,10:05,10:05,10:20
2026-01-05,META,put,ITM,mid,30.0,8,280.0,OPPORTUNITY/HINDSIGHT,09:35,09:45,09:45,10:05,10:10,10:20
2026-01-05,META,put,ITM,mid,40.0,5,285.0,OPPORTUNITY/HINDSIGHT,09:35,09:45,09:45,10:20,11:15,11:45
2026-01-05,META,put,ITM,mid,50.0,4,220.0,OPPORTUNITY/HINDSIGHT,09:35,09:55,09:55,10:20,11:55,12:10
2026-01-05,META,put,ITM,mid,60.0,3,205.0,OPPORTUNITY/HINDSIGHT,09:35,10:05,11:55,12:10,13:10,15:50
2026-01-05,META,put,ITM,mid,70.0,3,205.0,OPPORTUNITY/HINDSIGHT,09:35,10:05,11:55,12:10,13:10,15:50
2026-01-05,META,put,ITM,mid,75.0,3,205.0,OPPORTUNITY/HINDSIGHT,09:35,10:05,11:55,12:10,13:10,15:50
2026-01-05,META,put,ITM,mid,80.0,3,205.0,OPPORTUNITY/HINDSIGHT,09:35,10:05,11:55,12:10,13:10,15:50
2026-01-05,META,put,ITM,mid,90.0,3,220.0,OPPORTUNITY/HINDSIGHT,09:35,10:20,11:55,12:10,13:10,15:50
2026-01-05,META,put,ITM,mid,100.0,2,210.0,OPPORTUNITY/HINDSIGHT,09:35,10:20,13:10,15:55,,
2026-01-05,META,put,ITM,market,20.0,8,280.0,OPPORTUNITY/HINDSIGHT,09:35,09:40,09:40,10:05,10:05,10:20
2026-01-05,META,put,ITM,market,25.0,8,280.0,OPPORTUNITY/HINDSIGHT,09:35,09:45,09:45,10:05,10:10,10:20
2026-01-05,META,put,ITM,market,30.0,5,295.0,OPPORTUNITY/HINDSIGHT,09:35,09:45,09:45,10:20,11:15,11:45
2026-01-05,META,put,ITM,market,40.0,4,245.0,OPPORTUNITY/HINDSIGHT,09:35,09:55,09:55,10:20,11:55,12:10
2026-01-05,META,put,ITM,market,50.0,4,220.0,OPPORTUNITY/HINDSIGHT,09:35,09:55,09:55,10:20,11:55,12:10
2026-01-05,META,put,ITM,market,60.0,3,205.0,OPPORTUNITY/HINDSIGHT,09:35,10:05,11:55,12:10,13:10,15:50
2026-01-05,META,put,ITM,market,70.0,3,205.0,OPPORTUNITY/HINDSIGHT,09:35,10:05,11:55,12:10,13:10,15:50
2026-01-05,META,put,ITM,market,75.0,3,205.0,OPPORTUNITY/HINDSIGHT,09:35,10:05,11:55,12:10,13:10,15:50
2026-01-05,META,put,ITM,market,80.0,3,220.0,OPPORTUNITY/HINDSIGHT,09:35,10:20,11:55,12:10,13:10,15:50
2026-01-05,META,put,ITM,market,90.0,2,210.0,OPPORTUNITY/HINDSIGHT,09:35,10:20,13:10,15:55,,
2026-01-05,META,put,ITM,market,100.0,2,210.0,OPPORTUNITY/HINDSIGHT,09:35,10:20,13:10,15:55,,
2026-01-06,META,call,ITM,mid,20.0,3,120.0,OPPORTUNITY/HINDSIGHT,09:50,10:15,10:25,11:55,12:45,12:50
2026-01-06,META,call,ITM,mid,25.0,3,105.0,OPPORTUNITY/HINDSIGHT,09:50,10:15,10:40,11:55,12:45,12:50
2026-01-06,META,call,ITM,mid,30.0,2,90.0,OPPORTUNITY/HINDSIGHT,10:40,11:55,12:45,13:00,,
2026-01-06,META,call,ITM,mid,40.0,2,90.0,OPPORTUNITY/HINDSIGHT,10:40,11:55,12:45,13:00,,
2026-01-06,META,call,ITM,mid,50.0,1,70.0,OPPORTUNITY/HINDSIGHT,10:45,11:55,,,,
2026-01-06,META,call,ITM,mid,60.0,1,65.0,OPPORTUNITY/HINDSIGHT,10:50,11:55,,,,
2026-01-06,META,call,ITM,mid,70.0,1,65.0,OPPORTUNITY/HINDSIGHT,10:50,11:55,,,,
2026-01-06,META,call,ITM,mid,75.0,1,65.0,OPPORTUNITY/HINDSIGHT,10:50,11:55,,,,
2026-01-06,META,call,ITM,mid,80.0,1,65.0,OPPORTUNITY/HINDSIGHT,10:50,11:55,,,,
2026-01-06,META,call,ITM,mid,90.0,1,25.0,OPPORTUNITY/HINDSIGHT,11:30,11:55,,,,
2026-01-06,META,call,ITM,mid,100.0,1,25.0,OPPORTUNITY/HINDSIGHT,11:30,11:55,,,,
2026-01-06,META,call,ITM,market,20.0,3,105.0,OPPORTUNITY/HINDSIGHT,09:50,10:15,10:40,11:55,12:45,12:50
2026-01-06,META,call,ITM,market,25.0,2,90.0,OPPORTUNITY/HINDSIGHT,10:40,11:55,12:45,13:00,,
2026-01-06,META,call,ITM,market,30.0,2,90.0,OPPORTUNITY/HINDSIGHT,10:40,11:55,12:45,13:00,,
2026-01-06,META,call,ITM,market,40.0,1,70.0,OPPORTUNITY/HINDSIGHT,10:45,11:55,,,,
2026-01-06,META,call,ITM,market,50.0,1,65.0,OPPORTUNITY/HINDSIGHT,10:50,11:55,,,,
2026-01-06,META,call,ITM,market,60.0,1,65.0,OPPORTUNITY/HINDSIGHT,10:50,11:55,,,,
2026-01-06,META,call,ITM,market,70.0,1,65.0,OPPORTUNITY/HINDSIGHT,10:50,11:55,,,,
2026-01-06,META,call,ITM,market,75.0,1,65.0,OPPORTUNITY/HINDSIGHT,10:50,11:55,,,,
2026-01-06,META,call,ITM,market,80.0,1,25.0,OPPORTUNITY/HINDSIGHT,11:30,11:55,,,,
2026-01-06,META,call,ITM,market,90.0,1,25.0,OPPORTUNITY/HINDSIGHT,11:30,11:55,,,,
2026-01-06,META,call,ITM,market,100.0,1,25.0,OPPORTUNITY/HINDSIGHT,11:30,11:55,,,,
2026-01-06,META,call,ATM,mid,20.0,5,300.0,OPPORTUNITY/HINDSIGHT,09:45,10:15,10:25,11:55,12:05,12:20
2026-01-06,META,call,ATM,mid,25.0,6,270.0,OPPORTUNITY/HINDSIGHT,09:45,10:15,10:40,11:55,12:05,12:20
2026-01-06,META,call,ATM,mid,30.0,7,235.0,OPPORTUNITY/HINDSIGHT,09:50,10:15,10:40,11:55,12:05,12:20
2026-01-06,META,call,ATM,mid,40.0,7,240.0,OPPORTUNITY/HINDSIGHT,09:50,10:15,10:40,11:55,12:05,12:25
2026-01-06,META,call,ATM,mid,50.0,5,205.0,OPPORTUNITY/HINDSIGHT,10:40,11:55,12:10,12:15,12:45,13:00
2026-01-06,META,call,ATM,mid,60.0,5,200.0,OPPORTUNITY/HINDSIGHT,10:45,11:55,12:10,12:15,12:45,13:00
2026-01-06,META,call,ATM,mid,70.0,3,190.0,OPPORTUNITY/HINDSIGHT,10:45,11:55,12:10,12:20,13:55,15:45
2026-01-06,META,call,ATM,mid,75.0,3,190.0,OPPORTUNITY/HINDSIGHT,10:45,11:55,12:10,12:20,13:55,15:45
2026-01-06,META,call,ATM,mid,80.0,3,185.0,OPPORTUNITY/HINDSIGHT,10:50,11:55,12:10,12:20,13:55,15:45
2026-01-06,META,call,ATM,mid,90.0,3,185.0,OPPORTUNITY/HINDSIGHT,10:50,11:55,12:10,12:20,13:55,15:45
2026-01-06,META,call,ATM,mid,100.0,3,185.0,OPPORTUNITY/HINDSIGHT,10:50,11:55,12:10,12:20,13:55,15:45
2026-01-06,META,call,ATM,market,20.0,6,270.0,OPPORTUNITY/HINDSIGHT,09:45,10:15,10:40,11:55,12:05,12:20
2026-01-06,META,call,ATM,market,25.0,7,235.0,OPPORTUNITY/HINDSIGHT,09:50,10:15,10:40,11:55,12:05,12:20
2026-01-06,META,call,ATM,market,30.0,7,235.0,OPPORTUNITY/HINDSIGHT,09:50,10:15,10:40,11:55,12:05,12:20
2026-01-06,META,call,ATM,market,40.0,6,200.0,OPPORTUNITY/HINDSIGHT,10:40,11:55,12:10,12:15,12:45,12:50
2026-01-06,META,call,ATM,market,50.0,5,205.0,OPPORTUNITY/HINDSIGHT,10:40,11:55,12:10,12:15,12:45,13:00
2026-01-06,META,call,ATM,market,60.0,4,200.0,OPPORTUNITY/HINDSIGHT,10:45,11:55,12:10,12:15,12:45,13:00
2026-01-06,META,call,ATM,market,70.0,3,190.0,OPPORTUNITY/HINDSIGHT,10:45,11:55,12:10,12:20,13:55,15:45
2026-01-06,META,call,ATM,market,75.0,3,185.0,OPPORTUNITY/HINDSIGHT,10:50,11:55,12:10,12:20,13:55,15:45
2026-01-06,META,call,ATM,market,80.0,3,185.0,OPPORTUNITY/HINDSIGHT,10:50,11:55,12:10,12:20,13:55,15:45
2026-01-06,META,call,ATM,market,90.0,3,185.0,OPPORTUNITY/HINDSIGHT,10:50,11:55,12:10,12:20,13:55,15:45
2026-01-06,META,call,ATM,market,100.0,3,185.0,OPPORTUNITY/HINDSIGHT,10:50,11:55,12:10,12:20,13:55,15:45
2026-01-06,META,call,OTM1,mid,20.0,11,235.0,OPPORTUNITY/HINDSIGHT,09:45,10:15,10:25,11:55,12:05,12:20
2026-01-06,META,call,OTM1,mid,25.0,11,220.0,OPPORTUNITY/HINDSIGHT,09:45,10:15,10:40,11:55,12:05,12:20
2026-01-06,META,call,OTM1,mid,30.0,10,220.0,OPPORTUNITY/HINDSIGHT,09:45,10:15,10:40,11:55,12:05,12:20
2026-01-06,META,call,OTM1,mid,40.0,6,245.0,OPPORTUNITY/HINDSIGHT,09:50,10:15,10:40,11:55,12:05,12:20
2026-01-06,META,call,OTM1,mid,50.0,6,245.0,OPPORTUNITY/HINDSIGHT,09:50,10:15,10:40,11:55,12:05,12:20
2026-01-06,META,call,OTM1,mid,60.0,5,225.0,OPPORTUNITY/HINDSIGHT,10:40,11:55,12:05,12:25,12:45,12:50
2026-01-06,META,call,OTM1,mid,70.0,5,210.0,OPPORTUNITY/HINDSIGHT,10:40,11:55,12:10,12:15,12:45,12:50
2026-01-06,META,call,OTM1,mid,75.0,4,215.0,OPPORTUNITY/HINDSIGHT,10:40,11:55,12:10,12:15,12:45,13:00
2026-01-06,META,call,OTM1,mid,80.0,4,210.0,OPPORTUNITY/HINDSIGHT,10:45,11:55,12:10,12:15,12:45,13:00
2026-01-06,META,call,OTM1,mid,90.0,4,210.0,OPPORTUNITY/HINDSIGHT,10:45,11:55,12:10,12:15,12:45,13:00
2026-01-06,META,call,OTM1,mid,100.0,4,210.0,OPPORTUNITY/HINDSIGHT,10:45,11:55,12:10,12:15,12:45,13:00
2026-01-06,META,call,OTM1,market,20.0,11,220.0,OPPORTUNITY/HINDSIGHT,09:45,10:15,10:40,11:55,12:05,12:20
2026-01-06,META,call,OTM1,market,25.0,10,220.0,OPPORTUNITY/HINDSIGHT,09:45,10:15,10:40,11:55,12:05,12:20
2026-01-06,META,call,OTM1,market,30.0,6,245.0,OPPORTUNITY/HINDSIGHT,09:50,10:15,10:40,11:55,12:05,12:20
2026-01-06,META,call,OTM1,market,40.0,6,245.0,OPPORTUNITY/HINDSIGHT,09:50,10:15,10:40,11:55,12:05,12:20
2026-01-06,META,call,OTM1,market,50.0,5,220.0,OPPORTUNITY/HINDSIGHT,10:40,11:55,12:05,12:20,12:45,12:50
2026-01-06,META,call,OTM1,market,60.0,5,225.0,OPPORTUNITY/HINDSIGHT,10:40,11:55,12:05,12:25,12:45,12:50
2026-01-06,META,call,OTM1,market,70.0,4,210.0,OPPORTUNITY/HINDSIGHT,10:45,11:55,12:10,12:15,12:45,13:00
2026-01-06,META,call,OTM1,market,75.0,4,210.0,OPPORTUNITY/HINDSIGHT,10:45,11:55,12:10,12:15,12:45,13:00
2026-01-06,META,call,OTM1,market,80.0,4,210.0,OPPORTUNITY/HINDSIGHT,10:45,11:55,12:10,12:15,12:45,13:00
2026-01-06,META,call,OTM1,market,90.0,4,210.0,OPPORTUNITY/HINDSIGHT,10:45,11:55,12:10,12:15,12:45,13:00
2026-01-06,META,call,OTM1,market,100.0,3,190.0,OPPORTUNITY/HINDSIGHT,10:50,11:55,12:10,12:15,13:30,15:30
2026-01-06,META,call,OTM2+,mid,20.0,5,130.0,OPPORTUNITY/HINDSIGHT,09:45,10:15,10:25,10:30,10:40,11:55
2026-01-06,META,call,OTM2+,mid,25.0,5,130.0,OPPORTUNITY/HINDSIGHT,09:45,10:15,10:25,10:30,10:40,11:55
2026-01-06,META,call,OTM2+,mid,30.0,4,125.0,OPPORTUNITY/HINDSIGHT,09:45,10:15,10:40,11:55,12:05,12:20
2026-01-06,META,call,OTM2+,mid,40.0,4,120.0,OPPORTUNITY/HINDSIGHT,09:50,10:15,10:40,11:55,12:05,12:20
2026-01-06,META,call,OTM2+,mid,50.0,4,120.0,OPPORTUNITY/HINDSIGHT,09:50,10:15,10:40,11:55,12:05,12:20
2026-01-06,META,call,OTM2+,mid,60.0,4,120.0,OPPORTUNITY/HINDSIGHT,09:50,10:15,10:40,11:55,12:05,12:20
2026-01-06,META,call,OTM2+,mid,70.0,3,95.0,OPPORTUNITY/HINDSIGHT,10:40,11:55,12:05,12:20,12:55,13:00
2026-01-06,META,call,OTM2+,mid,75.0,3,95.0,OPPORTUNITY/HINDSIGHT,10:40,11:55,12:05,12:20,12:55,13:00
2026-01-06,META,call,OTM2+,mid,80.0,3,90.0,OPPORTUNITY/HINDSIGHT,10:45,11:55,12:05,12:20,12:55,13:00
2026-01-06,META,call,OTM2+,mid,90.0,3,95.0,OPPORTUNITY/HINDSIGHT,10:45,11:55,12:05,12:25,12:55,13:00
2026-01-06,META,call,OTM2+,mid,100.0,3,95.0,OPPORTUNITY/HINDSIGHT,10:45,11:55,12:05,12:25,12:55,13:00
2026-01-06,META,call,OTM2+,market,20.0,5,130.0,OPPORTUNITY/HINDSIGHT,09:45,10:15,10:25,10:30,10:40,11:55
2026-01-06,META,call,OTM2+,market,25.0,4,125.0,OPPORTUNITY/HINDSIGHT,09:45,10:15,10:40,11:55,12:05,12:20
2026-01-06,META,call,OTM2+,market,30.0,4,120.0,OPPORTUNITY/HINDSIGHT,09:50,10:15,10:40,11:55,12:05,12:20
2026-01-06,META,call,OTM2+,market,40.0,4,120.0,OPPORTUNITY/HINDSIGHT,09:50,10:15,10:40,11:55,12:05,12:20
2026-01-06,META,call,OTM2+,market,50.0,4,120.0,OPPORTUNITY/HINDSIGHT,09:50,10:15,10:40,11:55,12:05,12:20
2026-01-06,META,call,OTM2+,market,60.0,4,120.0,OPPORTUNITY/HINDSIGHT,09:50,10:15,10:40,11:55,12:05,12:20
2026-01-06,META,call,OTM2+,market,70.0,3,95.0,OPPORTUNITY/HINDSIGHT,10:40,11:55,12:05,12:20,12:55,13:00
2026-01-06,META,call,OTM2+,market,75.0,3,90.0,OPPORTUNITY/HINDSIGHT,10:45,11:55,12:05,12:20,12:55,13:00
2026-01-06,META,call,OTM2+,market,80.0,3,95.0,OPPORTUNITY/HINDSIGHT,10:45,11:55,12:05,12:25,12:55,13:00
2026-01-06,META,call,OTM2+,market,90.0,3,95.0,OPPORTUNITY/HINDSIGHT,10:45,11:55,12:05,12:25,12:55,13:00
2026-01-06,META,call,OTM2+,market,100.0,3,80.0,OPPORTUNITY/HINDSIGHT,10:45,11:55,12:10,12:15,12:55,13:00
2026-01-06,META,put,OTM2+,mid,20.0,3,55.0,OPPORTUNITY/HINDSIGHT,09:35,09:45,09:45,10:25,11:55,12:00
2026-01-06,META,put,OTM2+,mid,25.0,3,55.0,OPPORTUNITY/HINDSIGHT,09:35,09:45,09:45,10:25,11:55,12:00
2026-01-06,META,put,OTM2+,mid,30.0,3,55.0,OPPORTUNITY/HINDSIGHT,09:35,09:45,09:45,10:25,11:55,12:00
2026-01-06,META,put,OTM2+,mid,40.0,3,55.0,OPPORTUNITY/HINDSIGHT,09:35,09:45,09:45,10:25,11:55,12:00
2026-01-06,META,put,OTM2+,mid,50.0,3,55.0,OPPORTUNITY/HINDSIGHT,09:35,09:45,09:45,10:25,11:55,12:00
2026-01-06,META,put,OTM2+,mid,60.0,3,70.0,OPPORTUNITY/HINDSIGHT,09:35,09:45,09:45,10:40,11:55,12:00
2026-01-06,META,put,OTM2+,mid,70.0,3,70.0,OPPORTUNITY/HINDSIGHT,09:35,09:45,09:45,10:40,11:55,12:00
2026-01-06,META,put,OTM2+,mid,75.0,3,70.0,OPPORTUNITY/HINDSIGHT,09:35,09:45,09:45,10:40,11:55,12:00
2026-01-06,META,put,OTM2+,mid,80.0,3,70.0,OPPORTUNITY/HINDSIGHT,09:35,09:45,09:45,10:40,11:55,12:00
2026-01-06,META,put,OTM2+,mid,90.0,3,70.0,OPPORTUNITY/HINDSIGHT,09:35,09:45,09:45,10:40,11:55,12:00
2026-01-06,META,put,OTM2+,mid,100.0,3,70.0,OPPORTUNITY/HINDSIGHT,09:35,09:45,09:45,10:40,11:55,12:00
2026-01-06,META,put,OTM2+,market,20.0,3,55.0,OPPORTUNITY/HINDSIGHT,09:35,09:45,09:45,10:25,11:55,12:00
2026-01-06,META,put,OTM2+,market,25.0,3,55.0,OPPORTUNITY/HINDSIGHT,09:35,09:45,09:45,10:25,11:55,12:00
2026-01-06,META,put,OTM2+,market,30.0,3,55.0,OPPORTUNITY/HINDSIGHT,09:35,09:45,09:45,10:25,11:55,12:00
2026-01-06,META,put,OTM2+,market,40.0,3,55.0,OPPORTUNITY/HINDSIGHT,09:35,09:45,09:45,10:25,11:55,12:00
2026-01-06,META,put,OTM2+,market,50.0,3,70.0,OPPORTUNITY/HINDSIGHT,09:35,09:45,09:45,10:40,11:55,12:00
2026-01-06,META,put,OTM2+,market,60.0,3,70.0,OPPORTUNITY/HINDSIGHT,09:35,09:45,09:45,10:40,11:55,12:00
2026-01-06,META,put,OTM2+,market,70.0,3,70.0,OPPORTUNITY/HINDSIGHT,09:35,09:45,09:45,10:40,11:55,12:00
2026-01-06,META,put,OTM2+,market,75.0,3,70.0,OPPORTUNITY/HINDSIGHT,09:35,09:45,09:45,10:40,11:55,12:00
2026-01-06,META,put,OTM2+,market,80.0,3,70.0,OPPORTUNITY/HINDSIGHT,09:35,09:45,09:45,10:40,11:55,12:00
2026-01-06,META,put,OTM2+,market,90.0,3,70.0,OPPORTUNITY/HINDSIGHT,09:35,09:45,09:45,10:40,11:55,12:00
2026-01-06,META,put,OTM2+,market,100.0,3,75.0,OPPORTUNITY/HINDSIGHT,09:35,09:45,09:45,10:45,11:55,12:00
2026-01-06,META,put,OTM1,mid,20.0,8,185.0,OPPORTUNITY/HINDSIGHT,09:35,09:45,09:45,10:25,10:25,10:40
2026-01-06,META,put,OTM1,mid,25.0,8,185.0,OPPORTUNITY/HINDSIGHT,09:35,09:45,09:45,10:25,10:25,10:40
2026-01-06,META,put,OTM1,mid,30.0,8,185.0,OPPORTUNITY/HINDSIGHT,09:35,09:45,09:45,10:25,10:25,10:40
2026-01-06,META,put,OTM1,mid,40.0,7,170.0,OPPORTUNITY/HINDSIGHT,09:35,09:45,09:45,10:25,10:25,10:45
2026-01-06,META,put,OTM1,mid,50.0,7,170.0,OPPORTUNITY/HINDSIGHT,09:35,09:45,09:45,10:40,10:40,10:50
2026-01-06,META,put,OTM1,mid,60.0,5,180.0,OPPORTUNITY/HINDSIGHT,09:35,09:45,09:45,10:40,10:40,11:00
2026-01-06,META,put,OTM1,mid,70.0,5,185.0,OPPORTUNITY/HINDSIGHT,09:35,09:45,09:45,10:40,10:40,11:00
2026-01-06,META,put,OTM1,mid,75.0,5,185.0,OPPORTUNITY/HINDSIGHT,09:35,09:45,09:45,10:40,10:40,11:00
2026-01-06,META,put,OTM1,mid,80.0,5,185.0,OPPORTUNITY/HINDSIGHT,09:35,09:45,09:45,10:40,10:40,11:00
2026-01-06,META,put,OTM1,mid,90.0,4,205.0,OPPORTUNITY/HINDSIGHT,09:35,09:45,09:45,10:45,10:45,11:00
2026-01-06,META,put,OTM1,mid,100.0,4,210.0,OPPORTUNITY/HINDSIGHT,09:35,09:50,09:50,10:50,10:50,11:05
2026-01-06,META,put,OTM1,market,20.0,8,185.0,OPPORTUNITY/HINDSIGHT,09:35,09:45,09:45,10:25,10:25,10:40
2026-01-06,META,put,OTM1,market,25.0,8,185.0,OPPORTUNITY/HINDSIGHT,09:35,09:45,09:45,10:25,10:25,10:40
2026-01-06,META,put,OTM1,market,30.0,8,185.0,OPPORTUNITY/HINDSIGHT,09:35,09:45,09:45,10:25,10:25,10:45
2026-01-06,META,put,OTM1,market,40.0,7,170.0,OPPORTUNITY/HINDSIGHT,09:35,09:45,09:45,10:40,10:40,10:50
2026-01-06,META,put,OTM1,market,50.0,5,180.0,OPPORTUNITY/HINDSIGHT,09:35,09:45,09:45,10:40,10:40,11:00
2026-01-06,META,put,OTM1,market,60.0,5,185.0,OPPORTUNITY/HINDSIGHT,09:35,09:45,09:45,10:40,10:40,11:00
2026-01-06,META,put,OTM1,market,70.0,5,185.0,OPPORTUNITY/HINDSIGHT,09:35,09:45,09:45,10:40,10:40,11:00
2026-01-06,META,put,OTM1,market,75.0,5,185.0,OPPORTUNITY/HINDSIGHT,09:35,09:45,09:45,10:45,10:45,11:00
2026-01-06,META,put,OTM1,market,80.0,4,205.0,OPPORTUNITY/HINDSIGHT,09:35,09:45,09:45,10:45,10:45,11:00
2026-01-06,META,put,OTM1,market,90.0,4,205.0,OPPORTUNITY/HINDSIGHT,09:35,09:45,09:45,10:45,10:45,11:00
2026-01-06,META,put,OTM1,market,100.0,4,210.0,OPPORTUNITY/HINDSIGHT,09:35,09:50,09:50,10:50,10:50,11:05
2026-01-06,META,put,ATM,mid,20.0,11,285.0,OPPORTUNITY/HINDSIGHT,09:35,09:45,09:45,10:25,10:25,10:40
2026-01-06,META,put,ATM,mid,25.0,11,290.0,OPPORTUNITY/HINDSIGHT,09:35,09:45,09:45,10:25,10:25,10:40
2026-01-06,META,put,ATM,mid,30.0,10,290.0,OPPORTUNITY/HINDSIGHT,09:35,09:45,09:45,10:25,10:25,10:45
2026-01-06,META,put,ATM,mid,40.0,9,290.0,OPPORTUNITY/HINDSIGHT,09:35,09:45,09:45,10:40,10:40,11:00
2026-01-06,META,put,ATM,mid,50.0,9,300.0,OPPORTUNITY/HINDSIGHT,09:35,09:45,09:45,10:40,10:40,11:00
2026-01-06,META,put,ATM,mid,60.0,8,310.0,OPPORTUNITY/HINDSIGHT,09:35,09:45,09:45,10:45,10:45,11:00
2026-01-06,META,put,ATM,mid,70.0,6,320.0,OPPORTUNITY/HINDSIGHT,09:35,09:50,09:50,10:50,10:50,11:05
2026-01-06,META,put,ATM,mid,75.0,6,320.0,OPPORTUNITY/HINDSIGHT,09:35,09:50,09:50,10:50,10:50,11:05
2026-01-06,META,put,ATM,mid,80.0,6,330.0,OPPORTUNITY/HINDSIGHT,09:35,10:20,10:20,10:50,10:50,11:05
2026-01-06,META,put,ATM,mid,90.0,6,300.0,OPPORTUNITY/HINDSIGHT,09:35,10:25,10:25,11:00,11:00,11:10
2026-01-06,META,put,ATM,mid,100.0,6,310.0,OPPORTUNITY/HINDSIGHT,09:35,10:25,10:25,11:00,11:00,11:10
2026-01-06,META,put,ATM,market,20.0,11,290.0,OPPORTUNITY/HINDSIGHT,09:35,09:45,09:45,10:25,10:25,10:40
2026-01-06,META,put,ATM,market,25.0,10,290.0,OPPORTUNITY/HINDSIGHT,09:35,09:45,09:45,10:25,10:25,10:45
2026-01-06,META,put,ATM,market,30.0,10,290.0,OPPORTUNITY/HINDSIGHT,09:35,09:45,09:45,10:40,10:40,10:50
2026-01-06,META,put,ATM,market,40.0,9,295.0,OPPORTUNITY/HINDSIGHT,09:35,09:45,09:45,10:40,10:40,11:00
2026-01-06,META,put,ATM,market,50.0,8,310.0,OPPORTUNITY/HINDSIGHT,09:35,09:45,09:45,10:40,10:40,11:00
2026-01-06,META,put,ATM,market,60.0,6,320.0,OPPORTUNITY/HINDSIGHT,09:35,09:50,09:50,10:50,10:50,11:05
2026-01-06,META,put,ATM,market,70.0,6,320.0,OPPORTUNITY/HINDSIGHT,09:35,09:50,09:50,10:50,10:50,11:05
2026-01-06,META,put,ATM,market,75.0,6,330.0,OPPORTUNITY/HINDSIGHT,09:35,10:20,10:20,10:50,10:50,11:05
2026-01-06,META,put,ATM,market,80.0,6,330.0,OPPORTUNITY/HINDSIGHT,09:35,10:20,10:20,10:50,10:50,11:05
2026-01-06,META,put,ATM,market,90.0,6,310.0,OPPORTUNITY/HINDSIGHT,09:35,10:25,10:25,11:00,11:00,11:10
2026-01-06,META,put,ATM,market,100.0,6,310.0,OPPORTUNITY/HINDSIGHT,09:35,10:25,10:25,11:00,11:00,11:10
2026-01-06,META,put,ITM,mid,20.0,10,365.0,OPPORTUNITY/HINDSIGHT,09:35,09:45,09:45,10:25,10:25,10:45
2026-01-06,META,put,ITM,mid,25.0,10,365.0,OPPORTUNITY/HINDSIGHT,09:35,09:45,09:45,10:40,10:40,10:50
2026-01-06,META,put,ITM,mid,30.0,11,340.0,OPPORTUNITY/HINDSIGHT,09:35,09:45,09:45,10:40,10:40,11:00
2026-01-06,META,put,ITM,mid,40.0,7,330.0,OPPORTUNITY/HINDSIGHT,09:35,09:45,09:45,10:45,10:45,11:00
2026-01-06,META,put,ITM,mid,50.0,5,300.0,OPPORTUNITY/HINDSIGHT,09:35,09:50,09:50,10:50,10:50,11:05
2026-01-06,META,put,ITM,mid,60.0,5,285.0,OPPORTUNITY/HINDSIGHT,09:35,10:25,10:25,11:00,11:00,11:10
2026-01-06,META,put,ITM,mid,70.0,5,295.0,OPPORTUNITY/HINDSIGHT,09:35,10:25,10:25,11:00,11:00,11:10
2026-01-06,META,put,ITM,mid,75.0,5,295.0,OPPORTUNITY/HINDSIGHT,09:35,10:25,10:25,11:00,11:00,11:10
2026-01-06,META,put,ITM,mid,80.0,4,290.0,OPPORTUNITY/HINDSIGHT,09:35,10:40,10:40,11:05,11:20,14:10
2026-01-06,META,put,ITM,mid,90.0,3,270.0,OPPORTUNITY/HINDSIGHT,09:35,10:40,10:40,11:05,11:20,14:20
2026-01-06,META,put,ITM,mid,100.0,3,245.0,OPPORTUNITY/HINDSIGHT,09:35,10:40,10:40,11:05,11:25,14:00
2026-01-06,META,put,ITM,market,20.0,10,370.0,OPPORTUNITY/HINDSIGHT,09:35,09:45,09:45,10:40,10:40,10:50
2026-01-06,META,put,ITM,market,25.0,11,340.0,OPPORTUNITY/HINDSIGHT,09:35,09:45,09:45,10:40,10:40,11:00
2026-01-06,META,put,ITM,market,30.0,7,325.0,OPPORTUNITY/HINDSIGHT,09:35,09:45,09:45,10:40,10:40,11:00
2026-01-06,META,put,ITM,market,40.0,6,325.0,OPPORTUNITY/HINDSIGHT,09:35,09:50,09:50,10:50,10:50,11:05
2026-01-06,META,put,ITM,market,50.0,5,315.0,OPPORTUNITY/HINDSIGHT,09:35,10:20,10:20,10:50,10:50,11:05
2026-01-06,META,put,ITM,market,60.0,5,290.0,OPPORTUNITY/HINDSIGHT,09:35,10:25,10:25,11:00,11:00,11:10
2026-01-06,META,put,ITM,market,70.0,5,295.0,OPPORTUNITY/HINDSIGHT,09:35,10:25,10:25,11:00,11:00,11:10
2026-01-06,META,put,ITM,market,75.0,4,295.0,OPPORTUNITY/HINDSIGHT,09:35,10:40,10:40,11:05,11:20,14:15
2026-01-06,META,put,ITM,market,80.0,3,270.0,OPPORTUNITY/HINDSIGHT,09:35,10:40,10:40,11:05,11:20,14:20
2026-01-06,META,put,ITM,market,90.0,3,245.0,OPPORTUNITY/HINDSIGHT,09:35,10:40,10:40,11:05,11:25,14:00
2026-01-06,META,put,ITM,market,100.0,3,255.0,OPPORTUNITY/HINDSIGHT,09:35,10:45,10:45,11:10,11:25,14:05
2026-01-07,META,call,ATM,mid,20.0,7,345.0,OPPORTUNITY/HINDSIGHT,09:35,09:50,09:50,09:55,09:55,11:25
2026-01-07,META,call,ATM,mid,25.0,6,340.0,OPPORTUNITY/HINDSIGHT,09:35,09:50,09:50,09:55,09:55,11:25
2026-01-07,META,call,ATM,mid,30.0,6,340.0,OPPORTUNITY/HINDSIGHT,09:35,09:50,09:50,09:55,09:55,11:25
2026-01-07,META,call,ATM,mid,40.0,5,345.0,OPPORTUNITY/HINDSIGHT,09:35,09:55,09:55,11:25,11:25,12:25
2026-01-07,META,call,ATM,mid,50.0,4,340.0,OPPORTUNITY/HINDSIGHT,09:35,09:55,09:55,11:25,11:25,12:25
2026-01-07,META,call,ATM,mid,60.0,4,340.0,OPPORTUNITY/HINDSIGHT,09:35,09:55,09:55,11:45,11:45,12:30
2026-01-07,META,call,ATM,mid,70.0,3,340.0,OPPORTUNITY/HINDSIGHT,09:35,09:55,09:55,12:25,12:25,15:15
2026-01-07,META,call,ATM,mid,75.0,3,340.0,OPPORTUNITY/HINDSIGHT,09:35,09:55,09:55,12:25,12:25,15:15
2026-01-07,META,call,ATM,mid,80.0,3,340.0,OPPORTUNITY/HINDSIGHT,09:35,11:20,11:20,12:25,12:25,15:15
2026-01-07,META,call,ATM,mid,90.0,3,340.0,OPPORTUNITY/HINDSIGHT,09:35,11:20,11:20,12:25,12:25,15:15
2026-01-07,META,call,ATM,mid,100.0,3,345.0,OPPORTUNITY/HINDSIGHT,09:35,11:20,11:20,12:25,12:25,15:20
2026-01-07,META,call,ATM,market,20.0,6,340.0,OPPORTUNITY/HINDSIGHT,09:35,09:50,09:50,09:55,09:55,11:25
2026-01-07,META,call,ATM,market,25.0,6,340.0,OPPORTUNITY/HINDSIGHT,09:35,09:50,09:50,09:55,09:55,11:25
2026-01-07,META,call,ATM,market,30.0,5,340.0,OPPORTUNITY/HINDSIGHT,09:35,09:55,09:55,11:25,11:25,12:25
2026-01-07,META,call,ATM,market,40.0,4,340.0,OPPORTUNITY/HINDSIGHT,09:35,09:55,09:55,11:25,11:25,12:25
2026-01-07,META,call,ATM,market,50.0,4,340.0,OPPORTUNITY/HINDSIGHT,09:35,09:55,09:55,11:45,11:45,12:30
2026-01-07,META,call,ATM,market,60.0,3,340.0,OPPORTUNITY/HINDSIGHT,09:35,09:55,09:55,12:25,12:25,15:15
2026-01-07,META,call,ATM,market,70.0,3,340.0,OPPORTUNITY/HINDSIGHT,09:35,09:55,09:55,12:25,12:25,15:15
2026-01-07,META,call,ATM,market,75.0,3,340.0,OPPORTUNITY/HINDSIGHT,09:35,11:20,11:20,12:25,12:25,15:15
2026-01-07,META,call,ATM,market,80.0,3,340.0,OPPORTUNITY/HINDSIGHT,09:35,11:20,11:20,12:25,12:25,15:15
2026-01-07,META,call,ATM,market,90.0,3,345.0,OPPORTUNITY/HINDSIGHT,09:35,11:20,11:20,12:25,12:25,15:20
2026-01-07,META,call,ATM,market,100.0,3,330.0,OPPORTUNITY/HINDSIGHT,09:35,11:25,11:25,13:25,13:30,15:10
2026-01-07,META,call,ITM,mid,20.0,5,330.0,OPPORTUNITY/HINDSIGHT,09:45,09:55,09:55,11:25,11:25,12:25
2026-01-07,META,call,ITM,mid,25.0,5,330.0,OPPORTUNITY/HINDSIGHT,09:45,09:55,09:55,11:25,11:25,12:25
2026-01-07,META,call,ITM,mid,30.0,5,330.0,OPPORTUNITY/HINDSIGHT,09:45,09:55,09:55,11:25,11:25,12:25
2026-01-07,META,call,ITM,mid,40.0,4,325.0,OPPORTUNITY/HINDSIGHT,09:45,09:55,09:55,11:45,11:45,12:30
2026-01-07,META,call,ITM,mid,50.0,3,325.0,OPPORTUNITY/HINDSIGHT,09:45,09:55,09:55,12:25,12:25,15:10
2026-01-07,META,call,ITM,mid,60.0,3,330.0,OPPORTUNITY/HINDSIGHT,09:45,11:20,11:20,12:25,12:25,15:15
2026-01-07,META,call,ITM,mid,70.0,3,330.0,OPPORTUNITY/HINDSIGHT,09:45,11:20,11:20,12:25,12:25,15:15
2026-01-07,META,call,ITM,mid,75.0,3,330.0,OPPORTUNITY/HINDSIGHT,09:45,11:20,11:20,12:25,12:25,15:15
2026-01-07,META,call,ITM,mid,80.0,3,335.0,OPPORTUNITY/HINDSIGHT,09:45,11:20,11:20,12:25,12:25,15:20
2026-01-07,META,call,ITM,mid,90.0,2,325.0,OPPORTUNITY/HINDSIGHT,09:45,11:25,11:25,15:10,,
2026-01-07,META,call,ITM,mid,100.0,2,325.0,OPPORTUNITY/HINDSIGHT,09:45,11:25,11:25,15:10,,
2026-01-07,META,call,ITM,market,20.0,5,330.0,OPPORTUNITY/HINDSIGHT,09:45,09:55,09:55,11:25,11:25,12:25
2026-01-07,META,call,ITM,market,25.0,5,330.0,OPPORTUNITY/HINDSIGHT,09:45,09:55,09:55,11:25,11:25,12:25
2026-01-07,META,call,ITM,market,30.0,4,325.0,OPPORTUNITY/HINDSIGHT,09:45,09:55,09:55,11:25,11:25,12:25
2026-01-07,META,call,ITM,market,40.0,4,330.0,OPPORTUNITY/HINDSIGHT,09:45,09:55,09:55,11:45,11:45,12:30
2026-01-07,META,call,ITM,market,50.0,3,330.0,OPPORTUNITY/HINDSIGHT,09:45,09:55,09:55,12:25,12:25,15:15
2026-01-07,META,call,ITM,market,60.0,3,330.0,OPPORTUNITY/HINDSIGHT,09:45,11:20,11:20,12:25,12:25,15:15
2026-01-07,META,call,ITM,market,70.0,3,330.0,OPPORTUNITY/HINDSIGHT,09:45,11:20,11:20,12:25,12:25,15:15
2026-01-07,META,call,ITM,market,75.0,3,335.0,OPPORTUNITY/HINDSIGHT,09:45,11:20,11:20,12:25,12:25,15:20
2026-01-07,META,call,ITM,market,80.0,2,325.0,OPPORTUNITY/HINDSIGHT,09:45,11:25,11:25,15:10,,
2026-01-07,META,call,ITM,market,90.0,2,325.0,OPPORTUNITY/HINDSIGHT,09:45,11:25,11:25,15:10,,
2026-01-07,META,call,ITM,market,100.0,2,330.0,OPPORTUNITY/HINDSIGHT,09:45,11:25,11:25,15:15,,
2026-01-07,META,call,OTM1,mid,20.0,7,335.0,OPPORTUNITY/HINDSIGHT,09:35,09:50,09:50,09:55,09:55,11:25
2026-01-07,META,call,OTM1,mid,25.0,7,335.0,OPPORTUNITY/HINDSIGHT,09:35,09:50,09:50,09:55,09:55,11:25
2026-01-07,META,call,OTM1,mid,30.0,9,320.0,OPPORTUNITY/HINDSIGHT,09:35,09:50,09:50,09:55,09:55,11:25
2026-01-07,META,call,OTM1,mid,40.0,9,320.0,OPPORTUNITY/HINDSIGHT,09:35,09:50,09:50,09:55,09:55,11:25
2026-01-07,META,call,OTM1,mid,50.0,8,315.0,OPPORTUNITY/HINDSIGHT,09:35,09:55,09:55,11:25,11:25,12:25
2026-01-07,META,call,OTM1,mid,60.0,6,325.0,OPPORTUNITY/HINDSIGHT,09:35,09:55,09:55,11:25,11:25,12:25
2026-01-07,META,call,OTM1,mid,70.0,6,325.0,OPPORTUNITY/HINDSIGHT,09:35,09:55,09:55,11:45,11:45,12:25
2026-01-07,META,call,OTM1,mid,75.0,7,315.0,OPPORTUNITY/HINDSIGHT,09:35,09:55,09:55,11:45,11:45,12:30
2026-01-07,META,call,OTM1,mid,80.0,6,310.0,OPPORTUNITY/HINDSIGHT,09:35,09:55,09:55,12:25,12:35,12:50
2026-01-07,META,call,OTM1,mid,90.0,5,315.0,OPPORTUNITY/HINDSIGHT,09:35,09:55,09:55,12:25,12:35,12:55
2026-01-07,META,call,OTM1,mid,100.0,5,315.0,OPPORTUNITY/HINDSIGHT,09:35,09:55,09:55,12:25,12:35,12:55
2026-01-07,META,call,OTM1,market,20.0,7,335.0,OPPORTUNITY/HINDSIGHT,09:35,09:50,09:50,09:55,09:55,11:25
2026-01-07,META,call,OTM1,market,25.0,9,320.0,OPPORTUNITY/HINDSIGHT,09:35,09:50,09:50,09:55,09:55,11:25
2026-01-07,META,call,OTM1,market,30.0,9,320.0,OPPORTUNITY/HINDSIGHT,09:35,09:50,09:50,09:55,09:55,11:25
2026-01-07,META,call,OTM1,market,40.0,8,320.0,OPPORTUNITY/HINDSIGHT,09:35,09:55,09:55,11:25,11:25,12:25
2026-01-07,META,call,OTM1,market,50.0,6,325.0,OPPORTUNITY/HINDSIGHT,09:35,09:55,09:55,11:25,11:25,12:25
2026-01-07,META,call,OTM1,market,60.0,6,325.0,OPPORTUNITY/HINDSIGHT,09:35,09:55,09:55,11:45,11:45,12:25
2026-01-07,META,call,OTM1,market,70.0,6,310.0,OPPORTUNITY/HINDSIGHT,09:35,09:55,09:55,12:25,12:35,12:50
2026-01-07,META,call,OTM1,market,75.0,6,310.0,OPPORTUNITY/HINDSIGHT,09:35,09:55,09:55,12:25,12:35,12:50
2026-01-07,META,call,OTM1,market,80.0,6,315.0,OPPORTUNITY/HINDSIGHT,09:35,09:55,09:55,12:25,12:35,12:55
2026-01-07,META,call,OTM1,market,90.0,5,315.0,OPPORTUNITY/HINDSIGHT,09:35,09:55,09:55,12:25,12:35,12:55
2026-01-07,META,call,OTM1,market,100.0,5,315.0,OPPORTUNITY/HINDSIGHT,09:35,09:55,09:55,12:25,12:35,12:55
2026-01-07,META,call,OTM2+,mid,20.0,8,290.0,OPPORTUNITY/HINDSIGHT,09:35,09:45,09:45,09:50,09:50,09:55
2026-01-07,META,call,OTM2+,mid,25.0,7,290.0,OPPORTUNITY/HINDSIGHT,09:35,09:50,09:50,09:55,09:55,11:25
2026-01-07,META,call,OTM2+,mid,30.0,7,290.0,OPPORTUNITY/HINDSIGHT,09:35,09:50,09:50,09:55,09:55,11:25
2026-01-07,META,call,OTM2+,mid,40.0,7,290.0,OPPORTUNITY/HINDSIGHT,09:35,09:50,09:50,09:55,09:55,11:25
2026-01-07,META,call,OTM2+,mid,50.0,7,290.0,OPPORTUNITY/HINDSIGHT,09:35,09:50,09:50,09:55,09:55,11:25
2026-01-07,META,call,OTM2+,mid,60.0,7,290.0,OPPORTUNITY/HINDSIGHT,09:35,09:50,09:50,09:55,09:55,11:25
2026-01-07,META,call,OTM2+,mid,70.0,7,290.0,OPPORTUNITY/HINDSIGHT,09:35,09:50,09:50,09:55,09:55,11:45
2026-01-07,META,call,OTM2+,mid,75.0,6,290.0,OPPORTUNITY/HINDSIGHT,09:35,09:55,09:55,11:45,11:45,12:25
2026-01-07,META,call,OTM2+,mid,80.0,5,290.0,OPPORTUNITY/HINDSIGHT,09:35,09:55,09:55,12:25,12:35,12:50
2026-01-07,META,call,OTM2+,mid,90.0,5,290.0,OPPORTUNITY/HINDSIGHT,09:35,09:55,09:55,12:25,12:35,12:50
2026-01-07,META,call,OTM2+,mid,100.0,5,290.0,OPPORTUNITY/HINDSIGHT,09:35,09:55,09:55,12:25,12:35,12:50
2026-01-07,META,call,OTM2+,market,20.0,7,290.0,OPPORTUNITY/HINDSIGHT,09:35,09:50,09:50,09:55,09:55,11:25
2026-01-07,META,call,OTM2+,market,25.0,7,290.0,OPPORTUNITY/HINDSIGHT,09:35,09:50,09:50,09:55,09:55,11:25
2026-01-07,META,call,OTM2+,market,30.0,7,290.0,OPPORTUNITY/HINDSIGHT,09:35,09:50,09:50,09:55,09:55,11:25
2026-01-07,META,call,OTM2+,market,40.0,7,290.0,OPPORTUNITY/HINDSIGHT,09:35,09:50,09:50,09:55,09:55,11:25
2026-01-07,META,call,OTM2+,market,50.0,7,290.0,OPPORTUNITY/HINDSIGHT,09:35,09:50,09:50,09:55,09:55,11:25
2026-01-07,META,call,OTM2+,market,60.0,7,290.0,OPPORTUNITY/HINDSIGHT,09:35,09:50,09:50,09:55,09:55,11:45
2026-01-07,META,call,OTM2+,market,70.0,6,290.0,OPPORTUNITY/HINDSIGHT,09:35,09:55,09:55,11:45,11:45,12:25
2026-01-07,META,call,OTM2+,market,75.0,5,290.0,OPPORTUNITY/HINDSIGHT,09:35,09:55,09:55,12:25,12:35,12:50
2026-01-07,META,call,OTM2+,market,80.0,5,290.0,OPPORTUNITY/HINDSIGHT,09:35,09:55,09:55,12:25,12:35,12:50
2026-01-07,META,call,OTM2+,market,90.0,5,290.0,OPPORTUNITY/HINDSIGHT,09:35,09:55,09:55,12:25,12:35,12:50
2026-01-07,META,call,OTM2+,market,100.0,5,290.0,OPPORTUNITY/HINDSIGHT,09:35,09:55,09:55,12:25,12:35,12:50
2026-01-07,META,put,ATM,mid,20.0,9,245.0,OPPORTUNITY/HINDSIGHT,09:35,10:20,11:05,11:10,11:20,11:55
2026-01-07,META,put,ATM,mid,25.0,9,245.0,OPPORTUNITY/HINDSIGHT,09:35,10:20,11:05,11:10,11:20,11:55
2026-01-07,META,put,ATM,mid,30.0,8,240.0,OPPORTUNITY/HINDSIGHT,09:35,10:20,11:20,11:55,12:05,13:50
2026-01-07,META,put,ATM,mid,40.0,6,250.0,OPPORTUNITY/HINDSIGHT,09:35,10:20,11:20,13:55,14:00,14:10
2026-01-07,META,put,ATM,mid,50.0,5,250.0,OPPORTUNITY/HINDSIGHT,09:35,10:20,11:20,13:55,14:00,14:10
2026-01-07,META,put,ATM,mid,60.0,6,225.0,OPPORTUNITY/HINDSIGHT,09:45,10:20,11:25,11:55,12:05,13:55
2026-01-07,META,put,ATM,mid,70.0,6,215.0,OPPORTUNITY/HINDSIGHT,09:50,10:20,11:25,11:55,12:05,13:55
2026-01-07,META,put,ATM,mid,75.0,6,215.0,OPPORTUNITY/HINDSIGHT,09:50,10:20,11:25,11:55,12:05,13:55
2026-01-07,META,put,ATM,mid,80.0,6,215.0,OPPORTUNITY/HINDSIGHT,09:50,10:20,11:25,11:55,12:05,13:55
2026-01-07,META,put,ATM,mid,90.0,5,220.0,OPPORTUNITY/HINDSIGHT,09:50,10:20,11:25,13:55,14:05,14:10
2026-01-07,META,put,ATM,mid,100.0,4,190.0,OPPORTUNITY/HINDSIGHT,09:55,10:00,11:25,13:55,14:40,14:55
2026-01-07,META,put,ATM,market,20.0,9,245.0,OPPORTUNITY/HINDSIGHT,09:35,10:20,11:05,11:10,11:20,11:55
2026-01-07,META,put,ATM,market,25.0,8,240.0,OPPORTUNITY/HINDSIGHT,09:35,10:20,11:20,11:55,12:05,13:50
2026-01-07,META,put,ATM,market,30.0,6,250.0,OPPORTUNITY/HINDSIGHT,09:35,10:20,11:20,13:55,14:00,14:10
2026-01-07,META,put,ATM,market,40.0,5,250.0,OPPORTUNITY/HINDSIGHT,09:35,10:20,11:20,13:55,14:00,14:10
2026-01-07,META,put,ATM,market,50.0,5,250.0,OPPORTUNITY/HINDSIGHT,09:35,10:20,11:20,13:55,14:00,14:10
2026-01-07,META,put,ATM,market,60.0,6,215.0,OPPORTUNITY/HINDSIGHT,09:50,10:20,11:25,11:55,12:05,13:55
2026-01-07,META,put,ATM,market,70.0,6,215.0,OPPORTUNITY/HINDSIGHT,09:50,10:20,11:25,11:55,12:05,13:55
2026-01-07,META,put,ATM,market,75.0,6,210.0,OPPORTUNITY/HINDSIGHT,09:50,10:20,11:25,11:55,12:05,13:55
2026-01-07,META,put,ATM,market,80.0,6,205.0,OPPORTUNITY/HINDSIGHT,09:50,10:20,11:25,12:00,12:15,13:55
2026-01-07,META,put,ATM,market,90.0,5,195.0,OPPORTUNITY/HINDSIGHT,09:55,10:00,11:25,13:55,14:05,14:10
2026-01-07,META,put,ATM,market,100.0,4,185.0,OPPORTUNITY/HINDSIGHT,09:55,10:00,11:25,13:55,14:40,14:55
2026-01-07,META,put,OTM1,mid,20.0,9,215.0,OPPORTUNITY/HINDSIGHT,09:45,10:00,10:10,10:15,11:05,11:10
2026-01-07,META,put,OTM1,mid,25.0,9,215.0,OPPORTUNITY/HINDSIGHT,09:45,10:00,10:10,10:15,11:05,11:10
2026-01-07,META,put,OTM1,mid,30.0,10,210.0,OPPORTUNITY/HINDSIGHT,09:45,10:00,10:10,10:15,11:05,11:10
2026-01-07,META,put,OTM1,mid,40.0,8,220.0,OPPORTUNITY/HINDSIGHT,09:45,10:05,10:10,10:20,11:20,11:55
2026-01-07,META,put,OTM1,mid,50.0,5,225.0,OPPORTUNITY/HINDSIGHT,09:45,10:20,11:20,13:55,14:00,14:10
2026-01-07,META,put,OTM1,mid,60.0,6,215.0,OPPORTUNITY/HINDSIGHT,09:45,10:20,11:25,11:30,11:35,13:55
2026-01-07,META,put,OTM1,mid,70.0,7,200.0,OPPORTUNITY/HINDSIGHT,09:45,10:20,11:25,11:30,11:40,11:55
2026-01-07,META,put,OTM1,mid,75.0,7,200.0,OPPORTUNITY/HINDSIGHT,09:45,10:20,11:25,11:30,11:40,11:55
2026-01-07,META,put,OTM1,mid,80.0,7,200.0,OPPORTUNITY/HINDSIGHT,09:45,10:20,11:25,11:30,11:40,11:55
2026-01-07,META,put,OTM1,mid,90.0,6,205.0,OPPORTUNITY/HINDSIGHT,09:50,10:20,11:25,11:55,12:05,13:55
2026-01-07,META,put,OTM1,mid,100.0,6,210.0,OPPORTUNITY/HINDSIGHT,09:50,10:20,11:25,11:55,12:05,13:55
2026-01-07,META,put,OTM1,market,20.0,9,215.0,OPPORTUNITY/HINDSIGHT,09:45,10:00,10:10,10:15,11:05,11:10
2026-01-07,META,put,OTM1,market,25.0,10,210.0,OPPORTUNITY/HINDSIGHT,09:45,10:00,10:10,10:15,11:05,11:10
2026-01-07,META,put,OTM1,market,30.0,9,220.0,OPPORTUNITY/HINDSIGHT,09:45,10:05,10:10,10:15,11:05,11:10
2026-01-07,META,put,OTM1,market,40.0,5,235.0,OPPORTUNITY/HINDSIGHT,09:45,10:20,11:20,13:55,14:00,14:10
2026-01-07,META,put,OTM1,market,50.0,6,215.0,OPPORTUNITY/HINDSIGHT,09:45,10:20,11:25,11:30,11:35,13:55
2026-01-07,META,put,OTM1,market,60.0,7,200.0,OPPORTUNITY/HINDSIGHT,09:45,10:20,11:25,11:30,11:40,11:55
2026-01-07,META,put,OTM1,market,70.0,7,200.0,OPPORTUNITY/HINDSIGHT,09:45,10:20,11:25,11:30,11:40,11:55
2026-01-07,META,put,OTM1,market,75.0,7,205.0,OPPORTUNITY/HINDSIGHT,09:45,10:20,11:25,11:30,11:40,12:00
2026-01-07,META,put,OTM1,market,80.0,6,210.0,OPPORTUNITY/HINDSIGHT,09:45,10:20,11:25,11:55,12:05,13:55
2026-01-07,META,put,OTM1,market,90.0,6,210.0,OPPORTUNITY/HINDSIGHT,09:50,10:20,11:25,11:55,12:05,13:55
2026-01-07,META,put,OTM1,market,100.0,6,210.0,OPPORTUNITY/HINDSIGHT,09:50,10:20,11:25,11:55,12:05,13:55
2026-01-07,META,put,OTM2+,mid,20.0,5,150.0,OPPORTUNITY/HINDSIGHT,11:20,11:55,12:05,12:10,12:15,13:50
2026-01-07,META,put,OTM2+,mid,25.0,5,150.0,OPPORTUNITY/HINDSIGHT,11:20,11:55,12:05,12:10,12:15,13:50
2026-01-07,META,put,OTM2+,mid,30.0,5,150.0,OPPORTUNITY/HINDSIGHT,11:20,11:55,12:05,12:10,12:15,13:50
2026-01-07,META,put,OTM2+,mid,40.0,5,150.0,OPPORTUNITY/HINDSIGHT,11:20,11:55,12:05,12:10,12:15,13:50
2026-01-07,META,put,OTM2+,mid,50.0,3,155.0,OPPORTUNITY/HINDSIGHT,11:20,12:00,12:05,13:55,14:05,14:10
2026-01-07,META,put,OTM2+,mid,60.0,4,140.0,OPPORTUNITY/HINDSIGHT,11:25,11:30,11:35,11:55,12:05,13:55
2026-01-07,META,put,OTM2+,mid,70.0,4,145.0,OPPORTUNITY/HINDSIGHT,11:25,11:30,11:35,12:00,12:05,13:55
2026-01-07,META,put,OTM2+,mid,75.0,4,135.0,OPPORTUNITY/HINDSIGHT,11:25,11:30,11:40,11:55,12:05,13:55
2026-01-07,META,put,OTM2+,mid,80.0,4,135.0,OPPORTUNITY/HINDSIGHT,11:25,11:30,11:40,11:55,12:05,13:55
2026-01-07,META,put,OTM2+,mid,90.0,4,125.0,OPPORTUNITY/HINDSIGHT,11:25,11:30,11:40,11:55,12:15,13:55
2026-01-07,META,put,OTM2+,mid,100.0,4,125.0,OPPORTUNITY/HINDSIGHT,11:25,11:30,11:40,11:55,12:15,13:55
2026-01-07,META,put,OTM2+,market,20.0,5,150.0,OPPORTUNITY/HINDSIGHT,11:20,11:55,12:05,12:10,12:15,13:50
2026-01-07,META,put,OTM2+,market,25.0,5,150.0,OPPORTUNITY/HINDSIGHT,11:20,11:55,12:05,12:10,12:15,13:50
2026-01-07,META,put,OTM2+,market,30.0,5,150.0,OPPORTUNITY/HINDSIGHT,11:20,11:55,12:05,12:10,12:15,13:50
2026-01-07,META,put,OTM2+,market,40.0,5,150.0,OPPORTUNITY/HINDSIGHT,11:20,11:55,12:05,12:10,12:15,13:50
2026-01-07,META,put,OTM2+,market,50.0,4,140.0,OPPORTUNITY/HINDSIGHT,11:25,11:30,11:35,11:55,12:05,13:55
2026-01-07,META,put,OTM2+,market,60.0,4,145.0,OPPORTUNITY/HINDSIGHT,11:25,11:30,11:35,12:00,12:05,13:55
2026-01-07,META,put,OTM2+,market,70.0,4,135.0,OPPORTUNITY/HINDSIGHT,11:25,11:30,11:40,11:55,12:05,13:55
2026-01-07,META,put,OTM2+,market,75.0,4,135.0,OPPORTUNITY/HINDSIGHT,11:25,11:30,11:40,11:55,12:05,13:55
2026-01-07,META,put,OTM2+,market,80.0,4,125.0,OPPORTUNITY/HINDSIGHT,11:25,11:30,11:40,11:55,12:15,13:55
2026-01-07,META,put,OTM2+,market,90.0,4,125.0,OPPORTUNITY/HINDSIGHT,11:25,11:30,11:40,11:55,12:15,13:55
2026-01-07,META,put,OTM2+,market,100.0,4,125.0,OPPORTUNITY/HINDSIGHT,11:25,11:30,11:40,11:55,12:15,13:55
2026-01-07,META,put,ITM,mid,20.0,7,250.0,OPPORTUNITY/HINDSIGHT,09:35,10:20,11:20,11:55,11:55,13:55
2026-01-07,META,put,ITM,mid,25.0,5,240.0,OPPORTUNITY/HINDSIGHT,09:35,10:20,11:20,13:50,14:00,14:10
2026-01-07,META,put,ITM,mid,30.0,5,250.0,OPPORTUNITY/HINDSIGHT,09:35,10:20,11:20,13:55,14:00,14:10
2026-01-07,META,put,ITM,mid,40.0,5,250.0,OPPORTUNITY/HINDSIGHT,09:35,10:20,11:20,13:55,14:00,14:10
2026-01-07,META,put,ITM,mid,50.0,4,185.0,OPPORTUNITY/HINDSIGHT,09:50,10:20,11:25,11:55,12:05,13:55
2026-01-07,META,put,ITM,mid,60.0,2,175.0,OPPORTUNITY/HINDSIGHT,09:50,10:20,11:25,13:50,,
2026-01-07,META,put,ITM,mid,70.0,2,155.0,OPPORTUNITY/HINDSIGHT,09:55,10:00,11:25,13:55,,
2026-01-07,META,put,ITM,mid,75.0,2,155.0,OPPORTUNITY/HINDSIGHT,09:55,10:00,11:25,13:55,,
2026-01-07,META,put,ITM,mid,80.0,2,155.0,OPPORTUNITY/HINDSIGHT,09:55,10:00,11:25,13:55,,
2026-01-07,META,put,ITM,mid,90.0,2,140.0,OPPORTUNITY/HINDSIGHT,09:55,10:05,11:45,13:55,,
2026-01-07,META,put,ITM,mid,100.0,2,155.0,OPPORTUNITY/HINDSIGHT,09:55,10:20,11:45,13:55,,
2026-01-07,META,put,ITM,market,20.0,5,240.0,OPPORTUNITY/HINDSIGHT,09:35,10:20,11:20,13:50,14:00,14:10
2026-01-07,META,put,ITM,market,25.0,5,250.0,OPPORTUNITY/HINDSIGHT,09:35,10:20,11:20,13:55,14:00,14:10
2026-01-07,META,put,ITM,market,30.0,5,250.0,OPPORTUNITY/HINDSIGHT,09:35,10:20,11:20,13:55,14:00,14:10
2026-01-07,META,put,ITM,market,40.0,6,215.0,OPPORTUNITY/HINDSIGHT,09:50,10:20,11:25,11:55,12:05,13:55
2026-01-07,META,put,ITM,market,50.0,4,190.0,OPPORTUNITY/HINDSIGHT,09:50,10:20,11:25,12:00,12:05,13:55
2026-01-07,META,put,ITM,market,60.0,2,155.0,OPPORTUNITY/HINDSIGHT,09:55,10:00,11:25,13:55,,
2026-01-07,META,put,ITM,market,70.0,2,155.0,OPPORTUNITY/HINDSIGHT,09:55,10:00,11:25,13:55,,
2026-01-07,META,put,ITM,market,75.0,2,135.0,OPPORTUNITY/HINDSIGHT,09:55,10:00,11:45,13:55,,
2026-01-07,META,put,ITM,market,80.0,2,140.0,OPPORTUNITY/HINDSIGHT,09:55,10:05,11:45,13:55,,
2026-01-07,META,put,ITM,market,90.0,2,155.0,OPPORTUNITY/HINDSIGHT,09:55,10:20,11:45,13:55,,
2026-01-07,META,put,ITM,market,100.0,2,110.0,OPPORTUNITY/HINDSIGHT,09:55,10:20,12:25,13:50,,
2026-01-08,META,call,ITM,mid,20.0,6,345.0,OPPORTUNITY/HINDSIGHT,09:35,09:50,09:50,09:55,09:55,11:15
2026-01-08,META,call,ITM,mid,25.0,4,345.0,OPPORTUNITY/HINDSIGHT,09:35,09:55,09:55,11:15,11:35,11:45
2026-01-08,META,call,ITM,mid,30.0,4,345.0,OPPORTUNITY/HINDSIGHT,09:35,09:55,09:55,11:15,11:35,11:45
2026-01-08,META,call,ITM,mid,40.0,4,345.0,OPPORTUNITY/HINDSIGHT,09:35,09:55,09:55,11:15,11:35,11:45
2026-01-08,META,call,ITM,mid,50.0,4,325.0,OPPORTUNITY/HINDSIGHT,09:35,09:55,10:00,11:10,11:35,12:45
2026-01-08,META,call,ITM,mid,60.0,4,310.0,OPPORTUNITY/HINDSIGHT,09:35,11:10,11:35,12:45,13:00,15:15
2026-01-08,META,call,ITM,mid,70.0,3,325.0,OPPORTUNITY/HINDSIGHT,09:35,11:10,11:35,15:15,15:30,15:40
2026-01-08,META,call,ITM,mid,75.0,2,340.0,OPPORTUNITY/HINDSIGHT,09:35,11:10,11:35,15:40,,
2026-01-08,META,call,ITM,mid,80.0,2,340.0,OPPORTUNITY/HINDSIGHT,09:35,11:10,11:35,15:40,,
2026-01-08,META,call,ITM,mid,90.0,2,345.0,OPPORTUNITY/HINDSIGHT,09:35,11:15,11:35,15:40,,
2026-01-08,META,call,ITM,mid,100.0,2,345.0,OPPORTUNITY/HINDSIGHT,09:35,11:15,11:35,15:40,,
2026-01-08,META,call,ITM,market,20.0,4,345.0,OPPORTUNITY/HINDSIGHT,09:35,09:55,09:55,11:15,11:35,11:45
2026-01-08,META,call,ITM,market,25.0,4,345.0,OPPORTUNITY/HINDSIGHT,09:35,09:55,09:55,11:15,11:35,11:45
2026-01-08,META,call,ITM,market,30.0,4,345.0,OPPORTUNITY/HINDSIGHT,09:35,09:55,09:55,11:15,11:35,11:45
2026-01-08,META,call,ITM,market,40.0,4,325.0,OPPORTUNITY/HINDSIGHT,09:35,09:55,10:00,11:10,11:35,12:45
2026-01-08,META,call,ITM,market,50.0,5,305.0,OPPORTUNITY/HINDSIGHT,09:35,09:55,10:00,11:10,11:35,12:45
2026-01-08,META,call,ITM,market,60.0,3,325.0,OPPORTUNITY/HINDSIGHT,09:35,11:10,11:35,15:15,15:30,15:40
2026-01-08,META,call,ITM,market,70.0,2,340.0,OPPORTUNITY/HINDSIGHT,09:35,11:10,11:35,15:40,,
2026-01-08,META,call,ITM,market,75.0,2,340.0,OPPORTUNITY/HINDSIGHT,09:35,11:10,11:35,15:40,,
2026-01-08,META,call,ITM,market,80.0,2,345.0,OPPORTUNITY/HINDSIGHT,09:35,11:15,11:35,15:40,,
2026-01-08,META,call,ITM,market,90.0,2,345.0,OPPORTUNITY/HINDSIGHT,09:35,11:15,11:35,15:40,,
2026-01-08,META,call,ITM,market,100.0,2,320.0,OPPORTUNITY/HINDSIGHT,09:35,11:15,12:00,15:40,,
2026-01-08,META,call,ATM,mid,20.0,7,345.0,OPPORTUNITY/HINDSIGHT,09:35,09:50,09:50,09:55,09:55,11:10
2026-01-08,META,call,ATM,mid,25.0,6,345.0,OPPORTUNITY/HINDSIGHT,09:35,09:50,09:50,09:55,09:55,11:15
2026-01-08,META,call,ATM,mid,30.0,6,340.0,OPPORTUNITY/HINDSIGHT,09:35,09:50,09:50,09:55,09:55,11:15
2026-01-08,META,call,ATM,mid,40.0,6,325.0,OPPORTUNITY/HINDSIGHT,09:35,09:55,09:55,11:15,11:35,11:45
2026-01-08,META,call,ATM,mid,50.0,6,325.0,OPPORTUNITY/HINDSIGHT,09:35,09:55,09:55,11:15,11:35,11:45
2026-01-08,META,call,ATM,mid,60.0,7,305.0,OPPORTUNITY/HINDSIGHT,09:35,09:55,10:00,11:10,11:35,11:45
2026-01-08,META,call,ATM,mid,70.0,4,320.0,OPPORTUNITY/HINDSIGHT,09:35,09:55,10:00,11:10,11:35,12:45
2026-01-08,META,call,ATM,mid,75.0,4,320.0,OPPORTUNITY/HINDSIGHT,09:35,09:55,10:00,11:10,11:35,12:45
2026-01-08,META,call,ATM,mid,80.0,4,325.0,OPPORTUNITY/HINDSIGHT,09:35,09:55,10:00,11:15,11:35,12:45
2026-01-08,META,call,ATM,mid,90.0,2,340.0,OPPORTUNITY/HINDSIGHT,09:35,11:10,11:35,15:40,,
2026-01-08,META,call,ATM,mid,100.0,2,340.0,OPPORTUNITY/HINDSIGHT,09:35,11:10,11:35,15:40,,
2026-01-08,META,call,ATM,market,20.0,6,345.0,OPPORTUNITY/HINDSIGHT,09:35,09:50,09:50,09:55,09:55,11:15
2026-01-08,META,call,ATM,market,25.0,6,340.0,OPPORTUNITY/HINDSIGHT,09:35,09:50,09:50,09:55,09:55,11:15
2026-01-08,META,call,ATM,market,30.0,5,340.0,OPPORTUNITY/HINDSIGHT,09:35,09:55,09:55,11:15,11:35,11:45
2026-01-08,META,call,ATM,market,40.0,6,325.0,OPPORTUNITY/HINDSIGHT,09:35,09:55,09:55,11:15,11:35,11:45
2026-01-08,META,call,ATM,market,50.0,6,325.0,OPPORTUNITY/HINDSIGHT,09:35,09:55,09:55,11:15,11:35,11:45
2026-01-08,META,call,ATM,market,60.0,5,315.0,OPPORTUNITY/HINDSIGHT,09:35,09:55,10:00,11:10,11:35,11:45
2026-01-08,META,call,ATM,market,70.0,4,320.0,OPPORTUNITY/HINDSIGHT,09:35,09:55,10:00,11:10,11:35,12:45
2026-01-08,META,call,ATM,market,75.0,4,325.0,OPPORTUNITY/HINDSIGHT,09:35,09:55,10:00,11:15,11:35,12:45
2026-01-08,META,call,ATM,market,80.0,2,340.0,OPPORTUNITY/HINDSIGHT,09:35,11:10,11:35,15:40,,
2026-01-08,META,call,ATM,market,90.0,2,340.0,OPPORTUNITY/HINDSIGHT,09:35,11:10,11:35,15:40,,
2026-01-08,META,call,ATM,market,100.0,2,340.0,OPPORTUNITY/HINDSIGHT,09:35,11:10,11:35,15:40,,
2026-01-08,META,call,OTM1,mid,20.0,12,295.0,OPPORTUNITY/HINDSIGHT,09:35,09:50,09:50,09:55,09:55,11:15
2026-01-08,META,call,OTM1,mid,25.0,12,295.0,OPPORTUNITY/HINDSIGHT,09:35,09:50,09:50,09:55,09:55,11:15
2026-01-08,META,call,OTM1,mid,30.0,12,295.0,OPPORTUNITY/HINDSIGHT,09:35,09:50,09:50,09:55,09:55,11:15
2026-01-08,META,call,OTM1,mid,40.0,10,290.0,OPPORTUNITY/HINDSIGHT,09:35,09:50,09:50,09:55,09:55,11:15
2026-01-08,META,call,OTM1,mid,50.0,9,295.0,OPPORTUNITY/HINDSIGHT,09:35,09:55,09:55,11:15,11:35,11:45
2026-01-08,META,call,OTM1,mid,60.0,9,295.0,OPPORTUNITY/HINDSIGHT,09:35,09:55,09:55,11:15,11:35,11:45
2026-01-08,META,call,OTM1,mid,70.0,7,305.0,OPPORTUNITY/HINDSIGHT,09:35,09:55,09:55,11:15,11:35,11:45
2026-01-08,META,call,OTM1,mid,75.0,7,285.0,OPPORTUNITY/HINDSIGHT,09:35,09:55,10:00,11:10,11:35,11:45
2026-01-08,META,call,OTM1,mid,80.0,11,275.0,OPPORTUNITY/HINDSIGHT,09:35,09:55,10:00,11:10,11:35,11:45
2026-01-08,META,call,OTM1,mid,90.0,9,280.0,OPPORTUNITY/HINDSIGHT,09:35,09:55,10:00,11:10,11:35,11:45
2026-01-08,META,call,OTM1,mid,100.0,8,275.0,OPPORTUNITY/HINDSIGHT,09:35,09:55,10:00,11:15,11:50,12:45
2026-01-08,META,call,OTM1,market,20.0,12,295.0,OPPORTUNITY/HINDSIGHT,09:35,09:50,09:50,09:55,09:55,11:15
2026-01-08,META,call,OTM1,market,25.0,12,295.0,OPPORTUNITY/HINDSIGHT,09:35,09:50,09:50,09:55,09:55,11:15
2026-01-08,META,call,OTM1,market,30.0,11,300.0,OPPORTUNITY/HINDSIGHT,09:35,09:50,09:50,09:55,09:55,11:15
2026-01-08,META,call,OTM1,market,40.0,9,295.0,OPPORTUNITY/HINDSIGHT,09:35,09:55,09:55,11:15,11:35,11:45
2026-01-08,META,call,OTM1,market,50.0,9,295.0,OPPORTUNITY/HINDSIGHT,09:35,09:55,09:55,11:15,11:35,11:45
2026-01-08,META,call,OTM1,market,60.0,9,300.0,OPPORTUNITY/HINDSIGHT,09:35,09:55,09:55,11:15,11:35,11:45
2026-01-08,META,call,OTM1,market,70.0,7,285.0,OPPORTUNITY/HINDSIGHT,09:35,09:55,10:00,11:10,11:35,11:45
2026-01-08,META,call,OTM1,market,75.0,11,275.0,OPPORTUNITY/HINDSIGHT,09:35,09:55,10:00,11:10,11:35,11:45
2026-01-08,META,call,OTM1,market,80.0,10,280.0,OPPORTUNITY/HINDSIGHT,09:35,09:55,10:00,11:10,11:35,11:45
2026-01-08,META,call,OTM1,market,90.0,9,285.0,OPPORTUNITY/HINDSIGHT,09:35,09:55,10:00,11:15,11:35,11:45
2026-01-08,META,call,OTM1,market,100.0,7,275.0,OPPORTUNITY/HINDSIGHT,09:35,09:55,10:00,11:15,11:50,12:45
2026-01-08,META,call,OTM2+,mid,20.0,12,180.0,OPPORTUNITY/HINDSIGHT,09:35,09:50,09:50,09:55,10:05,10:25
2026-01-08,META,call,OTM2+,mid,25.0,12,180.0,OPPORTUNITY/HINDSIGHT,09:35,09:50,09:50,09:55,10:05,10:25
2026-01-08,META,call,OTM2+,mid,30.0,11,185.0,OPPORTUNITY/HINDSIGHT,09:35,09:50,09:50,09:55,10:05,10:35
2026-01-08,META,call,OTM2+,mid,40.0,11,185.0,OPPORTUNITY/HINDSIGHT,09:35,09:50,09:50,09:55,10:05,10:35
2026-01-08,META,call,OTM2+,mid,50.0,10,175.0,OPPORTUNITY/HINDSIGHT,09:35,09:50,09:50,09:55,10:05,10:35
2026-01-08,META,call,OTM2+,mid,60.0,8,220.0,OPPORTUNITY/HINDSIGHT,09:35,09:55,10:05,11:10,11:35,11:45
2026-01-08,META,call,OTM2+,mid,70.0,8,240.0,OPPORTUNITY/HINDSIGHT,09:35,09:55,10:05,11:10,11:35,11:45
2026-01-08,META,call,OTM2+,mid,75.0,8,240.0,OPPORTUNITY/HINDSIGHT,09:35,09:55,10:05,11:10,11:35,11:45
2026-01-08,META,call,OTM2+,mid,80.0,8,240.0,OPPORTUNITY/HINDSIGHT,09:35,09:55,10:05,11:10,11:35,11:45
2026-01-08,META,call,OTM2+,mid,90.0,7,215.0,OPPORTUNITY/HINDSIGHT,09:35,09:55,10:05,11:10,11:35,11:45
2026-01-08,META,call,OTM2+,mid,100.0,7,210.0,OPPORTUNITY/HINDSIGHT,09:35,09:55,10:05,11:10,11:35,11:45
2026-01-08,META,call,OTM2+,market,20.0,12,180.0,OPPORTUNITY/HINDSIGHT,09:35,09:50,09:50,09:55,10:05,10:25
2026-01-08,META,call,OTM2+,market,25.0,11,185.0,OPPORTUNITY/HINDSIGHT,09:35,09:50,09:50,09:55,10:05,10:35
2026-01-08,META,call,OTM2+,market,30.0,11,185.0,OPPORTUNITY/HINDSIGHT,09:35,09:50,09:50,09:55,10:05,10:35
2026-01-08,META,call,OTM2+,market,40.0,10,190.0,OPPORTUNITY/HINDSIGHT,09:35,09:50,09:50,09:55,10:05,10:35
2026-01-08,META,call,OTM2+,market,50.0,8,180.0,OPPORTUNITY/HINDSIGHT,09:35,09:55,10:05,10:35,11:35,11:40
2026-01-08,META,call,OTM2+,market,60.0,8,250.0,OPPORTUNITY/HINDSIGHT,09:35,09:55,10:05,11:10,11:35,11:45
2026-01-08,META,call,OTM2+,market,70.0,8,240.0,OPPORTUNITY/HINDSIGHT,09:35,09:55,10:05,11:10,11:35,11:45
2026-01-08,META,call,OTM2+,market,75.0,8,240.0,OPPORTUNITY/HINDSIGHT,09:35,09:55,10:05,11:10,11:35,11:45
2026-01-08,META,call,OTM2+,market,80.0,7,215.0,OPPORTUNITY/HINDSIGHT,09:35,09:55,10:05,11:10,11:35,11:45
2026-01-08,META,call,OTM2+,market,90.0,7,215.0,OPPORTUNITY/HINDSIGHT,09:35,09:55,10:05,11:10,11:35,11:45
2026-01-08,META,call,OTM2+,market,100.0,7,210.0,OPPORTUNITY/HINDSIGHT,09:35,09:55,10:05,11:10,11:35,11:45
2026-01-08,META,put,OTM2+,mid,20.0,3,230.0,OPPORTUNITY/HINDSIGHT,09:35,12:20,12:35,12:40,12:40,13:40
2026-01-08,META,put,OTM2+,mid,25.0,3,230.0,OPPORTUNITY/HINDSIGHT,09:35,12:20,12:35,12:40,12:40,13:40
2026-01-08,META,put,OTM2+,mid,30.0,2,230.0,OPPORTUNITY/HINDSIGHT,09:35,12:20,12:35,13:40,,
2026-01-08,META,put,OTM2+,mid,40.0,2,230.0,OPPORTUNITY/HINDSIGHT,09:35,12:20,12:35,13:40,,
2026-01-08,META,put,OTM2+,mid,50.0,2,240.0,OPPORTUNITY/HINDSIGHT,09:35,12:30,12:35,13:40,,
2026-01-08,META,put,OTM2+,mid,60.0,2,240.0,OPPORTUNITY/HINDSIGHT,09:35,12:30,12:35,13:40,,
2026-01-08,META,put,OTM2+,mid,70.0,2,240.0,OPPORTUNITY/HINDSIGHT,09:35,12:30,12:35,13:40,,
2026-01-08,META,put,OTM2+,mid,75.0,2,240.0,OPPORTUNITY/HINDSIGHT,09:35,12:30,12:35,13:40,,
2026-01-08,META,put,OTM2+,mid,80.0,2,240.0,OPPORTUNITY/HINDSIGHT,09:35,12:30,12:35,13:40,,
2026-01-08,META,put,OTM2+,mid,90.0,2,240.0,OPPORTUNITY/HINDSIGHT,09:35,12:30,12:35,13:40,,
2026-01-08,META,put,OTM2+,mid,100.0,2,240.0,OPPORTUNITY/HINDSIGHT,09:35,12:30,12:35,13:40,,
2026-01-08,META,put,OTM2+,market,20.0,3,230.0,OPPORTUNITY/HINDSIGHT,09:35,12:20,12:35,12:40,12:40,13:40
2026-01-08,META,put,OTM2+,market,25.0,2,230.0,OPPORTUNITY/HINDSIGHT,09:35,12:20,12:35,13:40,,
2026-01-08,META,put,OTM2+,market,30.0,2,230.0,OPPORTUNITY/HINDSIGHT,09:35,12:20,12:35,13:40,,
2026-01-08,META,put,OTM2+,market,40.0,2,240.0,OPPORTUNITY/HINDSIGHT,09:35,12:30,12:35,13:40,,
2026-01-08,META,put,OTM2+,market,50.0,2,240.0,OPPORTUNITY/HINDSIGHT,09:35,12:30,12:35,13:40,,
2026-01-08,META,put,OTM2+,market,60.0,2,240.0,OPPORTUNITY/HINDSIGHT,09:35,12:30,12:35,13:40,,
2026-01-08,META,put,OTM2+,market,70.0,2,240.0,OPPORTUNITY/HINDSIGHT,09:35,12:30,12:35,13:40,,
2026-01-08,META,put,OTM2+,market,75.0,2,240.0,OPPORTUNITY/HINDSIGHT,09:35,12:30,12:35,13:40,,
2026-01-08,META,put,OTM2+,market,80.0,2,240.0,OPPORTUNITY/HINDSIGHT,09:35,12:30,12:35,13:40,,
2026-01-08,META,put,OTM2+,market,90.0,2,240.0,OPPORTUNITY/HINDSIGHT,09:35,12:30,12:35,13:40,,
2026-01-08,META,put,OTM2+,market,100.0,2,240.0,OPPORTUNITY/HINDSIGHT,09:35,12:30,12:35,13:40,,
2026-01-08,META,put,OTM1,mid,20.0,5,260.0,OPPORTUNITY/HINDSIGHT,09:35,12:15,12:15,12:20,12:20,12:30
2026-01-08,META,put,OTM1,mid,25.0,4,260.0,OPPORTUNITY/HINDSIGHT,09:35,12:20,12:20,12:30,12:30,13:50
2026-01-08,META,put,OTM1,mid,30.0,4,260.0,OPPORTUNITY/HINDSIGHT,09:35,12:20,12:20,12:30,12:30,13:50
2026-01-08,META,put,OTM1,mid,40.0,4,260.0,OPPORTUNITY/HINDSIGHT,09:35,12:20,12:20,12:30,12:30,13:50
2026-01-08,META,put,OTM1,mid,50.0,4,260.0,OPPORTUNITY/HINDSIGHT,09:35,12:20,12:20,12:30,12:30,13:50
2026-01-08,META,put,OTM1,mid,60.0,3,250.0,OPPORTUNITY/HINDSIGHT,09:35,12:20,12:20,13:40,14:40,14:45
2026-01-08,META,put,OTM1,mid,70.0,3,260.0,OPPORTUNITY/HINDSIGHT,09:35,12:30,12:30,13:50,14:40,14:45
2026-01-08,META,put,OTM1,mid,75.0,3,260.0,OPPORTUNITY/HINDSIGHT,09:35,12:30,12:30,13:50,14:40,14:45
2026-01-08,META,put,OTM1,mid,80.0,2,255.0,OPPORTUNITY/HINDSIGHT,09:35,12:30,12:30,13:50,,
2026-01-08,META,put,OTM1,mid,90.0,2,255.0,OPPORTUNITY/HINDSIGHT,09:35,12:30,12:30,13:50,,
2026-01-08,META,put,OTM1,mid,100.0,2,255.0,OPPORTUNITY/HINDSIGHT,09:35,12:30,12:30,13:50,,
2026-01-08,META,put,OTM1,market,20.0,4,260.0,OPPORTUNITY/HINDSIGHT,09:35,12:20,12:20,12:30,12:30,13:50
2026-01-08,META,put,OTM1,market,25.0,4,260.0,OPPORTUNITY/HINDSIGHT,09:35,12:20,12:20,12:30,12:30,13:50
2026-01-08,META,put,OTM1,market,30.0,4,260.0,OPPORTUNITY/HINDSIGHT,09:35,12:20,12:20,12:30,12:30,13:50
2026-01-08,META,put,OTM1,market,40.0,4,260.0,OPPORTUNITY/HINDSIGHT,09:35,12:20,12:20,12:30,12:30,13:50
2026-01-08,META,put,OTM1,market,50.0,3,250.0,OPPORTUNITY/HINDSIGHT,09:35,12:20,12:20,13:40,14:40,14:45
2026-01-08,META,put,OTM1,market,60.0,3,260.0,OPPORTUNITY/HINDSIGHT,09:35,12:30,12:30,13:50,14:40,14:45
2026-01-08,META,put,OTM1,market,70.0,3,260.0,OPPORTUNITY/HINDSIGHT,09:35,12:30,12:30,13:50,14:40,14:45
2026-01-08,META,put,OTM1,market,75.0,2,255.0,OPPORTUNITY/HINDSIGHT,09:35,12:30,12:30,13:50,,
2026-01-08,META,put,OTM1,market,80.0,2,255.0,OPPORTUNITY/HINDSIGHT,09:35,12:30,12:30,13:50,,
2026-01-08,META,put,OTM1,market,90.0,2,255.0,OPPORTUNITY/HINDSIGHT,09:35,12:30,12:30,13:50,,
2026-01-08,META,put,OTM1,market,100.0,2,255.0,OPPORTUNITY/HINDSIGHT,09:35,12:30,12:30,13:50,,
2026-01-08,META,put,ATM,mid,20.0,9,295.0,OPPORTUNITY/HINDSIGHT,09:35,11:35,11:35,12:20,12:20,12:30
2026-01-08,META,put,ATM,mid,25.0,9,295.0,OPPORTUNITY/HINDSIGHT,09:35,12:15,12:15,12:20,12:20,12:30
2026-01-08,META,put,ATM,mid,30.0,8,295.0,OPPORTUNITY/HINDSIGHT,09:35,12:15,12:15,12:20,12:20,12:30
2026-01-08,META,put,ATM,mid,40.0,6,295.0,OPPORTUNITY/HINDSIGHT,09:35,12:20,12:20,13:40,13:40,13:50
2026-01-08,META,put,ATM,mid,50.0,6,285.0,OPPORTUNITY/HINDSIGHT,09:35,12:20,12:20,13:40,13:40,13:50
2026-01-08,META,put,ATM,mid,60.0,6,285.0,OPPORTUNITY/HINDSIGHT,09:35,12:20,12:20,13:40,13:40,13:50
2026-01-08,META,put,ATM,mid,70.0,4,265.0,OPPORTUNITY/HINDSIGHT,09:35,12:30,12:30,13:50,15:15,15:20
2026-01-08,META,put,ATM,mid,75.0,4,265.0,OPPORTUNITY/HINDSIGHT,09:35,12:30,12:30,13:50,15:15,15:20
2026-01-08,META,put,ATM,mid,80.0,4,265.0,OPPORTUNITY/HINDSIGHT,09:35,12:30,12:30,13:50,15:15,15:20
2026-01-08,META,put,ATM,mid,90.0,4,265.0,OPPORTUNITY/HINDSIGHT,09:35,12:30,12:30,13:50,15:15,15:20
2026-01-08,META,put,ATM,mid,100.0,4,265.0,OPPORTUNITY/HINDSIGHT,09:35,12:30,12:30,13:50,15:15,15:20
2026-01-08,META,put,ATM,market,20.0,9,295.0,OPPORTUNITY/HINDSIGHT,09:35,12:15,12:15,12:20,12:20,12:30
2026-01-08,META,put,ATM,market,25.0,8,295.0,OPPORTUNITY/HINDSIGHT,09:35,12:15,12:15,12:20,12:20,12:30
2026-01-08,META,put,ATM,market,30.0,6,295.0,OPPORTUNITY/HINDSIGHT,09:35,12:20,12:20,12:30,12:30,13:50
2026-01-08,META,put,ATM,market,40.0,6,285.0,OPPORTUNITY/HINDSIGHT,09:35,12:20,12:20,13:40,13:40,13:50
2026-01-08,META,put,ATM,market,50.0,6,290.0,OPPORTUNITY/HINDSIGHT,09:35,12:20,12:20,13:40,13:40,13:50
2026-01-08,META,put,ATM,market,60.0,5,285.0,OPPORTUNITY/HINDSIGHT,09:35,12:30,12:30,13:50,13:50,14:10
2026-01-08,META,put,ATM,market,70.0,4,265.0,OPPORTUNITY/HINDSIGHT,09:35,12:30,12:30,13:50,15:15,15:20
2026-01-08,META,put,ATM,market,75.0,4,265.0,OPPORTUNITY/HINDSIGHT,09:35,12:30,12:30,13:50,15:15,15:20
2026-01-08,META,put,ATM,market,80.0,4,265.0,OPPORTUNITY/HINDSIGHT,09:35,12:30,12:30,13:50,15:15,15:20
2026-01-08,META,put,ATM,market,90.0,4,265.0,OPPORTUNITY/HINDSIGHT,09:35,12:30,12:30,13:50,15:15,15:20
2026-01-08,META,put,ATM,market,100.0,4,265.0,OPPORTUNITY/HINDSIGHT,09:35,13:40,13:40,13:50,15:15,15:20
2026-01-08,META,put,ITM,mid,20.0,8,295.0,OPPORTUNITY/HINDSIGHT,09:35,11:35,11:35,12:20,12:20,12:30
2026-01-08,META,put,ITM,mid,25.0,5,290.0,OPPORTUNITY/HINDSIGHT,09:35,12:15,12:15,12:30,12:30,13:50
2026-01-08,META,put,ITM,mid,30.0,6,285.0,OPPORTUNITY/HINDSIGHT,09:35,12:15,12:15,12:30,12:30,13:50
2026-01-08,META,put,ITM,mid,40.0,5,265.0,OPPORTUNITY/HINDSIGHT,09:35,12:20,12:20,13:40,13:40,13:50
2026-01-08,META,put,ITM,mid,50.0,5,265.0,OPPORTUNITY/HINDSIGHT,09:35,12:20,12:20,13:40,13:40,13:50
2026-01-08,META,put,ITM,mid,60.0,3,270.0,OPPORTUNITY/HINDSIGHT,09:35,12:30,12:30,13:50,15:15,15:30
2026-01-08,META,put,ITM,mid,70.0,3,270.0,OPPORTUNITY/HINDSIGHT,09:35,12:30,12:30,13:50,15:15,15:30
2026-01-08,META,put,ITM,mid,75.0,3,275.0,OPPORTUNITY/HINDSIGHT,09:35,12:30,12:30,13:55,15:15,15:30
2026-01-08,META,put,ITM,mid,80.0,3,275.0,OPPORTUNITY/HINDSIGHT,09:35,13:40,13:40,13:55,15:15,15:30
2026-01-08,META,put,ITM,mid,90.0,3,275.0,OPPORTUNITY/HINDSIGHT,09:35,13:40,13:40,13:55,15:15,15:30
2026-01-08,META,put,ITM,mid,100.0,2,260.0,OPPORTUNITY/HINDSIGHT,09:35,13:40,13:40,13:55,,
2026-01-08,META,put,ITM,market,20.0,5,290.0,OPPORTUNITY/HINDSIGHT,09:35,12:15,12:15,12:30,12:30,13:50
2026-01-08,META,put,ITM,market,25.0,6,285.0,OPPORTUNITY/HINDSIGHT,09:35,12:15,12:15,12:30,12:30,13:50
2026-01-08,META,put,ITM,market,30.0,6,285.0,OPPORTUNITY/HINDSIGHT,09:35,12:20,12:20,13:40,13:40,13:50
2026-01-08,META,put,ITM,market,40.0,5,265.0,OPPORTUNITY/HINDSIGHT,09:35,12:20,12:20,13:40,13:40,13:50
2026-01-08,META,put,ITM,market,50.0,3,270.0,OPPORTUNITY/HINDSIGHT,09:35,12:30,12:30,13:50,15:15,15:30
2026-01-08,META,put,ITM,market,60.0,3,270.0,OPPORTUNITY/HINDSIGHT,09:35,12:30,12:30,13:50,15:15,15:30
2026-01-08,META,put,ITM,market,70.0,3,275.0,OPPORTUNITY/HINDSIGHT,09:35,12:30,12:30,13:55,15:15,15:30
2026-01-08,META,put,ITM,market,75.0,3,275.0,OPPORTUNITY/HINDSIGHT,09:35,13:40,13:40,13:55,15:15,15:30
2026-01-08,META,put,ITM,market,80.0,3,275.0,OPPORTUNITY/HINDSIGHT,09:35,13:40,13:40,13:55,15:15,15:30
2026-01-08,META,put,ITM,market,90.0,2,260.0,OPPORTUNITY/HINDSIGHT,09:35,13:40,13:40,13:55,,
2026-01-08,META,put,ITM,market,100.0,1,255.0,OPPORTUNITY/HINDSIGHT,09:35,13:50,,,,
2026-01-09,META,call,ITM,mid,20.0,1,5.0,OPPORTUNITY/HINDSIGHT,09:35,09:40,,,,
2026-01-09,META,call,ITM,mid,25.0,1,5.0,OPPORTUNITY/HINDSIGHT,09:35,09:40,,,,
2026-01-09,META,call,ITM,market,20.0,1,5.0,OPPORTUNITY/HINDSIGHT,09:35,09:40,,,,
2026-01-09,META,call,ATM,mid,20.0,2,360.0,OPPORTUNITY/HINDSIGHT,09:35,09:40,09:55,15:50,,
2026-01-09,META,call,ATM,mid,25.0,2,360.0,OPPORTUNITY/HINDSIGHT,09:35,09:40,09:55,15:50,,
2026-01-09,META,call,ATM,mid,30.0,2,360.0,OPPORTUNITY/HINDSIGHT,09:35,09:40,09:55,15:50,,
2026-01-09,META,call,ATM,mid,40.0,1,355.0,OPPORTUNITY/HINDSIGHT,09:55,15:50,,,,
2026-01-09,META,call,ATM,mid,50.0,1,355.0,OPPORTUNITY/HINDSIGHT,09:55,15:50,,,,
2026-01-09,META,call,ATM,mid,60.0,1,355.0,OPPORTUNITY/HINDSIGHT,09:55,15:50,,,,
2026-01-09,META,call,ATM,mid,70.0,1,360.0,OPPORTUNITY/HINDSIGHT,09:55,15:55,,,,
2026-01-09,META,call,ATM,mid,75.0,1,350.0,OPPORTUNITY/HINDSIGHT,10:00,15:50,,,,
2026-01-09,META,call,ATM,mid,80.0,1,350.0,OPPORTUNITY/HINDSIGHT,10:00,15:50,,,,
2026-01-09,META,call,ATM,mid,90.0,1,350.0,OPPORTUNITY/HINDSIGHT,10:00,15:50,,,,
2026-01-09,META,call,ATM,mid,100.0,1,355.0,OPPORTUNITY/HINDSIGHT,10:00,15:55,,,,
2026-01-09,META,call,ATM,market,20.0,2,360.0,OPPORTUNITY/HINDSIGHT,09:35,09:40,09:55,15:50,,
2026-01-09,META,call,ATM,market,25.0,2,360.0,OPPORTUNITY/HINDSIGHT,09:35,09:40,09:55,15:50,,
2026-01-09,META,call,ATM,market,30.0,2,360.0,OPPORTUNITY/HINDSIGHT,09:35,09:40,09:55,15:50,,
2026-01-09,META,call,ATM,market,40.0,1,355.0,OPPORTUNITY/HINDSIGHT,09:55,15:50,,,,
2026-01-09,META,call,ATM,market,50.0,1,355.0,OPPORTUNITY/HINDSIGHT,09:55,15:50,,,,
2026-01-09,META,call,ATM,market,60.0,1,355.0,OPPORTUNITY/HINDSIGHT,09:55,15:50,,,,
2026-01-09,META,call,ATM,market,70.0,1,350.0,OPPORTUNITY/HINDSIGHT,10:00,15:50,,,,
2026-01-09,META,call,ATM,market,75.0,1,350.0,OPPORTUNITY/HINDSIGHT,10:00,15:50,,,,
2026-01-09,META,call,ATM,market,80.0,1,350.0,OPPORTUNITY/HINDSIGHT,10:00,15:50,,,,
2026-01-09,META,call,ATM,market,90.0,1,355.0,OPPORTUNITY/HINDSIGHT,10:00,15:55,,,,
2026-01-09,META,call,ATM,market,100.0,1,345.0,OPPORTUNITY/HINDSIGHT,10:05,15:50,,,,
2026-01-09,META,call,OTM1,mid,20.0,2,360.0,OPPORTUNITY/HINDSIGHT,09:35,09:40,09:55,15:50,,
2026-01-09,META,call,OTM1,mid,25.0,2,365.0,OPPORTUNITY/HINDSIGHT,09:35,09:40,09:55,15:55,,
2026-01-09,META,call,OTM1,mid,30.0,2,355.0,OPPORTUNITY/HINDSIGHT,09:35,09:40,10:00,15:50,,
2026-01-09,META,call,OTM1,mid,40.0,2,355.0,OPPORTUNITY/HINDSIGHT,09:35,09:40,10:00,15:50,,
2026-01-09,META,call,OTM1,mid,50.0,1,355.0,OPPORTUNITY/HINDSIGHT,10:00,15:55,,,,
2026-01-09,META,call,OTM1,mid,60.0,2,350.0,OPPORTUNITY/HINDSIGHT,10:05,10:20,10:20,15:55,,
2026-01-09,META,call,OTM1,mid,70.0,2,340.0,OPPORTUNITY/HINDSIGHT,10:05,10:20,10:25,15:50,,
2026-01-09,META,call,OTM1,mid,75.0,2,340.0,OPPORTUNITY/HINDSIGHT,10:05,10:20,10:25,15:50,,
2026-01-09,META,call,OTM1,mid,80.0,2,340.0,OPPORTUNITY/HINDSIGHT,10:05,10:20,10:25,15:50,,
2026-01-09,META,call,OTM1,mid,90.0,2,340.0,OPPORTUNITY/HINDSIGHT,10:05,10:20,10:25,15:50,,
2026-01-09,META,call,OTM1,mid,100.0,2,340.0,OPPORTUNITY/HINDSIGHT,10:05,10:20,10:25,15:50,,
2026-01-09,META,call,OTM1,market,20.0,2,365.0,OPPORTUNITY/HINDSIGHT,09:35,09:40,09:55,15:55,,
2026-01-09,META,call,OTM1,market,25.0,2,355.0,OPPORTUNITY/HINDSIGHT,09:35,09:40,10:00,15:50,,
2026-01-09,META,call,OTM1,market,30.0,2,355.0,OPPORTUNITY/HINDSIGHT,09:35,09:40,10:00,15:50,,
2026-01-09,META,call,OTM1,market,40.0,2,355.0,OPPORTUNITY/HINDSIGHT,09:35,09:40,10:00,15:50,,
2026-01-09,META,call,OTM1,market,50.0,1,355.0,OPPORTUNITY/HINDSIGHT,10:00,15:55,,,,
2026-01-09,META,call,OTM1,market,60.0,2,340.0,OPPORTUNITY/HINDSIGHT,10:05,10:20,10:25,15:50,,
2026-01-09,META,call,OTM1,market,70.0,2,340.0,OPPORTUNITY/HINDSIGHT,10:05,10:20,10:25,15:50,,
2026-01-09,META,call,OTM1,market,75.0,2,340.0,OPPORTUNITY/HINDSIGHT,10:05,10:20,10:25,15:50,,
2026-01-09,META,call,OTM1,market,80.0,2,340.0,OPPORTUNITY/HINDSIGHT,10:05,10:20,10:25,15:50,,
2026-01-09,META,call,OTM1,market,90.0,2,340.0,OPPORTUNITY/HINDSIGHT,10:05,10:20,10:25,15:50,,
2026-01-09,META,call,OTM1,market,100.0,2,340.0,OPPORTUNITY/HINDSIGHT,10:05,10:20,10:25,15:50,,
2026-01-09,META,call,OTM2+,mid,20.0,6,325.0,OPPORTUNITY/HINDSIGHT,09:35,09:40,10:05,10:20,10:25,10:30
2026-01-09,META,call,OTM2+,mid,25.0,6,325.0,OPPORTUNITY/HINDSIGHT,09:35,09:40,10:05,10:20,10:25,10:30
2026-01-09,META,call,OTM2+,mid,30.0,6,325.0,OPPORTUNITY/HINDSIGHT,09:35,09:40,10:05,10:20,10:25,10:30
2026-01-09,META,call,OTM2+,mid,40.0,5,330.0,OPPORTUNITY/HINDSIGHT,09:35,09:40,10:05,10:20,10:25,10:30
2026-01-09,META,call,OTM2+,mid,50.0,4,325.0,OPPORTUNITY/HINDSIGHT,09:35,09:40,10:05,10:20,10:35,11:10
2026-01-09,META,call,OTM2+,mid,60.0,3,335.0,OPPORTUNITY/HINDSIGHT,09:35,09:40,10:05,10:20,10:35,15:50
2026-01-09,META,call,OTM2+,mid,70.0,2,330.0,OPPORTUNITY/HINDSIGHT,10:05,10:20,10:35,15:50,,
2026-01-09,META,call,OTM2+,mid,75.0,2,330.0,OPPORTUNITY/HINDSIGHT,10:05,10:20,10:35,15:50,,
2026-01-09,META,call,OTM2+,mid,80.0,2,330.0,OPPORTUNITY/HINDSIGHT,10:05,10:20,10:35,15:50,,
2026-01-09,META,call,OTM2+,mid,90.0,2,330.0,OPPORTUNITY/HINDSIGHT,10:05,10:20,10:35,15:50,,
2026-01-09,META,call,OTM2+,mid,100.0,2,330.0,OPPORTUNITY/HINDSIGHT,10:05,10:20,10:35,15:50,,
2026-01-09,META,call,OTM2+,market,20.0,6,325.0,OPPORTUNITY/HINDSIGHT,09:35,09:40,10:05,10:20,10:25,10:30
2026-01-09,META,call,OTM2+,market,25.0,6,325.0,OPPORTUNITY/HINDSIGHT,09:35,09:40,10:05,10:20,10:25,10:30
2026-01-09,META,call,OTM2+,market,30.0,6,325.0,OPPORTUNITY/HINDSIGHT,09:35,09:40,10:05,10:20,10:25,10:30
2026-01-09,META,call,OTM2+,market,40.0,4,325.0,OPPORTUNITY/HINDSIGHT,09:35,09:40,10:05,10:20,10:35,11:10
2026-01-09,META,call,OTM2+,market,50.0,3,335.0,OPPORTUNITY/HINDSIGHT,09:35,09:40,10:05,10:20,10:35,15:50
2026-01-09,META,call,OTM2+,market,60.0,2,330.0,OPPORTUNITY/HINDSIGHT,10:05,10:20,10:35,15:50,,
2026-01-09,META,call,OTM2+,market,70.0,2,330.0,OPPORTUNITY/HINDSIGHT,10:05,10:20,10:35,15:50,,
2026-01-09,META,call,OTM2+,market,75.0,2,330.0,OPPORTUNITY/HINDSIGHT,10:05,10:20,10:35,15:50,,
2026-01-09,META,call,OTM2+,market,80.0,2,330.0,OPPORTUNITY/HINDSIGHT,10:05,10:20,10:35,15:50,,
2026-01-09,META,call,OTM2+,market,90.0,2,330.0,OPPORTUNITY/HINDSIGHT,10:05,10:20,10:35,15:50,,
2026-01-09,META,call,OTM2+,market,100.0,2,330.0,OPPORTUNITY/HINDSIGHT,10:05,10:20,10:35,15:50,,
2026-01-09,META,put,OTM2+,mid,20.0,1,15.0,OPPORTUNITY/HINDSIGHT,09:35,09:50,,,,
2026-01-09,META,put,OTM2+,mid,25.0,1,15.0,OPPORTUNITY/HINDSIGHT,09:35,09:50,,,,
2026-01-09,META,put,OTM2+,mid,30.0,1,20.0,OPPORTUNITY/HINDSIGHT,09:35,09:55,,,,
2026-01-09,META,put,OTM2+,mid,40.0,1,20.0,OPPORTUNITY/HINDSIGHT,09:35,09:55,,,,
2026-01-09,META,put,OTM2+,mid,50.0,1,20.0,OPPORTUNITY/HINDSIGHT,09:35,09:55,,,,
2026-01-09,META,put,OTM2+,mid,60.0,1,20.0,OPPORTUNITY/HINDSIGHT,09:35,09:55,,,,
2026-01-09,META,put,OTM2+,mid,70.0,1,20.0,OPPORTUNITY/HINDSIGHT,09:35,09:55,,,,
2026-01-09,META,put,OTM2+,mid,75.0,1,20.0,OPPORTUNITY/HINDSIGHT,09:35,09:55,,,,
2026-01-09,META,put,OTM2+,mid,80.0,1,20.0,OPPORTUNITY/HINDSIGHT,09:35,09:55,,,,
2026-01-09,META,put,OTM2+,mid,90.0,1,20.0,OPPORTUNITY/HINDSIGHT,09:35,09:55,,,,
2026-01-09,META,put,OTM2+,mid,100.0,1,20.0,OPPORTUNITY/HINDSIGHT,09:35,09:55,,,,
2026-01-09,META,put,OTM2+,market,20.0,1,15.0,OPPORTUNITY/HINDSIGHT,09:35,09:50,,,,
2026-01-09,META,put,OTM2+,market,25.0,1,20.0,OPPORTUNITY/HINDSIGHT,09:35,09:55,,,,
2026-01-09,META,put,OTM2+,market,30.0,1,20.0,OPPORTUNITY/HINDSIGHT,09:35,09:55,,,,
2026-01-09,META,put,OTM2+,market,40.0,1,20.0,OPPORTUNITY/HINDSIGHT,09:35,09:55,,,,
2026-01-09,META,put,OTM2+,market,50.0,1,20.0,OPPORTUNITY/HINDSIGHT,09:35,09:55,,,,
2026-01-09,META,put,OTM2+,market,60.0,1,20.0,OPPORTUNITY/HINDSIGHT,09:35,09:55,,,,
2026-01-09,META,put,OTM2+,market,70.0,1,20.0,OPPORTUNITY/HINDSIGHT,09:35,09:55,,,,
2026-01-09,META,put,OTM2+,market,75.0,1,20.0,OPPORTUNITY/HINDSIGHT,09:35,09:55,,,,
2026-01-09,META,put,OTM2+,market,80.0,1,20.0,OPPORTUNITY/HINDSIGHT,09:35,09:55,,,,
2026-01-09,META,put,OTM2+,market,90.0,1,20.0,OPPORTUNITY/HINDSIGHT,09:35,09:55,,,,
2026-01-09,META,put,OTM2+,market,100.0,1,20.0,OPPORTUNITY/HINDSIGHT,09:35,09:55,,,,
2026-01-09,META,put,OTM1,mid,20.0,2,20.0,OPPORTUNITY/HINDSIGHT,09:35,09:50,09:50,09:55,,
2026-01-09,META,put,OTM1,mid,25.0,1,20.0,OPPORTUNITY/HINDSIGHT,09:35,09:55,,,,
2026-01-09,META,put,OTM1,mid,30.0,1,20.0,OPPORTUNITY/HINDSIGHT,09:35,09:55,,,,
2026-01-09,META,put,OTM1,mid,40.0,1,20.0,OPPORTUNITY/HINDSIGHT,09:35,09:55,,,,
2026-01-09,META,put,OTM1,mid,50.0,1,20.0,OPPORTUNITY/HINDSIGHT,09:35,09:55,,,,
2026-01-09,META,put,OTM1,mid,60.0,1,20.0,OPPORTUNITY/HINDSIGHT,09:35,09:55,,,,
2026-01-09,META,put,OTM1,mid,70.0,1,20.0,OPPORTUNITY/HINDSIGHT,09:35,09:55,,,,
2026-01-09,META,put,OTM1,mid,75.0,1,20.0,OPPORTUNITY/HINDSIGHT,09:35,09:55,,,,
2026-01-09,META,put,OTM1,mid,80.0,1,20.0,OPPORTUNITY/HINDSIGHT,09:35,09:55,,,,
2026-01-09,META,put,OTM1,mid,90.0,1,20.0,OPPORTUNITY/HINDSIGHT,09:35,09:55,,,,
2026-01-09,META,put,OTM1,mid,100.0,1,20.0,OPPORTUNITY/HINDSIGHT,09:35,09:55,,,,
2026-01-09,META,put,OTM1,market,20.0,1,20.0,OPPORTUNITY/HINDSIGHT,09:35,09:55,,,,
2026-01-09,META,put,OTM1,market,25.0,1,20.0,OPPORTUNITY/HINDSIGHT,09:35,09:55,,,,
2026-01-09,META,put,OTM1,market,30.0,1,20.0,OPPORTUNITY/HINDSIGHT,09:35,09:55,,,,
2026-01-09,META,put,OTM1,market,40.0,1,20.0,OPPORTUNITY/HINDSIGHT,09:35,09:55,,,,
2026-01-09,META,put,OTM1,market,50.0,1,20.0,OPPORTUNITY/HINDSIGHT,09:35,09:55,,,,
2026-01-09,META,put,OTM1,market,60.0,1,20.0,OPPORTUNITY/HINDSIGHT,09:35,09:55,,,,
2026-01-09,META,put,OTM1,market,70.0,1,20.0,OPPORTUNITY/HINDSIGHT,09:35,09:55,,,,
2026-01-09,META,put,OTM1,market,75.0,1,20.0,OPPORTUNITY/HINDSIGHT,09:35,09:55,,,,
2026-01-09,META,put,OTM1,market,80.0,1,20.0,OPPORTUNITY/HINDSIGHT,09:35,09:55,,,,
2026-01-09,META,put,OTM1,market,90.0,1,20.0,OPPORTUNITY/HINDSIGHT,09:35,09:55,,,,
2026-01-09,META,put,OTM1,market,100.0,1,20.0,OPPORTUNITY/HINDSIGHT,09:35,09:55,,,,
2026-01-09,META,put,ATM,mid,20.0,8,95.0,OPPORTUNITY/HINDSIGHT,09:35,09:55,09:55,10:05,10:05,10:40
2026-01-09,META,put,ATM,mid,25.0,8,100.0,OPPORTUNITY/HINDSIGHT,09:35,09:55,09:55,10:05,10:05,10:40
2026-01-09,META,put,ATM,mid,30.0,8,100.0,OPPORTUNITY/HINDSIGHT,09:35,09:55,09:55,10:05,10:05,10:40
2026-01-09,META,put,ATM,mid,40.0,7,100.0,OPPORTUNITY/HINDSIGHT,09:35,09:55,09:55,10:05,10:05,10:50
2026-01-09,META,put,ATM,mid,50.0,6,100.0,OPPORTUNITY/HINDSIGHT,09:35,09:55,09:55,10:05,10:05,10:50
2026-01-09,META,put,ATM,mid,60.0,6,110.0,OPPORTUNITY/HINDSIGHT,09:35,09:55,09:55,10:05,10:05,10:50
2026-01-09,META,put,ATM,mid,70.0,6,110.0,OPPORTUNITY/HINDSIGHT,09:35,09:55,09:55,10:05,10:05,10:50
2026-01-09,META,put,ATM,mid,75.0,4,150.0,OPPORTUNITY/HINDSIGHT,09:35,09:55,09:55,10:05,10:05,12:00
2026-01-09,META,put,ATM,mid,80.0,4,150.0,OPPORTUNITY/HINDSIGHT,09:35,09:55,09:55,10:05,10:05,12:00
2026-01-09,META,put,ATM,mid,90.0,4,150.0,OPPORTUNITY/HINDSIGHT,09:35,09:55,09:55,10:05,10:05,12:00
2026-01-09,META,put,ATM,mid,100.0,4,115.0,OPPORTUNITY/HINDSIGHT,09:35,10:00,10:00,10:40,11:10,11:50
2026-01-09,META,put,ATM,market,20.0,8,100.0,OPPORTUNITY/HINDSIGHT,09:35,09:55,09:55,10:05,10:05,10:40
2026-01-09,META,put,ATM,market,25.0,8,100.0,OPPORTUNITY/HINDSIGHT,09:35,09:55,09:55,10:05,10:05,10:40
2026-01-09,META,put,ATM,market,30.0,7,95.0,OPPORTUNITY/HINDSIGHT,09:35,09:55,09:55,10:05,10:05,10:45
2026-01-09,META,put,ATM,market,40.0,6,95.0,OPPORTUNITY/HINDSIGHT,09:35,09:55,09:55,10:05,10:05,10:50
2026-01-09,META,put,ATM,market,50.0,6,105.0,OPPORTUNITY/HINDSIGHT,09:35,09:55,09:55,10:05,10:05,10:50
2026-01-09,META,put,ATM,market,60.0,6,110.0,OPPORTUNITY/HINDSIGHT,09:35,09:55,09:55,10:05,10:05,10:50
2026-01-09,META,put,ATM,market,70.0,4,150.0,OPPORTUNITY/HINDSIGHT,09:35,09:55,09:55,10:05,10:05,12:00
2026-01-09,META,put,ATM,market,75.0,4,150.0,OPPORTUNITY/HINDSIGHT,09:35,09:55,09:55,10:05,10:05,12:00
2026-01-09,META,put,ATM,market,80.0,4,150.0,OPPORTUNITY/HINDSIGHT,09:35,09:55,09:55,10:05,10:05,12:00
2026-01-09,META,put,ATM,market,90.0,5,115.0,OPPORTUNITY/HINDSIGHT,09:35,10:00,10:00,10:40,11:10,11:30
2026-01-09,META,put,ATM,market,100.0,4,125.0,OPPORTUNITY/HINDSIGHT,09:35,10:00,10:00,10:40,11:10,11:55
2026-01-09,META,put,ITM,mid,20.0,10,250.0,OPPORTUNITY/HINDSIGHT,09:35,09:55,09:55,10:05,10:05,10:40
2026-01-09,META,put,ITM,mid,25.0,9,250.0,OPPORTUNITY/HINDSIGHT,09:35,09:55,09:55,10:05,10:05,10:45
2026-01-09,META,put,ITM,mid,30.0,6,225.0,OPPORTUNITY/HINDSIGHT,09:35,09:55,09:55,10:05,10:05,10:50
2026-01-09,META,put,ITM,mid,40.0,6,240.0,OPPORTUNITY/HINDSIGHT,09:35,09:55,09:55,10:05,10:05,10:50
2026-01-09,META,put,ITM,mid,50.0,6,240.0,OPPORTUNITY/HINDSIGHT,09:35,09:55,09:55,10:05,10:05,12:00
2026-01-09,META,put,ITM,mid,60.0,5,205.0,OPPORTUNITY/HINDSIGHT,09:35,09:55,09:55,10:05,10:05,12:00
2026-01-09,META,put,ITM,mid,70.0,3,150.0,OPPORTUNITY/HINDSIGHT,09:35,10:00,10:00,10:40,10:40,12:05
2026-01-09,META,put,ITM,mid,75.0,3,150.0,OPPORTUNITY/HINDSIGHT,09:35,10:00,10:00,10:40,10:40,12:05
2026-01-09,META,put,ITM,mid,80.0,2,150.0,OPPORTUNITY/HINDSIGHT,09:35,10:05,10:05,12:05,,
2026-01-09,META,put,ITM,mid,90.0,2,150.0,OPPORTUNITY/HINDSIGHT,09:35,10:05,10:05,12:05,,
2026-01-09,META,put,ITM,mid,100.0,2,150.0,OPPORTUNITY/HINDSIGHT,09:35,10:05,10:05,12:05,,
2026-01-09,META,put,ITM,market,20.0,9,250.0,OPPORTUNITY/HINDSIGHT,09:35,09:55,09:55,10:05,10:05,10:45
2026-01-09,META,put,ITM,market,25.0,6,225.0,OPPORTUNITY/HINDSIGHT,09:35,09:55,09:55,10:05,10:05,10:50
2026-01-09,META,put,ITM,market,30.0,6,240.0,OPPORTUNITY/HINDSIGHT,09:35,09:55,09:55,10:05,10:05,10:50
2026-01-09,META,put,ITM,market,40.0,6,245.0,OPPORTUNITY/HINDSIGHT,09:35,09:55,09:55,10:05,10:05,10:50
2026-01-09,META,put,ITM,market,50.0,6,235.0,OPPORTUNITY/HINDSIGHT,09:35,09:55,09:55,10:05,10:05,12:00
2026-01-09,META,put,ITM,market,60.0,3,150.0,OPPORTUNITY/HINDSIGHT,09:35,10:00,10:00,10:40,10:40,12:05
2026-01-09,META,put,ITM,market,70.0,2,150.0,OPPORTUNITY/HINDSIGHT,09:35,10:05,10:05,12:05,,
2026-01-09,META,put,ITM,market,75.0,2,150.0,OPPORTUNITY/HINDSIGHT,09:35,10:05,10:05,12:05,,
2026-01-09,META,put,ITM,market,80.0,2,150.0,OPPORTUNITY/HINDSIGHT,09:35,10:05,10:05,12:05,,
2026-01-09,META,put,ITM,market,90.0,2,150.0,OPPORTUNITY/HINDSIGHT,09:35,10:05,10:05,12:05,,
2026-01-09,META,put,ITM,market,100.0,2,155.0,OPPORTUNITY/HINDSIGHT,09:35,10:05,10:05,12:10,,
2026-01-12,META,call,ITM,mid,20.0,5,210.0,OPPORTUNITY/HINDSIGHT,09:35,09:50,09:50,10:00,10:00,12:25
2026-01-12,META,call,ITM,mid,25.0,4,210.0,OPPORTUNITY/HINDSIGHT,09:35,09:55,09:55,12:25,12:25,12:50
2026-01-12,META,call,ITM,mid,30.0,4,205.0,OPPORTUNITY/HINDSIGHT,09:35,09:55,09:55,12:25,12:25,12:50
2026-01-12,META,call,ITM,mid,40.0,3,190.0,OPPORTUNITY/HINDSIGHT,09:35,09:55,09:55,12:25,12:30,12:50
2026-01-12,META,call,ITM,mid,50.0,2,195.0,OPPORTUNITY/HINDSIGHT,09:35,10:00,10:00,12:50,,
2026-01-12,META,call,ITM,mid,60.0,2,195.0,OPPORTUNITY/HINDSIGHT,09:35,10:05,10:05,12:50,,
2026-01-12,META,call,ITM,mid,70.0,1,165.0,OPPORTUNITY/HINDSIGHT,09:35,12:20,,,,
2026-01-12,META,call,ITM,mid,75.0,1,165.0,OPPORTUNITY/HINDSIGHT,09:35,12:20,,,,
2026-01-12,META,call,ITM,mid,80.0,1,170.0,OPPORTUNITY/HINDSIGHT,09:35,12:25,,,,
2026-01-12,META,call,ITM,mid,90.0,1,170.0,OPPORTUNITY/HINDSIGHT,09:35,12:25,,,,
2026-01-12,META,call,ITM,mid,100.0,1,170.0,OPPORTUNITY/HINDSIGHT,09:35,12:25,,,,
2026-01-12,META,call,ITM,market,20.0,4,210.0,OPPORTUNITY/HINDSIGHT,09:35,09:55,09:55,12:25,12:25,12:50
2026-01-12,META,call,ITM,market,25.0,4,205.0,OPPORTUNITY/HINDSIGHT,09:35,09:55,09:55,12:25,12:25,12:50
2026-01-12,META,call,ITM,market,30.0,4,205.0,OPPORTUNITY/HINDSIGHT,09:35,09:55,09:55,12:25,12:25,12:50
2026-01-12,META,call,ITM,market,40.0,2,170.0,OPPORTUNITY/HINDSIGHT,09:35,09:55,09:55,12:25,,
2026-01-12,META,call,ITM,market,50.0,2,195.0,OPPORTUNITY/HINDSIGHT,09:35,10:00,10:00,12:50,,
2026-01-12,META,call,ITM,market,60.0,2,195.0,OPPORTUNITY/HINDSIGHT,09:35,11:05,11:05,12:50,,
2026-01-12,META,call,ITM,market,70.0,1,170.0,OPPORTUNITY/HINDSIGHT,09:35,12:25,,,,
2026-01-12,META,call,ITM,market,75.0,1,170.0,OPPORTUNITY/HINDSIGHT,09:35,12:25,,,,
2026-01-12,META,call,ITM,market,80.0,1,170.0,OPPORTUNITY/HINDSIGHT,09:35,12:25,,,,
2026-01-12,META,call,ITM,market,90.0,1,170.0,OPPORTUNITY/HINDSIGHT,09:35,12:25,,,,
2026-01-12,META,call,ITM,market,100.0,1,175.0,OPPORTUNITY/HINDSIGHT,09:35,12:30,,,,
2026-01-12,META,call,ATM,mid,20.0,7,250.0,OPPORTUNITY/HINDSIGHT,09:35,09:50,09:50,09:55,09:55,10:05
2026-01-12,META,call,ATM,mid,25.0,6,245.0,OPPORTUNITY/HINDSIGHT,09:35,09:50,09:50,09:55,09:55,12:25
2026-01-12,META,call,ATM,mid,30.0,6,245.0,OPPORTUNITY/HINDSIGHT,09:35,09:50,09:50,10:00,10:00,12:25
2026-01-12,META,call,ATM,mid,40.0,5,245.0,OPPORTUNITY/HINDSIGHT,09:35,09:55,09:55,12:25,12:25,12:50
2026-01-12,META,call,ATM,mid,50.0,5,240.0,OPPORTUNITY/HINDSIGHT,09:35,09:55,09:55,12:25,12:25,12:50
2026-01-12,META,call,ATM,mid,60.0,5,240.0,OPPORTUNITY/HINDSIGHT,09:35,09:55,09:55,12:30,12:30,12:50
2026-01-12,META,call,ATM,mid,70.0,3,230.0,OPPORTUNITY/HINDSIGHT,09:35,10:00,10:00,12:50,14:10,14:45
2026-01-12,META,call,ATM,mid,75.0,3,230.0,OPPORTUNITY/HINDSIGHT,09:35,10:00,10:00,12:50,14:10,14:45
2026-01-12,META,call,ATM,mid,80.0,3,230.0,OPPORTUNITY/HINDSIGHT,09:35,10:00,10:00,12:50,14:10,14:45
2026-01-12,META,call,ATM,mid,90.0,3,230.0,OPPORTUNITY/HINDSIGHT,09:35,10:05,10:05,12:50,14:10,14:45
2026-01-12,META,call,ATM,mid,100.0,3,230.0,OPPORTUNITY/HINDSIGHT,09:35,12:20,12:20,12:50,14:10,14:45
2026-01-12,META,call,ATM,market,20.0,6,245.0,OPPORTUNITY/HINDSIGHT,09:35,09:50,09:50,09:55,09:55,12:25
2026-01-12,META,call,ATM,market,25.0,6,245.0,OPPORTUNITY/HINDSIGHT,09:35,09:50,09:50,10:00,10:00,12:25
2026-01-12,META,call,ATM,market,30.0,5,245.0,OPPORTUNITY/HINDSIGHT,09:35,09:55,09:55,12:25,12:25,12:50
2026-01-12,META,call,ATM,market,40.0,5,240.0,OPPORTUNITY/HINDSIGHT,09:35,09:55,09:55,12:25,12:25,12:50
2026-01-12,META,call,ATM,market,50.0,5,240.0,OPPORTUNITY/HINDSIGHT,09:35,09:55,09:55,12:30,12:30,12:50
2026-01-12,META,call,ATM,market,60.0,4,220.0,OPPORTUNITY/HINDSIGHT,09:35,09:55,09:55,12:30,12:40,12:50
2026-01-12,META,call,ATM,market,70.0,3,230.0,OPPORTUNITY/HINDSIGHT,09:35,10:00,10:00,12:50,14:10,14:45
2026-01-12,META,call,ATM,market,75.0,3,230.0,OPPORTUNITY/HINDSIGHT,09:35,10:00,10:00,12:50,14:10,14:45
2026-01-12,META,call,ATM,market,80.0,3,230.0,OPPORTUNITY/HINDSIGHT,09:35,10:05,10:05,12:50,14:10,14:45
2026-01-12,META,call,ATM,market,90.0,3,230.0,OPPORTUNITY/HINDSIGHT,09:35,12:20,12:20,12:50,14:10,14:45
2026-01-12,META,call,ATM,market,100.0,2,205.0,OPPORTUNITY/HINDSIGHT,09:35,12:25,14:10,14:45,,
2026-01-12,META,call,OTM1,mid,20.0,7,235.0,OPPORTUNITY/HINDSIGHT,09:35,09:50,09:50,09:55,09:55,10:00
2026-01-12,META,call,OTM1,mid,25.0,6,240.0,OPPORTUNITY/HINDSIGHT,09:35,09:50,09:50,09:55,09:55,10:05
2026-01-12,META,call,OTM1,mid,30.0,6,245.0,OPPORTUNITY/HINDSIGHT,09:35,09:50,09:50,09:55,09:55,10:05
2026-01-12,META,call,OTM1,mid,40.0,5,245.0,OPPORTUNITY/HINDSIGHT,09:35,09:50,09:50,10:00,10:00,12:50
2026-01-12,META,call,OTM1,mid,50.0,5,240.0,OPPORTUNITY/HINDSIGHT,09:35,09:55,09:55,12:30,12:35,12:50
2026-01-12,META,call,OTM1,mid,60.0,5,240.0,OPPORTUNITY/HINDSIGHT,09:35,09:55,09:55,12:30,12:35,12:50
2026-01-12,META,call,OTM1,mid,70.0,4,245.0,OPPORTUNITY/HINDSIGHT,09:35,09:55,09:55,12:50,13:15,13:30
2026-01-12,META,call,OTM1,mid,75.0,4,240.0,OPPORTUNITY/HINDSIGHT,09:35,09:55,09:55,12:50,13:20,13:30
2026-01-12,META,call,OTM1,mid,80.0,4,240.0,OPPORTUNITY/HINDSIGHT,09:35,09:55,09:55,12:50,13:20,13:30
2026-01-12,META,call,OTM1,mid,90.0,4,240.0,OPPORTUNITY/HINDSIGHT,09:35,09:55,09:55,12:50,13:20,13:30
2026-01-12,META,call,OTM1,mid,100.0,4,235.0,OPPORTUNITY/HINDSIGHT,09:35,10:00,10:00,12:50,13:25,13:30
2026-01-12,META,call,OTM1,market,20.0,6,240.0,OPPORTUNITY/HINDSIGHT,09:35,09:50,09:50,09:55,09:55,10:05
2026-01-12,META,call,OTM1,market,25.0,6,245.0,OPPORTUNITY/HINDSIGHT,09:35,09:50,09:50,09:55,09:55,10:05
2026-01-12,META,call,OTM1,market,30.0,6,245.0,OPPORTUNITY/HINDSIGHT,09:35,09:50,09:50,09:55,09:55,12:25
2026-01-12,META,call,OTM1,market,40.0,5,240.0,OPPORTUNITY/HINDSIGHT,09:35,09:55,09:55,12:30,12:35,12:50
2026-01-12,META,call,OTM1,market,50.0,5,240.0,OPPORTUNITY/HINDSIGHT,09:35,09:55,09:55,12:30,12:35,12:50
2026-01-12,META,call,OTM1,market,60.0,4,240.0,OPPORTUNITY/HINDSIGHT,09:35,09:55,09:55,12:45,13:15,13:30
2026-01-12,META,call,OTM1,market,70.0,4,240.0,OPPORTUNITY/HINDSIGHT,09:35,09:55,09:55,12:50,13:20,13:30
2026-01-12,META,call,OTM1,market,75.0,4,240.0,OPPORTUNITY/HINDSIGHT,09:35,09:55,09:55,12:50,13:20,13:30
2026-01-12,META,call,OTM1,market,80.0,4,240.0,OPPORTUNITY/HINDSIGHT,09:35,09:55,09:55,12:50,13:20,13:30
2026-01-12,META,call,OTM1,market,90.0,4,235.0,OPPORTUNITY/HINDSIGHT,09:35,10:00,10:00,12:50,13:25,13:30
2026-01-12,META,call,OTM1,market,100.0,3,230.0,OPPORTUNITY/HINDSIGHT,09:35,10:00,10:00,12:50,14:10,14:45
2026-01-12,META,call,OTM2+,mid,20.0,7,140.0,OPPORTUNITY/HINDSIGHT,09:35,09:50,09:50,09:55,10:10,10:55
2026-01-12,META,call,OTM2+,mid,25.0,7,145.0,OPPORTUNITY/HINDSIGHT,09:35,09:50,09:50,09:55,10:10,10:55
2026-01-12,META,call,OTM2+,mid,30.0,7,145.0,OPPORTUNITY/HINDSIGHT,09:35,09:50,09:50,09:55,10:10,10:55
2026-01-12,META,call,OTM2+,mid,40.0,6,150.0,OPPORTUNITY/HINDSIGHT,09:35,09:50,09:50,09:55,10:10,11:05
2026-01-12,META,call,OTM2+,mid,50.0,5,190.0,OPPORTUNITY/HINDSIGHT,09:35,09:50,09:50,10:00,10:10,12:25
2026-01-12,META,call,OTM2+,mid,60.0,4,185.0,OPPORTUNITY/HINDSIGHT,09:35,09:55,10:10,12:25,13:15,13:30
2026-01-12,META,call,OTM2+,mid,70.0,4,185.0,OPPORTUNITY/HINDSIGHT,09:35,09:55,10:10,12:25,13:15,13:30
2026-01-12,META,call,OTM2+,mid,75.0,4,185.0,OPPORTUNITY/HINDSIGHT,09:35,09:55,10:10,12:25,13:15,13:30
2026-01-12,META,call,OTM2+,mid,80.0,4,185.0,OPPORTUNITY/HINDSIGHT,09:35,09:55,10:10,12:25,13:15,13:30
2026-01-12,META,call,OTM2+,mid,90.0,4,190.0,OPPORTUNITY/HINDSIGHT,09:35,09:55,10:10,12:30,13:15,13:30
2026-01-12,META,call,OTM2+,mid,100.0,4,190.0,OPPORTUNITY/HINDSIGHT,09:35,09:55,10:10,12:30,13:15,13:30
2026-01-12,META,call,OTM2+,market,20.0,7,145.0,OPPORTUNITY/HINDSIGHT,09:35,09:50,09:50,09:55,10:10,10:55
2026-01-12,META,call,OTM2+,market,25.0,7,145.0,OPPORTUNITY/HINDSIGHT,09:35,09:50,09:50,09:55,10:10,10:55
2026-01-12,META,call,OTM2+,market,30.0,6,150.0,OPPORTUNITY/HINDSIGHT,09:35,09:50,09:50,09:55,10:10,11:05
2026-01-12,META,call,OTM2+,market,40.0,6,150.0,OPPORTUNITY/HINDSIGHT,09:35,09:50,09:50,09:55,10:10,11:05
2026-01-12,META,call,OTM2+,market,50.0,4,185.0,OPPORTUNITY/HINDSIGHT,09:35,09:55,10:10,12:25,13:15,13:30
2026-01-12,META,call,OTM2+,market,60.0,4,185.0,OPPORTUNITY/HINDSIGHT,09:35,09:55,10:10,12:25,13:15,13:30
2026-01-12,META,call,OTM2+,market,70.0,4,185.0,OPPORTUNITY/HINDSIGHT,09:35,09:55,10:10,12:25,13:15,13:30
2026-01-12,META,call,OTM2+,market,75.0,4,185.0,OPPORTUNITY/HINDSIGHT,09:35,09:55,10:10,12:25,13:15,13:30
2026-01-12,META,call,OTM2+,market,80.0,4,190.0,OPPORTUNITY/HINDSIGHT,09:35,09:55,10:10,12:30,13:15,13:30
2026-01-12,META,call,OTM2+,market,90.0,4,190.0,OPPORTUNITY/HINDSIGHT,09:35,09:55,10:10,12:30,13:15,13:30
2026-01-12,META,call,OTM2+,market,100.0,4,180.0,OPPORTUNITY/HINDSIGHT,09:35,09:55,10:10,12:30,13:25,13:30
2026-01-12,META,put,OTM2+,mid,20.0,2,270.0,OPPORTUNITY/HINDSIGHT,09:35,09:40,09:40,14:05,,
2026-01-12,META,put,OTM2+,mid,25.0,1,270.0,OPPORTUNITY/HINDSIGHT,09:35,14:05,,,,
2026-01-12,META,put,OTM2+,mid,30.0,1,270.0,OPPORTUNITY/HINDSIGHT,09:35,14:05,,,,
2026-01-12,META,put,OTM2+,mid,40.0,1,270.0,OPPORTUNITY/HINDSIGHT,09:35,14:05,,,,
2026-01-12,META,put,OTM2+,mid,50.0,1,270.0,OPPORTUNITY/HINDSIGHT,09:35,14:05,,,,
2026-01-12,META,put,OTM2+,mid,60.0,1,270.0,OPPORTUNITY/HINDSIGHT,09:35,14:05,,,,
2026-01-12,META,put,OTM2+,mid,70.0,1,270.0,OPPORTUNITY/HINDSIGHT,09:35,14:05,,,,
2026-01-12,META,put,OTM2+,mid,75.0,1,270.0,OPPORTUNITY/HINDSIGHT,09:35,14:05,,,,
2026-01-12,META,put,OTM2+,mid,80.0,1,270.0,OPPORTUNITY/HINDSIGHT,09:35,14:05,,,,
2026-01-12,META,put,OTM2+,mid,90.0,1,270.0,OPPORTUNITY/HINDSIGHT,09:35,14:05,,,,
2026-01-12,META,put,OTM2+,mid,100.0,1,270.0,OPPORTUNITY/HINDSIGHT,09:35,14:05,,,,
2026-01-12,META,put,OTM2+,market,20.0,1,270.0,OPPORTUNITY/HINDSIGHT,09:35,14:05,,,,
2026-01-12,META,put,OTM2+,market,25.0,1,270.0,OPPORTUNITY/HINDSIGHT,09:35,14:05,,,,
2026-01-12,META,put,OTM2+,market,30.0,1,270.0,OPPORTUNITY/HINDSIGHT,09:35,14:05,,,,
2026-01-12,META,put,OTM2+,market,40.0,1,270.0,OPPORTUNITY/HINDSIGHT,09:35,14:05,,,,
2026-01-12,META,put,OTM2+,market,50.0,1,270.0,OPPORTUNITY/HINDSIGHT,09:35,14:05,,,,
2026-01-12,META,put,OTM2+,market,60.0,1,270.0,OPPORTUNITY/HINDSIGHT,09:35,14:05,,,,
2026-01-12,META,put,OTM2+,market,70.0,1,270.0,OPPORTUNITY/HINDSIGHT,09:35,14:05,,,,
2026-01-12,META,put,OTM2+,market,75.0,1,270.0,OPPORTUNITY/HINDSIGHT,09:35,14:05,,,,
2026-01-12,META,put,OTM2+,market,80.0,1,270.0,OPPORTUNITY/HINDSIGHT,09:35,14:05,,,,
2026-01-12,META,put,OTM2+,market,90.0,1,270.0,OPPORTUNITY/HINDSIGHT,09:35,14:05,,,,
2026-01-12,META,put,OTM2+,market,100.0,1,270.0,OPPORTUNITY/HINDSIGHT,09:35,14:05,,,,
2026-01-12,META,put,OTM1,mid,20.0,5,275.0,OPPORTUNITY/HINDSIGHT,09:35,13:45,13:45,13:50,13:50,14:00
2026-01-12,META,put,OTM1,mid,25.0,4,275.0,OPPORTUNITY/HINDSIGHT,09:35,13:45,13:45,13:50,13:50,14:05
2026-01-12,META,put,OTM1,mid,30.0,4,275.0,OPPORTUNITY/HINDSIGHT,09:35,13:45,13:45,14:00,14:00,14:05
2026-01-12,META,put,OTM1,mid,40.0,3,275.0,OPPORTUNITY/HINDSIGHT,09:35,13:50,13:50,14:05,14:45,14:50
2026-01-12,META,put,OTM1,mid,50.0,3,275.0,OPPORTUNITY/HINDSIGHT,09:35,13:50,13:50,14:05,14:45,14:50
2026-01-12,META,put,OTM1,mid,60.0,3,275.0,OPPORTUNITY/HINDSIGHT,09:35,14:00,14:00,14:05,14:45,14:50
2026-01-12,META,put,OTM1,mid,70.0,3,275.0,OPPORTUNITY/HINDSIGHT,09:35,14:00,14:00,14:05,14:45,14:50
2026-01-12,META,put,OTM1,mid,75.0,3,275.0,OPPORTUNITY/HINDSIGHT,09:35,14:00,14:00,14:05,14:45,14:50
2026-01-12,META,put,OTM1,mid,80.0,3,275.0,OPPORTUNITY/HINDSIGHT,09:35,14:00,14:00,14:05,14:45,14:50
2026-01-12,META,put,OTM1,mid,90.0,2,275.0,OPPORTUNITY/HINDSIGHT,09:35,14:05,14:45,14:50,,
2026-01-12,META,put,OTM1,mid,100.0,2,275.0,OPPORTUNITY/HINDSIGHT,09:35,14:05,14:45,14:50,,
2026-01-12,META,put,OTM1,market,20.0,5,275.0,OPPORTUNITY/HINDSIGHT,09:35,13:45,13:45,13:50,13:50,14:00
2026-01-12,META,put,OTM1,market,25.0,4,275.0,OPPORTUNITY/HINDSIGHT,09:35,13:45,13:45,14:00,14:00,14:05
2026-01-12,META,put,OTM1,market,30.0,3,275.0,OPPORTUNITY/HINDSIGHT,09:35,13:50,13:50,14:05,14:45,14:50
2026-01-12,META,put,OTM1,market,40.0,3,275.0,OPPORTUNITY/HINDSIGHT,09:35,13:50,13:50,14:05,14:45,14:50
2026-01-12,META,put,OTM1,market,50.0,3,275.0,OPPORTUNITY/HINDSIGHT,09:35,14:00,14:00,14:05,14:45,14:50
2026-01-12,META,put,OTM1,market,60.0,3,275.0,OPPORTUNITY/HINDSIGHT,09:35,14:00,14:00,14:05,14:45,14:50
2026-01-12,META,put,OTM1,market,70.0,3,275.0,OPPORTUNITY/HINDSIGHT,09:35,14:00,14:00,14:05,14:45,14:50
2026-01-12,META,put,OTM1,market,75.0,3,275.0,OPPORTUNITY/HINDSIGHT,09:35,14:00,14:00,14:05,14:45,14:50
2026-01-12,META,put,OTM1,market,80.0,2,275.0,OPPORTUNITY/HINDSIGHT,09:35,14:05,14:45,14:50,,
2026-01-12,META,put,OTM1,market,90.0,2,275.0,OPPORTUNITY/HINDSIGHT,09:35,14:05,14:45,14:50,,
2026-01-12,META,put,OTM1,market,100.0,2,275.0,OPPORTUNITY/HINDSIGHT,09:35,14:05,14:45,14:50,,
2026-01-12,META,put,ATM,mid,20.0,7,310.0,OPPORTUNITY/HINDSIGHT,09:35,13:45,13:45,14:00,14:00,14:05
2026-01-12,META,put,ATM,mid,25.0,6,310.0,OPPORTUNITY/HINDSIGHT,09:35,13:45,13:45,14:00,14:00,14:05
2026-01-12,META,put,ATM,mid,30.0,6,310.0,OPPORTUNITY/HINDSIGHT,09:35,13:45,13:45,14:00,14:00,14:05
2026-01-12,META,put,ATM,mid,40.0,5,310.0,OPPORTUNITY/HINDSIGHT,09:35,13:45,13:45,14:05,14:05,14:10
2026-01-12,META,put,ATM,mid,50.0,5,310.0,OPPORTUNITY/HINDSIGHT,09:35,13:45,13:45,14:05,14:05,14:10
2026-01-12,META,put,ATM,mid,60.0,5,310.0,OPPORTUNITY/HINDSIGHT,09:35,13:50,13:50,14:05,14:05,14:10
2026-01-12,META,put,ATM,mid,70.0,5,310.0,OPPORTUNITY/HINDSIGHT,09:35,13:50,13:50,14:05,14:05,14:10
2026-01-12,META,put,ATM,mid,75.0,4,310.0,OPPORTUNITY/HINDSIGHT,09:35,14:00,14:00,14:10,14:10,14:25
2026-01-12,META,put,ATM,mid,80.0,4,310.0,OPPORTUNITY/HINDSIGHT,09:35,14:00,14:00,14:10,14:10,14:25
2026-01-12,META,put,ATM,mid,90.0,4,315.0,OPPORTUNITY/HINDSIGHT,09:35,14:00,14:00,14:10,14:10,14:30
2026-01-12,META,put,ATM,mid,100.0,4,315.0,OPPORTUNITY/HINDSIGHT,09:35,14:05,14:05,14:10,14:10,14:30
2026-01-12,META,put,ATM,market,20.0,6,310.0,OPPORTUNITY/HINDSIGHT,09:35,13:45,13:45,14:00,14:00,14:05
2026-01-12,META,put,ATM,market,25.0,6,310.0,OPPORTUNITY/HINDSIGHT,09:35,13:45,13:45,14:00,14:00,14:05
2026-01-12,META,put,ATM,market,30.0,6,310.0,OPPORTUNITY/HINDSIGHT,09:35,13:45,13:45,14:00,14:00,14:05
2026-01-12,META,put,ATM,market,40.0,5,310.0,OPPORTUNITY/HINDSIGHT,09:35,13:45,13:45,14:05,14:05,14:10
2026-01-12,META,put,ATM,market,50.0,5,310.0,OPPORTUNITY/HINDSIGHT,09:35,13:50,13:50,14:05,14:05,14:10
2026-01-12,META,put,ATM,market,60.0,5,310.0,OPPORTUNITY/HINDSIGHT,09:35,13:50,13:50,14:05,14:05,14:10
2026-01-12,META,put,ATM,market,70.0,4,310.0,OPPORTUNITY/HINDSIGHT,09:35,14:00,14:00,14:10,14:10,14:25
2026-01-12,META,put,ATM,market,75.0,4,310.0,OPPORTUNITY/HINDSIGHT,09:35,14:00,14:00,14:10,14:10,14:25
2026-01-12,META,put,ATM,market,80.0,4,310.0,OPPORTUNITY/HINDSIGHT,09:35,14:00,14:00,14:10,14:10,14:25
2026-01-12,META,put,ATM,market,90.0,4,315.0,OPPORTUNITY/HINDSIGHT,09:35,14:05,14:05,14:10,14:10,14:30
2026-01-12,META,put,ATM,market,100.0,4,315.0,OPPORTUNITY/HINDSIGHT,09:35,14:05,14:05,14:10,14:10,14:30
2026-01-12,META,put,ITM,mid,20.0,10,375.0,OPPORTUNITY/HINDSIGHT,09:35,13:25,13:25,13:45,13:45,14:00
2026-01-12,META,put,ITM,mid,25.0,9,380.0,OPPORTUNITY/HINDSIGHT,09:35,13:40,13:40,13:45,13:45,14:05
2026-01-12,META,put,ITM,mid,30.0,7,360.0,OPPORTUNITY/HINDSIGHT,09:35,13:45,13:45,14:05,14:05,14:10
2026-01-12,META,put,ITM,mid,40.0,7,365.0,OPPORTUNITY/HINDSIGHT,09:35,13:45,13:45,14:05,14:05,14:10
2026-01-12,META,put,ITM,mid,50.0,6,350.0,OPPORTUNITY/HINDSIGHT,09:35,13:45,13:45,14:05,14:05,14:10
2026-01-12,META,put,ITM,mid,60.0,4,350.0,OPPORTUNITY/HINDSIGHT,09:35,13:50,13:50,14:10,14:10,15:05
2026-01-12,META,put,ITM,mid,70.0,4,355.0,OPPORTUNITY/HINDSIGHT,09:35,14:00,14:00,14:20,14:20,15:05
2026-01-12,META,put,ITM,mid,75.0,4,355.0,OPPORTUNITY/HINDSIGHT,09:35,14:05,14:05,14:20,14:20,15:05
2026-01-12,META,put,ITM,mid,80.0,4,355.0,OPPORTUNITY/HINDSIGHT,09:35,14:05,14:05,14:20,14:20,15:05
2026-01-12,META,put,ITM,mid,90.0,4,375.0,OPPORTUNITY/HINDSIGHT,09:35,14:05,14:05,14:25,14:25,15:10
2026-01-12,META,put,ITM,mid,100.0,3,335.0,OPPORTUNITY/HINDSIGHT,09:35,14:05,14:05,14:25,14:25,15:10
2026-01-12,META,put,ITM,market,20.0,9,380.0,OPPORTUNITY/HINDSIGHT,09:35,13:40,13:40,13:45,13:45,14:05
2026-01-12,META,put,ITM,market,25.0,7,360.0,OPPORTUNITY/HINDSIGHT,09:35,13:45,13:45,14:05,14:05,14:10
2026-01-12,META,put,ITM,market,30.0,7,360.0,OPPORTUNITY/HINDSIGHT,09:35,13:45,13:45,14:05,14:05,14:10
2026-01-12,META,put,ITM,market,40.0,7,365.0,OPPORTUNITY/HINDSIGHT,09:35,13:45,13:45,14:05,14:05,14:10
2026-01-12,META,put,ITM,market,50.0,4,350.0,OPPORTUNITY/HINDSIGHT,09:35,13:50,13:50,14:10,14:10,15:05
2026-01-12,META,put,ITM,market,60.0,4,350.0,OPPORTUNITY/HINDSIGHT,09:35,14:00,14:00,14:10,14:10,15:05
2026-01-12,META,put,ITM,market,70.0,4,355.0,OPPORTUNITY/HINDSIGHT,09:35,14:05,14:05,14:20,14:20,15:05
2026-01-12,META,put,ITM,market,75.0,4,370.0,OPPORTUNITY/HINDSIGHT,09:35,14:05,14:05,14:20,14:20,15:10
2026-01-12,META,put,ITM,market,80.0,4,375.0,OPPORTUNITY/HINDSIGHT,09:35,14:05,14:05,14:25,14:25,15:10
2026-01-12,META,put,ITM,market,90.0,3,335.0,OPPORTUNITY/HINDSIGHT,09:35,14:05,14:05,14:25,14:25,15:10
2026-01-12,META,put,ITM,market,100.0,2,335.0,OPPORTUNITY/HINDSIGHT,09:35,14:10,14:10,15:10,,
2026-01-13,META,call,ITM,mid,20.0,10,320.0,OPPORTUNITY/HINDSIGHT,09:35,10:10,10:10,11:40,11:40,11:50
2026-01-13,META,call,ITM,mid,25.0,9,320.0,OPPORTUNITY/HINDSIGHT,09:35,10:10,10:10,11:40,11:40,11:50
2026-01-13,META,call,ITM,mid,30.0,8,305.0,OPPORTUNITY/HINDSIGHT,09:35,10:10,10:10,11:40,11:40,11:50
2026-01-13,META,call,ITM,mid,40.0,6,305.0,OPPORTUNITY/HINDSIGHT,09:35,11:35,11:35,11:50,11:50,12:05
2026-01-13,META,call,ITM,mid,50.0,5,300.0,OPPORTUNITY/HINDSIGHT,09:35,11:35,11:35,11:50,11:50,12:05
2026-01-13,META,call,ITM,mid,60.0,4,300.0,OPPORTUNITY/HINDSIGHT,09:35,11:40,11:40,11:55,11:55,12:55
2026-01-13,META,call,ITM,mid,70.0,4,300.0,OPPORTUNITY/HINDSIGHT,09:35,11:40,11:40,12:00,12:00,12:55
2026-01-13,META,call,ITM,mid,75.0,4,320.0,OPPORTUNITY/HINDSIGHT,09:35,11:40,11:40,12:05,12:05,14:25
2026-01-13,META,call,ITM,mid,80.0,3,295.0,OPPORTUNITY/HINDSIGHT,09:35,11:40,11:40,12:05,12:05,14:30
2026-01-13,META,call,ITM,mid,90.0,3,295.0,OPPORTUNITY/HINDSIGHT,09:35,11:40,11:40,12:05,12:05,14:30
2026-01-13,META,call,ITM,mid,100.0,3,300.0,OPPORTUNITY/HINDSIGHT,09:35,11:40,11:40,12:10,12:10,14:35
2026-01-13,META,call,ITM,market,20.0,9,320.0,OPPORTUNITY/HINDSIGHT,09:35,10:10,10:10,11:40,11:40,11:50
2026-01-13,META,call,ITM,market,25.0,8,305.0,OPPORTUNITY/HINDSIGHT,09:35,10:10,10:10,11:40,11:40,11:50
2026-01-13,META,call,ITM,market,30.0,6,305.0,OPPORTUNITY/HINDSIGHT,09:35,11:35,11:35,11:50,11:50,12:05
2026-01-13,META,call,ITM,market,40.0,6,305.0,OPPORTUNITY/HINDSIGHT,09:35,11:35,11:35,11:50,11:50,12:05
2026-01-13,META,call,ITM,market,50.0,5,300.0,OPPORTUNITY/HINDSIGHT,09:35,11:35,11:35,11:50,11:50,12:10
2026-01-13,META,call,ITM,market,60.0,4,300.0,OPPORTUNITY/HINDSIGHT,09:35,11:40,11:40,12:00,12:00,12:55
2026-01-13,META,call,ITM,market,70.0,4,320.0,OPPORTUNITY/HINDSIGHT,09:35,11:40,11:40,12:05,12:05,14:25
2026-01-13,META,call,ITM,market,75.0,3,295.0,OPPORTUNITY/HINDSIGHT,09:35,11:40,11:40,12:05,12:05,14:30
2026-01-13,META,call,ITM,market,80.0,3,295.0,OPPORTUNITY/HINDSIGHT,09:35,11:40,11:40,12:05,12:05,14:30
2026-01-13,META,call,ITM,market,90.0,3,300.0,OPPORTUNITY/HINDSIGHT,09:35,11:40,11:40,12:10,12:10,14:35
2026-01-13,META,call,ITM,market,100.0,3,305.0,OPPORTUNITY/HINDSIGHT,09:35,11:40,11:40,12:15,12:15,14:40
2026-01-13,META,call,ATM,mid,20.0,8,265.0,OPPORTUNITY/HINDSIGHT,09:35,10:10,10:10,11:40,11:40,11:50
2026-01-13,META,call,ATM,mid,25.0,8,265.0,OPPORTUNITY/HINDSIGHT,09:35,10:10,10:10,11:40,11:40,11:50
2026-01-13,META,call,ATM,mid,30.0,8,265.0,OPPORTUNITY/HINDSIGHT,09:35,10:10,10:10,11:40,11:40,11:50
2026-01-13,META,call,ATM,mid,40.0,8,265.0,OPPORTUNITY/HINDSIGHT,09:35,10:10,10:10,11:40,11:40,11:50
2026-01-13,META,call,ATM,mid,50.0,7,265.0,OPPORTUNITY/HINDSIGHT,09:35,11:35,11:35,11:40,11:40,11:55
2026-01-13,META,call,ATM,mid,60.0,6,265.0,OPPORTUNITY/HINDSIGHT,09:35,11:35,11:35,11:50,11:50,12:05
2026-01-13,META,call,ATM,mid,70.0,6,265.0,OPPORTUNITY/HINDSIGHT,09:35,11:35,11:35,11:50,11:50,12:05
2026-01-13,META,call,ATM,mid,75.0,5,265.0,OPPORTUNITY/HINDSIGHT,09:35,11:40,11:40,11:55,11:55,12:55
2026-01-13,META,call,ATM,mid,80.0,5,265.0,OPPORTUNITY/HINDSIGHT,09:35,11:40,11:40,11:55,11:55,12:55
2026-01-13,META,call,ATM,mid,90.0,5,265.0,OPPORTUNITY/HINDSIGHT,09:35,11:40,11:40,11:55,11:55,12:55
2026-01-13,META,call,ATM,mid,100.0,5,265.0,OPPORTUNITY/HINDSIGHT,09:35,11:40,11:40,11:55,11:55,12:55
2026-01-13,META,call,ATM,market,20.0,8,265.0,OPPORTUNITY/HINDSIGHT,09:35,10:10,10:10,11:40,11:40,11:50
2026-01-13,META,call,ATM,market,25.0,8,265.0,OPPORTUNITY/HINDSIGHT,09:35,10:10,10:10,11:40,11:40,11:50
2026-01-13,META,call,ATM,market,30.0,8,265.0,OPPORTUNITY/HINDSIGHT,09:35,10:10,10:10,11:40,11:40,11:50
2026-01-13,META,call,ATM,market,40.0,8,265.0,OPPORTUNITY/HINDSIGHT,09:35,10:10,10:10,11:40,11:40,11:50
2026-01-13,META,call,ATM,market,50.0,6,265.0,OPPORTUNITY/HINDSIGHT,09:35,11:35,11:35,11:50,11:50,12:05
2026-01-13,META,call,ATM,market,60.0,6,265.0,OPPORTUNITY/HINDSIGHT,09:35,11:35,11:35,11:50,11:50,12:05
2026-01-13,META,call,ATM,market,70.0,5,265.0,OPPORTUNITY/HINDSIGHT,09:35,11:40,11:40,11:55,11:55,12:55
2026-01-13,META,call,ATM,market,75.0,5,265.0,OPPORTUNITY/HINDSIGHT,09:35,11:40,11:40,11:55,11:55,12:55
2026-01-13,META,call,ATM,market,80.0,5,265.0,OPPORTUNITY/HINDSIGHT,09:35,11:40,11:40,11:55,11:55,12:55
2026-01-13,META,call,ATM,market,90.0,5,265.0,OPPORTUNITY/HINDSIGHT,09:35,11:40,11:40,11:55,11:55,12:55
2026-01-13,META,call,ATM,market,100.0,5,275.0,OPPORTUNITY/HINDSIGHT,09:35,11:40,11:40,11:55,11:55,12:55
2026-01-13,META,call,OTM1,mid,20.0,4,140.0,OPPORTUNITY/HINDSIGHT,09:35,10:10,10:10,11:40,11:40,11:50
2026-01-13,META,call,OTM1,mid,25.0,4,140.0,OPPORTUNITY/HINDSIGHT,09:35,10:10,10:10,11:40,11:40,11:50
2026-01-13,META,call,OTM1,mid,30.0,4,140.0,OPPORTUNITY/HINDSIGHT,09:35,10:10,10:10,11:40,11:40,11:50
2026-01-13,META,call,OTM1,mid,40.0,4,140.0,OPPORTUNITY/HINDSIGHT,09:35,10:10,10:10,11:40,11:40,11:50
2026-01-13,META,call,OTM1,mid,50.0,4,140.0,OPPORTUNITY/HINDSIGHT,09:35,10:10,10:10,11:40,11:40,11:50
2026-01-13,META,call,OTM1,mid,60.0,4,140.0,OPPORTUNITY/HINDSIGHT,09:35,11:35,11:35,11:40,11:40,11:50
2026-01-13,META,call,OTM1,mid,70.0,3,140.0,OPPORTUNITY/HINDSIGHT,09:35,11:35,11:35,11:40,11:40,11:55
2026-01-13,META,call,OTM1,mid,75.0,3,140.0,OPPORTUNITY/HINDSIGHT,09:35,11:35,11:35,11:40,11:40,11:55
2026-01-13,META,call,OTM1,mid,80.0,2,140.0,OPPORTUNITY/HINDSIGHT,09:35,11:40,11:40,11:55,,
2026-01-13,META,call,OTM1,mid,90.0,2,140.0,OPPORTUNITY/HINDSIGHT,09:35,11:40,11:40,11:55,,
2026-01-13,META,call,OTM1,mid,100.0,2,140.0,OPPORTUNITY/HINDSIGHT,09:35,11:40,11:40,11:55,,
2026-01-13,META,call,OTM1,market,20.0,4,140.0,OPPORTUNITY/HINDSIGHT,09:35,10:10,10:10,11:40,11:40,11:50
2026-01-13,META,call,OTM1,market,25.0,4,140.0,OPPORTUNITY/HINDSIGHT,09:35,10:10,10:10,11:40,11:40,11:50
2026-01-13,META,call,OTM1,market,30.0,4,140.0,OPPORTUNITY/HINDSIGHT,09:35,10:10,10:10,11:40,11:40,11:50
2026-01-13,META,call,OTM1,market,40.0,4,140.0,OPPORTUNITY/HINDSIGHT,09:35,10:10,10:10,11:40,11:40,11:50
2026-01-13,META,call,OTM1,market,50.0,4,140.0,OPPORTUNITY/HINDSIGHT,09:35,10:10,10:10,11:40,11:40,11:50
2026-01-13,META,call,OTM1,market,60.0,4,140.0,OPPORTUNITY/HINDSIGHT,09:35,11:35,11:35,11:40,11:40,11:50
2026-01-13,META,call,OTM1,market,70.0,3,140.0,OPPORTUNITY/HINDSIGHT,09:35,11:35,11:35,11:40,11:40,11:55
2026-01-13,META,call,OTM1,market,75.0,2,140.0,OPPORTUNITY/HINDSIGHT,09:35,11:40,11:40,11:55,,
2026-01-13,META,call,OTM1,market,80.0,2,140.0,OPPORTUNITY/HINDSIGHT,09:35,11:40,11:40,11:55,,
2026-01-13,META,call,OTM1,market,90.0,2,140.0,OPPORTUNITY/HINDSIGHT,09:35,11:40,11:40,11:55,,
2026-01-13,META,call,OTM1,market,100.0,2,140.0,OPPORTUNITY/HINDSIGHT,09:35,11:40,11:40,11:55,,
2026-01-13,META,call,OTM2+,mid,20.0,2,125.0,OPPORTUNITY/HINDSIGHT,09:35,10:10,10:10,11:40,,
2026-01-13,META,call,OTM2+,mid,25.0,2,125.0,OPPORTUNITY/HINDSIGHT,09:35,10:10,10:10,11:40,,
2026-01-13,META,call,OTM2+,mid,30.0,2,125.0,OPPORTUNITY/HINDSIGHT,09:35,10:10,10:10,11:40,,
2026-01-13,META,call,OTM2+,mid,40.0,2,125.0,OPPORTUNITY/HINDSIGHT,09:35,10:10,10:10,11:40,,
2026-01-13,META,call,OTM2+,mid,50.0,2,125.0,OPPORTUNITY/HINDSIGHT,09:35,10:10,10:10,11:40,,
2026-01-13,META,call,OTM2+,mid,60.0,2,125.0,OPPORTUNITY/HINDSIGHT,09:35,10:10,10:10,11:40,,
2026-01-13,META,call,OTM2+,mid,70.0,2,125.0,OPPORTUNITY/HINDSIGHT,09:35,10:10,10:10,11:40,,
2026-01-13,META,call,OTM2+,mid,75.0,1,125.0,OPPORTUNITY/HINDSIGHT,09:35,11:40,,,,
2026-01-13,META,call,OTM2+,mid,80.0,1,125.0,OPPORTUNITY/HINDSIGHT,09:35,11:40,,,,
2026-01-13,META,call,OTM2+,mid,90.0,1,125.0,OPPORTUNITY/HINDSIGHT,09:35,11:40,,,,
2026-01-13,META,call,OTM2+,mid,100.0,1,125.0,OPPORTUNITY/HINDSIGHT,09:35,11:40,,,,
2026-01-13,META,call,OTM2+,market,20.0,2,125.0,OPPORTUNITY/HINDSIGHT,09:35,10:10,10:10,11:40,,
2026-01-13,META,call,OTM2+,market,25.0,2,125.0,OPPORTUNITY/HINDSIGHT,09:35,10:10,10:10,11:40,,
2026-01-13,META,call,OTM2+,market,30.0,2,125.0,OPPORTUNITY/HINDSIGHT,09:35,10:10,10:10,11:40,,
2026-01-13,META,call,OTM2+,market,40.0,2,125.0,OPPORTUNITY/HINDSIGHT,09:35,10:10,10:10,11:40,,
2026-01-13,META,call,OTM2+,market,50.0,2,125.0,OPPORTUNITY/HINDSIGHT,09:35,10:10,10:10,11:40,,
2026-01-13,META,call,OTM2+,market,60.0,2,125.0,OPPORTUNITY/HINDSIGHT,09:35,10:10,10:10,11:40,,
2026-01-13,META,call,OTM2+,market,70.0,1,125.0,OPPORTUNITY/HINDSIGHT,09:35,11:40,,,,
2026-01-13,META,call,OTM2+,market,75.0,1,125.0,OPPORTUNITY/HINDSIGHT,09:35,11:40,,,,
2026-01-13,META,call,OTM2+,market,80.0,1,125.0,OPPORTUNITY/HINDSIGHT,09:35,11:40,,,,
2026-01-13,META,call,OTM2+,market,90.0,1,125.0,OPPORTUNITY/HINDSIGHT,09:35,11:40,,,,
2026-01-13,META,call,OTM2+,market,100.0,1,125.0,OPPORTUNITY/HINDSIGHT,09:35,11:40,,,,
2026-01-13,META,put,OTM2+,mid,20.0,10,120.0,OPPORTUNITY/HINDSIGHT,09:35,09:45,10:05,10:20,10:25,10:45
2026-01-13,META,put,OTM2+,mid,25.0,9,115.0,OPPORTUNITY/HINDSIGHT,09:35,09:45,10:05,10:20,10:25,10:45
2026-01-13,META,put,OTM2+,mid,30.0,8,115.0,OPPORTUNITY/HINDSIGHT,09:35,09:45,10:05,10:20,10:25,10:45
2026-01-13,META,put,OTM2+,mid,40.0,7,110.0,OPPORTUNITY/HINDSIGHT,09:35,09:45,10:05,10:20,10:25,10:45
2026-01-13,META,put,OTM2+,mid,50.0,7,110.0,OPPORTUNITY/HINDSIGHT,09:35,09:45,10:05,10:20,10:25,10:45
2026-01-13,META,put,OTM2+,mid,60.0,7,115.0,OPPORTUNITY/HINDSIGHT,09:35,09:45,10:05,10:20,10:25,10:50
2026-01-13,META,put,OTM2+,mid,70.0,7,130.0,OPPORTUNITY/HINDSIGHT,09:35,09:50,10:05,10:20,10:25,10:50
2026-01-13,META,put,OTM2+,mid,75.0,6,135.0,OPPORTUNITY/HINDSIGHT,09:35,09:50,10:05,10:50,11:40,11:45
2026-01-13,META,put,OTM2+,mid,80.0,6,135.0,OPPORTUNITY/HINDSIGHT,09:35,09:50,10:05,10:50,11:40,11:45
2026-01-13,META,put,OTM2+,mid,90.0,6,140.0,OPPORTUNITY/HINDSIGHT,09:35,09:50,10:05,10:50,11:40,11:45
2026-01-13,META,put,OTM2+,mid,100.0,5,135.0,OPPORTUNITY/HINDSIGHT,09:35,09:50,10:05,10:50,12:05,12:30
2026-01-13,META,put,OTM2+,market,20.0,9,115.0,OPPORTUNITY/HINDSIGHT,09:35,09:45,10:05,10:20,10:25,10:45
2026-01-13,META,put,OTM2+,market,25.0,8,115.0,OPPORTUNITY/HINDSIGHT,09:35,09:45,10:05,10:20,10:25,10:45
2026-01-13,META,put,OTM2+,market,30.0,8,115.0,OPPORTUNITY/HINDSIGHT,09:35,09:45,10:05,10:20,10:25,10:45
2026-01-13,META,put,OTM2+,market,40.0,7,110.0,OPPORTUNITY/HINDSIGHT,09:35,09:45,10:05,10:20,10:25,10:45
2026-01-13,META,put,OTM2+,market,50.0,7,115.0,OPPORTUNITY/HINDSIGHT,09:35,09:45,10:05,10:20,10:25,10:50
2026-01-13,META,put,OTM2+,market,60.0,7,120.0,OPPORTUNITY/HINDSIGHT,09:35,09:45,10:05,10:20,10:25,10:50
2026-01-13,META,put,OTM2+,market,70.0,6,135.0,OPPORTUNITY/HINDSIGHT,09:35,09:50,10:05,10:50,11:40,11:45
2026-01-13,META,put,OTM2+,market,75.0,6,135.0,OPPORTUNITY/HINDSIGHT,09:35,09:50,10:05,10:50,11:40,11:45
2026-01-13,META,put,OTM2+,market,80.0,6,135.0,OPPORTUNITY/HINDSIGHT,09:35,09:50,10:05,10:50,11:40,11:45
2026-01-13,META,put,OTM2+,market,90.0,6,140.0,OPPORTUNITY/HINDSIGHT,09:35,09:50,10:05,10:50,11:40,11:45
2026-01-13,META,put,OTM2+,market,100.0,5,135.0,OPPORTUNITY/HINDSIGHT,09:35,09:50,10:05,10:50,12:05,12:30
2026-01-13,META,put,OTM1,mid,20.0,11,170.0,OPPORTUNITY/HINDSIGHT,09:35,09:45,09:45,09:50,09:50,09:55
2026-01-13,META,put,OTM1,mid,25.0,10,160.0,OPPORTUNITY/HINDSIGHT,09:35,09:45,09:45,09:50,09:50,09:55
2026-01-13,META,put,OTM1,mid,30.0,10,150.0,OPPORTUNITY/HINDSIGHT,09:35,09:45,09:45,09:55,10:05,10:20
2026-01-13,META,put,OTM1,mid,40.0,10,150.0,OPPORTUNITY/HINDSIGHT,09:35,09:45,09:45,09:55,10:05,10:20
2026-01-13,META,put,OTM1,mid,50.0,10,150.0,OPPORTUNITY/HINDSIGHT,09:35,09:50,09:50,09:55,10:05,10:20
2026-01-13,META,put,OTM1,mid,60.0,9,155.0,OPPORTUNITY/HINDSIGHT,09:35,09:50,09:50,09:55,10:05,10:50
2026-01-13,META,put,OTM1,mid,70.0,7,145.0,OPPORTUNITY/HINDSIGHT,09:35,09:50,09:50,09:55,10:05,10:50
2026-01-13,META,put,OTM1,mid,75.0,7,145.0,OPPORTUNITY/HINDSIGHT,09:35,09:50,09:50,09:55,10:05,10:50
2026-01-13,META,put,OTM1,mid,80.0,6,140.0,OPPORTUNITY/HINDSIGHT,09:35,09:50,09:50,09:55,10:05,10:50
2026-01-13,META,put,OTM1,mid,90.0,5,130.0,OPPORTUNITY/HINDSIGHT,09:35,09:55,10:05,10:50,12:10,12:25
2026-01-13,META,put,OTM1,mid,100.0,5,130.0,OPPORTUNITY/HINDSIGHT,09:35,09:55,10:05,10:50,12:10,12:30
2026-01-13,META,put,OTM1,market,20.0,10,160.0,OPPORTUNITY/HINDSIGHT,09:35,09:45,09:45,09:50,09:50,09:55
2026-01-13,META,put,OTM1,market,25.0,10,150.0,OPPORTUNITY/HINDSIGHT,09:35,09:45,09:45,09:55,10:05,10:20
2026-01-13,META,put,OTM1,market,30.0,10,150.0,OPPORTUNITY/HINDSIGHT,09:35,09:45,09:45,09:55,10:05,10:20
2026-01-13,META,put,OTM1,market,40.0,10,150.0,OPPORTUNITY/HINDSIGHT,09:35,09:45,09:45,09:55,10:05,10:20
2026-01-13,META,put,OTM1,market,50.0,9,155.0,OPPORTUNITY/HINDSIGHT,09:35,09:50,09:50,09:55,10:05,10:50
2026-01-13,META,put,OTM1,market,60.0,8,155.0,OPPORTUNITY/HINDSIGHT,09:35,09:50,09:50,09:55,10:05,10:50
2026-01-13,META,put,OTM1,market,70.0,7,145.0,OPPORTUNITY/HINDSIGHT,09:35,09:50,09:50,09:55,10:05,10:50
2026-01-13,META,put,OTM1,market,75.0,5,140.0,OPPORTUNITY/HINDSIGHT,09:35,09:55,10:05,10:50,12:05,12:30
2026-01-13,META,put,OTM1,market,80.0,4,145.0,OPPORTUNITY/HINDSIGHT,09:35,09:55,10:05,10:50,12:05,13:05
2026-01-13,META,put,OTM1,market,90.0,5,135.0,OPPORTUNITY/HINDSIGHT,09:35,09:55,10:05,10:50,12:10,12:30
2026-01-13,META,put,OTM1,market,100.0,5,130.0,OPPORTUNITY/HINDSIGHT,09:35,09:55,10:05,10:50,12:10,12:30
2026-01-13,META,put,ATM,mid,20.0,7,160.0,OPPORTUNITY/HINDSIGHT,09:35,09:45,09:45,09:50,09:50,09:55
2026-01-13,META,put,ATM,mid,25.0,9,140.0,OPPORTUNITY/HINDSIGHT,09:35,09:45,09:45,09:55,10:05,10:20
2026-01-13,META,put,ATM,mid,30.0,9,140.0,OPPORTUNITY/HINDSIGHT,09:35,09:45,09:45,09:55,10:05,10:20
2026-01-13,META,put,ATM,mid,40.0,9,140.0,OPPORTUNITY/HINDSIGHT,09:35,09:50,09:50,09:55,10:05,10:45
2026-01-13,META,put,ATM,mid,50.0,7,135.0,OPPORTUNITY/HINDSIGHT,09:35,09:50,09:50,09:55,10:05,10:50
2026-01-13,META,put,ATM,mid,60.0,4,135.0,OPPORTUNITY/HINDSIGHT,09:35,09:55,10:05,10:50,12:05,13:05
2026-01-13,META,put,ATM,mid,70.0,4,135.0,OPPORTUNITY/HINDSIGHT,09:35,09:55,10:05,10:50,12:05,13:05
2026-01-13,META,put,ATM,mid,75.0,5,120.0,OPPORTUNITY/HINDSIGHT,09:35,09:55,10:05,10:50,12:10,12:30
2026-01-13,META,put,ATM,mid,80.0,5,120.0,OPPORTUNITY/HINDSIGHT,09:35,09:55,10:05,10:50,12:10,12:30
2026-01-13,META,put,ATM,mid,90.0,4,130.0,OPPORTUNITY/HINDSIGHT,09:35,09:55,10:05,10:50,12:10,13:05
2026-01-13,META,put,ATM,mid,100.0,5,125.0,OPPORTUNITY/HINDSIGHT,09:35,09:55,10:05,11:00,12:15,12:30
2026-01-13,META,put,ATM,market,20.0,9,140.0,OPPORTUNITY/HINDSIGHT,09:35,09:45,09:45,09:55,10:05,10:20
2026-01-13,META,put,ATM,market,25.0,9,140.0,OPPORTUNITY/HINDSIGHT,09:35,09:45,09:45,09:55,10:05,10:20
2026-01-13,META,put,ATM,market,30.0,9,140.0,OPPORTUNITY/HINDSIGHT,09:35,09:50,09:50,09:55,10:05,10:20
2026-01-13,META,put,ATM,market,40.0,7,140.0,OPPORTUNITY/HINDSIGHT,09:35,09:50,09:50,09:55,10:05,10:50
2026-01-13,META,put,ATM,market,50.0,5,130.0,OPPORTUNITY/HINDSIGHT,09:35,09:55,10:05,10:50,12:05,12:30
2026-01-13,META,put,ATM,market,60.0,4,135.0,OPPORTUNITY/HINDSIGHT,09:35,09:55,10:05,10:50,12:05,13:05
2026-01-13,META,put,ATM,market,70.0,5,120.0,OPPORTUNITY/HINDSIGHT,09:35,09:55,10:05,10:50,12:10,12:30
2026-01-13,META,put,ATM,market,75.0,5,120.0,OPPORTUNITY/HINDSIGHT,09:35,09:55,10:05,10:50,12:10,12:30
2026-01-13,META,put,ATM,market,80.0,4,130.0,OPPORTUNITY/HINDSIGHT,09:35,09:55,10:05,10:50,12:10,13:05
2026-01-13,META,put,ATM,market,90.0,5,125.0,OPPORTUNITY/HINDSIGHT,09:35,09:55,10:05,11:00,12:15,12:30
2026-01-13,META,put,ATM,market,100.0,3,125.0,OPPORTUNITY/HINDSIGHT,09:35,09:55,10:05,11:00,12:15,13:05
2026-01-13,META,put,ITM,mid,20.0,6,80.0,OPPORTUNITY/HINDSIGHT,09:35,09:45,09:45,09:55,10:05,10:20
2026-01-13,META,put,ITM,mid,25.0,6,80.0,OPPORTUNITY/HINDSIGHT,09:35,09:50,09:50,09:55,10:05,10:20
2026-01-13,META,put,ITM,mid,30.0,4,75.0,OPPORTUNITY/HINDSIGHT,09:35,09:50,09:50,09:55,10:05,10:50
2026-01-13,META,put,ITM,mid,40.0,2,65.0,OPPORTUNITY/HINDSIGHT,09:35,09:55,10:05,10:50,,
2026-01-13,META,put,ITM,mid,50.0,2,65.0,OPPORTUNITY/HINDSIGHT,09:35,09:55,10:05,10:50,,
2026-01-13,META,put,ITM,mid,60.0,2,65.0,OPPORTUNITY/HINDSIGHT,09:35,09:55,10:05,10:50,,
2026-01-13,META,put,ITM,mid,70.0,2,75.0,OPPORTUNITY/HINDSIGHT,09:35,09:55,10:05,11:00,,
2026-01-13,META,put,ITM,mid,75.0,2,75.0,OPPORTUNITY/HINDSIGHT,09:35,09:55,10:05,11:00,,
2026-01-13,META,put,ITM,mid,80.0,1,85.0,OPPORTUNITY/HINDSIGHT,09:35,11:00,,,,
2026-01-13,META,put,ITM,mid,90.0,1,55.0,OPPORTUNITY/HINDSIGHT,10:05,11:00,,,,
2026-01-13,META,put,ITM,mid,100.0,1,40.0,OPPORTUNITY/HINDSIGHT,10:10,10:50,,,,
2026-01-13,META,put,ITM,market,20.0,6,80.0,OPPORTUNITY/HINDSIGHT,09:35,09:50,09:50,09:55,10:05,10:20
2026-01-13,META,put,ITM,market,25.0,4,75.0,OPPORTUNITY/HINDSIGHT,09:35,09:50,09:50,09:55,10:05,10:50
2026-01-13,META,put,ITM,market,30.0,3,65.0,OPPORTUNITY/HINDSIGHT,09:35,09:50,09:50,09:55,10:05,10:50
2026-01-13,META,put,ITM,market,40.0,2,65.0,OPPORTUNITY/HINDSIGHT,09:35,09:55,10:05,10:50,,
2026-01-13,META,put,ITM,market,50.0,2,65.0,OPPORTUNITY/HINDSIGHT,09:35,09:55,10:05,10:50,,
2026-01-13,META,put,ITM,market,60.0,2,75.0,OPPORTUNITY/HINDSIGHT,09:35,09:55,10:05,11:00,,
2026-01-13,META,put,ITM,market,70.0,1,85.0,OPPORTUNITY/HINDSIGHT,09:35,11:00,,,,
2026-01-13,META,put,ITM,market,75.0,1,80.0,OPPORTUNITY/HINDSIGHT,09:40,11:00,,,,
2026-01-13,META,put,ITM,market,80.0,1,55.0,OPPORTUNITY/HINDSIGHT,10:05,11:00,,,,
2026-01-13,META,put,ITM,market,90.0,1,40.0,OPPORTUNITY/HINDSIGHT,10:10,10:50,,,,
2026-01-13,META,put,ITM,market,100.0,1,50.0,OPPORTUNITY/HINDSIGHT,10:10,11:00,,,,
2026-01-14,META,call,ITM,mid,20.0,7,310.0,OPPORTUNITY/HINDSIGHT,09:35,09:40,09:50,10:55,11:00,11:05
2026-01-14,META,call,ITM,mid,25.0,6,310.0,OPPORTUNITY/HINDSIGHT,09:35,09:40,09:50,10:55,11:00,11:05
2026-01-14,META,call,ITM,mid,30.0,6,310.0,OPPORTUNITY/HINDSIGHT,09:35,09:40,09:50,10:55,11:00,11:05
2026-01-14,META,call,ITM,mid,40.0,4,275.0,OPPORTUNITY/HINDSIGHT,10:00,10:55,11:25,12:10,12:25,12:55
2026-01-14,META,call,ITM,mid,50.0,4,230.0,OPPORTUNITY/HINDSIGHT,10:25,10:55,11:25,12:10,12:30,12:45
2026-01-14,META,call,ITM,mid,60.0,4,225.0,OPPORTUNITY/HINDSIGHT,10:30,10:55,11:25,12:10,12:30,12:45
2026-01-14,META,call,ITM,mid,70.0,2,205.0,OPPORTUNITY/HINDSIGHT,11:25,12:55,13:45,15:40,,
2026-01-14,META,call,ITM,mid,75.0,2,215.0,OPPORTUNITY/HINDSIGHT,11:25,12:55,13:45,15:50,,
2026-01-14,META,call,ITM,mid,80.0,2,215.0,OPPORTUNITY/HINDSIGHT,11:25,12:55,13:45,15:50,,
2026-01-14,META,call,ITM,mid,90.0,3,170.0,OPPORTUNITY/HINDSIGHT,11:50,12:10,12:30,12:55,13:45,15:50
2026-01-14,META,call,ITM,mid,100.0,2,190.0,OPPORTUNITY/HINDSIGHT,11:50,12:55,13:45,15:50,,
2026-01-14,META,call,ITM,market,20.0,6,310.0,OPPORTUNITY/HINDSIGHT,09:35,09:40,09:50,10:55,11:00,11:05
2026-01-14,META,call,ITM,market,25.0,6,310.0,OPPORTUNITY/HINDSIGHT,09:35,09:40,09:50,10:55,11:00,11:05
2026-01-14,META,call,ITM,market,30.0,4,275.0,OPPORTUNITY/HINDSIGHT,10:00,10:55,11:25,12:10,12:25,12:55
2026-01-14,META,call,ITM,market,40.0,5,260.0,OPPORTUNITY/HINDSIGHT,10:05,10:55,11:25,12:10,12:30,12:45
2026-01-14,META,call,ITM,market,50.0,4,230.0,OPPORTUNITY/HINDSIGHT,10:25,10:55,11:25,12:10,12:30,12:45
2026-01-14,META,call,ITM,market,60.0,2,205.0,OPPORTUNITY/HINDSIGHT,11:25,12:55,13:45,15:40,,
2026-01-14,META,call,ITM,market,70.0,2,215.0,OPPORTUNITY/HINDSIGHT,11:25,12:55,13:45,15:50,,
2026-01-14,META,call,ITM,market,75.0,2,210.0,OPPORTUNITY/HINDSIGHT,11:30,12:55,13:45,15:50,,
2026-01-14,META,call,ITM,market,80.0,3,170.0,OPPORTUNITY/HINDSIGHT,11:50,12:10,12:30,12:55,13:45,15:50
2026-01-14,META,call,ITM,market,90.0,3,170.0,OPPORTUNITY/HINDSIGHT,11:50,12:10,12:30,12:55,13:45,15:50
2026-01-14,META,call,ITM,market,100.0,2,190.0,OPPORTUNITY/HINDSIGHT,11:50,12:55,13:45,15:50,,
2026-01-14,META,call,ATM,mid,20.0,9,300.0,OPPORTUNITY/HINDSIGHT,09:35,09:40,09:50,09:55,10:00,10:15
2026-01-14,META,call,ATM,mid,25.0,7,305.0,OPPORTUNITY/HINDSIGHT,09:35,09:40,09:50,10:55,11:00,11:05
2026-01-14,META,call,ATM,mid,30.0,7,300.0,OPPORTUNITY/HINDSIGHT,09:35,09:40,09:50,10:55,11:00,11:05
2026-01-14,META,call,ATM,mid,40.0,6,300.0,OPPORTUNITY/HINDSIGHT,09:35,09:40,10:00,10:55,11:00,11:05
2026-01-14,META,call,ATM,mid,50.0,4,275.0,OPPORTUNITY/HINDSIGHT,10:00,10:55,11:25,12:10,12:25,12:55
2026-01-14,META,call,ATM,mid,60.0,4,270.0,OPPORTUNITY/HINDSIGHT,10:00,10:55,11:25,12:10,12:25,12:55
2026-01-14,META,call,ATM,mid,70.0,5,240.0,OPPORTUNITY/HINDSIGHT,10:25,10:55,11:25,12:10,12:30,12:45
2026-01-14,META,call,ATM,mid,75.0,5,240.0,OPPORTUNITY/HINDSIGHT,10:25,10:55,11:25,12:10,12:30,12:45
2026-01-14,META,call,ATM,mid,80.0,5,240.0,OPPORTUNITY/HINDSIGHT,10:25,10:55,11:25,12:10,12:30,12:45
2026-01-14,META,call,ATM,mid,90.0,4,215.0,OPPORTUNITY/HINDSIGHT,10:40,10:55,11:25,12:10,12:30,12:45
2026-01-14,META,call,ATM,mid,100.0,3,185.0,OPPORTUNITY/HINDSIGHT,11:25,12:10,12:30,12:45,13:45,15:50
2026-01-14,META,call,ATM,market,20.0,7,305.0,OPPORTUNITY/HINDSIGHT,09:35,09:40,09:50,10:55,11:00,11:05
2026-01-14,META,call,ATM,market,25.0,7,300.0,OPPORTUNITY/HINDSIGHT,09:35,09:40,09:50,10:55,11:00,11:05
2026-01-14,META,call,ATM,market,30.0,6,310.0,OPPORTUNITY/HINDSIGHT,09:35,09:40,09:50,10:55,11:00,11:05
2026-01-14,META,call,ATM,market,40.0,5,295.0,OPPORTUNITY/HINDSIGHT,10:00,10:55,11:00,11:05,11:25,11:40
2026-01-14,META,call,ATM,market,50.0,4,270.0,OPPORTUNITY/HINDSIGHT,10:00,10:55,11:25,12:10,12:25,12:55
2026-01-14,META,call,ATM,market,60.0,5,260.0,OPPORTUNITY/HINDSIGHT,10:05,10:55,11:25,12:10,12:30,12:45
2026-01-14,META,call,ATM,market,70.0,5,240.0,OPPORTUNITY/HINDSIGHT,10:25,10:55,11:25,12:10,12:30,12:45
2026-01-14,META,call,ATM,market,75.0,5,235.0,OPPORTUNITY/HINDSIGHT,10:30,10:55,11:25,12:10,12:30,12:45
2026-01-14,META,call,ATM,market,80.0,4,225.0,OPPORTUNITY/HINDSIGHT,10:30,10:55,11:25,12:10,12:30,12:45
2026-01-14,META,call,ATM,market,90.0,3,185.0,OPPORTUNITY/HINDSIGHT,11:25,12:10,12:30,12:45,13:45,15:50
2026-01-14,META,call,ATM,market,100.0,2,215.0,OPPORTUNITY/HINDSIGHT,11:25,12:55,13:45,15:50,,
2026-01-14,META,call,OTM1,mid,20.0,12,250.0,OPPORTUNITY/HINDSIGHT,09:35,09:40,09:50,09:55,10:00,10:15
2026-01-14,META,call,OTM1,mid,25.0,12,245.0,OPPORTUNITY/HINDSIGHT,09:35,09:40,09:50,09:55,10:00,10:15
2026-01-14,META,call,OTM1,mid,30.0,11,230.0,OPPORTUNITY/HINDSIGHT,09:35,09:40,09:50,09:55,10:00,10:15
2026-01-14,META,call,OTM1,mid,40.0,9,240.0,OPPORTUNITY/HINDSIGHT,09:35,09:40,09:50,10:55,11:00,11:05
2026-01-14,META,call,OTM1,mid,50.0,7,225.0,OPPORTUNITY/HINDSIGHT,09:35,09:40,10:00,10:15,10:20,10:55
2026-01-14,META,call,OTM1,mid,60.0,6,230.0,OPPORTUNITY/HINDSIGHT,09:35,09:40,10:00,10:55,11:00,11:05
2026-01-14,META,call,OTM1,mid,70.0,6,205.0,OPPORTUNITY/HINDSIGHT,10:00,10:55,11:00,11:05,11:25,11:40
2026-01-14,META,call,OTM1,mid,75.0,4,205.0,OPPORTUNITY/HINDSIGHT,10:00,10:55,11:25,12:10,12:25,12:55
2026-01-14,META,call,OTM1,mid,80.0,4,205.0,OPPORTUNITY/HINDSIGHT,10:00,10:55,11:25,12:10,12:25,12:55
2026-01-14,META,call,OTM1,mid,90.0,4,200.0,OPPORTUNITY/HINDSIGHT,10:05,10:55,11:25,12:10,12:25,12:55
2026-01-14,META,call,OTM1,mid,100.0,5,175.0,OPPORTUNITY/HINDSIGHT,10:25,10:55,11:25,12:10,12:30,12:45
2026-01-14,META,call,OTM1,market,20.0,12,245.0,OPPORTUNITY/HINDSIGHT,09:35,09:40,09:50,09:55,10:00,10:15
2026-01-14,META,call,OTM1,market,25.0,11,230.0,OPPORTUNITY/HINDSIGHT,09:35,09:40,09:50,09:55,10:00,10:15
2026-01-14,META,call,OTM1,market,30.0,9,240.0,OPPORTUNITY/HINDSIGHT,09:35,09:40,09:50,10:55,11:00,11:05
2026-01-14,META,call,OTM1,market,40.0,10,220.0,OPPORTUNITY/HINDSIGHT,09:35,09:40,10:00,10:15,10:20,10:55
2026-01-14,META,call,OTM1,market,50.0,6,230.0,OPPORTUNITY/HINDSIGHT,09:35,09:40,10:00,10:55,11:00,11:05
2026-01-14,META,call,OTM1,market,60.0,6,205.0,OPPORTUNITY/HINDSIGHT,10:00,10:55,11:00,11:05,11:25,11:40
2026-01-14,META,call,OTM1,market,70.0,4,205.0,OPPORTUNITY/HINDSIGHT,10:00,10:55,11:25,12:10,12:25,12:55
2026-01-14,META,call,OTM1,market,75.0,4,205.0,OPPORTUNITY/HINDSIGHT,10:00,10:55,11:25,12:10,12:25,12:55
2026-01-14,META,call,OTM1,market,80.0,4,200.0,OPPORTUNITY/HINDSIGHT,10:05,10:55,11:25,12:10,12:25,12:55
2026-01-14,META,call,OTM1,market,90.0,4,180.0,OPPORTUNITY/HINDSIGHT,10:25,10:55,11:25,12:10,12:25,12:55
2026-01-14,META,call,OTM1,market,100.0,5,175.0,OPPORTUNITY/HINDSIGHT,10:25,10:55,11:25,12:10,12:30,12:45
2026-01-14,META,call,OTM2+,mid,20.0,10,225.0,OPPORTUNITY/HINDSIGHT,09:35,09:40,09:50,09:55,10:00,10:10
2026-01-14,META,call,OTM2+,mid,25.0,10,225.0,OPPORTUNITY/HINDSIGHT,09:35,09:40,09:50,09:55,10:00,10:10
2026-01-14,META,call,OTM2+,mid,30.0,10,220.0,OPPORTUNITY/HINDSIGHT,09:35,09:40,09:50,09:55,10:00,10:15
2026-01-14,META,call,OTM2+,mid,40.0,7,225.0,OPPORTUNITY/HINDSIGHT,09:35,09:40,09:50,10:55,11:00,11:05
2026-01-14,META,call,OTM2+,mid,50.0,8,155.0,OPPORTUNITY/HINDSIGHT,09:35,09:40,10:00,10:15,10:20,10:55
2026-01-14,META,call,OTM2+,mid,60.0,8,155.0,OPPORTUNITY/HINDSIGHT,09:35,09:40,10:00,10:15,10:20,10:55
2026-01-14,META,call,OTM2+,mid,70.0,8,150.0,OPPORTUNITY/HINDSIGHT,09:35,09:40,10:00,10:15,10:20,10:55
2026-01-14,META,call,OTM2+,mid,75.0,8,150.0,OPPORTUNITY/HINDSIGHT,09:35,09:40,10:00,10:15,10:20,10:55
2026-01-14,META,call,OTM2+,mid,80.0,10,140.0,OPPORTUNITY/HINDSIGHT,09:35,09:40,10:00,10:15,10:25,10:35
2026-01-14,META,call,OTM2+,mid,90.0,7,140.0,OPPORTUNITY/HINDSIGHT,10:00,10:15,10:25,10:55,11:00,11:05
2026-01-14,META,call,OTM2+,mid,100.0,4,150.0,OPPORTUNITY/HINDSIGHT,10:00,10:55,11:25,12:10,12:25,12:55
2026-01-14,META,call,OTM2+,market,20.0,10,225.0,OPPORTUNITY/HINDSIGHT,09:35,09:40,09:50,09:55,10:00,10:10
2026-01-14,META,call,OTM2+,market,25.0,10,220.0,OPPORTUNITY/HINDSIGHT,09:35,09:40,09:50,09:55,10:00,10:15
2026-01-14,META,call,OTM2+,market,30.0,9,220.0,OPPORTUNITY/HINDSIGHT,09:35,09:40,09:50,09:55,10:00,10:15
2026-01-14,META,call,OTM2+,market,40.0,8,210.0,OPPORTUNITY/HINDSIGHT,09:35,09:40,10:00,10:15,10:20,10:55
2026-01-14,META,call,OTM2+,market,50.0,8,155.0,OPPORTUNITY/HINDSIGHT,09:35,09:40,10:00,10:15,10:20,10:55
2026-01-14,META,call,OTM2+,market,60.0,8,150.0,OPPORTUNITY/HINDSIGHT,09:35,09:40,10:00,10:15,10:20,10:55
2026-01-14,META,call,OTM2+,market,70.0,8,150.0,OPPORTUNITY/HINDSIGHT,09:35,09:40,10:00,10:15,10:20,10:55
2026-01-14,META,call,OTM2+,market,75.0,10,140.0,OPPORTUNITY/HINDSIGHT,09:35,09:40,10:00,10:15,10:25,10:35
2026-01-14,META,call,OTM2+,market,80.0,9,135.0,OPPORTUNITY/HINDSIGHT,10:00,10:15,10:25,10:35,10:40,10:50
2026-01-14,META,call,OTM2+,market,90.0,5,155.0,OPPORTUNITY/HINDSIGHT,10:00,10:55,11:00,11:05,11:25,12:10
2026-01-14,META,call,OTM2+,market,100.0,4,150.0,OPPORTUNITY/HINDSIGHT,10:00,10:55,11:25,12:10,12:25,12:55
2026-01-14,META,put,OTM2+,mid,20.0,8,130.0,OPPORTUNITY/HINDSIGHT,09:35,10:00,10:10,10:40,10:45,11:25
2026-01-14,META,put,OTM2+,mid,25.0,7,130.0,OPPORTUNITY/HINDSIGHT,09:35,10:00,10:10,10:40,10:45,11:25
2026-01-14,META,put,OTM2+,mid,30.0,7,130.0,OPPORTUNITY/HINDSIGHT,09:35,10:00,10:10,10:40,10:45,11:25
2026-01-14,META,put,OTM2+,mid,40.0,5,150.0,OPPORTUNITY/HINDSIGHT,09:35,11:25,12:10,12:25,12:55,13:00
2026-01-14,META,put,OTM2+,mid,50.0,4,150.0,OPPORTUNITY/HINDSIGHT,09:35,11:25,12:10,12:25,12:55,13:10
2026-01-14,META,put,OTM2+,mid,60.0,4,155.0,OPPORTUNITY/HINDSIGHT,09:35,11:25,12:10,12:25,12:55,13:10
2026-01-14,META,put,OTM2+,mid,70.0,4,155.0,OPPORTUNITY/HINDSIGHT,09:35,11:25,12:10,12:25,12:55,13:10
2026-01-14,META,put,OTM2+,mid,75.0,4,155.0,OPPORTUNITY/HINDSIGHT,09:35,11:25,12:10,12:25,12:55,13:10
2026-01-14,META,put,OTM2+,mid,80.0,4,180.0,OPPORTUNITY/HINDSIGHT,09:35,11:50,12:10,12:25,12:55,13:10
2026-01-14,META,put,OTM2+,mid,90.0,4,180.0,OPPORTUNITY/HINDSIGHT,09:35,11:50,12:10,12:25,12:55,13:10
2026-01-14,META,put,OTM2+,mid,100.0,4,185.0,OPPORTUNITY/HINDSIGHT,09:35,11:50,12:10,12:30,12:55,13:10
2026-01-14,META,put,OTM2+,market,20.0,7,130.0,OPPORTUNITY/HINDSIGHT,09:35,10:00,10:10,10:40,10:45,11:25
2026-01-14,META,put,OTM2+,market,25.0,7,130.0,OPPORTUNITY/HINDSIGHT,09:35,10:00,10:10,10:40,10:45,11:25
2026-01-14,META,put,OTM2+,market,30.0,6,140.0,OPPORTUNITY/HINDSIGHT,09:35,10:40,10:45,11:25,12:10,12:25
2026-01-14,META,put,OTM2+,market,40.0,4,145.0,OPPORTUNITY/HINDSIGHT,09:35,11:25,12:10,12:25,12:55,13:00
2026-01-14,META,put,OTM2+,market,50.0,4,150.0,OPPORTUNITY/HINDSIGHT,09:35,11:25,12:10,12:25,12:55,13:10
2026-01-14,META,put,OTM2+,market,60.0,4,155.0,OPPORTUNITY/HINDSIGHT,09:35,11:25,12:10,12:25,12:55,13:10
2026-01-14,META,put,OTM2+,market,70.0,4,155.0,OPPORTUNITY/HINDSIGHT,09:35,11:25,12:10,12:25,12:55,13:10
2026-01-14,META,put,OTM2+,market,75.0,4,180.0,OPPORTUNITY/HINDSIGHT,09:35,11:50,12:10,12:25,12:55,13:10
2026-01-14,META,put,OTM2+,market,80.0,4,180.0,OPPORTUNITY/HINDSIGHT,09:35,11:50,12:10,12:25,12:55,13:10
2026-01-14,META,put,OTM2+,market,90.0,4,185.0,OPPORTUNITY/HINDSIGHT,09:35,11:50,12:10,12:30,12:55,13:10
2026-01-14,META,put,OTM2+,market,100.0,4,185.0,OPPORTUNITY/HINDSIGHT,09:35,11:50,12:10,12:30,12:55,13:10
2026-01-14,META,put,OTM1,mid,20.0,4,275.0,OPPORTUNITY/HINDSIGHT,09:35,10:00,10:00,11:25,11:25,11:50
2026-01-14,META,put,OTM1,mid,25.0,3,275.0,OPPORTUNITY/HINDSIGHT,09:35,10:00,10:00,11:25,11:25,14:10
2026-01-14,META,put,OTM1,mid,30.0,3,275.0,OPPORTUNITY/HINDSIGHT,09:35,10:40,10:40,11:30,11:30,14:10
2026-01-14,META,put,OTM1,mid,40.0,2,275.0,OPPORTUNITY/HINDSIGHT,09:35,11:25,11:25,14:10,,
2026-01-14,META,put,OTM1,mid,50.0,2,275.0,OPPORTUNITY/HINDSIGHT,09:35,11:25,11:25,14:10,,
2026-01-14,META,put,OTM1,mid,60.0,2,275.0,OPPORTUNITY/HINDSIGHT,09:35,11:25,11:25,14:10,,
2026-01-14,META,put,OTM1,mid,70.0,2,275.0,OPPORTUNITY/HINDSIGHT,09:35,11:25,11:25,14:10,,
2026-01-14,META,put,OTM1,mid,75.0,2,280.0,OPPORTUNITY/HINDSIGHT,09:35,11:30,11:30,14:15,,
2026-01-14,META,put,OTM1,mid,80.0,2,280.0,OPPORTUNITY/HINDSIGHT,09:35,11:50,11:50,14:15,,
2026-01-14,META,put,OTM1,mid,90.0,2,280.0,OPPORTUNITY/HINDSIGHT,09:35,11:50,11:50,14:15,,
2026-01-14,META,put,OTM1,mid,100.0,2,280.0,OPPORTUNITY/HINDSIGHT,09:35,11:50,11:50,14:15,,
2026-01-14,META,put,OTM1,market,20.0,3,275.0,OPPORTUNITY/HINDSIGHT,09:35,10:00,10:00,11:25,11:25,14:10
2026-01-14,META,put,OTM1,market,25.0,3,275.0,OPPORTUNITY/HINDSIGHT,09:35,10:40,10:40,11:30,11:30,14:10
2026-01-14,META,put,OTM1,market,30.0,3,275.0,OPPORTUNITY/HINDSIGHT,09:35,10:40,10:40,11:50,11:50,14:10
2026-01-14,META,put,OTM1,market,40.0,2,275.0,OPPORTUNITY/HINDSIGHT,09:35,11:25,11:25,14:10,,
2026-01-14,META,put,OTM1,market,50.0,2,275.0,OPPORTUNITY/HINDSIGHT,09:35,11:25,11:25,14:10,,
2026-01-14,META,put,OTM1,market,60.0,2,275.0,OPPORTUNITY/HINDSIGHT,09:35,11:25,11:25,14:10,,
2026-01-14,META,put,OTM1,market,70.0,2,280.0,OPPORTUNITY/HINDSIGHT,09:35,11:50,11:50,14:15,,
2026-01-14,META,put,OTM1,market,75.0,2,280.0,OPPORTUNITY/HINDSIGHT,09:35,11:50,11:50,14:15,,
2026-01-14,META,put,OTM1,market,80.0,2,280.0,OPPORTUNITY/HINDSIGHT,09:35,11:50,11:50,14:15,,
2026-01-14,META,put,OTM1,market,90.0,2,280.0,OPPORTUNITY/HINDSIGHT,09:35,11:50,11:50,14:15,,
2026-01-14,META,put,OTM1,market,100.0,2,280.0,OPPORTUNITY/HINDSIGHT,09:35,12:30,12:30,14:15,,
2026-01-14,META,put,ATM,mid,20.0,9,315.0,OPPORTUNITY/HINDSIGHT,09:35,10:00,10:00,11:25,11:25,12:30
2026-01-14,META,put,ATM,mid,25.0,8,315.0,OPPORTUNITY/HINDSIGHT,09:35,10:40,10:40,11:25,11:25,14:10
2026-01-14,META,put,ATM,mid,30.0,8,315.0,OPPORTUNITY/HINDSIGHT,09:35,10:40,10:40,11:50,11:50,14:10
2026-01-14,META,put,ATM,mid,40.0,8,320.0,OPPORTUNITY/HINDSIGHT,09:35,11:25,11:25,14:10,14:10,14:15
2026-01-14,META,put,ATM,mid,50.0,5,295.0,OPPORTUNITY/HINDSIGHT,09:35,11:25,11:25,14:10,14:10,14:15
2026-01-14,META,put,ATM,mid,60.0,5,300.0,OPPORTUNITY/HINDSIGHT,09:35,11:25,11:25,14:10,14:10,14:15
2026-01-14,META,put,ATM,mid,70.0,4,300.0,OPPORTUNITY/HINDSIGHT,09:35,11:50,11:50,14:15,14:20,14:30
2026-01-14,META,put,ATM,mid,75.0,4,300.0,OPPORTUNITY/HINDSIGHT,09:35,11:50,11:50,14:15,14:20,14:30
2026-01-14,META,put,ATM,mid,80.0,4,300.0,OPPORTUNITY/HINDSIGHT,09:35,11:50,11:50,14:15,14:20,14:30
2026-01-14,META,put,ATM,mid,90.0,4,300.0,OPPORTUNITY/HINDSIGHT,09:35,12:30,12:30,14:15,14:20,14:30
2026-01-14,META,put,ATM,mid,100.0,3,310.0,OPPORTUNITY/HINDSIGHT,09:35,14:10,14:10,14:35,14:55,15:05
2026-01-14,META,put,ATM,market,20.0,8,315.0,OPPORTUNITY/HINDSIGHT,09:35,10:40,10:40,11:25,11:25,14:10
2026-01-14,META,put,ATM,market,25.0,8,315.0,OPPORTUNITY/HINDSIGHT,09:35,10:40,10:40,11:50,11:50,14:10
2026-01-14,META,put,ATM,market,30.0,8,315.0,OPPORTUNITY/HINDSIGHT,09:35,11:25,11:25,14:10,14:10,14:15
2026-01-14,META,put,ATM,market,40.0,6,305.0,OPPORTUNITY/HINDSIGHT,09:35,11:25,11:25,14:10,14:10,14:15
2026-01-14,META,put,ATM,market,50.0,5,300.0,OPPORTUNITY/HINDSIGHT,09:35,11:25,11:25,14:10,14:10,14:15
2026-01-14,META,put,ATM,market,60.0,4,300.0,OPPORTUNITY/HINDSIGHT,09:35,11:50,11:50,14:15,14:20,14:30
2026-01-14,META,put,ATM,market,70.0,4,300.0,OPPORTUNITY/HINDSIGHT,09:35,11:50,11:50,14:15,14:20,14:30
2026-01-14,META,put,ATM,market,75.0,4,300.0,OPPORTUNITY/HINDSIGHT,09:35,11:50,11:50,14:15,14:20,14:30
2026-01-14,META,put,ATM,market,80.0,4,300.0,OPPORTUNITY/HINDSIGHT,09:35,12:30,12:30,14:15,14:20,14:30
2026-01-14,META,put,ATM,market,90.0,3,310.0,OPPORTUNITY/HINDSIGHT,09:35,14:10,14:10,14:35,14:55,15:05
2026-01-14,META,put,ATM,market,100.0,3,315.0,OPPORTUNITY/HINDSIGHT,09:35,14:10,14:10,14:35,14:55,15:10
2026-01-14,META,put,ITM,mid,20.0,10,320.0,OPPORTUNITY/HINDSIGHT,09:35,10:40,10:40,11:25,11:25,12:30
2026-01-14,META,put,ITM,mid,25.0,5,300.0,OPPORTUNITY/HINDSIGHT,09:35,11:25,11:25,14:10,14:10,14:15
2026-01-14,META,put,ITM,mid,30.0,5,300.0,OPPORTUNITY/HINDSIGHT,09:35,11:25,11:25,14:10,14:10,14:15
2026-01-14,META,put,ITM,mid,40.0,4,305.0,OPPORTUNITY/HINDSIGHT,09:35,11:25,11:25,14:10,14:10,14:30
2026-01-14,META,put,ITM,mid,50.0,4,310.0,OPPORTUNITY/HINDSIGHT,09:35,11:50,11:50,14:15,14:20,14:35
2026-01-14,META,put,ITM,mid,60.0,3,295.0,OPPORTUNITY/HINDSIGHT,09:35,11:50,11:50,14:15,14:20,14:35
2026-01-14,META,put,ITM,mid,70.0,1,275.0,OPPORTUNITY/HINDSIGHT,09:35,14:10,,,,
2026-01-14,META,put,ITM,mid,75.0,1,275.0,OPPORTUNITY/HINDSIGHT,09:35,14:10,,,,
2026-01-14,META,put,ITM,mid,80.0,1,275.0,OPPORTUNITY/HINDSIGHT,09:35,14:10,,,,
2026-01-14,META,put,ITM,mid,90.0,1,275.0,OPPORTUNITY/HINDSIGHT,09:35,14:10,,,,
2026-01-14,META,put,ITM,mid,100.0,1,275.0,OPPORTUNITY/HINDSIGHT,09:35,14:10,,,,
2026-01-14,META,put,ITM,market,20.0,5,300.0,OPPORTUNITY/HINDSIGHT,09:35,11:25,11:25,14:10,14:10,14:15
2026-01-14,META,put,ITM,market,25.0,5,300.0,OPPORTUNITY/HINDSIGHT,09:35,11:25,11:25,14:10,14:10,14:15
2026-01-14,META,put,ITM,market,30.0,5,300.0,OPPORTUNITY/HINDSIGHT,09:35,11:25,11:25,14:10,14:10,14:15
2026-01-14,META,put,ITM,market,40.0,4,310.0,OPPORTUNITY/HINDSIGHT,09:35,11:30,11:30,14:10,14:10,14:30
2026-01-14,META,put,ITM,market,50.0,3,295.0,OPPORTUNITY/HINDSIGHT,09:35,11:50,11:50,14:15,14:20,14:35
2026-01-14,META,put,ITM,market,60.0,2,295.0,OPPORTUNITY/HINDSIGHT,09:35,12:30,12:30,14:30,,
2026-01-14,META,put,ITM,market,70.0,1,275.0,OPPORTUNITY/HINDSIGHT,09:35,14:10,,,,
2026-01-14,META,put,ITM,market,75.0,1,275.0,OPPORTUNITY/HINDSIGHT,09:35,14:10,,,,
2026-01-14,META,put,ITM,market,80.0,1,275.0,OPPORTUNITY/HINDSIGHT,09:35,14:10,,,,
2026-01-14,META,put,ITM,market,90.0,1,275.0,OPPORTUNITY/HINDSIGHT,09:35,14:10,,,,
2026-01-14,META,put,ITM,market,100.0,1,280.0,OPPORTUNITY/HINDSIGHT,09:35,14:15,,,,
2026-01-15,META,call,ITM,mid,20.0,2,20.0,OPPORTUNITY/HINDSIGHT,09:35,09:45,09:50,10:00,,
2026-01-15,META,call,ITM,mid,25.0,2,20.0,OPPORTUNITY/HINDSIGHT,09:35,09:45,09:50,10:00,,
2026-01-15,META,call,ITM,mid,30.0,2,20.0,OPPORTUNITY/HINDSIGHT,09:35,09:45,09:50,10:00,,
2026-01-15,META,call,ITM,mid,40.0,1,10.0,OPPORTUNITY/HINDSIGHT,09:35,09:45,,,,
2026-01-15,META,call,ITM,mid,50.0,1,10.0,OPPORTUNITY/HINDSIGHT,09:35,09:45,,,,
2026-01-15,META,call,ITM,mid,60.0,1,10.0,OPPORTUNITY/HINDSIGHT,09:35,09:45,,,,
2026-01-15,META,call,ITM,mid,70.0,1,10.0,OPPORTUNITY/HINDSIGHT,09:35,09:45,,,,
2026-01-15,META,call,ITM,mid,75.0,1,10.0,OPPORTUNITY/HINDSIGHT,09:35,09:45,,,,
2026-01-15,META,call,ITM,mid,80.0,1,10.0,OPPORTUNITY/HINDSIGHT,09:35,09:45,,,,
2026-01-15,META,call,ITM,mid,90.0,1,25.0,OPPORTUNITY/HINDSIGHT,09:35,10:00,,,,
2026-01-15,META,call,ITM,mid,100.0,1,25.0,OPPORTUNITY/HINDSIGHT,09:35,10:00,,,,
2026-01-15,META,call,ITM,market,20.0,2,20.0,OPPORTUNITY/HINDSIGHT,09:35,09:45,09:50,10:00,,
2026-01-15,META,call,ITM,market,25.0,2,20.0,OPPORTUNITY/HINDSIGHT,09:35,09:45,09:50,10:00,,
2026-01-15,META,call,ITM,market,30.0,2,20.0,OPPORTUNITY/HINDSIGHT,09:35,09:45,09:50,10:00,,
2026-01-15,META,call,ITM,market,40.0,1,10.0,OPPORTUNITY/HINDSIGHT,09:35,09:45,,,,
2026-01-15,META,call,ITM,market,50.0,1,10.0,OPPORTUNITY/HINDSIGHT,09:35,09:45,,,,
2026-01-15,META,call,ITM,market,60.0,1,10.0,OPPORTUNITY/HINDSIGHT,09:35,09:45,,,,
2026-01-15,META,call,ITM,market,70.0,1,10.0,OPPORTUNITY/HINDSIGHT,09:35,09:45,,,,
2026-01-15,META,call,ITM,market,75.0,1,10.0,OPPORTUNITY/HINDSIGHT,09:35,09:45,,,,
2026-01-15,META,call,ITM,market,80.0,1,25.0,OPPORTUNITY/HINDSIGHT,09:35,10:00,,,,
2026-01-15,META,call,ITM,market,90.0,1,25.0,OPPORTUNITY/HINDSIGHT,09:35,10:00,,,,
2026-01-15,META,call,ATM,mid,20.0,5,25.0,OPPORTUNITY/HINDSIGHT,09:35,09:40,09:40,09:45,09:50,09:55
2026-01-15,META,call,ATM,mid,25.0,3,25.0,OPPORTUNITY/HINDSIGHT,09:35,09:45,09:50,10:00,10:50,10:55
2026-01-15,META,call,ATM,mid,30.0,3,30.0,OPPORTUNITY/HINDSIGHT,09:35,09:45,09:50,10:00,10:50,11:00
2026-01-15,META,call,ATM,mid,40.0,2,20.0,OPPORTUNITY/HINDSIGHT,09:35,09:45,09:50,10:00,,
2026-01-15,META,call,ATM,mid,50.0,2,20.0,OPPORTUNITY/HINDSIGHT,09:35,09:45,09:50,10:00,,
2026-01-15,META,call,ATM,mid,60.0,1,10.0,OPPORTUNITY/HINDSIGHT,09:35,09:45,,,,
2026-01-15,META,call,ATM,mid,70.0,1,10.0,OPPORTUNITY/HINDSIGHT,09:35,09:45,,,,
2026-01-15,META,call,ATM,mid,75.0,1,10.0,OPPORTUNITY/HINDSIGHT,09:35,09:45,,,,
2026-01-15,META,call,ATM,mid,80.0,1,10.0,OPPORTUNITY/HINDSIGHT,09:35,09:45,,,,
2026-01-15,META,call,ATM,mid,90.0,1,10.0,OPPORTUNITY/HINDSIGHT,09:35,09:45,,,,
2026-01-15,META,call,ATM,mid,100.0,1,10.0,OPPORTUNITY/HINDSIGHT,09:35,09:45,,,,
2026-01-15,META,call,ATM,market,20.0,3,20.0,OPPORTUNITY/HINDSIGHT,09:35,09:45,09:50,09:55,10:50,10:55
2026-01-15,META,call,ATM,market,25.0,3,30.0,OPPORTUNITY/HINDSIGHT,09:35,09:45,09:50,10:00,10:50,11:00
2026-01-15,META,call,ATM,market,30.0,3,30.0,OPPORTUNITY/HINDSIGHT,09:35,09:45,09:50,10:00,10:50,11:00
2026-01-15,META,call,ATM,market,40.0,2,20.0,OPPORTUNITY/HINDSIGHT,09:35,09:45,09:50,10:00,,
2026-01-15,META,call,ATM,market,50.0,1,10.0,OPPORTUNITY/HINDSIGHT,09:35,09:45,,,,
2026-01-15,META,call,ATM,market,60.0,1,10.0,OPPORTUNITY/HINDSIGHT,09:35,09:45,,,,
2026-01-15,META,call,ATM,market,70.0,1,10.0,OPPORTUNITY/HINDSIGHT,09:35,09:45,,,,
2026-01-15,META,call,ATM,market,75.0,1,10.0,OPPORTUNITY/HINDSIGHT,09:35,09:45,,,,
2026-01-15,META,call,ATM,market,80.0,1,10.0,OPPORTUNITY/HINDSIGHT,09:35,09:45,,,,
2026-01-15,META,call,ATM,market,90.0,1,10.0,OPPORTUNITY/HINDSIGHT,09:35,09:45,,,,
2026-01-15,META,call,ATM,market,100.0,1,10.0,OPPORTUNITY/HINDSIGHT,09:35,09:45,,,,
2026-01-15,META,call,OTM1,mid,20.0,8,50.0,OPPORTUNITY/HINDSIGHT,09:35,09:40,09:40,09:45,09:50,09:55
2026-01-15,META,call,OTM1,mid,25.0,8,50.0,OPPORTUNITY/HINDSIGHT,09:35,09:40,09:40,09:45,09:50,09:55
2026-01-15,META,call,OTM1,mid,30.0,7,45.0,OPPORTUNITY/HINDSIGHT,09:35,09:40,09:40,09:45,09:50,09:55
2026-01-15,META,call,OTM1,mid,40.0,6,55.0,OPPORTUNITY/HINDSIGHT,09:35,09:45,09:50,10:00,10:50,11:00
2026-01-15,META,call,OTM1,mid,50.0,6,55.0,OPPORTUNITY/HINDSIGHT,09:35,09:45,09:50,10:00,10:50,11:00
2026-01-15,META,call,OTM1,mid,60.0,4,40.0,OPPORTUNITY/HINDSIGHT,09:35,09:45,09:50,10:00,11:20,11:35
2026-01-15,META,call,OTM1,mid,70.0,4,40.0,OPPORTUNITY/HINDSIGHT,09:35,09:45,09:50,10:00,11:20,11:35
2026-01-15,META,call,OTM1,mid,75.0,3,30.0,OPPORTUNITY/HINDSIGHT,09:35,09:45,11:20,11:35,11:55,12:00
2026-01-15,META,call,OTM1,mid,80.0,3,30.0,OPPORTUNITY/HINDSIGHT,09:35,09:45,11:20,11:35,11:55,12:00
2026-01-15,META,call,OTM1,mid,90.0,3,30.0,OPPORTUNITY/HINDSIGHT,09:35,09:45,11:20,11:35,11:55,12:00
2026-01-15,META,call,OTM1,mid,100.0,3,30.0,OPPORTUNITY/HINDSIGHT,09:35,09:45,11:20,11:35,11:55,12:00
2026-01-15,META,call,OTM1,market,20.0,8,50.0,OPPORTUNITY/HINDSIGHT,09:35,09:40,09:40,09:45,09:50,09:55
2026-01-15,META,call,OTM1,market,25.0,7,45.0,OPPORTUNITY/HINDSIGHT,09:35,09:40,09:40,09:45,09:50,09:55
2026-01-15,META,call,OTM1,market,30.0,6,50.0,OPPORTUNITY/HINDSIGHT,09:35,09:45,09:50,10:00,10:50,10:55
2026-01-15,META,call,OTM1,market,40.0,6,55.0,OPPORTUNITY/HINDSIGHT,09:35,09:45,09:50,10:00,10:50,11:00
2026-01-15,META,call,OTM1,market,50.0,4,40.0,OPPORTUNITY/HINDSIGHT,09:35,09:45,09:50,10:00,11:20,11:35
2026-01-15,META,call,OTM1,market,60.0,4,40.0,OPPORTUNITY/HINDSIGHT,09:35,09:45,09:50,10:00,11:20,11:35
2026-01-15,META,call,OTM1,market,70.0,3,30.0,OPPORTUNITY/HINDSIGHT,09:35,09:45,11:20,11:35,11:55,12:00
2026-01-15,META,call,OTM1,market,75.0,3,30.0,OPPORTUNITY/HINDSIGHT,09:35,09:45,11:20,11:35,11:55,12:00
2026-01-15,META,call,OTM1,market,80.0,3,30.0,OPPORTUNITY/HINDSIGHT,09:35,09:45,11:20,11:35,11:55,12:00
2026-01-15,META,call,OTM1,market,90.0,3,30.0,OPPORTUNITY/HINDSIGHT,09:35,09:45,11:20,11:35,11:55,12:00
2026-01-15,META,call,OTM1,market,100.0,3,30.0,OPPORTUNITY/HINDSIGHT,09:35,09:45,11:20,11:35,11:55,12:00
2026-01-15,META,call,OTM2+,mid,20.0,9,70.0,OPPORTUNITY/HINDSIGHT,09:35,09:40,09:40,09:45,10:50,10:55
2026-01-15,META,call,OTM2+,mid,25.0,9,70.0,OPPORTUNITY/HINDSIGHT,09:35,09:40,09:40,09:45,10:50,10:55
2026-01-15,META,call,OTM2+,mid,30.0,9,70.0,OPPORTUNITY/HINDSIGHT,09:35,09:40,09:40,09:45,10:50,10:55
2026-01-15,META,call,OTM2+,mid,40.0,8,70.0,OPPORTUNITY/HINDSIGHT,09:35,09:45,10:50,10:55,11:20,11:35
2026-01-15,META,call,OTM2+,mid,50.0,7,75.0,OPPORTUNITY/HINDSIGHT,09:35,09:45,10:50,11:00,11:20,11:35
2026-01-15,META,call,OTM2+,mid,60.0,7,75.0,OPPORTUNITY/HINDSIGHT,09:35,09:45,10:50,11:00,11:20,11:35
2026-01-15,META,call,OTM2+,mid,70.0,6,65.0,OPPORTUNITY/HINDSIGHT,09:35,09:45,11:20,11:35,11:40,11:55
2026-01-15,META,call,OTM2+,mid,75.0,5,65.0,OPPORTUNITY/HINDSIGHT,09:35,09:45,11:20,11:35,11:40,12:00
2026-01-15,META,call,OTM2+,mid,80.0,4,60.0,OPPORTUNITY/HINDSIGHT,09:35,09:45,11:20,11:35,11:40,12:00
2026-01-15,META,call,OTM2+,mid,90.0,4,60.0,OPPORTUNITY/HINDSIGHT,09:35,09:45,11:20,11:35,11:40,12:00
2026-01-15,META,call,OTM2+,mid,100.0,4,60.0,OPPORTUNITY/HINDSIGHT,09:35,09:45,11:20,11:35,11:40,12:00
2026-01-15,META,call,OTM2+,market,20.0,9,70.0,OPPORTUNITY/HINDSIGHT,09:35,09:40,09:40,09:45,10:50,10:55
2026-01-15,META,call,OTM2+,market,25.0,9,70.0,OPPORTUNITY/HINDSIGHT,09:35,09:40,09:40,09:45,10:50,10:55
2026-01-15,META,call,OTM2+,market,30.0,9,70.0,OPPORTUNITY/HINDSIGHT,09:35,09:40,09:40,09:45,10:50,10:55
2026-01-15,META,call,OTM2+,market,40.0,8,70.0,OPPORTUNITY/HINDSIGHT,09:35,09:45,10:50,10:55,11:20,11:35
2026-01-15,META,call,OTM2+,market,50.0,7,75.0,OPPORTUNITY/HINDSIGHT,09:35,09:45,10:50,11:00,11:20,11:35
2026-01-15,META,call,OTM2+,market,60.0,7,75.0,OPPORTUNITY/HINDSIGHT,09:35,09:45,10:50,11:00,11:20,11:35
2026-01-15,META,call,OTM2+,market,70.0,5,65.0,OPPORTUNITY/HINDSIGHT,09:35,09:45,11:20,11:35,11:40,12:00
2026-01-15,META,call,OTM2+,market,75.0,4,60.0,OPPORTUNITY/HINDSIGHT,09:35,09:45,11:20,11:35,11:40,12:00
2026-01-15,META,call,OTM2+,market,80.0,4,60.0,OPPORTUNITY/HINDSIGHT,09:35,09:45,11:20,11:35,11:40,12:00
2026-01-15,META,call,OTM2+,market,90.0,4,60.0,OPPORTUNITY/HINDSIGHT,09:35,09:45,11:20,11:35,11:40,12:00
2026-01-15,META,call,OTM2+,market,100.0,4,60.0,OPPORTUNITY/HINDSIGHT,09:35,09:45,11:20,11:35,11:40,12:00
2026-01-15,META,put,OTM2+,mid,20.0,1,60.0,OPPORTUNITY/HINDSIGHT,09:35,10:35,,,,
2026-01-15,META,put,OTM2+,mid,25.0,1,60.0,OPPORTUNITY/HINDSIGHT,09:35,10:35,,,,
2026-01-15,META,put,OTM2+,mid,30.0,1,60.0,OPPORTUNITY/HINDSIGHT,09:35,10:35,,,,
2026-01-15,META,put,OTM2+,mid,40.0,1,60.0,OPPORTUNITY/HINDSIGHT,09:35,10:35,,,,
2026-01-15,META,put,OTM2+,mid,50.0,1,60.0,OPPORTUNITY/HINDSIGHT,09:35,10:35,,,,
2026-01-15,META,put,OTM2+,mid,60.0,1,60.0,OPPORTUNITY/HINDSIGHT,09:35,10:35,,,,
2026-01-15,META,put,OTM2+,mid,70.0,1,60.0,OPPORTUNITY/HINDSIGHT,09:35,10:35,,,,
2026-01-15,META,put,OTM2+,mid,75.0,1,60.0,OPPORTUNITY/HINDSIGHT,09:35,10:35,,,,
2026-01-15,META,put,OTM2+,mid,80.0,1,60.0,OPPORTUNITY/HINDSIGHT,09:35,10:35,,,,
2026-01-15,META,put,OTM2+,mid,90.0,1,65.0,OPPORTUNITY/HINDSIGHT,09:35,10:40,,,,
2026-01-15,META,put,OTM2+,mid,100.0,1,65.0,OPPORTUNITY/HINDSIGHT,09:35,10:40,,,,
2026-01-15,META,put,OTM2+,market,20.0,1,60.0,OPPORTUNITY/HINDSIGHT,09:35,10:35,,,,
2026-01-15,META,put,OTM2+,market,25.0,1,60.0,OPPORTUNITY/HINDSIGHT,09:35,10:35,,,,
2026-01-15,META,put,OTM2+,market,30.0,1,60.0,OPPORTUNITY/HINDSIGHT,09:35,10:35,,,,
2026-01-15,META,put,OTM2+,market,40.0,1,60.0,OPPORTUNITY/HINDSIGHT,09:35,10:35,,,,
2026-01-15,META,put,OTM2+,market,50.0,1,60.0,OPPORTUNITY/HINDSIGHT,09:35,10:35,,,,
2026-01-15,META,put,OTM2+,market,60.0,1,60.0,OPPORTUNITY/HINDSIGHT,09:35,10:35,,,,
2026-01-15,META,put,OTM2+,market,70.0,1,60.0,OPPORTUNITY/HINDSIGHT,09:35,10:35,,,,
2026-01-15,META,put,OTM2+,market,75.0,1,60.0,OPPORTUNITY/HINDSIGHT,09:35,10:35,,,,
2026-01-15,META,put,OTM2+,market,80.0,1,65.0,OPPORTUNITY/HINDSIGHT,09:35,10:40,,,,
2026-01-15,META,put,OTM2+,market,90.0,1,65.0,OPPORTUNITY/HINDSIGHT,09:35,10:40,,,,
2026-01-15,META,put,OTM2+,market,100.0,1,65.0,OPPORTUNITY/HINDSIGHT,09:35,10:40,,,,
2026-01-15,META,put,OTM1,mid,20.0,3,70.0,OPPORTUNITY/HINDSIGHT,09:35,10:35,10:35,10:40,10:45,10:50
2026-01-15,META,put,OTM1,mid,25.0,3,70.0,OPPORTUNITY/HINDSIGHT,09:35,10:35,10:35,10:40,10:45,10:50
2026-01-15,META,put,OTM1,mid,30.0,3,70.0,OPPORTUNITY/HINDSIGHT,09:35,10:35,10:35,10:40,10:45,10:50
2026-01-15,META,put,OTM1,mid,40.0,3,70.0,OPPORTUNITY/HINDSIGHT,09:35,10:35,10:35,10:40,10:45,10:50
2026-01-15,META,put,OTM1,mid,50.0,3,70.0,OPPORTUNITY/HINDSIGHT,09:35,10:35,10:35,10:40,10:45,10:50
2026-01-15,META,put,OTM1,mid,60.0,3,70.0,OPPORTUNITY/HINDSIGHT,09:35,10:35,10:35,10:40,10:45,10:50
2026-01-15,META,put,OTM1,mid,70.0,3,70.0,OPPORTUNITY/HINDSIGHT,09:35,10:35,10:35,10:40,10:45,10:50
2026-01-15,META,put,OTM1,mid,75.0,2,70.0,OPPORTUNITY/HINDSIGHT,09:35,10:40,10:45,10:50,,
2026-01-15,META,put,OTM1,mid,80.0,2,70.0,OPPORTUNITY/HINDSIGHT,09:35,10:40,10:45,10:50,,
2026-01-15,META,put,OTM1,mid,90.0,2,90.0,OPPORTUNITY/HINDSIGHT,09:35,10:40,10:45,11:10,,
2026-01-15,META,put,OTM1,mid,100.0,2,90.0,OPPORTUNITY/HINDSIGHT,09:35,10:40,10:45,11:10,,
2026-01-15,META,put,OTM1,market,20.0,3,70.0,OPPORTUNITY/HINDSIGHT,09:35,10:35,10:35,10:40,10:45,10:50
2026-01-15,META,put,OTM1,market,25.0,3,70.0,OPPORTUNITY/HINDSIGHT,09:35,10:35,10:35,10:40,10:45,10:50
2026-01-15,META,put,OTM1,market,30.0,3,70.0,OPPORTUNITY/HINDSIGHT,09:35,10:35,10:35,10:40,10:45,10:50
2026-01-15,META,put,OTM1,market,40.0,3,70.0,OPPORTUNITY/HINDSIGHT,09:35,10:35,10:35,10:40,10:45,10:50
2026-01-15,META,put,OTM1,market,50.0,3,70.0,OPPORTUNITY/HINDSIGHT,09:35,10:35,10:35,10:40,10:45,10:50
2026-01-15,META,put,OTM1,market,60.0,3,70.0,OPPORTUNITY/HINDSIGHT,09:35,10:35,10:35,10:40,10:45,10:50
2026-01-15,META,put,OTM1,market,70.0,2,70.0,OPPORTUNITY/HINDSIGHT,09:35,10:40,10:45,10:50,,
2026-01-15,META,put,OTM1,market,75.0,2,70.0,OPPORTUNITY/HINDSIGHT,09:35,10:40,10:45,10:50,,
2026-01-15,META,put,OTM1,market,80.0,2,70.0,OPPORTUNITY/HINDSIGHT,09:35,10:40,10:45,10:50,,
2026-01-15,META,put,OTM1,market,90.0,2,90.0,OPPORTUNITY/HINDSIGHT,09:35,10:40,10:45,11:10,,
2026-01-15,META,put,OTM1,market,100.0,2,90.0,OPPORTUNITY/HINDSIGHT,09:35,10:40,10:45,11:10,,
2026-01-15,META,put,ATM,mid,20.0,4,95.0,OPPORTUNITY/HINDSIGHT,09:35,10:35,10:35,10:40,10:40,10:50
2026-01-15,META,put,ATM,mid,25.0,4,95.0,OPPORTUNITY/HINDSIGHT,09:35,10:35,10:35,10:40,10:40,10:50
2026-01-15,META,put,ATM,mid,30.0,4,95.0,OPPORTUNITY/HINDSIGHT,09:35,10:35,10:35,10:40,10:40,10:50
2026-01-15,META,put,ATM,mid,40.0,4,95.0,OPPORTUNITY/HINDSIGHT,09:35,10:35,10:35,10:40,10:40,10:50
2026-01-15,META,put,ATM,mid,50.0,4,95.0,OPPORTUNITY/HINDSIGHT,09:35,10:35,10:35,10:40,10:40,10:50
2026-01-15,META,put,ATM,mid,60.0,3,100.0,OPPORTUNITY/HINDSIGHT,09:35,10:40,10:40,10:50,10:50,11:15
2026-01-15,META,put,ATM,mid,70.0,2,95.0,OPPORTUNITY/HINDSIGHT,09:35,10:40,10:40,11:10,,
2026-01-15,META,put,ATM,mid,75.0,2,95.0,OPPORTUNITY/HINDSIGHT,09:35,10:40,10:40,11:10,,
2026-01-15,META,put,ATM,mid,80.0,2,95.0,OPPORTUNITY/HINDSIGHT,09:35,10:40,10:40,11:10,,
2026-01-15,META,put,ATM,mid,90.0,2,95.0,OPPORTUNITY/HINDSIGHT,09:35,10:40,10:40,11:10,,
2026-01-15,META,put,ATM,mid,100.0,2,95.0,OPPORTUNITY/HINDSIGHT,09:35,10:40,10:40,11:10,,
2026-01-15,META,put,ATM,market,20.0,4,95.0,OPPORTUNITY/HINDSIGHT,09:35,10:35,10:35,10:40,10:40,10:50
2026-01-15,META,put,ATM,market,25.0,4,95.0,OPPORTUNITY/HINDSIGHT,09:35,10:35,10:35,10:40,10:40,10:50
2026-01-15,META,put,ATM,market,30.0,4,95.0,OPPORTUNITY/HINDSIGHT,09:35,10:35,10:35,10:40,10:40,10:50
2026-01-15,META,put,ATM,market,40.0,4,95.0,OPPORTUNITY/HINDSIGHT,09:35,10:35,10:35,10:40,10:40,10:50
2026-01-15,META,put,ATM,market,50.0,3,100.0,OPPORTUNITY/HINDSIGHT,09:35,10:40,10:40,10:50,10:50,11:15
2026-01-15,META,put,ATM,market,60.0,2,95.0,OPPORTUNITY/HINDSIGHT,09:35,10:40,10:40,11:10,,
2026-01-15,META,put,ATM,market,70.0,2,95.0,OPPORTUNITY/HINDSIGHT,09:35,10:40,10:40,11:10,,
2026-01-15,META,put,ATM,market,75.0,2,95.0,OPPORTUNITY/HINDSIGHT,09:35,10:40,10:40,11:10,,
2026-01-15,META,put,ATM,market,80.0,2,95.0,OPPORTUNITY/HINDSIGHT,09:35,10:40,10:40,11:10,,
2026-01-15,META,put,ATM,market,90.0,2,95.0,OPPORTUNITY/HINDSIGHT,09:35,10:40,10:40,11:10,,
2026-01-15,META,put,ATM,market,100.0,2,95.0,OPPORTUNITY/HINDSIGHT,09:35,10:40,10:40,11:10,,
2026-01-15,META,put,ITM,mid,20.0,10,250.0,OPPORTUNITY/HINDSIGHT,09:35,10:35,10:35,10:40,10:40,10:50
2026-01-15,META,put,ITM,mid,25.0,10,250.0,OPPORTUNITY/HINDSIGHT,09:35,10:35,10:35,10:40,10:40,10:50
2026-01-15,META,put,ITM,mid,30.0,9,265.0,OPPORTUNITY/HINDSIGHT,09:35,10:35,10:35,10:40,10:40,10:50
2026-01-15,META,put,ITM,mid,40.0,7,285.0,OPPORTUNITY/HINDSIGHT,09:35,10:35,10:35,10:40,10:40,10:50
2026-01-15,META,put,ITM,mid,50.0,5,240.0,OPPORTUNITY/HINDSIGHT,09:35,10:40,10:40,11:10,11:10,11:20
2026-01-15,META,put,ITM,mid,60.0,5,220.0,OPPORTUNITY/HINDSIGHT,09:35,10:40,10:40,11:10,11:10,11:20
2026-01-15,META,put,ITM,mid,70.0,5,225.0,OPPORTUNITY/HINDSIGHT,09:35,10:40,10:40,11:10,11:10,11:20
2026-01-15,META,put,ITM,mid,75.0,5,210.0,OPPORTUNITY/HINDSIGHT,09:35,10:40,10:40,11:10,11:10,11:25
2026-01-15,META,put,ITM,mid,80.0,5,215.0,OPPORTUNITY/HINDSIGHT,09:35,10:40,10:40,11:10,11:10,11:25
2026-01-15,META,put,ITM,mid,90.0,5,225.0,OPPORTUNITY/HINDSIGHT,09:35,10:40,10:40,11:10,11:10,11:30
2026-01-15,META,put,ITM,mid,100.0,4,220.0,OPPORTUNITY/HINDSIGHT,09:35,10:50,10:50,11:20,11:20,12:50
2026-01-15,META,put,ITM,market,20.0,10,250.0,OPPORTUNITY/HINDSIGHT,09:35,10:35,10:35,10:40,10:40,10:50
2026-01-15,META,put,ITM,market,25.0,9,265.0,OPPORTUNITY/HINDSIGHT,09:35,10:35,10:35,10:40,10:40,10:50
2026-01-15,META,put,ITM,market,30.0,8,280.0,OPPORTUNITY/HINDSIGHT,09:35,10:35,10:35,10:40,10:40,10:50
2026-01-15,META,put,ITM,market,40.0,5,285.0,OPPORTUNITY/HINDSIGHT,09:35,10:40,10:40,11:10,11:10,11:20
2026-01-15,META,put,ITM,market,50.0,5,220.0,OPPORTUNITY/HINDSIGHT,09:35,10:40,10:40,11:10,11:10,11:20
2026-01-15,META,put,ITM,market,60.0,5,225.0,OPPORTUNITY/HINDSIGHT,09:35,10:40,10:40,11:10,11:10,11:20
2026-01-15,META,put,ITM,market,70.0,5,210.0,OPPORTUNITY/HINDSIGHT,09:35,10:40,10:40,11:10,11:10,11:25
2026-01-15,META,put,ITM,market,75.0,5,220.0,OPPORTUNITY/HINDSIGHT,09:35,10:40,10:40,11:10,11:10,11:25
2026-01-15,META,put,ITM,market,80.0,5,220.0,OPPORTUNITY/HINDSIGHT,09:35,10:40,10:40,11:10,11:10,11:25
2026-01-15,META,put,ITM,market,90.0,4,215.0,OPPORTUNITY/HINDSIGHT,09:35,10:40,10:40,11:15,11:15,12:45
2026-01-15,META,put,ITM,market,100.0,4,230.0,OPPORTUNITY/HINDSIGHT,09:35,10:50,10:50,11:25,11:25,12:55
2026-01-16,META,call,ITM,mid,20.0,7,360.0,OPPORTUNITY/HINDSIGHT,09:35,09:40,09:40,09:45,09:45,11:15
2026-01-16,META,call,ITM,mid,25.0,6,370.0,OPPORTUNITY/HINDSIGHT,09:35,09:40,09:40,09:45,09:45,11:15
2026-01-16,META,call,ITM,mid,30.0,6,355.0,OPPORTUNITY/HINDSIGHT,09:35,09:40,09:40,09:45,09:45,11:50
2026-01-16,META,call,ITM,mid,40.0,5,350.0,OPPORTUNITY/HINDSIGHT,09:35,09:45,09:45,11:50,11:50,13:30
2026-01-16,META,call,ITM,mid,50.0,4,345.0,OPPORTUNITY/HINDSIGHT,09:35,09:45,09:45,11:50,11:50,13:35
2026-01-16,META,call,ITM,mid,60.0,4,345.0,OPPORTUNITY/HINDSIGHT,09:35,09:45,09:45,11:55,11:55,13:35
2026-01-16,META,call,ITM,mid,70.0,4,350.0,OPPORTUNITY/HINDSIGHT,09:35,09:45,09:45,11:55,11:55,13:40
2026-01-16,META,call,ITM,mid,75.0,4,330.0,OPPORTUNITY/HINDSIGHT,09:35,09:45,09:45,11:55,11:55,13:40
2026-01-16,META,call,ITM,mid,80.0,4,330.0,OPPORTUNITY/HINDSIGHT,09:35,09:45,09:45,11:55,11:55,13:40
2026-01-16,META,call,ITM,mid,90.0,4,330.0,OPPORTUNITY/HINDSIGHT,09:35,09:45,09:45,11:55,11:55,13:40
2026-01-16,META,call,ITM,mid,100.0,3,370.0,OPPORTUNITY/HINDSIGHT,09:35,09:45,09:45,13:30,13:30,15:45
2026-01-16,META,call,ITM,market,20.0,6,370.0,OPPORTUNITY/HINDSIGHT,09:35,09:40,09:40,09:45,09:45,11:15
2026-01-16,META,call,ITM,market,25.0,6,355.0,OPPORTUNITY/HINDSIGHT,09:35,09:40,09:40,09:45,09:45,11:50
2026-01-16,META,call,ITM,market,30.0,5,350.0,OPPORTUNITY/HINDSIGHT,09:35,09:45,09:45,11:50,11:50,13:30
2026-01-16,META,call,ITM,market,40.0,6,335.0,OPPORTUNITY/HINDSIGHT,09:35,09:45,09:45,11:50,11:50,13:35
2026-01-16,META,call,ITM,market,50.0,4,345.0,OPPORTUNITY/HINDSIGHT,09:35,09:45,09:45,11:55,11:55,13:35
2026-01-16,META,call,ITM,market,60.0,4,345.0,OPPORTUNITY/HINDSIGHT,09:35,09:45,09:45,11:55,11:55,13:35
2026-01-16,META,call,ITM,market,70.0,4,330.0,OPPORTUNITY/HINDSIGHT,09:35,09:45,09:45,11:55,11:55,13:40
2026-01-16,META,call,ITM,market,75.0,4,330.0,OPPORTUNITY/HINDSIGHT,09:35,09:45,09:45,11:55,11:55,13:40
2026-01-16,META,call,ITM,market,80.0,4,330.0,OPPORTUNITY/HINDSIGHT,09:35,09:45,09:45,11:55,11:55,13:40
2026-01-16,META,call,ITM,market,90.0,4,330.0,OPPORTUNITY/HINDSIGHT,09:35,09:45,09:45,11:55,11:55,13:40
2026-01-16,META,call,ITM,market,100.0,3,330.0,OPPORTUNITY/HINDSIGHT,09:35,11:15,11:15,13:35,14:15,15:45
2026-01-16,META,call,ATM,mid,20.0,6,220.0,OPPORTUNITY/HINDSIGHT,09:35,09:40,09:40,09:45,09:45,11:15
2026-01-16,META,call,ATM,mid,25.0,5,220.0,OPPORTUNITY/HINDSIGHT,09:35,09:40,09:40,09:45,09:45,11:15
2026-01-16,META,call,ATM,mid,30.0,5,220.0,OPPORTUNITY/HINDSIGHT,09:35,09:40,09:40,09:45,09:45,11:15
2026-01-16,META,call,ATM,mid,40.0,5,225.0,OPPORTUNITY/HINDSIGHT,09:35,09:40,09:40,09:45,09:45,11:50
2026-01-16,META,call,ATM,mid,50.0,3,235.0,OPPORTUNITY/HINDSIGHT,09:35,09:45,09:45,11:50,11:50,13:30
2026-01-16,META,call,ATM,mid,60.0,3,240.0,OPPORTUNITY/HINDSIGHT,09:35,09:45,09:45,11:50,11:50,13:35
2026-01-16,META,call,ATM,mid,70.0,3,230.0,OPPORTUNITY/HINDSIGHT,09:35,09:45,09:45,11:55,12:05,13:35
2026-01-16,META,call,ATM,mid,75.0,3,230.0,OPPORTUNITY/HINDSIGHT,09:35,09:45,09:45,11:55,12:05,13:35
2026-01-16,META,call,ATM,mid,80.0,3,230.0,OPPORTUNITY/HINDSIGHT,09:35,09:45,09:45,11:55,12:05,13:35
2026-01-16,META,call,ATM,mid,90.0,3,230.0,OPPORTUNITY/HINDSIGHT,09:35,09:45,09:45,11:55,12:05,13:35
2026-01-16,META,call,ATM,mid,100.0,3,230.0,OPPORTUNITY/HINDSIGHT,09:35,09:45,09:45,11:55,12:05,13:35
2026-01-16,META,call,ATM,market,20.0,5,220.0,OPPORTUNITY/HINDSIGHT,09:35,09:40,09:40,09:45,09:45,11:15
2026-01-16,META,call,ATM,market,25.0,5,220.0,OPPORTUNITY/HINDSIGHT,09:35,09:40,09:40,09:45,09:45,11:15
2026-01-16,META,call,ATM,market,30.0,5,225.0,OPPORTUNITY/HINDSIGHT,09:35,09:40,09:40,09:45,09:45,11:50
2026-01-16,META,call,ATM,market,40.0,5,225.0,OPPORTUNITY/HINDSIGHT,09:35,09:40,09:40,09:45,09:45,11:50
2026-01-16,META,call,ATM,market,50.0,3,240.0,OPPORTUNITY/HINDSIGHT,09:35,09:45,09:45,11:50,11:50,13:35
2026-01-16,META,call,ATM,market,60.0,3,225.0,OPPORTUNITY/HINDSIGHT,09:35,09:45,09:45,11:55,12:05,13:30
2026-01-16,META,call,ATM,market,70.0,3,230.0,OPPORTUNITY/HINDSIGHT,09:35,09:45,09:45,11:55,12:05,13:35
2026-01-16,META,call,ATM,market,75.0,3,230.0,OPPORTUNITY/HINDSIGHT,09:35,09:45,09:45,11:55,12:05,13:35
2026-01-16,META,call,ATM,market,80.0,3,230.0,OPPORTUNITY/HINDSIGHT,09:35,09:45,09:45,11:55,12:05,13:35
2026-01-16,META,call,ATM,market,90.0,3,230.0,OPPORTUNITY/HINDSIGHT,09:35,09:45,09:45,11:55,12:05,13:35
2026-01-16,META,call,ATM,market,100.0,3,230.0,OPPORTUNITY/HINDSIGHT,09:35,09:45,09:45,11:55,12:05,13:35
2026-01-16,META,call,OTM1,mid,20.0,7,130.0,OPPORTUNITY/HINDSIGHT,09:35,09:40,09:40,09:45,09:50,11:15
2026-01-16,META,call,OTM1,mid,25.0,7,130.0,OPPORTUNITY/HINDSIGHT,09:35,09:40,09:40,09:45,09:50,11:15
2026-01-16,META,call,OTM1,mid,30.0,7,130.0,OPPORTUNITY/HINDSIGHT,09:35,09:40,09:40,09:45,09:50,11:15
2026-01-16,META,call,OTM1,mid,40.0,6,135.0,OPPORTUNITY/HINDSIGHT,09:35,09:40,09:40,09:45,09:50,11:15
2026-01-16,META,call,OTM1,mid,50.0,6,135.0,OPPORTUNITY/HINDSIGHT,09:35,09:40,09:40,09:45,09:50,11:15
2026-01-16,META,call,OTM1,mid,60.0,6,135.0,OPPORTUNITY/HINDSIGHT,09:35,09:40,09:40,09:45,09:50,11:15
2026-01-16,META,call,OTM1,mid,70.0,5,140.0,OPPORTUNITY/HINDSIGHT,09:35,09:45,09:50,11:15,11:35,11:50
2026-01-16,META,call,OTM1,mid,75.0,5,140.0,OPPORTUNITY/HINDSIGHT,09:35,09:45,09:50,11:15,11:35,11:50
2026-01-16,META,call,OTM1,mid,80.0,5,140.0,OPPORTUNITY/HINDSIGHT,09:35,09:45,09:50,11:15,11:35,11:50
2026-01-16,META,call,OTM1,mid,90.0,3,155.0,OPPORTUNITY/HINDSIGHT,09:35,09:45,09:50,11:50,12:30,12:55
2026-01-16,META,call,OTM1,mid,100.0,3,155.0,OPPORTUNITY/HINDSIGHT,09:35,09:45,09:50,11:50,12:30,12:55
2026-01-16,META,call,OTM1,market,20.0,7,130.0,OPPORTUNITY/HINDSIGHT,09:35,09:40,09:40,09:45,09:50,11:15
2026-01-16,META,call,OTM1,market,25.0,7,130.0,OPPORTUNITY/HINDSIGHT,09:35,09:40,09:40,09:45,09:50,11:15
2026-01-16,META,call,OTM1,market,30.0,7,130.0,OPPORTUNITY/HINDSIGHT,09:35,09:40,09:40,09:45,09:50,11:15
2026-01-16,META,call,OTM1,market,40.0,6,135.0,OPPORTUNITY/HINDSIGHT,09:35,09:40,09:40,09:45,09:50,11:15
2026-01-16,META,call,OTM1,market,50.0,6,135.0,OPPORTUNITY/HINDSIGHT,09:35,09:40,09:40,09:45,09:50,11:15
2026-01-16,META,call,OTM1,market,60.0,6,135.0,OPPORTUNITY/HINDSIGHT,09:35,09:40,09:40,09:45,09:50,11:15
2026-01-16,META,call,OTM1,market,70.0,5,140.0,OPPORTUNITY/HINDSIGHT,09:35,09:45,09:50,11:15,11:35,11:50
2026-01-16,META,call,OTM1,market,75.0,5,140.0,OPPORTUNITY/HINDSIGHT,09:35,09:45,09:50,11:15,11:35,11:50
2026-01-16,META,call,OTM1,market,80.0,4,160.0,OPPORTUNITY/HINDSIGHT,09:35,09:45,09:50,11:50,12:30,12:40
2026-01-16,META,call,OTM1,market,90.0,3,155.0,OPPORTUNITY/HINDSIGHT,09:35,09:45,09:50,11:50,12:30,12:55
2026-01-16,META,call,OTM1,market,100.0,3,155.0,OPPORTUNITY/HINDSIGHT,09:35,09:45,09:50,11:50,12:30,12:55
2026-01-16,META,call,OTM2+,mid,20.0,8,45.0,OPPORTUNITY/HINDSIGHT,09:35,09:40,10:05,10:10,10:15,10:20
2026-01-16,META,call,OTM2+,mid,25.0,6,45.0,OPPORTUNITY/HINDSIGHT,09:35,09:40,10:05,10:10,10:15,10:20
2026-01-16,META,call,OTM2+,mid,30.0,6,45.0,OPPORTUNITY/HINDSIGHT,09:35,09:40,10:05,10:10,10:15,10:20
2026-01-16,META,call,OTM2+,mid,40.0,6,45.0,OPPORTUNITY/HINDSIGHT,09:35,09:40,10:05,10:10,10:15,10:20
2026-01-16,META,call,OTM2+,mid,50.0,4,60.0,OPPORTUNITY/HINDSIGHT,09:35,09:40,10:05,10:10,10:15,10:25
2026-01-16,META,call,OTM2+,mid,60.0,4,50.0,OPPORTUNITY/HINDSIGHT,09:35,09:40,10:05,10:30,10:35,10:50
2026-01-16,META,call,OTM2+,mid,70.0,2,65.0,OPPORTUNITY/HINDSIGHT,09:35,09:40,10:05,11:05,,
2026-01-16,META,call,OTM2+,mid,75.0,2,65.0,OPPORTUNITY/HINDSIGHT,09:35,09:40,10:05,11:05,,
2026-01-16,META,call,OTM2+,mid,80.0,2,65.0,OPPORTUNITY/HINDSIGHT,09:35,09:40,10:05,11:05,,
2026-01-16,META,call,OTM2+,mid,90.0,2,65.0,OPPORTUNITY/HINDSIGHT,09:35,09:40,10:05,11:05,,
2026-01-16,META,call,OTM2+,mid,100.0,2,70.0,OPPORTUNITY/HINDSIGHT,09:35,09:45,10:05,11:05,,
2026-01-16,META,call,OTM2+,market,20.0,6,45.0,OPPORTUNITY/HINDSIGHT,09:35,09:40,10:05,10:10,10:15,10:20
2026-01-16,META,call,OTM2+,market,25.0,6,45.0,OPPORTUNITY/HINDSIGHT,09:35,09:40,10:05,10:10,10:15,10:20
2026-01-16,META,call,OTM2+,market,30.0,6,45.0,OPPORTUNITY/HINDSIGHT,09:35,09:40,10:05,10:10,10:15,10:20
2026-01-16,META,call,OTM2+,market,40.0,4,60.0,OPPORTUNITY/HINDSIGHT,09:35,09:40,10:05,10:10,10:15,10:25
2026-01-16,META,call,OTM2+,market,50.0,4,50.0,OPPORTUNITY/HINDSIGHT,09:35,09:40,10:05,10:30,10:35,10:50
2026-01-16,META,call,OTM2+,market,60.0,2,65.0,OPPORTUNITY/HINDSIGHT,09:35,09:40,10:05,11:05,,
2026-01-16,META,call,OTM2+,market,70.0,2,65.0,OPPORTUNITY/HINDSIGHT,09:35,09:40,10:05,11:05,,
2026-01-16,META,call,OTM2+,market,75.0,2,65.0,OPPORTUNITY/HINDSIGHT,09:35,09:40,10:05,11:05,,
2026-01-16,META,call,OTM2+,market,80.0,2,65.0,OPPORTUNITY/HINDSIGHT,09:35,09:40,10:05,11:05,,
2026-01-16,META,call,OTM2+,market,90.0,2,70.0,OPPORTUNITY/HINDSIGHT,09:35,09:45,10:05,11:05,,
2026-01-16,META,call,OTM2+,market,100.0,2,75.0,OPPORTUNITY/HINDSIGHT,09:35,09:45,10:05,11:10,,
2026-01-16,META,put,OTM2+,mid,20.0,8,175.0,OPPORTUNITY/HINDSIGHT,09:40,10:05,10:05,10:15,10:25,10:35
2026-01-16,META,put,OTM2+,mid,25.0,8,175.0,OPPORTUNITY/HINDSIGHT,09:40,10:05,10:05,10:15,10:25,10:35
2026-01-16,META,put,OTM2+,mid,30.0,7,170.0,OPPORTUNITY/HINDSIGHT,09:40,10:05,10:05,10:15,10:25,10:35
2026-01-16,META,put,OTM2+,mid,40.0,7,165.0,OPPORTUNITY/HINDSIGHT,09:40,10:05,10:10,10:15,10:25,10:35
2026-01-16,META,put,OTM2+,mid,50.0,5,165.0,OPPORTUNITY/HINDSIGHT,09:40,10:15,10:25,10:35,11:10,12:35
2026-01-16,META,put,OTM2+,mid,60.0,5,160.0,OPPORTUNITY/HINDSIGHT,09:40,10:15,10:30,10:35,11:10,12:35
2026-01-16,META,put,OTM2+,mid,70.0,8,145.0,OPPORTUNITY/HINDSIGHT,09:40,10:15,10:30,10:35,11:15,11:30
2026-01-16,META,put,OTM2+,mid,75.0,6,155.0,OPPORTUNITY/HINDSIGHT,09:40,10:15,10:30,10:35,11:15,11:30
2026-01-16,META,put,OTM2+,mid,80.0,6,155.0,OPPORTUNITY/HINDSIGHT,09:40,10:15,10:30,10:35,11:15,11:30
2026-01-16,META,put,OTM2+,mid,90.0,6,155.0,OPPORTUNITY/HINDSIGHT,09:40,10:15,10:30,10:35,11:15,11:30
2026-01-16,META,put,OTM2+,mid,100.0,6,155.0,OPPORTUNITY/HINDSIGHT,09:40,10:15,10:30,10:35,11:15,11:35
2026-01-16,META,put,OTM2+,market,20.0,8,175.0,OPPORTUNITY/HINDSIGHT,09:40,10:05,10:05,10:15,10:25,10:35
2026-01-16,META,put,OTM2+,market,25.0,7,170.0,OPPORTUNITY/HINDSIGHT,09:40,10:05,10:05,10:15,10:25,10:35
2026-01-16,META,put,OTM2+,market,30.0,7,170.0,OPPORTUNITY/HINDSIGHT,09:40,10:05,10:05,10:15,10:25,10:35
2026-01-16,META,put,OTM2+,market,40.0,7,165.0,OPPORTUNITY/HINDSIGHT,09:40,10:05,10:10,10:15,10:25,10:35
2026-01-16,META,put,OTM2+,market,50.0,5,160.0,OPPORTUNITY/HINDSIGHT,09:40,10:15,10:30,10:35,11:10,12:35
2026-01-16,META,put,OTM2+,market,60.0,5,160.0,OPPORTUNITY/HINDSIGHT,09:40,10:15,10:30,10:35,11:10,12:35
2026-01-16,META,put,OTM2+,market,70.0,6,155.0,OPPORTUNITY/HINDSIGHT,09:40,10:15,10:30,10:35,11:15,11:30
2026-01-16,META,put,OTM2+,market,75.0,6,155.0,OPPORTUNITY/HINDSIGHT,09:40,10:15,10:30,10:35,11:15,11:30
2026-01-16,META,put,OTM2+,market,80.0,6,155.0,OPPORTUNITY/HINDSIGHT,09:40,10:15,10:30,10:35,11:15,11:30
2026-01-16,META,put,OTM2+,market,90.0,6,155.0,OPPORTUNITY/HINDSIGHT,09:40,10:15,10:30,10:35,11:15,11:35
2026-01-16,META,put,OTM2+,market,100.0,7,150.0,OPPORTUNITY/HINDSIGHT,09:45,09:55,09:55,10:05,10:10,10:15
2026-01-16,META,put,OTM1,mid,20.0,12,195.0,OPPORTUNITY/HINDSIGHT,09:40,10:05,10:05,10:15,10:25,10:35
2026-01-16,META,put,OTM1,mid,25.0,12,195.0,OPPORTUNITY/HINDSIGHT,09:40,10:05,10:05,10:15,10:25,10:35
2026-01-16,META,put,OTM1,mid,30.0,9,180.0,OPPORTUNITY/HINDSIGHT,09:40,10:05,10:05,10:15,10:25,10:35
2026-01-16,META,put,OTM1,mid,40.0,8,180.0,OPPORTUNITY/HINDSIGHT,09:40,10:15,10:25,10:35,11:10,12:35
2026-01-16,META,put,OTM1,mid,50.0,7,170.0,OPPORTUNITY/HINDSIGHT,09:40,10:15,10:30,10:35,11:10,12:35
2026-01-16,META,put,OTM1,mid,60.0,8,165.0,OPPORTUNITY/HINDSIGHT,09:40,10:15,10:30,10:35,11:10,12:35
2026-01-16,META,put,OTM1,mid,70.0,9,145.0,OPPORTUNITY/HINDSIGHT,09:45,09:55,09:55,10:05,10:30,10:35
2026-01-16,META,put,OTM1,mid,75.0,9,145.0,OPPORTUNITY/HINDSIGHT,09:45,09:55,09:55,10:05,10:30,10:35
2026-01-16,META,put,OTM1,mid,80.0,8,150.0,OPPORTUNITY/HINDSIGHT,09:45,10:00,10:00,10:15,11:10,12:35
2026-01-16,META,put,OTM1,mid,90.0,9,130.0,OPPORTUNITY/HINDSIGHT,09:45,10:00,10:00,10:15,11:15,11:45
2026-01-16,META,put,OTM1,mid,100.0,8,115.0,OPPORTUNITY/HINDSIGHT,09:45,10:00,11:15,11:45,11:50,12:20
2026-01-16,META,put,OTM1,market,20.0,12,195.0,OPPORTUNITY/HINDSIGHT,09:40,10:05,10:05,10:15,10:25,10:35
2026-01-16,META,put,OTM1,market,25.0,9,180.0,OPPORTUNITY/HINDSIGHT,09:40,10:05,10:05,10:15,10:25,10:35
2026-01-16,META,put,OTM1,market,30.0,8,180.0,OPPORTUNITY/HINDSIGHT,09:40,10:15,10:25,10:35,11:10,12:35
2026-01-16,META,put,OTM1,market,40.0,8,175.0,OPPORTUNITY/HINDSIGHT,09:40,10:15,10:30,10:35,11:10,12:35
2026-01-16,META,put,OTM1,market,50.0,8,165.0,OPPORTUNITY/HINDSIGHT,09:40,10:15,10:30,10:35,11:10,12:35
2026-01-16,META,put,OTM1,market,60.0,10,150.0,OPPORTUNITY/HINDSIGHT,09:45,09:55,09:55,10:05,10:10,10:15
2026-01-16,META,put,OTM1,market,70.0,9,155.0,OPPORTUNITY/HINDSIGHT,09:45,10:00,10:00,10:15,10:30,10:35
2026-01-16,META,put,OTM1,market,75.0,8,150.0,OPPORTUNITY/HINDSIGHT,09:45,10:00,10:00,10:15,11:10,12:35
2026-01-16,META,put,OTM1,market,80.0,9,130.0,OPPORTUNITY/HINDSIGHT,09:45,10:00,10:00,10:15,11:15,11:45
2026-01-16,META,put,OTM1,market,90.0,9,130.0,OPPORTUNITY/HINDSIGHT,09:45,10:00,10:00,10:15,11:15,11:45
2026-01-16,META,put,OTM1,market,100.0,8,120.0,OPPORTUNITY/HINDSIGHT,09:45,10:05,11:15,11:45,11:50,12:20
2026-01-16,META,put,ATM,mid,20.0,7,145.0,OPPORTUNITY/HINDSIGHT,09:40,10:05,10:05,10:15,10:25,10:35
2026-01-16,META,put,ATM,mid,25.0,6,130.0,OPPORTUNITY/HINDSIGHT,09:40,10:05,10:10,10:15,10:25,10:35
2026-01-16,META,put,ATM,mid,30.0,4,125.0,OPPORTUNITY/HINDSIGHT,09:40,10:15,10:30,10:35,11:10,12:30
2026-01-16,META,put,ATM,mid,40.0,3,125.0,OPPORTUNITY/HINDSIGHT,09:40,10:15,10:30,10:35,11:10,12:35
2026-01-16,META,put,ATM,mid,50.0,4,110.0,OPPORTUNITY/HINDSIGHT,09:45,09:55,09:55,10:05,10:30,10:35
2026-01-16,META,put,ATM,mid,60.0,3,115.0,OPPORTUNITY/HINDSIGHT,09:45,10:00,10:00,10:15,11:10,12:35
2026-01-16,META,put,ATM,mid,70.0,2,100.0,OPPORTUNITY/HINDSIGHT,09:45,10:00,11:10,12:35,,
2026-01-16,META,put,ATM,mid,75.0,2,105.0,OPPORTUNITY/HINDSIGHT,09:45,10:05,11:10,12:35,,
2026-01-16,META,put,ATM,mid,80.0,4,95.0,OPPORTUNITY/HINDSIGHT,09:45,10:05,11:15,11:45,11:50,12:20
2026-01-16,META,put,ATM,mid,90.0,2,95.0,OPPORTUNITY/HINDSIGHT,09:45,10:05,11:15,12:30,,
2026-01-16,META,put,ATM,mid,100.0,2,95.0,OPPORTUNITY/HINDSIGHT,09:45,10:05,11:15,12:30,,
2026-01-16,META,put,ATM,market,20.0,6,130.0,OPPORTUNITY/HINDSIGHT,09:40,10:05,10:10,10:15,10:25,10:35
2026-01-16,META,put,ATM,market,25.0,4,125.0,OPPORTUNITY/HINDSIGHT,09:40,10:15,10:30,10:35,11:10,12:30
2026-01-16,META,put,ATM,market,30.0,3,120.0,OPPORTUNITY/HINDSIGHT,09:40,10:15,10:30,10:35,11:10,12:30
2026-01-16,META,put,ATM,market,40.0,3,125.0,OPPORTUNITY/HINDSIGHT,09:40,10:15,10:30,10:35,11:10,12:35
2026-01-16,META,put,ATM,market,50.0,3,115.0,OPPORTUNITY/HINDSIGHT,09:45,10:00,10:00,10:15,11:10,12:35
2026-01-16,META,put,ATM,market,60.0,2,100.0,OPPORTUNITY/HINDSIGHT,09:45,10:00,11:10,12:35,,
2026-01-16,META,put,ATM,market,70.0,4,95.0,OPPORTUNITY/HINDSIGHT,09:45,10:05,11:15,11:45,11:50,12:20
2026-01-16,META,put,ATM,market,75.0,4,95.0,OPPORTUNITY/HINDSIGHT,09:45,10:05,11:15,11:45,11:50,12:25
2026-01-16,META,put,ATM,market,80.0,4,95.0,OPPORTUNITY/HINDSIGHT,09:45,10:05,11:15,11:45,11:50,12:25
2026-01-16,META,put,ATM,market,90.0,2,95.0,OPPORTUNITY/HINDSIGHT,09:45,10:05,11:15,12:30,,
2026-01-16,META,put,ATM,market,100.0,2,95.0,OPPORTUNITY/HINDSIGHT,09:45,10:05,11:15,12:30,,
2026-01-16,META,put,ITM,mid,20.0,3,125.0,OPPORTUNITY/HINDSIGHT,09:40,10:15,10:25,10:35,11:10,12:30
2026-01-16,META,put,ITM,mid,25.0,3,120.0,OPPORTUNITY/HINDSIGHT,09:40,10:15,10:30,10:35,11:10,12:30
2026-01-16,META,put,ITM,mid,30.0,3,120.0,OPPORTUNITY/HINDSIGHT,09:40,10:15,10:30,10:35,11:10,12:30
2026-01-16,META,put,ITM,mid,40.0,2,100.0,OPPORTUNITY/HINDSIGHT,09:50,10:05,11:10,12:35,,
2026-01-16,META,put,ITM,mid,50.0,2,100.0,OPPORTUNITY/HINDSIGHT,09:50,10:05,11:10,12:35,,
2026-01-16,META,put,ITM,mid,60.0,2,75.0,OPPORTUNITY/HINDSIGHT,09:50,10:05,11:35,12:35,,
2026-01-16,META,put,ITM,mid,70.0,1,15.0,OPPORTUNITY/HINDSIGHT,09:50,10:05,,,,
2026-01-16,META,put,ITM,mid,75.0,1,15.0,OPPORTUNITY/HINDSIGHT,09:50,10:05,,,,
2026-01-16,META,put,ITM,mid,80.0,1,25.0,OPPORTUNITY/HINDSIGHT,09:50,10:15,,,,
2026-01-16,META,put,ITM,mid,90.0,1,25.0,OPPORTUNITY/HINDSIGHT,09:50,10:15,,,,
2026-01-16,META,put,ITM,market,20.0,3,120.0,OPPORTUNITY/HINDSIGHT,09:40,10:15,10:30,10:35,11:10,12:30
2026-01-16,META,put,ITM,market,25.0,3,120.0,OPPORTUNITY/HINDSIGHT,09:40,10:15,10:30,10:35,11:10,12:30
2026-01-16,META,put,ITM,market,30.0,3,110.0,OPPORTUNITY/HINDSIGHT,09:50,10:00,10:00,10:15,11:10,12:35
2026-01-16,META,put,ITM,market,40.0,2,100.0,OPPORTUNITY/HINDSIGHT,09:50,10:05,11:10,12:35,,
2026-01-16,META,put,ITM,market,50.0,2,100.0,OPPORTUNITY/HINDSIGHT,09:50,10:05,11:10,12:35,,
2026-01-16,META,put,ITM,market,60.0,1,15.0,OPPORTUNITY/HINDSIGHT,09:50,10:05,,,,
2026-01-16,META,put,ITM,market,70.0,1,25.0,OPPORTUNITY/HINDSIGHT,09:50,10:15,,,,
2026-01-16,META,put,ITM,market,75.0,1,25.0,OPPORTUNITY/HINDSIGHT,09:50,10:15,,,,
2026-01-16,META,put,ITM,market,80.0,1,25.0,OPPORTUNITY/HINDSIGHT,09:50,10:15,,,,
2026-01-19,META,call,ITM,mid,20.0,1,10.0,OPPORTUNITY/HINDSIGHT,09:50,10:00,,,,
2026-01-19,META,call,ATM,mid,20.0,3,90.0,OPPORTUNITY/HINDSIGHT,09:40,09:45,09:50,10:00,10:15,11:30
2026-01-19,META,call,ATM,mid,25.0,2,85.0,OPPORTUNITY/HINDSIGHT,09:50,10:00,10:15,11:30,,
2026-01-19,META,call,ATM,mid,30.0,2,85.0,OPPORTUNITY/HINDSIGHT,09:50,10:00,10:15,11:30,,
2026-01-19,META,call,ATM,mid,40.0,1,65.0,OPPORTUNITY/HINDSIGHT,10:25,11:30,,,,
2026-01-19,META,call,ATM,mid,50.0,1,10.0,OPPORTUNITY/HINDSIGHT,11:20,11:30,,,,
2026-01-19,META,call,ATM,mid,60.0,1,10.0,OPPORTUNITY/HINDSIGHT,11:20,11:30,,,,
2026-01-19,META,call,ATM,market,20.0,2,85.0,OPPORTUNITY/HINDSIGHT,09:50,10:00,10:15,11:30,,
2026-01-19,META,call,ATM,market,25.0,2,85.0,OPPORTUNITY/HINDSIGHT,09:50,10:00,10:15,11:30,,
2026-01-19,META,call,ATM,market,30.0,1,65.0,OPPORTUNITY/HINDSIGHT,10:25,11:30,,,,
2026-01-19,META,call,ATM,market,40.0,1,10.0,OPPORTUNITY/HINDSIGHT,11:20,11:30,,,,
2026-01-19,META,call,ATM,market,50.0,1,10.0,OPPORTUNITY/HINDSIGHT,11:20,11:30,,,,
2026-01-19,META,call,OTM1,mid,20.0,5,125.0,OPPORTUNITY/HINDSIGHT,09:40,09:45,09:50,10:00,10:15,11:30
2026-01-19,META,call,OTM1,mid,25.0,5,125.0,OPPORTUNITY/HINDSIGHT,09:40,09:45,09:50,10:00,10:15,11:30
2026-01-19,META,call,OTM1,mid,30.0,4,120.0,OPPORTUNITY/HINDSIGHT,09:50,10:00,10:15,11:30,11:40,12:10
2026-01-19,META,call,OTM1,mid,40.0,5,115.0,OPPORTUNITY/HINDSIGHT,09:50,10:00,10:20,10:25,10:25,11:30
2026-01-19,META,call,OTM1,mid,50.0,5,95.0,OPPORTUNITY/HINDSIGHT,10:20,10:25,10:30,10:55,10:55,11:25
2026-01-19,META,call,OTM1,mid,60.0,5,100.0,OPPORTUNITY/HINDSIGHT,10:20,10:25,10:30,10:55,10:55,11:30
2026-01-19,META,call,OTM1,mid,70.0,4,95.0,OPPORTUNITY/HINDSIGHT,10:20,10:25,10:30,10:55,10:55,11:30
2026-01-19,META,call,OTM1,mid,75.0,4,90.0,OPPORTUNITY/HINDSIGHT,10:20,10:25,10:30,10:55,10:55,11:30
2026-01-19,META,call,OTM1,mid,80.0,4,90.0,OPPORTUNITY/HINDSIGHT,10:20,10:25,10:30,10:55,10:55,11:30
2026-01-19,META,call,OTM1,mid,90.0,4,80.0,OPPORTUNITY/HINDSIGHT,10:20,10:25,10:30,11:00,11:10,11:30
2026-01-19,META,call,OTM1,mid,100.0,4,80.0,OPPORTUNITY/HINDSIGHT,10:20,10:25,10:30,11:00,11:10,11:30
2026-01-19,META,call,OTM1,market,20.0,5,125.0,OPPORTUNITY/HINDSIGHT,09:40,09:45,09:50,10:00,10:15,11:30
2026-01-19,META,call,OTM1,market,25.0,4,120.0,OPPORTUNITY/HINDSIGHT,09:50,10:00,10:15,11:30,11:40,12:10
2026-01-19,META,call,OTM1,market,30.0,5,115.0,OPPORTUNITY/HINDSIGHT,09:50,10:00,10:20,10:25,10:25,11:30
2026-01-19,META,call,OTM1,market,40.0,4,105.0,OPPORTUNITY/HINDSIGHT,10:20,10:25,10:25,11:30,11:40,12:10
2026-01-19,META,call,OTM1,market,50.0,5,100.0,OPPORTUNITY/HINDSIGHT,10:20,10:25,10:30,10:55,10:55,11:30
2026-01-19,META,call,OTM1,market,60.0,4,95.0,OPPORTUNITY/HINDSIGHT,10:20,10:25,10:30,10:55,10:55,11:30
2026-01-19,META,call,OTM1,market,70.0,4,90.0,OPPORTUNITY/HINDSIGHT,10:20,10:25,10:30,10:55,10:55,11:30
2026-01-19,META,call,OTM1,market,75.0,4,80.0,OPPORTUNITY/HINDSIGHT,10:20,10:25,10:30,11:00,11:10,11:30
2026-01-19,META,call,OTM1,market,80.0,4,80.0,OPPORTUNITY/HINDSIGHT,10:20,10:25,10:30,11:00,11:10,11:30
2026-01-19,META,call,OTM1,market,90.0,4,80.0,OPPORTUNITY/HINDSIGHT,10:20,10:25,10:30,11:00,11:10,11:30
2026-01-19,META,call,OTM1,market,100.0,4,80.0,OPPORTUNITY/HINDSIGHT,10:20,10:25,10:30,11:00,11:10,11:30
2026-01-19,META,call,OTM2+,mid,20.0,6,120.0,OPPORTUNITY/HINDSIGHT,09:40,09:45,09:50,10:00,10:20,10:25
2026-01-19,META,call,OTM2+,mid,25.0,6,120.0,OPPORTUNITY/HINDSIGHT,09:40,09:45,09:50,10:00,10:20,10:25
2026-01-19,META,call,OTM2+,mid,30.0,6,120.0,OPPORTUNITY/HINDSIGHT,09:40,09:45,09:50,10:00,10:20,10:25
2026-01-19,META,call,OTM2+,mid,40.0,6,120.0,OPPORTUNITY/HINDSIGHT,09:40,09:45,09:50,10:00,10:20,10:25
2026-01-19,META,call,OTM2+,mid,50.0,7,110.0,OPPORTUNITY/HINDSIGHT,09:50,10:00,10:20,10:25,10:30,10:55
2026-01-19,META,call,OTM2+,mid,60.0,5,95.0,OPPORTUNITY/HINDSIGHT,10:20,10:25,10:30,10:55,10:55,11:25
2026-01-19,META,call,OTM2+,mid,70.0,5,95.0,OPPORTUNITY/HINDSIGHT,10:20,10:25,10:30,10:55,10:55,11:25
2026-01-19,META,call,OTM2+,mid,75.0,5,95.0,OPPORTUNITY/HINDSIGHT,10:20,10:25,10:30,10:55,10:55,11:25
2026-01-19,META,call,OTM2+,mid,80.0,5,95.0,OPPORTUNITY/HINDSIGHT,10:20,10:25,10:30,10:55,10:55,11:25
2026-01-19,META,call,OTM2+,mid,90.0,4,90.0,OPPORTUNITY/HINDSIGHT,10:20,10:25,10:30,10:55,10:55,11:30
2026-01-19,META,call,OTM2+,mid,100.0,4,90.0,OPPORTUNITY/HINDSIGHT,10:20,10:25,10:30,10:55,10:55,11:30
2026-01-19,META,call,OTM2+,market,20.0,6,120.0,OPPORTUNITY/HINDSIGHT,09:40,09:45,09:50,10:00,10:20,10:25
2026-01-19,META,call,OTM2+,market,25.0,6,120.0,OPPORTUNITY/HINDSIGHT,09:40,09:45,09:50,10:00,10:20,10:25
2026-01-19,META,call,OTM2+,market,30.0,6,120.0,OPPORTUNITY/HINDSIGHT,09:40,09:45,09:50,10:00,10:20,10:25
2026-01-19,META,call,OTM2+,market,40.0,8,115.0,OPPORTUNITY/HINDSIGHT,09:40,09:45,09:50,10:00,10:20,10:25
2026-01-19,META,call,OTM2+,market,50.0,5,95.0,OPPORTUNITY/HINDSIGHT,10:20,10:25,10:30,10:55,10:55,11:25
2026-01-19,META,call,OTM2+,market,60.0,5,95.0,OPPORTUNITY/HINDSIGHT,10:20,10:25,10:30,10:55,10:55,11:25
2026-01-19,META,call,OTM2+,market,70.0,5,95.0,OPPORTUNITY/HINDSIGHT,10:20,10:25,10:30,10:55,10:55,11:25
2026-01-19,META,call,OTM2+,market,75.0,5,100.0,OPPORTUNITY/HINDSIGHT,10:20,10:25,10:30,10:55,10:55,11:30
2026-01-19,META,call,OTM2+,market,80.0,5,100.0,OPPORTUNITY/HINDSIGHT,10:20,10:25,10:30,10:55,10:55,11:30
2026-01-19,META,call,OTM2+,market,90.0,4,90.0,OPPORTUNITY/HINDSIGHT,10:20,10:25,10:30,10:55,10:55,11:30
2026-01-19,META,call,OTM2+,market,100.0,4,85.0,OPPORTUNITY/HINDSIGHT,10:20,10:25,10:30,11:00,11:05,11:30
2026-01-19,META,put,OTM2+,mid,20.0,1,5.0,OPPORTUNITY/HINDSIGHT,09:35,09:40,,,,
2026-01-19,META,put,OTM2+,mid,25.0,1,5.0,OPPORTUNITY/HINDSIGHT,09:35,09:40,,,,
2026-01-19,META,put,OTM2+,mid,30.0,1,5.0,OPPORTUNITY/HINDSIGHT,09:35,09:40,,,,
2026-01-19,META,put,OTM2+,mid,40.0,1,5.0,OPPORTUNITY/HINDSIGHT,09:35,09:40,,,,
2026-01-19,META,put,OTM2+,mid,50.0,1,5.0,OPPORTUNITY/HINDSIGHT,09:35,09:40,,,,
2026-01-19,META,put,OTM2+,mid,60.0,1,5.0,OPPORTUNITY/HINDSIGHT,09:35,09:40,,,,
2026-01-19,META,put,OTM2+,mid,70.0,1,5.0,OPPORTUNITY/HINDSIGHT,09:35,09:40,,,,
2026-01-19,META,put,OTM2+,mid,75.0,1,5.0,OPPORTUNITY/HINDSIGHT,09:35,09:40,,,,
2026-01-19,META,put,OTM2+,mid,80.0,1,5.0,OPPORTUNITY/HINDSIGHT,09:35,09:40,,,,
2026-01-19,META,put,OTM2+,mid,90.0,1,15.0,OPPORTUNITY/HINDSIGHT,09:35,09:50,,,,
2026-01-19,META,put,OTM2+,mid,100.0,1,15.0,OPPORTUNITY/HINDSIGHT,09:35,09:50,,,,
2026-01-19,META,put,OTM2+,market,20.0,1,5.0,OPPORTUNITY/HINDSIGHT,09:35,09:40,,,,
2026-01-19,META,put,OTM2+,market,25.0,1,5.0,OPPORTUNITY/HINDSIGHT,09:35,09:40,,,,
2026-01-19,META,put,OTM2+,market,30.0,1,5.0,OPPORTUNITY/HINDSIGHT,09:35,09:40,,,,
2026-01-19,META,put,OTM2+,market,40.0,1,5.0,OPPORTUNITY/HINDSIGHT,09:35,09:40,,,,
2026-01-19,META,put,OTM2+,market,50.0,1,5.0,OPPORTUNITY/HINDSIGHT,09:35,09:40,,,,
2026-01-19,META,put,OTM2+,market,60.0,1,5.0,OPPORTUNITY/HINDSIGHT,09:35,09:40,,,,
2026-01-19,META,put,OTM2+,market,70.0,1,5.0,OPPORTUNITY/HINDSIGHT,09:35,09:40,,,,
2026-01-19,META,put,OTM2+,market,75.0,1,5.0,OPPORTUNITY/HINDSIGHT,09:35,09:40,,,,
2026-01-19,META,put,OTM2+,market,80.0,1,5.0,OPPORTUNITY/HINDSIGHT,09:35,09:40,,,,
2026-01-19,META,put,OTM2+,market,90.0,1,15.0,OPPORTUNITY/HINDSIGHT,09:35,09:50,,,,
2026-01-19,META,put,OTM2+,market,100.0,1,15.0,OPPORTUNITY/HINDSIGHT,09:35,09:50,,,,
2026-01-19,META,put,OTM1,mid,20.0,3,35.0,OPPORTUNITY/HINDSIGHT,09:35,09:40,09:40,09:50,09:50,10:10
2026-01-19,META,put,OTM1,mid,25.0,3,35.0,OPPORTUNITY/HINDSIGHT,09:35,09:40,09:40,09:50,09:50,10:10
2026-01-19,META,put,OTM1,mid,30.0,3,35.0,OPPORTUNITY/HINDSIGHT,09:35,09:40,09:40,09:50,09:50,10:10
2026-01-19,META,put,OTM1,mid,40.0,3,35.0,OPPORTUNITY/HINDSIGHT,09:35,09:40,09:40,09:50,09:50,10:10
2026-01-19,META,put,OTM1,mid,50.0,2,35.0,OPPORTUNITY/HINDSIGHT,09:35,09:40,09:40,10:10,,
2026-01-19,META,put,OTM1,mid,60.0,2,35.0,OPPORTUNITY/HINDSIGHT,09:35,09:40,09:40,10:10,,
2026-01-19,META,put,OTM1,mid,70.0,2,40.0,OPPORTUNITY/HINDSIGHT,09:35,09:50,09:50,10:15,,
2026-01-19,META,put,OTM1,mid,75.0,2,40.0,OPPORTUNITY/HINDSIGHT,09:35,09:50,09:50,10:15,,
2026-01-19,META,put,OTM1,mid,80.0,2,40.0,OPPORTUNITY/HINDSIGHT,09:35,09:50,09:50,10:15,,
2026-01-19,META,put,OTM1,mid,90.0,2,40.0,OPPORTUNITY/HINDSIGHT,09:35,09:50,09:50,10:15,,
2026-01-19,META,put,OTM1,mid,100.0,2,40.0,OPPORTUNITY/HINDSIGHT,09:35,09:50,09:50,10:15,,
2026-01-19,META,put,OTM1,market,20.0,3,35.0,OPPORTUNITY/HINDSIGHT,09:35,09:40,09:40,09:50,09:50,10:10
2026-01-19,META,put,OTM1,market,25.0,3,35.0,OPPORTUNITY/HINDSIGHT,09:35,09:40,09:40,09:50,09:50,10:10
2026-01-19,META,put,OTM1,market,30.0,3,35.0,OPPORTUNITY/HINDSIGHT,09:35,09:40,09:40,09:50,09:50,10:10
2026-01-19,META,put,OTM1,market,40.0,3,35.0,OPPORTUNITY/HINDSIGHT,09:35,09:40,09:40,09:50,09:50,10:10
2026-01-19,META,put,OTM1,market,50.0,2,35.0,OPPORTUNITY/HINDSIGHT,09:35,09:40,09:40,10:10,,
2026-01-19,META,put,OTM1,market,60.0,2,40.0,OPPORTUNITY/HINDSIGHT,09:35,09:50,09:50,10:15,,
2026-01-19,META,put,OTM1,market,70.0,2,40.0,OPPORTUNITY/HINDSIGHT,09:35,09:50,09:50,10:15,,
2026-01-19,META,put,OTM1,market,75.0,2,40.0,OPPORTUNITY/HINDSIGHT,09:35,09:50,09:50,10:15,,
2026-01-19,META,put,OTM1,market,80.0,2,40.0,OPPORTUNITY/HINDSIGHT,09:35,09:50,09:50,10:15,,
2026-01-19,META,put,OTM1,market,90.0,2,40.0,OPPORTUNITY/HINDSIGHT,09:35,09:50,09:50,10:15,,
2026-01-19,META,put,OTM1,market,100.0,2,40.0,OPPORTUNITY/HINDSIGHT,09:35,09:50,09:50,10:15,,
2026-01-19,META,put,ATM,mid,20.0,8,80.0,OPPORTUNITY/HINDSIGHT,09:35,09:40,09:40,09:50,09:50,10:10
2026-01-19,META,put,ATM,mid,25.0,8,95.0,OPPORTUNITY/HINDSIGHT,09:35,09:40,09:40,09:50,09:50,10:10
2026-01-19,META,put,ATM,mid,30.0,8,95.0,OPPORTUNITY/HINDSIGHT,09:35,09:40,09:40,09:50,09:50,10:10
2026-01-19,META,put,ATM,mid,40.0,7,95.0,OPPORTUNITY/HINDSIGHT,09:35,09:40,09:40,10:10,10:10,10:15
2026-01-19,META,put,ATM,mid,50.0,6,100.0,OPPORTUNITY/HINDSIGHT,09:35,09:50,09:50,10:15,10:15,10:20
2026-01-19,META,put,ATM,mid,60.0,6,110.0,OPPORTUNITY/HINDSIGHT,09:35,09:50,09:50,10:15,10:15,10:20
2026-01-19,META,put,ATM,mid,70.0,5,115.0,OPPORTUNITY/HINDSIGHT,09:35,09:50,09:50,10:15,10:15,10:30
2026-01-19,META,put,ATM,mid,75.0,5,125.0,OPPORTUNITY/HINDSIGHT,09:35,09:50,09:50,10:15,10:15,10:35
2026-01-19,META,put,ATM,mid,80.0,5,125.0,OPPORTUNITY/HINDSIGHT,09:35,09:50,09:50,10:15,10:15,10:35
2026-01-19,META,put,ATM,mid,90.0,5,120.0,OPPORTUNITY/HINDSIGHT,09:35,10:10,10:10,10:20,10:25,10:35
2026-01-19,META,put,ATM,mid,100.0,5,125.0,OPPORTUNITY/HINDSIGHT,09:35,10:10,10:10,10:20,10:25,10:35
2026-01-19,META,put,ATM,market,20.0,8,95.0,OPPORTUNITY/HINDSIGHT,09:35,09:40,09:40,09:50,09:50,10:10
2026-01-19,META,put,ATM,market,25.0,8,95.0,OPPORTUNITY/HINDSIGHT,09:35,09:40,09:40,09:50,09:50,10:10
2026-01-19,META,put,ATM,market,30.0,7,95.0,OPPORTUNITY/HINDSIGHT,09:35,09:40,09:40,10:10,10:10,10:15
2026-01-19,META,put,ATM,market,40.0,7,100.0,OPPORTUNITY/HINDSIGHT,09:35,09:50,09:50,10:10,10:10,10:15
2026-01-19,META,put,ATM,market,50.0,6,110.0,OPPORTUNITY/HINDSIGHT,09:35,09:50,09:50,10:15,10:15,10:20
2026-01-19,META,put,ATM,market,60.0,5,115.0,OPPORTUNITY/HINDSIGHT,09:35,09:50,09:50,10:15,10:15,10:30
2026-01-19,META,put,ATM,market,70.0,5,125.0,OPPORTUNITY/HINDSIGHT,09:35,09:50,09:50,10:15,10:15,10:35
2026-01-19,META,put,ATM,market,75.0,5,120.0,OPPORTUNITY/HINDSIGHT,09:35,10:10,10:10,10:20,10:25,10:35
2026-01-19,META,put,ATM,market,80.0,5,120.0,OPPORTUNITY/HINDSIGHT,09:35,10:10,10:10,10:20,10:25,10:35
2026-01-19,META,put,ATM,market,90.0,5,125.0,OPPORTUNITY/HINDSIGHT,09:35,10:10,10:10,10:20,10:25,10:35
2026-01-19,META,put,ATM,market,100.0,5,125.0,OPPORTUNITY/HINDSIGHT,09:35,10:10,10:10,10:20,10:25,10:35
2026-01-19,META,put,ITM,mid,20.0,10,370.0,OPPORTUNITY/HINDSIGHT,09:35,09:40,09:40,09:50,09:50,10:10
2026-01-19,META,put,ITM,mid,25.0,10,370.0,OPPORTUNITY/HINDSIGHT,09:35,09:40,09:40,09:50,09:50,10:10
2026-01-19,META,put,ITM,mid,30.0,9,375.0,OPPORTUNITY/HINDSIGHT,09:35,09:40,09:40,10:10,10:10,10:15
2026-01-19,META,put,ITM,mid,40.0,7,375.0,OPPORTUNITY/HINDSIGHT,09:35,09:50,09:50,10:15,10:15,10:20
2026-01-19,META,put,ITM,mid,50.0,5,355.0,OPPORTUNITY/HINDSIGHT,09:35,09:50,09:50,10:15,10:15,10:35
2026-01-19,META,put,ITM,mid,60.0,4,345.0,OPPORTUNITY/HINDSIGHT,09:35,10:10,10:10,10:20,10:20,12:55
2026-01-19,META,put,ITM,mid,70.0,4,355.0,OPPORTUNITY/HINDSIGHT,09:35,10:10,10:10,10:20,10:20,12:55
2026-01-19,META,put,ITM,mid,75.0,4,355.0,OPPORTUNITY/HINDSIGHT,09:35,10:10,10:10,10:20,10:20,12:55
2026-01-19,META,put,ITM,mid,80.0,4,355.0,OPPORTUNITY/HINDSIGHT,09:35,10:10,10:10,10:20,10:20,12:55
2026-01-19,META,put,ITM,mid,90.0,4,375.0,OPPORTUNITY/HINDSIGHT,09:35,10:10,10:10,10:20,10:20,13:05
2026-01-19,META,put,ITM,mid,100.0,3,370.0,OPPORTUNITY/HINDSIGHT,09:35,10:15,10:15,12:55,12:55,15:45
2026-01-19,META,put,ITM,market,20.0,10,370.0,OPPORTUNITY/HINDSIGHT,09:35,09:40,09:40,09:50,09:50,10:10
2026-01-19,META,put,ITM,market,25.0,9,375.0,OPPORTUNITY/HINDSIGHT,09:35,09:40,09:40,10:10,10:10,10:15
2026-01-19,META,put,ITM,market,30.0,7,370.0,OPPORTUNITY/HINDSIGHT,09:35,09:50,09:50,10:15,10:15,10:20
2026-01-19,META,put,ITM,market,40.0,6,375.0,OPPORTUNITY/HINDSIGHT,09:35,09:50,09:50,10:15,10:15,10:30
2026-01-19,META,put,ITM,market,50.0,4,345.0,OPPORTUNITY/HINDSIGHT,09:35,10:10,10:10,10:20,10:20,12:55
2026-01-19,META,put,ITM,market,60.0,4,355.0,OPPORTUNITY/HINDSIGHT,09:35,10:10,10:10,10:20,10:20,12:55
2026-01-19,META,put,ITM,market,70.0,4,355.0,OPPORTUNITY/HINDSIGHT,09:35,10:10,10:10,10:20,10:20,12:55
2026-01-19,META,put,ITM,market,75.0,4,360.0,OPPORTUNITY/HINDSIGHT,09:35,10:10,10:10,10:20,10:20,12:55
2026-01-19,META,put,ITM,market,80.0,4,370.0,OPPORTUNITY/HINDSIGHT,09:35,10:10,10:10,10:20,10:20,13:05
2026-01-19,META,put,ITM,market,90.0,3,370.0,OPPORTUNITY/HINDSIGHT,09:35,10:15,10:15,12:55,12:55,15:45
2026-01-19,META,put,ITM,market,100.0,3,370.0,OPPORTUNITY/HINDSIGHT,09:35,10:15,10:15,12:55,12:55,15:45
2026-01-20,META,call,ITM,mid,20.0,12,360.0,OPPORTUNITY/HINDSIGHT,09:35,09:40,09:40,09:50,09:50,10:05
2026-01-20,META,call,ITM,mid,25.0,10,345.0,OPPORTUNITY/HINDSIGHT,09:35,09:40,09:40,09:50,09:50,10:20
2026-01-20,META,call,ITM,mid,30.0,9,355.0,OPPORTUNITY/HINDSIGHT,09:35,09:40,09:40,09:50,09:50,10:55
2026-01-20,META,call,ITM,mid,40.0,7,270.0,OPPORTUNITY/HINDSIGHT,09:35,09:40,09:40,09:50,09:50,10:55
2026-01-20,META,call,ITM,mid,50.0,6,275.0,OPPORTUNITY/HINDSIGHT,09:35,09:40,09:40,09:55,09:55,11:00
2026-01-20,META,call,ITM,mid,60.0,6,285.0,OPPORTUNITY/HINDSIGHT,09:35,09:40,09:40,10:05,10:05,11:00
2026-01-20,META,call,ITM,mid,70.0,4,270.0,OPPORTUNITY/HINDSIGHT,09:35,09:50,09:50,11:00,11:00,11:30
2026-01-20,META,call,ITM,mid,75.0,4,275.0,OPPORTUNITY/HINDSIGHT,09:35,09:50,09:50,11:00,11:00,11:30
2026-01-20,META,call,ITM,mid,80.0,4,280.0,OPPORTUNITY/HINDSIGHT,09:35,09:50,09:50,11:00,11:00,11:30
2026-01-20,META,call,ITM,mid,90.0,4,280.0,OPPORTUNITY/HINDSIGHT,09:35,09:50,09:50,11:00,11:00,11:30
2026-01-20,META,call,ITM,mid,100.0,4,290.0,OPPORTUNITY/HINDSIGHT,09:35,09:50,09:50,11:00,11:00,11:30
2026-01-20,META,call,ITM,market,20.0,10,345.0,OPPORTUNITY/HINDSIGHT,09:35,09:40,09:40,09:50,09:50,10:20
2026-01-20,META,call,ITM,market,25.0,9,355.0,OPPORTUNITY/HINDSIGHT,09:35,09:40,09:40,09:50,09:50,10:55
2026-01-20,META,call,ITM,market,30.0,8,280.0,OPPORTUNITY/HINDSIGHT,09:35,09:40,09:40,09:50,09:50,10:55
2026-01-20,META,call,ITM,market,40.0,6,270.0,OPPORTUNITY/HINDSIGHT,09:35,09:40,09:40,09:55,09:55,11:00
2026-01-20,META,call,ITM,market,50.0,6,290.0,OPPORTUNITY/HINDSIGHT,09:35,09:40,09:40,10:05,10:05,11:00
2026-01-20,META,call,ITM,market,60.0,5,270.0,OPPORTUNITY/HINDSIGHT,09:35,09:45,09:45,10:20,10:20,11:00
2026-01-20,META,call,ITM,market,70.0,4,275.0,OPPORTUNITY/HINDSIGHT,09:35,09:50,09:50,11:00,11:00,11:30
2026-01-20,META,call,ITM,market,75.0,4,280.0,OPPORTUNITY/HINDSIGHT,09:35,09:50,09:50,11:00,11:00,11:30
2026-01-20,META,call,ITM,market,80.0,4,280.0,OPPORTUNITY/HINDSIGHT,09:35,09:50,09:50,11:00,11:00,11:30
2026-01-20,META,call,ITM,market,90.0,4,290.0,OPPORTUNITY/HINDSIGHT,09:35,09:50,09:50,11:00,11:00,11:30
2026-01-20,META,call,ITM,market,100.0,4,285.0,OPPORTUNITY/HINDSIGHT,09:35,09:50,09:50,11:05,11:05,11:50
2026-01-20,META,call,ATM,mid,20.0,5,60.0,OPPORTUNITY/HINDSIGHT,09:35,09:40,09:40,09:50,09:50,10:05
2026-01-20,META,call,ATM,mid,25.0,5,60.0,OPPORTUNITY/HINDSIGHT,09:35,09:40,09:40,09:50,09:50,10:05
2026-01-20,META,call,ATM,mid,30.0,5,60.0,OPPORTUNITY/HINDSIGHT,09:35,09:40,09:40,09:50,09:50,10:05
2026-01-20,META,call,ATM,mid,40.0,4,70.0,OPPORTUNITY/HINDSIGHT,09:35,09:40,09:40,09:50,09:50,10:20
2026-01-20,META,call,ATM,mid,50.0,3,80.0,OPPORTUNITY/HINDSIGHT,09:35,09:40,09:40,09:50,09:50,10:55
2026-01-20,META,call,ATM,mid,60.0,3,80.0,OPPORTUNITY/HINDSIGHT,09:35,09:40,09:40,09:50,09:50,10:55
2026-01-20,META,call,ATM,mid,70.0,3,85.0,OPPORTUNITY/HINDSIGHT,09:35,09:40,09:40,09:55,09:55,11:00
2026-01-20,META,call,ATM,mid,75.0,3,85.0,OPPORTUNITY/HINDSIGHT,09:35,09:40,09:40,09:55,09:55,11:00
2026-01-20,META,call,ATM,mid,80.0,3,85.0,OPPORTUNITY/HINDSIGHT,09:35,09:40,09:40,10:00,10:00,11:00
2026-01-20,META,call,ATM,mid,90.0,3,80.0,OPPORTUNITY/HINDSIGHT,09:35,09:40,09:40,10:05,10:10,11:00
2026-01-20,META,call,ATM,mid,100.0,3,75.0,OPPORTUNITY/HINDSIGHT,09:35,09:45,09:45,10:20,10:30,11:00
2026-01-20,META,call,ATM,market,20.0,5,60.0,OPPORTUNITY/HINDSIGHT,09:35,09:40,09:40,09:50,09:50,10:05
2026-01-20,META,call,ATM,market,25.0,5,60.0,OPPORTUNITY/HINDSIGHT,09:35,09:40,09:40,09:50,09:50,10:05
2026-01-20,META,call,ATM,market,30.0,4,70.0,OPPORTUNITY/HINDSIGHT,09:35,09:40,09:40,09:50,09:50,10:20
2026-01-20,META,call,ATM,market,40.0,3,80.0,OPPORTUNITY/HINDSIGHT,09:35,09:40,09:40,09:50,09:50,10:55
2026-01-20,META,call,ATM,market,50.0,3,80.0,OPPORTUNITY/HINDSIGHT,09:35,09:40,09:40,09:50,09:50,10:55
2026-01-20,META,call,ATM,market,60.0,3,85.0,OPPORTUNITY/HINDSIGHT,09:35,09:40,09:40,09:55,09:55,11:00
2026-01-20,META,call,ATM,market,70.0,3,85.0,OPPORTUNITY/HINDSIGHT,09:35,09:40,09:40,09:55,09:55,11:00
2026-01-20,META,call,ATM,market,75.0,3,80.0,OPPORTUNITY/HINDSIGHT,09:35,09:40,09:40,10:05,10:10,11:00
2026-01-20,META,call,ATM,market,80.0,3,80.0,OPPORTUNITY/HINDSIGHT,09:35,09:40,09:40,10:05,10:10,11:00
2026-01-20,META,call,ATM,market,90.0,3,80.0,OPPORTUNITY/HINDSIGHT,09:35,09:40,09:40,10:05,10:10,11:00
2026-01-20,META,call,ATM,market,100.0,2,85.0,OPPORTUNITY/HINDSIGHT,09:35,09:50,09:50,11:00,,
2026-01-20,META,call,OTM1,mid,20.0,2,15.0,OPPORTUNITY/HINDSIGHT,09:35,09:40,09:40,09:50,,
2026-01-20,META,call,OTM1,mid,25.0,2,15.0,OPPORTUNITY/HINDSIGHT,09:35,09:40,09:40,09:50,,
2026-01-20,META,call,OTM1,mid,30.0,2,15.0,OPPORTUNITY/HINDSIGHT,09:35,09:40,09:40,09:50,,
2026-01-20,META,call,OTM1,mid,40.0,2,15.0,OPPORTUNITY/HINDSIGHT,09:35,09:40,09:40,09:50,,
2026-01-20,META,call,OTM1,mid,50.0,2,15.0,OPPORTUNITY/HINDSIGHT,09:35,09:40,09:40,09:50,,
2026-01-20,META,call,OTM1,mid,60.0,2,15.0,OPPORTUNITY/HINDSIGHT,09:35,09:40,09:40,09:50,,
2026-01-20,META,call,OTM1,mid,70.0,2,15.0,OPPORTUNITY/HINDSIGHT,09:35,09:40,09:40,09:50,,
2026-01-20,META,call,OTM1,mid,75.0,2,15.0,OPPORTUNITY/HINDSIGHT,09:35,09:40,09:40,09:50,,
2026-01-20,META,call,OTM1,mid,80.0,2,15.0,OPPORTUNITY/HINDSIGHT,09:35,09:40,09:40,09:50,,
2026-01-20,META,call,OTM1,mid,90.0,2,15.0,OPPORTUNITY/HINDSIGHT,09:35,09:40,09:40,09:50,,
2026-01-20,META,call,OTM1,mid,100.0,2,20.0,OPPORTUNITY/HINDSIGHT,09:35,09:40,09:40,09:55,,
2026-01-20,META,call,OTM1,market,20.0,2,15.0,OPPORTUNITY/HINDSIGHT,09:35,09:40,09:40,09:50,,
2026-01-20,META,call,OTM1,market,25.0,2,15.0,OPPORTUNITY/HINDSIGHT,09:35,09:40,09:40,09:50,,
2026-01-20,META,call,OTM1,market,30.0,2,15.0,OPPORTUNITY/HINDSIGHT,09:35,09:40,09:40,09:50,,
2026-01-20,META,call,OTM1,market,40.0,2,15.0,OPPORTUNITY/HINDSIGHT,09:35,09:40,09:40,09:50,,
2026-01-20,META,call,OTM1,market,50.0,2,15.0,OPPORTUNITY/HINDSIGHT,09:35,09:40,09:40,09:50,,
2026-01-20,META,call,OTM1,market,60.0,2,15.0,OPPORTUNITY/HINDSIGHT,09:35,09:40,09:40,09:50,,
2026-01-20,META,call,OTM1,market,70.0,2,15.0,OPPORTUNITY/HINDSIGHT,09:35,09:40,09:40,09:50,,
2026-01-20,META,call,OTM1,market,75.0,2,15.0,OPPORTUNITY/HINDSIGHT,09:35,09:40,09:40,09:50,,
2026-01-20,META,call,OTM1,market,80.0,2,15.0,OPPORTUNITY/HINDSIGHT,09:35,09:40,09:40,09:50,,
2026-01-20,META,call,OTM1,market,90.0,2,20.0,OPPORTUNITY/HINDSIGHT,09:35,09:40,09:40,09:55,,
2026-01-20,META,call,OTM1,market,100.0,2,20.0,OPPORTUNITY/HINDSIGHT,09:35,09:40,09:40,09:55,,
2026-01-20,META,call,OTM2+,mid,20.0,1,5.0,OPPORTUNITY/HINDSIGHT,09:35,09:40,,,,
2026-01-20,META,call,OTM2+,mid,25.0,1,5.0,OPPORTUNITY/HINDSIGHT,09:35,09:40,,,,
2026-01-20,META,call,OTM2+,mid,30.0,1,5.0,OPPORTUNITY/HINDSIGHT,09:35,09:40,,,,
2026-01-20,META,call,OTM2+,mid,40.0,1,5.0,OPPORTUNITY/HINDSIGHT,09:35,09:40,,,,
2026-01-20,META,call,OTM2+,mid,50.0,1,5.0,OPPORTUNITY/HINDSIGHT,09:35,09:40,,,,
2026-01-20,META,call,OTM2+,mid,60.0,1,5.0,OPPORTUNITY/HINDSIGHT,09:35,09:40,,,,
2026-01-20,META,call,OTM2+,mid,70.0,1,5.0,OPPORTUNITY/HINDSIGHT,09:35,09:40,,,,
2026-01-20,META,call,OTM2+,mid,75.0,1,5.0,OPPORTUNITY/HINDSIGHT,09:35,09:40,,,,
2026-01-20,META,call,OTM2+,mid,80.0,1,5.0,OPPORTUNITY/HINDSIGHT,09:35,09:40,,,,
2026-01-20,META,call,OTM2+,mid,90.0,1,5.0,OPPORTUNITY/HINDSIGHT,09:35,09:40,,,,
2026-01-20,META,call,OTM2+,mid,100.0,1,5.0,OPPORTUNITY/HINDSIGHT,09:35,09:40,,,,
2026-01-20,META,call,OTM2+,market,20.0,1,5.0,OPPORTUNITY/HINDSIGHT,09:35,09:40,,,,
2026-01-20,META,call,OTM2+,market,25.0,1,5.0,OPPORTUNITY/HINDSIGHT,09:35,09:40,,,,
2026-01-20,META,call,OTM2+,market,30.0,1,5.0,OPPORTUNITY/HINDSIGHT,09:35,09:40,,,,
2026-01-20,META,call,OTM2+,market,40.0,1,5.0,OPPORTUNITY/HINDSIGHT,09:35,09:40,,,,
2026-01-20,META,call,OTM2+,market,50.0,1,5.0,OPPORTUNITY/HINDSIGHT,09:35,09:40,,,,
2026-01-20,META,call,OTM2+,market,60.0,1,5.0,OPPORTUNITY/HINDSIGHT,09:35,09:40,,,,
2026-01-20,META,call,OTM2+,market,70.0,1,5.0,OPPORTUNITY/HINDSIGHT,09:35,09:40,,,,
2026-01-20,META,call,OTM2+,market,75.0,1,5.0,OPPORTUNITY/HINDSIGHT,09:35,09:40,,,,
2026-01-20,META,call,OTM2+,market,80.0,1,5.0,OPPORTUNITY/HINDSIGHT,09:35,09:40,,,,
2026-01-20,META,call,OTM2+,market,90.0,1,5.0,OPPORTUNITY/HINDSIGHT,09:35,09:40,,,,
2026-01-20,META,call,OTM2+,market,100.0,1,5.0,OPPORTUNITY/HINDSIGHT,09:35,09:40,,,,
2026-01-20,META,put,OTM2+,mid,20.0,3,35.0,OPPORTUNITY/HINDSIGHT,09:55,10:15,10:20,10:30,10:35,10:40
2026-01-20,META,put,OTM2+,mid,25.0,3,35.0,OPPORTUNITY/HINDSIGHT,09:55,10:15,10:20,10:30,10:35,10:40
2026-01-20,META,put,OTM2+,mid,30.0,3,35.0,OPPORTUNITY/HINDSIGHT,09:55,10:15,10:20,10:30,10:35,10:40
2026-01-20,META,put,OTM2+,mid,40.0,3,35.0,OPPORTUNITY/HINDSIGHT,09:55,10:15,10:20,10:30,10:35,10:40
2026-01-20,META,put,OTM2+,mid,50.0,3,30.0,OPPORTUNITY/HINDSIGHT,10:00,10:15,10:20,10:30,10:35,10:40
2026-01-20,META,put,OTM2+,mid,60.0,3,20.0,OPPORTUNITY/HINDSIGHT,10:05,10:10,10:20,10:30,10:35,10:40
2026-01-20,META,put,OTM2+,mid,70.0,2,20.0,OPPORTUNITY/HINDSIGHT,10:05,10:15,10:20,10:30,,
2026-01-20,META,put,OTM2+,mid,75.0,2,20.0,OPPORTUNITY/HINDSIGHT,10:05,10:15,10:20,10:30,,
2026-01-20,META,put,OTM2+,mid,80.0,2,20.0,OPPORTUNITY/HINDSIGHT,10:05,10:15,10:20,10:30,,
2026-01-20,META,put,OTM2+,mid,90.0,2,20.0,OPPORTUNITY/HINDSIGHT,10:05,10:15,10:20,10:30,,
2026-01-20,META,put,OTM2+,mid,100.0,2,20.0,OPPORTUNITY/HINDSIGHT,10:05,10:15,10:20,10:30,,
2026-01-20,META,put,OTM2+,market,20.0,3,35.0,OPPORTUNITY/HINDSIGHT,09:55,10:15,10:20,10:30,10:35,10:40
2026-01-20,META,put,OTM2+,market,25.0,3,35.0,OPPORTUNITY/HINDSIGHT,09:55,10:15,10:20,10:30,10:35,10:40
2026-01-20,META,put,OTM2+,market,30.0,3,35.0,OPPORTUNITY/HINDSIGHT,09:55,10:15,10:20,10:30,10:35,10:40
2026-01-20,META,put,OTM2+,market,40.0,3,30.0,OPPORTUNITY/HINDSIGHT,10:00,10:15,10:20,10:30,10:35,10:40
2026-01-20,META,put,OTM2+,market,50.0,3,30.0,OPPORTUNITY/HINDSIGHT,10:00,10:15,10:20,10:30,10:35,10:40
2026-01-20,META,put,OTM2+,market,60.0,3,25.0,OPPORTUNITY/HINDSIGHT,10:05,10:15,10:20,10:30,10:35,10:40
2026-01-20,META,put,OTM2+,market,70.0,2,20.0,OPPORTUNITY/HINDSIGHT,10:05,10:15,10:20,10:30,,
2026-01-20,META,put,OTM2+,market,75.0,2,20.0,OPPORTUNITY/HINDSIGHT,10:05,10:15,10:20,10:30,,
2026-01-20,META,put,OTM2+,market,80.0,2,20.0,OPPORTUNITY/HINDSIGHT,10:05,10:15,10:20,10:30,,
2026-01-20,META,put,OTM2+,market,90.0,2,20.0,OPPORTUNITY/HINDSIGHT,10:05,10:15,10:20,10:30,,
2026-01-20,META,put,OTM2+,market,100.0,2,20.0,OPPORTUNITY/HINDSIGHT,10:05,10:15,10:20,10:30,,
2026-01-20,META,put,OTM1,mid,20.0,3,35.0,OPPORTUNITY/HINDSIGHT,09:55,10:15,10:20,10:30,10:35,10:40
2026-01-20,META,put,OTM1,mid,25.0,3,35.0,OPPORTUNITY/HINDSIGHT,09:55,10:15,10:20,10:30,10:35,10:40
2026-01-20,META,put,OTM1,mid,30.0,3,35.0,OPPORTUNITY/HINDSIGHT,09:55,10:15,10:20,10:30,10:35,10:40
2026-01-20,META,put,OTM1,mid,40.0,3,30.0,OPPORTUNITY/HINDSIGHT,10:00,10:15,10:20,10:30,10:35,10:40
2026-01-20,META,put,OTM1,mid,50.0,3,25.0,OPPORTUNITY/HINDSIGHT,10:05,10:15,10:20,10:30,10:35,10:40
2026-01-20,META,put,OTM1,mid,60.0,2,20.0,OPPORTUNITY/HINDSIGHT,10:05,10:15,10:20,10:30,,
2026-01-20,META,put,OTM1,mid,70.0,1,20.0,OPPORTUNITY/HINDSIGHT,10:20,10:40,,,,
2026-01-20,META,put,OTM1,mid,75.0,1,20.0,OPPORTUNITY/HINDSIGHT,10:20,10:40,,,,
2026-01-20,META,put,OTM1,mid,80.0,1,20.0,OPPORTUNITY/HINDSIGHT,10:20,10:40,,,,
2026-01-20,META,put,OTM1,market,20.0,3,35.0,OPPORTUNITY/HINDSIGHT,09:55,10:15,10:20,10:30,10:35,10:40
2026-01-20,META,put,OTM1,market,25.0,3,35.0,OPPORTUNITY/HINDSIGHT,09:55,10:15,10:20,10:30,10:35,10:40
2026-01-20,META,put,OTM1,market,30.0,3,35.0,OPPORTUNITY/HINDSIGHT,09:55,10:15,10:20,10:30,10:35,10:40
2026-01-20,META,put,OTM1,market,40.0,3,25.0,OPPORTUNITY/HINDSIGHT,10:05,10:15,10:20,10:30,10:35,10:40
2026-01-20,META,put,OTM1,market,50.0,2,20.0,OPPORTUNITY/HINDSIGHT,10:05,10:15,10:20,10:30,,
2026-01-20,META,put,OTM1,market,60.0,2,20.0,OPPORTUNITY/HINDSIGHT,10:05,10:15,10:20,10:30,,
2026-01-20,META,put,OTM1,market,70.0,1,20.0,OPPORTUNITY/HINDSIGHT,10:20,10:40,,,,
2026-01-20,META,put,OTM1,market,75.0,1,20.0,OPPORTUNITY/HINDSIGHT,10:20,10:40,,,,
2026-01-20,META,put,ATM,mid,20.0,2,25.0,OPPORTUNITY/HINDSIGHT,09:55,10:15,10:35,10:40,,
2026-01-20,META,put,ATM,mid,25.0,2,25.0,OPPORTUNITY/HINDSIGHT,09:55,10:15,10:35,10:40,,
2026-01-20,META,put,ATM,mid,30.0,2,20.0,OPPORTUNITY/HINDSIGHT,10:00,10:15,10:35,10:40,,
2026-01-20,META,put,ATM,market,20.0,2,25.0,OPPORTUNITY/HINDSIGHT,09:55,10:15,10:35,10:40,,
2026-01-20,META,put,ATM,market,25.0,2,20.0,OPPORTUNITY/HINDSIGHT,10:00,10:15,10:35,10:40,,
2026-01-20,META,put,ATM,market,30.0,1,5.0,OPPORTUNITY/HINDSIGHT,10:35,10:40,,,,
2026-01-21,META,call,ITM,mid,20.0,4,375.0,OPPORTUNITY/HINDSIGHT,09:35,12:50,12:50,12:55,12:55,13:20
2026-01-21,META,call,ITM,mid,25.0,4,375.0,OPPORTUNITY/HINDSIGHT,09:35,12:50,12:50,12:55,12:55,13:20
2026-01-21,META,call,ITM,mid,30.0,4,375.0,OPPORTUNITY/HINDSIGHT,09:35,12:50,12:50,12:55,12:55,13:20
2026-01-21,META,call,ITM,mid,40.0,3,375.0,OPPORTUNITY/HINDSIGHT,09:35,12:55,12:55,13:20,13:25,15:55
2026-01-21,META,call,ITM,mid,50.0,4,365.0,OPPORTUNITY/HINDSIGHT,09:35,12:55,12:55,13:20,13:30,15:05
2026-01-21,META,call,ITM,mid,60.0,3,370.0,OPPORTUNITY/HINDSIGHT,09:35,12:55,12:55,13:20,13:30,15:55
2026-01-21,META,call,ITM,mid,70.0,2,380.0,OPPORTUNITY/HINDSIGHT,09:35,12:55,12:55,15:55,,
2026-01-21,META,call,ITM,mid,75.0,2,380.0,OPPORTUNITY/HINDSIGHT,09:35,12:55,12:55,15:55,,
2026-01-21,META,call,ITM,mid,80.0,2,380.0,OPPORTUNITY/HINDSIGHT,09:35,13:10,13:10,15:55,,
2026-01-21,META,call,ITM,mid,90.0,2,380.0,OPPORTUNITY/HINDSIGHT,09:35,13:10,13:10,15:55,,
2026-01-21,META,call,ITM,mid,100.0,2,360.0,OPPORTUNITY/HINDSIGHT,09:35,13:20,13:40,15:55,,
2026-01-21,META,call,ITM,market,20.0,4,375.0,OPPORTUNITY/HINDSIGHT,09:35,12:50,12:50,12:55,12:55,13:20
2026-01-21,META,call,ITM,market,25.0,4,375.0,OPPORTUNITY/HINDSIGHT,09:35,12:50,12:50,12:55,12:55,13:20
2026-01-21,META,call,ITM,market,30.0,4,375.0,OPPORTUNITY/HINDSIGHT,09:35,12:50,12:50,12:55,12:55,13:20
2026-01-21,META,call,ITM,market,40.0,4,365.0,OPPORTUNITY/HINDSIGHT,09:35,12:55,12:55,13:20,13:30,15:05
2026-01-21,META,call,ITM,market,50.0,3,370.0,OPPORTUNITY/HINDSIGHT,09:35,12:55,12:55,13:20,13:30,15:55
2026-01-21,META,call,ITM,market,60.0,2,380.0,OPPORTUNITY/HINDSIGHT,09:35,12:55,12:55,15:55,,
2026-01-21,META,call,ITM,market,70.0,2,380.0,OPPORTUNITY/HINDSIGHT,09:35,12:55,12:55,15:55,,
2026-01-21,META,call,ITM,market,75.0,2,380.0,OPPORTUNITY/HINDSIGHT,09:35,13:10,13:10,15:55,,
2026-01-21,META,call,ITM,market,80.0,2,380.0,OPPORTUNITY/HINDSIGHT,09:35,13:10,13:10,15:55,,
2026-01-21,META,call,ITM,market,90.0,2,360.0,OPPORTUNITY/HINDSIGHT,09:35,13:20,13:40,15:55,,
2026-01-21,META,call,ITM,market,100.0,2,360.0,OPPORTUNITY/HINDSIGHT,09:35,13:20,13:40,15:55,,
2026-01-21,META,call,ATM,mid,20.0,4,375.0,OPPORTUNITY/HINDSIGHT,09:35,12:50,12:50,12:55,12:55,13:20
2026-01-21,META,call,ATM,mid,25.0,4,375.0,OPPORTUNITY/HINDSIGHT,09:35,12:50,12:50,12:55,12:55,13:20
2026-01-21,META,call,ATM,mid,30.0,4,375.0,OPPORTUNITY/HINDSIGHT,09:35,12:50,12:50,12:55,12:55,13:20
2026-01-21,META,call,ATM,mid,40.0,3,375.0,OPPORTUNITY/HINDSIGHT,09:35,12:55,12:55,13:20,13:25,15:55
2026-01-21,META,call,ATM,mid,50.0,3,375.0,OPPORTUNITY/HINDSIGHT,09:35,12:55,12:55,13:20,13:25,15:55
2026-01-21,META,call,ATM,mid,60.0,3,370.0,OPPORTUNITY/HINDSIGHT,09:35,12:55,12:55,13:20,13:30,15:55
2026-01-21,META,call,ATM,mid,70.0,3,370.0,OPPORTUNITY/HINDSIGHT,09:35,12:55,12:55,13:20,13:30,15:55
2026-01-21,META,call,ATM,mid,75.0,3,370.0,OPPORTUNITY/HINDSIGHT,09:35,12:55,12:55,13:20,13:30,15:55
2026-01-21,META,call,ATM,mid,80.0,3,370.0,OPPORTUNITY/HINDSIGHT,09:35,12:55,12:55,13:20,13:30,15:55
2026-01-21,META,call,ATM,mid,90.0,3,370.0,OPPORTUNITY/HINDSIGHT,09:35,12:55,12:55,13:20,13:30,15:55
2026-01-21,META,call,ATM,mid,100.0,3,370.0,OPPORTUNITY/HINDSIGHT,09:35,12:55,12:55,13:20,13:30,15:55
2026-01-21,META,call,ATM,market,20.0,4,375.0,OPPORTUNITY/HINDSIGHT,09:35,12:50,12:50,12:55,12:55,13:20
2026-01-21,META,call,ATM,market,25.0,4,375.0,OPPORTUNITY/HINDSIGHT,09:35,12:50,12:50,12:55,12:55,13:20
2026-01-21,META,call,ATM,market,30.0,4,375.0,OPPORTUNITY/HINDSIGHT,09:35,12:50,12:50,12:55,12:55,13:20
2026-01-21,META,call,ATM,market,40.0,3,375.0,OPPORTUNITY/HINDSIGHT,09:35,12:55,12:55,13:20,13:25,15:55
2026-01-21,META,call,ATM,market,50.0,4,370.0,OPPORTUNITY/HINDSIGHT,09:35,12:55,12:55,13:20,13:30,13:45
2026-01-21,META,call,ATM,market,60.0,3,370.0,OPPORTUNITY/HINDSIGHT,09:35,12:55,12:55,13:20,13:30,15:55
2026-01-21,META,call,ATM,market,70.0,3,370.0,OPPORTUNITY/HINDSIGHT,09:35,12:55,12:55,13:20,13:30,15:55
2026-01-21,META,call,ATM,market,75.0,3,370.0,OPPORTUNITY/HINDSIGHT,09:35,12:55,12:55,13:20,13:30,15:55
2026-01-21,META,call,ATM,market,80.0,3,370.0,OPPORTUNITY/HINDSIGHT,09:35,12:55,12:55,13:20,13:30,15:55
2026-01-21,META,call,ATM,market,90.0,3,370.0,OPPORTUNITY/HINDSIGHT,09:35,12:55,12:55,13:20,13:30,15:55
2026-01-21,META,call,ATM,market,100.0,3,370.0,OPPORTUNITY/HINDSIGHT,09:35,13:10,13:10,13:20,13:30,15:55
2026-01-21,META,call,OTM1,mid,20.0,5,310.0,OPPORTUNITY/HINDSIGHT,09:35,12:50,12:50,12:55,12:55,13:10
2026-01-21,META,call,OTM1,mid,25.0,4,320.0,OPPORTUNITY/HINDSIGHT,09:35,12:55,12:55,13:20,13:50,15:00
2026-01-21,META,call,OTM1,mid,30.0,4,320.0,OPPORTUNITY/HINDSIGHT,09:35,12:55,12:55,13:20,13:50,15:00
2026-01-21,META,call,OTM1,mid,40.0,4,320.0,OPPORTUNITY/HINDSIGHT,09:35,12:55,12:55,13:20,13:50,15:00
2026-01-21,META,call,OTM1,mid,50.0,4,320.0,OPPORTUNITY/HINDSIGHT,09:35,12:55,12:55,13:20,13:50,15:00
2026-01-21,META,call,OTM1,mid,60.0,4,320.0,OPPORTUNITY/HINDSIGHT,09:35,12:55,12:55,13:20,13:50,15:00
2026-01-21,META,call,OTM1,mid,70.0,4,320.0,OPPORTUNITY/HINDSIGHT,09:35,12:55,12:55,13:20,13:50,15:00
2026-01-21,META,call,OTM1,mid,75.0,4,320.0,OPPORTUNITY/HINDSIGHT,09:35,12:55,12:55,13:20,13:50,15:00
2026-01-21,META,call,OTM1,mid,80.0,4,320.0,OPPORTUNITY/HINDSIGHT,09:35,12:55,12:55,13:20,13:50,15:00
2026-01-21,META,call,OTM1,mid,90.0,4,320.0,OPPORTUNITY/HINDSIGHT,09:35,12:55,12:55,13:20,13:50,15:00
2026-01-21,META,call,OTM1,mid,100.0,4,320.0,OPPORTUNITY/HINDSIGHT,09:35,12:55,12:55,13:20,13:50,15:00
2026-01-21,META,call,OTM1,market,20.0,4,320.0,OPPORTUNITY/HINDSIGHT,09:35,12:55,12:55,13:20,13:50,15:00
2026-01-21,META,call,OTM1,market,25.0,4,320.0,OPPORTUNITY/HINDSIGHT,09:35,12:55,12:55,13:20,13:50,15:00
2026-01-21,META,call,OTM1,market,30.0,4,320.0,OPPORTUNITY/HINDSIGHT,09:35,12:55,12:55,13:20,13:50,15:00
2026-01-21,META,call,OTM1,market,40.0,4,320.0,OPPORTUNITY/HINDSIGHT,09:35,12:55,12:55,13:20,13:50,15:00
2026-01-21,META,call,OTM1,market,50.0,4,320.0,OPPORTUNITY/HINDSIGHT,09:35,12:55,12:55,13:20,13:50,15:00
2026-01-21,META,call,OTM1,market,60.0,4,320.0,OPPORTUNITY/HINDSIGHT,09:35,12:55,12:55,13:20,13:50,15:00
2026-01-21,META,call,OTM1,market,70.0,4,320.0,OPPORTUNITY/HINDSIGHT,09:35,12:55,12:55,13:20,13:50,15:00
2026-01-21,META,call,OTM1,market,75.0,4,320.0,OPPORTUNITY/HINDSIGHT,09:35,12:55,12:55,13:20,13:50,15:00
2026-01-21,META,call,OTM1,market,80.0,4,320.0,OPPORTUNITY/HINDSIGHT,09:35,12:55,12:55,13:20,13:50,15:00
2026-01-21,META,call,OTM1,market,90.0,4,320.0,OPPORTUNITY/HINDSIGHT,09:35,12:55,12:55,13:20,13:50,15:00
2026-01-21,META,call,OTM1,market,100.0,4,320.0,OPPORTUNITY/HINDSIGHT,09:35,12:55,12:55,13:20,13:50,15:00
2026-01-21,META,call,OTM2+,mid,20.0,1,200.0,OPPORTUNITY/HINDSIGHT,09:35,12:55,,,,
2026-01-21,META,call,OTM2+,mid,25.0,1,200.0,OPPORTUNITY/HINDSIGHT,09:35,12:55,,,,
2026-01-21,META,call,OTM2+,mid,30.0,1,200.0,OPPORTUNITY/HINDSIGHT,09:35,12:55,,,,
2026-01-21,META,call,OTM2+,mid,40.0,1,200.0,OPPORTUNITY/HINDSIGHT,09:35,12:55,,,,
2026-01-21,META,call,OTM2+,mid,50.0,1,200.0,OPPORTUNITY/HINDSIGHT,09:35,12:55,,,,
2026-01-21,META,call,OTM2+,mid,60.0,1,200.0,OPPORTUNITY/HINDSIGHT,09:35,12:55,,,,
2026-01-21,META,call,OTM2+,mid,70.0,1,200.0,OPPORTUNITY/HINDSIGHT,09:35,12:55,,,,
2026-01-21,META,call,OTM2+,mid,75.0,1,200.0,OPPORTUNITY/HINDSIGHT,09:35,12:55,,,,
2026-01-21,META,call,OTM2+,mid,80.0,1,200.0,OPPORTUNITY/HINDSIGHT,09:35,12:55,,,,
2026-01-21,META,call,OTM2+,mid,90.0,1,200.0,OPPORTUNITY/HINDSIGHT,09:35,12:55,,,,
2026-01-21,META,call,OTM2+,mid,100.0,1,200.0,OPPORTUNITY/HINDSIGHT,09:35,12:55,,,,
2026-01-21,META,call,OTM2+,market,20.0,1,200.0,OPPORTUNITY/HINDSIGHT,09:35,12:55,,,,
2026-01-21,META,call,OTM2+,market,25.0,1,200.0,OPPORTUNITY/HINDSIGHT,09:35,12:55,,,,
2026-01-21,META,call,OTM2+,market,30.0,1,200.0,OPPORTUNITY/HINDSIGHT,09:35,12:55,,,,
2026-01-21,META,call,OTM2+,market,40.0,1,200.0,OPPORTUNITY/HINDSIGHT,09:35,12:55,,,,
2026-01-21,META,call,OTM2+,market,50.0,1,200.0,OPPORTUNITY/HINDSIGHT,09:35,12:55,,,,
2026-01-21,META,call,OTM2+,market,60.0,1,200.0,OPPORTUNITY/HINDSIGHT,09:35,12:55,,,,
2026-01-21,META,call,OTM2+,market,70.0,1,200.0,OPPORTUNITY/HINDSIGHT,09:35,12:55,,,,
2026-01-21,META,call,OTM2+,market,75.0,1,200.0,OPPORTUNITY/HINDSIGHT,09:35,12:55,,,,
2026-01-21,META,call,OTM2+,market,80.0,1,200.0,OPPORTUNITY/HINDSIGHT,09:35,12:55,,,,
2026-01-21,META,call,OTM2+,market,90.0,1,200.0,OPPORTUNITY/HINDSIGHT,09:35,12:55,,,,
2026-01-21,META,call,OTM2+,market,100.0,1,200.0,OPPORTUNITY/HINDSIGHT,09:35,12:55,,,,
2026-01-21,META,put,OTM2+,mid,20.0,8,105.0,OPPORTUNITY/HINDSIGHT,09:35,09:40,09:40,09:45,10:00,10:15
2026-01-21,META,put,OTM2+,mid,25.0,8,105.0,OPPORTUNITY/HINDSIGHT,09:35,09:40,09:40,09:45,10:00,10:15
2026-01-21,META,put,OTM2+,mid,30.0,8,105.0,OPPORTUNITY/HINDSIGHT,09:35,09:40,09:40,09:45,10:00,10:15
2026-01-21,META,put,OTM2+,mid,40.0,7,100.0,OPPORTUNITY/HINDSIGHT,09:35,09:40,09:40,09:45,10:00,10:15
2026-01-21,META,put,OTM2+,mid,50.0,7,105.0,OPPORTUNITY/HINDSIGHT,09:35,09:40,09:40,09:50,10:00,10:15
2026-01-21,META,put,OTM2+,mid,60.0,7,105.0,OPPORTUNITY/HINDSIGHT,09:35,09:40,09:40,09:50,10:00,10:15
2026-01-21,META,put,OTM2+,mid,70.0,6,100.0,OPPORTUNITY/HINDSIGHT,09:35,09:45,10:00,10:15,11:40,12:00
2026-01-21,META,put,OTM2+,mid,75.0,6,100.0,OPPORTUNITY/HINDSIGHT,09:35,09:45,10:00,10:15,11:40,12:00
2026-01-21,META,put,OTM2+,mid,80.0,6,105.0,OPPORTUNITY/HINDSIGHT,09:35,09:45,10:00,10:20,11:40,12:00
2026-01-21,META,put,OTM2+,mid,90.0,6,105.0,OPPORTUNITY/HINDSIGHT,09:35,09:45,10:00,10:20,11:40,12:00
2026-01-21,META,put,OTM2+,mid,100.0,6,110.0,OPPORTUNITY/HINDSIGHT,09:35,09:45,10:00,10:20,11:40,12:05
2026-01-21,META,put,OTM2+,market,20.0,8,105.0,OPPORTUNITY/HINDSIGHT,09:35,09:40,09:40,09:45,10:00,10:15
2026-01-21,META,put,OTM2+,market,25.0,8,105.0,OPPORTUNITY/HINDSIGHT,09:35,09:40,09:40,09:45,10:00,10:15
2026-01-21,META,put,OTM2+,market,30.0,7,100.0,OPPORTUNITY/HINDSIGHT,09:35,09:40,09:40,09:45,10:00,10:15
2026-01-21,META,put,OTM2+,market,40.0,7,105.0,OPPORTUNITY/HINDSIGHT,09:35,09:40,09:40,09:50,10:00,10:15
2026-01-21,META,put,OTM2+,market,50.0,7,105.0,OPPORTUNITY/HINDSIGHT,09:35,09:40,09:40,09:50,10:00,10:15
2026-01-21,META,put,OTM2+,market,60.0,6,100.0,OPPORTUNITY/HINDSIGHT,09:35,09:45,10:00,10:15,11:40,12:00
2026-01-21,META,put,OTM2+,market,70.0,6,100.0,OPPORTUNITY/HINDSIGHT,09:35,09:45,10:00,10:15,11:40,12:00
2026-01-21,META,put,OTM2+,market,75.0,6,105.0,OPPORTUNITY/HINDSIGHT,09:35,09:45,10:00,10:20,11:40,12:00
2026-01-21,META,put,OTM2+,market,80.0,6,105.0,OPPORTUNITY/HINDSIGHT,09:35,09:45,10:00,10:20,11:40,12:00
2026-01-21,META,put,OTM2+,market,90.0,6,110.0,OPPORTUNITY/HINDSIGHT,09:35,09:45,10:00,10:20,11:40,12:05
2026-01-21,META,put,OTM2+,market,100.0,6,115.0,OPPORTUNITY/HINDSIGHT,09:35,09:45,10:00,10:25,11:40,12:05
2026-01-21,META,put,OTM1,mid,20.0,15,225.0,OPPORTUNITY/HINDSIGHT,09:35,09:40,09:40,09:45,09:45,09:50
2026-01-21,META,put,OTM1,mid,25.0,15,225.0,OPPORTUNITY/HINDSIGHT,09:35,09:40,09:40,09:45,09:45,09:50
2026-01-21,META,put,OTM1,mid,30.0,15,225.0,OPPORTUNITY/HINDSIGHT,09:35,09:40,09:40,09:45,09:45,09:50
2026-01-21,META,put,OTM1,mid,40.0,14,220.0,OPPORTUNITY/HINDSIGHT,09:35,09:40,09:40,09:50,09:50,10:30
2026-01-21,META,put,OTM1,mid,50.0,13,215.0,OPPORTUNITY/HINDSIGHT,09:35,09:45,09:45,09:50,09:50,10:30
2026-01-21,META,put,OTM1,mid,60.0,14,200.0,OPPORTUNITY/HINDSIGHT,09:35,09:45,09:45,09:50,09:50,10:30
2026-01-21,META,put,OTM1,mid,70.0,13,195.0,OPPORTUNITY/HINDSIGHT,09:35,09:45,09:45,09:50,09:50,10:30
2026-01-21,META,put,OTM1,mid,75.0,13,200.0,OPPORTUNITY/HINDSIGHT,09:35,09:45,09:45,09:50,09:50,10:35
2026-01-21,META,put,OTM1,mid,80.0,12,200.0,OPPORTUNITY/HINDSIGHT,09:35,09:45,09:45,09:50,09:50,10:35
2026-01-21,META,put,OTM1,mid,90.0,11,195.0,OPPORTUNITY/HINDSIGHT,09:35,09:45,09:45,09:50,09:50,10:35
2026-01-21,META,put,OTM1,mid,100.0,10,195.0,OPPORTUNITY/HINDSIGHT,09:35,09:50,09:50,10:35,11:05,11:15
2026-01-21,META,put,OTM1,market,20.0,15,225.0,OPPORTUNITY/HINDSIGHT,09:35,09:40,09:40,09:45,09:45,09:50
2026-01-21,META,put,OTM1,market,25.0,15,225.0,OPPORTUNITY/HINDSIGHT,09:35,09:40,09:40,09:45,09:45,09:50
2026-01-21,META,put,OTM1,market,30.0,14,220.0,OPPORTUNITY/HINDSIGHT,09:35,09:40,09:40,09:50,09:50,10:30
2026-01-21,META,put,OTM1,market,40.0,13,215.0,OPPORTUNITY/HINDSIGHT,09:35,09:40,09:40,09:50,09:50,10:30
2026-01-21,META,put,OTM1,market,50.0,14,200.0,OPPORTUNITY/HINDSIGHT,09:35,09:45,09:45,09:50,09:50,10:30
2026-01-21,META,put,OTM1,market,60.0,13,195.0,OPPORTUNITY/HINDSIGHT,09:35,09:45,09:45,09:50,09:50,10:30
2026-01-21,META,put,OTM1,market,70.0,13,200.0,OPPORTUNITY/HINDSIGHT,09:35,09:45,09:45,09:50,09:50,10:35
2026-01-21,META,put,OTM1,market,75.0,12,200.0,OPPORTUNITY/HINDSIGHT,09:35,09:45,09:45,09:50,09:50,10:35
2026-01-21,META,put,OTM1,market,80.0,11,195.0,OPPORTUNITY/HINDSIGHT,09:35,09:45,09:45,09:50,09:50,10:35
2026-01-21,META,put,OTM1,market,90.0,10,195.0,OPPORTUNITY/HINDSIGHT,09:35,09:50,09:50,10:35,11:05,11:15
2026-01-21,META,put,OTM1,market,100.0,8,210.0,OPPORTUNITY/HINDSIGHT,09:35,09:50,09:50,10:35,11:05,11:15
2026-01-21,META,put,ATM,mid,20.0,18,240.0,OPPORTUNITY/HINDSIGHT,09:35,09:40,09:40,09:45,09:45,09:50
2026-01-21,META,put,ATM,mid,25.0,17,240.0,OPPORTUNITY/HINDSIGHT,09:35,09:40,09:40,09:50,09:50,10:30
2026-01-21,META,put,ATM,mid,30.0,16,240.0,OPPORTUNITY/HINDSIGHT,09:35,09:40,09:40,09:50,09:50,10:30
2026-01-21,META,put,ATM,mid,40.0,12,250.0,OPPORTUNITY/HINDSIGHT,09:35,09:45,09:45,09:50,09:50,10:30
2026-01-21,META,put,ATM,mid,50.0,12,220.0,OPPORTUNITY/HINDSIGHT,09:35,09:45,09:45,09:50,09:50,10:30
2026-01-21,META,put,ATM,mid,60.0,9,230.0,OPPORTUNITY/HINDSIGHT,09:35,09:45,09:45,09:50,09:50,10:35
2026-01-21,META,put,ATM,mid,70.0,10,200.0,OPPORTUNITY/HINDSIGHT,09:35,09:50,09:50,10:35,11:05,11:15
2026-01-21,META,put,ATM,mid,75.0,8,220.0,OPPORTUNITY/HINDSIGHT,09:35,09:50,09:50,10:35,11:05,11:15
2026-01-21,META,put,ATM,mid,80.0,8,220.0,OPPORTUNITY/HINDSIGHT,09:35,09:50,09:50,10:35,11:05,11:15
2026-01-21,META,put,ATM,mid,90.0,6,220.0,OPPORTUNITY/HINDSIGHT,09:35,09:50,09:50,10:40,11:40,12:20
2026-01-21,META,put,ATM,mid,100.0,9,175.0,OPPORTUNITY/HINDSIGHT,09:35,09:50,09:55,10:40,11:40,12:20
2026-01-21,META,put,ATM,market,20.0,17,240.0,OPPORTUNITY/HINDSIGHT,09:35,09:40,09:40,09:50,09:50,10:30
2026-01-21,META,put,ATM,market,25.0,16,240.0,OPPORTUNITY/HINDSIGHT,09:35,09:40,09:40,09:50,09:50,10:30
2026-01-21,META,put,ATM,market,30.0,12,250.0,OPPORTUNITY/HINDSIGHT,09:35,09:45,09:45,09:50,09:50,10:30
2026-01-21,META,put,ATM,market,40.0,10,240.0,OPPORTUNITY/HINDSIGHT,09:35,09:45,09:45,09:50,09:50,10:30
2026-01-21,META,put,ATM,market,50.0,9,230.0,OPPORTUNITY/HINDSIGHT,09:35,09:45,09:45,09:50,09:50,10:35
2026-01-21,META,put,ATM,market,60.0,11,200.0,OPPORTUNITY/HINDSIGHT,09:35,09:45,09:45,09:50,09:50,10:35
2026-01-21,META,put,ATM,market,70.0,8,220.0,OPPORTUNITY/HINDSIGHT,09:35,09:50,09:50,10:35,11:05,11:15
2026-01-21,META,put,ATM,market,75.0,8,225.0,OPPORTUNITY/HINDSIGHT,09:35,09:50,09:50,10:35,11:05,11:20
2026-01-21,META,put,ATM,market,80.0,7,215.0,OPPORTUNITY/HINDSIGHT,09:35,09:50,09:50,10:40,11:40,12:20
2026-01-21,META,put,ATM,market,90.0,9,180.0,OPPORTUNITY/HINDSIGHT,09:35,09:50,09:50,10:40,11:40,12:20
2026-01-21,META,put,ATM,market,100.0,7,190.0,OPPORTUNITY/HINDSIGHT,09:35,09:50,09:55,10:40,11:40,12:20
2026-01-21,META,put,ITM,mid,20.0,12,230.0,OPPORTUNITY/HINDSIGHT,09:35,09:40,09:40,09:50,09:50,10:30
2026-01-21,META,put,ITM,mid,25.0,12,235.0,OPPORTUNITY/HINDSIGHT,09:35,09:45,09:45,09:50,09:50,10:30
2026-01-21,META,put,ITM,mid,30.0,11,250.0,OPPORTUNITY/HINDSIGHT,09:35,09:45,09:45,09:50,09:50,10:30
2026-01-21,META,put,ITM,mid,40.0,7,205.0,OPPORTUNITY/HINDSIGHT,09:35,09:45,09:45,09:50,09:50,10:35
2026-01-21,META,put,ITM,mid,50.0,6,205.0,OPPORTUNITY/HINDSIGHT,09:35,09:50,09:50,10:35,11:05,11:15
2026-01-21,META,put,ITM,mid,60.0,4,135.0,OPPORTUNITY/HINDSIGHT,09:35,09:50,09:50,10:40,11:40,12:20
2026-01-21,META,put,ITM,mid,70.0,4,130.0,OPPORTUNITY/HINDSIGHT,09:35,09:50,09:55,10:40,11:40,12:20
2026-01-21,META,put,ITM,mid,75.0,4,115.0,OPPORTUNITY/HINDSIGHT,09:35,09:50,10:00,10:30,11:40,12:20
2026-01-21,META,put,ITM,mid,80.0,4,130.0,OPPORTUNITY/HINDSIGHT,09:35,09:50,10:00,10:30,11:40,12:20
2026-01-21,META,put,ITM,mid,90.0,3,85.0,OPPORTUNITY/HINDSIGHT,09:35,09:50,10:00,10:30,11:40,12:20
2026-01-21,META,put,ITM,mid,100.0,3,80.0,OPPORTUNITY/HINDSIGHT,09:35,09:50,10:00,10:35,11:50,12:20
2026-01-21,META,put,ITM,market,20.0,12,235.0,OPPORTUNITY/HINDSIGHT,09:35,09:45,09:45,09:50,09:50,10:30
2026-01-21,META,put,ITM,market,25.0,11,250.0,OPPORTUNITY/HINDSIGHT,09:35,09:45,09:45,09:50,09:50,10:30
2026-01-21,META,put,ITM,market,30.0,9,175.0,OPPORTUNITY/HINDSIGHT,09:35,09:45,09:45,09:50,09:50,10:30
2026-01-21,META,put,ITM,market,40.0,7,205.0,OPPORTUNITY/HINDSIGHT,09:35,09:45,09:45,09:50,09:50,10:35
2026-01-21,META,put,ITM,market,50.0,4,200.0,OPPORTUNITY/HINDSIGHT,09:35,09:50,09:50,10:35,11:40,12:20
2026-01-21,META,put,ITM,market,60.0,4,130.0,OPPORTUNITY/HINDSIGHT,09:35,09:50,09:55,10:40,11:40,12:20
2026-01-21,META,put,ITM,market,70.0,4,130.0,OPPORTUNITY/HINDSIGHT,09:35,09:50,10:00,10:30,11:40,12:20
2026-01-21,META,put,ITM,market,75.0,4,115.0,OPPORTUNITY/HINDSIGHT,09:35,09:50,10:00,10:30,11:40,12:20
2026-01-21,META,put,ITM,market,80.0,3,85.0,OPPORTUNITY/HINDSIGHT,09:35,09:50,10:00,10:30,11:40,12:20
2026-01-21,META,put,ITM,market,90.0,3,80.0,OPPORTUNITY/HINDSIGHT,09:35,09:50,10:00,10:35,11:50,12:20
2026-01-21,META,put,ITM,market,100.0,2,80.0,OPPORTUNITY/HINDSIGHT,09:35,10:25,11:50,12:20,,
2026-01-22,META,call,ITM,mid,20.0,4,100.0,OPPORTUNITY/HINDSIGHT,09:35,09:40,09:40,10:35,11:00,11:15
2026-01-22,META,call,ITM,mid,25.0,4,105.0,OPPORTUNITY/HINDSIGHT,09:35,09:45,09:45,10:35,11:00,11:20
2026-01-22,META,call,ITM,mid,30.0,4,120.0,OPPORTUNITY/HINDSIGHT,09:35,09:50,09:50,10:45,11:00,11:25
2026-01-22,META,call,ITM,mid,40.0,3,105.0,OPPORTUNITY/HINDSIGHT,09:35,10:35,11:05,11:25,14:45,15:10
2026-01-22,META,call,ITM,mid,50.0,2,65.0,OPPORTUNITY/HINDSIGHT,09:35,10:35,15:05,15:10,,
2026-01-22,META,call,ITM,mid,60.0,1,60.0,OPPORTUNITY/HINDSIGHT,09:35,10:35,,,,
2026-01-22,META,call,ITM,mid,70.0,1,70.0,OPPORTUNITY/HINDSIGHT,09:35,10:45,,,,
2026-01-22,META,call,ITM,mid,75.0,1,70.0,OPPORTUNITY/HINDSIGHT,09:35,10:45,,,,
2026-01-22,META,call,ITM,mid,80.0,1,70.0,OPPORTUNITY/HINDSIGHT,09:35,10:45,,,,
2026-01-22,META,call,ITM,mid,90.0,1,30.0,OPPORTUNITY/HINDSIGHT,10:05,10:35,,,,
2026-01-22,META,call,ITM,mid,100.0,1,30.0,OPPORTUNITY/HINDSIGHT,10:05,10:35,,,,
2026-01-22,META,call,ITM,market,20.0,4,105.0,OPPORTUNITY/HINDSIGHT,09:35,09:45,09:45,10:35,11:00,11:20
2026-01-22,META,call,ITM,market,25.0,4,120.0,OPPORTUNITY/HINDSIGHT,09:35,09:50,09:50,10:45,11:00,11:25
2026-01-22,META,call,ITM,market,30.0,3,100.0,OPPORTUNITY/HINDSIGHT,09:35,10:35,11:05,11:20,14:45,15:10
2026-01-22,META,call,ITM,market,40.0,2,85.0,OPPORTUNITY/HINDSIGHT,09:35,10:35,14:45,15:10,,
2026-01-22,META,call,ITM,market,50.0,2,65.0,OPPORTUNITY/HINDSIGHT,09:35,10:35,15:05,15:10,,
2026-01-22,META,call,ITM,market,60.0,1,70.0,OPPORTUNITY/HINDSIGHT,09:35,10:45,,,,
2026-01-22,META,call,ITM,market,70.0,1,70.0,OPPORTUNITY/HINDSIGHT,09:35,10:45,,,,
2026-01-22,META,call,ITM,market,75.0,1,70.0,OPPORTUNITY/HINDSIGHT,09:35,10:45,,,,
2026-01-22,META,call,ITM,market,80.0,1,70.0,OPPORTUNITY/HINDSIGHT,09:35,10:45,,,,
2026-01-22,META,call,ITM,market,90.0,1,30.0,OPPORTUNITY/HINDSIGHT,10:05,10:35,,,,
2026-01-22,META,call,ITM,market,100.0,1,30.0,OPPORTUNITY/HINDSIGHT,10:05,10:35,,,,
2026-01-22,META,call,ATM,mid,20.0,7,270.0,OPPORTUNITY/HINDSIGHT,09:35,09:40,09:40,10:35,10:40,10:45
2026-01-22,META,call,ATM,mid,25.0,5,250.0,OPPORTUNITY/HINDSIGHT,09:35,09:40,09:40,10:35,11:00,11:10
2026-01-22,META,call,ATM,mid,30.0,5,255.0,OPPORTUNITY/HINDSIGHT,09:35,09:45,09:45,10:35,11:00,11:15
2026-01-22,META,call,ATM,mid,40.0,5,275.0,OPPORTUNITY/HINDSIGHT,09:35,09:45,09:45,10:45,11:00,11:25
2026-01-22,META,call,ATM,mid,50.0,4,245.0,OPPORTUNITY/HINDSIGHT,09:35,10:35,11:05,11:15,12:25,15:10
2026-01-22,META,call,ATM,mid,60.0,4,255.0,OPPORTUNITY/HINDSIGHT,09:35,10:35,11:05,11:25,12:25,15:10
2026-01-22,META,call,ATM,mid,70.0,3,235.0,OPPORTUNITY/HINDSIGHT,09:35,10:35,12:25,15:10,15:15,15:25
2026-01-22,META,call,ATM,mid,75.0,3,235.0,OPPORTUNITY/HINDSIGHT,09:35,10:35,12:25,15:10,15:15,15:25
2026-01-22,META,call,ATM,mid,80.0,3,235.0,OPPORTUNITY/HINDSIGHT,09:35,10:35,12:25,15:10,15:15,15:25
2026-01-22,META,call,ATM,mid,90.0,3,235.0,OPPORTUNITY/HINDSIGHT,09:35,10:35,12:25,15:10,15:15,15:25
2026-01-22,META,call,ATM,mid,100.0,3,245.0,OPPORTUNITY/HINDSIGHT,09:35,10:45,12:25,15:10,15:20,15:30
2026-01-22,META,call,ATM,market,20.0,5,250.0,OPPORTUNITY/HINDSIGHT,09:35,09:40,09:40,10:35,11:00,11:10
2026-01-22,META,call,ATM,market,25.0,5,255.0,OPPORTUNITY/HINDSIGHT,09:35,09:45,09:45,10:35,11:00,11:15
2026-01-22,META,call,ATM,market,30.0,5,260.0,OPPORTUNITY/HINDSIGHT,09:35,09:45,09:45,10:35,11:00,11:20
2026-01-22,META,call,ATM,market,40.0,4,250.0,OPPORTUNITY/HINDSIGHT,09:35,10:35,11:05,11:15,12:20,15:10
2026-01-22,META,call,ATM,market,50.0,4,255.0,OPPORTUNITY/HINDSIGHT,09:35,10:35,11:05,11:25,12:25,15:10
2026-01-22,META,call,ATM,market,60.0,3,235.0,OPPORTUNITY/HINDSIGHT,09:35,10:35,12:25,15:10,15:15,15:25
2026-01-22,META,call,ATM,market,70.0,3,235.0,OPPORTUNITY/HINDSIGHT,09:35,10:35,12:25,15:10,15:15,15:25
2026-01-22,META,call,ATM,market,75.0,3,235.0,OPPORTUNITY/HINDSIGHT,09:35,10:35,12:25,15:10,15:15,15:25
2026-01-22,META,call,ATM,market,80.0,3,235.0,OPPORTUNITY/HINDSIGHT,09:35,10:35,12:25,15:10,15:15,15:25
2026-01-22,META,call,ATM,market,90.0,3,250.0,OPPORTUNITY/HINDSIGHT,09:35,10:45,12:25,15:10,15:15,15:30
2026-01-22,META,call,ATM,market,100.0,2,235.0,OPPORTUNITY/HINDSIGHT,09:35,10:45,12:25,15:10,,
2026-01-22,META,call,OTM1,mid,20.0,9,260.0,OPPORTUNITY/HINDSIGHT,09:35,09:40,09:40,10:35,10:35,10:45
2026-01-22,META,call,OTM1,mid,25.0,9,255.0,OPPORTUNITY/HINDSIGHT,09:35,09:40,09:40,10:35,10:40,10:45
2026-01-22,META,call,OTM1,mid,30.0,9,245.0,OPPORTUNITY/HINDSIGHT,09:35,09:40,09:40,10:35,10:40,10:45
2026-01-22,META,call,OTM1,mid,40.0,6,245.0,OPPORTUNITY/HINDSIGHT,09:35,09:45,09:45,10:35,11:00,11:15
2026-01-22,META,call,OTM1,mid,50.0,6,260.0,OPPORTUNITY/HINDSIGHT,09:35,09:45,09:45,10:45,11:00,11:20
2026-01-22,META,call,OTM1,mid,60.0,5,225.0,OPPORTUNITY/HINDSIGHT,09:35,10:35,11:05,11:10,12:25,12:30
2026-01-22,META,call,OTM1,mid,70.0,4,225.0,OPPORTUNITY/HINDSIGHT,09:35,10:35,11:05,11:15,12:45,15:10
2026-01-22,META,call,OTM1,mid,75.0,4,230.0,OPPORTUNITY/HINDSIGHT,09:35,10:35,11:05,11:20,12:45,15:10
2026-01-22,META,call,OTM1,mid,80.0,4,230.0,OPPORTUNITY/HINDSIGHT,09:35,10:35,11:05,11:20,12:45,15:10
2026-01-22,META,call,OTM1,mid,90.0,5,205.0,OPPORTUNITY/HINDSIGHT,09:35,10:35,12:50,14:45,14:50,15:00
2026-01-22,META,call,OTM1,mid,100.0,5,205.0,OPPORTUNITY/HINDSIGHT,09:35,10:35,12:50,14:45,14:50,15:00
2026-01-22,META,call,OTM1,market,20.0,9,255.0,OPPORTUNITY/HINDSIGHT,09:35,09:40,09:40,10:35,10:40,10:45
2026-01-22,META,call,OTM1,market,25.0,9,245.0,OPPORTUNITY/HINDSIGHT,09:35,09:40,09:40,10:35,10:40,10:45
2026-01-22,META,call,OTM1,market,30.0,7,240.0,OPPORTUNITY/HINDSIGHT,09:35,09:40,09:40,10:35,11:00,11:15
2026-01-22,META,call,OTM1,market,40.0,6,260.0,OPPORTUNITY/HINDSIGHT,09:35,09:45,09:45,10:45,11:00,11:20
2026-01-22,META,call,OTM1,market,50.0,5,255.0,OPPORTUNITY/HINDSIGHT,09:35,10:35,11:00,11:25,12:25,12:30
2026-01-22,META,call,OTM1,market,60.0,4,225.0,OPPORTUNITY/HINDSIGHT,09:35,10:35,11:05,11:15,12:45,15:10
2026-01-22,META,call,OTM1,market,70.0,4,230.0,OPPORTUNITY/HINDSIGHT,09:35,10:35,11:05,11:20,12:45,15:10
2026-01-22,META,call,OTM1,market,75.0,6,225.0,OPPORTUNITY/HINDSIGHT,09:35,10:35,11:05,11:25,12:50,14:45
2026-01-22,META,call,OTM1,market,80.0,6,225.0,OPPORTUNITY/HINDSIGHT,09:35,10:35,11:05,11:25,12:50,14:45
2026-01-22,META,call,OTM1,market,90.0,5,205.0,OPPORTUNITY/HINDSIGHT,09:35,10:35,12:50,14:45,14:50,15:00
2026-01-22,META,call,OTM1,market,100.0,5,205.0,OPPORTUNITY/HINDSIGHT,09:35,10:35,12:50,14:45,14:50,15:00
2026-01-22,META,call,OTM2+,mid,20.0,8,220.0,OPPORTUNITY/HINDSIGHT,09:35,09:40,09:40,10:35,10:35,10:45
2026-01-22,META,call,OTM2+,mid,25.0,8,220.0,OPPORTUNITY/HINDSIGHT,09:35,09:40,09:40,10:35,10:35,10:45
2026-01-22,META,call,OTM2+,mid,30.0,8,220.0,OPPORTUNITY/HINDSIGHT,09:35,09:40,09:40,10:35,10:35,10:45
2026-01-22,META,call,OTM2+,mid,40.0,8,205.0,OPPORTUNITY/HINDSIGHT,09:35,09:40,09:40,10:35,10:40,10:45
2026-01-22,META,call,OTM2+,mid,50.0,5,205.0,OPPORTUNITY/HINDSIGHT,09:35,09:45,09:45,10:45,11:00,11:15
2026-01-22,META,call,OTM2+,mid,60.0,5,210.0,OPPORTUNITY/HINDSIGHT,09:35,09:45,09:45,10:45,11:00,11:20
2026-01-22,META,call,OTM2+,mid,70.0,4,205.0,OPPORTUNITY/HINDSIGHT,09:35,10:35,11:00,11:25,12:25,12:30
2026-01-22,META,call,OTM2+,mid,75.0,4,185.0,OPPORTUNITY/HINDSIGHT,09:35,10:35,11:05,11:10,12:25,12:30
2026-01-22,META,call,OTM2+,mid,80.0,4,185.0,OPPORTUNITY/HINDSIGHT,09:35,10:35,11:05,11:10,12:25,12:30
2026-01-22,META,call,OTM2+,mid,90.0,4,185.0,OPPORTUNITY/HINDSIGHT,09:35,10:35,11:05,11:10,12:25,12:30
2026-01-22,META,call,OTM2+,mid,100.0,3,180.0,OPPORTUNITY/HINDSIGHT,09:35,10:35,11:05,11:10,12:50,14:45
2026-01-22,META,call,OTM2+,market,20.0,8,220.0,OPPORTUNITY/HINDSIGHT,09:35,09:40,09:40,10:35,10:35,10:45
2026-01-22,META,call,OTM2+,market,25.0,8,220.0,OPPORTUNITY/HINDSIGHT,09:35,09:40,09:40,10:35,10:35,10:45
2026-01-22,META,call,OTM2+,market,30.0,8,215.0,OPPORTUNITY/HINDSIGHT,09:35,09:40,09:40,10:35,10:40,10:45
2026-01-22,META,call,OTM2+,market,40.0,6,200.0,OPPORTUNITY/HINDSIGHT,09:35,09:40,09:40,10:35,11:00,11:15
2026-01-22,META,call,OTM2+,market,50.0,5,210.0,OPPORTUNITY/HINDSIGHT,09:35,09:45,09:45,10:45,11:00,11:20
2026-01-22,META,call,OTM2+,market,60.0,5,215.0,OPPORTUNITY/HINDSIGHT,09:35,09:45,09:45,10:45,11:00,11:25
2026-01-22,META,call,OTM2+,market,70.0,4,185.0,OPPORTUNITY/HINDSIGHT,09:35,10:35,11:05,11:10,12:25,12:30
2026-01-22,META,call,OTM2+,market,75.0,4,185.0,OPPORTUNITY/HINDSIGHT,09:35,10:35,11:05,11:10,12:25,12:30
2026-01-22,META,call,OTM2+,market,80.0,4,185.0,OPPORTUNITY/HINDSIGHT,09:35,10:35,11:05,11:10,12:25,12:30
2026-01-22,META,call,OTM2+,market,90.0,3,180.0,OPPORTUNITY/HINDSIGHT,09:35,10:35,11:05,11:10,12:50,14:45
2026-01-22,META,call,OTM2+,market,100.0,3,180.0,OPPORTUNITY/HINDSIGHT,09:35,10:35,11:05,11:10,12:50,14:45
2026-01-22,META,put,OTM2+,mid,20.0,3,100.0,OPPORTUNITY/HINDSIGHT,09:35,10:05,10:30,11:05,11:10,11:45
2026-01-22,META,put,OTM2+,mid,25.0,2,120.0,OPPORTUNITY/HINDSIGHT,09:35,10:05,10:30,12:00,,
2026-01-22,META,put,OTM2+,mid,30.0,2,120.0,OPPORTUNITY/HINDSIGHT,09:35,10:05,10:30,12:00,,
2026-01-22,META,put,OTM2+,mid,40.0,2,120.0,OPPORTUNITY/HINDSIGHT,09:35,10:05,10:30,12:00,,
2026-01-22,META,put,OTM2+,mid,50.0,2,120.0,OPPORTUNITY/HINDSIGHT,09:35,10:05,10:30,12:00,,
2026-01-22,META,put,OTM2+,mid,60.0,2,120.0,OPPORTUNITY/HINDSIGHT,09:35,10:05,10:30,12:00,,
2026-01-22,META,put,OTM2+,mid,70.0,2,120.0,OPPORTUNITY/HINDSIGHT,09:35,10:05,10:30,12:00,,
2026-01-22,META,put,OTM2+,mid,75.0,2,120.0,OPPORTUNITY/HINDSIGHT,09:35,10:05,10:30,12:00,,
2026-01-22,META,put,OTM2+,mid,80.0,2,120.0,OPPORTUNITY/HINDSIGHT,09:35,10:05,10:30,12:00,,
2026-01-22,META,put,OTM2+,mid,90.0,2,120.0,OPPORTUNITY/HINDSIGHT,09:35,10:05,10:30,12:00,,
2026-01-22,META,put,OTM2+,mid,100.0,2,120.0,OPPORTUNITY/HINDSIGHT,09:35,10:05,10:30,12:00,,
2026-01-22,META,put,OTM2+,market,20.0,2,120.0,OPPORTUNITY/HINDSIGHT,09:35,10:05,10:30,12:00,,
2026-01-22,META,put,OTM2+,market,25.0,2,120.0,OPPORTUNITY/HINDSIGHT,09:35,10:05,10:30,12:00,,
2026-01-22,META,put,OTM2+,market,30.0,2,120.0,OPPORTUNITY/HINDSIGHT,09:35,10:05,10:30,12:00,,
2026-01-22,META,put,OTM2+,market,40.0,2,120.0,OPPORTUNITY/HINDSIGHT,09:35,10:05,10:30,12:00,,
2026-01-22,META,put,OTM2+,market,50.0,2,120.0,OPPORTUNITY/HINDSIGHT,09:35,10:05,10:30,12:00,,
2026-01-22,META,put,OTM2+,market,60.0,2,120.0,OPPORTUNITY/HINDSIGHT,09:35,10:05,10:30,12:00,,
2026-01-22,META,put,OTM2+,market,70.0,2,120.0,OPPORTUNITY/HINDSIGHT,09:35,10:05,10:30,12:00,,
2026-01-22,META,put,OTM2+,market,75.0,2,120.0,OPPORTUNITY/HINDSIGHT,09:35,10:05,10:30,12:00,,
2026-01-22,META,put,OTM2+,market,80.0,2,120.0,OPPORTUNITY/HINDSIGHT,09:35,10:05,10:30,12:00,,
2026-01-22,META,put,OTM2+,market,90.0,2,120.0,OPPORTUNITY/HINDSIGHT,09:35,10:05,10:30,12:00,,
2026-01-22,META,put,OTM2+,market,100.0,2,120.0,OPPORTUNITY/HINDSIGHT,09:35,10:05,10:30,12:00,,
2026-01-22,META,put,OTM1,mid,20.0,5,195.0,OPPORTUNITY/HINDSIGHT,09:35,10:05,10:05,12:25,14:45,14:50
2026-01-22,META,put,OTM1,mid,25.0,5,195.0,OPPORTUNITY/HINDSIGHT,09:35,10:05,10:05,12:25,14:45,14:50
2026-01-22,META,put,OTM1,mid,30.0,5,195.0,OPPORTUNITY/HINDSIGHT,09:35,10:05,10:05,12:25,14:45,14:50
2026-01-22,META,put,OTM1,mid,40.0,5,195.0,OPPORTUNITY/HINDSIGHT,09:35,10:05,10:05,12:25,14:45,14:50
2026-01-22,META,put,OTM1,mid,50.0,5,195.0,OPPORTUNITY/HINDSIGHT,09:35,10:05,10:05,12:25,14:45,14:50
2026-01-22,META,put,OTM1,mid,60.0,5,195.0,OPPORTUNITY/HINDSIGHT,09:35,10:05,10:05,12:25,14:45,14:50
2026-01-22,META,put,OTM1,mid,70.0,5,220.0,OPPORTUNITY/HINDSIGHT,09:35,10:05,10:05,12:50,14:45,14:50
2026-01-22,META,put,OTM1,mid,75.0,5,215.0,OPPORTUNITY/HINDSIGHT,09:35,10:05,10:05,12:50,14:45,14:50
2026-01-22,META,put,OTM1,mid,80.0,5,215.0,OPPORTUNITY/HINDSIGHT,09:35,10:05,10:05,12:50,14:45,14:50
2026-01-22,META,put,OTM1,mid,90.0,5,215.0,OPPORTUNITY/HINDSIGHT,09:35,10:05,10:05,12:50,14:45,14:50
2026-01-22,META,put,OTM1,mid,100.0,5,210.0,OPPORTUNITY/HINDSIGHT,09:35,12:00,12:05,12:50,14:45,14:50
2026-01-22,META,put,OTM1,market,20.0,5,195.0,OPPORTUNITY/HINDSIGHT,09:35,10:05,10:05,12:25,14:45,14:50
2026-01-22,META,put,OTM1,market,25.0,5,195.0,OPPORTUNITY/HINDSIGHT,09:35,10:05,10:05,12:25,14:45,14:50
2026-01-22,META,put,OTM1,market,30.0,5,195.0,OPPORTUNITY/HINDSIGHT,09:35,10:05,10:05,12:25,14:45,14:50
2026-01-22,META,put,OTM1,market,40.0,5,195.0,OPPORTUNITY/HINDSIGHT,09:35,10:05,10:05,12:25,14:45,14:50
2026-01-22,META,put,OTM1,market,50.0,5,195.0,OPPORTUNITY/HINDSIGHT,09:35,10:05,10:05,12:25,14:45,14:50
2026-01-22,META,put,OTM1,market,60.0,5,220.0,OPPORTUNITY/HINDSIGHT,09:35,10:05,10:05,12:50,14:45,14:50
2026-01-22,META,put,OTM1,market,70.0,5,215.0,OPPORTUNITY/HINDSIGHT,09:35,10:05,10:05,12:50,14:45,14:50
2026-01-22,META,put,OTM1,market,75.0,5,215.0,OPPORTUNITY/HINDSIGHT,09:35,10:05,10:05,12:50,14:45,14:50
2026-01-22,META,put,OTM1,market,80.0,5,215.0,OPPORTUNITY/HINDSIGHT,09:35,10:05,10:05,12:50,14:45,14:50
2026-01-22,META,put,OTM1,market,90.0,5,210.0,OPPORTUNITY/HINDSIGHT,09:35,12:00,12:05,12:50,14:45,14:50
2026-01-22,META,put,OTM1,market,100.0,4,185.0,OPPORTUNITY/HINDSIGHT,09:35,12:20,14:45,14:50,15:10,15:15
2026-01-22,META,put,ATM,mid,20.0,8,230.0,OPPORTUNITY/HINDSIGHT,09:35,10:05,10:05,12:20,12:20,12:25
2026-01-22,META,put,ATM,mid,25.0,7,230.0,OPPORTUNITY/HINDSIGHT,09:35,10:05,10:05,12:25,12:25,12:50
2026-01-22,META,put,ATM,mid,30.0,7,230.0,OPPORTUNITY/HINDSIGHT,09:35,10:05,10:05,12:25,12:25,12:50
2026-01-22,META,put,ATM,mid,40.0,6,250.0,OPPORTUNITY/HINDSIGHT,09:35,10:05,10:05,12:25,12:25,12:50
2026-01-22,META,put,ATM,mid,50.0,5,250.0,OPPORTUNITY/HINDSIGHT,09:35,10:05,10:05,12:25,12:25,12:55
2026-01-22,META,put,ATM,mid,60.0,4,245.0,OPPORTUNITY/HINDSIGHT,09:35,10:05,10:05,12:50,14:45,14:50
2026-01-22,META,put,ATM,mid,70.0,6,220.0,OPPORTUNITY/HINDSIGHT,09:35,12:00,12:00,12:25,12:25,12:55
2026-01-22,META,put,ATM,mid,75.0,4,210.0,OPPORTUNITY/HINDSIGHT,09:35,12:00,12:00,12:50,15:10,15:15
2026-01-22,META,put,ATM,mid,80.0,4,210.0,OPPORTUNITY/HINDSIGHT,09:35,12:00,12:00,12:50,15:10,15:15
2026-01-22,META,put,ATM,mid,90.0,4,225.0,OPPORTUNITY/HINDSIGHT,09:35,12:20,12:20,12:50,15:10,15:15
2026-01-22,META,put,ATM,mid,100.0,4,230.0,OPPORTUNITY/HINDSIGHT,09:35,12:25,12:25,12:55,15:10,15:15
2026-01-22,META,put,ATM,market,20.0,7,230.0,OPPORTUNITY/HINDSIGHT,09:35,10:05,10:05,12:25,12:25,12:50
2026-01-22,META,put,ATM,market,25.0,7,230.0,OPPORTUNITY/HINDSIGHT,09:35,10:05,10:05,12:25,12:25,12:50
2026-01-22,META,put,ATM,market,30.0,7,230.0,OPPORTUNITY/HINDSIGHT,09:35,10:05,10:05,12:25,12:25,12:50
2026-01-22,META,put,ATM,market,40.0,6,250.0,OPPORTUNITY/HINDSIGHT,09:35,10:05,10:05,12:25,12:25,12:50
2026-01-22,META,put,ATM,market,50.0,5,250.0,OPPORTUNITY/HINDSIGHT,09:35,10:05,10:05,12:25,12:25,12:55
2026-01-22,META,put,ATM,market,60.0,6,220.0,OPPORTUNITY/HINDSIGHT,09:35,12:00,12:00,12:25,12:25,12:55
2026-01-22,META,put,ATM,market,70.0,4,210.0,OPPORTUNITY/HINDSIGHT,09:35,12:00,12:00,12:50,15:10,15:15
2026-01-22,META,put,ATM,market,75.0,4,210.0,OPPORTUNITY/HINDSIGHT,09:35,12:20,12:20,12:50,15:10,15:15
2026-01-22,META,put,ATM,market,80.0,4,210.0,OPPORTUNITY/HINDSIGHT,09:35,12:20,12:20,12:50,15:10,15:15
2026-01-22,META,put,ATM,market,90.0,4,225.0,OPPORTUNITY/HINDSIGHT,09:35,12:20,12:20,12:50,15:10,15:15
2026-01-22,META,put,ATM,market,100.0,4,230.0,OPPORTUNITY/HINDSIGHT,09:35,12:25,12:25,12:55,15:10,15:15
2026-01-22,META,put,ITM,mid,20.0,14,280.0,OPPORTUNITY/HINDSIGHT,09:35,10:05,10:05,12:20,12:20,12:25
2026-01-22,META,put,ITM,mid,25.0,11,265.0,OPPORTUNITY/HINDSIGHT,09:35,10:05,10:05,12:25,12:25,12:50
2026-01-22,META,put,ITM,mid,30.0,8,300.0,OPPORTUNITY/HINDSIGHT,09:35,10:05,10:05,12:25,12:25,12:50
2026-01-22,META,put,ITM,mid,40.0,6,295.0,OPPORTUNITY/HINDSIGHT,09:35,10:05,10:05,12:25,12:25,12:55
2026-01-22,META,put,ITM,mid,50.0,6,275.0,OPPORTUNITY/HINDSIGHT,09:35,12:00,12:00,12:50,12:50,12:55
2026-01-22,META,put,ITM,mid,60.0,5,255.0,OPPORTUNITY/HINDSIGHT,09:35,12:20,12:20,12:50,12:50,13:00
2026-01-22,META,put,ITM,mid,70.0,5,260.0,OPPORTUNITY/HINDSIGHT,09:35,12:20,12:20,12:50,12:50,13:00
2026-01-22,META,put,ITM,mid,75.0,3,225.0,OPPORTUNITY/HINDSIGHT,09:35,12:25,12:25,12:55,13:35,14:00
2026-01-22,META,put,ITM,mid,80.0,3,230.0,OPPORTUNITY/HINDSIGHT,09:35,12:25,12:25,13:00,13:35,14:00
2026-01-22,META,put,ITM,mid,90.0,3,230.0,OPPORTUNITY/HINDSIGHT,09:35,12:25,12:25,13:00,13:35,14:00
2026-01-22,META,put,ITM,mid,100.0,3,235.0,OPPORTUNITY/HINDSIGHT,09:35,12:50,12:50,13:05,13:35,14:00
2026-01-22,META,put,ITM,market,20.0,11,265.0,OPPORTUNITY/HINDSIGHT,09:35,10:05,10:05,12:25,12:25,12:50
2026-01-22,META,put,ITM,market,25.0,8,300.0,OPPORTUNITY/HINDSIGHT,09:35,10:05,10:05,12:25,12:25,12:50
2026-01-22,META,put,ITM,market,30.0,6,295.0,OPPORTUNITY/HINDSIGHT,09:35,10:05,10:05,12:25,12:25,12:55
2026-01-22,META,put,ITM,market,40.0,6,295.0,OPPORTUNITY/HINDSIGHT,09:35,12:00,12:00,12:25,12:25,12:55
2026-01-22,META,put,ITM,market,50.0,6,230.0,OPPORTUNITY/HINDSIGHT,09:35,12:00,12:00,12:50,12:50,12:55
2026-01-22,META,put,ITM,market,60.0,5,255.0,OPPORTUNITY/HINDSIGHT,09:35,12:20,12:20,12:50,12:50,13:00
2026-01-22,META,put,ITM,market,70.0,3,230.0,OPPORTUNITY/HINDSIGHT,09:35,12:25,12:25,13:00,13:35,14:00
2026-01-22,META,put,ITM,market,75.0,3,230.0,OPPORTUNITY/HINDSIGHT,09:35,12:25,12:25,13:00,13:35,14:00
2026-01-22,META,put,ITM,market,80.0,3,230.0,OPPORTUNITY/HINDSIGHT,09:35,12:25,12:25,13:00,13:35,14:00
2026-01-22,META,put,ITM,market,90.0,3,235.0,OPPORTUNITY/HINDSIGHT,09:35,12:50,12:50,13:05,13:35,14:00
2026-01-22,META,put,ITM,market,100.0,2,215.0,OPPORTUNITY/HINDSIGHT,09:35,12:50,12:50,13:10,,
2026-01-23,META,call,ITM,mid,20.0,7,350.0,OPPORTUNITY/HINDSIGHT,09:35,10:10,10:10,11:40,11:40,13:30
2026-01-23,META,call,ITM,mid,25.0,8,335.0,OPPORTUNITY/HINDSIGHT,09:35,10:10,10:10,11:40,11:40,13:30
2026-01-23,META,call,ITM,mid,30.0,8,335.0,OPPORTUNITY/HINDSIGHT,09:35,10:10,10:10,11:40,11:40,13:30
2026-01-23,META,call,ITM,mid,40.0,6,315.0,OPPORTUNITY/HINDSIGHT,09:35,11:25,11:25,13:25,13:25,13:30
2026-01-23,META,call,ITM,mid,50.0,5,320.0,OPPORTUNITY/HINDSIGHT,09:35,11:25,11:25,13:30,13:30,14:30
2026-01-23,META,call,ITM,mid,60.0,5,340.0,OPPORTUNITY/HINDSIGHT,09:35,11:40,11:40,14:00,14:00,14:30
2026-01-23,META,call,ITM,mid,70.0,4,335.0,OPPORTUNITY/HINDSIGHT,09:35,11:40,11:40,14:15,14:15,14:40
2026-01-23,META,call,ITM,mid,75.0,4,320.0,OPPORTUNITY/HINDSIGHT,09:35,11:40,11:40,14:15,14:15,14:45
2026-01-23,META,call,ITM,mid,80.0,4,320.0,OPPORTUNITY/HINDSIGHT,09:35,11:40,11:40,14:15,14:15,14:45
2026-01-23,META,call,ITM,mid,90.0,4,330.0,OPPORTUNITY/HINDSIGHT,09:35,11:55,11:55,14:15,14:15,14:50
2026-01-23,META,call,ITM,mid,100.0,4,340.0,OPPORTUNITY/HINDSIGHT,09:35,13:25,13:25,14:15,14:15,14:50
2026-01-23,META,call,ITM,market,20.0,8,335.0,OPPORTUNITY/HINDSIGHT,09:35,10:10,10:10,11:40,11:40,13:30
2026-01-23,META,call,ITM,market,25.0,8,335.0,OPPORTUNITY/HINDSIGHT,09:35,10:10,10:10,11:40,11:40,13:30
2026-01-23,META,call,ITM,market,30.0,8,355.0,OPPORTUNITY/HINDSIGHT,09:35,10:10,10:10,11:40,11:40,13:30
2026-01-23,META,call,ITM,market,40.0,5,315.0,OPPORTUNITY/HINDSIGHT,09:35,11:25,11:25,13:30,13:30,14:15
2026-01-23,META,call,ITM,market,50.0,5,320.0,OPPORTUNITY/HINDSIGHT,09:35,11:40,11:40,14:00,14:00,14:15
2026-01-23,META,call,ITM,market,60.0,4,335.0,OPPORTUNITY/HINDSIGHT,09:35,11:40,11:40,14:15,14:15,14:40
2026-01-23,META,call,ITM,market,70.0,4,320.0,OPPORTUNITY/HINDSIGHT,09:35,11:40,11:40,14:15,14:15,14:45
2026-01-23,META,call,ITM,market,75.0,4,320.0,OPPORTUNITY/HINDSIGHT,09:35,11:40,11:40,14:15,14:15,14:45
2026-01-23,META,call,ITM,market,80.0,4,330.0,OPPORTUNITY/HINDSIGHT,09:35,11:55,11:55,14:15,14:15,14:50
2026-01-23,META,call,ITM,market,90.0,4,330.0,OPPORTUNITY/HINDSIGHT,09:35,13:25,13:25,14:15,14:15,14:50
2026-01-23,META,call,ITM,market,100.0,3,330.0,OPPORTUNITY/HINDSIGHT,09:35,13:30,13:30,14:40,15:25,15:50
2026-01-23,META,call,ATM,mid,20.0,5,285.0,OPPORTUNITY/HINDSIGHT,09:35,10:10,10:10,11:40,11:40,13:30
2026-01-23,META,call,ATM,mid,25.0,5,285.0,OPPORTUNITY/HINDSIGHT,09:35,10:10,10:10,11:40,11:40,13:30
2026-01-23,META,call,ATM,mid,30.0,5,285.0,OPPORTUNITY/HINDSIGHT,09:35,10:10,10:10,11:40,11:40,13:30
2026-01-23,META,call,ATM,mid,40.0,5,290.0,OPPORTUNITY/HINDSIGHT,09:35,10:10,10:10,11:40,11:40,13:30
2026-01-23,META,call,ATM,mid,50.0,5,290.0,OPPORTUNITY/HINDSIGHT,09:35,10:10,10:10,11:40,11:40,13:30
2026-01-23,META,call,ATM,mid,60.0,4,290.0,OPPORTUNITY/HINDSIGHT,09:35,11:25,11:25,13:30,13:30,14:15
2026-01-23,META,call,ATM,mid,70.0,4,290.0,OPPORTUNITY/HINDSIGHT,09:35,11:25,11:25,13:30,13:30,14:15
2026-01-23,META,call,ATM,mid,75.0,4,290.0,OPPORTUNITY/HINDSIGHT,09:35,11:25,11:25,13:30,13:30,14:15
2026-01-23,META,call,ATM,mid,80.0,4,285.0,OPPORTUNITY/HINDSIGHT,09:35,11:40,11:40,14:00,14:05,14:15
2026-01-23,META,call,ATM,mid,90.0,4,285.0,OPPORTUNITY/HINDSIGHT,09:35,11:40,11:40,14:00,14:05,14:15
2026-01-23,META,call,ATM,mid,100.0,3,295.0,OPPORTUNITY/HINDSIGHT,09:35,11:40,11:40,14:15,15:20,15:35
2026-01-23,META,call,ATM,market,20.0,5,285.0,OPPORTUNITY/HINDSIGHT,09:35,10:10,10:10,11:40,11:40,13:30
2026-01-23,META,call,ATM,market,25.0,5,285.0,OPPORTUNITY/HINDSIGHT,09:35,10:10,10:10,11:40,11:40,13:30
2026-01-23,META,call,ATM,market,30.0,5,290.0,OPPORTUNITY/HINDSIGHT,09:35,10:10,10:10,11:40,11:40,13:30
2026-01-23,META,call,ATM,market,40.0,5,290.0,OPPORTUNITY/HINDSIGHT,09:35,10:10,10:10,11:40,11:40,13:30
2026-01-23,META,call,ATM,market,50.0,4,290.0,OPPORTUNITY/HINDSIGHT,09:35,11:25,11:25,13:30,13:30,14:15
2026-01-23,META,call,ATM,market,60.0,4,290.0,OPPORTUNITY/HINDSIGHT,09:35,11:25,11:25,13:30,13:30,14:15
2026-01-23,META,call,ATM,market,70.0,4,285.0,OPPORTUNITY/HINDSIGHT,09:35,11:40,11:40,14:00,14:05,14:15
2026-01-23,META,call,ATM,market,75.0,4,285.0,OPPORTUNITY/HINDSIGHT,09:35,11:40,11:40,14:00,14:05,14:15
2026-01-23,META,call,ATM,market,80.0,4,285.0,OPPORTUNITY/HINDSIGHT,09:35,11:40,11:40,14:00,14:05,14:15
2026-01-23,META,call,ATM,market,90.0,3,290.0,OPPORTUNITY/HINDSIGHT,09:35,11:40,11:40,14:15,15:20,15:30
2026-01-23,META,call,ATM,market,100.0,3,295.0,OPPORTUNITY/HINDSIGHT,09:35,11:40,11:40,14:15,15:20,15:35
2026-01-23,META,call,OTM1,mid,20.0,3,235.0,OPPORTUNITY/HINDSIGHT,09:35,10:10,10:10,11:40,11:40,13:30
2026-01-23,META,call,OTM1,mid,25.0,3,235.0,OPPORTUNITY/HINDSIGHT,09:35,10:10,10:10,11:40,11:40,13:30
2026-01-23,META,call,OTM1,mid,30.0,3,235.0,OPPORTUNITY/HINDSIGHT,09:35,10:10,10:10,11:40,11:40,13:30
2026-01-23,META,call,OTM1,mid,40.0,3,235.0,OPPORTUNITY/HINDSIGHT,09:35,10:10,10:10,11:40,11:40,13:30
2026-01-23,META,call,OTM1,mid,50.0,3,235.0,OPPORTUNITY/HINDSIGHT,09:35,10:10,10:10,11:40,11:40,13:30
2026-01-23,META,call,OTM1,mid,60.0,3,235.0,OPPORTUNITY/HINDSIGHT,09:35,10:10,10:10,11:40,11:40,13:30
2026-01-23,META,call,OTM1,mid,70.0,3,225.0,OPPORTUNITY/HINDSIGHT,09:35,11:25,11:25,11:55,12:00,13:25
2026-01-23,META,call,OTM1,mid,75.0,2,235.0,OPPORTUNITY/HINDSIGHT,09:35,11:25,11:25,13:30,,
2026-01-23,META,call,OTM1,mid,80.0,2,235.0,OPPORTUNITY/HINDSIGHT,09:35,11:25,11:25,13:30,,
2026-01-23,META,call,OTM1,mid,90.0,2,235.0,OPPORTUNITY/HINDSIGHT,09:35,11:25,11:25,13:30,,
2026-01-23,META,call,OTM1,mid,100.0,2,265.0,OPPORTUNITY/HINDSIGHT,09:35,11:40,11:40,14:00,,
2026-01-23,META,call,OTM1,market,20.0,3,235.0,OPPORTUNITY/HINDSIGHT,09:35,10:10,10:10,11:40,11:40,13:30
2026-01-23,META,call,OTM1,market,25.0,3,235.0,OPPORTUNITY/HINDSIGHT,09:35,10:10,10:10,11:40,11:40,13:30
2026-01-23,META,call,OTM1,market,30.0,3,235.0,OPPORTUNITY/HINDSIGHT,09:35,10:10,10:10,11:40,11:40,13:30
2026-01-23,META,call,OTM1,market,40.0,3,235.0,OPPORTUNITY/HINDSIGHT,09:35,10:10,10:10,11:40,11:40,13:30
2026-01-23,META,call,OTM1,market,50.0,3,235.0,OPPORTUNITY/HINDSIGHT,09:35,10:10,10:10,11:40,11:40,13:30
2026-01-23,META,call,OTM1,market,60.0,3,235.0,OPPORTUNITY/HINDSIGHT,09:35,10:10,10:10,11:40,11:40,13:30
2026-01-23,META,call,OTM1,market,70.0,2,235.0,OPPORTUNITY/HINDSIGHT,09:35,11:25,11:25,13:30,,
2026-01-23,META,call,OTM1,market,75.0,2,235.0,OPPORTUNITY/HINDSIGHT,09:35,11:25,11:25,13:30,,
2026-01-23,META,call,OTM1,market,80.0,2,235.0,OPPORTUNITY/HINDSIGHT,09:35,11:25,11:25,13:30,,
2026-01-23,META,call,OTM1,market,90.0,2,265.0,OPPORTUNITY/HINDSIGHT,09:35,11:40,11:40,14:00,,
2026-01-23,META,call,OTM1,market,100.0,2,265.0,OPPORTUNITY/HINDSIGHT,09:35,11:40,11:40,14:00,,
2026-01-23,META,call,OTM2+,mid,20.0,4,85.0,OPPORTUNITY/HINDSIGHT,09:35,10:10,10:15,10:25,10:35,11:05
2026-01-23,META,call,OTM2+,mid,25.0,4,90.0,OPPORTUNITY/HINDSIGHT,09:35,10:10,10:15,10:30,10:35,11:05
2026-01-23,META,call,OTM2+,mid,30.0,4,90.0,OPPORTUNITY/HINDSIGHT,09:35,10:10,10:15,10:30,10:35,11:05
2026-01-23,META,call,OTM2+,mid,40.0,4,90.0,OPPORTUNITY/HINDSIGHT,09:35,10:10,10:15,10:30,10:35,11:05
2026-01-23,META,call,OTM2+,mid,50.0,2,105.0,OPPORTUNITY/HINDSIGHT,09:35,10:10,10:15,11:25,,
2026-01-23,META,call,OTM2+,mid,60.0,2,105.0,OPPORTUNITY/HINDSIGHT,09:35,10:10,10:15,11:25,,
2026-01-23,META,call,OTM2+,mid,70.0,2,105.0,OPPORTUNITY/HINDSIGHT,09:35,10:10,10:15,11:25,,
2026-01-23,META,call,OTM2+,mid,75.0,2,105.0,OPPORTUNITY/HINDSIGHT,09:35,10:10,10:15,11:25,,
2026-01-23,META,call,OTM2+,mid,80.0,2,105.0,OPPORTUNITY/HINDSIGHT,09:35,10:10,10:15,11:25,,
2026-01-23,META,call,OTM2+,mid,90.0,1,110.0,OPPORTUNITY/HINDSIGHT,09:35,11:25,,,,
2026-01-23,META,call,OTM2+,mid,100.0,1,110.0,OPPORTUNITY/HINDSIGHT,09:35,11:25,,,,
2026-01-23,META,call,OTM2+,market,20.0,4,90.0,OPPORTUNITY/HINDSIGHT,09:35,10:10,10:15,10:30,10:35,11:05
2026-01-23,META,call,OTM2+,market,25.0,4,90.0,OPPORTUNITY/HINDSIGHT,09:35,10:10,10:15,10:30,10:35,11:05
2026-01-23,META,call,OTM2+,market,30.0,4,90.0,OPPORTUNITY/HINDSIGHT,09:35,10:10,10:15,10:30,10:35,11:05
2026-01-23,META,call,OTM2+,market,40.0,2,105.0,OPPORTUNITY/HINDSIGHT,09:35,10:10,10:15,11:25,,
2026-01-23,META,call,OTM2+,market,50.0,2,105.0,OPPORTUNITY/HINDSIGHT,09:35,10:10,10:15,11:25,,
2026-01-23,META,call,OTM2+,market,60.0,2,105.0,OPPORTUNITY/HINDSIGHT,09:35,10:10,10:15,11:25,,
2026-01-23,META,call,OTM2+,market,70.0,2,105.0,OPPORTUNITY/HINDSIGHT,09:35,10:10,10:15,11:25,,
2026-01-23,META,call,OTM2+,market,75.0,2,105.0,OPPORTUNITY/HINDSIGHT,09:35,10:10,10:15,11:25,,
2026-01-23,META,call,OTM2+,market,80.0,1,110.0,OPPORTUNITY/HINDSIGHT,09:35,11:25,,,,
2026-01-23,META,call,OTM2+,market,90.0,1,110.0,OPPORTUNITY/HINDSIGHT,09:35,11:25,,,,
2026-01-23,META,call,OTM2+,market,100.0,1,125.0,OPPORTUNITY/HINDSIGHT,09:35,11:40,,,,
2026-01-23,META,put,OTM2+,mid,20.0,11,215.0,OPPORTUNITY/HINDSIGHT,09:35,09:40,09:40,10:40,11:05,11:15
2026-01-23,META,put,OTM2+,mid,25.0,11,215.0,OPPORTUNITY/HINDSIGHT,09:35,09:40,09:40,10:40,11:05,11:15
2026-01-23,META,put,OTM2+,mid,30.0,10,220.0,OPPORTUNITY/HINDSIGHT,09:35,09:40,09:40,10:40,11:05,11:15
2026-01-23,META,put,OTM2+,mid,40.0,10,195.0,OPPORTUNITY/HINDSIGHT,09:35,09:45,09:50,10:40,11:05,11:15
2026-01-23,META,put,OTM2+,mid,50.0,11,180.0,OPPORTUNITY/HINDSIGHT,09:35,10:40,11:05,11:15,11:25,11:35
2026-01-23,META,put,OTM2+,mid,60.0,8,165.0,OPPORTUNITY/HINDSIGHT,09:35,10:40,11:05,11:15,11:40,11:50
2026-01-23,META,put,OTM2+,mid,70.0,7,160.0,OPPORTUNITY/HINDSIGHT,09:35,10:40,11:05,11:15,11:40,11:50
2026-01-23,META,put,OTM2+,mid,75.0,7,160.0,OPPORTUNITY/HINDSIGHT,09:35,10:40,11:05,11:15,11:40,11:50
2026-01-23,META,put,OTM2+,mid,80.0,7,160.0,OPPORTUNITY/HINDSIGHT,09:35,10:40,11:05,11:15,11:40,11:50
2026-01-23,META,put,OTM2+,mid,90.0,6,125.0,OPPORTUNITY/HINDSIGHT,10:00,10:40,11:40,11:50,11:55,12:00
2026-01-23,META,put,OTM2+,mid,100.0,4,135.0,OPPORTUNITY/HINDSIGHT,10:05,10:40,11:40,12:30,12:40,12:45
2026-01-23,META,put,OTM2+,market,20.0,11,215.0,OPPORTUNITY/HINDSIGHT,09:35,09:40,09:40,10:40,11:05,11:15
2026-01-23,META,put,OTM2+,market,25.0,10,220.0,OPPORTUNITY/HINDSIGHT,09:35,09:40,09:40,10:40,11:05,11:15
2026-01-23,META,put,OTM2+,market,30.0,9,200.0,OPPORTUNITY/HINDSIGHT,09:35,09:45,09:50,10:40,11:05,11:15
2026-01-23,META,put,OTM2+,market,40.0,11,180.0,OPPORTUNITY/HINDSIGHT,09:35,10:40,11:05,11:15,11:25,11:35
2026-01-23,META,put,OTM2+,market,50.0,9,170.0,OPPORTUNITY/HINDSIGHT,09:35,10:40,11:05,11:15,11:40,11:50
2026-01-23,META,put,OTM2+,market,60.0,7,160.0,OPPORTUNITY/HINDSIGHT,09:35,10:40,11:05,11:15,11:40,11:50
2026-01-23,META,put,OTM2+,market,70.0,7,160.0,OPPORTUNITY/HINDSIGHT,09:35,10:40,11:05,11:15,11:40,11:50
2026-01-23,META,put,OTM2+,market,75.0,7,160.0,OPPORTUNITY/HINDSIGHT,09:35,10:40,11:05,11:15,11:40,11:50
2026-01-23,META,put,OTM2+,market,80.0,7,135.0,OPPORTUNITY/HINDSIGHT,10:00,10:40,11:05,11:15,11:40,11:50
2026-01-23,META,put,OTM2+,market,90.0,4,135.0,OPPORTUNITY/HINDSIGHT,10:05,10:40,11:40,12:30,12:40,12:45
2026-01-23,META,put,OTM2+,market,100.0,4,135.0,OPPORTUNITY/HINDSIGHT,10:05,10:40,11:40,12:30,12:40,12:45
2026-01-23,META,put,OTM1,mid,20.0,14,230.0,OPPORTUNITY/HINDSIGHT,09:35,09:40,09:40,10:40,11:05,11:15
2026-01-23,META,put,OTM1,mid,25.0,14,230.0,OPPORTUNITY/HINDSIGHT,09:35,09:40,09:40,10:40,11:05,11:15
2026-01-23,META,put,OTM1,mid,30.0,14,230.0,OPPORTUNITY/HINDSIGHT,09:35,09:45,09:50,10:40,11:05,11:15
2026-01-23,META,put,OTM1,mid,40.0,9,215.0,OPPORTUNITY/HINDSIGHT,09:35,10:40,11:05,11:15,11:25,11:35
2026-01-23,META,put,OTM1,mid,50.0,8,165.0,OPPORTUNITY/HINDSIGHT,09:35,10:40,11:40,11:50,11:55,12:00
2026-01-23,META,put,OTM1,mid,60.0,7,160.0,OPPORTUNITY/HINDSIGHT,09:35,10:40,11:40,11:50,11:55,12:00
2026-01-23,META,put,OTM1,mid,70.0,5,175.0,OPPORTUNITY/HINDSIGHT,09:35,10:40,11:40,12:30,12:40,12:45
2026-01-23,META,put,OTM1,mid,75.0,5,145.0,OPPORTUNITY/HINDSIGHT,10:05,10:40,11:40,12:30,12:40,12:45
2026-01-23,META,put,OTM1,mid,80.0,5,145.0,OPPORTUNITY/HINDSIGHT,10:05,10:40,11:40,12:30,12:40,12:45
2026-01-23,META,put,OTM1,mid,90.0,4,140.0,OPPORTUNITY/HINDSIGHT,10:05,10:40,11:40,12:30,13:30,13:35
2026-01-23,META,put,OTM1,mid,100.0,4,140.0,OPPORTUNITY/HINDSIGHT,10:05,10:40,11:40,12:30,13:30,13:35
2026-01-23,META,put,OTM1,market,20.0,14,230.0,OPPORTUNITY/HINDSIGHT,09:35,09:40,09:40,10:40,11:05,11:15
2026-01-23,META,put,OTM1,market,25.0,14,230.0,OPPORTUNITY/HINDSIGHT,09:35,09:45,09:50,10:40,11:05,11:15
2026-01-23,META,put,OTM1,market,30.0,10,220.0,OPPORTUNITY/HINDSIGHT,09:35,10:40,11:05,11:15,11:25,11:35
2026-01-23,META,put,OTM1,market,40.0,7,200.0,OPPORTUNITY/HINDSIGHT,09:35,10:40,11:05,11:15,11:40,11:50
2026-01-23,META,put,OTM1,market,50.0,7,160.0,OPPORTUNITY/HINDSIGHT,09:35,10:40,11:40,11:50,11:55,12:00
2026-01-23,META,put,OTM1,market,60.0,7,160.0,OPPORTUNITY/HINDSIGHT,09:35,10:40,11:40,11:50,11:55,12:00
2026-01-23,META,put,OTM1,market,70.0,5,145.0,OPPORTUNITY/HINDSIGHT,10:05,10:40,11:40,12:30,12:40,12:45
2026-01-23,META,put,OTM1,market,75.0,5,145.0,OPPORTUNITY/HINDSIGHT,10:05,10:40,11:40,12:30,12:40,12:45
2026-01-23,META,put,OTM1,market,80.0,4,140.0,OPPORTUNITY/HINDSIGHT,10:05,10:40,11:40,12:30,13:30,13:35
2026-01-23,META,put,OTM1,market,90.0,4,140.0,OPPORTUNITY/HINDSIGHT,10:05,10:40,11:40,12:30,13:30,13:35
2026-01-23,META,put,OTM1,market,100.0,4,140.0,OPPORTUNITY/HINDSIGHT,10:05,10:40,11:40,12:30,13:30,13:35
2026-01-23,META,put,ATM,mid,20.0,11,170.0,OPPORTUNITY/HINDSIGHT,09:35,09:40,09:40,10:40,11:05,11:15
2026-01-23,META,put,ATM,mid,25.0,10,165.0,OPPORTUNITY/HINDSIGHT,09:35,09:55,09:55,10:40,11:05,11:15
2026-01-23,META,put,ATM,mid,30.0,7,150.0,OPPORTUNITY/HINDSIGHT,09:35,10:40,11:05,11:15,11:25,11:35
2026-01-23,META,put,ATM,mid,40.0,4,135.0,OPPORTUNITY/HINDSIGHT,09:35,10:40,11:40,11:50,11:50,12:45
2026-01-23,META,put,ATM,mid,50.0,5,120.0,OPPORTUNITY/HINDSIGHT,09:35,10:40,11:40,12:05,12:10,12:30
2026-01-23,META,put,ATM,mid,60.0,3,90.0,OPPORTUNITY/HINDSIGHT,10:05,10:40,11:40,12:30,13:30,13:35
2026-01-23,META,put,ATM,mid,70.0,3,90.0,OPPORTUNITY/HINDSIGHT,10:05,10:40,11:40,12:30,13:30,13:35
2026-01-23,META,put,ATM,mid,75.0,3,90.0,OPPORTUNITY/HINDSIGHT,10:05,10:40,11:40,12:30,13:30,13:35
2026-01-23,META,put,ATM,mid,80.0,3,80.0,OPPORTUNITY/HINDSIGHT,10:10,10:35,11:40,12:30,13:30,13:35
2026-01-23,META,put,ATM,mid,90.0,3,90.0,OPPORTUNITY/HINDSIGHT,10:10,10:40,11:40,12:35,13:30,13:35
2026-01-23,META,put,ATM,mid,100.0,3,100.0,OPPORTUNITY/HINDSIGHT,10:10,10:40,11:40,12:45,13:30,13:35
2026-01-23,META,put,ATM,market,20.0,10,165.0,OPPORTUNITY/HINDSIGHT,09:35,09:45,09:45,10:40,11:05,11:15
2026-01-23,META,put,ATM,market,25.0,7,150.0,OPPORTUNITY/HINDSIGHT,09:35,10:40,11:05,11:15,11:25,11:35
2026-01-23,META,put,ATM,market,30.0,3,150.0,OPPORTUNITY/HINDSIGHT,09:35,10:40,11:25,12:45,13:30,13:35
2026-01-23,META,put,ATM,market,40.0,6,110.0,OPPORTUNITY/HINDSIGHT,09:35,10:40,11:40,11:50,11:55,12:00
2026-01-23,META,put,ATM,market,50.0,3,120.0,OPPORTUNITY/HINDSIGHT,09:35,10:40,11:40,12:30,13:30,13:35
2026-01-23,META,put,ATM,market,60.0,3,90.0,OPPORTUNITY/HINDSIGHT,10:05,10:40,11:40,12:30,13:30,13:35
2026-01-23,META,put,ATM,market,70.0,3,90.0,OPPORTUNITY/HINDSIGHT,10:05,10:40,11:40,12:30,13:30,13:35
2026-01-23,META,put,ATM,market,75.0,3,85.0,OPPORTUNITY/HINDSIGHT,10:10,10:40,11:40,12:30,13:30,13:35
2026-01-23,META,put,ATM,market,80.0,3,90.0,OPPORTUNITY/HINDSIGHT,10:10,10:40,11:40,12:35,13:30,13:35
2026-01-23,META,put,ATM,market,90.0,3,100.0,OPPORTUNITY/HINDSIGHT,10:10,10:40,11:40,12:45,13:30,13:35
2026-01-23,META,put,ATM,market,100.0,3,100.0,OPPORTUNITY/HINDSIGHT,10:10,10:40,11:40,12:45,13:30,13:35
2026-01-23,META,put,ITM,mid,20.0,6,140.0,OPPORTUNITY/HINDSIGHT,09:35,10:40,11:05,11:15,11:25,11:35
2026-01-23,META,put,ITM,mid,25.0,2,145.0,OPPORTUNITY/HINDSIGHT,09:35,10:40,11:25,12:45,,
2026-01-23,META,put,ITM,mid,30.0,3,130.0,OPPORTUNITY/HINDSIGHT,09:35,10:40,11:40,11:50,11:50,12:45
2026-01-23,META,put,ITM,mid,40.0,2,115.0,OPPORTUNITY/HINDSIGHT,09:35,10:40,11:40,12:30,,
2026-01-23,META,put,ITM,mid,50.0,2,85.0,OPPORTUNITY/HINDSIGHT,10:05,10:40,11:40,12:30,,
2026-01-23,META,put,ITM,mid,60.0,2,85.0,OPPORTUNITY/HINDSIGHT,10:10,10:40,11:40,12:35,,
2026-01-23,META,put,ITM,mid,70.0,2,95.0,OPPORTUNITY/HINDSIGHT,10:10,10:40,11:40,12:45,,
2026-01-23,META,put,ITM,mid,75.0,1,30.0,OPPORTUNITY/HINDSIGHT,10:10,10:40,,,,
2026-01-23,META,put,ITM,mid,80.0,1,30.0,OPPORTUNITY/HINDSIGHT,10:10,10:40,,,,
2026-01-23,META,put,ITM,market,20.0,2,145.0,OPPORTUNITY/HINDSIGHT,09:35,10:40,11:25,12:45,,
2026-01-23,META,put,ITM,market,25.0,3,130.0,OPPORTUNITY/HINDSIGHT,09:35,10:40,11:40,11:50,11:50,12:45
2026-01-23,META,put,ITM,market,30.0,3,110.0,OPPORTUNITY/HINDSIGHT,09:35,10:40,11:40,12:05,12:10,12:30
2026-01-23,META,put,ITM,market,40.0,2,85.0,OPPORTUNITY/HINDSIGHT,10:05,10:40,11:40,12:30,,
2026-01-23,META,put,ITM,market,50.0,2,80.0,OPPORTUNITY/HINDSIGHT,10:10,10:40,11:40,12:30,,
2026-01-23,META,put,ITM,market,60.0,2,95.0,OPPORTUNITY/HINDSIGHT,10:10,10:40,11:40,12:45,,
2026-01-23,META,put,ITM,market,70.0,1,30.0,OPPORTUNITY/HINDSIGHT,10:10,10:40,,,,
2026-01-26,META,call,ITM,mid,20.0,4,330.0,OPPORTUNITY/HINDSIGHT,09:35,10:45,11:05,11:15,11:15,13:20
2026-01-26,META,call,ITM,mid,25.0,4,330.0,OPPORTUNITY/HINDSIGHT,09:35,10:45,11:05,11:15,11:15,13:20
2026-01-26,META,call,ITM,mid,30.0,3,330.0,OPPORTUNITY/HINDSIGHT,09:35,10:45,11:05,13:20,13:50,15:55
2026-01-26,META,call,ITM,mid,40.0,3,335.0,OPPORTUNITY/HINDSIGHT,09:35,10:50,11:05,13:20,13:50,15:55
2026-01-26,META,call,ITM,mid,50.0,3,325.0,OPPORTUNITY/HINDSIGHT,09:40,10:45,11:05,13:20,13:50,15:55
2026-01-26,META,call,ITM,mid,60.0,2,180.0,OPPORTUNITY/HINDSIGHT,09:40,10:50,11:30,13:20,,
2026-01-26,META,call,ITM,mid,70.0,2,145.0,OPPORTUNITY/HINDSIGHT,09:50,10:25,11:30,13:20,,
2026-01-26,META,call,ITM,mid,75.0,2,160.0,OPPORTUNITY/HINDSIGHT,09:50,10:40,11:30,13:20,,
2026-01-26,META,call,ITM,mid,80.0,2,160.0,OPPORTUNITY/HINDSIGHT,09:50,10:40,11:30,13:20,,
2026-01-26,META,call,ITM,mid,90.0,2,165.0,OPPORTUNITY/HINDSIGHT,09:50,10:45,11:30,13:20,,
2026-01-26,META,call,ITM,mid,100.0,2,165.0,OPPORTUNITY/HINDSIGHT,09:50,10:45,11:30,13:20,,
2026-01-26,META,call,ITM,market,20.0,4,330.0,OPPORTUNITY/HINDSIGHT,09:35,10:45,11:05,11:15,11:15,13:20
2026-01-26,META,call,ITM,market,25.0,3,330.0,OPPORTUNITY/HINDSIGHT,09:35,10:45,11:05,13:20,13:50,15:55
2026-01-26,META,call,ITM,market,30.0,3,335.0,OPPORTUNITY/HINDSIGHT,09:35,10:50,11:05,13:20,13:50,15:55
2026-01-26,META,call,ITM,market,40.0,3,325.0,OPPORTUNITY/HINDSIGHT,09:40,10:45,11:05,13:20,13:50,15:55
2026-01-26,META,call,ITM,market,50.0,2,175.0,OPPORTUNITY/HINDSIGHT,09:40,10:50,11:30,13:15,,
2026-01-26,META,call,ITM,market,60.0,2,175.0,OPPORTUNITY/HINDSIGHT,09:45,10:50,11:30,13:20,,
2026-01-26,META,call,ITM,market,70.0,2,160.0,OPPORTUNITY/HINDSIGHT,09:50,10:40,11:30,13:20,,
2026-01-26,META,call,ITM,market,75.0,2,160.0,OPPORTUNITY/HINDSIGHT,09:50,10:40,11:30,13:20,,
2026-01-26,META,call,ITM,market,80.0,2,160.0,OPPORTUNITY/HINDSIGHT,09:50,10:40,11:30,13:20,,
2026-01-26,META,call,ITM,market,90.0,2,165.0,OPPORTUNITY/HINDSIGHT,09:50,10:45,11:30,13:20,,
2026-01-26,META,call,ITM,market,100.0,2,155.0,OPPORTUNITY/HINDSIGHT,09:50,10:50,11:45,13:20,,
2026-01-26,META,call,ATM,mid,20.0,5,330.0,OPPORTUNITY/HINDSIGHT,09:35,10:40,10:40,10:50,11:05,11:15
2026-01-26,META,call,ATM,mid,25.0,4,325.0,OPPORTUNITY/HINDSIGHT,09:35,10:45,11:05,11:15,11:20,13:20
2026-01-26,META,call,ATM,mid,30.0,4,325.0,OPPORTUNITY/HINDSIGHT,09:35,10:45,11:05,11:15,11:20,13:20
2026-01-26,META,call,ATM,mid,40.0,3,330.0,OPPORTUNITY/HINDSIGHT,09:35,10:45,11:05,13:20,13:50,15:55
2026-01-26,META,call,ATM,mid,50.0,4,320.0,OPPORTUNITY/HINDSIGHT,09:35,10:50,11:05,13:20,13:55,14:05
2026-01-26,META,call,ATM,mid,60.0,3,305.0,OPPORTUNITY/HINDSIGHT,09:40,10:45,11:05,13:20,13:55,15:40
2026-01-26,META,call,ATM,mid,70.0,3,310.0,OPPORTUNITY/HINDSIGHT,09:40,10:45,11:05,13:20,13:55,15:45
2026-01-26,META,call,ATM,mid,75.0,4,285.0,OPPORTUNITY/HINDSIGHT,09:40,10:45,11:30,13:15,13:15,13:20
2026-01-26,META,call,ATM,mid,80.0,4,290.0,OPPORTUNITY/HINDSIGHT,09:40,10:50,11:30,13:15,13:15,13:20
2026-01-26,META,call,ATM,mid,90.0,3,280.0,OPPORTUNITY/HINDSIGHT,09:45,10:45,11:30,13:20,13:55,15:45
2026-01-26,META,call,ATM,mid,100.0,3,285.0,OPPORTUNITY/HINDSIGHT,09:45,10:50,11:30,13:20,13:55,15:45
2026-01-26,META,call,ATM,market,20.0,4,325.0,OPPORTUNITY/HINDSIGHT,09:35,10:45,11:05,11:15,11:20,13:20
2026-01-26,META,call,ATM,market,25.0,4,325.0,OPPORTUNITY/HINDSIGHT,09:35,10:45,11:05,11:15,11:20,13:20
2026-01-26,META,call,ATM,market,30.0,4,325.0,OPPORTUNITY/HINDSIGHT,09:35,10:45,11:05,11:15,11:20,13:20
2026-01-26,META,call,ATM,market,40.0,3,335.0,OPPORTUNITY/HINDSIGHT,09:35,10:50,11:05,13:20,13:50,15:55
2026-01-26,META,call,ATM,market,50.0,4,310.0,OPPORTUNITY/HINDSIGHT,09:40,10:45,11:05,13:20,13:55,14:05
2026-01-26,META,call,ATM,market,60.0,3,305.0,OPPORTUNITY/HINDSIGHT,09:40,10:45,11:05,13:20,13:55,15:40
2026-01-26,META,call,ATM,market,70.0,4,290.0,OPPORTUNITY/HINDSIGHT,09:40,10:50,11:30,13:15,13:15,13:20
2026-01-26,META,call,ATM,market,75.0,3,290.0,OPPORTUNITY/HINDSIGHT,09:40,10:50,11:30,13:20,13:55,15:45
2026-01-26,META,call,ATM,market,80.0,3,290.0,OPPORTUNITY/HINDSIGHT,09:40,10:50,11:30,13:20,13:55,15:45
2026-01-26,META,call,ATM,market,90.0,3,285.0,OPPORTUNITY/HINDSIGHT,09:45,10:50,11:30,13:20,13:55,15:45
2026-01-26,META,call,ATM,market,100.0,3,255.0,OPPORTUNITY/HINDSIGHT,09:50,10:25,11:30,13:20,13:55,15:45
2026-01-26,META,call,OTM1,mid,20.0,6,320.0,OPPORTUNITY/HINDSIGHT,09:35,10:40,10:40,10:45,11:05,11:15
2026-01-26,META,call,OTM1,mid,25.0,5,320.0,OPPORTUNITY/HINDSIGHT,09:35,10:45,11:05,11:15,11:20,13:20
2026-01-26,META,call,OTM1,mid,30.0,5,320.0,OPPORTUNITY/HINDSIGHT,09:35,10:45,11:05,11:15,11:20,13:20
2026-01-26,META,call,OTM1,mid,40.0,5,320.0,OPPORTUNITY/HINDSIGHT,09:35,10:45,11:05,11:15,11:20,13:20
2026-01-26,META,call,OTM1,mid,50.0,5,320.0,OPPORTUNITY/HINDSIGHT,09:35,10:45,11:05,11:15,11:20,13:20
2026-01-26,META,call,OTM1,mid,60.0,4,330.0,OPPORTUNITY/HINDSIGHT,09:35,10:50,11:05,13:20,13:55,14:05
2026-01-26,META,call,OTM1,mid,70.0,4,330.0,OPPORTUNITY/HINDSIGHT,09:35,10:50,11:05,13:20,13:55,14:05
2026-01-26,META,call,OTM1,mid,75.0,4,320.0,OPPORTUNITY/HINDSIGHT,09:40,10:45,11:05,13:20,13:55,14:05
2026-01-26,META,call,OTM1,mid,80.0,4,320.0,OPPORTUNITY/HINDSIGHT,09:40,10:45,11:05,13:20,13:55,14:05
2026-01-26,META,call,OTM1,mid,90.0,4,295.0,OPPORTUNITY/HINDSIGHT,09:40,10:45,11:30,13:20,13:55,14:05
2026-01-26,META,call,OTM1,mid,100.0,4,295.0,OPPORTUNITY/HINDSIGHT,09:40,10:45,11:30,13:20,13:55,14:05
2026-01-26,META,call,OTM1,market,20.0,5,320.0,OPPORTUNITY/HINDSIGHT,09:35,10:45,11:05,11:15,11:20,13:20
2026-01-26,META,call,OTM1,market,25.0,5,320.0,OPPORTUNITY/HINDSIGHT,09:35,10:45,11:05,11:15,11:20,13:20
2026-01-26,META,call,OTM1,market,30.0,5,320.0,OPPORTUNITY/HINDSIGHT,09:35,10:45,11:05,11:15,11:20,13:20
2026-01-26,META,call,OTM1,market,40.0,5,320.0,OPPORTUNITY/HINDSIGHT,09:35,10:45,11:05,11:15,11:20,13:20
2026-01-26,META,call,OTM1,market,50.0,5,325.0,OPPORTUNITY/HINDSIGHT,09:35,10:50,11:05,11:15,11:20,13:20
2026-01-26,META,call,OTM1,market,60.0,4,330.0,OPPORTUNITY/HINDSIGHT,09:35,10:50,11:05,13:20,13:55,14:05
2026-01-26,META,call,OTM1,market,70.0,4,320.0,OPPORTUNITY/HINDSIGHT,09:40,10:45,11:05,13:20,13:55,14:05
2026-01-26,META,call,OTM1,market,75.0,4,320.0,OPPORTUNITY/HINDSIGHT,09:40,10:45,11:05,13:20,13:55,14:05
2026-01-26,META,call,OTM1,market,80.0,4,295.0,OPPORTUNITY/HINDSIGHT,09:40,10:45,11:30,13:20,13:55,14:05
2026-01-26,META,call,OTM1,market,90.0,4,295.0,OPPORTUNITY/HINDSIGHT,09:40,10:45,11:30,13:20,13:55,14:05
2026-01-26,META,call,OTM1,market,100.0,3,300.0,OPPORTUNITY/HINDSIGHT,09:40,10:50,11:30,13:20,13:55,15:55
2026-01-26,META,call,OTM2+,mid,20.0,4,205.0,OPPORTUNITY/HINDSIGHT,09:35,10:45,11:05,11:15,11:20,13:20
2026-01-26,META,call,OTM2+,mid,25.0,4,205.0,OPPORTUNITY/HINDSIGHT,09:35,10:45,11:05,11:15,11:20,13:20
2026-01-26,META,call,OTM2+,mid,30.0,4,205.0,OPPORTUNITY/HINDSIGHT,09:35,10:45,11:05,11:15,11:20,13:20
2026-01-26,META,call,OTM2+,mid,40.0,5,195.0,OPPORTUNITY/HINDSIGHT,09:35,10:45,11:05,11:15,11:30,11:55
2026-01-26,META,call,OTM2+,mid,50.0,5,195.0,OPPORTUNITY/HINDSIGHT,09:35,10:45,11:05,11:15,11:30,11:55
2026-01-26,META,call,OTM2+,mid,60.0,5,200.0,OPPORTUNITY/HINDSIGHT,09:35,10:50,11:05,11:15,11:30,11:55
2026-01-26,META,call,OTM2+,mid,70.0,5,200.0,OPPORTUNITY/HINDSIGHT,09:35,10:50,11:05,11:15,11:30,11:55
2026-01-26,META,call,OTM2+,mid,75.0,5,200.0,OPPORTUNITY/HINDSIGHT,09:35,10:50,11:05,11:15,11:30,11:55
2026-01-26,META,call,OTM2+,mid,80.0,5,190.0,OPPORTUNITY/HINDSIGHT,09:40,10:45,11:05,11:15,11:30,11:55
2026-01-26,META,call,OTM2+,mid,90.0,4,210.0,OPPORTUNITY/HINDSIGHT,09:40,10:45,11:30,11:55,11:55,13:20
2026-01-26,META,call,OTM2+,mid,100.0,4,205.0,OPPORTUNITY/HINDSIGHT,09:40,10:45,11:30,11:55,12:00,13:20
2026-01-26,META,call,OTM2+,market,20.0,4,205.0,OPPORTUNITY/HINDSIGHT,09:35,10:45,11:05,11:15,11:20,13:20
2026-01-26,META,call,OTM2+,market,25.0,4,205.0,OPPORTUNITY/HINDSIGHT,09:35,10:45,11:05,11:15,11:20,13:20
2026-01-26,META,call,OTM2+,market,30.0,5,195.0,OPPORTUNITY/HINDSIGHT,09:35,10:45,11:05,11:15,11:30,11:55
2026-01-26,META,call,OTM2+,market,40.0,5,195.0,OPPORTUNITY/HINDSIGHT,09:35,10:45,11:05,11:15,11:30,11:55
2026-01-26,META,call,OTM2+,market,50.0,5,195.0,OPPORTUNITY/HINDSIGHT,09:35,10:45,11:05,11:15,11:30,11:55
2026-01-26,META,call,OTM2+,market,60.0,5,200.0,OPPORTUNITY/HINDSIGHT,09:35,10:50,11:05,11:15,11:30,11:55
2026-01-26,META,call,OTM2+,market,70.0,5,200.0,OPPORTUNITY/HINDSIGHT,09:35,10:50,11:05,11:15,11:30,11:55
2026-01-26,META,call,OTM2+,market,75.0,5,190.0,OPPORTUNITY/HINDSIGHT,09:40,10:45,11:05,11:15,11:30,11:55
2026-01-26,META,call,OTM2+,market,80.0,4,180.0,OPPORTUNITY/HINDSIGHT,09:40,10:45,11:30,11:55,11:55,13:20
2026-01-26,META,call,OTM2+,market,90.0,4,205.0,OPPORTUNITY/HINDSIGHT,09:40,10:45,11:30,11:55,12:00,13:20
2026-01-26,META,call,OTM2+,market,100.0,4,205.0,OPPORTUNITY/HINDSIGHT,09:40,10:45,11:30,11:55,12:00,13:20
2026-01-26,META,put,OTM2+,mid,20.0,7,95.0,OPPORTUNITY/HINDSIGHT,09:35,09:40,09:40,09:50,10:15,10:20
2026-01-26,META,put,OTM2+,mid,25.0,7,95.0,OPPORTUNITY/HINDSIGHT,09:35,09:40,09:40,09:50,10:15,10:20
2026-01-26,META,put,OTM2+,mid,30.0,7,95.0,OPPORTUNITY/HINDSIGHT,09:35,09:40,09:40,09:50,10:15,10:20
2026-01-26,META,put,OTM2+,mid,40.0,6,95.0,OPPORTUNITY/HINDSIGHT,09:35,09:45,09:45,09:50,10:15,10:20
2026-01-26,META,put,OTM2+,mid,50.0,5,95.0,OPPORTUNITY/HINDSIGHT,09:35,09:50,10:15,10:20,10:25,11:05
2026-01-26,META,put,OTM2+,mid,60.0,5,105.0,OPPORTUNITY/HINDSIGHT,09:35,09:50,10:15,10:20,10:25,11:05
2026-01-26,META,put,OTM2+,mid,70.0,4,110.0,OPPORTUNITY/HINDSIGHT,09:35,09:50,10:15,11:05,11:15,11:30
2026-01-26,META,put,OTM2+,mid,75.0,3,120.0,OPPORTUNITY/HINDSIGHT,09:35,09:50,10:15,11:30,13:15,13:45
2026-01-26,META,put,OTM2+,mid,80.0,3,120.0,OPPORTUNITY/HINDSIGHT,09:35,09:50,10:15,11:30,13:15,13:45
2026-01-26,META,put,OTM2+,mid,90.0,3,120.0,OPPORTUNITY/HINDSIGHT,09:35,09:50,10:15,11:30,13:15,13:45
2026-01-26,META,put,OTM2+,mid,100.0,3,120.0,OPPORTUNITY/HINDSIGHT,09:35,09:50,10:15,11:30,13:15,13:45
2026-01-26,META,put,OTM2+,market,20.0,7,95.0,OPPORTUNITY/HINDSIGHT,09:35,09:40,09:40,09:50,10:15,10:20
2026-01-26,META,put,OTM2+,market,25.0,7,95.0,OPPORTUNITY/HINDSIGHT,09:35,09:40,09:40,09:50,10:15,10:20
2026-01-26,META,put,OTM2+,market,30.0,6,95.0,OPPORTUNITY/HINDSIGHT,09:35,09:45,09:45,09:50,10:15,10:20
2026-01-26,META,put,OTM2+,market,40.0,5,95.0,OPPORTUNITY/HINDSIGHT,09:35,09:50,10:15,10:20,10:25,11:05
2026-01-26,META,put,OTM2+,market,50.0,5,105.0,OPPORTUNITY/HINDSIGHT,09:35,09:50,10:15,10:20,10:25,11:05
2026-01-26,META,put,OTM2+,market,60.0,4,110.0,OPPORTUNITY/HINDSIGHT,09:35,09:50,10:15,11:05,11:15,11:30
2026-01-26,META,put,OTM2+,market,70.0,3,120.0,OPPORTUNITY/HINDSIGHT,09:35,09:50,10:15,11:30,13:15,13:45
2026-01-26,META,put,OTM2+,market,75.0,3,120.0,OPPORTUNITY/HINDSIGHT,09:35,09:50,10:15,11:30,13:15,13:45
2026-01-26,META,put,OTM2+,market,80.0,3,120.0,OPPORTUNITY/HINDSIGHT,09:35,09:50,10:15,11:30,13:15,13:45
2026-01-26,META,put,OTM2+,market,90.0,3,120.0,OPPORTUNITY/HINDSIGHT,09:35,09:50,10:15,11:30,13:15,13:45
2026-01-26,META,put,OTM2+,market,100.0,3,125.0,OPPORTUNITY/HINDSIGHT,09:35,09:50,10:15,11:30,13:15,13:50
2026-01-26,META,put,OTM1,mid,20.0,4,275.0,OPPORTUNITY/HINDSIGHT,09:35,09:40,09:40,09:50,09:50,09:55
2026-01-26,META,put,OTM1,mid,25.0,4,275.0,OPPORTUNITY/HINDSIGHT,09:35,09:45,09:45,09:50,09:50,09:55
2026-01-26,META,put,OTM1,mid,30.0,4,275.0,OPPORTUNITY/HINDSIGHT,09:35,09:45,09:45,09:50,09:50,09:55
2026-01-26,META,put,OTM1,mid,40.0,3,275.0,OPPORTUNITY/HINDSIGHT,09:35,09:50,09:50,09:55,09:55,14:10
2026-01-26,META,put,OTM1,mid,50.0,3,275.0,OPPORTUNITY/HINDSIGHT,09:35,09:50,09:50,09:55,09:55,14:10
2026-01-26,META,put,OTM1,mid,60.0,3,275.0,OPPORTUNITY/HINDSIGHT,09:35,09:50,09:50,09:55,09:55,14:10
2026-01-26,META,put,OTM1,mid,70.0,3,265.0,OPPORTUNITY/HINDSIGHT,09:35,09:50,09:50,11:35,11:45,14:10
2026-01-26,META,put,OTM1,mid,75.0,3,265.0,OPPORTUNITY/HINDSIGHT,09:35,09:50,09:50,11:35,11:45,14:10
2026-01-26,META,put,OTM1,mid,80.0,3,265.0,OPPORTUNITY/HINDSIGHT,09:35,09:50,09:50,11:35,11:45,14:10
2026-01-26,META,put,OTM1,mid,90.0,3,265.0,OPPORTUNITY/HINDSIGHT,09:35,09:50,09:50,11:35,11:45,14:10
2026-01-26,META,put,OTM1,mid,100.0,2,275.0,OPPORTUNITY/HINDSIGHT,09:35,09:50,09:50,14:10,,
2026-01-26,META,put,OTM1,market,20.0,4,275.0,OPPORTUNITY/HINDSIGHT,09:35,09:45,09:45,09:50,09:50,09:55
2026-01-26,META,put,OTM1,market,25.0,4,275.0,OPPORTUNITY/HINDSIGHT,09:35,09:45,09:45,09:50,09:50,09:55
2026-01-26,META,put,OTM1,market,30.0,3,275.0,OPPORTUNITY/HINDSIGHT,09:35,09:50,09:50,09:55,09:55,14:10
2026-01-26,META,put,OTM1,market,40.0,3,275.0,OPPORTUNITY/HINDSIGHT,09:35,09:50,09:50,09:55,09:55,14:10
2026-01-26,META,put,OTM1,market,50.0,3,275.0,OPPORTUNITY/HINDSIGHT,09:35,09:50,09:50,09:55,09:55,14:10
2026-01-26,META,put,OTM1,market,60.0,3,265.0,OPPORTUNITY/HINDSIGHT,09:35,09:50,09:50,11:35,11:45,14:10
2026-01-26,META,put,OTM1,market,70.0,3,265.0,OPPORTUNITY/HINDSIGHT,09:35,09:50,09:50,11:35,11:45,14:10
2026-01-26,META,put,OTM1,market,75.0,3,265.0,OPPORTUNITY/HINDSIGHT,09:35,09:50,09:50,11:35,11:45,14:10
2026-01-26,META,put,OTM1,market,80.0,3,265.0,OPPORTUNITY/HINDSIGHT,09:35,09:50,09:50,11:35,11:45,14:10
2026-01-26,META,put,OTM1,market,90.0,2,275.0,OPPORTUNITY/HINDSIGHT,09:35,09:50,09:50,14:10,,
2026-01-26,META,put,OTM1,market,100.0,2,275.0,OPPORTUNITY/HINDSIGHT,09:35,09:50,09:50,14:10,,
2026-01-26,META,put,ATM,mid,20.0,8,320.0,OPPORTUNITY/HINDSIGHT,09:35,09:45,09:45,09:50,09:50,09:55
2026-01-26,META,put,ATM,mid,25.0,7,320.0,OPPORTUNITY/HINDSIGHT,09:35,09:50,09:50,09:55,09:55,13:55
2026-01-26,META,put,ATM,mid,30.0,7,320.0,OPPORTUNITY/HINDSIGHT,09:35,09:50,09:50,09:55,09:55,13:55
2026-01-26,META,put,ATM,mid,40.0,6,315.0,OPPORTUNITY/HINDSIGHT,09:35,09:50,09:50,09:55,09:55,14:10
2026-01-26,META,put,ATM,mid,50.0,5,310.0,OPPORTUNITY/HINDSIGHT,09:35,09:50,09:50,11:35,11:35,14:10
2026-01-26,META,put,ATM,mid,60.0,4,310.0,OPPORTUNITY/HINDSIGHT,09:35,09:50,09:50,11:35,11:35,14:10
2026-01-26,META,put,ATM,mid,70.0,4,310.0,OPPORTUNITY/HINDSIGHT,09:35,09:50,09:50,11:35,11:35,14:10
2026-01-26,META,put,ATM,mid,75.0,4,310.0,OPPORTUNITY/HINDSIGHT,09:35,09:50,09:50,13:55,13:55,14:10
2026-01-26,META,put,ATM,mid,80.0,4,310.0,OPPORTUNITY/HINDSIGHT,09:35,09:50,09:50,13:55,13:55,14:10
2026-01-26,META,put,ATM,mid,90.0,3,310.0,OPPORTUNITY/HINDSIGHT,09:35,09:50,09:50,14:10,14:45,15:20
2026-01-26,META,put,ATM,mid,100.0,3,310.0,OPPORTUNITY/HINDSIGHT,09:35,09:50,09:50,14:10,14:45,15:20
2026-01-26,META,put,ATM,market,20.0,7,320.0,OPPORTUNITY/HINDSIGHT,09:35,09:50,09:50,09:55,09:55,13:55
2026-01-26,META,put,ATM,market,25.0,7,320.0,OPPORTUNITY/HINDSIGHT,09:35,09:50,09:50,09:55,09:55,13:55
2026-01-26,META,put,ATM,market,30.0,6,320.0,OPPORTUNITY/HINDSIGHT,09:35,09:50,09:50,09:55,09:55,14:10
2026-01-26,META,put,ATM,market,40.0,5,310.0,OPPORTUNITY/HINDSIGHT,09:35,09:50,09:50,11:35,11:35,14:10
2026-01-26,META,put,ATM,market,50.0,5,310.0,OPPORTUNITY/HINDSIGHT,09:35,09:50,09:50,11:35,11:35,14:10
2026-01-26,META,put,ATM,market,60.0,4,310.0,OPPORTUNITY/HINDSIGHT,09:35,09:50,09:50,11:35,11:35,14:10
2026-01-26,META,put,ATM,market,70.0,4,310.0,OPPORTUNITY/HINDSIGHT,09:35,09:50,09:50,13:55,13:55,14:10
2026-01-26,META,put,ATM,market,75.0,4,310.0,OPPORTUNITY/HINDSIGHT,09:35,09:50,09:50,13:55,13:55,14:10
2026-01-26,META,put,ATM,market,80.0,4,310.0,OPPORTUNITY/HINDSIGHT,09:35,09:50,09:50,14:00,14:00,14:10
2026-01-26,META,put,ATM,market,90.0,3,310.0,OPPORTUNITY/HINDSIGHT,09:35,09:50,09:50,14:10,14:45,15:20
2026-01-26,META,put,ATM,market,100.0,3,310.0,OPPORTUNITY/HINDSIGHT,09:35,09:55,09:55,14:10,14:45,15:20
2026-01-26,META,put,ITM,mid,20.0,5,340.0,OPPORTUNITY/HINDSIGHT,09:35,09:50,09:50,09:55,09:55,13:55
2026-01-26,META,put,ITM,mid,25.0,6,310.0,OPPORTUNITY/HINDSIGHT,09:35,09:50,09:50,09:55,09:55,13:55
2026-01-26,META,put,ITM,mid,30.0,4,305.0,OPPORTUNITY/HINDSIGHT,09:35,09:50,09:50,11:35,11:35,14:10
2026-01-26,META,put,ITM,mid,40.0,4,310.0,OPPORTUNITY/HINDSIGHT,09:35,09:50,09:50,11:35,11:35,14:10
2026-01-26,META,put,ITM,mid,50.0,4,310.0,OPPORTUNITY/HINDSIGHT,09:35,09:50,09:50,11:35,11:35,14:10
2026-01-26,META,put,ITM,mid,60.0,4,310.0,OPPORTUNITY/HINDSIGHT,09:35,09:50,09:50,13:55,13:55,14:10
2026-01-26,META,put,ITM,mid,70.0,3,305.0,OPPORTUNITY/HINDSIGHT,09:35,09:55,09:55,14:10,14:50,15:20
2026-01-26,META,put,ITM,mid,75.0,3,300.0,OPPORTUNITY/HINDSIGHT,09:35,09:55,09:55,14:10,14:55,15:20
2026-01-26,META,put,ITM,mid,80.0,3,295.0,OPPORTUNITY/HINDSIGHT,09:35,09:55,10:00,14:10,14:55,15:20
2026-01-26,META,put,ITM,mid,90.0,3,295.0,OPPORTUNITY/HINDSIGHT,09:35,09:55,10:00,14:10,14:55,15:20
2026-01-26,META,put,ITM,mid,100.0,3,285.0,OPPORTUNITY/HINDSIGHT,09:35,11:35,11:50,14:10,14:55,15:20
2026-01-26,META,put,ITM,market,20.0,6,310.0,OPPORTUNITY/HINDSIGHT,09:35,09:50,09:50,09:55,09:55,13:55
2026-01-26,META,put,ITM,market,25.0,4,305.0,OPPORTUNITY/HINDSIGHT,09:35,09:50,09:50,11:35,11:35,14:10
2026-01-26,META,put,ITM,market,30.0,4,310.0,OPPORTUNITY/HINDSIGHT,09:35,09:50,09:50,11:35,11:35,14:10
2026-01-26,META,put,ITM,market,40.0,4,310.0,OPPORTUNITY/HINDSIGHT,09:35,09:50,09:50,11:35,11:35,14:10
2026-01-26,META,put,ITM,market,50.0,4,310.0,OPPORTUNITY/HINDSIGHT,09:35,09:50,09:50,13:55,13:55,14:10
2026-01-26,META,put,ITM,market,60.0,3,305.0,OPPORTUNITY/HINDSIGHT,09:35,09:55,09:55,14:10,14:50,15:20
2026-01-26,META,put,ITM,market,70.0,3,300.0,OPPORTUNITY/HINDSIGHT,09:35,09:55,09:55,14:10,14:55,15:20
2026-01-26,META,put,ITM,market,75.0,3,295.0,OPPORTUNITY/HINDSIGHT,09:35,09:55,10:00,14:10,14:55,15:20
2026-01-26,META,put,ITM,market,80.0,3,295.0,OPPORTUNITY/HINDSIGHT,09:35,09:55,10:00,14:10,14:55,15:20
2026-01-26,META,put,ITM,market,90.0,3,285.0,OPPORTUNITY/HINDSIGHT,09:35,11:35,11:50,14:10,14:55,15:20
2026-01-26,META,put,ITM,market,100.0,3,245.0,OPPORTUNITY/HINDSIGHT,09:35,11:35,11:55,13:55,14:05,14:10
2026-01-27,META,call,ITM,mid,20.0,8,355.0,OPPORTUNITY/HINDSIGHT,09:35,11:00,11:00,11:05,11:05,13:30
2026-01-27,META,call,ITM,mid,25.0,7,355.0,OPPORTUNITY/HINDSIGHT,09:35,11:05,11:05,13:30,13:30,13:40
2026-01-27,META,call,ITM,mid,30.0,7,360.0,OPPORTUNITY/HINDSIGHT,09:35,11:05,11:05,13:35,13:35,13:40
2026-01-27,META,call,ITM,mid,40.0,6,360.0,OPPORTUNITY/HINDSIGHT,09:35,11:05,11:05,13:40,13:40,13:50
2026-01-27,META,call,ITM,mid,50.0,5,355.0,OPPORTUNITY/HINDSIGHT,09:35,11:05,11:05,13:40,13:40,14:20
2026-01-27,META,call,ITM,mid,60.0,4,355.0,OPPORTUNITY/HINDSIGHT,09:35,13:20,13:20,13:40,13:40,14:55
2026-01-27,META,call,ITM,mid,70.0,4,355.0,OPPORTUNITY/HINDSIGHT,09:35,13:30,13:30,13:50,13:50,14:55
2026-01-27,META,call,ITM,mid,75.0,4,355.0,OPPORTUNITY/HINDSIGHT,09:35,13:30,13:30,13:50,13:50,14:55
2026-01-27,META,call,ITM,mid,80.0,4,355.0,OPPORTUNITY/HINDSIGHT,09:35,13:30,13:30,13:50,13:50,14:55
2026-01-27,META,call,ITM,mid,90.0,4,360.0,OPPORTUNITY/HINDSIGHT,09:35,13:35,13:35,14:15,14:15,14:55
2026-01-27,META,call,ITM,mid,100.0,3,360.0,OPPORTUNITY/HINDSIGHT,09:35,13:40,13:40,14:55,14:55,15:35
2026-01-27,META,call,ITM,market,20.0,7,355.0,OPPORTUNITY/HINDSIGHT,09:35,11:05,11:05,13:30,13:30,13:40
2026-01-27,META,call,ITM,market,25.0,7,360.0,OPPORTUNITY/HINDSIGHT,09:35,11:05,11:05,13:35,13:35,13:40
2026-01-27,META,call,ITM,market,30.0,6,360.0,OPPORTUNITY/HINDSIGHT,09:35,11:05,11:05,13:40,13:40,13:50
2026-01-27,META,call,ITM,market,40.0,5,355.0,OPPORTUNITY/HINDSIGHT,09:35,11:05,11:05,13:40,13:40,14:20
2026-01-27,META,call,ITM,market,50.0,4,355.0,OPPORTUNITY/HINDSIGHT,09:35,13:20,13:20,13:40,13:40,14:55
2026-01-27,META,call,ITM,market,60.0,4,355.0,OPPORTUNITY/HINDSIGHT,09:35,13:20,13:20,13:40,13:40,14:55
2026-01-27,META,call,ITM,market,70.0,4,355.0,OPPORTUNITY/HINDSIGHT,09:35,13:30,13:30,13:50,13:50,14:55
2026-01-27,META,call,ITM,market,75.0,4,355.0,OPPORTUNITY/HINDSIGHT,09:35,13:30,13:30,13:50,13:50,14:55
2026-01-27,META,call,ITM,market,80.0,4,360.0,OPPORTUNITY/HINDSIGHT,09:35,13:35,13:35,13:50,13:50,14:55
2026-01-27,META,call,ITM,market,90.0,3,360.0,OPPORTUNITY/HINDSIGHT,09:35,13:40,13:40,14:55,14:55,15:35
2026-01-27,META,call,ITM,market,100.0,3,360.0,OPPORTUNITY/HINDSIGHT,09:35,13:40,13:40,14:55,14:55,15:35
2026-01-27,META,call,ATM,mid,20.0,6,320.0,OPPORTUNITY/HINDSIGHT,09:35,11:00,11:00,11:05,11:05,13:30
2026-01-27,META,call,ATM,mid,25.0,6,320.0,OPPORTUNITY/HINDSIGHT,09:35,11:00,11:00,11:05,11:05,13:30
2026-01-27,META,call,ATM,mid,30.0,6,320.0,OPPORTUNITY/HINDSIGHT,09:35,11:00,11:00,11:05,11:05,13:35
2026-01-27,META,call,ATM,mid,40.0,5,320.0,OPPORTUNITY/HINDSIGHT,09:35,11:05,11:05,13:35,13:35,13:40
2026-01-27,META,call,ATM,mid,50.0,4,320.0,OPPORTUNITY/HINDSIGHT,09:35,11:05,11:05,13:40,13:40,13:50
2026-01-27,META,call,ATM,mid,60.0,4,320.0,OPPORTUNITY/HINDSIGHT,09:35,11:05,11:05,13:40,13:40,13:50
2026-01-27,META,call,ATM,mid,70.0,4,320.0,OPPORTUNITY/HINDSIGHT,09:35,11:05,11:05,13:40,13:40,13:50
2026-01-27,META,call,ATM,mid,75.0,4,320.0,OPPORTUNITY/HINDSIGHT,09:35,13:20,13:20,13:40,13:40,13:50
2026-01-27,META,call,ATM,mid,80.0,3,320.0,OPPORTUNITY/HINDSIGHT,09:35,13:20,13:20,13:40,13:40,14:55
2026-01-27,META,call,ATM,mid,90.0,3,320.0,OPPORTUNITY/HINDSIGHT,09:35,13:20,13:20,13:40,13:40,14:55
2026-01-27,META,call,ATM,mid,100.0,3,320.0,OPPORTUNITY/HINDSIGHT,09:35,13:30,13:30,13:40,13:40,14:55
2026-01-27,META,call,ATM,market,20.0,6,320.0,OPPORTUNITY/HINDSIGHT,09:35,11:00,11:00,11:05,11:05,13:30
2026-01-27,META,call,ATM,market,25.0,5,320.0,OPPORTUNITY/HINDSIGHT,09:35,11:05,11:05,13:35,13:35,13:40
2026-01-27,META,call,ATM,market,30.0,5,320.0,OPPORTUNITY/HINDSIGHT,09:35,11:05,11:05,13:35,13:35,13:40
2026-01-27,META,call,ATM,market,40.0,4,320.0,OPPORTUNITY/HINDSIGHT,09:35,11:05,11:05,13:40,13:40,13:50
2026-01-27,META,call,ATM,market,50.0,4,320.0,OPPORTUNITY/HINDSIGHT,09:35,11:05,11:05,13:40,13:40,13:50
2026-01-27,META,call,ATM,market,60.0,4,320.0,OPPORTUNITY/HINDSIGHT,09:35,11:05,11:05,13:40,13:40,13:50
2026-01-27,META,call,ATM,market,70.0,3,320.0,OPPORTUNITY/HINDSIGHT,09:35,13:20,13:20,13:40,13:40,14:55
2026-01-27,META,call,ATM,market,75.0,3,320.0,OPPORTUNITY/HINDSIGHT,09:35,13:20,13:20,13:40,13:40,14:55
2026-01-27,META,call,ATM,market,80.0,3,320.0,OPPORTUNITY/HINDSIGHT,09:35,13:20,13:20,13:40,13:40,14:55
2026-01-27,META,call,ATM,market,90.0,3,320.0,OPPORTUNITY/HINDSIGHT,09:35,13:30,13:30,13:40,13:40,14:55
2026-01-27,META,call,ATM,market,100.0,3,320.0,OPPORTUNITY/HINDSIGHT,09:35,13:30,13:30,13:40,13:40,14:55
2026-01-27,META,call,OTM1,mid,20.0,6,260.0,OPPORTUNITY/HINDSIGHT,09:35,11:00,11:00,11:05,11:05,13:35
2026-01-27,META,call,OTM1,mid,25.0,6,260.0,OPPORTUNITY/HINDSIGHT,09:35,11:00,11:00,11:05,11:05,13:35
2026-01-27,META,call,OTM1,mid,30.0,5,260.0,OPPORTUNITY/HINDSIGHT,09:35,11:00,11:00,11:05,11:05,13:40
2026-01-27,META,call,OTM1,mid,40.0,4,260.0,OPPORTUNITY/HINDSIGHT,09:35,11:05,11:05,13:40,13:45,13:50
2026-01-27,META,call,OTM1,mid,50.0,4,260.0,OPPORTUNITY/HINDSIGHT,09:35,11:05,11:05,13:40,13:45,13:50
2026-01-27,META,call,OTM1,mid,60.0,4,260.0,OPPORTUNITY/HINDSIGHT,09:35,11:05,11:05,13:40,13:45,13:50
2026-01-27,META,call,OTM1,mid,70.0,4,260.0,OPPORTUNITY/HINDSIGHT,09:35,11:05,11:05,13:40,13:45,13:50
2026-01-27,META,call,OTM1,mid,75.0,4,260.0,OPPORTUNITY/HINDSIGHT,09:35,11:05,11:05,13:40,13:45,13:50
2026-01-27,META,call,OTM1,mid,80.0,4,260.0,OPPORTUNITY/HINDSIGHT,09:35,11:05,11:05,13:40,13:45,13:50
2026-01-27,META,call,OTM1,mid,90.0,4,260.0,OPPORTUNITY/HINDSIGHT,09:35,11:05,11:05,13:40,13:45,13:50
2026-01-27,META,call,OTM1,mid,100.0,4,260.0,OPPORTUNITY/HINDSIGHT,09:35,13:20,13:20,13:40,13:45,13:50
2026-01-27,META,call,OTM1,market,20.0,6,260.0,OPPORTUNITY/HINDSIGHT,09:35,11:00,11:00,11:05,11:05,13:35
2026-01-27,META,call,OTM1,market,25.0,5,260.0,OPPORTUNITY/HINDSIGHT,09:35,11:00,11:00,11:05,11:05,13:40
2026-01-27,META,call,OTM1,market,30.0,4,260.0,OPPORTUNITY/HINDSIGHT,09:35,11:05,11:05,13:40,13:45,13:50
2026-01-27,META,call,OTM1,market,40.0,4,260.0,OPPORTUNITY/HINDSIGHT,09:35,11:05,11:05,13:40,13:45,13:50
2026-01-27,META,call,OTM1,market,50.0,4,260.0,OPPORTUNITY/HINDSIGHT,09:35,11:05,11:05,13:40,13:45,13:50
2026-01-27,META,call,OTM1,market,60.0,4,260.0,OPPORTUNITY/HINDSIGHT,09:35,11:05,11:05,13:40,13:45,13:50
2026-01-27,META,call,OTM1,market,70.0,4,260.0,OPPORTUNITY/HINDSIGHT,09:35,11:05,11:05,13:40,13:45,13:50
2026-01-27,META,call,OTM1,market,75.0,4,260.0,OPPORTUNITY/HINDSIGHT,09:35,11:05,11:05,13:40,13:45,13:50
2026-01-27,META,call,OTM1,market,80.0,4,260.0,OPPORTUNITY/HINDSIGHT,09:35,11:05,11:05,13:40,13:45,13:50
2026-01-27,META,call,OTM1,market,90.0,4,260.0,OPPORTUNITY/HINDSIGHT,09:35,13:20,13:20,13:40,13:45,13:50
2026-01-27,META,call,OTM1,market,100.0,4,260.0,OPPORTUNITY/HINDSIGHT,09:35,13:20,13:20,13:40,13:45,13:50
2026-01-27,META,call,OTM2+,mid,20.0,3,245.0,OPPORTUNITY/HINDSIGHT,09:35,11:00,11:00,11:05,11:05,13:40
2026-01-27,META,call,OTM2+,mid,25.0,3,245.0,OPPORTUNITY/HINDSIGHT,09:35,11:00,11:00,11:05,11:05,13:40
2026-01-27,META,call,OTM2+,mid,30.0,2,245.0,OPPORTUNITY/HINDSIGHT,09:35,11:05,11:05,13:40,,
2026-01-27,META,call,OTM2+,mid,40.0,2,245.0,OPPORTUNITY/HINDSIGHT,09:35,11:05,11:05,13:40,,
2026-01-27,META,call,OTM2+,mid,50.0,2,245.0,OPPORTUNITY/HINDSIGHT,09:35,11:05,11:05,13:40,,
2026-01-27,META,call,OTM2+,mid,60.0,2,245.0,OPPORTUNITY/HINDSIGHT,09:35,11:05,11:05,13:40,,
2026-01-27,META,call,OTM2+,mid,70.0,2,245.0,OPPORTUNITY/HINDSIGHT,09:35,11:05,11:05,13:40,,
2026-01-27,META,call,OTM2+,mid,75.0,2,245.0,OPPORTUNITY/HINDSIGHT,09:35,11:05,11:05,13:40,,
2026-01-27,META,call,OTM2+,mid,80.0,2,245.0,OPPORTUNITY/HINDSIGHT,09:35,11:05,11:05,13:40,,
2026-01-27,META,call,OTM2+,mid,90.0,2,245.0,OPPORTUNITY/HINDSIGHT,09:35,11:05,11:05,13:40,,
2026-01-27,META,call,OTM2+,mid,100.0,2,245.0,OPPORTUNITY/HINDSIGHT,09:35,11:05,11:05,13:40,,
2026-01-27,META,call,OTM2+,market,20.0,3,245.0,OPPORTUNITY/HINDSIGHT,09:35,11:00,11:00,11:05,11:05,13:40
2026-01-27,META,call,OTM2+,market,25.0,2,245.0,OPPORTUNITY/HINDSIGHT,09:35,11:05,11:05,13:40,,
2026-01-27,META,call,OTM2+,market,30.0,2,245.0,OPPORTUNITY/HINDSIGHT,09:35,11:05,11:05,13:40,,
2026-01-27,META,call,OTM2+,market,40.0,2,245.0,OPPORTUNITY/HINDSIGHT,09:35,11:05,11:05,13:40,,
2026-01-27,META,call,OTM2+,market,50.0,2,245.0,OPPORTUNITY/HINDSIGHT,09:35,11:05,11:05,13:40,,
2026-01-27,META,call,OTM2+,market,60.0,2,245.0,OPPORTUNITY/HINDSIGHT,09:35,11:05,11:05,13:40,,
2026-01-27,META,call,OTM2+,market,70.0,2,245.0,OPPORTUNITY/HINDSIGHT,09:35,11:05,11:05,13:40,,
2026-01-27,META,call,OTM2+,market,75.0,2,245.0,OPPORTUNITY/HINDSIGHT,09:35,11:05,11:05,13:40,,
2026-01-27,META,call,OTM2+,market,80.0,2,245.0,OPPORTUNITY/HINDSIGHT,09:35,11:05,11:05,13:40,,
2026-01-27,META,call,OTM2+,market,90.0,2,245.0,OPPORTUNITY/HINDSIGHT,09:35,11:05,11:05,13:40,,
2026-01-27,META,call,OTM2+,market,100.0,2,245.0,OPPORTUNITY/HINDSIGHT,09:35,11:05,11:05,13:40,,
2026-01-27,META,put,OTM1,mid,20.0,16,200.0,OPPORTUNITY/HINDSIGHT,09:35,09:40,09:40,09:50,09:50,09:55
2026-01-27,META,put,OTM1,mid,25.0,14,190.0,OPPORTUNITY/HINDSIGHT,09:35,09:40,09:40,09:50,09:50,09:55
2026-01-27,META,put,OTM1,mid,30.0,12,185.0,OPPORTUNITY/HINDSIGHT,09:35,09:40,09:40,09:50,09:50,09:55
2026-01-27,META,put,OTM1,mid,40.0,8,195.0,OPPORTUNITY/HINDSIGHT,09:35,09:40,09:40,09:55,10:45,12:55
2026-01-27,META,put,OTM1,mid,50.0,11,175.0,OPPORTUNITY/HINDSIGHT,09:35,09:50,09:50,09:55,10:50,11:25
2026-01-27,META,put,OTM1,mid,60.0,11,175.0,OPPORTUNITY/HINDSIGHT,09:35,09:50,09:50,09:55,10:50,11:25
2026-01-27,META,put,OTM1,mid,70.0,10,175.0,OPPORTUNITY/HINDSIGHT,09:35,09:50,09:50,09:55,10:50,11:25
2026-01-27,META,put,OTM1,mid,75.0,10,175.0,OPPORTUNITY/HINDSIGHT,09:35,09:50,09:50,09:55,10:50,11:25
2026-01-27,META,put,OTM1,mid,80.0,10,175.0,OPPORTUNITY/HINDSIGHT,09:35,09:50,09:50,09:55,10:50,11:25
2026-01-27,META,put,OTM1,mid,90.0,8,165.0,OPPORTUNITY/HINDSIGHT,09:35,09:50,09:50,09:55,10:50,11:25
2026-01-27,META,put,OTM1,mid,100.0,6,185.0,OPPORTUNITY/HINDSIGHT,09:35,09:55,10:50,11:25,11:30,12:55
2026-01-27,META,put,OTM1,market,20.0,14,190.0,OPPORTUNITY/HINDSIGHT,09:35,09:40,09:40,09:50,09:50,09:55
2026-01-27,META,put,OTM1,market,25.0,12,185.0,OPPORTUNITY/HINDSIGHT,09:35,09:40,09:40,09:50,09:50,09:55
2026-01-27,META,put,OTM1,market,30.0,8,195.0,OPPORTUNITY/HINDSIGHT,09:35,09:40,09:40,09:55,10:45,12:55
2026-01-27,META,put,OTM1,market,40.0,12,175.0,OPPORTUNITY/HINDSIGHT,09:35,09:40,09:40,09:55,10:50,11:25
2026-01-27,META,put,OTM1,market,50.0,11,175.0,OPPORTUNITY/HINDSIGHT,09:35,09:50,09:50,09:55,10:50,11:25
2026-01-27,META,put,OTM1,market,60.0,10,175.0,OPPORTUNITY/HINDSIGHT,09:35,09:50,09:50,09:55,10:50,11:25
2026-01-27,META,put,OTM1,market,70.0,10,175.0,OPPORTUNITY/HINDSIGHT,09:35,09:50,09:50,09:55,10:50,11:25
2026-01-27,META,put,OTM1,market,75.0,8,165.0,OPPORTUNITY/HINDSIGHT,09:35,09:50,09:50,09:55,10:50,11:25
2026-01-27,META,put,OTM1,market,80.0,8,165.0,OPPORTUNITY/HINDSIGHT,09:35,09:50,09:50,09:55,10:50,11:25
2026-01-27,META,put,OTM1,market,90.0,6,185.0,OPPORTUNITY/HINDSIGHT,09:35,09:55,10:50,11:25,11:30,12:55
2026-01-27,META,put,OTM1,market,100.0,6,185.0,OPPORTUNITY/HINDSIGHT,09:35,09:55,10:50,11:25,11:30,12:55
2026-01-27,META,put,ATM,mid,20.0,13,185.0,OPPORTUNITY/HINDSIGHT,09:35,09:40,09:40,09:50,09:50,09:55
2026-01-27,META,put,ATM,mid,25.0,12,180.0,OPPORTUNITY/HINDSIGHT,09:35,09:40,09:40,09:50,09:50,09:55
2026-01-27,META,put,ATM,mid,30.0,8,185.0,OPPORTUNITY/HINDSIGHT,09:35,09:40,09:40,09:55,09:55,10:00
2026-01-27,META,put,ATM,mid,40.0,8,190.0,OPPORTUNITY/HINDSIGHT,09:35,09:50,09:50,09:55,09:55,10:00
2026-01-27,META,put,ATM,mid,50.0,9,160.0,OPPORTUNITY/HINDSIGHT,09:35,09:50,09:50,09:55,09:55,10:00
2026-01-27,META,put,ATM,mid,60.0,8,170.0,OPPORTUNITY/HINDSIGHT,09:35,09:50,09:50,09:55,09:55,10:10
2026-01-27,META,put,ATM,mid,70.0,6,175.0,OPPORTUNITY/HINDSIGHT,09:35,09:55,09:55,10:10,10:50,11:25
2026-01-27,META,put,ATM,mid,75.0,6,175.0,OPPORTUNITY/HINDSIGHT,09:35,09:55,09:55,10:10,10:50,11:25
2026-01-27,META,put,ATM,mid,80.0,6,175.0,OPPORTUNITY/HINDSIGHT,09:35,09:55,09:55,10:10,10:50,11:25
2026-01-27,META,put,ATM,mid,90.0,6,180.0,OPPORTUNITY/HINDSIGHT,09:35,09:55,09:55,10:10,10:50,11:50
2026-01-27,META,put,ATM,mid,100.0,5,170.0,OPPORTUNITY/HINDSIGHT,09:35,09:55,09:55,10:10,10:50,11:50
2026-01-27,META,put,ATM,market,20.0,12,180.0,OPPORTUNITY/HINDSIGHT,09:35,09:40,09:40,09:50,09:50,09:55
2026-01-27,META,put,ATM,market,25.0,8,185.0,OPPORTUNITY/HINDSIGHT,09:35,09:40,09:40,09:55,09:55,10:00
2026-01-27,META,put,ATM,market,30.0,8,185.0,OPPORTUNITY/HINDSIGHT,09:35,09:45,09:45,09:55,09:55,10:00
2026-01-27,META,put,ATM,market,40.0,8,190.0,OPPORTUNITY/HINDSIGHT,09:35,09:50,09:50,09:55,09:55,10:00
2026-01-27,META,put,ATM,market,50.0,8,165.0,OPPORTUNITY/HINDSIGHT,09:35,09:50,09:50,09:55,09:55,10:10
2026-01-27,META,put,ATM,market,60.0,7,175.0,OPPORTUNITY/HINDSIGHT,09:35,09:50,09:50,09:55,09:55,10:10
2026-01-27,META,put,ATM,market,70.0,6,175.0,OPPORTUNITY/HINDSIGHT,09:35,09:55,09:55,10:10,10:50,11:25
2026-01-27,META,put,ATM,market,75.0,6,180.0,OPPORTUNITY/HINDSIGHT,09:35,09:55,09:55,10:10,10:50,11:25
2026-01-27,META,put,ATM,market,80.0,6,180.0,OPPORTUNITY/HINDSIGHT,09:35,09:55,09:55,10:10,10:50,11:25
2026-01-27,META,put,ATM,market,90.0,5,170.0,OPPORTUNITY/HINDSIGHT,09:35,09:55,09:55,10:10,10:50,11:50
2026-01-27,META,put,ATM,market,100.0,4,180.0,OPPORTUNITY/HINDSIGHT,09:35,09:55,09:55,10:10,10:50,12:55
2026-01-27,META,put,ITM,mid,20.0,8,160.0,OPPORTUNITY/HINDSIGHT,09:35,09:40,09:40,09:55,09:55,10:00
2026-01-27,META,put,ITM,mid,25.0,5,165.0,OPPORTUNITY/HINDSIGHT,09:35,09:40,09:40,09:55,09:55,10:00
2026-01-27,META,put,ITM,mid,30.0,5,165.0,OPPORTUNITY/HINDSIGHT,09:35,09:50,09:50,09:55,09:55,10:00
2026-01-27,META,put,ITM,mid,40.0,6,140.0,OPPORTUNITY/HINDSIGHT,09:35,09:50,09:50,09:55,09:55,10:10
2026-01-27,META,put,ITM,mid,50.0,4,155.0,OPPORTUNITY/HINDSIGHT,09:35,09:55,09:55,10:10,10:50,11:25
2026-01-27,META,put,ITM,mid,60.0,4,155.0,OPPORTUNITY/HINDSIGHT,09:35,09:55,09:55,10:10,10:50,11:25
2026-01-27,META,put,ITM,mid,70.0,4,155.0,OPPORTUNITY/HINDSIGHT,09:35,09:55,09:55,10:10,10:50,11:50
2026-01-27,META,put,ITM,mid,75.0,2,145.0,OPPORTUNITY/HINDSIGHT,09:35,09:55,10:50,12:55,,
2026-01-27,META,put,ITM,mid,80.0,2,145.0,OPPORTUNITY/HINDSIGHT,09:35,09:55,10:50,12:55,,
2026-01-27,META,put,ITM,mid,90.0,2,145.0,OPPORTUNITY/HINDSIGHT,09:35,09:55,10:50,12:55,,
2026-01-27,META,put,ITM,mid,100.0,2,135.0,OPPORTUNITY/HINDSIGHT,09:35,09:55,11:00,12:55,,
2026-01-27,META,put,ITM,market,20.0,5,165.0,OPPORTUNITY/HINDSIGHT,09:35,09:40,09:40,09:55,09:55,10:00
2026-01-27,META,put,ITM,market,25.0,5,165.0,OPPORTUNITY/HINDSIGHT,09:35,09:50,09:50,09:55,09:55,10:00
2026-01-27,META,put,ITM,market,30.0,5,165.0,OPPORTUNITY/HINDSIGHT,09:35,09:50,09:50,09:55,09:55,10:00
2026-01-27,META,put,ITM,market,40.0,5,155.0,OPPORTUNITY/HINDSIGHT,09:35,09:50,09:50,09:55,09:55,10:10
2026-01-27,META,put,ITM,market,50.0,4,155.0,OPPORTUNITY/HINDSIGHT,09:35,09:55,09:55,10:10,10:50,11:25
2026-01-27,META,put,ITM,market,60.0,4,155.0,OPPORTUNITY/HINDSIGHT,09:35,09:55,09:55,10:10,10:50,11:50
2026-01-27,META,put,ITM,market,70.0,2,145.0,OPPORTUNITY/HINDSIGHT,09:35,09:55,10:50,12:55,,
2026-01-27,META,put,ITM,market,75.0,2,145.0,OPPORTUNITY/HINDSIGHT,09:35,09:55,10:50,12:55,,
2026-01-27,META,put,ITM,market,80.0,2,145.0,OPPORTUNITY/HINDSIGHT,09:35,09:55,10:50,12:55,,
2026-01-27,META,put,ITM,market,90.0,2,135.0,OPPORTUNITY/HINDSIGHT,09:35,09:55,11:00,12:55,,
2026-01-27,META,put,ITM,market,100.0,3,90.0,OPPORTUNITY/HINDSIGHT,09:35,09:55,11:05,11:25,12:05,12:55
2026-01-27,META,put,OTM2+,mid,20.0,8,50.0,OPPORTUNITY/HINDSIGHT,10:55,11:10,11:15,11:20,11:20,11:25
2026-01-27,META,put,OTM2+,mid,25.0,5,55.0,OPPORTUNITY/HINDSIGHT,10:55,11:25,13:20,13:25,13:40,13:45
2026-01-27,META,put,OTM2+,mid,30.0,5,55.0,OPPORTUNITY/HINDSIGHT,10:55,11:25,13:20,13:25,13:40,13:45
2026-01-27,META,put,OTM2+,mid,40.0,4,50.0,OPPORTUNITY/HINDSIGHT,10:55,11:25,13:40,13:45,13:50,14:00
2026-01-27,META,put,OTM2+,mid,50.0,4,50.0,OPPORTUNITY/HINDSIGHT,10:55,11:25,13:40,13:45,13:50,14:00
2026-01-27,META,put,OTM2+,mid,60.0,4,50.0,OPPORTUNITY/HINDSIGHT,10:55,11:25,13:40,13:45,13:50,14:00
2026-01-27,META,put,OTM2+,mid,70.0,3,50.0,OPPORTUNITY/HINDSIGHT,10:55,11:25,13:40,13:45,13:50,14:05
2026-01-27,META,put,OTM2+,mid,75.0,3,50.0,OPPORTUNITY/HINDSIGHT,10:55,11:25,13:40,13:45,13:50,14:05
2026-01-27,META,put,OTM2+,mid,80.0,3,50.0,OPPORTUNITY/HINDSIGHT,10:55,11:25,13:40,13:45,13:50,14:05
2026-01-27,META,put,OTM2+,mid,90.0,3,50.0,OPPORTUNITY/HINDSIGHT,10:55,11:25,13:40,13:45,13:50,14:05
2026-01-27,META,put,OTM2+,mid,100.0,3,50.0,OPPORTUNITY/HINDSIGHT,10:55,11:25,13:40,13:45,13:50,14:05
2026-01-27,META,put,OTM2+,market,20.0,5,55.0,OPPORTUNITY/HINDSIGHT,10:55,11:25,13:20,13:25,13:40,13:45
2026-01-27,META,put,OTM2+,market,25.0,5,55.0,OPPORTUNITY/HINDSIGHT,10:55,11:25,13:20,13:25,13:40,13:45
2026-01-27,META,put,OTM2+,market,30.0,4,50.0,OPPORTUNITY/HINDSIGHT,10:55,11:25,13:40,13:45,13:50,14:00
2026-01-27,META,put,OTM2+,market,40.0,4,50.0,OPPORTUNITY/HINDSIGHT,10:55,11:25,13:40,13:45,13:50,14:00
2026-01-27,META,put,OTM2+,market,50.0,4,50.0,OPPORTUNITY/HINDSIGHT,10:55,11:25,13:40,13:45,13:50,14:00
2026-01-27,META,put,OTM2+,market,60.0,3,50.0,OPPORTUNITY/HINDSIGHT,10:55,11:25,13:40,13:45,13:50,14:05
2026-01-27,META,put,OTM2+,market,70.0,3,50.0,OPPORTUNITY/HINDSIGHT,10:55,11:25,13:40,13:45,13:50,14:05
2026-01-27,META,put,OTM2+,market,75.0,3,50.0,OPPORTUNITY/HINDSIGHT,10:55,11:25,13:40,13:45,13:50,14:05
2026-01-27,META,put,OTM2+,market,80.0,3,50.0,OPPORTUNITY/HINDSIGHT,10:55,11:25,13:40,13:45,13:50,14:05
2026-01-27,META,put,OTM2+,market,90.0,3,50.0,OPPORTUNITY/HINDSIGHT,10:55,11:25,13:40,13:45,13:50,14:05
2026-01-27,META,put,OTM2+,market,100.0,3,50.0,OPPORTUNITY/HINDSIGHT,10:55,11:25,13:40,13:45,13:50,14:05
2026-01-28,META,call,ITM,mid,20.0,9,335.0,OPPORTUNITY/HINDSIGHT,09:35,09:55,09:55,10:05,10:05,10:15
2026-01-28,META,call,ITM,mid,25.0,8,335.0,OPPORTUNITY/HINDSIGHT,09:35,09:55,09:55,10:05,10:05,10:15
2026-01-28,META,call,ITM,mid,30.0,8,325.0,OPPORTUNITY/HINDSIGHT,09:35,09:55,09:55,10:05,10:05,10:15
2026-01-28,META,call,ITM,mid,40.0,5,320.0,OPPORTUNITY/HINDSIGHT,09:35,10:05,10:05,10:20,10:20,10:45
2026-01-28,META,call,ITM,mid,50.0,5,325.0,OPPORTUNITY/HINDSIGHT,09:35,10:05,10:05,10:20,10:20,10:45
2026-01-28,META,call,ITM,mid,60.0,5,315.0,OPPORTUNITY/HINDSIGHT,09:35,10:05,10:05,10:20,10:20,10:45
2026-01-28,META,call,ITM,mid,70.0,5,315.0,OPPORTUNITY/HINDSIGHT,09:35,10:05,10:05,10:20,10:20,10:50
2026-01-28,META,call,ITM,mid,75.0,5,315.0,OPPORTUNITY/HINDSIGHT,09:35,10:05,10:05,10:20,10:20,10:50
2026-01-28,META,call,ITM,mid,80.0,5,315.0,OPPORTUNITY/HINDSIGHT,09:35,10:05,10:05,10:20,10:20,10:50
2026-01-28,META,call,ITM,mid,90.0,4,300.0,OPPORTUNITY/HINDSIGHT,09:35,10:10,10:10,10:40,11:20,12:45
2026-01-28,META,call,ITM,mid,100.0,4,285.0,OPPORTUNITY/HINDSIGHT,09:35,10:15,10:15,10:45,11:45,12:45
2026-01-28,META,call,ITM,market,20.0,8,335.0,OPPORTUNITY/HINDSIGHT,09:35,09:55,09:55,10:05,10:05,10:15
2026-01-28,META,call,ITM,market,25.0,8,325.0,OPPORTUNITY/HINDSIGHT,09:35,09:55,09:55,10:05,10:05,10:15
2026-01-28,META,call,ITM,market,30.0,8,325.0,OPPORTUNITY/HINDSIGHT,09:35,09:55,09:55,10:05,10:05,10:15
2026-01-28,META,call,ITM,market,40.0,5,325.0,OPPORTUNITY/HINDSIGHT,09:35,10:05,10:05,10:20,10:20,10:45
2026-01-28,META,call,ITM,market,50.0,6,320.0,OPPORTUNITY/HINDSIGHT,09:35,10:05,10:05,10:20,10:20,10:45
2026-01-28,META,call,ITM,market,60.0,5,310.0,OPPORTUNITY/HINDSIGHT,09:35,10:05,10:05,10:20,10:20,10:45
2026-01-28,META,call,ITM,market,70.0,5,315.0,OPPORTUNITY/HINDSIGHT,09:35,10:05,10:05,10:20,10:20,10:50
2026-01-28,META,call,ITM,market,75.0,5,315.0,OPPORTUNITY/HINDSIGHT,09:35,10:05,10:05,10:20,10:20,10:50
2026-01-28,META,call,ITM,market,80.0,4,305.0,OPPORTUNITY/HINDSIGHT,09:35,10:10,10:10,10:40,11:15,12:45
2026-01-28,META,call,ITM,market,90.0,4,285.0,OPPORTUNITY/HINDSIGHT,09:35,10:15,10:15,10:45,11:45,12:45
2026-01-28,META,call,ITM,market,100.0,4,260.0,OPPORTUNITY/HINDSIGHT,09:35,10:15,10:15,10:45,11:45,12:45
2026-01-28,META,call,ATM,mid,20.0,12,285.0,OPPORTUNITY/HINDSIGHT,09:35,09:55,09:55,10:05,10:05,10:15
2026-01-28,META,call,ATM,mid,25.0,12,290.0,OPPORTUNITY/HINDSIGHT,09:35,09:55,09:55,10:05,10:05,10:15
2026-01-28,META,call,ATM,mid,30.0,9,300.0,OPPORTUNITY/HINDSIGHT,09:35,09:55,09:55,10:05,10:05,10:15
2026-01-28,META,call,ATM,mid,40.0,8,300.0,OPPORTUNITY/HINDSIGHT,09:35,09:55,09:55,10:05,10:05,10:15
2026-01-28,META,call,ATM,mid,50.0,8,300.0,OPPORTUNITY/HINDSIGHT,09:35,09:55,09:55,10:05,10:05,10:15
2026-01-28,META,call,ATM,mid,60.0,6,305.0,OPPORTUNITY/HINDSIGHT,09:35,10:05,10:05,10:20,10:25,10:40
2026-01-28,META,call,ATM,mid,70.0,6,305.0,OPPORTUNITY/HINDSIGHT,09:35,10:05,10:05,10:20,10:25,10:40
2026-01-28,META,call,ATM,mid,75.0,6,305.0,OPPORTUNITY/HINDSIGHT,09:35,10:05,10:05,10:20,10:25,10:40
2026-01-28,META,call,ATM,mid,80.0,6,305.0,OPPORTUNITY/HINDSIGHT,09:35,10:05,10:05,10:20,10:25,10:40
2026-01-28,META,call,ATM,mid,90.0,6,305.0,OPPORTUNITY/HINDSIGHT,09:35,10:05,10:05,10:20,10:25,10:40
2026-01-28,META,call,ATM,mid,100.0,5,305.0,OPPORTUNITY/HINDSIGHT,09:35,10:05,10:05,10:20,10:25,10:40
2026-01-28,META,call,ATM,market,20.0,12,290.0,OPPORTUNITY/HINDSIGHT,09:35,09:55,09:55,10:05,10:05,10:15
2026-01-28,META,call,ATM,market,25.0,9,300.0,OPPORTUNITY/HINDSIGHT,09:35,09:55,09:55,10:05,10:05,10:15
2026-01-28,META,call,ATM,market,30.0,9,300.0,OPPORTUNITY/HINDSIGHT,09:35,09:55,09:55,10:05,10:05,10:15
2026-01-28,META,call,ATM,market,40.0,8,300.0,OPPORTUNITY/HINDSIGHT,09:35,09:55,09:55,10:05,10:05,10:15
2026-01-28,META,call,ATM,market,50.0,8,300.0,OPPORTUNITY/HINDSIGHT,09:35,09:55,09:55,10:05,10:05,10:15
2026-01-28,META,call,ATM,market,60.0,6,305.0,OPPORTUNITY/HINDSIGHT,09:35,10:05,10:05,10:20,10:25,10:40
2026-01-28,META,call,ATM,market,70.0,6,305.0,OPPORTUNITY/HINDSIGHT,09:35,10:05,10:05,10:20,10:25,10:40
2026-01-28,META,call,ATM,market,75.0,6,305.0,OPPORTUNITY/HINDSIGHT,09:35,10:05,10:05,10:20,10:25,10:40
2026-01-28,META,call,ATM,market,80.0,6,305.0,OPPORTUNITY/HINDSIGHT,09:35,10:05,10:05,10:20,10:25,10:40
2026-01-28,META,call,ATM,market,90.0,6,305.0,OPPORTUNITY/HINDSIGHT,09:35,10:05,10:05,10:20,10:25,10:40
2026-01-28,META,call,ATM,market,100.0,5,300.0,OPPORTUNITY/HINDSIGHT,09:35,10:05,10:05,10:20,10:25,10:40
2026-01-28,META,call,OTM1,mid,20.0,6,190.0,OPPORTUNITY/HINDSIGHT,09:35,09:50,09:50,09:55,09:55,10:05
2026-01-28,META,call,OTM1,mid,25.0,5,190.0,OPPORTUNITY/HINDSIGHT,09:35,09:55,09:55,10:05,10:05,10:15
2026-01-28,META,call,OTM1,mid,30.0,5,190.0,OPPORTUNITY/HINDSIGHT,09:35,09:55,09:55,10:05,10:05,10:15
2026-01-28,META,call,OTM1,mid,40.0,5,190.0,OPPORTUNITY/HINDSIGHT,09:35,09:55,09:55,10:05,10:05,10:15
2026-01-28,META,call,OTM1,mid,50.0,5,190.0,OPPORTUNITY/HINDSIGHT,09:35,09:55,09:55,10:05,10:05,10:15
2026-01-28,META,call,OTM1,mid,60.0,5,190.0,OPPORTUNITY/HINDSIGHT,09:35,09:55,09:55,10:05,10:05,10:15
2026-01-28,META,call,OTM1,mid,70.0,5,195.0,OPPORTUNITY/HINDSIGHT,09:35,09:55,09:55,10:05,10:05,10:15
2026-01-28,META,call,OTM1,mid,75.0,5,195.0,OPPORTUNITY/HINDSIGHT,09:35,09:55,09:55,10:05,10:05,10:15
2026-01-28,META,call,OTM1,mid,80.0,5,195.0,OPPORTUNITY/HINDSIGHT,09:35,09:55,09:55,10:05,10:05,10:15
2026-01-28,META,call,OTM1,mid,90.0,4,200.0,OPPORTUNITY/HINDSIGHT,09:35,10:05,10:05,10:20,13:15,13:30
2026-01-28,META,call,OTM1,mid,100.0,3,195.0,OPPORTUNITY/HINDSIGHT,09:35,10:05,10:05,10:20,13:15,15:45
2026-01-28,META,call,OTM1,market,20.0,5,190.0,OPPORTUNITY/HINDSIGHT,09:35,09:55,09:55,10:05,10:05,10:15
2026-01-28,META,call,OTM1,market,25.0,5,190.0,OPPORTUNITY/HINDSIGHT,09:35,09:55,09:55,10:05,10:05,10:15
2026-01-28,META,call,OTM1,market,30.0,5,190.0,OPPORTUNITY/HINDSIGHT,09:35,09:55,09:55,10:05,10:05,10:15
2026-01-28,META,call,OTM1,market,40.0,5,190.0,OPPORTUNITY/HINDSIGHT,09:35,09:55,09:55,10:05,10:05,10:15
2026-01-28,META,call,OTM1,market,50.0,5,190.0,OPPORTUNITY/HINDSIGHT,09:35,09:55,09:55,10:05,10:05,10:15
2026-01-28,META,call,OTM1,market,60.0,5,195.0,OPPORTUNITY/HINDSIGHT,09:35,09:55,09:55,10:05,10:05,10:15
2026-01-28,META,call,OTM1,market,70.0,5,195.0,OPPORTUNITY/HINDSIGHT,09:35,09:55,09:55,10:05,10:05,10:15
2026-01-28,META,call,OTM1,market,75.0,5,195.0,OPPORTUNITY/HINDSIGHT,09:35,09:55,09:55,10:05,10:05,10:15
2026-01-28,META,call,OTM1,market,80.0,4,195.0,OPPORTUNITY/HINDSIGHT,09:35,10:05,10:05,10:15,13:15,13:30
2026-01-28,META,call,OTM1,market,90.0,3,195.0,OPPORTUNITY/HINDSIGHT,09:35,10:05,10:05,10:20,13:15,15:45
2026-01-28,META,call,OTM1,market,100.0,3,195.0,OPPORTUNITY/HINDSIGHT,09:35,10:05,10:05,10:20,13:15,15:45
2026-01-28,META,call,OTM2+,mid,20.0,4,105.0,OPPORTUNITY/HINDSIGHT,09:35,09:50,09:50,09:55,10:00,10:05
2026-01-28,META,call,OTM2+,mid,25.0,4,105.0,OPPORTUNITY/HINDSIGHT,09:35,09:50,09:50,09:55,10:00,10:05
2026-01-28,META,call,OTM2+,mid,30.0,3,105.0,OPPORTUNITY/HINDSIGHT,09:35,09:55,10:00,10:05,13:40,15:00
2026-01-28,META,call,OTM2+,mid,40.0,3,105.0,OPPORTUNITY/HINDSIGHT,09:35,09:55,10:00,10:05,13:40,15:00
2026-01-28,META,call,OTM2+,mid,50.0,3,105.0,OPPORTUNITY/HINDSIGHT,09:35,09:55,10:00,10:05,13:40,15:00
2026-01-28,META,call,OTM2+,mid,60.0,3,105.0,OPPORTUNITY/HINDSIGHT,09:35,09:55,10:00,10:05,13:40,15:00
2026-01-28,META,call,OTM2+,mid,70.0,3,105.0,OPPORTUNITY/HINDSIGHT,09:35,09:55,10:00,10:05,13:40,15:00
2026-01-28,META,call,OTM2+,mid,75.0,3,105.0,OPPORTUNITY/HINDSIGHT,09:35,09:55,10:00,10:05,13:40,15:00
2026-01-28,META,call,OTM2+,mid,80.0,3,105.0,OPPORTUNITY/HINDSIGHT,09:35,09:55,10:00,10:05,13:40,15:00
2026-01-28,META,call,OTM2+,mid,90.0,3,105.0,OPPORTUNITY/HINDSIGHT,09:35,09:55,10:00,10:05,13:40,15:00
2026-01-28,META,call,OTM2+,mid,100.0,3,105.0,OPPORTUNITY/HINDSIGHT,09:35,09:55,10:00,10:05,13:40,15:00
2026-01-28,META,call,OTM2+,market,20.0,4,105.0,OPPORTUNITY/HINDSIGHT,09:35,09:50,09:50,09:55,10:00,10:05
2026-01-28,META,call,OTM2+,market,25.0,3,105.0,OPPORTUNITY/HINDSIGHT,09:35,09:55,10:00,10:05,13:40,15:00
2026-01-28,META,call,OTM2+,market,30.0,3,105.0,OPPORTUNITY/HINDSIGHT,09:35,09:55,10:00,10:05,13:40,15:00
2026-01-28,META,call,OTM2+,market,40.0,3,105.0,OPPORTUNITY/HINDSIGHT,09:35,09:55,10:00,10:05,13:40,15:00
2026-01-28,META,call,OTM2+,market,50.0,3,105.0,OPPORTUNITY/HINDSIGHT,09:35,09:55,10:00,10:05,13:40,15:00
2026-01-28,META,call,OTM2+,market,60.0,3,105.0,OPPORTUNITY/HINDSIGHT,09:35,09:55,10:00,10:05,13:40,15:00
2026-01-28,META,call,OTM2+,market,70.0,3,105.0,OPPORTUNITY/HINDSIGHT,09:35,09:55,10:00,10:05,13:40,15:00
2026-01-28,META,call,OTM2+,market,75.0,3,105.0,OPPORTUNITY/HINDSIGHT,09:35,09:55,10:00,10:05,13:40,15:00
2026-01-28,META,call,OTM2+,market,80.0,3,105.0,OPPORTUNITY/HINDSIGHT,09:35,09:55,10:00,10:05,13:40,15:00
2026-01-28,META,call,OTM2+,market,90.0,3,105.0,OPPORTUNITY/HINDSIGHT,09:35,09:55,10:00,10:05,13:40,15:00
2026-01-28,META,call,OTM2+,market,100.0,3,105.0,OPPORTUNITY/HINDSIGHT,09:35,09:55,10:00,10:05,13:40,15:00
2026-01-28,META,put,OTM2+,mid,20.0,4,230.0,OPPORTUNITY/HINDSIGHT,09:40,09:45,09:55,10:00,10:05,13:40
2026-01-28,META,put,OTM2+,mid,25.0,3,225.0,OPPORTUNITY/HINDSIGHT,09:55,10:00,10:05,13:40,13:40,13:45
2026-01-28,META,put,OTM2+,mid,30.0,3,225.0,OPPORTUNITY/HINDSIGHT,09:55,10:00,10:05,13:40,13:40,13:45
2026-01-28,META,put,OTM2+,mid,40.0,1,230.0,OPPORTUNITY/HINDSIGHT,09:55,13:45,,,,
2026-01-28,META,put,OTM2+,mid,50.0,1,230.0,OPPORTUNITY/HINDSIGHT,09:55,13:45,,,,
2026-01-28,META,put,OTM2+,mid,60.0,1,230.0,OPPORTUNITY/HINDSIGHT,09:55,13:45,,,,
2026-01-28,META,put,OTM2+,mid,70.0,1,230.0,OPPORTUNITY/HINDSIGHT,09:55,13:45,,,,
2026-01-28,META,put,OTM2+,mid,75.0,1,230.0,OPPORTUNITY/HINDSIGHT,09:55,13:45,,,,
2026-01-28,META,put,OTM2+,mid,80.0,1,230.0,OPPORTUNITY/HINDSIGHT,09:55,13:45,,,,
2026-01-28,META,put,OTM2+,mid,90.0,1,230.0,OPPORTUNITY/HINDSIGHT,09:55,13:45,,,,
2026-01-28,META,put,OTM2+,mid,100.0,1,220.0,OPPORTUNITY/HINDSIGHT,10:05,13:45,,,,
2026-01-28,META,put,OTM2+,market,20.0,3,225.0,OPPORTUNITY/HINDSIGHT,09:55,10:00,10:05,13:40,13:40,13:45
2026-01-28,META,put,OTM2+,market,25.0,3,225.0,OPPORTUNITY/HINDSIGHT,09:55,10:00,10:05,13:40,13:40,13:45
2026-01-28,META,put,OTM2+,market,30.0,3,225.0,OPPORTUNITY/HINDSIGHT,09:55,10:00,10:05,13:40,13:40,13:45
2026-01-28,META,put,OTM2+,market,40.0,1,230.0,OPPORTUNITY/HINDSIGHT,09:55,13:45,,,,
2026-01-28,META,put,OTM2+,market,50.0,1,230.0,OPPORTUNITY/HINDSIGHT,09:55,13:45,,,,
2026-01-28,META,put,OTM2+,market,60.0,1,230.0,OPPORTUNITY/HINDSIGHT,09:55,13:45,,,,
2026-01-28,META,put,OTM2+,market,70.0,1,230.0,OPPORTUNITY/HINDSIGHT,09:55,13:45,,,,
2026-01-28,META,put,OTM2+,market,75.0,1,230.0,OPPORTUNITY/HINDSIGHT,09:55,13:45,,,,
2026-01-28,META,put,OTM2+,market,80.0,1,230.0,OPPORTUNITY/HINDSIGHT,09:55,13:45,,,,
2026-01-28,META,put,OTM2+,market,90.0,1,220.0,OPPORTUNITY/HINDSIGHT,10:05,13:45,,,,
2026-01-28,META,put,OTM2+,market,100.0,1,220.0,OPPORTUNITY/HINDSIGHT,10:05,13:45,,,,
2026-01-28,META,put,OTM1,mid,20.0,5,290.0,OPPORTUNITY/HINDSIGHT,09:55,10:00,10:00,13:45,13:50,14:15
2026-01-28,META,put,OTM1,mid,25.0,4,290.0,OPPORTUNITY/HINDSIGHT,09:55,13:45,13:50,14:15,14:15,14:20
2026-01-28,META,put,OTM1,mid,30.0,4,290.0,OPPORTUNITY/HINDSIGHT,09:55,13:45,13:50,14:15,14:15,14:20
2026-01-28,META,put,OTM1,mid,40.0,4,290.0,OPPORTUNITY/HINDSIGHT,09:55,13:45,13:50,14:15,14:15,14:20
2026-01-28,META,put,OTM1,mid,50.0,4,290.0,OPPORTUNITY/HINDSIGHT,09:55,13:45,13:50,14:15,14:15,14:20
2026-01-28,META,put,OTM1,mid,60.0,3,290.0,OPPORTUNITY/HINDSIGHT,09:55,13:45,13:50,14:20,15:05,15:35
2026-01-28,META,put,OTM1,mid,70.0,3,290.0,OPPORTUNITY/HINDSIGHT,09:55,13:45,13:50,14:20,15:05,15:35
2026-01-28,META,put,OTM1,mid,75.0,3,290.0,OPPORTUNITY/HINDSIGHT,09:55,13:45,13:50,14:20,15:05,15:35
2026-01-28,META,put,OTM1,mid,80.0,3,290.0,OPPORTUNITY/HINDSIGHT,09:55,13:45,13:50,14:20,15:05,15:35
2026-01-28,META,put,OTM1,mid,90.0,3,290.0,OPPORTUNITY/HINDSIGHT,09:55,13:45,13:50,14:20,15:05,15:35
2026-01-28,META,put,OTM1,mid,100.0,3,290.0,OPPORTUNITY/HINDSIGHT,09:55,13:45,13:50,14:20,15:05,15:35
2026-01-28,META,put,OTM1,market,20.0,4,290.0,OPPORTUNITY/HINDSIGHT,09:55,13:45,13:50,14:15,14:15,14:20
2026-01-28,META,put,OTM1,market,25.0,4,290.0,OPPORTUNITY/HINDSIGHT,09:55,13:45,13:50,14:15,14:15,14:20
2026-01-28,META,put,OTM1,market,30.0,4,290.0,OPPORTUNITY/HINDSIGHT,09:55,13:45,13:50,14:15,14:15,14:20
2026-01-28,META,put,OTM1,market,40.0,4,290.0,OPPORTUNITY/HINDSIGHT,09:55,13:45,13:50,14:15,14:15,14:20
2026-01-28,META,put,OTM1,market,50.0,3,290.0,OPPORTUNITY/HINDSIGHT,09:55,13:45,13:50,14:20,15:05,15:35
2026-01-28,META,put,OTM1,market,60.0,3,290.0,OPPORTUNITY/HINDSIGHT,09:55,13:45,13:50,14:20,15:05,15:35
2026-01-28,META,put,OTM1,market,70.0,3,290.0,OPPORTUNITY/HINDSIGHT,09:55,13:45,13:50,14:20,15:05,15:35
2026-01-28,META,put,OTM1,market,75.0,3,290.0,OPPORTUNITY/HINDSIGHT,09:55,13:45,13:50,14:20,15:05,15:35
2026-01-28,META,put,OTM1,market,80.0,3,290.0,OPPORTUNITY/HINDSIGHT,09:55,13:45,13:50,14:20,15:05,15:35
2026-01-28,META,put,OTM1,market,90.0,3,290.0,OPPORTUNITY/HINDSIGHT,09:55,13:45,13:50,14:20,15:05,15:35
2026-01-28,META,put,OTM1,market,100.0,3,290.0,OPPORTUNITY/HINDSIGHT,09:55,13:45,13:50,14:20,15:05,15:35
2026-01-28,META,put,ATM,mid,20.0,4,315.0,OPPORTUNITY/HINDSIGHT,09:35,13:45,13:50,14:15,14:15,14:20
2026-01-28,META,put,ATM,mid,25.0,4,315.0,OPPORTUNITY/HINDSIGHT,09:35,13:45,13:50,14:15,14:15,14:20
2026-01-28,META,put,ATM,mid,30.0,4,300.0,OPPORTUNITY/HINDSIGHT,09:50,13:45,13:50,14:15,14:15,14:20
2026-01-28,META,put,ATM,mid,40.0,3,295.0,OPPORTUNITY/HINDSIGHT,09:50,13:45,13:50,14:15,15:00,15:35
2026-01-28,META,put,ATM,mid,50.0,3,300.0,OPPORTUNITY/HINDSIGHT,09:50,13:45,13:50,14:20,15:00,15:35
2026-01-28,META,put,ATM,mid,60.0,3,290.0,OPPORTUNITY/HINDSIGHT,09:55,13:45,13:50,14:20,15:05,15:35
2026-01-28,META,put,ATM,mid,70.0,3,290.0,OPPORTUNITY/HINDSIGHT,09:55,13:45,13:50,14:20,15:05,15:35
2026-01-28,META,put,ATM,mid,75.0,3,290.0,OPPORTUNITY/HINDSIGHT,09:55,13:45,13:50,14:20,15:05,15:35
2026-01-28,META,put,ATM,mid,80.0,3,285.0,OPPORTUNITY/HINDSIGHT,09:55,13:45,13:50,14:20,15:10,15:35
2026-01-28,META,put,ATM,mid,90.0,3,285.0,OPPORTUNITY/HINDSIGHT,09:55,13:45,13:50,14:20,15:10,15:35
2026-01-28,META,put,ATM,mid,100.0,4,275.0,OPPORTUNITY/HINDSIGHT,09:55,13:45,13:55,14:00,14:05,14:20
2026-01-28,META,put,ATM,market,20.0,4,315.0,OPPORTUNITY/HINDSIGHT,09:35,13:45,13:50,14:15,14:15,14:20
2026-01-28,META,put,ATM,market,25.0,4,300.0,OPPORTUNITY/HINDSIGHT,09:50,13:45,13:50,14:15,14:15,14:20
2026-01-28,META,put,ATM,market,30.0,3,295.0,OPPORTUNITY/HINDSIGHT,09:50,13:45,13:50,14:15,15:00,15:35
2026-01-28,META,put,ATM,market,40.0,3,295.0,OPPORTUNITY/HINDSIGHT,09:50,13:45,13:50,14:15,15:00,15:35
2026-01-28,META,put,ATM,market,50.0,3,290.0,OPPORTUNITY/HINDSIGHT,09:55,13:45,13:50,14:20,15:05,15:35
2026-01-28,META,put,ATM,market,60.0,3,290.0,OPPORTUNITY/HINDSIGHT,09:55,13:45,13:50,14:20,15:05,15:35
2026-01-28,META,put,ATM,market,70.0,4,285.0,OPPORTUNITY/HINDSIGHT,09:55,13:45,13:50,14:20,15:10,15:30
2026-01-28,META,put,ATM,market,75.0,3,285.0,OPPORTUNITY/HINDSIGHT,09:55,13:45,13:50,14:20,15:10,15:35
2026-01-28,META,put,ATM,market,80.0,3,285.0,OPPORTUNITY/HINDSIGHT,09:55,13:45,13:50,14:20,15:10,15:35
2026-01-28,META,put,ATM,market,90.0,4,275.0,OPPORTUNITY/HINDSIGHT,09:55,13:45,13:55,14:00,14:05,14:20
2026-01-28,META,put,ATM,market,100.0,4,270.0,OPPORTUNITY/HINDSIGHT,09:55,13:45,13:55,14:00,14:10,14:20
2026-01-28,META,put,ITM,mid,20.0,3,310.0,OPPORTUNITY/HINDSIGHT,09:35,13:45,13:50,14:15,15:00,15:35
2026-01-28,META,put,ITM,mid,25.0,3,310.0,OPPORTUNITY/HINDSIGHT,09:35,13:45,13:50,14:15,15:00,15:35
2026-01-28,META,put,ITM,mid,30.0,3,315.0,OPPORTUNITY/HINDSIGHT,09:35,13:45,13:50,14:20,15:00,15:35
2026-01-28,META,put,ITM,mid,40.0,3,300.0,OPPORTUNITY/HINDSIGHT,09:50,13:45,13:50,14:20,15:00,15:35
2026-01-28,META,put,ITM,mid,50.0,4,285.0,OPPORTUNITY/HINDSIGHT,09:50,13:45,13:55,14:00,14:10,14:20
2026-01-28,META,put,ITM,mid,60.0,3,250.0,OPPORTUNITY/HINDSIGHT,09:55,13:45,13:55,14:00,15:20,15:35
2026-01-28,META,put,ITM,mid,70.0,2,250.0,OPPORTUNITY/HINDSIGHT,09:55,13:45,13:55,14:15,,
2026-01-28,META,put,ITM,mid,75.0,2,245.0,OPPORTUNITY/HINDSIGHT,10:00,13:45,13:55,14:15,,
2026-01-28,META,put,ITM,mid,80.0,2,235.0,OPPORTUNITY/HINDSIGHT,10:05,13:40,13:55,14:15,,
2026-01-28,META,put,ITM,mid,90.0,2,240.0,OPPORTUNITY/HINDSIGHT,10:05,13:45,13:55,14:15,,
2026-01-28,META,put,ITM,mid,100.0,2,245.0,OPPORTUNITY/HINDSIGHT,10:05,13:45,13:55,14:20,,
2026-01-28,META,put,ITM,market,20.0,3,310.0,OPPORTUNITY/HINDSIGHT,09:35,13:45,13:50,14:15,15:00,15:35
2026-01-28,META,put,ITM,market,25.0,3,315.0,OPPORTUNITY/HINDSIGHT,09:35,13:45,13:50,14:20,15:00,15:35
2026-01-28,META,put,ITM,market,30.0,3,300.0,OPPORTUNITY/HINDSIGHT,09:50,13:45,13:50,14:20,15:00,15:35
2026-01-28,META,put,ITM,market,40.0,3,300.0,OPPORTUNITY/HINDSIGHT,09:50,13:45,13:50,14:20,15:00,15:35
2026-01-28,META,put,ITM,market,50.0,4,260.0,OPPORTUNITY/HINDSIGHT,09:55,13:45,13:55,14:00,14:10,14:20
2026-01-28,META,put,ITM,market,60.0,3,265.0,OPPORTUNITY/HINDSIGHT,09:55,13:45,13:55,14:15,15:20,15:35
2026-01-28,META,put,ITM,market,70.0,2,245.0,OPPORTUNITY/HINDSIGHT,10:00,13:45,13:55,14:15,,
2026-01-28,META,put,ITM,market,75.0,2,235.0,OPPORTUNITY/HINDSIGHT,10:05,13:40,13:55,14:15,,
2026-01-28,META,put,ITM,market,80.0,2,235.0,OPPORTUNITY/HINDSIGHT,10:05,13:40,13:55,14:15,,
2026-01-28,META,put,ITM,market,90.0,2,245.0,OPPORTUNITY/HINDSIGHT,10:05,13:45,13:55,14:20,,
2026-01-28,META,put,ITM,market,100.0,2,245.0,OPPORTUNITY/HINDSIGHT,10:05,13:45,13:55,14:20,,
2026-01-29,META,call,ITM,mid,20.0,9,315.0,OPPORTUNITY/HINDSIGHT,09:35,10:10,10:10,10:15,10:15,11:05
2026-01-29,META,call,ITM,mid,25.0,9,315.0,OPPORTUNITY/HINDSIGHT,09:35,10:10,10:10,10:15,10:15,11:05
2026-01-29,META,call,ITM,mid,30.0,8,345.0,OPPORTUNITY/HINDSIGHT,09:35,10:10,10:10,10:15,10:15,11:05
2026-01-29,META,call,ITM,mid,40.0,6,345.0,OPPORTUNITY/HINDSIGHT,09:35,10:15,10:15,11:10,11:10,12:15
2026-01-29,META,call,ITM,mid,50.0,5,315.0,OPPORTUNITY/HINDSIGHT,09:35,10:15,10:15,11:10,11:10,12:20
2026-01-29,META,call,ITM,mid,60.0,5,325.0,OPPORTUNITY/HINDSIGHT,09:35,10:15,10:15,11:15,11:15,12:35
2026-01-29,META,call,ITM,mid,70.0,4,290.0,OPPORTUNITY/HINDSIGHT,09:35,10:15,10:15,11:15,11:15,12:50
2026-01-29,META,call,ITM,mid,75.0,4,290.0,OPPORTUNITY/HINDSIGHT,09:35,10:15,10:15,11:15,11:15,12:50
2026-01-29,META,call,ITM,mid,80.0,4,345.0,OPPORTUNITY/HINDSIGHT,09:35,10:15,10:15,11:20,11:20,13:15
2026-01-29,META,call,ITM,mid,90.0,4,350.0,OPPORTUNITY/HINDSIGHT,09:35,10:15,10:15,12:15,12:15,13:15
2026-01-29,META,call,ITM,mid,100.0,3,315.0,OPPORTUNITY/HINDSIGHT,09:35,11:05,11:05,13:15,13:30,15:05
2026-01-29,META,call,ITM,market,20.0,9,315.0,OPPORTUNITY/HINDSIGHT,09:35,10:10,10:10,10:15,10:15,11:05
2026-01-29,META,call,ITM,market,25.0,8,345.0,OPPORTUNITY/HINDSIGHT,09:35,10:10,10:10,10:15,10:15,11:05
2026-01-29,META,call,ITM,market,30.0,6,330.0,OPPORTUNITY/HINDSIGHT,09:35,10:15,10:15,11:10,11:10,12:15
2026-01-29,META,call,ITM,market,40.0,6,350.0,OPPORTUNITY/HINDSIGHT,09:35,10:15,10:15,11:10,11:10,12:20
2026-01-29,META,call,ITM,market,50.0,5,310.0,OPPORTUNITY/HINDSIGHT,09:35,10:15,10:15,11:15,11:15,12:35
2026-01-29,META,call,ITM,market,60.0,5,340.0,OPPORTUNITY/HINDSIGHT,09:35,10:15,10:15,11:15,11:15,12:35
2026-01-29,META,call,ITM,market,70.0,4,345.0,OPPORTUNITY/HINDSIGHT,09:35,10:15,10:15,11:15,11:15,13:15
2026-01-29,META,call,ITM,market,75.0,4,345.0,OPPORTUNITY/HINDSIGHT,09:35,10:15,10:15,11:20,11:20,13:15
2026-01-29,META,call,ITM,market,80.0,4,350.0,OPPORTUNITY/HINDSIGHT,09:35,10:15,10:15,12:15,12:15,13:15
2026-01-29,META,call,ITM,market,90.0,4,320.0,OPPORTUNITY/HINDSIGHT,09:35,11:00,11:00,12:30,12:30,13:20
2026-01-29,META,call,ITM,market,100.0,3,330.0,OPPORTUNITY/HINDSIGHT,09:35,11:05,11:05,13:15,13:30,15:20
2026-01-29,META,call,ATM,mid,20.0,5,120.0,OPPORTUNITY/HINDSIGHT,09:35,09:40,09:40,10:15,10:15,11:05
2026-01-29,META,call,ATM,mid,25.0,5,120.0,OPPORTUNITY/HINDSIGHT,09:35,10:05,10:05,10:15,10:15,11:05
2026-01-29,META,call,ATM,mid,30.0,5,120.0,OPPORTUNITY/HINDSIGHT,09:35,10:10,10:10,10:15,10:15,11:05
2026-01-29,META,call,ATM,mid,40.0,5,125.0,OPPORTUNITY/HINDSIGHT,09:35,10:10,10:10,10:15,10:15,11:05
2026-01-29,META,call,ATM,mid,50.0,3,120.0,OPPORTUNITY/HINDSIGHT,09:35,10:15,10:15,11:10,11:45,12:10
2026-01-29,META,call,ATM,mid,60.0,3,125.0,OPPORTUNITY/HINDSIGHT,09:35,10:15,10:15,11:10,11:45,12:15
2026-01-29,META,call,ATM,mid,70.0,3,125.0,OPPORTUNITY/HINDSIGHT,09:35,10:15,10:15,11:10,11:45,12:15
2026-01-29,META,call,ATM,mid,75.0,3,125.0,OPPORTUNITY/HINDSIGHT,09:35,10:15,10:15,11:10,11:45,12:15
2026-01-29,META,call,ATM,mid,80.0,3,130.0,OPPORTUNITY/HINDSIGHT,09:35,10:15,10:15,11:15,11:45,12:15
2026-01-29,META,call,ATM,mid,90.0,3,130.0,OPPORTUNITY/HINDSIGHT,09:35,10:15,10:15,11:15,11:45,12:15
2026-01-29,META,call,ATM,mid,100.0,3,130.0,OPPORTUNITY/HINDSIGHT,09:35,10:15,10:15,11:15,11:45,12:15
2026-01-29,META,call,ATM,market,20.0,5,120.0,OPPORTUNITY/HINDSIGHT,09:35,10:05,10:05,10:15,10:15,11:05
2026-01-29,META,call,ATM,market,25.0,5,120.0,OPPORTUNITY/HINDSIGHT,09:35,10:10,10:10,10:15,10:15,11:05
2026-01-29,META,call,ATM,market,30.0,5,125.0,OPPORTUNITY/HINDSIGHT,09:35,10:10,10:10,10:15,10:15,11:05
2026-01-29,META,call,ATM,market,40.0,5,125.0,OPPORTUNITY/HINDSIGHT,09:35,10:10,10:10,10:15,10:15,11:05
2026-01-29,META,call,ATM,market,50.0,3,125.0,OPPORTUNITY/HINDSIGHT,09:35,10:15,10:15,11:10,11:45,12:15
2026-01-29,META,call,ATM,market,60.0,3,125.0,OPPORTUNITY/HINDSIGHT,09:35,10:15,10:15,11:10,11:45,12:15
2026-01-29,META,call,ATM,market,70.0,3,130.0,OPPORTUNITY/HINDSIGHT,09:35,10:15,10:15,11:15,11:45,12:15
2026-01-29,META,call,ATM,market,75.0,3,130.0,OPPORTUNITY/HINDSIGHT,09:35,10:15,10:15,11:15,11:45,12:15
2026-01-29,META,call,ATM,market,80.0,3,130.0,OPPORTUNITY/HINDSIGHT,09:35,10:15,10:15,11:15,11:45,12:15
2026-01-29,META,call,ATM,market,90.0,3,130.0,OPPORTUNITY/HINDSIGHT,09:35,10:15,10:15,11:15,11:45,12:15
2026-01-29,META,call,ATM,market,100.0,3,135.0,OPPORTUNITY/HINDSIGHT,09:35,10:15,10:15,11:15,11:45,12:20
2026-01-29,META,call,OTM1,mid,20.0,6,75.0,OPPORTUNITY/HINDSIGHT,09:35,09:40,09:40,10:10,10:10,10:15
2026-01-29,META,call,OTM1,mid,25.0,5,75.0,OPPORTUNITY/HINDSIGHT,09:35,09:40,09:40,10:15,10:20,10:30
2026-01-29,META,call,OTM1,mid,30.0,5,75.0,OPPORTUNITY/HINDSIGHT,09:35,09:40,09:40,10:15,10:20,10:30
2026-01-29,META,call,OTM1,mid,40.0,4,75.0,OPPORTUNITY/HINDSIGHT,09:35,10:10,10:10,10:15,10:20,10:45
2026-01-29,META,call,OTM1,mid,50.0,4,75.0,OPPORTUNITY/HINDSIGHT,09:35,10:10,10:10,10:15,10:20,10:45
2026-01-29,META,call,OTM1,mid,60.0,4,80.0,OPPORTUNITY/HINDSIGHT,09:35,10:10,10:10,10:15,10:20,10:45
2026-01-29,META,call,OTM1,mid,70.0,3,80.0,OPPORTUNITY/HINDSIGHT,09:35,10:15,10:20,10:45,10:50,11:05
2026-01-29,META,call,OTM1,mid,75.0,3,80.0,OPPORTUNITY/HINDSIGHT,09:35,10:15,10:20,10:45,10:50,11:05
2026-01-29,META,call,OTM1,mid,80.0,3,80.0,OPPORTUNITY/HINDSIGHT,09:35,10:15,10:20,10:45,10:50,11:05
2026-01-29,META,call,OTM1,mid,90.0,3,80.0,OPPORTUNITY/HINDSIGHT,09:35,10:15,10:20,10:45,10:50,11:05
2026-01-29,META,call,OTM1,mid,100.0,3,80.0,OPPORTUNITY/HINDSIGHT,09:35,10:15,10:20,10:45,10:50,11:05
2026-01-29,META,call,OTM1,market,20.0,5,75.0,OPPORTUNITY/HINDSIGHT,09:35,09:40,09:40,10:15,10:20,10:30
2026-01-29,META,call,OTM1,market,25.0,5,75.0,OPPORTUNITY/HINDSIGHT,09:35,09:40,09:40,10:15,10:20,10:30
2026-01-29,META,call,OTM1,market,30.0,5,75.0,OPPORTUNITY/HINDSIGHT,09:35,10:10,10:10,10:15,10:20,10:30
2026-01-29,META,call,OTM1,market,40.0,4,75.0,OPPORTUNITY/HINDSIGHT,09:35,10:10,10:10,10:15,10:20,10:45
2026-01-29,META,call,OTM1,market,50.0,4,75.0,OPPORTUNITY/HINDSIGHT,09:35,10:10,10:10,10:15,10:20,10:45
2026-01-29,META,call,OTM1,market,60.0,3,80.0,OPPORTUNITY/HINDSIGHT,09:35,10:15,10:20,10:45,10:50,11:05
2026-01-29,META,call,OTM1,market,70.0,3,80.0,OPPORTUNITY/HINDSIGHT,09:35,10:15,10:20,10:45,10:50,11:05
2026-01-29,META,call,OTM1,market,75.0,3,80.0,OPPORTUNITY/HINDSIGHT,09:35,10:15,10:20,10:45,10:50,11:05
2026-01-29,META,call,OTM1,market,80.0,3,80.0,OPPORTUNITY/HINDSIGHT,09:35,10:15,10:20,10:45,10:50,11:05
2026-01-29,META,call,OTM1,market,90.0,3,80.0,OPPORTUNITY/HINDSIGHT,09:35,10:15,10:20,10:45,10:50,11:05
2026-01-29,META,call,OTM1,market,100.0,3,80.0,OPPORTUNITY/HINDSIGHT,09:35,10:15,10:20,10:45,10:50,11:05
2026-01-29,META,call,OTM2+,mid,20.0,1,5.0,OPPORTUNITY/HINDSIGHT,09:55,10:00,,,,
2026-01-29,META,call,OTM2+,mid,25.0,1,5.0,OPPORTUNITY/HINDSIGHT,09:55,10:00,,,,
2026-01-29,META,call,OTM2+,mid,30.0,1,5.0,OPPORTUNITY/HINDSIGHT,09:55,10:00,,,,
2026-01-29,META,call,OTM2+,mid,40.0,1,5.0,OPPORTUNITY/HINDSIGHT,09:55,10:00,,,,
2026-01-29,META,call,OTM2+,mid,50.0,1,5.0,OPPORTUNITY/HINDSIGHT,09:55,10:00,,,,
2026-01-29,META,call,OTM2+,mid,60.0,1,5.0,OPPORTUNITY/HINDSIGHT,09:55,10:00,,,,
2026-01-29,META,call,OTM2+,mid,70.0,1,5.0,OPPORTUNITY/HINDSIGHT,09:55,10:00,,,,
2026-01-29,META,call,OTM2+,mid,75.0,1,5.0,OPPORTUNITY/HINDSIGHT,09:55,10:00,,,,
2026-01-29,META,call,OTM2+,mid,80.0,1,5.0,OPPORTUNITY/HINDSIGHT,09:55,10:00,,,,
2026-01-29,META,call,OTM2+,mid,90.0,1,5.0,OPPORTUNITY/HINDSIGHT,09:55,10:00,,,,
2026-01-29,META,call,OTM2+,mid,100.0,1,5.0,OPPORTUNITY/HINDSIGHT,09:55,10:00,,,,
2026-01-29,META,call,OTM2+,market,20.0,1,5.0,OPPORTUNITY/HINDSIGHT,09:55,10:00,,,,
2026-01-29,META,call,OTM2+,market,25.0,1,5.0,OPPORTUNITY/HINDSIGHT,09:55,10:00,,,,
2026-01-29,META,call,OTM2+,market,30.0,1,5.0,OPPORTUNITY/HINDSIGHT,09:55,10:00,,,,
2026-01-29,META,call,OTM2+,market,40.0,1,5.0,OPPORTUNITY/HINDSIGHT,09:55,10:00,,,,
2026-01-29,META,call,OTM2+,market,50.0,1,5.0,OPPORTUNITY/HINDSIGHT,09:55,10:00,,,,
2026-01-29,META,call,OTM2+,market,60.0,1,5.0,OPPORTUNITY/HINDSIGHT,09:55,10:00,,,,
2026-01-29,META,call,OTM2+,market,70.0,1,5.0,OPPORTUNITY/HINDSIGHT,09:55,10:00,,,,
2026-01-29,META,call,OTM2+,market,75.0,1,5.0,OPPORTUNITY/HINDSIGHT,09:55,10:00,,,,
2026-01-29,META,call,OTM2+,market,80.0,1,5.0,OPPORTUNITY/HINDSIGHT,09:55,10:00,,,,
2026-01-29,META,call,OTM2+,market,90.0,1,5.0,OPPORTUNITY/HINDSIGHT,09:55,10:00,,,,
2026-01-29,META,call,OTM2+,market,100.0,1,10.0,OPPORTUNITY/HINDSIGHT,09:55,10:05,,,,
2026-01-29,META,put,OTM2+,mid,20.0,9,130.0,OPPORTUNITY/HINDSIGHT,09:35,09:55,10:10,10:20,10:45,10:50
2026-01-29,META,put,OTM2+,mid,25.0,9,125.0,OPPORTUNITY/HINDSIGHT,09:35,09:55,10:15,10:20,10:45,10:50
2026-01-29,META,put,OTM2+,mid,30.0,8,125.0,OPPORTUNITY/HINDSIGHT,09:35,09:55,10:15,10:20,10:45,10:50
2026-01-29,META,put,OTM2+,mid,40.0,8,130.0,OPPORTUNITY/HINDSIGHT,09:35,09:55,10:15,10:20,10:45,10:50
2026-01-29,META,put,OTM2+,mid,50.0,6,120.0,OPPORTUNITY/HINDSIGHT,09:35,09:55,10:15,10:20,10:45,10:55
2026-01-29,META,put,OTM2+,mid,60.0,7,110.0,OPPORTUNITY/HINDSIGHT,09:40,09:45,09:50,09:55,10:15,10:20
2026-01-29,META,put,OTM2+,mid,70.0,6,115.0,OPPORTUNITY/HINDSIGHT,09:40,09:55,10:15,10:20,10:45,10:55
2026-01-29,META,put,OTM2+,mid,75.0,6,115.0,OPPORTUNITY/HINDSIGHT,09:40,09:55,10:15,10:20,10:45,10:55
2026-01-29,META,put,OTM2+,mid,80.0,6,115.0,OPPORTUNITY/HINDSIGHT,09:40,09:55,10:15,10:20,10:45,10:55
2026-01-29,META,put,OTM2+,mid,90.0,6,115.0,OPPORTUNITY/HINDSIGHT,09:40,09:55,10:15,10:20,10:45,10:55
2026-01-29,META,put,OTM2+,mid,100.0,6,115.0,OPPORTUNITY/HINDSIGHT,09:40,09:55,10:15,10:20,10:45,10:55
2026-01-29,META,put,OTM2+,market,20.0,9,125.0,OPPORTUNITY/HINDSIGHT,09:35,09:55,10:15,10:20,10:45,10:50
2026-01-29,META,put,OTM2+,market,25.0,8,125.0,OPPORTUNITY/HINDSIGHT,09:35,09:55,10:15,10:20,10:45,10:50
2026-01-29,META,put,OTM2+,market,30.0,8,125.0,OPPORTUNITY/HINDSIGHT,09:35,09:55,10:15,10:20,10:45,10:50
2026-01-29,META,put,OTM2+,market,40.0,7,120.0,OPPORTUNITY/HINDSIGHT,09:35,09:55,10:15,10:20,10:45,10:50
2026-01-29,META,put,OTM2+,market,50.0,7,110.0,OPPORTUNITY/HINDSIGHT,09:40,09:45,09:50,09:55,10:15,10:20
2026-01-29,META,put,OTM2+,market,60.0,6,115.0,OPPORTUNITY/HINDSIGHT,09:40,09:55,10:15,10:20,10:45,10:55
2026-01-29,META,put,OTM2+,market,70.0,6,115.0,OPPORTUNITY/HINDSIGHT,09:40,09:55,10:15,10:20,10:45,10:55
2026-01-29,META,put,OTM2+,market,75.0,6,115.0,OPPORTUNITY/HINDSIGHT,09:40,09:55,10:15,10:20,10:45,10:55
2026-01-29,META,put,OTM2+,market,80.0,6,115.0,OPPORTUNITY/HINDSIGHT,09:40,09:55,10:15,10:20,10:45,10:55
2026-01-29,META,put,OTM2+,market,90.0,6,115.0,OPPORTUNITY/HINDSIGHT,09:40,09:55,10:15,10:20,10:45,10:55
2026-01-29,META,put,OTM2+,market,100.0,6,115.0,OPPORTUNITY/HINDSIGHT,09:40,09:55,10:15,10:20,10:45,10:55
2026-01-29,META,put,OTM1,mid,20.0,6,135.0,OPPORTUNITY/HINDSIGHT,09:35,09:55,10:15,10:20,10:45,10:50
2026-01-29,META,put,OTM1,mid,25.0,6,135.0,OPPORTUNITY/HINDSIGHT,09:35,09:55,10:15,10:20,10:45,10:50
2026-01-29,META,put,OTM1,mid,30.0,5,135.0,OPPORTUNITY/HINDSIGHT,09:35,09:55,10:15,10:20,10:45,10:55
2026-01-29,META,put,OTM1,mid,40.0,5,125.0,OPPORTUNITY/HINDSIGHT,09:40,09:55,10:15,10:20,10:45,10:55
2026-01-29,META,put,OTM1,mid,50.0,5,125.0,OPPORTUNITY/HINDSIGHT,09:40,09:55,10:15,10:20,10:45,10:55
2026-01-29,META,put,OTM1,mid,60.0,5,125.0,OPPORTUNITY/HINDSIGHT,09:40,09:55,10:15,10:20,10:45,10:55
2026-01-29,META,put,OTM1,mid,70.0,4,115.0,OPPORTUNITY/HINDSIGHT,09:40,09:55,10:15,10:20,11:15,11:45
2026-01-29,META,put,OTM1,mid,75.0,3,100.0,OPPORTUNITY/HINDSIGHT,10:15,10:20,11:15,11:45,12:30,13:35
2026-01-29,META,put,OTM1,mid,80.0,3,100.0,OPPORTUNITY/HINDSIGHT,10:15,10:20,11:15,11:45,12:30,13:35
2026-01-29,META,put,OTM1,mid,90.0,2,35.0,OPPORTUNITY/HINDSIGHT,10:15,10:20,11:15,11:45,,
2026-01-29,META,put,OTM1,mid,100.0,2,35.0,OPPORTUNITY/HINDSIGHT,10:15,10:20,11:15,11:45,,
2026-01-29,META,put,OTM1,market,20.0,6,135.0,OPPORTUNITY/HINDSIGHT,09:35,09:55,10:15,10:20,10:45,10:50
2026-01-29,META,put,OTM1,market,25.0,5,135.0,OPPORTUNITY/HINDSIGHT,09:35,09:55,10:15,10:20,10:45,10:55
2026-01-29,META,put,OTM1,market,30.0,6,130.0,OPPORTUNITY/HINDSIGHT,09:40,09:45,09:50,09:55,10:15,10:20
2026-01-29,META,put,OTM1,market,40.0,5,125.0,OPPORTUNITY/HINDSIGHT,09:40,09:55,10:15,10:20,10:45,10:55
2026-01-29,META,put,OTM1,market,50.0,5,125.0,OPPORTUNITY/HINDSIGHT,09:40,09:55,10:15,10:20,10:45,10:55
2026-01-29,META,put,OTM1,market,60.0,4,115.0,OPPORTUNITY/HINDSIGHT,09:40,09:55,10:15,10:20,11:15,11:45
2026-01-29,META,put,OTM1,market,70.0,3,100.0,OPPORTUNITY/HINDSIGHT,10:15,10:20,11:15,11:45,12:30,13:35
2026-01-29,META,put,OTM1,market,75.0,3,100.0,OPPORTUNITY/HINDSIGHT,10:15,10:20,11:15,11:45,12:30,13:35
2026-01-29,META,put,OTM1,market,80.0,2,35.0,OPPORTUNITY/HINDSIGHT,10:15,10:20,11:15,11:45,,
2026-01-29,META,put,OTM1,market,90.0,2,35.0,OPPORTUNITY/HINDSIGHT,10:15,10:20,11:15,11:45,,
2026-01-29,META,put,OTM1,market,100.0,2,40.0,OPPORTUNITY/HINDSIGHT,10:15,10:20,11:15,11:50,,
2026-01-29,META,put,ATM,mid,20.0,4,35.0,OPPORTUNITY/HINDSIGHT,09:35,09:55,10:15,10:20,10:45,10:50
2026-01-29,META,put,ATM,mid,25.0,4,25.0,OPPORTUNITY/HINDSIGHT,09:40,09:45,09:50,09:55,10:15,10:20
2026-01-29,META,put,ATM,mid,30.0,3,30.0,OPPORTUNITY/HINDSIGHT,09:40,09:55,10:15,10:20,10:45,10:55
2026-01-29,META,put,ATM,mid,40.0,3,30.0,OPPORTUNITY/HINDSIGHT,09:40,09:55,10:15,10:20,10:45,10:55
2026-01-29,META,put,ATM,mid,50.0,2,20.0,OPPORTUNITY/HINDSIGHT,09:40,09:55,10:15,10:20,,
2026-01-29,META,put,ATM,mid,60.0,1,5.0,OPPORTUNITY/HINDSIGHT,10:15,10:20,,,,
2026-01-29,META,put,ATM,mid,70.0,1,5.0,OPPORTUNITY/HINDSIGHT,10:15,10:20,,,,
2026-01-29,META,put,ATM,mid,75.0,1,5.0,OPPORTUNITY/HINDSIGHT,10:15,10:20,,,,
2026-01-29,META,put,ATM,mid,80.0,1,5.0,OPPORTUNITY/HINDSIGHT,10:15,10:20,,,,
2026-01-29,META,put,ATM,market,20.0,4,25.0,OPPORTUNITY/HINDSIGHT,09:40,09:45,09:50,09:55,10:15,10:20
2026-01-29,META,put,ATM,market,25.0,3,30.0,OPPORTUNITY/HINDSIGHT,09:40,09:55,10:15,10:20,10:45,10:55
2026-01-29,META,put,ATM,market,30.0,3,30.0,OPPORTUNITY/HINDSIGHT,09:40,09:55,10:15,10:20,10:45,10:55
2026-01-29,META,put,ATM,market,40.0,2,20.0,OPPORTUNITY/HINDSIGHT,09:40,09:55,10:15,10:20,,
2026-01-29,META,put,ATM,market,50.0,1,5.0,OPPORTUNITY/HINDSIGHT,10:15,10:20,,,,
2026-01-29,META,put,ATM,market,60.0,1,5.0,OPPORTUNITY/HINDSIGHT,10:15,10:20,,,,
2026-01-29,META,put,ATM,market,70.0,1,5.0,OPPORTUNITY/HINDSIGHT,10:15,10:20,,,,
2026-01-29,META,put,ATM,market,75.0,1,5.0,OPPORTUNITY/HINDSIGHT,10:15,10:20,,,,
2026-01-29,META,put,ITM,mid,20.0,1,15.0,OPPORTUNITY/HINDSIGHT,09:40,09:55,,,,
2026-01-29,META,put,ITM,mid,25.0,1,15.0,OPPORTUNITY/HINDSIGHT,09:40,09:55,,,,
2026-01-29,META,put,ITM,mid,30.0,1,15.0,OPPORTUNITY/HINDSIGHT,09:40,09:55,,,,
2026-01-29,META,put,ITM,market,20.0,1,15.0,OPPORTUNITY/HINDSIGHT,09:40,09:55,,,,
2026-01-29,META,put,ITM,market,25.0,1,15.0,OPPORTUNITY/HINDSIGHT,09:40,09:55,,,,
2026-01-30,META,call,ITM,mid,20.0,6,305.0,OPPORTUNITY/HINDSIGHT,09:35,09:45,09:45,10:30,10:30,10:35
2026-01-30,META,call,ITM,mid,25.0,6,295.0,OPPORTUNITY/HINDSIGHT,09:35,10:10,10:10,10:35,11:20,12:55
2026-01-30,META,call,ITM,mid,30.0,6,310.0,OPPORTUNITY/HINDSIGHT,09:35,10:10,10:10,10:45,11:20,12:55
2026-01-30,META,call,ITM,mid,40.0,3,305.0,OPPORTUNITY/HINDSIGHT,09:35,10:30,11:20,14:30,14:35,15:35
2026-01-30,META,call,ITM,mid,50.0,5,285.0,OPPORTUNITY/HINDSIGHT,09:35,10:35,11:25,12:55,13:10,14:00
2026-01-30,META,call,ITM,mid,60.0,4,270.0,OPPORTUNITY/HINDSIGHT,09:35,10:35,11:25,12:55,13:10,14:30
2026-01-30,META,call,ITM,mid,70.0,4,280.0,OPPORTUNITY/HINDSIGHT,09:35,10:45,11:25,12:55,13:10,14:30
2026-01-30,META,call,ITM,mid,75.0,4,275.0,OPPORTUNITY/HINDSIGHT,09:35,10:45,11:25,12:55,13:15,14:30
2026-01-30,META,call,ITM,mid,80.0,3,280.0,OPPORTUNITY/HINDSIGHT,09:40,10:35,11:25,14:30,14:50,15:30
2026-01-30,META,call,ITM,mid,90.0,3,285.0,OPPORTUNITY/HINDSIGHT,09:40,10:35,11:25,14:30,14:50,15:35
2026-01-30,META,call,ITM,mid,100.0,4,185.0,OPPORTUNITY/HINDSIGHT,09:40,10:35,12:00,12:55,13:20,14:00
2026-01-30,META,call,ITM,market,20.0,6,295.0,OPPORTUNITY/HINDSIGHT,09:35,10:10,10:10,10:35,11:20,12:55
2026-01-30,META,call,ITM,market,25.0,6,310.0,OPPORTUNITY/HINDSIGHT,09:35,10:10,10:10,10:45,11:20,12:55
2026-01-30,META,call,ITM,market,30.0,4,305.0,OPPORTUNITY/HINDSIGHT,09:35,10:30,11:20,14:30,14:35,14:40
2026-01-30,META,call,ITM,market,40.0,3,305.0,OPPORTUNITY/HINDSIGHT,09:35,10:30,11:20,14:30,14:35,15:35
2026-01-30,META,call,ITM,market,50.0,4,270.0,OPPORTUNITY/HINDSIGHT,09:35,10:35,11:25,12:55,13:10,14:30
2026-01-30,META,call,ITM,market,60.0,4,270.0,OPPORTUNITY/HINDSIGHT,09:35,10:35,11:25,12:55,13:10,14:30
2026-01-30,META,call,ITM,market,70.0,4,275.0,OPPORTUNITY/HINDSIGHT,09:35,10:45,11:25,12:55,13:15,14:30
2026-01-30,META,call,ITM,market,75.0,3,280.0,OPPORTUNITY/HINDSIGHT,09:40,10:35,11:25,14:30,14:50,15:30
2026-01-30,META,call,ITM,market,80.0,3,280.0,OPPORTUNITY/HINDSIGHT,09:40,10:35,11:25,14:30,14:50,15:30
2026-01-30,META,call,ITM,market,90.0,3,265.0,OPPORTUNITY/HINDSIGHT,09:40,10:35,11:45,14:30,14:50,15:35
2026-01-30,META,call,ITM,market,100.0,4,195.0,OPPORTUNITY/HINDSIGHT,09:40,10:45,12:00,12:55,13:20,14:00
2026-01-30,META,call,ATM,mid,20.0,9,310.0,OPPORTUNITY/HINDSIGHT,09:35,09:45,09:45,10:30,10:30,10:35
2026-01-30,META,call,ATM,mid,25.0,9,310.0,OPPORTUNITY/HINDSIGHT,09:35,09:45,09:45,10:30,10:30,10:35
2026-01-30,META,call,ATM,mid,30.0,6,295.0,OPPORTUNITY/HINDSIGHT,09:35,09:45,09:45,10:35,11:20,12:55
2026-01-30,META,call,ATM,mid,40.0,6,300.0,OPPORTUNITY/HINDSIGHT,09:35,10:10,10:10,10:45,11:20,12:55
2026-01-30,META,call,ATM,mid,50.0,4,295.0,OPPORTUNITY/HINDSIGHT,09:35,10:30,11:20,14:30,14:35,14:40
2026-01-30,META,call,ATM,mid,60.0,5,285.0,OPPORTUNITY/HINDSIGHT,09:35,10:30,11:25,12:55,13:05,14:30
2026-01-30,META,call,ATM,mid,70.0,6,275.0,OPPORTUNITY/HINDSIGHT,09:35,10:35,11:25,12:55,13:10,14:00
2026-01-30,META,call,ATM,mid,75.0,6,280.0,OPPORTUNITY/HINDSIGHT,09:35,10:35,11:25,12:55,13:10,14:00
2026-01-30,META,call,ATM,mid,80.0,7,270.0,OPPORTUNITY/HINDSIGHT,09:35,10:35,11:25,12:55,13:10,14:00
2026-01-30,META,call,ATM,mid,90.0,6,265.0,OPPORTUNITY/HINDSIGHT,09:35,10:35,11:25,12:55,13:10,14:00
2026-01-30,META,call,ATM,mid,100.0,5,275.0,OPPORTUNITY/HINDSIGHT,09:35,10:45,11:25,12:55,13:10,14:30
2026-01-30,META,call,ATM,market,20.0,9,310.0,OPPORTUNITY/HINDSIGHT,09:35,09:45,09:45,10:30,10:30,10:35
2026-01-30,META,call,ATM,market,25.0,6,295.0,OPPORTUNITY/HINDSIGHT,09:35,10:10,10:10,10:35,11:20,12:55
2026-01-30,META,call,ATM,market,30.0,8,280.0,OPPORTUNITY/HINDSIGHT,09:35,10:10,10:10,10:35,11:20,12:55
2026-01-30,META,call,ATM,market,40.0,5,300.0,OPPORTUNITY/HINDSIGHT,09:35,10:15,10:15,10:35,11:20,14:30
2026-01-30,META,call,ATM,market,50.0,4,295.0,OPPORTUNITY/HINDSIGHT,09:35,10:30,11:20,14:30,14:35,14:40
2026-01-30,META,call,ATM,market,60.0,6,275.0,OPPORTUNITY/HINDSIGHT,09:35,10:35,11:25,12:55,13:10,14:00
2026-01-30,META,call,ATM,market,70.0,6,280.0,OPPORTUNITY/HINDSIGHT,09:35,10:35,11:25,12:55,13:10,14:00
2026-01-30,META,call,ATM,market,75.0,7,270.0,OPPORTUNITY/HINDSIGHT,09:35,10:35,11:25,12:55,13:10,14:00
2026-01-30,META,call,ATM,market,80.0,6,265.0,OPPORTUNITY/HINDSIGHT,09:35,10:35,11:25,12:55,13:10,14:00
2026-01-30,META,call,ATM,market,90.0,5,265.0,OPPORTUNITY/HINDSIGHT,09:35,10:35,11:25,12:55,13:10,14:30
2026-01-30,META,call,ATM,market,100.0,5,275.0,OPPORTUNITY/HINDSIGHT,09:35,10:45,11:25,12:55,13:10,14:30
2026-01-30,META,call,OTM1,mid,20.0,11,295.0,OPPORTUNITY/HINDSIGHT,09:35,09:45,09:45,10:30,10:30,10:35
2026-01-30,META,call,OTM1,mid,25.0,11,295.0,OPPORTUNITY/HINDSIGHT,09:35,09:45,09:45,10:30,10:30,10:35
2026-01-30,META,call,OTM1,mid,30.0,11,295.0,OPPORTUNITY/HINDSIGHT,09:35,09:45,09:45,10:30,10:30,10:35
2026-01-30,META,call,OTM1,mid,40.0,8,280.0,OPPORTUNITY/HINDSIGHT,09:35,09:45,09:45,10:35,11:20,12:55
2026-01-30,META,call,OTM1,mid,50.0,6,285.0,OPPORTUNITY/HINDSIGHT,09:35,10:10,10:10,10:35,11:25,11:30
2026-01-30,META,call,OTM1,mid,60.0,6,280.0,OPPORTUNITY/HINDSIGHT,09:35,10:15,10:15,10:35,11:25,11:30
2026-01-30,META,call,OTM1,mid,70.0,8,240.0,OPPORTUNITY/HINDSIGHT,09:35,10:30,11:25,11:30,11:40,12:55
2026-01-30,META,call,OTM1,mid,75.0,8,240.0,OPPORTUNITY/HINDSIGHT,09:35,10:30,11:25,11:30,11:40,12:55
2026-01-30,META,call,OTM1,mid,80.0,7,250.0,OPPORTUNITY/HINDSIGHT,09:35,10:30,11:25,12:55,13:10,14:00
2026-01-30,META,call,OTM1,mid,90.0,7,255.0,OPPORTUNITY/HINDSIGHT,09:35,10:35,11:25,12:55,13:10,14:00
2026-01-30,META,call,OTM1,mid,100.0,6,260.0,OPPORTUNITY/HINDSIGHT,09:35,10:35,11:25,12:55,13:10,14:00
2026-01-30,META,call,OTM1,market,20.0,11,295.0,OPPORTUNITY/HINDSIGHT,09:35,09:45,09:45,10:30,10:30,10:35
2026-01-30,META,call,OTM1,market,25.0,11,295.0,OPPORTUNITY/HINDSIGHT,09:35,09:45,09:45,10:30,10:30,10:35
2026-01-30,META,call,OTM1,market,30.0,10,295.0,OPPORTUNITY/HINDSIGHT,09:35,09:45,09:45,10:35,10:40,10:45
2026-01-30,META,call,OTM1,market,40.0,6,285.0,OPPORTUNITY/HINDSIGHT,09:35,10:10,10:10,10:35,11:25,11:30
2026-01-30,META,call,OTM1,market,50.0,6,290.0,OPPORTUNITY/HINDSIGHT,09:35,10:10,10:10,10:45,11:25,11:30
2026-01-30,META,call,OTM1,market,60.0,7,275.0,OPPORTUNITY/HINDSIGHT,09:35,10:30,10:30,10:45,11:25,11:30
2026-01-30,META,call,OTM1,market,70.0,7,250.0,OPPORTUNITY/HINDSIGHT,09:35,10:30,11:25,12:55,13:10,14:00
2026-01-30,META,call,OTM1,market,75.0,7,250.0,OPPORTUNITY/HINDSIGHT,09:35,10:30,11:25,12:55,13:10,14:00
2026-01-30,META,call,OTM1,market,80.0,7,255.0,OPPORTUNITY/HINDSIGHT,09:35,10:35,11:25,12:55,13:10,14:00
2026-01-30,META,call,OTM1,market,90.0,7,255.0,OPPORTUNITY/HINDSIGHT,09:35,10:35,11:25,12:55,13:10,14:00
2026-01-30,META,call,OTM1,market,100.0,6,260.0,OPPORTUNITY/HINDSIGHT,09:35,10:35,11:25,12:55,13:10,14:00
2026-01-30,META,call,OTM2+,mid,20.0,4,205.0,OPPORTUNITY/HINDSIGHT,09:35,09:45,09:45,10:30,11:20,12:55
2026-01-30,META,call,OTM2+,mid,25.0,5,195.0,OPPORTUNITY/HINDSIGHT,09:35,09:45,09:45,10:30,11:25,11:30
2026-01-30,META,call,OTM2+,mid,30.0,5,195.0,OPPORTUNITY/HINDSIGHT,09:35,09:45,09:45,10:30,11:25,11:30
2026-01-30,META,call,OTM2+,mid,40.0,5,195.0,OPPORTUNITY/HINDSIGHT,09:35,09:45,09:45,10:35,11:25,11:30
2026-01-30,META,call,OTM2+,mid,50.0,5,195.0,OPPORTUNITY/HINDSIGHT,09:35,09:45,09:45,10:35,11:25,11:30
2026-01-30,META,call,OTM2+,mid,60.0,5,190.0,OPPORTUNITY/HINDSIGHT,09:35,10:10,10:10,10:35,11:25,11:30
2026-01-30,META,call,OTM2+,mid,70.0,5,190.0,OPPORTUNITY/HINDSIGHT,09:35,10:10,10:10,10:35,11:25,11:30
2026-01-30,META,call,OTM2+,mid,75.0,5,180.0,OPPORTUNITY/HINDSIGHT,09:35,10:15,10:20,10:30,11:25,11:30
2026-01-30,META,call,OTM2+,mid,80.0,5,180.0,OPPORTUNITY/HINDSIGHT,09:35,10:15,10:20,10:30,11:25,11:30
2026-01-30,META,call,OTM2+,mid,90.0,4,185.0,OPPORTUNITY/HINDSIGHT,09:35,10:30,11:25,11:30,11:40,12:55
2026-01-30,META,call,OTM2+,mid,100.0,4,185.0,OPPORTUNITY/HINDSIGHT,09:35,10:30,11:25,11:30,11:40,12:55
2026-01-30,META,call,OTM2+,market,20.0,5,195.0,OPPORTUNITY/HINDSIGHT,09:35,09:45,09:45,10:30,11:25,11:30
2026-01-30,META,call,OTM2+,market,25.0,5,195.0,OPPORTUNITY/HINDSIGHT,09:35,09:45,09:45,10:30,11:25,11:30
2026-01-30,META,call,OTM2+,market,30.0,5,195.0,OPPORTUNITY/HINDSIGHT,09:35,09:45,09:45,10:30,11:25,11:30
2026-01-30,META,call,OTM2+,market,40.0,5,195.0,OPPORTUNITY/HINDSIGHT,09:35,09:45,09:45,10:35,11:25,11:30
2026-01-30,META,call,OTM2+,market,50.0,5,190.0,OPPORTUNITY/HINDSIGHT,09:35,10:10,10:10,10:35,11:25,11:30
2026-01-30,META,call,OTM2+,market,60.0,5,190.0,OPPORTUNITY/HINDSIGHT,09:35,10:10,10:10,10:35,11:25,11:30
2026-01-30,META,call,OTM2+,market,70.0,5,180.0,OPPORTUNITY/HINDSIGHT,09:35,10:15,10:20,10:30,11:25,11:30
2026-01-30,META,call,OTM2+,market,75.0,4,185.0,OPPORTUNITY/HINDSIGHT,09:35,10:30,11:25,11:30,11:40,12:55
2026-01-30,META,call,OTM2+,market,80.0,4,185.0,OPPORTUNITY/HINDSIGHT,09:35,10:30,11:25,11:30,11:40,12:55
2026-01-30,META,call,OTM2+,market,90.0,4,185.0,OPPORTUNITY/HINDSIGHT,09:35,10:30,11:25,11:30,11:40,12:55
2026-01-30,META,call,OTM2+,market,100.0,4,185.0,OPPORTUNITY/HINDSIGHT,09:35,10:30,11:25,11:30,11:40,12:55
2026-01-30,META,put,OTM2+,mid,20.0,7,260.0,OPPORTUNITY/HINDSIGHT,09:35,09:40,09:45,09:50,09:55,10:00
2026-01-30,META,put,OTM2+,mid,25.0,7,260.0,OPPORTUNITY/HINDSIGHT,09:35,09:40,09:45,09:50,09:55,10:00
2026-01-30,META,put,OTM2+,mid,30.0,7,260.0,OPPORTUNITY/HINDSIGHT,09:35,09:40,09:45,09:50,09:55,10:00
2026-01-30,META,put,OTM2+,mid,40.0,6,255.0,OPPORTUNITY/HINDSIGHT,09:35,09:40,09:45,09:50,10:05,12:20
2026-01-30,META,put,OTM2+,mid,50.0,5,250.0,OPPORTUNITY/HINDSIGHT,09:35,09:40,09:45,09:50,10:05,12:20
2026-01-30,META,put,OTM2+,mid,60.0,4,245.0,OPPORTUNITY/HINDSIGHT,09:45,09:50,10:05,12:20,12:35,13:30
2026-01-30,META,put,OTM2+,mid,70.0,4,245.0,OPPORTUNITY/HINDSIGHT,09:45,09:50,10:05,12:20,12:35,13:30
2026-01-30,META,put,OTM2+,mid,75.0,4,245.0,OPPORTUNITY/HINDSIGHT,09:45,09:50,10:05,12:20,12:35,13:30
2026-01-30,META,put,OTM2+,mid,80.0,4,245.0,OPPORTUNITY/HINDSIGHT,09:45,09:50,10:05,12:20,12:35,13:30
2026-01-30,META,put,OTM2+,mid,90.0,4,245.0,OPPORTUNITY/HINDSIGHT,09:45,09:50,10:05,12:20,12:35,13:30
2026-01-30,META,put,OTM2+,mid,100.0,4,245.0,OPPORTUNITY/HINDSIGHT,09:45,09:50,10:05,12:20,12:35,13:30
2026-01-30,META,put,OTM2+,market,20.0,7,260.0,OPPORTUNITY/HINDSIGHT,09:35,09:40,09:45,09:50,09:55,10:00
2026-01-30,META,put,OTM2+,market,25.0,7,260.0,OPPORTUNITY/HINDSIGHT,09:35,09:40,09:45,09:50,09:55,10:00
2026-01-30,META,put,OTM2+,market,30.0,6,255.0,OPPORTUNITY/HINDSIGHT,09:35,09:40,09:45,09:50,10:05,12:20
2026-01-30,META,put,OTM2+,market,40.0,5,250.0,OPPORTUNITY/HINDSIGHT,09:35,09:40,09:45,09:50,10:05,12:20
2026-01-30,META,put,OTM2+,market,50.0,4,245.0,OPPORTUNITY/HINDSIGHT,09:45,09:50,10:05,12:20,12:35,13:30
2026-01-30,META,put,OTM2+,market,60.0,4,245.0,OPPORTUNITY/HINDSIGHT,09:45,09:50,10:05,12:20,12:35,13:30
2026-01-30,META,put,OTM2+,market,70.0,4,245.0,OPPORTUNITY/HINDSIGHT,09:45,09:50,10:05,12:20,12:35,13:30
2026-01-30,META,put,OTM2+,market,75.0,4,245.0,OPPORTUNITY/HINDSIGHT,09:45,09:50,10:05,12:20,12:35,13:30
2026-01-30,META,put,OTM2+,market,80.0,4,245.0,OPPORTUNITY/HINDSIGHT,09:45,09:50,10:05,12:20,12:35,13:30
2026-01-30,META,put,OTM2+,market,90.0,4,245.0,OPPORTUNITY/HINDSIGHT,09:45,09:50,10:05,12:20,12:35,13:30
2026-01-30,META,put,OTM2+,market,100.0,4,245.0,OPPORTUNITY/HINDSIGHT,09:45,09:50,10:05,12:20,12:35,13:30
2026-01-30,META,put,OTM1,mid,20.0,9,295.0,OPPORTUNITY/HINDSIGHT,09:35,09:40,09:40,12:20,12:35,13:20
2026-01-30,META,put,OTM1,mid,25.0,8,295.0,OPPORTUNITY/HINDSIGHT,09:35,09:40,09:40,12:20,12:35,13:30
2026-01-30,META,put,OTM1,mid,30.0,9,285.0,OPPORTUNITY/HINDSIGHT,09:35,09:40,09:45,09:50,09:55,12:20
2026-01-30,META,put,OTM1,mid,40.0,8,290.0,OPPORTUNITY/HINDSIGHT,09:35,09:50,09:55,12:20,12:35,13:30
2026-01-30,META,put,OTM1,mid,50.0,5,285.0,OPPORTUNITY/HINDSIGHT,09:35,12:20,12:35,13:30,14:00,14:10
2026-01-30,META,put,OTM1,mid,60.0,5,285.0,OPPORTUNITY/HINDSIGHT,09:35,12:20,12:35,13:30,14:00,14:10
2026-01-30,META,put,OTM1,mid,70.0,5,285.0,OPPORTUNITY/HINDSIGHT,09:35,12:20,12:35,13:30,14:00,14:10
2026-01-30,META,put,OTM1,mid,75.0,6,260.0,OPPORTUNITY/HINDSIGHT,09:45,09:50,10:05,12:20,12:35,13:30
2026-01-30,META,put,OTM1,mid,80.0,6,260.0,OPPORTUNITY/HINDSIGHT,09:45,09:50,10:05,12:20,12:35,13:30
2026-01-30,META,put,OTM1,mid,90.0,5,260.0,OPPORTUNITY/HINDSIGHT,09:45,09:50,10:05,12:20,12:35,13:30
2026-01-30,META,put,OTM1,mid,100.0,5,260.0,OPPORTUNITY/HINDSIGHT,09:45,09:50,10:05,12:20,12:35,13:30
2026-01-30,META,put,OTM1,market,20.0,8,295.0,OPPORTUNITY/HINDSIGHT,09:35,09:40,09:40,12:20,12:35,13:30
2026-01-30,META,put,OTM1,market,25.0,9,285.0,OPPORTUNITY/HINDSIGHT,09:35,09:40,09:45,09:50,09:55,12:20
2026-01-30,META,put,OTM1,market,30.0,9,285.0,OPPORTUNITY/HINDSIGHT,09:35,09:40,09:45,09:50,09:55,12:20
2026-01-30,META,put,OTM1,market,40.0,6,290.0,OPPORTUNITY/HINDSIGHT,09:35,12:20,12:35,13:30,13:45,13:50
2026-01-30,META,put,OTM1,market,50.0,5,285.0,OPPORTUNITY/HINDSIGHT,09:35,12:20,12:35,13:30,14:00,14:10
2026-01-30,META,put,OTM1,market,60.0,5,285.0,OPPORTUNITY/HINDSIGHT,09:35,12:20,12:35,13:30,14:00,14:10
2026-01-30,META,put,OTM1,market,70.0,6,260.0,OPPORTUNITY/HINDSIGHT,09:45,09:50,10:05,12:20,12:35,13:30
2026-01-30,META,put,OTM1,market,75.0,6,260.0,OPPORTUNITY/HINDSIGHT,09:45,09:50,10:05,12:20,12:35,13:30
2026-01-30,META,put,OTM1,market,80.0,5,260.0,OPPORTUNITY/HINDSIGHT,09:45,09:50,10:05,12:20,12:35,13:30
2026-01-30,META,put,OTM1,market,90.0,5,260.0,OPPORTUNITY/HINDSIGHT,09:45,09:50,10:05,12:20,12:35,13:30
2026-01-30,META,put,OTM1,market,100.0,5,260.0,OPPORTUNITY/HINDSIGHT,09:45,09:50,10:05,12:20,12:35,13:30
2026-01-30,META,put,ATM,mid,20.0,10,320.0,OPPORTUNITY/HINDSIGHT,09:35,09:40,09:40,12:20,12:25,13:30
2026-01-30,META,put,ATM,mid,25.0,10,310.0,OPPORTUNITY/HINDSIGHT,09:35,09:40,09:40,12:20,12:35,13:30
2026-01-30,META,put,ATM,mid,30.0,8,295.0,OPPORTUNITY/HINDSIGHT,09:35,09:50,09:55,12:20,12:35,13:30
2026-01-30,META,put,ATM,mid,40.0,7,295.0,OPPORTUNITY/HINDSIGHT,09:35,12:20,12:35,13:30,14:00,14:10
2026-01-30,META,put,ATM,mid,50.0,7,295.0,OPPORTUNITY/HINDSIGHT,09:35,12:20,12:35,13:30,14:00,14:45
2026-01-30,META,put,ATM,mid,60.0,6,295.0,OPPORTUNITY/HINDSIGHT,09:35,12:20,12:35,13:30,14:00,14:50
2026-01-30,META,put,ATM,mid,70.0,7,270.0,OPPORTUNITY/HINDSIGHT,09:45,09:50,10:05,12:20,12:35,13:30
2026-01-30,META,put,ATM,mid,75.0,6,275.0,OPPORTUNITY/HINDSIGHT,09:45,09:50,10:05,12:20,12:35,13:30
2026-01-30,META,put,ATM,mid,80.0,5,290.0,OPPORTUNITY/HINDSIGHT,09:45,12:20,12:35,13:30,14:00,14:50
2026-01-30,META,put,ATM,mid,90.0,5,285.0,OPPORTUNITY/HINDSIGHT,09:45,12:20,12:40,13:30,14:00,14:50
2026-01-30,META,put,ATM,mid,100.0,5,285.0,OPPORTUNITY/HINDSIGHT,09:45,12:20,12:40,13:30,14:00,14:50
2026-01-30,META,put,ATM,market,20.0,10,310.0,OPPORTUNITY/HINDSIGHT,09:35,09:40,09:40,12:20,12:35,13:30
2026-01-30,META,put,ATM,market,25.0,8,295.0,OPPORTUNITY/HINDSIGHT,09:35,09:50,09:55,12:20,12:35,13:30
2026-01-30,META,put,ATM,market,30.0,7,295.0,OPPORTUNITY/HINDSIGHT,09:35,12:20,12:35,13:30,14:00,14:10
2026-01-30,META,put,ATM,market,40.0,7,295.0,OPPORTUNITY/HINDSIGHT,09:35,12:20,12:35,13:30,14:00,14:10
2026-01-30,META,put,ATM,market,50.0,6,295.0,OPPORTUNITY/HINDSIGHT,09:35,12:20,12:35,13:30,14:00,14:50
2026-01-30,META,put,ATM,market,60.0,6,295.0,OPPORTUNITY/HINDSIGHT,09:35,12:20,12:35,13:30,14:00,14:50
2026-01-30,META,put,ATM,market,70.0,6,275.0,OPPORTUNITY/HINDSIGHT,09:45,09:50,10:05,12:20,12:35,13:30
2026-01-30,META,put,ATM,market,75.0,5,290.0,OPPORTUNITY/HINDSIGHT,09:45,12:20,12:35,13:30,14:00,14:50
2026-01-30,META,put,ATM,market,80.0,5,290.0,OPPORTUNITY/HINDSIGHT,09:45,12:20,12:35,13:30,14:00,14:50
2026-01-30,META,put,ATM,market,90.0,5,285.0,OPPORTUNITY/HINDSIGHT,09:45,12:20,12:40,13:30,14:00,14:50
2026-01-30,META,put,ATM,market,100.0,5,285.0,OPPORTUNITY/HINDSIGHT,09:45,12:20,12:40,13:30,14:00,14:50
2026-01-30,META,put,ITM,mid,20.0,8,300.0,OPPORTUNITY/HINDSIGHT,09:35,09:50,09:50,12:20,12:35,13:30
2026-01-30,META,put,ITM,mid,25.0,7,295.0,OPPORTUNITY/HINDSIGHT,09:35,12:20,12:35,13:30,14:00,14:10
2026-01-30,META,put,ITM,mid,30.0,7,295.0,OPPORTUNITY/HINDSIGHT,09:35,12:20,12:35,13:30,14:00,14:45
2026-01-30,META,put,ITM,mid,40.0,5,300.0,OPPORTUNITY/HINDSIGHT,09:35,12:20,12:35,13:30,14:00,14:50
2026-01-30,META,put,ITM,mid,50.0,5,300.0,OPPORTUNITY/HINDSIGHT,09:35,12:20,12:35,13:30,14:00,14:50
2026-01-30,META,put,ITM,mid,60.0,3,255.0,OPPORTUNITY/HINDSIGHT,09:45,12:20,12:40,13:30,14:00,14:50
2026-01-30,META,put,ITM,mid,70.0,3,255.0,OPPORTUNITY/HINDSIGHT,09:45,12:20,12:40,13:30,14:00,14:50
2026-01-30,META,put,ITM,mid,75.0,3,260.0,OPPORTUNITY/HINDSIGHT,09:45,12:20,12:40,13:30,14:00,14:55
2026-01-30,META,put,ITM,mid,80.0,3,260.0,OPPORTUNITY/HINDSIGHT,09:45,12:20,12:40,13:30,14:00,14:55
2026-01-30,META,put,ITM,mid,90.0,3,210.0,OPPORTUNITY/HINDSIGHT,09:45,12:20,12:55,13:30,14:30,14:50
2026-01-30,META,put,ITM,mid,100.0,3,185.0,OPPORTUNITY/HINDSIGHT,10:10,12:20,12:55,13:30,14:30,14:50
2026-01-30,META,put,ITM,market,20.0,7,295.0,OPPORTUNITY/HINDSIGHT,09:35,12:20,12:35,13:30,14:00,14:10
2026-01-30,META,put,ITM,market,25.0,7,295.0,OPPORTUNITY/HINDSIGHT,09:35,12:20,12:35,13:30,14:00,14:45
2026-01-30,META,put,ITM,market,30.0,5,300.0,OPPORTUNITY/HINDSIGHT,09:35,12:20,12:35,13:30,14:00,14:50
2026-01-30,META,put,ITM,market,40.0,5,300.0,OPPORTUNITY/HINDSIGHT,09:35,12:20,12:35,13:30,14:00,14:50
2026-01-30,META,put,ITM,market,50.0,3,255.0,OPPORTUNITY/HINDSIGHT,09:45,12:20,12:40,13:30,14:00,14:50
2026-01-30,META,put,ITM,market,60.0,3,255.0,OPPORTUNITY/HINDSIGHT,09:45,12:20,12:40,13:30,14:00,14:50
2026-01-30,META,put,ITM,market,70.0,3,260.0,OPPORTUNITY/HINDSIGHT,09:45,12:20,12:40,13:30,14:00,14:55
2026-01-30,META,put,ITM,market,75.0,3,260.0,OPPORTUNITY/HINDSIGHT,09:45,12:20,12:40,13:30,14:00,14:55
2026-01-30,META,put,ITM,market,80.0,3,225.0,OPPORTUNITY/HINDSIGHT,09:45,12:20,12:40,13:30,14:30,14:50
2026-01-30,META,put,ITM,market,90.0,3,185.0,OPPORTUNITY/HINDSIGHT,10:10,12:20,12:55,13:30,14:30,14:50
2026-01-30,META,put,ITM,market,100.0,3,190.0,OPPORTUNITY/HINDSIGHT,10:10,12:20,12:55,13:30,14:30,14:55
2026-02-02,META,call,ITM,mid,20.0,8,225.0,OPPORTUNITY/HINDSIGHT,09:35,09:40,09:40,12:30,12:35,12:40
2026-02-02,META,call,ITM,mid,25.0,7,215.0,OPPORTUNITY/HINDSIGHT,09:35,12:30,12:35,12:40,12:50,12:55
2026-02-02,META,call,ITM,mid,30.0,6,210.0,OPPORTUNITY/HINDSIGHT,09:35,12:30,12:35,12:40,13:10,13:15
2026-02-02,META,call,ITM,mid,40.0,6,210.0,OPPORTUNITY/HINDSIGHT,09:35,12:30,12:35,12:40,13:10,13:15
2026-02-02,META,call,ITM,mid,50.0,4,190.0,OPPORTUNITY/HINDSIGHT,09:50,12:30,12:35,12:45,13:10,13:15
2026-02-02,META,call,ITM,mid,60.0,5,140.0,OPPORTUNITY/HINDSIGHT,10:10,10:25,10:55,12:30,12:35,12:55
2026-02-02,META,call,ITM,mid,70.0,4,135.0,OPPORTUNITY/HINDSIGHT,10:10,10:25,10:55,12:30,12:35,12:55
2026-02-02,META,call,ITM,mid,75.0,3,125.0,OPPORTUNITY/HINDSIGHT,10:10,10:30,10:55,12:30,13:25,13:35
2026-02-02,META,call,ITM,mid,80.0,3,125.0,OPPORTUNITY/HINDSIGHT,10:10,10:30,10:55,12:30,13:25,13:35
2026-02-02,META,call,ITM,mid,90.0,2,150.0,OPPORTUNITY/HINDSIGHT,10:10,12:30,13:25,13:35,,
2026-02-02,META,call,ITM,mid,100.0,2,150.0,OPPORTUNITY/HINDSIGHT,10:10,12:30,13:25,13:35,,
2026-02-02,META,call,ITM,market,20.0,7,215.0,OPPORTUNITY/HINDSIGHT,09:35,12:30,12:35,12:40,12:50,12:55
2026-02-02,META,call,ITM,market,25.0,6,210.0,OPPORTUNITY/HINDSIGHT,09:35,12:30,12:35,12:40,13:10,13:15
2026-02-02,META,call,ITM,market,30.0,6,210.0,OPPORTUNITY/HINDSIGHT,09:35,12:30,12:35,12:40,13:10,13:15
2026-02-02,META,call,ITM,market,40.0,5,215.0,OPPORTUNITY/HINDSIGHT,09:35,12:30,12:35,12:45,13:10,13:15
2026-02-02,META,call,ITM,market,50.0,4,185.0,OPPORTUNITY/HINDSIGHT,10:05,12:30,12:35,12:55,13:10,13:15
2026-02-02,META,call,ITM,market,60.0,5,140.0,OPPORTUNITY/HINDSIGHT,10:10,10:25,10:55,12:30,12:35,12:55
2026-02-02,META,call,ITM,market,70.0,3,125.0,OPPORTUNITY/HINDSIGHT,10:10,10:30,10:55,12:30,13:25,13:35
2026-02-02,META,call,ITM,market,75.0,3,125.0,OPPORTUNITY/HINDSIGHT,10:10,10:30,10:55,12:30,13:25,13:35
2026-02-02,META,call,ITM,market,80.0,2,150.0,OPPORTUNITY/HINDSIGHT,10:10,12:30,13:25,13:35,,
2026-02-02,META,call,ITM,market,90.0,2,150.0,OPPORTUNITY/HINDSIGHT,10:10,12:30,13:25,13:35,,
2026-02-02,META,call,ITM,market,100.0,1,140.0,OPPORTUNITY/HINDSIGHT,10:10,12:30,,,,
2026-02-02,META,call,ATM,mid,20.0,10,235.0,OPPORTUNITY/HINDSIGHT,09:35,09:40,09:40,12:30,12:35,12:40
2026-02-02,META,call,ATM,mid,25.0,11,225.0,OPPORTUNITY/HINDSIGHT,09:35,09:40,09:45,10:30,10:35,12:30
2026-02-02,META,call,ATM,mid,30.0,11,225.0,OPPORTUNITY/HINDSIGHT,09:35,09:40,09:45,10:30,10:35,12:30
2026-02-02,META,call,ATM,mid,40.0,8,220.0,OPPORTUNITY/HINDSIGHT,09:35,12:30,12:35,12:40,12:50,12:55
2026-02-02,META,call,ATM,mid,50.0,7,215.0,OPPORTUNITY/HINDSIGHT,09:35,12:30,12:35,12:40,13:10,13:15
2026-02-02,META,call,ATM,mid,60.0,7,205.0,OPPORTUNITY/HINDSIGHT,09:45,12:30,12:35,12:40,13:10,13:15
2026-02-02,META,call,ATM,mid,70.0,6,185.0,OPPORTUNITY/HINDSIGHT,10:05,12:30,12:35,12:45,13:10,13:15
2026-02-02,META,call,ATM,mid,75.0,6,185.0,OPPORTUNITY/HINDSIGHT,10:05,12:30,12:35,12:45,13:10,13:15
2026-02-02,META,call,ATM,mid,80.0,7,160.0,OPPORTUNITY/HINDSIGHT,10:10,10:25,10:50,12:30,12:35,12:45
2026-02-02,META,call,ATM,mid,90.0,7,165.0,OPPORTUNITY/HINDSIGHT,10:10,10:25,10:55,12:30,12:35,12:55
2026-02-02,META,call,ATM,mid,100.0,6,160.0,OPPORTUNITY/HINDSIGHT,10:10,10:25,10:55,12:30,12:35,12:55
2026-02-02,META,call,ATM,market,20.0,11,225.0,OPPORTUNITY/HINDSIGHT,09:35,09:40,09:45,10:30,10:35,12:30
2026-02-02,META,call,ATM,market,25.0,11,225.0,OPPORTUNITY/HINDSIGHT,09:35,09:40,09:45,10:30,10:35,12:30
2026-02-02,META,call,ATM,market,30.0,8,235.0,OPPORTUNITY/HINDSIGHT,09:35,12:30,12:35,12:40,12:40,13:00
2026-02-02,META,call,ATM,market,40.0,8,220.0,OPPORTUNITY/HINDSIGHT,09:35,12:30,12:35,12:40,12:50,12:55
2026-02-02,META,call,ATM,market,50.0,7,215.0,OPPORTUNITY/HINDSIGHT,09:35,12:30,12:35,12:40,13:10,13:15
2026-02-02,META,call,ATM,market,60.0,6,180.0,OPPORTUNITY/HINDSIGHT,10:05,12:30,12:35,12:40,13:10,13:15
2026-02-02,META,call,ATM,market,70.0,6,185.0,OPPORTUNITY/HINDSIGHT,10:05,12:30,12:35,12:45,13:10,13:15
2026-02-02,META,call,ATM,market,75.0,7,160.0,OPPORTUNITY/HINDSIGHT,10:10,10:25,10:50,12:30,12:35,12:45
2026-02-02,META,call,ATM,market,80.0,7,155.0,OPPORTUNITY/HINDSIGHT,10:10,10:25,10:55,12:30,12:35,12:45
2026-02-02,META,call,ATM,market,90.0,6,160.0,OPPORTUNITY/HINDSIGHT,10:10,10:25,10:55,12:30,12:35,12:55
2026-02-02,META,call,ATM,market,100.0,6,155.0,OPPORTUNITY/HINDSIGHT,10:10,10:25,10:55,12:30,12:35,12:55
2026-02-02,META,call,OTM1,mid,20.0,13,255.0,OPPORTUNITY/HINDSIGHT,09:35,09:40,09:45,10:00,10:00,12:30
2026-02-02,META,call,OTM1,mid,25.0,14,250.0,OPPORTUNITY/HINDSIGHT,09:35,09:40,09:45,10:00,10:05,10:25
2026-02-02,META,call,OTM1,mid,30.0,13,250.0,OPPORTUNITY/HINDSIGHT,09:35,09:40,09:45,10:30,10:35,12:30
2026-02-02,META,call,OTM1,mid,40.0,12,255.0,OPPORTUNITY/HINDSIGHT,09:35,09:40,09:45,12:30,12:35,12:40
2026-02-02,META,call,OTM1,mid,50.0,11,260.0,OPPORTUNITY/HINDSIGHT,09:35,12:30,12:35,12:40,12:40,12:55
2026-02-02,META,call,OTM1,mid,60.0,10,230.0,OPPORTUNITY/HINDSIGHT,09:50,12:30,12:35,12:40,12:50,12:55
2026-02-02,META,call,OTM1,mid,70.0,10,215.0,OPPORTUNITY/HINDSIGHT,10:05,12:30,12:35,12:40,12:50,12:55
2026-02-02,META,call,OTM1,mid,75.0,10,215.0,OPPORTUNITY/HINDSIGHT,10:05,12:30,12:35,12:40,12:50,12:55
2026-02-02,META,call,OTM1,mid,80.0,10,215.0,OPPORTUNITY/HINDSIGHT,10:05,12:30,12:35,12:40,12:50,12:55
2026-02-02,META,call,OTM1,mid,90.0,9,175.0,OPPORTUNITY/HINDSIGHT,10:10,10:25,10:50,12:30,12:35,12:40
2026-02-02,META,call,OTM1,mid,100.0,9,180.0,OPPORTUNITY/HINDSIGHT,10:10,10:25,10:50,12:30,12:35,12:40
2026-02-02,META,call,OTM1,market,20.0,14,250.0,OPPORTUNITY/HINDSIGHT,09:35,09:40,09:45,10:00,10:05,10:25
2026-02-02,META,call,OTM1,market,25.0,13,250.0,OPPORTUNITY/HINDSIGHT,09:35,09:40,09:45,10:30,10:35,12:30
2026-02-02,META,call,OTM1,market,30.0,13,250.0,OPPORTUNITY/HINDSIGHT,09:35,09:40,09:45,10:30,10:35,12:30
2026-02-02,META,call,OTM1,market,40.0,11,260.0,OPPORTUNITY/HINDSIGHT,09:35,12:30,12:35,12:40,12:40,12:55
2026-02-02,META,call,OTM1,market,50.0,11,250.0,OPPORTUNITY/HINDSIGHT,09:35,12:30,12:35,12:40,12:50,12:55
2026-02-02,META,call,OTM1,market,60.0,10,215.0,OPPORTUNITY/HINDSIGHT,10:05,12:30,12:35,12:40,12:50,12:55
2026-02-02,META,call,OTM1,market,70.0,10,215.0,OPPORTUNITY/HINDSIGHT,10:05,12:30,12:35,12:40,12:50,12:55
2026-02-02,META,call,OTM1,market,75.0,9,210.0,OPPORTUNITY/HINDSIGHT,10:05,12:30,12:35,12:40,13:10,13:15
2026-02-02,META,call,OTM1,market,80.0,9,210.0,OPPORTUNITY/HINDSIGHT,10:05,12:30,12:35,12:40,13:10,13:15
2026-02-02,META,call,OTM1,market,90.0,9,180.0,OPPORTUNITY/HINDSIGHT,10:10,10:25,10:50,12:30,12:35,12:40
2026-02-02,META,call,OTM1,market,100.0,9,175.0,OPPORTUNITY/HINDSIGHT,10:10,10:25,10:55,12:30,12:35,12:40
2026-02-02,META,call,OTM2+,mid,20.0,13,200.0,OPPORTUNITY/HINDSIGHT,09:35,09:40,09:45,10:00,10:05,10:25
2026-02-02,META,call,OTM2+,mid,25.0,12,200.0,OPPORTUNITY/HINDSIGHT,09:35,09:40,09:45,10:00,10:05,10:25
2026-02-02,META,call,OTM2+,mid,30.0,10,200.0,OPPORTUNITY/HINDSIGHT,09:35,09:40,09:45,10:00,10:05,10:25
2026-02-02,META,call,OTM2+,mid,40.0,9,210.0,OPPORTUNITY/HINDSIGHT,09:35,09:40,09:45,10:30,10:35,12:30
2026-02-02,META,call,OTM2+,mid,50.0,9,190.0,OPPORTUNITY/HINDSIGHT,09:35,09:40,10:05,10:30,10:35,12:30
2026-02-02,META,call,OTM2+,mid,60.0,8,170.0,OPPORTUNITY/HINDSIGHT,10:05,10:30,10:50,12:30,12:35,12:40
2026-02-02,META,call,OTM2+,mid,70.0,8,170.0,OPPORTUNITY/HINDSIGHT,10:05,10:30,10:50,12:30,12:35,12:40
2026-02-02,META,call,OTM2+,mid,75.0,8,160.0,OPPORTUNITY/HINDSIGHT,10:05,10:30,10:50,12:30,12:35,12:40
2026-02-02,META,call,OTM2+,mid,80.0,8,160.0,OPPORTUNITY/HINDSIGHT,10:05,10:30,10:50,12:30,12:35,12:40
2026-02-02,META,call,OTM2+,mid,90.0,8,145.0,OPPORTUNITY/HINDSIGHT,10:10,10:20,10:20,10:25,10:50,12:30
2026-02-02,META,call,OTM2+,mid,100.0,7,145.0,OPPORTUNITY/HINDSIGHT,10:10,10:25,10:50,12:30,12:35,12:40
2026-02-02,META,call,OTM2+,market,20.0,12,200.0,OPPORTUNITY/HINDSIGHT,09:35,09:40,09:45,10:00,10:05,10:25
2026-02-02,META,call,OTM2+,market,25.0,10,200.0,OPPORTUNITY/HINDSIGHT,09:35,09:40,09:45,10:00,10:05,10:25
2026-02-02,META,call,OTM2+,market,30.0,10,200.0,OPPORTUNITY/HINDSIGHT,09:35,09:40,09:45,10:00,10:05,10:25
2026-02-02,META,call,OTM2+,market,40.0,9,205.0,OPPORTUNITY/HINDSIGHT,09:35,09:40,09:50,10:30,10:35,12:30
2026-02-02,META,call,OTM2+,market,50.0,9,190.0,OPPORTUNITY/HINDSIGHT,09:35,09:40,10:05,10:30,10:35,12:30
2026-02-02,META,call,OTM2+,market,60.0,8,170.0,OPPORTUNITY/HINDSIGHT,10:05,10:30,10:50,12:30,12:35,12:40
2026-02-02,META,call,OTM2+,market,70.0,8,160.0,OPPORTUNITY/HINDSIGHT,10:05,10:30,10:50,12:30,12:35,12:40
2026-02-02,META,call,OTM2+,market,75.0,9,150.0,OPPORTUNITY/HINDSIGHT,10:10,10:20,10:20,10:25,10:50,12:30
2026-02-02,META,call,OTM2+,market,80.0,8,145.0,OPPORTUNITY/HINDSIGHT,10:10,10:20,10:20,10:25,10:50,12:30
2026-02-02,META,call,OTM2+,market,90.0,7,145.0,OPPORTUNITY/HINDSIGHT,10:10,10:25,10:50,12:30,12:35,12:40
2026-02-02,META,call,OTM2+,market,100.0,7,140.0,OPPORTUNITY/HINDSIGHT,10:10,10:25,10:55,12:30,12:35,12:40
2026-02-02,META,put,OTM2+,mid,20.0,5,185.0,OPPORTUNITY/HINDSIGHT,09:35,10:10,10:20,11:00,11:40,11:45
2026-02-02,META,put,OTM2+,mid,25.0,5,185.0,OPPORTUNITY/HINDSIGHT,09:35,10:10,10:20,11:00,11:40,11:45
2026-02-02,META,put,OTM2+,mid,30.0,5,185.0,OPPORTUNITY/HINDSIGHT,09:35,10:10,10:20,11:00,11:40,11:45
2026-02-02,META,put,OTM2+,mid,40.0,5,185.0,OPPORTUNITY/HINDSIGHT,09:35,10:10,10:20,11:00,11:40,11:45
2026-02-02,META,put,OTM2+,mid,50.0,5,185.0,OPPORTUNITY/HINDSIGHT,09:35,10:10,10:20,11:00,11:40,11:45
2026-02-02,META,put,OTM2+,mid,60.0,5,185.0,OPPORTUNITY/HINDSIGHT,09:35,10:10,10:20,11:00,11:40,11:45
2026-02-02,META,put,OTM2+,mid,70.0,4,195.0,OPPORTUNITY/HINDSIGHT,09:35,10:10,10:20,11:00,11:40,11:50
2026-02-02,META,put,OTM2+,mid,75.0,4,195.0,OPPORTUNITY/HINDSIGHT,09:35,10:10,10:20,11:00,11:40,11:50
2026-02-02,META,put,OTM2+,mid,80.0,4,195.0,OPPORTUNITY/HINDSIGHT,09:35,10:10,10:20,11:00,11:40,11:50
2026-02-02,META,put,OTM2+,mid,90.0,4,195.0,OPPORTUNITY/HINDSIGHT,09:35,10:10,10:20,11:00,11:40,11:50
2026-02-02,META,put,OTM2+,mid,100.0,4,195.0,OPPORTUNITY/HINDSIGHT,09:35,10:10,10:20,11:00,11:40,11:50
2026-02-02,META,put,OTM2+,market,20.0,5,185.0,OPPORTUNITY/HINDSIGHT,09:35,10:10,10:20,11:00,11:40,11:45
2026-02-02,META,put,OTM2+,market,25.0,5,185.0,OPPORTUNITY/HINDSIGHT,09:35,10:10,10:20,11:00,11:40,11:45
2026-02-02,META,put,OTM2+,market,30.0,5,185.0,OPPORTUNITY/HINDSIGHT,09:35,10:10,10:20,11:00,11:40,11:45
2026-02-02,META,put,OTM2+,market,40.0,5,185.0,OPPORTUNITY/HINDSIGHT,09:35,10:10,10:20,11:00,11:40,11:45
2026-02-02,META,put,OTM2+,market,50.0,5,185.0,OPPORTUNITY/HINDSIGHT,09:35,10:10,10:20,11:00,11:40,11:45
2026-02-02,META,put,OTM2+,market,60.0,4,195.0,OPPORTUNITY/HINDSIGHT,09:35,10:10,10:20,11:00,11:40,11:50
2026-02-02,META,put,OTM2+,market,70.0,4,195.0,OPPORTUNITY/HINDSIGHT,09:35,10:10,10:20,11:00,11:40,11:50
2026-02-02,META,put,OTM2+,market,75.0,4,195.0,OPPORTUNITY/HINDSIGHT,09:35,10:10,10:20,11:00,11:40,11:50
2026-02-02,META,put,OTM2+,market,80.0,4,195.0,OPPORTUNITY/HINDSIGHT,09:35,10:10,10:20,11:00,11:40,11:50
2026-02-02,META,put,OTM2+,market,90.0,4,195.0,OPPORTUNITY/HINDSIGHT,09:35,10:10,10:20,11:00,11:40,11:50
2026-02-02,META,put,OTM2+,market,100.0,4,195.0,OPPORTUNITY/HINDSIGHT,09:35,10:10,10:20,11:00,11:40,11:50
2026-02-02,META,put,OTM1,mid,20.0,4,330.0,OPPORTUNITY/HINDSIGHT,09:35,10:10,10:10,11:00,11:00,11:05
2026-02-02,META,put,OTM1,mid,25.0,4,330.0,OPPORTUNITY/HINDSIGHT,09:35,10:10,10:10,11:00,11:00,11:05
2026-02-02,META,put,OTM1,mid,30.0,4,330.0,OPPORTUNITY/HINDSIGHT,09:35,10:10,10:10,11:00,11:00,11:05
2026-02-02,META,put,OTM1,mid,40.0,4,315.0,OPPORTUNITY/HINDSIGHT,09:35,10:10,10:10,11:00,11:00,11:10
2026-02-02,META,put,OTM1,mid,50.0,3,330.0,OPPORTUNITY/HINDSIGHT,09:35,10:10,10:10,11:05,11:05,15:05
2026-02-02,META,put,OTM1,mid,60.0,3,330.0,OPPORTUNITY/HINDSIGHT,09:35,10:10,10:10,11:05,11:05,15:05
2026-02-02,META,put,OTM1,mid,70.0,3,330.0,OPPORTUNITY/HINDSIGHT,09:35,10:10,10:10,11:05,11:05,15:05
2026-02-02,META,put,OTM1,mid,75.0,3,330.0,OPPORTUNITY/HINDSIGHT,09:35,10:10,10:10,11:05,11:05,15:05
2026-02-02,META,put,OTM1,mid,80.0,3,330.0,OPPORTUNITY/HINDSIGHT,09:35,10:10,10:10,11:05,11:05,15:05
2026-02-02,META,put,OTM1,mid,90.0,3,330.0,OPPORTUNITY/HINDSIGHT,09:35,10:10,10:10,11:05,11:05,15:05
2026-02-02,META,put,OTM1,mid,100.0,3,315.0,OPPORTUNITY/HINDSIGHT,09:35,10:10,10:10,11:10,11:25,15:05
2026-02-02,META,put,OTM1,market,20.0,4,330.0,OPPORTUNITY/HINDSIGHT,09:35,10:10,10:10,11:00,11:00,11:05
2026-02-02,META,put,OTM1,market,25.0,4,330.0,OPPORTUNITY/HINDSIGHT,09:35,10:10,10:10,11:00,11:00,11:05
2026-02-02,META,put,OTM1,market,30.0,4,315.0,OPPORTUNITY/HINDSIGHT,09:35,10:10,10:10,11:00,11:00,11:10
2026-02-02,META,put,OTM1,market,40.0,3,330.0,OPPORTUNITY/HINDSIGHT,09:35,10:10,10:10,11:05,11:05,15:05
2026-02-02,META,put,OTM1,market,50.0,3,330.0,OPPORTUNITY/HINDSIGHT,09:35,10:10,10:10,11:05,11:05,15:05
2026-02-02,META,put,OTM1,market,60.0,3,330.0,OPPORTUNITY/HINDSIGHT,09:35,10:10,10:10,11:05,11:05,15:05
2026-02-02,META,put,OTM1,market,70.0,3,330.0,OPPORTUNITY/HINDSIGHT,09:35,10:10,10:10,11:05,11:05,15:05
2026-02-02,META,put,OTM1,market,75.0,3,330.0,OPPORTUNITY/HINDSIGHT,09:35,10:10,10:10,11:05,11:05,15:05
2026-02-02,META,put,OTM1,market,80.0,3,330.0,OPPORTUNITY/HINDSIGHT,09:35,10:10,10:10,11:05,11:05,15:05
2026-02-02,META,put,OTM1,market,90.0,3,315.0,OPPORTUNITY/HINDSIGHT,09:35,10:10,10:10,11:10,11:25,15:05
2026-02-02,META,put,OTM1,market,100.0,3,315.0,OPPORTUNITY/HINDSIGHT,09:35,10:10,10:10,11:10,11:25,15:05
2026-02-02,META,put,ATM,mid,20.0,6,335.0,OPPORTUNITY/HINDSIGHT,09:35,10:10,10:10,11:00,11:00,11:05
2026-02-02,META,put,ATM,mid,25.0,5,335.0,OPPORTUNITY/HINDSIGHT,09:35,10:10,10:10,11:00,11:00,11:10
2026-02-02,META,put,ATM,mid,30.0,5,335.0,OPPORTUNITY/HINDSIGHT,09:35,10:10,10:10,11:00,11:00,11:10
2026-02-02,META,put,ATM,mid,40.0,4,335.0,OPPORTUNITY/HINDSIGHT,09:35,10:10,10:10,11:05,11:05,15:05
2026-02-02,META,put,ATM,mid,50.0,4,335.0,OPPORTUNITY/HINDSIGHT,09:35,10:10,10:10,11:05,11:05,15:05
2026-02-02,META,put,ATM,mid,60.0,4,335.0,OPPORTUNITY/HINDSIGHT,09:35,10:10,10:10,11:05,11:05,15:05
2026-02-02,META,put,ATM,mid,70.0,4,335.0,OPPORTUNITY/HINDSIGHT,09:35,10:10,10:10,11:10,11:10,15:05
2026-02-02,META,put,ATM,mid,75.0,4,335.0,OPPORTUNITY/HINDSIGHT,09:35,10:10,10:10,11:10,11:10,15:05
2026-02-02,META,put,ATM,mid,80.0,4,335.0,OPPORTUNITY/HINDSIGHT,09:35,10:10,10:10,11:10,11:10,15:05
2026-02-02,META,put,ATM,mid,90.0,3,335.0,OPPORTUNITY/HINDSIGHT,09:35,11:00,11:00,15:05,15:30,15:35
2026-02-02,META,put,ATM,mid,100.0,3,335.0,OPPORTUNITY/HINDSIGHT,09:35,11:00,11:00,15:05,15:30,15:35
2026-02-02,META,put,ATM,market,20.0,5,335.0,OPPORTUNITY/HINDSIGHT,09:35,10:10,10:10,11:00,11:00,11:10
2026-02-02,META,put,ATM,market,25.0,5,335.0,OPPORTUNITY/HINDSIGHT,09:35,10:10,10:10,11:00,11:00,11:10
2026-02-02,META,put,ATM,market,30.0,5,335.0,OPPORTUNITY/HINDSIGHT,09:35,10:10,10:10,11:00,11:00,11:10
2026-02-02,META,put,ATM,market,40.0,4,335.0,OPPORTUNITY/HINDSIGHT,09:35,10:10,10:10,11:05,11:05,15:05
2026-02-02,META,put,ATM,market,50.0,4,335.0,OPPORTUNITY/HINDSIGHT,09:35,10:10,10:10,11:05,11:05,15:05
2026-02-02,META,put,ATM,market,60.0,4,335.0,OPPORTUNITY/HINDSIGHT,09:35,10:10,10:10,11:05,11:05,15:05
2026-02-02,META,put,ATM,market,70.0,4,335.0,OPPORTUNITY/HINDSIGHT,09:35,10:10,10:10,11:10,11:10,15:05
2026-02-02,META,put,ATM,market,75.0,4,335.0,OPPORTUNITY/HINDSIGHT,09:35,10:10,10:10,11:10,11:10,15:05
2026-02-02,META,put,ATM,market,80.0,3,335.0,OPPORTUNITY/HINDSIGHT,09:35,11:00,11:00,15:05,15:30,15:35
2026-02-02,META,put,ATM,market,90.0,3,335.0,OPPORTUNITY/HINDSIGHT,09:35,11:00,11:00,15:05,15:30,15:35
2026-02-02,META,put,ATM,market,100.0,3,335.0,OPPORTUNITY/HINDSIGHT,09:35,11:00,11:00,15:05,15:30,15:35
2026-02-02,META,put,ITM,mid,20.0,6,360.0,OPPORTUNITY/HINDSIGHT,09:35,10:10,10:10,11:00,11:00,11:10
2026-02-02,META,put,ITM,mid,25.0,6,360.0,OPPORTUNITY/HINDSIGHT,09:35,10:10,10:10,11:00,11:00,11:10
2026-02-02,META,put,ITM,mid,30.0,4,360.0,OPPORTUNITY/HINDSIGHT,09:35,10:10,10:10,11:05,11:05,15:05
2026-02-02,META,put,ITM,mid,40.0,4,360.0,OPPORTUNITY/HINDSIGHT,09:35,10:10,10:10,11:05,11:05,15:05
2026-02-02,META,put,ITM,mid,50.0,4,360.0,OPPORTUNITY/HINDSIGHT,09:35,10:10,10:10,11:10,11:10,15:05
2026-02-02,META,put,ITM,mid,60.0,3,360.0,OPPORTUNITY/HINDSIGHT,09:35,11:00,11:00,15:05,15:05,15:35
2026-02-02,META,put,ITM,mid,70.0,3,365.0,OPPORTUNITY/HINDSIGHT,09:35,11:00,11:00,15:05,15:05,15:40
2026-02-02,META,put,ITM,mid,75.0,3,365.0,OPPORTUNITY/HINDSIGHT,09:35,11:00,11:00,15:05,15:05,15:40
2026-02-02,META,put,ITM,mid,80.0,3,365.0,OPPORTUNITY/HINDSIGHT,09:35,11:00,11:00,15:05,15:05,15:40
2026-02-02,META,put,ITM,mid,90.0,3,370.0,OPPORTUNITY/HINDSIGHT,09:35,11:05,11:05,15:10,15:10,15:45
2026-02-02,META,put,ITM,mid,100.0,2,360.0,OPPORTUNITY/HINDSIGHT,09:35,11:05,11:05,15:35,,
2026-02-02,META,put,ITM,market,20.0,6,360.0,OPPORTUNITY/HINDSIGHT,09:35,10:10,10:10,11:00,11:00,11:10
2026-02-02,META,put,ITM,market,25.0,4,360.0,OPPORTUNITY/HINDSIGHT,09:35,10:10,10:10,11:05,11:05,15:05
2026-02-02,META,put,ITM,market,30.0,4,360.0,OPPORTUNITY/HINDSIGHT,09:35,10:10,10:10,11:05,11:05,15:05
2026-02-02,META,put,ITM,market,40.0,4,360.0,OPPORTUNITY/HINDSIGHT,09:35,10:10,10:10,11:05,11:05,15:05
2026-02-02,META,put,ITM,market,50.0,4,360.0,OPPORTUNITY/HINDSIGHT,09:35,10:10,10:10,11:10,11:10,15:05
2026-02-02,META,put,ITM,market,60.0,3,365.0,OPPORTUNITY/HINDSIGHT,09:35,11:00,11:00,15:05,15:05,15:40
2026-02-02,META,put,ITM,market,70.0,3,365.0,OPPORTUNITY/HINDSIGHT,09:35,11:00,11:00,15:05,15:05,15:40
2026-02-02,META,put,ITM,market,75.0,3,365.0,OPPORTUNITY/HINDSIGHT,09:35,11:00,11:00,15:05,15:05,15:40
2026-02-02,META,put,ITM,market,80.0,3,365.0,OPPORTUNITY/HINDSIGHT,09:35,11:00,11:00,15:05,15:05,15:40
2026-02-02,META,put,ITM,market,90.0,2,360.0,OPPORTUNITY/HINDSIGHT,09:35,11:05,11:05,15:35,,
2026-02-02,META,put,ITM,market,100.0,2,360.0,OPPORTUNITY/HINDSIGHT,09:35,11:05,11:05,15:35,,
2026-02-03,META,call,ITM,mid,20.0,1,130.0,OPPORTUNITY/HINDSIGHT,09:45,11:55,,,,
2026-02-03,META,call,ITM,mid,25.0,1,130.0,OPPORTUNITY/HINDSIGHT,09:45,11:55,,,,
2026-02-03,META,call,ITM,mid,30.0,2,20.0,OPPORTUNITY/HINDSIGHT,11:30,11:35,11:35,11:50,,
2026-02-03,META,call,ITM,mid,40.0,2,15.0,OPPORTUNITY/HINDSIGHT,11:30,11:35,11:40,11:50,,
2026-02-03,META,call,ITM,mid,50.0,2,15.0,OPPORTUNITY/HINDSIGHT,11:30,11:35,11:40,11:50,,
2026-02-03,META,call,ITM,mid,60.0,1,15.0,OPPORTUNITY/HINDSIGHT,11:30,11:45,,,,
2026-02-03,META,call,ITM,mid,70.0,1,15.0,OPPORTUNITY/HINDSIGHT,11:30,11:45,,,,
2026-02-03,META,call,ITM,mid,75.0,1,15.0,OPPORTUNITY/HINDSIGHT,11:30,11:45,,,,
2026-02-03,META,call,ITM,mid,80.0,1,20.0,OPPORTUNITY/HINDSIGHT,11:30,11:50,,,,
2026-02-03,META,call,ITM,mid,90.0,1,20.0,OPPORTUNITY/HINDSIGHT,11:30,11:50,,,,
2026-02-03,META,call,ITM,mid,100.0,1,20.0,OPPORTUNITY/HINDSIGHT,11:30,11:50,,,,
2026-02-03,META,call,ITM,market,20.0,1,130.0,OPPORTUNITY/HINDSIGHT,09:45,11:55,,,,
2026-02-03,META,call,ITM,market,25.0,2,20.0,OPPORTUNITY/HINDSIGHT,11:30,11:35,11:35,11:50,,
2026-02-03,META,call,ITM,market,30.0,2,25.0,OPPORTUNITY/HINDSIGHT,11:30,11:35,11:35,11:55,,
2026-02-03,META,call,ITM,market,40.0,2,15.0,OPPORTUNITY/HINDSIGHT,11:30,11:35,11:40,11:50,,
2026-02-03,META,call,ITM,market,50.0,1,15.0,OPPORTUNITY/HINDSIGHT,11:30,11:45,,,,
2026-02-03,META,call,ITM,market,60.0,1,15.0,OPPORTUNITY/HINDSIGHT,11:30,11:45,,,,
2026-02-03,META,call,ITM,market,70.0,1,15.0,OPPORTUNITY/HINDSIGHT,11:30,11:45,,,,
2026-02-03,META,call,ITM,market,75.0,1,20.0,OPPORTUNITY/HINDSIGHT,11:30,11:50,,,,
2026-02-03,META,call,ITM,market,80.0,1,20.0,OPPORTUNITY/HINDSIGHT,11:30,11:50,,,,
2026-02-03,META,call,ITM,market,90.0,1,20.0,OPPORTUNITY/HINDSIGHT,11:30,11:50,,,,
2026-02-03,META,call,ITM,market,100.0,1,25.0,OPPORTUNITY/HINDSIGHT,11:30,11:55,,,,
2026-02-03,META,call,ATM,mid,20.0,6,200.0,OPPORTUNITY/HINDSIGHT,09:35,09:40,09:45,11:55,12:15,12:40
2026-02-03,META,call,ATM,mid,25.0,5,195.0,OPPORTUNITY/HINDSIGHT,09:45,11:55,12:15,12:40,12:45,13:15
2026-02-03,META,call,ATM,mid,30.0,6,185.0,OPPORTUNITY/HINDSIGHT,09:50,11:35,11:35,11:50,12:15,12:40
2026-02-03,META,call,ATM,mid,40.0,5,190.0,OPPORTUNITY/HINDSIGHT,09:50,11:35,11:35,11:50,12:15,12:40
2026-02-03,META,call,ATM,mid,50.0,4,185.0,OPPORTUNITY/HINDSIGHT,09:50,11:35,11:35,11:55,12:15,12:40
2026-02-03,META,call,ATM,mid,60.0,4,180.0,OPPORTUNITY/HINDSIGHT,09:50,11:35,11:35,11:55,12:15,12:40
2026-02-03,META,call,ATM,mid,70.0,4,175.0,OPPORTUNITY/HINDSIGHT,09:50,11:35,11:40,11:50,12:15,12:40
2026-02-03,META,call,ATM,mid,75.0,3,155.0,OPPORTUNITY/HINDSIGHT,09:50,11:45,12:15,12:40,13:00,13:15
2026-02-03,META,call,ATM,mid,80.0,3,150.0,OPPORTUNITY/HINDSIGHT,09:50,11:45,12:20,12:40,13:00,13:15
2026-02-03,META,call,ATM,mid,90.0,3,150.0,OPPORTUNITY/HINDSIGHT,09:50,11:45,12:20,12:40,13:00,13:15
2026-02-03,META,call,ATM,mid,100.0,3,155.0,OPPORTUNITY/HINDSIGHT,09:50,11:50,12:20,12:40,13:00,13:15
2026-02-03,META,call,ATM,market,20.0,5,195.0,OPPORTUNITY/HINDSIGHT,09:45,11:55,12:15,12:40,12:45,13:15
2026-02-03,META,call,ATM,market,25.0,6,185.0,OPPORTUNITY/HINDSIGHT,09:50,11:35,11:35,11:50,12:15,12:40
2026-02-03,META,call,ATM,market,30.0,5,185.0,OPPORTUNITY/HINDSIGHT,09:50,11:35,11:35,11:50,12:15,12:40
2026-02-03,META,call,ATM,market,40.0,4,190.0,OPPORTUNITY/HINDSIGHT,09:50,11:35,11:35,11:50,12:15,12:40
2026-02-03,META,call,ATM,market,50.0,4,190.0,OPPORTUNITY/HINDSIGHT,09:50,11:35,11:35,11:55,12:15,12:40
2026-02-03,META,call,ATM,market,60.0,4,175.0,OPPORTUNITY/HINDSIGHT,09:50,11:35,11:40,11:50,12:15,12:40
2026-02-03,META,call,ATM,market,70.0,3,150.0,OPPORTUNITY/HINDSIGHT,09:50,11:45,12:20,12:40,13:00,13:15
2026-02-03,META,call,ATM,market,75.0,3,150.0,OPPORTUNITY/HINDSIGHT,09:50,11:45,12:20,12:40,13:00,13:15
2026-02-03,META,call,ATM,market,80.0,3,150.0,OPPORTUNITY/HINDSIGHT,09:50,11:45,12:20,12:40,13:00,13:15
2026-02-03,META,call,ATM,market,90.0,3,150.0,OPPORTUNITY/HINDSIGHT,09:50,11:45,12:20,12:40,13:00,13:15
2026-02-03,META,call,ATM,market,100.0,3,155.0,OPPORTUNITY/HINDSIGHT,09:50,11:50,12:20,12:40,13:00,13:15
2026-02-03,META,call,OTM1,mid,20.0,7,205.0,OPPORTUNITY/HINDSIGHT,09:35,09:40,09:45,11:55,12:05,12:10
2026-02-03,META,call,OTM1,mid,25.0,9,195.0,OPPORTUNITY/HINDSIGHT,09:35,09:40,09:50,11:35,11:35,11:45
2026-02-03,META,call,OTM1,mid,30.0,8,195.0,OPPORTUNITY/HINDSIGHT,09:35,09:40,09:50,11:35,11:35,11:45
2026-02-03,META,call,OTM1,mid,40.0,6,190.0,OPPORTUNITY/HINDSIGHT,09:50,11:35,11:35,11:50,12:15,12:40
2026-02-03,META,call,OTM1,mid,50.0,6,200.0,OPPORTUNITY/HINDSIGHT,09:50,11:35,11:35,11:50,12:15,12:40
2026-02-03,META,call,OTM1,mid,60.0,5,180.0,OPPORTUNITY/HINDSIGHT,09:50,11:35,11:35,11:50,12:15,12:40
2026-02-03,META,call,OTM1,mid,70.0,5,190.0,OPPORTUNITY/HINDSIGHT,09:50,11:35,11:35,11:50,12:15,12:40
2026-02-03,META,call,OTM1,mid,75.0,4,185.0,OPPORTUNITY/HINDSIGHT,09:50,11:35,11:35,11:50,12:15,12:40
2026-02-03,META,call,OTM1,mid,80.0,4,170.0,OPPORTUNITY/HINDSIGHT,09:50,11:35,11:35,11:55,12:15,12:40
2026-02-03,META,call,OTM1,mid,90.0,4,180.0,OPPORTUNITY/HINDSIGHT,09:50,11:35,11:35,11:55,12:15,12:40
2026-02-03,META,call,OTM1,mid,100.0,3,175.0,OPPORTUNITY/HINDSIGHT,09:50,11:45,12:15,12:40,12:55,13:30
2026-02-03,META,call,OTM1,market,20.0,9,195.0,OPPORTUNITY/HINDSIGHT,09:35,09:40,09:50,11:35,11:35,11:45
2026-02-03,META,call,OTM1,market,25.0,8,195.0,OPPORTUNITY/HINDSIGHT,09:35,09:40,09:50,11:35,11:35,11:45
2026-02-03,META,call,OTM1,market,30.0,7,190.0,OPPORTUNITY/HINDSIGHT,09:50,11:35,11:35,11:45,11:45,11:55
2026-02-03,META,call,OTM1,market,40.0,6,195.0,OPPORTUNITY/HINDSIGHT,09:50,11:35,11:35,11:50,12:15,12:40
2026-02-03,META,call,OTM1,market,50.0,5,175.0,OPPORTUNITY/HINDSIGHT,09:50,11:35,11:35,11:50,12:15,12:40
2026-02-03,META,call,OTM1,market,60.0,5,185.0,OPPORTUNITY/HINDSIGHT,09:50,11:35,11:35,11:50,12:15,12:40
2026-02-03,META,call,OTM1,market,70.0,4,170.0,OPPORTUNITY/HINDSIGHT,09:50,11:35,11:35,11:55,12:15,12:40
2026-02-03,META,call,OTM1,market,75.0,4,170.0,OPPORTUNITY/HINDSIGHT,09:50,11:35,11:35,11:55,12:15,12:40
2026-02-03,META,call,OTM1,market,80.0,4,175.0,OPPORTUNITY/HINDSIGHT,09:50,11:35,11:35,11:55,12:15,12:40
2026-02-03,META,call,OTM1,market,90.0,3,175.0,OPPORTUNITY/HINDSIGHT,09:50,11:45,12:15,12:40,12:55,13:30
2026-02-03,META,call,OTM1,market,100.0,3,155.0,OPPORTUNITY/HINDSIGHT,09:50,11:45,12:15,12:40,13:00,13:15
2026-02-03,META,call,OTM2+,mid,20.0,7,185.0,OPPORTUNITY/HINDSIGHT,09:35,09:40,09:50,11:35,11:35,11:45
2026-02-03,META,call,OTM2+,mid,25.0,7,185.0,OPPORTUNITY/HINDSIGHT,09:35,09:40,09:50,11:35,11:35,11:45
2026-02-03,META,call,OTM2+,mid,30.0,7,185.0,OPPORTUNITY/HINDSIGHT,09:35,09:40,09:50,11:35,11:35,11:45
2026-02-03,META,call,OTM2+,mid,40.0,6,190.0,OPPORTUNITY/HINDSIGHT,09:35,09:40,09:50,11:35,11:35,11:45
2026-02-03,META,call,OTM2+,mid,50.0,5,160.0,OPPORTUNITY/HINDSIGHT,09:35,09:40,09:50,11:35,11:35,11:50
2026-02-03,META,call,OTM2+,mid,60.0,5,160.0,OPPORTUNITY/HINDSIGHT,09:35,09:40,09:50,11:35,11:35,11:50
2026-02-03,META,call,OTM2+,mid,70.0,4,155.0,OPPORTUNITY/HINDSIGHT,09:50,11:35,11:35,11:50,12:15,12:40
2026-02-03,META,call,OTM2+,mid,75.0,4,155.0,OPPORTUNITY/HINDSIGHT,09:50,11:35,11:35,11:50,12:15,12:40
2026-02-03,META,call,OTM2+,mid,80.0,4,155.0,OPPORTUNITY/HINDSIGHT,09:50,11:35,11:35,11:50,12:15,12:40
2026-02-03,META,call,OTM2+,mid,90.0,4,155.0,OPPORTUNITY/HINDSIGHT,09:50,11:35,11:35,11:50,12:15,12:40
2026-02-03,META,call,OTM2+,mid,100.0,4,155.0,OPPORTUNITY/HINDSIGHT,09:50,11:35,11:35,11:50,12:15,12:40
2026-02-03,META,call,OTM2+,market,20.0,7,185.0,OPPORTUNITY/HINDSIGHT,09:35,09:40,09:50,11:35,11:35,11:45
2026-02-03,META,call,OTM2+,market,25.0,7,185.0,OPPORTUNITY/HINDSIGHT,09:35,09:40,09:50,11:35,11:35,11:45
2026-02-03,META,call,OTM2+,market,30.0,7,200.0,OPPORTUNITY/HINDSIGHT,09:35,09:40,09:50,11:35,11:35,11:45
2026-02-03,META,call,OTM2+,market,40.0,6,165.0,OPPORTUNITY/HINDSIGHT,09:35,09:40,09:50,11:35,11:35,11:45
2026-02-03,META,call,OTM2+,market,50.0,5,160.0,OPPORTUNITY/HINDSIGHT,09:35,09:40,09:50,11:35,11:35,11:50
2026-02-03,META,call,OTM2+,market,60.0,4,155.0,OPPORTUNITY/HINDSIGHT,09:50,11:35,11:35,11:50,12:15,12:40
2026-02-03,META,call,OTM2+,market,70.0,4,155.0,OPPORTUNITY/HINDSIGHT,09:50,11:35,11:35,11:50,12:15,12:40
2026-02-03,META,call,OTM2+,market,75.0,4,155.0,OPPORTUNITY/HINDSIGHT,09:50,11:35,11:35,11:50,12:15,12:40
2026-02-03,META,call,OTM2+,market,80.0,4,155.0,OPPORTUNITY/HINDSIGHT,09:50,11:35,11:35,11:50,12:15,12:40
2026-02-03,META,call,OTM2+,market,90.0,4,155.0,OPPORTUNITY/HINDSIGHT,09:50,11:35,11:35,11:50,12:15,12:40
2026-02-03,META,call,OTM2+,market,100.0,3,150.0,OPPORTUNITY/HINDSIGHT,09:50,11:45,12:15,12:40,13:05,13:15
2026-02-03,META,put,OTM1,mid,20.0,2,60.0,OPPORTUNITY/HINDSIGHT,09:35,09:50,11:30,12:15,,
2026-02-03,META,put,OTM1,mid,25.0,2,60.0,OPPORTUNITY/HINDSIGHT,09:35,09:50,11:30,12:15,,
2026-02-03,META,put,OTM1,mid,30.0,2,60.0,OPPORTUNITY/HINDSIGHT,09:35,09:50,11:30,12:15,,
2026-02-03,META,put,OTM1,mid,40.0,2,60.0,OPPORTUNITY/HINDSIGHT,09:35,09:50,11:30,12:15,,
2026-02-03,META,put,OTM1,mid,50.0,2,60.0,OPPORTUNITY/HINDSIGHT,09:35,09:50,11:30,12:15,,
2026-02-03,META,put,OTM1,mid,60.0,2,60.0,OPPORTUNITY/HINDSIGHT,09:35,09:50,11:30,12:15,,
2026-02-03,META,put,OTM1,mid,70.0,2,60.0,OPPORTUNITY/HINDSIGHT,09:35,09:50,11:30,12:15,,
2026-02-03,META,put,OTM1,mid,75.0,2,60.0,OPPORTUNITY/HINDSIGHT,09:35,09:50,11:30,12:15,,
2026-02-03,META,put,OTM1,mid,80.0,2,60.0,OPPORTUNITY/HINDSIGHT,09:35,09:50,11:30,12:15,,
2026-02-03,META,put,OTM1,mid,90.0,2,60.0,OPPORTUNITY/HINDSIGHT,09:35,09:50,11:30,12:15,,
2026-02-03,META,put,OTM1,mid,100.0,2,60.0,OPPORTUNITY/HINDSIGHT,09:35,09:50,11:30,12:15,,
2026-02-03,META,put,OTM1,market,20.0,2,60.0,OPPORTUNITY/HINDSIGHT,09:35,09:50,11:30,12:15,,
2026-02-03,META,put,OTM1,market,25.0,2,60.0,OPPORTUNITY/HINDSIGHT,09:35,09:50,11:30,12:15,,
2026-02-03,META,put,OTM1,market,30.0,2,60.0,OPPORTUNITY/HINDSIGHT,09:35,09:50,11:30,12:15,,
2026-02-03,META,put,OTM1,market,40.0,2,60.0,OPPORTUNITY/HINDSIGHT,09:35,09:50,11:30,12:15,,
2026-02-03,META,put,OTM1,market,50.0,2,60.0,OPPORTUNITY/HINDSIGHT,09:35,09:50,11:30,12:15,,
2026-02-03,META,put,OTM1,market,60.0,2,60.0,OPPORTUNITY/HINDSIGHT,09:35,09:50,11:30,12:15,,
2026-02-03,META,put,OTM1,market,70.0,2,60.0,OPPORTUNITY/HINDSIGHT,09:35,09:50,11:30,12:15,,
2026-02-03,META,put,OTM1,market,75.0,2,60.0,OPPORTUNITY/HINDSIGHT,09:35,09:50,11:30,12:15,,
2026-02-03,META,put,OTM1,market,80.0,2,60.0,OPPORTUNITY/HINDSIGHT,09:35,09:50,11:30,12:15,,
2026-02-03,META,put,OTM1,market,90.0,2,60.0,OPPORTUNITY/HINDSIGHT,09:35,09:50,11:30,12:15,,
2026-02-03,META,put,OTM1,market,100.0,2,65.0,OPPORTUNITY/HINDSIGHT,09:35,09:50,11:30,12:20,,
2026-02-03,META,put,OTM2+,mid,20.0,2,15.0,OPPORTUNITY/HINDSIGHT,09:40,09:45,11:50,12:00,,
2026-02-03,META,put,OTM2+,mid,25.0,2,15.0,OPPORTUNITY/HINDSIGHT,09:40,09:45,11:50,12:00,,
2026-02-03,META,put,OTM2+,mid,30.0,2,15.0,OPPORTUNITY/HINDSIGHT,09:40,09:45,11:50,12:00,,
2026-02-03,META,put,OTM2+,mid,40.0,2,15.0,OPPORTUNITY/HINDSIGHT,09:40,09:45,11:50,12:00,,
2026-02-03,META,put,OTM2+,mid,50.0,2,15.0,OPPORTUNITY/HINDSIGHT,09:40,09:45,11:50,12:00,,
2026-02-03,META,put,OTM2+,mid,60.0,2,15.0,OPPORTUNITY/HINDSIGHT,09:40,09:45,11:50,12:00,,
2026-02-03,META,put,OTM2+,mid,70.0,2,20.0,OPPORTUNITY/HINDSIGHT,09:40,09:50,11:50,12:00,,
2026-02-03,META,put,OTM2+,mid,75.0,2,25.0,OPPORTUNITY/HINDSIGHT,09:40,09:50,11:50,12:05,,
2026-02-03,META,put,OTM2+,mid,80.0,2,25.0,OPPORTUNITY/HINDSIGHT,09:40,09:50,11:50,12:05,,
2026-02-03,META,put,OTM2+,mid,90.0,2,25.0,OPPORTUNITY/HINDSIGHT,09:40,09:50,11:50,12:05,,
2026-02-03,META,put,OTM2+,mid,100.0,2,25.0,OPPORTUNITY/HINDSIGHT,09:40,09:50,11:50,12:05,,
2026-02-03,META,put,OTM2+,market,20.0,2,15.0,OPPORTUNITY/HINDSIGHT,09:40,09:45,11:50,12:00,,
2026-02-03,META,put,OTM2+,market,25.0,2,15.0,OPPORTUNITY/HINDSIGHT,09:40,09:45,11:50,12:00,,
2026-02-03,META,put,OTM2+,market,30.0,2,15.0,OPPORTUNITY/HINDSIGHT,09:40,09:45,11:50,12:00,,
2026-02-03,META,put,OTM2+,market,40.0,2,15.0,OPPORTUNITY/HINDSIGHT,09:40,09:45,11:50,12:00,,
2026-02-03,META,put,OTM2+,market,50.0,2,15.0,OPPORTUNITY/HINDSIGHT,09:40,09:45,11:50,12:00,,
2026-02-03,META,put,OTM2+,market,60.0,2,20.0,OPPORTUNITY/HINDSIGHT,09:40,09:50,11:50,12:00,,
2026-02-03,META,put,OTM2+,market,70.0,2,25.0,OPPORTUNITY/HINDSIGHT,09:40,09:50,11:50,12:05,,
2026-02-03,META,put,OTM2+,market,75.0,2,25.0,OPPORTUNITY/HINDSIGHT,09:40,09:50,11:50,12:05,,
2026-02-03,META,put,OTM2+,market,80.0,2,25.0,OPPORTUNITY/HINDSIGHT,09:40,09:50,11:50,12:05,,
2026-02-03,META,put,OTM2+,market,90.0,2,25.0,OPPORTUNITY/HINDSIGHT,09:40,09:50,11:50,12:05,,
2026-02-03,META,put,OTM2+,market,100.0,2,25.0,OPPORTUNITY/HINDSIGHT,09:40,09:50,11:50,12:05,,
2026-02-03,META,put,ATM,mid,20.0,8,215.0,OPPORTUNITY/HINDSIGHT,09:35,09:50,09:50,09:55,09:55,10:05
2026-02-03,META,put,ATM,mid,25.0,8,215.0,OPPORTUNITY/HINDSIGHT,09:35,09:50,09:50,09:55,09:55,10:05
2026-02-03,META,put,ATM,mid,30.0,7,220.0,OPPORTUNITY/HINDSIGHT,09:35,09:50,09:50,09:55,09:55,10:05
2026-02-03,META,put,ATM,mid,40.0,7,220.0,OPPORTUNITY/HINDSIGHT,09:35,09:50,09:50,10:00,10:00,10:05
2026-02-03,META,put,ATM,mid,50.0,4,245.0,OPPORTUNITY/HINDSIGHT,09:35,09:50,09:50,10:00,10:00,10:10
2026-02-03,META,put,ATM,mid,60.0,4,255.0,OPPORTUNITY/HINDSIGHT,09:35,09:50,09:50,10:00,10:00,10:10
2026-02-03,META,put,ATM,mid,70.0,3,250.0,OPPORTUNITY/HINDSIGHT,09:35,09:50,09:50,10:05,10:40,14:20
2026-02-03,META,put,ATM,mid,75.0,3,250.0,OPPORTUNITY/HINDSIGHT,09:35,09:50,09:50,10:05,10:40,14:20
2026-02-03,META,put,ATM,mid,80.0,3,250.0,OPPORTUNITY/HINDSIGHT,09:35,09:50,09:50,10:05,10:40,14:20
2026-02-03,META,put,ATM,mid,90.0,3,250.0,OPPORTUNITY/HINDSIGHT,09:35,09:50,09:50,10:05,10:40,14:20
2026-02-03,META,put,ATM,mid,100.0,3,250.0,OPPORTUNITY/HINDSIGHT,09:35,09:50,09:50,10:05,10:40,14:20
2026-02-03,META,put,ATM,market,20.0,8,215.0,OPPORTUNITY/HINDSIGHT,09:35,09:50,09:50,09:55,09:55,10:05
2026-02-03,META,put,ATM,market,25.0,7,220.0,OPPORTUNITY/HINDSIGHT,09:35,09:50,09:50,09:55,09:55,10:05
2026-02-03,META,put,ATM,market,30.0,7,220.0,OPPORTUNITY/HINDSIGHT,09:35,09:50,09:50,09:55,09:55,10:05
2026-02-03,META,put,ATM,market,40.0,6,240.0,OPPORTUNITY/HINDSIGHT,09:35,09:50,09:50,10:00,10:00,10:10
2026-02-03,META,put,ATM,market,50.0,4,250.0,OPPORTUNITY/HINDSIGHT,09:35,09:50,09:50,10:00,10:00,10:10
2026-02-03,META,put,ATM,market,60.0,3,250.0,OPPORTUNITY/HINDSIGHT,09:35,09:50,09:50,10:05,10:40,14:20
2026-02-03,META,put,ATM,market,70.0,3,250.0,OPPORTUNITY/HINDSIGHT,09:35,09:50,09:50,10:05,10:40,14:20
2026-02-03,META,put,ATM,market,75.0,3,250.0,OPPORTUNITY/HINDSIGHT,09:35,09:50,09:50,10:05,10:40,14:20
2026-02-03,META,put,ATM,market,80.0,3,250.0,OPPORTUNITY/HINDSIGHT,09:35,09:50,09:50,10:05,10:40,14:20
2026-02-03,META,put,ATM,market,90.0,3,250.0,OPPORTUNITY/HINDSIGHT,09:35,09:50,09:50,10:05,10:40,14:20
2026-02-03,META,put,ATM,market,100.0,3,250.0,OPPORTUNITY/HINDSIGHT,09:35,09:50,09:50,10:05,10:40,14:20
2026-02-03,META,put,ITM,mid,20.0,8,360.0,OPPORTUNITY/HINDSIGHT,09:35,09:50,09:50,09:55,09:55,10:05
2026-02-03,META,put,ITM,mid,25.0,7,325.0,OPPORTUNITY/HINDSIGHT,09:35,09:50,09:50,09:55,09:55,10:05
2026-02-03,META,put,ITM,mid,30.0,5,325.0,OPPORTUNITY/HINDSIGHT,09:35,09:50,09:50,10:00,10:00,10:10
2026-02-03,META,put,ITM,mid,40.0,5,325.0,OPPORTUNITY/HINDSIGHT,09:35,09:50,09:50,10:00,10:00,10:10
2026-02-03,META,put,ITM,mid,50.0,4,325.0,OPPORTUNITY/HINDSIGHT,09:35,09:50,09:50,10:05,10:05,14:20
2026-02-03,META,put,ITM,mid,60.0,4,325.0,OPPORTUNITY/HINDSIGHT,09:35,09:50,09:50,10:05,10:05,14:20
2026-02-03,META,put,ITM,mid,70.0,4,315.0,OPPORTUNITY/HINDSIGHT,09:35,09:50,09:50,10:05,10:05,14:25
2026-02-03,META,put,ITM,mid,75.0,4,315.0,OPPORTUNITY/HINDSIGHT,09:35,09:50,09:50,10:05,10:05,14:25
2026-02-03,META,put,ITM,mid,80.0,3,325.0,OPPORTUNITY/HINDSIGHT,09:35,09:55,09:55,14:20,14:20,15:00
2026-02-03,META,put,ITM,mid,90.0,3,325.0,OPPORTUNITY/HINDSIGHT,09:35,09:55,09:55,14:20,14:20,15:00
2026-02-03,META,put,ITM,mid,100.0,2,285.0,OPPORTUNITY/HINDSIGHT,09:35,09:55,09:55,14:20,,
2026-02-03,META,put,ITM,market,20.0,7,325.0,OPPORTUNITY/HINDSIGHT,09:35,09:50,09:50,09:55,09:55,10:05
2026-02-03,META,put,ITM,market,25.0,5,325.0,OPPORTUNITY/HINDSIGHT,09:35,09:50,09:50,10:00,10:00,10:10
2026-02-03,META,put,ITM,market,30.0,5,325.0,OPPORTUNITY/HINDSIGHT,09:35,09:50,09:50,10:00,10:00,10:10
2026-02-03,META,put,ITM,market,40.0,4,325.0,OPPORTUNITY/HINDSIGHT,09:35,09:50,09:50,10:05,10:05,14:20
2026-02-03,META,put,ITM,market,50.0,4,325.0,OPPORTUNITY/HINDSIGHT,09:35,09:50,09:50,10:05,10:05,14:20
2026-02-03,META,put,ITM,market,60.0,4,325.0,OPPORTUNITY/HINDSIGHT,09:35,09:50,09:50,10:05,10:05,14:20
2026-02-03,META,put,ITM,market,70.0,3,325.0,OPPORTUNITY/HINDSIGHT,09:35,09:55,09:55,10:20,10:20,15:00
2026-02-03,META,put,ITM,market,75.0,3,325.0,OPPORTUNITY/HINDSIGHT,09:35,09:55,09:55,14:20,14:20,15:00
2026-02-03,META,put,ITM,market,80.0,3,325.0,OPPORTUNITY/HINDSIGHT,09:35,09:55,09:55,14:20,14:20,15:00
2026-02-03,META,put,ITM,market,90.0,3,325.0,OPPORTUNITY/HINDSIGHT,09:35,09:55,09:55,14:20,14:20,15:00
2026-02-03,META,put,ITM,market,100.0,2,285.0,OPPORTUNITY/HINDSIGHT,09:35,09:55,09:55,14:20,,
2026-02-04,META,call,ITM,mid,20.0,12,255.0,OPPORTUNITY/HINDSIGHT,09:35,10:05,10:05,10:15,10:15,10:25
2026-02-04,META,call,ITM,mid,25.0,8,270.0,OPPORTUNITY/HINDSIGHT,09:35,10:10,10:10,10:25,10:25,10:35
2026-02-04,META,call,ITM,mid,30.0,8,265.0,OPPORTUNITY/HINDSIGHT,09:35,10:10,10:10,10:25,10:25,10:35
2026-02-04,META,call,ITM,mid,40.0,9,185.0,OPPORTUNITY/HINDSIGHT,09:35,10:15,10:15,10:30,10:50,11:10
2026-02-04,META,call,ITM,mid,50.0,6,190.0,OPPORTUNITY/HINDSIGHT,09:35,10:25,11:20,11:45,12:10,12:30
2026-02-04,META,call,ITM,mid,60.0,5,195.0,OPPORTUNITY/HINDSIGHT,09:35,10:25,11:20,11:45,12:10,12:30
2026-02-04,META,call,ITM,mid,70.0,5,195.0,OPPORTUNITY/HINDSIGHT,09:35,10:25,11:20,11:45,12:10,12:30
2026-02-04,META,call,ITM,mid,75.0,5,195.0,OPPORTUNITY/HINDSIGHT,09:35,10:25,11:20,11:45,12:10,12:30
2026-02-04,META,call,ITM,mid,80.0,5,195.0,OPPORTUNITY/HINDSIGHT,09:35,10:25,11:20,11:45,12:10,12:30
2026-02-04,META,call,ITM,mid,90.0,3,140.0,OPPORTUNITY/HINDSIGHT,09:35,10:30,11:25,11:45,13:25,14:30
2026-02-04,META,call,ITM,mid,100.0,2,65.0,OPPORTUNITY/HINDSIGHT,09:35,10:35,11:40,11:45,,
2026-02-04,META,call,ITM,market,20.0,8,270.0,OPPORTUNITY/HINDSIGHT,09:35,10:10,10:10,10:25,10:25,10:35
2026-02-04,META,call,ITM,market,25.0,8,265.0,OPPORTUNITY/HINDSIGHT,09:35,10:10,10:10,10:25,10:25,10:35
2026-02-04,META,call,ITM,market,30.0,7,245.0,OPPORTUNITY/HINDSIGHT,09:35,10:15,10:15,10:30,10:50,11:10
2026-02-04,META,call,ITM,market,40.0,8,225.0,OPPORTUNITY/HINDSIGHT,09:35,10:15,10:15,10:35,10:50,11:10
2026-02-04,META,call,ITM,market,50.0,5,175.0,OPPORTUNITY/HINDSIGHT,09:35,10:25,11:20,11:45,12:10,12:30
2026-02-04,META,call,ITM,market,60.0,5,195.0,OPPORTUNITY/HINDSIGHT,09:35,10:25,11:20,11:45,12:10,12:30
2026-02-04,META,call,ITM,market,70.0,5,195.0,OPPORTUNITY/HINDSIGHT,09:35,10:25,11:20,11:45,12:10,12:30
2026-02-04,META,call,ITM,market,75.0,4,180.0,OPPORTUNITY/HINDSIGHT,09:35,10:30,11:20,11:45,13:25,14:25
2026-02-04,META,call,ITM,market,80.0,3,145.0,OPPORTUNITY/HINDSIGHT,09:35,10:30,11:20,11:45,13:25,14:30
2026-02-04,META,call,ITM,market,90.0,2,80.0,OPPORTUNITY/HINDSIGHT,09:35,10:35,11:25,11:45,,
2026-02-04,META,call,ITM,market,100.0,1,60.0,OPPORTUNITY/HINDSIGHT,09:35,10:35,,,,
2026-02-04,META,call,ATM,mid,20.0,15,245.0,OPPORTUNITY/HINDSIGHT,09:35,10:05,10:05,10:15,10:15,10:25
2026-02-04,META,call,ATM,mid,25.0,13,240.0,OPPORTUNITY/HINDSIGHT,09:35,10:05,10:05,10:15,10:15,10:25
2026-02-04,META,call,ATM,mid,30.0,13,240.0,OPPORTUNITY/HINDSIGHT,09:35,10:05,10:05,10:15,10:15,10:25
2026-02-04,META,call,ATM,mid,40.0,11,230.0,OPPORTUNITY/HINDSIGHT,09:35,10:10,10:10,10:25,10:25,10:35
2026-02-04,META,call,ATM,mid,50.0,9,220.0,OPPORTUNITY/HINDSIGHT,09:35,10:15,10:15,10:30,10:50,11:10
2026-02-04,META,call,ATM,mid,60.0,10,220.0,OPPORTUNITY/HINDSIGHT,09:35,10:15,10:15,10:35,10:50,11:10
2026-02-04,META,call,ATM,mid,70.0,9,200.0,OPPORTUNITY/HINDSIGHT,09:35,10:25,10:50,11:10,11:20,11:45
2026-02-04,META,call,ATM,mid,75.0,7,180.0,OPPORTUNITY/HINDSIGHT,09:35,10:25,11:20,11:45,12:10,12:30
2026-02-04,META,call,ATM,mid,80.0,7,180.0,OPPORTUNITY/HINDSIGHT,09:35,10:25,11:20,11:45,12:10,12:30
2026-02-04,META,call,ATM,mid,90.0,7,185.0,OPPORTUNITY/HINDSIGHT,09:35,10:25,11:20,11:45,12:10,12:30
2026-02-04,META,call,ATM,mid,100.0,6,170.0,OPPORTUNITY/HINDSIGHT,09:35,10:25,11:20,11:45,12:10,12:30
2026-02-04,META,call,ATM,market,20.0,13,240.0,OPPORTUNITY/HINDSIGHT,09:35,10:05,10:05,10:15,10:15,10:25
2026-02-04,META,call,ATM,market,25.0,13,240.0,OPPORTUNITY/HINDSIGHT,09:35,10:05,10:05,10:15,10:15,10:25
2026-02-04,META,call,ATM,market,30.0,12,235.0,OPPORTUNITY/HINDSIGHT,09:35,10:10,10:10,10:25,10:25,10:35
2026-02-04,META,call,ATM,market,40.0,10,230.0,OPPORTUNITY/HINDSIGHT,09:35,10:15,10:15,10:30,10:45,11:10
2026-02-04,META,call,ATM,market,50.0,9,220.0,OPPORTUNITY/HINDSIGHT,09:35,10:15,10:15,10:30,10:50,11:10
2026-02-04,META,call,ATM,market,60.0,10,220.0,OPPORTUNITY/HINDSIGHT,09:35,10:15,10:15,10:35,10:50,11:10
2026-02-04,META,call,ATM,market,70.0,7,180.0,OPPORTUNITY/HINDSIGHT,09:35,10:25,11:20,11:45,12:10,12:30
2026-02-04,META,call,ATM,market,75.0,7,180.0,OPPORTUNITY/HINDSIGHT,09:35,10:25,11:20,11:45,12:10,12:30
2026-02-04,META,call,ATM,market,80.0,7,185.0,OPPORTUNITY/HINDSIGHT,09:35,10:25,11:20,11:45,12:10,12:30
2026-02-04,META,call,ATM,market,90.0,7,180.0,OPPORTUNITY/HINDSIGHT,09:35,10:25,11:20,11:45,12:10,12:30
2026-02-04,META,call,ATM,market,100.0,5,195.0,OPPORTUNITY/HINDSIGHT,09:35,10:25,11:20,11:45,12:10,12:30
2026-02-04,META,call,OTM1,mid,20.0,14,235.0,OPPORTUNITY/HINDSIGHT,09:35,10:05,10:05,10:15,10:15,10:25
2026-02-04,META,call,OTM1,mid,25.0,13,230.0,OPPORTUNITY/HINDSIGHT,09:35,10:05,10:05,10:15,10:15,10:25
2026-02-04,META,call,OTM1,mid,30.0,12,225.0,OPPORTUNITY/HINDSIGHT,09:35,10:05,10:05,10:15,10:15,10:25
2026-02-04,META,call,OTM1,mid,40.0,11,225.0,OPPORTUNITY/HINDSIGHT,09:35,10:05,10:05,10:15,10:15,10:25
2026-02-04,META,call,OTM1,mid,50.0,10,220.0,OPPORTUNITY/HINDSIGHT,09:35,10:10,10:10,10:25,10:45,11:10
2026-02-04,META,call,OTM1,mid,60.0,9,225.0,OPPORTUNITY/HINDSIGHT,09:35,10:15,10:15,10:30,10:45,11:10
2026-02-04,META,call,OTM1,mid,70.0,8,215.0,OPPORTUNITY/HINDSIGHT,09:35,10:15,10:15,10:30,10:50,11:10
2026-02-04,META,call,OTM1,mid,75.0,8,215.0,OPPORTUNITY/HINDSIGHT,09:35,10:15,10:15,10:30,10:50,11:10
2026-02-04,META,call,OTM1,mid,80.0,9,195.0,OPPORTUNITY/HINDSIGHT,09:35,10:15,10:15,10:30,10:50,11:10
2026-02-04,META,call,OTM1,mid,90.0,9,200.0,OPPORTUNITY/HINDSIGHT,09:35,10:15,10:15,10:35,10:50,11:10
2026-02-04,META,call,OTM1,mid,100.0,8,195.0,OPPORTUNITY/HINDSIGHT,09:35,10:25,10:50,11:10,11:20,11:45
2026-02-04,META,call,OTM1,market,20.0,13,230.0,OPPORTUNITY/HINDSIGHT,09:35,10:05,10:05,10:15,10:15,10:25
2026-02-04,META,call,OTM1,market,25.0,12,225.0,OPPORTUNITY/HINDSIGHT,09:35,10:05,10:05,10:15,10:15,10:25
2026-02-04,META,call,OTM1,market,30.0,11,225.0,OPPORTUNITY/HINDSIGHT,09:35,10:05,10:05,10:15,10:15,10:25
2026-02-04,META,call,OTM1,market,40.0,10,225.0,OPPORTUNITY/HINDSIGHT,09:35,10:10,10:10,10:25,10:45,11:10
2026-02-04,META,call,OTM1,market,50.0,10,225.0,OPPORTUNITY/HINDSIGHT,09:35,10:15,10:15,10:25,10:45,11:10
2026-02-04,META,call,OTM1,market,60.0,9,220.0,OPPORTUNITY/HINDSIGHT,09:35,10:15,10:15,10:30,10:50,11:10
2026-02-04,META,call,OTM1,market,70.0,8,215.0,OPPORTUNITY/HINDSIGHT,09:35,10:15,10:15,10:30,10:50,11:10
2026-02-04,META,call,OTM1,market,75.0,9,195.0,OPPORTUNITY/HINDSIGHT,09:35,10:15,10:15,10:30,10:50,11:10
2026-02-04,META,call,OTM1,market,80.0,9,200.0,OPPORTUNITY/HINDSIGHT,09:35,10:15,10:15,10:35,10:50,11:10
2026-02-04,META,call,OTM1,market,90.0,8,195.0,OPPORTUNITY/HINDSIGHT,09:35,10:25,10:50,11:10,11:20,11:45
2026-02-04,META,call,OTM1,market,100.0,7,170.0,OPPORTUNITY/HINDSIGHT,09:35,10:25,11:20,11:45,12:10,12:30
2026-02-04,META,call,OTM2+,mid,20.0,7,125.0,OPPORTUNITY/HINDSIGHT,09:35,10:05,11:30,11:40,12:05,12:15
2026-02-04,META,call,OTM2+,mid,25.0,7,125.0,OPPORTUNITY/HINDSIGHT,09:35,10:05,11:30,11:40,12:05,12:15
2026-02-04,META,call,OTM2+,mid,30.0,6,130.0,OPPORTUNITY/HINDSIGHT,09:35,10:05,11:30,11:40,12:05,12:15
2026-02-04,META,call,OTM2+,mid,40.0,5,130.0,OPPORTUNITY/HINDSIGHT,09:35,10:05,11:30,11:40,12:05,12:30
2026-02-04,META,call,OTM2+,mid,50.0,5,140.0,OPPORTUNITY/HINDSIGHT,09:35,10:10,11:30,11:45,12:05,12:30
2026-02-04,META,call,OTM2+,mid,60.0,6,115.0,OPPORTUNITY/HINDSIGHT,09:35,10:10,11:30,11:45,12:05,12:30
2026-02-04,META,call,OTM2+,mid,70.0,6,120.0,OPPORTUNITY/HINDSIGHT,09:35,10:15,11:30,11:45,12:05,12:30
2026-02-04,META,call,OTM2+,mid,75.0,6,120.0,OPPORTUNITY/HINDSIGHT,09:35,10:15,11:30,11:45,12:05,12:30
2026-02-04,META,call,OTM2+,mid,80.0,6,120.0,OPPORTUNITY/HINDSIGHT,09:35,10:15,11:30,11:45,12:05,12:30
2026-02-04,META,call,OTM2+,mid,90.0,6,120.0,OPPORTUNITY/HINDSIGHT,09:35,10:15,11:30,11:45,12:05,12:30
2026-02-04,META,call,OTM2+,mid,100.0,6,120.0,OPPORTUNITY/HINDSIGHT,09:35,10:15,11:30,11:45,12:05,12:30
2026-02-04,META,call,OTM2+,market,20.0,7,125.0,OPPORTUNITY/HINDSIGHT,09:35,10:05,11:30,11:40,12:05,12:15
2026-02-04,META,call,OTM2+,market,25.0,6,130.0,OPPORTUNITY/HINDSIGHT,09:35,10:05,11:30,11:40,12:05,12:15
2026-02-04,META,call,OTM2+,market,30.0,5,130.0,OPPORTUNITY/HINDSIGHT,09:35,10:05,11:30,11:40,12:05,12:30
2026-02-04,META,call,OTM2+,market,40.0,5,135.0,OPPORTUNITY/HINDSIGHT,09:35,10:05,11:30,11:45,12:05,12:30
2026-02-04,META,call,OTM2+,market,50.0,6,115.0,OPPORTUNITY/HINDSIGHT,09:35,10:10,11:30,11:45,12:05,12:30
2026-02-04,META,call,OTM2+,market,60.0,6,115.0,OPPORTUNITY/HINDSIGHT,09:35,10:10,11:30,11:45,12:05,12:30
2026-02-04,META,call,OTM2+,market,70.0,6,120.0,OPPORTUNITY/HINDSIGHT,09:35,10:15,11:30,11:45,12:05,12:30
2026-02-04,META,call,OTM2+,market,75.0,6,120.0,OPPORTUNITY/HINDSIGHT,09:35,10:15,11:30,11:45,12:05,12:30
2026-02-04,META,call,OTM2+,market,80.0,6,120.0,OPPORTUNITY/HINDSIGHT,09:35,10:15,11:30,11:45,12:05,12:30
2026-02-04,META,call,OTM2+,market,90.0,6,120.0,OPPORTUNITY/HINDSIGHT,09:35,10:15,11:30,11:45,12:05,12:30
2026-02-04,META,call,OTM2+,market,100.0,6,120.0,OPPORTUNITY/HINDSIGHT,09:35,10:15,11:30,11:45,12:05,12:30
2026-02-04,META,put,OTM2+,mid,20.0,3,280.0,OPPORTUNITY/HINDSIGHT,09:35,09:40,09:40,13:25,14:00,14:50
2026-02-04,META,put,OTM2+,mid,25.0,3,280.0,OPPORTUNITY/HINDSIGHT,09:35,09:40,09:40,13:25,14:00,14:50
2026-02-04,META,put,OTM2+,mid,30.0,2,280.0,OPPORTUNITY/HINDSIGHT,09:35,13:25,14:00,14:50,,
2026-02-04,META,put,OTM2+,mid,40.0,2,280.0,OPPORTUNITY/HINDSIGHT,09:35,13:25,14:00,14:50,,
2026-02-04,META,put,OTM2+,mid,50.0,2,280.0,OPPORTUNITY/HINDSIGHT,09:35,13:25,14:00,14:50,,
2026-02-04,META,put,OTM2+,mid,60.0,2,280.0,OPPORTUNITY/HINDSIGHT,09:35,13:25,14:00,14:50,,
2026-02-04,META,put,OTM2+,mid,70.0,1,335.0,OPPORTUNITY/HINDSIGHT,09:35,15:10,,,,
2026-02-04,META,put,OTM2+,mid,75.0,1,345.0,OPPORTUNITY/HINDSIGHT,09:35,15:20,,,,
2026-02-04,META,put,OTM2+,mid,80.0,1,345.0,OPPORTUNITY/HINDSIGHT,09:35,15:20,,,,
2026-02-04,META,put,OTM2+,mid,90.0,1,345.0,OPPORTUNITY/HINDSIGHT,09:35,15:20,,,,
2026-02-04,META,put,OTM2+,mid,100.0,1,345.0,OPPORTUNITY/HINDSIGHT,09:35,15:20,,,,
2026-02-04,META,put,OTM2+,market,20.0,3,280.0,OPPORTUNITY/HINDSIGHT,09:35,09:40,09:40,13:25,14:00,14:50
2026-02-04,META,put,OTM2+,market,25.0,2,280.0,OPPORTUNITY/HINDSIGHT,09:35,13:25,14:00,14:50,,
2026-02-04,META,put,OTM2+,market,30.0,2,280.0,OPPORTUNITY/HINDSIGHT,09:35,13:25,14:00,14:50,,
2026-02-04,META,put,OTM2+,market,40.0,2,280.0,OPPORTUNITY/HINDSIGHT,09:35,13:25,14:00,14:50,,
2026-02-04,META,put,OTM2+,market,50.0,2,280.0,OPPORTUNITY/HINDSIGHT,09:35,13:25,14:00,14:50,,
2026-02-04,META,put,OTM2+,market,60.0,1,335.0,OPPORTUNITY/HINDSIGHT,09:35,15:10,,,,
2026-02-04,META,put,OTM2+,market,70.0,1,345.0,OPPORTUNITY/HINDSIGHT,09:35,15:20,,,,
2026-02-04,META,put,OTM2+,market,75.0,1,345.0,OPPORTUNITY/HINDSIGHT,09:35,15:20,,,,
2026-02-04,META,put,OTM2+,market,80.0,1,345.0,OPPORTUNITY/HINDSIGHT,09:35,15:20,,,,
2026-02-04,META,put,OTM2+,market,90.0,1,345.0,OPPORTUNITY/HINDSIGHT,09:35,15:20,,,,
2026-02-04,META,put,OTM2+,market,100.0,1,345.0,OPPORTUNITY/HINDSIGHT,09:35,15:20,,,,
2026-02-04,META,put,OTM1,mid,20.0,3,345.0,OPPORTUNITY/HINDSIGHT,09:35,09:40,09:40,13:25,13:25,15:20
2026-02-04,META,put,OTM1,mid,25.0,2,345.0,OPPORTUNITY/HINDSIGHT,09:35,13:25,13:25,15:20,,
2026-02-04,META,put,OTM1,mid,30.0,2,345.0,OPPORTUNITY/HINDSIGHT,09:35,13:25,13:25,15:20,,
2026-02-04,META,put,OTM1,mid,40.0,2,345.0,OPPORTUNITY/HINDSIGHT,09:35,13:25,13:25,15:20,,
2026-02-04,META,put,OTM1,mid,50.0,2,345.0,OPPORTUNITY/HINDSIGHT,09:35,13:25,13:25,15:20,,
2026-02-04,META,put,OTM1,mid,60.0,2,345.0,OPPORTUNITY/HINDSIGHT,09:35,13:25,13:25,15:20,,
2026-02-04,META,put,OTM1,mid,70.0,2,345.0,OPPORTUNITY/HINDSIGHT,09:35,13:25,13:25,15:20,,
2026-02-04,META,put,OTM1,mid,75.0,2,345.0,OPPORTUNITY/HINDSIGHT,09:35,13:25,13:25,15:20,,
2026-02-04,META,put,OTM1,mid,80.0,2,345.0,OPPORTUNITY/HINDSIGHT,09:35,13:25,13:25,15:20,,
2026-02-04,META,put,OTM1,mid,90.0,2,345.0,OPPORTUNITY/HINDSIGHT,09:35,13:25,13:25,15:20,,
2026-02-04,META,put,OTM1,mid,100.0,2,345.0,OPPORTUNITY/HINDSIGHT,09:35,13:25,13:25,15:20,,
2026-02-04,META,put,OTM1,market,20.0,2,345.0,OPPORTUNITY/HINDSIGHT,09:35,13:25,13:25,15:20,,
2026-02-04,META,put,OTM1,market,25.0,2,345.0,OPPORTUNITY/HINDSIGHT,09:35,13:25,13:25,15:20,,
2026-02-04,META,put,OTM1,market,30.0,2,345.0,OPPORTUNITY/HINDSIGHT,09:35,13:25,13:25,15:20,,
2026-02-04,META,put,OTM1,market,40.0,2,345.0,OPPORTUNITY/HINDSIGHT,09:35,13:25,13:25,15:20,,
2026-02-04,META,put,OTM1,market,50.0,2,345.0,OPPORTUNITY/HINDSIGHT,09:35,13:25,13:25,15:20,,
2026-02-04,META,put,OTM1,market,60.0,2,345.0,OPPORTUNITY/HINDSIGHT,09:35,13:25,13:25,15:20,,
2026-02-04,META,put,OTM1,market,70.0,2,345.0,OPPORTUNITY/HINDSIGHT,09:35,13:25,13:25,15:20,,
2026-02-04,META,put,OTM1,market,75.0,2,345.0,OPPORTUNITY/HINDSIGHT,09:35,13:25,13:25,15:20,,
2026-02-04,META,put,OTM1,market,80.0,2,345.0,OPPORTUNITY/HINDSIGHT,09:35,13:25,13:25,15:20,,
2026-02-04,META,put,OTM1,market,90.0,2,345.0,OPPORTUNITY/HINDSIGHT,09:35,13:25,13:25,15:20,,
2026-02-04,META,put,OTM1,market,100.0,2,345.0,OPPORTUNITY/HINDSIGHT,09:35,13:25,13:25,15:20,,
2026-02-04,META,put,ATM,mid,20.0,5,345.0,OPPORTUNITY/HINDSIGHT,09:35,13:00,13:00,13:25,13:25,15:00
2026-02-04,META,put,ATM,mid,25.0,4,345.0,OPPORTUNITY/HINDSIGHT,09:35,13:05,13:05,13:25,13:25,15:00
2026-02-04,META,put,ATM,mid,30.0,3,345.0,OPPORTUNITY/HINDSIGHT,09:35,13:25,13:25,15:00,15:00,15:20
2026-02-04,META,put,ATM,mid,40.0,3,345.0,OPPORTUNITY/HINDSIGHT,09:35,13:25,13:25,15:10,15:10,15:20
2026-02-04,META,put,ATM,mid,50.0,3,345.0,OPPORTUNITY/HINDSIGHT,09:35,13:25,13:25,15:10,15:10,15:20
2026-02-04,META,put,ATM,mid,60.0,3,345.0,OPPORTUNITY/HINDSIGHT,09:35,13:25,13:25,15:10,15:10,15:20
2026-02-04,META,put,ATM,mid,70.0,2,345.0,OPPORTUNITY/HINDSIGHT,09:35,13:25,13:25,15:20,,
2026-02-04,META,put,ATM,mid,75.0,2,345.0,OPPORTUNITY/HINDSIGHT,09:35,13:25,13:25,15:20,,
2026-02-04,META,put,ATM,mid,80.0,2,345.0,OPPORTUNITY/HINDSIGHT,09:35,13:25,13:25,15:20,,
2026-02-04,META,put,ATM,mid,90.0,2,345.0,OPPORTUNITY/HINDSIGHT,09:35,13:25,13:25,15:20,,
2026-02-04,META,put,ATM,mid,100.0,2,345.0,OPPORTUNITY/HINDSIGHT,09:35,13:25,13:25,15:20,,
2026-02-04,META,put,ATM,market,20.0,4,345.0,OPPORTUNITY/HINDSIGHT,09:35,13:05,13:05,13:25,13:25,15:00
2026-02-04,META,put,ATM,market,25.0,3,345.0,OPPORTUNITY/HINDSIGHT,09:35,13:25,13:25,15:00,15:00,15:20
2026-02-04,META,put,ATM,market,30.0,3,345.0,OPPORTUNITY/HINDSIGHT,09:35,13:25,13:25,15:10,15:10,15:20
2026-02-04,META,put,ATM,market,40.0,3,345.0,OPPORTUNITY/HINDSIGHT,09:35,13:25,13:25,15:10,15:10,15:20
2026-02-04,META,put,ATM,market,50.0,3,345.0,OPPORTUNITY/HINDSIGHT,09:35,13:25,13:25,15:10,15:10,15:20
2026-02-04,META,put,ATM,market,60.0,2,345.0,OPPORTUNITY/HINDSIGHT,09:35,13:25,13:25,15:20,,
2026-02-04,META,put,ATM,market,70.0,2,345.0,OPPORTUNITY/HINDSIGHT,09:35,13:25,13:25,15:20,,
2026-02-04,META,put,ATM,market,75.0,2,345.0,OPPORTUNITY/HINDSIGHT,09:35,13:25,13:25,15:20,,
2026-02-04,META,put,ATM,market,80.0,2,345.0,OPPORTUNITY/HINDSIGHT,09:35,13:25,13:25,15:20,,
2026-02-04,META,put,ATM,market,90.0,2,345.0,OPPORTUNITY/HINDSIGHT,09:35,13:25,13:25,15:20,,
2026-02-04,META,put,ATM,market,100.0,2,345.0,OPPORTUNITY/HINDSIGHT,09:35,13:25,13:25,15:20,,
2026-02-04,META,put,ITM,mid,20.0,4,345.0,OPPORTUNITY/HINDSIGHT,09:35,13:00,13:00,13:25,13:25,15:00
2026-02-04,META,put,ITM,mid,25.0,4,345.0,OPPORTUNITY/HINDSIGHT,09:35,13:00,13:00,13:25,13:25,15:00
2026-02-04,META,put,ITM,mid,30.0,4,345.0,OPPORTUNITY/HINDSIGHT,09:35,13:00,13:00,13:25,13:25,15:00
2026-02-04,META,put,ITM,mid,40.0,3,345.0,OPPORTUNITY/HINDSIGHT,09:35,13:25,13:25,15:10,15:10,15:20
2026-02-04,META,put,ITM,mid,50.0,2,345.0,OPPORTUNITY/HINDSIGHT,09:35,13:25,13:25,15:20,,
2026-02-04,META,put,ITM,mid,60.0,2,345.0,OPPORTUNITY/HINDSIGHT,09:35,13:25,13:25,15:20,,
2026-02-04,META,put,ITM,mid,70.0,2,345.0,OPPORTUNITY/HINDSIGHT,09:35,13:25,13:25,15:20,,
2026-02-04,META,put,ITM,mid,75.0,2,345.0,OPPORTUNITY/HINDSIGHT,09:35,13:25,13:25,15:20,,
2026-02-04,META,put,ITM,mid,80.0,2,345.0,OPPORTUNITY/HINDSIGHT,09:35,13:25,13:25,15:20,,
2026-02-04,META,put,ITM,mid,90.0,1,320.0,OPPORTUNITY/HINDSIGHT,09:35,14:55,,,,
2026-02-04,META,put,ITM,mid,100.0,1,320.0,OPPORTUNITY/HINDSIGHT,09:35,14:55,,,,
2026-02-04,META,put,ITM,market,20.0,4,345.0,OPPORTUNITY/HINDSIGHT,09:35,13:00,13:00,13:25,13:25,15:00
2026-02-04,META,put,ITM,market,25.0,4,345.0,OPPORTUNITY/HINDSIGHT,09:35,13:00,13:00,13:25,13:25,15:00
2026-02-04,META,put,ITM,market,30.0,3,345.0,OPPORTUNITY/HINDSIGHT,09:35,13:25,13:25,15:10,15:10,15:20
2026-02-04,META,put,ITM,market,40.0,3,345.0,OPPORTUNITY/HINDSIGHT,09:35,13:25,13:25,15:10,15:10,15:20
2026-02-04,META,put,ITM,market,50.0,2,345.0,OPPORTUNITY/HINDSIGHT,09:35,13:25,13:25,15:20,,
2026-02-04,META,put,ITM,market,60.0,2,345.0,OPPORTUNITY/HINDSIGHT,09:35,13:25,13:25,15:20,,
2026-02-04,META,put,ITM,market,70.0,2,345.0,OPPORTUNITY/HINDSIGHT,09:35,13:25,13:25,15:20,,
2026-02-04,META,put,ITM,market,75.0,2,345.0,OPPORTUNITY/HINDSIGHT,09:35,13:25,13:25,15:20,,
2026-02-04,META,put,ITM,market,80.0,2,340.0,OPPORTUNITY/HINDSIGHT,09:35,13:25,13:30,15:20,,
2026-02-04,META,put,ITM,market,90.0,1,320.0,OPPORTUNITY/HINDSIGHT,09:35,14:55,,,,
2026-02-04,META,put,ITM,market,100.0,1,325.0,OPPORTUNITY/HINDSIGHT,09:35,15:00,,,,
2026-02-05,META,call,ITM,mid,20.0,7,320.0,OPPORTUNITY/HINDSIGHT,09:35,09:50,09:50,11:50,11:50,12:25
2026-02-05,META,call,ITM,mid,25.0,5,300.0,OPPORTUNITY/HINDSIGHT,09:35,09:50,09:50,11:50,12:10,12:20
2026-02-05,META,call,ITM,mid,30.0,5,305.0,OPPORTUNITY/HINDSIGHT,09:35,09:50,09:50,11:50,12:10,12:20
2026-02-05,META,call,ITM,mid,40.0,6,300.0,OPPORTUNITY/HINDSIGHT,09:35,09:50,09:50,11:50,12:10,12:20
2026-02-05,META,call,ITM,mid,50.0,6,300.0,OPPORTUNITY/HINDSIGHT,09:35,09:50,09:50,11:50,12:10,12:25
2026-02-05,META,call,ITM,mid,60.0,6,265.0,OPPORTUNITY/HINDSIGHT,09:35,09:50,09:50,11:50,12:15,12:20
2026-02-05,META,call,ITM,mid,70.0,6,275.0,OPPORTUNITY/HINDSIGHT,09:35,09:50,09:50,11:50,12:15,12:20
2026-02-05,META,call,ITM,mid,75.0,6,285.0,OPPORTUNITY/HINDSIGHT,09:35,09:50,09:50,11:50,12:15,12:25
2026-02-05,META,call,ITM,mid,80.0,6,285.0,OPPORTUNITY/HINDSIGHT,09:35,09:50,09:50,11:50,12:15,12:25
2026-02-05,META,call,ITM,mid,90.0,5,280.0,OPPORTUNITY/HINDSIGHT,09:35,10:35,10:35,11:50,13:10,13:30
2026-02-05,META,call,ITM,mid,100.0,5,265.0,OPPORTUNITY/HINDSIGHT,09:35,11:30,11:30,11:55,13:10,14:05
2026-02-05,META,call,ITM,market,20.0,5,300.0,OPPORTUNITY/HINDSIGHT,09:35,09:50,09:50,11:50,12:10,12:20
2026-02-05,META,call,ITM,market,25.0,5,305.0,OPPORTUNITY/HINDSIGHT,09:35,09:50,09:50,11:50,12:10,12:20
2026-02-05,META,call,ITM,market,30.0,5,310.0,OPPORTUNITY/HINDSIGHT,09:35,09:50,09:50,11:50,12:10,12:20
2026-02-05,META,call,ITM,market,40.0,6,290.0,OPPORTUNITY/HINDSIGHT,09:35,09:50,09:50,11:50,12:10,12:20
2026-02-05,META,call,ITM,market,50.0,5,290.0,OPPORTUNITY/HINDSIGHT,09:35,09:50,09:50,11:50,12:10,12:25
2026-02-05,META,call,ITM,market,60.0,6,275.0,OPPORTUNITY/HINDSIGHT,09:35,09:50,09:50,11:50,12:15,12:20
2026-02-05,META,call,ITM,market,70.0,6,285.0,OPPORTUNITY/HINDSIGHT,09:35,09:50,09:50,11:50,12:15,12:25
2026-02-05,META,call,ITM,market,75.0,6,290.0,OPPORTUNITY/HINDSIGHT,09:35,09:50,09:50,11:50,12:15,12:25
2026-02-05,META,call,ITM,market,80.0,5,280.0,OPPORTUNITY/HINDSIGHT,09:35,10:35,10:35,11:50,13:10,13:30
2026-02-05,META,call,ITM,market,90.0,5,260.0,OPPORTUNITY/HINDSIGHT,09:35,11:30,11:30,11:55,13:10,14:05
2026-02-05,META,call,ITM,market,100.0,4,260.0,OPPORTUNITY/HINDSIGHT,09:35,11:50,13:10,14:05,14:10,14:35
2026-02-05,META,call,ATM,mid,20.0,10,305.0,OPPORTUNITY/HINDSIGHT,09:35,09:50,09:50,11:50,11:50,11:55
2026-02-05,META,call,ATM,mid,25.0,8,320.0,OPPORTUNITY/HINDSIGHT,09:35,09:50,09:50,11:50,11:50,12:25
2026-02-05,META,call,ATM,mid,30.0,7,310.0,OPPORTUNITY/HINDSIGHT,09:35,09:50,09:50,11:50,11:50,12:25
2026-02-05,META,call,ATM,mid,40.0,7,300.0,OPPORTUNITY/HINDSIGHT,09:35,09:50,09:50,11:50,12:10,12:20
2026-02-05,META,call,ATM,mid,50.0,6,295.0,OPPORTUNITY/HINDSIGHT,09:35,09:50,09:50,11:50,12:10,12:20
2026-02-05,META,call,ATM,mid,60.0,6,290.0,OPPORTUNITY/HINDSIGHT,09:35,09:50,09:50,11:50,12:10,12:20
2026-02-05,META,call,ATM,mid,70.0,6,290.0,OPPORTUNITY/HINDSIGHT,09:35,09:50,09:50,11:50,12:10,12:20
2026-02-05,META,call,ATM,mid,75.0,7,280.0,OPPORTUNITY/HINDSIGHT,09:35,09:50,09:50,11:50,12:10,12:25
2026-02-05,META,call,ATM,mid,80.0,7,280.0,OPPORTUNITY/HINDSIGHT,09:35,09:50,09:50,11:50,12:10,12:25
2026-02-05,META,call,ATM,mid,90.0,7,280.0,OPPORTUNITY/HINDSIGHT,09:35,09:50,09:50,11:50,12:10,12:25
2026-02-05,META,call,ATM,mid,100.0,7,255.0,OPPORTUNITY/HINDSIGHT,09:35,09:50,09:50,11:50,12:15,12:20
2026-02-05,META,call,ATM,market,20.0,8,320.0,OPPORTUNITY/HINDSIGHT,09:35,09:50,09:50,11:50,11:50,12:25
2026-02-05,META,call,ATM,market,25.0,7,310.0,OPPORTUNITY/HINDSIGHT,09:35,09:50,09:50,11:50,11:50,12:25
2026-02-05,META,call,ATM,market,30.0,7,300.0,OPPORTUNITY/HINDSIGHT,09:35,09:50,09:50,11:50,12:10,12:20
2026-02-05,META,call,ATM,market,40.0,6,295.0,OPPORTUNITY/HINDSIGHT,09:35,09:50,09:50,11:50,12:10,12:20
2026-02-05,META,call,ATM,market,50.0,6,290.0,OPPORTUNITY/HINDSIGHT,09:35,09:50,09:50,11:50,12:10,12:20
2026-02-05,META,call,ATM,market,60.0,6,290.0,OPPORTUNITY/HINDSIGHT,09:35,09:50,09:50,11:50,12:10,12:20
2026-02-05,META,call,ATM,market,70.0,7,280.0,OPPORTUNITY/HINDSIGHT,09:35,09:50,09:50,11:50,12:10,12:25
2026-02-05,META,call,ATM,market,75.0,7,280.0,OPPORTUNITY/HINDSIGHT,09:35,09:50,09:50,11:50,12:10,12:25
2026-02-05,META,call,ATM,market,80.0,7,280.0,OPPORTUNITY/HINDSIGHT,09:35,09:50,09:50,11:50,12:10,12:25
2026-02-05,META,call,ATM,market,90.0,7,255.0,OPPORTUNITY/HINDSIGHT,09:35,09:50,09:50,11:50,12:15,12:20
2026-02-05,META,call,ATM,market,100.0,7,255.0,OPPORTUNITY/HINDSIGHT,09:35,09:50,09:50,11:50,12:15,12:20
2026-02-05,META,call,OTM1,mid,20.0,9,230.0,OPPORTUNITY/HINDSIGHT,09:35,09:50,09:50,11:50,13:10,13:30
2026-02-05,META,call,OTM1,mid,25.0,8,230.0,OPPORTUNITY/HINDSIGHT,09:35,09:50,09:50,11:50,13:10,13:30
2026-02-05,META,call,OTM1,mid,30.0,8,230.0,OPPORTUNITY/HINDSIGHT,09:35,09:50,09:50,11:50,13:10,13:30
2026-02-05,META,call,OTM1,mid,40.0,7,225.0,OPPORTUNITY/HINDSIGHT,09:35,09:50,09:50,11:50,13:10,13:30
2026-02-05,META,call,OTM1,mid,50.0,7,225.0,OPPORTUNITY/HINDSIGHT,09:35,09:50,09:50,11:50,13:10,13:30
2026-02-05,META,call,OTM1,mid,60.0,7,235.0,OPPORTUNITY/HINDSIGHT,09:35,09:50,09:50,11:50,13:10,13:30
2026-02-05,META,call,OTM1,mid,70.0,7,245.0,OPPORTUNITY/HINDSIGHT,09:35,09:50,09:50,11:50,13:10,13:30
2026-02-05,META,call,OTM1,mid,75.0,7,245.0,OPPORTUNITY/HINDSIGHT,09:35,09:50,09:50,11:50,13:10,13:30
2026-02-05,META,call,OTM1,mid,80.0,6,235.0,OPPORTUNITY/HINDSIGHT,09:35,09:50,09:50,11:50,13:10,13:30
2026-02-05,META,call,OTM1,mid,90.0,6,235.0,OPPORTUNITY/HINDSIGHT,09:35,09:50,09:50,11:50,13:10,13:30
2026-02-05,META,call,OTM1,mid,100.0,6,235.0,OPPORTUNITY/HINDSIGHT,09:35,09:50,09:50,11:50,13:10,13:30
2026-02-05,META,call,OTM1,market,20.0,8,230.0,OPPORTUNITY/HINDSIGHT,09:35,09:50,09:50,11:50,13:10,13:30
2026-02-05,META,call,OTM1,market,25.0,8,230.0,OPPORTUNITY/HINDSIGHT,09:35,09:50,09:50,11:50,13:10,13:30
2026-02-05,META,call,OTM1,market,30.0,8,230.0,OPPORTUNITY/HINDSIGHT,09:35,09:50,09:50,11:50,13:10,13:30
2026-02-05,META,call,OTM1,market,40.0,7,225.0,OPPORTUNITY/HINDSIGHT,09:35,09:50,09:50,11:50,13:10,13:30
2026-02-05,META,call,OTM1,market,50.0,7,235.0,OPPORTUNITY/HINDSIGHT,09:35,09:50,09:50,11:50,13:10,13:30
2026-02-05,META,call,OTM1,market,60.0,7,245.0,OPPORTUNITY/HINDSIGHT,09:35,09:50,09:50,11:50,13:10,13:30
2026-02-05,META,call,OTM1,market,70.0,7,245.0,OPPORTUNITY/HINDSIGHT,09:35,09:50,09:50,11:50,13:10,13:30
2026-02-05,META,call,OTM1,market,75.0,6,235.0,OPPORTUNITY/HINDSIGHT,09:35,09:50,09:50,11:50,13:10,13:30
2026-02-05,META,call,OTM1,market,80.0,6,235.0,OPPORTUNITY/HINDSIGHT,09:35,09:50,09:50,11:50,13:10,13:30
2026-02-05,META,call,OTM1,market,90.0,6,235.0,OPPORTUNITY/HINDSIGHT,09:35,09:50,09:50,11:50,13:10,13:30
2026-02-05,META,call,OTM1,market,100.0,6,235.0,OPPORTUNITY/HINDSIGHT,09:35,09:50,09:50,11:50,13:10,13:30
2026-02-05,META,call,OTM2+,mid,20.0,5,50.0,OPPORTUNITY/HINDSIGHT,09:35,09:50,10:15,10:30,11:00,11:10
2026-02-05,META,call,OTM2+,mid,25.0,5,50.0,OPPORTUNITY/HINDSIGHT,09:35,09:50,10:15,10:30,11:00,11:10
2026-02-05,META,call,OTM2+,mid,30.0,5,60.0,OPPORTUNITY/HINDSIGHT,09:35,09:50,10:15,10:35,11:00,11:15
2026-02-05,META,call,OTM2+,mid,40.0,5,75.0,OPPORTUNITY/HINDSIGHT,09:35,09:50,10:15,10:35,11:00,11:30
2026-02-05,META,call,OTM2+,mid,50.0,5,75.0,OPPORTUNITY/HINDSIGHT,09:35,09:50,10:15,10:35,11:00,11:30
2026-02-05,META,call,OTM2+,mid,60.0,4,120.0,OPPORTUNITY/HINDSIGHT,09:35,09:50,10:15,11:50,13:15,13:20
2026-02-05,META,call,OTM2+,mid,70.0,4,120.0,OPPORTUNITY/HINDSIGHT,09:35,09:50,10:15,11:50,13:15,13:20
2026-02-05,META,call,OTM2+,mid,75.0,4,120.0,OPPORTUNITY/HINDSIGHT,09:35,09:50,10:15,11:50,13:15,13:20
2026-02-05,META,call,OTM2+,mid,80.0,4,120.0,OPPORTUNITY/HINDSIGHT,09:35,09:50,10:15,11:50,13:15,13:20
2026-02-05,META,call,OTM2+,mid,90.0,4,120.0,OPPORTUNITY/HINDSIGHT,09:35,09:50,10:15,11:50,13:15,13:20
2026-02-05,META,call,OTM2+,mid,100.0,4,120.0,OPPORTUNITY/HINDSIGHT,09:35,09:50,10:15,11:50,13:15,13:20
2026-02-05,META,call,OTM2+,market,20.0,5,50.0,OPPORTUNITY/HINDSIGHT,09:35,09:50,10:15,10:30,11:00,11:10
2026-02-05,META,call,OTM2+,market,25.0,5,60.0,OPPORTUNITY/HINDSIGHT,09:35,09:50,10:15,10:35,11:00,11:15
2026-02-05,META,call,OTM2+,market,30.0,5,60.0,OPPORTUNITY/HINDSIGHT,09:35,09:50,10:15,10:35,11:00,11:15
2026-02-05,META,call,OTM2+,market,40.0,5,75.0,OPPORTUNITY/HINDSIGHT,09:35,09:50,10:15,10:35,11:00,11:30
2026-02-05,META,call,OTM2+,market,50.0,4,120.0,OPPORTUNITY/HINDSIGHT,09:35,09:50,10:15,11:50,13:15,13:20
2026-02-05,META,call,OTM2+,market,60.0,4,120.0,OPPORTUNITY/HINDSIGHT,09:35,09:50,10:15,11:50,13:15,13:20
2026-02-05,META,call,OTM2+,market,70.0,4,120.0,OPPORTUNITY/HINDSIGHT,09:35,09:50,10:15,11:50,13:15,13:20
2026-02-05,META,call,OTM2+,market,75.0,4,120.0,OPPORTUNITY/HINDSIGHT,09:35,09:50,10:15,11:50,13:15,13:20
2026-02-05,META,call,OTM2+,market,80.0,4,120.0,OPPORTUNITY/HINDSIGHT,09:35,09:50,10:15,11:50,13:15,13:20
2026-02-05,META,call,OTM2+,market,90.0,4,120.0,OPPORTUNITY/HINDSIGHT,09:35,09:50,10:15,11:50,13:15,13:20
2026-02-05,META,call,OTM2+,market,100.0,3,120.0,OPPORTUNITY/HINDSIGHT,09:35,09:50,10:15,11:50,13:15,13:25
2026-02-05,META,put,OTM2+,mid,20.0,5,290.0,OPPORTUNITY/HINDSIGHT,09:50,10:15,10:30,10:40,10:50,11:00
2026-02-05,META,put,OTM2+,mid,25.0,5,290.0,OPPORTUNITY/HINDSIGHT,09:50,10:15,10:30,10:40,10:50,11:00
2026-02-05,META,put,OTM2+,mid,30.0,5,285.0,OPPORTUNITY/HINDSIGHT,09:50,10:15,10:35,10:40,10:50,11:00
2026-02-05,META,put,OTM2+,mid,40.0,5,235.0,OPPORTUNITY/HINDSIGHT,10:35,10:40,11:15,11:20,11:30,11:35
2026-02-05,META,put,OTM2+,mid,50.0,3,245.0,OPPORTUNITY/HINDSIGHT,10:35,10:40,11:15,13:15,13:25,15:25
2026-02-05,META,put,OTM2+,mid,60.0,4,225.0,OPPORTUNITY/HINDSIGHT,10:35,10:40,11:30,11:35,11:40,13:15
2026-02-05,META,put,OTM2+,mid,70.0,4,225.0,OPPORTUNITY/HINDSIGHT,10:35,10:40,11:30,11:35,11:40,13:15
2026-02-05,META,put,OTM2+,mid,75.0,4,225.0,OPPORTUNITY/HINDSIGHT,10:35,10:40,11:30,11:35,11:40,13:15
2026-02-05,META,put,OTM2+,mid,80.0,4,215.0,OPPORTUNITY/HINDSIGHT,11:30,11:35,11:40,13:15,13:30,13:35
2026-02-05,META,put,OTM2+,mid,90.0,3,220.0,OPPORTUNITY/HINDSIGHT,11:30,13:15,13:30,13:35,13:35,15:25
2026-02-05,META,put,OTM2+,mid,100.0,3,220.0,OPPORTUNITY/HINDSIGHT,11:30,13:15,13:30,13:35,13:35,15:25
2026-02-05,META,put,OTM2+,market,20.0,5,290.0,OPPORTUNITY/HINDSIGHT,09:50,10:15,10:30,10:40,10:50,11:00
2026-02-05,META,put,OTM2+,market,25.0,5,285.0,OPPORTUNITY/HINDSIGHT,09:50,10:15,10:35,10:40,10:50,11:00
2026-02-05,META,put,OTM2+,market,30.0,6,270.0,OPPORTUNITY/HINDSIGHT,09:50,10:25,10:35,10:40,11:15,11:20
2026-02-05,META,put,OTM2+,market,40.0,3,245.0,OPPORTUNITY/HINDSIGHT,10:35,10:40,11:15,13:15,13:25,15:25
2026-02-05,META,put,OTM2+,market,50.0,4,225.0,OPPORTUNITY/HINDSIGHT,10:35,10:40,11:30,11:35,11:40,13:15
2026-02-05,META,put,OTM2+,market,60.0,4,225.0,OPPORTUNITY/HINDSIGHT,10:35,10:40,11:30,11:35,11:40,13:15
2026-02-05,META,put,OTM2+,market,70.0,4,225.0,OPPORTUNITY/HINDSIGHT,10:35,10:40,11:30,11:35,11:40,13:15
2026-02-05,META,put,OTM2+,market,75.0,3,220.0,OPPORTUNITY/HINDSIGHT,11:30,13:15,13:30,13:35,13:35,15:25
2026-02-05,META,put,OTM2+,market,80.0,3,220.0,OPPORTUNITY/HINDSIGHT,11:30,13:15,13:30,13:35,13:35,15:25
2026-02-05,META,put,OTM2+,market,90.0,3,220.0,OPPORTUNITY/HINDSIGHT,11:30,13:15,13:30,13:35,13:35,15:25
2026-02-05,META,put,OTM2+,market,100.0,3,220.0,OPPORTUNITY/HINDSIGHT,11:30,13:15,13:30,13:35,13:35,15:25
2026-02-05,META,put,OTM1,mid,20.0,3,335.0,OPPORTUNITY/HINDSIGHT,09:50,10:15,10:20,15:25,15:30,15:35
2026-02-05,META,put,OTM1,mid,25.0,2,330.0,OPPORTUNITY/HINDSIGHT,09:50,10:15,10:20,15:25,,
2026-02-05,META,put,OTM1,mid,30.0,4,320.0,OPPORTUNITY/HINDSIGHT,09:50,10:25,10:30,13:15,13:25,15:00
2026-02-05,META,put,OTM1,mid,40.0,1,335.0,OPPORTUNITY/HINDSIGHT,09:50,15:25,,,,
2026-02-05,META,put,OTM1,mid,50.0,1,335.0,OPPORTUNITY/HINDSIGHT,09:50,15:25,,,,
2026-02-05,META,put,OTM1,mid,60.0,1,345.0,OPPORTUNITY/HINDSIGHT,09:50,15:35,,,,
2026-02-05,META,put,OTM1,mid,70.0,1,345.0,OPPORTUNITY/HINDSIGHT,09:50,15:35,,,,
2026-02-05,META,put,OTM1,mid,75.0,1,305.0,OPPORTUNITY/HINDSIGHT,10:30,15:35,,,,
2026-02-05,META,put,OTM1,mid,80.0,1,305.0,OPPORTUNITY/HINDSIGHT,10:30,15:35,,,,
2026-02-05,META,put,OTM1,mid,90.0,1,290.0,OPPORTUNITY/HINDSIGHT,10:35,15:25,,,,
2026-02-05,META,put,OTM1,mid,100.0,1,300.0,OPPORTUNITY/HINDSIGHT,10:35,15:35,,,,
2026-02-05,META,put,OTM1,market,20.0,2,330.0,OPPORTUNITY/HINDSIGHT,09:50,10:15,10:20,15:25,,
2026-02-05,META,put,OTM1,market,25.0,4,320.0,OPPORTUNITY/HINDSIGHT,09:50,10:25,10:30,13:15,13:25,15:00
2026-02-05,META,put,OTM1,market,30.0,3,325.0,OPPORTUNITY/HINDSIGHT,09:50,13:15,13:25,15:00,15:00,15:25
2026-02-05,META,put,OTM1,market,40.0,1,335.0,OPPORTUNITY/HINDSIGHT,09:50,15:25,,,,
2026-02-05,META,put,OTM1,market,50.0,1,345.0,OPPORTUNITY/HINDSIGHT,09:50,15:35,,,,
2026-02-05,META,put,OTM1,market,60.0,1,345.0,OPPORTUNITY/HINDSIGHT,09:50,15:35,,,,
2026-02-05,META,put,OTM1,market,70.0,1,305.0,OPPORTUNITY/HINDSIGHT,10:30,15:35,,,,
2026-02-05,META,put,OTM1,market,75.0,1,290.0,OPPORTUNITY/HINDSIGHT,10:35,15:25,,,,
2026-02-05,META,put,OTM1,market,80.0,1,290.0,OPPORTUNITY/HINDSIGHT,10:35,15:25,,,,
2026-02-05,META,put,OTM1,market,90.0,1,300.0,OPPORTUNITY/HINDSIGHT,10:35,15:35,,,,
2026-02-05,META,put,OTM1,market,100.0,1,300.0,OPPORTUNITY/HINDSIGHT,10:35,15:35,,,,
2026-02-05,META,put,ATM,mid,20.0,2,335.0,OPPORTUNITY/HINDSIGHT,09:50,10:15,10:15,15:25,,
2026-02-05,META,put,ATM,mid,25.0,2,330.0,OPPORTUNITY/HINDSIGHT,09:50,13:15,13:20,15:25,,
2026-02-05,META,put,ATM,mid,30.0,2,330.0,OPPORTUNITY/HINDSIGHT,09:50,13:15,13:20,15:25,,
2026-02-05,META,put,ATM,mid,40.0,2,330.0,OPPORTUNITY/HINDSIGHT,09:50,13:15,13:20,15:25,,
2026-02-05,META,put,ATM,mid,50.0,2,330.0,OPPORTUNITY/HINDSIGHT,09:50,13:15,13:20,15:25,,
2026-02-05,META,put,ATM,mid,60.0,1,335.0,OPPORTUNITY/HINDSIGHT,09:50,15:25,,,,
2026-02-05,META,put,ATM,mid,70.0,1,335.0,OPPORTUNITY/HINDSIGHT,09:50,15:25,,,,
2026-02-05,META,put,ATM,mid,75.0,1,335.0,OPPORTUNITY/HINDSIGHT,09:50,15:25,,,,
2026-02-05,META,put,ATM,mid,80.0,1,335.0,OPPORTUNITY/HINDSIGHT,09:50,15:25,,,,
2026-02-05,META,put,ATM,mid,90.0,1,335.0,OPPORTUNITY/HINDSIGHT,09:50,15:25,,,,
2026-02-05,META,put,ATM,mid,100.0,1,345.0,OPPORTUNITY/HINDSIGHT,09:50,15:35,,,,
2026-02-05,META,put,ATM,market,20.0,2,330.0,OPPORTUNITY/HINDSIGHT,09:50,13:15,13:20,15:25,,
2026-02-05,META,put,ATM,market,25.0,2,330.0,OPPORTUNITY/HINDSIGHT,09:50,13:15,13:20,15:25,,
2026-02-05,META,put,ATM,market,30.0,2,330.0,OPPORTUNITY/HINDSIGHT,09:50,13:15,13:20,15:25,,
2026-02-05,META,put,ATM,market,40.0,2,330.0,OPPORTUNITY/HINDSIGHT,09:50,13:15,13:20,15:25,,
2026-02-05,META,put,ATM,market,50.0,1,335.0,OPPORTUNITY/HINDSIGHT,09:50,15:25,,,,
2026-02-05,META,put,ATM,market,60.0,1,335.0,OPPORTUNITY/HINDSIGHT,09:50,15:25,,,,
2026-02-05,META,put,ATM,market,70.0,1,335.0,OPPORTUNITY/HINDSIGHT,09:50,15:25,,,,
2026-02-05,META,put,ATM,market,75.0,1,335.0,OPPORTUNITY/HINDSIGHT,09:50,15:25,,,,
2026-02-05,META,put,ATM,market,80.0,1,335.0,OPPORTUNITY/HINDSIGHT,09:50,15:25,,,,
2026-02-05,META,put,ATM,market,90.0,1,345.0,OPPORTUNITY/HINDSIGHT,09:50,15:35,,,,
2026-02-05,META,put,ATM,market,100.0,1,290.0,OPPORTUNITY/HINDSIGHT,10:35,15:25,,,,
2026-02-05,META,put,ITM,mid,20.0,2,335.0,OPPORTUNITY/HINDSIGHT,09:50,13:15,13:15,15:25,,
2026-02-05,META,put,ITM,mid,25.0,2,335.0,OPPORTUNITY/HINDSIGHT,09:50,13:15,13:15,15:25,,
2026-02-05,META,put,ITM,mid,30.0,2,345.0,OPPORTUNITY/HINDSIGHT,09:50,13:15,13:15,15:35,,
2026-02-05,META,put,ITM,mid,40.0,2,330.0,OPPORTUNITY/HINDSIGHT,09:50,13:15,13:20,15:25,,
2026-02-05,META,put,ITM,mid,50.0,1,335.0,OPPORTUNITY/HINDSIGHT,09:50,15:25,,,,
2026-02-05,META,put,ITM,mid,60.0,1,335.0,OPPORTUNITY/HINDSIGHT,09:50,15:25,,,,
2026-02-05,META,put,ITM,mid,70.0,1,335.0,OPPORTUNITY/HINDSIGHT,09:50,15:25,,,,
2026-02-05,META,put,ITM,mid,75.0,1,345.0,OPPORTUNITY/HINDSIGHT,09:50,15:35,,,,
2026-02-05,META,put,ITM,mid,80.0,1,290.0,OPPORTUNITY/HINDSIGHT,10:35,15:25,,,,
2026-02-05,META,put,ITM,mid,90.0,1,300.0,OPPORTUNITY/HINDSIGHT,10:35,15:35,,,,
2026-02-05,META,put,ITM,mid,100.0,1,235.0,OPPORTUNITY/HINDSIGHT,11:30,15:25,,,,
2026-02-05,META,put,ITM,market,20.0,2,335.0,OPPORTUNITY/HINDSIGHT,09:50,13:15,13:15,15:25,,
2026-02-05,META,put,ITM,market,25.0,2,345.0,OPPORTUNITY/HINDSIGHT,09:50,13:15,13:15,15:35,,
2026-02-05,META,put,ITM,market,30.0,2,345.0,OPPORTUNITY/HINDSIGHT,09:50,13:15,13:15,15:35,,
2026-02-05,META,put,ITM,market,40.0,2,330.0,OPPORTUNITY/HINDSIGHT,09:50,15:15,15:20,15:25,,
2026-02-05,META,put,ITM,market,50.0,1,335.0,OPPORTUNITY/HINDSIGHT,09:50,15:25,,,,
2026-02-05,META,put,ITM,market,60.0,1,335.0,OPPORTUNITY/HINDSIGHT,09:50,15:25,,,,
2026-02-05,META,put,ITM,market,70.0,1,345.0,OPPORTUNITY/HINDSIGHT,09:50,15:35,,,,
2026-02-05,META,put,ITM,market,75.0,1,290.0,OPPORTUNITY/HINDSIGHT,10:35,15:25,,,,
2026-02-05,META,put,ITM,market,80.0,1,290.0,OPPORTUNITY/HINDSIGHT,10:35,15:25,,,,
2026-02-05,META,put,ITM,market,90.0,1,235.0,OPPORTUNITY/HINDSIGHT,11:30,15:25,,,,
2026-02-05,META,put,ITM,market,100.0,1,245.0,OPPORTUNITY/HINDSIGHT,11:30,15:35,,,,
2026-02-06,META,call,ITM,mid,20.0,4,380.0,OPPORTUNITY/HINDSIGHT,09:35,12:05,12:05,13:55,13:55,14:45
2026-02-06,META,call,ITM,mid,25.0,4,380.0,OPPORTUNITY/HINDSIGHT,09:35,12:05,12:05,13:55,13:55,14:45
2026-02-06,META,call,ITM,mid,30.0,3,380.0,OPPORTUNITY/HINDSIGHT,09:35,13:55,13:55,14:45,14:45,15:55
2026-02-06,META,call,ITM,mid,40.0,3,380.0,OPPORTUNITY/HINDSIGHT,09:35,13:55,13:55,14:45,14:45,15:55
2026-02-06,META,call,ITM,mid,50.0,3,380.0,OPPORTUNITY/HINDSIGHT,09:35,13:55,13:55,15:25,15:25,15:55
2026-02-06,META,call,ITM,mid,60.0,2,365.0,OPPORTUNITY/HINDSIGHT,09:35,13:55,13:55,15:40,,
2026-02-06,META,call,ITM,mid,70.0,2,380.0,OPPORTUNITY/HINDSIGHT,09:35,13:55,13:55,15:55,,
2026-02-06,META,call,ITM,mid,75.0,2,380.0,OPPORTUNITY/HINDSIGHT,09:35,13:55,13:55,15:55,,
2026-02-06,META,call,ITM,mid,80.0,2,380.0,OPPORTUNITY/HINDSIGHT,09:35,14:05,14:05,15:55,,
2026-02-06,META,call,ITM,mid,90.0,2,375.0,OPPORTUNITY/HINDSIGHT,09:35,14:15,14:20,15:55,,
2026-02-06,META,call,ITM,mid,100.0,2,375.0,OPPORTUNITY/HINDSIGHT,09:35,14:45,14:50,15:55,,
2026-02-06,META,call,ITM,market,20.0,4,380.0,OPPORTUNITY/HINDSIGHT,09:35,12:05,12:05,13:55,13:55,14:45
2026-02-06,META,call,ITM,market,25.0,3,380.0,OPPORTUNITY/HINDSIGHT,09:35,13:55,13:55,14:45,14:45,15:55
2026-02-06,META,call,ITM,market,30.0,3,380.0,OPPORTUNITY/HINDSIGHT,09:35,13:55,13:55,14:45,14:45,15:55
2026-02-06,META,call,ITM,market,40.0,3,380.0,OPPORTUNITY/HINDSIGHT,09:35,13:55,13:55,15:25,15:25,15:55
2026-02-06,META,call,ITM,market,50.0,2,365.0,OPPORTUNITY/HINDSIGHT,09:35,13:55,13:55,15:40,,
2026-02-06,META,call,ITM,market,60.0,2,380.0,OPPORTUNITY/HINDSIGHT,09:35,13:55,13:55,15:55,,
2026-02-06,META,call,ITM,market,70.0,2,380.0,OPPORTUNITY/HINDSIGHT,09:35,14:05,14:05,15:55,,
2026-02-06,META,call,ITM,market,75.0,2,380.0,OPPORTUNITY/HINDSIGHT,09:35,14:15,14:15,15:55,,
2026-02-06,META,call,ITM,market,80.0,2,375.0,OPPORTUNITY/HINDSIGHT,09:35,14:15,14:20,15:55,,
2026-02-06,META,call,ITM,market,90.0,2,375.0,OPPORTUNITY/HINDSIGHT,09:35,14:45,14:50,15:55,,
2026-02-06,META,call,ITM,market,100.0,2,355.0,OPPORTUNITY/HINDSIGHT,09:35,14:45,14:55,15:40,,
2026-02-06,META,call,ATM,mid,20.0,4,380.0,OPPORTUNITY/HINDSIGHT,09:35,09:45,09:45,13:55,13:55,14:45
2026-02-06,META,call,ATM,mid,25.0,4,380.0,OPPORTUNITY/HINDSIGHT,09:35,12:05,12:05,13:55,13:55,14:45
2026-02-06,META,call,ATM,mid,30.0,3,380.0,OPPORTUNITY/HINDSIGHT,09:35,13:55,13:55,14:45,14:45,15:55
2026-02-06,META,call,ATM,mid,40.0,3,380.0,OPPORTUNITY/HINDSIGHT,09:35,13:55,13:55,14:45,14:45,15:55
2026-02-06,META,call,ATM,mid,50.0,3,380.0,OPPORTUNITY/HINDSIGHT,09:35,13:55,13:55,14:45,14:45,15:55
2026-02-06,META,call,ATM,mid,60.0,3,380.0,OPPORTUNITY/HINDSIGHT,09:35,13:55,13:55,14:45,14:45,15:55
2026-02-06,META,call,ATM,mid,70.0,3,380.0,OPPORTUNITY/HINDSIGHT,09:35,13:55,13:55,14:45,14:45,15:55
2026-02-06,META,call,ATM,mid,75.0,3,380.0,OPPORTUNITY/HINDSIGHT,09:35,13:55,13:55,14:45,14:45,15:55
2026-02-06,META,call,ATM,mid,80.0,3,380.0,OPPORTUNITY/HINDSIGHT,09:35,13:55,13:55,15:25,15:25,15:55
2026-02-06,META,call,ATM,mid,90.0,3,380.0,OPPORTUNITY/HINDSIGHT,09:35,13:55,13:55,15:25,15:25,15:55
2026-02-06,META,call,ATM,mid,100.0,2,365.0,OPPORTUNITY/HINDSIGHT,09:35,14:05,14:05,15:40,,
2026-02-06,META,call,ATM,market,20.0,4,380.0,OPPORTUNITY/HINDSIGHT,09:35,12:05,12:05,13:55,13:55,14:45
2026-02-06,META,call,ATM,market,25.0,3,380.0,OPPORTUNITY/HINDSIGHT,09:35,13:55,13:55,14:45,14:45,15:55
2026-02-06,META,call,ATM,market,30.0,3,380.0,OPPORTUNITY/HINDSIGHT,09:35,13:55,13:55,14:45,14:45,15:55
2026-02-06,META,call,ATM,market,40.0,3,380.0,OPPORTUNITY/HINDSIGHT,09:35,13:55,13:55,14:45,14:45,15:55
2026-02-06,META,call,ATM,market,50.0,3,380.0,OPPORTUNITY/HINDSIGHT,09:35,13:55,13:55,14:45,14:45,15:55
2026-02-06,META,call,ATM,market,60.0,3,380.0,OPPORTUNITY/HINDSIGHT,09:35,13:55,13:55,14:45,14:45,15:55
2026-02-06,META,call,ATM,market,70.0,3,380.0,OPPORTUNITY/HINDSIGHT,09:35,13:55,13:55,14:45,14:45,15:55
2026-02-06,META,call,ATM,market,75.0,3,380.0,OPPORTUNITY/HINDSIGHT,09:35,13:55,13:55,15:25,15:25,15:55
2026-02-06,META,call,ATM,market,80.0,3,380.0,OPPORTUNITY/HINDSIGHT,09:35,13:55,13:55,15:25,15:25,15:55
2026-02-06,META,call,ATM,market,90.0,2,365.0,OPPORTUNITY/HINDSIGHT,09:35,13:55,13:55,15:40,,
2026-02-06,META,call,ATM,market,100.0,2,380.0,OPPORTUNITY/HINDSIGHT,09:35,14:15,14:15,15:55,,
2026-02-06,META,call,OTM1,mid,20.0,5,330.0,OPPORTUNITY/HINDSIGHT,09:35,09:45,09:45,13:55,13:55,14:45
2026-02-06,META,call,OTM1,mid,25.0,5,330.0,OPPORTUNITY/HINDSIGHT,09:35,09:45,09:45,13:55,13:55,14:45
2026-02-06,META,call,OTM1,mid,30.0,5,330.0,OPPORTUNITY/HINDSIGHT,09:35,09:45,09:45,13:55,13:55,14:45
2026-02-06,META,call,OTM1,mid,40.0,4,330.0,OPPORTUNITY/HINDSIGHT,09:35,13:55,13:55,14:45,14:50,15:05
2026-02-06,META,call,OTM1,mid,50.0,4,330.0,OPPORTUNITY/HINDSIGHT,09:35,13:55,13:55,14:45,14:50,15:05
2026-02-06,META,call,OTM1,mid,60.0,4,330.0,OPPORTUNITY/HINDSIGHT,09:35,13:55,13:55,14:45,14:50,15:05
2026-02-06,META,call,OTM1,mid,70.0,4,330.0,OPPORTUNITY/HINDSIGHT,09:35,13:55,13:55,14:45,14:50,15:05
2026-02-06,META,call,OTM1,mid,75.0,4,330.0,OPPORTUNITY/HINDSIGHT,09:35,13:55,13:55,14:45,14:50,15:05
2026-02-06,META,call,OTM1,mid,80.0,4,330.0,OPPORTUNITY/HINDSIGHT,09:35,13:55,13:55,14:45,14:50,15:05
2026-02-06,META,call,OTM1,mid,90.0,4,330.0,OPPORTUNITY/HINDSIGHT,09:35,13:55,13:55,14:45,14:50,15:05
2026-02-06,META,call,OTM1,mid,100.0,4,330.0,OPPORTUNITY/HINDSIGHT,09:35,14:05,14:05,14:45,14:50,15:05
2026-02-06,META,call,OTM1,market,20.0,5,330.0,OPPORTUNITY/HINDSIGHT,09:35,09:45,09:45,13:55,13:55,14:45
2026-02-06,META,call,OTM1,market,25.0,4,330.0,OPPORTUNITY/HINDSIGHT,09:35,13:55,13:55,14:45,14:50,15:05
2026-02-06,META,call,OTM1,market,30.0,4,330.0,OPPORTUNITY/HINDSIGHT,09:35,13:55,13:55,14:45,14:50,15:05
2026-02-06,META,call,OTM1,market,40.0,4,330.0,OPPORTUNITY/HINDSIGHT,09:35,13:55,13:55,14:45,14:50,15:05
2026-02-06,META,call,OTM1,market,50.0,4,330.0,OPPORTUNITY/HINDSIGHT,09:35,13:55,13:55,14:45,14:50,15:05
2026-02-06,META,call,OTM1,market,60.0,4,330.0,OPPORTUNITY/HINDSIGHT,09:35,13:55,13:55,14:45,14:50,15:05
2026-02-06,META,call,OTM1,market,70.0,4,330.0,OPPORTUNITY/HINDSIGHT,09:35,13:55,13:55,14:45,14:50,15:05
2026-02-06,META,call,OTM1,market,75.0,4,330.0,OPPORTUNITY/HINDSIGHT,09:35,13:55,13:55,14:45,14:50,15:05
2026-02-06,META,call,OTM1,market,80.0,4,330.0,OPPORTUNITY/HINDSIGHT,09:35,13:55,13:55,14:45,14:50,15:05
2026-02-06,META,call,OTM1,market,90.0,4,330.0,OPPORTUNITY/HINDSIGHT,09:35,14:05,14:05,14:45,14:50,15:05
2026-02-06,META,call,OTM1,market,100.0,2,380.0,OPPORTUNITY/HINDSIGHT,09:35,14:15,14:15,15:55,,
2026-02-06,META,call,OTM2+,mid,20.0,3,295.0,OPPORTUNITY/HINDSIGHT,09:35,09:40,09:40,14:15,14:25,14:40
2026-02-06,META,call,OTM2+,mid,25.0,2,310.0,OPPORTUNITY/HINDSIGHT,09:35,09:45,09:45,14:45,,
2026-02-06,META,call,OTM2+,mid,30.0,2,310.0,OPPORTUNITY/HINDSIGHT,09:35,09:45,09:45,14:45,,
2026-02-06,META,call,OTM2+,mid,40.0,2,295.0,OPPORTUNITY/HINDSIGHT,09:35,14:15,14:25,14:40,,
2026-02-06,META,call,OTM2+,mid,50.0,2,295.0,OPPORTUNITY/HINDSIGHT,09:35,14:15,14:25,14:40,,
2026-02-06,META,call,OTM2+,mid,60.0,1,310.0,OPPORTUNITY/HINDSIGHT,09:35,14:45,,,,
2026-02-06,META,call,OTM2+,mid,70.0,1,310.0,OPPORTUNITY/HINDSIGHT,09:35,14:45,,,,
2026-02-06,META,call,OTM2+,mid,75.0,1,310.0,OPPORTUNITY/HINDSIGHT,09:35,14:45,,,,
2026-02-06,META,call,OTM2+,mid,80.0,1,310.0,OPPORTUNITY/HINDSIGHT,09:35,14:45,,,,
2026-02-06,META,call,OTM2+,mid,90.0,1,310.0,OPPORTUNITY/HINDSIGHT,09:35,14:45,,,,
2026-02-06,META,call,OTM2+,mid,100.0,1,310.0,OPPORTUNITY/HINDSIGHT,09:35,14:45,,,,
2026-02-06,META,call,OTM2+,market,20.0,2,310.0,OPPORTUNITY/HINDSIGHT,09:35,09:45,09:45,14:45,,
2026-02-06,META,call,OTM2+,market,25.0,2,310.0,OPPORTUNITY/HINDSIGHT,09:35,09:45,09:45,14:45,,
2026-02-06,META,call,OTM2+,market,30.0,2,310.0,OPPORTUNITY/HINDSIGHT,09:35,09:45,09:45,14:45,,
2026-02-06,META,call,OTM2+,market,40.0,2,295.0,OPPORTUNITY/HINDSIGHT,09:35,14:15,14:25,14:40,,
2026-02-06,META,call,OTM2+,market,50.0,1,310.0,OPPORTUNITY/HINDSIGHT,09:35,14:45,,,,
2026-02-06,META,call,OTM2+,market,60.0,1,310.0,OPPORTUNITY/HINDSIGHT,09:35,14:45,,,,
2026-02-06,META,call,OTM2+,market,70.0,1,310.0,OPPORTUNITY/HINDSIGHT,09:35,14:45,,,,
2026-02-06,META,call,OTM2+,market,75.0,1,310.0,OPPORTUNITY/HINDSIGHT,09:35,14:45,,,,
2026-02-06,META,call,OTM2+,market,80.0,1,310.0,OPPORTUNITY/HINDSIGHT,09:35,14:45,,,,
2026-02-06,META,call,OTM2+,market,90.0,1,310.0,OPPORTUNITY/HINDSIGHT,09:35,14:45,,,,
2026-02-06,META,call,OTM2+,market,100.0,1,310.0,OPPORTUNITY/HINDSIGHT,09:35,14:45,,,,
2026-02-06,META,put,OTM2+,mid,20.0,8,170.0,OPPORTUNITY/HINDSIGHT,09:35,09:50,09:50,10:00,10:05,10:20
2026-02-06,META,put,OTM2+,mid,25.0,8,170.0,OPPORTUNITY/HINDSIGHT,09:35,09:50,09:50,10:00,10:05,10:20
2026-02-06,META,put,OTM2+,mid,30.0,6,150.0,OPPORTUNITY/HINDSIGHT,09:35,10:00,10:05,10:20,10:25,10:45
2026-02-06,META,put,OTM2+,mid,40.0,5,160.0,OPPORTUNITY/HINDSIGHT,09:35,10:00,10:05,10:20,10:25,11:00
2026-02-06,META,put,OTM2+,mid,50.0,5,165.0,OPPORTUNITY/HINDSIGHT,09:35,10:00,10:05,10:20,10:25,11:05
2026-02-06,META,put,OTM2+,mid,60.0,4,170.0,OPPORTUNITY/HINDSIGHT,09:35,10:00,10:05,11:05,11:40,12:55
2026-02-06,META,put,OTM2+,mid,70.0,5,150.0,OPPORTUNITY/HINDSIGHT,09:35,10:00,10:05,11:05,11:45,11:55
2026-02-06,META,put,OTM2+,mid,75.0,5,155.0,OPPORTUNITY/HINDSIGHT,09:35,10:00,10:05,11:10,11:45,11:55
2026-02-06,META,put,OTM2+,mid,80.0,5,155.0,OPPORTUNITY/HINDSIGHT,09:35,10:00,10:05,11:10,11:45,11:55
2026-02-06,META,put,OTM2+,mid,90.0,5,155.0,OPPORTUNITY/HINDSIGHT,09:35,10:00,10:05,11:10,11:45,11:55
2026-02-06,META,put,OTM2+,mid,100.0,5,165.0,OPPORTUNITY/HINDSIGHT,09:35,10:20,10:25,11:10,11:45,11:55
2026-02-06,META,put,OTM2+,market,20.0,8,170.0,OPPORTUNITY/HINDSIGHT,09:35,09:50,09:50,10:00,10:05,10:20
2026-02-06,META,put,OTM2+,market,25.0,6,150.0,OPPORTUNITY/HINDSIGHT,09:35,10:00,10:05,10:20,10:25,10:45
2026-02-06,META,put,OTM2+,market,30.0,5,160.0,OPPORTUNITY/HINDSIGHT,09:35,10:00,10:05,10:20,10:25,11:00
2026-02-06,META,put,OTM2+,market,40.0,5,165.0,OPPORTUNITY/HINDSIGHT,09:35,10:00,10:05,10:20,10:25,11:05
2026-02-06,META,put,OTM2+,market,50.0,5,165.0,OPPORTUNITY/HINDSIGHT,09:35,10:00,10:05,10:20,10:25,11:05
2026-02-06,META,put,OTM2+,market,60.0,4,170.0,OPPORTUNITY/HINDSIGHT,09:35,10:00,10:05,11:05,11:40,12:55
2026-02-06,META,put,OTM2+,market,70.0,5,155.0,OPPORTUNITY/HINDSIGHT,09:35,10:00,10:05,11:10,11:45,11:55
2026-02-06,META,put,OTM2+,market,75.0,5,155.0,OPPORTUNITY/HINDSIGHT,09:35,10:00,10:05,11:10,11:45,11:55
2026-02-06,META,put,OTM2+,market,80.0,5,155.0,OPPORTUNITY/HINDSIGHT,09:35,10:00,10:05,11:10,11:45,11:55
2026-02-06,META,put,OTM2+,market,90.0,5,165.0,OPPORTUNITY/HINDSIGHT,09:35,10:20,10:25,11:10,11:45,11:55
2026-02-06,META,put,OTM2+,market,100.0,4,155.0,OPPORTUNITY/HINDSIGHT,09:35,10:20,10:25,11:10,11:45,11:55
2026-02-06,META,put,OTM1,mid,20.0,12,265.0,OPPORTUNITY/HINDSIGHT,09:35,09:50,09:50,10:00,10:00,10:20
2026-02-06,META,put,OTM1,mid,25.0,10,260.0,OPPORTUNITY/HINDSIGHT,09:35,10:00,10:00,11:05,11:05,11:15
2026-02-06,META,put,OTM1,mid,30.0,10,260.0,OPPORTUNITY/HINDSIGHT,09:35,10:00,10:00,11:05,11:05,11:15
2026-02-06,META,put,OTM1,mid,40.0,8,250.0,OPPORTUNITY/HINDSIGHT,09:35,10:00,10:00,11:10,11:40,12:55
2026-02-06,META,put,OTM1,mid,50.0,8,250.0,OPPORTUNITY/HINDSIGHT,09:35,10:00,10:00,11:10,11:40,12:55
2026-02-06,META,put,OTM1,mid,60.0,8,250.0,OPPORTUNITY/HINDSIGHT,09:35,10:00,10:00,11:10,11:40,12:55
2026-02-06,META,put,OTM1,mid,70.0,10,240.0,OPPORTUNITY/HINDSIGHT,09:35,10:00,10:00,11:15,11:45,11:55
2026-02-06,META,put,OTM1,mid,75.0,10,235.0,OPPORTUNITY/HINDSIGHT,09:35,10:20,10:20,11:20,11:45,11:55
2026-02-06,META,put,OTM1,mid,80.0,9,240.0,OPPORTUNITY/HINDSIGHT,09:35,10:20,10:20,11:20,11:45,11:55
2026-02-06,META,put,OTM1,mid,90.0,8,220.0,OPPORTUNITY/HINDSIGHT,09:35,10:20,10:25,11:10,11:45,12:45
2026-02-06,META,put,OTM1,mid,100.0,8,225.0,OPPORTUNITY/HINDSIGHT,09:35,10:20,10:25,11:15,11:45,12:45
2026-02-06,META,put,OTM1,market,20.0,10,260.0,OPPORTUNITY/HINDSIGHT,09:35,10:00,10:00,11:05,11:05,11:15
2026-02-06,META,put,OTM1,market,25.0,10,255.0,OPPORTUNITY/HINDSIGHT,09:35,10:00,10:00,11:05,11:05,11:15
2026-02-06,META,put,OTM1,market,30.0,10,250.0,OPPORTUNITY/HINDSIGHT,09:35,10:00,10:00,11:05,11:05,11:15
2026-02-06,META,put,OTM1,market,40.0,8,250.0,OPPORTUNITY/HINDSIGHT,09:35,10:00,10:00,11:10,11:40,12:55
2026-02-06,META,put,OTM1,market,50.0,8,250.0,OPPORTUNITY/HINDSIGHT,09:35,10:00,10:00,11:10,11:40,12:55
2026-02-06,META,put,OTM1,market,60.0,8,250.0,OPPORTUNITY/HINDSIGHT,09:35,10:00,10:00,11:10,11:40,12:55
2026-02-06,META,put,OTM1,market,70.0,9,240.0,OPPORTUNITY/HINDSIGHT,09:35,10:20,10:20,11:20,11:45,11:55
2026-02-06,META,put,OTM1,market,75.0,9,240.0,OPPORTUNITY/HINDSIGHT,09:35,10:20,10:20,11:20,11:45,11:55
2026-02-06,META,put,OTM1,market,80.0,9,225.0,OPPORTUNITY/HINDSIGHT,09:35,10:20,10:25,11:10,11:45,12:15
2026-02-06,META,put,OTM1,market,90.0,8,225.0,OPPORTUNITY/HINDSIGHT,09:35,10:20,10:25,11:15,11:45,12:45
2026-02-06,META,put,OTM1,market,100.0,5,200.0,OPPORTUNITY/HINDSIGHT,09:35,11:05,11:45,12:45,13:55,14:25
2026-02-06,META,put,ATM,mid,20.0,10,275.0,OPPORTUNITY/HINDSIGHT,09:35,10:00,10:00,11:05,11:05,11:15
2026-02-06,META,put,ATM,mid,25.0,10,265.0,OPPORTUNITY/HINDSIGHT,09:35,10:00,10:00,11:05,11:05,11:15
2026-02-06,META,put,ATM,mid,30.0,11,260.0,OPPORTUNITY/HINDSIGHT,09:35,10:00,10:00,11:05,11:05,11:20
2026-02-06,META,put,ATM,mid,40.0,9,255.0,OPPORTUNITY/HINDSIGHT,09:35,10:00,10:00,11:10,11:40,12:55
2026-02-06,META,put,ATM,mid,50.0,9,255.0,OPPORTUNITY/HINDSIGHT,09:35,10:00,10:00,11:10,11:40,12:55
2026-02-06,META,put,ATM,mid,60.0,10,245.0,OPPORTUNITY/HINDSIGHT,09:35,10:20,10:20,11:20,11:45,12:15
2026-02-06,META,put,ATM,mid,70.0,8,215.0,OPPORTUNITY/HINDSIGHT,09:35,10:20,10:25,11:15,11:45,12:45
2026-02-06,META,put,ATM,mid,75.0,8,215.0,OPPORTUNITY/HINDSIGHT,09:35,10:20,10:25,11:15,11:45,12:45
2026-02-06,META,put,ATM,mid,80.0,7,210.0,OPPORTUNITY/HINDSIGHT,09:35,11:05,11:45,12:45,13:55,14:25
2026-02-06,META,put,ATM,mid,90.0,6,205.0,OPPORTUNITY/HINDSIGHT,09:35,11:05,11:45,12:45,13:55,14:25
2026-02-06,META,put,ATM,mid,100.0,6,220.0,OPPORTUNITY/HINDSIGHT,09:35,11:10,11:45,12:55,13:55,14:25
2026-02-06,META,put,ATM,market,20.0,10,265.0,OPPORTUNITY/HINDSIGHT,09:35,10:00,10:00,11:05,11:05,11:15
2026-02-06,META,put,ATM,market,25.0,11,260.0,OPPORTUNITY/HINDSIGHT,09:35,10:00,10:00,11:05,11:05,11:20
2026-02-06,META,put,ATM,market,30.0,9,255.0,OPPORTUNITY/HINDSIGHT,09:35,10:00,10:00,11:10,11:40,12:55
2026-02-06,META,put,ATM,market,40.0,9,255.0,OPPORTUNITY/HINDSIGHT,09:35,10:00,10:00,11:10,11:40,12:55
2026-02-06,META,put,ATM,market,50.0,10,245.0,OPPORTUNITY/HINDSIGHT,09:35,10:20,10:20,11:20,11:45,11:55
2026-02-06,META,put,ATM,market,60.0,9,230.0,OPPORTUNITY/HINDSIGHT,09:35,10:20,10:25,11:15,11:45,12:45
2026-02-06,META,put,ATM,market,70.0,8,220.0,OPPORTUNITY/HINDSIGHT,09:35,10:20,10:25,11:20,11:45,12:45
2026-02-06,META,put,ATM,market,75.0,7,210.0,OPPORTUNITY/HINDSIGHT,09:35,11:05,11:45,12:45,13:55,14:25
2026-02-06,META,put,ATM,market,80.0,6,205.0,OPPORTUNITY/HINDSIGHT,09:35,11:05,11:45,12:45,13:55,14:25
2026-02-06,META,put,ATM,market,90.0,6,220.0,OPPORTUNITY/HINDSIGHT,09:35,11:10,11:45,12:55,13:55,14:25
2026-02-06,META,put,ATM,market,100.0,5,215.0,OPPORTUNITY/HINDSIGHT,09:35,11:10,11:45,12:55,13:55,14:25
2026-02-06,META,put,ITM,mid,20.0,9,260.0,OPPORTUNITY/HINDSIGHT,09:35,10:00,10:00,11:05,11:05,11:20
2026-02-06,META,put,ITM,mid,25.0,7,240.0,OPPORTUNITY/HINDSIGHT,09:35,10:00,10:00,11:05,11:05,11:20
2026-02-06,META,put,ITM,mid,30.0,6,230.0,OPPORTUNITY/HINDSIGHT,09:35,10:00,10:00,11:10,11:40,12:55
2026-02-06,META,put,ITM,mid,40.0,7,220.0,OPPORTUNITY/HINDSIGHT,09:35,10:20,10:20,11:20,11:45,12:15
2026-02-06,META,put,ITM,mid,50.0,4,185.0,OPPORTUNITY/HINDSIGHT,09:35,10:20,10:25,11:15,11:45,12:45
2026-02-06,META,put,ITM,mid,60.0,3,190.0,OPPORTUNITY/HINDSIGHT,09:35,11:05,11:45,12:55,13:55,14:25
2026-02-06,META,put,ITM,mid,70.0,3,195.0,OPPORTUNITY/HINDSIGHT,09:35,11:10,11:45,12:55,13:55,14:25
2026-02-06,META,put,ITM,mid,75.0,3,195.0,OPPORTUNITY/HINDSIGHT,09:35,11:10,11:45,12:55,13:55,14:25
2026-02-06,META,put,ITM,mid,80.0,3,230.0,OPPORTUNITY/HINDSIGHT,09:35,11:10,11:45,13:30,13:55,14:25
2026-02-06,META,put,ITM,mid,90.0,3,170.0,OPPORTUNITY/HINDSIGHT,09:35,11:15,12:05,12:45,13:55,14:25
2026-02-06,META,put,ITM,mid,100.0,3,175.0,OPPORTUNITY/HINDSIGHT,09:35,11:20,12:05,12:55,14:05,14:25
2026-02-06,META,put,ITM,market,20.0,7,240.0,OPPORTUNITY/HINDSIGHT,09:35,10:00,10:00,11:05,11:05,11:20
2026-02-06,META,put,ITM,market,25.0,6,230.0,OPPORTUNITY/HINDSIGHT,09:35,10:00,10:00,11:10,11:40,12:55
2026-02-06,META,put,ITM,market,30.0,6,230.0,OPPORTUNITY/HINDSIGHT,09:35,10:00,10:00,11:10,11:40,12:55
2026-02-06,META,put,ITM,market,40.0,5,200.0,OPPORTUNITY/HINDSIGHT,09:35,10:20,10:20,11:20,11:45,12:45
2026-02-06,META,put,ITM,market,50.0,3,180.0,OPPORTUNITY/HINDSIGHT,09:35,11:05,11:45,12:45,13:55,14:25
2026-02-06,META,put,ITM,market,60.0,3,190.0,OPPORTUNITY/HINDSIGHT,09:35,11:05,11:45,12:55,13:55,14:25
2026-02-06,META,put,ITM,market,70.0,3,230.0,OPPORTUNITY/HINDSIGHT,09:35,11:10,11:45,13:30,13:55,14:25
2026-02-06,META,put,ITM,market,75.0,3,165.0,OPPORTUNITY/HINDSIGHT,09:35,11:10,12:05,12:45,13:55,14:25
2026-02-06,META,put,ITM,market,80.0,3,170.0,OPPORTUNITY/HINDSIGHT,09:35,11:15,12:05,12:45,13:55,14:25
2026-02-06,META,put,ITM,market,90.0,3,175.0,OPPORTUNITY/HINDSIGHT,09:35,11:20,12:05,12:55,14:05,14:25
2026-02-06,META,put,ITM,market,100.0,2,115.0,OPPORTUNITY/HINDSIGHT,09:40,11:15,14:05,14:25,,
2026-02-09,META,call,ITM,mid,20.0,3,30.0,OPPORTUNITY/HINDSIGHT,09:35,09:40,09:40,09:45,10:20,10:40
2026-02-09,META,call,ITM,mid,25.0,2,25.0,OPPORTUNITY/HINDSIGHT,09:35,09:40,10:20,10:40,,
2026-02-09,META,call,ITM,mid,30.0,2,30.0,OPPORTUNITY/HINDSIGHT,09:35,09:45,10:20,10:40,,
2026-02-09,META,call,ITM,mid,40.0,1,10.0,OPPORTUNITY/HINDSIGHT,09:35,09:45,,,,
2026-02-09,META,call,ITM,mid,50.0,1,10.0,OPPORTUNITY/HINDSIGHT,09:35,09:45,,,,
2026-02-09,META,call,ITM,market,20.0,2,25.0,OPPORTUNITY/HINDSIGHT,09:35,09:40,10:20,10:40,,
2026-02-09,META,call,ITM,market,25.0,2,30.0,OPPORTUNITY/HINDSIGHT,09:35,09:45,10:20,10:40,,
2026-02-09,META,call,ITM,market,30.0,1,10.0,OPPORTUNITY/HINDSIGHT,09:35,09:45,,,,
2026-02-09,META,call,ITM,market,40.0,1,10.0,OPPORTUNITY/HINDSIGHT,09:35,09:45,,,,
2026-02-09,META,call,ATM,mid,20.0,8,175.0,OPPORTUNITY/HINDSIGHT,09:35,09:40,09:40,09:45,10:20,10:40
2026-02-09,META,call,ATM,mid,25.0,7,160.0,OPPORTUNITY/HINDSIGHT,09:35,09:40,09:40,09:45,10:20,10:40
2026-02-09,META,call,ATM,mid,30.0,7,160.0,OPPORTUNITY/HINDSIGHT,09:35,09:40,09:40,09:45,10:20,10:40
2026-02-09,META,call,ATM,mid,40.0,5,160.0,OPPORTUNITY/HINDSIGHT,09:35,09:45,10:20,10:40,11:05,12:00
2026-02-09,META,call,ATM,mid,50.0,6,140.0,OPPORTUNITY/HINDSIGHT,09:35,09:45,10:25,10:40,11:10,11:20
2026-02-09,META,call,ATM,mid,60.0,6,140.0,OPPORTUNITY/HINDSIGHT,09:35,09:45,10:25,10:40,11:10,11:20
2026-02-09,META,call,ATM,mid,70.0,4,135.0,OPPORTUNITY/HINDSIGHT,09:35,09:45,11:10,12:00,12:10,12:25
2026-02-09,META,call,ATM,mid,75.0,4,130.0,OPPORTUNITY/HINDSIGHT,09:35,09:45,11:10,12:00,12:10,12:25
2026-02-09,META,call,ATM,mid,80.0,4,130.0,OPPORTUNITY/HINDSIGHT,09:35,09:45,11:10,12:00,12:10,12:25
2026-02-09,META,call,ATM,mid,90.0,3,120.0,OPPORTUNITY/HINDSIGHT,11:10,12:00,12:10,12:25,12:55,13:50
2026-02-09,META,call,ATM,mid,100.0,3,115.0,OPPORTUNITY/HINDSIGHT,11:10,12:00,12:15,12:25,12:55,13:50
2026-02-09,META,call,ATM,market,20.0,7,160.0,OPPORTUNITY/HINDSIGHT,09:35,09:40,09:40,09:45,10:20,10:40
2026-02-09,META,call,ATM,market,25.0,7,160.0,OPPORTUNITY/HINDSIGHT,09:35,09:40,09:40,09:45,10:20,10:40
2026-02-09,META,call,ATM,market,30.0,5,155.0,OPPORTUNITY/HINDSIGHT,09:35,09:40,10:20,10:40,11:05,12:00
2026-02-09,META,call,ATM,market,40.0,5,160.0,OPPORTUNITY/HINDSIGHT,09:35,09:45,10:20,10:40,11:05,12:00
2026-02-09,META,call,ATM,market,50.0,6,140.0,OPPORTUNITY/HINDSIGHT,09:35,09:45,10:25,10:40,11:10,11:20
2026-02-09,META,call,ATM,market,60.0,5,150.0,OPPORTUNITY/HINDSIGHT,09:35,09:45,10:25,10:40,11:10,12:00
2026-02-09,META,call,ATM,market,70.0,4,130.0,OPPORTUNITY/HINDSIGHT,09:35,09:45,11:10,12:00,12:10,12:25
2026-02-09,META,call,ATM,market,75.0,4,130.0,OPPORTUNITY/HINDSIGHT,09:35,09:45,11:10,12:00,12:10,12:25
2026-02-09,META,call,ATM,market,80.0,3,120.0,OPPORTUNITY/HINDSIGHT,11:10,12:00,12:10,12:25,12:55,13:50
2026-02-09,META,call,ATM,market,90.0,3,115.0,OPPORTUNITY/HINDSIGHT,11:10,12:00,12:15,12:25,12:55,13:50
2026-02-09,META,call,ATM,market,100.0,2,100.0,OPPORTUNITY/HINDSIGHT,11:10,12:00,13:00,13:50,,
2026-02-09,META,call,OTM1,mid,20.0,11,230.0,OPPORTUNITY/HINDSIGHT,09:35,09:40,09:40,09:45,10:20,10:40
2026-02-09,META,call,OTM1,mid,25.0,11,230.0,OPPORTUNITY/HINDSIGHT,09:35,09:40,09:40,09:45,10:20,10:40
2026-02-09,META,call,OTM1,mid,30.0,10,230.0,OPPORTUNITY/HINDSIGHT,09:35,09:40,09:40,09:45,10:20,10:40
2026-02-09,META,call,OTM1,mid,40.0,8,215.0,OPPORTUNITY/HINDSIGHT,09:35,09:40,09:40,09:45,10:20,10:40
2026-02-09,META,call,OTM1,mid,50.0,7,210.0,OPPORTUNITY/HINDSIGHT,09:35,09:40,10:20,10:40,11:05,12:00
2026-02-09,META,call,OTM1,mid,60.0,7,215.0,OPPORTUNITY/HINDSIGHT,09:35,09:45,10:20,10:40,11:05,12:00
2026-02-09,META,call,OTM1,mid,70.0,8,195.0,OPPORTUNITY/HINDSIGHT,09:35,09:45,10:25,10:40,11:10,11:20
2026-02-09,META,call,OTM1,mid,75.0,8,190.0,OPPORTUNITY/HINDSIGHT,09:35,09:45,10:25,10:40,11:10,11:20
2026-02-09,META,call,OTM1,mid,80.0,8,190.0,OPPORTUNITY/HINDSIGHT,09:35,09:45,10:25,10:40,11:10,11:20
2026-02-09,META,call,OTM1,mid,90.0,8,190.0,OPPORTUNITY/HINDSIGHT,09:35,09:45,10:25,10:40,11:10,11:20
2026-02-09,META,call,OTM1,mid,100.0,8,190.0,OPPORTUNITY/HINDSIGHT,09:35,09:45,10:25,10:40,11:10,11:20
2026-02-09,META,call,OTM1,market,20.0,11,230.0,OPPORTUNITY/HINDSIGHT,09:35,09:40,09:40,09:45,10:20,10:40
2026-02-09,META,call,OTM1,market,25.0,10,230.0,OPPORTUNITY/HINDSIGHT,09:35,09:40,09:40,09:45,10:20,10:40
2026-02-09,META,call,OTM1,market,30.0,8,215.0,OPPORTUNITY/HINDSIGHT,09:35,09:40,09:40,09:45,10:20,10:40
2026-02-09,META,call,OTM1,market,40.0,7,210.0,OPPORTUNITY/HINDSIGHT,09:35,09:40,10:20,10:40,11:05,12:00
2026-02-09,META,call,OTM1,market,50.0,7,215.0,OPPORTUNITY/HINDSIGHT,09:35,09:45,10:20,10:40,11:05,12:00
2026-02-09,META,call,OTM1,market,60.0,8,200.0,OPPORTUNITY/HINDSIGHT,09:35,09:45,10:20,10:40,11:10,11:20
2026-02-09,META,call,OTM1,market,70.0,8,190.0,OPPORTUNITY/HINDSIGHT,09:35,09:45,10:25,10:40,11:10,11:20
2026-02-09,META,call,OTM1,market,75.0,8,190.0,OPPORTUNITY/HINDSIGHT,09:35,09:45,10:25,10:40,11:10,11:20
2026-02-09,META,call,OTM1,market,80.0,8,190.0,OPPORTUNITY/HINDSIGHT,09:35,09:45,10:25,10:40,11:10,11:20
2026-02-09,META,call,OTM1,market,90.0,8,190.0,OPPORTUNITY/HINDSIGHT,09:35,09:45,10:25,10:40,11:10,11:20
2026-02-09,META,call,OTM1,market,100.0,6,195.0,OPPORTUNITY/HINDSIGHT,09:35,09:45,10:25,10:40,11:10,12:00
2026-02-09,META,call,OTM2+,mid,20.0,7,160.0,OPPORTUNITY/HINDSIGHT,10:20,10:40,11:05,11:20,11:20,12:00
2026-02-09,META,call,OTM2+,mid,25.0,7,165.0,OPPORTUNITY/HINDSIGHT,10:20,10:40,11:05,11:20,11:20,12:00
2026-02-09,META,call,OTM2+,mid,30.0,7,165.0,OPPORTUNITY/HINDSIGHT,10:20,10:40,11:05,11:20,11:20,12:00
2026-02-09,META,call,OTM2+,mid,40.0,7,160.0,OPPORTUNITY/HINDSIGHT,10:20,10:40,11:05,12:00,12:10,12:20
2026-02-09,META,call,OTM2+,mid,50.0,5,150.0,OPPORTUNITY/HINDSIGHT,10:20,10:40,11:05,12:00,12:10,12:25
2026-02-09,META,call,OTM2+,mid,60.0,5,150.0,OPPORTUNITY/HINDSIGHT,10:20,10:40,11:05,12:00,12:10,12:25
2026-02-09,META,call,OTM2+,mid,70.0,5,150.0,OPPORTUNITY/HINDSIGHT,10:20,10:40,11:05,12:00,12:10,12:25
2026-02-09,META,call,OTM2+,mid,75.0,6,135.0,OPPORTUNITY/HINDSIGHT,10:20,10:40,11:10,11:20,11:30,12:00
2026-02-09,META,call,OTM2+,mid,80.0,6,135.0,OPPORTUNITY/HINDSIGHT,10:20,10:40,11:10,11:20,11:30,12:00
2026-02-09,META,call,OTM2+,mid,90.0,6,135.0,OPPORTUNITY/HINDSIGHT,10:20,10:40,11:10,11:20,11:30,12:00
2026-02-09,META,call,OTM2+,mid,100.0,6,125.0,OPPORTUNITY/HINDSIGHT,10:25,10:35,11:10,11:20,11:30,12:00
2026-02-09,META,call,OTM2+,market,20.0,7,165.0,OPPORTUNITY/HINDSIGHT,10:20,10:40,11:05,11:20,11:20,12:00
2026-02-09,META,call,OTM2+,market,25.0,7,165.0,OPPORTUNITY/HINDSIGHT,10:20,10:40,11:05,11:20,11:20,12:00
2026-02-09,META,call,OTM2+,market,30.0,6,165.0,OPPORTUNITY/HINDSIGHT,10:20,10:40,11:05,12:00,12:05,12:25
2026-02-09,META,call,OTM2+,market,40.0,5,150.0,OPPORTUNITY/HINDSIGHT,10:20,10:40,11:05,12:00,12:10,12:25
2026-02-09,META,call,OTM2+,market,50.0,5,150.0,OPPORTUNITY/HINDSIGHT,10:20,10:40,11:05,12:00,12:10,12:25
2026-02-09,META,call,OTM2+,market,60.0,5,150.0,OPPORTUNITY/HINDSIGHT,10:20,10:40,11:05,12:00,12:10,12:25
2026-02-09,META,call,OTM2+,market,70.0,6,135.0,OPPORTUNITY/HINDSIGHT,10:20,10:40,11:10,11:20,11:30,12:00
2026-02-09,META,call,OTM2+,market,75.0,6,135.0,OPPORTUNITY/HINDSIGHT,10:20,10:40,11:10,11:20,11:30,12:00
2026-02-09,META,call,OTM2+,market,80.0,6,135.0,OPPORTUNITY/HINDSIGHT,10:20,10:40,11:10,11:20,11:30,12:00
2026-02-09,META,call,OTM2+,market,90.0,6,125.0,OPPORTUNITY/HINDSIGHT,10:25,10:35,11:10,11:20,11:30,12:00
2026-02-09,META,call,OTM2+,market,100.0,6,125.0,OPPORTUNITY/HINDSIGHT,10:25,10:35,11:10,11:20,11:30,12:00
2026-02-09,META,put,OTM2+,mid,20.0,1,30.0,OPPORTUNITY/HINDSIGHT,09:35,10:05,,,,
2026-02-09,META,put,OTM2+,mid,25.0,1,30.0,OPPORTUNITY/HINDSIGHT,09:35,10:05,,,,
2026-02-09,META,put,OTM2+,mid,30.0,1,30.0,OPPORTUNITY/HINDSIGHT,09:35,10:05,,,,
2026-02-09,META,put,OTM2+,mid,40.0,1,30.0,OPPORTUNITY/HINDSIGHT,09:35,10:05,,,,
2026-02-09,META,put,OTM2+,mid,50.0,1,30.0,OPPORTUNITY/HINDSIGHT,09:35,10:05,,,,
2026-02-09,META,put,OTM2+,mid,60.0,1,30.0,OPPORTUNITY/HINDSIGHT,09:35,10:05,,,,
2026-02-09,META,put,OTM2+,mid,70.0,1,30.0,OPPORTUNITY/HINDSIGHT,09:35,10:05,,,,
2026-02-09,META,put,OTM2+,mid,75.0,1,30.0,OPPORTUNITY/HINDSIGHT,09:35,10:05,,,,
2026-02-09,META,put,OTM2+,mid,80.0,1,30.0,OPPORTUNITY/HINDSIGHT,09:35,10:05,,,,
2026-02-09,META,put,OTM2+,mid,90.0,1,30.0,OPPORTUNITY/HINDSIGHT,09:35,10:05,,,,
2026-02-09,META,put,OTM2+,mid,100.0,1,30.0,OPPORTUNITY/HINDSIGHT,09:35,10:05,,,,
2026-02-09,META,put,OTM2+,market,20.0,1,30.0,OPPORTUNITY/HINDSIGHT,09:35,10:05,,,,
2026-02-09,META,put,OTM2+,market,25.0,1,30.0,OPPORTUNITY/HINDSIGHT,09:35,10:05,,,,
2026-02-09,META,put,OTM2+,market,30.0,1,30.0,OPPORTUNITY/HINDSIGHT,09:35,10:05,,,,
2026-02-09,META,put,OTM2+,market,40.0,1,30.0,OPPORTUNITY/HINDSIGHT,09:35,10:05,,,,
2026-02-09,META,put,OTM2+,market,50.0,1,30.0,OPPORTUNITY/HINDSIGHT,09:35,10:05,,,,
2026-02-09,META,put,OTM2+,market,60.0,1,30.0,OPPORTUNITY/HINDSIGHT,09:35,10:05,,,,
2026-02-09,META,put,OTM2+,market,70.0,1,30.0,OPPORTUNITY/HINDSIGHT,09:35,10:05,,,,
2026-02-09,META,put,OTM2+,market,75.0,1,30.0,OPPORTUNITY/HINDSIGHT,09:35,10:05,,,,
2026-02-09,META,put,OTM2+,market,80.0,1,30.0,OPPORTUNITY/HINDSIGHT,09:35,10:05,,,,
2026-02-09,META,put,OTM2+,market,90.0,1,30.0,OPPORTUNITY/HINDSIGHT,09:35,10:05,,,,
2026-02-09,META,put,OTM2+,market,100.0,1,30.0,OPPORTUNITY/HINDSIGHT,09:35,10:05,,,,
2026-02-09,META,put,OTM1,mid,20.0,7,100.0,OPPORTUNITY/HINDSIGHT,09:35,10:05,10:05,10:10,10:10,10:20
2026-02-09,META,put,OTM1,mid,25.0,7,100.0,OPPORTUNITY/HINDSIGHT,09:35,10:05,10:05,10:10,10:10,10:20
2026-02-09,META,put,OTM1,mid,30.0,7,100.0,OPPORTUNITY/HINDSIGHT,09:35,10:05,10:05,10:10,10:10,10:20
2026-02-09,META,put,OTM1,mid,40.0,6,105.0,OPPORTUNITY/HINDSIGHT,09:35,10:05,10:05,10:10,10:10,10:20
2026-02-09,META,put,OTM1,mid,50.0,6,105.0,OPPORTUNITY/HINDSIGHT,09:35,10:05,10:05,10:10,10:10,10:25
2026-02-09,META,put,OTM1,mid,60.0,6,105.0,OPPORTUNITY/HINDSIGHT,09:35,10:05,10:05,10:10,10:10,10:25
2026-02-09,META,put,OTM1,mid,70.0,6,105.0,OPPORTUNITY/HINDSIGHT,09:35,10:05,10:05,10:10,10:10,10:25
2026-02-09,META,put,OTM1,mid,75.0,6,105.0,OPPORTUNITY/HINDSIGHT,09:35,10:05,10:05,10:10,10:10,10:25
2026-02-09,META,put,OTM1,mid,80.0,6,105.0,OPPORTUNITY/HINDSIGHT,09:35,10:05,10:05,10:10,10:10,10:25
2026-02-09,META,put,OTM1,mid,90.0,5,125.0,OPPORTUNITY/HINDSIGHT,09:35,10:05,10:05,10:15,10:15,11:05
2026-02-09,META,put,OTM1,mid,100.0,5,125.0,OPPORTUNITY/HINDSIGHT,09:35,10:05,10:05,10:15,10:15,11:05
2026-02-09,META,put,OTM1,market,20.0,7,100.0,OPPORTUNITY/HINDSIGHT,09:35,10:05,10:05,10:10,10:10,10:20
2026-02-09,META,put,OTM1,market,25.0,7,100.0,OPPORTUNITY/HINDSIGHT,09:35,10:05,10:05,10:10,10:10,10:20
2026-02-09,META,put,OTM1,market,30.0,7,100.0,OPPORTUNITY/HINDSIGHT,09:35,10:05,10:05,10:10,10:10,10:20
2026-02-09,META,put,OTM1,market,40.0,6,100.0,OPPORTUNITY/HINDSIGHT,09:35,10:05,10:05,10:10,10:10,10:25
2026-02-09,META,put,OTM1,market,50.0,6,105.0,OPPORTUNITY/HINDSIGHT,09:35,10:05,10:05,10:10,10:10,10:25
2026-02-09,META,put,OTM1,market,60.0,6,105.0,OPPORTUNITY/HINDSIGHT,09:35,10:05,10:05,10:10,10:10,10:25
2026-02-09,META,put,OTM1,market,70.0,6,105.0,OPPORTUNITY/HINDSIGHT,09:35,10:05,10:05,10:10,10:10,10:25
2026-02-09,META,put,OTM1,market,75.0,6,120.0,OPPORTUNITY/HINDSIGHT,09:35,10:05,10:05,10:10,10:10,10:25
2026-02-09,META,put,OTM1,market,80.0,5,125.0,OPPORTUNITY/HINDSIGHT,09:35,10:05,10:05,10:15,10:15,11:05
2026-02-09,META,put,OTM1,market,90.0,5,125.0,OPPORTUNITY/HINDSIGHT,09:35,10:05,10:05,10:15,10:15,11:05
2026-02-09,META,put,OTM1,market,100.0,5,130.0,OPPORTUNITY/HINDSIGHT,09:35,10:05,10:05,10:20,10:20,11:10
2026-02-09,META,put,ATM,mid,20.0,13,265.0,OPPORTUNITY/HINDSIGHT,09:35,10:05,10:05,10:10,10:10,10:20
2026-02-09,META,put,ATM,mid,25.0,12,265.0,OPPORTUNITY/HINDSIGHT,09:35,10:05,10:05,10:10,10:10,10:20
2026-02-09,META,put,ATM,mid,30.0,11,270.0,OPPORTUNITY/HINDSIGHT,09:35,10:05,10:05,10:10,10:10,10:25
2026-02-09,META,put,ATM,mid,40.0,8,275.0,OPPORTUNITY/HINDSIGHT,09:35,10:05,10:05,10:10,10:10,10:25
2026-02-09,META,put,ATM,mid,50.0,8,275.0,OPPORTUNITY/HINDSIGHT,09:35,10:05,10:05,10:10,10:10,10:25
2026-02-09,META,put,ATM,mid,60.0,8,285.0,OPPORTUNITY/HINDSIGHT,09:35,10:05,10:05,10:15,10:15,11:05
2026-02-09,META,put,ATM,mid,70.0,6,290.0,OPPORTUNITY/HINDSIGHT,09:35,10:05,10:05,10:20,10:20,11:10
2026-02-09,META,put,ATM,mid,75.0,6,290.0,OPPORTUNITY/HINDSIGHT,09:35,10:05,10:05,10:20,10:20,11:10
2026-02-09,META,put,ATM,mid,80.0,6,290.0,OPPORTUNITY/HINDSIGHT,09:35,10:05,10:05,10:20,10:20,11:10
2026-02-09,META,put,ATM,mid,90.0,5,290.0,OPPORTUNITY/HINDSIGHT,09:35,10:05,10:05,10:20,10:20,11:10
2026-02-09,META,put,ATM,mid,100.0,6,275.0,OPPORTUNITY/HINDSIGHT,09:35,10:05,10:05,10:20,10:20,11:50
2026-02-09,META,put,ATM,market,20.0,12,265.0,OPPORTUNITY/HINDSIGHT,09:35,10:05,10:05,10:10,10:10,10:20
2026-02-09,META,put,ATM,market,25.0,11,270.0,OPPORTUNITY/HINDSIGHT,09:35,10:05,10:05,10:10,10:10,10:25
2026-02-09,META,put,ATM,market,30.0,8,275.0,OPPORTUNITY/HINDSIGHT,09:35,10:05,10:05,10:10,10:10,10:25
2026-02-09,META,put,ATM,market,40.0,8,275.0,OPPORTUNITY/HINDSIGHT,09:35,10:05,10:05,10:10,10:10,10:25
2026-02-09,META,put,ATM,market,50.0,7,290.0,OPPORTUNITY/HINDSIGHT,09:35,10:05,10:05,10:10,10:10,10:25
2026-02-09,META,put,ATM,market,60.0,8,275.0,OPPORTUNITY/HINDSIGHT,09:35,10:05,10:05,10:15,10:15,11:05
2026-02-09,META,put,ATM,market,70.0,6,290.0,OPPORTUNITY/HINDSIGHT,09:35,10:05,10:05,10:20,10:20,11:10
2026-02-09,META,put,ATM,market,75.0,6,290.0,OPPORTUNITY/HINDSIGHT,09:35,10:05,10:05,10:20,10:20,11:10
2026-02-09,META,put,ATM,market,80.0,6,290.0,OPPORTUNITY/HINDSIGHT,09:35,10:05,10:05,10:20,10:20,11:10
2026-02-09,META,put,ATM,market,90.0,6,275.0,OPPORTUNITY/HINDSIGHT,09:35,10:05,10:05,10:20,10:20,11:50
2026-02-09,META,put,ATM,market,100.0,3,345.0,OPPORTUNITY/HINDSIGHT,09:35,10:10,10:10,11:10,11:10,15:20
2026-02-09,META,put,ITM,mid,20.0,9,375.0,OPPORTUNITY/HINDSIGHT,09:35,10:05,10:05,10:10,10:10,10:25
2026-02-09,META,put,ITM,mid,25.0,7,360.0,OPPORTUNITY/HINDSIGHT,09:35,10:05,10:05,10:10,10:10,10:25
2026-02-09,META,put,ITM,mid,30.0,7,360.0,OPPORTUNITY/HINDSIGHT,09:35,10:05,10:05,10:10,10:10,10:25
2026-02-09,META,put,ITM,mid,40.0,6,360.0,OPPORTUNITY/HINDSIGHT,09:35,10:05,10:05,10:15,10:15,11:05
2026-02-09,META,put,ITM,mid,50.0,5,375.0,OPPORTUNITY/HINDSIGHT,09:35,10:05,10:05,10:20,10:20,11:10
2026-02-09,META,put,ITM,mid,60.0,4,345.0,OPPORTUNITY/HINDSIGHT,09:35,10:05,10:05,10:20,10:20,11:50
2026-02-09,META,put,ITM,mid,70.0,3,345.0,OPPORTUNITY/HINDSIGHT,09:35,10:10,10:10,11:10,11:10,15:20
2026-02-09,META,put,ITM,mid,75.0,3,345.0,OPPORTUNITY/HINDSIGHT,09:35,10:10,10:10,11:10,11:10,15:20
2026-02-09,META,put,ITM,mid,80.0,3,350.0,OPPORTUNITY/HINDSIGHT,09:35,10:10,10:10,11:10,11:10,15:25
2026-02-09,META,put,ITM,mid,90.0,3,360.0,OPPORTUNITY/HINDSIGHT,09:35,10:10,10:10,11:50,11:50,15:35
2026-02-09,META,put,ITM,mid,100.0,3,375.0,OPPORTUNITY/HINDSIGHT,09:35,10:20,10:20,14:00,14:00,15:50
2026-02-09,META,put,ITM,market,20.0,7,360.0,OPPORTUNITY/HINDSIGHT,09:35,10:05,10:05,10:10,10:10,10:25
2026-02-09,META,put,ITM,market,25.0,7,360.0,OPPORTUNITY/HINDSIGHT,09:35,10:05,10:05,10:10,10:10,10:25
2026-02-09,META,put,ITM,market,30.0,7,375.0,OPPORTUNITY/HINDSIGHT,09:35,10:05,10:05,10:10,10:10,10:25
2026-02-09,META,put,ITM,market,40.0,5,375.0,OPPORTUNITY/HINDSIGHT,09:35,10:05,10:05,10:20,10:20,11:10
2026-02-09,META,put,ITM,market,50.0,5,375.0,OPPORTUNITY/HINDSIGHT,09:35,10:05,10:05,10:20,10:20,11:10
2026-02-09,META,put,ITM,market,60.0,3,345.0,OPPORTUNITY/HINDSIGHT,09:35,10:10,10:10,11:10,11:10,15:20
2026-02-09,META,put,ITM,market,70.0,3,345.0,OPPORTUNITY/HINDSIGHT,09:35,10:10,10:10,11:10,11:10,15:20
2026-02-09,META,put,ITM,market,75.0,3,350.0,OPPORTUNITY/HINDSIGHT,09:35,10:10,10:10,11:10,11:10,15:25
2026-02-09,META,put,ITM,market,80.0,3,360.0,OPPORTUNITY/HINDSIGHT,09:35,10:10,10:10,11:10,11:10,15:35
2026-02-09,META,put,ITM,market,90.0,3,375.0,OPPORTUNITY/HINDSIGHT,09:35,10:20,10:20,14:00,14:00,15:50
2026-02-09,META,put,ITM,market,100.0,3,340.0,OPPORTUNITY/HINDSIGHT,09:35,10:20,10:20,14:05,14:15,15:25
2026-02-10,META,call,ITM,mid,20.0,6,365.0,OPPORTUNITY/HINDSIGHT,09:35,10:20,10:20,10:30,10:30,14:10
2026-02-10,META,call,ITM,mid,25.0,5,365.0,OPPORTUNITY/HINDSIGHT,09:35,10:20,10:20,10:30,10:30,14:15
2026-02-10,META,call,ITM,mid,30.0,5,365.0,OPPORTUNITY/HINDSIGHT,09:35,10:20,10:20,11:15,11:15,14:15
2026-02-10,META,call,ITM,mid,40.0,4,365.0,OPPORTUNITY/HINDSIGHT,09:35,10:20,10:20,11:50,11:50,14:15
2026-02-10,META,call,ITM,mid,50.0,3,365.0,OPPORTUNITY/HINDSIGHT,09:35,10:30,10:30,14:15,14:15,15:40
2026-02-10,META,call,ITM,mid,60.0,3,365.0,OPPORTUNITY/HINDSIGHT,09:35,10:30,10:30,14:15,14:15,15:40
2026-02-10,META,call,ITM,mid,70.0,2,350.0,OPPORTUNITY/HINDSIGHT,09:35,10:30,10:30,15:25,,
2026-02-10,META,call,ITM,mid,75.0,2,350.0,OPPORTUNITY/HINDSIGHT,09:35,11:15,11:15,15:25,,
2026-02-10,META,call,ITM,mid,80.0,2,350.0,OPPORTUNITY/HINDSIGHT,09:35,11:15,11:15,15:25,,
2026-02-10,META,call,ITM,mid,90.0,2,365.0,OPPORTUNITY/HINDSIGHT,09:35,11:50,11:50,15:40,,
2026-02-10,META,call,ITM,mid,100.0,2,335.0,OPPORTUNITY/HINDSIGHT,09:35,14:10,14:25,15:25,,
2026-02-10,META,call,ITM,market,20.0,5,365.0,OPPORTUNITY/HINDSIGHT,09:35,10:20,10:20,10:30,10:30,14:15
2026-02-10,META,call,ITM,market,25.0,5,365.0,OPPORTUNITY/HINDSIGHT,09:35,10:20,10:20,11:15,11:15,14:15
2026-02-10,META,call,ITM,market,30.0,5,360.0,OPPORTUNITY/HINDSIGHT,09:35,10:20,10:20,11:50,11:50,14:15
2026-02-10,META,call,ITM,market,40.0,3,350.0,OPPORTUNITY/HINDSIGHT,09:35,10:20,10:20,14:10,14:10,15:25
2026-02-10,META,call,ITM,market,50.0,3,365.0,OPPORTUNITY/HINDSIGHT,09:35,10:30,10:30,14:15,14:15,15:40
2026-02-10,META,call,ITM,market,60.0,2,350.0,OPPORTUNITY/HINDSIGHT,09:35,10:30,10:30,15:25,,
2026-02-10,META,call,ITM,market,70.0,2,350.0,OPPORTUNITY/HINDSIGHT,09:35,11:15,11:15,15:25,,
2026-02-10,META,call,ITM,market,75.0,2,350.0,OPPORTUNITY/HINDSIGHT,09:35,11:15,11:15,15:25,,
2026-02-10,META,call,ITM,market,80.0,2,365.0,OPPORTUNITY/HINDSIGHT,09:35,11:50,11:50,15:40,,
2026-02-10,META,call,ITM,market,90.0,2,335.0,OPPORTUNITY/HINDSIGHT,09:35,14:10,14:25,15:25,,
2026-02-10,META,call,ITM,market,100.0,2,340.0,OPPORTUNITY/HINDSIGHT,09:35,14:15,14:25,15:25,,
2026-02-10,META,call,ATM,mid,20.0,4,365.0,OPPORTUNITY/HINDSIGHT,09:35,10:20,10:20,10:30,10:30,14:15
2026-02-10,META,call,ATM,mid,25.0,4,365.0,OPPORTUNITY/HINDSIGHT,09:35,10:20,10:20,10:30,10:30,14:15
2026-02-10,META,call,ATM,mid,30.0,4,365.0,OPPORTUNITY/HINDSIGHT,09:35,10:20,10:20,10:30,10:30,14:15
2026-02-10,META,call,ATM,mid,40.0,4,365.0,OPPORTUNITY/HINDSIGHT,09:35,10:20,10:20,11:15,11:15,14:15
2026-02-10,META,call,ATM,mid,50.0,4,365.0,OPPORTUNITY/HINDSIGHT,09:35,10:20,10:20,11:50,11:50,15:25
2026-02-10,META,call,ATM,mid,60.0,4,365.0,OPPORTUNITY/HINDSIGHT,09:35,10:20,10:20,14:10,14:10,14:15
2026-02-10,META,call,ATM,mid,70.0,3,365.0,OPPORTUNITY/HINDSIGHT,09:35,10:25,10:25,14:15,14:15,15:40
2026-02-10,META,call,ATM,mid,75.0,3,365.0,OPPORTUNITY/HINDSIGHT,09:35,10:30,10:30,15:25,15:25,15:40
2026-02-10,META,call,ATM,mid,80.0,3,365.0,OPPORTUNITY/HINDSIGHT,09:35,10:30,10:30,15:25,15:25,15:40
2026-02-10,META,call,ATM,mid,90.0,3,365.0,OPPORTUNITY/HINDSIGHT,09:35,10:30,10:30,15:25,15:25,15:40
2026-02-10,META,call,ATM,mid,100.0,3,360.0,OPPORTUNITY/HINDSIGHT,09:35,10:30,10:30,15:25,15:30,15:40
2026-02-10,META,call,ATM,market,20.0,4,365.0,OPPORTUNITY/HINDSIGHT,09:35,10:20,10:20,10:30,10:30,14:15
2026-02-10,META,call,ATM,market,25.0,4,365.0,OPPORTUNITY/HINDSIGHT,09:35,10:20,10:20,10:30,10:30,14:15
2026-02-10,META,call,ATM,market,30.0,4,365.0,OPPORTUNITY/HINDSIGHT,09:35,10:20,10:20,10:30,10:30,14:15
2026-02-10,META,call,ATM,market,40.0,4,365.0,OPPORTUNITY/HINDSIGHT,09:35,10:20,10:20,11:15,11:15,14:15
2026-02-10,META,call,ATM,market,50.0,4,365.0,OPPORTUNITY/HINDSIGHT,09:35,10:20,10:20,11:50,11:50,15:25
2026-02-10,META,call,ATM,market,60.0,4,365.0,OPPORTUNITY/HINDSIGHT,09:35,10:20,10:20,14:10,14:10,14:15
2026-02-10,META,call,ATM,market,70.0,3,365.0,OPPORTUNITY/HINDSIGHT,09:35,10:30,10:30,15:25,15:25,15:40
2026-02-10,META,call,ATM,market,75.0,3,365.0,OPPORTUNITY/HINDSIGHT,09:35,10:30,10:30,15:25,15:25,15:40
2026-02-10,META,call,ATM,market,80.0,3,365.0,OPPORTUNITY/HINDSIGHT,09:35,10:30,10:30,15:25,15:25,15:40
2026-02-10,META,call,ATM,market,90.0,3,365.0,OPPORTUNITY/HINDSIGHT,09:35,10:30,10:30,15:25,15:25,15:40
2026-02-10,META,call,ATM,market,100.0,3,360.0,OPPORTUNITY/HINDSIGHT,09:35,10:30,10:30,15:25,15:30,15:40
2026-02-10,META,call,OTM1,mid,20.0,3,350.0,OPPORTUNITY/HINDSIGHT,09:35,10:20,10:20,10:30,10:30,15:25
2026-02-10,META,call,OTM1,mid,25.0,3,350.0,OPPORTUNITY/HINDSIGHT,09:35,10:20,10:20,10:30,10:30,15:25
2026-02-10,META,call,OTM1,mid,30.0,3,365.0,OPPORTUNITY/HINDSIGHT,09:35,10:20,10:20,10:30,10:30,15:40
2026-02-10,META,call,OTM1,mid,40.0,3,365.0,OPPORTUNITY/HINDSIGHT,09:35,10:20,10:20,10:30,10:30,15:40
2026-02-10,META,call,OTM1,mid,50.0,3,365.0,OPPORTUNITY/HINDSIGHT,09:35,10:20,10:20,10:30,10:30,15:40
2026-02-10,META,call,OTM1,mid,60.0,3,365.0,OPPORTUNITY/HINDSIGHT,09:35,10:20,10:20,11:50,11:50,15:40
2026-02-10,META,call,OTM1,mid,70.0,3,345.0,OPPORTUNITY/HINDSIGHT,09:35,10:20,10:20,14:15,14:20,15:25
2026-02-10,META,call,OTM1,mid,75.0,3,345.0,OPPORTUNITY/HINDSIGHT,09:35,10:20,10:20,14:15,14:20,15:25
2026-02-10,META,call,OTM1,mid,80.0,3,345.0,OPPORTUNITY/HINDSIGHT,09:35,10:20,10:20,14:15,14:20,15:25
2026-02-10,META,call,OTM1,mid,90.0,3,360.0,OPPORTUNITY/HINDSIGHT,09:35,10:20,10:20,14:15,14:20,15:40
2026-02-10,META,call,OTM1,mid,100.0,2,365.0,OPPORTUNITY/HINDSIGHT,09:35,10:30,10:30,15:40,,
2026-02-10,META,call,OTM1,market,20.0,3,350.0,OPPORTUNITY/HINDSIGHT,09:35,10:20,10:20,10:30,10:30,15:25
2026-02-10,META,call,OTM1,market,25.0,3,365.0,OPPORTUNITY/HINDSIGHT,09:35,10:20,10:20,10:30,10:30,15:40
2026-02-10,META,call,OTM1,market,30.0,3,365.0,OPPORTUNITY/HINDSIGHT,09:35,10:20,10:20,10:30,10:30,15:40
2026-02-10,META,call,OTM1,market,40.0,3,365.0,OPPORTUNITY/HINDSIGHT,09:35,10:20,10:20,10:30,10:30,15:40
2026-02-10,META,call,OTM1,market,50.0,3,365.0,OPPORTUNITY/HINDSIGHT,09:35,10:20,10:20,11:15,11:15,15:40
2026-02-10,META,call,OTM1,market,60.0,3,365.0,OPPORTUNITY/HINDSIGHT,09:35,10:20,10:20,11:50,11:50,15:40
2026-02-10,META,call,OTM1,market,70.0,3,345.0,OPPORTUNITY/HINDSIGHT,09:35,10:20,10:20,14:15,14:20,15:25
2026-02-10,META,call,OTM1,market,75.0,3,345.0,OPPORTUNITY/HINDSIGHT,09:35,10:20,10:20,14:15,14:20,15:25
2026-02-10,META,call,OTM1,market,80.0,3,345.0,OPPORTUNITY/HINDSIGHT,09:35,10:20,10:20,14:15,14:20,15:25
2026-02-10,META,call,OTM1,market,90.0,3,360.0,OPPORTUNITY/HINDSIGHT,09:35,10:25,10:25,14:15,14:20,15:40
2026-02-10,META,call,OTM1,market,100.0,2,365.0,OPPORTUNITY/HINDSIGHT,09:35,10:30,10:30,15:40,,
2026-02-10,META,call,OTM2+,mid,20.0,7,285.0,OPPORTUNITY/HINDSIGHT,09:35,10:20,10:20,10:30,10:35,11:15
2026-02-10,META,call,OTM2+,mid,25.0,7,285.0,OPPORTUNITY/HINDSIGHT,09:35,10:20,10:20,10:30,10:35,11:15
2026-02-10,META,call,OTM2+,mid,30.0,7,290.0,OPPORTUNITY/HINDSIGHT,09:35,10:20,10:20,10:30,10:35,11:15
2026-02-10,META,call,OTM2+,mid,40.0,4,325.0,OPPORTUNITY/HINDSIGHT,09:35,10:20,10:20,10:30,10:35,14:15
2026-02-10,META,call,OTM2+,mid,50.0,4,325.0,OPPORTUNITY/HINDSIGHT,09:35,10:20,10:20,10:30,10:35,14:15
2026-02-10,META,call,OTM2+,mid,60.0,3,345.0,OPPORTUNITY/HINDSIGHT,09:35,10:20,10:20,10:30,10:35,15:25
2026-02-10,META,call,OTM2+,mid,70.0,4,305.0,OPPORTUNITY/HINDSIGHT,09:35,10:20,10:20,11:50,12:10,14:10
2026-02-10,META,call,OTM2+,mid,75.0,3,330.0,OPPORTUNITY/HINDSIGHT,09:35,10:20,10:20,14:15,14:35,15:25
2026-02-10,META,call,OTM2+,mid,80.0,3,330.0,OPPORTUNITY/HINDSIGHT,09:35,10:20,10:20,14:15,14:35,15:25
2026-02-10,META,call,OTM2+,mid,90.0,3,330.0,OPPORTUNITY/HINDSIGHT,09:35,10:20,10:20,14:15,14:35,15:25
2026-02-10,META,call,OTM2+,mid,100.0,2,350.0,OPPORTUNITY/HINDSIGHT,09:35,10:20,10:20,15:25,,
2026-02-10,META,call,OTM2+,market,20.0,7,285.0,OPPORTUNITY/HINDSIGHT,09:35,10:20,10:20,10:30,10:35,11:15
2026-02-10,META,call,OTM2+,market,25.0,7,290.0,OPPORTUNITY/HINDSIGHT,09:35,10:20,10:20,10:30,10:35,11:15
2026-02-10,META,call,OTM2+,market,30.0,5,300.0,OPPORTUNITY/HINDSIGHT,09:35,10:20,10:20,10:30,10:35,11:50
2026-02-10,META,call,OTM2+,market,40.0,4,325.0,OPPORTUNITY/HINDSIGHT,09:35,10:20,10:20,10:30,10:35,14:15
2026-02-10,META,call,OTM2+,market,50.0,3,345.0,OPPORTUNITY/HINDSIGHT,09:35,10:20,10:20,10:30,10:35,15:25
2026-02-10,META,call,OTM2+,market,60.0,3,360.0,OPPORTUNITY/HINDSIGHT,09:35,10:20,10:20,10:30,10:35,15:40
2026-02-10,META,call,OTM2+,market,70.0,3,330.0,OPPORTUNITY/HINDSIGHT,09:35,10:20,10:20,14:15,14:35,15:25
2026-02-10,META,call,OTM2+,market,75.0,3,330.0,OPPORTUNITY/HINDSIGHT,09:35,10:20,10:20,14:15,14:35,15:25
2026-02-10,META,call,OTM2+,market,80.0,3,330.0,OPPORTUNITY/HINDSIGHT,09:35,10:20,10:20,14:15,14:35,15:25
2026-02-10,META,call,OTM2+,market,90.0,2,350.0,OPPORTUNITY/HINDSIGHT,09:35,10:20,10:20,15:25,,
2026-02-10,META,call,OTM2+,market,100.0,2,350.0,OPPORTUNITY/HINDSIGHT,09:35,10:20,10:20,15:25,,
2026-02-10,META,put,OTM1,mid,20.0,7,310.0,OPPORTUNITY/HINDSIGHT,09:35,09:40,09:40,09:45,10:05,13:20
2026-02-10,META,put,OTM1,mid,25.0,9,305.0,OPPORTUNITY/HINDSIGHT,09:35,09:40,09:40,09:45,10:05,13:20
2026-02-10,META,put,OTM1,mid,30.0,9,300.0,OPPORTUNITY/HINDSIGHT,09:35,09:40,09:40,09:45,10:05,13:20
2026-02-10,META,put,OTM1,mid,40.0,9,300.0,OPPORTUNITY/HINDSIGHT,09:35,09:40,09:40,09:45,10:05,13:20
2026-02-10,META,put,OTM1,mid,50.0,9,305.0,OPPORTUNITY/HINDSIGHT,09:35,09:40,09:40,09:50,10:05,13:20
2026-02-10,META,put,OTM1,mid,60.0,7,295.0,OPPORTUNITY/HINDSIGHT,09:35,09:40,10:05,13:20,13:30,13:35
2026-02-10,META,put,OTM1,mid,70.0,7,295.0,OPPORTUNITY/HINDSIGHT,09:35,09:40,10:05,13:20,13:30,13:35
2026-02-10,META,put,OTM1,mid,75.0,6,295.0,OPPORTUNITY/HINDSIGHT,09:35,09:40,10:05,13:20,13:30,13:35
2026-02-10,META,put,OTM1,mid,80.0,6,300.0,OPPORTUNITY/HINDSIGHT,09:35,09:45,10:05,13:20,13:30,13:35
2026-02-10,META,put,OTM1,mid,90.0,6,295.0,OPPORTUNITY/HINDSIGHT,09:35,09:45,10:10,13:20,13:30,13:35
2026-02-10,META,put,OTM1,mid,100.0,6,295.0,OPPORTUNITY/HINDSIGHT,09:35,09:45,10:10,13:20,13:30,13:35
2026-02-10,META,put,OTM1,market,20.0,9,305.0,OPPORTUNITY/HINDSIGHT,09:35,09:40,09:40,09:45,10:05,13:20
2026-02-10,META,put,OTM1,market,25.0,9,300.0,OPPORTUNITY/HINDSIGHT,09:35,09:40,09:40,09:45,10:05,13:20
2026-02-10,META,put,OTM1,market,30.0,9,300.0,OPPORTUNITY/HINDSIGHT,09:35,09:40,09:40,09:45,10:05,13:20
2026-02-10,META,put,OTM1,market,40.0,9,305.0,OPPORTUNITY/HINDSIGHT,09:35,09:40,09:40,09:50,10:05,13:20
2026-02-10,META,put,OTM1,market,50.0,8,310.0,OPPORTUNITY/HINDSIGHT,09:35,09:40,09:40,09:55,10:05,13:20
2026-02-10,META,put,OTM1,market,60.0,7,295.0,OPPORTUNITY/HINDSIGHT,09:35,09:40,10:05,13:20,13:30,13:35
2026-02-10,META,put,OTM1,market,70.0,6,295.0,OPPORTUNITY/HINDSIGHT,09:35,09:40,10:05,13:20,13:30,13:35
2026-02-10,META,put,OTM1,market,75.0,6,300.0,OPPORTUNITY/HINDSIGHT,09:35,09:45,10:05,13:20,13:30,13:35
2026-02-10,META,put,OTM1,market,80.0,6,295.0,OPPORTUNITY/HINDSIGHT,09:35,09:45,10:10,13:20,13:30,13:35
2026-02-10,META,put,OTM1,market,90.0,6,295.0,OPPORTUNITY/HINDSIGHT,09:35,09:45,10:10,13:20,13:30,13:35
2026-02-10,META,put,OTM1,market,100.0,8,275.0,OPPORTUNITY/HINDSIGHT,09:35,09:45,10:20,12:30,12:35,12:45
2026-02-10,META,put,ATM,mid,20.0,7,320.0,OPPORTUNITY/HINDSIGHT,09:35,09:40,09:40,09:45,10:05,12:30
2026-02-10,META,put,ATM,mid,25.0,7,315.0,OPPORTUNITY/HINDSIGHT,09:35,09:40,09:40,09:45,10:05,12:45
2026-02-10,META,put,ATM,mid,30.0,7,315.0,OPPORTUNITY/HINDSIGHT,09:35,09:40,09:40,09:45,10:05,12:45
2026-02-10,META,put,ATM,mid,40.0,6,325.0,OPPORTUNITY/HINDSIGHT,09:35,09:40,09:40,09:55,10:05,13:20
2026-02-10,META,put,ATM,mid,50.0,5,310.0,OPPORTUNITY/HINDSIGHT,09:35,09:40,10:05,13:20,13:30,13:35
2026-02-10,META,put,ATM,mid,60.0,7,310.0,OPPORTUNITY/HINDSIGHT,09:35,09:45,10:05,13:20,13:30,13:35
2026-02-10,META,put,ATM,mid,70.0,6,310.0,OPPORTUNITY/HINDSIGHT,09:35,09:45,10:05,13:20,13:30,13:35
2026-02-10,META,put,ATM,mid,75.0,6,310.0,OPPORTUNITY/HINDSIGHT,09:35,09:45,10:05,13:20,13:30,13:35
2026-02-10,META,put,ATM,mid,80.0,6,310.0,OPPORTUNITY/HINDSIGHT,09:35,09:45,10:05,13:20,13:30,13:35
2026-02-10,META,put,ATM,mid,90.0,6,310.0,OPPORTUNITY/HINDSIGHT,09:35,09:45,10:05,13:20,13:30,13:35
2026-02-10,META,put,ATM,mid,100.0,6,295.0,OPPORTUNITY/HINDSIGHT,09:35,09:45,10:10,13:20,13:30,13:35
2026-02-10,META,put,ATM,market,20.0,7,315.0,OPPORTUNITY/HINDSIGHT,09:35,09:40,09:40,09:45,10:05,12:45
2026-02-10,META,put,ATM,market,25.0,7,315.0,OPPORTUNITY/HINDSIGHT,09:35,09:40,09:40,09:45,10:05,12:45
2026-02-10,META,put,ATM,market,30.0,7,320.0,OPPORTUNITY/HINDSIGHT,09:35,09:40,09:40,09:50,10:05,12:45
2026-02-10,META,put,ATM,market,40.0,5,310.0,OPPORTUNITY/HINDSIGHT,09:35,09:40,10:05,13:20,13:30,13:35
2026-02-10,META,put,ATM,market,50.0,5,315.0,OPPORTUNITY/HINDSIGHT,09:35,09:45,10:05,13:20,13:30,13:35
2026-02-10,META,put,ATM,market,60.0,6,310.0,OPPORTUNITY/HINDSIGHT,09:35,09:45,10:05,13:20,13:30,13:35
2026-02-10,META,put,ATM,market,70.0,6,310.0,OPPORTUNITY/HINDSIGHT,09:35,09:45,10:05,13:20,13:30,13:35
2026-02-10,META,put,ATM,market,75.0,6,310.0,OPPORTUNITY/HINDSIGHT,09:35,09:45,10:05,13:20,13:30,13:35
2026-02-10,META,put,ATM,market,80.0,6,310.0,OPPORTUNITY/HINDSIGHT,09:35,09:45,10:05,13:20,13:30,13:35
2026-02-10,META,put,ATM,market,90.0,6,310.0,OPPORTUNITY/HINDSIGHT,09:35,09:45,10:05,13:20,13:30,13:35
2026-02-10,META,put,ATM,market,100.0,6,300.0,OPPORTUNITY/HINDSIGHT,09:35,09:50,10:10,13:20,13:30,13:35
2026-02-10,META,put,OTM2+,mid,20.0,4,200.0,OPPORTUNITY/HINDSIGHT,10:20,11:00,11:00,12:30,14:10,14:45
2026-02-10,META,put,OTM2+,mid,25.0,4,205.0,OPPORTUNITY/HINDSIGHT,10:20,11:00,11:00,12:30,14:10,14:50
2026-02-10,META,put,OTM2+,mid,30.0,4,205.0,OPPORTUNITY/HINDSIGHT,10:20,11:00,11:00,12:30,14:10,14:50
2026-02-10,META,put,OTM2+,mid,40.0,4,205.0,OPPORTUNITY/HINDSIGHT,10:20,11:05,11:05,12:30,14:10,14:50
2026-02-10,META,put,OTM2+,mid,50.0,3,205.0,OPPORTUNITY/HINDSIGHT,10:20,12:30,14:10,14:50,15:25,16:00
2026-02-10,META,put,OTM2+,mid,60.0,3,205.0,OPPORTUNITY/HINDSIGHT,10:20,12:30,14:10,14:50,15:25,16:00
2026-02-10,META,put,OTM2+,mid,70.0,3,205.0,OPPORTUNITY/HINDSIGHT,10:20,12:30,14:10,14:50,15:25,16:00
2026-02-10,META,put,OTM2+,mid,75.0,3,205.0,OPPORTUNITY/HINDSIGHT,10:20,12:30,14:10,14:50,15:25,16:00
2026-02-10,META,put,OTM2+,mid,80.0,3,205.0,OPPORTUNITY/HINDSIGHT,10:20,12:30,14:10,14:50,15:25,16:00
2026-02-10,META,put,OTM2+,mid,90.0,3,205.0,OPPORTUNITY/HINDSIGHT,10:20,12:30,14:10,14:50,15:25,16:00
2026-02-10,META,put,OTM2+,mid,100.0,3,205.0,OPPORTUNITY/HINDSIGHT,10:20,12:30,14:10,14:50,15:25,16:00
2026-02-10,META,put,OTM2+,market,20.0,4,205.0,OPPORTUNITY/HINDSIGHT,10:20,11:00,11:00,12:30,14:10,14:50
2026-02-10,META,put,OTM2+,market,25.0,4,205.0,OPPORTUNITY/HINDSIGHT,10:20,11:00,11:00,12:30,14:10,14:50
2026-02-10,META,put,OTM2+,market,30.0,4,205.0,OPPORTUNITY/HINDSIGHT,10:20,11:00,11:00,12:30,14:10,14:50
2026-02-10,META,put,OTM2+,market,40.0,3,205.0,OPPORTUNITY/HINDSIGHT,10:20,12:30,14:10,14:50,15:25,16:00
2026-02-10,META,put,OTM2+,market,50.0,3,205.0,OPPORTUNITY/HINDSIGHT,10:20,12:30,14:10,14:50,15:25,16:00
2026-02-10,META,put,OTM2+,market,60.0,3,205.0,OPPORTUNITY/HINDSIGHT,10:20,12:30,14:10,14:50,15:25,16:00
2026-02-10,META,put,OTM2+,market,70.0,3,205.0,OPPORTUNITY/HINDSIGHT,10:20,12:30,14:10,14:50,15:25,16:00
2026-02-10,META,put,OTM2+,market,75.0,3,205.0,OPPORTUNITY/HINDSIGHT,10:20,12:30,14:10,14:50,15:25,16:00
2026-02-10,META,put,OTM2+,market,80.0,3,205.0,OPPORTUNITY/HINDSIGHT,10:20,12:30,14:10,14:50,15:25,16:00
2026-02-10,META,put,OTM2+,market,90.0,3,205.0,OPPORTUNITY/HINDSIGHT,10:20,12:30,14:10,14:50,15:25,16:00
2026-02-10,META,put,OTM2+,market,100.0,3,205.0,OPPORTUNITY/HINDSIGHT,10:20,12:30,14:10,14:50,15:25,16:00
2026-02-10,META,put,ITM,mid,20.0,6,325.0,OPPORTUNITY/HINDSIGHT,09:35,09:40,09:40,09:45,10:00,13:20
2026-02-10,META,put,ITM,mid,25.0,7,325.0,OPPORTUNITY/HINDSIGHT,09:35,09:40,09:40,09:50,10:05,12:30
2026-02-10,META,put,ITM,mid,30.0,6,310.0,OPPORTUNITY/HINDSIGHT,09:35,09:40,10:05,12:45,12:50,13:20
2026-02-10,META,put,ITM,mid,40.0,6,315.0,OPPORTUNITY/HINDSIGHT,09:35,09:45,10:05,12:45,12:50,13:20
2026-02-10,META,put,ITM,mid,50.0,6,315.0,OPPORTUNITY/HINDSIGHT,09:35,09:45,10:05,13:20,13:30,13:35
2026-02-10,META,put,ITM,mid,60.0,5,310.0,OPPORTUNITY/HINDSIGHT,09:35,09:45,10:05,13:20,14:10,14:35
2026-02-10,META,put,ITM,mid,70.0,4,290.0,OPPORTUNITY/HINDSIGHT,09:35,09:45,10:05,13:20,14:10,14:40
2026-02-10,META,put,ITM,mid,75.0,4,295.0,OPPORTUNITY/HINDSIGHT,09:35,09:50,10:05,13:20,14:10,14:40
2026-02-10,META,put,ITM,mid,80.0,4,290.0,OPPORTUNITY/HINDSIGHT,09:35,09:55,10:05,13:20,14:10,14:45
2026-02-10,META,put,ITM,mid,90.0,4,250.0,OPPORTUNITY/HINDSIGHT,10:20,12:30,12:35,13:20,14:10,14:45
2026-02-10,META,put,ITM,mid,100.0,3,225.0,OPPORTUNITY/HINDSIGHT,10:20,12:45,14:10,14:50,15:20,16:00
2026-02-10,META,put,ITM,market,20.0,7,325.0,OPPORTUNITY/HINDSIGHT,09:35,09:40,09:40,09:50,10:05,12:30
2026-02-10,META,put,ITM,market,25.0,6,310.0,OPPORTUNITY/HINDSIGHT,09:35,09:40,10:05,12:45,12:50,13:20
2026-02-10,META,put,ITM,market,30.0,6,310.0,OPPORTUNITY/HINDSIGHT,09:35,09:40,10:05,12:45,12:50,13:20
2026-02-10,META,put,ITM,market,40.0,6,315.0,OPPORTUNITY/HINDSIGHT,09:35,09:45,10:05,13:20,13:30,13:35
2026-02-10,META,put,ITM,market,50.0,6,315.0,OPPORTUNITY/HINDSIGHT,09:35,09:45,10:05,13:20,13:30,13:35
2026-02-10,META,put,ITM,market,60.0,4,290.0,OPPORTUNITY/HINDSIGHT,09:35,09:45,10:05,13:20,14:10,14:40
2026-02-10,META,put,ITM,market,70.0,4,285.0,OPPORTUNITY/HINDSIGHT,09:35,09:55,10:05,13:20,14:10,14:40
2026-02-10,META,put,ITM,market,75.0,3,265.0,OPPORTUNITY/HINDSIGHT,10:10,13:20,14:10,14:45,15:20,16:00
2026-02-10,META,put,ITM,market,80.0,3,265.0,OPPORTUNITY/HINDSIGHT,10:10,13:20,14:10,14:45,15:20,16:00
2026-02-10,META,put,ITM,market,90.0,3,225.0,OPPORTUNITY/HINDSIGHT,10:20,12:45,14:10,14:50,15:20,16:00
2026-02-10,META,put,ITM,market,100.0,3,260.0,OPPORTUNITY/HINDSIGHT,10:20,13:20,14:10,14:50,15:20,16:00
2026-02-11,META,call,ITM,mid,20.0,14,285.0,OPPORTUNITY/HINDSIGHT,09:35,09:55,09:55,10:00,10:00,10:15
2026-02-11,META,call,ITM,mid,25.0,12,295.0,OPPORTUNITY/HINDSIGHT,09:35,09:55,09:55,10:00,10:00,10:15
2026-02-11,META,call,ITM,mid,30.0,10,285.0,OPPORTUNITY/HINDSIGHT,09:35,09:55,09:55,10:00,10:00,10:15
2026-02-11,META,call,ITM,mid,40.0,10,255.0,OPPORTUNITY/HINDSIGHT,09:35,09:55,09:55,10:15,10:15,10:25
2026-02-11,META,call,ITM,mid,50.0,6,265.0,OPPORTUNITY/HINDSIGHT,09:35,10:00,10:00,10:25,10:40,13:05
2026-02-11,META,call,ITM,mid,60.0,6,205.0,OPPORTUNITY/HINDSIGHT,09:35,10:00,10:00,10:25,11:25,13:05
2026-02-11,META,call,ITM,mid,70.0,6,195.0,OPPORTUNITY/HINDSIGHT,09:35,10:00,10:00,10:25,11:25,13:05
2026-02-11,META,call,ITM,mid,75.0,5,210.0,OPPORTUNITY/HINDSIGHT,09:35,10:00,10:00,11:00,11:40,13:05
2026-02-11,META,call,ITM,mid,80.0,5,210.0,OPPORTUNITY/HINDSIGHT,09:35,10:00,10:00,11:00,11:40,13:05
2026-02-11,META,call,ITM,mid,90.0,4,170.0,OPPORTUNITY/HINDSIGHT,09:35,10:15,11:40,13:05,14:30,15:05
2026-02-11,META,call,ITM,mid,100.0,4,175.0,OPPORTUNITY/HINDSIGHT,09:35,10:15,11:40,13:05,14:30,15:05
2026-02-11,META,call,ITM,market,20.0,12,295.0,OPPORTUNITY/HINDSIGHT,09:35,09:55,09:55,10:00,10:00,10:15
2026-02-11,META,call,ITM,market,25.0,10,285.0,OPPORTUNITY/HINDSIGHT,09:35,09:55,09:55,10:00,10:00,10:20
2026-02-11,META,call,ITM,market,30.0,10,255.0,OPPORTUNITY/HINDSIGHT,09:35,09:55,09:55,10:15,10:15,10:25
2026-02-11,META,call,ITM,market,40.0,8,250.0,OPPORTUNITY/HINDSIGHT,09:35,09:55,09:55,10:15,10:15,10:25
2026-02-11,META,call,ITM,market,50.0,6,245.0,OPPORTUNITY/HINDSIGHT,09:35,10:00,10:00,10:25,10:45,13:05
2026-02-11,META,call,ITM,market,60.0,6,190.0,OPPORTUNITY/HINDSIGHT,09:35,10:00,10:00,10:25,11:25,13:05
2026-02-11,META,call,ITM,market,70.0,5,210.0,OPPORTUNITY/HINDSIGHT,09:35,10:00,10:00,11:00,11:40,13:05
2026-02-11,META,call,ITM,market,75.0,4,165.0,OPPORTUNITY/HINDSIGHT,09:35,10:15,11:40,13:05,14:30,15:00
2026-02-11,META,call,ITM,market,80.0,4,165.0,OPPORTUNITY/HINDSIGHT,09:35,10:15,11:40,13:05,14:30,15:00
2026-02-11,META,call,ITM,market,90.0,4,175.0,OPPORTUNITY/HINDSIGHT,09:35,10:15,11:40,13:05,14:30,15:05
2026-02-11,META,call,ITM,market,100.0,3,160.0,OPPORTUNITY/HINDSIGHT,09:35,10:15,11:40,13:05,14:30,15:05
2026-02-11,META,call,ATM,mid,20.0,17,285.0,OPPORTUNITY/HINDSIGHT,09:35,09:50,09:50,09:55,09:55,10:00
2026-02-11,META,call,ATM,mid,25.0,16,285.0,OPPORTUNITY/HINDSIGHT,09:35,09:50,09:50,09:55,09:55,10:00
2026-02-11,META,call,ATM,mid,30.0,14,285.0,OPPORTUNITY/HINDSIGHT,09:35,09:55,09:55,10:00,10:00,10:15
2026-02-11,META,call,ATM,mid,40.0,12,285.0,OPPORTUNITY/HINDSIGHT,09:35,09:55,09:55,10:00,10:00,10:15
2026-02-11,META,call,ATM,mid,50.0,10,285.0,OPPORTUNITY/HINDSIGHT,09:35,09:55,09:55,10:15,10:15,10:25
2026-02-11,META,call,ATM,mid,60.0,10,245.0,OPPORTUNITY/HINDSIGHT,09:35,09:55,09:55,10:15,10:15,10:25
2026-02-11,META,call,ATM,mid,70.0,9,235.0,OPPORTUNITY/HINDSIGHT,09:35,10:00,10:00,10:25,10:40,11:00
2026-02-11,META,call,ATM,mid,75.0,9,230.0,OPPORTUNITY/HINDSIGHT,09:35,10:00,10:00,10:25,10:45,11:00
2026-02-11,META,call,ATM,mid,80.0,8,215.0,OPPORTUNITY/HINDSIGHT,09:35,10:00,10:00,10:25,10:55,11:00
2026-02-11,META,call,ATM,mid,90.0,7,210.0,OPPORTUNITY/HINDSIGHT,09:35,10:00,10:00,10:25,11:25,13:05
2026-02-11,META,call,ATM,mid,100.0,7,210.0,OPPORTUNITY/HINDSIGHT,09:35,10:00,10:00,10:25,11:25,13:05
2026-02-11,META,call,ATM,market,20.0,16,285.0,OPPORTUNITY/HINDSIGHT,09:35,09:50,09:50,09:55,09:55,10:00
2026-02-11,META,call,ATM,market,25.0,14,285.0,OPPORTUNITY/HINDSIGHT,09:35,09:55,09:55,10:00,10:00,10:15
2026-02-11,META,call,ATM,market,30.0,13,290.0,OPPORTUNITY/HINDSIGHT,09:35,09:55,09:55,10:00,10:00,10:15
2026-02-11,META,call,ATM,market,40.0,11,280.0,OPPORTUNITY/HINDSIGHT,09:35,09:55,09:55,10:00,10:00,10:20
2026-02-11,META,call,ATM,market,50.0,9,265.0,OPPORTUNITY/HINDSIGHT,09:35,09:55,09:55,10:15,10:15,10:25
2026-02-11,META,call,ATM,market,60.0,10,245.0,OPPORTUNITY/HINDSIGHT,09:35,09:55,09:55,10:15,10:15,10:25
2026-02-11,META,call,ATM,market,70.0,8,215.0,OPPORTUNITY/HINDSIGHT,09:35,10:00,10:00,10:25,10:55,11:00
2026-02-11,META,call,ATM,market,75.0,7,210.0,OPPORTUNITY/HINDSIGHT,09:35,10:00,10:00,10:25,11:25,13:05
2026-02-11,META,call,ATM,market,80.0,7,210.0,OPPORTUNITY/HINDSIGHT,09:35,10:00,10:00,10:25,11:25,13:05
2026-02-11,META,call,ATM,market,90.0,7,210.0,OPPORTUNITY/HINDSIGHT,09:35,10:00,10:00,10:25,11:25,13:05
2026-02-11,META,call,ATM,market,100.0,7,195.0,OPPORTUNITY/HINDSIGHT,09:35,10:00,10:00,10:25,11:40,13:05
2026-02-11,META,call,OTM1,mid,20.0,11,145.0,OPPORTUNITY/HINDSIGHT,09:35,09:50,09:50,09:55,09:55,10:00
2026-02-11,META,call,OTM1,mid,25.0,10,145.0,OPPORTUNITY/HINDSIGHT,09:35,09:50,09:50,09:55,09:55,10:00
2026-02-11,META,call,OTM1,mid,30.0,10,145.0,OPPORTUNITY/HINDSIGHT,09:35,09:50,09:50,09:55,09:55,10:00
2026-02-11,META,call,OTM1,mid,40.0,9,145.0,OPPORTUNITY/HINDSIGHT,09:35,09:55,09:55,10:00,10:00,10:15
2026-02-11,META,call,OTM1,mid,50.0,9,150.0,OPPORTUNITY/HINDSIGHT,09:35,09:55,09:55,10:00,10:00,10:15
2026-02-11,META,call,OTM1,mid,60.0,9,160.0,OPPORTUNITY/HINDSIGHT,09:35,09:55,09:55,10:00,10:00,10:20
2026-02-11,META,call,OTM1,mid,70.0,8,155.0,OPPORTUNITY/HINDSIGHT,09:35,09:55,09:55,10:15,11:45,12:05
2026-02-11,META,call,OTM1,mid,75.0,8,155.0,OPPORTUNITY/HINDSIGHT,09:35,09:55,09:55,10:15,11:45,12:05
2026-02-11,META,call,OTM1,mid,80.0,8,155.0,OPPORTUNITY/HINDSIGHT,09:35,09:55,09:55,10:15,11:45,12:05
2026-02-11,META,call,OTM1,mid,90.0,7,155.0,OPPORTUNITY/HINDSIGHT,09:35,09:55,09:55,10:15,11:45,12:05
2026-02-11,META,call,OTM1,mid,100.0,6,155.0,OPPORTUNITY/HINDSIGHT,09:35,10:00,10:00,10:25,11:45,12:05
2026-02-11,META,call,OTM1,market,20.0,10,145.0,OPPORTUNITY/HINDSIGHT,09:35,09:50,09:50,09:55,09:55,10:00
2026-02-11,META,call,OTM1,market,25.0,10,145.0,OPPORTUNITY/HINDSIGHT,09:35,09:50,09:50,09:55,09:55,10:00
2026-02-11,META,call,OTM1,market,30.0,9,145.0,OPPORTUNITY/HINDSIGHT,09:35,09:55,09:55,10:00,10:00,10:15
2026-02-11,META,call,OTM1,market,40.0,9,150.0,OPPORTUNITY/HINDSIGHT,09:35,09:55,09:55,10:00,10:00,10:15
2026-02-11,META,call,OTM1,market,50.0,9,150.0,OPPORTUNITY/HINDSIGHT,09:35,09:55,09:55,10:00,10:00,10:15
2026-02-11,META,call,OTM1,market,60.0,8,155.0,OPPORTUNITY/HINDSIGHT,09:35,09:55,09:55,10:15,11:45,12:05
2026-02-11,META,call,OTM1,market,70.0,8,155.0,OPPORTUNITY/HINDSIGHT,09:35,09:55,09:55,10:15,11:45,12:05
2026-02-11,META,call,OTM1,market,75.0,8,155.0,OPPORTUNITY/HINDSIGHT,09:35,09:55,09:55,10:15,11:45,12:05
2026-02-11,META,call,OTM1,market,80.0,7,145.0,OPPORTUNITY/HINDSIGHT,09:35,09:55,09:55,10:15,11:45,12:05
2026-02-11,META,call,OTM1,market,90.0,7,165.0,OPPORTUNITY/HINDSIGHT,09:35,10:00,10:00,10:25,11:45,12:05
2026-02-11,META,call,OTM1,market,100.0,5,160.0,OPPORTUNITY/HINDSIGHT,09:35,10:00,10:00,10:25,11:45,12:50
2026-02-11,META,call,OTM2+,mid,20.0,3,35.0,OPPORTUNITY/HINDSIGHT,09:35,09:50,09:50,09:55,14:40,14:55
2026-02-11,META,call,OTM2+,mid,25.0,3,35.0,OPPORTUNITY/HINDSIGHT,09:35,09:50,09:50,09:55,14:40,14:55
2026-02-11,META,call,OTM2+,mid,30.0,3,35.0,OPPORTUNITY/HINDSIGHT,09:35,09:50,09:50,09:55,14:40,14:55
2026-02-11,META,call,OTM2+,mid,40.0,3,35.0,OPPORTUNITY/HINDSIGHT,09:35,09:50,09:50,09:55,14:40,14:55
2026-02-11,META,call,OTM2+,mid,50.0,2,35.0,OPPORTUNITY/HINDSIGHT,09:35,09:55,14:40,14:55,,
2026-02-11,META,call,OTM2+,mid,60.0,2,35.0,OPPORTUNITY/HINDSIGHT,09:35,09:55,14:40,14:55,,
2026-02-11,META,call,OTM2+,mid,70.0,2,35.0,OPPORTUNITY/HINDSIGHT,09:35,09:55,14:40,14:55,,
2026-02-11,META,call,OTM2+,mid,75.0,2,35.0,OPPORTUNITY/HINDSIGHT,09:35,09:55,14:40,14:55,,
2026-02-11,META,call,OTM2+,mid,80.0,2,35.0,OPPORTUNITY/HINDSIGHT,09:35,09:55,14:40,14:55,,
2026-02-11,META,call,OTM2+,mid,90.0,2,35.0,OPPORTUNITY/HINDSIGHT,09:35,09:55,14:40,14:55,,
2026-02-11,META,call,OTM2+,mid,100.0,2,35.0,OPPORTUNITY/HINDSIGHT,09:35,09:55,14:40,14:55,,
2026-02-11,META,call,OTM2+,market,20.0,3,35.0,OPPORTUNITY/HINDSIGHT,09:35,09:50,09:50,09:55,14:40,14:55
2026-02-11,META,call,OTM2+,market,25.0,3,35.0,OPPORTUNITY/HINDSIGHT,09:35,09:50,09:50,09:55,14:40,14:55
2026-02-11,META,call,OTM2+,market,30.0,3,35.0,OPPORTUNITY/HINDSIGHT,09:35,09:50,09:50,09:55,14:40,14:55
2026-02-11,META,call,OTM2+,market,40.0,2,35.0,OPPORTUNITY/HINDSIGHT,09:35,09:55,14:40,14:55,,
2026-02-11,META,call,OTM2+,market,50.0,2,35.0,OPPORTUNITY/HINDSIGHT,09:35,09:55,14:40,14:55,,
2026-02-11,META,call,OTM2+,market,60.0,2,35.0,OPPORTUNITY/HINDSIGHT,09:35,09:55,14:40,14:55,,
2026-02-11,META,call,OTM2+,market,70.0,2,35.0,OPPORTUNITY/HINDSIGHT,09:35,09:55,14:40,14:55,,
2026-02-11,META,call,OTM2+,market,75.0,2,35.0,OPPORTUNITY/HINDSIGHT,09:35,09:55,14:40,14:55,,
2026-02-11,META,call,OTM2+,market,80.0,2,35.0,OPPORTUNITY/HINDSIGHT,09:35,09:55,14:40,14:55,,
2026-02-11,META,call,OTM2+,market,90.0,2,35.0,OPPORTUNITY/HINDSIGHT,09:35,09:55,14:40,14:55,,
2026-02-11,META,call,OTM2+,market,100.0,2,35.0,OPPORTUNITY/HINDSIGHT,09:35,09:55,14:40,14:55,,
2026-02-11,META,put,OTM2+,mid,20.0,6,240.0,OPPORTUNITY/HINDSIGHT,10:15,11:45,11:45,11:50,12:05,12:10
2026-02-11,META,put,OTM2+,mid,25.0,6,240.0,OPPORTUNITY/HINDSIGHT,10:15,11:45,11:45,11:50,12:05,12:10
2026-02-11,META,put,OTM2+,mid,30.0,6,240.0,OPPORTUNITY/HINDSIGHT,10:15,11:45,11:45,11:50,12:05,12:10
2026-02-11,META,put,OTM2+,mid,40.0,5,220.0,OPPORTUNITY/HINDSIGHT,10:15,11:45,11:45,11:50,12:05,12:10
2026-02-11,META,put,OTM2+,mid,50.0,4,215.0,OPPORTUNITY/HINDSIGHT,10:15,11:45,11:45,11:50,12:05,12:10
2026-02-11,META,put,OTM2+,mid,60.0,3,215.0,OPPORTUNITY/HINDSIGHT,10:15,11:50,12:05,12:10,12:35,14:30
2026-02-11,META,put,OTM2+,mid,70.0,3,215.0,OPPORTUNITY/HINDSIGHT,10:15,11:50,12:05,12:10,12:35,14:30
2026-02-11,META,put,OTM2+,mid,75.0,3,215.0,OPPORTUNITY/HINDSIGHT,10:15,11:50,12:05,12:10,12:35,14:30
2026-02-11,META,put,OTM2+,mid,80.0,3,215.0,OPPORTUNITY/HINDSIGHT,10:15,11:50,12:05,12:10,12:35,14:30
2026-02-11,META,put,OTM2+,mid,90.0,3,220.0,OPPORTUNITY/HINDSIGHT,10:15,11:50,12:05,12:10,12:35,14:35
2026-02-11,META,put,OTM2+,mid,100.0,3,220.0,OPPORTUNITY/HINDSIGHT,10:15,11:50,12:05,12:10,12:35,14:35
2026-02-11,META,put,OTM2+,market,20.0,6,240.0,OPPORTUNITY/HINDSIGHT,10:15,11:45,11:45,11:50,12:05,12:10
2026-02-11,META,put,OTM2+,market,25.0,6,240.0,OPPORTUNITY/HINDSIGHT,10:15,11:45,11:45,11:50,12:05,12:10
2026-02-11,META,put,OTM2+,market,30.0,5,220.0,OPPORTUNITY/HINDSIGHT,10:15,11:45,11:45,11:50,12:05,12:10
2026-02-11,META,put,OTM2+,market,40.0,4,215.0,OPPORTUNITY/HINDSIGHT,10:15,11:45,11:45,11:50,12:05,12:10
2026-02-11,META,put,OTM2+,market,50.0,3,215.0,OPPORTUNITY/HINDSIGHT,10:15,11:50,12:05,12:10,12:35,14:30
2026-02-11,META,put,OTM2+,market,60.0,3,215.0,OPPORTUNITY/HINDSIGHT,10:15,11:50,12:05,12:10,12:35,14:30
2026-02-11,META,put,OTM2+,market,70.0,3,215.0,OPPORTUNITY/HINDSIGHT,10:15,11:50,12:05,12:10,12:35,14:30
2026-02-11,META,put,OTM2+,market,75.0,3,215.0,OPPORTUNITY/HINDSIGHT,10:15,11:50,12:05,12:10,12:35,14:30
2026-02-11,META,put,OTM2+,market,80.0,3,220.0,OPPORTUNITY/HINDSIGHT,10:15,11:50,12:05,12:10,12:35,14:35
2026-02-11,META,put,OTM2+,market,90.0,3,220.0,OPPORTUNITY/HINDSIGHT,10:15,11:50,12:05,12:10,12:35,14:35
2026-02-11,META,put,OTM2+,market,100.0,3,220.0,OPPORTUNITY/HINDSIGHT,10:15,11:50,12:05,12:10,12:35,14:35
2026-02-11,META,put,OTM1,mid,20.0,4,285.0,OPPORTUNITY/HINDSIGHT,10:15,11:45,11:45,11:50,12:00,14:40
2026-02-11,META,put,OTM1,mid,25.0,4,285.0,OPPORTUNITY/HINDSIGHT,10:15,11:45,11:45,11:50,12:00,14:40
2026-02-11,META,put,OTM1,mid,30.0,4,285.0,OPPORTUNITY/HINDSIGHT,10:15,11:45,11:45,11:50,12:00,14:40
2026-02-11,META,put,OTM1,mid,40.0,4,260.0,OPPORTUNITY/HINDSIGHT,10:15,11:45,11:45,11:50,12:00,14:40
2026-02-11,META,put,OTM1,mid,50.0,3,255.0,OPPORTUNITY/HINDSIGHT,10:15,11:45,12:00,14:40,15:05,15:10
2026-02-11,META,put,OTM1,mid,60.0,4,250.0,OPPORTUNITY/HINDSIGHT,10:15,11:50,12:05,12:10,12:15,14:40
2026-02-11,META,put,OTM1,mid,70.0,4,250.0,OPPORTUNITY/HINDSIGHT,10:15,11:50,12:05,12:10,12:15,14:40
2026-02-11,META,put,OTM1,mid,75.0,4,250.0,OPPORTUNITY/HINDSIGHT,10:15,11:50,12:05,12:10,12:15,14:40
2026-02-11,META,put,OTM1,mid,80.0,4,250.0,OPPORTUNITY/HINDSIGHT,10:15,11:50,12:05,12:10,12:15,14:40
2026-02-11,META,put,OTM1,mid,90.0,4,250.0,OPPORTUNITY/HINDSIGHT,10:15,11:50,12:05,12:10,12:15,14:40
2026-02-11,META,put,OTM1,mid,100.0,4,250.0,OPPORTUNITY/HINDSIGHT,10:15,11:50,12:05,12:10,12:15,14:40
2026-02-11,META,put,OTM1,market,20.0,4,285.0,OPPORTUNITY/HINDSIGHT,10:15,11:45,11:45,11:50,12:00,14:40
2026-02-11,META,put,OTM1,market,25.0,4,285.0,OPPORTUNITY/HINDSIGHT,10:15,11:45,11:45,11:50,12:00,14:40
2026-02-11,META,put,OTM1,market,30.0,4,260.0,OPPORTUNITY/HINDSIGHT,10:15,11:45,11:45,11:50,12:00,14:40
2026-02-11,META,put,OTM1,market,40.0,3,255.0,OPPORTUNITY/HINDSIGHT,10:15,11:45,12:00,14:40,15:05,15:10
2026-02-11,META,put,OTM1,market,50.0,4,245.0,OPPORTUNITY/HINDSIGHT,10:15,11:45,12:05,12:10,12:15,14:40
2026-02-11,META,put,OTM1,market,60.0,4,250.0,OPPORTUNITY/HINDSIGHT,10:15,11:50,12:05,12:10,12:15,14:40
2026-02-11,META,put,OTM1,market,70.0,4,250.0,OPPORTUNITY/HINDSIGHT,10:15,11:50,12:05,12:10,12:15,14:40
2026-02-11,META,put,OTM1,market,75.0,4,250.0,OPPORTUNITY/HINDSIGHT,10:15,11:50,12:05,12:10,12:15,14:40
2026-02-11,META,put,OTM1,market,80.0,4,250.0,OPPORTUNITY/HINDSIGHT,10:15,11:50,12:05,12:10,12:15,14:40
2026-02-11,META,put,OTM1,market,90.0,4,250.0,OPPORTUNITY/HINDSIGHT,10:15,11:50,12:05,12:10,12:15,14:40
2026-02-11,META,put,OTM1,market,100.0,2,265.0,OPPORTUNITY/HINDSIGHT,10:15,14:35,15:05,15:10,,
2026-02-11,META,put,ATM,mid,20.0,3,350.0,OPPORTUNITY/HINDSIGHT,10:00,14:35,14:35,14:40,14:50,16:00
2026-02-11,META,put,ATM,mid,25.0,2,350.0,OPPORTUNITY/HINDSIGHT,10:00,14:40,14:50,16:00,,
2026-02-11,META,put,ATM,mid,30.0,4,345.0,OPPORTUNITY/HINDSIGHT,10:00,14:40,14:55,15:15,15:15,15:25
2026-02-11,META,put,ATM,mid,40.0,3,340.0,OPPORTUNITY/HINDSIGHT,10:00,14:40,14:55,15:15,15:15,15:55
2026-02-11,META,put,ATM,mid,50.0,3,340.0,OPPORTUNITY/HINDSIGHT,10:00,14:40,14:55,15:15,15:15,15:55
2026-02-11,META,put,ATM,mid,60.0,3,340.0,OPPORTUNITY/HINDSIGHT,10:00,14:40,14:55,15:15,15:15,15:55
2026-02-11,META,put,ATM,mid,70.0,4,320.0,OPPORTUNITY/HINDSIGHT,10:15,11:50,12:00,14:40,14:55,15:15
2026-02-11,META,put,ATM,mid,75.0,4,320.0,OPPORTUNITY/HINDSIGHT,10:15,11:50,12:00,14:40,14:55,15:15
2026-02-11,META,put,ATM,mid,80.0,4,320.0,OPPORTUNITY/HINDSIGHT,10:15,11:50,12:00,14:40,14:55,15:15
2026-02-11,META,put,ATM,mid,90.0,3,320.0,OPPORTUNITY/HINDSIGHT,10:15,14:30,14:55,15:15,15:15,16:00
2026-02-11,META,put,ATM,mid,100.0,3,325.0,OPPORTUNITY/HINDSIGHT,10:15,14:35,14:55,15:15,15:15,16:00
2026-02-11,META,put,ATM,market,20.0,2,350.0,OPPORTUNITY/HINDSIGHT,10:00,14:40,14:50,16:00,,
2026-02-11,META,put,ATM,market,25.0,4,345.0,OPPORTUNITY/HINDSIGHT,10:00,14:40,14:55,15:15,15:15,15:25
2026-02-11,META,put,ATM,market,30.0,3,340.0,OPPORTUNITY/HINDSIGHT,10:00,14:40,14:55,15:15,15:15,15:55
2026-02-11,META,put,ATM,market,40.0,3,340.0,OPPORTUNITY/HINDSIGHT,10:00,14:40,14:55,15:15,15:15,15:55
2026-02-11,META,put,ATM,market,50.0,3,340.0,OPPORTUNITY/HINDSIGHT,10:00,14:40,14:55,15:15,15:15,15:55
2026-02-11,META,put,ATM,market,60.0,4,315.0,OPPORTUNITY/HINDSIGHT,10:15,11:50,12:00,14:40,14:55,15:15
2026-02-11,META,put,ATM,market,70.0,4,320.0,OPPORTUNITY/HINDSIGHT,10:15,11:50,12:00,14:40,14:55,15:15
2026-02-11,META,put,ATM,market,75.0,3,320.0,OPPORTUNITY/HINDSIGHT,10:15,14:30,14:55,15:15,15:15,16:00
2026-02-11,META,put,ATM,market,80.0,3,320.0,OPPORTUNITY/HINDSIGHT,10:15,14:30,14:55,15:15,15:15,16:00
2026-02-11,META,put,ATM,market,90.0,3,325.0,OPPORTUNITY/HINDSIGHT,10:15,14:35,14:55,15:15,15:15,16:00
2026-02-11,META,put,ATM,market,100.0,3,315.0,OPPORTUNITY/HINDSIGHT,10:15,14:35,14:55,15:25,15:30,15:55
2026-02-11,META,put,ITM,mid,20.0,3,345.0,OPPORTUNITY/HINDSIGHT,09:55,14:40,14:55,15:15,15:15,15:55
2026-02-11,META,put,ITM,mid,25.0,4,340.0,OPPORTUNITY/HINDSIGHT,10:00,14:30,14:30,14:40,14:55,15:15
2026-02-11,META,put,ITM,mid,30.0,3,330.0,OPPORTUNITY/HINDSIGHT,10:00,14:30,14:55,15:15,15:15,15:55
2026-02-11,META,put,ITM,mid,40.0,3,340.0,OPPORTUNITY/HINDSIGHT,10:00,14:35,14:55,15:15,15:15,16:00
2026-02-11,META,put,ITM,mid,50.0,3,335.0,OPPORTUNITY/HINDSIGHT,10:00,14:40,14:55,15:25,15:30,15:55
2026-02-11,META,put,ITM,mid,60.0,3,335.0,OPPORTUNITY/HINDSIGHT,10:00,14:40,14:55,15:25,15:30,15:55
2026-02-11,META,put,ITM,mid,70.0,3,215.0,OPPORTUNITY/HINDSIGHT,12:00,14:40,14:55,15:25,15:30,15:55
2026-02-11,META,put,ITM,mid,75.0,2,220.0,OPPORTUNITY/HINDSIGHT,12:00,14:40,14:55,15:55,,
2026-02-11,META,put,ITM,mid,80.0,2,205.0,OPPORTUNITY/HINDSIGHT,12:15,14:40,14:55,15:55,,
2026-02-11,META,put,ITM,mid,90.0,2,205.0,OPPORTUNITY/HINDSIGHT,12:15,14:40,14:55,15:55,,
2026-02-11,META,put,ITM,mid,100.0,2,95.0,OPPORTUNITY/HINDSIGHT,14:10,14:40,14:55,16:00,,
2026-02-11,META,put,ITM,market,20.0,4,340.0,OPPORTUNITY/HINDSIGHT,10:00,14:30,14:30,14:40,14:55,15:15
2026-02-11,META,put,ITM,market,25.0,3,330.0,OPPORTUNITY/HINDSIGHT,10:00,14:30,14:55,15:15,15:15,15:55
2026-02-11,META,put,ITM,market,30.0,3,340.0,OPPORTUNITY/HINDSIGHT,10:00,14:35,14:55,15:15,15:15,16:00
2026-02-11,META,put,ITM,market,40.0,3,345.0,OPPORTUNITY/HINDSIGHT,10:00,14:40,14:55,15:15,15:15,16:00
2026-02-11,META,put,ITM,market,50.0,3,335.0,OPPORTUNITY/HINDSIGHT,10:00,14:40,14:55,15:25,15:30,15:55
2026-02-11,META,put,ITM,market,60.0,3,335.0,OPPORTUNITY/HINDSIGHT,10:00,14:40,14:55,15:25,15:30,15:55
2026-02-11,META,put,ITM,market,70.0,2,220.0,OPPORTUNITY/HINDSIGHT,12:00,14:40,14:55,15:55,,
2026-02-11,META,put,ITM,market,75.0,2,205.0,OPPORTUNITY/HINDSIGHT,12:15,14:40,14:55,15:55,,
2026-02-11,META,put,ITM,market,80.0,2,205.0,OPPORTUNITY/HINDSIGHT,12:15,14:40,14:55,15:55,,
2026-02-11,META,put,ITM,market,90.0,2,210.0,OPPORTUNITY/HINDSIGHT,12:15,14:40,14:55,16:00,,
2026-02-11,META,put,ITM,market,100.0,2,95.0,OPPORTUNITY/HINDSIGHT,14:10,14:40,14:55,16:00,,
2026-02-12,META,call,ITM,mid,20.0,3,50.0,OPPORTUNITY/HINDSIGHT,09:40,10:15,11:05,11:15,11:25,11:30
2026-02-12,META,call,ITM,mid,25.0,2,45.0,OPPORTUNITY/HINDSIGHT,09:40,10:15,11:05,11:15,,
2026-02-12,META,call,ITM,mid,30.0,2,35.0,OPPORTUNITY/HINDSIGHT,09:45,10:10,11:05,11:15,,
2026-02-12,META,call,ITM,mid,40.0,2,40.0,OPPORTUNITY/HINDSIGHT,09:45,10:15,11:05,11:15,,
2026-02-12,META,call,ITM,mid,50.0,2,30.0,OPPORTUNITY/HINDSIGHT,09:50,10:10,11:05,11:15,,
2026-02-12,META,call,ITM,mid,60.0,2,30.0,OPPORTUNITY/HINDSIGHT,09:50,10:10,11:05,11:15,,
2026-02-12,META,call,ITM,mid,70.0,2,30.0,OPPORTUNITY/HINDSIGHT,09:50,10:10,11:05,11:15,,
2026-02-12,META,call,ITM,mid,75.0,2,35.0,OPPORTUNITY/HINDSIGHT,09:50,10:15,11:05,11:15,,
2026-02-12,META,call,ITM,mid,80.0,2,35.0,OPPORTUNITY/HINDSIGHT,09:50,10:15,11:05,11:15,,
2026-02-12,META,call,ITM,mid,90.0,1,10.0,OPPORTUNITY/HINDSIGHT,11:05,11:15,,,,
2026-02-12,META,call,ITM,market,20.0,2,45.0,OPPORTUNITY/HINDSIGHT,09:40,10:15,11:05,11:15,,
2026-02-12,META,call,ITM,market,25.0,2,35.0,OPPORTUNITY/HINDSIGHT,09:45,10:10,11:05,11:15,,
2026-02-12,META,call,ITM,market,30.0,2,40.0,OPPORTUNITY/HINDSIGHT,09:45,10:15,11:05,11:15,,
2026-02-12,META,call,ITM,market,40.0,2,40.0,OPPORTUNITY/HINDSIGHT,09:45,10:15,11:05,11:15,,
2026-02-12,META,call,ITM,market,50.0,2,30.0,OPPORTUNITY/HINDSIGHT,09:50,10:10,11:05,11:15,,
2026-02-12,META,call,ITM,market,60.0,2,30.0,OPPORTUNITY/HINDSIGHT,09:50,10:10,11:05,11:15,,
2026-02-12,META,call,ITM,market,70.0,2,35.0,OPPORTUNITY/HINDSIGHT,09:50,10:15,11:05,11:15,,
2026-02-12,META,call,ITM,market,75.0,2,35.0,OPPORTUNITY/HINDSIGHT,09:50,10:15,11:05,11:15,,
2026-02-12,META,call,ITM,market,80.0,1,10.0,OPPORTUNITY/HINDSIGHT,11:05,11:15,,,,
2026-02-12,META,call,ATM,mid,20.0,6,250.0,OPPORTUNITY/HINDSIGHT,09:40,10:15,11:05,11:10,11:10,11:15
2026-02-12,META,call,ATM,mid,25.0,5,255.0,OPPORTUNITY/HINDSIGHT,09:40,10:15,11:05,11:10,11:10,11:15
2026-02-12,META,call,ATM,mid,30.0,4,255.0,OPPORTUNITY/HINDSIGHT,09:40,10:15,11:05,11:15,11:25,11:30
2026-02-12,META,call,ATM,mid,40.0,3,245.0,OPPORTUNITY/HINDSIGHT,09:45,10:10,11:05,11:15,12:05,15:35
2026-02-12,META,call,ATM,mid,50.0,3,240.0,OPPORTUNITY/HINDSIGHT,09:45,10:15,11:05,11:15,12:15,15:35
2026-02-12,META,call,ATM,mid,60.0,3,240.0,OPPORTUNITY/HINDSIGHT,09:45,10:15,11:05,11:15,12:15,15:35
2026-02-12,META,call,ATM,mid,70.0,3,220.0,OPPORTUNITY/HINDSIGHT,09:50,10:10,11:05,11:15,12:20,15:30
2026-02-12,META,call,ATM,mid,75.0,3,220.0,OPPORTUNITY/HINDSIGHT,09:50,10:10,11:05,11:15,12:20,15:30
2026-02-12,META,call,ATM,mid,80.0,3,220.0,OPPORTUNITY/HINDSIGHT,09:50,10:10,11:05,11:15,12:20,15:30
2026-02-12,META,call,ATM,mid,90.0,3,220.0,OPPORTUNITY/HINDSIGHT,09:50,10:10,11:05,11:15,12:20,15:30
2026-02-12,META,call,ATM,mid,100.0,3,225.0,OPPORTUNITY/HINDSIGHT,09:50,10:10,11:05,11:15,12:20,15:35
2026-02-12,META,call,ATM,market,20.0,5,255.0,OPPORTUNITY/HINDSIGHT,09:40,10:15,11:05,11:10,11:10,11:15
2026-02-12,META,call,ATM,market,25.0,4,255.0,OPPORTUNITY/HINDSIGHT,09:40,10:15,11:05,11:15,11:25,11:30
2026-02-12,META,call,ATM,market,30.0,3,245.0,OPPORTUNITY/HINDSIGHT,09:45,10:10,11:05,11:15,12:05,15:35
2026-02-12,META,call,ATM,market,40.0,3,235.0,OPPORTUNITY/HINDSIGHT,09:45,10:15,11:05,11:15,12:15,15:30
2026-02-12,META,call,ATM,market,50.0,3,240.0,OPPORTUNITY/HINDSIGHT,09:45,10:15,11:05,11:15,12:15,15:35
2026-02-12,META,call,ATM,market,60.0,3,220.0,OPPORTUNITY/HINDSIGHT,09:50,10:10,11:05,11:15,12:20,15:30
2026-02-12,META,call,ATM,market,70.0,3,220.0,OPPORTUNITY/HINDSIGHT,09:50,10:10,11:05,11:15,12:20,15:30
2026-02-12,META,call,ATM,market,75.0,3,220.0,OPPORTUNITY/HINDSIGHT,09:50,10:10,11:05,11:15,12:20,15:30
2026-02-12,META,call,ATM,market,80.0,3,220.0,OPPORTUNITY/HINDSIGHT,09:50,10:10,11:05,11:15,12:20,15:30
2026-02-12,META,call,ATM,market,90.0,3,225.0,OPPORTUNITY/HINDSIGHT,09:50,10:10,11:05,11:15,12:20,15:35
2026-02-12,META,call,ATM,market,100.0,3,215.0,OPPORTUNITY/HINDSIGHT,09:50,10:10,11:05,11:15,12:25,15:30
2026-02-12,META,call,OTM1,mid,20.0,8,235.0,OPPORTUNITY/HINDSIGHT,09:40,10:10,11:05,11:10,11:10,11:15
2026-02-12,META,call,OTM1,mid,25.0,7,235.0,OPPORTUNITY/HINDSIGHT,09:40,10:15,11:05,11:10,11:10,11:15
2026-02-12,META,call,OTM1,mid,30.0,7,235.0,OPPORTUNITY/HINDSIGHT,09:40,10:15,11:05,11:10,11:10,11:15
2026-02-12,META,call,OTM1,mid,40.0,4,235.0,OPPORTUNITY/HINDSIGHT,09:40,10:15,11:05,11:15,11:25,11:30
2026-02-12,META,call,OTM1,mid,50.0,3,225.0,OPPORTUNITY/HINDSIGHT,09:45,10:10,11:05,11:15,12:25,15:35
2026-02-12,META,call,OTM1,mid,60.0,5,195.0,OPPORTUNITY/HINDSIGHT,09:45,10:10,11:05,11:15,12:40,14:15
2026-02-12,META,call,OTM1,mid,70.0,5,200.0,OPPORTUNITY/HINDSIGHT,09:45,10:15,11:05,11:15,12:40,14:15
2026-02-12,META,call,OTM1,mid,75.0,5,200.0,OPPORTUNITY/HINDSIGHT,09:45,10:15,11:05,11:15,12:40,14:15
2026-02-12,META,call,OTM1,mid,80.0,5,200.0,OPPORTUNITY/HINDSIGHT,09:45,10:15,11:05,11:15,12:40,14:15
2026-02-12,META,call,OTM1,mid,90.0,5,200.0,OPPORTUNITY/HINDSIGHT,09:45,10:15,11:05,11:15,12:40,14:15
2026-02-12,META,call,OTM1,mid,100.0,5,190.0,OPPORTUNITY/HINDSIGHT,09:50,10:10,11:05,11:15,12:40,14:15
2026-02-12,META,call,OTM1,market,20.0,7,235.0,OPPORTUNITY/HINDSIGHT,09:40,10:15,11:05,11:10,11:10,11:15
2026-02-12,META,call,OTM1,market,25.0,7,235.0,OPPORTUNITY/HINDSIGHT,09:40,10:15,11:05,11:10,11:10,11:15
2026-02-12,META,call,OTM1,market,30.0,5,240.0,OPPORTUNITY/HINDSIGHT,09:40,10:15,11:05,11:15,11:25,11:30
2026-02-12,META,call,OTM1,market,40.0,4,230.0,OPPORTUNITY/HINDSIGHT,09:45,10:10,11:05,11:15,11:25,11:30
2026-02-12,META,call,OTM1,market,50.0,5,195.0,OPPORTUNITY/HINDSIGHT,09:45,10:10,11:05,11:15,12:40,14:15
2026-02-12,META,call,OTM1,market,60.0,5,200.0,OPPORTUNITY/HINDSIGHT,09:45,10:15,11:05,11:15,12:40,14:15
2026-02-12,META,call,OTM1,market,70.0,5,200.0,OPPORTUNITY/HINDSIGHT,09:45,10:15,11:05,11:15,12:40,14:15
2026-02-12,META,call,OTM1,market,75.0,5,200.0,OPPORTUNITY/HINDSIGHT,09:45,10:15,11:05,11:15,12:40,14:15
2026-02-12,META,call,OTM1,market,80.0,5,200.0,OPPORTUNITY/HINDSIGHT,09:45,10:15,11:05,11:15,12:40,14:15
2026-02-12,META,call,OTM1,market,90.0,5,190.0,OPPORTUNITY/HINDSIGHT,09:50,10:10,11:05,11:15,12:40,14:15
2026-02-12,META,call,OTM1,market,100.0,5,190.0,OPPORTUNITY/HINDSIGHT,09:50,10:10,11:05,11:15,12:40,14:15
2026-02-12,META,call,OTM2+,mid,20.0,11,215.0,OPPORTUNITY/HINDSIGHT,09:40,10:10,10:10,10:15,10:20,10:30
2026-02-12,META,call,OTM2+,mid,25.0,8,205.0,OPPORTUNITY/HINDSIGHT,09:40,10:15,11:05,11:10,11:10,11:15
2026-02-12,META,call,OTM2+,mid,30.0,7,200.0,OPPORTUNITY/HINDSIGHT,09:40,10:15,11:05,11:10,11:10,11:15
2026-02-12,META,call,OTM2+,mid,40.0,7,200.0,OPPORTUNITY/HINDSIGHT,09:40,10:15,11:05,11:10,11:10,11:15
2026-02-12,META,call,OTM2+,mid,50.0,5,195.0,OPPORTUNITY/HINDSIGHT,09:40,10:15,11:05,11:15,11:25,11:30
2026-02-12,META,call,OTM2+,mid,60.0,5,185.0,OPPORTUNITY/HINDSIGHT,09:45,10:10,11:05,11:15,11:25,11:30
2026-02-12,META,call,OTM2+,mid,70.0,4,180.0,OPPORTUNITY/HINDSIGHT,09:45,10:10,11:05,11:15,12:40,14:15
2026-02-12,META,call,OTM2+,mid,75.0,4,180.0,OPPORTUNITY/HINDSIGHT,09:45,10:10,11:05,11:15,12:40,14:15
2026-02-12,META,call,OTM2+,mid,80.0,4,185.0,OPPORTUNITY/HINDSIGHT,09:45,10:15,11:05,11:15,12:40,14:15
2026-02-12,META,call,OTM2+,mid,90.0,4,185.0,OPPORTUNITY/HINDSIGHT,09:45,10:15,11:05,11:15,12:40,14:15
2026-02-12,META,call,OTM2+,mid,100.0,4,185.0,OPPORTUNITY/HINDSIGHT,09:45,10:15,11:05,11:15,12:40,14:15
2026-02-12,META,call,OTM2+,market,20.0,8,205.0,OPPORTUNITY/HINDSIGHT,09:40,10:15,11:05,11:10,11:10,11:15
2026-02-12,META,call,OTM2+,market,25.0,7,200.0,OPPORTUNITY/HINDSIGHT,09:40,10:15,11:05,11:10,11:10,11:15
2026-02-12,META,call,OTM2+,market,30.0,7,200.0,OPPORTUNITY/HINDSIGHT,09:40,10:15,11:05,11:10,11:10,11:15
2026-02-12,META,call,OTM2+,market,40.0,6,200.0,OPPORTUNITY/HINDSIGHT,09:40,10:15,11:05,11:15,11:25,11:30
2026-02-12,META,call,OTM2+,market,50.0,5,185.0,OPPORTUNITY/HINDSIGHT,09:45,10:10,11:05,11:15,11:25,11:30
2026-02-12,META,call,OTM2+,market,60.0,5,185.0,OPPORTUNITY/HINDSIGHT,09:45,10:10,11:05,11:15,11:25,11:30
2026-02-12,META,call,OTM2+,market,70.0,4,185.0,OPPORTUNITY/HINDSIGHT,09:45,10:15,11:05,11:15,12:40,14:15
2026-02-12,META,call,OTM2+,market,75.0,4,185.0,OPPORTUNITY/HINDSIGHT,09:45,10:15,11:05,11:15,12:40,14:15
2026-02-12,META,call,OTM2+,market,80.0,4,185.0,OPPORTUNITY/HINDSIGHT,09:45,10:15,11:05,11:15,12:40,14:15
2026-02-12,META,call,OTM2+,market,90.0,4,185.0,OPPORTUNITY/HINDSIGHT,09:45,10:15,11:05,11:15,12:40,14:15
2026-02-12,META,call,OTM2+,market,100.0,4,185.0,OPPORTUNITY/HINDSIGHT,09:45,10:15,11:05,11:15,12:40,14:15
2026-02-12,META,put,OTM2+,mid,20.0,6,85.0,OPPORTUNITY/HINDSIGHT,09:35,09:40,09:40,09:45,09:45,09:50
2026-02-12,META,put,OTM2+,mid,25.0,6,90.0,OPPORTUNITY/HINDSIGHT,09:35,09:40,09:40,09:45,09:45,09:50
2026-02-12,META,put,OTM2+,mid,30.0,6,90.0,OPPORTUNITY/HINDSIGHT,09:35,09:40,09:40,09:45,09:45,09:50
2026-02-12,META,put,OTM2+,mid,40.0,5,90.0,OPPORTUNITY/HINDSIGHT,09:35,09:40,09:40,09:50,10:05,11:05
2026-02-12,META,put,OTM2+,mid,50.0,5,90.0,OPPORTUNITY/HINDSIGHT,09:35,09:40,09:40,09:50,10:05,11:05
2026-02-12,META,put,OTM2+,mid,60.0,5,90.0,OPPORTUNITY/HINDSIGHT,09:35,09:40,09:40,09:50,10:05,11:05
2026-02-12,META,put,OTM2+,mid,70.0,4,95.0,OPPORTUNITY/HINDSIGHT,09:35,09:40,09:40,09:50,10:05,11:05
2026-02-12,META,put,OTM2+,mid,75.0,4,95.0,OPPORTUNITY/HINDSIGHT,09:35,09:40,09:40,09:50,10:05,11:05
2026-02-12,META,put,OTM2+,mid,80.0,4,95.0,OPPORTUNITY/HINDSIGHT,09:35,09:45,09:45,09:50,10:05,11:05
2026-02-12,META,put,OTM2+,mid,90.0,4,95.0,OPPORTUNITY/HINDSIGHT,09:35,09:45,09:45,09:50,10:05,11:05
2026-02-12,META,put,OTM2+,mid,100.0,4,95.0,OPPORTUNITY/HINDSIGHT,09:35,09:45,09:45,09:50,10:05,11:05
2026-02-12,META,put,OTM2+,market,20.0,6,90.0,OPPORTUNITY/HINDSIGHT,09:35,09:40,09:40,09:45,09:45,09:50
2026-02-12,META,put,OTM2+,market,25.0,6,90.0,OPPORTUNITY/HINDSIGHT,09:35,09:40,09:40,09:45,09:45,09:50
2026-02-12,META,put,OTM2+,market,30.0,6,90.0,OPPORTUNITY/HINDSIGHT,09:35,09:40,09:40,09:45,09:45,09:50
2026-02-12,META,put,OTM2+,market,40.0,5,90.0,OPPORTUNITY/HINDSIGHT,09:35,09:40,09:40,09:50,10:05,11:05
2026-02-12,META,put,OTM2+,market,50.0,5,90.0,OPPORTUNITY/HINDSIGHT,09:35,09:40,09:40,09:50,10:05,11:05
2026-02-12,META,put,OTM2+,market,60.0,5,90.0,OPPORTUNITY/HINDSIGHT,09:35,09:40,09:40,09:50,10:05,11:05
2026-02-12,META,put,OTM2+,market,70.0,4,95.0,OPPORTUNITY/HINDSIGHT,09:35,09:40,09:40,09:50,10:05,11:05
2026-02-12,META,put,OTM2+,market,75.0,4,95.0,OPPORTUNITY/HINDSIGHT,09:35,09:45,09:45,09:50,10:05,11:05
2026-02-12,META,put,OTM2+,market,80.0,4,95.0,OPPORTUNITY/HINDSIGHT,09:35,09:45,09:45,09:50,10:05,11:05
2026-02-12,META,put,OTM2+,market,90.0,4,95.0,OPPORTUNITY/HINDSIGHT,09:35,09:45,09:45,09:50,10:05,11:05
2026-02-12,META,put,OTM2+,market,100.0,4,110.0,OPPORTUNITY/HINDSIGHT,09:35,09:45,09:45,09:50,10:05,11:05
2026-02-12,META,put,OTM1,mid,20.0,6,175.0,OPPORTUNITY/HINDSIGHT,09:35,09:40,09:40,09:45,09:45,09:50
2026-02-12,META,put,OTM1,mid,25.0,6,175.0,OPPORTUNITY/HINDSIGHT,09:35,09:40,09:40,09:45,09:45,09:50
2026-02-12,META,put,OTM1,mid,30.0,5,180.0,OPPORTUNITY/HINDSIGHT,09:35,09:40,09:40,09:50,09:50,11:05
2026-02-12,META,put,OTM1,mid,40.0,5,180.0,OPPORTUNITY/HINDSIGHT,09:35,09:40,09:40,09:50,09:50,11:05
2026-02-12,META,put,OTM1,mid,50.0,5,185.0,OPPORTUNITY/HINDSIGHT,09:35,09:45,09:45,09:50,09:50,11:05
2026-02-12,META,put,OTM1,mid,60.0,5,190.0,OPPORTUNITY/HINDSIGHT,09:35,09:45,09:45,09:50,09:50,11:05
2026-02-12,META,put,OTM1,mid,70.0,5,190.0,OPPORTUNITY/HINDSIGHT,09:35,09:45,09:45,09:50,09:50,11:05
2026-02-12,META,put,OTM1,mid,75.0,5,190.0,OPPORTUNITY/HINDSIGHT,09:35,09:45,09:45,09:50,09:50,11:05
2026-02-12,META,put,OTM1,mid,80.0,4,190.0,OPPORTUNITY/HINDSIGHT,09:35,09:50,09:50,11:05,11:05,12:25
2026-02-12,META,put,OTM1,mid,90.0,3,170.0,OPPORTUNITY/HINDSIGHT,09:35,09:50,09:50,12:05,15:30,15:50
2026-02-12,META,put,OTM1,mid,100.0,3,170.0,OPPORTUNITY/HINDSIGHT,09:35,09:50,09:50,12:05,15:30,15:50
2026-02-12,META,put,OTM1,market,20.0,6,175.0,OPPORTUNITY/HINDSIGHT,09:35,09:40,09:40,09:45,09:45,09:50
2026-02-12,META,put,OTM1,market,25.0,5,180.0,OPPORTUNITY/HINDSIGHT,09:35,09:40,09:40,09:50,09:50,11:05
2026-02-12,META,put,OTM1,market,30.0,5,180.0,OPPORTUNITY/HINDSIGHT,09:35,09:40,09:40,09:50,09:50,11:05
2026-02-12,META,put,OTM1,market,40.0,5,185.0,OPPORTUNITY/HINDSIGHT,09:35,09:45,09:45,09:50,09:50,11:05
2026-02-12,META,put,OTM1,market,50.0,5,185.0,OPPORTUNITY/HINDSIGHT,09:35,09:45,09:45,09:50,09:50,11:05
2026-02-12,META,put,OTM1,market,60.0,5,190.0,OPPORTUNITY/HINDSIGHT,09:35,09:45,09:45,09:50,09:50,11:05
2026-02-12,META,put,OTM1,market,70.0,4,190.0,OPPORTUNITY/HINDSIGHT,09:35,09:50,09:50,11:05,11:05,12:25
2026-02-12,META,put,OTM1,market,75.0,4,190.0,OPPORTUNITY/HINDSIGHT,09:35,09:50,09:50,11:05,11:05,12:25
2026-02-12,META,put,OTM1,market,80.0,4,190.0,OPPORTUNITY/HINDSIGHT,09:35,09:50,09:50,11:05,11:05,12:25
2026-02-12,META,put,OTM1,market,90.0,3,170.0,OPPORTUNITY/HINDSIGHT,09:35,09:50,09:50,12:05,15:30,15:50
2026-02-12,META,put,OTM1,market,100.0,3,170.0,OPPORTUNITY/HINDSIGHT,09:35,09:50,09:50,12:05,15:30,15:50
2026-02-12,META,put,ATM,mid,20.0,12,230.0,OPPORTUNITY/HINDSIGHT,09:35,09:40,09:40,09:45,09:45,09:50
2026-02-12,META,put,ATM,mid,25.0,9,225.0,OPPORTUNITY/HINDSIGHT,09:35,09:40,09:40,09:50,09:50,11:05
2026-02-12,META,put,ATM,mid,30.0,9,235.0,OPPORTUNITY/HINDSIGHT,09:35,09:40,09:40,09:50,09:50,11:05
2026-02-12,META,put,ATM,mid,40.0,8,225.0,OPPORTUNITY/HINDSIGHT,09:35,09:45,09:45,09:50,09:50,11:05
2026-02-12,META,put,ATM,mid,50.0,8,235.0,OPPORTUNITY/HINDSIGHT,09:35,09:45,09:45,09:50,09:50,11:05
2026-02-12,META,put,ATM,mid,60.0,7,240.0,OPPORTUNITY/HINDSIGHT,09:35,09:50,09:50,11:05,11:05,12:25
2026-02-12,META,put,ATM,mid,70.0,7,240.0,OPPORTUNITY/HINDSIGHT,09:35,09:50,09:50,11:05,11:05,12:25
2026-02-12,META,put,ATM,mid,75.0,7,240.0,OPPORTUNITY/HINDSIGHT,09:35,09:50,09:50,12:05,12:05,12:25
2026-02-12,META,put,ATM,mid,80.0,6,230.0,OPPORTUNITY/HINDSIGHT,09:35,09:50,09:50,12:05,12:05,12:40
2026-02-12,META,put,ATM,mid,90.0,6,235.0,OPPORTUNITY/HINDSIGHT,09:35,09:50,09:50,12:05,12:05,12:40
2026-02-12,META,put,ATM,mid,100.0,6,235.0,OPPORTUNITY/HINDSIGHT,09:35,09:50,09:50,12:15,12:15,12:40
2026-02-12,META,put,ATM,market,20.0,10,225.0,OPPORTUNITY/HINDSIGHT,09:35,09:40,09:40,09:50,09:50,11:05
2026-02-12,META,put,ATM,market,25.0,9,235.0,OPPORTUNITY/HINDSIGHT,09:35,09:40,09:40,09:50,09:50,11:05
2026-02-12,META,put,ATM,market,30.0,8,225.0,OPPORTUNITY/HINDSIGHT,09:35,09:45,09:45,09:50,09:50,11:05
2026-02-12,META,put,ATM,market,40.0,8,225.0,OPPORTUNITY/HINDSIGHT,09:35,09:45,09:45,09:50,09:50,11:05
2026-02-12,META,put,ATM,market,50.0,7,240.0,OPPORTUNITY/HINDSIGHT,09:35,09:50,09:50,11:05,11:05,12:25
2026-02-12,META,put,ATM,market,60.0,7,240.0,OPPORTUNITY/HINDSIGHT,09:35,09:50,09:50,11:05,11:05,12:25
2026-02-12,META,put,ATM,market,70.0,7,240.0,OPPORTUNITY/HINDSIGHT,09:35,09:50,09:50,12:05,12:05,12:25
2026-02-12,META,put,ATM,market,75.0,6,230.0,OPPORTUNITY/HINDSIGHT,09:35,09:50,09:50,12:05,12:05,12:40
2026-02-12,META,put,ATM,market,80.0,6,235.0,OPPORTUNITY/HINDSIGHT,09:35,09:50,09:50,12:05,12:05,12:40
2026-02-12,META,put,ATM,market,90.0,6,235.0,OPPORTUNITY/HINDSIGHT,09:35,09:50,09:50,12:05,12:05,12:40
2026-02-12,META,put,ATM,market,100.0,6,235.0,OPPORTUNITY/HINDSIGHT,09:35,09:50,09:50,12:15,12:15,12:40
2026-02-12,META,put,ITM,mid,20.0,12,285.0,OPPORTUNITY/HINDSIGHT,09:35,09:40,09:40,09:50,09:50,11:05
2026-02-12,META,put,ITM,mid,25.0,12,285.0,OPPORTUNITY/HINDSIGHT,09:35,09:45,09:45,09:50,09:50,11:05
2026-02-12,META,put,ITM,mid,30.0,12,275.0,OPPORTUNITY/HINDSIGHT,09:35,09:45,09:45,09:50,09:50,11:05
2026-02-12,META,put,ITM,mid,40.0,8,290.0,OPPORTUNITY/HINDSIGHT,09:35,09:50,09:50,11:05,11:05,12:25
2026-02-12,META,put,ITM,mid,50.0,5,230.0,OPPORTUNITY/HINDSIGHT,09:35,09:50,09:50,11:05,11:05,12:25
2026-02-12,META,put,ITM,mid,60.0,5,235.0,OPPORTUNITY/HINDSIGHT,09:35,09:50,09:50,12:05,12:05,12:40
2026-02-12,META,put,ITM,mid,70.0,5,240.0,OPPORTUNITY/HINDSIGHT,09:35,09:50,09:50,12:05,12:05,12:40
2026-02-12,META,put,ITM,mid,75.0,4,235.0,OPPORTUNITY/HINDSIGHT,09:35,09:50,09:50,12:15,12:15,12:50
2026-02-12,META,put,ITM,mid,80.0,3,235.0,OPPORTUNITY/HINDSIGHT,09:35,11:05,11:05,12:50,14:10,14:50
2026-02-12,META,put,ITM,mid,90.0,3,235.0,OPPORTUNITY/HINDSIGHT,09:35,11:05,11:05,12:50,14:10,14:50
2026-02-12,META,put,ITM,mid,100.0,3,235.0,OPPORTUNITY/HINDSIGHT,09:35,11:05,11:05,12:50,14:10,14:50
2026-02-12,META,put,ITM,market,20.0,12,285.0,OPPORTUNITY/HINDSIGHT,09:35,09:45,09:45,09:50,09:50,11:05
2026-02-12,META,put,ITM,market,25.0,12,275.0,OPPORTUNITY/HINDSIGHT,09:35,09:45,09:45,09:50,09:50,11:05
2026-02-12,META,put,ITM,market,30.0,10,275.0,OPPORTUNITY/HINDSIGHT,09:35,09:45,09:45,09:50,09:50,11:05
2026-02-12,META,put,ITM,market,40.0,7,255.0,OPPORTUNITY/HINDSIGHT,09:35,09:50,09:50,11:05,11:05,12:25
2026-02-12,META,put,ITM,market,50.0,5,235.0,OPPORTUNITY/HINDSIGHT,09:35,09:50,09:50,12:05,12:05,12:40
2026-02-12,META,put,ITM,market,60.0,5,240.0,OPPORTUNITY/HINDSIGHT,09:35,09:50,09:50,12:05,12:05,12:40
2026-02-12,META,put,ITM,market,70.0,4,235.0,OPPORTUNITY/HINDSIGHT,09:35,09:50,09:50,12:15,12:15,12:50
2026-02-12,META,put,ITM,market,75.0,3,235.0,OPPORTUNITY/HINDSIGHT,09:35,11:05,11:05,12:50,14:10,14:50
2026-02-12,META,put,ITM,market,80.0,3,235.0,OPPORTUNITY/HINDSIGHT,09:35,11:05,11:05,12:50,14:10,14:50
2026-02-12,META,put,ITM,market,90.0,3,235.0,OPPORTUNITY/HINDSIGHT,09:35,11:05,11:05,12:50,14:10,14:50
2026-02-12,META,put,ITM,market,100.0,3,220.0,OPPORTUNITY/HINDSIGHT,09:35,11:05,11:05,12:50,14:15,14:40
2026-02-13,META,call,ITM,mid,20.0,10,310.0,OPPORTUNITY/HINDSIGHT,09:35,12:25,12:25,13:00,13:00,13:05
2026-02-13,META,call,ITM,mid,25.0,9,310.0,OPPORTUNITY/HINDSIGHT,09:35,12:25,12:25,13:00,13:00,13:10
2026-02-13,META,call,ITM,mid,30.0,8,315.0,OPPORTUNITY/HINDSIGHT,09:35,12:25,12:25,13:00,13:00,13:10
2026-02-13,META,call,ITM,mid,40.0,7,310.0,OPPORTUNITY/HINDSIGHT,09:35,12:25,12:25,13:00,13:00,13:10
2026-02-13,META,call,ITM,mid,50.0,5,300.0,OPPORTUNITY/HINDSIGHT,09:35,13:00,13:00,13:10,13:10,13:55
2026-02-13,META,call,ITM,mid,60.0,5,300.0,OPPORTUNITY/HINDSIGHT,09:35,13:00,13:00,13:10,13:10,13:55
2026-02-13,META,call,ITM,mid,70.0,5,310.0,OPPORTUNITY/HINDSIGHT,09:35,13:00,13:00,13:45,13:45,14:00
2026-02-13,META,call,ITM,mid,75.0,5,310.0,OPPORTUNITY/HINDSIGHT,09:35,13:00,13:00,13:45,13:45,14:00
2026-02-13,META,call,ITM,mid,80.0,4,300.0,OPPORTUNITY/HINDSIGHT,09:35,13:00,13:00,13:45,13:45,14:05
2026-02-13,META,call,ITM,mid,90.0,4,300.0,OPPORTUNITY/HINDSIGHT,09:35,13:00,13:00,13:55,13:55,14:05
2026-02-13,META,call,ITM,mid,100.0,4,310.0,OPPORTUNITY/HINDSIGHT,09:35,13:00,13:00,13:55,13:55,14:05
2026-02-13,META,call,ITM,market,20.0,9,310.0,OPPORTUNITY/HINDSIGHT,09:35,12:25,12:25,13:00,13:00,13:10
2026-02-13,META,call,ITM,market,25.0,8,315.0,OPPORTUNITY/HINDSIGHT,09:35,12:25,12:25,13:00,13:00,13:10
2026-02-13,META,call,ITM,market,30.0,7,300.0,OPPORTUNITY/HINDSIGHT,09:35,12:25,12:25,13:00,13:00,13:10
2026-02-13,META,call,ITM,market,40.0,5,300.0,OPPORTUNITY/HINDSIGHT,09:35,13:00,13:00,13:10,13:10,13:55
2026-02-13,META,call,ITM,market,50.0,5,300.0,OPPORTUNITY/HINDSIGHT,09:35,13:00,13:00,13:10,13:10,13:55
2026-02-13,META,call,ITM,market,60.0,5,305.0,OPPORTUNITY/HINDSIGHT,09:35,13:00,13:00,13:45,13:45,14:00
2026-02-13,META,call,ITM,market,70.0,5,300.0,OPPORTUNITY/HINDSIGHT,09:35,13:00,13:00,13:45,13:45,14:00
2026-02-13,META,call,ITM,market,75.0,4,300.0,OPPORTUNITY/HINDSIGHT,09:35,13:00,13:00,13:55,13:55,14:05
2026-02-13,META,call,ITM,market,80.0,4,300.0,OPPORTUNITY/HINDSIGHT,09:35,13:00,13:00,13:55,13:55,14:05
2026-02-13,META,call,ITM,market,90.0,4,310.0,OPPORTUNITY/HINDSIGHT,09:35,13:00,13:00,13:55,13:55,14:05
2026-02-13,META,call,ITM,market,100.0,3,295.0,OPPORTUNITY/HINDSIGHT,09:35,13:05,13:05,14:00,14:00,14:30
2026-02-13,META,call,ATM,mid,20.0,5,260.0,OPPORTUNITY/HINDSIGHT,09:35,12:25,12:25,13:00,13:00,13:05
2026-02-13,META,call,ATM,mid,25.0,5,260.0,OPPORTUNITY/HINDSIGHT,09:35,12:25,12:25,13:00,13:00,13:05
2026-02-13,META,call,ATM,mid,30.0,5,260.0,OPPORTUNITY/HINDSIGHT,09:35,12:25,12:25,13:00,13:00,13:05
2026-02-13,META,call,ATM,mid,40.0,4,260.0,OPPORTUNITY/HINDSIGHT,09:35,12:25,12:25,13:00,13:00,13:10
2026-02-13,META,call,ATM,mid,50.0,3,260.0,OPPORTUNITY/HINDSIGHT,09:35,13:00,13:00,13:10,13:10,13:55
2026-02-13,META,call,ATM,mid,60.0,3,260.0,OPPORTUNITY/HINDSIGHT,09:35,13:00,13:00,13:10,13:10,13:55
2026-02-13,META,call,ATM,mid,70.0,3,260.0,OPPORTUNITY/HINDSIGHT,09:35,13:00,13:00,13:10,13:10,13:55
2026-02-13,META,call,ATM,mid,75.0,3,260.0,OPPORTUNITY/HINDSIGHT,09:35,13:00,13:00,13:10,13:10,13:55
2026-02-13,META,call,ATM,mid,80.0,3,260.0,OPPORTUNITY/HINDSIGHT,09:35,13:00,13:00,13:10,13:10,13:55
2026-02-13,META,call,ATM,mid,90.0,3,260.0,OPPORTUNITY/HINDSIGHT,09:35,13:00,13:00,13:10,13:10,13:55
2026-02-13,META,call,ATM,mid,100.0,3,260.0,OPPORTUNITY/HINDSIGHT,09:35,13:00,13:00,13:10,13:10,13:55
2026-02-13,META,call,ATM,market,20.0,5,260.0,OPPORTUNITY/HINDSIGHT,09:35,12:25,12:25,13:00,13:00,13:05
2026-02-13,META,call,ATM,market,25.0,5,260.0,OPPORTUNITY/HINDSIGHT,09:35,12:25,12:25,13:00,13:00,13:05
2026-02-13,META,call,ATM,market,30.0,5,260.0,OPPORTUNITY/HINDSIGHT,09:35,12:25,12:25,13:00,13:00,13:05
2026-02-13,META,call,ATM,market,40.0,3,260.0,OPPORTUNITY/HINDSIGHT,09:35,13:00,13:00,13:10,13:10,13:55
2026-02-13,META,call,ATM,market,50.0,3,260.0,OPPORTUNITY/HINDSIGHT,09:35,13:00,13:00,13:10,13:10,13:55
2026-02-13,META,call,ATM,market,60.0,3,260.0,OPPORTUNITY/HINDSIGHT,09:35,13:00,13:00,13:10,13:10,13:55
2026-02-13,META,call,ATM,market,70.0,3,260.0,OPPORTUNITY/HINDSIGHT,09:35,13:00,13:00,13:10,13:10,13:55
2026-02-13,META,call,ATM,market,75.0,3,260.0,OPPORTUNITY/HINDSIGHT,09:35,13:00,13:00,13:10,13:10,13:55
2026-02-13,META,call,ATM,market,80.0,3,260.0,OPPORTUNITY/HINDSIGHT,09:35,13:00,13:00,13:10,13:10,13:55
2026-02-13,META,call,ATM,market,90.0,3,260.0,OPPORTUNITY/HINDSIGHT,09:35,13:00,13:00,13:10,13:10,13:55
2026-02-13,META,call,ATM,market,100.0,3,260.0,OPPORTUNITY/HINDSIGHT,09:35,13:00,13:00,13:10,13:10,13:55
2026-02-13,META,call,OTM1,mid,20.0,6,240.0,OPPORTUNITY/HINDSIGHT,09:35,12:25,12:25,13:00,13:00,13:05
2026-02-13,META,call,OTM1,mid,25.0,5,240.0,OPPORTUNITY/HINDSIGHT,09:35,13:00,13:00,13:05,13:05,13:10
2026-02-13,META,call,OTM1,mid,30.0,5,240.0,OPPORTUNITY/HINDSIGHT,09:35,13:00,13:00,13:05,13:05,13:10
2026-02-13,META,call,OTM1,mid,40.0,5,240.0,OPPORTUNITY/HINDSIGHT,09:35,13:00,13:00,13:05,13:05,13:10
2026-02-13,META,call,OTM1,mid,50.0,5,240.0,OPPORTUNITY/HINDSIGHT,09:35,13:00,13:00,13:05,13:05,13:10
2026-02-13,META,call,OTM1,mid,60.0,4,240.0,OPPORTUNITY/HINDSIGHT,09:35,13:00,13:00,13:10,13:20,13:40
2026-02-13,META,call,OTM1,mid,70.0,4,240.0,OPPORTUNITY/HINDSIGHT,09:35,13:00,13:00,13:10,13:20,13:40
2026-02-13,META,call,OTM1,mid,75.0,4,240.0,OPPORTUNITY/HINDSIGHT,09:35,13:00,13:00,13:10,13:20,13:40
2026-02-13,META,call,OTM1,mid,80.0,3,240.0,OPPORTUNITY/HINDSIGHT,09:35,13:00,13:00,13:10,13:20,13:45
2026-02-13,META,call,OTM1,mid,90.0,3,240.0,OPPORTUNITY/HINDSIGHT,09:35,13:00,13:00,13:10,13:20,13:45
2026-02-13,META,call,OTM1,mid,100.0,3,240.0,OPPORTUNITY/HINDSIGHT,09:35,13:00,13:00,13:10,13:20,13:45
2026-02-13,META,call,OTM1,market,20.0,5,240.0,OPPORTUNITY/HINDSIGHT,09:35,13:00,13:00,13:05,13:05,13:10
2026-02-13,META,call,OTM1,market,25.0,5,240.0,OPPORTUNITY/HINDSIGHT,09:35,13:00,13:00,13:05,13:05,13:10
2026-02-13,META,call,OTM1,market,30.0,5,240.0,OPPORTUNITY/HINDSIGHT,09:35,13:00,13:00,13:05,13:05,13:10
2026-02-13,META,call,OTM1,market,40.0,5,240.0,OPPORTUNITY/HINDSIGHT,09:35,13:00,13:00,13:05,13:05,13:10
2026-02-13,META,call,OTM1,market,50.0,5,240.0,OPPORTUNITY/HINDSIGHT,09:35,13:00,13:00,13:05,13:05,13:10
2026-02-13,META,call,OTM1,market,60.0,4,240.0,OPPORTUNITY/HINDSIGHT,09:35,13:00,13:00,13:10,13:20,13:40
2026-02-13,META,call,OTM1,market,70.0,4,240.0,OPPORTUNITY/HINDSIGHT,09:35,13:00,13:00,13:10,13:20,13:40
2026-02-13,META,call,OTM1,market,75.0,3,240.0,OPPORTUNITY/HINDSIGHT,09:35,13:00,13:00,13:10,13:20,13:45
2026-02-13,META,call,OTM1,market,80.0,3,240.0,OPPORTUNITY/HINDSIGHT,09:35,13:00,13:00,13:10,13:20,13:45
2026-02-13,META,call,OTM1,market,90.0,3,240.0,OPPORTUNITY/HINDSIGHT,09:35,13:00,13:00,13:10,13:20,13:45
2026-02-13,META,call,OTM1,market,100.0,3,240.0,OPPORTUNITY/HINDSIGHT,09:35,13:00,13:00,13:10,13:20,13:45
2026-02-13,META,call,OTM2+,mid,20.0,1,205.0,OPPORTUNITY/HINDSIGHT,09:35,13:00,,,,
2026-02-13,META,call,OTM2+,mid,25.0,1,205.0,OPPORTUNITY/HINDSIGHT,09:35,13:00,,,,
2026-02-13,META,call,OTM2+,mid,30.0,1,205.0,OPPORTUNITY/HINDSIGHT,09:35,13:00,,,,
2026-02-13,META,call,OTM2+,mid,40.0,1,205.0,OPPORTUNITY/HINDSIGHT,09:35,13:00,,,,
2026-02-13,META,call,OTM2+,mid,50.0,1,205.0,OPPORTUNITY/HINDSIGHT,09:35,13:00,,,,
2026-02-13,META,call,OTM2+,mid,60.0,1,205.0,OPPORTUNITY/HINDSIGHT,09:35,13:00,,,,
2026-02-13,META,call,OTM2+,mid,70.0,1,205.0,OPPORTUNITY/HINDSIGHT,09:35,13:00,,,,
2026-02-13,META,call,OTM2+,mid,75.0,1,205.0,OPPORTUNITY/HINDSIGHT,09:35,13:00,,,,
2026-02-13,META,call,OTM2+,mid,80.0,1,205.0,OPPORTUNITY/HINDSIGHT,09:35,13:00,,,,
2026-02-13,META,call,OTM2+,mid,90.0,1,205.0,OPPORTUNITY/HINDSIGHT,09:35,13:00,,,,
2026-02-13,META,call,OTM2+,mid,100.0,1,205.0,OPPORTUNITY/HINDSIGHT,09:35,13:00,,,,
2026-02-13,META,call,OTM2+,market,20.0,1,205.0,OPPORTUNITY/HINDSIGHT,09:35,13:00,,,,
2026-02-13,META,call,OTM2+,market,25.0,1,205.0,OPPORTUNITY/HINDSIGHT,09:35,13:00,,,,
2026-02-13,META,call,OTM2+,market,30.0,1,205.0,OPPORTUNITY/HINDSIGHT,09:35,13:00,,,,
2026-02-13,META,call,OTM2+,market,40.0,1,205.0,OPPORTUNITY/HINDSIGHT,09:35,13:00,,,,
2026-02-13,META,call,OTM2+,market,50.0,1,205.0,OPPORTUNITY/HINDSIGHT,09:35,13:00,,,,
2026-02-13,META,call,OTM2+,market,60.0,1,205.0,OPPORTUNITY/HINDSIGHT,09:35,13:00,,,,
2026-02-13,META,call,OTM2+,market,70.0,1,205.0,OPPORTUNITY/HINDSIGHT,09:35,13:00,,,,
2026-02-13,META,call,OTM2+,market,75.0,1,205.0,OPPORTUNITY/HINDSIGHT,09:35,13:00,,,,
2026-02-13,META,call,OTM2+,market,80.0,1,205.0,OPPORTUNITY/HINDSIGHT,09:35,13:00,,,,
2026-02-13,META,call,OTM2+,market,90.0,1,205.0,OPPORTUNITY/HINDSIGHT,09:35,13:00,,,,
2026-02-13,META,call,OTM2+,market,100.0,1,205.0,OPPORTUNITY/HINDSIGHT,09:35,13:00,,,,
2026-02-13,META,put,OTM2+,mid,20.0,5,55.0,OPPORTUNITY/HINDSIGHT,09:35,09:45,12:25,12:30,12:30,12:45
2026-02-13,META,put,OTM2+,mid,25.0,4,60.0,OPPORTUNITY/HINDSIGHT,09:35,09:45,12:25,12:30,12:30,12:45
2026-02-13,META,put,OTM2+,mid,30.0,4,40.0,OPPORTUNITY/HINDSIGHT,09:35,09:45,12:25,12:30,12:30,12:45
2026-02-13,META,put,OTM2+,mid,40.0,4,40.0,OPPORTUNITY/HINDSIGHT,09:35,09:45,12:25,12:30,12:30,12:45
2026-02-13,META,put,OTM2+,mid,50.0,4,45.0,OPPORTUNITY/HINDSIGHT,09:35,09:50,12:25,12:30,12:30,12:45
2026-02-13,META,put,OTM2+,mid,60.0,4,45.0,OPPORTUNITY/HINDSIGHT,09:35,09:50,12:25,12:30,12:30,12:45
2026-02-13,META,put,OTM2+,mid,70.0,3,45.0,OPPORTUNITY/HINDSIGHT,09:35,09:50,12:25,12:45,13:10,13:20
2026-02-13,META,put,OTM2+,mid,75.0,3,45.0,OPPORTUNITY/HINDSIGHT,09:35,09:50,12:25,12:45,13:10,13:20
2026-02-13,META,put,OTM2+,mid,80.0,3,45.0,OPPORTUNITY/HINDSIGHT,09:35,09:50,12:25,12:45,13:10,13:20
2026-02-13,META,put,OTM2+,mid,90.0,3,55.0,OPPORTUNITY/HINDSIGHT,09:35,10:00,12:25,12:45,13:10,13:20
2026-02-13,META,put,OTM2+,mid,100.0,3,55.0,OPPORTUNITY/HINDSIGHT,09:35,10:00,12:25,12:45,13:10,13:20
2026-02-13,META,put,OTM2+,market,20.0,4,60.0,OPPORTUNITY/HINDSIGHT,09:35,09:45,12:25,12:30,12:30,12:45
2026-02-13,META,put,OTM2+,market,25.0,4,40.0,OPPORTUNITY/HINDSIGHT,09:35,09:45,12:25,12:30,12:30,12:45
2026-02-13,META,put,OTM2+,market,30.0,4,40.0,OPPORTUNITY/HINDSIGHT,09:35,09:45,12:25,12:30,12:30,12:45
2026-02-13,META,put,OTM2+,market,40.0,4,45.0,OPPORTUNITY/HINDSIGHT,09:35,09:50,12:25,12:30,12:30,12:45
2026-02-13,META,put,OTM2+,market,50.0,4,45.0,OPPORTUNITY/HINDSIGHT,09:35,09:50,12:25,12:30,12:30,12:45
2026-02-13,META,put,OTM2+,market,60.0,3,45.0,OPPORTUNITY/HINDSIGHT,09:35,09:50,12:25,12:45,13:10,13:20
2026-02-13,META,put,OTM2+,market,70.0,3,45.0,OPPORTUNITY/HINDSIGHT,09:35,09:50,12:25,12:45,13:10,13:20
2026-02-13,META,put,OTM2+,market,75.0,3,45.0,OPPORTUNITY/HINDSIGHT,09:35,09:50,12:25,12:45,13:10,13:20
2026-02-13,META,put,OTM2+,market,80.0,3,55.0,OPPORTUNITY/HINDSIGHT,09:35,10:00,12:25,12:45,13:10,13:20
2026-02-13,META,put,OTM2+,market,90.0,3,55.0,OPPORTUNITY/HINDSIGHT,09:35,10:00,12:25,12:45,13:10,13:20
2026-02-13,META,put,OTM2+,market,100.0,3,55.0,OPPORTUNITY/HINDSIGHT,09:35,10:00,12:25,12:45,13:10,13:20
2026-02-13,META,put,OTM1,mid,20.0,13,140.0,OPPORTUNITY/HINDSIGHT,09:35,09:45,09:45,09:50,09:50,10:00
2026-02-13,META,put,OTM1,mid,25.0,13,140.0,OPPORTUNITY/HINDSIGHT,09:35,09:45,09:45,09:50,09:50,10:00
2026-02-13,META,put,OTM1,mid,30.0,10,145.0,OPPORTUNITY/HINDSIGHT,09:35,09:45,09:45,10:00,10:00,10:20
2026-02-13,META,put,OTM1,mid,40.0,8,150.0,OPPORTUNITY/HINDSIGHT,09:35,09:50,09:50,10:10,10:10,10:50
2026-02-13,META,put,OTM1,mid,50.0,7,150.0,OPPORTUNITY/HINDSIGHT,09:35,09:50,09:50,10:10,10:10,10:55
2026-02-13,META,put,OTM1,mid,60.0,5,165.0,OPPORTUNITY/HINDSIGHT,09:35,09:50,09:50,10:10,10:10,11:40
2026-02-13,META,put,OTM1,mid,70.0,6,145.0,OPPORTUNITY/HINDSIGHT,09:35,10:00,10:00,10:20,10:25,10:55
2026-02-13,META,put,OTM1,mid,75.0,5,145.0,OPPORTUNITY/HINDSIGHT,09:35,10:00,10:00,10:50,11:05,11:35
2026-02-13,META,put,OTM1,mid,80.0,5,145.0,OPPORTUNITY/HINDSIGHT,09:35,10:00,10:00,10:50,11:05,11:35
2026-02-13,META,put,OTM1,mid,90.0,5,150.0,OPPORTUNITY/HINDSIGHT,09:35,10:00,10:00,10:55,11:05,11:35
2026-02-13,META,put,OTM1,mid,100.0,4,165.0,OPPORTUNITY/HINDSIGHT,09:35,10:10,10:10,11:40,12:25,12:45
2026-02-13,META,put,OTM1,market,20.0,13,140.0,OPPORTUNITY/HINDSIGHT,09:35,09:45,09:45,09:50,09:50,10:00
2026-02-13,META,put,OTM1,market,25.0,10,145.0,OPPORTUNITY/HINDSIGHT,09:35,09:45,09:45,10:00,10:00,10:20
2026-02-13,META,put,OTM1,market,30.0,9,145.0,OPPORTUNITY/HINDSIGHT,09:35,09:50,09:50,10:10,10:10,10:20
2026-02-13,META,put,OTM1,market,40.0,8,155.0,OPPORTUNITY/HINDSIGHT,09:35,09:50,09:50,10:10,10:10,10:55
2026-02-13,META,put,OTM1,market,50.0,6,150.0,OPPORTUNITY/HINDSIGHT,09:35,09:50,09:50,10:10,10:10,10:55
2026-02-13,META,put,OTM1,market,60.0,6,145.0,OPPORTUNITY/HINDSIGHT,09:35,10:00,10:00,10:20,10:25,10:55
2026-02-13,META,put,OTM1,market,70.0,5,145.0,OPPORTUNITY/HINDSIGHT,09:35,10:00,10:00,10:50,11:05,11:35
2026-02-13,META,put,OTM1,market,75.0,5,145.0,OPPORTUNITY/HINDSIGHT,09:35,10:00,10:00,10:50,11:05,11:35
2026-02-13,META,put,OTM1,market,80.0,5,150.0,OPPORTUNITY/HINDSIGHT,09:35,10:00,10:00,10:55,11:05,11:35
2026-02-13,META,put,OTM1,market,90.0,4,165.0,OPPORTUNITY/HINDSIGHT,09:35,10:10,10:10,11:40,12:25,12:45
2026-02-13,META,put,OTM1,market,100.0,4,180.0,OPPORTUNITY/HINDSIGHT,09:35,10:10,10:10,11:45,12:25,12:45
2026-02-13,META,put,ATM,mid,20.0,8,180.0,OPPORTUNITY/HINDSIGHT,09:35,09:45,09:45,09:50,09:50,10:00
2026-02-13,META,put,ATM,mid,25.0,9,170.0,OPPORTUNITY/HINDSIGHT,09:35,09:50,09:50,10:10,10:10,10:20
2026-02-13,META,put,ATM,mid,30.0,8,170.0,OPPORTUNITY/HINDSIGHT,09:35,09:50,09:50,10:10,10:10,10:50
2026-02-13,META,put,ATM,mid,40.0,6,155.0,OPPORTUNITY/HINDSIGHT,09:35,09:50,09:50,10:10,10:10,10:55
2026-02-13,META,put,ATM,mid,50.0,5,170.0,OPPORTUNITY/HINDSIGHT,09:35,10:00,10:00,10:20,10:20,11:45
2026-02-13,META,put,ATM,mid,60.0,5,155.0,OPPORTUNITY/HINDSIGHT,09:35,10:00,10:00,10:50,11:00,11:40
2026-02-13,META,put,ATM,mid,70.0,4,175.0,OPPORTUNITY/HINDSIGHT,09:35,10:10,10:10,11:40,12:25,12:45
2026-02-13,META,put,ATM,mid,75.0,4,175.0,OPPORTUNITY/HINDSIGHT,09:35,10:10,10:10,11:40,12:25,12:45
2026-02-13,META,put,ATM,mid,80.0,4,180.0,OPPORTUNITY/HINDSIGHT,09:35,10:10,10:10,11:45,12:25,12:45
2026-02-13,META,put,ATM,mid,90.0,4,155.0,OPPORTUNITY/HINDSIGHT,09:35,10:20,10:25,11:40,12:25,12:45
2026-02-13,META,put,ATM,mid,100.0,4,145.0,OPPORTUNITY/HINDSIGHT,09:35,10:20,10:30,11:35,12:25,12:45
2026-02-13,META,put,ATM,market,20.0,9,170.0,OPPORTUNITY/HINDSIGHT,09:35,09:50,09:50,10:10,10:10,10:20
2026-02-13,META,put,ATM,market,25.0,8,170.0,OPPORTUNITY/HINDSIGHT,09:35,09:50,09:50,10:10,10:10,10:50
2026-02-13,META,put,ATM,market,30.0,7,170.0,OPPORTUNITY/HINDSIGHT,09:35,09:50,09:50,10:10,10:10,10:55
2026-02-13,META,put,ATM,market,40.0,5,165.0,OPPORTUNITY/HINDSIGHT,09:35,10:00,10:00,10:20,10:20,11:40
2026-02-13,META,put,ATM,market,50.0,5,155.0,OPPORTUNITY/HINDSIGHT,09:35,10:00,10:00,10:50,11:00,11:40
2026-02-13,META,put,ATM,market,60.0,4,165.0,OPPORTUNITY/HINDSIGHT,09:35,10:10,10:10,11:40,12:25,12:45
2026-02-13,META,put,ATM,market,70.0,4,180.0,OPPORTUNITY/HINDSIGHT,09:35,10:10,10:10,11:45,12:25,12:45
2026-02-13,META,put,ATM,market,75.0,4,150.0,OPPORTUNITY/HINDSIGHT,09:35,10:10,10:15,11:40,12:25,12:45
2026-02-13,META,put,ATM,market,80.0,4,160.0,OPPORTUNITY/HINDSIGHT,09:35,10:10,10:15,11:45,12:25,12:45
2026-02-13,META,put,ATM,market,90.0,4,145.0,OPPORTUNITY/HINDSIGHT,09:35,10:20,10:30,11:35,12:25,12:45
2026-02-13,META,put,ATM,market,100.0,3,130.0,OPPORTUNITY/HINDSIGHT,09:35,10:20,10:30,11:40,13:10,13:25
2026-02-13,META,put,ITM,mid,20.0,7,165.0,OPPORTUNITY/HINDSIGHT,09:35,09:50,09:50,10:10,10:10,10:50
2026-02-13,META,put,ITM,mid,25.0,6,170.0,OPPORTUNITY/HINDSIGHT,09:35,09:50,09:50,10:10,10:10,10:55
2026-02-13,META,put,ITM,mid,30.0,6,155.0,OPPORTUNITY/HINDSIGHT,09:35,09:50,09:50,10:10,10:10,10:55
2026-02-13,META,put,ITM,mid,40.0,5,155.0,OPPORTUNITY/HINDSIGHT,09:35,10:00,10:00,10:50,11:00,11:40
2026-02-13,META,put,ITM,mid,50.0,4,175.0,OPPORTUNITY/HINDSIGHT,09:35,10:10,10:10,11:40,12:25,12:45
2026-02-13,META,put,ITM,mid,60.0,3,140.0,OPPORTUNITY/HINDSIGHT,09:35,10:20,10:25,11:40,12:25,12:45
2026-02-13,META,put,ITM,mid,70.0,2,115.0,OPPORTUNITY/HINDSIGHT,09:35,10:20,10:30,11:40,,
2026-02-13,META,put,ITM,mid,75.0,2,115.0,OPPORTUNITY/HINDSIGHT,09:35,10:20,10:30,11:40,,
2026-02-13,META,put,ITM,mid,80.0,2,115.0,OPPORTUNITY/HINDSIGHT,09:35,10:20,10:30,11:40,,
2026-02-13,META,put,ITM,mid,90.0,2,110.0,OPPORTUNITY/HINDSIGHT,09:35,10:55,11:10,11:40,,
2026-02-13,META,put,ITM,mid,100.0,1,125.0,OPPORTUNITY/HINDSIGHT,09:35,11:40,,,,
2026-02-13,META,put,ITM,market,20.0,6,170.0,OPPORTUNITY/HINDSIGHT,09:35,09:50,09:50,10:10,10:10,10:55
2026-02-13,META,put,ITM,market,25.0,6,155.0,OPPORTUNITY/HINDSIGHT,09:35,09:50,09:50,10:10,10:10,10:55
2026-02-13,META,put,ITM,market,30.0,5,165.0,OPPORTUNITY/HINDSIGHT,09:35,10:00,10:00,10:20,10:20,11:40
2026-02-13,META,put,ITM,market,40.0,4,175.0,OPPORTUNITY/HINDSIGHT,09:35,10:10,10:10,11:40,12:25,12:45
2026-02-13,META,put,ITM,market,50.0,3,140.0,OPPORTUNITY/HINDSIGHT,09:35,10:10,10:15,11:40,12:25,12:45
2026-02-13,META,put,ITM,market,60.0,2,110.0,OPPORTUNITY/HINDSIGHT,09:35,10:20,10:30,11:35,,
2026-02-13,META,put,ITM,market,70.0,2,115.0,OPPORTUNITY/HINDSIGHT,09:35,10:20,10:30,11:40,,
2026-02-13,META,put,ITM,market,75.0,2,105.0,OPPORTUNITY/HINDSIGHT,09:35,10:50,11:10,11:40,,
2026-02-13,META,put,ITM,market,80.0,2,105.0,OPPORTUNITY/HINDSIGHT,09:35,10:50,11:10,11:40,,
2026-02-13,META,put,ITM,market,90.0,1,120.0,OPPORTUNITY/HINDSIGHT,09:35,11:35,,,,
2026-02-13,META,put,ITM,market,100.0,1,125.0,OPPORTUNITY/HINDSIGHT,09:35,11:40,,,,
2026-02-16,META,call,ITM,mid,20.0,8,310.0,OPPORTUNITY/HINDSIGHT,09:35,11:05,11:05,12:30,12:30,12:50
2026-02-16,META,call,ITM,mid,25.0,5,330.0,OPPORTUNITY/HINDSIGHT,09:35,11:25,11:25,12:45,12:45,13:05
2026-02-16,META,call,ITM,mid,30.0,6,295.0,OPPORTUNITY/HINDSIGHT,09:35,11:25,11:25,12:45,12:45,13:05
2026-02-16,META,call,ITM,mid,40.0,7,275.0,OPPORTUNITY/HINDSIGHT,09:35,12:30,12:30,13:05,13:15,13:35
2026-02-16,META,call,ITM,mid,50.0,6,275.0,OPPORTUNITY/HINDSIGHT,09:35,12:30,12:30,13:05,13:15,13:35
2026-02-16,META,call,ITM,mid,60.0,5,285.0,OPPORTUNITY/HINDSIGHT,09:35,12:45,12:45,13:05,13:15,13:35
2026-02-16,META,call,ITM,mid,70.0,5,285.0,OPPORTUNITY/HINDSIGHT,09:35,12:45,12:45,13:05,13:15,13:35
2026-02-16,META,call,ITM,mid,75.0,5,280.0,OPPORTUNITY/HINDSIGHT,09:35,12:50,12:55,13:05,13:15,13:35
2026-02-16,META,call,ITM,mid,80.0,5,260.0,OPPORTUNITY/HINDSIGHT,09:35,12:50,12:55,13:05,13:15,13:40
2026-02-16,META,call,ITM,mid,90.0,4,260.0,OPPORTUNITY/HINDSIGHT,09:35,13:00,13:15,13:40,14:05,14:25
2026-02-16,META,call,ITM,mid,100.0,4,265.0,OPPORTUNITY/HINDSIGHT,09:35,13:05,13:15,13:40,14:05,14:25
2026-02-16,META,call,ITM,market,20.0,5,330.0,OPPORTUNITY/HINDSIGHT,09:35,11:25,11:25,12:45,12:45,13:05
2026-02-16,META,call,ITM,market,25.0,6,295.0,OPPORTUNITY/HINDSIGHT,09:35,11:25,11:25,12:45,12:45,13:05
2026-02-16,META,call,ITM,market,30.0,7,290.0,OPPORTUNITY/HINDSIGHT,09:35,12:05,12:05,12:45,12:45,13:05
2026-02-16,META,call,ITM,market,40.0,7,275.0,OPPORTUNITY/HINDSIGHT,09:35,12:30,12:30,13:05,13:15,13:35
2026-02-16,META,call,ITM,market,50.0,6,275.0,OPPORTUNITY/HINDSIGHT,09:35,12:45,12:45,13:05,13:15,13:35
2026-02-16,META,call,ITM,market,60.0,5,285.0,OPPORTUNITY/HINDSIGHT,09:35,12:45,12:45,13:05,13:15,13:35
2026-02-16,META,call,ITM,market,70.0,5,260.0,OPPORTUNITY/HINDSIGHT,09:35,12:50,12:55,13:05,13:15,13:40
2026-02-16,META,call,ITM,market,75.0,5,260.0,OPPORTUNITY/HINDSIGHT,09:35,12:50,12:55,13:05,13:15,13:40
2026-02-16,META,call,ITM,market,80.0,4,260.0,OPPORTUNITY/HINDSIGHT,09:35,13:00,13:15,13:40,14:05,14:25
2026-02-16,META,call,ITM,market,90.0,4,265.0,OPPORTUNITY/HINDSIGHT,09:35,13:05,13:15,13:40,14:05,14:25
2026-02-16,META,call,ITM,market,100.0,3,255.0,OPPORTUNITY/HINDSIGHT,09:35,13:05,13:15,13:40,14:05,14:25
2026-02-16,META,call,ATM,mid,20.0,10,305.0,OPPORTUNITY/HINDSIGHT,09:35,11:05,11:05,12:30,12:30,12:45
2026-02-16,META,call,ATM,mid,25.0,10,305.0,OPPORTUNITY/HINDSIGHT,09:35,11:05,11:05,12:30,12:30,12:45
2026-02-16,META,call,ATM,mid,30.0,8,310.0,OPPORTUNITY/HINDSIGHT,09:35,11:25,11:25,12:45,12:45,13:00
2026-02-16,META,call,ATM,mid,40.0,7,290.0,OPPORTUNITY/HINDSIGHT,09:35,11:25,11:25,12:45,12:45,13:05
2026-02-16,META,call,ATM,mid,50.0,6,295.0,OPPORTUNITY/HINDSIGHT,09:35,12:30,12:30,13:00,13:00,13:05
2026-02-16,META,call,ATM,mid,60.0,6,290.0,OPPORTUNITY/HINDSIGHT,09:35,12:30,12:30,13:05,13:15,13:35
2026-02-16,META,call,ATM,mid,70.0,6,290.0,OPPORTUNITY/HINDSIGHT,09:35,12:30,12:30,13:05,13:15,13:35
2026-02-16,META,call,ATM,mid,75.0,7,280.0,OPPORTUNITY/HINDSIGHT,09:35,12:45,12:45,13:05,13:15,13:35
2026-02-16,META,call,ATM,mid,80.0,7,280.0,OPPORTUNITY/HINDSIGHT,09:35,12:45,12:45,13:05,13:15,13:35
2026-02-16,META,call,ATM,mid,90.0,6,280.0,OPPORTUNITY/HINDSIGHT,09:35,12:45,12:45,13:05,13:15,13:35
2026-02-16,META,call,ATM,mid,100.0,6,275.0,OPPORTUNITY/HINDSIGHT,09:35,12:45,12:45,13:05,13:15,13:35
2026-02-16,META,call,ATM,market,20.0,10,305.0,OPPORTUNITY/HINDSIGHT,09:35,11:05,11:05,12:30,12:30,12:45
2026-02-16,META,call,ATM,market,25.0,8,310.0,OPPORTUNITY/HINDSIGHT,09:35,11:25,11:25,12:45,12:45,13:00
2026-02-16,META,call,ATM,market,30.0,8,305.0,OPPORTUNITY/HINDSIGHT,09:35,11:25,11:25,12:45,12:45,13:05
2026-02-16,META,call,ATM,market,40.0,6,295.0,OPPORTUNITY/HINDSIGHT,09:35,12:15,12:15,12:45,12:45,13:05
2026-02-16,META,call,ATM,market,50.0,6,295.0,OPPORTUNITY/HINDSIGHT,09:35,12:30,12:30,13:00,13:00,13:05
2026-02-16,META,call,ATM,market,60.0,6,290.0,OPPORTUNITY/HINDSIGHT,09:35,12:30,12:30,13:05,13:15,13:35
2026-02-16,META,call,ATM,market,70.0,7,280.0,OPPORTUNITY/HINDSIGHT,09:35,12:45,12:45,13:05,13:15,13:35
2026-02-16,META,call,ATM,market,75.0,7,280.0,OPPORTUNITY/HINDSIGHT,09:35,12:45,12:45,13:05,13:15,13:35
2026-02-16,META,call,ATM,market,80.0,7,280.0,OPPORTUNITY/HINDSIGHT,09:35,12:45,12:45,13:05,13:15,13:35
2026-02-16,META,call,ATM,market,90.0,6,275.0,OPPORTUNITY/HINDSIGHT,09:35,12:45,12:45,13:05,13:15,13:35
2026-02-16,META,call,ATM,market,100.0,6,270.0,OPPORTUNITY/HINDSIGHT,09:35,12:50,12:55,13:05,13:15,13:35
2026-02-16,META,call,OTM1,mid,20.0,10,305.0,OPPORTUNITY/HINDSIGHT,09:35,09:50,09:50,12:30,12:30,12:45
2026-02-16,META,call,OTM1,mid,25.0,10,305.0,OPPORTUNITY/HINDSIGHT,09:35,11:05,11:05,12:30,12:30,12:45
2026-02-16,META,call,OTM1,mid,30.0,10,305.0,OPPORTUNITY/HINDSIGHT,09:35,11:05,11:05,12:30,12:30,12:45
2026-02-16,META,call,OTM1,mid,40.0,11,300.0,OPPORTUNITY/HINDSIGHT,09:35,11:25,11:25,12:45,12:45,13:00
2026-02-16,META,call,OTM1,mid,50.0,9,300.0,OPPORTUNITY/HINDSIGHT,09:35,12:30,12:30,12:50,12:50,13:05
2026-02-16,META,call,OTM1,mid,60.0,8,295.0,OPPORTUNITY/HINDSIGHT,09:35,12:30,12:30,12:50,12:50,13:05
2026-02-16,META,call,OTM1,mid,70.0,7,285.0,OPPORTUNITY/HINDSIGHT,09:35,12:30,12:30,12:50,12:50,13:05
2026-02-16,META,call,OTM1,mid,75.0,7,285.0,OPPORTUNITY/HINDSIGHT,09:35,12:30,12:30,13:00,13:00,13:05
2026-02-16,META,call,OTM1,mid,80.0,7,285.0,OPPORTUNITY/HINDSIGHT,09:35,12:30,12:30,13:00,13:00,13:05
2026-02-16,META,call,OTM1,mid,90.0,6,285.0,OPPORTUNITY/HINDSIGHT,09:35,12:45,12:45,13:05,13:15,13:35
2026-02-16,META,call,OTM1,mid,100.0,7,280.0,OPPORTUNITY/HINDSIGHT,09:35,12:45,12:45,13:05,13:15,13:35
2026-02-16,META,call,OTM1,market,20.0,10,305.0,OPPORTUNITY/HINDSIGHT,09:35,11:05,11:05,12:30,12:30,12:45
2026-02-16,META,call,OTM1,market,25.0,10,305.0,OPPORTUNITY/HINDSIGHT,09:35,11:05,11:05,12:30,12:30,12:45
2026-02-16,META,call,OTM1,market,30.0,8,310.0,OPPORTUNITY/HINDSIGHT,09:35,11:25,11:25,12:45,12:45,13:00
2026-02-16,META,call,OTM1,market,40.0,9,300.0,OPPORTUNITY/HINDSIGHT,09:35,12:15,12:15,12:45,12:45,13:05
2026-02-16,META,call,OTM1,market,50.0,8,305.0,OPPORTUNITY/HINDSIGHT,09:35,12:30,12:30,12:50,12:50,13:05
2026-02-16,META,call,OTM1,market,60.0,7,285.0,OPPORTUNITY/HINDSIGHT,09:35,12:30,12:30,12:50,12:50,13:05
2026-02-16,META,call,OTM1,market,70.0,7,285.0,OPPORTUNITY/HINDSIGHT,09:35,12:30,12:30,13:00,13:00,13:05
2026-02-16,META,call,OTM1,market,75.0,7,285.0,OPPORTUNITY/HINDSIGHT,09:35,12:30,12:30,13:00,13:00,13:05
2026-02-16,META,call,OTM1,market,80.0,6,285.0,OPPORTUNITY/HINDSIGHT,09:35,12:45,12:45,13:05,13:15,13:35
2026-02-16,META,call,OTM1,market,90.0,7,280.0,OPPORTUNITY/HINDSIGHT,09:35,12:45,12:45,13:05,13:15,13:35
2026-02-16,META,call,OTM1,market,100.0,7,280.0,OPPORTUNITY/HINDSIGHT,09:35,12:45,12:45,13:05,13:15,13:35
2026-02-16,META,call,OTM2+,mid,20.0,4,205.0,OPPORTUNITY/HINDSIGHT,09:35,09:50,09:50,12:45,13:20,13:30
2026-02-16,META,call,OTM2+,mid,25.0,4,205.0,OPPORTUNITY/HINDSIGHT,09:35,09:50,09:50,12:45,13:20,13:30
2026-02-16,META,call,OTM2+,mid,30.0,4,205.0,OPPORTUNITY/HINDSIGHT,09:35,09:50,09:50,12:45,13:20,13:30
2026-02-16,META,call,OTM2+,mid,40.0,4,205.0,OPPORTUNITY/HINDSIGHT,09:35,11:25,11:25,12:45,13:20,13:30
2026-02-16,META,call,OTM2+,mid,50.0,4,205.0,OPPORTUNITY/HINDSIGHT,09:35,12:30,12:30,12:45,13:20,13:30
2026-02-16,META,call,OTM2+,mid,60.0,4,210.0,OPPORTUNITY/HINDSIGHT,09:35,12:30,12:30,12:50,13:20,13:30
2026-02-16,META,call,OTM2+,mid,70.0,4,210.0,OPPORTUNITY/HINDSIGHT,09:35,12:30,12:30,12:50,13:20,13:30
2026-02-16,META,call,OTM2+,mid,75.0,3,205.0,OPPORTUNITY/HINDSIGHT,09:35,12:45,13:20,13:30,14:15,14:20
2026-02-16,META,call,OTM2+,mid,80.0,3,205.0,OPPORTUNITY/HINDSIGHT,09:35,12:45,13:20,13:30,14:15,14:20
2026-02-16,META,call,OTM2+,mid,90.0,3,205.0,OPPORTUNITY/HINDSIGHT,09:35,12:45,13:20,13:30,14:15,14:20
2026-02-16,META,call,OTM2+,mid,100.0,3,205.0,OPPORTUNITY/HINDSIGHT,09:35,12:45,13:20,13:30,14:15,14:20
2026-02-16,META,call,OTM2+,market,20.0,4,205.0,OPPORTUNITY/HINDSIGHT,09:35,09:50,09:50,12:45,13:20,13:30
2026-02-16,META,call,OTM2+,market,25.0,4,205.0,OPPORTUNITY/HINDSIGHT,09:35,09:50,09:50,12:45,13:20,13:30
2026-02-16,META,call,OTM2+,market,30.0,4,205.0,OPPORTUNITY/HINDSIGHT,09:35,11:25,11:25,12:45,13:20,13:30
2026-02-16,META,call,OTM2+,market,40.0,4,205.0,OPPORTUNITY/HINDSIGHT,09:35,12:30,12:30,12:45,13:20,13:30
2026-02-16,META,call,OTM2+,market,50.0,4,210.0,OPPORTUNITY/HINDSIGHT,09:35,12:30,12:30,12:50,13:20,13:30
2026-02-16,META,call,OTM2+,market,60.0,4,210.0,OPPORTUNITY/HINDSIGHT,09:35,12:30,12:30,12:50,13:20,13:30
2026-02-16,META,call,OTM2+,market,70.0,3,205.0,OPPORTUNITY/HINDSIGHT,09:35,12:45,13:20,13:30,14:15,14:20
2026-02-16,META,call,OTM2+,market,75.0,3,205.0,OPPORTUNITY/HINDSIGHT,09:35,12:45,13:20,13:30,14:15,14:20
2026-02-16,META,call,OTM2+,market,80.0,3,205.0,OPPORTUNITY/HINDSIGHT,09:35,12:45,13:20,13:30,14:15,14:20
2026-02-16,META,call,OTM2+,market,90.0,3,205.0,OPPORTUNITY/HINDSIGHT,09:35,12:45,13:20,13:30,14:15,14:20
2026-02-16,META,call,OTM2+,market,100.0,3,205.0,OPPORTUNITY/HINDSIGHT,09:35,12:45,13:20,13:30,14:15,14:20
2026-02-16,META,put,OTM1,mid,20.0,10,295.0,OPPORTUNITY/HINDSIGHT,09:35,09:40,09:40,10:00,10:00,10:20
2026-02-16,META,put,OTM1,mid,25.0,10,290.0,OPPORTUNITY/HINDSIGHT,09:35,09:40,09:40,10:00,10:00,10:30
2026-02-16,META,put,OTM1,mid,30.0,9,290.0,OPPORTUNITY/HINDSIGHT,09:35,09:40,09:40,10:00,10:00,10:30
2026-02-16,META,put,OTM1,mid,40.0,7,275.0,OPPORTUNITY/HINDSIGHT,09:35,09:40,09:40,10:20,10:55,11:45
2026-02-16,META,put,OTM1,mid,50.0,8,255.0,OPPORTUNITY/HINDSIGHT,09:35,09:40,09:40,10:20,11:00,11:45
2026-02-16,META,put,OTM1,mid,60.0,7,265.0,OPPORTUNITY/HINDSIGHT,09:35,09:40,09:40,10:20,11:00,11:45
2026-02-16,META,put,OTM1,mid,70.0,7,285.0,OPPORTUNITY/HINDSIGHT,09:35,10:00,10:00,10:40,11:00,11:45
2026-02-16,META,put,OTM1,mid,75.0,6,280.0,OPPORTUNITY/HINDSIGHT,09:35,10:00,10:00,10:40,11:00,11:45
2026-02-16,META,put,OTM1,mid,80.0,6,280.0,OPPORTUNITY/HINDSIGHT,09:35,10:00,10:00,10:40,11:00,11:45
2026-02-16,META,put,OTM1,mid,90.0,5,270.0,OPPORTUNITY/HINDSIGHT,09:35,10:00,10:00,10:40,11:05,11:35
2026-02-16,META,put,OTM1,mid,100.0,7,255.0,OPPORTUNITY/HINDSIGHT,09:35,10:00,10:00,10:40,11:05,11:45
2026-02-16,META,put,OTM1,market,20.0,10,290.0,OPPORTUNITY/HINDSIGHT,09:35,09:40,09:40,10:00,10:00,10:30
2026-02-16,META,put,OTM1,market,25.0,9,290.0,OPPORTUNITY/HINDSIGHT,09:35,09:40,09:40,10:00,10:00,10:30
2026-02-16,META,put,OTM1,market,30.0,9,290.0,OPPORTUNITY/HINDSIGHT,09:35,09:40,09:40,10:00,10:00,10:30
2026-02-16,META,put,OTM1,market,40.0,9,260.0,OPPORTUNITY/HINDSIGHT,09:35,09:40,09:40,10:20,11:00,11:45
2026-02-16,META,put,OTM1,market,50.0,7,265.0,OPPORTUNITY/HINDSIGHT,09:35,09:40,09:40,10:20,11:00,11:45
2026-02-16,META,put,OTM1,market,60.0,7,280.0,OPPORTUNITY/HINDSIGHT,09:35,10:00,10:00,10:35,11:00,11:45
2026-02-16,META,put,OTM1,market,70.0,6,280.0,OPPORTUNITY/HINDSIGHT,09:35,10:00,10:00,10:40,11:00,11:45
2026-02-16,META,put,OTM1,market,75.0,6,280.0,OPPORTUNITY/HINDSIGHT,09:35,10:00,10:00,10:40,11:00,11:45
2026-02-16,META,put,OTM1,market,80.0,6,265.0,OPPORTUNITY/HINDSIGHT,09:35,10:00,10:00,10:40,11:05,11:35
2026-02-16,META,put,OTM1,market,90.0,7,265.0,OPPORTUNITY/HINDSIGHT,09:35,10:00,10:00,10:40,11:05,11:45
2026-02-16,META,put,OTM1,market,100.0,7,255.0,OPPORTUNITY/HINDSIGHT,09:35,10:00,10:00,10:40,11:05,11:45
2026-02-16,META,put,OTM2+,mid,20.0,9,185.0,OPPORTUNITY/HINDSIGHT,09:50,09:55,11:00,11:35,11:40,11:45
2026-02-16,META,put,OTM2+,mid,25.0,9,180.0,OPPORTUNITY/HINDSIGHT,09:50,09:55,11:00,11:35,11:40,11:45
2026-02-16,META,put,OTM2+,mid,30.0,9,175.0,OPPORTUNITY/HINDSIGHT,09:50,09:55,11:00,11:35,11:40,11:45
2026-02-16,META,put,OTM2+,mid,40.0,9,175.0,OPPORTUNITY/HINDSIGHT,09:50,09:55,11:00,11:35,11:40,11:45
2026-02-16,META,put,OTM2+,mid,50.0,11,165.0,OPPORTUNITY/HINDSIGHT,09:50,09:55,11:00,11:35,11:40,11:45
2026-02-16,META,put,OTM2+,mid,60.0,9,165.0,OPPORTUNITY/HINDSIGHT,09:50,09:55,11:00,11:45,12:30,12:35
2026-02-16,META,put,OTM2+,mid,70.0,9,170.0,OPPORTUNITY/HINDSIGHT,09:50,09:55,11:00,11:45,12:30,12:35
2026-02-16,META,put,OTM2+,mid,75.0,8,160.0,OPPORTUNITY/HINDSIGHT,09:50,09:55,11:00,11:45,12:30,12:35
2026-02-16,META,put,OTM2+,mid,80.0,6,165.0,OPPORTUNITY/HINDSIGHT,09:50,09:55,11:00,11:45,12:50,13:20
2026-02-16,META,put,OTM2+,mid,90.0,6,165.0,OPPORTUNITY/HINDSIGHT,09:50,09:55,11:00,11:45,12:50,13:20
2026-02-16,META,put,OTM2+,mid,100.0,6,155.0,OPPORTUNITY/HINDSIGHT,09:50,10:00,11:00,11:45,12:50,13:20
2026-02-16,META,put,OTM2+,market,20.0,9,180.0,OPPORTUNITY/HINDSIGHT,09:50,09:55,11:00,11:35,11:40,11:45
2026-02-16,META,put,OTM2+,market,25.0,9,175.0,OPPORTUNITY/HINDSIGHT,09:50,09:55,11:00,11:35,11:40,11:45
2026-02-16,META,put,OTM2+,market,30.0,9,175.0,OPPORTUNITY/HINDSIGHT,09:50,09:55,11:00,11:35,11:40,11:45
2026-02-16,META,put,OTM2+,market,40.0,11,165.0,OPPORTUNITY/HINDSIGHT,09:50,09:55,11:00,11:35,11:40,11:45
2026-02-16,META,put,OTM2+,market,50.0,9,165.0,OPPORTUNITY/HINDSIGHT,09:50,09:55,11:00,11:45,12:30,12:35
2026-02-16,META,put,OTM2+,market,60.0,9,170.0,OPPORTUNITY/HINDSIGHT,09:50,09:55,11:00,11:45,12:30,12:35
2026-02-16,META,put,OTM2+,market,70.0,7,170.0,OPPORTUNITY/HINDSIGHT,09:50,09:55,11:00,11:45,12:30,12:35
2026-02-16,META,put,OTM2+,market,75.0,6,165.0,OPPORTUNITY/HINDSIGHT,09:50,09:55,11:00,11:45,12:50,13:20
2026-02-16,META,put,OTM2+,market,80.0,6,165.0,OPPORTUNITY/HINDSIGHT,09:50,09:55,11:00,11:45,12:50,13:20
2026-02-16,META,put,OTM2+,market,90.0,6,170.0,OPPORTUNITY/HINDSIGHT,09:50,10:00,11:00,11:45,12:50,13:20
2026-02-16,META,put,OTM2+,market,100.0,6,155.0,OPPORTUNITY/HINDSIGHT,09:50,10:00,11:00,11:45,12:50,13:20
2026-02-16,META,put,ATM,mid,20.0,12,295.0,OPPORTUNITY/HINDSIGHT,09:35,09:40,09:40,10:00,10:00,10:30
2026-02-16,META,put,ATM,mid,25.0,11,295.0,OPPORTUNITY/HINDSIGHT,09:35,09:40,09:40,10:00,10:00,10:30
2026-02-16,META,put,ATM,mid,30.0,9,300.0,OPPORTUNITY/HINDSIGHT,09:35,09:40,09:40,10:20,10:20,10:35
2026-02-16,META,put,ATM,mid,40.0,7,305.0,OPPORTUNITY/HINDSIGHT,09:35,09:40,09:40,10:20,10:20,10:35
2026-02-16,META,put,ATM,mid,50.0,4,295.0,OPPORTUNITY/HINDSIGHT,09:35,10:00,10:00,10:35,11:00,11:45
2026-02-16,META,put,ATM,mid,60.0,4,300.0,OPPORTUNITY/HINDSIGHT,09:35,10:00,10:00,10:40,11:00,11:45
2026-02-16,META,put,ATM,mid,70.0,4,295.0,OPPORTUNITY/HINDSIGHT,09:35,10:00,10:00,10:40,11:05,11:45
2026-02-16,META,put,ATM,mid,75.0,4,295.0,OPPORTUNITY/HINDSIGHT,09:35,10:00,10:00,10:40,11:05,11:45
2026-02-16,META,put,ATM,mid,80.0,4,295.0,OPPORTUNITY/HINDSIGHT,09:35,10:00,10:00,10:40,11:05,11:45
2026-02-16,META,put,ATM,mid,90.0,4,295.0,OPPORTUNITY/HINDSIGHT,09:35,10:20,10:20,10:40,11:05,11:45
2026-02-16,META,put,ATM,mid,100.0,4,265.0,OPPORTUNITY/HINDSIGHT,09:35,10:20,10:25,10:40,11:25,11:45
2026-02-16,META,put,ATM,market,20.0,11,295.0,OPPORTUNITY/HINDSIGHT,09:35,09:40,09:40,10:00,10:00,10:30
2026-02-16,META,put,ATM,market,25.0,9,300.0,OPPORTUNITY/HINDSIGHT,09:35,09:40,09:40,10:20,10:20,10:35
2026-02-16,META,put,ATM,market,30.0,9,285.0,OPPORTUNITY/HINDSIGHT,09:35,09:40,09:40,10:20,10:20,10:35
2026-02-16,META,put,ATM,market,40.0,5,300.0,OPPORTUNITY/HINDSIGHT,09:35,10:00,10:00,10:35,11:00,11:45
2026-02-16,META,put,ATM,market,50.0,4,300.0,OPPORTUNITY/HINDSIGHT,09:35,10:00,10:00,10:40,11:00,11:45
2026-02-16,META,put,ATM,market,60.0,4,295.0,OPPORTUNITY/HINDSIGHT,09:35,10:00,10:00,10:40,11:05,11:45
2026-02-16,META,put,ATM,market,70.0,4,295.0,OPPORTUNITY/HINDSIGHT,09:35,10:00,10:00,10:40,11:05,11:45
2026-02-16,META,put,ATM,market,75.0,4,295.0,OPPORTUNITY/HINDSIGHT,09:35,10:00,10:00,10:40,11:05,11:45
2026-02-16,META,put,ATM,market,80.0,4,295.0,OPPORTUNITY/HINDSIGHT,09:35,10:20,10:20,10:40,11:05,11:45
2026-02-16,META,put,ATM,market,90.0,4,285.0,OPPORTUNITY/HINDSIGHT,09:35,10:20,10:20,10:40,11:10,11:45
2026-02-16,META,put,ATM,market,100.0,4,265.0,OPPORTUNITY/HINDSIGHT,09:35,10:20,10:25,10:40,11:25,11:45
2026-02-16,META,put,ITM,mid,20.0,7,320.0,OPPORTUNITY/HINDSIGHT,09:35,09:40,09:40,10:00,10:00,10:30
2026-02-16,META,put,ITM,mid,25.0,7,315.0,OPPORTUNITY/HINDSIGHT,09:35,09:40,09:40,10:20,10:20,10:35
2026-02-16,META,put,ITM,mid,30.0,6,315.0,OPPORTUNITY/HINDSIGHT,09:35,09:40,09:40,10:20,10:20,10:40
2026-02-16,META,put,ITM,mid,40.0,4,315.0,OPPORTUNITY/HINDSIGHT,09:35,10:00,10:00,10:40,11:00,11:45
2026-02-16,META,put,ITM,mid,50.0,4,295.0,OPPORTUNITY/HINDSIGHT,09:35,10:00,10:00,10:40,11:05,11:45
2026-02-16,META,put,ITM,mid,60.0,4,295.0,OPPORTUNITY/HINDSIGHT,09:35,10:20,10:20,10:40,11:05,11:45
2026-02-16,META,put,ITM,mid,70.0,4,265.0,OPPORTUNITY/HINDSIGHT,09:35,10:20,10:25,10:40,11:25,11:45
2026-02-16,META,put,ITM,mid,75.0,4,265.0,OPPORTUNITY/HINDSIGHT,09:35,10:20,10:25,10:40,11:25,11:45
2026-02-16,META,put,ITM,mid,80.0,3,260.0,OPPORTUNITY/HINDSIGHT,09:35,10:30,11:25,11:45,12:50,15:55
2026-02-16,META,put,ITM,mid,90.0,2,230.0,OPPORTUNITY/HINDSIGHT,09:35,10:30,13:00,15:55,,
2026-02-16,META,put,ITM,mid,100.0,4,175.0,OPPORTUNITY/HINDSIGHT,09:35,10:35,13:10,13:20,13:35,14:15
2026-02-16,META,put,ITM,market,20.0,7,315.0,OPPORTUNITY/HINDSIGHT,09:35,09:40,09:40,10:20,10:20,10:35
2026-02-16,META,put,ITM,market,25.0,6,315.0,OPPORTUNITY/HINDSIGHT,09:35,09:40,09:40,10:20,10:20,10:40
2026-02-16,META,put,ITM,market,30.0,4,310.0,OPPORTUNITY/HINDSIGHT,09:35,10:00,10:00,10:35,11:00,11:45
2026-02-16,META,put,ITM,market,40.0,4,295.0,OPPORTUNITY/HINDSIGHT,09:35,10:00,10:00,10:40,11:05,11:45
2026-02-16,META,put,ITM,market,50.0,4,295.0,OPPORTUNITY/HINDSIGHT,09:35,10:00,10:00,10:40,11:05,11:45
2026-02-16,META,put,ITM,market,60.0,4,265.0,OPPORTUNITY/HINDSIGHT,09:35,10:20,10:25,10:40,11:25,11:45
2026-02-16,META,put,ITM,market,70.0,4,265.0,OPPORTUNITY/HINDSIGHT,09:35,10:20,10:25,10:40,11:25,11:45
2026-02-16,META,put,ITM,market,75.0,2,240.0,OPPORTUNITY/HINDSIGHT,09:35,10:30,12:50,15:55,,
2026-02-16,META,put,ITM,market,80.0,2,230.0,OPPORTUNITY/HINDSIGHT,09:35,10:30,13:00,15:55,,
2026-02-16,META,put,ITM,market,90.0,2,235.0,OPPORTUNITY/HINDSIGHT,09:35,10:35,13:00,15:55,,
2026-02-16,META,put,ITM,market,100.0,2,225.0,OPPORTUNITY/HINDSIGHT,09:35,10:35,13:10,15:55,,
2026-02-17,META,call,ITM,mid,20.0,10,335.0,OPPORTUNITY/HINDSIGHT,09:35,09:40,09:40,10:20,10:20,10:25
2026-02-17,META,call,ITM,mid,25.0,9,335.0,OPPORTUNITY/HINDSIGHT,09:35,09:40,09:40,10:20,10:20,10:25
2026-02-17,META,call,ITM,mid,30.0,8,335.0,OPPORTUNITY/HINDSIGHT,09:35,10:00,10:00,10:20,10:20,10:25
2026-02-17,META,call,ITM,mid,40.0,6,325.0,OPPORTUNITY/HINDSIGHT,09:35,10:15,10:15,10:25,10:25,12:35
2026-02-17,META,call,ITM,mid,50.0,6,325.0,OPPORTUNITY/HINDSIGHT,09:35,10:15,10:15,10:25,10:25,12:35
2026-02-17,META,call,ITM,mid,60.0,6,320.0,OPPORTUNITY/HINDSIGHT,09:35,10:20,10:20,11:05,11:05,13:30
2026-02-17,META,call,ITM,mid,70.0,5,290.0,OPPORTUNITY/HINDSIGHT,09:35,10:20,10:20,11:05,11:05,13:35
2026-02-17,META,call,ITM,mid,75.0,5,290.0,OPPORTUNITY/HINDSIGHT,09:35,10:20,10:20,11:10,11:10,13:35
2026-02-17,META,call,ITM,mid,80.0,5,285.0,OPPORTUNITY/HINDSIGHT,09:35,10:20,10:20,11:10,11:10,13:35
2026-02-17,META,call,ITM,mid,90.0,4,295.0,OPPORTUNITY/HINDSIGHT,09:35,10:20,10:20,12:35,12:35,13:55
2026-02-17,META,call,ITM,mid,100.0,4,305.0,OPPORTUNITY/HINDSIGHT,09:35,10:25,10:25,13:30,13:30,14:05
2026-02-17,META,call,ITM,market,20.0,9,335.0,OPPORTUNITY/HINDSIGHT,09:35,09:40,09:40,10:20,10:20,10:25
2026-02-17,META,call,ITM,market,25.0,8,335.0,OPPORTUNITY/HINDSIGHT,09:35,10:00,10:00,10:20,10:20,10:25
2026-02-17,META,call,ITM,market,30.0,7,315.0,OPPORTUNITY/HINDSIGHT,09:35,10:00,10:00,10:20,10:20,10:25
2026-02-17,META,call,ITM,market,40.0,6,325.0,OPPORTUNITY/HINDSIGHT,09:35,10:15,10:15,10:25,10:25,12:35
2026-02-17,META,call,ITM,market,50.0,6,320.0,OPPORTUNITY/HINDSIGHT,09:35,10:20,10:20,11:05,11:05,13:30
2026-02-17,META,call,ITM,market,60.0,5,310.0,OPPORTUNITY/HINDSIGHT,09:35,10:20,10:20,11:05,11:05,13:35
2026-02-17,META,call,ITM,market,70.0,5,290.0,OPPORTUNITY/HINDSIGHT,09:35,10:20,10:20,11:10,11:10,13:35
2026-02-17,META,call,ITM,market,75.0,5,290.0,OPPORTUNITY/HINDSIGHT,09:35,10:20,10:20,12:35,12:35,13:40
2026-02-17,META,call,ITM,market,80.0,4,290.0,OPPORTUNITY/HINDSIGHT,09:35,10:20,10:20,12:35,12:35,13:55
2026-02-17,META,call,ITM,market,90.0,4,305.0,OPPORTUNITY/HINDSIGHT,09:35,10:25,10:25,13:30,13:30,14:05
2026-02-17,META,call,ITM,market,100.0,3,285.0,OPPORTUNITY/HINDSIGHT,09:35,10:25,10:25,13:35,15:10,15:55
2026-02-17,META,call,ATM,mid,20.0,10,260.0,OPPORTUNITY/HINDSIGHT,09:35,09:40,09:40,10:15,10:15,10:20
2026-02-17,META,call,ATM,mid,25.0,8,260.0,OPPORTUNITY/HINDSIGHT,09:35,09:40,09:40,10:20,10:20,10:25
2026-02-17,META,call,ATM,mid,30.0,7,280.0,OPPORTUNITY/HINDSIGHT,09:35,09:40,09:40,10:20,10:20,10:25
2026-02-17,META,call,ATM,mid,40.0,6,300.0,OPPORTUNITY/HINDSIGHT,09:35,10:00,10:00,10:20,10:20,10:25
2026-02-17,META,call,ATM,mid,50.0,6,305.0,OPPORTUNITY/HINDSIGHT,09:35,10:00,10:00,10:20,10:20,10:25
2026-02-17,META,call,ATM,mid,60.0,5,285.0,OPPORTUNITY/HINDSIGHT,09:35,10:15,10:15,10:25,10:25,12:35
2026-02-17,META,call,ATM,mid,70.0,5,260.0,OPPORTUNITY/HINDSIGHT,09:35,10:15,10:15,10:25,10:25,12:55
2026-02-17,META,call,ATM,mid,75.0,4,290.0,OPPORTUNITY/HINDSIGHT,09:35,10:20,10:20,11:05,11:05,13:30
2026-02-17,META,call,ATM,mid,80.0,4,295.0,OPPORTUNITY/HINDSIGHT,09:35,10:20,10:20,11:05,11:05,13:35
2026-02-17,META,call,ATM,mid,90.0,4,295.0,OPPORTUNITY/HINDSIGHT,09:35,10:20,10:20,11:05,11:05,13:35
2026-02-17,META,call,ATM,mid,100.0,4,295.0,OPPORTUNITY/HINDSIGHT,09:35,10:20,10:20,11:05,11:05,13:35
2026-02-17,META,call,ATM,market,20.0,8,260.0,OPPORTUNITY/HINDSIGHT,09:35,09:40,09:40,10:20,10:20,10:25
2026-02-17,META,call,ATM,market,25.0,7,280.0,OPPORTUNITY/HINDSIGHT,09:35,09:40,09:40,10:20,10:20,10:25
2026-02-17,META,call,ATM,market,30.0,7,280.0,OPPORTUNITY/HINDSIGHT,09:35,09:40,09:40,10:20,10:20,10:25
2026-02-17,META,call,ATM,market,40.0,6,300.0,OPPORTUNITY/HINDSIGHT,09:35,10:00,10:00,10:20,10:20,10:25
2026-02-17,META,call,ATM,market,50.0,5,305.0,OPPORTUNITY/HINDSIGHT,09:35,10:15,10:15,10:25,10:25,12:35
2026-02-17,META,call,ATM,market,60.0,5,260.0,OPPORTUNITY/HINDSIGHT,09:35,10:15,10:15,10:25,10:25,12:55
2026-02-17,META,call,ATM,market,70.0,4,290.0,OPPORTUNITY/HINDSIGHT,09:35,10:20,10:20,11:05,11:05,13:30
2026-02-17,META,call,ATM,market,75.0,4,295.0,OPPORTUNITY/HINDSIGHT,09:35,10:20,10:20,11:05,11:05,13:35
2026-02-17,META,call,ATM,market,80.0,4,295.0,OPPORTUNITY/HINDSIGHT,09:35,10:20,10:20,11:05,11:05,13:35
2026-02-17,META,call,ATM,market,90.0,4,295.0,OPPORTUNITY/HINDSIGHT,09:35,10:20,10:20,11:05,11:05,13:35
2026-02-17,META,call,ATM,market,100.0,4,295.0,OPPORTUNITY/HINDSIGHT,09:35,10:20,10:20,11:05,11:05,13:35
2026-02-17,META,call,OTM1,mid,20.0,8,135.0,OPPORTUNITY/HINDSIGHT,09:35,09:40,09:40,10:15,10:15,10:20
2026-02-17,META,call,OTM1,mid,25.0,8,135.0,OPPORTUNITY/HINDSIGHT,09:35,09:40,09:40,10:15,10:15,10:20
2026-02-17,META,call,OTM1,mid,30.0,7,145.0,OPPORTUNITY/HINDSIGHT,09:35,09:40,09:40,10:20,10:20,10:25
2026-02-17,META,call,OTM1,mid,40.0,7,145.0,OPPORTUNITY/HINDSIGHT,09:35,09:40,09:40,10:20,10:20,10:25
2026-02-17,META,call,OTM1,mid,50.0,6,140.0,OPPORTUNITY/HINDSIGHT,09:35,09:40,09:40,10:20,10:20,10:25
2026-02-17,META,call,OTM1,mid,60.0,6,145.0,OPPORTUNITY/HINDSIGHT,09:35,10:00,10:00,10:20,10:20,10:25
2026-02-17,META,call,OTM1,mid,70.0,4,160.0,OPPORTUNITY/HINDSIGHT,09:35,10:15,10:15,10:25,10:30,11:05
2026-02-17,META,call,OTM1,mid,75.0,4,160.0,OPPORTUNITY/HINDSIGHT,09:35,10:15,10:15,10:25,10:30,11:05
2026-02-17,META,call,OTM1,mid,80.0,4,160.0,OPPORTUNITY/HINDSIGHT,09:35,10:15,10:15,10:25,10:30,11:05
2026-02-17,META,call,OTM1,mid,90.0,4,160.0,OPPORTUNITY/HINDSIGHT,09:35,10:15,10:15,10:25,10:30,11:05
2026-02-17,META,call,OTM1,mid,100.0,3,165.0,OPPORTUNITY/HINDSIGHT,09:35,10:20,10:20,11:05,11:20,12:35
2026-02-17,META,call,OTM1,market,20.0,8,135.0,OPPORTUNITY/HINDSIGHT,09:35,09:40,09:40,10:15,10:15,10:20
2026-02-17,META,call,OTM1,market,25.0,7,145.0,OPPORTUNITY/HINDSIGHT,09:35,09:40,09:40,10:20,10:20,10:25
2026-02-17,META,call,OTM1,market,30.0,7,145.0,OPPORTUNITY/HINDSIGHT,09:35,09:40,09:40,10:20,10:20,10:25
2026-02-17,META,call,OTM1,market,40.0,6,140.0,OPPORTUNITY/HINDSIGHT,09:35,09:40,09:40,10:20,10:20,10:25
2026-02-17,META,call,OTM1,market,50.0,6,140.0,OPPORTUNITY/HINDSIGHT,09:35,10:00,10:00,10:20,10:20,10:25
2026-02-17,META,call,OTM1,market,60.0,5,160.0,OPPORTUNITY/HINDSIGHT,09:35,10:00,10:00,10:20,10:20,10:25
2026-02-17,META,call,OTM1,market,70.0,4,160.0,OPPORTUNITY/HINDSIGHT,09:35,10:15,10:15,10:25,10:30,11:05
2026-02-17,META,call,OTM1,market,75.0,4,160.0,OPPORTUNITY/HINDSIGHT,09:35,10:15,10:15,10:25,10:30,11:05
2026-02-17,META,call,OTM1,market,80.0,4,160.0,OPPORTUNITY/HINDSIGHT,09:35,10:15,10:15,10:25,10:30,11:05
2026-02-17,META,call,OTM1,market,90.0,3,165.0,OPPORTUNITY/HINDSIGHT,09:35,10:20,10:20,11:05,11:20,12:35
2026-02-17,META,call,OTM1,market,100.0,3,165.0,OPPORTUNITY/HINDSIGHT,09:35,10:20,10:20,11:05,11:20,12:35
2026-02-17,META,call,OTM2+,mid,20.0,3,45.0,OPPORTUNITY/HINDSIGHT,09:35,09:40,09:40,10:15,10:15,10:20
2026-02-17,META,call,OTM2+,mid,25.0,3,45.0,OPPORTUNITY/HINDSIGHT,09:35,09:40,09:40,10:15,10:15,10:20
2026-02-17,META,call,OTM2+,mid,30.0,3,45.0,OPPORTUNITY/HINDSIGHT,09:35,09:40,09:40,10:15,10:15,10:20
2026-02-17,META,call,OTM2+,mid,40.0,2,45.0,OPPORTUNITY/HINDSIGHT,09:35,09:40,09:40,10:20,,
2026-02-17,META,call,OTM2+,mid,50.0,2,45.0,OPPORTUNITY/HINDSIGHT,09:35,09:40,09:40,10:20,,
2026-02-17,META,call,OTM2+,mid,60.0,2,45.0,OPPORTUNITY/HINDSIGHT,09:35,09:40,09:40,10:20,,
2026-02-17,META,call,OTM2+,mid,70.0,2,45.0,OPPORTUNITY/HINDSIGHT,09:35,09:40,09:40,10:20,,
2026-02-17,META,call,OTM2+,mid,75.0,2,45.0,OPPORTUNITY/HINDSIGHT,09:35,10:00,10:00,10:20,,
2026-02-17,META,call,OTM2+,mid,80.0,2,45.0,OPPORTUNITY/HINDSIGHT,09:35,10:00,10:00,10:20,,
2026-02-17,META,call,OTM2+,mid,90.0,2,50.0,OPPORTUNITY/HINDSIGHT,09:35,10:15,10:15,10:25,,
2026-02-17,META,call,OTM2+,mid,100.0,2,50.0,OPPORTUNITY/HINDSIGHT,09:35,10:15,10:15,10:25,,
2026-02-17,META,call,OTM2+,market,20.0,3,45.0,OPPORTUNITY/HINDSIGHT,09:35,09:40,09:40,10:15,10:15,10:20
2026-02-17,META,call,OTM2+,market,25.0,3,45.0,OPPORTUNITY/HINDSIGHT,09:35,09:40,09:40,10:15,10:15,10:20
2026-02-17,META,call,OTM2+,market,30.0,2,45.0,OPPORTUNITY/HINDSIGHT,09:35,09:40,09:40,10:20,,
2026-02-17,META,call,OTM2+,market,40.0,2,45.0,OPPORTUNITY/HINDSIGHT,09:35,09:40,09:40,10:20,,
2026-02-17,META,call,OTM2+,market,50.0,2,45.0,OPPORTUNITY/HINDSIGHT,09:35,09:40,09:40,10:20,,
2026-02-17,META,call,OTM2+,market,60.0,2,45.0,OPPORTUNITY/HINDSIGHT,09:35,09:40,09:40,10:20,,
2026-02-17,META,call,OTM2+,market,70.0,2,45.0,OPPORTUNITY/HINDSIGHT,09:35,10:00,10:00,10:20,,
2026-02-17,META,call,OTM2+,market,75.0,2,45.0,OPPORTUNITY/HINDSIGHT,09:35,10:00,10:00,10:20,,
2026-02-17,META,call,OTM2+,market,80.0,2,45.0,OPPORTUNITY/HINDSIGHT,09:35,10:00,10:00,10:20,,
2026-02-17,META,call,OTM2+,market,90.0,2,50.0,OPPORTUNITY/HINDSIGHT,09:35,10:15,10:15,10:25,,
2026-02-17,META,call,OTM2+,market,100.0,2,50.0,OPPORTUNITY/HINDSIGHT,09:35,10:15,10:15,10:25,,
2026-02-17,META,put,OTM2+,mid,20.0,12,255.0,OPPORTUNITY/HINDSIGHT,09:40,09:45,10:00,10:05,10:20,10:40
2026-02-17,META,put,OTM2+,mid,25.0,9,260.0,OPPORTUNITY/HINDSIGHT,09:40,09:45,10:00,10:05,10:20,10:40
2026-02-17,META,put,OTM2+,mid,30.0,11,230.0,OPPORTUNITY/HINDSIGHT,09:40,09:45,10:00,10:05,10:20,10:40
2026-02-17,META,put,OTM2+,mid,40.0,11,230.0,OPPORTUNITY/HINDSIGHT,09:40,09:45,10:00,10:05,10:20,10:40
2026-02-17,META,put,OTM2+,mid,50.0,9,230.0,OPPORTUNITY/HINDSIGHT,09:40,09:45,10:00,10:05,10:20,10:40
2026-02-17,META,put,OTM2+,mid,60.0,5,230.0,OPPORTUNITY/HINDSIGHT,10:20,10:40,10:50,11:35,11:55,12:00
2026-02-17,META,put,OTM2+,mid,70.0,5,230.0,OPPORTUNITY/HINDSIGHT,10:20,10:40,10:50,11:35,11:55,12:00
2026-02-17,META,put,OTM2+,mid,75.0,5,220.0,OPPORTUNITY/HINDSIGHT,10:25,10:30,10:30,10:40,10:50,11:35
2026-02-17,META,put,OTM2+,mid,80.0,5,220.0,OPPORTUNITY/HINDSIGHT,10:25,10:30,10:30,10:40,10:50,11:35
2026-02-17,META,put,OTM2+,mid,90.0,5,210.0,OPPORTUNITY/HINDSIGHT,10:25,10:30,10:30,10:40,11:00,11:35
2026-02-17,META,put,OTM2+,mid,100.0,6,180.0,OPPORTUNITY/HINDSIGHT,10:25,10:30,10:30,10:40,11:05,11:20
2026-02-17,META,put,OTM2+,market,20.0,9,260.0,OPPORTUNITY/HINDSIGHT,09:40,09:45,10:00,10:05,10:20,10:40
2026-02-17,META,put,OTM2+,market,25.0,11,230.0,OPPORTUNITY/HINDSIGHT,09:40,09:45,10:00,10:05,10:20,10:40
2026-02-17,META,put,OTM2+,market,30.0,11,230.0,OPPORTUNITY/HINDSIGHT,09:40,09:45,10:00,10:05,10:20,10:40
2026-02-17,META,put,OTM2+,market,40.0,11,230.0,OPPORTUNITY/HINDSIGHT,09:40,09:45,10:00,10:05,10:20,10:40
2026-02-17,META,put,OTM2+,market,50.0,8,225.0,OPPORTUNITY/HINDSIGHT,09:40,09:45,10:20,10:40,10:50,11:35
2026-02-17,META,put,OTM2+,market,60.0,5,230.0,OPPORTUNITY/HINDSIGHT,10:20,10:40,10:50,11:35,11:55,12:00
2026-02-17,META,put,OTM2+,market,70.0,5,220.0,OPPORTUNITY/HINDSIGHT,10:25,10:30,10:30,10:40,10:50,11:35
2026-02-17,META,put,OTM2+,market,75.0,5,220.0,OPPORTUNITY/HINDSIGHT,10:25,10:30,10:30,10:40,10:50,11:35
2026-02-17,META,put,OTM2+,market,80.0,5,210.0,OPPORTUNITY/HINDSIGHT,10:25,10:30,10:30,10:40,11:00,11:35
2026-02-17,META,put,OTM2+,market,90.0,6,195.0,OPPORTUNITY/HINDSIGHT,10:25,10:30,10:30,10:40,11:05,11:20
2026-02-17,META,put,OTM2+,market,100.0,5,170.0,OPPORTUNITY/HINDSIGHT,10:25,10:30,11:05,11:20,11:30,11:35
2026-02-17,META,put,OTM1,mid,20.0,9,270.0,OPPORTUNITY/HINDSIGHT,09:40,09:45,10:00,10:05,10:20,10:40
2026-02-17,META,put,OTM1,mid,25.0,8,265.0,OPPORTUNITY/HINDSIGHT,09:40,09:45,10:00,10:05,10:20,10:40
2026-02-17,META,put,OTM1,mid,30.0,8,265.0,OPPORTUNITY/HINDSIGHT,09:40,09:45,10:00,10:05,10:20,10:40
2026-02-17,META,put,OTM1,mid,40.0,6,255.0,OPPORTUNITY/HINDSIGHT,09:40,09:45,10:20,10:40,10:50,11:25
2026-02-17,META,put,OTM1,mid,50.0,5,250.0,OPPORTUNITY/HINDSIGHT,10:25,10:30,10:30,10:40,10:50,11:35
2026-02-17,META,put,OTM1,mid,60.0,3,235.0,OPPORTUNITY/HINDSIGHT,10:25,10:30,10:50,11:35,12:05,15:10
2026-02-17,META,put,OTM1,mid,70.0,3,235.0,OPPORTUNITY/HINDSIGHT,10:25,10:30,10:50,11:35,12:05,15:10
2026-02-17,META,put,OTM1,mid,75.0,3,230.0,OPPORTUNITY/HINDSIGHT,10:25,10:35,11:00,11:35,12:05,15:10
2026-02-17,META,put,OTM1,mid,80.0,4,220.0,OPPORTUNITY/HINDSIGHT,10:25,10:40,11:05,11:20,11:30,11:35
2026-02-17,META,put,OTM1,mid,90.0,4,225.0,OPPORTUNITY/HINDSIGHT,10:25,10:40,11:05,11:20,11:30,11:35
2026-02-17,META,put,OTM1,mid,100.0,4,230.0,OPPORTUNITY/HINDSIGHT,10:25,10:40,11:05,11:25,11:30,11:35
2026-02-17,META,put,OTM1,market,20.0,8,265.0,OPPORTUNITY/HINDSIGHT,09:40,09:45,10:00,10:05,10:20,10:40
2026-02-17,META,put,OTM1,market,25.0,8,265.0,OPPORTUNITY/HINDSIGHT,09:40,09:45,10:00,10:05,10:20,10:40
2026-02-17,META,put,OTM1,market,30.0,8,265.0,OPPORTUNITY/HINDSIGHT,09:40,09:45,10:00,10:05,10:20,10:40
2026-02-17,META,put,OTM1,market,40.0,4,255.0,OPPORTUNITY/HINDSIGHT,10:20,10:40,10:50,11:35,11:55,12:00
2026-02-17,META,put,OTM1,market,50.0,4,245.0,OPPORTUNITY/HINDSIGHT,10:25,10:30,10:30,10:40,10:50,11:35
2026-02-17,META,put,OTM1,market,60.0,3,235.0,OPPORTUNITY/HINDSIGHT,10:25,10:30,10:50,11:35,12:05,15:10
2026-02-17,META,put,OTM1,market,70.0,3,235.0,OPPORTUNITY/HINDSIGHT,10:25,10:40,11:00,11:35,12:05,15:10
2026-02-17,META,put,OTM1,market,75.0,4,225.0,OPPORTUNITY/HINDSIGHT,10:25,10:40,11:05,11:20,11:30,11:35
2026-02-17,META,put,OTM1,market,80.0,4,225.0,OPPORTUNITY/HINDSIGHT,10:25,10:40,11:05,11:20,11:30,11:35
2026-02-17,META,put,OTM1,market,90.0,4,230.0,OPPORTUNITY/HINDSIGHT,10:25,10:40,11:05,11:25,11:30,11:35
2026-02-17,META,put,OTM1,market,100.0,4,230.0,OPPORTUNITY/HINDSIGHT,10:25,10:40,11:05,11:25,11:30,11:35
2026-02-17,META,put,ATM,mid,20.0,10,275.0,OPPORTUNITY/HINDSIGHT,09:40,09:45,10:00,10:05,10:20,10:40
2026-02-17,META,put,ATM,mid,25.0,9,265.0,OPPORTUNITY/HINDSIGHT,09:40,09:45,10:00,10:05,10:20,10:40
2026-02-17,META,put,ATM,mid,30.0,8,260.0,OPPORTUNITY/HINDSIGHT,09:40,09:45,10:20,10:40,10:50,11:25
2026-02-17,META,put,ATM,mid,40.0,5,265.0,OPPORTUNITY/HINDSIGHT,10:25,10:30,10:30,10:40,10:50,11:35
2026-02-17,META,put,ATM,mid,50.0,4,255.0,OPPORTUNITY/HINDSIGHT,10:25,10:30,10:50,11:35,11:55,15:15
2026-02-17,META,put,ATM,mid,60.0,5,225.0,OPPORTUNITY/HINDSIGHT,10:25,10:40,11:05,11:20,11:30,11:35
2026-02-17,META,put,ATM,mid,70.0,5,230.0,OPPORTUNITY/HINDSIGHT,10:25,10:40,11:05,11:25,11:30,11:35
2026-02-17,META,put,ATM,mid,75.0,5,230.0,OPPORTUNITY/HINDSIGHT,10:25,10:40,11:05,11:25,11:30,11:35
2026-02-17,META,put,ATM,mid,80.0,4,225.0,OPPORTUNITY/HINDSIGHT,10:25,10:40,11:05,11:25,12:05,15:10
2026-02-17,META,put,ATM,mid,90.0,4,225.0,OPPORTUNITY/HINDSIGHT,10:25,10:40,11:05,11:25,12:05,15:10
2026-02-17,META,put,ATM,mid,100.0,3,225.0,OPPORTUNITY/HINDSIGHT,11:05,11:35,12:05,15:15,15:30,15:35
2026-02-17,META,put,ATM,market,20.0,9,265.0,OPPORTUNITY/HINDSIGHT,09:40,09:45,10:00,10:05,10:20,10:40
2026-02-17,META,put,ATM,market,25.0,8,260.0,OPPORTUNITY/HINDSIGHT,09:40,09:45,10:20,10:40,10:50,11:25
2026-02-17,META,put,ATM,market,30.0,8,250.0,OPPORTUNITY/HINDSIGHT,10:25,10:30,10:30,10:40,10:50,11:25
2026-02-17,META,put,ATM,market,40.0,4,255.0,OPPORTUNITY/HINDSIGHT,10:25,10:30,10:50,11:35,11:55,15:15
2026-02-17,META,put,ATM,market,50.0,4,250.0,OPPORTUNITY/HINDSIGHT,10:25,10:40,10:50,11:35,12:05,15:10
2026-02-17,META,put,ATM,market,60.0,5,230.0,OPPORTUNITY/HINDSIGHT,10:25,10:40,11:05,11:25,11:30,11:35
2026-02-17,META,put,ATM,market,70.0,5,230.0,OPPORTUNITY/HINDSIGHT,10:25,10:40,11:05,11:25,11:30,11:35
2026-02-17,META,put,ATM,market,75.0,4,225.0,OPPORTUNITY/HINDSIGHT,10:25,10:40,11:05,11:25,12:05,15:10
2026-02-17,META,put,ATM,market,80.0,4,225.0,OPPORTUNITY/HINDSIGHT,10:25,10:40,11:05,11:25,12:05,15:10
2026-02-17,META,put,ATM,market,90.0,3,215.0,OPPORTUNITY/HINDSIGHT,11:05,11:25,12:05,15:15,15:30,15:35
2026-02-17,META,put,ATM,market,100.0,2,220.0,OPPORTUNITY/HINDSIGHT,11:05,11:35,12:05,15:15,,
2026-02-17,META,put,ITM,mid,20.0,6,300.0,OPPORTUNITY/HINDSIGHT,09:40,09:45,10:00,10:05,10:20,10:40
2026-02-17,META,put,ITM,mid,25.0,4,290.0,OPPORTUNITY/HINDSIGHT,10:20,10:40,10:50,11:25,11:25,15:15
2026-02-17,META,put,ITM,mid,30.0,3,260.0,OPPORTUNITY/HINDSIGHT,10:50,11:35,11:45,15:15,15:30,15:35
2026-02-17,META,put,ITM,mid,40.0,2,240.0,OPPORTUNITY/HINDSIGHT,10:50,11:35,11:55,15:10,,
2026-02-17,META,put,ITM,mid,50.0,1,265.0,OPPORTUNITY/HINDSIGHT,10:50,15:15,,,,
2026-02-17,META,put,ITM,mid,60.0,1,265.0,OPPORTUNITY/HINDSIGHT,10:50,15:15,,,,
2026-02-17,META,put,ITM,mid,70.0,1,225.0,OPPORTUNITY/HINDSIGHT,11:30,15:15,,,,
2026-02-17,META,put,ITM,mid,75.0,1,20.0,OPPORTUNITY/HINDSIGHT,14:50,15:10,,,,
2026-02-17,META,put,ITM,mid,80.0,1,20.0,OPPORTUNITY/HINDSIGHT,14:50,15:10,,,,
2026-02-17,META,put,ITM,mid,90.0,1,25.0,OPPORTUNITY/HINDSIGHT,14:50,15:15,,,,
2026-02-17,META,put,ITM,mid,100.0,1,25.0,OPPORTUNITY/HINDSIGHT,14:50,15:15,,,,
2026-02-17,META,put,ITM,market,20.0,4,290.0,OPPORTUNITY/HINDSIGHT,10:20,10:40,10:50,11:25,11:25,15:15
2026-02-17,META,put,ITM,market,25.0,3,260.0,OPPORTUNITY/HINDSIGHT,10:50,11:35,11:45,15:15,15:30,15:35
2026-02-17,META,put,ITM,market,30.0,2,240.0,OPPORTUNITY/HINDSIGHT,10:50,11:35,11:55,15:10,,
2026-02-17,META,put,ITM,market,40.0,1,260.0,OPPORTUNITY/HINDSIGHT,10:50,15:10,,,,
2026-02-17,META,put,ITM,market,50.0,1,265.0,OPPORTUNITY/HINDSIGHT,10:50,15:15,,,,
2026-02-17,META,put,ITM,market,60.0,1,225.0,OPPORTUNITY/HINDSIGHT,11:30,15:15,,,,
2026-02-17,META,put,ITM,market,70.0,1,20.0,OPPORTUNITY/HINDSIGHT,14:50,15:10,,,,
2026-02-17,META,put,ITM,market,75.0,1,20.0,OPPORTUNITY/HINDSIGHT,14:50,15:10,,,,
2026-02-17,META,put,ITM,market,80.0,1,25.0,OPPORTUNITY/HINDSIGHT,14:50,15:15,,,,
2026-02-17,META,put,ITM,market,90.0,1,25.0,OPPORTUNITY/HINDSIGHT,14:50,15:15,,,,
2026-02-18,META,call,ITM,mid,20.0,12,220.0,OPPORTUNITY/HINDSIGHT,09:35,10:55,10:55,11:05,11:05,11:30
2026-02-18,META,call,ITM,mid,25.0,9,210.0,OPPORTUNITY/HINDSIGHT,09:35,10:55,10:55,11:05,11:05,11:30
2026-02-18,META,call,ITM,mid,30.0,7,205.0,OPPORTUNITY/HINDSIGHT,09:35,11:00,11:00,11:30,11:30,11:45
2026-02-18,META,call,ITM,mid,40.0,7,195.0,OPPORTUNITY/HINDSIGHT,09:35,11:05,11:05,11:40,11:40,11:55
2026-02-18,META,call,ITM,mid,50.0,7,195.0,OPPORTUNITY/HINDSIGHT,09:35,11:05,11:05,11:40,11:40,11:55
2026-02-18,META,call,ITM,mid,60.0,5,170.0,OPPORTUNITY/HINDSIGHT,09:35,11:30,11:30,11:55,12:35,12:40
2026-02-18,META,call,ITM,mid,70.0,5,175.0,OPPORTUNITY/HINDSIGHT,09:35,11:30,11:30,11:55,12:35,12:45
2026-02-18,META,call,ITM,mid,75.0,5,170.0,OPPORTUNITY/HINDSIGHT,09:35,11:30,11:30,11:55,12:35,12:45
2026-02-18,META,call,ITM,mid,80.0,5,170.0,OPPORTUNITY/HINDSIGHT,09:35,11:40,11:40,11:55,12:35,12:45
2026-02-18,META,call,ITM,mid,90.0,2,135.0,OPPORTUNITY/HINDSIGHT,09:35,11:40,12:35,12:45,,
2026-02-18,META,call,ITM,mid,100.0,2,155.0,OPPORTUNITY/HINDSIGHT,09:35,11:40,12:35,13:05,,
2026-02-18,META,call,ITM,market,20.0,9,210.0,OPPORTUNITY/HINDSIGHT,09:35,10:55,10:55,11:05,11:05,11:30
2026-02-18,META,call,ITM,market,25.0,7,205.0,OPPORTUNITY/HINDSIGHT,09:35,11:00,11:00,11:30,11:30,11:45
2026-02-18,META,call,ITM,market,30.0,7,190.0,OPPORTUNITY/HINDSIGHT,09:35,11:05,11:05,11:40,11:40,11:55
2026-02-18,META,call,ITM,market,40.0,7,195.0,OPPORTUNITY/HINDSIGHT,09:35,11:05,11:05,11:40,11:40,11:55
2026-02-18,META,call,ITM,market,50.0,6,200.0,OPPORTUNITY/HINDSIGHT,09:35,11:30,11:30,11:55,12:35,12:40
2026-02-18,META,call,ITM,market,60.0,5,170.0,OPPORTUNITY/HINDSIGHT,09:35,11:30,11:30,11:55,12:35,12:40
2026-02-18,META,call,ITM,market,70.0,5,170.0,OPPORTUNITY/HINDSIGHT,09:35,11:30,11:30,11:55,12:35,12:45
2026-02-18,META,call,ITM,market,75.0,4,155.0,OPPORTUNITY/HINDSIGHT,09:35,11:40,12:35,12:45,13:00,13:10
2026-02-18,META,call,ITM,market,80.0,2,135.0,OPPORTUNITY/HINDSIGHT,09:35,11:40,12:35,12:45,,
2026-02-18,META,call,ITM,market,90.0,2,135.0,OPPORTUNITY/HINDSIGHT,09:35,11:40,12:35,12:45,,
2026-02-18,META,call,ITM,market,100.0,2,170.0,OPPORTUNITY/HINDSIGHT,09:35,11:50,12:35,13:10,,
2026-02-18,META,call,ATM,mid,20.0,16,245.0,OPPORTUNITY/HINDSIGHT,09:35,10:55,10:55,11:05,11:05,11:30
2026-02-18,META,call,ATM,mid,25.0,15,240.0,OPPORTUNITY/HINDSIGHT,09:35,10:55,10:55,11:05,11:05,11:30
2026-02-18,META,call,ATM,mid,30.0,15,245.0,OPPORTUNITY/HINDSIGHT,09:35,10:55,10:55,11:05,11:05,11:30
2026-02-18,META,call,ATM,mid,40.0,13,245.0,OPPORTUNITY/HINDSIGHT,09:35,11:00,11:00,11:30,11:30,11:40
2026-02-18,META,call,ATM,mid,50.0,8,220.0,OPPORTUNITY/HINDSIGHT,09:35,11:05,11:05,11:40,11:40,11:55
2026-02-18,META,call,ATM,mid,60.0,8,195.0,OPPORTUNITY/HINDSIGHT,09:35,11:05,11:05,11:40,11:40,11:55
2026-02-18,META,call,ATM,mid,70.0,8,200.0,OPPORTUNITY/HINDSIGHT,09:35,11:05,11:05,11:40,11:40,11:55
2026-02-18,META,call,ATM,mid,75.0,8,200.0,OPPORTUNITY/HINDSIGHT,09:35,11:30,11:30,11:50,11:50,11:55
2026-02-18,META,call,ATM,mid,80.0,8,200.0,OPPORTUNITY/HINDSIGHT,09:35,11:30,11:30,11:50,11:50,11:55
2026-02-18,META,call,ATM,mid,90.0,7,200.0,OPPORTUNITY/HINDSIGHT,09:35,11:30,11:30,11:55,12:35,12:40
2026-02-18,META,call,ATM,mid,100.0,7,180.0,OPPORTUNITY/HINDSIGHT,09:35,11:30,11:30,11:55,12:35,12:40
2026-02-18,META,call,ATM,market,20.0,15,240.0,OPPORTUNITY/HINDSIGHT,09:35,10:55,10:55,11:05,11:05,11:30
2026-02-18,META,call,ATM,market,25.0,15,245.0,OPPORTUNITY/HINDSIGHT,09:35,10:55,10:55,11:05,11:05,11:30
2026-02-18,META,call,ATM,market,30.0,13,245.0,OPPORTUNITY/HINDSIGHT,09:35,11:00,11:00,11:30,11:30,11:40
2026-02-18,META,call,ATM,market,40.0,9,235.0,OPPORTUNITY/HINDSIGHT,09:35,11:05,11:05,11:40,11:40,11:55
2026-02-18,META,call,ATM,market,50.0,8,195.0,OPPORTUNITY/HINDSIGHT,09:35,11:05,11:05,11:40,11:40,11:55
2026-02-18,META,call,ATM,market,60.0,8,200.0,OPPORTUNITY/HINDSIGHT,09:35,11:05,11:05,11:40,11:40,11:55
2026-02-18,META,call,ATM,market,70.0,8,200.0,OPPORTUNITY/HINDSIGHT,09:35,11:30,11:30,11:50,11:50,11:55
2026-02-18,META,call,ATM,market,75.0,7,195.0,OPPORTUNITY/HINDSIGHT,09:35,11:30,11:30,11:50,12:35,12:40
2026-02-18,META,call,ATM,market,80.0,7,195.0,OPPORTUNITY/HINDSIGHT,09:35,11:30,11:30,11:50,12:35,12:40
2026-02-18,META,call,ATM,market,90.0,7,200.0,OPPORTUNITY/HINDSIGHT,09:35,11:30,11:30,11:55,12:35,12:40
2026-02-18,META,call,ATM,market,100.0,7,185.0,OPPORTUNITY/HINDSIGHT,09:35,11:30,11:30,11:55,12:35,12:40
2026-02-18,META,call,OTM1,mid,20.0,9,155.0,OPPORTUNITY/HINDSIGHT,09:35,10:55,10:55,11:05,11:05,11:30
2026-02-18,META,call,OTM1,mid,25.0,9,155.0,OPPORTUNITY/HINDSIGHT,09:35,10:55,10:55,11:05,11:05,11:30
2026-02-18,META,call,OTM1,mid,30.0,9,155.0,OPPORTUNITY/HINDSIGHT,09:35,10:55,10:55,11:05,11:05,11:30
2026-02-18,META,call,OTM1,mid,40.0,9,155.0,OPPORTUNITY/HINDSIGHT,09:35,11:00,11:00,11:05,11:05,11:30
2026-02-18,META,call,OTM1,mid,50.0,8,160.0,OPPORTUNITY/HINDSIGHT,09:35,11:00,11:00,11:30,12:35,12:40
2026-02-18,META,call,OTM1,mid,60.0,8,160.0,OPPORTUNITY/HINDSIGHT,09:35,11:05,11:05,11:30,12:35,12:40
2026-02-18,META,call,OTM1,mid,70.0,8,170.0,OPPORTUNITY/HINDSIGHT,09:35,11:05,11:05,11:40,12:35,12:40
2026-02-18,META,call,OTM1,mid,75.0,7,165.0,OPPORTUNITY/HINDSIGHT,09:35,11:05,11:05,11:40,12:35,12:40
2026-02-18,META,call,OTM1,mid,80.0,8,160.0,OPPORTUNITY/HINDSIGHT,09:35,11:05,11:05,11:40,12:35,12:40
2026-02-18,META,call,OTM1,mid,90.0,8,160.0,OPPORTUNITY/HINDSIGHT,09:35,11:05,11:05,11:40,12:35,12:40
2026-02-18,META,call,OTM1,mid,100.0,7,155.0,OPPORTUNITY/HINDSIGHT,09:35,11:05,11:05,11:40,12:35,12:40
2026-02-18,META,call,OTM1,market,20.0,9,155.0,OPPORTUNITY/HINDSIGHT,09:35,10:55,10:55,11:05,11:05,11:30
2026-02-18,META,call,OTM1,market,25.0,9,155.0,OPPORTUNITY/HINDSIGHT,09:35,10:55,10:55,11:05,11:05,11:30
2026-02-18,META,call,OTM1,market,30.0,9,155.0,OPPORTUNITY/HINDSIGHT,09:35,10:55,10:55,11:05,11:05,11:30
2026-02-18,META,call,OTM1,market,40.0,9,155.0,OPPORTUNITY/HINDSIGHT,09:35,11:00,11:00,11:05,11:05,11:30
2026-02-18,META,call,OTM1,market,50.0,8,160.0,OPPORTUNITY/HINDSIGHT,09:35,11:05,11:05,11:30,12:35,12:40
2026-02-18,META,call,OTM1,market,60.0,8,170.0,OPPORTUNITY/HINDSIGHT,09:35,11:05,11:05,11:40,12:35,12:40
2026-02-18,META,call,OTM1,market,70.0,7,165.0,OPPORTUNITY/HINDSIGHT,09:35,11:05,11:05,11:40,12:35,12:40
2026-02-18,META,call,OTM1,market,75.0,8,160.0,OPPORTUNITY/HINDSIGHT,09:35,11:05,11:05,11:40,12:35,12:40
2026-02-18,META,call,OTM1,market,80.0,8,160.0,OPPORTUNITY/HINDSIGHT,09:35,11:05,11:05,11:40,12:35,12:40
2026-02-18,META,call,OTM1,market,90.0,7,155.0,OPPORTUNITY/HINDSIGHT,09:35,11:05,11:05,11:40,12:35,12:40
2026-02-18,META,call,OTM1,market,100.0,6,145.0,OPPORTUNITY/HINDSIGHT,09:35,11:30,12:35,12:40,12:55,13:05
2026-02-18,META,call,OTM2+,mid,20.0,2,85.0,OPPORTUNITY/HINDSIGHT,09:35,10:55,14:10,14:15,,
2026-02-18,META,call,OTM2+,mid,25.0,2,85.0,OPPORTUNITY/HINDSIGHT,09:35,10:55,14:10,14:15,,
2026-02-18,META,call,OTM2+,mid,30.0,2,85.0,OPPORTUNITY/HINDSIGHT,09:35,10:55,14:10,14:15,,
2026-02-18,META,call,OTM2+,mid,40.0,2,90.0,OPPORTUNITY/HINDSIGHT,09:35,11:00,14:10,14:15,,
2026-02-18,META,call,OTM2+,mid,50.0,2,90.0,OPPORTUNITY/HINDSIGHT,09:35,11:00,14:10,14:15,,
2026-02-18,META,call,OTM2+,mid,60.0,1,90.0,OPPORTUNITY/HINDSIGHT,09:35,11:05,,,,
2026-02-18,META,call,OTM2+,mid,70.0,1,90.0,OPPORTUNITY/HINDSIGHT,09:35,11:05,,,,
2026-02-18,META,call,OTM2+,mid,75.0,1,90.0,OPPORTUNITY/HINDSIGHT,09:35,11:05,,,,
2026-02-18,META,call,OTM2+,mid,80.0,1,90.0,OPPORTUNITY/HINDSIGHT,09:35,11:05,,,,
2026-02-18,META,call,OTM2+,mid,90.0,1,90.0,OPPORTUNITY/HINDSIGHT,09:35,11:05,,,,
2026-02-18,META,call,OTM2+,mid,100.0,1,90.0,OPPORTUNITY/HINDSIGHT,09:35,11:05,,,,
2026-02-18,META,call,OTM2+,market,20.0,2,85.0,OPPORTUNITY/HINDSIGHT,09:35,10:55,14:10,14:15,,
2026-02-18,META,call,OTM2+,market,25.0,2,85.0,OPPORTUNITY/HINDSIGHT,09:35,10:55,14:10,14:15,,
2026-02-18,META,call,OTM2+,market,30.0,2,85.0,OPPORTUNITY/HINDSIGHT,09:35,10:55,14:10,14:15,,
2026-02-18,META,call,OTM2+,market,40.0,2,90.0,OPPORTUNITY/HINDSIGHT,09:35,11:00,14:10,14:15,,
2026-02-18,META,call,OTM2+,market,50.0,2,90.0,OPPORTUNITY/HINDSIGHT,09:35,11:00,14:10,14:15,,
2026-02-18,META,call,OTM2+,market,60.0,1,90.0,OPPORTUNITY/HINDSIGHT,09:35,11:05,,,,
2026-02-18,META,call,OTM2+,market,70.0,1,90.0,OPPORTUNITY/HINDSIGHT,09:35,11:05,,,,
2026-02-18,META,call,OTM2+,market,75.0,1,90.0,OPPORTUNITY/HINDSIGHT,09:35,11:05,,,,
2026-02-18,META,call,OTM2+,market,80.0,1,90.0,OPPORTUNITY/HINDSIGHT,09:35,11:05,,,,
2026-02-18,META,call,OTM2+,market,90.0,1,90.0,OPPORTUNITY/HINDSIGHT,09:35,11:05,,,,
2026-02-18,META,call,OTM2+,market,100.0,1,90.0,OPPORTUNITY/HINDSIGHT,09:35,11:05,,,,
2026-02-18,META,put,OTM2+,mid,20.0,5,300.0,OPPORTUNITY/HINDSIGHT,09:35,09:45,09:45,09:50,09:50,09:55
2026-02-18,META,put,OTM2+,mid,25.0,5,300.0,OPPORTUNITY/HINDSIGHT,09:35,09:45,09:45,09:50,09:50,09:55
2026-02-18,META,put,OTM2+,mid,30.0,5,300.0,OPPORTUNITY/HINDSIGHT,09:35,09:45,09:45,09:50,09:50,09:55
2026-02-18,META,put,OTM2+,mid,40.0,4,300.0,OPPORTUNITY/HINDSIGHT,09:35,09:50,09:50,09:55,09:55,10:35
2026-02-18,META,put,OTM2+,mid,50.0,5,295.0,OPPORTUNITY/HINDSIGHT,09:35,09:50,09:50,10:00,10:05,10:30
2026-02-18,META,put,OTM2+,mid,60.0,4,295.0,OPPORTUNITY/HINDSIGHT,09:35,09:50,09:50,10:00,10:05,10:35
2026-02-18,META,put,OTM2+,mid,70.0,3,300.0,OPPORTUNITY/HINDSIGHT,09:35,09:50,09:50,10:35,10:40,14:40
2026-02-18,META,put,OTM2+,mid,75.0,3,300.0,OPPORTUNITY/HINDSIGHT,09:35,09:50,09:50,10:35,10:40,14:40
2026-02-18,META,put,OTM2+,mid,80.0,3,300.0,OPPORTUNITY/HINDSIGHT,09:35,09:50,09:50,10:35,10:40,14:40
2026-02-18,META,put,OTM2+,mid,90.0,3,300.0,OPPORTUNITY/HINDSIGHT,09:35,09:50,09:50,10:35,10:40,14:40
2026-02-18,META,put,OTM2+,mid,100.0,3,300.0,OPPORTUNITY/HINDSIGHT,09:35,09:50,09:50,10:35,10:40,14:40
2026-02-18,META,put,OTM2+,market,20.0,5,300.0,OPPORTUNITY/HINDSIGHT,09:35,09:45,09:45,09:50,09:50,09:55
2026-02-18,META,put,OTM2+,market,25.0,5,300.0,OPPORTUNITY/HINDSIGHT,09:35,09:45,09:45,09:50,09:50,09:55
2026-02-18,META,put,OTM2+,market,30.0,4,300.0,OPPORTUNITY/HINDSIGHT,09:35,09:50,09:50,09:55,09:55,10:35
2026-02-18,META,put,OTM2+,market,40.0,4,300.0,OPPORTUNITY/HINDSIGHT,09:35,09:50,09:50,09:55,09:55,10:35
2026-02-18,META,put,OTM2+,market,50.0,4,295.0,OPPORTUNITY/HINDSIGHT,09:35,09:50,09:50,10:00,10:05,10:35
2026-02-18,META,put,OTM2+,market,60.0,4,295.0,OPPORTUNITY/HINDSIGHT,09:35,09:50,09:50,10:00,10:05,10:35
2026-02-18,META,put,OTM2+,market,70.0,3,300.0,OPPORTUNITY/HINDSIGHT,09:35,09:50,09:50,10:35,10:40,14:40
2026-02-18,META,put,OTM2+,market,75.0,3,300.0,OPPORTUNITY/HINDSIGHT,09:35,09:50,09:50,10:35,10:40,14:40
2026-02-18,META,put,OTM2+,market,80.0,3,300.0,OPPORTUNITY/HINDSIGHT,09:35,09:50,09:50,10:35,10:40,14:40
2026-02-18,META,put,OTM2+,market,90.0,3,300.0,OPPORTUNITY/HINDSIGHT,09:35,09:50,09:50,10:35,10:40,14:40
2026-02-18,META,put,OTM2+,market,100.0,3,300.0,OPPORTUNITY/HINDSIGHT,09:35,09:50,09:50,10:35,10:40,14:40
2026-02-18,META,put,OTM1,mid,20.0,6,320.0,OPPORTUNITY/HINDSIGHT,09:35,09:45,09:45,09:50,09:50,09:55
2026-02-18,META,put,OTM1,mid,25.0,6,320.0,OPPORTUNITY/HINDSIGHT,09:35,09:45,09:45,09:50,09:50,09:55
2026-02-18,META,put,OTM1,mid,30.0,5,320.0,OPPORTUNITY/HINDSIGHT,09:35,09:50,09:50,09:55,09:55,10:35
2026-02-18,META,put,OTM1,mid,40.0,5,320.0,OPPORTUNITY/HINDSIGHT,09:35,09:50,09:50,10:00,10:00,10:35
2026-02-18,META,put,OTM1,mid,50.0,4,330.0,OPPORTUNITY/HINDSIGHT,09:35,09:50,09:50,10:35,10:35,14:45
2026-02-18,META,put,OTM1,mid,60.0,4,330.0,OPPORTUNITY/HINDSIGHT,09:35,09:50,09:50,10:35,10:35,14:45
2026-02-18,META,put,OTM1,mid,70.0,4,330.0,OPPORTUNITY/HINDSIGHT,09:35,09:50,09:50,10:35,10:35,14:45
2026-02-18,META,put,OTM1,mid,75.0,4,330.0,OPPORTUNITY/HINDSIGHT,09:35,09:50,09:50,10:35,10:35,14:45
2026-02-18,META,put,OTM1,mid,80.0,3,325.0,OPPORTUNITY/HINDSIGHT,09:35,09:55,09:55,14:40,14:55,15:15
2026-02-18,META,put,OTM1,mid,90.0,3,325.0,OPPORTUNITY/HINDSIGHT,09:35,09:55,09:55,14:40,14:55,15:15
2026-02-18,META,put,OTM1,mid,100.0,3,325.0,OPPORTUNITY/HINDSIGHT,09:35,09:55,09:55,14:40,14:55,15:15
2026-02-18,META,put,OTM1,market,20.0,6,320.0,OPPORTUNITY/HINDSIGHT,09:35,09:45,09:45,09:50,09:50,09:55
2026-02-18,META,put,OTM1,market,25.0,5,320.0,OPPORTUNITY/HINDSIGHT,09:35,09:50,09:50,09:55,09:55,10:35
2026-02-18,META,put,OTM1,market,30.0,5,320.0,OPPORTUNITY/HINDSIGHT,09:35,09:50,09:50,09:55,09:55,10:35
2026-02-18,META,put,OTM1,market,40.0,5,330.0,OPPORTUNITY/HINDSIGHT,09:35,09:50,09:50,10:00,10:00,10:35
2026-02-18,META,put,OTM1,market,50.0,4,330.0,OPPORTUNITY/HINDSIGHT,09:35,09:50,09:50,10:35,10:35,14:45
2026-02-18,META,put,OTM1,market,60.0,4,330.0,OPPORTUNITY/HINDSIGHT,09:35,09:50,09:50,10:35,10:35,14:45
2026-02-18,META,put,OTM1,market,70.0,4,330.0,OPPORTUNITY/HINDSIGHT,09:35,09:50,09:50,10:35,10:35,14:45
2026-02-18,META,put,OTM1,market,75.0,3,325.0,OPPORTUNITY/HINDSIGHT,09:35,09:55,09:55,14:40,14:55,15:15
2026-02-18,META,put,OTM1,market,80.0,3,325.0,OPPORTUNITY/HINDSIGHT,09:35,09:55,09:55,14:40,14:55,15:15
2026-02-18,META,put,OTM1,market,90.0,3,325.0,OPPORTUNITY/HINDSIGHT,09:35,09:55,09:55,14:40,14:55,15:15
2026-02-18,META,put,OTM1,market,100.0,3,325.0,OPPORTUNITY/HINDSIGHT,09:35,09:55,09:55,14:40,14:55,15:15
2026-02-18,META,put,ATM,mid,20.0,7,365.0,OPPORTUNITY/HINDSIGHT,09:35,09:50,09:50,09:55,09:55,10:35
2026-02-18,META,put,ATM,mid,25.0,7,365.0,OPPORTUNITY/HINDSIGHT,09:35,09:50,09:50,09:55,09:55,10:35
2026-02-18,META,put,ATM,mid,30.0,7,365.0,OPPORTUNITY/HINDSIGHT,09:35,09:50,09:50,10:00,10:00,10:35
2026-02-18,META,put,ATM,mid,40.0,6,370.0,OPPORTUNITY/HINDSIGHT,09:35,09:50,09:50,10:35,10:35,14:40
2026-02-18,META,put,ATM,mid,50.0,6,370.0,OPPORTUNITY/HINDSIGHT,09:35,09:50,09:50,10:35,10:35,14:40
2026-02-18,META,put,ATM,mid,60.0,5,370.0,OPPORTUNITY/HINDSIGHT,09:35,09:55,09:55,14:35,14:35,14:45
2026-02-18,META,put,ATM,mid,70.0,4,365.0,OPPORTUNITY/HINDSIGHT,09:35,09:55,09:55,14:35,14:35,14:45
2026-02-18,META,put,ATM,mid,75.0,4,365.0,OPPORTUNITY/HINDSIGHT,09:35,09:55,09:55,14:35,14:35,14:45
2026-02-18,META,put,ATM,mid,80.0,4,365.0,OPPORTUNITY/HINDSIGHT,09:35,09:55,09:55,14:35,14:35,14:45
2026-02-18,META,put,ATM,mid,90.0,4,365.0,OPPORTUNITY/HINDSIGHT,09:35,09:55,09:55,14:40,14:40,14:45
2026-02-18,META,put,ATM,mid,100.0,4,365.0,OPPORTUNITY/HINDSIGHT,09:35,10:00,10:00,14:40,14:40,14:45
2026-02-18,META,put,ATM,market,20.0,7,365.0,OPPORTUNITY/HINDSIGHT,09:35,09:50,09:50,09:55,09:55,10:35
2026-02-18,META,put,ATM,market,25.0,7,365.0,OPPORTUNITY/HINDSIGHT,09:35,09:50,09:50,10:00,10:00,10:35
2026-02-18,META,put,ATM,market,30.0,6,365.0,OPPORTUNITY/HINDSIGHT,09:35,09:50,09:50,10:35,10:35,14:40
2026-02-18,META,put,ATM,market,40.0,6,370.0,OPPORTUNITY/HINDSIGHT,09:35,09:50,09:50,10:35,10:35,14:40
2026-02-18,META,put,ATM,market,50.0,5,370.0,OPPORTUNITY/HINDSIGHT,09:35,09:55,09:55,14:35,14:35,14:45
2026-02-18,META,put,ATM,market,60.0,4,365.0,OPPORTUNITY/HINDSIGHT,09:35,09:55,09:55,14:35,14:35,14:45
2026-02-18,META,put,ATM,market,70.0,4,365.0,OPPORTUNITY/HINDSIGHT,09:35,09:55,09:55,14:35,14:35,14:45
2026-02-18,META,put,ATM,market,75.0,4,365.0,OPPORTUNITY/HINDSIGHT,09:35,09:55,09:55,14:40,14:40,14:45
2026-02-18,META,put,ATM,market,80.0,4,365.0,OPPORTUNITY/HINDSIGHT,09:35,09:55,09:55,14:40,14:40,14:45
2026-02-18,META,put,ATM,market,90.0,4,365.0,OPPORTUNITY/HINDSIGHT,09:35,10:00,10:00,14:40,14:40,14:45
2026-02-18,META,put,ATM,market,100.0,3,365.0,OPPORTUNITY/HINDSIGHT,09:35,10:35,10:35,14:45,14:45,15:40
2026-02-18,META,put,ITM,mid,20.0,8,370.0,OPPORTUNITY/HINDSIGHT,09:35,09:50,09:50,10:00,10:00,10:35
2026-02-18,META,put,ITM,mid,25.0,6,370.0,OPPORTUNITY/HINDSIGHT,09:35,09:50,09:50,10:35,10:35,14:35
2026-02-18,META,put,ITM,mid,30.0,6,370.0,OPPORTUNITY/HINDSIGHT,09:35,09:50,09:50,10:35,10:35,14:35
2026-02-18,META,put,ITM,mid,40.0,4,365.0,OPPORTUNITY/HINDSIGHT,09:35,09:55,09:55,14:35,14:35,14:45
2026-02-18,META,put,ITM,mid,50.0,4,370.0,OPPORTUNITY/HINDSIGHT,09:35,09:55,09:55,14:35,14:35,14:45
2026-02-18,META,put,ITM,mid,60.0,4,370.0,OPPORTUNITY/HINDSIGHT,09:35,09:55,09:55,14:40,14:40,15:25
2026-02-18,META,put,ITM,mid,70.0,3,370.0,OPPORTUNITY/HINDSIGHT,09:35,10:35,10:35,14:45,14:45,15:45
2026-02-18,META,put,ITM,mid,75.0,3,370.0,OPPORTUNITY/HINDSIGHT,09:35,10:35,10:35,14:45,14:45,15:45
2026-02-18,META,put,ITM,mid,80.0,3,370.0,OPPORTUNITY/HINDSIGHT,09:35,10:35,10:35,14:45,14:45,15:45
2026-02-18,META,put,ITM,mid,90.0,3,370.0,OPPORTUNITY/HINDSIGHT,09:35,10:35,10:35,14:45,14:45,15:45
2026-02-18,META,put,ITM,mid,100.0,3,385.0,OPPORTUNITY/HINDSIGHT,09:35,10:35,10:35,15:25,15:25,16:00
2026-02-18,META,put,ITM,market,20.0,6,370.0,OPPORTUNITY/HINDSIGHT,09:35,09:50,09:50,10:35,10:35,14:35
2026-02-18,META,put,ITM,market,25.0,6,370.0,OPPORTUNITY/HINDSIGHT,09:35,09:50,09:50,10:35,10:35,14:35
2026-02-18,META,put,ITM,market,30.0,5,365.0,OPPORTUNITY/HINDSIGHT,09:35,09:50,09:50,10:35,10:35,14:40
2026-02-18,META,put,ITM,market,40.0,4,365.0,OPPORTUNITY/HINDSIGHT,09:35,09:55,09:55,14:35,14:35,14:45
2026-02-18,META,put,ITM,market,50.0,4,370.0,OPPORTUNITY/HINDSIGHT,09:35,09:55,09:55,14:35,14:35,15:25
2026-02-18,META,put,ITM,market,60.0,4,385.0,OPPORTUNITY/HINDSIGHT,09:35,10:00,10:00,14:35,14:35,15:30
2026-02-18,META,put,ITM,market,70.0,3,370.0,OPPORTUNITY/HINDSIGHT,09:35,10:35,10:35,14:45,14:45,15:45
2026-02-18,META,put,ITM,market,75.0,3,370.0,OPPORTUNITY/HINDSIGHT,09:35,10:35,10:35,14:45,14:45,15:45
2026-02-18,META,put,ITM,market,80.0,3,370.0,OPPORTUNITY/HINDSIGHT,09:35,10:35,10:35,14:45,14:45,15:45
2026-02-18,META,put,ITM,market,90.0,3,385.0,OPPORTUNITY/HINDSIGHT,09:35,10:35,10:35,15:25,15:25,16:00
2026-02-18,META,put,ITM,market,100.0,2,370.0,OPPORTUNITY/HINDSIGHT,09:35,14:35,14:35,15:45,,
2026-02-19,META,call,ITM,mid,20.0,4,365.0,OPPORTUNITY/HINDSIGHT,09:35,11:00,11:00,13:10,13:10,15:20
2026-02-19,META,call,ITM,mid,25.0,4,370.0,OPPORTUNITY/HINDSIGHT,09:35,11:00,11:00,13:10,13:10,15:30
2026-02-19,META,call,ITM,mid,30.0,4,370.0,OPPORTUNITY/HINDSIGHT,09:35,11:00,11:00,13:10,13:10,15:30
2026-02-19,META,call,ITM,mid,40.0,3,370.0,OPPORTUNITY/HINDSIGHT,09:35,12:10,12:10,13:10,13:10,15:45
2026-02-19,META,call,ITM,mid,50.0,3,370.0,OPPORTUNITY/HINDSIGHT,09:35,12:20,12:20,15:20,15:20,15:45
2026-02-19,META,call,ITM,mid,60.0,2,375.0,OPPORTUNITY/HINDSIGHT,09:35,13:10,13:10,15:50,,
2026-02-19,META,call,ITM,mid,70.0,2,365.0,OPPORTUNITY/HINDSIGHT,09:35,13:10,13:15,15:45,,
2026-02-19,META,call,ITM,mid,75.0,2,365.0,OPPORTUNITY/HINDSIGHT,09:35,13:10,13:15,15:45,,
2026-02-19,META,call,ITM,mid,80.0,2,365.0,OPPORTUNITY/HINDSIGHT,09:35,13:10,13:15,15:45,,
2026-02-19,META,call,ITM,mid,90.0,2,370.0,OPPORTUNITY/HINDSIGHT,09:35,15:10,15:10,15:45,,
2026-02-19,META,call,ITM,mid,100.0,2,375.0,OPPORTUNITY/HINDSIGHT,09:35,15:15,15:15,15:50,,
2026-02-19,META,call,ITM,market,20.0,4,370.0,OPPORTUNITY/HINDSIGHT,09:35,11:00,11:00,13:10,13:10,15:30
2026-02-19,META,call,ITM,market,25.0,4,370.0,OPPORTUNITY/HINDSIGHT,09:35,11:00,11:00,13:10,13:10,15:30
2026-02-19,META,call,ITM,market,30.0,3,365.0,OPPORTUNITY/HINDSIGHT,09:35,11:00,11:00,13:10,13:10,15:40
2026-02-19,META,call,ITM,market,40.0,3,365.0,OPPORTUNITY/HINDSIGHT,09:35,12:20,12:20,15:15,15:15,15:40
2026-02-19,META,call,ITM,market,50.0,2,370.0,OPPORTUNITY/HINDSIGHT,09:35,13:10,13:10,15:45,,
2026-02-19,META,call,ITM,market,60.0,2,375.0,OPPORTUNITY/HINDSIGHT,09:35,13:10,13:10,15:50,,
2026-02-19,META,call,ITM,market,70.0,2,365.0,OPPORTUNITY/HINDSIGHT,09:35,13:10,13:15,15:45,,
2026-02-19,META,call,ITM,market,75.0,2,370.0,OPPORTUNITY/HINDSIGHT,09:35,13:10,13:15,15:50,,
2026-02-19,META,call,ITM,market,80.0,2,370.0,OPPORTUNITY/HINDSIGHT,09:35,15:10,15:10,15:45,,
2026-02-19,META,call,ITM,market,90.0,2,370.0,OPPORTUNITY/HINDSIGHT,09:35,15:10,15:10,15:45,,
2026-02-19,META,call,ITM,market,100.0,1,345.0,OPPORTUNITY/HINDSIGHT,09:35,15:20,,,,
2026-02-19,META,call,ATM,mid,20.0,4,370.0,OPPORTUNITY/HINDSIGHT,09:35,11:00,11:00,13:10,13:10,15:20
2026-02-19,META,call,ATM,mid,25.0,4,370.0,OPPORTUNITY/HINDSIGHT,09:35,11:00,11:00,13:10,13:10,15:30
2026-02-19,META,call,ATM,mid,30.0,4,370.0,OPPORTUNITY/HINDSIGHT,09:35,11:00,11:00,13:10,13:10,15:30
2026-02-19,META,call,ATM,mid,40.0,3,365.0,OPPORTUNITY/HINDSIGHT,09:35,11:00,11:00,13:10,13:10,15:40
2026-02-19,META,call,ATM,mid,50.0,3,370.0,OPPORTUNITY/HINDSIGHT,09:35,12:20,12:20,15:20,15:20,15:45
2026-02-19,META,call,ATM,mid,60.0,3,370.0,OPPORTUNITY/HINDSIGHT,09:35,12:20,12:20,15:20,15:20,15:45
2026-02-19,META,call,ATM,mid,70.0,2,370.0,OPPORTUNITY/HINDSIGHT,09:35,13:10,13:10,15:45,,
2026-02-19,META,call,ATM,mid,75.0,2,370.0,OPPORTUNITY/HINDSIGHT,09:35,13:10,13:10,15:45,,
2026-02-19,META,call,ATM,mid,80.0,2,370.0,OPPORTUNITY/HINDSIGHT,09:35,13:10,13:10,15:45,,
2026-02-19,META,call,ATM,mid,90.0,2,370.0,OPPORTUNITY/HINDSIGHT,09:35,13:10,13:10,15:45,,
2026-02-19,META,call,ATM,mid,100.0,2,375.0,OPPORTUNITY/HINDSIGHT,09:35,13:10,13:10,15:50,,
2026-02-19,META,call,ATM,market,20.0,4,370.0,OPPORTUNITY/HINDSIGHT,09:35,11:00,11:00,13:10,13:10,15:30
2026-02-19,META,call,ATM,market,25.0,4,370.0,OPPORTUNITY/HINDSIGHT,09:35,11:00,11:00,13:10,13:10,15:30
2026-02-19,META,call,ATM,market,30.0,4,370.0,OPPORTUNITY/HINDSIGHT,09:35,11:00,11:00,13:10,13:10,15:30
2026-02-19,META,call,ATM,market,40.0,3,365.0,OPPORTUNITY/HINDSIGHT,09:35,11:00,11:00,13:10,13:10,15:40
2026-02-19,META,call,ATM,market,50.0,3,370.0,OPPORTUNITY/HINDSIGHT,09:35,12:20,12:20,15:20,15:20,15:45
2026-02-19,META,call,ATM,market,60.0,2,370.0,OPPORTUNITY/HINDSIGHT,09:35,13:10,13:10,15:45,,
2026-02-19,META,call,ATM,market,70.0,2,370.0,OPPORTUNITY/HINDSIGHT,09:35,13:10,13:10,15:45,,
2026-02-19,META,call,ATM,market,75.0,2,370.0,OPPORTUNITY/HINDSIGHT,09:35,13:10,13:10,15:45,,
2026-02-19,META,call,ATM,market,80.0,2,370.0,OPPORTUNITY/HINDSIGHT,09:35,13:10,13:10,15:45,,
2026-02-19,META,call,ATM,market,90.0,2,375.0,OPPORTUNITY/HINDSIGHT,09:35,13:10,13:10,15:50,,
2026-02-19,META,call,ATM,market,100.0,2,375.0,OPPORTUNITY/HINDSIGHT,09:35,13:10,13:10,15:50,,
2026-02-19,META,call,OTM1,mid,20.0,3,370.0,OPPORTUNITY/HINDSIGHT,09:35,11:00,11:00,13:10,13:10,15:45
2026-02-19,META,call,OTM1,mid,25.0,3,370.0,OPPORTUNITY/HINDSIGHT,09:35,11:00,11:00,13:10,13:10,15:45
2026-02-19,META,call,OTM1,mid,30.0,3,370.0,OPPORTUNITY/HINDSIGHT,09:35,11:00,11:00,13:10,13:10,15:45
2026-02-19,META,call,OTM1,mid,40.0,2,370.0,OPPORTUNITY/HINDSIGHT,09:35,11:00,11:00,15:45,,
2026-02-19,META,call,OTM1,mid,50.0,2,370.0,OPPORTUNITY/HINDSIGHT,09:35,11:00,11:00,15:45,,
2026-02-19,META,call,OTM1,mid,60.0,2,370.0,OPPORTUNITY/HINDSIGHT,09:35,12:20,12:20,15:45,,
2026-02-19,META,call,OTM1,mid,70.0,2,375.0,OPPORTUNITY/HINDSIGHT,09:35,13:10,13:10,15:50,,
2026-02-19,META,call,OTM1,mid,75.0,2,375.0,OPPORTUNITY/HINDSIGHT,09:35,13:10,13:10,15:50,,
2026-02-19,META,call,OTM1,mid,80.0,2,375.0,OPPORTUNITY/HINDSIGHT,09:35,13:10,13:10,15:50,,
2026-02-19,META,call,OTM1,mid,90.0,2,375.0,OPPORTUNITY/HINDSIGHT,09:35,13:10,13:10,15:50,,
2026-02-19,META,call,OTM1,mid,100.0,2,375.0,OPPORTUNITY/HINDSIGHT,09:35,13:10,13:10,15:50,,
2026-02-19,META,call,OTM1,market,20.0,3,370.0,OPPORTUNITY/HINDSIGHT,09:35,11:00,11:00,13:10,13:10,15:45
2026-02-19,META,call,OTM1,market,25.0,3,370.0,OPPORTUNITY/HINDSIGHT,09:35,11:00,11:00,13:10,13:10,15:45
2026-02-19,META,call,OTM1,market,30.0,2,370.0,OPPORTUNITY/HINDSIGHT,09:35,11:00,11:00,15:45,,
2026-02-19,META,call,OTM1,market,40.0,2,370.0,OPPORTUNITY/HINDSIGHT,09:35,11:00,11:00,15:45,,
2026-02-19,META,call,OTM1,market,50.0,2,370.0,OPPORTUNITY/HINDSIGHT,09:35,11:00,11:00,15:45,,
2026-02-19,META,call,OTM1,market,60.0,2,370.0,OPPORTUNITY/HINDSIGHT,09:35,12:20,12:20,15:45,,
2026-02-19,META,call,OTM1,market,70.0,2,375.0,OPPORTUNITY/HINDSIGHT,09:35,13:10,13:10,15:50,,
2026-02-19,META,call,OTM1,market,75.0,2,375.0,OPPORTUNITY/HINDSIGHT,09:35,13:10,13:10,15:50,,
2026-02-19,META,call,OTM1,market,80.0,2,375.0,OPPORTUNITY/HINDSIGHT,09:35,13:10,13:10,15:50,,
2026-02-19,META,call,OTM1,market,90.0,2,375.0,OPPORTUNITY/HINDSIGHT,09:35,13:10,13:10,15:50,,
2026-02-19,META,call,OTM1,market,100.0,2,375.0,OPPORTUNITY/HINDSIGHT,09:35,13:10,13:10,15:50,,
2026-02-19,META,call,OTM2+,mid,20.0,7,240.0,OPPORTUNITY/HINDSIGHT,09:35,11:00,11:10,11:15,11:15,11:20
2026-02-19,META,call,OTM2+,mid,25.0,7,245.0,OPPORTUNITY/HINDSIGHT,09:35,11:00,11:10,11:15,11:15,11:20
2026-02-19,META,call,OTM2+,mid,30.0,6,255.0,OPPORTUNITY/HINDSIGHT,09:35,11:00,11:10,11:15,11:15,11:20
2026-02-19,META,call,OTM2+,mid,40.0,5,255.0,OPPORTUNITY/HINDSIGHT,09:35,11:00,11:10,11:20,11:20,12:10
2026-02-19,META,call,OTM2+,mid,50.0,5,265.0,OPPORTUNITY/HINDSIGHT,09:35,11:00,11:10,11:20,11:20,12:20
2026-02-19,META,call,OTM2+,mid,60.0,2,305.0,OPPORTUNITY/HINDSIGHT,09:35,13:10,13:40,15:10,,
2026-02-19,META,call,OTM2+,mid,70.0,2,305.0,OPPORTUNITY/HINDSIGHT,09:35,13:10,13:40,15:10,,
2026-02-19,META,call,OTM2+,mid,75.0,2,305.0,OPPORTUNITY/HINDSIGHT,09:35,13:10,13:40,15:10,,
2026-02-19,META,call,OTM2+,mid,80.0,2,305.0,OPPORTUNITY/HINDSIGHT,09:35,13:10,13:40,15:10,,
2026-02-19,META,call,OTM2+,mid,90.0,2,305.0,OPPORTUNITY/HINDSIGHT,09:35,13:10,13:40,15:10,,
2026-02-19,META,call,OTM2+,mid,100.0,2,305.0,OPPORTUNITY/HINDSIGHT,09:35,13:10,13:40,15:10,,
2026-02-19,META,call,OTM2+,market,20.0,7,245.0,OPPORTUNITY/HINDSIGHT,09:35,11:00,11:10,11:15,11:15,11:20
2026-02-19,META,call,OTM2+,market,25.0,6,255.0,OPPORTUNITY/HINDSIGHT,09:35,11:00,11:10,11:15,11:15,11:20
2026-02-19,META,call,OTM2+,market,30.0,6,255.0,OPPORTUNITY/HINDSIGHT,09:35,11:00,11:10,11:15,11:15,11:20
2026-02-19,META,call,OTM2+,market,40.0,5,255.0,OPPORTUNITY/HINDSIGHT,09:35,11:00,11:10,11:20,11:20,12:10
2026-02-19,META,call,OTM2+,market,50.0,5,265.0,OPPORTUNITY/HINDSIGHT,09:35,11:00,11:10,11:20,11:20,12:20
2026-02-19,META,call,OTM2+,market,60.0,2,305.0,OPPORTUNITY/HINDSIGHT,09:35,13:10,13:40,15:10,,
2026-02-19,META,call,OTM2+,market,70.0,2,305.0,OPPORTUNITY/HINDSIGHT,09:35,13:10,13:40,15:10,,
2026-02-19,META,call,OTM2+,market,75.0,2,305.0,OPPORTUNITY/HINDSIGHT,09:35,13:10,13:40,15:10,,
2026-02-19,META,call,OTM2+,market,80.0,2,305.0,OPPORTUNITY/HINDSIGHT,09:35,13:10,13:40,15:10,,
2026-02-19,META,call,OTM2+,market,90.0,2,305.0,OPPORTUNITY/HINDSIGHT,09:35,13:10,13:40,15:10,,
2026-02-19,META,call,OTM2+,market,100.0,2,305.0,OPPORTUNITY/HINDSIGHT,09:35,13:10,13:40,15:10,,
2026-02-19,META,put,OTM2+,mid,20.0,3,230.0,OPPORTUNITY/HINDSIGHT,09:35,09:45,10:00,10:25,10:35,13:50
2026-02-19,META,put,OTM2+,mid,25.0,3,230.0,OPPORTUNITY/HINDSIGHT,09:35,09:45,10:00,10:25,10:35,13:50
2026-02-19,META,put,OTM2+,mid,30.0,3,230.0,OPPORTUNITY/HINDSIGHT,09:35,09:45,10:00,10:25,10:35,13:50
2026-02-19,META,put,OTM2+,mid,40.0,3,230.0,OPPORTUNITY/HINDSIGHT,09:35,09:45,10:00,10:25,10:35,13:50
2026-02-19,META,put,OTM2+,mid,50.0,3,230.0,OPPORTUNITY/HINDSIGHT,09:35,09:45,10:00,10:25,10:35,13:50
2026-02-19,META,put,OTM2+,mid,60.0,3,230.0,OPPORTUNITY/HINDSIGHT,09:35,09:45,10:00,10:25,10:35,13:50
2026-02-19,META,put,OTM2+,mid,70.0,3,225.0,OPPORTUNITY/HINDSIGHT,09:35,09:45,10:05,10:25,10:35,13:50
2026-02-19,META,put,OTM2+,mid,75.0,3,225.0,OPPORTUNITY/HINDSIGHT,09:35,09:45,10:05,10:25,10:35,13:50
2026-02-19,META,put,OTM2+,mid,80.0,3,225.0,OPPORTUNITY/HINDSIGHT,09:35,09:45,10:05,10:25,10:35,13:50
2026-02-19,META,put,OTM2+,mid,90.0,3,225.0,OPPORTUNITY/HINDSIGHT,09:35,09:45,10:05,10:25,10:35,13:50
2026-02-19,META,put,OTM2+,mid,100.0,3,225.0,OPPORTUNITY/HINDSIGHT,09:35,09:45,10:05,10:25,10:35,13:50
2026-02-19,META,put,OTM2+,market,20.0,3,230.0,OPPORTUNITY/HINDSIGHT,09:35,09:45,10:00,10:25,10:35,13:50
2026-02-19,META,put,OTM2+,market,25.0,3,230.0,OPPORTUNITY/HINDSIGHT,09:35,09:45,10:00,10:25,10:35,13:50
2026-02-19,META,put,OTM2+,market,30.0,3,230.0,OPPORTUNITY/HINDSIGHT,09:35,09:45,10:00,10:25,10:35,13:50
2026-02-19,META,put,OTM2+,market,40.0,3,230.0,OPPORTUNITY/HINDSIGHT,09:35,09:45,10:00,10:25,10:35,13:50
2026-02-19,META,put,OTM2+,market,50.0,3,230.0,OPPORTUNITY/HINDSIGHT,09:35,09:45,10:00,10:25,10:35,13:50
2026-02-19,META,put,OTM2+,market,60.0,3,230.0,OPPORTUNITY/HINDSIGHT,09:35,09:45,10:00,10:25,10:35,13:50
2026-02-19,META,put,OTM2+,market,70.0,3,225.0,OPPORTUNITY/HINDSIGHT,09:35,09:45,10:05,10:25,10:35,13:50
2026-02-19,META,put,OTM2+,market,75.0,3,225.0,OPPORTUNITY/HINDSIGHT,09:35,09:45,10:05,10:25,10:35,13:50
2026-02-19,META,put,OTM2+,market,80.0,3,225.0,OPPORTUNITY/HINDSIGHT,09:35,09:45,10:05,10:25,10:35,13:50
2026-02-19,META,put,OTM2+,market,90.0,3,225.0,OPPORTUNITY/HINDSIGHT,09:35,09:45,10:05,10:25,10:35,13:50
2026-02-19,META,put,OTM2+,market,100.0,3,225.0,OPPORTUNITY/HINDSIGHT,09:35,09:45,10:05,10:25,10:35,13:50
2026-02-19,META,put,OTM1,mid,20.0,8,275.0,OPPORTUNITY/HINDSIGHT,09:35,09:45,09:45,09:50,10:00,10:25
2026-02-19,META,put,OTM1,mid,25.0,6,270.0,OPPORTUNITY/HINDSIGHT,09:35,09:45,10:00,10:25,10:35,13:50
2026-02-19,META,put,OTM1,mid,30.0,6,270.0,OPPORTUNITY/HINDSIGHT,09:35,09:45,10:00,10:25,10:35,13:50
2026-02-19,META,put,OTM1,mid,40.0,6,265.0,OPPORTUNITY/HINDSIGHT,09:35,09:45,10:00,10:25,10:35,13:50
2026-02-19,META,put,OTM1,mid,50.0,6,260.0,OPPORTUNITY/HINDSIGHT,09:35,09:45,10:00,10:25,10:35,13:50
2026-02-19,META,put,OTM1,mid,60.0,5,270.0,OPPORTUNITY/HINDSIGHT,09:35,09:45,10:00,13:50,13:55,14:15
2026-02-19,META,put,OTM1,mid,70.0,4,265.0,OPPORTUNITY/HINDSIGHT,09:35,09:45,10:00,13:50,13:55,14:15
2026-02-19,META,put,OTM1,mid,75.0,4,265.0,OPPORTUNITY/HINDSIGHT,09:35,09:45,10:00,13:50,13:55,14:15
2026-02-19,META,put,OTM1,mid,80.0,4,265.0,OPPORTUNITY/HINDSIGHT,09:35,09:45,10:00,13:50,13:55,14:15
2026-02-19,META,put,OTM1,mid,90.0,4,265.0,OPPORTUNITY/HINDSIGHT,09:35,09:45,10:00,13:50,13:55,14:15
2026-02-19,META,put,OTM1,mid,100.0,2,270.0,OPPORTUNITY/HINDSIGHT,09:35,09:45,10:00,14:20,,
2026-02-19,META,put,OTM1,market,20.0,6,270.0,OPPORTUNITY/HINDSIGHT,09:35,09:45,10:00,10:25,10:35,13:50
2026-02-19,META,put,OTM1,market,25.0,6,270.0,OPPORTUNITY/HINDSIGHT,09:35,09:45,10:00,10:25,10:35,13:50
2026-02-19,META,put,OTM1,market,30.0,6,265.0,OPPORTUNITY/HINDSIGHT,09:35,09:45,10:00,10:25,10:35,13:50
2026-02-19,META,put,OTM1,market,40.0,6,265.0,OPPORTUNITY/HINDSIGHT,09:35,09:45,10:00,10:25,10:35,13:50
2026-02-19,META,put,OTM1,market,50.0,5,270.0,OPPORTUNITY/HINDSIGHT,09:35,09:45,10:00,13:50,13:55,14:15
2026-02-19,META,put,OTM1,market,60.0,4,265.0,OPPORTUNITY/HINDSIGHT,09:35,09:45,10:00,13:50,13:55,14:15
2026-02-19,META,put,OTM1,market,70.0,4,265.0,OPPORTUNITY/HINDSIGHT,09:35,09:45,10:00,13:50,13:55,14:15
2026-02-19,META,put,OTM1,market,75.0,4,265.0,OPPORTUNITY/HINDSIGHT,09:35,09:45,10:00,13:50,13:55,14:15
2026-02-19,META,put,OTM1,market,80.0,4,265.0,OPPORTUNITY/HINDSIGHT,09:35,09:45,10:00,13:50,13:55,14:15
2026-02-19,META,put,OTM1,market,90.0,3,260.0,OPPORTUNITY/HINDSIGHT,09:35,09:45,10:00,13:50,13:55,14:15
2026-02-19,META,put,OTM1,market,100.0,4,245.0,OPPORTUNITY/HINDSIGHT,09:35,09:45,10:05,10:25,10:35,13:50
2026-02-19,META,put,ATM,mid,20.0,6,290.0,OPPORTUNITY/HINDSIGHT,09:35,09:45,09:55,13:50,13:55,14:15
2026-02-19,META,put,ATM,mid,25.0,5,285.0,OPPORTUNITY/HINDSIGHT,09:35,09:45,09:55,13:50,13:55,14:15
2026-02-19,META,put,ATM,mid,30.0,4,295.0,OPPORTUNITY/HINDSIGHT,09:35,09:45,09:55,14:20,14:35,14:40
2026-02-19,META,put,ATM,mid,40.0,4,275.0,OPPORTUNITY/HINDSIGHT,09:35,09:45,10:00,13:50,13:55,14:15
2026-02-19,META,put,ATM,mid,50.0,4,265.0,OPPORTUNITY/HINDSIGHT,09:35,09:45,10:00,13:50,13:55,14:15
2026-02-19,META,put,ATM,mid,60.0,4,265.0,OPPORTUNITY/HINDSIGHT,09:35,09:45,10:00,13:50,13:55,14:15
2026-02-19,META,put,ATM,mid,70.0,4,265.0,OPPORTUNITY/HINDSIGHT,09:35,09:45,10:00,13:50,13:55,14:15
2026-02-19,META,put,ATM,mid,75.0,4,265.0,OPPORTUNITY/HINDSIGHT,09:35,09:45,10:00,13:50,13:55,14:15
2026-02-19,META,put,ATM,mid,80.0,4,265.0,OPPORTUNITY/HINDSIGHT,09:35,09:45,10:00,13:50,13:55,14:15
2026-02-19,META,put,ATM,mid,90.0,3,275.0,OPPORTUNITY/HINDSIGHT,09:35,09:45,10:00,14:20,15:30,15:35
2026-02-19,META,put,ATM,mid,100.0,3,260.0,OPPORTUNITY/HINDSIGHT,09:35,09:45,10:05,13:50,13:55,14:20
2026-02-19,META,put,ATM,market,20.0,5,285.0,OPPORTUNITY/HINDSIGHT,09:35,09:45,09:55,13:50,13:55,14:15
2026-02-19,META,put,ATM,market,25.0,4,295.0,OPPORTUNITY/HINDSIGHT,09:35,09:45,09:55,14:20,14:35,14:40
2026-02-19,META,put,ATM,market,30.0,6,275.0,OPPORTUNITY/HINDSIGHT,09:35,09:45,10:00,10:25,10:30,13:50
2026-02-19,META,put,ATM,market,40.0,4,275.0,OPPORTUNITY/HINDSIGHT,09:35,09:45,10:00,13:50,13:55,14:15
2026-02-19,META,put,ATM,market,50.0,4,265.0,OPPORTUNITY/HINDSIGHT,09:35,09:45,10:00,13:50,13:55,14:15
2026-02-19,META,put,ATM,market,60.0,4,265.0,OPPORTUNITY/HINDSIGHT,09:35,09:45,10:00,13:50,13:55,14:15
2026-02-19,META,put,ATM,market,70.0,4,265.0,OPPORTUNITY/HINDSIGHT,09:35,09:45,10:00,13:50,13:55,14:15
2026-02-19,META,put,ATM,market,75.0,4,265.0,OPPORTUNITY/HINDSIGHT,09:35,09:45,10:00,13:50,13:55,14:15
2026-02-19,META,put,ATM,market,80.0,4,270.0,OPPORTUNITY/HINDSIGHT,09:35,09:45,10:00,13:50,13:55,14:20
2026-02-19,META,put,ATM,market,90.0,3,260.0,OPPORTUNITY/HINDSIGHT,09:35,09:45,10:05,13:50,13:55,14:20
2026-02-19,META,put,ATM,market,100.0,3,260.0,OPPORTUNITY/HINDSIGHT,09:35,09:45,10:05,13:50,13:55,14:20
2026-02-19,META,put,ITM,mid,20.0,4,270.0,OPPORTUNITY/HINDSIGHT,09:35,09:45,09:55,13:50,13:55,14:15
2026-02-19,META,put,ITM,mid,25.0,3,265.0,OPPORTUNITY/HINDSIGHT,09:35,09:45,09:55,13:50,13:55,14:15
2026-02-19,META,put,ITM,mid,30.0,3,265.0,OPPORTUNITY/HINDSIGHT,09:35,09:45,09:55,13:50,13:55,14:15
2026-02-19,META,put,ITM,mid,40.0,2,275.0,OPPORTUNITY/HINDSIGHT,09:35,09:45,09:55,14:20,,
2026-02-19,META,put,ITM,mid,50.0,3,265.0,OPPORTUNITY/HINDSIGHT,09:35,09:45,10:00,13:50,13:55,14:20
2026-02-19,META,put,ITM,mid,60.0,3,255.0,OPPORTUNITY/HINDSIGHT,09:35,09:45,10:00,13:50,14:00,14:15
2026-02-19,META,put,ITM,mid,70.0,3,250.0,OPPORTUNITY/HINDSIGHT,09:35,09:45,10:05,13:50,14:00,14:15
2026-02-19,META,put,ITM,mid,75.0,3,250.0,OPPORTUNITY/HINDSIGHT,09:35,09:45,10:05,13:50,14:00,14:15
2026-02-19,META,put,ITM,mid,80.0,3,250.0,OPPORTUNITY/HINDSIGHT,09:35,09:45,10:05,13:50,14:00,14:15
2026-02-19,META,put,ITM,mid,90.0,3,250.0,OPPORTUNITY/HINDSIGHT,09:35,09:45,10:05,13:50,14:00,14:15
2026-02-19,META,put,ITM,mid,100.0,3,260.0,OPPORTUNITY/HINDSIGHT,09:35,09:50,10:05,13:50,14:00,14:20
2026-02-19,META,put,ITM,market,20.0,3,265.0,OPPORTUNITY/HINDSIGHT,09:35,09:45,09:55,13:50,13:55,14:15
2026-02-19,META,put,ITM,market,25.0,3,265.0,OPPORTUNITY/HINDSIGHT,09:35,09:45,09:55,13:50,13:55,14:15
2026-02-19,META,put,ITM,market,30.0,2,275.0,OPPORTUNITY/HINDSIGHT,09:35,09:45,09:55,14:20,,
2026-02-19,META,put,ITM,market,40.0,3,265.0,OPPORTUNITY/HINDSIGHT,09:35,09:45,10:00,13:50,13:55,14:20
2026-02-19,META,put,ITM,market,50.0,3,265.0,OPPORTUNITY/HINDSIGHT,09:35,09:45,10:00,13:50,13:55,14:20
2026-02-19,META,put,ITM,market,60.0,2,270.0,OPPORTUNITY/HINDSIGHT,09:35,09:45,10:00,14:20,,
2026-02-19,META,put,ITM,market,70.0,3,250.0,OPPORTUNITY/HINDSIGHT,09:35,09:45,10:05,13:50,14:00,14:15
2026-02-19,META,put,ITM,market,75.0,3,250.0,OPPORTUNITY/HINDSIGHT,09:35,09:45,10:05,13:50,14:00,14:15
2026-02-19,META,put,ITM,market,80.0,3,250.0,OPPORTUNITY/HINDSIGHT,09:35,09:45,10:05,13:50,14:00,14:15
2026-02-19,META,put,ITM,market,90.0,3,255.0,OPPORTUNITY/HINDSIGHT,09:35,09:50,10:05,13:50,14:00,14:15
2026-02-19,META,put,ITM,market,100.0,2,260.0,OPPORTUNITY/HINDSIGHT,09:35,09:50,10:15,14:20,,
2026-02-20,META,call,ITM,mid,20.0,10,365.0,OPPORTUNITY/HINDSIGHT,09:35,10:10,10:10,10:15,10:15,10:20
2026-02-20,META,call,ITM,mid,25.0,10,365.0,OPPORTUNITY/HINDSIGHT,09:35,10:10,10:10,10:15,10:15,10:20
2026-02-20,META,call,ITM,mid,30.0,9,365.0,OPPORTUNITY/HINDSIGHT,09:35,10:10,10:10,10:20,10:20,10:40
2026-02-20,META,call,ITM,mid,40.0,7,355.0,OPPORTUNITY/HINDSIGHT,09:35,10:15,10:15,10:20,10:20,10:45
2026-02-20,META,call,ITM,mid,50.0,7,355.0,OPPORTUNITY/HINDSIGHT,09:35,10:15,10:15,10:20,10:20,10:45
2026-02-20,META,call,ITM,mid,60.0,5,335.0,OPPORTUNITY/HINDSIGHT,09:35,10:20,10:20,10:50,10:50,14:20
2026-02-20,META,call,ITM,mid,70.0,5,335.0,OPPORTUNITY/HINDSIGHT,09:35,10:20,10:20,10:55,10:55,14:25
2026-02-20,META,call,ITM,mid,75.0,4,305.0,OPPORTUNITY/HINDSIGHT,09:35,10:20,10:20,10:55,10:55,14:25
2026-02-20,META,call,ITM,mid,80.0,4,360.0,OPPORTUNITY/HINDSIGHT,09:35,10:20,10:20,14:10,14:10,14:35
2026-02-20,META,call,ITM,mid,90.0,4,365.0,OPPORTUNITY/HINDSIGHT,09:35,10:20,10:20,14:10,14:10,14:35
2026-02-20,META,call,ITM,mid,100.0,3,305.0,OPPORTUNITY/HINDSIGHT,09:35,10:20,10:20,14:15,14:15,14:40
2026-02-20,META,call,ITM,market,20.0,10,365.0,OPPORTUNITY/HINDSIGHT,09:35,10:10,10:10,10:15,10:15,10:20
2026-02-20,META,call,ITM,market,25.0,9,365.0,OPPORTUNITY/HINDSIGHT,09:35,10:15,10:15,10:20,10:20,10:40
2026-02-20,META,call,ITM,market,30.0,9,375.0,OPPORTUNITY/HINDSIGHT,09:35,10:15,10:15,10:20,10:20,10:40
2026-02-20,META,call,ITM,market,40.0,7,355.0,OPPORTUNITY/HINDSIGHT,09:35,10:15,10:15,10:20,10:20,10:45
2026-02-20,META,call,ITM,market,50.0,5,365.0,OPPORTUNITY/HINDSIGHT,09:35,10:20,10:20,10:50,10:50,14:20
2026-02-20,META,call,ITM,market,60.0,5,330.0,OPPORTUNITY/HINDSIGHT,09:35,10:20,10:20,10:50,10:50,14:20
2026-02-20,META,call,ITM,market,70.0,4,305.0,OPPORTUNITY/HINDSIGHT,09:35,10:20,10:20,10:55,10:55,14:25
2026-02-20,META,call,ITM,market,75.0,4,360.0,OPPORTUNITY/HINDSIGHT,09:35,10:20,10:20,14:10,14:10,14:35
2026-02-20,META,call,ITM,market,80.0,4,365.0,OPPORTUNITY/HINDSIGHT,09:35,10:20,10:20,14:10,14:10,14:35
2026-02-20,META,call,ITM,market,90.0,3,305.0,OPPORTUNITY/HINDSIGHT,09:35,10:20,10:20,14:15,14:15,14:40
2026-02-20,META,call,ITM,market,100.0,3,305.0,OPPORTUNITY/HINDSIGHT,09:35,10:20,10:20,14:15,14:15,14:40
2026-02-20,META,call,ATM,mid,20.0,6,280.0,OPPORTUNITY/HINDSIGHT,09:35,10:10,10:10,10:15,10:15,10:20
2026-02-20,META,call,ATM,mid,25.0,6,280.0,OPPORTUNITY/HINDSIGHT,09:35,10:10,10:10,10:15,10:15,10:20
2026-02-20,META,call,ATM,mid,30.0,6,280.0,OPPORTUNITY/HINDSIGHT,09:35,10:10,10:10,10:15,10:15,10:20
2026-02-20,META,call,ATM,mid,40.0,5,280.0,OPPORTUNITY/HINDSIGHT,09:35,10:10,10:10,10:20,10:20,10:40
2026-02-20,META,call,ATM,mid,50.0,5,285.0,OPPORTUNITY/HINDSIGHT,09:35,10:15,10:15,10:20,10:20,10:40
2026-02-20,META,call,ATM,mid,60.0,4,280.0,OPPORTUNITY/HINDSIGHT,09:35,10:15,10:15,10:20,10:20,10:45
2026-02-20,META,call,ATM,mid,70.0,4,280.0,OPPORTUNITY/HINDSIGHT,09:35,10:15,10:15,10:20,10:20,10:45
2026-02-20,META,call,ATM,mid,75.0,4,280.0,OPPORTUNITY/HINDSIGHT,09:35,10:15,10:15,10:20,10:20,10:45
2026-02-20,META,call,ATM,mid,80.0,3,285.0,OPPORTUNITY/HINDSIGHT,09:35,10:20,10:20,10:50,10:50,14:20
2026-02-20,META,call,ATM,mid,90.0,3,285.0,OPPORTUNITY/HINDSIGHT,09:35,10:20,10:20,10:50,10:50,14:20
2026-02-20,META,call,ATM,mid,100.0,3,285.0,OPPORTUNITY/HINDSIGHT,09:35,10:20,10:20,10:50,10:50,14:20
2026-02-20,META,call,ATM,market,20.0,6,280.0,OPPORTUNITY/HINDSIGHT,09:35,10:10,10:10,10:15,10:15,10:20
2026-02-20,META,call,ATM,market,25.0,6,280.0,OPPORTUNITY/HINDSIGHT,09:35,10:10,10:10,10:15,10:15,10:20
2026-02-20,META,call,ATM,market,30.0,6,280.0,OPPORTUNITY/HINDSIGHT,09:35,10:10,10:10,10:15,10:15,10:20
2026-02-20,META,call,ATM,market,40.0,5,285.0,OPPORTUNITY/HINDSIGHT,09:35,10:15,10:15,10:20,10:20,10:40
2026-02-20,META,call,ATM,market,50.0,4,280.0,OPPORTUNITY/HINDSIGHT,09:35,10:15,10:15,10:20,10:20,10:45
2026-02-20,META,call,ATM,market,60.0,4,280.0,OPPORTUNITY/HINDSIGHT,09:35,10:15,10:15,10:20,10:20,10:45
2026-02-20,META,call,ATM,market,70.0,3,280.0,OPPORTUNITY/HINDSIGHT,09:35,10:20,10:20,10:45,10:45,14:15
2026-02-20,META,call,ATM,market,75.0,3,285.0,OPPORTUNITY/HINDSIGHT,09:35,10:20,10:20,10:50,10:50,14:20
2026-02-20,META,call,ATM,market,80.0,3,285.0,OPPORTUNITY/HINDSIGHT,09:35,10:20,10:20,10:50,10:50,14:20
2026-02-20,META,call,ATM,market,90.0,3,285.0,OPPORTUNITY/HINDSIGHT,09:35,10:20,10:20,10:50,10:50,14:20
2026-02-20,META,call,ATM,market,100.0,3,290.0,OPPORTUNITY/HINDSIGHT,09:35,10:20,10:20,10:55,10:55,14:25
2026-02-20,META,call,OTM1,mid,20.0,7,235.0,OPPORTUNITY/HINDSIGHT,09:35,09:50,09:50,10:10,10:10,10:15
2026-02-20,META,call,OTM1,mid,25.0,6,235.0,OPPORTUNITY/HINDSIGHT,09:35,10:10,10:10,10:15,10:15,10:20
2026-02-20,META,call,OTM1,mid,30.0,6,235.0,OPPORTUNITY/HINDSIGHT,09:35,10:10,10:10,10:15,10:15,10:20
2026-02-20,META,call,OTM1,mid,40.0,6,235.0,OPPORTUNITY/HINDSIGHT,09:35,10:10,10:10,10:15,10:15,10:20
2026-02-20,META,call,OTM1,mid,50.0,5,230.0,OPPORTUNITY/HINDSIGHT,09:35,10:10,10:10,10:20,10:20,10:40
2026-02-20,META,call,OTM1,mid,60.0,5,230.0,OPPORTUNITY/HINDSIGHT,09:35,10:15,10:15,10:20,10:20,10:40
2026-02-20,META,call,OTM1,mid,70.0,4,235.0,OPPORTUNITY/HINDSIGHT,09:35,10:15,10:15,10:20,10:20,10:40
2026-02-20,META,call,OTM1,mid,75.0,4,235.0,OPPORTUNITY/HINDSIGHT,09:35,10:15,10:15,10:20,10:20,10:40
2026-02-20,META,call,OTM1,mid,80.0,4,240.0,OPPORTUNITY/HINDSIGHT,09:35,10:15,10:15,10:20,10:20,10:45
2026-02-20,META,call,OTM1,mid,90.0,4,240.0,OPPORTUNITY/HINDSIGHT,09:35,10:15,10:15,10:20,10:20,10:45
2026-02-20,META,call,OTM1,mid,100.0,4,240.0,OPPORTUNITY/HINDSIGHT,09:35,10:15,10:15,10:20,10:20,10:45
2026-02-20,META,call,OTM1,market,20.0,6,235.0,OPPORTUNITY/HINDSIGHT,09:35,10:10,10:10,10:15,10:15,10:20
2026-02-20,META,call,OTM1,market,25.0,6,235.0,OPPORTUNITY/HINDSIGHT,09:35,10:10,10:10,10:15,10:15,10:20
2026-02-20,META,call,OTM1,market,30.0,6,235.0,OPPORTUNITY/HINDSIGHT,09:35,10:10,10:10,10:15,10:15,10:20
2026-02-20,META,call,OTM1,market,40.0,6,230.0,OPPORTUNITY/HINDSIGHT,09:35,10:10,10:10,10:15,10:15,10:20
2026-02-20,META,call,OTM1,market,50.0,5,230.0,OPPORTUNITY/HINDSIGHT,09:35,10:15,10:15,10:20,10:20,10:40
2026-02-20,META,call,OTM1,market,60.0,5,230.0,OPPORTUNITY/HINDSIGHT,09:35,10:15,10:15,10:20,10:20,10:40
2026-02-20,META,call,OTM1,market,70.0,4,235.0,OPPORTUNITY/HINDSIGHT,09:35,10:15,10:15,10:20,10:20,10:40
2026-02-20,META,call,OTM1,market,75.0,4,240.0,OPPORTUNITY/HINDSIGHT,09:35,10:15,10:15,10:20,10:20,10:45
2026-02-20,META,call,OTM1,market,80.0,4,240.0,OPPORTUNITY/HINDSIGHT,09:35,10:15,10:15,10:20,10:20,10:45
2026-02-20,META,call,OTM1,market,90.0,4,240.0,OPPORTUNITY/HINDSIGHT,09:35,10:15,10:15,10:20,10:20,10:45
2026-02-20,META,call,OTM1,market,100.0,4,240.0,OPPORTUNITY/HINDSIGHT,09:35,10:15,10:15,10:20,10:20,10:45
2026-02-20,META,call,OTM2+,mid,20.0,9,85.0,OPPORTUNITY/HINDSIGHT,09:35,09:50,09:50,10:10,10:10,10:15
2026-02-20,META,call,OTM2+,mid,25.0,8,85.0,OPPORTUNITY/HINDSIGHT,09:35,09:50,09:50,10:10,10:10,10:15
2026-02-20,META,call,OTM2+,mid,30.0,8,85.0,OPPORTUNITY/HINDSIGHT,09:35,09:50,09:50,10:10,10:10,10:15
2026-02-20,META,call,OTM2+,mid,40.0,7,90.0,OPPORTUNITY/HINDSIGHT,09:35,10:10,10:10,10:15,10:15,10:20
2026-02-20,META,call,OTM2+,mid,50.0,7,90.0,OPPORTUNITY/HINDSIGHT,09:35,10:10,10:10,10:15,10:15,10:20
2026-02-20,META,call,OTM2+,mid,60.0,7,90.0,OPPORTUNITY/HINDSIGHT,09:35,10:10,10:10,10:15,10:15,10:20
2026-02-20,META,call,OTM2+,mid,70.0,6,95.0,OPPORTUNITY/HINDSIGHT,09:35,10:10,10:10,10:20,11:20,11:30
2026-02-20,META,call,OTM2+,mid,75.0,6,95.0,OPPORTUNITY/HINDSIGHT,09:35,10:10,10:10,10:20,11:20,11:30
2026-02-20,META,call,OTM2+,mid,80.0,6,95.0,OPPORTUNITY/HINDSIGHT,09:35,10:10,10:10,10:20,11:20,11:30
2026-02-20,META,call,OTM2+,mid,90.0,6,95.0,OPPORTUNITY/HINDSIGHT,09:35,10:15,10:15,10:20,11:20,11:30
2026-02-20,META,call,OTM2+,mid,100.0,5,100.0,OPPORTUNITY/HINDSIGHT,09:35,10:15,10:15,10:20,11:20,11:30
2026-02-20,META,call,OTM2+,market,20.0,8,85.0,OPPORTUNITY/HINDSIGHT,09:35,09:50,09:50,10:10,10:10,10:15
2026-02-20,META,call,OTM2+,market,25.0,8,85.0,OPPORTUNITY/HINDSIGHT,09:35,09:50,09:50,10:10,10:10,10:15
2026-02-20,META,call,OTM2+,market,30.0,7,85.0,OPPORTUNITY/HINDSIGHT,09:35,10:10,10:10,10:15,10:15,10:20
2026-02-20,META,call,OTM2+,market,40.0,7,90.0,OPPORTUNITY/HINDSIGHT,09:35,10:10,10:10,10:15,10:15,10:20
2026-02-20,META,call,OTM2+,market,50.0,7,90.0,OPPORTUNITY/HINDSIGHT,09:35,10:10,10:10,10:15,10:15,10:20
2026-02-20,META,call,OTM2+,market,60.0,6,95.0,OPPORTUNITY/HINDSIGHT,09:35,10:10,10:10,10:20,11:20,11:30
2026-02-20,META,call,OTM2+,market,70.0,6,95.0,OPPORTUNITY/HINDSIGHT,09:35,10:10,10:10,10:20,11:20,11:30
2026-02-20,META,call,OTM2+,market,75.0,6,95.0,OPPORTUNITY/HINDSIGHT,09:35,10:15,10:15,10:20,11:20,11:30
2026-02-20,META,call,OTM2+,market,80.0,6,95.0,OPPORTUNITY/HINDSIGHT,09:35,10:15,10:15,10:20,11:20,11:30
2026-02-20,META,call,OTM2+,market,90.0,5,100.0,OPPORTUNITY/HINDSIGHT,09:35,10:15,10:15,10:20,11:20,11:30
2026-02-20,META,call,OTM2+,market,100.0,5,100.0,OPPORTUNITY/HINDSIGHT,09:35,10:15,10:15,10:20,11:20,11:30
2026-02-20,META,put,OTM1,mid,20.0,9,195.0,OPPORTUNITY/HINDSIGHT,09:35,09:40,09:40,10:00,10:20,10:25
2026-02-20,META,put,OTM1,mid,25.0,9,195.0,OPPORTUNITY/HINDSIGHT,09:35,09:40,09:40,10:00,10:20,10:25
2026-02-20,META,put,OTM1,mid,30.0,7,200.0,OPPORTUNITY/HINDSIGHT,09:35,09:40,09:40,10:00,10:20,10:25
2026-02-20,META,put,OTM1,mid,40.0,7,180.0,OPPORTUNITY/HINDSIGHT,09:35,09:40,09:40,10:00,10:20,11:20
2026-02-20,META,put,OTM1,mid,50.0,6,180.0,OPPORTUNITY/HINDSIGHT,09:35,10:00,10:20,11:20,11:25,12:35
2026-02-20,META,put,OTM1,mid,60.0,6,170.0,OPPORTUNITY/HINDSIGHT,09:35,10:00,10:20,11:20,11:25,12:35
2026-02-20,META,put,OTM1,mid,70.0,5,180.0,OPPORTUNITY/HINDSIGHT,09:35,10:00,10:20,12:35,12:55,13:00
2026-02-20,META,put,OTM1,mid,75.0,5,180.0,OPPORTUNITY/HINDSIGHT,09:35,10:00,10:20,12:35,12:55,13:00
2026-02-20,META,put,OTM1,mid,80.0,5,180.0,OPPORTUNITY/HINDSIGHT,09:35,10:00,10:20,12:35,12:55,13:00
2026-02-20,META,put,OTM1,mid,90.0,4,175.0,OPPORTUNITY/HINDSIGHT,09:35,10:00,10:20,12:35,13:20,13:30
2026-02-20,META,put,OTM1,mid,100.0,4,175.0,OPPORTUNITY/HINDSIGHT,09:35,10:00,10:20,12:35,13:20,13:30
2026-02-20,META,put,OTM1,market,20.0,9,195.0,OPPORTUNITY/HINDSIGHT,09:35,09:40,09:40,10:00,10:20,10:25
2026-02-20,META,put,OTM1,market,25.0,7,200.0,OPPORTUNITY/HINDSIGHT,09:35,09:40,09:40,10:00,10:20,10:25
2026-02-20,META,put,OTM1,market,30.0,7,190.0,OPPORTUNITY/HINDSIGHT,09:35,09:40,09:40,10:00,10:20,10:35
2026-02-20,META,put,OTM1,market,40.0,6,180.0,OPPORTUNITY/HINDSIGHT,09:35,10:00,10:20,11:20,11:25,12:35
2026-02-20,META,put,OTM1,market,50.0,6,180.0,OPPORTUNITY/HINDSIGHT,09:35,10:00,10:20,11:20,11:25,12:35
2026-02-20,META,put,OTM1,market,60.0,6,175.0,OPPORTUNITY/HINDSIGHT,09:35,10:00,10:20,11:20,11:25,12:35
2026-02-20,META,put,OTM1,market,70.0,5,180.0,OPPORTUNITY/HINDSIGHT,09:35,10:00,10:20,12:35,12:55,13:00
2026-02-20,META,put,OTM1,market,75.0,5,180.0,OPPORTUNITY/HINDSIGHT,09:35,10:00,10:20,12:35,12:55,13:00
2026-02-20,META,put,OTM1,market,80.0,5,180.0,OPPORTUNITY/HINDSIGHT,09:35,10:00,10:20,12:35,12:55,13:00
2026-02-20,META,put,OTM1,market,90.0,4,175.0,OPPORTUNITY/HINDSIGHT,09:35,10:00,10:20,12:35,13:20,13:30
2026-02-20,META,put,OTM1,market,100.0,6,130.0,OPPORTUNITY/HINDSIGHT,09:45,10:00,10:40,11:20,11:30,11:45
2026-02-20,META,put,ATM,mid,20.0,8,200.0,OPPORTUNITY/HINDSIGHT,09:35,09:40,09:40,10:00,10:20,10:25
2026-02-20,META,put,ATM,mid,25.0,7,185.0,OPPORTUNITY/HINDSIGHT,09:35,09:40,09:40,10:00,10:20,10:25
2026-02-20,META,put,ATM,mid,30.0,6,185.0,OPPORTUNITY/HINDSIGHT,09:35,10:00,10:20,10:35,10:35,12:35
2026-02-20,META,put,ATM,mid,40.0,6,180.0,OPPORTUNITY/HINDSIGHT,09:35,10:00,10:20,11:20,11:25,12:35
2026-02-20,META,put,ATM,mid,50.0,6,175.0,OPPORTUNITY/HINDSIGHT,09:35,10:00,10:20,11:20,11:25,12:35
2026-02-20,META,put,ATM,mid,60.0,4,175.0,OPPORTUNITY/HINDSIGHT,09:35,10:00,10:20,12:35,13:20,13:30
2026-02-20,META,put,ATM,mid,70.0,4,175.0,OPPORTUNITY/HINDSIGHT,09:35,10:00,10:20,12:35,13:20,13:30
2026-02-20,META,put,ATM,mid,75.0,4,165.0,OPPORTUNITY/HINDSIGHT,09:45,10:00,10:20,12:35,13:20,13:30
2026-02-20,META,put,ATM,mid,80.0,3,155.0,OPPORTUNITY/HINDSIGHT,09:45,10:00,10:20,12:35,14:00,14:05
2026-02-20,META,put,ATM,mid,90.0,3,175.0,OPPORTUNITY/HINDSIGHT,09:50,10:00,10:20,13:00,14:00,14:05
2026-02-20,META,put,ATM,mid,100.0,4,100.0,OPPORTUNITY/HINDSIGHT,09:50,10:00,10:40,11:20,11:30,12:05
2026-02-20,META,put,ATM,market,20.0,7,195.0,OPPORTUNITY/HINDSIGHT,09:35,09:40,09:40,10:00,10:20,10:25
2026-02-20,META,put,ATM,market,25.0,7,180.0,OPPORTUNITY/HINDSIGHT,09:35,10:00,10:20,11:20,11:25,12:05
2026-02-20,META,put,ATM,market,30.0,6,180.0,OPPORTUNITY/HINDSIGHT,09:35,10:00,10:20,11:20,11:25,12:35
2026-02-20,META,put,ATM,market,40.0,6,175.0,OPPORTUNITY/HINDSIGHT,09:35,10:00,10:20,11:20,11:25,12:35
2026-02-20,META,put,ATM,market,50.0,4,175.0,OPPORTUNITY/HINDSIGHT,09:35,10:00,10:20,12:35,13:20,13:30
2026-02-20,META,put,ATM,market,60.0,4,175.0,OPPORTUNITY/HINDSIGHT,09:35,10:00,10:20,12:35,13:20,13:30
2026-02-20,META,put,ATM,market,70.0,4,165.0,OPPORTUNITY/HINDSIGHT,09:45,10:00,10:20,12:35,13:20,13:30
2026-02-20,META,put,ATM,market,75.0,3,155.0,OPPORTUNITY/HINDSIGHT,09:45,10:00,10:20,12:35,14:00,14:05
2026-02-20,META,put,ATM,market,80.0,3,150.0,OPPORTUNITY/HINDSIGHT,09:50,10:00,10:20,12:35,14:00,14:05
2026-02-20,META,put,ATM,market,90.0,4,100.0,OPPORTUNITY/HINDSIGHT,09:50,10:00,10:40,11:20,11:30,12:05
2026-02-20,META,put,ATM,market,100.0,4,100.0,OPPORTUNITY/HINDSIGHT,09:50,10:00,10:40,11:20,11:30,12:05
2026-02-20,META,put,OTM2+,mid,20.0,8,155.0,OPPORTUNITY/HINDSIGHT,10:20,10:25,10:25,11:20,11:25,12:05
2026-02-20,META,put,OTM2+,mid,25.0,4,160.0,OPPORTUNITY/HINDSIGHT,10:20,10:25,10:25,12:35,12:45,13:00
2026-02-20,META,put,OTM2+,mid,30.0,3,150.0,OPPORTUNITY/HINDSIGHT,10:20,10:25,10:25,12:35,12:45,13:00
2026-02-20,META,put,OTM2+,mid,40.0,7,120.0,OPPORTUNITY/HINDSIGHT,10:20,10:25,10:30,10:35,10:40,11:10
2026-02-20,META,put,OTM2+,mid,50.0,6,125.0,OPPORTUNITY/HINDSIGHT,10:20,10:25,10:30,10:35,10:40,11:10
2026-02-20,META,put,OTM2+,mid,60.0,5,130.0,OPPORTUNITY/HINDSIGHT,10:20,10:35,10:40,11:10,11:10,11:20
2026-02-20,META,put,OTM2+,mid,70.0,3,135.0,OPPORTUNITY/HINDSIGHT,10:20,11:20,11:25,12:35,12:55,13:00
2026-02-20,META,put,OTM2+,mid,75.0,3,135.0,OPPORTUNITY/HINDSIGHT,10:20,11:20,11:25,12:35,12:55,13:00
2026-02-20,META,put,OTM2+,mid,80.0,2,140.0,OPPORTUNITY/HINDSIGHT,10:20,12:35,12:55,13:00,,
2026-02-20,META,put,OTM2+,mid,90.0,2,140.0,OPPORTUNITY/HINDSIGHT,10:20,12:35,12:55,13:00,,
2026-02-20,META,put,OTM2+,mid,100.0,6,95.0,OPPORTUNITY/HINDSIGHT,10:40,11:10,11:10,11:20,11:30,11:45
2026-02-20,META,put,OTM2+,market,20.0,4,160.0,OPPORTUNITY/HINDSIGHT,10:20,10:25,10:25,12:35,12:45,13:00
2026-02-20,META,put,OTM2+,market,25.0,3,150.0,OPPORTUNITY/HINDSIGHT,10:20,10:25,10:25,12:35,12:45,13:00
2026-02-20,META,put,OTM2+,market,30.0,7,120.0,OPPORTUNITY/HINDSIGHT,10:20,10:25,10:30,10:35,10:40,11:10
2026-02-20,META,put,OTM2+,market,40.0,6,125.0,OPPORTUNITY/HINDSIGHT,10:20,10:25,10:30,10:35,10:40,11:10
2026-02-20,META,put,OTM2+,market,50.0,4,130.0,OPPORTUNITY/HINDSIGHT,10:20,10:25,10:30,11:20,11:25,12:35
2026-02-20,META,put,OTM2+,market,60.0,3,135.0,OPPORTUNITY/HINDSIGHT,10:20,11:20,11:25,12:35,12:55,13:00
2026-02-20,META,put,OTM2+,market,70.0,3,135.0,OPPORTUNITY/HINDSIGHT,10:20,11:20,11:25,12:35,12:55,13:00
2026-02-20,META,put,OTM2+,market,75.0,2,140.0,OPPORTUNITY/HINDSIGHT,10:20,12:35,12:55,13:00,,
2026-02-20,META,put,OTM2+,market,80.0,2,140.0,OPPORTUNITY/HINDSIGHT,10:20,12:35,12:55,13:00,,
2026-02-20,META,put,OTM2+,market,90.0,6,95.0,OPPORTUNITY/HINDSIGHT,10:40,11:10,11:10,11:20,11:30,11:45
2026-02-20,META,put,OTM2+,market,100.0,6,95.0,OPPORTUNITY/HINDSIGHT,10:40,11:10,11:10,11:20,11:30,11:45
2026-02-20,META,put,ITM,mid,20.0,6,180.0,OPPORTUNITY/HINDSIGHT,09:35,09:40,09:40,10:00,10:20,10:35
2026-02-20,META,put,ITM,mid,25.0,4,200.0,OPPORTUNITY/HINDSIGHT,09:35,10:00,10:20,11:20,11:20,13:00
2026-02-20,META,put,ITM,mid,30.0,5,170.0,OPPORTUNITY/HINDSIGHT,09:35,10:00,10:20,11:20,11:25,12:35
2026-02-20,META,put,ITM,mid,40.0,4,165.0,OPPORTUNITY/HINDSIGHT,09:35,10:00,10:20,11:20,11:25,12:35
2026-02-20,META,put,ITM,mid,50.0,2,160.0,OPPORTUNITY/HINDSIGHT,09:35,10:00,10:20,12:35,,
2026-02-20,META,put,ITM,mid,60.0,2,145.0,OPPORTUNITY/HINDSIGHT,09:50,10:00,10:20,12:35,,
2026-02-20,META,put,ITM,mid,70.0,2,170.0,OPPORTUNITY/HINDSIGHT,09:50,10:00,10:20,13:00,,
2026-02-20,META,put,ITM,mid,75.0,3,85.0,OPPORTUNITY/HINDSIGHT,09:50,10:00,11:30,12:05,12:20,13:00
2026-02-20,META,put,ITM,mid,80.0,2,45.0,OPPORTUNITY/HINDSIGHT,09:50,10:00,11:30,12:05,,
2026-02-20,META,put,ITM,mid,90.0,1,65.0,OPPORTUNITY/HINDSIGHT,11:30,12:35,,,,
2026-02-20,META,put,ITM,mid,100.0,1,65.0,OPPORTUNITY/HINDSIGHT,11:30,12:35,,,,
2026-02-20,META,put,ITM,market,20.0,4,200.0,OPPORTUNITY/HINDSIGHT,09:35,10:00,10:20,11:20,11:20,13:00
2026-02-20,META,put,ITM,market,25.0,5,170.0,OPPORTUNITY/HINDSIGHT,09:35,10:00,10:20,11:20,11:25,12:35
2026-02-20,META,put,ITM,market,30.0,4,165.0,OPPORTUNITY/HINDSIGHT,09:35,10:00,10:20,11:20,11:25,12:35
2026-02-20,META,put,ITM,market,40.0,2,160.0,OPPORTUNITY/HINDSIGHT,09:35,10:00,10:20,12:35,,
2026-02-20,META,put,ITM,market,50.0,2,150.0,OPPORTUNITY/HINDSIGHT,09:45,10:00,10:20,12:35,,
2026-02-20,META,put,ITM,market,60.0,2,170.0,OPPORTUNITY/HINDSIGHT,09:50,10:00,10:20,13:00,,
2026-02-20,META,put,ITM,market,70.0,3,85.0,OPPORTUNITY/HINDSIGHT,09:50,10:00,11:30,12:05,12:20,13:00
2026-02-20,META,put,ITM,market,75.0,1,35.0,OPPORTUNITY/HINDSIGHT,11:30,12:05,,,,
2026-02-20,META,put,ITM,market,80.0,1,65.0,OPPORTUNITY/HINDSIGHT,11:30,12:35,,,,
2026-02-20,META,put,ITM,market,90.0,1,65.0,OPPORTUNITY/HINDSIGHT,11:30,12:35,,,,
2026-02-20,META,put,ITM,market,100.0,1,65.0,OPPORTUNITY/HINDSIGHT,11:30,12:35,,,,
2026-02-23,META,call,ITM,mid,20.0,4,235.0,OPPORTUNITY/HINDSIGHT,09:45,10:25,10:40,12:10,12:35,14:15
2026-02-23,META,call,ITM,mid,25.0,5,215.0,OPPORTUNITY/HINDSIGHT,09:45,10:25,10:45,11:25,11:40,12:10
2026-02-23,META,call,ITM,mid,30.0,4,210.0,OPPORTUNITY/HINDSIGHT,09:45,10:25,10:45,11:25,11:40,12:10
2026-02-23,META,call,ITM,mid,40.0,3,205.0,OPPORTUNITY/HINDSIGHT,10:05,10:25,10:45,12:10,12:35,14:15
2026-02-23,META,call,ITM,mid,50.0,4,170.0,OPPORTUNITY/HINDSIGHT,10:10,10:25,10:55,11:25,11:45,12:10
2026-02-23,META,call,ITM,mid,60.0,4,150.0,OPPORTUNITY/HINDSIGHT,10:10,10:25,11:05,11:20,11:45,12:10
2026-02-23,META,call,ITM,mid,70.0,2,35.0,OPPORTUNITY/HINDSIGHT,10:10,10:25,11:05,11:25,,
2026-02-23,META,call,ITM,mid,75.0,1,20.0,OPPORTUNITY/HINDSIGHT,11:05,11:25,,,,
2026-02-23,META,call,ITM,mid,80.0,1,20.0,OPPORTUNITY/HINDSIGHT,11:05,11:25,,,,
2026-02-23,META,call,ITM,mid,90.0,1,20.0,OPPORTUNITY/HINDSIGHT,11:05,11:25,,,,
2026-02-23,META,call,ITM,mid,100.0,1,20.0,OPPORTUNITY/HINDSIGHT,11:05,11:25,,,,
2026-02-23,META,call,ITM,market,20.0,5,215.0,OPPORTUNITY/HINDSIGHT,09:45,10:25,10:45,11:25,11:40,12:10
2026-02-23,META,call,ITM,market,25.0,4,210.0,OPPORTUNITY/HINDSIGHT,09:45,10:25,10:45,11:25,11:40,12:10
2026-02-23,META,call,ITM,market,30.0,4,210.0,OPPORTUNITY/HINDSIGHT,09:45,10:25,10:45,11:25,11:40,12:10
2026-02-23,META,call,ITM,market,40.0,4,175.0,OPPORTUNITY/HINDSIGHT,10:10,10:25,10:55,11:25,11:40,12:10
2026-02-23,META,call,ITM,market,50.0,3,190.0,OPPORTUNITY/HINDSIGHT,10:10,10:25,10:55,12:10,12:35,14:15
2026-02-23,META,call,ITM,market,60.0,2,30.0,OPPORTUNITY/HINDSIGHT,10:10,10:25,11:05,11:20,,
2026-02-23,META,call,ITM,market,70.0,1,20.0,OPPORTUNITY/HINDSIGHT,11:05,11:25,,,,
2026-02-23,META,call,ITM,market,75.0,1,20.0,OPPORTUNITY/HINDSIGHT,11:05,11:25,,,,
2026-02-23,META,call,ITM,market,80.0,1,20.0,OPPORTUNITY/HINDSIGHT,11:05,11:25,,,,
2026-02-23,META,call,ITM,market,90.0,1,20.0,OPPORTUNITY/HINDSIGHT,11:05,11:25,,,,
2026-02-23,META,call,ITM,market,100.0,1,20.0,OPPORTUNITY/HINDSIGHT,11:05,11:25,,,,
2026-02-23,META,call,ATM,mid,20.0,8,265.0,OPPORTUNITY/HINDSIGHT,09:45,10:25,10:40,11:25,11:30,12:10
2026-02-23,META,call,ATM,mid,25.0,7,250.0,OPPORTUNITY/HINDSIGHT,09:45,10:25,10:45,11:25,11:30,12:10
2026-02-23,META,call,ATM,mid,30.0,7,250.0,OPPORTUNITY/HINDSIGHT,09:45,10:25,10:45,11:25,11:30,12:10
2026-02-23,META,call,ATM,mid,40.0,7,235.0,OPPORTUNITY/HINDSIGHT,09:45,10:25,10:45,11:25,11:40,12:10
2026-02-23,META,call,ATM,mid,50.0,7,230.0,OPPORTUNITY/HINDSIGHT,09:45,10:25,10:45,11:25,11:40,12:10
2026-02-23,META,call,ATM,mid,60.0,5,215.0,OPPORTUNITY/HINDSIGHT,10:05,10:25,10:45,12:10,12:35,14:15
2026-02-23,META,call,ATM,mid,70.0,6,190.0,OPPORTUNITY/HINDSIGHT,10:10,10:25,10:55,11:25,11:40,12:10
2026-02-23,META,call,ATM,mid,75.0,6,185.0,OPPORTUNITY/HINDSIGHT,10:10,10:25,10:55,11:25,11:40,12:10
2026-02-23,META,call,ATM,mid,80.0,5,175.0,OPPORTUNITY/HINDSIGHT,10:10,10:25,10:55,11:25,11:40,12:10
2026-02-23,META,call,ATM,mid,90.0,4,180.0,OPPORTUNITY/HINDSIGHT,10:10,10:25,10:55,12:10,12:50,14:15
2026-02-23,META,call,ATM,mid,100.0,5,140.0,OPPORTUNITY/HINDSIGHT,10:10,10:25,11:05,11:20,11:45,12:10
2026-02-23,META,call,ATM,market,20.0,8,255.0,OPPORTUNITY/HINDSIGHT,09:45,10:25,10:45,11:25,11:30,12:10
2026-02-23,META,call,ATM,market,25.0,7,250.0,OPPORTUNITY/HINDSIGHT,09:45,10:25,10:45,11:25,11:30,12:10
2026-02-23,META,call,ATM,market,30.0,8,235.0,OPPORTUNITY/HINDSIGHT,09:45,10:25,10:45,11:25,11:40,12:05
2026-02-23,META,call,ATM,market,40.0,7,235.0,OPPORTUNITY/HINDSIGHT,09:45,10:25,10:45,11:25,11:40,12:10
2026-02-23,META,call,ATM,market,50.0,6,230.0,OPPORTUNITY/HINDSIGHT,09:55,10:25,10:45,12:10,12:35,14:15
2026-02-23,META,call,ATM,market,60.0,6,185.0,OPPORTUNITY/HINDSIGHT,10:10,10:25,10:55,11:25,11:40,12:10
2026-02-23,META,call,ATM,market,70.0,6,185.0,OPPORTUNITY/HINDSIGHT,10:10,10:25,10:55,11:25,11:40,12:10
2026-02-23,META,call,ATM,market,75.0,5,175.0,OPPORTUNITY/HINDSIGHT,10:10,10:25,10:55,11:25,11:40,12:10
2026-02-23,META,call,ATM,market,80.0,5,160.0,OPPORTUNITY/HINDSIGHT,10:10,10:25,10:55,11:25,11:45,12:10
2026-02-23,META,call,ATM,market,90.0,5,140.0,OPPORTUNITY/HINDSIGHT,10:10,10:25,11:05,11:20,11:45,12:10
2026-02-23,META,call,ATM,market,100.0,5,140.0,OPPORTUNITY/HINDSIGHT,10:10,10:25,11:05,11:20,11:45,12:10
2026-02-23,META,call,OTM1,mid,20.0,8,250.0,OPPORTUNITY/HINDSIGHT,09:45,10:00,10:00,10:25,10:40,11:25
2026-02-23,META,call,OTM1,mid,25.0,8,250.0,OPPORTUNITY/HINDSIGHT,09:45,10:25,10:45,10:50,10:50,11:25
2026-02-23,META,call,OTM1,mid,30.0,8,250.0,OPPORTUNITY/HINDSIGHT,09:45,10:25,10:45,10:50,10:50,11:25
2026-02-23,META,call,OTM1,mid,40.0,7,230.0,OPPORTUNITY/HINDSIGHT,09:45,10:25,10:45,11:25,11:40,12:05
2026-02-23,META,call,OTM1,mid,50.0,7,215.0,OPPORTUNITY/HINDSIGHT,09:45,10:25,10:45,11:25,11:40,12:05
2026-02-23,META,call,OTM1,mid,60.0,6,215.0,OPPORTUNITY/HINDSIGHT,09:45,10:25,10:45,11:25,11:40,12:10
2026-02-23,META,call,OTM1,mid,70.0,6,215.0,OPPORTUNITY/HINDSIGHT,09:45,10:25,10:45,11:25,11:40,12:10
2026-02-23,META,call,OTM1,mid,75.0,6,205.0,OPPORTUNITY/HINDSIGHT,09:55,10:25,10:45,11:25,11:40,12:10
2026-02-23,META,call,OTM1,mid,80.0,6,195.0,OPPORTUNITY/HINDSIGHT,10:05,10:25,10:45,11:25,11:40,12:10
2026-02-23,META,call,OTM1,mid,90.0,6,185.0,OPPORTUNITY/HINDSIGHT,10:05,10:25,10:55,11:25,11:40,12:10
2026-02-23,META,call,OTM1,mid,100.0,5,170.0,OPPORTUNITY/HINDSIGHT,10:10,10:25,10:55,11:25,11:40,12:10
2026-02-23,META,call,OTM1,market,20.0,8,250.0,OPPORTUNITY/HINDSIGHT,09:45,10:25,10:45,10:50,10:50,11:25
2026-02-23,META,call,OTM1,market,25.0,8,250.0,OPPORTUNITY/HINDSIGHT,09:45,10:25,10:45,10:50,10:50,11:25
2026-02-23,META,call,OTM1,market,30.0,8,245.0,OPPORTUNITY/HINDSIGHT,09:45,10:25,10:45,10:50,10:50,11:25
2026-02-23,META,call,OTM1,market,40.0,7,225.0,OPPORTUNITY/HINDSIGHT,09:45,10:25,10:45,11:25,11:40,12:05
2026-02-23,META,call,OTM1,market,50.0,7,215.0,OPPORTUNITY/HINDSIGHT,09:45,10:25,10:45,11:25,11:40,12:05
2026-02-23,META,call,OTM1,market,60.0,6,215.0,OPPORTUNITY/HINDSIGHT,09:45,10:25,10:45,11:25,11:40,12:10
2026-02-23,META,call,OTM1,market,70.0,6,205.0,OPPORTUNITY/HINDSIGHT,09:55,10:25,10:45,11:25,11:40,12:10
2026-02-23,META,call,OTM1,market,75.0,6,195.0,OPPORTUNITY/HINDSIGHT,10:05,10:25,10:45,11:25,11:40,12:10
2026-02-23,META,call,OTM1,market,80.0,6,185.0,OPPORTUNITY/HINDSIGHT,10:05,10:25,10:55,11:25,11:40,12:10
2026-02-23,META,call,OTM1,market,90.0,6,180.0,OPPORTUNITY/HINDSIGHT,10:10,10:25,10:55,11:25,11:40,12:10
2026-02-23,META,call,OTM1,market,100.0,5,170.0,OPPORTUNITY/HINDSIGHT,10:10,10:25,10:55,11:25,11:40,12:10
2026-02-23,META,call,OTM2+,mid,20.0,6,205.0,OPPORTUNITY/HINDSIGHT,09:45,10:00,10:00,10:25,10:45,10:50
2026-02-23,META,call,OTM2+,mid,25.0,5,205.0,OPPORTUNITY/HINDSIGHT,09:45,10:25,10:45,10:50,10:50,11:25
2026-02-23,META,call,OTM2+,mid,30.0,5,205.0,OPPORTUNITY/HINDSIGHT,09:45,10:25,10:45,10:50,10:50,11:25
2026-02-23,META,call,OTM2+,mid,40.0,6,195.0,OPPORTUNITY/HINDSIGHT,09:45,10:25,10:45,10:50,10:50,11:25
2026-02-23,META,call,OTM2+,mid,50.0,6,190.0,OPPORTUNITY/HINDSIGHT,09:45,10:25,10:45,10:50,10:55,11:25
2026-02-23,META,call,OTM2+,mid,60.0,6,190.0,OPPORTUNITY/HINDSIGHT,09:45,10:25,10:45,10:50,10:55,11:25
2026-02-23,META,call,OTM2+,mid,70.0,6,190.0,OPPORTUNITY/HINDSIGHT,09:45,10:25,10:45,10:50,10:55,11:25
2026-02-23,META,call,OTM2+,mid,75.0,5,195.0,OPPORTUNITY/HINDSIGHT,09:45,10:25,10:45,11:25,11:40,12:05
2026-02-23,META,call,OTM2+,mid,80.0,4,195.0,OPPORTUNITY/HINDSIGHT,09:45,10:25,10:45,11:25,11:40,12:10
2026-02-23,META,call,OTM2+,mid,90.0,4,195.0,OPPORTUNITY/HINDSIGHT,09:45,10:25,10:45,11:25,11:40,12:10
2026-02-23,META,call,OTM2+,mid,100.0,4,185.0,OPPORTUNITY/HINDSIGHT,09:55,10:25,10:45,11:25,11:40,12:10
2026-02-23,META,call,OTM2+,market,20.0,5,205.0,OPPORTUNITY/HINDSIGHT,09:45,10:25,10:45,10:50,10:50,11:25
2026-02-23,META,call,OTM2+,market,25.0,5,205.0,OPPORTUNITY/HINDSIGHT,09:45,10:25,10:45,10:50,10:50,11:25
2026-02-23,META,call,OTM2+,market,30.0,5,200.0,OPPORTUNITY/HINDSIGHT,09:45,10:25,10:45,10:50,10:50,11:25
2026-02-23,META,call,OTM2+,market,40.0,6,190.0,OPPORTUNITY/HINDSIGHT,09:45,10:25,10:45,10:50,10:55,11:25
2026-02-23,META,call,OTM2+,market,50.0,6,190.0,OPPORTUNITY/HINDSIGHT,09:45,10:25,10:45,10:50,10:55,11:25
2026-02-23,META,call,OTM2+,market,60.0,6,190.0,OPPORTUNITY/HINDSIGHT,09:45,10:25,10:45,10:50,10:55,11:25
2026-02-23,META,call,OTM2+,market,70.0,5,195.0,OPPORTUNITY/HINDSIGHT,09:45,10:25,10:45,11:25,11:40,12:05
2026-02-23,META,call,OTM2+,market,75.0,4,195.0,OPPORTUNITY/HINDSIGHT,09:45,10:25,10:45,11:25,11:40,12:10
2026-02-23,META,call,OTM2+,market,80.0,4,195.0,OPPORTUNITY/HINDSIGHT,09:45,10:25,10:45,11:25,11:40,12:10
2026-02-23,META,call,OTM2+,market,90.0,4,185.0,OPPORTUNITY/HINDSIGHT,09:55,10:25,10:45,11:25,11:40,12:10
2026-02-23,META,call,OTM2+,market,100.0,4,175.0,OPPORTUNITY/HINDSIGHT,10:05,10:25,10:45,11:25,11:40,12:10
2026-02-23,META,put,OTM2+,mid,20.0,6,140.0,OPPORTUNITY/HINDSIGHT,09:35,09:45,09:45,10:10,10:10,11:05
2026-02-23,META,put,OTM2+,mid,25.0,6,140.0,OPPORTUNITY/HINDSIGHT,09:35,09:45,09:45,10:10,10:10,11:05
2026-02-23,META,put,OTM2+,mid,30.0,6,140.0,OPPORTUNITY/HINDSIGHT,09:35,09:45,09:45,10:10,10:10,11:05
2026-02-23,META,put,OTM2+,mid,40.0,5,130.0,OPPORTUNITY/HINDSIGHT,09:35,09:45,09:45,10:55,11:25,11:30
2026-02-23,META,put,OTM2+,mid,50.0,5,130.0,OPPORTUNITY/HINDSIGHT,09:35,09:45,09:45,10:55,11:25,11:30
2026-02-23,META,put,OTM2+,mid,60.0,4,140.0,OPPORTUNITY/HINDSIGHT,09:35,10:10,10:10,11:05,11:25,11:40
2026-02-23,META,put,OTM2+,mid,70.0,4,140.0,OPPORTUNITY/HINDSIGHT,09:35,10:10,10:10,11:05,11:25,11:40
2026-02-23,META,put,OTM2+,mid,75.0,4,140.0,OPPORTUNITY/HINDSIGHT,09:35,10:10,10:10,11:05,11:25,11:40
2026-02-23,META,put,OTM2+,mid,80.0,4,140.0,OPPORTUNITY/HINDSIGHT,09:35,10:10,10:10,11:05,11:25,11:40
2026-02-23,META,put,OTM2+,mid,90.0,4,140.0,OPPORTUNITY/HINDSIGHT,09:35,10:10,10:10,11:05,11:25,11:40
2026-02-23,META,put,OTM2+,mid,100.0,4,140.0,OPPORTUNITY/HINDSIGHT,09:35,10:10,10:10,11:05,11:25,11:40
2026-02-23,META,put,OTM2+,market,20.0,6,140.0,OPPORTUNITY/HINDSIGHT,09:35,09:45,09:45,10:10,10:10,11:05
2026-02-23,META,put,OTM2+,market,25.0,6,140.0,OPPORTUNITY/HINDSIGHT,09:35,09:45,09:45,10:10,10:10,11:05
2026-02-23,META,put,OTM2+,market,30.0,5,130.0,OPPORTUNITY/HINDSIGHT,09:35,09:45,09:45,10:55,11:25,11:30
2026-02-23,META,put,OTM2+,market,40.0,5,130.0,OPPORTUNITY/HINDSIGHT,09:35,09:45,09:45,10:55,11:25,11:30
2026-02-23,META,put,OTM2+,market,50.0,5,140.0,OPPORTUNITY/HINDSIGHT,09:35,09:45,09:45,11:05,11:25,11:30
2026-02-23,META,put,OTM2+,market,60.0,4,140.0,OPPORTUNITY/HINDSIGHT,09:35,10:10,10:10,11:05,11:25,11:40
2026-02-23,META,put,OTM2+,market,70.0,4,140.0,OPPORTUNITY/HINDSIGHT,09:35,10:10,10:10,11:05,11:25,11:40
2026-02-23,META,put,OTM2+,market,75.0,4,140.0,OPPORTUNITY/HINDSIGHT,09:35,10:10,10:10,11:05,11:25,11:40
2026-02-23,META,put,OTM2+,market,80.0,4,140.0,OPPORTUNITY/HINDSIGHT,09:35,10:10,10:10,11:05,11:25,11:40
2026-02-23,META,put,OTM2+,market,90.0,4,140.0,OPPORTUNITY/HINDSIGHT,09:35,10:10,10:10,11:05,11:25,11:40
2026-02-23,META,put,OTM2+,market,100.0,3,130.0,OPPORTUNITY/HINDSIGHT,09:35,10:55,11:25,11:40,12:00,12:35
2026-02-23,META,put,OTM1,mid,20.0,7,250.0,OPPORTUNITY/HINDSIGHT,09:35,09:45,09:45,10:10,10:10,11:05
2026-02-23,META,put,OTM1,mid,25.0,7,250.0,OPPORTUNITY/HINDSIGHT,09:35,09:45,09:45,10:10,10:10,11:05
2026-02-23,META,put,OTM1,mid,30.0,7,250.0,OPPORTUNITY/HINDSIGHT,09:35,09:45,09:45,10:55,10:55,11:05
2026-02-23,META,put,OTM1,mid,40.0,7,255.0,OPPORTUNITY/HINDSIGHT,09:35,09:45,09:45,10:55,10:55,11:05
2026-02-23,META,put,OTM1,mid,50.0,6,255.0,OPPORTUNITY/HINDSIGHT,09:35,10:10,10:10,11:05,11:05,13:00
2026-02-23,META,put,OTM1,mid,60.0,5,260.0,OPPORTUNITY/HINDSIGHT,09:35,10:10,10:10,11:05,11:05,13:00
2026-02-23,META,put,OTM1,mid,70.0,5,260.0,OPPORTUNITY/HINDSIGHT,09:35,10:10,10:10,11:05,11:05,13:00
2026-02-23,META,put,OTM1,mid,75.0,5,265.0,OPPORTUNITY/HINDSIGHT,09:35,10:10,10:10,11:05,11:05,13:00
2026-02-23,META,put,OTM1,mid,80.0,5,265.0,OPPORTUNITY/HINDSIGHT,09:35,10:10,10:10,11:05,11:05,13:00
2026-02-23,META,put,OTM1,mid,90.0,5,265.0,OPPORTUNITY/HINDSIGHT,09:35,10:55,10:55,11:05,11:05,13:00
2026-02-23,META,put,OTM1,mid,100.0,5,265.0,OPPORTUNITY/HINDSIGHT,09:35,10:55,10:55,11:05,11:05,13:00
2026-02-23,META,put,OTM1,market,20.0,7,250.0,OPPORTUNITY/HINDSIGHT,09:35,09:45,09:45,10:10,10:10,11:05
2026-02-23,META,put,OTM1,market,25.0,7,250.0,OPPORTUNITY/HINDSIGHT,09:35,09:45,09:45,10:55,10:55,11:05
2026-02-23,META,put,OTM1,market,30.0,7,250.0,OPPORTUNITY/HINDSIGHT,09:35,09:45,09:45,10:55,10:55,11:05
2026-02-23,META,put,OTM1,market,40.0,6,255.0,OPPORTUNITY/HINDSIGHT,09:35,10:10,10:10,11:05,11:05,13:00
2026-02-23,META,put,OTM1,market,50.0,6,255.0,OPPORTUNITY/HINDSIGHT,09:35,10:10,10:10,11:05,11:05,13:00
2026-02-23,META,put,OTM1,market,60.0,5,260.0,OPPORTUNITY/HINDSIGHT,09:35,10:10,10:10,11:05,11:05,13:00
2026-02-23,META,put,OTM1,market,70.0,5,265.0,OPPORTUNITY/HINDSIGHT,09:35,10:10,10:10,11:05,11:05,13:00
2026-02-23,META,put,OTM1,market,75.0,5,265.0,OPPORTUNITY/HINDSIGHT,09:35,10:55,10:55,11:05,11:05,13:00
2026-02-23,META,put,OTM1,market,80.0,5,265.0,OPPORTUNITY/HINDSIGHT,09:35,10:55,10:55,11:05,11:05,13:00
2026-02-23,META,put,OTM1,market,90.0,5,265.0,OPPORTUNITY/HINDSIGHT,09:35,10:55,10:55,11:05,11:05,13:00
2026-02-23,META,put,OTM1,market,100.0,5,265.0,OPPORTUNITY/HINDSIGHT,09:35,10:55,10:55,11:05,11:05,13:00
2026-02-23,META,put,ATM,mid,20.0,8,330.0,OPPORTUNITY/HINDSIGHT,09:35,09:45,09:45,10:10,10:10,11:05
2026-02-23,META,put,ATM,mid,25.0,7,340.0,OPPORTUNITY/HINDSIGHT,09:35,09:45,09:45,10:55,10:55,11:05
2026-02-23,META,put,ATM,mid,30.0,7,345.0,OPPORTUNITY/HINDSIGHT,09:35,09:45,09:45,10:55,10:55,11:05
2026-02-23,META,put,ATM,mid,40.0,6,345.0,OPPORTUNITY/HINDSIGHT,09:35,10:10,10:10,11:05,11:05,13:00
2026-02-23,META,put,ATM,mid,50.0,5,325.0,OPPORTUNITY/HINDSIGHT,09:35,10:10,10:10,11:05,11:05,13:00
2026-02-23,META,put,ATM,mid,60.0,5,360.0,OPPORTUNITY/HINDSIGHT,09:35,10:55,10:55,11:05,11:05,13:00
2026-02-23,META,put,ATM,mid,70.0,4,320.0,OPPORTUNITY/HINDSIGHT,09:35,10:55,10:55,11:05,11:05,13:00
2026-02-23,META,put,ATM,mid,75.0,4,320.0,OPPORTUNITY/HINDSIGHT,09:35,10:55,10:55,11:05,11:05,13:00
2026-02-23,META,put,ATM,mid,80.0,4,320.0,OPPORTUNITY/HINDSIGHT,09:35,10:55,10:55,11:05,11:05,13:00
2026-02-23,META,put,ATM,mid,90.0,3,320.0,OPPORTUNITY/HINDSIGHT,09:35,11:05,11:05,13:00,13:50,15:45
2026-02-23,META,put,ATM,mid,100.0,3,330.0,OPPORTUNITY/HINDSIGHT,09:35,11:05,11:05,13:05,13:50,15:50
2026-02-23,META,put,ATM,market,20.0,7,340.0,OPPORTUNITY/HINDSIGHT,09:35,09:45,09:45,10:55,10:55,11:05
2026-02-23,META,put,ATM,market,25.0,7,345.0,OPPORTUNITY/HINDSIGHT,09:35,09:45,09:45,10:55,10:55,11:05
2026-02-23,META,put,ATM,market,30.0,6,345.0,OPPORTUNITY/HINDSIGHT,09:35,10:10,10:10,11:05,11:05,13:00
2026-02-23,META,put,ATM,market,40.0,5,325.0,OPPORTUNITY/HINDSIGHT,09:35,10:10,10:10,11:05,11:05,13:00
2026-02-23,META,put,ATM,market,50.0,5,360.0,OPPORTUNITY/HINDSIGHT,09:35,10:10,10:10,11:05,11:05,13:00
2026-02-23,META,put,ATM,market,60.0,5,360.0,OPPORTUNITY/HINDSIGHT,09:35,10:55,10:55,11:05,11:05,13:00
2026-02-23,META,put,ATM,market,70.0,4,320.0,OPPORTUNITY/HINDSIGHT,09:35,10:55,10:55,11:05,11:05,13:00
2026-02-23,META,put,ATM,market,75.0,4,320.0,OPPORTUNITY/HINDSIGHT,09:35,10:55,10:55,11:05,11:05,13:00
2026-02-23,META,put,ATM,market,80.0,3,320.0,OPPORTUNITY/HINDSIGHT,09:35,11:05,11:05,13:00,13:50,15:45
2026-02-23,META,put,ATM,market,90.0,3,330.0,OPPORTUNITY/HINDSIGHT,09:35,11:05,11:05,13:05,13:50,15:50
2026-02-23,META,put,ATM,market,100.0,3,330.0,OPPORTUNITY/HINDSIGHT,09:35,11:05,11:05,13:05,13:50,15:50
2026-02-23,META,put,ITM,mid,20.0,8,350.0,OPPORTUNITY/HINDSIGHT,09:35,09:45,09:45,10:55,10:55,11:05
2026-02-23,META,put,ITM,mid,25.0,7,335.0,OPPORTUNITY/HINDSIGHT,09:35,10:10,10:10,11:05,11:05,13:00
2026-02-23,META,put,ITM,mid,30.0,7,340.0,OPPORTUNITY/HINDSIGHT,09:35,10:10,10:10,11:05,11:05,13:00
2026-02-23,META,put,ITM,mid,40.0,4,315.0,OPPORTUNITY/HINDSIGHT,09:35,10:45,10:45,11:05,11:05,13:00
2026-02-23,META,put,ITM,mid,50.0,4,315.0,OPPORTUNITY/HINDSIGHT,09:35,10:55,10:55,11:05,11:05,13:00
2026-02-23,META,put,ITM,mid,60.0,3,325.0,OPPORTUNITY/HINDSIGHT,09:35,11:05,11:05,13:05,13:50,15:45
2026-02-23,META,put,ITM,mid,70.0,3,330.0,OPPORTUNITY/HINDSIGHT,09:35,11:05,11:05,13:05,13:50,15:50
2026-02-23,META,put,ITM,mid,75.0,3,335.0,OPPORTUNITY/HINDSIGHT,09:35,11:05,11:05,13:10,13:50,15:50
2026-02-23,META,put,ITM,mid,80.0,3,335.0,OPPORTUNITY/HINDSIGHT,09:35,11:05,11:05,13:10,13:50,15:50
2026-02-23,META,put,ITM,mid,90.0,3,365.0,OPPORTUNITY/HINDSIGHT,09:35,11:05,11:05,13:40,13:50,15:50
2026-02-23,META,put,ITM,mid,100.0,3,330.0,OPPORTUNITY/HINDSIGHT,09:35,11:05,11:10,13:05,13:50,15:55
2026-02-23,META,put,ITM,market,20.0,7,335.0,OPPORTUNITY/HINDSIGHT,09:35,10:10,10:10,11:05,11:05,13:00
2026-02-23,META,put,ITM,market,25.0,6,365.0,OPPORTUNITY/HINDSIGHT,09:35,10:10,10:10,11:05,11:05,13:00
2026-02-23,META,put,ITM,market,30.0,5,355.0,OPPORTUNITY/HINDSIGHT,09:35,10:10,10:10,11:05,11:05,13:00
2026-02-23,META,put,ITM,market,40.0,4,315.0,OPPORTUNITY/HINDSIGHT,09:35,10:55,10:55,11:05,11:05,13:00
2026-02-23,META,put,ITM,market,50.0,4,320.0,OPPORTUNITY/HINDSIGHT,09:35,10:55,10:55,12:40,12:40,13:00
2026-02-23,META,put,ITM,market,60.0,3,325.0,OPPORTUNITY/HINDSIGHT,09:35,11:05,11:05,13:05,13:50,15:45
2026-02-23,META,put,ITM,market,70.0,3,335.0,OPPORTUNITY/HINDSIGHT,09:35,11:05,11:05,13:10,13:50,15:50
2026-02-23,META,put,ITM,market,75.0,3,335.0,OPPORTUNITY/HINDSIGHT,09:35,11:05,11:05,13:10,13:50,15:50
2026-02-23,META,put,ITM,market,80.0,3,365.0,OPPORTUNITY/HINDSIGHT,09:35,11:05,11:05,13:40,13:50,15:50
2026-02-23,META,put,ITM,market,90.0,3,330.0,OPPORTUNITY/HINDSIGHT,09:35,11:05,11:10,13:05,13:50,15:55
2026-02-23,META,put,ITM,market,100.0,3,325.0,OPPORTUNITY/HINDSIGHT,09:35,11:05,11:10,13:10,13:55,15:50
2026-02-24,META,call,ITM,mid,20.0,5,140.0,OPPORTUNITY/HINDSIGHT,09:35,09:50,09:50,10:10,10:10,11:25
2026-02-24,META,call,ITM,mid,25.0,3,140.0,OPPORTUNITY/HINDSIGHT,09:35,10:10,10:10,11:25,11:50,12:20
2026-02-24,META,call,ITM,mid,30.0,3,140.0,OPPORTUNITY/HINDSIGHT,09:35,10:10,10:10,11:25,11:50,12:20
2026-02-24,META,call,ITM,mid,40.0,3,140.0,OPPORTUNITY/HINDSIGHT,09:35,10:10,10:10,11:25,11:50,12:20
2026-02-24,META,call,ITM,mid,50.0,3,145.0,OPPORTUNITY/HINDSIGHT,09:35,11:10,11:10,11:25,11:50,12:25
2026-02-24,META,call,ITM,mid,60.0,2,140.0,OPPORTUNITY/HINDSIGHT,09:35,11:25,11:55,12:25,,
2026-02-24,META,call,ITM,mid,70.0,2,140.0,OPPORTUNITY/HINDSIGHT,09:35,11:25,11:55,12:25,,
2026-02-24,META,call,ITM,mid,75.0,1,110.0,OPPORTUNITY/HINDSIGHT,09:35,11:25,,,,
2026-02-24,META,call,ITM,mid,80.0,1,110.0,OPPORTUNITY/HINDSIGHT,09:35,11:25,,,,
2026-02-24,META,call,ITM,mid,90.0,1,110.0,OPPORTUNITY/HINDSIGHT,09:35,11:25,,,,
2026-02-24,META,call,ITM,mid,100.0,1,110.0,OPPORTUNITY/HINDSIGHT,09:35,11:25,,,,
2026-02-24,META,call,ITM,market,20.0,3,140.0,OPPORTUNITY/HINDSIGHT,09:35,10:10,10:10,11:25,11:50,12:20
2026-02-24,META,call,ITM,market,25.0,3,140.0,OPPORTUNITY/HINDSIGHT,09:35,10:10,10:10,11:25,11:50,12:20
2026-02-24,META,call,ITM,market,30.0,3,140.0,OPPORTUNITY/HINDSIGHT,09:35,10:10,10:10,11:25,11:50,12:20
2026-02-24,META,call,ITM,market,40.0,3,140.0,OPPORTUNITY/HINDSIGHT,09:35,10:10,10:10,11:25,11:50,12:20
2026-02-24,META,call,ITM,market,50.0,2,145.0,OPPORTUNITY/HINDSIGHT,09:35,11:25,11:50,12:25,,
2026-02-24,META,call,ITM,market,60.0,2,140.0,OPPORTUNITY/HINDSIGHT,09:35,11:25,11:55,12:25,,
2026-02-24,META,call,ITM,market,70.0,1,110.0,OPPORTUNITY/HINDSIGHT,09:35,11:25,,,,
2026-02-24,META,call,ITM,market,75.0,1,110.0,OPPORTUNITY/HINDSIGHT,09:35,11:25,,,,
2026-02-24,META,call,ITM,market,80.0,1,110.0,OPPORTUNITY/HINDSIGHT,09:35,11:25,,,,
2026-02-24,META,call,ITM,market,90.0,1,110.0,OPPORTUNITY/HINDSIGHT,09:35,11:25,,,,
2026-02-24,META,call,ITM,market,100.0,1,110.0,OPPORTUNITY/HINDSIGHT,09:35,11:25,,,,
2026-02-24,META,call,ATM,mid,20.0,8,180.0,OPPORTUNITY/HINDSIGHT,09:35,09:40,09:40,10:10,10:10,11:25
2026-02-24,META,call,ATM,mid,25.0,8,180.0,OPPORTUNITY/HINDSIGHT,09:35,09:50,09:50,10:10,10:10,11:25
2026-02-24,META,call,ATM,mid,30.0,6,160.0,OPPORTUNITY/HINDSIGHT,09:35,09:55,09:55,10:10,10:10,11:25
2026-02-24,META,call,ATM,mid,40.0,5,160.0,OPPORTUNITY/HINDSIGHT,09:35,10:10,10:10,11:25,11:50,12:20
2026-02-24,META,call,ATM,mid,50.0,5,160.0,OPPORTUNITY/HINDSIGHT,09:35,10:10,10:10,11:25,11:50,12:20
2026-02-24,META,call,ATM,mid,60.0,4,160.0,OPPORTUNITY/HINDSIGHT,09:35,10:10,10:10,11:25,11:50,12:20
2026-02-24,META,call,ATM,mid,70.0,4,160.0,OPPORTUNITY/HINDSIGHT,09:35,11:10,11:10,11:25,11:50,12:20
2026-02-24,META,call,ATM,mid,75.0,3,165.0,OPPORTUNITY/HINDSIGHT,09:35,11:25,11:50,12:25,13:20,13:40
2026-02-24,META,call,ATM,mid,80.0,3,165.0,OPPORTUNITY/HINDSIGHT,09:35,11:25,11:50,12:25,13:20,13:40
2026-02-24,META,call,ATM,mid,90.0,3,165.0,OPPORTUNITY/HINDSIGHT,09:35,11:25,11:50,12:25,13:20,13:40
2026-02-24,META,call,ATM,mid,100.0,3,160.0,OPPORTUNITY/HINDSIGHT,09:35,11:25,11:55,12:25,13:20,13:40
2026-02-24,META,call,ATM,market,20.0,8,180.0,OPPORTUNITY/HINDSIGHT,09:35,09:50,09:50,10:10,10:10,11:25
2026-02-24,META,call,ATM,market,25.0,6,160.0,OPPORTUNITY/HINDSIGHT,09:35,09:55,09:55,10:10,10:10,11:25
2026-02-24,META,call,ATM,market,30.0,5,160.0,OPPORTUNITY/HINDSIGHT,09:35,10:10,10:10,11:25,11:50,12:20
2026-02-24,META,call,ATM,market,40.0,5,160.0,OPPORTUNITY/HINDSIGHT,09:35,10:10,10:10,11:25,11:50,12:20
2026-02-24,META,call,ATM,market,50.0,5,160.0,OPPORTUNITY/HINDSIGHT,09:35,10:10,10:10,11:25,11:50,12:20
2026-02-24,META,call,ATM,market,60.0,4,160.0,OPPORTUNITY/HINDSIGHT,09:35,10:10,10:10,11:25,11:50,12:20
2026-02-24,META,call,ATM,market,70.0,3,165.0,OPPORTUNITY/HINDSIGHT,09:35,11:25,11:50,12:25,13:20,13:40
2026-02-24,META,call,ATM,market,75.0,3,165.0,OPPORTUNITY/HINDSIGHT,09:35,11:25,11:50,12:25,13:20,13:40
2026-02-24,META,call,ATM,market,80.0,3,165.0,OPPORTUNITY/HINDSIGHT,09:35,11:25,11:50,12:25,13:20,13:40
2026-02-24,META,call,ATM,market,90.0,3,160.0,OPPORTUNITY/HINDSIGHT,09:35,11:25,11:55,12:25,13:20,13:40
2026-02-24,META,call,ATM,market,100.0,3,160.0,OPPORTUNITY/HINDSIGHT,09:35,11:25,11:55,12:25,13:20,13:40
2026-02-24,META,call,OTM1,mid,20.0,10,215.0,OPPORTUNITY/HINDSIGHT,09:35,09:40,09:40,10:10,10:10,11:25
2026-02-24,META,call,OTM1,mid,25.0,9,210.0,OPPORTUNITY/HINDSIGHT,09:35,09:40,09:40,10:10,10:10,11:25
2026-02-24,META,call,OTM1,mid,30.0,9,210.0,OPPORTUNITY/HINDSIGHT,09:35,09:40,09:40,10:10,10:10,11:25
2026-02-24,META,call,OTM1,mid,40.0,10,190.0,OPPORTUNITY/HINDSIGHT,09:35,09:55,09:55,10:10,10:10,11:25
2026-02-24,META,call,OTM1,mid,50.0,7,170.0,OPPORTUNITY/HINDSIGHT,09:35,10:10,10:10,11:25,11:50,12:20
2026-02-24,META,call,OTM1,mid,60.0,7,170.0,OPPORTUNITY/HINDSIGHT,09:35,10:10,10:10,11:25,11:50,12:20
2026-02-24,META,call,OTM1,mid,70.0,7,170.0,OPPORTUNITY/HINDSIGHT,09:35,10:10,10:10,11:25,11:50,12:20
2026-02-24,META,call,OTM1,mid,75.0,7,170.0,OPPORTUNITY/HINDSIGHT,09:35,10:10,10:10,11:25,11:50,12:20
2026-02-24,META,call,OTM1,mid,80.0,7,180.0,OPPORTUNITY/HINDSIGHT,09:35,10:10,10:10,11:25,11:50,12:20
2026-02-24,META,call,OTM1,mid,90.0,6,180.0,OPPORTUNITY/HINDSIGHT,09:35,10:10,10:10,11:25,11:50,12:20
2026-02-24,META,call,OTM1,mid,100.0,4,170.0,OPPORTUNITY/HINDSIGHT,09:35,11:25,11:50,12:20,13:20,13:40
2026-02-24,META,call,OTM1,market,20.0,9,210.0,OPPORTUNITY/HINDSIGHT,09:35,09:40,09:40,10:10,10:10,11:25
2026-02-24,META,call,OTM1,market,25.0,9,210.0,OPPORTUNITY/HINDSIGHT,09:35,09:40,09:40,10:10,10:10,11:25
2026-02-24,META,call,OTM1,market,30.0,11,200.0,OPPORTUNITY/HINDSIGHT,09:35,09:50,09:50,10:10,10:10,11:25
2026-02-24,META,call,OTM1,market,40.0,7,170.0,OPPORTUNITY/HINDSIGHT,09:35,10:10,10:10,11:25,11:50,12:20
2026-02-24,META,call,OTM1,market,50.0,7,170.0,OPPORTUNITY/HINDSIGHT,09:35,10:10,10:10,11:25,11:50,12:20
2026-02-24,META,call,OTM1,market,60.0,7,170.0,OPPORTUNITY/HINDSIGHT,09:35,10:10,10:10,11:25,11:50,12:20
2026-02-24,META,call,OTM1,market,70.0,7,170.0,OPPORTUNITY/HINDSIGHT,09:35,10:10,10:10,11:25,11:50,12:20
2026-02-24,META,call,OTM1,market,75.0,6,180.0,OPPORTUNITY/HINDSIGHT,09:35,10:10,10:10,11:25,11:50,12:20
2026-02-24,META,call,OTM1,market,80.0,6,180.0,OPPORTUNITY/HINDSIGHT,09:35,10:10,10:10,11:25,11:50,12:20
2026-02-24,META,call,OTM1,market,90.0,5,170.0,OPPORTUNITY/HINDSIGHT,09:35,11:10,11:10,11:25,11:50,12:20
2026-02-24,META,call,OTM1,market,100.0,4,170.0,OPPORTUNITY/HINDSIGHT,09:35,11:25,11:50,12:20,13:20,13:40
2026-02-24,META,call,OTM2+,mid,20.0,10,90.0,OPPORTUNITY/HINDSIGHT,09:35,09:40,10:20,10:25,10:50,10:55
2026-02-24,META,call,OTM2+,mid,25.0,10,90.0,OPPORTUNITY/HINDSIGHT,09:35,09:40,10:20,10:25,10:50,10:55
2026-02-24,META,call,OTM2+,mid,30.0,9,95.0,OPPORTUNITY/HINDSIGHT,09:35,09:40,10:20,10:25,10:50,10:55
2026-02-24,META,call,OTM2+,mid,40.0,9,100.0,OPPORTUNITY/HINDSIGHT,09:35,09:50,10:20,10:25,10:50,10:55
2026-02-24,META,call,OTM2+,mid,50.0,9,115.0,OPPORTUNITY/HINDSIGHT,09:35,09:55,10:20,10:30,10:50,10:55
2026-02-24,META,call,OTM2+,mid,60.0,7,125.0,OPPORTUNITY/HINDSIGHT,09:35,10:10,10:20,10:30,10:50,11:00
2026-02-24,META,call,OTM2+,mid,70.0,7,125.0,OPPORTUNITY/HINDSIGHT,09:35,10:10,10:20,10:30,10:50,11:00
2026-02-24,META,call,OTM2+,mid,75.0,7,125.0,OPPORTUNITY/HINDSIGHT,09:35,10:10,10:20,10:30,10:50,11:00
2026-02-24,META,call,OTM2+,mid,80.0,7,125.0,OPPORTUNITY/HINDSIGHT,09:35,10:10,10:20,10:30,10:50,11:00
2026-02-24,META,call,OTM2+,mid,90.0,7,115.0,OPPORTUNITY/HINDSIGHT,09:35,10:10,10:20,10:30,10:50,11:00
2026-02-24,META,call,OTM2+,mid,100.0,7,115.0,OPPORTUNITY/HINDSIGHT,09:35,10:10,10:20,10:30,10:50,11:00
2026-02-24,META,call,OTM2+,market,20.0,10,90.0,OPPORTUNITY/HINDSIGHT,09:35,09:40,10:20,10:25,10:50,10:55
2026-02-24,META,call,OTM2+,market,25.0,9,95.0,OPPORTUNITY/HINDSIGHT,09:35,09:40,10:20,10:25,10:50,10:55
2026-02-24,META,call,OTM2+,market,30.0,9,90.0,OPPORTUNITY/HINDSIGHT,09:35,09:40,10:20,10:25,10:50,10:55
2026-02-24,META,call,OTM2+,market,40.0,9,100.0,OPPORTUNITY/HINDSIGHT,09:35,09:50,10:20,10:25,10:50,10:55
2026-02-24,META,call,OTM2+,market,50.0,7,120.0,OPPORTUNITY/HINDSIGHT,09:35,10:10,10:20,10:30,10:50,10:55
2026-02-24,META,call,OTM2+,market,60.0,7,125.0,OPPORTUNITY/HINDSIGHT,09:35,10:10,10:20,10:30,10:50,11:00
2026-02-24,META,call,OTM2+,market,70.0,7,125.0,OPPORTUNITY/HINDSIGHT,09:35,10:10,10:20,10:30,10:50,11:00
2026-02-24,META,call,OTM2+,market,75.0,7,125.0,OPPORTUNITY/HINDSIGHT,09:35,10:10,10:20,10:30,10:50,11:00
2026-02-24,META,call,OTM2+,market,80.0,7,115.0,OPPORTUNITY/HINDSIGHT,09:35,10:10,10:20,10:30,10:50,11:00
2026-02-24,META,call,OTM2+,market,90.0,7,115.0,OPPORTUNITY/HINDSIGHT,09:35,10:10,10:20,10:30,10:50,11:00
2026-02-24,META,call,OTM2+,market,100.0,7,115.0,OPPORTUNITY/HINDSIGHT,09:35,10:10,10:20,10:30,10:50,11:00
2026-02-24,META,put,OTM2+,mid,20.0,2,215.0,OPPORTUNITY/HINDSIGHT,09:35,10:50,10:50,13:10,,
2026-02-24,META,put,OTM2+,mid,25.0,2,215.0,OPPORTUNITY/HINDSIGHT,09:35,10:50,10:50,13:10,,
2026-02-24,META,put,OTM2+,mid,30.0,2,215.0,OPPORTUNITY/HINDSIGHT,09:35,10:50,10:50,13:10,,
2026-02-24,META,put,OTM2+,mid,40.0,2,215.0,OPPORTUNITY/HINDSIGHT,09:35,10:50,10:50,13:10,,
2026-02-24,META,put,OTM2+,mid,50.0,2,215.0,OPPORTUNITY/HINDSIGHT,09:35,10:50,10:50,13:10,,
2026-02-24,META,put,OTM2+,mid,60.0,2,205.0,OPPORTUNITY/HINDSIGHT,09:35,12:45,12:55,13:10,,
2026-02-24,META,put,OTM2+,mid,70.0,2,205.0,OPPORTUNITY/HINDSIGHT,09:35,12:45,12:55,13:10,,
2026-02-24,META,put,OTM2+,mid,75.0,2,205.0,OPPORTUNITY/HINDSIGHT,09:35,12:45,12:55,13:10,,
2026-02-24,META,put,OTM2+,mid,80.0,1,215.0,OPPORTUNITY/HINDSIGHT,09:35,13:10,,,,
2026-02-24,META,put,OTM2+,mid,90.0,1,215.0,OPPORTUNITY/HINDSIGHT,09:35,13:10,,,,
2026-02-24,META,put,OTM2+,mid,100.0,1,215.0,OPPORTUNITY/HINDSIGHT,09:35,13:10,,,,
2026-02-24,META,put,OTM2+,market,20.0,2,215.0,OPPORTUNITY/HINDSIGHT,09:35,10:50,10:50,13:10,,
2026-02-24,META,put,OTM2+,market,25.0,2,215.0,OPPORTUNITY/HINDSIGHT,09:35,10:50,10:50,13:10,,
2026-02-24,META,put,OTM2+,market,30.0,2,215.0,OPPORTUNITY/HINDSIGHT,09:35,10:50,10:50,13:10,,
2026-02-24,META,put,OTM2+,market,40.0,2,215.0,OPPORTUNITY/HINDSIGHT,09:35,10:50,10:50,13:10,,
2026-02-24,META,put,OTM2+,market,50.0,2,215.0,OPPORTUNITY/HINDSIGHT,09:35,10:50,10:50,13:10,,
2026-02-24,META,put,OTM2+,market,60.0,2,205.0,OPPORTUNITY/HINDSIGHT,09:35,12:45,12:55,13:10,,
2026-02-24,META,put,OTM2+,market,70.0,2,205.0,OPPORTUNITY/HINDSIGHT,09:35,12:45,12:55,13:10,,
2026-02-24,META,put,OTM2+,market,75.0,1,215.0,OPPORTUNITY/HINDSIGHT,09:35,13:10,,,,
2026-02-24,META,put,OTM2+,market,80.0,1,215.0,OPPORTUNITY/HINDSIGHT,09:35,13:10,,,,
2026-02-24,META,put,OTM2+,market,90.0,1,215.0,OPPORTUNITY/HINDSIGHT,09:35,13:10,,,,
2026-02-24,META,put,OTM2+,market,100.0,1,215.0,OPPORTUNITY/HINDSIGHT,09:35,13:10,,,,
2026-02-24,META,put,OTM1,mid,20.0,4,220.0,OPPORTUNITY/HINDSIGHT,09:35,10:50,10:50,12:45,12:45,13:10
2026-02-24,META,put,OTM1,mid,25.0,4,220.0,OPPORTUNITY/HINDSIGHT,09:35,10:50,10:50,12:45,12:45,13:10
2026-02-24,META,put,OTM1,mid,30.0,4,220.0,OPPORTUNITY/HINDSIGHT,09:35,10:50,10:50,12:45,12:45,13:10
2026-02-24,META,put,OTM1,mid,40.0,3,220.0,OPPORTUNITY/HINDSIGHT,09:35,10:50,10:50,13:10,13:10,13:15
2026-02-24,META,put,OTM1,mid,50.0,3,220.0,OPPORTUNITY/HINDSIGHT,09:35,10:50,10:50,13:10,13:10,13:15
2026-02-24,META,put,OTM1,mid,60.0,3,220.0,OPPORTUNITY/HINDSIGHT,09:35,12:45,12:45,13:10,13:10,13:15
2026-02-24,META,put,OTM1,mid,70.0,3,220.0,OPPORTUNITY/HINDSIGHT,09:35,12:45,12:45,13:10,13:10,13:15
2026-02-24,META,put,OTM1,mid,75.0,3,220.0,OPPORTUNITY/HINDSIGHT,09:35,12:45,12:45,13:10,13:10,13:15
2026-02-24,META,put,OTM1,mid,80.0,3,220.0,OPPORTUNITY/HINDSIGHT,09:35,12:45,12:45,13:10,13:10,13:15
2026-02-24,META,put,OTM1,mid,90.0,3,220.0,OPPORTUNITY/HINDSIGHT,09:35,12:45,12:45,13:10,13:10,13:15
2026-02-24,META,put,OTM1,mid,100.0,3,220.0,OPPORTUNITY/HINDSIGHT,09:35,12:45,12:45,13:10,13:10,13:15
2026-02-24,META,put,OTM1,market,20.0,4,220.0,OPPORTUNITY/HINDSIGHT,09:35,10:50,10:50,12:45,12:45,13:10
2026-02-24,META,put,OTM1,market,25.0,4,220.0,OPPORTUNITY/HINDSIGHT,09:35,10:50,10:50,12:45,12:45,13:10
2026-02-24,META,put,OTM1,market,30.0,3,220.0,OPPORTUNITY/HINDSIGHT,09:35,10:50,10:50,13:10,13:10,13:15
2026-02-24,META,put,OTM1,market,40.0,3,220.0,OPPORTUNITY/HINDSIGHT,09:35,10:50,10:50,13:10,13:10,13:15
2026-02-24,META,put,OTM1,market,50.0,3,220.0,OPPORTUNITY/HINDSIGHT,09:35,10:50,10:50,13:10,13:10,13:15
2026-02-24,META,put,OTM1,market,60.0,3,220.0,OPPORTUNITY/HINDSIGHT,09:35,12:45,12:45,13:10,13:10,13:15
2026-02-24,META,put,OTM1,market,70.0,3,220.0,OPPORTUNITY/HINDSIGHT,09:35,12:45,12:45,13:10,13:10,13:15
2026-02-24,META,put,OTM1,market,75.0,3,220.0,OPPORTUNITY/HINDSIGHT,09:35,12:45,12:45,13:10,13:10,13:15
2026-02-24,META,put,OTM1,market,80.0,3,220.0,OPPORTUNITY/HINDSIGHT,09:35,12:45,12:45,13:10,13:10,13:15
2026-02-24,META,put,OTM1,market,90.0,3,220.0,OPPORTUNITY/HINDSIGHT,09:35,12:45,12:45,13:10,13:10,13:15
2026-02-24,META,put,OTM1,market,100.0,3,220.0,OPPORTUNITY/HINDSIGHT,09:35,12:45,12:45,13:10,13:10,13:15
2026-02-24,META,put,ATM,mid,20.0,8,250.0,OPPORTUNITY/HINDSIGHT,09:35,10:50,10:50,12:45,12:45,13:10
2026-02-24,META,put,ATM,mid,25.0,8,250.0,OPPORTUNITY/HINDSIGHT,09:35,10:50,10:50,12:45,12:45,13:10
2026-02-24,META,put,ATM,mid,30.0,8,260.0,OPPORTUNITY/HINDSIGHT,09:35,10:50,10:50,12:45,12:45,13:10
2026-02-24,META,put,ATM,mid,40.0,7,260.0,OPPORTUNITY/HINDSIGHT,09:35,10:50,10:50,13:10,13:10,13:15
2026-02-24,META,put,ATM,mid,50.0,6,255.0,OPPORTUNITY/HINDSIGHT,09:35,10:50,10:50,13:10,13:10,13:15
2026-02-24,META,put,ATM,mid,60.0,5,270.0,OPPORTUNITY/HINDSIGHT,09:35,12:45,12:45,13:10,13:10,13:15
2026-02-24,META,put,ATM,mid,70.0,4,270.0,OPPORTUNITY/HINDSIGHT,09:35,12:45,12:45,13:10,13:10,13:20
2026-02-24,META,put,ATM,mid,75.0,4,270.0,OPPORTUNITY/HINDSIGHT,09:35,12:45,12:45,13:10,13:10,13:20
2026-02-24,META,put,ATM,mid,80.0,4,275.0,OPPORTUNITY/HINDSIGHT,09:35,12:45,12:45,13:10,13:10,13:20
2026-02-24,META,put,ATM,mid,90.0,4,255.0,OPPORTUNITY/HINDSIGHT,09:35,12:45,12:45,13:15,13:15,13:25
2026-02-24,META,put,ATM,mid,100.0,4,255.0,OPPORTUNITY/HINDSIGHT,09:35,12:45,12:45,13:15,13:15,13:25
2026-02-24,META,put,ATM,market,20.0,8,250.0,OPPORTUNITY/HINDSIGHT,09:35,10:50,10:50,12:45,12:45,13:10
2026-02-24,META,put,ATM,market,25.0,8,260.0,OPPORTUNITY/HINDSIGHT,09:35,10:50,10:50,12:45,12:45,13:10
2026-02-24,META,put,ATM,market,30.0,8,260.0,OPPORTUNITY/HINDSIGHT,09:35,10:50,10:50,12:45,12:45,13:10
2026-02-24,META,put,ATM,market,40.0,6,255.0,OPPORTUNITY/HINDSIGHT,09:35,10:50,10:50,13:10,13:10,13:15
2026-02-24,META,put,ATM,market,50.0,6,255.0,OPPORTUNITY/HINDSIGHT,09:35,12:45,12:45,13:10,13:10,13:15
2026-02-24,META,put,ATM,market,60.0,4,270.0,OPPORTUNITY/HINDSIGHT,09:35,12:45,12:45,13:10,13:10,13:20
2026-02-24,META,put,ATM,market,70.0,4,270.0,OPPORTUNITY/HINDSIGHT,09:35,12:45,12:45,13:10,13:10,13:20
2026-02-24,META,put,ATM,market,75.0,4,275.0,OPPORTUNITY/HINDSIGHT,09:35,12:45,12:45,13:10,13:10,13:20
2026-02-24,META,put,ATM,market,80.0,4,255.0,OPPORTUNITY/HINDSIGHT,09:35,12:45,12:45,13:15,13:15,13:25
2026-02-24,META,put,ATM,market,90.0,4,255.0,OPPORTUNITY/HINDSIGHT,09:35,12:45,12:45,13:15,13:15,13:25
2026-02-24,META,put,ATM,market,100.0,4,255.0,OPPORTUNITY/HINDSIGHT,09:35,12:45,12:45,13:15,13:15,13:25
2026-02-24,META,put,ITM,mid,20.0,9,370.0,OPPORTUNITY/HINDSIGHT,09:35,10:50,10:50,12:45,12:45,13:10
2026-02-24,META,put,ITM,mid,25.0,9,370.0,OPPORTUNITY/HINDSIGHT,09:35,10:50,10:50,12:45,12:45,13:10
2026-02-24,META,put,ITM,mid,30.0,9,370.0,OPPORTUNITY/HINDSIGHT,09:35,10:50,10:50,12:45,12:45,13:10
2026-02-24,META,put,ITM,mid,40.0,7,385.0,OPPORTUNITY/HINDSIGHT,09:35,10:50,10:50,13:10,13:10,13:20
2026-02-24,META,put,ITM,mid,50.0,6,385.0,OPPORTUNITY/HINDSIGHT,09:35,12:45,12:45,13:10,13:10,13:20
2026-02-24,META,put,ITM,mid,60.0,6,380.0,OPPORTUNITY/HINDSIGHT,09:35,12:45,12:45,13:15,13:15,13:25
2026-02-24,META,put,ITM,mid,70.0,5,345.0,OPPORTUNITY/HINDSIGHT,09:35,12:45,12:45,13:15,13:15,13:30
2026-02-24,META,put,ITM,mid,75.0,5,350.0,OPPORTUNITY/HINDSIGHT,09:35,12:45,12:45,13:15,13:15,13:30
2026-02-24,META,put,ITM,mid,80.0,5,350.0,OPPORTUNITY/HINDSIGHT,09:35,12:45,12:45,13:15,13:15,13:30
2026-02-24,META,put,ITM,mid,90.0,4,370.0,OPPORTUNITY/HINDSIGHT,09:35,13:10,13:10,13:30,13:30,14:10
2026-02-24,META,put,ITM,mid,100.0,4,385.0,OPPORTUNITY/HINDSIGHT,09:35,13:10,13:10,13:30,13:30,15:00
2026-02-24,META,put,ITM,market,20.0,9,370.0,OPPORTUNITY/HINDSIGHT,09:35,10:50,10:50,12:45,12:45,13:10
2026-02-24,META,put,ITM,market,25.0,9,370.0,OPPORTUNITY/HINDSIGHT,09:35,10:50,10:50,12:45,12:45,13:10
2026-02-24,META,put,ITM,market,30.0,8,385.0,OPPORTUNITY/HINDSIGHT,09:35,10:50,10:50,13:10,13:10,13:15
2026-02-24,META,put,ITM,market,40.0,7,385.0,OPPORTUNITY/HINDSIGHT,09:35,12:45,12:45,13:10,13:10,13:20
2026-02-24,META,put,ITM,market,50.0,6,380.0,OPPORTUNITY/HINDSIGHT,09:35,12:45,12:45,13:15,13:15,13:25
2026-02-24,META,put,ITM,market,60.0,6,380.0,OPPORTUNITY/HINDSIGHT,09:35,12:45,12:45,13:15,13:15,13:30
2026-02-24,META,put,ITM,market,70.0,5,350.0,OPPORTUNITY/HINDSIGHT,09:35,12:45,12:45,13:15,13:15,13:30
2026-02-24,META,put,ITM,market,75.0,5,350.0,OPPORTUNITY/HINDSIGHT,09:35,12:45,12:45,13:15,13:15,13:30
2026-02-24,META,put,ITM,market,80.0,4,370.0,OPPORTUNITY/HINDSIGHT,09:35,13:10,13:10,13:25,13:25,14:10
2026-02-24,META,put,ITM,market,90.0,4,385.0,OPPORTUNITY/HINDSIGHT,09:35,13:10,13:10,13:30,13:30,15:00
2026-02-24,META,put,ITM,market,100.0,3,330.0,OPPORTUNITY/HINDSIGHT,09:35,13:10,13:10,14:05,14:05,15:05
2026-02-25,META,call,ITM,mid,20.0,5,315.0,OPPORTUNITY/HINDSIGHT,09:35,13:25,13:25,13:40,13:50,13:55
2026-02-25,META,call,ITM,mid,25.0,4,310.0,OPPORTUNITY/HINDSIGHT,09:35,13:25,13:25,13:45,14:05,14:15
2026-02-25,META,call,ITM,mid,30.0,4,270.0,OPPORTUNITY/HINDSIGHT,09:35,13:40,14:55,15:00,15:05,15:20
2026-02-25,META,call,ITM,mid,40.0,3,265.0,OPPORTUNITY/HINDSIGHT,09:35,13:40,14:55,15:00,15:05,15:20
2026-02-25,META,call,ITM,mid,50.0,2,275.0,OPPORTUNITY/HINDSIGHT,09:35,13:40,14:55,15:25,,
2026-02-25,META,call,ITM,mid,60.0,2,280.0,OPPORTUNITY/HINDSIGHT,09:35,13:45,14:55,15:25,,
2026-02-25,META,call,ITM,mid,70.0,2,280.0,OPPORTUNITY/HINDSIGHT,09:35,13:45,14:55,15:25,,
2026-02-25,META,call,ITM,mid,75.0,2,270.0,OPPORTUNITY/HINDSIGHT,09:40,13:40,14:55,15:25,,
2026-02-25,META,call,ITM,mid,80.0,2,260.0,OPPORTUNITY/HINDSIGHT,09:40,13:40,15:05,15:25,,
2026-02-25,META,call,ITM,mid,90.0,2,260.0,OPPORTUNITY/HINDSIGHT,09:40,13:40,15:05,15:25,,
2026-02-25,META,call,ITM,mid,100.0,1,245.0,OPPORTUNITY/HINDSIGHT,09:40,13:45,,,,
2026-02-25,META,call,ITM,market,20.0,4,310.0,OPPORTUNITY/HINDSIGHT,09:35,13:25,13:25,13:45,14:05,14:15
2026-02-25,META,call,ITM,market,25.0,4,270.0,OPPORTUNITY/HINDSIGHT,09:35,13:40,14:55,15:00,15:05,15:20
2026-02-25,META,call,ITM,market,30.0,3,265.0,OPPORTUNITY/HINDSIGHT,09:35,13:40,14:55,15:00,15:05,15:20
2026-02-25,META,call,ITM,market,40.0,2,275.0,OPPORTUNITY/HINDSIGHT,09:35,13:40,14:55,15:25,,
2026-02-25,META,call,ITM,market,50.0,2,275.0,OPPORTUNITY/HINDSIGHT,09:35,13:40,14:55,15:25,,
2026-02-25,META,call,ITM,market,60.0,2,280.0,OPPORTUNITY/HINDSIGHT,09:35,13:45,14:55,15:25,,
2026-02-25,META,call,ITM,market,70.0,2,270.0,OPPORTUNITY/HINDSIGHT,09:40,13:40,14:55,15:25,,
2026-02-25,META,call,ITM,market,75.0,2,260.0,OPPORTUNITY/HINDSIGHT,09:40,13:40,15:05,15:25,,
2026-02-25,META,call,ITM,market,80.0,2,260.0,OPPORTUNITY/HINDSIGHT,09:40,13:40,15:05,15:25,,
2026-02-25,META,call,ITM,market,90.0,1,240.0,OPPORTUNITY/HINDSIGHT,09:40,13:40,,,,
2026-02-25,META,call,ITM,market,100.0,1,245.0,OPPORTUNITY/HINDSIGHT,09:40,13:45,,,,
2026-02-25,META,call,ATM,mid,20.0,7,305.0,OPPORTUNITY/HINDSIGHT,09:35,13:40,13:40,13:45,13:50,13:55
2026-02-25,META,call,ATM,mid,25.0,6,300.0,OPPORTUNITY/HINDSIGHT,09:35,13:40,13:50,13:55,14:05,14:15
2026-02-25,META,call,ATM,mid,30.0,6,300.0,OPPORTUNITY/HINDSIGHT,09:35,13:40,13:50,13:55,14:05,14:15
2026-02-25,META,call,ATM,mid,40.0,5,290.0,OPPORTUNITY/HINDSIGHT,09:35,13:40,14:05,14:15,14:35,14:40
2026-02-25,META,call,ATM,mid,50.0,3,275.0,OPPORTUNITY/HINDSIGHT,09:35,13:40,14:55,15:00,15:00,15:25
2026-02-25,META,call,ATM,mid,60.0,4,270.0,OPPORTUNITY/HINDSIGHT,09:35,13:40,14:55,15:00,15:05,15:10
2026-02-25,META,call,ATM,mid,70.0,4,275.0,OPPORTUNITY/HINDSIGHT,09:35,13:45,14:55,15:00,15:05,15:10
2026-02-25,META,call,ATM,mid,75.0,4,275.0,OPPORTUNITY/HINDSIGHT,09:35,13:45,14:55,15:00,15:05,15:20
2026-02-25,META,call,ATM,mid,80.0,4,275.0,OPPORTUNITY/HINDSIGHT,09:35,13:45,14:55,15:00,15:05,15:20
2026-02-25,META,call,ATM,mid,90.0,5,260.0,OPPORTUNITY/HINDSIGHT,09:40,13:25,13:30,13:40,14:55,15:00
2026-02-25,META,call,ATM,mid,100.0,4,255.0,OPPORTUNITY/HINDSIGHT,09:40,13:25,13:30,13:40,14:55,15:00
2026-02-25,META,call,ATM,market,20.0,6,300.0,OPPORTUNITY/HINDSIGHT,09:35,13:40,13:50,13:55,14:05,14:15
2026-02-25,META,call,ATM,market,25.0,6,300.0,OPPORTUNITY/HINDSIGHT,09:35,13:40,13:50,13:55,14:05,14:15
2026-02-25,META,call,ATM,market,30.0,4,315.0,OPPORTUNITY/HINDSIGHT,09:35,13:40,13:50,13:55,14:05,14:15
2026-02-25,META,call,ATM,market,40.0,3,305.0,OPPORTUNITY/HINDSIGHT,09:35,13:40,14:05,14:15,14:35,15:25
2026-02-25,META,call,ATM,market,50.0,4,270.0,OPPORTUNITY/HINDSIGHT,09:35,13:40,14:55,15:00,15:05,15:10
2026-02-25,META,call,ATM,market,60.0,4,275.0,OPPORTUNITY/HINDSIGHT,09:35,13:45,14:55,15:00,15:05,15:10
2026-02-25,META,call,ATM,market,70.0,4,275.0,OPPORTUNITY/HINDSIGHT,09:35,13:45,14:55,15:00,15:05,15:20
2026-02-25,META,call,ATM,market,75.0,4,275.0,OPPORTUNITY/HINDSIGHT,09:35,13:45,14:55,15:00,15:05,15:20
2026-02-25,META,call,ATM,market,80.0,5,260.0,OPPORTUNITY/HINDSIGHT,09:40,13:25,13:30,13:40,14:55,15:00
2026-02-25,META,call,ATM,market,90.0,4,255.0,OPPORTUNITY/HINDSIGHT,09:40,13:25,13:30,13:40,14:55,15:00
2026-02-25,META,call,ATM,market,100.0,3,260.0,OPPORTUNITY/HINDSIGHT,09:40,13:40,14:55,15:00,15:05,15:20
2026-02-25,META,call,OTM1,mid,20.0,7,305.0,OPPORTUNITY/HINDSIGHT,09:35,13:40,13:40,13:45,13:50,13:55
2026-02-25,META,call,OTM1,mid,25.0,7,305.0,OPPORTUNITY/HINDSIGHT,09:35,13:40,13:40,13:45,13:50,13:55
2026-02-25,META,call,OTM1,mid,30.0,7,305.0,OPPORTUNITY/HINDSIGHT,09:35,13:40,13:40,13:45,13:50,13:55
2026-02-25,META,call,OTM1,mid,40.0,6,305.0,OPPORTUNITY/HINDSIGHT,09:35,13:45,13:50,13:55,14:05,14:15
2026-02-25,META,call,OTM1,mid,50.0,6,300.0,OPPORTUNITY/HINDSIGHT,09:35,13:45,13:50,13:55,14:05,14:15
2026-02-25,META,call,OTM1,mid,60.0,6,295.0,OPPORTUNITY/HINDSIGHT,09:35,13:45,13:50,13:55,14:05,14:15
2026-02-25,META,call,OTM1,mid,70.0,6,285.0,OPPORTUNITY/HINDSIGHT,09:40,13:25,13:25,13:45,14:05,14:15
2026-02-25,META,call,OTM1,mid,75.0,5,275.0,OPPORTUNITY/HINDSIGHT,09:40,13:25,13:25,13:45,14:35,14:40
2026-02-25,META,call,OTM1,mid,80.0,5,275.0,OPPORTUNITY/HINDSIGHT,09:40,13:25,13:25,13:45,14:35,14:40
2026-02-25,META,call,OTM1,mid,90.0,4,270.0,OPPORTUNITY/HINDSIGHT,09:40,13:25,13:25,13:45,14:55,15:00
2026-02-25,META,call,OTM1,mid,100.0,4,270.0,OPPORTUNITY/HINDSIGHT,09:40,13:25,13:25,13:45,14:55,15:00
2026-02-25,META,call,OTM1,market,20.0,7,305.0,OPPORTUNITY/HINDSIGHT,09:35,13:40,13:40,13:45,13:50,13:55
2026-02-25,META,call,OTM1,market,25.0,7,305.0,OPPORTUNITY/HINDSIGHT,09:35,13:40,13:40,13:45,13:50,13:55
2026-02-25,META,call,OTM1,market,30.0,6,300.0,OPPORTUNITY/HINDSIGHT,09:35,13:40,13:50,13:55,14:05,14:15
2026-02-25,META,call,OTM1,market,40.0,6,305.0,OPPORTUNITY/HINDSIGHT,09:35,13:45,13:50,13:55,14:05,14:15
2026-02-25,META,call,OTM1,market,50.0,6,295.0,OPPORTUNITY/HINDSIGHT,09:35,13:45,13:50,13:55,14:05,14:15
2026-02-25,META,call,OTM1,market,60.0,5,290.0,OPPORTUNITY/HINDSIGHT,09:35,13:45,14:05,14:15,14:35,14:40
2026-02-25,META,call,OTM1,market,70.0,5,275.0,OPPORTUNITY/HINDSIGHT,09:40,13:25,13:25,13:45,14:35,14:40
2026-02-25,META,call,OTM1,market,75.0,5,275.0,OPPORTUNITY/HINDSIGHT,09:40,13:25,13:25,13:45,14:35,14:40
2026-02-25,META,call,OTM1,market,80.0,4,270.0,OPPORTUNITY/HINDSIGHT,09:40,13:25,13:25,13:45,14:55,15:00
2026-02-25,META,call,OTM1,market,90.0,4,270.0,OPPORTUNITY/HINDSIGHT,09:40,13:25,13:25,13:45,14:55,15:00
2026-02-25,META,call,OTM1,market,100.0,4,260.0,OPPORTUNITY/HINDSIGHT,09:40,13:25,13:30,13:40,14:55,15:00
2026-02-25,META,call,OTM2+,mid,20.0,2,240.0,OPPORTUNITY/HINDSIGHT,09:40,09:55,09:55,13:40,,
2026-02-25,META,call,OTM2+,mid,25.0,2,240.0,OPPORTUNITY/HINDSIGHT,09:40,09:55,09:55,13:40,,
2026-02-25,META,call,OTM2+,mid,30.0,2,240.0,OPPORTUNITY/HINDSIGHT,09:40,09:55,09:55,13:40,,
2026-02-25,META,call,OTM2+,mid,40.0,2,240.0,OPPORTUNITY/HINDSIGHT,09:40,13:25,13:25,13:40,,
2026-02-25,META,call,OTM2+,mid,50.0,2,240.0,OPPORTUNITY/HINDSIGHT,09:40,13:25,13:25,13:40,,
2026-02-25,META,call,OTM2+,mid,60.0,2,240.0,OPPORTUNITY/HINDSIGHT,09:40,13:25,13:25,13:40,,
2026-02-25,META,call,OTM2+,mid,70.0,2,240.0,OPPORTUNITY/HINDSIGHT,09:40,13:25,13:25,13:40,,
2026-02-25,META,call,OTM2+,mid,75.0,2,240.0,OPPORTUNITY/HINDSIGHT,09:40,13:25,13:25,13:40,,
2026-02-25,META,call,OTM2+,mid,80.0,2,240.0,OPPORTUNITY/HINDSIGHT,09:40,13:25,13:25,13:40,,
2026-02-25,META,call,OTM2+,mid,90.0,2,240.0,OPPORTUNITY/HINDSIGHT,09:40,13:25,13:25,13:40,,
2026-02-25,META,call,OTM2+,mid,100.0,1,240.0,OPPORTUNITY/HINDSIGHT,09:40,13:40,,,,
2026-02-25,META,call,OTM2+,market,20.0,2,240.0,OPPORTUNITY/HINDSIGHT,09:40,09:55,09:55,13:40,,
2026-02-25,META,call,OTM2+,market,25.0,2,240.0,OPPORTUNITY/HINDSIGHT,09:40,09:55,09:55,13:40,,
2026-02-25,META,call,OTM2+,market,30.0,2,240.0,OPPORTUNITY/HINDSIGHT,09:40,09:55,09:55,13:40,,
2026-02-25,META,call,OTM2+,market,40.0,2,240.0,OPPORTUNITY/HINDSIGHT,09:40,13:25,13:25,13:40,,
2026-02-25,META,call,OTM2+,market,50.0,2,240.0,OPPORTUNITY/HINDSIGHT,09:40,13:25,13:25,13:40,,
2026-02-25,META,call,OTM2+,market,60.0,2,240.0,OPPORTUNITY/HINDSIGHT,09:40,13:25,13:25,13:40,,
2026-02-25,META,call,OTM2+,market,70.0,2,240.0,OPPORTUNITY/HINDSIGHT,09:40,13:25,13:25,13:40,,
2026-02-25,META,call,OTM2+,market,75.0,2,240.0,OPPORTUNITY/HINDSIGHT,09:40,13:25,13:25,13:40,,
2026-02-25,META,call,OTM2+,market,80.0,2,240.0,OPPORTUNITY/HINDSIGHT,09:40,13:25,13:25,13:40,,
2026-02-25,META,call,OTM2+,market,90.0,1,240.0,OPPORTUNITY/HINDSIGHT,09:40,13:40,,,,
2026-02-25,META,call,OTM2+,market,100.0,1,240.0,OPPORTUNITY/HINDSIGHT,09:40,13:40,,,,
2026-02-25,META,put,OTM2+,mid,20.0,8,185.0,OPPORTUNITY/HINDSIGHT,09:35,09:40,09:55,10:00,11:40,11:45
2026-02-25,META,put,OTM2+,mid,25.0,8,185.0,OPPORTUNITY/HINDSIGHT,09:35,09:40,09:55,10:00,11:40,11:45
2026-02-25,META,put,OTM2+,mid,30.0,7,190.0,OPPORTUNITY/HINDSIGHT,09:35,09:40,09:55,10:00,11:40,11:45
2026-02-25,META,put,OTM2+,mid,40.0,7,195.0,OPPORTUNITY/HINDSIGHT,09:35,09:40,09:55,10:00,11:40,11:45
2026-02-25,META,put,OTM2+,mid,50.0,6,195.0,OPPORTUNITY/HINDSIGHT,09:35,09:40,09:55,10:00,11:40,11:45
2026-02-25,META,put,OTM2+,mid,60.0,6,200.0,OPPORTUNITY/HINDSIGHT,09:35,09:40,09:55,10:00,11:40,11:45
2026-02-25,META,put,OTM2+,mid,70.0,6,200.0,OPPORTUNITY/HINDSIGHT,09:35,09:40,09:55,10:00,11:40,11:45
2026-02-25,META,put,OTM2+,mid,75.0,6,195.0,OPPORTUNITY/HINDSIGHT,09:35,09:40,09:55,10:00,11:40,11:45
2026-02-25,META,put,OTM2+,mid,80.0,6,195.0,OPPORTUNITY/HINDSIGHT,09:35,09:40,09:55,10:00,11:40,11:45
2026-02-25,META,put,OTM2+,mid,90.0,6,195.0,OPPORTUNITY/HINDSIGHT,09:35,09:40,09:55,10:00,11:40,11:45
2026-02-25,META,put,OTM2+,mid,100.0,6,195.0,OPPORTUNITY/HINDSIGHT,09:35,09:40,09:55,10:00,11:40,11:45
2026-02-25,META,put,OTM2+,market,20.0,8,185.0,OPPORTUNITY/HINDSIGHT,09:35,09:40,09:55,10:00,11:40,11:45
2026-02-25,META,put,OTM2+,market,25.0,7,190.0,OPPORTUNITY/HINDSIGHT,09:35,09:40,09:55,10:00,11:40,11:45
2026-02-25,META,put,OTM2+,market,30.0,7,190.0,OPPORTUNITY/HINDSIGHT,09:35,09:40,09:55,10:00,11:40,11:45
2026-02-25,META,put,OTM2+,market,40.0,6,195.0,OPPORTUNITY/HINDSIGHT,09:35,09:40,09:55,10:00,11:40,11:45
2026-02-25,META,put,OTM2+,market,50.0,6,200.0,OPPORTUNITY/HINDSIGHT,09:35,09:40,09:55,10:00,11:40,11:45
2026-02-25,META,put,OTM2+,market,60.0,6,200.0,OPPORTUNITY/HINDSIGHT,09:35,09:40,09:55,10:00,11:40,11:45
2026-02-25,META,put,OTM2+,market,70.0,6,195.0,OPPORTUNITY/HINDSIGHT,09:35,09:40,09:55,10:00,11:40,11:45
2026-02-25,META,put,OTM2+,market,75.0,6,195.0,OPPORTUNITY/HINDSIGHT,09:35,09:40,09:55,10:00,11:40,11:45
2026-02-25,META,put,OTM2+,market,80.0,6,195.0,OPPORTUNITY/HINDSIGHT,09:35,09:40,09:55,10:00,11:40,11:45
2026-02-25,META,put,OTM2+,market,90.0,6,195.0,OPPORTUNITY/HINDSIGHT,09:35,09:40,09:55,10:00,11:40,11:45
2026-02-25,META,put,OTM2+,market,100.0,6,205.0,OPPORTUNITY/HINDSIGHT,09:35,09:40,09:55,10:05,11:40,11:45
2026-02-25,META,put,OTM1,mid,20.0,8,300.0,OPPORTUNITY/HINDSIGHT,09:35,09:40,09:40,10:00,10:00,10:05
2026-02-25,META,put,OTM1,mid,25.0,8,300.0,OPPORTUNITY/HINDSIGHT,09:35,09:40,09:40,10:00,10:00,10:05
2026-02-25,META,put,OTM1,mid,30.0,8,300.0,OPPORTUNITY/HINDSIGHT,09:35,09:40,09:40,10:00,10:00,10:05
2026-02-25,META,put,OTM1,mid,40.0,7,310.0,OPPORTUNITY/HINDSIGHT,09:35,09:40,09:40,10:05,10:05,10:10
2026-02-25,META,put,OTM1,mid,50.0,7,320.0,OPPORTUNITY/HINDSIGHT,09:35,09:40,09:40,10:05,10:05,10:20
2026-02-25,META,put,OTM1,mid,60.0,7,310.0,OPPORTUNITY/HINDSIGHT,09:35,09:40,09:40,10:05,10:05,10:20
2026-02-25,META,put,OTM1,mid,70.0,7,310.0,OPPORTUNITY/HINDSIGHT,09:35,09:40,09:40,10:05,10:05,10:20
2026-02-25,META,put,OTM1,mid,75.0,7,310.0,OPPORTUNITY/HINDSIGHT,09:35,09:40,09:40,10:05,10:05,10:20
2026-02-25,META,put,OTM1,mid,80.0,8,310.0,OPPORTUNITY/HINDSIGHT,09:35,09:40,09:40,10:05,10:05,10:25
2026-02-25,META,put,OTM1,mid,90.0,7,300.0,OPPORTUNITY/HINDSIGHT,09:35,09:40,09:40,10:05,10:05,10:25
2026-02-25,META,put,OTM1,mid,100.0,6,280.0,OPPORTUNITY/HINDSIGHT,09:35,10:00,10:00,10:10,10:45,10:55
2026-02-25,META,put,OTM1,market,20.0,8,300.0,OPPORTUNITY/HINDSIGHT,09:35,09:40,09:40,10:00,10:00,10:05
2026-02-25,META,put,OTM1,market,25.0,8,300.0,OPPORTUNITY/HINDSIGHT,09:35,09:40,09:40,10:00,10:00,10:05
2026-02-25,META,put,OTM1,market,30.0,8,305.0,OPPORTUNITY/HINDSIGHT,09:35,09:40,09:40,10:00,10:00,10:05
2026-02-25,META,put,OTM1,market,40.0,7,310.0,OPPORTUNITY/HINDSIGHT,09:35,09:40,09:40,10:05,10:05,10:10
2026-02-25,META,put,OTM1,market,50.0,7,310.0,OPPORTUNITY/HINDSIGHT,09:35,09:40,09:40,10:05,10:05,10:20
2026-02-25,META,put,OTM1,market,60.0,7,310.0,OPPORTUNITY/HINDSIGHT,09:35,09:40,09:40,10:05,10:05,10:20
2026-02-25,META,put,OTM1,market,70.0,8,310.0,OPPORTUNITY/HINDSIGHT,09:35,09:40,09:40,10:05,10:05,10:25
2026-02-25,META,put,OTM1,market,75.0,8,310.0,OPPORTUNITY/HINDSIGHT,09:35,09:40,09:40,10:05,10:05,10:25
2026-02-25,META,put,OTM1,market,80.0,7,300.0,OPPORTUNITY/HINDSIGHT,09:35,09:40,09:40,10:05,10:05,10:25
2026-02-25,META,put,OTM1,market,90.0,6,285.0,OPPORTUNITY/HINDSIGHT,09:35,10:00,10:00,10:10,10:45,10:55
2026-02-25,META,put,OTM1,market,100.0,6,295.0,OPPORTUNITY/HINDSIGHT,09:35,10:00,10:00,10:20,10:45,10:55
2026-02-25,META,put,ATM,mid,20.0,10,345.0,OPPORTUNITY/HINDSIGHT,09:35,09:40,09:40,10:00,10:00,10:05
2026-02-25,META,put,ATM,mid,25.0,9,345.0,OPPORTUNITY/HINDSIGHT,09:35,09:40,09:40,10:00,10:00,10:05
2026-02-25,META,put,ATM,mid,30.0,8,345.0,OPPORTUNITY/HINDSIGHT,09:35,09:40,09:40,10:05,10:05,10:10
2026-02-25,META,put,ATM,mid,40.0,8,340.0,OPPORTUNITY/HINDSIGHT,09:35,09:40,09:40,10:05,10:05,10:20
2026-02-25,META,put,ATM,mid,50.0,7,340.0,OPPORTUNITY/HINDSIGHT,09:35,09:40,09:40,10:05,10:05,10:20
2026-02-25,META,put,ATM,mid,60.0,5,335.0,OPPORTUNITY/HINDSIGHT,09:35,09:40,09:40,10:05,10:05,10:25
2026-02-25,META,put,ATM,mid,70.0,5,330.0,OPPORTUNITY/HINDSIGHT,09:35,10:00,10:00,10:10,10:15,10:25
2026-02-25,META,put,ATM,mid,75.0,5,310.0,OPPORTUNITY/HINDSIGHT,09:35,10:00,10:00,10:20,10:40,10:55
2026-02-25,META,put,ATM,mid,80.0,5,310.0,OPPORTUNITY/HINDSIGHT,09:35,10:00,10:00,10:20,10:40,10:55
2026-02-25,META,put,ATM,mid,90.0,5,310.0,OPPORTUNITY/HINDSIGHT,09:35,10:00,10:00,10:20,10:40,10:55
2026-02-25,META,put,ATM,mid,100.0,3,290.0,OPPORTUNITY/HINDSIGHT,09:35,10:05,10:45,10:55,11:35,15:45
2026-02-25,META,put,ATM,market,20.0,9,345.0,OPPORTUNITY/HINDSIGHT,09:35,09:40,09:40,10:00,10:00,10:05
2026-02-25,META,put,ATM,market,25.0,8,345.0,OPPORTUNITY/HINDSIGHT,09:35,09:40,09:40,10:05,10:05,10:10
2026-02-25,META,put,ATM,market,30.0,8,340.0,OPPORTUNITY/HINDSIGHT,09:35,09:40,09:40,10:05,10:05,10:20
2026-02-25,META,put,ATM,market,40.0,7,340.0,OPPORTUNITY/HINDSIGHT,09:35,09:40,09:40,10:05,10:05,10:20
2026-02-25,META,put,ATM,market,50.0,5,345.0,OPPORTUNITY/HINDSIGHT,09:35,09:40,09:40,10:05,10:05,10:25
2026-02-25,META,put,ATM,market,60.0,5,335.0,OPPORTUNITY/HINDSIGHT,09:35,10:00,10:00,10:10,10:10,10:25
2026-02-25,META,put,ATM,market,70.0,5,310.0,OPPORTUNITY/HINDSIGHT,09:35,10:00,10:00,10:20,10:40,10:55
2026-02-25,META,put,ATM,market,75.0,5,310.0,OPPORTUNITY/HINDSIGHT,09:35,10:00,10:00,10:20,10:40,10:55
2026-02-25,META,put,ATM,market,80.0,5,310.0,OPPORTUNITY/HINDSIGHT,09:35,10:00,10:00,10:20,10:40,10:55
2026-02-25,META,put,ATM,market,90.0,3,330.0,OPPORTUNITY/HINDSIGHT,09:35,10:05,10:05,10:55,11:35,15:45
2026-02-25,META,put,ATM,market,100.0,2,280.0,OPPORTUNITY/HINDSIGHT,09:35,10:05,11:35,15:45,,
2026-02-25,META,put,ITM,mid,20.0,9,345.0,OPPORTUNITY/HINDSIGHT,09:35,09:40,09:40,10:00,10:00,10:05
2026-02-25,META,put,ITM,mid,25.0,6,355.0,OPPORTUNITY/HINDSIGHT,09:35,09:40,09:40,10:05,10:05,10:20
2026-02-25,META,put,ITM,mid,30.0,5,360.0,OPPORTUNITY/HINDSIGHT,09:35,09:40,09:40,10:05,10:05,10:20
2026-02-25,META,put,ITM,mid,40.0,5,350.0,OPPORTUNITY/HINDSIGHT,09:35,09:40,09:40,10:05,10:05,10:25
2026-02-25,META,put,ITM,mid,50.0,4,335.0,OPPORTUNITY/HINDSIGHT,09:35,10:00,10:00,10:20,10:40,10:55
2026-02-25,META,put,ITM,mid,60.0,4,305.0,OPPORTUNITY/HINDSIGHT,09:35,10:00,10:00,10:20,10:45,10:55
2026-02-25,META,put,ITM,mid,70.0,2,280.0,OPPORTUNITY/HINDSIGHT,09:35,10:05,11:35,15:45,,
2026-02-25,META,put,ITM,mid,75.0,2,280.0,OPPORTUNITY/HINDSIGHT,09:35,10:05,11:35,15:45,,
2026-02-25,META,put,ITM,mid,80.0,2,280.0,OPPORTUNITY/HINDSIGHT,09:35,10:05,11:35,15:45,,
2026-02-25,META,put,ITM,mid,90.0,2,285.0,OPPORTUNITY/HINDSIGHT,09:35,10:10,11:35,15:45,,
2026-02-25,META,put,ITM,mid,100.0,2,290.0,OPPORTUNITY/HINDSIGHT,09:35,10:10,11:35,15:50,,
2026-02-25,META,put,ITM,market,20.0,6,355.0,OPPORTUNITY/HINDSIGHT,09:35,09:40,09:40,10:05,10:05,10:20
2026-02-25,META,put,ITM,market,25.0,5,360.0,OPPORTUNITY/HINDSIGHT,09:35,09:40,09:40,10:05,10:05,10:20
2026-02-25,META,put,ITM,market,30.0,5,355.0,OPPORTUNITY/HINDSIGHT,09:35,09:40,09:40,10:05,10:05,10:25
2026-02-25,META,put,ITM,market,40.0,4,355.0,OPPORTUNITY/HINDSIGHT,09:35,10:00,10:00,10:10,10:10,10:55
2026-02-25,META,put,ITM,market,50.0,5,315.0,OPPORTUNITY/HINDSIGHT,09:35,10:00,10:00,10:20,10:40,10:55
2026-02-25,META,put,ITM,market,60.0,2,280.0,OPPORTUNITY/HINDSIGHT,09:35,10:05,11:35,15:45,,
2026-02-25,META,put,ITM,market,70.0,2,280.0,OPPORTUNITY/HINDSIGHT,09:35,10:05,11:35,15:45,,
2026-02-25,META,put,ITM,market,75.0,2,280.0,OPPORTUNITY/HINDSIGHT,09:35,10:05,11:35,15:45,,
2026-02-25,META,put,ITM,market,80.0,2,285.0,OPPORTUNITY/HINDSIGHT,09:35,10:10,11:35,15:45,,
2026-02-25,META,put,ITM,market,90.0,2,285.0,OPPORTUNITY/HINDSIGHT,09:35,10:10,11:35,15:45,,
2026-02-25,META,put,ITM,market,100.0,2,290.0,OPPORTUNITY/HINDSIGHT,09:35,10:10,11:35,15:50,,
2026-02-26,META,call,ITM,mid,20.0,11,300.0,OPPORTUNITY/HINDSIGHT,09:35,09:40,09:40,09:55,09:55,10:20
2026-02-26,META,call,ITM,mid,25.0,10,295.0,OPPORTUNITY/HINDSIGHT,09:35,09:40,09:40,10:10,10:10,10:40
2026-02-26,META,call,ITM,mid,30.0,9,270.0,OPPORTUNITY/HINDSIGHT,09:35,09:40,09:40,10:10,10:10,11:00
2026-02-26,META,call,ITM,mid,40.0,6,255.0,OPPORTUNITY/HINDSIGHT,09:35,09:50,09:50,10:25,10:25,11:05
2026-02-26,META,call,ITM,mid,50.0,6,245.0,OPPORTUNITY/HINDSIGHT,09:35,09:50,09:50,11:00,11:00,11:05
2026-02-26,META,call,ITM,mid,60.0,4,225.0,OPPORTUNITY/HINDSIGHT,09:35,09:55,09:55,11:00,12:40,13:00
2026-02-26,META,call,ITM,mid,70.0,5,210.0,OPPORTUNITY/HINDSIGHT,09:35,10:10,10:10,11:05,12:40,13:00
2026-02-26,META,call,ITM,mid,75.0,5,210.0,OPPORTUNITY/HINDSIGHT,09:35,10:10,10:10,11:05,12:40,13:00
2026-02-26,META,call,ITM,mid,80.0,5,210.0,OPPORTUNITY/HINDSIGHT,09:35,10:10,10:10,11:05,12:40,13:00
2026-02-26,META,call,ITM,mid,90.0,4,215.0,OPPORTUNITY/HINDSIGHT,09:35,10:10,10:10,11:05,12:45,13:00
2026-02-26,META,call,ITM,mid,100.0,4,185.0,OPPORTUNITY/HINDSIGHT,09:35,10:20,10:50,11:05,12:45,13:00
2026-02-26,META,call,ITM,market,20.0,10,295.0,OPPORTUNITY/HINDSIGHT,09:35,09:40,09:40,10:10,10:10,10:40
2026-02-26,META,call,ITM,market,25.0,9,270.0,OPPORTUNITY/HINDSIGHT,09:35,09:40,09:40,10:10,10:10,11:00
2026-02-26,META,call,ITM,market,30.0,8,260.0,OPPORTUNITY/HINDSIGHT,09:35,09:40,09:40,10:10,10:10,11:00
2026-02-26,META,call,ITM,market,40.0,6,245.0,OPPORTUNITY/HINDSIGHT,09:35,09:50,09:50,10:40,10:40,11:05
2026-02-26,META,call,ITM,market,50.0,4,235.0,OPPORTUNITY/HINDSIGHT,09:35,09:50,09:50,11:00,12:40,13:00
2026-02-26,META,call,ITM,market,60.0,4,225.0,OPPORTUNITY/HINDSIGHT,09:35,09:55,09:55,11:00,12:40,13:00
2026-02-26,META,call,ITM,market,70.0,5,215.0,OPPORTUNITY/HINDSIGHT,09:35,10:10,10:10,11:05,12:40,13:00
2026-02-26,META,call,ITM,market,75.0,5,210.0,OPPORTUNITY/HINDSIGHT,09:35,10:10,10:10,11:05,12:40,13:00
2026-02-26,META,call,ITM,market,80.0,5,205.0,OPPORTUNITY/HINDSIGHT,09:35,10:10,10:10,11:05,12:45,13:00
2026-02-26,META,call,ITM,market,90.0,4,185.0,OPPORTUNITY/HINDSIGHT,09:35,10:20,10:50,11:05,12:45,13:00
2026-02-26,META,call,ITM,market,100.0,3,175.0,OPPORTUNITY/HINDSIGHT,09:35,10:25,12:45,13:00,14:05,15:55
2026-02-26,META,call,ATM,mid,20.0,12,295.0,OPPORTUNITY/HINDSIGHT,09:35,09:40,09:40,09:55,09:55,10:10
2026-02-26,META,call,ATM,mid,25.0,11,295.0,OPPORTUNITY/HINDSIGHT,09:35,09:40,09:40,09:55,09:55,10:10
2026-02-26,META,call,ATM,mid,30.0,13,285.0,OPPORTUNITY/HINDSIGHT,09:35,09:40,09:40,09:55,09:55,10:20
2026-02-26,META,call,ATM,mid,40.0,11,275.0,OPPORTUNITY/HINDSIGHT,09:35,09:40,09:40,10:10,10:10,10:40
2026-02-26,META,call,ATM,mid,50.0,11,255.0,OPPORTUNITY/HINDSIGHT,09:35,09:40,09:40,10:10,10:10,11:00
2026-02-26,META,call,ATM,mid,60.0,9,245.0,OPPORTUNITY/HINDSIGHT,09:35,09:50,09:50,10:25,10:25,11:05
2026-02-26,META,call,ATM,mid,70.0,6,245.0,OPPORTUNITY/HINDSIGHT,09:35,09:50,09:50,11:00,11:00,11:05
2026-02-26,META,call,ATM,mid,75.0,6,245.0,OPPORTUNITY/HINDSIGHT,09:35,09:50,09:50,11:00,11:00,11:05
2026-02-26,META,call,ATM,mid,80.0,6,245.0,OPPORTUNITY/HINDSIGHT,09:35,09:50,09:50,11:00,11:00,11:05
2026-02-26,META,call,ATM,mid,90.0,4,235.0,OPPORTUNITY/HINDSIGHT,09:35,09:55,09:55,11:00,12:40,13:00
2026-02-26,META,call,ATM,mid,100.0,4,235.0,OPPORTUNITY/HINDSIGHT,09:35,09:55,09:55,11:00,12:40,13:00
2026-02-26,META,call,ATM,market,20.0,11,295.0,OPPORTUNITY/HINDSIGHT,09:35,09:40,09:40,09:55,09:55,10:10
2026-02-26,META,call,ATM,market,25.0,12,285.0,OPPORTUNITY/HINDSIGHT,09:35,09:40,09:40,10:10,10:10,10:25
2026-02-26,META,call,ATM,market,30.0,12,280.0,OPPORTUNITY/HINDSIGHT,09:35,09:40,09:40,10:10,10:10,10:40
2026-02-26,META,call,ATM,market,40.0,11,275.0,OPPORTUNITY/HINDSIGHT,09:35,09:40,09:40,10:10,10:10,11:00
2026-02-26,META,call,ATM,market,50.0,9,250.0,OPPORTUNITY/HINDSIGHT,09:35,09:50,09:50,10:25,10:25,11:05
2026-02-26,META,call,ATM,market,60.0,6,250.0,OPPORTUNITY/HINDSIGHT,09:35,09:50,09:50,10:40,10:40,11:05
2026-02-26,META,call,ATM,market,70.0,6,245.0,OPPORTUNITY/HINDSIGHT,09:35,09:50,09:50,11:00,11:00,11:05
2026-02-26,META,call,ATM,market,75.0,6,245.0,OPPORTUNITY/HINDSIGHT,09:35,09:50,09:50,11:00,11:00,11:05
2026-02-26,META,call,ATM,market,80.0,5,240.0,OPPORTUNITY/HINDSIGHT,09:35,09:55,09:55,11:00,11:35,11:40
2026-02-26,META,call,ATM,market,90.0,4,235.0,OPPORTUNITY/HINDSIGHT,09:35,09:55,09:55,11:00,12:40,13:00
2026-02-26,META,call,ATM,market,100.0,4,240.0,OPPORTUNITY/HINDSIGHT,09:35,10:10,10:10,11:05,12:40,13:00
2026-02-26,META,call,OTM1,mid,20.0,15,275.0,OPPORTUNITY/HINDSIGHT,09:35,09:40,09:40,09:50,09:50,10:10
2026-02-26,META,call,OTM1,mid,25.0,14,265.0,OPPORTUNITY/HINDSIGHT,09:35,09:40,09:40,09:55,09:55,10:10
2026-02-26,META,call,OTM1,mid,30.0,14,270.0,OPPORTUNITY/HINDSIGHT,09:35,09:40,09:40,09:55,09:55,10:10
2026-02-26,META,call,OTM1,mid,40.0,12,255.0,OPPORTUNITY/HINDSIGHT,09:35,09:40,09:40,09:55,09:55,10:20
2026-02-26,META,call,OTM1,mid,50.0,12,265.0,OPPORTUNITY/HINDSIGHT,09:35,09:40,09:40,10:10,10:10,10:40
2026-02-26,META,call,OTM1,mid,60.0,11,255.0,OPPORTUNITY/HINDSIGHT,09:35,09:40,09:40,10:10,10:10,11:00
2026-02-26,META,call,OTM1,mid,70.0,11,245.0,OPPORTUNITY/HINDSIGHT,09:35,09:40,09:40,10:10,10:10,11:00
2026-02-26,META,call,OTM1,mid,75.0,10,235.0,OPPORTUNITY/HINDSIGHT,09:35,09:40,09:40,10:10,10:10,11:00
2026-02-26,META,call,OTM1,mid,80.0,10,240.0,OPPORTUNITY/HINDSIGHT,09:35,09:50,09:50,10:25,10:25,11:05
2026-02-26,META,call,OTM1,mid,90.0,9,250.0,OPPORTUNITY/HINDSIGHT,09:35,09:50,09:50,10:40,10:40,11:05
2026-02-26,META,call,OTM1,mid,100.0,8,250.0,OPPORTUNITY/HINDSIGHT,09:35,09:50,09:50,10:40,10:40,11:05
2026-02-26,META,call,OTM1,market,20.0,14,265.0,OPPORTUNITY/HINDSIGHT,09:35,09:40,09:40,09:55,09:55,10:10
2026-02-26,META,call,OTM1,market,25.0,14,270.0,OPPORTUNITY/HINDSIGHT,09:35,09:40,09:40,09:55,09:55,10:10
2026-02-26,META,call,OTM1,market,30.0,12,260.0,OPPORTUNITY/HINDSIGHT,09:35,09:40,09:40,09:55,09:55,10:20
2026-02-26,META,call,OTM1,market,40.0,12,260.0,OPPORTUNITY/HINDSIGHT,09:35,09:40,09:40,10:10,10:10,10:40
2026-02-26,META,call,OTM1,market,50.0,11,260.0,OPPORTUNITY/HINDSIGHT,09:35,09:40,09:40,10:10,10:10,11:00
2026-02-26,META,call,OTM1,market,60.0,11,240.0,OPPORTUNITY/HINDSIGHT,09:35,09:40,09:40,10:10,10:10,11:00
2026-02-26,META,call,OTM1,market,70.0,10,235.0,OPPORTUNITY/HINDSIGHT,09:35,09:40,09:40,10:10,10:10,11:00
2026-02-26,META,call,OTM1,market,75.0,10,240.0,OPPORTUNITY/HINDSIGHT,09:35,09:50,09:50,10:25,10:25,11:05
2026-02-26,META,call,OTM1,market,80.0,9,255.0,OPPORTUNITY/HINDSIGHT,09:35,09:50,09:50,10:40,10:40,11:05
2026-02-26,META,call,OTM1,market,90.0,8,245.0,OPPORTUNITY/HINDSIGHT,09:35,09:50,09:50,10:40,10:40,11:05
2026-02-26,META,call,OTM1,market,100.0,6,235.0,OPPORTUNITY/HINDSIGHT,09:35,09:50,09:50,11:00,11:35,11:40
2026-02-26,META,call,OTM2+,mid,20.0,9,140.0,OPPORTUNITY/HINDSIGHT,09:35,09:40,09:40,09:50,09:50,10:10
2026-02-26,META,call,OTM2+,mid,25.0,7,130.0,OPPORTUNITY/HINDSIGHT,09:35,09:40,09:40,09:50,09:50,10:10
2026-02-26,META,call,OTM2+,mid,30.0,7,130.0,OPPORTUNITY/HINDSIGHT,09:35,09:40,09:40,09:50,09:50,10:10
2026-02-26,META,call,OTM2+,mid,40.0,8,110.0,OPPORTUNITY/HINDSIGHT,09:35,09:40,09:40,09:55,10:00,10:05
2026-02-26,META,call,OTM2+,mid,50.0,7,70.0,OPPORTUNITY/HINDSIGHT,09:35,09:40,09:40,09:55,10:00,10:05
2026-02-26,META,call,OTM2+,mid,60.0,5,75.0,OPPORTUNITY/HINDSIGHT,09:35,09:40,09:40,10:10,12:10,12:15
2026-02-26,META,call,OTM2+,mid,70.0,5,75.0,OPPORTUNITY/HINDSIGHT,09:35,09:40,09:40,10:10,12:10,12:15
2026-02-26,META,call,OTM2+,mid,75.0,5,75.0,OPPORTUNITY/HINDSIGHT,09:35,09:40,09:40,10:10,12:10,12:15
2026-02-26,META,call,OTM2+,mid,80.0,5,70.0,OPPORTUNITY/HINDSIGHT,09:35,09:40,09:40,10:10,12:10,12:15
2026-02-26,META,call,OTM2+,mid,90.0,5,65.0,OPPORTUNITY/HINDSIGHT,09:35,09:40,09:40,10:10,12:10,12:15
2026-02-26,META,call,OTM2+,mid,100.0,5,65.0,OPPORTUNITY/HINDSIGHT,09:35,09:40,09:40,10:10,12:10,12:15
2026-02-26,META,call,OTM2+,market,20.0,7,130.0,OPPORTUNITY/HINDSIGHT,09:35,09:40,09:40,09:50,09:50,10:10
2026-02-26,META,call,OTM2+,market,25.0,7,130.0,OPPORTUNITY/HINDSIGHT,09:35,09:40,09:40,09:50,09:50,10:10
2026-02-26,META,call,OTM2+,market,30.0,8,125.0,OPPORTUNITY/HINDSIGHT,09:35,09:40,09:40,09:55,10:00,10:05
2026-02-26,META,call,OTM2+,market,40.0,7,70.0,OPPORTUNITY/HINDSIGHT,09:35,09:40,09:40,09:55,10:00,10:05
2026-02-26,META,call,OTM2+,market,50.0,5,75.0,OPPORTUNITY/HINDSIGHT,09:35,09:40,09:40,10:10,12:10,12:15
2026-02-26,META,call,OTM2+,market,60.0,5,75.0,OPPORTUNITY/HINDSIGHT,09:35,09:40,09:40,10:10,12:10,12:15
2026-02-26,META,call,OTM2+,market,70.0,5,75.0,OPPORTUNITY/HINDSIGHT,09:35,09:40,09:40,10:10,12:10,12:15
2026-02-26,META,call,OTM2+,market,75.0,5,70.0,OPPORTUNITY/HINDSIGHT,09:35,09:40,09:40,10:10,12:10,12:15
2026-02-26,META,call,OTM2+,market,80.0,5,65.0,OPPORTUNITY/HINDSIGHT,09:35,09:40,09:40,10:10,12:10,12:15
2026-02-26,META,call,OTM2+,market,90.0,5,65.0,OPPORTUNITY/HINDSIGHT,09:35,09:40,09:40,10:10,12:10,12:15
2026-02-26,META,call,OTM2+,market,100.0,4,70.0,OPPORTUNITY/HINDSIGHT,09:35,09:40,09:40,10:20,12:40,13:00
2026-02-26,META,put,OTM2+,mid,20.0,5,255.0,OPPORTUNITY/HINDSIGHT,09:40,10:00,10:10,10:15,10:15,12:40
2026-02-26,META,put,OTM2+,mid,25.0,6,235.0,OPPORTUNITY/HINDSIGHT,09:40,10:00,10:10,10:15,10:15,12:40
2026-02-26,META,put,OTM2+,mid,30.0,5,235.0,OPPORTUNITY/HINDSIGHT,09:40,10:00,10:10,12:40,12:40,12:45
2026-02-26,META,put,OTM2+,mid,40.0,5,235.0,OPPORTUNITY/HINDSIGHT,09:40,10:00,10:10,12:40,12:40,12:45
2026-02-26,META,put,OTM2+,mid,50.0,5,235.0,OPPORTUNITY/HINDSIGHT,09:40,10:00,10:10,12:40,12:40,12:45
2026-02-26,META,put,OTM2+,mid,60.0,3,255.0,OPPORTUNITY/HINDSIGHT,09:40,10:00,10:10,12:40,12:40,14:05
2026-02-26,META,put,OTM2+,mid,70.0,3,245.0,OPPORTUNITY/HINDSIGHT,09:50,10:00,10:10,12:40,12:40,14:05
2026-02-26,META,put,OTM2+,mid,75.0,3,245.0,OPPORTUNITY/HINDSIGHT,09:50,10:00,10:10,12:40,12:40,14:05
2026-02-26,META,put,OTM2+,mid,80.0,3,245.0,OPPORTUNITY/HINDSIGHT,09:50,10:00,10:10,12:40,12:40,14:05
2026-02-26,META,put,OTM2+,mid,90.0,3,245.0,OPPORTUNITY/HINDSIGHT,09:50,10:00,10:10,12:40,12:40,14:05
2026-02-26,META,put,OTM2+,mid,100.0,3,235.0,OPPORTUNITY/HINDSIGHT,09:50,10:00,10:10,12:40,12:50,14:05
2026-02-26,META,put,OTM2+,market,20.0,6,235.0,OPPORTUNITY/HINDSIGHT,09:40,10:00,10:10,10:15,10:15,12:40
2026-02-26,META,put,OTM2+,market,25.0,5,235.0,OPPORTUNITY/HINDSIGHT,09:40,10:00,10:10,12:40,12:40,12:45
2026-02-26,META,put,OTM2+,market,30.0,5,235.0,OPPORTUNITY/HINDSIGHT,09:40,10:00,10:10,12:40,12:40,12:45
2026-02-26,META,put,OTM2+,market,40.0,5,235.0,OPPORTUNITY/HINDSIGHT,09:40,10:00,10:10,12:40,12:40,12:45
2026-02-26,META,put,OTM2+,market,50.0,5,235.0,OPPORTUNITY/HINDSIGHT,09:40,10:00,10:10,12:40,12:40,12:45
2026-02-26,META,put,OTM2+,market,60.0,3,255.0,OPPORTUNITY/HINDSIGHT,09:40,10:00,10:10,12:40,12:40,14:05
2026-02-26,META,put,OTM2+,market,70.0,3,245.0,OPPORTUNITY/HINDSIGHT,09:50,10:00,10:10,12:40,12:40,14:05
2026-02-26,META,put,OTM2+,market,75.0,3,245.0,OPPORTUNITY/HINDSIGHT,09:50,10:00,10:10,12:40,12:40,14:05
2026-02-26,META,put,OTM2+,market,80.0,3,245.0,OPPORTUNITY/HINDSIGHT,09:50,10:00,10:10,12:40,12:40,14:05
2026-02-26,META,put,OTM2+,market,90.0,3,235.0,OPPORTUNITY/HINDSIGHT,09:50,10:00,10:10,12:40,12:50,14:05
2026-02-26,META,put,OTM2+,market,100.0,3,235.0,OPPORTUNITY/HINDSIGHT,09:50,10:00,10:10,12:40,12:50,14:05
2026-02-26,META,put,OTM1,mid,20.0,5,310.0,OPPORTUNITY/HINDSIGHT,09:40,10:00,10:00,14:05,14:10,14:15
2026-02-26,META,put,OTM1,mid,25.0,4,305.0,OPPORTUNITY/HINDSIGHT,09:40,10:00,10:00,14:05,14:30,15:05
2026-02-26,META,put,OTM1,mid,30.0,4,305.0,OPPORTUNITY/HINDSIGHT,09:40,10:00,10:00,14:05,14:30,15:05
2026-02-26,META,put,OTM1,mid,40.0,4,300.0,OPPORTUNITY/HINDSIGHT,09:40,10:00,10:05,14:05,14:30,15:05
2026-02-26,META,put,OTM1,mid,50.0,4,300.0,OPPORTUNITY/HINDSIGHT,09:40,10:00,10:05,14:05,14:30,15:05
2026-02-26,META,put,OTM1,mid,60.0,3,305.0,OPPORTUNITY/HINDSIGHT,09:40,14:05,14:30,15:05,15:25,15:30
2026-02-26,META,put,OTM1,mid,70.0,3,310.0,OPPORTUNITY/HINDSIGHT,09:40,14:05,14:30,15:10,15:25,15:30
2026-02-26,META,put,OTM1,mid,75.0,3,310.0,OPPORTUNITY/HINDSIGHT,09:40,14:05,14:30,15:10,15:25,15:30
2026-02-26,META,put,OTM1,mid,80.0,3,310.0,OPPORTUNITY/HINDSIGHT,09:40,14:05,14:30,15:10,15:25,15:30
2026-02-26,META,put,OTM1,mid,90.0,3,310.0,OPPORTUNITY/HINDSIGHT,09:40,14:05,14:30,15:10,15:25,15:30
2026-02-26,META,put,OTM1,mid,100.0,3,310.0,OPPORTUNITY/HINDSIGHT,09:40,14:05,14:30,15:10,15:25,15:30
2026-02-26,META,put,OTM1,market,20.0,4,305.0,OPPORTUNITY/HINDSIGHT,09:40,10:00,10:00,14:05,14:30,15:05
2026-02-26,META,put,OTM1,market,25.0,4,305.0,OPPORTUNITY/HINDSIGHT,09:40,10:00,10:00,14:05,14:30,15:05
2026-02-26,META,put,OTM1,market,30.0,4,300.0,OPPORTUNITY/HINDSIGHT,09:40,10:00,10:05,14:05,14:30,15:05
2026-02-26,META,put,OTM1,market,40.0,4,300.0,OPPORTUNITY/HINDSIGHT,09:40,10:00,10:05,14:05,14:30,15:05
2026-02-26,META,put,OTM1,market,50.0,3,305.0,OPPORTUNITY/HINDSIGHT,09:40,14:05,14:30,15:05,15:25,15:30
2026-02-26,META,put,OTM1,market,60.0,3,310.0,OPPORTUNITY/HINDSIGHT,09:40,14:05,14:30,15:10,15:25,15:30
2026-02-26,META,put,OTM1,market,70.0,3,310.0,OPPORTUNITY/HINDSIGHT,09:40,14:05,14:30,15:10,15:25,15:30
2026-02-26,META,put,OTM1,market,75.0,3,310.0,OPPORTUNITY/HINDSIGHT,09:40,14:05,14:30,15:10,15:25,15:30
2026-02-26,META,put,OTM1,market,80.0,3,310.0,OPPORTUNITY/HINDSIGHT,09:40,14:05,14:30,15:10,15:25,15:30
2026-02-26,META,put,OTM1,market,90.0,3,310.0,OPPORTUNITY/HINDSIGHT,09:40,14:05,14:30,15:10,15:25,15:30
2026-02-26,META,put,OTM1,market,100.0,4,295.0,OPPORTUNITY/HINDSIGHT,09:50,10:00,10:05,14:05,14:30,15:10
2026-02-26,META,put,ATM,mid,20.0,4,340.0,OPPORTUNITY/HINDSIGHT,09:35,14:05,14:10,15:10,15:15,15:20
2026-02-26,META,put,ATM,mid,25.0,3,345.0,OPPORTUNITY/HINDSIGHT,09:35,14:05,14:10,15:20,15:25,15:30
2026-02-26,META,put,ATM,mid,30.0,3,335.0,OPPORTUNITY/HINDSIGHT,09:35,14:05,14:20,15:20,15:25,15:30
2026-02-26,META,put,ATM,mid,40.0,3,320.0,OPPORTUNITY/HINDSIGHT,09:35,14:05,14:25,15:10,15:15,15:20
2026-02-26,META,put,ATM,mid,50.0,3,315.0,OPPORTUNITY/HINDSIGHT,09:40,14:05,14:25,15:10,15:15,15:20
2026-02-26,META,put,ATM,mid,60.0,3,315.0,OPPORTUNITY/HINDSIGHT,09:40,14:05,14:25,15:10,15:15,15:20
2026-02-26,META,put,ATM,mid,70.0,3,315.0,OPPORTUNITY/HINDSIGHT,09:40,14:05,14:25,15:10,15:15,15:20
2026-02-26,META,put,ATM,mid,75.0,3,315.0,OPPORTUNITY/HINDSIGHT,09:40,14:05,14:25,15:10,15:15,15:20
2026-02-26,META,put,ATM,mid,80.0,3,315.0,OPPORTUNITY/HINDSIGHT,09:40,14:05,14:25,15:10,15:15,15:20
2026-02-26,META,put,ATM,mid,90.0,2,320.0,OPPORTUNITY/HINDSIGHT,09:40,14:05,14:25,15:20,,
2026-02-26,META,put,ATM,mid,100.0,2,315.0,OPPORTUNITY/HINDSIGHT,09:40,14:05,14:30,15:20,,
2026-02-26,META,put,ATM,market,20.0,3,345.0,OPPORTUNITY/HINDSIGHT,09:35,14:05,14:10,15:20,15:25,15:30
2026-02-26,META,put,ATM,market,25.0,3,335.0,OPPORTUNITY/HINDSIGHT,09:35,14:05,14:20,15:20,15:25,15:30
2026-02-26,META,put,ATM,market,30.0,4,325.0,OPPORTUNITY/HINDSIGHT,09:35,14:05,14:25,15:10,15:15,15:20
2026-02-26,META,put,ATM,market,40.0,4,315.0,OPPORTUNITY/HINDSIGHT,09:40,12:45,12:45,14:05,14:25,15:10
2026-02-26,META,put,ATM,market,50.0,3,315.0,OPPORTUNITY/HINDSIGHT,09:40,14:05,14:25,15:10,15:15,15:20
2026-02-26,META,put,ATM,market,60.0,3,315.0,OPPORTUNITY/HINDSIGHT,09:40,14:05,14:25,15:10,15:15,15:20
2026-02-26,META,put,ATM,market,70.0,3,315.0,OPPORTUNITY/HINDSIGHT,09:40,14:05,14:25,15:10,15:15,15:20
2026-02-26,META,put,ATM,market,75.0,3,315.0,OPPORTUNITY/HINDSIGHT,09:40,14:05,14:25,15:10,15:15,15:20
2026-02-26,META,put,ATM,market,80.0,2,320.0,OPPORTUNITY/HINDSIGHT,09:40,14:05,14:25,15:20,,
2026-02-26,META,put,ATM,market,90.0,2,315.0,OPPORTUNITY/HINDSIGHT,09:40,14:05,14:30,15:20,,
2026-02-26,META,put,ATM,market,100.0,3,305.0,OPPORTUNITY/HINDSIGHT,09:40,14:05,14:35,15:10,15:15,15:20
2026-02-26,META,put,ITM,mid,20.0,3,335.0,OPPORTUNITY/HINDSIGHT,09:35,14:05,14:10,15:10,15:15,15:20
2026-02-26,META,put,ITM,mid,25.0,3,335.0,OPPORTUNITY/HINDSIGHT,09:35,14:05,14:10,15:10,15:15,15:20
2026-02-26,META,put,ITM,mid,30.0,3,335.0,OPPORTUNITY/HINDSIGHT,09:35,14:05,14:10,15:10,15:15,15:20
2026-02-26,META,put,ITM,mid,40.0,2,340.0,OPPORTUNITY/HINDSIGHT,09:35,14:05,14:10,15:20,,
2026-02-26,META,put,ITM,mid,50.0,2,340.0,OPPORTUNITY/HINDSIGHT,09:40,13:55,13:55,15:20,,
2026-02-26,META,put,ITM,mid,60.0,3,315.0,OPPORTUNITY/HINDSIGHT,09:40,14:05,14:25,15:10,15:15,15:20
2026-02-26,META,put,ITM,mid,70.0,2,305.0,OPPORTUNITY/HINDSIGHT,09:40,14:05,14:40,15:20,,
2026-02-26,META,put,ITM,mid,75.0,3,295.0,OPPORTUNITY/HINDSIGHT,09:40,14:05,14:45,15:10,15:15,15:20
2026-02-26,META,put,ITM,mid,80.0,3,295.0,OPPORTUNITY/HINDSIGHT,09:40,14:05,14:45,15:10,15:15,15:20
2026-02-26,META,put,ITM,mid,90.0,2,285.0,OPPORTUNITY/HINDSIGHT,09:40,14:05,15:00,15:20,,
2026-02-26,META,put,ITM,mid,100.0,1,255.0,OPPORTUNITY/HINDSIGHT,09:50,14:05,,,,
2026-02-26,META,put,ITM,market,20.0,3,335.0,OPPORTUNITY/HINDSIGHT,09:35,14:05,14:10,15:10,15:15,15:20
2026-02-26,META,put,ITM,market,25.0,3,335.0,OPPORTUNITY/HINDSIGHT,09:35,14:05,14:10,15:10,15:15,15:20
2026-02-26,META,put,ITM,market,30.0,2,340.0,OPPORTUNITY/HINDSIGHT,09:35,14:05,14:10,15:20,,
2026-02-26,META,put,ITM,market,40.0,4,315.0,OPPORTUNITY/HINDSIGHT,09:40,13:45,13:45,14:05,14:25,15:10
2026-02-26,META,put,ITM,market,50.0,3,315.0,OPPORTUNITY/HINDSIGHT,09:40,14:05,14:25,15:10,15:15,15:20
2026-02-26,META,put,ITM,market,60.0,2,320.0,OPPORTUNITY/HINDSIGHT,09:40,14:05,14:25,15:20,,
2026-02-26,META,put,ITM,market,70.0,3,295.0,OPPORTUNITY/HINDSIGHT,09:40,14:05,14:45,15:10,15:15,15:20
2026-02-26,META,put,ITM,market,75.0,3,295.0,OPPORTUNITY/HINDSIGHT,09:40,14:05,14:45,15:10,15:15,15:20
2026-02-26,META,put,ITM,market,80.0,2,300.0,OPPORTUNITY/HINDSIGHT,09:40,14:05,14:45,15:20,,
2026-02-26,META,put,ITM,market,90.0,1,340.0,OPPORTUNITY/HINDSIGHT,09:40,15:20,,,,
2026-02-26,META,put,ITM,market,100.0,1,255.0,OPPORTUNITY/HINDSIGHT,09:50,14:05,,,,
2026-02-27,META,call,ITM,mid,20.0,9,220.0,OPPORTUNITY/HINDSIGHT,09:35,09:40,09:40,09:45,09:45,09:50
2026-02-27,META,call,ITM,mid,25.0,8,215.0,OPPORTUNITY/HINDSIGHT,09:35,09:40,09:40,09:45,09:45,09:50
2026-02-27,META,call,ITM,mid,30.0,6,200.0,OPPORTUNITY/HINDSIGHT,09:35,09:40,09:40,09:45,11:00,13:30
2026-02-27,META,call,ITM,mid,40.0,5,195.0,OPPORTUNITY/HINDSIGHT,09:35,09:40,09:40,09:50,11:05,13:30
2026-02-27,META,call,ITM,mid,50.0,4,190.0,OPPORTUNITY/HINDSIGHT,09:35,09:40,09:40,09:50,11:05,13:30
2026-02-27,META,call,ITM,mid,60.0,3,190.0,OPPORTUNITY/HINDSIGHT,09:35,09:45,11:05,13:30,13:35,14:10
2026-02-27,META,call,ITM,mid,70.0,3,190.0,OPPORTUNITY/HINDSIGHT,09:35,09:45,11:05,13:30,13:35,14:10
2026-02-27,META,call,ITM,mid,75.0,3,150.0,OPPORTUNITY/HINDSIGHT,09:35,09:45,11:45,13:30,13:35,14:10
2026-02-27,META,call,ITM,mid,80.0,3,150.0,OPPORTUNITY/HINDSIGHT,09:35,09:45,11:45,13:30,13:35,14:10
2026-02-27,META,call,ITM,mid,90.0,2,50.0,OPPORTUNITY/HINDSIGHT,09:35,09:50,13:35,14:10,,
2026-02-27,META,call,ITM,mid,100.0,1,15.0,OPPORTUNITY/HINDSIGHT,09:35,09:50,,,,
2026-02-27,META,call,ITM,market,20.0,8,215.0,OPPORTUNITY/HINDSIGHT,09:35,09:40,09:40,09:45,09:45,09:50
2026-02-27,META,call,ITM,market,25.0,6,200.0,OPPORTUNITY/HINDSIGHT,09:35,09:40,09:40,09:45,11:00,13:30
2026-02-27,META,call,ITM,market,30.0,6,200.0,OPPORTUNITY/HINDSIGHT,09:35,09:40,09:40,09:50,11:05,13:30
2026-02-27,META,call,ITM,market,40.0,4,190.0,OPPORTUNITY/HINDSIGHT,09:35,09:40,09:40,09:50,11:05,13:30
2026-02-27,META,call,ITM,market,50.0,3,185.0,OPPORTUNITY/HINDSIGHT,09:35,09:45,11:05,13:30,13:35,14:05
2026-02-27,META,call,ITM,market,60.0,3,190.0,OPPORTUNITY/HINDSIGHT,09:35,09:45,11:05,13:30,13:35,14:10
2026-02-27,META,call,ITM,market,70.0,3,150.0,OPPORTUNITY/HINDSIGHT,09:35,09:45,11:45,13:30,13:35,14:10
2026-02-27,META,call,ITM,market,75.0,3,150.0,OPPORTUNITY/HINDSIGHT,09:35,09:45,11:45,13:30,13:35,14:10
2026-02-27,META,call,ITM,market,80.0,2,50.0,OPPORTUNITY/HINDSIGHT,09:35,09:50,13:35,14:10,,
2026-02-27,META,call,ITM,market,90.0,1,15.0,OPPORTUNITY/HINDSIGHT,09:35,09:50,,,,
2026-02-27,META,call,ITM,market,100.0,1,15.0,OPPORTUNITY/HINDSIGHT,09:35,09:50,,,,
2026-02-27,META,call,ATM,mid,20.0,11,260.0,OPPORTUNITY/HINDSIGHT,09:35,09:40,09:40,09:45,09:45,09:50
2026-02-27,META,call,ATM,mid,25.0,10,265.0,OPPORTUNITY/HINDSIGHT,09:35,09:40,09:40,09:45,09:45,09:50
2026-02-27,META,call,ATM,mid,30.0,11,255.0,OPPORTUNITY/HINDSIGHT,09:35,09:40,09:40,09:45,09:45,09:50
2026-02-27,META,call,ATM,mid,40.0,8,230.0,OPPORTUNITY/HINDSIGHT,09:35,09:40,09:40,09:45,11:05,11:15
2026-02-27,META,call,ATM,mid,50.0,7,245.0,OPPORTUNITY/HINDSIGHT,09:35,09:40,09:40,09:50,11:05,13:30
2026-02-27,META,call,ATM,mid,60.0,7,245.0,OPPORTUNITY/HINDSIGHT,09:35,09:40,09:40,09:50,11:05,13:30
2026-02-27,META,call,ATM,mid,70.0,6,230.0,OPPORTUNITY/HINDSIGHT,09:35,09:40,09:40,09:50,11:05,13:30
2026-02-27,META,call,ATM,mid,75.0,6,230.0,OPPORTUNITY/HINDSIGHT,09:35,09:40,09:40,09:50,11:05,13:30
2026-02-27,META,call,ATM,mid,80.0,5,225.0,OPPORTUNITY/HINDSIGHT,09:35,09:45,11:05,13:30,13:35,14:05
2026-02-27,META,call,ATM,mid,90.0,5,220.0,OPPORTUNITY/HINDSIGHT,09:35,09:45,11:05,13:30,13:35,14:05
2026-02-27,META,call,ATM,mid,100.0,5,195.0,OPPORTUNITY/HINDSIGHT,09:35,09:45,11:30,13:30,13:35,14:05
2026-02-27,META,call,ATM,market,20.0,10,265.0,OPPORTUNITY/HINDSIGHT,09:35,09:40,09:40,09:45,09:45,09:50
2026-02-27,META,call,ATM,market,25.0,11,255.0,OPPORTUNITY/HINDSIGHT,09:35,09:40,09:40,09:45,09:45,09:50
2026-02-27,META,call,ATM,market,30.0,10,245.0,OPPORTUNITY/HINDSIGHT,09:35,09:40,09:40,09:45,09:45,09:50
2026-02-27,META,call,ATM,market,40.0,8,235.0,OPPORTUNITY/HINDSIGHT,09:35,09:40,09:40,09:50,11:05,11:15
2026-02-27,META,call,ATM,market,50.0,7,245.0,OPPORTUNITY/HINDSIGHT,09:35,09:40,09:40,09:50,11:05,13:30
2026-02-27,META,call,ATM,market,60.0,7,230.0,OPPORTUNITY/HINDSIGHT,09:35,09:40,09:40,09:50,11:05,13:30
2026-02-27,META,call,ATM,market,70.0,6,230.0,OPPORTUNITY/HINDSIGHT,09:35,09:40,09:40,09:50,11:05,13:30
2026-02-27,META,call,ATM,market,75.0,5,225.0,OPPORTUNITY/HINDSIGHT,09:35,09:45,11:05,13:30,13:35,14:05
2026-02-27,META,call,ATM,market,80.0,5,220.0,OPPORTUNITY/HINDSIGHT,09:35,09:45,11:05,13:30,13:35,14:05
2026-02-27,META,call,ATM,market,90.0,5,195.0,OPPORTUNITY/HINDSIGHT,09:35,09:45,11:30,13:30,13:35,14:05
2026-02-27,META,call,ATM,market,100.0,5,200.0,OPPORTUNITY/HINDSIGHT,09:35,09:45,11:30,13:30,13:35,14:10
2026-02-27,META,call,OTM1,mid,20.0,14,240.0,OPPORTUNITY/HINDSIGHT,09:35,09:40,09:40,09:45,09:45,09:50
2026-02-27,META,call,OTM1,mid,25.0,11,230.0,OPPORTUNITY/HINDSIGHT,09:35,09:40,09:40,09:45,09:45,09:50
2026-02-27,META,call,OTM1,mid,30.0,10,230.0,OPPORTUNITY/HINDSIGHT,09:35,09:40,09:40,09:45,09:45,09:50
2026-02-27,META,call,OTM1,mid,40.0,10,235.0,OPPORTUNITY/HINDSIGHT,09:35,09:40,09:40,09:45,09:45,09:50
2026-02-27,META,call,OTM1,mid,50.0,9,230.0,OPPORTUNITY/HINDSIGHT,09:35,09:40,09:40,09:45,09:45,09:50
2026-02-27,META,call,OTM1,mid,60.0,7,215.0,OPPORTUNITY/HINDSIGHT,09:35,09:40,09:40,09:45,11:05,11:15
2026-02-27,META,call,OTM1,mid,70.0,7,220.0,OPPORTUNITY/HINDSIGHT,09:35,09:40,09:40,09:50,11:05,11:15
2026-02-27,META,call,OTM1,mid,75.0,6,230.0,OPPORTUNITY/HINDSIGHT,09:35,09:40,09:40,09:50,11:05,13:30
2026-02-27,META,call,OTM1,mid,80.0,6,210.0,OPPORTUNITY/HINDSIGHT,09:35,09:40,09:40,09:50,11:25,13:30
2026-02-27,META,call,OTM1,mid,90.0,6,210.0,OPPORTUNITY/HINDSIGHT,09:35,09:40,09:40,09:50,11:25,13:30
2026-02-27,META,call,OTM1,mid,100.0,5,190.0,OPPORTUNITY/HINDSIGHT,09:35,09:40,09:40,09:50,11:25,13:30
2026-02-27,META,call,OTM1,market,20.0,11,230.0,OPPORTUNITY/HINDSIGHT,09:35,09:40,09:40,09:45,09:45,09:50
2026-02-27,META,call,OTM1,market,25.0,10,230.0,OPPORTUNITY/HINDSIGHT,09:35,09:40,09:40,09:45,09:45,09:50
2026-02-27,META,call,OTM1,market,30.0,10,235.0,OPPORTUNITY/HINDSIGHT,09:35,09:40,09:40,09:45,09:45,09:50
2026-02-27,META,call,OTM1,market,40.0,10,235.0,OPPORTUNITY/HINDSIGHT,09:35,09:40,09:40,09:45,09:45,09:50
2026-02-27,META,call,OTM1,market,50.0,8,225.0,OPPORTUNITY/HINDSIGHT,09:35,09:40,09:40,09:45,10:35,10:45
2026-02-27,META,call,OTM1,market,60.0,7,220.0,OPPORTUNITY/HINDSIGHT,09:35,09:40,09:40,09:50,11:05,11:15
2026-02-27,META,call,OTM1,market,70.0,6,210.0,OPPORTUNITY/HINDSIGHT,09:35,09:40,09:40,09:50,11:25,13:30
2026-02-27,META,call,OTM1,market,75.0,6,210.0,OPPORTUNITY/HINDSIGHT,09:35,09:40,09:40,09:50,11:25,13:30
2026-02-27,META,call,OTM1,market,80.0,6,210.0,OPPORTUNITY/HINDSIGHT,09:35,09:40,09:40,09:50,11:25,13:30
2026-02-27,META,call,OTM1,market,90.0,7,200.0,OPPORTUNITY/HINDSIGHT,09:35,09:40,09:40,09:50,11:25,13:30
2026-02-27,META,call,OTM1,market,100.0,5,190.0,OPPORTUNITY/HINDSIGHT,09:35,09:40,09:40,09:50,11:25,13:30
2026-02-27,META,call,OTM2+,mid,20.0,10,175.0,OPPORTUNITY/HINDSIGHT,09:35,09:40,10:15,10:20,10:35,10:40
2026-02-27,META,call,OTM2+,mid,25.0,10,165.0,OPPORTUNITY/HINDSIGHT,09:35,09:40,10:15,10:20,10:35,10:40
2026-02-27,META,call,OTM2+,mid,30.0,9,160.0,OPPORTUNITY/HINDSIGHT,09:35,09:40,10:15,10:20,10:35,10:40
2026-02-27,META,call,OTM2+,mid,40.0,9,160.0,OPPORTUNITY/HINDSIGHT,09:35,09:40,10:15,10:20,10:35,10:40
2026-02-27,META,call,OTM2+,mid,50.0,7,165.0,OPPORTUNITY/HINDSIGHT,09:35,09:40,10:15,10:20,10:35,10:40
2026-02-27,META,call,OTM2+,mid,60.0,7,165.0,OPPORTUNITY/HINDSIGHT,09:35,09:40,10:15,10:20,10:35,10:40
2026-02-27,META,call,OTM2+,mid,70.0,6,165.0,OPPORTUNITY/HINDSIGHT,09:35,09:40,10:35,10:45,11:05,11:15
2026-02-27,META,call,OTM2+,mid,75.0,6,165.0,OPPORTUNITY/HINDSIGHT,09:35,09:40,10:35,10:45,11:05,11:15
2026-02-27,META,call,OTM2+,mid,80.0,6,165.0,OPPORTUNITY/HINDSIGHT,09:35,09:40,10:35,10:45,11:05,11:15
2026-02-27,META,call,OTM2+,mid,90.0,6,165.0,OPPORTUNITY/HINDSIGHT,09:35,09:40,10:35,10:45,11:05,11:15
2026-02-27,META,call,OTM2+,mid,100.0,5,155.0,OPPORTUNITY/HINDSIGHT,09:35,09:40,10:35,10:45,11:25,13:30
2026-02-27,META,call,OTM2+,market,20.0,10,165.0,OPPORTUNITY/HINDSIGHT,09:35,09:40,10:15,10:20,10:35,10:40
2026-02-27,META,call,OTM2+,market,25.0,9,160.0,OPPORTUNITY/HINDSIGHT,09:35,09:40,10:15,10:20,10:35,10:40
2026-02-27,META,call,OTM2+,market,30.0,9,160.0,OPPORTUNITY/HINDSIGHT,09:35,09:40,10:15,10:20,10:35,10:40
2026-02-27,META,call,OTM2+,market,40.0,7,165.0,OPPORTUNITY/HINDSIGHT,09:35,09:40,10:15,10:20,10:35,10:40
2026-02-27,META,call,OTM2+,market,50.0,7,165.0,OPPORTUNITY/HINDSIGHT,09:35,09:40,10:15,10:20,10:35,10:40
2026-02-27,META,call,OTM2+,market,60.0,6,165.0,OPPORTUNITY/HINDSIGHT,09:35,09:40,10:35,10:45,11:05,11:15
2026-02-27,META,call,OTM2+,market,70.0,6,165.0,OPPORTUNITY/HINDSIGHT,09:35,09:40,10:35,10:45,11:05,11:15
2026-02-27,META,call,OTM2+,market,75.0,6,165.0,OPPORTUNITY/HINDSIGHT,09:35,09:40,10:35,10:45,11:05,11:15
2026-02-27,META,call,OTM2+,market,80.0,6,165.0,OPPORTUNITY/HINDSIGHT,09:35,09:40,10:35,10:45,11:05,11:15
2026-02-27,META,call,OTM2+,market,90.0,5,155.0,OPPORTUNITY/HINDSIGHT,09:35,09:40,10:35,10:45,11:25,13:30
2026-02-27,META,call,OTM2+,market,100.0,4,145.0,OPPORTUNITY/HINDSIGHT,09:35,09:40,11:25,13:30,13:40,13:50
2026-02-27,META,put,OTM2+,mid,20.0,3,70.0,OPPORTUNITY/HINDSIGHT,09:35,10:35,10:45,10:50,10:55,11:00
2026-02-27,META,put,OTM2+,mid,25.0,3,70.0,OPPORTUNITY/HINDSIGHT,09:35,10:35,10:45,10:50,10:55,11:00
2026-02-27,META,put,OTM2+,mid,30.0,3,70.0,OPPORTUNITY/HINDSIGHT,09:35,10:35,10:45,10:50,10:55,11:00
2026-02-27,META,put,OTM2+,mid,40.0,2,75.0,OPPORTUNITY/HINDSIGHT,09:35,10:35,10:45,11:00,,
2026-02-27,META,put,OTM2+,mid,50.0,2,75.0,OPPORTUNITY/HINDSIGHT,09:35,10:35,10:45,11:00,,
2026-02-27,META,put,OTM2+,mid,60.0,2,75.0,OPPORTUNITY/HINDSIGHT,09:35,10:35,10:45,11:00,,
2026-02-27,META,put,OTM2+,mid,70.0,2,75.0,OPPORTUNITY/HINDSIGHT,09:35,10:35,10:45,11:00,,
2026-02-27,META,put,OTM2+,mid,75.0,2,75.0,OPPORTUNITY/HINDSIGHT,09:35,10:35,10:45,11:00,,
2026-02-27,META,put,OTM2+,mid,80.0,2,75.0,OPPORTUNITY/HINDSIGHT,09:35,10:35,10:45,11:00,,
2026-02-27,META,put,OTM2+,mid,90.0,2,75.0,OPPORTUNITY/HINDSIGHT,09:35,10:35,10:45,11:00,,
2026-02-27,META,put,OTM2+,mid,100.0,2,75.0,OPPORTUNITY/HINDSIGHT,09:35,10:35,10:45,11:00,,
2026-02-27,META,put,OTM2+,market,20.0,3,70.0,OPPORTUNITY/HINDSIGHT,09:35,10:35,10:45,10:50,10:55,11:00
2026-02-27,META,put,OTM2+,market,25.0,3,70.0,OPPORTUNITY/HINDSIGHT,09:35,10:35,10:45,10:50,10:55,11:00
2026-02-27,META,put,OTM2+,market,30.0,2,75.0,OPPORTUNITY/HINDSIGHT,09:35,10:35,10:45,11:00,,
2026-02-27,META,put,OTM2+,market,40.0,2,75.0,OPPORTUNITY/HINDSIGHT,09:35,10:35,10:45,11:00,,
2026-02-27,META,put,OTM2+,market,50.0,2,75.0,OPPORTUNITY/HINDSIGHT,09:35,10:35,10:45,11:00,,
2026-02-27,META,put,OTM2+,market,60.0,2,75.0,OPPORTUNITY/HINDSIGHT,09:35,10:35,10:45,11:00,,
2026-02-27,META,put,OTM2+,market,70.0,2,75.0,OPPORTUNITY/HINDSIGHT,09:35,10:35,10:45,11:00,,
2026-02-27,META,put,OTM2+,market,75.0,2,75.0,OPPORTUNITY/HINDSIGHT,09:35,10:35,10:45,11:00,,
2026-02-27,META,put,OTM2+,market,80.0,2,75.0,OPPORTUNITY/HINDSIGHT,09:35,10:35,10:45,11:00,,
2026-02-27,META,put,OTM2+,market,90.0,2,75.0,OPPORTUNITY/HINDSIGHT,09:35,10:35,10:45,11:00,,
2026-02-27,META,put,OTM2+,market,100.0,2,75.0,OPPORTUNITY/HINDSIGHT,09:35,10:35,10:45,11:00,,
2026-02-27,META,put,OTM1,mid,20.0,11,205.0,OPPORTUNITY/HINDSIGHT,09:35,10:35,10:35,11:00,11:00,11:05
2026-02-27,META,put,OTM1,mid,25.0,11,205.0,OPPORTUNITY/HINDSIGHT,09:35,10:35,10:35,11:00,11:00,11:05
2026-02-27,META,put,OTM1,mid,30.0,9,245.0,OPPORTUNITY/HINDSIGHT,09:35,10:35,10:35,11:00,11:00,11:05
2026-02-27,META,put,OTM1,mid,40.0,6,255.0,OPPORTUNITY/HINDSIGHT,09:35,10:35,10:35,11:05,11:05,12:05
2026-02-27,META,put,OTM1,mid,50.0,5,265.0,OPPORTUNITY/HINDSIGHT,09:35,10:35,10:35,11:05,11:05,12:05
2026-02-27,META,put,OTM1,mid,60.0,5,265.0,OPPORTUNITY/HINDSIGHT,09:35,10:35,10:35,11:05,11:05,12:05
2026-02-27,META,put,OTM1,mid,70.0,5,265.0,OPPORTUNITY/HINDSIGHT,09:35,10:35,10:35,11:05,11:05,12:05
2026-02-27,META,put,OTM1,mid,75.0,5,265.0,OPPORTUNITY/HINDSIGHT,09:35,10:35,10:35,11:05,11:05,12:05
2026-02-27,META,put,OTM1,mid,80.0,5,265.0,OPPORTUNITY/HINDSIGHT,09:35,10:35,10:35,11:05,11:05,12:05
2026-02-27,META,put,OTM1,mid,90.0,5,265.0,OPPORTUNITY/HINDSIGHT,09:35,10:35,10:35,11:05,11:05,12:05
2026-02-27,META,put,OTM1,mid,100.0,5,265.0,OPPORTUNITY/HINDSIGHT,09:35,10:35,10:35,11:05,11:05,12:05
2026-02-27,META,put,OTM1,market,20.0,11,205.0,OPPORTUNITY/HINDSIGHT,09:35,10:35,10:35,11:00,11:00,11:05
2026-02-27,META,put,OTM1,market,25.0,9,245.0,OPPORTUNITY/HINDSIGHT,09:35,10:35,10:35,11:00,11:00,11:05
2026-02-27,META,put,OTM1,market,30.0,6,255.0,OPPORTUNITY/HINDSIGHT,09:35,10:35,10:35,11:05,11:05,12:05
2026-02-27,META,put,OTM1,market,40.0,6,255.0,OPPORTUNITY/HINDSIGHT,09:35,10:35,10:35,11:05,11:05,12:05
2026-02-27,META,put,OTM1,market,50.0,5,265.0,OPPORTUNITY/HINDSIGHT,09:35,10:35,10:35,11:05,11:05,12:05
2026-02-27,META,put,OTM1,market,60.0,5,265.0,OPPORTUNITY/HINDSIGHT,09:35,10:35,10:35,11:05,11:05,12:05
2026-02-27,META,put,OTM1,market,70.0,5,265.0,OPPORTUNITY/HINDSIGHT,09:35,10:35,10:35,11:05,11:05,12:05
2026-02-27,META,put,OTM1,market,75.0,5,265.0,OPPORTUNITY/HINDSIGHT,09:35,10:35,10:35,11:05,11:05,12:05
2026-02-27,META,put,OTM1,market,80.0,5,265.0,OPPORTUNITY/HINDSIGHT,09:35,10:35,10:35,11:05,11:05,12:05
2026-02-27,META,put,OTM1,market,90.0,5,265.0,OPPORTUNITY/HINDSIGHT,09:35,10:35,10:35,11:05,11:05,12:05
2026-02-27,META,put,OTM1,market,100.0,5,255.0,OPPORTUNITY/HINDSIGHT,09:35,10:35,10:35,11:25,11:35,12:05
2026-02-27,META,put,ATM,mid,20.0,8,365.0,OPPORTUNITY/HINDSIGHT,09:35,10:35,10:35,11:00,11:00,11:05
2026-02-27,META,put,ATM,mid,25.0,7,365.0,OPPORTUNITY/HINDSIGHT,09:35,10:35,10:35,11:00,11:00,11:05
2026-02-27,META,put,ATM,mid,30.0,6,350.0,OPPORTUNITY/HINDSIGHT,09:35,10:35,10:35,11:05,11:05,12:05
2026-02-27,META,put,ATM,mid,40.0,6,350.0,OPPORTUNITY/HINDSIGHT,09:35,10:35,10:35,11:05,11:05,12:05
2026-02-27,META,put,ATM,mid,50.0,5,335.0,OPPORTUNITY/HINDSIGHT,09:35,10:35,10:35,11:05,11:05,12:05
2026-02-27,META,put,ATM,mid,60.0,5,320.0,OPPORTUNITY/HINDSIGHT,09:35,10:35,10:35,11:05,11:05,12:05
2026-02-27,META,put,ATM,mid,70.0,5,300.0,OPPORTUNITY/HINDSIGHT,09:35,10:35,10:35,11:05,11:05,12:05
2026-02-27,META,put,ATM,mid,75.0,5,300.0,OPPORTUNITY/HINDSIGHT,09:35,10:35,10:35,11:25,11:25,12:05
2026-02-27,META,put,ATM,mid,80.0,5,320.0,OPPORTUNITY/HINDSIGHT,09:35,10:35,10:35,11:25,11:25,12:05
2026-02-27,META,put,ATM,mid,90.0,4,320.0,OPPORTUNITY/HINDSIGHT,09:35,11:00,11:00,12:05,12:25,12:50
2026-02-27,META,put,ATM,mid,100.0,5,290.0,OPPORTUNITY/HINDSIGHT,09:35,11:00,11:00,12:05,12:25,12:50
2026-02-27,META,put,ATM,market,20.0,7,365.0,OPPORTUNITY/HINDSIGHT,09:35,10:35,10:35,11:00,11:00,11:05
2026-02-27,META,put,ATM,market,25.0,6,350.0,OPPORTUNITY/HINDSIGHT,09:35,10:35,10:35,11:05,11:05,12:05
2026-02-27,META,put,ATM,market,30.0,6,350.0,OPPORTUNITY/HINDSIGHT,09:35,10:35,10:35,11:05,11:05,12:05
2026-02-27,META,put,ATM,market,40.0,6,350.0,OPPORTUNITY/HINDSIGHT,09:35,10:35,10:35,11:05,11:05,12:05
2026-02-27,META,put,ATM,market,50.0,5,320.0,OPPORTUNITY/HINDSIGHT,09:35,10:35,10:35,11:05,11:05,12:05
2026-02-27,META,put,ATM,market,60.0,5,300.0,OPPORTUNITY/HINDSIGHT,09:35,10:35,10:35,11:05,11:05,12:05
2026-02-27,META,put,ATM,market,70.0,5,300.0,OPPORTUNITY/HINDSIGHT,09:35,10:35,10:35,11:25,11:25,12:05
2026-02-27,META,put,ATM,market,75.0,4,320.0,OPPORTUNITY/HINDSIGHT,09:35,11:00,11:00,12:05,12:25,12:50
2026-02-27,META,put,ATM,market,80.0,4,320.0,OPPORTUNITY/HINDSIGHT,09:35,11:00,11:00,12:05,12:25,12:50
2026-02-27,META,put,ATM,market,90.0,5,290.0,OPPORTUNITY/HINDSIGHT,09:35,11:00,11:00,12:05,12:25,12:50
2026-02-27,META,put,ATM,market,100.0,5,310.0,OPPORTUNITY/HINDSIGHT,09:35,11:00,11:00,12:05,12:25,12:50
2026-02-27,META,put,ITM,mid,20.0,5,345.0,OPPORTUNITY/HINDSIGHT,09:35,10:35,10:35,11:05,11:05,12:05
2026-02-27,META,put,ITM,mid,25.0,5,345.0,OPPORTUNITY/HINDSIGHT,09:35,10:35,10:35,11:05,11:05,12:05
2026-02-27,META,put,ITM,mid,30.0,5,345.0,OPPORTUNITY/HINDSIGHT,09:35,10:35,10:35,11:05,11:05,12:05
2026-02-27,META,put,ITM,mid,40.0,5,310.0,OPPORTUNITY/HINDSIGHT,09:35,10:35,10:35,11:05,11:05,12:05
2026-02-27,META,put,ITM,mid,50.0,5,330.0,OPPORTUNITY/HINDSIGHT,09:35,10:35,10:35,11:25,11:25,12:05
2026-02-27,META,put,ITM,mid,60.0,4,300.0,OPPORTUNITY/HINDSIGHT,09:35,11:00,11:00,12:05,12:25,12:50
2026-02-27,META,put,ITM,mid,70.0,4,315.0,OPPORTUNITY/HINDSIGHT,09:35,11:00,11:00,12:05,12:25,13:05
2026-02-27,META,put,ITM,mid,75.0,4,315.0,OPPORTUNITY/HINDSIGHT,09:35,11:00,11:00,12:05,12:25,13:05
2026-02-27,META,put,ITM,mid,80.0,3,335.0,OPPORTUNITY/HINDSIGHT,09:35,11:05,11:05,13:05,13:20,15:25
2026-02-27,META,put,ITM,mid,90.0,3,350.0,OPPORTUNITY/HINDSIGHT,09:35,11:05,11:10,13:05,13:20,15:45
2026-02-27,META,put,ITM,mid,100.0,4,245.0,OPPORTUNITY/HINDSIGHT,09:35,11:05,11:15,12:10,13:30,13:35
2026-02-27,META,put,ITM,market,20.0,5,345.0,OPPORTUNITY/HINDSIGHT,09:35,10:35,10:35,11:05,11:05,12:05
2026-02-27,META,put,ITM,market,25.0,5,345.0,OPPORTUNITY/HINDSIGHT,09:35,10:35,10:35,11:05,11:05,12:05
2026-02-27,META,put,ITM,market,30.0,5,345.0,OPPORTUNITY/HINDSIGHT,09:35,10:35,10:35,11:05,11:05,12:05
2026-02-27,META,put,ITM,market,40.0,5,330.0,OPPORTUNITY/HINDSIGHT,09:35,10:35,10:35,11:05,11:05,12:05
2026-02-27,META,put,ITM,market,50.0,5,300.0,OPPORTUNITY/HINDSIGHT,09:35,10:35,10:35,11:25,11:25,12:05
2026-02-27,META,put,ITM,market,60.0,4,305.0,OPPORTUNITY/HINDSIGHT,09:35,11:00,11:00,12:05,12:25,12:55
2026-02-27,META,put,ITM,market,70.0,4,315.0,OPPORTUNITY/HINDSIGHT,09:35,11:00,11:00,12:05,12:25,13:05
2026-02-27,META,put,ITM,market,75.0,3,355.0,OPPORTUNITY/HINDSIGHT,09:35,11:05,11:05,13:05,13:20,15:45
2026-02-27,META,put,ITM,market,80.0,3,350.0,OPPORTUNITY/HINDSIGHT,09:35,11:05,11:10,13:05,13:20,15:45
2026-02-27,META,put,ITM,market,90.0,5,310.0,OPPORTUNITY/HINDSIGHT,09:35,11:05,11:15,12:10,12:25,13:05
2026-02-27,META,put,ITM,market,100.0,4,270.0,OPPORTUNITY/HINDSIGHT,09:35,11:05,11:15,12:10,13:30,13:40
2026-03-02,META,call,ITM,mid,20.0,7,100.0,OPPORTUNITY/HINDSIGHT,09:35,09:40,09:40,09:45,09:45,09:55
2026-03-02,META,call,ITM,mid,25.0,6,95.0,OPPORTUNITY/HINDSIGHT,09:35,09:40,09:40,09:55,09:55,10:00
2026-03-02,META,call,ITM,mid,30.0,5,65.0,OPPORTUNITY/HINDSIGHT,09:35,09:40,09:40,09:55,09:55,10:00
2026-03-02,META,call,ITM,mid,40.0,5,65.0,OPPORTUNITY/HINDSIGHT,09:35,09:40,09:40,09:55,09:55,10:00
2026-03-02,META,call,ITM,mid,50.0,3,55.0,OPPORTUNITY/HINDSIGHT,09:35,09:40,09:40,10:00,10:00,10:30
2026-03-02,META,call,ITM,mid,60.0,2,25.0,OPPORTUNITY/HINDSIGHT,09:35,09:45,09:45,10:00,,
2026-03-02,META,call,ITM,mid,70.0,2,25.0,OPPORTUNITY/HINDSIGHT,09:35,09:45,09:45,10:00,,
2026-03-02,META,call,ITM,mid,75.0,2,25.0,OPPORTUNITY/HINDSIGHT,09:35,09:45,09:45,10:00,,
2026-03-02,META,call,ITM,mid,80.0,2,25.0,OPPORTUNITY/HINDSIGHT,09:35,09:45,09:45,10:00,,
2026-03-02,META,call,ITM,mid,90.0,2,55.0,OPPORTUNITY/HINDSIGHT,09:35,09:55,09:55,10:30,,
2026-03-02,META,call,ITM,mid,100.0,2,55.0,OPPORTUNITY/HINDSIGHT,09:35,09:55,09:55,10:30,,
2026-03-02,META,call,ITM,market,20.0,6,95.0,OPPORTUNITY/HINDSIGHT,09:35,09:40,09:40,09:55,09:55,10:00
2026-03-02,META,call,ITM,market,25.0,5,65.0,OPPORTUNITY/HINDSIGHT,09:35,09:40,09:40,09:55,09:55,10:00
2026-03-02,META,call,ITM,market,30.0,5,65.0,OPPORTUNITY/HINDSIGHT,09:35,09:40,09:40,09:55,09:55,10:00
2026-03-02,META,call,ITM,market,40.0,3,55.0,OPPORTUNITY/HINDSIGHT,09:35,09:40,09:40,10:00,10:00,10:30
2026-03-02,META,call,ITM,market,50.0,2,25.0,OPPORTUNITY/HINDSIGHT,09:35,09:45,09:45,10:00,,
2026-03-02,META,call,ITM,market,60.0,2,25.0,OPPORTUNITY/HINDSIGHT,09:35,09:45,09:45,10:00,,
2026-03-02,META,call,ITM,market,70.0,2,25.0,OPPORTUNITY/HINDSIGHT,09:35,09:45,09:45,10:00,,
2026-03-02,META,call,ITM,market,75.0,2,25.0,OPPORTUNITY/HINDSIGHT,09:35,09:45,09:45,10:00,,
2026-03-02,META,call,ITM,market,80.0,2,55.0,OPPORTUNITY/HINDSIGHT,09:35,09:55,09:55,10:30,,
2026-03-02,META,call,ITM,market,90.0,2,55.0,OPPORTUNITY/HINDSIGHT,09:35,09:55,09:55,10:30,,
2026-03-02,META,call,ITM,market,100.0,1,20.0,OPPORTUNITY/HINDSIGHT,09:35,09:55,,,,
2026-03-02,META,call,ATM,mid,20.0,9,105.0,OPPORTUNITY/HINDSIGHT,09:35,09:40,09:40,09:45,09:45,09:55
2026-03-02,META,call,ATM,mid,25.0,9,110.0,OPPORTUNITY/HINDSIGHT,09:35,09:40,09:40,09:45,09:45,09:55
2026-03-02,META,call,ATM,mid,30.0,8,110.0,OPPORTUNITY/HINDSIGHT,09:35,09:40,09:40,09:45,09:45,09:55
2026-03-02,META,call,ATM,mid,40.0,6,75.0,OPPORTUNITY/HINDSIGHT,09:35,09:40,09:40,09:55,09:55,10:00
2026-03-02,META,call,ATM,mid,50.0,5,65.0,OPPORTUNITY/HINDSIGHT,09:35,09:40,09:40,09:55,09:55,10:00
2026-03-02,META,call,ATM,mid,60.0,5,65.0,OPPORTUNITY/HINDSIGHT,09:35,09:40,09:40,09:55,09:55,10:00
2026-03-02,META,call,ATM,mid,70.0,3,55.0,OPPORTUNITY/HINDSIGHT,09:35,09:40,09:40,10:00,10:00,10:30
2026-03-02,META,call,ATM,mid,75.0,2,25.0,OPPORTUNITY/HINDSIGHT,09:35,09:40,09:40,10:00,,
2026-03-02,META,call,ATM,mid,80.0,2,25.0,OPPORTUNITY/HINDSIGHT,09:35,09:45,09:45,10:00,,
2026-03-02,META,call,ATM,mid,90.0,2,25.0,OPPORTUNITY/HINDSIGHT,09:35,09:45,09:45,10:00,,
2026-03-02,META,call,ATM,mid,100.0,2,25.0,OPPORTUNITY/HINDSIGHT,09:35,09:45,09:45,10:00,,
2026-03-02,META,call,ATM,market,20.0,9,110.0,OPPORTUNITY/HINDSIGHT,09:35,09:40,09:40,09:45,09:45,09:55
2026-03-02,META,call,ATM,market,25.0,8,110.0,OPPORTUNITY/HINDSIGHT,09:35,09:40,09:40,09:45,09:45,09:55
2026-03-02,META,call,ATM,market,30.0,6,100.0,OPPORTUNITY/HINDSIGHT,09:35,09:40,09:40,09:55,09:55,10:00
2026-03-02,META,call,ATM,market,40.0,6,75.0,OPPORTUNITY/HINDSIGHT,09:35,09:40,09:40,09:55,09:55,10:00
2026-03-02,META,call,ATM,market,50.0,5,65.0,OPPORTUNITY/HINDSIGHT,09:35,09:40,09:40,09:55,09:55,10:00
2026-03-02,META,call,ATM,market,60.0,3,55.0,OPPORTUNITY/HINDSIGHT,09:35,09:40,09:40,10:00,10:00,10:30
2026-03-02,META,call,ATM,market,70.0,2,25.0,OPPORTUNITY/HINDSIGHT,09:35,09:40,09:40,10:00,,
2026-03-02,META,call,ATM,market,75.0,2,25.0,OPPORTUNITY/HINDSIGHT,09:35,09:45,09:45,10:00,,
2026-03-02,META,call,ATM,market,80.0,2,25.0,OPPORTUNITY/HINDSIGHT,09:35,09:45,09:45,10:00,,
2026-03-02,META,call,ATM,market,90.0,2,25.0,OPPORTUNITY/HINDSIGHT,09:35,09:45,09:45,10:00,,
2026-03-02,META,call,ATM,market,100.0,2,25.0,OPPORTUNITY/HINDSIGHT,09:35,09:45,09:45,10:00,,
2026-03-02,META,call,OTM1,mid,20.0,8,80.0,OPPORTUNITY/HINDSIGHT,09:35,09:40,09:40,09:45,09:45,09:55
2026-03-02,META,call,OTM1,mid,25.0,7,75.0,OPPORTUNITY/HINDSIGHT,09:35,09:40,09:40,09:45,09:45,09:55
2026-03-02,META,call,OTM1,mid,30.0,7,80.0,OPPORTUNITY/HINDSIGHT,09:35,09:40,09:40,09:45,09:45,09:55
2026-03-02,META,call,OTM1,mid,40.0,7,80.0,OPPORTUNITY/HINDSIGHT,09:35,09:40,09:40,09:45,09:45,09:55
2026-03-02,META,call,OTM1,mid,50.0,6,70.0,OPPORTUNITY/HINDSIGHT,09:35,09:40,09:40,09:55,09:55,10:00
2026-03-02,META,call,OTM1,mid,60.0,5,45.0,OPPORTUNITY/HINDSIGHT,09:35,09:40,09:40,09:55,09:55,10:00
2026-03-02,META,call,OTM1,mid,70.0,5,45.0,OPPORTUNITY/HINDSIGHT,09:35,09:40,09:40,09:55,09:55,10:00
2026-03-02,META,call,OTM1,mid,75.0,4,35.0,OPPORTUNITY/HINDSIGHT,09:35,09:40,09:40,09:55,09:55,10:00
2026-03-02,META,call,OTM1,mid,80.0,4,35.0,OPPORTUNITY/HINDSIGHT,09:35,09:40,09:40,09:55,09:55,10:00
2026-03-02,META,call,OTM1,mid,90.0,4,35.0,OPPORTUNITY/HINDSIGHT,09:35,09:40,09:40,09:55,09:55,10:00
2026-03-02,META,call,OTM1,mid,100.0,2,25.0,OPPORTUNITY/HINDSIGHT,09:35,09:40,09:40,10:00,,
2026-03-02,META,call,OTM1,market,20.0,7,75.0,OPPORTUNITY/HINDSIGHT,09:35,09:40,09:40,09:45,09:45,09:55
2026-03-02,META,call,OTM1,market,25.0,7,80.0,OPPORTUNITY/HINDSIGHT,09:35,09:40,09:40,09:45,09:45,09:55
2026-03-02,META,call,OTM1,market,30.0,7,80.0,OPPORTUNITY/HINDSIGHT,09:35,09:40,09:40,09:45,09:45,09:55
2026-03-02,META,call,OTM1,market,40.0,6,80.0,OPPORTUNITY/HINDSIGHT,09:35,09:40,09:40,09:55,09:55,10:00
2026-03-02,META,call,OTM1,market,50.0,5,45.0,OPPORTUNITY/HINDSIGHT,09:35,09:40,09:40,09:55,09:55,10:00
2026-03-02,META,call,OTM1,market,60.0,5,45.0,OPPORTUNITY/HINDSIGHT,09:35,09:40,09:40,09:55,09:55,10:00
2026-03-02,META,call,OTM1,market,70.0,4,35.0,OPPORTUNITY/HINDSIGHT,09:35,09:40,09:40,09:55,09:55,10:00
2026-03-02,META,call,OTM1,market,75.0,4,35.0,OPPORTUNITY/HINDSIGHT,09:35,09:40,09:40,09:55,09:55,10:00
2026-03-02,META,call,OTM1,market,80.0,4,35.0,OPPORTUNITY/HINDSIGHT,09:35,09:40,09:40,09:55,09:55,10:00
2026-03-02,META,call,OTM1,market,90.0,2,25.0,OPPORTUNITY/HINDSIGHT,09:35,09:40,09:40,10:00,,
2026-03-02,META,call,OTM1,market,100.0,2,25.0,OPPORTUNITY/HINDSIGHT,09:35,09:40,09:40,10:00,,
2026-03-02,META,call,OTM2+,mid,20.0,7,70.0,OPPORTUNITY/HINDSIGHT,09:35,09:40,09:40,09:45,09:50,09:55
2026-03-02,META,call,OTM2+,mid,25.0,7,65.0,OPPORTUNITY/HINDSIGHT,09:35,09:40,09:40,09:45,09:50,09:55
2026-03-02,META,call,OTM2+,mid,30.0,7,65.0,OPPORTUNITY/HINDSIGHT,09:35,09:40,09:40,09:45,09:50,09:55
2026-03-02,META,call,OTM2+,mid,40.0,6,70.0,OPPORTUNITY/HINDSIGHT,09:35,09:40,09:40,09:45,09:50,09:55
2026-03-02,META,call,OTM2+,mid,50.0,6,70.0,OPPORTUNITY/HINDSIGHT,09:35,09:40,09:40,09:45,09:50,09:55
2026-03-02,META,call,OTM2+,mid,60.0,5,65.0,OPPORTUNITY/HINDSIGHT,09:35,09:40,09:40,09:55,11:10,11:20
2026-03-02,META,call,OTM2+,mid,70.0,5,65.0,OPPORTUNITY/HINDSIGHT,09:35,09:40,09:40,09:55,11:10,11:20
2026-03-02,META,call,OTM2+,mid,75.0,5,50.0,OPPORTUNITY/HINDSIGHT,09:35,09:40,09:40,09:55,11:10,11:20
2026-03-02,META,call,OTM2+,mid,80.0,4,40.0,OPPORTUNITY/HINDSIGHT,09:35,09:40,09:40,09:55,11:10,11:20
2026-03-02,META,call,OTM2+,mid,90.0,4,40.0,OPPORTUNITY/HINDSIGHT,09:35,09:40,09:40,09:55,11:10,11:20
2026-03-02,META,call,OTM2+,mid,100.0,4,40.0,OPPORTUNITY/HINDSIGHT,09:35,09:40,09:40,09:55,11:10,11:20
2026-03-02,META,call,OTM2+,market,20.0,7,65.0,OPPORTUNITY/HINDSIGHT,09:35,09:40,09:40,09:45,09:50,09:55
2026-03-02,META,call,OTM2+,market,25.0,7,65.0,OPPORTUNITY/HINDSIGHT,09:35,09:40,09:40,09:45,09:50,09:55
2026-03-02,META,call,OTM2+,market,30.0,6,70.0,OPPORTUNITY/HINDSIGHT,09:35,09:40,09:40,09:45,09:50,09:55
2026-03-02,META,call,OTM2+,market,40.0,6,70.0,OPPORTUNITY/HINDSIGHT,09:35,09:40,09:40,09:45,09:50,09:55
2026-03-02,META,call,OTM2+,market,50.0,6,70.0,OPPORTUNITY/HINDSIGHT,09:35,09:40,09:40,09:45,09:50,09:55
2026-03-02,META,call,OTM2+,market,60.0,5,65.0,OPPORTUNITY/HINDSIGHT,09:35,09:40,09:40,09:55,11:10,11:20
2026-03-02,META,call,OTM2+,market,70.0,4,40.0,OPPORTUNITY/HINDSIGHT,09:35,09:40,09:40,09:55,11:10,11:20
2026-03-02,META,call,OTM2+,market,75.0,4,40.0,OPPORTUNITY/HINDSIGHT,09:35,09:40,09:40,09:55,11:10,11:20
2026-03-02,META,call,OTM2+,market,80.0,4,40.0,OPPORTUNITY/HINDSIGHT,09:35,09:40,09:40,09:55,11:10,11:20
2026-03-02,META,call,OTM2+,market,90.0,4,40.0,OPPORTUNITY/HINDSIGHT,09:35,09:40,09:40,09:55,11:10,11:20
2026-03-02,META,call,OTM2+,market,100.0,4,40.0,OPPORTUNITY/HINDSIGHT,09:35,09:40,09:40,09:55,11:10,11:20
2026-03-02,META,put,OTM2+,mid,20.0,1,155.0,OPPORTUNITY/HINDSIGHT,09:35,12:10,,,,
2026-03-02,META,put,OTM2+,mid,25.0,1,155.0,OPPORTUNITY/HINDSIGHT,09:35,12:10,,,,
2026-03-02,META,put,OTM2+,mid,30.0,1,155.0,OPPORTUNITY/HINDSIGHT,09:35,12:10,,,,
2026-03-02,META,put,OTM2+,mid,40.0,1,155.0,OPPORTUNITY/HINDSIGHT,09:35,12:10,,,,
2026-03-02,META,put,OTM2+,mid,50.0,1,155.0,OPPORTUNITY/HINDSIGHT,09:35,12:10,,,,
2026-03-02,META,put,OTM2+,mid,60.0,1,155.0,OPPORTUNITY/HINDSIGHT,09:35,12:10,,,,
2026-03-02,META,put,OTM2+,mid,70.0,1,155.0,OPPORTUNITY/HINDSIGHT,09:35,12:10,,,,
2026-03-02,META,put,OTM2+,mid,75.0,1,155.0,OPPORTUNITY/HINDSIGHT,09:35,12:10,,,,
2026-03-02,META,put,OTM2+,mid,80.0,1,155.0,OPPORTUNITY/HINDSIGHT,09:35,12:10,,,,
2026-03-02,META,put,OTM2+,mid,90.0,1,160.0,OPPORTUNITY/HINDSIGHT,09:35,12:15,,,,
2026-03-02,META,put,OTM2+,mid,100.0,1,160.0,OPPORTUNITY/HINDSIGHT,09:35,12:15,,,,
2026-03-02,META,put,OTM2+,market,20.0,1,155.0,OPPORTUNITY/HINDSIGHT,09:35,12:10,,,,
2026-03-02,META,put,OTM2+,market,25.0,1,155.0,OPPORTUNITY/HINDSIGHT,09:35,12:10,,,,
2026-03-02,META,put,OTM2+,market,30.0,1,155.0,OPPORTUNITY/HINDSIGHT,09:35,12:10,,,,
2026-03-02,META,put,OTM2+,market,40.0,1,155.0,OPPORTUNITY/HINDSIGHT,09:35,12:10,,,,
2026-03-02,META,put,OTM2+,market,50.0,1,155.0,OPPORTUNITY/HINDSIGHT,09:35,12:10,,,,
2026-03-02,META,put,OTM2+,market,60.0,1,155.0,OPPORTUNITY/HINDSIGHT,09:35,12:10,,,,
2026-03-02,META,put,OTM2+,market,70.0,1,155.0,OPPORTUNITY/HINDSIGHT,09:35,12:10,,,,
2026-03-02,META,put,OTM2+,market,75.0,1,155.0,OPPORTUNITY/HINDSIGHT,09:35,12:10,,,,
2026-03-02,META,put,OTM2+,market,80.0,1,160.0,OPPORTUNITY/HINDSIGHT,09:35,12:15,,,,
2026-03-02,META,put,OTM2+,market,90.0,1,160.0,OPPORTUNITY/HINDSIGHT,09:35,12:15,,,,
2026-03-02,META,put,OTM2+,market,100.0,1,160.0,OPPORTUNITY/HINDSIGHT,09:35,12:15,,,,
2026-03-02,META,put,OTM1,mid,20.0,3,165.0,OPPORTUNITY/HINDSIGHT,09:35,12:10,12:10,12:15,12:25,12:30
2026-03-02,META,put,OTM1,mid,25.0,3,165.0,OPPORTUNITY/HINDSIGHT,09:35,12:10,12:10,12:15,12:25,12:30
2026-03-02,META,put,OTM1,mid,30.0,3,165.0,OPPORTUNITY/HINDSIGHT,09:35,12:10,12:10,12:15,12:25,12:30
2026-03-02,META,put,OTM1,mid,40.0,3,170.0,OPPORTUNITY/HINDSIGHT,09:35,12:10,12:10,12:15,12:25,12:35
2026-03-02,META,put,OTM1,mid,50.0,2,180.0,OPPORTUNITY/HINDSIGHT,09:35,12:10,12:10,12:35,,
2026-03-02,META,put,OTM1,mid,60.0,2,185.0,OPPORTUNITY/HINDSIGHT,09:35,12:10,12:10,12:40,,
2026-03-02,META,put,OTM1,mid,70.0,2,185.0,OPPORTUNITY/HINDSIGHT,09:35,12:10,12:10,12:40,,
2026-03-02,META,put,OTM1,mid,75.0,2,185.0,OPPORTUNITY/HINDSIGHT,09:35,12:10,12:10,12:40,,
2026-03-02,META,put,OTM1,mid,80.0,2,185.0,OPPORTUNITY/HINDSIGHT,09:35,12:10,12:10,12:40,,
2026-03-02,META,put,OTM1,mid,90.0,2,175.0,OPPORTUNITY/HINDSIGHT,09:35,12:15,12:25,12:40,,
2026-03-02,META,put,OTM1,mid,100.0,2,175.0,OPPORTUNITY/HINDSIGHT,09:35,12:15,12:25,12:40,,
2026-03-02,META,put,OTM1,market,20.0,3,165.0,OPPORTUNITY/HINDSIGHT,09:35,12:10,12:10,12:15,12:25,12:30
2026-03-02,META,put,OTM1,market,25.0,3,165.0,OPPORTUNITY/HINDSIGHT,09:35,12:10,12:10,12:15,12:25,12:30
2026-03-02,META,put,OTM1,market,30.0,3,165.0,OPPORTUNITY/HINDSIGHT,09:35,12:10,12:10,12:15,12:25,12:30
2026-03-02,META,put,OTM1,market,40.0,3,170.0,OPPORTUNITY/HINDSIGHT,09:35,12:10,12:10,12:15,12:25,12:35
2026-03-02,META,put,OTM1,market,50.0,2,185.0,OPPORTUNITY/HINDSIGHT,09:35,12:10,12:10,12:40,,
2026-03-02,META,put,OTM1,market,60.0,2,185.0,OPPORTUNITY/HINDSIGHT,09:35,12:10,12:10,12:40,,
2026-03-02,META,put,OTM1,market,70.0,2,185.0,OPPORTUNITY/HINDSIGHT,09:35,12:10,12:10,12:40,,
2026-03-02,META,put,OTM1,market,75.0,2,185.0,OPPORTUNITY/HINDSIGHT,09:35,12:10,12:10,12:40,,
2026-03-02,META,put,OTM1,market,80.0,2,185.0,OPPORTUNITY/HINDSIGHT,09:35,12:10,12:10,12:40,,
2026-03-02,META,put,OTM1,market,90.0,2,175.0,OPPORTUNITY/HINDSIGHT,09:35,12:15,12:25,12:40,,
2026-03-02,META,put,OTM1,market,100.0,2,175.0,OPPORTUNITY/HINDSIGHT,09:35,12:15,12:25,12:40,,
2026-03-02,META,put,ATM,mid,20.0,4,200.0,OPPORTUNITY/HINDSIGHT,09:35,12:10,12:10,12:15,12:15,12:40
2026-03-02,META,put,ATM,mid,25.0,4,200.0,OPPORTUNITY/HINDSIGHT,09:35,12:10,12:10,12:15,12:15,12:40
2026-03-02,META,put,ATM,mid,30.0,4,200.0,OPPORTUNITY/HINDSIGHT,09:35,12:10,12:10,12:35,12:35,12:40
2026-03-02,META,put,ATM,mid,40.0,3,200.0,OPPORTUNITY/HINDSIGHT,09:35,12:10,12:10,12:40,12:40,12:55
2026-03-02,META,put,ATM,mid,50.0,3,205.0,OPPORTUNITY/HINDSIGHT,09:35,12:10,12:10,12:40,12:40,13:00
2026-03-02,META,put,ATM,mid,60.0,3,210.0,OPPORTUNITY/HINDSIGHT,09:35,12:10,12:10,12:40,12:40,13:05
2026-03-02,META,put,ATM,mid,70.0,3,210.0,OPPORTUNITY/HINDSIGHT,09:35,12:10,12:10,12:40,12:40,13:05
2026-03-02,META,put,ATM,mid,75.0,3,210.0,OPPORTUNITY/HINDSIGHT,09:35,12:15,12:15,12:40,12:40,13:05
2026-03-02,META,put,ATM,mid,80.0,3,210.0,OPPORTUNITY/HINDSIGHT,09:35,12:15,12:15,12:40,12:40,13:05
2026-03-02,META,put,ATM,mid,90.0,3,210.0,OPPORTUNITY/HINDSIGHT,09:35,12:15,12:15,12:40,12:40,13:05
2026-03-02,META,put,ATM,mid,100.0,3,210.0,OPPORTUNITY/HINDSIGHT,09:35,12:15,12:15,12:40,12:40,13:05
2026-03-02,META,put,ATM,market,20.0,4,200.0,OPPORTUNITY/HINDSIGHT,09:35,12:10,12:10,12:15,12:15,12:40
2026-03-02,META,put,ATM,market,25.0,4,200.0,OPPORTUNITY/HINDSIGHT,09:35,12:10,12:10,12:35,12:35,12:40
2026-03-02,META,put,ATM,market,30.0,4,200.0,OPPORTUNITY/HINDSIGHT,09:35,12:10,12:10,12:35,12:35,12:40
2026-03-02,META,put,ATM,market,40.0,3,205.0,OPPORTUNITY/HINDSIGHT,09:35,12:10,12:10,12:40,12:40,13:00
2026-03-02,META,put,ATM,market,50.0,3,210.0,OPPORTUNITY/HINDSIGHT,09:35,12:10,12:10,12:40,12:40,13:05
2026-03-02,META,put,ATM,market,60.0,3,210.0,OPPORTUNITY/HINDSIGHT,09:35,12:10,12:10,12:40,12:40,13:05
2026-03-02,META,put,ATM,market,70.0,3,210.0,OPPORTUNITY/HINDSIGHT,09:35,12:15,12:15,12:40,12:40,13:05
2026-03-02,META,put,ATM,market,75.0,3,210.0,OPPORTUNITY/HINDSIGHT,09:35,12:15,12:15,12:40,12:40,13:05
2026-03-02,META,put,ATM,market,80.0,3,210.0,OPPORTUNITY/HINDSIGHT,09:35,12:15,12:15,12:40,12:40,13:05
2026-03-02,META,put,ATM,market,90.0,3,210.0,OPPORTUNITY/HINDSIGHT,09:35,12:15,12:15,12:40,12:40,13:05
2026-03-02,META,put,ATM,market,100.0,3,215.0,OPPORTUNITY/HINDSIGHT,09:35,12:35,12:35,12:40,12:40,13:10
2026-03-02,META,put,ITM,mid,20.0,10,280.0,OPPORTUNITY/HINDSIGHT,09:35,12:10,12:10,12:35,12:35,12:40
2026-03-02,META,put,ITM,mid,25.0,8,270.0,OPPORTUNITY/HINDSIGHT,09:35,12:10,12:10,12:40,12:40,12:55
2026-03-02,META,put,ITM,mid,30.0,7,275.0,OPPORTUNITY/HINDSIGHT,09:35,12:10,12:10,12:40,12:40,13:00
2026-03-02,META,put,ITM,mid,40.0,6,280.0,OPPORTUNITY/HINDSIGHT,09:35,12:10,12:10,12:40,12:40,13:05
2026-03-02,META,put,ITM,mid,50.0,5,260.0,OPPORTUNITY/HINDSIGHT,09:35,12:10,12:10,12:40,12:40,13:05
2026-03-02,META,put,ITM,mid,60.0,4,255.0,OPPORTUNITY/HINDSIGHT,09:35,12:15,12:15,12:40,12:40,13:10
2026-03-02,META,put,ITM,mid,70.0,4,255.0,OPPORTUNITY/HINDSIGHT,09:35,12:35,12:35,12:45,12:45,13:10
2026-03-02,META,put,ITM,mid,75.0,3,255.0,OPPORTUNITY/HINDSIGHT,09:35,12:40,12:40,13:10,13:10,13:50
2026-03-02,META,put,ITM,mid,80.0,3,255.0,OPPORTUNITY/HINDSIGHT,09:35,12:40,12:40,13:10,13:10,13:50
2026-03-02,META,put,ITM,mid,90.0,3,275.0,OPPORTUNITY/HINDSIGHT,09:35,12:40,12:40,13:20,13:20,14:10
2026-03-02,META,put,ITM,mid,100.0,3,280.0,OPPORTUNITY/HINDSIGHT,09:35,12:40,12:40,13:20,13:20,14:15
2026-03-02,META,put,ITM,market,20.0,8,270.0,OPPORTUNITY/HINDSIGHT,09:35,12:10,12:10,12:40,12:40,12:55
2026-03-02,META,put,ITM,market,25.0,7,275.0,OPPORTUNITY/HINDSIGHT,09:35,12:10,12:10,12:40,12:40,13:00
2026-03-02,META,put,ITM,market,30.0,6,275.0,OPPORTUNITY/HINDSIGHT,09:35,12:10,12:10,12:40,12:40,13:05
2026-03-02,META,put,ITM,market,40.0,5,260.0,OPPORTUNITY/HINDSIGHT,09:35,12:10,12:10,12:40,12:40,13:05
2026-03-02,META,put,ITM,market,50.0,5,265.0,OPPORTUNITY/HINDSIGHT,09:35,12:15,12:15,12:40,12:40,13:05
2026-03-02,META,put,ITM,market,60.0,4,255.0,OPPORTUNITY/HINDSIGHT,09:35,12:15,12:15,12:40,12:40,13:10
2026-03-02,META,put,ITM,market,70.0,3,255.0,OPPORTUNITY/HINDSIGHT,09:35,12:40,12:40,13:10,13:10,13:50
2026-03-02,META,put,ITM,market,75.0,3,275.0,OPPORTUNITY/HINDSIGHT,09:35,12:40,12:40,13:20,13:20,14:10
2026-03-02,META,put,ITM,market,80.0,3,275.0,OPPORTUNITY/HINDSIGHT,09:35,12:40,12:40,13:20,13:20,14:10
2026-03-02,META,put,ITM,market,90.0,3,280.0,OPPORTUNITY/HINDSIGHT,09:35,12:40,12:40,13:20,13:20,14:15
2026-03-02,META,put,ITM,market,100.0,3,280.0,OPPORTUNITY/HINDSIGHT,09:35,12:40,12:40,13:20,13:20,14:15
2026-03-03,META,call,ITM,mid,20.0,3,20.0,OPPORTUNITY/HINDSIGHT,09:35,09:45,09:50,09:55,10:30,10:35
2026-03-03,META,call,ITM,mid,25.0,3,20.0,OPPORTUNITY/HINDSIGHT,09:35,09:45,09:50,09:55,10:30,10:35
2026-03-03,META,call,ITM,mid,30.0,2,15.0,OPPORTUNITY/HINDSIGHT,09:35,09:45,10:30,10:35,,
2026-03-03,META,call,ITM,market,20.0,3,20.0,OPPORTUNITY/HINDSIGHT,09:35,09:45,09:50,09:55,10:30,10:35
2026-03-03,META,call,ITM,market,25.0,2,15.0,OPPORTUNITY/HINDSIGHT,09:35,09:45,10:30,10:35,,
2026-03-03,META,call,ATM,mid,20.0,7,45.0,OPPORTUNITY/HINDSIGHT,09:35,09:45,09:50,09:55,10:15,10:20
2026-03-03,META,call,ATM,mid,25.0,5,30.0,OPPORTUNITY/HINDSIGHT,09:35,09:45,09:50,09:55,10:15,10:20
2026-03-03,META,call,ATM,mid,30.0,4,25.0,OPPORTUNITY/HINDSIGHT,09:35,09:45,09:50,09:55,10:30,10:35
2026-03-03,META,call,ATM,mid,40.0,2,15.0,OPPORTUNITY/HINDSIGHT,09:35,09:45,10:30,10:35,,
2026-03-03,META,call,ATM,mid,50.0,2,15.0,OPPORTUNITY/HINDSIGHT,09:35,09:45,10:30,10:35,,
2026-03-03,META,call,ATM,market,20.0,6,35.0,OPPORTUNITY/HINDSIGHT,09:35,09:45,09:50,09:55,10:15,10:20
2026-03-03,META,call,ATM,market,25.0,4,25.0,OPPORTUNITY/HINDSIGHT,09:35,09:45,09:50,09:55,10:30,10:35
2026-03-03,META,call,ATM,market,30.0,4,35.0,OPPORTUNITY/HINDSIGHT,09:35,09:45,09:50,09:55,10:30,10:35
2026-03-03,META,call,ATM,market,40.0,2,15.0,OPPORTUNITY/HINDSIGHT,09:35,09:45,10:30,10:35,,
2026-03-03,META,call,OTM1,mid,20.0,11,75.0,OPPORTUNITY/HINDSIGHT,09:35,09:40,09:40,09:45,09:50,09:55
2026-03-03,META,call,OTM1,mid,25.0,11,75.0,OPPORTUNITY/HINDSIGHT,09:35,09:40,09:40,09:45,09:50,09:55
2026-03-03,META,call,OTM1,mid,30.0,10,75.0,OPPORTUNITY/HINDSIGHT,09:35,09:45,09:50,09:55,10:15,10:20
2026-03-03,META,call,OTM1,mid,40.0,7,55.0,OPPORTUNITY/HINDSIGHT,09:35,09:45,09:50,09:55,10:30,10:35
2026-03-03,META,call,OTM1,mid,50.0,7,65.0,OPPORTUNITY/HINDSIGHT,09:35,09:45,09:50,09:55,10:30,10:35
2026-03-03,META,call,OTM1,mid,60.0,4,45.0,OPPORTUNITY/HINDSIGHT,09:35,09:45,10:30,10:35,11:40,12:00
2026-03-03,META,call,OTM1,mid,70.0,4,40.0,OPPORTUNITY/HINDSIGHT,09:35,09:45,10:30,10:35,11:40,12:00
2026-03-03,META,call,OTM1,mid,75.0,4,40.0,OPPORTUNITY/HINDSIGHT,09:35,09:45,10:30,10:35,11:40,12:00
2026-03-03,META,call,OTM1,mid,80.0,3,30.0,OPPORTUNITY/HINDSIGHT,10:30,10:35,11:40,12:00,12:20,12:25
2026-03-03,META,call,OTM1,mid,90.0,1,20.0,OPPORTUNITY/HINDSIGHT,11:40,12:00,,,,
2026-03-03,META,call,OTM1,mid,100.0,1,20.0,OPPORTUNITY/HINDSIGHT,11:40,12:00,,,,
2026-03-03,META,call,OTM1,market,20.0,11,75.0,OPPORTUNITY/HINDSIGHT,09:35,09:40,09:40,09:45,09:50,09:55
2026-03-03,META,call,OTM1,market,25.0,10,75.0,OPPORTUNITY/HINDSIGHT,09:35,09:45,09:50,09:55,10:15,10:20
2026-03-03,META,call,OTM1,market,30.0,9,65.0,OPPORTUNITY/HINDSIGHT,09:35,09:45,09:50,09:55,10:15,10:20
2026-03-03,META,call,OTM1,market,40.0,7,55.0,OPPORTUNITY/HINDSIGHT,09:35,09:45,09:50,09:55,10:30,10:35
2026-03-03,META,call,OTM1,market,50.0,7,65.0,OPPORTUNITY/HINDSIGHT,09:35,09:45,09:50,09:55,10:30,10:35
2026-03-03,META,call,OTM1,market,60.0,4,40.0,OPPORTUNITY/HINDSIGHT,09:35,09:45,10:30,10:35,11:40,12:00
2026-03-03,META,call,OTM1,market,70.0,3,30.0,OPPORTUNITY/HINDSIGHT,10:30,10:35,11:40,12:00,12:20,12:25
2026-03-03,META,call,OTM1,market,75.0,3,30.0,OPPORTUNITY/HINDSIGHT,10:30,10:35,11:40,12:00,12:20,12:25
2026-03-03,META,call,OTM1,market,80.0,1,20.0,OPPORTUNITY/HINDSIGHT,11:40,12:00,,,,
2026-03-03,META,call,OTM1,market,90.0,1,20.0,OPPORTUNITY/HINDSIGHT,11:40,12:00,,,,
2026-03-03,META,call,OTM1,market,100.0,1,20.0,OPPORTUNITY/HINDSIGHT,11:40,12:00,,,,
2026-03-03,META,call,OTM2+,mid,20.0,10,65.0,OPPORTUNITY/HINDSIGHT,09:35,09:40,09:40,09:45,09:50,09:55
2026-03-03,META,call,OTM2+,mid,25.0,10,65.0,OPPORTUNITY/HINDSIGHT,09:35,09:40,09:40,09:45,09:50,09:55
2026-03-03,META,call,OTM2+,mid,30.0,10,65.0,OPPORTUNITY/HINDSIGHT,09:35,09:40,09:40,09:45,09:50,09:55
2026-03-03,META,call,OTM2+,mid,40.0,9,65.0,OPPORTUNITY/HINDSIGHT,09:35,09:45,09:50,09:55,10:15,10:20
2026-03-03,META,call,OTM2+,mid,50.0,8,55.0,OPPORTUNITY/HINDSIGHT,09:35,09:45,09:50,09:55,10:15,10:20
2026-03-03,META,call,OTM2+,mid,60.0,7,50.0,OPPORTUNITY/HINDSIGHT,09:35,09:45,09:50,09:55,10:15,10:20
2026-03-03,META,call,OTM2+,mid,70.0,6,55.0,OPPORTUNITY/HINDSIGHT,09:35,09:45,09:50,09:55,10:30,10:35
2026-03-03,META,call,OTM2+,mid,75.0,6,55.0,OPPORTUNITY/HINDSIGHT,09:35,09:45,09:50,09:55,10:30,10:35
2026-03-03,META,call,OTM2+,mid,80.0,3,35.0,OPPORTUNITY/HINDSIGHT,09:35,09:45,10:30,10:35,11:40,12:00
2026-03-03,META,call,OTM2+,mid,90.0,3,35.0,OPPORTUNITY/HINDSIGHT,09:35,09:45,10:30,10:35,11:40,12:00
2026-03-03,META,call,OTM2+,mid,100.0,3,35.0,OPPORTUNITY/HINDSIGHT,09:35,09:45,10:30,10:35,11:40,12:00
2026-03-03,META,call,OTM2+,market,20.0,10,65.0,OPPORTUNITY/HINDSIGHT,09:35,09:40,09:40,09:45,09:50,09:55
2026-03-03,META,call,OTM2+,market,25.0,10,65.0,OPPORTUNITY/HINDSIGHT,09:35,09:40,09:40,09:45,09:50,09:55
2026-03-03,META,call,OTM2+,market,30.0,9,65.0,OPPORTUNITY/HINDSIGHT,09:35,09:45,09:50,09:55,10:15,10:20
2026-03-03,META,call,OTM2+,market,40.0,8,55.0,OPPORTUNITY/HINDSIGHT,09:35,09:45,09:50,09:55,10:15,10:20
2026-03-03,META,call,OTM2+,market,50.0,7,50.0,OPPORTUNITY/HINDSIGHT,09:35,09:45,09:50,09:55,10:15,10:20
2026-03-03,META,call,OTM2+,market,60.0,7,50.0,OPPORTUNITY/HINDSIGHT,09:35,09:45,09:50,09:55,10:15,10:20
2026-03-03,META,call,OTM2+,market,70.0,5,55.0,OPPORTUNITY/HINDSIGHT,09:35,09:45,09:50,09:55,10:30,10:35
2026-03-03,META,call,OTM2+,market,75.0,3,35.0,OPPORTUNITY/HINDSIGHT,09:35,09:45,10:30,10:35,11:40,12:00
2026-03-03,META,call,OTM2+,market,80.0,3,35.0,OPPORTUNITY/HINDSIGHT,09:35,09:45,10:30,10:35,11:40,12:00
2026-03-03,META,call,OTM2+,market,90.0,3,35.0,OPPORTUNITY/HINDSIGHT,09:35,09:45,10:30,10:35,11:40,12:00
2026-03-03,META,call,OTM2+,market,100.0,2,25.0,OPPORTUNITY/HINDSIGHT,10:30,10:35,11:40,12:00,,
2026-03-03,META,put,OTM2+,mid,20.0,3,50.0,OPPORTUNITY/HINDSIGHT,09:35,10:15,10:20,10:25,10:35,10:40
2026-03-03,META,put,OTM2+,mid,25.0,3,50.0,OPPORTUNITY/HINDSIGHT,09:35,10:15,10:20,10:25,10:35,10:40
2026-03-03,META,put,OTM2+,mid,30.0,3,50.0,OPPORTUNITY/HINDSIGHT,09:35,10:15,10:20,10:25,10:35,10:40
2026-03-03,META,put,OTM2+,mid,40.0,3,50.0,OPPORTUNITY/HINDSIGHT,09:35,10:15,10:20,10:25,10:35,10:40
2026-03-03,META,put,OTM2+,mid,50.0,3,50.0,OPPORTUNITY/HINDSIGHT,09:35,10:15,10:20,10:25,10:35,10:40
2026-03-03,META,put,OTM2+,mid,60.0,3,50.0,OPPORTUNITY/HINDSIGHT,09:35,10:15,10:20,10:25,10:35,10:40
2026-03-03,META,put,OTM2+,mid,70.0,3,50.0,OPPORTUNITY/HINDSIGHT,09:35,10:15,10:20,10:25,10:35,10:40
2026-03-03,META,put,OTM2+,mid,75.0,3,50.0,OPPORTUNITY/HINDSIGHT,09:35,10:15,10:20,10:25,10:35,10:40
2026-03-03,META,put,OTM2+,mid,80.0,3,50.0,OPPORTUNITY/HINDSIGHT,09:35,10:15,10:20,10:25,10:35,10:40
2026-03-03,META,put,OTM2+,mid,90.0,3,55.0,OPPORTUNITY/HINDSIGHT,09:35,10:15,10:20,10:30,10:35,10:40
2026-03-03,META,put,OTM2+,mid,100.0,3,55.0,OPPORTUNITY/HINDSIGHT,09:35,10:15,10:20,10:30,10:35,10:40
2026-03-03,META,put,OTM2+,market,20.0,3,50.0,OPPORTUNITY/HINDSIGHT,09:35,10:15,10:20,10:25,10:35,10:40
2026-03-03,META,put,OTM2+,market,25.0,3,50.0,OPPORTUNITY/HINDSIGHT,09:35,10:15,10:20,10:25,10:35,10:40
2026-03-03,META,put,OTM2+,market,30.0,3,50.0,OPPORTUNITY/HINDSIGHT,09:35,10:15,10:20,10:25,10:35,10:40
2026-03-03,META,put,OTM2+,market,40.0,3,50.0,OPPORTUNITY/HINDSIGHT,09:35,10:15,10:20,10:25,10:35,10:40
2026-03-03,META,put,OTM2+,market,50.0,3,50.0,OPPORTUNITY/HINDSIGHT,09:35,10:15,10:20,10:25,10:35,10:40
2026-03-03,META,put,OTM2+,market,60.0,3,50.0,OPPORTUNITY/HINDSIGHT,09:35,10:15,10:20,10:25,10:35,10:40
2026-03-03,META,put,OTM2+,market,70.0,3,50.0,OPPORTUNITY/HINDSIGHT,09:35,10:15,10:20,10:25,10:35,10:40
2026-03-03,META,put,OTM2+,market,75.0,3,55.0,OPPORTUNITY/HINDSIGHT,09:35,10:15,10:20,10:30,10:35,10:40
2026-03-03,META,put,OTM2+,market,80.0,3,55.0,OPPORTUNITY/HINDSIGHT,09:35,10:15,10:20,10:30,10:35,10:40
2026-03-03,META,put,OTM2+,market,90.0,3,55.0,OPPORTUNITY/HINDSIGHT,09:35,10:15,10:20,10:30,10:35,10:40
2026-03-03,META,put,OTM2+,market,100.0,3,55.0,OPPORTUNITY/HINDSIGHT,09:35,10:15,10:20,10:30,10:35,10:40
2026-03-03,META,put,OTM1,mid,20.0,4,70.0,OPPORTUNITY/HINDSIGHT,09:35,10:15,10:15,10:30,10:30,10:40
2026-03-03,META,put,OTM1,mid,25.0,4,70.0,OPPORTUNITY/HINDSIGHT,09:35,10:15,10:15,10:30,10:30,10:40
2026-03-03,META,put,OTM1,mid,30.0,4,70.0,OPPORTUNITY/HINDSIGHT,09:35,10:15,10:15,10:30,10:30,10:40
2026-03-03,META,put,OTM1,mid,40.0,4,70.0,OPPORTUNITY/HINDSIGHT,09:35,10:15,10:15,10:30,10:30,10:40
2026-03-03,META,put,OTM1,mid,50.0,4,70.0,OPPORTUNITY/HINDSIGHT,09:35,10:15,10:15,10:30,10:30,10:40
2026-03-03,META,put,OTM1,mid,60.0,3,70.0,OPPORTUNITY/HINDSIGHT,09:35,10:15,10:15,10:40,10:40,10:45
2026-03-03,META,put,OTM1,mid,70.0,3,70.0,OPPORTUNITY/HINDSIGHT,09:35,10:15,10:15,10:40,10:40,10:45
2026-03-03,META,put,OTM1,mid,75.0,3,70.0,OPPORTUNITY/HINDSIGHT,09:35,10:15,10:15,10:40,10:40,10:45
2026-03-03,META,put,OTM1,mid,80.0,3,70.0,OPPORTUNITY/HINDSIGHT,09:35,10:15,10:15,10:40,10:40,10:45
2026-03-03,META,put,OTM1,mid,90.0,3,70.0,OPPORTUNITY/HINDSIGHT,09:35,10:15,10:15,10:40,10:40,10:45
2026-03-03,META,put,OTM1,mid,100.0,3,70.0,OPPORTUNITY/HINDSIGHT,09:35,10:25,10:25,10:40,10:40,10:45
2026-03-03,META,put,OTM1,market,20.0,4,70.0,OPPORTUNITY/HINDSIGHT,09:35,10:15,10:15,10:30,10:30,10:40
2026-03-03,META,put,OTM1,market,25.0,4,70.0,OPPORTUNITY/HINDSIGHT,09:35,10:15,10:15,10:30,10:30,10:40
2026-03-03,META,put,OTM1,market,30.0,4,70.0,OPPORTUNITY/HINDSIGHT,09:35,10:15,10:15,10:30,10:30,10:40
2026-03-03,META,put,OTM1,market,40.0,4,70.0,OPPORTUNITY/HINDSIGHT,09:35,10:15,10:15,10:30,10:30,10:40
2026-03-03,META,put,OTM1,market,50.0,3,70.0,OPPORTUNITY/HINDSIGHT,09:35,10:15,10:15,10:30,10:30,10:45
2026-03-03,META,put,OTM1,market,60.0,3,70.0,OPPORTUNITY/HINDSIGHT,09:35,10:15,10:15,10:40,10:40,10:45
2026-03-03,META,put,OTM1,market,70.0,3,70.0,OPPORTUNITY/HINDSIGHT,09:35,10:15,10:15,10:40,10:40,10:45
2026-03-03,META,put,OTM1,market,75.0,3,70.0,OPPORTUNITY/HINDSIGHT,09:35,10:15,10:15,10:40,10:40,10:45
2026-03-03,META,put,OTM1,market,80.0,3,70.0,OPPORTUNITY/HINDSIGHT,09:35,10:15,10:15,10:40,10:40,10:45
2026-03-03,META,put,OTM1,market,90.0,3,70.0,OPPORTUNITY/HINDSIGHT,09:35,10:15,10:15,10:40,10:40,10:45
2026-03-03,META,put,OTM1,market,100.0,3,110.0,OPPORTUNITY/HINDSIGHT,09:35,10:25,10:25,10:40,10:40,11:25
2026-03-03,META,put,ATM,mid,20.0,6,125.0,OPPORTUNITY/HINDSIGHT,09:35,10:15,10:15,10:30,10:30,10:40
2026-03-03,META,put,ATM,mid,25.0,6,125.0,OPPORTUNITY/HINDSIGHT,09:35,10:15,10:15,10:30,10:30,10:40
2026-03-03,META,put,ATM,mid,30.0,6,130.0,OPPORTUNITY/HINDSIGHT,09:35,10:15,10:15,10:30,10:30,10:40
2026-03-03,META,put,ATM,mid,40.0,5,130.0,OPPORTUNITY/HINDSIGHT,09:35,10:15,10:15,10:30,10:30,10:45
2026-03-03,META,put,ATM,mid,50.0,5,130.0,OPPORTUNITY/HINDSIGHT,09:35,10:15,10:15,10:40,10:40,10:45
2026-03-03,META,put,ATM,mid,60.0,5,135.0,OPPORTUNITY/HINDSIGHT,09:35,10:15,10:15,10:40,10:40,10:45
2026-03-03,META,put,ATM,mid,70.0,5,140.0,OPPORTUNITY/HINDSIGHT,09:35,10:25,10:25,10:40,10:40,11:25
2026-03-03,META,put,ATM,mid,75.0,4,140.0,OPPORTUNITY/HINDSIGHT,09:35,10:25,10:25,10:45,10:45,11:40
2026-03-03,META,put,ATM,mid,80.0,4,140.0,OPPORTUNITY/HINDSIGHT,09:35,10:25,10:25,10:45,10:45,11:40
2026-03-03,META,put,ATM,mid,90.0,4,140.0,OPPORTUNITY/HINDSIGHT,09:35,10:30,10:30,10:45,10:45,11:40
2026-03-03,META,put,ATM,mid,100.0,4,140.0,OPPORTUNITY/HINDSIGHT,09:35,10:30,10:30,10:45,10:45,11:40
2026-03-03,META,put,ATM,market,20.0,6,125.0,OPPORTUNITY/HINDSIGHT,09:35,10:15,10:15,10:30,10:30,10:40
2026-03-03,META,put,ATM,market,25.0,6,130.0,OPPORTUNITY/HINDSIGHT,09:35,10:15,10:15,10:30,10:30,10:40
2026-03-03,META,put,ATM,market,30.0,6,130.0,OPPORTUNITY/HINDSIGHT,09:35,10:15,10:15,10:30,10:30,10:40
2026-03-03,META,put,ATM,market,40.0,5,130.0,OPPORTUNITY/HINDSIGHT,09:35,10:15,10:15,10:40,10:40,10:45
2026-03-03,META,put,ATM,market,50.0,5,135.0,OPPORTUNITY/HINDSIGHT,09:35,10:15,10:15,10:40,10:40,10:45
2026-03-03,META,put,ATM,market,60.0,5,140.0,OPPORTUNITY/HINDSIGHT,09:35,10:15,10:15,10:40,10:40,11:25
2026-03-03,META,put,ATM,market,70.0,4,140.0,OPPORTUNITY/HINDSIGHT,09:35,10:25,10:25,10:45,10:45,11:40
2026-03-03,META,put,ATM,market,75.0,4,140.0,OPPORTUNITY/HINDSIGHT,09:35,10:25,10:25,10:45,10:45,11:40
2026-03-03,META,put,ATM,market,80.0,4,140.0,OPPORTUNITY/HINDSIGHT,09:35,10:30,10:30,10:45,10:45,11:40
2026-03-03,META,put,ATM,market,90.0,4,140.0,OPPORTUNITY/HINDSIGHT,09:35,10:30,10:30,10:45,10:45,11:40
2026-03-03,META,put,ATM,market,100.0,4,165.0,OPPORTUNITY/HINDSIGHT,09:35,10:30,10:30,10:45,10:45,11:40
2026-03-03,META,put,ITM,mid,20.0,14,325.0,OPPORTUNITY/HINDSIGHT,09:35,10:15,10:15,10:30,10:30,10:40
2026-03-03,META,put,ITM,mid,25.0,12,335.0,OPPORTUNITY/HINDSIGHT,09:35,10:15,10:15,10:30,10:30,10:40
2026-03-03,META,put,ITM,mid,30.0,9,310.0,OPPORTUNITY/HINDSIGHT,09:35,10:15,10:15,10:40,10:40,10:45
2026-03-03,META,put,ITM,mid,40.0,9,290.0,OPPORTUNITY/HINDSIGHT,09:35,10:15,10:15,10:40,10:40,10:45
2026-03-03,META,put,ITM,mid,50.0,6,335.0,OPPORTUNITY/HINDSIGHT,09:35,10:25,10:25,10:45,10:45,11:40
2026-03-03,META,put,ITM,mid,60.0,5,195.0,OPPORTUNITY/HINDSIGHT,09:35,10:30,10:30,10:45,10:45,11:40
2026-03-03,META,put,ITM,mid,70.0,5,195.0,OPPORTUNITY/HINDSIGHT,09:35,10:30,10:30,10:45,10:45,11:40
2026-03-03,META,put,ITM,mid,75.0,4,230.0,OPPORTUNITY/HINDSIGHT,09:35,10:40,10:40,11:35,11:35,11:45
2026-03-03,META,put,ITM,mid,80.0,4,260.0,OPPORTUNITY/HINDSIGHT,09:35,10:40,10:40,11:40,11:40,12:40
2026-03-03,META,put,ITM,mid,90.0,3,195.0,OPPORTUNITY/HINDSIGHT,09:35,10:40,10:40,11:40,11:40,12:50
2026-03-03,META,put,ITM,mid,100.0,3,195.0,OPPORTUNITY/HINDSIGHT,09:35,10:40,10:40,11:40,11:40,12:50
2026-03-03,META,put,ITM,market,20.0,12,335.0,OPPORTUNITY/HINDSIGHT,09:35,10:15,10:15,10:30,10:30,10:40
2026-03-03,META,put,ITM,market,25.0,9,310.0,OPPORTUNITY/HINDSIGHT,09:35,10:15,10:15,10:40,10:40,10:45
2026-03-03,META,put,ITM,market,30.0,9,225.0,OPPORTUNITY/HINDSIGHT,09:35,10:15,10:15,10:40,10:40,10:45
2026-03-03,META,put,ITM,market,40.0,8,230.0,OPPORTUNITY/HINDSIGHT,09:35,10:15,10:15,10:40,10:40,11:25
2026-03-03,META,put,ITM,market,50.0,6,355.0,OPPORTUNITY/HINDSIGHT,09:35,10:30,10:30,10:45,10:45,11:40
2026-03-03,META,put,ITM,market,60.0,5,195.0,OPPORTUNITY/HINDSIGHT,09:35,10:30,10:30,10:45,10:45,11:40
2026-03-03,META,put,ITM,market,70.0,4,230.0,OPPORTUNITY/HINDSIGHT,09:35,10:40,10:40,11:35,11:35,11:45
2026-03-03,META,put,ITM,market,75.0,4,265.0,OPPORTUNITY/HINDSIGHT,09:35,10:40,10:40,11:40,11:40,12:40
2026-03-03,META,put,ITM,market,80.0,3,185.0,OPPORTUNITY/HINDSIGHT,09:35,10:40,10:40,11:40,11:40,12:40
2026-03-03,META,put,ITM,market,90.0,3,195.0,OPPORTUNITY/HINDSIGHT,09:35,10:40,10:40,11:40,11:40,12:50
2026-03-03,META,put,ITM,market,100.0,3,225.0,OPPORTUNITY/HINDSIGHT,09:35,10:45,10:45,11:45,11:50,13:25
2026-03-04,META,call,ITM,mid,20.0,9,275.0,OPPORTUNITY/HINDSIGHT,09:35,09:40,09:40,09:45,09:45,09:55
2026-03-04,META,call,ITM,mid,25.0,9,270.0,OPPORTUNITY/HINDSIGHT,09:35,09:40,09:40,09:45,09:45,10:15
2026-03-04,META,call,ITM,mid,30.0,10,265.0,OPPORTUNITY/HINDSIGHT,09:35,09:40,09:40,09:45,09:45,10:15
2026-03-04,META,call,ITM,mid,40.0,7,275.0,OPPORTUNITY/HINDSIGHT,09:35,09:45,09:45,10:30,10:45,11:05
2026-03-04,META,call,ITM,mid,50.0,7,255.0,OPPORTUNITY/HINDSIGHT,09:35,09:45,09:45,10:30,10:45,11:10
2026-03-04,META,call,ITM,mid,60.0,7,240.0,OPPORTUNITY/HINDSIGHT,09:35,09:45,10:00,10:15,10:45,11:15
2026-03-04,META,call,ITM,mid,70.0,5,245.0,OPPORTUNITY/HINDSIGHT,09:35,09:45,10:00,10:15,10:45,12:50
2026-03-04,META,call,ITM,mid,75.0,5,245.0,OPPORTUNITY/HINDSIGHT,09:35,09:45,10:00,10:15,10:45,12:50
2026-03-04,META,call,ITM,mid,80.0,5,245.0,OPPORTUNITY/HINDSIGHT,09:35,09:45,10:00,10:15,10:45,12:50
2026-03-04,META,call,ITM,mid,90.0,5,235.0,OPPORTUNITY/HINDSIGHT,09:35,09:45,10:00,10:15,10:45,12:55
2026-03-04,META,call,ITM,mid,100.0,5,245.0,OPPORTUNITY/HINDSIGHT,09:35,09:45,10:00,10:25,10:45,12:55
2026-03-04,META,call,ITM,market,20.0,9,270.0,OPPORTUNITY/HINDSIGHT,09:35,09:40,09:40,09:45,09:45,10:15
2026-03-04,META,call,ITM,market,25.0,10,265.0,OPPORTUNITY/HINDSIGHT,09:35,09:40,09:40,09:45,09:45,10:15
2026-03-04,META,call,ITM,market,30.0,7,270.0,OPPORTUNITY/HINDSIGHT,09:35,09:45,09:45,10:25,10:45,11:05
2026-03-04,META,call,ITM,market,40.0,7,270.0,OPPORTUNITY/HINDSIGHT,09:35,09:45,09:45,10:30,10:45,11:10
2026-03-04,META,call,ITM,market,50.0,7,260.0,OPPORTUNITY/HINDSIGHT,09:35,09:45,09:50,10:30,10:45,11:15
2026-03-04,META,call,ITM,market,60.0,5,245.0,OPPORTUNITY/HINDSIGHT,09:35,09:45,10:00,10:15,10:45,12:50
2026-03-04,META,call,ITM,market,70.0,5,245.0,OPPORTUNITY/HINDSIGHT,09:35,09:45,10:00,10:15,10:45,12:50
2026-03-04,META,call,ITM,market,75.0,5,230.0,OPPORTUNITY/HINDSIGHT,09:35,09:45,10:00,10:15,10:45,12:55
2026-03-04,META,call,ITM,market,80.0,5,230.0,OPPORTUNITY/HINDSIGHT,09:35,09:45,10:00,10:15,10:45,12:55
2026-03-04,META,call,ITM,market,90.0,5,235.0,OPPORTUNITY/HINDSIGHT,09:35,09:45,10:00,10:15,10:45,12:55
2026-03-04,META,call,ITM,market,100.0,4,205.0,OPPORTUNITY/HINDSIGHT,09:35,09:55,10:00,10:25,11:20,12:55
2026-03-04,META,call,ATM,mid,20.0,13,300.0,OPPORTUNITY/HINDSIGHT,09:35,09:40,09:40,09:45,09:45,09:55
2026-03-04,META,call,ATM,mid,25.0,12,300.0,OPPORTUNITY/HINDSIGHT,09:35,09:40,09:40,09:45,09:45,09:55
2026-03-04,META,call,ATM,mid,30.0,10,285.0,OPPORTUNITY/HINDSIGHT,09:35,09:40,09:40,09:45,09:45,09:55
2026-03-04,META,call,ATM,mid,40.0,9,275.0,OPPORTUNITY/HINDSIGHT,09:35,09:40,09:40,09:45,09:45,10:15
2026-03-04,META,call,ATM,mid,50.0,8,265.0,OPPORTUNITY/HINDSIGHT,09:35,09:45,09:45,10:25,10:45,11:05
2026-03-04,META,call,ATM,mid,60.0,8,265.0,OPPORTUNITY/HINDSIGHT,09:35,09:45,09:45,10:30,10:45,11:10
2026-03-04,META,call,ATM,mid,70.0,8,255.0,OPPORTUNITY/HINDSIGHT,09:35,09:45,09:45,10:30,10:45,11:10
2026-03-04,META,call,ATM,mid,75.0,7,260.0,OPPORTUNITY/HINDSIGHT,09:35,09:45,09:45,10:30,10:45,11:10
2026-03-04,META,call,ATM,mid,80.0,7,260.0,OPPORTUNITY/HINDSIGHT,09:35,09:45,09:50,10:30,10:45,11:15
2026-03-04,META,call,ATM,mid,90.0,5,245.0,OPPORTUNITY/HINDSIGHT,09:35,09:45,10:00,10:15,10:45,12:50
2026-03-04,META,call,ATM,mid,100.0,5,245.0,OPPORTUNITY/HINDSIGHT,09:35,09:45,10:00,10:15,10:45,12:50
2026-03-04,META,call,ATM,market,20.0,12,300.0,OPPORTUNITY/HINDSIGHT,09:35,09:40,09:40,09:45,09:45,09:55
2026-03-04,META,call,ATM,market,25.0,10,285.0,OPPORTUNITY/HINDSIGHT,09:35,09:40,09:40,09:45,09:45,09:55
2026-03-04,META,call,ATM,market,30.0,10,280.0,OPPORTUNITY/HINDSIGHT,09:35,09:40,09:40,09:45,09:45,10:15
2026-03-04,META,call,ATM,market,40.0,7,275.0,OPPORTUNITY/HINDSIGHT,09:35,09:45,09:45,10:25,10:45,11:05
2026-03-04,META,call,ATM,market,50.0,7,275.0,OPPORTUNITY/HINDSIGHT,09:35,09:45,09:45,10:30,10:45,11:05
2026-03-04,META,call,ATM,market,60.0,8,265.0,OPPORTUNITY/HINDSIGHT,09:35,09:45,09:45,10:30,10:45,11:10
2026-03-04,META,call,ATM,market,70.0,7,260.0,OPPORTUNITY/HINDSIGHT,09:35,09:45,09:50,10:30,10:45,11:15
2026-03-04,META,call,ATM,market,75.0,7,260.0,OPPORTUNITY/HINDSIGHT,09:35,09:45,09:50,10:30,10:45,11:15
2026-03-04,META,call,ATM,market,80.0,7,235.0,OPPORTUNITY/HINDSIGHT,09:35,09:45,10:00,10:15,10:45,11:15
2026-03-04,META,call,ATM,market,90.0,5,245.0,OPPORTUNITY/HINDSIGHT,09:35,09:45,10:00,10:15,10:45,12:50
2026-03-04,META,call,ATM,market,100.0,5,245.0,OPPORTUNITY/HINDSIGHT,09:35,09:45,10:00,10:15,10:45,12:50
2026-03-04,META,call,OTM1,mid,20.0,15,260.0,OPPORTUNITY/HINDSIGHT,09:35,09:40,09:40,09:45,09:45,09:55
2026-03-04,META,call,OTM1,mid,25.0,14,260.0,OPPORTUNITY/HINDSIGHT,09:35,09:40,09:40,09:45,09:45,09:55
2026-03-04,META,call,OTM1,mid,30.0,11,265.0,OPPORTUNITY/HINDSIGHT,09:35,09:40,09:40,09:45,09:45,09:55
2026-03-04,META,call,OTM1,mid,40.0,11,270.0,OPPORTUNITY/HINDSIGHT,09:35,09:40,09:40,09:45,09:45,09:55
2026-03-04,META,call,OTM1,mid,50.0,9,245.0,OPPORTUNITY/HINDSIGHT,09:35,09:40,09:40,09:45,09:45,10:15
2026-03-04,META,call,OTM1,mid,60.0,7,240.0,OPPORTUNITY/HINDSIGHT,09:35,09:45,09:45,10:15,10:45,11:05
2026-03-04,META,call,OTM1,mid,70.0,8,235.0,OPPORTUNITY/HINDSIGHT,09:35,09:45,09:45,10:25,10:45,11:05
2026-03-04,META,call,OTM1,mid,75.0,8,245.0,OPPORTUNITY/HINDSIGHT,09:35,09:45,09:45,10:30,10:45,11:05
2026-03-04,META,call,OTM1,mid,80.0,8,240.0,OPPORTUNITY/HINDSIGHT,09:35,09:45,09:45,10:30,10:45,11:10
2026-03-04,META,call,OTM1,mid,90.0,7,245.0,OPPORTUNITY/HINDSIGHT,09:35,09:45,09:45,10:30,10:45,11:10
2026-03-04,META,call,OTM1,mid,100.0,7,245.0,OPPORTUNITY/HINDSIGHT,09:35,09:45,09:45,10:30,10:45,11:10
2026-03-04,META,call,OTM1,market,20.0,14,260.0,OPPORTUNITY/HINDSIGHT,09:35,09:40,09:40,09:45,09:45,09:55
2026-03-04,META,call,OTM1,market,25.0,11,265.0,OPPORTUNITY/HINDSIGHT,09:35,09:40,09:40,09:45,09:45,09:55
2026-03-04,META,call,OTM1,market,30.0,11,265.0,OPPORTUNITY/HINDSIGHT,09:35,09:40,09:40,09:45,09:45,09:55
2026-03-04,META,call,OTM1,market,40.0,9,245.0,OPPORTUNITY/HINDSIGHT,09:35,09:40,09:40,09:45,09:45,10:15
2026-03-04,META,call,OTM1,market,50.0,9,245.0,OPPORTUNITY/HINDSIGHT,09:35,09:40,09:40,09:45,09:45,10:15
2026-03-04,META,call,OTM1,market,60.0,8,235.0,OPPORTUNITY/HINDSIGHT,09:35,09:45,09:45,10:25,10:45,11:05
2026-03-04,META,call,OTM1,market,70.0,8,245.0,OPPORTUNITY/HINDSIGHT,09:35,09:45,09:45,10:30,10:45,11:05
2026-03-04,META,call,OTM1,market,75.0,7,245.0,OPPORTUNITY/HINDSIGHT,09:35,09:45,09:45,10:30,10:45,11:10
2026-03-04,META,call,OTM1,market,80.0,7,245.0,OPPORTUNITY/HINDSIGHT,09:35,09:45,09:45,10:30,10:45,11:10
2026-03-04,META,call,OTM1,market,90.0,7,245.0,OPPORTUNITY/HINDSIGHT,09:35,09:45,09:45,10:30,10:45,11:10
2026-03-04,META,call,OTM1,market,100.0,7,245.0,OPPORTUNITY/HINDSIGHT,09:35,09:45,09:50,10:30,10:45,11:15
2026-03-04,META,call,OTM2+,mid,20.0,9,55.0,OPPORTUNITY/HINDSIGHT,09:35,09:40,09:40,09:45,11:30,11:35
2026-03-04,META,call,OTM2+,mid,25.0,9,55.0,OPPORTUNITY/HINDSIGHT,09:35,09:40,09:40,09:45,11:30,11:35
2026-03-04,META,call,OTM2+,mid,30.0,9,55.0,OPPORTUNITY/HINDSIGHT,09:35,09:40,09:40,09:45,11:30,11:35
2026-03-04,META,call,OTM2+,mid,40.0,9,55.0,OPPORTUNITY/HINDSIGHT,09:35,09:40,09:40,09:45,11:30,11:35
2026-03-04,META,call,OTM2+,mid,50.0,9,55.0,OPPORTUNITY/HINDSIGHT,09:35,09:40,09:40,09:45,11:30,11:35
2026-03-04,META,call,OTM2+,mid,60.0,8,55.0,OPPORTUNITY/HINDSIGHT,09:35,09:40,09:40,09:45,11:30,11:35
2026-03-04,META,call,OTM2+,mid,70.0,8,60.0,OPPORTUNITY/HINDSIGHT,09:35,09:40,09:40,09:45,11:30,11:35
2026-03-04,META,call,OTM2+,mid,75.0,5,95.0,OPPORTUNITY/HINDSIGHT,09:35,09:40,09:40,09:45,11:30,12:25
2026-03-04,META,call,OTM2+,mid,80.0,4,95.0,OPPORTUNITY/HINDSIGHT,09:35,09:45,11:30,12:25,12:45,12:50
2026-03-04,META,call,OTM2+,mid,90.0,4,95.0,OPPORTUNITY/HINDSIGHT,09:35,09:45,11:30,12:25,12:45,12:50
2026-03-04,META,call,OTM2+,mid,100.0,4,95.0,OPPORTUNITY/HINDSIGHT,09:35,09:45,11:30,12:25,12:45,12:50
2026-03-04,META,call,OTM2+,market,20.0,9,55.0,OPPORTUNITY/HINDSIGHT,09:35,09:40,09:40,09:45,11:30,11:35
2026-03-04,META,call,OTM2+,market,25.0,9,55.0,OPPORTUNITY/HINDSIGHT,09:35,09:40,09:40,09:45,11:30,11:35
2026-03-04,META,call,OTM2+,market,30.0,9,55.0,OPPORTUNITY/HINDSIGHT,09:35,09:40,09:40,09:45,11:30,11:35
2026-03-04,META,call,OTM2+,market,40.0,9,55.0,OPPORTUNITY/HINDSIGHT,09:35,09:40,09:40,09:45,11:30,11:35
2026-03-04,META,call,OTM2+,market,50.0,8,55.0,OPPORTUNITY/HINDSIGHT,09:35,09:40,09:40,09:45,11:30,11:35
2026-03-04,META,call,OTM2+,market,60.0,8,60.0,OPPORTUNITY/HINDSIGHT,09:35,09:40,09:40,09:45,11:30,11:35
2026-03-04,META,call,OTM2+,market,70.0,5,95.0,OPPORTUNITY/HINDSIGHT,09:35,09:40,09:40,09:45,11:30,12:25
2026-03-04,META,call,OTM2+,market,75.0,4,95.0,OPPORTUNITY/HINDSIGHT,09:35,09:45,11:30,12:25,12:45,12:50
2026-03-04,META,call,OTM2+,market,80.0,4,95.0,OPPORTUNITY/HINDSIGHT,09:35,09:45,11:30,12:25,12:45,12:50
2026-03-04,META,call,OTM2+,market,90.0,4,95.0,OPPORTUNITY/HINDSIGHT,09:35,09:45,11:30,12:25,12:45,12:50
2026-03-04,META,call,OTM2+,market,100.0,4,95.0,OPPORTUNITY/HINDSIGHT,09:35,09:45,11:30,12:25,12:45,12:50
2026-03-04,META,put,OTM2+,mid,20.0,5,315.0,OPPORTUNITY/HINDSIGHT,09:45,10:00,10:00,11:45,11:55,12:00
2026-03-04,META,put,OTM2+,mid,25.0,5,315.0,OPPORTUNITY/HINDSIGHT,09:45,10:00,10:00,11:45,11:55,12:00
2026-03-04,META,put,OTM2+,mid,30.0,5,315.0,OPPORTUNITY/HINDSIGHT,09:45,10:00,10:00,11:45,11:55,12:00
2026-03-04,META,put,OTM2+,mid,40.0,5,315.0,OPPORTUNITY/HINDSIGHT,09:45,10:00,10:00,11:45,11:55,12:00
2026-03-04,META,put,OTM2+,mid,50.0,5,320.0,OPPORTUNITY/HINDSIGHT,09:45,10:00,10:00,11:50,11:55,12:00
2026-03-04,META,put,OTM2+,mid,60.0,5,320.0,OPPORTUNITY/HINDSIGHT,09:45,10:00,10:00,11:50,11:55,12:00
2026-03-04,META,put,OTM2+,mid,70.0,2,330.0,OPPORTUNITY/HINDSIGHT,09:45,10:00,10:00,15:15,,
2026-03-04,META,put,OTM2+,mid,75.0,2,330.0,OPPORTUNITY/HINDSIGHT,09:45,10:00,10:00,15:15,,
2026-03-04,META,put,OTM2+,mid,80.0,2,330.0,OPPORTUNITY/HINDSIGHT,09:45,10:00,10:00,15:15,,
2026-03-04,META,put,OTM2+,mid,90.0,2,330.0,OPPORTUNITY/HINDSIGHT,09:45,10:00,10:00,15:15,,
2026-03-04,META,put,OTM2+,mid,100.0,2,330.0,OPPORTUNITY/HINDSIGHT,09:45,10:00,10:00,15:15,,
2026-03-04,META,put,OTM2+,market,20.0,5,315.0,OPPORTUNITY/HINDSIGHT,09:45,10:00,10:00,11:45,11:55,12:00
2026-03-04,META,put,OTM2+,market,25.0,5,315.0,OPPORTUNITY/HINDSIGHT,09:45,10:00,10:00,11:45,11:55,12:00
2026-03-04,META,put,OTM2+,market,30.0,5,315.0,OPPORTUNITY/HINDSIGHT,09:45,10:00,10:00,11:45,11:55,12:00
2026-03-04,META,put,OTM2+,market,40.0,5,320.0,OPPORTUNITY/HINDSIGHT,09:45,10:00,10:00,11:50,11:55,12:00
2026-03-04,META,put,OTM2+,market,50.0,5,320.0,OPPORTUNITY/HINDSIGHT,09:45,10:00,10:00,11:50,11:55,12:00
2026-03-04,META,put,OTM2+,market,60.0,2,330.0,OPPORTUNITY/HINDSIGHT,09:45,10:00,10:00,15:15,,
2026-03-04,META,put,OTM2+,market,70.0,2,330.0,OPPORTUNITY/HINDSIGHT,09:45,10:00,10:00,15:15,,
2026-03-04,META,put,OTM2+,market,75.0,2,330.0,OPPORTUNITY/HINDSIGHT,09:45,10:00,10:00,15:15,,
2026-03-04,META,put,OTM2+,market,80.0,2,330.0,OPPORTUNITY/HINDSIGHT,09:45,10:00,10:00,15:15,,
2026-03-04,META,put,OTM2+,market,90.0,2,330.0,OPPORTUNITY/HINDSIGHT,09:45,10:00,10:00,15:15,,
2026-03-04,META,put,OTM2+,market,100.0,2,330.0,OPPORTUNITY/HINDSIGHT,09:45,10:00,10:00,15:15,,
2026-03-04,META,put,OTM1,mid,20.0,1,340.0,OPPORTUNITY/HINDSIGHT,09:35,15:15,,,,
2026-03-04,META,put,OTM1,mid,25.0,1,340.0,OPPORTUNITY/HINDSIGHT,09:35,15:15,,,,
2026-03-04,META,put,OTM1,mid,30.0,1,340.0,OPPORTUNITY/HINDSIGHT,09:35,15:15,,,,
2026-03-04,META,put,OTM1,mid,40.0,1,340.0,OPPORTUNITY/HINDSIGHT,09:35,15:15,,,,
2026-03-04,META,put,OTM1,mid,50.0,1,340.0,OPPORTUNITY/HINDSIGHT,09:35,15:15,,,,
2026-03-04,META,put,OTM1,mid,60.0,1,380.0,OPPORTUNITY/HINDSIGHT,09:35,15:55,,,,
2026-03-04,META,put,OTM1,mid,70.0,1,335.0,OPPORTUNITY/HINDSIGHT,09:40,15:15,,,,
2026-03-04,META,put,OTM1,mid,75.0,1,335.0,OPPORTUNITY/HINDSIGHT,09:40,15:15,,,,
2026-03-04,META,put,OTM1,mid,80.0,1,335.0,OPPORTUNITY/HINDSIGHT,09:40,15:15,,,,
2026-03-04,META,put,OTM1,mid,90.0,1,335.0,OPPORTUNITY/HINDSIGHT,09:40,15:15,,,,
2026-03-04,META,put,OTM1,mid,100.0,1,335.0,OPPORTUNITY/HINDSIGHT,09:40,15:15,,,,
2026-03-04,META,put,OTM1,market,20.0,1,340.0,OPPORTUNITY/HINDSIGHT,09:35,15:15,,,,
2026-03-04,META,put,OTM1,market,25.0,1,340.0,OPPORTUNITY/HINDSIGHT,09:35,15:15,,,,
2026-03-04,META,put,OTM1,market,30.0,1,340.0,OPPORTUNITY/HINDSIGHT,09:35,15:15,,,,
2026-03-04,META,put,OTM1,market,40.0,1,340.0,OPPORTUNITY/HINDSIGHT,09:35,15:15,,,,
2026-03-04,META,put,OTM1,market,50.0,1,380.0,OPPORTUNITY/HINDSIGHT,09:35,15:55,,,,
2026-03-04,META,put,OTM1,market,60.0,1,380.0,OPPORTUNITY/HINDSIGHT,09:35,15:55,,,,
2026-03-04,META,put,OTM1,market,70.0,1,335.0,OPPORTUNITY/HINDSIGHT,09:40,15:15,,,,
2026-03-04,META,put,OTM1,market,75.0,1,335.0,OPPORTUNITY/HINDSIGHT,09:40,15:15,,,,
2026-03-04,META,put,OTM1,market,80.0,1,335.0,OPPORTUNITY/HINDSIGHT,09:40,15:15,,,,
2026-03-04,META,put,OTM1,market,90.0,1,335.0,OPPORTUNITY/HINDSIGHT,09:40,15:15,,,,
2026-03-04,META,put,OTM1,market,100.0,1,335.0,OPPORTUNITY/HINDSIGHT,09:40,15:15,,,,
2026-03-04,META,put,ATM,mid,20.0,2,375.0,OPPORTUNITY/HINDSIGHT,09:35,15:15,15:20,15:55,,
2026-03-04,META,put,ATM,mid,25.0,2,375.0,OPPORTUNITY/HINDSIGHT,09:35,15:15,15:20,15:55,,
2026-03-04,META,put,ATM,mid,30.0,2,375.0,OPPORTUNITY/HINDSIGHT,09:35,15:15,15:20,15:55,,
2026-03-04,META,put,ATM,mid,40.0,2,375.0,OPPORTUNITY/HINDSIGHT,09:35,15:15,15:20,15:55,,
2026-03-04,META,put,ATM,mid,50.0,2,365.0,OPPORTUNITY/HINDSIGHT,09:35,15:15,15:25,15:50,,
2026-03-04,META,put,ATM,mid,60.0,2,365.0,OPPORTUNITY/HINDSIGHT,09:35,15:15,15:25,15:50,,
2026-03-04,META,put,ATM,mid,70.0,2,365.0,OPPORTUNITY/HINDSIGHT,09:35,15:15,15:25,15:50,,
2026-03-04,META,put,ATM,mid,75.0,2,365.0,OPPORTUNITY/HINDSIGHT,09:35,15:15,15:25,15:50,,
2026-03-04,META,put,ATM,mid,80.0,2,365.0,OPPORTUNITY/HINDSIGHT,09:35,15:15,15:25,15:50,,
2026-03-04,META,put,ATM,mid,90.0,2,365.0,OPPORTUNITY/HINDSIGHT,09:35,15:15,15:25,15:50,,
2026-03-04,META,put,ATM,mid,100.0,1,380.0,OPPORTUNITY/HINDSIGHT,09:35,15:55,,,,
2026-03-04,META,put,ATM,market,20.0,2,375.0,OPPORTUNITY/HINDSIGHT,09:35,15:15,15:20,15:55,,
2026-03-04,META,put,ATM,market,25.0,2,375.0,OPPORTUNITY/HINDSIGHT,09:35,15:15,15:20,15:55,,
2026-03-04,META,put,ATM,market,30.0,2,375.0,OPPORTUNITY/HINDSIGHT,09:35,15:15,15:20,15:55,,
2026-03-04,META,put,ATM,market,40.0,2,365.0,OPPORTUNITY/HINDSIGHT,09:35,15:15,15:25,15:50,,
2026-03-04,META,put,ATM,market,50.0,2,365.0,OPPORTUNITY/HINDSIGHT,09:35,15:15,15:25,15:50,,
2026-03-04,META,put,ATM,market,60.0,2,365.0,OPPORTUNITY/HINDSIGHT,09:35,15:15,15:25,15:50,,
2026-03-04,META,put,ATM,market,70.0,2,365.0,OPPORTUNITY/HINDSIGHT,09:35,15:15,15:25,15:50,,
2026-03-04,META,put,ATM,market,75.0,2,365.0,OPPORTUNITY/HINDSIGHT,09:35,15:15,15:25,15:50,,
2026-03-04,META,put,ATM,market,80.0,2,365.0,OPPORTUNITY/HINDSIGHT,09:35,15:15,15:25,15:50,,
2026-03-04,META,put,ATM,market,90.0,1,380.0,OPPORTUNITY/HINDSIGHT,09:35,15:55,,,,
2026-03-04,META,put,ATM,market,100.0,1,380.0,OPPORTUNITY/HINDSIGHT,09:35,15:55,,,,
2026-03-04,META,put,ITM,mid,20.0,2,375.0,OPPORTUNITY/HINDSIGHT,09:35,15:15,15:20,15:55,,
2026-03-04,META,put,ITM,mid,25.0,2,365.0,OPPORTUNITY/HINDSIGHT,09:35,15:15,15:25,15:50,,
2026-03-04,META,put,ITM,mid,30.0,2,365.0,OPPORTUNITY/HINDSIGHT,09:35,15:15,15:25,15:50,,
2026-03-04,META,put,ITM,mid,40.0,2,365.0,OPPORTUNITY/HINDSIGHT,09:35,15:15,15:25,15:50,,
2026-03-04,META,put,ITM,mid,50.0,2,365.0,OPPORTUNITY/HINDSIGHT,09:35,15:15,15:25,15:50,,
2026-03-04,META,put,ITM,mid,60.0,2,365.0,OPPORTUNITY/HINDSIGHT,09:35,15:15,15:25,15:50,,
2026-03-04,META,put,ITM,mid,70.0,2,365.0,OPPORTUNITY/HINDSIGHT,09:35,15:15,15:25,15:50,,
2026-03-04,META,put,ITM,mid,75.0,2,365.0,OPPORTUNITY/HINDSIGHT,09:35,15:15,15:25,15:50,,
2026-03-04,META,put,ITM,mid,80.0,1,380.0,OPPORTUNITY/HINDSIGHT,09:35,15:55,,,,
2026-03-04,META,put,ITM,mid,90.0,2,365.0,OPPORTUNITY/HINDSIGHT,09:40,15:15,15:25,15:55,,
2026-03-04,META,put,ITM,mid,100.0,2,365.0,OPPORTUNITY/HINDSIGHT,09:40,15:15,15:25,15:55,,
2026-03-04,META,put,ITM,market,20.0,2,365.0,OPPORTUNITY/HINDSIGHT,09:35,15:15,15:25,15:50,,
2026-03-04,META,put,ITM,market,25.0,2,365.0,OPPORTUNITY/HINDSIGHT,09:35,15:15,15:25,15:50,,
2026-03-04,META,put,ITM,market,30.0,2,365.0,OPPORTUNITY/HINDSIGHT,09:35,15:15,15:25,15:50,,
2026-03-04,META,put,ITM,market,40.0,2,365.0,OPPORTUNITY/HINDSIGHT,09:35,15:15,15:25,15:50,,
2026-03-04,META,put,ITM,market,50.0,2,365.0,OPPORTUNITY/HINDSIGHT,09:35,15:15,15:25,15:50,,
2026-03-04,META,put,ITM,market,60.0,2,365.0,OPPORTUNITY/HINDSIGHT,09:35,15:15,15:25,15:50,,
2026-03-04,META,put,ITM,market,70.0,1,380.0,OPPORTUNITY/HINDSIGHT,09:35,15:55,,,,
2026-03-04,META,put,ITM,market,75.0,1,380.0,OPPORTUNITY/HINDSIGHT,09:35,15:55,,,,
2026-03-04,META,put,ITM,market,80.0,1,380.0,OPPORTUNITY/HINDSIGHT,09:35,15:55,,,,
2026-03-04,META,put,ITM,market,90.0,2,365.0,OPPORTUNITY/HINDSIGHT,09:40,15:15,15:25,15:55,,
2026-03-04,META,put,ITM,market,100.0,2,360.0,OPPORTUNITY/HINDSIGHT,09:40,15:15,15:30,15:55,,
2026-03-05,META,call,ITM,mid,20.0,8,350.0,OPPORTUNITY/HINDSIGHT,09:35,09:50,09:50,10:35,10:35,10:45
2026-03-05,META,call,ITM,mid,25.0,7,350.0,OPPORTUNITY/HINDSIGHT,09:35,09:50,09:50,10:35,10:35,10:50
2026-03-05,META,call,ITM,mid,30.0,7,350.0,OPPORTUNITY/HINDSIGHT,09:35,09:50,09:50,10:35,10:35,10:50
2026-03-05,META,call,ITM,mid,40.0,5,340.0,OPPORTUNITY/HINDSIGHT,09:35,10:05,10:05,10:35,10:35,10:50
2026-03-05,META,call,ITM,mid,50.0,4,335.0,OPPORTUNITY/HINDSIGHT,09:35,10:35,10:35,10:50,10:55,12:45
2026-03-05,META,call,ITM,mid,60.0,4,320.0,OPPORTUNITY/HINDSIGHT,09:35,10:35,10:35,11:00,11:25,12:45
2026-03-05,META,call,ITM,mid,70.0,4,320.0,OPPORTUNITY/HINDSIGHT,09:35,10:35,10:35,11:00,11:25,12:45
2026-03-05,META,call,ITM,mid,75.0,3,330.0,OPPORTUNITY/HINDSIGHT,09:35,10:35,10:35,12:30,13:25,16:00
2026-03-05,META,call,ITM,mid,80.0,3,345.0,OPPORTUNITY/HINDSIGHT,09:35,10:35,10:35,12:45,13:25,16:00
2026-03-05,META,call,ITM,mid,90.0,3,345.0,OPPORTUNITY/HINDSIGHT,09:35,10:35,10:35,12:45,13:25,16:00
2026-03-05,META,call,ITM,mid,100.0,3,295.0,OPPORTUNITY/HINDSIGHT,09:35,10:40,11:30,12:45,13:25,16:00
2026-03-05,META,call,ITM,market,20.0,7,350.0,OPPORTUNITY/HINDSIGHT,09:35,09:50,09:50,10:35,10:35,10:50
2026-03-05,META,call,ITM,market,25.0,7,350.0,OPPORTUNITY/HINDSIGHT,09:35,09:50,09:50,10:35,10:35,10:50
2026-03-05,META,call,ITM,market,30.0,5,340.0,OPPORTUNITY/HINDSIGHT,09:35,10:05,10:05,10:35,10:35,10:50
2026-03-05,META,call,ITM,market,40.0,5,335.0,OPPORTUNITY/HINDSIGHT,09:35,10:10,10:10,10:35,10:35,10:50
2026-03-05,META,call,ITM,market,50.0,4,310.0,OPPORTUNITY/HINDSIGHT,09:35,10:35,10:35,10:50,11:25,12:45
2026-03-05,META,call,ITM,market,60.0,4,320.0,OPPORTUNITY/HINDSIGHT,09:35,10:35,10:35,11:00,11:25,12:45
2026-03-05,META,call,ITM,market,70.0,3,330.0,OPPORTUNITY/HINDSIGHT,09:35,10:35,10:35,12:30,13:25,16:00
2026-03-05,META,call,ITM,market,75.0,3,345.0,OPPORTUNITY/HINDSIGHT,09:35,10:35,10:35,12:45,13:25,16:00
2026-03-05,META,call,ITM,market,80.0,3,345.0,OPPORTUNITY/HINDSIGHT,09:35,10:35,10:35,12:45,13:25,16:00
2026-03-05,META,call,ITM,market,90.0,3,345.0,OPPORTUNITY/HINDSIGHT,09:35,10:35,10:35,12:45,13:25,16:00
2026-03-05,META,call,ITM,market,100.0,3,290.0,OPPORTUNITY/HINDSIGHT,09:35,10:40,11:30,12:45,13:30,16:00
2026-03-05,META,call,ATM,mid,20.0,10,275.0,OPPORTUNITY/HINDSIGHT,09:35,09:50,09:50,10:35,10:35,10:40
2026-03-05,META,call,ATM,mid,25.0,9,280.0,OPPORTUNITY/HINDSIGHT,09:35,09:50,09:50,10:35,10:35,10:45
2026-03-05,META,call,ATM,mid,30.0,9,280.0,OPPORTUNITY/HINDSIGHT,09:35,09:50,09:50,10:35,10:35,10:45
2026-03-05,META,call,ATM,mid,40.0,5,340.0,OPPORTUNITY/HINDSIGHT,09:35,09:50,09:50,10:35,10:35,10:50
2026-03-05,META,call,ATM,mid,50.0,5,340.0,OPPORTUNITY/HINDSIGHT,09:35,10:05,10:05,10:35,10:35,10:50
2026-03-05,META,call,ATM,mid,60.0,5,340.0,OPPORTUNITY/HINDSIGHT,09:35,10:05,10:05,10:35,10:35,10:50
2026-03-05,META,call,ATM,mid,70.0,4,340.0,OPPORTUNITY/HINDSIGHT,09:35,10:35,10:35,10:50,10:55,12:45
2026-03-05,META,call,ATM,mid,75.0,4,310.0,OPPORTUNITY/HINDSIGHT,09:35,10:35,10:35,10:50,11:25,12:45
2026-03-05,META,call,ATM,mid,80.0,4,310.0,OPPORTUNITY/HINDSIGHT,09:35,10:35,10:35,10:50,11:25,12:45
2026-03-05,META,call,ATM,mid,90.0,4,320.0,OPPORTUNITY/HINDSIGHT,09:35,10:35,10:35,11:00,11:25,12:45
2026-03-05,META,call,ATM,mid,100.0,4,320.0,OPPORTUNITY/HINDSIGHT,09:35,10:35,10:35,11:00,11:25,12:45
2026-03-05,META,call,ATM,market,20.0,9,280.0,OPPORTUNITY/HINDSIGHT,09:35,09:50,09:50,10:35,10:35,10:45
2026-03-05,META,call,ATM,market,25.0,9,280.0,OPPORTUNITY/HINDSIGHT,09:35,09:50,09:50,10:35,10:35,10:45
2026-03-05,META,call,ATM,market,30.0,6,285.0,OPPORTUNITY/HINDSIGHT,09:35,09:50,09:50,10:35,10:35,10:50
2026-03-05,META,call,ATM,market,40.0,5,340.0,OPPORTUNITY/HINDSIGHT,09:35,09:50,09:50,10:35,10:35,10:50
2026-03-05,META,call,ATM,market,50.0,5,340.0,OPPORTUNITY/HINDSIGHT,09:35,10:05,10:05,10:35,10:35,10:50
2026-03-05,META,call,ATM,market,60.0,4,340.0,OPPORTUNITY/HINDSIGHT,09:35,10:35,10:35,10:50,10:55,12:45
2026-03-05,META,call,ATM,market,70.0,4,310.0,OPPORTUNITY/HINDSIGHT,09:35,10:35,10:35,10:50,11:25,12:45
2026-03-05,META,call,ATM,market,75.0,4,310.0,OPPORTUNITY/HINDSIGHT,09:35,10:35,10:35,10:50,11:25,12:45
2026-03-05,META,call,ATM,market,80.0,4,320.0,OPPORTUNITY/HINDSIGHT,09:35,10:35,10:35,11:00,11:25,12:45
2026-03-05,META,call,ATM,market,90.0,4,320.0,OPPORTUNITY/HINDSIGHT,09:35,10:35,10:35,11:00,11:25,12:45
2026-03-05,META,call,ATM,market,100.0,4,320.0,OPPORTUNITY/HINDSIGHT,09:35,10:35,10:35,11:00,11:25,12:45
2026-03-05,META,call,OTM1,mid,20.0,5,105.0,OPPORTUNITY/HINDSIGHT,09:35,09:50,09:50,10:35,13:35,14:05
2026-03-05,META,call,OTM1,mid,25.0,5,105.0,OPPORTUNITY/HINDSIGHT,09:35,09:50,09:50,10:35,13:35,14:05
2026-03-05,META,call,OTM1,mid,30.0,5,105.0,OPPORTUNITY/HINDSIGHT,09:35,09:50,09:50,10:35,13:35,14:05
2026-03-05,META,call,OTM1,mid,40.0,5,105.0,OPPORTUNITY/HINDSIGHT,09:35,09:50,09:50,10:35,13:35,14:05
2026-03-05,META,call,OTM1,mid,50.0,5,125.0,OPPORTUNITY/HINDSIGHT,09:35,09:50,09:50,10:35,13:35,14:25
2026-03-05,META,call,OTM1,mid,60.0,5,125.0,OPPORTUNITY/HINDSIGHT,09:35,09:50,09:50,10:35,13:35,14:25
2026-03-05,META,call,OTM1,mid,70.0,5,125.0,OPPORTUNITY/HINDSIGHT,09:35,10:05,10:05,10:35,13:35,14:25
2026-03-05,META,call,OTM1,mid,75.0,5,125.0,OPPORTUNITY/HINDSIGHT,09:35,10:05,10:05,10:35,13:35,14:25
2026-03-05,META,call,OTM1,mid,80.0,5,125.0,OPPORTUNITY/HINDSIGHT,09:35,10:05,10:05,10:35,13:35,14:25
2026-03-05,META,call,OTM1,mid,90.0,4,130.0,OPPORTUNITY/HINDSIGHT,09:35,10:35,13:35,14:30,14:40,14:45
2026-03-05,META,call,OTM1,mid,100.0,2,205.0,OPPORTUNITY/HINDSIGHT,09:35,10:35,13:35,16:00,,
2026-03-05,META,call,OTM1,market,20.0,5,105.0,OPPORTUNITY/HINDSIGHT,09:35,09:50,09:50,10:35,13:35,14:05
2026-03-05,META,call,OTM1,market,25.0,5,105.0,OPPORTUNITY/HINDSIGHT,09:35,09:50,09:50,10:35,13:35,14:05
2026-03-05,META,call,OTM1,market,30.0,5,105.0,OPPORTUNITY/HINDSIGHT,09:35,09:50,09:50,10:35,13:35,14:05
2026-03-05,META,call,OTM1,market,40.0,5,105.0,OPPORTUNITY/HINDSIGHT,09:35,09:50,09:50,10:35,13:35,14:05
2026-03-05,META,call,OTM1,market,50.0,5,125.0,OPPORTUNITY/HINDSIGHT,09:35,09:50,09:50,10:35,13:35,14:25
2026-03-05,META,call,OTM1,market,60.0,5,125.0,OPPORTUNITY/HINDSIGHT,09:35,09:50,09:50,10:35,13:35,14:25
2026-03-05,META,call,OTM1,market,70.0,5,125.0,OPPORTUNITY/HINDSIGHT,09:35,10:05,10:05,10:35,13:35,14:25
2026-03-05,META,call,OTM1,market,75.0,5,125.0,OPPORTUNITY/HINDSIGHT,09:35,10:05,10:05,10:35,13:35,14:25
2026-03-05,META,call,OTM1,market,80.0,5,130.0,OPPORTUNITY/HINDSIGHT,09:35,10:10,10:10,10:35,13:35,14:30
2026-03-05,META,call,OTM1,market,90.0,4,130.0,OPPORTUNITY/HINDSIGHT,09:35,10:35,13:35,14:30,14:40,14:45
2026-03-05,META,call,OTM1,market,100.0,2,205.0,OPPORTUNITY/HINDSIGHT,09:35,10:35,13:35,16:00,,
2026-03-05,META,call,OTM2+,mid,20.0,3,25.0,OPPORTUNITY/HINDSIGHT,09:35,09:50,10:00,10:05,10:20,10:25
2026-03-05,META,call,OTM2+,mid,25.0,3,25.0,OPPORTUNITY/HINDSIGHT,09:35,09:50,10:00,10:05,10:20,10:25
2026-03-05,META,call,OTM2+,mid,30.0,3,25.0,OPPORTUNITY/HINDSIGHT,09:35,09:50,10:00,10:05,10:20,10:25
2026-03-05,META,call,OTM2+,mid,40.0,3,25.0,OPPORTUNITY/HINDSIGHT,09:35,09:50,10:00,10:05,10:20,10:25
2026-03-05,META,call,OTM2+,mid,50.0,3,25.0,OPPORTUNITY/HINDSIGHT,09:35,09:50,10:00,10:05,10:20,10:25
2026-03-05,META,call,OTM2+,mid,60.0,3,25.0,OPPORTUNITY/HINDSIGHT,09:35,09:50,10:00,10:05,10:20,10:25
2026-03-05,META,call,OTM2+,mid,70.0,3,25.0,OPPORTUNITY/HINDSIGHT,09:35,09:50,10:00,10:05,10:20,10:25
2026-03-05,META,call,OTM2+,mid,75.0,3,25.0,OPPORTUNITY/HINDSIGHT,09:35,09:50,10:00,10:05,10:20,10:25
2026-03-05,META,call,OTM2+,mid,80.0,3,30.0,OPPORTUNITY/HINDSIGHT,09:35,09:50,10:00,10:10,10:20,10:25
2026-03-05,META,call,OTM2+,mid,90.0,2,35.0,OPPORTUNITY/HINDSIGHT,09:35,10:05,10:20,10:25,,
2026-03-05,META,call,OTM2+,mid,100.0,2,40.0,OPPORTUNITY/HINDSIGHT,09:35,10:05,10:20,10:30,,
2026-03-05,META,call,OTM2+,market,20.0,3,25.0,OPPORTUNITY/HINDSIGHT,09:35,09:50,10:00,10:05,10:20,10:25
2026-03-05,META,call,OTM2+,market,25.0,3,25.0,OPPORTUNITY/HINDSIGHT,09:35,09:50,10:00,10:05,10:20,10:25
2026-03-05,META,call,OTM2+,market,30.0,3,25.0,OPPORTUNITY/HINDSIGHT,09:35,09:50,10:00,10:05,10:20,10:25
2026-03-05,META,call,OTM2+,market,40.0,3,25.0,OPPORTUNITY/HINDSIGHT,09:35,09:50,10:00,10:05,10:20,10:25
2026-03-05,META,call,OTM2+,market,50.0,3,25.0,OPPORTUNITY/HINDSIGHT,09:35,09:50,10:00,10:05,10:20,10:25
2026-03-05,META,call,OTM2+,market,60.0,3,25.0,OPPORTUNITY/HINDSIGHT,09:35,09:50,10:00,10:05,10:20,10:25
2026-03-05,META,call,OTM2+,market,70.0,3,30.0,OPPORTUNITY/HINDSIGHT,09:35,09:50,10:00,10:10,10:20,10:25
2026-03-05,META,call,OTM2+,market,75.0,2,50.0,OPPORTUNITY/HINDSIGHT,09:35,09:50,10:00,10:35,,
2026-03-05,META,call,OTM2+,market,80.0,2,50.0,OPPORTUNITY/HINDSIGHT,09:35,09:50,10:00,10:35,,
2026-03-05,META,call,OTM2+,market,90.0,2,40.0,OPPORTUNITY/HINDSIGHT,09:35,10:05,10:20,10:30,,
2026-03-05,META,call,OTM2+,market,100.0,2,40.0,OPPORTUNITY/HINDSIGHT,09:35,10:05,10:20,10:30,,
2026-03-05,META,put,OTM2+,mid,20.0,8,265.0,OPPORTUNITY/HINDSIGHT,09:35,09:40,09:50,09:55,09:55,10:00
2026-03-05,META,put,OTM2+,mid,25.0,7,265.0,OPPORTUNITY/HINDSIGHT,09:35,09:40,09:50,10:00,10:05,10:15
2026-03-05,META,put,OTM2+,mid,30.0,6,260.0,OPPORTUNITY/HINDSIGHT,09:35,09:40,09:50,10:00,10:05,10:15
2026-03-05,META,put,OTM2+,mid,40.0,4,255.0,OPPORTUNITY/HINDSIGHT,09:50,10:00,10:05,10:15,10:35,13:45
2026-03-05,META,put,OTM2+,mid,50.0,4,255.0,OPPORTUNITY/HINDSIGHT,09:50,10:00,10:05,10:15,10:35,13:45
2026-03-05,META,put,OTM2+,mid,60.0,4,255.0,OPPORTUNITY/HINDSIGHT,09:50,10:00,10:05,10:15,10:35,13:45
2026-03-05,META,put,OTM2+,mid,70.0,3,270.0,OPPORTUNITY/HINDSIGHT,09:50,10:20,10:35,13:45,14:05,14:55
2026-03-05,META,put,OTM2+,mid,75.0,3,270.0,OPPORTUNITY/HINDSIGHT,09:50,10:20,10:35,13:45,14:05,14:55
2026-03-05,META,put,OTM2+,mid,80.0,3,250.0,OPPORTUNITY/HINDSIGHT,10:05,10:15,10:35,13:45,14:05,14:55
2026-03-05,META,put,OTM2+,mid,90.0,3,250.0,OPPORTUNITY/HINDSIGHT,10:05,10:15,10:35,13:45,14:05,14:55
2026-03-05,META,put,OTM2+,mid,100.0,3,250.0,OPPORTUNITY/HINDSIGHT,10:05,10:20,10:40,13:45,14:05,14:55
2026-03-05,META,put,OTM2+,market,20.0,7,265.0,OPPORTUNITY/HINDSIGHT,09:35,09:40,09:50,10:00,10:05,10:15
2026-03-05,META,put,OTM2+,market,25.0,5,260.0,OPPORTUNITY/HINDSIGHT,09:35,09:40,09:50,10:00,10:05,10:15
2026-03-05,META,put,OTM2+,market,30.0,4,255.0,OPPORTUNITY/HINDSIGHT,09:50,10:00,10:05,10:15,10:35,13:45
2026-03-05,META,put,OTM2+,market,40.0,4,255.0,OPPORTUNITY/HINDSIGHT,09:50,10:00,10:05,10:15,10:35,13:45
2026-03-05,META,put,OTM2+,market,50.0,4,255.0,OPPORTUNITY/HINDSIGHT,09:50,10:00,10:05,10:15,10:35,13:45
2026-03-05,META,put,OTM2+,market,60.0,3,270.0,OPPORTUNITY/HINDSIGHT,09:50,10:20,10:35,13:45,14:05,14:55
2026-03-05,META,put,OTM2+,market,70.0,3,270.0,OPPORTUNITY/HINDSIGHT,09:50,10:20,10:35,13:45,14:05,14:55
2026-03-05,META,put,OTM2+,market,75.0,3,250.0,OPPORTUNITY/HINDSIGHT,10:05,10:15,10:35,13:45,14:05,14:55
2026-03-05,META,put,OTM2+,market,80.0,3,250.0,OPPORTUNITY/HINDSIGHT,10:05,10:15,10:35,13:45,14:05,14:55
2026-03-05,META,put,OTM2+,market,90.0,3,245.0,OPPORTUNITY/HINDSIGHT,10:05,10:15,10:40,13:45,14:05,14:55
2026-03-05,META,put,OTM2+,market,100.0,3,250.0,OPPORTUNITY/HINDSIGHT,10:05,10:20,10:40,13:45,14:05,14:55
2026-03-05,META,put,OTM1,mid,20.0,11,275.0,OPPORTUNITY/HINDSIGHT,09:35,09:40,09:50,10:00,10:05,10:15
2026-03-05,META,put,OTM1,mid,25.0,10,270.0,OPPORTUNITY/HINDSIGHT,09:50,10:00,10:05,10:15,10:35,13:40
2026-03-05,META,put,OTM1,mid,30.0,10,270.0,OPPORTUNITY/HINDSIGHT,09:50,10:00,10:05,10:15,10:35,13:40
2026-03-05,META,put,OTM1,mid,40.0,7,275.0,OPPORTUNITY/HINDSIGHT,09:50,10:20,10:35,13:40,13:40,13:45
2026-03-05,META,put,OTM1,mid,50.0,5,270.0,OPPORTUNITY/HINDSIGHT,09:50,10:20,10:35,13:40,13:55,14:00
2026-03-05,META,put,OTM1,mid,60.0,5,255.0,OPPORTUNITY/HINDSIGHT,10:05,10:20,10:35,13:40,13:55,14:00
2026-03-05,META,put,OTM1,mid,70.0,3,260.0,OPPORTUNITY/HINDSIGHT,10:05,10:20,10:35,13:40,13:55,14:55
2026-03-05,META,put,OTM1,mid,75.0,3,265.0,OPPORTUNITY/HINDSIGHT,10:05,10:20,10:35,13:45,13:55,14:55
2026-03-05,META,put,OTM1,mid,80.0,4,255.0,OPPORTUNITY/HINDSIGHT,10:05,10:20,10:35,13:45,14:05,14:40
2026-03-05,META,put,OTM1,mid,90.0,4,250.0,OPPORTUNITY/HINDSIGHT,10:10,10:20,10:35,13:45,14:05,14:40
2026-03-05,META,put,OTM1,mid,100.0,3,240.0,OPPORTUNITY/HINDSIGHT,10:35,13:45,14:05,14:40,14:40,14:55
2026-03-05,META,put,OTM1,market,20.0,10,270.0,OPPORTUNITY/HINDSIGHT,09:50,10:00,10:05,10:15,10:35,13:40
2026-03-05,META,put,OTM1,market,25.0,10,270.0,OPPORTUNITY/HINDSIGHT,09:50,10:00,10:05,10:15,10:35,13:40
2026-03-05,META,put,OTM1,market,30.0,9,265.0,OPPORTUNITY/HINDSIGHT,09:50,10:00,10:05,10:15,10:35,13:40
2026-03-05,META,put,OTM1,market,40.0,7,275.0,OPPORTUNITY/HINDSIGHT,09:50,10:20,10:35,13:40,13:40,13:45
2026-03-05,META,put,OTM1,market,50.0,5,250.0,OPPORTUNITY/HINDSIGHT,10:05,10:15,10:35,13:40,13:55,14:00
2026-03-05,META,put,OTM1,market,60.0,3,260.0,OPPORTUNITY/HINDSIGHT,10:05,10:20,10:35,13:40,13:55,14:55
2026-03-05,META,put,OTM1,market,70.0,4,255.0,OPPORTUNITY/HINDSIGHT,10:05,10:20,10:35,13:45,14:05,14:40
2026-03-05,META,put,OTM1,market,75.0,4,255.0,OPPORTUNITY/HINDSIGHT,10:05,10:20,10:35,13:45,14:05,14:40
2026-03-05,META,put,OTM1,market,80.0,4,250.0,OPPORTUNITY/HINDSIGHT,10:10,10:20,10:35,13:45,14:05,14:40
2026-03-05,META,put,OTM1,market,90.0,3,240.0,OPPORTUNITY/HINDSIGHT,10:35,13:45,14:05,14:40,14:40,14:55
2026-03-05,META,put,OTM1,market,100.0,3,240.0,OPPORTUNITY/HINDSIGHT,10:35,13:45,14:05,14:40,14:40,14:55
2026-03-05,META,put,ATM,mid,20.0,8,285.0,OPPORTUNITY/HINDSIGHT,09:50,10:00,10:05,10:15,10:35,13:40
2026-03-05,META,put,ATM,mid,25.0,8,285.0,OPPORTUNITY/HINDSIGHT,09:50,10:00,10:05,10:15,10:35,13:40
2026-03-05,META,put,ATM,mid,30.0,5,295.0,OPPORTUNITY/HINDSIGHT,09:50,10:20,10:35,13:40,13:55,14:00
2026-03-05,META,put,ATM,mid,40.0,5,265.0,OPPORTUNITY/HINDSIGHT,10:05,10:15,10:35,13:40,13:55,14:00
2026-03-05,META,put,ATM,mid,50.0,3,260.0,OPPORTUNITY/HINDSIGHT,10:05,10:20,10:35,13:40,13:55,14:55
2026-03-05,META,put,ATM,mid,60.0,3,255.0,OPPORTUNITY/HINDSIGHT,10:10,10:20,10:35,13:40,13:55,14:55
2026-03-05,META,put,ATM,mid,70.0,2,245.0,OPPORTUNITY/HINDSIGHT,10:35,13:40,13:55,14:55,,
2026-03-05,META,put,ATM,mid,75.0,2,245.0,OPPORTUNITY/HINDSIGHT,10:35,13:40,13:55,14:55,,
2026-03-05,META,put,ATM,mid,80.0,2,250.0,OPPORTUNITY/HINDSIGHT,10:35,13:45,13:55,14:55,,
2026-03-05,META,put,ATM,mid,90.0,2,250.0,OPPORTUNITY/HINDSIGHT,10:35,13:45,13:55,14:55,,
2026-03-05,META,put,ATM,mid,100.0,2,250.0,OPPORTUNITY/HINDSIGHT,10:35,13:45,13:55,14:55,,
2026-03-05,META,put,ATM,market,20.0,8,285.0,OPPORTUNITY/HINDSIGHT,09:50,10:00,10:05,10:15,10:35,13:40
2026-03-05,META,put,ATM,market,25.0,5,295.0,OPPORTUNITY/HINDSIGHT,09:50,10:20,10:35,13:40,13:55,14:00
2026-03-05,META,put,ATM,market,30.0,5,285.0,OPPORTUNITY/HINDSIGHT,09:50,10:20,10:35,13:40,13:55,14:00
2026-03-05,META,put,ATM,market,40.0,4,270.0,OPPORTUNITY/HINDSIGHT,10:05,10:20,10:35,13:40,13:55,14:55
2026-03-05,META,put,ATM,market,50.0,3,260.0,OPPORTUNITY/HINDSIGHT,10:05,10:20,10:35,13:40,13:55,14:55
2026-03-05,META,put,ATM,market,60.0,2,245.0,OPPORTUNITY/HINDSIGHT,10:35,13:40,13:55,14:55,,
2026-03-05,META,put,ATM,market,70.0,2,250.0,OPPORTUNITY/HINDSIGHT,10:35,13:45,13:55,14:55,,
2026-03-05,META,put,ATM,market,75.0,2,250.0,OPPORTUNITY/HINDSIGHT,10:35,13:45,13:55,14:55,,
2026-03-05,META,put,ATM,market,80.0,2,250.0,OPPORTUNITY/HINDSIGHT,10:35,13:45,13:55,14:55,,
2026-03-05,META,put,ATM,market,90.0,2,250.0,OPPORTUNITY/HINDSIGHT,10:35,13:45,13:55,14:55,,
2026-03-05,META,put,ATM,market,100.0,2,240.0,OPPORTUNITY/HINDSIGHT,10:40,13:40,13:55,14:55,,
2026-03-05,META,put,ITM,mid,20.0,5,85.0,OPPORTUNITY/HINDSIGHT,09:50,10:00,10:05,10:15,13:35,13:40
2026-03-05,META,put,ITM,mid,25.0,3,90.0,OPPORTUNITY/HINDSIGHT,09:50,10:20,13:35,13:40,13:55,14:50
2026-03-05,META,put,ITM,mid,30.0,3,75.0,OPPORTUNITY/HINDSIGHT,10:05,10:20,13:35,13:40,13:55,14:50
2026-03-05,META,put,ITM,mid,40.0,3,75.0,OPPORTUNITY/HINDSIGHT,10:05,10:20,13:35,13:40,13:55,14:50
2026-03-05,META,put,ITM,mid,50.0,2,65.0,OPPORTUNITY/HINDSIGHT,13:35,13:40,13:55,14:55,,
2026-03-05,META,put,ITM,mid,60.0,2,65.0,OPPORTUNITY/HINDSIGHT,13:35,13:40,13:55,14:55,,
2026-03-05,META,put,ITM,mid,70.0,2,70.0,OPPORTUNITY/HINDSIGHT,13:35,13:45,13:55,14:55,,
2026-03-05,META,put,ITM,mid,75.0,2,70.0,OPPORTUNITY/HINDSIGHT,13:35,13:45,13:55,14:55,,
2026-03-05,META,put,ITM,mid,80.0,1,10.0,OPPORTUNITY/HINDSIGHT,13:35,13:45,,,,
2026-03-05,META,put,ITM,mid,90.0,1,10.0,OPPORTUNITY/HINDSIGHT,13:35,13:45,,,,
2026-03-05,META,put,ITM,market,20.0,3,90.0,OPPORTUNITY/HINDSIGHT,09:50,10:20,13:35,13:40,13:55,14:50
2026-03-05,META,put,ITM,market,25.0,3,75.0,OPPORTUNITY/HINDSIGHT,10:05,10:20,13:35,13:40,13:55,14:50
2026-03-05,META,put,ITM,market,30.0,3,75.0,OPPORTUNITY/HINDSIGHT,10:05,10:20,13:35,13:40,13:55,14:50
2026-03-05,META,put,ITM,market,40.0,2,65.0,OPPORTUNITY/HINDSIGHT,13:35,13:40,13:55,14:55,,
2026-03-05,META,put,ITM,market,50.0,2,65.0,OPPORTUNITY/HINDSIGHT,13:35,13:40,13:55,14:55,,
2026-03-05,META,put,ITM,market,60.0,2,70.0,OPPORTUNITY/HINDSIGHT,13:35,13:45,13:55,14:55,,
2026-03-05,META,put,ITM,market,70.0,1,10.0,OPPORTUNITY/HINDSIGHT,13:35,13:45,,,,
2026-03-05,META,put,ITM,market,75.0,1,10.0,OPPORTUNITY/HINDSIGHT,13:35,13:45,,,,
2026-03-05,META,put,ITM,market,80.0,1,10.0,OPPORTUNITY/HINDSIGHT,13:35,13:45,,,,
2026-03-06,META,call,ITM,mid,20.0,7,235.0,OPPORTUNITY/HINDSIGHT,09:35,10:00,10:00,10:55,10:55,11:35
2026-03-06,META,call,ITM,mid,25.0,5,240.0,OPPORTUNITY/HINDSIGHT,09:35,10:10,10:10,10:55,10:55,11:35
2026-03-06,META,call,ITM,mid,30.0,5,240.0,OPPORTUNITY/HINDSIGHT,09:35,10:10,10:10,11:10,11:10,11:35
2026-03-06,META,call,ITM,mid,40.0,5,230.0,OPPORTUNITY/HINDSIGHT,09:35,10:55,10:55,11:35,11:40,12:00
2026-03-06,META,call,ITM,mid,50.0,4,235.0,OPPORTUNITY/HINDSIGHT,09:35,10:55,10:55,12:00,12:05,12:50
2026-03-06,META,call,ITM,mid,60.0,4,230.0,OPPORTUNITY/HINDSIGHT,09:35,11:10,11:10,12:00,12:05,12:50
2026-03-06,META,call,ITM,mid,70.0,3,235.0,OPPORTUNITY/HINDSIGHT,09:35,11:10,11:10,12:50,13:15,13:55
2026-03-06,META,call,ITM,mid,75.0,3,225.0,OPPORTUNITY/HINDSIGHT,09:35,11:20,11:25,12:50,13:20,13:55
2026-03-06,META,call,ITM,mid,80.0,3,220.0,OPPORTUNITY/HINDSIGHT,09:35,11:20,11:30,12:50,13:20,13:55
2026-03-06,META,call,ITM,mid,90.0,3,180.0,OPPORTUNITY/HINDSIGHT,09:35,11:35,12:25,12:50,13:20,13:55
2026-03-06,META,call,ITM,mid,100.0,3,165.0,OPPORTUNITY/HINDSIGHT,09:35,11:35,12:25,12:50,13:35,13:55
2026-03-06,META,call,ITM,market,20.0,5,240.0,OPPORTUNITY/HINDSIGHT,09:35,10:10,10:10,10:55,10:55,11:35
2026-03-06,META,call,ITM,market,25.0,5,240.0,OPPORTUNITY/HINDSIGHT,09:35,10:10,10:10,11:10,11:10,11:35
2026-03-06,META,call,ITM,market,30.0,6,225.0,OPPORTUNITY/HINDSIGHT,09:35,10:55,10:55,11:35,11:40,12:00
2026-03-06,META,call,ITM,market,40.0,4,235.0,OPPORTUNITY/HINDSIGHT,09:35,10:55,10:55,12:00,12:05,12:50
2026-03-06,META,call,ITM,market,50.0,4,230.0,OPPORTUNITY/HINDSIGHT,09:35,10:55,10:55,12:00,12:05,12:50
2026-03-06,META,call,ITM,market,60.0,4,230.0,OPPORTUNITY/HINDSIGHT,09:35,11:10,11:10,12:00,12:05,12:50
2026-03-06,META,call,ITM,market,70.0,3,225.0,OPPORTUNITY/HINDSIGHT,09:35,11:20,11:25,12:50,13:20,13:55
2026-03-06,META,call,ITM,market,75.0,3,185.0,OPPORTUNITY/HINDSIGHT,09:35,11:35,12:20,12:50,13:20,13:55
2026-03-06,META,call,ITM,market,80.0,3,185.0,OPPORTUNITY/HINDSIGHT,09:35,11:35,12:20,12:50,13:20,13:55
2026-03-06,META,call,ITM,market,90.0,3,165.0,OPPORTUNITY/HINDSIGHT,09:35,11:35,12:25,12:50,13:35,13:55
2026-03-06,META,call,ITM,market,100.0,3,190.0,OPPORTUNITY/HINDSIGHT,09:35,12:00,12:25,12:50,13:35,13:55
2026-03-06,META,call,ATM,mid,20.0,12,270.0,OPPORTUNITY/HINDSIGHT,09:35,10:00,10:00,10:55,10:55,11:10
2026-03-06,META,call,ATM,mid,25.0,12,270.0,OPPORTUNITY/HINDSIGHT,09:35,10:00,10:00,10:55,10:55,11:20
2026-03-06,META,call,ATM,mid,30.0,10,265.0,OPPORTUNITY/HINDSIGHT,09:35,10:00,10:00,10:55,10:55,11:35
2026-03-06,META,call,ATM,mid,40.0,7,270.0,OPPORTUNITY/HINDSIGHT,09:35,10:10,10:10,11:10,11:10,11:35
2026-03-06,META,call,ATM,mid,50.0,8,255.0,OPPORTUNITY/HINDSIGHT,09:35,10:55,10:55,11:35,11:40,12:00
2026-03-06,META,call,ATM,mid,60.0,8,255.0,OPPORTUNITY/HINDSIGHT,09:35,10:55,10:55,11:35,11:40,12:00
2026-03-06,META,call,ATM,mid,70.0,6,265.0,OPPORTUNITY/HINDSIGHT,09:35,10:55,10:55,12:00,12:05,12:50
2026-03-06,META,call,ATM,mid,75.0,6,265.0,OPPORTUNITY/HINDSIGHT,09:35,10:55,10:55,12:00,12:05,12:50
2026-03-06,META,call,ATM,mid,80.0,6,265.0,OPPORTUNITY/HINDSIGHT,09:35,10:55,10:55,12:00,12:05,12:50
2026-03-06,META,call,ATM,mid,90.0,6,260.0,OPPORTUNITY/HINDSIGHT,09:35,10:55,10:55,12:00,12:05,12:50
2026-03-06,META,call,ATM,mid,100.0,5,265.0,OPPORTUNITY/HINDSIGHT,09:35,11:10,11:10,12:00,12:05,12:50
2026-03-06,META,call,ATM,market,20.0,12,270.0,OPPORTUNITY/HINDSIGHT,09:35,10:00,10:00,10:55,10:55,11:20
2026-03-06,META,call,ATM,market,25.0,10,265.0,OPPORTUNITY/HINDSIGHT,09:35,10:00,10:00,10:55,10:55,11:35
2026-03-06,META,call,ATM,market,30.0,8,270.0,OPPORTUNITY/HINDSIGHT,09:35,10:10,10:10,10:55,10:55,11:35
2026-03-06,META,call,ATM,market,40.0,7,270.0,OPPORTUNITY/HINDSIGHT,09:35,10:10,10:10,11:10,11:10,11:35
2026-03-06,META,call,ATM,market,50.0,8,255.0,OPPORTUNITY/HINDSIGHT,09:35,10:55,10:55,11:35,11:40,12:00
2026-03-06,META,call,ATM,market,60.0,6,265.0,OPPORTUNITY/HINDSIGHT,09:35,10:55,10:55,12:00,12:05,12:50
2026-03-06,META,call,ATM,market,70.0,6,265.0,OPPORTUNITY/HINDSIGHT,09:35,10:55,10:55,12:00,12:05,12:50
2026-03-06,META,call,ATM,market,75.0,6,270.0,OPPORTUNITY/HINDSIGHT,09:35,10:55,10:55,12:00,12:05,12:50
2026-03-06,META,call,ATM,market,80.0,6,260.0,OPPORTUNITY/HINDSIGHT,09:35,10:55,10:55,12:00,12:05,12:50
2026-03-06,META,call,ATM,market,90.0,6,260.0,OPPORTUNITY/HINDSIGHT,09:35,11:10,11:10,12:00,12:05,12:50
2026-03-06,META,call,ATM,market,100.0,4,270.0,OPPORTUNITY/HINDSIGHT,09:35,11:10,11:10,12:50,13:15,13:55
2026-03-06,META,call,OTM1,mid,20.0,6,145.0,OPPORTUNITY/HINDSIGHT,09:35,10:00,10:00,10:10,10:10,10:55
2026-03-06,META,call,OTM1,mid,25.0,5,145.0,OPPORTUNITY/HINDSIGHT,09:35,10:00,10:00,10:55,10:55,11:10
2026-03-06,META,call,OTM1,mid,30.0,5,155.0,OPPORTUNITY/HINDSIGHT,09:35,10:00,10:00,10:55,10:55,11:20
2026-03-06,META,call,OTM1,mid,40.0,5,155.0,OPPORTUNITY/HINDSIGHT,09:35,10:00,10:00,10:55,10:55,11:20
2026-03-06,META,call,OTM1,mid,50.0,4,155.0,OPPORTUNITY/HINDSIGHT,09:35,10:10,10:10,10:55,10:55,11:35
2026-03-06,META,call,OTM1,mid,60.0,3,135.0,OPPORTUNITY/HINDSIGHT,09:35,10:10,10:10,11:10,13:15,13:55
2026-03-06,META,call,OTM1,mid,70.0,3,135.0,OPPORTUNITY/HINDSIGHT,09:35,10:10,10:10,11:10,13:15,13:55
2026-03-06,META,call,OTM1,mid,75.0,3,160.0,OPPORTUNITY/HINDSIGHT,09:35,10:55,10:55,11:35,13:15,13:55
2026-03-06,META,call,OTM1,mid,80.0,3,160.0,OPPORTUNITY/HINDSIGHT,09:35,10:55,10:55,11:35,13:15,13:55
2026-03-06,META,call,OTM1,mid,90.0,3,160.0,OPPORTUNITY/HINDSIGHT,09:35,10:55,10:55,11:35,13:15,13:55
2026-03-06,META,call,OTM1,mid,100.0,3,185.0,OPPORTUNITY/HINDSIGHT,09:35,10:55,10:55,12:00,13:15,13:55
2026-03-06,META,call,OTM1,market,20.0,5,145.0,OPPORTUNITY/HINDSIGHT,09:35,10:00,10:00,10:55,10:55,11:10
2026-03-06,META,call,OTM1,market,25.0,5,155.0,OPPORTUNITY/HINDSIGHT,09:35,10:00,10:00,10:55,10:55,11:20
2026-03-06,META,call,OTM1,market,30.0,5,155.0,OPPORTUNITY/HINDSIGHT,09:35,10:00,10:00,10:55,10:55,11:20
2026-03-06,META,call,OTM1,market,40.0,5,170.0,OPPORTUNITY/HINDSIGHT,09:35,10:10,10:10,10:55,10:55,11:35
2026-03-06,META,call,OTM1,market,50.0,3,135.0,OPPORTUNITY/HINDSIGHT,09:35,10:10,10:10,11:10,13:15,13:55
2026-03-06,META,call,OTM1,market,60.0,3,135.0,OPPORTUNITY/HINDSIGHT,09:35,10:10,10:10,11:10,13:15,13:55
2026-03-06,META,call,OTM1,market,70.0,3,160.0,OPPORTUNITY/HINDSIGHT,09:35,10:55,10:55,11:35,13:15,13:55
2026-03-06,META,call,OTM1,market,75.0,3,160.0,OPPORTUNITY/HINDSIGHT,09:35,10:55,10:55,11:35,13:15,13:55
2026-03-06,META,call,OTM1,market,80.0,3,160.0,OPPORTUNITY/HINDSIGHT,09:35,10:55,10:55,11:35,13:15,13:55
2026-03-06,META,call,OTM1,market,90.0,3,160.0,OPPORTUNITY/HINDSIGHT,09:35,10:55,10:55,11:35,13:15,13:55
2026-03-06,META,call,OTM1,market,100.0,3,185.0,OPPORTUNITY/HINDSIGHT,09:35,10:55,10:55,12:00,13:15,13:55
2026-03-06,META,call,OTM2+,mid,20.0,3,35.0,OPPORTUNITY/HINDSIGHT,09:35,10:00,10:25,10:30,10:40,10:45
2026-03-06,META,call,OTM2+,mid,25.0,3,35.0,OPPORTUNITY/HINDSIGHT,09:35,10:00,10:25,10:30,10:40,10:45
2026-03-06,META,call,OTM2+,mid,30.0,3,35.0,OPPORTUNITY/HINDSIGHT,09:35,10:00,10:25,10:30,10:40,10:45
2026-03-06,META,call,OTM2+,mid,40.0,3,35.0,OPPORTUNITY/HINDSIGHT,09:35,10:00,10:25,10:30,10:40,10:45
2026-03-06,META,call,OTM2+,mid,50.0,3,35.0,OPPORTUNITY/HINDSIGHT,09:35,10:00,10:25,10:30,10:40,10:45
2026-03-06,META,call,OTM2+,mid,60.0,3,45.0,OPPORTUNITY/HINDSIGHT,09:35,10:10,10:25,10:30,10:40,10:45
2026-03-06,META,call,OTM2+,mid,70.0,3,45.0,OPPORTUNITY/HINDSIGHT,09:35,10:10,10:25,10:30,10:40,10:45
2026-03-06,META,call,OTM2+,mid,75.0,3,45.0,OPPORTUNITY/HINDSIGHT,09:35,10:10,10:25,10:30,10:40,10:45
2026-03-06,META,call,OTM2+,mid,80.0,3,45.0,OPPORTUNITY/HINDSIGHT,09:35,10:10,10:25,10:30,10:40,10:45
2026-03-06,META,call,OTM2+,mid,90.0,3,45.0,OPPORTUNITY/HINDSIGHT,09:35,10:10,10:25,10:30,10:40,10:45
2026-03-06,META,call,OTM2+,mid,100.0,1,80.0,OPPORTUNITY/HINDSIGHT,09:35,10:55,,,,
2026-03-06,META,call,OTM2+,market,20.0,3,35.0,OPPORTUNITY/HINDSIGHT,09:35,10:00,10:25,10:30,10:40,10:45
2026-03-06,META,call,OTM2+,market,25.0,3,35.0,OPPORTUNITY/HINDSIGHT,09:35,10:00,10:25,10:30,10:40,10:45
2026-03-06,META,call,OTM2+,market,30.0,3,35.0,OPPORTUNITY/HINDSIGHT,09:35,10:00,10:25,10:30,10:40,10:45
2026-03-06,META,call,OTM2+,market,40.0,3,35.0,OPPORTUNITY/HINDSIGHT,09:35,10:00,10:25,10:30,10:40,10:45
2026-03-06,META,call,OTM2+,market,50.0,3,35.0,OPPORTUNITY/HINDSIGHT,09:35,10:00,10:25,10:30,10:40,10:45
2026-03-06,META,call,OTM2+,market,60.0,3,45.0,OPPORTUNITY/HINDSIGHT,09:35,10:10,10:25,10:30,10:40,10:45
2026-03-06,META,call,OTM2+,market,70.0,3,45.0,OPPORTUNITY/HINDSIGHT,09:35,10:10,10:25,10:30,10:40,10:45
2026-03-06,META,call,OTM2+,market,75.0,3,45.0,OPPORTUNITY/HINDSIGHT,09:35,10:10,10:25,10:30,10:40,10:45
2026-03-06,META,call,OTM2+,market,80.0,3,45.0,OPPORTUNITY/HINDSIGHT,09:35,10:10,10:25,10:30,10:40,10:45
2026-03-06,META,call,OTM2+,market,90.0,3,45.0,OPPORTUNITY/HINDSIGHT,09:35,10:10,10:25,10:30,10:40,10:45
2026-03-06,META,call,OTM2+,market,100.0,1,80.0,OPPORTUNITY/HINDSIGHT,09:35,10:55,,,,
2026-03-06,META,put,OTM2+,mid,20.0,2,325.0,OPPORTUNITY/HINDSIGHT,09:35,09:45,09:45,15:00,,
2026-03-06,META,put,OTM2+,mid,25.0,2,325.0,OPPORTUNITY/HINDSIGHT,09:35,09:45,09:45,15:00,,
2026-03-06,META,put,OTM2+,mid,30.0,2,325.0,OPPORTUNITY/HINDSIGHT,09:35,09:45,09:45,15:00,,
2026-03-06,META,put,OTM2+,mid,40.0,2,325.0,OPPORTUNITY/HINDSIGHT,09:35,09:45,09:45,15:00,,
2026-03-06,META,put,OTM2+,mid,50.0,2,325.0,OPPORTUNITY/HINDSIGHT,09:35,09:45,09:45,15:00,,
2026-03-06,META,put,OTM2+,mid,60.0,2,325.0,OPPORTUNITY/HINDSIGHT,09:35,09:45,09:45,15:00,,
2026-03-06,META,put,OTM2+,mid,70.0,2,325.0,OPPORTUNITY/HINDSIGHT,09:35,09:45,09:45,15:00,,
2026-03-06,META,put,OTM2+,mid,75.0,1,325.0,OPPORTUNITY/HINDSIGHT,09:35,15:00,,,,
2026-03-06,META,put,OTM2+,mid,80.0,1,325.0,OPPORTUNITY/HINDSIGHT,09:35,15:00,,,,
2026-03-06,META,put,OTM2+,mid,90.0,1,325.0,OPPORTUNITY/HINDSIGHT,09:35,15:00,,,,
2026-03-06,META,put,OTM2+,mid,100.0,1,325.0,OPPORTUNITY/HINDSIGHT,09:35,15:00,,,,
2026-03-06,META,put,OTM2+,market,20.0,2,325.0,OPPORTUNITY/HINDSIGHT,09:35,09:45,09:45,15:00,,
2026-03-06,META,put,OTM2+,market,25.0,2,325.0,OPPORTUNITY/HINDSIGHT,09:35,09:45,09:45,15:00,,
2026-03-06,META,put,OTM2+,market,30.0,2,325.0,OPPORTUNITY/HINDSIGHT,09:35,09:45,09:45,15:00,,
2026-03-06,META,put,OTM2+,market,40.0,2,325.0,OPPORTUNITY/HINDSIGHT,09:35,09:45,09:45,15:00,,
2026-03-06,META,put,OTM2+,market,50.0,2,325.0,OPPORTUNITY/HINDSIGHT,09:35,09:45,09:45,15:00,,
2026-03-06,META,put,OTM2+,market,60.0,2,325.0,OPPORTUNITY/HINDSIGHT,09:35,09:45,09:45,15:00,,
2026-03-06,META,put,OTM2+,market,70.0,1,325.0,OPPORTUNITY/HINDSIGHT,09:35,15:00,,,,
2026-03-06,META,put,OTM2+,market,75.0,1,325.0,OPPORTUNITY/HINDSIGHT,09:35,15:00,,,,
2026-03-06,META,put,OTM2+,market,80.0,1,325.0,OPPORTUNITY/HINDSIGHT,09:35,15:00,,,,
2026-03-06,META,put,OTM2+,market,90.0,1,325.0,OPPORTUNITY/HINDSIGHT,09:35,15:00,,,,
2026-03-06,META,put,OTM2+,market,100.0,1,325.0,OPPORTUNITY/HINDSIGHT,09:35,15:00,,,,
2026-03-06,META,put,OTM1,mid,20.0,4,325.0,OPPORTUNITY/HINDSIGHT,09:35,09:45,09:45,14:45,14:45,14:55
2026-03-06,META,put,OTM1,mid,25.0,4,325.0,OPPORTUNITY/HINDSIGHT,09:35,09:45,09:45,14:45,14:45,14:55
2026-03-06,META,put,OTM1,mid,30.0,4,325.0,OPPORTUNITY/HINDSIGHT,09:35,09:45,09:45,14:45,14:45,14:55
2026-03-06,META,put,OTM1,mid,40.0,3,325.0,OPPORTUNITY/HINDSIGHT,09:35,09:45,09:45,14:45,14:45,15:00
2026-03-06,META,put,OTM1,mid,50.0,3,325.0,OPPORTUNITY/HINDSIGHT,09:35,09:45,09:45,14:45,14:45,15:00
2026-03-06,META,put,OTM1,mid,60.0,2,325.0,OPPORTUNITY/HINDSIGHT,09:35,14:45,14:45,15:00,,
2026-03-06,META,put,OTM1,mid,70.0,2,325.0,OPPORTUNITY/HINDSIGHT,09:35,14:45,14:45,15:00,,
2026-03-06,META,put,OTM1,mid,75.0,2,325.0,OPPORTUNITY/HINDSIGHT,09:35,14:45,14:45,15:00,,
2026-03-06,META,put,OTM1,mid,80.0,2,325.0,OPPORTUNITY/HINDSIGHT,09:35,14:45,14:45,15:00,,
2026-03-06,META,put,OTM1,mid,90.0,2,325.0,OPPORTUNITY/HINDSIGHT,09:35,14:45,14:45,15:00,,
2026-03-06,META,put,OTM1,mid,100.0,2,325.0,OPPORTUNITY/HINDSIGHT,09:35,14:45,14:45,15:00,,
2026-03-06,META,put,OTM1,market,20.0,4,325.0,OPPORTUNITY/HINDSIGHT,09:35,09:45,09:45,14:45,14:45,14:55
2026-03-06,META,put,OTM1,market,25.0,4,325.0,OPPORTUNITY/HINDSIGHT,09:35,09:45,09:45,14:45,14:45,14:55
2026-03-06,META,put,OTM1,market,30.0,4,325.0,OPPORTUNITY/HINDSIGHT,09:35,09:45,09:45,14:45,14:45,14:55
2026-03-06,META,put,OTM1,market,40.0,3,325.0,OPPORTUNITY/HINDSIGHT,09:35,09:45,09:45,14:45,14:45,15:00
2026-03-06,META,put,OTM1,market,50.0,2,325.0,OPPORTUNITY/HINDSIGHT,09:35,14:45,14:45,15:00,,
2026-03-06,META,put,OTM1,market,60.0,2,325.0,OPPORTUNITY/HINDSIGHT,09:35,14:45,14:45,15:00,,
2026-03-06,META,put,OTM1,market,70.0,2,325.0,OPPORTUNITY/HINDSIGHT,09:35,14:45,14:45,15:00,,
2026-03-06,META,put,OTM1,market,75.0,2,325.0,OPPORTUNITY/HINDSIGHT,09:35,14:45,14:45,15:00,,
2026-03-06,META,put,OTM1,market,80.0,2,325.0,OPPORTUNITY/HINDSIGHT,09:35,14:45,14:45,15:00,,
2026-03-06,META,put,OTM1,market,90.0,2,325.0,OPPORTUNITY/HINDSIGHT,09:35,14:45,14:45,15:00,,
2026-03-06,META,put,OTM1,market,100.0,2,325.0,OPPORTUNITY/HINDSIGHT,09:35,14:45,14:45,15:00,,
2026-03-06,META,put,ATM,mid,20.0,7,375.0,OPPORTUNITY/HINDSIGHT,09:35,09:45,09:45,14:40,14:40,14:45
2026-03-06,META,put,ATM,mid,25.0,7,375.0,OPPORTUNITY/HINDSIGHT,09:35,09:45,09:45,14:40,14:40,14:45
2026-03-06,META,put,ATM,mid,30.0,6,375.0,OPPORTUNITY/HINDSIGHT,09:35,09:45,09:45,14:40,14:40,14:45
2026-03-06,META,put,ATM,mid,40.0,5,375.0,OPPORTUNITY/HINDSIGHT,09:35,14:35,14:35,14:45,14:45,15:00
2026-03-06,META,put,ATM,mid,50.0,5,375.0,OPPORTUNITY/HINDSIGHT,09:35,14:35,14:35,14:45,14:45,15:00
2026-03-06,META,put,ATM,mid,60.0,5,375.0,OPPORTUNITY/HINDSIGHT,09:35,14:40,14:40,14:45,14:45,15:00
2026-03-06,META,put,ATM,mid,70.0,5,375.0,OPPORTUNITY/HINDSIGHT,09:35,14:40,14:40,14:45,14:45,15:00
2026-03-06,META,put,ATM,mid,75.0,6,370.0,OPPORTUNITY/HINDSIGHT,09:35,14:40,14:40,14:45,14:45,15:00
2026-03-06,META,put,ATM,mid,80.0,6,370.0,OPPORTUNITY/HINDSIGHT,09:35,14:40,14:40,14:45,14:45,15:00
2026-03-06,META,put,ATM,mid,90.0,6,370.0,OPPORTUNITY/HINDSIGHT,09:35,14:40,14:40,14:45,14:45,15:00
2026-03-06,META,put,ATM,mid,100.0,5,365.0,OPPORTUNITY/HINDSIGHT,09:35,14:40,14:40,14:45,14:45,15:00
2026-03-06,META,put,ATM,market,20.0,7,375.0,OPPORTUNITY/HINDSIGHT,09:35,09:45,09:45,14:40,14:40,14:45
2026-03-06,META,put,ATM,market,25.0,6,375.0,OPPORTUNITY/HINDSIGHT,09:35,09:45,09:45,14:40,14:40,14:45
2026-03-06,META,put,ATM,market,30.0,6,375.0,OPPORTUNITY/HINDSIGHT,09:35,09:45,09:45,14:40,14:40,14:45
2026-03-06,META,put,ATM,market,40.0,5,375.0,OPPORTUNITY/HINDSIGHT,09:35,14:35,14:35,14:45,14:45,15:00
2026-03-06,META,put,ATM,market,50.0,5,375.0,OPPORTUNITY/HINDSIGHT,09:35,14:40,14:40,14:45,14:45,15:00
2026-03-06,META,put,ATM,market,60.0,5,375.0,OPPORTUNITY/HINDSIGHT,09:35,14:40,14:40,14:45,14:45,15:00
2026-03-06,META,put,ATM,market,70.0,6,370.0,OPPORTUNITY/HINDSIGHT,09:35,14:40,14:40,14:45,14:45,15:00
2026-03-06,META,put,ATM,market,75.0,6,370.0,OPPORTUNITY/HINDSIGHT,09:35,14:40,14:40,14:45,14:45,15:00
2026-03-06,META,put,ATM,market,80.0,6,370.0,OPPORTUNITY/HINDSIGHT,09:35,14:40,14:40,14:45,14:45,15:00
2026-03-06,META,put,ATM,market,90.0,6,370.0,OPPORTUNITY/HINDSIGHT,09:35,14:40,14:40,14:45,14:45,15:00
2026-03-06,META,put,ATM,market,100.0,4,355.0,OPPORTUNITY/HINDSIGHT,09:35,14:45,14:45,15:00,15:15,15:20
2026-03-06,META,put,ITM,mid,20.0,6,375.0,OPPORTUNITY/HINDSIGHT,09:35,09:45,09:45,14:35,14:35,14:45
2026-03-06,META,put,ITM,mid,25.0,6,375.0,OPPORTUNITY/HINDSIGHT,09:35,09:45,09:45,14:35,14:35,14:45
2026-03-06,META,put,ITM,mid,30.0,7,370.0,OPPORTUNITY/HINDSIGHT,09:35,14:30,14:30,14:40,14:40,14:45
2026-03-06,META,put,ITM,mid,40.0,5,355.0,OPPORTUNITY/HINDSIGHT,09:35,14:30,14:30,14:45,14:45,15:00
2026-03-06,META,put,ITM,mid,50.0,5,355.0,OPPORTUNITY/HINDSIGHT,09:35,14:35,14:35,14:55,14:55,15:00
2026-03-06,META,put,ITM,mid,60.0,3,335.0,OPPORTUNITY/HINDSIGHT,09:35,14:35,14:35,15:00,15:15,15:25
2026-03-06,META,put,ITM,mid,70.0,4,370.0,OPPORTUNITY/HINDSIGHT,09:35,14:40,14:40,14:55,14:55,15:05
2026-03-06,META,put,ITM,mid,75.0,4,370.0,OPPORTUNITY/HINDSIGHT,09:35,14:40,14:40,14:55,14:55,15:05
2026-03-06,META,put,ITM,mid,80.0,3,365.0,OPPORTUNITY/HINDSIGHT,09:35,14:40,14:40,15:00,15:15,15:55
2026-03-06,META,put,ITM,mid,90.0,3,365.0,OPPORTUNITY/HINDSIGHT,09:35,14:40,14:40,15:00,15:15,15:55
2026-03-06,META,put,ITM,mid,100.0,3,370.0,OPPORTUNITY/HINDSIGHT,09:35,14:45,14:45,15:05,15:15,15:55
2026-03-06,META,put,ITM,market,20.0,6,375.0,OPPORTUNITY/HINDSIGHT,09:35,09:45,09:45,14:35,14:35,14:45
2026-03-06,META,put,ITM,market,25.0,7,370.0,OPPORTUNITY/HINDSIGHT,09:35,14:30,14:30,14:40,14:40,14:45
2026-03-06,META,put,ITM,market,30.0,4,380.0,OPPORTUNITY/HINDSIGHT,09:35,14:30,14:30,14:45,14:45,15:00
2026-03-06,META,put,ITM,market,40.0,5,355.0,OPPORTUNITY/HINDSIGHT,09:35,14:35,14:35,14:45,14:45,15:00
2026-03-06,META,put,ITM,market,50.0,4,335.0,OPPORTUNITY/HINDSIGHT,09:35,14:35,14:35,14:55,14:55,15:00
2026-03-06,META,put,ITM,market,60.0,3,365.0,OPPORTUNITY/HINDSIGHT,09:35,14:35,14:35,15:00,15:15,15:55
2026-03-06,META,put,ITM,market,70.0,4,370.0,OPPORTUNITY/HINDSIGHT,09:35,14:40,14:40,14:55,14:55,15:05
2026-03-06,META,put,ITM,market,75.0,3,365.0,OPPORTUNITY/HINDSIGHT,09:35,14:40,14:40,15:00,15:15,15:55
2026-03-06,META,put,ITM,market,80.0,3,365.0,OPPORTUNITY/HINDSIGHT,09:35,14:40,14:40,15:00,15:15,15:55
2026-03-06,META,put,ITM,market,90.0,3,370.0,OPPORTUNITY/HINDSIGHT,09:35,14:45,14:45,15:05,15:15,15:55
2026-03-06,META,put,ITM,market,100.0,2,330.0,OPPORTUNITY/HINDSIGHT,09:35,14:45,14:45,15:05,,
2026-03-09,META,call,ITM,mid,20.0,9,385.0,OPPORTUNITY/HINDSIGHT,09:35,10:10,10:10,10:55,10:55,12:25
2026-03-09,META,call,ITM,mid,25.0,8,355.0,OPPORTUNITY/HINDSIGHT,09:35,10:10,10:10,10:55,10:55,12:25
2026-03-09,META,call,ITM,mid,30.0,8,355.0,OPPORTUNITY/HINDSIGHT,09:35,10:10,10:10,10:55,10:55,12:25
2026-03-09,META,call,ITM,mid,40.0,6,355.0,OPPORTUNITY/HINDSIGHT,09:35,10:55,10:55,12:30,12:30,14:50
2026-03-09,META,call,ITM,mid,50.0,5,355.0,OPPORTUNITY/HINDSIGHT,09:35,10:55,10:55,12:35,12:35,14:55
2026-03-09,META,call,ITM,mid,60.0,5,360.0,OPPORTUNITY/HINDSIGHT,09:35,10:55,10:55,12:35,12:35,14:55
2026-03-09,META,call,ITM,mid,70.0,5,380.0,OPPORTUNITY/HINDSIGHT,09:35,11:00,11:00,12:35,12:35,14:55
2026-03-09,META,call,ITM,mid,75.0,4,350.0,OPPORTUNITY/HINDSIGHT,09:35,12:05,12:05,14:50,14:50,15:00
2026-03-09,META,call,ITM,mid,80.0,4,355.0,OPPORTUNITY/HINDSIGHT,09:35,12:05,12:05,14:50,14:50,15:00
2026-03-09,META,call,ITM,mid,90.0,3,350.0,OPPORTUNITY/HINDSIGHT,09:35,12:25,12:25,14:55,14:55,15:25
2026-03-09,META,call,ITM,mid,100.0,3,350.0,OPPORTUNITY/HINDSIGHT,09:35,12:25,12:25,14:55,14:55,15:25
2026-03-09,META,call,ITM,market,20.0,8,355.0,OPPORTUNITY/HINDSIGHT,09:35,10:10,10:10,10:55,10:55,12:25
2026-03-09,META,call,ITM,market,25.0,8,355.0,OPPORTUNITY/HINDSIGHT,09:35,10:10,10:10,10:55,10:55,12:25
2026-03-09,META,call,ITM,market,30.0,6,355.0,OPPORTUNITY/HINDSIGHT,09:35,10:55,10:55,12:30,12:30,14:50
2026-03-09,META,call,ITM,market,40.0,5,355.0,OPPORTUNITY/HINDSIGHT,09:35,10:55,10:55,12:35,12:35,14:55
2026-03-09,META,call,ITM,market,50.0,5,360.0,OPPORTUNITY/HINDSIGHT,09:35,10:55,10:55,12:35,12:35,14:55
2026-03-09,META,call,ITM,market,60.0,5,380.0,OPPORTUNITY/HINDSIGHT,09:35,11:00,11:00,12:35,12:35,14:55
2026-03-09,META,call,ITM,market,70.0,4,350.0,OPPORTUNITY/HINDSIGHT,09:35,12:05,12:05,14:50,14:50,15:00
2026-03-09,META,call,ITM,market,75.0,3,350.0,OPPORTUNITY/HINDSIGHT,09:35,12:25,12:25,14:55,14:55,15:25
2026-03-09,META,call,ITM,market,80.0,3,350.0,OPPORTUNITY/HINDSIGHT,09:35,12:25,12:25,14:55,14:55,15:25
2026-03-09,META,call,ITM,market,90.0,3,350.0,OPPORTUNITY/HINDSIGHT,09:35,12:25,12:25,14:55,14:55,15:25
2026-03-09,META,call,ITM,market,100.0,3,355.0,OPPORTUNITY/HINDSIGHT,09:35,12:30,12:30,14:55,14:55,15:30
2026-03-09,META,call,ATM,mid,20.0,5,310.0,OPPORTUNITY/HINDSIGHT,09:35,10:10,10:10,10:55,10:55,12:25
2026-03-09,META,call,ATM,mid,25.0,5,310.0,OPPORTUNITY/HINDSIGHT,09:35,10:10,10:10,10:55,10:55,12:25
2026-03-09,META,call,ATM,mid,30.0,5,310.0,OPPORTUNITY/HINDSIGHT,09:35,10:10,10:10,10:55,10:55,12:25
2026-03-09,META,call,ATM,mid,40.0,5,310.0,OPPORTUNITY/HINDSIGHT,09:35,10:10,10:10,10:55,10:55,12:25
2026-03-09,META,call,ATM,mid,50.0,3,315.0,OPPORTUNITY/HINDSIGHT,09:35,10:55,10:55,12:30,12:30,14:50
2026-03-09,META,call,ATM,mid,60.0,3,315.0,OPPORTUNITY/HINDSIGHT,09:35,10:55,10:55,12:30,12:30,14:50
2026-03-09,META,call,ATM,mid,70.0,3,315.0,OPPORTUNITY/HINDSIGHT,09:35,10:55,10:55,12:35,12:40,14:55
2026-03-09,META,call,ATM,mid,75.0,3,315.0,OPPORTUNITY/HINDSIGHT,09:35,10:55,10:55,12:35,12:40,14:55
2026-03-09,META,call,ATM,mid,80.0,3,315.0,OPPORTUNITY/HINDSIGHT,09:35,10:55,10:55,12:35,12:40,14:55
2026-03-09,META,call,ATM,mid,90.0,3,315.0,OPPORTUNITY/HINDSIGHT,09:35,10:55,10:55,12:35,12:40,14:55
2026-03-09,META,call,ATM,mid,100.0,3,315.0,OPPORTUNITY/HINDSIGHT,09:35,11:00,11:00,12:35,12:40,14:55
2026-03-09,META,call,ATM,market,20.0,5,310.0,OPPORTUNITY/HINDSIGHT,09:35,10:10,10:10,10:55,10:55,12:25
2026-03-09,META,call,ATM,market,25.0,5,310.0,OPPORTUNITY/HINDSIGHT,09:35,10:10,10:10,10:55,10:55,12:25
2026-03-09,META,call,ATM,market,30.0,5,310.0,OPPORTUNITY/HINDSIGHT,09:35,10:10,10:10,10:55,10:55,12:25
2026-03-09,META,call,ATM,market,40.0,4,310.0,OPPORTUNITY/HINDSIGHT,09:35,10:55,10:55,12:25,12:25,12:35
2026-03-09,META,call,ATM,market,50.0,3,315.0,OPPORTUNITY/HINDSIGHT,09:35,10:55,10:55,12:30,12:30,14:50
2026-03-09,META,call,ATM,market,60.0,3,315.0,OPPORTUNITY/HINDSIGHT,09:35,10:55,10:55,12:35,12:40,14:55
2026-03-09,META,call,ATM,market,70.0,3,315.0,OPPORTUNITY/HINDSIGHT,09:35,10:55,10:55,12:35,12:40,14:55
2026-03-09,META,call,ATM,market,75.0,3,315.0,OPPORTUNITY/HINDSIGHT,09:35,10:55,10:55,12:35,12:40,14:55
2026-03-09,META,call,ATM,market,80.0,3,315.0,OPPORTUNITY/HINDSIGHT,09:35,10:55,10:55,12:35,12:40,14:55
2026-03-09,META,call,ATM,market,90.0,3,315.0,OPPORTUNITY/HINDSIGHT,09:35,11:00,11:00,12:35,12:40,14:55
2026-03-09,META,call,ATM,market,100.0,3,315.0,OPPORTUNITY/HINDSIGHT,09:35,12:05,12:05,12:35,12:40,14:55
2026-03-09,META,call,OTM1,mid,20.0,5,195.0,OPPORTUNITY/HINDSIGHT,09:35,10:10,10:10,10:55,10:55,12:25
2026-03-09,META,call,OTM1,mid,25.0,5,195.0,OPPORTUNITY/HINDSIGHT,09:35,10:10,10:10,10:55,10:55,12:25
2026-03-09,META,call,OTM1,mid,30.0,5,195.0,OPPORTUNITY/HINDSIGHT,09:35,10:10,10:10,10:55,10:55,12:25
2026-03-09,META,call,OTM1,mid,40.0,5,195.0,OPPORTUNITY/HINDSIGHT,09:35,10:10,10:10,10:55,10:55,12:25
2026-03-09,META,call,OTM1,mid,50.0,5,195.0,OPPORTUNITY/HINDSIGHT,09:35,10:10,10:10,10:55,10:55,12:25
2026-03-09,META,call,OTM1,mid,60.0,3,215.0,OPPORTUNITY/HINDSIGHT,09:35,10:55,10:55,12:30,14:00,14:40
2026-03-09,META,call,OTM1,mid,70.0,3,215.0,OPPORTUNITY/HINDSIGHT,09:35,10:55,10:55,12:30,14:00,14:40
2026-03-09,META,call,OTM1,mid,75.0,3,215.0,OPPORTUNITY/HINDSIGHT,09:35,10:55,10:55,12:30,14:00,14:40
2026-03-09,META,call,OTM1,mid,80.0,3,220.0,OPPORTUNITY/HINDSIGHT,09:35,10:55,10:55,12:35,14:00,14:40
2026-03-09,META,call,OTM1,mid,90.0,3,220.0,OPPORTUNITY/HINDSIGHT,09:35,10:55,10:55,12:35,14:00,14:40
2026-03-09,META,call,OTM1,mid,100.0,3,220.0,OPPORTUNITY/HINDSIGHT,09:35,10:55,10:55,12:35,14:00,14:40
2026-03-09,META,call,OTM1,market,20.0,5,195.0,OPPORTUNITY/HINDSIGHT,09:35,10:10,10:10,10:55,10:55,12:25
2026-03-09,META,call,OTM1,market,25.0,5,195.0,OPPORTUNITY/HINDSIGHT,09:35,10:10,10:10,10:55,10:55,12:25
2026-03-09,META,call,OTM1,market,30.0,5,195.0,OPPORTUNITY/HINDSIGHT,09:35,10:10,10:10,10:55,10:55,12:25
2026-03-09,META,call,OTM1,market,40.0,5,195.0,OPPORTUNITY/HINDSIGHT,09:35,10:10,10:10,10:55,10:55,12:25
2026-03-09,META,call,OTM1,market,50.0,4,200.0,OPPORTUNITY/HINDSIGHT,09:35,10:55,10:55,12:30,14:00,14:05
2026-03-09,META,call,OTM1,market,60.0,3,215.0,OPPORTUNITY/HINDSIGHT,09:35,10:55,10:55,12:30,14:00,14:40
2026-03-09,META,call,OTM1,market,70.0,3,220.0,OPPORTUNITY/HINDSIGHT,09:35,10:55,10:55,12:35,14:00,14:40
2026-03-09,META,call,OTM1,market,75.0,3,220.0,OPPORTUNITY/HINDSIGHT,09:35,10:55,10:55,12:35,14:00,14:40
2026-03-09,META,call,OTM1,market,80.0,3,220.0,OPPORTUNITY/HINDSIGHT,09:35,10:55,10:55,12:35,14:00,14:40
2026-03-09,META,call,OTM1,market,90.0,3,220.0,OPPORTUNITY/HINDSIGHT,09:35,10:55,10:55,12:35,14:00,14:40
2026-03-09,META,call,OTM1,market,100.0,3,220.0,OPPORTUNITY/HINDSIGHT,09:35,10:55,10:55,12:35,14:00,14:40
2026-03-09,META,call,OTM2+,mid,20.0,6,80.0,OPPORTUNITY/HINDSIGHT,09:35,10:10,10:15,10:20,10:20,10:45
2026-03-09,META,call,OTM2+,mid,25.0,6,80.0,OPPORTUNITY/HINDSIGHT,09:35,10:10,10:15,10:20,10:20,10:45
2026-03-09,META,call,OTM2+,mid,30.0,6,80.0,OPPORTUNITY/HINDSIGHT,09:35,10:10,10:15,10:20,10:20,10:45
2026-03-09,META,call,OTM2+,mid,40.0,6,80.0,OPPORTUNITY/HINDSIGHT,09:35,10:10,10:15,10:20,10:20,10:45
2026-03-09,META,call,OTM2+,mid,50.0,5,85.0,OPPORTUNITY/HINDSIGHT,09:35,10:10,10:15,10:20,10:20,10:45
2026-03-09,META,call,OTM2+,mid,60.0,5,85.0,OPPORTUNITY/HINDSIGHT,09:35,10:10,10:15,10:20,10:20,10:45
2026-03-09,META,call,OTM2+,mid,70.0,3,100.0,OPPORTUNITY/HINDSIGHT,09:35,10:55,11:25,11:30,11:45,12:00
2026-03-09,META,call,OTM2+,mid,75.0,3,100.0,OPPORTUNITY/HINDSIGHT,09:35,10:55,11:25,11:30,11:45,12:00
2026-03-09,META,call,OTM2+,mid,80.0,3,100.0,OPPORTUNITY/HINDSIGHT,09:35,10:55,11:25,11:30,11:45,12:00
2026-03-09,META,call,OTM2+,mid,90.0,3,100.0,OPPORTUNITY/HINDSIGHT,09:35,10:55,11:25,11:30,11:45,12:00
2026-03-09,META,call,OTM2+,mid,100.0,3,100.0,OPPORTUNITY/HINDSIGHT,09:35,10:55,11:25,11:30,11:45,12:00
2026-03-09,META,call,OTM2+,market,20.0,6,80.0,OPPORTUNITY/HINDSIGHT,09:35,10:10,10:15,10:20,10:20,10:45
2026-03-09,META,call,OTM2+,market,25.0,6,80.0,OPPORTUNITY/HINDSIGHT,09:35,10:10,10:15,10:20,10:20,10:45
2026-03-09,META,call,OTM2+,market,30.0,6,80.0,OPPORTUNITY/HINDSIGHT,09:35,10:10,10:15,10:20,10:20,10:45
2026-03-09,META,call,OTM2+,market,40.0,5,85.0,OPPORTUNITY/HINDSIGHT,09:35,10:10,10:15,10:20,10:20,10:45
2026-03-09,META,call,OTM2+,market,50.0,5,85.0,OPPORTUNITY/HINDSIGHT,09:35,10:10,10:15,10:20,10:20,10:45
2026-03-09,META,call,OTM2+,market,60.0,5,95.0,OPPORTUNITY/HINDSIGHT,09:35,10:10,10:15,10:30,10:30,10:55
2026-03-09,META,call,OTM2+,market,70.0,3,100.0,OPPORTUNITY/HINDSIGHT,09:35,10:55,11:25,11:30,11:45,12:00
2026-03-09,META,call,OTM2+,market,75.0,3,100.0,OPPORTUNITY/HINDSIGHT,09:35,10:55,11:25,11:30,11:45,12:00
2026-03-09,META,call,OTM2+,market,80.0,3,100.0,OPPORTUNITY/HINDSIGHT,09:35,10:55,11:25,11:30,11:45,12:00
2026-03-09,META,call,OTM2+,market,90.0,3,100.0,OPPORTUNITY/HINDSIGHT,09:35,10:55,11:25,11:30,11:45,12:00
2026-03-09,META,call,OTM2+,market,100.0,3,100.0,OPPORTUNITY/HINDSIGHT,09:35,10:55,11:25,11:30,11:45,12:00
2026-03-09,META,put,OTM2+,mid,20.0,10,215.0,OPPORTUNITY/HINDSIGHT,09:35,09:45,09:45,09:50,09:50,10:00
2026-03-09,META,put,OTM2+,mid,25.0,10,215.0,OPPORTUNITY/HINDSIGHT,09:35,09:45,09:45,09:50,09:50,10:00
2026-03-09,META,put,OTM2+,mid,30.0,8,215.0,OPPORTUNITY/HINDSIGHT,09:35,09:45,09:45,10:00,10:10,10:15
2026-03-09,META,put,OTM2+,mid,40.0,8,215.0,OPPORTUNITY/HINDSIGHT,09:35,09:45,09:45,10:00,10:10,10:15
2026-03-09,META,put,OTM2+,mid,50.0,7,215.0,OPPORTUNITY/HINDSIGHT,09:35,09:45,09:45,10:00,10:10,10:15
2026-03-09,META,put,OTM2+,mid,60.0,7,215.0,OPPORTUNITY/HINDSIGHT,09:35,09:45,09:45,10:00,10:10,10:15
2026-03-09,META,put,OTM2+,mid,70.0,8,210.0,OPPORTUNITY/HINDSIGHT,09:35,09:45,09:45,10:00,10:10,10:15
2026-03-09,META,put,OTM2+,mid,75.0,8,205.0,OPPORTUNITY/HINDSIGHT,09:35,09:50,09:55,10:00,10:10,10:15
2026-03-09,META,put,OTM2+,mid,80.0,8,205.0,OPPORTUNITY/HINDSIGHT,09:35,09:50,09:55,10:00,10:10,10:15
2026-03-09,META,put,OTM2+,mid,90.0,7,200.0,OPPORTUNITY/HINDSIGHT,09:35,09:50,10:10,10:15,10:45,11:25
2026-03-09,META,put,OTM2+,mid,100.0,7,185.0,OPPORTUNITY/HINDSIGHT,09:35,09:50,10:10,10:15,10:50,11:25
2026-03-09,META,put,OTM2+,market,20.0,10,215.0,OPPORTUNITY/HINDSIGHT,09:35,09:45,09:45,09:50,09:50,10:00
2026-03-09,META,put,OTM2+,market,25.0,8,215.0,OPPORTUNITY/HINDSIGHT,09:35,09:45,09:45,10:00,10:10,10:15
2026-03-09,META,put,OTM2+,market,30.0,8,215.0,OPPORTUNITY/HINDSIGHT,09:35,09:45,09:45,10:00,10:10,10:15
2026-03-09,META,put,OTM2+,market,40.0,8,215.0,OPPORTUNITY/HINDSIGHT,09:35,09:45,09:45,10:00,10:10,10:15
2026-03-09,META,put,OTM2+,market,50.0,7,215.0,OPPORTUNITY/HINDSIGHT,09:35,09:45,09:45,10:00,10:10,10:15
2026-03-09,META,put,OTM2+,market,60.0,8,210.0,OPPORTUNITY/HINDSIGHT,09:35,09:45,09:45,10:00,10:10,10:15
2026-03-09,META,put,OTM2+,market,70.0,8,205.0,OPPORTUNITY/HINDSIGHT,09:35,09:50,09:55,10:00,10:10,10:15
2026-03-09,META,put,OTM2+,market,75.0,8,205.0,OPPORTUNITY/HINDSIGHT,09:35,09:50,09:55,10:00,10:10,10:15
2026-03-09,META,put,OTM2+,market,80.0,7,200.0,OPPORTUNITY/HINDSIGHT,09:35,09:50,10:10,10:15,10:45,11:25
2026-03-09,META,put,OTM2+,market,90.0,7,195.0,OPPORTUNITY/HINDSIGHT,09:35,09:50,10:10,10:15,10:50,11:25
2026-03-09,META,put,OTM2+,market,100.0,6,190.0,OPPORTUNITY/HINDSIGHT,09:35,09:50,10:10,10:15,10:50,11:25
2026-03-09,META,put,OTM1,mid,20.0,11,220.0,OPPORTUNITY/HINDSIGHT,09:35,09:45,09:45,09:50,09:50,10:00
2026-03-09,META,put,OTM1,mid,25.0,9,215.0,OPPORTUNITY/HINDSIGHT,09:35,09:45,09:45,10:00,10:10,10:15
2026-03-09,META,put,OTM1,mid,30.0,9,215.0,OPPORTUNITY/HINDSIGHT,09:35,09:45,09:45,10:00,10:10,10:15
2026-03-09,META,put,OTM1,mid,40.0,7,210.0,OPPORTUNITY/HINDSIGHT,09:35,09:45,09:45,10:00,10:10,10:15
2026-03-09,META,put,OTM1,mid,50.0,7,210.0,OPPORTUNITY/HINDSIGHT,09:35,09:45,09:45,10:00,10:10,10:15
2026-03-09,META,put,OTM1,mid,60.0,7,205.0,OPPORTUNITY/HINDSIGHT,09:35,09:50,09:55,10:00,10:10,10:15
2026-03-09,META,put,OTM1,mid,70.0,6,200.0,OPPORTUNITY/HINDSIGHT,09:35,09:50,10:10,10:15,10:50,11:25
2026-03-09,META,put,OTM1,mid,75.0,6,200.0,OPPORTUNITY/HINDSIGHT,09:35,09:50,10:10,10:15,10:50,11:25
2026-03-09,META,put,OTM1,mid,80.0,6,190.0,OPPORTUNITY/HINDSIGHT,09:35,09:50,10:10,10:15,10:55,11:20
2026-03-09,META,put,OTM1,mid,90.0,5,205.0,OPPORTUNITY/HINDSIGHT,09:35,10:00,10:10,10:15,10:55,11:20
2026-03-09,META,put,OTM1,mid,100.0,5,205.0,OPPORTUNITY/HINDSIGHT,09:35,10:00,10:10,10:15,10:55,11:20
2026-03-09,META,put,OTM1,market,20.0,9,215.0,OPPORTUNITY/HINDSIGHT,09:35,09:45,09:45,10:00,10:10,10:15
2026-03-09,META,put,OTM1,market,25.0,9,215.0,OPPORTUNITY/HINDSIGHT,09:35,09:45,09:45,10:00,10:10,10:15
2026-03-09,META,put,OTM1,market,30.0,7,210.0,OPPORTUNITY/HINDSIGHT,09:35,09:45,09:45,10:00,10:10,10:15
2026-03-09,META,put,OTM1,market,40.0,7,210.0,OPPORTUNITY/HINDSIGHT,09:35,09:45,09:45,10:00,10:10,10:15
2026-03-09,META,put,OTM1,market,50.0,7,205.0,OPPORTUNITY/HINDSIGHT,09:35,09:50,09:55,10:00,10:10,10:15
2026-03-09,META,put,OTM1,market,60.0,6,195.0,OPPORTUNITY/HINDSIGHT,09:35,09:50,10:10,10:15,10:50,11:25
2026-03-09,META,put,OTM1,market,70.0,7,195.0,OPPORTUNITY/HINDSIGHT,09:35,09:50,10:10,10:15,10:55,11:10
2026-03-09,META,put,OTM1,market,75.0,6,190.0,OPPORTUNITY/HINDSIGHT,09:35,09:50,10:10,10:15,10:55,11:20
2026-03-09,META,put,OTM1,market,80.0,5,205.0,OPPORTUNITY/HINDSIGHT,09:35,10:00,10:10,10:15,10:55,11:20
2026-03-09,META,put,OTM1,market,90.0,5,205.0,OPPORTUNITY/HINDSIGHT,09:35,10:00,10:10,10:15,10:55,11:20
2026-03-09,META,put,OTM1,market,100.0,5,180.0,OPPORTUNITY/HINDSIGHT,09:35,10:00,10:10,10:15,10:55,11:20
2026-03-09,META,put,ATM,mid,20.0,10,215.0,OPPORTUNITY/HINDSIGHT,09:35,09:45,09:45,10:00,10:10,10:15
2026-03-09,META,put,ATM,mid,25.0,8,210.0,OPPORTUNITY/HINDSIGHT,09:35,09:45,09:45,10:00,10:10,10:15
2026-03-09,META,put,ATM,mid,30.0,7,210.0,OPPORTUNITY/HINDSIGHT,09:35,09:45,09:45,10:00,10:10,10:15
2026-03-09,META,put,ATM,mid,40.0,7,210.0,OPPORTUNITY/HINDSIGHT,09:35,09:45,09:45,10:00,10:10,10:15
2026-03-09,META,put,ATM,mid,50.0,6,195.0,OPPORTUNITY/HINDSIGHT,09:35,09:50,10:10,10:15,10:50,11:25
2026-03-09,META,put,ATM,mid,60.0,5,190.0,OPPORTUNITY/HINDSIGHT,09:35,09:50,10:10,10:15,10:55,11:20
2026-03-09,META,put,ATM,mid,70.0,5,200.0,OPPORTUNITY/HINDSIGHT,09:35,10:00,10:10,10:15,10:55,11:20
2026-03-09,META,put,ATM,mid,75.0,5,205.0,OPPORTUNITY/HINDSIGHT,09:35,10:00,10:10,10:15,10:55,11:20
2026-03-09,META,put,ATM,mid,80.0,4,190.0,OPPORTUNITY/HINDSIGHT,09:35,10:00,10:10,10:15,10:55,11:20
2026-03-09,META,put,ATM,mid,90.0,3,190.0,OPPORTUNITY/HINDSIGHT,09:35,10:00,10:55,11:25,12:05,14:20
2026-03-09,META,put,ATM,mid,100.0,3,165.0,OPPORTUNITY/HINDSIGHT,09:35,10:00,10:55,11:25,12:25,14:15
2026-03-09,META,put,ATM,market,20.0,8,210.0,OPPORTUNITY/HINDSIGHT,09:35,09:45,09:45,10:00,10:10,10:15
2026-03-09,META,put,ATM,market,25.0,7,210.0,OPPORTUNITY/HINDSIGHT,09:35,09:45,09:45,10:00,10:10,10:15
2026-03-09,META,put,ATM,market,30.0,7,210.0,OPPORTUNITY/HINDSIGHT,09:35,09:45,09:45,10:00,10:10,10:15
2026-03-09,META,put,ATM,market,40.0,6,200.0,OPPORTUNITY/HINDSIGHT,09:35,09:50,10:10,10:15,10:45,11:25
2026-03-09,META,put,ATM,market,50.0,6,195.0,OPPORTUNITY/HINDSIGHT,09:35,09:50,10:10,10:15,10:55,11:10
2026-03-09,META,put,ATM,market,60.0,5,200.0,OPPORTUNITY/HINDSIGHT,09:35,10:00,10:10,10:15,10:55,11:20
2026-03-09,META,put,ATM,market,70.0,4,190.0,OPPORTUNITY/HINDSIGHT,09:35,10:00,10:10,10:15,10:55,11:20
2026-03-09,META,put,ATM,market,75.0,4,190.0,OPPORTUNITY/HINDSIGHT,09:35,10:00,10:10,10:15,10:55,11:20
2026-03-09,META,put,ATM,market,80.0,4,190.0,OPPORTUNITY/HINDSIGHT,09:35,10:00,10:10,10:15,10:55,11:20
2026-03-09,META,put,ATM,market,90.0,3,160.0,OPPORTUNITY/HINDSIGHT,09:35,10:00,10:55,11:25,12:25,14:10
2026-03-09,META,put,ATM,market,100.0,3,165.0,OPPORTUNITY/HINDSIGHT,09:35,10:00,10:55,11:25,12:25,14:15
2026-03-09,META,put,ITM,mid,20.0,7,215.0,OPPORTUNITY/HINDSIGHT,09:35,09:45,09:45,10:00,10:10,10:15
2026-03-09,META,put,ITM,mid,25.0,6,210.0,OPPORTUNITY/HINDSIGHT,09:35,09:45,09:45,10:00,10:10,10:15
2026-03-09,META,put,ITM,mid,30.0,6,205.0,OPPORTUNITY/HINDSIGHT,09:35,09:50,09:55,10:00,10:10,10:15
2026-03-09,META,put,ITM,mid,40.0,6,195.0,OPPORTUNITY/HINDSIGHT,09:35,09:50,10:10,10:15,10:55,11:10
2026-03-09,META,put,ITM,mid,50.0,4,185.0,OPPORTUNITY/HINDSIGHT,09:35,10:00,10:10,10:15,10:55,11:20
2026-03-09,META,put,ITM,mid,60.0,4,70.0,OPPORTUNITY/HINDSIGHT,09:35,10:00,10:10,10:15,10:55,11:20
2026-03-09,META,put,ITM,mid,70.0,3,75.0,OPPORTUNITY/HINDSIGHT,09:35,10:00,10:55,11:25,14:00,14:20
2026-03-09,META,put,ITM,mid,75.0,2,50.0,OPPORTUNITY/HINDSIGHT,10:55,11:25,14:00,14:20,,
2026-03-09,META,put,ITM,mid,80.0,2,50.0,OPPORTUNITY/HINDSIGHT,10:55,11:25,14:00,14:20,,
2026-03-09,META,put,ITM,mid,90.0,1,30.0,OPPORTUNITY/HINDSIGHT,10:55,11:25,,,,
2026-03-09,META,put,ITM,mid,100.0,1,30.0,OPPORTUNITY/HINDSIGHT,10:55,11:25,,,,
2026-03-09,META,put,ITM,market,20.0,8,105.0,OPPORTUNITY/HINDSIGHT,09:35,09:45,09:45,10:00,10:10,10:15
2026-03-09,META,put,ITM,market,25.0,6,205.0,OPPORTUNITY/HINDSIGHT,09:35,09:50,09:55,10:00,10:10,10:15
2026-03-09,META,put,ITM,market,30.0,5,195.0,OPPORTUNITY/HINDSIGHT,09:35,09:50,10:10,10:15,10:50,11:25
2026-03-09,META,put,ITM,market,40.0,5,200.0,OPPORTUNITY/HINDSIGHT,09:35,10:00,10:10,10:15,10:55,11:20
2026-03-09,META,put,ITM,market,50.0,4,70.0,OPPORTUNITY/HINDSIGHT,09:35,10:00,10:10,10:15,10:55,11:20
2026-03-09,META,put,ITM,market,60.0,3,70.0,OPPORTUNITY/HINDSIGHT,09:35,10:00,10:55,11:25,14:00,14:15
2026-03-09,META,put,ITM,market,70.0,2,50.0,OPPORTUNITY/HINDSIGHT,10:55,11:25,14:00,14:20,,
2026-03-09,META,put,ITM,market,75.0,2,50.0,OPPORTUNITY/HINDSIGHT,10:55,11:25,14:00,14:20,,
2026-03-09,META,put,ITM,market,80.0,2,50.0,OPPORTUNITY/HINDSIGHT,10:55,11:25,14:00,14:20,,
2026-03-09,META,put,ITM,market,90.0,1,30.0,OPPORTUNITY/HINDSIGHT,10:55,11:25,,,,
2026-03-09,META,put,ITM,market,100.0,1,30.0,OPPORTUNITY/HINDSIGHT,10:55,11:25,,,,
2026-03-10,META,call,ITM,mid,20.0,3,45.0,OPPORTUNITY/HINDSIGHT,09:35,09:55,09:55,10:15,11:00,11:05
2026-03-10,META,call,ITM,mid,25.0,3,30.0,OPPORTUNITY/HINDSIGHT,09:35,09:55,10:10,10:15,11:00,11:05
2026-03-10,META,call,ITM,mid,30.0,2,30.0,OPPORTUNITY/HINDSIGHT,09:35,10:00,11:00,11:05,,
2026-03-10,META,call,ITM,mid,40.0,1,40.0,OPPORTUNITY/HINDSIGHT,09:35,10:15,,,,
2026-03-10,META,call,ITM,mid,50.0,1,20.0,OPPORTUNITY/HINDSIGHT,09:40,10:00,,,,
2026-03-10,META,call,ITM,mid,60.0,1,35.0,OPPORTUNITY/HINDSIGHT,09:40,10:15,,,,
2026-03-10,META,call,ITM,market,20.0,3,30.0,OPPORTUNITY/HINDSIGHT,09:35,09:55,10:10,10:15,11:00,11:05
2026-03-10,META,call,ITM,market,25.0,2,30.0,OPPORTUNITY/HINDSIGHT,09:35,10:00,11:00,11:05,,
2026-03-10,META,call,ITM,market,30.0,1,25.0,OPPORTUNITY/HINDSIGHT,09:35,10:00,,,,
2026-03-10,META,call,ITM,market,40.0,1,40.0,OPPORTUNITY/HINDSIGHT,09:35,10:15,,,,
2026-03-10,META,call,ITM,market,50.0,1,20.0,OPPORTUNITY/HINDSIGHT,09:40,10:00,,,,
2026-03-10,META,call,ATM,mid,20.0,7,110.0,OPPORTUNITY/HINDSIGHT,09:35,09:55,09:55,10:00,10:05,10:15
2026-03-10,META,call,ATM,mid,25.0,6,115.0,OPPORTUNITY/HINDSIGHT,09:35,09:55,09:55,10:15,10:55,11:05
2026-03-10,META,call,ATM,mid,30.0,6,110.0,OPPORTUNITY/HINDSIGHT,09:35,09:55,09:55,10:15,11:00,11:05
2026-03-10,META,call,ATM,mid,40.0,5,105.0,OPPORTUNITY/HINDSIGHT,09:35,10:00,10:10,10:15,11:00,11:05
2026-03-10,META,call,ATM,mid,50.0,2,65.0,OPPORTUNITY/HINDSIGHT,09:35,10:00,12:10,12:50,,
2026-03-10,META,call,ATM,mid,60.0,2,75.0,OPPORTUNITY/HINDSIGHT,09:35,10:15,12:15,12:50,,
2026-03-10,META,call,ATM,mid,70.0,2,25.0,OPPORTUNITY/HINDSIGHT,09:40,10:00,12:45,12:50,,
2026-03-10,META,call,ATM,mid,75.0,2,25.0,OPPORTUNITY/HINDSIGHT,09:40,10:00,12:45,12:50,,
2026-03-10,META,call,ATM,mid,80.0,2,25.0,OPPORTUNITY/HINDSIGHT,09:40,10:00,12:45,12:50,,
2026-03-10,META,call,ATM,mid,90.0,2,40.0,OPPORTUNITY/HINDSIGHT,09:40,10:15,12:45,12:50,,
2026-03-10,META,call,ATM,mid,100.0,2,40.0,OPPORTUNITY/HINDSIGHT,09:40,10:15,12:45,12:50,,
2026-03-10,META,call,ATM,market,20.0,6,115.0,OPPORTUNITY/HINDSIGHT,09:35,09:55,09:55,10:15,10:55,11:05
2026-03-10,META,call,ATM,market,25.0,6,110.0,OPPORTUNITY/HINDSIGHT,09:35,09:55,09:55,10:15,11:00,11:05
2026-03-10,META,call,ATM,market,30.0,6,95.0,OPPORTUNITY/HINDSIGHT,09:35,09:55,10:10,10:15,11:00,11:05
2026-03-10,META,call,ATM,market,40.0,3,70.0,OPPORTUNITY/HINDSIGHT,09:35,10:00,11:00,11:05,12:10,12:50
2026-03-10,META,call,ATM,market,50.0,2,60.0,OPPORTUNITY/HINDSIGHT,09:35,10:00,12:15,12:50,,
2026-03-10,META,call,ATM,market,60.0,2,45.0,OPPORTUNITY/HINDSIGHT,09:35,10:15,12:45,12:50,,
2026-03-10,META,call,ATM,market,70.0,2,25.0,OPPORTUNITY/HINDSIGHT,09:40,10:00,12:45,12:50,,
2026-03-10,META,call,ATM,market,75.0,2,25.0,OPPORTUNITY/HINDSIGHT,09:40,10:00,12:45,12:50,,
2026-03-10,META,call,ATM,market,80.0,2,25.0,OPPORTUNITY/HINDSIGHT,09:40,10:00,12:45,12:50,,
2026-03-10,META,call,ATM,market,90.0,2,40.0,OPPORTUNITY/HINDSIGHT,09:40,10:15,12:45,12:50,,
2026-03-10,META,call,OTM1,mid,20.0,11,140.0,OPPORTUNITY/HINDSIGHT,09:35,09:55,09:55,10:00,10:05,10:15
2026-03-10,META,call,OTM1,mid,25.0,11,140.0,OPPORTUNITY/HINDSIGHT,09:35,09:55,09:55,10:00,10:05,10:15
2026-03-10,META,call,OTM1,mid,30.0,9,145.0,OPPORTUNITY/HINDSIGHT,09:35,09:55,09:55,10:15,10:55,11:05
2026-03-10,META,call,OTM1,mid,40.0,9,140.0,OPPORTUNITY/HINDSIGHT,09:35,09:55,09:55,10:15,11:00,11:05
2026-03-10,META,call,OTM1,mid,50.0,9,125.0,OPPORTUNITY/HINDSIGHT,09:35,09:55,10:10,10:15,11:00,11:05
2026-03-10,META,call,OTM1,mid,60.0,7,115.0,OPPORTUNITY/HINDSIGHT,09:35,10:00,11:00,11:05,11:30,11:45
2026-03-10,META,call,OTM1,mid,70.0,5,90.0,OPPORTUNITY/HINDSIGHT,09:35,10:00,12:15,12:50,13:10,13:20
2026-03-10,META,call,OTM1,mid,75.0,5,90.0,OPPORTUNITY/HINDSIGHT,09:35,10:00,12:15,12:50,13:10,13:20
2026-03-10,META,call,OTM1,mid,80.0,5,90.0,OPPORTUNITY/HINDSIGHT,09:35,10:00,12:15,12:50,13:10,13:20
2026-03-10,META,call,OTM1,mid,90.0,6,100.0,OPPORTUNITY/HINDSIGHT,09:35,10:15,12:20,12:30,12:30,12:50
2026-03-10,META,call,OTM1,mid,100.0,4,75.0,OPPORTUNITY/HINDSIGHT,09:35,10:15,12:20,12:30,12:30,12:50
2026-03-10,META,call,OTM1,market,20.0,11,140.0,OPPORTUNITY/HINDSIGHT,09:35,09:55,09:55,10:00,10:05,10:15
2026-03-10,META,call,OTM1,market,25.0,9,145.0,OPPORTUNITY/HINDSIGHT,09:35,09:55,09:55,10:15,10:55,11:05
2026-03-10,META,call,OTM1,market,30.0,9,140.0,OPPORTUNITY/HINDSIGHT,09:35,09:55,09:55,10:15,11:00,11:05
2026-03-10,META,call,OTM1,market,40.0,9,130.0,OPPORTUNITY/HINDSIGHT,09:35,09:55,10:05,10:15,11:00,11:05
2026-03-10,META,call,OTM1,market,50.0,8,135.0,OPPORTUNITY/HINDSIGHT,09:35,10:00,10:10,10:15,11:00,11:05
2026-03-10,META,call,OTM1,market,60.0,6,95.0,OPPORTUNITY/HINDSIGHT,09:35,10:00,11:00,11:05,12:15,12:50
2026-03-10,META,call,OTM1,market,70.0,5,90.0,OPPORTUNITY/HINDSIGHT,09:35,10:00,12:15,12:50,13:10,13:20
2026-03-10,META,call,OTM1,market,75.0,5,90.0,OPPORTUNITY/HINDSIGHT,09:35,10:00,12:15,12:50,13:10,13:20
2026-03-10,META,call,OTM1,market,80.0,6,100.0,OPPORTUNITY/HINDSIGHT,09:35,10:15,12:20,12:30,12:30,12:50
2026-03-10,META,call,OTM1,market,90.0,4,75.0,OPPORTUNITY/HINDSIGHT,09:35,10:15,12:20,12:30,12:30,12:50
2026-03-10,META,call,OTM1,market,100.0,4,55.0,OPPORTUNITY/HINDSIGHT,09:40,10:00,12:20,12:30,12:30,12:50
2026-03-10,META,call,OTM2+,mid,20.0,8,85.0,OPPORTUNITY/HINDSIGHT,09:35,09:55,10:55,11:05,11:15,11:25
2026-03-10,META,call,OTM2+,mid,25.0,8,85.0,OPPORTUNITY/HINDSIGHT,09:35,09:55,10:55,11:05,11:15,11:25
2026-03-10,META,call,OTM2+,mid,30.0,8,85.0,OPPORTUNITY/HINDSIGHT,09:35,09:55,10:55,11:05,11:15,11:25
2026-03-10,META,call,OTM2+,mid,40.0,7,85.0,OPPORTUNITY/HINDSIGHT,09:35,09:55,10:55,11:05,11:15,11:25
2026-03-10,META,call,OTM2+,mid,50.0,7,85.0,OPPORTUNITY/HINDSIGHT,09:35,09:55,11:00,11:05,11:15,11:25
2026-03-10,META,call,OTM2+,mid,60.0,7,85.0,OPPORTUNITY/HINDSIGHT,09:35,09:55,11:00,11:05,11:15,11:25
2026-03-10,META,call,OTM2+,mid,70.0,7,90.0,OPPORTUNITY/HINDSIGHT,09:35,10:00,11:00,11:05,11:15,11:25
2026-03-10,META,call,OTM2+,mid,75.0,7,90.0,OPPORTUNITY/HINDSIGHT,09:35,10:00,11:00,11:05,11:15,11:25
2026-03-10,META,call,OTM2+,mid,80.0,6,80.0,OPPORTUNITY/HINDSIGHT,09:35,10:00,11:00,11:05,11:30,11:45
2026-03-10,META,call,OTM2+,mid,90.0,5,65.0,OPPORTUNITY/HINDSIGHT,09:35,10:00,11:00,11:05,12:20,12:30
2026-03-10,META,call,OTM2+,mid,100.0,4,60.0,OPPORTUNITY/HINDSIGHT,09:35,10:00,12:20,12:30,12:30,12:50
2026-03-10,META,call,OTM2+,market,20.0,8,85.0,OPPORTUNITY/HINDSIGHT,09:35,09:55,10:55,11:05,11:15,11:25
2026-03-10,META,call,OTM2+,market,25.0,8,85.0,OPPORTUNITY/HINDSIGHT,09:35,09:55,10:55,11:05,11:15,11:25
2026-03-10,META,call,OTM2+,market,30.0,8,80.0,OPPORTUNITY/HINDSIGHT,09:35,09:55,10:55,11:05,11:15,11:25
2026-03-10,META,call,OTM2+,market,40.0,7,85.0,OPPORTUNITY/HINDSIGHT,09:35,09:55,11:00,11:05,11:15,11:25
2026-03-10,META,call,OTM2+,market,50.0,7,85.0,OPPORTUNITY/HINDSIGHT,09:35,09:55,11:00,11:05,11:15,11:25
2026-03-10,META,call,OTM2+,market,60.0,7,85.0,OPPORTUNITY/HINDSIGHT,09:35,09:55,11:00,11:05,11:15,11:25
2026-03-10,META,call,OTM2+,market,70.0,7,90.0,OPPORTUNITY/HINDSIGHT,09:35,10:00,11:00,11:05,11:15,11:25
2026-03-10,META,call,OTM2+,market,75.0,6,80.0,OPPORTUNITY/HINDSIGHT,09:35,10:00,11:00,11:05,11:30,11:45
2026-03-10,META,call,OTM2+,market,80.0,5,65.0,OPPORTUNITY/HINDSIGHT,09:35,10:00,11:00,11:05,12:20,12:30
2026-03-10,META,call,OTM2+,market,90.0,5,65.0,OPPORTUNITY/HINDSIGHT,09:35,10:00,11:00,11:05,12:20,12:30
2026-03-10,META,call,OTM2+,market,100.0,4,60.0,OPPORTUNITY/HINDSIGHT,09:35,10:00,12:20,12:30,12:30,12:50
2026-03-10,META,put,OTM2+,mid,20.0,2,55.0,OPPORTUNITY/HINDSIGHT,09:35,09:40,09:40,10:30,,
2026-03-10,META,put,OTM2+,mid,25.0,2,55.0,OPPORTUNITY/HINDSIGHT,09:35,09:40,09:40,10:30,,
2026-03-10,META,put,OTM2+,mid,30.0,2,55.0,OPPORTUNITY/HINDSIGHT,09:35,09:40,09:40,10:30,,
2026-03-10,META,put,OTM2+,mid,40.0,1,55.0,OPPORTUNITY/HINDSIGHT,09:35,10:30,,,,
2026-03-10,META,put,OTM2+,mid,50.0,1,55.0,OPPORTUNITY/HINDSIGHT,09:35,10:30,,,,
2026-03-10,META,put,OTM2+,mid,60.0,1,55.0,OPPORTUNITY/HINDSIGHT,09:35,10:30,,,,
2026-03-10,META,put,OTM2+,mid,70.0,1,55.0,OPPORTUNITY/HINDSIGHT,09:35,10:30,,,,
2026-03-10,META,put,OTM2+,mid,75.0,1,55.0,OPPORTUNITY/HINDSIGHT,09:35,10:30,,,,
2026-03-10,META,put,OTM2+,mid,80.0,1,55.0,OPPORTUNITY/HINDSIGHT,09:35,10:30,,,,
2026-03-10,META,put,OTM2+,mid,90.0,1,55.0,OPPORTUNITY/HINDSIGHT,09:35,10:30,,,,
2026-03-10,META,put,OTM2+,mid,100.0,1,55.0,OPPORTUNITY/HINDSIGHT,09:35,10:30,,,,
2026-03-10,META,put,OTM2+,market,20.0,2,55.0,OPPORTUNITY/HINDSIGHT,09:35,09:40,09:40,10:30,,
2026-03-10,META,put,OTM2+,market,25.0,2,55.0,OPPORTUNITY/HINDSIGHT,09:35,09:40,09:40,10:30,,
2026-03-10,META,put,OTM2+,market,30.0,1,55.0,OPPORTUNITY/HINDSIGHT,09:35,10:30,,,,
2026-03-10,META,put,OTM2+,market,40.0,1,55.0,OPPORTUNITY/HINDSIGHT,09:35,10:30,,,,
2026-03-10,META,put,OTM2+,market,50.0,1,55.0,OPPORTUNITY/HINDSIGHT,09:35,10:30,,,,
2026-03-10,META,put,OTM2+,market,60.0,1,55.0,OPPORTUNITY/HINDSIGHT,09:35,10:30,,,,
2026-03-10,META,put,OTM2+,market,70.0,1,55.0,OPPORTUNITY/HINDSIGHT,09:35,10:30,,,,
2026-03-10,META,put,OTM2+,market,75.0,1,55.0,OPPORTUNITY/HINDSIGHT,09:35,10:30,,,,
2026-03-10,META,put,OTM2+,market,80.0,1,55.0,OPPORTUNITY/HINDSIGHT,09:35,10:30,,,,
2026-03-10,META,put,OTM2+,market,90.0,1,55.0,OPPORTUNITY/HINDSIGHT,09:35,10:30,,,,
2026-03-10,META,put,OTM2+,market,100.0,1,55.0,OPPORTUNITY/HINDSIGHT,09:35,10:30,,,,
2026-03-10,META,put,OTM1,mid,20.0,7,105.0,OPPORTUNITY/HINDSIGHT,09:35,09:40,09:40,10:30,10:30,10:40
2026-03-10,META,put,OTM1,mid,25.0,7,105.0,OPPORTUNITY/HINDSIGHT,09:35,09:40,09:40,10:30,10:30,10:40
2026-03-10,META,put,OTM1,mid,30.0,6,105.0,OPPORTUNITY/HINDSIGHT,09:35,10:30,10:30,10:40,10:40,10:50
2026-03-10,META,put,OTM1,mid,40.0,5,105.0,OPPORTUNITY/HINDSIGHT,09:35,10:30,10:30,10:40,10:40,10:50
2026-03-10,META,put,OTM1,mid,50.0,5,105.0,OPPORTUNITY/HINDSIGHT,09:35,10:30,10:30,10:40,10:40,10:50
2026-03-10,META,put,OTM1,mid,60.0,4,105.0,OPPORTUNITY/HINDSIGHT,09:35,10:30,10:30,10:50,10:50,11:15
2026-03-10,META,put,OTM1,mid,70.0,4,105.0,OPPORTUNITY/HINDSIGHT,09:35,10:30,10:30,10:50,10:50,11:15
2026-03-10,META,put,OTM1,mid,75.0,4,105.0,OPPORTUNITY/HINDSIGHT,09:35,10:30,10:30,10:50,10:50,11:15
2026-03-10,META,put,OTM1,mid,80.0,4,105.0,OPPORTUNITY/HINDSIGHT,09:35,10:30,10:30,10:50,10:50,11:15
2026-03-10,META,put,OTM1,mid,90.0,4,105.0,OPPORTUNITY/HINDSIGHT,09:35,10:30,10:30,10:50,10:50,11:15
2026-03-10,META,put,OTM1,mid,100.0,4,105.0,OPPORTUNITY/HINDSIGHT,09:35,10:30,10:30,10:50,10:50,11:15
2026-03-10,META,put,OTM1,market,20.0,7,105.0,OPPORTUNITY/HINDSIGHT,09:35,09:40,09:40,10:30,10:30,10:40
2026-03-10,META,put,OTM1,market,25.0,6,105.0,OPPORTUNITY/HINDSIGHT,09:35,10:30,10:30,10:40,10:40,10:50
2026-03-10,META,put,OTM1,market,30.0,6,105.0,OPPORTUNITY/HINDSIGHT,09:35,10:30,10:30,10:40,10:40,10:50
2026-03-10,META,put,OTM1,market,40.0,5,105.0,OPPORTUNITY/HINDSIGHT,09:35,10:30,10:30,10:40,10:40,10:50
2026-03-10,META,put,OTM1,market,50.0,4,105.0,OPPORTUNITY/HINDSIGHT,09:35,10:30,10:30,10:50,10:50,11:15
2026-03-10,META,put,OTM1,market,60.0,4,105.0,OPPORTUNITY/HINDSIGHT,09:35,10:30,10:30,10:50,10:50,11:15
2026-03-10,META,put,OTM1,market,70.0,4,105.0,OPPORTUNITY/HINDSIGHT,09:35,10:30,10:30,10:50,10:50,11:15
2026-03-10,META,put,OTM1,market,75.0,4,105.0,OPPORTUNITY/HINDSIGHT,09:35,10:30,10:30,10:50,10:50,11:15
2026-03-10,META,put,OTM1,market,80.0,4,105.0,OPPORTUNITY/HINDSIGHT,09:35,10:30,10:30,10:50,10:50,11:15
2026-03-10,META,put,OTM1,market,90.0,4,105.0,OPPORTUNITY/HINDSIGHT,09:35,10:30,10:30,10:50,10:50,11:15
2026-03-10,META,put,OTM1,market,100.0,3,135.0,OPPORTUNITY/HINDSIGHT,09:35,10:30,10:30,10:50,10:50,11:50
2026-03-10,META,put,ATM,mid,20.0,9,180.0,OPPORTUNITY/HINDSIGHT,09:35,10:30,10:30,10:40,10:40,10:50
2026-03-10,META,put,ATM,mid,25.0,8,180.0,OPPORTUNITY/HINDSIGHT,09:35,10:30,10:30,10:40,10:40,10:50
2026-03-10,META,put,ATM,mid,30.0,7,185.0,OPPORTUNITY/HINDSIGHT,09:35,10:30,10:30,10:40,10:40,10:50
2026-03-10,META,put,ATM,mid,40.0,6,185.0,OPPORTUNITY/HINDSIGHT,09:35,10:30,10:30,10:50,10:50,11:15
2026-03-10,META,put,ATM,mid,50.0,6,185.0,OPPORTUNITY/HINDSIGHT,09:35,10:30,10:30,10:50,10:50,11:15
2026-03-10,META,put,ATM,mid,60.0,5,185.0,OPPORTUNITY/HINDSIGHT,09:35,10:30,10:30,10:50,10:50,11:15
2026-03-10,META,put,ATM,mid,70.0,5,185.0,OPPORTUNITY/HINDSIGHT,09:35,10:30,10:30,10:50,10:50,11:50
2026-03-10,META,put,ATM,mid,75.0,5,185.0,OPPORTUNITY/HINDSIGHT,09:35,10:30,10:30,10:50,10:50,11:50
2026-03-10,META,put,ATM,mid,80.0,4,190.0,OPPORTUNITY/HINDSIGHT,09:35,10:40,10:40,11:15,11:15,12:20
2026-03-10,META,put,ATM,mid,90.0,4,190.0,OPPORTUNITY/HINDSIGHT,09:35,10:40,10:40,11:15,11:15,12:20
2026-03-10,META,put,ATM,mid,100.0,4,190.0,OPPORTUNITY/HINDSIGHT,09:35,10:40,10:40,11:15,11:15,12:20
2026-03-10,META,put,ATM,market,20.0,8,180.0,OPPORTUNITY/HINDSIGHT,09:35,10:30,10:30,10:40,10:40,10:50
2026-03-10,META,put,ATM,market,25.0,7,185.0,OPPORTUNITY/HINDSIGHT,09:35,10:30,10:30,10:40,10:40,10:50
2026-03-10,META,put,ATM,market,30.0,7,185.0,OPPORTUNITY/HINDSIGHT,09:35,10:30,10:30,10:40,10:40,10:50
2026-03-10,META,put,ATM,market,40.0,6,185.0,OPPORTUNITY/HINDSIGHT,09:35,10:30,10:30,10:50,10:50,11:15
2026-03-10,META,put,ATM,market,50.0,5,185.0,OPPORTUNITY/HINDSIGHT,09:35,10:30,10:30,10:50,10:50,11:15
2026-03-10,META,put,ATM,market,60.0,5,185.0,OPPORTUNITY/HINDSIGHT,09:35,10:30,10:30,10:50,10:50,11:15
2026-03-10,META,put,ATM,market,70.0,5,190.0,OPPORTUNITY/HINDSIGHT,09:35,10:30,10:30,10:50,10:50,11:50
2026-03-10,META,put,ATM,market,75.0,4,190.0,OPPORTUNITY/HINDSIGHT,09:35,10:40,10:40,11:15,11:15,12:20
2026-03-10,META,put,ATM,market,80.0,4,190.0,OPPORTUNITY/HINDSIGHT,09:35,10:40,10:40,11:15,11:15,12:20
2026-03-10,META,put,ATM,market,90.0,4,190.0,OPPORTUNITY/HINDSIGHT,09:35,10:40,10:40,11:15,11:15,12:20
2026-03-10,META,put,ATM,market,100.0,4,210.0,OPPORTUNITY/HINDSIGHT,09:35,10:40,10:40,11:15,11:15,12:20
2026-03-10,META,put,ITM,mid,20.0,11,340.0,OPPORTUNITY/HINDSIGHT,09:35,10:30,10:30,10:40,10:40,10:50
2026-03-10,META,put,ITM,mid,25.0,10,340.0,OPPORTUNITY/HINDSIGHT,09:35,10:30,10:30,10:50,10:50,11:15
2026-03-10,META,put,ITM,mid,30.0,9,345.0,OPPORTUNITY/HINDSIGHT,09:35,10:30,10:30,10:50,10:50,11:15
2026-03-10,META,put,ITM,mid,40.0,7,335.0,OPPORTUNITY/HINDSIGHT,09:35,10:30,10:30,10:50,10:50,11:15
2026-03-10,META,put,ITM,mid,50.0,6,325.0,OPPORTUNITY/HINDSIGHT,09:35,10:30,10:30,10:50,10:50,11:50
2026-03-10,META,put,ITM,mid,60.0,5,325.0,OPPORTUNITY/HINDSIGHT,09:35,10:40,10:40,11:15,11:15,12:20
2026-03-10,META,put,ITM,mid,70.0,4,280.0,OPPORTUNITY/HINDSIGHT,09:35,10:40,10:40,11:15,11:15,12:20
2026-03-10,META,put,ITM,mid,75.0,4,285.0,OPPORTUNITY/HINDSIGHT,09:35,10:40,10:40,11:15,11:15,12:20
2026-03-10,META,put,ITM,mid,80.0,4,285.0,OPPORTUNITY/HINDSIGHT,09:35,10:40,10:40,11:15,11:15,12:20
2026-03-10,META,put,ITM,mid,90.0,3,285.0,OPPORTUNITY/HINDSIGHT,09:35,10:50,10:50,12:20,12:20,14:20
2026-03-10,META,put,ITM,mid,100.0,3,285.0,OPPORTUNITY/HINDSIGHT,09:35,10:50,10:50,12:20,12:20,14:20
2026-03-10,META,put,ITM,market,20.0,10,340.0,OPPORTUNITY/HINDSIGHT,09:35,10:30,10:30,10:50,10:50,11:15
2026-03-10,META,put,ITM,market,25.0,9,345.0,OPPORTUNITY/HINDSIGHT,09:35,10:30,10:30,10:50,10:50,11:15
2026-03-10,META,put,ITM,market,30.0,9,330.0,OPPORTUNITY/HINDSIGHT,09:35,10:30,10:30,10:50,10:50,11:15
2026-03-10,META,put,ITM,market,40.0,7,335.0,OPPORTUNITY/HINDSIGHT,09:35,10:30,10:30,10:50,10:50,11:50
2026-03-10,META,put,ITM,market,50.0,5,325.0,OPPORTUNITY/HINDSIGHT,09:35,10:40,10:40,11:15,11:15,12:20
2026-03-10,META,put,ITM,market,60.0,4,280.0,OPPORTUNITY/HINDSIGHT,09:35,10:40,10:40,11:15,11:15,12:20
2026-03-10,META,put,ITM,market,70.0,4,285.0,OPPORTUNITY/HINDSIGHT,09:35,10:40,10:40,11:15,11:15,12:20
2026-03-10,META,put,ITM,market,75.0,3,285.0,OPPORTUNITY/HINDSIGHT,09:35,10:50,10:50,12:20,12:20,14:20
2026-03-10,META,put,ITM,market,80.0,3,285.0,OPPORTUNITY/HINDSIGHT,09:35,10:50,10:50,12:20,12:20,14:20
2026-03-10,META,put,ITM,market,90.0,3,285.0,OPPORTUNITY/HINDSIGHT,09:35,10:50,10:50,12:20,12:20,14:20
2026-03-10,META,put,ITM,market,100.0,3,285.0,OPPORTUNITY/HINDSIGHT,09:35,10:50,10:50,12:20,12:20,14:20
2026-03-11,META,call,ITM,mid,20.0,7,355.0,OPPORTUNITY/HINDSIGHT,09:35,14:25,14:25,14:35,14:35,15:10
2026-03-11,META,call,ITM,mid,25.0,7,355.0,OPPORTUNITY/HINDSIGHT,09:35,14:25,14:25,14:35,14:35,15:10
2026-03-11,META,call,ITM,mid,30.0,4,350.0,OPPORTUNITY/HINDSIGHT,09:35,14:25,14:25,15:10,15:10,15:20
2026-03-11,META,call,ITM,mid,40.0,4,350.0,OPPORTUNITY/HINDSIGHT,09:35,14:25,14:25,15:10,15:10,15:20
2026-03-11,META,call,ITM,mid,50.0,4,355.0,OPPORTUNITY/HINDSIGHT,09:35,14:35,14:35,15:10,15:10,15:20
2026-03-11,META,call,ITM,mid,60.0,4,355.0,OPPORTUNITY/HINDSIGHT,09:35,14:35,14:35,15:10,15:10,15:20
2026-03-11,META,call,ITM,mid,70.0,3,355.0,OPPORTUNITY/HINDSIGHT,09:35,15:10,15:10,15:20,15:20,15:30
2026-03-11,META,call,ITM,mid,75.0,2,350.0,OPPORTUNITY/HINDSIGHT,09:35,15:10,15:10,15:25,,
2026-03-11,META,call,ITM,mid,80.0,2,350.0,OPPORTUNITY/HINDSIGHT,09:35,15:10,15:10,15:25,,
2026-03-11,META,call,ITM,mid,90.0,2,350.0,OPPORTUNITY/HINDSIGHT,09:35,15:10,15:10,15:25,,
2026-03-11,META,call,ITM,mid,100.0,1,340.0,OPPORTUNITY/HINDSIGHT,09:35,15:15,,,,
2026-03-11,META,call,ITM,market,20.0,7,355.0,OPPORTUNITY/HINDSIGHT,09:35,14:25,14:25,14:35,14:35,15:10
2026-03-11,META,call,ITM,market,25.0,4,350.0,OPPORTUNITY/HINDSIGHT,09:35,14:25,14:25,15:10,15:10,15:20
2026-03-11,META,call,ITM,market,30.0,4,350.0,OPPORTUNITY/HINDSIGHT,09:35,14:25,14:25,15:10,15:10,15:20
2026-03-11,META,call,ITM,market,40.0,4,355.0,OPPORTUNITY/HINDSIGHT,09:35,14:35,14:35,15:10,15:10,15:20
2026-03-11,META,call,ITM,market,50.0,4,355.0,OPPORTUNITY/HINDSIGHT,09:35,14:35,14:35,15:10,15:10,15:20
2026-03-11,META,call,ITM,market,60.0,3,355.0,OPPORTUNITY/HINDSIGHT,09:35,15:10,15:10,15:20,15:20,15:30
2026-03-11,META,call,ITM,market,70.0,2,350.0,OPPORTUNITY/HINDSIGHT,09:35,15:10,15:10,15:25,,
2026-03-11,META,call,ITM,market,75.0,2,350.0,OPPORTUNITY/HINDSIGHT,09:35,15:10,15:10,15:25,,
2026-03-11,META,call,ITM,market,80.0,2,350.0,OPPORTUNITY/HINDSIGHT,09:35,15:10,15:10,15:25,,
2026-03-11,META,call,ITM,market,90.0,1,340.0,OPPORTUNITY/HINDSIGHT,09:35,15:15,,,,
2026-03-11,META,call,ITM,market,100.0,1,340.0,OPPORTUNITY/HINDSIGHT,09:35,15:15,,,,
2026-03-11,META,call,ATM,mid,20.0,7,355.0,OPPORTUNITY/HINDSIGHT,09:35,14:25,14:25,14:35,14:35,15:10
2026-03-11,META,call,ATM,mid,25.0,7,355.0,OPPORTUNITY/HINDSIGHT,09:35,14:25,14:25,14:35,14:35,15:10
2026-03-11,META,call,ATM,mid,30.0,7,355.0,OPPORTUNITY/HINDSIGHT,09:35,14:25,14:25,14:35,14:35,15:10
2026-03-11,META,call,ATM,mid,40.0,7,355.0,OPPORTUNITY/HINDSIGHT,09:35,14:25,14:25,14:35,14:35,15:10
2026-03-11,META,call,ATM,mid,50.0,7,355.0,OPPORTUNITY/HINDSIGHT,09:35,14:25,14:25,14:35,14:35,15:10
2026-03-11,META,call,ATM,mid,60.0,6,355.0,OPPORTUNITY/HINDSIGHT,09:35,14:35,14:35,15:10,15:10,15:15
2026-03-11,META,call,ATM,mid,70.0,6,355.0,OPPORTUNITY/HINDSIGHT,09:35,14:35,14:35,15:10,15:10,15:15
2026-03-11,META,call,ATM,mid,75.0,6,355.0,OPPORTUNITY/HINDSIGHT,09:35,14:35,14:35,15:10,15:10,15:15
2026-03-11,META,call,ATM,mid,80.0,5,355.0,OPPORTUNITY/HINDSIGHT,09:35,14:35,14:35,15:10,15:10,15:20
2026-03-11,META,call,ATM,mid,90.0,5,355.0,OPPORTUNITY/HINDSIGHT,09:35,14:35,14:35,15:10,15:10,15:20
2026-03-11,META,call,ATM,mid,100.0,3,350.0,OPPORTUNITY/HINDSIGHT,09:35,15:10,15:10,15:20,15:20,15:25
2026-03-11,META,call,ATM,market,20.0,7,355.0,OPPORTUNITY/HINDSIGHT,09:35,14:25,14:25,14:35,14:35,15:10
2026-03-11,META,call,ATM,market,25.0,7,355.0,OPPORTUNITY/HINDSIGHT,09:35,14:25,14:25,14:35,14:35,15:10
2026-03-11,META,call,ATM,market,30.0,7,355.0,OPPORTUNITY/HINDSIGHT,09:35,14:25,14:25,14:35,14:35,15:10
2026-03-11,META,call,ATM,market,40.0,7,355.0,OPPORTUNITY/HINDSIGHT,09:35,14:25,14:25,14:35,14:35,15:10
2026-03-11,META,call,ATM,market,50.0,6,355.0,OPPORTUNITY/HINDSIGHT,09:35,14:35,14:35,15:10,15:10,15:15
2026-03-11,META,call,ATM,market,60.0,6,355.0,OPPORTUNITY/HINDSIGHT,09:35,14:35,14:35,15:10,15:10,15:15
2026-03-11,META,call,ATM,market,70.0,5,355.0,OPPORTUNITY/HINDSIGHT,09:35,14:35,14:35,15:10,15:10,15:20
2026-03-11,META,call,ATM,market,75.0,5,355.0,OPPORTUNITY/HINDSIGHT,09:35,14:35,14:35,15:10,15:10,15:20
2026-03-11,META,call,ATM,market,80.0,5,355.0,OPPORTUNITY/HINDSIGHT,09:35,14:35,14:35,15:10,15:10,15:20
2026-03-11,META,call,ATM,market,90.0,4,355.0,OPPORTUNITY/HINDSIGHT,09:35,15:10,15:10,15:20,15:20,15:25
2026-03-11,META,call,ATM,market,100.0,3,350.0,OPPORTUNITY/HINDSIGHT,09:35,15:10,15:10,15:20,15:20,15:25
2026-03-11,META,call,OTM1,mid,20.0,4,345.0,OPPORTUNITY/HINDSIGHT,09:35,14:25,14:25,14:35,14:35,15:15
2026-03-11,META,call,OTM1,mid,25.0,3,345.0,OPPORTUNITY/HINDSIGHT,09:35,14:35,14:35,15:15,15:15,15:20
2026-03-11,META,call,OTM1,mid,30.0,3,345.0,OPPORTUNITY/HINDSIGHT,09:35,14:35,14:35,15:15,15:15,15:20
2026-03-11,META,call,OTM1,mid,40.0,3,345.0,OPPORTUNITY/HINDSIGHT,09:35,14:35,14:35,15:15,15:15,15:20
2026-03-11,META,call,OTM1,mid,50.0,3,345.0,OPPORTUNITY/HINDSIGHT,09:35,14:35,14:35,15:15,15:15,15:20
2026-03-11,META,call,OTM1,mid,60.0,3,345.0,OPPORTUNITY/HINDSIGHT,09:35,14:35,14:35,15:15,15:15,15:20
2026-03-11,META,call,OTM1,mid,70.0,3,345.0,OPPORTUNITY/HINDSIGHT,09:35,14:35,14:35,15:15,15:15,15:20
2026-03-11,META,call,OTM1,mid,75.0,3,345.0,OPPORTUNITY/HINDSIGHT,09:35,14:35,14:35,15:15,15:15,15:20
2026-03-11,META,call,OTM1,mid,80.0,3,345.0,OPPORTUNITY/HINDSIGHT,09:35,14:35,14:35,15:15,15:15,15:20
2026-03-11,META,call,OTM1,mid,90.0,2,345.0,OPPORTUNITY/HINDSIGHT,09:35,14:35,14:35,15:20,,
2026-03-11,META,call,OTM1,mid,100.0,2,345.0,OPPORTUNITY/HINDSIGHT,09:35,14:35,14:35,15:20,,
2026-03-11,META,call,OTM1,market,20.0,3,345.0,OPPORTUNITY/HINDSIGHT,09:35,14:35,14:35,15:15,15:15,15:20
2026-03-11,META,call,OTM1,market,25.0,3,345.0,OPPORTUNITY/HINDSIGHT,09:35,14:35,14:35,15:15,15:15,15:20
2026-03-11,META,call,OTM1,market,30.0,3,345.0,OPPORTUNITY/HINDSIGHT,09:35,14:35,14:35,15:15,15:15,15:20
2026-03-11,META,call,OTM1,market,40.0,3,345.0,OPPORTUNITY/HINDSIGHT,09:35,14:35,14:35,15:15,15:15,15:20
2026-03-11,META,call,OTM1,market,50.0,3,345.0,OPPORTUNITY/HINDSIGHT,09:35,14:35,14:35,15:15,15:15,15:20
2026-03-11,META,call,OTM1,market,60.0,3,345.0,OPPORTUNITY/HINDSIGHT,09:35,14:35,14:35,15:15,15:15,15:20
2026-03-11,META,call,OTM1,market,70.0,3,345.0,OPPORTUNITY/HINDSIGHT,09:35,14:35,14:35,15:15,15:15,15:20
2026-03-11,META,call,OTM1,market,75.0,3,345.0,OPPORTUNITY/HINDSIGHT,09:35,14:35,14:35,15:15,15:15,15:20
2026-03-11,META,call,OTM1,market,80.0,2,345.0,OPPORTUNITY/HINDSIGHT,09:35,14:35,14:35,15:20,,
2026-03-11,META,call,OTM1,market,90.0,2,345.0,OPPORTUNITY/HINDSIGHT,09:35,14:35,14:35,15:20,,
2026-03-11,META,call,OTM1,market,100.0,2,345.0,OPPORTUNITY/HINDSIGHT,09:35,15:10,15:10,15:20,,
2026-03-11,META,call,OTM2+,mid,20.0,1,335.0,OPPORTUNITY/HINDSIGHT,09:35,15:10,,,,
2026-03-11,META,call,OTM2+,mid,25.0,1,335.0,OPPORTUNITY/HINDSIGHT,09:35,15:10,,,,
2026-03-11,META,call,OTM2+,mid,30.0,1,335.0,OPPORTUNITY/HINDSIGHT,09:35,15:10,,,,
2026-03-11,META,call,OTM2+,mid,40.0,1,335.0,OPPORTUNITY/HINDSIGHT,09:35,15:10,,,,
2026-03-11,META,call,OTM2+,mid,50.0,1,335.0,OPPORTUNITY/HINDSIGHT,09:35,15:10,,,,
2026-03-11,META,call,OTM2+,mid,60.0,1,335.0,OPPORTUNITY/HINDSIGHT,09:35,15:10,,,,
2026-03-11,META,call,OTM2+,mid,70.0,1,335.0,OPPORTUNITY/HINDSIGHT,09:35,15:10,,,,
2026-03-11,META,call,OTM2+,mid,75.0,1,335.0,OPPORTUNITY/HINDSIGHT,09:35,15:10,,,,
2026-03-11,META,call,OTM2+,mid,80.0,1,335.0,OPPORTUNITY/HINDSIGHT,09:35,15:10,,,,
2026-03-11,META,call,OTM2+,mid,90.0,1,335.0,OPPORTUNITY/HINDSIGHT,09:35,15:10,,,,
2026-03-11,META,call,OTM2+,mid,100.0,1,335.0,OPPORTUNITY/HINDSIGHT,09:35,15:10,,,,
2026-03-11,META,call,OTM2+,market,20.0,1,335.0,OPPORTUNITY/HINDSIGHT,09:35,15:10,,,,
2026-03-11,META,call,OTM2+,market,25.0,1,335.0,OPPORTUNITY/HINDSIGHT,09:35,15:10,,,,
2026-03-11,META,call,OTM2+,market,30.0,1,335.0,OPPORTUNITY/HINDSIGHT,09:35,15:10,,,,
2026-03-11,META,call,OTM2+,market,40.0,1,335.0,OPPORTUNITY/HINDSIGHT,09:35,15:10,,,,
2026-03-11,META,call,OTM2+,market,50.0,1,335.0,OPPORTUNITY/HINDSIGHT,09:35,15:10,,,,
2026-03-11,META,call,OTM2+,market,60.0,1,335.0,OPPORTUNITY/HINDSIGHT,09:35,15:10,,,,
2026-03-11,META,call,OTM2+,market,70.0,1,335.0,OPPORTUNITY/HINDSIGHT,09:35,15:10,,,,
2026-03-11,META,call,OTM2+,market,75.0,1,335.0,OPPORTUNITY/HINDSIGHT,09:35,15:10,,,,
2026-03-11,META,call,OTM2+,market,80.0,1,335.0,OPPORTUNITY/HINDSIGHT,09:35,15:10,,,,
2026-03-11,META,call,OTM2+,market,90.0,1,335.0,OPPORTUNITY/HINDSIGHT,09:35,15:10,,,,
2026-03-11,META,call,OTM2+,market,100.0,1,335.0,OPPORTUNITY/HINDSIGHT,09:35,15:10,,,,
2026-03-11,META,put,OTM1,mid,20.0,6,145.0,OPPORTUNITY/HINDSIGHT,09:35,09:50,09:50,10:15,10:20,10:25
2026-03-11,META,put,OTM1,mid,25.0,6,145.0,OPPORTUNITY/HINDSIGHT,09:35,09:50,09:50,10:15,10:20,10:25
2026-03-11,META,put,OTM1,mid,30.0,6,145.0,OPPORTUNITY/HINDSIGHT,09:35,09:50,09:50,10:15,10:20,10:25
2026-03-11,META,put,OTM1,mid,40.0,6,145.0,OPPORTUNITY/HINDSIGHT,09:35,09:50,09:50,10:15,10:20,10:25
2026-03-11,META,put,OTM1,mid,50.0,5,155.0,OPPORTUNITY/HINDSIGHT,09:35,09:50,09:50,10:30,13:15,14:00
2026-03-11,META,put,OTM1,mid,60.0,5,155.0,OPPORTUNITY/HINDSIGHT,09:35,09:50,09:50,10:30,13:15,14:00
2026-03-11,META,put,OTM1,mid,70.0,5,160.0,OPPORTUNITY/HINDSIGHT,09:35,09:50,09:50,10:30,13:15,14:00
2026-03-11,META,put,OTM1,mid,75.0,5,155.0,OPPORTUNITY/HINDSIGHT,09:35,09:50,09:50,10:30,13:20,14:00
2026-03-11,META,put,OTM1,mid,80.0,5,155.0,OPPORTUNITY/HINDSIGHT,09:35,09:50,09:50,10:30,13:20,14:00
2026-03-11,META,put,OTM1,mid,90.0,5,160.0,OPPORTUNITY/HINDSIGHT,09:35,09:50,09:50,10:30,13:20,14:00
2026-03-11,META,put,OTM1,mid,100.0,5,160.0,OPPORTUNITY/HINDSIGHT,09:35,09:50,09:50,10:30,13:20,14:00
2026-03-11,META,put,OTM1,market,20.0,6,145.0,OPPORTUNITY/HINDSIGHT,09:35,09:50,09:50,10:15,10:20,10:25
2026-03-11,META,put,OTM1,market,25.0,6,145.0,OPPORTUNITY/HINDSIGHT,09:35,09:50,09:50,10:15,10:20,10:25
2026-03-11,META,put,OTM1,market,30.0,6,145.0,OPPORTUNITY/HINDSIGHT,09:35,09:50,09:50,10:15,10:20,10:25
2026-03-11,META,put,OTM1,market,40.0,5,155.0,OPPORTUNITY/HINDSIGHT,09:35,09:50,09:50,10:30,13:15,14:00
2026-03-11,META,put,OTM1,market,50.0,5,155.0,OPPORTUNITY/HINDSIGHT,09:35,09:50,09:50,10:30,13:15,14:00
2026-03-11,META,put,OTM1,market,60.0,5,160.0,OPPORTUNITY/HINDSIGHT,09:35,09:50,09:50,10:30,13:15,14:00
2026-03-11,META,put,OTM1,market,70.0,5,155.0,OPPORTUNITY/HINDSIGHT,09:35,09:50,09:50,10:30,13:20,14:00
2026-03-11,META,put,OTM1,market,75.0,5,155.0,OPPORTUNITY/HINDSIGHT,09:35,09:50,09:50,10:30,13:20,14:00
2026-03-11,META,put,OTM1,market,80.0,5,160.0,OPPORTUNITY/HINDSIGHT,09:35,09:50,09:50,10:30,13:20,14:00
2026-03-11,META,put,OTM1,market,90.0,5,160.0,OPPORTUNITY/HINDSIGHT,09:35,09:50,09:50,10:30,13:20,14:00
2026-03-11,META,put,OTM1,market,100.0,5,160.0,OPPORTUNITY/HINDSIGHT,09:35,09:50,09:50,10:30,13:20,14:00
2026-03-11,META,put,ATM,mid,20.0,8,205.0,OPPORTUNITY/HINDSIGHT,09:35,09:50,09:50,10:15,10:15,10:30
2026-03-11,META,put,ATM,mid,25.0,7,205.0,OPPORTUNITY/HINDSIGHT,09:35,09:50,09:50,10:15,10:15,10:30
2026-03-11,META,put,ATM,mid,30.0,7,205.0,OPPORTUNITY/HINDSIGHT,09:35,09:50,09:50,10:15,10:15,10:30
2026-03-11,META,put,ATM,mid,40.0,6,205.0,OPPORTUNITY/HINDSIGHT,09:35,09:50,09:50,10:30,10:30,10:35
2026-03-11,META,put,ATM,mid,50.0,5,200.0,OPPORTUNITY/HINDSIGHT,09:35,09:50,09:50,10:30,10:30,10:35
2026-03-11,META,put,ATM,mid,60.0,5,200.0,OPPORTUNITY/HINDSIGHT,09:35,09:50,09:50,10:30,10:30,10:35
2026-03-11,META,put,ATM,mid,70.0,5,195.0,OPPORTUNITY/HINDSIGHT,09:35,09:50,09:50,10:30,10:30,10:35
2026-03-11,META,put,ATM,mid,75.0,4,195.0,OPPORTUNITY/HINDSIGHT,09:35,09:50,09:50,10:35,13:20,14:00
2026-03-11,META,put,ATM,mid,80.0,4,195.0,OPPORTUNITY/HINDSIGHT,09:35,09:50,09:50,10:35,13:20,14:00
2026-03-11,META,put,ATM,mid,90.0,4,195.0,OPPORTUNITY/HINDSIGHT,09:35,10:15,10:15,10:35,13:20,14:00
2026-03-11,META,put,ATM,mid,100.0,4,195.0,OPPORTUNITY/HINDSIGHT,09:35,10:15,10:15,10:35,13:20,14:00
2026-03-11,META,put,ATM,market,20.0,7,205.0,OPPORTUNITY/HINDSIGHT,09:35,09:50,09:50,10:15,10:15,10:30
2026-03-11,META,put,ATM,market,25.0,7,205.0,OPPORTUNITY/HINDSIGHT,09:35,09:50,09:50,10:15,10:15,10:30
2026-03-11,META,put,ATM,market,30.0,6,205.0,OPPORTUNITY/HINDSIGHT,09:35,09:50,09:50,10:30,10:30,10:35
2026-03-11,META,put,ATM,market,40.0,5,200.0,OPPORTUNITY/HINDSIGHT,09:35,09:50,09:50,10:30,10:30,10:35
2026-03-11,META,put,ATM,market,50.0,5,200.0,OPPORTUNITY/HINDSIGHT,09:35,09:50,09:50,10:30,10:30,10:35
2026-03-11,META,put,ATM,market,60.0,5,195.0,OPPORTUNITY/HINDSIGHT,09:35,09:50,09:50,10:30,10:30,10:35
2026-03-11,META,put,ATM,market,70.0,4,195.0,OPPORTUNITY/HINDSIGHT,09:35,09:50,09:50,10:35,13:20,14:00
2026-03-11,META,put,ATM,market,75.0,4,195.0,OPPORTUNITY/HINDSIGHT,09:35,09:50,09:50,10:35,13:20,14:00
2026-03-11,META,put,ATM,market,80.0,4,195.0,OPPORTUNITY/HINDSIGHT,09:35,09:50,09:50,10:35,13:20,14:00
2026-03-11,META,put,ATM,market,90.0,4,195.0,OPPORTUNITY/HINDSIGHT,09:35,10:15,10:15,10:35,13:20,14:00
2026-03-11,META,put,ATM,market,100.0,4,195.0,OPPORTUNITY/HINDSIGHT,09:35,10:15,10:15,10:35,13:20,14:00
2026-03-11,META,put,ITM,mid,20.0,13,285.0,OPPORTUNITY/HINDSIGHT,09:35,09:50,09:50,10:15,10:15,10:30
2026-03-11,META,put,ITM,mid,25.0,12,295.0,OPPORTUNITY/HINDSIGHT,09:35,09:50,09:50,10:30,10:30,10:35
2026-03-11,META,put,ITM,mid,30.0,10,270.0,OPPORTUNITY/HINDSIGHT,09:35,09:50,09:50,10:30,10:30,10:35
2026-03-11,META,put,ITM,mid,40.0,8,290.0,OPPORTUNITY/HINDSIGHT,09:35,09:50,09:50,10:30,10:30,10:35
2026-03-11,META,put,ITM,mid,50.0,6,285.0,OPPORTUNITY/HINDSIGHT,09:35,09:50,09:50,10:35,10:35,10:45
2026-03-11,META,put,ITM,mid,60.0,7,260.0,OPPORTUNITY/HINDSIGHT,09:35,10:15,10:15,10:35,10:35,10:45
2026-03-11,META,put,ITM,mid,70.0,6,255.0,OPPORTUNITY/HINDSIGHT,09:35,10:15,10:15,10:35,10:35,10:45
2026-03-11,META,put,ITM,mid,75.0,6,260.0,OPPORTUNITY/HINDSIGHT,09:35,10:15,10:15,10:35,10:35,10:45
2026-03-11,META,put,ITM,mid,80.0,6,260.0,OPPORTUNITY/HINDSIGHT,09:35,10:15,10:15,10:35,10:35,10:45
2026-03-11,META,put,ITM,mid,90.0,6,210.0,OPPORTUNITY/HINDSIGHT,09:35,10:15,10:15,10:35,10:35,11:05
2026-03-11,META,put,ITM,mid,100.0,5,225.0,OPPORTUNITY/HINDSIGHT,09:35,10:30,10:30,10:45,10:55,12:05
2026-03-11,META,put,ITM,market,20.0,12,285.0,OPPORTUNITY/HINDSIGHT,09:35,09:50,09:50,10:30,10:30,10:35
2026-03-11,META,put,ITM,market,25.0,10,270.0,OPPORTUNITY/HINDSIGHT,09:35,09:50,09:50,10:30,10:30,10:35
2026-03-11,META,put,ITM,market,30.0,8,275.0,OPPORTUNITY/HINDSIGHT,09:35,09:50,09:50,10:30,10:30,10:35
2026-03-11,META,put,ITM,market,40.0,7,285.0,OPPORTUNITY/HINDSIGHT,09:35,09:50,09:50,10:30,10:30,10:35
2026-03-11,META,put,ITM,market,50.0,7,270.0,OPPORTUNITY/HINDSIGHT,09:35,09:50,09:50,10:35,10:35,10:45
2026-03-11,META,put,ITM,market,60.0,6,255.0,OPPORTUNITY/HINDSIGHT,09:35,10:15,10:15,10:35,10:35,10:45
2026-03-11,META,put,ITM,market,70.0,6,260.0,OPPORTUNITY/HINDSIGHT,09:35,10:15,10:15,10:35,10:35,10:45
2026-03-11,META,put,ITM,market,75.0,6,260.0,OPPORTUNITY/HINDSIGHT,09:35,10:15,10:15,10:35,10:35,10:45
2026-03-11,META,put,ITM,market,80.0,6,270.0,OPPORTUNITY/HINDSIGHT,09:35,10:15,10:15,10:35,10:35,10:45
2026-03-11,META,put,ITM,market,90.0,5,205.0,OPPORTUNITY/HINDSIGHT,09:35,10:30,10:30,10:45,10:55,11:45
2026-03-11,META,put,ITM,market,100.0,5,225.0,OPPORTUNITY/HINDSIGHT,09:35,10:30,10:30,10:45,10:55,12:05
2026-03-11,META,put,OTM2+,mid,20.0,1,30.0,OPPORTUNITY/HINDSIGHT,15:20,15:50,,,,
2026-03-11,META,put,OTM2+,mid,25.0,1,30.0,OPPORTUNITY/HINDSIGHT,15:20,15:50,,,,
2026-03-11,META,put,OTM2+,mid,30.0,1,30.0,OPPORTUNITY/HINDSIGHT,15:20,15:50,,,,
2026-03-11,META,put,OTM2+,mid,40.0,1,30.0,OPPORTUNITY/HINDSIGHT,15:20,15:50,,,,
2026-03-11,META,put,OTM2+,mid,50.0,1,30.0,OPPORTUNITY/HINDSIGHT,15:20,15:50,,,,
2026-03-11,META,put,OTM2+,mid,60.0,1,30.0,OPPORTUNITY/HINDSIGHT,15:20,15:50,,,,
2026-03-11,META,put,OTM2+,mid,70.0,1,30.0,OPPORTUNITY/HINDSIGHT,15:20,15:50,,,,
2026-03-11,META,put,OTM2+,mid,75.0,1,30.0,OPPORTUNITY/HINDSIGHT,15:20,15:50,,,,
2026-03-11,META,put,OTM2+,mid,80.0,1,30.0,OPPORTUNITY/HINDSIGHT,15:20,15:50,,,,
2026-03-11,META,put,OTM2+,mid,90.0,1,30.0,OPPORTUNITY/HINDSIGHT,15:20,15:50,,,,
2026-03-11,META,put,OTM2+,mid,100.0,1,30.0,OPPORTUNITY/HINDSIGHT,15:20,15:50,,,,
2026-03-11,META,put,OTM2+,market,20.0,1,30.0,OPPORTUNITY/HINDSIGHT,15:20,15:50,,,,
2026-03-11,META,put,OTM2+,market,25.0,1,30.0,OPPORTUNITY/HINDSIGHT,15:20,15:50,,,,
2026-03-11,META,put,OTM2+,market,30.0,1,30.0,OPPORTUNITY/HINDSIGHT,15:20,15:50,,,,
2026-03-11,META,put,OTM2+,market,40.0,1,30.0,OPPORTUNITY/HINDSIGHT,15:20,15:50,,,,
2026-03-11,META,put,OTM2+,market,50.0,1,30.0,OPPORTUNITY/HINDSIGHT,15:20,15:50,,,,
2026-03-11,META,put,OTM2+,market,60.0,1,30.0,OPPORTUNITY/HINDSIGHT,15:20,15:50,,,,
2026-03-11,META,put,OTM2+,market,70.0,1,30.0,OPPORTUNITY/HINDSIGHT,15:20,15:50,,,,
2026-03-11,META,put,OTM2+,market,75.0,1,30.0,OPPORTUNITY/HINDSIGHT,15:20,15:50,,,,
2026-03-11,META,put,OTM2+,market,80.0,1,30.0,OPPORTUNITY/HINDSIGHT,15:20,15:50,,,,
2026-03-11,META,put,OTM2+,market,90.0,1,30.0,OPPORTUNITY/HINDSIGHT,15:20,15:50,,,,
2026-03-11,META,put,OTM2+,market,100.0,1,30.0,OPPORTUNITY/HINDSIGHT,15:20,15:50,,,,
2026-03-12,META,call,ITM,mid,20.0,2,40.0,OPPORTUNITY/HINDSIGHT,09:45,09:55,10:10,10:40,,
2026-03-12,META,call,ITM,mid,25.0,2,40.0,OPPORTUNITY/HINDSIGHT,09:45,09:55,10:10,10:40,,
2026-03-12,META,call,ITM,mid,30.0,1,5.0,OPPORTUNITY/HINDSIGHT,09:50,09:55,,,,
2026-03-12,META,call,ITM,market,20.0,2,40.0,OPPORTUNITY/HINDSIGHT,09:45,09:55,10:10,10:40,,
2026-03-12,META,call,ITM,market,25.0,1,5.0,OPPORTUNITY/HINDSIGHT,09:50,09:55,,,,
2026-03-12,META,call,ITM,market,30.0,1,5.0,OPPORTUNITY/HINDSIGHT,09:50,09:55,,,,
2026-03-12,META,call,ATM,mid,20.0,6,70.0,OPPORTUNITY/HINDSIGHT,09:45,09:55,10:00,10:40,10:50,10:55
2026-03-12,META,call,ATM,mid,25.0,6,50.0,OPPORTUNITY/HINDSIGHT,09:45,09:55,10:05,10:10,10:10,10:15
2026-03-12,META,call,ATM,mid,30.0,4,50.0,OPPORTUNITY/HINDSIGHT,09:45,09:55,10:05,10:10,10:10,10:40
2026-03-12,META,call,ATM,mid,40.0,3,45.0,OPPORTUNITY/HINDSIGHT,09:45,09:55,10:05,10:10,10:10,10:40
2026-03-12,META,call,ATM,mid,50.0,2,15.0,OPPORTUNITY/HINDSIGHT,09:50,09:55,10:05,10:15,,
2026-03-12,META,call,ATM,mid,60.0,1,10.0,OPPORTUNITY/HINDSIGHT,10:05,10:15,,,,
2026-03-12,META,call,ATM,mid,70.0,1,10.0,OPPORTUNITY/HINDSIGHT,10:05,10:15,,,,
2026-03-12,META,call,ATM,mid,75.0,1,35.0,OPPORTUNITY/HINDSIGHT,10:05,10:40,,,,
2026-03-12,META,call,ATM,mid,80.0,1,35.0,OPPORTUNITY/HINDSIGHT,10:05,10:40,,,,
2026-03-12,META,call,ATM,market,20.0,6,50.0,OPPORTUNITY/HINDSIGHT,09:45,09:55,10:05,10:10,10:10,10:15
2026-03-12,META,call,ATM,market,25.0,4,50.0,OPPORTUNITY/HINDSIGHT,09:45,09:55,10:05,10:10,10:10,10:40
2026-03-12,META,call,ATM,market,30.0,4,50.0,OPPORTUNITY/HINDSIGHT,09:45,09:55,10:05,10:10,10:10,10:40
2026-03-12,META,call,ATM,market,40.0,2,15.0,OPPORTUNITY/HINDSIGHT,09:50,09:55,10:05,10:15,,
2026-03-12,META,call,ATM,market,50.0,2,15.0,OPPORTUNITY/HINDSIGHT,09:50,09:55,10:05,10:15,,
2026-03-12,META,call,ATM,market,60.0,1,10.0,OPPORTUNITY/HINDSIGHT,10:05,10:15,,,,
2026-03-12,META,call,ATM,market,70.0,1,35.0,OPPORTUNITY/HINDSIGHT,10:05,10:40,,,,
2026-03-12,META,call,ATM,market,75.0,1,35.0,OPPORTUNITY/HINDSIGHT,10:05,10:40,,,,
2026-03-12,META,call,OTM1,mid,20.0,8,140.0,OPPORTUNITY/HINDSIGHT,09:45,09:55,10:00,10:40,10:50,10:55
2026-03-12,META,call,OTM1,mid,25.0,8,140.0,OPPORTUNITY/HINDSIGHT,09:45,09:55,10:00,10:40,10:50,10:55
2026-03-12,META,call,OTM1,mid,30.0,8,110.0,OPPORTUNITY/HINDSIGHT,09:45,09:55,10:05,10:10,10:10,10:15
2026-03-12,META,call,OTM1,mid,40.0,6,100.0,OPPORTUNITY/HINDSIGHT,09:45,09:55,10:05,10:10,10:10,10:15
2026-03-12,META,call,OTM1,mid,50.0,5,110.0,OPPORTUNITY/HINDSIGHT,09:45,09:55,10:05,10:10,10:10,10:40
2026-03-12,META,call,OTM1,mid,60.0,5,55.0,OPPORTUNITY/HINDSIGHT,09:45,09:55,10:05,10:10,12:25,12:45
2026-03-12,META,call,OTM1,mid,70.0,5,55.0,OPPORTUNITY/HINDSIGHT,09:50,09:55,10:05,10:15,12:25,12:45
2026-03-12,META,call,OTM1,mid,75.0,5,55.0,OPPORTUNITY/HINDSIGHT,09:50,09:55,10:05,10:15,12:25,12:45
2026-03-12,META,call,OTM1,mid,80.0,5,55.0,OPPORTUNITY/HINDSIGHT,09:50,09:55,10:05,10:15,12:25,12:45
2026-03-12,META,call,OTM1,mid,90.0,5,55.0,OPPORTUNITY/HINDSIGHT,09:50,09:55,10:05,10:15,12:25,12:45
2026-03-12,META,call,OTM1,mid,100.0,4,50.0,OPPORTUNITY/HINDSIGHT,10:05,10:15,12:25,12:45,13:00,13:10
2026-03-12,META,call,OTM1,market,20.0,8,140.0,OPPORTUNITY/HINDSIGHT,09:45,09:55,10:00,10:40,10:50,10:55
2026-03-12,META,call,OTM1,market,25.0,8,110.0,OPPORTUNITY/HINDSIGHT,09:45,09:55,10:05,10:10,10:10,10:15
2026-03-12,META,call,OTM1,market,30.0,7,110.0,OPPORTUNITY/HINDSIGHT,09:45,09:55,10:05,10:10,10:10,10:15
2026-03-12,META,call,OTM1,market,40.0,5,110.0,OPPORTUNITY/HINDSIGHT,09:45,09:55,10:05,10:10,10:10,10:40
2026-03-12,META,call,OTM1,market,50.0,7,90.0,OPPORTUNITY/HINDSIGHT,09:45,09:55,10:05,10:10,10:10,10:40
2026-03-12,META,call,OTM1,market,60.0,5,50.0,OPPORTUNITY/HINDSIGHT,09:50,09:55,10:05,10:10,12:25,12:45
2026-03-12,META,call,OTM1,market,70.0,5,55.0,OPPORTUNITY/HINDSIGHT,09:50,09:55,10:05,10:15,12:25,12:45
2026-03-12,META,call,OTM1,market,75.0,5,55.0,OPPORTUNITY/HINDSIGHT,09:50,09:55,10:05,10:15,12:25,12:45
2026-03-12,META,call,OTM1,market,80.0,5,55.0,OPPORTUNITY/HINDSIGHT,09:50,09:55,10:05,10:15,12:25,12:45
2026-03-12,META,call,OTM1,market,90.0,4,50.0,OPPORTUNITY/HINDSIGHT,10:05,10:15,12:25,12:45,13:00,13:10
2026-03-12,META,call,OTM1,market,100.0,4,50.0,OPPORTUNITY/HINDSIGHT,10:05,10:15,12:25,12:45,13:00,13:10
2026-03-12,META,call,OTM2+,mid,20.0,8,85.0,OPPORTUNITY/HINDSIGHT,09:45,09:55,10:00,10:40,10:50,10:55
2026-03-12,META,call,OTM2+,mid,25.0,8,85.0,OPPORTUNITY/HINDSIGHT,09:45,09:55,10:00,10:40,10:50,10:55
2026-03-12,META,call,OTM2+,mid,30.0,10,70.0,OPPORTUNITY/HINDSIGHT,09:45,09:55,10:05,10:10,10:10,10:15
2026-03-12,META,call,OTM2+,mid,40.0,8,55.0,OPPORTUNITY/HINDSIGHT,09:45,09:55,10:05,10:10,10:10,10:15
2026-03-12,META,call,OTM2+,mid,50.0,6,45.0,OPPORTUNITY/HINDSIGHT,09:45,09:55,10:05,10:10,10:10,10:15
2026-03-12,META,call,OTM2+,mid,60.0,5,55.0,OPPORTUNITY/HINDSIGHT,09:45,09:55,10:05,10:10,10:10,10:40
2026-03-12,META,call,OTM2+,mid,70.0,5,55.0,OPPORTUNITY/HINDSIGHT,09:45,09:55,10:05,10:10,10:10,10:40
2026-03-12,META,call,OTM2+,mid,75.0,5,30.0,OPPORTUNITY/HINDSIGHT,09:45,09:55,10:05,10:10,10:35,10:40
2026-03-12,META,call,OTM2+,mid,80.0,4,25.0,OPPORTUNITY/HINDSIGHT,09:45,09:55,10:05,10:10,11:25,11:30
2026-03-12,META,call,OTM2+,mid,90.0,3,20.0,OPPORTUNITY/HINDSIGHT,09:45,09:55,10:05,10:10,12:40,12:45
2026-03-12,META,call,OTM2+,mid,100.0,3,15.0,OPPORTUNITY/HINDSIGHT,09:50,09:55,10:05,10:10,12:40,12:45
2026-03-12,META,call,OTM2+,market,20.0,8,85.0,OPPORTUNITY/HINDSIGHT,09:45,09:55,10:00,10:40,10:50,10:55
2026-03-12,META,call,OTM2+,market,25.0,10,70.0,OPPORTUNITY/HINDSIGHT,09:45,09:55,10:05,10:10,10:10,10:15
2026-03-12,META,call,OTM2+,market,30.0,10,70.0,OPPORTUNITY/HINDSIGHT,09:45,09:55,10:05,10:10,10:10,10:15
2026-03-12,META,call,OTM2+,market,40.0,7,50.0,OPPORTUNITY/HINDSIGHT,09:45,09:55,10:05,10:10,10:10,10:15
2026-03-12,META,call,OTM2+,market,50.0,6,45.0,OPPORTUNITY/HINDSIGHT,09:45,09:55,10:05,10:10,10:10,10:15
2026-03-12,META,call,OTM2+,market,60.0,5,55.0,OPPORTUNITY/HINDSIGHT,09:45,09:55,10:05,10:10,10:10,10:40
2026-03-12,META,call,OTM2+,market,70.0,5,30.0,OPPORTUNITY/HINDSIGHT,09:45,09:55,10:05,10:10,10:35,10:40
2026-03-12,META,call,OTM2+,market,75.0,4,25.0,OPPORTUNITY/HINDSIGHT,09:45,09:55,10:05,10:10,11:25,11:30
2026-03-12,META,call,OTM2+,market,80.0,3,20.0,OPPORTUNITY/HINDSIGHT,09:45,09:55,10:05,10:10,12:40,12:45
2026-03-12,META,call,OTM2+,market,90.0,3,15.0,OPPORTUNITY/HINDSIGHT,09:50,09:55,10:05,10:10,12:40,12:45
2026-03-12,META,call,OTM2+,market,100.0,3,15.0,OPPORTUNITY/HINDSIGHT,09:50,09:55,10:05,10:10,12:40,12:45
2026-03-12,META,put,OTM1,mid,20.0,5,115.0,OPPORTUNITY/HINDSIGHT,09:35,09:45,09:45,10:05,10:10,11:15
2026-03-12,META,put,OTM1,mid,25.0,5,115.0,OPPORTUNITY/HINDSIGHT,09:35,09:45,09:45,10:05,10:10,11:15
2026-03-12,META,put,OTM1,mid,30.0,5,115.0,OPPORTUNITY/HINDSIGHT,09:35,09:45,09:45,10:05,10:10,11:15
2026-03-12,META,put,OTM1,mid,40.0,4,120.0,OPPORTUNITY/HINDSIGHT,09:35,09:45,09:45,10:05,10:10,11:15
2026-03-12,META,put,OTM1,mid,50.0,4,120.0,OPPORTUNITY/HINDSIGHT,09:35,09:45,09:45,10:05,10:10,11:15
2026-03-12,META,put,OTM1,mid,60.0,4,120.0,OPPORTUNITY/HINDSIGHT,09:35,09:50,09:50,10:05,10:10,11:25
2026-03-12,META,put,OTM1,mid,70.0,3,120.0,OPPORTUNITY/HINDSIGHT,09:35,10:05,10:10,11:25,11:30,11:45
2026-03-12,META,put,OTM1,mid,75.0,3,120.0,OPPORTUNITY/HINDSIGHT,09:35,10:05,10:10,11:25,11:30,11:45
2026-03-12,META,put,OTM1,mid,80.0,3,120.0,OPPORTUNITY/HINDSIGHT,09:35,10:05,10:10,11:25,11:30,11:45
2026-03-12,META,put,OTM1,mid,90.0,3,120.0,OPPORTUNITY/HINDSIGHT,09:35,10:05,10:10,11:25,11:30,11:45
2026-03-12,META,put,OTM1,mid,100.0,2,125.0,OPPORTUNITY/HINDSIGHT,09:35,10:05,10:10,11:45,,
2026-03-12,META,put,OTM1,market,20.0,5,115.0,OPPORTUNITY/HINDSIGHT,09:35,09:45,09:45,10:05,10:10,11:15
2026-03-12,META,put,OTM1,market,25.0,5,115.0,OPPORTUNITY/HINDSIGHT,09:35,09:45,09:45,10:05,10:10,11:15
2026-03-12,META,put,OTM1,market,30.0,5,115.0,OPPORTUNITY/HINDSIGHT,09:35,09:45,09:45,10:05,10:10,11:15
2026-03-12,META,put,OTM1,market,40.0,4,120.0,OPPORTUNITY/HINDSIGHT,09:35,09:45,09:45,10:05,10:10,11:15
2026-03-12,META,put,OTM1,market,50.0,4,120.0,OPPORTUNITY/HINDSIGHT,09:35,09:50,09:50,10:05,10:10,11:25
2026-03-12,META,put,OTM1,market,60.0,4,120.0,OPPORTUNITY/HINDSIGHT,09:35,09:50,09:50,10:05,10:10,11:25
2026-03-12,META,put,OTM1,market,70.0,3,120.0,OPPORTUNITY/HINDSIGHT,09:35,10:05,10:10,11:25,11:30,11:45
2026-03-12,META,put,OTM1,market,75.0,3,120.0,OPPORTUNITY/HINDSIGHT,09:35,10:05,10:10,11:25,11:30,11:45
2026-03-12,META,put,OTM1,market,80.0,3,120.0,OPPORTUNITY/HINDSIGHT,09:35,10:05,10:10,11:25,11:30,11:45
2026-03-12,META,put,OTM1,market,90.0,2,125.0,OPPORTUNITY/HINDSIGHT,09:35,10:05,10:10,11:45,,
2026-03-12,META,put,OTM1,market,100.0,2,125.0,OPPORTUNITY/HINDSIGHT,09:35,10:05,10:10,11:45,,
2026-03-12,META,put,ATM,mid,20.0,5,160.0,OPPORTUNITY/HINDSIGHT,09:35,09:45,09:45,10:05,10:05,11:45
2026-03-12,META,put,ATM,mid,25.0,5,160.0,OPPORTUNITY/HINDSIGHT,09:35,09:45,09:45,10:05,10:05,11:45
2026-03-12,META,put,ATM,mid,30.0,5,160.0,OPPORTUNITY/HINDSIGHT,09:35,09:45,09:45,10:05,10:05,11:45
2026-03-12,META,put,ATM,mid,40.0,5,160.0,OPPORTUNITY/HINDSIGHT,09:35,09:50,09:50,10:05,10:05,11:45
2026-03-12,META,put,ATM,mid,50.0,3,160.0,OPPORTUNITY/HINDSIGHT,09:35,10:05,10:05,12:00,12:05,12:20
2026-03-12,META,put,ATM,mid,60.0,3,165.0,OPPORTUNITY/HINDSIGHT,09:35,10:05,10:05,12:00,12:05,12:25
2026-03-12,META,put,ATM,mid,70.0,3,165.0,OPPORTUNITY/HINDSIGHT,09:35,10:05,10:05,12:00,12:05,12:25
2026-03-12,META,put,ATM,mid,75.0,3,165.0,OPPORTUNITY/HINDSIGHT,09:35,10:05,10:05,12:00,12:05,12:25
2026-03-12,META,put,ATM,mid,80.0,3,165.0,OPPORTUNITY/HINDSIGHT,09:35,10:05,10:05,12:00,12:05,12:25
2026-03-12,META,put,ATM,mid,90.0,3,165.0,OPPORTUNITY/HINDSIGHT,09:35,10:05,10:05,12:00,12:05,12:25
2026-03-12,META,put,ATM,mid,100.0,3,165.0,OPPORTUNITY/HINDSIGHT,09:35,10:05,10:05,12:00,12:05,12:25
2026-03-12,META,put,ATM,market,20.0,5,160.0,OPPORTUNITY/HINDSIGHT,09:35,09:45,09:45,10:05,10:05,11:45
2026-03-12,META,put,ATM,market,25.0,5,160.0,OPPORTUNITY/HINDSIGHT,09:35,09:45,09:45,10:05,10:05,11:45
2026-03-12,META,put,ATM,market,30.0,5,160.0,OPPORTUNITY/HINDSIGHT,09:35,09:45,09:45,10:05,10:05,11:45
2026-03-12,META,put,ATM,market,40.0,4,160.0,OPPORTUNITY/HINDSIGHT,09:35,09:50,09:50,10:05,10:05,12:00
2026-03-12,META,put,ATM,market,50.0,3,160.0,OPPORTUNITY/HINDSIGHT,09:35,10:05,10:05,12:00,12:05,12:20
2026-03-12,META,put,ATM,market,60.0,3,165.0,OPPORTUNITY/HINDSIGHT,09:35,10:05,10:05,12:00,12:05,12:25
2026-03-12,META,put,ATM,market,70.0,3,165.0,OPPORTUNITY/HINDSIGHT,09:35,10:05,10:05,12:00,12:05,12:25
2026-03-12,META,put,ATM,market,75.0,3,165.0,OPPORTUNITY/HINDSIGHT,09:35,10:05,10:05,12:00,12:05,12:25
2026-03-12,META,put,ATM,market,80.0,3,165.0,OPPORTUNITY/HINDSIGHT,09:35,10:05,10:05,12:00,12:05,12:25
2026-03-12,META,put,ATM,market,90.0,3,165.0,OPPORTUNITY/HINDSIGHT,09:35,10:05,10:05,12:00,12:05,12:25
2026-03-12,META,put,ATM,market,100.0,3,165.0,OPPORTUNITY/HINDSIGHT,09:35,10:05,10:05,12:00,12:05,12:25
2026-03-12,META,put,ITM,mid,20.0,10,355.0,OPPORTUNITY/HINDSIGHT,09:35,09:45,09:45,10:05,10:05,11:45
2026-03-12,META,put,ITM,mid,25.0,11,300.0,OPPORTUNITY/HINDSIGHT,09:35,09:45,09:45,10:05,10:05,11:45
2026-03-12,META,put,ITM,mid,30.0,11,300.0,OPPORTUNITY/HINDSIGHT,09:35,09:50,09:50,10:05,10:05,11:45
2026-03-12,META,put,ITM,mid,40.0,7,320.0,OPPORTUNITY/HINDSIGHT,09:35,10:05,10:05,12:00,12:00,12:20
2026-03-12,META,put,ITM,mid,50.0,6,290.0,OPPORTUNITY/HINDSIGHT,09:35,10:05,10:05,12:00,12:00,12:25
2026-03-12,META,put,ITM,mid,60.0,6,315.0,OPPORTUNITY/HINDSIGHT,09:35,10:05,10:05,12:00,12:00,12:25
2026-03-12,META,put,ITM,mid,70.0,5,295.0,OPPORTUNITY/HINDSIGHT,09:35,10:05,10:05,12:00,12:00,12:25
2026-03-12,META,put,ITM,mid,75.0,5,295.0,OPPORTUNITY/HINDSIGHT,09:35,10:05,10:05,12:00,12:00,12:25
2026-03-12,META,put,ITM,mid,80.0,5,330.0,OPPORTUNITY/HINDSIGHT,09:35,11:25,11:25,12:15,12:15,12:25
2026-03-12,META,put,ITM,mid,90.0,4,345.0,OPPORTUNITY/HINDSIGHT,09:35,11:45,11:45,12:25,12:25,14:50
2026-03-12,META,put,ITM,mid,100.0,3,310.0,OPPORTUNITY/HINDSIGHT,09:35,11:45,11:45,12:25,12:35,14:55
2026-03-12,META,put,ITM,market,20.0,11,300.0,OPPORTUNITY/HINDSIGHT,09:35,09:45,09:45,10:05,10:05,11:45
2026-03-12,META,put,ITM,market,25.0,11,300.0,OPPORTUNITY/HINDSIGHT,09:35,09:50,09:50,10:05,10:05,11:45
2026-03-12,META,put,ITM,market,30.0,8,320.0,OPPORTUNITY/HINDSIGHT,09:35,10:05,10:05,11:45,11:45,12:00
2026-03-12,META,put,ITM,market,40.0,6,285.0,OPPORTUNITY/HINDSIGHT,09:35,10:05,10:05,12:00,12:00,12:25
2026-03-12,META,put,ITM,market,50.0,6,315.0,OPPORTUNITY/HINDSIGHT,09:35,10:05,10:05,12:00,12:00,12:25
2026-03-12,META,put,ITM,market,60.0,6,335.0,OPPORTUNITY/HINDSIGHT,09:35,10:05,10:05,12:00,12:00,12:25
2026-03-12,META,put,ITM,market,70.0,5,320.0,OPPORTUNITY/HINDSIGHT,09:35,11:25,11:25,12:15,12:15,12:25
2026-03-12,META,put,ITM,market,75.0,4,280.0,OPPORTUNITY/HINDSIGHT,09:35,11:25,11:25,12:20,12:20,13:45
2026-03-12,META,put,ITM,market,80.0,4,280.0,OPPORTUNITY/HINDSIGHT,09:35,11:25,11:25,12:20,12:20,13:45
2026-03-12,META,put,ITM,market,90.0,3,320.0,OPPORTUNITY/HINDSIGHT,09:35,11:45,11:45,12:25,12:25,14:55
2026-03-12,META,put,ITM,market,100.0,3,230.0,OPPORTUNITY/HINDSIGHT,09:35,11:45,11:45,12:25,12:45,13:45
2026-03-13,META,call,ITM,mid,20.0,10,365.0,OPPORTUNITY/HINDSIGHT,09:35,11:05,11:05,11:10,11:10,11:20
2026-03-13,META,call,ITM,mid,25.0,8,365.0,OPPORTUNITY/HINDSIGHT,09:35,11:10,11:10,11:20,11:20,11:25
2026-03-13,META,call,ITM,mid,30.0,7,365.0,OPPORTUNITY/HINDSIGHT,09:35,11:10,11:10,11:20,11:20,11:25
2026-03-13,META,call,ITM,mid,40.0,7,375.0,OPPORTUNITY/HINDSIGHT,09:35,11:10,11:10,11:20,11:20,11:30
2026-03-13,META,call,ITM,mid,50.0,6,380.0,OPPORTUNITY/HINDSIGHT,09:35,11:10,11:10,11:20,11:20,11:45
2026-03-13,META,call,ITM,mid,60.0,5,365.0,OPPORTUNITY/HINDSIGHT,09:35,11:15,11:15,11:20,11:20,11:45
2026-03-13,META,call,ITM,mid,70.0,5,365.0,OPPORTUNITY/HINDSIGHT,09:35,11:15,11:15,11:20,11:20,11:45
2026-03-13,META,call,ITM,mid,75.0,5,380.0,OPPORTUNITY/HINDSIGHT,09:35,11:15,11:15,11:20,11:20,12:45
2026-03-13,META,call,ITM,mid,80.0,4,380.0,OPPORTUNITY/HINDSIGHT,09:35,11:20,11:20,12:45,12:45,13:50
2026-03-13,META,call,ITM,mid,90.0,4,360.0,OPPORTUNITY/HINDSIGHT,09:35,11:20,11:20,12:45,12:45,14:45
2026-03-13,META,call,ITM,mid,100.0,3,350.0,OPPORTUNITY/HINDSIGHT,09:35,11:20,11:20,13:00,13:00,15:25
2026-03-13,META,call,ITM,market,20.0,8,365.0,OPPORTUNITY/HINDSIGHT,09:35,11:10,11:10,11:20,11:20,11:25
2026-03-13,META,call,ITM,market,25.0,7,365.0,OPPORTUNITY/HINDSIGHT,09:35,11:10,11:10,11:20,11:20,11:25
2026-03-13,META,call,ITM,market,30.0,7,365.0,OPPORTUNITY/HINDSIGHT,09:35,11:10,11:10,11:20,11:20,11:25
2026-03-13,META,call,ITM,market,40.0,7,380.0,OPPORTUNITY/HINDSIGHT,09:35,11:10,11:10,11:20,11:20,11:35
2026-03-13,META,call,ITM,market,50.0,6,370.0,OPPORTUNITY/HINDSIGHT,09:35,11:10,11:10,11:20,11:20,11:45
2026-03-13,META,call,ITM,market,60.0,5,365.0,OPPORTUNITY/HINDSIGHT,09:35,11:15,11:15,11:20,11:20,11:45
2026-03-13,META,call,ITM,market,70.0,5,380.0,OPPORTUNITY/HINDSIGHT,09:35,11:15,11:15,11:20,11:20,12:45
2026-03-13,META,call,ITM,market,75.0,4,380.0,OPPORTUNITY/HINDSIGHT,09:35,11:20,11:20,12:45,12:45,13:50
2026-03-13,META,call,ITM,market,80.0,4,355.0,OPPORTUNITY/HINDSIGHT,09:35,11:20,11:20,12:45,12:45,14:40
2026-03-13,META,call,ITM,market,90.0,3,350.0,OPPORTUNITY/HINDSIGHT,09:35,11:20,11:20,13:00,13:00,15:25
2026-03-13,META,call,ITM,market,100.0,3,370.0,OPPORTUNITY/HINDSIGHT,09:35,11:20,11:20,13:05,13:05,15:45
2026-03-13,META,call,ATM,mid,20.0,7,120.0,OPPORTUNITY/HINDSIGHT,09:35,11:05,11:05,11:10,11:10,11:15
2026-03-13,META,call,ATM,mid,25.0,6,120.0,OPPORTUNITY/HINDSIGHT,09:35,11:05,11:05,11:10,11:10,11:20
2026-03-13,META,call,ATM,mid,30.0,5,120.0,OPPORTUNITY/HINDSIGHT,09:35,11:10,11:10,11:20,11:20,11:25
2026-03-13,META,call,ATM,mid,40.0,5,120.0,OPPORTUNITY/HINDSIGHT,09:35,11:10,11:10,11:20,11:20,11:25
2026-03-13,META,call,ATM,mid,50.0,5,125.0,OPPORTUNITY/HINDSIGHT,09:35,11:10,11:10,11:20,11:20,11:25
2026-03-13,META,call,ATM,mid,60.0,5,135.0,OPPORTUNITY/HINDSIGHT,09:35,11:10,11:10,11:20,11:20,11:30
2026-03-13,META,call,ATM,mid,70.0,5,155.0,OPPORTUNITY/HINDSIGHT,09:35,11:10,11:10,11:20,11:20,11:45
2026-03-13,META,call,ATM,mid,75.0,5,155.0,OPPORTUNITY/HINDSIGHT,09:35,11:10,11:10,11:20,11:20,11:45
2026-03-13,META,call,ATM,mid,80.0,5,155.0,OPPORTUNITY/HINDSIGHT,09:35,11:15,11:15,11:20,11:20,11:45
2026-03-13,META,call,ATM,mid,90.0,4,165.0,OPPORTUNITY/HINDSIGHT,09:35,11:15,11:15,11:20,11:20,11:45
2026-03-13,META,call,ATM,mid,100.0,4,165.0,OPPORTUNITY/HINDSIGHT,09:35,11:15,11:15,11:20,11:20,11:45
2026-03-13,META,call,ATM,market,20.0,6,120.0,OPPORTUNITY/HINDSIGHT,09:35,11:05,11:05,11:10,11:10,11:20
2026-03-13,META,call,ATM,market,25.0,5,120.0,OPPORTUNITY/HINDSIGHT,09:35,11:10,11:10,11:20,11:20,11:25
2026-03-13,META,call,ATM,market,30.0,5,120.0,OPPORTUNITY/HINDSIGHT,09:35,11:10,11:10,11:20,11:20,11:25
2026-03-13,META,call,ATM,market,40.0,5,125.0,OPPORTUNITY/HINDSIGHT,09:35,11:10,11:10,11:20,11:20,11:25
2026-03-13,META,call,ATM,market,50.0,5,125.0,OPPORTUNITY/HINDSIGHT,09:35,11:10,11:10,11:20,11:20,11:25
2026-03-13,META,call,ATM,market,60.0,5,140.0,OPPORTUNITY/HINDSIGHT,09:35,11:10,11:10,11:20,11:20,11:35
2026-03-13,META,call,ATM,market,70.0,5,155.0,OPPORTUNITY/HINDSIGHT,09:35,11:10,11:10,11:20,11:20,11:45
2026-03-13,META,call,ATM,market,75.0,5,155.0,OPPORTUNITY/HINDSIGHT,09:35,11:15,11:15,11:20,11:20,11:45
2026-03-13,META,call,ATM,market,80.0,4,165.0,OPPORTUNITY/HINDSIGHT,09:35,11:15,11:15,11:20,11:20,11:45
2026-03-13,META,call,ATM,market,90.0,4,165.0,OPPORTUNITY/HINDSIGHT,09:35,11:15,11:15,11:20,11:20,11:45
2026-03-13,META,call,ATM,market,100.0,4,170.0,OPPORTUNITY/HINDSIGHT,09:35,11:15,11:15,11:20,11:20,11:45
2026-03-13,META,call,OTM1,mid,20.0,4,105.0,OPPORTUNITY/HINDSIGHT,09:35,11:05,11:05,11:10,11:10,11:15
2026-03-13,META,call,OTM1,mid,25.0,3,105.0,OPPORTUNITY/HINDSIGHT,09:35,11:10,11:10,11:15,11:15,11:20
2026-03-13,META,call,OTM1,mid,30.0,3,105.0,OPPORTUNITY/HINDSIGHT,09:35,11:10,11:10,11:15,11:15,11:20
2026-03-13,META,call,OTM1,mid,40.0,2,105.0,OPPORTUNITY/HINDSIGHT,09:35,11:10,11:10,11:20,,
2026-03-13,META,call,OTM1,mid,50.0,2,105.0,OPPORTUNITY/HINDSIGHT,09:35,11:10,11:10,11:20,,
2026-03-13,META,call,OTM1,mid,60.0,2,105.0,OPPORTUNITY/HINDSIGHT,09:35,11:10,11:10,11:20,,
2026-03-13,META,call,OTM1,mid,70.0,2,105.0,OPPORTUNITY/HINDSIGHT,09:35,11:10,11:10,11:20,,
2026-03-13,META,call,OTM1,mid,75.0,2,105.0,OPPORTUNITY/HINDSIGHT,09:35,11:10,11:10,11:20,,
2026-03-13,META,call,OTM1,mid,80.0,2,105.0,OPPORTUNITY/HINDSIGHT,09:35,11:10,11:10,11:20,,
2026-03-13,META,call,OTM1,mid,90.0,2,105.0,OPPORTUNITY/HINDSIGHT,09:35,11:10,11:10,11:20,,
2026-03-13,META,call,OTM1,mid,100.0,2,105.0,OPPORTUNITY/HINDSIGHT,09:35,11:15,11:15,11:20,,
2026-03-13,META,call,OTM1,market,20.0,3,105.0,OPPORTUNITY/HINDSIGHT,09:35,11:10,11:10,11:15,11:15,11:20
2026-03-13,META,call,OTM1,market,25.0,3,105.0,OPPORTUNITY/HINDSIGHT,09:35,11:10,11:10,11:15,11:15,11:20
2026-03-13,META,call,OTM1,market,30.0,2,105.0,OPPORTUNITY/HINDSIGHT,09:35,11:10,11:10,11:20,,
2026-03-13,META,call,OTM1,market,40.0,2,105.0,OPPORTUNITY/HINDSIGHT,09:35,11:10,11:10,11:20,,
2026-03-13,META,call,OTM1,market,50.0,2,105.0,OPPORTUNITY/HINDSIGHT,09:35,11:10,11:10,11:20,,
2026-03-13,META,call,OTM1,market,60.0,2,105.0,OPPORTUNITY/HINDSIGHT,09:35,11:10,11:10,11:20,,
2026-03-13,META,call,OTM1,market,70.0,2,105.0,OPPORTUNITY/HINDSIGHT,09:35,11:10,11:10,11:20,,
2026-03-13,META,call,OTM1,market,75.0,2,105.0,OPPORTUNITY/HINDSIGHT,09:35,11:10,11:10,11:20,,
2026-03-13,META,call,OTM1,market,80.0,2,105.0,OPPORTUNITY/HINDSIGHT,09:35,11:10,11:10,11:20,,
2026-03-13,META,call,OTM1,market,90.0,2,105.0,OPPORTUNITY/HINDSIGHT,09:35,11:10,11:10,11:20,,
2026-03-13,META,call,OTM1,market,100.0,2,105.0,OPPORTUNITY/HINDSIGHT,09:35,11:15,11:15,11:20,,
2026-03-13,META,call,OTM2+,mid,20.0,1,95.0,OPPORTUNITY/HINDSIGHT,09:35,11:10,,,,
2026-03-13,META,call,OTM2+,mid,25.0,1,95.0,OPPORTUNITY/HINDSIGHT,09:35,11:10,,,,
2026-03-13,META,call,OTM2+,mid,30.0,1,95.0,OPPORTUNITY/HINDSIGHT,09:35,11:10,,,,
2026-03-13,META,call,OTM2+,mid,40.0,1,95.0,OPPORTUNITY/HINDSIGHT,09:35,11:10,,,,
2026-03-13,META,call,OTM2+,mid,50.0,1,95.0,OPPORTUNITY/HINDSIGHT,09:35,11:10,,,,
2026-03-13,META,call,OTM2+,mid,60.0,1,95.0,OPPORTUNITY/HINDSIGHT,09:35,11:10,,,,
2026-03-13,META,call,OTM2+,mid,70.0,1,95.0,OPPORTUNITY/HINDSIGHT,09:35,11:10,,,,
2026-03-13,META,call,OTM2+,mid,75.0,1,95.0,OPPORTUNITY/HINDSIGHT,09:35,11:10,,,,
2026-03-13,META,call,OTM2+,mid,80.0,1,95.0,OPPORTUNITY/HINDSIGHT,09:35,11:10,,,,
2026-03-13,META,call,OTM2+,mid,90.0,1,95.0,OPPORTUNITY/HINDSIGHT,09:35,11:10,,,,
2026-03-13,META,call,OTM2+,mid,100.0,1,95.0,OPPORTUNITY/HINDSIGHT,09:35,11:10,,,,
2026-03-13,META,call,OTM2+,market,20.0,1,95.0,OPPORTUNITY/HINDSIGHT,09:35,11:10,,,,
2026-03-13,META,call,OTM2+,market,25.0,1,95.0,OPPORTUNITY/HINDSIGHT,09:35,11:10,,,,
2026-03-13,META,call,OTM2+,market,30.0,1,95.0,OPPORTUNITY/HINDSIGHT,09:35,11:10,,,,
2026-03-13,META,call,OTM2+,market,40.0,1,95.0,OPPORTUNITY/HINDSIGHT,09:35,11:10,,,,
2026-03-13,META,call,OTM2+,market,50.0,1,95.0,OPPORTUNITY/HINDSIGHT,09:35,11:10,,,,
2026-03-13,META,call,OTM2+,market,60.0,1,95.0,OPPORTUNITY/HINDSIGHT,09:35,11:10,,,,
2026-03-13,META,call,OTM2+,market,70.0,1,95.0,OPPORTUNITY/HINDSIGHT,09:35,11:10,,,,
2026-03-13,META,call,OTM2+,market,75.0,1,95.0,OPPORTUNITY/HINDSIGHT,09:35,11:10,,,,
2026-03-13,META,call,OTM2+,market,80.0,1,95.0,OPPORTUNITY/HINDSIGHT,09:35,11:10,,,,
2026-03-13,META,call,OTM2+,market,90.0,1,95.0,OPPORTUNITY/HINDSIGHT,09:35,11:10,,,,
2026-03-13,META,call,OTM2+,market,100.0,1,95.0,OPPORTUNITY/HINDSIGHT,09:35,11:10,,,,
2026-03-13,META,put,OTM2+,mid,20.0,6,90.0,OPPORTUNITY/HINDSIGHT,09:35,09:40,09:45,10:00,10:40,10:45
2026-03-13,META,put,OTM2+,mid,25.0,6,90.0,OPPORTUNITY/HINDSIGHT,09:35,09:40,09:45,10:00,10:40,10:45
2026-03-13,META,put,OTM2+,mid,30.0,5,85.0,OPPORTUNITY/HINDSIGHT,09:35,09:40,09:45,10:00,10:40,10:45
2026-03-13,META,put,OTM2+,mid,40.0,5,85.0,OPPORTUNITY/HINDSIGHT,09:35,09:40,09:45,10:00,10:40,10:50
2026-03-13,META,put,OTM2+,mid,50.0,5,85.0,OPPORTUNITY/HINDSIGHT,09:35,09:40,09:45,10:00,10:40,10:50
2026-03-13,META,put,OTM2+,mid,60.0,4,90.0,OPPORTUNITY/HINDSIGHT,09:35,10:00,10:40,10:50,11:25,12:05
2026-03-13,META,put,OTM2+,mid,70.0,4,90.0,OPPORTUNITY/HINDSIGHT,09:35,10:00,10:40,10:50,11:25,12:05
2026-03-13,META,put,OTM2+,mid,75.0,3,80.0,OPPORTUNITY/HINDSIGHT,09:35,10:00,11:25,12:05,12:20,12:35
2026-03-13,META,put,OTM2+,mid,80.0,3,80.0,OPPORTUNITY/HINDSIGHT,09:35,10:00,11:25,12:05,12:20,12:35
2026-03-13,META,put,OTM2+,mid,90.0,2,65.0,OPPORTUNITY/HINDSIGHT,09:35,10:00,11:25,12:05,,
2026-03-13,META,put,OTM2+,mid,100.0,2,65.0,OPPORTUNITY/HINDSIGHT,09:35,10:00,11:25,12:05,,
2026-03-13,META,put,OTM2+,market,20.0,6,90.0,OPPORTUNITY/HINDSIGHT,09:35,09:40,09:45,10:00,10:40,10:45
2026-03-13,META,put,OTM2+,market,25.0,5,85.0,OPPORTUNITY/HINDSIGHT,09:35,09:40,09:45,10:00,10:40,10:45
2026-03-13,META,put,OTM2+,market,30.0,5,85.0,OPPORTUNITY/HINDSIGHT,09:35,09:40,09:45,10:00,10:40,10:45
2026-03-13,META,put,OTM2+,market,40.0,5,85.0,OPPORTUNITY/HINDSIGHT,09:35,09:40,09:45,10:00,10:40,10:50
2026-03-13,META,put,OTM2+,market,50.0,4,85.0,OPPORTUNITY/HINDSIGHT,09:35,09:55,10:40,10:50,11:25,12:05
2026-03-13,META,put,OTM2+,market,60.0,4,90.0,OPPORTUNITY/HINDSIGHT,09:35,10:00,10:40,10:50,11:25,12:05
2026-03-13,META,put,OTM2+,market,70.0,3,80.0,OPPORTUNITY/HINDSIGHT,09:35,10:00,11:25,12:05,12:20,12:35
2026-03-13,META,put,OTM2+,market,75.0,2,65.0,OPPORTUNITY/HINDSIGHT,09:35,10:00,11:25,12:05,,
2026-03-13,META,put,OTM2+,market,80.0,2,65.0,OPPORTUNITY/HINDSIGHT,09:35,10:00,11:25,12:05,,
2026-03-13,META,put,OTM2+,market,90.0,2,65.0,OPPORTUNITY/HINDSIGHT,09:35,10:00,11:25,12:05,,
2026-03-13,META,put,OTM2+,market,100.0,2,65.0,OPPORTUNITY/HINDSIGHT,09:35,10:00,11:25,12:05,,
2026-03-13,META,put,OTM1,mid,20.0,7,105.0,OPPORTUNITY/HINDSIGHT,09:35,09:40,09:40,10:00,10:05,10:10
2026-03-13,META,put,OTM1,mid,25.0,7,105.0,OPPORTUNITY/HINDSIGHT,09:35,09:40,09:40,10:00,10:05,10:10
2026-03-13,META,put,OTM1,mid,30.0,7,110.0,OPPORTUNITY/HINDSIGHT,09:35,09:40,09:40,10:00,10:05,10:10
2026-03-13,META,put,OTM1,mid,40.0,7,105.0,OPPORTUNITY/HINDSIGHT,09:35,09:55,09:55,10:00,10:05,10:10
2026-03-13,META,put,OTM1,mid,50.0,6,100.0,OPPORTUNITY/HINDSIGHT,09:35,10:00,10:05,10:10,10:25,10:30
2026-03-13,META,put,OTM1,mid,60.0,4,85.0,OPPORTUNITY/HINDSIGHT,09:35,10:00,10:25,10:30,11:25,12:05
2026-03-13,META,put,OTM1,mid,70.0,3,70.0,OPPORTUNITY/HINDSIGHT,09:35,10:00,10:25,10:30,11:25,12:05
2026-03-13,META,put,OTM1,mid,75.0,3,70.0,OPPORTUNITY/HINDSIGHT,09:35,10:00,10:25,10:30,11:25,12:05
2026-03-13,META,put,OTM1,mid,80.0,3,70.0,OPPORTUNITY/HINDSIGHT,09:35,10:00,10:25,10:30,11:25,12:05
2026-03-13,META,put,OTM1,mid,90.0,3,65.0,OPPORTUNITY/HINDSIGHT,09:35,10:00,10:25,10:30,11:30,12:05
2026-03-13,META,put,OTM1,mid,100.0,3,65.0,OPPORTUNITY/HINDSIGHT,09:35,10:00,10:25,10:30,11:30,12:05
2026-03-13,META,put,OTM1,market,20.0,7,105.0,OPPORTUNITY/HINDSIGHT,09:35,09:40,09:40,10:00,10:05,10:10
2026-03-13,META,put,OTM1,market,25.0,7,110.0,OPPORTUNITY/HINDSIGHT,09:35,09:40,09:40,10:00,10:05,10:10
2026-03-13,META,put,OTM1,market,30.0,7,105.0,OPPORTUNITY/HINDSIGHT,09:35,09:40,09:40,10:00,10:05,10:10
2026-03-13,META,put,OTM1,market,40.0,6,105.0,OPPORTUNITY/HINDSIGHT,09:35,10:00,10:05,10:10,10:20,10:30
2026-03-13,META,put,OTM1,market,50.0,4,85.0,OPPORTUNITY/HINDSIGHT,09:35,10:00,10:25,10:30,11:25,12:05
2026-03-13,META,put,OTM1,market,60.0,3,70.0,OPPORTUNITY/HINDSIGHT,09:35,10:00,10:25,10:30,11:25,12:05
2026-03-13,META,put,OTM1,market,70.0,3,70.0,OPPORTUNITY/HINDSIGHT,09:35,10:00,10:25,10:30,11:25,12:05
2026-03-13,META,put,OTM1,market,75.0,3,70.0,OPPORTUNITY/HINDSIGHT,09:35,10:00,10:25,10:30,11:25,12:05
2026-03-13,META,put,OTM1,market,80.0,3,65.0,OPPORTUNITY/HINDSIGHT,09:35,10:00,10:25,10:30,11:30,12:05
2026-03-13,META,put,OTM1,market,90.0,3,65.0,OPPORTUNITY/HINDSIGHT,09:35,10:00,10:25,10:30,11:30,12:05
2026-03-13,META,put,OTM1,market,100.0,3,60.0,OPPORTUNITY/HINDSIGHT,09:35,10:00,10:25,10:30,11:35,12:05
2026-03-13,META,put,ATM,mid,20.0,5,45.0,OPPORTUNITY/HINDSIGHT,09:35,09:40,09:40,10:00,10:05,10:10
2026-03-13,META,put,ATM,mid,25.0,5,50.0,OPPORTUNITY/HINDSIGHT,09:35,09:40,09:40,10:00,10:05,10:10
2026-03-13,META,put,ATM,mid,30.0,5,50.0,OPPORTUNITY/HINDSIGHT,09:35,09:55,09:55,10:00,10:05,10:10
2026-03-13,META,put,ATM,mid,40.0,2,30.0,OPPORTUNITY/HINDSIGHT,09:35,10:00,10:25,10:30,,
2026-03-13,META,put,ATM,mid,50.0,2,30.0,OPPORTUNITY/HINDSIGHT,09:35,10:00,10:25,10:30,,
2026-03-13,META,put,ATM,mid,60.0,2,30.0,OPPORTUNITY/HINDSIGHT,09:35,10:00,10:25,10:30,,
2026-03-13,META,put,ATM,mid,70.0,2,30.0,OPPORTUNITY/HINDSIGHT,09:35,10:00,10:25,10:30,,
2026-03-13,META,put,ATM,mid,75.0,2,30.0,OPPORTUNITY/HINDSIGHT,09:35,10:00,10:25,10:30,,
2026-03-13,META,put,ATM,mid,80.0,1,25.0,OPPORTUNITY/HINDSIGHT,09:35,10:00,,,,
2026-03-13,META,put,ATM,mid,90.0,1,25.0,OPPORTUNITY/HINDSIGHT,09:35,10:00,,,,
2026-03-13,META,put,ATM,mid,100.0,1,35.0,OPPORTUNITY/HINDSIGHT,09:35,10:10,,,,
2026-03-13,META,put,ATM,market,20.0,5,50.0,OPPORTUNITY/HINDSIGHT,09:35,09:40,09:40,10:00,10:05,10:10
2026-03-13,META,put,ATM,market,25.0,5,50.0,OPPORTUNITY/HINDSIGHT,09:35,09:55,09:55,10:00,10:05,10:10
2026-03-13,META,put,ATM,market,30.0,4,50.0,OPPORTUNITY/HINDSIGHT,09:35,10:00,10:05,10:10,10:20,10:30
2026-03-13,META,put,ATM,market,40.0,2,30.0,OPPORTUNITY/HINDSIGHT,09:35,10:00,10:25,10:30,,
2026-03-13,META,put,ATM,market,50.0,2,30.0,OPPORTUNITY/HINDSIGHT,09:35,10:00,10:25,10:30,,
2026-03-13,META,put,ATM,market,60.0,2,30.0,OPPORTUNITY/HINDSIGHT,09:35,10:00,10:25,10:30,,
2026-03-13,META,put,ATM,market,70.0,1,25.0,OPPORTUNITY/HINDSIGHT,09:35,10:00,,,,
2026-03-13,META,put,ATM,market,75.0,1,25.0,OPPORTUNITY/HINDSIGHT,09:35,10:00,,,,
2026-03-13,META,put,ATM,market,80.0,1,25.0,OPPORTUNITY/HINDSIGHT,09:35,10:00,,,,
2026-03-13,META,put,ATM,market,90.0,1,35.0,OPPORTUNITY/HINDSIGHT,09:35,10:10,,,,
2026-03-13,META,put,ATM,market,100.0,1,35.0,OPPORTUNITY/HINDSIGHT,09:35,10:10,,,,
2026-03-13,META,put,ITM,mid,20.0,5,50.0,OPPORTUNITY/HINDSIGHT,09:35,09:40,09:40,10:00,10:05,10:10
2026-03-13,META,put,ITM,mid,25.0,5,50.0,OPPORTUNITY/HINDSIGHT,09:35,09:55,09:55,10:00,10:05,10:10
2026-03-13,META,put,ITM,mid,30.0,2,30.0,OPPORTUNITY/HINDSIGHT,09:35,10:00,10:25,10:30,,
2026-03-13,META,put,ITM,mid,40.0,2,30.0,OPPORTUNITY/HINDSIGHT,09:35,10:00,10:25,10:30,,
2026-03-13,META,put,ITM,mid,50.0,2,30.0,OPPORTUNITY/HINDSIGHT,09:35,10:00,10:25,10:30,,
2026-03-13,META,put,ITM,mid,60.0,1,25.0,OPPORTUNITY/HINDSIGHT,09:35,10:00,,,,
2026-03-13,META,put,ITM,mid,70.0,1,35.0,OPPORTUNITY/HINDSIGHT,09:35,10:10,,,,
2026-03-13,META,put,ITM,mid,75.0,1,35.0,OPPORTUNITY/HINDSIGHT,09:35,10:10,,,,
2026-03-13,META,put,ITM,mid,80.0,1,35.0,OPPORTUNITY/HINDSIGHT,09:35,10:10,,,,
2026-03-13,META,put,ITM,market,20.0,5,50.0,OPPORTUNITY/HINDSIGHT,09:35,09:55,09:55,10:00,10:05,10:10
2026-03-13,META,put,ITM,market,25.0,2,30.0,OPPORTUNITY/HINDSIGHT,09:35,10:00,10:25,10:30,,
2026-03-13,META,put,ITM,market,30.0,2,30.0,OPPORTUNITY/HINDSIGHT,09:35,10:00,10:25,10:30,,
2026-03-13,META,put,ITM,market,40.0,2,30.0,OPPORTUNITY/HINDSIGHT,09:35,10:00,10:25,10:30,,
2026-03-13,META,put,ITM,market,50.0,1,25.0,OPPORTUNITY/HINDSIGHT,09:35,10:00,,,,
2026-03-13,META,put,ITM,market,60.0,1,35.0,OPPORTUNITY/HINDSIGHT,09:35,10:10,,,,
2026-03-13,META,put,ITM,market,70.0,1,35.0,OPPORTUNITY/HINDSIGHT,09:35,10:10,,,,
