date,symbol,direction,moneyness,fill_mode,T_pct,entry_time,exit_time,exit_reason,realized_return
2026-02-16,NVDA,call,ITM,mid,20.0,09:35,09:50,target,0.2
2026-02-16,NVDA,call,ITM,mid,20.0,10:00,16:00,forced,-0.97826
2026-02-17,NVDA,call,ITM,mid,20.0,11:00,12:15,target,0.2
2026-02-17,NVDA,call,ITM,mid,20.0,12:30,12:40,target,0.2
2026-02-17,NVDA,call,ITM,mid,20.0,13:30,16:00,forced,-0.64605
2026-02-18,NVDA,call,ITM,mid,20.0,11:00,13:45,target,0.2
2026-02-18,NVDA,call,ITM,mid,20.0,15:00,15:20,target,0.2
2026-02-18,NVDA,call,ITM,mid,20.0,15:30,16:00,target,0.2
2026-02-19,NVDA,call,ITM,mid,20.0,11:00,11:05,target,0.2
2026-02-19,NVDA,call,ITM,mid,20.0,12:30,16:00,forced,-0.87473
2026-02-20,NVDA,call,ITM,mid,20.0,11:00,11:05,target,0.2
2026-02-20,NVDA,call,ITM,mid,20.0,12:30,13:15,target,0.2
2026-02-20,NVDA,call,ITM,mid,20.0,13:30,13:45,target,0.2
2026-02-20,NVDA,call,ITM,mid,20.0,15:00,16:00,forced,-0.64574
2026-02-23,NVDA,call,ITM,mid,20.0,11:00,11:30,target,0.2
2026-02-23,NVDA,call,ITM,mid,20.0,12:30,12:50,target,0.2
2026-02-23,NVDA,call,ITM,mid,20.0,13:30,16:00,forced,-0.31185
2026-02-24,NVDA,call,ITM,mid,20.0,11:00,11:05,target,0.2
2026-02-24,NVDA,call,ITM,mid,20.0,12:30,16:00,forced,0.16399
2026-02-25,NVDA,call,ITM,mid,20.0,09:35,16:00,forced,-0.97628
2026-02-26,NVDA,call,ITM,mid,20.0,11:00,16:00,forced,-0.35492
2026-02-27,NVDA,call,ITM,mid,20.0,11:00,16:00,forced,-0.98956
2026-03-02,NVDA,call,ITM,mid,20.0,09:35,09:50,target,0.2
2026-03-02,NVDA,call,ITM,mid,20.0,10:00,11:50,target,0.2
2026-03-02,NVDA,call,ITM,mid,20.0,12:30,16:00,forced,-0.98443
2026-03-03,NVDA,call,ITM,mid,20.0,09:35,09:55,target,0.2
2026-03-03,NVDA,call,ITM,mid,20.0,10:00,16:00,forced,-0.98925
2026-03-04,NVDA,call,ITM,mid,20.0,09:35,10:20,target,0.2
2026-03-04,NVDA,call,ITM,mid,20.0,10:30,10:35,target,0.2
2026-03-04,NVDA,call,ITM,mid,20.0,11:00,11:25,target,0.2
2026-03-04,NVDA,call,ITM,mid,20.0,11:30,11:50,target,0.2
2026-03-04,NVDA,call,ITM,mid,20.0,12:30,16:00,forced,0.00954
2026-03-05,NVDA,call,ITM,mid,20.0,09:35,16:00,forced,-0.97616
2026-03-06,NVDA,call,ITM,mid,20.0,09:35,10:35,target,0.2
2026-03-06,NVDA,call,ITM,mid,20.0,11:00,11:25,target,0.2
2026-03-06,NVDA,call,ITM,mid,20.0,11:30,11:40,target,0.2
2026-03-06,NVDA,call,ITM,mid,20.0,12:30,16:00,forced,-0.91443
2026-03-09,NVDA,call,ITM,mid,20.0,09:35,09:45,target,0.2
2026-03-09,NVDA,call,ITM,mid,20.0,10:00,10:15,target,0.2
2026-03-09,NVDA,call,ITM,mid,20.0,10:30,16:00,forced,-0.22518
2026-03-10,NVDA,call,ITM,mid,20.0,09:35,09:45,target,0.2
2026-03-10,NVDA,call,ITM,mid,20.0,10:00,10:15,target,0.2
2026-03-10,NVDA,call,ITM,mid,20.0,10:30,11:40,target,0.2
2026-03-10,NVDA,call,ITM,mid,20.0,12:30,12:40,target,0.2
2026-03-10,NVDA,call,ITM,mid,20.0,13:30,13:55,target,0.2
2026-03-10,NVDA,call,ITM,mid,20.0,14:00,16:00,forced,-0.96883
2026-03-11,NVDA,call,ITM,mid,20.0,09:35,11:15,target,0.2
2026-03-11,NVDA,call,ITM,mid,20.0,11:30,12:15,target,0.2
2026-03-11,NVDA,call,ITM,mid,20.0,12:30,12:35,target,0.2
2026-03-11,NVDA,call,ITM,mid,20.0,13:30,13:35,target,0.2
2026-03-11,NVDA,call,ITM,mid,20.0,14:00,16:00,forced,-0.98758
2026-03-12,NVDA,call,ITM,mid,20.0,09:35,15:15,target,0.2
2026-03-12,NVDA,call,ITM,mid,20.0,15:30,16:00,forced,-0.96832
2026-03-13,NVDA,call,ITM,mid,20.0,09:35,09:40,target,0.2
2026-03-13,NVDA,call,ITM,mid,20.0,10:00,16:00,forced,-0.97575
2026-02-16,NVDA,call,ITM,mid,25.0,10:30,16:00,forced,-0.97384
2026-02-17,NVDA,call,ITM,mid,25.0,11:00,12:15,target,0.25
2026-02-17,NVDA,call,ITM,mid,25.0,13:30,16:00,forced,-0.64605
2026-02-18,NVDA,call,ITM,mid,25.0,11:00,13:45,target,0.25
2026-02-18,NVDA,call,ITM,mid,25.0,14:00,14:15,target,0.25
2026-02-18,NVDA,call,ITM,mid,25.0,15:00,15:25,target,0.25
2026-02-18,NVDA,call,ITM,mid,25.0,15:30,16:00,forced,0.20467
2026-02-19,NVDA,call,ITM,mid,25.0,11:00,11:05,target,0.25
2026-02-19,NVDA,call,ITM,mid,25.0,13:30,14:00,target,0.25
2026-02-19,NVDA,call,ITM,mid,25.0,14:00,14:05,target,0.25
2026-02-19,NVDA,call,ITM,mid,25.0,15:00,15:05,target,0.25
2026-02-19,NVDA,call,ITM,mid,25.0,15:30,15:50,target,0.25
2026-02-20,NVDA,call,ITM,mid,25.0,11:00,11:05,target,0.25
2026-02-20,NVDA,call,ITM,mid,25.0,13:30,13:45,target,0.25
2026-02-20,NVDA,call,ITM,mid,25.0,14:00,14:10,target,0.25
2026-02-20,NVDA,call,ITM,mid,25.0,15:00,16:00,forced,-0.64574
2026-02-23,NVDA,call,ITM,mid,25.0,11:00,11:30,target,0.25
2026-02-23,NVDA,call,ITM,mid,25.0,13:30,16:00,forced,-0.31185
2026-02-24,NVDA,call,ITM,mid,25.0,11:00,11:05,target,0.25
2026-02-24,NVDA,call,ITM,mid,25.0,13:30,14:15,target,0.25
2026-02-24,NVDA,call,ITM,mid,25.0,15:00,15:05,target,0.25
2026-02-24,NVDA,call,ITM,mid,25.0,15:30,16:00,target,0.25
2026-02-25,NVDA,call,ITM,mid,25.0,09:35,16:00,forced,-0.97628
2026-02-26,NVDA,call,ITM,mid,25.0,11:00,16:00,forced,-0.35492
2026-02-27,NVDA,call,ITM,mid,25.0,11:00,16:00,forced,-0.98956
2026-03-02,NVDA,call,ITM,mid,25.0,09:35,09:50,target,0.25
2026-03-02,NVDA,call,ITM,mid,25.0,10:00,11:50,target,0.25
2026-03-02,NVDA,call,ITM,mid,25.0,12:30,16:00,forced,-0.98443
2026-03-03,NVDA,call,ITM,mid,25.0,09:35,09:55,target,0.25
2026-03-03,NVDA,call,ITM,mid,25.0,10:00,16:00,forced,-0.98925
2026-03-04,NVDA,call,ITM,mid,25.0,09:35,10:20,target,0.25
2026-03-04,NVDA,call,ITM,mid,25.0,10:30,10:35,target,0.25
2026-03-04,NVDA,call,ITM,mid,25.0,11:00,11:25,target,0.25
2026-03-04,NVDA,call,ITM,mid,25.0,11:30,11:55,target,0.25
2026-03-04,NVDA,call,ITM,mid,25.0,12:30,16:00,forced,0.00954
2026-03-05,NVDA,call,ITM,mid,25.0,09:35,16:00,forced,-0.97616
2026-03-06,NVDA,call,ITM,mid,25.0,09:35,10:35,target,0.25
2026-03-06,NVDA,call,ITM,mid,25.0,11:00,11:45,target,0.25
2026-03-06,NVDA,call,ITM,mid,25.0,12:30,16:00,forced,-0.91443
2026-03-09,NVDA,call,ITM,mid,25.0,09:35,10:20,target,0.25
2026-03-09,NVDA,call,ITM,mid,25.0,10:30,16:00,forced,-0.22518
2026-03-10,NVDA,call,ITM,mid,25.0,09:35,09:45,target,0.25
2026-03-10,NVDA,call,ITM,mid,25.0,10:00,10:15,target,0.25
2026-03-10,NVDA,call,ITM,mid,25.0,10:30,12:05,target,0.25
2026-03-10,NVDA,call,ITM,mid,25.0,12:30,12:40,target,0.25
2026-03-10,NVDA,call,ITM,mid,25.0,13:30,14:25,target,0.25
2026-03-10,NVDA,call,ITM,mid,25.0,15:00,16:00,forced,-0.97915
2026-03-11,NVDA,call,ITM,mid,25.0,09:35,11:15,target,0.25
2026-03-11,NVDA,call,ITM,mid,25.0,11:30,13:15,target,0.25
2026-03-11,NVDA,call,ITM,mid,25.0,13:30,13:35,target,0.25
2026-03-11,NVDA,call,ITM,mid,25.0,14:00,16:00,forced,-0.98758
2026-03-12,NVDA,call,ITM,mid,25.0,09:35,15:15,target,0.25
2026-03-12,NVDA,call,ITM,mid,25.0,15:30,16:00,forced,-0.96832
2026-03-13,NVDA,call,ITM,mid,25.0,09:35,09:40,target,0.25
2026-03-13,NVDA,call,ITM,mid,25.0,10:00,16:00,forced,-0.97575
2026-02-16,NVDA,call,ITM,mid,30.0,10:30,16:00,forced,-0.97384
2026-02-17,NVDA,call,ITM,mid,30.0,11:00,12:15,target,0.3
2026-02-17,NVDA,call,ITM,mid,30.0,12:30,12:50,target,0.3
2026-02-17,NVDA,call,ITM,mid,30.0,13:30,16:00,forced,-0.64605
2026-02-18,NVDA,call,ITM,mid,30.0,11:00,13:50,target,0.3
2026-02-18,NVDA,call,ITM,mid,30.0,14:00,14:15,target,0.3
2026-02-18,NVDA,call,ITM,mid,30.0,15:00,15:25,target,0.3
2026-02-18,NVDA,call,ITM,mid,30.0,15:30,16:00,forced,0.20467
2026-02-19,NVDA,call,ITM,mid,30.0,11:00,11:05,target,0.3
2026-02-19,NVDA,call,ITM,mid,30.0,12:30,16:00,forced,-0.87473
2026-02-20,NVDA,call,ITM,mid,30.0,11:00,11:05,target,0.3
2026-02-20,NVDA,call,ITM,mid,30.0,12:30,13:15,target,0.3
2026-02-20,NVDA,call,ITM,mid,30.0,13:30,13:45,target,0.3
2026-02-20,NVDA,call,ITM,mid,30.0,14:00,14:10,target,0.3
2026-02-20,NVDA,call,ITM,mid,30.0,15:00,16:00,forced,-0.64574
2026-02-23,NVDA,call,ITM,mid,30.0,11:00,11:30,target,0.3
2026-02-23,NVDA,call,ITM,mid,30.0,12:30,12:55,target,0.3
2026-02-23,NVDA,call,ITM,mid,30.0,13:30,16:00,forced,-0.31185
2026-02-24,NVDA,call,ITM,mid,30.0,11:00,11:20,target,0.3
2026-02-24,NVDA,call,ITM,mid,30.0,12:30,16:00,forced,0.16399
2026-02-25,NVDA,call,ITM,mid,30.0,09:35,16:00,forced,-0.97628
2026-02-26,NVDA,call,ITM,mid,30.0,11:00,16:00,forced,-0.35492
2026-02-27,NVDA,call,ITM,mid,30.0,11:00,16:00,forced,-0.98956
2026-03-02,NVDA,call,ITM,mid,30.0,09:35,09:50,target,0.3
2026-03-02,NVDA,call,ITM,mid,30.0,10:00,11:50,target,0.3
2026-03-02,NVDA,call,ITM,mid,30.0,12:30,16:00,forced,-0.98443
2026-03-03,NVDA,call,ITM,mid,30.0,09:35,09:55,target,0.3
2026-03-03,NVDA,call,ITM,mid,30.0,10:30,16:00,forced,-0.97995
2026-03-04,NVDA,call,ITM,mid,30.0,09:35,10:20,target,0.3
2026-03-04,NVDA,call,ITM,mid,30.0,10:30,10:35,target,0.3
2026-03-04,NVDA,call,ITM,mid,30.0,11:00,11:30,target,0.3
2026-03-04,NVDA,call,ITM,mid,30.0,11:30,11:55,target,0.3
2026-03-04,NVDA,call,ITM,mid,30.0,12:30,16:00,forced,0.00954
2026-03-05,NVDA,call,ITM,mid,30.0,09:35,16:00,forced,-0.97616
2026-03-06,NVDA,call,ITM,mid,30.0,09:35,10:35,target,0.3
2026-03-06,NVDA,call,ITM,mid,30.0,11:00,11:45,target,0.3
2026-03-06,NVDA,call,ITM,mid,30.0,12:30,16:00,forced,-0.91443
2026-03-09,NVDA,call,ITM,mid,30.0,09:35,10:20,target,0.3
2026-03-09,NVDA,call,ITM,mid,30.0,10:30,16:00,forced,-0.22518
2026-03-10,NVDA,call,ITM,mid,30.0,09:35,09:50,target,0.3
2026-03-10,NVDA,call,ITM,mid,30.0,10:30,16:00,forced,-0.98768
2026-03-11,NVDA,call,ITM,mid,30.0,09:35,11:15,target,0.3
2026-03-11,NVDA,call,ITM,mid,30.0,11:30,13:15,target,0.3
2026-03-11,NVDA,call,ITM,mid,30.0,13:30,13:35,target,0.3
2026-03-11,NVDA,call,ITM,mid,30.0,14:00,16:00,forced,-0.98758
2026-03-12,NVDA,call,ITM,mid,30.0,09:35,15:15,target,0.3
2026-03-12,NVDA,call,ITM,mid,30.0,15:30,16:00,forced,-0.96832
2026-03-13,NVDA,call,ITM,mid,30.0,09:35,09:40,target,0.3
2026-03-13,NVDA,call,ITM,mid,30.0,10:00,16:00,forced,-0.97575
2026-02-16,NVDA,call,ITM,mid,40.0,10:30,16:00,forced,-0.97384
2026-02-17,NVDA,call,ITM,mid,40.0,10:30,12:50,target,0.4
2026-02-17,NVDA,call,ITM,mid,40.0,13:30,16:00,forced,-0.64605
2026-02-18,NVDA,call,ITM,mid,40.0,10:30,14:05,target,0.4
2026-02-18,NVDA,call,ITM,mid,40.0,14:30,15:20,target,0.4
2026-02-18,NVDA,call,ITM,mid,40.0,15:30,16:00,forced,0.20467
2026-02-19,NVDA,call,ITM,mid,40.0,10:30,11:15,target,0.4
2026-02-19,NVDA,call,ITM,mid,40.0,12:30,16:00,forced,-0.87473
2026-02-20,NVDA,call,ITM,mid,40.0,10:30,11:10,target,0.4
2026-02-20,NVDA,call,ITM,mid,40.0,12:30,13:15,target,0.4
2026-02-20,NVDA,call,ITM,mid,40.0,13:30,13:45,target,0.4
2026-02-20,NVDA,call,ITM,mid,40.0,14:00,14:10,target,0.4
2026-02-20,NVDA,call,ITM,mid,40.0,14:30,14:40,target,0.4
2026-02-20,NVDA,call,ITM,mid,40.0,15:00,16:00,forced,-0.64574
2026-02-23,NVDA,call,ITM,mid,40.0,10:30,11:40,target,0.4
2026-02-23,NVDA,call,ITM,mid,40.0,12:30,12:55,target,0.4
2026-02-23,NVDA,call,ITM,mid,40.0,13:30,16:00,forced,-0.31185
2026-02-24,NVDA,call,ITM,mid,40.0,10:30,11:05,target,0.4
2026-02-24,NVDA,call,ITM,mid,40.0,12:30,16:00,forced,0.16399
2026-02-25,NVDA,call,ITM,mid,40.0,10:00,16:00,forced,-0.56395
2026-02-26,NVDA,call,ITM,mid,40.0,10:30,11:05,target,0.4
2026-02-26,NVDA,call,ITM,mid,40.0,12:30,16:00,forced,-0.24053
2026-02-27,NVDA,call,ITM,mid,40.0,10:30,16:00,forced,-0.98773
2026-03-02,NVDA,call,ITM,mid,40.0,09:35,11:50,target,0.4
2026-03-02,NVDA,call,ITM,mid,40.0,12:30,16:00,forced,-0.98443
2026-03-03,NVDA,call,ITM,mid,40.0,10:30,16:00,forced,-0.97995
2026-03-04,NVDA,call,ITM,mid,40.0,10:30,10:40,target,0.4
2026-03-04,NVDA,call,ITM,mid,40.0,11:00,11:30,target,0.4
2026-03-04,NVDA,call,ITM,mid,40.0,11:30,12:00,target,0.4
2026-03-04,NVDA,call,ITM,mid,40.0,12:30,16:00,forced,0.00954
2026-03-05,NVDA,call,ITM,mid,40.0,10:30,11:50,target,0.4
2026-03-05,NVDA,call,ITM,mid,40.0,12:30,16:00,forced,-0.98329
2026-03-06,NVDA,call,ITM,mid,40.0,10:30,10:35,target,0.4
2026-03-06,NVDA,call,ITM,mid,40.0,11:00,11:50,target,0.4
2026-03-06,NVDA,call,ITM,mid,40.0,12:30,16:00,forced,-0.91443
2026-03-09,NVDA,call,ITM,mid,40.0,10:30,16:00,forced,-0.22518
2026-03-10,NVDA,call,ITM,mid,40.0,10:30,16:00,forced,-0.98768
2026-03-11,NVDA,call,ITM,mid,40.0,10:30,11:15,target,0.4
2026-03-11,NVDA,call,ITM,mid,40.0,11:30,13:50,target,0.4
2026-03-11,NVDA,call,ITM,mid,40.0,14:00,16:00,forced,-0.98758
2026-03-12,NVDA,call,ITM,mid,40.0,10:30,13:35,target,0.4
2026-03-12,NVDA,call,ITM,mid,40.0,14:00,14:35,target,0.4
2026-03-12,NVDA,call,ITM,mid,40.0,15:00,15:20,target,0.4
2026-03-12,NVDA,call,ITM,mid,40.0,15:30,16:00,forced,-0.96832
2026-03-13,NVDA,call,ITM,mid,40.0,09:35,09:40,target,0.4
2026-03-13,NVDA,call,ITM,mid,40.0,10:00,16:00,forced,-0.97575
2026-02-16,NVDA,call,ITM,mid,50.0,10:30,16:00,forced,-0.97384
2026-02-17,NVDA,call,ITM,mid,50.0,10:30,12:50,target,0.5
2026-02-17,NVDA,call,ITM,mid,50.0,13:00,13:15,target,0.5
2026-02-17,NVDA,call,ITM,mid,50.0,13:30,16:00,forced,-0.64605
2026-02-18,NVDA,call,ITM,mid,50.0,10:30,14:05,target,0.5
2026-02-18,NVDA,call,ITM,mid,50.0,14:30,15:20,target,0.5
2026-02-18,NVDA,call,ITM,mid,50.0,15:30,16:00,forced,0.20467
2026-02-19,NVDA,call,ITM,mid,50.0,10:30,11:15,target,0.5
2026-02-19,NVDA,call,ITM,mid,50.0,12:30,16:00,forced,-0.87473
2026-02-20,NVDA,call,ITM,mid,50.0,10:30,11:15,target,0.5
2026-02-20,NVDA,call,ITM,mid,50.0,12:30,14:10,target,0.5
2026-02-20,NVDA,call,ITM,mid,50.0,14:30,14:50,target,0.5
2026-02-20,NVDA,call,ITM,mid,50.0,15:00,16:00,forced,-0.64574
2026-02-23,NVDA,call,ITM,mid,50.0,10:30,11:45,target,0.5
2026-02-23,NVDA,call,ITM,mid,50.0,12:30,12:55,target,0.5
2026-02-23,NVDA,call,ITM,mid,50.0,13:00,16:00,forced,-0.25086
2026-02-24,NVDA,call,ITM,mid,50.0,10:30,11:05,target,0.5
2026-02-24,NVDA,call,ITM,mid,50.0,12:30,16:00,forced,0.16399
2026-02-25,NVDA,call,ITM,mid,50.0,10:00,16:00,forced,-0.56395
2026-02-26,NVDA,call,ITM,mid,50.0,10:30,16:00,forced,-0.16168
2026-02-27,NVDA,call,ITM,mid,50.0,10:30,16:00,forced,-0.98773
2026-03-02,NVDA,call,ITM,mid,50.0,10:00,12:25,target,0.5
2026-03-02,NVDA,call,ITM,mid,50.0,12:30,16:00,forced,-0.98443
2026-03-03,NVDA,call,ITM,mid,50.0,10:30,16:00,forced,-0.97995
2026-03-04,NVDA,call,ITM,mid,50.0,10:30,10:40,target,0.5
2026-03-04,NVDA,call,ITM,mid,50.0,11:00,11:30,target,0.5
2026-03-04,NVDA,call,ITM,mid,50.0,11:30,12:05,target,0.5
2026-03-04,NVDA,call,ITM,mid,50.0,12:30,16:00,forced,0.00954
2026-03-05,NVDA,call,ITM,mid,50.0,10:30,11:50,target,0.5
2026-03-05,NVDA,call,ITM,mid,50.0,12:30,16:00,forced,-0.98329
2026-03-06,NVDA,call,ITM,mid,50.0,10:30,10:45,target,0.5
2026-03-06,NVDA,call,ITM,mid,50.0,11:00,12:10,target,0.5
2026-03-06,NVDA,call,ITM,mid,50.0,12:30,16:00,forced,-0.91443
2026-03-09,NVDA,call,ITM,mid,50.0,10:30,16:00,forced,-0.22518
2026-03-10,NVDA,call,ITM,mid,50.0,10:30,16:00,forced,-0.98768
2026-03-11,NVDA,call,ITM,mid,50.0,10:30,11:15,target,0.5
2026-03-11,NVDA,call,ITM,mid,50.0,11:30,13:50,target,0.5
2026-03-11,NVDA,call,ITM,mid,50.0,14:00,16:00,forced,-0.98758
2026-03-12,NVDA,call,ITM,mid,50.0,10:30,13:50,target,0.5
2026-03-12,NVDA,call,ITM,mid,50.0,14:00,15:15,target,0.5
2026-03-12,NVDA,call,ITM,mid,50.0,15:30,16:00,forced,-0.96832
2026-03-13,NVDA,call,ITM,mid,50.0,10:00,16:00,forced,-0.97575
2026-02-16,NVDA,call,ITM,mid,60.0,10:30,16:00,forced,-0.97384
2026-02-17,NVDA,call,ITM,mid,60.0,10:30,13:05,target,0.6
2026-02-17,NVDA,call,ITM,mid,60.0,13:30,16:00,forced,-0.64605
2026-02-18,NVDA,call,ITM,mid,60.0,10:30,14:15,target,0.6
2026-02-18,NVDA,call,ITM,mid,60.0,14:30,15:25,target,0.6
2026-02-18,NVDA,call,ITM,mid,60.0,15:30,16:00,forced,0.20467
2026-02-19,NVDA,call,ITM,mid,60.0,10:30,11:15,target,0.6
2026-02-19,NVDA,call,ITM,mid,60.0,12:30,16:00,forced,-0.87473
2026-02-20,NVDA,call,ITM,mid,60.0,10:30,11:15,target,0.6
2026-02-20,NVDA,call,ITM,mid,60.0,12:30,14:10,target,0.6
2026-02-20,NVDA,call,ITM,mid,60.0,14:30,14:55,target,0.6
2026-02-20,NVDA,call,ITM,mid,60.0,15:00,16:00,forced,-0.64574
2026-02-23,NVDA,call,ITM,mid,60.0,10:30,11:50,target,0.6
2026-02-23,NVDA,call,ITM,mid,60.0,12:30,12:55,target,0.6
2026-02-23,NVDA,call,ITM,mid,60.0,13:00,16:00,forced,-0.25086
2026-02-24,NVDA,call,ITM,mid,60.0,10:30,11:25,target,0.6
2026-02-24,NVDA,call,ITM,mid,60.0,12:30,16:00,forced,0.16399
2026-02-25,NVDA,call,ITM,mid,60.0,10:00,16:00,forced,-0.56395
2026-02-26,NVDA,call,ITM,mid,60.0,10:30,16:00,forced,-0.16168
2026-02-27,NVDA,call,ITM,mid,60.0,10:30,16:00,forced,-0.98773
2026-03-02,NVDA,call,ITM,mid,60.0,10:00,12:30,target,0.6
2026-03-02,NVDA,call,ITM,mid,60.0,12:30,16:00,forced,-0.98443
2026-03-03,NVDA,call,ITM,mid,60.0,10:30,16:00,forced,-0.97995
2026-03-04,NVDA,call,ITM,mid,60.0,10:30,10:40,target,0.6
2026-03-04,NVDA,call,ITM,mid,60.0,11:00,11:30,target,0.6
2026-03-04,NVDA,call,ITM,mid,60.0,11:30,12:15,target,0.6
2026-03-04,NVDA,call,ITM,mid,60.0,12:30,16:00,forced,0.00954
2026-03-05,NVDA,call,ITM,mid,60.0,10:30,11:50,target,0.6
2026-03-05,NVDA,call,ITM,mid,60.0,12:30,16:00,forced,-0.98329
2026-03-06,NVDA,call,ITM,mid,60.0,10:30,10:45,target,0.6
2026-03-06,NVDA,call,ITM,mid,60.0,11:00,12:20,target,0.6
2026-03-06,NVDA,call,ITM,mid,60.0,12:30,16:00,forced,-0.91443
2026-03-09,NVDA,call,ITM,mid,60.0,10:30,16:00,forced,-0.22518
2026-03-10,NVDA,call,ITM,mid,60.0,10:30,16:00,forced,-0.98768
2026-03-11,NVDA,call,ITM,mid,60.0,10:30,11:15,target,0.6
2026-03-11,NVDA,call,ITM,mid,60.0,11:30,13:50,target,0.6
2026-03-11,NVDA,call,ITM,mid,60.0,14:00,16:00,forced,-0.98758
2026-03-12,NVDA,call,ITM,mid,60.0,10:30,14:00,target,0.6
2026-03-12,NVDA,call,ITM,mid,60.0,14:00,15:15,target,0.6
2026-03-12,NVDA,call,ITM,mid,60.0,15:30,16:00,forced,-0.96832
2026-03-13,NVDA,call,ITM,mid,60.0,10:00,16:00,forced,-0.97575
2026-02-16,NVDA,call,ITM,mid,70.0,10:00,16:00,forced,-0.97826
2026-02-17,NVDA,call,ITM,mid,70.0,10:00,10:20,target,0.7
2026-02-17,NVDA,call,ITM,mid,70.0,10:30,13:05,target,0.7
2026-02-17,NVDA,call,ITM,mid,70.0,13:30,16:00,forced,-0.64605
2026-02-18,NVDA,call,ITM,mid,70.0,10:00,13:55,target,0.7
2026-02-18,NVDA,call,ITM,mid,70.0,14:00,15:25,target,0.7
2026-02-18,NVDA,call,ITM,mid,70.0,15:30,16:00,forced,0.20467
2026-02-19,NVDA,call,ITM,mid,70.0,10:00,11:50,target,0.7
2026-02-19,NVDA,call,ITM,mid,70.0,12:30,16:00,forced,-0.87473
2026-02-20,NVDA,call,ITM,mid,70.0,10:00,11:15,target,0.7
2026-02-20,NVDA,call,ITM,mid,70.0,12:30,14:10,target,0.7
2026-02-20,NVDA,call,ITM,mid,70.0,15:00,16:00,forced,-0.64574
2026-02-23,NVDA,call,ITM,mid,70.0,10:00,12:55,target,0.7
2026-02-23,NVDA,call,ITM,mid,70.0,13:00,16:00,forced,-0.25086
2026-02-24,NVDA,call,ITM,mid,70.0,10:00,12:15,target,0.7
2026-02-24,NVDA,call,ITM,mid,70.0,12:30,16:00,forced,0.16399
2026-02-25,NVDA,call,ITM,mid,70.0,10:00,16:00,forced,-0.56395
2026-02-26,NVDA,call,ITM,mid,70.0,10:00,10:45,target,0.7
2026-02-26,NVDA,call,ITM,mid,70.0,12:30,16:00,forced,-0.24053
2026-02-27,NVDA,call,ITM,mid,70.0,10:00,10:35,target,0.7
2026-02-27,NVDA,call,ITM,mid,70.0,12:30,16:00,forced,-0.97357
2026-03-02,NVDA,call,ITM,mid,70.0,10:00,16:00,forced,-0.97414
2026-03-03,NVDA,call,ITM,mid,70.0,10:00,16:00,forced,-0.98925
2026-03-04,NVDA,call,ITM,mid,70.0,10:00,10:40,target,0.7
2026-03-04,NVDA,call,ITM,mid,70.0,11:30,12:20,target,0.7
2026-03-04,NVDA,call,ITM,mid,70.0,12:30,16:00,forced,0.00954
2026-03-05,NVDA,call,ITM,mid,70.0,10:00,12:05,target,0.7
2026-03-05,NVDA,call,ITM,mid,70.0,12:30,16:00,forced,-0.98329
2026-03-06,NVDA,call,ITM,mid,70.0,10:00,10:45,target,0.7
2026-03-06,NVDA,call,ITM,mid,70.0,11:30,12:20,target,0.7
2026-03-06,NVDA,call,ITM,mid,70.0,12:30,16:00,forced,-0.91443
2026-03-09,NVDA,call,ITM,mid,70.0,10:00,16:00,forced,-0.03465
2026-03-10,NVDA,call,ITM,mid,70.0,10:00,16:00,forced,-0.98692
2026-03-11,NVDA,call,ITM,mid,70.0,10:00,13:55,target,0.7
2026-03-11,NVDA,call,ITM,mid,70.0,14:00,16:00,forced,-0.98758
2026-03-12,NVDA,call,ITM,mid,70.0,10:00,14:35,target,0.7
2026-03-12,NVDA,call,ITM,mid,70.0,15:00,15:20,target,0.7
2026-03-12,NVDA,call,ITM,mid,70.0,15:30,16:00,forced,-0.96832
2026-03-13,NVDA,call,ITM,mid,70.0,10:00,16:00,forced,-0.97575
2026-02-16,NVDA,call,ITM,mid,75.0,10:30,16:00,forced,-0.97384
2026-02-17,NVDA,call,ITM,mid,75.0,10:30,13:10,target,0.75
2026-02-17,NVDA,call,ITM,mid,75.0,13:30,16:00,forced,-0.64605
2026-02-18,NVDA,call,ITM,mid,75.0,10:30,15:20,target,0.75
2026-02-18,NVDA,call,ITM,mid,75.0,15:30,16:00,forced,0.20467
2026-02-19,NVDA,call,ITM,mid,75.0,10:30,11:25,target,0.75
2026-02-19,NVDA,call,ITM,mid,75.0,12:30,16:00,forced,-0.87473
2026-02-20,NVDA,call,ITM,mid,75.0,10:30,11:15,target,0.75
2026-02-20,NVDA,call,ITM,mid,75.0,12:30,14:10,target,0.75
2026-02-20,NVDA,call,ITM,mid,75.0,14:30,15:00,target,0.75
2026-02-20,NVDA,call,ITM,mid,75.0,15:00,16:00,forced,-0.64574
2026-02-23,NVDA,call,ITM,mid,75.0,10:30,11:50,target,0.75
2026-02-23,NVDA,call,ITM,mid,75.0,12:30,13:35,target,0.75
2026-02-23,NVDA,call,ITM,mid,75.0,14:00,16:00,forced,-0.22761
2026-02-24,NVDA,call,ITM,mid,75.0,10:30,12:05,target,0.75
2026-02-24,NVDA,call,ITM,mid,75.0,12:30,16:00,forced,0.16399
2026-02-25,NVDA,call,ITM,mid,75.0,10:00,16:00,forced,-0.56395
2026-02-26,NVDA,call,ITM,mid,75.0,10:30,16:00,forced,-0.16168
2026-02-27,NVDA,call,ITM,mid,75.0,10:30,16:00,forced,-0.98773
2026-03-02,NVDA,call,ITM,mid,75.0,10:00,16:00,forced,-0.97414
2026-03-03,NVDA,call,ITM,mid,75.0,10:00,16:00,forced,-0.98925
2026-03-04,NVDA,call,ITM,mid,75.0,10:00,10:40,target,0.75
2026-03-04,NVDA,call,ITM,mid,75.0,12:30,16:00,forced,0.00954
2026-03-05,NVDA,call,ITM,mid,75.0,10:00,12:05,target,0.75
2026-03-05,NVDA,call,ITM,mid,75.0,12:30,16:00,forced,-0.98329
2026-03-06,NVDA,call,ITM,mid,75.0,10:00,10:45,target,0.75
2026-03-06,NVDA,call,ITM,mid,75.0,12:30,16:00,forced,-0.91443
2026-03-09,NVDA,call,ITM,mid,75.0,10:00,16:00,forced,-0.03465
2026-03-10,NVDA,call,ITM,mid,75.0,10:00,16:00,forced,-0.98692
2026-03-11,NVDA,call,ITM,mid,75.0,10:00,13:55,target,0.75
2026-03-11,NVDA,call,ITM,mid,75.0,14:00,16:00,forced,-0.98758
2026-03-12,NVDA,call,ITM,mid,75.0,10:00,14:35,target,0.75
2026-03-12,NVDA,call,ITM,mid,75.0,15:00,15:25,target,0.75
2026-03-12,NVDA,call,ITM,mid,75.0,15:30,16:00,forced,-0.96832
2026-03-13,NVDA,call,ITM,mid,75.0,10:00,16:00,forced,-0.97575
2026-02-16,NVDA,call,ITM,mid,80.0,10:00,16:00,forced,-0.97826
2026-02-17,NVDA,call,ITM,mid,80.0,10:00,10:20,target,0.8
2026-02-17,NVDA,call,ITM,mid,80.0,10:30,13:10,target,0.8
2026-02-17,NVDA,call,ITM,mid,80.0,13:30,16:00,forced,-0.64605
2026-02-18,NVDA,call,ITM,mid,80.0,10:00,14:00,target,0.8
2026-02-18,NVDA,call,ITM,mid,80.0,14:00,15:30,target,0.8
2026-02-18,NVDA,call,ITM,mid,80.0,15:30,16:00,forced,0.20467
2026-02-19,NVDA,call,ITM,mid,80.0,10:00,11:50,target,0.8
2026-02-19,NVDA,call,ITM,mid,80.0,12:30,16:00,forced,-0.87473
2026-02-20,NVDA,call,ITM,mid,80.0,10:00,11:25,target,0.8
2026-02-20,NVDA,call,ITM,mid,80.0,12:30,14:10,target,0.8
2026-02-20,NVDA,call,ITM,mid,80.0,14:30,15:00,target,0.8
2026-02-20,NVDA,call,ITM,mid,80.0,15:00,16:00,forced,-0.64574
2026-02-23,NVDA,call,ITM,mid,80.0,10:00,13:30,target,0.8
2026-02-23,NVDA,call,ITM,mid,80.0,13:30,16:00,forced,-0.31185
2026-02-24,NVDA,call,ITM,mid,80.0,10:00,12:20,target,0.8
2026-02-24,NVDA,call,ITM,mid,80.0,12:30,16:00,forced,0.16399
2026-02-25,NVDA,call,ITM,mid,80.0,10:00,16:00,forced,-0.56395
2026-02-26,NVDA,call,ITM,mid,80.0,10:00,10:45,target,0.8
2026-02-26,NVDA,call,ITM,mid,80.0,12:30,16:00,forced,-0.24053
2026-02-27,NVDA,call,ITM,mid,80.0,10:00,16:00,forced,-0.98397
2026-03-02,NVDA,call,ITM,mid,80.0,10:00,16:00,forced,-0.97414
2026-03-03,NVDA,call,ITM,mid,80.0,10:00,16:00,forced,-0.98925
2026-03-04,NVDA,call,ITM,mid,80.0,10:00,10:40,target,0.8
2026-03-04,NVDA,call,ITM,mid,80.0,12:30,16:00,forced,0.00954
2026-03-05,NVDA,call,ITM,mid,80.0,10:00,16:00,forced,-0.97525
2026-03-06,NVDA,call,ITM,mid,80.0,10:00,10:45,target,0.8
2026-03-06,NVDA,call,ITM,mid,80.0,12:30,16:00,forced,-0.91443
2026-03-09,NVDA,call,ITM,mid,80.0,10:00,16:00,forced,-0.03465
2026-03-10,NVDA,call,ITM,mid,80.0,10:00,16:00,forced,-0.98692
2026-03-11,NVDA,call,ITM,mid,80.0,10:00,13:55,target,0.8
2026-03-11,NVDA,call,ITM,mid,80.0,14:00,16:00,forced,-0.98758
2026-03-12,NVDA,call,ITM,mid,80.0,10:00,14:35,target,0.8
2026-03-12,NVDA,call,ITM,mid,80.0,15:00,15:25,target,0.8
2026-03-12,NVDA,call,ITM,mid,80.0,15:30,16:00,forced,-0.96832
2026-03-13,NVDA,call,ITM,mid,80.0,10:00,16:00,forced,-0.97575
2026-02-16,NVDA,call,ITM,mid,90.0,10:00,16:00,forced,-0.97826
2026-02-17,NVDA,call,ITM,mid,90.0,10:00,10:20,target,0.9
2026-02-17,NVDA,call,ITM,mid,90.0,10:30,13:10,target,0.9
2026-02-17,NVDA,call,ITM,mid,90.0,13:30,16:00,forced,-0.64605
2026-02-18,NVDA,call,ITM,mid,90.0,10:00,14:00,target,0.9
2026-02-18,NVDA,call,ITM,mid,90.0,14:00,15:30,target,0.9
2026-02-18,NVDA,call,ITM,mid,90.0,15:30,16:00,forced,0.20467
2026-02-19,NVDA,call,ITM,mid,90.0,10:00,11:50,target,0.9
2026-02-19,NVDA,call,ITM,mid,90.0,12:30,16:00,forced,-0.87473
2026-02-20,NVDA,call,ITM,mid,90.0,10:00,11:25,target,0.9
2026-02-20,NVDA,call,ITM,mid,90.0,12:30,14:40,target,0.9
2026-02-20,NVDA,call,ITM,mid,90.0,15:00,16:00,forced,-0.64574
2026-02-23,NVDA,call,ITM,mid,90.0,10:00,13:35,target,0.9
2026-02-23,NVDA,call,ITM,mid,90.0,14:00,16:00,forced,-0.22761
2026-02-24,NVDA,call,ITM,mid,90.0,10:00,12:25,target,0.9
2026-02-24,NVDA,call,ITM,mid,90.0,12:30,16:00,forced,0.16399
2026-02-25,NVDA,call,ITM,mid,90.0,10:00,16:00,forced,-0.56395
2026-02-26,NVDA,call,ITM,mid,90.0,10:00,11:00,target,0.9
2026-02-26,NVDA,call,ITM,mid,90.0,12:30,16:00,forced,-0.24053
2026-02-27,NVDA,call,ITM,mid,90.0,10:00,16:00,forced,-0.98397
2026-03-02,NVDA,call,ITM,mid,90.0,10:00,16:00,forced,-0.97414
2026-03-03,NVDA,call,ITM,mid,90.0,10:00,16:00,forced,-0.98925
2026-03-04,NVDA,call,ITM,mid,90.0,10:00,10:40,target,0.9
2026-03-04,NVDA,call,ITM,mid,90.0,12:30,16:00,forced,0.00954
2026-03-05,NVDA,call,ITM,mid,90.0,10:00,16:00,forced,-0.97525
2026-03-06,NVDA,call,ITM,mid,90.0,10:00,10:55,target,0.9
2026-03-06,NVDA,call,ITM,mid,90.0,12:30,16:00,forced,-0.91443
2026-03-09,NVDA,call,ITM,mid,90.0,10:00,16:00,forced,-0.03465
2026-03-10,NVDA,call,ITM,mid,90.0,10:00,16:00,forced,-0.98692
2026-03-11,NVDA,call,ITM,mid,90.0,10:00,13:55,target,0.9
2026-03-11,NVDA,call,ITM,mid,90.0,14:00,16:00,forced,-0.98758
2026-03-12,NVDA,call,ITM,mid,90.0,10:00,14:35,target,0.9
2026-03-12,NVDA,call,ITM,mid,90.0,15:00,15:25,target,0.9
2026-03-12,NVDA,call,ITM,mid,90.0,15:30,16:00,forced,-0.96832
2026-03-13,NVDA,call,ITM,mid,90.0,10:00,16:00,forced,-0.97575
2026-02-16,NVDA,call,ITM,mid,100.0,10:00,16:00,forced,-0.97826
2026-02-17,NVDA,call,ITM,mid,100.0,10:00,10:30,target,1.0
2026-02-17,NVDA,call,ITM,mid,100.0,10:30,16:00,forced,-0.08581
2026-02-18,NVDA,call,ITM,mid,100.0,10:00,14:00,target,1.0
2026-02-18,NVDA,call,ITM,mid,100.0,14:30,15:30,target,1.0
2026-02-18,NVDA,call,ITM,mid,100.0,15:30,16:00,forced,0.20467
2026-02-19,NVDA,call,ITM,mid,100.0,10:00,12:00,target,1.0
2026-02-19,NVDA,call,ITM,mid,100.0,12:30,16:00,forced,-0.87473
2026-02-20,NVDA,call,ITM,mid,100.0,10:00,14:15,target,1.0
2026-02-20,NVDA,call,ITM,mid,100.0,14:30,16:00,forced,0.03714
2026-02-23,NVDA,call,ITM,mid,100.0,10:00,16:00,forced,0.24136
2026-02-24,NVDA,call,ITM,mid,100.0,10:00,12:25,target,1.0
2026-02-24,NVDA,call,ITM,mid,100.0,12:30,16:00,forced,0.16399
2026-02-25,NVDA,call,ITM,mid,100.0,10:00,16:00,forced,-0.56395
2026-02-26,NVDA,call,ITM,mid,100.0,10:00,11:00,target,1.0
2026-02-26,NVDA,call,ITM,mid,100.0,12:30,16:00,forced,-0.24053
2026-02-27,NVDA,call,ITM,mid,100.0,10:00,16:00,forced,-0.98397
2026-03-02,NVDA,call,ITM,mid,100.0,10:00,16:00,forced,-0.97414
2026-03-03,NVDA,call,ITM,mid,100.0,10:00,16:00,forced,-0.98925
2026-03-04,NVDA,call,ITM,mid,100.0,10:00,10:40,target,1.0
2026-03-04,NVDA,call,ITM,mid,100.0,11:00,11:50,target,1.0
2026-03-04,NVDA,call,ITM,mid,100.0,12:30,16:00,forced,0.00954
2026-03-05,NVDA,call,ITM,mid,100.0,10:00,16:00,forced,-0.97525
2026-03-06,NVDA,call,ITM,mid,100.0,10:00,11:00,target,1.0
2026-03-06,NVDA,call,ITM,mid,100.0,11:00,16:00,forced,-0.34828
2026-03-09,NVDA,call,ITM,mid,100.0,10:00,16:00,forced,-0.03465
2026-03-10,NVDA,call,ITM,mid,100.0,10:00,16:00,forced,-0.98692
2026-03-11,NVDA,call,ITM,mid,100.0,10:00,13:55,target,1.0
2026-03-11,NVDA,call,ITM,mid,100.0,14:00,16:00,forced,-0.98758
2026-03-12,NVDA,call,ITM,mid,100.0,10:00,15:15,target,1.0
2026-03-12,NVDA,call,ITM,mid,100.0,15:30,16:00,forced,-0.96832
2026-03-13,NVDA,call,ITM,mid,100.0,10:00,16:00,forced,-0.97575
2026-02-16,NVDA,call,ITM,market,20.0,10:30,16:00,forced,-0.97487
2026-02-17,NVDA,call,ITM,market,20.0,11:00,12:15,target,0.2
2026-02-17,NVDA,call,ITM,market,20.0,13:30,16:00,forced,-0.65993
2026-02-18,NVDA,call,ITM,market,20.0,11:00,13:45,target,0.2
2026-02-18,NVDA,call,ITM,market,20.0,14:00,14:15,target,0.2
2026-02-18,NVDA,call,ITM,market,20.0,15:00,15:20,target,0.2
2026-02-18,NVDA,call,ITM,market,20.0,15:30,16:00,forced,0.15744
2026-02-19,NVDA,call,ITM,market,20.0,11:00,11:05,target,0.2
2026-02-19,NVDA,call,ITM,market,20.0,13:30,14:00,target,0.2
2026-02-19,NVDA,call,ITM,market,20.0,14:00,14:05,target,0.2
2026-02-19,NVDA,call,ITM,market,20.0,15:00,15:05,target,0.2
2026-02-19,NVDA,call,ITM,market,20.0,15:30,15:50,target,0.2
2026-02-20,NVDA,call,ITM,market,20.0,11:00,11:05,target,0.2
2026-02-20,NVDA,call,ITM,market,20.0,13:30,13:45,target,0.2
2026-02-20,NVDA,call,ITM,market,20.0,14:00,14:10,target,0.2
2026-02-20,NVDA,call,ITM,market,20.0,15:00,16:00,forced,-0.65963
2026-02-23,NVDA,call,ITM,market,20.0,11:00,11:30,target,0.2
2026-02-23,NVDA,call,ITM,market,20.0,13:30,16:00,forced,-0.33883
2026-02-24,NVDA,call,ITM,market,20.0,11:00,11:05,target,0.2
2026-02-24,NVDA,call,ITM,market,20.0,13:30,14:15,target,0.2
2026-02-24,NVDA,call,ITM,market,20.0,15:00,15:05,target,0.2
2026-02-24,NVDA,call,ITM,market,20.0,15:30,16:00,target,0.2
2026-02-25,NVDA,call,ITM,market,20.0,09:35,16:00,forced,-0.97721
2026-02-26,NVDA,call,ITM,market,20.0,11:00,16:00,forced,-0.38023
2026-02-27,NVDA,call,ITM,market,20.0,11:00,16:00,forced,-0.98997
2026-03-02,NVDA,call,ITM,market,20.0,09:35,09:50,target,0.2
2026-03-02,NVDA,call,ITM,market,20.0,10:00,11:50,target,0.2
2026-03-02,NVDA,call,ITM,market,20.0,12:30,16:00,forced,-0.98504
2026-03-03,NVDA,call,ITM,market,20.0,09:35,09:55,target,0.2
2026-03-03,NVDA,call,ITM,market,20.0,10:00,16:00,forced,-0.98967
2026-03-04,NVDA,call,ITM,market,20.0,09:35,10:20,target,0.2
2026-03-04,NVDA,call,ITM,market,20.0,10:30,10:35,target,0.2
2026-03-04,NVDA,call,ITM,market,20.0,11:00,11:25,target,0.2
2026-03-04,NVDA,call,ITM,market,20.0,11:30,11:55,target,0.2
2026-03-04,NVDA,call,ITM,market,20.0,12:30,16:00,forced,-0.03005
2026-03-05,NVDA,call,ITM,market,20.0,09:35,16:00,forced,-0.97709
2026-03-06,NVDA,call,ITM,market,20.0,09:35,10:35,target,0.2
2026-03-06,NVDA,call,ITM,market,20.0,11:00,11:45,target,0.2
2026-03-06,NVDA,call,ITM,market,20.0,12:30,16:00,forced,-0.91778
2026-03-09,NVDA,call,ITM,market,20.0,09:35,10:20,target,0.2
2026-03-09,NVDA,call,ITM,market,20.0,10:30,16:00,forced,-0.25557
2026-03-10,NVDA,call,ITM,market,20.0,09:35,09:45,target,0.2
2026-03-10,NVDA,call,ITM,market,20.0,10:00,10:15,target,0.2
2026-03-10,NVDA,call,ITM,market,20.0,10:30,12:05,target,0.2
2026-03-10,NVDA,call,ITM,market,20.0,12:30,12:40,target,0.2
2026-03-10,NVDA,call,ITM,market,20.0,13:30,14:25,target,0.2
2026-03-10,NVDA,call,ITM,market,20.0,15:00,16:00,forced,-0.97997
2026-03-11,NVDA,call,ITM,market,20.0,09:35,11:15,target,0.2
2026-03-11,NVDA,call,ITM,market,20.0,11:30,13:15,target,0.2
2026-03-11,NVDA,call,ITM,market,20.0,13:30,13:35,target,0.2
2026-03-11,NVDA,call,ITM,market,20.0,14:00,16:00,forced,-0.98807
2026-03-12,NVDA,call,ITM,market,20.0,09:35,15:15,target,0.2
2026-03-12,NVDA,call,ITM,market,20.0,15:30,16:00,forced,-0.96958
2026-03-13,NVDA,call,ITM,market,20.0,09:35,09:40,target,0.2
2026-03-13,NVDA,call,ITM,market,20.0,10:00,16:00,forced,-0.9767
2026-02-16,NVDA,call,ITM,market,25.0,10:30,16:00,forced,-0.97487
2026-02-17,NVDA,call,ITM,market,25.0,11:00,12:15,target,0.25
2026-02-17,NVDA,call,ITM,market,25.0,12:30,12:50,target,0.25
2026-02-17,NVDA,call,ITM,market,25.0,13:30,16:00,forced,-0.65993
2026-02-18,NVDA,call,ITM,market,25.0,11:00,13:50,target,0.25
2026-02-18,NVDA,call,ITM,market,25.0,14:00,14:15,target,0.25
2026-02-18,NVDA,call,ITM,market,25.0,15:00,15:25,target,0.25
2026-02-18,NVDA,call,ITM,market,25.0,15:30,16:00,forced,0.15744
2026-02-19,NVDA,call,ITM,market,25.0,11:00,11:05,target,0.25
2026-02-19,NVDA,call,ITM,market,25.0,12:30,16:00,forced,-0.87964
2026-02-20,NVDA,call,ITM,market,25.0,11:00,11:05,target,0.25
2026-02-20,NVDA,call,ITM,market,25.0,12:30,13:15,target,0.25
2026-02-20,NVDA,call,ITM,market,25.0,13:30,13:45,target,0.25
2026-02-20,NVDA,call,ITM,market,25.0,14:00,14:10,target,0.25
2026-02-20,NVDA,call,ITM,market,25.0,15:00,16:00,forced,-0.65963
2026-02-23,NVDA,call,ITM,market,25.0,11:00,11:30,target,0.25
2026-02-23,NVDA,call,ITM,market,25.0,12:30,12:55,target,0.25
2026-02-23,NVDA,call,ITM,market,25.0,13:30,16:00,forced,-0.33883
2026-02-24,NVDA,call,ITM,market,25.0,11:00,11:20,target,0.25
2026-02-24,NVDA,call,ITM,market,25.0,12:30,16:00,forced,0.11835
2026-02-25,NVDA,call,ITM,market,25.0,09:35,16:00,forced,-0.97721
2026-02-26,NVDA,call,ITM,market,25.0,11:00,16:00,forced,-0.38023
2026-02-27,NVDA,call,ITM,market,25.0,11:00,16:00,forced,-0.98997
2026-03-02,NVDA,call,ITM,market,25.0,09:35,09:50,target,0.25
2026-03-02,NVDA,call,ITM,market,25.0,10:00,11:50,target,0.25
2026-03-02,NVDA,call,ITM,market,25.0,12:30,16:00,forced,-0.98504
2026-03-03,NVDA,call,ITM,market,25.0,09:35,09:55,target,0.25
2026-03-03,NVDA,call,ITM,market,25.0,10:30,16:00,forced,-0.98074
2026-03-04,NVDA,call,ITM,market,25.0,09:35,10:20,target,0.25
2026-03-04,NVDA,call,ITM,market,25.0,10:30,10:35,target,0.25
2026-03-04,NVDA,call,ITM,market,25.0,11:00,11:30,target,0.25
2026-03-04,NVDA,call,ITM,market,25.0,11:30,11:55,target,0.25
2026-03-04,NVDA,call,ITM,market,25.0,12:30,16:00,forced,-0.03005
2026-03-05,NVDA,call,ITM,market,25.0,09:35,16:00,forced,-0.97709
2026-03-06,NVDA,call,ITM,market,25.0,09:35,10:35,target,0.25
2026-03-06,NVDA,call,ITM,market,25.0,11:00,11:45,target,0.25
2026-03-06,NVDA,call,ITM,market,25.0,12:30,16:00,forced,-0.91778
2026-03-09,NVDA,call,ITM,market,25.0,09:35,10:20,target,0.25
2026-03-09,NVDA,call,ITM,market,25.0,10:30,16:00,forced,-0.25557
2026-03-10,NVDA,call,ITM,market,25.0,09:35,09:50,target,0.25
2026-03-10,NVDA,call,ITM,market,25.0,10:30,16:00,forced,-0.98817
2026-03-11,NVDA,call,ITM,market,25.0,09:35,11:15,target,0.25
2026-03-11,NVDA,call,ITM,market,25.0,11:30,13:15,target,0.25
2026-03-11,NVDA,call,ITM,market,25.0,13:30,13:35,target,0.25
2026-03-11,NVDA,call,ITM,market,25.0,14:00,16:00,forced,-0.98807
2026-03-12,NVDA,call,ITM,market,25.0,09:35,15:15,target,0.25
2026-03-12,NVDA,call,ITM,market,25.0,15:30,16:00,forced,-0.96958
2026-03-13,NVDA,call,ITM,market,25.0,09:35,09:40,target,0.25
2026-03-13,NVDA,call,ITM,market,25.0,10:00,16:00,forced,-0.9767
2026-02-16,NVDA,call,ITM,market,30.0,10:30,16:00,forced,-0.97487
2026-02-17,NVDA,call,ITM,market,30.0,11:00,12:15,target,0.3
2026-02-17,NVDA,call,ITM,market,30.0,12:30,12:50,target,0.3
2026-02-17,NVDA,call,ITM,market,30.0,13:30,16:00,forced,-0.65993
2026-02-18,NVDA,call,ITM,market,30.0,11:00,13:50,target,0.3
2026-02-18,NVDA,call,ITM,market,30.0,14:00,14:15,target,0.3
2026-02-18,NVDA,call,ITM,market,30.0,15:00,15:25,target,0.3
2026-02-18,NVDA,call,ITM,market,30.0,15:30,16:00,forced,0.15744
2026-02-19,NVDA,call,ITM,market,30.0,11:00,11:05,target,0.3
2026-02-19,NVDA,call,ITM,market,30.0,12:30,16:00,forced,-0.87964
2026-02-20,NVDA,call,ITM,market,30.0,11:00,11:10,target,0.3
2026-02-20,NVDA,call,ITM,market,30.0,12:30,13:15,target,0.3
2026-02-20,NVDA,call,ITM,market,30.0,13:30,13:45,target,0.3
2026-02-20,NVDA,call,ITM,market,30.0,14:00,14:10,target,0.3
2026-02-20,NVDA,call,ITM,market,30.0,15:00,16:00,forced,-0.65963
2026-02-23,NVDA,call,ITM,market,30.0,11:00,11:30,target,0.3
2026-02-23,NVDA,call,ITM,market,30.0,12:30,12:55,target,0.3
2026-02-23,NVDA,call,ITM,market,30.0,13:30,16:00,forced,-0.33883
2026-02-24,NVDA,call,ITM,market,30.0,11:00,11:50,target,0.3
2026-02-24,NVDA,call,ITM,market,30.0,12:30,16:00,forced,0.11835
2026-02-25,NVDA,call,ITM,market,30.0,10:00,16:00,forced,-0.58104
2026-02-26,NVDA,call,ITM,market,30.0,11:00,16:00,forced,-0.38023
2026-02-27,NVDA,call,ITM,market,30.0,11:00,16:00,forced,-0.98997
2026-03-02,NVDA,call,ITM,market,30.0,09:35,09:55,target,0.3
2026-03-02,NVDA,call,ITM,market,30.0,10:00,11:50,target,0.3
2026-03-02,NVDA,call,ITM,market,30.0,12:30,16:00,forced,-0.98504
2026-03-03,NVDA,call,ITM,market,30.0,10:30,16:00,forced,-0.98074
2026-03-04,NVDA,call,ITM,market,30.0,10:30,10:35,target,0.3
2026-03-04,NVDA,call,ITM,market,30.0,11:00,11:30,target,0.3
2026-03-04,NVDA,call,ITM,market,30.0,11:30,12:00,target,0.3
2026-03-04,NVDA,call,ITM,market,30.0,12:30,16:00,forced,-0.03005
2026-03-05,NVDA,call,ITM,market,30.0,10:30,10:40,target,0.3
2026-03-05,NVDA,call,ITM,market,30.0,12:30,16:00,forced,-0.98395
2026-03-06,NVDA,call,ITM,market,30.0,10:30,10:35,target,0.3
2026-03-06,NVDA,call,ITM,market,30.0,11:00,11:45,target,0.3
2026-03-06,NVDA,call,ITM,market,30.0,12:30,16:00,forced,-0.91778
2026-03-09,NVDA,call,ITM,market,30.0,10:30,16:00,forced,-0.25557
2026-03-10,NVDA,call,ITM,market,30.0,10:30,16:00,forced,-0.98817
2026-03-11,NVDA,call,ITM,market,30.0,10:30,11:15,target,0.3
2026-03-11,NVDA,call,ITM,market,30.0,11:30,13:45,target,0.3
2026-03-11,NVDA,call,ITM,market,30.0,14:00,16:00,forced,-0.98807
2026-03-12,NVDA,call,ITM,market,30.0,10:30,13:35,target,0.3
2026-03-12,NVDA,call,ITM,market,30.0,14:00,14:35,target,0.3
2026-03-12,NVDA,call,ITM,market,30.0,15:00,15:15,target,0.3
2026-03-12,NVDA,call,ITM,market,30.0,15:30,16:00,forced,-0.96958
2026-03-13,NVDA,call,ITM,market,30.0,09:35,09:40,target,0.3
2026-03-13,NVDA,call,ITM,market,30.0,10:00,16:00,forced,-0.9767
2026-02-16,NVDA,call,ITM,market,40.0,10:30,16:00,forced,-0.97487
2026-02-17,NVDA,call,ITM,market,40.0,10:30,12:50,target,0.4
2026-02-17,NVDA,call,ITM,market,40.0,13:00,13:10,target,0.4
2026-02-17,NVDA,call,ITM,market,40.0,13:30,16:00,forced,-0.65993
2026-02-18,NVDA,call,ITM,market,40.0,10:30,14:05,target,0.4
2026-02-18,NVDA,call,ITM,market,40.0,14:30,15:20,target,0.4
2026-02-18,NVDA,call,ITM,market,40.0,15:30,16:00,forced,0.15744
2026-02-19,NVDA,call,ITM,market,40.0,10:30,11:15,target,0.4
2026-02-19,NVDA,call,ITM,market,40.0,12:30,16:00,forced,-0.87964
2026-02-20,NVDA,call,ITM,market,40.0,10:30,11:15,target,0.4
2026-02-20,NVDA,call,ITM,market,40.0,12:30,14:10,target,0.4
2026-02-20,NVDA,call,ITM,market,40.0,14:30,14:40,target,0.4
2026-02-20,NVDA,call,ITM,market,40.0,15:00,16:00,forced,-0.65963
2026-02-23,NVDA,call,ITM,market,40.0,10:30,11:40,target,0.4
2026-02-23,NVDA,call,ITM,market,40.0,12:30,12:55,target,0.4
2026-02-23,NVDA,call,ITM,market,40.0,13:00,16:00,forced,-0.28024
2026-02-24,NVDA,call,ITM,market,40.0,10:30,11:05,target,0.4
2026-02-24,NVDA,call,ITM,market,40.0,12:30,16:00,forced,0.11835
2026-02-25,NVDA,call,ITM,market,40.0,10:00,16:00,forced,-0.58104
2026-02-26,NVDA,call,ITM,market,40.0,10:30,16:00,forced,-0.19456
2026-02-27,NVDA,call,ITM,market,40.0,10:30,16:00,forced,-0.98821
2026-03-02,NVDA,call,ITM,market,40.0,10:00,11:50,target,0.4
2026-03-02,NVDA,call,ITM,market,40.0,12:30,16:00,forced,-0.98504
2026-03-03,NVDA,call,ITM,market,40.0,10:30,16:00,forced,-0.98074
2026-03-04,NVDA,call,ITM,market,40.0,10:30,10:40,target,0.4
2026-03-04,NVDA,call,ITM,market,40.0,11:00,11:30,target,0.4
2026-03-04,NVDA,call,ITM,market,40.0,11:30,12:05,target,0.4
2026-03-04,NVDA,call,ITM,market,40.0,12:30,16:00,forced,-0.03005
2026-03-05,NVDA,call,ITM,market,40.0,10:30,11:50,target,0.4
2026-03-05,NVDA,call,ITM,market,40.0,12:30,16:00,forced,-0.98395
2026-03-06,NVDA,call,ITM,market,40.0,10:30,10:35,target,0.4
2026-03-06,NVDA,call,ITM,market,40.0,11:00,12:10,target,0.4
2026-03-06,NVDA,call,ITM,market,40.0,12:30,16:00,forced,-0.91778
2026-03-09,NVDA,call,ITM,market,40.0,10:30,16:00,forced,-0.25557
2026-03-10,NVDA,call,ITM,market,40.0,10:30,16:00,forced,-0.98817
2026-03-11,NVDA,call,ITM,market,40.0,10:30,11:15,target,0.4
2026-03-11,NVDA,call,ITM,market,40.0,11:30,13:50,target,0.4
2026-03-11,NVDA,call,ITM,market,40.0,14:00,16:00,forced,-0.98807
2026-03-12,NVDA,call,ITM,market,40.0,10:30,13:45,target,0.4
2026-03-12,NVDA,call,ITM,market,40.0,14:00,14:35,target,0.4
2026-03-12,NVDA,call,ITM,market,40.0,15:00,15:20,target,0.4
2026-03-12,NVDA,call,ITM,market,40.0,15:30,16:00,forced,-0.96958
2026-03-13,NVDA,call,ITM,market,40.0,10:00,16:00,forced,-0.9767
2026-02-16,NVDA,call,ITM,market,50.0,10:30,16:00,forced,-0.97487
2026-02-17,NVDA,call,ITM,market,50.0,10:30,13:05,target,0.5
2026-02-17,NVDA,call,ITM,market,50.0,13:30,16:00,forced,-0.65993
2026-02-18,NVDA,call,ITM,market,50.0,10:30,14:10,target,0.5
2026-02-18,NVDA,call,ITM,market,50.0,14:30,15:25,target,0.5
2026-02-18,NVDA,call,ITM,market,50.0,15:30,16:00,forced,0.15744
2026-02-19,NVDA,call,ITM,market,50.0,10:30,11:15,target,0.5
2026-02-19,NVDA,call,ITM,market,50.0,12:30,16:00,forced,-0.87964
2026-02-20,NVDA,call,ITM,market,50.0,10:30,11:15,target,0.5
2026-02-20,NVDA,call,ITM,market,50.0,12:30,14:10,target,0.5
2026-02-20,NVDA,call,ITM,market,50.0,14:30,14:55,target,0.5
2026-02-20,NVDA,call,ITM,market,50.0,15:00,16:00,forced,-0.65963
2026-02-23,NVDA,call,ITM,market,50.0,10:30,11:45,target,0.5
2026-02-23,NVDA,call,ITM,market,50.0,12:30,12:55,target,0.5
2026-02-23,NVDA,call,ITM,market,50.0,13:00,16:00,forced,-0.28024
2026-02-24,NVDA,call,ITM,market,50.0,10:30,11:20,target,0.5
2026-02-24,NVDA,call,ITM,market,50.0,12:30,16:00,forced,0.11835
2026-02-25,NVDA,call,ITM,market,50.0,10:00,16:00,forced,-0.58104
2026-02-26,NVDA,call,ITM,market,50.0,10:30,16:00,forced,-0.19456
2026-02-27,NVDA,call,ITM,market,50.0,10:30,16:00,forced,-0.98821
2026-03-02,NVDA,call,ITM,market,50.0,10:00,12:30,target,0.5
2026-03-02,NVDA,call,ITM,market,50.0,12:30,16:00,forced,-0.98504
2026-03-03,NVDA,call,ITM,market,50.0,10:30,16:00,forced,-0.98074
2026-03-04,NVDA,call,ITM,market,50.0,10:30,10:40,target,0.5
2026-03-04,NVDA,call,ITM,market,50.0,11:00,11:30,target,0.5
2026-03-04,NVDA,call,ITM,market,50.0,11:30,12:10,target,0.5
2026-03-04,NVDA,call,ITM,market,50.0,12:30,16:00,forced,-0.03005
2026-03-05,NVDA,call,ITM,market,50.0,10:30,11:50,target,0.5
2026-03-05,NVDA,call,ITM,market,50.0,12:30,16:00,forced,-0.98395
2026-03-06,NVDA,call,ITM,market,50.0,10:30,10:45,target,0.5
2026-03-06,NVDA,call,ITM,market,50.0,11:00,12:10,target,0.5
2026-03-06,NVDA,call,ITM,market,50.0,12:30,16:00,forced,-0.91778
2026-03-09,NVDA,call,ITM,market,50.0,10:30,16:00,forced,-0.25557
2026-03-10,NVDA,call,ITM,market,50.0,10:30,16:00,forced,-0.98817
2026-03-11,NVDA,call,ITM,market,50.0,10:30,11:15,target,0.5
2026-03-11,NVDA,call,ITM,market,50.0,11:30,13:50,target,0.5
2026-03-11,NVDA,call,ITM,market,50.0,14:00,16:00,forced,-0.98807
2026-03-12,NVDA,call,ITM,market,50.0,10:30,13:50,target,0.5
2026-03-12,NVDA,call,ITM,market,50.0,14:00,15:15,target,0.5
2026-03-12,NVDA,call,ITM,market,50.0,15:30,16:00,forced,-0.96958
2026-03-13,NVDA,call,ITM,market,50.0,10:00,16:00,forced,-0.9767
2026-02-16,NVDA,call,ITM,market,60.0,10:30,16:00,forced,-0.97487
2026-02-17,NVDA,call,ITM,market,60.0,10:30,13:05,target,0.6
2026-02-17,NVDA,call,ITM,market,60.0,13:30,16:00,forced,-0.65993
2026-02-18,NVDA,call,ITM,market,60.0,10:30,14:15,target,0.6
2026-02-18,NVDA,call,ITM,market,60.0,14:30,15:25,target,0.6
2026-02-18,NVDA,call,ITM,market,60.0,15:30,16:00,forced,0.15744
2026-02-19,NVDA,call,ITM,market,60.0,10:30,11:25,target,0.6
2026-02-19,NVDA,call,ITM,market,60.0,12:30,16:00,forced,-0.87964
2026-02-20,NVDA,call,ITM,market,60.0,10:30,11:15,target,0.6
2026-02-20,NVDA,call,ITM,market,60.0,12:30,14:10,target,0.6
2026-02-20,NVDA,call,ITM,market,60.0,14:30,15:00,target,0.6
2026-02-20,NVDA,call,ITM,market,60.0,15:00,16:00,forced,-0.65963
2026-02-23,NVDA,call,ITM,market,60.0,10:30,11:50,target,0.6
2026-02-23,NVDA,call,ITM,market,60.0,12:30,13:35,target,0.6
2026-02-23,NVDA,call,ITM,market,60.0,14:00,16:00,forced,-0.2579
2026-02-24,NVDA,call,ITM,market,60.0,10:30,11:50,target,0.6
2026-02-24,NVDA,call,ITM,market,60.0,12:30,16:00,forced,0.11835
2026-02-25,NVDA,call,ITM,market,60.0,10:00,16:00,forced,-0.58104
2026-02-26,NVDA,call,ITM,market,60.0,10:30,16:00,forced,-0.19456
2026-02-27,NVDA,call,ITM,market,60.0,10:30,16:00,forced,-0.98821
2026-03-02,NVDA,call,ITM,market,60.0,10:00,16:00,forced,-0.97515
2026-03-03,NVDA,call,ITM,market,60.0,10:00,16:00,forced,-0.98967
2026-03-04,NVDA,call,ITM,market,60.0,10:00,10:35,target,0.6
2026-03-04,NVDA,call,ITM,market,60.0,11:00,11:30,target,0.6
2026-03-04,NVDA,call,ITM,market,60.0,12:30,16:00,forced,-0.03005
2026-03-05,NVDA,call,ITM,market,60.0,10:00,12:05,target,0.6
2026-03-05,NVDA,call,ITM,market,60.0,12:30,16:00,forced,-0.98395
2026-03-06,NVDA,call,ITM,market,60.0,10:00,10:45,target,0.6
2026-03-06,NVDA,call,ITM,market,60.0,11:00,12:20,target,0.6
2026-03-06,NVDA,call,ITM,market,60.0,12:30,16:00,forced,-0.91778
2026-03-09,NVDA,call,ITM,market,60.0,10:00,16:00,forced,-0.07252
2026-03-10,NVDA,call,ITM,market,60.0,10:00,16:00,forced,-0.98743
2026-03-11,NVDA,call,ITM,market,60.0,10:00,13:55,target,0.6
2026-03-11,NVDA,call,ITM,market,60.0,14:00,16:00,forced,-0.98807
2026-03-12,NVDA,call,ITM,market,60.0,10:00,14:30,target,0.6
2026-03-12,NVDA,call,ITM,market,60.0,14:30,15:20,target,0.6
2026-03-12,NVDA,call,ITM,market,60.0,15:30,16:00,forced,-0.96958
2026-03-13,NVDA,call,ITM,market,60.0,10:00,16:00,forced,-0.9767
2026-02-16,NVDA,call,ITM,market,70.0,09:35,16:00,forced,-0.98109
2026-02-17,NVDA,call,ITM,market,70.0,09:35,12:50,target,0.7
2026-02-17,NVDA,call,ITM,market,70.0,13:00,16:00,forced,-0.57482
2026-02-18,NVDA,call,ITM,market,70.0,09:35,14:00,target,0.7
2026-02-18,NVDA,call,ITM,market,70.0,14:00,15:25,target,0.7
2026-02-18,NVDA,call,ITM,market,70.0,15:30,16:00,forced,0.15744
2026-02-19,NVDA,call,ITM,market,70.0,09:35,11:50,target,0.7
2026-02-19,NVDA,call,ITM,market,70.0,12:30,16:00,forced,-0.87964
2026-02-20,NVDA,call,ITM,market,70.0,09:35,11:25,target,0.7
2026-02-20,NVDA,call,ITM,market,70.0,12:30,14:10,target,0.7
2026-02-20,NVDA,call,ITM,market,70.0,14:30,15:00,target,0.7
2026-02-20,NVDA,call,ITM,market,70.0,15:30,16:00,forced,0.04682
2026-02-23,NVDA,call,ITM,market,70.0,09:35,12:55,target,0.7
2026-02-23,NVDA,call,ITM,market,70.0,13:00,16:00,forced,-0.28024
2026-02-24,NVDA,call,ITM,market,70.0,09:35,10:05,target,0.7
2026-02-24,NVDA,call,ITM,market,70.0,10:30,12:05,target,0.7
2026-02-24,NVDA,call,ITM,market,70.0,12:30,16:00,forced,0.11835
2026-02-25,NVDA,call,ITM,market,70.0,09:35,16:00,forced,-0.97721
2026-02-26,NVDA,call,ITM,market,70.0,09:35,16:00,forced,-0.11531
2026-02-27,NVDA,call,ITM,market,70.0,09:35,16:00,forced,-0.98506
2026-03-02,NVDA,call,ITM,market,70.0,10:00,16:00,forced,-0.97515
2026-03-03,NVDA,call,ITM,market,70.0,10:00,16:00,forced,-0.98967
2026-03-04,NVDA,call,ITM,market,70.0,10:00,10:40,target,0.7
2026-03-04,NVDA,call,ITM,market,70.0,11:00,11:35,target,0.7
2026-03-04,NVDA,call,ITM,market,70.0,12:30,16:00,forced,-0.03005
2026-03-05,NVDA,call,ITM,market,70.0,10:00,16:00,forced,-0.97622
2026-03-06,NVDA,call,ITM,market,70.0,10:00,10:45,target,0.7
2026-03-06,NVDA,call,ITM,market,70.0,11:00,12:20,target,0.7
2026-03-06,NVDA,call,ITM,market,70.0,12:30,16:00,forced,-0.91778
2026-03-09,NVDA,call,ITM,market,70.0,10:00,16:00,forced,-0.07252
2026-03-10,NVDA,call,ITM,market,70.0,10:00,16:00,forced,-0.98743
2026-03-11,NVDA,call,ITM,market,70.0,10:00,13:55,target,0.7
2026-03-11,NVDA,call,ITM,market,70.0,14:00,16:00,forced,-0.98807
2026-03-12,NVDA,call,ITM,market,70.0,10:00,14:35,target,0.7
2026-03-12,NVDA,call,ITM,market,70.0,15:00,15:25,target,0.7
2026-03-12,NVDA,call,ITM,market,70.0,15:30,16:00,forced,-0.96958
2026-03-13,NVDA,call,ITM,market,70.0,10:00,16:00,forced,-0.9767
2026-02-16,NVDA,call,ITM,market,75.0,10:00,16:00,forced,-0.97911
2026-02-17,NVDA,call,ITM,market,75.0,10:00,10:20,target,0.75
2026-02-17,NVDA,call,ITM,market,75.0,10:30,13:10,target,0.75
2026-02-17,NVDA,call,ITM,market,75.0,13:30,16:00,forced,-0.65993
2026-02-18,NVDA,call,ITM,market,75.0,10:00,14:00,target,0.75
2026-02-18,NVDA,call,ITM,market,75.0,14:00,15:30,target,0.75
2026-02-18,NVDA,call,ITM,market,75.0,15:30,16:00,forced,0.15744
2026-02-19,NVDA,call,ITM,market,75.0,10:00,11:50,target,0.75
2026-02-19,NVDA,call,ITM,market,75.0,12:30,16:00,forced,-0.87964
2026-02-20,NVDA,call,ITM,market,75.0,10:00,11:25,target,0.75
2026-02-20,NVDA,call,ITM,market,75.0,12:30,14:15,target,0.75
2026-02-20,NVDA,call,ITM,market,75.0,14:30,15:00,target,0.75
2026-02-20,NVDA,call,ITM,market,75.0,15:00,16:00,forced,-0.65963
2026-02-23,NVDA,call,ITM,market,75.0,10:00,13:35,target,0.75
2026-02-23,NVDA,call,ITM,market,75.0,14:00,16:00,forced,-0.2579
2026-02-24,NVDA,call,ITM,market,75.0,10:00,12:20,target,0.75
2026-02-24,NVDA,call,ITM,market,75.0,12:30,16:00,forced,0.11835
2026-02-25,NVDA,call,ITM,market,75.0,10:00,16:00,forced,-0.58104
2026-02-26,NVDA,call,ITM,market,75.0,10:00,10:45,target,0.75
2026-02-26,NVDA,call,ITM,market,75.0,12:30,16:00,forced,-0.27031
2026-02-27,NVDA,call,ITM,market,75.0,10:00,16:00,forced,-0.9846
2026-03-02,NVDA,call,ITM,market,75.0,10:00,16:00,forced,-0.97515
2026-03-03,NVDA,call,ITM,market,75.0,10:00,16:00,forced,-0.98967
2026-03-04,NVDA,call,ITM,market,75.0,10:00,10:40,target,0.75
2026-03-04,NVDA,call,ITM,market,75.0,12:30,16:00,forced,-0.03005
2026-03-05,NVDA,call,ITM,market,75.0,10:00,16:00,forced,-0.97622
2026-03-06,NVDA,call,ITM,market,75.0,10:00,10:50,target,0.75
2026-03-06,NVDA,call,ITM,market,75.0,12:30,16:00,forced,-0.91778
2026-03-09,NVDA,call,ITM,market,75.0,10:00,16:00,forced,-0.07252
2026-03-10,NVDA,call,ITM,market,75.0,10:00,16:00,forced,-0.98743
2026-03-11,NVDA,call,ITM,market,75.0,10:00,13:55,target,0.75
2026-03-11,NVDA,call,ITM,market,75.0,14:00,16:00,forced,-0.98807
2026-03-12,NVDA,call,ITM,market,75.0,10:00,14:35,target,0.75
2026-03-12,NVDA,call,ITM,market,75.0,15:00,15:25,target,0.75
2026-03-12,NVDA,call,ITM,market,75.0,15:30,16:00,forced,-0.96958
2026-03-13,NVDA,call,ITM,market,75.0,10:00,16:00,forced,-0.9767
2026-02-16,NVDA,call,ITM,market,80.0,10:00,16:00,forced,-0.97911
2026-02-17,NVDA,call,ITM,market,80.0,10:00,10:20,target,0.8
2026-02-17,NVDA,call,ITM,market,80.0,10:30,13:10,target,0.8
2026-02-17,NVDA,call,ITM,market,80.0,13:30,16:00,forced,-0.65993
2026-02-18,NVDA,call,ITM,market,80.0,10:00,14:00,target,0.8
2026-02-18,NVDA,call,ITM,market,80.0,14:00,15:30,target,0.8
2026-02-18,NVDA,call,ITM,market,80.0,15:30,16:00,forced,0.15744
2026-02-19,NVDA,call,ITM,market,80.0,10:00,11:50,target,0.8
2026-02-19,NVDA,call,ITM,market,80.0,12:30,16:00,forced,-0.87964
2026-02-20,NVDA,call,ITM,market,80.0,10:00,11:25,target,0.8
2026-02-20,NVDA,call,ITM,market,80.0,12:30,14:40,target,0.8
2026-02-20,NVDA,call,ITM,market,80.0,15:00,16:00,forced,-0.65963
2026-02-23,NVDA,call,ITM,market,80.0,10:00,13:35,target,0.8
2026-02-23,NVDA,call,ITM,market,80.0,14:00,16:00,forced,-0.2579
2026-02-24,NVDA,call,ITM,market,80.0,10:00,12:25,target,0.8
2026-02-24,NVDA,call,ITM,market,80.0,12:30,16:00,forced,0.11835
2026-02-25,NVDA,call,ITM,market,80.0,10:00,16:00,forced,-0.58104
2026-02-26,NVDA,call,ITM,market,80.0,10:00,11:00,target,0.8
2026-02-26,NVDA,call,ITM,market,80.0,12:30,16:00,forced,-0.27031
2026-02-27,NVDA,call,ITM,market,80.0,10:00,16:00,forced,-0.9846
2026-03-02,NVDA,call,ITM,market,80.0,10:00,16:00,forced,-0.97515
2026-03-03,NVDA,call,ITM,market,80.0,10:00,16:00,forced,-0.98967
2026-03-04,NVDA,call,ITM,market,80.0,10:00,10:40,target,0.8
2026-03-04,NVDA,call,ITM,market,80.0,12:30,16:00,forced,-0.03005
2026-03-05,NVDA,call,ITM,market,80.0,10:00,16:00,forced,-0.97622
2026-03-06,NVDA,call,ITM,market,80.0,10:00,10:50,target,0.8
2026-03-06,NVDA,call,ITM,market,80.0,12:30,16:00,forced,-0.91778
2026-03-09,NVDA,call,ITM,market,80.0,10:00,16:00,forced,-0.07252
2026-03-10,NVDA,call,ITM,market,80.0,10:00,16:00,forced,-0.98743
2026-03-11,NVDA,call,ITM,market,80.0,10:00,13:55,target,0.8
2026-03-11,NVDA,call,ITM,market,80.0,14:00,16:00,forced,-0.98807
2026-03-12,NVDA,call,ITM,market,80.0,10:00,14:35,target,0.8
2026-03-12,NVDA,call,ITM,market,80.0,15:00,15:25,target,0.8
2026-03-12,NVDA,call,ITM,market,80.0,15:30,16:00,forced,-0.96958
2026-03-13,NVDA,call,ITM,market,80.0,10:00,16:00,forced,-0.9767
2026-02-16,NVDA,call,ITM,market,90.0,10:00,16:00,forced,-0.97911
2026-02-17,NVDA,call,ITM,market,90.0,10:00,10:25,target,0.9
2026-02-17,NVDA,call,ITM,market,90.0,10:30,13:15,target,0.9
2026-02-17,NVDA,call,ITM,market,90.0,13:30,16:00,forced,-0.65993
2026-02-18,NVDA,call,ITM,market,90.0,10:00,14:00,target,0.9
2026-02-18,NVDA,call,ITM,market,90.0,14:00,15:30,target,0.9
2026-02-18,NVDA,call,ITM,market,90.0,15:30,16:00,forced,0.15744
2026-02-19,NVDA,call,ITM,market,90.0,10:00,12:00,target,0.9
2026-02-19,NVDA,call,ITM,market,90.0,12:30,16:00,forced,-0.87964
2026-02-20,NVDA,call,ITM,market,90.0,10:00,14:10,target,0.9
2026-02-20,NVDA,call,ITM,market,90.0,14:30,16:00,forced,-0.00353
2026-02-23,NVDA,call,ITM,market,90.0,10:00,16:00,forced,0.19269
2026-02-24,NVDA,call,ITM,market,90.0,10:00,12:25,target,0.9
2026-02-24,NVDA,call,ITM,market,90.0,12:30,16:00,forced,0.11835
2026-02-25,NVDA,call,ITM,market,90.0,10:00,16:00,forced,-0.58104
2026-02-26,NVDA,call,ITM,market,90.0,10:00,11:00,target,0.9
2026-02-26,NVDA,call,ITM,market,90.0,12:30,16:00,forced,-0.27031
2026-02-27,NVDA,call,ITM,market,90.0,10:00,16:00,forced,-0.9846
2026-03-02,NVDA,call,ITM,market,90.0,10:00,16:00,forced,-0.97515
2026-03-03,NVDA,call,ITM,market,90.0,10:00,16:00,forced,-0.98967
2026-03-04,NVDA,call,ITM,market,90.0,10:00,10:40,target,0.9
2026-03-04,NVDA,call,ITM,market,90.0,11:30,16:00,forced,0.57222
2026-03-05,NVDA,call,ITM,market,90.0,10:00,16:00,forced,-0.97622
2026-03-06,NVDA,call,ITM,market,90.0,10:00,11:00,target,0.9
2026-03-06,NVDA,call,ITM,market,90.0,11:30,16:00,forced,-0.38708
2026-03-09,NVDA,call,ITM,market,90.0,10:00,16:00,forced,-0.07252
2026-03-10,NVDA,call,ITM,market,90.0,10:00,16:00,forced,-0.98743
2026-03-11,NVDA,call,ITM,market,90.0,10:00,13:55,target,0.9
2026-03-11,NVDA,call,ITM,market,90.0,14:00,16:00,forced,-0.98807
2026-03-12,NVDA,call,ITM,market,90.0,10:00,15:15,target,0.9
2026-03-12,NVDA,call,ITM,market,90.0,15:30,16:00,forced,-0.96958
2026-03-13,NVDA,call,ITM,market,90.0,10:00,16:00,forced,-0.9767
2026-02-16,NVDA,call,ITM,market,100.0,10:00,16:00,forced,-0.97911
2026-02-17,NVDA,call,ITM,market,100.0,10:00,10:30,target,1.0
2026-02-17,NVDA,call,ITM,market,100.0,10:30,16:00,forced,-0.12166
2026-02-18,NVDA,call,ITM,market,100.0,10:00,14:00,target,1.0
2026-02-18,NVDA,call,ITM,market,100.0,14:00,15:30,target,1.0
2026-02-18,NVDA,call,ITM,market,100.0,15:30,16:00,forced,0.15744
2026-02-19,NVDA,call,ITM,market,100.0,10:00,12:00,target,1.0
2026-02-19,NVDA,call,ITM,market,100.0,12:30,16:00,forced,-0.87964
2026-02-20,NVDA,call,ITM,market,100.0,10:00,14:40,target,1.0
2026-02-20,NVDA,call,ITM,market,100.0,15:00,16:00,forced,-0.65963
2026-02-23,NVDA,call,ITM,market,100.0,10:00,16:00,forced,0.19269
2026-02-24,NVDA,call,ITM,market,100.0,10:00,16:00,target,1.0
2026-02-25,NVDA,call,ITM,market,100.0,10:00,16:00,forced,-0.58104
2026-02-26,NVDA,call,ITM,market,100.0,10:00,11:05,target,1.0
2026-02-26,NVDA,call,ITM,market,100.0,12:30,16:00,forced,-0.27031
2026-02-27,NVDA,call,ITM,market,100.0,10:00,16:00,forced,-0.9846
2026-03-02,NVDA,call,ITM,market,100.0,10:00,16:00,forced,-0.97515
2026-03-03,NVDA,call,ITM,market,100.0,10:00,16:00,forced,-0.98967
2026-03-04,NVDA,call,ITM,market,100.0,10:00,10:40,target,1.0
2026-03-04,NVDA,call,ITM,market,100.0,12:00,16:00,forced,0.09683
2026-03-05,NVDA,call,ITM,market,100.0,10:00,16:00,forced,-0.97622
2026-03-06,NVDA,call,ITM,market,100.0,10:00,11:00,target,1.0
2026-03-06,NVDA,call,ITM,market,100.0,12:00,16:00,forced,-0.5019
2026-03-09,NVDA,call,ITM,market,100.0,10:00,16:00,forced,-0.07252
2026-03-10,NVDA,call,ITM,market,100.0,10:00,16:00,forced,-0.98743
2026-03-11,NVDA,call,ITM,market,100.0,10:00,13:55,target,1.0
2026-03-11,NVDA,call,ITM,market,100.0,14:00,16:00,forced,-0.98807
2026-03-12,NVDA,call,ITM,market,100.0,10:00,15:15,target,1.0
2026-03-12,NVDA,call,ITM,market,100.0,15:30,16:00,forced,-0.96958
2026-03-13,NVDA,call,ITM,market,100.0,10:00,16:00,forced,-0.9767
2026-02-16,NVDA,call,ATM,mid,20.0,12:30,14:20,target,0.2
2026-02-16,NVDA,call,ATM,mid,20.0,15:00,15:10,target,0.2
2026-02-16,NVDA,call,ATM,mid,20.0,15:30,16:00,forced,-0.6189
2026-02-17,NVDA,call,ATM,mid,20.0,12:30,12:40,target,0.2
2026-02-17,NVDA,call,ATM,mid,20.0,13:00,13:05,target,0.2
2026-02-17,NVDA,call,ATM,mid,20.0,15:00,15:05,target,0.2
2026-02-17,NVDA,call,ATM,mid,20.0,15:30,15:45,target,0.2
2026-02-18,NVDA,call,ATM,mid,20.0,12:30,12:55,target,0.2
2026-02-18,NVDA,call,ATM,mid,20.0,13:30,13:45,target,0.2
2026-02-18,NVDA,call,ATM,mid,20.0,15:00,15:20,target,0.2
2026-02-19,NVDA,call,ATM,mid,20.0,12:30,16:00,forced,-0.89589
2026-02-20,NVDA,call,ATM,mid,20.0,12:30,13:15,target,0.2
2026-02-20,NVDA,call,ATM,mid,20.0,13:30,13:45,target,0.2
2026-02-20,NVDA,call,ATM,mid,20.0,15:30,15:35,target,0.2
2026-02-23,NVDA,call,ATM,mid,20.0,12:30,12:50,target,0.2
2026-02-23,NVDA,call,ATM,mid,20.0,13:30,13:35,target,0.2
2026-02-23,NVDA,call,ATM,mid,20.0,15:00,15:10,target,0.2
2026-02-23,NVDA,call,ATM,mid,20.0,15:30,16:00,target,0.2
2026-02-24,NVDA,call,ATM,mid,20.0,13:30,14:05,target,0.2
2026-02-24,NVDA,call,ATM,mid,20.0,15:00,15:05,target,0.2
2026-02-25,NVDA,call,ATM,mid,20.0,09:35,16:00,forced,-0.94438
2026-02-26,NVDA,call,ATM,mid,20.0,12:30,16:00,forced,-0.92456
2026-02-27,NVDA,call,ATM,mid,20.0,12:30,12:35,target,0.2
2026-02-27,NVDA,call,ATM,mid,20.0,13:30,13:35,target,0.2
2026-02-27,NVDA,call,ATM,mid,20.0,15:00,15:10,target,0.2
2026-03-02,NVDA,call,ATM,mid,20.0,13:00,16:00,forced,-0.89981
2026-03-03,NVDA,call,ATM,mid,20.0,13:00,13:45,target,0.2
2026-03-03,NVDA,call,ATM,mid,20.0,15:30,16:00,forced,-0.33333
2026-03-04,NVDA,call,ATM,mid,20.0,10:30,10:35,target,0.2
2026-03-04,NVDA,call,ATM,mid,20.0,11:00,11:20,target,0.2
2026-03-05,NVDA,call,ATM,mid,20.0,13:00,16:00,forced,-0.92115
2026-03-06,NVDA,call,ATM,mid,20.0,13:00,16:00,forced,-0.9474
2026-03-09,NVDA,call,ATM,mid,20.0,13:00,16:00,forced,-0.89021
2026-03-10,NVDA,call,ATM,mid,20.0,13:00,16:00,forced,-0.94867
2026-03-11,NVDA,call,ATM,mid,20.0,13:00,13:05,target,0.2
2026-03-11,NVDA,call,ATM,mid,20.0,13:30,13:35,target,0.2
2026-03-11,NVDA,call,ATM,mid,20.0,15:30,16:00,forced,0.0
2026-03-12,NVDA,call,ATM,mid,20.0,13:00,13:05,target,0.2
2026-03-12,NVDA,call,ATM,mid,20.0,13:30,13:35,target,0.2
2026-03-12,NVDA,call,ATM,mid,20.0,15:30,16:00,forced,-0.93934
2026-03-13,NVDA,call,ATM,mid,20.0,10:30,16:00,forced,-0.88749
2026-02-16,NVDA,call,ATM,mid,25.0,13:30,13:35,target,0.25
2026-02-16,NVDA,call,ATM,mid,25.0,15:00,15:10,target,0.25
2026-02-16,NVDA,call,ATM,mid,25.0,15:30,16:00,forced,-0.6189
2026-02-17,NVDA,call,ATM,mid,25.0,12:30,12:40,target,0.25
2026-02-17,NVDA,call,ATM,mid,25.0,13:00,13:05,target,0.25
2026-02-17,NVDA,call,ATM,mid,25.0,15:00,15:05,target,0.25
2026-02-17,NVDA,call,ATM,mid,25.0,15:30,15:55,target,0.25
2026-02-18,NVDA,call,ATM,mid,25.0,13:30,13:45,target,0.25
2026-02-18,NVDA,call,ATM,mid,25.0,15:00,15:20,target,0.25
2026-02-19,NVDA,call,ATM,mid,25.0,13:30,14:00,target,0.25
2026-02-19,NVDA,call,ATM,mid,25.0,15:00,15:05,target,0.25
2026-02-19,NVDA,call,ATM,mid,25.0,15:30,15:50,target,0.25
2026-02-20,NVDA,call,ATM,mid,25.0,13:30,13:45,target,0.25
2026-02-20,NVDA,call,ATM,mid,25.0,15:30,15:35,target,0.25
2026-02-23,NVDA,call,ATM,mid,25.0,13:30,16:00,forced,-0.9275
2026-02-24,NVDA,call,ATM,mid,25.0,13:30,14:05,target,0.25
2026-02-24,NVDA,call,ATM,mid,25.0,15:00,15:05,target,0.25
2026-02-25,NVDA,call,ATM,mid,25.0,09:35,16:00,forced,-0.94438
2026-02-26,NVDA,call,ATM,mid,25.0,13:30,15:50,target,0.25
2026-02-27,NVDA,call,ATM,mid,25.0,13:30,13:35,target,0.25
2026-02-27,NVDA,call,ATM,mid,25.0,15:00,15:10,target,0.25
2026-03-02,NVDA,call,ATM,mid,25.0,13:00,16:00,forced,-0.89981
2026-03-03,NVDA,call,ATM,mid,25.0,13:00,13:45,target,0.25
2026-03-03,NVDA,call,ATM,mid,25.0,15:30,16:00,forced,-0.33333
2026-03-04,NVDA,call,ATM,mid,25.0,10:30,10:35,target,0.25
2026-03-04,NVDA,call,ATM,mid,25.0,11:00,11:20,target,0.25
2026-03-05,NVDA,call,ATM,mid,25.0,13:00,16:00,forced,-0.92115
2026-03-06,NVDA,call,ATM,mid,25.0,13:00,16:00,forced,-0.9474
2026-03-09,NVDA,call,ATM,mid,25.0,13:00,16:00,forced,-0.89021
2026-03-10,NVDA,call,ATM,mid,25.0,13:00,16:00,forced,-0.94867
2026-03-11,NVDA,call,ATM,mid,25.0,13:00,13:05,target,0.25
2026-03-11,NVDA,call,ATM,mid,25.0,13:30,13:35,target,0.25
2026-03-11,NVDA,call,ATM,mid,25.0,15:30,16:00,forced,0.0
2026-03-12,NVDA,call,ATM,mid,25.0,13:00,13:05,target,0.25
2026-03-12,NVDA,call,ATM,mid,25.0,13:30,13:35,target,0.25
2026-03-12,NVDA,call,ATM,mid,25.0,15:30,16:00,forced,-0.93934
2026-03-13,NVDA,call,ATM,mid,25.0,10:30,16:00,forced,-0.88749
2026-02-16,NVDA,call,ATM,mid,30.0,13:30,13:35,target,0.3
2026-02-16,NVDA,call,ATM,mid,30.0,15:00,15:10,target,0.3
2026-02-16,NVDA,call,ATM,mid,30.0,15:30,16:00,forced,-0.6189
2026-02-17,NVDA,call,ATM,mid,30.0,12:30,12:40,target,0.3
2026-02-17,NVDA,call,ATM,mid,30.0,13:00,13:05,target,0.3
2026-02-17,NVDA,call,ATM,mid,30.0,15:00,15:05,target,0.3
2026-02-17,NVDA,call,ATM,mid,30.0,15:30,15:55,target,0.3
2026-02-18,NVDA,call,ATM,mid,30.0,13:30,13:45,target,0.3
2026-02-18,NVDA,call,ATM,mid,30.0,15:00,15:20,target,0.3
2026-02-19,NVDA,call,ATM,mid,30.0,13:30,14:00,target,0.3
2026-02-19,NVDA,call,ATM,mid,30.0,15:00,15:05,target,0.3
2026-02-19,NVDA,call,ATM,mid,30.0,15:30,15:50,target,0.3
2026-02-20,NVDA,call,ATM,mid,30.0,13:30,13:45,target,0.3
2026-02-20,NVDA,call,ATM,mid,30.0,14:00,14:10,target,0.3
2026-02-20,NVDA,call,ATM,mid,30.0,15:30,15:35,target,0.3
2026-02-23,NVDA,call,ATM,mid,30.0,13:30,16:00,forced,-0.9275
2026-02-24,NVDA,call,ATM,mid,30.0,13:30,14:15,target,0.3
2026-02-24,NVDA,call,ATM,mid,30.0,15:00,15:05,target,0.3
2026-02-25,NVDA,call,ATM,mid,30.0,09:35,16:00,forced,-0.94438
2026-02-26,NVDA,call,ATM,mid,30.0,13:30,15:50,target,0.3
2026-02-27,NVDA,call,ATM,mid,30.0,13:30,13:35,target,0.3
2026-02-27,NVDA,call,ATM,mid,30.0,15:00,15:10,target,0.3
2026-03-02,NVDA,call,ATM,mid,30.0,13:00,16:00,forced,-0.89981
2026-03-03,NVDA,call,ATM,mid,30.0,13:00,13:45,target,0.3
2026-03-03,NVDA,call,ATM,mid,30.0,14:00,16:00,forced,-0.89882
2026-03-04,NVDA,call,ATM,mid,30.0,09:35,10:20,target,0.3
2026-03-04,NVDA,call,ATM,mid,30.0,10:30,10:35,target,0.3
2026-03-04,NVDA,call,ATM,mid,30.0,11:00,11:20,target,0.3
2026-03-05,NVDA,call,ATM,mid,30.0,13:00,16:00,forced,-0.92115
2026-03-06,NVDA,call,ATM,mid,30.0,13:00,16:00,forced,-0.9474
2026-03-09,NVDA,call,ATM,mid,30.0,13:00,16:00,forced,-0.89021
2026-03-10,NVDA,call,ATM,mid,30.0,13:00,16:00,forced,-0.94867
2026-03-11,NVDA,call,ATM,mid,30.0,13:00,13:05,target,0.3
2026-03-11,NVDA,call,ATM,mid,30.0,13:30,13:35,target,0.3
2026-03-11,NVDA,call,ATM,mid,30.0,14:00,16:00,forced,-0.90803
2026-03-12,NVDA,call,ATM,mid,30.0,13:00,13:05,target,0.3
2026-03-12,NVDA,call,ATM,mid,30.0,13:30,13:35,target,0.3
2026-03-12,NVDA,call,ATM,mid,30.0,14:00,14:35,target,0.3
2026-03-12,NVDA,call,ATM,mid,30.0,15:30,16:00,forced,-0.93934
2026-03-13,NVDA,call,ATM,mid,30.0,09:35,09:40,target,0.3
2026-03-13,NVDA,call,ATM,mid,30.0,10:30,16:00,forced,-0.88749
2026-02-16,NVDA,call,ATM,mid,40.0,13:30,13:50,target,0.4
2026-02-16,NVDA,call,ATM,mid,40.0,15:00,15:10,target,0.4
2026-02-16,NVDA,call,ATM,mid,40.0,15:30,16:00,forced,-0.6189
2026-02-17,NVDA,call,ATM,mid,40.0,12:30,12:40,target,0.4
2026-02-17,NVDA,call,ATM,mid,40.0,13:00,13:05,target,0.4
2026-02-17,NVDA,call,ATM,mid,40.0,15:00,15:05,target,0.4
2026-02-17,NVDA,call,ATM,mid,40.0,15:30,15:55,target,0.4
2026-02-18,NVDA,call,ATM,mid,40.0,13:30,13:45,target,0.4
2026-02-18,NVDA,call,ATM,mid,40.0,15:00,15:20,target,0.4
2026-02-19,NVDA,call,ATM,mid,40.0,13:30,14:00,target,0.4
2026-02-19,NVDA,call,ATM,mid,40.0,15:00,15:05,target,0.4
2026-02-19,NVDA,call,ATM,mid,40.0,15:30,15:50,target,0.4
2026-02-20,NVDA,call,ATM,mid,40.0,13:30,13:45,target,0.4
2026-02-20,NVDA,call,ATM,mid,40.0,15:30,15:35,target,0.4
2026-02-23,NVDA,call,ATM,mid,40.0,13:30,16:00,forced,-0.9275
2026-02-24,NVDA,call,ATM,mid,40.0,13:30,14:15,target,0.4
2026-02-24,NVDA,call,ATM,mid,40.0,15:00,15:05,target,0.4
2026-02-25,NVDA,call,ATM,mid,40.0,09:35,16:00,forced,-0.94438
2026-02-26,NVDA,call,ATM,mid,40.0,13:30,15:55,target,0.4
2026-02-27,NVDA,call,ATM,mid,40.0,13:30,13:35,target,0.4
2026-02-27,NVDA,call,ATM,mid,40.0,15:00,15:10,target,0.4
2026-03-02,NVDA,call,ATM,mid,40.0,13:00,16:00,forced,-0.89981
2026-03-03,NVDA,call,ATM,mid,40.0,13:00,13:45,target,0.4
2026-03-03,NVDA,call,ATM,mid,40.0,14:00,16:00,forced,-0.89882
2026-03-04,NVDA,call,ATM,mid,40.0,10:30,10:35,target,0.4
2026-03-04,NVDA,call,ATM,mid,40.0,11:00,11:20,target,0.4
2026-03-05,NVDA,call,ATM,mid,40.0,13:00,16:00,forced,-0.92115
2026-03-06,NVDA,call,ATM,mid,40.0,13:00,16:00,forced,-0.9474
2026-03-09,NVDA,call,ATM,mid,40.0,13:00,16:00,forced,-0.89021
2026-03-10,NVDA,call,ATM,mid,40.0,13:00,16:00,forced,-0.94867
2026-03-11,NVDA,call,ATM,mid,40.0,13:00,13:15,target,0.4
2026-03-11,NVDA,call,ATM,mid,40.0,13:30,13:35,target,0.4
2026-03-11,NVDA,call,ATM,mid,40.0,14:00,16:00,forced,-0.90803
2026-03-12,NVDA,call,ATM,mid,40.0,13:00,13:05,target,0.4
2026-03-12,NVDA,call,ATM,mid,40.0,13:30,13:35,target,0.4
2026-03-12,NVDA,call,ATM,mid,40.0,14:00,14:35,target,0.4
2026-03-12,NVDA,call,ATM,mid,40.0,15:30,16:00,forced,-0.93934
2026-03-13,NVDA,call,ATM,mid,40.0,10:30,16:00,forced,-0.88749
2026-02-16,NVDA,call,ATM,mid,50.0,13:30,14:15,target,0.5
2026-02-16,NVDA,call,ATM,mid,50.0,15:00,15:10,target,0.5
2026-02-16,NVDA,call,ATM,mid,50.0,15:30,16:00,forced,-0.6189
2026-02-17,NVDA,call,ATM,mid,50.0,12:30,12:40,target,0.5
2026-02-17,NVDA,call,ATM,mid,50.0,13:00,13:05,target,0.5
2026-02-17,NVDA,call,ATM,mid,50.0,15:00,15:05,target,0.5
2026-02-17,NVDA,call,ATM,mid,50.0,15:30,15:55,target,0.5
2026-02-18,NVDA,call,ATM,mid,50.0,13:30,13:45,target,0.5
2026-02-18,NVDA,call,ATM,mid,50.0,15:00,15:20,target,0.5
2026-02-19,NVDA,call,ATM,mid,50.0,13:30,14:00,target,0.5
2026-02-19,NVDA,call,ATM,mid,50.0,15:00,15:05,target,0.5
2026-02-19,NVDA,call,ATM,mid,50.0,15:30,15:50,target,0.5
2026-02-20,NVDA,call,ATM,mid,50.0,13:30,13:45,target,0.5
2026-02-20,NVDA,call,ATM,mid,50.0,15:30,15:35,target,0.5
2026-02-23,NVDA,call,ATM,mid,50.0,13:30,16:00,forced,-0.9275
2026-02-24,NVDA,call,ATM,mid,50.0,13:30,14:15,target,0.5
2026-02-24,NVDA,call,ATM,mid,50.0,15:00,15:05,target,0.5
2026-02-25,NVDA,call,ATM,mid,50.0,09:35,16:00,forced,-0.94438
2026-02-26,NVDA,call,ATM,mid,50.0,13:30,15:55,target,0.5
2026-02-27,NVDA,call,ATM,mid,50.0,13:30,13:35,target,0.5
2026-02-27,NVDA,call,ATM,mid,50.0,15:00,15:10,target,0.5
2026-03-02,NVDA,call,ATM,mid,50.0,13:00,16:00,forced,-0.89981
2026-03-03,NVDA,call,ATM,mid,50.0,13:00,13:45,target,0.5
2026-03-03,NVDA,call,ATM,mid,50.0,14:00,16:00,forced,-0.89882
2026-03-04,NVDA,call,ATM,mid,50.0,10:30,10:35,target,0.5
2026-03-04,NVDA,call,ATM,mid,50.0,11:00,11:25,target,0.5
2026-03-05,NVDA,call,ATM,mid,50.0,13:00,16:00,forced,-0.92115
2026-03-06,NVDA,call,ATM,mid,50.0,13:00,16:00,forced,-0.9474
2026-03-09,NVDA,call,ATM,mid,50.0,13:00,16:00,forced,-0.89021
2026-03-10,NVDA,call,ATM,mid,50.0,13:00,16:00,forced,-0.94867
2026-03-11,NVDA,call,ATM,mid,50.0,13:00,13:15,target,0.5
2026-03-11,NVDA,call,ATM,mid,50.0,13:30,13:35,target,0.5
2026-03-11,NVDA,call,ATM,mid,50.0,14:00,16:00,forced,-0.90803
2026-03-12,NVDA,call,ATM,mid,50.0,13:00,13:05,target,0.5
2026-03-12,NVDA,call,ATM,mid,50.0,13:30,13:35,target,0.5
2026-03-12,NVDA,call,ATM,mid,50.0,14:00,14:35,target,0.5
2026-03-12,NVDA,call,ATM,mid,50.0,15:30,16:00,forced,-0.93934
2026-03-13,NVDA,call,ATM,mid,50.0,10:30,16:00,forced,-0.88749
2026-02-16,NVDA,call,ATM,mid,60.0,12:30,14:25,target,0.6
2026-02-16,NVDA,call,ATM,mid,60.0,15:00,16:00,forced,-0.94107
2026-02-17,NVDA,call,ATM,mid,60.0,12:30,12:40,target,0.6
2026-02-17,NVDA,call,ATM,mid,60.0,13:00,13:05,target,0.6
2026-02-17,NVDA,call,ATM,mid,60.0,15:00,15:05,target,0.6
2026-02-17,NVDA,call,ATM,mid,60.0,15:30,16:00,forced,-0.74574
2026-02-18,NVDA,call,ATM,mid,60.0,12:30,12:55,target,0.6
2026-02-18,NVDA,call,ATM,mid,60.0,13:30,13:45,target,0.6
2026-02-18,NVDA,call,ATM,mid,60.0,15:00,15:20,target,0.6
2026-02-19,NVDA,call,ATM,mid,60.0,12:30,16:00,forced,-0.89589
2026-02-20,NVDA,call,ATM,mid,60.0,12:30,13:15,target,0.6
2026-02-20,NVDA,call,ATM,mid,60.0,13:30,13:45,target,0.6
2026-02-20,NVDA,call,ATM,mid,60.0,15:30,15:35,target,0.6
2026-02-23,NVDA,call,ATM,mid,60.0,12:30,12:55,target,0.6
2026-02-23,NVDA,call,ATM,mid,60.0,13:30,16:00,forced,-0.9275
2026-02-24,NVDA,call,ATM,mid,60.0,13:30,14:15,target,0.6
2026-02-24,NVDA,call,ATM,mid,60.0,15:00,15:05,target,0.6
2026-02-25,NVDA,call,ATM,mid,60.0,10:30,14:45,target,0.6
2026-02-25,NVDA,call,ATM,mid,60.0,15:00,15:45,target,0.6
2026-02-26,NVDA,call,ATM,mid,60.0,12:30,16:00,forced,-0.92456
2026-02-27,NVDA,call,ATM,mid,60.0,12:30,12:35,target,0.6
2026-02-27,NVDA,call,ATM,mid,60.0,13:30,13:40,target,0.6
2026-02-27,NVDA,call,ATM,mid,60.0,15:00,15:10,target,0.6
2026-03-02,NVDA,call,ATM,mid,60.0,13:00,16:00,forced,-0.89981
2026-03-03,NVDA,call,ATM,mid,60.0,13:00,13:45,target,0.6
2026-03-03,NVDA,call,ATM,mid,60.0,14:00,16:00,forced,-0.89882
2026-03-04,NVDA,call,ATM,mid,60.0,10:30,10:35,target,0.6
2026-03-04,NVDA,call,ATM,mid,60.0,11:00,11:25,target,0.6
2026-03-05,NVDA,call,ATM,mid,60.0,13:00,16:00,forced,-0.92115
2026-03-06,NVDA,call,ATM,mid,60.0,13:00,16:00,forced,-0.9474
2026-03-09,NVDA,call,ATM,mid,60.0,13:00,16:00,forced,-0.89021
2026-03-10,NVDA,call,ATM,mid,60.0,13:00,16:00,forced,-0.94867
2026-03-11,NVDA,call,ATM,mid,60.0,13:00,13:50,target,0.6
2026-03-11,NVDA,call,ATM,mid,60.0,14:00,16:00,forced,-0.90803
2026-03-12,NVDA,call,ATM,mid,60.0,13:00,13:05,target,0.6
2026-03-12,NVDA,call,ATM,mid,60.0,13:30,13:35,target,0.6
2026-03-12,NVDA,call,ATM,mid,60.0,14:00,14:35,target,0.6
2026-03-12,NVDA,call,ATM,mid,60.0,15:00,15:15,target,0.6
2026-03-12,NVDA,call,ATM,mid,60.0,15:30,16:00,forced,-0.93934
2026-03-13,NVDA,call,ATM,mid,60.0,10:30,16:00,forced,-0.88749
2026-02-16,NVDA,call,ATM,mid,70.0,13:30,14:20,target,0.7
2026-02-16,NVDA,call,ATM,mid,70.0,15:00,16:00,forced,-0.94107
2026-02-17,NVDA,call,ATM,mid,70.0,12:30,12:40,target,0.7
2026-02-17,NVDA,call,ATM,mid,70.0,13:00,13:05,target,0.7
2026-02-17,NVDA,call,ATM,mid,70.0,15:00,15:05,target,0.7
2026-02-17,NVDA,call,ATM,mid,70.0,15:30,16:00,forced,-0.74574
2026-02-18,NVDA,call,ATM,mid,70.0,13:30,13:45,target,0.7
2026-02-18,NVDA,call,ATM,mid,70.0,15:00,15:20,target,0.7
2026-02-19,NVDA,call,ATM,mid,70.0,13:30,14:05,target,0.7
2026-02-19,NVDA,call,ATM,mid,70.0,15:00,15:05,target,0.7
2026-02-19,NVDA,call,ATM,mid,70.0,15:30,15:50,target,0.7
2026-02-20,NVDA,call,ATM,mid,70.0,13:30,13:45,target,0.7
2026-02-20,NVDA,call,ATM,mid,70.0,14:00,14:10,target,0.7
2026-02-20,NVDA,call,ATM,mid,70.0,15:30,16:00,forced,-0.63794
2026-02-23,NVDA,call,ATM,mid,70.0,13:30,16:00,forced,-0.9275
2026-02-24,NVDA,call,ATM,mid,70.0,13:30,14:15,target,0.7
2026-02-24,NVDA,call,ATM,mid,70.0,15:00,15:05,target,0.7
2026-02-25,NVDA,call,ATM,mid,70.0,10:30,14:50,target,0.7
2026-02-25,NVDA,call,ATM,mid,70.0,15:00,15:45,target,0.7
2026-02-26,NVDA,call,ATM,mid,70.0,13:30,15:55,target,0.7
2026-02-27,NVDA,call,ATM,mid,70.0,13:30,13:40,target,0.7
2026-02-27,NVDA,call,ATM,mid,70.0,15:00,15:10,target,0.7
2026-03-02,NVDA,call,ATM,mid,70.0,13:00,16:00,forced,-0.89981
2026-03-03,NVDA,call,ATM,mid,70.0,13:00,13:45,target,0.7
2026-03-03,NVDA,call,ATM,mid,70.0,14:00,16:00,forced,-0.89882
2026-03-04,NVDA,call,ATM,mid,70.0,10:30,10:35,target,0.7
2026-03-04,NVDA,call,ATM,mid,70.0,11:00,11:25,target,0.7
2026-03-05,NVDA,call,ATM,mid,70.0,13:00,16:00,forced,-0.92115
2026-03-06,NVDA,call,ATM,mid,70.0,13:00,16:00,forced,-0.9474
2026-03-09,NVDA,call,ATM,mid,70.0,13:00,16:00,forced,-0.89021
2026-03-10,NVDA,call,ATM,mid,70.0,13:00,16:00,forced,-0.94867
2026-03-11,NVDA,call,ATM,mid,70.0,13:00,13:50,target,0.7
2026-03-11,NVDA,call,ATM,mid,70.0,14:00,16:00,forced,-0.90803
2026-03-12,NVDA,call,ATM,mid,70.0,13:00,13:15,target,0.7
2026-03-12,NVDA,call,ATM,mid,70.0,13:30,13:35,target,0.7
2026-03-12,NVDA,call,ATM,mid,70.0,14:00,14:35,target,0.7
2026-03-12,NVDA,call,ATM,mid,70.0,15:00,15:15,target,0.7
2026-03-12,NVDA,call,ATM,mid,70.0,15:30,16:00,forced,-0.93934
2026-03-13,NVDA,call,ATM,mid,70.0,10:30,16:00,forced,-0.88749
2026-02-16,NVDA,call,ATM,mid,75.0,13:30,14:20,target,0.75
2026-02-16,NVDA,call,ATM,mid,75.0,15:00,16:00,forced,-0.94107
2026-02-17,NVDA,call,ATM,mid,75.0,12:30,12:40,target,0.75
2026-02-17,NVDA,call,ATM,mid,75.0,13:00,13:05,target,0.75
2026-02-17,NVDA,call,ATM,mid,75.0,15:00,15:05,target,0.75
2026-02-17,NVDA,call,ATM,mid,75.0,15:30,16:00,forced,-0.74574
2026-02-18,NVDA,call,ATM,mid,75.0,13:30,13:45,target,0.75
2026-02-18,NVDA,call,ATM,mid,75.0,15:00,15:20,target,0.75
2026-02-19,NVDA,call,ATM,mid,75.0,13:30,14:05,target,0.75
2026-02-19,NVDA,call,ATM,mid,75.0,15:00,15:05,target,0.75
2026-02-19,NVDA,call,ATM,mid,75.0,15:30,15:50,target,0.75
2026-02-20,NVDA,call,ATM,mid,75.0,13:30,13:45,target,0.75
2026-02-20,NVDA,call,ATM,mid,75.0,14:00,14:10,target,0.75
2026-02-20,NVDA,call,ATM,mid,75.0,14:30,14:35,target,0.75
2026-02-20,NVDA,call,ATM,mid,75.0,15:30,16:00,forced,-0.63794
2026-02-23,NVDA,call,ATM,mid,75.0,13:30,16:00,forced,-0.9275
2026-02-24,NVDA,call,ATM,mid,75.0,13:30,14:15,target,0.75
2026-02-24,NVDA,call,ATM,mid,75.0,15:00,15:05,target,0.75
2026-02-25,NVDA,call,ATM,mid,75.0,15:00,15:45,target,0.75
2026-02-26,NVDA,call,ATM,mid,75.0,13:30,16:00,forced,-0.06808
2026-02-27,NVDA,call,ATM,mid,75.0,13:30,13:40,target,0.75
2026-02-27,NVDA,call,ATM,mid,75.0,15:00,15:10,target,0.75
2026-03-02,NVDA,call,ATM,mid,75.0,13:00,16:00,forced,-0.89981
2026-03-03,NVDA,call,ATM,mid,75.0,13:00,13:45,target,0.75
2026-03-03,NVDA,call,ATM,mid,75.0,14:00,16:00,forced,-0.89882
2026-03-04,NVDA,call,ATM,mid,75.0,10:30,10:35,target,0.75
2026-03-04,NVDA,call,ATM,mid,75.0,11:00,11:25,target,0.75
2026-03-05,NVDA,call,ATM,mid,75.0,13:00,16:00,forced,-0.92115
2026-03-06,NVDA,call,ATM,mid,75.0,13:00,16:00,forced,-0.9474
2026-03-09,NVDA,call,ATM,mid,75.0,13:00,16:00,forced,-0.89021
2026-03-10,NVDA,call,ATM,mid,75.0,13:00,16:00,forced,-0.94867
2026-03-11,NVDA,call,ATM,mid,75.0,13:00,13:50,target,0.75
2026-03-11,NVDA,call,ATM,mid,75.0,14:00,16:00,forced,-0.90803
2026-03-12,NVDA,call,ATM,mid,75.0,13:00,13:15,target,0.75
2026-03-12,NVDA,call,ATM,mid,75.0,13:30,13:35,target,0.75
2026-03-12,NVDA,call,ATM,mid,75.0,14:00,14:35,target,0.75
2026-03-12,NVDA,call,ATM,mid,75.0,15:00,15:15,target,0.75
2026-03-12,NVDA,call,ATM,mid,75.0,15:30,16:00,forced,-0.93934
2026-03-13,NVDA,call,ATM,mid,75.0,10:30,16:00,forced,-0.88749
2026-02-16,NVDA,call,ATM,mid,80.0,13:30,14:20,target,0.8
2026-02-16,NVDA,call,ATM,mid,80.0,15:00,16:00,forced,-0.94107
2026-02-17,NVDA,call,ATM,mid,80.0,12:30,12:40,target,0.8
2026-02-17,NVDA,call,ATM,mid,80.0,13:00,13:05,target,0.8
2026-02-17,NVDA,call,ATM,mid,80.0,15:00,15:05,target,0.8
2026-02-17,NVDA,call,ATM,mid,80.0,15:30,16:00,forced,-0.74574
2026-02-18,NVDA,call,ATM,mid,80.0,13:30,13:45,target,0.8
2026-02-18,NVDA,call,ATM,mid,80.0,15:00,15:20,target,0.8
2026-02-19,NVDA,call,ATM,mid,80.0,13:30,14:05,target,0.8
2026-02-19,NVDA,call,ATM,mid,80.0,15:00,15:05,target,0.8
2026-02-19,NVDA,call,ATM,mid,80.0,15:30,15:50,target,0.8
2026-02-20,NVDA,call,ATM,mid,80.0,13:30,13:45,target,0.8
2026-02-20,NVDA,call,ATM,mid,80.0,14:00,14:10,target,0.8
2026-02-20,NVDA,call,ATM,mid,80.0,14:30,14:35,target,0.8
2026-02-20,NVDA,call,ATM,mid,80.0,15:30,16:00,forced,-0.63794
2026-02-23,NVDA,call,ATM,mid,80.0,13:30,16:00,forced,-0.9275
2026-02-24,NVDA,call,ATM,mid,80.0,13:30,14:15,target,0.8
2026-02-24,NVDA,call,ATM,mid,80.0,15:00,15:05,target,0.8
2026-02-25,NVDA,call,ATM,mid,80.0,15:00,15:45,target,0.8
2026-02-26,NVDA,call,ATM,mid,80.0,13:30,16:00,forced,-0.06808
2026-02-27,NVDA,call,ATM,mid,80.0,13:30,13:40,target,0.8
2026-02-27,NVDA,call,ATM,mid,80.0,15:00,15:10,target,0.8
2026-03-02,NVDA,call,ATM,mid,80.0,13:00,16:00,forced,-0.89981
2026-03-03,NVDA,call,ATM,mid,80.0,13:00,13:45,target,0.8
2026-03-03,NVDA,call,ATM,mid,80.0,14:00,16:00,forced,-0.89882
2026-03-04,NVDA,call,ATM,mid,80.0,10:30,10:35,target,0.8
2026-03-04,NVDA,call,ATM,mid,80.0,11:00,11:25,target,0.8
2026-03-05,NVDA,call,ATM,mid,80.0,13:00,16:00,forced,-0.92115
2026-03-06,NVDA,call,ATM,mid,80.0,13:00,16:00,forced,-0.9474
2026-03-09,NVDA,call,ATM,mid,80.0,13:00,16:00,forced,-0.89021
2026-03-10,NVDA,call,ATM,mid,80.0,13:00,16:00,forced,-0.94867
2026-03-11,NVDA,call,ATM,mid,80.0,13:00,13:50,target,0.8
2026-03-11,NVDA,call,ATM,mid,80.0,14:00,16:00,forced,-0.90803
2026-03-12,NVDA,call,ATM,mid,80.0,13:00,13:25,target,0.8
2026-03-12,NVDA,call,ATM,mid,80.0,13:30,13:35,target,0.8
2026-03-12,NVDA,call,ATM,mid,80.0,14:00,14:35,target,0.8
2026-03-12,NVDA,call,ATM,mid,80.0,15:00,15:15,target,0.8
2026-03-12,NVDA,call,ATM,mid,80.0,15:30,16:00,forced,-0.93934
2026-03-13,NVDA,call,ATM,mid,80.0,10:30,16:00,forced,-0.88749
2026-02-16,NVDA,call,ATM,mid,90.0,13:30,14:20,target,0.9
2026-02-16,NVDA,call,ATM,mid,90.0,15:00,16:00,forced,-0.94107
2026-02-17,NVDA,call,ATM,mid,90.0,12:30,12:45,target,0.9
2026-02-17,NVDA,call,ATM,mid,90.0,13:00,13:05,target,0.9
2026-02-17,NVDA,call,ATM,mid,90.0,14:00,16:00,forced,-0.94688
2026-02-18,NVDA,call,ATM,mid,90.0,13:30,13:45,target,0.9
2026-02-18,NVDA,call,ATM,mid,90.0,14:00,14:10,target,0.9
2026-02-18,NVDA,call,ATM,mid,90.0,15:00,15:20,target,0.9
2026-02-19,NVDA,call,ATM,mid,90.0,13:30,14:05,target,0.9
2026-02-19,NVDA,call,ATM,mid,90.0,15:00,15:05,target,0.9
2026-02-19,NVDA,call,ATM,mid,90.0,15:30,15:50,target,0.9
2026-02-20,NVDA,call,ATM,mid,90.0,13:30,14:00,target,0.9
2026-02-20,NVDA,call,ATM,mid,90.0,14:00,14:10,target,0.9
2026-02-20,NVDA,call,ATM,mid,90.0,15:30,16:00,forced,-0.63794
2026-02-23,NVDA,call,ATM,mid,90.0,13:30,16:00,forced,-0.9275
2026-02-24,NVDA,call,ATM,mid,90.0,13:30,14:15,target,0.9
2026-02-24,NVDA,call,ATM,mid,90.0,15:00,15:05,target,0.9
2026-02-25,NVDA,call,ATM,mid,90.0,09:35,16:00,forced,-0.94438
2026-02-26,NVDA,call,ATM,mid,90.0,13:30,16:00,forced,-0.06808
2026-02-27,NVDA,call,ATM,mid,90.0,13:30,16:00,forced,-0.8753
2026-03-02,NVDA,call,ATM,mid,90.0,13:00,16:00,forced,-0.89981
2026-03-03,NVDA,call,ATM,mid,90.0,13:00,13:45,target,0.9
2026-03-03,NVDA,call,ATM,mid,90.0,14:00,16:00,forced,-0.89882
2026-03-04,NVDA,call,ATM,mid,90.0,10:30,10:35,target,0.9
2026-03-04,NVDA,call,ATM,mid,90.0,11:00,11:30,target,0.9
2026-03-05,NVDA,call,ATM,mid,90.0,13:00,16:00,forced,-0.92115
2026-03-06,NVDA,call,ATM,mid,90.0,13:00,16:00,forced,-0.9474
2026-03-09,NVDA,call,ATM,mid,90.0,13:00,16:00,forced,-0.89021
2026-03-10,NVDA,call,ATM,mid,90.0,13:00,16:00,forced,-0.94867
2026-03-11,NVDA,call,ATM,mid,90.0,13:00,13:50,target,0.9
2026-03-11,NVDA,call,ATM,mid,90.0,14:00,16:00,forced,-0.90803
2026-03-12,NVDA,call,ATM,mid,90.0,13:00,13:35,target,0.9
2026-03-12,NVDA,call,ATM,mid,90.0,14:00,14:35,target,0.9
2026-03-12,NVDA,call,ATM,mid,90.0,15:00,15:15,target,0.9
2026-03-12,NVDA,call,ATM,mid,90.0,15:30,16:00,forced,-0.93934
2026-03-13,NVDA,call,ATM,mid,90.0,10:30,16:00,forced,-0.88749
2026-02-16,NVDA,call,ATM,mid,100.0,12:30,14:25,target,1.0
2026-02-16,NVDA,call,ATM,mid,100.0,15:00,16:00,forced,-0.94107
2026-02-17,NVDA,call,ATM,mid,100.0,12:30,12:50,target,1.0
2026-02-17,NVDA,call,ATM,mid,100.0,13:00,13:05,target,1.0
2026-02-17,NVDA,call,ATM,mid,100.0,14:00,16:00,forced,-0.94688
2026-02-18,NVDA,call,ATM,mid,100.0,12:30,13:00,target,1.0
2026-02-18,NVDA,call,ATM,mid,100.0,13:30,13:45,target,1.0
2026-02-18,NVDA,call,ATM,mid,100.0,14:00,14:10,target,1.0
2026-02-18,NVDA,call,ATM,mid,100.0,15:00,15:20,target,1.0
2026-02-19,NVDA,call,ATM,mid,100.0,12:30,16:00,forced,-0.89589
2026-02-20,NVDA,call,ATM,mid,100.0,12:30,14:10,target,1.0
2026-02-20,NVDA,call,ATM,mid,100.0,14:30,14:35,target,1.0
2026-02-20,NVDA,call,ATM,mid,100.0,15:30,16:00,forced,-0.63794
2026-02-23,NVDA,call,ATM,mid,100.0,12:30,12:55,target,1.0
2026-02-23,NVDA,call,ATM,mid,100.0,13:30,16:00,forced,-0.9275
2026-02-24,NVDA,call,ATM,mid,100.0,13:30,14:15,target,1.0
2026-02-24,NVDA,call,ATM,mid,100.0,15:00,15:05,target,1.0
2026-02-25,NVDA,call,ATM,mid,100.0,09:35,16:00,forced,-0.94438
2026-02-26,NVDA,call,ATM,mid,100.0,12:30,16:00,forced,-0.92456
2026-02-27,NVDA,call,ATM,mid,100.0,12:30,12:35,target,1.0
2026-02-27,NVDA,call,ATM,mid,100.0,13:30,16:00,forced,-0.8753
2026-03-02,NVDA,call,ATM,mid,100.0,13:00,16:00,forced,-0.89981
2026-03-03,NVDA,call,ATM,mid,100.0,13:00,13:45,target,1.0
2026-03-03,NVDA,call,ATM,mid,100.0,14:00,16:00,forced,-0.89882
2026-03-04,NVDA,call,ATM,mid,100.0,10:30,10:35,target,1.0
2026-03-04,NVDA,call,ATM,mid,100.0,11:00,11:30,target,1.0
2026-03-05,NVDA,call,ATM,mid,100.0,13:00,16:00,forced,-0.92115
2026-03-06,NVDA,call,ATM,mid,100.0,13:00,16:00,forced,-0.9474
2026-03-09,NVDA,call,ATM,mid,100.0,13:00,16:00,forced,-0.89021
2026-03-10,NVDA,call,ATM,mid,100.0,13:00,16:00,forced,-0.94867
2026-03-11,NVDA,call,ATM,mid,100.0,13:00,13:50,target,1.0
2026-03-11,NVDA,call,ATM,mid,100.0,14:00,16:00,forced,-0.90803
2026-03-12,NVDA,call,ATM,mid,100.0,13:00,13:35,target,1.0
2026-03-12,NVDA,call,ATM,mid,100.0,14:00,15:15,target,1.0
2026-03-12,NVDA,call,ATM,mid,100.0,15:30,16:00,forced,-0.93934
2026-03-13,NVDA,call,ATM,mid,100.0,10:30,16:00,forced,-0.88749
2026-02-16,NVDA,call,ATM,market,20.0,13:30,13:35,target,0.2
2026-02-16,NVDA,call,ATM,market,20.0,15:00,15:10,target,0.2
2026-02-16,NVDA,call,ATM,market,20.0,15:30,16:00,forced,-0.63378
2026-02-17,NVDA,call,ATM,market,20.0,12:30,12:40,target,0.2
2026-02-17,NVDA,call,ATM,market,20.0,13:00,13:05,target,0.2
2026-02-17,NVDA,call,ATM,market,20.0,15:00,15:05,target,0.2
2026-02-17,NVDA,call,ATM,market,20.0,15:30,15:55,target,0.2
2026-02-18,NVDA,call,ATM,market,20.0,13:30,13:45,target,0.2
2026-02-18,NVDA,call,ATM,market,20.0,15:00,15:20,target,0.2
2026-02-19,NVDA,call,ATM,market,20.0,13:30,14:00,target,0.2
2026-02-19,NVDA,call,ATM,market,20.0,15:00,15:05,target,0.2
2026-02-19,NVDA,call,ATM,market,20.0,15:30,15:50,target,0.2
2026-02-20,NVDA,call,ATM,market,20.0,13:30,13:45,target,0.2
2026-02-20,NVDA,call,ATM,market,20.0,15:30,15:35,target,0.2
2026-02-23,NVDA,call,ATM,market,20.0,13:30,16:00,forced,-0.93035
2026-02-24,NVDA,call,ATM,market,20.0,13:30,14:05,target,0.2
2026-02-24,NVDA,call,ATM,market,20.0,15:00,15:05,target,0.2
2026-02-25,NVDA,call,ATM,market,20.0,09:35,16:00,forced,-0.94656
2026-02-26,NVDA,call,ATM,market,20.0,13:30,15:50,target,0.2
2026-02-27,NVDA,call,ATM,market,20.0,13:30,13:35,target,0.2
2026-02-27,NVDA,call,ATM,market,20.0,15:00,15:10,target,0.2
2026-03-02,NVDA,call,ATM,market,20.0,13:00,16:00,forced,-0.90373
2026-03-03,NVDA,call,ATM,market,20.0,13:00,13:45,target,0.2
2026-03-03,NVDA,call,ATM,market,20.0,15:30,16:00,forced,-0.35948
2026-03-04,NVDA,call,ATM,market,20.0,10:30,10:35,target,0.2
2026-03-04,NVDA,call,ATM,market,20.0,11:00,11:20,target,0.2
2026-03-05,NVDA,call,ATM,market,20.0,13:00,16:00,forced,-0.92424
2026-03-06,NVDA,call,ATM,market,20.0,13:00,16:00,forced,-0.94946
2026-03-09,NVDA,call,ATM,market,20.0,13:00,16:00,forced,-0.89451
2026-03-10,NVDA,call,ATM,market,20.0,13:00,16:00,forced,-0.95068
2026-03-11,NVDA,call,ATM,market,20.0,13:00,13:05,target,0.2
2026-03-11,NVDA,call,ATM,market,20.0,13:30,13:35,target,0.2
2026-03-11,NVDA,call,ATM,market,20.0,15:30,16:00,forced,-0.03922
2026-03-12,NVDA,call,ATM,market,20.0,13:00,13:05,target,0.2
2026-03-12,NVDA,call,ATM,market,20.0,13:30,13:35,target,0.2
2026-03-12,NVDA,call,ATM,market,20.0,15:30,16:00,forced,-0.94172
2026-03-13,NVDA,call,ATM,market,20.0,10:30,16:00,forced,-0.8919
2026-02-16,NVDA,call,ATM,market,25.0,13:30,13:35,target,0.25
2026-02-16,NVDA,call,ATM,market,25.0,15:00,15:10,target,0.25
2026-02-16,NVDA,call,ATM,market,25.0,15:30,16:00,forced,-0.63378
2026-02-17,NVDA,call,ATM,market,25.0,12:30,12:40,target,0.25
2026-02-17,NVDA,call,ATM,market,25.0,13:00,13:05,target,0.25
2026-02-17,NVDA,call,ATM,market,25.0,15:00,15:05,target,0.25
2026-02-17,NVDA,call,ATM,market,25.0,15:30,15:55,target,0.25
2026-02-18,NVDA,call,ATM,market,25.0,13:30,13:45,target,0.25
2026-02-18,NVDA,call,ATM,market,25.0,15:00,15:20,target,0.25
2026-02-19,NVDA,call,ATM,market,25.0,13:30,14:00,target,0.25
2026-02-19,NVDA,call,ATM,market,25.0,15:00,15:05,target,0.25
2026-02-19,NVDA,call,ATM,market,25.0,15:30,15:50,target,0.25
2026-02-20,NVDA,call,ATM,market,25.0,13:30,13:45,target,0.25
2026-02-20,NVDA,call,ATM,market,25.0,14:00,14:10,target,0.25
2026-02-20,NVDA,call,ATM,market,25.0,15:30,15:35,target,0.25
2026-02-23,NVDA,call,ATM,market,25.0,13:30,16:00,forced,-0.93035
2026-02-24,NVDA,call,ATM,market,25.0,13:30,14:15,target,0.25
2026-02-24,NVDA,call,ATM,market,25.0,15:00,15:05,target,0.25
2026-02-25,NVDA,call,ATM,market,25.0,09:35,16:00,forced,-0.94656
2026-02-26,NVDA,call,ATM,market,25.0,13:30,15:50,target,0.25
2026-02-27,NVDA,call,ATM,market,25.0,13:30,13:35,target,0.25
2026-02-27,NVDA,call,ATM,market,25.0,15:00,15:10,target,0.25
2026-03-02,NVDA,call,ATM,market,25.0,13:00,16:00,forced,-0.90373
2026-03-03,NVDA,call,ATM,market,25.0,13:00,13:45,target,0.25
2026-03-03,NVDA,call,ATM,market,25.0,14:00,16:00,forced,-0.90278
2026-03-04,NVDA,call,ATM,market,25.0,09:35,10:20,target,0.25
2026-03-04,NVDA,call,ATM,market,25.0,10:30,10:35,target,0.25
2026-03-04,NVDA,call,ATM,market,25.0,11:00,11:20,target,0.25
2026-03-05,NVDA,call,ATM,market,25.0,13:00,16:00,forced,-0.92424
2026-03-06,NVDA,call,ATM,market,25.0,13:00,16:00,forced,-0.94946
2026-03-09,NVDA,call,ATM,market,25.0,13:00,16:00,forced,-0.89451
2026-03-10,NVDA,call,ATM,market,25.0,13:00,16:00,forced,-0.95068
2026-03-11,NVDA,call,ATM,market,25.0,13:00,13:05,target,0.25
2026-03-11,NVDA,call,ATM,market,25.0,13:30,13:35,target,0.25
2026-03-11,NVDA,call,ATM,market,25.0,14:00,16:00,forced,-0.91163
2026-03-12,NVDA,call,ATM,market,25.0,13:00,13:05,target,0.25
2026-03-12,NVDA,call,ATM,market,25.0,13:30,13:35,target,0.25
2026-03-12,NVDA,call,ATM,market,25.0,14:00,14:35,target,0.25
2026-03-12,NVDA,call,ATM,market,25.0,15:30,16:00,forced,-0.94172
2026-03-13,NVDA,call,ATM,market,25.0,09:35,09:40,target,0.25
2026-03-13,NVDA,call,ATM,market,25.0,10:30,16:00,forced,-0.8919
2026-02-16,NVDA,call,ATM,market,30.0,13:30,13:40,target,0.3
2026-02-16,NVDA,call,ATM,market,30.0,15:00,15:10,target,0.3
2026-02-16,NVDA,call,ATM,market,30.0,15:30,16:00,forced,-0.63378
2026-02-17,NVDA,call,ATM,market,30.0,12:30,12:40,target,0.3
2026-02-17,NVDA,call,ATM,market,30.0,13:00,13:05,target,0.3
2026-02-17,NVDA,call,ATM,market,30.0,15:00,15:05,target,0.3
2026-02-17,NVDA,call,ATM,market,30.0,15:30,15:55,target,0.3
2026-02-18,NVDA,call,ATM,market,30.0,13:30,13:45,target,0.3
2026-02-18,NVDA,call,ATM,market,30.0,15:00,15:20,target,0.3
2026-02-19,NVDA,call,ATM,market,30.0,13:30,14:00,target,0.3
2026-02-19,NVDA,call,ATM,market,30.0,15:00,15:05,target,0.3
2026-02-19,NVDA,call,ATM,market,30.0,15:30,15:50,target,0.3
2026-02-20,NVDA,call,ATM,market,30.0,13:30,13:45,target,0.3
2026-02-20,NVDA,call,ATM,market,30.0,14:00,14:10,target,0.3
2026-02-20,NVDA,call,ATM,market,30.0,15:30,15:35,target,0.3
2026-02-23,NVDA,call,ATM,market,30.0,13:30,16:00,forced,-0.93035
2026-02-24,NVDA,call,ATM,market,30.0,13:30,14:15,target,0.3
2026-02-24,NVDA,call,ATM,market,30.0,15:00,15:05,target,0.3
2026-02-25,NVDA,call,ATM,market,30.0,09:35,16:00,forced,-0.94656
2026-02-26,NVDA,call,ATM,market,30.0,13:30,15:50,target,0.3
2026-02-27,NVDA,call,ATM,market,30.0,13:30,13:35,target,0.3
2026-02-27,NVDA,call,ATM,market,30.0,15:00,15:10,target,0.3
2026-03-02,NVDA,call,ATM,market,30.0,13:00,16:00,forced,-0.90373
2026-03-03,NVDA,call,ATM,market,30.0,13:00,13:45,target,0.3
2026-03-03,NVDA,call,ATM,market,30.0,14:00,16:00,forced,-0.90278
2026-03-04,NVDA,call,ATM,market,30.0,10:30,10:35,target,0.3
2026-03-04,NVDA,call,ATM,market,30.0,11:00,11:20,target,0.3
2026-03-05,NVDA,call,ATM,market,30.0,13:00,16:00,forced,-0.92424
2026-03-06,NVDA,call,ATM,market,30.0,13:00,16:00,forced,-0.94946
2026-03-09,NVDA,call,ATM,market,30.0,13:00,16:00,forced,-0.89451
2026-03-10,NVDA,call,ATM,market,30.0,13:00,16:00,forced,-0.95068
2026-03-11,NVDA,call,ATM,market,30.0,13:00,13:15,target,0.3
2026-03-11,NVDA,call,ATM,market,30.0,13:30,13:35,target,0.3
2026-03-11,NVDA,call,ATM,market,30.0,14:00,16:00,forced,-0.91163
2026-03-12,NVDA,call,ATM,market,30.0,13:00,13:05,target,0.3
2026-03-12,NVDA,call,ATM,market,30.0,13:30,13:35,target,0.3
2026-03-12,NVDA,call,ATM,market,30.0,14:00,14:35,target,0.3
2026-03-12,NVDA,call,ATM,market,30.0,15:30,16:00,forced,-0.94172
2026-03-13,NVDA,call,ATM,market,30.0,10:30,16:00,forced,-0.8919
2026-02-16,NVDA,call,ATM,market,40.0,13:30,13:50,target,0.4
2026-02-16,NVDA,call,ATM,market,40.0,15:00,15:10,target,0.4
2026-02-16,NVDA,call,ATM,market,40.0,15:30,16:00,forced,-0.63378
2026-02-17,NVDA,call,ATM,market,40.0,12:30,12:40,target,0.4
2026-02-17,NVDA,call,ATM,market,40.0,13:00,13:05,target,0.4
2026-02-17,NVDA,call,ATM,market,40.0,15:00,15:05,target,0.4
2026-02-17,NVDA,call,ATM,market,40.0,15:30,15:55,target,0.4
2026-02-18,NVDA,call,ATM,market,40.0,13:30,13:45,target,0.4
2026-02-18,NVDA,call,ATM,market,40.0,15:00,15:20,target,0.4
2026-02-19,NVDA,call,ATM,market,40.0,13:30,14:00,target,0.4
2026-02-19,NVDA,call,ATM,market,40.0,15:00,15:05,target,0.4
2026-02-19,NVDA,call,ATM,market,40.0,15:30,15:50,target,0.4
2026-02-20,NVDA,call,ATM,market,40.0,13:30,13:45,target,0.4
2026-02-20,NVDA,call,ATM,market,40.0,15:30,15:35,target,0.4
2026-02-23,NVDA,call,ATM,market,40.0,13:30,16:00,forced,-0.93035
2026-02-24,NVDA,call,ATM,market,40.0,13:30,14:15,target,0.4
2026-02-24,NVDA,call,ATM,market,40.0,15:00,15:05,target,0.4
2026-02-25,NVDA,call,ATM,market,40.0,09:35,16:00,forced,-0.94656
2026-02-26,NVDA,call,ATM,market,40.0,13:30,15:55,target,0.4
2026-02-27,NVDA,call,ATM,market,40.0,13:30,13:35,target,0.4
2026-02-27,NVDA,call,ATM,market,40.0,15:00,15:10,target,0.4
2026-03-02,NVDA,call,ATM,market,40.0,13:00,16:00,forced,-0.90373
2026-03-03,NVDA,call,ATM,market,40.0,13:00,13:45,target,0.4
2026-03-03,NVDA,call,ATM,market,40.0,14:00,16:00,forced,-0.90278
2026-03-04,NVDA,call,ATM,market,40.0,10:30,10:35,target,0.4
2026-03-04,NVDA,call,ATM,market,40.0,11:00,11:20,target,0.4
2026-03-05,NVDA,call,ATM,market,40.0,13:00,16:00,forced,-0.92424
2026-03-06,NVDA,call,ATM,market,40.0,13:00,16:00,forced,-0.94946
2026-03-09,NVDA,call,ATM,market,40.0,13:00,16:00,forced,-0.89451
2026-03-10,NVDA,call,ATM,market,40.0,13:00,16:00,forced,-0.95068
2026-03-11,NVDA,call,ATM,market,40.0,13:00,13:15,target,0.4
2026-03-11,NVDA,call,ATM,market,40.0,13:30,13:35,target,0.4
2026-03-11,NVDA,call,ATM,market,40.0,14:00,16:00,forced,-0.91163
2026-03-12,NVDA,call,ATM,market,40.0,13:00,13:05,target,0.4
2026-03-12,NVDA,call,ATM,market,40.0,13:30,13:35,target,0.4
2026-03-12,NVDA,call,ATM,market,40.0,14:00,14:35,target,0.4
2026-03-12,NVDA,call,ATM,market,40.0,15:30,16:00,forced,-0.94172
2026-03-13,NVDA,call,ATM,market,40.0,10:30,16:00,forced,-0.8919
2026-02-16,NVDA,call,ATM,market,50.0,13:30,14:15,target,0.5
2026-02-16,NVDA,call,ATM,market,50.0,15:00,16:00,forced,-0.94338
2026-02-17,NVDA,call,ATM,market,50.0,12:30,12:40,target,0.5
2026-02-17,NVDA,call,ATM,market,50.0,13:00,13:05,target,0.5
2026-02-17,NVDA,call,ATM,market,50.0,15:00,15:05,target,0.5
2026-02-17,NVDA,call,ATM,market,50.0,15:30,16:00,forced,-0.75573
2026-02-18,NVDA,call,ATM,market,50.0,13:30,13:45,target,0.5
2026-02-18,NVDA,call,ATM,market,50.0,15:00,15:20,target,0.5
2026-02-19,NVDA,call,ATM,market,50.0,13:30,14:00,target,0.5
2026-02-19,NVDA,call,ATM,market,50.0,15:00,15:05,target,0.5
2026-02-19,NVDA,call,ATM,market,50.0,15:30,15:50,target,0.5
2026-02-20,NVDA,call,ATM,market,50.0,13:30,13:45,target,0.5
2026-02-20,NVDA,call,ATM,market,50.0,15:30,15:35,target,0.5
2026-02-23,NVDA,call,ATM,market,50.0,13:30,16:00,forced,-0.93035
2026-02-24,NVDA,call,ATM,market,50.0,13:30,14:15,target,0.5
2026-02-24,NVDA,call,ATM,market,50.0,15:00,15:05,target,0.5
2026-02-25,NVDA,call,ATM,market,50.0,10:30,14:45,target,0.5
2026-02-25,NVDA,call,ATM,market,50.0,15:00,15:45,target,0.5
2026-02-26,NVDA,call,ATM,market,50.0,13:30,15:55,target,0.5
2026-02-27,NVDA,call,ATM,market,50.0,13:30,13:35,target,0.5
2026-02-27,NVDA,call,ATM,market,50.0,15:00,15:10,target,0.5
2026-03-02,NVDA,call,ATM,market,50.0,13:00,16:00,forced,-0.90373
2026-03-03,NVDA,call,ATM,market,50.0,13:00,13:45,target,0.5
2026-03-03,NVDA,call,ATM,market,50.0,14:00,16:00,forced,-0.90278
2026-03-04,NVDA,call,ATM,market,50.0,10:30,10:35,target,0.5
2026-03-04,NVDA,call,ATM,market,50.0,11:00,11:25,target,0.5
2026-03-05,NVDA,call,ATM,market,50.0,13:00,16:00,forced,-0.92424
2026-03-06,NVDA,call,ATM,market,50.0,13:00,16:00,forced,-0.94946
2026-03-09,NVDA,call,ATM,market,50.0,13:00,16:00,forced,-0.89451
2026-03-10,NVDA,call,ATM,market,50.0,13:00,16:00,forced,-0.95068
2026-03-11,NVDA,call,ATM,market,50.0,13:00,13:50,target,0.5
2026-03-11,NVDA,call,ATM,market,50.0,14:00,16:00,forced,-0.91163
2026-03-12,NVDA,call,ATM,market,50.0,13:00,13:05,target,0.5
2026-03-12,NVDA,call,ATM,market,50.0,13:30,13:35,target,0.5
2026-03-12,NVDA,call,ATM,market,50.0,14:00,14:35,target,0.5
2026-03-12,NVDA,call,ATM,market,50.0,15:00,15:15,target,0.5
2026-03-12,NVDA,call,ATM,market,50.0,15:30,16:00,forced,-0.94172
2026-03-13,NVDA,call,ATM,market,50.0,10:30,16:00,forced,-0.8919
2026-02-16,NVDA,call,ATM,market,60.0,13:30,14:15,target,0.6
2026-02-16,NVDA,call,ATM,market,60.0,15:00,16:00,forced,-0.94338
2026-02-17,NVDA,call,ATM,market,60.0,12:30,12:40,target,0.6
2026-02-17,NVDA,call,ATM,market,60.0,13:00,13:05,target,0.6
2026-02-17,NVDA,call,ATM,market,60.0,15:00,15:05,target,0.6
2026-02-17,NVDA,call,ATM,market,60.0,15:30,16:00,forced,-0.75573
2026-02-18,NVDA,call,ATM,market,60.0,13:30,13:45,target,0.6
2026-02-18,NVDA,call,ATM,market,60.0,15:00,15:20,target,0.6
2026-02-19,NVDA,call,ATM,market,60.0,13:30,14:00,target,0.6
2026-02-19,NVDA,call,ATM,market,60.0,15:00,15:05,target,0.6
2026-02-19,NVDA,call,ATM,market,60.0,15:30,15:50,target,0.6
2026-02-20,NVDA,call,ATM,market,60.0,13:30,13:45,target,0.6
2026-02-20,NVDA,call,ATM,market,60.0,14:00,14:10,target,0.6
2026-02-20,NVDA,call,ATM,market,60.0,15:30,15:35,target,0.6
2026-02-23,NVDA,call,ATM,market,60.0,13:30,16:00,forced,-0.93035
2026-02-24,NVDA,call,ATM,market,60.0,13:30,14:15,target,0.6
2026-02-24,NVDA,call,ATM,market,60.0,15:00,15:05,target,0.6
2026-02-25,NVDA,call,ATM,market,60.0,10:30,14:50,target,0.6
2026-02-25,NVDA,call,ATM,market,60.0,15:00,15:45,target,0.6
2026-02-26,NVDA,call,ATM,market,60.0,13:30,15:55,target,0.6
2026-02-27,NVDA,call,ATM,market,60.0,13:30,13:40,target,0.6
2026-02-27,NVDA,call,ATM,market,60.0,15:00,15:10,target,0.6
2026-03-02,NVDA,call,ATM,market,60.0,13:00,16:00,forced,-0.90373
2026-03-03,NVDA,call,ATM,market,60.0,13:00,13:45,target,0.6
2026-03-03,NVDA,call,ATM,market,60.0,14:00,16:00,forced,-0.90278
2026-03-04,NVDA,call,ATM,market,60.0,10:30,10:35,target,0.6
2026-03-04,NVDA,call,ATM,market,60.0,11:00,11:25,target,0.6
2026-03-05,NVDA,call,ATM,market,60.0,13:00,16:00,forced,-0.92424
2026-03-06,NVDA,call,ATM,market,60.0,13:00,16:00,forced,-0.94946
2026-03-09,NVDA,call,ATM,market,60.0,13:00,16:00,forced,-0.89451
2026-03-10,NVDA,call,ATM,market,60.0,13:00,16:00,forced,-0.95068
2026-03-11,NVDA,call,ATM,market,60.0,13:00,13:50,target,0.6
2026-03-11,NVDA,call,ATM,market,60.0,14:00,16:00,forced,-0.91163
2026-03-12,NVDA,call,ATM,market,60.0,13:00,13:15,target,0.6
2026-03-12,NVDA,call,ATM,market,60.0,13:30,13:35,target,0.6
2026-03-12,NVDA,call,ATM,market,60.0,14:00,14:35,target,0.6
2026-03-12,NVDA,call,ATM,market,60.0,15:00,15:15,target,0.6
2026-03-12,NVDA,call,ATM,market,60.0,15:30,16:00,forced,-0.94172
2026-03-13,NVDA,call,ATM,market,60.0,10:30,16:00,forced,-0.8919
2026-02-16,NVDA,call,ATM,market,70.0,13:30,14:20,target,0.7
2026-02-16,NVDA,call,ATM,market,70.0,15:00,16:00,forced,-0.94338
2026-02-17,NVDA,call,ATM,market,70.0,12:30,12:40,target,0.7
2026-02-17,NVDA,call,ATM,market,70.0,13:00,13:05,target,0.7
2026-02-17,NVDA,call,ATM,market,70.0,15:00,15:05,target,0.7
2026-02-17,NVDA,call,ATM,market,70.0,15:30,16:00,forced,-0.75573
2026-02-18,NVDA,call,ATM,market,70.0,13:30,13:45,target,0.7
2026-02-18,NVDA,call,ATM,market,70.0,15:00,15:20,target,0.7
2026-02-19,NVDA,call,ATM,market,70.0,13:30,14:05,target,0.7
2026-02-19,NVDA,call,ATM,market,70.0,15:00,15:05,target,0.7
2026-02-19,NVDA,call,ATM,market,70.0,15:30,15:50,target,0.7
2026-02-20,NVDA,call,ATM,market,70.0,13:30,13:45,target,0.7
2026-02-20,NVDA,call,ATM,market,70.0,14:00,14:10,target,0.7
2026-02-20,NVDA,call,ATM,market,70.0,14:30,14:35,target,0.7
2026-02-20,NVDA,call,ATM,market,70.0,15:30,16:00,forced,-0.65224
2026-02-23,NVDA,call,ATM,market,70.0,13:30,16:00,forced,-0.93035
2026-02-24,NVDA,call,ATM,market,70.0,13:30,14:15,target,0.7
2026-02-24,NVDA,call,ATM,market,70.0,15:00,15:05,target,0.7
2026-02-25,NVDA,call,ATM,market,70.0,15:00,15:45,target,0.7
2026-02-26,NVDA,call,ATM,market,70.0,13:30,16:00,forced,-0.10468
2026-02-27,NVDA,call,ATM,market,70.0,13:30,13:40,target,0.7
2026-02-27,NVDA,call,ATM,market,70.0,15:00,15:10,target,0.7
2026-03-02,NVDA,call,ATM,market,70.0,13:00,16:00,forced,-0.90373
2026-03-03,NVDA,call,ATM,market,70.0,13:00,13:45,target,0.7
2026-03-03,NVDA,call,ATM,market,70.0,14:00,16:00,forced,-0.90278
2026-03-04,NVDA,call,ATM,market,70.0,10:30,10:35,target,0.7
2026-03-04,NVDA,call,ATM,market,70.0,11:00,11:25,target,0.7
2026-03-05,NVDA,call,ATM,market,70.0,13:00,16:00,forced,-0.92424
2026-03-06,NVDA,call,ATM,market,70.0,13:00,16:00,forced,-0.94946
2026-03-09,NVDA,call,ATM,market,70.0,13:00,16:00,forced,-0.89451
2026-03-10,NVDA,call,ATM,market,70.0,13:00,16:00,forced,-0.95068
2026-03-11,NVDA,call,ATM,market,70.0,13:00,13:50,target,0.7
2026-03-11,NVDA,call,ATM,market,70.0,14:00,16:00,forced,-0.91163
2026-03-12,NVDA,call,ATM,market,70.0,13:00,13:25,target,0.7
2026-03-12,NVDA,call,ATM,market,70.0,13:30,13:35,target,0.7
2026-03-12,NVDA,call,ATM,market,70.0,14:00,14:35,target,0.7
2026-03-12,NVDA,call,ATM,market,70.0,15:00,15:15,target,0.7
2026-03-12,NVDA,call,ATM,market,70.0,15:30,16:00,forced,-0.94172
2026-03-13,NVDA,call,ATM,market,70.0,10:30,16:00,forced,-0.8919
2026-02-16,NVDA,call,ATM,market,75.0,13:30,14:20,target,0.75
2026-02-16,NVDA,call,ATM,market,75.0,15:00,16:00,forced,-0.94338
2026-02-17,NVDA,call,ATM,market,75.0,12:30,12:40,target,0.75
2026-02-17,NVDA,call,ATM,market,75.0,13:00,13:05,target,0.75
2026-02-17,NVDA,call,ATM,market,75.0,14:00,16:00,forced,-0.94896
2026-02-18,NVDA,call,ATM,market,75.0,13:30,13:45,target,0.75
2026-02-18,NVDA,call,ATM,market,75.0,14:00,14:05,target,0.75
2026-02-18,NVDA,call,ATM,market,75.0,15:00,15:20,target,0.75
2026-02-19,NVDA,call,ATM,market,75.0,13:30,14:05,target,0.75
2026-02-19,NVDA,call,ATM,market,75.0,15:00,15:05,target,0.75
2026-02-19,NVDA,call,ATM,market,75.0,15:30,15:50,target,0.75
2026-02-20,NVDA,call,ATM,market,75.0,13:30,13:45,target,0.75
2026-02-20,NVDA,call,ATM,market,75.0,14:00,14:10,target,0.75
2026-02-20,NVDA,call,ATM,market,75.0,14:30,14:35,target,0.75
2026-02-20,NVDA,call,ATM,market,75.0,15:30,16:00,forced,-0.65224
2026-02-23,NVDA,call,ATM,market,75.0,13:30,16:00,forced,-0.93035
2026-02-24,NVDA,call,ATM,market,75.0,13:30,14:15,target,0.75
2026-02-24,NVDA,call,ATM,market,75.0,15:00,15:05,target,0.75
2026-02-25,NVDA,call,ATM,market,75.0,09:35,16:00,forced,-0.94656
2026-02-26,NVDA,call,ATM,market,75.0,13:30,16:00,forced,-0.10468
2026-02-27,NVDA,call,ATM,market,75.0,13:30,13:40,target,0.75
2026-02-27,NVDA,call,ATM,market,75.0,14:00,16:00,forced,-0.91335
2026-03-02,NVDA,call,ATM,market,75.0,13:00,16:00,forced,-0.90373
2026-03-03,NVDA,call,ATM,market,75.0,13:00,13:45,target,0.75
2026-03-03,NVDA,call,ATM,market,75.0,14:00,16:00,forced,-0.90278
2026-03-04,NVDA,call,ATM,market,75.0,10:30,10:35,target,0.75
2026-03-04,NVDA,call,ATM,market,75.0,11:00,11:25,target,0.75
2026-03-05,NVDA,call,ATM,market,75.0,13:00,16:00,forced,-0.92424
2026-03-06,NVDA,call,ATM,market,75.0,13:00,16:00,forced,-0.94946
2026-03-09,NVDA,call,ATM,market,75.0,13:00,16:00,forced,-0.89451
2026-03-10,NVDA,call,ATM,market,75.0,13:00,16:00,forced,-0.95068
2026-03-11,NVDA,call,ATM,market,75.0,13:00,13:50,target,0.75
2026-03-11,NVDA,call,ATM,market,75.0,14:00,16:00,forced,-0.91163
2026-03-12,NVDA,call,ATM,market,75.0,13:00,13:25,target,0.75
2026-03-12,NVDA,call,ATM,market,75.0,13:30,13:35,target,0.75
2026-03-12,NVDA,call,ATM,market,75.0,14:00,14:35,target,0.75
2026-03-12,NVDA,call,ATM,market,75.0,15:00,15:15,target,0.75
2026-03-12,NVDA,call,ATM,market,75.0,15:30,16:00,forced,-0.94172
2026-03-13,NVDA,call,ATM,market,75.0,10:30,16:00,forced,-0.8919
2026-02-16,NVDA,call,ATM,market,80.0,13:30,14:20,target,0.8
2026-02-16,NVDA,call,ATM,market,80.0,15:00,16:00,forced,-0.94338
2026-02-17,NVDA,call,ATM,market,80.0,12:30,12:45,target,0.8
2026-02-17,NVDA,call,ATM,market,80.0,13:00,13:05,target,0.8
2026-02-17,NVDA,call,ATM,market,80.0,14:00,16:00,forced,-0.94896
2026-02-18,NVDA,call,ATM,market,80.0,13:30,13:45,target,0.8
2026-02-18,NVDA,call,ATM,market,80.0,14:00,14:05,target,0.8
2026-02-18,NVDA,call,ATM,market,80.0,15:00,15:20,target,0.8
2026-02-19,NVDA,call,ATM,market,80.0,13:30,14:05,target,0.8
2026-02-19,NVDA,call,ATM,market,80.0,15:00,15:05,target,0.8
2026-02-19,NVDA,call,ATM,market,80.0,15:30,15:50,target,0.8
2026-02-20,NVDA,call,ATM,market,80.0,13:30,13:45,target,0.8
2026-02-20,NVDA,call,ATM,market,80.0,14:00,14:10,target,0.8
2026-02-20,NVDA,call,ATM,market,80.0,15:30,16:00,forced,-0.65224
2026-02-23,NVDA,call,ATM,market,80.0,13:30,16:00,forced,-0.93035
2026-02-24,NVDA,call,ATM,market,80.0,13:30,14:15,target,0.8
2026-02-24,NVDA,call,ATM,market,80.0,15:00,15:05,target,0.8
2026-02-25,NVDA,call,ATM,market,80.0,09:35,16:00,forced,-0.94656
2026-02-26,NVDA,call,ATM,market,80.0,13:30,16:00,forced,-0.10468
2026-02-27,NVDA,call,ATM,market,80.0,13:30,13:40,target,0.8
2026-02-27,NVDA,call,ATM,market,80.0,14:00,16:00,forced,-0.91335
2026-03-02,NVDA,call,ATM,market,80.0,13:00,16:00,forced,-0.90373
2026-03-03,NVDA,call,ATM,market,80.0,13:00,13:45,target,0.8
2026-03-03,NVDA,call,ATM,market,80.0,14:00,16:00,forced,-0.90278
2026-03-04,NVDA,call,ATM,market,80.0,10:30,10:35,target,0.8
2026-03-04,NVDA,call,ATM,market,80.0,11:00,11:30,target,0.8
2026-03-05,NVDA,call,ATM,market,80.0,13:00,16:00,forced,-0.92424
2026-03-06,NVDA,call,ATM,market,80.0,13:00,16:00,forced,-0.94946
2026-03-09,NVDA,call,ATM,market,80.0,13:00,16:00,forced,-0.89451
2026-03-10,NVDA,call,ATM,market,80.0,13:00,16:00,forced,-0.95068
2026-03-11,NVDA,call,ATM,market,80.0,13:00,13:50,target,0.8
2026-03-11,NVDA,call,ATM,market,80.0,14:00,16:00,forced,-0.91163
2026-03-12,NVDA,call,ATM,market,80.0,13:00,13:25,target,0.8
2026-03-12,NVDA,call,ATM,market,80.0,13:30,13:35,target,0.8
2026-03-12,NVDA,call,ATM,market,80.0,14:00,14:35,target,0.8
2026-03-12,NVDA,call,ATM,market,80.0,15:00,15:15,target,0.8
2026-03-12,NVDA,call,ATM,market,80.0,15:30,16:00,forced,-0.94172
2026-03-13,NVDA,call,ATM,market,80.0,10:30,16:00,forced,-0.8919
2026-02-16,NVDA,call,ATM,market,90.0,12:30,14:25,target,0.9
2026-02-16,NVDA,call,ATM,market,90.0,15:00,16:00,forced,-0.94338
2026-02-17,NVDA,call,ATM,market,90.0,12:30,12:50,target,0.9
2026-02-17,NVDA,call,ATM,market,90.0,13:00,13:05,target,0.9
2026-02-17,NVDA,call,ATM,market,90.0,14:00,16:00,forced,-0.94896
2026-02-18,NVDA,call,ATM,market,90.0,12:30,13:00,target,0.9
2026-02-18,NVDA,call,ATM,market,90.0,13:30,13:45,target,0.9
2026-02-18,NVDA,call,ATM,market,90.0,14:00,14:10,target,0.9
2026-02-18,NVDA,call,ATM,market,90.0,15:00,15:20,target,0.9
2026-02-19,NVDA,call,ATM,market,90.0,12:30,16:00,forced,-0.89998
2026-02-20,NVDA,call,ATM,market,90.0,12:30,14:10,target,0.9
2026-02-20,NVDA,call,ATM,market,90.0,14:30,14:35,target,0.9
2026-02-20,NVDA,call,ATM,market,90.0,15:30,16:00,forced,-0.65224
2026-02-23,NVDA,call,ATM,market,90.0,12:30,12:55,target,0.9
2026-02-23,NVDA,call,ATM,market,90.0,13:30,16:00,forced,-0.93035
2026-02-24,NVDA,call,ATM,market,90.0,13:30,14:15,target,0.9
2026-02-24,NVDA,call,ATM,market,90.0,15:00,15:05,target,0.9
2026-02-25,NVDA,call,ATM,market,90.0,09:35,16:00,forced,-0.94656
2026-02-26,NVDA,call,ATM,market,90.0,12:30,16:00,forced,-0.92751
2026-02-27,NVDA,call,ATM,market,90.0,12:30,12:35,target,0.9
2026-02-27,NVDA,call,ATM,market,90.0,13:30,16:00,forced,-0.8802
2026-03-02,NVDA,call,ATM,market,90.0,13:00,16:00,forced,-0.90373
2026-03-03,NVDA,call,ATM,market,90.0,13:00,13:45,target,0.9
2026-03-03,NVDA,call,ATM,market,90.0,14:00,16:00,forced,-0.90278
2026-03-04,NVDA,call,ATM,market,90.0,10:30,10:35,target,0.9
2026-03-04,NVDA,call,ATM,market,90.0,11:00,11:30,target,0.9
2026-03-05,NVDA,call,ATM,market,90.0,13:00,16:00,forced,-0.92424
2026-03-06,NVDA,call,ATM,market,90.0,13:00,16:00,forced,-0.94946
2026-03-09,NVDA,call,ATM,market,90.0,13:00,16:00,forced,-0.89451
2026-03-10,NVDA,call,ATM,market,90.0,13:00,16:00,forced,-0.95068
2026-03-11,NVDA,call,ATM,market,90.0,13:00,13:50,target,0.9
2026-03-11,NVDA,call,ATM,market,90.0,14:00,16:00,forced,-0.91163
2026-03-12,NVDA,call,ATM,market,90.0,13:00,13:35,target,0.9
2026-03-12,NVDA,call,ATM,market,90.0,14:00,15:15,target,0.9
2026-03-12,NVDA,call,ATM,market,90.0,15:30,16:00,forced,-0.94172
2026-03-13,NVDA,call,ATM,market,90.0,10:30,16:00,forced,-0.8919
2026-02-16,NVDA,call,ATM,market,100.0,13:30,14:20,target,1.0
2026-02-16,NVDA,call,ATM,market,100.0,15:00,16:00,forced,-0.94338
2026-02-17,NVDA,call,ATM,market,100.0,12:30,12:50,target,1.0
2026-02-17,NVDA,call,ATM,market,100.0,13:00,13:10,target,1.0
2026-02-17,NVDA,call,ATM,market,100.0,14:00,16:00,forced,-0.94896
2026-02-18,NVDA,call,ATM,market,100.0,13:30,13:45,target,1.0
2026-02-18,NVDA,call,ATM,market,100.0,14:00,14:10,target,1.0
2026-02-18,NVDA,call,ATM,market,100.0,15:00,15:20,target,1.0
2026-02-19,NVDA,call,ATM,market,100.0,13:30,14:05,target,1.0
2026-02-19,NVDA,call,ATM,market,100.0,15:00,15:05,target,1.0
2026-02-19,NVDA,call,ATM,market,100.0,15:30,15:50,target,1.0
2026-02-20,NVDA,call,ATM,market,100.0,13:30,14:00,target,1.0
2026-02-20,NVDA,call,ATM,market,100.0,14:00,14:10,target,1.0
2026-02-20,NVDA,call,ATM,market,100.0,14:30,14:35,target,1.0
2026-02-20,NVDA,call,ATM,market,100.0,15:30,16:00,forced,-0.65224
2026-02-23,NVDA,call,ATM,market,100.0,13:30,16:00,forced,-0.93035
2026-02-24,NVDA,call,ATM,market,100.0,13:30,14:45,target,1.0
2026-02-24,NVDA,call,ATM,market,100.0,15:00,15:05,target,1.0
2026-02-25,NVDA,call,ATM,market,100.0,09:35,16:00,forced,-0.94656
2026-02-26,NVDA,call,ATM,market,100.0,13:30,16:00,forced,-0.10468
2026-02-27,NVDA,call,ATM,market,100.0,13:30,16:00,forced,-0.8802
2026-03-02,NVDA,call,ATM,market,100.0,13:00,16:00,forced,-0.90373
2026-03-03,NVDA,call,ATM,market,100.0,13:00,13:45,target,1.0
2026-03-03,NVDA,call,ATM,market,100.0,14:00,16:00,forced,-0.90278
2026-03-04,NVDA,call,ATM,market,100.0,10:30,10:35,target,1.0
2026-03-04,NVDA,call,ATM,market,100.0,11:00,11:30,target,1.0
2026-03-05,NVDA,call,ATM,market,100.0,13:00,16:00,forced,-0.92424
2026-03-06,NVDA,call,ATM,market,100.0,13:00,16:00,forced,-0.94946
2026-03-09,NVDA,call,ATM,market,100.0,13:00,16:00,forced,-0.89451
2026-03-10,NVDA,call,ATM,market,100.0,13:00,16:00,forced,-0.95068
2026-03-11,NVDA,call,ATM,market,100.0,13:00,13:50,target,1.0
2026-03-11,NVDA,call,ATM,market,100.0,14:00,16:00,forced,-0.91163
2026-03-12,NVDA,call,ATM,market,100.0,13:00,13:35,target,1.0
2026-03-12,NVDA,call,ATM,market,100.0,14:00,15:20,target,1.0
2026-03-12,NVDA,call,ATM,market,100.0,15:30,16:00,forced,-0.94172
2026-03-13,NVDA,call,ATM,market,100.0,10:30,16:00,forced,-0.8919
2026-02-16,NVDA,call,OTM1,mid,20.0,09:35,09:50,target,0.2
2026-02-16,NVDA,call,OTM1,mid,20.0,12:30,14:25,target,0.2
2026-02-16,NVDA,call,OTM1,mid,20.0,14:30,16:00,forced,0.0
2026-02-17,NVDA,call,OTM1,mid,20.0,09:35,10:20,target,0.2
2026-02-17,NVDA,call,OTM1,mid,20.0,12:30,12:40,target,0.2
2026-02-17,NVDA,call,OTM1,mid,20.0,15:00,16:00,forced,0.0
2026-02-18,NVDA,call,OTM1,mid,20.0,09:35,09:55,target,0.2
2026-02-18,NVDA,call,OTM1,mid,20.0,12:30,12:55,target,0.2
2026-02-18,NVDA,call,OTM1,mid,20.0,13:30,13:45,target,0.2
2026-02-19,NVDA,call,OTM1,mid,20.0,09:35,11:25,target,0.2
2026-02-19,NVDA,call,OTM1,mid,20.0,11:30,11:45,target,0.2
2026-02-19,NVDA,call,OTM1,mid,20.0,13:30,14:00,target,0.2
2026-02-19,NVDA,call,OTM1,mid,20.0,14:00,14:05,target,0.2
2026-02-19,NVDA,call,OTM1,mid,20.0,14:30,14:35,target,0.2
2026-02-19,NVDA,call,OTM1,mid,20.0,15:00,15:10,target,0.2
2026-02-19,NVDA,call,OTM1,mid,20.0,15:30,16:00,forced,0.0
2026-02-20,NVDA,call,OTM1,mid,20.0,09:35,09:40,target,0.2
2026-02-20,NVDA,call,OTM1,mid,20.0,12:30,13:15,target,0.2
2026-02-20,NVDA,call,OTM1,mid,20.0,13:30,13:40,target,0.2
2026-02-20,NVDA,call,OTM1,mid,20.0,14:00,14:10,target,0.2
2026-02-20,NVDA,call,OTM1,mid,20.0,14:30,14:35,target,0.2
2026-02-20,NVDA,call,OTM1,mid,20.0,15:30,16:00,forced,0.0
2026-02-23,NVDA,call,OTM1,mid,20.0,09:35,09:45,target,0.2
2026-02-23,NVDA,call,OTM1,mid,20.0,12:30,12:50,target,0.2
2026-02-23,NVDA,call,OTM1,mid,20.0,13:30,13:35,target,0.2
2026-02-23,NVDA,call,OTM1,mid,20.0,14:00,16:00,forced,0.0
2026-02-24,NVDA,call,OTM1,mid,20.0,09:35,09:50,target,0.2
2026-02-24,NVDA,call,OTM1,mid,20.0,13:30,13:35,target,0.2
2026-02-24,NVDA,call,OTM1,mid,20.0,14:00,14:05,target,0.2
2026-02-24,NVDA,call,OTM1,mid,20.0,14:30,14:35,target,0.2
2026-02-25,NVDA,call,OTM1,mid,20.0,09:35,16:00,forced,-0.81705
2026-02-26,NVDA,call,OTM1,mid,20.0,09:35,10:45,target,0.2
2026-02-26,NVDA,call,OTM1,mid,20.0,12:30,16:00,forced,-0.58229
2026-02-27,NVDA,call,OTM1,mid,20.0,09:35,09:40,target,0.2
2026-02-27,NVDA,call,OTM1,mid,20.0,12:30,12:35,target,0.2
2026-02-27,NVDA,call,OTM1,mid,20.0,13:30,13:35,target,0.2
2026-02-27,NVDA,call,OTM1,mid,20.0,14:00,16:00,forced,-0.02344
2026-03-02,NVDA,call,OTM1,mid,20.0,13:00,16:00,forced,-0.20949
2026-03-03,NVDA,call,OTM1,mid,20.0,13:00,13:45,target,0.2
2026-03-03,NVDA,call,OTM1,mid,20.0,14:00,16:00,forced,0.0
2026-03-04,NVDA,call,OTM1,mid,20.0,10:30,10:35,target,0.2
2026-03-05,NVDA,call,OTM1,mid,20.0,13:00,16:00,forced,-0.45975
2026-03-06,NVDA,call,OTM1,mid,20.0,10:30,10:35,target,0.2
2026-03-06,NVDA,call,OTM1,mid,20.0,11:30,11:40,target,0.2
2026-03-06,NVDA,call,OTM1,mid,20.0,13:30,13:35,target,0.2
2026-03-06,NVDA,call,OTM1,mid,20.0,14:00,14:05,target,0.2
2026-03-06,NVDA,call,OTM1,mid,20.0,15:00,16:00,forced,0.0
2026-03-09,NVDA,call,OTM1,mid,20.0,13:00,16:00,forced,-0.04123
2026-03-10,NVDA,call,OTM1,mid,20.0,13:00,16:00,forced,-0.72207
2026-03-11,NVDA,call,OTM1,mid,20.0,13:00,13:05,target,0.2
2026-03-11,NVDA,call,OTM1,mid,20.0,13:30,13:35,target,0.2
2026-03-11,NVDA,call,OTM1,mid,20.0,14:00,16:00,forced,0.0
2026-03-12,NVDA,call,OTM1,mid,20.0,13:00,13:05,target,0.2
2026-03-12,NVDA,call,OTM1,mid,20.0,13:30,13:35,target,0.2
2026-03-12,NVDA,call,OTM1,mid,20.0,14:00,15:25,target,0.2
2026-03-12,NVDA,call,OTM1,mid,20.0,15:30,16:00,forced,0.0
2026-03-13,NVDA,call,OTM1,mid,20.0,10:30,16:00,forced,-0.32019
2026-02-16,NVDA,call,OTM1,mid,25.0,12:30,14:25,target,0.25
2026-02-16,NVDA,call,OTM1,mid,25.0,14:30,16:00,forced,0.0
2026-02-17,NVDA,call,OTM1,mid,25.0,12:30,12:40,target,0.25
2026-02-17,NVDA,call,OTM1,mid,25.0,15:00,16:00,forced,0.0
2026-02-18,NVDA,call,OTM1,mid,25.0,12:30,13:00,target,0.25
2026-02-18,NVDA,call,OTM1,mid,25.0,13:30,13:45,target,0.25
2026-02-19,NVDA,call,OTM1,mid,25.0,11:30,11:50,target,0.25
2026-02-19,NVDA,call,OTM1,mid,25.0,13:30,14:00,target,0.25
2026-02-19,NVDA,call,OTM1,mid,25.0,14:00,14:05,target,0.25
2026-02-19,NVDA,call,OTM1,mid,25.0,14:30,14:35,target,0.25
2026-02-19,NVDA,call,OTM1,mid,25.0,15:00,15:10,target,0.25
2026-02-19,NVDA,call,OTM1,mid,25.0,15:30,16:00,forced,0.0
2026-02-20,NVDA,call,OTM1,mid,25.0,12:30,13:15,target,0.25
2026-02-20,NVDA,call,OTM1,mid,25.0,13:30,13:45,target,0.25
2026-02-20,NVDA,call,OTM1,mid,25.0,14:00,14:10,target,0.25
2026-02-20,NVDA,call,OTM1,mid,25.0,14:30,14:35,target,0.25
2026-02-20,NVDA,call,OTM1,mid,25.0,15:30,16:00,forced,0.0
2026-02-23,NVDA,call,OTM1,mid,25.0,12:30,12:50,target,0.25
2026-02-23,NVDA,call,OTM1,mid,25.0,13:30,13:35,target,0.25
2026-02-23,NVDA,call,OTM1,mid,25.0,14:00,16:00,forced,0.0
2026-02-24,NVDA,call,OTM1,mid,25.0,09:35,09:50,target,0.25
2026-02-24,NVDA,call,OTM1,mid,25.0,13:30,13:35,target,0.25
2026-02-24,NVDA,call,OTM1,mid,25.0,14:00,14:05,target,0.25
2026-02-24,NVDA,call,OTM1,mid,25.0,14:30,14:35,target,0.25
2026-02-25,NVDA,call,OTM1,mid,25.0,09:35,16:00,forced,-0.81705
2026-02-26,NVDA,call,OTM1,mid,25.0,12:30,16:00,forced,-0.58229
2026-02-27,NVDA,call,OTM1,mid,25.0,12:30,12:35,target,0.25
2026-02-27,NVDA,call,OTM1,mid,25.0,13:30,13:35,target,0.25
2026-02-27,NVDA,call,OTM1,mid,25.0,14:00,16:00,forced,-0.02344
2026-03-02,NVDA,call,OTM1,mid,25.0,13:00,16:00,forced,-0.20949
2026-03-03,NVDA,call,OTM1,mid,25.0,13:00,13:45,target,0.25
2026-03-03,NVDA,call,OTM1,mid,25.0,14:00,16:00,forced,0.0
2026-03-04,NVDA,call,OTM1,mid,25.0,10:30,10:35,target,0.25
2026-03-05,NVDA,call,OTM1,mid,25.0,13:00,16:00,forced,-0.45975
2026-03-06,NVDA,call,OTM1,mid,25.0,10:30,10:35,target,0.25
2026-03-06,NVDA,call,OTM1,mid,25.0,11:30,11:40,target,0.25
2026-03-06,NVDA,call,OTM1,mid,25.0,13:30,13:35,target,0.25
2026-03-06,NVDA,call,OTM1,mid,25.0,14:00,14:05,target,0.25
2026-03-06,NVDA,call,OTM1,mid,25.0,15:00,16:00,forced,0.0
2026-03-09,NVDA,call,OTM1,mid,25.0,13:00,16:00,forced,-0.04123
2026-03-10,NVDA,call,OTM1,mid,25.0,13:00,16:00,forced,-0.72207
2026-03-11,NVDA,call,OTM1,mid,25.0,13:00,13:05,target,0.25
2026-03-11,NVDA,call,OTM1,mid,25.0,13:30,13:35,target,0.25
2026-03-11,NVDA,call,OTM1,mid,25.0,14:00,16:00,forced,0.0
2026-03-12,NVDA,call,OTM1,mid,25.0,13:00,13:05,target,0.25
2026-03-12,NVDA,call,OTM1,mid,25.0,13:30,13:35,target,0.25
2026-03-12,NVDA,call,OTM1,mid,25.0,14:00,15:25,target,0.25
2026-03-12,NVDA,call,OTM1,mid,25.0,15:30,16:00,forced,0.0
2026-03-13,NVDA,call,OTM1,mid,25.0,10:30,16:00,forced,-0.32019
2026-02-16,NVDA,call,OTM1,mid,30.0,12:30,14:25,target,0.3
2026-02-16,NVDA,call,OTM1,mid,30.0,14:30,16:00,forced,0.0
2026-02-17,NVDA,call,OTM1,mid,30.0,12:30,12:40,target,0.3
2026-02-17,NVDA,call,OTM1,mid,30.0,15:00,16:00,forced,0.0
2026-02-18,NVDA,call,OTM1,mid,30.0,12:30,13:00,target,0.3
2026-02-18,NVDA,call,OTM1,mid,30.0,13:30,13:45,target,0.3
2026-02-19,NVDA,call,OTM1,mid,30.0,09:35,11:25,target,0.3
2026-02-19,NVDA,call,OTM1,mid,30.0,13:30,14:00,target,0.3
2026-02-19,NVDA,call,OTM1,mid,30.0,14:00,14:05,target,0.3
2026-02-19,NVDA,call,OTM1,mid,30.0,14:30,14:35,target,0.3
2026-02-19,NVDA,call,OTM1,mid,30.0,15:00,15:10,target,0.3
2026-02-19,NVDA,call,OTM1,mid,30.0,15:30,16:00,forced,0.0
2026-02-20,NVDA,call,OTM1,mid,30.0,12:30,13:15,target,0.3
2026-02-20,NVDA,call,OTM1,mid,30.0,13:30,13:45,target,0.3
2026-02-20,NVDA,call,OTM1,mid,30.0,14:00,14:10,target,0.3
2026-02-20,NVDA,call,OTM1,mid,30.0,14:30,14:35,target,0.3
2026-02-20,NVDA,call,OTM1,mid,30.0,15:30,16:00,forced,0.0
2026-02-23,NVDA,call,OTM1,mid,30.0,12:30,12:50,target,0.3
2026-02-23,NVDA,call,OTM1,mid,30.0,13:30,13:35,target,0.3
2026-02-23,NVDA,call,OTM1,mid,30.0,14:00,16:00,forced,0.0
2026-02-24,NVDA,call,OTM1,mid,30.0,09:35,09:50,target,0.3
2026-02-24,NVDA,call,OTM1,mid,30.0,13:30,13:35,target,0.3
2026-02-24,NVDA,call,OTM1,mid,30.0,14:00,14:05,target,0.3
2026-02-24,NVDA,call,OTM1,mid,30.0,14:30,14:35,target,0.3
2026-02-25,NVDA,call,OTM1,mid,30.0,09:35,16:00,forced,-0.81705
2026-02-26,NVDA,call,OTM1,mid,30.0,12:30,16:00,forced,-0.58229
2026-02-27,NVDA,call,OTM1,mid,30.0,12:30,12:35,target,0.3
2026-02-27,NVDA,call,OTM1,mid,30.0,13:30,13:35,target,0.3
2026-02-27,NVDA,call,OTM1,mid,30.0,14:00,16:00,forced,-0.02344
2026-03-02,NVDA,call,OTM1,mid,30.0,13:00,16:00,forced,-0.20949
2026-03-03,NVDA,call,OTM1,mid,30.0,13:00,13:45,target,0.3
2026-03-03,NVDA,call,OTM1,mid,30.0,14:00,16:00,forced,0.0
2026-03-04,NVDA,call,OTM1,mid,30.0,10:30,10:35,target,0.3
2026-03-05,NVDA,call,OTM1,mid,30.0,13:00,16:00,forced,-0.45975
2026-03-06,NVDA,call,OTM1,mid,30.0,10:30,10:35,target,0.3
2026-03-06,NVDA,call,OTM1,mid,30.0,13:30,13:35,target,0.3
2026-03-06,NVDA,call,OTM1,mid,30.0,14:00,14:05,target,0.3
2026-03-06,NVDA,call,OTM1,mid,30.0,15:00,16:00,forced,0.0
2026-03-09,NVDA,call,OTM1,mid,30.0,13:00,16:00,forced,-0.04123
2026-03-10,NVDA,call,OTM1,mid,30.0,13:00,16:00,forced,-0.72207
2026-03-11,NVDA,call,OTM1,mid,30.0,13:00,13:05,target,0.3
2026-03-11,NVDA,call,OTM1,mid,30.0,13:30,13:35,target,0.3
2026-03-11,NVDA,call,OTM1,mid,30.0,14:00,16:00,forced,0.0
2026-03-12,NVDA,call,OTM1,mid,30.0,13:00,13:05,target,0.3
2026-03-12,NVDA,call,OTM1,mid,30.0,13:30,13:35,target,0.3
2026-03-12,NVDA,call,OTM1,mid,30.0,14:00,15:25,target,0.3
2026-03-12,NVDA,call,OTM1,mid,30.0,15:30,16:00,forced,0.0
2026-03-13,NVDA,call,OTM1,mid,30.0,10:30,16:00,forced,-0.32019
2026-02-16,NVDA,call,OTM1,mid,40.0,12:30,14:25,target,0.4
2026-02-16,NVDA,call,OTM1,mid,40.0,14:30,16:00,forced,0.0
2026-02-17,NVDA,call,OTM1,mid,40.0,12:30,12:40,target,0.4
2026-02-17,NVDA,call,OTM1,mid,40.0,15:00,16:00,forced,0.0
2026-02-18,NVDA,call,OTM1,mid,40.0,12:30,13:00,target,0.4
2026-02-18,NVDA,call,OTM1,mid,40.0,13:30,13:45,target,0.4
2026-02-19,NVDA,call,OTM1,mid,40.0,09:35,11:25,target,0.4
2026-02-19,NVDA,call,OTM1,mid,40.0,13:30,14:00,target,0.4
2026-02-19,NVDA,call,OTM1,mid,40.0,14:00,14:05,target,0.4
2026-02-19,NVDA,call,OTM1,mid,40.0,14:30,14:35,target,0.4
2026-02-19,NVDA,call,OTM1,mid,40.0,15:00,15:10,target,0.4
2026-02-19,NVDA,call,OTM1,mid,40.0,15:30,16:00,forced,0.0
2026-02-20,NVDA,call,OTM1,mid,40.0,12:30,13:15,target,0.4
2026-02-20,NVDA,call,OTM1,mid,40.0,13:30,13:45,target,0.4
2026-02-20,NVDA,call,OTM1,mid,40.0,14:00,14:10,target,0.4
2026-02-20,NVDA,call,OTM1,mid,40.0,14:30,14:35,target,0.4
2026-02-20,NVDA,call,OTM1,mid,40.0,15:30,16:00,forced,0.0
2026-02-23,NVDA,call,OTM1,mid,40.0,12:30,12:50,target,0.4
2026-02-23,NVDA,call,OTM1,mid,40.0,13:30,16:00,forced,-0.45534
2026-02-24,NVDA,call,OTM1,mid,40.0,09:35,09:50,target,0.4
2026-02-24,NVDA,call,OTM1,mid,40.0,13:30,14:15,target,0.4
2026-02-24,NVDA,call,OTM1,mid,40.0,14:30,14:35,target,0.4
2026-02-25,NVDA,call,OTM1,mid,40.0,09:35,16:00,forced,-0.81705
2026-02-26,NVDA,call,OTM1,mid,40.0,12:30,16:00,forced,-0.58229
2026-02-27,NVDA,call,OTM1,mid,40.0,12:30,12:35,target,0.4
2026-02-27,NVDA,call,OTM1,mid,40.0,13:30,13:35,target,0.4
2026-02-27,NVDA,call,OTM1,mid,40.0,14:00,16:00,forced,-0.02344
2026-03-02,NVDA,call,OTM1,mid,40.0,13:00,16:00,forced,-0.20949
2026-03-03,NVDA,call,OTM1,mid,40.0,13:00,13:45,target,0.4
2026-03-03,NVDA,call,OTM1,mid,40.0,14:00,16:00,forced,0.0
2026-03-04,NVDA,call,OTM1,mid,40.0,10:30,10:35,target,0.4
2026-03-05,NVDA,call,OTM1,mid,40.0,13:00,16:00,forced,-0.45975
2026-03-06,NVDA,call,OTM1,mid,40.0,10:30,10:35,target,0.4
2026-03-06,NVDA,call,OTM1,mid,40.0,13:30,13:35,target,0.4
2026-03-06,NVDA,call,OTM1,mid,40.0,14:00,14:05,target,0.4
2026-03-06,NVDA,call,OTM1,mid,40.0,15:00,16:00,forced,0.0
2026-03-09,NVDA,call,OTM1,mid,40.0,13:00,16:00,forced,-0.04123
2026-03-10,NVDA,call,OTM1,mid,40.0,13:00,16:00,forced,-0.72207
2026-03-11,NVDA,call,OTM1,mid,40.0,13:00,13:05,target,0.4
2026-03-11,NVDA,call,OTM1,mid,40.0,13:30,13:35,target,0.4
2026-03-11,NVDA,call,OTM1,mid,40.0,14:00,16:00,forced,0.0
2026-03-12,NVDA,call,OTM1,mid,40.0,13:00,13:05,target,0.4
2026-03-12,NVDA,call,OTM1,mid,40.0,13:30,13:35,target,0.4
2026-03-12,NVDA,call,OTM1,mid,40.0,14:00,15:25,target,0.4
2026-03-12,NVDA,call,OTM1,mid,40.0,15:30,16:00,forced,0.0
2026-03-13,NVDA,call,OTM1,mid,40.0,10:30,16:00,forced,-0.32019
2026-02-16,NVDA,call,OTM1,mid,50.0,12:30,14:25,target,0.5
2026-02-16,NVDA,call,OTM1,mid,50.0,14:30,16:00,forced,0.0
2026-02-17,NVDA,call,OTM1,mid,50.0,12:30,12:40,target,0.5
2026-02-17,NVDA,call,OTM1,mid,50.0,15:00,16:00,forced,0.0
2026-02-18,NVDA,call,OTM1,mid,50.0,12:30,13:00,target,0.5
2026-02-18,NVDA,call,OTM1,mid,50.0,13:30,13:45,target,0.5
2026-02-19,NVDA,call,OTM1,mid,50.0,13:30,14:00,target,0.5
2026-02-19,NVDA,call,OTM1,mid,50.0,14:00,14:05,target,0.5
2026-02-19,NVDA,call,OTM1,mid,50.0,14:30,14:35,target,0.5
2026-02-19,NVDA,call,OTM1,mid,50.0,15:00,15:10,target,0.5
2026-02-19,NVDA,call,OTM1,mid,50.0,15:30,16:00,forced,0.0
2026-02-20,NVDA,call,OTM1,mid,50.0,12:30,13:15,target,0.5
2026-02-20,NVDA,call,OTM1,mid,50.0,13:30,13:45,target,0.5
2026-02-20,NVDA,call,OTM1,mid,50.0,14:00,14:10,target,0.5
2026-02-20,NVDA,call,OTM1,mid,50.0,14:30,14:35,target,0.5
2026-02-20,NVDA,call,OTM1,mid,50.0,15:30,16:00,forced,0.0
2026-02-23,NVDA,call,OTM1,mid,50.0,12:30,12:50,target,0.5
2026-02-23,NVDA,call,OTM1,mid,50.0,13:30,16:00,forced,-0.45534
2026-02-24,NVDA,call,OTM1,mid,50.0,13:30,14:15,target,0.5
2026-02-24,NVDA,call,OTM1,mid,50.0,14:30,14:35,target,0.5
2026-02-25,NVDA,call,OTM1,mid,50.0,13:30,13:35,target,0.5
2026-02-25,NVDA,call,OTM1,mid,50.0,14:00,14:05,target,0.5
2026-02-25,NVDA,call,OTM1,mid,50.0,14:30,14:35,target,0.5
2026-02-25,NVDA,call,OTM1,mid,50.0,15:00,16:00,forced,0.0
2026-02-26,NVDA,call,OTM1,mid,50.0,12:30,16:00,forced,-0.58229
2026-02-27,NVDA,call,OTM1,mid,50.0,12:30,12:35,target,0.5
2026-02-27,NVDA,call,OTM1,mid,50.0,13:30,13:35,target,0.5
2026-02-27,NVDA,call,OTM1,mid,50.0,14:00,16:00,forced,-0.02344
2026-03-02,NVDA,call,OTM1,mid,50.0,13:00,16:00,forced,-0.20949
2026-03-03,NVDA,call,OTM1,mid,50.0,13:00,13:45,target,0.5
2026-03-03,NVDA,call,OTM1,mid,50.0,14:00,16:00,forced,0.0
2026-03-04,NVDA,call,OTM1,mid,50.0,10:30,10:35,target,0.5
2026-03-05,NVDA,call,OTM1,mid,50.0,13:00,16:00,forced,-0.45975
2026-03-06,NVDA,call,OTM1,mid,50.0,10:30,10:35,target,0.5
2026-03-06,NVDA,call,OTM1,mid,50.0,13:30,13:35,target,0.5
2026-03-06,NVDA,call,OTM1,mid,50.0,14:00,14:05,target,0.5
2026-03-06,NVDA,call,OTM1,mid,50.0,15:00,16:00,forced,0.0
2026-03-09,NVDA,call,OTM1,mid,50.0,13:00,16:00,forced,-0.04123
2026-03-10,NVDA,call,OTM1,mid,50.0,13:00,16:00,forced,-0.72207
2026-03-11,NVDA,call,OTM1,mid,50.0,13:00,13:05,target,0.5
2026-03-11,NVDA,call,OTM1,mid,50.0,13:30,13:35,target,0.5
2026-03-11,NVDA,call,OTM1,mid,50.0,14:00,16:00,forced,0.0
2026-03-12,NVDA,call,OTM1,mid,50.0,13:00,13:05,target,0.5
2026-03-12,NVDA,call,OTM1,mid,50.0,13:30,13:35,target,0.5
2026-03-12,NVDA,call,OTM1,mid,50.0,14:00,15:25,target,0.5
2026-03-12,NVDA,call,OTM1,mid,50.0,15:30,16:00,forced,0.0
2026-03-13,NVDA,call,OTM1,mid,50.0,10:30,16:00,forced,-0.32019
2026-02-16,NVDA,call,OTM1,mid,60.0,13:30,13:40,target,0.6
2026-02-16,NVDA,call,OTM1,mid,60.0,14:00,14:15,target,0.6
2026-02-16,NVDA,call,OTM1,mid,60.0,14:30,16:00,forced,0.0
2026-02-17,NVDA,call,OTM1,mid,60.0,12:30,12:40,target,0.6
2026-02-17,NVDA,call,OTM1,mid,60.0,15:00,16:00,forced,0.0
2026-02-18,NVDA,call,OTM1,mid,60.0,13:30,13:45,target,0.6
2026-02-19,NVDA,call,OTM1,mid,60.0,13:30,14:00,target,0.6
2026-02-19,NVDA,call,OTM1,mid,60.0,14:00,14:05,target,0.6
2026-02-19,NVDA,call,OTM1,mid,60.0,14:30,14:35,target,0.6
2026-02-19,NVDA,call,OTM1,mid,60.0,15:00,16:00,forced,0.0
2026-02-20,NVDA,call,OTM1,mid,60.0,13:30,13:45,target,0.6
2026-02-20,NVDA,call,OTM1,mid,60.0,14:00,14:10,target,0.6
2026-02-20,NVDA,call,OTM1,mid,60.0,14:30,14:35,target,0.6
2026-02-20,NVDA,call,OTM1,mid,60.0,15:30,16:00,forced,0.0
2026-02-23,NVDA,call,OTM1,mid,60.0,13:30,16:00,forced,-0.45534
2026-02-24,NVDA,call,OTM1,mid,60.0,13:30,14:15,target,0.6
2026-02-24,NVDA,call,OTM1,mid,60.0,14:30,14:45,target,0.6
2026-02-25,NVDA,call,OTM1,mid,60.0,13:30,13:35,target,0.6
2026-02-25,NVDA,call,OTM1,mid,60.0,14:00,14:05,target,0.6
2026-02-25,NVDA,call,OTM1,mid,60.0,14:30,14:35,target,0.6
2026-02-25,NVDA,call,OTM1,mid,60.0,15:00,16:00,forced,0.0
2026-02-26,NVDA,call,OTM1,mid,60.0,13:30,16:00,forced,-0.69335
2026-02-27,NVDA,call,OTM1,mid,60.0,13:30,13:40,target,0.6
2026-02-27,NVDA,call,OTM1,mid,60.0,14:00,16:00,forced,-0.02344
2026-03-02,NVDA,call,OTM1,mid,60.0,13:00,16:00,forced,-0.20949
2026-03-03,NVDA,call,OTM1,mid,60.0,13:00,13:45,target,0.6
2026-03-03,NVDA,call,OTM1,mid,60.0,14:00,16:00,forced,0.0
2026-03-04,NVDA,call,OTM1,mid,60.0,10:30,10:35,target,0.6
2026-03-05,NVDA,call,OTM1,mid,60.0,13:00,16:00,forced,-0.45975
2026-03-06,NVDA,call,OTM1,mid,60.0,10:30,10:35,target,0.6
2026-03-06,NVDA,call,OTM1,mid,60.0,13:30,13:35,target,0.6
2026-03-06,NVDA,call,OTM1,mid,60.0,14:00,14:05,target,0.6
2026-03-06,NVDA,call,OTM1,mid,60.0,15:00,16:00,forced,0.0
2026-03-09,NVDA,call,OTM1,mid,60.0,13:00,16:00,forced,-0.04123
2026-03-10,NVDA,call,OTM1,mid,60.0,13:00,16:00,forced,-0.72207
2026-03-11,NVDA,call,OTM1,mid,60.0,13:00,13:05,target,0.6
2026-03-11,NVDA,call,OTM1,mid,60.0,13:30,13:35,target,0.6
2026-03-11,NVDA,call,OTM1,mid,60.0,14:00,16:00,forced,0.0
2026-03-12,NVDA,call,OTM1,mid,60.0,13:00,13:05,target,0.6
2026-03-12,NVDA,call,OTM1,mid,60.0,13:30,13:35,target,0.6
2026-03-12,NVDA,call,OTM1,mid,60.0,14:00,15:25,target,0.6
2026-03-12,NVDA,call,OTM1,mid,60.0,15:30,16:00,forced,0.0
2026-03-13,NVDA,call,OTM1,mid,60.0,10:30,16:00,forced,-0.32019
2026-02-16,NVDA,call,OTM1,mid,70.0,13:30,13:50,target,0.7
2026-02-16,NVDA,call,OTM1,mid,70.0,14:00,14:15,target,0.7
2026-02-16,NVDA,call,OTM1,mid,70.0,14:30,16:00,forced,0.0
2026-02-17,NVDA,call,OTM1,mid,70.0,12:30,12:40,target,0.7
2026-02-17,NVDA,call,OTM1,mid,70.0,15:00,16:00,forced,0.0
2026-02-18,NVDA,call,OTM1,mid,70.0,13:30,13:45,target,0.7
2026-02-19,NVDA,call,OTM1,mid,70.0,13:30,14:00,target,0.7
2026-02-19,NVDA,call,OTM1,mid,70.0,14:00,14:05,target,0.7
2026-02-19,NVDA,call,OTM1,mid,70.0,14:30,14:35,target,0.7
2026-02-19,NVDA,call,OTM1,mid,70.0,15:00,16:00,forced,0.0
2026-02-20,NVDA,call,OTM1,mid,70.0,13:30,13:45,target,0.7
2026-02-20,NVDA,call,OTM1,mid,70.0,14:00,14:10,target,0.7
2026-02-20,NVDA,call,OTM1,mid,70.0,14:30,14:35,target,0.7
2026-02-20,NVDA,call,OTM1,mid,70.0,15:30,16:00,forced,0.0
2026-02-23,NVDA,call,OTM1,mid,70.0,13:30,16:00,forced,-0.45534
2026-02-24,NVDA,call,OTM1,mid,70.0,13:30,14:15,target,0.7
2026-02-24,NVDA,call,OTM1,mid,70.0,14:30,14:45,target,0.7
2026-02-25,NVDA,call,OTM1,mid,70.0,13:30,13:35,target,0.7
2026-02-25,NVDA,call,OTM1,mid,70.0,14:00,14:05,target,0.7
2026-02-25,NVDA,call,OTM1,mid,70.0,14:30,14:35,target,0.7
2026-02-25,NVDA,call,OTM1,mid,70.0,15:00,16:00,forced,0.0
2026-02-26,NVDA,call,OTM1,mid,70.0,13:30,16:00,forced,-0.69335
2026-02-27,NVDA,call,OTM1,mid,70.0,13:30,13:40,target,0.7
2026-02-27,NVDA,call,OTM1,mid,70.0,14:00,16:00,forced,-0.02344
2026-03-02,NVDA,call,OTM1,mid,70.0,13:00,16:00,forced,-0.20949
2026-03-03,NVDA,call,OTM1,mid,70.0,13:00,13:45,target,0.7
2026-03-03,NVDA,call,OTM1,mid,70.0,14:00,16:00,forced,0.0
2026-03-04,NVDA,call,OTM1,mid,70.0,10:30,10:35,target,0.7
2026-03-05,NVDA,call,OTM1,mid,70.0,13:00,16:00,forced,-0.45975
2026-03-06,NVDA,call,OTM1,mid,70.0,10:30,10:35,target,0.7
2026-03-06,NVDA,call,OTM1,mid,70.0,13:30,13:35,target,0.7
2026-03-06,NVDA,call,OTM1,mid,70.0,14:00,14:05,target,0.7
2026-03-06,NVDA,call,OTM1,mid,70.0,15:00,16:00,forced,0.0
2026-03-09,NVDA,call,OTM1,mid,70.0,13:00,16:00,forced,-0.04123
2026-03-10,NVDA,call,OTM1,mid,70.0,13:00,16:00,forced,-0.72207
2026-03-11,NVDA,call,OTM1,mid,70.0,13:00,13:15,target,0.7
2026-03-11,NVDA,call,OTM1,mid,70.0,13:30,13:40,target,0.7
2026-03-11,NVDA,call,OTM1,mid,70.0,14:00,16:00,forced,0.0
2026-03-12,NVDA,call,OTM1,mid,70.0,13:00,13:05,target,0.7
2026-03-12,NVDA,call,OTM1,mid,70.0,13:30,13:35,target,0.7
2026-03-12,NVDA,call,OTM1,mid,70.0,14:00,15:25,target,0.7
2026-03-12,NVDA,call,OTM1,mid,70.0,15:30,16:00,forced,0.0
2026-03-13,NVDA,call,OTM1,mid,70.0,10:30,16:00,forced,-0.32019
2026-02-16,NVDA,call,OTM1,mid,75.0,13:30,14:15,target,0.75
2026-02-16,NVDA,call,OTM1,mid,75.0,14:30,16:00,forced,0.0
2026-02-17,NVDA,call,OTM1,mid,75.0,12:30,12:40,target,0.75
2026-02-17,NVDA,call,OTM1,mid,75.0,15:00,16:00,forced,0.0
2026-02-18,NVDA,call,OTM1,mid,75.0,13:30,13:45,target,0.75
2026-02-19,NVDA,call,OTM1,mid,75.0,13:30,14:00,target,0.75
2026-02-19,NVDA,call,OTM1,mid,75.0,14:00,14:05,target,0.75
2026-02-19,NVDA,call,OTM1,mid,75.0,14:30,14:35,target,0.75
2026-02-19,NVDA,call,OTM1,mid,75.0,15:00,16:00,forced,0.0
2026-02-20,NVDA,call,OTM1,mid,75.0,13:30,13:45,target,0.75
2026-02-20,NVDA,call,OTM1,mid,75.0,14:00,14:10,target,0.75
2026-02-20,NVDA,call,OTM1,mid,75.0,14:30,14:35,target,0.75
2026-02-20,NVDA,call,OTM1,mid,75.0,15:30,16:00,forced,0.0
2026-02-23,NVDA,call,OTM1,mid,75.0,13:30,16:00,forced,-0.45534
2026-02-24,NVDA,call,OTM1,mid,75.0,13:30,14:15,target,0.75
2026-02-24,NVDA,call,OTM1,mid,75.0,14:30,14:45,target,0.75
2026-02-25,NVDA,call,OTM1,mid,75.0,13:30,13:35,target,0.75
2026-02-25,NVDA,call,OTM1,mid,75.0,14:00,14:05,target,0.75
2026-02-25,NVDA,call,OTM1,mid,75.0,14:30,14:35,target,0.75
2026-02-25,NVDA,call,OTM1,mid,75.0,15:00,16:00,forced,0.0
2026-02-26,NVDA,call,OTM1,mid,75.0,13:30,16:00,forced,-0.69335
2026-02-27,NVDA,call,OTM1,mid,75.0,13:30,13:40,target,0.75
2026-02-27,NVDA,call,OTM1,mid,75.0,14:00,16:00,forced,-0.02344
2026-03-02,NVDA,call,OTM1,mid,75.0,13:00,16:00,forced,-0.20949
2026-03-03,NVDA,call,OTM1,mid,75.0,13:00,13:45,target,0.75
2026-03-03,NVDA,call,OTM1,mid,75.0,14:00,16:00,forced,0.0
2026-03-04,NVDA,call,OTM1,mid,75.0,10:30,10:35,target,0.75
2026-03-05,NVDA,call,OTM1,mid,75.0,13:00,16:00,forced,-0.45975
2026-03-06,NVDA,call,OTM1,mid,75.0,10:30,10:35,target,0.75
2026-03-06,NVDA,call,OTM1,mid,75.0,13:30,13:35,target,0.75
2026-03-06,NVDA,call,OTM1,mid,75.0,14:00,14:05,target,0.75
2026-03-06,NVDA,call,OTM1,mid,75.0,15:00,16:00,forced,0.0
2026-03-09,NVDA,call,OTM1,mid,75.0,13:00,16:00,forced,-0.04123
2026-03-10,NVDA,call,OTM1,mid,75.0,13:00,16:00,forced,-0.72207
2026-03-11,NVDA,call,OTM1,mid,75.0,13:00,13:15,target,0.75
2026-03-11,NVDA,call,OTM1,mid,75.0,13:30,13:40,target,0.75
2026-03-11,NVDA,call,OTM1,mid,75.0,14:00,16:00,forced,0.0
2026-03-12,NVDA,call,OTM1,mid,75.0,13:00,13:05,target,0.75
2026-03-12,NVDA,call,OTM1,mid,75.0,13:30,13:35,target,0.75
2026-03-12,NVDA,call,OTM1,mid,75.0,14:00,15:25,target,0.75
2026-03-12,NVDA,call,OTM1,mid,75.0,15:30,16:00,forced,0.0
2026-03-13,NVDA,call,OTM1,mid,75.0,10:30,16:00,forced,-0.32019
2026-02-16,NVDA,call,OTM1,mid,80.0,13:30,14:20,target,0.8
2026-02-16,NVDA,call,OTM1,mid,80.0,14:30,16:00,forced,0.0
2026-02-17,NVDA,call,OTM1,mid,80.0,12:30,12:40,target,0.8
2026-02-17,NVDA,call,OTM1,mid,80.0,15:00,16:00,forced,0.0
2026-02-18,NVDA,call,OTM1,mid,80.0,13:30,13:45,target,0.8
2026-02-19,NVDA,call,OTM1,mid,80.0,13:30,14:00,target,0.8
2026-02-19,NVDA,call,OTM1,mid,80.0,14:00,14:05,target,0.8
2026-02-19,NVDA,call,OTM1,mid,80.0,14:30,14:35,target,0.8
2026-02-19,NVDA,call,OTM1,mid,80.0,15:00,16:00,forced,0.0
2026-02-20,NVDA,call,OTM1,mid,80.0,13:30,13:45,target,0.8
2026-02-20,NVDA,call,OTM1,mid,80.0,14:00,14:10,target,0.8
2026-02-20,NVDA,call,OTM1,mid,80.0,14:30,14:35,target,0.8
2026-02-20,NVDA,call,OTM1,mid,80.0,15:30,16:00,forced,0.0
2026-02-23,NVDA,call,OTM1,mid,80.0,13:30,16:00,forced,-0.45534
2026-02-24,NVDA,call,OTM1,mid,80.0,13:30,14:15,target,0.8
2026-02-24,NVDA,call,OTM1,mid,80.0,14:30,14:45,target,0.8
2026-02-25,NVDA,call,OTM1,mid,80.0,13:30,13:35,target,0.8
2026-02-25,NVDA,call,OTM1,mid,80.0,14:00,14:05,target,0.8
2026-02-25,NVDA,call,OTM1,mid,80.0,14:30,14:35,target,0.8
2026-02-25,NVDA,call,OTM1,mid,80.0,15:00,16:00,forced,0.0
2026-02-26,NVDA,call,OTM1,mid,80.0,13:30,16:00,forced,-0.69335
2026-02-27,NVDA,call,OTM1,mid,80.0,13:30,13:40,target,0.8
2026-02-27,NVDA,call,OTM1,mid,80.0,14:00,16:00,forced,-0.02344
2026-03-02,NVDA,call,OTM1,mid,80.0,13:00,16:00,forced,-0.20949
2026-03-03,NVDA,call,OTM1,mid,80.0,13:00,13:45,target,0.8
2026-03-03,NVDA,call,OTM1,mid,80.0,14:00,16:00,forced,0.0
2026-03-04,NVDA,call,OTM1,mid,80.0,10:30,10:35,target,0.8
2026-03-05,NVDA,call,OTM1,mid,80.0,13:00,16:00,forced,-0.45975
2026-03-06,NVDA,call,OTM1,mid,80.0,10:30,10:35,target,0.8
2026-03-06,NVDA,call,OTM1,mid,80.0,13:30,13:35,target,0.8
2026-03-06,NVDA,call,OTM1,mid,80.0,14:00,14:05,target,0.8
2026-03-06,NVDA,call,OTM1,mid,80.0,15:00,16:00,forced,0.0
2026-03-09,NVDA,call,OTM1,mid,80.0,13:00,16:00,forced,-0.04123
2026-03-10,NVDA,call,OTM1,mid,80.0,13:00,16:00,forced,-0.72207
2026-03-11,NVDA,call,OTM1,mid,80.0,13:00,13:15,target,0.8
2026-03-11,NVDA,call,OTM1,mid,80.0,13:30,13:40,target,0.8
2026-03-11,NVDA,call,OTM1,mid,80.0,14:00,16:00,forced,0.0
2026-03-12,NVDA,call,OTM1,mid,80.0,13:00,13:05,target,0.8
2026-03-12,NVDA,call,OTM1,mid,80.0,13:30,13:35,target,0.8
2026-03-12,NVDA,call,OTM1,mid,80.0,14:00,15:25,target,0.8
2026-03-12,NVDA,call,OTM1,mid,80.0,15:30,16:00,forced,0.0
2026-03-13,NVDA,call,OTM1,mid,80.0,10:30,16:00,forced,-0.32019
2026-02-16,NVDA,call,OTM1,mid,90.0,13:30,14:20,target,0.9
2026-02-16,NVDA,call,OTM1,mid,90.0,14:30,16:00,forced,0.0
2026-02-17,NVDA,call,OTM1,mid,90.0,12:30,12:40,target,0.9
2026-02-17,NVDA,call,OTM1,mid,90.0,15:00,16:00,forced,0.0
2026-02-18,NVDA,call,OTM1,mid,90.0,13:30,13:45,target,0.9
2026-02-19,NVDA,call,OTM1,mid,90.0,13:30,14:00,target,0.9
2026-02-19,NVDA,call,OTM1,mid,90.0,14:00,14:05,target,0.9
2026-02-19,NVDA,call,OTM1,mid,90.0,14:30,14:35,target,0.9
2026-02-19,NVDA,call,OTM1,mid,90.0,15:00,16:00,forced,0.0
2026-02-20,NVDA,call,OTM1,mid,90.0,13:30,13:45,target,0.9
2026-02-20,NVDA,call,OTM1,mid,90.0,14:00,14:10,target,0.9
2026-02-20,NVDA,call,OTM1,mid,90.0,14:30,14:35,target,0.9
2026-02-20,NVDA,call,OTM1,mid,90.0,15:30,16:00,forced,0.0
2026-02-23,NVDA,call,OTM1,mid,90.0,13:30,16:00,forced,-0.45534
2026-02-24,NVDA,call,OTM1,mid,90.0,13:30,14:15,target,0.9
2026-02-24,NVDA,call,OTM1,mid,90.0,14:30,14:45,target,0.9
2026-02-25,NVDA,call,OTM1,mid,90.0,13:30,13:35,target,0.9
2026-02-25,NVDA,call,OTM1,mid,90.0,14:00,14:05,target,0.9
2026-02-25,NVDA,call,OTM1,mid,90.0,14:30,14:35,target,0.9
2026-02-25,NVDA,call,OTM1,mid,90.0,15:00,16:00,forced,0.0
2026-02-26,NVDA,call,OTM1,mid,90.0,13:30,16:00,forced,-0.69335
2026-02-27,NVDA,call,OTM1,mid,90.0,13:30,13:40,target,0.9
2026-02-27,NVDA,call,OTM1,mid,90.0,14:00,16:00,forced,-0.02344
2026-03-02,NVDA,call,OTM1,mid,90.0,13:00,16:00,forced,-0.20949
2026-03-03,NVDA,call,OTM1,mid,90.0,13:00,13:45,target,0.9
2026-03-03,NVDA,call,OTM1,mid,90.0,14:00,16:00,forced,0.0
2026-03-04,NVDA,call,OTM1,mid,90.0,10:30,10:35,target,0.9
2026-03-05,NVDA,call,OTM1,mid,90.0,13:00,16:00,forced,-0.45975
2026-03-06,NVDA,call,OTM1,mid,90.0,13:30,13:35,target,0.9
2026-03-06,NVDA,call,OTM1,mid,90.0,14:00,14:05,target,0.9
2026-03-06,NVDA,call,OTM1,mid,90.0,15:00,16:00,forced,0.0
2026-03-09,NVDA,call,OTM1,mid,90.0,13:00,16:00,forced,-0.04123
2026-03-10,NVDA,call,OTM1,mid,90.0,13:00,16:00,forced,-0.72207
2026-03-11,NVDA,call,OTM1,mid,90.0,13:00,13:15,target,0.9
2026-03-11,NVDA,call,OTM1,mid,90.0,13:30,13:40,target,0.9
2026-03-11,NVDA,call,OTM1,mid,90.0,14:00,16:00,forced,0.0
2026-03-12,NVDA,call,OTM1,mid,90.0,13:00,13:05,target,0.9
2026-03-12,NVDA,call,OTM1,mid,90.0,13:30,13:35,target,0.9
2026-03-12,NVDA,call,OTM1,mid,90.0,14:00,15:25,target,0.9
2026-03-12,NVDA,call,OTM1,mid,90.0,15:30,16:00,forced,0.0
2026-03-13,NVDA,call,OTM1,mid,90.0,10:30,16:00,forced,-0.32019
2026-02-16,NVDA,call,OTM1,mid,100.0,13:30,14:20,target,1.0
2026-02-16,NVDA,call,OTM1,mid,100.0,14:30,16:00,forced,0.0
2026-02-17,NVDA,call,OTM1,mid,100.0,12:30,12:40,target,1.0
2026-02-17,NVDA,call,OTM1,mid,100.0,15:00,16:00,forced,0.0
2026-02-18,NVDA,call,OTM1,mid,100.0,13:30,13:45,target,1.0
2026-02-19,NVDA,call,OTM1,mid,100.0,13:30,14:00,target,1.0
2026-02-19,NVDA,call,OTM1,mid,100.0,14:00,14:05,target,1.0
2026-02-19,NVDA,call,OTM1,mid,100.0,14:30,14:35,target,1.0
2026-02-19,NVDA,call,OTM1,mid,100.0,15:00,16:00,forced,0.0
2026-02-20,NVDA,call,OTM1,mid,100.0,13:30,13:45,target,1.0
2026-02-20,NVDA,call,OTM1,mid,100.0,14:00,14:10,target,1.0
2026-02-20,NVDA,call,OTM1,mid,100.0,14:30,14:35,target,1.0
2026-02-20,NVDA,call,OTM1,mid,100.0,15:30,16:00,forced,0.0
2026-02-23,NVDA,call,OTM1,mid,100.0,13:30,16:00,forced,-0.45534
2026-02-24,NVDA,call,OTM1,mid,100.0,13:30,14:15,target,1.0
2026-02-24,NVDA,call,OTM1,mid,100.0,14:30,14:45,target,1.0
2026-02-25,NVDA,call,OTM1,mid,100.0,13:30,13:35,target,1.0
2026-02-25,NVDA,call,OTM1,mid,100.0,14:00,14:05,target,1.0
2026-02-25,NVDA,call,OTM1,mid,100.0,14:30,14:35,target,1.0
2026-02-25,NVDA,call,OTM1,mid,100.0,15:00,16:00,forced,0.0
2026-02-26,NVDA,call,OTM1,mid,100.0,13:30,16:00,forced,-0.69335
2026-02-27,NVDA,call,OTM1,mid,100.0,13:30,13:40,target,1.0
2026-02-27,NVDA,call,OTM1,mid,100.0,14:00,16:00,forced,-0.02344
2026-03-02,NVDA,call,OTM1,mid,100.0,13:00,16:00,forced,-0.20949
2026-03-03,NVDA,call,OTM1,mid,100.0,13:00,13:45,target,1.0
2026-03-03,NVDA,call,OTM1,mid,100.0,14:00,16:00,forced,0.0
2026-03-04,NVDA,call,OTM1,mid,100.0,10:30,10:35,target,1.0
2026-03-05,NVDA,call,OTM1,mid,100.0,13:00,16:00,forced,-0.45975
2026-03-06,NVDA,call,OTM1,mid,100.0,13:30,13:35,target,1.0
2026-03-06,NVDA,call,OTM1,mid,100.0,14:00,14:05,target,1.0
2026-03-06,NVDA,call,OTM1,mid,100.0,15:00,16:00,forced,0.0
2026-03-09,NVDA,call,OTM1,mid,100.0,13:00,16:00,forced,-0.04123
2026-03-10,NVDA,call,OTM1,mid,100.0,13:00,16:00,forced,-0.72207
2026-03-11,NVDA,call,OTM1,mid,100.0,13:00,13:15,target,1.0
2026-03-11,NVDA,call,OTM1,mid,100.0,13:30,13:40,target,1.0
2026-03-11,NVDA,call,OTM1,mid,100.0,14:00,16:00,forced,0.0
2026-03-12,NVDA,call,OTM1,mid,100.0,13:00,13:05,target,1.0
2026-03-12,NVDA,call,OTM1,mid,100.0,13:30,13:35,target,1.0
2026-03-12,NVDA,call,OTM1,mid,100.0,14:00,15:25,target,1.0
2026-03-12,NVDA,call,OTM1,mid,100.0,15:30,16:00,forced,0.0
2026-03-13,NVDA,call,OTM1,mid,100.0,10:30,16:00,forced,-0.32019
2026-02-16,NVDA,call,OTM1,market,20.0,12:30,14:25,target,0.2
2026-02-16,NVDA,call,OTM1,market,20.0,14:30,16:00,forced,-0.03922
2026-02-17,NVDA,call,OTM1,market,20.0,12:30,12:40,target,0.2
2026-02-17,NVDA,call,OTM1,market,20.0,15:00,16:00,forced,-0.03922
2026-02-18,NVDA,call,OTM1,market,20.0,12:30,13:00,target,0.2
2026-02-18,NVDA,call,OTM1,market,20.0,13:30,13:45,target,0.2
2026-02-19,NVDA,call,OTM1,market,20.0,11:30,11:50,target,0.2
2026-02-19,NVDA,call,OTM1,market,20.0,13:30,14:00,target,0.2
2026-02-19,NVDA,call,OTM1,market,20.0,14:00,14:05,target,0.2
2026-02-19,NVDA,call,OTM1,market,20.0,14:30,14:35,target,0.2
2026-02-19,NVDA,call,OTM1,market,20.0,15:00,15:10,target,0.2
2026-02-19,NVDA,call,OTM1,market,20.0,15:30,16:00,forced,-0.03922
2026-02-20,NVDA,call,OTM1,market,20.0,12:30,13:15,target,0.2
2026-02-20,NVDA,call,OTM1,market,20.0,13:30,13:45,target,0.2
2026-02-20,NVDA,call,OTM1,market,20.0,14:00,14:10,target,0.2
2026-02-20,NVDA,call,OTM1,market,20.0,14:30,14:35,target,0.2
2026-02-20,NVDA,call,OTM1,market,20.0,15:30,16:00,forced,-0.03922
2026-02-23,NVDA,call,OTM1,market,20.0,12:30,12:50,target,0.2
2026-02-23,NVDA,call,OTM1,market,20.0,13:30,13:35,target,0.2
2026-02-23,NVDA,call,OTM1,market,20.0,14:00,16:00,forced,-0.03922
2026-02-24,NVDA,call,OTM1,market,20.0,09:35,09:50,target,0.2
2026-02-24,NVDA,call,OTM1,market,20.0,13:30,13:35,target,0.2
2026-02-24,NVDA,call,OTM1,market,20.0,14:00,14:05,target,0.2
2026-02-24,NVDA,call,OTM1,market,20.0,14:30,14:35,target,0.2
2026-02-25,NVDA,call,OTM1,market,20.0,09:35,16:00,forced,-0.82425
2026-02-26,NVDA,call,OTM1,market,20.0,12:30,16:00,forced,-0.59869
2026-02-27,NVDA,call,OTM1,market,20.0,12:30,12:35,target,0.2
2026-02-27,NVDA,call,OTM1,market,20.0,13:30,13:35,target,0.2
2026-02-27,NVDA,call,OTM1,market,20.0,14:00,16:00,forced,-0.0613
2026-03-02,NVDA,call,OTM1,market,20.0,13:00,16:00,forced,-0.24031
2026-03-03,NVDA,call,OTM1,market,20.0,13:00,13:45,target,0.2
2026-03-03,NVDA,call,OTM1,market,20.0,14:00,16:00,forced,-0.03922
2026-03-04,NVDA,call,OTM1,market,20.0,10:30,10:35,target,0.2
2026-03-05,NVDA,call,OTM1,market,20.0,13:00,16:00,forced,-0.48093
2026-03-06,NVDA,call,OTM1,market,20.0,10:30,10:35,target,0.2
2026-03-06,NVDA,call,OTM1,market,20.0,11:30,11:40,target,0.2
2026-03-06,NVDA,call,OTM1,market,20.0,13:30,13:35,target,0.2
2026-03-06,NVDA,call,OTM1,market,20.0,14:00,14:05,target,0.2
2026-03-06,NVDA,call,OTM1,market,20.0,15:00,16:00,forced,-0.03922
2026-03-09,NVDA,call,OTM1,market,20.0,13:00,16:00,forced,-0.07895
2026-03-10,NVDA,call,OTM1,market,20.0,13:00,16:00,forced,-0.73297
2026-03-11,NVDA,call,OTM1,market,20.0,13:00,13:05,target,0.2
2026-03-11,NVDA,call,OTM1,market,20.0,13:30,13:35,target,0.2
2026-03-11,NVDA,call,OTM1,market,20.0,14:00,16:00,forced,-0.03922
2026-03-12,NVDA,call,OTM1,market,20.0,13:00,13:05,target,0.2
2026-03-12,NVDA,call,OTM1,market,20.0,13:30,13:35,target,0.2
2026-03-12,NVDA,call,OTM1,market,20.0,14:00,15:25,target,0.2
2026-03-12,NVDA,call,OTM1,market,20.0,15:30,16:00,forced,-0.03922
2026-03-13,NVDA,call,OTM1,market,20.0,10:30,16:00,forced,-0.34667
2026-02-16,NVDA,call,OTM1,market,25.0,12:30,14:25,target,0.25
2026-02-16,NVDA,call,OTM1,market,25.0,14:30,16:00,forced,-0.03922
2026-02-17,NVDA,call,OTM1,market,25.0,12:30,12:40,target,0.25
2026-02-17,NVDA,call,OTM1,market,25.0,15:00,16:00,forced,-0.03922
2026-02-18,NVDA,call,OTM1,market,25.0,12:30,13:00,target,0.25
2026-02-18,NVDA,call,OTM1,market,25.0,13:30,13:45,target,0.25
2026-02-19,NVDA,call,OTM1,market,25.0,09:35,11:25,target,0.25
2026-02-19,NVDA,call,OTM1,market,25.0,13:30,14:00,target,0.25
2026-02-19,NVDA,call,OTM1,market,25.0,14:00,14:05,target,0.25
2026-02-19,NVDA,call,OTM1,market,25.0,14:30,14:35,target,0.25
2026-02-19,NVDA,call,OTM1,market,25.0,15:00,15:10,target,0.25
2026-02-19,NVDA,call,OTM1,market,25.0,15:30,16:00,forced,-0.03922
2026-02-20,NVDA,call,OTM1,market,25.0,12:30,13:15,target,0.25
2026-02-20,NVDA,call,OTM1,market,25.0,13:30,13:45,target,0.25
2026-02-20,NVDA,call,OTM1,market,25.0,14:00,14:10,target,0.25
2026-02-20,NVDA,call,OTM1,market,25.0,14:30,14:35,target,0.25
2026-02-20,NVDA,call,OTM1,market,25.0,15:30,16:00,forced,-0.03922
2026-02-23,NVDA,call,OTM1,market,25.0,12:30,12:50,target,0.25
2026-02-23,NVDA,call,OTM1,market,25.0,13:30,13:35,target,0.25
2026-02-23,NVDA,call,OTM1,market,25.0,14:00,16:00,forced,-0.03922
2026-02-24,NVDA,call,OTM1,market,25.0,09:35,09:50,target,0.25
2026-02-24,NVDA,call,OTM1,market,25.0,13:30,13:35,target,0.25
2026-02-24,NVDA,call,OTM1,market,25.0,14:00,14:05,target,0.25
2026-02-24,NVDA,call,OTM1,market,25.0,14:30,14:35,target,0.25
2026-02-25,NVDA,call,OTM1,market,25.0,09:35,16:00,forced,-0.82425
2026-02-26,NVDA,call,OTM1,market,25.0,12:30,16:00,forced,-0.59869
2026-02-27,NVDA,call,OTM1,market,25.0,12:30,12:35,target,0.25
2026-02-27,NVDA,call,OTM1,market,25.0,13:30,13:35,target,0.25
2026-02-27,NVDA,call,OTM1,market,25.0,14:00,16:00,forced,-0.0613
2026-03-02,NVDA,call,OTM1,market,25.0,13:00,16:00,forced,-0.24031
2026-03-03,NVDA,call,OTM1,market,25.0,13:00,13:45,target,0.25
2026-03-03,NVDA,call,OTM1,market,25.0,14:00,16:00,forced,-0.03922
2026-03-04,NVDA,call,OTM1,market,25.0,10:30,10:35,target,0.25
2026-03-05,NVDA,call,OTM1,market,25.0,13:00,16:00,forced,-0.48093
2026-03-06,NVDA,call,OTM1,market,25.0,10:30,10:35,target,0.25
2026-03-06,NVDA,call,OTM1,market,25.0,13:30,13:35,target,0.25
2026-03-06,NVDA,call,OTM1,market,25.0,14:00,14:05,target,0.25
2026-03-06,NVDA,call,OTM1,market,25.0,15:00,16:00,forced,-0.03922
2026-03-09,NVDA,call,OTM1,market,25.0,13:00,16:00,forced,-0.07895
2026-03-10,NVDA,call,OTM1,market,25.0,13:00,16:00,forced,-0.73297
2026-03-11,NVDA,call,OTM1,market,25.0,13:00,13:05,target,0.25
2026-03-11,NVDA,call,OTM1,market,25.0,13:30,13:35,target,0.25
2026-03-11,NVDA,call,OTM1,market,25.0,14:00,16:00,forced,-0.03922
2026-03-12,NVDA,call,OTM1,market,25.0,13:00,13:05,target,0.25
2026-03-12,NVDA,call,OTM1,market,25.0,13:30,13:35,target,0.25
2026-03-12,NVDA,call,OTM1,market,25.0,14:00,15:25,target,0.25
2026-03-12,NVDA,call,OTM1,market,25.0,15:30,16:00,forced,-0.03922
2026-03-13,NVDA,call,OTM1,market,25.0,10:30,16:00,forced,-0.34667
2026-02-16,NVDA,call,OTM1,market,30.0,12:30,14:25,target,0.3
2026-02-16,NVDA,call,OTM1,market,30.0,14:30,16:00,forced,-0.03922
2026-02-17,NVDA,call,OTM1,market,30.0,12:30,12:40,target,0.3
2026-02-17,NVDA,call,OTM1,market,30.0,15:00,16:00,forced,-0.03922
2026-02-18,NVDA,call,OTM1,market,30.0,12:30,13:00,target,0.3
2026-02-18,NVDA,call,OTM1,market,30.0,13:30,13:45,target,0.3
2026-02-19,NVDA,call,OTM1,market,30.0,09:35,11:25,target,0.3
2026-02-19,NVDA,call,OTM1,market,30.0,13:30,14:00,target,0.3
2026-02-19,NVDA,call,OTM1,market,30.0,14:00,14:05,target,0.3
2026-02-19,NVDA,call,OTM1,market,30.0,14:30,14:35,target,0.3
2026-02-19,NVDA,call,OTM1,market,30.0,15:00,15:10,target,0.3
2026-02-19,NVDA,call,OTM1,market,30.0,15:30,16:00,forced,-0.03922
2026-02-20,NVDA,call,OTM1,market,30.0,12:30,13:15,target,0.3
2026-02-20,NVDA,call,OTM1,market,30.0,13:30,13:45,target,0.3
2026-02-20,NVDA,call,OTM1,market,30.0,14:00,14:10,target,0.3
2026-02-20,NVDA,call,OTM1,market,30.0,14:30,14:35,target,0.3
2026-02-20,NVDA,call,OTM1,market,30.0,15:30,16:00,forced,-0.03922
2026-02-23,NVDA,call,OTM1,market,30.0,12:30,12:50,target,0.3
2026-02-23,NVDA,call,OTM1,market,30.0,13:30,13:35,target,0.3
2026-02-23,NVDA,call,OTM1,market,30.0,14:00,16:00,forced,-0.03922
2026-02-24,NVDA,call,OTM1,market,30.0,09:35,09:50,target,0.3
2026-02-24,NVDA,call,OTM1,market,30.0,13:30,14:15,target,0.3
2026-02-24,NVDA,call,OTM1,market,30.0,14:30,14:35,target,0.3
2026-02-25,NVDA,call,OTM1,market,30.0,09:35,16:00,forced,-0.82425
2026-02-26,NVDA,call,OTM1,market,30.0,12:30,16:00,forced,-0.59869
2026-02-27,NVDA,call,OTM1,market,30.0,12:30,12:35,target,0.3
2026-02-27,NVDA,call,OTM1,market,30.0,13:30,13:35,target,0.3
2026-02-27,NVDA,call,OTM1,market,30.0,14:00,16:00,forced,-0.0613
2026-03-02,NVDA,call,OTM1,market,30.0,13:00,16:00,forced,-0.24031
2026-03-03,NVDA,call,OTM1,market,30.0,13:00,13:45,target,0.3
2026-03-03,NVDA,call,OTM1,market,30.0,14:00,16:00,forced,-0.03922
2026-03-04,NVDA,call,OTM1,market,30.0,10:30,10:35,target,0.3
2026-03-05,NVDA,call,OTM1,market,30.0,13:00,16:00,forced,-0.48093
2026-03-06,NVDA,call,OTM1,market,30.0,10:30,10:35,target,0.3
2026-03-06,NVDA,call,OTM1,market,30.0,13:30,13:35,target,0.3
2026-03-06,NVDA,call,OTM1,market,30.0,14:00,14:05,target,0.3
2026-03-06,NVDA,call,OTM1,market,30.0,15:00,16:00,forced,-0.03922
2026-03-09,NVDA,call,OTM1,market,30.0,13:00,16:00,forced,-0.07895
2026-03-10,NVDA,call,OTM1,market,30.0,13:00,16:00,forced,-0.73297
2026-03-11,NVDA,call,OTM1,market,30.0,13:00,13:05,target,0.3
2026-03-11,NVDA,call,OTM1,market,30.0,13:30,13:35,target,0.3
2026-03-11,NVDA,call,OTM1,market,30.0,14:00,16:00,forced,-0.03922
2026-03-12,NVDA,call,OTM1,market,30.0,13:00,13:05,target,0.3
2026-03-12,NVDA,call,OTM1,market,30.0,13:30,13:35,target,0.3
2026-03-12,NVDA,call,OTM1,market,30.0,14:00,15:25,target,0.3
2026-03-12,NVDA,call,OTM1,market,30.0,15:30,16:00,forced,-0.03922
2026-03-13,NVDA,call,OTM1,market,30.0,10:30,16:00,forced,-0.34667
2026-02-16,NVDA,call,OTM1,market,40.0,12:30,14:25,target,0.4
2026-02-16,NVDA,call,OTM1,market,40.0,14:30,16:00,forced,-0.03922
2026-02-17,NVDA,call,OTM1,market,40.0,12:30,12:40,target,0.4
2026-02-17,NVDA,call,OTM1,market,40.0,15:00,16:00,forced,-0.03922
2026-02-18,NVDA,call,OTM1,market,40.0,12:30,13:00,target,0.4
2026-02-18,NVDA,call,OTM1,market,40.0,13:30,13:45,target,0.4
2026-02-19,NVDA,call,OTM1,market,40.0,13:30,14:00,target,0.4
2026-02-19,NVDA,call,OTM1,market,40.0,14:00,14:05,target,0.4
2026-02-19,NVDA,call,OTM1,market,40.0,14:30,14:35,target,0.4
2026-02-19,NVDA,call,OTM1,market,40.0,15:00,15:10,target,0.4
2026-02-19,NVDA,call,OTM1,market,40.0,15:30,16:00,forced,-0.03922
2026-02-20,NVDA,call,OTM1,market,40.0,12:30,13:15,target,0.4
2026-02-20,NVDA,call,OTM1,market,40.0,13:30,13:45,target,0.4
2026-02-20,NVDA,call,OTM1,market,40.0,14:00,14:10,target,0.4
2026-02-20,NVDA,call,OTM1,market,40.0,14:30,14:35,target,0.4
2026-02-20,NVDA,call,OTM1,market,40.0,15:30,16:00,forced,-0.03922
2026-02-23,NVDA,call,OTM1,market,40.0,12:30,12:50,target,0.4
2026-02-23,NVDA,call,OTM1,market,40.0,13:30,16:00,forced,-0.4765
2026-02-24,NVDA,call,OTM1,market,40.0,13:30,14:15,target,0.4
2026-02-24,NVDA,call,OTM1,market,40.0,14:30,14:35,target,0.4
2026-02-25,NVDA,call,OTM1,market,40.0,13:30,13:35,target,0.4
2026-02-25,NVDA,call,OTM1,market,40.0,14:00,14:05,target,0.4
2026-02-25,NVDA,call,OTM1,market,40.0,14:30,14:35,target,0.4
2026-02-25,NVDA,call,OTM1,market,40.0,15:00,16:00,forced,-0.03922
2026-02-26,NVDA,call,OTM1,market,40.0,12:30,16:00,forced,-0.59869
2026-02-27,NVDA,call,OTM1,market,40.0,12:30,12:35,target,0.4
2026-02-27,NVDA,call,OTM1,market,40.0,13:30,13:35,target,0.4
2026-02-27,NVDA,call,OTM1,market,40.0,14:00,16:00,forced,-0.0613
2026-03-02,NVDA,call,OTM1,market,40.0,13:00,16:00,forced,-0.24031
2026-03-03,NVDA,call,OTM1,market,40.0,13:00,13:45,target,0.4
2026-03-03,NVDA,call,OTM1,market,40.0,14:00,16:00,forced,-0.03922
2026-03-04,NVDA,call,OTM1,market,40.0,10:30,10:35,target,0.4
2026-03-05,NVDA,call,OTM1,market,40.0,13:00,16:00,forced,-0.48093
2026-03-06,NVDA,call,OTM1,market,40.0,10:30,10:35,target,0.4
2026-03-06,NVDA,call,OTM1,market,40.0,13:30,13:35,target,0.4
2026-03-06,NVDA,call,OTM1,market,40.0,14:00,14:05,target,0.4
2026-03-06,NVDA,call,OTM1,market,40.0,15:00,16:00,forced,-0.03922
2026-03-09,NVDA,call,OTM1,market,40.0,13:00,16:00,forced,-0.07895
2026-03-10,NVDA,call,OTM1,market,40.0,13:00,16:00,forced,-0.73297
2026-03-11,NVDA,call,OTM1,market,40.0,13:00,13:05,target,0.4
2026-03-11,NVDA,call,OTM1,market,40.0,13:30,13:35,target,0.4
2026-03-11,NVDA,call,OTM1,market,40.0,14:00,16:00,forced,-0.03922
2026-03-12,NVDA,call,OTM1,market,40.0,13:00,13:05,target,0.4
2026-03-12,NVDA,call,OTM1,market,40.0,13:30,13:35,target,0.4
2026-03-12,NVDA,call,OTM1,market,40.0,14:00,15:25,target,0.4
2026-03-12,NVDA,call,OTM1,market,40.0,15:30,16:00,forced,-0.03922
2026-03-13,NVDA,call,OTM1,market,40.0,10:30,16:00,forced,-0.34667
2026-02-16,NVDA,call,OTM1,market,50.0,13:30,13:40,target,0.5
2026-02-16,NVDA,call,OTM1,market,50.0,14:00,14:15,target,0.5
2026-02-16,NVDA,call,OTM1,market,50.0,14:30,16:00,forced,-0.03922
2026-02-17,NVDA,call,OTM1,market,50.0,12:30,12:40,target,0.5
2026-02-17,NVDA,call,OTM1,market,50.0,15:00,16:00,forced,-0.03922
2026-02-18,NVDA,call,OTM1,market,50.0,13:30,13:45,target,0.5
2026-02-19,NVDA,call,OTM1,market,50.0,13:30,14:00,target,0.5
2026-02-19,NVDA,call,OTM1,market,50.0,14:00,14:05,target,0.5
2026-02-19,NVDA,call,OTM1,market,50.0,14:30,14:35,target,0.5
2026-02-19,NVDA,call,OTM1,market,50.0,15:00,15:10,target,0.5
2026-02-19,NVDA,call,OTM1,market,50.0,15:30,16:00,forced,-0.03922
2026-02-20,NVDA,call,OTM1,market,50.0,13:30,13:45,target,0.5
2026-02-20,NVDA,call,OTM1,market,50.0,14:00,14:10,target,0.5
2026-02-20,NVDA,call,OTM1,market,50.0,14:30,14:35,target,0.5
2026-02-20,NVDA,call,OTM1,market,50.0,15:30,16:00,forced,-0.03922
2026-02-23,NVDA,call,OTM1,market,50.0,13:30,16:00,forced,-0.4765
2026-02-24,NVDA,call,OTM1,market,50.0,13:30,14:15,target,0.5
2026-02-24,NVDA,call,OTM1,market,50.0,14:30,14:35,target,0.5
2026-02-25,NVDA,call,OTM1,market,50.0,13:30,13:35,target,0.5
2026-02-25,NVDA,call,OTM1,market,50.0,14:00,14:05,target,0.5
2026-02-25,NVDA,call,OTM1,market,50.0,14:30,14:35,target,0.5
2026-02-25,NVDA,call,OTM1,market,50.0,15:00,16:00,forced,-0.03922
2026-02-26,NVDA,call,OTM1,market,50.0,13:30,16:00,forced,-0.70535
2026-02-27,NVDA,call,OTM1,market,50.0,13:30,13:35,target,0.5
2026-02-27,NVDA,call,OTM1,market,50.0,14:00,16:00,forced,-0.0613
2026-03-02,NVDA,call,OTM1,market,50.0,13:00,16:00,forced,-0.24031
2026-03-03,NVDA,call,OTM1,market,50.0,13:00,13:45,target,0.5
2026-03-03,NVDA,call,OTM1,market,50.0,14:00,16:00,forced,-0.03922
2026-03-04,NVDA,call,OTM1,market,50.0,10:30,10:35,target,0.5
2026-03-05,NVDA,call,OTM1,market,50.0,13:00,16:00,forced,-0.48093
2026-03-06,NVDA,call,OTM1,market,50.0,10:30,10:35,target,0.5
2026-03-06,NVDA,call,OTM1,market,50.0,13:30,13:35,target,0.5
2026-03-06,NVDA,call,OTM1,market,50.0,14:00,14:05,target,0.5
2026-03-06,NVDA,call,OTM1,market,50.0,15:00,16:00,forced,-0.03922
2026-03-09,NVDA,call,OTM1,market,50.0,13:00,16:00,forced,-0.07895
2026-03-10,NVDA,call,OTM1,market,50.0,13:00,16:00,forced,-0.73297
2026-03-11,NVDA,call,OTM1,market,50.0,13:00,13:05,target,0.5
2026-03-11,NVDA,call,OTM1,market,50.0,13:30,13:35,target,0.5
2026-03-11,NVDA,call,OTM1,market,50.0,14:00,16:00,forced,-0.03922
2026-03-12,NVDA,call,OTM1,market,50.0,13:00,13:05,target,0.5
2026-03-12,NVDA,call,OTM1,market,50.0,13:30,13:35,target,0.5
2026-03-12,NVDA,call,OTM1,market,50.0,14:00,15:25,target,0.5
2026-03-12,NVDA,call,OTM1,market,50.0,15:30,16:00,forced,-0.03922
2026-03-13,NVDA,call,OTM1,market,50.0,10:30,16:00,forced,-0.34667
2026-02-16,NVDA,call,OTM1,market,60.0,13:30,13:50,target,0.6
2026-02-16,NVDA,call,OTM1,market,60.0,14:00,14:15,target,0.6
2026-02-16,NVDA,call,OTM1,market,60.0,14:30,16:00,forced,-0.03922
2026-02-17,NVDA,call,OTM1,market,60.0,12:30,12:40,target,0.6
2026-02-17,NVDA,call,OTM1,market,60.0,15:00,16:00,forced,-0.03922
2026-02-18,NVDA,call,OTM1,market,60.0,13:30,13:45,target,0.6
2026-02-19,NVDA,call,OTM1,market,60.0,13:30,14:00,target,0.6
2026-02-19,NVDA,call,OTM1,market,60.0,14:00,14:05,target,0.6
2026-02-19,NVDA,call,OTM1,market,60.0,14:30,14:35,target,0.6
2026-02-19,NVDA,call,OTM1,market,60.0,15:00,16:00,forced,-0.03922
2026-02-20,NVDA,call,OTM1,market,60.0,13:30,13:45,target,0.6
2026-02-20,NVDA,call,OTM1,market,60.0,14:00,14:10,target,0.6
2026-02-20,NVDA,call,OTM1,market,60.0,14:30,14:35,target,0.6
2026-02-20,NVDA,call,OTM1,market,60.0,15:30,16:00,forced,-0.03922
2026-02-23,NVDA,call,OTM1,market,60.0,13:30,16:00,forced,-0.4765
2026-02-24,NVDA,call,OTM1,market,60.0,13:30,14:15,target,0.6
2026-02-24,NVDA,call,OTM1,market,60.0,14:30,14:45,target,0.6
2026-02-25,NVDA,call,OTM1,market,60.0,13:30,13:35,target,0.6
2026-02-25,NVDA,call,OTM1,market,60.0,14:00,14:05,target,0.6
2026-02-25,NVDA,call,OTM1,market,60.0,14:30,14:35,target,0.6
2026-02-25,NVDA,call,OTM1,market,60.0,15:00,16:00,forced,-0.03922
2026-02-26,NVDA,call,OTM1,market,60.0,13:30,16:00,forced,-0.70535
2026-02-27,NVDA,call,OTM1,market,60.0,13:30,13:40,target,0.6
2026-02-27,NVDA,call,OTM1,market,60.0,14:00,16:00,forced,-0.0613
2026-03-02,NVDA,call,OTM1,market,60.0,13:00,16:00,forced,-0.24031
2026-03-03,NVDA,call,OTM1,market,60.0,13:00,13:45,target,0.6
2026-03-03,NVDA,call,OTM1,market,60.0,14:00,16:00,forced,-0.03922
2026-03-04,NVDA,call,OTM1,market,60.0,10:30,10:35,target,0.6
2026-03-05,NVDA,call,OTM1,market,60.0,13:00,16:00,forced,-0.48093
2026-03-06,NVDA,call,OTM1,market,60.0,10:30,10:35,target,0.6
2026-03-06,NVDA,call,OTM1,market,60.0,13:30,13:35,target,0.6
2026-03-06,NVDA,call,OTM1,market,60.0,14:00,14:05,target,0.6
2026-03-06,NVDA,call,OTM1,market,60.0,15:00,16:00,forced,-0.03922
2026-03-09,NVDA,call,OTM1,market,60.0,13:00,16:00,forced,-0.07895
2026-03-10,NVDA,call,OTM1,market,60.0,13:00,16:00,forced,-0.73297
2026-03-11,NVDA,call,OTM1,market,60.0,13:00,13:15,target,0.6
2026-03-11,NVDA,call,OTM1,market,60.0,13:30,13:40,target,0.6
2026-03-11,NVDA,call,OTM1,market,60.0,14:00,16:00,forced,-0.03922
2026-03-12,NVDA,call,OTM1,market,60.0,13:00,13:05,target,0.6
2026-03-12,NVDA,call,OTM1,market,60.0,13:30,13:35,target,0.6
2026-03-12,NVDA,call,OTM1,market,60.0,14:00,15:25,target,0.6
2026-03-12,NVDA,call,OTM1,market,60.0,15:30,16:00,forced,-0.03922
2026-03-13,NVDA,call,OTM1,market,60.0,10:30,16:00,forced,-0.34667
2026-02-16,NVDA,call,OTM1,market,70.0,13:30,14:15,target,0.7
2026-02-16,NVDA,call,OTM1,market,70.0,14:30,16:00,forced,-0.03922
2026-02-17,NVDA,call,OTM1,market,70.0,12:30,12:40,target,0.7
2026-02-17,NVDA,call,OTM1,market,70.0,15:00,16:00,forced,-0.03922
2026-02-18,NVDA,call,OTM1,market,70.0,13:30,13:45,target,0.7
2026-02-19,NVDA,call,OTM1,market,70.0,13:30,14:00,target,0.7
2026-02-19,NVDA,call,OTM1,market,70.0,14:00,14:05,target,0.7
2026-02-19,NVDA,call,OTM1,market,70.0,14:30,14:35,target,0.7
2026-02-19,NVDA,call,OTM1,market,70.0,15:00,16:00,forced,-0.03922
2026-02-20,NVDA,call,OTM1,market,70.0,13:30,13:45,target,0.7
2026-02-20,NVDA,call,OTM1,market,70.0,14:00,14:10,target,0.7
2026-02-20,NVDA,call,OTM1,market,70.0,14:30,14:35,target,0.7
2026-02-20,NVDA,call,OTM1,market,70.0,15:30,16:00,forced,-0.03922
2026-02-23,NVDA,call,OTM1,market,70.0,13:30,16:00,forced,-0.4765
2026-02-24,NVDA,call,OTM1,market,70.0,13:30,14:15,target,0.7
2026-02-24,NVDA,call,OTM1,market,70.0,14:30,14:45,target,0.7
2026-02-25,NVDA,call,OTM1,market,70.0,13:30,13:35,target,0.7
2026-02-25,NVDA,call,OTM1,market,70.0,14:00,14:05,target,0.7
2026-02-25,NVDA,call,OTM1,market,70.0,14:30,14:35,target,0.7
2026-02-25,NVDA,call,OTM1,market,70.0,15:00,16:00,forced,-0.03922
2026-02-26,NVDA,call,OTM1,market,70.0,13:30,16:00,forced,-0.70535
2026-02-27,NVDA,call,OTM1,market,70.0,13:30,13:40,target,0.7
2026-02-27,NVDA,call,OTM1,market,70.0,14:00,16:00,forced,-0.0613
2026-03-02,NVDA,call,OTM1,market,70.0,13:00,16:00,forced,-0.24031
2026-03-03,NVDA,call,OTM1,market,70.0,13:00,13:45,target,0.7
2026-03-03,NVDA,call,OTM1,market,70.0,14:00,16:00,forced,-0.03922
2026-03-04,NVDA,call,OTM1,market,70.0,10:30,10:35,target,0.7
2026-03-05,NVDA,call,OTM1,market,70.0,13:00,16:00,forced,-0.48093
2026-03-06,NVDA,call,OTM1,market,70.0,10:30,10:35,target,0.7
2026-03-06,NVDA,call,OTM1,market,70.0,13:30,13:35,target,0.7
2026-03-06,NVDA,call,OTM1,market,70.0,14:00,14:05,target,0.7
2026-03-06,NVDA,call,OTM1,market,70.0,15:00,16:00,forced,-0.03922
2026-03-09,NVDA,call,OTM1,market,70.0,13:00,16:00,forced,-0.07895
2026-03-10,NVDA,call,OTM1,market,70.0,13:00,16:00,forced,-0.73297
2026-03-11,NVDA,call,OTM1,market,70.0,13:00,13:15,target,0.7
2026-03-11,NVDA,call,OTM1,market,70.0,13:30,13:40,target,0.7
2026-03-11,NVDA,call,OTM1,market,70.0,14:00,16:00,forced,-0.03922
2026-03-12,NVDA,call,OTM1,market,70.0,13:00,13:05,target,0.7
2026-03-12,NVDA,call,OTM1,market,70.0,13:30,13:35,target,0.7
2026-03-12,NVDA,call,OTM1,market,70.0,14:00,15:25,target,0.7
2026-03-12,NVDA,call,OTM1,market,70.0,15:30,16:00,forced,-0.03922
2026-03-13,NVDA,call,OTM1,market,70.0,10:30,16:00,forced,-0.34667
2026-02-16,NVDA,call,OTM1,market,75.0,13:30,14:20,target,0.75
2026-02-16,NVDA,call,OTM1,market,75.0,14:30,16:00,forced,-0.03922
2026-02-17,NVDA,call,OTM1,market,75.0,12:30,12:40,target,0.75
2026-02-17,NVDA,call,OTM1,market,75.0,15:00,16:00,forced,-0.03922
2026-02-18,NVDA,call,OTM1,market,75.0,13:30,13:45,target,0.75
2026-02-19,NVDA,call,OTM1,market,75.0,13:30,14:00,target,0.75
2026-02-19,NVDA,call,OTM1,market,75.0,14:00,14:05,target,0.75
2026-02-19,NVDA,call,OTM1,market,75.0,14:30,14:35,target,0.75
2026-02-19,NVDA,call,OTM1,market,75.0,15:00,16:00,forced,-0.03922
2026-02-20,NVDA,call,OTM1,market,75.0,13:30,13:45,target,0.75
2026-02-20,NVDA,call,OTM1,market,75.0,14:00,14:10,target,0.75
2026-02-20,NVDA,call,OTM1,market,75.0,14:30,14:35,target,0.75
2026-02-20,NVDA,call,OTM1,market,75.0,15:30,16:00,forced,-0.03922
2026-02-23,NVDA,call,OTM1,market,75.0,13:30,16:00,forced,-0.4765
2026-02-24,NVDA,call,OTM1,market,75.0,13:30,14:15,target,0.75
2026-02-24,NVDA,call,OTM1,market,75.0,14:30,14:45,target,0.75
2026-02-25,NVDA,call,OTM1,market,75.0,13:30,13:35,target,0.75
2026-02-25,NVDA,call,OTM1,market,75.0,14:00,14:05,target,0.75
2026-02-25,NVDA,call,OTM1,market,75.0,14:30,14:35,target,0.75
2026-02-25,NVDA,call,OTM1,market,75.0,15:00,16:00,forced,-0.03922
2026-02-26,NVDA,call,OTM1,market,75.0,13:30,16:00,forced,-0.70535
2026-02-27,NVDA,call,OTM1,market,75.0,13:30,13:40,target,0.75
2026-02-27,NVDA,call,OTM1,market,75.0,14:00,16:00,forced,-0.0613
2026-03-02,NVDA,call,OTM1,market,75.0,13:00,16:00,forced,-0.24031
2026-03-03,NVDA,call,OTM1,market,75.0,13:00,13:45,target,0.75
2026-03-03,NVDA,call,OTM1,market,75.0,14:00,16:00,forced,-0.03922
2026-03-04,NVDA,call,OTM1,market,75.0,10:30,10:35,target,0.75
2026-03-05,NVDA,call,OTM1,market,75.0,13:00,16:00,forced,-0.48093
2026-03-06,NVDA,call,OTM1,market,75.0,10:30,10:35,target,0.75
2026-03-06,NVDA,call,OTM1,market,75.0,13:30,13:35,target,0.75
2026-03-06,NVDA,call,OTM1,market,75.0,14:00,14:05,target,0.75
2026-03-06,NVDA,call,OTM1,market,75.0,15:00,16:00,forced,-0.03922
2026-03-09,NVDA,call,OTM1,market,75.0,13:00,16:00,forced,-0.07895
2026-03-10,NVDA,call,OTM1,market,75.0,13:00,16:00,forced,-0.73297
2026-03-11,NVDA,call,OTM1,market,75.0,13:00,13:15,target,0.75
2026-03-11,NVDA,call,OTM1,market,75.0,13:30,13:40,target,0.75
2026-03-11,NVDA,call,OTM1,market,75.0,14:00,16:00,forced,-0.03922
2026-03-12,NVDA,call,OTM1,market,75.0,13:00,13:05,target,0.75
2026-03-12,NVDA,call,OTM1,market,75.0,13:30,13:35,target,0.75
2026-03-12,NVDA,call,OTM1,market,75.0,14:00,15:25,target,0.75
2026-03-12,NVDA,call,OTM1,market,75.0,15:30,16:00,forced,-0.03922
2026-03-13,NVDA,call,OTM1,market,75.0,10:30,16:00,forced,-0.34667
2026-02-16,NVDA,call,OTM1,market,80.0,13:30,14:20,target,0.8
2026-02-16,NVDA,call,OTM1,market,80.0,14:30,16:00,forced,-0.03922
2026-02-17,NVDA,call,OTM1,market,80.0,12:30,12:40,target,0.8
2026-02-17,NVDA,call,OTM1,market,80.0,15:00,16:00,forced,-0.03922
2026-02-18,NVDA,call,OTM1,market,80.0,13:30,13:45,target,0.8
2026-02-19,NVDA,call,OTM1,market,80.0,13:30,14:00,target,0.8
2026-02-19,NVDA,call,OTM1,market,80.0,14:00,14:05,target,0.8
2026-02-19,NVDA,call,OTM1,market,80.0,14:30,14:35,target,0.8
2026-02-19,NVDA,call,OTM1,market,80.0,15:00,16:00,forced,-0.03922
2026-02-20,NVDA,call,OTM1,market,80.0,13:30,13:45,target,0.8
2026-02-20,NVDA,call,OTM1,market,80.0,14:00,14:10,target,0.8
2026-02-20,NVDA,call,OTM1,market,80.0,14:30,14:35,target,0.8
2026-02-20,NVDA,call,OTM1,market,80.0,15:30,16:00,forced,-0.03922
2026-02-23,NVDA,call,OTM1,market,80.0,13:30,16:00,forced,-0.4765
2026-02-24,NVDA,call,OTM1,market,80.0,13:30,14:15,target,0.8
2026-02-24,NVDA,call,OTM1,market,80.0,14:30,14:45,target,0.8
2026-02-25,NVDA,call,OTM1,market,80.0,13:30,13:35,target,0.8
2026-02-25,NVDA,call,OTM1,market,80.0,14:00,14:05,target,0.8
2026-02-25,NVDA,call,OTM1,market,80.0,14:30,14:35,target,0.8
2026-02-25,NVDA,call,OTM1,market,80.0,15:00,16:00,forced,-0.03922
2026-02-26,NVDA,call,OTM1,market,80.0,13:30,16:00,forced,-0.70535
2026-02-27,NVDA,call,OTM1,market,80.0,13:30,13:40,target,0.8
2026-02-27,NVDA,call,OTM1,market,80.0,14:00,16:00,forced,-0.0613
2026-03-02,NVDA,call,OTM1,market,80.0,13:00,16:00,forced,-0.24031
2026-03-03,NVDA,call,OTM1,market,80.0,13:00,13:45,target,0.8
2026-03-03,NVDA,call,OTM1,market,80.0,14:00,16:00,forced,-0.03922
2026-03-04,NVDA,call,OTM1,market,80.0,10:30,10:35,target,0.8
2026-03-05,NVDA,call,OTM1,market,80.0,13:00,16:00,forced,-0.48093
2026-03-06,NVDA,call,OTM1,market,80.0,13:30,13:35,target,0.8
2026-03-06,NVDA,call,OTM1,market,80.0,14:00,14:05,target,0.8
2026-03-06,NVDA,call,OTM1,market,80.0,15:00,16:00,forced,-0.03922
2026-03-09,NVDA,call,OTM1,market,80.0,13:00,16:00,forced,-0.07895
2026-03-10,NVDA,call,OTM1,market,80.0,13:00,16:00,forced,-0.73297
2026-03-11,NVDA,call,OTM1,market,80.0,13:00,13:15,target,0.8
2026-03-11,NVDA,call,OTM1,market,80.0,13:30,13:40,target,0.8
2026-03-11,NVDA,call,OTM1,market,80.0,14:00,16:00,forced,-0.03922
2026-03-12,NVDA,call,OTM1,market,80.0,13:00,13:05,target,0.8
2026-03-12,NVDA,call,OTM1,market,80.0,13:30,13:35,target,0.8
2026-03-12,NVDA,call,OTM1,market,80.0,14:00,15:25,target,0.8
2026-03-12,NVDA,call,OTM1,market,80.0,15:30,16:00,forced,-0.03922
2026-03-13,NVDA,call,OTM1,market,80.0,10:30,16:00,forced,-0.34667
2026-02-16,NVDA,call,OTM1,market,90.0,13:30,14:20,target,0.9
2026-02-16,NVDA,call,OTM1,market,90.0,14:30,16:00,forced,-0.03922
2026-02-17,NVDA,call,OTM1,market,90.0,12:30,12:40,target,0.9
2026-02-17,NVDA,call,OTM1,market,90.0,15:00,16:00,forced,-0.03922
2026-02-18,NVDA,call,OTM1,market,90.0,13:30,13:45,target,0.9
2026-02-19,NVDA,call,OTM1,market,90.0,13:30,14:00,target,0.9
2026-02-19,NVDA,call,OTM1,market,90.0,14:00,14:05,target,0.9
2026-02-19,NVDA,call,OTM1,market,90.0,14:30,14:35,target,0.9
2026-02-19,NVDA,call,OTM1,market,90.0,15:00,16:00,forced,-0.03922
2026-02-20,NVDA,call,OTM1,market,90.0,13:30,13:45,target,0.9
2026-02-20,NVDA,call,OTM1,market,90.0,14:00,14:10,target,0.9
2026-02-20,NVDA,call,OTM1,market,90.0,14:30,14:35,target,0.9
2026-02-20,NVDA,call,OTM1,market,90.0,15:30,16:00,forced,-0.03922
2026-02-23,NVDA,call,OTM1,market,90.0,13:30,16:00,forced,-0.4765
2026-02-24,NVDA,call,OTM1,market,90.0,13:30,14:15,target,0.9
2026-02-24,NVDA,call,OTM1,market,90.0,14:30,14:45,target,0.9
2026-02-25,NVDA,call,OTM1,market,90.0,13:30,13:35,target,0.9
2026-02-25,NVDA,call,OTM1,market,90.0,14:00,14:05,target,0.9
2026-02-25,NVDA,call,OTM1,market,90.0,14:30,14:35,target,0.9
2026-02-25,NVDA,call,OTM1,market,90.0,15:00,16:00,forced,-0.03922
2026-02-26,NVDA,call,OTM1,market,90.0,13:30,16:00,forced,-0.70535
2026-02-27,NVDA,call,OTM1,market,90.0,13:30,13:40,target,0.9
2026-02-27,NVDA,call,OTM1,market,90.0,14:00,16:00,forced,-0.0613
2026-03-02,NVDA,call,OTM1,market,90.0,13:00,16:00,forced,-0.24031
2026-03-03,NVDA,call,OTM1,market,90.0,13:00,13:45,target,0.9
2026-03-03,NVDA,call,OTM1,market,90.0,14:00,16:00,forced,-0.03922
2026-03-04,NVDA,call,OTM1,market,90.0,10:30,10:35,target,0.9
2026-03-05,NVDA,call,OTM1,market,90.0,13:00,16:00,forced,-0.48093
2026-03-06,NVDA,call,OTM1,market,90.0,13:30,13:35,target,0.9
2026-03-06,NVDA,call,OTM1,market,90.0,14:00,14:05,target,0.9
2026-03-06,NVDA,call,OTM1,market,90.0,15:00,16:00,forced,-0.03922
2026-03-09,NVDA,call,OTM1,market,90.0,13:00,16:00,forced,-0.07895
2026-03-10,NVDA,call,OTM1,market,90.0,13:00,16:00,forced,-0.73297
2026-03-11,NVDA,call,OTM1,market,90.0,13:00,13:15,target,0.9
2026-03-11,NVDA,call,OTM1,market,90.0,13:30,13:40,target,0.9
2026-03-11,NVDA,call,OTM1,market,90.0,14:00,16:00,forced,-0.03922
2026-03-12,NVDA,call,OTM1,market,90.0,13:00,13:05,target,0.9
2026-03-12,NVDA,call,OTM1,market,90.0,13:30,13:35,target,0.9
2026-03-12,NVDA,call,OTM1,market,90.0,14:00,15:25,target,0.9
2026-03-12,NVDA,call,OTM1,market,90.0,15:30,16:00,forced,-0.03922
2026-03-13,NVDA,call,OTM1,market,90.0,10:30,16:00,forced,-0.34667
2026-02-16,NVDA,call,OTM1,market,100.0,13:30,14:20,target,1.0
2026-02-16,NVDA,call,OTM1,market,100.0,14:30,16:00,forced,-0.03922
2026-02-17,NVDA,call,OTM1,market,100.0,12:30,12:40,target,1.0
2026-02-17,NVDA,call,OTM1,market,100.0,15:00,16:00,forced,-0.03922
2026-02-18,NVDA,call,OTM1,market,100.0,13:30,13:45,target,1.0
2026-02-19,NVDA,call,OTM1,market,100.0,13:30,14:05,target,1.0
2026-02-19,NVDA,call,OTM1,market,100.0,14:30,14:50,target,1.0
2026-02-19,NVDA,call,OTM1,market,100.0,15:00,16:00,forced,-0.03922
2026-02-20,NVDA,call,OTM1,market,100.0,13:30,13:45,target,1.0
2026-02-20,NVDA,call,OTM1,market,100.0,14:00,14:10,target,1.0
2026-02-20,NVDA,call,OTM1,market,100.0,14:30,14:35,target,1.0
2026-02-20,NVDA,call,OTM1,market,100.0,15:30,16:00,forced,-0.03922
2026-02-23,NVDA,call,OTM1,market,100.0,13:30,16:00,forced,-0.4765
2026-02-24,NVDA,call,OTM1,market,100.0,13:30,14:15,target,1.0
2026-02-24,NVDA,call,OTM1,market,100.0,14:30,14:45,target,1.0
2026-02-25,NVDA,call,OTM1,market,100.0,13:30,13:35,target,1.0
2026-02-25,NVDA,call,OTM1,market,100.0,14:00,14:05,target,1.0
2026-02-25,NVDA,call,OTM1,market,100.0,14:30,14:35,target,1.0
2026-02-25,NVDA,call,OTM1,market,100.0,15:00,16:00,forced,-0.03922
2026-02-26,NVDA,call,OTM1,market,100.0,13:30,16:00,forced,-0.70535
2026-02-27,NVDA,call,OTM1,market,100.0,13:30,13:40,target,1.0
2026-02-27,NVDA,call,OTM1,market,100.0,14:00,16:00,forced,-0.0613
2026-03-02,NVDA,call,OTM1,market,100.0,13:00,16:00,forced,-0.24031
2026-03-03,NVDA,call,OTM1,market,100.0,13:00,13:45,target,1.0
2026-03-03,NVDA,call,OTM1,market,100.0,14:00,16:00,forced,-0.03922
2026-03-04,NVDA,call,OTM1,market,100.0,10:30,10:35,target,1.0
2026-03-05,NVDA,call,OTM1,market,100.0,13:00,16:00,forced,-0.48093
2026-03-06,NVDA,call,OTM1,market,100.0,13:30,13:35,target,1.0
2026-03-06,NVDA,call,OTM1,market,100.0,14:00,14:10,target,1.0
2026-03-06,NVDA,call,OTM1,market,100.0,15:00,16:00,forced,-0.03922
2026-03-09,NVDA,call,OTM1,market,100.0,13:00,16:00,forced,-0.07895
2026-03-10,NVDA,call,OTM1,market,100.0,13:00,16:00,forced,-0.73297
2026-03-11,NVDA,call,OTM1,market,100.0,13:00,13:50,target,1.0
2026-03-11,NVDA,call,OTM1,market,100.0,14:00,16:00,forced,-0.03922
2026-03-12,NVDA,call,OTM1,market,100.0,13:00,13:05,target,1.0
2026-03-12,NVDA,call,OTM1,market,100.0,13:30,13:35,target,1.0
2026-03-12,NVDA,call,OTM1,market,100.0,14:00,15:25,target,1.0
2026-03-12,NVDA,call,OTM1,market,100.0,15:30,16:00,forced,-0.03922
2026-03-13,NVDA,call,OTM1,market,100.0,10:30,16:00,forced,-0.34667
2026-02-16,NVDA,call,OTM2+,mid,20.0,09:35,16:00,forced,0.0
2026-02-17,NVDA,call,OTM2+,mid,20.0,09:35,10:20,target,0.2
2026-02-17,NVDA,call,OTM2+,mid,20.0,11:00,12:15,target,0.2
2026-02-18,NVDA,call,OTM2+,mid,20.0,09:35,09:55,target,0.2
2026-02-18,NVDA,call,OTM2+,mid,20.0,10:00,10:20,target,0.2
2026-02-18,NVDA,call,OTM2+,mid,20.0,11:00,13:55,target,0.2
2026-02-19,NVDA,call,OTM2+,mid,20.0,09:35,11:25,target,0.2
2026-02-19,NVDA,call,OTM2+,mid,20.0,11:30,11:45,target,0.2
2026-02-19,NVDA,call,OTM2+,mid,20.0,13:30,16:00,forced,0.0
2026-02-20,NVDA,call,OTM2+,mid,20.0,09:35,09:40,target,0.2
2026-02-20,NVDA,call,OTM2+,mid,20.0,10:30,10:55,target,0.2
2026-02-20,NVDA,call,OTM2+,mid,20.0,11:00,11:05,target,0.2
2026-02-20,NVDA,call,OTM2+,mid,20.0,12:00,12:20,target,0.2
2026-02-20,NVDA,call,OTM2+,mid,20.0,12:30,13:15,target,0.2
2026-02-20,NVDA,call,OTM2+,mid,20.0,13:30,14:10,target,0.2
2026-02-23,NVDA,call,OTM2+,mid,20.0,09:35,09:45,target,0.2
2026-02-23,NVDA,call,OTM2+,mid,20.0,10:30,12:55,target,0.2
2026-02-23,NVDA,call,OTM2+,mid,20.0,15:00,16:00,forced,0.0
2026-02-24,NVDA,call,OTM2+,mid,20.0,09:35,09:40,target,0.2
2026-02-25,NVDA,call,OTM2+,mid,20.0,09:35,16:00,forced,-0.10794
2026-02-26,NVDA,call,OTM2+,mid,20.0,09:35,10:45,target,0.2
2026-02-26,NVDA,call,OTM2+,mid,20.0,13:00,16:00,forced,0.0
2026-02-27,NVDA,call,OTM2+,mid,20.0,10:00,10:05,target,0.2
2026-02-27,NVDA,call,OTM2+,mid,20.0,12:30,16:00,forced,0.0
2026-03-02,NVDA,call,OTM2+,mid,20.0,09:35,16:00,forced,0.0
2026-03-03,NVDA,call,OTM2+,mid,20.0,09:35,09:45,target,0.2
2026-03-03,NVDA,call,OTM2+,mid,20.0,10:30,16:00,forced,0.0
2026-03-04,NVDA,call,OTM2+,mid,20.0,09:35,09:40,target,0.2
2026-03-04,NVDA,call,OTM2+,mid,20.0,10:00,10:10,target,0.2
2026-03-05,NVDA,call,OTM2+,mid,20.0,09:35,16:00,forced,-0.00892
2026-03-06,NVDA,call,OTM2+,mid,20.0,09:35,10:45,target,0.2
2026-03-09,NVDA,call,OTM2+,mid,20.0,11:30,11:40,target,0.2
2026-03-09,NVDA,call,OTM2+,mid,20.0,12:00,12:55,target,0.2
2026-03-09,NVDA,call,OTM2+,mid,20.0,13:30,16:00,forced,0.0
2026-03-10,NVDA,call,OTM2+,mid,20.0,11:00,11:05,target,0.2
2026-03-10,NVDA,call,OTM2+,mid,20.0,12:30,12:40,target,0.2
2026-03-10,NVDA,call,OTM2+,mid,20.0,13:00,16:00,forced,0.0
2026-03-11,NVDA,call,OTM2+,mid,20.0,09:35,16:00,forced,0.0
2026-03-12,NVDA,call,OTM2+,mid,20.0,09:35,16:00,forced,0.0
2026-03-13,NVDA,call,OTM2+,mid,20.0,09:35,16:00,forced,0.0
2026-02-16,NVDA,call,OTM2+,mid,25.0,09:35,16:00,forced,0.0
2026-02-17,NVDA,call,OTM2+,mid,25.0,09:35,10:20,target,0.25
2026-02-17,NVDA,call,OTM2+,mid,25.0,11:00,12:15,target,0.25
2026-02-18,NVDA,call,OTM2+,mid,25.0,09:35,09:55,target,0.25
2026-02-18,NVDA,call,OTM2+,mid,25.0,10:00,10:20,target,0.25
2026-02-18,NVDA,call,OTM2+,mid,25.0,11:00,14:00,target,0.25
2026-02-19,NVDA,call,OTM2+,mid,25.0,09:35,11:25,target,0.25
2026-02-19,NVDA,call,OTM2+,mid,25.0,11:30,11:45,target,0.25
2026-02-19,NVDA,call,OTM2+,mid,25.0,13:30,16:00,forced,0.0
2026-02-20,NVDA,call,OTM2+,mid,25.0,09:35,09:40,target,0.25
2026-02-20,NVDA,call,OTM2+,mid,25.0,10:30,10:55,target,0.25
2026-02-20,NVDA,call,OTM2+,mid,25.0,11:00,11:05,target,0.25
2026-02-20,NVDA,call,OTM2+,mid,25.0,12:00,12:25,target,0.25
2026-02-20,NVDA,call,OTM2+,mid,25.0,12:30,13:15,target,0.25
2026-02-20,NVDA,call,OTM2+,mid,25.0,13:30,14:10,target,0.25
2026-02-23,NVDA,call,OTM2+,mid,25.0,09:35,09:45,target,0.25
2026-02-23,NVDA,call,OTM2+,mid,25.0,10:30,12:55,target,0.25
2026-02-23,NVDA,call,OTM2+,mid,25.0,15:00,16:00,forced,0.0
2026-02-24,NVDA,call,OTM2+,mid,25.0,09:35,09:40,target,0.25
2026-02-25,NVDA,call,OTM2+,mid,25.0,09:35,16:00,forced,-0.10794
2026-02-26,NVDA,call,OTM2+,mid,25.0,09:35,10:45,target,0.25
2026-02-26,NVDA,call,OTM2+,mid,25.0,13:00,16:00,forced,0.0
2026-02-27,NVDA,call,OTM2+,mid,25.0,10:00,10:05,target,0.25
2026-02-27,NVDA,call,OTM2+,mid,25.0,12:30,16:00,forced,0.0
2026-03-02,NVDA,call,OTM2+,mid,25.0,09:35,16:00,forced,0.0
2026-03-03,NVDA,call,OTM2+,mid,25.0,09:35,09:45,target,0.25
2026-03-03,NVDA,call,OTM2+,mid,25.0,10:30,16:00,forced,0.0
2026-03-04,NVDA,call,OTM2+,mid,25.0,09:35,09:40,target,0.25
2026-03-04,NVDA,call,OTM2+,mid,25.0,10:00,10:10,target,0.25
2026-03-05,NVDA,call,OTM2+,mid,25.0,09:35,16:00,forced,-0.00892
2026-03-06,NVDA,call,OTM2+,mid,25.0,09:35,10:45,target,0.25
2026-03-09,NVDA,call,OTM2+,mid,25.0,11:30,11:40,target,0.25
2026-03-09,NVDA,call,OTM2+,mid,25.0,12:00,16:00,forced,0.0
2026-03-10,NVDA,call,OTM2+,mid,25.0,11:00,11:05,target,0.25
2026-03-10,NVDA,call,OTM2+,mid,25.0,12:30,12:40,target,0.25
2026-03-10,NVDA,call,OTM2+,mid,25.0,13:00,16:00,forced,0.0
2026-03-11,NVDA,call,OTM2+,mid,25.0,09:35,16:00,forced,0.0
2026-03-12,NVDA,call,OTM2+,mid,25.0,09:35,16:00,forced,0.0
2026-03-13,NVDA,call,OTM2+,mid,25.0,09:35,16:00,forced,0.0
2026-02-16,NVDA,call,OTM2+,mid,30.0,09:35,16:00,forced,0.0
2026-02-17,NVDA,call,OTM2+,mid,30.0,09:35,10:20,target,0.3
2026-02-17,NVDA,call,OTM2+,mid,30.0,11:00,12:15,target,0.3
2026-02-18,NVDA,call,OTM2+,mid,30.0,09:35,09:55,target,0.3
2026-02-18,NVDA,call,OTM2+,mid,30.0,10:00,10:20,target,0.3
2026-02-18,NVDA,call,OTM2+,mid,30.0,11:00,14:00,target,0.3
2026-02-19,NVDA,call,OTM2+,mid,30.0,09:35,11:25,target,0.3
2026-02-19,NVDA,call,OTM2+,mid,30.0,11:30,11:50,target,0.3
2026-02-19,NVDA,call,OTM2+,mid,30.0,13:30,16:00,forced,0.0
2026-02-20,NVDA,call,OTM2+,mid,30.0,09:35,09:40,target,0.3
2026-02-20,NVDA,call,OTM2+,mid,30.0,10:00,10:10,target,0.3
2026-02-20,NVDA,call,OTM2+,mid,30.0,10:30,10:55,target,0.3
2026-02-20,NVDA,call,OTM2+,mid,30.0,11:00,11:05,target,0.3
2026-02-20,NVDA,call,OTM2+,mid,30.0,12:00,13:15,target,0.3
2026-02-20,NVDA,call,OTM2+,mid,30.0,13:30,14:10,target,0.3
2026-02-23,NVDA,call,OTM2+,mid,30.0,09:35,09:45,target,0.3
2026-02-23,NVDA,call,OTM2+,mid,30.0,10:00,12:55,target,0.3
2026-02-23,NVDA,call,OTM2+,mid,30.0,15:00,16:00,forced,0.0
2026-02-24,NVDA,call,OTM2+,mid,30.0,09:35,09:50,target,0.3
2026-02-25,NVDA,call,OTM2+,mid,30.0,09:35,16:00,forced,-0.10794
2026-02-26,NVDA,call,OTM2+,mid,30.0,09:35,10:45,target,0.3
2026-02-26,NVDA,call,OTM2+,mid,30.0,13:00,16:00,forced,0.0
2026-02-27,NVDA,call,OTM2+,mid,30.0,10:00,10:05,target,0.3
2026-02-27,NVDA,call,OTM2+,mid,30.0,12:30,16:00,forced,0.0
2026-03-02,NVDA,call,OTM2+,mid,30.0,09:35,16:00,forced,0.0
2026-03-03,NVDA,call,OTM2+,mid,30.0,09:35,09:45,target,0.3
2026-03-03,NVDA,call,OTM2+,mid,30.0,10:30,16:00,forced,0.0
2026-03-04,NVDA,call,OTM2+,mid,30.0,09:35,09:40,target,0.3
2026-03-04,NVDA,call,OTM2+,mid,30.0,10:00,10:10,target,0.3
2026-03-05,NVDA,call,OTM2+,mid,30.0,09:35,16:00,forced,-0.00892
2026-03-06,NVDA,call,OTM2+,mid,30.0,09:35,10:45,target,0.3
2026-03-09,NVDA,call,OTM2+,mid,30.0,11:30,11:45,target,0.3
2026-03-09,NVDA,call,OTM2+,mid,30.0,12:00,16:00,forced,0.0
2026-03-10,NVDA,call,OTM2+,mid,30.0,11:00,11:05,target,0.3
2026-03-10,NVDA,call,OTM2+,mid,30.0,12:30,12:40,target,0.3
2026-03-10,NVDA,call,OTM2+,mid,30.0,13:00,16:00,forced,0.0
2026-03-11,NVDA,call,OTM2+,mid,30.0,09:35,16:00,forced,0.0
2026-03-12,NVDA,call,OTM2+,mid,30.0,09:35,16:00,forced,0.0
2026-03-13,NVDA,call,OTM2+,mid,30.0,09:35,16:00,forced,0.0
2026-02-16,NVDA,call,OTM2+,mid,40.0,09:35,16:00,forced,0.0
2026-02-17,NVDA,call,OTM2+,mid,40.0,09:35,10:30,target,0.4
2026-02-17,NVDA,call,OTM2+,mid,40.0,11:00,12:15,target,0.4
2026-02-18,NVDA,call,OTM2+,mid,40.0,09:35,09:55,target,0.4
2026-02-18,NVDA,call,OTM2+,mid,40.0,10:00,10:20,target,0.4
2026-02-18,NVDA,call,OTM2+,mid,40.0,11:00,14:00,target,0.4
2026-02-19,NVDA,call,OTM2+,mid,40.0,09:35,11:25,target,0.4
2026-02-19,NVDA,call,OTM2+,mid,40.0,11:30,11:50,target,0.4
2026-02-19,NVDA,call,OTM2+,mid,40.0,13:30,16:00,forced,0.0
2026-02-20,NVDA,call,OTM2+,mid,40.0,09:35,09:40,target,0.4
2026-02-20,NVDA,call,OTM2+,mid,40.0,10:00,10:10,target,0.4
2026-02-20,NVDA,call,OTM2+,mid,40.0,10:30,11:05,target,0.4
2026-02-20,NVDA,call,OTM2+,mid,40.0,12:00,13:15,target,0.4
2026-02-20,NVDA,call,OTM2+,mid,40.0,13:30,14:10,target,0.4
2026-02-23,NVDA,call,OTM2+,mid,40.0,09:35,09:45,target,0.4
2026-02-23,NVDA,call,OTM2+,mid,40.0,10:00,12:55,target,0.4
2026-02-23,NVDA,call,OTM2+,mid,40.0,15:00,16:00,forced,0.0
2026-02-24,NVDA,call,OTM2+,mid,40.0,09:35,09:50,target,0.4
2026-02-25,NVDA,call,OTM2+,mid,40.0,09:35,16:00,forced,-0.10794
2026-02-26,NVDA,call,OTM2+,mid,40.0,09:35,10:45,target,0.4
2026-02-26,NVDA,call,OTM2+,mid,40.0,13:00,16:00,forced,0.0
2026-02-27,NVDA,call,OTM2+,mid,40.0,10:00,10:05,target,0.4
2026-02-27,NVDA,call,OTM2+,mid,40.0,12:30,16:00,forced,0.0
2026-03-02,NVDA,call,OTM2+,mid,40.0,09:35,16:00,forced,0.0
2026-03-03,NVDA,call,OTM2+,mid,40.0,09:35,09:45,target,0.4
2026-03-03,NVDA,call,OTM2+,mid,40.0,10:30,16:00,forced,0.0
2026-03-04,NVDA,call,OTM2+,mid,40.0,09:35,09:40,target,0.4
2026-03-04,NVDA,call,OTM2+,mid,40.0,10:00,10:10,target,0.4
2026-03-05,NVDA,call,OTM2+,mid,40.0,09:35,16:00,forced,-0.00892
2026-03-06,NVDA,call,OTM2+,mid,40.0,09:35,10:45,target,0.4
2026-03-09,NVDA,call,OTM2+,mid,40.0,11:30,11:45,target,0.4
2026-03-09,NVDA,call,OTM2+,mid,40.0,12:00,16:00,forced,0.0
2026-03-10,NVDA,call,OTM2+,mid,40.0,11:00,11:05,target,0.4
2026-03-10,NVDA,call,OTM2+,mid,40.0,12:30,12:40,target,0.4
2026-03-10,NVDA,call,OTM2+,mid,40.0,13:00,16:00,forced,0.0
2026-03-11,NVDA,call,OTM2+,mid,40.0,09:35,16:00,forced,0.0
2026-03-12,NVDA,call,OTM2+,mid,40.0,09:35,16:00,forced,0.0
2026-03-13,NVDA,call,OTM2+,mid,40.0,09:35,16:00,forced,0.0
2026-02-16,NVDA,call,OTM2+,mid,50.0,09:35,16:00,forced,0.0
2026-02-17,NVDA,call,OTM2+,mid,50.0,09:35,10:30,target,0.5
2026-02-17,NVDA,call,OTM2+,mid,50.0,11:00,12:15,target,0.5
2026-02-18,NVDA,call,OTM2+,mid,50.0,09:35,09:55,target,0.5
2026-02-18,NVDA,call,OTM2+,mid,50.0,10:00,10:20,target,0.5
2026-02-18,NVDA,call,OTM2+,mid,50.0,11:00,14:00,target,0.5
2026-02-19,NVDA,call,OTM2+,mid,50.0,09:35,11:25,target,0.5
2026-02-19,NVDA,call,OTM2+,mid,50.0,11:30,11:50,target,0.5
2026-02-19,NVDA,call,OTM2+,mid,50.0,13:30,16:00,forced,0.0
2026-02-20,NVDA,call,OTM2+,mid,50.0,09:35,09:50,target,0.5
2026-02-20,NVDA,call,OTM2+,mid,50.0,10:00,10:10,target,0.5
2026-02-20,NVDA,call,OTM2+,mid,50.0,10:30,11:05,target,0.5
2026-02-20,NVDA,call,OTM2+,mid,50.0,12:00,13:15,target,0.5
2026-02-20,NVDA,call,OTM2+,mid,50.0,13:30,14:10,target,0.5
2026-02-23,NVDA,call,OTM2+,mid,50.0,09:35,09:45,target,0.5
2026-02-23,NVDA,call,OTM2+,mid,50.0,10:00,12:55,target,0.5
2026-02-23,NVDA,call,OTM2+,mid,50.0,15:00,16:00,forced,0.0
2026-02-24,NVDA,call,OTM2+,mid,50.0,09:35,09:50,target,0.5
2026-02-25,NVDA,call,OTM2+,mid,50.0,09:35,16:00,forced,-0.10794
2026-02-26,NVDA,call,OTM2+,mid,50.0,09:35,10:45,target,0.5
2026-02-26,NVDA,call,OTM2+,mid,50.0,13:00,16:00,forced,0.0
2026-02-27,NVDA,call,OTM2+,mid,50.0,10:00,10:05,target,0.5
2026-02-27,NVDA,call,OTM2+,mid,50.0,12:30,16:00,forced,0.0
2026-03-02,NVDA,call,OTM2+,mid,50.0,09:35,16:00,forced,0.0
2026-03-03,NVDA,call,OTM2+,mid,50.0,09:35,09:45,target,0.5
2026-03-03,NVDA,call,OTM2+,mid,50.0,10:30,16:00,forced,0.0
2026-03-04,NVDA,call,OTM2+,mid,50.0,09:35,09:40,target,0.5
2026-03-04,NVDA,call,OTM2+,mid,50.0,10:00,10:10,target,0.5
2026-03-05,NVDA,call,OTM2+,mid,50.0,09:35,16:00,forced,-0.00892
2026-03-06,NVDA,call,OTM2+,mid,50.0,09:35,10:45,target,0.5
2026-03-09,NVDA,call,OTM2+,mid,50.0,11:30,11:45,target,0.5
2026-03-09,NVDA,call,OTM2+,mid,50.0,12:00,16:00,forced,0.0
2026-03-10,NVDA,call,OTM2+,mid,50.0,11:00,11:05,target,0.5
2026-03-10,NVDA,call,OTM2+,mid,50.0,12:30,12:40,target,0.5
2026-03-10,NVDA,call,OTM2+,mid,50.0,13:00,16:00,forced,0.0
2026-03-11,NVDA,call,OTM2+,mid,50.0,09:35,16:00,forced,0.0
2026-03-12,NVDA,call,OTM2+,mid,50.0,09:35,16:00,forced,0.0
2026-03-13,NVDA,call,OTM2+,mid,50.0,09:35,16:00,forced,0.0
2026-02-16,NVDA,call,OTM2+,mid,60.0,09:35,16:00,forced,0.0
2026-02-17,NVDA,call,OTM2+,mid,60.0,09:35,10:30,target,0.6
2026-02-17,NVDA,call,OTM2+,mid,60.0,11:00,12:15,target,0.6
2026-02-18,NVDA,call,OTM2+,mid,60.0,09:35,10:30,target,0.6
2026-02-18,NVDA,call,OTM2+,mid,60.0,11:00,14:00,target,0.6
2026-02-19,NVDA,call,OTM2+,mid,60.0,09:35,11:25,target,0.6
2026-02-19,NVDA,call,OTM2+,mid,60.0,11:30,11:50,target,0.6
2026-02-19,NVDA,call,OTM2+,mid,60.0,13:30,16:00,forced,0.0
2026-02-20,NVDA,call,OTM2+,mid,60.0,09:35,09:50,target,0.6
2026-02-20,NVDA,call,OTM2+,mid,60.0,10:00,10:10,target,0.6
2026-02-20,NVDA,call,OTM2+,mid,60.0,10:30,11:05,target,0.6
2026-02-20,NVDA,call,OTM2+,mid,60.0,12:00,13:15,target,0.6
2026-02-20,NVDA,call,OTM2+,mid,60.0,13:30,14:10,target,0.6
2026-02-23,NVDA,call,OTM2+,mid,60.0,09:35,09:45,target,0.6
2026-02-23,NVDA,call,OTM2+,mid,60.0,10:00,12:55,target,0.6
2026-02-23,NVDA,call,OTM2+,mid,60.0,15:00,16:00,forced,0.0
2026-02-24,NVDA,call,OTM2+,mid,60.0,09:35,09:50,target,0.6
2026-02-25,NVDA,call,OTM2+,mid,60.0,09:35,16:00,forced,-0.10794
2026-02-26,NVDA,call,OTM2+,mid,60.0,09:35,11:00,target,0.6
2026-02-26,NVDA,call,OTM2+,mid,60.0,13:00,16:00,forced,0.0
2026-02-27,NVDA,call,OTM2+,mid,60.0,10:00,10:05,target,0.6
2026-02-27,NVDA,call,OTM2+,mid,60.0,12:30,16:00,forced,0.0
2026-03-02,NVDA,call,OTM2+,mid,60.0,09:35,16:00,forced,0.0
2026-03-03,NVDA,call,OTM2+,mid,60.0,09:35,09:55,target,0.6
2026-03-03,NVDA,call,OTM2+,mid,60.0,10:30,16:00,forced,0.0
2026-03-04,NVDA,call,OTM2+,mid,60.0,09:35,10:20,target,0.6
2026-03-05,NVDA,call,OTM2+,mid,60.0,09:35,16:00,forced,-0.00892
2026-03-06,NVDA,call,OTM2+,mid,60.0,09:35,10:45,target,0.6
2026-03-09,NVDA,call,OTM2+,mid,60.0,11:30,11:45,target,0.6
2026-03-09,NVDA,call,OTM2+,mid,60.0,12:00,16:00,forced,0.0
2026-03-10,NVDA,call,OTM2+,mid,60.0,11:00,11:05,target,0.6
2026-03-10,NVDA,call,OTM2+,mid,60.0,12:30,12:40,target,0.6
2026-03-10,NVDA,call,OTM2+,mid,60.0,13:00,16:00,forced,0.0
2026-03-11,NVDA,call,OTM2+,mid,60.0,09:35,16:00,forced,0.0
2026-03-12,NVDA,call,OTM2+,mid,60.0,09:35,16:00,forced,0.0
2026-03-13,NVDA,call,OTM2+,mid,60.0,09:35,16:00,forced,0.0
2026-02-16,NVDA,call,OTM2+,mid,70.0,09:35,16:00,forced,0.0
2026-02-17,NVDA,call,OTM2+,mid,70.0,09:35,10:30,target,0.7
2026-02-17,NVDA,call,OTM2+,mid,70.0,11:00,12:15,target,0.7
2026-02-18,NVDA,call,OTM2+,mid,70.0,09:35,10:30,target,0.7
2026-02-18,NVDA,call,OTM2+,mid,70.0,11:00,14:00,target,0.7
2026-02-19,NVDA,call,OTM2+,mid,70.0,09:35,11:50,target,0.7
2026-02-19,NVDA,call,OTM2+,mid,70.0,13:30,16:00,forced,0.0
2026-02-20,NVDA,call,OTM2+,mid,70.0,09:35,09:50,target,0.7
2026-02-20,NVDA,call,OTM2+,mid,70.0,10:00,10:10,target,0.7
2026-02-20,NVDA,call,OTM2+,mid,70.0,10:30,11:05,target,0.7
2026-02-20,NVDA,call,OTM2+,mid,70.0,12:00,13:15,target,0.7
2026-02-20,NVDA,call,OTM2+,mid,70.0,13:30,14:10,target,0.7
2026-02-23,NVDA,call,OTM2+,mid,70.0,09:35,09:45,target,0.7
2026-02-23,NVDA,call,OTM2+,mid,70.0,10:00,12:55,target,0.7
2026-02-23,NVDA,call,OTM2+,mid,70.0,15:00,16:00,forced,0.0
2026-02-24,NVDA,call,OTM2+,mid,70.0,09:35,09:50,target,0.7
2026-02-25,NVDA,call,OTM2+,mid,70.0,09:35,16:00,forced,-0.10794
2026-02-26,NVDA,call,OTM2+,mid,70.0,09:35,11:00,target,0.7
2026-02-26,NVDA,call,OTM2+,mid,70.0,13:00,16:00,forced,0.0
2026-02-27,NVDA,call,OTM2+,mid,70.0,10:00,10:05,target,0.7
2026-02-27,NVDA,call,OTM2+,mid,70.0,12:30,16:00,forced,0.0
2026-03-02,NVDA,call,OTM2+,mid,70.0,09:35,16:00,forced,0.0
2026-03-03,NVDA,call,OTM2+,mid,70.0,09:35,09:55,target,0.7
2026-03-03,NVDA,call,OTM2+,mid,70.0,10:30,16:00,forced,0.0
2026-03-04,NVDA,call,OTM2+,mid,70.0,09:35,10:20,target,0.7
2026-03-05,NVDA,call,OTM2+,mid,70.0,09:35,16:00,forced,-0.00892
2026-03-06,NVDA,call,OTM2+,mid,70.0,09:35,10:50,target,0.7
2026-03-09,NVDA,call,OTM2+,mid,70.0,11:30,16:00,forced,0.0
2026-03-10,NVDA,call,OTM2+,mid,70.0,11:00,11:10,target,0.7
2026-03-10,NVDA,call,OTM2+,mid,70.0,12:30,12:40,target,0.7
2026-03-10,NVDA,call,OTM2+,mid,70.0,13:00,16:00,forced,0.0
2026-03-11,NVDA,call,OTM2+,mid,70.0,09:35,16:00,forced,0.0
2026-03-12,NVDA,call,OTM2+,mid,70.0,09:35,16:00,forced,0.0
2026-03-13,NVDA,call,OTM2+,mid,70.0,09:35,16:00,forced,0.0
2026-02-16,NVDA,call,OTM2+,mid,75.0,09:35,16:00,forced,0.0
2026-02-17,NVDA,call,OTM2+,mid,75.0,09:35,10:30,target,0.75
2026-02-17,NVDA,call,OTM2+,mid,75.0,11:00,12:15,target,0.75
2026-02-18,NVDA,call,OTM2+,mid,75.0,09:35,10:30,target,0.75
2026-02-18,NVDA,call,OTM2+,mid,75.0,11:00,14:00,target,0.75
2026-02-19,NVDA,call,OTM2+,mid,75.0,09:35,11:50,target,0.75
2026-02-19,NVDA,call,OTM2+,mid,75.0,13:30,16:00,forced,0.0
2026-02-20,NVDA,call,OTM2+,mid,75.0,09:35,09:50,target,0.75
2026-02-20,NVDA,call,OTM2+,mid,75.0,10:00,10:10,target,0.75
2026-02-20,NVDA,call,OTM2+,mid,75.0,10:30,11:05,target,0.75
2026-02-20,NVDA,call,OTM2+,mid,75.0,12:00,13:15,target,0.75
2026-02-20,NVDA,call,OTM2+,mid,75.0,13:30,14:10,target,0.75
2026-02-23,NVDA,call,OTM2+,mid,75.0,09:35,09:45,target,0.75
2026-02-23,NVDA,call,OTM2+,mid,75.0,10:00,12:55,target,0.75
2026-02-23,NVDA,call,OTM2+,mid,75.0,15:00,16:00,forced,0.0
2026-02-24,NVDA,call,OTM2+,mid,75.0,09:35,09:50,target,0.75
2026-02-25,NVDA,call,OTM2+,mid,75.0,09:35,16:00,forced,-0.10794
2026-02-26,NVDA,call,OTM2+,mid,75.0,09:35,11:00,target,0.75
2026-02-26,NVDA,call,OTM2+,mid,75.0,13:00,16:00,forced,0.0
2026-02-27,NVDA,call,OTM2+,mid,75.0,10:00,10:05,target,0.75
2026-02-27,NVDA,call,OTM2+,mid,75.0,12:30,16:00,forced,0.0
2026-03-02,NVDA,call,OTM2+,mid,75.0,09:35,16:00,forced,0.0
2026-03-03,NVDA,call,OTM2+,mid,75.0,09:35,09:55,target,0.75
2026-03-03,NVDA,call,OTM2+,mid,75.0,10:30,16:00,forced,0.0
2026-03-04,NVDA,call,OTM2+,mid,75.0,09:35,10:20,target,0.75
2026-03-05,NVDA,call,OTM2+,mid,75.0,09:35,16:00,forced,-0.00892
2026-03-06,NVDA,call,OTM2+,mid,75.0,09:35,10:50,target,0.75
2026-03-09,NVDA,call,OTM2+,mid,75.0,11:30,16:00,forced,0.0
2026-03-10,NVDA,call,OTM2+,mid,75.0,11:00,11:10,target,0.75
2026-03-10,NVDA,call,OTM2+,mid,75.0,12:30,12:40,target,0.75
2026-03-10,NVDA,call,OTM2+,mid,75.0,13:00,16:00,forced,0.0
2026-03-11,NVDA,call,OTM2+,mid,75.0,09:35,16:00,forced,0.0
2026-03-12,NVDA,call,OTM2+,mid,75.0,09:35,16:00,forced,0.0
2026-03-13,NVDA,call,OTM2+,mid,75.0,09:35,16:00,forced,0.0
2026-02-16,NVDA,call,OTM2+,mid,80.0,09:35,16:00,forced,0.0
2026-02-17,NVDA,call,OTM2+,mid,80.0,09:35,10:30,target,0.8
2026-02-17,NVDA,call,OTM2+,mid,80.0,11:00,12:15,target,0.8
2026-02-18,NVDA,call,OTM2+,mid,80.0,09:35,10:30,target,0.8
2026-02-18,NVDA,call,OTM2+,mid,80.0,11:00,14:00,target,0.8
2026-02-19,NVDA,call,OTM2+,mid,80.0,09:35,11:50,target,0.8
2026-02-19,NVDA,call,OTM2+,mid,80.0,13:30,16:00,forced,0.0
2026-02-20,NVDA,call,OTM2+,mid,80.0,09:35,09:50,target,0.8
2026-02-20,NVDA,call,OTM2+,mid,80.0,10:00,10:10,target,0.8
2026-02-20,NVDA,call,OTM2+,mid,80.0,10:30,11:05,target,0.8
2026-02-20,NVDA,call,OTM2+,mid,80.0,12:00,13:15,target,0.8
2026-02-20,NVDA,call,OTM2+,mid,80.0,13:30,14:10,target,0.8
2026-02-23,NVDA,call,OTM2+,mid,80.0,09:35,09:45,target,0.8
2026-02-23,NVDA,call,OTM2+,mid,80.0,10:00,12:55,target,0.8
2026-02-23,NVDA,call,OTM2+,mid,80.0,15:00,16:00,forced,0.0
2026-02-24,NVDA,call,OTM2+,mid,80.0,09:35,09:50,target,0.8
2026-02-25,NVDA,call,OTM2+,mid,80.0,09:35,16:00,forced,-0.10794
2026-02-26,NVDA,call,OTM2+,mid,80.0,09:35,11:00,target,0.8
2026-02-26,NVDA,call,OTM2+,mid,80.0,13:00,16:00,forced,0.0
2026-02-27,NVDA,call,OTM2+,mid,80.0,10:00,10:05,target,0.8
2026-02-27,NVDA,call,OTM2+,mid,80.0,12:30,16:00,forced,0.0
2026-03-02,NVDA,call,OTM2+,mid,80.0,09:35,16:00,forced,0.0
2026-03-03,NVDA,call,OTM2+,mid,80.0,09:35,09:55,target,0.8
2026-03-03,NVDA,call,OTM2+,mid,80.0,10:30,16:00,forced,0.0
2026-03-04,NVDA,call,OTM2+,mid,80.0,09:35,10:20,target,0.8
2026-03-05,NVDA,call,OTM2+,mid,80.0,09:35,16:00,forced,-0.00892
2026-03-06,NVDA,call,OTM2+,mid,80.0,09:35,10:50,target,0.8
2026-03-09,NVDA,call,OTM2+,mid,80.0,11:30,16:00,forced,0.0
2026-03-10,NVDA,call,OTM2+,mid,80.0,11:00,11:10,target,0.8
2026-03-10,NVDA,call,OTM2+,mid,80.0,12:30,12:40,target,0.8
2026-03-10,NVDA,call,OTM2+,mid,80.0,13:00,16:00,forced,0.0
2026-03-11,NVDA,call,OTM2+,mid,80.0,09:35,16:00,forced,0.0
2026-03-12,NVDA,call,OTM2+,mid,80.0,09:35,16:00,forced,0.0
2026-03-13,NVDA,call,OTM2+,mid,80.0,09:35,16:00,forced,0.0
2026-02-16,NVDA,call,OTM2+,mid,90.0,09:35,16:00,forced,0.0
2026-02-17,NVDA,call,OTM2+,mid,90.0,09:35,10:30,target,0.9
2026-02-17,NVDA,call,OTM2+,mid,90.0,11:00,12:15,target,0.9
2026-02-18,NVDA,call,OTM2+,mid,90.0,09:35,10:30,target,0.9
2026-02-18,NVDA,call,OTM2+,mid,90.0,11:00,14:00,target,0.9
2026-02-19,NVDA,call,OTM2+,mid,90.0,09:35,11:50,target,0.9
2026-02-19,NVDA,call,OTM2+,mid,90.0,13:30,16:00,forced,0.0
2026-02-20,NVDA,call,OTM2+,mid,90.0,09:35,09:50,target,0.9
2026-02-20,NVDA,call,OTM2+,mid,90.0,10:00,10:10,target,0.9
2026-02-20,NVDA,call,OTM2+,mid,90.0,10:30,11:10,target,0.9
2026-02-20,NVDA,call,OTM2+,mid,90.0,12:00,13:15,target,0.9
2026-02-20,NVDA,call,OTM2+,mid,90.0,13:30,14:10,target,0.9
2026-02-23,NVDA,call,OTM2+,mid,90.0,09:35,09:45,target,0.9
2026-02-23,NVDA,call,OTM2+,mid,90.0,10:00,12:55,target,0.9
2026-02-23,NVDA,call,OTM2+,mid,90.0,15:00,16:00,forced,0.0
2026-02-24,NVDA,call,OTM2+,mid,90.0,09:35,09:50,target,0.9
2026-02-25,NVDA,call,OTM2+,mid,90.0,09:35,16:00,forced,-0.10794
2026-02-26,NVDA,call,OTM2+,mid,90.0,09:35,11:00,target,0.9
2026-02-26,NVDA,call,OTM2+,mid,90.0,13:00,16:00,forced,0.0
2026-02-27,NVDA,call,OTM2+,mid,90.0,10:00,10:25,target,0.9
2026-02-27,NVDA,call,OTM2+,mid,90.0,12:30,16:00,forced,0.0
2026-03-02,NVDA,call,OTM2+,mid,90.0,09:35,16:00,forced,0.0
2026-03-03,NVDA,call,OTM2+,mid,90.0,09:35,09:55,target,0.9
2026-03-03,NVDA,call,OTM2+,mid,90.0,10:30,16:00,forced,0.0
2026-03-04,NVDA,call,OTM2+,mid,90.0,09:35,10:20,target,0.9
2026-03-05,NVDA,call,OTM2+,mid,90.0,09:35,16:00,forced,-0.00892
2026-03-06,NVDA,call,OTM2+,mid,90.0,09:35,10:50,target,0.9
2026-03-09,NVDA,call,OTM2+,mid,90.0,11:30,16:00,forced,0.0
2026-03-10,NVDA,call,OTM2+,mid,90.0,11:00,11:10,target,0.9
2026-03-10,NVDA,call,OTM2+,mid,90.0,12:30,12:40,target,0.9
2026-03-10,NVDA,call,OTM2+,mid,90.0,13:00,16:00,forced,0.0
2026-03-11,NVDA,call,OTM2+,mid,90.0,09:35,16:00,forced,0.0
2026-03-12,NVDA,call,OTM2+,mid,90.0,09:35,16:00,forced,0.0
2026-03-13,NVDA,call,OTM2+,mid,90.0,09:35,16:00,forced,0.0
2026-02-16,NVDA,call,OTM2+,mid,100.0,09:35,16:00,forced,0.0
2026-02-17,NVDA,call,OTM2+,mid,100.0,09:35,10:30,target,1.0
2026-02-17,NVDA,call,OTM2+,mid,100.0,11:00,12:15,target,1.0
2026-02-18,NVDA,call,OTM2+,mid,100.0,09:35,10:30,target,1.0
2026-02-18,NVDA,call,OTM2+,mid,100.0,11:00,14:00,target,1.0
2026-02-19,NVDA,call,OTM2+,mid,100.0,09:35,11:50,target,1.0
2026-02-19,NVDA,call,OTM2+,mid,100.0,13:30,16:00,forced,0.0
2026-02-20,NVDA,call,OTM2+,mid,100.0,09:35,09:50,target,1.0
2026-02-20,NVDA,call,OTM2+,mid,100.0,10:00,11:10,target,1.0
2026-02-20,NVDA,call,OTM2+,mid,100.0,12:00,13:15,target,1.0
2026-02-20,NVDA,call,OTM2+,mid,100.0,13:30,14:10,target,1.0
2026-02-23,NVDA,call,OTM2+,mid,100.0,09:35,09:45,target,1.0
2026-02-23,NVDA,call,OTM2+,mid,100.0,10:00,12:55,target,1.0
2026-02-23,NVDA,call,OTM2+,mid,100.0,15:00,16:00,forced,0.0
2026-02-24,NVDA,call,OTM2+,mid,100.0,09:35,09:50,target,1.0
2026-02-25,NVDA,call,OTM2+,mid,100.0,09:35,16:00,forced,-0.10794
2026-02-26,NVDA,call,OTM2+,mid,100.0,09:35,11:00,target,1.0
2026-02-26,NVDA,call,OTM2+,mid,100.0,13:00,16:00,forced,0.0
2026-02-27,NVDA,call,OTM2+,mid,100.0,10:00,10:25,target,1.0
2026-02-27,NVDA,call,OTM2+,mid,100.0,12:30,16:00,forced,0.0
2026-03-02,NVDA,call,OTM2+,mid,100.0,09:35,16:00,forced,0.0
2026-03-03,NVDA,call,OTM2+,mid,100.0,09:35,09:55,target,1.0
2026-03-03,NVDA,call,OTM2+,mid,100.0,10:30,16:00,forced,0.0
2026-03-04,NVDA,call,OTM2+,mid,100.0,09:35,10:20,target,1.0
2026-03-05,NVDA,call,OTM2+,mid,100.0,09:35,16:00,forced,-0.00892
2026-03-06,NVDA,call,OTM2+,mid,100.0,09:35,10:55,target,1.0
2026-03-09,NVDA,call,OTM2+,mid,100.0,11:30,16:00,forced,0.0
2026-03-10,NVDA,call,OTM2+,mid,100.0,11:00,11:10,target,1.0
2026-03-10,NVDA,call,OTM2+,mid,100.0,12:30,12:40,target,1.0
2026-03-10,NVDA,call,OTM2+,mid,100.0,13:00,16:00,forced,0.0
2026-03-11,NVDA,call,OTM2+,mid,100.0,09:35,16:00,forced,0.0
2026-03-12,NVDA,call,OTM2+,mid,100.0,09:35,16:00,forced,0.0
2026-03-13,NVDA,call,OTM2+,mid,100.0,09:35,16:00,forced,0.0
2026-02-16,NVDA,call,OTM2+,market,20.0,09:35,16:00,forced,-0.03922
2026-02-17,NVDA,call,OTM2+,market,20.0,09:35,10:20,target,0.2
2026-02-17,NVDA,call,OTM2+,market,20.0,11:00,12:15,target,0.2
2026-02-18,NVDA,call,OTM2+,market,20.0,09:35,09:55,target,0.2
2026-02-18,NVDA,call,OTM2+,market,20.0,10:00,10:20,target,0.2
2026-02-18,NVDA,call,OTM2+,market,20.0,11:00,14:00,target,0.2
2026-02-19,NVDA,call,OTM2+,market,20.0,09:35,11:25,target,0.2
2026-02-19,NVDA,call,OTM2+,market,20.0,11:30,11:45,target,0.2
2026-02-19,NVDA,call,OTM2+,market,20.0,13:30,16:00,forced,-0.03922
2026-02-20,NVDA,call,OTM2+,market,20.0,09:35,09:40,target,0.2
2026-02-20,NVDA,call,OTM2+,market,20.0,10:30,10:55,target,0.2
2026-02-20,NVDA,call,OTM2+,market,20.0,11:00,11:05,target,0.2
2026-02-20,NVDA,call,OTM2+,market,20.0,12:00,12:25,target,0.2
2026-02-20,NVDA,call,OTM2+,market,20.0,12:30,13:15,target,0.2
2026-02-20,NVDA,call,OTM2+,market,20.0,13:30,14:10,target,0.2
2026-02-23,NVDA,call,OTM2+,market,20.0,09:35,09:45,target,0.2
2026-02-23,NVDA,call,OTM2+,market,20.0,10:30,12:55,target,0.2
2026-02-23,NVDA,call,OTM2+,market,20.0,15:00,16:00,forced,-0.03922
2026-02-24,NVDA,call,OTM2+,market,20.0,09:35,09:40,target,0.2
2026-02-25,NVDA,call,OTM2+,market,20.0,09:35,16:00,forced,-0.14336
2026-02-26,NVDA,call,OTM2+,market,20.0,09:35,10:45,target,0.2
2026-02-26,NVDA,call,OTM2+,market,20.0,13:00,16:00,forced,-0.03922
2026-02-27,NVDA,call,OTM2+,market,20.0,10:00,10:05,target,0.2
2026-02-27,NVDA,call,OTM2+,market,20.0,12:30,16:00,forced,-0.03922
2026-03-02,NVDA,call,OTM2+,market,20.0,09:35,16:00,forced,-0.03922
2026-03-03,NVDA,call,OTM2+,market,20.0,09:35,09:45,target,0.2
2026-03-03,NVDA,call,OTM2+,market,20.0,10:30,16:00,forced,-0.03922
2026-03-04,NVDA,call,OTM2+,market,20.0,09:35,09:40,target,0.2
2026-03-04,NVDA,call,OTM2+,market,20.0,10:00,10:10,target,0.2
2026-03-05,NVDA,call,OTM2+,market,20.0,09:35,16:00,forced,-0.04854
2026-03-06,NVDA,call,OTM2+,market,20.0,09:35,10:45,target,0.2
2026-03-09,NVDA,call,OTM2+,market,20.0,11:30,11:40,target,0.2
2026-03-09,NVDA,call,OTM2+,market,20.0,12:00,16:00,forced,-0.03922
2026-03-10,NVDA,call,OTM2+,market,20.0,11:00,11:05,target,0.2
2026-03-10,NVDA,call,OTM2+,market,20.0,12:30,12:40,target,0.2
2026-03-10,NVDA,call,OTM2+,market,20.0,13:00,16:00,forced,-0.03922
2026-03-11,NVDA,call,OTM2+,market,20.0,09:35,16:00,forced,-0.03922
2026-03-12,NVDA,call,OTM2+,market,20.0,09:35,16:00,forced,-0.03922
2026-03-13,NVDA,call,OTM2+,market,20.0,09:35,16:00,forced,-0.03922
2026-02-16,NVDA,call,OTM2+,market,25.0,09:35,16:00,forced,-0.03922
2026-02-17,NVDA,call,OTM2+,market,25.0,09:35,10:20,target,0.25
2026-02-17,NVDA,call,OTM2+,market,25.0,11:00,12:15,target,0.25
2026-02-18,NVDA,call,OTM2+,market,25.0,09:35,09:55,target,0.25
2026-02-18,NVDA,call,OTM2+,market,25.0,10:00,10:20,target,0.25
2026-02-18,NVDA,call,OTM2+,market,25.0,11:00,14:00,target,0.25
2026-02-19,NVDA,call,OTM2+,market,25.0,09:35,11:25,target,0.25
2026-02-19,NVDA,call,OTM2+,market,25.0,11:30,11:50,target,0.25
2026-02-19,NVDA,call,OTM2+,market,25.0,13:30,16:00,forced,-0.03922
2026-02-20,NVDA,call,OTM2+,market,25.0,09:35,09:40,target,0.25
2026-02-20,NVDA,call,OTM2+,market,25.0,10:00,10:10,target,0.25
2026-02-20,NVDA,call,OTM2+,market,25.0,10:30,10:55,target,0.25
2026-02-20,NVDA,call,OTM2+,market,25.0,11:00,11:05,target,0.25
2026-02-20,NVDA,call,OTM2+,market,25.0,12:00,13:15,target,0.25
2026-02-20,NVDA,call,OTM2+,market,25.0,13:30,14:10,target,0.25
2026-02-23,NVDA,call,OTM2+,market,25.0,09:35,09:45,target,0.25
2026-02-23,NVDA,call,OTM2+,market,25.0,10:00,12:55,target,0.25
2026-02-23,NVDA,call,OTM2+,market,25.0,15:00,16:00,forced,-0.03922
2026-02-24,NVDA,call,OTM2+,market,25.0,09:35,09:50,target,0.25
2026-02-25,NVDA,call,OTM2+,market,25.0,09:35,16:00,forced,-0.14336
2026-02-26,NVDA,call,OTM2+,market,25.0,09:35,10:45,target,0.25
2026-02-26,NVDA,call,OTM2+,market,25.0,13:00,16:00,forced,-0.03922
2026-02-27,NVDA,call,OTM2+,market,25.0,10:00,10:05,target,0.25
2026-02-27,NVDA,call,OTM2+,market,25.0,12:30,16:00,forced,-0.03922
2026-03-02,NVDA,call,OTM2+,market,25.0,09:35,16:00,forced,-0.03922
2026-03-03,NVDA,call,OTM2+,market,25.0,09:35,09:45,target,0.25
2026-03-03,NVDA,call,OTM2+,market,25.0,10:30,16:00,forced,-0.03922
2026-03-04,NVDA,call,OTM2+,market,25.0,09:35,09:40,target,0.25
2026-03-04,NVDA,call,OTM2+,market,25.0,10:00,10:10,target,0.25
2026-03-05,NVDA,call,OTM2+,market,25.0,09:35,16:00,forced,-0.04854
2026-03-06,NVDA,call,OTM2+,market,25.0,09:35,10:45,target,0.25
2026-03-09,NVDA,call,OTM2+,market,25.0,11:30,11:45,target,0.25
2026-03-09,NVDA,call,OTM2+,market,25.0,12:00,16:00,forced,-0.03922
2026-03-10,NVDA,call,OTM2+,market,25.0,11:00,11:05,target,0.25
2026-03-10,NVDA,call,OTM2+,market,25.0,12:30,12:40,target,0.25
2026-03-10,NVDA,call,OTM2+,market,25.0,13:00,16:00,forced,-0.03922
2026-03-11,NVDA,call,OTM2+,market,25.0,09:35,16:00,forced,-0.03922
2026-03-12,NVDA,call,OTM2+,market,25.0,09:35,16:00,forced,-0.03922
2026-03-13,NVDA,call,OTM2+,market,25.0,09:35,16:00,forced,-0.03922
2026-02-16,NVDA,call,OTM2+,market,30.0,09:35,16:00,forced,-0.03922
2026-02-17,NVDA,call,OTM2+,market,30.0,09:35,10:30,target,0.3
2026-02-17,NVDA,call,OTM2+,market,30.0,11:00,12:15,target,0.3
2026-02-18,NVDA,call,OTM2+,market,30.0,09:35,09:55,target,0.3
2026-02-18,NVDA,call,OTM2+,market,30.0,10:00,10:20,target,0.3
2026-02-18,NVDA,call,OTM2+,market,30.0,11:00,14:00,target,0.3
2026-02-19,NVDA,call,OTM2+,market,30.0,09:35,11:25,target,0.3
2026-02-19,NVDA,call,OTM2+,market,30.0,11:30,11:50,target,0.3
2026-02-19,NVDA,call,OTM2+,market,30.0,13:30,16:00,forced,-0.03922
2026-02-20,NVDA,call,OTM2+,market,30.0,09:35,09:40,target,0.3
2026-02-20,NVDA,call,OTM2+,market,30.0,10:30,11:05,target,0.3
2026-02-20,NVDA,call,OTM2+,market,30.0,12:00,13:15,target,0.3
2026-02-20,NVDA,call,OTM2+,market,30.0,13:30,14:10,target,0.3
2026-02-23,NVDA,call,OTM2+,market,30.0,09:35,09:45,target,0.3
2026-02-23,NVDA,call,OTM2+,market,30.0,10:30,12:55,target,0.3
2026-02-23,NVDA,call,OTM2+,market,30.0,15:00,16:00,forced,-0.03922
2026-02-24,NVDA,call,OTM2+,market,30.0,09:35,09:50,target,0.3
2026-02-25,NVDA,call,OTM2+,market,30.0,09:35,16:00,forced,-0.14336
2026-02-26,NVDA,call,OTM2+,market,30.0,09:35,10:45,target,0.3
2026-02-26,NVDA,call,OTM2+,market,30.0,13:00,16:00,forced,-0.03922
2026-02-27,NVDA,call,OTM2+,market,30.0,10:00,10:05,target,0.3
2026-02-27,NVDA,call,OTM2+,market,30.0,12:30,16:00,forced,-0.03922
2026-03-02,NVDA,call,OTM2+,market,30.0,09:35,16:00,forced,-0.03922
2026-03-03,NVDA,call,OTM2+,market,30.0,09:35,09:45,target,0.3
2026-03-03,NVDA,call,OTM2+,market,30.0,10:30,16:00,forced,-0.03922
2026-03-04,NVDA,call,OTM2+,market,30.0,09:35,09:40,target,0.3
2026-03-04,NVDA,call,OTM2+,market,30.0,10:00,10:10,target,0.3
2026-03-05,NVDA,call,OTM2+,market,30.0,09:35,16:00,forced,-0.04854
2026-03-06,NVDA,call,OTM2+,market,30.0,09:35,10:45,target,0.3
2026-03-09,NVDA,call,OTM2+,market,30.0,11:30,11:45,target,0.3
2026-03-09,NVDA,call,OTM2+,market,30.0,12:00,16:00,forced,-0.03922
2026-03-10,NVDA,call,OTM2+,market,30.0,11:00,11:05,target,0.3
2026-03-10,NVDA,call,OTM2+,market,30.0,12:30,12:40,target,0.3
2026-03-10,NVDA,call,OTM2+,market,30.0,13:00,16:00,forced,-0.03922
2026-03-11,NVDA,call,OTM2+,market,30.0,09:35,16:00,forced,-0.03922
2026-03-12,NVDA,call,OTM2+,market,30.0,09:35,16:00,forced,-0.03922
2026-03-13,NVDA,call,OTM2+,market,30.0,09:35,16:00,forced,-0.03922
2026-02-16,NVDA,call,OTM2+,market,40.0,09:35,16:00,forced,-0.03922
2026-02-17,NVDA,call,OTM2+,market,40.0,09:35,10:30,target,0.4
2026-02-17,NVDA,call,OTM2+,market,40.0,11:00,12:15,target,0.4
2026-02-18,NVDA,call,OTM2+,market,40.0,09:35,09:55,target,0.4
2026-02-18,NVDA,call,OTM2+,market,40.0,10:00,10:20,target,0.4
2026-02-18,NVDA,call,OTM2+,market,40.0,11:00,14:00,target,0.4
2026-02-19,NVDA,call,OTM2+,market,40.0,09:35,11:25,target,0.4
2026-02-19,NVDA,call,OTM2+,market,40.0,11:30,11:50,target,0.4
2026-02-19,NVDA,call,OTM2+,market,40.0,13:30,16:00,forced,-0.03922
2026-02-20,NVDA,call,OTM2+,market,40.0,09:35,09:40,target,0.4
2026-02-20,NVDA,call,OTM2+,market,40.0,10:00,10:10,target,0.4
2026-02-20,NVDA,call,OTM2+,market,40.0,10:30,11:05,target,0.4
2026-02-20,NVDA,call,OTM2+,market,40.0,12:00,13:15,target,0.4
2026-02-20,NVDA,call,OTM2+,market,40.0,13:30,14:10,target,0.4
2026-02-23,NVDA,call,OTM2+,market,40.0,09:35,09:45,target,0.4
2026-02-23,NVDA,call,OTM2+,market,40.0,10:00,12:55,target,0.4
2026-02-23,NVDA,call,OTM2+,market,40.0,15:00,16:00,forced,-0.03922
2026-02-24,NVDA,call,OTM2+,market,40.0,09:35,09:50,target,0.4
2026-02-25,NVDA,call,OTM2+,market,40.0,09:35,16:00,forced,-0.14336
2026-02-26,NVDA,call,OTM2+,market,40.0,09:35,10:45,target,0.4
2026-02-26,NVDA,call,OTM2+,market,40.0,13:00,16:00,forced,-0.03922
2026-02-27,NVDA,call,OTM2+,market,40.0,10:00,10:05,target,0.4
2026-02-27,NVDA,call,OTM2+,market,40.0,12:30,16:00,forced,-0.03922
2026-03-02,NVDA,call,OTM2+,market,40.0,09:35,16:00,forced,-0.03922
2026-03-03,NVDA,call,OTM2+,market,40.0,09:35,09:45,target,0.4
2026-03-03,NVDA,call,OTM2+,market,40.0,10:30,16:00,forced,-0.03922
2026-03-04,NVDA,call,OTM2+,market,40.0,09:35,09:40,target,0.4
2026-03-04,NVDA,call,OTM2+,market,40.0,10:00,10:10,target,0.4
2026-03-05,NVDA,call,OTM2+,market,40.0,09:35,16:00,forced,-0.04854
2026-03-06,NVDA,call,OTM2+,market,40.0,09:35,10:45,target,0.4
2026-03-09,NVDA,call,OTM2+,market,40.0,11:30,11:45,target,0.4
2026-03-09,NVDA,call,OTM2+,market,40.0,12:00,16:00,forced,-0.03922
2026-03-10,NVDA,call,OTM2+,market,40.0,11:00,11:05,target,0.4
2026-03-10,NVDA,call,OTM2+,market,40.0,12:30,12:40,target,0.4
2026-03-10,NVDA,call,OTM2+,market,40.0,13:00,16:00,forced,-0.03922
2026-03-11,NVDA,call,OTM2+,market,40.0,09:35,16:00,forced,-0.03922
2026-03-12,NVDA,call,OTM2+,market,40.0,09:35,16:00,forced,-0.03922
2026-03-13,NVDA,call,OTM2+,market,40.0,09:35,16:00,forced,-0.03922
2026-02-16,NVDA,call,OTM2+,market,50.0,09:35,16:00,forced,-0.03922
2026-02-17,NVDA,call,OTM2+,market,50.0,09:35,10:30,target,0.5
2026-02-17,NVDA,call,OTM2+,market,50.0,11:00,12:15,target,0.5
2026-02-18,NVDA,call,OTM2+,market,50.0,09:35,10:30,target,0.5
2026-02-18,NVDA,call,OTM2+,market,50.0,11:00,14:00,target,0.5
2026-02-19,NVDA,call,OTM2+,market,50.0,09:35,11:25,target,0.5
2026-02-19,NVDA,call,OTM2+,market,50.0,11:30,11:50,target,0.5
2026-02-19,NVDA,call,OTM2+,market,50.0,13:30,16:00,forced,-0.03922
2026-02-20,NVDA,call,OTM2+,market,50.0,09:35,09:50,target,0.5
2026-02-20,NVDA,call,OTM2+,market,50.0,10:00,10:10,target,0.5
2026-02-20,NVDA,call,OTM2+,market,50.0,10:30,11:05,target,0.5
2026-02-20,NVDA,call,OTM2+,market,50.0,12:00,13:15,target,0.5
2026-02-20,NVDA,call,OTM2+,market,50.0,13:30,14:10,target,0.5
2026-02-23,NVDA,call,OTM2+,market,50.0,09:35,09:45,target,0.5
2026-02-23,NVDA,call,OTM2+,market,50.0,10:00,12:55,target,0.5
2026-02-23,NVDA,call,OTM2+,market,50.0,15:00,16:00,forced,-0.03922
2026-02-24,NVDA,call,OTM2+,market,50.0,09:35,09:50,target,0.5
2026-02-25,NVDA,call,OTM2+,market,50.0,09:35,16:00,forced,-0.14336
2026-02-26,NVDA,call,OTM2+,market,50.0,09:35,11:00,target,0.5
2026-02-26,NVDA,call,OTM2+,market,50.0,13:00,16:00,forced,-0.03922
2026-02-27,NVDA,call,OTM2+,market,50.0,10:00,10:05,target,0.5
2026-02-27,NVDA,call,OTM2+,market,50.0,12:30,16:00,forced,-0.03922
2026-03-02,NVDA,call,OTM2+,market,50.0,09:35,16:00,forced,-0.03922
2026-03-03,NVDA,call,OTM2+,market,50.0,09:35,09:55,target,0.5
2026-03-03,NVDA,call,OTM2+,market,50.0,10:30,16:00,forced,-0.03922
2026-03-04,NVDA,call,OTM2+,market,50.0,09:35,10:20,target,0.5
2026-03-05,NVDA,call,OTM2+,market,50.0,09:35,16:00,forced,-0.04854
2026-03-06,NVDA,call,OTM2+,market,50.0,09:35,10:45,target,0.5
2026-03-09,NVDA,call,OTM2+,market,50.0,11:30,11:45,target,0.5
2026-03-09,NVDA,call,OTM2+,market,50.0,12:00,16:00,forced,-0.03922
2026-03-10,NVDA,call,OTM2+,market,50.0,11:00,11:05,target,0.5
2026-03-10,NVDA,call,OTM2+,market,50.0,12:30,12:40,target,0.5
2026-03-10,NVDA,call,OTM2+,market,50.0,13:00,16:00,forced,-0.03922
2026-03-11,NVDA,call,OTM2+,market,50.0,09:35,16:00,forced,-0.03922
2026-03-12,NVDA,call,OTM2+,market,50.0,09:35,16:00,forced,-0.03922
2026-03-13,NVDA,call,OTM2+,market,50.0,09:35,16:00,forced,-0.03922
2026-02-16,NVDA,call,OTM2+,market,60.0,09:35,16:00,forced,-0.03922
2026-02-17,NVDA,call,OTM2+,market,60.0,09:35,10:30,target,0.6
2026-02-17,NVDA,call,OTM2+,market,60.0,11:00,12:15,target,0.6
2026-02-18,NVDA,call,OTM2+,market,60.0,09:35,10:30,target,0.6
2026-02-18,NVDA,call,OTM2+,market,60.0,11:00,14:00,target,0.6
2026-02-19,NVDA,call,OTM2+,market,60.0,09:35,11:50,target,0.6
2026-02-19,NVDA,call,OTM2+,market,60.0,13:30,16:00,forced,-0.03922
2026-02-20,NVDA,call,OTM2+,market,60.0,09:35,09:50,target,0.6
2026-02-20,NVDA,call,OTM2+,market,60.0,10:00,10:10,target,0.6
2026-02-20,NVDA,call,OTM2+,market,60.0,10:30,11:05,target,0.6
2026-02-20,NVDA,call,OTM2+,market,60.0,12:00,13:15,target,0.6
2026-02-20,NVDA,call,OTM2+,market,60.0,13:30,14:10,target,0.6
2026-02-23,NVDA,call,OTM2+,market,60.0,09:35,09:45,target,0.6
2026-02-23,NVDA,call,OTM2+,market,60.0,10:00,12:55,target,0.6
2026-02-23,NVDA,call,OTM2+,market,60.0,15:00,16:00,forced,-0.03922
2026-02-24,NVDA,call,OTM2+,market,60.0,09:35,09:50,target,0.6
2026-02-25,NVDA,call,OTM2+,market,60.0,09:35,16:00,forced,-0.14336
2026-02-26,NVDA,call,OTM2+,market,60.0,09:35,11:00,target,0.6
2026-02-26,NVDA,call,OTM2+,market,60.0,13:00,16:00,forced,-0.03922
2026-02-27,NVDA,call,OTM2+,market,60.0,10:00,10:05,target,0.6
2026-02-27,NVDA,call,OTM2+,market,60.0,12:30,16:00,forced,-0.03922
2026-03-02,NVDA,call,OTM2+,market,60.0,09:35,16:00,forced,-0.03922
2026-03-03,NVDA,call,OTM2+,market,60.0,09:35,09:55,target,0.6
2026-03-03,NVDA,call,OTM2+,market,60.0,10:30,16:00,forced,-0.03922
2026-03-04,NVDA,call,OTM2+,market,60.0,09:35,10:20,target,0.6
2026-03-05,NVDA,call,OTM2+,market,60.0,09:35,16:00,forced,-0.04854
2026-03-06,NVDA,call,OTM2+,market,60.0,09:35,10:45,target,0.6
2026-03-09,NVDA,call,OTM2+,market,60.0,11:30,16:00,forced,-0.03922
2026-03-10,NVDA,call,OTM2+,market,60.0,11:00,11:10,target,0.6
2026-03-10,NVDA,call,OTM2+,market,60.0,12:30,12:40,target,0.6
2026-03-10,NVDA,call,OTM2+,market,60.0,13:00,16:00,forced,-0.03922
2026-03-11,NVDA,call,OTM2+,market,60.0,09:35,16:00,forced,-0.03922
2026-03-12,NVDA,call,OTM2+,market,60.0,09:35,16:00,forced,-0.03922
2026-03-13,NVDA,call,OTM2+,market,60.0,09:35,16:00,forced,-0.03922
2026-02-16,NVDA,call,OTM2+,market,70.0,09:35,16:00,forced,-0.03922
2026-02-17,NVDA,call,OTM2+,market,70.0,09:35,10:30,target,0.7
2026-02-17,NVDA,call,OTM2+,market,70.0,11:00,12:15,target,0.7
2026-02-18,NVDA,call,OTM2+,market,70.0,09:35,10:30,target,0.7
2026-02-18,NVDA,call,OTM2+,market,70.0,11:00,14:00,target,0.7
2026-02-19,NVDA,call,OTM2+,market,70.0,09:35,11:50,target,0.7
2026-02-19,NVDA,call,OTM2+,market,70.0,13:30,16:00,forced,-0.03922
2026-02-20,NVDA,call,OTM2+,market,70.0,09:35,09:50,target,0.7
2026-02-20,NVDA,call,OTM2+,market,70.0,10:00,10:10,target,0.7
2026-02-20,NVDA,call,OTM2+,market,70.0,10:30,11:05,target,0.7
2026-02-20,NVDA,call,OTM2+,market,70.0,12:00,13:15,target,0.7
2026-02-20,NVDA,call,OTM2+,market,70.0,13:30,14:10,target,0.7
2026-02-23,NVDA,call,OTM2+,market,70.0,09:35,09:45,target,0.7
2026-02-23,NVDA,call,OTM2+,market,70.0,10:00,12:55,target,0.7
2026-02-23,NVDA,call,OTM2+,market,70.0,15:00,16:00,forced,-0.03922
2026-02-24,NVDA,call,OTM2+,market,70.0,09:35,09:50,target,0.7
2026-02-25,NVDA,call,OTM2+,market,70.0,09:35,16:00,forced,-0.14336
2026-02-26,NVDA,call,OTM2+,market,70.0,09:35,11:00,target,0.7
2026-02-26,NVDA,call,OTM2+,market,70.0,13:00,16:00,forced,-0.03922
2026-02-27,NVDA,call,OTM2+,market,70.0,10:00,10:05,target,0.7
2026-02-27,NVDA,call,OTM2+,market,70.0,12:30,16:00,forced,-0.03922
2026-03-02,NVDA,call,OTM2+,market,70.0,09:35,16:00,forced,-0.03922
2026-03-03,NVDA,call,OTM2+,market,70.0,09:35,09:55,target,0.7
2026-03-03,NVDA,call,OTM2+,market,70.0,10:30,16:00,forced,-0.03922
2026-03-04,NVDA,call,OTM2+,market,70.0,09:35,10:20,target,0.7
2026-03-05,NVDA,call,OTM2+,market,70.0,09:35,16:00,forced,-0.04854
2026-03-06,NVDA,call,OTM2+,market,70.0,09:35,10:50,target,0.7
2026-03-09,NVDA,call,OTM2+,market,70.0,11:30,16:00,forced,-0.03922
2026-03-10,NVDA,call,OTM2+,market,70.0,11:00,11:10,target,0.7
2026-03-10,NVDA,call,OTM2+,market,70.0,12:30,12:40,target,0.7
2026-03-10,NVDA,call,OTM2+,market,70.0,13:00,16:00,forced,-0.03922
2026-03-11,NVDA,call,OTM2+,market,70.0,09:35,16:00,forced,-0.03922
2026-03-12,NVDA,call,OTM2+,market,70.0,09:35,16:00,forced,-0.03922
2026-03-13,NVDA,call,OTM2+,market,70.0,09:35,16:00,forced,-0.03922
2026-02-16,NVDA,call,OTM2+,market,75.0,09:35,16:00,forced,-0.03922
2026-02-17,NVDA,call,OTM2+,market,75.0,09:35,10:30,target,0.75
2026-02-17,NVDA,call,OTM2+,market,75.0,11:00,12:15,target,0.75
2026-02-18,NVDA,call,OTM2+,market,75.0,09:35,10:30,target,0.75
2026-02-18,NVDA,call,OTM2+,market,75.0,11:00,14:00,target,0.75
2026-02-19,NVDA,call,OTM2+,market,75.0,09:35,11:50,target,0.75
2026-02-19,NVDA,call,OTM2+,market,75.0,13:30,16:00,forced,-0.03922
2026-02-20,NVDA,call,OTM2+,market,75.0,09:35,09:50,target,0.75
2026-02-20,NVDA,call,OTM2+,market,75.0,10:00,10:10,target,0.75
2026-02-20,NVDA,call,OTM2+,market,75.0,10:30,11:05,target,0.75
2026-02-20,NVDA,call,OTM2+,market,75.0,12:00,13:15,target,0.75
2026-02-20,NVDA,call,OTM2+,market,75.0,13:30,14:10,target,0.75
2026-02-23,NVDA,call,OTM2+,market,75.0,09:35,09:45,target,0.75
2026-02-23,NVDA,call,OTM2+,market,75.0,10:00,12:55,target,0.75
2026-02-23,NVDA,call,OTM2+,market,75.0,15:00,16:00,forced,-0.03922
2026-02-24,NVDA,call,OTM2+,market,75.0,09:35,09:50,target,0.75
2026-02-25,NVDA,call,OTM2+,market,75.0,09:35,16:00,forced,-0.14336
2026-02-26,NVDA,call,OTM2+,market,75.0,09:35,11:00,target,0.75
2026-02-26,NVDA,call,OTM2+,market,75.0,13:00,16:00,forced,-0.03922
2026-02-27,NVDA,call,OTM2+,market,75.0,10:00,10:05,target,0.75
2026-02-27,NVDA,call,OTM2+,market,75.0,12:30,16:00,forced,-0.03922
2026-03-02,NVDA,call,OTM2+,market,75.0,09:35,16:00,forced,-0.03922
2026-03-03,NVDA,call,OTM2+,market,75.0,09:35,09:55,target,0.75
2026-03-03,NVDA,call,OTM2+,market,75.0,10:30,16:00,forced,-0.03922
2026-03-04,NVDA,call,OTM2+,market,75.0,09:35,10:20,target,0.75
2026-03-05,NVDA,call,OTM2+,market,75.0,09:35,16:00,forced,-0.04854
2026-03-06,NVDA,call,OTM2+,market,75.0,09:35,10:50,target,0.75
2026-03-09,NVDA,call,OTM2+,market,75.0,11:30,16:00,forced,-0.03922
2026-03-10,NVDA,call,OTM2+,market,75.0,11:00,11:10,target,0.75
2026-03-10,NVDA,call,OTM2+,market,75.0,12:30,12:40,target,0.75
2026-03-10,NVDA,call,OTM2+,market,75.0,13:00,16:00,forced,-0.03922
2026-03-11,NVDA,call,OTM2+,market,75.0,09:35,16:00,forced,-0.03922
2026-03-12,NVDA,call,OTM2+,market,75.0,09:35,16:00,forced,-0.03922
2026-03-13,NVDA,call,OTM2+,market,75.0,09:35,16:00,forced,-0.03922
2026-02-16,NVDA,call,OTM2+,market,80.0,09:35,16:00,forced,-0.03922
2026-02-17,NVDA,call,OTM2+,market,80.0,09:35,10:30,target,0.8
2026-02-17,NVDA,call,OTM2+,market,80.0,11:00,12:15,target,0.8
2026-02-18,NVDA,call,OTM2+,market,80.0,09:35,10:30,target,0.8
2026-02-18,NVDA,call,OTM2+,market,80.0,11:00,14:00,target,0.8
2026-02-19,NVDA,call,OTM2+,market,80.0,09:35,11:50,target,0.8
2026-02-19,NVDA,call,OTM2+,market,80.0,13:30,16:00,forced,-0.03922
2026-02-20,NVDA,call,OTM2+,market,80.0,09:35,09:50,target,0.8
2026-02-20,NVDA,call,OTM2+,market,80.0,10:00,10:10,target,0.8
2026-02-20,NVDA,call,OTM2+,market,80.0,10:30,11:10,target,0.8
2026-02-20,NVDA,call,OTM2+,market,80.0,12:00,13:15,target,0.8
2026-02-20,NVDA,call,OTM2+,market,80.0,13:30,14:10,target,0.8
2026-02-23,NVDA,call,OTM2+,market,80.0,09:35,09:45,target,0.8
2026-02-23,NVDA,call,OTM2+,market,80.0,10:00,12:55,target,0.8
2026-02-23,NVDA,call,OTM2+,market,80.0,15:00,16:00,forced,-0.03922
2026-02-24,NVDA,call,OTM2+,market,80.0,09:35,09:50,target,0.8
2026-02-25,NVDA,call,OTM2+,market,80.0,09:35,16:00,forced,-0.14336
2026-02-26,NVDA,call,OTM2+,market,80.0,09:35,11:00,target,0.8
2026-02-26,NVDA,call,OTM2+,market,80.0,13:00,16:00,forced,-0.03922
2026-02-27,NVDA,call,OTM2+,market,80.0,10:00,10:25,target,0.8
2026-02-27,NVDA,call,OTM2+,market,80.0,12:30,16:00,forced,-0.03922
2026-03-02,NVDA,call,OTM2+,market,80.0,09:35,16:00,forced,-0.03922
2026-03-03,NVDA,call,OTM2+,market,80.0,09:35,09:55,target,0.8
2026-03-03,NVDA,call,OTM2+,market,80.0,10:30,16:00,forced,-0.03922
2026-03-04,NVDA,call,OTM2+,market,80.0,09:35,10:20,target,0.8
2026-03-05,NVDA,call,OTM2+,market,80.0,09:35,16:00,forced,-0.04854
2026-03-06,NVDA,call,OTM2+,market,80.0,09:35,10:50,target,0.8
2026-03-09,NVDA,call,OTM2+,market,80.0,11:30,16:00,forced,-0.03922
2026-03-10,NVDA,call,OTM2+,market,80.0,11:00,11:10,target,0.8
2026-03-10,NVDA,call,OTM2+,market,80.0,12:30,12:40,target,0.8
2026-03-10,NVDA,call,OTM2+,market,80.0,13:00,16:00,forced,-0.03922
2026-03-11,NVDA,call,OTM2+,market,80.0,09:35,16:00,forced,-0.03922
2026-03-12,NVDA,call,OTM2+,market,80.0,09:35,16:00,forced,-0.03922
2026-03-13,NVDA,call,OTM2+,market,80.0,09:35,16:00,forced,-0.03922
2026-02-16,NVDA,call,OTM2+,market,90.0,09:35,16:00,forced,-0.03922
2026-02-17,NVDA,call,OTM2+,market,90.0,09:35,10:30,target,0.9
2026-02-17,NVDA,call,OTM2+,market,90.0,11:00,12:15,target,0.9
2026-02-18,NVDA,call,OTM2+,market,90.0,09:35,10:30,target,0.9
2026-02-18,NVDA,call,OTM2+,market,90.0,11:00,14:00,target,0.9
2026-02-19,NVDA,call,OTM2+,market,90.0,09:35,11:50,target,0.9
2026-02-19,NVDA,call,OTM2+,market,90.0,13:30,16:00,forced,-0.03922
2026-02-20,NVDA,call,OTM2+,market,90.0,09:35,09:50,target,0.9
2026-02-20,NVDA,call,OTM2+,market,90.0,10:00,11:10,target,0.9
2026-02-20,NVDA,call,OTM2+,market,90.0,12:00,13:15,target,0.9
2026-02-20,NVDA,call,OTM2+,market,90.0,13:30,14:10,target,0.9
2026-02-23,NVDA,call,OTM2+,market,90.0,09:35,09:45,target,0.9
2026-02-23,NVDA,call,OTM2+,market,90.0,10:00,12:55,target,0.9
2026-02-23,NVDA,call,OTM2+,market,90.0,15:00,16:00,forced,-0.03922
2026-02-24,NVDA,call,OTM2+,market,90.0,09:35,09:50,target,0.9
2026-02-25,NVDA,call,OTM2+,market,90.0,09:35,16:00,forced,-0.14336
2026-02-26,NVDA,call,OTM2+,market,90.0,09:35,11:00,target,0.9
2026-02-26,NVDA,call,OTM2+,market,90.0,13:00,16:00,forced,-0.03922
2026-02-27,NVDA,call,OTM2+,market,90.0,10:00,10:25,target,0.9
2026-02-27,NVDA,call,OTM2+,market,90.0,12:30,16:00,forced,-0.03922
2026-03-02,NVDA,call,OTM2+,market,90.0,09:35,16:00,forced,-0.03922
2026-03-03,NVDA,call,OTM2+,market,90.0,09:35,09:55,target,0.9
2026-03-03,NVDA,call,OTM2+,market,90.0,10:30,16:00,forced,-0.03922
2026-03-04,NVDA,call,OTM2+,market,90.0,09:35,10:20,target,0.9
2026-03-05,NVDA,call,OTM2+,market,90.0,09:35,16:00,forced,-0.04854
2026-03-06,NVDA,call,OTM2+,market,90.0,09:35,10:50,target,0.9
2026-03-09,NVDA,call,OTM2+,market,90.0,11:30,16:00,forced,-0.03922
2026-03-10,NVDA,call,OTM2+,market,90.0,11:00,11:10,target,0.9
2026-03-10,NVDA,call,OTM2+,market,90.0,12:30,12:40,target,0.9
2026-03-10,NVDA,call,OTM2+,market,90.0,13:00,16:00,forced,-0.03922
2026-03-11,NVDA,call,OTM2+,market,90.0,09:35,16:00,forced,-0.03922
2026-03-12,NVDA,call,OTM2+,market,90.0,09:35,16:00,forced,-0.03922
2026-03-13,NVDA,call,OTM2+,market,90.0,09:35,16:00,forced,-0.03922
2026-02-16,NVDA,call,OTM2+,market,100.0,09:35,16:00,forced,-0.03922
2026-02-17,NVDA,call,OTM2+,market,100.0,09:35,10:30,target,1.0
2026-02-17,NVDA,call,OTM2+,market,100.0,11:00,12:15,target,1.0
2026-02-18,NVDA,call,OTM2+,market,100.0,09:35,10:30,target,1.0
2026-02-18,NVDA,call,OTM2+,market,100.0,11:00,14:00,target,1.0
2026-02-19,NVDA,call,OTM2+,market,100.0,09:35,11:50,target,1.0
2026-02-19,NVDA,call,OTM2+,market,100.0,13:30,16:00,forced,-0.03922
2026-02-20,NVDA,call,OTM2+,market,100.0,09:35,09:50,target,1.0
2026-02-20,NVDA,call,OTM2+,market,100.0,10:00,11:10,target,1.0
2026-02-20,NVDA,call,OTM2+,market,100.0,12:00,14:10,target,1.0
2026-02-23,NVDA,call,OTM2+,market,100.0,09:35,09:45,target,1.0
2026-02-23,NVDA,call,OTM2+,market,100.0,10:00,12:55,target,1.0
2026-02-23,NVDA,call,OTM2+,market,100.0,15:00,16:00,forced,-0.03922
2026-02-24,NVDA,call,OTM2+,market,100.0,09:35,09:50,target,1.0
2026-02-25,NVDA,call,OTM2+,market,100.0,09:35,16:00,forced,-0.14336
2026-02-26,NVDA,call,OTM2+,market,100.0,09:35,11:00,target,1.0
2026-02-26,NVDA,call,OTM2+,market,100.0,13:00,16:00,forced,-0.03922
2026-02-27,NVDA,call,OTM2+,market,100.0,10:00,10:25,target,1.0
2026-02-27,NVDA,call,OTM2+,market,100.0,12:30,16:00,forced,-0.03922
2026-03-02,NVDA,call,OTM2+,market,100.0,09:35,16:00,forced,-0.03922
2026-03-03,NVDA,call,OTM2+,market,100.0,09:35,09:55,target,1.0
2026-03-03,NVDA,call,OTM2+,market,100.0,10:30,16:00,forced,-0.03922
2026-03-04,NVDA,call,OTM2+,market,100.0,09:35,10:20,target,1.0
2026-03-05,NVDA,call,OTM2+,market,100.0,09:35,16:00,forced,-0.04854
2026-03-06,NVDA,call,OTM2+,market,100.0,09:35,10:55,target,1.0
2026-03-09,NVDA,call,OTM2+,market,100.0,11:30,16:00,forced,-0.03922
2026-03-10,NVDA,call,OTM2+,market,100.0,11:00,11:10,target,1.0
2026-03-10,NVDA,call,OTM2+,market,100.0,12:30,12:40,target,1.0
2026-03-10,NVDA,call,OTM2+,market,100.0,13:00,16:00,forced,-0.03922
2026-03-11,NVDA,call,OTM2+,market,100.0,09:35,16:00,forced,-0.03922
2026-03-12,NVDA,call,OTM2+,market,100.0,09:35,16:00,forced,-0.03922
2026-03-13,NVDA,call,OTM2+,market,100.0,09:35,16:00,forced,-0.03922
2026-02-16,NVDA,put,OTM1,mid,20.0,10:30,10:35,target,0.2
2026-02-16,NVDA,put,OTM1,mid,20.0,14:30,14:35,target,0.2
2026-02-17,NVDA,put,OTM1,mid,20.0,10:30,10:45,target,0.2
2026-02-17,NVDA,put,OTM1,mid,20.0,11:00,11:05,target,0.2
2026-02-17,NVDA,put,OTM1,mid,20.0,11:30,11:45,target,0.2
2026-02-17,NVDA,put,OTM1,mid,20.0,14:00,14:10,target,0.2
2026-02-17,NVDA,put,OTM1,mid,20.0,14:30,14:45,target,0.2
2026-02-17,NVDA,put,OTM1,mid,20.0,15:00,16:00,forced,0.0
2026-02-18,NVDA,put,OTM1,mid,20.0,10:30,10:35,target,0.2
2026-02-18,NVDA,put,OTM1,mid,20.0,11:00,11:05,target,0.2
2026-02-18,NVDA,put,OTM1,mid,20.0,11:30,11:40,target,0.2
2026-02-18,NVDA,put,OTM1,mid,20.0,14:00,16:00,forced,-0.51923
2026-02-19,NVDA,put,OTM1,mid,20.0,10:30,10:35,target,0.2
2026-02-19,NVDA,put,OTM1,mid,20.0,11:00,13:40,target,0.2
2026-02-19,NVDA,put,OTM1,mid,20.0,14:00,16:00,forced,0.0
2026-02-20,NVDA,put,OTM1,mid,20.0,10:30,10:45,target,0.2
2026-02-20,NVDA,put,OTM1,mid,20.0,11:00,16:00,forced,-0.65023
2026-02-23,NVDA,put,OTM1,mid,20.0,10:30,10:35,target,0.2
2026-02-23,NVDA,put,OTM1,mid,20.0,11:00,11:05,target,0.2
2026-02-23,NVDA,put,OTM1,mid,20.0,11:30,11:55,target,0.2
2026-02-23,NVDA,put,OTM1,mid,20.0,14:00,14:05,target,0.2
2026-02-23,NVDA,put,OTM1,mid,20.0,14:30,14:35,target,0.2
2026-02-23,NVDA,put,OTM1,mid,20.0,15:00,15:05,target,0.2
2026-02-23,NVDA,put,OTM1,mid,20.0,15:30,15:40,target,0.2
2026-02-24,NVDA,put,OTM1,mid,20.0,10:30,16:00,forced,-0.85052
2026-02-25,NVDA,put,OTM1,mid,20.0,10:00,10:10,target,0.2
2026-02-25,NVDA,put,OTM1,mid,20.0,15:00,15:20,target,0.2
2026-02-25,NVDA,put,OTM1,mid,20.0,15:30,16:00,forced,0.0
2026-02-26,NVDA,put,OTM1,mid,20.0,10:30,12:35,target,0.2
2026-02-26,NVDA,put,OTM1,mid,20.0,14:00,14:05,target,0.2
2026-02-26,NVDA,put,OTM1,mid,20.0,14:30,14:40,target,0.2
2026-02-26,NVDA,put,OTM1,mid,20.0,15:00,15:05,target,0.2
2026-02-26,NVDA,put,OTM1,mid,20.0,15:30,16:00,forced,0.0
2026-02-27,NVDA,put,OTM1,mid,20.0,10:30,11:15,target,0.2
2026-02-27,NVDA,put,OTM1,mid,20.0,11:30,11:35,target,0.2
2026-02-27,NVDA,put,OTM1,mid,20.0,14:00,14:05,target,0.2
2026-02-27,NVDA,put,OTM1,mid,20.0,14:30,14:40,target,0.2
2026-03-02,NVDA,put,OTM1,mid,20.0,11:30,11:35,target,0.2
2026-03-02,NVDA,put,OTM1,mid,20.0,13:00,13:10,target,0.2
2026-03-03,NVDA,put,OTM1,mid,20.0,10:00,10:20,target,0.2
2026-03-03,NVDA,put,OTM1,mid,20.0,10:30,10:45,target,0.2
2026-03-03,NVDA,put,OTM1,mid,20.0,11:00,11:10,target,0.2
2026-03-03,NVDA,put,OTM1,mid,20.0,13:00,13:10,target,0.2
2026-03-03,NVDA,put,OTM1,mid,20.0,14:00,14:05,target,0.2
2026-03-03,NVDA,put,OTM1,mid,20.0,14:30,14:35,target,0.2
2026-03-03,NVDA,put,OTM1,mid,20.0,15:30,16:00,forced,0.0
2026-03-04,NVDA,put,OTM1,mid,20.0,11:30,16:00,forced,-0.62908
2026-03-05,NVDA,put,OTM1,mid,20.0,10:00,10:05,target,0.2
2026-03-05,NVDA,put,OTM1,mid,20.0,13:00,13:05,target,0.2
2026-03-05,NVDA,put,OTM1,mid,20.0,13:30,13:35,target,0.2
2026-03-06,NVDA,put,OTM1,mid,20.0,11:30,15:15,target,0.2
2026-03-06,NVDA,put,OTM1,mid,20.0,15:30,16:00,forced,0.0
2026-03-09,NVDA,put,OTM1,mid,20.0,11:30,12:15,target,0.2
2026-03-09,NVDA,put,OTM1,mid,20.0,13:00,13:05,target,0.2
2026-03-09,NVDA,put,OTM1,mid,20.0,14:00,14:10,target,0.2
2026-03-09,NVDA,put,OTM1,mid,20.0,15:00,15:05,target,0.2
2026-03-10,NVDA,put,OTM1,mid,20.0,11:30,12:15,target,0.2
2026-03-10,NVDA,put,OTM1,mid,20.0,13:00,13:05,target,0.2
2026-03-10,NVDA,put,OTM1,mid,20.0,14:00,14:10,target,0.2
2026-03-10,NVDA,put,OTM1,mid,20.0,14:30,14:40,target,0.2
2026-03-10,NVDA,put,OTM1,mid,20.0,15:00,15:10,target,0.2
2026-03-11,NVDA,put,OTM1,mid,20.0,11:30,11:35,target,0.2
2026-03-11,NVDA,put,OTM1,mid,20.0,13:00,13:30,target,0.2
2026-03-11,NVDA,put,OTM1,mid,20.0,14:00,14:05,target,0.2
2026-03-11,NVDA,put,OTM1,mid,20.0,14:30,15:05,target,0.2
2026-03-12,NVDA,put,OTM1,mid,20.0,10:00,10:15,target,0.2
2026-03-12,NVDA,put,OTM1,mid,20.0,10:30,10:35,target,0.2
2026-03-12,NVDA,put,OTM1,mid,20.0,14:00,14:10,target,0.2
2026-03-12,NVDA,put,OTM1,mid,20.0,14:30,14:40,target,0.2
2026-03-12,NVDA,put,OTM1,mid,20.0,15:00,16:00,forced,0.0
2026-03-13,NVDA,put,OTM1,mid,20.0,10:00,10:15,target,0.2
2026-02-16,NVDA,put,OTM1,mid,25.0,10:30,10:35,target,0.25
2026-02-16,NVDA,put,OTM1,mid,25.0,14:30,14:40,target,0.25
2026-02-17,NVDA,put,OTM1,mid,25.0,10:30,10:45,target,0.25
2026-02-17,NVDA,put,OTM1,mid,25.0,11:00,11:05,target,0.25
2026-02-17,NVDA,put,OTM1,mid,25.0,11:30,11:45,target,0.25
2026-02-17,NVDA,put,OTM1,mid,25.0,14:00,14:10,target,0.25
2026-02-17,NVDA,put,OTM1,mid,25.0,14:30,14:45,target,0.25
2026-02-17,NVDA,put,OTM1,mid,25.0,15:00,16:00,forced,0.0
2026-02-18,NVDA,put,OTM1,mid,25.0,10:30,10:35,target,0.25
2026-02-18,NVDA,put,OTM1,mid,25.0,11:00,11:05,target,0.25
2026-02-18,NVDA,put,OTM1,mid,25.0,11:30,11:40,target,0.25
2026-02-18,NVDA,put,OTM1,mid,25.0,14:00,16:00,forced,-0.51923
2026-02-19,NVDA,put,OTM1,mid,25.0,10:30,10:35,target,0.25
2026-02-19,NVDA,put,OTM1,mid,25.0,11:00,13:40,target,0.25
2026-02-19,NVDA,put,OTM1,mid,25.0,14:00,16:00,forced,0.0
2026-02-20,NVDA,put,OTM1,mid,25.0,10:30,10:45,target,0.25
2026-02-20,NVDA,put,OTM1,mid,25.0,11:00,16:00,forced,-0.65023
2026-02-23,NVDA,put,OTM1,mid,25.0,10:30,10:35,target,0.25
2026-02-23,NVDA,put,OTM1,mid,25.0,11:00,11:05,target,0.25
2026-02-23,NVDA,put,OTM1,mid,25.0,11:30,11:55,target,0.25
2026-02-23,NVDA,put,OTM1,mid,25.0,14:00,14:05,target,0.25
2026-02-23,NVDA,put,OTM1,mid,25.0,14:30,14:35,target,0.25
2026-02-23,NVDA,put,OTM1,mid,25.0,15:00,15:05,target,0.25
2026-02-23,NVDA,put,OTM1,mid,25.0,15:30,15:40,target,0.25
2026-02-24,NVDA,put,OTM1,mid,25.0,10:30,16:00,forced,-0.85052
2026-02-25,NVDA,put,OTM1,mid,25.0,10:00,10:10,target,0.25
2026-02-25,NVDA,put,OTM1,mid,25.0,15:00,15:20,target,0.25
2026-02-25,NVDA,put,OTM1,mid,25.0,15:30,16:00,forced,0.0
2026-02-26,NVDA,put,OTM1,mid,25.0,10:30,12:35,target,0.25
2026-02-26,NVDA,put,OTM1,mid,25.0,14:00,16:00,forced,-0.499
2026-02-27,NVDA,put,OTM1,mid,25.0,10:30,11:15,target,0.25
2026-02-27,NVDA,put,OTM1,mid,25.0,11:30,11:35,target,0.25
2026-02-27,NVDA,put,OTM1,mid,25.0,14:00,14:05,target,0.25
2026-02-27,NVDA,put,OTM1,mid,25.0,14:30,14:40,target,0.25
2026-03-02,NVDA,put,OTM1,mid,25.0,10:00,10:10,target,0.25
2026-03-02,NVDA,put,OTM1,mid,25.0,11:00,13:15,target,0.25
2026-03-03,NVDA,put,OTM1,mid,25.0,10:00,10:20,target,0.25
2026-03-03,NVDA,put,OTM1,mid,25.0,11:00,11:10,target,0.25
2026-03-03,NVDA,put,OTM1,mid,25.0,13:00,13:10,target,0.25
2026-03-03,NVDA,put,OTM1,mid,25.0,13:30,13:40,target,0.25
2026-03-03,NVDA,put,OTM1,mid,25.0,14:00,14:05,target,0.25
2026-03-03,NVDA,put,OTM1,mid,25.0,14:30,14:35,target,0.25
2026-03-03,NVDA,put,OTM1,mid,25.0,15:30,16:00,forced,0.0
2026-03-04,NVDA,put,OTM1,mid,25.0,10:00,16:00,forced,-0.7138
2026-03-05,NVDA,put,OTM1,mid,25.0,10:00,10:05,target,0.25
2026-03-05,NVDA,put,OTM1,mid,25.0,13:00,13:05,target,0.25
2026-03-05,NVDA,put,OTM1,mid,25.0,13:30,13:35,target,0.25
2026-03-06,NVDA,put,OTM1,mid,25.0,10:00,16:00,forced,-0.66273
2026-03-09,NVDA,put,OTM1,mid,25.0,10:00,10:05,target,0.25
2026-03-09,NVDA,put,OTM1,mid,25.0,11:00,11:15,target,0.25
2026-03-09,NVDA,put,OTM1,mid,25.0,11:30,12:15,target,0.25
2026-03-09,NVDA,put,OTM1,mid,25.0,13:00,13:05,target,0.25
2026-03-09,NVDA,put,OTM1,mid,25.0,13:30,13:50,target,0.25
2026-03-09,NVDA,put,OTM1,mid,25.0,14:00,14:10,target,0.25
2026-03-09,NVDA,put,OTM1,mid,25.0,15:00,15:05,target,0.25
2026-03-10,NVDA,put,OTM1,mid,25.0,10:00,10:50,target,0.25
2026-03-10,NVDA,put,OTM1,mid,25.0,11:00,14:20,target,0.25
2026-03-10,NVDA,put,OTM1,mid,25.0,14:30,14:40,target,0.25
2026-03-10,NVDA,put,OTM1,mid,25.0,15:00,15:10,target,0.25
2026-03-11,NVDA,put,OTM1,mid,25.0,10:00,10:30,target,0.25
2026-03-11,NVDA,put,OTM1,mid,25.0,11:00,11:05,target,0.25
2026-03-11,NVDA,put,OTM1,mid,25.0,11:30,11:35,target,0.25
2026-03-11,NVDA,put,OTM1,mid,25.0,13:00,13:30,target,0.25
2026-03-11,NVDA,put,OTM1,mid,25.0,13:30,15:05,target,0.25
2026-03-12,NVDA,put,OTM1,mid,25.0,10:00,10:15,target,0.25
2026-03-12,NVDA,put,OTM1,mid,25.0,10:30,10:35,target,0.25
2026-03-12,NVDA,put,OTM1,mid,25.0,13:30,16:00,forced,-0.64801
2026-03-13,NVDA,put,OTM1,mid,25.0,10:00,10:15,target,0.25
2026-02-16,NVDA,put,OTM1,mid,30.0,10:30,10:35,target,0.3
2026-02-16,NVDA,put,OTM1,mid,30.0,14:30,14:40,target,0.3
2026-02-17,NVDA,put,OTM1,mid,30.0,10:30,10:45,target,0.3
2026-02-17,NVDA,put,OTM1,mid,30.0,11:00,11:05,target,0.3
2026-02-17,NVDA,put,OTM1,mid,30.0,11:30,11:45,target,0.3
2026-02-17,NVDA,put,OTM1,mid,30.0,14:00,14:10,target,0.3
2026-02-17,NVDA,put,OTM1,mid,30.0,14:30,14:45,target,0.3
2026-02-17,NVDA,put,OTM1,mid,30.0,15:00,16:00,forced,0.0
2026-02-18,NVDA,put,OTM1,mid,30.0,10:30,10:35,target,0.3
2026-02-18,NVDA,put,OTM1,mid,30.0,11:00,11:05,target,0.3
2026-02-18,NVDA,put,OTM1,mid,30.0,11:30,11:40,target,0.3
2026-02-18,NVDA,put,OTM1,mid,30.0,14:00,16:00,forced,-0.51923
2026-02-19,NVDA,put,OTM1,mid,30.0,10:30,10:35,target,0.3
2026-02-19,NVDA,put,OTM1,mid,30.0,11:00,13:40,target,0.3
2026-02-19,NVDA,put,OTM1,mid,30.0,14:00,16:00,forced,0.0
2026-02-20,NVDA,put,OTM1,mid,30.0,10:30,10:45,target,0.3
2026-02-20,NVDA,put,OTM1,mid,30.0,11:00,16:00,forced,-0.65023
2026-02-23,NVDA,put,OTM1,mid,30.0,10:30,10:35,target,0.3
2026-02-23,NVDA,put,OTM1,mid,30.0,11:00,11:05,target,0.3
2026-02-23,NVDA,put,OTM1,mid,30.0,11:30,12:00,target,0.3
2026-02-23,NVDA,put,OTM1,mid,30.0,14:00,14:10,target,0.3
2026-02-23,NVDA,put,OTM1,mid,30.0,14:30,14:35,target,0.3
2026-02-23,NVDA,put,OTM1,mid,30.0,15:00,15:05,target,0.3
2026-02-23,NVDA,put,OTM1,mid,30.0,15:30,15:40,target,0.3
2026-02-24,NVDA,put,OTM1,mid,30.0,10:30,16:00,forced,-0.85052
2026-02-25,NVDA,put,OTM1,mid,30.0,10:00,10:10,target,0.3
2026-02-25,NVDA,put,OTM1,mid,30.0,15:00,15:20,target,0.3
2026-02-25,NVDA,put,OTM1,mid,30.0,15:30,16:00,forced,0.0
2026-02-26,NVDA,put,OTM1,mid,30.0,10:30,12:35,target,0.3
2026-02-26,NVDA,put,OTM1,mid,30.0,14:00,16:00,forced,-0.499
2026-02-27,NVDA,put,OTM1,mid,30.0,10:30,12:10,target,0.3
2026-02-27,NVDA,put,OTM1,mid,30.0,14:00,14:05,target,0.3
2026-02-27,NVDA,put,OTM1,mid,30.0,14:30,14:40,target,0.3
2026-03-02,NVDA,put,OTM1,mid,30.0,10:00,10:10,target,0.3
2026-03-02,NVDA,put,OTM1,mid,30.0,11:30,11:35,target,0.3
2026-03-02,NVDA,put,OTM1,mid,30.0,13:00,13:10,target,0.3
2026-03-03,NVDA,put,OTM1,mid,30.0,10:00,10:25,target,0.3
2026-03-03,NVDA,put,OTM1,mid,30.0,11:00,11:10,target,0.3
2026-03-03,NVDA,put,OTM1,mid,30.0,13:00,13:10,target,0.3
2026-03-03,NVDA,put,OTM1,mid,30.0,13:30,13:40,target,0.3
2026-03-03,NVDA,put,OTM1,mid,30.0,14:00,14:05,target,0.3
2026-03-03,NVDA,put,OTM1,mid,30.0,14:30,14:35,target,0.3
2026-03-03,NVDA,put,OTM1,mid,30.0,15:30,16:00,forced,0.0
2026-03-04,NVDA,put,OTM1,mid,30.0,10:00,16:00,forced,-0.7138
2026-03-05,NVDA,put,OTM1,mid,30.0,10:00,10:05,target,0.3
2026-03-05,NVDA,put,OTM1,mid,30.0,13:00,13:05,target,0.3
2026-03-05,NVDA,put,OTM1,mid,30.0,13:30,13:35,target,0.3
2026-03-06,NVDA,put,OTM1,mid,30.0,10:00,16:00,forced,-0.66273
2026-03-09,NVDA,put,OTM1,mid,30.0,10:00,10:05,target,0.3
2026-03-09,NVDA,put,OTM1,mid,30.0,11:30,12:15,target,0.3
2026-03-09,NVDA,put,OTM1,mid,30.0,13:00,13:05,target,0.3
2026-03-09,NVDA,put,OTM1,mid,30.0,13:30,13:50,target,0.3
2026-03-09,NVDA,put,OTM1,mid,30.0,14:00,14:10,target,0.3
2026-03-09,NVDA,put,OTM1,mid,30.0,15:00,15:05,target,0.3
2026-03-10,NVDA,put,OTM1,mid,30.0,10:00,10:50,target,0.3
2026-03-10,NVDA,put,OTM1,mid,30.0,11:30,12:15,target,0.3
2026-03-10,NVDA,put,OTM1,mid,30.0,13:00,13:05,target,0.3
2026-03-10,NVDA,put,OTM1,mid,30.0,13:30,15:15,target,0.3
2026-03-11,NVDA,put,OTM1,mid,30.0,10:00,10:30,target,0.3
2026-03-11,NVDA,put,OTM1,mid,30.0,11:30,11:35,target,0.3
2026-03-11,NVDA,put,OTM1,mid,30.0,13:00,13:30,target,0.3
2026-03-11,NVDA,put,OTM1,mid,30.0,13:30,15:05,target,0.3
2026-03-12,NVDA,put,OTM1,mid,30.0,10:00,10:15,target,0.3
2026-03-12,NVDA,put,OTM1,mid,30.0,10:30,10:35,target,0.3
2026-03-12,NVDA,put,OTM1,mid,30.0,13:30,16:00,forced,-0.64801
2026-03-13,NVDA,put,OTM1,mid,30.0,10:00,10:15,target,0.3
2026-02-16,NVDA,put,OTM1,mid,40.0,10:30,10:35,target,0.4
2026-02-16,NVDA,put,OTM1,mid,40.0,14:30,14:40,target,0.4
2026-02-17,NVDA,put,OTM1,mid,40.0,10:30,10:45,target,0.4
2026-02-17,NVDA,put,OTM1,mid,40.0,11:00,11:05,target,0.4
2026-02-17,NVDA,put,OTM1,mid,40.0,11:30,16:00,forced,-0.70717
2026-02-18,NVDA,put,OTM1,mid,40.0,10:30,10:35,target,0.4
2026-02-18,NVDA,put,OTM1,mid,40.0,11:00,11:05,target,0.4
2026-02-18,NVDA,put,OTM1,mid,40.0,11:30,11:40,target,0.4
2026-02-18,NVDA,put,OTM1,mid,40.0,14:00,16:00,forced,-0.51923
2026-02-19,NVDA,put,OTM1,mid,40.0,10:30,10:35,target,0.4
2026-02-19,NVDA,put,OTM1,mid,40.0,11:00,13:40,target,0.4
2026-02-19,NVDA,put,OTM1,mid,40.0,14:00,16:00,forced,0.0
2026-02-20,NVDA,put,OTM1,mid,40.0,10:30,10:45,target,0.4
2026-02-20,NVDA,put,OTM1,mid,40.0,11:00,16:00,forced,-0.65023
2026-02-23,NVDA,put,OTM1,mid,40.0,10:30,10:35,target,0.4
2026-02-23,NVDA,put,OTM1,mid,40.0,11:00,11:05,target,0.4
2026-02-23,NVDA,put,OTM1,mid,40.0,11:30,12:00,target,0.4
2026-02-23,NVDA,put,OTM1,mid,40.0,14:00,14:10,target,0.4
2026-02-23,NVDA,put,OTM1,mid,40.0,14:30,14:35,target,0.4
2026-02-23,NVDA,put,OTM1,mid,40.0,15:00,15:40,target,0.4
2026-02-24,NVDA,put,OTM1,mid,40.0,10:30,16:00,forced,-0.85052
2026-02-25,NVDA,put,OTM1,mid,40.0,10:00,10:10,target,0.4
2026-02-25,NVDA,put,OTM1,mid,40.0,15:00,15:20,target,0.4
2026-02-25,NVDA,put,OTM1,mid,40.0,15:30,16:00,forced,0.0
2026-02-26,NVDA,put,OTM1,mid,40.0,10:30,12:35,target,0.4
2026-02-26,NVDA,put,OTM1,mid,40.0,14:00,16:00,forced,-0.499
2026-02-27,NVDA,put,OTM1,mid,40.0,10:30,12:10,target,0.4
2026-02-27,NVDA,put,OTM1,mid,40.0,14:00,14:10,target,0.4
2026-02-27,NVDA,put,OTM1,mid,40.0,14:30,14:40,target,0.4
2026-03-02,NVDA,put,OTM1,mid,40.0,10:00,10:10,target,0.4
2026-03-02,NVDA,put,OTM1,mid,40.0,11:00,13:15,target,0.4
2026-03-03,NVDA,put,OTM1,mid,40.0,10:00,10:25,target,0.4
2026-03-03,NVDA,put,OTM1,mid,40.0,11:00,11:30,target,0.4
2026-03-03,NVDA,put,OTM1,mid,40.0,13:00,13:10,target,0.4
2026-03-03,NVDA,put,OTM1,mid,40.0,14:00,14:05,target,0.4
2026-03-03,NVDA,put,OTM1,mid,40.0,14:30,14:35,target,0.4
2026-03-03,NVDA,put,OTM1,mid,40.0,15:30,16:00,forced,0.0
2026-03-04,NVDA,put,OTM1,mid,40.0,10:00,16:00,forced,-0.7138
2026-03-05,NVDA,put,OTM1,mid,40.0,10:00,10:05,target,0.4
2026-03-05,NVDA,put,OTM1,mid,40.0,13:00,13:05,target,0.4
2026-03-05,NVDA,put,OTM1,mid,40.0,13:30,13:35,target,0.4
2026-03-06,NVDA,put,OTM1,mid,40.0,10:00,16:00,forced,-0.66273
2026-03-09,NVDA,put,OTM1,mid,40.0,10:00,10:05,target,0.4
2026-03-09,NVDA,put,OTM1,mid,40.0,11:00,11:20,target,0.4
2026-03-09,NVDA,put,OTM1,mid,40.0,11:30,12:15,target,0.4
2026-03-09,NVDA,put,OTM1,mid,40.0,13:00,13:10,target,0.4
2026-03-09,NVDA,put,OTM1,mid,40.0,14:00,14:10,target,0.4
2026-03-09,NVDA,put,OTM1,mid,40.0,15:00,15:05,target,0.4
2026-03-10,NVDA,put,OTM1,mid,40.0,10:00,10:55,target,0.4
2026-03-10,NVDA,put,OTM1,mid,40.0,11:00,14:20,target,0.4
2026-03-10,NVDA,put,OTM1,mid,40.0,14:30,14:45,target,0.4
2026-03-10,NVDA,put,OTM1,mid,40.0,15:00,15:15,target,0.4
2026-03-11,NVDA,put,OTM1,mid,40.0,10:00,10:45,target,0.4
2026-03-11,NVDA,put,OTM1,mid,40.0,11:00,11:05,target,0.4
2026-03-11,NVDA,put,OTM1,mid,40.0,11:30,11:35,target,0.4
2026-03-11,NVDA,put,OTM1,mid,40.0,13:00,13:30,target,0.4
2026-03-11,NVDA,put,OTM1,mid,40.0,14:00,14:05,target,0.4
2026-03-11,NVDA,put,OTM1,mid,40.0,14:30,15:05,target,0.4
2026-03-12,NVDA,put,OTM1,mid,40.0,10:00,10:15,target,0.4
2026-03-12,NVDA,put,OTM1,mid,40.0,10:30,10:35,target,0.4
2026-03-12,NVDA,put,OTM1,mid,40.0,14:00,14:10,target,0.4
2026-03-12,NVDA,put,OTM1,mid,40.0,14:30,14:50,target,0.4
2026-03-12,NVDA,put,OTM1,mid,40.0,15:00,16:00,forced,0.0
2026-03-13,NVDA,put,OTM1,mid,40.0,10:00,10:15,target,0.4
2026-02-16,NVDA,put,OTM1,mid,50.0,10:30,10:35,target,0.5
2026-02-16,NVDA,put,OTM1,mid,50.0,14:30,14:40,target,0.5
2026-02-17,NVDA,put,OTM1,mid,50.0,10:30,10:45,target,0.5
2026-02-17,NVDA,put,OTM1,mid,50.0,11:00,11:05,target,0.5
2026-02-17,NVDA,put,OTM1,mid,50.0,11:30,16:00,forced,-0.70717
2026-02-18,NVDA,put,OTM1,mid,50.0,10:30,10:35,target,0.5
2026-02-18,NVDA,put,OTM1,mid,50.0,11:00,11:05,target,0.5
2026-02-18,NVDA,put,OTM1,mid,50.0,11:30,11:40,target,0.5
2026-02-18,NVDA,put,OTM1,mid,50.0,14:00,16:00,forced,-0.51923
2026-02-19,NVDA,put,OTM1,mid,50.0,10:30,10:35,target,0.5
2026-02-19,NVDA,put,OTM1,mid,50.0,11:00,13:40,target,0.5
2026-02-19,NVDA,put,OTM1,mid,50.0,14:00,16:00,forced,0.0
2026-02-20,NVDA,put,OTM1,mid,50.0,10:30,10:45,target,0.5
2026-02-20,NVDA,put,OTM1,mid,50.0,11:00,16:00,forced,-0.65023
2026-02-23,NVDA,put,OTM1,mid,50.0,10:30,10:35,target,0.5
2026-02-23,NVDA,put,OTM1,mid,50.0,11:00,11:05,target,0.5
2026-02-23,NVDA,put,OTM1,mid,50.0,11:30,12:00,target,0.5
2026-02-23,NVDA,put,OTM1,mid,50.0,14:00,14:10,target,0.5
2026-02-23,NVDA,put,OTM1,mid,50.0,14:30,14:35,target,0.5
2026-02-23,NVDA,put,OTM1,mid,50.0,15:30,16:00,forced,0.0
2026-02-24,NVDA,put,OTM1,mid,50.0,10:30,16:00,forced,-0.85052
2026-02-25,NVDA,put,OTM1,mid,50.0,10:00,10:10,target,0.5
2026-02-25,NVDA,put,OTM1,mid,50.0,15:30,16:00,forced,0.0
2026-02-26,NVDA,put,OTM1,mid,50.0,10:30,12:40,target,0.5
2026-02-26,NVDA,put,OTM1,mid,50.0,14:00,16:00,forced,-0.499
2026-02-27,NVDA,put,OTM1,mid,50.0,10:30,12:10,target,0.5
2026-02-27,NVDA,put,OTM1,mid,50.0,14:00,14:10,target,0.5
2026-02-27,NVDA,put,OTM1,mid,50.0,14:30,14:40,target,0.5
2026-03-02,NVDA,put,OTM1,mid,50.0,10:00,10:15,target,0.5
2026-03-02,NVDA,put,OTM1,mid,50.0,11:00,13:15,target,0.5
2026-03-03,NVDA,put,OTM1,mid,50.0,10:00,10:25,target,0.5
2026-03-03,NVDA,put,OTM1,mid,50.0,11:00,12:10,target,0.5
2026-03-03,NVDA,put,OTM1,mid,50.0,13:00,13:10,target,0.5
2026-03-03,NVDA,put,OTM1,mid,50.0,14:00,14:05,target,0.5
2026-03-03,NVDA,put,OTM1,mid,50.0,14:30,14:35,target,0.5
2026-03-03,NVDA,put,OTM1,mid,50.0,15:30,16:00,forced,0.0
2026-03-04,NVDA,put,OTM1,mid,50.0,10:00,16:00,forced,-0.7138
2026-03-05,NVDA,put,OTM1,mid,50.0,10:00,10:05,target,0.5
2026-03-05,NVDA,put,OTM1,mid,50.0,13:00,13:05,target,0.5
2026-03-05,NVDA,put,OTM1,mid,50.0,13:30,13:50,target,0.5
2026-03-06,NVDA,put,OTM1,mid,50.0,10:00,16:00,forced,-0.66273
2026-03-09,NVDA,put,OTM1,mid,50.0,10:00,10:05,target,0.5
2026-03-09,NVDA,put,OTM1,mid,50.0,11:00,11:25,target,0.5
2026-03-09,NVDA,put,OTM1,mid,50.0,11:30,12:15,target,0.5
2026-03-09,NVDA,put,OTM1,mid,50.0,13:00,13:10,target,0.5
2026-03-09,NVDA,put,OTM1,mid,50.0,14:00,14:10,target,0.5
2026-03-09,NVDA,put,OTM1,mid,50.0,15:00,15:05,target,0.5
2026-03-10,NVDA,put,OTM1,mid,50.0,10:00,11:00,target,0.5
2026-03-10,NVDA,put,OTM1,mid,50.0,11:00,14:20,target,0.5
2026-03-10,NVDA,put,OTM1,mid,50.0,14:30,14:45,target,0.5
2026-03-10,NVDA,put,OTM1,mid,50.0,15:00,15:15,target,0.5
2026-03-11,NVDA,put,OTM1,mid,50.0,10:00,10:45,target,0.5
2026-03-11,NVDA,put,OTM1,mid,50.0,11:00,11:05,target,0.5
2026-03-11,NVDA,put,OTM1,mid,50.0,11:30,11:35,target,0.5
2026-03-11,NVDA,put,OTM1,mid,50.0,13:00,13:30,target,0.5
2026-03-11,NVDA,put,OTM1,mid,50.0,14:00,14:05,target,0.5
2026-03-11,NVDA,put,OTM1,mid,50.0,14:30,15:05,target,0.5
2026-03-12,NVDA,put,OTM1,mid,50.0,10:00,10:15,target,0.5
2026-03-12,NVDA,put,OTM1,mid,50.0,10:30,10:35,target,0.5
2026-03-12,NVDA,put,OTM1,mid,50.0,14:00,14:20,target,0.5
2026-03-12,NVDA,put,OTM1,mid,50.0,14:30,14:50,target,0.5
2026-03-12,NVDA,put,OTM1,mid,50.0,15:00,16:00,forced,0.0
2026-03-13,NVDA,put,OTM1,mid,50.0,10:00,10:15,target,0.5
2026-02-16,NVDA,put,OTM1,mid,60.0,10:30,10:35,target,0.6
2026-02-16,NVDA,put,OTM1,mid,60.0,14:30,14:40,target,0.6
2026-02-17,NVDA,put,OTM1,mid,60.0,10:30,10:45,target,0.6
2026-02-17,NVDA,put,OTM1,mid,60.0,11:00,11:05,target,0.6
2026-02-17,NVDA,put,OTM1,mid,60.0,14:00,14:15,target,0.6
2026-02-17,NVDA,put,OTM1,mid,60.0,14:30,14:45,target,0.6
2026-02-17,NVDA,put,OTM1,mid,60.0,15:30,16:00,forced,0.0
2026-02-18,NVDA,put,OTM1,mid,60.0,10:30,10:35,target,0.6
2026-02-18,NVDA,put,OTM1,mid,60.0,11:00,11:05,target,0.6
2026-02-18,NVDA,put,OTM1,mid,60.0,14:00,16:00,forced,-0.51923
2026-02-19,NVDA,put,OTM1,mid,60.0,10:30,10:35,target,0.6
2026-02-19,NVDA,put,OTM1,mid,60.0,11:00,13:40,target,0.6
2026-02-19,NVDA,put,OTM1,mid,60.0,14:00,16:00,forced,0.0
2026-02-20,NVDA,put,OTM1,mid,60.0,10:30,10:45,target,0.6
2026-02-20,NVDA,put,OTM1,mid,60.0,11:00,16:00,forced,-0.65023
2026-02-23,NVDA,put,OTM1,mid,60.0,10:30,10:35,target,0.6
2026-02-23,NVDA,put,OTM1,mid,60.0,11:00,11:05,target,0.6
2026-02-23,NVDA,put,OTM1,mid,60.0,14:00,14:10,target,0.6
2026-02-23,NVDA,put,OTM1,mid,60.0,14:30,14:35,target,0.6
2026-02-23,NVDA,put,OTM1,mid,60.0,15:30,16:00,forced,0.0
2026-02-24,NVDA,put,OTM1,mid,60.0,10:30,16:00,forced,-0.85052
2026-02-25,NVDA,put,OTM1,mid,60.0,10:00,10:10,target,0.6
2026-02-25,NVDA,put,OTM1,mid,60.0,15:30,16:00,forced,0.0
2026-02-26,NVDA,put,OTM1,mid,60.0,10:30,12:40,target,0.6
2026-02-26,NVDA,put,OTM1,mid,60.0,14:00,16:00,forced,-0.499
2026-02-27,NVDA,put,OTM1,mid,60.0,10:30,12:10,target,0.6
2026-02-27,NVDA,put,OTM1,mid,60.0,14:00,14:10,target,0.6
2026-02-27,NVDA,put,OTM1,mid,60.0,14:30,14:40,target,0.6
2026-03-02,NVDA,put,OTM1,mid,60.0,10:00,10:15,target,0.6
2026-03-02,NVDA,put,OTM1,mid,60.0,11:00,13:15,target,0.6
2026-03-03,NVDA,put,OTM1,mid,60.0,10:00,10:25,target,0.6
2026-03-03,NVDA,put,OTM1,mid,60.0,11:00,12:10,target,0.6
2026-03-03,NVDA,put,OTM1,mid,60.0,13:00,13:10,target,0.6
2026-03-03,NVDA,put,OTM1,mid,60.0,14:00,14:05,target,0.6
2026-03-03,NVDA,put,OTM1,mid,60.0,14:30,15:00,target,0.6
2026-03-03,NVDA,put,OTM1,mid,60.0,15:30,16:00,forced,0.0
2026-03-04,NVDA,put,OTM1,mid,60.0,10:00,16:00,forced,-0.7138
2026-03-05,NVDA,put,OTM1,mid,60.0,10:00,10:05,target,0.6
2026-03-05,NVDA,put,OTM1,mid,60.0,13:00,13:05,target,0.6
2026-03-05,NVDA,put,OTM1,mid,60.0,13:30,13:50,target,0.6
2026-03-06,NVDA,put,OTM1,mid,60.0,10:00,16:00,forced,-0.66273
2026-03-09,NVDA,put,OTM1,mid,60.0,10:00,10:05,target,0.6
2026-03-09,NVDA,put,OTM1,mid,60.0,11:00,11:25,target,0.6
2026-03-09,NVDA,put,OTM1,mid,60.0,11:30,12:15,target,0.6
2026-03-09,NVDA,put,OTM1,mid,60.0,13:00,13:10,target,0.6
2026-03-09,NVDA,put,OTM1,mid,60.0,14:00,14:10,target,0.6
2026-03-09,NVDA,put,OTM1,mid,60.0,15:00,15:05,target,0.6
2026-03-10,NVDA,put,OTM1,mid,60.0,10:00,11:00,target,0.6
2026-03-10,NVDA,put,OTM1,mid,60.0,11:00,14:20,target,0.6
2026-03-10,NVDA,put,OTM1,mid,60.0,14:30,14:45,target,0.6
2026-03-10,NVDA,put,OTM1,mid,60.0,15:00,15:15,target,0.6
2026-03-11,NVDA,put,OTM1,mid,60.0,10:00,10:45,target,0.6
2026-03-11,NVDA,put,OTM1,mid,60.0,11:00,11:35,target,0.6
2026-03-11,NVDA,put,OTM1,mid,60.0,13:00,13:30,target,0.6
2026-03-11,NVDA,put,OTM1,mid,60.0,14:00,14:05,target,0.6
2026-03-11,NVDA,put,OTM1,mid,60.0,14:30,15:05,target,0.6
2026-03-12,NVDA,put,OTM1,mid,60.0,10:00,10:15,target,0.6
2026-03-12,NVDA,put,OTM1,mid,60.0,10:30,10:35,target,0.6
2026-03-12,NVDA,put,OTM1,mid,60.0,14:00,14:20,target,0.6
2026-03-12,NVDA,put,OTM1,mid,60.0,14:30,14:50,target,0.6
2026-03-12,NVDA,put,OTM1,mid,60.0,15:00,16:00,forced,0.0
2026-03-13,NVDA,put,OTM1,mid,60.0,10:00,10:15,target,0.6
2026-02-16,NVDA,put,OTM1,mid,70.0,10:30,10:35,target,0.7
2026-02-16,NVDA,put,OTM1,mid,70.0,14:30,14:40,target,0.7
2026-02-17,NVDA,put,OTM1,mid,70.0,10:30,10:45,target,0.7
2026-02-17,NVDA,put,OTM1,mid,70.0,11:00,11:05,target,0.7
2026-02-17,NVDA,put,OTM1,mid,70.0,14:00,14:15,target,0.7
2026-02-17,NVDA,put,OTM1,mid,70.0,14:30,14:45,target,0.7
2026-02-17,NVDA,put,OTM1,mid,70.0,15:00,16:00,forced,0.0
2026-02-18,NVDA,put,OTM1,mid,70.0,10:30,10:40,target,0.7
2026-02-18,NVDA,put,OTM1,mid,70.0,11:00,11:05,target,0.7
2026-02-18,NVDA,put,OTM1,mid,70.0,14:00,16:00,forced,-0.51923
2026-02-19,NVDA,put,OTM1,mid,70.0,10:30,10:35,target,0.7
2026-02-19,NVDA,put,OTM1,mid,70.0,11:00,13:40,target,0.7
2026-02-19,NVDA,put,OTM1,mid,70.0,14:00,16:00,forced,0.0
2026-02-20,NVDA,put,OTM1,mid,70.0,10:30,10:45,target,0.7
2026-02-20,NVDA,put,OTM1,mid,70.0,11:00,16:00,forced,-0.65023
2026-02-23,NVDA,put,OTM1,mid,70.0,10:30,10:35,target,0.7
2026-02-23,NVDA,put,OTM1,mid,70.0,11:00,11:05,target,0.7
2026-02-23,NVDA,put,OTM1,mid,70.0,14:00,14:10,target,0.7
2026-02-23,NVDA,put,OTM1,mid,70.0,14:30,14:40,target,0.7
2026-02-23,NVDA,put,OTM1,mid,70.0,15:00,16:00,forced,0.0
2026-02-24,NVDA,put,OTM1,mid,70.0,10:30,16:00,forced,-0.85052
2026-02-25,NVDA,put,OTM1,mid,70.0,10:00,10:10,target,0.7
2026-02-25,NVDA,put,OTM1,mid,70.0,15:00,15:20,target,0.7
2026-02-25,NVDA,put,OTM1,mid,70.0,15:30,16:00,forced,0.0
2026-02-26,NVDA,put,OTM1,mid,70.0,10:30,12:40,target,0.7
2026-02-26,NVDA,put,OTM1,mid,70.0,14:00,16:00,forced,-0.499
2026-02-27,NVDA,put,OTM1,mid,70.0,10:30,12:15,target,0.7
2026-02-27,NVDA,put,OTM1,mid,70.0,14:00,14:10,target,0.7
2026-02-27,NVDA,put,OTM1,mid,70.0,14:30,14:40,target,0.7
2026-03-02,NVDA,put,OTM1,mid,70.0,10:00,10:15,target,0.7
2026-03-02,NVDA,put,OTM1,mid,70.0,11:00,13:15,target,0.7
2026-03-03,NVDA,put,OTM1,mid,70.0,10:00,10:25,target,0.7
2026-03-03,NVDA,put,OTM1,mid,70.0,11:00,12:10,target,0.7
2026-03-03,NVDA,put,OTM1,mid,70.0,13:00,13:10,target,0.7
2026-03-03,NVDA,put,OTM1,mid,70.0,14:00,14:05,target,0.7
2026-03-03,NVDA,put,OTM1,mid,70.0,14:30,15:00,target,0.7
2026-03-03,NVDA,put,OTM1,mid,70.0,15:30,16:00,forced,0.0
2026-03-04,NVDA,put,OTM1,mid,70.0,10:00,16:00,forced,-0.7138
2026-03-05,NVDA,put,OTM1,mid,70.0,10:00,10:05,target,0.7
2026-03-05,NVDA,put,OTM1,mid,70.0,13:00,13:05,target,0.7
2026-03-05,NVDA,put,OTM1,mid,70.0,13:30,13:50,target,0.7
2026-03-06,NVDA,put,OTM1,mid,70.0,10:00,16:00,forced,-0.66273
2026-03-09,NVDA,put,OTM1,mid,70.0,10:00,10:05,target,0.7
2026-03-09,NVDA,put,OTM1,mid,70.0,11:00,11:25,target,0.7
2026-03-09,NVDA,put,OTM1,mid,70.0,11:30,12:15,target,0.7
2026-03-09,NVDA,put,OTM1,mid,70.0,13:00,13:10,target,0.7
2026-03-09,NVDA,put,OTM1,mid,70.0,14:00,14:10,target,0.7
2026-03-09,NVDA,put,OTM1,mid,70.0,15:00,15:05,target,0.7
2026-03-10,NVDA,put,OTM1,mid,70.0,10:00,11:00,target,0.7
2026-03-10,NVDA,put,OTM1,mid,70.0,11:00,14:20,target,0.7
2026-03-10,NVDA,put,OTM1,mid,70.0,14:30,14:45,target,0.7
2026-03-10,NVDA,put,OTM1,mid,70.0,15:00,15:15,target,0.7
2026-03-11,NVDA,put,OTM1,mid,70.0,10:00,11:35,target,0.7
2026-03-11,NVDA,put,OTM1,mid,70.0,13:00,13:30,target,0.7
2026-03-11,NVDA,put,OTM1,mid,70.0,14:00,14:05,target,0.7
2026-03-11,NVDA,put,OTM1,mid,70.0,14:30,15:05,target,0.7
2026-03-12,NVDA,put,OTM1,mid,70.0,10:00,10:35,target,0.7
2026-03-12,NVDA,put,OTM1,mid,70.0,14:00,14:20,target,0.7
2026-03-12,NVDA,put,OTM1,mid,70.0,14:30,14:50,target,0.7
2026-03-12,NVDA,put,OTM1,mid,70.0,15:00,16:00,forced,0.0
2026-03-13,NVDA,put,OTM1,mid,70.0,10:00,10:15,target,0.7
2026-02-16,NVDA,put,OTM1,mid,75.0,10:30,10:35,target,0.75
2026-02-16,NVDA,put,OTM1,mid,75.0,14:30,14:40,target,0.75
2026-02-17,NVDA,put,OTM1,mid,75.0,10:30,10:45,target,0.75
2026-02-17,NVDA,put,OTM1,mid,75.0,11:00,11:05,target,0.75
2026-02-17,NVDA,put,OTM1,mid,75.0,14:00,14:15,target,0.75
2026-02-17,NVDA,put,OTM1,mid,75.0,14:30,14:50,target,0.75
2026-02-17,NVDA,put,OTM1,mid,75.0,15:00,16:00,forced,0.0
2026-02-18,NVDA,put,OTM1,mid,75.0,10:30,10:40,target,0.75
2026-02-18,NVDA,put,OTM1,mid,75.0,11:00,11:05,target,0.75
2026-02-18,NVDA,put,OTM1,mid,75.0,14:00,16:00,forced,-0.51923
2026-02-19,NVDA,put,OTM1,mid,75.0,10:30,10:35,target,0.75
2026-02-19,NVDA,put,OTM1,mid,75.0,11:00,13:40,target,0.75
2026-02-19,NVDA,put,OTM1,mid,75.0,14:00,16:00,forced,0.0
2026-02-20,NVDA,put,OTM1,mid,75.0,10:30,10:45,target,0.75
2026-02-20,NVDA,put,OTM1,mid,75.0,11:00,16:00,forced,-0.65023
2026-02-23,NVDA,put,OTM1,mid,75.0,10:30,10:35,target,0.75
2026-02-23,NVDA,put,OTM1,mid,75.0,11:00,11:05,target,0.75
2026-02-23,NVDA,put,OTM1,mid,75.0,14:00,14:40,target,0.75
2026-02-23,NVDA,put,OTM1,mid,75.0,15:00,16:00,forced,0.0
2026-02-24,NVDA,put,OTM1,mid,75.0,10:30,16:00,forced,-0.85052
2026-02-25,NVDA,put,OTM1,mid,75.0,10:00,10:10,target,0.75
2026-02-25,NVDA,put,OTM1,mid,75.0,15:00,15:20,target,0.75
2026-02-25,NVDA,put,OTM1,mid,75.0,15:30,16:00,forced,0.0
2026-02-26,NVDA,put,OTM1,mid,75.0,10:30,12:40,target,0.75
2026-02-26,NVDA,put,OTM1,mid,75.0,14:00,16:00,forced,-0.499
2026-02-27,NVDA,put,OTM1,mid,75.0,10:30,12:15,target,0.75
2026-02-27,NVDA,put,OTM1,mid,75.0,14:00,14:10,target,0.75
2026-02-27,NVDA,put,OTM1,mid,75.0,14:30,14:40,target,0.75
2026-03-02,NVDA,put,OTM1,mid,75.0,10:00,10:15,target,0.75
2026-03-02,NVDA,put,OTM1,mid,75.0,11:00,13:15,target,0.75
2026-03-03,NVDA,put,OTM1,mid,75.0,10:00,10:25,target,0.75
2026-03-03,NVDA,put,OTM1,mid,75.0,11:00,12:10,target,0.75
2026-03-03,NVDA,put,OTM1,mid,75.0,13:00,13:10,target,0.75
2026-03-03,NVDA,put,OTM1,mid,75.0,14:00,14:05,target,0.75
2026-03-03,NVDA,put,OTM1,mid,75.0,14:30,15:00,target,0.75
2026-03-03,NVDA,put,OTM1,mid,75.0,15:30,16:00,forced,0.0
2026-03-04,NVDA,put,OTM1,mid,75.0,10:00,16:00,forced,-0.7138
2026-03-05,NVDA,put,OTM1,mid,75.0,10:00,10:05,target,0.75
2026-03-05,NVDA,put,OTM1,mid,75.0,13:00,13:05,target,0.75
2026-03-05,NVDA,put,OTM1,mid,75.0,13:30,13:50,target,0.75
2026-03-06,NVDA,put,OTM1,mid,75.0,10:00,16:00,forced,-0.66273
2026-03-09,NVDA,put,OTM1,mid,75.0,10:00,10:05,target,0.75
2026-03-09,NVDA,put,OTM1,mid,75.0,11:00,11:25,target,0.75
2026-03-09,NVDA,put,OTM1,mid,75.0,11:30,12:15,target,0.75
2026-03-09,NVDA,put,OTM1,mid,75.0,13:00,13:10,target,0.75
2026-03-09,NVDA,put,OTM1,mid,75.0,14:00,14:10,target,0.75
2026-03-09,NVDA,put,OTM1,mid,75.0,15:00,15:05,target,0.75
2026-03-10,NVDA,put,OTM1,mid,75.0,10:00,11:00,target,0.75
2026-03-10,NVDA,put,OTM1,mid,75.0,11:00,14:20,target,0.75
2026-03-10,NVDA,put,OTM1,mid,75.0,14:30,14:45,target,0.75
2026-03-10,NVDA,put,OTM1,mid,75.0,15:00,15:15,target,0.75
2026-03-11,NVDA,put,OTM1,mid,75.0,10:00,11:35,target,0.75
2026-03-11,NVDA,put,OTM1,mid,75.0,13:00,13:30,target,0.75
2026-03-11,NVDA,put,OTM1,mid,75.0,14:00,14:05,target,0.75
2026-03-11,NVDA,put,OTM1,mid,75.0,14:30,15:05,target,0.75
2026-03-12,NVDA,put,OTM1,mid,75.0,10:00,10:35,target,0.75
2026-03-12,NVDA,put,OTM1,mid,75.0,14:00,14:20,target,0.75
2026-03-12,NVDA,put,OTM1,mid,75.0,14:30,14:50,target,0.75
2026-03-12,NVDA,put,OTM1,mid,75.0,15:00,16:00,forced,0.0
2026-03-13,NVDA,put,OTM1,mid,75.0,10:00,10:15,target,0.75
2026-02-16,NVDA,put,OTM1,mid,80.0,10:30,10:40,target,0.8
2026-02-16,NVDA,put,OTM1,mid,80.0,14:30,14:40,target,0.8
2026-02-17,NVDA,put,OTM1,mid,80.0,10:30,10:45,target,0.8
2026-02-17,NVDA,put,OTM1,mid,80.0,11:00,11:05,target,0.8
2026-02-17,NVDA,put,OTM1,mid,80.0,14:00,14:15,target,0.8
2026-02-17,NVDA,put,OTM1,mid,80.0,14:30,14:50,target,0.8
2026-02-17,NVDA,put,OTM1,mid,80.0,15:00,16:00,forced,0.0
2026-02-18,NVDA,put,OTM1,mid,80.0,10:30,10:40,target,0.8
2026-02-18,NVDA,put,OTM1,mid,80.0,11:00,11:05,target,0.8
2026-02-18,NVDA,put,OTM1,mid,80.0,14:00,16:00,forced,-0.51923
2026-02-19,NVDA,put,OTM1,mid,80.0,10:30,10:40,target,0.8
2026-02-19,NVDA,put,OTM1,mid,80.0,11:00,13:40,target,0.8
2026-02-19,NVDA,put,OTM1,mid,80.0,14:00,16:00,forced,0.0
2026-02-20,NVDA,put,OTM1,mid,80.0,10:30,10:45,target,0.8
2026-02-20,NVDA,put,OTM1,mid,80.0,11:00,16:00,forced,-0.65023
2026-02-23,NVDA,put,OTM1,mid,80.0,10:30,10:35,target,0.8
2026-02-23,NVDA,put,OTM1,mid,80.0,11:00,11:05,target,0.8
2026-02-23,NVDA,put,OTM1,mid,80.0,14:00,14:40,target,0.8
2026-02-23,NVDA,put,OTM1,mid,80.0,15:00,16:00,forced,0.0
2026-02-24,NVDA,put,OTM1,mid,80.0,10:30,16:00,forced,-0.85052
2026-02-25,NVDA,put,OTM1,mid,80.0,10:00,10:15,target,0.8
2026-02-25,NVDA,put,OTM1,mid,80.0,15:00,15:20,target,0.8
2026-02-25,NVDA,put,OTM1,mid,80.0,15:30,16:00,forced,0.0
2026-02-26,NVDA,put,OTM1,mid,80.0,10:30,12:40,target,0.8
2026-02-26,NVDA,put,OTM1,mid,80.0,14:00,16:00,forced,-0.499
2026-02-27,NVDA,put,OTM1,mid,80.0,10:30,12:15,target,0.8
2026-02-27,NVDA,put,OTM1,mid,80.0,14:00,14:10,target,0.8
2026-02-27,NVDA,put,OTM1,mid,80.0,14:30,14:40,target,0.8
2026-03-02,NVDA,put,OTM1,mid,80.0,10:00,10:15,target,0.8
2026-03-02,NVDA,put,OTM1,mid,80.0,11:00,13:20,target,0.8
2026-03-03,NVDA,put,OTM1,mid,80.0,10:00,10:25,target,0.8
2026-03-03,NVDA,put,OTM1,mid,80.0,11:00,12:15,target,0.8
2026-03-03,NVDA,put,OTM1,mid,80.0,13:00,13:10,target,0.8
2026-03-03,NVDA,put,OTM1,mid,80.0,14:00,14:05,target,0.8
2026-03-03,NVDA,put,OTM1,mid,80.0,14:30,15:00,target,0.8
2026-03-03,NVDA,put,OTM1,mid,80.0,15:30,16:00,forced,0.0
2026-03-04,NVDA,put,OTM1,mid,80.0,10:00,16:00,forced,-0.7138
2026-03-05,NVDA,put,OTM1,mid,80.0,10:00,10:05,target,0.8
2026-03-05,NVDA,put,OTM1,mid,80.0,13:00,13:10,target,0.8
2026-03-05,NVDA,put,OTM1,mid,80.0,13:30,13:50,target,0.8
2026-03-06,NVDA,put,OTM1,mid,80.0,10:00,16:00,forced,-0.66273
2026-03-09,NVDA,put,OTM1,mid,80.0,10:00,10:05,target,0.8
2026-03-09,NVDA,put,OTM1,mid,80.0,11:00,12:10,target,0.8
2026-03-09,NVDA,put,OTM1,mid,80.0,13:00,13:15,target,0.8
2026-03-09,NVDA,put,OTM1,mid,80.0,14:00,14:10,target,0.8
2026-03-09,NVDA,put,OTM1,mid,80.0,15:00,15:05,target,0.8
2026-03-10,NVDA,put,OTM1,mid,80.0,10:00,11:00,target,0.8
2026-03-10,NVDA,put,OTM1,mid,80.0,11:00,14:20,target,0.8
2026-03-10,NVDA,put,OTM1,mid,80.0,14:30,14:45,target,0.8
2026-03-10,NVDA,put,OTM1,mid,80.0,15:00,15:15,target,0.8
2026-03-11,NVDA,put,OTM1,mid,80.0,10:00,11:35,target,0.8
2026-03-11,NVDA,put,OTM1,mid,80.0,13:00,13:30,target,0.8
2026-03-11,NVDA,put,OTM1,mid,80.0,14:00,14:05,target,0.8
2026-03-11,NVDA,put,OTM1,mid,80.0,14:30,15:05,target,0.8
2026-03-12,NVDA,put,OTM1,mid,80.0,10:00,10:35,target,0.8
2026-03-12,NVDA,put,OTM1,mid,80.0,14:00,14:20,target,0.8
2026-03-12,NVDA,put,OTM1,mid,80.0,14:30,14:50,target,0.8
2026-03-12,NVDA,put,OTM1,mid,80.0,15:00,16:00,forced,0.0
2026-03-13,NVDA,put,OTM1,mid,80.0,10:00,10:15,target,0.8
2026-02-16,NVDA,put,OTM1,mid,90.0,10:30,10:40,target,0.9
2026-02-16,NVDA,put,OTM1,mid,90.0,14:30,14:40,target,0.9
2026-02-17,NVDA,put,OTM1,mid,90.0,10:30,10:45,target,0.9
2026-02-17,NVDA,put,OTM1,mid,90.0,11:00,11:05,target,0.9
2026-02-17,NVDA,put,OTM1,mid,90.0,14:00,14:15,target,0.9
2026-02-17,NVDA,put,OTM1,mid,90.0,14:30,14:50,target,0.9
2026-02-17,NVDA,put,OTM1,mid,90.0,15:00,16:00,forced,0.0
2026-02-18,NVDA,put,OTM1,mid,90.0,10:30,10:40,target,0.9
2026-02-18,NVDA,put,OTM1,mid,90.0,11:00,11:05,target,0.9
2026-02-18,NVDA,put,OTM1,mid,90.0,14:00,16:00,forced,-0.51923
2026-02-19,NVDA,put,OTM1,mid,90.0,10:30,10:40,target,0.9
2026-02-19,NVDA,put,OTM1,mid,90.0,11:00,16:00,forced,-0.67908
2026-02-20,NVDA,put,OTM1,mid,90.0,10:30,10:45,target,0.9
2026-02-20,NVDA,put,OTM1,mid,90.0,11:00,16:00,forced,-0.65023
2026-02-23,NVDA,put,OTM1,mid,90.0,10:30,10:35,target,0.9
2026-02-23,NVDA,put,OTM1,mid,90.0,11:00,11:05,target,0.9
2026-02-23,NVDA,put,OTM1,mid,90.0,14:00,14:40,target,0.9
2026-02-23,NVDA,put,OTM1,mid,90.0,15:00,16:00,forced,0.0
2026-02-24,NVDA,put,OTM1,mid,90.0,10:30,16:00,forced,-0.85052
2026-02-25,NVDA,put,OTM1,mid,90.0,10:00,10:15,target,0.9
2026-02-25,NVDA,put,OTM1,mid,90.0,15:00,15:20,target,0.9
2026-02-25,NVDA,put,OTM1,mid,90.0,15:30,16:00,forced,0.0
2026-02-26,NVDA,put,OTM1,mid,90.0,10:30,12:40,target,0.9
2026-02-26,NVDA,put,OTM1,mid,90.0,14:00,16:00,forced,-0.499
2026-02-27,NVDA,put,OTM1,mid,90.0,10:30,12:15,target,0.9
2026-02-27,NVDA,put,OTM1,mid,90.0,14:00,14:10,target,0.9
2026-02-27,NVDA,put,OTM1,mid,90.0,14:30,14:40,target,0.9
2026-03-02,NVDA,put,OTM1,mid,90.0,10:00,10:15,target,0.9
2026-03-02,NVDA,put,OTM1,mid,90.0,11:00,13:20,target,0.9
2026-03-03,NVDA,put,OTM1,mid,90.0,10:00,10:25,target,0.9
2026-03-03,NVDA,put,OTM1,mid,90.0,11:00,12:15,target,0.9
2026-03-03,NVDA,put,OTM1,mid,90.0,13:00,13:10,target,0.9
2026-03-03,NVDA,put,OTM1,mid,90.0,14:00,14:05,target,0.9
2026-03-03,NVDA,put,OTM1,mid,90.0,14:30,15:00,target,0.9
2026-03-03,NVDA,put,OTM1,mid,90.0,15:30,16:00,forced,0.0
2026-03-04,NVDA,put,OTM1,mid,90.0,10:00,16:00,forced,-0.7138
2026-03-05,NVDA,put,OTM1,mid,90.0,10:00,10:05,target,0.9
2026-03-05,NVDA,put,OTM1,mid,90.0,13:00,13:10,target,0.9
2026-03-05,NVDA,put,OTM1,mid,90.0,13:30,13:50,target,0.9
2026-03-06,NVDA,put,OTM1,mid,90.0,10:00,16:00,forced,-0.66273
2026-03-09,NVDA,put,OTM1,mid,90.0,10:00,10:05,target,0.9
2026-03-09,NVDA,put,OTM1,mid,90.0,11:00,12:10,target,0.9
2026-03-09,NVDA,put,OTM1,mid,90.0,13:00,13:15,target,0.9
2026-03-09,NVDA,put,OTM1,mid,90.0,14:00,14:10,target,0.9
2026-03-09,NVDA,put,OTM1,mid,90.0,15:00,15:05,target,0.9
2026-03-10,NVDA,put,OTM1,mid,90.0,10:00,11:00,target,0.9
2026-03-10,NVDA,put,OTM1,mid,90.0,11:00,14:20,target,0.9
2026-03-10,NVDA,put,OTM1,mid,90.0,14:30,14:45,target,0.9
2026-03-10,NVDA,put,OTM1,mid,90.0,15:00,15:15,target,0.9
2026-03-11,NVDA,put,OTM1,mid,90.0,10:00,11:40,target,0.9
2026-03-11,NVDA,put,OTM1,mid,90.0,13:00,13:30,target,0.9
2026-03-11,NVDA,put,OTM1,mid,90.0,14:00,14:05,target,0.9
2026-03-11,NVDA,put,OTM1,mid,90.0,14:30,15:05,target,0.9
2026-03-12,NVDA,put,OTM1,mid,90.0,10:00,10:35,target,0.9
2026-03-12,NVDA,put,OTM1,mid,90.0,14:00,14:20,target,0.9
2026-03-12,NVDA,put,OTM1,mid,90.0,14:30,14:50,target,0.9
2026-03-12,NVDA,put,OTM1,mid,90.0,15:00,16:00,forced,0.0
2026-03-13,NVDA,put,OTM1,mid,90.0,10:00,10:15,target,0.9
2026-02-16,NVDA,put,OTM1,mid,100.0,10:30,10:40,target,1.0
2026-02-16,NVDA,put,OTM1,mid,100.0,14:30,15:30,target,1.0
2026-02-17,NVDA,put,OTM1,mid,100.0,10:30,10:45,target,1.0
2026-02-17,NVDA,put,OTM1,mid,100.0,11:00,11:05,target,1.0
2026-02-17,NVDA,put,OTM1,mid,100.0,14:00,14:15,target,1.0
2026-02-17,NVDA,put,OTM1,mid,100.0,14:30,14:50,target,1.0
2026-02-17,NVDA,put,OTM1,mid,100.0,15:00,16:00,forced,0.0
2026-02-18,NVDA,put,OTM1,mid,100.0,10:30,10:45,target,1.0
2026-02-18,NVDA,put,OTM1,mid,100.0,11:00,11:15,target,1.0
2026-02-18,NVDA,put,OTM1,mid,100.0,14:00,16:00,forced,-0.51923
2026-02-19,NVDA,put,OTM1,mid,100.0,10:30,10:40,target,1.0
2026-02-19,NVDA,put,OTM1,mid,100.0,11:00,16:00,forced,-0.67908
2026-02-20,NVDA,put,OTM1,mid,100.0,10:30,10:45,target,1.0
2026-02-20,NVDA,put,OTM1,mid,100.0,11:00,16:00,forced,-0.65023
2026-02-23,NVDA,put,OTM1,mid,100.0,10:30,10:40,target,1.0
2026-02-23,NVDA,put,OTM1,mid,100.0,11:00,11:05,target,1.0
2026-02-23,NVDA,put,OTM1,mid,100.0,14:00,14:40,target,1.0
2026-02-23,NVDA,put,OTM1,mid,100.0,15:00,16:00,forced,0.0
2026-02-24,NVDA,put,OTM1,mid,100.0,10:30,16:00,forced,-0.85052
2026-02-25,NVDA,put,OTM1,mid,100.0,10:00,10:15,target,1.0
2026-02-25,NVDA,put,OTM1,mid,100.0,15:00,15:20,target,1.0
2026-02-25,NVDA,put,OTM1,mid,100.0,15:30,16:00,forced,0.0
2026-02-26,NVDA,put,OTM1,mid,100.0,10:30,12:40,target,1.0
2026-02-26,NVDA,put,OTM1,mid,100.0,14:00,16:00,forced,-0.499
2026-02-27,NVDA,put,OTM1,mid,100.0,10:30,12:15,target,1.0
2026-02-27,NVDA,put,OTM1,mid,100.0,14:00,14:10,target,1.0
2026-02-27,NVDA,put,OTM1,mid,100.0,14:30,14:40,target,1.0
2026-03-02,NVDA,put,OTM1,mid,100.0,10:00,10:15,target,1.0
2026-03-02,NVDA,put,OTM1,mid,100.0,11:00,13:20,target,1.0
2026-03-03,NVDA,put,OTM1,mid,100.0,10:00,10:25,target,1.0
2026-03-03,NVDA,put,OTM1,mid,100.0,11:00,12:15,target,1.0
2026-03-03,NVDA,put,OTM1,mid,100.0,13:00,13:10,target,1.0
2026-03-03,NVDA,put,OTM1,mid,100.0,14:00,14:05,target,1.0
2026-03-03,NVDA,put,OTM1,mid,100.0,14:30,15:00,target,1.0
2026-03-03,NVDA,put,OTM1,mid,100.0,15:30,16:00,forced,0.0
2026-03-04,NVDA,put,OTM1,mid,100.0,10:00,16:00,forced,-0.7138
2026-03-05,NVDA,put,OTM1,mid,100.0,10:00,10:05,target,1.0
2026-03-05,NVDA,put,OTM1,mid,100.0,13:00,13:10,target,1.0
2026-03-05,NVDA,put,OTM1,mid,100.0,13:30,13:50,target,1.0
2026-03-06,NVDA,put,OTM1,mid,100.0,10:00,16:00,forced,-0.66273
2026-03-09,NVDA,put,OTM1,mid,100.0,10:00,10:05,target,1.0
2026-03-09,NVDA,put,OTM1,mid,100.0,11:00,12:10,target,1.0
2026-03-09,NVDA,put,OTM1,mid,100.0,13:00,13:15,target,1.0
2026-03-09,NVDA,put,OTM1,mid,100.0,14:00,14:10,target,1.0
2026-03-09,NVDA,put,OTM1,mid,100.0,15:00,15:05,target,1.0
2026-03-10,NVDA,put,OTM1,mid,100.0,10:00,11:00,target,1.0
2026-03-10,NVDA,put,OTM1,mid,100.0,11:00,15:05,target,1.0
2026-03-11,NVDA,put,OTM1,mid,100.0,10:00,11:40,target,1.0
2026-03-11,NVDA,put,OTM1,mid,100.0,13:00,13:30,target,1.0
2026-03-11,NVDA,put,OTM1,mid,100.0,14:00,14:05,target,1.0
2026-03-11,NVDA,put,OTM1,mid,100.0,14:30,15:05,target,1.0
2026-03-12,NVDA,put,OTM1,mid,100.0,10:00,10:40,target,1.0
2026-03-12,NVDA,put,OTM1,mid,100.0,14:00,14:20,target,1.0
2026-03-12,NVDA,put,OTM1,mid,100.0,14:30,14:50,target,1.0
2026-03-12,NVDA,put,OTM1,mid,100.0,15:00,16:00,forced,0.0
2026-03-13,NVDA,put,OTM1,mid,100.0,10:00,10:15,target,1.0
2026-02-16,NVDA,put,OTM1,market,20.0,10:30,10:35,target,0.2
2026-02-16,NVDA,put,OTM1,market,20.0,14:30,14:40,target,0.2
2026-02-17,NVDA,put,OTM1,market,20.0,10:30,10:45,target,0.2
2026-02-17,NVDA,put,OTM1,market,20.0,11:00,11:05,target,0.2
2026-02-17,NVDA,put,OTM1,market,20.0,11:30,11:45,target,0.2
2026-02-17,NVDA,put,OTM1,market,20.0,14:00,14:10,target,0.2
2026-02-17,NVDA,put,OTM1,market,20.0,14:30,14:45,target,0.2
2026-02-17,NVDA,put,OTM1,market,20.0,15:00,16:00,forced,-0.03922
2026-02-18,NVDA,put,OTM1,market,20.0,10:30,10:35,target,0.2
2026-02-18,NVDA,put,OTM1,market,20.0,11:00,11:05,target,0.2
2026-02-18,NVDA,put,OTM1,market,20.0,11:30,11:40,target,0.2
2026-02-18,NVDA,put,OTM1,market,20.0,14:00,16:00,forced,-0.53817
2026-02-19,NVDA,put,OTM1,market,20.0,10:30,10:35,target,0.2
2026-02-19,NVDA,put,OTM1,market,20.0,11:00,13:40,target,0.2
2026-02-19,NVDA,put,OTM1,market,20.0,14:00,16:00,forced,-0.03922
2026-02-20,NVDA,put,OTM1,market,20.0,10:30,10:45,target,0.2
2026-02-20,NVDA,put,OTM1,market,20.0,11:00,16:00,forced,-0.66392
2026-02-23,NVDA,put,OTM1,market,20.0,10:30,10:35,target,0.2
2026-02-23,NVDA,put,OTM1,market,20.0,11:00,11:05,target,0.2
2026-02-23,NVDA,put,OTM1,market,20.0,11:30,11:55,target,0.2
2026-02-23,NVDA,put,OTM1,market,20.0,14:00,14:05,target,0.2
2026-02-23,NVDA,put,OTM1,market,20.0,14:30,14:35,target,0.2
2026-02-23,NVDA,put,OTM1,market,20.0,15:00,15:05,target,0.2
2026-02-23,NVDA,put,OTM1,market,20.0,15:30,15:40,target,0.2
2026-02-24,NVDA,put,OTM1,market,20.0,10:30,16:00,forced,-0.85639
2026-02-25,NVDA,put,OTM1,market,20.0,10:00,10:10,target,0.2
2026-02-25,NVDA,put,OTM1,market,20.0,15:00,15:20,target,0.2
2026-02-25,NVDA,put,OTM1,market,20.0,15:30,16:00,forced,-0.03922
2026-02-26,NVDA,put,OTM1,market,20.0,10:30,12:35,target,0.2
2026-02-26,NVDA,put,OTM1,market,20.0,14:00,16:00,forced,-0.51866
2026-02-27,NVDA,put,OTM1,market,20.0,10:30,11:15,target,0.2
2026-02-27,NVDA,put,OTM1,market,20.0,11:30,11:35,target,0.2
2026-02-27,NVDA,put,OTM1,market,20.0,14:00,14:05,target,0.2
2026-02-27,NVDA,put,OTM1,market,20.0,14:30,14:40,target,0.2
2026-03-02,NVDA,put,OTM1,market,20.0,10:00,10:10,target,0.2
2026-03-02,NVDA,put,OTM1,market,20.0,11:00,13:15,target,0.2
2026-03-03,NVDA,put,OTM1,market,20.0,10:00,10:20,target,0.2
2026-03-03,NVDA,put,OTM1,market,20.0,11:00,11:10,target,0.2
2026-03-03,NVDA,put,OTM1,market,20.0,13:00,13:10,target,0.2
2026-03-03,NVDA,put,OTM1,market,20.0,13:30,13:40,target,0.2
2026-03-03,NVDA,put,OTM1,market,20.0,14:00,14:05,target,0.2
2026-03-03,NVDA,put,OTM1,market,20.0,14:30,14:35,target,0.2
2026-03-03,NVDA,put,OTM1,market,20.0,15:30,16:00,forced,-0.03922
2026-03-04,NVDA,put,OTM1,market,20.0,10:00,16:00,forced,-0.72503
2026-03-05,NVDA,put,OTM1,market,20.0,10:00,10:05,target,0.2
2026-03-05,NVDA,put,OTM1,market,20.0,13:00,13:05,target,0.2
2026-03-05,NVDA,put,OTM1,market,20.0,13:30,13:35,target,0.2
2026-03-06,NVDA,put,OTM1,market,20.0,10:00,16:00,forced,-0.67593
2026-03-09,NVDA,put,OTM1,market,20.0,10:00,10:05,target,0.2
2026-03-09,NVDA,put,OTM1,market,20.0,11:00,11:15,target,0.2
2026-03-09,NVDA,put,OTM1,market,20.0,11:30,12:15,target,0.2
2026-03-09,NVDA,put,OTM1,market,20.0,13:00,13:05,target,0.2
2026-03-09,NVDA,put,OTM1,market,20.0,13:30,13:50,target,0.2
2026-03-09,NVDA,put,OTM1,market,20.0,14:00,14:10,target,0.2
2026-03-09,NVDA,put,OTM1,market,20.0,15:00,15:05,target,0.2
2026-03-10,NVDA,put,OTM1,market,20.0,10:00,10:50,target,0.2
2026-03-10,NVDA,put,OTM1,market,20.0,11:00,14:20,target,0.2
2026-03-10,NVDA,put,OTM1,market,20.0,14:30,14:40,target,0.2
2026-03-10,NVDA,put,OTM1,market,20.0,15:00,15:10,target,0.2
2026-03-11,NVDA,put,OTM1,market,20.0,10:00,10:30,target,0.2
2026-03-11,NVDA,put,OTM1,market,20.0,11:00,11:05,target,0.2
2026-03-11,NVDA,put,OTM1,market,20.0,11:30,11:35,target,0.2
2026-03-11,NVDA,put,OTM1,market,20.0,13:00,13:30,target,0.2
2026-03-11,NVDA,put,OTM1,market,20.0,13:30,15:05,target,0.2
2026-03-12,NVDA,put,OTM1,market,20.0,10:00,10:15,target,0.2
2026-03-12,NVDA,put,OTM1,market,20.0,10:30,10:35,target,0.2
2026-03-12,NVDA,put,OTM1,market,20.0,13:30,16:00,forced,-0.66184
2026-03-13,NVDA,put,OTM1,market,20.0,10:00,10:15,target,0.2
2026-02-16,NVDA,put,OTM1,market,25.0,10:30,10:35,target,0.25
2026-02-16,NVDA,put,OTM1,market,25.0,14:30,14:40,target,0.25
2026-02-17,NVDA,put,OTM1,market,25.0,10:30,10:45,target,0.25
2026-02-17,NVDA,put,OTM1,market,25.0,11:00,11:05,target,0.25
2026-02-17,NVDA,put,OTM1,market,25.0,11:30,11:45,target,0.25
2026-02-17,NVDA,put,OTM1,market,25.0,14:00,14:10,target,0.25
2026-02-17,NVDA,put,OTM1,market,25.0,14:30,14:45,target,0.25
2026-02-17,NVDA,put,OTM1,market,25.0,15:00,16:00,forced,-0.03922
2026-02-18,NVDA,put,OTM1,market,25.0,10:30,10:35,target,0.25
2026-02-18,NVDA,put,OTM1,market,25.0,11:00,11:05,target,0.25
2026-02-18,NVDA,put,OTM1,market,25.0,11:30,11:40,target,0.25
2026-02-18,NVDA,put,OTM1,market,25.0,14:00,16:00,forced,-0.53817
2026-02-19,NVDA,put,OTM1,market,25.0,10:30,10:35,target,0.25
2026-02-19,NVDA,put,OTM1,market,25.0,11:00,13:40,target,0.25
2026-02-19,NVDA,put,OTM1,market,25.0,14:00,16:00,forced,-0.03922
2026-02-20,NVDA,put,OTM1,market,25.0,10:30,10:45,target,0.25
2026-02-20,NVDA,put,OTM1,market,25.0,11:00,16:00,forced,-0.66392
2026-02-23,NVDA,put,OTM1,market,25.0,10:30,10:35,target,0.25
2026-02-23,NVDA,put,OTM1,market,25.0,11:00,11:05,target,0.25
2026-02-23,NVDA,put,OTM1,market,25.0,11:30,12:00,target,0.25
2026-02-23,NVDA,put,OTM1,market,25.0,14:00,14:10,target,0.25
2026-02-23,NVDA,put,OTM1,market,25.0,14:30,14:35,target,0.25
2026-02-23,NVDA,put,OTM1,market,25.0,15:00,15:05,target,0.25
2026-02-23,NVDA,put,OTM1,market,25.0,15:30,15:40,target,0.25
2026-02-24,NVDA,put,OTM1,market,25.0,10:30,16:00,forced,-0.85639
2026-02-25,NVDA,put,OTM1,market,25.0,10:00,10:10,target,0.25
2026-02-25,NVDA,put,OTM1,market,25.0,15:00,15:20,target,0.25
2026-02-25,NVDA,put,OTM1,market,25.0,15:30,16:00,forced,-0.03922
2026-02-26,NVDA,put,OTM1,market,25.0,10:30,12:35,target,0.25
2026-02-26,NVDA,put,OTM1,market,25.0,14:00,16:00,forced,-0.51866
2026-02-27,NVDA,put,OTM1,market,25.0,10:30,12:10,target,0.25
2026-02-27,NVDA,put,OTM1,market,25.0,14:00,14:05,target,0.25
2026-02-27,NVDA,put,OTM1,market,25.0,14:30,14:40,target,0.25
2026-03-02,NVDA,put,OTM1,market,25.0,10:00,10:10,target,0.25
2026-03-02,NVDA,put,OTM1,market,25.0,11:30,11:35,target,0.25
2026-03-02,NVDA,put,OTM1,market,25.0,13:00,13:10,target,0.25
2026-03-03,NVDA,put,OTM1,market,25.0,10:00,10:25,target,0.25
2026-03-03,NVDA,put,OTM1,market,25.0,11:00,11:10,target,0.25
2026-03-03,NVDA,put,OTM1,market,25.0,13:00,13:10,target,0.25
2026-03-03,NVDA,put,OTM1,market,25.0,13:30,13:40,target,0.25
2026-03-03,NVDA,put,OTM1,market,25.0,14:00,14:05,target,0.25
2026-03-03,NVDA,put,OTM1,market,25.0,14:30,14:35,target,0.25
2026-03-03,NVDA,put,OTM1,market,25.0,15:30,16:00,forced,-0.03922
2026-03-04,NVDA,put,OTM1,market,25.0,10:00,16:00,forced,-0.72503
2026-03-05,NVDA,put,OTM1,market,25.0,10:00,10:05,target,0.25
2026-03-05,NVDA,put,OTM1,market,25.0,13:00,13:05,target,0.25
2026-03-05,NVDA,put,OTM1,market,25.0,13:30,13:35,target,0.25
2026-03-06,NVDA,put,OTM1,market,25.0,10:00,16:00,forced,-0.67593
2026-03-09,NVDA,put,OTM1,market,25.0,10:00,10:05,target,0.25
2026-03-09,NVDA,put,OTM1,market,25.0,11:30,12:15,target,0.25
2026-03-09,NVDA,put,OTM1,market,25.0,13:00,13:05,target,0.25
2026-03-09,NVDA,put,OTM1,market,25.0,13:30,13:50,target,0.25
2026-03-09,NVDA,put,OTM1,market,25.0,14:00,14:10,target,0.25
2026-03-09,NVDA,put,OTM1,market,25.0,15:00,15:05,target,0.25
2026-03-10,NVDA,put,OTM1,market,25.0,10:00,10:50,target,0.25
2026-03-10,NVDA,put,OTM1,market,25.0,11:30,12:15,target,0.25
2026-03-10,NVDA,put,OTM1,market,25.0,13:00,13:05,target,0.25
2026-03-10,NVDA,put,OTM1,market,25.0,13:30,15:15,target,0.25
2026-03-11,NVDA,put,OTM1,market,25.0,10:00,10:30,target,0.25
2026-03-11,NVDA,put,OTM1,market,25.0,11:30,11:35,target,0.25
2026-03-11,NVDA,put,OTM1,market,25.0,13:00,13:30,target,0.25
2026-03-11,NVDA,put,OTM1,market,25.0,13:30,15:05,target,0.25
2026-03-12,NVDA,put,OTM1,market,25.0,10:00,10:15,target,0.25
2026-03-12,NVDA,put,OTM1,market,25.0,10:30,10:35,target,0.25
2026-03-12,NVDA,put,OTM1,market,25.0,13:30,16:00,forced,-0.66184
2026-03-13,NVDA,put,OTM1,market,25.0,10:00,10:15,target,0.25
2026-02-16,NVDA,put,OTM1,market,30.0,10:30,10:35,target,0.3
2026-02-16,NVDA,put,OTM1,market,30.0,14:30,14:40,target,0.3
2026-02-17,NVDA,put,OTM1,market,30.0,10:30,10:45,target,0.3
2026-02-17,NVDA,put,OTM1,market,30.0,11:00,11:05,target,0.3
2026-02-17,NVDA,put,OTM1,market,30.0,11:30,11:45,target,0.3
2026-02-17,NVDA,put,OTM1,market,30.0,14:00,14:15,target,0.3
2026-02-17,NVDA,put,OTM1,market,30.0,14:30,14:45,target,0.3
2026-02-17,NVDA,put,OTM1,market,30.0,15:00,16:00,forced,-0.03922
2026-02-18,NVDA,put,OTM1,market,30.0,10:30,10:35,target,0.3
2026-02-18,NVDA,put,OTM1,market,30.0,11:00,11:05,target,0.3
2026-02-18,NVDA,put,OTM1,market,30.0,11:30,11:40,target,0.3
2026-02-18,NVDA,put,OTM1,market,30.0,14:00,16:00,forced,-0.53817
2026-02-19,NVDA,put,OTM1,market,30.0,10:30,10:35,target,0.3
2026-02-19,NVDA,put,OTM1,market,30.0,11:00,13:40,target,0.3
2026-02-19,NVDA,put,OTM1,market,30.0,14:00,16:00,forced,-0.03922
2026-02-20,NVDA,put,OTM1,market,30.0,10:30,10:45,target,0.3
2026-02-20,NVDA,put,OTM1,market,30.0,11:00,16:00,forced,-0.66392
2026-02-23,NVDA,put,OTM1,market,30.0,10:30,10:35,target,0.3
2026-02-23,NVDA,put,OTM1,market,30.0,11:00,11:05,target,0.3
2026-02-23,NVDA,put,OTM1,market,30.0,11:30,12:00,target,0.3
2026-02-23,NVDA,put,OTM1,market,30.0,14:00,14:10,target,0.3
2026-02-23,NVDA,put,OTM1,market,30.0,14:30,14:35,target,0.3
2026-02-23,NVDA,put,OTM1,market,30.0,15:00,15:40,target,0.3
2026-02-24,NVDA,put,OTM1,market,30.0,10:30,16:00,forced,-0.85639
2026-02-25,NVDA,put,OTM1,market,30.0,10:00,10:10,target,0.3
2026-02-25,NVDA,put,OTM1,market,30.0,15:00,15:20,target,0.3
2026-02-25,NVDA,put,OTM1,market,30.0,15:30,16:00,forced,-0.03922
2026-02-26,NVDA,put,OTM1,market,30.0,10:30,12:35,target,0.3
2026-02-26,NVDA,put,OTM1,market,30.0,14:00,16:00,forced,-0.51866
2026-02-27,NVDA,put,OTM1,market,30.0,10:30,12:10,target,0.3
2026-02-27,NVDA,put,OTM1,market,30.0,14:00,14:10,target,0.3
2026-02-27,NVDA,put,OTM1,market,30.0,14:30,14:40,target,0.3
2026-03-02,NVDA,put,OTM1,market,30.0,10:00,10:10,target,0.3
2026-03-02,NVDA,put,OTM1,market,30.0,11:00,13:15,target,0.3
2026-03-03,NVDA,put,OTM1,market,30.0,10:00,10:25,target,0.3
2026-03-03,NVDA,put,OTM1,market,30.0,11:00,11:25,target,0.3
2026-03-03,NVDA,put,OTM1,market,30.0,13:00,13:10,target,0.3
2026-03-03,NVDA,put,OTM1,market,30.0,13:30,13:40,target,0.3
2026-03-03,NVDA,put,OTM1,market,30.0,14:00,14:05,target,0.3
2026-03-03,NVDA,put,OTM1,market,30.0,14:30,14:35,target,0.3
2026-03-03,NVDA,put,OTM1,market,30.0,15:30,16:00,forced,-0.03922
2026-03-04,NVDA,put,OTM1,market,30.0,10:00,16:00,forced,-0.72503
2026-03-05,NVDA,put,OTM1,market,30.0,10:00,10:05,target,0.3
2026-03-05,NVDA,put,OTM1,market,30.0,13:00,13:05,target,0.3
2026-03-05,NVDA,put,OTM1,market,30.0,13:30,13:35,target,0.3
2026-03-06,NVDA,put,OTM1,market,30.0,10:00,16:00,forced,-0.67593
2026-03-09,NVDA,put,OTM1,market,30.0,10:00,10:05,target,0.3
2026-03-09,NVDA,put,OTM1,market,30.0,11:00,11:20,target,0.3
2026-03-09,NVDA,put,OTM1,market,30.0,11:30,12:15,target,0.3
2026-03-09,NVDA,put,OTM1,market,30.0,13:00,13:10,target,0.3
2026-03-09,NVDA,put,OTM1,market,30.0,13:30,13:55,target,0.3
2026-03-09,NVDA,put,OTM1,market,30.0,14:00,14:10,target,0.3
2026-03-09,NVDA,put,OTM1,market,30.0,15:00,15:05,target,0.3
2026-03-10,NVDA,put,OTM1,market,30.0,10:00,10:50,target,0.3
2026-03-10,NVDA,put,OTM1,market,30.0,11:00,14:20,target,0.3
2026-03-10,NVDA,put,OTM1,market,30.0,14:30,14:45,target,0.3
2026-03-10,NVDA,put,OTM1,market,30.0,15:00,15:15,target,0.3
2026-03-11,NVDA,put,OTM1,market,30.0,10:00,10:30,target,0.3
2026-03-11,NVDA,put,OTM1,market,30.0,11:00,11:05,target,0.3
2026-03-11,NVDA,put,OTM1,market,30.0,11:30,11:35,target,0.3
2026-03-11,NVDA,put,OTM1,market,30.0,13:00,13:30,target,0.3
2026-03-11,NVDA,put,OTM1,market,30.0,13:30,15:05,target,0.3
2026-03-12,NVDA,put,OTM1,market,30.0,10:00,10:15,target,0.3
2026-03-12,NVDA,put,OTM1,market,30.0,10:30,10:35,target,0.3
2026-03-12,NVDA,put,OTM1,market,30.0,13:30,16:00,forced,-0.66184
2026-03-13,NVDA,put,OTM1,market,30.0,10:00,10:15,target,0.3
2026-02-16,NVDA,put,OTM1,market,40.0,10:30,10:35,target,0.4
2026-02-16,NVDA,put,OTM1,market,40.0,14:30,14:40,target,0.4
2026-02-17,NVDA,put,OTM1,market,40.0,10:30,10:45,target,0.4
2026-02-17,NVDA,put,OTM1,market,40.0,11:00,11:05,target,0.4
2026-02-17,NVDA,put,OTM1,market,40.0,11:30,16:00,forced,-0.71871
2026-02-18,NVDA,put,OTM1,market,40.0,10:30,10:35,target,0.4
2026-02-18,NVDA,put,OTM1,market,40.0,11:00,11:05,target,0.4
2026-02-18,NVDA,put,OTM1,market,40.0,11:30,11:40,target,0.4
2026-02-18,NVDA,put,OTM1,market,40.0,14:00,16:00,forced,-0.53817
2026-02-19,NVDA,put,OTM1,market,40.0,10:30,10:35,target,0.4
2026-02-19,NVDA,put,OTM1,market,40.0,11:00,13:40,target,0.4
2026-02-19,NVDA,put,OTM1,market,40.0,14:00,16:00,forced,-0.03922
2026-02-20,NVDA,put,OTM1,market,40.0,10:30,10:45,target,0.4
2026-02-20,NVDA,put,OTM1,market,40.0,11:00,16:00,forced,-0.66392
2026-02-23,NVDA,put,OTM1,market,40.0,10:30,10:35,target,0.4
2026-02-23,NVDA,put,OTM1,market,40.0,11:00,11:05,target,0.4
2026-02-23,NVDA,put,OTM1,market,40.0,11:30,12:00,target,0.4
2026-02-23,NVDA,put,OTM1,market,40.0,14:00,14:10,target,0.4
2026-02-23,NVDA,put,OTM1,market,40.0,14:30,14:35,target,0.4
2026-02-23,NVDA,put,OTM1,market,40.0,15:30,15:40,target,0.4
2026-02-24,NVDA,put,OTM1,market,40.0,10:30,16:00,forced,-0.85639
2026-02-25,NVDA,put,OTM1,market,40.0,10:00,10:10,target,0.4
2026-02-25,NVDA,put,OTM1,market,40.0,15:30,16:00,forced,-0.03922
2026-02-26,NVDA,put,OTM1,market,40.0,10:30,12:40,target,0.4
2026-02-26,NVDA,put,OTM1,market,40.0,14:00,16:00,forced,-0.51866
2026-02-27,NVDA,put,OTM1,market,40.0,10:30,12:10,target,0.4
2026-02-27,NVDA,put,OTM1,market,40.0,14:00,14:10,target,0.4
2026-02-27,NVDA,put,OTM1,market,40.0,14:30,14:40,target,0.4
2026-03-02,NVDA,put,OTM1,market,40.0,10:00,10:15,target,0.4
2026-03-02,NVDA,put,OTM1,market,40.0,11:00,13:15,target,0.4
2026-03-03,NVDA,put,OTM1,market,40.0,10:00,10:25,target,0.4
2026-03-03,NVDA,put,OTM1,market,40.0,11:00,11:30,target,0.4
2026-03-03,NVDA,put,OTM1,market,40.0,13:00,13:10,target,0.4
2026-03-03,NVDA,put,OTM1,market,40.0,14:00,14:05,target,0.4
2026-03-03,NVDA,put,OTM1,market,40.0,14:30,14:35,target,0.4
2026-03-03,NVDA,put,OTM1,market,40.0,15:30,16:00,forced,-0.03922
2026-03-04,NVDA,put,OTM1,market,40.0,10:00,16:00,forced,-0.72503
2026-03-05,NVDA,put,OTM1,market,40.0,10:00,10:05,target,0.4
2026-03-05,NVDA,put,OTM1,market,40.0,13:00,13:05,target,0.4
2026-03-05,NVDA,put,OTM1,market,40.0,13:30,13:50,target,0.4
2026-03-06,NVDA,put,OTM1,market,40.0,10:00,16:00,forced,-0.67593
2026-03-09,NVDA,put,OTM1,market,40.0,10:00,10:05,target,0.4
2026-03-09,NVDA,put,OTM1,market,40.0,11:00,11:20,target,0.4
2026-03-09,NVDA,put,OTM1,market,40.0,11:30,12:15,target,0.4
2026-03-09,NVDA,put,OTM1,market,40.0,13:00,13:10,target,0.4
2026-03-09,NVDA,put,OTM1,market,40.0,14:00,14:10,target,0.4
2026-03-09,NVDA,put,OTM1,market,40.0,15:00,15:05,target,0.4
2026-03-10,NVDA,put,OTM1,market,40.0,10:00,10:55,target,0.4
2026-03-10,NVDA,put,OTM1,market,40.0,11:00,14:20,target,0.4
2026-03-10,NVDA,put,OTM1,market,40.0,14:30,14:45,target,0.4
2026-03-10,NVDA,put,OTM1,market,40.0,15:00,15:15,target,0.4
2026-03-11,NVDA,put,OTM1,market,40.0,10:00,10:45,target,0.4
2026-03-11,NVDA,put,OTM1,market,40.0,11:00,11:05,target,0.4
2026-03-11,NVDA,put,OTM1,market,40.0,11:30,11:35,target,0.4
2026-03-11,NVDA,put,OTM1,market,40.0,13:00,13:30,target,0.4
2026-03-11,NVDA,put,OTM1,market,40.0,14:00,14:05,target,0.4
2026-03-11,NVDA,put,OTM1,market,40.0,14:30,15:05,target,0.4
2026-03-12,NVDA,put,OTM1,market,40.0,10:00,10:15,target,0.4
2026-03-12,NVDA,put,OTM1,market,40.0,10:30,10:35,target,0.4
2026-03-12,NVDA,put,OTM1,market,40.0,14:00,14:10,target,0.4
2026-03-12,NVDA,put,OTM1,market,40.0,14:30,14:50,target,0.4
2026-03-12,NVDA,put,OTM1,market,40.0,15:00,16:00,forced,-0.03922
2026-03-13,NVDA,put,OTM1,market,40.0,10:00,10:15,target,0.4
2026-02-16,NVDA,put,OTM1,market,50.0,10:30,10:35,target,0.5
2026-02-16,NVDA,put,OTM1,market,50.0,14:30,14:40,target,0.5
2026-02-17,NVDA,put,OTM1,market,50.0,10:30,10:45,target,0.5
2026-02-17,NVDA,put,OTM1,market,50.0,11:00,11:05,target,0.5
2026-02-17,NVDA,put,OTM1,market,50.0,11:30,16:00,forced,-0.71871
2026-02-18,NVDA,put,OTM1,market,50.0,10:30,10:35,target,0.5
2026-02-18,NVDA,put,OTM1,market,50.0,11:00,11:05,target,0.5
2026-02-18,NVDA,put,OTM1,market,50.0,11:30,11:40,target,0.5
2026-02-18,NVDA,put,OTM1,market,50.0,14:00,16:00,forced,-0.53817
2026-02-19,NVDA,put,OTM1,market,50.0,10:30,10:35,target,0.5
2026-02-19,NVDA,put,OTM1,market,50.0,11:00,13:40,target,0.5
2026-02-19,NVDA,put,OTM1,market,50.0,14:00,16:00,forced,-0.03922
2026-02-20,NVDA,put,OTM1,market,50.0,10:30,10:45,target,0.5
2026-02-20,NVDA,put,OTM1,market,50.0,11:00,16:00,forced,-0.66392
2026-02-23,NVDA,put,OTM1,market,50.0,10:30,10:35,target,0.5
2026-02-23,NVDA,put,OTM1,market,50.0,11:00,11:05,target,0.5
2026-02-23,NVDA,put,OTM1,market,50.0,11:30,16:00,forced,-0.82304
2026-02-24,NVDA,put,OTM1,market,50.0,10:30,16:00,forced,-0.85639
2026-02-25,NVDA,put,OTM1,market,50.0,10:00,10:10,target,0.5
2026-02-25,NVDA,put,OTM1,market,50.0,15:30,16:00,forced,-0.03922
2026-02-26,NVDA,put,OTM1,market,50.0,10:30,12:40,target,0.5
2026-02-26,NVDA,put,OTM1,market,50.0,14:00,16:00,forced,-0.51866
2026-02-27,NVDA,put,OTM1,market,50.0,10:30,12:10,target,0.5
2026-02-27,NVDA,put,OTM1,market,50.0,14:00,14:10,target,0.5
2026-02-27,NVDA,put,OTM1,market,50.0,14:30,14:40,target,0.5
2026-03-02,NVDA,put,OTM1,market,50.0,10:00,10:15,target,0.5
2026-03-02,NVDA,put,OTM1,market,50.0,11:00,13:15,target,0.5
2026-03-03,NVDA,put,OTM1,market,50.0,10:00,10:25,target,0.5
2026-03-03,NVDA,put,OTM1,market,50.0,11:00,12:10,target,0.5
2026-03-03,NVDA,put,OTM1,market,50.0,13:00,13:10,target,0.5
2026-03-03,NVDA,put,OTM1,market,50.0,14:00,14:05,target,0.5
2026-03-03,NVDA,put,OTM1,market,50.0,14:30,14:35,target,0.5
2026-03-03,NVDA,put,OTM1,market,50.0,15:30,16:00,forced,-0.03922
2026-03-04,NVDA,put,OTM1,market,50.0,10:00,16:00,forced,-0.72503
2026-03-05,NVDA,put,OTM1,market,50.0,10:00,10:05,target,0.5
2026-03-05,NVDA,put,OTM1,market,50.0,13:00,13:05,target,0.5
2026-03-05,NVDA,put,OTM1,market,50.0,13:30,13:50,target,0.5
2026-03-06,NVDA,put,OTM1,market,50.0,10:00,16:00,forced,-0.67593
2026-03-09,NVDA,put,OTM1,market,50.0,10:00,10:05,target,0.5
2026-03-09,NVDA,put,OTM1,market,50.0,11:00,11:25,target,0.5
2026-03-09,NVDA,put,OTM1,market,50.0,11:30,12:15,target,0.5
2026-03-09,NVDA,put,OTM1,market,50.0,13:00,13:10,target,0.5
2026-03-09,NVDA,put,OTM1,market,50.0,14:00,14:10,target,0.5
2026-03-09,NVDA,put,OTM1,market,50.0,15:00,15:05,target,0.5
2026-03-10,NVDA,put,OTM1,market,50.0,10:00,11:00,target,0.5
2026-03-10,NVDA,put,OTM1,market,50.0,11:00,14:20,target,0.5
2026-03-10,NVDA,put,OTM1,market,50.0,14:30,14:45,target,0.5
2026-03-10,NVDA,put,OTM1,market,50.0,15:00,15:15,target,0.5
2026-03-11,NVDA,put,OTM1,market,50.0,10:00,10:45,target,0.5
2026-03-11,NVDA,put,OTM1,market,50.0,11:00,11:05,target,0.5
2026-03-11,NVDA,put,OTM1,market,50.0,11:30,11:35,target,0.5
2026-03-11,NVDA,put,OTM1,market,50.0,13:00,13:30,target,0.5
2026-03-11,NVDA,put,OTM1,market,50.0,14:00,14:05,target,0.5
2026-03-11,NVDA,put,OTM1,market,50.0,14:30,15:05,target,0.5
2026-03-12,NVDA,put,OTM1,market,50.0,10:00,10:15,target,0.5
2026-03-12,NVDA,put,OTM1,market,50.0,10:30,10:35,target,0.5
2026-03-12,NVDA,put,OTM1,market,50.0,14:00,14:20,target,0.5
2026-03-12,NVDA,put,OTM1,market,50.0,14:30,14:50,target,0.5
2026-03-12,NVDA,put,OTM1,market,50.0,15:00,16:00,forced,-0.03922
2026-03-13,NVDA,put,OTM1,market,50.0,10:00,10:15,target,0.5
2026-02-16,NVDA,put,OTM1,market,60.0,10:30,10:35,target,0.6
2026-02-16,NVDA,put,OTM1,market,60.0,14:30,14:40,target,0.6
2026-02-17,NVDA,put,OTM1,market,60.0,11:00,11:05,target,0.6
2026-02-17,NVDA,put,OTM1,market,60.0,14:00,14:15,target,0.6
2026-02-17,NVDA,put,OTM1,market,60.0,14:30,14:45,target,0.6
2026-02-17,NVDA,put,OTM1,market,60.0,15:00,16:00,forced,-0.03922
2026-02-18,NVDA,put,OTM1,market,60.0,11:00,11:05,target,0.6
2026-02-18,NVDA,put,OTM1,market,60.0,14:00,16:00,forced,-0.53817
2026-02-19,NVDA,put,OTM1,market,60.0,11:00,13:40,target,0.6
2026-02-19,NVDA,put,OTM1,market,60.0,14:00,16:00,forced,-0.03922
2026-02-20,NVDA,put,OTM1,market,60.0,11:00,16:00,forced,-0.66392
2026-02-23,NVDA,put,OTM1,market,60.0,11:00,11:05,target,0.6
2026-02-23,NVDA,put,OTM1,market,60.0,14:00,14:10,target,0.6
2026-02-23,NVDA,put,OTM1,market,60.0,14:30,14:40,target,0.6
2026-02-23,NVDA,put,OTM1,market,60.0,15:00,16:00,forced,-0.03922
2026-02-24,NVDA,put,OTM1,market,60.0,11:00,16:00,forced,-0.70122
2026-02-25,NVDA,put,OTM1,market,60.0,10:00,10:10,target,0.6
2026-02-25,NVDA,put,OTM1,market,60.0,15:00,15:20,target,0.6
2026-02-25,NVDA,put,OTM1,market,60.0,15:30,16:00,forced,-0.03922
2026-02-26,NVDA,put,OTM1,market,60.0,11:00,11:20,target,0.6
2026-02-26,NVDA,put,OTM1,market,60.0,14:00,16:00,forced,-0.51866
2026-02-27,NVDA,put,OTM1,market,60.0,11:00,11:15,target,0.6
2026-02-27,NVDA,put,OTM1,market,60.0,14:00,14:10,target,0.6
2026-02-27,NVDA,put,OTM1,market,60.0,14:30,14:40,target,0.6
2026-03-02,NVDA,put,OTM1,market,60.0,10:00,10:15,target,0.6
2026-03-02,NVDA,put,OTM1,market,60.0,11:00,13:15,target,0.6
2026-03-03,NVDA,put,OTM1,market,60.0,10:00,10:25,target,0.6
2026-03-03,NVDA,put,OTM1,market,60.0,11:00,12:10,target,0.6
2026-03-03,NVDA,put,OTM1,market,60.0,13:00,13:10,target,0.6
2026-03-03,NVDA,put,OTM1,market,60.0,14:00,14:05,target,0.6
2026-03-03,NVDA,put,OTM1,market,60.0,14:30,15:00,target,0.6
2026-03-03,NVDA,put,OTM1,market,60.0,15:30,16:00,forced,-0.03922
2026-03-04,NVDA,put,OTM1,market,60.0,10:00,16:00,forced,-0.72503
2026-03-05,NVDA,put,OTM1,market,60.0,10:00,10:05,target,0.6
2026-03-05,NVDA,put,OTM1,market,60.0,13:00,13:05,target,0.6
2026-03-05,NVDA,put,OTM1,market,60.0,13:30,13:50,target,0.6
2026-03-06,NVDA,put,OTM1,market,60.0,10:00,16:00,forced,-0.67593
2026-03-09,NVDA,put,OTM1,market,60.0,10:00,10:05,target,0.6
2026-03-09,NVDA,put,OTM1,market,60.0,11:00,11:25,target,0.6
2026-03-09,NVDA,put,OTM1,market,60.0,11:30,12:15,target,0.6
2026-03-09,NVDA,put,OTM1,market,60.0,13:00,13:10,target,0.6
2026-03-09,NVDA,put,OTM1,market,60.0,14:00,14:10,target,0.6
2026-03-09,NVDA,put,OTM1,market,60.0,15:00,15:05,target,0.6
2026-03-10,NVDA,put,OTM1,market,60.0,10:00,11:00,target,0.6
2026-03-10,NVDA,put,OTM1,market,60.0,11:00,14:20,target,0.6
2026-03-10,NVDA,put,OTM1,market,60.0,14:30,14:45,target,0.6
2026-03-10,NVDA,put,OTM1,market,60.0,15:00,15:15,target,0.6
2026-03-11,NVDA,put,OTM1,market,60.0,10:00,10:45,target,0.6
2026-03-11,NVDA,put,OTM1,market,60.0,11:00,11:35,target,0.6
2026-03-11,NVDA,put,OTM1,market,60.0,13:00,13:30,target,0.6
2026-03-11,NVDA,put,OTM1,market,60.0,14:00,14:05,target,0.6
2026-03-11,NVDA,put,OTM1,market,60.0,14:30,15:05,target,0.6
2026-03-12,NVDA,put,OTM1,market,60.0,10:00,10:35,target,0.6
2026-03-12,NVDA,put,OTM1,market,60.0,14:00,14:20,target,0.6
2026-03-12,NVDA,put,OTM1,market,60.0,14:30,14:50,target,0.6
2026-03-12,NVDA,put,OTM1,market,60.0,15:00,16:00,forced,-0.03922
2026-03-13,NVDA,put,OTM1,market,60.0,10:00,10:15,target,0.6
2026-02-16,NVDA,put,OTM1,market,70.0,10:30,10:40,target,0.7
2026-02-16,NVDA,put,OTM1,market,70.0,14:30,14:40,target,0.7
2026-02-17,NVDA,put,OTM1,market,70.0,10:30,10:45,target,0.7
2026-02-17,NVDA,put,OTM1,market,70.0,11:00,11:05,target,0.7
2026-02-17,NVDA,put,OTM1,market,70.0,14:00,14:15,target,0.7
2026-02-17,NVDA,put,OTM1,market,70.0,14:30,14:50,target,0.7
2026-02-17,NVDA,put,OTM1,market,70.0,15:00,16:00,forced,-0.03922
2026-02-18,NVDA,put,OTM1,market,70.0,10:30,10:40,target,0.7
2026-02-18,NVDA,put,OTM1,market,70.0,11:00,11:05,target,0.7
2026-02-18,NVDA,put,OTM1,market,70.0,14:00,16:00,forced,-0.53817
2026-02-19,NVDA,put,OTM1,market,70.0,10:30,10:40,target,0.7
2026-02-19,NVDA,put,OTM1,market,70.0,11:00,13:40,target,0.7
2026-02-19,NVDA,put,OTM1,market,70.0,14:00,16:00,forced,-0.03922
2026-02-20,NVDA,put,OTM1,market,70.0,10:30,10:45,target,0.7
2026-02-20,NVDA,put,OTM1,market,70.0,11:00,16:00,forced,-0.66392
2026-02-23,NVDA,put,OTM1,market,70.0,10:30,10:35,target,0.7
2026-02-23,NVDA,put,OTM1,market,70.0,11:00,11:05,target,0.7
2026-02-23,NVDA,put,OTM1,market,70.0,14:00,14:40,target,0.7
2026-02-23,NVDA,put,OTM1,market,70.0,15:00,16:00,forced,-0.03922
2026-02-24,NVDA,put,OTM1,market,70.0,10:30,16:00,forced,-0.85639
2026-02-25,NVDA,put,OTM1,market,70.0,10:00,10:15,target,0.7
2026-02-25,NVDA,put,OTM1,market,70.0,15:00,15:20,target,0.7
2026-02-25,NVDA,put,OTM1,market,70.0,15:30,16:00,forced,-0.03922
2026-02-26,NVDA,put,OTM1,market,70.0,10:30,12:40,target,0.7
2026-02-26,NVDA,put,OTM1,market,70.0,14:00,16:00,forced,-0.51866
2026-02-27,NVDA,put,OTM1,market,70.0,10:30,12:15,target,0.7
2026-02-27,NVDA,put,OTM1,market,70.0,14:00,14:10,target,0.7
2026-02-27,NVDA,put,OTM1,market,70.0,14:30,14:40,target,0.7
2026-03-02,NVDA,put,OTM1,market,70.0,10:00,10:15,target,0.7
2026-03-02,NVDA,put,OTM1,market,70.0,11:00,13:20,target,0.7
2026-03-03,NVDA,put,OTM1,market,70.0,10:00,10:25,target,0.7
2026-03-03,NVDA,put,OTM1,market,70.0,11:00,12:10,target,0.7
2026-03-03,NVDA,put,OTM1,market,70.0,13:00,13:10,target,0.7
2026-03-03,NVDA,put,OTM1,market,70.0,14:00,14:05,target,0.7
2026-03-03,NVDA,put,OTM1,market,70.0,14:30,15:00,target,0.7
2026-03-03,NVDA,put,OTM1,market,70.0,15:30,16:00,forced,-0.03922
2026-03-04,NVDA,put,OTM1,market,70.0,10:00,16:00,forced,-0.72503
2026-03-05,NVDA,put,OTM1,market,70.0,10:00,10:05,target,0.7
2026-03-05,NVDA,put,OTM1,market,70.0,13:00,13:05,target,0.7
2026-03-05,NVDA,put,OTM1,market,70.0,13:30,13:50,target,0.7
2026-03-06,NVDA,put,OTM1,market,70.0,10:00,16:00,forced,-0.67593
2026-03-09,NVDA,put,OTM1,market,70.0,10:00,10:05,target,0.7
2026-03-09,NVDA,put,OTM1,market,70.0,11:00,12:10,target,0.7
2026-03-09,NVDA,put,OTM1,market,70.0,13:00,13:15,target,0.7
2026-03-09,NVDA,put,OTM1,market,70.0,14:00,14:10,target,0.7
2026-03-09,NVDA,put,OTM1,market,70.0,15:00,15:05,target,0.7
2026-03-10,NVDA,put,OTM1,market,70.0,10:00,11:00,target,0.7
2026-03-10,NVDA,put,OTM1,market,70.0,11:00,14:20,target,0.7
2026-03-10,NVDA,put,OTM1,market,70.0,14:30,14:45,target,0.7
2026-03-10,NVDA,put,OTM1,market,70.0,15:00,15:15,target,0.7
2026-03-11,NVDA,put,OTM1,market,70.0,10:00,11:35,target,0.7
2026-03-11,NVDA,put,OTM1,market,70.0,13:00,13:30,target,0.7
2026-03-11,NVDA,put,OTM1,market,70.0,14:00,14:05,target,0.7
2026-03-11,NVDA,put,OTM1,market,70.0,14:30,15:05,target,0.7
2026-03-12,NVDA,put,OTM1,market,70.0,10:00,10:35,target,0.7
2026-03-12,NVDA,put,OTM1,market,70.0,14:00,14:20,target,0.7
2026-03-12,NVDA,put,OTM1,market,70.0,14:30,14:50,target,0.7
2026-03-12,NVDA,put,OTM1,market,70.0,15:00,16:00,forced,-0.03922
2026-03-13,NVDA,put,OTM1,market,70.0,10:00,10:15,target,0.7
2026-02-16,NVDA,put,OTM1,market,75.0,10:30,10:40,target,0.75
2026-02-16,NVDA,put,OTM1,market,75.0,14:30,14:40,target,0.75
2026-02-17,NVDA,put,OTM1,market,75.0,10:30,10:45,target,0.75
2026-02-17,NVDA,put,OTM1,market,75.0,11:00,11:05,target,0.75
2026-02-17,NVDA,put,OTM1,market,75.0,14:00,14:15,target,0.75
2026-02-17,NVDA,put,OTM1,market,75.0,14:30,14:50,target,0.75
2026-02-17,NVDA,put,OTM1,market,75.0,15:00,16:00,forced,-0.03922
2026-02-18,NVDA,put,OTM1,market,75.0,10:30,10:40,target,0.75
2026-02-18,NVDA,put,OTM1,market,75.0,11:00,11:05,target,0.75
2026-02-18,NVDA,put,OTM1,market,75.0,14:00,16:00,forced,-0.53817
2026-02-19,NVDA,put,OTM1,market,75.0,10:30,10:40,target,0.75
2026-02-19,NVDA,put,OTM1,market,75.0,11:00,13:40,target,0.75
2026-02-19,NVDA,put,OTM1,market,75.0,14:00,16:00,forced,-0.03922
2026-02-20,NVDA,put,OTM1,market,75.0,10:30,10:45,target,0.75
2026-02-20,NVDA,put,OTM1,market,75.0,11:00,16:00,forced,-0.66392
2026-02-23,NVDA,put,OTM1,market,75.0,10:30,10:35,target,0.75
2026-02-23,NVDA,put,OTM1,market,75.0,11:00,11:05,target,0.75
2026-02-23,NVDA,put,OTM1,market,75.0,14:00,14:40,target,0.75
2026-02-23,NVDA,put,OTM1,market,75.0,15:00,16:00,forced,-0.03922
2026-02-24,NVDA,put,OTM1,market,75.0,10:30,16:00,forced,-0.85639
2026-02-25,NVDA,put,OTM1,market,75.0,10:00,10:15,target,0.75
2026-02-25,NVDA,put,OTM1,market,75.0,15:00,15:20,target,0.75
2026-02-25,NVDA,put,OTM1,market,75.0,15:30,16:00,forced,-0.03922
2026-02-26,NVDA,put,OTM1,market,75.0,10:30,12:40,target,0.75
2026-02-26,NVDA,put,OTM1,market,75.0,14:00,16:00,forced,-0.51866
2026-02-27,NVDA,put,OTM1,market,75.0,10:30,12:15,target,0.75
2026-02-27,NVDA,put,OTM1,market,75.0,14:00,14:10,target,0.75
2026-02-27,NVDA,put,OTM1,market,75.0,14:30,14:40,target,0.75
2026-03-02,NVDA,put,OTM1,market,75.0,10:00,10:15,target,0.75
2026-03-02,NVDA,put,OTM1,market,75.0,11:00,13:20,target,0.75
2026-03-03,NVDA,put,OTM1,market,75.0,10:00,10:25,target,0.75
2026-03-03,NVDA,put,OTM1,market,75.0,11:00,12:15,target,0.75
2026-03-03,NVDA,put,OTM1,market,75.0,13:00,13:10,target,0.75
2026-03-03,NVDA,put,OTM1,market,75.0,14:00,14:05,target,0.75
2026-03-03,NVDA,put,OTM1,market,75.0,14:30,15:00,target,0.75
2026-03-03,NVDA,put,OTM1,market,75.0,15:30,16:00,forced,-0.03922
2026-03-04,NVDA,put,OTM1,market,75.0,10:00,16:00,forced,-0.72503
2026-03-05,NVDA,put,OTM1,market,75.0,10:00,10:05,target,0.75
2026-03-05,NVDA,put,OTM1,market,75.0,13:00,13:10,target,0.75
2026-03-05,NVDA,put,OTM1,market,75.0,13:30,13:50,target,0.75
2026-03-06,NVDA,put,OTM1,market,75.0,10:00,16:00,forced,-0.67593
2026-03-09,NVDA,put,OTM1,market,75.0,10:00,10:05,target,0.75
2026-03-09,NVDA,put,OTM1,market,75.0,11:00,12:10,target,0.75
2026-03-09,NVDA,put,OTM1,market,75.0,13:00,13:15,target,0.75
2026-03-09,NVDA,put,OTM1,market,75.0,14:00,14:10,target,0.75
2026-03-09,NVDA,put,OTM1,market,75.0,15:00,15:05,target,0.75
2026-03-10,NVDA,put,OTM1,market,75.0,10:00,11:00,target,0.75
2026-03-10,NVDA,put,OTM1,market,75.0,11:00,14:20,target,0.75
2026-03-10,NVDA,put,OTM1,market,75.0,14:30,14:45,target,0.75
2026-03-10,NVDA,put,OTM1,market,75.0,15:00,15:15,target,0.75
2026-03-11,NVDA,put,OTM1,market,75.0,10:00,11:40,target,0.75
2026-03-11,NVDA,put,OTM1,market,75.0,13:00,13:30,target,0.75
2026-03-11,NVDA,put,OTM1,market,75.0,14:00,14:05,target,0.75
2026-03-11,NVDA,put,OTM1,market,75.0,14:30,15:05,target,0.75
2026-03-12,NVDA,put,OTM1,market,75.0,10:00,10:35,target,0.75
2026-03-12,NVDA,put,OTM1,market,75.0,14:00,14:20,target,0.75
2026-03-12,NVDA,put,OTM1,market,75.0,14:30,14:50,target,0.75
2026-03-12,NVDA,put,OTM1,market,75.0,15:00,16:00,forced,-0.03922
2026-03-13,NVDA,put,OTM1,market,75.0,10:00,10:15,target,0.75
2026-02-16,NVDA,put,OTM1,market,80.0,10:30,10:40,target,0.8
2026-02-16,NVDA,put,OTM1,market,80.0,14:30,14:40,target,0.8
2026-02-17,NVDA,put,OTM1,market,80.0,10:30,10:45,target,0.8
2026-02-17,NVDA,put,OTM1,market,80.0,11:00,11:05,target,0.8
2026-02-17,NVDA,put,OTM1,market,80.0,14:00,14:15,target,0.8
2026-02-17,NVDA,put,OTM1,market,80.0,14:30,14:50,target,0.8
2026-02-17,NVDA,put,OTM1,market,80.0,15:00,16:00,forced,-0.03922
2026-02-18,NVDA,put,OTM1,market,80.0,10:30,10:40,target,0.8
2026-02-18,NVDA,put,OTM1,market,80.0,11:00,11:05,target,0.8
2026-02-18,NVDA,put,OTM1,market,80.0,14:00,16:00,forced,-0.53817
2026-02-19,NVDA,put,OTM1,market,80.0,10:30,10:40,target,0.8
2026-02-19,NVDA,put,OTM1,market,80.0,11:00,13:40,target,0.8
2026-02-19,NVDA,put,OTM1,market,80.0,14:00,16:00,forced,-0.03922
2026-02-20,NVDA,put,OTM1,market,80.0,10:30,10:45,target,0.8
2026-02-20,NVDA,put,OTM1,market,80.0,11:00,16:00,forced,-0.66392
2026-02-23,NVDA,put,OTM1,market,80.0,10:30,10:35,target,0.8
2026-02-23,NVDA,put,OTM1,market,80.0,11:00,11:05,target,0.8
2026-02-23,NVDA,put,OTM1,market,80.0,14:00,14:40,target,0.8
2026-02-23,NVDA,put,OTM1,market,80.0,15:00,16:00,forced,-0.03922
2026-02-24,NVDA,put,OTM1,market,80.0,10:30,16:00,forced,-0.85639
2026-02-25,NVDA,put,OTM1,market,80.0,10:00,10:15,target,0.8
2026-02-25,NVDA,put,OTM1,market,80.0,15:00,15:20,target,0.8
2026-02-25,NVDA,put,OTM1,market,80.0,15:30,16:00,forced,-0.03922
2026-02-26,NVDA,put,OTM1,market,80.0,10:30,12:40,target,0.8
2026-02-26,NVDA,put,OTM1,market,80.0,14:00,16:00,forced,-0.51866
2026-02-27,NVDA,put,OTM1,market,80.0,10:30,12:15,target,0.8
2026-02-27,NVDA,put,OTM1,market,80.0,14:00,14:10,target,0.8
2026-02-27,NVDA,put,OTM1,market,80.0,14:30,14:40,target,0.8
2026-03-02,NVDA,put,OTM1,market,80.0,10:00,10:15,target,0.8
2026-03-02,NVDA,put,OTM1,market,80.0,11:00,13:20,target,0.8
2026-03-03,NVDA,put,OTM1,market,80.0,10:00,10:25,target,0.8
2026-03-03,NVDA,put,OTM1,market,80.0,11:00,12:15,target,0.8
2026-03-03,NVDA,put,OTM1,market,80.0,13:00,13:10,target,0.8
2026-03-03,NVDA,put,OTM1,market,80.0,14:00,14:05,target,0.8
2026-03-03,NVDA,put,OTM1,market,80.0,14:30,15:00,target,0.8
2026-03-03,NVDA,put,OTM1,market,80.0,15:30,16:00,forced,-0.03922
2026-03-04,NVDA,put,OTM1,market,80.0,10:00,16:00,forced,-0.72503
2026-03-05,NVDA,put,OTM1,market,80.0,10:00,10:05,target,0.8
2026-03-05,NVDA,put,OTM1,market,80.0,13:00,13:10,target,0.8
2026-03-05,NVDA,put,OTM1,market,80.0,13:30,13:50,target,0.8
2026-03-06,NVDA,put,OTM1,market,80.0,10:00,16:00,forced,-0.67593
2026-03-09,NVDA,put,OTM1,market,80.0,10:00,10:05,target,0.8
2026-03-09,NVDA,put,OTM1,market,80.0,11:00,12:10,target,0.8
2026-03-09,NVDA,put,OTM1,market,80.0,13:00,13:15,target,0.8
2026-03-09,NVDA,put,OTM1,market,80.0,14:00,14:10,target,0.8
2026-03-09,NVDA,put,OTM1,market,80.0,15:00,15:05,target,0.8
2026-03-10,NVDA,put,OTM1,market,80.0,10:00,11:00,target,0.8
2026-03-10,NVDA,put,OTM1,market,80.0,11:00,14:20,target,0.8
2026-03-10,NVDA,put,OTM1,market,80.0,14:30,14:45,target,0.8
2026-03-10,NVDA,put,OTM1,market,80.0,15:00,15:15,target,0.8
2026-03-11,NVDA,put,OTM1,market,80.0,10:00,11:40,target,0.8
2026-03-11,NVDA,put,OTM1,market,80.0,13:00,13:30,target,0.8
2026-03-11,NVDA,put,OTM1,market,80.0,14:00,14:05,target,0.8
2026-03-11,NVDA,put,OTM1,market,80.0,14:30,15:05,target,0.8
2026-03-12,NVDA,put,OTM1,market,80.0,10:00,10:35,target,0.8
2026-03-12,NVDA,put,OTM1,market,80.0,14:00,14:20,target,0.8
2026-03-12,NVDA,put,OTM1,market,80.0,14:30,14:50,target,0.8
2026-03-12,NVDA,put,OTM1,market,80.0,15:00,16:00,forced,-0.03922
2026-03-13,NVDA,put,OTM1,market,80.0,10:00,10:15,target,0.8
2026-02-16,NVDA,put,OTM1,market,90.0,10:30,10:40,target,0.9
2026-02-16,NVDA,put,OTM1,market,90.0,14:30,15:30,target,0.9
2026-02-17,NVDA,put,OTM1,market,90.0,10:30,10:45,target,0.9
2026-02-17,NVDA,put,OTM1,market,90.0,11:00,11:05,target,0.9
2026-02-17,NVDA,put,OTM1,market,90.0,14:00,14:15,target,0.9
2026-02-17,NVDA,put,OTM1,market,90.0,14:30,14:50,target,0.9
2026-02-17,NVDA,put,OTM1,market,90.0,15:00,16:00,forced,-0.03922
2026-02-18,NVDA,put,OTM1,market,90.0,10:30,10:45,target,0.9
2026-02-18,NVDA,put,OTM1,market,90.0,11:00,11:10,target,0.9
2026-02-18,NVDA,put,OTM1,market,90.0,14:00,16:00,forced,-0.53817
2026-02-19,NVDA,put,OTM1,market,90.0,10:30,10:40,target,0.9
2026-02-19,NVDA,put,OTM1,market,90.0,11:00,16:00,forced,-0.69163
2026-02-20,NVDA,put,OTM1,market,90.0,10:30,10:45,target,0.9
2026-02-20,NVDA,put,OTM1,market,90.0,11:00,16:00,forced,-0.66392
2026-02-23,NVDA,put,OTM1,market,90.0,10:30,10:40,target,0.9
2026-02-23,NVDA,put,OTM1,market,90.0,11:00,11:05,target,0.9
2026-02-23,NVDA,put,OTM1,market,90.0,14:00,14:40,target,0.9
2026-02-23,NVDA,put,OTM1,market,90.0,15:00,16:00,forced,-0.03922
2026-02-24,NVDA,put,OTM1,market,90.0,10:30,16:00,forced,-0.85639
2026-02-25,NVDA,put,OTM1,market,90.0,10:00,10:15,target,0.9
2026-02-25,NVDA,put,OTM1,market,90.0,15:00,15:20,target,0.9
2026-02-25,NVDA,put,OTM1,market,90.0,15:30,16:00,forced,-0.03922
2026-02-26,NVDA,put,OTM1,market,90.0,10:30,12:40,target,0.9
2026-02-26,NVDA,put,OTM1,market,90.0,14:00,16:00,forced,-0.51866
2026-02-27,NVDA,put,OTM1,market,90.0,10:30,12:15,target,0.9
2026-02-27,NVDA,put,OTM1,market,90.0,14:00,14:10,target,0.9
2026-02-27,NVDA,put,OTM1,market,90.0,14:30,14:40,target,0.9
2026-03-02,NVDA,put,OTM1,market,90.0,10:00,10:15,target,0.9
2026-03-02,NVDA,put,OTM1,market,90.0,11:00,13:20,target,0.9
2026-03-03,NVDA,put,OTM1,market,90.0,10:00,10:25,target,0.9
2026-03-03,NVDA,put,OTM1,market,90.0,11:00,12:15,target,0.9
2026-03-03,NVDA,put,OTM1,market,90.0,13:00,13:10,target,0.9
2026-03-03,NVDA,put,OTM1,market,90.0,14:00,14:05,target,0.9
2026-03-03,NVDA,put,OTM1,market,90.0,14:30,15:00,target,0.9
2026-03-03,NVDA,put,OTM1,market,90.0,15:30,16:00,forced,-0.03922
2026-03-04,NVDA,put,OTM1,market,90.0,10:00,16:00,forced,-0.72503
2026-03-05,NVDA,put,OTM1,market,90.0,10:00,10:05,target,0.9
2026-03-05,NVDA,put,OTM1,market,90.0,13:00,13:10,target,0.9
2026-03-05,NVDA,put,OTM1,market,90.0,13:30,13:50,target,0.9
2026-03-06,NVDA,put,OTM1,market,90.0,10:00,16:00,forced,-0.67593
2026-03-09,NVDA,put,OTM1,market,90.0,10:00,10:05,target,0.9
2026-03-09,NVDA,put,OTM1,market,90.0,11:00,12:10,target,0.9
2026-03-09,NVDA,put,OTM1,market,90.0,13:00,13:15,target,0.9
2026-03-09,NVDA,put,OTM1,market,90.0,14:00,14:10,target,0.9
2026-03-09,NVDA,put,OTM1,market,90.0,15:00,15:05,target,0.9
2026-03-10,NVDA,put,OTM1,market,90.0,10:00,11:00,target,0.9
2026-03-10,NVDA,put,OTM1,market,90.0,11:00,14:20,target,0.9
2026-03-10,NVDA,put,OTM1,market,90.0,14:30,14:45,target,0.9
2026-03-10,NVDA,put,OTM1,market,90.0,15:00,15:15,target,0.9
2026-03-11,NVDA,put,OTM1,market,90.0,10:00,11:40,target,0.9
2026-03-11,NVDA,put,OTM1,market,90.0,13:00,13:30,target,0.9
2026-03-11,NVDA,put,OTM1,market,90.0,14:00,14:05,target,0.9
2026-03-11,NVDA,put,OTM1,market,90.0,14:30,15:05,target,0.9
2026-03-12,NVDA,put,OTM1,market,90.0,10:00,10:40,target,0.9
2026-03-12,NVDA,put,OTM1,market,90.0,14:00,14:20,target,0.9
2026-03-12,NVDA,put,OTM1,market,90.0,14:30,14:50,target,0.9
2026-03-12,NVDA,put,OTM1,market,90.0,15:00,16:00,forced,-0.03922
2026-03-13,NVDA,put,OTM1,market,90.0,10:00,10:15,target,0.9
2026-02-16,NVDA,put,OTM1,market,100.0,10:30,10:40,target,1.0
2026-02-16,NVDA,put,OTM1,market,100.0,14:30,15:30,target,1.0
2026-02-17,NVDA,put,OTM1,market,100.0,10:30,10:50,target,1.0
2026-02-17,NVDA,put,OTM1,market,100.0,11:00,11:05,target,1.0
2026-02-17,NVDA,put,OTM1,market,100.0,14:00,14:15,target,1.0
2026-02-17,NVDA,put,OTM1,market,100.0,14:30,14:50,target,1.0
2026-02-17,NVDA,put,OTM1,market,100.0,15:00,16:00,forced,-0.03922
2026-02-18,NVDA,put,OTM1,market,100.0,10:30,10:45,target,1.0
2026-02-18,NVDA,put,OTM1,market,100.0,11:00,11:15,target,1.0
2026-02-18,NVDA,put,OTM1,market,100.0,14:00,16:00,forced,-0.53817
2026-02-19,NVDA,put,OTM1,market,100.0,10:30,10:40,target,1.0
2026-02-19,NVDA,put,OTM1,market,100.0,11:00,16:00,forced,-0.69163
2026-02-20,NVDA,put,OTM1,market,100.0,10:30,16:00,forced,-0.68987
2026-02-23,NVDA,put,OTM1,market,100.0,10:30,10:40,target,1.0
2026-02-23,NVDA,put,OTM1,market,100.0,11:00,11:15,target,1.0
2026-02-23,NVDA,put,OTM1,market,100.0,14:00,14:40,target,1.0
2026-02-23,NVDA,put,OTM1,market,100.0,15:00,16:00,forced,-0.03922
2026-02-24,NVDA,put,OTM1,market,100.0,10:30,16:00,forced,-0.85639
2026-02-25,NVDA,put,OTM1,market,100.0,10:00,10:15,target,1.0
2026-02-25,NVDA,put,OTM1,market,100.0,15:00,15:20,target,1.0
2026-02-25,NVDA,put,OTM1,market,100.0,15:30,16:00,forced,-0.03922
2026-02-26,NVDA,put,OTM1,market,100.0,10:30,12:40,target,1.0
2026-02-26,NVDA,put,OTM1,market,100.0,14:00,16:00,forced,-0.51866
2026-02-27,NVDA,put,OTM1,market,100.0,10:30,12:15,target,1.0
2026-02-27,NVDA,put,OTM1,market,100.0,14:00,14:10,target,1.0
2026-02-27,NVDA,put,OTM1,market,100.0,14:30,14:40,target,1.0
2026-03-02,NVDA,put,OTM1,market,100.0,10:00,10:20,target,1.0
2026-03-02,NVDA,put,OTM1,market,100.0,11:00,13:20,target,1.0
2026-03-03,NVDA,put,OTM1,market,100.0,10:00,10:25,target,1.0
2026-03-03,NVDA,put,OTM1,market,100.0,11:00,12:15,target,1.0
2026-03-03,NVDA,put,OTM1,market,100.0,13:00,13:10,target,1.0
2026-03-03,NVDA,put,OTM1,market,100.0,14:00,14:05,target,1.0
2026-03-03,NVDA,put,OTM1,market,100.0,14:30,15:00,target,1.0
2026-03-03,NVDA,put,OTM1,market,100.0,15:30,16:00,forced,-0.03922
2026-03-04,NVDA,put,OTM1,market,100.0,10:00,16:00,forced,-0.72503
2026-03-05,NVDA,put,OTM1,market,100.0,10:00,10:05,target,1.0
2026-03-05,NVDA,put,OTM1,market,100.0,13:00,13:10,target,1.0
2026-03-05,NVDA,put,OTM1,market,100.0,13:30,13:50,target,1.0
2026-03-06,NVDA,put,OTM1,market,100.0,10:00,16:00,forced,-0.67593
2026-03-09,NVDA,put,OTM1,market,100.0,10:00,12:15,target,1.0
2026-03-09,NVDA,put,OTM1,market,100.0,13:00,13:15,target,1.0
2026-03-09,NVDA,put,OTM1,market,100.0,14:00,14:10,target,1.0
2026-03-09,NVDA,put,OTM1,market,100.0,15:00,15:05,target,1.0
2026-03-10,NVDA,put,OTM1,market,100.0,10:00,11:00,target,1.0
2026-03-10,NVDA,put,OTM1,market,100.0,11:00,15:05,target,1.0
2026-03-11,NVDA,put,OTM1,market,100.0,10:00,11:40,target,1.0
2026-03-11,NVDA,put,OTM1,market,100.0,13:00,13:30,target,1.0
2026-03-11,NVDA,put,OTM1,market,100.0,14:00,14:05,target,1.0
2026-03-11,NVDA,put,OTM1,market,100.0,14:30,15:05,target,1.0
2026-03-12,NVDA,put,OTM1,market,100.0,10:00,10:40,target,1.0
2026-03-12,NVDA,put,OTM1,market,100.0,14:00,14:20,target,1.0
2026-03-12,NVDA,put,OTM1,market,100.0,14:30,16:00,forced,-0.03922
2026-03-13,NVDA,put,OTM1,market,100.0,10:00,10:20,target,1.0
2026-02-17,NVDA,put,OTM2+,mid,20.0,09:35,09:45,target,0.2
2026-02-17,NVDA,put,OTM2+,mid,20.0,10:00,11:15,target,0.2
2026-02-17,NVDA,put,OTM2+,mid,20.0,11:30,16:00,forced,0.0
2026-02-18,NVDA,put,OTM2+,mid,20.0,09:35,11:50,target,0.2
2026-02-18,NVDA,put,OTM2+,mid,20.0,12:00,12:20,target,0.2
2026-02-18,NVDA,put,OTM2+,mid,20.0,14:00,16:00,forced,0.0
2026-02-19,NVDA,put,OTM2+,mid,20.0,09:35,10:05,target,0.2
2026-02-19,NVDA,put,OTM2+,mid,20.0,11:30,13:35,target,0.2
2026-02-19,NVDA,put,OTM2+,mid,20.0,15:00,16:00,forced,0.0
2026-02-20,NVDA,put,OTM2+,mid,20.0,09:35,16:00,forced,0.0
2026-02-23,NVDA,put,OTM2+,mid,20.0,09:35,09:40,target,0.2
2026-02-23,NVDA,put,OTM2+,mid,20.0,10:00,10:05,target,0.2
2026-02-23,NVDA,put,OTM2+,mid,20.0,10:30,10:35,target,0.2
2026-02-23,NVDA,put,OTM2+,mid,20.0,11:30,16:00,forced,0.0
2026-02-24,NVDA,put,OTM2+,mid,20.0,09:35,16:00,forced,0.0
2026-02-25,NVDA,put,OTM2+,mid,20.0,09:35,09:40,target,0.2
2026-02-26,NVDA,put,OTM2+,mid,20.0,09:35,09:50,target,0.2
2026-02-26,NVDA,put,OTM2+,mid,20.0,10:00,10:10,target,0.2
2026-02-26,NVDA,put,OTM2+,mid,20.0,10:30,12:40,target,0.2
2026-02-26,NVDA,put,OTM2+,mid,20.0,13:30,14:00,target,0.2
2026-02-26,NVDA,put,OTM2+,mid,20.0,14:30,16:00,forced,0.0
2026-02-27,NVDA,put,OTM2+,mid,20.0,09:35,12:30,target,0.2
2026-02-27,NVDA,put,OTM2+,mid,20.0,12:30,12:50,target,0.2
2026-02-27,NVDA,put,OTM2+,mid,20.0,13:30,14:05,target,0.2
2026-03-02,NVDA,put,OTM2+,mid,20.0,10:00,10:05,target,0.2
2026-03-02,NVDA,put,OTM2+,mid,20.0,12:00,12:50,target,0.2
2026-03-03,NVDA,put,OTM2+,mid,20.0,09:35,10:45,target,0.2
2026-03-03,NVDA,put,OTM2+,mid,20.0,13:00,13:15,target,0.2
2026-03-03,NVDA,put,OTM2+,mid,20.0,13:30,14:25,target,0.2
2026-03-04,NVDA,put,OTM2+,mid,20.0,09:35,16:00,forced,0.0
2026-03-05,NVDA,put,OTM2+,mid,20.0,09:35,09:45,target,0.2
2026-03-06,NVDA,put,OTM2+,mid,20.0,09:35,10:00,target,0.2
2026-03-06,NVDA,put,OTM2+,mid,20.0,10:30,16:00,forced,-0.1357
2026-03-09,NVDA,put,OTM2+,mid,20.0,09:35,09:40,target,0.2
2026-03-09,NVDA,put,OTM2+,mid,20.0,10:00,10:05,target,0.2
2026-03-09,NVDA,put,OTM2+,mid,20.0,10:30,11:00,target,0.2
2026-03-09,NVDA,put,OTM2+,mid,20.0,11:00,11:05,target,0.2
2026-03-09,NVDA,put,OTM2+,mid,20.0,11:30,14:10,target,0.2
2026-03-10,NVDA,put,OTM2+,mid,20.0,09:35,11:00,target,0.2
2026-03-10,NVDA,put,OTM2+,mid,20.0,11:00,15:10,target,0.2
2026-03-11,NVDA,put,OTM2+,mid,20.0,10:00,10:30,target,0.2
2026-03-11,NVDA,put,OTM2+,mid,20.0,14:00,14:15,target,0.2
2026-03-12,NVDA,put,OTM2+,mid,20.0,09:35,09:40,target,0.2
2026-03-12,NVDA,put,OTM2+,mid,20.0,14:00,16:00,forced,0.0
2026-03-13,NVDA,put,OTM2+,mid,20.0,09:35,09:55,target,0.2
2026-02-17,NVDA,put,OTM2+,mid,25.0,09:35,09:45,target,0.25
2026-02-17,NVDA,put,OTM2+,mid,25.0,10:00,11:15,target,0.25
2026-02-17,NVDA,put,OTM2+,mid,25.0,11:30,16:00,forced,0.0
2026-02-18,NVDA,put,OTM2+,mid,25.0,09:35,11:50,target,0.25
2026-02-18,NVDA,put,OTM2+,mid,25.0,12:00,12:20,target,0.25
2026-02-18,NVDA,put,OTM2+,mid,25.0,14:00,16:00,forced,0.0
2026-02-19,NVDA,put,OTM2+,mid,25.0,09:35,10:05,target,0.25
2026-02-19,NVDA,put,OTM2+,mid,25.0,11:30,13:35,target,0.25
2026-02-19,NVDA,put,OTM2+,mid,25.0,15:00,16:00,forced,0.0
2026-02-20,NVDA,put,OTM2+,mid,25.0,09:35,16:00,forced,0.0
2026-02-23,NVDA,put,OTM2+,mid,25.0,09:35,09:40,target,0.25
2026-02-23,NVDA,put,OTM2+,mid,25.0,10:00,10:05,target,0.25
2026-02-23,NVDA,put,OTM2+,mid,25.0,10:30,10:35,target,0.25
2026-02-23,NVDA,put,OTM2+,mid,25.0,11:30,16:00,forced,0.0
2026-02-24,NVDA,put,OTM2+,mid,25.0,09:35,16:00,forced,0.0
2026-02-25,NVDA,put,OTM2+,mid,25.0,09:35,09:40,target,0.25
2026-02-26,NVDA,put,OTM2+,mid,25.0,09:35,09:50,target,0.25
2026-02-26,NVDA,put,OTM2+,mid,25.0,10:00,10:10,target,0.25
2026-02-26,NVDA,put,OTM2+,mid,25.0,10:30,12:40,target,0.25
2026-02-26,NVDA,put,OTM2+,mid,25.0,13:30,14:00,target,0.25
2026-02-26,NVDA,put,OTM2+,mid,25.0,14:30,16:00,forced,0.0
2026-02-27,NVDA,put,OTM2+,mid,25.0,09:35,12:30,target,0.25
2026-02-27,NVDA,put,OTM2+,mid,25.0,12:30,12:50,target,0.25
2026-02-27,NVDA,put,OTM2+,mid,25.0,13:30,14:05,target,0.25
2026-03-02,NVDA,put,OTM2+,mid,25.0,10:00,10:10,target,0.25
2026-03-02,NVDA,put,OTM2+,mid,25.0,12:00,12:50,target,0.25
2026-03-03,NVDA,put,OTM2+,mid,25.0,09:35,10:45,target,0.25
2026-03-03,NVDA,put,OTM2+,mid,25.0,13:00,13:15,target,0.25
2026-03-03,NVDA,put,OTM2+,mid,25.0,13:30,14:25,target,0.25
2026-03-04,NVDA,put,OTM2+,mid,25.0,09:35,16:00,forced,0.0
2026-03-05,NVDA,put,OTM2+,mid,25.0,09:35,09:45,target,0.25
2026-03-06,NVDA,put,OTM2+,mid,25.0,09:35,10:00,target,0.25
2026-03-06,NVDA,put,OTM2+,mid,25.0,10:30,16:00,forced,-0.1357
2026-03-09,NVDA,put,OTM2+,mid,25.0,09:35,09:40,target,0.25
2026-03-09,NVDA,put,OTM2+,mid,25.0,10:00,10:05,target,0.25
2026-03-09,NVDA,put,OTM2+,mid,25.0,10:30,11:05,target,0.25
2026-03-09,NVDA,put,OTM2+,mid,25.0,11:30,14:10,target,0.25
2026-03-10,NVDA,put,OTM2+,mid,25.0,09:35,11:00,target,0.25
2026-03-10,NVDA,put,OTM2+,mid,25.0,11:00,15:10,target,0.25
2026-03-11,NVDA,put,OTM2+,mid,25.0,10:00,10:30,target,0.25
2026-03-11,NVDA,put,OTM2+,mid,25.0,14:00,14:15,target,0.25
2026-03-12,NVDA,put,OTM2+,mid,25.0,09:35,09:40,target,0.25
2026-03-12,NVDA,put,OTM2+,mid,25.0,14:00,16:00,forced,0.0
2026-03-13,NVDA,put,OTM2+,mid,25.0,09:35,09:55,target,0.25
2026-02-17,NVDA,put,OTM2+,mid,30.0,09:35,09:45,target,0.3
2026-02-17,NVDA,put,OTM2+,mid,30.0,10:00,11:15,target,0.3
2026-02-17,NVDA,put,OTM2+,mid,30.0,11:30,16:00,forced,0.0
2026-02-18,NVDA,put,OTM2+,mid,30.0,09:35,11:50,target,0.3
2026-02-18,NVDA,put,OTM2+,mid,30.0,12:00,12:20,target,0.3
2026-02-18,NVDA,put,OTM2+,mid,30.0,14:00,16:00,forced,0.0
2026-02-19,NVDA,put,OTM2+,mid,30.0,09:35,10:05,target,0.3
2026-02-19,NVDA,put,OTM2+,mid,30.0,11:30,13:35,target,0.3
2026-02-19,NVDA,put,OTM2+,mid,30.0,15:00,16:00,forced,0.0
2026-02-20,NVDA,put,OTM2+,mid,30.0,09:35,16:00,forced,0.0
2026-02-23,NVDA,put,OTM2+,mid,30.0,09:35,09:40,target,0.3
2026-02-23,NVDA,put,OTM2+,mid,30.0,10:00,10:10,target,0.3
2026-02-23,NVDA,put,OTM2+,mid,30.0,10:30,10:35,target,0.3
2026-02-23,NVDA,put,OTM2+,mid,30.0,11:30,16:00,forced,0.0
2026-02-24,NVDA,put,OTM2+,mid,30.0,09:35,16:00,forced,0.0
2026-02-25,NVDA,put,OTM2+,mid,30.0,09:35,09:40,target,0.3
2026-02-26,NVDA,put,OTM2+,mid,30.0,09:35,09:50,target,0.3
2026-02-26,NVDA,put,OTM2+,mid,30.0,10:00,10:10,target,0.3
2026-02-26,NVDA,put,OTM2+,mid,30.0,10:30,12:40,target,0.3
2026-02-26,NVDA,put,OTM2+,mid,30.0,13:30,14:00,target,0.3
2026-02-26,NVDA,put,OTM2+,mid,30.0,14:30,16:00,forced,0.0
2026-02-27,NVDA,put,OTM2+,mid,30.0,09:35,12:50,target,0.3
2026-02-27,NVDA,put,OTM2+,mid,30.0,13:30,14:05,target,0.3
2026-03-02,NVDA,put,OTM2+,mid,30.0,10:00,10:10,target,0.3
2026-03-02,NVDA,put,OTM2+,mid,30.0,12:00,12:50,target,0.3
2026-03-03,NVDA,put,OTM2+,mid,30.0,09:35,10:45,target,0.3
2026-03-03,NVDA,put,OTM2+,mid,30.0,13:00,13:15,target,0.3
2026-03-03,NVDA,put,OTM2+,mid,30.0,13:30,14:35,target,0.3
2026-03-04,NVDA,put,OTM2+,mid,30.0,09:35,16:00,forced,0.0
2026-03-05,NVDA,put,OTM2+,mid,30.0,09:35,09:45,target,0.3
2026-03-06,NVDA,put,OTM2+,mid,30.0,09:35,10:00,target,0.3
2026-03-06,NVDA,put,OTM2+,mid,30.0,10:30,16:00,forced,-0.1357
2026-03-09,NVDA,put,OTM2+,mid,30.0,09:35,09:40,target,0.3
2026-03-09,NVDA,put,OTM2+,mid,30.0,10:00,10:05,target,0.3
2026-03-09,NVDA,put,OTM2+,mid,30.0,10:30,11:05,target,0.3
2026-03-09,NVDA,put,OTM2+,mid,30.0,11:30,14:10,target,0.3
2026-03-10,NVDA,put,OTM2+,mid,30.0,09:35,11:00,target,0.3
2026-03-10,NVDA,put,OTM2+,mid,30.0,11:00,15:15,target,0.3
2026-03-11,NVDA,put,OTM2+,mid,30.0,10:00,10:30,target,0.3
2026-03-11,NVDA,put,OTM2+,mid,30.0,14:00,14:15,target,0.3
2026-03-12,NVDA,put,OTM2+,mid,30.0,09:35,09:40,target,0.3
2026-03-12,NVDA,put,OTM2+,mid,30.0,14:00,16:00,forced,0.0
2026-03-13,NVDA,put,OTM2+,mid,30.0,09:35,09:55,target,0.3
2026-02-17,NVDA,put,OTM2+,mid,40.0,09:35,09:45,target,0.4
2026-02-17,NVDA,put,OTM2+,mid,40.0,10:00,11:15,target,0.4
2026-02-17,NVDA,put,OTM2+,mid,40.0,11:30,16:00,forced,0.0
2026-02-18,NVDA,put,OTM2+,mid,40.0,09:35,11:50,target,0.4
2026-02-18,NVDA,put,OTM2+,mid,40.0,12:00,12:20,target,0.4
2026-02-18,NVDA,put,OTM2+,mid,40.0,14:00,16:00,forced,0.0
2026-02-19,NVDA,put,OTM2+,mid,40.0,09:35,10:05,target,0.4
2026-02-19,NVDA,put,OTM2+,mid,40.0,11:30,13:35,target,0.4
2026-02-19,NVDA,put,OTM2+,mid,40.0,15:00,16:00,forced,0.0
2026-02-20,NVDA,put,OTM2+,mid,40.0,09:35,16:00,forced,0.0
2026-02-23,NVDA,put,OTM2+,mid,40.0,09:35,09:40,target,0.4
2026-02-23,NVDA,put,OTM2+,mid,40.0,10:00,10:10,target,0.4
2026-02-23,NVDA,put,OTM2+,mid,40.0,10:30,10:35,target,0.4
2026-02-23,NVDA,put,OTM2+,mid,40.0,11:30,16:00,forced,0.0
2026-02-24,NVDA,put,OTM2+,mid,40.0,09:35,16:00,forced,0.0
2026-02-25,NVDA,put,OTM2+,mid,40.0,09:35,09:40,target,0.4
2026-02-26,NVDA,put,OTM2+,mid,40.0,09:35,09:55,target,0.4
2026-02-26,NVDA,put,OTM2+,mid,40.0,10:00,10:10,target,0.4
2026-02-26,NVDA,put,OTM2+,mid,40.0,10:30,12:40,target,0.4
2026-02-26,NVDA,put,OTM2+,mid,40.0,13:30,14:00,target,0.4
2026-02-26,NVDA,put,OTM2+,mid,40.0,14:30,16:00,forced,0.0
2026-02-27,NVDA,put,OTM2+,mid,40.0,09:35,12:50,target,0.4
2026-02-27,NVDA,put,OTM2+,mid,40.0,13:30,14:05,target,0.4
2026-03-02,NVDA,put,OTM2+,mid,40.0,10:00,10:10,target,0.4
2026-03-02,NVDA,put,OTM2+,mid,40.0,12:00,12:50,target,0.4
2026-03-03,NVDA,put,OTM2+,mid,40.0,09:35,10:45,target,0.4
2026-03-03,NVDA,put,OTM2+,mid,40.0,13:00,13:15,target,0.4
2026-03-03,NVDA,put,OTM2+,mid,40.0,13:30,14:35,target,0.4
2026-03-04,NVDA,put,OTM2+,mid,40.0,09:35,16:00,forced,0.0
2026-03-05,NVDA,put,OTM2+,mid,40.0,09:35,09:45,target,0.4
2026-03-06,NVDA,put,OTM2+,mid,40.0,09:35,10:00,target,0.4
2026-03-06,NVDA,put,OTM2+,mid,40.0,10:30,16:00,forced,-0.1357
2026-03-09,NVDA,put,OTM2+,mid,40.0,09:35,10:05,target,0.4
2026-03-09,NVDA,put,OTM2+,mid,40.0,10:30,11:05,target,0.4
2026-03-09,NVDA,put,OTM2+,mid,40.0,11:30,14:10,target,0.4
2026-03-10,NVDA,put,OTM2+,mid,40.0,09:35,11:00,target,0.4
2026-03-10,NVDA,put,OTM2+,mid,40.0,11:00,15:15,target,0.4
2026-03-11,NVDA,put,OTM2+,mid,40.0,10:00,10:30,target,0.4
2026-03-11,NVDA,put,OTM2+,mid,40.0,14:00,14:15,target,0.4
2026-03-12,NVDA,put,OTM2+,mid,40.0,09:35,10:00,target,0.4
2026-03-12,NVDA,put,OTM2+,mid,40.0,14:00,16:00,forced,0.0
2026-03-13,NVDA,put,OTM2+,mid,40.0,09:35,09:55,target,0.4
2026-02-17,NVDA,put,OTM2+,mid,50.0,09:35,09:45,target,0.5
2026-02-17,NVDA,put,OTM2+,mid,50.0,10:00,16:00,forced,-0.17219
2026-02-18,NVDA,put,OTM2+,mid,50.0,09:35,11:50,target,0.5
2026-02-18,NVDA,put,OTM2+,mid,50.0,12:00,12:20,target,0.5
2026-02-18,NVDA,put,OTM2+,mid,50.0,14:00,16:00,forced,0.0
2026-02-19,NVDA,put,OTM2+,mid,50.0,09:35,10:10,target,0.5
2026-02-19,NVDA,put,OTM2+,mid,50.0,11:30,13:40,target,0.5
2026-02-19,NVDA,put,OTM2+,mid,50.0,15:00,16:00,forced,0.0
2026-02-20,NVDA,put,OTM2+,mid,50.0,09:35,16:00,forced,0.0
2026-02-23,NVDA,put,OTM2+,mid,50.0,09:35,09:40,target,0.5
2026-02-23,NVDA,put,OTM2+,mid,50.0,10:00,10:10,target,0.5
2026-02-23,NVDA,put,OTM2+,mid,50.0,10:30,10:35,target,0.5
2026-02-23,NVDA,put,OTM2+,mid,50.0,11:30,16:00,forced,0.0
2026-02-24,NVDA,put,OTM2+,mid,50.0,09:35,16:00,forced,0.0
2026-02-25,NVDA,put,OTM2+,mid,50.0,09:35,09:45,target,0.5
2026-02-26,NVDA,put,OTM2+,mid,50.0,09:35,09:55,target,0.5
2026-02-26,NVDA,put,OTM2+,mid,50.0,10:00,14:00,target,0.5
2026-02-26,NVDA,put,OTM2+,mid,50.0,14:30,16:00,forced,0.0
2026-02-27,NVDA,put,OTM2+,mid,50.0,09:35,12:50,target,0.5
2026-02-27,NVDA,put,OTM2+,mid,50.0,13:30,14:10,target,0.5
2026-03-02,NVDA,put,OTM2+,mid,50.0,10:00,10:10,target,0.5
2026-03-02,NVDA,put,OTM2+,mid,50.0,12:00,12:50,target,0.5
2026-03-03,NVDA,put,OTM2+,mid,50.0,09:35,10:45,target,0.5
2026-03-03,NVDA,put,OTM2+,mid,50.0,13:00,13:15,target,0.5
2026-03-03,NVDA,put,OTM2+,mid,50.0,13:30,14:35,target,0.5
2026-03-04,NVDA,put,OTM2+,mid,50.0,09:35,16:00,forced,0.0
2026-03-05,NVDA,put,OTM2+,mid,50.0,09:35,09:45,target,0.5
2026-03-06,NVDA,put,OTM2+,mid,50.0,09:35,10:00,target,0.5
2026-03-06,NVDA,put,OTM2+,mid,50.0,10:30,16:00,forced,-0.1357
2026-03-09,NVDA,put,OTM2+,mid,50.0,09:35,10:05,target,0.5
2026-03-09,NVDA,put,OTM2+,mid,50.0,10:30,11:15,target,0.5
2026-03-09,NVDA,put,OTM2+,mid,50.0,11:30,14:10,target,0.5
2026-03-10,NVDA,put,OTM2+,mid,50.0,09:35,11:00,target,0.5
2026-03-10,NVDA,put,OTM2+,mid,50.0,11:00,15:15,target,0.5
2026-03-11,NVDA,put,OTM2+,mid,50.0,10:00,10:45,target,0.5
2026-03-11,NVDA,put,OTM2+,mid,50.0,14:00,14:15,target,0.5
2026-03-12,NVDA,put,OTM2+,mid,50.0,09:35,10:00,target,0.5
2026-03-12,NVDA,put,OTM2+,mid,50.0,14:00,16:00,forced,0.0
2026-03-13,NVDA,put,OTM2+,mid,50.0,09:35,09:55,target,0.5
2026-02-17,NVDA,put,OTM2+,mid,60.0,09:35,09:45,target,0.6
2026-02-17,NVDA,put,OTM2+,mid,60.0,10:00,16:00,forced,-0.17219
2026-02-18,NVDA,put,OTM2+,mid,60.0,09:35,11:50,target,0.6
2026-02-18,NVDA,put,OTM2+,mid,60.0,12:00,12:20,target,0.6
2026-02-18,NVDA,put,OTM2+,mid,60.0,14:00,16:00,forced,0.0
2026-02-19,NVDA,put,OTM2+,mid,60.0,09:35,10:10,target,0.6
2026-02-19,NVDA,put,OTM2+,mid,60.0,11:30,13:40,target,0.6
2026-02-19,NVDA,put,OTM2+,mid,60.0,15:00,16:00,forced,0.0
2026-02-20,NVDA,put,OTM2+,mid,60.0,09:35,16:00,forced,0.0
2026-02-23,NVDA,put,OTM2+,mid,60.0,09:35,09:40,target,0.6
2026-02-23,NVDA,put,OTM2+,mid,60.0,10:00,10:10,target,0.6
2026-02-23,NVDA,put,OTM2+,mid,60.0,10:30,10:35,target,0.6
2026-02-23,NVDA,put,OTM2+,mid,60.0,11:30,16:00,forced,0.0
2026-02-24,NVDA,put,OTM2+,mid,60.0,09:35,16:00,forced,0.0
2026-02-25,NVDA,put,OTM2+,mid,60.0,09:35,09:45,target,0.6
2026-02-26,NVDA,put,OTM2+,mid,60.0,09:35,10:10,target,0.6
2026-02-26,NVDA,put,OTM2+,mid,60.0,10:30,12:40,target,0.6
2026-02-26,NVDA,put,OTM2+,mid,60.0,13:30,14:00,target,0.6
2026-02-26,NVDA,put,OTM2+,mid,60.0,14:30,16:00,forced,0.0
2026-02-27,NVDA,put,OTM2+,mid,60.0,09:35,12:50,target,0.6
2026-02-27,NVDA,put,OTM2+,mid,60.0,13:30,14:10,target,0.6
2026-03-02,NVDA,put,OTM2+,mid,60.0,10:00,10:10,target,0.6
2026-03-02,NVDA,put,OTM2+,mid,60.0,12:00,12:55,target,0.6
2026-03-03,NVDA,put,OTM2+,mid,60.0,09:35,10:45,target,0.6
2026-03-03,NVDA,put,OTM2+,mid,60.0,13:00,13:15,target,0.6
2026-03-03,NVDA,put,OTM2+,mid,60.0,13:30,15:00,target,0.6
2026-03-04,NVDA,put,OTM2+,mid,60.0,09:35,16:00,forced,0.0
2026-03-05,NVDA,put,OTM2+,mid,60.0,09:35,09:50,target,0.6
2026-03-06,NVDA,put,OTM2+,mid,60.0,09:35,10:00,target,0.6
2026-03-06,NVDA,put,OTM2+,mid,60.0,10:30,16:00,forced,-0.1357
2026-03-09,NVDA,put,OTM2+,mid,60.0,09:35,10:05,target,0.6
2026-03-09,NVDA,put,OTM2+,mid,60.0,10:30,11:15,target,0.6
2026-03-09,NVDA,put,OTM2+,mid,60.0,11:30,14:10,target,0.6
2026-03-10,NVDA,put,OTM2+,mid,60.0,09:35,11:00,target,0.6
2026-03-10,NVDA,put,OTM2+,mid,60.0,11:00,15:15,target,0.6
2026-03-11,NVDA,put,OTM2+,mid,60.0,10:00,10:45,target,0.6
2026-03-11,NVDA,put,OTM2+,mid,60.0,14:00,14:20,target,0.6
2026-03-12,NVDA,put,OTM2+,mid,60.0,09:35,10:00,target,0.6
2026-03-12,NVDA,put,OTM2+,mid,60.0,14:00,16:00,forced,0.0
2026-03-13,NVDA,put,OTM2+,mid,60.0,09:35,09:55,target,0.6
2026-02-17,NVDA,put,OTM2+,mid,70.0,09:35,09:45,target,0.7
2026-02-17,NVDA,put,OTM2+,mid,70.0,10:00,16:00,forced,-0.17219
2026-02-18,NVDA,put,OTM2+,mid,70.0,09:35,11:50,target,0.7
2026-02-18,NVDA,put,OTM2+,mid,70.0,12:00,12:20,target,0.7
2026-02-18,NVDA,put,OTM2+,mid,70.0,14:00,16:00,forced,0.0
2026-02-19,NVDA,put,OTM2+,mid,70.0,09:35,10:10,target,0.7
2026-02-19,NVDA,put,OTM2+,mid,70.0,11:30,13:40,target,0.7
2026-02-19,NVDA,put,OTM2+,mid,70.0,15:00,16:00,forced,0.0
2026-02-20,NVDA,put,OTM2+,mid,70.0,09:35,16:00,forced,0.0
2026-02-23,NVDA,put,OTM2+,mid,70.0,09:35,10:10,target,0.7
2026-02-23,NVDA,put,OTM2+,mid,70.0,10:30,10:35,target,0.7
2026-02-23,NVDA,put,OTM2+,mid,70.0,11:30,16:00,forced,0.0
2026-02-24,NVDA,put,OTM2+,mid,70.0,09:35,16:00,forced,0.0
2026-02-25,NVDA,put,OTM2+,mid,70.0,09:35,09:45,target,0.7
2026-02-26,NVDA,put,OTM2+,mid,70.0,09:35,10:10,target,0.7
2026-02-26,NVDA,put,OTM2+,mid,70.0,10:30,12:40,target,0.7
2026-02-26,NVDA,put,OTM2+,mid,70.0,13:30,14:00,target,0.7
2026-02-26,NVDA,put,OTM2+,mid,70.0,14:30,16:00,forced,0.0
2026-02-27,NVDA,put,OTM2+,mid,70.0,09:35,12:50,target,0.7
2026-02-27,NVDA,put,OTM2+,mid,70.0,13:30,14:10,target,0.7
2026-03-02,NVDA,put,OTM2+,mid,70.0,10:00,10:15,target,0.7
2026-03-02,NVDA,put,OTM2+,mid,70.0,12:00,12:55,target,0.7
2026-03-03,NVDA,put,OTM2+,mid,70.0,09:35,10:45,target,0.7
2026-03-03,NVDA,put,OTM2+,mid,70.0,13:00,13:15,target,0.7
2026-03-03,NVDA,put,OTM2+,mid,70.0,13:30,15:00,target,0.7
2026-03-04,NVDA,put,OTM2+,mid,70.0,09:35,16:00,forced,0.0
2026-03-05,NVDA,put,OTM2+,mid,70.0,09:35,09:50,target,0.7
2026-03-06,NVDA,put,OTM2+,mid,70.0,09:35,10:00,target,0.7
2026-03-06,NVDA,put,OTM2+,mid,70.0,10:30,16:00,forced,-0.1357
2026-03-09,NVDA,put,OTM2+,mid,70.0,09:35,10:05,target,0.7
2026-03-09,NVDA,put,OTM2+,mid,70.0,10:30,11:15,target,0.7
2026-03-09,NVDA,put,OTM2+,mid,70.0,11:30,14:10,target,0.7
2026-03-10,NVDA,put,OTM2+,mid,70.0,09:35,11:00,target,0.7
2026-03-10,NVDA,put,OTM2+,mid,70.0,11:00,15:15,target,0.7
2026-03-11,NVDA,put,OTM2+,mid,70.0,10:00,10:45,target,0.7
2026-03-11,NVDA,put,OTM2+,mid,70.0,14:00,14:20,target,0.7
2026-03-12,NVDA,put,OTM2+,mid,70.0,09:35,10:00,target,0.7
2026-03-12,NVDA,put,OTM2+,mid,70.0,14:00,16:00,forced,0.0
2026-03-13,NVDA,put,OTM2+,mid,70.0,09:35,09:55,target,0.7
2026-02-17,NVDA,put,OTM2+,mid,75.0,09:35,09:45,target,0.75
2026-02-17,NVDA,put,OTM2+,mid,75.0,10:00,16:00,forced,-0.17219
2026-02-18,NVDA,put,OTM2+,mid,75.0,09:35,11:50,target,0.75
2026-02-18,NVDA,put,OTM2+,mid,75.0,12:00,12:20,target,0.75
2026-02-18,NVDA,put,OTM2+,mid,75.0,14:00,16:00,forced,0.0
2026-02-19,NVDA,put,OTM2+,mid,75.0,09:35,10:10,target,0.75
2026-02-19,NVDA,put,OTM2+,mid,75.0,11:30,13:40,target,0.75
2026-02-19,NVDA,put,OTM2+,mid,75.0,15:00,16:00,forced,0.0
2026-02-20,NVDA,put,OTM2+,mid,75.0,09:35,16:00,forced,0.0
2026-02-23,NVDA,put,OTM2+,mid,75.0,09:35,10:10,target,0.75
2026-02-23,NVDA,put,OTM2+,mid,75.0,10:30,10:35,target,0.75
2026-02-23,NVDA,put,OTM2+,mid,75.0,11:30,16:00,forced,0.0
2026-02-24,NVDA,put,OTM2+,mid,75.0,09:35,16:00,forced,0.0
2026-02-25,NVDA,put,OTM2+,mid,75.0,09:35,09:45,target,0.75
2026-02-26,NVDA,put,OTM2+,mid,75.0,09:35,14:00,target,0.75
2026-02-26,NVDA,put,OTM2+,mid,75.0,14:30,16:00,forced,0.0
2026-02-27,NVDA,put,OTM2+,mid,75.0,09:35,12:50,target,0.75
2026-02-27,NVDA,put,OTM2+,mid,75.0,13:30,14:10,target,0.75
2026-03-02,NVDA,put,OTM2+,mid,75.0,10:00,10:15,target,0.75
2026-03-02,NVDA,put,OTM2+,mid,75.0,12:00,12:55,target,0.75
2026-03-03,NVDA,put,OTM2+,mid,75.0,09:35,10:45,target,0.75
2026-03-03,NVDA,put,OTM2+,mid,75.0,13:00,13:15,target,0.75
2026-03-03,NVDA,put,OTM2+,mid,75.0,13:30,15:00,target,0.75
2026-03-04,NVDA,put,OTM2+,mid,75.0,09:35,16:00,forced,0.0
2026-03-05,NVDA,put,OTM2+,mid,75.0,09:35,09:50,target,0.75
2026-03-06,NVDA,put,OTM2+,mid,75.0,09:35,10:00,target,0.75
2026-03-06,NVDA,put,OTM2+,mid,75.0,10:30,16:00,forced,-0.1357
2026-03-09,NVDA,put,OTM2+,mid,75.0,09:35,10:05,target,0.75
2026-03-09,NVDA,put,OTM2+,mid,75.0,10:30,11:15,target,0.75
2026-03-09,NVDA,put,OTM2+,mid,75.0,11:30,14:10,target,0.75
2026-03-10,NVDA,put,OTM2+,mid,75.0,09:35,11:00,target,0.75
2026-03-10,NVDA,put,OTM2+,mid,75.0,11:00,15:15,target,0.75
2026-03-11,NVDA,put,OTM2+,mid,75.0,10:00,10:45,target,0.75
2026-03-11,NVDA,put,OTM2+,mid,75.0,14:00,14:20,target,0.75
2026-03-12,NVDA,put,OTM2+,mid,75.0,09:35,10:00,target,0.75
2026-03-12,NVDA,put,OTM2+,mid,75.0,14:00,16:00,forced,0.0
2026-03-13,NVDA,put,OTM2+,mid,75.0,09:35,09:55,target,0.75
2026-02-17,NVDA,put,OTM2+,mid,80.0,09:35,09:45,target,0.8
2026-02-17,NVDA,put,OTM2+,mid,80.0,10:00,16:00,forced,-0.17219
2026-02-18,NVDA,put,OTM2+,mid,80.0,09:35,11:50,target,0.8
2026-02-18,NVDA,put,OTM2+,mid,80.0,12:00,12:20,target,0.8
2026-02-18,NVDA,put,OTM2+,mid,80.0,14:00,16:00,forced,0.0
2026-02-19,NVDA,put,OTM2+,mid,80.0,09:35,10:10,target,0.8
2026-02-19,NVDA,put,OTM2+,mid,80.0,11:30,13:40,target,0.8
2026-02-19,NVDA,put,OTM2+,mid,80.0,15:00,16:00,forced,0.0
2026-02-20,NVDA,put,OTM2+,mid,80.0,09:35,16:00,forced,0.0
2026-02-23,NVDA,put,OTM2+,mid,80.0,09:35,10:10,target,0.8
2026-02-23,NVDA,put,OTM2+,mid,80.0,10:30,10:35,target,0.8
2026-02-23,NVDA,put,OTM2+,mid,80.0,11:30,16:00,forced,0.0
2026-02-24,NVDA,put,OTM2+,mid,80.0,09:35,16:00,forced,0.0
2026-02-25,NVDA,put,OTM2+,mid,80.0,09:35,09:45,target,0.8
2026-02-26,NVDA,put,OTM2+,mid,80.0,09:35,14:00,target,0.8
2026-02-26,NVDA,put,OTM2+,mid,80.0,14:30,16:00,forced,0.0
2026-02-27,NVDA,put,OTM2+,mid,80.0,09:35,12:50,target,0.8
2026-02-27,NVDA,put,OTM2+,mid,80.0,13:30,14:10,target,0.8
2026-03-02,NVDA,put,OTM2+,mid,80.0,10:00,10:15,target,0.8
2026-03-02,NVDA,put,OTM2+,mid,80.0,12:00,12:55,target,0.8
2026-03-03,NVDA,put,OTM2+,mid,80.0,09:35,10:45,target,0.8
2026-03-03,NVDA,put,OTM2+,mid,80.0,13:00,13:15,target,0.8
2026-03-03,NVDA,put,OTM2+,mid,80.0,13:30,15:00,target,0.8
2026-03-04,NVDA,put,OTM2+,mid,80.0,09:35,16:00,forced,0.0
2026-03-05,NVDA,put,OTM2+,mid,80.0,09:35,09:50,target,0.8
2026-03-06,NVDA,put,OTM2+,mid,80.0,09:35,10:00,target,0.8
2026-03-06,NVDA,put,OTM2+,mid,80.0,10:30,16:00,forced,-0.1357
2026-03-09,NVDA,put,OTM2+,mid,80.0,09:35,10:05,target,0.8
2026-03-09,NVDA,put,OTM2+,mid,80.0,10:30,11:20,target,0.8
2026-03-09,NVDA,put,OTM2+,mid,80.0,11:30,14:10,target,0.8
2026-03-10,NVDA,put,OTM2+,mid,80.0,09:35,11:00,target,0.8
2026-03-10,NVDA,put,OTM2+,mid,80.0,11:00,15:15,target,0.8
2026-03-11,NVDA,put,OTM2+,mid,80.0,10:00,10:45,target,0.8
2026-03-11,NVDA,put,OTM2+,mid,80.0,14:00,14:20,target,0.8
2026-03-12,NVDA,put,OTM2+,mid,80.0,09:35,10:00,target,0.8
2026-03-12,NVDA,put,OTM2+,mid,80.0,14:00,16:00,forced,0.0
2026-03-13,NVDA,put,OTM2+,mid,80.0,09:35,09:55,target,0.8
2026-02-17,NVDA,put,OTM2+,mid,90.0,09:35,09:45,target,0.9
2026-02-17,NVDA,put,OTM2+,mid,90.0,10:00,16:00,forced,-0.17219
2026-02-18,NVDA,put,OTM2+,mid,90.0,09:35,11:50,target,0.9
2026-02-18,NVDA,put,OTM2+,mid,90.0,12:00,12:20,target,0.9
2026-02-18,NVDA,put,OTM2+,mid,90.0,14:00,16:00,forced,0.0
2026-02-19,NVDA,put,OTM2+,mid,90.0,09:35,10:10,target,0.9
2026-02-19,NVDA,put,OTM2+,mid,90.0,11:30,13:40,target,0.9
2026-02-19,NVDA,put,OTM2+,mid,90.0,15:00,16:00,forced,0.0
2026-02-20,NVDA,put,OTM2+,mid,90.0,09:35,16:00,forced,0.0
2026-02-23,NVDA,put,OTM2+,mid,90.0,09:35,10:10,target,0.9
2026-02-23,NVDA,put,OTM2+,mid,90.0,10:30,10:35,target,0.9
2026-02-23,NVDA,put,OTM2+,mid,90.0,11:30,16:00,forced,0.0
2026-02-24,NVDA,put,OTM2+,mid,90.0,09:35,16:00,forced,0.0
2026-02-25,NVDA,put,OTM2+,mid,90.0,09:35,09:45,target,0.9
2026-02-26,NVDA,put,OTM2+,mid,90.0,09:35,14:00,target,0.9
2026-02-26,NVDA,put,OTM2+,mid,90.0,14:30,16:00,forced,0.0
2026-02-27,NVDA,put,OTM2+,mid,90.0,09:35,12:50,target,0.9
2026-02-27,NVDA,put,OTM2+,mid,90.0,13:30,14:10,target,0.9
2026-03-02,NVDA,put,OTM2+,mid,90.0,10:00,10:15,target,0.9
2026-03-02,NVDA,put,OTM2+,mid,90.0,12:00,12:55,target,0.9
2026-03-03,NVDA,put,OTM2+,mid,90.0,09:35,10:45,target,0.9
2026-03-03,NVDA,put,OTM2+,mid,90.0,13:00,13:15,target,0.9
2026-03-03,NVDA,put,OTM2+,mid,90.0,13:30,15:00,target,0.9
2026-03-04,NVDA,put,OTM2+,mid,90.0,09:35,16:00,forced,0.0
2026-03-05,NVDA,put,OTM2+,mid,90.0,09:35,09:50,target,0.9
2026-03-06,NVDA,put,OTM2+,mid,90.0,09:35,10:00,target,0.9
2026-03-06,NVDA,put,OTM2+,mid,90.0,10:30,16:00,forced,-0.1357
2026-03-09,NVDA,put,OTM2+,mid,90.0,09:35,10:05,target,0.9
2026-03-09,NVDA,put,OTM2+,mid,90.0,10:30,11:20,target,0.9
2026-03-09,NVDA,put,OTM2+,mid,90.0,11:30,14:10,target,0.9
2026-03-10,NVDA,put,OTM2+,mid,90.0,09:35,11:00,target,0.9
2026-03-10,NVDA,put,OTM2+,mid,90.0,11:00,15:15,target,0.9
2026-03-11,NVDA,put,OTM2+,mid,90.0,10:00,11:35,target,0.9
2026-03-11,NVDA,put,OTM2+,mid,90.0,14:00,14:20,target,0.9
2026-03-12,NVDA,put,OTM2+,mid,90.0,09:35,10:00,target,0.9
2026-03-12,NVDA,put,OTM2+,mid,90.0,14:00,16:00,forced,0.0
2026-03-13,NVDA,put,OTM2+,mid,90.0,09:35,09:55,target,0.9
2026-02-17,NVDA,put,OTM2+,mid,100.0,09:35,09:45,target,1.0
2026-02-17,NVDA,put,OTM2+,mid,100.0,10:00,16:00,forced,-0.17219
2026-02-18,NVDA,put,OTM2+,mid,100.0,09:35,11:50,target,1.0
2026-02-18,NVDA,put,OTM2+,mid,100.0,12:00,12:20,target,1.0
2026-02-18,NVDA,put,OTM2+,mid,100.0,14:00,16:00,forced,0.0
2026-02-19,NVDA,put,OTM2+,mid,100.0,09:35,10:10,target,1.0
2026-02-19,NVDA,put,OTM2+,mid,100.0,11:30,13:40,target,1.0
2026-02-19,NVDA,put,OTM2+,mid,100.0,15:00,16:00,forced,0.0
2026-02-20,NVDA,put,OTM2+,mid,100.0,09:35,16:00,forced,0.0
2026-02-23,NVDA,put,OTM2+,mid,100.0,09:35,10:15,target,1.0
2026-02-23,NVDA,put,OTM2+,mid,100.0,10:30,10:35,target,1.0
2026-02-23,NVDA,put,OTM2+,mid,100.0,11:30,16:00,forced,0.0
2026-02-24,NVDA,put,OTM2+,mid,100.0,09:35,16:00,forced,0.0
2026-02-25,NVDA,put,OTM2+,mid,100.0,09:35,09:45,target,1.0
2026-02-26,NVDA,put,OTM2+,mid,100.0,09:35,14:05,target,1.0
2026-02-26,NVDA,put,OTM2+,mid,100.0,14:30,16:00,forced,0.0
2026-02-27,NVDA,put,OTM2+,mid,100.0,09:35,12:50,target,1.0
2026-02-27,NVDA,put,OTM2+,mid,100.0,13:30,14:10,target,1.0
2026-03-02,NVDA,put,OTM2+,mid,100.0,10:00,10:15,target,1.0
2026-03-02,NVDA,put,OTM2+,mid,100.0,12:00,12:55,target,1.0
2026-03-03,NVDA,put,OTM2+,mid,100.0,09:35,10:50,target,1.0
2026-03-03,NVDA,put,OTM2+,mid,100.0,13:00,13:15,target,1.0
2026-03-03,NVDA,put,OTM2+,mid,100.0,13:30,15:00,target,1.0
2026-03-04,NVDA,put,OTM2+,mid,100.0,09:35,16:00,forced,0.0
2026-03-05,NVDA,put,OTM2+,mid,100.0,09:35,09:50,target,1.0
2026-03-06,NVDA,put,OTM2+,mid,100.0,09:35,10:00,target,1.0
2026-03-06,NVDA,put,OTM2+,mid,100.0,10:30,16:00,forced,-0.1357
2026-03-09,NVDA,put,OTM2+,mid,100.0,09:35,10:05,target,1.0
2026-03-09,NVDA,put,OTM2+,mid,100.0,10:30,11:20,target,1.0
2026-03-09,NVDA,put,OTM2+,mid,100.0,11:30,14:10,target,1.0
2026-03-10,NVDA,put,OTM2+,mid,100.0,09:35,13:30,target,1.0
2026-03-10,NVDA,put,OTM2+,mid,100.0,14:00,15:15,target,1.0
2026-03-11,NVDA,put,OTM2+,mid,100.0,10:00,11:40,target,1.0
2026-03-11,NVDA,put,OTM2+,mid,100.0,14:00,14:20,target,1.0
2026-03-12,NVDA,put,OTM2+,mid,100.0,09:35,10:00,target,1.0
2026-03-12,NVDA,put,OTM2+,mid,100.0,14:00,16:00,forced,0.0
2026-03-13,NVDA,put,OTM2+,mid,100.0,09:35,09:55,target,1.0
2026-02-17,NVDA,put,OTM2+,market,20.0,09:35,09:45,target,0.2
2026-02-17,NVDA,put,OTM2+,market,20.0,10:00,11:15,target,0.2
2026-02-17,NVDA,put,OTM2+,market,20.0,11:30,16:00,forced,-0.03922
2026-02-18,NVDA,put,OTM2+,market,20.0,09:35,11:50,target,0.2
2026-02-18,NVDA,put,OTM2+,market,20.0,12:00,12:20,target,0.2
2026-02-18,NVDA,put,OTM2+,market,20.0,14:00,16:00,forced,-0.03922
2026-02-19,NVDA,put,OTM2+,market,20.0,09:35,10:05,target,0.2
2026-02-19,NVDA,put,OTM2+,market,20.0,11:30,13:35,target,0.2
2026-02-19,NVDA,put,OTM2+,market,20.0,15:00,16:00,forced,-0.03922
2026-02-20,NVDA,put,OTM2+,market,20.0,09:35,16:00,forced,-0.03922
2026-02-23,NVDA,put,OTM2+,market,20.0,09:35,09:40,target,0.2
2026-02-23,NVDA,put,OTM2+,market,20.0,10:00,10:05,target,0.2
2026-02-23,NVDA,put,OTM2+,market,20.0,10:30,10:35,target,0.2
2026-02-23,NVDA,put,OTM2+,market,20.0,11:30,16:00,forced,-0.03922
2026-02-24,NVDA,put,OTM2+,market,20.0,09:35,16:00,forced,-0.03922
2026-02-25,NVDA,put,OTM2+,market,20.0,09:35,09:40,target,0.2
2026-02-26,NVDA,put,OTM2+,market,20.0,09:35,09:50,target,0.2
2026-02-26,NVDA,put,OTM2+,market,20.0,10:00,10:10,target,0.2
2026-02-26,NVDA,put,OTM2+,market,20.0,10:30,12:40,target,0.2
2026-02-26,NVDA,put,OTM2+,market,20.0,13:30,14:00,target,0.2
2026-02-26,NVDA,put,OTM2+,market,20.0,14:30,16:00,forced,-0.03922
2026-02-27,NVDA,put,OTM2+,market,20.0,09:35,12:30,target,0.2
2026-02-27,NVDA,put,OTM2+,market,20.0,12:30,12:50,target,0.2
2026-02-27,NVDA,put,OTM2+,market,20.0,13:30,14:05,target,0.2
2026-03-02,NVDA,put,OTM2+,market,20.0,10:00,10:10,target,0.2
2026-03-02,NVDA,put,OTM2+,market,20.0,12:00,12:50,target,0.2
2026-03-03,NVDA,put,OTM2+,market,20.0,09:35,10:45,target,0.2
2026-03-03,NVDA,put,OTM2+,market,20.0,13:00,13:15,target,0.2
2026-03-03,NVDA,put,OTM2+,market,20.0,13:30,14:25,target,0.2
2026-03-04,NVDA,put,OTM2+,market,20.0,09:35,16:00,forced,-0.03922
2026-03-05,NVDA,put,OTM2+,market,20.0,09:35,09:45,target,0.2
2026-03-06,NVDA,put,OTM2+,market,20.0,09:35,10:00,target,0.2
2026-03-06,NVDA,put,OTM2+,market,20.0,10:30,16:00,forced,-0.16949
2026-03-09,NVDA,put,OTM2+,market,20.0,09:35,09:40,target,0.2
2026-03-09,NVDA,put,OTM2+,market,20.0,10:00,10:05,target,0.2
2026-03-09,NVDA,put,OTM2+,market,20.0,10:30,11:05,target,0.2
2026-03-09,NVDA,put,OTM2+,market,20.0,11:30,14:10,target,0.2
2026-03-10,NVDA,put,OTM2+,market,20.0,09:35,11:00,target,0.2
2026-03-10,NVDA,put,OTM2+,market,20.0,11:00,15:10,target,0.2
2026-03-11,NVDA,put,OTM2+,market,20.0,10:00,10:30,target,0.2
2026-03-11,NVDA,put,OTM2+,market,20.0,14:00,14:15,target,0.2
2026-03-12,NVDA,put,OTM2+,market,20.0,09:35,09:40,target,0.2
2026-03-12,NVDA,put,OTM2+,market,20.0,14:00,16:00,forced,-0.03922
2026-03-13,NVDA,put,OTM2+,market,20.0,09:35,09:55,target,0.2
2026-02-17,NVDA,put,OTM2+,market,25.0,09:35,09:45,target,0.25
2026-02-17,NVDA,put,OTM2+,market,25.0,10:00,11:15,target,0.25
2026-02-17,NVDA,put,OTM2+,market,25.0,11:30,16:00,forced,-0.03922
2026-02-18,NVDA,put,OTM2+,market,25.0,09:35,11:50,target,0.25
2026-02-18,NVDA,put,OTM2+,market,25.0,12:00,12:20,target,0.25
2026-02-18,NVDA,put,OTM2+,market,25.0,14:00,16:00,forced,-0.03922
2026-02-19,NVDA,put,OTM2+,market,25.0,09:35,10:05,target,0.25
2026-02-19,NVDA,put,OTM2+,market,25.0,11:30,13:35,target,0.25
2026-02-19,NVDA,put,OTM2+,market,25.0,15:00,16:00,forced,-0.03922
2026-02-20,NVDA,put,OTM2+,market,25.0,09:35,16:00,forced,-0.03922
2026-02-23,NVDA,put,OTM2+,market,25.0,09:35,09:40,target,0.25
2026-02-23,NVDA,put,OTM2+,market,25.0,10:00,10:10,target,0.25
2026-02-23,NVDA,put,OTM2+,market,25.0,10:30,10:35,target,0.25
2026-02-23,NVDA,put,OTM2+,market,25.0,11:30,16:00,forced,-0.03922
2026-02-24,NVDA,put,OTM2+,market,25.0,09:35,16:00,forced,-0.03922
2026-02-25,NVDA,put,OTM2+,market,25.0,09:35,09:40,target,0.25
2026-02-26,NVDA,put,OTM2+,market,25.0,09:35,09:50,target,0.25
2026-02-26,NVDA,put,OTM2+,market,25.0,10:00,10:10,target,0.25
2026-02-26,NVDA,put,OTM2+,market,25.0,10:30,12:40,target,0.25
2026-02-26,NVDA,put,OTM2+,market,25.0,13:30,14:00,target,0.25
2026-02-26,NVDA,put,OTM2+,market,25.0,14:30,16:00,forced,-0.03922
2026-02-27,NVDA,put,OTM2+,market,25.0,09:35,12:50,target,0.25
2026-02-27,NVDA,put,OTM2+,market,25.0,13:30,14:05,target,0.25
2026-03-02,NVDA,put,OTM2+,market,25.0,10:00,10:10,target,0.25
2026-03-02,NVDA,put,OTM2+,market,25.0,12:00,12:50,target,0.25
2026-03-03,NVDA,put,OTM2+,market,25.0,09:35,10:45,target,0.25
2026-03-03,NVDA,put,OTM2+,market,25.0,13:00,13:15,target,0.25
2026-03-03,NVDA,put,OTM2+,market,25.0,13:30,14:35,target,0.25
2026-03-04,NVDA,put,OTM2+,market,25.0,09:35,16:00,forced,-0.03922
2026-03-05,NVDA,put,OTM2+,market,25.0,09:35,09:45,target,0.25
2026-03-06,NVDA,put,OTM2+,market,25.0,09:35,10:00,target,0.25
2026-03-06,NVDA,put,OTM2+,market,25.0,10:30,16:00,forced,-0.16949
2026-03-09,NVDA,put,OTM2+,market,25.0,09:35,09:40,target,0.25
2026-03-09,NVDA,put,OTM2+,market,25.0,10:00,10:05,target,0.25
2026-03-09,NVDA,put,OTM2+,market,25.0,10:30,11:05,target,0.25
2026-03-09,NVDA,put,OTM2+,market,25.0,11:30,14:10,target,0.25
2026-03-10,NVDA,put,OTM2+,market,25.0,09:35,11:00,target,0.25
2026-03-10,NVDA,put,OTM2+,market,25.0,11:00,15:15,target,0.25
2026-03-11,NVDA,put,OTM2+,market,25.0,10:00,10:30,target,0.25
2026-03-11,NVDA,put,OTM2+,market,25.0,14:00,14:15,target,0.25
2026-03-12,NVDA,put,OTM2+,market,25.0,09:35,09:40,target,0.25
2026-03-12,NVDA,put,OTM2+,market,25.0,14:00,16:00,forced,-0.03922
2026-03-13,NVDA,put,OTM2+,market,25.0,09:35,09:55,target,0.25
2026-02-17,NVDA,put,OTM2+,market,30.0,09:35,09:45,target,0.3
2026-02-17,NVDA,put,OTM2+,market,30.0,10:00,11:15,target,0.3
2026-02-17,NVDA,put,OTM2+,market,30.0,11:30,16:00,forced,-0.03922
2026-02-18,NVDA,put,OTM2+,market,30.0,09:35,11:50,target,0.3
2026-02-18,NVDA,put,OTM2+,market,30.0,12:00,12:20,target,0.3
2026-02-18,NVDA,put,OTM2+,market,30.0,14:00,16:00,forced,-0.03922
2026-02-19,NVDA,put,OTM2+,market,30.0,09:35,10:05,target,0.3
2026-02-19,NVDA,put,OTM2+,market,30.0,11:30,13:35,target,0.3
2026-02-19,NVDA,put,OTM2+,market,30.0,15:00,16:00,forced,-0.03922
2026-02-20,NVDA,put,OTM2+,market,30.0,09:35,16:00,forced,-0.03922
2026-02-23,NVDA,put,OTM2+,market,30.0,09:35,09:40,target,0.3
2026-02-23,NVDA,put,OTM2+,market,30.0,10:00,10:10,target,0.3
2026-02-23,NVDA,put,OTM2+,market,30.0,10:30,10:35,target,0.3
2026-02-23,NVDA,put,OTM2+,market,30.0,11:30,16:00,forced,-0.03922
2026-02-24,NVDA,put,OTM2+,market,30.0,09:35,16:00,forced,-0.03922
2026-02-25,NVDA,put,OTM2+,market,30.0,09:35,09:40,target,0.3
2026-02-26,NVDA,put,OTM2+,market,30.0,09:35,09:55,target,0.3
2026-02-26,NVDA,put,OTM2+,market,30.0,10:00,10:10,target,0.3
2026-02-26,NVDA,put,OTM2+,market,30.0,10:30,12:40,target,0.3
2026-02-26,NVDA,put,OTM2+,market,30.0,13:30,14:00,target,0.3
2026-02-26,NVDA,put,OTM2+,market,30.0,14:30,16:00,forced,-0.03922
2026-02-27,NVDA,put,OTM2+,market,30.0,09:35,12:50,target,0.3
2026-02-27,NVDA,put,OTM2+,market,30.0,13:30,14:05,target,0.3
2026-03-02,NVDA,put,OTM2+,market,30.0,10:00,10:10,target,0.3
2026-03-02,NVDA,put,OTM2+,market,30.0,12:00,12:50,target,0.3
2026-03-03,NVDA,put,OTM2+,market,30.0,09:35,10:45,target,0.3
2026-03-03,NVDA,put,OTM2+,market,30.0,13:00,13:15,target,0.3
2026-03-03,NVDA,put,OTM2+,market,30.0,13:30,14:35,target,0.3
2026-03-04,NVDA,put,OTM2+,market,30.0,09:35,16:00,forced,-0.03922
2026-03-05,NVDA,put,OTM2+,market,30.0,09:35,09:45,target,0.3
2026-03-06,NVDA,put,OTM2+,market,30.0,09:35,10:00,target,0.3
2026-03-06,NVDA,put,OTM2+,market,30.0,10:30,16:00,forced,-0.16949
2026-03-09,NVDA,put,OTM2+,market,30.0,09:35,10:05,target,0.3
2026-03-09,NVDA,put,OTM2+,market,30.0,10:30,11:05,target,0.3
2026-03-09,NVDA,put,OTM2+,market,30.0,11:30,14:10,target,0.3
2026-03-10,NVDA,put,OTM2+,market,30.0,09:35,11:00,target,0.3
2026-03-10,NVDA,put,OTM2+,market,30.0,11:00,15:15,target,0.3
2026-03-11,NVDA,put,OTM2+,market,30.0,10:00,10:30,target,0.3
2026-03-11,NVDA,put,OTM2+,market,30.0,14:00,14:15,target,0.3
2026-03-12,NVDA,put,OTM2+,market,30.0,09:35,09:40,target,0.3
2026-03-12,NVDA,put,OTM2+,market,30.0,14:00,16:00,forced,-0.03922
2026-03-13,NVDA,put,OTM2+,market,30.0,09:35,09:55,target,0.3
2026-02-17,NVDA,put,OTM2+,market,40.0,09:35,09:45,target,0.4
2026-02-17,NVDA,put,OTM2+,market,40.0,10:00,11:15,target,0.4
2026-02-17,NVDA,put,OTM2+,market,40.0,11:30,16:00,forced,-0.03922
2026-02-18,NVDA,put,OTM2+,market,40.0,09:35,11:50,target,0.4
2026-02-18,NVDA,put,OTM2+,market,40.0,12:00,12:20,target,0.4
2026-02-18,NVDA,put,OTM2+,market,40.0,14:00,16:00,forced,-0.03922
2026-02-19,NVDA,put,OTM2+,market,40.0,09:35,10:05,target,0.4
2026-02-19,NVDA,put,OTM2+,market,40.0,11:30,13:40,target,0.4
2026-02-19,NVDA,put,OTM2+,market,40.0,15:00,16:00,forced,-0.03922
2026-02-20,NVDA,put,OTM2+,market,40.0,09:35,16:00,forced,-0.03922
2026-02-23,NVDA,put,OTM2+,market,40.0,09:35,09:40,target,0.4
2026-02-23,NVDA,put,OTM2+,market,40.0,10:00,10:10,target,0.4
2026-02-23,NVDA,put,OTM2+,market,40.0,10:30,10:35,target,0.4
2026-02-23,NVDA,put,OTM2+,market,40.0,11:30,16:00,forced,-0.03922
2026-02-24,NVDA,put,OTM2+,market,40.0,09:35,16:00,forced,-0.03922
2026-02-25,NVDA,put,OTM2+,market,40.0,09:35,09:45,target,0.4
2026-02-26,NVDA,put,OTM2+,market,40.0,09:35,09:55,target,0.4
2026-02-26,NVDA,put,OTM2+,market,40.0,10:00,14:00,target,0.4
2026-02-26,NVDA,put,OTM2+,market,40.0,14:30,16:00,forced,-0.03922
2026-02-27,NVDA,put,OTM2+,market,40.0,09:35,12:50,target,0.4
2026-02-27,NVDA,put,OTM2+,market,40.0,13:30,14:10,target,0.4
2026-03-02,NVDA,put,OTM2+,market,40.0,10:00,10:10,target,0.4
2026-03-02,NVDA,put,OTM2+,market,40.0,12:00,12:50,target,0.4
2026-03-03,NVDA,put,OTM2+,market,40.0,09:35,10:45,target,0.4
2026-03-03,NVDA,put,OTM2+,market,40.0,13:00,13:15,target,0.4
2026-03-03,NVDA,put,OTM2+,market,40.0,13:30,14:35,target,0.4
2026-03-04,NVDA,put,OTM2+,market,40.0,09:35,16:00,forced,-0.03922
2026-03-05,NVDA,put,OTM2+,market,40.0,09:35,09:45,target,0.4
2026-03-06,NVDA,put,OTM2+,market,40.0,09:35,10:00,target,0.4
2026-03-06,NVDA,put,OTM2+,market,40.0,10:30,16:00,forced,-0.16949
2026-03-09,NVDA,put,OTM2+,market,40.0,09:35,10:05,target,0.4
2026-03-09,NVDA,put,OTM2+,market,40.0,10:30,11:05,target,0.4
2026-03-09,NVDA,put,OTM2+,market,40.0,11:30,14:10,target,0.4
2026-03-10,NVDA,put,OTM2+,market,40.0,09:35,11:00,target,0.4
2026-03-10,NVDA,put,OTM2+,market,40.0,11:00,15:15,target,0.4
2026-03-11,NVDA,put,OTM2+,market,40.0,10:00,10:30,target,0.4
2026-03-11,NVDA,put,OTM2+,market,40.0,14:00,14:15,target,0.4
2026-03-12,NVDA,put,OTM2+,market,40.0,09:35,10:00,target,0.4
2026-03-12,NVDA,put,OTM2+,market,40.0,14:00,16:00,forced,-0.03922
2026-03-13,NVDA,put,OTM2+,market,40.0,09:35,09:55,target,0.4
2026-02-17,NVDA,put,OTM2+,market,50.0,09:35,09:45,target,0.5
2026-02-17,NVDA,put,OTM2+,market,50.0,10:00,16:00,forced,-0.20455
2026-02-18,NVDA,put,OTM2+,market,50.0,09:35,11:50,target,0.5
2026-02-18,NVDA,put,OTM2+,market,50.0,12:00,12:20,target,0.5
2026-02-18,NVDA,put,OTM2+,market,50.0,14:00,16:00,forced,-0.03922
2026-02-19,NVDA,put,OTM2+,market,50.0,09:35,10:10,target,0.5
2026-02-19,NVDA,put,OTM2+,market,50.0,11:30,13:40,target,0.5
2026-02-19,NVDA,put,OTM2+,market,50.0,15:00,16:00,forced,-0.03922
2026-02-20,NVDA,put,OTM2+,market,50.0,09:35,16:00,forced,-0.03922
2026-02-23,NVDA,put,OTM2+,market,50.0,09:35,09:40,target,0.5
2026-02-23,NVDA,put,OTM2+,market,50.0,10:00,10:10,target,0.5
2026-02-23,NVDA,put,OTM2+,market,50.0,10:30,10:35,target,0.5
2026-02-23,NVDA,put,OTM2+,market,50.0,11:30,16:00,forced,-0.03922
2026-02-24,NVDA,put,OTM2+,market,50.0,09:35,16:00,forced,-0.03922
2026-02-25,NVDA,put,OTM2+,market,50.0,09:35,09:45,target,0.5
2026-02-26,NVDA,put,OTM2+,market,50.0,09:35,10:10,target,0.5
2026-02-26,NVDA,put,OTM2+,market,50.0,10:30,12:40,target,0.5
2026-02-26,NVDA,put,OTM2+,market,50.0,13:30,14:00,target,0.5
2026-02-26,NVDA,put,OTM2+,market,50.0,14:30,16:00,forced,-0.03922
2026-02-27,NVDA,put,OTM2+,market,50.0,09:35,12:50,target,0.5
2026-02-27,NVDA,put,OTM2+,market,50.0,13:30,14:10,target,0.5
2026-03-02,NVDA,put,OTM2+,market,50.0,10:00,10:10,target,0.5
2026-03-02,NVDA,put,OTM2+,market,50.0,12:00,12:50,target,0.5
2026-03-03,NVDA,put,OTM2+,market,50.0,09:35,10:45,target,0.5
2026-03-03,NVDA,put,OTM2+,market,50.0,13:00,13:15,target,0.5
2026-03-03,NVDA,put,OTM2+,market,50.0,13:30,14:35,target,0.5
2026-03-04,NVDA,put,OTM2+,market,50.0,09:35,16:00,forced,-0.03922
2026-03-05,NVDA,put,OTM2+,market,50.0,09:35,09:50,target,0.5
2026-03-06,NVDA,put,OTM2+,market,50.0,09:35,10:00,target,0.5
2026-03-06,NVDA,put,OTM2+,market,50.0,10:30,16:00,forced,-0.16949
2026-03-09,NVDA,put,OTM2+,market,50.0,09:35,10:05,target,0.5
2026-03-09,NVDA,put,OTM2+,market,50.0,10:30,11:15,target,0.5
2026-03-09,NVDA,put,OTM2+,market,50.0,11:30,14:10,target,0.5
2026-03-10,NVDA,put,OTM2+,market,50.0,09:35,11:00,target,0.5
2026-03-10,NVDA,put,OTM2+,market,50.0,11:00,15:15,target,0.5
2026-03-11,NVDA,put,OTM2+,market,50.0,10:00,10:45,target,0.5
2026-03-11,NVDA,put,OTM2+,market,50.0,14:00,14:20,target,0.5
2026-03-12,NVDA,put,OTM2+,market,50.0,09:35,10:00,target,0.5
2026-03-12,NVDA,put,OTM2+,market,50.0,14:00,16:00,forced,-0.03922
2026-03-13,NVDA,put,OTM2+,market,50.0,09:35,09:55,target,0.5
2026-02-17,NVDA,put,OTM2+,market,60.0,09:35,09:45,target,0.6
2026-02-17,NVDA,put,OTM2+,market,60.0,10:00,16:00,forced,-0.20455
2026-02-18,NVDA,put,OTM2+,market,60.0,09:35,11:50,target,0.6
2026-02-18,NVDA,put,OTM2+,market,60.0,12:00,12:20,target,0.6
2026-02-18,NVDA,put,OTM2+,market,60.0,14:00,16:00,forced,-0.03922
2026-02-19,NVDA,put,OTM2+,market,60.0,09:35,10:10,target,0.6
2026-02-19,NVDA,put,OTM2+,market,60.0,11:30,13:40,target,0.6
2026-02-19,NVDA,put,OTM2+,market,60.0,15:00,16:00,forced,-0.03922
2026-02-20,NVDA,put,OTM2+,market,60.0,09:35,16:00,forced,-0.03922
2026-02-23,NVDA,put,OTM2+,market,60.0,09:35,10:10,target,0.6
2026-02-23,NVDA,put,OTM2+,market,60.0,10:30,10:35,target,0.6
2026-02-23,NVDA,put,OTM2+,market,60.0,11:30,16:00,forced,-0.03922
2026-02-24,NVDA,put,OTM2+,market,60.0,09:35,16:00,forced,-0.03922
2026-02-25,NVDA,put,OTM2+,market,60.0,09:35,09:45,target,0.6
2026-02-26,NVDA,put,OTM2+,market,60.0,09:35,10:10,target,0.6
2026-02-26,NVDA,put,OTM2+,market,60.0,10:30,12:40,target,0.6
2026-02-26,NVDA,put,OTM2+,market,60.0,13:30,14:00,target,0.6
2026-02-26,NVDA,put,OTM2+,market,60.0,14:30,16:00,forced,-0.03922
2026-02-27,NVDA,put,OTM2+,market,60.0,09:35,12:50,target,0.6
2026-02-27,NVDA,put,OTM2+,market,60.0,13:30,14:10,target,0.6
2026-03-02,NVDA,put,OTM2+,market,60.0,10:00,10:15,target,0.6
2026-03-02,NVDA,put,OTM2+,market,60.0,12:00,12:55,target,0.6
2026-03-03,NVDA,put,OTM2+,market,60.0,09:35,10:45,target,0.6
2026-03-03,NVDA,put,OTM2+,market,60.0,13:00,13:15,target,0.6
2026-03-03,NVDA,put,OTM2+,market,60.0,13:30,15:00,target,0.6
2026-03-04,NVDA,put,OTM2+,market,60.0,09:35,16:00,forced,-0.03922
2026-03-05,NVDA,put,OTM2+,market,60.0,09:35,09:50,target,0.6
2026-03-06,NVDA,put,OTM2+,market,60.0,09:35,10:00,target,0.6
2026-03-06,NVDA,put,OTM2+,market,60.0,10:30,16:00,forced,-0.16949
2026-03-09,NVDA,put,OTM2+,market,60.0,09:35,10:05,target,0.6
2026-03-09,NVDA,put,OTM2+,market,60.0,10:30,11:15,target,0.6
2026-03-09,NVDA,put,OTM2+,market,60.0,11:30,14:10,target,0.6
2026-03-10,NVDA,put,OTM2+,market,60.0,09:35,11:00,target,0.6
2026-03-10,NVDA,put,OTM2+,market,60.0,11:00,15:15,target,0.6
2026-03-11,NVDA,put,OTM2+,market,60.0,10:00,10:45,target,0.6
2026-03-11,NVDA,put,OTM2+,market,60.0,14:00,14:20,target,0.6
2026-03-12,NVDA,put,OTM2+,market,60.0,09:35,10:00,target,0.6
2026-03-12,NVDA,put,OTM2+,market,60.0,14:00,16:00,forced,-0.03922
2026-03-13,NVDA,put,OTM2+,market,60.0,09:35,09:55,target,0.6
2026-02-17,NVDA,put,OTM2+,market,70.0,09:35,09:45,target,0.7
2026-02-17,NVDA,put,OTM2+,market,70.0,10:00,16:00,forced,-0.20455
2026-02-18,NVDA,put,OTM2+,market,70.0,09:35,11:50,target,0.7
2026-02-18,NVDA,put,OTM2+,market,70.0,12:00,12:20,target,0.7
2026-02-18,NVDA,put,OTM2+,market,70.0,14:00,16:00,forced,-0.03922
2026-02-19,NVDA,put,OTM2+,market,70.0,09:35,10:10,target,0.7
2026-02-19,NVDA,put,OTM2+,market,70.0,11:30,13:40,target,0.7
2026-02-19,NVDA,put,OTM2+,market,70.0,15:00,16:00,forced,-0.03922
2026-02-20,NVDA,put,OTM2+,market,70.0,09:35,16:00,forced,-0.03922
2026-02-23,NVDA,put,OTM2+,market,70.0,09:35,10:10,target,0.7
2026-02-23,NVDA,put,OTM2+,market,70.0,10:30,10:35,target,0.7
2026-02-23,NVDA,put,OTM2+,market,70.0,11:30,16:00,forced,-0.03922
2026-02-24,NVDA,put,OTM2+,market,70.0,09:35,16:00,forced,-0.03922
2026-02-25,NVDA,put,OTM2+,market,70.0,09:35,09:45,target,0.7
2026-02-26,NVDA,put,OTM2+,market,70.0,09:35,14:00,target,0.7
2026-02-26,NVDA,put,OTM2+,market,70.0,14:30,16:00,forced,-0.03922
2026-02-27,NVDA,put,OTM2+,market,70.0,09:35,12:50,target,0.7
2026-02-27,NVDA,put,OTM2+,market,70.0,13:30,14:10,target,0.7
2026-03-02,NVDA,put,OTM2+,market,70.0,10:00,10:15,target,0.7
2026-03-02,NVDA,put,OTM2+,market,70.0,12:00,12:55,target,0.7
2026-03-03,NVDA,put,OTM2+,market,70.0,09:35,10:45,target,0.7
2026-03-03,NVDA,put,OTM2+,market,70.0,13:00,13:15,target,0.7
2026-03-03,NVDA,put,OTM2+,market,70.0,13:30,15:00,target,0.7
2026-03-04,NVDA,put,OTM2+,market,70.0,09:35,16:00,forced,-0.03922
2026-03-05,NVDA,put,OTM2+,market,70.0,09:35,09:50,target,0.7
2026-03-06,NVDA,put,OTM2+,market,70.0,09:35,10:00,target,0.7
2026-03-06,NVDA,put,OTM2+,market,70.0,10:30,16:00,forced,-0.16949
2026-03-09,NVDA,put,OTM2+,market,70.0,09:35,10:05,target,0.7
2026-03-09,NVDA,put,OTM2+,market,70.0,10:30,11:15,target,0.7
2026-03-09,NVDA,put,OTM2+,market,70.0,11:30,14:10,target,0.7
2026-03-10,NVDA,put,OTM2+,market,70.0,09:35,11:00,target,0.7
2026-03-10,NVDA,put,OTM2+,market,70.0,11:00,15:15,target,0.7
2026-03-11,NVDA,put,OTM2+,market,70.0,10:00,10:45,target,0.7
2026-03-11,NVDA,put,OTM2+,market,70.0,14:00,14:20,target,0.7
2026-03-12,NVDA,put,OTM2+,market,70.0,09:35,10:00,target,0.7
2026-03-12,NVDA,put,OTM2+,market,70.0,14:00,16:00,forced,-0.03922
2026-03-13,NVDA,put,OTM2+,market,70.0,09:35,09:55,target,0.7
2026-02-17,NVDA,put,OTM2+,market,75.0,09:35,09:45,target,0.75
2026-02-17,NVDA,put,OTM2+,market,75.0,10:00,16:00,forced,-0.20455
2026-02-18,NVDA,put,OTM2+,market,75.0,09:35,11:50,target,0.75
2026-02-18,NVDA,put,OTM2+,market,75.0,12:00,12:20,target,0.75
2026-02-18,NVDA,put,OTM2+,market,75.0,14:00,16:00,forced,-0.03922
2026-02-19,NVDA,put,OTM2+,market,75.0,09:35,10:10,target,0.75
2026-02-19,NVDA,put,OTM2+,market,75.0,11:30,13:40,target,0.75
2026-02-19,NVDA,put,OTM2+,market,75.0,15:00,16:00,forced,-0.03922
2026-02-20,NVDA,put,OTM2+,market,75.0,09:35,16:00,forced,-0.03922
2026-02-23,NVDA,put,OTM2+,market,75.0,09:35,10:10,target,0.75
2026-02-23,NVDA,put,OTM2+,market,75.0,10:30,10:35,target,0.75
2026-02-23,NVDA,put,OTM2+,market,75.0,11:30,16:00,forced,-0.03922
2026-02-24,NVDA,put,OTM2+,market,75.0,09:35,16:00,forced,-0.03922
2026-02-25,NVDA,put,OTM2+,market,75.0,09:35,09:45,target,0.75
2026-02-26,NVDA,put,OTM2+,market,75.0,09:35,14:00,target,0.75
2026-02-26,NVDA,put,OTM2+,market,75.0,14:30,16:00,forced,-0.03922
2026-02-27,NVDA,put,OTM2+,market,75.0,09:35,12:50,target,0.75
2026-02-27,NVDA,put,OTM2+,market,75.0,13:30,14:10,target,0.75
2026-03-02,NVDA,put,OTM2+,market,75.0,10:00,10:15,target,0.75
2026-03-02,NVDA,put,OTM2+,market,75.0,12:00,12:55,target,0.75
2026-03-03,NVDA,put,OTM2+,market,75.0,09:35,10:45,target,0.75
2026-03-03,NVDA,put,OTM2+,market,75.0,13:00,13:15,target,0.75
2026-03-03,NVDA,put,OTM2+,market,75.0,13:30,15:00,target,0.75
2026-03-04,NVDA,put,OTM2+,market,75.0,09:35,16:00,forced,-0.03922
2026-03-05,NVDA,put,OTM2+,market,75.0,09:35,09:50,target,0.75
2026-03-06,NVDA,put,OTM2+,market,75.0,09:35,10:00,target,0.75
2026-03-06,NVDA,put,OTM2+,market,75.0,10:30,16:00,forced,-0.16949
2026-03-09,NVDA,put,OTM2+,market,75.0,09:35,10:05,target,0.75
2026-03-09,NVDA,put,OTM2+,market,75.0,10:30,11:20,target,0.75
2026-03-09,NVDA,put,OTM2+,market,75.0,11:30,14:10,target,0.75
2026-03-10,NVDA,put,OTM2+,market,75.0,09:35,11:00,target,0.75
2026-03-10,NVDA,put,OTM2+,market,75.0,11:00,15:15,target,0.75
2026-03-11,NVDA,put,OTM2+,market,75.0,10:00,10:45,target,0.75
2026-03-11,NVDA,put,OTM2+,market,75.0,14:00,14:20,target,0.75
2026-03-12,NVDA,put,OTM2+,market,75.0,09:35,10:00,target,0.75
2026-03-12,NVDA,put,OTM2+,market,75.0,14:00,16:00,forced,-0.03922
2026-03-13,NVDA,put,OTM2+,market,75.0,09:35,09:55,target,0.75
2026-02-17,NVDA,put,OTM2+,market,80.0,09:35,09:45,target,0.8
2026-02-17,NVDA,put,OTM2+,market,80.0,10:00,16:00,forced,-0.20455
2026-02-18,NVDA,put,OTM2+,market,80.0,09:35,11:50,target,0.8
2026-02-18,NVDA,put,OTM2+,market,80.0,12:00,12:20,target,0.8
2026-02-18,NVDA,put,OTM2+,market,80.0,14:00,16:00,forced,-0.03922
2026-02-19,NVDA,put,OTM2+,market,80.0,09:35,10:10,target,0.8
2026-02-19,NVDA,put,OTM2+,market,80.0,11:30,13:40,target,0.8
2026-02-19,NVDA,put,OTM2+,market,80.0,15:00,16:00,forced,-0.03922
2026-02-20,NVDA,put,OTM2+,market,80.0,09:35,16:00,forced,-0.03922
2026-02-23,NVDA,put,OTM2+,market,80.0,09:35,10:10,target,0.8
2026-02-23,NVDA,put,OTM2+,market,80.0,10:30,10:35,target,0.8
2026-02-23,NVDA,put,OTM2+,market,80.0,11:30,16:00,forced,-0.03922
2026-02-24,NVDA,put,OTM2+,market,80.0,09:35,16:00,forced,-0.03922
2026-02-25,NVDA,put,OTM2+,market,80.0,09:35,09:45,target,0.8
2026-02-26,NVDA,put,OTM2+,market,80.0,09:35,14:00,target,0.8
2026-02-26,NVDA,put,OTM2+,market,80.0,14:30,16:00,forced,-0.03922
2026-02-27,NVDA,put,OTM2+,market,80.0,09:35,12:50,target,0.8
2026-02-27,NVDA,put,OTM2+,market,80.0,13:30,14:10,target,0.8
2026-03-02,NVDA,put,OTM2+,market,80.0,10:00,10:15,target,0.8
2026-03-02,NVDA,put,OTM2+,market,80.0,12:00,12:55,target,0.8
2026-03-03,NVDA,put,OTM2+,market,80.0,09:35,10:45,target,0.8
2026-03-03,NVDA,put,OTM2+,market,80.0,13:00,13:15,target,0.8
2026-03-03,NVDA,put,OTM2+,market,80.0,13:30,15:00,target,0.8
2026-03-04,NVDA,put,OTM2+,market,80.0,09:35,16:00,forced,-0.03922
2026-03-05,NVDA,put,OTM2+,market,80.0,09:35,09:50,target,0.8
2026-03-06,NVDA,put,OTM2+,market,80.0,09:35,10:00,target,0.8
2026-03-06,NVDA,put,OTM2+,market,80.0,10:30,16:00,forced,-0.16949
2026-03-09,NVDA,put,OTM2+,market,80.0,09:35,10:05,target,0.8
2026-03-09,NVDA,put,OTM2+,market,80.0,10:30,11:20,target,0.8
2026-03-09,NVDA,put,OTM2+,market,80.0,11:30,14:10,target,0.8
2026-03-10,NVDA,put,OTM2+,market,80.0,09:35,11:00,target,0.8
2026-03-10,NVDA,put,OTM2+,market,80.0,11:00,15:15,target,0.8
2026-03-11,NVDA,put,OTM2+,market,80.0,10:00,10:45,target,0.8
2026-03-11,NVDA,put,OTM2+,market,80.0,14:00,14:20,target,0.8
2026-03-12,NVDA,put,OTM2+,market,80.0,09:35,10:00,target,0.8
2026-03-12,NVDA,put,OTM2+,market,80.0,14:00,16:00,forced,-0.03922
2026-03-13,NVDA,put,OTM2+,market,80.0,09:35,09:55,target,0.8
2026-02-17,NVDA,put,OTM2+,market,90.0,09:35,09:45,target,0.9
2026-02-17,NVDA,put,OTM2+,market,90.0,10:00,16:00,forced,-0.20455
2026-02-18,NVDA,put,OTM2+,market,90.0,09:35,11:50,target,0.9
2026-02-18,NVDA,put,OTM2+,market,90.0,12:00,12:20,target,0.9
2026-02-18,NVDA,put,OTM2+,market,90.0,14:00,16:00,forced,-0.03922
2026-02-19,NVDA,put,OTM2+,market,90.0,09:35,10:10,target,0.9
2026-02-19,NVDA,put,OTM2+,market,90.0,11:30,13:40,target,0.9
2026-02-19,NVDA,put,OTM2+,market,90.0,15:00,16:00,forced,-0.03922
2026-02-20,NVDA,put,OTM2+,market,90.0,09:35,16:00,forced,-0.03922
2026-02-23,NVDA,put,OTM2+,market,90.0,09:35,10:15,target,0.9
2026-02-23,NVDA,put,OTM2+,market,90.0,10:30,10:35,target,0.9
2026-02-23,NVDA,put,OTM2+,market,90.0,11:30,16:00,forced,-0.03922
2026-02-24,NVDA,put,OTM2+,market,90.0,09:35,16:00,forced,-0.03922
2026-02-25,NVDA,put,OTM2+,market,90.0,09:35,09:45,target,0.9
2026-02-26,NVDA,put,OTM2+,market,90.0,09:35,14:00,target,0.9
2026-02-26,NVDA,put,OTM2+,market,90.0,14:30,16:00,forced,-0.03922
2026-02-27,NVDA,put,OTM2+,market,90.0,09:35,12:50,target,0.9
2026-02-27,NVDA,put,OTM2+,market,90.0,13:30,14:10,target,0.9
2026-03-02,NVDA,put,OTM2+,market,90.0,10:00,10:15,target,0.9
2026-03-02,NVDA,put,OTM2+,market,90.0,12:00,12:55,target,0.9
2026-03-03,NVDA,put,OTM2+,market,90.0,09:35,10:50,target,0.9
2026-03-03,NVDA,put,OTM2+,market,90.0,13:00,13:15,target,0.9
2026-03-03,NVDA,put,OTM2+,market,90.0,13:30,15:00,target,0.9
2026-03-04,NVDA,put,OTM2+,market,90.0,09:35,16:00,forced,-0.03922
2026-03-05,NVDA,put,OTM2+,market,90.0,09:35,09:50,target,0.9
2026-03-06,NVDA,put,OTM2+,market,90.0,09:35,10:00,target,0.9
2026-03-06,NVDA,put,OTM2+,market,90.0,10:30,16:00,forced,-0.16949
2026-03-09,NVDA,put,OTM2+,market,90.0,09:35,10:05,target,0.9
2026-03-09,NVDA,put,OTM2+,market,90.0,10:30,11:20,target,0.9
2026-03-09,NVDA,put,OTM2+,market,90.0,11:30,14:10,target,0.9
2026-03-10,NVDA,put,OTM2+,market,90.0,09:35,13:30,target,0.9
2026-03-10,NVDA,put,OTM2+,market,90.0,14:00,15:15,target,0.9
2026-03-11,NVDA,put,OTM2+,market,90.0,10:00,11:40,target,0.9
2026-03-11,NVDA,put,OTM2+,market,90.0,14:00,14:20,target,0.9
2026-03-12,NVDA,put,OTM2+,market,90.0,09:35,10:00,target,0.9
2026-03-12,NVDA,put,OTM2+,market,90.0,14:00,16:00,forced,-0.03922
2026-03-13,NVDA,put,OTM2+,market,90.0,09:35,09:55,target,0.9
2026-02-17,NVDA,put,OTM2+,market,100.0,09:35,09:45,target,1.0
2026-02-17,NVDA,put,OTM2+,market,100.0,10:00,16:00,forced,-0.20455
2026-02-18,NVDA,put,OTM2+,market,100.0,09:35,11:50,target,1.0
2026-02-18,NVDA,put,OTM2+,market,100.0,12:00,12:20,target,1.0
2026-02-18,NVDA,put,OTM2+,market,100.0,14:00,16:00,forced,-0.03922
2026-02-19,NVDA,put,OTM2+,market,100.0,09:35,10:10,target,1.0
2026-02-19,NVDA,put,OTM2+,market,100.0,11:30,13:40,target,1.0
2026-02-19,NVDA,put,OTM2+,market,100.0,15:00,16:00,forced,-0.03922
2026-02-20,NVDA,put,OTM2+,market,100.0,09:35,16:00,forced,-0.03922
2026-02-23,NVDA,put,OTM2+,market,100.0,09:35,10:15,target,1.0
2026-02-23,NVDA,put,OTM2+,market,100.0,10:30,10:35,target,1.0
2026-02-23,NVDA,put,OTM2+,market,100.0,11:30,16:00,forced,-0.03922
2026-02-24,NVDA,put,OTM2+,market,100.0,09:35,16:00,forced,-0.03922
2026-02-25,NVDA,put,OTM2+,market,100.0,09:35,09:45,target,1.0
2026-02-26,NVDA,put,OTM2+,market,100.0,09:35,14:05,target,1.0
2026-02-26,NVDA,put,OTM2+,market,100.0,14:30,16:00,forced,-0.03922
2026-02-27,NVDA,put,OTM2+,market,100.0,09:35,12:50,target,1.0
2026-02-27,NVDA,put,OTM2+,market,100.0,13:30,14:10,target,1.0
2026-03-02,NVDA,put,OTM2+,market,100.0,10:00,10:15,target,1.0
2026-03-02,NVDA,put,OTM2+,market,100.0,12:00,12:55,target,1.0
2026-03-03,NVDA,put,OTM2+,market,100.0,09:35,10:50,target,1.0
2026-03-03,NVDA,put,OTM2+,market,100.0,13:00,13:15,target,1.0
2026-03-03,NVDA,put,OTM2+,market,100.0,13:30,15:00,target,1.0
2026-03-04,NVDA,put,OTM2+,market,100.0,09:35,16:00,forced,-0.03922
2026-03-05,NVDA,put,OTM2+,market,100.0,09:35,09:50,target,1.0
2026-03-06,NVDA,put,OTM2+,market,100.0,09:35,10:00,target,1.0
2026-03-06,NVDA,put,OTM2+,market,100.0,10:30,16:00,forced,-0.16949
2026-03-09,NVDA,put,OTM2+,market,100.0,09:35,10:05,target,1.0
2026-03-09,NVDA,put,OTM2+,market,100.0,10:30,11:25,target,1.0
2026-03-09,NVDA,put,OTM2+,market,100.0,11:30,14:10,target,1.0
2026-03-10,NVDA,put,OTM2+,market,100.0,09:35,13:30,target,1.0
2026-03-10,NVDA,put,OTM2+,market,100.0,14:00,15:15,target,1.0
2026-03-11,NVDA,put,OTM2+,market,100.0,10:00,11:40,target,1.0
2026-03-11,NVDA,put,OTM2+,market,100.0,14:00,14:20,target,1.0
2026-03-12,NVDA,put,OTM2+,market,100.0,09:35,10:00,target,1.0
2026-03-12,NVDA,put,OTM2+,market,100.0,14:00,16:00,forced,-0.03922
2026-03-13,NVDA,put,OTM2+,market,100.0,09:35,09:55,target,1.0
2026-02-16,NVDA,put,ATM,mid,20.0,10:30,10:35,target,0.2
2026-02-16,NVDA,put,ATM,mid,20.0,11:00,11:10,target,0.2
2026-02-16,NVDA,put,ATM,mid,20.0,13:30,15:35,target,0.2
2026-02-17,NVDA,put,ATM,mid,20.0,10:30,10:45,target,0.2
2026-02-17,NVDA,put,ATM,mid,20.0,11:00,11:05,target,0.2
2026-02-17,NVDA,put,ATM,mid,20.0,11:30,11:45,target,0.2
2026-02-17,NVDA,put,ATM,mid,20.0,13:00,14:10,target,0.2
2026-02-17,NVDA,put,ATM,mid,20.0,14:30,14:35,target,0.2
2026-02-17,NVDA,put,ATM,mid,20.0,15:00,15:35,target,0.2
2026-02-18,NVDA,put,ATM,mid,20.0,10:30,10:35,target,0.2
2026-02-18,NVDA,put,ATM,mid,20.0,11:00,11:05,target,0.2
2026-02-18,NVDA,put,ATM,mid,20.0,13:30,13:40,target,0.2
2026-02-18,NVDA,put,ATM,mid,20.0,14:30,14:45,target,0.2
2026-02-18,NVDA,put,ATM,mid,20.0,15:00,15:05,target,0.2
2026-02-19,NVDA,put,ATM,mid,20.0,10:30,10:35,target,0.2
2026-02-19,NVDA,put,ATM,mid,20.0,11:00,13:40,target,0.2
2026-02-19,NVDA,put,ATM,mid,20.0,14:30,16:00,forced,-0.92373
2026-02-20,NVDA,put,ATM,mid,20.0,10:30,10:45,target,0.2
2026-02-20,NVDA,put,ATM,mid,20.0,11:00,16:00,forced,-0.92558
2026-02-23,NVDA,put,ATM,mid,20.0,10:30,10:35,target,0.2
2026-02-23,NVDA,put,ATM,mid,20.0,11:00,11:05,target,0.2
2026-02-23,NVDA,put,ATM,mid,20.0,13:30,13:45,target,0.2
2026-02-23,NVDA,put,ATM,mid,20.0,14:30,14:35,target,0.2
2026-02-23,NVDA,put,ATM,mid,20.0,15:00,15:05,target,0.2
2026-02-23,NVDA,put,ATM,mid,20.0,15:30,15:35,target,0.2
2026-02-24,NVDA,put,ATM,mid,20.0,10:30,16:00,forced,-0.95598
2026-02-25,NVDA,put,ATM,mid,20.0,10:30,10:35,target,0.2
2026-02-25,NVDA,put,ATM,mid,20.0,14:30,16:00,forced,-0.92031
2026-02-26,NVDA,put,ATM,mid,20.0,10:30,12:35,target,0.2
2026-02-26,NVDA,put,ATM,mid,20.0,13:30,13:35,target,0.2
2026-02-26,NVDA,put,ATM,mid,20.0,14:30,14:40,target,0.2
2026-02-26,NVDA,put,ATM,mid,20.0,15:00,15:10,target,0.2
2026-02-26,NVDA,put,ATM,mid,20.0,15:30,16:00,forced,-0.93945
2026-02-27,NVDA,put,ATM,mid,20.0,10:30,11:15,target,0.2
2026-02-27,NVDA,put,ATM,mid,20.0,13:30,13:50,target,0.2
2026-02-27,NVDA,put,ATM,mid,20.0,14:30,14:40,target,0.2
2026-02-27,NVDA,put,ATM,mid,20.0,15:00,15:25,target,0.2
2026-03-02,NVDA,put,ATM,mid,20.0,10:00,10:10,target,0.2
2026-03-02,NVDA,put,ATM,mid,20.0,13:00,13:10,target,0.2
2026-03-02,NVDA,put,ATM,mid,20.0,14:00,14:05,target,0.2
2026-03-03,NVDA,put,ATM,mid,20.0,10:00,10:20,target,0.2
2026-03-03,NVDA,put,ATM,mid,20.0,13:00,13:10,target,0.2
2026-03-03,NVDA,put,ATM,mid,20.0,14:00,14:05,target,0.2
2026-03-03,NVDA,put,ATM,mid,20.0,15:00,16:00,forced,-0.76857
2026-03-04,NVDA,put,ATM,mid,20.0,10:00,16:00,forced,-0.93273
2026-03-05,NVDA,put,ATM,mid,20.0,10:00,10:05,target,0.2
2026-03-05,NVDA,put,ATM,mid,20.0,13:00,13:05,target,0.2
2026-03-05,NVDA,put,ATM,mid,20.0,14:00,14:15,target,0.2
2026-03-05,NVDA,put,ATM,mid,20.0,15:00,15:05,target,0.2
2026-03-06,NVDA,put,ATM,mid,20.0,10:00,16:00,forced,-0.92369
2026-03-09,NVDA,put,ATM,mid,20.0,10:00,10:05,target,0.2
2026-03-09,NVDA,put,ATM,mid,20.0,13:00,13:10,target,0.2
2026-03-09,NVDA,put,ATM,mid,20.0,14:00,14:10,target,0.2
2026-03-09,NVDA,put,ATM,mid,20.0,15:00,15:05,target,0.2
2026-03-09,NVDA,put,ATM,mid,20.0,15:30,16:00,forced,-0.55869
2026-03-10,NVDA,put,ATM,mid,20.0,10:00,10:50,target,0.2
2026-03-10,NVDA,put,ATM,mid,20.0,13:00,13:05,target,0.2
2026-03-10,NVDA,put,ATM,mid,20.0,14:00,14:10,target,0.2
2026-03-10,NVDA,put,ATM,mid,20.0,15:00,15:05,target,0.2
2026-03-10,NVDA,put,ATM,mid,20.0,15:30,15:50,target,0.2
2026-03-11,NVDA,put,ATM,mid,20.0,10:00,10:30,target,0.2
2026-03-11,NVDA,put,ATM,mid,20.0,13:00,13:25,target,0.2
2026-03-11,NVDA,put,ATM,mid,20.0,14:00,14:05,target,0.2
2026-03-11,NVDA,put,ATM,mid,20.0,15:00,15:05,target,0.2
2026-03-11,NVDA,put,ATM,mid,20.0,15:30,15:40,target,0.2
2026-03-12,NVDA,put,ATM,mid,20.0,10:00,10:15,target,0.2
2026-03-12,NVDA,put,ATM,mid,20.0,13:00,16:00,forced,-0.8866
2026-03-13,NVDA,put,ATM,mid,20.0,10:00,10:15,target,0.2
2026-03-13,NVDA,put,ATM,mid,20.0,10:30,10:35,target,0.2
2026-02-16,NVDA,put,ATM,mid,25.0,10:30,10:35,target,0.25
2026-02-16,NVDA,put,ATM,mid,25.0,11:00,11:10,target,0.25
2026-02-16,NVDA,put,ATM,mid,25.0,13:30,15:35,target,0.25
2026-02-17,NVDA,put,ATM,mid,25.0,10:30,10:45,target,0.25
2026-02-17,NVDA,put,ATM,mid,25.0,11:00,11:05,target,0.25
2026-02-17,NVDA,put,ATM,mid,25.0,11:30,16:00,forced,-0.94061
2026-02-18,NVDA,put,ATM,mid,25.0,10:30,10:35,target,0.25
2026-02-18,NVDA,put,ATM,mid,25.0,11:00,11:05,target,0.25
2026-02-18,NVDA,put,ATM,mid,25.0,13:30,13:40,target,0.25
2026-02-18,NVDA,put,ATM,mid,25.0,14:30,14:45,target,0.25
2026-02-18,NVDA,put,ATM,mid,25.0,15:00,15:05,target,0.25
2026-02-19,NVDA,put,ATM,mid,25.0,10:30,10:35,target,0.25
2026-02-19,NVDA,put,ATM,mid,25.0,11:00,13:40,target,0.25
2026-02-19,NVDA,put,ATM,mid,25.0,14:30,16:00,forced,-0.92373
2026-02-20,NVDA,put,ATM,mid,25.0,10:30,10:45,target,0.25
2026-02-20,NVDA,put,ATM,mid,25.0,11:00,16:00,forced,-0.92558
2026-02-23,NVDA,put,ATM,mid,25.0,10:30,10:35,target,0.25
2026-02-23,NVDA,put,ATM,mid,25.0,11:00,11:05,target,0.25
2026-02-23,NVDA,put,ATM,mid,25.0,13:30,13:45,target,0.25
2026-02-23,NVDA,put,ATM,mid,25.0,14:30,14:35,target,0.25
2026-02-23,NVDA,put,ATM,mid,25.0,15:00,15:40,target,0.25
2026-02-24,NVDA,put,ATM,mid,25.0,10:30,16:00,forced,-0.95598
2026-02-25,NVDA,put,ATM,mid,25.0,10:30,10:35,target,0.25
2026-02-25,NVDA,put,ATM,mid,25.0,14:30,16:00,forced,-0.92031
2026-02-26,NVDA,put,ATM,mid,25.0,10:30,12:35,target,0.25
2026-02-26,NVDA,put,ATM,mid,25.0,13:30,13:35,target,0.25
2026-02-26,NVDA,put,ATM,mid,25.0,14:30,14:40,target,0.25
2026-02-26,NVDA,put,ATM,mid,25.0,15:00,15:10,target,0.25
2026-02-26,NVDA,put,ATM,mid,25.0,15:30,16:00,forced,-0.93945
2026-02-27,NVDA,put,ATM,mid,25.0,10:30,11:55,target,0.25
2026-02-27,NVDA,put,ATM,mid,25.0,13:30,13:50,target,0.25
2026-02-27,NVDA,put,ATM,mid,25.0,14:30,14:40,target,0.25
2026-02-27,NVDA,put,ATM,mid,25.0,15:00,15:25,target,0.25
2026-03-02,NVDA,put,ATM,mid,25.0,10:00,10:10,target,0.25
2026-03-02,NVDA,put,ATM,mid,25.0,13:00,13:10,target,0.25
2026-03-02,NVDA,put,ATM,mid,25.0,14:00,14:05,target,0.25
2026-03-03,NVDA,put,ATM,mid,25.0,10:00,10:25,target,0.25
2026-03-03,NVDA,put,ATM,mid,25.0,13:00,13:10,target,0.25
2026-03-03,NVDA,put,ATM,mid,25.0,14:30,14:35,target,0.25
2026-03-03,NVDA,put,ATM,mid,25.0,15:00,16:00,forced,-0.76857
2026-03-04,NVDA,put,ATM,mid,25.0,10:00,16:00,forced,-0.93273
2026-03-05,NVDA,put,ATM,mid,25.0,10:00,10:05,target,0.25
2026-03-05,NVDA,put,ATM,mid,25.0,13:00,13:05,target,0.25
2026-03-05,NVDA,put,ATM,mid,25.0,14:30,14:45,target,0.25
2026-03-05,NVDA,put,ATM,mid,25.0,15:00,15:05,target,0.25
2026-03-06,NVDA,put,ATM,mid,25.0,10:00,16:00,forced,-0.92369
2026-03-09,NVDA,put,ATM,mid,25.0,10:00,10:05,target,0.25
2026-03-09,NVDA,put,ATM,mid,25.0,13:00,13:10,target,0.25
2026-03-09,NVDA,put,ATM,mid,25.0,14:30,15:15,target,0.25
2026-03-09,NVDA,put,ATM,mid,25.0,15:30,16:00,forced,-0.55869
2026-03-10,NVDA,put,ATM,mid,25.0,10:00,10:50,target,0.25
2026-03-10,NVDA,put,ATM,mid,25.0,13:00,13:05,target,0.25
2026-03-10,NVDA,put,ATM,mid,25.0,14:30,14:45,target,0.25
2026-03-10,NVDA,put,ATM,mid,25.0,15:00,15:05,target,0.25
2026-03-10,NVDA,put,ATM,mid,25.0,15:30,15:50,target,0.25
2026-03-11,NVDA,put,ATM,mid,25.0,10:00,10:30,target,0.25
2026-03-11,NVDA,put,ATM,mid,25.0,13:00,13:25,target,0.25
2026-03-11,NVDA,put,ATM,mid,25.0,14:30,14:40,target,0.25
2026-03-11,NVDA,put,ATM,mid,25.0,15:00,15:05,target,0.25
2026-03-11,NVDA,put,ATM,mid,25.0,15:30,15:40,target,0.25
2026-03-12,NVDA,put,ATM,mid,25.0,10:00,10:15,target,0.25
2026-03-12,NVDA,put,ATM,mid,25.0,13:00,16:00,forced,-0.8866
2026-03-13,NVDA,put,ATM,mid,25.0,10:00,10:15,target,0.25
2026-03-13,NVDA,put,ATM,mid,25.0,10:30,10:35,target,0.25
2026-02-16,NVDA,put,ATM,mid,30.0,10:30,10:35,target,0.3
2026-02-16,NVDA,put,ATM,mid,30.0,11:00,11:10,target,0.3
2026-02-16,NVDA,put,ATM,mid,30.0,13:30,15:35,target,0.3
2026-02-17,NVDA,put,ATM,mid,30.0,10:30,10:45,target,0.3
2026-02-17,NVDA,put,ATM,mid,30.0,11:00,11:05,target,0.3
2026-02-17,NVDA,put,ATM,mid,30.0,13:00,14:10,target,0.3
2026-02-17,NVDA,put,ATM,mid,30.0,14:30,14:40,target,0.3
2026-02-17,NVDA,put,ATM,mid,30.0,15:00,15:35,target,0.3
2026-02-18,NVDA,put,ATM,mid,30.0,10:30,10:35,target,0.3
2026-02-18,NVDA,put,ATM,mid,30.0,11:00,11:05,target,0.3
2026-02-18,NVDA,put,ATM,mid,30.0,13:30,13:40,target,0.3
2026-02-18,NVDA,put,ATM,mid,30.0,14:30,14:45,target,0.3
2026-02-18,NVDA,put,ATM,mid,30.0,15:00,15:05,target,0.3
2026-02-19,NVDA,put,ATM,mid,30.0,10:30,10:35,target,0.3
2026-02-19,NVDA,put,ATM,mid,30.0,11:00,13:40,target,0.3
2026-02-19,NVDA,put,ATM,mid,30.0,14:30,16:00,forced,-0.92373
2026-02-20,NVDA,put,ATM,mid,30.0,10:30,10:45,target,0.3
2026-02-20,NVDA,put,ATM,mid,30.0,11:00,16:00,forced,-0.92558
2026-02-23,NVDA,put,ATM,mid,30.0,10:30,10:35,target,0.3
2026-02-23,NVDA,put,ATM,mid,30.0,11:00,11:05,target,0.3
2026-02-23,NVDA,put,ATM,mid,30.0,13:30,13:45,target,0.3
2026-02-23,NVDA,put,ATM,mid,30.0,14:30,14:35,target,0.3
2026-02-23,NVDA,put,ATM,mid,30.0,15:00,15:40,target,0.3
2026-02-24,NVDA,put,ATM,mid,30.0,10:30,16:00,forced,-0.95598
2026-02-25,NVDA,put,ATM,mid,30.0,10:30,10:50,target,0.3
2026-02-25,NVDA,put,ATM,mid,30.0,14:30,16:00,forced,-0.92031
2026-02-26,NVDA,put,ATM,mid,30.0,10:30,12:35,target,0.3
2026-02-26,NVDA,put,ATM,mid,30.0,13:30,13:35,target,0.3
2026-02-26,NVDA,put,ATM,mid,30.0,14:30,14:40,target,0.3
2026-02-26,NVDA,put,ATM,mid,30.0,15:00,15:10,target,0.3
2026-02-26,NVDA,put,ATM,mid,30.0,15:30,16:00,forced,-0.93945
2026-02-27,NVDA,put,ATM,mid,30.0,10:30,11:55,target,0.3
2026-02-27,NVDA,put,ATM,mid,30.0,13:30,13:50,target,0.3
2026-02-27,NVDA,put,ATM,mid,30.0,14:30,14:40,target,0.3
2026-02-27,NVDA,put,ATM,mid,30.0,15:00,15:30,target,0.3
2026-03-02,NVDA,put,ATM,mid,30.0,10:00,10:15,target,0.3
2026-03-02,NVDA,put,ATM,mid,30.0,13:00,13:10,target,0.3
2026-03-02,NVDA,put,ATM,mid,30.0,14:00,14:05,target,0.3
2026-03-03,NVDA,put,ATM,mid,30.0,10:00,10:25,target,0.3
2026-03-03,NVDA,put,ATM,mid,30.0,13:00,13:10,target,0.3
2026-03-03,NVDA,put,ATM,mid,30.0,14:00,14:05,target,0.3
2026-03-03,NVDA,put,ATM,mid,30.0,14:30,14:35,target,0.3
2026-03-03,NVDA,put,ATM,mid,30.0,15:00,16:00,forced,-0.76857
2026-03-04,NVDA,put,ATM,mid,30.0,10:00,16:00,forced,-0.93273
2026-03-05,NVDA,put,ATM,mid,30.0,10:00,10:05,target,0.3
2026-03-05,NVDA,put,ATM,mid,30.0,13:00,13:05,target,0.3
2026-03-05,NVDA,put,ATM,mid,30.0,14:00,14:15,target,0.3
2026-03-05,NVDA,put,ATM,mid,30.0,14:30,14:45,target,0.3
2026-03-05,NVDA,put,ATM,mid,30.0,15:00,15:10,target,0.3
2026-03-06,NVDA,put,ATM,mid,30.0,10:00,16:00,forced,-0.92369
2026-03-09,NVDA,put,ATM,mid,30.0,10:00,10:05,target,0.3
2026-03-09,NVDA,put,ATM,mid,30.0,13:00,13:10,target,0.3
2026-03-09,NVDA,put,ATM,mid,30.0,14:00,14:10,target,0.3
2026-03-09,NVDA,put,ATM,mid,30.0,14:30,15:15,target,0.3
2026-03-09,NVDA,put,ATM,mid,30.0,15:30,16:00,forced,-0.55869
2026-03-10,NVDA,put,ATM,mid,30.0,10:00,10:55,target,0.3
2026-03-10,NVDA,put,ATM,mid,30.0,13:00,13:05,target,0.3
2026-03-10,NVDA,put,ATM,mid,30.0,14:00,14:20,target,0.3
2026-03-10,NVDA,put,ATM,mid,30.0,14:30,14:45,target,0.3
2026-03-10,NVDA,put,ATM,mid,30.0,15:00,15:05,target,0.3
2026-03-10,NVDA,put,ATM,mid,30.0,15:30,15:50,target,0.3
2026-03-11,NVDA,put,ATM,mid,30.0,10:00,10:45,target,0.3
2026-03-11,NVDA,put,ATM,mid,30.0,13:00,13:30,target,0.3
2026-03-11,NVDA,put,ATM,mid,30.0,14:00,14:05,target,0.3
2026-03-11,NVDA,put,ATM,mid,30.0,14:30,14:40,target,0.3
2026-03-11,NVDA,put,ATM,mid,30.0,15:00,15:05,target,0.3
2026-03-11,NVDA,put,ATM,mid,30.0,15:30,15:40,target,0.3
2026-03-12,NVDA,put,ATM,mid,30.0,10:00,10:15,target,0.3
2026-03-12,NVDA,put,ATM,mid,30.0,13:00,16:00,forced,-0.8866
2026-03-13,NVDA,put,ATM,mid,30.0,10:00,10:15,target,0.3
2026-03-13,NVDA,put,ATM,mid,30.0,10:30,10:35,target,0.3
2026-02-16,NVDA,put,ATM,mid,40.0,10:00,10:10,target,0.4
2026-02-16,NVDA,put,ATM,mid,40.0,10:30,10:35,target,0.4
2026-02-16,NVDA,put,ATM,mid,40.0,11:00,11:10,target,0.4
2026-02-16,NVDA,put,ATM,mid,40.0,11:30,12:05,target,0.4
2026-02-16,NVDA,put,ATM,mid,40.0,13:00,13:10,target,0.4
2026-02-16,NVDA,put,ATM,mid,40.0,13:30,15:35,target,0.4
2026-02-17,NVDA,put,ATM,mid,40.0,10:00,16:00,forced,-0.95949
2026-02-18,NVDA,put,ATM,mid,40.0,10:00,11:15,target,0.4
2026-02-18,NVDA,put,ATM,mid,40.0,11:30,11:40,target,0.4
2026-02-18,NVDA,put,ATM,mid,40.0,13:00,16:00,forced,-0.90325
2026-02-19,NVDA,put,ATM,mid,40.0,10:00,10:10,target,0.4
2026-02-19,NVDA,put,ATM,mid,40.0,10:30,10:35,target,0.4
2026-02-19,NVDA,put,ATM,mid,40.0,11:00,13:40,target,0.4
2026-02-19,NVDA,put,ATM,mid,40.0,14:30,16:00,forced,-0.92373
2026-02-20,NVDA,put,ATM,mid,40.0,10:00,10:45,target,0.4
2026-02-20,NVDA,put,ATM,mid,40.0,11:00,16:00,forced,-0.92558
2026-02-23,NVDA,put,ATM,mid,40.0,10:00,10:10,target,0.4
2026-02-23,NVDA,put,ATM,mid,40.0,10:30,10:35,target,0.4
2026-02-23,NVDA,put,ATM,mid,40.0,11:00,11:05,target,0.4
2026-02-23,NVDA,put,ATM,mid,40.0,11:30,15:40,target,0.4
2026-02-24,NVDA,put,ATM,mid,40.0,10:00,10:25,target,0.4
2026-02-24,NVDA,put,ATM,mid,40.0,10:30,16:00,forced,-0.95598
2026-02-25,NVDA,put,ATM,mid,40.0,10:00,10:10,target,0.4
2026-02-25,NVDA,put,ATM,mid,40.0,10:30,10:50,target,0.4
2026-02-25,NVDA,put,ATM,mid,40.0,14:30,16:00,forced,-0.92031
2026-02-26,NVDA,put,ATM,mid,40.0,10:00,12:45,target,0.4
2026-02-26,NVDA,put,ATM,mid,40.0,13:00,14:00,target,0.4
2026-02-26,NVDA,put,ATM,mid,40.0,14:30,14:40,target,0.4
2026-02-26,NVDA,put,ATM,mid,40.0,15:30,16:00,forced,-0.93945
2026-02-27,NVDA,put,ATM,mid,40.0,10:00,12:30,target,0.4
2026-02-27,NVDA,put,ATM,mid,40.0,13:00,14:55,target,0.4
2026-02-27,NVDA,put,ATM,mid,40.0,15:00,15:30,target,0.4
2026-03-02,NVDA,put,ATM,mid,40.0,10:00,10:15,target,0.4
2026-03-02,NVDA,put,ATM,mid,40.0,13:00,13:15,target,0.4
2026-03-02,NVDA,put,ATM,mid,40.0,14:00,14:05,target,0.4
2026-03-03,NVDA,put,ATM,mid,40.0,10:00,10:25,target,0.4
2026-03-03,NVDA,put,ATM,mid,40.0,13:00,13:10,target,0.4
2026-03-03,NVDA,put,ATM,mid,40.0,14:00,14:05,target,0.4
2026-03-03,NVDA,put,ATM,mid,40.0,14:30,14:35,target,0.4
2026-03-03,NVDA,put,ATM,mid,40.0,15:30,15:35,target,0.4
2026-03-04,NVDA,put,ATM,mid,40.0,10:00,16:00,forced,-0.93273
2026-03-05,NVDA,put,ATM,mid,40.0,10:00,10:05,target,0.4
2026-03-05,NVDA,put,ATM,mid,40.0,13:00,13:05,target,0.4
2026-03-05,NVDA,put,ATM,mid,40.0,14:00,14:20,target,0.4
2026-03-05,NVDA,put,ATM,mid,40.0,14:30,14:45,target,0.4
2026-03-05,NVDA,put,ATM,mid,40.0,15:00,15:10,target,0.4
2026-03-06,NVDA,put,ATM,mid,40.0,10:00,16:00,forced,-0.92369
2026-03-09,NVDA,put,ATM,mid,40.0,10:00,10:05,target,0.4
2026-03-09,NVDA,put,ATM,mid,40.0,13:00,13:10,target,0.4
2026-03-09,NVDA,put,ATM,mid,40.0,14:00,14:10,target,0.4
2026-03-09,NVDA,put,ATM,mid,40.0,14:30,15:15,target,0.4
2026-03-09,NVDA,put,ATM,mid,40.0,15:30,16:00,forced,-0.55869
2026-03-10,NVDA,put,ATM,mid,40.0,10:00,11:00,target,0.4
2026-03-10,NVDA,put,ATM,mid,40.0,13:00,13:05,target,0.4
2026-03-10,NVDA,put,ATM,mid,40.0,14:00,14:20,target,0.4
2026-03-10,NVDA,put,ATM,mid,40.0,14:30,14:45,target,0.4
2026-03-10,NVDA,put,ATM,mid,40.0,15:30,15:50,target,0.4
2026-03-11,NVDA,put,ATM,mid,40.0,10:00,10:45,target,0.4
2026-03-11,NVDA,put,ATM,mid,40.0,13:00,13:30,target,0.4
2026-03-11,NVDA,put,ATM,mid,40.0,14:00,14:05,target,0.4
2026-03-11,NVDA,put,ATM,mid,40.0,14:30,14:40,target,0.4
2026-03-11,NVDA,put,ATM,mid,40.0,15:30,15:40,target,0.4
2026-03-12,NVDA,put,ATM,mid,40.0,10:00,10:35,target,0.4
2026-03-12,NVDA,put,ATM,mid,40.0,13:00,16:00,forced,-0.8866
2026-03-13,NVDA,put,ATM,mid,40.0,10:00,10:15,target,0.4
2026-03-13,NVDA,put,ATM,mid,40.0,10:30,10:35,target,0.4
2026-02-16,NVDA,put,ATM,mid,50.0,10:00,10:35,target,0.5
2026-02-16,NVDA,put,ATM,mid,50.0,11:00,11:15,target,0.5
2026-02-16,NVDA,put,ATM,mid,50.0,13:00,13:10,target,0.5
2026-02-16,NVDA,put,ATM,mid,50.0,13:30,15:45,target,0.5
2026-02-17,NVDA,put,ATM,mid,50.0,10:00,16:00,forced,-0.95949
2026-02-18,NVDA,put,ATM,mid,50.0,10:00,11:15,target,0.5
2026-02-18,NVDA,put,ATM,mid,50.0,13:00,16:00,forced,-0.90325
2026-02-19,NVDA,put,ATM,mid,50.0,10:00,10:10,target,0.5
2026-02-19,NVDA,put,ATM,mid,50.0,10:30,10:40,target,0.5
2026-02-19,NVDA,put,ATM,mid,50.0,11:00,13:40,target,0.5
2026-02-19,NVDA,put,ATM,mid,50.0,14:00,14:30,target,0.5
2026-02-19,NVDA,put,ATM,mid,50.0,14:30,16:00,forced,-0.92373
2026-02-20,NVDA,put,ATM,mid,50.0,10:00,10:45,target,0.5
2026-02-20,NVDA,put,ATM,mid,50.0,11:00,16:00,forced,-0.92558
2026-02-23,NVDA,put,ATM,mid,50.0,10:00,10:10,target,0.5
2026-02-23,NVDA,put,ATM,mid,50.0,10:30,10:35,target,0.5
2026-02-23,NVDA,put,ATM,mid,50.0,11:00,11:05,target,0.5
2026-02-23,NVDA,put,ATM,mid,50.0,13:00,13:10,target,0.5
2026-02-23,NVDA,put,ATM,mid,50.0,13:30,13:50,target,0.5
2026-02-23,NVDA,put,ATM,mid,50.0,14:00,14:40,target,0.5
2026-02-23,NVDA,put,ATM,mid,50.0,15:30,15:40,target,0.5
2026-02-24,NVDA,put,ATM,mid,50.0,10:00,10:25,target,0.5
2026-02-24,NVDA,put,ATM,mid,50.0,10:30,16:00,forced,-0.95598
2026-02-25,NVDA,put,ATM,mid,50.0,10:00,10:10,target,0.5
2026-02-25,NVDA,put,ATM,mid,50.0,10:30,10:50,target,0.5
2026-02-25,NVDA,put,ATM,mid,50.0,14:30,16:00,forced,-0.92031
2026-02-26,NVDA,put,ATM,mid,50.0,10:00,12:45,target,0.5
2026-02-26,NVDA,put,ATM,mid,50.0,13:00,14:00,target,0.5
2026-02-26,NVDA,put,ATM,mid,50.0,14:00,16:00,forced,-0.94028
2026-02-27,NVDA,put,ATM,mid,50.0,10:00,12:30,target,0.5
2026-02-27,NVDA,put,ATM,mid,50.0,13:00,14:55,target,0.5
2026-02-27,NVDA,put,ATM,mid,50.0,15:00,15:30,target,0.5
2026-03-02,NVDA,put,ATM,mid,50.0,10:00,10:15,target,0.5
2026-03-02,NVDA,put,ATM,mid,50.0,13:00,13:15,target,0.5
2026-03-02,NVDA,put,ATM,mid,50.0,14:00,14:35,target,0.5
2026-03-03,NVDA,put,ATM,mid,50.0,10:00,10:25,target,0.5
2026-03-03,NVDA,put,ATM,mid,50.0,13:00,13:10,target,0.5
2026-03-03,NVDA,put,ATM,mid,50.0,14:00,14:05,target,0.5
2026-03-03,NVDA,put,ATM,mid,50.0,14:30,14:35,target,0.5
2026-03-03,NVDA,put,ATM,mid,50.0,15:00,16:00,forced,-0.76857
2026-03-04,NVDA,put,ATM,mid,50.0,10:00,16:00,forced,-0.93273
2026-03-05,NVDA,put,ATM,mid,50.0,10:00,10:05,target,0.5
2026-03-05,NVDA,put,ATM,mid,50.0,13:00,13:10,target,0.5
2026-03-05,NVDA,put,ATM,mid,50.0,14:00,14:30,target,0.5
2026-03-05,NVDA,put,ATM,mid,50.0,14:30,14:45,target,0.5
2026-03-05,NVDA,put,ATM,mid,50.0,15:00,15:10,target,0.5
2026-03-06,NVDA,put,ATM,mid,50.0,10:00,16:00,forced,-0.92369
2026-03-09,NVDA,put,ATM,mid,50.0,10:00,10:05,target,0.5
2026-03-09,NVDA,put,ATM,mid,50.0,13:00,13:15,target,0.5
2026-03-09,NVDA,put,ATM,mid,50.0,14:00,14:10,target,0.5
2026-03-09,NVDA,put,ATM,mid,50.0,14:30,15:20,target,0.5
2026-03-09,NVDA,put,ATM,mid,50.0,15:30,16:00,forced,-0.55869
2026-03-10,NVDA,put,ATM,mid,50.0,10:00,11:00,target,0.5
2026-03-10,NVDA,put,ATM,mid,50.0,13:00,13:20,target,0.5
2026-03-10,NVDA,put,ATM,mid,50.0,14:00,14:20,target,0.5
2026-03-10,NVDA,put,ATM,mid,50.0,14:30,14:55,target,0.5
2026-03-10,NVDA,put,ATM,mid,50.0,15:00,15:05,target,0.5
2026-03-10,NVDA,put,ATM,mid,50.0,15:30,15:50,target,0.5
2026-03-11,NVDA,put,ATM,mid,50.0,10:00,11:35,target,0.5
2026-03-11,NVDA,put,ATM,mid,50.0,13:00,13:30,target,0.5
2026-03-11,NVDA,put,ATM,mid,50.0,14:00,14:05,target,0.5
2026-03-11,NVDA,put,ATM,mid,50.0,14:30,14:45,target,0.5
2026-03-11,NVDA,put,ATM,mid,50.0,15:00,15:05,target,0.5
2026-03-11,NVDA,put,ATM,mid,50.0,15:30,15:50,target,0.5
2026-03-12,NVDA,put,ATM,mid,50.0,10:00,10:35,target,0.5
2026-03-12,NVDA,put,ATM,mid,50.0,13:00,16:00,forced,-0.8866
2026-03-13,NVDA,put,ATM,mid,50.0,10:00,10:15,target,0.5
2026-03-13,NVDA,put,ATM,mid,50.0,10:30,10:35,target,0.5
2026-02-16,NVDA,put,ATM,mid,60.0,10:00,10:35,target,0.6
2026-02-16,NVDA,put,ATM,mid,60.0,11:00,11:15,target,0.6
2026-02-16,NVDA,put,ATM,mid,60.0,13:00,13:15,target,0.6
2026-02-16,NVDA,put,ATM,mid,60.0,14:00,15:35,target,0.6
2026-02-17,NVDA,put,ATM,mid,60.0,10:00,16:00,forced,-0.95949
2026-02-18,NVDA,put,ATM,mid,60.0,10:00,11:15,target,0.6
2026-02-18,NVDA,put,ATM,mid,60.0,13:00,16:00,forced,-0.90325
2026-02-19,NVDA,put,ATM,mid,60.0,10:00,10:10,target,0.6
2026-02-19,NVDA,put,ATM,mid,60.0,10:30,10:40,target,0.6
2026-02-19,NVDA,put,ATM,mid,60.0,11:00,13:40,target,0.6
2026-02-19,NVDA,put,ATM,mid,60.0,14:00,14:30,target,0.6
2026-02-19,NVDA,put,ATM,mid,60.0,14:30,16:00,forced,-0.92373
2026-02-20,NVDA,put,ATM,mid,60.0,10:00,16:00,forced,-0.93195
2026-02-23,NVDA,put,ATM,mid,60.0,10:00,10:10,target,0.6
2026-02-23,NVDA,put,ATM,mid,60.0,10:30,10:40,target,0.6
2026-02-23,NVDA,put,ATM,mid,60.0,11:00,11:05,target,0.6
2026-02-23,NVDA,put,ATM,mid,60.0,13:00,13:10,target,0.6
2026-02-23,NVDA,put,ATM,mid,60.0,14:00,14:40,target,0.6
2026-02-23,NVDA,put,ATM,mid,60.0,15:30,15:40,target,0.6
2026-02-24,NVDA,put,ATM,mid,60.0,10:00,10:25,target,0.6
2026-02-24,NVDA,put,ATM,mid,60.0,10:30,16:00,forced,-0.95598
2026-02-25,NVDA,put,ATM,mid,60.0,10:00,10:15,target,0.6
2026-02-25,NVDA,put,ATM,mid,60.0,10:30,10:50,target,0.6
2026-02-25,NVDA,put,ATM,mid,60.0,14:30,16:00,forced,-0.92031
2026-02-26,NVDA,put,ATM,mid,60.0,10:00,12:45,target,0.6
2026-02-26,NVDA,put,ATM,mid,60.0,13:00,14:00,target,0.6
2026-02-26,NVDA,put,ATM,mid,60.0,14:00,16:00,forced,-0.94028
2026-02-27,NVDA,put,ATM,mid,60.0,10:00,12:50,target,0.6
2026-02-27,NVDA,put,ATM,mid,60.0,13:00,14:55,target,0.6
2026-02-27,NVDA,put,ATM,mid,60.0,15:00,15:30,target,0.6
2026-03-02,NVDA,put,ATM,mid,60.0,10:00,10:15,target,0.6
2026-03-02,NVDA,put,ATM,mid,60.0,13:00,13:15,target,0.6
2026-03-02,NVDA,put,ATM,mid,60.0,14:00,14:35,target,0.6
2026-03-03,NVDA,put,ATM,mid,60.0,10:00,10:25,target,0.6
2026-03-03,NVDA,put,ATM,mid,60.0,13:00,13:15,target,0.6
2026-03-03,NVDA,put,ATM,mid,60.0,14:00,14:05,target,0.6
2026-03-03,NVDA,put,ATM,mid,60.0,14:30,14:35,target,0.6
2026-03-03,NVDA,put,ATM,mid,60.0,15:00,16:00,forced,-0.76857
2026-03-04,NVDA,put,ATM,mid,60.0,10:00,16:00,forced,-0.93273
2026-03-05,NVDA,put,ATM,mid,60.0,10:00,10:05,target,0.6
2026-03-05,NVDA,put,ATM,mid,60.0,13:00,13:10,target,0.6
2026-03-05,NVDA,put,ATM,mid,60.0,14:00,14:30,target,0.6
2026-03-05,NVDA,put,ATM,mid,60.0,14:30,14:45,target,0.6
2026-03-05,NVDA,put,ATM,mid,60.0,15:00,15:10,target,0.6
2026-03-06,NVDA,put,ATM,mid,60.0,10:00,16:00,forced,-0.92369
2026-03-09,NVDA,put,ATM,mid,60.0,10:00,10:05,target,0.6
2026-03-09,NVDA,put,ATM,mid,60.0,13:00,13:15,target,0.6
2026-03-09,NVDA,put,ATM,mid,60.0,14:00,14:10,target,0.6
2026-03-09,NVDA,put,ATM,mid,60.0,14:30,15:20,target,0.6
2026-03-09,NVDA,put,ATM,mid,60.0,15:30,16:00,forced,-0.55869
2026-03-10,NVDA,put,ATM,mid,60.0,10:00,11:00,target,0.6
2026-03-10,NVDA,put,ATM,mid,60.0,13:00,13:20,target,0.6
2026-03-10,NVDA,put,ATM,mid,60.0,14:00,14:20,target,0.6
2026-03-10,NVDA,put,ATM,mid,60.0,14:30,15:00,target,0.6
2026-03-10,NVDA,put,ATM,mid,60.0,15:00,15:05,target,0.6
2026-03-10,NVDA,put,ATM,mid,60.0,15:30,15:50,target,0.6
2026-03-11,NVDA,put,ATM,mid,60.0,10:00,11:40,target,0.6
2026-03-11,NVDA,put,ATM,mid,60.0,13:00,13:30,target,0.6
2026-03-11,NVDA,put,ATM,mid,60.0,14:00,14:05,target,0.6
2026-03-11,NVDA,put,ATM,mid,60.0,14:30,14:45,target,0.6
2026-03-11,NVDA,put,ATM,mid,60.0,15:00,15:05,target,0.6
2026-03-11,NVDA,put,ATM,mid,60.0,15:30,15:50,target,0.6
2026-03-12,NVDA,put,ATM,mid,60.0,10:00,10:40,target,0.6
2026-03-12,NVDA,put,ATM,mid,60.0,13:00,16:00,forced,-0.8866
2026-03-13,NVDA,put,ATM,mid,60.0,10:00,10:15,target,0.6
2026-03-13,NVDA,put,ATM,mid,60.0,10:30,10:40,target,0.6
2026-02-16,NVDA,put,ATM,mid,70.0,10:30,10:45,target,0.7
2026-02-16,NVDA,put,ATM,mid,70.0,11:00,11:55,target,0.7
2026-02-16,NVDA,put,ATM,mid,70.0,13:00,13:15,target,0.7
2026-02-16,NVDA,put,ATM,mid,70.0,14:30,15:25,target,0.7
2026-02-16,NVDA,put,ATM,mid,70.0,15:30,15:35,target,0.7
2026-02-17,NVDA,put,ATM,mid,70.0,10:30,10:50,target,0.7
2026-02-17,NVDA,put,ATM,mid,70.0,11:00,11:05,target,0.7
2026-02-17,NVDA,put,ATM,mid,70.0,13:00,14:15,target,0.7
2026-02-17,NVDA,put,ATM,mid,70.0,14:30,14:40,target,0.7
2026-02-17,NVDA,put,ATM,mid,70.0,15:30,15:35,target,0.7
2026-02-18,NVDA,put,ATM,mid,70.0,10:30,10:45,target,0.7
2026-02-18,NVDA,put,ATM,mid,70.0,11:00,11:15,target,0.7
2026-02-18,NVDA,put,ATM,mid,70.0,13:00,16:00,forced,-0.90325
2026-02-19,NVDA,put,ATM,mid,70.0,10:30,10:40,target,0.7
2026-02-19,NVDA,put,ATM,mid,70.0,11:00,13:40,target,0.7
2026-02-19,NVDA,put,ATM,mid,70.0,14:30,16:00,forced,-0.92373
2026-02-20,NVDA,put,ATM,mid,70.0,10:30,16:00,forced,-0.92643
2026-02-23,NVDA,put,ATM,mid,70.0,10:30,10:40,target,0.7
2026-02-23,NVDA,put,ATM,mid,70.0,11:00,11:15,target,0.7
2026-02-23,NVDA,put,ATM,mid,70.0,13:00,13:10,target,0.7
2026-02-23,NVDA,put,ATM,mid,70.0,14:30,14:40,target,0.7
2026-02-23,NVDA,put,ATM,mid,70.0,15:30,15:40,target,0.7
2026-02-24,NVDA,put,ATM,mid,70.0,10:30,16:00,forced,-0.95598
2026-02-25,NVDA,put,ATM,mid,70.0,10:30,10:55,target,0.7
2026-02-25,NVDA,put,ATM,mid,70.0,14:30,16:00,forced,-0.92031
2026-02-26,NVDA,put,ATM,mid,70.0,10:30,12:40,target,0.7
2026-02-26,NVDA,put,ATM,mid,70.0,13:00,14:00,target,0.7
2026-02-26,NVDA,put,ATM,mid,70.0,14:30,16:00,forced,-0.94659
2026-02-27,NVDA,put,ATM,mid,70.0,10:30,12:15,target,0.7
2026-02-27,NVDA,put,ATM,mid,70.0,13:00,14:55,target,0.7
2026-02-27,NVDA,put,ATM,mid,70.0,15:00,15:30,target,0.7
2026-03-02,NVDA,put,ATM,mid,70.0,10:00,10:20,target,0.7
2026-03-02,NVDA,put,ATM,mid,70.0,13:00,13:15,target,0.7
2026-03-02,NVDA,put,ATM,mid,70.0,14:00,14:35,target,0.7
2026-03-03,NVDA,put,ATM,mid,70.0,10:00,10:25,target,0.7
2026-03-03,NVDA,put,ATM,mid,70.0,13:00,13:15,target,0.7
2026-03-03,NVDA,put,ATM,mid,70.0,14:00,14:05,target,0.7
2026-03-03,NVDA,put,ATM,mid,70.0,14:30,14:35,target,0.7
2026-03-03,NVDA,put,ATM,mid,70.0,15:00,16:00,forced,-0.76857
2026-03-04,NVDA,put,ATM,mid,70.0,10:00,16:00,forced,-0.93273
2026-03-05,NVDA,put,ATM,mid,70.0,10:00,11:10,target,0.7
2026-03-05,NVDA,put,ATM,mid,70.0,13:00,13:10,target,0.7
2026-03-05,NVDA,put,ATM,mid,70.0,14:00,14:30,target,0.7
2026-03-05,NVDA,put,ATM,mid,70.0,14:30,14:45,target,0.7
2026-03-05,NVDA,put,ATM,mid,70.0,15:00,15:10,target,0.7
2026-03-06,NVDA,put,ATM,mid,70.0,10:00,16:00,forced,-0.92369
2026-03-09,NVDA,put,ATM,mid,70.0,10:00,12:15,target,0.7
2026-03-09,NVDA,put,ATM,mid,70.0,13:00,13:15,target,0.7
2026-03-09,NVDA,put,ATM,mid,70.0,14:00,14:15,target,0.7
2026-03-09,NVDA,put,ATM,mid,70.0,14:30,15:20,target,0.7
2026-03-09,NVDA,put,ATM,mid,70.0,15:30,16:00,forced,-0.55869
2026-03-10,NVDA,put,ATM,mid,70.0,10:00,11:00,target,0.7
2026-03-10,NVDA,put,ATM,mid,70.0,13:00,13:20,target,0.7
2026-03-10,NVDA,put,ATM,mid,70.0,14:00,14:20,target,0.7
2026-03-10,NVDA,put,ATM,mid,70.0,14:30,15:00,target,0.7
2026-03-10,NVDA,put,ATM,mid,70.0,15:00,15:05,target,0.7
2026-03-10,NVDA,put,ATM,mid,70.0,15:30,15:50,target,0.7
2026-03-11,NVDA,put,ATM,mid,70.0,10:00,11:40,target,0.7
2026-03-11,NVDA,put,ATM,mid,70.0,13:00,13:30,target,0.7
2026-03-11,NVDA,put,ATM,mid,70.0,14:00,14:05,target,0.7
2026-03-11,NVDA,put,ATM,mid,70.0,14:30,15:00,target,0.7
2026-03-11,NVDA,put,ATM,mid,70.0,15:00,15:05,target,0.7
2026-03-11,NVDA,put,ATM,mid,70.0,15:30,15:55,target,0.7
2026-03-12,NVDA,put,ATM,mid,70.0,10:00,10:40,target,0.7
2026-03-12,NVDA,put,ATM,mid,70.0,13:00,16:00,forced,-0.8866
2026-03-13,NVDA,put,ATM,mid,70.0,10:00,10:20,target,0.7
2026-03-13,NVDA,put,ATM,mid,70.0,10:30,10:40,target,0.7
2026-02-16,NVDA,put,ATM,mid,75.0,10:00,10:35,target,0.75
2026-02-16,NVDA,put,ATM,mid,75.0,11:00,11:55,target,0.75
2026-02-16,NVDA,put,ATM,mid,75.0,13:00,13:15,target,0.75
2026-02-16,NVDA,put,ATM,mid,75.0,14:30,15:30,target,0.75
2026-02-16,NVDA,put,ATM,mid,75.0,15:30,15:35,target,0.75
2026-02-17,NVDA,put,ATM,mid,75.0,10:00,16:00,forced,-0.95949
2026-02-18,NVDA,put,ATM,mid,75.0,10:00,11:50,target,0.75
2026-02-18,NVDA,put,ATM,mid,75.0,13:00,16:00,forced,-0.90325
2026-02-19,NVDA,put,ATM,mid,75.0,10:00,10:10,target,0.75
2026-02-19,NVDA,put,ATM,mid,75.0,10:30,10:40,target,0.75
2026-02-19,NVDA,put,ATM,mid,75.0,11:00,13:40,target,0.75
2026-02-19,NVDA,put,ATM,mid,75.0,14:30,16:00,forced,-0.92373
2026-02-20,NVDA,put,ATM,mid,75.0,10:00,16:00,forced,-0.93195
2026-02-23,NVDA,put,ATM,mid,75.0,10:00,10:15,target,0.75
2026-02-23,NVDA,put,ATM,mid,75.0,10:30,10:40,target,0.75
2026-02-23,NVDA,put,ATM,mid,75.0,11:00,11:15,target,0.75
2026-02-23,NVDA,put,ATM,mid,75.0,13:00,13:10,target,0.75
2026-02-23,NVDA,put,ATM,mid,75.0,14:30,14:40,target,0.75
2026-02-23,NVDA,put,ATM,mid,75.0,15:30,15:40,target,0.75
2026-02-24,NVDA,put,ATM,mid,75.0,10:00,10:25,target,0.75
2026-02-24,NVDA,put,ATM,mid,75.0,10:30,16:00,forced,-0.95598
2026-02-25,NVDA,put,ATM,mid,75.0,10:00,10:15,target,0.75
2026-02-25,NVDA,put,ATM,mid,75.0,10:30,10:55,target,0.75
2026-02-25,NVDA,put,ATM,mid,75.0,14:30,16:00,forced,-0.92031
2026-02-26,NVDA,put,ATM,mid,75.0,10:00,14:00,target,0.75
2026-02-26,NVDA,put,ATM,mid,75.0,14:30,16:00,forced,-0.94659
2026-02-27,NVDA,put,ATM,mid,75.0,10:00,12:50,target,0.75
2026-02-27,NVDA,put,ATM,mid,75.0,13:00,14:55,target,0.75
2026-02-27,NVDA,put,ATM,mid,75.0,15:00,15:30,target,0.75
2026-03-02,NVDA,put,ATM,mid,75.0,10:00,10:20,target,0.75
2026-03-02,NVDA,put,ATM,mid,75.0,13:00,13:15,target,0.75
2026-03-02,NVDA,put,ATM,mid,75.0,14:00,14:35,target,0.75
2026-03-03,NVDA,put,ATM,mid,75.0,10:00,10:25,target,0.75
2026-03-03,NVDA,put,ATM,mid,75.0,13:00,13:15,target,0.75
2026-03-03,NVDA,put,ATM,mid,75.0,14:00,14:05,target,0.75
2026-03-03,NVDA,put,ATM,mid,75.0,15:30,15:35,target,0.75
2026-03-04,NVDA,put,ATM,mid,75.0,10:00,16:00,forced,-0.93273
2026-03-05,NVDA,put,ATM,mid,75.0,10:00,11:10,target,0.75
2026-03-05,NVDA,put,ATM,mid,75.0,13:00,13:10,target,0.75
2026-03-05,NVDA,put,ATM,mid,75.0,14:00,14:30,target,0.75
2026-03-05,NVDA,put,ATM,mid,75.0,15:00,15:10,target,0.75
2026-03-06,NVDA,put,ATM,mid,75.0,10:00,16:00,forced,-0.92369
2026-03-09,NVDA,put,ATM,mid,75.0,10:00,12:15,target,0.75
2026-03-09,NVDA,put,ATM,mid,75.0,13:00,13:45,target,0.75
2026-03-09,NVDA,put,ATM,mid,75.0,14:00,14:15,target,0.75
2026-03-09,NVDA,put,ATM,mid,75.0,15:30,16:00,forced,-0.55869
2026-03-10,NVDA,put,ATM,mid,75.0,10:00,11:00,target,0.75
2026-03-10,NVDA,put,ATM,mid,75.0,13:00,13:20,target,0.75
2026-03-10,NVDA,put,ATM,mid,75.0,14:00,14:20,target,0.75
2026-03-10,NVDA,put,ATM,mid,75.0,15:30,15:50,target,0.75
2026-03-11,NVDA,put,ATM,mid,75.0,10:00,11:40,target,0.75
2026-03-11,NVDA,put,ATM,mid,75.0,13:00,13:30,target,0.75
2026-03-11,NVDA,put,ATM,mid,75.0,14:00,14:05,target,0.75
2026-03-11,NVDA,put,ATM,mid,75.0,15:30,15:55,target,0.75
2026-03-12,NVDA,put,ATM,mid,75.0,10:00,10:40,target,0.75
2026-03-12,NVDA,put,ATM,mid,75.0,13:00,16:00,forced,-0.8866
2026-03-13,NVDA,put,ATM,mid,75.0,10:00,10:20,target,0.75
2026-03-13,NVDA,put,ATM,mid,75.0,10:30,10:40,target,0.75
2026-02-16,NVDA,put,ATM,mid,80.0,10:00,10:40,target,0.8
2026-02-16,NVDA,put,ATM,mid,80.0,11:00,11:55,target,0.8
2026-02-16,NVDA,put,ATM,mid,80.0,13:00,13:15,target,0.8
2026-02-16,NVDA,put,ATM,mid,80.0,14:30,15:30,target,0.8
2026-02-16,NVDA,put,ATM,mid,80.0,15:30,15:35,target,0.8
2026-02-17,NVDA,put,ATM,mid,80.0,10:00,16:00,forced,-0.95949
2026-02-18,NVDA,put,ATM,mid,80.0,10:00,11:50,target,0.8
2026-02-18,NVDA,put,ATM,mid,80.0,13:00,16:00,forced,-0.90325
2026-02-19,NVDA,put,ATM,mid,80.0,10:00,10:15,target,0.8
2026-02-19,NVDA,put,ATM,mid,80.0,10:30,10:40,target,0.8
2026-02-19,NVDA,put,ATM,mid,80.0,11:00,13:40,target,0.8
2026-02-19,NVDA,put,ATM,mid,80.0,14:30,16:00,forced,-0.92373
2026-02-20,NVDA,put,ATM,mid,80.0,10:00,16:00,forced,-0.93195
2026-02-23,NVDA,put,ATM,mid,80.0,10:00,10:15,target,0.8
2026-02-23,NVDA,put,ATM,mid,80.0,10:30,10:40,target,0.8
2026-02-23,NVDA,put,ATM,mid,80.0,11:00,11:15,target,0.8
2026-02-23,NVDA,put,ATM,mid,80.0,13:00,13:10,target,0.8
2026-02-23,NVDA,put,ATM,mid,80.0,14:30,14:40,target,0.8
2026-02-23,NVDA,put,ATM,mid,80.0,15:30,15:40,target,0.8
2026-02-24,NVDA,put,ATM,mid,80.0,10:00,10:25,target,0.8
2026-02-24,NVDA,put,ATM,mid,80.0,10:30,16:00,forced,-0.95598
2026-02-25,NVDA,put,ATM,mid,80.0,10:00,10:15,target,0.8
2026-02-25,NVDA,put,ATM,mid,80.0,10:30,10:55,target,0.8
2026-02-25,NVDA,put,ATM,mid,80.0,14:30,16:00,forced,-0.92031
2026-02-26,NVDA,put,ATM,mid,80.0,10:00,14:00,target,0.8
2026-02-26,NVDA,put,ATM,mid,80.0,14:30,16:00,forced,-0.94659
2026-02-27,NVDA,put,ATM,mid,80.0,10:00,12:50,target,0.8
2026-02-27,NVDA,put,ATM,mid,80.0,13:00,14:55,target,0.8
2026-02-27,NVDA,put,ATM,mid,80.0,15:00,15:30,target,0.8
2026-03-02,NVDA,put,ATM,mid,80.0,10:00,10:20,target,0.8
2026-03-02,NVDA,put,ATM,mid,80.0,13:00,13:15,target,0.8
2026-03-02,NVDA,put,ATM,mid,80.0,14:00,14:35,target,0.8
2026-03-03,NVDA,put,ATM,mid,80.0,10:00,10:25,target,0.8
2026-03-03,NVDA,put,ATM,mid,80.0,13:00,13:15,target,0.8
2026-03-03,NVDA,put,ATM,mid,80.0,14:00,14:10,target,0.8
2026-03-03,NVDA,put,ATM,mid,80.0,15:30,15:35,target,0.8
2026-03-04,NVDA,put,ATM,mid,80.0,10:00,16:00,forced,-0.93273
2026-03-05,NVDA,put,ATM,mid,80.0,10:00,11:10,target,0.8
2026-03-05,NVDA,put,ATM,mid,80.0,13:00,13:10,target,0.8
2026-03-05,NVDA,put,ATM,mid,80.0,14:00,14:30,target,0.8
2026-03-05,NVDA,put,ATM,mid,80.0,14:30,14:45,target,0.8
2026-03-05,NVDA,put,ATM,mid,80.0,15:00,15:10,target,0.8
2026-03-06,NVDA,put,ATM,mid,80.0,10:00,16:00,forced,-0.92369
2026-03-09,NVDA,put,ATM,mid,80.0,10:00,12:15,target,0.8
2026-03-09,NVDA,put,ATM,mid,80.0,13:00,13:45,target,0.8
2026-03-09,NVDA,put,ATM,mid,80.0,14:00,14:15,target,0.8
2026-03-09,NVDA,put,ATM,mid,80.0,15:30,16:00,forced,-0.55869
2026-03-10,NVDA,put,ATM,mid,80.0,10:00,11:00,target,0.8
2026-03-10,NVDA,put,ATM,mid,80.0,13:00,13:20,target,0.8
2026-03-10,NVDA,put,ATM,mid,80.0,14:00,14:20,target,0.8
2026-03-10,NVDA,put,ATM,mid,80.0,15:30,15:50,target,0.8
2026-03-11,NVDA,put,ATM,mid,80.0,10:00,11:40,target,0.8
2026-03-11,NVDA,put,ATM,mid,80.0,13:00,13:30,target,0.8
2026-03-11,NVDA,put,ATM,mid,80.0,14:00,14:05,target,0.8
2026-03-11,NVDA,put,ATM,mid,80.0,15:30,15:55,target,0.8
2026-03-12,NVDA,put,ATM,mid,80.0,10:00,10:40,target,0.8
2026-03-12,NVDA,put,ATM,mid,80.0,13:00,16:00,forced,-0.8866
2026-03-13,NVDA,put,ATM,mid,80.0,10:00,10:20,target,0.8
2026-03-13,NVDA,put,ATM,mid,80.0,10:30,10:40,target,0.8
2026-02-16,NVDA,put,ATM,mid,90.0,10:00,10:40,target,0.9
2026-02-16,NVDA,put,ATM,mid,90.0,11:00,11:55,target,0.9
2026-02-16,NVDA,put,ATM,mid,90.0,13:00,15:55,target,0.9
2026-02-17,NVDA,put,ATM,mid,90.0,10:00,16:00,forced,-0.95949
2026-02-18,NVDA,put,ATM,mid,90.0,10:00,11:50,target,0.9
2026-02-18,NVDA,put,ATM,mid,90.0,13:00,16:00,forced,-0.90325
2026-02-19,NVDA,put,ATM,mid,90.0,10:00,10:15,target,0.9
2026-02-19,NVDA,put,ATM,mid,90.0,10:30,10:40,target,0.9
2026-02-19,NVDA,put,ATM,mid,90.0,11:00,13:40,target,0.9
2026-02-19,NVDA,put,ATM,mid,90.0,14:30,16:00,forced,-0.92373
2026-02-20,NVDA,put,ATM,mid,90.0,10:00,16:00,forced,-0.93195
2026-02-23,NVDA,put,ATM,mid,90.0,10:00,10:35,target,0.9
2026-02-23,NVDA,put,ATM,mid,90.0,11:00,16:00,forced,-0.9334
2026-02-24,NVDA,put,ATM,mid,90.0,10:00,16:00,forced,-0.9677
2026-02-25,NVDA,put,ATM,mid,90.0,10:00,10:15,target,0.9
2026-02-25,NVDA,put,ATM,mid,90.0,10:30,10:55,target,0.9
2026-02-25,NVDA,put,ATM,mid,90.0,14:30,16:00,forced,-0.92031
2026-02-26,NVDA,put,ATM,mid,90.0,10:00,14:00,target,0.9
2026-02-26,NVDA,put,ATM,mid,90.0,14:30,16:00,forced,-0.94659
2026-02-27,NVDA,put,ATM,mid,90.0,10:00,12:50,target,0.9
2026-02-27,NVDA,put,ATM,mid,90.0,13:00,14:55,target,0.9
2026-02-27,NVDA,put,ATM,mid,90.0,15:00,15:30,target,0.9
2026-03-02,NVDA,put,ATM,mid,90.0,10:00,10:20,target,0.9
2026-03-02,NVDA,put,ATM,mid,90.0,11:00,13:30,target,0.9
2026-03-02,NVDA,put,ATM,mid,90.0,14:00,14:40,target,0.9
2026-03-03,NVDA,put,ATM,mid,90.0,10:00,10:25,target,0.9
2026-03-03,NVDA,put,ATM,mid,90.0,11:00,16:00,forced,-0.39514
2026-03-04,NVDA,put,ATM,mid,90.0,10:00,16:00,forced,-0.93273
2026-03-05,NVDA,put,ATM,mid,90.0,10:00,11:10,target,0.9
2026-03-05,NVDA,put,ATM,mid,90.0,13:00,13:10,target,0.9
2026-03-05,NVDA,put,ATM,mid,90.0,14:00,14:30,target,0.9
2026-03-05,NVDA,put,ATM,mid,90.0,14:30,14:45,target,0.9
2026-03-05,NVDA,put,ATM,mid,90.0,15:00,15:10,target,0.9
2026-03-06,NVDA,put,ATM,mid,90.0,10:00,16:00,forced,-0.92369
2026-03-09,NVDA,put,ATM,mid,90.0,10:00,12:15,target,0.9
2026-03-09,NVDA,put,ATM,mid,90.0,13:00,13:45,target,0.9
2026-03-09,NVDA,put,ATM,mid,90.0,14:00,14:15,target,0.9
2026-03-09,NVDA,put,ATM,mid,90.0,14:30,16:00,forced,-0.87585
2026-03-10,NVDA,put,ATM,mid,90.0,10:00,11:00,target,0.9
2026-03-10,NVDA,put,ATM,mid,90.0,11:00,14:20,target,0.9
2026-03-10,NVDA,put,ATM,mid,90.0,14:30,15:05,target,0.9
2026-03-10,NVDA,put,ATM,mid,90.0,15:30,15:50,target,0.9
2026-03-11,NVDA,put,ATM,mid,90.0,10:00,11:40,target,0.9
2026-03-11,NVDA,put,ATM,mid,90.0,13:00,13:30,target,0.9
2026-03-11,NVDA,put,ATM,mid,90.0,14:00,14:05,target,0.9
2026-03-11,NVDA,put,ATM,mid,90.0,14:30,15:05,target,0.9
2026-03-11,NVDA,put,ATM,mid,90.0,15:30,16:00,target,0.9
2026-03-12,NVDA,put,ATM,mid,90.0,10:00,10:40,target,0.9
2026-03-12,NVDA,put,ATM,mid,90.0,11:00,11:15,target,0.9
2026-03-12,NVDA,put,ATM,mid,90.0,13:00,16:00,forced,-0.8866
2026-03-13,NVDA,put,ATM,mid,90.0,10:00,10:20,target,0.9
2026-03-13,NVDA,put,ATM,mid,90.0,10:30,10:40,target,0.9
2026-02-16,NVDA,put,ATM,mid,100.0,10:30,10:55,target,1.0
2026-02-16,NVDA,put,ATM,mid,100.0,11:00,12:05,target,1.0
2026-02-16,NVDA,put,ATM,mid,100.0,13:00,15:55,target,1.0
2026-02-17,NVDA,put,ATM,mid,100.0,10:30,11:05,target,1.0
2026-02-17,NVDA,put,ATM,mid,100.0,13:00,14:15,target,1.0
2026-02-17,NVDA,put,ATM,mid,100.0,14:30,14:45,target,1.0
2026-02-17,NVDA,put,ATM,mid,100.0,15:30,15:35,target,1.0
2026-02-18,NVDA,put,ATM,mid,100.0,10:30,10:45,target,1.0
2026-02-18,NVDA,put,ATM,mid,100.0,11:00,11:50,target,1.0
2026-02-18,NVDA,put,ATM,mid,100.0,13:00,16:00,forced,-0.90325
2026-02-19,NVDA,put,ATM,mid,100.0,10:30,10:40,target,1.0
2026-02-19,NVDA,put,ATM,mid,100.0,11:00,13:40,target,1.0
2026-02-19,NVDA,put,ATM,mid,100.0,14:30,16:00,forced,-0.92373
2026-02-20,NVDA,put,ATM,mid,100.0,10:30,16:00,forced,-0.92643
2026-02-23,NVDA,put,ATM,mid,100.0,10:30,10:40,target,1.0
2026-02-23,NVDA,put,ATM,mid,100.0,11:00,16:00,forced,-0.9334
2026-02-24,NVDA,put,ATM,mid,100.0,10:30,16:00,forced,-0.95598
2026-02-25,NVDA,put,ATM,mid,100.0,10:30,11:00,target,1.0
2026-02-25,NVDA,put,ATM,mid,100.0,14:30,16:00,forced,-0.92031
2026-02-26,NVDA,put,ATM,mid,100.0,10:30,12:40,target,1.0
2026-02-26,NVDA,put,ATM,mid,100.0,13:00,14:00,target,1.0
2026-02-26,NVDA,put,ATM,mid,100.0,14:30,16:00,forced,-0.94659
2026-02-27,NVDA,put,ATM,mid,100.0,10:30,12:15,target,1.0
2026-02-27,NVDA,put,ATM,mid,100.0,13:00,14:55,target,1.0
2026-02-27,NVDA,put,ATM,mid,100.0,15:00,15:30,target,1.0
2026-03-02,NVDA,put,ATM,mid,100.0,10:00,10:20,target,1.0
2026-03-02,NVDA,put,ATM,mid,100.0,11:00,13:30,target,1.0
2026-03-02,NVDA,put,ATM,mid,100.0,14:00,14:40,target,1.0
2026-03-03,NVDA,put,ATM,mid,100.0,10:00,10:30,target,1.0
2026-03-03,NVDA,put,ATM,mid,100.0,11:00,16:00,forced,-0.39514
2026-03-04,NVDA,put,ATM,mid,100.0,10:00,16:00,forced,-0.93273
2026-03-05,NVDA,put,ATM,mid,100.0,10:00,11:10,target,1.0
2026-03-05,NVDA,put,ATM,mid,100.0,13:00,13:55,target,1.0
2026-03-05,NVDA,put,ATM,mid,100.0,14:00,14:30,target,1.0
2026-03-05,NVDA,put,ATM,mid,100.0,14:30,14:55,target,1.0
2026-03-05,NVDA,put,ATM,mid,100.0,15:00,15:10,target,1.0
2026-03-06,NVDA,put,ATM,mid,100.0,10:00,16:00,forced,-0.92369
2026-03-09,NVDA,put,ATM,mid,100.0,10:00,13:55,target,1.0
2026-03-09,NVDA,put,ATM,mid,100.0,14:00,14:15,target,1.0
2026-03-09,NVDA,put,ATM,mid,100.0,14:30,16:00,forced,-0.87585
2026-03-10,NVDA,put,ATM,mid,100.0,10:00,11:00,target,1.0
2026-03-10,NVDA,put,ATM,mid,100.0,11:00,14:20,target,1.0
2026-03-10,NVDA,put,ATM,mid,100.0,14:30,15:05,target,1.0
2026-03-10,NVDA,put,ATM,mid,100.0,15:30,15:50,target,1.0
2026-03-11,NVDA,put,ATM,mid,100.0,10:00,11:40,target,1.0
2026-03-11,NVDA,put,ATM,mid,100.0,13:00,13:30,target,1.0
2026-03-11,NVDA,put,ATM,mid,100.0,14:00,14:05,target,1.0
2026-03-11,NVDA,put,ATM,mid,100.0,14:30,15:05,target,1.0
2026-03-11,NVDA,put,ATM,mid,100.0,15:30,16:00,forced,0.96824
2026-03-12,NVDA,put,ATM,mid,100.0,10:00,10:40,target,1.0
2026-03-12,NVDA,put,ATM,mid,100.0,11:00,11:15,target,1.0
2026-03-12,NVDA,put,ATM,mid,100.0,13:00,16:00,forced,-0.8866
2026-03-13,NVDA,put,ATM,mid,100.0,10:00,10:25,target,1.0
2026-03-13,NVDA,put,ATM,mid,100.0,10:30,10:40,target,1.0
2026-02-16,NVDA,put,ATM,market,20.0,10:30,10:35,target,0.2
2026-02-16,NVDA,put,ATM,market,20.0,11:00,11:10,target,0.2
2026-02-16,NVDA,put,ATM,market,20.0,13:30,15:35,target,0.2
2026-02-17,NVDA,put,ATM,market,20.0,10:30,10:45,target,0.2
2026-02-17,NVDA,put,ATM,market,20.0,11:00,11:05,target,0.2
2026-02-17,NVDA,put,ATM,market,20.0,11:30,16:00,forced,-0.94294
2026-02-18,NVDA,put,ATM,market,20.0,10:30,10:35,target,0.2
2026-02-18,NVDA,put,ATM,market,20.0,11:00,11:05,target,0.2
2026-02-18,NVDA,put,ATM,market,20.0,13:30,13:40,target,0.2
2026-02-18,NVDA,put,ATM,market,20.0,14:30,14:45,target,0.2
2026-02-18,NVDA,put,ATM,market,20.0,15:00,15:05,target,0.2
2026-02-19,NVDA,put,ATM,market,20.0,10:30,10:35,target,0.2
2026-02-19,NVDA,put,ATM,market,20.0,11:00,13:40,target,0.2
2026-02-19,NVDA,put,ATM,market,20.0,14:30,16:00,forced,-0.92672
2026-02-20,NVDA,put,ATM,market,20.0,10:30,10:45,target,0.2
2026-02-20,NVDA,put,ATM,market,20.0,11:00,16:00,forced,-0.9285
2026-02-23,NVDA,put,ATM,market,20.0,10:30,10:35,target,0.2
2026-02-23,NVDA,put,ATM,market,20.0,11:00,11:05,target,0.2
2026-02-23,NVDA,put,ATM,market,20.0,13:30,13:45,target,0.2
2026-02-23,NVDA,put,ATM,market,20.0,14:30,14:35,target,0.2
2026-02-23,NVDA,put,ATM,market,20.0,15:00,15:40,target,0.2
2026-02-24,NVDA,put,ATM,market,20.0,10:30,16:00,forced,-0.95771
2026-02-25,NVDA,put,ATM,market,20.0,10:30,10:35,target,0.2
2026-02-25,NVDA,put,ATM,market,20.0,14:30,16:00,forced,-0.92344
2026-02-26,NVDA,put,ATM,market,20.0,10:30,12:35,target,0.2
2026-02-26,NVDA,put,ATM,market,20.0,13:30,13:35,target,0.2
2026-02-26,NVDA,put,ATM,market,20.0,14:30,14:40,target,0.2
2026-02-26,NVDA,put,ATM,market,20.0,15:00,15:10,target,0.2
2026-02-26,NVDA,put,ATM,market,20.0,15:30,16:00,forced,-0.94183
2026-02-27,NVDA,put,ATM,market,20.0,10:30,11:55,target,0.2
2026-02-27,NVDA,put,ATM,market,20.0,13:30,13:50,target,0.2
2026-02-27,NVDA,put,ATM,market,20.0,14:30,14:40,target,0.2
2026-02-27,NVDA,put,ATM,market,20.0,15:00,15:25,target,0.2
2026-03-02,NVDA,put,ATM,market,20.0,10:00,10:10,target,0.2
2026-03-02,NVDA,put,ATM,market,20.0,13:00,13:10,target,0.2
2026-03-02,NVDA,put,ATM,market,20.0,14:00,14:05,target,0.2
2026-03-03,NVDA,put,ATM,market,20.0,10:00,10:25,target,0.2
2026-03-03,NVDA,put,ATM,market,20.0,13:00,13:10,target,0.2
2026-03-03,NVDA,put,ATM,market,20.0,14:30,14:35,target,0.2
2026-03-03,NVDA,put,ATM,market,20.0,15:00,16:00,forced,-0.77768
2026-03-04,NVDA,put,ATM,market,20.0,10:00,16:00,forced,-0.93536
2026-03-05,NVDA,put,ATM,market,20.0,10:00,10:05,target,0.2
2026-03-05,NVDA,put,ATM,market,20.0,13:00,13:05,target,0.2
2026-03-05,NVDA,put,ATM,market,20.0,14:30,14:45,target,0.2
2026-03-05,NVDA,put,ATM,market,20.0,15:00,15:05,target,0.2
2026-03-06,NVDA,put,ATM,market,20.0,10:00,16:00,forced,-0.92668
2026-03-09,NVDA,put,ATM,market,20.0,10:00,10:05,target,0.2
2026-03-09,NVDA,put,ATM,market,20.0,13:00,13:10,target,0.2
2026-03-09,NVDA,put,ATM,market,20.0,14:30,15:15,target,0.2
2026-03-09,NVDA,put,ATM,market,20.0,15:30,16:00,forced,-0.57612
2026-03-10,NVDA,put,ATM,market,20.0,10:00,10:50,target,0.2
2026-03-10,NVDA,put,ATM,market,20.0,13:00,13:05,target,0.2
2026-03-10,NVDA,put,ATM,market,20.0,14:30,14:45,target,0.2
2026-03-10,NVDA,put,ATM,market,20.0,15:00,15:05,target,0.2
2026-03-10,NVDA,put,ATM,market,20.0,15:30,15:50,target,0.2
2026-03-11,NVDA,put,ATM,market,20.0,10:00,10:30,target,0.2
2026-03-11,NVDA,put,ATM,market,20.0,13:00,13:25,target,0.2
2026-03-11,NVDA,put,ATM,market,20.0,14:30,14:40,target,0.2
2026-03-11,NVDA,put,ATM,market,20.0,15:00,15:05,target,0.2
2026-03-11,NVDA,put,ATM,market,20.0,15:30,15:40,target,0.2
2026-03-12,NVDA,put,ATM,market,20.0,10:00,10:15,target,0.2
2026-03-12,NVDA,put,ATM,market,20.0,13:00,16:00,forced,-0.89104
2026-03-13,NVDA,put,ATM,market,20.0,10:00,10:15,target,0.2
2026-03-13,NVDA,put,ATM,market,20.0,10:30,10:35,target,0.2
2026-02-16,NVDA,put,ATM,market,25.0,10:30,10:35,target,0.25
2026-02-16,NVDA,put,ATM,market,25.0,11:00,11:10,target,0.25
2026-02-16,NVDA,put,ATM,market,25.0,13:30,15:35,target,0.25
2026-02-17,NVDA,put,ATM,market,25.0,10:30,10:45,target,0.25
2026-02-17,NVDA,put,ATM,market,25.0,11:00,11:05,target,0.25
2026-02-17,NVDA,put,ATM,market,25.0,13:00,14:10,target,0.25
2026-02-17,NVDA,put,ATM,market,25.0,14:30,14:40,target,0.25
2026-02-17,NVDA,put,ATM,market,25.0,15:00,15:35,target,0.25
2026-02-18,NVDA,put,ATM,market,25.0,10:30,10:35,target,0.25
2026-02-18,NVDA,put,ATM,market,25.0,11:00,11:05,target,0.25
2026-02-18,NVDA,put,ATM,market,25.0,13:30,13:40,target,0.25
2026-02-18,NVDA,put,ATM,market,25.0,14:30,14:45,target,0.25
2026-02-18,NVDA,put,ATM,market,25.0,15:00,15:05,target,0.25
2026-02-19,NVDA,put,ATM,market,25.0,10:30,10:35,target,0.25
2026-02-19,NVDA,put,ATM,market,25.0,11:00,13:40,target,0.25
2026-02-19,NVDA,put,ATM,market,25.0,14:30,16:00,forced,-0.92672
2026-02-20,NVDA,put,ATM,market,25.0,10:30,10:45,target,0.25
2026-02-20,NVDA,put,ATM,market,25.0,11:00,16:00,forced,-0.9285
2026-02-23,NVDA,put,ATM,market,25.0,10:30,10:35,target,0.25
2026-02-23,NVDA,put,ATM,market,25.0,11:00,11:05,target,0.25
2026-02-23,NVDA,put,ATM,market,25.0,13:30,13:45,target,0.25
2026-02-23,NVDA,put,ATM,market,25.0,14:30,14:35,target,0.25
2026-02-23,NVDA,put,ATM,market,25.0,15:00,15:40,target,0.25
2026-02-24,NVDA,put,ATM,market,25.0,10:30,16:00,forced,-0.95771
2026-02-25,NVDA,put,ATM,market,25.0,10:30,10:50,target,0.25
2026-02-25,NVDA,put,ATM,market,25.0,14:30,16:00,forced,-0.92344
2026-02-26,NVDA,put,ATM,market,25.0,10:30,12:35,target,0.25
2026-02-26,NVDA,put,ATM,market,25.0,13:30,13:35,target,0.25
2026-02-26,NVDA,put,ATM,market,25.0,14:30,14:40,target,0.25
2026-02-26,NVDA,put,ATM,market,25.0,15:00,15:10,target,0.25
2026-02-26,NVDA,put,ATM,market,25.0,15:30,16:00,forced,-0.94183
2026-02-27,NVDA,put,ATM,market,25.0,10:30,11:55,target,0.25
2026-02-27,NVDA,put,ATM,market,25.0,13:30,13:50,target,0.25
2026-02-27,NVDA,put,ATM,market,25.0,14:30,14:40,target,0.25
2026-02-27,NVDA,put,ATM,market,25.0,15:00,15:30,target,0.25
2026-03-02,NVDA,put,ATM,market,25.0,10:00,10:15,target,0.25
2026-03-02,NVDA,put,ATM,market,25.0,13:00,13:10,target,0.25
2026-03-02,NVDA,put,ATM,market,25.0,14:00,14:05,target,0.25
2026-03-03,NVDA,put,ATM,market,25.0,10:00,10:25,target,0.25
2026-03-03,NVDA,put,ATM,market,25.0,13:00,13:10,target,0.25
2026-03-03,NVDA,put,ATM,market,25.0,14:00,14:05,target,0.25
2026-03-03,NVDA,put,ATM,market,25.0,14:30,14:35,target,0.25
2026-03-03,NVDA,put,ATM,market,25.0,15:00,16:00,forced,-0.77768
2026-03-04,NVDA,put,ATM,market,25.0,10:00,16:00,forced,-0.93536
2026-03-05,NVDA,put,ATM,market,25.0,10:00,10:05,target,0.25
2026-03-05,NVDA,put,ATM,market,25.0,13:00,13:05,target,0.25
2026-03-05,NVDA,put,ATM,market,25.0,14:00,14:15,target,0.25
2026-03-05,NVDA,put,ATM,market,25.0,14:30,14:45,target,0.25
2026-03-05,NVDA,put,ATM,market,25.0,15:00,15:10,target,0.25
2026-03-06,NVDA,put,ATM,market,25.0,10:00,16:00,forced,-0.92668
2026-03-09,NVDA,put,ATM,market,25.0,10:00,10:05,target,0.25
2026-03-09,NVDA,put,ATM,market,25.0,13:00,13:10,target,0.25
2026-03-09,NVDA,put,ATM,market,25.0,14:00,14:10,target,0.25
2026-03-09,NVDA,put,ATM,market,25.0,14:30,15:15,target,0.25
2026-03-09,NVDA,put,ATM,market,25.0,15:30,16:00,forced,-0.57612
2026-03-10,NVDA,put,ATM,market,25.0,10:00,10:55,target,0.25
2026-03-10,NVDA,put,ATM,market,25.0,13:00,13:05,target,0.25
2026-03-10,NVDA,put,ATM,market,25.0,14:00,14:20,target,0.25
2026-03-10,NVDA,put,ATM,market,25.0,14:30,14:45,target,0.25
2026-03-10,NVDA,put,ATM,market,25.0,15:00,15:05,target,0.25
2026-03-10,NVDA,put,ATM,market,25.0,15:30,15:50,target,0.25
2026-03-11,NVDA,put,ATM,market,25.0,10:00,10:45,target,0.25
2026-03-11,NVDA,put,ATM,market,25.0,13:00,13:30,target,0.25
2026-03-11,NVDA,put,ATM,market,25.0,14:00,14:05,target,0.25
2026-03-11,NVDA,put,ATM,market,25.0,14:30,14:40,target,0.25
2026-03-11,NVDA,put,ATM,market,25.0,15:00,15:05,target,0.25
2026-03-11,NVDA,put,ATM,market,25.0,15:30,15:40,target,0.25
2026-03-12,NVDA,put,ATM,market,25.0,10:00,10:15,target,0.25
2026-03-12,NVDA,put,ATM,market,25.0,13:00,16:00,forced,-0.89104
2026-03-13,NVDA,put,ATM,market,25.0,10:00,10:15,target,0.25
2026-03-13,NVDA,put,ATM,market,25.0,10:30,10:35,target,0.25
2026-02-16,NVDA,put,ATM,market,30.0,10:30,10:35,target,0.3
2026-02-16,NVDA,put,ATM,market,30.0,11:00,11:10,target,0.3
2026-02-16,NVDA,put,ATM,market,30.0,11:30,12:05,target,0.3
2026-02-16,NVDA,put,ATM,market,30.0,13:30,15:35,target,0.3
2026-02-17,NVDA,put,ATM,market,30.0,10:30,10:45,target,0.3
2026-02-17,NVDA,put,ATM,market,30.0,11:00,11:05,target,0.3
2026-02-17,NVDA,put,ATM,market,30.0,11:30,16:00,forced,-0.94294
2026-02-18,NVDA,put,ATM,market,30.0,10:30,10:35,target,0.3
2026-02-18,NVDA,put,ATM,market,30.0,11:00,11:05,target,0.3
2026-02-18,NVDA,put,ATM,market,30.0,11:30,11:40,target,0.3
2026-02-18,NVDA,put,ATM,market,30.0,13:30,13:40,target,0.3
2026-02-18,NVDA,put,ATM,market,30.0,14:30,16:00,forced,-0.9369
2026-02-19,NVDA,put,ATM,market,30.0,10:30,10:35,target,0.3
2026-02-19,NVDA,put,ATM,market,30.0,11:00,13:40,target,0.3
2026-02-19,NVDA,put,ATM,market,30.0,14:30,16:00,forced,-0.92672
2026-02-20,NVDA,put,ATM,market,30.0,10:30,10:45,target,0.3
2026-02-20,NVDA,put,ATM,market,30.0,11:00,16:00,forced,-0.9285
2026-02-23,NVDA,put,ATM,market,30.0,10:30,10:35,target,0.3
2026-02-23,NVDA,put,ATM,market,30.0,11:00,11:05,target,0.3
2026-02-23,NVDA,put,ATM,market,30.0,11:30,12:00,target,0.3
2026-02-23,NVDA,put,ATM,market,30.0,13:30,13:45,target,0.3
2026-02-23,NVDA,put,ATM,market,30.0,14:30,14:35,target,0.3
2026-02-23,NVDA,put,ATM,market,30.0,15:30,15:40,target,0.3
2026-02-24,NVDA,put,ATM,market,30.0,10:30,16:00,forced,-0.95771
2026-02-25,NVDA,put,ATM,market,30.0,10:30,10:50,target,0.3
2026-02-25,NVDA,put,ATM,market,30.0,14:30,16:00,forced,-0.92344
2026-02-26,NVDA,put,ATM,market,30.0,10:30,12:35,target,0.3
2026-02-26,NVDA,put,ATM,market,30.0,13:30,13:35,target,0.3
2026-02-26,NVDA,put,ATM,market,30.0,14:30,14:40,target,0.3
2026-02-26,NVDA,put,ATM,market,30.0,15:30,16:00,forced,-0.94183
2026-02-27,NVDA,put,ATM,market,30.0,10:30,12:10,target,0.3
2026-02-27,NVDA,put,ATM,market,30.0,13:30,13:50,target,0.3
2026-02-27,NVDA,put,ATM,market,30.0,14:30,14:40,target,0.3
2026-02-27,NVDA,put,ATM,market,30.0,15:00,15:30,target,0.3
2026-03-02,NVDA,put,ATM,market,30.0,10:00,10:15,target,0.3
2026-03-02,NVDA,put,ATM,market,30.0,13:00,13:15,target,0.3
2026-03-02,NVDA,put,ATM,market,30.0,14:00,14:05,target,0.3
2026-03-03,NVDA,put,ATM,market,30.0,10:00,10:25,target,0.3
2026-03-03,NVDA,put,ATM,market,30.0,13:00,13:10,target,0.3
2026-03-03,NVDA,put,ATM,market,30.0,14:00,14:05,target,0.3
2026-03-03,NVDA,put,ATM,market,30.0,14:30,14:35,target,0.3
2026-03-03,NVDA,put,ATM,market,30.0,15:00,16:00,forced,-0.77768
2026-03-04,NVDA,put,ATM,market,30.0,10:00,16:00,forced,-0.93536
2026-03-05,NVDA,put,ATM,market,30.0,10:00,10:05,target,0.3
2026-03-05,NVDA,put,ATM,market,30.0,13:00,13:05,target,0.3
2026-03-05,NVDA,put,ATM,market,30.0,14:00,14:20,target,0.3
2026-03-05,NVDA,put,ATM,market,30.0,14:30,14:45,target,0.3
2026-03-05,NVDA,put,ATM,market,30.0,15:00,15:10,target,0.3
2026-03-06,NVDA,put,ATM,market,30.0,10:00,16:00,forced,-0.92668
2026-03-09,NVDA,put,ATM,market,30.0,10:00,10:05,target,0.3
2026-03-09,NVDA,put,ATM,market,30.0,13:00,13:10,target,0.3
2026-03-09,NVDA,put,ATM,market,30.0,14:00,14:10,target,0.3
2026-03-09,NVDA,put,ATM,market,30.0,14:30,15:15,target,0.3
2026-03-09,NVDA,put,ATM,market,30.0,15:30,16:00,forced,-0.57612
2026-03-10,NVDA,put,ATM,market,30.0,10:00,10:55,target,0.3
2026-03-10,NVDA,put,ATM,market,30.0,13:00,13:05,target,0.3
2026-03-10,NVDA,put,ATM,market,30.0,14:00,14:20,target,0.3
2026-03-10,NVDA,put,ATM,market,30.0,14:30,14:45,target,0.3
2026-03-10,NVDA,put,ATM,market,30.0,15:00,15:05,target,0.3
2026-03-10,NVDA,put,ATM,market,30.0,15:30,15:50,target,0.3
2026-03-11,NVDA,put,ATM,market,30.0,10:00,10:45,target,0.3
2026-03-11,NVDA,put,ATM,market,30.0,13:00,13:30,target,0.3
2026-03-11,NVDA,put,ATM,market,30.0,14:00,14:05,target,0.3
2026-03-11,NVDA,put,ATM,market,30.0,14:30,14:40,target,0.3
2026-03-11,NVDA,put,ATM,market,30.0,15:00,15:05,target,0.3
2026-03-11,NVDA,put,ATM,market,30.0,15:30,15:40,target,0.3
2026-03-12,NVDA,put,ATM,market,30.0,10:00,10:15,target,0.3
2026-03-12,NVDA,put,ATM,market,30.0,13:00,16:00,forced,-0.89104
2026-03-13,NVDA,put,ATM,market,30.0,10:00,10:15,target,0.3
2026-03-13,NVDA,put,ATM,market,30.0,10:30,10:35,target,0.3
2026-02-16,NVDA,put,ATM,market,40.0,10:00,10:35,target,0.4
2026-02-16,NVDA,put,ATM,market,40.0,11:00,11:15,target,0.4
2026-02-16,NVDA,put,ATM,market,40.0,13:00,13:10,target,0.4
2026-02-16,NVDA,put,ATM,market,40.0,13:30,15:35,target,0.4
2026-02-17,NVDA,put,ATM,market,40.0,10:00,16:00,forced,-0.96108
2026-02-18,NVDA,put,ATM,market,40.0,10:00,11:15,target,0.4
2026-02-18,NVDA,put,ATM,market,40.0,13:00,16:00,forced,-0.90704
2026-02-19,NVDA,put,ATM,market,40.0,10:00,10:10,target,0.4
2026-02-19,NVDA,put,ATM,market,40.0,10:30,10:35,target,0.4
2026-02-19,NVDA,put,ATM,market,40.0,11:00,13:40,target,0.4
2026-02-19,NVDA,put,ATM,market,40.0,14:30,16:00,forced,-0.92672
2026-02-20,NVDA,put,ATM,market,40.0,10:00,10:45,target,0.4
2026-02-20,NVDA,put,ATM,market,40.0,11:00,16:00,forced,-0.9285
2026-02-23,NVDA,put,ATM,market,40.0,10:00,10:10,target,0.4
2026-02-23,NVDA,put,ATM,market,40.0,10:30,10:35,target,0.4
2026-02-23,NVDA,put,ATM,market,40.0,11:00,11:05,target,0.4
2026-02-23,NVDA,put,ATM,market,40.0,13:00,13:10,target,0.4
2026-02-23,NVDA,put,ATM,market,40.0,13:30,13:50,target,0.4
2026-02-23,NVDA,put,ATM,market,40.0,14:30,14:35,target,0.4
2026-02-23,NVDA,put,ATM,market,40.0,15:30,15:40,target,0.4
2026-02-24,NVDA,put,ATM,market,40.0,10:00,10:25,target,0.4
2026-02-24,NVDA,put,ATM,market,40.0,10:30,16:00,forced,-0.95771
2026-02-25,NVDA,put,ATM,market,40.0,10:00,10:10,target,0.4
2026-02-25,NVDA,put,ATM,market,40.0,10:30,10:50,target,0.4
2026-02-25,NVDA,put,ATM,market,40.0,14:30,16:00,forced,-0.92344
2026-02-26,NVDA,put,ATM,market,40.0,10:00,12:45,target,0.4
2026-02-26,NVDA,put,ATM,market,40.0,13:00,14:00,target,0.4
2026-02-26,NVDA,put,ATM,market,40.0,14:30,15:10,target,0.4
2026-02-26,NVDA,put,ATM,market,40.0,15:30,16:00,forced,-0.94183
2026-02-27,NVDA,put,ATM,market,40.0,10:00,12:30,target,0.4
2026-02-27,NVDA,put,ATM,market,40.0,13:00,14:55,target,0.4
2026-02-27,NVDA,put,ATM,market,40.0,15:00,15:30,target,0.4
2026-03-02,NVDA,put,ATM,market,40.0,10:00,10:15,target,0.4
2026-03-02,NVDA,put,ATM,market,40.0,13:00,13:15,target,0.4
2026-03-02,NVDA,put,ATM,market,40.0,14:00,14:05,target,0.4
2026-03-03,NVDA,put,ATM,market,40.0,10:00,10:25,target,0.4
2026-03-03,NVDA,put,ATM,market,40.0,13:00,13:10,target,0.4
2026-03-03,NVDA,put,ATM,market,40.0,14:00,14:05,target,0.4
2026-03-03,NVDA,put,ATM,market,40.0,14:30,14:35,target,0.4
2026-03-03,NVDA,put,ATM,market,40.0,15:30,15:35,target,0.4
2026-03-04,NVDA,put,ATM,market,40.0,10:00,16:00,forced,-0.93536
2026-03-05,NVDA,put,ATM,market,40.0,10:00,10:05,target,0.4
2026-03-05,NVDA,put,ATM,market,40.0,13:00,13:10,target,0.4
2026-03-05,NVDA,put,ATM,market,40.0,14:00,14:20,target,0.4
2026-03-05,NVDA,put,ATM,market,40.0,14:30,14:45,target,0.4
2026-03-05,NVDA,put,ATM,market,40.0,15:00,15:10,target,0.4
2026-03-06,NVDA,put,ATM,market,40.0,10:00,16:00,forced,-0.92668
2026-03-09,NVDA,put,ATM,market,40.0,10:00,10:05,target,0.4
2026-03-09,NVDA,put,ATM,market,40.0,13:00,13:15,target,0.4
2026-03-09,NVDA,put,ATM,market,40.0,14:00,14:10,target,0.4
2026-03-09,NVDA,put,ATM,market,40.0,14:30,15:20,target,0.4
2026-03-09,NVDA,put,ATM,market,40.0,15:30,16:00,forced,-0.57612
2026-03-10,NVDA,put,ATM,market,40.0,10:00,11:00,target,0.4
2026-03-10,NVDA,put,ATM,market,40.0,13:00,13:05,target,0.4
2026-03-10,NVDA,put,ATM,market,40.0,14:00,14:20,target,0.4
2026-03-10,NVDA,put,ATM,market,40.0,14:30,14:45,target,0.4
2026-03-10,NVDA,put,ATM,market,40.0,15:30,15:50,target,0.4
2026-03-11,NVDA,put,ATM,market,40.0,10:00,11:35,target,0.4
2026-03-11,NVDA,put,ATM,market,40.0,13:00,13:30,target,0.4
2026-03-11,NVDA,put,ATM,market,40.0,14:00,14:05,target,0.4
2026-03-11,NVDA,put,ATM,market,40.0,14:30,14:45,target,0.4
2026-03-11,NVDA,put,ATM,market,40.0,15:30,15:40,target,0.4
2026-03-12,NVDA,put,ATM,market,40.0,10:00,10:35,target,0.4
2026-03-12,NVDA,put,ATM,market,40.0,13:00,16:00,forced,-0.89104
2026-03-13,NVDA,put,ATM,market,40.0,10:00,10:15,target,0.4
2026-03-13,NVDA,put,ATM,market,40.0,10:30,10:35,target,0.4
2026-02-16,NVDA,put,ATM,market,50.0,10:00,10:35,target,0.5
2026-02-16,NVDA,put,ATM,market,50.0,11:00,11:15,target,0.5
2026-02-16,NVDA,put,ATM,market,50.0,13:00,13:15,target,0.5
2026-02-16,NVDA,put,ATM,market,50.0,14:00,14:10,target,0.5
2026-02-16,NVDA,put,ATM,market,50.0,14:30,15:20,target,0.5
2026-02-16,NVDA,put,ATM,market,50.0,15:30,15:35,target,0.5
2026-02-17,NVDA,put,ATM,market,50.0,10:00,16:00,forced,-0.96108
2026-02-18,NVDA,put,ATM,market,50.0,10:00,11:15,target,0.5
2026-02-18,NVDA,put,ATM,market,50.0,13:00,16:00,forced,-0.90704
2026-02-19,NVDA,put,ATM,market,50.0,10:00,10:10,target,0.5
2026-02-19,NVDA,put,ATM,market,50.0,10:30,10:40,target,0.5
2026-02-19,NVDA,put,ATM,market,50.0,11:00,13:40,target,0.5
2026-02-19,NVDA,put,ATM,market,50.0,14:00,14:30,target,0.5
2026-02-19,NVDA,put,ATM,market,50.0,14:30,16:00,forced,-0.92672
2026-02-20,NVDA,put,ATM,market,50.0,10:00,16:00,forced,-0.93462
2026-02-23,NVDA,put,ATM,market,50.0,10:00,10:10,target,0.5
2026-02-23,NVDA,put,ATM,market,50.0,10:30,10:35,target,0.5
2026-02-23,NVDA,put,ATM,market,50.0,11:00,11:05,target,0.5
2026-02-23,NVDA,put,ATM,market,50.0,13:00,13:10,target,0.5
2026-02-23,NVDA,put,ATM,market,50.0,14:00,14:40,target,0.5
2026-02-23,NVDA,put,ATM,market,50.0,15:30,15:40,target,0.5
2026-02-24,NVDA,put,ATM,market,50.0,10:00,10:25,target,0.5
2026-02-24,NVDA,put,ATM,market,50.0,10:30,16:00,forced,-0.95771
2026-02-25,NVDA,put,ATM,market,50.0,10:00,10:15,target,0.5
2026-02-25,NVDA,put,ATM,market,50.0,10:30,10:50,target,0.5
2026-02-25,NVDA,put,ATM,market,50.0,14:30,16:00,forced,-0.92344
2026-02-26,NVDA,put,ATM,market,50.0,10:00,12:45,target,0.5
2026-02-26,NVDA,put,ATM,market,50.0,13:00,14:00,target,0.5
2026-02-26,NVDA,put,ATM,market,50.0,14:00,16:00,forced,-0.94262
2026-02-27,NVDA,put,ATM,market,50.0,10:00,12:30,target,0.5
2026-02-27,NVDA,put,ATM,market,50.0,13:00,14:55,target,0.5
2026-02-27,NVDA,put,ATM,market,50.0,15:00,15:30,target,0.5
2026-03-02,NVDA,put,ATM,market,50.0,10:00,10:15,target,0.5
2026-03-02,NVDA,put,ATM,market,50.0,13:00,13:15,target,0.5
2026-03-02,NVDA,put,ATM,market,50.0,14:00,14:35,target,0.5
2026-03-03,NVDA,put,ATM,market,50.0,10:00,10:25,target,0.5
2026-03-03,NVDA,put,ATM,market,50.0,13:00,13:15,target,0.5
2026-03-03,NVDA,put,ATM,market,50.0,14:00,14:05,target,0.5
2026-03-03,NVDA,put,ATM,market,50.0,14:30,14:35,target,0.5
2026-03-03,NVDA,put,ATM,market,50.0,15:00,16:00,forced,-0.77768
2026-03-04,NVDA,put,ATM,market,50.0,10:00,16:00,forced,-0.93536
2026-03-05,NVDA,put,ATM,market,50.0,10:00,10:05,target,0.5
2026-03-05,NVDA,put,ATM,market,50.0,13:00,13:10,target,0.5
2026-03-05,NVDA,put,ATM,market,50.0,14:00,14:30,target,0.5
2026-03-05,NVDA,put,ATM,market,50.0,14:30,14:45,target,0.5
2026-03-05,NVDA,put,ATM,market,50.0,15:00,15:10,target,0.5
2026-03-06,NVDA,put,ATM,market,50.0,10:00,16:00,forced,-0.92668
2026-03-09,NVDA,put,ATM,market,50.0,10:00,10:05,target,0.5
2026-03-09,NVDA,put,ATM,market,50.0,13:00,13:15,target,0.5
2026-03-09,NVDA,put,ATM,market,50.0,14:00,14:10,target,0.5
2026-03-09,NVDA,put,ATM,market,50.0,14:30,15:20,target,0.5
2026-03-09,NVDA,put,ATM,market,50.0,15:30,16:00,forced,-0.57612
2026-03-10,NVDA,put,ATM,market,50.0,10:00,11:00,target,0.5
2026-03-10,NVDA,put,ATM,market,50.0,13:00,13:20,target,0.5
2026-03-10,NVDA,put,ATM,market,50.0,14:00,14:20,target,0.5
2026-03-10,NVDA,put,ATM,market,50.0,14:30,15:00,target,0.5
2026-03-10,NVDA,put,ATM,market,50.0,15:00,15:05,target,0.5
2026-03-10,NVDA,put,ATM,market,50.0,15:30,15:50,target,0.5
2026-03-11,NVDA,put,ATM,market,50.0,10:00,11:35,target,0.5
2026-03-11,NVDA,put,ATM,market,50.0,13:00,13:30,target,0.5
2026-03-11,NVDA,put,ATM,market,50.0,14:00,14:05,target,0.5
2026-03-11,NVDA,put,ATM,market,50.0,14:30,14:45,target,0.5
2026-03-11,NVDA,put,ATM,market,50.0,15:00,15:05,target,0.5
2026-03-11,NVDA,put,ATM,market,50.0,15:30,15:50,target,0.5
2026-03-12,NVDA,put,ATM,market,50.0,10:00,10:35,target,0.5
2026-03-12,NVDA,put,ATM,market,50.0,13:00,16:00,forced,-0.89104
2026-03-13,NVDA,put,ATM,market,50.0,10:00,10:15,target,0.5
2026-03-13,NVDA,put,ATM,market,50.0,10:30,10:40,target,0.5
2026-02-16,NVDA,put,ATM,market,60.0,10:30,10:45,target,0.6
2026-02-16,NVDA,put,ATM,market,60.0,11:00,11:15,target,0.6
2026-02-16,NVDA,put,ATM,market,60.0,13:00,13:15,target,0.6
2026-02-16,NVDA,put,ATM,market,60.0,14:00,15:35,target,0.6
2026-02-17,NVDA,put,ATM,market,60.0,10:30,10:50,target,0.6
2026-02-17,NVDA,put,ATM,market,60.0,11:00,11:05,target,0.6
2026-02-17,NVDA,put,ATM,market,60.0,13:00,14:15,target,0.6
2026-02-17,NVDA,put,ATM,market,60.0,14:30,14:40,target,0.6
2026-02-17,NVDA,put,ATM,market,60.0,15:30,15:35,target,0.6
2026-02-18,NVDA,put,ATM,market,60.0,10:30,10:45,target,0.6
2026-02-18,NVDA,put,ATM,market,60.0,11:00,11:15,target,0.6
2026-02-18,NVDA,put,ATM,market,60.0,13:00,16:00,forced,-0.90704
2026-02-19,NVDA,put,ATM,market,60.0,10:30,10:40,target,0.6
2026-02-19,NVDA,put,ATM,market,60.0,11:00,13:40,target,0.6
2026-02-19,NVDA,put,ATM,market,60.0,14:00,14:30,target,0.6
2026-02-19,NVDA,put,ATM,market,60.0,14:30,16:00,forced,-0.92672
2026-02-20,NVDA,put,ATM,market,60.0,10:30,10:45,target,0.6
2026-02-20,NVDA,put,ATM,market,60.0,11:00,16:00,forced,-0.9285
2026-02-23,NVDA,put,ATM,market,60.0,10:30,10:40,target,0.6
2026-02-23,NVDA,put,ATM,market,60.0,11:00,11:15,target,0.6
2026-02-23,NVDA,put,ATM,market,60.0,13:00,13:10,target,0.6
2026-02-23,NVDA,put,ATM,market,60.0,14:00,14:40,target,0.6
2026-02-23,NVDA,put,ATM,market,60.0,15:30,15:40,target,0.6
2026-02-24,NVDA,put,ATM,market,60.0,10:30,16:00,forced,-0.95771
2026-02-25,NVDA,put,ATM,market,60.0,10:30,10:50,target,0.6
2026-02-25,NVDA,put,ATM,market,60.0,14:30,16:00,forced,-0.92344
2026-02-26,NVDA,put,ATM,market,60.0,10:30,12:40,target,0.6
2026-02-26,NVDA,put,ATM,market,60.0,13:00,14:00,target,0.6
2026-02-26,NVDA,put,ATM,market,60.0,14:00,16:00,forced,-0.94262
2026-02-27,NVDA,put,ATM,market,60.0,10:30,12:15,target,0.6
2026-02-27,NVDA,put,ATM,market,60.0,13:00,14:55,target,0.6
2026-02-27,NVDA,put,ATM,market,60.0,15:00,15:30,target,0.6
2026-03-02,NVDA,put,ATM,market,60.0,10:00,10:20,target,0.6
2026-03-02,NVDA,put,ATM,market,60.0,13:00,13:15,target,0.6
2026-03-02,NVDA,put,ATM,market,60.0,14:00,14:35,target,0.6
2026-03-03,NVDA,put,ATM,market,60.0,10:00,10:25,target,0.6
2026-03-03,NVDA,put,ATM,market,60.0,13:00,13:15,target,0.6
2026-03-03,NVDA,put,ATM,market,60.0,14:00,14:05,target,0.6
2026-03-03,NVDA,put,ATM,market,60.0,15:00,16:00,forced,-0.77768
2026-03-04,NVDA,put,ATM,market,60.0,10:00,16:00,forced,-0.93536
2026-03-05,NVDA,put,ATM,market,60.0,10:00,10:05,target,0.6
2026-03-05,NVDA,put,ATM,market,60.0,13:00,13:10,target,0.6
2026-03-05,NVDA,put,ATM,market,60.0,14:00,14:30,target,0.6
2026-03-05,NVDA,put,ATM,market,60.0,15:00,15:10,target,0.6
2026-03-06,NVDA,put,ATM,market,60.0,10:00,16:00,forced,-0.92668
2026-03-09,NVDA,put,ATM,market,60.0,10:00,12:15,target,0.6
2026-03-09,NVDA,put,ATM,market,60.0,13:00,13:15,target,0.6
2026-03-09,NVDA,put,ATM,market,60.0,14:00,14:10,target,0.6
2026-03-09,NVDA,put,ATM,market,60.0,15:00,15:10,target,0.6
2026-03-09,NVDA,put,ATM,market,60.0,15:30,16:00,forced,-0.57612
2026-03-10,NVDA,put,ATM,market,60.0,10:00,11:00,target,0.6
2026-03-10,NVDA,put,ATM,market,60.0,13:00,13:20,target,0.6
2026-03-10,NVDA,put,ATM,market,60.0,14:00,14:20,target,0.6
2026-03-10,NVDA,put,ATM,market,60.0,15:00,15:05,target,0.6
2026-03-10,NVDA,put,ATM,market,60.0,15:30,15:50,target,0.6
2026-03-11,NVDA,put,ATM,market,60.0,10:00,11:40,target,0.6
2026-03-11,NVDA,put,ATM,market,60.0,13:00,13:30,target,0.6
2026-03-11,NVDA,put,ATM,market,60.0,14:00,14:05,target,0.6
2026-03-11,NVDA,put,ATM,market,60.0,15:00,15:05,target,0.6
2026-03-11,NVDA,put,ATM,market,60.0,15:30,15:55,target,0.6
2026-03-12,NVDA,put,ATM,market,60.0,10:00,10:40,target,0.6
2026-03-12,NVDA,put,ATM,market,60.0,13:00,16:00,forced,-0.89104
2026-03-13,NVDA,put,ATM,market,60.0,10:00,10:20,target,0.6
2026-03-13,NVDA,put,ATM,market,60.0,10:30,10:40,target,0.6
2026-02-16,NVDA,put,ATM,market,70.0,10:00,10:35,target,0.7
2026-02-16,NVDA,put,ATM,market,70.0,11:00,11:55,target,0.7
2026-02-16,NVDA,put,ATM,market,70.0,13:00,13:15,target,0.7
2026-02-16,NVDA,put,ATM,market,70.0,14:30,15:30,target,0.7
2026-02-16,NVDA,put,ATM,market,70.0,15:30,15:35,target,0.7
2026-02-17,NVDA,put,ATM,market,70.0,10:00,16:00,forced,-0.96108
2026-02-18,NVDA,put,ATM,market,70.0,10:00,11:50,target,0.7
2026-02-18,NVDA,put,ATM,market,70.0,13:00,16:00,forced,-0.90704
2026-02-19,NVDA,put,ATM,market,70.0,10:00,10:15,target,0.7
2026-02-19,NVDA,put,ATM,market,70.0,10:30,10:40,target,0.7
2026-02-19,NVDA,put,ATM,market,70.0,11:00,13:40,target,0.7
2026-02-19,NVDA,put,ATM,market,70.0,14:30,16:00,forced,-0.92672
2026-02-20,NVDA,put,ATM,market,70.0,10:00,16:00,forced,-0.93462
2026-02-23,NVDA,put,ATM,market,70.0,10:00,10:15,target,0.7
2026-02-23,NVDA,put,ATM,market,70.0,10:30,10:40,target,0.7
2026-02-23,NVDA,put,ATM,market,70.0,11:00,11:15,target,0.7
2026-02-23,NVDA,put,ATM,market,70.0,13:00,13:10,target,0.7
2026-02-23,NVDA,put,ATM,market,70.0,14:30,14:40,target,0.7
2026-02-23,NVDA,put,ATM,market,70.0,15:30,15:40,target,0.7
2026-02-24,NVDA,put,ATM,market,70.0,10:00,10:25,target,0.7
2026-02-24,NVDA,put,ATM,market,70.0,10:30,16:00,forced,-0.95771
2026-02-25,NVDA,put,ATM,market,70.0,10:00,10:15,target,0.7
2026-02-25,NVDA,put,ATM,market,70.0,10:30,10:55,target,0.7
2026-02-25,NVDA,put,ATM,market,70.0,14:30,16:00,forced,-0.92344
2026-02-26,NVDA,put,ATM,market,70.0,10:00,14:00,target,0.7
2026-02-26,NVDA,put,ATM,market,70.0,14:30,16:00,forced,-0.94868
2026-02-27,NVDA,put,ATM,market,70.0,10:00,12:50,target,0.7
2026-02-27,NVDA,put,ATM,market,70.0,13:00,14:55,target,0.7
2026-02-27,NVDA,put,ATM,market,70.0,15:00,15:30,target,0.7
2026-03-02,NVDA,put,ATM,market,70.0,10:00,10:20,target,0.7
2026-03-02,NVDA,put,ATM,market,70.0,13:00,13:15,target,0.7
2026-03-02,NVDA,put,ATM,market,70.0,14:00,14:35,target,0.7
2026-03-03,NVDA,put,ATM,market,70.0,10:00,10:25,target,0.7
2026-03-03,NVDA,put,ATM,market,70.0,13:00,13:15,target,0.7
2026-03-03,NVDA,put,ATM,market,70.0,14:00,14:10,target,0.7
2026-03-03,NVDA,put,ATM,market,70.0,15:30,15:35,target,0.7
2026-03-04,NVDA,put,ATM,market,70.0,10:00,16:00,forced,-0.93536
2026-03-05,NVDA,put,ATM,market,70.0,10:00,11:10,target,0.7
2026-03-05,NVDA,put,ATM,market,70.0,13:00,13:10,target,0.7
2026-03-05,NVDA,put,ATM,market,70.0,14:00,14:30,target,0.7
2026-03-05,NVDA,put,ATM,market,70.0,14:30,14:45,target,0.7
2026-03-05,NVDA,put,ATM,market,70.0,15:00,15:10,target,0.7
2026-03-06,NVDA,put,ATM,market,70.0,10:00,16:00,forced,-0.92668
2026-03-09,NVDA,put,ATM,market,70.0,10:00,12:15,target,0.7
2026-03-09,NVDA,put,ATM,market,70.0,13:00,13:45,target,0.7
2026-03-09,NVDA,put,ATM,market,70.0,14:00,14:15,target,0.7
2026-03-09,NVDA,put,ATM,market,70.0,15:30,16:00,forced,-0.57612
2026-03-10,NVDA,put,ATM,market,70.0,10:00,11:00,target,0.7
2026-03-10,NVDA,put,ATM,market,70.0,13:00,13:20,target,0.7
2026-03-10,NVDA,put,ATM,market,70.0,14:00,14:20,target,0.7
2026-03-10,NVDA,put,ATM,market,70.0,15:30,15:50,target,0.7
2026-03-11,NVDA,put,ATM,market,70.0,10:00,11:40,target,0.7
2026-03-11,NVDA,put,ATM,market,70.0,13:00,13:30,target,0.7
2026-03-11,NVDA,put,ATM,market,70.0,14:00,14:05,target,0.7
2026-03-11,NVDA,put,ATM,market,70.0,15:30,15:55,target,0.7
2026-03-12,NVDA,put,ATM,market,70.0,10:00,10:40,target,0.7
2026-03-12,NVDA,put,ATM,market,70.0,13:00,16:00,forced,-0.89104
2026-03-13,NVDA,put,ATM,market,70.0,10:00,10:20,target,0.7
2026-03-13,NVDA,put,ATM,market,70.0,10:30,10:40,target,0.7
2026-02-16,NVDA,put,ATM,market,75.0,10:00,10:40,target,0.75
2026-02-16,NVDA,put,ATM,market,75.0,11:00,11:55,target,0.75
2026-02-16,NVDA,put,ATM,market,75.0,13:00,13:15,target,0.75
2026-02-16,NVDA,put,ATM,market,75.0,14:30,15:30,target,0.75
2026-02-16,NVDA,put,ATM,market,75.0,15:30,15:35,target,0.75
2026-02-17,NVDA,put,ATM,market,75.0,10:00,16:00,forced,-0.96108
2026-02-18,NVDA,put,ATM,market,75.0,10:00,11:50,target,0.75
2026-02-18,NVDA,put,ATM,market,75.0,13:00,16:00,forced,-0.90704
2026-02-19,NVDA,put,ATM,market,75.0,10:00,10:15,target,0.75
2026-02-19,NVDA,put,ATM,market,75.0,10:30,10:40,target,0.75
2026-02-19,NVDA,put,ATM,market,75.0,11:00,13:40,target,0.75
2026-02-19,NVDA,put,ATM,market,75.0,14:30,16:00,forced,-0.92672
2026-02-20,NVDA,put,ATM,market,75.0,10:00,16:00,forced,-0.93462
2026-02-23,NVDA,put,ATM,market,75.0,10:00,10:15,target,0.75
2026-02-23,NVDA,put,ATM,market,75.0,10:30,10:40,target,0.75
2026-02-23,NVDA,put,ATM,market,75.0,11:00,11:15,target,0.75
2026-02-23,NVDA,put,ATM,market,75.0,13:00,13:10,target,0.75
2026-02-23,NVDA,put,ATM,market,75.0,14:30,14:40,target,0.75
2026-02-23,NVDA,put,ATM,market,75.0,15:30,15:40,target,0.75
2026-02-24,NVDA,put,ATM,market,75.0,10:00,16:00,forced,-0.96897
2026-02-25,NVDA,put,ATM,market,75.0,10:00,10:15,target,0.75
2026-02-25,NVDA,put,ATM,market,75.0,10:30,10:55,target,0.75
2026-02-25,NVDA,put,ATM,market,75.0,14:30,16:00,forced,-0.92344
2026-02-26,NVDA,put,ATM,market,75.0,10:00,14:00,target,0.75
2026-02-26,NVDA,put,ATM,market,75.0,14:30,16:00,forced,-0.94868
2026-02-27,NVDA,put,ATM,market,75.0,10:00,12:50,target,0.75
2026-02-27,NVDA,put,ATM,market,75.0,13:00,14:55,target,0.75
2026-02-27,NVDA,put,ATM,market,75.0,15:00,15:30,target,0.75
2026-03-02,NVDA,put,ATM,market,75.0,10:00,10:20,target,0.75
2026-03-02,NVDA,put,ATM,market,75.0,13:00,13:15,target,0.75
2026-03-02,NVDA,put,ATM,market,75.0,14:00,14:40,target,0.75
2026-03-03,NVDA,put,ATM,market,75.0,10:00,10:25,target,0.75
2026-03-03,NVDA,put,ATM,market,75.0,13:00,13:15,target,0.75
2026-03-03,NVDA,put,ATM,market,75.0,14:00,14:10,target,0.75
2026-03-03,NVDA,put,ATM,market,75.0,15:30,15:35,target,0.75
2026-03-04,NVDA,put,ATM,market,75.0,10:00,16:00,forced,-0.93536
2026-03-05,NVDA,put,ATM,market,75.0,10:00,11:10,target,0.75
2026-03-05,NVDA,put,ATM,market,75.0,13:00,13:10,target,0.75
2026-03-05,NVDA,put,ATM,market,75.0,14:00,14:30,target,0.75
2026-03-05,NVDA,put,ATM,market,75.0,14:30,14:45,target,0.75
2026-03-05,NVDA,put,ATM,market,75.0,15:00,15:10,target,0.75
2026-03-06,NVDA,put,ATM,market,75.0,10:00,16:00,forced,-0.92668
2026-03-09,NVDA,put,ATM,market,75.0,10:00,12:15,target,0.75
2026-03-09,NVDA,put,ATM,market,75.0,13:00,13:45,target,0.75
2026-03-09,NVDA,put,ATM,market,75.0,14:00,14:15,target,0.75
2026-03-09,NVDA,put,ATM,market,75.0,15:30,16:00,forced,-0.57612
2026-03-10,NVDA,put,ATM,market,75.0,10:00,11:00,target,0.75
2026-03-10,NVDA,put,ATM,market,75.0,13:00,13:20,target,0.75
2026-03-10,NVDA,put,ATM,market,75.0,14:00,14:20,target,0.75
2026-03-10,NVDA,put,ATM,market,75.0,15:30,15:50,target,0.75
2026-03-11,NVDA,put,ATM,market,75.0,10:00,11:40,target,0.75
2026-03-11,NVDA,put,ATM,market,75.0,13:00,13:30,target,0.75
2026-03-11,NVDA,put,ATM,market,75.0,14:00,14:05,target,0.75
2026-03-11,NVDA,put,ATM,market,75.0,15:30,15:55,target,0.75
2026-03-12,NVDA,put,ATM,market,75.0,10:00,10:40,target,0.75
2026-03-12,NVDA,put,ATM,market,75.0,13:00,16:00,forced,-0.89104
2026-03-13,NVDA,put,ATM,market,75.0,10:00,10:20,target,0.75
2026-03-13,NVDA,put,ATM,market,75.0,10:30,10:40,target,0.75
2026-02-16,NVDA,put,ATM,market,80.0,10:00,10:40,target,0.8
2026-02-16,NVDA,put,ATM,market,80.0,11:00,11:55,target,0.8
2026-02-16,NVDA,put,ATM,market,80.0,13:00,15:55,target,0.8
2026-02-17,NVDA,put,ATM,market,80.0,10:00,16:00,forced,-0.96108
2026-02-18,NVDA,put,ATM,market,80.0,10:00,11:50,target,0.8
2026-02-18,NVDA,put,ATM,market,80.0,13:00,16:00,forced,-0.90704
2026-02-19,NVDA,put,ATM,market,80.0,10:00,10:15,target,0.8
2026-02-19,NVDA,put,ATM,market,80.0,10:30,10:40,target,0.8
2026-02-19,NVDA,put,ATM,market,80.0,11:00,13:40,target,0.8
2026-02-19,NVDA,put,ATM,market,80.0,14:30,16:00,forced,-0.92672
2026-02-20,NVDA,put,ATM,market,80.0,10:00,16:00,forced,-0.93462
2026-02-23,NVDA,put,ATM,market,80.0,10:00,10:15,target,0.8
2026-02-23,NVDA,put,ATM,market,80.0,10:30,10:40,target,0.8
2026-02-23,NVDA,put,ATM,market,80.0,11:00,16:00,forced,-0.93601
2026-02-24,NVDA,put,ATM,market,80.0,10:00,16:00,forced,-0.96897
2026-02-25,NVDA,put,ATM,market,80.0,10:00,10:15,target,0.8
2026-02-25,NVDA,put,ATM,market,80.0,10:30,10:55,target,0.8
2026-02-25,NVDA,put,ATM,market,80.0,14:30,16:00,forced,-0.92344
2026-02-26,NVDA,put,ATM,market,80.0,10:00,14:00,target,0.8
2026-02-26,NVDA,put,ATM,market,80.0,14:30,16:00,forced,-0.94868
2026-02-27,NVDA,put,ATM,market,80.0,10:00,12:50,target,0.8
2026-02-27,NVDA,put,ATM,market,80.0,13:00,14:55,target,0.8
2026-02-27,NVDA,put,ATM,market,80.0,15:00,15:30,target,0.8
2026-03-02,NVDA,put,ATM,market,80.0,10:00,10:20,target,0.8
2026-03-02,NVDA,put,ATM,market,80.0,13:00,13:15,target,0.8
2026-03-02,NVDA,put,ATM,market,80.0,14:00,14:40,target,0.8
2026-03-03,NVDA,put,ATM,market,80.0,10:00,10:25,target,0.8
2026-03-03,NVDA,put,ATM,market,80.0,13:00,13:15,target,0.8
2026-03-03,NVDA,put,ATM,market,80.0,14:00,14:10,target,0.8
2026-03-03,NVDA,put,ATM,market,80.0,14:30,14:35,target,0.8
2026-03-03,NVDA,put,ATM,market,80.0,15:00,16:00,forced,-0.77768
2026-03-04,NVDA,put,ATM,market,80.0,10:00,16:00,forced,-0.93536
2026-03-05,NVDA,put,ATM,market,80.0,10:00,11:10,target,0.8
2026-03-05,NVDA,put,ATM,market,80.0,13:00,13:10,target,0.8
2026-03-05,NVDA,put,ATM,market,80.0,14:00,14:30,target,0.8
2026-03-05,NVDA,put,ATM,market,80.0,14:30,14:45,target,0.8
2026-03-05,NVDA,put,ATM,market,80.0,15:00,15:10,target,0.8
2026-03-06,NVDA,put,ATM,market,80.0,10:00,16:00,forced,-0.92668
2026-03-09,NVDA,put,ATM,market,80.0,10:00,12:15,target,0.8
2026-03-09,NVDA,put,ATM,market,80.0,13:00,13:45,target,0.8
2026-03-09,NVDA,put,ATM,market,80.0,14:00,14:15,target,0.8
2026-03-09,NVDA,put,ATM,market,80.0,14:30,16:00,forced,-0.88072
2026-03-10,NVDA,put,ATM,market,80.0,10:00,11:00,target,0.8
2026-03-10,NVDA,put,ATM,market,80.0,13:00,13:20,target,0.8
2026-03-10,NVDA,put,ATM,market,80.0,14:00,14:20,target,0.8
2026-03-10,NVDA,put,ATM,market,80.0,14:30,15:05,target,0.8
2026-03-10,NVDA,put,ATM,market,80.0,15:30,15:50,target,0.8
2026-03-11,NVDA,put,ATM,market,80.0,10:00,11:40,target,0.8
2026-03-11,NVDA,put,ATM,market,80.0,13:00,13:30,target,0.8
2026-03-11,NVDA,put,ATM,market,80.0,14:00,14:05,target,0.8
2026-03-11,NVDA,put,ATM,market,80.0,14:30,15:05,target,0.8
2026-03-11,NVDA,put,ATM,market,80.0,15:30,16:00,target,0.8
2026-03-12,NVDA,put,ATM,market,80.0,10:00,10:40,target,0.8
2026-03-12,NVDA,put,ATM,market,80.0,13:00,16:00,forced,-0.89104
2026-03-13,NVDA,put,ATM,market,80.0,10:00,10:20,target,0.8
2026-03-13,NVDA,put,ATM,market,80.0,10:30,10:40,target,0.8
2026-02-16,NVDA,put,ATM,market,90.0,10:00,10:40,target,0.9
2026-02-16,NVDA,put,ATM,market,90.0,11:00,12:05,target,0.9
2026-02-16,NVDA,put,ATM,market,90.0,13:00,15:55,target,0.9
2026-02-17,NVDA,put,ATM,market,90.0,10:00,16:00,forced,-0.96108
2026-02-18,NVDA,put,ATM,market,90.0,10:00,11:50,target,0.9
2026-02-18,NVDA,put,ATM,market,90.0,13:00,16:00,forced,-0.90704
2026-02-19,NVDA,put,ATM,market,90.0,10:00,10:15,target,0.9
2026-02-19,NVDA,put,ATM,market,90.0,10:30,10:40,target,0.9
2026-02-19,NVDA,put,ATM,market,90.0,11:00,13:40,target,0.9
2026-02-19,NVDA,put,ATM,market,90.0,14:30,16:00,forced,-0.92672
2026-02-20,NVDA,put,ATM,market,90.0,10:00,16:00,forced,-0.93462
2026-02-23,NVDA,put,ATM,market,90.0,10:00,10:35,target,0.9
2026-02-23,NVDA,put,ATM,market,90.0,11:00,16:00,forced,-0.93601
2026-02-24,NVDA,put,ATM,market,90.0,10:00,16:00,forced,-0.96897
2026-02-25,NVDA,put,ATM,market,90.0,10:00,10:15,target,0.9
2026-02-25,NVDA,put,ATM,market,90.0,10:30,11:00,target,0.9
2026-02-25,NVDA,put,ATM,market,90.0,14:30,16:00,forced,-0.92344
2026-02-26,NVDA,put,ATM,market,90.0,10:00,14:00,target,0.9
2026-02-26,NVDA,put,ATM,market,90.0,14:30,16:00,forced,-0.94868
2026-02-27,NVDA,put,ATM,market,90.0,10:00,12:50,target,0.9
2026-02-27,NVDA,put,ATM,market,90.0,13:00,14:55,target,0.9
2026-02-27,NVDA,put,ATM,market,90.0,15:00,15:30,target,0.9
2026-03-02,NVDA,put,ATM,market,90.0,10:00,10:20,target,0.9
2026-03-02,NVDA,put,ATM,market,90.0,11:00,13:30,target,0.9
2026-03-02,NVDA,put,ATM,market,90.0,14:00,14:40,target,0.9
2026-03-03,NVDA,put,ATM,market,90.0,10:00,10:30,target,0.9
2026-03-03,NVDA,put,ATM,market,90.0,11:00,16:00,forced,-0.41885
2026-03-04,NVDA,put,ATM,market,90.0,10:00,16:00,forced,-0.93536
2026-03-05,NVDA,put,ATM,market,90.0,10:00,11:10,target,0.9
2026-03-05,NVDA,put,ATM,market,90.0,13:00,13:55,target,0.9
2026-03-05,NVDA,put,ATM,market,90.0,14:00,14:30,target,0.9
2026-03-05,NVDA,put,ATM,market,90.0,14:30,14:55,target,0.9
2026-03-05,NVDA,put,ATM,market,90.0,15:00,15:10,target,0.9
2026-03-06,NVDA,put,ATM,market,90.0,10:00,16:00,forced,-0.92668
2026-03-09,NVDA,put,ATM,market,90.0,10:00,12:15,target,0.9
2026-03-09,NVDA,put,ATM,market,90.0,13:00,13:50,target,0.9
2026-03-09,NVDA,put,ATM,market,90.0,14:00,14:15,target,0.9
2026-03-09,NVDA,put,ATM,market,90.0,14:30,16:00,forced,-0.88072
2026-03-10,NVDA,put,ATM,market,90.0,10:00,11:00,target,0.9
2026-03-10,NVDA,put,ATM,market,90.0,11:00,14:20,target,0.9
2026-03-10,NVDA,put,ATM,market,90.0,14:30,15:05,target,0.9
2026-03-10,NVDA,put,ATM,market,90.0,15:30,15:50,target,0.9
2026-03-11,NVDA,put,ATM,market,90.0,10:00,11:40,target,0.9
2026-03-11,NVDA,put,ATM,market,90.0,13:00,13:30,target,0.9
2026-03-11,NVDA,put,ATM,market,90.0,14:00,14:05,target,0.9
2026-03-11,NVDA,put,ATM,market,90.0,14:30,15:05,target,0.9
2026-03-11,NVDA,put,ATM,market,90.0,15:30,16:00,forced,0.89107
2026-03-12,NVDA,put,ATM,market,90.0,10:00,10:40,target,0.9
2026-03-12,NVDA,put,ATM,market,90.0,11:00,11:15,target,0.9
2026-03-12,NVDA,put,ATM,market,90.0,13:00,16:00,forced,-0.89104
2026-03-13,NVDA,put,ATM,market,90.0,10:00,10:20,target,0.9
2026-03-13,NVDA,put,ATM,market,90.0,10:30,10:40,target,0.9
2026-02-16,NVDA,put,ATM,market,100.0,10:30,11:55,target,1.0
2026-02-16,NVDA,put,ATM,market,100.0,13:00,15:55,target,1.0
2026-02-17,NVDA,put,ATM,market,100.0,10:30,11:05,target,1.0
2026-02-17,NVDA,put,ATM,market,100.0,13:00,14:15,target,1.0
2026-02-17,NVDA,put,ATM,market,100.0,14:30,14:45,target,1.0
2026-02-17,NVDA,put,ATM,market,100.0,15:30,15:35,target,1.0
2026-02-18,NVDA,put,ATM,market,100.0,10:30,11:05,target,1.0
2026-02-18,NVDA,put,ATM,market,100.0,13:00,16:00,forced,-0.90704
2026-02-19,NVDA,put,ATM,market,100.0,10:30,10:40,target,1.0
2026-02-19,NVDA,put,ATM,market,100.0,11:00,16:00,forced,-0.93334
2026-02-20,NVDA,put,ATM,market,100.0,10:30,16:00,forced,-0.92931
2026-02-23,NVDA,put,ATM,market,100.0,10:30,10:40,target,1.0
2026-02-23,NVDA,put,ATM,market,100.0,11:00,16:00,forced,-0.93601
2026-02-24,NVDA,put,ATM,market,100.0,10:30,16:00,forced,-0.95771
2026-02-25,NVDA,put,ATM,market,100.0,10:30,11:05,target,1.0
2026-02-25,NVDA,put,ATM,market,100.0,14:30,16:00,forced,-0.92344
2026-02-26,NVDA,put,ATM,market,100.0,10:30,12:40,target,1.0
2026-02-26,NVDA,put,ATM,market,100.0,13:00,14:00,target,1.0
2026-02-26,NVDA,put,ATM,market,100.0,14:30,16:00,forced,-0.94868
2026-02-27,NVDA,put,ATM,market,100.0,10:30,12:25,target,1.0
2026-02-27,NVDA,put,ATM,market,100.0,13:00,14:55,target,1.0
2026-02-27,NVDA,put,ATM,market,100.0,15:00,15:30,target,1.0
2026-03-02,NVDA,put,ATM,market,100.0,10:00,10:20,target,1.0
2026-03-02,NVDA,put,ATM,market,100.0,11:00,13:30,target,1.0
2026-03-02,NVDA,put,ATM,market,100.0,14:00,14:40,target,1.0
2026-03-03,NVDA,put,ATM,market,100.0,10:00,10:30,target,1.0
2026-03-03,NVDA,put,ATM,market,100.0,11:00,16:00,forced,-0.41885
2026-03-04,NVDA,put,ATM,market,100.0,10:00,16:00,forced,-0.93536
2026-03-05,NVDA,put,ATM,market,100.0,10:00,11:10,target,1.0
2026-03-05,NVDA,put,ATM,market,100.0,13:00,13:55,target,1.0
2026-03-05,NVDA,put,ATM,market,100.0,14:00,14:40,target,1.0
2026-03-05,NVDA,put,ATM,market,100.0,15:00,15:15,target,1.0
2026-03-06,NVDA,put,ATM,market,100.0,10:00,16:00,forced,-0.92668
2026-03-09,NVDA,put,ATM,market,100.0,10:00,13:55,target,1.0
2026-03-09,NVDA,put,ATM,market,100.0,14:00,14:15,target,1.0
2026-03-09,NVDA,put,ATM,market,100.0,14:30,16:00,forced,-0.88072
2026-03-10,NVDA,put,ATM,market,100.0,10:00,11:00,target,1.0
2026-03-10,NVDA,put,ATM,market,100.0,11:00,14:20,target,1.0
2026-03-10,NVDA,put,ATM,market,100.0,14:30,15:05,target,1.0
2026-03-10,NVDA,put,ATM,market,100.0,15:30,15:50,target,1.0
2026-03-11,NVDA,put,ATM,market,100.0,10:00,11:40,target,1.0
2026-03-11,NVDA,put,ATM,market,100.0,13:00,13:30,target,1.0
2026-03-11,NVDA,put,ATM,market,100.0,14:00,14:05,target,1.0
2026-03-11,NVDA,put,ATM,market,100.0,14:30,15:05,target,1.0
2026-03-11,NVDA,put,ATM,market,100.0,15:30,16:00,forced,0.89107
2026-03-12,NVDA,put,ATM,market,100.0,10:00,10:40,target,1.0
2026-03-12,NVDA,put,ATM,market,100.0,11:00,11:20,target,1.0
2026-03-12,NVDA,put,ATM,market,100.0,13:00,16:00,forced,-0.89104
2026-03-13,NVDA,put,ATM,market,100.0,10:00,10:25,target,1.0
2026-03-13,NVDA,put,ATM,market,100.0,10:30,10:40,target,1.0
2026-02-16,NVDA,put,ITM,mid,20.0,10:00,10:35,target,0.2
2026-02-16,NVDA,put,ITM,mid,20.0,11:00,11:55,target,0.2
2026-02-16,NVDA,put,ITM,mid,20.0,12:00,15:55,target,0.2
2026-02-17,NVDA,put,ITM,mid,20.0,10:00,16:00,forced,-0.53307
2026-02-18,NVDA,put,ITM,mid,20.0,10:00,11:15,target,0.2
2026-02-18,NVDA,put,ITM,mid,20.0,11:30,11:40,target,0.2
2026-02-18,NVDA,put,ITM,mid,20.0,12:00,12:20,target,0.2
2026-02-18,NVDA,put,ITM,mid,20.0,13:00,16:00,forced,-0.98669
2026-02-19,NVDA,put,ITM,mid,20.0,10:00,10:10,target,0.2
2026-02-19,NVDA,put,ITM,mid,20.0,10:30,10:40,target,0.2
2026-02-19,NVDA,put,ITM,mid,20.0,11:00,13:40,target,0.2
2026-02-19,NVDA,put,ITM,mid,20.0,14:30,16:00,forced,-0.63724
2026-02-20,NVDA,put,ITM,mid,20.0,10:00,10:45,target,0.2
2026-02-20,NVDA,put,ITM,mid,20.0,11:00,16:00,forced,-0.44117
2026-02-23,NVDA,put,ITM,mid,20.0,10:00,10:10,target,0.2
2026-02-23,NVDA,put,ITM,mid,20.0,10:30,10:35,target,0.2
2026-02-23,NVDA,put,ITM,mid,20.0,11:00,11:05,target,0.2
2026-02-23,NVDA,put,ITM,mid,20.0,11:30,15:40,target,0.2
2026-02-24,NVDA,put,ITM,mid,20.0,10:30,16:00,forced,-0.98056
2026-02-25,NVDA,put,ITM,mid,20.0,10:00,10:10,target,0.2
2026-02-25,NVDA,put,ITM,mid,20.0,10:30,10:55,target,0.2
2026-02-25,NVDA,put,ITM,mid,20.0,11:00,11:30,target,0.2
2026-02-25,NVDA,put,ITM,mid,20.0,11:30,16:00,forced,-0.61074
2026-02-26,NVDA,put,ITM,mid,20.0,10:00,12:45,target,0.2
2026-02-26,NVDA,put,ITM,mid,20.0,14:30,16:00,forced,-0.3417
2026-02-27,NVDA,put,ITM,mid,20.0,10:00,12:25,target,0.2
2026-02-27,NVDA,put,ITM,mid,20.0,14:30,14:50,target,0.2
2026-02-27,NVDA,put,ITM,mid,20.0,15:00,15:30,target,0.2
2026-02-27,NVDA,put,ITM,mid,20.0,15:30,16:00,forced,-0.32363
2026-03-02,NVDA,put,ITM,mid,20.0,10:00,10:15,target,0.2
2026-03-02,NVDA,put,ITM,mid,20.0,10:30,13:20,target,0.2
2026-03-02,NVDA,put,ITM,mid,20.0,14:30,14:40,target,0.2
2026-03-02,NVDA,put,ITM,mid,20.0,15:00,16:00,forced,0.11305
2026-03-03,NVDA,put,ITM,mid,20.0,10:00,10:25,target,0.2
2026-03-03,NVDA,put,ITM,mid,20.0,10:30,10:45,target,0.2
2026-03-03,NVDA,put,ITM,mid,20.0,11:00,12:10,target,0.2
2026-03-03,NVDA,put,ITM,mid,20.0,13:00,13:15,target,0.2
2026-03-03,NVDA,put,ITM,mid,20.0,14:30,15:00,target,0.2
2026-03-03,NVDA,put,ITM,mid,20.0,15:00,16:00,forced,-0.15091
2026-03-04,NVDA,put,ITM,mid,20.0,10:00,16:00,forced,-0.9865
2026-03-05,NVDA,put,ITM,mid,20.0,10:00,10:05,target,0.2
2026-03-05,NVDA,put,ITM,mid,20.0,10:30,11:10,target,0.2
2026-03-05,NVDA,put,ITM,mid,20.0,12:00,13:10,target,0.2
2026-03-05,NVDA,put,ITM,mid,20.0,14:30,15:15,target,0.2
2026-03-05,NVDA,put,ITM,mid,20.0,15:30,16:00,forced,0.15667
2026-03-06,NVDA,put,ITM,mid,20.0,10:00,16:00,forced,-0.56073
2026-03-09,NVDA,put,ITM,mid,20.0,10:00,10:05,target,0.2
2026-03-09,NVDA,put,ITM,mid,20.0,10:30,11:00,target,0.2
2026-03-09,NVDA,put,ITM,mid,20.0,11:00,11:25,target,0.2
2026-03-09,NVDA,put,ITM,mid,20.0,12:00,12:10,target,0.2
2026-03-09,NVDA,put,ITM,mid,20.0,13:00,13:10,target,0.2
2026-03-09,NVDA,put,ITM,mid,20.0,14:30,16:00,forced,-0.85918
2026-03-10,NVDA,put,ITM,mid,20.0,10:00,10:50,target,0.2
2026-03-10,NVDA,put,ITM,mid,20.0,11:00,13:30,target,0.2
2026-03-10,NVDA,put,ITM,mid,20.0,14:30,15:00,target,0.2
2026-03-10,NVDA,put,ITM,mid,20.0,15:00,15:05,target,0.2
2026-03-10,NVDA,put,ITM,mid,20.0,15:30,16:00,forced,0.12536
2026-03-11,NVDA,put,ITM,mid,20.0,10:00,11:35,target,0.2
2026-03-11,NVDA,put,ITM,mid,20.0,12:00,13:30,target,0.2
2026-03-11,NVDA,put,ITM,mid,20.0,14:30,15:05,target,0.2
2026-03-11,NVDA,put,ITM,mid,20.0,15:30,16:00,forced,0.1301
2026-03-12,NVDA,put,ITM,mid,20.0,10:00,10:35,target,0.2
2026-03-12,NVDA,put,ITM,mid,20.0,11:00,11:10,target,0.2
2026-03-12,NVDA,put,ITM,mid,20.0,12:00,16:00,forced,-0.64598
2026-03-13,NVDA,put,ITM,mid,20.0,10:00,10:15,target,0.2
2026-03-13,NVDA,put,ITM,mid,20.0,10:30,10:40,target,0.2
2026-03-13,NVDA,put,ITM,mid,20.0,11:00,12:50,target,0.2
2026-03-13,NVDA,put,ITM,mid,20.0,13:00,13:50,target,0.2
2026-03-13,NVDA,put,ITM,mid,20.0,14:30,16:00,forced,-0.11804
2026-02-16,NVDA,put,ITM,mid,25.0,10:00,10:35,target,0.25
2026-02-16,NVDA,put,ITM,mid,25.0,11:00,12:05,target,0.25
2026-02-16,NVDA,put,ITM,mid,25.0,14:30,15:30,target,0.25
2026-02-16,NVDA,put,ITM,mid,25.0,15:30,16:00,forced,0.01414
2026-02-17,NVDA,put,ITM,mid,25.0,10:00,16:00,forced,-0.53307
2026-02-18,NVDA,put,ITM,mid,25.0,10:00,11:15,target,0.25
2026-02-18,NVDA,put,ITM,mid,25.0,11:30,11:40,target,0.25
2026-02-18,NVDA,put,ITM,mid,25.0,12:00,12:20,target,0.25
2026-02-18,NVDA,put,ITM,mid,25.0,13:00,16:00,forced,-0.98669
2026-02-19,NVDA,put,ITM,mid,25.0,10:00,10:10,target,0.25
2026-02-19,NVDA,put,ITM,mid,25.0,10:30,10:40,target,0.25
2026-02-19,NVDA,put,ITM,mid,25.0,11:00,13:40,target,0.25
2026-02-19,NVDA,put,ITM,mid,25.0,14:30,16:00,forced,-0.63724
2026-02-20,NVDA,put,ITM,mid,25.0,10:00,16:00,forced,-0.43874
2026-02-23,NVDA,put,ITM,mid,25.0,10:00,10:10,target,0.25
2026-02-23,NVDA,put,ITM,mid,25.0,10:30,10:40,target,0.25
2026-02-23,NVDA,put,ITM,mid,25.0,11:00,11:15,target,0.25
2026-02-23,NVDA,put,ITM,mid,25.0,11:30,15:40,target,0.25
2026-02-24,NVDA,put,ITM,mid,25.0,10:30,16:00,forced,-0.98056
2026-02-25,NVDA,put,ITM,mid,25.0,10:00,10:15,target,0.25
2026-02-25,NVDA,put,ITM,mid,25.0,10:30,11:00,target,0.25
2026-02-25,NVDA,put,ITM,mid,25.0,11:00,11:30,target,0.25
2026-02-25,NVDA,put,ITM,mid,25.0,11:30,16:00,forced,-0.61074
2026-02-26,NVDA,put,ITM,mid,25.0,10:00,12:45,target,0.25
2026-02-26,NVDA,put,ITM,mid,25.0,14:30,16:00,forced,-0.3417
2026-02-27,NVDA,put,ITM,mid,25.0,10:00,12:30,target,0.25
2026-02-27,NVDA,put,ITM,mid,25.0,14:30,14:50,target,0.25
2026-02-27,NVDA,put,ITM,mid,25.0,15:00,15:30,target,0.25
2026-02-27,NVDA,put,ITM,mid,25.0,15:30,16:00,forced,-0.32363
2026-03-02,NVDA,put,ITM,mid,25.0,10:00,10:15,target,0.25
2026-03-02,NVDA,put,ITM,mid,25.0,10:30,13:20,target,0.25
2026-03-02,NVDA,put,ITM,mid,25.0,14:30,15:20,target,0.25
2026-03-02,NVDA,put,ITM,mid,25.0,15:30,16:00,forced,0.00832
2026-03-03,NVDA,put,ITM,mid,25.0,10:00,10:25,target,0.25
2026-03-03,NVDA,put,ITM,mid,25.0,10:30,10:45,target,0.25
2026-03-03,NVDA,put,ITM,mid,25.0,11:00,12:15,target,0.25
2026-03-03,NVDA,put,ITM,mid,25.0,13:00,13:15,target,0.25
2026-03-03,NVDA,put,ITM,mid,25.0,14:30,15:00,target,0.25
2026-03-03,NVDA,put,ITM,mid,25.0,15:00,16:00,forced,-0.15091
2026-03-04,NVDA,put,ITM,mid,25.0,10:00,16:00,forced,-0.9865
2026-03-05,NVDA,put,ITM,mid,25.0,10:00,10:05,target,0.25
2026-03-05,NVDA,put,ITM,mid,25.0,10:30,11:10,target,0.25
2026-03-05,NVDA,put,ITM,mid,25.0,12:00,13:10,target,0.25
2026-03-05,NVDA,put,ITM,mid,25.0,14:30,15:15,target,0.25
2026-03-05,NVDA,put,ITM,mid,25.0,15:30,16:00,forced,0.15667
2026-03-06,NVDA,put,ITM,mid,25.0,10:00,16:00,forced,-0.56073
2026-03-09,NVDA,put,ITM,mid,25.0,10:00,10:05,target,0.25
2026-03-09,NVDA,put,ITM,mid,25.0,10:30,11:00,target,0.25
2026-03-09,NVDA,put,ITM,mid,25.0,11:00,11:25,target,0.25
2026-03-09,NVDA,put,ITM,mid,25.0,12:00,12:15,target,0.25
2026-03-09,NVDA,put,ITM,mid,25.0,13:00,13:15,target,0.25
2026-03-09,NVDA,put,ITM,mid,25.0,14:30,16:00,forced,-0.85918
2026-03-10,NVDA,put,ITM,mid,25.0,10:00,10:55,target,0.25
2026-03-10,NVDA,put,ITM,mid,25.0,11:00,14:20,target,0.25
2026-03-10,NVDA,put,ITM,mid,25.0,14:30,15:05,target,0.25
2026-03-10,NVDA,put,ITM,mid,25.0,15:30,16:00,forced,0.12536
2026-03-11,NVDA,put,ITM,mid,25.0,10:00,11:40,target,0.25
2026-03-11,NVDA,put,ITM,mid,25.0,12:00,13:30,target,0.25
2026-03-11,NVDA,put,ITM,mid,25.0,14:30,15:05,target,0.25
2026-03-11,NVDA,put,ITM,mid,25.0,15:30,16:00,forced,0.1301
2026-03-12,NVDA,put,ITM,mid,25.0,10:00,10:40,target,0.25
2026-03-12,NVDA,put,ITM,mid,25.0,11:00,11:20,target,0.25
2026-03-12,NVDA,put,ITM,mid,25.0,12:00,16:00,forced,-0.64598
2026-03-13,NVDA,put,ITM,mid,25.0,10:00,10:20,target,0.25
2026-03-13,NVDA,put,ITM,mid,25.0,10:30,10:40,target,0.25
2026-03-13,NVDA,put,ITM,mid,25.0,11:00,12:50,target,0.25
2026-03-13,NVDA,put,ITM,mid,25.0,13:00,16:00,forced,-0.20467
2026-02-16,NVDA,put,ITM,mid,30.0,10:00,10:35,target,0.3
2026-02-16,NVDA,put,ITM,mid,30.0,11:00,12:55,target,0.3
2026-02-16,NVDA,put,ITM,mid,30.0,14:30,15:30,target,0.3
2026-02-16,NVDA,put,ITM,mid,30.0,15:30,16:00,forced,0.01414
2026-02-17,NVDA,put,ITM,mid,30.0,10:00,16:00,forced,-0.53307
2026-02-18,NVDA,put,ITM,mid,30.0,10:00,11:45,target,0.3
2026-02-18,NVDA,put,ITM,mid,30.0,12:00,12:20,target,0.3
2026-02-18,NVDA,put,ITM,mid,30.0,13:00,16:00,forced,-0.98669
2026-02-19,NVDA,put,ITM,mid,30.0,10:00,10:15,target,0.3
2026-02-19,NVDA,put,ITM,mid,30.0,10:30,10:40,target,0.3
2026-02-19,NVDA,put,ITM,mid,30.0,11:00,13:40,target,0.3
2026-02-19,NVDA,put,ITM,mid,30.0,14:30,16:00,forced,-0.63724
2026-02-20,NVDA,put,ITM,mid,30.0,10:00,16:00,forced,-0.43874
2026-02-23,NVDA,put,ITM,mid,30.0,10:00,10:15,target,0.3
2026-02-23,NVDA,put,ITM,mid,30.0,10:30,10:40,target,0.3
2026-02-23,NVDA,put,ITM,mid,30.0,11:00,11:15,target,0.3
2026-02-23,NVDA,put,ITM,mid,30.0,11:30,16:00,forced,-0.28828
2026-02-24,NVDA,put,ITM,mid,30.0,10:30,16:00,forced,-0.98056
2026-02-25,NVDA,put,ITM,mid,30.0,10:00,10:15,target,0.3
2026-02-25,NVDA,put,ITM,mid,30.0,10:30,11:05,target,0.3
2026-02-25,NVDA,put,ITM,mid,30.0,11:30,16:00,forced,-0.61074
2026-02-26,NVDA,put,ITM,mid,30.0,10:00,12:45,target,0.3
2026-02-26,NVDA,put,ITM,mid,30.0,14:30,16:00,forced,-0.3417
2026-02-27,NVDA,put,ITM,mid,30.0,10:00,12:30,target,0.3
2026-02-27,NVDA,put,ITM,mid,30.0,14:30,14:55,target,0.3
2026-02-27,NVDA,put,ITM,mid,30.0,15:00,15:35,target,0.3
2026-03-02,NVDA,put,ITM,mid,30.0,10:00,10:20,target,0.3
2026-03-02,NVDA,put,ITM,mid,30.0,10:30,13:30,target,0.3
2026-03-02,NVDA,put,ITM,mid,30.0,14:30,15:20,target,0.3
2026-03-02,NVDA,put,ITM,mid,30.0,15:30,16:00,forced,0.00832
2026-03-03,NVDA,put,ITM,mid,30.0,10:00,10:25,target,0.3
2026-03-03,NVDA,put,ITM,mid,30.0,10:30,10:45,target,0.3
2026-03-03,NVDA,put,ITM,mid,30.0,11:00,16:00,forced,-0.00471
2026-03-04,NVDA,put,ITM,mid,30.0,10:00,16:00,forced,-0.9865
2026-03-05,NVDA,put,ITM,mid,30.0,10:00,11:10,target,0.3
2026-03-05,NVDA,put,ITM,mid,30.0,11:30,15:35,target,0.3
2026-03-06,NVDA,put,ITM,mid,30.0,10:00,16:00,forced,-0.56073
2026-03-09,NVDA,put,ITM,mid,30.0,10:00,10:05,target,0.3
2026-03-09,NVDA,put,ITM,mid,30.0,10:30,11:00,target,0.3
2026-03-09,NVDA,put,ITM,mid,30.0,11:00,11:55,target,0.3
2026-03-09,NVDA,put,ITM,mid,30.0,12:00,12:15,target,0.3
2026-03-09,NVDA,put,ITM,mid,30.0,13:00,13:15,target,0.3
2026-03-09,NVDA,put,ITM,mid,30.0,14:30,16:00,forced,-0.85918
2026-03-10,NVDA,put,ITM,mid,30.0,10:00,11:00,target,0.3
2026-03-10,NVDA,put,ITM,mid,30.0,11:00,14:20,target,0.3
2026-03-10,NVDA,put,ITM,mid,30.0,14:30,15:05,target,0.3
2026-03-10,NVDA,put,ITM,mid,30.0,15:30,16:00,forced,0.12536
2026-03-11,NVDA,put,ITM,mid,30.0,10:00,11:40,target,0.3
2026-03-11,NVDA,put,ITM,mid,30.0,12:00,15:05,target,0.3
2026-03-11,NVDA,put,ITM,mid,30.0,15:30,16:00,forced,0.1301
2026-03-12,NVDA,put,ITM,mid,30.0,10:00,10:40,target,0.3
2026-03-12,NVDA,put,ITM,mid,30.0,11:00,11:20,target,0.3
2026-03-12,NVDA,put,ITM,mid,30.0,11:30,16:00,forced,-0.71708
2026-03-13,NVDA,put,ITM,mid,30.0,10:00,10:20,target,0.3
2026-03-13,NVDA,put,ITM,mid,30.0,10:30,10:40,target,0.3
2026-03-13,NVDA,put,ITM,mid,30.0,11:00,13:15,target,0.3
2026-03-13,NVDA,put,ITM,mid,30.0,14:30,16:00,forced,-0.11804
2026-02-16,NVDA,put,ITM,mid,40.0,10:00,10:50,target,0.4
2026-02-16,NVDA,put,ITM,mid,40.0,11:00,15:55,target,0.4
2026-02-17,NVDA,put,ITM,mid,40.0,10:00,16:00,forced,-0.53307
2026-02-18,NVDA,put,ITM,mid,40.0,10:00,11:50,target,0.4
2026-02-18,NVDA,put,ITM,mid,40.0,12:00,12:20,target,0.4
2026-02-18,NVDA,put,ITM,mid,40.0,13:00,16:00,forced,-0.98669
2026-02-19,NVDA,put,ITM,mid,40.0,10:00,10:15,target,0.4
2026-02-19,NVDA,put,ITM,mid,40.0,10:30,10:40,target,0.4
2026-02-19,NVDA,put,ITM,mid,40.0,11:00,13:40,target,0.4
2026-02-19,NVDA,put,ITM,mid,40.0,14:30,16:00,forced,-0.63724
2026-02-20,NVDA,put,ITM,mid,40.0,10:00,16:00,forced,-0.43874
2026-02-23,NVDA,put,ITM,mid,40.0,10:00,10:35,target,0.4
2026-02-23,NVDA,put,ITM,mid,40.0,11:00,16:00,forced,-0.69208
2026-02-24,NVDA,put,ITM,mid,40.0,10:30,16:00,forced,-0.98056
2026-02-25,NVDA,put,ITM,mid,40.0,10:00,10:15,target,0.4
2026-02-25,NVDA,put,ITM,mid,40.0,10:30,11:30,target,0.4
2026-02-25,NVDA,put,ITM,mid,40.0,11:30,16:00,forced,-0.61074
2026-02-26,NVDA,put,ITM,mid,40.0,10:00,14:00,target,0.4
2026-02-26,NVDA,put,ITM,mid,40.0,14:30,16:00,forced,-0.3417
2026-02-27,NVDA,put,ITM,mid,40.0,10:00,12:50,target,0.4
2026-02-27,NVDA,put,ITM,mid,40.0,13:00,15:30,target,0.4
2026-02-27,NVDA,put,ITM,mid,40.0,15:30,16:00,forced,-0.32363
2026-03-02,NVDA,put,ITM,mid,40.0,10:00,10:20,target,0.4
2026-03-02,NVDA,put,ITM,mid,40.0,10:30,14:05,target,0.4
2026-03-02,NVDA,put,ITM,mid,40.0,14:30,15:20,target,0.4
2026-03-02,NVDA,put,ITM,mid,40.0,15:30,16:00,forced,0.00832
2026-03-03,NVDA,put,ITM,mid,40.0,10:00,10:25,target,0.4
2026-03-03,NVDA,put,ITM,mid,40.0,10:30,10:45,target,0.4
2026-03-03,NVDA,put,ITM,mid,40.0,11:00,16:00,forced,-0.00471
2026-03-04,NVDA,put,ITM,mid,40.0,10:00,16:00,forced,-0.9865
2026-03-05,NVDA,put,ITM,mid,40.0,10:00,11:10,target,0.4
2026-03-05,NVDA,put,ITM,mid,40.0,11:30,15:35,target,0.4
2026-03-06,NVDA,put,ITM,mid,40.0,10:00,16:00,forced,-0.56073
2026-03-09,NVDA,put,ITM,mid,40.0,10:00,12:15,target,0.4
2026-03-09,NVDA,put,ITM,mid,40.0,13:00,13:45,target,0.4
2026-03-09,NVDA,put,ITM,mid,40.0,14:30,16:00,forced,-0.85918
2026-03-10,NVDA,put,ITM,mid,40.0,10:00,11:00,target,0.4
2026-03-10,NVDA,put,ITM,mid,40.0,11:00,14:20,target,0.4
2026-03-10,NVDA,put,ITM,mid,40.0,14:30,15:10,target,0.4
2026-03-10,NVDA,put,ITM,mid,40.0,15:30,16:00,forced,0.12536
2026-03-11,NVDA,put,ITM,mid,40.0,10:00,11:40,target,0.4
2026-03-11,NVDA,put,ITM,mid,40.0,12:00,15:05,target,0.4
2026-03-11,NVDA,put,ITM,mid,40.0,15:30,16:00,forced,0.1301
2026-03-12,NVDA,put,ITM,mid,40.0,10:00,10:40,target,0.4
2026-03-12,NVDA,put,ITM,mid,40.0,11:00,16:00,forced,-0.41475
2026-03-13,NVDA,put,ITM,mid,40.0,10:00,10:25,target,0.4
2026-03-13,NVDA,put,ITM,mid,40.0,10:30,12:50,target,0.4
2026-03-13,NVDA,put,ITM,mid,40.0,13:00,16:00,forced,-0.20467
2026-02-16,NVDA,put,ITM,mid,50.0,10:00,10:55,target,0.5
2026-02-16,NVDA,put,ITM,mid,50.0,11:00,15:55,target,0.5
2026-02-17,NVDA,put,ITM,mid,50.0,10:00,16:00,forced,-0.53307
2026-02-18,NVDA,put,ITM,mid,50.0,10:00,11:50,target,0.5
2026-02-18,NVDA,put,ITM,mid,50.0,12:00,12:25,target,0.5
2026-02-18,NVDA,put,ITM,mid,50.0,13:00,16:00,forced,-0.98669
2026-02-19,NVDA,put,ITM,mid,50.0,10:00,10:40,target,0.5
2026-02-19,NVDA,put,ITM,mid,50.0,11:00,16:00,forced,-0.58022
2026-02-20,NVDA,put,ITM,mid,50.0,10:00,16:00,forced,-0.43874
2026-02-23,NVDA,put,ITM,mid,50.0,10:00,10:35,target,0.5
2026-02-23,NVDA,put,ITM,mid,50.0,11:00,16:00,forced,-0.69208
2026-02-24,NVDA,put,ITM,mid,50.0,10:30,16:00,forced,-0.98056
2026-02-25,NVDA,put,ITM,mid,50.0,10:00,10:15,target,0.5
2026-02-25,NVDA,put,ITM,mid,50.0,10:30,11:30,target,0.5
2026-02-25,NVDA,put,ITM,mid,50.0,11:30,16:00,forced,-0.61074
2026-02-26,NVDA,put,ITM,mid,50.0,10:00,14:00,target,0.5
2026-02-26,NVDA,put,ITM,mid,50.0,14:30,16:00,forced,-0.3417
2026-02-27,NVDA,put,ITM,mid,50.0,10:00,12:50,target,0.5
2026-02-27,NVDA,put,ITM,mid,50.0,13:00,15:30,target,0.5
2026-02-27,NVDA,put,ITM,mid,50.0,15:30,16:00,forced,-0.32363
2026-03-02,NVDA,put,ITM,mid,50.0,10:00,10:20,target,0.5
2026-03-02,NVDA,put,ITM,mid,50.0,10:30,14:35,target,0.5
2026-03-02,NVDA,put,ITM,mid,50.0,15:00,16:00,forced,0.11305
2026-03-03,NVDA,put,ITM,mid,50.0,10:00,10:25,target,0.5
2026-03-03,NVDA,put,ITM,mid,50.0,10:30,10:50,target,0.5
2026-03-03,NVDA,put,ITM,mid,50.0,11:00,16:00,forced,-0.00471
2026-03-04,NVDA,put,ITM,mid,50.0,10:00,16:00,forced,-0.9865
2026-03-05,NVDA,put,ITM,mid,50.0,10:00,11:10,target,0.5
2026-03-05,NVDA,put,ITM,mid,50.0,11:30,16:00,forced,0.38058
2026-03-06,NVDA,put,ITM,mid,50.0,10:00,16:00,forced,-0.56073
2026-03-09,NVDA,put,ITM,mid,50.0,10:00,12:15,target,0.5
2026-03-09,NVDA,put,ITM,mid,50.0,13:00,13:50,target,0.5
2026-03-09,NVDA,put,ITM,mid,50.0,14:30,16:00,forced,-0.85918
2026-03-10,NVDA,put,ITM,mid,50.0,10:00,11:00,target,0.5
2026-03-10,NVDA,put,ITM,mid,50.0,11:00,15:05,target,0.5
2026-03-10,NVDA,put,ITM,mid,50.0,15:30,16:00,forced,0.12536
2026-03-11,NVDA,put,ITM,mid,50.0,10:00,11:45,target,0.5
2026-03-11,NVDA,put,ITM,mid,50.0,12:00,15:05,target,0.5
2026-03-11,NVDA,put,ITM,mid,50.0,15:30,16:00,forced,0.1301
2026-03-12,NVDA,put,ITM,mid,50.0,10:00,10:45,target,0.5
2026-03-12,NVDA,put,ITM,mid,50.0,11:00,16:00,forced,-0.41475
2026-03-13,NVDA,put,ITM,mid,50.0,10:00,10:25,target,0.5
2026-03-13,NVDA,put,ITM,mid,50.0,10:30,13:15,target,0.5
2026-03-13,NVDA,put,ITM,mid,50.0,14:30,16:00,forced,-0.11804
2026-02-16,NVDA,put,ITM,mid,60.0,10:00,11:55,target,0.6
2026-02-16,NVDA,put,ITM,mid,60.0,13:00,16:00,forced,0.04845
2026-02-17,NVDA,put,ITM,mid,60.0,10:00,16:00,forced,-0.53307
2026-02-18,NVDA,put,ITM,mid,60.0,10:00,12:20,target,0.6
2026-02-18,NVDA,put,ITM,mid,60.0,13:00,16:00,forced,-0.98669
2026-02-19,NVDA,put,ITM,mid,60.0,10:00,10:40,target,0.6
2026-02-19,NVDA,put,ITM,mid,60.0,11:00,16:00,forced,-0.58022
2026-02-20,NVDA,put,ITM,mid,60.0,10:00,16:00,forced,-0.43874
2026-02-23,NVDA,put,ITM,mid,60.0,10:00,10:40,target,0.6
2026-02-23,NVDA,put,ITM,mid,60.0,11:00,16:00,forced,-0.69208
2026-02-24,NVDA,put,ITM,mid,60.0,10:30,16:00,forced,-0.98056
2026-02-25,NVDA,put,ITM,mid,60.0,10:00,10:15,target,0.6
2026-02-25,NVDA,put,ITM,mid,60.0,10:30,11:45,target,0.6
2026-02-25,NVDA,put,ITM,mid,60.0,13:00,16:00,forced,-0.60966
2026-02-26,NVDA,put,ITM,mid,60.0,10:00,16:00,forced,-0.26097
2026-02-27,NVDA,put,ITM,mid,60.0,10:00,12:50,target,0.6
2026-02-27,NVDA,put,ITM,mid,60.0,13:00,15:30,target,0.6
2026-02-27,NVDA,put,ITM,mid,60.0,15:30,16:00,forced,-0.32363
2026-03-02,NVDA,put,ITM,mid,60.0,09:35,13:15,target,0.6
2026-03-02,NVDA,put,ITM,mid,60.0,14:30,16:00,forced,0.38137
2026-03-03,NVDA,put,ITM,mid,60.0,09:35,10:50,target,0.6
2026-03-03,NVDA,put,ITM,mid,60.0,11:00,16:00,forced,-0.00471
2026-03-04,NVDA,put,ITM,mid,60.0,09:35,16:00,forced,-0.98518
2026-03-05,NVDA,put,ITM,mid,60.0,09:35,10:05,target,0.6
2026-03-05,NVDA,put,ITM,mid,60.0,10:30,11:20,target,0.6
2026-03-05,NVDA,put,ITM,mid,60.0,11:30,16:00,forced,0.38058
2026-03-06,NVDA,put,ITM,mid,60.0,09:35,16:00,forced,-0.1964
2026-03-09,NVDA,put,ITM,mid,60.0,09:35,12:15,target,0.6
2026-03-09,NVDA,put,ITM,mid,60.0,12:30,14:15,target,0.6
2026-03-09,NVDA,put,ITM,mid,60.0,14:30,16:00,forced,-0.85918
2026-03-10,NVDA,put,ITM,mid,60.0,09:35,13:30,target,0.6
2026-03-10,NVDA,put,ITM,mid,60.0,14:30,15:15,target,0.6
2026-03-10,NVDA,put,ITM,mid,60.0,15:30,16:00,forced,0.12536
2026-03-11,NVDA,put,ITM,mid,60.0,09:35,11:45,target,0.6
2026-03-11,NVDA,put,ITM,mid,60.0,12:00,15:05,target,0.6
2026-03-11,NVDA,put,ITM,mid,60.0,15:30,16:00,forced,0.1301
2026-03-12,NVDA,put,ITM,mid,60.0,09:35,10:40,target,0.6
2026-03-12,NVDA,put,ITM,mid,60.0,11:00,16:00,forced,-0.41475
2026-03-13,NVDA,put,ITM,mid,60.0,09:35,10:20,target,0.6
2026-03-13,NVDA,put,ITM,mid,60.0,10:30,13:55,target,0.6
2026-03-13,NVDA,put,ITM,mid,60.0,14:30,16:00,forced,-0.11804
2026-02-16,NVDA,put,ITM,mid,70.0,10:00,12:55,target,0.7
2026-02-16,NVDA,put,ITM,mid,70.0,13:00,16:00,forced,0.04845
2026-02-17,NVDA,put,ITM,mid,70.0,10:00,16:00,forced,-0.53307
2026-02-18,NVDA,put,ITM,mid,70.0,10:00,12:25,target,0.7
2026-02-18,NVDA,put,ITM,mid,70.0,13:00,16:00,forced,-0.98669
2026-02-19,NVDA,put,ITM,mid,70.0,10:00,10:40,target,0.7
2026-02-19,NVDA,put,ITM,mid,70.0,11:00,16:00,forced,-0.58022
2026-02-20,NVDA,put,ITM,mid,70.0,10:00,16:00,forced,-0.43874
2026-02-23,NVDA,put,ITM,mid,70.0,10:00,10:40,target,0.7
2026-02-23,NVDA,put,ITM,mid,70.0,11:00,16:00,forced,-0.69208
2026-02-24,NVDA,put,ITM,mid,70.0,09:35,16:00,forced,-0.98535
2026-02-25,NVDA,put,ITM,mid,70.0,10:00,10:15,target,0.7
2026-02-25,NVDA,put,ITM,mid,70.0,10:30,16:00,forced,-0.18296
2026-02-26,NVDA,put,ITM,mid,70.0,10:00,16:00,forced,-0.26097
2026-02-27,NVDA,put,ITM,mid,70.0,10:00,12:50,target,0.7
2026-02-27,NVDA,put,ITM,mid,70.0,13:00,15:35,target,0.7
2026-03-02,NVDA,put,ITM,mid,70.0,09:35,13:15,target,0.7
2026-03-02,NVDA,put,ITM,mid,70.0,14:00,16:00,forced,0.37326
2026-03-03,NVDA,put,ITM,mid,70.0,09:35,10:50,target,0.7
2026-03-03,NVDA,put,ITM,mid,70.0,11:00,16:00,forced,-0.00471
2026-03-04,NVDA,put,ITM,mid,70.0,09:35,16:00,forced,-0.98518
2026-03-05,NVDA,put,ITM,mid,70.0,09:35,10:05,target,0.7
2026-03-05,NVDA,put,ITM,mid,70.0,10:30,15:25,target,0.7
2026-03-05,NVDA,put,ITM,mid,70.0,15:30,16:00,forced,0.15667
2026-03-06,NVDA,put,ITM,mid,70.0,09:35,16:00,forced,-0.1964
2026-03-09,NVDA,put,ITM,mid,70.0,09:35,12:15,target,0.7
2026-03-09,NVDA,put,ITM,mid,70.0,12:30,14:20,target,0.7
2026-03-09,NVDA,put,ITM,mid,70.0,14:30,16:00,forced,-0.85918
2026-03-10,NVDA,put,ITM,mid,70.0,09:35,14:20,target,0.7
2026-03-10,NVDA,put,ITM,mid,70.0,14:30,15:30,target,0.7
2026-03-10,NVDA,put,ITM,mid,70.0,15:30,16:00,forced,0.12536
2026-03-11,NVDA,put,ITM,mid,70.0,09:35,11:45,target,0.7
2026-03-11,NVDA,put,ITM,mid,70.0,12:00,15:10,target,0.7
2026-03-11,NVDA,put,ITM,mid,70.0,15:30,16:00,forced,0.1301
2026-03-12,NVDA,put,ITM,mid,70.0,09:35,10:40,target,0.7
2026-03-12,NVDA,put,ITM,mid,70.0,11:00,16:00,forced,-0.41475
2026-03-13,NVDA,put,ITM,mid,70.0,09:35,10:25,target,0.7
2026-03-13,NVDA,put,ITM,mid,70.0,10:30,16:00,forced,0.15245
2026-02-16,NVDA,put,ITM,mid,75.0,10:00,13:15,target,0.75
2026-02-16,NVDA,put,ITM,mid,75.0,13:30,16:00,forced,0.07753
2026-02-17,NVDA,put,ITM,mid,75.0,10:00,16:00,forced,-0.53307
2026-02-18,NVDA,put,ITM,mid,75.0,10:00,12:25,target,0.75
2026-02-18,NVDA,put,ITM,mid,75.0,13:00,16:00,forced,-0.98669
2026-02-19,NVDA,put,ITM,mid,75.0,10:00,10:40,target,0.75
2026-02-19,NVDA,put,ITM,mid,75.0,11:00,16:00,forced,-0.58022
2026-02-20,NVDA,put,ITM,mid,75.0,10:00,16:00,forced,-0.43874
2026-02-23,NVDA,put,ITM,mid,75.0,10:00,10:40,target,0.75
2026-02-23,NVDA,put,ITM,mid,75.0,11:00,16:00,forced,-0.69208
2026-02-24,NVDA,put,ITM,mid,75.0,09:35,16:00,forced,-0.98535
2026-02-25,NVDA,put,ITM,mid,75.0,10:00,10:15,target,0.75
2026-02-25,NVDA,put,ITM,mid,75.0,10:30,16:00,forced,-0.18296
2026-02-26,NVDA,put,ITM,mid,75.0,10:00,16:00,forced,-0.26097
2026-02-27,NVDA,put,ITM,mid,75.0,10:00,12:50,target,0.75
2026-02-27,NVDA,put,ITM,mid,75.0,13:00,15:35,target,0.75
2026-03-02,NVDA,put,ITM,mid,75.0,09:35,13:20,target,0.75
2026-03-02,NVDA,put,ITM,mid,75.0,14:00,16:00,forced,0.37326
2026-03-03,NVDA,put,ITM,mid,75.0,09:35,10:50,target,0.75
2026-03-03,NVDA,put,ITM,mid,75.0,11:00,16:00,forced,-0.00471
2026-03-04,NVDA,put,ITM,mid,75.0,09:35,16:00,forced,-0.98518
2026-03-05,NVDA,put,ITM,mid,75.0,09:35,11:05,target,0.75
2026-03-05,NVDA,put,ITM,mid,75.0,11:30,16:00,forced,0.38058
2026-03-06,NVDA,put,ITM,mid,75.0,09:35,16:00,forced,-0.1964
2026-03-09,NVDA,put,ITM,mid,75.0,09:35,12:15,target,0.75
2026-03-09,NVDA,put,ITM,mid,75.0,12:30,14:20,target,0.75
2026-03-09,NVDA,put,ITM,mid,75.0,14:30,16:00,forced,-0.85918
2026-03-10,NVDA,put,ITM,mid,75.0,09:35,14:20,target,0.75
2026-03-10,NVDA,put,ITM,mid,75.0,14:30,15:30,target,0.75
2026-03-10,NVDA,put,ITM,mid,75.0,15:30,16:00,forced,0.12536
2026-03-11,NVDA,put,ITM,mid,75.0,09:35,11:45,target,0.75
2026-03-11,NVDA,put,ITM,mid,75.0,12:00,15:25,target,0.75
2026-03-11,NVDA,put,ITM,mid,75.0,15:30,16:00,forced,0.1301
2026-03-12,NVDA,put,ITM,mid,75.0,09:35,10:45,target,0.75
2026-03-12,NVDA,put,ITM,mid,75.0,11:00,16:00,forced,-0.41475
2026-03-13,NVDA,put,ITM,mid,75.0,09:35,10:25,target,0.75
2026-03-13,NVDA,put,ITM,mid,75.0,10:30,16:00,forced,0.15245
2026-02-16,NVDA,put,ITM,mid,80.0,10:00,15:55,target,0.8
2026-02-17,NVDA,put,ITM,mid,80.0,10:00,16:00,forced,-0.53307
2026-02-18,NVDA,put,ITM,mid,80.0,10:00,12:30,target,0.8
2026-02-18,NVDA,put,ITM,mid,80.0,13:00,16:00,forced,-0.98669
2026-02-19,NVDA,put,ITM,mid,80.0,10:00,16:00,forced,-0.14909
2026-02-20,NVDA,put,ITM,mid,80.0,10:00,16:00,forced,-0.43874
2026-02-23,NVDA,put,ITM,mid,80.0,10:00,16:00,forced,-0.21635
2026-02-24,NVDA,put,ITM,mid,80.0,09:35,16:00,forced,-0.98535
2026-02-25,NVDA,put,ITM,mid,80.0,10:00,10:15,target,0.8
2026-02-25,NVDA,put,ITM,mid,80.0,10:30,16:00,forced,-0.18296
2026-02-26,NVDA,put,ITM,mid,80.0,10:00,16:00,forced,-0.26097
2026-02-27,NVDA,put,ITM,mid,80.0,10:00,12:50,target,0.8
2026-02-27,NVDA,put,ITM,mid,80.0,13:00,16:00,forced,0.2196
2026-03-02,NVDA,put,ITM,mid,80.0,09:35,13:20,target,0.8
2026-03-02,NVDA,put,ITM,mid,80.0,14:00,16:00,forced,0.37326
2026-03-03,NVDA,put,ITM,mid,80.0,09:35,10:50,target,0.8
2026-03-03,NVDA,put,ITM,mid,80.0,11:00,16:00,forced,-0.00471
2026-03-04,NVDA,put,ITM,mid,80.0,09:35,16:00,forced,-0.98518
2026-03-05,NVDA,put,ITM,mid,80.0,09:35,11:10,target,0.8
2026-03-05,NVDA,put,ITM,mid,80.0,11:30,16:00,forced,0.38058
2026-03-06,NVDA,put,ITM,mid,80.0,09:35,16:00,forced,-0.1964
2026-03-09,NVDA,put,ITM,mid,80.0,09:35,12:15,target,0.8
2026-03-09,NVDA,put,ITM,mid,80.0,13:00,13:55,target,0.8
2026-03-09,NVDA,put,ITM,mid,80.0,14:00,16:00,forced,-0.79834
2026-03-10,NVDA,put,ITM,mid,80.0,09:35,14:20,target,0.8
2026-03-10,NVDA,put,ITM,mid,80.0,14:30,15:50,target,0.8
2026-03-11,NVDA,put,ITM,mid,80.0,09:35,15:05,target,0.8
2026-03-11,NVDA,put,ITM,mid,80.0,15:30,16:00,forced,0.1301
2026-03-12,NVDA,put,ITM,mid,80.0,09:35,10:45,target,0.8
2026-03-12,NVDA,put,ITM,mid,80.0,11:00,16:00,forced,-0.41475
2026-03-13,NVDA,put,ITM,mid,80.0,09:35,10:25,target,0.8
2026-03-13,NVDA,put,ITM,mid,80.0,10:30,16:00,forced,0.15245
2026-02-16,NVDA,put,ITM,mid,90.0,10:00,15:55,target,0.9
2026-02-17,NVDA,put,ITM,mid,90.0,10:00,16:00,forced,-0.53307
2026-02-18,NVDA,put,ITM,mid,90.0,10:00,12:35,target,0.9
2026-02-18,NVDA,put,ITM,mid,90.0,13:00,16:00,forced,-0.98669
2026-02-19,NVDA,put,ITM,mid,90.0,10:00,16:00,forced,-0.14909
2026-02-20,NVDA,put,ITM,mid,90.0,10:00,16:00,forced,-0.43874
2026-02-23,NVDA,put,ITM,mid,90.0,10:00,16:00,forced,-0.21635
2026-02-24,NVDA,put,ITM,mid,90.0,09:35,16:00,forced,-0.98535
2026-02-25,NVDA,put,ITM,mid,90.0,10:00,10:50,target,0.9
2026-02-25,NVDA,put,ITM,mid,90.0,11:00,16:00,forced,-0.48033
2026-02-26,NVDA,put,ITM,mid,90.0,10:00,16:00,forced,-0.26097
2026-02-27,NVDA,put,ITM,mid,90.0,10:00,12:55,target,0.9
2026-02-27,NVDA,put,ITM,mid,90.0,13:00,16:00,forced,0.2196
2026-03-02,NVDA,put,ITM,mid,90.0,09:35,13:30,target,0.9
2026-03-02,NVDA,put,ITM,mid,90.0,14:00,16:00,forced,0.37326
2026-03-03,NVDA,put,ITM,mid,90.0,09:35,10:55,target,0.9
2026-03-03,NVDA,put,ITM,mid,90.0,11:00,16:00,forced,-0.00471
2026-03-04,NVDA,put,ITM,mid,90.0,09:35,16:00,forced,-0.98518
2026-03-05,NVDA,put,ITM,mid,90.0,09:35,11:10,target,0.9
2026-03-05,NVDA,put,ITM,mid,90.0,11:30,16:00,forced,0.38058
2026-03-06,NVDA,put,ITM,mid,90.0,09:35,16:00,forced,-0.1964
2026-03-09,NVDA,put,ITM,mid,90.0,09:35,14:00,target,0.9
2026-03-09,NVDA,put,ITM,mid,90.0,14:00,16:00,forced,-0.79834
2026-03-10,NVDA,put,ITM,mid,90.0,09:35,14:20,target,0.9
2026-03-10,NVDA,put,ITM,mid,90.0,14:30,15:50,target,0.9
2026-03-11,NVDA,put,ITM,mid,90.0,09:35,15:05,target,0.9
2026-03-11,NVDA,put,ITM,mid,90.0,15:30,16:00,forced,0.1301
2026-03-12,NVDA,put,ITM,mid,90.0,09:35,10:50,target,0.9
2026-03-12,NVDA,put,ITM,mid,90.0,11:00,16:00,forced,-0.41475
2026-03-13,NVDA,put,ITM,mid,90.0,09:35,10:25,target,0.9
2026-03-13,NVDA,put,ITM,mid,90.0,10:30,16:00,forced,0.15245
2026-02-16,NVDA,put,ITM,mid,100.0,10:00,16:00,forced,0.61687
2026-02-17,NVDA,put,ITM,mid,100.0,10:00,16:00,forced,-0.53307
2026-02-18,NVDA,put,ITM,mid,100.0,10:00,12:35,target,1.0
2026-02-18,NVDA,put,ITM,mid,100.0,13:00,16:00,forced,-0.98669
2026-02-19,NVDA,put,ITM,mid,100.0,10:00,16:00,forced,-0.14909
2026-02-20,NVDA,put,ITM,mid,100.0,10:00,16:00,forced,-0.43874
2026-02-23,NVDA,put,ITM,mid,100.0,10:00,16:00,forced,-0.21635
2026-02-24,NVDA,put,ITM,mid,100.0,09:35,16:00,forced,-0.98535
2026-02-25,NVDA,put,ITM,mid,100.0,10:00,10:55,target,1.0
2026-02-25,NVDA,put,ITM,mid,100.0,11:00,16:00,forced,-0.48033
2026-02-26,NVDA,put,ITM,mid,100.0,10:00,16:00,forced,-0.26097
2026-02-27,NVDA,put,ITM,mid,100.0,10:00,12:55,target,1.0
2026-02-27,NVDA,put,ITM,mid,100.0,13:00,16:00,forced,0.2196
2026-03-02,NVDA,put,ITM,mid,100.0,09:35,14:05,target,1.0
2026-03-02,NVDA,put,ITM,mid,100.0,14:30,16:00,forced,0.38137
2026-03-03,NVDA,put,ITM,mid,100.0,09:35,11:10,target,1.0
2026-03-03,NVDA,put,ITM,mid,100.0,11:30,16:00,forced,-0.11824
2026-03-04,NVDA,put,ITM,mid,100.0,09:35,16:00,forced,-0.98518
2026-03-05,NVDA,put,ITM,mid,100.0,09:35,11:10,target,1.0
2026-03-05,NVDA,put,ITM,mid,100.0,11:30,16:00,forced,0.38058
2026-03-06,NVDA,put,ITM,mid,100.0,09:35,16:00,forced,-0.1964
2026-03-09,NVDA,put,ITM,mid,100.0,09:35,14:00,target,1.0
2026-03-09,NVDA,put,ITM,mid,100.0,14:00,16:00,forced,-0.79834
2026-03-10,NVDA,put,ITM,mid,100.0,09:35,15:05,target,1.0
2026-03-10,NVDA,put,ITM,mid,100.0,15:30,16:00,forced,0.12536
2026-03-11,NVDA,put,ITM,mid,100.0,09:35,15:10,target,1.0
2026-03-11,NVDA,put,ITM,mid,100.0,15:30,16:00,forced,0.1301
2026-03-12,NVDA,put,ITM,mid,100.0,09:35,10:50,target,1.0
2026-03-12,NVDA,put,ITM,mid,100.0,11:00,16:00,forced,-0.41475
2026-03-13,NVDA,put,ITM,mid,100.0,09:35,10:35,target,1.0
2026-03-13,NVDA,put,ITM,mid,100.0,11:00,16:00,forced,-0.03538
2026-02-16,NVDA,put,ITM,market,20.0,10:00,10:35,target,0.2
2026-02-16,NVDA,put,ITM,market,20.0,11:00,12:05,target,0.2
2026-02-16,NVDA,put,ITM,market,20.0,14:30,15:30,target,0.2
2026-02-16,NVDA,put,ITM,market,20.0,15:30,16:00,forced,-0.02564
2026-02-17,NVDA,put,ITM,market,20.0,10:00,16:00,forced,-0.55138
2026-02-18,NVDA,put,ITM,market,20.0,10:00,11:15,target,0.2
2026-02-18,NVDA,put,ITM,market,20.0,11:30,11:40,target,0.2
2026-02-18,NVDA,put,ITM,market,20.0,12:00,12:20,target,0.2
2026-02-18,NVDA,put,ITM,market,20.0,13:00,16:00,forced,-0.98721
2026-02-19,NVDA,put,ITM,market,20.0,10:00,10:10,target,0.2
2026-02-19,NVDA,put,ITM,market,20.0,10:30,10:40,target,0.2
2026-02-19,NVDA,put,ITM,market,20.0,11:00,13:40,target,0.2
2026-02-19,NVDA,put,ITM,market,20.0,14:30,16:00,forced,-0.65147
2026-02-20,NVDA,put,ITM,market,20.0,10:00,16:00,forced,-0.46074
2026-02-23,NVDA,put,ITM,market,20.0,10:00,10:10,target,0.2
2026-02-23,NVDA,put,ITM,market,20.0,10:30,10:40,target,0.2
2026-02-23,NVDA,put,ITM,market,20.0,11:00,11:15,target,0.2
2026-02-23,NVDA,put,ITM,market,20.0,11:30,15:40,target,0.2
2026-02-24,NVDA,put,ITM,market,20.0,10:30,16:00,forced,-0.98132
2026-02-25,NVDA,put,ITM,market,20.0,10:00,10:15,target,0.2
2026-02-25,NVDA,put,ITM,market,20.0,10:30,11:00,target,0.2
2026-02-25,NVDA,put,ITM,market,20.0,11:00,11:30,target,0.2
2026-02-25,NVDA,put,ITM,market,20.0,11:30,16:00,forced,-0.62601
2026-02-26,NVDA,put,ITM,market,20.0,10:00,12:45,target,0.2
2026-02-26,NVDA,put,ITM,market,20.0,14:30,16:00,forced,-0.36751
2026-02-27,NVDA,put,ITM,market,20.0,10:00,12:30,target,0.2
2026-02-27,NVDA,put,ITM,market,20.0,14:30,14:50,target,0.2
2026-02-27,NVDA,put,ITM,market,20.0,15:00,15:30,target,0.2
2026-02-27,NVDA,put,ITM,market,20.0,15:30,16:00,forced,-0.35016
2026-03-02,NVDA,put,ITM,market,20.0,10:00,10:15,target,0.2
2026-03-02,NVDA,put,ITM,market,20.0,10:30,13:20,target,0.2
2026-03-02,NVDA,put,ITM,market,20.0,14:30,15:20,target,0.2
2026-03-02,NVDA,put,ITM,market,20.0,15:30,16:00,forced,-0.03123
2026-03-03,NVDA,put,ITM,market,20.0,10:00,10:25,target,0.2
2026-03-03,NVDA,put,ITM,market,20.0,10:30,10:45,target,0.2
2026-03-03,NVDA,put,ITM,market,20.0,11:00,12:15,target,0.2
2026-03-03,NVDA,put,ITM,market,20.0,13:00,13:15,target,0.2
2026-03-03,NVDA,put,ITM,market,20.0,14:30,15:00,target,0.2
2026-03-03,NVDA,put,ITM,market,20.0,15:00,16:00,forced,-0.18421
2026-03-04,NVDA,put,ITM,market,20.0,10:00,16:00,forced,-0.98703
2026-03-05,NVDA,put,ITM,market,20.0,10:00,10:05,target,0.2
2026-03-05,NVDA,put,ITM,market,20.0,10:30,11:10,target,0.2
2026-03-05,NVDA,put,ITM,market,20.0,12:00,13:10,target,0.2
2026-03-05,NVDA,put,ITM,market,20.0,14:30,15:15,target,0.2
2026-03-05,NVDA,put,ITM,market,20.0,15:30,16:00,forced,0.11131
2026-03-06,NVDA,put,ITM,market,20.0,10:00,16:00,forced,-0.57795
2026-03-09,NVDA,put,ITM,market,20.0,10:00,10:05,target,0.2
2026-03-09,NVDA,put,ITM,market,20.0,10:30,11:00,target,0.2
2026-03-09,NVDA,put,ITM,market,20.0,11:00,11:25,target,0.2
2026-03-09,NVDA,put,ITM,market,20.0,12:00,12:15,target,0.2
2026-03-09,NVDA,put,ITM,market,20.0,13:00,13:15,target,0.2
2026-03-09,NVDA,put,ITM,market,20.0,14:30,16:00,forced,-0.8647
2026-03-10,NVDA,put,ITM,market,20.0,10:00,10:55,target,0.2
2026-03-10,NVDA,put,ITM,market,20.0,11:00,14:20,target,0.2
2026-03-10,NVDA,put,ITM,market,20.0,14:30,15:05,target,0.2
2026-03-10,NVDA,put,ITM,market,20.0,15:30,16:00,forced,0.08123
2026-03-11,NVDA,put,ITM,market,20.0,10:00,11:40,target,0.2
2026-03-11,NVDA,put,ITM,market,20.0,12:00,13:30,target,0.2
2026-03-11,NVDA,put,ITM,market,20.0,14:30,15:05,target,0.2
2026-03-11,NVDA,put,ITM,market,20.0,15:30,16:00,forced,0.08578
2026-03-12,NVDA,put,ITM,market,20.0,10:00,10:40,target,0.2
2026-03-12,NVDA,put,ITM,market,20.0,11:00,11:20,target,0.2
2026-03-12,NVDA,put,ITM,market,20.0,12:00,16:00,forced,-0.65987
2026-03-13,NVDA,put,ITM,market,20.0,10:00,10:20,target,0.2
2026-03-13,NVDA,put,ITM,market,20.0,10:30,10:40,target,0.2
2026-03-13,NVDA,put,ITM,market,20.0,11:00,12:50,target,0.2
2026-03-13,NVDA,put,ITM,market,20.0,13:00,16:00,forced,-0.23586
2026-02-16,NVDA,put,ITM,market,25.0,10:00,10:35,target,0.25
2026-02-16,NVDA,put,ITM,market,25.0,11:00,12:55,target,0.25
2026-02-16,NVDA,put,ITM,market,25.0,14:30,15:30,target,0.25
2026-02-16,NVDA,put,ITM,market,25.0,15:30,16:00,forced,-0.02564
2026-02-17,NVDA,put,ITM,market,25.0,10:00,16:00,forced,-0.55138
2026-02-18,NVDA,put,ITM,market,25.0,10:00,11:45,target,0.25
2026-02-18,NVDA,put,ITM,market,25.0,12:00,12:20,target,0.25
2026-02-18,NVDA,put,ITM,market,25.0,13:00,16:00,forced,-0.98721
2026-02-19,NVDA,put,ITM,market,25.0,10:00,10:15,target,0.25
2026-02-19,NVDA,put,ITM,market,25.0,10:30,10:40,target,0.25
2026-02-19,NVDA,put,ITM,market,25.0,11:00,13:40,target,0.25
2026-02-19,NVDA,put,ITM,market,25.0,14:30,16:00,forced,-0.65147
2026-02-20,NVDA,put,ITM,market,25.0,10:00,16:00,forced,-0.46074
2026-02-23,NVDA,put,ITM,market,25.0,10:00,10:15,target,0.25
2026-02-23,NVDA,put,ITM,market,25.0,10:30,10:40,target,0.25
2026-02-23,NVDA,put,ITM,market,25.0,11:00,11:15,target,0.25
2026-02-23,NVDA,put,ITM,market,25.0,11:30,16:00,forced,-0.3162
2026-02-24,NVDA,put,ITM,market,25.0,10:30,16:00,forced,-0.98132
2026-02-25,NVDA,put,ITM,market,25.0,10:00,10:15,target,0.25
2026-02-25,NVDA,put,ITM,market,25.0,10:30,11:05,target,0.25
2026-02-25,NVDA,put,ITM,market,25.0,11:30,16:00,forced,-0.62601
2026-02-26,NVDA,put,ITM,market,25.0,10:00,12:45,target,0.25
2026-02-26,NVDA,put,ITM,market,25.0,14:30,16:00,forced,-0.36751
2026-02-27,NVDA,put,ITM,market,25.0,10:00,12:30,target,0.25
2026-02-27,NVDA,put,ITM,market,25.0,14:30,14:55,target,0.25
2026-02-27,NVDA,put,ITM,market,25.0,15:00,15:35,target,0.25
2026-03-02,NVDA,put,ITM,market,25.0,10:00,10:20,target,0.25
2026-03-02,NVDA,put,ITM,market,25.0,10:30,13:30,target,0.25
2026-03-02,NVDA,put,ITM,market,25.0,14:30,15:20,target,0.25
2026-03-02,NVDA,put,ITM,market,25.0,15:30,16:00,forced,-0.03123
2026-03-03,NVDA,put,ITM,market,25.0,10:00,10:25,target,0.25
2026-03-03,NVDA,put,ITM,market,25.0,10:30,10:45,target,0.25
2026-03-03,NVDA,put,ITM,market,25.0,11:00,16:00,forced,-0.04374
2026-03-04,NVDA,put,ITM,market,25.0,10:00,16:00,forced,-0.98703
2026-03-05,NVDA,put,ITM,market,25.0,10:00,11:10,target,0.25
2026-03-05,NVDA,put,ITM,market,25.0,11:30,15:35,target,0.25
2026-03-06,NVDA,put,ITM,market,25.0,10:00,16:00,forced,-0.57795
2026-03-09,NVDA,put,ITM,market,25.0,10:00,10:05,target,0.25
2026-03-09,NVDA,put,ITM,market,25.0,10:30,11:00,target,0.25
2026-03-09,NVDA,put,ITM,market,25.0,11:00,11:55,target,0.25
2026-03-09,NVDA,put,ITM,market,25.0,12:00,12:15,target,0.25
2026-03-09,NVDA,put,ITM,market,25.0,14:30,16:00,forced,-0.8647
2026-03-10,NVDA,put,ITM,market,25.0,10:00,11:00,target,0.25
2026-03-10,NVDA,put,ITM,market,25.0,11:00,14:20,target,0.25
2026-03-10,NVDA,put,ITM,market,25.0,14:30,15:05,target,0.25
2026-03-10,NVDA,put,ITM,market,25.0,15:30,16:00,forced,0.08123
2026-03-11,NVDA,put,ITM,market,25.0,10:00,11:40,target,0.25
2026-03-11,NVDA,put,ITM,market,25.0,12:00,15:05,target,0.25
2026-03-11,NVDA,put,ITM,market,25.0,15:30,16:00,forced,0.08578
2026-03-12,NVDA,put,ITM,market,25.0,10:00,10:40,target,0.25
2026-03-12,NVDA,put,ITM,market,25.0,11:00,11:20,target,0.25
2026-03-12,NVDA,put,ITM,market,25.0,11:30,16:00,forced,-0.72818
2026-03-13,NVDA,put,ITM,market,25.0,10:00,10:20,target,0.25
2026-03-13,NVDA,put,ITM,market,25.0,10:30,10:40,target,0.25
2026-03-13,NVDA,put,ITM,market,25.0,11:00,13:15,target,0.25
2026-03-13,NVDA,put,ITM,market,25.0,14:30,16:00,forced,-0.15264
2026-02-16,NVDA,put,ITM,market,30.0,10:00,10:40,target,0.3
2026-02-16,NVDA,put,ITM,market,30.0,11:00,15:45,target,0.3
2026-02-17,NVDA,put,ITM,market,30.0,10:00,16:00,forced,-0.55138
2026-02-18,NVDA,put,ITM,market,30.0,10:00,11:50,target,0.3
2026-02-18,NVDA,put,ITM,market,30.0,12:00,12:20,target,0.3
2026-02-18,NVDA,put,ITM,market,30.0,13:00,16:00,forced,-0.98721
2026-02-19,NVDA,put,ITM,market,30.0,10:00,10:15,target,0.3
2026-02-19,NVDA,put,ITM,market,30.0,10:30,10:40,target,0.3
2026-02-19,NVDA,put,ITM,market,30.0,11:00,13:40,target,0.3
2026-02-19,NVDA,put,ITM,market,30.0,14:30,16:00,forced,-0.65147
2026-02-20,NVDA,put,ITM,market,30.0,10:00,16:00,forced,-0.46074
2026-02-23,NVDA,put,ITM,market,30.0,10:00,10:35,target,0.3
2026-02-23,NVDA,put,ITM,market,30.0,11:00,16:00,forced,-0.70416
2026-02-24,NVDA,put,ITM,market,30.0,10:30,16:00,forced,-0.98132
2026-02-25,NVDA,put,ITM,market,30.0,10:00,10:15,target,0.3
2026-02-25,NVDA,put,ITM,market,30.0,10:30,11:20,target,0.3
2026-02-25,NVDA,put,ITM,market,30.0,11:30,16:00,forced,-0.62601
2026-02-26,NVDA,put,ITM,market,30.0,10:00,14:00,target,0.3
2026-02-26,NVDA,put,ITM,market,30.0,14:30,16:00,forced,-0.36751
2026-02-27,NVDA,put,ITM,market,30.0,10:00,12:30,target,0.3
2026-02-27,NVDA,put,ITM,market,30.0,13:00,15:30,target,0.3
2026-02-27,NVDA,put,ITM,market,30.0,15:30,16:00,forced,-0.35016
2026-03-02,NVDA,put,ITM,market,30.0,10:00,10:20,target,0.3
2026-03-02,NVDA,put,ITM,market,30.0,10:30,14:05,target,0.3
2026-03-02,NVDA,put,ITM,market,30.0,14:30,15:20,target,0.3
2026-03-02,NVDA,put,ITM,market,30.0,15:30,16:00,forced,-0.03123
2026-03-03,NVDA,put,ITM,market,30.0,10:00,10:25,target,0.3
2026-03-03,NVDA,put,ITM,market,30.0,10:30,10:45,target,0.3
2026-03-03,NVDA,put,ITM,market,30.0,11:00,16:00,forced,-0.04374
2026-03-04,NVDA,put,ITM,market,30.0,10:00,16:00,forced,-0.98703
2026-03-05,NVDA,put,ITM,market,30.0,10:00,11:10,target,0.3
2026-03-05,NVDA,put,ITM,market,30.0,11:30,15:35,target,0.3
2026-03-06,NVDA,put,ITM,market,30.0,10:00,16:00,forced,-0.57795
2026-03-09,NVDA,put,ITM,market,30.0,10:00,10:05,target,0.3
2026-03-09,NVDA,put,ITM,market,30.0,10:30,11:05,target,0.3
2026-03-09,NVDA,put,ITM,market,30.0,11:30,14:00,target,0.3
2026-03-09,NVDA,put,ITM,market,30.0,14:30,16:00,forced,-0.8647
2026-03-10,NVDA,put,ITM,market,30.0,10:00,11:00,target,0.3
2026-03-10,NVDA,put,ITM,market,30.0,11:00,14:20,target,0.3
2026-03-10,NVDA,put,ITM,market,30.0,14:30,15:05,target,0.3
2026-03-10,NVDA,put,ITM,market,30.0,15:30,16:00,forced,0.08123
2026-03-11,NVDA,put,ITM,market,30.0,10:00,11:40,target,0.3
2026-03-11,NVDA,put,ITM,market,30.0,12:00,15:05,target,0.3
2026-03-11,NVDA,put,ITM,market,30.0,15:30,16:00,forced,0.08578
2026-03-12,NVDA,put,ITM,market,30.0,10:00,10:40,target,0.3
2026-03-12,NVDA,put,ITM,market,30.0,11:00,16:00,forced,-0.4377
2026-03-13,NVDA,put,ITM,market,30.0,10:00,10:25,target,0.3
2026-03-13,NVDA,put,ITM,market,30.0,10:30,10:40,target,0.3
2026-03-13,NVDA,put,ITM,market,30.0,11:00,13:15,target,0.3
2026-03-13,NVDA,put,ITM,market,30.0,14:30,16:00,forced,-0.15264
2026-02-16,NVDA,put,ITM,market,40.0,10:00,10:50,target,0.4
2026-02-16,NVDA,put,ITM,market,40.0,11:00,15:55,target,0.4
2026-02-17,NVDA,put,ITM,market,40.0,10:00,16:00,forced,-0.55138
2026-02-18,NVDA,put,ITM,market,40.0,10:00,11:50,target,0.4
2026-02-18,NVDA,put,ITM,market,40.0,12:00,12:20,target,0.4
2026-02-18,NVDA,put,ITM,market,40.0,13:00,16:00,forced,-0.98721
2026-02-19,NVDA,put,ITM,market,40.0,10:00,10:25,target,0.4
2026-02-19,NVDA,put,ITM,market,40.0,10:30,10:40,target,0.4
2026-02-19,NVDA,put,ITM,market,40.0,11:00,16:00,forced,-0.59669
2026-02-20,NVDA,put,ITM,market,40.0,10:00,16:00,forced,-0.46074
2026-02-23,NVDA,put,ITM,market,40.0,10:00,10:35,target,0.4
2026-02-23,NVDA,put,ITM,market,40.0,11:00,16:00,forced,-0.70416
2026-02-24,NVDA,put,ITM,market,40.0,10:30,16:00,forced,-0.98132
2026-02-25,NVDA,put,ITM,market,40.0,10:00,10:15,target,0.4
2026-02-25,NVDA,put,ITM,market,40.0,10:30,11:30,target,0.4
2026-02-25,NVDA,put,ITM,market,40.0,11:30,16:00,forced,-0.62601
2026-02-26,NVDA,put,ITM,market,40.0,10:00,14:00,target,0.4
2026-02-26,NVDA,put,ITM,market,40.0,14:30,16:00,forced,-0.36751
2026-02-27,NVDA,put,ITM,market,40.0,10:00,12:50,target,0.4
2026-02-27,NVDA,put,ITM,market,40.0,13:00,15:30,target,0.4
2026-02-27,NVDA,put,ITM,market,40.0,15:30,16:00,forced,-0.35016
2026-03-02,NVDA,put,ITM,market,40.0,10:00,10:20,target,0.4
2026-03-02,NVDA,put,ITM,market,40.0,10:30,14:05,target,0.4
2026-03-02,NVDA,put,ITM,market,40.0,14:30,15:20,target,0.4
2026-03-02,NVDA,put,ITM,market,40.0,15:30,16:00,forced,-0.03123
2026-03-03,NVDA,put,ITM,market,40.0,10:00,10:25,target,0.4
2026-03-03,NVDA,put,ITM,market,40.0,10:30,10:50,target,0.4
2026-03-03,NVDA,put,ITM,market,40.0,11:00,16:00,forced,-0.04374
2026-03-04,NVDA,put,ITM,market,40.0,10:00,16:00,forced,-0.98703
2026-03-05,NVDA,put,ITM,market,40.0,10:00,11:10,target,0.4
2026-03-05,NVDA,put,ITM,market,40.0,11:30,16:00,forced,0.32644
2026-03-06,NVDA,put,ITM,market,40.0,10:00,16:00,forced,-0.57795
2026-03-09,NVDA,put,ITM,market,40.0,10:00,12:15,target,0.4
2026-03-09,NVDA,put,ITM,market,40.0,13:00,13:45,target,0.4
2026-03-09,NVDA,put,ITM,market,40.0,14:30,16:00,forced,-0.8647
2026-03-10,NVDA,put,ITM,market,40.0,10:00,11:00,target,0.4
2026-03-10,NVDA,put,ITM,market,40.0,11:00,15:05,target,0.4
2026-03-10,NVDA,put,ITM,market,40.0,15:30,16:00,forced,0.08123
2026-03-11,NVDA,put,ITM,market,40.0,10:00,11:45,target,0.4
2026-03-11,NVDA,put,ITM,market,40.0,12:00,15:05,target,0.4
2026-03-11,NVDA,put,ITM,market,40.0,15:30,16:00,forced,0.08578
2026-03-12,NVDA,put,ITM,market,40.0,10:00,10:40,target,0.4
2026-03-12,NVDA,put,ITM,market,40.0,11:00,16:00,forced,-0.4377
2026-03-13,NVDA,put,ITM,market,40.0,10:00,10:25,target,0.4
2026-03-13,NVDA,put,ITM,market,40.0,10:30,13:15,target,0.4
2026-03-13,NVDA,put,ITM,market,40.0,14:30,16:00,forced,-0.15264
2026-02-16,NVDA,put,ITM,market,50.0,10:00,11:55,target,0.5
2026-02-16,NVDA,put,ITM,market,50.0,12:00,16:00,forced,0.00027
2026-02-17,NVDA,put,ITM,market,50.0,10:00,16:00,forced,-0.55138
2026-02-18,NVDA,put,ITM,market,50.0,10:00,12:20,target,0.5
2026-02-18,NVDA,put,ITM,market,50.0,13:00,16:00,forced,-0.98721
2026-02-19,NVDA,put,ITM,market,50.0,10:00,10:40,target,0.5
2026-02-19,NVDA,put,ITM,market,50.0,11:00,16:00,forced,-0.59669
2026-02-20,NVDA,put,ITM,market,50.0,10:00,16:00,forced,-0.46074
2026-02-23,NVDA,put,ITM,market,50.0,10:00,10:40,target,0.5
2026-02-23,NVDA,put,ITM,market,50.0,11:00,16:00,forced,-0.70416
2026-02-24,NVDA,put,ITM,market,50.0,10:30,16:00,forced,-0.98132
2026-02-25,NVDA,put,ITM,market,50.0,10:00,10:15,target,0.5
2026-02-25,NVDA,put,ITM,market,50.0,10:30,11:30,target,0.5
2026-02-25,NVDA,put,ITM,market,50.0,11:30,16:00,forced,-0.62601
2026-02-26,NVDA,put,ITM,market,50.0,10:00,14:05,target,0.5
2026-02-26,NVDA,put,ITM,market,50.0,14:30,16:00,forced,-0.36751
2026-02-27,NVDA,put,ITM,market,50.0,10:00,12:50,target,0.5
2026-02-27,NVDA,put,ITM,market,50.0,13:00,15:30,target,0.5
2026-02-27,NVDA,put,ITM,market,50.0,15:30,16:00,forced,-0.35016
2026-03-02,NVDA,put,ITM,market,50.0,09:35,13:15,target,0.5
2026-03-02,NVDA,put,ITM,market,50.0,14:30,16:00,forced,0.32719
2026-03-03,NVDA,put,ITM,market,50.0,09:35,10:50,target,0.5
2026-03-03,NVDA,put,ITM,market,50.0,11:00,16:00,forced,-0.04374
2026-03-04,NVDA,put,ITM,market,50.0,09:35,16:00,forced,-0.98576
2026-03-05,NVDA,put,ITM,market,50.0,09:35,09:55,target,0.5
2026-03-05,NVDA,put,ITM,market,50.0,10:00,11:15,target,0.5
2026-03-05,NVDA,put,ITM,market,50.0,11:30,16:00,forced,0.32644
2026-03-06,NVDA,put,ITM,market,50.0,09:35,16:00,forced,-0.22792
2026-03-09,NVDA,put,ITM,market,50.0,09:35,12:10,target,0.5
2026-03-09,NVDA,put,ITM,market,50.0,13:00,13:50,target,0.5
2026-03-09,NVDA,put,ITM,market,50.0,14:30,16:00,forced,-0.8647
2026-03-10,NVDA,put,ITM,market,50.0,09:35,13:30,target,0.5
2026-03-10,NVDA,put,ITM,market,50.0,14:30,15:15,target,0.5
2026-03-10,NVDA,put,ITM,market,50.0,15:30,16:00,forced,0.08123
2026-03-11,NVDA,put,ITM,market,50.0,09:35,11:45,target,0.5
2026-03-11,NVDA,put,ITM,market,50.0,12:00,15:05,target,0.5
2026-03-11,NVDA,put,ITM,market,50.0,15:30,16:00,forced,0.08578
2026-03-12,NVDA,put,ITM,market,50.0,09:35,10:40,target,0.5
2026-03-12,NVDA,put,ITM,market,50.0,11:00,16:00,forced,-0.4377
2026-03-13,NVDA,put,ITM,market,50.0,09:35,10:20,target,0.5
2026-03-13,NVDA,put,ITM,market,50.0,10:30,13:50,target,0.5
2026-03-13,NVDA,put,ITM,market,50.0,14:30,16:00,forced,-0.15264
2026-02-16,NVDA,put,ITM,market,60.0,10:00,12:05,target,0.6
2026-02-16,NVDA,put,ITM,market,60.0,13:00,16:00,forced,0.00734
2026-02-17,NVDA,put,ITM,market,60.0,10:00,16:00,forced,-0.55138
2026-02-18,NVDA,put,ITM,market,60.0,10:00,12:20,target,0.6
2026-02-18,NVDA,put,ITM,market,60.0,13:00,16:00,forced,-0.98721
2026-02-19,NVDA,put,ITM,market,60.0,10:00,10:40,target,0.6
2026-02-19,NVDA,put,ITM,market,60.0,11:00,16:00,forced,-0.59669
2026-02-20,NVDA,put,ITM,market,60.0,10:00,16:00,forced,-0.46074
2026-02-23,NVDA,put,ITM,market,60.0,10:00,10:40,target,0.6
2026-02-23,NVDA,put,ITM,market,60.0,11:00,16:00,forced,-0.70416
2026-02-24,NVDA,put,ITM,market,60.0,10:30,16:00,forced,-0.98132
2026-02-25,NVDA,put,ITM,market,60.0,10:00,10:15,target,0.6
2026-02-25,NVDA,put,ITM,market,60.0,10:30,16:00,forced,-0.21501
2026-02-26,NVDA,put,ITM,market,60.0,10:00,16:00,forced,-0.28995
2026-02-27,NVDA,put,ITM,market,60.0,10:00,12:50,target,0.6
2026-02-27,NVDA,put,ITM,market,60.0,13:00,15:35,target,0.6
2026-03-02,NVDA,put,ITM,market,60.0,09:35,13:15,target,0.6
2026-03-02,NVDA,put,ITM,market,60.0,14:00,16:00,forced,0.3194
2026-03-03,NVDA,put,ITM,market,60.0,09:35,10:50,target,0.6
2026-03-03,NVDA,put,ITM,market,60.0,11:00,16:00,forced,-0.04374
2026-03-04,NVDA,put,ITM,market,60.0,09:35,16:00,forced,-0.98576
2026-03-05,NVDA,put,ITM,market,60.0,09:35,10:05,target,0.6
2026-03-05,NVDA,put,ITM,market,60.0,10:30,11:25,target,0.6
2026-03-05,NVDA,put,ITM,market,60.0,11:30,16:00,forced,0.32644
2026-03-06,NVDA,put,ITM,market,60.0,09:35,16:00,forced,-0.22792
2026-03-09,NVDA,put,ITM,market,60.0,09:35,12:15,target,0.6
2026-03-09,NVDA,put,ITM,market,60.0,13:00,13:50,target,0.6
2026-03-09,NVDA,put,ITM,market,60.0,14:00,16:00,forced,-0.80625
2026-03-10,NVDA,put,ITM,market,60.0,09:35,13:30,target,0.6
2026-03-10,NVDA,put,ITM,market,60.0,14:00,15:15,target,0.6
2026-03-10,NVDA,put,ITM,market,60.0,15:30,16:00,forced,0.08123
2026-03-11,NVDA,put,ITM,market,60.0,09:35,11:45,target,0.6
2026-03-11,NVDA,put,ITM,market,60.0,12:00,15:10,target,0.6
2026-03-11,NVDA,put,ITM,market,60.0,15:30,16:00,forced,0.08578
2026-03-12,NVDA,put,ITM,market,60.0,09:35,10:40,target,0.6
2026-03-12,NVDA,put,ITM,market,60.0,11:00,16:00,forced,-0.4377
2026-03-13,NVDA,put,ITM,market,60.0,09:35,10:25,target,0.6
2026-03-13,NVDA,put,ITM,market,60.0,10:30,16:00,forced,0.10725
2026-02-16,NVDA,put,ITM,market,70.0,10:00,13:15,target,0.7
2026-02-16,NVDA,put,ITM,market,70.0,13:30,16:00,forced,0.03527
2026-02-17,NVDA,put,ITM,market,70.0,10:00,16:00,forced,-0.55138
2026-02-18,NVDA,put,ITM,market,70.0,10:00,12:25,target,0.7
2026-02-18,NVDA,put,ITM,market,70.0,13:00,16:00,forced,-0.98721
2026-02-19,NVDA,put,ITM,market,70.0,10:00,10:40,target,0.7
2026-02-19,NVDA,put,ITM,market,70.0,11:00,16:00,forced,-0.59669
2026-02-20,NVDA,put,ITM,market,70.0,10:00,16:00,forced,-0.46074
2026-02-23,NVDA,put,ITM,market,70.0,10:00,16:00,forced,-0.24708
2026-02-24,NVDA,put,ITM,market,70.0,09:35,16:00,forced,-0.98592
2026-02-25,NVDA,put,ITM,market,70.0,10:00,10:15,target,0.7
2026-02-25,NVDA,put,ITM,market,70.0,10:30,16:00,forced,-0.21501
2026-02-26,NVDA,put,ITM,market,70.0,10:00,16:00,forced,-0.28995
2026-02-27,NVDA,put,ITM,market,70.0,10:00,12:50,target,0.7
2026-02-27,NVDA,put,ITM,market,70.0,13:00,16:00,forced,0.17177
2026-03-02,NVDA,put,ITM,market,70.0,09:35,13:20,target,0.7
2026-03-02,NVDA,put,ITM,market,70.0,14:00,16:00,forced,0.3194
2026-03-03,NVDA,put,ITM,market,70.0,09:35,10:50,target,0.7
2026-03-03,NVDA,put,ITM,market,70.0,11:00,16:00,forced,-0.04374
2026-03-04,NVDA,put,ITM,market,70.0,09:35,16:00,forced,-0.98576
2026-03-05,NVDA,put,ITM,market,70.0,09:35,11:10,target,0.7
2026-03-05,NVDA,put,ITM,market,70.0,11:30,16:00,forced,0.32644
2026-03-06,NVDA,put,ITM,market,70.0,09:35,16:00,forced,-0.22792
2026-03-09,NVDA,put,ITM,market,70.0,09:35,12:15,target,0.7
2026-03-09,NVDA,put,ITM,market,70.0,12:30,14:20,target,0.7
2026-03-09,NVDA,put,ITM,market,70.0,14:30,16:00,forced,-0.8647
2026-03-10,NVDA,put,ITM,market,70.0,09:35,14:20,target,0.7
2026-03-10,NVDA,put,ITM,market,70.0,14:30,15:45,target,0.7
2026-03-11,NVDA,put,ITM,market,70.0,09:35,11:45,target,0.7
2026-03-11,NVDA,put,ITM,market,70.0,12:00,15:25,target,0.7
2026-03-11,NVDA,put,ITM,market,70.0,15:30,16:00,forced,0.08578
2026-03-12,NVDA,put,ITM,market,70.0,09:35,10:45,target,0.7
2026-03-12,NVDA,put,ITM,market,70.0,11:00,16:00,forced,-0.4377
2026-03-13,NVDA,put,ITM,market,70.0,09:35,10:25,target,0.7
2026-03-13,NVDA,put,ITM,market,70.0,10:30,16:00,forced,0.10725
2026-02-16,NVDA,put,ITM,market,75.0,10:00,15:55,target,0.75
2026-02-17,NVDA,put,ITM,market,75.0,10:00,16:00,forced,-0.55138
2026-02-18,NVDA,put,ITM,market,75.0,10:00,12:30,target,0.75
2026-02-18,NVDA,put,ITM,market,75.0,13:00,16:00,forced,-0.98721
2026-02-19,NVDA,put,ITM,market,75.0,10:00,16:00,forced,-0.18247
2026-02-20,NVDA,put,ITM,market,75.0,10:00,16:00,forced,-0.46074
2026-02-23,NVDA,put,ITM,market,75.0,10:00,16:00,forced,-0.24708
2026-02-24,NVDA,put,ITM,market,75.0,09:35,16:00,forced,-0.98592
2026-02-25,NVDA,put,ITM,market,75.0,10:00,10:50,target,0.75
2026-02-25,NVDA,put,ITM,market,75.0,11:00,16:00,forced,-0.50071
2026-02-26,NVDA,put,ITM,market,75.0,10:00,16:00,forced,-0.28995
2026-02-27,NVDA,put,ITM,market,75.0,10:00,12:50,target,0.75
2026-02-27,NVDA,put,ITM,market,75.0,13:00,16:00,forced,0.17177
2026-03-02,NVDA,put,ITM,market,75.0,09:35,13:20,target,0.75
2026-03-02,NVDA,put,ITM,market,75.0,14:00,16:00,forced,0.3194
2026-03-03,NVDA,put,ITM,market,75.0,09:35,10:50,target,0.75
2026-03-03,NVDA,put,ITM,market,75.0,11:00,16:00,forced,-0.04374
2026-03-04,NVDA,put,ITM,market,75.0,09:35,16:00,forced,-0.98576
2026-03-05,NVDA,put,ITM,market,75.0,09:35,11:10,target,0.75
2026-03-05,NVDA,put,ITM,market,75.0,11:30,16:00,forced,0.32644
2026-03-06,NVDA,put,ITM,market,75.0,09:35,16:00,forced,-0.22792
2026-03-09,NVDA,put,ITM,market,75.0,09:35,13:55,target,0.75
2026-03-09,NVDA,put,ITM,market,75.0,14:00,16:00,forced,-0.80625
2026-03-10,NVDA,put,ITM,market,75.0,09:35,14:20,target,0.75
2026-03-10,NVDA,put,ITM,market,75.0,14:30,15:50,target,0.75
2026-03-11,NVDA,put,ITM,market,75.0,09:35,15:05,target,0.75
2026-03-11,NVDA,put,ITM,market,75.0,15:30,16:00,forced,0.08578
2026-03-12,NVDA,put,ITM,market,75.0,09:35,10:45,target,0.75
2026-03-12,NVDA,put,ITM,market,75.0,11:00,16:00,forced,-0.4377
2026-03-13,NVDA,put,ITM,market,75.0,09:35,10:25,target,0.75
2026-03-13,NVDA,put,ITM,market,75.0,10:30,16:00,forced,0.10725
2026-02-16,NVDA,put,ITM,market,80.0,10:00,15:55,target,0.8
2026-02-17,NVDA,put,ITM,market,80.0,10:00,16:00,forced,-0.55138
2026-02-18,NVDA,put,ITM,market,80.0,10:00,12:35,target,0.8
2026-02-18,NVDA,put,ITM,market,80.0,13:00,16:00,forced,-0.98721
2026-02-19,NVDA,put,ITM,market,80.0,10:00,16:00,forced,-0.18247
2026-02-20,NVDA,put,ITM,market,80.0,10:00,16:00,forced,-0.46074
2026-02-23,NVDA,put,ITM,market,80.0,10:00,16:00,forced,-0.24708
2026-02-24,NVDA,put,ITM,market,80.0,09:35,16:00,forced,-0.98592
2026-02-25,NVDA,put,ITM,market,80.0,10:00,10:50,target,0.8
2026-02-25,NVDA,put,ITM,market,80.0,11:00,16:00,forced,-0.50071
2026-02-26,NVDA,put,ITM,market,80.0,10:00,16:00,forced,-0.28995
2026-02-27,NVDA,put,ITM,market,80.0,10:00,12:55,target,0.8
2026-02-27,NVDA,put,ITM,market,80.0,13:00,16:00,forced,0.17177
2026-03-02,NVDA,put,ITM,market,80.0,09:35,13:30,target,0.8
2026-03-02,NVDA,put,ITM,market,80.0,14:00,16:00,forced,0.3194
2026-03-03,NVDA,put,ITM,market,80.0,09:35,10:50,target,0.8
2026-03-03,NVDA,put,ITM,market,80.0,11:00,16:00,forced,-0.04374
2026-03-04,NVDA,put,ITM,market,80.0,09:35,16:00,forced,-0.98576
2026-03-05,NVDA,put,ITM,market,80.0,09:35,11:10,target,0.8
2026-03-05,NVDA,put,ITM,market,80.0,11:30,16:00,forced,0.32644
2026-03-06,NVDA,put,ITM,market,80.0,09:35,16:00,forced,-0.22792
2026-03-09,NVDA,put,ITM,market,80.0,09:35,13:55,target,0.8
2026-03-09,NVDA,put,ITM,market,80.0,14:00,16:00,forced,-0.80625
2026-03-10,NVDA,put,ITM,market,80.0,09:35,14:20,target,0.8
2026-03-10,NVDA,put,ITM,market,80.0,14:30,15:50,target,0.8
2026-03-11,NVDA,put,ITM,market,80.0,09:35,15:05,target,0.8
2026-03-11,NVDA,put,ITM,market,80.0,15:30,16:00,forced,0.08578
2026-03-12,NVDA,put,ITM,market,80.0,09:35,10:50,target,0.8
2026-03-12,NVDA,put,ITM,market,80.0,11:00,16:00,forced,-0.4377
2026-03-13,NVDA,put,ITM,market,80.0,09:35,10:25,target,0.8
2026-03-13,NVDA,put,ITM,market,80.0,10:30,16:00,forced,0.10725
2026-02-16,NVDA,put,ITM,market,90.0,10:00,15:55,target,0.9
2026-02-17,NVDA,put,ITM,market,90.0,10:00,16:00,forced,-0.55138
2026-02-18,NVDA,put,ITM,market,90.0,10:00,12:35,target,0.9
2026-02-18,NVDA,put,ITM,market,90.0,13:00,16:00,forced,-0.98721
2026-02-19,NVDA,put,ITM,market,90.0,10:00,16:00,forced,-0.18247
2026-02-20,NVDA,put,ITM,market,90.0,10:00,16:00,forced,-0.46074
2026-02-23,NVDA,put,ITM,market,90.0,10:00,16:00,forced,-0.24708
2026-02-24,NVDA,put,ITM,market,90.0,09:35,16:00,forced,-0.98592
2026-02-25,NVDA,put,ITM,market,90.0,10:00,10:55,target,0.9
2026-02-25,NVDA,put,ITM,market,90.0,11:00,16:00,forced,-0.50071
2026-02-26,NVDA,put,ITM,market,90.0,10:00,16:00,forced,-0.28995
2026-02-27,NVDA,put,ITM,market,90.0,10:00,12:55,target,0.9
2026-02-27,NVDA,put,ITM,market,90.0,13:00,16:00,forced,0.17177
2026-03-02,NVDA,put,ITM,market,90.0,09:35,14:05,target,0.9
2026-03-02,NVDA,put,ITM,market,90.0,14:30,16:00,forced,0.32719
2026-03-03,NVDA,put,ITM,market,90.0,09:35,11:10,target,0.9
2026-03-03,NVDA,put,ITM,market,90.0,11:30,16:00,forced,-0.15282
2026-03-04,NVDA,put,ITM,market,90.0,09:35,16:00,forced,-0.98576
2026-03-05,NVDA,put,ITM,market,90.0,09:35,11:10,target,0.9
2026-03-05,NVDA,put,ITM,market,90.0,11:30,16:00,forced,0.32644
2026-03-06,NVDA,put,ITM,market,90.0,09:35,16:00,forced,-0.22792
2026-03-09,NVDA,put,ITM,market,90.0,09:35,14:00,target,0.9
2026-03-09,NVDA,put,ITM,market,90.0,14:00,16:00,forced,-0.80625
2026-03-10,NVDA,put,ITM,market,90.0,09:35,15:05,target,0.9
2026-03-10,NVDA,put,ITM,market,90.0,15:30,16:00,forced,0.08123
2026-03-11,NVDA,put,ITM,market,90.0,09:35,15:10,target,0.9
2026-03-11,NVDA,put,ITM,market,90.0,15:30,16:00,forced,0.08578
2026-03-12,NVDA,put,ITM,market,90.0,09:35,10:50,target,0.9
2026-03-12,NVDA,put,ITM,market,90.0,11:00,16:00,forced,-0.4377
2026-03-13,NVDA,put,ITM,market,90.0,09:35,10:35,target,0.9
2026-03-13,NVDA,put,ITM,market,90.0,11:00,16:00,forced,-0.07321
2026-02-16,NVDA,put,ITM,market,100.0,10:00,16:00,forced,0.55346
2026-02-17,NVDA,put,ITM,market,100.0,10:00,16:00,forced,-0.55138
2026-02-18,NVDA,put,ITM,market,100.0,10:00,16:00,forced,-0.98731
2026-02-19,NVDA,put,ITM,market,100.0,10:00,16:00,forced,-0.18247
2026-02-20,NVDA,put,ITM,market,100.0,10:00,16:00,forced,-0.46074
2026-02-23,NVDA,put,ITM,market,100.0,10:00,16:00,forced,-0.24708
2026-02-24,NVDA,put,ITM,market,100.0,09:35,16:00,forced,-0.98592
2026-02-25,NVDA,put,ITM,market,100.0,10:00,11:05,target,1.0
2026-02-25,NVDA,put,ITM,market,100.0,11:30,16:00,forced,-0.62601
2026-02-26,NVDA,put,ITM,market,100.0,10:00,16:00,forced,-0.28995
2026-02-27,NVDA,put,ITM,market,100.0,10:00,12:55,target,1.0
2026-02-27,NVDA,put,ITM,market,100.0,13:00,16:00,forced,0.17177
2026-03-02,NVDA,put,ITM,market,100.0,09:35,14:05,target,1.0
2026-03-02,NVDA,put,ITM,market,100.0,14:30,16:00,forced,0.32719
2026-03-03,NVDA,put,ITM,market,100.0,09:35,11:25,target,1.0
2026-03-03,NVDA,put,ITM,market,100.0,11:30,16:00,forced,-0.15282
2026-03-04,NVDA,put,ITM,market,100.0,09:35,16:00,forced,-0.98576
2026-03-05,NVDA,put,ITM,market,100.0,09:35,11:15,target,1.0
2026-03-05,NVDA,put,ITM,market,100.0,11:30,16:00,forced,0.32644
2026-03-06,NVDA,put,ITM,market,100.0,09:35,16:00,forced,-0.22792
2026-03-09,NVDA,put,ITM,market,100.0,09:35,14:00,target,1.0
2026-03-09,NVDA,put,ITM,market,100.0,14:00,16:00,forced,-0.80625
2026-03-10,NVDA,put,ITM,market,100.0,09:35,15:05,target,1.0
2026-03-10,NVDA,put,ITM,market,100.0,15:30,16:00,forced,0.08123
2026-03-11,NVDA,put,ITM,market,100.0,09:35,15:25,target,1.0
2026-03-11,NVDA,put,ITM,market,100.0,15:30,16:00,forced,0.08578
2026-03-12,NVDA,put,ITM,market,100.0,09:35,11:10,target,1.0
2026-03-12,NVDA,put,ITM,market,100.0,11:30,16:00,forced,-0.72818
2026-03-13,NVDA,put,ITM,market,100.0,09:35,10:35,target,1.0
2026-03-13,NVDA,put,ITM,market,100.0,11:00,16:00,forced,-0.07321
