date,symbol,direction,moneyness,fill_mode,T_pct,entry_time,exit_time,exit_reason,realized_return
2026-02-16,TSLA,call,ITM,mid,20.0,13:30,13:35,target,0.2
2026-02-16,TSLA,call,ITM,mid,20.0,14:00,14:40,target,0.2
2026-02-16,TSLA,call,ITM,mid,20.0,15:00,15:25,target,0.2
2026-02-16,TSLA,call,ITM,mid,20.0,15:30,16:00,forced,-0.97363
2026-02-17,TSLA,call,ITM,mid,20.0,13:30,13:35,target,0.2
2026-02-17,TSLA,call,ITM,mid,20.0,14:00,15:15,target,0.2
2026-02-17,TSLA,call,ITM,mid,20.0,15:30,15:55,target,0.2
2026-02-18,TSLA,call,ITM,mid,20.0,09:35,10:25,target,0.2
2026-02-18,TSLA,call,ITM,mid,20.0,14:00,15:05,target,0.2
2026-02-18,TSLA,call,ITM,mid,20.0,15:30,15:35,target,0.2
2026-02-19,TSLA,call,ITM,mid,20.0,13:30,16:00,forced,-0.75577
2026-02-20,TSLA,call,ITM,mid,20.0,10:00,16:00,forced,-0.98726
2026-02-23,TSLA,call,ITM,mid,20.0,13:30,13:55,target,0.2
2026-02-23,TSLA,call,ITM,mid,20.0,14:00,16:00,forced,-0.88854
2026-02-24,TSLA,call,ITM,mid,20.0,13:00,13:45,target,0.2
2026-02-24,TSLA,call,ITM,mid,20.0,14:00,14:05,target,0.2
2026-02-24,TSLA,call,ITM,mid,20.0,14:30,14:50,target,0.2
2026-02-24,TSLA,call,ITM,mid,20.0,15:00,16:00,forced,-0.29293
2026-02-25,TSLA,call,ITM,mid,20.0,10:00,16:00,forced,-0.9849
2026-02-26,TSLA,call,ITM,mid,20.0,13:30,13:35,target,0.2
2026-02-26,TSLA,call,ITM,mid,20.0,14:00,14:05,target,0.2
2026-02-26,TSLA,call,ITM,mid,20.0,14:30,15:00,target,0.2
2026-02-26,TSLA,call,ITM,mid,20.0,15:00,15:10,target,0.2
2026-02-26,TSLA,call,ITM,mid,20.0,15:30,16:00,target,0.2
2026-02-27,TSLA,call,ITM,mid,20.0,13:30,13:55,target,0.2
2026-02-27,TSLA,call,ITM,mid,20.0,14:00,16:00,forced,-0.63574
2026-03-02,TSLA,call,ITM,mid,20.0,13:30,13:55,target,0.2
2026-03-02,TSLA,call,ITM,mid,20.0,14:00,14:20,target,0.2
2026-03-02,TSLA,call,ITM,mid,20.0,14:30,14:35,target,0.2
2026-03-02,TSLA,call,ITM,mid,20.0,15:00,15:30,target,0.2
2026-03-02,TSLA,call,ITM,mid,20.0,15:30,16:00,forced,-0.09604
2026-03-03,TSLA,call,ITM,mid,20.0,13:30,16:00,forced,-0.98501
2026-03-04,TSLA,call,ITM,mid,20.0,13:30,15:20,target,0.2
2026-03-04,TSLA,call,ITM,mid,20.0,15:30,15:50,target,0.2
2026-03-05,TSLA,call,ITM,mid,20.0,13:30,14:10,target,0.2
2026-03-05,TSLA,call,ITM,mid,20.0,14:30,15:10,target,0.2
2026-03-05,TSLA,call,ITM,mid,20.0,15:30,16:00,forced,-0.11741
2026-03-06,TSLA,call,ITM,mid,20.0,13:30,13:55,target,0.2
2026-03-06,TSLA,call,ITM,mid,20.0,14:00,15:10,target,0.2
2026-03-06,TSLA,call,ITM,mid,20.0,15:30,15:55,target,0.2
2026-03-09,TSLA,call,ITM,mid,20.0,13:30,13:40,target,0.2
2026-03-09,TSLA,call,ITM,mid,20.0,14:00,14:10,target,0.2
2026-03-09,TSLA,call,ITM,mid,20.0,14:30,14:40,target,0.2
2026-03-09,TSLA,call,ITM,mid,20.0,15:00,16:00,forced,-0.32854
2026-03-10,TSLA,call,ITM,mid,20.0,13:30,16:00,forced,-0.98949
2026-03-11,TSLA,call,ITM,mid,20.0,13:00,15:55,target,0.2
2026-03-12,TSLA,call,ITM,mid,20.0,09:35,09:50,target,0.2
2026-03-12,TSLA,call,ITM,mid,20.0,10:00,10:10,target,0.2
2026-03-12,TSLA,call,ITM,mid,20.0,11:00,16:00,forced,-0.99086
2026-03-13,TSLA,call,ITM,mid,20.0,13:30,16:00,forced,-0.06727
2026-02-16,TSLA,call,ITM,mid,25.0,13:30,13:35,target,0.25
2026-02-16,TSLA,call,ITM,mid,25.0,14:00,14:50,target,0.25
2026-02-16,TSLA,call,ITM,mid,25.0,15:00,15:25,target,0.25
2026-02-16,TSLA,call,ITM,mid,25.0,15:30,16:00,forced,-0.97363
2026-02-17,TSLA,call,ITM,mid,25.0,13:30,13:35,target,0.25
2026-02-17,TSLA,call,ITM,mid,25.0,14:00,15:15,target,0.25
2026-02-17,TSLA,call,ITM,mid,25.0,15:30,16:00,target,0.25
2026-02-18,TSLA,call,ITM,mid,25.0,14:00,15:05,target,0.25
2026-02-18,TSLA,call,ITM,mid,25.0,15:30,15:35,target,0.25
2026-02-19,TSLA,call,ITM,mid,25.0,13:30,16:00,forced,-0.75577
2026-02-20,TSLA,call,ITM,mid,25.0,10:00,16:00,forced,-0.98726
2026-02-23,TSLA,call,ITM,mid,25.0,13:30,13:55,target,0.25
2026-02-23,TSLA,call,ITM,mid,25.0,14:00,16:00,forced,-0.88854
2026-02-24,TSLA,call,ITM,mid,25.0,10:00,10:05,target,0.25
2026-02-24,TSLA,call,ITM,mid,25.0,13:00,13:45,target,0.25
2026-02-24,TSLA,call,ITM,mid,25.0,14:00,14:50,target,0.25
2026-02-24,TSLA,call,ITM,mid,25.0,15:00,16:00,forced,-0.29293
2026-02-25,TSLA,call,ITM,mid,25.0,10:00,16:00,forced,-0.9849
2026-02-26,TSLA,call,ITM,mid,25.0,13:30,13:55,target,0.25
2026-02-26,TSLA,call,ITM,mid,25.0,14:00,14:15,target,0.25
2026-02-26,TSLA,call,ITM,mid,25.0,14:30,15:00,target,0.25
2026-02-26,TSLA,call,ITM,mid,25.0,15:00,15:10,target,0.25
2026-02-26,TSLA,call,ITM,mid,25.0,15:30,16:00,forced,0.20407
2026-02-27,TSLA,call,ITM,mid,25.0,13:30,14:00,target,0.25
2026-02-27,TSLA,call,ITM,mid,25.0,14:00,16:00,forced,-0.63574
2026-03-02,TSLA,call,ITM,mid,25.0,13:30,14:00,target,0.25
2026-03-02,TSLA,call,ITM,mid,25.0,14:00,14:20,target,0.25
2026-03-02,TSLA,call,ITM,mid,25.0,14:30,14:40,target,0.25
2026-03-02,TSLA,call,ITM,mid,25.0,15:00,15:30,target,0.25
2026-03-02,TSLA,call,ITM,mid,25.0,15:30,16:00,forced,-0.09604
2026-03-03,TSLA,call,ITM,mid,25.0,13:30,16:00,forced,-0.98501
2026-03-04,TSLA,call,ITM,mid,25.0,13:30,15:25,target,0.25
2026-03-04,TSLA,call,ITM,mid,25.0,15:30,15:50,target,0.25
2026-03-05,TSLA,call,ITM,mid,25.0,13:30,14:15,target,0.25
2026-03-05,TSLA,call,ITM,mid,25.0,14:30,15:15,target,0.25
2026-03-05,TSLA,call,ITM,mid,25.0,15:30,16:00,forced,-0.11741
2026-03-06,TSLA,call,ITM,mid,25.0,13:30,14:00,target,0.25
2026-03-06,TSLA,call,ITM,mid,25.0,14:00,15:55,target,0.25
2026-03-09,TSLA,call,ITM,mid,25.0,13:30,13:45,target,0.25
2026-03-09,TSLA,call,ITM,mid,25.0,14:00,14:10,target,0.25
2026-03-09,TSLA,call,ITM,mid,25.0,14:30,14:40,target,0.25
2026-03-09,TSLA,call,ITM,mid,25.0,15:00,16:00,forced,-0.32854
2026-03-10,TSLA,call,ITM,mid,25.0,13:30,16:00,forced,-0.98949
2026-03-11,TSLA,call,ITM,mid,25.0,09:35,09:45,target,0.25
2026-03-11,TSLA,call,ITM,mid,25.0,13:00,15:55,target,0.25
2026-03-12,TSLA,call,ITM,mid,25.0,09:35,09:50,target,0.25
2026-03-12,TSLA,call,ITM,mid,25.0,10:00,10:10,target,0.25
2026-03-12,TSLA,call,ITM,mid,25.0,11:00,16:00,forced,-0.99086
2026-03-13,TSLA,call,ITM,mid,25.0,13:30,16:00,forced,-0.06727
2026-02-16,TSLA,call,ITM,mid,30.0,13:30,13:35,target,0.3
2026-02-16,TSLA,call,ITM,mid,30.0,14:00,14:50,target,0.3
2026-02-16,TSLA,call,ITM,mid,30.0,15:00,16:00,forced,-0.97718
2026-02-17,TSLA,call,ITM,mid,30.0,13:30,13:35,target,0.3
2026-02-17,TSLA,call,ITM,mid,30.0,14:00,15:15,target,0.3
2026-02-17,TSLA,call,ITM,mid,30.0,15:30,16:00,target,0.3
2026-02-18,TSLA,call,ITM,mid,30.0,09:35,15:15,target,0.3
2026-02-18,TSLA,call,ITM,mid,30.0,15:30,15:35,target,0.3
2026-02-19,TSLA,call,ITM,mid,30.0,13:30,16:00,forced,-0.75577
2026-02-20,TSLA,call,ITM,mid,30.0,09:35,16:00,forced,-0.98687
2026-02-23,TSLA,call,ITM,mid,30.0,13:30,13:55,target,0.3
2026-02-23,TSLA,call,ITM,mid,30.0,14:00,16:00,forced,-0.88854
2026-02-24,TSLA,call,ITM,mid,30.0,09:35,09:55,target,0.3
2026-02-24,TSLA,call,ITM,mid,30.0,10:00,10:05,target,0.3
2026-02-24,TSLA,call,ITM,mid,30.0,14:00,14:50,target,0.3
2026-02-24,TSLA,call,ITM,mid,30.0,15:00,16:00,forced,-0.29293
2026-02-25,TSLA,call,ITM,mid,30.0,09:35,09:40,target,0.3
2026-02-25,TSLA,call,ITM,mid,30.0,10:00,16:00,forced,-0.9849
2026-02-26,TSLA,call,ITM,mid,30.0,13:30,14:00,target,0.3
2026-02-26,TSLA,call,ITM,mid,30.0,14:00,14:15,target,0.3
2026-02-26,TSLA,call,ITM,mid,30.0,14:30,15:00,target,0.3
2026-02-26,TSLA,call,ITM,mid,30.0,15:00,15:15,target,0.3
2026-02-26,TSLA,call,ITM,mid,30.0,15:30,16:00,forced,0.20407
2026-02-27,TSLA,call,ITM,mid,30.0,13:30,14:00,target,0.3
2026-02-27,TSLA,call,ITM,mid,30.0,14:00,16:00,forced,-0.63574
2026-03-02,TSLA,call,ITM,mid,30.0,13:30,14:00,target,0.3
2026-03-02,TSLA,call,ITM,mid,30.0,14:00,14:20,target,0.3
2026-03-02,TSLA,call,ITM,mid,30.0,14:30,14:40,target,0.3
2026-03-02,TSLA,call,ITM,mid,30.0,15:00,15:50,target,0.3
2026-03-03,TSLA,call,ITM,mid,30.0,13:30,16:00,forced,-0.98501
2026-03-04,TSLA,call,ITM,mid,30.0,13:30,15:25,target,0.3
2026-03-04,TSLA,call,ITM,mid,30.0,15:30,16:00,target,0.3
2026-03-05,TSLA,call,ITM,mid,30.0,13:30,14:15,target,0.3
2026-03-05,TSLA,call,ITM,mid,30.0,14:30,15:15,target,0.3
2026-03-05,TSLA,call,ITM,mid,30.0,15:30,16:00,forced,-0.11741
2026-03-06,TSLA,call,ITM,mid,30.0,13:30,14:05,target,0.3
2026-03-06,TSLA,call,ITM,mid,30.0,14:30,15:25,target,0.3
2026-03-06,TSLA,call,ITM,mid,30.0,15:30,16:00,forced,0.19441
2026-03-09,TSLA,call,ITM,mid,30.0,13:30,13:55,target,0.3
2026-03-09,TSLA,call,ITM,mid,30.0,14:00,14:10,target,0.3
2026-03-09,TSLA,call,ITM,mid,30.0,14:30,14:40,target,0.3
2026-03-09,TSLA,call,ITM,mid,30.0,15:00,16:00,forced,-0.32854
2026-03-10,TSLA,call,ITM,mid,30.0,13:30,16:00,forced,-0.98949
2026-03-11,TSLA,call,ITM,mid,30.0,09:35,09:45,target,0.3
2026-03-11,TSLA,call,ITM,mid,30.0,13:00,15:55,target,0.3
2026-03-12,TSLA,call,ITM,mid,30.0,09:35,09:50,target,0.3
2026-03-12,TSLA,call,ITM,mid,30.0,10:00,10:10,target,0.3
2026-03-12,TSLA,call,ITM,mid,30.0,11:00,16:00,forced,-0.99086
2026-03-13,TSLA,call,ITM,mid,30.0,13:30,16:00,forced,-0.06727
2026-02-16,TSLA,call,ITM,mid,40.0,10:00,10:30,target,0.4
2026-02-16,TSLA,call,ITM,mid,40.0,10:30,16:00,forced,-0.98937
2026-02-17,TSLA,call,ITM,mid,40.0,10:00,10:10,target,0.4
2026-02-17,TSLA,call,ITM,mid,40.0,10:30,12:10,target,0.4
2026-02-17,TSLA,call,ITM,mid,40.0,13:30,13:35,target,0.4
2026-02-17,TSLA,call,ITM,mid,40.0,14:00,15:15,target,0.4
2026-02-17,TSLA,call,ITM,mid,40.0,15:30,16:00,target,0.4
2026-02-18,TSLA,call,ITM,mid,40.0,10:30,15:10,target,0.4
2026-02-18,TSLA,call,ITM,mid,40.0,15:30,15:35,target,0.4
2026-02-19,TSLA,call,ITM,mid,40.0,10:00,10:15,target,0.4
2026-02-19,TSLA,call,ITM,mid,40.0,10:30,10:50,target,0.4
2026-02-19,TSLA,call,ITM,mid,40.0,13:30,16:00,forced,-0.75577
2026-02-20,TSLA,call,ITM,mid,40.0,10:00,16:00,forced,-0.98726
2026-02-23,TSLA,call,ITM,mid,40.0,10:00,12:05,target,0.4
2026-02-23,TSLA,call,ITM,mid,40.0,13:30,14:00,target,0.4
2026-02-23,TSLA,call,ITM,mid,40.0,14:00,16:00,forced,-0.88854
2026-02-24,TSLA,call,ITM,mid,40.0,10:00,10:05,target,0.4
2026-02-24,TSLA,call,ITM,mid,40.0,10:30,16:00,forced,-0.25343
2026-02-25,TSLA,call,ITM,mid,40.0,10:00,16:00,forced,-0.9849
2026-02-26,TSLA,call,ITM,mid,40.0,10:00,10:35,target,0.4
2026-02-26,TSLA,call,ITM,mid,40.0,13:30,14:00,target,0.4
2026-02-26,TSLA,call,ITM,mid,40.0,14:00,15:10,target,0.4
2026-02-26,TSLA,call,ITM,mid,40.0,15:30,16:00,forced,0.20407
2026-02-27,TSLA,call,ITM,mid,40.0,10:00,10:15,target,0.4
2026-02-27,TSLA,call,ITM,mid,40.0,10:30,11:50,target,0.4
2026-02-27,TSLA,call,ITM,mid,40.0,13:30,14:05,target,0.4
2026-02-27,TSLA,call,ITM,mid,40.0,14:30,16:00,forced,-0.24746
2026-03-02,TSLA,call,ITM,mid,40.0,13:30,14:00,target,0.4
2026-03-02,TSLA,call,ITM,mid,40.0,14:00,14:25,target,0.4
2026-03-02,TSLA,call,ITM,mid,40.0,14:30,14:40,target,0.4
2026-03-02,TSLA,call,ITM,mid,40.0,15:00,16:00,forced,0.13735
2026-03-03,TSLA,call,ITM,mid,40.0,13:30,16:00,forced,-0.98501
2026-03-04,TSLA,call,ITM,mid,40.0,13:30,15:45,target,0.4
2026-03-05,TSLA,call,ITM,mid,40.0,13:30,16:00,forced,0.02415
2026-03-06,TSLA,call,ITM,mid,40.0,13:30,15:05,target,0.4
2026-03-06,TSLA,call,ITM,mid,40.0,15:30,16:00,forced,0.19441
2026-03-09,TSLA,call,ITM,mid,40.0,13:30,14:05,target,0.4
2026-03-09,TSLA,call,ITM,mid,40.0,14:30,14:40,target,0.4
2026-03-09,TSLA,call,ITM,mid,40.0,15:00,16:00,forced,-0.32854
2026-03-10,TSLA,call,ITM,mid,40.0,13:30,16:00,forced,-0.98949
2026-03-11,TSLA,call,ITM,mid,40.0,09:35,16:00,forced,-0.82876
2026-03-12,TSLA,call,ITM,mid,40.0,09:35,10:05,target,0.4
2026-03-12,TSLA,call,ITM,mid,40.0,10:30,10:50,target,0.4
2026-03-12,TSLA,call,ITM,mid,40.0,11:00,16:00,forced,-0.99086
2026-03-13,TSLA,call,ITM,mid,40.0,13:30,16:00,forced,-0.06727
2026-02-16,TSLA,call,ITM,mid,50.0,10:00,10:30,target,0.5
2026-02-16,TSLA,call,ITM,mid,50.0,10:30,16:00,forced,-0.98937
2026-02-17,TSLA,call,ITM,mid,50.0,10:00,10:10,target,0.5
2026-02-17,TSLA,call,ITM,mid,50.0,10:30,12:10,target,0.5
2026-02-17,TSLA,call,ITM,mid,50.0,13:30,13:35,target,0.5
2026-02-17,TSLA,call,ITM,mid,50.0,14:00,15:25,target,0.5
2026-02-17,TSLA,call,ITM,mid,50.0,15:30,16:00,forced,0.46486
2026-02-18,TSLA,call,ITM,mid,50.0,09:35,15:15,target,0.5
2026-02-18,TSLA,call,ITM,mid,50.0,15:30,15:35,target,0.5
2026-02-19,TSLA,call,ITM,mid,50.0,10:00,10:20,target,0.5
2026-02-19,TSLA,call,ITM,mid,50.0,10:30,10:50,target,0.5
2026-02-19,TSLA,call,ITM,mid,50.0,11:00,11:30,target,0.5
2026-02-19,TSLA,call,ITM,mid,50.0,13:30,16:00,forced,-0.75577
2026-02-20,TSLA,call,ITM,mid,50.0,10:00,16:00,forced,-0.98726
2026-02-23,TSLA,call,ITM,mid,50.0,10:00,12:05,target,0.5
2026-02-23,TSLA,call,ITM,mid,50.0,13:30,14:00,target,0.5
2026-02-23,TSLA,call,ITM,mid,50.0,14:00,16:00,forced,-0.88854
2026-02-24,TSLA,call,ITM,mid,50.0,10:00,16:00,forced,-0.27159
2026-02-25,TSLA,call,ITM,mid,50.0,10:00,16:00,forced,-0.9849
2026-02-26,TSLA,call,ITM,mid,50.0,10:00,10:35,target,0.5
2026-02-26,TSLA,call,ITM,mid,50.0,11:00,11:55,target,0.5
2026-02-26,TSLA,call,ITM,mid,50.0,13:30,14:00,target,0.5
2026-02-26,TSLA,call,ITM,mid,50.0,14:00,15:15,target,0.5
2026-02-26,TSLA,call,ITM,mid,50.0,15:30,16:00,forced,0.20407
2026-02-27,TSLA,call,ITM,mid,50.0,10:00,10:15,target,0.5
2026-02-27,TSLA,call,ITM,mid,50.0,10:30,12:05,target,0.5
2026-02-27,TSLA,call,ITM,mid,50.0,13:30,14:15,target,0.5
2026-02-27,TSLA,call,ITM,mid,50.0,14:30,16:00,forced,-0.24746
2026-03-02,TSLA,call,ITM,mid,50.0,09:35,14:00,target,0.5
2026-03-02,TSLA,call,ITM,mid,50.0,14:00,14:25,target,0.5
2026-03-02,TSLA,call,ITM,mid,50.0,14:30,14:40,target,0.5
2026-03-02,TSLA,call,ITM,mid,50.0,15:00,16:00,forced,0.13735
2026-03-03,TSLA,call,ITM,mid,50.0,09:35,11:20,target,0.5
2026-03-03,TSLA,call,ITM,mid,50.0,13:30,16:00,forced,-0.98501
2026-03-04,TSLA,call,ITM,mid,50.0,09:35,09:50,target,0.5
2026-03-04,TSLA,call,ITM,mid,50.0,10:00,10:20,target,0.5
2026-03-04,TSLA,call,ITM,mid,50.0,13:30,15:45,target,0.5
2026-03-05,TSLA,call,ITM,mid,50.0,09:35,10:00,target,0.5
2026-03-05,TSLA,call,ITM,mid,50.0,10:00,10:25,target,0.5
2026-03-05,TSLA,call,ITM,mid,50.0,13:30,16:00,forced,0.02415
2026-03-06,TSLA,call,ITM,mid,50.0,09:35,10:20,target,0.5
2026-03-06,TSLA,call,ITM,mid,50.0,13:30,15:10,target,0.5
2026-03-06,TSLA,call,ITM,mid,50.0,15:30,16:00,forced,0.19441
2026-03-09,TSLA,call,ITM,mid,50.0,09:35,14:45,target,0.5
2026-03-09,TSLA,call,ITM,mid,50.0,15:00,16:00,forced,-0.32854
2026-03-10,TSLA,call,ITM,mid,50.0,09:35,09:45,target,0.5
2026-03-10,TSLA,call,ITM,mid,50.0,10:00,11:40,target,0.5
2026-03-10,TSLA,call,ITM,mid,50.0,13:30,16:00,forced,-0.98949
2026-03-11,TSLA,call,ITM,mid,50.0,09:35,16:00,forced,-0.82876
2026-03-12,TSLA,call,ITM,mid,50.0,09:35,10:05,target,0.5
2026-03-12,TSLA,call,ITM,mid,50.0,10:30,16:00,forced,-0.99061
2026-03-13,TSLA,call,ITM,mid,50.0,09:35,10:10,target,0.5
2026-03-13,TSLA,call,ITM,mid,50.0,13:30,16:00,forced,-0.06727
2026-02-16,TSLA,call,ITM,mid,60.0,10:00,10:30,target,0.6
2026-02-16,TSLA,call,ITM,mid,60.0,10:30,16:00,forced,-0.98937
2026-02-17,TSLA,call,ITM,mid,60.0,10:00,10:15,target,0.6
2026-02-17,TSLA,call,ITM,mid,60.0,10:30,12:40,target,0.6
2026-02-17,TSLA,call,ITM,mid,60.0,13:30,13:35,target,0.6
2026-02-17,TSLA,call,ITM,mid,60.0,14:00,15:25,target,0.6
2026-02-17,TSLA,call,ITM,mid,60.0,15:30,16:00,forced,0.46486
2026-02-18,TSLA,call,ITM,mid,60.0,09:35,15:20,target,0.6
2026-02-18,TSLA,call,ITM,mid,60.0,15:30,15:35,target,0.6
2026-02-19,TSLA,call,ITM,mid,60.0,10:00,10:20,target,0.6
2026-02-19,TSLA,call,ITM,mid,60.0,10:30,10:50,target,0.6
2026-02-19,TSLA,call,ITM,mid,60.0,11:00,12:45,target,0.6
2026-02-19,TSLA,call,ITM,mid,60.0,13:30,16:00,forced,-0.75577
2026-02-20,TSLA,call,ITM,mid,60.0,10:00,16:00,forced,-0.98726
2026-02-23,TSLA,call,ITM,mid,60.0,10:00,12:05,target,0.6
2026-02-23,TSLA,call,ITM,mid,60.0,13:30,14:05,target,0.6
2026-02-23,TSLA,call,ITM,mid,60.0,14:30,16:00,forced,-0.83688
2026-02-24,TSLA,call,ITM,mid,60.0,10:00,16:00,forced,-0.27159
2026-02-25,TSLA,call,ITM,mid,60.0,10:00,16:00,forced,-0.9849
2026-02-26,TSLA,call,ITM,mid,60.0,10:00,10:40,target,0.6
2026-02-26,TSLA,call,ITM,mid,60.0,11:00,11:55,target,0.6
2026-02-26,TSLA,call,ITM,mid,60.0,13:30,14:00,target,0.6
2026-02-26,TSLA,call,ITM,mid,60.0,14:00,16:00,forced,0.57635
2026-02-27,TSLA,call,ITM,mid,60.0,10:00,10:20,target,0.6
2026-02-27,TSLA,call,ITM,mid,60.0,10:30,12:10,target,0.6
2026-02-27,TSLA,call,ITM,mid,60.0,13:30,16:00,forced,-0.51617
2026-03-02,TSLA,call,ITM,mid,60.0,09:35,14:00,target,0.6
2026-03-02,TSLA,call,ITM,mid,60.0,14:00,14:30,target,0.6
2026-03-02,TSLA,call,ITM,mid,60.0,14:30,14:45,target,0.6
2026-03-02,TSLA,call,ITM,mid,60.0,15:00,16:00,forced,0.13735
2026-03-03,TSLA,call,ITM,mid,60.0,09:35,12:15,target,0.6
2026-03-03,TSLA,call,ITM,mid,60.0,13:30,16:00,forced,-0.98501
2026-03-04,TSLA,call,ITM,mid,60.0,09:35,09:50,target,0.6
2026-03-04,TSLA,call,ITM,mid,60.0,10:00,10:20,target,0.6
2026-03-04,TSLA,call,ITM,mid,60.0,10:30,11:50,target,0.6
2026-03-04,TSLA,call,ITM,mid,60.0,13:30,15:50,target,0.6
2026-03-05,TSLA,call,ITM,mid,60.0,09:35,10:05,target,0.6
2026-03-05,TSLA,call,ITM,mid,60.0,10:30,11:20,target,0.6
2026-03-05,TSLA,call,ITM,mid,60.0,13:30,16:00,forced,0.02415
2026-03-06,TSLA,call,ITM,mid,60.0,09:35,10:25,target,0.6
2026-03-06,TSLA,call,ITM,mid,60.0,10:30,12:35,target,0.6
2026-03-06,TSLA,call,ITM,mid,60.0,13:30,16:00,forced,0.49671
2026-03-09,TSLA,call,ITM,mid,60.0,09:35,14:45,target,0.6
2026-03-09,TSLA,call,ITM,mid,60.0,15:00,16:00,forced,-0.32854
2026-03-10,TSLA,call,ITM,mid,60.0,09:35,09:45,target,0.6
2026-03-10,TSLA,call,ITM,mid,60.0,10:00,11:40,target,0.6
2026-03-10,TSLA,call,ITM,mid,60.0,13:30,16:00,forced,-0.98949
2026-03-11,TSLA,call,ITM,mid,60.0,09:35,16:00,forced,-0.82876
2026-03-12,TSLA,call,ITM,mid,60.0,09:35,10:10,target,0.6
2026-03-12,TSLA,call,ITM,mid,60.0,10:30,16:00,forced,-0.99061
2026-03-13,TSLA,call,ITM,mid,60.0,09:35,10:15,target,0.6
2026-03-13,TSLA,call,ITM,mid,60.0,10:30,12:35,target,0.6
2026-03-13,TSLA,call,ITM,mid,60.0,13:30,16:00,forced,-0.06727
2026-02-16,TSLA,call,ITM,mid,70.0,10:00,10:30,target,0.7
2026-02-16,TSLA,call,ITM,mid,70.0,10:30,16:00,forced,-0.98937
2026-02-17,TSLA,call,ITM,mid,70.0,10:00,10:15,target,0.7
2026-02-17,TSLA,call,ITM,mid,70.0,10:30,14:00,target,0.7
2026-02-17,TSLA,call,ITM,mid,70.0,14:00,16:00,target,0.7
2026-02-18,TSLA,call,ITM,mid,70.0,09:35,15:25,target,0.7
2026-02-18,TSLA,call,ITM,mid,70.0,15:30,16:00,forced,0.55412
2026-02-19,TSLA,call,ITM,mid,70.0,10:00,10:20,target,0.7
2026-02-19,TSLA,call,ITM,mid,70.0,10:30,10:55,target,0.7
2026-02-19,TSLA,call,ITM,mid,70.0,11:00,12:55,target,0.7
2026-02-19,TSLA,call,ITM,mid,70.0,13:30,16:00,forced,-0.75577
2026-02-20,TSLA,call,ITM,mid,70.0,10:00,16:00,forced,-0.98726
2026-02-23,TSLA,call,ITM,mid,70.0,10:00,12:15,target,0.7
2026-02-23,TSLA,call,ITM,mid,70.0,13:30,16:00,forced,-0.82811
2026-02-24,TSLA,call,ITM,mid,70.0,10:00,16:00,forced,-0.27159
2026-02-25,TSLA,call,ITM,mid,70.0,10:00,16:00,forced,-0.9849
2026-02-26,TSLA,call,ITM,mid,70.0,10:00,10:40,target,0.7
2026-02-26,TSLA,call,ITM,mid,70.0,11:00,13:35,target,0.7
2026-02-26,TSLA,call,ITM,mid,70.0,14:00,16:00,forced,0.57635
2026-02-27,TSLA,call,ITM,mid,70.0,10:00,10:20,target,0.7
2026-02-27,TSLA,call,ITM,mid,70.0,10:30,12:10,target,0.7
2026-02-27,TSLA,call,ITM,mid,70.0,13:30,16:00,forced,-0.51617
2026-03-02,TSLA,call,ITM,mid,70.0,09:35,14:00,target,0.7
2026-03-02,TSLA,call,ITM,mid,70.0,14:30,15:05,target,0.7
2026-03-02,TSLA,call,ITM,mid,70.0,15:30,16:00,forced,-0.09604
2026-03-03,TSLA,call,ITM,mid,70.0,09:35,12:20,target,0.7
2026-03-03,TSLA,call,ITM,mid,70.0,13:30,16:00,forced,-0.98501
2026-03-04,TSLA,call,ITM,mid,70.0,09:35,10:05,target,0.7
2026-03-04,TSLA,call,ITM,mid,70.0,10:30,12:10,target,0.7
2026-03-04,TSLA,call,ITM,mid,70.0,13:30,15:50,target,0.7
2026-03-05,TSLA,call,ITM,mid,70.0,09:35,10:05,target,0.7
2026-03-05,TSLA,call,ITM,mid,70.0,10:30,11:20,target,0.7
2026-03-05,TSLA,call,ITM,mid,70.0,13:30,16:00,forced,0.02415
2026-03-06,TSLA,call,ITM,mid,70.0,09:35,10:25,target,0.7
2026-03-06,TSLA,call,ITM,mid,70.0,10:30,13:05,target,0.7
2026-03-06,TSLA,call,ITM,mid,70.0,13:30,16:00,forced,0.49671
2026-03-09,TSLA,call,ITM,mid,70.0,09:35,14:45,target,0.7
2026-03-09,TSLA,call,ITM,mid,70.0,15:00,16:00,forced,-0.32854
2026-03-10,TSLA,call,ITM,mid,70.0,09:35,09:50,target,0.7
2026-03-10,TSLA,call,ITM,mid,70.0,10:00,11:40,target,0.7
2026-03-10,TSLA,call,ITM,mid,70.0,13:30,16:00,forced,-0.98949
2026-03-11,TSLA,call,ITM,mid,70.0,09:35,16:00,forced,-0.82876
2026-03-12,TSLA,call,ITM,mid,70.0,09:35,10:10,target,0.7
2026-03-12,TSLA,call,ITM,mid,70.0,10:30,16:00,forced,-0.99061
2026-03-13,TSLA,call,ITM,mid,70.0,09:35,10:15,target,0.7
2026-03-13,TSLA,call,ITM,mid,70.0,10:30,12:35,target,0.7
2026-03-13,TSLA,call,ITM,mid,70.0,13:30,16:00,forced,-0.06727
2026-02-16,TSLA,call,ITM,mid,75.0,10:00,10:35,target,0.75
2026-02-16,TSLA,call,ITM,mid,75.0,11:00,16:00,forced,-0.98671
2026-02-17,TSLA,call,ITM,mid,75.0,10:00,10:15,target,0.75
2026-02-17,TSLA,call,ITM,mid,75.0,10:30,14:05,target,0.75
2026-02-17,TSLA,call,ITM,mid,75.0,14:30,15:25,target,0.75
2026-02-17,TSLA,call,ITM,mid,75.0,15:30,16:00,forced,0.46486
2026-02-18,TSLA,call,ITM,mid,75.0,09:35,15:25,target,0.75
2026-02-18,TSLA,call,ITM,mid,75.0,15:30,16:00,forced,0.55412
2026-02-19,TSLA,call,ITM,mid,75.0,10:00,10:20,target,0.75
2026-02-19,TSLA,call,ITM,mid,75.0,10:30,10:55,target,0.75
2026-02-19,TSLA,call,ITM,mid,75.0,11:00,12:55,target,0.75
2026-02-19,TSLA,call,ITM,mid,75.0,14:00,16:00,forced,-0.7361
2026-02-20,TSLA,call,ITM,mid,75.0,10:00,16:00,forced,-0.98726
2026-02-23,TSLA,call,ITM,mid,75.0,10:00,12:15,target,0.75
2026-02-23,TSLA,call,ITM,mid,75.0,14:00,16:00,forced,-0.88854
2026-02-24,TSLA,call,ITM,mid,75.0,10:00,16:00,forced,-0.27159
2026-02-25,TSLA,call,ITM,mid,75.0,10:00,16:00,forced,-0.9849
2026-02-26,TSLA,call,ITM,mid,75.0,10:00,10:40,target,0.75
2026-02-26,TSLA,call,ITM,mid,75.0,11:00,13:45,target,0.75
2026-02-26,TSLA,call,ITM,mid,75.0,14:00,16:00,forced,0.57635
2026-02-27,TSLA,call,ITM,mid,75.0,10:00,10:20,target,0.75
2026-02-27,TSLA,call,ITM,mid,75.0,10:30,12:15,target,0.75
2026-02-27,TSLA,call,ITM,mid,75.0,14:00,16:00,forced,-0.63574
2026-03-02,TSLA,call,ITM,mid,75.0,09:35,14:10,target,0.75
2026-03-02,TSLA,call,ITM,mid,75.0,14:30,15:05,target,0.75
2026-03-02,TSLA,call,ITM,mid,75.0,15:30,16:00,forced,-0.09604
2026-03-03,TSLA,call,ITM,mid,75.0,09:35,12:20,target,0.75
2026-03-03,TSLA,call,ITM,mid,75.0,13:30,16:00,forced,-0.98501
2026-03-04,TSLA,call,ITM,mid,75.0,09:35,10:05,target,0.75
2026-03-04,TSLA,call,ITM,mid,75.0,10:30,12:10,target,0.75
2026-03-04,TSLA,call,ITM,mid,75.0,13:30,16:00,target,0.75
2026-03-05,TSLA,call,ITM,mid,75.0,09:35,10:05,target,0.75
2026-03-05,TSLA,call,ITM,mid,75.0,10:30,11:20,target,0.75
2026-03-05,TSLA,call,ITM,mid,75.0,13:30,16:00,forced,0.02415
2026-03-06,TSLA,call,ITM,mid,75.0,09:35,10:25,target,0.75
2026-03-06,TSLA,call,ITM,mid,75.0,10:30,13:05,target,0.75
2026-03-06,TSLA,call,ITM,mid,75.0,13:30,16:00,forced,0.49671
2026-03-09,TSLA,call,ITM,mid,75.0,09:35,14:45,target,0.75
2026-03-09,TSLA,call,ITM,mid,75.0,15:00,16:00,forced,-0.32854
2026-03-10,TSLA,call,ITM,mid,75.0,09:35,10:10,target,0.75
2026-03-10,TSLA,call,ITM,mid,75.0,10:30,11:40,target,0.75
2026-03-10,TSLA,call,ITM,mid,75.0,13:30,16:00,forced,-0.98949
2026-03-11,TSLA,call,ITM,mid,75.0,09:35,16:00,forced,-0.82876
2026-03-12,TSLA,call,ITM,mid,75.0,09:35,10:10,target,0.75
2026-03-12,TSLA,call,ITM,mid,75.0,10:30,16:00,forced,-0.99061
2026-03-13,TSLA,call,ITM,mid,75.0,09:35,10:15,target,0.75
2026-03-13,TSLA,call,ITM,mid,75.0,10:30,12:35,target,0.75
2026-03-13,TSLA,call,ITM,mid,75.0,13:30,16:00,forced,-0.06727
2026-02-16,TSLA,call,ITM,mid,80.0,10:00,10:35,target,0.8
2026-02-16,TSLA,call,ITM,mid,80.0,11:00,16:00,forced,-0.98671
2026-02-17,TSLA,call,ITM,mid,80.0,10:00,10:15,target,0.8
2026-02-17,TSLA,call,ITM,mid,80.0,10:30,14:05,target,0.8
2026-02-17,TSLA,call,ITM,mid,80.0,14:30,15:25,target,0.8
2026-02-17,TSLA,call,ITM,mid,80.0,15:30,16:00,forced,0.46486
2026-02-18,TSLA,call,ITM,mid,80.0,09:35,15:25,target,0.8
2026-02-18,TSLA,call,ITM,mid,80.0,15:30,16:00,forced,0.55412
2026-02-19,TSLA,call,ITM,mid,80.0,10:00,10:20,target,0.8
2026-02-19,TSLA,call,ITM,mid,80.0,10:30,10:55,target,0.8
2026-02-19,TSLA,call,ITM,mid,80.0,11:00,12:55,target,0.8
2026-02-19,TSLA,call,ITM,mid,80.0,14:00,16:00,forced,-0.7361
2026-02-20,TSLA,call,ITM,mid,80.0,10:00,16:00,forced,-0.98726
2026-02-23,TSLA,call,ITM,mid,80.0,10:00,12:15,target,0.8
2026-02-23,TSLA,call,ITM,mid,80.0,14:00,16:00,forced,-0.88854
2026-02-24,TSLA,call,ITM,mid,80.0,10:00,16:00,forced,-0.27159
2026-02-25,TSLA,call,ITM,mid,80.0,10:00,16:00,forced,-0.9849
2026-02-26,TSLA,call,ITM,mid,80.0,10:00,10:40,target,0.8
2026-02-26,TSLA,call,ITM,mid,80.0,11:00,13:55,target,0.8
2026-02-26,TSLA,call,ITM,mid,80.0,14:00,16:00,forced,0.57635
2026-02-27,TSLA,call,ITM,mid,80.0,10:00,11:00,target,0.8
2026-02-27,TSLA,call,ITM,mid,80.0,11:00,16:00,forced,-0.68689
2026-03-02,TSLA,call,ITM,mid,80.0,09:35,14:10,target,0.8
2026-03-02,TSLA,call,ITM,mid,80.0,14:30,15:10,target,0.8
2026-03-02,TSLA,call,ITM,mid,80.0,15:30,16:00,forced,-0.09604
2026-03-03,TSLA,call,ITM,mid,80.0,09:35,12:20,target,0.8
2026-03-03,TSLA,call,ITM,mid,80.0,13:30,16:00,forced,-0.98501
2026-03-04,TSLA,call,ITM,mid,80.0,09:35,10:05,target,0.8
2026-03-04,TSLA,call,ITM,mid,80.0,10:30,12:15,target,0.8
2026-03-04,TSLA,call,ITM,mid,80.0,13:30,16:00,target,0.8
2026-03-05,TSLA,call,ITM,mid,80.0,09:35,10:05,target,0.8
2026-03-05,TSLA,call,ITM,mid,80.0,10:30,11:20,target,0.8
2026-03-05,TSLA,call,ITM,mid,80.0,13:30,16:00,forced,0.02415
2026-03-06,TSLA,call,ITM,mid,80.0,09:35,10:25,target,0.8
2026-03-06,TSLA,call,ITM,mid,80.0,10:30,13:30,target,0.8
2026-03-06,TSLA,call,ITM,mid,80.0,13:30,16:00,forced,0.49671
2026-03-09,TSLA,call,ITM,mid,80.0,09:35,14:45,target,0.8
2026-03-09,TSLA,call,ITM,mid,80.0,15:00,16:00,forced,-0.32854
2026-03-10,TSLA,call,ITM,mid,80.0,09:35,10:10,target,0.8
2026-03-10,TSLA,call,ITM,mid,80.0,10:30,11:40,target,0.8
2026-03-10,TSLA,call,ITM,mid,80.0,13:30,16:00,forced,-0.98949
2026-03-11,TSLA,call,ITM,mid,80.0,09:35,16:00,forced,-0.82876
2026-03-12,TSLA,call,ITM,mid,80.0,09:35,10:10,target,0.8
2026-03-12,TSLA,call,ITM,mid,80.0,10:30,16:00,forced,-0.99061
2026-03-13,TSLA,call,ITM,mid,80.0,09:35,10:15,target,0.8
2026-03-13,TSLA,call,ITM,mid,80.0,10:30,12:35,target,0.8
2026-03-13,TSLA,call,ITM,mid,80.0,13:30,16:00,forced,-0.06727
2026-02-16,TSLA,call,ITM,mid,90.0,10:00,10:35,target,0.9
2026-02-16,TSLA,call,ITM,mid,90.0,11:00,16:00,forced,-0.98671
2026-02-17,TSLA,call,ITM,mid,90.0,10:00,10:15,target,0.9
2026-02-17,TSLA,call,ITM,mid,90.0,10:30,15:10,target,0.9
2026-02-17,TSLA,call,ITM,mid,90.0,15:30,16:00,forced,0.46486
2026-02-18,TSLA,call,ITM,mid,90.0,09:35,15:25,target,0.9
2026-02-18,TSLA,call,ITM,mid,90.0,15:30,16:00,forced,0.55412
2026-02-19,TSLA,call,ITM,mid,90.0,10:00,10:25,target,0.9
2026-02-19,TSLA,call,ITM,mid,90.0,10:30,10:55,target,0.9
2026-02-19,TSLA,call,ITM,mid,90.0,11:00,16:00,forced,-0.60334
2026-02-20,TSLA,call,ITM,mid,90.0,10:00,16:00,forced,-0.98726
2026-02-23,TSLA,call,ITM,mid,90.0,10:00,12:30,target,0.9
2026-02-23,TSLA,call,ITM,mid,90.0,14:00,16:00,forced,-0.88854
2026-02-24,TSLA,call,ITM,mid,90.0,10:00,16:00,forced,-0.27159
2026-02-25,TSLA,call,ITM,mid,90.0,10:00,16:00,forced,-0.9849
2026-02-26,TSLA,call,ITM,mid,90.0,10:00,10:40,target,0.9
2026-02-26,TSLA,call,ITM,mid,90.0,11:00,14:00,target,0.9
2026-02-26,TSLA,call,ITM,mid,90.0,14:00,16:00,forced,0.57635
2026-02-27,TSLA,call,ITM,mid,90.0,10:00,11:00,target,0.9
2026-02-27,TSLA,call,ITM,mid,90.0,11:00,16:00,forced,-0.68689
2026-03-02,TSLA,call,ITM,mid,90.0,10:00,13:30,target,0.9
2026-03-02,TSLA,call,ITM,mid,90.0,13:30,14:10,target,0.9
2026-03-02,TSLA,call,ITM,mid,90.0,14:30,15:30,target,0.9
2026-03-02,TSLA,call,ITM,mid,90.0,15:30,16:00,forced,-0.09604
2026-03-03,TSLA,call,ITM,mid,90.0,10:00,12:15,target,0.9
2026-03-03,TSLA,call,ITM,mid,90.0,13:30,16:00,forced,-0.98501
2026-03-04,TSLA,call,ITM,mid,90.0,10:00,11:30,target,0.9
2026-03-04,TSLA,call,ITM,mid,90.0,13:30,16:00,forced,0.83022
2026-03-05,TSLA,call,ITM,mid,90.0,10:00,11:20,target,0.9
2026-03-05,TSLA,call,ITM,mid,90.0,13:30,16:00,forced,0.02415
2026-03-06,TSLA,call,ITM,mid,90.0,10:00,10:10,target,0.9
2026-03-06,TSLA,call,ITM,mid,90.0,10:30,13:35,target,0.9
2026-03-06,TSLA,call,ITM,mid,90.0,14:30,16:00,forced,0.29141
2026-03-09,TSLA,call,ITM,mid,90.0,10:00,10:40,target,0.9
2026-03-09,TSLA,call,ITM,mid,90.0,11:00,14:45,target,0.9
2026-03-09,TSLA,call,ITM,mid,90.0,15:00,16:00,forced,-0.32854
2026-03-10,TSLA,call,ITM,mid,90.0,10:00,12:05,target,0.9
2026-03-10,TSLA,call,ITM,mid,90.0,13:30,16:00,forced,-0.98949
2026-03-11,TSLA,call,ITM,mid,90.0,10:00,16:00,forced,-0.80067
2026-03-12,TSLA,call,ITM,mid,90.0,10:00,10:25,target,0.9
2026-03-12,TSLA,call,ITM,mid,90.0,10:30,16:00,forced,-0.99061
2026-03-13,TSLA,call,ITM,mid,90.0,10:00,10:15,target,0.9
2026-03-13,TSLA,call,ITM,mid,90.0,10:30,12:35,target,0.9
2026-03-13,TSLA,call,ITM,mid,90.0,13:30,16:00,forced,-0.06727
2026-02-16,TSLA,call,ITM,mid,100.0,10:00,10:50,target,1.0
2026-02-16,TSLA,call,ITM,mid,100.0,11:00,16:00,forced,-0.98671
2026-02-17,TSLA,call,ITM,mid,100.0,10:00,10:15,target,1.0
2026-02-17,TSLA,call,ITM,mid,100.0,10:30,15:15,target,1.0
2026-02-17,TSLA,call,ITM,mid,100.0,15:30,16:00,forced,0.46486
2026-02-18,TSLA,call,ITM,mid,100.0,09:35,15:25,target,1.0
2026-02-18,TSLA,call,ITM,mid,100.0,15:30,16:00,forced,0.55412
2026-02-19,TSLA,call,ITM,mid,100.0,10:00,10:25,target,1.0
2026-02-19,TSLA,call,ITM,mid,100.0,10:30,11:10,target,1.0
2026-02-19,TSLA,call,ITM,mid,100.0,13:30,16:00,forced,-0.75577
2026-02-20,TSLA,call,ITM,mid,100.0,10:00,16:00,forced,-0.98726
2026-02-23,TSLA,call,ITM,mid,100.0,10:00,12:35,target,1.0
2026-02-23,TSLA,call,ITM,mid,100.0,13:30,16:00,forced,-0.82811
2026-02-24,TSLA,call,ITM,mid,100.0,10:00,16:00,forced,-0.27159
2026-02-25,TSLA,call,ITM,mid,100.0,10:00,16:00,forced,-0.9849
2026-02-26,TSLA,call,ITM,mid,100.0,10:00,10:40,target,1.0
2026-02-26,TSLA,call,ITM,mid,100.0,11:00,14:00,target,1.0
2026-02-26,TSLA,call,ITM,mid,100.0,14:00,16:00,forced,0.57635
2026-02-27,TSLA,call,ITM,mid,100.0,10:00,11:00,target,1.0
2026-02-27,TSLA,call,ITM,mid,100.0,11:00,16:00,forced,-0.68689
2026-03-02,TSLA,call,ITM,mid,100.0,09:35,14:20,target,1.0
2026-03-02,TSLA,call,ITM,mid,100.0,14:30,15:30,target,1.0
2026-03-02,TSLA,call,ITM,mid,100.0,15:30,16:00,forced,-0.09604
2026-03-03,TSLA,call,ITM,mid,100.0,09:35,12:30,target,1.0
2026-03-03,TSLA,call,ITM,mid,100.0,13:30,16:00,forced,-0.98501
2026-03-04,TSLA,call,ITM,mid,100.0,09:35,10:10,target,1.0
2026-03-04,TSLA,call,ITM,mid,100.0,10:30,12:55,target,1.0
2026-03-04,TSLA,call,ITM,mid,100.0,13:30,16:00,forced,0.83022
2026-03-05,TSLA,call,ITM,mid,100.0,09:35,10:05,target,1.0
2026-03-05,TSLA,call,ITM,mid,100.0,10:30,11:40,target,1.0
2026-03-05,TSLA,call,ITM,mid,100.0,13:30,16:00,forced,0.02415
2026-03-06,TSLA,call,ITM,mid,100.0,09:35,11:25,target,1.0
2026-03-06,TSLA,call,ITM,mid,100.0,13:30,16:00,forced,0.49671
2026-03-09,TSLA,call,ITM,mid,100.0,09:35,14:50,target,1.0
2026-03-09,TSLA,call,ITM,mid,100.0,15:00,16:00,forced,-0.32854
2026-03-10,TSLA,call,ITM,mid,100.0,09:35,11:25,target,1.0
2026-03-10,TSLA,call,ITM,mid,100.0,13:30,16:00,forced,-0.98949
2026-03-11,TSLA,call,ITM,mid,100.0,09:35,16:00,forced,-0.82876
2026-03-12,TSLA,call,ITM,mid,100.0,09:35,10:10,target,1.0
2026-03-12,TSLA,call,ITM,mid,100.0,10:30,16:00,forced,-0.99061
2026-03-13,TSLA,call,ITM,mid,100.0,09:35,10:15,target,1.0
2026-03-13,TSLA,call,ITM,mid,100.0,10:30,12:35,target,1.0
2026-03-13,TSLA,call,ITM,mid,100.0,13:30,16:00,forced,-0.06727
2026-02-16,TSLA,call,ITM,market,20.0,13:30,13:35,target,0.2
2026-02-16,TSLA,call,ITM,market,20.0,14:00,14:50,target,0.2
2026-02-16,TSLA,call,ITM,market,20.0,15:00,15:25,target,0.2
2026-02-16,TSLA,call,ITM,market,20.0,15:30,16:00,forced,-0.97467
2026-02-17,TSLA,call,ITM,market,20.0,13:30,13:35,target,0.2
2026-02-17,TSLA,call,ITM,market,20.0,14:00,15:15,target,0.2
2026-02-17,TSLA,call,ITM,market,20.0,15:30,16:00,target,0.2
2026-02-18,TSLA,call,ITM,market,20.0,14:00,15:05,target,0.2
2026-02-18,TSLA,call,ITM,market,20.0,15:30,15:35,target,0.2
2026-02-19,TSLA,call,ITM,market,20.0,13:30,16:00,forced,-0.76535
2026-02-20,TSLA,call,ITM,market,20.0,10:00,16:00,forced,-0.98776
2026-02-23,TSLA,call,ITM,market,20.0,13:30,13:55,target,0.2
2026-02-23,TSLA,call,ITM,market,20.0,14:00,16:00,forced,-0.89291
2026-02-24,TSLA,call,ITM,market,20.0,10:00,10:05,target,0.2
2026-02-24,TSLA,call,ITM,market,20.0,13:00,13:45,target,0.2
2026-02-24,TSLA,call,ITM,market,20.0,14:00,14:50,target,0.2
2026-02-24,TSLA,call,ITM,market,20.0,15:00,16:00,forced,-0.32065
2026-02-25,TSLA,call,ITM,market,20.0,10:00,16:00,forced,-0.98549
2026-02-26,TSLA,call,ITM,market,20.0,13:30,13:55,target,0.2
2026-02-26,TSLA,call,ITM,market,20.0,14:00,14:15,target,0.2
2026-02-26,TSLA,call,ITM,market,20.0,14:30,15:00,target,0.2
2026-02-26,TSLA,call,ITM,market,20.0,15:00,15:10,target,0.2
2026-02-26,TSLA,call,ITM,market,20.0,15:30,16:00,forced,0.15685
2026-02-27,TSLA,call,ITM,market,20.0,13:30,14:00,target,0.2
2026-02-27,TSLA,call,ITM,market,20.0,14:00,16:00,forced,-0.65002
2026-03-02,TSLA,call,ITM,market,20.0,13:30,14:00,target,0.2
2026-03-02,TSLA,call,ITM,market,20.0,14:00,14:20,target,0.2
2026-03-02,TSLA,call,ITM,market,20.0,14:30,14:40,target,0.2
2026-03-02,TSLA,call,ITM,market,20.0,15:00,15:30,target,0.2
2026-03-02,TSLA,call,ITM,market,20.0,15:30,16:00,forced,-0.13149
2026-03-03,TSLA,call,ITM,market,20.0,13:30,16:00,forced,-0.9856
2026-03-04,TSLA,call,ITM,market,20.0,13:30,15:25,target,0.2
2026-03-04,TSLA,call,ITM,market,20.0,15:30,15:50,target,0.2
2026-03-05,TSLA,call,ITM,market,20.0,13:30,14:15,target,0.2
2026-03-05,TSLA,call,ITM,market,20.0,14:30,15:15,target,0.2
2026-03-05,TSLA,call,ITM,market,20.0,15:30,16:00,forced,-0.15203
2026-03-06,TSLA,call,ITM,market,20.0,13:30,13:55,target,0.2
2026-03-06,TSLA,call,ITM,market,20.0,14:00,15:55,target,0.2
2026-03-09,TSLA,call,ITM,market,20.0,13:30,13:45,target,0.2
2026-03-09,TSLA,call,ITM,market,20.0,14:00,14:10,target,0.2
2026-03-09,TSLA,call,ITM,market,20.0,14:30,14:40,target,0.2
2026-03-09,TSLA,call,ITM,market,20.0,15:00,16:00,forced,-0.35487
2026-03-10,TSLA,call,ITM,market,20.0,13:30,16:00,forced,-0.9899
2026-03-11,TSLA,call,ITM,market,20.0,09:35,09:45,target,0.2
2026-03-11,TSLA,call,ITM,market,20.0,13:00,15:55,target,0.2
2026-03-12,TSLA,call,ITM,market,20.0,09:35,09:50,target,0.2
2026-03-12,TSLA,call,ITM,market,20.0,10:00,10:10,target,0.2
2026-03-12,TSLA,call,ITM,market,20.0,11:00,16:00,forced,-0.99122
2026-03-13,TSLA,call,ITM,market,20.0,13:30,16:00,forced,-0.10385
2026-02-16,TSLA,call,ITM,market,25.0,13:30,13:35,target,0.25
2026-02-16,TSLA,call,ITM,market,25.0,14:00,14:50,target,0.25
2026-02-16,TSLA,call,ITM,market,25.0,15:00,16:00,forced,-0.97808
2026-02-17,TSLA,call,ITM,market,25.0,13:30,13:35,target,0.25
2026-02-17,TSLA,call,ITM,market,25.0,14:00,15:15,target,0.25
2026-02-17,TSLA,call,ITM,market,25.0,15:30,16:00,target,0.25
2026-02-18,TSLA,call,ITM,market,25.0,09:35,15:15,target,0.25
2026-02-18,TSLA,call,ITM,market,25.0,15:30,15:35,target,0.25
2026-02-19,TSLA,call,ITM,market,25.0,13:30,16:00,forced,-0.76535
2026-02-20,TSLA,call,ITM,market,25.0,09:35,16:00,forced,-0.98739
2026-02-23,TSLA,call,ITM,market,25.0,13:30,13:55,target,0.25
2026-02-23,TSLA,call,ITM,market,25.0,14:00,16:00,forced,-0.89291
2026-02-24,TSLA,call,ITM,market,25.0,09:35,09:55,target,0.25
2026-02-24,TSLA,call,ITM,market,25.0,10:00,10:05,target,0.25
2026-02-24,TSLA,call,ITM,market,25.0,14:00,14:50,target,0.25
2026-02-24,TSLA,call,ITM,market,25.0,15:00,16:00,forced,-0.32065
2026-02-25,TSLA,call,ITM,market,25.0,09:35,09:40,target,0.25
2026-02-25,TSLA,call,ITM,market,25.0,10:00,16:00,forced,-0.98549
2026-02-26,TSLA,call,ITM,market,25.0,13:30,14:00,target,0.25
2026-02-26,TSLA,call,ITM,market,25.0,14:00,14:15,target,0.25
2026-02-26,TSLA,call,ITM,market,25.0,14:30,15:00,target,0.25
2026-02-26,TSLA,call,ITM,market,25.0,15:00,15:15,target,0.25
2026-02-26,TSLA,call,ITM,market,25.0,15:30,16:00,forced,0.15685
2026-02-27,TSLA,call,ITM,market,25.0,13:30,14:00,target,0.25
2026-02-27,TSLA,call,ITM,market,25.0,14:00,16:00,forced,-0.65002
2026-03-02,TSLA,call,ITM,market,25.0,13:30,14:00,target,0.25
2026-03-02,TSLA,call,ITM,market,25.0,14:00,14:20,target,0.25
2026-03-02,TSLA,call,ITM,market,25.0,14:30,14:40,target,0.25
2026-03-02,TSLA,call,ITM,market,25.0,15:00,15:50,target,0.25
2026-03-03,TSLA,call,ITM,market,25.0,13:30,16:00,forced,-0.9856
2026-03-04,TSLA,call,ITM,market,25.0,13:30,15:25,target,0.25
2026-03-04,TSLA,call,ITM,market,25.0,15:30,16:00,target,0.25
2026-03-05,TSLA,call,ITM,market,25.0,13:30,14:15,target,0.25
2026-03-05,TSLA,call,ITM,market,25.0,14:30,15:15,target,0.25
2026-03-05,TSLA,call,ITM,market,25.0,15:30,16:00,forced,-0.15203
2026-03-06,TSLA,call,ITM,market,25.0,13:30,14:05,target,0.25
2026-03-06,TSLA,call,ITM,market,25.0,14:30,15:25,target,0.25
2026-03-06,TSLA,call,ITM,market,25.0,15:30,16:00,forced,0.14757
2026-03-09,TSLA,call,ITM,market,25.0,13:30,13:55,target,0.25
2026-03-09,TSLA,call,ITM,market,25.0,14:00,14:10,target,0.25
2026-03-09,TSLA,call,ITM,market,25.0,14:30,14:40,target,0.25
2026-03-09,TSLA,call,ITM,market,25.0,15:00,16:00,forced,-0.35487
2026-03-10,TSLA,call,ITM,market,25.0,13:30,16:00,forced,-0.9899
2026-03-11,TSLA,call,ITM,market,25.0,09:35,09:45,target,0.25
2026-03-11,TSLA,call,ITM,market,25.0,13:00,15:55,target,0.25
2026-03-12,TSLA,call,ITM,market,25.0,09:35,09:50,target,0.25
2026-03-12,TSLA,call,ITM,market,25.0,10:00,10:10,target,0.25
2026-03-12,TSLA,call,ITM,market,25.0,11:00,16:00,forced,-0.99122
2026-03-13,TSLA,call,ITM,market,25.0,13:30,16:00,forced,-0.10385
2026-02-16,TSLA,call,ITM,market,30.0,13:30,13:35,target,0.3
2026-02-16,TSLA,call,ITM,market,30.0,14:00,14:50,target,0.3
2026-02-16,TSLA,call,ITM,market,30.0,15:00,16:00,forced,-0.97808
2026-02-17,TSLA,call,ITM,market,30.0,13:30,13:35,target,0.3
2026-02-17,TSLA,call,ITM,market,30.0,14:00,15:15,target,0.3
2026-02-17,TSLA,call,ITM,market,30.0,15:30,16:00,target,0.3
2026-02-18,TSLA,call,ITM,market,30.0,09:35,15:15,target,0.3
2026-02-18,TSLA,call,ITM,market,30.0,15:30,15:35,target,0.3
2026-02-19,TSLA,call,ITM,market,30.0,13:30,16:00,forced,-0.76535
2026-02-20,TSLA,call,ITM,market,30.0,10:00,16:00,forced,-0.98776
2026-02-23,TSLA,call,ITM,market,30.0,13:30,13:55,target,0.3
2026-02-23,TSLA,call,ITM,market,30.0,14:00,16:00,forced,-0.89291
2026-02-24,TSLA,call,ITM,market,30.0,10:00,10:05,target,0.3
2026-02-24,TSLA,call,ITM,market,30.0,10:30,16:00,forced,-0.28271
2026-02-25,TSLA,call,ITM,market,30.0,10:00,16:00,forced,-0.98549
2026-02-26,TSLA,call,ITM,market,30.0,13:30,14:00,target,0.3
2026-02-26,TSLA,call,ITM,market,30.0,14:00,14:15,target,0.3
2026-02-26,TSLA,call,ITM,market,30.0,14:30,15:05,target,0.3
2026-02-26,TSLA,call,ITM,market,30.0,15:30,16:00,forced,0.15685
2026-02-27,TSLA,call,ITM,market,30.0,13:30,14:05,target,0.3
2026-02-27,TSLA,call,ITM,market,30.0,14:30,16:00,forced,-0.27698
2026-03-02,TSLA,call,ITM,market,30.0,13:30,14:00,target,0.3
2026-03-02,TSLA,call,ITM,market,30.0,14:00,14:25,target,0.3
2026-03-02,TSLA,call,ITM,market,30.0,14:30,14:40,target,0.3
2026-03-02,TSLA,call,ITM,market,30.0,15:00,15:55,target,0.3
2026-03-03,TSLA,call,ITM,market,30.0,13:30,16:00,forced,-0.9856
2026-03-04,TSLA,call,ITM,market,30.0,13:30,15:45,target,0.3
2026-03-05,TSLA,call,ITM,market,30.0,13:30,15:15,target,0.3
2026-03-05,TSLA,call,ITM,market,30.0,15:30,16:00,forced,-0.15203
2026-03-06,TSLA,call,ITM,market,30.0,13:30,15:00,target,0.3
2026-03-06,TSLA,call,ITM,market,30.0,15:00,16:00,forced,0.05233
2026-03-09,TSLA,call,ITM,market,30.0,13:30,13:55,target,0.3
2026-03-09,TSLA,call,ITM,market,30.0,14:00,14:10,target,0.3
2026-03-09,TSLA,call,ITM,market,30.0,14:30,14:40,target,0.3
2026-03-09,TSLA,call,ITM,market,30.0,15:00,16:00,forced,-0.35487
2026-03-10,TSLA,call,ITM,market,30.0,13:30,16:00,forced,-0.9899
2026-03-11,TSLA,call,ITM,market,30.0,09:35,16:00,forced,-0.83547
2026-03-12,TSLA,call,ITM,market,30.0,09:35,10:05,target,0.3
2026-03-12,TSLA,call,ITM,market,30.0,11:00,16:00,forced,-0.99122
2026-03-13,TSLA,call,ITM,market,30.0,13:30,16:00,forced,-0.10385
2026-02-16,TSLA,call,ITM,market,40.0,09:35,16:00,forced,-0.98887
2026-02-17,TSLA,call,ITM,market,40.0,09:35,10:10,target,0.4
2026-02-17,TSLA,call,ITM,market,40.0,10:30,12:10,target,0.4
2026-02-17,TSLA,call,ITM,market,40.0,13:30,13:35,target,0.4
2026-02-17,TSLA,call,ITM,market,40.0,14:00,15:25,target,0.4
2026-02-17,TSLA,call,ITM,market,40.0,15:30,16:00,target,0.4
2026-02-18,TSLA,call,ITM,market,40.0,09:35,15:15,target,0.4
2026-02-18,TSLA,call,ITM,market,40.0,15:30,15:35,target,0.4
2026-02-19,TSLA,call,ITM,market,40.0,09:35,10:20,target,0.4
2026-02-19,TSLA,call,ITM,market,40.0,10:30,10:50,target,0.4
2026-02-19,TSLA,call,ITM,market,40.0,13:30,16:00,forced,-0.76535
2026-02-20,TSLA,call,ITM,market,40.0,09:35,16:00,forced,-0.98739
2026-02-23,TSLA,call,ITM,market,40.0,09:35,12:05,target,0.4
2026-02-23,TSLA,call,ITM,market,40.0,13:30,14:00,target,0.4
2026-02-23,TSLA,call,ITM,market,40.0,14:00,16:00,forced,-0.89291
2026-02-24,TSLA,call,ITM,market,40.0,09:35,10:00,target,0.4
2026-02-24,TSLA,call,ITM,market,40.0,10:00,16:00,forced,-0.30015
2026-02-25,TSLA,call,ITM,market,40.0,09:35,16:00,forced,-0.99056
2026-02-26,TSLA,call,ITM,market,40.0,09:35,10:40,target,0.4
2026-02-26,TSLA,call,ITM,market,40.0,13:30,14:00,target,0.4
2026-02-26,TSLA,call,ITM,market,40.0,14:00,15:10,target,0.4
2026-02-26,TSLA,call,ITM,market,40.0,15:30,16:00,forced,0.15685
2026-02-27,TSLA,call,ITM,market,40.0,09:35,09:40,target,0.4
2026-02-27,TSLA,call,ITM,market,40.0,10:00,10:15,target,0.4
2026-02-27,TSLA,call,ITM,market,40.0,10:30,11:50,target,0.4
2026-02-27,TSLA,call,ITM,market,40.0,13:30,14:15,target,0.4
2026-02-27,TSLA,call,ITM,market,40.0,14:30,16:00,forced,-0.27698
2026-03-02,TSLA,call,ITM,market,40.0,09:35,14:00,target,0.4
2026-03-02,TSLA,call,ITM,market,40.0,14:00,14:25,target,0.4
2026-03-02,TSLA,call,ITM,market,40.0,14:30,14:40,target,0.4
2026-03-02,TSLA,call,ITM,market,40.0,15:00,16:00,forced,0.09275
2026-03-03,TSLA,call,ITM,market,40.0,09:35,11:05,target,0.4
2026-03-03,TSLA,call,ITM,market,40.0,13:30,16:00,forced,-0.9856
2026-03-04,TSLA,call,ITM,market,40.0,09:35,09:50,target,0.4
2026-03-04,TSLA,call,ITM,market,40.0,13:30,15:45,target,0.4
2026-03-05,TSLA,call,ITM,market,40.0,09:35,10:00,target,0.4
2026-03-05,TSLA,call,ITM,market,40.0,13:30,16:00,forced,-0.01601
2026-03-06,TSLA,call,ITM,market,40.0,09:35,10:20,target,0.4
2026-03-06,TSLA,call,ITM,market,40.0,13:30,15:10,target,0.4
2026-03-06,TSLA,call,ITM,market,40.0,15:30,16:00,forced,0.14757
2026-03-09,TSLA,call,ITM,market,40.0,09:35,14:40,target,0.4
2026-03-09,TSLA,call,ITM,market,40.0,15:00,16:00,forced,-0.35487
2026-03-10,TSLA,call,ITM,market,40.0,09:35,09:40,target,0.4
2026-03-10,TSLA,call,ITM,market,40.0,13:30,16:00,forced,-0.9899
2026-03-11,TSLA,call,ITM,market,40.0,09:35,16:00,forced,-0.83547
2026-03-12,TSLA,call,ITM,market,40.0,09:35,10:05,target,0.4
2026-03-12,TSLA,call,ITM,market,40.0,10:30,10:50,target,0.4
2026-03-12,TSLA,call,ITM,market,40.0,11:00,16:00,forced,-0.99122
2026-03-13,TSLA,call,ITM,market,40.0,09:35,10:05,target,0.4
2026-03-13,TSLA,call,ITM,market,40.0,13:30,16:00,forced,-0.10385
2026-02-16,TSLA,call,ITM,market,50.0,10:00,10:30,target,0.5
2026-02-16,TSLA,call,ITM,market,50.0,10:30,16:00,forced,-0.98979
2026-02-17,TSLA,call,ITM,market,50.0,10:00,10:15,target,0.5
2026-02-17,TSLA,call,ITM,market,50.0,10:30,12:40,target,0.5
2026-02-17,TSLA,call,ITM,market,50.0,13:30,13:35,target,0.5
2026-02-17,TSLA,call,ITM,market,50.0,14:00,15:25,target,0.5
2026-02-17,TSLA,call,ITM,market,50.0,15:30,16:00,forced,0.40742
2026-02-18,TSLA,call,ITM,market,50.0,09:35,15:20,target,0.5
2026-02-18,TSLA,call,ITM,market,50.0,15:30,15:35,target,0.5
2026-02-19,TSLA,call,ITM,market,50.0,10:00,10:20,target,0.5
2026-02-19,TSLA,call,ITM,market,50.0,10:30,10:50,target,0.5
2026-02-19,TSLA,call,ITM,market,50.0,11:00,11:30,target,0.5
2026-02-19,TSLA,call,ITM,market,50.0,13:30,16:00,forced,-0.76535
2026-02-20,TSLA,call,ITM,market,50.0,10:00,16:00,forced,-0.98776
2026-02-23,TSLA,call,ITM,market,50.0,10:00,12:05,target,0.5
2026-02-23,TSLA,call,ITM,market,50.0,13:30,14:05,target,0.5
2026-02-23,TSLA,call,ITM,market,50.0,14:30,16:00,forced,-0.84327
2026-02-24,TSLA,call,ITM,market,50.0,10:00,16:00,forced,-0.30015
2026-02-25,TSLA,call,ITM,market,50.0,10:00,16:00,forced,-0.98549
2026-02-26,TSLA,call,ITM,market,50.0,10:00,10:35,target,0.5
2026-02-26,TSLA,call,ITM,market,50.0,11:00,11:55,target,0.5
2026-02-26,TSLA,call,ITM,market,50.0,13:30,14:00,target,0.5
2026-02-26,TSLA,call,ITM,market,50.0,14:00,16:00,target,0.5
2026-02-27,TSLA,call,ITM,market,50.0,10:00,10:20,target,0.5
2026-02-27,TSLA,call,ITM,market,50.0,10:30,12:10,target,0.5
2026-02-27,TSLA,call,ITM,market,50.0,13:30,16:00,forced,-0.53515
2026-03-02,TSLA,call,ITM,market,50.0,09:35,14:00,target,0.5
2026-03-02,TSLA,call,ITM,market,50.0,14:30,14:45,target,0.5
2026-03-02,TSLA,call,ITM,market,50.0,15:00,16:00,forced,0.09275
2026-03-03,TSLA,call,ITM,market,50.0,09:35,12:15,target,0.5
2026-03-03,TSLA,call,ITM,market,50.0,13:30,16:00,forced,-0.9856
2026-03-04,TSLA,call,ITM,market,50.0,09:35,09:50,target,0.5
2026-03-04,TSLA,call,ITM,market,50.0,10:00,10:20,target,0.5
2026-03-04,TSLA,call,ITM,market,50.0,10:30,11:50,target,0.5
2026-03-04,TSLA,call,ITM,market,50.0,13:30,15:50,target,0.5
2026-03-05,TSLA,call,ITM,market,50.0,09:35,10:05,target,0.5
2026-03-05,TSLA,call,ITM,market,50.0,10:30,11:20,target,0.5
2026-03-05,TSLA,call,ITM,market,50.0,13:30,16:00,forced,-0.01601
2026-03-06,TSLA,call,ITM,market,50.0,09:35,10:20,target,0.5
2026-03-06,TSLA,call,ITM,market,50.0,10:30,12:35,target,0.5
2026-03-06,TSLA,call,ITM,market,50.0,13:30,15:55,target,0.5
2026-03-09,TSLA,call,ITM,market,50.0,09:35,14:45,target,0.5
2026-03-09,TSLA,call,ITM,market,50.0,15:00,16:00,forced,-0.35487
2026-03-10,TSLA,call,ITM,market,50.0,09:35,09:45,target,0.5
2026-03-10,TSLA,call,ITM,market,50.0,10:00,11:40,target,0.5
2026-03-10,TSLA,call,ITM,market,50.0,13:30,16:00,forced,-0.9899
2026-03-11,TSLA,call,ITM,market,50.0,09:35,16:00,forced,-0.83547
2026-03-12,TSLA,call,ITM,market,50.0,09:35,10:10,target,0.5
2026-03-12,TSLA,call,ITM,market,50.0,10:30,16:00,forced,-0.99097
2026-03-13,TSLA,call,ITM,market,50.0,09:35,10:15,target,0.5
2026-03-13,TSLA,call,ITM,market,50.0,10:30,12:35,target,0.5
2026-03-13,TSLA,call,ITM,market,50.0,13:30,16:00,forced,-0.10385
2026-02-16,TSLA,call,ITM,market,60.0,09:35,16:00,forced,-0.98887
2026-02-17,TSLA,call,ITM,market,60.0,09:35,10:15,target,0.6
2026-02-17,TSLA,call,ITM,market,60.0,10:30,14:00,target,0.6
2026-02-17,TSLA,call,ITM,market,60.0,14:00,16:00,target,0.6
2026-02-18,TSLA,call,ITM,market,60.0,09:35,15:20,target,0.6
2026-02-18,TSLA,call,ITM,market,60.0,15:30,16:00,forced,0.49318
2026-02-19,TSLA,call,ITM,market,60.0,09:35,10:20,target,0.6
2026-02-19,TSLA,call,ITM,market,60.0,10:30,10:55,target,0.6
2026-02-19,TSLA,call,ITM,market,60.0,11:00,12:55,target,0.6
2026-02-19,TSLA,call,ITM,market,60.0,13:30,16:00,forced,-0.76535
2026-02-20,TSLA,call,ITM,market,60.0,09:35,16:00,forced,-0.98739
2026-02-23,TSLA,call,ITM,market,60.0,09:35,12:05,target,0.6
2026-02-23,TSLA,call,ITM,market,60.0,13:30,14:05,target,0.6
2026-02-23,TSLA,call,ITM,market,60.0,14:30,16:00,forced,-0.84327
2026-02-24,TSLA,call,ITM,market,60.0,09:35,10:05,target,0.6
2026-02-24,TSLA,call,ITM,market,60.0,10:30,16:00,forced,-0.28271
2026-02-25,TSLA,call,ITM,market,60.0,09:35,16:00,forced,-0.99056
2026-02-26,TSLA,call,ITM,market,60.0,09:35,10:40,target,0.6
2026-02-26,TSLA,call,ITM,market,60.0,11:00,13:35,target,0.6
2026-02-26,TSLA,call,ITM,market,60.0,14:00,16:00,forced,0.51453
2026-02-27,TSLA,call,ITM,market,60.0,09:35,09:45,target,0.6
2026-02-27,TSLA,call,ITM,market,60.0,10:00,10:20,target,0.6
2026-02-27,TSLA,call,ITM,market,60.0,10:30,12:10,target,0.6
2026-02-27,TSLA,call,ITM,market,60.0,13:30,16:00,forced,-0.53515
2026-03-02,TSLA,call,ITM,market,60.0,09:35,14:00,target,0.6
2026-03-02,TSLA,call,ITM,market,60.0,14:30,15:05,target,0.6
2026-03-02,TSLA,call,ITM,market,60.0,15:30,16:00,forced,-0.13149
2026-03-03,TSLA,call,ITM,market,60.0,09:35,12:15,target,0.6
2026-03-03,TSLA,call,ITM,market,60.0,13:30,16:00,forced,-0.9856
2026-03-04,TSLA,call,ITM,market,60.0,09:35,10:05,target,0.6
2026-03-04,TSLA,call,ITM,market,60.0,10:30,12:10,target,0.6
2026-03-04,TSLA,call,ITM,market,60.0,13:30,15:50,target,0.6
2026-03-05,TSLA,call,ITM,market,60.0,09:35,10:05,target,0.6
2026-03-05,TSLA,call,ITM,market,60.0,10:30,11:20,target,0.6
2026-03-05,TSLA,call,ITM,market,60.0,13:30,16:00,forced,-0.01601
2026-03-06,TSLA,call,ITM,market,60.0,09:35,10:25,target,0.6
2026-03-06,TSLA,call,ITM,market,60.0,10:30,12:40,target,0.6
2026-03-06,TSLA,call,ITM,market,60.0,13:30,16:00,forced,0.43801
2026-03-09,TSLA,call,ITM,market,60.0,09:35,14:45,target,0.6
2026-03-09,TSLA,call,ITM,market,60.0,15:00,16:00,forced,-0.35487
2026-03-10,TSLA,call,ITM,market,60.0,09:35,09:50,target,0.6
2026-03-10,TSLA,call,ITM,market,60.0,10:00,11:40,target,0.6
2026-03-10,TSLA,call,ITM,market,60.0,13:30,16:00,forced,-0.9899
2026-03-11,TSLA,call,ITM,market,60.0,09:35,16:00,forced,-0.83547
2026-03-12,TSLA,call,ITM,market,60.0,09:35,10:10,target,0.6
2026-03-12,TSLA,call,ITM,market,60.0,10:30,16:00,forced,-0.99097
2026-03-13,TSLA,call,ITM,market,60.0,09:35,10:15,target,0.6
2026-03-13,TSLA,call,ITM,market,60.0,10:30,12:35,target,0.6
2026-03-13,TSLA,call,ITM,market,60.0,13:30,16:00,forced,-0.10385
2026-02-16,TSLA,call,ITM,market,70.0,10:00,10:35,target,0.7
2026-02-16,TSLA,call,ITM,market,70.0,11:00,16:00,forced,-0.98723
2026-02-17,TSLA,call,ITM,market,70.0,10:00,10:15,target,0.7
2026-02-17,TSLA,call,ITM,market,70.0,10:30,14:05,target,0.7
2026-02-17,TSLA,call,ITM,market,70.0,14:30,15:25,target,0.7
2026-02-17,TSLA,call,ITM,market,70.0,15:30,16:00,forced,0.40742
2026-02-18,TSLA,call,ITM,market,70.0,09:35,15:25,target,0.7
2026-02-18,TSLA,call,ITM,market,70.0,15:30,16:00,forced,0.49318
2026-02-19,TSLA,call,ITM,market,70.0,10:00,10:20,target,0.7
2026-02-19,TSLA,call,ITM,market,70.0,10:30,10:55,target,0.7
2026-02-19,TSLA,call,ITM,market,70.0,11:00,12:55,target,0.7
2026-02-19,TSLA,call,ITM,market,70.0,14:00,16:00,forced,-0.74644
2026-02-20,TSLA,call,ITM,market,70.0,10:00,16:00,forced,-0.98776
2026-02-23,TSLA,call,ITM,market,70.0,10:00,12:15,target,0.7
2026-02-23,TSLA,call,ITM,market,70.0,14:00,16:00,forced,-0.89291
2026-02-24,TSLA,call,ITM,market,70.0,10:00,16:00,forced,-0.30015
2026-02-25,TSLA,call,ITM,market,70.0,10:00,16:00,forced,-0.98549
2026-02-26,TSLA,call,ITM,market,70.0,10:00,10:40,target,0.7
2026-02-26,TSLA,call,ITM,market,70.0,11:00,13:55,target,0.7
2026-02-26,TSLA,call,ITM,market,70.0,14:00,16:00,forced,0.51453
2026-02-27,TSLA,call,ITM,market,70.0,10:00,10:25,target,0.7
2026-02-27,TSLA,call,ITM,market,70.0,10:30,12:15,target,0.7
2026-02-27,TSLA,call,ITM,market,70.0,14:00,16:00,forced,-0.65002
2026-03-02,TSLA,call,ITM,market,70.0,09:35,14:10,target,0.7
2026-03-02,TSLA,call,ITM,market,70.0,14:30,15:05,target,0.7
2026-03-02,TSLA,call,ITM,market,70.0,15:30,16:00,forced,-0.13149
2026-03-03,TSLA,call,ITM,market,70.0,09:35,12:20,target,0.7
2026-03-03,TSLA,call,ITM,market,70.0,13:30,16:00,forced,-0.9856
2026-03-04,TSLA,call,ITM,market,70.0,09:35,10:05,target,0.7
2026-03-04,TSLA,call,ITM,market,70.0,10:30,12:15,target,0.7
2026-03-04,TSLA,call,ITM,market,70.0,13:30,16:00,target,0.7
2026-03-05,TSLA,call,ITM,market,70.0,09:35,10:05,target,0.7
2026-03-05,TSLA,call,ITM,market,70.0,10:30,11:20,target,0.7
2026-03-05,TSLA,call,ITM,market,70.0,13:30,16:00,forced,-0.01601
2026-03-06,TSLA,call,ITM,market,70.0,09:35,10:25,target,0.7
2026-03-06,TSLA,call,ITM,market,70.0,10:30,13:30,target,0.7
2026-03-06,TSLA,call,ITM,market,70.0,13:30,16:00,forced,0.43801
2026-03-09,TSLA,call,ITM,market,70.0,09:35,14:45,target,0.7
2026-03-09,TSLA,call,ITM,market,70.0,15:00,16:00,forced,-0.35487
2026-03-10,TSLA,call,ITM,market,70.0,09:35,10:10,target,0.7
2026-03-10,TSLA,call,ITM,market,70.0,10:30,11:40,target,0.7
2026-03-10,TSLA,call,ITM,market,70.0,13:30,16:00,forced,-0.9899
2026-03-11,TSLA,call,ITM,market,70.0,09:35,16:00,forced,-0.83547
2026-03-12,TSLA,call,ITM,market,70.0,09:35,10:10,target,0.7
2026-03-12,TSLA,call,ITM,market,70.0,10:30,16:00,forced,-0.99097
2026-03-13,TSLA,call,ITM,market,70.0,09:35,10:15,target,0.7
2026-03-13,TSLA,call,ITM,market,70.0,10:30,12:35,target,0.7
2026-03-13,TSLA,call,ITM,market,70.0,13:30,16:00,forced,-0.10385
2026-02-16,TSLA,call,ITM,market,75.0,10:00,10:35,target,0.75
2026-02-16,TSLA,call,ITM,market,75.0,11:00,16:00,forced,-0.98723
2026-02-17,TSLA,call,ITM,market,75.0,10:00,10:15,target,0.75
2026-02-17,TSLA,call,ITM,market,75.0,10:30,14:05,target,0.75
2026-02-17,TSLA,call,ITM,market,75.0,14:30,15:25,target,0.75
2026-02-17,TSLA,call,ITM,market,75.0,15:30,16:00,forced,0.40742
2026-02-18,TSLA,call,ITM,market,75.0,09:35,15:25,target,0.75
2026-02-18,TSLA,call,ITM,market,75.0,15:30,16:00,forced,0.49318
2026-02-19,TSLA,call,ITM,market,75.0,10:00,10:20,target,0.75
2026-02-19,TSLA,call,ITM,market,75.0,10:30,10:55,target,0.75
2026-02-19,TSLA,call,ITM,market,75.0,11:00,12:55,target,0.75
2026-02-19,TSLA,call,ITM,market,75.0,14:00,16:00,forced,-0.74644
2026-02-20,TSLA,call,ITM,market,75.0,10:00,16:00,forced,-0.98776
2026-02-23,TSLA,call,ITM,market,75.0,10:00,12:15,target,0.75
2026-02-23,TSLA,call,ITM,market,75.0,14:00,16:00,forced,-0.89291
2026-02-24,TSLA,call,ITM,market,75.0,10:00,16:00,forced,-0.30015
2026-02-25,TSLA,call,ITM,market,75.0,10:00,16:00,forced,-0.98549
2026-02-26,TSLA,call,ITM,market,75.0,10:00,10:40,target,0.75
2026-02-26,TSLA,call,ITM,market,75.0,11:00,13:55,target,0.75
2026-02-26,TSLA,call,ITM,market,75.0,14:00,16:00,forced,0.51453
2026-02-27,TSLA,call,ITM,market,75.0,10:00,11:00,target,0.75
2026-02-27,TSLA,call,ITM,market,75.0,11:00,16:00,forced,-0.69917
2026-03-02,TSLA,call,ITM,market,75.0,09:35,14:10,target,0.75
2026-03-02,TSLA,call,ITM,market,75.0,14:30,15:30,target,0.75
2026-03-02,TSLA,call,ITM,market,75.0,15:30,16:00,forced,-0.13149
2026-03-03,TSLA,call,ITM,market,75.0,09:35,12:20,target,0.75
2026-03-03,TSLA,call,ITM,market,75.0,13:30,16:00,forced,-0.9856
2026-03-04,TSLA,call,ITM,market,75.0,09:35,10:10,target,0.75
2026-03-04,TSLA,call,ITM,market,75.0,10:30,12:15,target,0.75
2026-03-04,TSLA,call,ITM,market,75.0,13:30,16:00,target,0.75
2026-03-05,TSLA,call,ITM,market,75.0,09:35,10:05,target,0.75
2026-03-05,TSLA,call,ITM,market,75.0,10:30,11:20,target,0.75
2026-03-05,TSLA,call,ITM,market,75.0,13:30,16:00,forced,-0.01601
2026-03-06,TSLA,call,ITM,market,75.0,09:35,10:25,target,0.75
2026-03-06,TSLA,call,ITM,market,75.0,10:30,13:30,target,0.75
2026-03-06,TSLA,call,ITM,market,75.0,13:30,16:00,forced,0.43801
2026-03-09,TSLA,call,ITM,market,75.0,09:35,14:45,target,0.75
2026-03-09,TSLA,call,ITM,market,75.0,15:00,16:00,forced,-0.35487
2026-03-10,TSLA,call,ITM,market,75.0,09:35,10:10,target,0.75
2026-03-10,TSLA,call,ITM,market,75.0,10:30,11:40,target,0.75
2026-03-10,TSLA,call,ITM,market,75.0,13:30,16:00,forced,-0.9899
2026-03-11,TSLA,call,ITM,market,75.0,09:35,16:00,forced,-0.83547
2026-03-12,TSLA,call,ITM,market,75.0,09:35,10:10,target,0.75
2026-03-12,TSLA,call,ITM,market,75.0,10:30,16:00,forced,-0.99097
2026-03-13,TSLA,call,ITM,market,75.0,09:35,10:15,target,0.75
2026-03-13,TSLA,call,ITM,market,75.0,10:30,12:35,target,0.75
2026-03-13,TSLA,call,ITM,market,75.0,13:30,16:00,forced,-0.10385
2026-02-16,TSLA,call,ITM,market,80.0,10:00,10:35,target,0.8
2026-02-16,TSLA,call,ITM,market,80.0,11:00,16:00,forced,-0.98723
2026-02-17,TSLA,call,ITM,market,80.0,10:00,10:15,target,0.8
2026-02-17,TSLA,call,ITM,market,80.0,10:30,15:10,target,0.8
2026-02-17,TSLA,call,ITM,market,80.0,15:30,16:00,forced,0.40742
2026-02-18,TSLA,call,ITM,market,80.0,09:35,15:25,target,0.8
2026-02-18,TSLA,call,ITM,market,80.0,15:30,16:00,forced,0.49318
2026-02-19,TSLA,call,ITM,market,80.0,10:00,10:25,target,0.8
2026-02-19,TSLA,call,ITM,market,80.0,10:30,10:55,target,0.8
2026-02-19,TSLA,call,ITM,market,80.0,11:00,16:00,forced,-0.61889
2026-02-20,TSLA,call,ITM,market,80.0,10:00,16:00,forced,-0.98776
2026-02-23,TSLA,call,ITM,market,80.0,10:00,12:15,target,0.8
2026-02-23,TSLA,call,ITM,market,80.0,14:00,16:00,forced,-0.89291
2026-02-24,TSLA,call,ITM,market,80.0,10:00,16:00,forced,-0.30015
2026-02-25,TSLA,call,ITM,market,80.0,10:00,16:00,forced,-0.98549
2026-02-26,TSLA,call,ITM,market,80.0,10:00,10:40,target,0.8
2026-02-26,TSLA,call,ITM,market,80.0,11:00,14:00,target,0.8
2026-02-26,TSLA,call,ITM,market,80.0,14:00,16:00,forced,0.51453
2026-02-27,TSLA,call,ITM,market,80.0,10:00,11:00,target,0.8
2026-02-27,TSLA,call,ITM,market,80.0,11:00,16:00,forced,-0.69917
2026-03-02,TSLA,call,ITM,market,80.0,10:00,13:30,target,0.8
2026-03-02,TSLA,call,ITM,market,80.0,13:30,14:10,target,0.8
2026-03-02,TSLA,call,ITM,market,80.0,14:30,15:30,target,0.8
2026-03-02,TSLA,call,ITM,market,80.0,15:30,16:00,forced,-0.13149
2026-03-03,TSLA,call,ITM,market,80.0,10:00,12:15,target,0.8
2026-03-03,TSLA,call,ITM,market,80.0,13:30,16:00,forced,-0.9856
2026-03-04,TSLA,call,ITM,market,80.0,10:00,11:10,target,0.8
2026-03-04,TSLA,call,ITM,market,80.0,13:30,16:00,forced,0.75845
2026-03-05,TSLA,call,ITM,market,80.0,10:00,11:20,target,0.8
2026-03-05,TSLA,call,ITM,market,80.0,13:30,16:00,forced,-0.01601
2026-03-06,TSLA,call,ITM,market,80.0,10:00,10:10,target,0.8
2026-03-06,TSLA,call,ITM,market,80.0,10:30,13:30,target,0.8
2026-03-06,TSLA,call,ITM,market,80.0,13:30,16:00,forced,0.43801
2026-03-09,TSLA,call,ITM,market,80.0,10:00,10:40,target,0.8
2026-03-09,TSLA,call,ITM,market,80.0,11:00,14:45,target,0.8
2026-03-09,TSLA,call,ITM,market,80.0,15:00,16:00,forced,-0.35487
2026-03-10,TSLA,call,ITM,market,80.0,10:00,12:00,target,0.8
2026-03-10,TSLA,call,ITM,market,80.0,13:30,16:00,forced,-0.9899
2026-03-11,TSLA,call,ITM,market,80.0,10:00,16:00,forced,-0.80848
2026-03-12,TSLA,call,ITM,market,80.0,10:00,10:25,target,0.8
2026-03-12,TSLA,call,ITM,market,80.0,10:30,16:00,forced,-0.99097
2026-03-13,TSLA,call,ITM,market,80.0,10:00,10:15,target,0.8
2026-03-13,TSLA,call,ITM,market,80.0,10:30,12:35,target,0.8
2026-03-13,TSLA,call,ITM,market,80.0,13:30,16:00,forced,-0.10385
2026-02-16,TSLA,call,ITM,market,90.0,10:00,10:45,target,0.9
2026-02-16,TSLA,call,ITM,market,90.0,11:00,16:00,forced,-0.98723
2026-02-17,TSLA,call,ITM,market,90.0,10:00,10:15,target,0.9
2026-02-17,TSLA,call,ITM,market,90.0,10:30,15:15,target,0.9
2026-02-17,TSLA,call,ITM,market,90.0,15:30,16:00,forced,0.40742
2026-02-18,TSLA,call,ITM,market,90.0,09:35,15:25,target,0.9
2026-02-18,TSLA,call,ITM,market,90.0,15:30,16:00,forced,0.49318
2026-02-19,TSLA,call,ITM,market,90.0,10:00,10:25,target,0.9
2026-02-19,TSLA,call,ITM,market,90.0,10:30,11:10,target,0.9
2026-02-19,TSLA,call,ITM,market,90.0,14:00,16:00,forced,-0.74644
2026-02-20,TSLA,call,ITM,market,90.0,10:00,16:00,forced,-0.98776
2026-02-23,TSLA,call,ITM,market,90.0,10:00,12:30,target,0.9
2026-02-23,TSLA,call,ITM,market,90.0,14:00,16:00,forced,-0.89291
2026-02-24,TSLA,call,ITM,market,90.0,10:00,16:00,forced,-0.30015
2026-02-25,TSLA,call,ITM,market,90.0,10:00,16:00,forced,-0.98549
2026-02-26,TSLA,call,ITM,market,90.0,10:00,10:40,target,0.9
2026-02-26,TSLA,call,ITM,market,90.0,11:00,14:00,target,0.9
2026-02-26,TSLA,call,ITM,market,90.0,14:00,16:00,forced,0.51453
2026-02-27,TSLA,call,ITM,market,90.0,10:00,11:00,target,0.9
2026-02-27,TSLA,call,ITM,market,90.0,11:00,16:00,forced,-0.69917
2026-03-02,TSLA,call,ITM,market,90.0,09:35,14:20,target,0.9
2026-03-02,TSLA,call,ITM,market,90.0,14:30,15:30,target,0.9
2026-03-02,TSLA,call,ITM,market,90.0,15:30,16:00,forced,-0.13149
2026-03-03,TSLA,call,ITM,market,90.0,09:35,12:30,target,0.9
2026-03-03,TSLA,call,ITM,market,90.0,13:30,16:00,forced,-0.9856
2026-03-04,TSLA,call,ITM,market,90.0,09:35,10:10,target,0.9
2026-03-04,TSLA,call,ITM,market,90.0,10:30,12:55,target,0.9
2026-03-04,TSLA,call,ITM,market,90.0,13:30,16:00,forced,0.75845
2026-03-05,TSLA,call,ITM,market,90.0,09:35,10:05,target,0.9
2026-03-05,TSLA,call,ITM,market,90.0,10:30,11:40,target,0.9
2026-03-05,TSLA,call,ITM,market,90.0,13:30,16:00,forced,-0.01601
2026-03-06,TSLA,call,ITM,market,90.0,09:35,11:25,target,0.9
2026-03-06,TSLA,call,ITM,market,90.0,13:30,16:00,forced,0.43801
2026-03-09,TSLA,call,ITM,market,90.0,09:35,14:50,target,0.9
2026-03-09,TSLA,call,ITM,market,90.0,15:00,16:00,forced,-0.35487
2026-03-10,TSLA,call,ITM,market,90.0,09:35,11:25,target,0.9
2026-03-10,TSLA,call,ITM,market,90.0,13:30,16:00,forced,-0.9899
2026-03-11,TSLA,call,ITM,market,90.0,09:35,16:00,forced,-0.83547
2026-03-12,TSLA,call,ITM,market,90.0,09:35,10:10,target,0.9
2026-03-12,TSLA,call,ITM,market,90.0,10:30,16:00,forced,-0.99097
2026-03-13,TSLA,call,ITM,market,90.0,09:35,10:15,target,0.9
2026-03-13,TSLA,call,ITM,market,90.0,10:30,12:35,target,0.9
2026-03-13,TSLA,call,ITM,market,90.0,13:30,16:00,forced,-0.10385
2026-02-16,TSLA,call,ITM,market,100.0,10:00,16:00,forced,-0.9825
2026-02-17,TSLA,call,ITM,market,100.0,10:00,10:15,target,1.0
2026-02-17,TSLA,call,ITM,market,100.0,10:30,15:15,target,1.0
2026-02-17,TSLA,call,ITM,market,100.0,15:30,16:00,forced,0.40742
2026-02-18,TSLA,call,ITM,market,100.0,09:35,15:25,target,1.0
2026-02-18,TSLA,call,ITM,market,100.0,15:30,16:00,forced,0.49318
2026-02-19,TSLA,call,ITM,market,100.0,10:00,10:50,target,1.0
2026-02-19,TSLA,call,ITM,market,100.0,11:00,16:00,forced,-0.61889
2026-02-20,TSLA,call,ITM,market,100.0,10:00,16:00,forced,-0.98776
2026-02-23,TSLA,call,ITM,market,100.0,10:00,12:35,target,1.0
2026-02-23,TSLA,call,ITM,market,100.0,14:00,16:00,forced,-0.89291
2026-02-24,TSLA,call,ITM,market,100.0,10:00,16:00,forced,-0.30015
2026-02-25,TSLA,call,ITM,market,100.0,10:00,16:00,forced,-0.98549
2026-02-26,TSLA,call,ITM,market,100.0,10:00,10:40,target,1.0
2026-02-26,TSLA,call,ITM,market,100.0,11:00,14:00,target,1.0
2026-02-26,TSLA,call,ITM,market,100.0,14:00,16:00,forced,0.51453
2026-02-27,TSLA,call,ITM,market,100.0,10:00,11:45,target,1.0
2026-02-27,TSLA,call,ITM,market,100.0,14:00,16:00,forced,-0.65002
2026-03-02,TSLA,call,ITM,market,100.0,09:35,14:25,target,1.0
2026-03-02,TSLA,call,ITM,market,100.0,14:30,15:50,target,1.0
2026-03-03,TSLA,call,ITM,market,100.0,09:35,12:45,target,1.0
2026-03-03,TSLA,call,ITM,market,100.0,13:30,16:00,forced,-0.9856
2026-03-04,TSLA,call,ITM,market,100.0,09:35,10:10,target,1.0
2026-03-04,TSLA,call,ITM,market,100.0,10:30,13:10,target,1.0
2026-03-04,TSLA,call,ITM,market,100.0,13:30,16:00,forced,0.75845
2026-03-05,TSLA,call,ITM,market,100.0,09:35,10:05,target,1.0
2026-03-05,TSLA,call,ITM,market,100.0,10:30,12:05,target,1.0
2026-03-05,TSLA,call,ITM,market,100.0,13:30,16:00,forced,-0.01601
2026-03-06,TSLA,call,ITM,market,100.0,09:35,11:25,target,1.0
2026-03-06,TSLA,call,ITM,market,100.0,13:30,16:00,forced,0.43801
2026-03-09,TSLA,call,ITM,market,100.0,09:35,14:50,target,1.0
2026-03-09,TSLA,call,ITM,market,100.0,15:00,16:00,forced,-0.35487
2026-03-10,TSLA,call,ITM,market,100.0,09:35,11:35,target,1.0
2026-03-10,TSLA,call,ITM,market,100.0,13:30,16:00,forced,-0.9899
2026-03-11,TSLA,call,ITM,market,100.0,09:35,16:00,forced,-0.83547
2026-03-12,TSLA,call,ITM,market,100.0,09:35,10:10,target,1.0
2026-03-12,TSLA,call,ITM,market,100.0,10:30,16:00,forced,-0.99097
2026-03-13,TSLA,call,ITM,market,100.0,09:35,10:15,target,1.0
2026-03-13,TSLA,call,ITM,market,100.0,10:30,12:45,target,1.0
2026-03-13,TSLA,call,ITM,market,100.0,13:30,16:00,forced,-0.10385
2026-02-16,TSLA,call,ATM,mid,20.0,10:00,10:30,target,0.2
2026-02-16,TSLA,call,ATM,mid,20.0,13:30,13:35,target,0.2
2026-02-16,TSLA,call,ATM,mid,20.0,14:00,14:40,target,0.2
2026-02-16,TSLA,call,ATM,mid,20.0,15:00,15:25,target,0.2
2026-02-16,TSLA,call,ATM,mid,20.0,15:30,16:00,forced,-0.8529
2026-02-17,TSLA,call,ATM,mid,20.0,10:00,10:05,target,0.2
2026-02-17,TSLA,call,ATM,mid,20.0,13:30,13:35,target,0.2
2026-02-17,TSLA,call,ATM,mid,20.0,15:00,15:10,target,0.2
2026-02-18,TSLA,call,ATM,mid,20.0,10:00,10:05,target,0.2
2026-02-18,TSLA,call,ATM,mid,20.0,10:30,15:10,target,0.2
2026-02-18,TSLA,call,ATM,mid,20.0,15:30,15:35,target,0.2
2026-02-19,TSLA,call,ATM,mid,20.0,10:00,10:05,target,0.2
2026-02-19,TSLA,call,ATM,mid,20.0,11:00,11:15,target,0.2
2026-02-19,TSLA,call,ATM,mid,20.0,15:00,16:00,forced,-0.85511
2026-02-20,TSLA,call,ATM,mid,20.0,10:00,16:00,forced,-0.97228
2026-02-23,TSLA,call,ATM,mid,20.0,10:00,10:10,target,0.2
2026-02-23,TSLA,call,ATM,mid,20.0,11:00,11:15,target,0.2
2026-02-23,TSLA,call,ATM,mid,20.0,12:00,12:05,target,0.2
2026-02-23,TSLA,call,ATM,mid,20.0,12:30,12:55,target,0.2
2026-02-24,TSLA,call,ATM,mid,20.0,10:00,10:05,target,0.2
2026-02-24,TSLA,call,ATM,mid,20.0,13:30,13:40,target,0.2
2026-02-24,TSLA,call,ATM,mid,20.0,14:00,14:05,target,0.2
2026-02-24,TSLA,call,ATM,mid,20.0,15:00,15:05,target,0.2
2026-02-24,TSLA,call,ATM,mid,20.0,15:30,16:00,forced,-0.77314
2026-02-25,TSLA,call,ATM,mid,20.0,10:00,16:00,forced,-0.96417
2026-02-26,TSLA,call,ATM,mid,20.0,10:00,10:10,target,0.2
2026-02-26,TSLA,call,ATM,mid,20.0,13:30,13:35,target,0.2
2026-02-26,TSLA,call,ATM,mid,20.0,14:30,15:00,target,0.2
2026-02-27,TSLA,call,ATM,mid,20.0,10:00,10:05,target,0.2
2026-02-27,TSLA,call,ATM,mid,20.0,13:30,13:55,target,0.2
2026-02-27,TSLA,call,ATM,mid,20.0,14:00,14:05,target,0.2
2026-02-27,TSLA,call,ATM,mid,20.0,15:00,15:10,target,0.2
2026-02-27,TSLA,call,ATM,mid,20.0,15:30,15:55,target,0.2
2026-03-02,TSLA,call,ATM,mid,20.0,10:00,10:05,target,0.2
2026-03-02,TSLA,call,ATM,mid,20.0,14:00,14:10,target,0.2
2026-03-02,TSLA,call,ATM,mid,20.0,14:30,14:35,target,0.2
2026-03-03,TSLA,call,ATM,mid,20.0,10:00,10:05,target,0.2
2026-03-03,TSLA,call,ATM,mid,20.0,14:00,16:00,forced,-0.89387
2026-03-04,TSLA,call,ATM,mid,20.0,10:00,10:05,target,0.2
2026-03-04,TSLA,call,ATM,mid,20.0,12:00,12:10,target,0.2
2026-03-05,TSLA,call,ATM,mid,20.0,10:00,10:05,target,0.2
2026-03-05,TSLA,call,ATM,mid,20.0,12:00,12:05,target,0.2
2026-03-05,TSLA,call,ATM,mid,20.0,13:00,13:10,target,0.2
2026-03-06,TSLA,call,ATM,mid,20.0,10:00,10:05,target,0.2
2026-03-06,TSLA,call,ATM,mid,20.0,12:00,12:05,target,0.2
2026-03-09,TSLA,call,ATM,mid,20.0,10:00,10:20,target,0.2
2026-03-09,TSLA,call,ATM,mid,20.0,14:00,14:05,target,0.2
2026-03-09,TSLA,call,ATM,mid,20.0,14:30,14:40,target,0.2
2026-03-09,TSLA,call,ATM,mid,20.0,15:30,15:40,target,0.2
2026-03-10,TSLA,call,ATM,mid,20.0,10:00,10:10,target,0.2
2026-03-10,TSLA,call,ATM,mid,20.0,14:00,14:05,target,0.2
2026-03-10,TSLA,call,ATM,mid,20.0,15:00,16:00,forced,-0.96796
2026-03-11,TSLA,call,ATM,mid,20.0,10:00,10:05,target,0.2
2026-03-11,TSLA,call,ATM,mid,20.0,14:00,14:15,target,0.2
2026-03-11,TSLA,call,ATM,mid,20.0,15:00,15:35,target,0.2
2026-03-12,TSLA,call,ATM,mid,20.0,10:00,10:05,target,0.2
2026-03-12,TSLA,call,ATM,mid,20.0,12:00,16:00,forced,-0.95904
2026-03-13,TSLA,call,ATM,mid,20.0,10:00,10:05,target,0.2
2026-03-13,TSLA,call,ATM,mid,20.0,12:00,12:15,target,0.2
2026-02-16,TSLA,call,ATM,mid,25.0,10:00,10:30,target,0.25
2026-02-16,TSLA,call,ATM,mid,25.0,13:30,13:35,target,0.25
2026-02-16,TSLA,call,ATM,mid,25.0,14:00,14:40,target,0.25
2026-02-16,TSLA,call,ATM,mid,25.0,15:00,15:25,target,0.25
2026-02-16,TSLA,call,ATM,mid,25.0,15:30,16:00,forced,-0.8529
2026-02-17,TSLA,call,ATM,mid,25.0,10:00,10:05,target,0.25
2026-02-17,TSLA,call,ATM,mid,25.0,13:30,13:35,target,0.25
2026-02-17,TSLA,call,ATM,mid,25.0,15:00,15:10,target,0.25
2026-02-18,TSLA,call,ATM,mid,25.0,10:00,10:05,target,0.25
2026-02-18,TSLA,call,ATM,mid,25.0,14:00,14:15,target,0.25
2026-02-18,TSLA,call,ATM,mid,25.0,15:00,15:05,target,0.25
2026-02-18,TSLA,call,ATM,mid,25.0,15:30,15:35,target,0.25
2026-02-19,TSLA,call,ATM,mid,25.0,10:00,10:05,target,0.25
2026-02-19,TSLA,call,ATM,mid,25.0,11:00,11:20,target,0.25
2026-02-19,TSLA,call,ATM,mid,25.0,15:00,16:00,forced,-0.85511
2026-02-20,TSLA,call,ATM,mid,25.0,10:00,16:00,forced,-0.97228
2026-02-23,TSLA,call,ATM,mid,25.0,10:00,10:10,target,0.25
2026-02-23,TSLA,call,ATM,mid,25.0,11:00,11:15,target,0.25
2026-02-23,TSLA,call,ATM,mid,25.0,12:00,12:05,target,0.25
2026-02-23,TSLA,call,ATM,mid,25.0,12:30,12:55,target,0.25
2026-02-24,TSLA,call,ATM,mid,25.0,10:00,10:05,target,0.25
2026-02-24,TSLA,call,ATM,mid,25.0,13:30,13:40,target,0.25
2026-02-24,TSLA,call,ATM,mid,25.0,14:00,14:05,target,0.25
2026-02-24,TSLA,call,ATM,mid,25.0,15:00,15:05,target,0.25
2026-02-24,TSLA,call,ATM,mid,25.0,15:30,16:00,forced,-0.77314
2026-02-25,TSLA,call,ATM,mid,25.0,10:00,16:00,forced,-0.96417
2026-02-26,TSLA,call,ATM,mid,25.0,10:00,10:10,target,0.25
2026-02-26,TSLA,call,ATM,mid,25.0,13:30,13:35,target,0.25
2026-02-26,TSLA,call,ATM,mid,25.0,14:30,15:00,target,0.25
2026-02-27,TSLA,call,ATM,mid,25.0,10:00,10:05,target,0.25
2026-02-27,TSLA,call,ATM,mid,25.0,13:30,13:55,target,0.25
2026-02-27,TSLA,call,ATM,mid,25.0,14:00,14:05,target,0.25
2026-02-27,TSLA,call,ATM,mid,25.0,15:00,15:10,target,0.25
2026-02-27,TSLA,call,ATM,mid,25.0,15:30,15:55,target,0.25
2026-03-02,TSLA,call,ATM,mid,25.0,10:00,10:05,target,0.25
2026-03-02,TSLA,call,ATM,mid,25.0,14:00,14:10,target,0.25
2026-03-02,TSLA,call,ATM,mid,25.0,14:30,14:35,target,0.25
2026-03-03,TSLA,call,ATM,mid,25.0,10:00,10:05,target,0.25
2026-03-03,TSLA,call,ATM,mid,25.0,14:00,16:00,forced,-0.89387
2026-03-04,TSLA,call,ATM,mid,25.0,10:00,10:05,target,0.25
2026-03-04,TSLA,call,ATM,mid,25.0,12:00,12:10,target,0.25
2026-03-05,TSLA,call,ATM,mid,25.0,10:00,10:05,target,0.25
2026-03-05,TSLA,call,ATM,mid,25.0,12:00,12:05,target,0.25
2026-03-05,TSLA,call,ATM,mid,25.0,13:00,13:10,target,0.25
2026-03-06,TSLA,call,ATM,mid,25.0,10:00,10:05,target,0.25
2026-03-06,TSLA,call,ATM,mid,25.0,12:00,12:05,target,0.25
2026-03-09,TSLA,call,ATM,mid,25.0,10:00,10:20,target,0.25
2026-03-09,TSLA,call,ATM,mid,25.0,14:00,14:10,target,0.25
2026-03-09,TSLA,call,ATM,mid,25.0,14:30,14:40,target,0.25
2026-03-09,TSLA,call,ATM,mid,25.0,15:30,15:40,target,0.25
2026-03-10,TSLA,call,ATM,mid,25.0,10:00,10:10,target,0.25
2026-03-10,TSLA,call,ATM,mid,25.0,14:00,16:00,forced,-0.96981
2026-03-11,TSLA,call,ATM,mid,25.0,10:00,10:05,target,0.25
2026-03-11,TSLA,call,ATM,mid,25.0,14:00,14:15,target,0.25
2026-03-11,TSLA,call,ATM,mid,25.0,15:00,15:35,target,0.25
2026-03-12,TSLA,call,ATM,mid,25.0,10:00,10:05,target,0.25
2026-03-12,TSLA,call,ATM,mid,25.0,12:00,16:00,forced,-0.95904
2026-03-13,TSLA,call,ATM,mid,25.0,10:00,10:05,target,0.25
2026-03-13,TSLA,call,ATM,mid,25.0,12:00,12:15,target,0.25
2026-02-16,TSLA,call,ATM,mid,30.0,10:00,10:30,target,0.3
2026-02-16,TSLA,call,ATM,mid,30.0,13:30,13:35,target,0.3
2026-02-16,TSLA,call,ATM,mid,30.0,14:00,14:50,target,0.3
2026-02-16,TSLA,call,ATM,mid,30.0,15:00,15:25,target,0.3
2026-02-16,TSLA,call,ATM,mid,30.0,15:30,16:00,forced,-0.8529
2026-02-17,TSLA,call,ATM,mid,30.0,10:00,10:05,target,0.3
2026-02-17,TSLA,call,ATM,mid,30.0,13:30,13:35,target,0.3
2026-02-17,TSLA,call,ATM,mid,30.0,15:00,15:10,target,0.3
2026-02-18,TSLA,call,ATM,mid,30.0,10:00,10:05,target,0.3
2026-02-18,TSLA,call,ATM,mid,30.0,14:00,15:10,target,0.3
2026-02-18,TSLA,call,ATM,mid,30.0,15:30,15:35,target,0.3
2026-02-19,TSLA,call,ATM,mid,30.0,10:00,10:05,target,0.3
2026-02-19,TSLA,call,ATM,mid,30.0,10:30,10:45,target,0.3
2026-02-19,TSLA,call,ATM,mid,30.0,11:00,11:20,target,0.3
2026-02-19,TSLA,call,ATM,mid,30.0,15:00,16:00,forced,-0.85511
2026-02-20,TSLA,call,ATM,mid,30.0,10:00,16:00,forced,-0.97228
2026-02-23,TSLA,call,ATM,mid,30.0,10:00,10:20,target,0.3
2026-02-23,TSLA,call,ATM,mid,30.0,10:30,10:55,target,0.3
2026-02-23,TSLA,call,ATM,mid,30.0,11:00,11:20,target,0.3
2026-02-23,TSLA,call,ATM,mid,30.0,11:30,11:40,target,0.3
2026-02-23,TSLA,call,ATM,mid,30.0,12:00,12:05,target,0.3
2026-02-23,TSLA,call,ATM,mid,30.0,12:30,12:55,target,0.3
2026-02-24,TSLA,call,ATM,mid,30.0,10:00,10:05,target,0.3
2026-02-24,TSLA,call,ATM,mid,30.0,13:30,13:45,target,0.3
2026-02-24,TSLA,call,ATM,mid,30.0,14:00,14:05,target,0.3
2026-02-24,TSLA,call,ATM,mid,30.0,15:00,15:05,target,0.3
2026-02-24,TSLA,call,ATM,mid,30.0,15:30,16:00,forced,-0.77314
2026-02-25,TSLA,call,ATM,mid,30.0,10:00,16:00,forced,-0.96417
2026-02-26,TSLA,call,ATM,mid,30.0,10:00,10:35,target,0.3
2026-02-26,TSLA,call,ATM,mid,30.0,13:30,13:35,target,0.3
2026-02-26,TSLA,call,ATM,mid,30.0,14:30,15:00,target,0.3
2026-02-27,TSLA,call,ATM,mid,30.0,10:00,10:05,target,0.3
2026-02-27,TSLA,call,ATM,mid,30.0,13:30,13:55,target,0.3
2026-02-27,TSLA,call,ATM,mid,30.0,14:00,14:15,target,0.3
2026-02-27,TSLA,call,ATM,mid,30.0,15:00,15:10,target,0.3
2026-02-27,TSLA,call,ATM,mid,30.0,15:30,15:55,target,0.3
2026-03-02,TSLA,call,ATM,mid,30.0,14:00,14:20,target,0.3
2026-03-02,TSLA,call,ATM,mid,30.0,14:30,14:35,target,0.3
2026-03-03,TSLA,call,ATM,mid,30.0,14:00,16:00,forced,-0.89387
2026-03-04,TSLA,call,ATM,mid,30.0,10:00,10:05,target,0.3
2026-03-04,TSLA,call,ATM,mid,30.0,12:00,12:10,target,0.3
2026-03-05,TSLA,call,ATM,mid,30.0,10:00,10:05,target,0.3
2026-03-05,TSLA,call,ATM,mid,30.0,13:00,13:10,target,0.3
2026-03-06,TSLA,call,ATM,mid,30.0,10:00,10:05,target,0.3
2026-03-06,TSLA,call,ATM,mid,30.0,12:00,12:05,target,0.3
2026-03-09,TSLA,call,ATM,mid,30.0,14:00,14:10,target,0.3
2026-03-09,TSLA,call,ATM,mid,30.0,14:30,14:40,target,0.3
2026-03-09,TSLA,call,ATM,mid,30.0,15:30,15:40,target,0.3
2026-03-10,TSLA,call,ATM,mid,30.0,14:00,16:00,forced,-0.96981
2026-03-11,TSLA,call,ATM,mid,30.0,14:00,14:15,target,0.3
2026-03-11,TSLA,call,ATM,mid,30.0,15:00,15:35,target,0.3
2026-03-12,TSLA,call,ATM,mid,30.0,10:00,10:10,target,0.3
2026-03-12,TSLA,call,ATM,mid,30.0,13:00,13:05,target,0.3
2026-03-13,TSLA,call,ATM,mid,30.0,10:00,10:05,target,0.3
2026-03-13,TSLA,call,ATM,mid,30.0,12:00,12:15,target,0.3
2026-02-16,TSLA,call,ATM,mid,40.0,10:00,10:30,target,0.4
2026-02-16,TSLA,call,ATM,mid,40.0,13:30,13:35,target,0.4
2026-02-16,TSLA,call,ATM,mid,40.0,14:00,14:50,target,0.4
2026-02-16,TSLA,call,ATM,mid,40.0,15:00,15:25,target,0.4
2026-02-16,TSLA,call,ATM,mid,40.0,15:30,16:00,forced,-0.8529
2026-02-17,TSLA,call,ATM,mid,40.0,10:00,10:10,target,0.4
2026-02-17,TSLA,call,ATM,mid,40.0,13:30,13:35,target,0.4
2026-02-17,TSLA,call,ATM,mid,40.0,15:00,15:10,target,0.4
2026-02-18,TSLA,call,ATM,mid,40.0,10:00,10:05,target,0.4
2026-02-18,TSLA,call,ATM,mid,40.0,10:30,15:15,target,0.4
2026-02-18,TSLA,call,ATM,mid,40.0,15:30,15:35,target,0.4
2026-02-19,TSLA,call,ATM,mid,40.0,10:00,10:05,target,0.4
2026-02-19,TSLA,call,ATM,mid,40.0,10:30,10:50,target,0.4
2026-02-19,TSLA,call,ATM,mid,40.0,11:00,11:20,target,0.4
2026-02-19,TSLA,call,ATM,mid,40.0,15:00,16:00,forced,-0.85511
2026-02-20,TSLA,call,ATM,mid,40.0,10:00,16:00,forced,-0.97228
2026-02-23,TSLA,call,ATM,mid,40.0,10:00,10:20,target,0.4
2026-02-23,TSLA,call,ATM,mid,40.0,10:30,10:55,target,0.4
2026-02-23,TSLA,call,ATM,mid,40.0,11:00,11:40,target,0.4
2026-02-23,TSLA,call,ATM,mid,40.0,12:00,12:05,target,0.4
2026-02-23,TSLA,call,ATM,mid,40.0,12:30,12:55,target,0.4
2026-02-24,TSLA,call,ATM,mid,40.0,10:00,10:05,target,0.4
2026-02-24,TSLA,call,ATM,mid,40.0,13:30,13:45,target,0.4
2026-02-24,TSLA,call,ATM,mid,40.0,14:00,14:05,target,0.4
2026-02-24,TSLA,call,ATM,mid,40.0,15:00,15:05,target,0.4
2026-02-24,TSLA,call,ATM,mid,40.0,15:30,16:00,forced,-0.77314
2026-02-25,TSLA,call,ATM,mid,40.0,10:00,16:00,forced,-0.96417
2026-02-26,TSLA,call,ATM,mid,40.0,10:00,10:35,target,0.4
2026-02-26,TSLA,call,ATM,mid,40.0,13:30,13:35,target,0.4
2026-02-26,TSLA,call,ATM,mid,40.0,14:30,15:00,target,0.4
2026-02-27,TSLA,call,ATM,mid,40.0,10:00,10:05,target,0.4
2026-02-27,TSLA,call,ATM,mid,40.0,13:30,13:55,target,0.4
2026-02-27,TSLA,call,ATM,mid,40.0,14:00,14:15,target,0.4
2026-02-27,TSLA,call,ATM,mid,40.0,15:00,15:55,target,0.4
2026-03-02,TSLA,call,ATM,mid,40.0,09:35,13:55,target,0.4
2026-03-02,TSLA,call,ATM,mid,40.0,14:00,14:20,target,0.4
2026-03-02,TSLA,call,ATM,mid,40.0,14:30,14:35,target,0.4
2026-03-03,TSLA,call,ATM,mid,40.0,09:35,10:10,target,0.4
2026-03-03,TSLA,call,ATM,mid,40.0,14:00,16:00,forced,-0.89387
2026-03-04,TSLA,call,ATM,mid,40.0,09:35,09:45,target,0.4
2026-03-04,TSLA,call,ATM,mid,40.0,10:00,10:10,target,0.4
2026-03-04,TSLA,call,ATM,mid,40.0,12:00,12:10,target,0.4
2026-03-05,TSLA,call,ATM,mid,40.0,09:35,09:55,target,0.4
2026-03-05,TSLA,call,ATM,mid,40.0,10:00,10:05,target,0.4
2026-03-05,TSLA,call,ATM,mid,40.0,13:00,13:10,target,0.4
2026-03-06,TSLA,call,ATM,mid,40.0,09:35,10:10,target,0.4
2026-03-06,TSLA,call,ATM,mid,40.0,12:00,12:05,target,0.4
2026-03-09,TSLA,call,ATM,mid,40.0,09:35,10:40,target,0.4
2026-03-09,TSLA,call,ATM,mid,40.0,14:00,14:10,target,0.4
2026-03-09,TSLA,call,ATM,mid,40.0,14:30,14:40,target,0.4
2026-03-09,TSLA,call,ATM,mid,40.0,15:30,16:00,forced,-0.73636
2026-03-10,TSLA,call,ATM,mid,40.0,09:35,09:40,target,0.4
2026-03-10,TSLA,call,ATM,mid,40.0,10:00,10:10,target,0.4
2026-03-10,TSLA,call,ATM,mid,40.0,14:00,16:00,forced,-0.96981
2026-03-11,TSLA,call,ATM,mid,40.0,09:35,09:45,target,0.4
2026-03-11,TSLA,call,ATM,mid,40.0,10:00,10:05,target,0.4
2026-03-11,TSLA,call,ATM,mid,40.0,14:00,14:15,target,0.4
2026-03-11,TSLA,call,ATM,mid,40.0,14:30,15:55,target,0.4
2026-03-12,TSLA,call,ATM,mid,40.0,09:35,09:50,target,0.4
2026-03-12,TSLA,call,ATM,mid,40.0,10:00,10:10,target,0.4
2026-03-12,TSLA,call,ATM,mid,40.0,13:00,13:05,target,0.4
2026-03-13,TSLA,call,ATM,mid,40.0,09:35,09:50,target,0.4
2026-03-13,TSLA,call,ATM,mid,40.0,10:00,10:05,target,0.4
2026-03-13,TSLA,call,ATM,mid,40.0,12:00,12:20,target,0.4
2026-02-16,TSLA,call,ATM,mid,50.0,13:30,13:35,target,0.5
2026-02-16,TSLA,call,ATM,mid,50.0,14:00,14:50,target,0.5
2026-02-16,TSLA,call,ATM,mid,50.0,15:00,16:00,forced,-0.92174
2026-02-17,TSLA,call,ATM,mid,50.0,13:30,13:35,target,0.5
2026-02-17,TSLA,call,ATM,mid,50.0,15:00,15:10,target,0.5
2026-02-18,TSLA,call,ATM,mid,50.0,10:00,10:05,target,0.5
2026-02-18,TSLA,call,ATM,mid,50.0,14:00,15:15,target,0.5
2026-02-18,TSLA,call,ATM,mid,50.0,15:30,15:35,target,0.5
2026-02-19,TSLA,call,ATM,mid,50.0,10:00,10:05,target,0.5
2026-02-19,TSLA,call,ATM,mid,50.0,15:00,16:00,forced,-0.85511
2026-02-20,TSLA,call,ATM,mid,50.0,10:00,16:00,forced,-0.97228
2026-02-23,TSLA,call,ATM,mid,50.0,10:00,10:20,target,0.5
2026-02-23,TSLA,call,ATM,mid,50.0,11:30,11:40,target,0.5
2026-02-23,TSLA,call,ATM,mid,50.0,12:00,12:05,target,0.5
2026-02-23,TSLA,call,ATM,mid,50.0,12:30,12:55,target,0.5
2026-02-24,TSLA,call,ATM,mid,50.0,13:30,13:45,target,0.5
2026-02-24,TSLA,call,ATM,mid,50.0,14:00,14:50,target,0.5
2026-02-24,TSLA,call,ATM,mid,50.0,15:00,15:05,target,0.5
2026-02-24,TSLA,call,ATM,mid,50.0,15:30,16:00,forced,-0.77314
2026-02-25,TSLA,call,ATM,mid,50.0,13:30,16:00,forced,-0.96327
2026-02-26,TSLA,call,ATM,mid,50.0,13:30,13:35,target,0.5
2026-02-26,TSLA,call,ATM,mid,50.0,14:30,15:00,target,0.5
2026-02-27,TSLA,call,ATM,mid,50.0,13:30,13:55,target,0.5
2026-02-27,TSLA,call,ATM,mid,50.0,14:00,14:15,target,0.5
2026-02-27,TSLA,call,ATM,mid,50.0,15:00,15:55,target,0.5
2026-03-02,TSLA,call,ATM,mid,50.0,14:00,14:20,target,0.5
2026-03-02,TSLA,call,ATM,mid,50.0,14:30,14:35,target,0.5
2026-03-03,TSLA,call,ATM,mid,50.0,14:00,16:00,forced,-0.89387
2026-03-04,TSLA,call,ATM,mid,50.0,09:35,09:45,target,0.5
2026-03-04,TSLA,call,ATM,mid,50.0,10:00,10:10,target,0.5
2026-03-04,TSLA,call,ATM,mid,50.0,11:30,11:45,target,0.5
2026-03-04,TSLA,call,ATM,mid,50.0,12:00,12:10,target,0.5
2026-03-05,TSLA,call,ATM,mid,50.0,09:35,09:55,target,0.5
2026-03-05,TSLA,call,ATM,mid,50.0,10:00,10:05,target,0.5
2026-03-05,TSLA,call,ATM,mid,50.0,13:00,13:10,target,0.5
2026-03-06,TSLA,call,ATM,mid,50.0,09:35,10:10,target,0.5
2026-03-06,TSLA,call,ATM,mid,50.0,11:30,12:35,target,0.5
2026-03-09,TSLA,call,ATM,mid,50.0,14:00,14:10,target,0.5
2026-03-09,TSLA,call,ATM,mid,50.0,14:30,14:40,target,0.5
2026-03-09,TSLA,call,ATM,mid,50.0,15:30,16:00,forced,-0.73636
2026-03-10,TSLA,call,ATM,mid,50.0,14:00,16:00,forced,-0.96981
2026-03-11,TSLA,call,ATM,mid,50.0,14:00,14:30,target,0.5
2026-03-11,TSLA,call,ATM,mid,50.0,14:30,15:55,target,0.5
2026-03-12,TSLA,call,ATM,mid,50.0,09:35,10:05,target,0.5
2026-03-12,TSLA,call,ATM,mid,50.0,13:00,13:05,target,0.5
2026-03-13,TSLA,call,ATM,mid,50.0,09:35,10:05,target,0.5
2026-03-13,TSLA,call,ATM,mid,50.0,12:00,12:20,target,0.5
2026-02-16,TSLA,call,ATM,mid,60.0,13:30,13:35,target,0.6
2026-02-16,TSLA,call,ATM,mid,60.0,14:00,14:50,target,0.6
2026-02-16,TSLA,call,ATM,mid,60.0,15:00,16:00,forced,-0.92174
2026-02-17,TSLA,call,ATM,mid,60.0,13:30,13:35,target,0.6
2026-02-17,TSLA,call,ATM,mid,60.0,15:00,15:15,target,0.6
2026-02-18,TSLA,call,ATM,mid,60.0,09:35,15:20,target,0.6
2026-02-18,TSLA,call,ATM,mid,60.0,15:30,15:35,target,0.6
2026-02-19,TSLA,call,ATM,mid,60.0,09:35,10:20,target,0.6
2026-02-19,TSLA,call,ATM,mid,60.0,15:00,16:00,forced,-0.85511
2026-02-20,TSLA,call,ATM,mid,60.0,09:35,16:00,forced,-0.97148
2026-02-23,TSLA,call,ATM,mid,60.0,09:35,10:20,target,0.6
2026-02-23,TSLA,call,ATM,mid,60.0,11:00,12:05,target,0.6
2026-02-23,TSLA,call,ATM,mid,60.0,12:30,12:55,target,0.6
2026-02-24,TSLA,call,ATM,mid,60.0,13:30,13:45,target,0.6
2026-02-24,TSLA,call,ATM,mid,60.0,14:00,14:50,target,0.6
2026-02-24,TSLA,call,ATM,mid,60.0,15:00,15:05,target,0.6
2026-02-24,TSLA,call,ATM,mid,60.0,15:30,16:00,forced,-0.77314
2026-02-25,TSLA,call,ATM,mid,60.0,13:30,16:00,forced,-0.96327
2026-02-26,TSLA,call,ATM,mid,60.0,13:30,13:55,target,0.6
2026-02-26,TSLA,call,ATM,mid,60.0,14:30,15:00,target,0.6
2026-02-27,TSLA,call,ATM,mid,60.0,13:30,13:55,target,0.6
2026-02-27,TSLA,call,ATM,mid,60.0,14:00,16:00,forced,-0.96645
2026-03-02,TSLA,call,ATM,mid,60.0,14:00,14:20,target,0.6
2026-03-02,TSLA,call,ATM,mid,60.0,14:30,14:35,target,0.6
2026-03-03,TSLA,call,ATM,mid,60.0,14:00,16:00,forced,-0.89387
2026-03-04,TSLA,call,ATM,mid,60.0,09:35,09:45,target,0.6
2026-03-04,TSLA,call,ATM,mid,60.0,10:00,10:10,target,0.6
2026-03-04,TSLA,call,ATM,mid,60.0,11:30,11:45,target,0.6
2026-03-04,TSLA,call,ATM,mid,60.0,12:00,12:15,target,0.6
2026-03-05,TSLA,call,ATM,mid,60.0,09:35,09:55,target,0.6
2026-03-05,TSLA,call,ATM,mid,60.0,13:00,13:10,target,0.6
2026-03-06,TSLA,call,ATM,mid,60.0,09:35,10:20,target,0.6
2026-03-06,TSLA,call,ATM,mid,60.0,11:30,12:35,target,0.6
2026-03-09,TSLA,call,ATM,mid,60.0,14:00,14:10,target,0.6
2026-03-09,TSLA,call,ATM,mid,60.0,14:30,14:40,target,0.6
2026-03-09,TSLA,call,ATM,mid,60.0,15:30,16:00,forced,-0.73636
2026-03-10,TSLA,call,ATM,mid,60.0,14:00,16:00,forced,-0.96981
2026-03-11,TSLA,call,ATM,mid,60.0,14:00,15:55,target,0.6
2026-03-12,TSLA,call,ATM,mid,60.0,09:35,10:05,target,0.6
2026-03-12,TSLA,call,ATM,mid,60.0,13:00,13:05,target,0.6
2026-03-13,TSLA,call,ATM,mid,60.0,09:35,10:05,target,0.6
2026-03-13,TSLA,call,ATM,mid,60.0,11:00,12:20,target,0.6
2026-02-16,TSLA,call,ATM,mid,70.0,13:30,13:40,target,0.7
2026-02-16,TSLA,call,ATM,mid,70.0,14:00,14:50,target,0.7
2026-02-16,TSLA,call,ATM,mid,70.0,15:00,16:00,forced,-0.92174
2026-02-17,TSLA,call,ATM,mid,70.0,13:30,13:35,target,0.7
2026-02-17,TSLA,call,ATM,mid,70.0,15:00,15:15,target,0.7
2026-02-18,TSLA,call,ATM,mid,70.0,09:35,15:20,target,0.7
2026-02-18,TSLA,call,ATM,mid,70.0,15:30,15:35,target,0.7
2026-02-19,TSLA,call,ATM,mid,70.0,09:35,10:20,target,0.7
2026-02-19,TSLA,call,ATM,mid,70.0,15:00,16:00,forced,-0.85511
2026-02-20,TSLA,call,ATM,mid,70.0,09:35,16:00,forced,-0.97148
2026-02-23,TSLA,call,ATM,mid,70.0,09:35,12:05,target,0.7
2026-02-23,TSLA,call,ATM,mid,70.0,12:30,12:55,target,0.7
2026-02-24,TSLA,call,ATM,mid,70.0,13:30,13:45,target,0.7
2026-02-24,TSLA,call,ATM,mid,70.0,14:00,14:50,target,0.7
2026-02-24,TSLA,call,ATM,mid,70.0,15:00,15:05,target,0.7
2026-02-24,TSLA,call,ATM,mid,70.0,15:30,16:00,forced,-0.77314
2026-02-25,TSLA,call,ATM,mid,70.0,13:30,16:00,forced,-0.96327
2026-02-26,TSLA,call,ATM,mid,70.0,13:30,14:00,target,0.7
2026-02-26,TSLA,call,ATM,mid,70.0,14:30,15:00,target,0.7
2026-02-27,TSLA,call,ATM,mid,70.0,13:30,14:00,target,0.7
2026-02-27,TSLA,call,ATM,mid,70.0,14:00,16:00,forced,-0.96645
2026-03-02,TSLA,call,ATM,mid,70.0,13:30,14:00,target,0.7
2026-03-02,TSLA,call,ATM,mid,70.0,14:00,14:20,target,0.7
2026-03-02,TSLA,call,ATM,mid,70.0,14:30,14:35,target,0.7
2026-03-03,TSLA,call,ATM,mid,70.0,13:30,16:00,forced,-0.9548
2026-03-04,TSLA,call,ATM,mid,70.0,09:35,09:45,target,0.7
2026-03-04,TSLA,call,ATM,mid,70.0,10:00,10:20,target,0.7
2026-03-04,TSLA,call,ATM,mid,70.0,11:00,11:10,target,0.7
2026-03-04,TSLA,call,ATM,mid,70.0,12:00,12:15,target,0.7
2026-03-05,TSLA,call,ATM,mid,70.0,09:35,10:00,target,0.7
2026-03-05,TSLA,call,ATM,mid,70.0,13:00,13:10,target,0.7
2026-03-06,TSLA,call,ATM,mid,70.0,09:35,10:20,target,0.7
2026-03-06,TSLA,call,ATM,mid,70.0,11:00,11:25,target,0.7
2026-03-06,TSLA,call,ATM,mid,70.0,12:00,12:05,target,0.7
2026-03-09,TSLA,call,ATM,mid,70.0,13:30,14:05,target,0.7
2026-03-09,TSLA,call,ATM,mid,70.0,14:30,14:40,target,0.7
2026-03-09,TSLA,call,ATM,mid,70.0,15:30,16:00,forced,-0.73636
2026-03-10,TSLA,call,ATM,mid,70.0,13:30,16:00,forced,-0.91907
2026-03-11,TSLA,call,ATM,mid,70.0,13:30,13:35,target,0.7
2026-03-11,TSLA,call,ATM,mid,70.0,14:00,15:55,target,0.7
2026-03-12,TSLA,call,ATM,mid,70.0,09:35,10:05,target,0.7
2026-03-12,TSLA,call,ATM,mid,70.0,13:00,13:05,target,0.7
2026-03-13,TSLA,call,ATM,mid,70.0,09:35,10:10,target,0.7
2026-03-13,TSLA,call,ATM,mid,70.0,11:00,12:20,target,0.7
2026-02-16,TSLA,call,ATM,mid,75.0,13:30,13:40,target,0.75
2026-02-16,TSLA,call,ATM,mid,75.0,14:00,14:50,target,0.75
2026-02-16,TSLA,call,ATM,mid,75.0,15:00,16:00,forced,-0.92174
2026-02-17,TSLA,call,ATM,mid,75.0,13:30,13:35,target,0.75
2026-02-17,TSLA,call,ATM,mid,75.0,15:00,15:15,target,0.75
2026-02-18,TSLA,call,ATM,mid,75.0,09:35,15:20,target,0.75
2026-02-18,TSLA,call,ATM,mid,75.0,15:30,15:35,target,0.75
2026-02-19,TSLA,call,ATM,mid,75.0,09:35,10:20,target,0.75
2026-02-19,TSLA,call,ATM,mid,75.0,15:00,16:00,forced,-0.85511
2026-02-20,TSLA,call,ATM,mid,75.0,09:35,16:00,forced,-0.97148
2026-02-23,TSLA,call,ATM,mid,75.0,09:35,12:05,target,0.75
2026-02-23,TSLA,call,ATM,mid,75.0,12:30,12:55,target,0.75
2026-02-24,TSLA,call,ATM,mid,75.0,13:30,13:45,target,0.75
2026-02-24,TSLA,call,ATM,mid,75.0,14:00,14:50,target,0.75
2026-02-24,TSLA,call,ATM,mid,75.0,15:00,15:05,target,0.75
2026-02-24,TSLA,call,ATM,mid,75.0,15:30,16:00,forced,-0.77314
2026-02-25,TSLA,call,ATM,mid,75.0,13:30,16:00,forced,-0.96327
2026-02-26,TSLA,call,ATM,mid,75.0,13:30,14:00,target,0.75
2026-02-26,TSLA,call,ATM,mid,75.0,14:30,15:00,target,0.75
2026-02-27,TSLA,call,ATM,mid,75.0,13:30,14:00,target,0.75
2026-02-27,TSLA,call,ATM,mid,75.0,14:00,16:00,forced,-0.96645
2026-03-02,TSLA,call,ATM,mid,75.0,13:30,14:00,target,0.75
2026-03-02,TSLA,call,ATM,mid,75.0,14:00,14:25,target,0.75
2026-03-02,TSLA,call,ATM,mid,75.0,14:30,14:35,target,0.75
2026-03-03,TSLA,call,ATM,mid,75.0,13:30,16:00,forced,-0.9548
2026-03-04,TSLA,call,ATM,mid,75.0,09:35,09:50,target,0.75
2026-03-04,TSLA,call,ATM,mid,75.0,10:00,10:20,target,0.75
2026-03-04,TSLA,call,ATM,mid,75.0,11:00,11:10,target,0.75
2026-03-04,TSLA,call,ATM,mid,75.0,12:00,12:15,target,0.75
2026-03-05,TSLA,call,ATM,mid,75.0,09:35,10:00,target,0.75
2026-03-05,TSLA,call,ATM,mid,75.0,10:00,10:25,target,0.75
2026-03-05,TSLA,call,ATM,mid,75.0,13:00,13:10,target,0.75
2026-03-06,TSLA,call,ATM,mid,75.0,09:35,10:20,target,0.75
2026-03-06,TSLA,call,ATM,mid,75.0,11:00,11:25,target,0.75
2026-03-06,TSLA,call,ATM,mid,75.0,12:00,12:05,target,0.75
2026-03-09,TSLA,call,ATM,mid,75.0,13:30,14:05,target,0.75
2026-03-09,TSLA,call,ATM,mid,75.0,14:30,14:40,target,0.75
2026-03-09,TSLA,call,ATM,mid,75.0,15:30,16:00,forced,-0.73636
2026-03-10,TSLA,call,ATM,mid,75.0,13:30,16:00,forced,-0.91907
2026-03-11,TSLA,call,ATM,mid,75.0,13:30,13:40,target,0.75
2026-03-11,TSLA,call,ATM,mid,75.0,14:00,15:55,target,0.75
2026-03-12,TSLA,call,ATM,mid,75.0,09:35,10:05,target,0.75
2026-03-12,TSLA,call,ATM,mid,75.0,13:00,13:05,target,0.75
2026-03-13,TSLA,call,ATM,mid,75.0,09:35,10:10,target,0.75
2026-03-13,TSLA,call,ATM,mid,75.0,11:00,12:35,target,0.75
2026-02-16,TSLA,call,ATM,mid,80.0,13:30,13:40,target,0.8
2026-02-16,TSLA,call,ATM,mid,80.0,14:00,14:50,target,0.8
2026-02-16,TSLA,call,ATM,mid,80.0,15:00,16:00,forced,-0.92174
2026-02-17,TSLA,call,ATM,mid,80.0,13:30,13:35,target,0.8
2026-02-17,TSLA,call,ATM,mid,80.0,15:00,15:15,target,0.8
2026-02-18,TSLA,call,ATM,mid,80.0,10:00,10:25,target,0.8
2026-02-18,TSLA,call,ATM,mid,80.0,14:00,15:15,target,0.8
2026-02-18,TSLA,call,ATM,mid,80.0,15:30,15:35,target,0.8
2026-02-19,TSLA,call,ATM,mid,80.0,10:00,10:20,target,0.8
2026-02-19,TSLA,call,ATM,mid,80.0,15:00,16:00,forced,-0.85511
2026-02-20,TSLA,call,ATM,mid,80.0,10:00,16:00,forced,-0.97228
2026-02-23,TSLA,call,ATM,mid,80.0,10:00,12:05,target,0.8
2026-02-23,TSLA,call,ATM,mid,80.0,12:30,12:55,target,0.8
2026-02-24,TSLA,call,ATM,mid,80.0,13:30,13:45,target,0.8
2026-02-24,TSLA,call,ATM,mid,80.0,14:00,14:50,target,0.8
2026-02-24,TSLA,call,ATM,mid,80.0,15:00,15:25,target,0.8
2026-02-24,TSLA,call,ATM,mid,80.0,15:30,16:00,forced,-0.77314
2026-02-25,TSLA,call,ATM,mid,80.0,13:30,16:00,forced,-0.96327
2026-02-26,TSLA,call,ATM,mid,80.0,13:30,14:00,target,0.8
2026-02-26,TSLA,call,ATM,mid,80.0,14:30,15:00,target,0.8
2026-02-27,TSLA,call,ATM,mid,80.0,13:30,14:00,target,0.8
2026-02-27,TSLA,call,ATM,mid,80.0,14:00,16:00,forced,-0.96645
2026-03-02,TSLA,call,ATM,mid,80.0,13:30,14:00,target,0.8
2026-03-02,TSLA,call,ATM,mid,80.0,14:00,14:25,target,0.8
2026-03-02,TSLA,call,ATM,mid,80.0,14:30,14:35,target,0.8
2026-03-03,TSLA,call,ATM,mid,80.0,13:30,16:00,forced,-0.9548
2026-03-04,TSLA,call,ATM,mid,80.0,09:35,09:50,target,0.8
2026-03-04,TSLA,call,ATM,mid,80.0,10:00,10:20,target,0.8
2026-03-04,TSLA,call,ATM,mid,80.0,11:00,11:10,target,0.8
2026-03-04,TSLA,call,ATM,mid,80.0,12:00,12:15,target,0.8
2026-03-05,TSLA,call,ATM,mid,80.0,09:35,10:00,target,0.8
2026-03-05,TSLA,call,ATM,mid,80.0,13:00,13:15,target,0.8
2026-03-06,TSLA,call,ATM,mid,80.0,09:35,10:20,target,0.8
2026-03-06,TSLA,call,ATM,mid,80.0,11:00,11:25,target,0.8
2026-03-06,TSLA,call,ATM,mid,80.0,12:00,12:05,target,0.8
2026-03-09,TSLA,call,ATM,mid,80.0,13:30,14:10,target,0.8
2026-03-09,TSLA,call,ATM,mid,80.0,14:30,14:40,target,0.8
2026-03-09,TSLA,call,ATM,mid,80.0,15:30,16:00,forced,-0.73636
2026-03-10,TSLA,call,ATM,mid,80.0,13:30,16:00,forced,-0.91907
2026-03-11,TSLA,call,ATM,mid,80.0,13:30,13:40,target,0.8
2026-03-11,TSLA,call,ATM,mid,80.0,14:00,15:55,target,0.8
2026-03-12,TSLA,call,ATM,mid,80.0,09:35,10:10,target,0.8
2026-03-12,TSLA,call,ATM,mid,80.0,13:00,13:05,target,0.8
2026-03-13,TSLA,call,ATM,mid,80.0,09:35,10:15,target,0.8
2026-03-13,TSLA,call,ATM,mid,80.0,11:00,12:35,target,0.8
2026-02-16,TSLA,call,ATM,mid,90.0,13:30,13:40,target,0.9
2026-02-16,TSLA,call,ATM,mid,90.0,15:00,16:00,forced,-0.92174
2026-02-17,TSLA,call,ATM,mid,90.0,13:30,13:35,target,0.9
2026-02-17,TSLA,call,ATM,mid,90.0,15:00,15:15,target,0.9
2026-02-18,TSLA,call,ATM,mid,90.0,15:00,15:05,target,0.9
2026-02-18,TSLA,call,ATM,mid,90.0,15:30,15:35,target,0.9
2026-02-19,TSLA,call,ATM,mid,90.0,15:00,16:00,forced,-0.85511
2026-02-20,TSLA,call,ATM,mid,90.0,15:00,16:00,forced,-0.94716
2026-02-23,TSLA,call,ATM,mid,90.0,10:00,12:05,target,0.9
2026-02-23,TSLA,call,ATM,mid,90.0,12:30,12:55,target,0.9
2026-02-24,TSLA,call,ATM,mid,90.0,13:30,13:50,target,0.9
2026-02-24,TSLA,call,ATM,mid,90.0,15:00,15:25,target,0.9
2026-02-24,TSLA,call,ATM,mid,90.0,15:30,16:00,forced,-0.77314
2026-02-25,TSLA,call,ATM,mid,90.0,13:30,16:00,forced,-0.96327
2026-02-26,TSLA,call,ATM,mid,90.0,13:30,14:00,target,0.9
2026-02-26,TSLA,call,ATM,mid,90.0,14:30,15:00,target,0.9
2026-02-27,TSLA,call,ATM,mid,90.0,13:30,14:00,target,0.9
2026-02-27,TSLA,call,ATM,mid,90.0,15:00,16:00,forced,-0.95433
2026-03-02,TSLA,call,ATM,mid,90.0,13:30,14:00,target,0.9
2026-03-02,TSLA,call,ATM,mid,90.0,14:00,14:25,target,0.9
2026-03-02,TSLA,call,ATM,mid,90.0,14:30,14:35,target,0.9
2026-03-03,TSLA,call,ATM,mid,90.0,13:30,16:00,forced,-0.9548
2026-03-04,TSLA,call,ATM,mid,90.0,09:35,09:50,target,0.9
2026-03-04,TSLA,call,ATM,mid,90.0,10:00,10:20,target,0.9
2026-03-04,TSLA,call,ATM,mid,90.0,11:00,11:10,target,0.9
2026-03-04,TSLA,call,ATM,mid,90.0,11:30,11:45,target,0.9
2026-03-04,TSLA,call,ATM,mid,90.0,12:00,12:20,target,0.9
2026-03-05,TSLA,call,ATM,mid,90.0,09:35,10:05,target,0.9
2026-03-05,TSLA,call,ATM,mid,90.0,13:00,13:15,target,0.9
2026-03-06,TSLA,call,ATM,mid,90.0,09:35,10:25,target,0.9
2026-03-06,TSLA,call,ATM,mid,90.0,11:00,11:25,target,0.9
2026-03-06,TSLA,call,ATM,mid,90.0,11:30,12:40,target,0.9
2026-03-09,TSLA,call,ATM,mid,90.0,13:30,14:10,target,0.9
2026-03-09,TSLA,call,ATM,mid,90.0,14:30,14:40,target,0.9
2026-03-09,TSLA,call,ATM,mid,90.0,15:30,16:00,forced,-0.73636
2026-03-10,TSLA,call,ATM,mid,90.0,13:30,16:00,forced,-0.91907
2026-03-11,TSLA,call,ATM,mid,90.0,13:30,13:40,target,0.9
2026-03-11,TSLA,call,ATM,mid,90.0,14:00,15:55,target,0.9
2026-03-12,TSLA,call,ATM,mid,90.0,09:35,10:10,target,0.9
2026-03-12,TSLA,call,ATM,mid,90.0,13:00,16:00,forced,-0.951
2026-03-13,TSLA,call,ATM,mid,90.0,09:35,10:15,target,0.9
2026-03-13,TSLA,call,ATM,mid,90.0,11:00,12:35,target,0.9
2026-02-16,TSLA,call,ATM,mid,100.0,13:30,13:40,target,1.0
2026-02-16,TSLA,call,ATM,mid,100.0,15:00,16:00,forced,-0.92174
2026-02-17,TSLA,call,ATM,mid,100.0,13:30,13:35,target,1.0
2026-02-17,TSLA,call,ATM,mid,100.0,15:00,15:15,target,1.0
2026-02-18,TSLA,call,ATM,mid,100.0,15:00,15:05,target,1.0
2026-02-18,TSLA,call,ATM,mid,100.0,15:30,15:35,target,1.0
2026-02-19,TSLA,call,ATM,mid,100.0,15:00,16:00,forced,-0.85511
2026-02-20,TSLA,call,ATM,mid,100.0,15:00,16:00,forced,-0.94716
2026-02-23,TSLA,call,ATM,mid,100.0,10:00,12:05,target,1.0
2026-02-23,TSLA,call,ATM,mid,100.0,12:30,12:55,target,1.0
2026-02-24,TSLA,call,ATM,mid,100.0,13:30,13:50,target,1.0
2026-02-24,TSLA,call,ATM,mid,100.0,15:00,15:25,target,1.0
2026-02-24,TSLA,call,ATM,mid,100.0,15:30,16:00,forced,-0.77314
2026-02-25,TSLA,call,ATM,mid,100.0,13:30,16:00,forced,-0.96327
2026-02-26,TSLA,call,ATM,mid,100.0,13:30,14:00,target,1.0
2026-02-26,TSLA,call,ATM,mid,100.0,14:30,15:05,target,1.0
2026-02-27,TSLA,call,ATM,mid,100.0,13:30,14:00,target,1.0
2026-02-27,TSLA,call,ATM,mid,100.0,15:00,16:00,forced,-0.95433
2026-03-02,TSLA,call,ATM,mid,100.0,13:30,14:00,target,1.0
2026-03-02,TSLA,call,ATM,mid,100.0,14:00,14:25,target,1.0
2026-03-02,TSLA,call,ATM,mid,100.0,14:30,14:35,target,1.0
2026-03-03,TSLA,call,ATM,mid,100.0,13:30,16:00,forced,-0.9548
2026-03-04,TSLA,call,ATM,mid,100.0,09:35,10:05,target,1.0
2026-03-04,TSLA,call,ATM,mid,100.0,11:00,11:10,target,1.0
2026-03-04,TSLA,call,ATM,mid,100.0,11:30,11:45,target,1.0
2026-03-04,TSLA,call,ATM,mid,100.0,12:00,12:55,target,1.0
2026-03-05,TSLA,call,ATM,mid,100.0,13:00,13:15,target,1.0
2026-03-06,TSLA,call,ATM,mid,100.0,09:35,10:25,target,1.0
2026-03-06,TSLA,call,ATM,mid,100.0,11:00,11:25,target,1.0
2026-03-06,TSLA,call,ATM,mid,100.0,11:30,12:40,target,1.0
2026-03-09,TSLA,call,ATM,mid,100.0,13:30,14:10,target,1.0
2026-03-09,TSLA,call,ATM,mid,100.0,14:30,14:40,target,1.0
2026-03-09,TSLA,call,ATM,mid,100.0,15:30,16:00,forced,-0.73636
2026-03-10,TSLA,call,ATM,mid,100.0,13:30,16:00,forced,-0.91907
2026-03-11,TSLA,call,ATM,mid,100.0,13:30,13:40,target,1.0
2026-03-11,TSLA,call,ATM,mid,100.0,14:00,15:55,target,1.0
2026-03-12,TSLA,call,ATM,mid,100.0,13:00,16:00,forced,-0.951
2026-03-13,TSLA,call,ATM,mid,100.0,09:35,10:15,target,1.0
2026-03-13,TSLA,call,ATM,mid,100.0,11:00,12:35,target,1.0
2026-02-16,TSLA,call,ATM,market,20.0,10:00,10:30,target,0.2
2026-02-16,TSLA,call,ATM,market,20.0,13:30,13:35,target,0.2
2026-02-16,TSLA,call,ATM,market,20.0,14:00,14:40,target,0.2
2026-02-16,TSLA,call,ATM,market,20.0,15:00,15:25,target,0.2
2026-02-16,TSLA,call,ATM,market,20.0,15:30,16:00,forced,-0.85867
2026-02-17,TSLA,call,ATM,market,20.0,10:00,10:05,target,0.2
2026-02-17,TSLA,call,ATM,market,20.0,13:30,13:35,target,0.2
2026-02-17,TSLA,call,ATM,market,20.0,15:00,15:10,target,0.2
2026-02-18,TSLA,call,ATM,market,20.0,10:00,10:05,target,0.2
2026-02-18,TSLA,call,ATM,market,20.0,14:00,14:15,target,0.2
2026-02-18,TSLA,call,ATM,market,20.0,15:00,15:05,target,0.2
2026-02-18,TSLA,call,ATM,market,20.0,15:30,15:35,target,0.2
2026-02-19,TSLA,call,ATM,market,20.0,10:00,10:05,target,0.2
2026-02-19,TSLA,call,ATM,market,20.0,11:00,11:20,target,0.2
2026-02-19,TSLA,call,ATM,market,20.0,15:00,16:00,forced,-0.8608
2026-02-20,TSLA,call,ATM,market,20.0,10:00,16:00,forced,-0.97336
2026-02-23,TSLA,call,ATM,market,20.0,10:00,10:10,target,0.2
2026-02-23,TSLA,call,ATM,market,20.0,11:00,11:15,target,0.2
2026-02-23,TSLA,call,ATM,market,20.0,12:00,12:05,target,0.2
2026-02-23,TSLA,call,ATM,market,20.0,12:30,12:55,target,0.2
2026-02-24,TSLA,call,ATM,market,20.0,10:00,10:05,target,0.2
2026-02-24,TSLA,call,ATM,market,20.0,13:30,13:40,target,0.2
2026-02-24,TSLA,call,ATM,market,20.0,14:00,14:05,target,0.2
2026-02-24,TSLA,call,ATM,market,20.0,15:00,15:05,target,0.2
2026-02-24,TSLA,call,ATM,market,20.0,15:30,16:00,forced,-0.78203
2026-02-25,TSLA,call,ATM,market,20.0,10:00,16:00,forced,-0.96558
2026-02-26,TSLA,call,ATM,market,20.0,10:00,10:10,target,0.2
2026-02-26,TSLA,call,ATM,market,20.0,13:30,13:35,target,0.2
2026-02-26,TSLA,call,ATM,market,20.0,14:30,15:00,target,0.2
2026-02-27,TSLA,call,ATM,market,20.0,10:00,10:05,target,0.2
2026-02-27,TSLA,call,ATM,market,20.0,13:30,13:55,target,0.2
2026-02-27,TSLA,call,ATM,market,20.0,14:00,14:05,target,0.2
2026-02-27,TSLA,call,ATM,market,20.0,15:00,15:10,target,0.2
2026-02-27,TSLA,call,ATM,market,20.0,15:30,15:55,target,0.2
2026-03-02,TSLA,call,ATM,market,20.0,10:00,10:05,target,0.2
2026-03-02,TSLA,call,ATM,market,20.0,14:00,14:10,target,0.2
2026-03-02,TSLA,call,ATM,market,20.0,14:30,14:35,target,0.2
2026-03-03,TSLA,call,ATM,market,20.0,10:00,10:05,target,0.2
2026-03-03,TSLA,call,ATM,market,20.0,14:00,16:00,forced,-0.89802
2026-03-04,TSLA,call,ATM,market,20.0,10:00,10:05,target,0.2
2026-03-04,TSLA,call,ATM,market,20.0,12:00,12:10,target,0.2
2026-03-05,TSLA,call,ATM,market,20.0,10:00,10:05,target,0.2
2026-03-05,TSLA,call,ATM,market,20.0,12:00,12:05,target,0.2
2026-03-05,TSLA,call,ATM,market,20.0,13:00,13:10,target,0.2
2026-03-06,TSLA,call,ATM,market,20.0,10:00,10:05,target,0.2
2026-03-06,TSLA,call,ATM,market,20.0,12:00,12:05,target,0.2
2026-03-09,TSLA,call,ATM,market,20.0,10:00,10:20,target,0.2
2026-03-09,TSLA,call,ATM,market,20.0,14:00,14:10,target,0.2
2026-03-09,TSLA,call,ATM,market,20.0,14:30,14:40,target,0.2
2026-03-09,TSLA,call,ATM,market,20.0,15:30,15:40,target,0.2
2026-03-10,TSLA,call,ATM,market,20.0,10:00,10:10,target,0.2
2026-03-10,TSLA,call,ATM,market,20.0,14:00,16:00,forced,-0.971
2026-03-11,TSLA,call,ATM,market,20.0,10:00,10:05,target,0.2
2026-03-11,TSLA,call,ATM,market,20.0,14:00,14:15,target,0.2
2026-03-11,TSLA,call,ATM,market,20.0,15:00,15:35,target,0.2
2026-03-12,TSLA,call,ATM,market,20.0,10:00,10:05,target,0.2
2026-03-12,TSLA,call,ATM,market,20.0,12:00,16:00,forced,-0.96065
2026-03-13,TSLA,call,ATM,market,20.0,10:00,10:05,target,0.2
2026-03-13,TSLA,call,ATM,market,20.0,12:00,12:15,target,0.2
2026-02-16,TSLA,call,ATM,market,25.0,10:00,10:30,target,0.25
2026-02-16,TSLA,call,ATM,market,25.0,13:30,13:35,target,0.25
2026-02-16,TSLA,call,ATM,market,25.0,14:00,14:50,target,0.25
2026-02-16,TSLA,call,ATM,market,25.0,15:00,15:25,target,0.25
2026-02-16,TSLA,call,ATM,market,25.0,15:30,16:00,forced,-0.85867
2026-02-17,TSLA,call,ATM,market,25.0,10:00,10:05,target,0.25
2026-02-17,TSLA,call,ATM,market,25.0,13:30,13:35,target,0.25
2026-02-17,TSLA,call,ATM,market,25.0,15:00,15:10,target,0.25
2026-02-18,TSLA,call,ATM,market,25.0,10:00,10:05,target,0.25
2026-02-18,TSLA,call,ATM,market,25.0,14:00,15:10,target,0.25
2026-02-18,TSLA,call,ATM,market,25.0,15:30,15:35,target,0.25
2026-02-19,TSLA,call,ATM,market,25.0,10:00,10:05,target,0.25
2026-02-19,TSLA,call,ATM,market,25.0,10:30,10:45,target,0.25
2026-02-19,TSLA,call,ATM,market,25.0,11:00,11:20,target,0.25
2026-02-19,TSLA,call,ATM,market,25.0,15:00,16:00,forced,-0.8608
2026-02-20,TSLA,call,ATM,market,25.0,10:00,16:00,forced,-0.97336
2026-02-23,TSLA,call,ATM,market,25.0,10:00,10:20,target,0.25
2026-02-23,TSLA,call,ATM,market,25.0,10:30,10:55,target,0.25
2026-02-23,TSLA,call,ATM,market,25.0,11:00,11:20,target,0.25
2026-02-23,TSLA,call,ATM,market,25.0,11:30,11:40,target,0.25
2026-02-23,TSLA,call,ATM,market,25.0,12:00,12:05,target,0.25
2026-02-23,TSLA,call,ATM,market,25.0,12:30,12:55,target,0.25
2026-02-24,TSLA,call,ATM,market,25.0,10:00,10:05,target,0.25
2026-02-24,TSLA,call,ATM,market,25.0,13:30,13:45,target,0.25
2026-02-24,TSLA,call,ATM,market,25.0,14:00,14:05,target,0.25
2026-02-24,TSLA,call,ATM,market,25.0,15:00,15:05,target,0.25
2026-02-24,TSLA,call,ATM,market,25.0,15:30,16:00,forced,-0.78203
2026-02-25,TSLA,call,ATM,market,25.0,10:00,16:00,forced,-0.96558
2026-02-26,TSLA,call,ATM,market,25.0,10:00,10:35,target,0.25
2026-02-26,TSLA,call,ATM,market,25.0,13:30,13:35,target,0.25
2026-02-26,TSLA,call,ATM,market,25.0,14:30,15:00,target,0.25
2026-02-27,TSLA,call,ATM,market,25.0,10:00,10:05,target,0.25
2026-02-27,TSLA,call,ATM,market,25.0,13:30,13:55,target,0.25
2026-02-27,TSLA,call,ATM,market,25.0,14:00,14:15,target,0.25
2026-02-27,TSLA,call,ATM,market,25.0,15:00,15:10,target,0.25
2026-02-27,TSLA,call,ATM,market,25.0,15:30,15:55,target,0.25
2026-03-02,TSLA,call,ATM,market,25.0,14:00,14:20,target,0.25
2026-03-02,TSLA,call,ATM,market,25.0,14:30,14:35,target,0.25
2026-03-03,TSLA,call,ATM,market,25.0,14:00,16:00,forced,-0.89802
2026-03-04,TSLA,call,ATM,market,25.0,10:00,10:05,target,0.25
2026-03-04,TSLA,call,ATM,market,25.0,12:00,12:10,target,0.25
2026-03-05,TSLA,call,ATM,market,25.0,10:00,10:05,target,0.25
2026-03-05,TSLA,call,ATM,market,25.0,13:00,13:10,target,0.25
2026-03-06,TSLA,call,ATM,market,25.0,10:00,10:05,target,0.25
2026-03-06,TSLA,call,ATM,market,25.0,12:00,12:05,target,0.25
2026-03-09,TSLA,call,ATM,market,25.0,14:00,14:10,target,0.25
2026-03-09,TSLA,call,ATM,market,25.0,14:30,14:40,target,0.25
2026-03-09,TSLA,call,ATM,market,25.0,15:30,15:40,target,0.25
2026-03-10,TSLA,call,ATM,market,25.0,14:00,16:00,forced,-0.971
2026-03-11,TSLA,call,ATM,market,25.0,14:00,14:15,target,0.25
2026-03-11,TSLA,call,ATM,market,25.0,15:00,15:35,target,0.25
2026-03-12,TSLA,call,ATM,market,25.0,10:00,10:10,target,0.25
2026-03-12,TSLA,call,ATM,market,25.0,13:00,13:05,target,0.25
2026-03-13,TSLA,call,ATM,market,25.0,10:00,10:05,target,0.25
2026-03-13,TSLA,call,ATM,market,25.0,12:00,12:15,target,0.25
2026-02-16,TSLA,call,ATM,market,30.0,10:00,10:30,target,0.3
2026-02-16,TSLA,call,ATM,market,30.0,13:30,13:35,target,0.3
2026-02-16,TSLA,call,ATM,market,30.0,14:00,14:50,target,0.3
2026-02-16,TSLA,call,ATM,market,30.0,15:00,15:25,target,0.3
2026-02-16,TSLA,call,ATM,market,30.0,15:30,16:00,forced,-0.85867
2026-02-17,TSLA,call,ATM,market,30.0,10:00,10:10,target,0.3
2026-02-17,TSLA,call,ATM,market,30.0,13:30,13:35,target,0.3
2026-02-17,TSLA,call,ATM,market,30.0,15:00,15:10,target,0.3
2026-02-18,TSLA,call,ATM,market,30.0,10:00,10:05,target,0.3
2026-02-18,TSLA,call,ATM,market,30.0,14:00,15:10,target,0.3
2026-02-18,TSLA,call,ATM,market,30.0,15:30,15:35,target,0.3
2026-02-19,TSLA,call,ATM,market,30.0,10:00,10:05,target,0.3
2026-02-19,TSLA,call,ATM,market,30.0,10:30,10:50,target,0.3
2026-02-19,TSLA,call,ATM,market,30.0,15:00,16:00,forced,-0.8608
2026-02-20,TSLA,call,ATM,market,30.0,10:00,16:00,forced,-0.97336
2026-02-23,TSLA,call,ATM,market,30.0,10:00,10:20,target,0.3
2026-02-23,TSLA,call,ATM,market,30.0,10:30,10:55,target,0.3
2026-02-23,TSLA,call,ATM,market,30.0,11:00,11:40,target,0.3
2026-02-23,TSLA,call,ATM,market,30.0,12:00,12:05,target,0.3
2026-02-23,TSLA,call,ATM,market,30.0,12:30,12:55,target,0.3
2026-02-24,TSLA,call,ATM,market,30.0,10:00,10:05,target,0.3
2026-02-24,TSLA,call,ATM,market,30.0,13:30,13:45,target,0.3
2026-02-24,TSLA,call,ATM,market,30.0,14:00,14:05,target,0.3
2026-02-24,TSLA,call,ATM,market,30.0,15:00,15:05,target,0.3
2026-02-24,TSLA,call,ATM,market,30.0,15:30,16:00,forced,-0.78203
2026-02-25,TSLA,call,ATM,market,30.0,10:00,16:00,forced,-0.96558
2026-02-26,TSLA,call,ATM,market,30.0,10:00,10:35,target,0.3
2026-02-26,TSLA,call,ATM,market,30.0,13:30,13:35,target,0.3
2026-02-26,TSLA,call,ATM,market,30.0,14:30,15:00,target,0.3
2026-02-27,TSLA,call,ATM,market,30.0,10:00,10:05,target,0.3
2026-02-27,TSLA,call,ATM,market,30.0,13:30,13:55,target,0.3
2026-02-27,TSLA,call,ATM,market,30.0,14:00,14:15,target,0.3
2026-02-27,TSLA,call,ATM,market,30.0,15:00,15:55,target,0.3
2026-03-02,TSLA,call,ATM,market,30.0,09:35,13:55,target,0.3
2026-03-02,TSLA,call,ATM,market,30.0,14:00,14:20,target,0.3
2026-03-02,TSLA,call,ATM,market,30.0,14:30,14:35,target,0.3
2026-03-03,TSLA,call,ATM,market,30.0,09:35,10:10,target,0.3
2026-03-03,TSLA,call,ATM,market,30.0,14:00,16:00,forced,-0.89802
2026-03-04,TSLA,call,ATM,market,30.0,09:35,09:45,target,0.3
2026-03-04,TSLA,call,ATM,market,30.0,10:00,10:10,target,0.3
2026-03-04,TSLA,call,ATM,market,30.0,12:00,12:10,target,0.3
2026-03-05,TSLA,call,ATM,market,30.0,09:35,09:55,target,0.3
2026-03-05,TSLA,call,ATM,market,30.0,10:00,10:05,target,0.3
2026-03-05,TSLA,call,ATM,market,30.0,13:00,13:10,target,0.3
2026-03-06,TSLA,call,ATM,market,30.0,09:35,10:10,target,0.3
2026-03-06,TSLA,call,ATM,market,30.0,12:00,12:05,target,0.3
2026-03-09,TSLA,call,ATM,market,30.0,09:35,10:40,target,0.3
2026-03-09,TSLA,call,ATM,market,30.0,14:00,14:10,target,0.3
2026-03-09,TSLA,call,ATM,market,30.0,14:30,14:40,target,0.3
2026-03-09,TSLA,call,ATM,market,30.0,15:30,15:40,target,0.3
2026-03-10,TSLA,call,ATM,market,30.0,09:35,09:40,target,0.3
2026-03-10,TSLA,call,ATM,market,30.0,14:00,16:00,forced,-0.971
2026-03-11,TSLA,call,ATM,market,30.0,09:35,09:45,target,0.3
2026-03-11,TSLA,call,ATM,market,30.0,14:00,14:15,target,0.3
2026-03-11,TSLA,call,ATM,market,30.0,15:00,15:35,target,0.3
2026-03-12,TSLA,call,ATM,market,30.0,09:35,09:50,target,0.3
2026-03-12,TSLA,call,ATM,market,30.0,10:00,10:10,target,0.3
2026-03-12,TSLA,call,ATM,market,30.0,13:00,13:05,target,0.3
2026-03-13,TSLA,call,ATM,market,30.0,09:35,09:50,target,0.3
2026-03-13,TSLA,call,ATM,market,30.0,10:00,10:05,target,0.3
2026-03-13,TSLA,call,ATM,market,30.0,12:00,12:15,target,0.3
2026-02-16,TSLA,call,ATM,market,40.0,13:30,13:35,target,0.4
2026-02-16,TSLA,call,ATM,market,40.0,14:00,14:50,target,0.4
2026-02-16,TSLA,call,ATM,market,40.0,15:00,16:00,forced,-0.92481
2026-02-17,TSLA,call,ATM,market,40.0,13:30,13:35,target,0.4
2026-02-17,TSLA,call,ATM,market,40.0,15:00,15:10,target,0.4
2026-02-18,TSLA,call,ATM,market,40.0,10:00,10:05,target,0.4
2026-02-18,TSLA,call,ATM,market,40.0,14:00,15:15,target,0.4
2026-02-18,TSLA,call,ATM,market,40.0,15:30,15:35,target,0.4
2026-02-19,TSLA,call,ATM,market,40.0,10:00,10:05,target,0.4
2026-02-19,TSLA,call,ATM,market,40.0,10:30,10:50,target,0.4
2026-02-19,TSLA,call,ATM,market,40.0,15:00,16:00,forced,-0.8608
2026-02-20,TSLA,call,ATM,market,40.0,10:00,16:00,forced,-0.97336
2026-02-23,TSLA,call,ATM,market,40.0,10:00,10:20,target,0.4
2026-02-23,TSLA,call,ATM,market,40.0,10:30,11:15,target,0.4
2026-02-23,TSLA,call,ATM,market,40.0,11:30,11:40,target,0.4
2026-02-23,TSLA,call,ATM,market,40.0,12:00,12:05,target,0.4
2026-02-23,TSLA,call,ATM,market,40.0,12:30,12:55,target,0.4
2026-02-24,TSLA,call,ATM,market,40.0,13:30,13:45,target,0.4
2026-02-24,TSLA,call,ATM,market,40.0,14:00,14:05,target,0.4
2026-02-24,TSLA,call,ATM,market,40.0,15:00,15:05,target,0.4
2026-02-24,TSLA,call,ATM,market,40.0,15:30,16:00,forced,-0.78203
2026-02-25,TSLA,call,ATM,market,40.0,13:30,16:00,forced,-0.96471
2026-02-26,TSLA,call,ATM,market,40.0,13:30,13:35,target,0.4
2026-02-26,TSLA,call,ATM,market,40.0,14:30,15:00,target,0.4
2026-02-27,TSLA,call,ATM,market,40.0,13:30,13:55,target,0.4
2026-02-27,TSLA,call,ATM,market,40.0,14:00,14:15,target,0.4
2026-02-27,TSLA,call,ATM,market,40.0,15:00,15:55,target,0.4
2026-03-02,TSLA,call,ATM,market,40.0,13:30,14:00,target,0.4
2026-03-02,TSLA,call,ATM,market,40.0,14:00,14:20,target,0.4
2026-03-02,TSLA,call,ATM,market,40.0,14:30,14:35,target,0.4
2026-03-03,TSLA,call,ATM,market,40.0,13:30,16:00,forced,-0.95658
2026-03-04,TSLA,call,ATM,market,40.0,09:35,09:45,target,0.4
2026-03-04,TSLA,call,ATM,market,40.0,10:00,10:10,target,0.4
2026-03-04,TSLA,call,ATM,market,40.0,12:00,12:10,target,0.4
2026-03-05,TSLA,call,ATM,market,40.0,09:35,09:55,target,0.4
2026-03-05,TSLA,call,ATM,market,40.0,10:00,10:05,target,0.4
2026-03-05,TSLA,call,ATM,market,40.0,13:00,13:10,target,0.4
2026-03-06,TSLA,call,ATM,market,40.0,09:35,10:10,target,0.4
2026-03-06,TSLA,call,ATM,market,40.0,12:00,12:05,target,0.4
2026-03-09,TSLA,call,ATM,market,40.0,13:30,13:45,target,0.4
2026-03-09,TSLA,call,ATM,market,40.0,14:00,14:10,target,0.4
2026-03-09,TSLA,call,ATM,market,40.0,14:30,14:40,target,0.4
2026-03-09,TSLA,call,ATM,market,40.0,15:30,16:00,forced,-0.7467
2026-03-10,TSLA,call,ATM,market,40.0,13:30,16:00,forced,-0.92225
2026-03-11,TSLA,call,ATM,market,40.0,13:30,13:35,target,0.4
2026-03-11,TSLA,call,ATM,market,40.0,14:00,14:30,target,0.4
2026-03-11,TSLA,call,ATM,market,40.0,14:30,15:55,target,0.4
2026-03-12,TSLA,call,ATM,market,40.0,09:35,09:50,target,0.4
2026-03-12,TSLA,call,ATM,market,40.0,10:00,10:10,target,0.4
2026-03-12,TSLA,call,ATM,market,40.0,13:00,13:05,target,0.4
2026-03-13,TSLA,call,ATM,market,40.0,09:35,10:05,target,0.4
2026-03-13,TSLA,call,ATM,market,40.0,12:00,12:20,target,0.4
2026-02-16,TSLA,call,ATM,market,50.0,13:30,13:35,target,0.5
2026-02-16,TSLA,call,ATM,market,50.0,14:00,14:50,target,0.5
2026-02-16,TSLA,call,ATM,market,50.0,15:00,16:00,forced,-0.92481
2026-02-17,TSLA,call,ATM,market,50.0,13:30,13:35,target,0.5
2026-02-17,TSLA,call,ATM,market,50.0,15:00,15:15,target,0.5
2026-02-18,TSLA,call,ATM,market,50.0,10:00,10:05,target,0.5
2026-02-18,TSLA,call,ATM,market,50.0,14:00,15:15,target,0.5
2026-02-18,TSLA,call,ATM,market,50.0,15:30,15:35,target,0.5
2026-02-19,TSLA,call,ATM,market,50.0,10:00,10:10,target,0.5
2026-02-19,TSLA,call,ATM,market,50.0,15:00,16:00,forced,-0.8608
2026-02-20,TSLA,call,ATM,market,50.0,10:00,16:00,forced,-0.97336
2026-02-23,TSLA,call,ATM,market,50.0,10:00,12:05,target,0.5
2026-02-23,TSLA,call,ATM,market,50.0,12:30,12:55,target,0.5
2026-02-24,TSLA,call,ATM,market,50.0,13:30,13:45,target,0.5
2026-02-24,TSLA,call,ATM,market,50.0,14:00,14:50,target,0.5
2026-02-24,TSLA,call,ATM,market,50.0,15:00,15:05,target,0.5
2026-02-24,TSLA,call,ATM,market,50.0,15:30,16:00,forced,-0.78203
2026-02-25,TSLA,call,ATM,market,50.0,13:30,16:00,forced,-0.96471
2026-02-26,TSLA,call,ATM,market,50.0,13:30,13:55,target,0.5
2026-02-26,TSLA,call,ATM,market,50.0,14:30,15:00,target,0.5
2026-02-27,TSLA,call,ATM,market,50.0,13:30,13:55,target,0.5
2026-02-27,TSLA,call,ATM,market,50.0,14:00,14:15,target,0.5
2026-02-27,TSLA,call,ATM,market,50.0,15:00,15:55,target,0.5
2026-03-02,TSLA,call,ATM,market,50.0,14:00,14:20,target,0.5
2026-03-02,TSLA,call,ATM,market,50.0,14:30,14:35,target,0.5
2026-03-03,TSLA,call,ATM,market,50.0,14:00,16:00,forced,-0.89802
2026-03-04,TSLA,call,ATM,market,50.0,09:35,09:45,target,0.5
2026-03-04,TSLA,call,ATM,market,50.0,10:00,10:10,target,0.5
2026-03-04,TSLA,call,ATM,market,50.0,11:00,11:10,target,0.5
2026-03-04,TSLA,call,ATM,market,50.0,11:30,11:45,target,0.5
2026-03-04,TSLA,call,ATM,market,50.0,12:00,12:15,target,0.5
2026-03-05,TSLA,call,ATM,market,50.0,09:35,09:55,target,0.5
2026-03-05,TSLA,call,ATM,market,50.0,13:00,13:10,target,0.5
2026-03-06,TSLA,call,ATM,market,50.0,09:35,10:20,target,0.5
2026-03-06,TSLA,call,ATM,market,50.0,11:00,11:25,target,0.5
2026-03-06,TSLA,call,ATM,market,50.0,11:30,12:35,target,0.5
2026-03-09,TSLA,call,ATM,market,50.0,14:00,14:10,target,0.5
2026-03-09,TSLA,call,ATM,market,50.0,14:30,14:40,target,0.5
2026-03-09,TSLA,call,ATM,market,50.0,15:30,16:00,forced,-0.7467
2026-03-10,TSLA,call,ATM,market,50.0,14:00,16:00,forced,-0.971
2026-03-11,TSLA,call,ATM,market,50.0,14:00,15:55,target,0.5
2026-03-12,TSLA,call,ATM,market,50.0,09:35,10:05,target,0.5
2026-03-12,TSLA,call,ATM,market,50.0,13:00,13:05,target,0.5
2026-03-13,TSLA,call,ATM,market,50.0,09:35,10:05,target,0.5
2026-03-13,TSLA,call,ATM,market,50.0,11:00,12:20,target,0.5
2026-02-16,TSLA,call,ATM,market,60.0,13:30,13:35,target,0.6
2026-02-16,TSLA,call,ATM,market,60.0,14:00,14:50,target,0.6
2026-02-16,TSLA,call,ATM,market,60.0,15:00,16:00,forced,-0.92481
2026-02-17,TSLA,call,ATM,market,60.0,13:30,13:35,target,0.6
2026-02-17,TSLA,call,ATM,market,60.0,15:00,15:15,target,0.6
2026-02-18,TSLA,call,ATM,market,60.0,09:35,15:20,target,0.6
2026-02-18,TSLA,call,ATM,market,60.0,15:30,15:35,target,0.6
2026-02-19,TSLA,call,ATM,market,60.0,09:35,10:20,target,0.6
2026-02-19,TSLA,call,ATM,market,60.0,15:00,16:00,forced,-0.8608
2026-02-20,TSLA,call,ATM,market,60.0,09:35,16:00,forced,-0.9726
2026-02-23,TSLA,call,ATM,market,60.0,09:35,10:20,target,0.6
2026-02-23,TSLA,call,ATM,market,60.0,11:00,12:05,target,0.6
2026-02-23,TSLA,call,ATM,market,60.0,12:30,12:55,target,0.6
2026-02-24,TSLA,call,ATM,market,60.0,13:30,13:45,target,0.6
2026-02-24,TSLA,call,ATM,market,60.0,14:00,14:50,target,0.6
2026-02-24,TSLA,call,ATM,market,60.0,15:00,15:05,target,0.6
2026-02-24,TSLA,call,ATM,market,60.0,15:30,16:00,forced,-0.78203
2026-02-25,TSLA,call,ATM,market,60.0,13:30,16:00,forced,-0.96471
2026-02-26,TSLA,call,ATM,market,60.0,13:30,13:55,target,0.6
2026-02-26,TSLA,call,ATM,market,60.0,14:30,15:00,target,0.6
2026-02-27,TSLA,call,ATM,market,60.0,13:30,13:55,target,0.6
2026-02-27,TSLA,call,ATM,market,60.0,14:00,16:00,forced,-0.96777
2026-03-02,TSLA,call,ATM,market,60.0,13:30,14:00,target,0.6
2026-03-02,TSLA,call,ATM,market,60.0,14:00,14:20,target,0.6
2026-03-02,TSLA,call,ATM,market,60.0,14:30,14:35,target,0.6
2026-03-03,TSLA,call,ATM,market,60.0,13:30,16:00,forced,-0.95658
2026-03-04,TSLA,call,ATM,market,60.0,09:35,09:45,target,0.6
2026-03-04,TSLA,call,ATM,market,60.0,10:00,10:20,target,0.6
2026-03-04,TSLA,call,ATM,market,60.0,11:00,11:10,target,0.6
2026-03-04,TSLA,call,ATM,market,60.0,12:00,12:15,target,0.6
2026-03-05,TSLA,call,ATM,market,60.0,09:35,10:00,target,0.6
2026-03-05,TSLA,call,ATM,market,60.0,13:00,13:10,target,0.6
2026-03-06,TSLA,call,ATM,market,60.0,09:35,10:20,target,0.6
2026-03-06,TSLA,call,ATM,market,60.0,11:00,11:25,target,0.6
2026-03-06,TSLA,call,ATM,market,60.0,12:00,12:05,target,0.6
2026-03-09,TSLA,call,ATM,market,60.0,13:30,13:55,target,0.6
2026-03-09,TSLA,call,ATM,market,60.0,14:00,14:10,target,0.6
2026-03-09,TSLA,call,ATM,market,60.0,14:30,14:40,target,0.6
2026-03-09,TSLA,call,ATM,market,60.0,15:30,16:00,forced,-0.7467
2026-03-10,TSLA,call,ATM,market,60.0,13:30,16:00,forced,-0.92225
2026-03-11,TSLA,call,ATM,market,60.0,13:30,13:35,target,0.6
2026-03-11,TSLA,call,ATM,market,60.0,14:00,15:55,target,0.6
2026-03-12,TSLA,call,ATM,market,60.0,09:35,10:05,target,0.6
2026-03-12,TSLA,call,ATM,market,60.0,13:00,13:05,target,0.6
2026-03-13,TSLA,call,ATM,market,60.0,09:35,10:05,target,0.6
2026-03-13,TSLA,call,ATM,market,60.0,11:00,12:20,target,0.6
2026-02-16,TSLA,call,ATM,market,70.0,13:30,13:40,target,0.7
2026-02-16,TSLA,call,ATM,market,70.0,14:00,14:50,target,0.7
2026-02-16,TSLA,call,ATM,market,70.0,15:00,16:00,forced,-0.92481
2026-02-17,TSLA,call,ATM,market,70.0,13:30,13:35,target,0.7
2026-02-17,TSLA,call,ATM,market,70.0,15:00,15:15,target,0.7
2026-02-18,TSLA,call,ATM,market,70.0,09:35,15:20,target,0.7
2026-02-18,TSLA,call,ATM,market,70.0,15:30,15:35,target,0.7
2026-02-19,TSLA,call,ATM,market,70.0,09:35,10:20,target,0.7
2026-02-19,TSLA,call,ATM,market,70.0,15:00,16:00,forced,-0.8608
2026-02-20,TSLA,call,ATM,market,70.0,09:35,16:00,forced,-0.9726
2026-02-23,TSLA,call,ATM,market,70.0,09:35,12:05,target,0.7
2026-02-23,TSLA,call,ATM,market,70.0,12:30,12:55,target,0.7
2026-02-24,TSLA,call,ATM,market,70.0,13:30,13:45,target,0.7
2026-02-24,TSLA,call,ATM,market,70.0,14:00,14:50,target,0.7
2026-02-24,TSLA,call,ATM,market,70.0,15:00,15:25,target,0.7
2026-02-24,TSLA,call,ATM,market,70.0,15:30,16:00,forced,-0.78203
2026-02-25,TSLA,call,ATM,market,70.0,13:30,16:00,forced,-0.96471
2026-02-26,TSLA,call,ATM,market,70.0,13:30,14:00,target,0.7
2026-02-26,TSLA,call,ATM,market,70.0,14:30,15:00,target,0.7
2026-02-27,TSLA,call,ATM,market,70.0,13:30,14:00,target,0.7
2026-02-27,TSLA,call,ATM,market,70.0,14:00,16:00,forced,-0.96777
2026-03-02,TSLA,call,ATM,market,70.0,13:30,14:00,target,0.7
2026-03-02,TSLA,call,ATM,market,70.0,14:00,14:25,target,0.7
2026-03-02,TSLA,call,ATM,market,70.0,14:30,14:35,target,0.7
2026-03-03,TSLA,call,ATM,market,70.0,13:30,16:00,forced,-0.95658
2026-03-04,TSLA,call,ATM,market,70.0,09:35,09:50,target,0.7
2026-03-04,TSLA,call,ATM,market,70.0,10:00,10:20,target,0.7
2026-03-04,TSLA,call,ATM,market,70.0,11:00,11:10,target,0.7
2026-03-04,TSLA,call,ATM,market,70.0,12:00,12:15,target,0.7
2026-03-05,TSLA,call,ATM,market,70.0,09:35,10:00,target,0.7
2026-03-05,TSLA,call,ATM,market,70.0,13:00,13:10,target,0.7
2026-03-06,TSLA,call,ATM,market,70.0,09:35,10:20,target,0.7
2026-03-06,TSLA,call,ATM,market,70.0,11:00,11:25,target,0.7
2026-03-06,TSLA,call,ATM,market,70.0,12:00,12:05,target,0.7
2026-03-09,TSLA,call,ATM,market,70.0,13:30,14:05,target,0.7
2026-03-09,TSLA,call,ATM,market,70.0,14:30,14:40,target,0.7
2026-03-09,TSLA,call,ATM,market,70.0,15:30,16:00,forced,-0.7467
2026-03-10,TSLA,call,ATM,market,70.0,13:30,16:00,forced,-0.92225
2026-03-11,TSLA,call,ATM,market,70.0,13:30,13:40,target,0.7
2026-03-11,TSLA,call,ATM,market,70.0,14:00,15:55,target,0.7
2026-03-12,TSLA,call,ATM,market,70.0,09:35,10:05,target,0.7
2026-03-12,TSLA,call,ATM,market,70.0,13:00,13:05,target,0.7
2026-03-13,TSLA,call,ATM,market,70.0,09:35,10:15,target,0.7
2026-03-13,TSLA,call,ATM,market,70.0,11:00,12:35,target,0.7
2026-02-16,TSLA,call,ATM,market,75.0,13:30,13:40,target,0.75
2026-02-16,TSLA,call,ATM,market,75.0,15:00,16:00,forced,-0.92481
2026-02-17,TSLA,call,ATM,market,75.0,13:30,13:35,target,0.75
2026-02-17,TSLA,call,ATM,market,75.0,15:00,15:15,target,0.75
2026-02-18,TSLA,call,ATM,market,75.0,15:00,15:05,target,0.75
2026-02-18,TSLA,call,ATM,market,75.0,15:30,15:35,target,0.75
2026-02-19,TSLA,call,ATM,market,75.0,15:00,16:00,forced,-0.8608
2026-02-20,TSLA,call,ATM,market,75.0,15:00,16:00,forced,-0.94923
2026-02-23,TSLA,call,ATM,market,75.0,10:00,12:05,target,0.75
2026-02-23,TSLA,call,ATM,market,75.0,12:30,12:55,target,0.75
2026-02-24,TSLA,call,ATM,market,75.0,13:30,13:45,target,0.75
2026-02-24,TSLA,call,ATM,market,75.0,15:00,15:25,target,0.75
2026-02-24,TSLA,call,ATM,market,75.0,15:30,16:00,forced,-0.78203
2026-02-25,TSLA,call,ATM,market,75.0,13:30,16:00,forced,-0.96471
2026-02-26,TSLA,call,ATM,market,75.0,13:30,14:00,target,0.75
2026-02-26,TSLA,call,ATM,market,75.0,14:30,15:00,target,0.75
2026-02-27,TSLA,call,ATM,market,75.0,13:30,14:00,target,0.75
2026-02-27,TSLA,call,ATM,market,75.0,15:00,16:00,forced,-0.95612
2026-03-02,TSLA,call,ATM,market,75.0,13:30,14:00,target,0.75
2026-03-02,TSLA,call,ATM,market,75.0,14:00,14:25,target,0.75
2026-03-02,TSLA,call,ATM,market,75.0,14:30,14:35,target,0.75
2026-03-03,TSLA,call,ATM,market,75.0,13:30,16:00,forced,-0.95658
2026-03-04,TSLA,call,ATM,market,75.0,09:35,09:50,target,0.75
2026-03-04,TSLA,call,ATM,market,75.0,10:00,10:20,target,0.75
2026-03-04,TSLA,call,ATM,market,75.0,11:00,11:10,target,0.75
2026-03-04,TSLA,call,ATM,market,75.0,11:30,11:45,target,0.75
2026-03-04,TSLA,call,ATM,market,75.0,12:00,12:15,target,0.75
2026-03-05,TSLA,call,ATM,market,75.0,09:35,10:00,target,0.75
2026-03-05,TSLA,call,ATM,market,75.0,13:00,13:15,target,0.75
2026-03-06,TSLA,call,ATM,market,75.0,09:35,10:20,target,0.75
2026-03-06,TSLA,call,ATM,market,75.0,11:00,11:25,target,0.75
2026-03-06,TSLA,call,ATM,market,75.0,11:30,12:35,target,0.75
2026-03-09,TSLA,call,ATM,market,75.0,13:30,14:10,target,0.75
2026-03-09,TSLA,call,ATM,market,75.0,14:30,14:40,target,0.75
2026-03-09,TSLA,call,ATM,market,75.0,15:30,16:00,forced,-0.7467
2026-03-10,TSLA,call,ATM,market,75.0,13:30,16:00,forced,-0.92225
2026-03-11,TSLA,call,ATM,market,75.0,13:30,13:40,target,0.75
2026-03-11,TSLA,call,ATM,market,75.0,14:00,15:55,target,0.75
2026-03-12,TSLA,call,ATM,market,75.0,09:35,10:10,target,0.75
2026-03-12,TSLA,call,ATM,market,75.0,13:00,13:05,target,0.75
2026-03-13,TSLA,call,ATM,market,75.0,09:35,10:15,target,0.75
2026-03-13,TSLA,call,ATM,market,75.0,11:00,12:35,target,0.75
2026-02-16,TSLA,call,ATM,market,80.0,13:30,13:40,target,0.8
2026-02-16,TSLA,call,ATM,market,80.0,15:00,16:00,forced,-0.92481
2026-02-17,TSLA,call,ATM,market,80.0,13:30,13:35,target,0.8
2026-02-17,TSLA,call,ATM,market,80.0,15:00,15:15,target,0.8
2026-02-18,TSLA,call,ATM,market,80.0,15:00,15:05,target,0.8
2026-02-18,TSLA,call,ATM,market,80.0,15:30,15:35,target,0.8
2026-02-19,TSLA,call,ATM,market,80.0,15:00,16:00,forced,-0.8608
2026-02-20,TSLA,call,ATM,market,80.0,15:00,16:00,forced,-0.94923
2026-02-23,TSLA,call,ATM,market,80.0,10:00,12:05,target,0.8
2026-02-23,TSLA,call,ATM,market,80.0,12:30,12:55,target,0.8
2026-02-24,TSLA,call,ATM,market,80.0,13:30,13:50,target,0.8
2026-02-24,TSLA,call,ATM,market,80.0,15:00,15:25,target,0.8
2026-02-24,TSLA,call,ATM,market,80.0,15:30,16:00,forced,-0.78203
2026-02-25,TSLA,call,ATM,market,80.0,13:30,16:00,forced,-0.96471
2026-02-26,TSLA,call,ATM,market,80.0,13:30,14:00,target,0.8
2026-02-26,TSLA,call,ATM,market,80.0,14:30,15:00,target,0.8
2026-02-27,TSLA,call,ATM,market,80.0,13:30,14:00,target,0.8
2026-02-27,TSLA,call,ATM,market,80.0,15:00,16:00,forced,-0.95612
2026-03-02,TSLA,call,ATM,market,80.0,13:30,14:00,target,0.8
2026-03-02,TSLA,call,ATM,market,80.0,14:00,14:25,target,0.8
2026-03-02,TSLA,call,ATM,market,80.0,14:30,14:35,target,0.8
2026-03-03,TSLA,call,ATM,market,80.0,13:30,16:00,forced,-0.95658
2026-03-04,TSLA,call,ATM,market,80.0,09:35,09:50,target,0.8
2026-03-04,TSLA,call,ATM,market,80.0,10:00,10:20,target,0.8
2026-03-04,TSLA,call,ATM,market,80.0,11:00,11:10,target,0.8
2026-03-04,TSLA,call,ATM,market,80.0,11:30,11:45,target,0.8
2026-03-04,TSLA,call,ATM,market,80.0,12:00,12:20,target,0.8
2026-03-05,TSLA,call,ATM,market,80.0,09:35,10:05,target,0.8
2026-03-05,TSLA,call,ATM,market,80.0,13:00,13:15,target,0.8
2026-03-06,TSLA,call,ATM,market,80.0,09:35,10:25,target,0.8
2026-03-06,TSLA,call,ATM,market,80.0,11:00,11:25,target,0.8
2026-03-06,TSLA,call,ATM,market,80.0,11:30,12:40,target,0.8
2026-03-09,TSLA,call,ATM,market,80.0,13:30,14:10,target,0.8
2026-03-09,TSLA,call,ATM,market,80.0,14:30,14:40,target,0.8
2026-03-09,TSLA,call,ATM,market,80.0,15:30,16:00,forced,-0.7467
2026-03-10,TSLA,call,ATM,market,80.0,13:30,16:00,forced,-0.92225
2026-03-11,TSLA,call,ATM,market,80.0,13:30,13:40,target,0.8
2026-03-11,TSLA,call,ATM,market,80.0,14:00,15:55,target,0.8
2026-03-12,TSLA,call,ATM,market,80.0,09:35,10:10,target,0.8
2026-03-12,TSLA,call,ATM,market,80.0,13:00,13:05,target,0.8
2026-03-13,TSLA,call,ATM,market,80.0,09:35,10:15,target,0.8
2026-03-13,TSLA,call,ATM,market,80.0,11:00,12:35,target,0.8
2026-02-16,TSLA,call,ATM,market,90.0,13:30,13:40,target,0.9
2026-02-16,TSLA,call,ATM,market,90.0,15:00,16:00,forced,-0.92481
2026-02-17,TSLA,call,ATM,market,90.0,13:30,13:35,target,0.9
2026-02-17,TSLA,call,ATM,market,90.0,15:00,15:15,target,0.9
2026-02-18,TSLA,call,ATM,market,90.0,15:00,15:05,target,0.9
2026-02-18,TSLA,call,ATM,market,90.0,15:30,15:35,target,0.9
2026-02-19,TSLA,call,ATM,market,90.0,15:00,16:00,forced,-0.8608
2026-02-20,TSLA,call,ATM,market,90.0,15:00,16:00,forced,-0.94923
2026-02-23,TSLA,call,ATM,market,90.0,10:00,12:05,target,0.9
2026-02-23,TSLA,call,ATM,market,90.0,12:30,12:55,target,0.9
2026-02-24,TSLA,call,ATM,market,90.0,13:30,13:50,target,0.9
2026-02-24,TSLA,call,ATM,market,90.0,15:00,15:25,target,0.9
2026-02-24,TSLA,call,ATM,market,90.0,15:30,16:00,forced,-0.78203
2026-02-25,TSLA,call,ATM,market,90.0,13:30,16:00,forced,-0.96471
2026-02-26,TSLA,call,ATM,market,90.0,13:30,14:00,target,0.9
2026-02-26,TSLA,call,ATM,market,90.0,14:30,15:00,target,0.9
2026-02-27,TSLA,call,ATM,market,90.0,13:30,14:00,target,0.9
2026-02-27,TSLA,call,ATM,market,90.0,15:00,16:00,forced,-0.95612
2026-03-02,TSLA,call,ATM,market,90.0,13:30,14:00,target,0.9
2026-03-02,TSLA,call,ATM,market,90.0,14:00,14:25,target,0.9
2026-03-02,TSLA,call,ATM,market,90.0,14:30,14:35,target,0.9
2026-03-03,TSLA,call,ATM,market,90.0,13:30,16:00,forced,-0.95658
2026-03-04,TSLA,call,ATM,market,90.0,09:35,10:05,target,0.9
2026-03-04,TSLA,call,ATM,market,90.0,11:00,11:10,target,0.9
2026-03-04,TSLA,call,ATM,market,90.0,11:30,11:45,target,0.9
2026-03-04,TSLA,call,ATM,market,90.0,12:00,12:55,target,0.9
2026-03-05,TSLA,call,ATM,market,90.0,13:00,13:15,target,0.9
2026-03-06,TSLA,call,ATM,market,90.0,09:35,10:25,target,0.9
2026-03-06,TSLA,call,ATM,market,90.0,11:00,11:25,target,0.9
2026-03-06,TSLA,call,ATM,market,90.0,11:30,12:40,target,0.9
2026-03-09,TSLA,call,ATM,market,90.0,13:30,14:10,target,0.9
2026-03-09,TSLA,call,ATM,market,90.0,14:30,14:40,target,0.9
2026-03-09,TSLA,call,ATM,market,90.0,15:30,16:00,forced,-0.7467
2026-03-10,TSLA,call,ATM,market,90.0,13:30,16:00,forced,-0.92225
2026-03-11,TSLA,call,ATM,market,90.0,13:30,13:40,target,0.9
2026-03-11,TSLA,call,ATM,market,90.0,14:00,15:55,target,0.9
2026-03-12,TSLA,call,ATM,market,90.0,13:00,16:00,forced,-0.95292
2026-03-13,TSLA,call,ATM,market,90.0,09:35,10:15,target,0.9
2026-03-13,TSLA,call,ATM,market,90.0,11:00,12:35,target,0.9
2026-02-16,TSLA,call,ATM,market,100.0,13:30,13:40,target,1.0
2026-02-16,TSLA,call,ATM,market,100.0,15:00,16:00,forced,-0.92481
2026-02-17,TSLA,call,ATM,market,100.0,13:30,13:35,target,1.0
2026-02-17,TSLA,call,ATM,market,100.0,15:00,15:15,target,1.0
2026-02-18,TSLA,call,ATM,market,100.0,15:00,15:05,target,1.0
2026-02-18,TSLA,call,ATM,market,100.0,15:30,15:35,target,1.0
2026-02-19,TSLA,call,ATM,market,100.0,15:00,16:00,forced,-0.8608
2026-02-20,TSLA,call,ATM,market,100.0,15:00,16:00,forced,-0.94923
2026-02-23,TSLA,call,ATM,market,100.0,10:00,12:05,target,1.0
2026-02-23,TSLA,call,ATM,market,100.0,12:30,12:55,target,1.0
2026-02-24,TSLA,call,ATM,market,100.0,13:30,13:50,target,1.0
2026-02-24,TSLA,call,ATM,market,100.0,15:00,15:25,target,1.0
2026-02-24,TSLA,call,ATM,market,100.0,15:30,16:00,forced,-0.78203
2026-02-25,TSLA,call,ATM,market,100.0,13:30,16:00,forced,-0.96471
2026-02-26,TSLA,call,ATM,market,100.0,13:30,14:00,target,1.0
2026-02-26,TSLA,call,ATM,market,100.0,14:30,15:05,target,1.0
2026-02-27,TSLA,call,ATM,market,100.0,13:30,14:00,target,1.0
2026-02-27,TSLA,call,ATM,market,100.0,15:00,16:00,forced,-0.95612
2026-03-02,TSLA,call,ATM,market,100.0,13:30,14:00,target,1.0
2026-03-02,TSLA,call,ATM,market,100.0,14:00,14:25,target,1.0
2026-03-02,TSLA,call,ATM,market,100.0,14:30,14:40,target,1.0
2026-03-03,TSLA,call,ATM,market,100.0,13:30,16:00,forced,-0.95658
2026-03-04,TSLA,call,ATM,market,100.0,09:35,10:05,target,1.0
2026-03-04,TSLA,call,ATM,market,100.0,10:30,11:45,target,1.0
2026-03-04,TSLA,call,ATM,market,100.0,12:00,12:55,target,1.0
2026-03-05,TSLA,call,ATM,market,100.0,13:00,13:15,target,1.0
2026-03-06,TSLA,call,ATM,market,100.0,09:35,10:25,target,1.0
2026-03-06,TSLA,call,ATM,market,100.0,10:30,12:15,target,1.0
2026-03-09,TSLA,call,ATM,market,100.0,13:30,14:10,target,1.0
2026-03-09,TSLA,call,ATM,market,100.0,14:30,14:40,target,1.0
2026-03-09,TSLA,call,ATM,market,100.0,15:30,16:00,forced,-0.7467
2026-03-10,TSLA,call,ATM,market,100.0,13:30,16:00,forced,-0.92225
2026-03-11,TSLA,call,ATM,market,100.0,13:30,13:40,target,1.0
2026-03-11,TSLA,call,ATM,market,100.0,14:00,15:55,target,1.0
2026-03-12,TSLA,call,ATM,market,100.0,13:00,16:00,forced,-0.95292
2026-03-13,TSLA,call,ATM,market,100.0,09:35,10:15,target,1.0
2026-03-13,TSLA,call,ATM,market,100.0,10:30,12:20,target,1.0
2026-02-16,TSLA,call,OTM1,mid,20.0,10:00,10:30,target,0.2
2026-02-16,TSLA,call,OTM1,mid,20.0,10:30,10:35,target,0.2
2026-02-16,TSLA,call,OTM1,mid,20.0,13:30,13:35,target,0.2
2026-02-16,TSLA,call,OTM1,mid,20.0,14:00,14:50,target,0.2
2026-02-16,TSLA,call,OTM1,mid,20.0,15:00,16:00,forced,-0.19549
2026-02-17,TSLA,call,OTM1,mid,20.0,10:00,10:05,target,0.2
2026-02-17,TSLA,call,OTM1,mid,20.0,10:30,10:40,target,0.2
2026-02-17,TSLA,call,OTM1,mid,20.0,11:00,11:05,target,0.2
2026-02-17,TSLA,call,OTM1,mid,20.0,13:30,13:35,target,0.2
2026-02-18,TSLA,call,OTM1,mid,20.0,10:00,10:05,target,0.2
2026-02-18,TSLA,call,OTM1,mid,20.0,10:30,15:15,target,0.2
2026-02-19,TSLA,call,OTM1,mid,20.0,10:00,10:05,target,0.2
2026-02-19,TSLA,call,OTM1,mid,20.0,10:30,10:45,target,0.2
2026-02-19,TSLA,call,OTM1,mid,20.0,15:30,16:00,forced,0.0
2026-02-20,TSLA,call,OTM1,mid,20.0,10:00,16:00,forced,-0.91517
2026-02-23,TSLA,call,OTM1,mid,20.0,10:00,10:10,target,0.2
2026-02-23,TSLA,call,OTM1,mid,20.0,10:30,10:35,target,0.2
2026-02-23,TSLA,call,OTM1,mid,20.0,11:00,11:15,target,0.2
2026-02-23,TSLA,call,OTM1,mid,20.0,12:00,12:05,target,0.2
2026-02-24,TSLA,call,OTM1,mid,20.0,10:00,10:05,target,0.2
2026-02-24,TSLA,call,OTM1,mid,20.0,10:30,10:45,target,0.2
2026-02-24,TSLA,call,OTM1,mid,20.0,11:00,16:00,forced,-0.75143
2026-02-25,TSLA,call,OTM1,mid,20.0,10:00,16:00,forced,-0.87673
2026-02-26,TSLA,call,OTM1,mid,20.0,10:00,10:10,target,0.2
2026-02-26,TSLA,call,OTM1,mid,20.0,10:30,10:35,target,0.2
2026-02-26,TSLA,call,OTM1,mid,20.0,11:00,11:20,target,0.2
2026-02-26,TSLA,call,OTM1,mid,20.0,13:00,13:05,target,0.2
2026-02-27,TSLA,call,OTM1,mid,20.0,10:00,10:05,target,0.2
2026-02-27,TSLA,call,OTM1,mid,20.0,14:30,14:35,target,0.2
2026-02-27,TSLA,call,OTM1,mid,20.0,15:00,15:10,target,0.2
2026-02-27,TSLA,call,OTM1,mid,20.0,15:30,16:00,forced,0.0
2026-03-02,TSLA,call,OTM1,mid,20.0,10:00,10:05,target,0.2
2026-03-02,TSLA,call,OTM1,mid,20.0,14:00,14:10,target,0.2
2026-03-03,TSLA,call,OTM1,mid,20.0,10:00,10:05,target,0.2
2026-03-03,TSLA,call,OTM1,mid,20.0,14:00,16:00,forced,0.0
2026-03-04,TSLA,call,OTM1,mid,20.0,10:00,10:05,target,0.2
2026-03-04,TSLA,call,OTM1,mid,20.0,11:00,11:05,target,0.2
2026-03-05,TSLA,call,OTM1,mid,20.0,10:00,10:05,target,0.2
2026-03-05,TSLA,call,OTM1,mid,20.0,11:00,11:05,target,0.2
2026-03-06,TSLA,call,OTM1,mid,20.0,10:00,10:05,target,0.2
2026-03-06,TSLA,call,OTM1,mid,20.0,11:00,11:05,target,0.2
2026-03-09,TSLA,call,OTM1,mid,20.0,10:00,10:20,target,0.2
2026-03-09,TSLA,call,OTM1,mid,20.0,14:00,14:05,target,0.2
2026-03-09,TSLA,call,OTM1,mid,20.0,14:30,14:40,target,0.2
2026-03-10,TSLA,call,OTM1,mid,20.0,10:00,10:10,target,0.2
2026-03-10,TSLA,call,OTM1,mid,20.0,14:00,14:05,target,0.2
2026-03-10,TSLA,call,OTM1,mid,20.0,14:30,16:00,forced,-0.70588
2026-03-11,TSLA,call,OTM1,mid,20.0,10:00,10:05,target,0.2
2026-03-11,TSLA,call,OTM1,mid,20.0,14:00,16:00,forced,0.0
2026-03-12,TSLA,call,OTM1,mid,20.0,10:00,10:05,target,0.2
2026-03-12,TSLA,call,OTM1,mid,20.0,14:00,16:00,forced,0.0
2026-03-13,TSLA,call,OTM1,mid,20.0,10:00,10:05,target,0.2
2026-02-16,TSLA,call,OTM1,mid,25.0,10:00,10:30,target,0.25
2026-02-16,TSLA,call,OTM1,mid,25.0,10:30,10:35,target,0.25
2026-02-16,TSLA,call,OTM1,mid,25.0,13:30,13:35,target,0.25
2026-02-16,TSLA,call,OTM1,mid,25.0,14:00,14:50,target,0.25
2026-02-16,TSLA,call,OTM1,mid,25.0,15:00,16:00,forced,-0.19549
2026-02-17,TSLA,call,OTM1,mid,25.0,10:00,10:05,target,0.25
2026-02-17,TSLA,call,OTM1,mid,25.0,11:00,11:05,target,0.25
2026-02-17,TSLA,call,OTM1,mid,25.0,13:30,13:35,target,0.25
2026-02-18,TSLA,call,OTM1,mid,25.0,10:00,10:05,target,0.25
2026-02-18,TSLA,call,OTM1,mid,25.0,11:00,11:05,target,0.25
2026-02-18,TSLA,call,OTM1,mid,25.0,14:00,14:15,target,0.25
2026-02-18,TSLA,call,OTM1,mid,25.0,14:30,14:35,target,0.25
2026-02-18,TSLA,call,OTM1,mid,25.0,15:00,15:05,target,0.25
2026-02-19,TSLA,call,OTM1,mid,25.0,10:00,10:05,target,0.25
2026-02-19,TSLA,call,OTM1,mid,25.0,10:30,10:45,target,0.25
2026-02-19,TSLA,call,OTM1,mid,25.0,15:30,16:00,forced,0.0
2026-02-20,TSLA,call,OTM1,mid,25.0,10:00,16:00,forced,-0.91517
2026-02-23,TSLA,call,OTM1,mid,25.0,10:00,10:10,target,0.25
2026-02-23,TSLA,call,OTM1,mid,25.0,11:00,11:15,target,0.25
2026-02-23,TSLA,call,OTM1,mid,25.0,12:00,12:05,target,0.25
2026-02-24,TSLA,call,OTM1,mid,25.0,10:00,10:05,target,0.25
2026-02-24,TSLA,call,OTM1,mid,25.0,11:00,16:00,forced,-0.75143
2026-02-25,TSLA,call,OTM1,mid,25.0,10:00,16:00,forced,-0.87673
2026-02-26,TSLA,call,OTM1,mid,25.0,10:00,10:10,target,0.25
2026-02-26,TSLA,call,OTM1,mid,25.0,11:00,11:25,target,0.25
2026-02-26,TSLA,call,OTM1,mid,25.0,13:00,13:05,target,0.25
2026-02-27,TSLA,call,OTM1,mid,25.0,10:00,10:05,target,0.25
2026-02-27,TSLA,call,OTM1,mid,25.0,14:30,14:35,target,0.25
2026-02-27,TSLA,call,OTM1,mid,25.0,15:00,15:10,target,0.25
2026-02-27,TSLA,call,OTM1,mid,25.0,15:30,16:00,forced,0.0
2026-03-02,TSLA,call,OTM1,mid,25.0,10:00,10:05,target,0.25
2026-03-02,TSLA,call,OTM1,mid,25.0,14:00,14:10,target,0.25
2026-03-03,TSLA,call,OTM1,mid,25.0,10:00,10:05,target,0.25
2026-03-03,TSLA,call,OTM1,mid,25.0,14:00,16:00,forced,0.0
2026-03-04,TSLA,call,OTM1,mid,25.0,10:00,10:05,target,0.25
2026-03-04,TSLA,call,OTM1,mid,25.0,10:30,10:35,target,0.25
2026-03-04,TSLA,call,OTM1,mid,25.0,11:00,11:05,target,0.25
2026-03-05,TSLA,call,OTM1,mid,25.0,10:00,10:05,target,0.25
2026-03-05,TSLA,call,OTM1,mid,25.0,10:30,11:15,target,0.25
2026-03-06,TSLA,call,OTM1,mid,25.0,10:00,10:05,target,0.25
2026-03-06,TSLA,call,OTM1,mid,25.0,10:30,11:25,target,0.25
2026-03-09,TSLA,call,OTM1,mid,25.0,10:00,10:20,target,0.25
2026-03-09,TSLA,call,OTM1,mid,25.0,14:00,14:05,target,0.25
2026-03-09,TSLA,call,OTM1,mid,25.0,14:30,14:40,target,0.25
2026-03-10,TSLA,call,OTM1,mid,25.0,10:00,10:10,target,0.25
2026-03-10,TSLA,call,OTM1,mid,25.0,14:00,14:05,target,0.25
2026-03-10,TSLA,call,OTM1,mid,25.0,14:30,16:00,forced,-0.70588
2026-03-11,TSLA,call,OTM1,mid,25.0,10:00,10:05,target,0.25
2026-03-11,TSLA,call,OTM1,mid,25.0,14:00,16:00,forced,0.0
2026-03-12,TSLA,call,OTM1,mid,25.0,10:00,10:05,target,0.25
2026-03-12,TSLA,call,OTM1,mid,25.0,14:00,16:00,forced,0.0
2026-03-13,TSLA,call,OTM1,mid,25.0,10:00,10:05,target,0.25
2026-02-16,TSLA,call,OTM1,mid,30.0,10:00,10:30,target,0.3
2026-02-16,TSLA,call,OTM1,mid,30.0,10:30,10:35,target,0.3
2026-02-16,TSLA,call,OTM1,mid,30.0,13:30,13:35,target,0.3
2026-02-16,TSLA,call,OTM1,mid,30.0,14:00,14:50,target,0.3
2026-02-16,TSLA,call,OTM1,mid,30.0,15:00,16:00,forced,-0.19549
2026-02-17,TSLA,call,OTM1,mid,30.0,10:00,10:05,target,0.3
2026-02-17,TSLA,call,OTM1,mid,30.0,11:00,11:05,target,0.3
2026-02-17,TSLA,call,OTM1,mid,30.0,13:30,13:35,target,0.3
2026-02-18,TSLA,call,OTM1,mid,30.0,10:00,10:05,target,0.3
2026-02-18,TSLA,call,OTM1,mid,30.0,11:00,11:05,target,0.3
2026-02-18,TSLA,call,OTM1,mid,30.0,14:00,14:15,target,0.3
2026-02-18,TSLA,call,OTM1,mid,30.0,14:30,14:35,target,0.3
2026-02-18,TSLA,call,OTM1,mid,30.0,15:00,15:05,target,0.3
2026-02-19,TSLA,call,OTM1,mid,30.0,10:00,10:05,target,0.3
2026-02-19,TSLA,call,OTM1,mid,30.0,10:30,10:45,target,0.3
2026-02-19,TSLA,call,OTM1,mid,30.0,15:30,16:00,forced,0.0
2026-02-20,TSLA,call,OTM1,mid,30.0,10:00,16:00,forced,-0.91517
2026-02-23,TSLA,call,OTM1,mid,30.0,10:00,10:10,target,0.3
2026-02-23,TSLA,call,OTM1,mid,30.0,11:00,11:15,target,0.3
2026-02-23,TSLA,call,OTM1,mid,30.0,12:00,12:05,target,0.3
2026-02-24,TSLA,call,OTM1,mid,30.0,10:00,10:05,target,0.3
2026-02-24,TSLA,call,OTM1,mid,30.0,11:00,16:00,forced,-0.75143
2026-02-25,TSLA,call,OTM1,mid,30.0,10:00,16:00,forced,-0.87673
2026-02-26,TSLA,call,OTM1,mid,30.0,10:00,10:10,target,0.3
2026-02-26,TSLA,call,OTM1,mid,30.0,11:00,11:25,target,0.3
2026-02-26,TSLA,call,OTM1,mid,30.0,11:30,11:55,target,0.3
2026-02-26,TSLA,call,OTM1,mid,30.0,13:00,13:05,target,0.3
2026-02-27,TSLA,call,OTM1,mid,30.0,10:00,10:05,target,0.3
2026-02-27,TSLA,call,OTM1,mid,30.0,14:30,14:35,target,0.3
2026-02-27,TSLA,call,OTM1,mid,30.0,15:00,15:10,target,0.3
2026-02-27,TSLA,call,OTM1,mid,30.0,15:30,16:00,forced,0.0
2026-03-02,TSLA,call,OTM1,mid,30.0,10:00,10:05,target,0.3
2026-03-02,TSLA,call,OTM1,mid,30.0,14:00,14:10,target,0.3
2026-03-03,TSLA,call,OTM1,mid,30.0,10:00,10:05,target,0.3
2026-03-03,TSLA,call,OTM1,mid,30.0,14:00,16:00,forced,0.0
2026-03-04,TSLA,call,OTM1,mid,30.0,10:00,10:05,target,0.3
2026-03-04,TSLA,call,OTM1,mid,30.0,10:30,10:35,target,0.3
2026-03-04,TSLA,call,OTM1,mid,30.0,11:00,11:05,target,0.3
2026-03-05,TSLA,call,OTM1,mid,30.0,10:00,10:05,target,0.3
2026-03-05,TSLA,call,OTM1,mid,30.0,10:30,11:15,target,0.3
2026-03-06,TSLA,call,OTM1,mid,30.0,10:00,10:05,target,0.3
2026-03-06,TSLA,call,OTM1,mid,30.0,10:30,11:25,target,0.3
2026-03-09,TSLA,call,OTM1,mid,30.0,10:00,10:20,target,0.3
2026-03-09,TSLA,call,OTM1,mid,30.0,14:00,14:05,target,0.3
2026-03-09,TSLA,call,OTM1,mid,30.0,14:30,14:40,target,0.3
2026-03-10,TSLA,call,OTM1,mid,30.0,10:00,10:10,target,0.3
2026-03-10,TSLA,call,OTM1,mid,30.0,14:00,14:05,target,0.3
2026-03-10,TSLA,call,OTM1,mid,30.0,14:30,16:00,forced,-0.70588
2026-03-11,TSLA,call,OTM1,mid,30.0,10:00,10:05,target,0.3
2026-03-11,TSLA,call,OTM1,mid,30.0,14:00,16:00,forced,0.0
2026-03-12,TSLA,call,OTM1,mid,30.0,10:00,10:05,target,0.3
2026-03-12,TSLA,call,OTM1,mid,30.0,14:00,16:00,forced,0.0
2026-03-13,TSLA,call,OTM1,mid,30.0,10:00,10:05,target,0.3
2026-02-16,TSLA,call,OTM1,mid,40.0,10:00,10:30,target,0.4
2026-02-16,TSLA,call,OTM1,mid,40.0,13:30,13:35,target,0.4
2026-02-16,TSLA,call,OTM1,mid,40.0,14:00,14:50,target,0.4
2026-02-16,TSLA,call,OTM1,mid,40.0,15:00,16:00,forced,-0.19549
2026-02-17,TSLA,call,OTM1,mid,40.0,10:00,10:05,target,0.4
2026-02-17,TSLA,call,OTM1,mid,40.0,13:30,13:35,target,0.4
2026-02-18,TSLA,call,OTM1,mid,40.0,10:00,10:05,target,0.4
2026-02-18,TSLA,call,OTM1,mid,40.0,14:00,15:15,target,0.4
2026-02-19,TSLA,call,OTM1,mid,40.0,10:00,10:05,target,0.4
2026-02-19,TSLA,call,OTM1,mid,40.0,10:30,10:45,target,0.4
2026-02-19,TSLA,call,OTM1,mid,40.0,15:30,16:00,forced,0.0
2026-02-20,TSLA,call,OTM1,mid,40.0,10:00,16:00,forced,-0.91517
2026-02-23,TSLA,call,OTM1,mid,40.0,10:00,10:15,target,0.4
2026-02-23,TSLA,call,OTM1,mid,40.0,10:30,10:35,target,0.4
2026-02-23,TSLA,call,OTM1,mid,40.0,11:00,11:20,target,0.4
2026-02-23,TSLA,call,OTM1,mid,40.0,12:00,12:05,target,0.4
2026-02-24,TSLA,call,OTM1,mid,40.0,10:00,10:05,target,0.4
2026-02-24,TSLA,call,OTM1,mid,40.0,13:30,13:40,target,0.4
2026-02-24,TSLA,call,OTM1,mid,40.0,14:00,14:05,target,0.4
2026-02-24,TSLA,call,OTM1,mid,40.0,14:30,14:40,target,0.4
2026-02-24,TSLA,call,OTM1,mid,40.0,15:00,16:00,forced,0.0
2026-02-25,TSLA,call,OTM1,mid,40.0,10:00,16:00,forced,-0.87673
2026-02-26,TSLA,call,OTM1,mid,40.0,10:00,10:35,target,0.4
2026-02-26,TSLA,call,OTM1,mid,40.0,11:00,11:25,target,0.4
2026-02-26,TSLA,call,OTM1,mid,40.0,11:30,11:55,target,0.4
2026-02-26,TSLA,call,OTM1,mid,40.0,13:00,13:05,target,0.4
2026-02-27,TSLA,call,OTM1,mid,40.0,10:00,10:05,target,0.4
2026-02-27,TSLA,call,OTM1,mid,40.0,14:30,14:35,target,0.4
2026-02-27,TSLA,call,OTM1,mid,40.0,15:00,15:10,target,0.4
2026-02-27,TSLA,call,OTM1,mid,40.0,15:30,16:00,forced,0.0
2026-03-02,TSLA,call,OTM1,mid,40.0,14:00,14:10,target,0.4
2026-03-03,TSLA,call,OTM1,mid,40.0,14:00,16:00,forced,0.0
2026-03-04,TSLA,call,OTM1,mid,40.0,10:00,10:05,target,0.4
2026-03-04,TSLA,call,OTM1,mid,40.0,10:30,10:35,target,0.4
2026-03-04,TSLA,call,OTM1,mid,40.0,11:00,11:05,target,0.4
2026-03-05,TSLA,call,OTM1,mid,40.0,10:00,10:05,target,0.4
2026-03-05,TSLA,call,OTM1,mid,40.0,10:30,11:15,target,0.4
2026-03-06,TSLA,call,OTM1,mid,40.0,10:00,10:05,target,0.4
2026-03-06,TSLA,call,OTM1,mid,40.0,10:30,11:25,target,0.4
2026-03-09,TSLA,call,OTM1,mid,40.0,14:00,14:10,target,0.4
2026-03-09,TSLA,call,OTM1,mid,40.0,14:30,14:40,target,0.4
2026-03-10,TSLA,call,OTM1,mid,40.0,14:00,16:00,forced,-0.85262
2026-03-11,TSLA,call,OTM1,mid,40.0,14:00,16:00,forced,0.0
2026-03-12,TSLA,call,OTM1,mid,40.0,14:00,16:00,forced,0.0
2026-03-13,TSLA,call,OTM1,mid,40.0,10:00,10:05,target,0.4
2026-02-16,TSLA,call,OTM1,mid,50.0,10:00,10:30,target,0.5
2026-02-16,TSLA,call,OTM1,mid,50.0,13:30,13:35,target,0.5
2026-02-16,TSLA,call,OTM1,mid,50.0,14:00,14:50,target,0.5
2026-02-16,TSLA,call,OTM1,mid,50.0,15:00,16:00,forced,-0.19549
2026-02-17,TSLA,call,OTM1,mid,50.0,10:00,10:10,target,0.5
2026-02-17,TSLA,call,OTM1,mid,50.0,13:30,13:35,target,0.5
2026-02-18,TSLA,call,OTM1,mid,50.0,10:00,10:05,target,0.5
2026-02-18,TSLA,call,OTM1,mid,50.0,14:00,15:15,target,0.5
2026-02-19,TSLA,call,OTM1,mid,50.0,10:00,10:05,target,0.5
2026-02-19,TSLA,call,OTM1,mid,50.0,10:30,10:50,target,0.5
2026-02-19,TSLA,call,OTM1,mid,50.0,15:30,16:00,forced,0.0
2026-02-20,TSLA,call,OTM1,mid,50.0,10:00,16:00,forced,-0.91517
2026-02-23,TSLA,call,OTM1,mid,50.0,10:00,10:20,target,0.5
2026-02-23,TSLA,call,OTM1,mid,50.0,10:30,10:55,target,0.5
2026-02-23,TSLA,call,OTM1,mid,50.0,12:00,12:05,target,0.5
2026-02-24,TSLA,call,OTM1,mid,50.0,10:00,10:05,target,0.5
2026-02-24,TSLA,call,OTM1,mid,50.0,13:30,13:45,target,0.5
2026-02-24,TSLA,call,OTM1,mid,50.0,14:00,14:05,target,0.5
2026-02-24,TSLA,call,OTM1,mid,50.0,14:30,14:40,target,0.5
2026-02-24,TSLA,call,OTM1,mid,50.0,15:00,16:00,forced,0.0
2026-02-25,TSLA,call,OTM1,mid,50.0,10:00,16:00,forced,-0.87673
2026-02-26,TSLA,call,OTM1,mid,50.0,10:00,10:35,target,0.5
2026-02-26,TSLA,call,OTM1,mid,50.0,13:00,13:05,target,0.5
2026-02-27,TSLA,call,OTM1,mid,50.0,10:00,10:05,target,0.5
2026-02-27,TSLA,call,OTM1,mid,50.0,14:30,14:35,target,0.5
2026-02-27,TSLA,call,OTM1,mid,50.0,15:00,16:00,forced,-0.03754
2026-03-02,TSLA,call,OTM1,mid,50.0,14:00,14:20,target,0.5
2026-03-03,TSLA,call,OTM1,mid,50.0,14:00,16:00,forced,0.0
2026-03-04,TSLA,call,OTM1,mid,50.0,10:00,10:10,target,0.5
2026-03-04,TSLA,call,OTM1,mid,50.0,10:30,11:10,target,0.5
2026-03-05,TSLA,call,OTM1,mid,50.0,10:00,10:05,target,0.5
2026-03-05,TSLA,call,OTM1,mid,50.0,10:30,11:20,target,0.5
2026-03-06,TSLA,call,OTM1,mid,50.0,10:00,10:05,target,0.5
2026-03-06,TSLA,call,OTM1,mid,50.0,10:30,11:25,target,0.5
2026-03-09,TSLA,call,OTM1,mid,50.0,14:00,14:10,target,0.5
2026-03-09,TSLA,call,OTM1,mid,50.0,14:30,14:40,target,0.5
2026-03-10,TSLA,call,OTM1,mid,50.0,14:00,16:00,forced,-0.85262
2026-03-11,TSLA,call,OTM1,mid,50.0,14:00,16:00,forced,0.0
2026-03-12,TSLA,call,OTM1,mid,50.0,14:00,16:00,forced,0.0
2026-03-13,TSLA,call,OTM1,mid,50.0,10:00,10:05,target,0.5
2026-02-16,TSLA,call,OTM1,mid,60.0,10:00,10:30,target,0.6
2026-02-16,TSLA,call,OTM1,mid,60.0,13:30,13:35,target,0.6
2026-02-16,TSLA,call,OTM1,mid,60.0,14:00,14:50,target,0.6
2026-02-16,TSLA,call,OTM1,mid,60.0,15:00,16:00,forced,-0.19549
2026-02-17,TSLA,call,OTM1,mid,60.0,10:00,10:10,target,0.6
2026-02-17,TSLA,call,OTM1,mid,60.0,13:30,13:35,target,0.6
2026-02-18,TSLA,call,OTM1,mid,60.0,10:00,10:05,target,0.6
2026-02-18,TSLA,call,OTM1,mid,60.0,10:30,15:20,target,0.6
2026-02-19,TSLA,call,OTM1,mid,60.0,10:00,10:05,target,0.6
2026-02-19,TSLA,call,OTM1,mid,60.0,10:30,10:50,target,0.6
2026-02-19,TSLA,call,OTM1,mid,60.0,15:30,16:00,forced,0.0
2026-02-20,TSLA,call,OTM1,mid,60.0,10:00,16:00,forced,-0.91517
2026-02-23,TSLA,call,OTM1,mid,60.0,10:00,10:20,target,0.6
2026-02-23,TSLA,call,OTM1,mid,60.0,10:30,11:15,target,0.6
2026-02-23,TSLA,call,OTM1,mid,60.0,11:30,11:40,target,0.6
2026-02-23,TSLA,call,OTM1,mid,60.0,12:00,12:05,target,0.6
2026-02-24,TSLA,call,OTM1,mid,60.0,10:00,10:05,target,0.6
2026-02-24,TSLA,call,OTM1,mid,60.0,13:30,13:45,target,0.6
2026-02-24,TSLA,call,OTM1,mid,60.0,14:00,14:05,target,0.6
2026-02-24,TSLA,call,OTM1,mid,60.0,14:30,14:40,target,0.6
2026-02-24,TSLA,call,OTM1,mid,60.0,15:00,16:00,forced,0.0
2026-02-25,TSLA,call,OTM1,mid,60.0,10:00,16:00,forced,-0.87673
2026-02-26,TSLA,call,OTM1,mid,60.0,10:00,10:35,target,0.6
2026-02-26,TSLA,call,OTM1,mid,60.0,13:00,13:05,target,0.6
2026-02-27,TSLA,call,OTM1,mid,60.0,10:00,10:05,target,0.6
2026-02-27,TSLA,call,OTM1,mid,60.0,14:30,14:35,target,0.6
2026-02-27,TSLA,call,OTM1,mid,60.0,15:00,16:00,forced,-0.03754
2026-03-02,TSLA,call,OTM1,mid,60.0,14:00,14:20,target,0.6
2026-03-03,TSLA,call,OTM1,mid,60.0,14:00,16:00,forced,0.0
2026-03-04,TSLA,call,OTM1,mid,60.0,10:00,10:10,target,0.6
2026-03-04,TSLA,call,OTM1,mid,60.0,10:30,11:30,target,0.6
2026-03-05,TSLA,call,OTM1,mid,60.0,10:00,10:05,target,0.6
2026-03-05,TSLA,call,OTM1,mid,60.0,10:30,11:20,target,0.6
2026-03-06,TSLA,call,OTM1,mid,60.0,10:00,10:05,target,0.6
2026-03-06,TSLA,call,OTM1,mid,60.0,10:30,11:25,target,0.6
2026-03-09,TSLA,call,OTM1,mid,60.0,14:00,14:10,target,0.6
2026-03-09,TSLA,call,OTM1,mid,60.0,14:30,14:40,target,0.6
2026-03-10,TSLA,call,OTM1,mid,60.0,14:00,16:00,forced,-0.85262
2026-03-11,TSLA,call,OTM1,mid,60.0,14:00,16:00,forced,0.0
2026-03-12,TSLA,call,OTM1,mid,60.0,14:00,16:00,forced,0.0
2026-03-13,TSLA,call,OTM1,mid,60.0,10:00,10:05,target,0.6
2026-02-16,TSLA,call,OTM1,mid,70.0,10:00,10:30,target,0.7
2026-02-16,TSLA,call,OTM1,mid,70.0,13:30,13:35,target,0.7
2026-02-16,TSLA,call,OTM1,mid,70.0,14:00,14:50,target,0.7
2026-02-16,TSLA,call,OTM1,mid,70.0,15:00,16:00,forced,-0.19549
2026-02-17,TSLA,call,OTM1,mid,70.0,10:00,10:10,target,0.7
2026-02-17,TSLA,call,OTM1,mid,70.0,13:30,13:35,target,0.7
2026-02-18,TSLA,call,OTM1,mid,70.0,10:00,10:05,target,0.7
2026-02-18,TSLA,call,OTM1,mid,70.0,14:00,15:15,target,0.7
2026-02-19,TSLA,call,OTM1,mid,70.0,10:00,10:05,target,0.7
2026-02-19,TSLA,call,OTM1,mid,70.0,10:30,10:50,target,0.7
2026-02-19,TSLA,call,OTM1,mid,70.0,15:30,16:00,forced,0.0
2026-02-20,TSLA,call,OTM1,mid,70.0,10:00,16:00,forced,-0.91517
2026-02-23,TSLA,call,OTM1,mid,70.0,10:00,10:20,target,0.7
2026-02-23,TSLA,call,OTM1,mid,70.0,10:30,11:15,target,0.7
2026-02-23,TSLA,call,OTM1,mid,70.0,11:30,11:40,target,0.7
2026-02-23,TSLA,call,OTM1,mid,70.0,12:00,12:05,target,0.7
2026-02-24,TSLA,call,OTM1,mid,70.0,10:00,10:05,target,0.7
2026-02-24,TSLA,call,OTM1,mid,70.0,13:30,13:45,target,0.7
2026-02-24,TSLA,call,OTM1,mid,70.0,14:00,14:05,target,0.7
2026-02-24,TSLA,call,OTM1,mid,70.0,14:30,14:50,target,0.7
2026-02-24,TSLA,call,OTM1,mid,70.0,15:00,16:00,forced,0.0
2026-02-25,TSLA,call,OTM1,mid,70.0,10:00,16:00,forced,-0.87673
2026-02-26,TSLA,call,OTM1,mid,70.0,10:00,10:35,target,0.7
2026-02-26,TSLA,call,OTM1,mid,70.0,13:00,13:05,target,0.7
2026-02-27,TSLA,call,OTM1,mid,70.0,10:00,10:05,target,0.7
2026-02-27,TSLA,call,OTM1,mid,70.0,14:30,14:35,target,0.7
2026-02-27,TSLA,call,OTM1,mid,70.0,15:00,16:00,forced,-0.03754
2026-03-02,TSLA,call,OTM1,mid,70.0,14:00,14:20,target,0.7
2026-03-03,TSLA,call,OTM1,mid,70.0,14:00,16:00,forced,0.0
2026-03-04,TSLA,call,OTM1,mid,70.0,10:00,10:10,target,0.7
2026-03-04,TSLA,call,OTM1,mid,70.0,11:00,11:10,target,0.7
2026-03-05,TSLA,call,OTM1,mid,70.0,10:00,10:05,target,0.7
2026-03-05,TSLA,call,OTM1,mid,70.0,11:00,11:15,target,0.7
2026-03-06,TSLA,call,OTM1,mid,70.0,10:00,10:05,target,0.7
2026-03-06,TSLA,call,OTM1,mid,70.0,11:00,11:25,target,0.7
2026-03-09,TSLA,call,OTM1,mid,70.0,14:00,14:10,target,0.7
2026-03-09,TSLA,call,OTM1,mid,70.0,14:30,14:40,target,0.7
2026-03-10,TSLA,call,OTM1,mid,70.0,14:00,16:00,forced,-0.85262
2026-03-11,TSLA,call,OTM1,mid,70.0,14:00,16:00,forced,0.0
2026-03-12,TSLA,call,OTM1,mid,70.0,14:00,16:00,forced,0.0
2026-03-13,TSLA,call,OTM1,mid,70.0,10:00,10:05,target,0.7
2026-02-16,TSLA,call,OTM1,mid,75.0,13:30,13:35,target,0.75
2026-02-16,TSLA,call,OTM1,mid,75.0,14:00,14:50,target,0.75
2026-02-16,TSLA,call,OTM1,mid,75.0,15:00,16:00,forced,-0.19549
2026-02-17,TSLA,call,OTM1,mid,75.0,13:30,13:35,target,0.75
2026-02-18,TSLA,call,OTM1,mid,75.0,10:00,10:05,target,0.75
2026-02-18,TSLA,call,OTM1,mid,75.0,14:00,15:15,target,0.75
2026-02-19,TSLA,call,OTM1,mid,75.0,10:00,10:05,target,0.75
2026-02-19,TSLA,call,OTM1,mid,75.0,10:30,10:50,target,0.75
2026-02-19,TSLA,call,OTM1,mid,75.0,15:30,16:00,forced,0.0
2026-02-20,TSLA,call,OTM1,mid,75.0,13:30,13:35,target,0.75
2026-02-20,TSLA,call,OTM1,mid,75.0,14:00,14:15,target,0.75
2026-02-20,TSLA,call,OTM1,mid,75.0,14:30,14:35,target,0.75
2026-02-20,TSLA,call,OTM1,mid,75.0,15:00,16:00,forced,0.0
2026-02-23,TSLA,call,OTM1,mid,75.0,10:00,10:20,target,0.75
2026-02-23,TSLA,call,OTM1,mid,75.0,10:30,11:15,target,0.75
2026-02-23,TSLA,call,OTM1,mid,75.0,12:00,12:05,target,0.75
2026-02-24,TSLA,call,OTM1,mid,75.0,13:30,13:45,target,0.75
2026-02-24,TSLA,call,OTM1,mid,75.0,14:00,14:05,target,0.75
2026-02-24,TSLA,call,OTM1,mid,75.0,14:30,14:50,target,0.75
2026-02-24,TSLA,call,OTM1,mid,75.0,15:00,16:00,forced,0.0
2026-02-25,TSLA,call,OTM1,mid,75.0,13:30,16:00,forced,-0.7632
2026-02-26,TSLA,call,OTM1,mid,75.0,10:00,10:35,target,0.75
2026-02-26,TSLA,call,OTM1,mid,75.0,13:00,13:05,target,0.75
2026-02-27,TSLA,call,OTM1,mid,75.0,10:00,10:05,target,0.75
2026-02-27,TSLA,call,OTM1,mid,75.0,14:30,14:35,target,0.75
2026-02-27,TSLA,call,OTM1,mid,75.0,15:00,16:00,forced,-0.03754
2026-03-02,TSLA,call,OTM1,mid,75.0,14:00,14:20,target,0.75
2026-03-03,TSLA,call,OTM1,mid,75.0,14:00,16:00,forced,0.0
2026-03-04,TSLA,call,OTM1,mid,75.0,10:00,10:10,target,0.75
2026-03-04,TSLA,call,OTM1,mid,75.0,10:30,11:35,target,0.75
2026-03-05,TSLA,call,OTM1,mid,75.0,10:00,10:05,target,0.75
2026-03-05,TSLA,call,OTM1,mid,75.0,10:30,11:20,target,0.75
2026-03-06,TSLA,call,OTM1,mid,75.0,10:00,10:05,target,0.75
2026-03-06,TSLA,call,OTM1,mid,75.0,10:30,11:25,target,0.75
2026-03-09,TSLA,call,OTM1,mid,75.0,14:00,14:10,target,0.75
2026-03-09,TSLA,call,OTM1,mid,75.0,14:30,14:40,target,0.75
2026-03-10,TSLA,call,OTM1,mid,75.0,14:00,16:00,forced,-0.85262
2026-03-11,TSLA,call,OTM1,mid,75.0,14:00,16:00,forced,0.0
2026-03-12,TSLA,call,OTM1,mid,75.0,14:00,16:00,forced,0.0
2026-03-13,TSLA,call,OTM1,mid,75.0,10:00,10:05,target,0.75
2026-02-16,TSLA,call,OTM1,mid,80.0,13:30,13:35,target,0.8
2026-02-16,TSLA,call,OTM1,mid,80.0,14:00,14:50,target,0.8
2026-02-16,TSLA,call,OTM1,mid,80.0,15:00,16:00,forced,-0.19549
2026-02-17,TSLA,call,OTM1,mid,80.0,13:30,13:35,target,0.8
2026-02-18,TSLA,call,OTM1,mid,80.0,10:00,10:05,target,0.8
2026-02-18,TSLA,call,OTM1,mid,80.0,14:00,15:15,target,0.8
2026-02-19,TSLA,call,OTM1,mid,80.0,10:00,10:05,target,0.8
2026-02-19,TSLA,call,OTM1,mid,80.0,10:30,10:50,target,0.8
2026-02-19,TSLA,call,OTM1,mid,80.0,15:30,16:00,forced,0.0
2026-02-20,TSLA,call,OTM1,mid,80.0,13:30,13:35,target,0.8
2026-02-20,TSLA,call,OTM1,mid,80.0,14:00,14:15,target,0.8
2026-02-20,TSLA,call,OTM1,mid,80.0,14:30,14:35,target,0.8
2026-02-20,TSLA,call,OTM1,mid,80.0,15:00,16:00,forced,0.0
2026-02-23,TSLA,call,OTM1,mid,80.0,10:00,12:05,target,0.8
2026-02-24,TSLA,call,OTM1,mid,80.0,13:30,13:45,target,0.8
2026-02-24,TSLA,call,OTM1,mid,80.0,14:00,14:05,target,0.8
2026-02-24,TSLA,call,OTM1,mid,80.0,14:30,14:50,target,0.8
2026-02-24,TSLA,call,OTM1,mid,80.0,15:00,16:00,forced,0.0
2026-02-25,TSLA,call,OTM1,mid,80.0,13:30,16:00,forced,-0.7632
2026-02-26,TSLA,call,OTM1,mid,80.0,10:00,10:35,target,0.8
2026-02-26,TSLA,call,OTM1,mid,80.0,11:30,14:00,target,0.8
2026-02-27,TSLA,call,OTM1,mid,80.0,10:00,10:05,target,0.8
2026-02-27,TSLA,call,OTM1,mid,80.0,14:30,14:35,target,0.8
2026-02-27,TSLA,call,OTM1,mid,80.0,15:00,16:00,forced,-0.03754
2026-03-02,TSLA,call,OTM1,mid,80.0,14:00,14:20,target,0.8
2026-03-03,TSLA,call,OTM1,mid,80.0,14:00,16:00,forced,0.0
2026-03-04,TSLA,call,OTM1,mid,80.0,09:35,09:45,target,0.8
2026-03-04,TSLA,call,OTM1,mid,80.0,10:00,10:10,target,0.8
2026-03-04,TSLA,call,OTM1,mid,80.0,11:00,11:10,target,0.8
2026-03-05,TSLA,call,OTM1,mid,80.0,09:35,09:55,target,0.8
2026-03-05,TSLA,call,OTM1,mid,80.0,10:00,10:05,target,0.8
2026-03-05,TSLA,call,OTM1,mid,80.0,11:00,11:15,target,0.8
2026-03-06,TSLA,call,OTM1,mid,80.0,09:35,10:20,target,0.8
2026-03-06,TSLA,call,OTM1,mid,80.0,11:00,11:25,target,0.8
2026-03-09,TSLA,call,OTM1,mid,80.0,14:00,14:10,target,0.8
2026-03-09,TSLA,call,OTM1,mid,80.0,14:30,14:40,target,0.8
2026-03-10,TSLA,call,OTM1,mid,80.0,14:00,16:00,forced,-0.85262
2026-03-11,TSLA,call,OTM1,mid,80.0,14:00,16:00,forced,0.0
2026-03-12,TSLA,call,OTM1,mid,80.0,14:00,16:00,forced,0.0
2026-03-13,TSLA,call,OTM1,mid,80.0,09:35,10:05,target,0.8
2026-02-16,TSLA,call,OTM1,mid,90.0,13:30,13:35,target,0.9
2026-02-16,TSLA,call,OTM1,mid,90.0,14:00,14:50,target,0.9
2026-02-16,TSLA,call,OTM1,mid,90.0,15:00,16:00,forced,-0.19549
2026-02-17,TSLA,call,OTM1,mid,90.0,13:30,13:35,target,0.9
2026-02-18,TSLA,call,OTM1,mid,90.0,09:35,15:25,target,0.9
2026-02-19,TSLA,call,OTM1,mid,90.0,09:35,10:20,target,0.9
2026-02-19,TSLA,call,OTM1,mid,90.0,10:30,10:50,target,0.9
2026-02-19,TSLA,call,OTM1,mid,90.0,15:30,16:00,forced,0.0
2026-02-20,TSLA,call,OTM1,mid,90.0,13:30,13:35,target,0.9
2026-02-20,TSLA,call,OTM1,mid,90.0,14:00,14:15,target,0.9
2026-02-20,TSLA,call,OTM1,mid,90.0,14:30,14:35,target,0.9
2026-02-20,TSLA,call,OTM1,mid,90.0,15:00,16:00,forced,0.0
2026-02-23,TSLA,call,OTM1,mid,90.0,09:35,10:20,target,0.9
2026-02-23,TSLA,call,OTM1,mid,90.0,11:30,11:40,target,0.9
2026-02-23,TSLA,call,OTM1,mid,90.0,12:00,12:05,target,0.9
2026-02-24,TSLA,call,OTM1,mid,90.0,13:30,13:45,target,0.9
2026-02-24,TSLA,call,OTM1,mid,90.0,14:00,14:05,target,0.9
2026-02-24,TSLA,call,OTM1,mid,90.0,14:30,14:50,target,0.9
2026-02-24,TSLA,call,OTM1,mid,90.0,15:00,16:00,forced,0.0
2026-02-25,TSLA,call,OTM1,mid,90.0,13:30,16:00,forced,-0.7632
2026-02-26,TSLA,call,OTM1,mid,90.0,09:35,10:40,target,0.9
2026-02-26,TSLA,call,OTM1,mid,90.0,13:00,13:05,target,0.9
2026-02-27,TSLA,call,OTM1,mid,90.0,09:35,09:40,target,0.9
2026-02-27,TSLA,call,OTM1,mid,90.0,10:00,10:05,target,0.9
2026-02-27,TSLA,call,OTM1,mid,90.0,14:30,14:35,target,0.9
2026-02-27,TSLA,call,OTM1,mid,90.0,15:00,16:00,forced,-0.03754
2026-03-02,TSLA,call,OTM1,mid,90.0,14:00,14:20,target,0.9
2026-03-03,TSLA,call,OTM1,mid,90.0,14:00,16:00,forced,0.0
2026-03-04,TSLA,call,OTM1,mid,90.0,09:35,09:45,target,0.9
2026-03-04,TSLA,call,OTM1,mid,90.0,10:00,10:10,target,0.9
2026-03-04,TSLA,call,OTM1,mid,90.0,11:00,11:10,target,0.9
2026-03-05,TSLA,call,OTM1,mid,90.0,09:35,09:55,target,0.9
2026-03-05,TSLA,call,OTM1,mid,90.0,10:00,10:25,target,0.9
2026-03-05,TSLA,call,OTM1,mid,90.0,11:00,11:20,target,0.9
2026-03-06,TSLA,call,OTM1,mid,90.0,09:35,10:20,target,0.9
2026-03-06,TSLA,call,OTM1,mid,90.0,11:00,11:25,target,0.9
2026-03-09,TSLA,call,OTM1,mid,90.0,14:00,14:10,target,0.9
2026-03-09,TSLA,call,OTM1,mid,90.0,14:30,14:40,target,0.9
2026-03-10,TSLA,call,OTM1,mid,90.0,14:00,16:00,forced,-0.85262
2026-03-11,TSLA,call,OTM1,mid,90.0,14:00,16:00,forced,0.0
2026-03-12,TSLA,call,OTM1,mid,90.0,14:00,16:00,forced,0.0
2026-03-13,TSLA,call,OTM1,mid,90.0,09:35,10:05,target,0.9
2026-02-16,TSLA,call,OTM1,mid,100.0,13:30,13:35,target,1.0
2026-02-16,TSLA,call,OTM1,mid,100.0,14:00,14:50,target,1.0
2026-02-16,TSLA,call,OTM1,mid,100.0,15:00,16:00,forced,-0.19549
2026-02-17,TSLA,call,OTM1,mid,100.0,13:30,13:35,target,1.0
2026-02-18,TSLA,call,OTM1,mid,100.0,10:00,10:25,target,1.0
2026-02-18,TSLA,call,OTM1,mid,100.0,14:00,15:15,target,1.0
2026-02-19,TSLA,call,OTM1,mid,100.0,10:00,10:15,target,1.0
2026-02-19,TSLA,call,OTM1,mid,100.0,10:30,10:50,target,1.0
2026-02-19,TSLA,call,OTM1,mid,100.0,15:30,16:00,forced,0.0
2026-02-20,TSLA,call,OTM1,mid,100.0,13:30,13:35,target,1.0
2026-02-20,TSLA,call,OTM1,mid,100.0,14:00,14:15,target,1.0
2026-02-20,TSLA,call,OTM1,mid,100.0,14:30,14:35,target,1.0
2026-02-20,TSLA,call,OTM1,mid,100.0,15:00,16:00,forced,0.0
2026-02-23,TSLA,call,OTM1,mid,100.0,10:00,12:05,target,1.0
2026-02-24,TSLA,call,OTM1,mid,100.0,13:30,13:45,target,1.0
2026-02-24,TSLA,call,OTM1,mid,100.0,14:00,14:05,target,1.0
2026-02-24,TSLA,call,OTM1,mid,100.0,14:30,14:50,target,1.0
2026-02-24,TSLA,call,OTM1,mid,100.0,15:00,16:00,forced,0.0
2026-02-25,TSLA,call,OTM1,mid,100.0,13:30,16:00,forced,-0.7632
2026-02-26,TSLA,call,OTM1,mid,100.0,10:00,10:35,target,1.0
2026-02-26,TSLA,call,OTM1,mid,100.0,13:00,13:05,target,1.0
2026-02-27,TSLA,call,OTM1,mid,100.0,10:00,10:10,target,1.0
2026-02-27,TSLA,call,OTM1,mid,100.0,14:30,14:35,target,1.0
2026-02-27,TSLA,call,OTM1,mid,100.0,15:00,16:00,forced,-0.03754
2026-03-02,TSLA,call,OTM1,mid,100.0,14:00,14:20,target,1.0
2026-03-03,TSLA,call,OTM1,mid,100.0,14:00,16:00,forced,0.0
2026-03-04,TSLA,call,OTM1,mid,100.0,09:35,09:45,target,1.0
2026-03-04,TSLA,call,OTM1,mid,100.0,10:00,10:10,target,1.0
2026-03-04,TSLA,call,OTM1,mid,100.0,11:00,11:10,target,1.0
2026-03-05,TSLA,call,OTM1,mid,100.0,09:35,10:00,target,1.0
2026-03-05,TSLA,call,OTM1,mid,100.0,10:00,10:25,target,1.0
2026-03-05,TSLA,call,OTM1,mid,100.0,11:00,11:20,target,1.0
2026-03-06,TSLA,call,OTM1,mid,100.0,09:35,10:20,target,1.0
2026-03-06,TSLA,call,OTM1,mid,100.0,11:00,11:25,target,1.0
2026-03-09,TSLA,call,OTM1,mid,100.0,14:00,14:10,target,1.0
2026-03-09,TSLA,call,OTM1,mid,100.0,14:30,14:40,target,1.0
2026-03-10,TSLA,call,OTM1,mid,100.0,14:00,16:00,forced,-0.85262
2026-03-11,TSLA,call,OTM1,mid,100.0,14:00,16:00,forced,0.0
2026-03-12,TSLA,call,OTM1,mid,100.0,14:00,16:00,forced,0.0
2026-03-13,TSLA,call,OTM1,mid,100.0,09:35,10:05,target,1.0
2026-02-16,TSLA,call,OTM1,market,20.0,10:00,10:30,target,0.2
2026-02-16,TSLA,call,OTM1,market,20.0,10:30,10:35,target,0.2
2026-02-16,TSLA,call,OTM1,market,20.0,13:30,13:35,target,0.2
2026-02-16,TSLA,call,OTM1,market,20.0,14:00,14:50,target,0.2
2026-02-16,TSLA,call,OTM1,market,20.0,15:00,16:00,forced,-0.22713
2026-02-17,TSLA,call,OTM1,market,20.0,10:00,10:05,target,0.2
2026-02-17,TSLA,call,OTM1,market,20.0,11:00,11:05,target,0.2
2026-02-17,TSLA,call,OTM1,market,20.0,13:30,13:35,target,0.2
2026-02-18,TSLA,call,OTM1,market,20.0,10:00,10:05,target,0.2
2026-02-18,TSLA,call,OTM1,market,20.0,11:00,11:05,target,0.2
2026-02-18,TSLA,call,OTM1,market,20.0,14:00,14:15,target,0.2
2026-02-18,TSLA,call,OTM1,market,20.0,14:30,14:35,target,0.2
2026-02-18,TSLA,call,OTM1,market,20.0,15:00,15:05,target,0.2
2026-02-19,TSLA,call,OTM1,market,20.0,10:00,10:05,target,0.2
2026-02-19,TSLA,call,OTM1,market,20.0,10:30,10:45,target,0.2
2026-02-19,TSLA,call,OTM1,market,20.0,15:30,16:00,forced,-0.03922
2026-02-20,TSLA,call,OTM1,market,20.0,10:00,16:00,forced,-0.9185
2026-02-23,TSLA,call,OTM1,market,20.0,10:00,10:10,target,0.2
2026-02-23,TSLA,call,OTM1,market,20.0,11:00,11:15,target,0.2
2026-02-23,TSLA,call,OTM1,market,20.0,12:00,12:05,target,0.2
2026-02-24,TSLA,call,OTM1,market,20.0,10:00,10:05,target,0.2
2026-02-24,TSLA,call,OTM1,market,20.0,11:00,16:00,forced,-0.76121
2026-02-25,TSLA,call,OTM1,market,20.0,10:00,16:00,forced,-0.88156
2026-02-26,TSLA,call,OTM1,market,20.0,10:00,10:10,target,0.2
2026-02-26,TSLA,call,OTM1,market,20.0,11:00,11:25,target,0.2
2026-02-26,TSLA,call,OTM1,market,20.0,13:00,13:05,target,0.2
2026-02-27,TSLA,call,OTM1,market,20.0,10:00,10:05,target,0.2
2026-02-27,TSLA,call,OTM1,market,20.0,14:30,14:35,target,0.2
2026-02-27,TSLA,call,OTM1,market,20.0,15:00,15:10,target,0.2
2026-02-27,TSLA,call,OTM1,market,20.0,15:30,16:00,forced,-0.03922
2026-03-02,TSLA,call,OTM1,market,20.0,10:00,10:05,target,0.2
2026-03-02,TSLA,call,OTM1,market,20.0,14:00,14:10,target,0.2
2026-03-03,TSLA,call,OTM1,market,20.0,10:00,10:05,target,0.2
2026-03-03,TSLA,call,OTM1,market,20.0,14:00,16:00,forced,-0.03922
2026-03-04,TSLA,call,OTM1,market,20.0,10:00,10:05,target,0.2
2026-03-04,TSLA,call,OTM1,market,20.0,10:30,10:35,target,0.2
2026-03-04,TSLA,call,OTM1,market,20.0,11:00,11:05,target,0.2
2026-03-05,TSLA,call,OTM1,market,20.0,10:00,10:05,target,0.2
2026-03-05,TSLA,call,OTM1,market,20.0,10:30,11:15,target,0.2
2026-03-06,TSLA,call,OTM1,market,20.0,10:00,10:05,target,0.2
2026-03-06,TSLA,call,OTM1,market,20.0,10:30,11:25,target,0.2
2026-03-09,TSLA,call,OTM1,market,20.0,10:00,10:20,target,0.2
2026-03-09,TSLA,call,OTM1,market,20.0,14:00,14:05,target,0.2
2026-03-09,TSLA,call,OTM1,market,20.0,14:30,14:40,target,0.2
2026-03-10,TSLA,call,OTM1,market,20.0,10:00,10:10,target,0.2
2026-03-10,TSLA,call,OTM1,market,20.0,14:00,14:05,target,0.2
2026-03-10,TSLA,call,OTM1,market,20.0,14:30,16:00,forced,-0.71742
2026-03-11,TSLA,call,OTM1,market,20.0,10:00,10:05,target,0.2
2026-03-11,TSLA,call,OTM1,market,20.0,14:00,16:00,forced,-0.03922
2026-03-12,TSLA,call,OTM1,market,20.0,10:00,10:05,target,0.2
2026-03-12,TSLA,call,OTM1,market,20.0,14:00,16:00,forced,-0.03922
2026-03-13,TSLA,call,OTM1,market,20.0,10:00,10:05,target,0.2
2026-02-16,TSLA,call,OTM1,market,25.0,10:00,10:30,target,0.25
2026-02-16,TSLA,call,OTM1,market,25.0,10:30,10:35,target,0.25
2026-02-16,TSLA,call,OTM1,market,25.0,13:30,13:35,target,0.25
2026-02-16,TSLA,call,OTM1,market,25.0,14:00,14:50,target,0.25
2026-02-16,TSLA,call,OTM1,market,25.0,15:00,16:00,forced,-0.22713
2026-02-17,TSLA,call,OTM1,market,25.0,10:00,10:05,target,0.25
2026-02-17,TSLA,call,OTM1,market,25.0,10:30,10:40,target,0.25
2026-02-17,TSLA,call,OTM1,market,25.0,11:00,11:05,target,0.25
2026-02-17,TSLA,call,OTM1,market,25.0,13:30,13:35,target,0.25
2026-02-18,TSLA,call,OTM1,market,25.0,10:00,10:05,target,0.25
2026-02-18,TSLA,call,OTM1,market,25.0,10:30,15:15,target,0.25
2026-02-19,TSLA,call,OTM1,market,25.0,10:00,10:05,target,0.25
2026-02-19,TSLA,call,OTM1,market,25.0,10:30,10:45,target,0.25
2026-02-19,TSLA,call,OTM1,market,25.0,15:30,16:00,forced,-0.03922
2026-02-20,TSLA,call,OTM1,market,25.0,10:00,16:00,forced,-0.9185
2026-02-23,TSLA,call,OTM1,market,25.0,10:00,10:10,target,0.25
2026-02-23,TSLA,call,OTM1,market,25.0,10:30,10:35,target,0.25
2026-02-23,TSLA,call,OTM1,market,25.0,11:00,11:15,target,0.25
2026-02-23,TSLA,call,OTM1,market,25.0,12:00,12:05,target,0.25
2026-02-24,TSLA,call,OTM1,market,25.0,10:00,10:05,target,0.25
2026-02-24,TSLA,call,OTM1,market,25.0,10:30,10:45,target,0.25
2026-02-24,TSLA,call,OTM1,market,25.0,11:00,16:00,forced,-0.76121
2026-02-25,TSLA,call,OTM1,market,25.0,10:00,16:00,forced,-0.88156
2026-02-26,TSLA,call,OTM1,market,25.0,10:00,10:10,target,0.25
2026-02-26,TSLA,call,OTM1,market,25.0,10:30,10:35,target,0.25
2026-02-26,TSLA,call,OTM1,market,25.0,11:00,11:25,target,0.25
2026-02-26,TSLA,call,OTM1,market,25.0,11:30,11:55,target,0.25
2026-02-26,TSLA,call,OTM1,market,25.0,13:00,13:05,target,0.25
2026-02-27,TSLA,call,OTM1,market,25.0,10:00,10:05,target,0.25
2026-02-27,TSLA,call,OTM1,market,25.0,14:30,14:35,target,0.25
2026-02-27,TSLA,call,OTM1,market,25.0,15:00,15:10,target,0.25
2026-02-27,TSLA,call,OTM1,market,25.0,15:30,16:00,forced,-0.03922
2026-03-02,TSLA,call,OTM1,market,25.0,10:00,10:05,target,0.25
2026-03-02,TSLA,call,OTM1,market,25.0,14:00,14:10,target,0.25
2026-03-03,TSLA,call,OTM1,market,25.0,10:00,10:05,target,0.25
2026-03-03,TSLA,call,OTM1,market,25.0,14:00,16:00,forced,-0.03922
2026-03-04,TSLA,call,OTM1,market,25.0,10:00,10:05,target,0.25
2026-03-04,TSLA,call,OTM1,market,25.0,10:30,10:35,target,0.25
2026-03-04,TSLA,call,OTM1,market,25.0,11:00,11:05,target,0.25
2026-03-05,TSLA,call,OTM1,market,25.0,10:00,10:05,target,0.25
2026-03-05,TSLA,call,OTM1,market,25.0,10:30,11:15,target,0.25
2026-03-06,TSLA,call,OTM1,market,25.0,10:00,10:05,target,0.25
2026-03-06,TSLA,call,OTM1,market,25.0,10:30,11:25,target,0.25
2026-03-09,TSLA,call,OTM1,market,25.0,10:00,10:20,target,0.25
2026-03-09,TSLA,call,OTM1,market,25.0,14:00,14:05,target,0.25
2026-03-09,TSLA,call,OTM1,market,25.0,14:30,14:40,target,0.25
2026-03-10,TSLA,call,OTM1,market,25.0,10:00,10:10,target,0.25
2026-03-10,TSLA,call,OTM1,market,25.0,14:00,14:05,target,0.25
2026-03-10,TSLA,call,OTM1,market,25.0,14:30,16:00,forced,-0.71742
2026-03-11,TSLA,call,OTM1,market,25.0,10:00,10:05,target,0.25
2026-03-11,TSLA,call,OTM1,market,25.0,14:00,16:00,forced,-0.03922
2026-03-12,TSLA,call,OTM1,market,25.0,10:00,10:05,target,0.25
2026-03-12,TSLA,call,OTM1,market,25.0,14:00,16:00,forced,-0.03922
2026-03-13,TSLA,call,OTM1,market,25.0,10:00,10:05,target,0.25
2026-02-16,TSLA,call,OTM1,market,30.0,10:00,10:30,target,0.3
2026-02-16,TSLA,call,OTM1,market,30.0,10:30,10:45,target,0.3
2026-02-16,TSLA,call,OTM1,market,30.0,13:30,13:35,target,0.3
2026-02-16,TSLA,call,OTM1,market,30.0,14:00,14:50,target,0.3
2026-02-16,TSLA,call,OTM1,market,30.0,15:00,16:00,forced,-0.22713
2026-02-17,TSLA,call,OTM1,market,30.0,10:00,10:05,target,0.3
2026-02-17,TSLA,call,OTM1,market,30.0,10:30,10:40,target,0.3
2026-02-17,TSLA,call,OTM1,market,30.0,13:30,13:35,target,0.3
2026-02-18,TSLA,call,OTM1,market,30.0,10:00,10:05,target,0.3
2026-02-18,TSLA,call,OTM1,market,30.0,10:30,15:15,target,0.3
2026-02-19,TSLA,call,OTM1,market,30.0,10:00,10:05,target,0.3
2026-02-19,TSLA,call,OTM1,market,30.0,10:30,10:45,target,0.3
2026-02-19,TSLA,call,OTM1,market,30.0,15:30,16:00,forced,-0.03922
2026-02-20,TSLA,call,OTM1,market,30.0,10:00,16:00,forced,-0.9185
2026-02-23,TSLA,call,OTM1,market,30.0,10:00,10:10,target,0.3
2026-02-23,TSLA,call,OTM1,market,30.0,10:30,10:35,target,0.3
2026-02-23,TSLA,call,OTM1,market,30.0,11:00,11:15,target,0.3
2026-02-23,TSLA,call,OTM1,market,30.0,11:30,11:40,target,0.3
2026-02-23,TSLA,call,OTM1,market,30.0,12:00,12:05,target,0.3
2026-02-24,TSLA,call,OTM1,market,30.0,10:00,10:05,target,0.3
2026-02-24,TSLA,call,OTM1,market,30.0,10:30,10:45,target,0.3
2026-02-24,TSLA,call,OTM1,market,30.0,13:30,13:40,target,0.3
2026-02-24,TSLA,call,OTM1,market,30.0,14:00,14:05,target,0.3
2026-02-24,TSLA,call,OTM1,market,30.0,14:30,14:40,target,0.3
2026-02-24,TSLA,call,OTM1,market,30.0,15:00,16:00,forced,-0.03922
2026-02-25,TSLA,call,OTM1,market,30.0,10:00,16:00,forced,-0.88156
2026-02-26,TSLA,call,OTM1,market,30.0,10:00,10:35,target,0.3
2026-02-26,TSLA,call,OTM1,market,30.0,11:00,11:25,target,0.3
2026-02-26,TSLA,call,OTM1,market,30.0,11:30,11:55,target,0.3
2026-02-26,TSLA,call,OTM1,market,30.0,13:00,13:05,target,0.3
2026-02-27,TSLA,call,OTM1,market,30.0,10:00,10:05,target,0.3
2026-02-27,TSLA,call,OTM1,market,30.0,14:30,14:35,target,0.3
2026-02-27,TSLA,call,OTM1,market,30.0,15:00,15:10,target,0.3
2026-02-27,TSLA,call,OTM1,market,30.0,15:30,16:00,forced,-0.03922
2026-03-02,TSLA,call,OTM1,market,30.0,14:00,14:10,target,0.3
2026-03-03,TSLA,call,OTM1,market,30.0,14:00,16:00,forced,-0.03922
2026-03-04,TSLA,call,OTM1,market,30.0,10:00,10:05,target,0.3
2026-03-04,TSLA,call,OTM1,market,30.0,10:30,10:35,target,0.3
2026-03-04,TSLA,call,OTM1,market,30.0,11:00,11:05,target,0.3
2026-03-05,TSLA,call,OTM1,market,30.0,10:00,10:05,target,0.3
2026-03-05,TSLA,call,OTM1,market,30.0,10:30,11:15,target,0.3
2026-03-06,TSLA,call,OTM1,market,30.0,10:00,10:05,target,0.3
2026-03-06,TSLA,call,OTM1,market,30.0,10:30,11:25,target,0.3
2026-03-09,TSLA,call,OTM1,market,30.0,14:00,14:10,target,0.3
2026-03-09,TSLA,call,OTM1,market,30.0,14:30,14:40,target,0.3
2026-03-10,TSLA,call,OTM1,market,30.0,14:00,16:00,forced,-0.85838
2026-03-11,TSLA,call,OTM1,market,30.0,14:00,16:00,forced,-0.03922
2026-03-12,TSLA,call,OTM1,market,30.0,14:00,16:00,forced,-0.03922
2026-03-13,TSLA,call,OTM1,market,30.0,10:00,10:05,target,0.3
2026-02-16,TSLA,call,OTM1,market,40.0,10:00,10:30,target,0.4
2026-02-16,TSLA,call,OTM1,market,40.0,13:30,13:35,target,0.4
2026-02-16,TSLA,call,OTM1,market,40.0,14:00,14:50,target,0.4
2026-02-16,TSLA,call,OTM1,market,40.0,15:00,16:00,forced,-0.22713
2026-02-17,TSLA,call,OTM1,market,40.0,10:00,10:10,target,0.4
2026-02-17,TSLA,call,OTM1,market,40.0,13:30,13:35,target,0.4
2026-02-18,TSLA,call,OTM1,market,40.0,10:00,10:05,target,0.4
2026-02-18,TSLA,call,OTM1,market,40.0,14:00,15:15,target,0.4
2026-02-19,TSLA,call,OTM1,market,40.0,10:00,10:05,target,0.4
2026-02-19,TSLA,call,OTM1,market,40.0,10:30,10:50,target,0.4
2026-02-19,TSLA,call,OTM1,market,40.0,15:30,16:00,forced,-0.03922
2026-02-20,TSLA,call,OTM1,market,40.0,10:00,16:00,forced,-0.9185
2026-02-23,TSLA,call,OTM1,market,40.0,10:00,10:20,target,0.4
2026-02-23,TSLA,call,OTM1,market,40.0,10:30,10:55,target,0.4
2026-02-23,TSLA,call,OTM1,market,40.0,11:00,11:40,target,0.4
2026-02-23,TSLA,call,OTM1,market,40.0,12:00,12:05,target,0.4
2026-02-24,TSLA,call,OTM1,market,40.0,10:00,10:05,target,0.4
2026-02-24,TSLA,call,OTM1,market,40.0,13:30,13:40,target,0.4
2026-02-24,TSLA,call,OTM1,market,40.0,14:00,14:05,target,0.4
2026-02-24,TSLA,call,OTM1,market,40.0,14:30,14:40,target,0.4
2026-02-24,TSLA,call,OTM1,market,40.0,15:00,16:00,forced,-0.03922
2026-02-25,TSLA,call,OTM1,market,40.0,10:00,16:00,forced,-0.88156
2026-02-26,TSLA,call,OTM1,market,40.0,10:00,10:35,target,0.4
2026-02-26,TSLA,call,OTM1,market,40.0,11:00,11:25,target,0.4
2026-02-26,TSLA,call,OTM1,market,40.0,11:30,11:55,target,0.4
2026-02-26,TSLA,call,OTM1,market,40.0,13:00,13:05,target,0.4
2026-02-27,TSLA,call,OTM1,market,40.0,10:00,10:05,target,0.4
2026-02-27,TSLA,call,OTM1,market,40.0,14:30,14:35,target,0.4
2026-02-27,TSLA,call,OTM1,market,40.0,15:00,15:10,target,0.4
2026-02-27,TSLA,call,OTM1,market,40.0,15:30,16:00,forced,-0.03922
2026-03-02,TSLA,call,OTM1,market,40.0,14:00,14:20,target,0.4
2026-03-03,TSLA,call,OTM1,market,40.0,14:00,16:00,forced,-0.03922
2026-03-04,TSLA,call,OTM1,market,40.0,10:00,10:05,target,0.4
2026-03-04,TSLA,call,OTM1,market,40.0,10:30,11:10,target,0.4
2026-03-05,TSLA,call,OTM1,market,40.0,10:00,10:05,target,0.4
2026-03-05,TSLA,call,OTM1,market,40.0,10:30,11:20,target,0.4
2026-03-06,TSLA,call,OTM1,market,40.0,10:00,10:05,target,0.4
2026-03-06,TSLA,call,OTM1,market,40.0,10:30,11:25,target,0.4
2026-03-09,TSLA,call,OTM1,market,40.0,14:00,14:10,target,0.4
2026-03-09,TSLA,call,OTM1,market,40.0,14:30,14:40,target,0.4
2026-03-10,TSLA,call,OTM1,market,40.0,14:00,16:00,forced,-0.85838
2026-03-11,TSLA,call,OTM1,market,40.0,14:00,16:00,forced,-0.03922
2026-03-12,TSLA,call,OTM1,market,40.0,14:00,16:00,forced,-0.03922
2026-03-13,TSLA,call,OTM1,market,40.0,10:00,10:05,target,0.4
2026-02-16,TSLA,call,OTM1,market,50.0,10:00,10:30,target,0.5
2026-02-16,TSLA,call,OTM1,market,50.0,13:30,13:35,target,0.5
2026-02-16,TSLA,call,OTM1,market,50.0,14:00,14:50,target,0.5
2026-02-16,TSLA,call,OTM1,market,50.0,15:00,16:00,forced,-0.22713
2026-02-17,TSLA,call,OTM1,market,50.0,10:00,10:10,target,0.5
2026-02-17,TSLA,call,OTM1,market,50.0,13:30,13:35,target,0.5
2026-02-18,TSLA,call,OTM1,market,50.0,10:00,10:05,target,0.5
2026-02-18,TSLA,call,OTM1,market,50.0,14:00,15:15,target,0.5
2026-02-19,TSLA,call,OTM1,market,50.0,10:00,10:05,target,0.5
2026-02-19,TSLA,call,OTM1,market,50.0,10:30,10:50,target,0.5
2026-02-19,TSLA,call,OTM1,market,50.0,15:30,16:00,forced,-0.03922
2026-02-20,TSLA,call,OTM1,market,50.0,10:00,16:00,forced,-0.9185
2026-02-23,TSLA,call,OTM1,market,50.0,10:00,10:20,target,0.5
2026-02-23,TSLA,call,OTM1,market,50.0,10:30,10:55,target,0.5
2026-02-23,TSLA,call,OTM1,market,50.0,11:00,11:40,target,0.5
2026-02-23,TSLA,call,OTM1,market,50.0,12:00,12:05,target,0.5
2026-02-24,TSLA,call,OTM1,market,50.0,10:00,10:05,target,0.5
2026-02-24,TSLA,call,OTM1,market,50.0,13:30,13:45,target,0.5
2026-02-24,TSLA,call,OTM1,market,50.0,14:00,14:05,target,0.5
2026-02-24,TSLA,call,OTM1,market,50.0,14:30,14:40,target,0.5
2026-02-24,TSLA,call,OTM1,market,50.0,15:00,16:00,forced,-0.03922
2026-02-25,TSLA,call,OTM1,market,50.0,10:00,16:00,forced,-0.88156
2026-02-26,TSLA,call,OTM1,market,50.0,10:00,10:35,target,0.5
2026-02-26,TSLA,call,OTM1,market,50.0,13:00,13:05,target,0.5
2026-02-27,TSLA,call,OTM1,market,50.0,10:00,10:05,target,0.5
2026-02-27,TSLA,call,OTM1,market,50.0,14:30,14:35,target,0.5
2026-02-27,TSLA,call,OTM1,market,50.0,15:00,16:00,forced,-0.07547
2026-03-02,TSLA,call,OTM1,market,50.0,14:00,14:20,target,0.5
2026-03-03,TSLA,call,OTM1,market,50.0,14:00,16:00,forced,-0.03922
2026-03-04,TSLA,call,OTM1,market,50.0,10:00,10:10,target,0.5
2026-03-04,TSLA,call,OTM1,market,50.0,10:30,11:30,target,0.5
2026-03-05,TSLA,call,OTM1,market,50.0,10:00,10:05,target,0.5
2026-03-05,TSLA,call,OTM1,market,50.0,10:30,11:20,target,0.5
2026-03-06,TSLA,call,OTM1,market,50.0,10:00,10:05,target,0.5
2026-03-06,TSLA,call,OTM1,market,50.0,10:30,11:25,target,0.5
2026-03-09,TSLA,call,OTM1,market,50.0,14:00,14:10,target,0.5
2026-03-09,TSLA,call,OTM1,market,50.0,14:30,14:40,target,0.5
2026-03-10,TSLA,call,OTM1,market,50.0,14:00,16:00,forced,-0.85838
2026-03-11,TSLA,call,OTM1,market,50.0,14:00,16:00,forced,-0.03922
2026-03-12,TSLA,call,OTM1,market,50.0,14:00,16:00,forced,-0.03922
2026-03-13,TSLA,call,OTM1,market,50.0,10:00,10:05,target,0.5
2026-02-16,TSLA,call,OTM1,market,60.0,10:00,10:30,target,0.6
2026-02-16,TSLA,call,OTM1,market,60.0,13:30,13:35,target,0.6
2026-02-16,TSLA,call,OTM1,market,60.0,14:00,14:50,target,0.6
2026-02-16,TSLA,call,OTM1,market,60.0,15:00,16:00,forced,-0.22713
2026-02-17,TSLA,call,OTM1,market,60.0,10:00,10:10,target,0.6
2026-02-17,TSLA,call,OTM1,market,60.0,13:30,13:35,target,0.6
2026-02-18,TSLA,call,OTM1,market,60.0,10:00,10:05,target,0.6
2026-02-18,TSLA,call,OTM1,market,60.0,14:00,15:15,target,0.6
2026-02-19,TSLA,call,OTM1,market,60.0,10:00,10:05,target,0.6
2026-02-19,TSLA,call,OTM1,market,60.0,10:30,10:50,target,0.6
2026-02-19,TSLA,call,OTM1,market,60.0,15:30,16:00,forced,-0.03922
2026-02-20,TSLA,call,OTM1,market,60.0,10:00,16:00,forced,-0.9185
2026-02-23,TSLA,call,OTM1,market,60.0,10:00,10:20,target,0.6
2026-02-23,TSLA,call,OTM1,market,60.0,10:30,11:15,target,0.6
2026-02-23,TSLA,call,OTM1,market,60.0,11:30,11:40,target,0.6
2026-02-23,TSLA,call,OTM1,market,60.0,12:00,12:05,target,0.6
2026-02-24,TSLA,call,OTM1,market,60.0,10:00,10:05,target,0.6
2026-02-24,TSLA,call,OTM1,market,60.0,13:30,13:45,target,0.6
2026-02-24,TSLA,call,OTM1,market,60.0,14:00,14:05,target,0.6
2026-02-24,TSLA,call,OTM1,market,60.0,14:30,14:50,target,0.6
2026-02-24,TSLA,call,OTM1,market,60.0,15:00,16:00,forced,-0.03922
2026-02-25,TSLA,call,OTM1,market,60.0,10:00,16:00,forced,-0.88156
2026-02-26,TSLA,call,OTM1,market,60.0,10:00,10:35,target,0.6
2026-02-26,TSLA,call,OTM1,market,60.0,11:00,11:30,target,0.6
2026-02-26,TSLA,call,OTM1,market,60.0,11:30,14:00,target,0.6
2026-02-27,TSLA,call,OTM1,market,60.0,10:00,10:05,target,0.6
2026-02-27,TSLA,call,OTM1,market,60.0,14:30,14:35,target,0.6
2026-02-27,TSLA,call,OTM1,market,60.0,15:00,16:00,forced,-0.07547
2026-03-02,TSLA,call,OTM1,market,60.0,14:00,14:20,target,0.6
2026-03-03,TSLA,call,OTM1,market,60.0,14:00,16:00,forced,-0.03922
2026-03-04,TSLA,call,OTM1,market,60.0,10:00,10:10,target,0.6
2026-03-04,TSLA,call,OTM1,market,60.0,11:00,11:10,target,0.6
2026-03-05,TSLA,call,OTM1,market,60.0,10:00,10:05,target,0.6
2026-03-05,TSLA,call,OTM1,market,60.0,11:00,11:15,target,0.6
2026-03-06,TSLA,call,OTM1,market,60.0,10:00,10:05,target,0.6
2026-03-06,TSLA,call,OTM1,market,60.0,11:00,11:25,target,0.6
2026-03-09,TSLA,call,OTM1,market,60.0,14:00,14:10,target,0.6
2026-03-09,TSLA,call,OTM1,market,60.0,14:30,14:40,target,0.6
2026-03-10,TSLA,call,OTM1,market,60.0,14:00,16:00,forced,-0.85838
2026-03-11,TSLA,call,OTM1,market,60.0,14:00,16:00,forced,-0.03922
2026-03-12,TSLA,call,OTM1,market,60.0,14:00,16:00,forced,-0.03922
2026-03-13,TSLA,call,OTM1,market,60.0,10:00,10:05,target,0.6
2026-02-16,TSLA,call,OTM1,market,70.0,13:30,13:35,target,0.7
2026-02-16,TSLA,call,OTM1,market,70.0,14:00,14:50,target,0.7
2026-02-16,TSLA,call,OTM1,market,70.0,15:00,16:00,forced,-0.22713
2026-02-17,TSLA,call,OTM1,market,70.0,13:30,13:35,target,0.7
2026-02-18,TSLA,call,OTM1,market,70.0,10:00,10:05,target,0.7
2026-02-18,TSLA,call,OTM1,market,70.0,14:00,15:15,target,0.7
2026-02-19,TSLA,call,OTM1,market,70.0,10:00,10:05,target,0.7
2026-02-19,TSLA,call,OTM1,market,70.0,10:30,10:50,target,0.7
2026-02-19,TSLA,call,OTM1,market,70.0,15:30,16:00,forced,-0.03922
2026-02-20,TSLA,call,OTM1,market,70.0,13:30,13:35,target,0.7
2026-02-20,TSLA,call,OTM1,market,70.0,14:00,14:15,target,0.7
2026-02-20,TSLA,call,OTM1,market,70.0,14:30,14:35,target,0.7
2026-02-20,TSLA,call,OTM1,market,70.0,15:00,16:00,forced,-0.03922
2026-02-23,TSLA,call,OTM1,market,70.0,10:00,10:20,target,0.7
2026-02-23,TSLA,call,OTM1,market,70.0,12:00,12:05,target,0.7
2026-02-24,TSLA,call,OTM1,market,70.0,13:30,13:45,target,0.7
2026-02-24,TSLA,call,OTM1,market,70.0,14:00,14:05,target,0.7
2026-02-24,TSLA,call,OTM1,market,70.0,14:30,14:50,target,0.7
2026-02-24,TSLA,call,OTM1,market,70.0,15:00,16:00,forced,-0.03922
2026-02-25,TSLA,call,OTM1,market,70.0,13:30,16:00,forced,-0.77252
2026-02-26,TSLA,call,OTM1,market,70.0,10:00,10:35,target,0.7
2026-02-26,TSLA,call,OTM1,market,70.0,11:30,14:00,target,0.7
2026-02-27,TSLA,call,OTM1,market,70.0,10:00,10:05,target,0.7
2026-02-27,TSLA,call,OTM1,market,70.0,14:30,14:35,target,0.7
2026-02-27,TSLA,call,OTM1,market,70.0,15:00,16:00,forced,-0.07547
2026-03-02,TSLA,call,OTM1,market,70.0,14:00,14:20,target,0.7
2026-03-03,TSLA,call,OTM1,market,70.0,14:00,16:00,forced,-0.03922
2026-03-04,TSLA,call,OTM1,market,70.0,09:35,09:45,target,0.7
2026-03-04,TSLA,call,OTM1,market,70.0,10:00,10:10,target,0.7
2026-03-04,TSLA,call,OTM1,market,70.0,11:00,11:10,target,0.7
2026-03-05,TSLA,call,OTM1,market,70.0,09:35,09:55,target,0.7
2026-03-05,TSLA,call,OTM1,market,70.0,10:00,10:05,target,0.7
2026-03-05,TSLA,call,OTM1,market,70.0,11:00,11:15,target,0.7
2026-03-06,TSLA,call,OTM1,market,70.0,09:35,10:20,target,0.7
2026-03-06,TSLA,call,OTM1,market,70.0,11:00,11:25,target,0.7
2026-03-09,TSLA,call,OTM1,market,70.0,14:00,14:10,target,0.7
2026-03-09,TSLA,call,OTM1,market,70.0,14:30,14:40,target,0.7
2026-03-10,TSLA,call,OTM1,market,70.0,14:00,16:00,forced,-0.85838
2026-03-11,TSLA,call,OTM1,market,70.0,14:00,16:00,forced,-0.03922
2026-03-12,TSLA,call,OTM1,market,70.0,14:00,16:00,forced,-0.03922
2026-03-13,TSLA,call,OTM1,market,70.0,09:35,10:05,target,0.7
2026-02-16,TSLA,call,OTM1,market,75.0,13:30,13:35,target,0.75
2026-02-16,TSLA,call,OTM1,market,75.0,14:00,14:50,target,0.75
2026-02-16,TSLA,call,OTM1,market,75.0,15:00,16:00,forced,-0.22713
2026-02-17,TSLA,call,OTM1,market,75.0,13:30,13:35,target,0.75
2026-02-18,TSLA,call,OTM1,market,75.0,09:35,15:25,target,0.75
2026-02-19,TSLA,call,OTM1,market,75.0,09:35,10:20,target,0.75
2026-02-19,TSLA,call,OTM1,market,75.0,10:30,10:50,target,0.75
2026-02-19,TSLA,call,OTM1,market,75.0,15:30,16:00,forced,-0.03922
2026-02-20,TSLA,call,OTM1,market,75.0,13:30,13:35,target,0.75
2026-02-20,TSLA,call,OTM1,market,75.0,14:00,14:15,target,0.75
2026-02-20,TSLA,call,OTM1,market,75.0,14:30,14:35,target,0.75
2026-02-20,TSLA,call,OTM1,market,75.0,15:00,16:00,forced,-0.03922
2026-02-23,TSLA,call,OTM1,market,75.0,09:35,10:20,target,0.75
2026-02-23,TSLA,call,OTM1,market,75.0,10:30,11:15,target,0.75
2026-02-23,TSLA,call,OTM1,market,75.0,11:30,11:40,target,0.75
2026-02-23,TSLA,call,OTM1,market,75.0,12:00,12:05,target,0.75
2026-02-24,TSLA,call,OTM1,market,75.0,13:30,13:45,target,0.75
2026-02-24,TSLA,call,OTM1,market,75.0,14:00,14:05,target,0.75
2026-02-24,TSLA,call,OTM1,market,75.0,14:30,14:50,target,0.75
2026-02-24,TSLA,call,OTM1,market,75.0,15:00,16:00,forced,-0.03922
2026-02-25,TSLA,call,OTM1,market,75.0,13:30,16:00,forced,-0.77252
2026-02-26,TSLA,call,OTM1,market,75.0,09:35,10:40,target,0.75
2026-02-26,TSLA,call,OTM1,market,75.0,13:00,13:05,target,0.75
2026-02-27,TSLA,call,OTM1,market,75.0,09:35,09:40,target,0.75
2026-02-27,TSLA,call,OTM1,market,75.0,10:00,10:05,target,0.75
2026-02-27,TSLA,call,OTM1,market,75.0,14:30,14:35,target,0.75
2026-02-27,TSLA,call,OTM1,market,75.0,15:00,16:00,forced,-0.07547
2026-03-02,TSLA,call,OTM1,market,75.0,14:00,14:20,target,0.75
2026-03-03,TSLA,call,OTM1,market,75.0,14:00,16:00,forced,-0.03922
2026-03-04,TSLA,call,OTM1,market,75.0,09:35,09:45,target,0.75
2026-03-04,TSLA,call,OTM1,market,75.0,10:00,10:10,target,0.75
2026-03-04,TSLA,call,OTM1,market,75.0,11:00,11:10,target,0.75
2026-03-05,TSLA,call,OTM1,market,75.0,09:35,09:55,target,0.75
2026-03-05,TSLA,call,OTM1,market,75.0,10:00,10:05,target,0.75
2026-03-05,TSLA,call,OTM1,market,75.0,11:00,11:15,target,0.75
2026-03-06,TSLA,call,OTM1,market,75.0,09:35,10:20,target,0.75
2026-03-06,TSLA,call,OTM1,market,75.0,11:00,11:25,target,0.75
2026-03-09,TSLA,call,OTM1,market,75.0,14:00,14:10,target,0.75
2026-03-09,TSLA,call,OTM1,market,75.0,14:30,14:40,target,0.75
2026-03-10,TSLA,call,OTM1,market,75.0,14:00,16:00,forced,-0.85838
2026-03-11,TSLA,call,OTM1,market,75.0,14:00,16:00,forced,-0.03922
2026-03-12,TSLA,call,OTM1,market,75.0,14:00,16:00,forced,-0.03922
2026-03-13,TSLA,call,OTM1,market,75.0,09:35,10:05,target,0.75
2026-02-16,TSLA,call,OTM1,market,80.0,13:30,13:35,target,0.8
2026-02-16,TSLA,call,OTM1,market,80.0,14:00,14:50,target,0.8
2026-02-16,TSLA,call,OTM1,market,80.0,15:00,16:00,forced,-0.22713
2026-02-17,TSLA,call,OTM1,market,80.0,13:30,13:35,target,0.8
2026-02-18,TSLA,call,OTM1,market,80.0,09:35,15:25,target,0.8
2026-02-19,TSLA,call,OTM1,market,80.0,09:35,10:20,target,0.8
2026-02-19,TSLA,call,OTM1,market,80.0,10:30,10:50,target,0.8
2026-02-19,TSLA,call,OTM1,market,80.0,15:30,16:00,forced,-0.03922
2026-02-20,TSLA,call,OTM1,market,80.0,13:30,13:35,target,0.8
2026-02-20,TSLA,call,OTM1,market,80.0,14:00,14:15,target,0.8
2026-02-20,TSLA,call,OTM1,market,80.0,14:30,14:35,target,0.8
2026-02-20,TSLA,call,OTM1,market,80.0,15:00,16:00,forced,-0.03922
2026-02-23,TSLA,call,OTM1,market,80.0,09:35,10:20,target,0.8
2026-02-23,TSLA,call,OTM1,market,80.0,11:30,11:40,target,0.8
2026-02-23,TSLA,call,OTM1,market,80.0,12:00,12:05,target,0.8
2026-02-24,TSLA,call,OTM1,market,80.0,13:30,13:45,target,0.8
2026-02-24,TSLA,call,OTM1,market,80.0,14:00,14:05,target,0.8
2026-02-24,TSLA,call,OTM1,market,80.0,14:30,14:50,target,0.8
2026-02-24,TSLA,call,OTM1,market,80.0,15:00,16:00,forced,-0.03922
2026-02-25,TSLA,call,OTM1,market,80.0,13:30,16:00,forced,-0.77252
2026-02-26,TSLA,call,OTM1,market,80.0,09:35,10:40,target,0.8
2026-02-26,TSLA,call,OTM1,market,80.0,13:00,13:05,target,0.8
2026-02-27,TSLA,call,OTM1,market,80.0,09:35,09:40,target,0.8
2026-02-27,TSLA,call,OTM1,market,80.0,10:00,10:05,target,0.8
2026-02-27,TSLA,call,OTM1,market,80.0,14:30,14:35,target,0.8
2026-02-27,TSLA,call,OTM1,market,80.0,15:00,16:00,forced,-0.07547
2026-03-02,TSLA,call,OTM1,market,80.0,14:00,14:20,target,0.8
2026-03-03,TSLA,call,OTM1,market,80.0,14:00,16:00,forced,-0.03922
2026-03-04,TSLA,call,OTM1,market,80.0,09:35,09:45,target,0.8
2026-03-04,TSLA,call,OTM1,market,80.0,10:00,10:10,target,0.8
2026-03-04,TSLA,call,OTM1,market,80.0,11:00,11:10,target,0.8
2026-03-05,TSLA,call,OTM1,market,80.0,09:35,09:55,target,0.8
2026-03-05,TSLA,call,OTM1,market,80.0,10:00,10:25,target,0.8
2026-03-05,TSLA,call,OTM1,market,80.0,11:00,11:20,target,0.8
2026-03-06,TSLA,call,OTM1,market,80.0,09:35,10:20,target,0.8
2026-03-06,TSLA,call,OTM1,market,80.0,11:00,11:25,target,0.8
2026-03-09,TSLA,call,OTM1,market,80.0,14:00,14:10,target,0.8
2026-03-09,TSLA,call,OTM1,market,80.0,14:30,14:40,target,0.8
2026-03-10,TSLA,call,OTM1,market,80.0,14:00,16:00,forced,-0.85838
2026-03-11,TSLA,call,OTM1,market,80.0,14:00,16:00,forced,-0.03922
2026-03-12,TSLA,call,OTM1,market,80.0,14:00,16:00,forced,-0.03922
2026-03-13,TSLA,call,OTM1,market,80.0,09:35,10:05,target,0.8
2026-02-16,TSLA,call,OTM1,market,90.0,13:30,13:35,target,0.9
2026-02-16,TSLA,call,OTM1,market,90.0,14:00,14:50,target,0.9
2026-02-16,TSLA,call,OTM1,market,90.0,15:00,16:00,forced,-0.22713
2026-02-17,TSLA,call,OTM1,market,90.0,13:30,13:35,target,0.9
2026-02-18,TSLA,call,OTM1,market,90.0,10:00,10:25,target,0.9
2026-02-18,TSLA,call,OTM1,market,90.0,14:00,15:15,target,0.9
2026-02-19,TSLA,call,OTM1,market,90.0,10:00,10:15,target,0.9
2026-02-19,TSLA,call,OTM1,market,90.0,10:30,10:50,target,0.9
2026-02-19,TSLA,call,OTM1,market,90.0,15:30,16:00,forced,-0.03922
2026-02-20,TSLA,call,OTM1,market,90.0,13:30,13:35,target,0.9
2026-02-20,TSLA,call,OTM1,market,90.0,14:00,14:15,target,0.9
2026-02-20,TSLA,call,OTM1,market,90.0,14:30,14:35,target,0.9
2026-02-20,TSLA,call,OTM1,market,90.0,15:00,16:00,forced,-0.03922
2026-02-23,TSLA,call,OTM1,market,90.0,10:00,12:05,target,0.9
2026-02-24,TSLA,call,OTM1,market,90.0,13:30,13:45,target,0.9
2026-02-24,TSLA,call,OTM1,market,90.0,14:00,14:05,target,0.9
2026-02-24,TSLA,call,OTM1,market,90.0,14:30,14:50,target,0.9
2026-02-24,TSLA,call,OTM1,market,90.0,15:00,16:00,forced,-0.03922
2026-02-25,TSLA,call,OTM1,market,90.0,13:30,16:00,forced,-0.77252
2026-02-26,TSLA,call,OTM1,market,90.0,10:00,10:35,target,0.9
2026-02-26,TSLA,call,OTM1,market,90.0,13:00,13:05,target,0.9
2026-02-27,TSLA,call,OTM1,market,90.0,10:00,10:05,target,0.9
2026-02-27,TSLA,call,OTM1,market,90.0,14:30,14:35,target,0.9
2026-02-27,TSLA,call,OTM1,market,90.0,15:00,16:00,forced,-0.07547
2026-03-02,TSLA,call,OTM1,market,90.0,14:00,14:20,target,0.9
2026-03-03,TSLA,call,OTM1,market,90.0,14:00,16:00,forced,-0.03922
2026-03-04,TSLA,call,OTM1,market,90.0,09:35,09:45,target,0.9
2026-03-04,TSLA,call,OTM1,market,90.0,10:00,10:10,target,0.9
2026-03-04,TSLA,call,OTM1,market,90.0,10:30,11:35,target,0.9
2026-03-05,TSLA,call,OTM1,market,90.0,09:35,10:00,target,0.9
2026-03-05,TSLA,call,OTM1,market,90.0,10:00,10:25,target,0.9
2026-03-05,TSLA,call,OTM1,market,90.0,10:30,11:20,target,0.9
2026-03-06,TSLA,call,OTM1,market,90.0,09:35,10:20,target,0.9
2026-03-06,TSLA,call,OTM1,market,90.0,10:30,11:25,target,0.9
2026-03-09,TSLA,call,OTM1,market,90.0,14:00,14:10,target,0.9
2026-03-09,TSLA,call,OTM1,market,90.0,14:30,14:40,target,0.9
2026-03-10,TSLA,call,OTM1,market,90.0,14:00,16:00,forced,-0.85838
2026-03-11,TSLA,call,OTM1,market,90.0,14:00,16:00,forced,-0.03922
2026-03-12,TSLA,call,OTM1,market,90.0,14:00,16:00,forced,-0.03922
2026-03-13,TSLA,call,OTM1,market,90.0,09:35,10:05,target,0.9
2026-02-16,TSLA,call,OTM1,market,100.0,13:30,13:35,target,1.0
2026-02-16,TSLA,call,OTM1,market,100.0,14:00,14:50,target,1.0
2026-02-16,TSLA,call,OTM1,market,100.0,15:00,16:00,forced,-0.22713
2026-02-17,TSLA,call,OTM1,market,100.0,13:30,13:35,target,1.0
2026-02-18,TSLA,call,OTM1,market,100.0,09:35,15:25,target,1.0
2026-02-19,TSLA,call,OTM1,market,100.0,09:35,10:20,target,1.0
2026-02-19,TSLA,call,OTM1,market,100.0,10:30,10:50,target,1.0
2026-02-19,TSLA,call,OTM1,market,100.0,15:30,16:00,forced,-0.03922
2026-02-20,TSLA,call,OTM1,market,100.0,13:30,13:35,target,1.0
2026-02-20,TSLA,call,OTM1,market,100.0,14:00,14:15,target,1.0
2026-02-20,TSLA,call,OTM1,market,100.0,14:30,16:00,forced,-0.72808
2026-02-23,TSLA,call,OTM1,market,100.0,09:35,12:05,target,1.0
2026-02-24,TSLA,call,OTM1,market,100.0,13:30,13:45,target,1.0
2026-02-24,TSLA,call,OTM1,market,100.0,14:00,14:05,target,1.0
2026-02-24,TSLA,call,OTM1,market,100.0,14:30,14:50,target,1.0
2026-02-24,TSLA,call,OTM1,market,100.0,15:00,16:00,forced,-0.03922
2026-02-25,TSLA,call,OTM1,market,100.0,13:30,16:00,forced,-0.77252
2026-02-26,TSLA,call,OTM1,market,100.0,09:35,10:40,target,1.0
2026-02-26,TSLA,call,OTM1,market,100.0,13:00,13:05,target,1.0
2026-02-27,TSLA,call,OTM1,market,100.0,09:35,09:40,target,1.0
2026-02-27,TSLA,call,OTM1,market,100.0,10:00,10:10,target,1.0
2026-02-27,TSLA,call,OTM1,market,100.0,14:30,14:35,target,1.0
2026-02-27,TSLA,call,OTM1,market,100.0,15:00,16:00,forced,-0.07547
2026-03-02,TSLA,call,OTM1,market,100.0,14:00,14:20,target,1.0
2026-03-03,TSLA,call,OTM1,market,100.0,14:00,16:00,forced,-0.03922
2026-03-04,TSLA,call,OTM1,market,100.0,09:35,09:50,target,1.0
2026-03-04,TSLA,call,OTM1,market,100.0,10:00,10:20,target,1.0
2026-03-04,TSLA,call,OTM1,market,100.0,11:00,11:10,target,1.0
2026-03-05,TSLA,call,OTM1,market,100.0,09:35,10:00,target,1.0
2026-03-05,TSLA,call,OTM1,market,100.0,10:00,10:25,target,1.0
2026-03-05,TSLA,call,OTM1,market,100.0,11:00,11:20,target,1.0
2026-03-06,TSLA,call,OTM1,market,100.0,09:35,10:20,target,1.0
2026-03-06,TSLA,call,OTM1,market,100.0,11:00,11:25,target,1.0
2026-03-09,TSLA,call,OTM1,market,100.0,14:00,14:10,target,1.0
2026-03-09,TSLA,call,OTM1,market,100.0,14:30,14:40,target,1.0
2026-03-10,TSLA,call,OTM1,market,100.0,14:00,16:00,forced,-0.85838
2026-03-11,TSLA,call,OTM1,market,100.0,14:00,16:00,forced,-0.03922
2026-03-12,TSLA,call,OTM1,market,100.0,14:00,16:00,forced,-0.03922
2026-03-13,TSLA,call,OTM1,market,100.0,09:35,10:10,target,1.0
2026-02-16,TSLA,call,OTM2+,mid,20.0,10:00,10:30,target,0.2
2026-02-16,TSLA,call,OTM2+,mid,20.0,12:00,12:05,target,0.2
2026-02-16,TSLA,call,OTM2+,mid,20.0,13:00,13:10,target,0.2
2026-02-16,TSLA,call,OTM2+,mid,20.0,13:30,13:35,target,0.2
2026-02-16,TSLA,call,OTM2+,mid,20.0,14:00,14:50,target,0.2
2026-02-16,TSLA,call,OTM2+,mid,20.0,15:00,16:00,forced,0.0
2026-02-17,TSLA,call,OTM2+,mid,20.0,09:35,10:00,target,0.2
2026-02-17,TSLA,call,OTM2+,mid,20.0,10:00,10:05,target,0.2
2026-02-17,TSLA,call,OTM2+,mid,20.0,13:30,13:35,target,0.2
2026-02-18,TSLA,call,OTM2+,mid,20.0,09:35,10:25,target,0.2
2026-02-18,TSLA,call,OTM2+,mid,20.0,10:30,15:25,target,0.2
2026-02-19,TSLA,call,OTM2+,mid,20.0,09:35,10:05,target,0.2
2026-02-20,TSLA,call,OTM2+,mid,20.0,09:35,09:55,target,0.2
2026-02-20,TSLA,call,OTM2+,mid,20.0,10:00,16:00,forced,-0.608
2026-02-23,TSLA,call,OTM2+,mid,20.0,09:35,10:10,target,0.2
2026-02-23,TSLA,call,OTM2+,mid,20.0,10:30,10:35,target,0.2
2026-02-23,TSLA,call,OTM2+,mid,20.0,11:00,11:15,target,0.2
2026-02-23,TSLA,call,OTM2+,mid,20.0,11:30,11:40,target,0.2
2026-02-24,TSLA,call,OTM2+,mid,20.0,09:35,09:50,target,0.2
2026-02-24,TSLA,call,OTM2+,mid,20.0,11:30,11:40,target,0.2
2026-02-24,TSLA,call,OTM2+,mid,20.0,12:30,16:00,forced,0.0
2026-02-25,TSLA,call,OTM2+,mid,20.0,10:00,16:00,forced,-0.34167
2026-02-26,TSLA,call,OTM2+,mid,20.0,09:35,10:40,target,0.2
2026-02-26,TSLA,call,OTM2+,mid,20.0,12:30,13:00,target,0.2
2026-02-26,TSLA,call,OTM2+,mid,20.0,13:00,13:05,target,0.2
2026-02-27,TSLA,call,OTM2+,mid,20.0,09:35,09:40,target,0.2
2026-03-02,TSLA,call,OTM2+,mid,20.0,09:35,14:25,target,0.2
2026-03-03,TSLA,call,OTM2+,mid,20.0,09:35,09:40,target,0.2
2026-03-03,TSLA,call,OTM2+,mid,20.0,10:00,10:05,target,0.2
2026-03-03,TSLA,call,OTM2+,mid,20.0,10:30,10:40,target,0.2
2026-03-03,TSLA,call,OTM2+,mid,20.0,11:00,11:05,target,0.2
2026-03-03,TSLA,call,OTM2+,mid,20.0,11:30,11:45,target,0.2
2026-03-03,TSLA,call,OTM2+,mid,20.0,12:00,12:10,target,0.2
2026-03-03,TSLA,call,OTM2+,mid,20.0,13:30,16:00,forced,0.0
2026-03-04,TSLA,call,OTM2+,mid,20.0,09:35,09:45,target,0.2
2026-03-04,TSLA,call,OTM2+,mid,20.0,10:00,10:05,target,0.2
2026-03-05,TSLA,call,OTM2+,mid,20.0,09:35,09:45,target,0.2
2026-03-05,TSLA,call,OTM2+,mid,20.0,10:00,10:05,target,0.2
2026-03-05,TSLA,call,OTM2+,mid,20.0,11:00,11:05,target,0.2
2026-03-06,TSLA,call,OTM2+,mid,20.0,09:35,10:10,target,0.2
2026-03-09,TSLA,call,OTM2+,mid,20.0,09:35,10:20,target,0.2
2026-03-09,TSLA,call,OTM2+,mid,20.0,10:30,10:35,target,0.2
2026-03-09,TSLA,call,OTM2+,mid,20.0,11:00,11:05,target,0.2
2026-03-09,TSLA,call,OTM2+,mid,20.0,11:30,14:45,target,0.2
2026-03-10,TSLA,call,OTM2+,mid,20.0,09:35,09:40,target,0.2
2026-03-10,TSLA,call,OTM2+,mid,20.0,14:00,16:00,forced,0.0
2026-03-11,TSLA,call,OTM2+,mid,20.0,10:30,16:00,forced,-0.77723
2026-03-12,TSLA,call,OTM2+,mid,20.0,09:35,09:50,target,0.2
2026-03-12,TSLA,call,OTM2+,mid,20.0,10:00,10:05,target,0.2
2026-03-12,TSLA,call,OTM2+,mid,20.0,12:00,16:00,forced,-0.02818
2026-03-13,TSLA,call,OTM2+,mid,20.0,09:35,09:50,target,0.2
2026-03-13,TSLA,call,OTM2+,mid,20.0,10:00,10:05,target,0.2
2026-02-16,TSLA,call,OTM2+,mid,25.0,10:00,10:30,target,0.25
2026-02-16,TSLA,call,OTM2+,mid,25.0,12:00,12:05,target,0.25
2026-02-16,TSLA,call,OTM2+,mid,25.0,13:00,13:10,target,0.25
2026-02-16,TSLA,call,OTM2+,mid,25.0,13:30,13:35,target,0.25
2026-02-16,TSLA,call,OTM2+,mid,25.0,14:00,14:50,target,0.25
2026-02-16,TSLA,call,OTM2+,mid,25.0,15:00,16:00,forced,0.0
2026-02-17,TSLA,call,OTM2+,mid,25.0,10:00,10:05,target,0.25
2026-02-17,TSLA,call,OTM2+,mid,25.0,13:30,13:35,target,0.25
2026-02-18,TSLA,call,OTM2+,mid,25.0,10:00,10:05,target,0.25
2026-02-18,TSLA,call,OTM2+,mid,25.0,10:30,15:25,target,0.25
2026-02-19,TSLA,call,OTM2+,mid,25.0,10:00,10:05,target,0.25
2026-02-20,TSLA,call,OTM2+,mid,25.0,10:00,16:00,forced,-0.608
2026-02-23,TSLA,call,OTM2+,mid,25.0,10:00,10:10,target,0.25
2026-02-23,TSLA,call,OTM2+,mid,25.0,10:30,10:35,target,0.25
2026-02-23,TSLA,call,OTM2+,mid,25.0,11:00,11:15,target,0.25
2026-02-23,TSLA,call,OTM2+,mid,25.0,11:30,11:40,target,0.25
2026-02-24,TSLA,call,OTM2+,mid,25.0,09:35,09:50,target,0.25
2026-02-24,TSLA,call,OTM2+,mid,25.0,11:30,11:40,target,0.25
2026-02-24,TSLA,call,OTM2+,mid,25.0,12:30,16:00,forced,0.0
2026-02-25,TSLA,call,OTM2+,mid,25.0,10:00,16:00,forced,-0.34167
2026-02-26,TSLA,call,OTM2+,mid,25.0,10:00,10:10,target,0.25
2026-02-26,TSLA,call,OTM2+,mid,25.0,10:30,10:35,target,0.25
2026-02-26,TSLA,call,OTM2+,mid,25.0,12:30,13:00,target,0.25
2026-02-26,TSLA,call,OTM2+,mid,25.0,13:00,13:05,target,0.25
2026-02-27,TSLA,call,OTM2+,mid,25.0,09:35,09:40,target,0.25
2026-03-02,TSLA,call,OTM2+,mid,25.0,09:35,14:25,target,0.25
2026-03-03,TSLA,call,OTM2+,mid,25.0,09:35,09:40,target,0.25
2026-03-03,TSLA,call,OTM2+,mid,25.0,10:00,10:05,target,0.25
2026-03-03,TSLA,call,OTM2+,mid,25.0,10:30,10:40,target,0.25
2026-03-03,TSLA,call,OTM2+,mid,25.0,11:00,11:05,target,0.25
2026-03-03,TSLA,call,OTM2+,mid,25.0,11:30,11:45,target,0.25
2026-03-03,TSLA,call,OTM2+,mid,25.0,12:00,12:10,target,0.25
2026-03-03,TSLA,call,OTM2+,mid,25.0,13:30,16:00,forced,0.0
2026-03-04,TSLA,call,OTM2+,mid,25.0,09:35,09:45,target,0.25
2026-03-04,TSLA,call,OTM2+,mid,25.0,10:00,10:05,target,0.25
2026-03-05,TSLA,call,OTM2+,mid,25.0,09:35,09:45,target,0.25
2026-03-05,TSLA,call,OTM2+,mid,25.0,10:00,10:05,target,0.25
2026-03-05,TSLA,call,OTM2+,mid,25.0,11:00,11:05,target,0.25
2026-03-06,TSLA,call,OTM2+,mid,25.0,09:35,10:10,target,0.25
2026-03-09,TSLA,call,OTM2+,mid,25.0,09:35,10:40,target,0.25
2026-03-09,TSLA,call,OTM2+,mid,25.0,11:00,11:05,target,0.25
2026-03-09,TSLA,call,OTM2+,mid,25.0,11:30,14:45,target,0.25
2026-03-10,TSLA,call,OTM2+,mid,25.0,09:35,09:40,target,0.25
2026-03-10,TSLA,call,OTM2+,mid,25.0,14:00,16:00,forced,0.0
2026-03-11,TSLA,call,OTM2+,mid,25.0,10:30,16:00,forced,-0.77723
2026-03-12,TSLA,call,OTM2+,mid,25.0,09:35,09:50,target,0.25
2026-03-12,TSLA,call,OTM2+,mid,25.0,10:00,10:05,target,0.25
2026-03-12,TSLA,call,OTM2+,mid,25.0,12:00,16:00,forced,-0.02818
2026-03-13,TSLA,call,OTM2+,mid,25.0,09:35,09:50,target,0.25
2026-03-13,TSLA,call,OTM2+,mid,25.0,10:00,10:05,target,0.25
2026-02-16,TSLA,call,OTM2+,mid,30.0,10:00,10:30,target,0.3
2026-02-16,TSLA,call,OTM2+,mid,30.0,12:00,12:05,target,0.3
2026-02-16,TSLA,call,OTM2+,mid,30.0,13:00,13:10,target,0.3
2026-02-16,TSLA,call,OTM2+,mid,30.0,13:30,13:35,target,0.3
2026-02-16,TSLA,call,OTM2+,mid,30.0,14:00,14:50,target,0.3
2026-02-16,TSLA,call,OTM2+,mid,30.0,15:00,16:00,forced,0.0
2026-02-17,TSLA,call,OTM2+,mid,30.0,10:00,10:05,target,0.3
2026-02-17,TSLA,call,OTM2+,mid,30.0,13:30,13:35,target,0.3
2026-02-18,TSLA,call,OTM2+,mid,30.0,10:00,10:05,target,0.3
2026-02-18,TSLA,call,OTM2+,mid,30.0,10:30,15:25,target,0.3
2026-02-19,TSLA,call,OTM2+,mid,30.0,10:00,10:05,target,0.3
2026-02-20,TSLA,call,OTM2+,mid,30.0,10:00,16:00,forced,-0.608
2026-02-23,TSLA,call,OTM2+,mid,30.0,10:00,10:10,target,0.3
2026-02-23,TSLA,call,OTM2+,mid,30.0,10:30,10:35,target,0.3
2026-02-23,TSLA,call,OTM2+,mid,30.0,11:00,11:15,target,0.3
2026-02-23,TSLA,call,OTM2+,mid,30.0,11:30,11:40,target,0.3
2026-02-24,TSLA,call,OTM2+,mid,30.0,09:35,09:55,target,0.3
2026-02-24,TSLA,call,OTM2+,mid,30.0,11:30,11:40,target,0.3
2026-02-24,TSLA,call,OTM2+,mid,30.0,12:30,16:00,forced,0.0
2026-02-25,TSLA,call,OTM2+,mid,30.0,10:00,16:00,forced,-0.34167
2026-02-26,TSLA,call,OTM2+,mid,30.0,10:00,10:10,target,0.3
2026-02-26,TSLA,call,OTM2+,mid,30.0,10:30,10:35,target,0.3
2026-02-26,TSLA,call,OTM2+,mid,30.0,12:30,13:00,target,0.3
2026-02-26,TSLA,call,OTM2+,mid,30.0,13:00,13:05,target,0.3
2026-02-27,TSLA,call,OTM2+,mid,30.0,09:35,09:40,target,0.3
2026-03-02,TSLA,call,OTM2+,mid,30.0,09:35,14:25,target,0.3
2026-03-03,TSLA,call,OTM2+,mid,30.0,09:35,09:40,target,0.3
2026-03-03,TSLA,call,OTM2+,mid,30.0,10:00,10:05,target,0.3
2026-03-03,TSLA,call,OTM2+,mid,30.0,10:30,10:40,target,0.3
2026-03-03,TSLA,call,OTM2+,mid,30.0,11:00,11:05,target,0.3
2026-03-03,TSLA,call,OTM2+,mid,30.0,11:30,11:45,target,0.3
2026-03-03,TSLA,call,OTM2+,mid,30.0,12:00,12:10,target,0.3
2026-03-03,TSLA,call,OTM2+,mid,30.0,13:30,16:00,forced,0.0
2026-03-04,TSLA,call,OTM2+,mid,30.0,09:35,09:45,target,0.3
2026-03-04,TSLA,call,OTM2+,mid,30.0,10:00,10:05,target,0.3
2026-03-05,TSLA,call,OTM2+,mid,30.0,09:35,09:45,target,0.3
2026-03-05,TSLA,call,OTM2+,mid,30.0,10:00,10:05,target,0.3
2026-03-05,TSLA,call,OTM2+,mid,30.0,11:00,11:05,target,0.3
2026-03-06,TSLA,call,OTM2+,mid,30.0,09:35,10:10,target,0.3
2026-03-09,TSLA,call,OTM2+,mid,30.0,09:35,10:40,target,0.3
2026-03-09,TSLA,call,OTM2+,mid,30.0,11:00,11:05,target,0.3
2026-03-09,TSLA,call,OTM2+,mid,30.0,11:30,14:45,target,0.3
2026-03-10,TSLA,call,OTM2+,mid,30.0,09:35,09:40,target,0.3
2026-03-10,TSLA,call,OTM2+,mid,30.0,14:00,16:00,forced,0.0
2026-03-11,TSLA,call,OTM2+,mid,30.0,10:30,16:00,forced,-0.77723
2026-03-12,TSLA,call,OTM2+,mid,30.0,09:35,09:50,target,0.3
2026-03-12,TSLA,call,OTM2+,mid,30.0,10:00,10:05,target,0.3
2026-03-12,TSLA,call,OTM2+,mid,30.0,12:00,16:00,forced,-0.02818
2026-03-13,TSLA,call,OTM2+,mid,30.0,09:35,09:50,target,0.3
2026-03-13,TSLA,call,OTM2+,mid,30.0,10:00,10:05,target,0.3
2026-02-16,TSLA,call,OTM2+,mid,40.0,10:00,10:30,target,0.4
2026-02-16,TSLA,call,OTM2+,mid,40.0,12:00,12:05,target,0.4
2026-02-16,TSLA,call,OTM2+,mid,40.0,13:00,13:10,target,0.4
2026-02-16,TSLA,call,OTM2+,mid,40.0,13:30,13:35,target,0.4
2026-02-16,TSLA,call,OTM2+,mid,40.0,14:00,16:00,forced,0.0
2026-02-17,TSLA,call,OTM2+,mid,40.0,10:00,10:05,target,0.4
2026-02-17,TSLA,call,OTM2+,mid,40.0,13:30,13:35,target,0.4
2026-02-18,TSLA,call,OTM2+,mid,40.0,10:00,10:05,target,0.4
2026-02-18,TSLA,call,OTM2+,mid,40.0,10:30,15:25,target,0.4
2026-02-19,TSLA,call,OTM2+,mid,40.0,10:00,10:05,target,0.4
2026-02-20,TSLA,call,OTM2+,mid,40.0,10:00,16:00,forced,-0.608
2026-02-23,TSLA,call,OTM2+,mid,40.0,10:00,10:10,target,0.4
2026-02-23,TSLA,call,OTM2+,mid,40.0,10:30,10:35,target,0.4
2026-02-23,TSLA,call,OTM2+,mid,40.0,11:00,11:15,target,0.4
2026-02-23,TSLA,call,OTM2+,mid,40.0,11:30,11:40,target,0.4
2026-02-24,TSLA,call,OTM2+,mid,40.0,09:35,09:55,target,0.4
2026-02-24,TSLA,call,OTM2+,mid,40.0,11:30,11:40,target,0.4
2026-02-24,TSLA,call,OTM2+,mid,40.0,12:30,16:00,forced,0.0
2026-02-25,TSLA,call,OTM2+,mid,40.0,10:00,16:00,forced,-0.34167
2026-02-26,TSLA,call,OTM2+,mid,40.0,10:00,10:35,target,0.4
2026-02-26,TSLA,call,OTM2+,mid,40.0,12:30,13:00,target,0.4
2026-02-26,TSLA,call,OTM2+,mid,40.0,13:00,13:05,target,0.4
2026-02-27,TSLA,call,OTM2+,mid,40.0,09:35,09:40,target,0.4
2026-03-02,TSLA,call,OTM2+,mid,40.0,09:35,14:25,target,0.4
2026-03-03,TSLA,call,OTM2+,mid,40.0,09:35,09:40,target,0.4
2026-03-03,TSLA,call,OTM2+,mid,40.0,10:00,10:05,target,0.4
2026-03-03,TSLA,call,OTM2+,mid,40.0,10:30,10:45,target,0.4
2026-03-03,TSLA,call,OTM2+,mid,40.0,11:00,11:05,target,0.4
2026-03-03,TSLA,call,OTM2+,mid,40.0,11:30,11:45,target,0.4
2026-03-03,TSLA,call,OTM2+,mid,40.0,12:00,12:10,target,0.4
2026-03-03,TSLA,call,OTM2+,mid,40.0,13:30,16:00,forced,0.0
2026-03-04,TSLA,call,OTM2+,mid,40.0,09:35,09:45,target,0.4
2026-03-04,TSLA,call,OTM2+,mid,40.0,10:00,10:05,target,0.4
2026-03-05,TSLA,call,OTM2+,mid,40.0,09:35,09:55,target,0.4
2026-03-05,TSLA,call,OTM2+,mid,40.0,10:00,10:05,target,0.4
2026-03-05,TSLA,call,OTM2+,mid,40.0,11:00,11:05,target,0.4
2026-03-06,TSLA,call,OTM2+,mid,40.0,09:35,10:10,target,0.4
2026-03-09,TSLA,call,OTM2+,mid,40.0,09:35,10:40,target,0.4
2026-03-09,TSLA,call,OTM2+,mid,40.0,11:00,11:05,target,0.4
2026-03-09,TSLA,call,OTM2+,mid,40.0,11:30,14:45,target,0.4
2026-03-10,TSLA,call,OTM2+,mid,40.0,09:35,09:40,target,0.4
2026-03-10,TSLA,call,OTM2+,mid,40.0,14:00,16:00,forced,0.0
2026-03-11,TSLA,call,OTM2+,mid,40.0,10:30,16:00,forced,-0.77723
2026-03-12,TSLA,call,OTM2+,mid,40.0,09:35,09:50,target,0.4
2026-03-12,TSLA,call,OTM2+,mid,40.0,10:00,10:05,target,0.4
2026-03-12,TSLA,call,OTM2+,mid,40.0,12:00,16:00,forced,-0.02818
2026-03-13,TSLA,call,OTM2+,mid,40.0,09:35,09:50,target,0.4
2026-03-13,TSLA,call,OTM2+,mid,40.0,10:00,10:05,target,0.4
2026-02-16,TSLA,call,OTM2+,mid,50.0,10:00,10:30,target,0.5
2026-02-16,TSLA,call,OTM2+,mid,50.0,12:00,12:05,target,0.5
2026-02-16,TSLA,call,OTM2+,mid,50.0,13:00,13:15,target,0.5
2026-02-16,TSLA,call,OTM2+,mid,50.0,13:30,13:35,target,0.5
2026-02-16,TSLA,call,OTM2+,mid,50.0,14:00,16:00,forced,0.0
2026-02-17,TSLA,call,OTM2+,mid,50.0,09:35,10:05,target,0.5
2026-02-17,TSLA,call,OTM2+,mid,50.0,13:30,13:35,target,0.5
2026-02-18,TSLA,call,OTM2+,mid,50.0,09:35,15:25,target,0.5
2026-02-19,TSLA,call,OTM2+,mid,50.0,09:35,10:05,target,0.5
2026-02-20,TSLA,call,OTM2+,mid,50.0,09:35,09:55,target,0.5
2026-02-20,TSLA,call,OTM2+,mid,50.0,10:00,16:00,forced,-0.608
2026-02-23,TSLA,call,OTM2+,mid,50.0,09:35,10:10,target,0.5
2026-02-23,TSLA,call,OTM2+,mid,50.0,10:30,10:35,target,0.5
2026-02-23,TSLA,call,OTM2+,mid,50.0,11:00,11:15,target,0.5
2026-02-23,TSLA,call,OTM2+,mid,50.0,11:30,11:40,target,0.5
2026-02-24,TSLA,call,OTM2+,mid,50.0,09:35,09:55,target,0.5
2026-02-24,TSLA,call,OTM2+,mid,50.0,11:30,11:40,target,0.5
2026-02-24,TSLA,call,OTM2+,mid,50.0,12:30,16:00,forced,0.0
2026-02-25,TSLA,call,OTM2+,mid,50.0,10:00,16:00,forced,-0.34167
2026-02-26,TSLA,call,OTM2+,mid,50.0,09:35,10:40,target,0.5
2026-02-26,TSLA,call,OTM2+,mid,50.0,12:30,13:00,target,0.5
2026-02-26,TSLA,call,OTM2+,mid,50.0,13:00,13:05,target,0.5
2026-02-27,TSLA,call,OTM2+,mid,50.0,09:35,09:40,target,0.5
2026-03-02,TSLA,call,OTM2+,mid,50.0,09:35,14:25,target,0.5
2026-03-03,TSLA,call,OTM2+,mid,50.0,09:35,10:10,target,0.5
2026-03-03,TSLA,call,OTM2+,mid,50.0,10:30,10:45,target,0.5
2026-03-03,TSLA,call,OTM2+,mid,50.0,11:00,11:05,target,0.5
2026-03-03,TSLA,call,OTM2+,mid,50.0,11:30,11:45,target,0.5
2026-03-03,TSLA,call,OTM2+,mid,50.0,12:00,12:10,target,0.5
2026-03-03,TSLA,call,OTM2+,mid,50.0,13:30,16:00,forced,0.0
2026-03-04,TSLA,call,OTM2+,mid,50.0,09:35,09:45,target,0.5
2026-03-04,TSLA,call,OTM2+,mid,50.0,10:00,10:05,target,0.5
2026-03-05,TSLA,call,OTM2+,mid,50.0,09:35,09:55,target,0.5
2026-03-05,TSLA,call,OTM2+,mid,50.0,10:00,10:05,target,0.5
2026-03-05,TSLA,call,OTM2+,mid,50.0,11:00,11:05,target,0.5
2026-03-06,TSLA,call,OTM2+,mid,50.0,09:35,10:10,target,0.5
2026-03-09,TSLA,call,OTM2+,mid,50.0,09:35,10:40,target,0.5
2026-03-09,TSLA,call,OTM2+,mid,50.0,11:00,11:05,target,0.5
2026-03-09,TSLA,call,OTM2+,mid,50.0,11:30,14:45,target,0.5
2026-03-10,TSLA,call,OTM2+,mid,50.0,09:35,09:40,target,0.5
2026-03-10,TSLA,call,OTM2+,mid,50.0,14:00,16:00,forced,0.0
2026-03-11,TSLA,call,OTM2+,mid,50.0,10:30,16:00,forced,-0.77723
2026-03-12,TSLA,call,OTM2+,mid,50.0,09:35,09:50,target,0.5
2026-03-12,TSLA,call,OTM2+,mid,50.0,10:00,10:10,target,0.5
2026-03-12,TSLA,call,OTM2+,mid,50.0,12:00,16:00,forced,-0.02818
2026-03-13,TSLA,call,OTM2+,mid,50.0,09:35,09:50,target,0.5
2026-03-13,TSLA,call,OTM2+,mid,50.0,10:00,10:05,target,0.5
2026-02-16,TSLA,call,OTM2+,mid,60.0,10:00,10:30,target,0.6
2026-02-16,TSLA,call,OTM2+,mid,60.0,12:00,12:05,target,0.6
2026-02-16,TSLA,call,OTM2+,mid,60.0,13:00,13:15,target,0.6
2026-02-16,TSLA,call,OTM2+,mid,60.0,13:30,13:35,target,0.6
2026-02-16,TSLA,call,OTM2+,mid,60.0,14:00,16:00,forced,0.0
2026-02-17,TSLA,call,OTM2+,mid,60.0,10:00,10:10,target,0.6
2026-02-17,TSLA,call,OTM2+,mid,60.0,13:30,13:35,target,0.6
2026-02-18,TSLA,call,OTM2+,mid,60.0,10:00,10:05,target,0.6
2026-02-18,TSLA,call,OTM2+,mid,60.0,10:30,15:25,target,0.6
2026-02-19,TSLA,call,OTM2+,mid,60.0,10:00,10:05,target,0.6
2026-02-20,TSLA,call,OTM2+,mid,60.0,10:00,16:00,forced,-0.608
2026-02-23,TSLA,call,OTM2+,mid,60.0,10:00,10:20,target,0.6
2026-02-23,TSLA,call,OTM2+,mid,60.0,10:30,10:35,target,0.6
2026-02-23,TSLA,call,OTM2+,mid,60.0,11:00,11:40,target,0.6
2026-02-24,TSLA,call,OTM2+,mid,60.0,09:35,09:55,target,0.6
2026-02-24,TSLA,call,OTM2+,mid,60.0,11:30,11:40,target,0.6
2026-02-24,TSLA,call,OTM2+,mid,60.0,12:30,16:00,forced,0.0
2026-02-25,TSLA,call,OTM2+,mid,60.0,10:00,16:00,forced,-0.34167
2026-02-26,TSLA,call,OTM2+,mid,60.0,10:00,10:35,target,0.6
2026-02-26,TSLA,call,OTM2+,mid,60.0,12:30,13:05,target,0.6
2026-02-27,TSLA,call,OTM2+,mid,60.0,09:35,09:40,target,0.6
2026-03-02,TSLA,call,OTM2+,mid,60.0,09:35,14:25,target,0.6
2026-03-03,TSLA,call,OTM2+,mid,60.0,09:35,10:10,target,0.6
2026-03-03,TSLA,call,OTM2+,mid,60.0,10:30,10:45,target,0.6
2026-03-03,TSLA,call,OTM2+,mid,60.0,11:00,11:05,target,0.6
2026-03-03,TSLA,call,OTM2+,mid,60.0,11:30,12:10,target,0.6
2026-03-03,TSLA,call,OTM2+,mid,60.0,13:30,16:00,forced,0.0
2026-03-04,TSLA,call,OTM2+,mid,60.0,09:35,09:45,target,0.6
2026-03-04,TSLA,call,OTM2+,mid,60.0,10:00,10:05,target,0.6
2026-03-05,TSLA,call,OTM2+,mid,60.0,09:35,09:55,target,0.6
2026-03-05,TSLA,call,OTM2+,mid,60.0,10:00,10:05,target,0.6
2026-03-05,TSLA,call,OTM2+,mid,60.0,11:00,11:05,target,0.6
2026-03-06,TSLA,call,OTM2+,mid,60.0,09:35,10:10,target,0.6
2026-03-09,TSLA,call,OTM2+,mid,60.0,09:35,14:50,target,0.6
2026-03-10,TSLA,call,OTM2+,mid,60.0,09:35,09:40,target,0.6
2026-03-10,TSLA,call,OTM2+,mid,60.0,14:00,16:00,forced,0.0
2026-03-11,TSLA,call,OTM2+,mid,60.0,10:30,16:00,forced,-0.77723
2026-03-12,TSLA,call,OTM2+,mid,60.0,09:35,09:50,target,0.6
2026-03-12,TSLA,call,OTM2+,mid,60.0,10:00,10:10,target,0.6
2026-03-12,TSLA,call,OTM2+,mid,60.0,12:00,16:00,forced,-0.02818
2026-03-13,TSLA,call,OTM2+,mid,60.0,09:35,09:50,target,0.6
2026-03-13,TSLA,call,OTM2+,mid,60.0,10:00,10:05,target,0.6
2026-02-16,TSLA,call,OTM2+,mid,70.0,10:00,10:30,target,0.7
2026-02-16,TSLA,call,OTM2+,mid,70.0,12:00,12:05,target,0.7
2026-02-16,TSLA,call,OTM2+,mid,70.0,13:00,13:35,target,0.7
2026-02-16,TSLA,call,OTM2+,mid,70.0,14:00,16:00,forced,0.0
2026-02-17,TSLA,call,OTM2+,mid,70.0,10:00,10:10,target,0.7
2026-02-17,TSLA,call,OTM2+,mid,70.0,13:30,13:35,target,0.7
2026-02-18,TSLA,call,OTM2+,mid,70.0,10:00,10:05,target,0.7
2026-02-18,TSLA,call,OTM2+,mid,70.0,10:30,15:25,target,0.7
2026-02-19,TSLA,call,OTM2+,mid,70.0,10:00,10:05,target,0.7
2026-02-20,TSLA,call,OTM2+,mid,70.0,10:00,16:00,forced,-0.608
2026-02-23,TSLA,call,OTM2+,mid,70.0,10:00,10:20,target,0.7
2026-02-23,TSLA,call,OTM2+,mid,70.0,10:30,10:55,target,0.7
2026-02-23,TSLA,call,OTM2+,mid,70.0,11:00,11:40,target,0.7
2026-02-24,TSLA,call,OTM2+,mid,70.0,09:35,09:55,target,0.7
2026-02-24,TSLA,call,OTM2+,mid,70.0,11:30,11:40,target,0.7
2026-02-24,TSLA,call,OTM2+,mid,70.0,12:30,16:00,forced,0.0
2026-02-25,TSLA,call,OTM2+,mid,70.0,10:00,16:00,forced,-0.34167
2026-02-26,TSLA,call,OTM2+,mid,70.0,10:00,10:35,target,0.7
2026-02-26,TSLA,call,OTM2+,mid,70.0,12:30,13:05,target,0.7
2026-02-27,TSLA,call,OTM2+,mid,70.0,09:35,09:40,target,0.7
2026-03-02,TSLA,call,OTM2+,mid,70.0,09:35,14:25,target,0.7
2026-03-03,TSLA,call,OTM2+,mid,70.0,09:35,10:10,target,0.7
2026-03-03,TSLA,call,OTM2+,mid,70.0,10:30,10:50,target,0.7
2026-03-03,TSLA,call,OTM2+,mid,70.0,11:00,11:05,target,0.7
2026-03-03,TSLA,call,OTM2+,mid,70.0,11:30,12:10,target,0.7
2026-03-03,TSLA,call,OTM2+,mid,70.0,13:30,16:00,forced,0.0
2026-03-04,TSLA,call,OTM2+,mid,70.0,09:35,09:45,target,0.7
2026-03-04,TSLA,call,OTM2+,mid,70.0,10:00,10:10,target,0.7
2026-03-05,TSLA,call,OTM2+,mid,70.0,09:35,09:55,target,0.7
2026-03-05,TSLA,call,OTM2+,mid,70.0,10:00,10:05,target,0.7
2026-03-05,TSLA,call,OTM2+,mid,70.0,11:00,11:05,target,0.7
2026-03-06,TSLA,call,OTM2+,mid,70.0,09:35,10:10,target,0.7
2026-03-09,TSLA,call,OTM2+,mid,70.0,09:35,14:50,target,0.7
2026-03-10,TSLA,call,OTM2+,mid,70.0,09:35,09:40,target,0.7
2026-03-10,TSLA,call,OTM2+,mid,70.0,14:00,16:00,forced,0.0
2026-03-11,TSLA,call,OTM2+,mid,70.0,10:30,16:00,forced,-0.77723
2026-03-12,TSLA,call,OTM2+,mid,70.0,09:35,09:50,target,0.7
2026-03-12,TSLA,call,OTM2+,mid,70.0,10:00,10:10,target,0.7
2026-03-12,TSLA,call,OTM2+,mid,70.0,12:00,16:00,forced,-0.02818
2026-03-13,TSLA,call,OTM2+,mid,70.0,09:35,09:50,target,0.7
2026-03-13,TSLA,call,OTM2+,mid,70.0,10:00,10:05,target,0.7
2026-02-16,TSLA,call,OTM2+,mid,75.0,10:00,10:30,target,0.75
2026-02-16,TSLA,call,OTM2+,mid,75.0,12:00,12:05,target,0.75
2026-02-16,TSLA,call,OTM2+,mid,75.0,13:00,13:35,target,0.75
2026-02-16,TSLA,call,OTM2+,mid,75.0,14:00,16:00,forced,0.0
2026-02-17,TSLA,call,OTM2+,mid,75.0,10:00,10:10,target,0.75
2026-02-17,TSLA,call,OTM2+,mid,75.0,13:30,13:35,target,0.75
2026-02-18,TSLA,call,OTM2+,mid,75.0,10:00,10:05,target,0.75
2026-02-18,TSLA,call,OTM2+,mid,75.0,10:30,15:25,target,0.75
2026-02-19,TSLA,call,OTM2+,mid,75.0,10:00,10:05,target,0.75
2026-02-20,TSLA,call,OTM2+,mid,75.0,10:00,16:00,forced,-0.608
2026-02-23,TSLA,call,OTM2+,mid,75.0,10:00,10:20,target,0.75
2026-02-23,TSLA,call,OTM2+,mid,75.0,10:30,11:15,target,0.75
2026-02-23,TSLA,call,OTM2+,mid,75.0,11:30,11:40,target,0.75
2026-02-24,TSLA,call,OTM2+,mid,75.0,09:35,09:55,target,0.75
2026-02-24,TSLA,call,OTM2+,mid,75.0,11:30,11:40,target,0.75
2026-02-24,TSLA,call,OTM2+,mid,75.0,12:30,16:00,forced,0.0
2026-02-25,TSLA,call,OTM2+,mid,75.0,10:00,16:00,forced,-0.34167
2026-02-26,TSLA,call,OTM2+,mid,75.0,10:00,10:35,target,0.75
2026-02-26,TSLA,call,OTM2+,mid,75.0,12:30,13:05,target,0.75
2026-02-27,TSLA,call,OTM2+,mid,75.0,09:35,09:40,target,0.75
2026-03-02,TSLA,call,OTM2+,mid,75.0,09:35,14:25,target,0.75
2026-03-03,TSLA,call,OTM2+,mid,75.0,09:35,10:15,target,0.75
2026-03-03,TSLA,call,OTM2+,mid,75.0,10:30,11:05,target,0.75
2026-03-03,TSLA,call,OTM2+,mid,75.0,11:30,12:10,target,0.75
2026-03-03,TSLA,call,OTM2+,mid,75.0,13:30,16:00,forced,0.0
2026-03-04,TSLA,call,OTM2+,mid,75.0,09:35,09:45,target,0.75
2026-03-04,TSLA,call,OTM2+,mid,75.0,10:00,10:10,target,0.75
2026-03-05,TSLA,call,OTM2+,mid,75.0,09:35,09:55,target,0.75
2026-03-05,TSLA,call,OTM2+,mid,75.0,10:00,10:05,target,0.75
2026-03-05,TSLA,call,OTM2+,mid,75.0,11:00,11:15,target,0.75
2026-03-06,TSLA,call,OTM2+,mid,75.0,09:35,10:10,target,0.75
2026-03-09,TSLA,call,OTM2+,mid,75.0,09:35,14:50,target,0.75
2026-03-10,TSLA,call,OTM2+,mid,75.0,09:35,09:40,target,0.75
2026-03-10,TSLA,call,OTM2+,mid,75.0,14:00,16:00,forced,0.0
2026-03-11,TSLA,call,OTM2+,mid,75.0,10:30,16:00,forced,-0.77723
2026-03-12,TSLA,call,OTM2+,mid,75.0,09:35,09:50,target,0.75
2026-03-12,TSLA,call,OTM2+,mid,75.0,10:00,10:10,target,0.75
2026-03-12,TSLA,call,OTM2+,mid,75.0,12:00,16:00,forced,-0.02818
2026-03-13,TSLA,call,OTM2+,mid,75.0,09:35,09:50,target,0.75
2026-03-13,TSLA,call,OTM2+,mid,75.0,10:00,10:05,target,0.75
2026-02-16,TSLA,call,OTM2+,mid,80.0,10:00,10:30,target,0.8
2026-02-16,TSLA,call,OTM2+,mid,80.0,12:00,12:05,target,0.8
2026-02-16,TSLA,call,OTM2+,mid,80.0,13:00,13:40,target,0.8
2026-02-16,TSLA,call,OTM2+,mid,80.0,14:00,16:00,forced,0.0
2026-02-17,TSLA,call,OTM2+,mid,80.0,10:00,10:10,target,0.8
2026-02-17,TSLA,call,OTM2+,mid,80.0,13:30,13:35,target,0.8
2026-02-18,TSLA,call,OTM2+,mid,80.0,10:00,10:05,target,0.8
2026-02-18,TSLA,call,OTM2+,mid,80.0,10:30,15:25,target,0.8
2026-02-19,TSLA,call,OTM2+,mid,80.0,10:00,10:05,target,0.8
2026-02-20,TSLA,call,OTM2+,mid,80.0,10:00,16:00,forced,-0.608
2026-02-23,TSLA,call,OTM2+,mid,80.0,10:00,10:20,target,0.8
2026-02-23,TSLA,call,OTM2+,mid,80.0,10:30,11:15,target,0.8
2026-02-23,TSLA,call,OTM2+,mid,80.0,11:30,11:40,target,0.8
2026-02-24,TSLA,call,OTM2+,mid,80.0,09:35,09:55,target,0.8
2026-02-24,TSLA,call,OTM2+,mid,80.0,11:30,11:40,target,0.8
2026-02-24,TSLA,call,OTM2+,mid,80.0,12:30,16:00,forced,0.0
2026-02-25,TSLA,call,OTM2+,mid,80.0,10:00,16:00,forced,-0.34167
2026-02-26,TSLA,call,OTM2+,mid,80.0,10:00,10:35,target,0.8
2026-02-26,TSLA,call,OTM2+,mid,80.0,12:30,13:05,target,0.8
2026-02-27,TSLA,call,OTM2+,mid,80.0,09:35,09:40,target,0.8
2026-03-02,TSLA,call,OTM2+,mid,80.0,09:35,14:25,target,0.8
2026-03-03,TSLA,call,OTM2+,mid,80.0,09:35,10:15,target,0.8
2026-03-03,TSLA,call,OTM2+,mid,80.0,10:30,11:05,target,0.8
2026-03-03,TSLA,call,OTM2+,mid,80.0,11:30,12:10,target,0.8
2026-03-03,TSLA,call,OTM2+,mid,80.0,13:30,16:00,forced,0.0
2026-03-04,TSLA,call,OTM2+,mid,80.0,09:35,09:45,target,0.8
2026-03-04,TSLA,call,OTM2+,mid,80.0,10:00,10:10,target,0.8
2026-03-05,TSLA,call,OTM2+,mid,80.0,09:35,09:55,target,0.8
2026-03-05,TSLA,call,OTM2+,mid,80.0,10:00,10:05,target,0.8
2026-03-05,TSLA,call,OTM2+,mid,80.0,11:00,11:15,target,0.8
2026-03-06,TSLA,call,OTM2+,mid,80.0,09:35,10:10,target,0.8
2026-03-09,TSLA,call,OTM2+,mid,80.0,09:35,14:50,target,0.8
2026-03-10,TSLA,call,OTM2+,mid,80.0,09:35,09:40,target,0.8
2026-03-10,TSLA,call,OTM2+,mid,80.0,14:00,16:00,forced,0.0
2026-03-11,TSLA,call,OTM2+,mid,80.0,10:30,16:00,forced,-0.77723
2026-03-12,TSLA,call,OTM2+,mid,80.0,09:35,09:50,target,0.8
2026-03-12,TSLA,call,OTM2+,mid,80.0,10:00,10:10,target,0.8
2026-03-12,TSLA,call,OTM2+,mid,80.0,12:00,16:00,forced,-0.02818
2026-03-13,TSLA,call,OTM2+,mid,80.0,09:35,10:05,target,0.8
2026-02-16,TSLA,call,OTM2+,mid,90.0,10:00,10:30,target,0.9
2026-02-16,TSLA,call,OTM2+,mid,90.0,12:00,12:05,target,0.9
2026-02-16,TSLA,call,OTM2+,mid,90.0,13:00,13:40,target,0.9
2026-02-16,TSLA,call,OTM2+,mid,90.0,14:00,16:00,forced,0.0
2026-02-17,TSLA,call,OTM2+,mid,90.0,10:00,10:10,target,0.9
2026-02-17,TSLA,call,OTM2+,mid,90.0,13:30,13:35,target,0.9
2026-02-18,TSLA,call,OTM2+,mid,90.0,10:00,10:05,target,0.9
2026-02-18,TSLA,call,OTM2+,mid,90.0,10:30,15:25,target,0.9
2026-02-19,TSLA,call,OTM2+,mid,90.0,10:00,10:05,target,0.9
2026-02-20,TSLA,call,OTM2+,mid,90.0,10:00,16:00,forced,-0.608
2026-02-23,TSLA,call,OTM2+,mid,90.0,10:00,10:20,target,0.9
2026-02-23,TSLA,call,OTM2+,mid,90.0,10:30,11:15,target,0.9
2026-02-23,TSLA,call,OTM2+,mid,90.0,11:30,11:40,target,0.9
2026-02-24,TSLA,call,OTM2+,mid,90.0,09:35,09:55,target,0.9
2026-02-24,TSLA,call,OTM2+,mid,90.0,11:30,11:40,target,0.9
2026-02-24,TSLA,call,OTM2+,mid,90.0,12:30,16:00,forced,0.0
2026-02-25,TSLA,call,OTM2+,mid,90.0,10:00,16:00,forced,-0.34167
2026-02-26,TSLA,call,OTM2+,mid,90.0,10:00,10:35,target,0.9
2026-02-26,TSLA,call,OTM2+,mid,90.0,12:30,13:05,target,0.9
2026-02-27,TSLA,call,OTM2+,mid,90.0,09:35,09:40,target,0.9
2026-03-02,TSLA,call,OTM2+,mid,90.0,09:35,14:25,target,0.9
2026-03-03,TSLA,call,OTM2+,mid,90.0,09:35,10:15,target,0.9
2026-03-03,TSLA,call,OTM2+,mid,90.0,10:30,12:15,target,0.9
2026-03-03,TSLA,call,OTM2+,mid,90.0,13:30,16:00,forced,0.0
2026-03-04,TSLA,call,OTM2+,mid,90.0,09:35,09:45,target,0.9
2026-03-04,TSLA,call,OTM2+,mid,90.0,10:00,10:10,target,0.9
2026-03-05,TSLA,call,OTM2+,mid,90.0,09:35,09:55,target,0.9
2026-03-05,TSLA,call,OTM2+,mid,90.0,10:00,10:05,target,0.9
2026-03-05,TSLA,call,OTM2+,mid,90.0,11:00,11:15,target,0.9
2026-03-06,TSLA,call,OTM2+,mid,90.0,09:35,10:10,target,0.9
2026-03-09,TSLA,call,OTM2+,mid,90.0,09:35,14:50,target,0.9
2026-03-10,TSLA,call,OTM2+,mid,90.0,09:35,09:40,target,0.9
2026-03-10,TSLA,call,OTM2+,mid,90.0,14:00,16:00,forced,0.0
2026-03-11,TSLA,call,OTM2+,mid,90.0,10:30,16:00,forced,-0.77723
2026-03-12,TSLA,call,OTM2+,mid,90.0,09:35,09:50,target,0.9
2026-03-12,TSLA,call,OTM2+,mid,90.0,10:00,10:10,target,0.9
2026-03-12,TSLA,call,OTM2+,mid,90.0,12:00,16:00,forced,-0.02818
2026-03-13,TSLA,call,OTM2+,mid,90.0,09:35,10:05,target,0.9
2026-02-16,TSLA,call,OTM2+,mid,100.0,10:00,10:30,target,1.0
2026-02-16,TSLA,call,OTM2+,mid,100.0,12:00,12:05,target,1.0
2026-02-16,TSLA,call,OTM2+,mid,100.0,13:00,13:40,target,1.0
2026-02-16,TSLA,call,OTM2+,mid,100.0,14:00,16:00,forced,0.0
2026-02-17,TSLA,call,OTM2+,mid,100.0,10:00,10:10,target,1.0
2026-02-17,TSLA,call,OTM2+,mid,100.0,13:30,13:35,target,1.0
2026-02-18,TSLA,call,OTM2+,mid,100.0,10:00,10:05,target,1.0
2026-02-18,TSLA,call,OTM2+,mid,100.0,10:30,15:25,target,1.0
2026-02-19,TSLA,call,OTM2+,mid,100.0,10:00,10:05,target,1.0
2026-02-20,TSLA,call,OTM2+,mid,100.0,10:00,16:00,forced,-0.608
2026-02-23,TSLA,call,OTM2+,mid,100.0,10:00,10:20,target,1.0
2026-02-23,TSLA,call,OTM2+,mid,100.0,10:30,11:15,target,1.0
2026-02-23,TSLA,call,OTM2+,mid,100.0,11:30,11:40,target,1.0
2026-02-24,TSLA,call,OTM2+,mid,100.0,09:35,09:55,target,1.0
2026-02-24,TSLA,call,OTM2+,mid,100.0,11:30,11:40,target,1.0
2026-02-24,TSLA,call,OTM2+,mid,100.0,12:30,16:00,forced,0.0
2026-02-25,TSLA,call,OTM2+,mid,100.0,10:00,16:00,forced,-0.34167
2026-02-26,TSLA,call,OTM2+,mid,100.0,10:00,10:35,target,1.0
2026-02-26,TSLA,call,OTM2+,mid,100.0,12:30,13:05,target,1.0
2026-02-27,TSLA,call,OTM2+,mid,100.0,09:35,09:40,target,1.0
2026-03-02,TSLA,call,OTM2+,mid,100.0,09:35,14:25,target,1.0
2026-03-03,TSLA,call,OTM2+,mid,100.0,09:35,10:15,target,1.0
2026-03-03,TSLA,call,OTM2+,mid,100.0,10:30,12:15,target,1.0
2026-03-03,TSLA,call,OTM2+,mid,100.0,13:30,16:00,forced,0.0
2026-03-04,TSLA,call,OTM2+,mid,100.0,09:35,09:45,target,1.0
2026-03-04,TSLA,call,OTM2+,mid,100.0,10:00,10:10,target,1.0
2026-03-05,TSLA,call,OTM2+,mid,100.0,09:35,09:55,target,1.0
2026-03-05,TSLA,call,OTM2+,mid,100.0,10:00,10:05,target,1.0
2026-03-05,TSLA,call,OTM2+,mid,100.0,11:00,11:15,target,1.0
2026-03-06,TSLA,call,OTM2+,mid,100.0,09:35,10:20,target,1.0
2026-03-09,TSLA,call,OTM2+,mid,100.0,09:35,14:50,target,1.0
2026-03-10,TSLA,call,OTM2+,mid,100.0,09:35,09:40,target,1.0
2026-03-10,TSLA,call,OTM2+,mid,100.0,14:00,16:00,forced,0.0
2026-03-11,TSLA,call,OTM2+,mid,100.0,10:30,16:00,forced,-0.77723
2026-03-12,TSLA,call,OTM2+,mid,100.0,09:35,10:05,target,1.0
2026-03-12,TSLA,call,OTM2+,mid,100.0,12:00,16:00,forced,-0.02818
2026-03-13,TSLA,call,OTM2+,mid,100.0,09:35,10:05,target,1.0
2026-02-16,TSLA,call,OTM2+,market,20.0,10:00,10:30,target,0.2
2026-02-16,TSLA,call,OTM2+,market,20.0,12:00,12:05,target,0.2
2026-02-16,TSLA,call,OTM2+,market,20.0,13:00,13:10,target,0.2
2026-02-16,TSLA,call,OTM2+,market,20.0,13:30,13:35,target,0.2
2026-02-16,TSLA,call,OTM2+,market,20.0,14:00,14:50,target,0.2
2026-02-16,TSLA,call,OTM2+,market,20.0,15:00,16:00,forced,-0.03922
2026-02-17,TSLA,call,OTM2+,market,20.0,10:00,10:05,target,0.2
2026-02-17,TSLA,call,OTM2+,market,20.0,13:30,13:35,target,0.2
2026-02-18,TSLA,call,OTM2+,market,20.0,10:00,10:05,target,0.2
2026-02-18,TSLA,call,OTM2+,market,20.0,10:30,15:25,target,0.2
2026-02-19,TSLA,call,OTM2+,market,20.0,10:00,10:05,target,0.2
2026-02-20,TSLA,call,OTM2+,market,20.0,10:00,16:00,forced,-0.62337
2026-02-23,TSLA,call,OTM2+,market,20.0,10:00,10:10,target,0.2
2026-02-23,TSLA,call,OTM2+,market,20.0,10:30,10:35,target,0.2
2026-02-23,TSLA,call,OTM2+,market,20.0,11:00,11:15,target,0.2
2026-02-23,TSLA,call,OTM2+,market,20.0,11:30,11:40,target,0.2
2026-02-24,TSLA,call,OTM2+,market,20.0,09:35,09:50,target,0.2
2026-02-24,TSLA,call,OTM2+,market,20.0,11:30,11:40,target,0.2
2026-02-24,TSLA,call,OTM2+,market,20.0,12:30,16:00,forced,-0.03922
2026-02-25,TSLA,call,OTM2+,market,20.0,10:00,16:00,forced,-0.36774
2026-02-26,TSLA,call,OTM2+,market,20.0,10:00,10:10,target,0.2
2026-02-26,TSLA,call,OTM2+,market,20.0,10:30,10:35,target,0.2
2026-02-26,TSLA,call,OTM2+,market,20.0,12:30,13:00,target,0.2
2026-02-26,TSLA,call,OTM2+,market,20.0,13:00,13:05,target,0.2
2026-02-27,TSLA,call,OTM2+,market,20.0,09:35,09:40,target,0.2
2026-03-02,TSLA,call,OTM2+,market,20.0,09:35,14:25,target,0.2
2026-03-03,TSLA,call,OTM2+,market,20.0,09:35,09:40,target,0.2
2026-03-03,TSLA,call,OTM2+,market,20.0,10:00,10:05,target,0.2
2026-03-03,TSLA,call,OTM2+,market,20.0,10:30,10:40,target,0.2
2026-03-03,TSLA,call,OTM2+,market,20.0,11:00,11:05,target,0.2
2026-03-03,TSLA,call,OTM2+,market,20.0,11:30,11:45,target,0.2
2026-03-03,TSLA,call,OTM2+,market,20.0,12:00,12:10,target,0.2
2026-03-03,TSLA,call,OTM2+,market,20.0,13:30,16:00,forced,-0.03922
2026-03-04,TSLA,call,OTM2+,market,20.0,09:35,09:45,target,0.2
2026-03-04,TSLA,call,OTM2+,market,20.0,10:00,10:05,target,0.2
2026-03-05,TSLA,call,OTM2+,market,20.0,09:35,09:45,target,0.2
2026-03-05,TSLA,call,OTM2+,market,20.0,10:00,10:05,target,0.2
2026-03-05,TSLA,call,OTM2+,market,20.0,11:00,11:05,target,0.2
2026-03-06,TSLA,call,OTM2+,market,20.0,09:35,10:10,target,0.2
2026-03-09,TSLA,call,OTM2+,market,20.0,09:35,10:40,target,0.2
2026-03-09,TSLA,call,OTM2+,market,20.0,11:00,11:05,target,0.2
2026-03-09,TSLA,call,OTM2+,market,20.0,11:30,14:45,target,0.2
2026-03-10,TSLA,call,OTM2+,market,20.0,09:35,09:40,target,0.2
2026-03-10,TSLA,call,OTM2+,market,20.0,14:00,16:00,forced,-0.03922
2026-03-11,TSLA,call,OTM2+,market,20.0,10:30,16:00,forced,-0.78593
2026-03-12,TSLA,call,OTM2+,market,20.0,09:35,09:50,target,0.2
2026-03-12,TSLA,call,OTM2+,market,20.0,10:00,10:05,target,0.2
2026-03-12,TSLA,call,OTM2+,market,20.0,12:00,16:00,forced,-0.06667
2026-03-13,TSLA,call,OTM2+,market,20.0,09:35,09:50,target,0.2
2026-03-13,TSLA,call,OTM2+,market,20.0,10:00,10:05,target,0.2
2026-02-16,TSLA,call,OTM2+,market,25.0,10:00,10:30,target,0.25
2026-02-16,TSLA,call,OTM2+,market,25.0,12:00,12:05,target,0.25
2026-02-16,TSLA,call,OTM2+,market,25.0,13:00,13:10,target,0.25
2026-02-16,TSLA,call,OTM2+,market,25.0,13:30,13:35,target,0.25
2026-02-16,TSLA,call,OTM2+,market,25.0,14:00,14:50,target,0.25
2026-02-16,TSLA,call,OTM2+,market,25.0,15:00,16:00,forced,-0.03922
2026-02-17,TSLA,call,OTM2+,market,25.0,10:00,10:05,target,0.25
2026-02-17,TSLA,call,OTM2+,market,25.0,13:30,13:35,target,0.25
2026-02-18,TSLA,call,OTM2+,market,25.0,10:00,10:05,target,0.25
2026-02-18,TSLA,call,OTM2+,market,25.0,10:30,15:25,target,0.25
2026-02-19,TSLA,call,OTM2+,market,25.0,10:00,10:05,target,0.25
2026-02-20,TSLA,call,OTM2+,market,25.0,10:00,16:00,forced,-0.62337
2026-02-23,TSLA,call,OTM2+,market,25.0,10:00,10:10,target,0.25
2026-02-23,TSLA,call,OTM2+,market,25.0,10:30,10:35,target,0.25
2026-02-23,TSLA,call,OTM2+,market,25.0,11:00,11:15,target,0.25
2026-02-23,TSLA,call,OTM2+,market,25.0,11:30,11:40,target,0.25
2026-02-24,TSLA,call,OTM2+,market,25.0,09:35,09:55,target,0.25
2026-02-24,TSLA,call,OTM2+,market,25.0,11:30,11:40,target,0.25
2026-02-24,TSLA,call,OTM2+,market,25.0,12:30,16:00,forced,-0.03922
2026-02-25,TSLA,call,OTM2+,market,25.0,10:00,16:00,forced,-0.36774
2026-02-26,TSLA,call,OTM2+,market,25.0,10:00,10:10,target,0.25
2026-02-26,TSLA,call,OTM2+,market,25.0,10:30,10:35,target,0.25
2026-02-26,TSLA,call,OTM2+,market,25.0,12:30,13:00,target,0.25
2026-02-26,TSLA,call,OTM2+,market,25.0,13:00,13:05,target,0.25
2026-02-27,TSLA,call,OTM2+,market,25.0,09:35,09:40,target,0.25
2026-03-02,TSLA,call,OTM2+,market,25.0,09:35,14:25,target,0.25
2026-03-03,TSLA,call,OTM2+,market,25.0,09:35,09:40,target,0.25
2026-03-03,TSLA,call,OTM2+,market,25.0,10:00,10:05,target,0.25
2026-03-03,TSLA,call,OTM2+,market,25.0,10:30,10:40,target,0.25
2026-03-03,TSLA,call,OTM2+,market,25.0,11:00,11:05,target,0.25
2026-03-03,TSLA,call,OTM2+,market,25.0,11:30,11:45,target,0.25
2026-03-03,TSLA,call,OTM2+,market,25.0,12:00,12:10,target,0.25
2026-03-03,TSLA,call,OTM2+,market,25.0,13:30,16:00,forced,-0.03922
2026-03-04,TSLA,call,OTM2+,market,25.0,09:35,09:45,target,0.25
2026-03-04,TSLA,call,OTM2+,market,25.0,10:00,10:05,target,0.25
2026-03-05,TSLA,call,OTM2+,market,25.0,09:35,09:45,target,0.25
2026-03-05,TSLA,call,OTM2+,market,25.0,10:00,10:05,target,0.25
2026-03-05,TSLA,call,OTM2+,market,25.0,11:00,11:05,target,0.25
2026-03-06,TSLA,call,OTM2+,market,25.0,09:35,10:10,target,0.25
2026-03-09,TSLA,call,OTM2+,market,25.0,09:35,10:40,target,0.25
2026-03-09,TSLA,call,OTM2+,market,25.0,11:00,11:05,target,0.25
2026-03-09,TSLA,call,OTM2+,market,25.0,11:30,14:45,target,0.25
2026-03-10,TSLA,call,OTM2+,market,25.0,09:35,09:40,target,0.25
2026-03-10,TSLA,call,OTM2+,market,25.0,14:00,16:00,forced,-0.03922
2026-03-11,TSLA,call,OTM2+,market,25.0,10:30,16:00,forced,-0.78593
2026-03-12,TSLA,call,OTM2+,market,25.0,09:35,09:50,target,0.25
2026-03-12,TSLA,call,OTM2+,market,25.0,10:00,10:05,target,0.25
2026-03-12,TSLA,call,OTM2+,market,25.0,12:00,16:00,forced,-0.06667
2026-03-13,TSLA,call,OTM2+,market,25.0,09:35,09:50,target,0.25
2026-03-13,TSLA,call,OTM2+,market,25.0,10:00,10:05,target,0.25
2026-02-16,TSLA,call,OTM2+,market,30.0,10:00,10:30,target,0.3
2026-02-16,TSLA,call,OTM2+,market,30.0,12:00,12:05,target,0.3
2026-02-16,TSLA,call,OTM2+,market,30.0,13:00,13:10,target,0.3
2026-02-16,TSLA,call,OTM2+,market,30.0,13:30,13:35,target,0.3
2026-02-16,TSLA,call,OTM2+,market,30.0,14:00,16:00,forced,-0.03922
2026-02-17,TSLA,call,OTM2+,market,30.0,10:00,10:05,target,0.3
2026-02-17,TSLA,call,OTM2+,market,30.0,13:30,13:35,target,0.3
2026-02-18,TSLA,call,OTM2+,market,30.0,10:00,10:05,target,0.3
2026-02-18,TSLA,call,OTM2+,market,30.0,10:30,15:25,target,0.3
2026-02-19,TSLA,call,OTM2+,market,30.0,10:00,10:05,target,0.3
2026-02-20,TSLA,call,OTM2+,market,30.0,10:00,16:00,forced,-0.62337
2026-02-23,TSLA,call,OTM2+,market,30.0,10:00,10:10,target,0.3
2026-02-23,TSLA,call,OTM2+,market,30.0,10:30,10:35,target,0.3
2026-02-23,TSLA,call,OTM2+,market,30.0,11:00,11:15,target,0.3
2026-02-23,TSLA,call,OTM2+,market,30.0,11:30,11:40,target,0.3
2026-02-24,TSLA,call,OTM2+,market,30.0,09:35,09:55,target,0.3
2026-02-24,TSLA,call,OTM2+,market,30.0,11:30,11:40,target,0.3
2026-02-24,TSLA,call,OTM2+,market,30.0,12:30,16:00,forced,-0.03922
2026-02-25,TSLA,call,OTM2+,market,30.0,10:00,16:00,forced,-0.36774
2026-02-26,TSLA,call,OTM2+,market,30.0,10:00,10:10,target,0.3
2026-02-26,TSLA,call,OTM2+,market,30.0,10:30,10:35,target,0.3
2026-02-26,TSLA,call,OTM2+,market,30.0,12:30,13:00,target,0.3
2026-02-26,TSLA,call,OTM2+,market,30.0,13:00,13:05,target,0.3
2026-02-27,TSLA,call,OTM2+,market,30.0,09:35,09:40,target,0.3
2026-03-02,TSLA,call,OTM2+,market,30.0,09:35,14:25,target,0.3
2026-03-03,TSLA,call,OTM2+,market,30.0,09:35,09:40,target,0.3
2026-03-03,TSLA,call,OTM2+,market,30.0,10:00,10:05,target,0.3
2026-03-03,TSLA,call,OTM2+,market,30.0,10:30,10:40,target,0.3
2026-03-03,TSLA,call,OTM2+,market,30.0,11:00,11:05,target,0.3
2026-03-03,TSLA,call,OTM2+,market,30.0,11:30,11:45,target,0.3
2026-03-03,TSLA,call,OTM2+,market,30.0,12:00,12:10,target,0.3
2026-03-03,TSLA,call,OTM2+,market,30.0,13:30,16:00,forced,-0.03922
2026-03-04,TSLA,call,OTM2+,market,30.0,09:35,09:45,target,0.3
2026-03-04,TSLA,call,OTM2+,market,30.0,10:00,10:05,target,0.3
2026-03-05,TSLA,call,OTM2+,market,30.0,09:35,09:45,target,0.3
2026-03-05,TSLA,call,OTM2+,market,30.0,10:00,10:05,target,0.3
2026-03-05,TSLA,call,OTM2+,market,30.0,11:00,11:05,target,0.3
2026-03-06,TSLA,call,OTM2+,market,30.0,09:35,10:10,target,0.3
2026-03-09,TSLA,call,OTM2+,market,30.0,09:35,10:40,target,0.3
2026-03-09,TSLA,call,OTM2+,market,30.0,11:00,11:05,target,0.3
2026-03-09,TSLA,call,OTM2+,market,30.0,11:30,14:45,target,0.3
2026-03-10,TSLA,call,OTM2+,market,30.0,09:35,09:40,target,0.3
2026-03-10,TSLA,call,OTM2+,market,30.0,14:00,16:00,forced,-0.03922
2026-03-11,TSLA,call,OTM2+,market,30.0,10:30,16:00,forced,-0.78593
2026-03-12,TSLA,call,OTM2+,market,30.0,09:35,09:50,target,0.3
2026-03-12,TSLA,call,OTM2+,market,30.0,10:00,10:05,target,0.3
2026-03-12,TSLA,call,OTM2+,market,30.0,12:00,16:00,forced,-0.06667
2026-03-13,TSLA,call,OTM2+,market,30.0,09:35,09:50,target,0.3
2026-03-13,TSLA,call,OTM2+,market,30.0,10:00,10:05,target,0.3
2026-02-16,TSLA,call,OTM2+,market,40.0,10:00,10:30,target,0.4
2026-02-16,TSLA,call,OTM2+,market,40.0,12:00,12:05,target,0.4
2026-02-16,TSLA,call,OTM2+,market,40.0,13:00,13:15,target,0.4
2026-02-16,TSLA,call,OTM2+,market,40.0,13:30,13:35,target,0.4
2026-02-16,TSLA,call,OTM2+,market,40.0,14:00,16:00,forced,-0.03922
2026-02-17,TSLA,call,OTM2+,market,40.0,09:35,10:00,target,0.4
2026-02-17,TSLA,call,OTM2+,market,40.0,10:00,10:05,target,0.4
2026-02-17,TSLA,call,OTM2+,market,40.0,13:30,13:35,target,0.4
2026-02-18,TSLA,call,OTM2+,market,40.0,09:35,15:25,target,0.4
2026-02-19,TSLA,call,OTM2+,market,40.0,09:35,10:05,target,0.4
2026-02-20,TSLA,call,OTM2+,market,40.0,09:35,09:55,target,0.4
2026-02-20,TSLA,call,OTM2+,market,40.0,10:00,16:00,forced,-0.62337
2026-02-23,TSLA,call,OTM2+,market,40.0,09:35,10:10,target,0.4
2026-02-23,TSLA,call,OTM2+,market,40.0,10:30,10:35,target,0.4
2026-02-23,TSLA,call,OTM2+,market,40.0,11:00,11:15,target,0.4
2026-02-23,TSLA,call,OTM2+,market,40.0,11:30,11:40,target,0.4
2026-02-24,TSLA,call,OTM2+,market,40.0,09:35,09:55,target,0.4
2026-02-24,TSLA,call,OTM2+,market,40.0,11:30,11:40,target,0.4
2026-02-24,TSLA,call,OTM2+,market,40.0,12:30,16:00,forced,-0.03922
2026-02-25,TSLA,call,OTM2+,market,40.0,10:00,16:00,forced,-0.36774
2026-02-26,TSLA,call,OTM2+,market,40.0,09:35,10:40,target,0.4
2026-02-26,TSLA,call,OTM2+,market,40.0,12:30,13:00,target,0.4
2026-02-26,TSLA,call,OTM2+,market,40.0,13:00,13:05,target,0.4
2026-02-27,TSLA,call,OTM2+,market,40.0,09:35,09:40,target,0.4
2026-03-02,TSLA,call,OTM2+,market,40.0,09:35,14:25,target,0.4
2026-03-03,TSLA,call,OTM2+,market,40.0,09:35,10:10,target,0.4
2026-03-03,TSLA,call,OTM2+,market,40.0,10:30,10:45,target,0.4
2026-03-03,TSLA,call,OTM2+,market,40.0,11:00,11:05,target,0.4
2026-03-03,TSLA,call,OTM2+,market,40.0,11:30,11:45,target,0.4
2026-03-03,TSLA,call,OTM2+,market,40.0,12:00,12:10,target,0.4
2026-03-03,TSLA,call,OTM2+,market,40.0,13:30,16:00,forced,-0.03922
2026-03-04,TSLA,call,OTM2+,market,40.0,09:35,09:45,target,0.4
2026-03-04,TSLA,call,OTM2+,market,40.0,10:00,10:05,target,0.4
2026-03-05,TSLA,call,OTM2+,market,40.0,09:35,09:55,target,0.4
2026-03-05,TSLA,call,OTM2+,market,40.0,10:00,10:05,target,0.4
2026-03-05,TSLA,call,OTM2+,market,40.0,11:00,11:05,target,0.4
2026-03-06,TSLA,call,OTM2+,market,40.0,09:35,10:10,target,0.4
2026-03-09,TSLA,call,OTM2+,market,40.0,09:35,10:40,target,0.4
2026-03-09,TSLA,call,OTM2+,market,40.0,11:00,11:05,target,0.4
2026-03-09,TSLA,call,OTM2+,market,40.0,11:30,14:45,target,0.4
2026-03-10,TSLA,call,OTM2+,market,40.0,09:35,09:40,target,0.4
2026-03-10,TSLA,call,OTM2+,market,40.0,14:00,16:00,forced,-0.03922
2026-03-11,TSLA,call,OTM2+,market,40.0,10:30,16:00,forced,-0.78593
2026-03-12,TSLA,call,OTM2+,market,40.0,09:35,09:50,target,0.4
2026-03-12,TSLA,call,OTM2+,market,40.0,10:00,10:05,target,0.4
2026-03-12,TSLA,call,OTM2+,market,40.0,12:00,16:00,forced,-0.06667
2026-03-13,TSLA,call,OTM2+,market,40.0,09:35,09:50,target,0.4
2026-03-13,TSLA,call,OTM2+,market,40.0,10:00,10:05,target,0.4
2026-02-16,TSLA,call,OTM2+,market,50.0,10:00,10:30,target,0.5
2026-02-16,TSLA,call,OTM2+,market,50.0,12:00,12:05,target,0.5
2026-02-16,TSLA,call,OTM2+,market,50.0,13:00,13:15,target,0.5
2026-02-16,TSLA,call,OTM2+,market,50.0,13:30,13:35,target,0.5
2026-02-16,TSLA,call,OTM2+,market,50.0,14:00,16:00,forced,-0.03922
2026-02-17,TSLA,call,OTM2+,market,50.0,10:00,10:10,target,0.5
2026-02-17,TSLA,call,OTM2+,market,50.0,13:30,13:35,target,0.5
2026-02-18,TSLA,call,OTM2+,market,50.0,10:00,10:05,target,0.5
2026-02-18,TSLA,call,OTM2+,market,50.0,10:30,15:25,target,0.5
2026-02-19,TSLA,call,OTM2+,market,50.0,10:00,10:05,target,0.5
2026-02-20,TSLA,call,OTM2+,market,50.0,10:00,16:00,forced,-0.62337
2026-02-23,TSLA,call,OTM2+,market,50.0,10:00,10:15,target,0.5
2026-02-23,TSLA,call,OTM2+,market,50.0,10:30,10:35,target,0.5
2026-02-23,TSLA,call,OTM2+,market,50.0,11:00,11:20,target,0.5
2026-02-23,TSLA,call,OTM2+,market,50.0,11:30,11:40,target,0.5
2026-02-24,TSLA,call,OTM2+,market,50.0,09:35,09:55,target,0.5
2026-02-24,TSLA,call,OTM2+,market,50.0,11:30,11:40,target,0.5
2026-02-24,TSLA,call,OTM2+,market,50.0,12:30,16:00,forced,-0.03922
2026-02-25,TSLA,call,OTM2+,market,50.0,10:00,16:00,forced,-0.36774
2026-02-26,TSLA,call,OTM2+,market,50.0,10:00,10:35,target,0.5
2026-02-26,TSLA,call,OTM2+,market,50.0,12:30,13:05,target,0.5
2026-02-27,TSLA,call,OTM2+,market,50.0,09:35,09:40,target,0.5
2026-03-02,TSLA,call,OTM2+,market,50.0,09:35,14:25,target,0.5
2026-03-03,TSLA,call,OTM2+,market,50.0,09:35,10:10,target,0.5
2026-03-03,TSLA,call,OTM2+,market,50.0,10:30,10:45,target,0.5
2026-03-03,TSLA,call,OTM2+,market,50.0,11:00,11:05,target,0.5
2026-03-03,TSLA,call,OTM2+,market,50.0,11:30,12:10,target,0.5
2026-03-03,TSLA,call,OTM2+,market,50.0,13:30,16:00,forced,-0.03922
2026-03-04,TSLA,call,OTM2+,market,50.0,09:35,09:45,target,0.5
2026-03-04,TSLA,call,OTM2+,market,50.0,10:00,10:05,target,0.5
2026-03-05,TSLA,call,OTM2+,market,50.0,09:35,09:55,target,0.5
2026-03-05,TSLA,call,OTM2+,market,50.0,10:00,10:05,target,0.5
2026-03-05,TSLA,call,OTM2+,market,50.0,11:00,11:05,target,0.5
2026-03-06,TSLA,call,OTM2+,market,50.0,09:35,10:10,target,0.5
2026-03-09,TSLA,call,OTM2+,market,50.0,09:35,10:40,target,0.5
2026-03-09,TSLA,call,OTM2+,market,50.0,11:00,11:05,target,0.5
2026-03-09,TSLA,call,OTM2+,market,50.0,11:30,14:45,target,0.5
2026-03-10,TSLA,call,OTM2+,market,50.0,09:35,09:40,target,0.5
2026-03-10,TSLA,call,OTM2+,market,50.0,14:00,16:00,forced,-0.03922
2026-03-11,TSLA,call,OTM2+,market,50.0,10:30,16:00,forced,-0.78593
2026-03-12,TSLA,call,OTM2+,market,50.0,09:35,09:50,target,0.5
2026-03-12,TSLA,call,OTM2+,market,50.0,10:00,10:10,target,0.5
2026-03-12,TSLA,call,OTM2+,market,50.0,12:00,16:00,forced,-0.06667
2026-03-13,TSLA,call,OTM2+,market,50.0,09:35,09:50,target,0.5
2026-03-13,TSLA,call,OTM2+,market,50.0,10:00,10:05,target,0.5
2026-02-16,TSLA,call,OTM2+,market,60.0,10:00,10:30,target,0.6
2026-02-16,TSLA,call,OTM2+,market,60.0,12:00,12:05,target,0.6
2026-02-16,TSLA,call,OTM2+,market,60.0,13:00,13:15,target,0.6
2026-02-16,TSLA,call,OTM2+,market,60.0,13:30,13:35,target,0.6
2026-02-16,TSLA,call,OTM2+,market,60.0,14:00,16:00,forced,-0.03922
2026-02-17,TSLA,call,OTM2+,market,60.0,10:00,10:10,target,0.6
2026-02-17,TSLA,call,OTM2+,market,60.0,13:30,13:35,target,0.6
2026-02-18,TSLA,call,OTM2+,market,60.0,10:00,10:05,target,0.6
2026-02-18,TSLA,call,OTM2+,market,60.0,10:30,15:25,target,0.6
2026-02-19,TSLA,call,OTM2+,market,60.0,10:00,10:05,target,0.6
2026-02-20,TSLA,call,OTM2+,market,60.0,10:00,16:00,forced,-0.62337
2026-02-23,TSLA,call,OTM2+,market,60.0,10:00,10:20,target,0.6
2026-02-23,TSLA,call,OTM2+,market,60.0,10:30,10:55,target,0.6
2026-02-23,TSLA,call,OTM2+,market,60.0,11:00,11:40,target,0.6
2026-02-24,TSLA,call,OTM2+,market,60.0,09:35,09:55,target,0.6
2026-02-24,TSLA,call,OTM2+,market,60.0,11:30,11:40,target,0.6
2026-02-24,TSLA,call,OTM2+,market,60.0,12:30,16:00,forced,-0.03922
2026-02-25,TSLA,call,OTM2+,market,60.0,10:00,16:00,forced,-0.36774
2026-02-26,TSLA,call,OTM2+,market,60.0,10:00,10:35,target,0.6
2026-02-26,TSLA,call,OTM2+,market,60.0,12:30,13:05,target,0.6
2026-02-27,TSLA,call,OTM2+,market,60.0,09:35,09:40,target,0.6
2026-03-02,TSLA,call,OTM2+,market,60.0,09:35,14:25,target,0.6
2026-03-03,TSLA,call,OTM2+,market,60.0,09:35,10:10,target,0.6
2026-03-03,TSLA,call,OTM2+,market,60.0,10:30,10:50,target,0.6
2026-03-03,TSLA,call,OTM2+,market,60.0,11:00,11:05,target,0.6
2026-03-03,TSLA,call,OTM2+,market,60.0,11:30,12:10,target,0.6
2026-03-03,TSLA,call,OTM2+,market,60.0,13:30,16:00,forced,-0.03922
2026-03-04,TSLA,call,OTM2+,market,60.0,09:35,09:45,target,0.6
2026-03-04,TSLA,call,OTM2+,market,60.0,10:00,10:10,target,0.6
2026-03-05,TSLA,call,OTM2+,market,60.0,09:35,09:55,target,0.6
2026-03-05,TSLA,call,OTM2+,market,60.0,10:00,10:05,target,0.6
2026-03-05,TSLA,call,OTM2+,market,60.0,11:00,11:05,target,0.6
2026-03-06,TSLA,call,OTM2+,market,60.0,09:35,10:10,target,0.6
2026-03-09,TSLA,call,OTM2+,market,60.0,09:35,14:50,target,0.6
2026-03-10,TSLA,call,OTM2+,market,60.0,09:35,09:40,target,0.6
2026-03-10,TSLA,call,OTM2+,market,60.0,14:00,16:00,forced,-0.03922
2026-03-11,TSLA,call,OTM2+,market,60.0,10:30,16:00,forced,-0.78593
2026-03-12,TSLA,call,OTM2+,market,60.0,09:35,09:50,target,0.6
2026-03-12,TSLA,call,OTM2+,market,60.0,10:00,10:10,target,0.6
2026-03-12,TSLA,call,OTM2+,market,60.0,12:00,16:00,forced,-0.06667
2026-03-13,TSLA,call,OTM2+,market,60.0,09:35,09:50,target,0.6
2026-03-13,TSLA,call,OTM2+,market,60.0,10:00,10:05,target,0.6
2026-02-16,TSLA,call,OTM2+,market,70.0,10:00,10:30,target,0.7
2026-02-16,TSLA,call,OTM2+,market,70.0,12:00,12:05,target,0.7
2026-02-16,TSLA,call,OTM2+,market,70.0,13:00,13:40,target,0.7
2026-02-16,TSLA,call,OTM2+,market,70.0,14:00,16:00,forced,-0.03922
2026-02-17,TSLA,call,OTM2+,market,70.0,10:00,10:10,target,0.7
2026-02-17,TSLA,call,OTM2+,market,70.0,13:30,13:35,target,0.7
2026-02-18,TSLA,call,OTM2+,market,70.0,10:00,10:05,target,0.7
2026-02-18,TSLA,call,OTM2+,market,70.0,10:30,15:25,target,0.7
2026-02-19,TSLA,call,OTM2+,market,70.0,10:00,10:05,target,0.7
2026-02-20,TSLA,call,OTM2+,market,70.0,10:00,16:00,forced,-0.62337
2026-02-23,TSLA,call,OTM2+,market,70.0,10:00,10:20,target,0.7
2026-02-23,TSLA,call,OTM2+,market,70.0,10:30,11:15,target,0.7
2026-02-23,TSLA,call,OTM2+,market,70.0,11:30,11:40,target,0.7
2026-02-24,TSLA,call,OTM2+,market,70.0,09:35,09:55,target,0.7
2026-02-24,TSLA,call,OTM2+,market,70.0,11:30,11:40,target,0.7
2026-02-24,TSLA,call,OTM2+,market,70.0,12:30,16:00,forced,-0.03922
2026-02-25,TSLA,call,OTM2+,market,70.0,10:00,16:00,forced,-0.36774
2026-02-26,TSLA,call,OTM2+,market,70.0,10:00,10:35,target,0.7
2026-02-26,TSLA,call,OTM2+,market,70.0,12:30,13:05,target,0.7
2026-02-27,TSLA,call,OTM2+,market,70.0,09:35,09:40,target,0.7
2026-03-02,TSLA,call,OTM2+,market,70.0,09:35,14:25,target,0.7
2026-03-03,TSLA,call,OTM2+,market,70.0,09:35,10:15,target,0.7
2026-03-03,TSLA,call,OTM2+,market,70.0,10:30,11:05,target,0.7
2026-03-03,TSLA,call,OTM2+,market,70.0,11:30,12:10,target,0.7
2026-03-03,TSLA,call,OTM2+,market,70.0,13:30,16:00,forced,-0.03922
2026-03-04,TSLA,call,OTM2+,market,70.0,09:35,09:45,target,0.7
2026-03-04,TSLA,call,OTM2+,market,70.0,10:00,10:10,target,0.7
2026-03-05,TSLA,call,OTM2+,market,70.0,09:35,09:55,target,0.7
2026-03-05,TSLA,call,OTM2+,market,70.0,10:00,10:05,target,0.7
2026-03-05,TSLA,call,OTM2+,market,70.0,11:00,11:15,target,0.7
2026-03-06,TSLA,call,OTM2+,market,70.0,09:35,10:10,target,0.7
2026-03-09,TSLA,call,OTM2+,market,70.0,09:35,14:50,target,0.7
2026-03-10,TSLA,call,OTM2+,market,70.0,09:35,09:40,target,0.7
2026-03-10,TSLA,call,OTM2+,market,70.0,14:00,16:00,forced,-0.03922
2026-03-11,TSLA,call,OTM2+,market,70.0,10:30,16:00,forced,-0.78593
2026-03-12,TSLA,call,OTM2+,market,70.0,09:35,09:50,target,0.7
2026-03-12,TSLA,call,OTM2+,market,70.0,10:00,10:10,target,0.7
2026-03-12,TSLA,call,OTM2+,market,70.0,12:00,16:00,forced,-0.06667
2026-03-13,TSLA,call,OTM2+,market,70.0,09:35,10:05,target,0.7
2026-02-16,TSLA,call,OTM2+,market,75.0,10:00,10:30,target,0.75
2026-02-16,TSLA,call,OTM2+,market,75.0,12:00,12:05,target,0.75
2026-02-16,TSLA,call,OTM2+,market,75.0,13:00,13:40,target,0.75
2026-02-16,TSLA,call,OTM2+,market,75.0,14:00,16:00,forced,-0.03922
2026-02-17,TSLA,call,OTM2+,market,75.0,10:00,10:10,target,0.75
2026-02-17,TSLA,call,OTM2+,market,75.0,13:30,13:35,target,0.75
2026-02-18,TSLA,call,OTM2+,market,75.0,10:00,10:05,target,0.75
2026-02-18,TSLA,call,OTM2+,market,75.0,10:30,15:25,target,0.75
2026-02-19,TSLA,call,OTM2+,market,75.0,10:00,10:05,target,0.75
2026-02-20,TSLA,call,OTM2+,market,75.0,10:00,16:00,forced,-0.62337
2026-02-23,TSLA,call,OTM2+,market,75.0,10:00,10:20,target,0.75
2026-02-23,TSLA,call,OTM2+,market,75.0,10:30,11:15,target,0.75
2026-02-23,TSLA,call,OTM2+,market,75.0,11:30,11:40,target,0.75
2026-02-24,TSLA,call,OTM2+,market,75.0,09:35,09:55,target,0.75
2026-02-24,TSLA,call,OTM2+,market,75.0,11:30,11:40,target,0.75
2026-02-24,TSLA,call,OTM2+,market,75.0,12:30,16:00,forced,-0.03922
2026-02-25,TSLA,call,OTM2+,market,75.0,10:00,16:00,forced,-0.36774
2026-02-26,TSLA,call,OTM2+,market,75.0,10:00,10:35,target,0.75
2026-02-26,TSLA,call,OTM2+,market,75.0,12:30,13:05,target,0.75
2026-02-27,TSLA,call,OTM2+,market,75.0,09:35,09:40,target,0.75
2026-03-02,TSLA,call,OTM2+,market,75.0,09:35,14:25,target,0.75
2026-03-03,TSLA,call,OTM2+,market,75.0,09:35,10:15,target,0.75
2026-03-03,TSLA,call,OTM2+,market,75.0,10:30,11:10,target,0.75
2026-03-03,TSLA,call,OTM2+,market,75.0,11:30,12:10,target,0.75
2026-03-03,TSLA,call,OTM2+,market,75.0,13:30,16:00,forced,-0.03922
2026-03-04,TSLA,call,OTM2+,market,75.0,09:35,09:45,target,0.75
2026-03-04,TSLA,call,OTM2+,market,75.0,10:00,10:10,target,0.75
2026-03-05,TSLA,call,OTM2+,market,75.0,09:35,09:55,target,0.75
2026-03-05,TSLA,call,OTM2+,market,75.0,10:00,10:05,target,0.75
2026-03-05,TSLA,call,OTM2+,market,75.0,11:00,11:15,target,0.75
2026-03-06,TSLA,call,OTM2+,market,75.0,09:35,10:10,target,0.75
2026-03-09,TSLA,call,OTM2+,market,75.0,09:35,14:50,target,0.75
2026-03-10,TSLA,call,OTM2+,market,75.0,09:35,09:40,target,0.75
2026-03-10,TSLA,call,OTM2+,market,75.0,14:00,16:00,forced,-0.03922
2026-03-11,TSLA,call,OTM2+,market,75.0,10:30,16:00,forced,-0.78593
2026-03-12,TSLA,call,OTM2+,market,75.0,09:35,09:50,target,0.75
2026-03-12,TSLA,call,OTM2+,market,75.0,10:00,10:10,target,0.75
2026-03-12,TSLA,call,OTM2+,market,75.0,12:00,16:00,forced,-0.06667
2026-03-13,TSLA,call,OTM2+,market,75.0,09:35,10:05,target,0.75
2026-02-16,TSLA,call,OTM2+,market,80.0,10:00,10:30,target,0.8
2026-02-16,TSLA,call,OTM2+,market,80.0,12:00,12:05,target,0.8
2026-02-16,TSLA,call,OTM2+,market,80.0,13:00,13:40,target,0.8
2026-02-16,TSLA,call,OTM2+,market,80.0,14:00,16:00,forced,-0.03922
2026-02-17,TSLA,call,OTM2+,market,80.0,10:00,10:10,target,0.8
2026-02-17,TSLA,call,OTM2+,market,80.0,13:30,13:35,target,0.8
2026-02-18,TSLA,call,OTM2+,market,80.0,10:00,10:05,target,0.8
2026-02-18,TSLA,call,OTM2+,market,80.0,10:30,15:25,target,0.8
2026-02-19,TSLA,call,OTM2+,market,80.0,10:00,10:05,target,0.8
2026-02-20,TSLA,call,OTM2+,market,80.0,10:00,16:00,forced,-0.62337
2026-02-23,TSLA,call,OTM2+,market,80.0,10:00,10:20,target,0.8
2026-02-23,TSLA,call,OTM2+,market,80.0,10:30,11:15,target,0.8
2026-02-23,TSLA,call,OTM2+,market,80.0,11:30,11:40,target,0.8
2026-02-24,TSLA,call,OTM2+,market,80.0,09:35,09:55,target,0.8
2026-02-24,TSLA,call,OTM2+,market,80.0,11:30,11:40,target,0.8
2026-02-24,TSLA,call,OTM2+,market,80.0,12:30,16:00,forced,-0.03922
2026-02-25,TSLA,call,OTM2+,market,80.0,10:00,16:00,forced,-0.36774
2026-02-26,TSLA,call,OTM2+,market,80.0,10:00,10:35,target,0.8
2026-02-26,TSLA,call,OTM2+,market,80.0,12:30,13:05,target,0.8
2026-02-27,TSLA,call,OTM2+,market,80.0,09:35,09:40,target,0.8
2026-03-02,TSLA,call,OTM2+,market,80.0,09:35,14:25,target,0.8
2026-03-03,TSLA,call,OTM2+,market,80.0,09:35,10:15,target,0.8
2026-03-03,TSLA,call,OTM2+,market,80.0,10:30,11:10,target,0.8
2026-03-03,TSLA,call,OTM2+,market,80.0,11:30,12:10,target,0.8
2026-03-03,TSLA,call,OTM2+,market,80.0,13:30,16:00,forced,-0.03922
2026-03-04,TSLA,call,OTM2+,market,80.0,09:35,09:45,target,0.8
2026-03-04,TSLA,call,OTM2+,market,80.0,10:00,10:10,target,0.8
2026-03-05,TSLA,call,OTM2+,market,80.0,09:35,09:55,target,0.8
2026-03-05,TSLA,call,OTM2+,market,80.0,10:00,10:05,target,0.8
2026-03-05,TSLA,call,OTM2+,market,80.0,11:00,11:15,target,0.8
2026-03-06,TSLA,call,OTM2+,market,80.0,09:35,10:10,target,0.8
2026-03-09,TSLA,call,OTM2+,market,80.0,09:35,14:50,target,0.8
2026-03-10,TSLA,call,OTM2+,market,80.0,09:35,09:40,target,0.8
2026-03-10,TSLA,call,OTM2+,market,80.0,14:00,16:00,forced,-0.03922
2026-03-11,TSLA,call,OTM2+,market,80.0,10:30,16:00,forced,-0.78593
2026-03-12,TSLA,call,OTM2+,market,80.0,09:35,09:50,target,0.8
2026-03-12,TSLA,call,OTM2+,market,80.0,10:00,10:10,target,0.8
2026-03-12,TSLA,call,OTM2+,market,80.0,12:00,16:00,forced,-0.06667
2026-03-13,TSLA,call,OTM2+,market,80.0,09:35,10:05,target,0.8
2026-02-16,TSLA,call,OTM2+,market,90.0,10:00,10:30,target,0.9
2026-02-16,TSLA,call,OTM2+,market,90.0,12:00,12:05,target,0.9
2026-02-16,TSLA,call,OTM2+,market,90.0,13:00,13:40,target,0.9
2026-02-16,TSLA,call,OTM2+,market,90.0,14:00,16:00,forced,-0.03922
2026-02-17,TSLA,call,OTM2+,market,90.0,10:00,10:10,target,0.9
2026-02-17,TSLA,call,OTM2+,market,90.0,13:30,13:35,target,0.9
2026-02-18,TSLA,call,OTM2+,market,90.0,10:00,10:05,target,0.9
2026-02-18,TSLA,call,OTM2+,market,90.0,10:30,15:25,target,0.9
2026-02-19,TSLA,call,OTM2+,market,90.0,10:00,10:05,target,0.9
2026-02-20,TSLA,call,OTM2+,market,90.0,10:00,16:00,forced,-0.62337
2026-02-23,TSLA,call,OTM2+,market,90.0,10:00,10:20,target,0.9
2026-02-23,TSLA,call,OTM2+,market,90.0,10:30,11:15,target,0.9
2026-02-23,TSLA,call,OTM2+,market,90.0,11:30,11:40,target,0.9
2026-02-24,TSLA,call,OTM2+,market,90.0,09:35,09:55,target,0.9
2026-02-24,TSLA,call,OTM2+,market,90.0,11:30,11:40,target,0.9
2026-02-24,TSLA,call,OTM2+,market,90.0,12:30,16:00,forced,-0.03922
2026-02-25,TSLA,call,OTM2+,market,90.0,10:00,16:00,forced,-0.36774
2026-02-26,TSLA,call,OTM2+,market,90.0,10:00,10:35,target,0.9
2026-02-26,TSLA,call,OTM2+,market,90.0,12:30,13:05,target,0.9
2026-02-27,TSLA,call,OTM2+,market,90.0,09:35,09:40,target,0.9
2026-03-02,TSLA,call,OTM2+,market,90.0,09:35,14:25,target,0.9
2026-03-03,TSLA,call,OTM2+,market,90.0,09:35,10:15,target,0.9
2026-03-03,TSLA,call,OTM2+,market,90.0,10:30,12:15,target,0.9
2026-03-03,TSLA,call,OTM2+,market,90.0,13:30,16:00,forced,-0.03922
2026-03-04,TSLA,call,OTM2+,market,90.0,09:35,09:45,target,0.9
2026-03-04,TSLA,call,OTM2+,market,90.0,10:00,10:10,target,0.9
2026-03-05,TSLA,call,OTM2+,market,90.0,09:35,09:55,target,0.9
2026-03-05,TSLA,call,OTM2+,market,90.0,10:00,10:05,target,0.9
2026-03-05,TSLA,call,OTM2+,market,90.0,11:00,11:15,target,0.9
2026-03-06,TSLA,call,OTM2+,market,90.0,09:35,10:20,target,0.9
2026-03-09,TSLA,call,OTM2+,market,90.0,09:35,14:50,target,0.9
2026-03-10,TSLA,call,OTM2+,market,90.0,09:35,09:40,target,0.9
2026-03-10,TSLA,call,OTM2+,market,90.0,14:00,16:00,forced,-0.03922
2026-03-11,TSLA,call,OTM2+,market,90.0,10:30,16:00,forced,-0.78593
2026-03-12,TSLA,call,OTM2+,market,90.0,09:35,10:05,target,0.9
2026-03-12,TSLA,call,OTM2+,market,90.0,12:00,16:00,forced,-0.06667
2026-03-13,TSLA,call,OTM2+,market,90.0,09:35,10:05,target,0.9
2026-02-16,TSLA,call,OTM2+,market,100.0,10:00,10:30,target,1.0
2026-02-16,TSLA,call,OTM2+,market,100.0,12:00,12:05,target,1.0
2026-02-16,TSLA,call,OTM2+,market,100.0,13:00,13:40,target,1.0
2026-02-16,TSLA,call,OTM2+,market,100.0,14:00,16:00,forced,-0.03922
2026-02-17,TSLA,call,OTM2+,market,100.0,10:00,10:10,target,1.0
2026-02-17,TSLA,call,OTM2+,market,100.0,13:30,13:35,target,1.0
2026-02-18,TSLA,call,OTM2+,market,100.0,10:00,10:05,target,1.0
2026-02-18,TSLA,call,OTM2+,market,100.0,10:30,15:25,target,1.0
2026-02-19,TSLA,call,OTM2+,market,100.0,10:00,10:05,target,1.0
2026-02-20,TSLA,call,OTM2+,market,100.0,10:00,16:00,forced,-0.62337
2026-02-23,TSLA,call,OTM2+,market,100.0,10:00,10:20,target,1.0
2026-02-23,TSLA,call,OTM2+,market,100.0,10:30,11:15,target,1.0
2026-02-23,TSLA,call,OTM2+,market,100.0,11:30,11:40,target,1.0
2026-02-24,TSLA,call,OTM2+,market,100.0,09:35,09:55,target,1.0
2026-02-24,TSLA,call,OTM2+,market,100.0,11:30,11:40,target,1.0
2026-02-24,TSLA,call,OTM2+,market,100.0,12:30,16:00,forced,-0.03922
2026-02-25,TSLA,call,OTM2+,market,100.0,10:00,16:00,forced,-0.36774
2026-02-26,TSLA,call,OTM2+,market,100.0,10:00,10:35,target,1.0
2026-02-26,TSLA,call,OTM2+,market,100.0,12:30,13:05,target,1.0
2026-02-27,TSLA,call,OTM2+,market,100.0,09:35,09:40,target,1.0
2026-03-02,TSLA,call,OTM2+,market,100.0,09:35,14:25,target,1.0
2026-03-03,TSLA,call,OTM2+,market,100.0,09:35,10:15,target,1.0
2026-03-03,TSLA,call,OTM2+,market,100.0,10:30,12:20,target,1.0
2026-03-03,TSLA,call,OTM2+,market,100.0,13:30,16:00,forced,-0.03922
2026-03-04,TSLA,call,OTM2+,market,100.0,09:35,09:45,target,1.0
2026-03-04,TSLA,call,OTM2+,market,100.0,10:00,10:10,target,1.0
2026-03-05,TSLA,call,OTM2+,market,100.0,09:35,09:55,target,1.0
2026-03-05,TSLA,call,OTM2+,market,100.0,10:00,10:05,target,1.0
2026-03-05,TSLA,call,OTM2+,market,100.0,11:00,11:15,target,1.0
2026-03-06,TSLA,call,OTM2+,market,100.0,09:35,10:20,target,1.0
2026-03-09,TSLA,call,OTM2+,market,100.0,09:35,14:50,target,1.0
2026-03-10,TSLA,call,OTM2+,market,100.0,09:35,09:40,target,1.0
2026-03-10,TSLA,call,OTM2+,market,100.0,14:00,16:00,forced,-0.03922
2026-03-11,TSLA,call,OTM2+,market,100.0,10:30,16:00,forced,-0.78593
2026-03-12,TSLA,call,OTM2+,market,100.0,09:35,10:05,target,1.0
2026-03-12,TSLA,call,OTM2+,market,100.0,12:00,16:00,forced,-0.06667
2026-03-13,TSLA,call,OTM2+,market,100.0,09:35,10:05,target,1.0
2026-02-16,TSLA,put,OTM2+,mid,20.0,09:35,09:45,target,0.2
2026-02-16,TSLA,put,OTM2+,mid,20.0,10:00,10:05,target,0.2
2026-02-16,TSLA,put,OTM2+,mid,20.0,10:30,11:15,target,0.2
2026-02-16,TSLA,put,OTM2+,mid,20.0,11:30,11:55,target,0.2
2026-02-16,TSLA,put,OTM2+,mid,20.0,12:00,13:05,target,0.2
2026-02-16,TSLA,put,OTM2+,mid,20.0,13:30,14:15,target,0.2
2026-02-16,TSLA,put,OTM2+,mid,20.0,15:00,16:00,forced,0.006
2026-02-17,TSLA,put,OTM2+,mid,20.0,10:00,16:00,forced,-0.80264
2026-02-18,TSLA,put,OTM2+,mid,20.0,15:30,16:00,forced,0.0
2026-02-19,TSLA,put,OTM2+,mid,20.0,09:35,09:40,target,0.2
2026-02-19,TSLA,put,OTM2+,mid,20.0,10:00,16:00,forced,-0.53596
2026-02-20,TSLA,put,OTM2+,mid,20.0,09:35,09:40,target,0.2
2026-02-20,TSLA,put,OTM2+,mid,20.0,10:00,10:10,target,0.2
2026-02-23,TSLA,put,OTM2+,mid,20.0,09:35,09:45,target,0.2
2026-02-23,TSLA,put,OTM2+,mid,20.0,10:00,10:30,target,0.2
2026-02-23,TSLA,put,OTM2+,mid,20.0,10:30,10:45,target,0.2
2026-02-23,TSLA,put,OTM2+,mid,20.0,11:30,16:00,forced,0.0
2026-02-24,TSLA,put,OTM2+,mid,20.0,09:35,09:45,target,0.2
2026-02-24,TSLA,put,OTM2+,mid,20.0,10:00,10:25,target,0.2
2026-02-24,TSLA,put,OTM2+,mid,20.0,10:30,11:05,target,0.2
2026-02-24,TSLA,put,OTM2+,mid,20.0,11:30,12:30,target,0.2
2026-02-24,TSLA,put,OTM2+,mid,20.0,15:00,16:00,forced,0.0
2026-02-25,TSLA,put,OTM2+,mid,20.0,09:35,10:00,target,0.2
2026-02-25,TSLA,put,OTM2+,mid,20.0,10:00,10:10,target,0.2
2026-02-25,TSLA,put,OTM2+,mid,20.0,10:30,10:35,target,0.2
2026-02-26,TSLA,put,OTM2+,mid,20.0,09:35,09:40,target,0.2
2026-02-26,TSLA,put,OTM2+,mid,20.0,10:00,10:20,target,0.2
2026-02-26,TSLA,put,OTM2+,mid,20.0,11:30,11:40,target,0.2
2026-02-26,TSLA,put,OTM2+,mid,20.0,12:00,12:10,target,0.2
2026-02-26,TSLA,put,OTM2+,mid,20.0,13:00,16:00,forced,0.0
2026-02-27,TSLA,put,OTM2+,mid,20.0,09:35,16:00,forced,-0.62462
2026-03-02,TSLA,put,OTM2+,mid,20.0,13:30,16:00,forced,0.0
2026-03-03,TSLA,put,OTM2+,mid,20.0,09:35,09:55,target,0.2
2026-03-03,TSLA,put,OTM2+,mid,20.0,10:30,10:55,target,0.2
2026-03-03,TSLA,put,OTM2+,mid,20.0,11:30,13:55,target,0.2
2026-03-04,TSLA,put,OTM2+,mid,20.0,09:35,09:40,target,0.2
2026-03-04,TSLA,put,OTM2+,mid,20.0,10:00,16:00,forced,0.0
2026-03-05,TSLA,put,OTM2+,mid,20.0,09:35,16:00,forced,-0.7699
2026-03-06,TSLA,put,OTM2+,mid,20.0,09:35,09:45,target,0.2
2026-03-06,TSLA,put,OTM2+,mid,20.0,10:00,16:00,forced,-0.79123
2026-03-09,TSLA,put,OTM2+,mid,20.0,09:35,09:40,target,0.2
2026-03-09,TSLA,put,OTM2+,mid,20.0,10:00,10:10,target,0.2
2026-03-09,TSLA,put,OTM2+,mid,20.0,10:30,11:50,target,0.2
2026-03-09,TSLA,put,OTM2+,mid,20.0,12:30,12:50,target,0.2
2026-03-09,TSLA,put,OTM2+,mid,20.0,13:00,13:20,target,0.2
2026-03-09,TSLA,put,OTM2+,mid,20.0,14:00,16:00,forced,0.0
2026-03-10,TSLA,put,OTM2+,mid,20.0,09:35,14:40,target,0.2
2026-03-11,TSLA,put,OTM2+,mid,20.0,09:35,10:00,target,0.2
2026-03-11,TSLA,put,OTM2+,mid,20.0,10:00,10:25,target,0.2
2026-03-11,TSLA,put,OTM2+,mid,20.0,10:30,10:35,target,0.2
2026-03-12,TSLA,put,OTM2+,mid,20.0,09:35,09:40,target,0.2
2026-03-12,TSLA,put,OTM2+,mid,20.0,10:00,12:05,target,0.2
2026-03-13,TSLA,put,OTM2+,mid,20.0,09:35,09:45,target,0.2
2026-03-13,TSLA,put,OTM2+,mid,20.0,10:00,16:00,forced,-0.55117
2026-02-16,TSLA,put,OTM2+,mid,25.0,09:35,09:45,target,0.25
2026-02-16,TSLA,put,OTM2+,mid,25.0,10:00,10:05,target,0.25
2026-02-16,TSLA,put,OTM2+,mid,25.0,10:30,11:15,target,0.25
2026-02-16,TSLA,put,OTM2+,mid,25.0,11:30,11:55,target,0.25
2026-02-16,TSLA,put,OTM2+,mid,25.0,12:00,13:05,target,0.25
2026-02-16,TSLA,put,OTM2+,mid,25.0,13:30,14:15,target,0.25
2026-02-16,TSLA,put,OTM2+,mid,25.0,15:00,16:00,forced,0.006
2026-02-17,TSLA,put,OTM2+,mid,25.0,10:00,16:00,forced,-0.80264
2026-02-18,TSLA,put,OTM2+,mid,25.0,15:30,16:00,forced,0.0
2026-02-19,TSLA,put,OTM2+,mid,25.0,09:35,09:40,target,0.25
2026-02-19,TSLA,put,OTM2+,mid,25.0,10:00,16:00,forced,-0.53596
2026-02-20,TSLA,put,OTM2+,mid,25.0,09:35,09:40,target,0.25
2026-02-20,TSLA,put,OTM2+,mid,25.0,10:00,10:10,target,0.25
2026-02-23,TSLA,put,OTM2+,mid,25.0,09:35,09:45,target,0.25
2026-02-23,TSLA,put,OTM2+,mid,25.0,10:00,10:30,target,0.25
2026-02-23,TSLA,put,OTM2+,mid,25.0,10:30,10:45,target,0.25
2026-02-23,TSLA,put,OTM2+,mid,25.0,11:30,16:00,forced,0.0
2026-02-24,TSLA,put,OTM2+,mid,25.0,09:35,09:45,target,0.25
2026-02-24,TSLA,put,OTM2+,mid,25.0,10:00,10:25,target,0.25
2026-02-24,TSLA,put,OTM2+,mid,25.0,10:30,11:05,target,0.25
2026-02-24,TSLA,put,OTM2+,mid,25.0,11:30,12:30,target,0.25
2026-02-24,TSLA,put,OTM2+,mid,25.0,15:00,16:00,forced,0.0
2026-02-25,TSLA,put,OTM2+,mid,25.0,09:35,10:00,target,0.25
2026-02-25,TSLA,put,OTM2+,mid,25.0,10:00,10:10,target,0.25
2026-02-25,TSLA,put,OTM2+,mid,25.0,10:30,10:35,target,0.25
2026-02-26,TSLA,put,OTM2+,mid,25.0,09:35,09:40,target,0.25
2026-02-26,TSLA,put,OTM2+,mid,25.0,10:00,16:00,forced,-0.8584
2026-02-27,TSLA,put,OTM2+,mid,25.0,09:35,16:00,forced,-0.62462
2026-03-02,TSLA,put,OTM2+,mid,25.0,13:30,16:00,forced,0.0
2026-03-03,TSLA,put,OTM2+,mid,25.0,09:35,09:55,target,0.25
2026-03-03,TSLA,put,OTM2+,mid,25.0,10:30,10:55,target,0.25
2026-03-03,TSLA,put,OTM2+,mid,25.0,11:30,13:55,target,0.25
2026-03-04,TSLA,put,OTM2+,mid,25.0,09:35,16:00,forced,-0.68183
2026-03-05,TSLA,put,OTM2+,mid,25.0,09:35,16:00,forced,-0.7699
2026-03-06,TSLA,put,OTM2+,mid,25.0,09:35,09:45,target,0.25
2026-03-06,TSLA,put,OTM2+,mid,25.0,10:00,16:00,forced,-0.79123
2026-03-09,TSLA,put,OTM2+,mid,25.0,09:35,09:40,target,0.25
2026-03-09,TSLA,put,OTM2+,mid,25.0,10:00,10:10,target,0.25
2026-03-09,TSLA,put,OTM2+,mid,25.0,10:30,11:50,target,0.25
2026-03-09,TSLA,put,OTM2+,mid,25.0,12:30,12:50,target,0.25
2026-03-09,TSLA,put,OTM2+,mid,25.0,13:00,13:20,target,0.25
2026-03-09,TSLA,put,OTM2+,mid,25.0,14:00,16:00,forced,0.0
2026-03-10,TSLA,put,OTM2+,mid,25.0,09:35,14:40,target,0.25
2026-03-11,TSLA,put,OTM2+,mid,25.0,09:35,10:00,target,0.25
2026-03-11,TSLA,put,OTM2+,mid,25.0,10:00,10:25,target,0.25
2026-03-11,TSLA,put,OTM2+,mid,25.0,10:30,10:35,target,0.25
2026-03-12,TSLA,put,OTM2+,mid,25.0,09:35,09:40,target,0.25
2026-03-12,TSLA,put,OTM2+,mid,25.0,10:00,12:05,target,0.25
2026-03-13,TSLA,put,OTM2+,mid,25.0,09:35,09:45,target,0.25
2026-03-13,TSLA,put,OTM2+,mid,25.0,10:00,16:00,forced,-0.55117
2026-02-16,TSLA,put,OTM2+,mid,30.0,09:35,09:50,target,0.3
2026-02-16,TSLA,put,OTM2+,mid,30.0,10:00,10:05,target,0.3
2026-02-16,TSLA,put,OTM2+,mid,30.0,10:30,11:15,target,0.3
2026-02-16,TSLA,put,OTM2+,mid,30.0,11:30,11:55,target,0.3
2026-02-16,TSLA,put,OTM2+,mid,30.0,12:00,13:05,target,0.3
2026-02-16,TSLA,put,OTM2+,mid,30.0,13:30,14:15,target,0.3
2026-02-16,TSLA,put,OTM2+,mid,30.0,15:00,16:00,forced,0.006
2026-02-17,TSLA,put,OTM2+,mid,30.0,10:00,16:00,forced,-0.80264
2026-02-18,TSLA,put,OTM2+,mid,30.0,15:30,16:00,forced,0.0
2026-02-19,TSLA,put,OTM2+,mid,30.0,09:35,09:40,target,0.3
2026-02-19,TSLA,put,OTM2+,mid,30.0,10:00,16:00,forced,-0.53596
2026-02-20,TSLA,put,OTM2+,mid,30.0,09:35,09:40,target,0.3
2026-02-20,TSLA,put,OTM2+,mid,30.0,10:00,10:10,target,0.3
2026-02-23,TSLA,put,OTM2+,mid,30.0,09:35,09:45,target,0.3
2026-02-23,TSLA,put,OTM2+,mid,30.0,10:00,10:30,target,0.3
2026-02-23,TSLA,put,OTM2+,mid,30.0,10:30,10:45,target,0.3
2026-02-23,TSLA,put,OTM2+,mid,30.0,11:30,16:00,forced,0.0
2026-02-24,TSLA,put,OTM2+,mid,30.0,09:35,09:45,target,0.3
2026-02-24,TSLA,put,OTM2+,mid,30.0,10:00,10:25,target,0.3
2026-02-24,TSLA,put,OTM2+,mid,30.0,10:30,11:05,target,0.3
2026-02-24,TSLA,put,OTM2+,mid,30.0,11:30,12:30,target,0.3
2026-02-24,TSLA,put,OTM2+,mid,30.0,15:00,16:00,forced,0.0
2026-02-25,TSLA,put,OTM2+,mid,30.0,09:35,10:00,target,0.3
2026-02-25,TSLA,put,OTM2+,mid,30.0,10:00,10:10,target,0.3
2026-02-25,TSLA,put,OTM2+,mid,30.0,10:30,10:35,target,0.3
2026-02-26,TSLA,put,OTM2+,mid,30.0,09:35,09:45,target,0.3
2026-02-26,TSLA,put,OTM2+,mid,30.0,10:00,16:00,forced,-0.8584
2026-02-27,TSLA,put,OTM2+,mid,30.0,09:35,16:00,forced,-0.62462
2026-03-02,TSLA,put,OTM2+,mid,30.0,13:30,16:00,forced,0.0
2026-03-03,TSLA,put,OTM2+,mid,30.0,09:35,09:55,target,0.3
2026-03-03,TSLA,put,OTM2+,mid,30.0,10:30,10:55,target,0.3
2026-03-03,TSLA,put,OTM2+,mid,30.0,11:30,13:55,target,0.3
2026-03-04,TSLA,put,OTM2+,mid,30.0,09:35,16:00,forced,-0.68183
2026-03-05,TSLA,put,OTM2+,mid,30.0,09:35,16:00,forced,-0.7699
2026-03-06,TSLA,put,OTM2+,mid,30.0,09:35,09:45,target,0.3
2026-03-06,TSLA,put,OTM2+,mid,30.0,10:00,16:00,forced,-0.79123
2026-03-09,TSLA,put,OTM2+,mid,30.0,09:35,09:40,target,0.3
2026-03-09,TSLA,put,OTM2+,mid,30.0,10:00,10:10,target,0.3
2026-03-09,TSLA,put,OTM2+,mid,30.0,10:30,11:50,target,0.3
2026-03-09,TSLA,put,OTM2+,mid,30.0,12:30,12:50,target,0.3
2026-03-09,TSLA,put,OTM2+,mid,30.0,13:00,13:20,target,0.3
2026-03-09,TSLA,put,OTM2+,mid,30.0,14:00,16:00,forced,0.0
2026-03-10,TSLA,put,OTM2+,mid,30.0,09:35,14:40,target,0.3
2026-03-11,TSLA,put,OTM2+,mid,30.0,09:35,10:00,target,0.3
2026-03-11,TSLA,put,OTM2+,mid,30.0,10:00,10:25,target,0.3
2026-03-11,TSLA,put,OTM2+,mid,30.0,10:30,10:35,target,0.3
2026-03-12,TSLA,put,OTM2+,mid,30.0,09:35,09:40,target,0.3
2026-03-12,TSLA,put,OTM2+,mid,30.0,10:00,12:05,target,0.3
2026-03-13,TSLA,put,OTM2+,mid,30.0,09:35,09:45,target,0.3
2026-03-13,TSLA,put,OTM2+,mid,30.0,10:00,16:00,forced,-0.55117
2026-02-16,TSLA,put,OTM2+,mid,40.0,09:35,09:50,target,0.4
2026-02-16,TSLA,put,OTM2+,mid,40.0,10:00,10:05,target,0.4
2026-02-16,TSLA,put,OTM2+,mid,40.0,10:30,11:15,target,0.4
2026-02-16,TSLA,put,OTM2+,mid,40.0,11:30,11:55,target,0.4
2026-02-16,TSLA,put,OTM2+,mid,40.0,12:00,13:05,target,0.4
2026-02-16,TSLA,put,OTM2+,mid,40.0,13:30,14:15,target,0.4
2026-02-16,TSLA,put,OTM2+,mid,40.0,15:00,16:00,forced,0.006
2026-02-17,TSLA,put,OTM2+,mid,40.0,10:00,16:00,forced,-0.80264
2026-02-18,TSLA,put,OTM2+,mid,40.0,15:30,16:00,forced,0.0
2026-02-19,TSLA,put,OTM2+,mid,40.0,09:35,09:40,target,0.4
2026-02-19,TSLA,put,OTM2+,mid,40.0,10:00,16:00,forced,-0.53596
2026-02-20,TSLA,put,OTM2+,mid,40.0,09:35,09:40,target,0.4
2026-02-20,TSLA,put,OTM2+,mid,40.0,10:00,10:10,target,0.4
2026-02-23,TSLA,put,OTM2+,mid,40.0,09:35,10:45,target,0.4
2026-02-23,TSLA,put,OTM2+,mid,40.0,11:30,16:00,forced,0.0
2026-02-24,TSLA,put,OTM2+,mid,40.0,09:35,09:45,target,0.4
2026-02-24,TSLA,put,OTM2+,mid,40.0,10:00,11:05,target,0.4
2026-02-24,TSLA,put,OTM2+,mid,40.0,11:30,12:30,target,0.4
2026-02-24,TSLA,put,OTM2+,mid,40.0,15:00,16:00,forced,0.0
2026-02-25,TSLA,put,OTM2+,mid,40.0,09:35,10:00,target,0.4
2026-02-25,TSLA,put,OTM2+,mid,40.0,10:00,10:10,target,0.4
2026-02-25,TSLA,put,OTM2+,mid,40.0,10:30,10:35,target,0.4
2026-02-26,TSLA,put,OTM2+,mid,40.0,09:35,09:45,target,0.4
2026-02-26,TSLA,put,OTM2+,mid,40.0,10:00,16:00,forced,-0.8584
2026-02-27,TSLA,put,OTM2+,mid,40.0,09:35,16:00,forced,-0.62462
2026-03-02,TSLA,put,OTM2+,mid,40.0,13:30,16:00,forced,0.0
2026-03-03,TSLA,put,OTM2+,mid,40.0,09:35,09:55,target,0.4
2026-03-03,TSLA,put,OTM2+,mid,40.0,10:30,10:55,target,0.4
2026-03-03,TSLA,put,OTM2+,mid,40.0,11:30,13:55,target,0.4
2026-03-04,TSLA,put,OTM2+,mid,40.0,09:35,16:00,forced,-0.68183
2026-03-05,TSLA,put,OTM2+,mid,40.0,09:35,16:00,forced,-0.7699
2026-03-06,TSLA,put,OTM2+,mid,40.0,09:35,09:45,target,0.4
2026-03-06,TSLA,put,OTM2+,mid,40.0,10:00,16:00,forced,-0.79123
2026-03-09,TSLA,put,OTM2+,mid,40.0,09:35,09:40,target,0.4
2026-03-09,TSLA,put,OTM2+,mid,40.0,10:00,10:10,target,0.4
2026-03-09,TSLA,put,OTM2+,mid,40.0,10:30,11:50,target,0.4
2026-03-09,TSLA,put,OTM2+,mid,40.0,12:30,12:50,target,0.4
2026-03-09,TSLA,put,OTM2+,mid,40.0,13:00,13:20,target,0.4
2026-03-09,TSLA,put,OTM2+,mid,40.0,14:00,16:00,forced,0.0
2026-03-10,TSLA,put,OTM2+,mid,40.0,09:35,14:40,target,0.4
2026-03-11,TSLA,put,OTM2+,mid,40.0,09:35,10:25,target,0.4
2026-03-11,TSLA,put,OTM2+,mid,40.0,10:30,10:35,target,0.4
2026-03-12,TSLA,put,OTM2+,mid,40.0,09:35,09:40,target,0.4
2026-03-12,TSLA,put,OTM2+,mid,40.0,10:00,12:05,target,0.4
2026-03-13,TSLA,put,OTM2+,mid,40.0,09:35,09:45,target,0.4
2026-03-13,TSLA,put,OTM2+,mid,40.0,10:00,16:00,forced,-0.55117
2026-02-16,TSLA,put,OTM2+,mid,50.0,09:35,09:50,target,0.5
2026-02-16,TSLA,put,OTM2+,mid,50.0,10:00,10:05,target,0.5
2026-02-16,TSLA,put,OTM2+,mid,50.0,10:30,11:30,target,0.5
2026-02-16,TSLA,put,OTM2+,mid,50.0,11:30,11:55,target,0.5
2026-02-16,TSLA,put,OTM2+,mid,50.0,12:00,16:00,forced,-0.32754
2026-02-17,TSLA,put,OTM2+,mid,50.0,10:00,16:00,forced,-0.80264
2026-02-18,TSLA,put,OTM2+,mid,50.0,15:30,16:00,forced,0.0
2026-02-19,TSLA,put,OTM2+,mid,50.0,09:35,16:00,forced,-0.56635
2026-02-20,TSLA,put,OTM2+,mid,50.0,09:35,09:45,target,0.5
2026-02-20,TSLA,put,OTM2+,mid,50.0,10:00,10:10,target,0.5
2026-02-23,TSLA,put,OTM2+,mid,50.0,09:35,10:45,target,0.5
2026-02-23,TSLA,put,OTM2+,mid,50.0,11:30,16:00,forced,0.0
2026-02-24,TSLA,put,OTM2+,mid,50.0,09:35,09:45,target,0.5
2026-02-24,TSLA,put,OTM2+,mid,50.0,10:00,11:05,target,0.5
2026-02-24,TSLA,put,OTM2+,mid,50.0,11:30,12:30,target,0.5
2026-02-24,TSLA,put,OTM2+,mid,50.0,15:00,16:00,forced,0.0
2026-02-25,TSLA,put,OTM2+,mid,50.0,09:35,10:00,target,0.5
2026-02-25,TSLA,put,OTM2+,mid,50.0,10:00,10:10,target,0.5
2026-02-25,TSLA,put,OTM2+,mid,50.0,10:30,10:35,target,0.5
2026-02-26,TSLA,put,OTM2+,mid,50.0,09:35,09:45,target,0.5
2026-02-26,TSLA,put,OTM2+,mid,50.0,10:00,16:00,forced,-0.8584
2026-02-27,TSLA,put,OTM2+,mid,50.0,09:35,16:00,forced,-0.62462
2026-03-02,TSLA,put,OTM2+,mid,50.0,13:30,16:00,forced,0.0
2026-03-03,TSLA,put,OTM2+,mid,50.0,09:35,09:55,target,0.5
2026-03-03,TSLA,put,OTM2+,mid,50.0,10:30,10:55,target,0.5
2026-03-03,TSLA,put,OTM2+,mid,50.0,11:30,13:55,target,0.5
2026-03-04,TSLA,put,OTM2+,mid,50.0,09:35,16:00,forced,-0.68183
2026-03-05,TSLA,put,OTM2+,mid,50.0,09:35,16:00,forced,-0.7699
2026-03-06,TSLA,put,OTM2+,mid,50.0,09:35,09:45,target,0.5
2026-03-06,TSLA,put,OTM2+,mid,50.0,10:00,16:00,forced,-0.79123
2026-03-09,TSLA,put,OTM2+,mid,50.0,09:35,09:40,target,0.5
2026-03-09,TSLA,put,OTM2+,mid,50.0,10:00,10:10,target,0.5
2026-03-09,TSLA,put,OTM2+,mid,50.0,10:30,11:50,target,0.5
2026-03-09,TSLA,put,OTM2+,mid,50.0,12:30,12:50,target,0.5
2026-03-09,TSLA,put,OTM2+,mid,50.0,13:00,13:20,target,0.5
2026-03-09,TSLA,put,OTM2+,mid,50.0,14:00,16:00,forced,0.0
2026-03-10,TSLA,put,OTM2+,mid,50.0,09:35,15:00,target,0.5
2026-03-11,TSLA,put,OTM2+,mid,50.0,09:35,10:25,target,0.5
2026-03-11,TSLA,put,OTM2+,mid,50.0,10:30,10:35,target,0.5
2026-03-12,TSLA,put,OTM2+,mid,50.0,09:35,09:40,target,0.5
2026-03-12,TSLA,put,OTM2+,mid,50.0,10:00,12:05,target,0.5
2026-03-13,TSLA,put,OTM2+,mid,50.0,09:35,16:00,forced,-0.60412
2026-02-16,TSLA,put,OTM2+,mid,60.0,09:35,09:50,target,0.6
2026-02-16,TSLA,put,OTM2+,mid,60.0,10:00,10:05,target,0.6
2026-02-16,TSLA,put,OTM2+,mid,60.0,10:30,11:30,target,0.6
2026-02-16,TSLA,put,OTM2+,mid,60.0,11:30,11:55,target,0.6
2026-02-16,TSLA,put,OTM2+,mid,60.0,12:00,16:00,forced,-0.32754
2026-02-17,TSLA,put,OTM2+,mid,60.0,10:00,16:00,forced,-0.80264
2026-02-18,TSLA,put,OTM2+,mid,60.0,15:30,16:00,forced,0.0
2026-02-19,TSLA,put,OTM2+,mid,60.0,09:35,16:00,forced,-0.56635
2026-02-20,TSLA,put,OTM2+,mid,60.0,09:35,09:45,target,0.6
2026-02-20,TSLA,put,OTM2+,mid,60.0,10:00,10:10,target,0.6
2026-02-23,TSLA,put,OTM2+,mid,60.0,09:35,10:45,target,0.6
2026-02-23,TSLA,put,OTM2+,mid,60.0,11:00,16:00,forced,0.0
2026-02-24,TSLA,put,OTM2+,mid,60.0,09:35,12:35,target,0.6
2026-02-24,TSLA,put,OTM2+,mid,60.0,15:00,16:00,forced,0.0
2026-02-25,TSLA,put,OTM2+,mid,60.0,09:35,10:00,target,0.6
2026-02-25,TSLA,put,OTM2+,mid,60.0,10:00,10:10,target,0.6
2026-02-25,TSLA,put,OTM2+,mid,60.0,10:30,10:35,target,0.6
2026-02-26,TSLA,put,OTM2+,mid,60.0,09:35,09:45,target,0.6
2026-02-26,TSLA,put,OTM2+,mid,60.0,10:00,16:00,forced,-0.8584
2026-02-27,TSLA,put,OTM2+,mid,60.0,09:35,16:00,forced,-0.62462
2026-03-02,TSLA,put,OTM2+,mid,60.0,13:30,16:00,forced,0.0
2026-03-03,TSLA,put,OTM2+,mid,60.0,09:35,09:55,target,0.6
2026-03-03,TSLA,put,OTM2+,mid,60.0,10:30,10:55,target,0.6
2026-03-03,TSLA,put,OTM2+,mid,60.0,11:30,13:55,target,0.6
2026-03-04,TSLA,put,OTM2+,mid,60.0,09:35,16:00,forced,-0.68183
2026-03-05,TSLA,put,OTM2+,mid,60.0,09:35,16:00,forced,-0.7699
2026-03-06,TSLA,put,OTM2+,mid,60.0,09:35,09:45,target,0.6
2026-03-06,TSLA,put,OTM2+,mid,60.0,10:00,16:00,forced,-0.79123
2026-03-09,TSLA,put,OTM2+,mid,60.0,09:35,09:45,target,0.6
2026-03-09,TSLA,put,OTM2+,mid,60.0,10:00,10:10,target,0.6
2026-03-09,TSLA,put,OTM2+,mid,60.0,10:30,11:50,target,0.6
2026-03-09,TSLA,put,OTM2+,mid,60.0,12:30,12:50,target,0.6
2026-03-09,TSLA,put,OTM2+,mid,60.0,13:00,13:20,target,0.6
2026-03-09,TSLA,put,OTM2+,mid,60.0,14:00,16:00,forced,0.0
2026-03-10,TSLA,put,OTM2+,mid,60.0,09:35,15:00,target,0.6
2026-03-11,TSLA,put,OTM2+,mid,60.0,09:35,10:25,target,0.6
2026-03-11,TSLA,put,OTM2+,mid,60.0,10:30,10:35,target,0.6
2026-03-12,TSLA,put,OTM2+,mid,60.0,09:35,09:40,target,0.6
2026-03-12,TSLA,put,OTM2+,mid,60.0,10:00,12:05,target,0.6
2026-03-13,TSLA,put,OTM2+,mid,60.0,09:35,16:00,forced,-0.60412
2026-02-16,TSLA,put,OTM2+,mid,70.0,09:35,09:50,target,0.7
2026-02-16,TSLA,put,OTM2+,mid,70.0,10:00,10:05,target,0.7
2026-02-16,TSLA,put,OTM2+,mid,70.0,10:30,11:30,target,0.7
2026-02-16,TSLA,put,OTM2+,mid,70.0,11:30,11:55,target,0.7
2026-02-16,TSLA,put,OTM2+,mid,70.0,12:00,16:00,forced,-0.32754
2026-02-17,TSLA,put,OTM2+,mid,70.0,10:00,16:00,forced,-0.80264
2026-02-18,TSLA,put,OTM2+,mid,70.0,15:30,16:00,forced,0.0
2026-02-19,TSLA,put,OTM2+,mid,70.0,09:35,16:00,forced,-0.56635
2026-02-20,TSLA,put,OTM2+,mid,70.0,09:35,09:45,target,0.7
2026-02-20,TSLA,put,OTM2+,mid,70.0,10:00,10:10,target,0.7
2026-02-23,TSLA,put,OTM2+,mid,70.0,09:35,16:00,forced,-0.12816
2026-02-24,TSLA,put,OTM2+,mid,70.0,09:35,12:35,target,0.7
2026-02-24,TSLA,put,OTM2+,mid,70.0,15:00,16:00,forced,0.0
2026-02-25,TSLA,put,OTM2+,mid,70.0,09:35,10:00,target,0.7
2026-02-25,TSLA,put,OTM2+,mid,70.0,10:00,10:10,target,0.7
2026-02-25,TSLA,put,OTM2+,mid,70.0,10:30,10:35,target,0.7
2026-02-26,TSLA,put,OTM2+,mid,70.0,09:35,09:45,target,0.7
2026-02-26,TSLA,put,OTM2+,mid,70.0,10:00,16:00,forced,-0.8584
2026-02-27,TSLA,put,OTM2+,mid,70.0,09:35,16:00,forced,-0.62462
2026-03-02,TSLA,put,OTM2+,mid,70.0,13:30,16:00,forced,0.0
2026-03-03,TSLA,put,OTM2+,mid,70.0,09:35,09:55,target,0.7
2026-03-03,TSLA,put,OTM2+,mid,70.0,10:30,13:55,target,0.7
2026-03-04,TSLA,put,OTM2+,mid,70.0,09:35,16:00,forced,-0.68183
2026-03-05,TSLA,put,OTM2+,mid,70.0,09:35,16:00,forced,-0.7699
2026-03-06,TSLA,put,OTM2+,mid,70.0,09:35,09:45,target,0.7
2026-03-06,TSLA,put,OTM2+,mid,70.0,10:00,16:00,forced,-0.79123
2026-03-09,TSLA,put,OTM2+,mid,70.0,09:35,09:45,target,0.7
2026-03-09,TSLA,put,OTM2+,mid,70.0,10:00,11:55,target,0.7
2026-03-09,TSLA,put,OTM2+,mid,70.0,12:30,12:50,target,0.7
2026-03-09,TSLA,put,OTM2+,mid,70.0,13:00,13:20,target,0.7
2026-03-09,TSLA,put,OTM2+,mid,70.0,14:00,16:00,forced,0.0
2026-03-10,TSLA,put,OTM2+,mid,70.0,09:35,15:00,target,0.7
2026-03-11,TSLA,put,OTM2+,mid,70.0,09:35,10:25,target,0.7
2026-03-11,TSLA,put,OTM2+,mid,70.0,10:30,10:35,target,0.7
2026-03-12,TSLA,put,OTM2+,mid,70.0,09:35,12:05,target,0.7
2026-03-13,TSLA,put,OTM2+,mid,70.0,09:35,16:00,forced,-0.60412
2026-02-16,TSLA,put,OTM2+,mid,75.0,09:35,09:50,target,0.75
2026-02-16,TSLA,put,OTM2+,mid,75.0,10:00,10:05,target,0.75
2026-02-16,TSLA,put,OTM2+,mid,75.0,10:30,11:30,target,0.75
2026-02-16,TSLA,put,OTM2+,mid,75.0,11:30,11:55,target,0.75
2026-02-16,TSLA,put,OTM2+,mid,75.0,12:00,16:00,forced,-0.32754
2026-02-17,TSLA,put,OTM2+,mid,75.0,10:00,16:00,forced,-0.80264
2026-02-18,TSLA,put,OTM2+,mid,75.0,15:30,16:00,forced,0.0
2026-02-19,TSLA,put,OTM2+,mid,75.0,09:35,16:00,forced,-0.56635
2026-02-20,TSLA,put,OTM2+,mid,75.0,09:35,09:45,target,0.75
2026-02-20,TSLA,put,OTM2+,mid,75.0,10:00,10:10,target,0.75
2026-02-23,TSLA,put,OTM2+,mid,75.0,09:35,16:00,forced,-0.12816
2026-02-24,TSLA,put,OTM2+,mid,75.0,09:35,12:35,target,0.75
2026-02-24,TSLA,put,OTM2+,mid,75.0,15:00,16:00,forced,0.0
2026-02-25,TSLA,put,OTM2+,mid,75.0,09:35,10:00,target,0.75
2026-02-25,TSLA,put,OTM2+,mid,75.0,10:00,10:10,target,0.75
2026-02-25,TSLA,put,OTM2+,mid,75.0,10:30,10:35,target,0.75
2026-02-26,TSLA,put,OTM2+,mid,75.0,09:35,09:45,target,0.75
2026-02-26,TSLA,put,OTM2+,mid,75.0,10:00,16:00,forced,-0.8584
2026-02-27,TSLA,put,OTM2+,mid,75.0,09:35,16:00,forced,-0.62462
2026-03-02,TSLA,put,OTM2+,mid,75.0,13:30,16:00,forced,0.0
2026-03-03,TSLA,put,OTM2+,mid,75.0,09:35,09:55,target,0.75
2026-03-03,TSLA,put,OTM2+,mid,75.0,10:30,13:55,target,0.75
2026-03-04,TSLA,put,OTM2+,mid,75.0,09:35,16:00,forced,-0.68183
2026-03-05,TSLA,put,OTM2+,mid,75.0,09:35,16:00,forced,-0.7699
2026-03-06,TSLA,put,OTM2+,mid,75.0,09:35,09:45,target,0.75
2026-03-06,TSLA,put,OTM2+,mid,75.0,10:00,16:00,forced,-0.79123
2026-03-09,TSLA,put,OTM2+,mid,75.0,09:35,10:00,target,0.75
2026-03-09,TSLA,put,OTM2+,mid,75.0,10:00,11:55,target,0.75
2026-03-09,TSLA,put,OTM2+,mid,75.0,12:30,12:50,target,0.75
2026-03-09,TSLA,put,OTM2+,mid,75.0,13:00,13:20,target,0.75
2026-03-09,TSLA,put,OTM2+,mid,75.0,14:00,16:00,forced,0.0
2026-03-10,TSLA,put,OTM2+,mid,75.0,09:35,15:00,target,0.75
2026-03-11,TSLA,put,OTM2+,mid,75.0,09:35,10:25,target,0.75
2026-03-11,TSLA,put,OTM2+,mid,75.0,10:30,10:35,target,0.75
2026-03-12,TSLA,put,OTM2+,mid,75.0,09:35,12:05,target,0.75
2026-03-13,TSLA,put,OTM2+,mid,75.0,09:35,16:00,forced,-0.60412
2026-02-16,TSLA,put,OTM2+,mid,80.0,09:35,09:50,target,0.8
2026-02-16,TSLA,put,OTM2+,mid,80.0,10:00,10:05,target,0.8
2026-02-16,TSLA,put,OTM2+,mid,80.0,10:30,11:55,target,0.8
2026-02-16,TSLA,put,OTM2+,mid,80.0,12:00,16:00,forced,-0.32754
2026-02-17,TSLA,put,OTM2+,mid,80.0,10:00,16:00,forced,-0.80264
2026-02-18,TSLA,put,OTM2+,mid,80.0,15:30,16:00,forced,0.0
2026-02-19,TSLA,put,OTM2+,mid,80.0,09:35,16:00,forced,-0.56635
2026-02-20,TSLA,put,OTM2+,mid,80.0,09:35,09:45,target,0.8
2026-02-20,TSLA,put,OTM2+,mid,80.0,10:00,10:10,target,0.8
2026-02-23,TSLA,put,OTM2+,mid,80.0,09:35,16:00,forced,-0.12816
2026-02-24,TSLA,put,OTM2+,mid,80.0,09:35,12:35,target,0.8
2026-02-24,TSLA,put,OTM2+,mid,80.0,15:00,16:00,forced,0.0
2026-02-25,TSLA,put,OTM2+,mid,80.0,09:35,10:00,target,0.8
2026-02-25,TSLA,put,OTM2+,mid,80.0,10:00,10:10,target,0.8
2026-02-25,TSLA,put,OTM2+,mid,80.0,10:30,10:35,target,0.8
2026-02-26,TSLA,put,OTM2+,mid,80.0,09:35,09:55,target,0.8
2026-02-26,TSLA,put,OTM2+,mid,80.0,10:00,16:00,forced,-0.8584
2026-02-27,TSLA,put,OTM2+,mid,80.0,09:35,16:00,forced,-0.62462
2026-03-02,TSLA,put,OTM2+,mid,80.0,13:30,16:00,forced,0.0
2026-03-03,TSLA,put,OTM2+,mid,80.0,09:35,09:55,target,0.8
2026-03-03,TSLA,put,OTM2+,mid,80.0,10:30,13:55,target,0.8
2026-03-04,TSLA,put,OTM2+,mid,80.0,09:35,16:00,forced,-0.68183
2026-03-05,TSLA,put,OTM2+,mid,80.0,09:35,16:00,forced,-0.7699
2026-03-06,TSLA,put,OTM2+,mid,80.0,09:35,09:45,target,0.8
2026-03-06,TSLA,put,OTM2+,mid,80.0,10:00,16:00,forced,-0.79123
2026-03-09,TSLA,put,OTM2+,mid,80.0,09:35,10:00,target,0.8
2026-03-09,TSLA,put,OTM2+,mid,80.0,10:00,11:55,target,0.8
2026-03-09,TSLA,put,OTM2+,mid,80.0,12:30,12:50,target,0.8
2026-03-09,TSLA,put,OTM2+,mid,80.0,13:00,13:20,target,0.8
2026-03-09,TSLA,put,OTM2+,mid,80.0,14:00,16:00,forced,0.0
2026-03-10,TSLA,put,OTM2+,mid,80.0,09:35,15:00,target,0.8
2026-03-11,TSLA,put,OTM2+,mid,80.0,09:35,10:25,target,0.8
2026-03-11,TSLA,put,OTM2+,mid,80.0,10:30,10:35,target,0.8
2026-03-12,TSLA,put,OTM2+,mid,80.0,09:35,12:05,target,0.8
2026-03-13,TSLA,put,OTM2+,mid,80.0,09:35,16:00,forced,-0.60412
2026-02-16,TSLA,put,OTM2+,mid,90.0,09:35,09:50,target,0.9
2026-02-16,TSLA,put,OTM2+,mid,90.0,10:00,10:05,target,0.9
2026-02-16,TSLA,put,OTM2+,mid,90.0,11:30,11:55,target,0.9
2026-02-16,TSLA,put,OTM2+,mid,90.0,12:00,16:00,forced,-0.32754
2026-02-17,TSLA,put,OTM2+,mid,90.0,10:00,16:00,forced,-0.80264
2026-02-18,TSLA,put,OTM2+,mid,90.0,15:30,16:00,forced,0.0
2026-02-19,TSLA,put,OTM2+,mid,90.0,09:35,16:00,forced,-0.56635
2026-02-20,TSLA,put,OTM2+,mid,90.0,09:35,10:15,target,0.9
2026-02-23,TSLA,put,OTM2+,mid,90.0,09:35,16:00,forced,-0.12816
2026-02-24,TSLA,put,OTM2+,mid,90.0,09:35,12:35,target,0.9
2026-02-24,TSLA,put,OTM2+,mid,90.0,15:00,16:00,forced,0.0
2026-02-25,TSLA,put,OTM2+,mid,90.0,09:35,10:00,target,0.9
2026-02-25,TSLA,put,OTM2+,mid,90.0,10:00,10:10,target,0.9
2026-02-25,TSLA,put,OTM2+,mid,90.0,10:30,10:35,target,0.9
2026-02-26,TSLA,put,OTM2+,mid,90.0,09:35,16:00,forced,-0.7843
2026-02-27,TSLA,put,OTM2+,mid,90.0,09:35,16:00,forced,-0.62462
2026-03-02,TSLA,put,OTM2+,mid,90.0,13:30,16:00,forced,0.0
2026-03-03,TSLA,put,OTM2+,mid,90.0,09:35,09:55,target,0.9
2026-03-03,TSLA,put,OTM2+,mid,90.0,11:30,13:55,target,0.9
2026-03-04,TSLA,put,OTM2+,mid,90.0,09:35,16:00,forced,-0.68183
2026-03-05,TSLA,put,OTM2+,mid,90.0,09:35,16:00,forced,-0.7699
2026-03-06,TSLA,put,OTM2+,mid,90.0,09:35,09:45,target,0.9
2026-03-06,TSLA,put,OTM2+,mid,90.0,11:30,16:00,forced,0.0
2026-03-09,TSLA,put,OTM2+,mid,90.0,09:35,10:00,target,0.9
2026-03-09,TSLA,put,OTM2+,mid,90.0,11:30,11:40,target,0.9
2026-03-09,TSLA,put,OTM2+,mid,90.0,12:30,12:50,target,0.9
2026-03-09,TSLA,put,OTM2+,mid,90.0,13:00,13:20,target,0.9
2026-03-09,TSLA,put,OTM2+,mid,90.0,14:00,16:00,forced,0.0
2026-03-10,TSLA,put,OTM2+,mid,90.0,09:35,15:00,target,0.9
2026-03-11,TSLA,put,OTM2+,mid,90.0,09:35,10:25,target,0.9
2026-03-11,TSLA,put,OTM2+,mid,90.0,10:30,10:35,target,0.9
2026-03-12,TSLA,put,OTM2+,mid,90.0,09:35,12:55,target,0.9
2026-03-13,TSLA,put,OTM2+,mid,90.0,09:35,16:00,forced,-0.60412
2026-02-16,TSLA,put,OTM2+,mid,100.0,09:35,09:50,target,1.0
2026-02-16,TSLA,put,OTM2+,mid,100.0,10:00,10:05,target,1.0
2026-02-16,TSLA,put,OTM2+,mid,100.0,11:30,11:55,target,1.0
2026-02-16,TSLA,put,OTM2+,mid,100.0,12:00,16:00,forced,-0.32754
2026-02-17,TSLA,put,OTM2+,mid,100.0,10:00,16:00,forced,-0.80264
2026-02-18,TSLA,put,OTM2+,mid,100.0,15:30,16:00,forced,0.0
2026-02-19,TSLA,put,OTM2+,mid,100.0,09:35,16:00,forced,-0.56635
2026-02-20,TSLA,put,OTM2+,mid,100.0,09:35,10:15,target,1.0
2026-02-23,TSLA,put,OTM2+,mid,100.0,09:35,16:00,forced,-0.12816
2026-02-24,TSLA,put,OTM2+,mid,100.0,09:35,12:35,target,1.0
2026-02-24,TSLA,put,OTM2+,mid,100.0,15:00,16:00,forced,0.0
2026-02-25,TSLA,put,OTM2+,mid,100.0,09:35,10:00,target,1.0
2026-02-25,TSLA,put,OTM2+,mid,100.0,10:00,10:10,target,1.0
2026-02-25,TSLA,put,OTM2+,mid,100.0,10:30,10:35,target,1.0
2026-02-26,TSLA,put,OTM2+,mid,100.0,09:35,16:00,forced,-0.7843
2026-02-27,TSLA,put,OTM2+,mid,100.0,09:35,16:00,forced,-0.62462
2026-03-02,TSLA,put,OTM2+,mid,100.0,13:30,16:00,forced,0.0
2026-03-03,TSLA,put,OTM2+,mid,100.0,09:35,10:00,target,1.0
2026-03-03,TSLA,put,OTM2+,mid,100.0,11:30,13:55,target,1.0
2026-03-04,TSLA,put,OTM2+,mid,100.0,09:35,16:00,forced,-0.68183
2026-03-05,TSLA,put,OTM2+,mid,100.0,09:35,16:00,forced,-0.7699
2026-03-06,TSLA,put,OTM2+,mid,100.0,09:35,09:45,target,1.0
2026-03-06,TSLA,put,OTM2+,mid,100.0,11:30,16:00,forced,0.0
2026-03-09,TSLA,put,OTM2+,mid,100.0,09:35,10:00,target,1.0
2026-03-09,TSLA,put,OTM2+,mid,100.0,11:30,11:40,target,1.0
2026-03-09,TSLA,put,OTM2+,mid,100.0,12:30,12:50,target,1.0
2026-03-09,TSLA,put,OTM2+,mid,100.0,13:00,13:20,target,1.0
2026-03-09,TSLA,put,OTM2+,mid,100.0,14:00,16:00,forced,0.0
2026-03-10,TSLA,put,OTM2+,mid,100.0,09:35,15:15,target,1.0
2026-03-11,TSLA,put,OTM2+,mid,100.0,09:35,10:25,target,1.0
2026-03-11,TSLA,put,OTM2+,mid,100.0,10:30,10:35,target,1.0
2026-03-12,TSLA,put,OTM2+,mid,100.0,09:35,12:55,target,1.0
2026-03-13,TSLA,put,OTM2+,mid,100.0,09:35,16:00,forced,-0.60412
2026-02-16,TSLA,put,OTM2+,market,20.0,09:35,09:45,target,0.2
2026-02-16,TSLA,put,OTM2+,market,20.0,10:00,10:05,target,0.2
2026-02-16,TSLA,put,OTM2+,market,20.0,10:30,11:15,target,0.2
2026-02-16,TSLA,put,OTM2+,market,20.0,11:30,11:55,target,0.2
2026-02-16,TSLA,put,OTM2+,market,20.0,12:00,13:05,target,0.2
2026-02-16,TSLA,put,OTM2+,market,20.0,13:30,14:15,target,0.2
2026-02-16,TSLA,put,OTM2+,market,20.0,15:00,16:00,forced,-0.03333
2026-02-17,TSLA,put,OTM2+,market,20.0,10:00,16:00,forced,-0.81037
2026-02-18,TSLA,put,OTM2+,market,20.0,15:30,16:00,forced,-0.03922
2026-02-19,TSLA,put,OTM2+,market,20.0,09:35,09:40,target,0.2
2026-02-19,TSLA,put,OTM2+,market,20.0,10:00,16:00,forced,-0.55414
2026-02-20,TSLA,put,OTM2+,market,20.0,09:35,09:40,target,0.2
2026-02-20,TSLA,put,OTM2+,market,20.0,10:00,10:10,target,0.2
2026-02-23,TSLA,put,OTM2+,market,20.0,09:35,09:45,target,0.2
2026-02-23,TSLA,put,OTM2+,market,20.0,10:00,10:30,target,0.2
2026-02-23,TSLA,put,OTM2+,market,20.0,10:30,10:45,target,0.2
2026-02-23,TSLA,put,OTM2+,market,20.0,11:30,16:00,forced,-0.03922
2026-02-24,TSLA,put,OTM2+,market,20.0,09:35,09:45,target,0.2
2026-02-24,TSLA,put,OTM2+,market,20.0,10:00,10:25,target,0.2
2026-02-24,TSLA,put,OTM2+,market,20.0,10:30,11:05,target,0.2
2026-02-24,TSLA,put,OTM2+,market,20.0,11:30,12:30,target,0.2
2026-02-24,TSLA,put,OTM2+,market,20.0,15:00,16:00,forced,-0.03922
2026-02-25,TSLA,put,OTM2+,market,20.0,09:35,10:00,target,0.2
2026-02-25,TSLA,put,OTM2+,market,20.0,10:00,10:10,target,0.2
2026-02-25,TSLA,put,OTM2+,market,20.0,10:30,10:35,target,0.2
2026-02-26,TSLA,put,OTM2+,market,20.0,09:35,09:40,target,0.2
2026-02-26,TSLA,put,OTM2+,market,20.0,10:00,16:00,forced,-0.86396
2026-02-27,TSLA,put,OTM2+,market,20.0,09:35,16:00,forced,-0.63944
2026-03-02,TSLA,put,OTM2+,market,20.0,13:30,16:00,forced,-0.03922
2026-03-03,TSLA,put,OTM2+,market,20.0,09:35,09:55,target,0.2
2026-03-03,TSLA,put,OTM2+,market,20.0,10:30,10:55,target,0.2
2026-03-03,TSLA,put,OTM2+,market,20.0,11:30,13:55,target,0.2
2026-03-04,TSLA,put,OTM2+,market,20.0,09:35,16:00,forced,-0.69432
2026-03-05,TSLA,put,OTM2+,market,20.0,09:35,16:00,forced,-0.77888
2026-03-06,TSLA,put,OTM2+,market,20.0,09:35,09:45,target,0.2
2026-03-06,TSLA,put,OTM2+,market,20.0,10:00,16:00,forced,-0.79943
2026-03-09,TSLA,put,OTM2+,market,20.0,09:35,09:40,target,0.2
2026-03-09,TSLA,put,OTM2+,market,20.0,10:00,10:10,target,0.2
2026-03-09,TSLA,put,OTM2+,market,20.0,10:30,11:50,target,0.2
2026-03-09,TSLA,put,OTM2+,market,20.0,12:30,12:50,target,0.2
2026-03-09,TSLA,put,OTM2+,market,20.0,13:00,13:20,target,0.2
2026-03-09,TSLA,put,OTM2+,market,20.0,14:00,16:00,forced,-0.03922
2026-03-10,TSLA,put,OTM2+,market,20.0,09:35,14:40,target,0.2
2026-03-11,TSLA,put,OTM2+,market,20.0,09:35,10:00,target,0.2
2026-03-11,TSLA,put,OTM2+,market,20.0,10:00,10:25,target,0.2
2026-03-11,TSLA,put,OTM2+,market,20.0,10:30,10:35,target,0.2
2026-03-12,TSLA,put,OTM2+,market,20.0,09:35,09:40,target,0.2
2026-03-12,TSLA,put,OTM2+,market,20.0,10:00,12:05,target,0.2
2026-03-13,TSLA,put,OTM2+,market,20.0,09:35,09:45,target,0.2
2026-03-13,TSLA,put,OTM2+,market,20.0,10:00,16:00,forced,-0.56866
2026-02-16,TSLA,put,OTM2+,market,25.0,09:35,09:50,target,0.25
2026-02-16,TSLA,put,OTM2+,market,25.0,10:00,10:05,target,0.25
2026-02-16,TSLA,put,OTM2+,market,25.0,10:30,11:15,target,0.25
2026-02-16,TSLA,put,OTM2+,market,25.0,11:30,11:55,target,0.25
2026-02-16,TSLA,put,OTM2+,market,25.0,12:00,13:05,target,0.25
2026-02-16,TSLA,put,OTM2+,market,25.0,13:30,14:15,target,0.25
2026-02-16,TSLA,put,OTM2+,market,25.0,15:00,16:00,forced,-0.03333
2026-02-17,TSLA,put,OTM2+,market,25.0,10:00,16:00,forced,-0.81037
2026-02-18,TSLA,put,OTM2+,market,25.0,15:30,16:00,forced,-0.03922
2026-02-19,TSLA,put,OTM2+,market,25.0,09:35,09:40,target,0.25
2026-02-19,TSLA,put,OTM2+,market,25.0,10:00,16:00,forced,-0.55414
2026-02-20,TSLA,put,OTM2+,market,25.0,09:35,09:40,target,0.25
2026-02-20,TSLA,put,OTM2+,market,25.0,10:00,10:10,target,0.25
2026-02-23,TSLA,put,OTM2+,market,25.0,09:35,09:45,target,0.25
2026-02-23,TSLA,put,OTM2+,market,25.0,10:00,10:30,target,0.25
2026-02-23,TSLA,put,OTM2+,market,25.0,10:30,10:45,target,0.25
2026-02-23,TSLA,put,OTM2+,market,25.0,11:30,16:00,forced,-0.03922
2026-02-24,TSLA,put,OTM2+,market,25.0,09:35,09:45,target,0.25
2026-02-24,TSLA,put,OTM2+,market,25.0,10:00,10:25,target,0.25
2026-02-24,TSLA,put,OTM2+,market,25.0,10:30,11:05,target,0.25
2026-02-24,TSLA,put,OTM2+,market,25.0,11:30,12:30,target,0.25
2026-02-24,TSLA,put,OTM2+,market,25.0,15:00,16:00,forced,-0.03922
2026-02-25,TSLA,put,OTM2+,market,25.0,09:35,10:00,target,0.25
2026-02-25,TSLA,put,OTM2+,market,25.0,10:00,10:10,target,0.25
2026-02-25,TSLA,put,OTM2+,market,25.0,10:30,10:35,target,0.25
2026-02-26,TSLA,put,OTM2+,market,25.0,09:35,09:45,target,0.25
2026-02-26,TSLA,put,OTM2+,market,25.0,10:00,16:00,forced,-0.86396
2026-02-27,TSLA,put,OTM2+,market,25.0,09:35,16:00,forced,-0.63944
2026-03-02,TSLA,put,OTM2+,market,25.0,13:30,16:00,forced,-0.03922
2026-03-03,TSLA,put,OTM2+,market,25.0,09:35,09:55,target,0.25
2026-03-03,TSLA,put,OTM2+,market,25.0,10:30,10:55,target,0.25
2026-03-03,TSLA,put,OTM2+,market,25.0,11:30,13:55,target,0.25
2026-03-04,TSLA,put,OTM2+,market,25.0,09:35,16:00,forced,-0.69432
2026-03-05,TSLA,put,OTM2+,market,25.0,09:35,16:00,forced,-0.77888
2026-03-06,TSLA,put,OTM2+,market,25.0,09:35,09:45,target,0.25
2026-03-06,TSLA,put,OTM2+,market,25.0,10:00,16:00,forced,-0.79943
2026-03-09,TSLA,put,OTM2+,market,25.0,09:35,09:40,target,0.25
2026-03-09,TSLA,put,OTM2+,market,25.0,10:00,10:10,target,0.25
2026-03-09,TSLA,put,OTM2+,market,25.0,10:30,11:50,target,0.25
2026-03-09,TSLA,put,OTM2+,market,25.0,12:30,12:50,target,0.25
2026-03-09,TSLA,put,OTM2+,market,25.0,13:00,13:20,target,0.25
2026-03-09,TSLA,put,OTM2+,market,25.0,14:00,16:00,forced,-0.03922
2026-03-10,TSLA,put,OTM2+,market,25.0,09:35,14:40,target,0.25
2026-03-11,TSLA,put,OTM2+,market,25.0,09:35,10:00,target,0.25
2026-03-11,TSLA,put,OTM2+,market,25.0,10:00,10:25,target,0.25
2026-03-11,TSLA,put,OTM2+,market,25.0,10:30,10:35,target,0.25
2026-03-12,TSLA,put,OTM2+,market,25.0,09:35,09:40,target,0.25
2026-03-12,TSLA,put,OTM2+,market,25.0,10:00,12:05,target,0.25
2026-03-13,TSLA,put,OTM2+,market,25.0,09:35,09:45,target,0.25
2026-03-13,TSLA,put,OTM2+,market,25.0,10:00,16:00,forced,-0.56866
2026-02-16,TSLA,put,OTM2+,market,30.0,09:35,09:50,target,0.3
2026-02-16,TSLA,put,OTM2+,market,30.0,10:00,10:05,target,0.3
2026-02-16,TSLA,put,OTM2+,market,30.0,10:30,11:15,target,0.3
2026-02-16,TSLA,put,OTM2+,market,30.0,11:30,11:55,target,0.3
2026-02-16,TSLA,put,OTM2+,market,30.0,12:00,13:05,target,0.3
2026-02-16,TSLA,put,OTM2+,market,30.0,13:30,14:15,target,0.3
2026-02-16,TSLA,put,OTM2+,market,30.0,15:00,16:00,forced,-0.03333
2026-02-17,TSLA,put,OTM2+,market,30.0,10:00,16:00,forced,-0.81037
2026-02-18,TSLA,put,OTM2+,market,30.0,15:30,16:00,forced,-0.03922
2026-02-19,TSLA,put,OTM2+,market,30.0,09:35,09:40,target,0.3
2026-02-19,TSLA,put,OTM2+,market,30.0,10:00,16:00,forced,-0.55414
2026-02-20,TSLA,put,OTM2+,market,30.0,09:35,09:40,target,0.3
2026-02-20,TSLA,put,OTM2+,market,30.0,10:00,10:10,target,0.3
2026-02-23,TSLA,put,OTM2+,market,30.0,09:35,09:45,target,0.3
2026-02-23,TSLA,put,OTM2+,market,30.0,10:00,10:45,target,0.3
2026-02-23,TSLA,put,OTM2+,market,30.0,11:30,16:00,forced,-0.03922
2026-02-24,TSLA,put,OTM2+,market,30.0,09:35,09:45,target,0.3
2026-02-24,TSLA,put,OTM2+,market,30.0,10:00,10:25,target,0.3
2026-02-24,TSLA,put,OTM2+,market,30.0,10:30,11:05,target,0.3
2026-02-24,TSLA,put,OTM2+,market,30.0,11:30,12:30,target,0.3
2026-02-24,TSLA,put,OTM2+,market,30.0,15:00,16:00,forced,-0.03922
2026-02-25,TSLA,put,OTM2+,market,30.0,09:35,10:00,target,0.3
2026-02-25,TSLA,put,OTM2+,market,30.0,10:00,10:10,target,0.3
2026-02-25,TSLA,put,OTM2+,market,30.0,10:30,10:35,target,0.3
2026-02-26,TSLA,put,OTM2+,market,30.0,09:35,09:45,target,0.3
2026-02-26,TSLA,put,OTM2+,market,30.0,10:00,16:00,forced,-0.86396
2026-02-27,TSLA,put,OTM2+,market,30.0,09:35,16:00,forced,-0.63944
2026-03-02,TSLA,put,OTM2+,market,30.0,13:30,16:00,forced,-0.03922
2026-03-03,TSLA,put,OTM2+,market,30.0,09:35,09:55,target,0.3
2026-03-03,TSLA,put,OTM2+,market,30.0,10:30,10:55,target,0.3
2026-03-03,TSLA,put,OTM2+,market,30.0,11:30,13:55,target,0.3
2026-03-04,TSLA,put,OTM2+,market,30.0,09:35,16:00,forced,-0.69432
2026-03-05,TSLA,put,OTM2+,market,30.0,09:35,16:00,forced,-0.77888
2026-03-06,TSLA,put,OTM2+,market,30.0,09:35,09:45,target,0.3
2026-03-06,TSLA,put,OTM2+,market,30.0,10:00,16:00,forced,-0.79943
2026-03-09,TSLA,put,OTM2+,market,30.0,09:35,09:40,target,0.3
2026-03-09,TSLA,put,OTM2+,market,30.0,10:00,10:10,target,0.3
2026-03-09,TSLA,put,OTM2+,market,30.0,10:30,11:50,target,0.3
2026-03-09,TSLA,put,OTM2+,market,30.0,12:30,12:50,target,0.3
2026-03-09,TSLA,put,OTM2+,market,30.0,13:00,13:20,target,0.3
2026-03-09,TSLA,put,OTM2+,market,30.0,14:00,16:00,forced,-0.03922
2026-03-10,TSLA,put,OTM2+,market,30.0,09:35,14:40,target,0.3
2026-03-11,TSLA,put,OTM2+,market,30.0,09:35,10:25,target,0.3
2026-03-11,TSLA,put,OTM2+,market,30.0,10:30,10:35,target,0.3
2026-03-12,TSLA,put,OTM2+,market,30.0,09:35,09:40,target,0.3
2026-03-12,TSLA,put,OTM2+,market,30.0,10:00,12:05,target,0.3
2026-03-13,TSLA,put,OTM2+,market,30.0,09:35,09:45,target,0.3
2026-03-13,TSLA,put,OTM2+,market,30.0,10:00,16:00,forced,-0.56866
2026-02-16,TSLA,put,OTM2+,market,40.0,09:35,09:50,target,0.4
2026-02-16,TSLA,put,OTM2+,market,40.0,10:00,10:05,target,0.4
2026-02-16,TSLA,put,OTM2+,market,40.0,10:30,11:30,target,0.4
2026-02-16,TSLA,put,OTM2+,market,40.0,11:30,11:55,target,0.4
2026-02-16,TSLA,put,OTM2+,market,40.0,12:00,13:05,target,0.4
2026-02-16,TSLA,put,OTM2+,market,40.0,13:30,14:15,target,0.4
2026-02-16,TSLA,put,OTM2+,market,40.0,15:00,16:00,forced,-0.03333
2026-02-17,TSLA,put,OTM2+,market,40.0,10:00,16:00,forced,-0.81037
2026-02-18,TSLA,put,OTM2+,market,40.0,15:30,16:00,forced,-0.03922
2026-02-19,TSLA,put,OTM2+,market,40.0,09:35,09:40,target,0.4
2026-02-19,TSLA,put,OTM2+,market,40.0,10:00,16:00,forced,-0.55414
2026-02-20,TSLA,put,OTM2+,market,40.0,09:35,09:40,target,0.4
2026-02-20,TSLA,put,OTM2+,market,40.0,10:00,10:10,target,0.4
2026-02-23,TSLA,put,OTM2+,market,40.0,09:35,10:45,target,0.4
2026-02-23,TSLA,put,OTM2+,market,40.0,11:30,16:00,forced,-0.03922
2026-02-24,TSLA,put,OTM2+,market,40.0,09:35,09:45,target,0.4
2026-02-24,TSLA,put,OTM2+,market,40.0,10:00,11:05,target,0.4
2026-02-24,TSLA,put,OTM2+,market,40.0,11:30,12:30,target,0.4
2026-02-24,TSLA,put,OTM2+,market,40.0,15:00,16:00,forced,-0.03922
2026-02-25,TSLA,put,OTM2+,market,40.0,09:35,10:00,target,0.4
2026-02-25,TSLA,put,OTM2+,market,40.0,10:00,10:10,target,0.4
2026-02-25,TSLA,put,OTM2+,market,40.0,10:30,10:35,target,0.4
2026-02-26,TSLA,put,OTM2+,market,40.0,09:35,09:45,target,0.4
2026-02-26,TSLA,put,OTM2+,market,40.0,10:00,16:00,forced,-0.86396
2026-02-27,TSLA,put,OTM2+,market,40.0,09:35,16:00,forced,-0.63944
2026-03-02,TSLA,put,OTM2+,market,40.0,13:30,16:00,forced,-0.03922
2026-03-03,TSLA,put,OTM2+,market,40.0,09:35,09:55,target,0.4
2026-03-03,TSLA,put,OTM2+,market,40.0,10:30,10:55,target,0.4
2026-03-03,TSLA,put,OTM2+,market,40.0,11:30,13:55,target,0.4
2026-03-04,TSLA,put,OTM2+,market,40.0,09:35,16:00,forced,-0.69432
2026-03-05,TSLA,put,OTM2+,market,40.0,09:35,16:00,forced,-0.77888
2026-03-06,TSLA,put,OTM2+,market,40.0,09:35,09:45,target,0.4
2026-03-06,TSLA,put,OTM2+,market,40.0,10:00,16:00,forced,-0.79943
2026-03-09,TSLA,put,OTM2+,market,40.0,09:35,09:40,target,0.4
2026-03-09,TSLA,put,OTM2+,market,40.0,10:00,10:10,target,0.4
2026-03-09,TSLA,put,OTM2+,market,40.0,10:30,11:50,target,0.4
2026-03-09,TSLA,put,OTM2+,market,40.0,12:30,12:50,target,0.4
2026-03-09,TSLA,put,OTM2+,market,40.0,13:00,13:20,target,0.4
2026-03-09,TSLA,put,OTM2+,market,40.0,14:00,16:00,forced,-0.03922
2026-03-10,TSLA,put,OTM2+,market,40.0,09:35,15:00,target,0.4
2026-03-11,TSLA,put,OTM2+,market,40.0,09:35,10:25,target,0.4
2026-03-11,TSLA,put,OTM2+,market,40.0,10:30,10:35,target,0.4
2026-03-12,TSLA,put,OTM2+,market,40.0,09:35,09:40,target,0.4
2026-03-12,TSLA,put,OTM2+,market,40.0,10:00,12:05,target,0.4
2026-03-13,TSLA,put,OTM2+,market,40.0,09:35,09:45,target,0.4
2026-03-13,TSLA,put,OTM2+,market,40.0,10:00,16:00,forced,-0.56866
2026-02-16,TSLA,put,OTM2+,market,50.0,09:35,09:50,target,0.5
2026-02-16,TSLA,put,OTM2+,market,50.0,10:00,10:05,target,0.5
2026-02-16,TSLA,put,OTM2+,market,50.0,10:30,11:30,target,0.5
2026-02-16,TSLA,put,OTM2+,market,50.0,11:30,11:55,target,0.5
2026-02-16,TSLA,put,OTM2+,market,50.0,12:00,16:00,forced,-0.35387
2026-02-17,TSLA,put,OTM2+,market,50.0,10:00,16:00,forced,-0.81037
2026-02-18,TSLA,put,OTM2+,market,50.0,15:30,16:00,forced,-0.03922
2026-02-19,TSLA,put,OTM2+,market,50.0,09:35,16:00,forced,-0.58333
2026-02-20,TSLA,put,OTM2+,market,50.0,09:35,09:45,target,0.5
2026-02-20,TSLA,put,OTM2+,market,50.0,10:00,10:10,target,0.5
2026-02-23,TSLA,put,OTM2+,market,50.0,09:35,10:45,target,0.5
2026-02-23,TSLA,put,OTM2+,market,50.0,11:00,16:00,forced,-0.03922
2026-02-24,TSLA,put,OTM2+,market,50.0,09:35,12:35,target,0.5
2026-02-24,TSLA,put,OTM2+,market,50.0,15:00,16:00,forced,-0.03922
2026-02-25,TSLA,put,OTM2+,market,50.0,09:35,10:00,target,0.5
2026-02-25,TSLA,put,OTM2+,market,50.0,10:00,10:10,target,0.5
2026-02-25,TSLA,put,OTM2+,market,50.0,10:30,10:35,target,0.5
2026-02-26,TSLA,put,OTM2+,market,50.0,09:35,09:45,target,0.5
2026-02-26,TSLA,put,OTM2+,market,50.0,10:00,16:00,forced,-0.86396
2026-02-27,TSLA,put,OTM2+,market,50.0,09:35,16:00,forced,-0.63944
2026-03-02,TSLA,put,OTM2+,market,50.0,13:30,16:00,forced,-0.03922
2026-03-03,TSLA,put,OTM2+,market,50.0,09:35,09:55,target,0.5
2026-03-03,TSLA,put,OTM2+,market,50.0,10:30,10:55,target,0.5
2026-03-03,TSLA,put,OTM2+,market,50.0,11:30,13:55,target,0.5
2026-03-04,TSLA,put,OTM2+,market,50.0,09:35,16:00,forced,-0.69432
2026-03-05,TSLA,put,OTM2+,market,50.0,09:35,16:00,forced,-0.77888
2026-03-06,TSLA,put,OTM2+,market,50.0,09:35,09:45,target,0.5
2026-03-06,TSLA,put,OTM2+,market,50.0,10:00,16:00,forced,-0.79943
2026-03-09,TSLA,put,OTM2+,market,50.0,09:35,09:45,target,0.5
2026-03-09,TSLA,put,OTM2+,market,50.0,10:00,10:10,target,0.5
2026-03-09,TSLA,put,OTM2+,market,50.0,10:30,11:50,target,0.5
2026-03-09,TSLA,put,OTM2+,market,50.0,12:30,12:50,target,0.5
2026-03-09,TSLA,put,OTM2+,market,50.0,13:00,13:20,target,0.5
2026-03-09,TSLA,put,OTM2+,market,50.0,14:00,16:00,forced,-0.03922
2026-03-10,TSLA,put,OTM2+,market,50.0,09:35,15:00,target,0.5
2026-03-11,TSLA,put,OTM2+,market,50.0,09:35,10:25,target,0.5
2026-03-11,TSLA,put,OTM2+,market,50.0,10:30,10:35,target,0.5
2026-03-12,TSLA,put,OTM2+,market,50.0,09:35,09:40,target,0.5
2026-03-12,TSLA,put,OTM2+,market,50.0,10:00,12:05,target,0.5
2026-03-13,TSLA,put,OTM2+,market,50.0,09:35,16:00,forced,-0.61957
2026-02-16,TSLA,put,OTM2+,market,60.0,09:35,09:50,target,0.6
2026-02-16,TSLA,put,OTM2+,market,60.0,10:00,10:05,target,0.6
2026-02-16,TSLA,put,OTM2+,market,60.0,10:30,11:30,target,0.6
2026-02-16,TSLA,put,OTM2+,market,60.0,11:30,11:55,target,0.6
2026-02-16,TSLA,put,OTM2+,market,60.0,12:00,16:00,forced,-0.35387
2026-02-17,TSLA,put,OTM2+,market,60.0,10:00,16:00,forced,-0.81037
2026-02-18,TSLA,put,OTM2+,market,60.0,15:30,16:00,forced,-0.03922
2026-02-19,TSLA,put,OTM2+,market,60.0,09:35,16:00,forced,-0.58333
2026-02-20,TSLA,put,OTM2+,market,60.0,09:35,09:45,target,0.6
2026-02-20,TSLA,put,OTM2+,market,60.0,10:00,10:10,target,0.6
2026-02-23,TSLA,put,OTM2+,market,60.0,09:35,16:00,forced,-0.16239
2026-02-24,TSLA,put,OTM2+,market,60.0,09:35,12:35,target,0.6
2026-02-24,TSLA,put,OTM2+,market,60.0,15:00,16:00,forced,-0.03922
2026-02-25,TSLA,put,OTM2+,market,60.0,09:35,10:00,target,0.6
2026-02-25,TSLA,put,OTM2+,market,60.0,10:00,10:10,target,0.6
2026-02-25,TSLA,put,OTM2+,market,60.0,10:30,10:35,target,0.6
2026-02-26,TSLA,put,OTM2+,market,60.0,09:35,09:45,target,0.6
2026-02-26,TSLA,put,OTM2+,market,60.0,10:00,16:00,forced,-0.86396
2026-02-27,TSLA,put,OTM2+,market,60.0,09:35,16:00,forced,-0.63944
2026-03-02,TSLA,put,OTM2+,market,60.0,13:30,16:00,forced,-0.03922
2026-03-03,TSLA,put,OTM2+,market,60.0,09:35,09:55,target,0.6
2026-03-03,TSLA,put,OTM2+,market,60.0,10:30,13:55,target,0.6
2026-03-04,TSLA,put,OTM2+,market,60.0,09:35,16:00,forced,-0.69432
2026-03-05,TSLA,put,OTM2+,market,60.0,09:35,16:00,forced,-0.77888
2026-03-06,TSLA,put,OTM2+,market,60.0,09:35,09:45,target,0.6
2026-03-06,TSLA,put,OTM2+,market,60.0,10:00,16:00,forced,-0.79943
2026-03-09,TSLA,put,OTM2+,market,60.0,09:35,09:45,target,0.6
2026-03-09,TSLA,put,OTM2+,market,60.0,10:00,11:55,target,0.6
2026-03-09,TSLA,put,OTM2+,market,60.0,12:30,12:50,target,0.6
2026-03-09,TSLA,put,OTM2+,market,60.0,13:00,13:20,target,0.6
2026-03-09,TSLA,put,OTM2+,market,60.0,14:00,16:00,forced,-0.03922
2026-03-10,TSLA,put,OTM2+,market,60.0,09:35,15:00,target,0.6
2026-03-11,TSLA,put,OTM2+,market,60.0,09:35,10:25,target,0.6
2026-03-11,TSLA,put,OTM2+,market,60.0,10:30,10:35,target,0.6
2026-03-12,TSLA,put,OTM2+,market,60.0,09:35,09:40,target,0.6
2026-03-12,TSLA,put,OTM2+,market,60.0,10:00,12:05,target,0.6
2026-03-13,TSLA,put,OTM2+,market,60.0,09:35,16:00,forced,-0.61957
2026-02-16,TSLA,put,OTM2+,market,70.0,09:35,09:50,target,0.7
2026-02-16,TSLA,put,OTM2+,market,70.0,10:00,10:05,target,0.7
2026-02-16,TSLA,put,OTM2+,market,70.0,10:30,11:30,target,0.7
2026-02-16,TSLA,put,OTM2+,market,70.0,11:30,11:55,target,0.7
2026-02-16,TSLA,put,OTM2+,market,70.0,12:00,16:00,forced,-0.35387
2026-02-17,TSLA,put,OTM2+,market,70.0,10:00,16:00,forced,-0.81037
2026-02-18,TSLA,put,OTM2+,market,70.0,15:30,16:00,forced,-0.03922
2026-02-19,TSLA,put,OTM2+,market,70.0,09:35,16:00,forced,-0.58333
2026-02-20,TSLA,put,OTM2+,market,70.0,09:35,09:45,target,0.7
2026-02-20,TSLA,put,OTM2+,market,70.0,10:00,10:10,target,0.7
2026-02-23,TSLA,put,OTM2+,market,70.0,09:35,16:00,forced,-0.16239
2026-02-24,TSLA,put,OTM2+,market,70.0,09:35,12:35,target,0.7
2026-02-24,TSLA,put,OTM2+,market,70.0,15:00,16:00,forced,-0.03922
2026-02-25,TSLA,put,OTM2+,market,70.0,09:35,10:00,target,0.7
2026-02-25,TSLA,put,OTM2+,market,70.0,10:00,10:10,target,0.7
2026-02-25,TSLA,put,OTM2+,market,70.0,10:30,10:35,target,0.7
2026-02-26,TSLA,put,OTM2+,market,70.0,09:35,09:55,target,0.7
2026-02-26,TSLA,put,OTM2+,market,70.0,10:00,16:00,forced,-0.86396
2026-02-27,TSLA,put,OTM2+,market,70.0,09:35,16:00,forced,-0.63944
2026-03-02,TSLA,put,OTM2+,market,70.0,13:30,16:00,forced,-0.03922
2026-03-03,TSLA,put,OTM2+,market,70.0,09:35,09:55,target,0.7
2026-03-03,TSLA,put,OTM2+,market,70.0,10:30,13:55,target,0.7
2026-03-04,TSLA,put,OTM2+,market,70.0,09:35,16:00,forced,-0.69432
2026-03-05,TSLA,put,OTM2+,market,70.0,09:35,16:00,forced,-0.77888
2026-03-06,TSLA,put,OTM2+,market,70.0,09:35,09:45,target,0.7
2026-03-06,TSLA,put,OTM2+,market,70.0,10:00,16:00,forced,-0.79943
2026-03-09,TSLA,put,OTM2+,market,70.0,09:35,10:00,target,0.7
2026-03-09,TSLA,put,OTM2+,market,70.0,10:00,11:55,target,0.7
2026-03-09,TSLA,put,OTM2+,market,70.0,12:30,12:50,target,0.7
2026-03-09,TSLA,put,OTM2+,market,70.0,13:00,13:20,target,0.7
2026-03-09,TSLA,put,OTM2+,market,70.0,14:00,16:00,forced,-0.03922
2026-03-10,TSLA,put,OTM2+,market,70.0,09:35,15:00,target,0.7
2026-03-11,TSLA,put,OTM2+,market,70.0,09:35,10:25,target,0.7
2026-03-11,TSLA,put,OTM2+,market,70.0,10:30,10:35,target,0.7
2026-03-12,TSLA,put,OTM2+,market,70.0,09:35,12:05,target,0.7
2026-03-13,TSLA,put,OTM2+,market,70.0,09:35,16:00,forced,-0.61957
2026-02-16,TSLA,put,OTM2+,market,75.0,09:35,09:50,target,0.75
2026-02-16,TSLA,put,OTM2+,market,75.0,10:00,10:05,target,0.75
2026-02-16,TSLA,put,OTM2+,market,75.0,10:30,11:55,target,0.75
2026-02-16,TSLA,put,OTM2+,market,75.0,12:00,16:00,forced,-0.35387
2026-02-17,TSLA,put,OTM2+,market,75.0,10:00,16:00,forced,-0.81037
2026-02-18,TSLA,put,OTM2+,market,75.0,15:30,16:00,forced,-0.03922
2026-02-19,TSLA,put,OTM2+,market,75.0,09:35,16:00,forced,-0.58333
2026-02-20,TSLA,put,OTM2+,market,75.0,09:35,09:45,target,0.75
2026-02-20,TSLA,put,OTM2+,market,75.0,10:00,10:10,target,0.75
2026-02-23,TSLA,put,OTM2+,market,75.0,09:35,16:00,forced,-0.16239
2026-02-24,TSLA,put,OTM2+,market,75.0,09:35,12:35,target,0.75
2026-02-24,TSLA,put,OTM2+,market,75.0,15:00,16:00,forced,-0.03922
2026-02-25,TSLA,put,OTM2+,market,75.0,09:35,10:00,target,0.75
2026-02-25,TSLA,put,OTM2+,market,75.0,10:00,10:10,target,0.75
2026-02-25,TSLA,put,OTM2+,market,75.0,10:30,10:35,target,0.75
2026-02-26,TSLA,put,OTM2+,market,75.0,09:35,09:55,target,0.75
2026-02-26,TSLA,put,OTM2+,market,75.0,10:00,16:00,forced,-0.86396
2026-02-27,TSLA,put,OTM2+,market,75.0,09:35,16:00,forced,-0.63944
2026-03-02,TSLA,put,OTM2+,market,75.0,13:30,16:00,forced,-0.03922
2026-03-03,TSLA,put,OTM2+,market,75.0,09:35,09:55,target,0.75
2026-03-03,TSLA,put,OTM2+,market,75.0,10:30,13:55,target,0.75
2026-03-04,TSLA,put,OTM2+,market,75.0,09:35,16:00,forced,-0.69432
2026-03-05,TSLA,put,OTM2+,market,75.0,09:35,16:00,forced,-0.77888
2026-03-06,TSLA,put,OTM2+,market,75.0,09:35,09:45,target,0.75
2026-03-06,TSLA,put,OTM2+,market,75.0,10:00,16:00,forced,-0.79943
2026-03-09,TSLA,put,OTM2+,market,75.0,09:35,10:00,target,0.75
2026-03-09,TSLA,put,OTM2+,market,75.0,10:00,11:55,target,0.75
2026-03-09,TSLA,put,OTM2+,market,75.0,12:30,12:50,target,0.75
2026-03-09,TSLA,put,OTM2+,market,75.0,13:00,13:20,target,0.75
2026-03-09,TSLA,put,OTM2+,market,75.0,14:00,16:00,forced,-0.03922
2026-03-10,TSLA,put,OTM2+,market,75.0,09:35,15:00,target,0.75
2026-03-11,TSLA,put,OTM2+,market,75.0,09:35,10:25,target,0.75
2026-03-11,TSLA,put,OTM2+,market,75.0,10:30,10:35,target,0.75
2026-03-12,TSLA,put,OTM2+,market,75.0,09:35,12:05,target,0.75
2026-03-13,TSLA,put,OTM2+,market,75.0,09:35,16:00,forced,-0.61957
2026-02-16,TSLA,put,OTM2+,market,80.0,09:35,09:50,target,0.8
2026-02-16,TSLA,put,OTM2+,market,80.0,10:00,10:05,target,0.8
2026-02-16,TSLA,put,OTM2+,market,80.0,11:30,11:55,target,0.8
2026-02-16,TSLA,put,OTM2+,market,80.0,12:00,16:00,forced,-0.35387
2026-02-17,TSLA,put,OTM2+,market,80.0,10:00,16:00,forced,-0.81037
2026-02-18,TSLA,put,OTM2+,market,80.0,15:30,16:00,forced,-0.03922
2026-02-19,TSLA,put,OTM2+,market,80.0,09:35,16:00,forced,-0.58333
2026-02-20,TSLA,put,OTM2+,market,80.0,09:35,09:45,target,0.8
2026-02-20,TSLA,put,OTM2+,market,80.0,10:00,10:15,target,0.8
2026-02-23,TSLA,put,OTM2+,market,80.0,09:35,16:00,forced,-0.16239
2026-02-24,TSLA,put,OTM2+,market,80.0,09:35,12:35,target,0.8
2026-02-24,TSLA,put,OTM2+,market,80.0,15:00,16:00,forced,-0.03922
2026-02-25,TSLA,put,OTM2+,market,80.0,09:35,10:00,target,0.8
2026-02-25,TSLA,put,OTM2+,market,80.0,10:00,10:10,target,0.8
2026-02-25,TSLA,put,OTM2+,market,80.0,10:30,10:35,target,0.8
2026-02-26,TSLA,put,OTM2+,market,80.0,09:35,10:20,target,0.8
2026-02-26,TSLA,put,OTM2+,market,80.0,11:30,12:25,target,0.8
2026-02-26,TSLA,put,OTM2+,market,80.0,13:00,16:00,forced,-0.03922
2026-02-27,TSLA,put,OTM2+,market,80.0,09:35,16:00,forced,-0.63944
2026-03-02,TSLA,put,OTM2+,market,80.0,13:30,16:00,forced,-0.03922
2026-03-03,TSLA,put,OTM2+,market,80.0,09:35,09:55,target,0.8
2026-03-03,TSLA,put,OTM2+,market,80.0,11:30,13:55,target,0.8
2026-03-04,TSLA,put,OTM2+,market,80.0,09:35,16:00,forced,-0.69432
2026-03-05,TSLA,put,OTM2+,market,80.0,09:35,16:00,forced,-0.77888
2026-03-06,TSLA,put,OTM2+,market,80.0,09:35,09:45,target,0.8
2026-03-06,TSLA,put,OTM2+,market,80.0,10:00,16:00,forced,-0.79943
2026-03-09,TSLA,put,OTM2+,market,80.0,09:35,10:00,target,0.8
2026-03-09,TSLA,put,OTM2+,market,80.0,10:00,11:55,target,0.8
2026-03-09,TSLA,put,OTM2+,market,80.0,12:30,12:50,target,0.8
2026-03-09,TSLA,put,OTM2+,market,80.0,13:00,13:20,target,0.8
2026-03-09,TSLA,put,OTM2+,market,80.0,14:00,16:00,forced,-0.03922
2026-03-10,TSLA,put,OTM2+,market,80.0,09:35,15:00,target,0.8
2026-03-11,TSLA,put,OTM2+,market,80.0,09:35,10:25,target,0.8
2026-03-11,TSLA,put,OTM2+,market,80.0,10:30,10:35,target,0.8
2026-03-12,TSLA,put,OTM2+,market,80.0,09:35,12:05,target,0.8
2026-03-13,TSLA,put,OTM2+,market,80.0,09:35,16:00,forced,-0.61957
2026-02-16,TSLA,put,OTM2+,market,90.0,09:35,09:50,target,0.9
2026-02-16,TSLA,put,OTM2+,market,90.0,10:00,10:05,target,0.9
2026-02-16,TSLA,put,OTM2+,market,90.0,11:30,11:55,target,0.9
2026-02-16,TSLA,put,OTM2+,market,90.0,12:00,16:00,forced,-0.35387
2026-02-17,TSLA,put,OTM2+,market,90.0,10:00,16:00,forced,-0.81037
2026-02-18,TSLA,put,OTM2+,market,90.0,15:30,16:00,forced,-0.03922
2026-02-19,TSLA,put,OTM2+,market,90.0,09:35,16:00,forced,-0.58333
2026-02-20,TSLA,put,OTM2+,market,90.0,09:35,10:15,target,0.9
2026-02-23,TSLA,put,OTM2+,market,90.0,09:35,16:00,forced,-0.16239
2026-02-24,TSLA,put,OTM2+,market,90.0,09:35,12:35,target,0.9
2026-02-24,TSLA,put,OTM2+,market,90.0,15:00,16:00,forced,-0.03922
2026-02-25,TSLA,put,OTM2+,market,90.0,09:35,10:00,target,0.9
2026-02-25,TSLA,put,OTM2+,market,90.0,10:00,10:10,target,0.9
2026-02-25,TSLA,put,OTM2+,market,90.0,10:30,10:35,target,0.9
2026-02-26,TSLA,put,OTM2+,market,90.0,09:35,16:00,forced,-0.79272
2026-02-27,TSLA,put,OTM2+,market,90.0,09:35,16:00,forced,-0.63944
2026-03-02,TSLA,put,OTM2+,market,90.0,13:30,16:00,forced,-0.03922
2026-03-03,TSLA,put,OTM2+,market,90.0,09:35,10:00,target,0.9
2026-03-03,TSLA,put,OTM2+,market,90.0,11:30,13:55,target,0.9
2026-03-04,TSLA,put,OTM2+,market,90.0,09:35,16:00,forced,-0.69432
2026-03-05,TSLA,put,OTM2+,market,90.0,09:35,16:00,forced,-0.77888
2026-03-06,TSLA,put,OTM2+,market,90.0,09:35,09:45,target,0.9
2026-03-06,TSLA,put,OTM2+,market,90.0,11:30,16:00,forced,-0.03922
2026-03-09,TSLA,put,OTM2+,market,90.0,09:35,10:00,target,0.9
2026-03-09,TSLA,put,OTM2+,market,90.0,11:30,11:40,target,0.9
2026-03-09,TSLA,put,OTM2+,market,90.0,12:30,12:50,target,0.9
2026-03-09,TSLA,put,OTM2+,market,90.0,13:00,13:20,target,0.9
2026-03-09,TSLA,put,OTM2+,market,90.0,14:00,16:00,forced,-0.03922
2026-03-10,TSLA,put,OTM2+,market,90.0,09:35,15:00,target,0.9
2026-03-11,TSLA,put,OTM2+,market,90.0,09:35,10:25,target,0.9
2026-03-11,TSLA,put,OTM2+,market,90.0,10:30,10:35,target,0.9
2026-03-12,TSLA,put,OTM2+,market,90.0,09:35,12:55,target,0.9
2026-03-13,TSLA,put,OTM2+,market,90.0,09:35,16:00,forced,-0.61957
2026-02-16,TSLA,put,OTM2+,market,100.0,09:35,09:50,target,1.0
2026-02-16,TSLA,put,OTM2+,market,100.0,10:00,10:05,target,1.0
2026-02-16,TSLA,put,OTM2+,market,100.0,11:30,13:05,target,1.0
2026-02-16,TSLA,put,OTM2+,market,100.0,13:30,16:00,forced,-0.03333
2026-02-17,TSLA,put,OTM2+,market,100.0,10:00,16:00,forced,-0.81037
2026-02-18,TSLA,put,OTM2+,market,100.0,15:30,16:00,forced,-0.03922
2026-02-19,TSLA,put,OTM2+,market,100.0,09:35,16:00,forced,-0.58333
2026-02-20,TSLA,put,OTM2+,market,100.0,09:35,10:15,target,1.0
2026-02-23,TSLA,put,OTM2+,market,100.0,09:35,16:00,forced,-0.16239
2026-02-24,TSLA,put,OTM2+,market,100.0,09:35,12:35,target,1.0
2026-02-24,TSLA,put,OTM2+,market,100.0,15:00,16:00,forced,-0.03922
2026-02-25,TSLA,put,OTM2+,market,100.0,09:35,10:00,target,1.0
2026-02-25,TSLA,put,OTM2+,market,100.0,10:00,10:10,target,1.0
2026-02-25,TSLA,put,OTM2+,market,100.0,10:30,10:35,target,1.0
2026-02-26,TSLA,put,OTM2+,market,100.0,09:35,16:00,forced,-0.79272
2026-02-27,TSLA,put,OTM2+,market,100.0,09:35,16:00,forced,-0.63944
2026-03-02,TSLA,put,OTM2+,market,100.0,13:30,16:00,forced,-0.03922
2026-03-03,TSLA,put,OTM2+,market,100.0,09:35,10:00,target,1.0
2026-03-03,TSLA,put,OTM2+,market,100.0,11:30,13:55,target,1.0
2026-03-04,TSLA,put,OTM2+,market,100.0,09:35,16:00,forced,-0.69432
2026-03-05,TSLA,put,OTM2+,market,100.0,09:35,16:00,forced,-0.77888
2026-03-06,TSLA,put,OTM2+,market,100.0,09:35,09:45,target,1.0
2026-03-06,TSLA,put,OTM2+,market,100.0,11:30,16:00,forced,-0.03922
2026-03-09,TSLA,put,OTM2+,market,100.0,09:35,10:10,target,1.0
2026-03-09,TSLA,put,OTM2+,market,100.0,11:30,11:40,target,1.0
2026-03-09,TSLA,put,OTM2+,market,100.0,12:30,12:50,target,1.0
2026-03-09,TSLA,put,OTM2+,market,100.0,13:00,13:20,target,1.0
2026-03-09,TSLA,put,OTM2+,market,100.0,14:00,16:00,forced,-0.03922
2026-03-10,TSLA,put,OTM2+,market,100.0,09:35,15:15,target,1.0
2026-03-11,TSLA,put,OTM2+,market,100.0,09:35,10:25,target,1.0
2026-03-11,TSLA,put,OTM2+,market,100.0,10:30,10:35,target,1.0
2026-03-12,TSLA,put,OTM2+,market,100.0,09:35,12:55,target,1.0
2026-03-13,TSLA,put,OTM2+,market,100.0,09:35,16:00,forced,-0.61957
2026-02-16,TSLA,put,OTM1,mid,20.0,12:00,13:00,target,0.2
2026-02-16,TSLA,put,OTM1,mid,20.0,13:30,14:05,target,0.2
2026-02-16,TSLA,put,OTM1,mid,20.0,14:30,16:00,forced,0.006
2026-02-17,TSLA,put,OTM1,mid,20.0,12:00,13:10,target,0.2
2026-02-17,TSLA,put,OTM1,mid,20.0,13:30,16:00,forced,-0.80556
2026-02-18,TSLA,put,OTM1,mid,20.0,10:30,10:35,target,0.2
2026-02-18,TSLA,put,OTM1,mid,20.0,14:00,14:05,target,0.2
2026-02-18,TSLA,put,OTM1,mid,20.0,14:30,14:45,target,0.2
2026-02-18,TSLA,put,OTM1,mid,20.0,15:30,16:00,forced,0.0
2026-02-19,TSLA,put,OTM1,mid,20.0,12:00,12:10,target,0.2
2026-02-19,TSLA,put,OTM1,mid,20.0,13:30,14:10,target,0.2
2026-02-19,TSLA,put,OTM1,mid,20.0,14:30,14:40,target,0.2
2026-02-19,TSLA,put,OTM1,mid,20.0,15:30,16:00,forced,0.0
2026-02-20,TSLA,put,OTM1,mid,20.0,12:00,12:05,target,0.2
2026-02-23,TSLA,put,OTM1,mid,20.0,12:00,16:00,forced,-0.91088
2026-02-24,TSLA,put,OTM1,mid,20.0,12:00,12:05,target,0.2
2026-02-24,TSLA,put,OTM1,mid,20.0,13:00,13:20,target,0.2
2026-02-24,TSLA,put,OTM1,mid,20.0,14:00,16:00,forced,0.0
2026-02-25,TSLA,put,OTM1,mid,20.0,12:00,12:05,target,0.2
2026-02-25,TSLA,put,OTM1,mid,20.0,12:30,12:35,target,0.2
2026-02-26,TSLA,put,OTM1,mid,20.0,12:00,12:10,target,0.2
2026-02-26,TSLA,put,OTM1,mid,20.0,13:30,16:00,forced,-0.8696
2026-02-27,TSLA,put,OTM1,mid,20.0,12:00,12:45,target,0.2
2026-02-27,TSLA,put,OTM1,mid,20.0,13:30,13:35,target,0.2
2026-02-27,TSLA,put,OTM1,mid,20.0,14:00,14:25,target,0.2
2026-02-27,TSLA,put,OTM1,mid,20.0,14:30,16:00,forced,0.0
2026-03-02,TSLA,put,OTM1,mid,20.0,12:00,12:05,target,0.2
2026-03-02,TSLA,put,OTM1,mid,20.0,13:00,13:05,target,0.2
2026-03-02,TSLA,put,OTM1,mid,20.0,14:00,14:05,target,0.2
2026-03-02,TSLA,put,OTM1,mid,20.0,14:30,16:00,forced,-0.15254
2026-03-03,TSLA,put,OTM1,mid,20.0,11:00,13:55,target,0.2
2026-03-03,TSLA,put,OTM1,mid,20.0,14:00,14:15,target,0.2
2026-03-03,TSLA,put,OTM1,mid,20.0,14:30,14:35,target,0.2
2026-03-04,TSLA,put,OTM1,mid,20.0,11:00,16:00,forced,-0.8772
2026-03-05,TSLA,put,OTM1,mid,20.0,11:00,16:00,forced,-0.75
2026-03-06,TSLA,put,OTM1,mid,20.0,11:00,16:00,forced,-0.87006
2026-03-09,TSLA,put,OTM1,mid,20.0,11:00,11:40,target,0.2
2026-03-09,TSLA,put,OTM1,mid,20.0,12:00,16:00,forced,-0.8501
2026-03-10,TSLA,put,OTM1,mid,20.0,11:00,14:10,target,0.2
2026-03-10,TSLA,put,OTM1,mid,20.0,14:30,14:35,target,0.2
2026-03-11,TSLA,put,OTM1,mid,20.0,12:00,12:05,target,0.2
2026-03-11,TSLA,put,OTM1,mid,20.0,13:00,13:05,target,0.2
2026-03-11,TSLA,put,OTM1,mid,20.0,14:00,14:05,target,0.2
2026-03-11,TSLA,put,OTM1,mid,20.0,14:30,14:35,target,0.2
2026-03-12,TSLA,put,OTM1,mid,20.0,11:00,11:05,target,0.2
2026-03-12,TSLA,put,OTM1,mid,20.0,12:00,12:05,target,0.2
2026-03-12,TSLA,put,OTM1,mid,20.0,12:30,12:35,target,0.2
2026-03-13,TSLA,put,OTM1,mid,20.0,11:00,11:05,target,0.2
2026-03-13,TSLA,put,OTM1,mid,20.0,12:00,16:00,forced,-0.75898
2026-02-16,TSLA,put,OTM1,mid,25.0,12:00,13:05,target,0.25
2026-02-16,TSLA,put,OTM1,mid,25.0,13:30,14:10,target,0.25
2026-02-16,TSLA,put,OTM1,mid,25.0,14:30,16:00,forced,0.006
2026-02-17,TSLA,put,OTM1,mid,25.0,12:00,13:20,target,0.25
2026-02-17,TSLA,put,OTM1,mid,25.0,13:30,16:00,forced,-0.80556
2026-02-18,TSLA,put,OTM1,mid,25.0,10:30,10:35,target,0.25
2026-02-18,TSLA,put,OTM1,mid,25.0,14:00,14:05,target,0.25
2026-02-18,TSLA,put,OTM1,mid,25.0,14:30,14:45,target,0.25
2026-02-18,TSLA,put,OTM1,mid,25.0,15:30,16:00,forced,0.0
2026-02-19,TSLA,put,OTM1,mid,25.0,12:00,12:10,target,0.25
2026-02-19,TSLA,put,OTM1,mid,25.0,13:30,14:10,target,0.25
2026-02-19,TSLA,put,OTM1,mid,25.0,14:30,14:40,target,0.25
2026-02-19,TSLA,put,OTM1,mid,25.0,15:30,16:00,forced,0.0
2026-02-20,TSLA,put,OTM1,mid,25.0,12:00,12:05,target,0.25
2026-02-23,TSLA,put,OTM1,mid,25.0,12:00,16:00,forced,-0.91088
2026-02-24,TSLA,put,OTM1,mid,25.0,12:00,12:05,target,0.25
2026-02-24,TSLA,put,OTM1,mid,25.0,13:00,13:20,target,0.25
2026-02-24,TSLA,put,OTM1,mid,25.0,14:00,16:00,forced,0.0
2026-02-25,TSLA,put,OTM1,mid,25.0,12:00,12:05,target,0.25
2026-02-25,TSLA,put,OTM1,mid,25.0,12:30,12:35,target,0.25
2026-02-26,TSLA,put,OTM1,mid,25.0,12:00,12:10,target,0.25
2026-02-26,TSLA,put,OTM1,mid,25.0,13:30,16:00,forced,-0.8696
2026-02-27,TSLA,put,OTM1,mid,25.0,12:00,12:45,target,0.25
2026-02-27,TSLA,put,OTM1,mid,25.0,13:30,13:35,target,0.25
2026-02-27,TSLA,put,OTM1,mid,25.0,14:00,14:25,target,0.25
2026-02-27,TSLA,put,OTM1,mid,25.0,14:30,16:00,forced,0.0
2026-03-02,TSLA,put,OTM1,mid,25.0,12:00,12:05,target,0.25
2026-03-02,TSLA,put,OTM1,mid,25.0,13:00,13:05,target,0.25
2026-03-02,TSLA,put,OTM1,mid,25.0,14:00,14:05,target,0.25
2026-03-02,TSLA,put,OTM1,mid,25.0,14:30,16:00,forced,-0.15254
2026-03-03,TSLA,put,OTM1,mid,25.0,11:00,13:55,target,0.25
2026-03-03,TSLA,put,OTM1,mid,25.0,14:00,14:15,target,0.25
2026-03-03,TSLA,put,OTM1,mid,25.0,14:30,14:35,target,0.25
2026-03-04,TSLA,put,OTM1,mid,25.0,11:00,16:00,forced,-0.8772
2026-03-05,TSLA,put,OTM1,mid,25.0,11:00,16:00,forced,-0.75
2026-03-06,TSLA,put,OTM1,mid,25.0,11:00,16:00,forced,-0.87006
2026-03-09,TSLA,put,OTM1,mid,25.0,11:00,11:50,target,0.25
2026-03-09,TSLA,put,OTM1,mid,25.0,12:00,16:00,forced,-0.8501
2026-03-10,TSLA,put,OTM1,mid,25.0,11:00,14:10,target,0.25
2026-03-10,TSLA,put,OTM1,mid,25.0,14:30,14:35,target,0.25
2026-03-11,TSLA,put,OTM1,mid,25.0,12:00,12:05,target,0.25
2026-03-11,TSLA,put,OTM1,mid,25.0,13:00,13:05,target,0.25
2026-03-11,TSLA,put,OTM1,mid,25.0,14:00,14:05,target,0.25
2026-03-11,TSLA,put,OTM1,mid,25.0,14:30,14:35,target,0.25
2026-03-12,TSLA,put,OTM1,mid,25.0,11:00,11:05,target,0.25
2026-03-12,TSLA,put,OTM1,mid,25.0,12:00,12:05,target,0.25
2026-03-12,TSLA,put,OTM1,mid,25.0,12:30,12:35,target,0.25
2026-03-13,TSLA,put,OTM1,mid,25.0,11:00,11:05,target,0.25
2026-03-13,TSLA,put,OTM1,mid,25.0,12:00,16:00,forced,-0.75898
2026-02-16,TSLA,put,OTM1,mid,30.0,12:00,13:05,target,0.3
2026-02-16,TSLA,put,OTM1,mid,30.0,13:30,14:10,target,0.3
2026-02-16,TSLA,put,OTM1,mid,30.0,14:30,16:00,forced,0.006
2026-02-17,TSLA,put,OTM1,mid,30.0,12:00,13:20,target,0.3
2026-02-17,TSLA,put,OTM1,mid,30.0,13:30,16:00,forced,-0.80556
2026-02-18,TSLA,put,OTM1,mid,30.0,10:30,10:35,target,0.3
2026-02-18,TSLA,put,OTM1,mid,30.0,14:00,14:05,target,0.3
2026-02-18,TSLA,put,OTM1,mid,30.0,14:30,14:45,target,0.3
2026-02-18,TSLA,put,OTM1,mid,30.0,15:30,16:00,forced,0.0
2026-02-19,TSLA,put,OTM1,mid,30.0,12:00,12:10,target,0.3
2026-02-19,TSLA,put,OTM1,mid,30.0,13:30,14:10,target,0.3
2026-02-19,TSLA,put,OTM1,mid,30.0,14:30,14:40,target,0.3
2026-02-19,TSLA,put,OTM1,mid,30.0,15:30,16:00,forced,0.0
2026-02-20,TSLA,put,OTM1,mid,30.0,12:00,12:05,target,0.3
2026-02-23,TSLA,put,OTM1,mid,30.0,12:00,16:00,forced,-0.91088
2026-02-24,TSLA,put,OTM1,mid,30.0,12:00,12:05,target,0.3
2026-02-24,TSLA,put,OTM1,mid,30.0,12:30,12:35,target,0.3
2026-02-24,TSLA,put,OTM1,mid,30.0,13:00,13:20,target,0.3
2026-02-24,TSLA,put,OTM1,mid,30.0,14:00,16:00,forced,0.0
2026-02-25,TSLA,put,OTM1,mid,30.0,12:00,12:10,target,0.3
2026-02-25,TSLA,put,OTM1,mid,30.0,12:30,12:35,target,0.3
2026-02-26,TSLA,put,OTM1,mid,30.0,12:00,12:10,target,0.3
2026-02-26,TSLA,put,OTM1,mid,30.0,13:30,16:00,forced,-0.8696
2026-02-27,TSLA,put,OTM1,mid,30.0,12:00,12:45,target,0.3
2026-02-27,TSLA,put,OTM1,mid,30.0,13:30,13:45,target,0.3
2026-02-27,TSLA,put,OTM1,mid,30.0,14:00,14:25,target,0.3
2026-02-27,TSLA,put,OTM1,mid,30.0,14:30,16:00,forced,0.0
2026-03-02,TSLA,put,OTM1,mid,30.0,11:30,12:10,target,0.3
2026-03-02,TSLA,put,OTM1,mid,30.0,13:00,13:05,target,0.3
2026-03-02,TSLA,put,OTM1,mid,30.0,14:00,14:05,target,0.3
2026-03-02,TSLA,put,OTM1,mid,30.0,14:30,16:00,forced,-0.15254
2026-03-03,TSLA,put,OTM1,mid,30.0,11:00,13:55,target,0.3
2026-03-03,TSLA,put,OTM1,mid,30.0,14:00,14:15,target,0.3
2026-03-03,TSLA,put,OTM1,mid,30.0,14:30,14:35,target,0.3
2026-03-04,TSLA,put,OTM1,mid,30.0,11:00,16:00,forced,-0.8772
2026-03-05,TSLA,put,OTM1,mid,30.0,11:00,16:00,forced,-0.75
2026-03-06,TSLA,put,OTM1,mid,30.0,11:00,16:00,forced,-0.87006
2026-03-09,TSLA,put,OTM1,mid,30.0,11:00,11:50,target,0.3
2026-03-09,TSLA,put,OTM1,mid,30.0,12:00,16:00,forced,-0.8501
2026-03-10,TSLA,put,OTM1,mid,30.0,11:00,14:10,target,0.3
2026-03-10,TSLA,put,OTM1,mid,30.0,14:30,14:35,target,0.3
2026-03-11,TSLA,put,OTM1,mid,30.0,12:00,12:05,target,0.3
2026-03-11,TSLA,put,OTM1,mid,30.0,13:00,13:05,target,0.3
2026-03-11,TSLA,put,OTM1,mid,30.0,14:00,14:05,target,0.3
2026-03-11,TSLA,put,OTM1,mid,30.0,14:30,14:35,target,0.3
2026-03-12,TSLA,put,OTM1,mid,30.0,11:00,11:05,target,0.3
2026-03-12,TSLA,put,OTM1,mid,30.0,11:30,11:45,target,0.3
2026-03-12,TSLA,put,OTM1,mid,30.0,12:00,12:05,target,0.3
2026-03-12,TSLA,put,OTM1,mid,30.0,12:30,12:35,target,0.3
2026-03-13,TSLA,put,OTM1,mid,30.0,11:00,11:05,target,0.3
2026-03-13,TSLA,put,OTM1,mid,30.0,11:30,11:45,target,0.3
2026-03-13,TSLA,put,OTM1,mid,30.0,12:00,16:00,forced,-0.75898
2026-02-16,TSLA,put,OTM1,mid,40.0,12:00,13:05,target,0.4
2026-02-16,TSLA,put,OTM1,mid,40.0,13:30,14:15,target,0.4
2026-02-16,TSLA,put,OTM1,mid,40.0,14:30,16:00,forced,0.006
2026-02-17,TSLA,put,OTM1,mid,40.0,12:00,13:20,target,0.4
2026-02-17,TSLA,put,OTM1,mid,40.0,13:30,16:00,forced,-0.80556
2026-02-18,TSLA,put,OTM1,mid,40.0,10:30,10:35,target,0.4
2026-02-18,TSLA,put,OTM1,mid,40.0,14:00,14:05,target,0.4
2026-02-18,TSLA,put,OTM1,mid,40.0,14:30,14:45,target,0.4
2026-02-18,TSLA,put,OTM1,mid,40.0,15:30,16:00,forced,0.0
2026-02-19,TSLA,put,OTM1,mid,40.0,12:00,12:10,target,0.4
2026-02-19,TSLA,put,OTM1,mid,40.0,13:30,14:10,target,0.4
2026-02-19,TSLA,put,OTM1,mid,40.0,14:30,14:40,target,0.4
2026-02-19,TSLA,put,OTM1,mid,40.0,15:30,16:00,forced,0.0
2026-02-20,TSLA,put,OTM1,mid,40.0,12:00,12:05,target,0.4
2026-02-23,TSLA,put,OTM1,mid,40.0,12:00,16:00,forced,-0.91088
2026-02-24,TSLA,put,OTM1,mid,40.0,12:00,12:10,target,0.4
2026-02-24,TSLA,put,OTM1,mid,40.0,13:00,13:20,target,0.4
2026-02-24,TSLA,put,OTM1,mid,40.0,14:00,16:00,forced,0.0
2026-02-25,TSLA,put,OTM1,mid,40.0,12:00,12:10,target,0.4
2026-02-25,TSLA,put,OTM1,mid,40.0,12:30,12:35,target,0.4
2026-02-26,TSLA,put,OTM1,mid,40.0,12:00,12:10,target,0.4
2026-02-26,TSLA,put,OTM1,mid,40.0,13:30,16:00,forced,-0.8696
2026-02-27,TSLA,put,OTM1,mid,40.0,12:00,12:45,target,0.4
2026-02-27,TSLA,put,OTM1,mid,40.0,13:30,13:45,target,0.4
2026-02-27,TSLA,put,OTM1,mid,40.0,14:00,14:25,target,0.4
2026-02-27,TSLA,put,OTM1,mid,40.0,14:30,16:00,forced,0.0
2026-03-02,TSLA,put,OTM1,mid,40.0,12:00,12:05,target,0.4
2026-03-02,TSLA,put,OTM1,mid,40.0,13:00,13:05,target,0.4
2026-03-02,TSLA,put,OTM1,mid,40.0,14:00,14:05,target,0.4
2026-03-02,TSLA,put,OTM1,mid,40.0,14:30,16:00,forced,-0.15254
2026-03-03,TSLA,put,OTM1,mid,40.0,11:00,13:55,target,0.4
2026-03-03,TSLA,put,OTM1,mid,40.0,14:00,14:15,target,0.4
2026-03-03,TSLA,put,OTM1,mid,40.0,14:30,14:35,target,0.4
2026-03-04,TSLA,put,OTM1,mid,40.0,11:00,16:00,forced,-0.8772
2026-03-05,TSLA,put,OTM1,mid,40.0,11:00,16:00,forced,-0.75
2026-03-06,TSLA,put,OTM1,mid,40.0,11:00,16:00,forced,-0.87006
2026-03-09,TSLA,put,OTM1,mid,40.0,11:00,11:50,target,0.4
2026-03-09,TSLA,put,OTM1,mid,40.0,12:00,16:00,forced,-0.8501
2026-03-10,TSLA,put,OTM1,mid,40.0,11:00,14:35,target,0.4
2026-03-11,TSLA,put,OTM1,mid,40.0,12:00,12:05,target,0.4
2026-03-11,TSLA,put,OTM1,mid,40.0,12:30,12:35,target,0.4
2026-03-11,TSLA,put,OTM1,mid,40.0,13:00,13:05,target,0.4
2026-03-11,TSLA,put,OTM1,mid,40.0,14:00,14:05,target,0.4
2026-03-11,TSLA,put,OTM1,mid,40.0,14:30,14:35,target,0.4
2026-03-12,TSLA,put,OTM1,mid,40.0,11:00,11:05,target,0.4
2026-03-12,TSLA,put,OTM1,mid,40.0,12:00,12:05,target,0.4
2026-03-12,TSLA,put,OTM1,mid,40.0,12:30,12:35,target,0.4
2026-03-13,TSLA,put,OTM1,mid,40.0,11:00,11:05,target,0.4
2026-03-13,TSLA,put,OTM1,mid,40.0,12:00,16:00,forced,-0.75898
2026-02-16,TSLA,put,OTM1,mid,50.0,12:00,13:05,target,0.5
2026-02-16,TSLA,put,OTM1,mid,50.0,13:30,14:15,target,0.5
2026-02-16,TSLA,put,OTM1,mid,50.0,14:30,16:00,forced,0.006
2026-02-17,TSLA,put,OTM1,mid,50.0,12:00,13:20,target,0.5
2026-02-17,TSLA,put,OTM1,mid,50.0,13:30,16:00,forced,-0.80556
2026-02-18,TSLA,put,OTM1,mid,50.0,10:30,10:35,target,0.5
2026-02-18,TSLA,put,OTM1,mid,50.0,14:00,14:20,target,0.5
2026-02-18,TSLA,put,OTM1,mid,50.0,14:30,14:45,target,0.5
2026-02-18,TSLA,put,OTM1,mid,50.0,15:30,16:00,forced,0.0
2026-02-19,TSLA,put,OTM1,mid,50.0,12:00,12:10,target,0.5
2026-02-19,TSLA,put,OTM1,mid,50.0,13:30,14:10,target,0.5
2026-02-19,TSLA,put,OTM1,mid,50.0,14:30,14:40,target,0.5
2026-02-19,TSLA,put,OTM1,mid,50.0,15:30,16:00,forced,0.0
2026-02-20,TSLA,put,OTM1,mid,50.0,12:00,12:05,target,0.5
2026-02-23,TSLA,put,OTM1,mid,50.0,12:00,16:00,forced,-0.91088
2026-02-24,TSLA,put,OTM1,mid,50.0,12:00,12:10,target,0.5
2026-02-24,TSLA,put,OTM1,mid,50.0,12:30,12:35,target,0.5
2026-02-24,TSLA,put,OTM1,mid,50.0,13:00,13:20,target,0.5
2026-02-24,TSLA,put,OTM1,mid,50.0,14:00,16:00,forced,0.0
2026-02-25,TSLA,put,OTM1,mid,50.0,12:00,12:10,target,0.5
2026-02-25,TSLA,put,OTM1,mid,50.0,12:30,12:35,target,0.5
2026-02-26,TSLA,put,OTM1,mid,50.0,12:00,12:10,target,0.5
2026-02-26,TSLA,put,OTM1,mid,50.0,13:30,16:00,forced,-0.8696
2026-02-27,TSLA,put,OTM1,mid,50.0,12:00,12:45,target,0.5
2026-02-27,TSLA,put,OTM1,mid,50.0,13:30,13:45,target,0.5
2026-02-27,TSLA,put,OTM1,mid,50.0,14:00,14:25,target,0.5
2026-02-27,TSLA,put,OTM1,mid,50.0,14:30,16:00,forced,0.0
2026-03-02,TSLA,put,OTM1,mid,50.0,11:30,12:20,target,0.5
2026-03-02,TSLA,put,OTM1,mid,50.0,13:00,13:05,target,0.5
2026-03-02,TSLA,put,OTM1,mid,50.0,14:00,14:05,target,0.5
2026-03-02,TSLA,put,OTM1,mid,50.0,14:30,16:00,forced,-0.15254
2026-03-03,TSLA,put,OTM1,mid,50.0,11:00,13:55,target,0.5
2026-03-03,TSLA,put,OTM1,mid,50.0,14:00,14:15,target,0.5
2026-03-03,TSLA,put,OTM1,mid,50.0,14:30,14:35,target,0.5
2026-03-04,TSLA,put,OTM1,mid,50.0,11:00,16:00,forced,-0.8772
2026-03-05,TSLA,put,OTM1,mid,50.0,11:00,16:00,forced,-0.75
2026-03-06,TSLA,put,OTM1,mid,50.0,11:00,16:00,forced,-0.87006
2026-03-09,TSLA,put,OTM1,mid,50.0,11:00,11:50,target,0.5
2026-03-09,TSLA,put,OTM1,mid,50.0,12:00,16:00,forced,-0.8501
2026-03-10,TSLA,put,OTM1,mid,50.0,11:00,14:35,target,0.5
2026-03-11,TSLA,put,OTM1,mid,50.0,12:00,12:05,target,0.5
2026-03-11,TSLA,put,OTM1,mid,50.0,12:30,12:35,target,0.5
2026-03-11,TSLA,put,OTM1,mid,50.0,13:00,13:05,target,0.5
2026-03-11,TSLA,put,OTM1,mid,50.0,14:00,14:05,target,0.5
2026-03-11,TSLA,put,OTM1,mid,50.0,14:30,14:35,target,0.5
2026-03-12,TSLA,put,OTM1,mid,50.0,11:00,11:05,target,0.5
2026-03-12,TSLA,put,OTM1,mid,50.0,11:30,11:50,target,0.5
2026-03-12,TSLA,put,OTM1,mid,50.0,12:00,12:05,target,0.5
2026-03-12,TSLA,put,OTM1,mid,50.0,12:30,12:35,target,0.5
2026-03-13,TSLA,put,OTM1,mid,50.0,11:00,11:05,target,0.5
2026-03-13,TSLA,put,OTM1,mid,50.0,11:30,11:50,target,0.5
2026-03-13,TSLA,put,OTM1,mid,50.0,12:00,16:00,forced,-0.75898
2026-02-16,TSLA,put,OTM1,mid,60.0,11:00,11:15,target,0.6
2026-02-16,TSLA,put,OTM1,mid,60.0,12:00,14:15,target,0.6
2026-02-16,TSLA,put,OTM1,mid,60.0,14:30,16:00,forced,0.006
2026-02-17,TSLA,put,OTM1,mid,60.0,11:00,11:50,target,0.6
2026-02-17,TSLA,put,OTM1,mid,60.0,12:00,13:20,target,0.6
2026-02-17,TSLA,put,OTM1,mid,60.0,13:30,16:00,forced,-0.80556
2026-02-18,TSLA,put,OTM1,mid,60.0,14:00,14:20,target,0.6
2026-02-18,TSLA,put,OTM1,mid,60.0,14:30,14:45,target,0.6
2026-02-18,TSLA,put,OTM1,mid,60.0,15:30,16:00,forced,0.0
2026-02-19,TSLA,put,OTM1,mid,60.0,11:00,15:25,target,0.6
2026-02-19,TSLA,put,OTM1,mid,60.0,15:30,16:00,forced,0.0
2026-02-20,TSLA,put,OTM1,mid,60.0,11:00,12:10,target,0.6
2026-02-23,TSLA,put,OTM1,mid,60.0,11:00,16:00,forced,-0.78687
2026-02-24,TSLA,put,OTM1,mid,60.0,11:00,11:05,target,0.6
2026-02-24,TSLA,put,OTM1,mid,60.0,12:00,12:10,target,0.6
2026-02-24,TSLA,put,OTM1,mid,60.0,12:30,12:35,target,0.6
2026-02-24,TSLA,put,OTM1,mid,60.0,13:00,13:20,target,0.6
2026-02-24,TSLA,put,OTM1,mid,60.0,14:00,16:00,forced,0.0
2026-02-25,TSLA,put,OTM1,mid,60.0,11:00,12:05,target,0.6
2026-02-25,TSLA,put,OTM1,mid,60.0,12:30,12:35,target,0.6
2026-02-26,TSLA,put,OTM1,mid,60.0,11:00,12:25,target,0.6
2026-02-26,TSLA,put,OTM1,mid,60.0,13:30,16:00,forced,-0.8696
2026-02-27,TSLA,put,OTM1,mid,60.0,11:00,11:10,target,0.6
2026-02-27,TSLA,put,OTM1,mid,60.0,12:00,12:45,target,0.6
2026-02-27,TSLA,put,OTM1,mid,60.0,13:30,13:45,target,0.6
2026-02-27,TSLA,put,OTM1,mid,60.0,14:00,14:25,target,0.6
2026-02-27,TSLA,put,OTM1,mid,60.0,14:30,16:00,forced,0.0
2026-03-02,TSLA,put,OTM1,mid,60.0,11:30,12:20,target,0.6
2026-03-02,TSLA,put,OTM1,mid,60.0,13:00,13:05,target,0.6
2026-03-02,TSLA,put,OTM1,mid,60.0,14:00,16:00,forced,0.0
2026-03-03,TSLA,put,OTM1,mid,60.0,11:00,13:55,target,0.6
2026-03-03,TSLA,put,OTM1,mid,60.0,14:00,14:15,target,0.6
2026-03-03,TSLA,put,OTM1,mid,60.0,14:30,14:35,target,0.6
2026-03-04,TSLA,put,OTM1,mid,60.0,11:00,16:00,forced,-0.8772
2026-03-05,TSLA,put,OTM1,mid,60.0,11:00,16:00,forced,-0.75
2026-03-06,TSLA,put,OTM1,mid,60.0,11:00,16:00,forced,-0.87006
2026-03-09,TSLA,put,OTM1,mid,60.0,11:00,11:50,target,0.6
2026-03-09,TSLA,put,OTM1,mid,60.0,12:00,16:00,forced,-0.8501
2026-03-10,TSLA,put,OTM1,mid,60.0,11:00,14:35,target,0.6
2026-03-11,TSLA,put,OTM1,mid,60.0,12:00,12:05,target,0.6
2026-03-11,TSLA,put,OTM1,mid,60.0,12:30,12:35,target,0.6
2026-03-11,TSLA,put,OTM1,mid,60.0,13:00,13:05,target,0.6
2026-03-11,TSLA,put,OTM1,mid,60.0,14:00,14:05,target,0.6
2026-03-11,TSLA,put,OTM1,mid,60.0,14:30,14:35,target,0.6
2026-03-12,TSLA,put,OTM1,mid,60.0,11:00,11:05,target,0.6
2026-03-12,TSLA,put,OTM1,mid,60.0,11:30,11:50,target,0.6
2026-03-12,TSLA,put,OTM1,mid,60.0,12:00,12:05,target,0.6
2026-03-12,TSLA,put,OTM1,mid,60.0,12:30,12:35,target,0.6
2026-03-13,TSLA,put,OTM1,mid,60.0,11:00,11:05,target,0.6
2026-03-13,TSLA,put,OTM1,mid,60.0,11:30,16:00,forced,-0.93434
2026-02-16,TSLA,put,OTM1,mid,70.0,13:30,14:15,target,0.7
2026-02-16,TSLA,put,OTM1,mid,70.0,14:30,16:00,forced,0.006
2026-02-17,TSLA,put,OTM1,mid,70.0,13:30,16:00,forced,-0.80556
2026-02-18,TSLA,put,OTM1,mid,70.0,10:30,10:35,target,0.7
2026-02-18,TSLA,put,OTM1,mid,70.0,14:00,14:20,target,0.7
2026-02-18,TSLA,put,OTM1,mid,70.0,14:30,14:45,target,0.7
2026-02-18,TSLA,put,OTM1,mid,70.0,15:30,16:00,forced,0.0
2026-02-19,TSLA,put,OTM1,mid,70.0,13:30,14:10,target,0.7
2026-02-19,TSLA,put,OTM1,mid,70.0,14:30,14:40,target,0.7
2026-02-19,TSLA,put,OTM1,mid,70.0,15:30,16:00,forced,0.0
2026-02-20,TSLA,put,OTM1,mid,70.0,11:00,12:10,target,0.7
2026-02-23,TSLA,put,OTM1,mid,70.0,13:30,15:35,target,0.7
2026-02-24,TSLA,put,OTM1,mid,70.0,11:00,11:05,target,0.7
2026-02-24,TSLA,put,OTM1,mid,70.0,12:00,12:10,target,0.7
2026-02-24,TSLA,put,OTM1,mid,70.0,12:30,12:35,target,0.7
2026-02-24,TSLA,put,OTM1,mid,70.0,13:00,13:20,target,0.7
2026-02-24,TSLA,put,OTM1,mid,70.0,14:00,16:00,forced,0.0
2026-02-25,TSLA,put,OTM1,mid,70.0,11:00,12:05,target,0.7
2026-02-25,TSLA,put,OTM1,mid,70.0,12:30,12:35,target,0.7
2026-02-26,TSLA,put,OTM1,mid,70.0,13:30,16:00,forced,-0.8696
2026-02-27,TSLA,put,OTM1,mid,70.0,13:30,15:25,target,0.7
2026-02-27,TSLA,put,OTM1,mid,70.0,15:30,16:00,forced,0.0
2026-03-02,TSLA,put,OTM1,mid,70.0,11:30,12:20,target,0.7
2026-03-02,TSLA,put,OTM1,mid,70.0,13:00,13:10,target,0.7
2026-03-02,TSLA,put,OTM1,mid,70.0,14:00,16:00,forced,0.0
2026-03-03,TSLA,put,OTM1,mid,70.0,11:00,13:55,target,0.7
2026-03-03,TSLA,put,OTM1,mid,70.0,14:00,14:15,target,0.7
2026-03-03,TSLA,put,OTM1,mid,70.0,14:30,14:35,target,0.7
2026-03-04,TSLA,put,OTM1,mid,70.0,11:00,16:00,forced,-0.8772
2026-03-05,TSLA,put,OTM1,mid,70.0,11:00,16:00,forced,-0.75
2026-03-06,TSLA,put,OTM1,mid,70.0,11:00,16:00,forced,-0.87006
2026-03-09,TSLA,put,OTM1,mid,70.0,11:00,11:50,target,0.7
2026-03-09,TSLA,put,OTM1,mid,70.0,12:00,16:00,forced,-0.8501
2026-03-10,TSLA,put,OTM1,mid,70.0,11:00,14:35,target,0.7
2026-03-11,TSLA,put,OTM1,mid,70.0,12:00,12:05,target,0.7
2026-03-11,TSLA,put,OTM1,mid,70.0,12:30,13:05,target,0.7
2026-03-11,TSLA,put,OTM1,mid,70.0,14:00,14:05,target,0.7
2026-03-11,TSLA,put,OTM1,mid,70.0,14:30,14:35,target,0.7
2026-03-12,TSLA,put,OTM1,mid,70.0,11:00,11:05,target,0.7
2026-03-12,TSLA,put,OTM1,mid,70.0,11:30,11:50,target,0.7
2026-03-12,TSLA,put,OTM1,mid,70.0,12:00,12:05,target,0.7
2026-03-12,TSLA,put,OTM1,mid,70.0,12:30,12:35,target,0.7
2026-03-13,TSLA,put,OTM1,mid,70.0,11:00,11:05,target,0.7
2026-03-13,TSLA,put,OTM1,mid,70.0,11:30,16:00,forced,-0.93434
2026-02-16,TSLA,put,OTM1,mid,75.0,13:30,14:15,target,0.75
2026-02-16,TSLA,put,OTM1,mid,75.0,14:30,16:00,forced,0.006
2026-02-17,TSLA,put,OTM1,mid,75.0,13:30,16:00,forced,-0.80556
2026-02-18,TSLA,put,OTM1,mid,75.0,14:00,14:20,target,0.75
2026-02-18,TSLA,put,OTM1,mid,75.0,14:30,14:45,target,0.75
2026-02-18,TSLA,put,OTM1,mid,75.0,15:30,16:00,forced,0.0
2026-02-19,TSLA,put,OTM1,mid,75.0,13:30,14:10,target,0.75
2026-02-19,TSLA,put,OTM1,mid,75.0,14:30,14:40,target,0.75
2026-02-19,TSLA,put,OTM1,mid,75.0,15:30,16:00,forced,0.0
2026-02-20,TSLA,put,OTM1,mid,75.0,12:00,12:05,target,0.75
2026-02-23,TSLA,put,OTM1,mid,75.0,13:30,15:35,target,0.75
2026-02-24,TSLA,put,OTM1,mid,75.0,12:00,12:10,target,0.75
2026-02-24,TSLA,put,OTM1,mid,75.0,12:30,12:35,target,0.75
2026-02-24,TSLA,put,OTM1,mid,75.0,13:00,13:20,target,0.75
2026-02-24,TSLA,put,OTM1,mid,75.0,14:00,16:00,forced,0.0
2026-02-25,TSLA,put,OTM1,mid,75.0,12:00,12:10,target,0.75
2026-02-25,TSLA,put,OTM1,mid,75.0,12:30,12:35,target,0.75
2026-02-26,TSLA,put,OTM1,mid,75.0,13:30,16:00,forced,-0.8696
2026-02-27,TSLA,put,OTM1,mid,75.0,13:30,15:25,target,0.75
2026-02-27,TSLA,put,OTM1,mid,75.0,15:30,16:00,forced,0.0
2026-03-02,TSLA,put,OTM1,mid,75.0,12:00,12:05,target,0.75
2026-03-02,TSLA,put,OTM1,mid,75.0,14:00,16:00,forced,0.0
2026-03-03,TSLA,put,OTM1,mid,75.0,11:00,13:55,target,0.75
2026-03-03,TSLA,put,OTM1,mid,75.0,14:00,14:15,target,0.75
2026-03-03,TSLA,put,OTM1,mid,75.0,14:30,14:35,target,0.75
2026-03-04,TSLA,put,OTM1,mid,75.0,11:00,16:00,forced,-0.8772
2026-03-05,TSLA,put,OTM1,mid,75.0,11:00,16:00,forced,-0.75
2026-03-06,TSLA,put,OTM1,mid,75.0,11:00,16:00,forced,-0.87006
2026-03-09,TSLA,put,OTM1,mid,75.0,11:00,11:50,target,0.75
2026-03-09,TSLA,put,OTM1,mid,75.0,12:00,16:00,forced,-0.8501
2026-03-10,TSLA,put,OTM1,mid,75.0,11:00,14:35,target,0.75
2026-03-11,TSLA,put,OTM1,mid,75.0,12:00,12:05,target,0.75
2026-03-11,TSLA,put,OTM1,mid,75.0,12:30,13:05,target,0.75
2026-03-11,TSLA,put,OTM1,mid,75.0,14:00,14:05,target,0.75
2026-03-11,TSLA,put,OTM1,mid,75.0,14:30,14:35,target,0.75
2026-03-12,TSLA,put,OTM1,mid,75.0,11:00,11:05,target,0.75
2026-03-12,TSLA,put,OTM1,mid,75.0,12:00,12:05,target,0.75
2026-03-12,TSLA,put,OTM1,mid,75.0,12:30,12:35,target,0.75
2026-03-13,TSLA,put,OTM1,mid,75.0,11:00,11:05,target,0.75
2026-03-13,TSLA,put,OTM1,mid,75.0,12:00,16:00,forced,-0.75898
2026-02-16,TSLA,put,OTM1,mid,80.0,12:00,16:00,target,0.8
2026-02-17,TSLA,put,OTM1,mid,80.0,12:00,13:20,target,0.8
2026-02-17,TSLA,put,OTM1,mid,80.0,13:30,16:00,forced,-0.80556
2026-02-18,TSLA,put,OTM1,mid,80.0,14:00,14:20,target,0.8
2026-02-18,TSLA,put,OTM1,mid,80.0,14:30,14:45,target,0.8
2026-02-18,TSLA,put,OTM1,mid,80.0,15:30,16:00,forced,0.0
2026-02-19,TSLA,put,OTM1,mid,80.0,12:00,12:20,target,0.8
2026-02-19,TSLA,put,OTM1,mid,80.0,13:30,14:10,target,0.8
2026-02-19,TSLA,put,OTM1,mid,80.0,14:30,14:40,target,0.8
2026-02-19,TSLA,put,OTM1,mid,80.0,15:30,16:00,forced,0.0
2026-02-20,TSLA,put,OTM1,mid,80.0,12:00,12:05,target,0.8
2026-02-23,TSLA,put,OTM1,mid,80.0,12:00,16:00,forced,-0.91088
2026-02-24,TSLA,put,OTM1,mid,80.0,12:00,12:10,target,0.8
2026-02-24,TSLA,put,OTM1,mid,80.0,12:30,12:35,target,0.8
2026-02-24,TSLA,put,OTM1,mid,80.0,13:00,13:20,target,0.8
2026-02-24,TSLA,put,OTM1,mid,80.0,14:00,16:00,forced,0.0
2026-02-25,TSLA,put,OTM1,mid,80.0,12:00,12:10,target,0.8
2026-02-25,TSLA,put,OTM1,mid,80.0,12:30,12:35,target,0.8
2026-02-26,TSLA,put,OTM1,mid,80.0,12:00,12:25,target,0.8
2026-02-26,TSLA,put,OTM1,mid,80.0,13:30,16:00,forced,-0.8696
2026-02-27,TSLA,put,OTM1,mid,80.0,12:00,12:45,target,0.8
2026-02-27,TSLA,put,OTM1,mid,80.0,13:30,15:25,target,0.8
2026-02-27,TSLA,put,OTM1,mid,80.0,15:30,16:00,forced,0.0
2026-03-02,TSLA,put,OTM1,mid,80.0,12:00,12:05,target,0.8
2026-03-02,TSLA,put,OTM1,mid,80.0,14:00,16:00,forced,0.0
2026-03-03,TSLA,put,OTM1,mid,80.0,11:00,13:55,target,0.8
2026-03-03,TSLA,put,OTM1,mid,80.0,14:00,14:15,target,0.8
2026-03-03,TSLA,put,OTM1,mid,80.0,14:30,14:35,target,0.8
2026-03-04,TSLA,put,OTM1,mid,80.0,11:00,16:00,forced,-0.8772
2026-03-05,TSLA,put,OTM1,mid,80.0,11:00,16:00,forced,-0.75
2026-03-06,TSLA,put,OTM1,mid,80.0,11:00,16:00,forced,-0.87006
2026-03-09,TSLA,put,OTM1,mid,80.0,11:00,11:50,target,0.8
2026-03-09,TSLA,put,OTM1,mid,80.0,12:00,16:00,forced,-0.8501
2026-03-10,TSLA,put,OTM1,mid,80.0,11:00,14:35,target,0.8
2026-03-11,TSLA,put,OTM1,mid,80.0,12:00,12:05,target,0.8
2026-03-11,TSLA,put,OTM1,mid,80.0,12:30,13:10,target,0.8
2026-03-11,TSLA,put,OTM1,mid,80.0,14:00,14:05,target,0.8
2026-03-11,TSLA,put,OTM1,mid,80.0,14:30,14:35,target,0.8
2026-03-12,TSLA,put,OTM1,mid,80.0,11:00,11:05,target,0.8
2026-03-12,TSLA,put,OTM1,mid,80.0,12:00,12:05,target,0.8
2026-03-12,TSLA,put,OTM1,mid,80.0,12:30,12:45,target,0.8
2026-03-13,TSLA,put,OTM1,mid,80.0,11:00,11:05,target,0.8
2026-03-13,TSLA,put,OTM1,mid,80.0,12:00,16:00,forced,-0.75898
2026-02-16,TSLA,put,OTM1,mid,90.0,12:00,16:00,target,0.9
2026-02-17,TSLA,put,OTM1,mid,90.0,12:00,13:20,target,0.9
2026-02-17,TSLA,put,OTM1,mid,90.0,13:30,16:00,forced,-0.80556
2026-02-18,TSLA,put,OTM1,mid,90.0,14:00,14:20,target,0.9
2026-02-18,TSLA,put,OTM1,mid,90.0,14:30,16:00,forced,-0.77231
2026-02-19,TSLA,put,OTM1,mid,90.0,12:00,12:20,target,0.9
2026-02-19,TSLA,put,OTM1,mid,90.0,12:30,14:40,target,0.9
2026-02-19,TSLA,put,OTM1,mid,90.0,15:30,16:00,forced,0.0
2026-02-20,TSLA,put,OTM1,mid,90.0,12:00,12:05,target,0.9
2026-02-23,TSLA,put,OTM1,mid,90.0,12:00,16:00,forced,-0.91088
2026-02-24,TSLA,put,OTM1,mid,90.0,12:00,12:10,target,0.9
2026-02-24,TSLA,put,OTM1,mid,90.0,12:30,12:35,target,0.9
2026-02-24,TSLA,put,OTM1,mid,90.0,13:00,13:20,target,0.9
2026-02-24,TSLA,put,OTM1,mid,90.0,14:00,16:00,forced,0.0
2026-02-25,TSLA,put,OTM1,mid,90.0,12:00,12:10,target,0.9
2026-02-25,TSLA,put,OTM1,mid,90.0,12:30,12:35,target,0.9
2026-02-26,TSLA,put,OTM1,mid,90.0,12:00,12:25,target,0.9
2026-02-26,TSLA,put,OTM1,mid,90.0,12:30,16:00,forced,-0.73147
2026-02-27,TSLA,put,OTM1,mid,90.0,12:00,12:45,target,0.9
2026-02-27,TSLA,put,OTM1,mid,90.0,13:30,15:25,target,0.9
2026-02-27,TSLA,put,OTM1,mid,90.0,15:30,16:00,forced,0.0
2026-03-02,TSLA,put,OTM1,mid,90.0,12:00,12:05,target,0.9
2026-03-02,TSLA,put,OTM1,mid,90.0,13:00,16:00,forced,-0.77027
2026-03-03,TSLA,put,OTM1,mid,90.0,11:00,13:55,target,0.9
2026-03-03,TSLA,put,OTM1,mid,90.0,14:00,14:15,target,0.9
2026-03-03,TSLA,put,OTM1,mid,90.0,14:30,14:35,target,0.9
2026-03-04,TSLA,put,OTM1,mid,90.0,11:00,16:00,forced,-0.8772
2026-03-05,TSLA,put,OTM1,mid,90.0,11:00,16:00,forced,-0.75
2026-03-06,TSLA,put,OTM1,mid,90.0,11:00,16:00,forced,-0.87006
2026-03-09,TSLA,put,OTM1,mid,90.0,11:00,11:50,target,0.9
2026-03-09,TSLA,put,OTM1,mid,90.0,12:00,16:00,forced,-0.8501
2026-03-10,TSLA,put,OTM1,mid,90.0,11:00,14:35,target,0.9
2026-03-11,TSLA,put,OTM1,mid,90.0,12:00,12:05,target,0.9
2026-03-11,TSLA,put,OTM1,mid,90.0,12:30,13:10,target,0.9
2026-03-11,TSLA,put,OTM1,mid,90.0,14:00,14:05,target,0.9
2026-03-11,TSLA,put,OTM1,mid,90.0,14:30,14:35,target,0.9
2026-03-12,TSLA,put,OTM1,mid,90.0,11:00,11:10,target,0.9
2026-03-12,TSLA,put,OTM1,mid,90.0,12:00,12:05,target,0.9
2026-03-12,TSLA,put,OTM1,mid,90.0,12:30,12:45,target,0.9
2026-03-13,TSLA,put,OTM1,mid,90.0,11:00,11:10,target,0.9
2026-03-13,TSLA,put,OTM1,mid,90.0,12:00,16:00,forced,-0.75898
2026-02-16,TSLA,put,OTM1,mid,100.0,12:00,16:00,target,1.0
2026-02-17,TSLA,put,OTM1,mid,100.0,12:00,13:20,target,1.0
2026-02-17,TSLA,put,OTM1,mid,100.0,13:30,16:00,forced,-0.80556
2026-02-18,TSLA,put,OTM1,mid,100.0,10:30,10:35,target,1.0
2026-02-18,TSLA,put,OTM1,mid,100.0,14:00,14:20,target,1.0
2026-02-18,TSLA,put,OTM1,mid,100.0,14:30,16:00,forced,-0.77231
2026-02-19,TSLA,put,OTM1,mid,100.0,12:00,12:20,target,1.0
2026-02-19,TSLA,put,OTM1,mid,100.0,12:30,14:40,target,1.0
2026-02-19,TSLA,put,OTM1,mid,100.0,15:30,16:00,forced,0.0
2026-02-20,TSLA,put,OTM1,mid,100.0,12:00,12:05,target,1.0
2026-02-23,TSLA,put,OTM1,mid,100.0,12:00,16:00,forced,-0.91088
2026-02-24,TSLA,put,OTM1,mid,100.0,12:00,12:20,target,1.0
2026-02-24,TSLA,put,OTM1,mid,100.0,12:30,12:35,target,1.0
2026-02-24,TSLA,put,OTM1,mid,100.0,13:00,13:20,target,1.0
2026-02-24,TSLA,put,OTM1,mid,100.0,14:00,16:00,forced,0.0
2026-02-25,TSLA,put,OTM1,mid,100.0,12:00,12:15,target,1.0
2026-02-25,TSLA,put,OTM1,mid,100.0,12:30,12:35,target,1.0
2026-02-26,TSLA,put,OTM1,mid,100.0,12:00,12:25,target,1.0
2026-02-26,TSLA,put,OTM1,mid,100.0,12:30,16:00,forced,-0.73147
2026-02-27,TSLA,put,OTM1,mid,100.0,12:00,12:45,target,1.0
2026-02-27,TSLA,put,OTM1,mid,100.0,13:30,15:25,target,1.0
2026-02-27,TSLA,put,OTM1,mid,100.0,15:30,16:00,forced,0.0
2026-03-02,TSLA,put,OTM1,mid,100.0,12:00,12:05,target,1.0
2026-03-02,TSLA,put,OTM1,mid,100.0,13:00,16:00,forced,-0.77027
2026-03-03,TSLA,put,OTM1,mid,100.0,11:00,13:55,target,1.0
2026-03-03,TSLA,put,OTM1,mid,100.0,14:00,14:20,target,1.0
2026-03-03,TSLA,put,OTM1,mid,100.0,14:30,14:35,target,1.0
2026-03-04,TSLA,put,OTM1,mid,100.0,11:00,16:00,forced,-0.8772
2026-03-05,TSLA,put,OTM1,mid,100.0,11:00,16:00,forced,-0.75
2026-03-06,TSLA,put,OTM1,mid,100.0,11:00,16:00,forced,-0.87006
2026-03-09,TSLA,put,OTM1,mid,100.0,11:00,11:50,target,1.0
2026-03-09,TSLA,put,OTM1,mid,100.0,12:00,16:00,forced,-0.8501
2026-03-10,TSLA,put,OTM1,mid,100.0,11:00,14:35,target,1.0
2026-03-11,TSLA,put,OTM1,mid,100.0,12:00,13:15,target,1.0
2026-03-11,TSLA,put,OTM1,mid,100.0,14:00,14:05,target,1.0
2026-03-11,TSLA,put,OTM1,mid,100.0,14:30,14:35,target,1.0
2026-03-12,TSLA,put,OTM1,mid,100.0,11:00,11:10,target,1.0
2026-03-12,TSLA,put,OTM1,mid,100.0,12:00,12:05,target,1.0
2026-03-12,TSLA,put,OTM1,mid,100.0,12:30,12:45,target,1.0
2026-03-13,TSLA,put,OTM1,mid,100.0,11:00,11:20,target,1.0
2026-03-13,TSLA,put,OTM1,mid,100.0,12:00,16:00,forced,-0.75898
2026-02-16,TSLA,put,OTM1,market,20.0,12:00,13:00,target,0.2
2026-02-16,TSLA,put,OTM1,market,20.0,13:30,14:10,target,0.2
2026-02-16,TSLA,put,OTM1,market,20.0,14:30,16:00,forced,-0.03333
2026-02-17,TSLA,put,OTM1,market,20.0,12:00,13:20,target,0.2
2026-02-17,TSLA,put,OTM1,market,20.0,13:30,16:00,forced,-0.81319
2026-02-18,TSLA,put,OTM1,market,20.0,10:30,10:35,target,0.2
2026-02-18,TSLA,put,OTM1,market,20.0,14:00,14:05,target,0.2
2026-02-18,TSLA,put,OTM1,market,20.0,14:30,14:45,target,0.2
2026-02-18,TSLA,put,OTM1,market,20.0,15:30,16:00,forced,-0.03922
2026-02-19,TSLA,put,OTM1,market,20.0,12:00,12:10,target,0.2
2026-02-19,TSLA,put,OTM1,market,20.0,13:30,14:10,target,0.2
2026-02-19,TSLA,put,OTM1,market,20.0,14:30,14:40,target,0.2
2026-02-19,TSLA,put,OTM1,market,20.0,15:30,16:00,forced,-0.03922
2026-02-20,TSLA,put,OTM1,market,20.0,12:00,12:05,target,0.2
2026-02-23,TSLA,put,OTM1,market,20.0,12:00,16:00,forced,-0.91438
2026-02-24,TSLA,put,OTM1,market,20.0,12:00,12:05,target,0.2
2026-02-24,TSLA,put,OTM1,market,20.0,13:00,13:20,target,0.2
2026-02-24,TSLA,put,OTM1,market,20.0,14:00,16:00,forced,-0.03922
2026-02-25,TSLA,put,OTM1,market,20.0,12:00,12:05,target,0.2
2026-02-25,TSLA,put,OTM1,market,20.0,12:30,12:35,target,0.2
2026-02-26,TSLA,put,OTM1,market,20.0,12:00,12:10,target,0.2
2026-02-26,TSLA,put,OTM1,market,20.0,13:30,16:00,forced,-0.87471
2026-02-27,TSLA,put,OTM1,market,20.0,12:00,12:45,target,0.2
2026-02-27,TSLA,put,OTM1,market,20.0,13:30,13:35,target,0.2
2026-02-27,TSLA,put,OTM1,market,20.0,14:00,14:25,target,0.2
2026-02-27,TSLA,put,OTM1,market,20.0,14:30,16:00,forced,-0.03922
2026-03-02,TSLA,put,OTM1,market,20.0,12:00,12:05,target,0.2
2026-03-02,TSLA,put,OTM1,market,20.0,13:00,13:05,target,0.2
2026-03-02,TSLA,put,OTM1,market,20.0,14:00,14:05,target,0.2
2026-03-02,TSLA,put,OTM1,market,20.0,14:30,16:00,forced,-0.18605
2026-03-03,TSLA,put,OTM1,market,20.0,11:00,13:55,target,0.2
2026-03-03,TSLA,put,OTM1,market,20.0,14:00,14:15,target,0.2
2026-03-03,TSLA,put,OTM1,market,20.0,14:30,14:35,target,0.2
2026-03-04,TSLA,put,OTM1,market,20.0,11:00,16:00,forced,-0.88201
2026-03-05,TSLA,put,OTM1,market,20.0,11:00,16:00,forced,-0.7598
2026-03-06,TSLA,put,OTM1,market,20.0,11:00,16:00,forced,-0.87516
2026-03-09,TSLA,put,OTM1,market,20.0,11:00,11:50,target,0.2
2026-03-09,TSLA,put,OTM1,market,20.0,12:00,16:00,forced,-0.85597
2026-03-10,TSLA,put,OTM1,market,20.0,11:00,14:10,target,0.2
2026-03-10,TSLA,put,OTM1,market,20.0,14:30,14:35,target,0.2
2026-03-11,TSLA,put,OTM1,market,20.0,12:00,12:05,target,0.2
2026-03-11,TSLA,put,OTM1,market,20.0,13:00,13:05,target,0.2
2026-03-11,TSLA,put,OTM1,market,20.0,14:00,14:05,target,0.2
2026-03-11,TSLA,put,OTM1,market,20.0,14:30,14:35,target,0.2
2026-03-12,TSLA,put,OTM1,market,20.0,11:00,11:05,target,0.2
2026-03-12,TSLA,put,OTM1,market,20.0,12:00,12:05,target,0.2
2026-03-12,TSLA,put,OTM1,market,20.0,12:30,12:35,target,0.2
2026-03-13,TSLA,put,OTM1,market,20.0,11:00,11:05,target,0.2
2026-03-13,TSLA,put,OTM1,market,20.0,12:00,16:00,forced,-0.76843
2026-02-16,TSLA,put,OTM1,market,25.0,12:00,13:05,target,0.25
2026-02-16,TSLA,put,OTM1,market,25.0,13:30,14:10,target,0.25
2026-02-16,TSLA,put,OTM1,market,25.0,14:30,16:00,forced,-0.03333
2026-02-17,TSLA,put,OTM1,market,25.0,12:00,13:20,target,0.25
2026-02-17,TSLA,put,OTM1,market,25.0,13:30,16:00,forced,-0.81319
2026-02-18,TSLA,put,OTM1,market,25.0,10:30,10:35,target,0.25
2026-02-18,TSLA,put,OTM1,market,25.0,14:00,14:05,target,0.25
2026-02-18,TSLA,put,OTM1,market,25.0,14:30,14:45,target,0.25
2026-02-18,TSLA,put,OTM1,market,25.0,15:30,16:00,forced,-0.03922
2026-02-19,TSLA,put,OTM1,market,25.0,12:00,12:10,target,0.25
2026-02-19,TSLA,put,OTM1,market,25.0,13:30,14:10,target,0.25
2026-02-19,TSLA,put,OTM1,market,25.0,14:30,14:40,target,0.25
2026-02-19,TSLA,put,OTM1,market,25.0,15:30,16:00,forced,-0.03922
2026-02-20,TSLA,put,OTM1,market,25.0,12:00,12:05,target,0.25
2026-02-23,TSLA,put,OTM1,market,25.0,12:00,16:00,forced,-0.91438
2026-02-24,TSLA,put,OTM1,market,25.0,12:00,12:05,target,0.25
2026-02-24,TSLA,put,OTM1,market,25.0,12:30,12:35,target,0.25
2026-02-24,TSLA,put,OTM1,market,25.0,13:00,13:20,target,0.25
2026-02-24,TSLA,put,OTM1,market,25.0,14:00,16:00,forced,-0.03922
2026-02-25,TSLA,put,OTM1,market,25.0,12:00,12:10,target,0.25
2026-02-25,TSLA,put,OTM1,market,25.0,12:30,12:35,target,0.25
2026-02-26,TSLA,put,OTM1,market,25.0,12:00,12:10,target,0.25
2026-02-26,TSLA,put,OTM1,market,25.0,13:30,16:00,forced,-0.87471
2026-02-27,TSLA,put,OTM1,market,25.0,12:00,12:45,target,0.25
2026-02-27,TSLA,put,OTM1,market,25.0,13:30,13:45,target,0.25
2026-02-27,TSLA,put,OTM1,market,25.0,14:00,14:25,target,0.25
2026-02-27,TSLA,put,OTM1,market,25.0,14:30,16:00,forced,-0.03922
2026-03-02,TSLA,put,OTM1,market,25.0,11:30,12:10,target,0.25
2026-03-02,TSLA,put,OTM1,market,25.0,13:00,13:05,target,0.25
2026-03-02,TSLA,put,OTM1,market,25.0,14:00,14:05,target,0.25
2026-03-02,TSLA,put,OTM1,market,25.0,14:30,16:00,forced,-0.18605
2026-03-03,TSLA,put,OTM1,market,25.0,11:00,13:55,target,0.25
2026-03-03,TSLA,put,OTM1,market,25.0,14:00,14:15,target,0.25
2026-03-03,TSLA,put,OTM1,market,25.0,14:30,14:35,target,0.25
2026-03-04,TSLA,put,OTM1,market,25.0,11:00,16:00,forced,-0.88201
2026-03-05,TSLA,put,OTM1,market,25.0,11:00,16:00,forced,-0.7598
2026-03-06,TSLA,put,OTM1,market,25.0,11:00,16:00,forced,-0.87516
2026-03-09,TSLA,put,OTM1,market,25.0,11:00,11:50,target,0.25
2026-03-09,TSLA,put,OTM1,market,25.0,12:00,16:00,forced,-0.85597
2026-03-10,TSLA,put,OTM1,market,25.0,11:00,14:10,target,0.25
2026-03-10,TSLA,put,OTM1,market,25.0,14:30,14:35,target,0.25
2026-03-11,TSLA,put,OTM1,market,25.0,12:00,12:05,target,0.25
2026-03-11,TSLA,put,OTM1,market,25.0,13:00,13:05,target,0.25
2026-03-11,TSLA,put,OTM1,market,25.0,14:00,14:05,target,0.25
2026-03-11,TSLA,put,OTM1,market,25.0,14:30,14:35,target,0.25
2026-03-12,TSLA,put,OTM1,market,25.0,11:00,11:05,target,0.25
2026-03-12,TSLA,put,OTM1,market,25.0,11:30,11:45,target,0.25
2026-03-12,TSLA,put,OTM1,market,25.0,12:00,12:05,target,0.25
2026-03-12,TSLA,put,OTM1,market,25.0,12:30,12:35,target,0.25
2026-03-13,TSLA,put,OTM1,market,25.0,11:00,11:05,target,0.25
2026-03-13,TSLA,put,OTM1,market,25.0,11:30,11:45,target,0.25
2026-03-13,TSLA,put,OTM1,market,25.0,12:00,16:00,forced,-0.76843
2026-02-16,TSLA,put,OTM1,market,30.0,12:00,13:05,target,0.3
2026-02-16,TSLA,put,OTM1,market,30.0,13:30,14:15,target,0.3
2026-02-16,TSLA,put,OTM1,market,30.0,14:30,16:00,forced,-0.03333
2026-02-17,TSLA,put,OTM1,market,30.0,12:00,13:20,target,0.3
2026-02-17,TSLA,put,OTM1,market,30.0,13:30,16:00,forced,-0.81319
2026-02-18,TSLA,put,OTM1,market,30.0,10:30,10:35,target,0.3
2026-02-18,TSLA,put,OTM1,market,30.0,14:00,14:05,target,0.3
2026-02-18,TSLA,put,OTM1,market,30.0,14:30,14:45,target,0.3
2026-02-18,TSLA,put,OTM1,market,30.0,15:30,16:00,forced,-0.03922
2026-02-19,TSLA,put,OTM1,market,30.0,12:00,12:10,target,0.3
2026-02-19,TSLA,put,OTM1,market,30.0,13:30,14:10,target,0.3
2026-02-19,TSLA,put,OTM1,market,30.0,14:30,14:40,target,0.3
2026-02-19,TSLA,put,OTM1,market,30.0,15:30,16:00,forced,-0.03922
2026-02-20,TSLA,put,OTM1,market,30.0,12:00,12:05,target,0.3
2026-02-23,TSLA,put,OTM1,market,30.0,12:00,16:00,forced,-0.91438
2026-02-24,TSLA,put,OTM1,market,30.0,12:00,12:05,target,0.3
2026-02-24,TSLA,put,OTM1,market,30.0,12:30,12:35,target,0.3
2026-02-24,TSLA,put,OTM1,market,30.0,13:00,13:20,target,0.3
2026-02-24,TSLA,put,OTM1,market,30.0,14:00,16:00,forced,-0.03922
2026-02-25,TSLA,put,OTM1,market,30.0,12:00,12:10,target,0.3
2026-02-25,TSLA,put,OTM1,market,30.0,12:30,12:35,target,0.3
2026-02-26,TSLA,put,OTM1,market,30.0,12:00,12:10,target,0.3
2026-02-26,TSLA,put,OTM1,market,30.0,13:30,16:00,forced,-0.87471
2026-02-27,TSLA,put,OTM1,market,30.0,12:00,12:45,target,0.3
2026-02-27,TSLA,put,OTM1,market,30.0,13:30,13:45,target,0.3
2026-02-27,TSLA,put,OTM1,market,30.0,14:00,14:25,target,0.3
2026-02-27,TSLA,put,OTM1,market,30.0,14:30,16:00,forced,-0.03922
2026-03-02,TSLA,put,OTM1,market,30.0,12:00,12:05,target,0.3
2026-03-02,TSLA,put,OTM1,market,30.0,13:00,13:05,target,0.3
2026-03-02,TSLA,put,OTM1,market,30.0,14:00,14:05,target,0.3
2026-03-02,TSLA,put,OTM1,market,30.0,14:30,16:00,forced,-0.18605
2026-03-03,TSLA,put,OTM1,market,30.0,11:00,13:55,target,0.3
2026-03-03,TSLA,put,OTM1,market,30.0,14:00,14:15,target,0.3
2026-03-03,TSLA,put,OTM1,market,30.0,14:30,14:35,target,0.3
2026-03-04,TSLA,put,OTM1,market,30.0,11:00,16:00,forced,-0.88201
2026-03-05,TSLA,put,OTM1,market,30.0,11:00,16:00,forced,-0.7598
2026-03-06,TSLA,put,OTM1,market,30.0,11:00,16:00,forced,-0.87516
2026-03-09,TSLA,put,OTM1,market,30.0,11:00,11:50,target,0.3
2026-03-09,TSLA,put,OTM1,market,30.0,12:00,16:00,forced,-0.85597
2026-03-10,TSLA,put,OTM1,market,30.0,11:00,14:10,target,0.3
2026-03-10,TSLA,put,OTM1,market,30.0,14:30,14:35,target,0.3
2026-03-11,TSLA,put,OTM1,market,30.0,12:00,12:05,target,0.3
2026-03-11,TSLA,put,OTM1,market,30.0,12:30,12:35,target,0.3
2026-03-11,TSLA,put,OTM1,market,30.0,13:00,13:05,target,0.3
2026-03-11,TSLA,put,OTM1,market,30.0,14:00,14:05,target,0.3
2026-03-11,TSLA,put,OTM1,market,30.0,14:30,14:35,target,0.3
2026-03-12,TSLA,put,OTM1,market,30.0,11:00,11:05,target,0.3
2026-03-12,TSLA,put,OTM1,market,30.0,12:00,12:05,target,0.3
2026-03-12,TSLA,put,OTM1,market,30.0,12:30,12:35,target,0.3
2026-03-13,TSLA,put,OTM1,market,30.0,11:00,11:05,target,0.3
2026-03-13,TSLA,put,OTM1,market,30.0,12:00,16:00,forced,-0.76843
2026-02-16,TSLA,put,OTM1,market,40.0,12:00,13:05,target,0.4
2026-02-16,TSLA,put,OTM1,market,40.0,13:30,14:15,target,0.4
2026-02-16,TSLA,put,OTM1,market,40.0,14:30,16:00,forced,-0.03333
2026-02-17,TSLA,put,OTM1,market,40.0,12:00,13:20,target,0.4
2026-02-17,TSLA,put,OTM1,market,40.0,13:30,16:00,forced,-0.81319
2026-02-18,TSLA,put,OTM1,market,40.0,10:30,10:35,target,0.4
2026-02-18,TSLA,put,OTM1,market,40.0,14:00,14:20,target,0.4
2026-02-18,TSLA,put,OTM1,market,40.0,14:30,14:45,target,0.4
2026-02-18,TSLA,put,OTM1,market,40.0,15:30,16:00,forced,-0.03922
2026-02-19,TSLA,put,OTM1,market,40.0,12:00,12:10,target,0.4
2026-02-19,TSLA,put,OTM1,market,40.0,13:30,14:10,target,0.4
2026-02-19,TSLA,put,OTM1,market,40.0,14:30,14:40,target,0.4
2026-02-19,TSLA,put,OTM1,market,40.0,15:30,16:00,forced,-0.03922
2026-02-20,TSLA,put,OTM1,market,40.0,12:00,12:05,target,0.4
2026-02-23,TSLA,put,OTM1,market,40.0,12:00,16:00,forced,-0.91438
2026-02-24,TSLA,put,OTM1,market,40.0,12:00,12:10,target,0.4
2026-02-24,TSLA,put,OTM1,market,40.0,12:30,12:35,target,0.4
2026-02-24,TSLA,put,OTM1,market,40.0,13:00,13:20,target,0.4
2026-02-24,TSLA,put,OTM1,market,40.0,14:00,16:00,forced,-0.03922
2026-02-25,TSLA,put,OTM1,market,40.0,12:00,12:10,target,0.4
2026-02-25,TSLA,put,OTM1,market,40.0,12:30,12:35,target,0.4
2026-02-26,TSLA,put,OTM1,market,40.0,12:00,12:10,target,0.4
2026-02-26,TSLA,put,OTM1,market,40.0,13:30,16:00,forced,-0.87471
2026-02-27,TSLA,put,OTM1,market,40.0,12:00,12:45,target,0.4
2026-02-27,TSLA,put,OTM1,market,40.0,13:30,13:45,target,0.4
2026-02-27,TSLA,put,OTM1,market,40.0,14:00,14:25,target,0.4
2026-02-27,TSLA,put,OTM1,market,40.0,14:30,16:00,forced,-0.03922
2026-03-02,TSLA,put,OTM1,market,40.0,11:30,12:20,target,0.4
2026-03-02,TSLA,put,OTM1,market,40.0,14:00,14:05,target,0.4
2026-03-02,TSLA,put,OTM1,market,40.0,14:30,16:00,forced,-0.18605
2026-03-03,TSLA,put,OTM1,market,40.0,11:00,13:55,target,0.4
2026-03-03,TSLA,put,OTM1,market,40.0,14:00,14:15,target,0.4
2026-03-03,TSLA,put,OTM1,market,40.0,14:30,14:35,target,0.4
2026-03-04,TSLA,put,OTM1,market,40.0,11:00,16:00,forced,-0.88201
2026-03-05,TSLA,put,OTM1,market,40.0,11:00,16:00,forced,-0.7598
2026-03-06,TSLA,put,OTM1,market,40.0,11:00,16:00,forced,-0.87516
2026-03-09,TSLA,put,OTM1,market,40.0,11:00,11:50,target,0.4
2026-03-09,TSLA,put,OTM1,market,40.0,12:00,16:00,forced,-0.85597
2026-03-10,TSLA,put,OTM1,market,40.0,11:00,14:35,target,0.4
2026-03-11,TSLA,put,OTM1,market,40.0,12:00,12:05,target,0.4
2026-03-11,TSLA,put,OTM1,market,40.0,12:30,12:35,target,0.4
2026-03-11,TSLA,put,OTM1,market,40.0,14:00,14:05,target,0.4
2026-03-11,TSLA,put,OTM1,market,40.0,14:30,14:35,target,0.4
2026-03-12,TSLA,put,OTM1,market,40.0,11:00,11:05,target,0.4
2026-03-12,TSLA,put,OTM1,market,40.0,11:30,11:50,target,0.4
2026-03-12,TSLA,put,OTM1,market,40.0,12:00,12:05,target,0.4
2026-03-12,TSLA,put,OTM1,market,40.0,12:30,12:35,target,0.4
2026-03-13,TSLA,put,OTM1,market,40.0,11:00,11:05,target,0.4
2026-03-13,TSLA,put,OTM1,market,40.0,11:30,11:50,target,0.4
2026-03-13,TSLA,put,OTM1,market,40.0,12:00,16:00,forced,-0.76843
2026-02-16,TSLA,put,OTM1,market,50.0,11:00,11:15,target,0.5
2026-02-16,TSLA,put,OTM1,market,50.0,12:00,13:05,target,0.5
2026-02-16,TSLA,put,OTM1,market,50.0,13:30,14:15,target,0.5
2026-02-16,TSLA,put,OTM1,market,50.0,14:30,16:00,forced,-0.03333
2026-02-17,TSLA,put,OTM1,market,50.0,11:00,11:35,target,0.5
2026-02-17,TSLA,put,OTM1,market,50.0,12:00,13:20,target,0.5
2026-02-17,TSLA,put,OTM1,market,50.0,13:30,16:00,forced,-0.81319
2026-02-18,TSLA,put,OTM1,market,50.0,14:00,14:20,target,0.5
2026-02-18,TSLA,put,OTM1,market,50.0,14:30,14:45,target,0.5
2026-02-18,TSLA,put,OTM1,market,50.0,15:30,16:00,forced,-0.03922
2026-02-19,TSLA,put,OTM1,market,50.0,11:00,15:25,target,0.5
2026-02-19,TSLA,put,OTM1,market,50.0,15:30,16:00,forced,-0.03922
2026-02-20,TSLA,put,OTM1,market,50.0,11:00,12:10,target,0.5
2026-02-23,TSLA,put,OTM1,market,50.0,11:00,16:00,forced,-0.79524
2026-02-24,TSLA,put,OTM1,market,50.0,11:00,11:05,target,0.5
2026-02-24,TSLA,put,OTM1,market,50.0,12:00,12:10,target,0.5
2026-02-24,TSLA,put,OTM1,market,50.0,12:30,12:35,target,0.5
2026-02-24,TSLA,put,OTM1,market,50.0,13:00,13:20,target,0.5
2026-02-24,TSLA,put,OTM1,market,50.0,14:00,16:00,forced,-0.03922
2026-02-25,TSLA,put,OTM1,market,50.0,11:00,12:05,target,0.5
2026-02-25,TSLA,put,OTM1,market,50.0,12:30,12:35,target,0.5
2026-02-26,TSLA,put,OTM1,market,50.0,11:00,11:05,target,0.5
2026-02-26,TSLA,put,OTM1,market,50.0,12:00,12:10,target,0.5
2026-02-26,TSLA,put,OTM1,market,50.0,13:30,16:00,forced,-0.87471
2026-02-27,TSLA,put,OTM1,market,50.0,11:00,11:10,target,0.5
2026-02-27,TSLA,put,OTM1,market,50.0,12:00,12:45,target,0.5
2026-02-27,TSLA,put,OTM1,market,50.0,13:30,13:45,target,0.5
2026-02-27,TSLA,put,OTM1,market,50.0,14:00,14:25,target,0.5
2026-02-27,TSLA,put,OTM1,market,50.0,14:30,16:00,forced,-0.03922
2026-03-02,TSLA,put,OTM1,market,50.0,11:30,12:20,target,0.5
2026-03-02,TSLA,put,OTM1,market,50.0,13:00,13:05,target,0.5
2026-03-02,TSLA,put,OTM1,market,50.0,14:00,16:00,forced,-0.03922
2026-03-03,TSLA,put,OTM1,market,50.0,11:00,13:55,target,0.5
2026-03-03,TSLA,put,OTM1,market,50.0,14:00,14:15,target,0.5
2026-03-03,TSLA,put,OTM1,market,50.0,14:30,14:35,target,0.5
2026-03-04,TSLA,put,OTM1,market,50.0,11:00,16:00,forced,-0.88201
2026-03-05,TSLA,put,OTM1,market,50.0,11:00,16:00,forced,-0.7598
2026-03-06,TSLA,put,OTM1,market,50.0,11:00,16:00,forced,-0.87516
2026-03-09,TSLA,put,OTM1,market,50.0,11:00,11:50,target,0.5
2026-03-09,TSLA,put,OTM1,market,50.0,12:00,16:00,forced,-0.85597
2026-03-10,TSLA,put,OTM1,market,50.0,11:00,14:35,target,0.5
2026-03-11,TSLA,put,OTM1,market,50.0,12:00,12:05,target,0.5
2026-03-11,TSLA,put,OTM1,market,50.0,12:30,12:35,target,0.5
2026-03-11,TSLA,put,OTM1,market,50.0,13:00,13:05,target,0.5
2026-03-11,TSLA,put,OTM1,market,50.0,14:00,14:05,target,0.5
2026-03-11,TSLA,put,OTM1,market,50.0,14:30,14:35,target,0.5
2026-03-12,TSLA,put,OTM1,market,50.0,11:00,11:05,target,0.5
2026-03-12,TSLA,put,OTM1,market,50.0,11:30,11:50,target,0.5
2026-03-12,TSLA,put,OTM1,market,50.0,12:00,12:05,target,0.5
2026-03-12,TSLA,put,OTM1,market,50.0,12:30,12:35,target,0.5
2026-03-13,TSLA,put,OTM1,market,50.0,11:00,11:05,target,0.5
2026-03-13,TSLA,put,OTM1,market,50.0,11:30,16:00,forced,-0.93691
2026-02-16,TSLA,put,OTM1,market,60.0,11:00,11:15,target,0.6
2026-02-16,TSLA,put,OTM1,market,60.0,12:00,16:00,target,0.6
2026-02-17,TSLA,put,OTM1,market,60.0,11:00,13:20,target,0.6
2026-02-17,TSLA,put,OTM1,market,60.0,13:30,16:00,forced,-0.81319
2026-02-18,TSLA,put,OTM1,market,60.0,14:00,14:20,target,0.6
2026-02-18,TSLA,put,OTM1,market,60.0,14:30,14:45,target,0.6
2026-02-18,TSLA,put,OTM1,market,60.0,15:30,16:00,forced,-0.03922
2026-02-19,TSLA,put,OTM1,market,60.0,11:00,15:25,target,0.6
2026-02-19,TSLA,put,OTM1,market,60.0,15:30,16:00,forced,-0.03922
2026-02-20,TSLA,put,OTM1,market,60.0,11:00,12:10,target,0.6
2026-02-23,TSLA,put,OTM1,market,60.0,11:00,16:00,forced,-0.79524
2026-02-24,TSLA,put,OTM1,market,60.0,11:00,11:05,target,0.6
2026-02-24,TSLA,put,OTM1,market,60.0,12:00,12:10,target,0.6
2026-02-24,TSLA,put,OTM1,market,60.0,12:30,12:35,target,0.6
2026-02-24,TSLA,put,OTM1,market,60.0,13:00,13:20,target,0.6
2026-02-24,TSLA,put,OTM1,market,60.0,14:00,16:00,forced,-0.03922
2026-02-25,TSLA,put,OTM1,market,60.0,11:00,12:05,target,0.6
2026-02-25,TSLA,put,OTM1,market,60.0,12:30,12:35,target,0.6
2026-02-26,TSLA,put,OTM1,market,60.0,11:00,12:25,target,0.6
2026-02-26,TSLA,put,OTM1,market,60.0,13:30,16:00,forced,-0.87471
2026-02-27,TSLA,put,OTM1,market,60.0,11:00,11:10,target,0.6
2026-02-27,TSLA,put,OTM1,market,60.0,12:00,12:45,target,0.6
2026-02-27,TSLA,put,OTM1,market,60.0,13:30,15:05,target,0.6
2026-02-27,TSLA,put,OTM1,market,60.0,15:30,16:00,forced,-0.03922
2026-03-02,TSLA,put,OTM1,market,60.0,11:30,12:20,target,0.6
2026-03-02,TSLA,put,OTM1,market,60.0,14:00,16:00,forced,-0.03922
2026-03-03,TSLA,put,OTM1,market,60.0,11:00,13:55,target,0.6
2026-03-03,TSLA,put,OTM1,market,60.0,14:00,14:15,target,0.6
2026-03-03,TSLA,put,OTM1,market,60.0,14:30,14:35,target,0.6
2026-03-04,TSLA,put,OTM1,market,60.0,11:00,16:00,forced,-0.88201
2026-03-05,TSLA,put,OTM1,market,60.0,11:00,16:00,forced,-0.7598
2026-03-06,TSLA,put,OTM1,market,60.0,11:00,16:00,forced,-0.87516
2026-03-09,TSLA,put,OTM1,market,60.0,11:00,11:50,target,0.6
2026-03-09,TSLA,put,OTM1,market,60.0,12:00,16:00,forced,-0.85597
2026-03-10,TSLA,put,OTM1,market,60.0,11:00,14:35,target,0.6
2026-03-11,TSLA,put,OTM1,market,60.0,12:00,12:05,target,0.6
2026-03-11,TSLA,put,OTM1,market,60.0,12:30,13:05,target,0.6
2026-03-11,TSLA,put,OTM1,market,60.0,14:00,14:05,target,0.6
2026-03-11,TSLA,put,OTM1,market,60.0,14:30,14:35,target,0.6
2026-03-12,TSLA,put,OTM1,market,60.0,11:00,11:05,target,0.6
2026-03-12,TSLA,put,OTM1,market,60.0,11:30,11:50,target,0.6
2026-03-12,TSLA,put,OTM1,market,60.0,12:00,12:05,target,0.6
2026-03-12,TSLA,put,OTM1,market,60.0,12:30,12:35,target,0.6
2026-03-13,TSLA,put,OTM1,market,60.0,11:00,11:05,target,0.6
2026-03-13,TSLA,put,OTM1,market,60.0,11:30,16:00,forced,-0.93691
2026-02-16,TSLA,put,OTM1,market,70.0,13:30,14:15,target,0.7
2026-02-16,TSLA,put,OTM1,market,70.0,14:30,16:00,forced,-0.03333
2026-02-17,TSLA,put,OTM1,market,70.0,13:30,16:00,forced,-0.81319
2026-02-18,TSLA,put,OTM1,market,70.0,14:00,14:20,target,0.7
2026-02-18,TSLA,put,OTM1,market,70.0,14:30,14:45,target,0.7
2026-02-18,TSLA,put,OTM1,market,70.0,15:30,16:00,forced,-0.03922
2026-02-19,TSLA,put,OTM1,market,70.0,13:30,14:10,target,0.7
2026-02-19,TSLA,put,OTM1,market,70.0,14:30,14:40,target,0.7
2026-02-19,TSLA,put,OTM1,market,70.0,15:30,16:00,forced,-0.03922
2026-02-20,TSLA,put,OTM1,market,70.0,12:00,12:05,target,0.7
2026-02-23,TSLA,put,OTM1,market,70.0,13:30,15:35,target,0.7
2026-02-24,TSLA,put,OTM1,market,70.0,12:00,12:10,target,0.7
2026-02-24,TSLA,put,OTM1,market,70.0,12:30,12:35,target,0.7
2026-02-24,TSLA,put,OTM1,market,70.0,13:00,13:20,target,0.7
2026-02-24,TSLA,put,OTM1,market,70.0,14:00,16:00,forced,-0.03922
2026-02-25,TSLA,put,OTM1,market,70.0,12:00,12:10,target,0.7
2026-02-25,TSLA,put,OTM1,market,70.0,12:30,12:35,target,0.7
2026-02-26,TSLA,put,OTM1,market,70.0,13:30,16:00,forced,-0.87471
2026-02-27,TSLA,put,OTM1,market,70.0,13:30,15:25,target,0.7
2026-02-27,TSLA,put,OTM1,market,70.0,15:30,16:00,forced,-0.03922
2026-03-02,TSLA,put,OTM1,market,70.0,12:00,12:05,target,0.7
2026-03-02,TSLA,put,OTM1,market,70.0,14:00,16:00,forced,-0.03922
2026-03-03,TSLA,put,OTM1,market,70.0,11:00,13:55,target,0.7
2026-03-03,TSLA,put,OTM1,market,70.0,14:00,14:15,target,0.7
2026-03-03,TSLA,put,OTM1,market,70.0,14:30,14:35,target,0.7
2026-03-04,TSLA,put,OTM1,market,70.0,11:00,16:00,forced,-0.88201
2026-03-05,TSLA,put,OTM1,market,70.0,11:00,16:00,forced,-0.7598
2026-03-06,TSLA,put,OTM1,market,70.0,11:00,16:00,forced,-0.87516
2026-03-09,TSLA,put,OTM1,market,70.0,11:00,11:50,target,0.7
2026-03-09,TSLA,put,OTM1,market,70.0,12:00,16:00,forced,-0.85597
2026-03-10,TSLA,put,OTM1,market,70.0,11:00,14:35,target,0.7
2026-03-11,TSLA,put,OTM1,market,70.0,12:00,12:05,target,0.7
2026-03-11,TSLA,put,OTM1,market,70.0,12:30,13:10,target,0.7
2026-03-11,TSLA,put,OTM1,market,70.0,14:00,14:05,target,0.7
2026-03-11,TSLA,put,OTM1,market,70.0,14:30,14:35,target,0.7
2026-03-12,TSLA,put,OTM1,market,70.0,11:00,11:05,target,0.7
2026-03-12,TSLA,put,OTM1,market,70.0,12:00,12:05,target,0.7
2026-03-12,TSLA,put,OTM1,market,70.0,12:30,12:35,target,0.7
2026-03-13,TSLA,put,OTM1,market,70.0,11:00,11:05,target,0.7
2026-03-13,TSLA,put,OTM1,market,70.0,12:00,16:00,forced,-0.76843
2026-02-16,TSLA,put,OTM1,market,75.0,12:00,16:00,target,0.75
2026-02-17,TSLA,put,OTM1,market,75.0,12:00,13:20,target,0.75
2026-02-17,TSLA,put,OTM1,market,75.0,13:30,16:00,forced,-0.81319
2026-02-18,TSLA,put,OTM1,market,75.0,14:00,14:20,target,0.75
2026-02-18,TSLA,put,OTM1,market,75.0,14:30,14:45,target,0.75
2026-02-18,TSLA,put,OTM1,market,75.0,15:30,16:00,forced,-0.03922
2026-02-19,TSLA,put,OTM1,market,75.0,12:00,12:20,target,0.75
2026-02-19,TSLA,put,OTM1,market,75.0,13:30,14:10,target,0.75
2026-02-19,TSLA,put,OTM1,market,75.0,14:30,14:40,target,0.75
2026-02-19,TSLA,put,OTM1,market,75.0,15:30,16:00,forced,-0.03922
2026-02-20,TSLA,put,OTM1,market,75.0,12:00,12:05,target,0.75
2026-02-23,TSLA,put,OTM1,market,75.0,12:00,16:00,forced,-0.91438
2026-02-24,TSLA,put,OTM1,market,75.0,12:00,12:10,target,0.75
2026-02-24,TSLA,put,OTM1,market,75.0,12:30,12:35,target,0.75
2026-02-24,TSLA,put,OTM1,market,75.0,13:00,13:20,target,0.75
2026-02-24,TSLA,put,OTM1,market,75.0,14:00,16:00,forced,-0.03922
2026-02-25,TSLA,put,OTM1,market,75.0,12:00,12:10,target,0.75
2026-02-25,TSLA,put,OTM1,market,75.0,12:30,12:35,target,0.75
2026-02-26,TSLA,put,OTM1,market,75.0,12:00,12:25,target,0.75
2026-02-26,TSLA,put,OTM1,market,75.0,13:30,16:00,forced,-0.87471
2026-02-27,TSLA,put,OTM1,market,75.0,12:00,12:45,target,0.75
2026-02-27,TSLA,put,OTM1,market,75.0,13:30,15:25,target,0.75
2026-02-27,TSLA,put,OTM1,market,75.0,15:30,16:00,forced,-0.03922
2026-03-02,TSLA,put,OTM1,market,75.0,12:00,12:05,target,0.75
2026-03-02,TSLA,put,OTM1,market,75.0,14:00,16:00,forced,-0.03922
2026-03-03,TSLA,put,OTM1,market,75.0,11:00,13:55,target,0.75
2026-03-03,TSLA,put,OTM1,market,75.0,14:00,14:15,target,0.75
2026-03-03,TSLA,put,OTM1,market,75.0,14:30,14:35,target,0.75
2026-03-04,TSLA,put,OTM1,market,75.0,11:00,16:00,forced,-0.88201
2026-03-05,TSLA,put,OTM1,market,75.0,11:00,16:00,forced,-0.7598
2026-03-06,TSLA,put,OTM1,market,75.0,11:00,16:00,forced,-0.87516
2026-03-09,TSLA,put,OTM1,market,75.0,11:00,11:50,target,0.75
2026-03-09,TSLA,put,OTM1,market,75.0,12:00,16:00,forced,-0.85597
2026-03-10,TSLA,put,OTM1,market,75.0,11:00,14:35,target,0.75
2026-03-11,TSLA,put,OTM1,market,75.0,12:00,12:05,target,0.75
2026-03-11,TSLA,put,OTM1,market,75.0,12:30,13:10,target,0.75
2026-03-11,TSLA,put,OTM1,market,75.0,14:00,14:05,target,0.75
2026-03-11,TSLA,put,OTM1,market,75.0,14:30,14:35,target,0.75
2026-03-12,TSLA,put,OTM1,market,75.0,11:00,11:10,target,0.75
2026-03-12,TSLA,put,OTM1,market,75.0,12:00,12:05,target,0.75
2026-03-12,TSLA,put,OTM1,market,75.0,12:30,12:45,target,0.75
2026-03-13,TSLA,put,OTM1,market,75.0,11:00,11:05,target,0.75
2026-03-13,TSLA,put,OTM1,market,75.0,12:00,16:00,forced,-0.76843
2026-02-16,TSLA,put,OTM1,market,80.0,12:00,16:00,target,0.8
2026-02-17,TSLA,put,OTM1,market,80.0,12:00,13:20,target,0.8
2026-02-17,TSLA,put,OTM1,market,80.0,13:30,16:00,forced,-0.81319
2026-02-18,TSLA,put,OTM1,market,80.0,14:00,14:20,target,0.8
2026-02-18,TSLA,put,OTM1,market,80.0,14:30,16:00,forced,-0.78125
2026-02-19,TSLA,put,OTM1,market,80.0,12:00,12:20,target,0.8
2026-02-19,TSLA,put,OTM1,market,80.0,13:30,14:10,target,0.8
2026-02-19,TSLA,put,OTM1,market,80.0,14:30,15:05,target,0.8
2026-02-19,TSLA,put,OTM1,market,80.0,15:30,16:00,forced,-0.03922
2026-02-20,TSLA,put,OTM1,market,80.0,12:00,12:05,target,0.8
2026-02-23,TSLA,put,OTM1,market,80.0,12:00,16:00,forced,-0.91438
2026-02-24,TSLA,put,OTM1,market,80.0,12:00,12:10,target,0.8
2026-02-24,TSLA,put,OTM1,market,80.0,12:30,12:35,target,0.8
2026-02-24,TSLA,put,OTM1,market,80.0,13:00,13:20,target,0.8
2026-02-24,TSLA,put,OTM1,market,80.0,14:00,16:00,forced,-0.03922
2026-02-25,TSLA,put,OTM1,market,80.0,12:00,12:10,target,0.8
2026-02-25,TSLA,put,OTM1,market,80.0,12:30,12:35,target,0.8
2026-02-26,TSLA,put,OTM1,market,80.0,12:00,12:25,target,0.8
2026-02-26,TSLA,put,OTM1,market,80.0,13:30,16:00,forced,-0.87471
2026-02-27,TSLA,put,OTM1,market,80.0,12:00,12:45,target,0.8
2026-02-27,TSLA,put,OTM1,market,80.0,13:30,15:25,target,0.8
2026-02-27,TSLA,put,OTM1,market,80.0,15:30,16:00,forced,-0.03922
2026-03-02,TSLA,put,OTM1,market,80.0,12:00,12:05,target,0.8
2026-03-02,TSLA,put,OTM1,market,80.0,14:00,16:00,forced,-0.03922
2026-03-03,TSLA,put,OTM1,market,80.0,11:00,13:55,target,0.8
2026-03-03,TSLA,put,OTM1,market,80.0,14:00,14:15,target,0.8
2026-03-03,TSLA,put,OTM1,market,80.0,14:30,14:35,target,0.8
2026-03-04,TSLA,put,OTM1,market,80.0,11:00,16:00,forced,-0.88201
2026-03-05,TSLA,put,OTM1,market,80.0,11:00,16:00,forced,-0.7598
2026-03-06,TSLA,put,OTM1,market,80.0,11:00,16:00,forced,-0.87516
2026-03-09,TSLA,put,OTM1,market,80.0,11:00,11:50,target,0.8
2026-03-09,TSLA,put,OTM1,market,80.0,12:00,16:00,forced,-0.85597
2026-03-10,TSLA,put,OTM1,market,80.0,11:00,14:35,target,0.8
2026-03-11,TSLA,put,OTM1,market,80.0,12:00,12:05,target,0.8
2026-03-11,TSLA,put,OTM1,market,80.0,12:30,13:10,target,0.8
2026-03-11,TSLA,put,OTM1,market,80.0,14:00,14:05,target,0.8
2026-03-11,TSLA,put,OTM1,market,80.0,14:30,14:35,target,0.8
2026-03-12,TSLA,put,OTM1,market,80.0,11:00,11:10,target,0.8
2026-03-12,TSLA,put,OTM1,market,80.0,12:00,12:05,target,0.8
2026-03-12,TSLA,put,OTM1,market,80.0,12:30,12:45,target,0.8
2026-03-13,TSLA,put,OTM1,market,80.0,11:00,11:10,target,0.8
2026-03-13,TSLA,put,OTM1,market,80.0,12:00,16:00,forced,-0.76843
2026-02-16,TSLA,put,OTM1,market,90.0,12:00,16:00,target,0.9
2026-02-17,TSLA,put,OTM1,market,90.0,12:00,13:20,target,0.9
2026-02-17,TSLA,put,OTM1,market,90.0,13:30,16:00,forced,-0.81319
2026-02-18,TSLA,put,OTM1,market,90.0,10:30,10:35,target,0.9
2026-02-18,TSLA,put,OTM1,market,90.0,14:00,14:20,target,0.9
2026-02-18,TSLA,put,OTM1,market,90.0,14:30,16:00,forced,-0.78125
2026-02-19,TSLA,put,OTM1,market,90.0,12:00,12:20,target,0.9
2026-02-19,TSLA,put,OTM1,market,90.0,12:30,14:40,target,0.9
2026-02-19,TSLA,put,OTM1,market,90.0,15:30,16:00,forced,-0.03922
2026-02-20,TSLA,put,OTM1,market,90.0,12:00,12:05,target,0.9
2026-02-23,TSLA,put,OTM1,market,90.0,12:00,16:00,forced,-0.91438
2026-02-24,TSLA,put,OTM1,market,90.0,12:00,12:20,target,0.9
2026-02-24,TSLA,put,OTM1,market,90.0,12:30,12:35,target,0.9
2026-02-24,TSLA,put,OTM1,market,90.0,13:00,13:20,target,0.9
2026-02-24,TSLA,put,OTM1,market,90.0,14:00,16:00,forced,-0.03922
2026-02-25,TSLA,put,OTM1,market,90.0,12:00,12:15,target,0.9
2026-02-25,TSLA,put,OTM1,market,90.0,12:30,12:35,target,0.9
2026-02-26,TSLA,put,OTM1,market,90.0,12:00,12:25,target,0.9
2026-02-26,TSLA,put,OTM1,market,90.0,12:30,16:00,forced,-0.74197
2026-02-27,TSLA,put,OTM1,market,90.0,12:00,12:45,target,0.9
2026-02-27,TSLA,put,OTM1,market,90.0,13:30,15:25,target,0.9
2026-02-27,TSLA,put,OTM1,market,90.0,15:30,16:00,forced,-0.03922
2026-03-02,TSLA,put,OTM1,market,90.0,12:00,12:05,target,0.9
2026-03-02,TSLA,put,OTM1,market,90.0,13:00,16:00,forced,-0.77928
2026-03-03,TSLA,put,OTM1,market,90.0,11:00,13:55,target,0.9
2026-03-03,TSLA,put,OTM1,market,90.0,14:00,14:20,target,0.9
2026-03-03,TSLA,put,OTM1,market,90.0,14:30,14:35,target,0.9
2026-03-04,TSLA,put,OTM1,market,90.0,11:00,16:00,forced,-0.88201
2026-03-05,TSLA,put,OTM1,market,90.0,11:00,16:00,forced,-0.7598
2026-03-06,TSLA,put,OTM1,market,90.0,11:00,16:00,forced,-0.87516
2026-03-09,TSLA,put,OTM1,market,90.0,11:00,11:50,target,0.9
2026-03-09,TSLA,put,OTM1,market,90.0,12:00,16:00,forced,-0.85597
2026-03-10,TSLA,put,OTM1,market,90.0,11:00,14:35,target,0.9
2026-03-11,TSLA,put,OTM1,market,90.0,12:00,12:05,target,0.9
2026-03-11,TSLA,put,OTM1,market,90.0,12:30,13:10,target,0.9
2026-03-11,TSLA,put,OTM1,market,90.0,14:00,14:05,target,0.9
2026-03-11,TSLA,put,OTM1,market,90.0,14:30,14:35,target,0.9
2026-03-12,TSLA,put,OTM1,market,90.0,11:00,11:10,target,0.9
2026-03-12,TSLA,put,OTM1,market,90.0,12:00,12:05,target,0.9
2026-03-12,TSLA,put,OTM1,market,90.0,12:30,12:45,target,0.9
2026-03-13,TSLA,put,OTM1,market,90.0,11:00,11:20,target,0.9
2026-03-13,TSLA,put,OTM1,market,90.0,12:00,16:00,forced,-0.76843
2026-02-16,TSLA,put,OTM1,market,100.0,11:30,13:05,target,1.0
2026-02-16,TSLA,put,OTM1,market,100.0,13:30,14:15,target,1.0
2026-02-16,TSLA,put,OTM1,market,100.0,14:30,16:00,forced,-0.03333
2026-02-17,TSLA,put,OTM1,market,100.0,11:30,11:35,target,1.0
2026-02-17,TSLA,put,OTM1,market,100.0,12:00,13:20,target,1.0
2026-02-17,TSLA,put,OTM1,market,100.0,13:30,16:00,forced,-0.81319
2026-02-18,TSLA,put,OTM1,market,100.0,10:30,10:35,target,1.0
2026-02-18,TSLA,put,OTM1,market,100.0,14:00,14:20,target,1.0
2026-02-18,TSLA,put,OTM1,market,100.0,14:30,16:00,forced,-0.78125
2026-02-19,TSLA,put,OTM1,market,100.0,11:30,12:10,target,1.0
2026-02-19,TSLA,put,OTM1,market,100.0,12:30,14:40,target,1.0
2026-02-19,TSLA,put,OTM1,market,100.0,15:30,16:00,forced,-0.03922
2026-02-20,TSLA,put,OTM1,market,100.0,11:30,12:05,target,1.0
2026-02-23,TSLA,put,OTM1,market,100.0,11:30,16:00,forced,-0.77585
2026-02-24,TSLA,put,OTM1,market,100.0,11:30,12:30,target,1.0
2026-02-24,TSLA,put,OTM1,market,100.0,12:30,12:35,target,1.0
2026-02-24,TSLA,put,OTM1,market,100.0,13:00,13:20,target,1.0
2026-02-24,TSLA,put,OTM1,market,100.0,14:00,16:00,forced,-0.03922
2026-02-25,TSLA,put,OTM1,market,100.0,11:30,12:10,target,1.0
2026-02-25,TSLA,put,OTM1,market,100.0,12:30,12:35,target,1.0
2026-02-26,TSLA,put,OTM1,market,100.0,11:30,12:25,target,1.0
2026-02-26,TSLA,put,OTM1,market,100.0,12:30,16:00,forced,-0.74197
2026-02-27,TSLA,put,OTM1,market,100.0,11:30,13:35,target,1.0
2026-02-27,TSLA,put,OTM1,market,100.0,14:00,14:25,target,1.0
2026-02-27,TSLA,put,OTM1,market,100.0,14:30,16:00,forced,-0.03922
2026-03-02,TSLA,put,OTM1,market,100.0,11:30,12:20,target,1.0
2026-03-02,TSLA,put,OTM1,market,100.0,14:00,16:00,forced,-0.03922
2026-03-03,TSLA,put,OTM1,market,100.0,11:00,13:55,target,1.0
2026-03-03,TSLA,put,OTM1,market,100.0,14:00,14:20,target,1.0
2026-03-03,TSLA,put,OTM1,market,100.0,14:30,14:35,target,1.0
2026-03-04,TSLA,put,OTM1,market,100.0,11:00,16:00,forced,-0.88201
2026-03-05,TSLA,put,OTM1,market,100.0,11:00,16:00,forced,-0.7598
2026-03-06,TSLA,put,OTM1,market,100.0,11:00,16:00,forced,-0.87516
2026-03-09,TSLA,put,OTM1,market,100.0,11:00,11:50,target,1.0
2026-03-09,TSLA,put,OTM1,market,100.0,12:00,16:00,forced,-0.85597
2026-03-10,TSLA,put,OTM1,market,100.0,11:00,14:35,target,1.0
2026-03-11,TSLA,put,OTM1,market,100.0,12:00,13:15,target,1.0
2026-03-11,TSLA,put,OTM1,market,100.0,14:00,14:05,target,1.0
2026-03-11,TSLA,put,OTM1,market,100.0,14:30,14:35,target,1.0
2026-03-12,TSLA,put,OTM1,market,100.0,11:00,11:30,target,1.0
2026-03-12,TSLA,put,OTM1,market,100.0,11:30,11:55,target,1.0
2026-03-12,TSLA,put,OTM1,market,100.0,12:00,12:05,target,1.0
2026-03-12,TSLA,put,OTM1,market,100.0,12:30,12:45,target,1.0
2026-03-13,TSLA,put,OTM1,market,100.0,11:00,11:20,target,1.0
2026-03-13,TSLA,put,OTM1,market,100.0,11:30,16:00,forced,-0.93691
2026-02-16,TSLA,put,ATM,mid,20.0,11:00,11:05,target,0.2
2026-02-16,TSLA,put,ATM,mid,20.0,11:30,11:55,target,0.2
2026-02-16,TSLA,put,ATM,mid,20.0,12:00,13:00,target,0.2
2026-02-16,TSLA,put,ATM,mid,20.0,13:00,14:15,target,0.2
2026-02-16,TSLA,put,ATM,mid,20.0,14:30,15:55,target,0.2
2026-02-17,TSLA,put,ATM,mid,20.0,11:00,11:10,target,0.2
2026-02-17,TSLA,put,ATM,mid,20.0,11:30,11:35,target,0.2
2026-02-17,TSLA,put,ATM,mid,20.0,12:00,13:10,target,0.2
2026-02-17,TSLA,put,ATM,mid,20.0,14:30,14:35,target,0.2
2026-02-17,TSLA,put,ATM,mid,20.0,15:00,15:05,target,0.2
2026-02-18,TSLA,put,ATM,mid,20.0,10:30,10:35,target,0.2
2026-02-18,TSLA,put,ATM,mid,20.0,14:00,14:05,target,0.2
2026-02-18,TSLA,put,ATM,mid,20.0,14:30,14:45,target,0.2
2026-02-18,TSLA,put,ATM,mid,20.0,15:00,16:00,forced,-0.93814
2026-02-19,TSLA,put,ATM,mid,20.0,11:00,11:05,target,0.2
2026-02-19,TSLA,put,ATM,mid,20.0,14:30,14:35,target,0.2
2026-02-19,TSLA,put,ATM,mid,20.0,15:00,15:05,target,0.2
2026-02-19,TSLA,put,ATM,mid,20.0,15:30,15:55,target,0.2
2026-02-20,TSLA,put,ATM,mid,20.0,11:00,12:10,target,0.2
2026-02-20,TSLA,put,ATM,mid,20.0,14:30,15:00,target,0.2
2026-02-20,TSLA,put,ATM,mid,20.0,15:00,15:05,target,0.2
2026-02-20,TSLA,put,ATM,mid,20.0,15:30,15:35,target,0.2
2026-02-23,TSLA,put,ATM,mid,20.0,11:00,11:25,target,0.2
2026-02-23,TSLA,put,ATM,mid,20.0,11:30,11:35,target,0.2
2026-02-23,TSLA,put,ATM,mid,20.0,12:00,16:00,forced,-0.23663
2026-02-24,TSLA,put,ATM,mid,20.0,11:00,11:05,target,0.2
2026-02-24,TSLA,put,ATM,mid,20.0,11:30,12:20,target,0.2
2026-02-24,TSLA,put,ATM,mid,20.0,13:00,13:20,target,0.2
2026-02-24,TSLA,put,ATM,mid,20.0,14:00,14:20,target,0.2
2026-02-24,TSLA,put,ATM,mid,20.0,14:30,14:35,target,0.2
2026-02-24,TSLA,put,ATM,mid,20.0,15:00,15:15,target,0.2
2026-02-24,TSLA,put,ATM,mid,20.0,15:30,15:35,target,0.2
2026-02-25,TSLA,put,ATM,mid,20.0,11:00,11:45,target,0.2
2026-02-25,TSLA,put,ATM,mid,20.0,12:00,12:10,target,0.2
2026-02-25,TSLA,put,ATM,mid,20.0,13:00,13:05,target,0.2
2026-02-25,TSLA,put,ATM,mid,20.0,14:00,14:05,target,0.2
2026-02-26,TSLA,put,ATM,mid,20.0,11:00,11:05,target,0.2
2026-02-26,TSLA,put,ATM,mid,20.0,11:30,11:40,target,0.2
2026-02-26,TSLA,put,ATM,mid,20.0,12:00,12:10,target,0.2
2026-02-26,TSLA,put,ATM,mid,20.0,13:00,16:00,forced,-0.94202
2026-02-27,TSLA,put,ATM,mid,20.0,11:30,13:30,target,0.2
2026-02-27,TSLA,put,ATM,mid,20.0,14:00,14:25,target,0.2
2026-02-27,TSLA,put,ATM,mid,20.0,14:30,15:05,target,0.2
2026-02-27,TSLA,put,ATM,mid,20.0,15:30,15:35,target,0.2
2026-03-02,TSLA,put,ATM,mid,20.0,11:00,12:35,target,0.2
2026-03-02,TSLA,put,ATM,mid,20.0,14:00,14:05,target,0.2
2026-03-02,TSLA,put,ATM,mid,20.0,14:30,16:00,forced,-0.94273
2026-03-03,TSLA,put,ATM,mid,20.0,11:00,13:50,target,0.2
2026-03-03,TSLA,put,ATM,mid,20.0,14:00,14:15,target,0.2
2026-03-03,TSLA,put,ATM,mid,20.0,14:30,14:35,target,0.2
2026-03-04,TSLA,put,ATM,mid,20.0,11:00,16:00,forced,-0.96672
2026-03-05,TSLA,put,ATM,mid,20.0,11:00,16:00,forced,-0.94249
2026-03-06,TSLA,put,ATM,mid,20.0,11:00,16:00,forced,-0.96268
2026-03-09,TSLA,put,ATM,mid,20.0,11:00,11:45,target,0.2
2026-03-09,TSLA,put,ATM,mid,20.0,12:00,16:00,forced,-0.96123
2026-03-10,TSLA,put,ATM,mid,20.0,11:00,14:10,target,0.2
2026-03-10,TSLA,put,ATM,mid,20.0,14:30,14:35,target,0.2
2026-03-10,TSLA,put,ATM,mid,20.0,15:30,15:35,target,0.2
2026-03-11,TSLA,put,ATM,mid,20.0,11:00,13:20,target,0.2
2026-03-11,TSLA,put,ATM,mid,20.0,14:00,14:05,target,0.2
2026-03-11,TSLA,put,ATM,mid,20.0,14:30,14:35,target,0.2
2026-03-11,TSLA,put,ATM,mid,20.0,15:30,16:00,forced,-0.85264
2026-03-12,TSLA,put,ATM,mid,20.0,11:00,11:05,target,0.2
2026-03-12,TSLA,put,ATM,mid,20.0,12:00,12:05,target,0.2
2026-03-12,TSLA,put,ATM,mid,20.0,13:00,13:15,target,0.2
2026-03-13,TSLA,put,ATM,mid,20.0,11:00,11:05,target,0.2
2026-03-13,TSLA,put,ATM,mid,20.0,12:00,16:00,forced,-0.94748
2026-02-16,TSLA,put,ATM,mid,25.0,11:00,11:05,target,0.25
2026-02-16,TSLA,put,ATM,mid,25.0,12:00,13:00,target,0.25
2026-02-16,TSLA,put,ATM,mid,25.0,13:00,14:15,target,0.25
2026-02-16,TSLA,put,ATM,mid,25.0,14:30,15:55,target,0.25
2026-02-17,TSLA,put,ATM,mid,25.0,11:00,11:10,target,0.25
2026-02-17,TSLA,put,ATM,mid,25.0,12:00,13:10,target,0.25
2026-02-17,TSLA,put,ATM,mid,25.0,14:30,14:35,target,0.25
2026-02-17,TSLA,put,ATM,mid,25.0,15:00,15:05,target,0.25
2026-02-18,TSLA,put,ATM,mid,25.0,10:30,10:35,target,0.25
2026-02-18,TSLA,put,ATM,mid,25.0,14:00,14:05,target,0.25
2026-02-18,TSLA,put,ATM,mid,25.0,14:30,14:45,target,0.25
2026-02-18,TSLA,put,ATM,mid,25.0,15:00,16:00,forced,-0.93814
2026-02-19,TSLA,put,ATM,mid,25.0,11:00,15:05,target,0.25
2026-02-19,TSLA,put,ATM,mid,25.0,15:30,15:55,target,0.25
2026-02-20,TSLA,put,ATM,mid,25.0,11:00,12:10,target,0.25
2026-02-20,TSLA,put,ATM,mid,25.0,14:30,15:00,target,0.25
2026-02-20,TSLA,put,ATM,mid,25.0,15:00,15:05,target,0.25
2026-02-20,TSLA,put,ATM,mid,25.0,15:30,15:35,target,0.25
2026-02-23,TSLA,put,ATM,mid,25.0,11:00,11:25,target,0.25
2026-02-23,TSLA,put,ATM,mid,25.0,12:00,16:00,forced,-0.23663
2026-02-24,TSLA,put,ATM,mid,25.0,11:00,11:05,target,0.25
2026-02-24,TSLA,put,ATM,mid,25.0,12:00,12:10,target,0.25
2026-02-24,TSLA,put,ATM,mid,25.0,13:00,13:20,target,0.25
2026-02-24,TSLA,put,ATM,mid,25.0,14:00,14:25,target,0.25
2026-02-24,TSLA,put,ATM,mid,25.0,14:30,14:35,target,0.25
2026-02-24,TSLA,put,ATM,mid,25.0,15:00,15:15,target,0.25
2026-02-24,TSLA,put,ATM,mid,25.0,15:30,15:35,target,0.25
2026-02-25,TSLA,put,ATM,mid,25.0,11:00,11:45,target,0.25
2026-02-25,TSLA,put,ATM,mid,25.0,12:00,12:10,target,0.25
2026-02-25,TSLA,put,ATM,mid,25.0,13:00,13:05,target,0.25
2026-02-25,TSLA,put,ATM,mid,25.0,14:00,14:05,target,0.25
2026-02-26,TSLA,put,ATM,mid,25.0,11:00,11:05,target,0.25
2026-02-26,TSLA,put,ATM,mid,25.0,12:00,12:10,target,0.25
2026-02-26,TSLA,put,ATM,mid,25.0,13:00,16:00,forced,-0.94202
2026-02-27,TSLA,put,ATM,mid,25.0,10:30,10:40,target,0.25
2026-02-27,TSLA,put,ATM,mid,25.0,11:30,13:30,target,0.25
2026-02-27,TSLA,put,ATM,mid,25.0,14:00,14:25,target,0.25
2026-02-27,TSLA,put,ATM,mid,25.0,14:30,15:05,target,0.25
2026-02-27,TSLA,put,ATM,mid,25.0,15:30,15:35,target,0.25
2026-03-02,TSLA,put,ATM,mid,25.0,11:00,12:35,target,0.25
2026-03-02,TSLA,put,ATM,mid,25.0,14:00,14:05,target,0.25
2026-03-02,TSLA,put,ATM,mid,25.0,14:30,16:00,forced,-0.94273
2026-03-03,TSLA,put,ATM,mid,25.0,11:00,13:50,target,0.25
2026-03-03,TSLA,put,ATM,mid,25.0,14:00,14:15,target,0.25
2026-03-03,TSLA,put,ATM,mid,25.0,14:30,14:35,target,0.25
2026-03-04,TSLA,put,ATM,mid,25.0,11:00,16:00,forced,-0.96672
2026-03-05,TSLA,put,ATM,mid,25.0,11:00,16:00,forced,-0.94249
2026-03-06,TSLA,put,ATM,mid,25.0,11:00,16:00,forced,-0.96268
2026-03-09,TSLA,put,ATM,mid,25.0,11:00,11:50,target,0.25
2026-03-09,TSLA,put,ATM,mid,25.0,12:00,16:00,forced,-0.96123
2026-03-10,TSLA,put,ATM,mid,25.0,11:00,14:10,target,0.25
2026-03-10,TSLA,put,ATM,mid,25.0,14:30,14:35,target,0.25
2026-03-10,TSLA,put,ATM,mid,25.0,15:30,15:35,target,0.25
2026-03-11,TSLA,put,ATM,mid,25.0,11:00,13:20,target,0.25
2026-03-11,TSLA,put,ATM,mid,25.0,14:00,14:05,target,0.25
2026-03-11,TSLA,put,ATM,mid,25.0,14:30,14:35,target,0.25
2026-03-11,TSLA,put,ATM,mid,25.0,15:30,16:00,forced,-0.85264
2026-03-12,TSLA,put,ATM,mid,25.0,11:00,11:05,target,0.25
2026-03-12,TSLA,put,ATM,mid,25.0,12:00,12:05,target,0.25
2026-03-12,TSLA,put,ATM,mid,25.0,13:00,13:15,target,0.25
2026-03-13,TSLA,put,ATM,mid,25.0,11:00,11:05,target,0.25
2026-03-13,TSLA,put,ATM,mid,25.0,12:00,16:00,forced,-0.94748
2026-02-16,TSLA,put,ATM,mid,30.0,11:00,11:05,target,0.3
2026-02-16,TSLA,put,ATM,mid,30.0,12:00,13:05,target,0.3
2026-02-16,TSLA,put,ATM,mid,30.0,14:00,14:05,target,0.3
2026-02-16,TSLA,put,ATM,mid,30.0,14:30,15:55,target,0.3
2026-02-17,TSLA,put,ATM,mid,30.0,11:00,11:10,target,0.3
2026-02-17,TSLA,put,ATM,mid,30.0,12:00,13:20,target,0.3
2026-02-17,TSLA,put,ATM,mid,30.0,13:30,16:00,forced,-0.94969
2026-02-18,TSLA,put,ATM,mid,30.0,10:30,10:35,target,0.3
2026-02-18,TSLA,put,ATM,mid,30.0,14:00,14:20,target,0.3
2026-02-18,TSLA,put,ATM,mid,30.0,14:30,14:45,target,0.3
2026-02-18,TSLA,put,ATM,mid,30.0,15:00,16:00,forced,-0.93814
2026-02-19,TSLA,put,ATM,mid,30.0,11:00,15:10,target,0.3
2026-02-19,TSLA,put,ATM,mid,30.0,15:30,16:00,forced,-0.15225
2026-02-20,TSLA,put,ATM,mid,30.0,11:00,12:10,target,0.3
2026-02-20,TSLA,put,ATM,mid,30.0,14:30,15:00,target,0.3
2026-02-20,TSLA,put,ATM,mid,30.0,15:00,15:05,target,0.3
2026-02-20,TSLA,put,ATM,mid,30.0,15:30,15:35,target,0.3
2026-02-23,TSLA,put,ATM,mid,30.0,11:00,11:25,target,0.3
2026-02-23,TSLA,put,ATM,mid,30.0,12:00,16:00,forced,-0.23663
2026-02-24,TSLA,put,ATM,mid,30.0,11:00,11:05,target,0.3
2026-02-24,TSLA,put,ATM,mid,30.0,12:00,12:10,target,0.3
2026-02-24,TSLA,put,ATM,mid,30.0,13:00,13:20,target,0.3
2026-02-24,TSLA,put,ATM,mid,30.0,14:00,14:25,target,0.3
2026-02-24,TSLA,put,ATM,mid,30.0,14:30,16:00,forced,-0.79193
2026-02-25,TSLA,put,ATM,mid,30.0,11:00,12:00,target,0.3
2026-02-25,TSLA,put,ATM,mid,30.0,12:00,12:10,target,0.3
2026-02-25,TSLA,put,ATM,mid,30.0,13:00,13:05,target,0.3
2026-02-25,TSLA,put,ATM,mid,30.0,14:00,14:05,target,0.3
2026-02-26,TSLA,put,ATM,mid,30.0,11:00,11:05,target,0.3
2026-02-26,TSLA,put,ATM,mid,30.0,12:00,12:10,target,0.3
2026-02-26,TSLA,put,ATM,mid,30.0,13:00,16:00,forced,-0.94202
2026-02-27,TSLA,put,ATM,mid,30.0,11:30,13:30,target,0.3
2026-02-27,TSLA,put,ATM,mid,30.0,14:00,14:25,target,0.3
2026-02-27,TSLA,put,ATM,mid,30.0,14:30,15:05,target,0.3
2026-02-27,TSLA,put,ATM,mid,30.0,15:30,15:35,target,0.3
2026-03-02,TSLA,put,ATM,mid,30.0,11:00,12:35,target,0.3
2026-03-02,TSLA,put,ATM,mid,30.0,14:00,14:05,target,0.3
2026-03-02,TSLA,put,ATM,mid,30.0,14:30,16:00,forced,-0.94273
2026-03-03,TSLA,put,ATM,mid,30.0,11:00,13:50,target,0.3
2026-03-03,TSLA,put,ATM,mid,30.0,14:00,14:15,target,0.3
2026-03-03,TSLA,put,ATM,mid,30.0,14:30,14:35,target,0.3
2026-03-04,TSLA,put,ATM,mid,30.0,11:00,16:00,forced,-0.96672
2026-03-05,TSLA,put,ATM,mid,30.0,11:00,16:00,forced,-0.94249
2026-03-06,TSLA,put,ATM,mid,30.0,11:00,16:00,forced,-0.96268
2026-03-09,TSLA,put,ATM,mid,30.0,11:00,11:50,target,0.3
2026-03-09,TSLA,put,ATM,mid,30.0,12:00,16:00,forced,-0.96123
2026-03-10,TSLA,put,ATM,mid,30.0,11:00,14:10,target,0.3
2026-03-10,TSLA,put,ATM,mid,30.0,14:30,14:35,target,0.3
2026-03-10,TSLA,put,ATM,mid,30.0,15:00,15:15,target,0.3
2026-03-10,TSLA,put,ATM,mid,30.0,15:30,15:35,target,0.3
2026-03-11,TSLA,put,ATM,mid,30.0,11:00,13:20,target,0.3
2026-03-11,TSLA,put,ATM,mid,30.0,14:00,14:05,target,0.3
2026-03-11,TSLA,put,ATM,mid,30.0,14:30,14:35,target,0.3
2026-03-11,TSLA,put,ATM,mid,30.0,15:00,15:05,target,0.3
2026-03-11,TSLA,put,ATM,mid,30.0,15:30,16:00,forced,-0.85264
2026-03-12,TSLA,put,ATM,mid,30.0,11:00,11:05,target,0.3
2026-03-12,TSLA,put,ATM,mid,30.0,12:00,12:05,target,0.3
2026-03-12,TSLA,put,ATM,mid,30.0,12:30,12:35,target,0.3
2026-03-12,TSLA,put,ATM,mid,30.0,13:00,13:20,target,0.3
2026-03-13,TSLA,put,ATM,mid,30.0,11:00,11:05,target,0.3
2026-03-13,TSLA,put,ATM,mid,30.0,12:00,16:00,forced,-0.94748
2026-02-16,TSLA,put,ATM,mid,40.0,11:00,11:15,target,0.4
2026-02-16,TSLA,put,ATM,mid,40.0,11:30,11:55,target,0.4
2026-02-16,TSLA,put,ATM,mid,40.0,12:00,13:05,target,0.4
2026-02-16,TSLA,put,ATM,mid,40.0,14:00,14:05,target,0.4
2026-02-16,TSLA,put,ATM,mid,40.0,14:30,15:55,target,0.4
2026-02-17,TSLA,put,ATM,mid,40.0,11:00,11:35,target,0.4
2026-02-17,TSLA,put,ATM,mid,40.0,12:00,13:20,target,0.4
2026-02-17,TSLA,put,ATM,mid,40.0,13:30,16:00,forced,-0.94969
2026-02-18,TSLA,put,ATM,mid,40.0,10:30,10:35,target,0.4
2026-02-18,TSLA,put,ATM,mid,40.0,14:00,14:20,target,0.4
2026-02-18,TSLA,put,ATM,mid,40.0,14:30,14:45,target,0.4
2026-02-18,TSLA,put,ATM,mid,40.0,15:00,16:00,forced,-0.93814
2026-02-19,TSLA,put,ATM,mid,40.0,11:00,15:10,target,0.4
2026-02-19,TSLA,put,ATM,mid,40.0,15:30,16:00,forced,-0.15225
2026-02-20,TSLA,put,ATM,mid,40.0,11:00,12:10,target,0.4
2026-02-20,TSLA,put,ATM,mid,40.0,14:30,15:05,target,0.4
2026-02-20,TSLA,put,ATM,mid,40.0,15:30,15:35,target,0.4
2026-02-23,TSLA,put,ATM,mid,40.0,11:00,16:00,forced,-0.95283
2026-02-24,TSLA,put,ATM,mid,40.0,11:00,11:05,target,0.4
2026-02-24,TSLA,put,ATM,mid,40.0,11:30,12:20,target,0.4
2026-02-24,TSLA,put,ATM,mid,40.0,14:00,16:00,forced,-0.86305
2026-02-25,TSLA,put,ATM,mid,40.0,11:00,12:05,target,0.4
2026-02-25,TSLA,put,ATM,mid,40.0,14:00,14:05,target,0.4
2026-02-26,TSLA,put,ATM,mid,40.0,11:00,11:05,target,0.4
2026-02-26,TSLA,put,ATM,mid,40.0,11:30,12:25,target,0.4
2026-02-26,TSLA,put,ATM,mid,40.0,13:30,16:00,forced,-0.96023
2026-02-27,TSLA,put,ATM,mid,40.0,11:30,13:30,target,0.4
2026-02-27,TSLA,put,ATM,mid,40.0,14:00,14:25,target,0.4
2026-02-27,TSLA,put,ATM,mid,40.0,14:30,15:05,target,0.4
2026-02-27,TSLA,put,ATM,mid,40.0,15:30,15:35,target,0.4
2026-03-02,TSLA,put,ATM,mid,40.0,11:00,12:35,target,0.4
2026-03-02,TSLA,put,ATM,mid,40.0,14:00,14:05,target,0.4
2026-03-02,TSLA,put,ATM,mid,40.0,14:30,16:00,forced,-0.94273
2026-03-03,TSLA,put,ATM,mid,40.0,11:00,13:50,target,0.4
2026-03-03,TSLA,put,ATM,mid,40.0,14:00,14:15,target,0.4
2026-03-03,TSLA,put,ATM,mid,40.0,14:30,14:35,target,0.4
2026-03-04,TSLA,put,ATM,mid,40.0,11:00,16:00,forced,-0.96672
2026-03-05,TSLA,put,ATM,mid,40.0,11:00,16:00,forced,-0.94249
2026-03-06,TSLA,put,ATM,mid,40.0,11:00,16:00,forced,-0.96268
2026-03-09,TSLA,put,ATM,mid,40.0,11:00,11:50,target,0.4
2026-03-09,TSLA,put,ATM,mid,40.0,12:00,16:00,forced,-0.96123
2026-03-10,TSLA,put,ATM,mid,40.0,11:00,14:10,target,0.4
2026-03-10,TSLA,put,ATM,mid,40.0,14:30,14:35,target,0.4
2026-03-10,TSLA,put,ATM,mid,40.0,15:30,15:35,target,0.4
2026-03-11,TSLA,put,ATM,mid,40.0,11:00,13:25,target,0.4
2026-03-11,TSLA,put,ATM,mid,40.0,14:00,14:05,target,0.4
2026-03-11,TSLA,put,ATM,mid,40.0,14:30,14:35,target,0.4
2026-03-11,TSLA,put,ATM,mid,40.0,15:30,16:00,forced,-0.85264
2026-03-12,TSLA,put,ATM,mid,40.0,11:00,11:05,target,0.4
2026-03-12,TSLA,put,ATM,mid,40.0,12:00,12:05,target,0.4
2026-03-12,TSLA,put,ATM,mid,40.0,12:30,12:35,target,0.4
2026-03-12,TSLA,put,ATM,mid,40.0,13:00,13:20,target,0.4
2026-03-13,TSLA,put,ATM,mid,40.0,11:00,11:05,target,0.4
2026-03-13,TSLA,put,ATM,mid,40.0,12:00,16:00,forced,-0.94748
2026-02-16,TSLA,put,ATM,mid,50.0,11:00,11:15,target,0.5
2026-02-16,TSLA,put,ATM,mid,50.0,11:30,11:55,target,0.5
2026-02-16,TSLA,put,ATM,mid,50.0,12:00,13:05,target,0.5
2026-02-16,TSLA,put,ATM,mid,50.0,14:00,14:05,target,0.5
2026-02-16,TSLA,put,ATM,mid,50.0,14:30,16:00,target,0.5
2026-02-17,TSLA,put,ATM,mid,50.0,11:00,13:20,target,0.5
2026-02-17,TSLA,put,ATM,mid,50.0,13:30,16:00,forced,-0.94969
2026-02-18,TSLA,put,ATM,mid,50.0,10:30,10:35,target,0.5
2026-02-18,TSLA,put,ATM,mid,50.0,14:00,14:20,target,0.5
2026-02-18,TSLA,put,ATM,mid,50.0,14:30,14:45,target,0.5
2026-02-18,TSLA,put,ATM,mid,50.0,15:00,16:00,forced,-0.93814
2026-02-19,TSLA,put,ATM,mid,50.0,11:00,15:15,target,0.5
2026-02-19,TSLA,put,ATM,mid,50.0,15:30,16:00,forced,-0.15225
2026-02-20,TSLA,put,ATM,mid,50.0,11:00,12:10,target,0.5
2026-02-20,TSLA,put,ATM,mid,50.0,14:30,15:05,target,0.5
2026-02-20,TSLA,put,ATM,mid,50.0,15:30,15:35,target,0.5
2026-02-23,TSLA,put,ATM,mid,50.0,11:00,16:00,forced,-0.95283
2026-02-24,TSLA,put,ATM,mid,50.0,11:00,11:10,target,0.5
2026-02-24,TSLA,put,ATM,mid,50.0,11:30,12:30,target,0.5
2026-02-24,TSLA,put,ATM,mid,50.0,14:00,16:00,forced,-0.86305
2026-02-25,TSLA,put,ATM,mid,50.0,11:00,12:05,target,0.5
2026-02-25,TSLA,put,ATM,mid,50.0,14:00,14:05,target,0.5
2026-02-26,TSLA,put,ATM,mid,50.0,11:00,12:25,target,0.5
2026-02-26,TSLA,put,ATM,mid,50.0,13:00,16:00,forced,-0.94202
2026-02-27,TSLA,put,ATM,mid,50.0,11:30,13:30,target,0.5
2026-02-27,TSLA,put,ATM,mid,50.0,14:00,14:25,target,0.5
2026-02-27,TSLA,put,ATM,mid,50.0,14:30,15:05,target,0.5
2026-02-27,TSLA,put,ATM,mid,50.0,15:30,15:35,target,0.5
2026-03-02,TSLA,put,ATM,mid,50.0,11:00,12:35,target,0.5
2026-03-02,TSLA,put,ATM,mid,50.0,14:00,14:05,target,0.5
2026-03-02,TSLA,put,ATM,mid,50.0,14:30,16:00,forced,-0.94273
2026-03-03,TSLA,put,ATM,mid,50.0,11:00,13:50,target,0.5
2026-03-03,TSLA,put,ATM,mid,50.0,14:00,14:20,target,0.5
2026-03-03,TSLA,put,ATM,mid,50.0,14:30,14:35,target,0.5
2026-03-04,TSLA,put,ATM,mid,50.0,11:00,16:00,forced,-0.96672
2026-03-05,TSLA,put,ATM,mid,50.0,11:00,16:00,forced,-0.94249
2026-03-06,TSLA,put,ATM,mid,50.0,11:00,16:00,forced,-0.96268
2026-03-09,TSLA,put,ATM,mid,50.0,11:00,11:50,target,0.5
2026-03-09,TSLA,put,ATM,mid,50.0,12:00,16:00,forced,-0.96123
2026-03-10,TSLA,put,ATM,mid,50.0,11:00,14:10,target,0.5
2026-03-10,TSLA,put,ATM,mid,50.0,14:30,14:35,target,0.5
2026-03-10,TSLA,put,ATM,mid,50.0,15:30,15:35,target,0.5
2026-03-11,TSLA,put,ATM,mid,50.0,11:00,15:05,target,0.5
2026-03-11,TSLA,put,ATM,mid,50.0,15:30,16:00,forced,-0.85264
2026-03-12,TSLA,put,ATM,mid,50.0,11:00,11:05,target,0.5
2026-03-12,TSLA,put,ATM,mid,50.0,12:00,12:05,target,0.5
2026-03-12,TSLA,put,ATM,mid,50.0,12:30,12:35,target,0.5
2026-03-12,TSLA,put,ATM,mid,50.0,13:00,13:20,target,0.5
2026-03-13,TSLA,put,ATM,mid,50.0,11:00,11:05,target,0.5
2026-03-13,TSLA,put,ATM,mid,50.0,12:00,16:00,forced,-0.94748
2026-02-16,TSLA,put,ATM,mid,60.0,11:00,11:15,target,0.6
2026-02-16,TSLA,put,ATM,mid,60.0,11:30,13:00,target,0.6
2026-02-16,TSLA,put,ATM,mid,60.0,14:00,14:05,target,0.6
2026-02-16,TSLA,put,ATM,mid,60.0,14:30,16:00,target,0.6
2026-02-17,TSLA,put,ATM,mid,60.0,11:00,13:20,target,0.6
2026-02-17,TSLA,put,ATM,mid,60.0,13:30,16:00,forced,-0.94969
2026-02-18,TSLA,put,ATM,mid,60.0,10:30,10:35,target,0.6
2026-02-18,TSLA,put,ATM,mid,60.0,14:00,14:20,target,0.6
2026-02-18,TSLA,put,ATM,mid,60.0,14:30,16:00,forced,-0.95329
2026-02-19,TSLA,put,ATM,mid,60.0,11:00,15:15,target,0.6
2026-02-19,TSLA,put,ATM,mid,60.0,15:30,16:00,forced,-0.15225
2026-02-20,TSLA,put,ATM,mid,60.0,11:00,12:15,target,0.6
2026-02-20,TSLA,put,ATM,mid,60.0,14:30,15:05,target,0.6
2026-02-20,TSLA,put,ATM,mid,60.0,15:30,15:35,target,0.6
2026-02-23,TSLA,put,ATM,mid,60.0,11:00,16:00,forced,-0.95283
2026-02-24,TSLA,put,ATM,mid,60.0,11:00,11:15,target,0.6
2026-02-24,TSLA,put,ATM,mid,60.0,11:30,12:30,target,0.6
2026-02-24,TSLA,put,ATM,mid,60.0,12:30,12:35,target,0.6
2026-02-24,TSLA,put,ATM,mid,60.0,14:00,16:00,forced,-0.86305
2026-02-25,TSLA,put,ATM,mid,60.0,11:00,12:10,target,0.6
2026-02-25,TSLA,put,ATM,mid,60.0,12:30,12:35,target,0.6
2026-02-25,TSLA,put,ATM,mid,60.0,14:00,14:05,target,0.6
2026-02-26,TSLA,put,ATM,mid,60.0,11:00,12:30,target,0.6
2026-02-26,TSLA,put,ATM,mid,60.0,12:30,12:45,target,0.6
2026-02-26,TSLA,put,ATM,mid,60.0,13:00,16:00,forced,-0.94202
2026-02-27,TSLA,put,ATM,mid,60.0,11:30,13:30,target,0.6
2026-02-27,TSLA,put,ATM,mid,60.0,14:00,14:25,target,0.6
2026-02-27,TSLA,put,ATM,mid,60.0,14:30,15:25,target,0.6
2026-02-27,TSLA,put,ATM,mid,60.0,15:30,15:35,target,0.6
2026-03-02,TSLA,put,ATM,mid,60.0,11:00,12:35,target,0.6
2026-03-02,TSLA,put,ATM,mid,60.0,14:00,14:05,target,0.6
2026-03-02,TSLA,put,ATM,mid,60.0,14:30,16:00,forced,-0.94273
2026-03-03,TSLA,put,ATM,mid,60.0,11:00,13:55,target,0.6
2026-03-03,TSLA,put,ATM,mid,60.0,14:00,14:20,target,0.6
2026-03-03,TSLA,put,ATM,mid,60.0,14:30,14:35,target,0.6
2026-03-04,TSLA,put,ATM,mid,60.0,11:00,16:00,forced,-0.96672
2026-03-05,TSLA,put,ATM,mid,60.0,11:00,16:00,forced,-0.94249
2026-03-06,TSLA,put,ATM,mid,60.0,11:00,16:00,forced,-0.96268
2026-03-09,TSLA,put,ATM,mid,60.0,11:00,11:50,target,0.6
2026-03-09,TSLA,put,ATM,mid,60.0,12:00,16:00,forced,-0.96123
2026-03-10,TSLA,put,ATM,mid,60.0,11:00,14:35,target,0.6
2026-03-10,TSLA,put,ATM,mid,60.0,15:30,15:35,target,0.6
2026-03-11,TSLA,put,ATM,mid,60.0,11:00,15:05,target,0.6
2026-03-11,TSLA,put,ATM,mid,60.0,15:30,16:00,forced,-0.85264
2026-03-12,TSLA,put,ATM,mid,60.0,11:00,11:10,target,0.6
2026-03-12,TSLA,put,ATM,mid,60.0,12:00,12:05,target,0.6
2026-03-12,TSLA,put,ATM,mid,60.0,12:30,12:45,target,0.6
2026-03-12,TSLA,put,ATM,mid,60.0,13:00,13:20,target,0.6
2026-03-13,TSLA,put,ATM,mid,60.0,11:00,11:20,target,0.6
2026-03-13,TSLA,put,ATM,mid,60.0,12:00,16:00,forced,-0.94748
2026-02-16,TSLA,put,ATM,mid,70.0,11:30,13:05,target,0.7
2026-02-16,TSLA,put,ATM,mid,70.0,13:30,14:15,target,0.7
2026-02-16,TSLA,put,ATM,mid,70.0,14:30,16:00,target,0.7
2026-02-17,TSLA,put,ATM,mid,70.0,11:30,11:35,target,0.7
2026-02-17,TSLA,put,ATM,mid,70.0,12:30,13:05,target,0.7
2026-02-17,TSLA,put,ATM,mid,70.0,13:30,16:00,forced,-0.94969
2026-02-18,TSLA,put,ATM,mid,70.0,10:30,10:35,target,0.7
2026-02-18,TSLA,put,ATM,mid,70.0,14:00,14:20,target,0.7
2026-02-18,TSLA,put,ATM,mid,70.0,14:30,16:00,forced,-0.95329
2026-02-19,TSLA,put,ATM,mid,70.0,11:00,15:15,target,0.7
2026-02-19,TSLA,put,ATM,mid,70.0,15:30,16:00,forced,-0.15225
2026-02-20,TSLA,put,ATM,mid,70.0,11:30,12:05,target,0.7
2026-02-20,TSLA,put,ATM,mid,70.0,14:30,15:05,target,0.7
2026-02-20,TSLA,put,ATM,mid,70.0,15:30,15:35,target,0.7
2026-02-23,TSLA,put,ATM,mid,70.0,11:30,16:00,forced,-0.95225
2026-02-24,TSLA,put,ATM,mid,70.0,11:30,12:30,target,0.7
2026-02-24,TSLA,put,ATM,mid,70.0,12:30,12:35,target,0.7
2026-02-24,TSLA,put,ATM,mid,70.0,13:00,13:20,target,0.7
2026-02-24,TSLA,put,ATM,mid,70.0,13:30,16:00,forced,-0.87448
2026-02-25,TSLA,put,ATM,mid,70.0,11:30,12:10,target,0.7
2026-02-25,TSLA,put,ATM,mid,70.0,12:30,12:35,target,0.7
2026-02-25,TSLA,put,ATM,mid,70.0,13:00,13:15,target,0.7
2026-02-25,TSLA,put,ATM,mid,70.0,13:30,14:05,target,0.7
2026-02-26,TSLA,put,ATM,mid,70.0,11:30,12:25,target,0.7
2026-02-26,TSLA,put,ATM,mid,70.0,12:30,16:00,forced,-0.92614
2026-02-27,TSLA,put,ATM,mid,70.0,11:30,13:30,target,0.7
2026-02-27,TSLA,put,ATM,mid,70.0,13:30,15:05,target,0.7
2026-02-27,TSLA,put,ATM,mid,70.0,15:30,15:35,target,0.7
2026-03-02,TSLA,put,ATM,mid,70.0,11:00,12:40,target,0.7
2026-03-02,TSLA,put,ATM,mid,70.0,14:00,14:05,target,0.7
2026-03-02,TSLA,put,ATM,mid,70.0,14:30,16:00,forced,-0.94273
2026-03-03,TSLA,put,ATM,mid,70.0,11:00,13:55,target,0.7
2026-03-03,TSLA,put,ATM,mid,70.0,14:00,14:35,target,0.7
2026-03-04,TSLA,put,ATM,mid,70.0,11:00,16:00,forced,-0.96672
2026-03-05,TSLA,put,ATM,mid,70.0,11:00,16:00,forced,-0.94249
2026-03-06,TSLA,put,ATM,mid,70.0,11:00,16:00,forced,-0.96268
2026-03-09,TSLA,put,ATM,mid,70.0,11:00,11:50,target,0.7
2026-03-09,TSLA,put,ATM,mid,70.0,12:00,16:00,forced,-0.96123
2026-03-10,TSLA,put,ATM,mid,70.0,11:00,14:35,target,0.7
2026-03-10,TSLA,put,ATM,mid,70.0,15:30,15:35,target,0.7
2026-03-11,TSLA,put,ATM,mid,70.0,11:00,16:00,forced,-0.96195
2026-03-12,TSLA,put,ATM,mid,70.0,11:00,11:30,target,0.7
2026-03-12,TSLA,put,ATM,mid,70.0,12:00,12:05,target,0.7
2026-03-12,TSLA,put,ATM,mid,70.0,12:30,12:45,target,0.7
2026-03-12,TSLA,put,ATM,mid,70.0,13:00,13:20,target,0.7
2026-03-13,TSLA,put,ATM,mid,70.0,11:00,11:20,target,0.7
2026-03-13,TSLA,put,ATM,mid,70.0,12:00,16:00,forced,-0.94748
2026-02-16,TSLA,put,ATM,mid,75.0,11:00,11:15,target,0.75
2026-02-16,TSLA,put,ATM,mid,75.0,11:30,13:05,target,0.75
2026-02-16,TSLA,put,ATM,mid,75.0,13:30,14:15,target,0.75
2026-02-16,TSLA,put,ATM,mid,75.0,14:30,16:00,target,0.75
2026-02-17,TSLA,put,ATM,mid,75.0,11:00,13:20,target,0.75
2026-02-17,TSLA,put,ATM,mid,75.0,13:30,16:00,forced,-0.94969
2026-02-18,TSLA,put,ATM,mid,75.0,10:30,10:35,target,0.75
2026-02-18,TSLA,put,ATM,mid,75.0,14:00,14:20,target,0.75
2026-02-18,TSLA,put,ATM,mid,75.0,14:30,16:00,forced,-0.95329
2026-02-19,TSLA,put,ATM,mid,75.0,11:00,15:15,target,0.75
2026-02-19,TSLA,put,ATM,mid,75.0,15:30,16:00,forced,-0.15225
2026-02-20,TSLA,put,ATM,mid,75.0,11:00,12:15,target,0.75
2026-02-20,TSLA,put,ATM,mid,75.0,14:30,15:05,target,0.75
2026-02-20,TSLA,put,ATM,mid,75.0,15:30,15:35,target,0.75
2026-02-23,TSLA,put,ATM,mid,75.0,11:00,16:00,forced,-0.95283
2026-02-24,TSLA,put,ATM,mid,75.0,11:00,11:15,target,0.75
2026-02-24,TSLA,put,ATM,mid,75.0,11:30,12:30,target,0.75
2026-02-24,TSLA,put,ATM,mid,75.0,12:30,12:35,target,0.75
2026-02-24,TSLA,put,ATM,mid,75.0,13:30,16:00,forced,-0.87448
2026-02-25,TSLA,put,ATM,mid,75.0,11:00,12:10,target,0.75
2026-02-25,TSLA,put,ATM,mid,75.0,12:30,12:35,target,0.75
2026-02-25,TSLA,put,ATM,mid,75.0,13:30,14:05,target,0.75
2026-02-26,TSLA,put,ATM,mid,75.0,11:00,12:30,target,0.75
2026-02-26,TSLA,put,ATM,mid,75.0,12:30,16:00,forced,-0.92614
2026-02-27,TSLA,put,ATM,mid,75.0,11:30,13:30,target,0.75
2026-02-27,TSLA,put,ATM,mid,75.0,13:30,15:05,target,0.75
2026-02-27,TSLA,put,ATM,mid,75.0,15:30,15:35,target,0.75
2026-03-02,TSLA,put,ATM,mid,75.0,11:00,12:40,target,0.75
2026-03-02,TSLA,put,ATM,mid,75.0,14:00,14:05,target,0.75
2026-03-02,TSLA,put,ATM,mid,75.0,14:30,16:00,forced,-0.94273
2026-03-03,TSLA,put,ATM,mid,75.0,11:00,13:55,target,0.75
2026-03-03,TSLA,put,ATM,mid,75.0,14:00,14:35,target,0.75
2026-03-04,TSLA,put,ATM,mid,75.0,11:00,16:00,forced,-0.96672
2026-03-05,TSLA,put,ATM,mid,75.0,11:00,16:00,forced,-0.94249
2026-03-06,TSLA,put,ATM,mid,75.0,11:00,16:00,forced,-0.96268
2026-03-09,TSLA,put,ATM,mid,75.0,11:00,11:50,target,0.75
2026-03-09,TSLA,put,ATM,mid,75.0,12:00,16:00,forced,-0.96123
2026-03-10,TSLA,put,ATM,mid,75.0,11:00,14:35,target,0.75
2026-03-10,TSLA,put,ATM,mid,75.0,15:30,15:35,target,0.75
2026-03-11,TSLA,put,ATM,mid,75.0,11:00,16:00,forced,-0.96195
2026-03-12,TSLA,put,ATM,mid,75.0,11:00,11:30,target,0.75
2026-03-12,TSLA,put,ATM,mid,75.0,11:30,12:00,target,0.75
2026-03-12,TSLA,put,ATM,mid,75.0,12:00,12:05,target,0.75
2026-03-12,TSLA,put,ATM,mid,75.0,12:30,12:45,target,0.75
2026-03-12,TSLA,put,ATM,mid,75.0,13:00,13:20,target,0.75
2026-03-13,TSLA,put,ATM,mid,75.0,11:00,11:20,target,0.75
2026-03-13,TSLA,put,ATM,mid,75.0,12:00,16:00,forced,-0.94748
2026-02-16,TSLA,put,ATM,mid,80.0,11:30,13:05,target,0.8
2026-02-16,TSLA,put,ATM,mid,80.0,13:30,14:15,target,0.8
2026-02-16,TSLA,put,ATM,mid,80.0,14:30,16:00,target,0.8
2026-02-17,TSLA,put,ATM,mid,80.0,11:30,11:35,target,0.8
2026-02-17,TSLA,put,ATM,mid,80.0,12:30,13:05,target,0.8
2026-02-17,TSLA,put,ATM,mid,80.0,13:30,16:00,forced,-0.94969
2026-02-18,TSLA,put,ATM,mid,80.0,10:30,10:35,target,0.8
2026-02-18,TSLA,put,ATM,mid,80.0,14:00,14:20,target,0.8
2026-02-18,TSLA,put,ATM,mid,80.0,14:30,16:00,forced,-0.95329
2026-02-19,TSLA,put,ATM,mid,80.0,11:00,15:15,target,0.8
2026-02-19,TSLA,put,ATM,mid,80.0,15:30,16:00,forced,-0.15225
2026-02-20,TSLA,put,ATM,mid,80.0,11:30,12:05,target,0.8
2026-02-20,TSLA,put,ATM,mid,80.0,14:30,15:05,target,0.8
2026-02-20,TSLA,put,ATM,mid,80.0,15:30,15:35,target,0.8
2026-02-23,TSLA,put,ATM,mid,80.0,11:30,16:00,forced,-0.95225
2026-02-24,TSLA,put,ATM,mid,80.0,11:30,12:30,target,0.8
2026-02-24,TSLA,put,ATM,mid,80.0,12:30,12:35,target,0.8
2026-02-24,TSLA,put,ATM,mid,80.0,13:30,16:00,forced,-0.87448
2026-02-25,TSLA,put,ATM,mid,80.0,11:30,12:15,target,0.8
2026-02-25,TSLA,put,ATM,mid,80.0,12:30,12:35,target,0.8
2026-02-25,TSLA,put,ATM,mid,80.0,13:30,14:05,target,0.8
2026-02-26,TSLA,put,ATM,mid,80.0,11:30,12:25,target,0.8
2026-02-26,TSLA,put,ATM,mid,80.0,12:30,16:00,forced,-0.92614
2026-02-27,TSLA,put,ATM,mid,80.0,11:30,13:30,target,0.8
2026-02-27,TSLA,put,ATM,mid,80.0,13:30,15:05,target,0.8
2026-02-27,TSLA,put,ATM,mid,80.0,15:30,15:35,target,0.8
2026-03-02,TSLA,put,ATM,mid,80.0,11:00,16:00,forced,-0.97275
2026-03-03,TSLA,put,ATM,mid,80.0,11:00,13:55,target,0.8
2026-03-03,TSLA,put,ATM,mid,80.0,14:00,14:35,target,0.8
2026-03-04,TSLA,put,ATM,mid,80.0,11:00,16:00,forced,-0.96672
2026-03-05,TSLA,put,ATM,mid,80.0,11:00,16:00,forced,-0.94249
2026-03-06,TSLA,put,ATM,mid,80.0,11:00,16:00,forced,-0.96268
2026-03-09,TSLA,put,ATM,mid,80.0,11:00,11:50,target,0.8
2026-03-09,TSLA,put,ATM,mid,80.0,12:00,16:00,forced,-0.96123
2026-03-10,TSLA,put,ATM,mid,80.0,11:00,14:35,target,0.8
2026-03-10,TSLA,put,ATM,mid,80.0,15:30,15:35,target,0.8
2026-03-11,TSLA,put,ATM,mid,80.0,11:00,16:00,forced,-0.96195
2026-03-12,TSLA,put,ATM,mid,80.0,11:00,11:45,target,0.8
2026-03-12,TSLA,put,ATM,mid,80.0,12:00,12:05,target,0.8
2026-03-12,TSLA,put,ATM,mid,80.0,12:30,12:45,target,0.8
2026-03-12,TSLA,put,ATM,mid,80.0,13:00,13:20,target,0.8
2026-03-13,TSLA,put,ATM,mid,80.0,11:00,16:00,forced,-0.95562
2026-02-16,TSLA,put,ATM,mid,90.0,11:30,14:15,target,0.9
2026-02-16,TSLA,put,ATM,mid,90.0,14:30,16:00,target,0.9
2026-02-17,TSLA,put,ATM,mid,90.0,11:30,11:35,target,0.9
2026-02-17,TSLA,put,ATM,mid,90.0,12:30,13:05,target,0.9
2026-02-17,TSLA,put,ATM,mid,90.0,13:30,16:00,forced,-0.94969
2026-02-18,TSLA,put,ATM,mid,90.0,10:30,10:35,target,0.9
2026-02-18,TSLA,put,ATM,mid,90.0,14:00,14:20,target,0.9
2026-02-18,TSLA,put,ATM,mid,90.0,14:30,16:00,forced,-0.95329
2026-02-19,TSLA,put,ATM,mid,90.0,11:00,15:15,target,0.9
2026-02-19,TSLA,put,ATM,mid,90.0,15:30,16:00,forced,-0.15225
2026-02-20,TSLA,put,ATM,mid,90.0,11:30,12:05,target,0.9
2026-02-20,TSLA,put,ATM,mid,90.0,14:30,15:05,target,0.9
2026-02-20,TSLA,put,ATM,mid,90.0,15:30,15:35,target,0.9
2026-02-23,TSLA,put,ATM,mid,90.0,11:30,16:00,forced,-0.95225
2026-02-24,TSLA,put,ATM,mid,90.0,11:30,12:30,target,0.9
2026-02-24,TSLA,put,ATM,mid,90.0,12:30,12:35,target,0.9
2026-02-24,TSLA,put,ATM,mid,90.0,13:30,16:00,forced,-0.87448
2026-02-25,TSLA,put,ATM,mid,90.0,11:30,12:15,target,0.9
2026-02-25,TSLA,put,ATM,mid,90.0,12:30,12:35,target,0.9
2026-02-25,TSLA,put,ATM,mid,90.0,13:30,14:05,target,0.9
2026-02-26,TSLA,put,ATM,mid,90.0,11:30,12:25,target,0.9
2026-02-26,TSLA,put,ATM,mid,90.0,12:30,16:00,forced,-0.92614
2026-02-27,TSLA,put,ATM,mid,90.0,11:30,13:30,target,0.9
2026-02-27,TSLA,put,ATM,mid,90.0,13:30,15:25,target,0.9
2026-02-27,TSLA,put,ATM,mid,90.0,15:30,15:35,target,0.9
2026-03-02,TSLA,put,ATM,mid,90.0,11:00,16:00,forced,-0.97275
2026-03-03,TSLA,put,ATM,mid,90.0,11:00,13:55,target,0.9
2026-03-03,TSLA,put,ATM,mid,90.0,14:00,14:35,target,0.9
2026-03-04,TSLA,put,ATM,mid,90.0,11:00,16:00,forced,-0.96672
2026-03-05,TSLA,put,ATM,mid,90.0,11:00,16:00,forced,-0.94249
2026-03-06,TSLA,put,ATM,mid,90.0,11:00,16:00,forced,-0.96268
2026-03-09,TSLA,put,ATM,mid,90.0,11:00,11:50,target,0.9
2026-03-09,TSLA,put,ATM,mid,90.0,12:00,16:00,forced,-0.96123
2026-03-10,TSLA,put,ATM,mid,90.0,11:00,14:35,target,0.9
2026-03-10,TSLA,put,ATM,mid,90.0,15:30,15:35,target,0.9
2026-03-11,TSLA,put,ATM,mid,90.0,11:00,16:00,forced,-0.96195
2026-03-12,TSLA,put,ATM,mid,90.0,11:00,11:45,target,0.9
2026-03-12,TSLA,put,ATM,mid,90.0,12:00,12:05,target,0.9
2026-03-12,TSLA,put,ATM,mid,90.0,12:30,12:55,target,0.9
2026-03-12,TSLA,put,ATM,mid,90.0,13:00,13:20,target,0.9
2026-03-13,TSLA,put,ATM,mid,90.0,11:00,16:00,forced,-0.95562
2026-02-16,TSLA,put,ATM,mid,100.0,11:30,14:15,target,1.0
2026-02-16,TSLA,put,ATM,mid,100.0,14:30,16:00,target,1.0
2026-02-17,TSLA,put,ATM,mid,100.0,11:30,11:35,target,1.0
2026-02-17,TSLA,put,ATM,mid,100.0,12:30,13:10,target,1.0
2026-02-17,TSLA,put,ATM,mid,100.0,13:30,16:00,forced,-0.94969
2026-02-18,TSLA,put,ATM,mid,100.0,10:00,11:00,target,1.0
2026-02-18,TSLA,put,ATM,mid,100.0,14:30,16:00,forced,-0.95329
2026-02-19,TSLA,put,ATM,mid,100.0,11:00,15:15,target,1.0
2026-02-19,TSLA,put,ATM,mid,100.0,15:30,16:00,forced,-0.15225
2026-02-20,TSLA,put,ATM,mid,100.0,11:30,12:05,target,1.0
2026-02-20,TSLA,put,ATM,mid,100.0,14:30,15:05,target,1.0
2026-02-20,TSLA,put,ATM,mid,100.0,15:30,15:35,target,1.0
2026-02-23,TSLA,put,ATM,mid,100.0,11:30,16:00,forced,-0.95225
2026-02-24,TSLA,put,ATM,mid,100.0,11:30,12:30,target,1.0
2026-02-24,TSLA,put,ATM,mid,100.0,12:30,12:35,target,1.0
2026-02-24,TSLA,put,ATM,mid,100.0,13:00,16:00,forced,-0.97182
2026-02-25,TSLA,put,ATM,mid,100.0,11:30,12:15,target,1.0
2026-02-25,TSLA,put,ATM,mid,100.0,12:30,12:35,target,1.0
2026-02-25,TSLA,put,ATM,mid,100.0,13:00,14:20,target,1.0
2026-02-26,TSLA,put,ATM,mid,100.0,11:30,12:25,target,1.0
2026-02-26,TSLA,put,ATM,mid,100.0,12:30,16:00,forced,-0.92614
2026-02-27,TSLA,put,ATM,mid,100.0,11:30,13:35,target,1.0
2026-02-27,TSLA,put,ATM,mid,100.0,14:30,15:25,target,1.0
2026-02-27,TSLA,put,ATM,mid,100.0,15:30,15:35,target,1.0
2026-03-02,TSLA,put,ATM,mid,100.0,11:00,16:00,forced,-0.97275
2026-03-03,TSLA,put,ATM,mid,100.0,11:00,13:55,target,1.0
2026-03-03,TSLA,put,ATM,mid,100.0,14:00,14:35,target,1.0
2026-03-04,TSLA,put,ATM,mid,100.0,11:00,16:00,forced,-0.96672
2026-03-05,TSLA,put,ATM,mid,100.0,11:00,16:00,forced,-0.94249
2026-03-06,TSLA,put,ATM,mid,100.0,11:00,16:00,forced,-0.96268
2026-03-09,TSLA,put,ATM,mid,100.0,11:00,11:55,target,1.0
2026-03-09,TSLA,put,ATM,mid,100.0,12:00,16:00,forced,-0.96123
2026-03-10,TSLA,put,ATM,mid,100.0,11:00,14:35,target,1.0
2026-03-10,TSLA,put,ATM,mid,100.0,15:30,15:35,target,1.0
2026-03-11,TSLA,put,ATM,mid,100.0,11:00,16:00,forced,-0.96195
2026-03-12,TSLA,put,ATM,mid,100.0,11:00,11:45,target,1.0
2026-03-12,TSLA,put,ATM,mid,100.0,12:00,12:05,target,1.0
2026-03-12,TSLA,put,ATM,mid,100.0,12:30,12:55,target,1.0
2026-03-12,TSLA,put,ATM,mid,100.0,13:00,13:25,target,1.0
2026-03-13,TSLA,put,ATM,mid,100.0,11:00,16:00,forced,-0.95562
2026-02-16,TSLA,put,ATM,market,20.0,11:00,11:05,target,0.2
2026-02-16,TSLA,put,ATM,market,20.0,12:00,13:00,target,0.2
2026-02-16,TSLA,put,ATM,market,20.0,13:00,14:15,target,0.2
2026-02-16,TSLA,put,ATM,market,20.0,14:30,15:55,target,0.2
2026-02-17,TSLA,put,ATM,market,20.0,11:00,11:10,target,0.2
2026-02-17,TSLA,put,ATM,market,20.0,12:00,13:10,target,0.2
2026-02-17,TSLA,put,ATM,market,20.0,14:30,14:35,target,0.2
2026-02-17,TSLA,put,ATM,market,20.0,15:00,15:05,target,0.2
2026-02-18,TSLA,put,ATM,market,20.0,10:30,10:35,target,0.2
2026-02-18,TSLA,put,ATM,market,20.0,14:00,14:05,target,0.2
2026-02-18,TSLA,put,ATM,market,20.0,14:30,14:45,target,0.2
2026-02-18,TSLA,put,ATM,market,20.0,15:00,16:00,forced,-0.94057
2026-02-19,TSLA,put,ATM,market,20.0,11:00,15:05,target,0.2
2026-02-19,TSLA,put,ATM,market,20.0,15:30,15:55,target,0.2
2026-02-20,TSLA,put,ATM,market,20.0,11:00,12:10,target,0.2
2026-02-20,TSLA,put,ATM,market,20.0,14:30,15:00,target,0.2
2026-02-20,TSLA,put,ATM,market,20.0,15:00,15:05,target,0.2
2026-02-20,TSLA,put,ATM,market,20.0,15:30,15:35,target,0.2
2026-02-23,TSLA,put,ATM,market,20.0,11:00,11:25,target,0.2
2026-02-23,TSLA,put,ATM,market,20.0,12:00,16:00,forced,-0.26656
2026-02-24,TSLA,put,ATM,market,20.0,11:00,11:05,target,0.2
2026-02-24,TSLA,put,ATM,market,20.0,12:00,12:10,target,0.2
2026-02-24,TSLA,put,ATM,market,20.0,13:00,13:20,target,0.2
2026-02-24,TSLA,put,ATM,market,20.0,14:00,14:25,target,0.2
2026-02-24,TSLA,put,ATM,market,20.0,14:30,14:35,target,0.2
2026-02-24,TSLA,put,ATM,market,20.0,15:00,15:15,target,0.2
2026-02-24,TSLA,put,ATM,market,20.0,15:30,15:35,target,0.2
2026-02-25,TSLA,put,ATM,market,20.0,11:00,11:45,target,0.2
2026-02-25,TSLA,put,ATM,market,20.0,12:00,12:10,target,0.2
2026-02-25,TSLA,put,ATM,market,20.0,13:00,13:05,target,0.2
2026-02-25,TSLA,put,ATM,market,20.0,14:00,14:05,target,0.2
2026-02-26,TSLA,put,ATM,market,20.0,11:00,11:05,target,0.2
2026-02-26,TSLA,put,ATM,market,20.0,12:00,12:10,target,0.2
2026-02-26,TSLA,put,ATM,market,20.0,13:00,16:00,forced,-0.94429
2026-02-27,TSLA,put,ATM,market,20.0,10:30,10:40,target,0.2
2026-02-27,TSLA,put,ATM,market,20.0,11:30,13:30,target,0.2
2026-02-27,TSLA,put,ATM,market,20.0,14:00,14:25,target,0.2
2026-02-27,TSLA,put,ATM,market,20.0,14:30,15:05,target,0.2
2026-02-27,TSLA,put,ATM,market,20.0,15:30,15:35,target,0.2
2026-03-02,TSLA,put,ATM,market,20.0,11:00,12:35,target,0.2
2026-03-02,TSLA,put,ATM,market,20.0,14:00,14:05,target,0.2
2026-03-02,TSLA,put,ATM,market,20.0,14:30,16:00,forced,-0.94497
2026-03-03,TSLA,put,ATM,market,20.0,11:00,13:50,target,0.2
2026-03-03,TSLA,put,ATM,market,20.0,14:00,14:15,target,0.2
2026-03-03,TSLA,put,ATM,market,20.0,14:30,14:35,target,0.2
2026-03-04,TSLA,put,ATM,market,20.0,11:00,16:00,forced,-0.96802
2026-03-05,TSLA,put,ATM,market,20.0,11:00,16:00,forced,-0.94475
2026-03-06,TSLA,put,ATM,market,20.0,11:00,16:00,forced,-0.96414
2026-03-09,TSLA,put,ATM,market,20.0,11:00,11:50,target,0.2
2026-03-09,TSLA,put,ATM,market,20.0,12:00,16:00,forced,-0.96275
2026-03-10,TSLA,put,ATM,market,20.0,11:00,14:10,target,0.2
2026-03-10,TSLA,put,ATM,market,20.0,14:30,14:35,target,0.2
2026-03-10,TSLA,put,ATM,market,20.0,15:30,15:35,target,0.2
2026-03-11,TSLA,put,ATM,market,20.0,11:00,13:20,target,0.2
2026-03-11,TSLA,put,ATM,market,20.0,14:00,14:05,target,0.2
2026-03-11,TSLA,put,ATM,market,20.0,14:30,14:35,target,0.2
2026-03-11,TSLA,put,ATM,market,20.0,15:30,16:00,forced,-0.85842
2026-03-12,TSLA,put,ATM,market,20.0,11:00,11:05,target,0.2
2026-03-12,TSLA,put,ATM,market,20.0,12:00,12:05,target,0.2
2026-03-12,TSLA,put,ATM,market,20.0,13:00,13:15,target,0.2
2026-03-13,TSLA,put,ATM,market,20.0,11:00,11:05,target,0.2
2026-03-13,TSLA,put,ATM,market,20.0,12:00,16:00,forced,-0.94954
2026-02-16,TSLA,put,ATM,market,25.0,11:00,11:05,target,0.25
2026-02-16,TSLA,put,ATM,market,25.0,12:00,13:05,target,0.25
2026-02-16,TSLA,put,ATM,market,25.0,14:00,14:05,target,0.25
2026-02-16,TSLA,put,ATM,market,25.0,14:30,15:55,target,0.25
2026-02-17,TSLA,put,ATM,market,25.0,11:00,11:10,target,0.25
2026-02-17,TSLA,put,ATM,market,25.0,12:00,13:20,target,0.25
2026-02-17,TSLA,put,ATM,market,25.0,13:30,16:00,forced,-0.95166
2026-02-18,TSLA,put,ATM,market,25.0,10:30,10:35,target,0.25
2026-02-18,TSLA,put,ATM,market,25.0,14:00,14:20,target,0.25
2026-02-18,TSLA,put,ATM,market,25.0,14:30,14:45,target,0.25
2026-02-18,TSLA,put,ATM,market,25.0,15:00,16:00,forced,-0.94057
2026-02-19,TSLA,put,ATM,market,25.0,11:00,15:10,target,0.25
2026-02-19,TSLA,put,ATM,market,25.0,15:30,16:00,forced,-0.18553
2026-02-20,TSLA,put,ATM,market,25.0,11:00,12:10,target,0.25
2026-02-20,TSLA,put,ATM,market,25.0,14:30,15:00,target,0.25
2026-02-20,TSLA,put,ATM,market,25.0,15:00,15:05,target,0.25
2026-02-20,TSLA,put,ATM,market,25.0,15:30,15:35,target,0.25
2026-02-23,TSLA,put,ATM,market,25.0,11:00,11:25,target,0.25
2026-02-23,TSLA,put,ATM,market,25.0,12:00,16:00,forced,-0.26656
2026-02-24,TSLA,put,ATM,market,25.0,11:00,11:05,target,0.25
2026-02-24,TSLA,put,ATM,market,25.0,12:00,12:10,target,0.25
2026-02-24,TSLA,put,ATM,market,25.0,13:00,13:20,target,0.25
2026-02-24,TSLA,put,ATM,market,25.0,14:00,14:25,target,0.25
2026-02-24,TSLA,put,ATM,market,25.0,14:30,16:00,forced,-0.80008
2026-02-25,TSLA,put,ATM,market,25.0,11:00,12:00,target,0.25
2026-02-25,TSLA,put,ATM,market,25.0,12:00,12:10,target,0.25
2026-02-25,TSLA,put,ATM,market,25.0,13:00,13:05,target,0.25
2026-02-25,TSLA,put,ATM,market,25.0,14:00,14:05,target,0.25
2026-02-26,TSLA,put,ATM,market,25.0,11:00,11:05,target,0.25
2026-02-26,TSLA,put,ATM,market,25.0,12:00,12:10,target,0.25
2026-02-26,TSLA,put,ATM,market,25.0,13:00,16:00,forced,-0.94429
2026-02-27,TSLA,put,ATM,market,25.0,11:30,13:30,target,0.25
2026-02-27,TSLA,put,ATM,market,25.0,14:00,14:25,target,0.25
2026-02-27,TSLA,put,ATM,market,25.0,14:30,15:05,target,0.25
2026-02-27,TSLA,put,ATM,market,25.0,15:30,15:35,target,0.25
2026-03-02,TSLA,put,ATM,market,25.0,11:00,12:35,target,0.25
2026-03-02,TSLA,put,ATM,market,25.0,14:00,14:05,target,0.25
2026-03-02,TSLA,put,ATM,market,25.0,14:30,16:00,forced,-0.94497
2026-03-03,TSLA,put,ATM,market,25.0,11:00,13:50,target,0.25
2026-03-03,TSLA,put,ATM,market,25.0,14:00,14:15,target,0.25
2026-03-03,TSLA,put,ATM,market,25.0,14:30,14:35,target,0.25
2026-03-04,TSLA,put,ATM,market,25.0,11:00,16:00,forced,-0.96802
2026-03-05,TSLA,put,ATM,market,25.0,11:00,16:00,forced,-0.94475
2026-03-06,TSLA,put,ATM,market,25.0,11:00,16:00,forced,-0.96414
2026-03-09,TSLA,put,ATM,market,25.0,11:00,11:50,target,0.25
2026-03-09,TSLA,put,ATM,market,25.0,12:00,16:00,forced,-0.96275
2026-03-10,TSLA,put,ATM,market,25.0,11:00,14:10,target,0.25
2026-03-10,TSLA,put,ATM,market,25.0,14:30,14:35,target,0.25
2026-03-10,TSLA,put,ATM,market,25.0,15:00,15:15,target,0.25
2026-03-10,TSLA,put,ATM,market,25.0,15:30,15:35,target,0.25
2026-03-11,TSLA,put,ATM,market,25.0,11:00,13:20,target,0.25
2026-03-11,TSLA,put,ATM,market,25.0,14:00,14:05,target,0.25
2026-03-11,TSLA,put,ATM,market,25.0,14:30,14:35,target,0.25
2026-03-11,TSLA,put,ATM,market,25.0,15:00,15:05,target,0.25
2026-03-11,TSLA,put,ATM,market,25.0,15:30,16:00,forced,-0.85842
2026-03-12,TSLA,put,ATM,market,25.0,11:00,11:05,target,0.25
2026-03-12,TSLA,put,ATM,market,25.0,12:00,12:05,target,0.25
2026-03-12,TSLA,put,ATM,market,25.0,12:30,12:35,target,0.25
2026-03-12,TSLA,put,ATM,market,25.0,13:00,13:20,target,0.25
2026-03-13,TSLA,put,ATM,market,25.0,11:00,11:05,target,0.25
2026-03-13,TSLA,put,ATM,market,25.0,12:00,16:00,forced,-0.94954
2026-02-16,TSLA,put,ATM,market,30.0,11:00,11:05,target,0.3
2026-02-16,TSLA,put,ATM,market,30.0,12:00,13:05,target,0.3
2026-02-16,TSLA,put,ATM,market,30.0,14:00,14:05,target,0.3
2026-02-16,TSLA,put,ATM,market,30.0,14:30,15:55,target,0.3
2026-02-17,TSLA,put,ATM,market,30.0,11:00,11:10,target,0.3
2026-02-17,TSLA,put,ATM,market,30.0,12:00,13:20,target,0.3
2026-02-17,TSLA,put,ATM,market,30.0,13:30,16:00,forced,-0.95166
2026-02-18,TSLA,put,ATM,market,30.0,10:30,10:35,target,0.3
2026-02-18,TSLA,put,ATM,market,30.0,14:00,14:20,target,0.3
2026-02-18,TSLA,put,ATM,market,30.0,14:30,14:45,target,0.3
2026-02-18,TSLA,put,ATM,market,30.0,15:00,16:00,forced,-0.94057
2026-02-19,TSLA,put,ATM,market,30.0,11:00,15:10,target,0.3
2026-02-19,TSLA,put,ATM,market,30.0,15:30,16:00,forced,-0.18553
2026-02-20,TSLA,put,ATM,market,30.0,11:00,12:10,target,0.3
2026-02-20,TSLA,put,ATM,market,30.0,14:30,15:05,target,0.3
2026-02-20,TSLA,put,ATM,market,30.0,15:30,15:35,target,0.3
2026-02-23,TSLA,put,ATM,market,30.0,11:00,11:25,target,0.3
2026-02-23,TSLA,put,ATM,market,30.0,12:00,16:00,forced,-0.26656
2026-02-24,TSLA,put,ATM,market,30.0,11:00,11:05,target,0.3
2026-02-24,TSLA,put,ATM,market,30.0,12:00,12:10,target,0.3
2026-02-24,TSLA,put,ATM,market,30.0,14:00,16:00,forced,-0.86842
2026-02-25,TSLA,put,ATM,market,30.0,11:00,12:00,target,0.3
2026-02-25,TSLA,put,ATM,market,30.0,12:00,12:10,target,0.3
2026-02-25,TSLA,put,ATM,market,30.0,14:00,14:05,target,0.3
2026-02-26,TSLA,put,ATM,market,30.0,11:00,11:05,target,0.3
2026-02-26,TSLA,put,ATM,market,30.0,12:00,12:10,target,0.3
2026-02-26,TSLA,put,ATM,market,30.0,13:00,16:00,forced,-0.94429
2026-02-27,TSLA,put,ATM,market,30.0,11:30,13:30,target,0.3
2026-02-27,TSLA,put,ATM,market,30.0,14:00,14:25,target,0.3
2026-02-27,TSLA,put,ATM,market,30.0,14:30,15:05,target,0.3
2026-02-27,TSLA,put,ATM,market,30.0,15:30,15:35,target,0.3
2026-03-02,TSLA,put,ATM,market,30.0,11:00,12:35,target,0.3
2026-03-02,TSLA,put,ATM,market,30.0,14:00,14:05,target,0.3
2026-03-02,TSLA,put,ATM,market,30.0,14:30,16:00,forced,-0.94497
2026-03-03,TSLA,put,ATM,market,30.0,11:00,13:50,target,0.3
2026-03-03,TSLA,put,ATM,market,30.0,14:00,14:15,target,0.3
2026-03-03,TSLA,put,ATM,market,30.0,14:30,14:35,target,0.3
2026-03-04,TSLA,put,ATM,market,30.0,11:00,16:00,forced,-0.96802
2026-03-05,TSLA,put,ATM,market,30.0,11:00,16:00,forced,-0.94475
2026-03-06,TSLA,put,ATM,market,30.0,11:00,16:00,forced,-0.96414
2026-03-09,TSLA,put,ATM,market,30.0,11:00,11:50,target,0.3
2026-03-09,TSLA,put,ATM,market,30.0,12:00,16:00,forced,-0.96275
2026-03-10,TSLA,put,ATM,market,30.0,11:00,14:10,target,0.3
2026-03-10,TSLA,put,ATM,market,30.0,14:30,14:35,target,0.3
2026-03-10,TSLA,put,ATM,market,30.0,15:30,15:35,target,0.3
2026-03-11,TSLA,put,ATM,market,30.0,11:00,13:20,target,0.3
2026-03-11,TSLA,put,ATM,market,30.0,14:00,14:05,target,0.3
2026-03-11,TSLA,put,ATM,market,30.0,14:30,14:35,target,0.3
2026-03-11,TSLA,put,ATM,market,30.0,15:30,16:00,forced,-0.85842
2026-03-12,TSLA,put,ATM,market,30.0,11:00,11:05,target,0.3
2026-03-12,TSLA,put,ATM,market,30.0,12:00,12:05,target,0.3
2026-03-12,TSLA,put,ATM,market,30.0,12:30,12:35,target,0.3
2026-03-12,TSLA,put,ATM,market,30.0,13:00,13:20,target,0.3
2026-03-13,TSLA,put,ATM,market,30.0,11:00,11:05,target,0.3
2026-03-13,TSLA,put,ATM,market,30.0,12:00,16:00,forced,-0.94954
2026-02-16,TSLA,put,ATM,market,40.0,11:00,11:15,target,0.4
2026-02-16,TSLA,put,ATM,market,40.0,11:30,11:55,target,0.4
2026-02-16,TSLA,put,ATM,market,40.0,12:00,13:05,target,0.4
2026-02-16,TSLA,put,ATM,market,40.0,14:00,14:05,target,0.4
2026-02-16,TSLA,put,ATM,market,40.0,14:30,15:55,target,0.4
2026-02-17,TSLA,put,ATM,market,40.0,11:00,11:35,target,0.4
2026-02-17,TSLA,put,ATM,market,40.0,12:00,13:20,target,0.4
2026-02-17,TSLA,put,ATM,market,40.0,13:30,16:00,forced,-0.95166
2026-02-18,TSLA,put,ATM,market,40.0,10:30,10:35,target,0.4
2026-02-18,TSLA,put,ATM,market,40.0,14:00,14:20,target,0.4
2026-02-18,TSLA,put,ATM,market,40.0,14:30,14:45,target,0.4
2026-02-18,TSLA,put,ATM,market,40.0,15:00,16:00,forced,-0.94057
2026-02-19,TSLA,put,ATM,market,40.0,11:00,15:15,target,0.4
2026-02-19,TSLA,put,ATM,market,40.0,15:30,16:00,forced,-0.18553
2026-02-20,TSLA,put,ATM,market,40.0,11:00,12:10,target,0.4
2026-02-20,TSLA,put,ATM,market,40.0,14:30,15:05,target,0.4
2026-02-20,TSLA,put,ATM,market,40.0,15:30,15:35,target,0.4
2026-02-23,TSLA,put,ATM,market,40.0,11:00,16:00,forced,-0.95468
2026-02-24,TSLA,put,ATM,market,40.0,11:00,11:05,target,0.4
2026-02-24,TSLA,put,ATM,market,40.0,11:30,12:20,target,0.4
2026-02-24,TSLA,put,ATM,market,40.0,14:00,16:00,forced,-0.86842
2026-02-25,TSLA,put,ATM,market,40.0,11:00,12:05,target,0.4
2026-02-25,TSLA,put,ATM,market,40.0,14:00,14:05,target,0.4
2026-02-26,TSLA,put,ATM,market,40.0,11:00,12:25,target,0.4
2026-02-26,TSLA,put,ATM,market,40.0,13:00,16:00,forced,-0.94429
2026-02-27,TSLA,put,ATM,market,40.0,11:30,13:30,target,0.4
2026-02-27,TSLA,put,ATM,market,40.0,14:00,14:25,target,0.4
2026-02-27,TSLA,put,ATM,market,40.0,14:30,15:05,target,0.4
2026-02-27,TSLA,put,ATM,market,40.0,15:30,15:35,target,0.4
2026-03-02,TSLA,put,ATM,market,40.0,11:00,12:35,target,0.4
2026-03-02,TSLA,put,ATM,market,40.0,14:00,14:05,target,0.4
2026-03-02,TSLA,put,ATM,market,40.0,14:30,16:00,forced,-0.94497
2026-03-03,TSLA,put,ATM,market,40.0,11:00,13:50,target,0.4
2026-03-03,TSLA,put,ATM,market,40.0,14:00,14:15,target,0.4
2026-03-03,TSLA,put,ATM,market,40.0,14:30,14:35,target,0.4
2026-03-04,TSLA,put,ATM,market,40.0,11:00,16:00,forced,-0.96802
2026-03-05,TSLA,put,ATM,market,40.0,11:00,16:00,forced,-0.94475
2026-03-06,TSLA,put,ATM,market,40.0,11:00,16:00,forced,-0.96414
2026-03-09,TSLA,put,ATM,market,40.0,11:00,11:50,target,0.4
2026-03-09,TSLA,put,ATM,market,40.0,12:00,16:00,forced,-0.96275
2026-03-10,TSLA,put,ATM,market,40.0,11:00,14:10,target,0.4
2026-03-10,TSLA,put,ATM,market,40.0,14:30,14:35,target,0.4
2026-03-10,TSLA,put,ATM,market,40.0,15:30,15:35,target,0.4
2026-03-11,TSLA,put,ATM,market,40.0,11:00,15:05,target,0.4
2026-03-11,TSLA,put,ATM,market,40.0,15:30,16:00,forced,-0.85842
2026-03-12,TSLA,put,ATM,market,40.0,11:00,11:05,target,0.4
2026-03-12,TSLA,put,ATM,market,40.0,12:00,12:05,target,0.4
2026-03-12,TSLA,put,ATM,market,40.0,12:30,12:35,target,0.4
2026-03-12,TSLA,put,ATM,market,40.0,13:00,13:20,target,0.4
2026-03-13,TSLA,put,ATM,market,40.0,11:00,11:05,target,0.4
2026-03-13,TSLA,put,ATM,market,40.0,12:00,16:00,forced,-0.94954
2026-02-16,TSLA,put,ATM,market,50.0,11:00,11:15,target,0.5
2026-02-16,TSLA,put,ATM,market,50.0,11:30,13:00,target,0.5
2026-02-16,TSLA,put,ATM,market,50.0,14:00,14:05,target,0.5
2026-02-16,TSLA,put,ATM,market,50.0,14:30,16:00,target,0.5
2026-02-17,TSLA,put,ATM,market,50.0,11:00,13:20,target,0.5
2026-02-17,TSLA,put,ATM,market,50.0,13:30,16:00,forced,-0.95166
2026-02-18,TSLA,put,ATM,market,50.0,10:30,10:35,target,0.5
2026-02-18,TSLA,put,ATM,market,50.0,14:00,14:20,target,0.5
2026-02-18,TSLA,put,ATM,market,50.0,14:30,16:00,forced,-0.95512
2026-02-19,TSLA,put,ATM,market,50.0,11:00,15:15,target,0.5
2026-02-19,TSLA,put,ATM,market,50.0,15:30,16:00,forced,-0.18553
2026-02-20,TSLA,put,ATM,market,50.0,11:00,12:15,target,0.5
2026-02-20,TSLA,put,ATM,market,50.0,14:30,15:05,target,0.5
2026-02-20,TSLA,put,ATM,market,50.0,15:30,15:35,target,0.5
2026-02-23,TSLA,put,ATM,market,50.0,11:00,16:00,forced,-0.95468
2026-02-24,TSLA,put,ATM,market,50.0,11:00,11:15,target,0.5
2026-02-24,TSLA,put,ATM,market,50.0,11:30,12:30,target,0.5
2026-02-24,TSLA,put,ATM,market,50.0,12:30,12:35,target,0.5
2026-02-24,TSLA,put,ATM,market,50.0,14:00,16:00,forced,-0.86842
2026-02-25,TSLA,put,ATM,market,50.0,11:00,12:05,target,0.5
2026-02-25,TSLA,put,ATM,market,50.0,12:30,12:35,target,0.5
2026-02-25,TSLA,put,ATM,market,50.0,14:00,14:05,target,0.5
2026-02-26,TSLA,put,ATM,market,50.0,11:00,12:30,target,0.5
2026-02-26,TSLA,put,ATM,market,50.0,12:30,12:45,target,0.5
2026-02-26,TSLA,put,ATM,market,50.0,13:00,16:00,forced,-0.94429
2026-02-27,TSLA,put,ATM,market,50.0,11:30,13:30,target,0.5
2026-02-27,TSLA,put,ATM,market,50.0,14:00,14:25,target,0.5
2026-02-27,TSLA,put,ATM,market,50.0,14:30,15:25,target,0.5
2026-02-27,TSLA,put,ATM,market,50.0,15:30,15:35,target,0.5
2026-03-02,TSLA,put,ATM,market,50.0,11:00,12:35,target,0.5
2026-03-02,TSLA,put,ATM,market,50.0,14:00,14:05,target,0.5
2026-03-02,TSLA,put,ATM,market,50.0,14:30,16:00,forced,-0.94497
2026-03-03,TSLA,put,ATM,market,50.0,11:00,13:55,target,0.5
2026-03-03,TSLA,put,ATM,market,50.0,14:00,14:20,target,0.5
2026-03-03,TSLA,put,ATM,market,50.0,14:30,14:35,target,0.5
2026-03-04,TSLA,put,ATM,market,50.0,11:00,16:00,forced,-0.96802
2026-03-05,TSLA,put,ATM,market,50.0,11:00,16:00,forced,-0.94475
2026-03-06,TSLA,put,ATM,market,50.0,11:00,16:00,forced,-0.96414
2026-03-09,TSLA,put,ATM,market,50.0,11:00,11:50,target,0.5
2026-03-09,TSLA,put,ATM,market,50.0,12:00,16:00,forced,-0.96275
2026-03-10,TSLA,put,ATM,market,50.0,11:00,14:35,target,0.5
2026-03-10,TSLA,put,ATM,market,50.0,15:30,15:35,target,0.5
2026-03-11,TSLA,put,ATM,market,50.0,11:00,15:05,target,0.5
2026-03-11,TSLA,put,ATM,market,50.0,15:30,16:00,forced,-0.85842
2026-03-12,TSLA,put,ATM,market,50.0,11:00,11:10,target,0.5
2026-03-12,TSLA,put,ATM,market,50.0,12:00,12:05,target,0.5
2026-03-12,TSLA,put,ATM,market,50.0,12:30,12:45,target,0.5
2026-03-12,TSLA,put,ATM,market,50.0,13:00,13:20,target,0.5
2026-03-13,TSLA,put,ATM,market,50.0,11:00,11:10,target,0.5
2026-03-13,TSLA,put,ATM,market,50.0,12:00,16:00,forced,-0.94954
2026-02-16,TSLA,put,ATM,market,60.0,11:00,11:15,target,0.6
2026-02-16,TSLA,put,ATM,market,60.0,11:30,13:05,target,0.6
2026-02-16,TSLA,put,ATM,market,60.0,13:30,14:15,target,0.6
2026-02-16,TSLA,put,ATM,market,60.0,14:30,16:00,target,0.6
2026-02-17,TSLA,put,ATM,market,60.0,11:00,13:20,target,0.6
2026-02-17,TSLA,put,ATM,market,60.0,13:30,16:00,forced,-0.95166
2026-02-18,TSLA,put,ATM,market,60.0,10:30,10:35,target,0.6
2026-02-18,TSLA,put,ATM,market,60.0,14:00,14:20,target,0.6
2026-02-18,TSLA,put,ATM,market,60.0,14:30,16:00,forced,-0.95512
2026-02-19,TSLA,put,ATM,market,60.0,11:00,15:15,target,0.6
2026-02-19,TSLA,put,ATM,market,60.0,15:30,16:00,forced,-0.18553
2026-02-20,TSLA,put,ATM,market,60.0,11:00,12:15,target,0.6
2026-02-20,TSLA,put,ATM,market,60.0,14:30,15:05,target,0.6
2026-02-20,TSLA,put,ATM,market,60.0,15:30,15:35,target,0.6
2026-02-23,TSLA,put,ATM,market,60.0,11:00,16:00,forced,-0.95468
2026-02-24,TSLA,put,ATM,market,60.0,11:00,11:15,target,0.6
2026-02-24,TSLA,put,ATM,market,60.0,11:30,12:30,target,0.6
2026-02-24,TSLA,put,ATM,market,60.0,12:30,12:35,target,0.6
2026-02-24,TSLA,put,ATM,market,60.0,13:30,16:00,forced,-0.8794
2026-02-25,TSLA,put,ATM,market,60.0,11:00,12:10,target,0.6
2026-02-25,TSLA,put,ATM,market,60.0,12:30,12:35,target,0.6
2026-02-25,TSLA,put,ATM,market,60.0,13:30,14:05,target,0.6
2026-02-26,TSLA,put,ATM,market,60.0,11:00,12:30,target,0.6
2026-02-26,TSLA,put,ATM,market,60.0,12:30,16:00,forced,-0.92904
2026-02-27,TSLA,put,ATM,market,60.0,11:30,13:30,target,0.6
2026-02-27,TSLA,put,ATM,market,60.0,13:30,15:05,target,0.6
2026-02-27,TSLA,put,ATM,market,60.0,15:30,15:35,target,0.6
2026-03-02,TSLA,put,ATM,market,60.0,11:00,12:40,target,0.6
2026-03-02,TSLA,put,ATM,market,60.0,14:00,14:05,target,0.6
2026-03-02,TSLA,put,ATM,market,60.0,14:30,16:00,forced,-0.94497
2026-03-03,TSLA,put,ATM,market,60.0,11:00,13:55,target,0.6
2026-03-03,TSLA,put,ATM,market,60.0,14:00,14:35,target,0.6
2026-03-04,TSLA,put,ATM,market,60.0,11:00,16:00,forced,-0.96802
2026-03-05,TSLA,put,ATM,market,60.0,11:00,16:00,forced,-0.94475
2026-03-06,TSLA,put,ATM,market,60.0,11:00,16:00,forced,-0.96414
2026-03-09,TSLA,put,ATM,market,60.0,11:00,11:50,target,0.6
2026-03-09,TSLA,put,ATM,market,60.0,12:00,16:00,forced,-0.96275
2026-03-10,TSLA,put,ATM,market,60.0,11:00,14:35,target,0.6
2026-03-10,TSLA,put,ATM,market,60.0,15:30,15:35,target,0.6
2026-03-11,TSLA,put,ATM,market,60.0,11:00,16:00,forced,-0.96345
2026-03-12,TSLA,put,ATM,market,60.0,11:00,11:10,target,0.6
2026-03-12,TSLA,put,ATM,market,60.0,12:00,12:05,target,0.6
2026-03-12,TSLA,put,ATM,market,60.0,12:30,12:45,target,0.6
2026-03-12,TSLA,put,ATM,market,60.0,13:00,13:20,target,0.6
2026-03-13,TSLA,put,ATM,market,60.0,11:00,11:20,target,0.6
2026-03-13,TSLA,put,ATM,market,60.0,12:00,16:00,forced,-0.94954
2026-02-16,TSLA,put,ATM,market,70.0,11:30,13:05,target,0.7
2026-02-16,TSLA,put,ATM,market,70.0,13:30,14:15,target,0.7
2026-02-16,TSLA,put,ATM,market,70.0,14:30,16:00,target,0.7
2026-02-17,TSLA,put,ATM,market,70.0,11:30,11:35,target,0.7
2026-02-17,TSLA,put,ATM,market,70.0,12:30,13:05,target,0.7
2026-02-17,TSLA,put,ATM,market,70.0,13:30,16:00,forced,-0.95166
2026-02-18,TSLA,put,ATM,market,70.0,10:30,10:35,target,0.7
2026-02-18,TSLA,put,ATM,market,70.0,14:00,14:20,target,0.7
2026-02-18,TSLA,put,ATM,market,70.0,14:30,16:00,forced,-0.95512
2026-02-19,TSLA,put,ATM,market,70.0,11:00,15:15,target,0.7
2026-02-19,TSLA,put,ATM,market,70.0,15:30,16:00,forced,-0.18553
2026-02-20,TSLA,put,ATM,market,70.0,11:30,12:05,target,0.7
2026-02-20,TSLA,put,ATM,market,70.0,14:30,15:05,target,0.7
2026-02-20,TSLA,put,ATM,market,70.0,15:30,15:35,target,0.7
2026-02-23,TSLA,put,ATM,market,70.0,11:30,16:00,forced,-0.95412
2026-02-24,TSLA,put,ATM,market,70.0,11:30,12:30,target,0.7
2026-02-24,TSLA,put,ATM,market,70.0,12:30,12:35,target,0.7
2026-02-24,TSLA,put,ATM,market,70.0,13:30,16:00,forced,-0.8794
2026-02-25,TSLA,put,ATM,market,70.0,11:30,12:10,target,0.7
2026-02-25,TSLA,put,ATM,market,70.0,12:30,12:35,target,0.7
2026-02-25,TSLA,put,ATM,market,70.0,13:30,14:05,target,0.7
2026-02-26,TSLA,put,ATM,market,70.0,11:30,12:25,target,0.7
2026-02-26,TSLA,put,ATM,market,70.0,12:30,16:00,forced,-0.92904
2026-02-27,TSLA,put,ATM,market,70.0,11:30,13:30,target,0.7
2026-02-27,TSLA,put,ATM,market,70.0,13:30,15:05,target,0.7
2026-02-27,TSLA,put,ATM,market,70.0,15:30,15:35,target,0.7
2026-03-02,TSLA,put,ATM,market,70.0,11:00,12:40,target,0.7
2026-03-02,TSLA,put,ATM,market,70.0,13:00,16:00,forced,-0.96216
2026-03-03,TSLA,put,ATM,market,70.0,11:00,13:55,target,0.7
2026-03-03,TSLA,put,ATM,market,70.0,14:00,14:35,target,0.7
2026-03-04,TSLA,put,ATM,market,70.0,11:00,16:00,forced,-0.96802
2026-03-05,TSLA,put,ATM,market,70.0,11:00,16:00,forced,-0.94475
2026-03-06,TSLA,put,ATM,market,70.0,11:00,16:00,forced,-0.96414
2026-03-09,TSLA,put,ATM,market,70.0,11:00,11:50,target,0.7
2026-03-09,TSLA,put,ATM,market,70.0,12:00,16:00,forced,-0.96275
2026-03-10,TSLA,put,ATM,market,70.0,11:00,14:35,target,0.7
2026-03-10,TSLA,put,ATM,market,70.0,15:30,15:35,target,0.7
2026-03-11,TSLA,put,ATM,market,70.0,11:00,16:00,forced,-0.96345
2026-03-12,TSLA,put,ATM,market,70.0,11:00,11:45,target,0.7
2026-03-12,TSLA,put,ATM,market,70.0,12:00,12:05,target,0.7
2026-03-12,TSLA,put,ATM,market,70.0,12:30,12:45,target,0.7
2026-03-12,TSLA,put,ATM,market,70.0,13:00,13:20,target,0.7
2026-03-13,TSLA,put,ATM,market,70.0,11:00,16:00,forced,-0.95736
2026-02-16,TSLA,put,ATM,market,75.0,11:30,13:05,target,0.75
2026-02-16,TSLA,put,ATM,market,75.0,13:30,14:15,target,0.75
2026-02-16,TSLA,put,ATM,market,75.0,14:30,16:00,target,0.75
2026-02-17,TSLA,put,ATM,market,75.0,11:30,11:35,target,0.75
2026-02-17,TSLA,put,ATM,market,75.0,12:30,13:05,target,0.75
2026-02-17,TSLA,put,ATM,market,75.0,13:30,16:00,forced,-0.95166
2026-02-18,TSLA,put,ATM,market,75.0,10:30,10:35,target,0.75
2026-02-18,TSLA,put,ATM,market,75.0,14:00,14:20,target,0.75
2026-02-18,TSLA,put,ATM,market,75.0,14:30,16:00,forced,-0.95512
2026-02-19,TSLA,put,ATM,market,75.0,11:00,15:15,target,0.75
2026-02-19,TSLA,put,ATM,market,75.0,15:30,16:00,forced,-0.18553
2026-02-20,TSLA,put,ATM,market,75.0,11:30,12:05,target,0.75
2026-02-20,TSLA,put,ATM,market,75.0,14:30,15:05,target,0.75
2026-02-20,TSLA,put,ATM,market,75.0,15:30,15:35,target,0.75
2026-02-23,TSLA,put,ATM,market,75.0,11:30,16:00,forced,-0.95412
2026-02-24,TSLA,put,ATM,market,75.0,11:30,12:30,target,0.75
2026-02-24,TSLA,put,ATM,market,75.0,12:30,12:35,target,0.75
2026-02-24,TSLA,put,ATM,market,75.0,13:30,16:00,forced,-0.8794
2026-02-25,TSLA,put,ATM,market,75.0,11:30,12:15,target,0.75
2026-02-25,TSLA,put,ATM,market,75.0,12:30,12:35,target,0.75
2026-02-25,TSLA,put,ATM,market,75.0,13:30,14:05,target,0.75
2026-02-26,TSLA,put,ATM,market,75.0,11:30,12:25,target,0.75
2026-02-26,TSLA,put,ATM,market,75.0,12:30,16:00,forced,-0.92904
2026-02-27,TSLA,put,ATM,market,75.0,11:30,13:30,target,0.75
2026-02-27,TSLA,put,ATM,market,75.0,13:30,15:05,target,0.75
2026-02-27,TSLA,put,ATM,market,75.0,15:30,15:35,target,0.75
2026-03-02,TSLA,put,ATM,market,75.0,11:00,16:00,forced,-0.97381
2026-03-03,TSLA,put,ATM,market,75.0,11:00,13:55,target,0.75
2026-03-03,TSLA,put,ATM,market,75.0,14:00,14:35,target,0.75
2026-03-04,TSLA,put,ATM,market,75.0,11:00,16:00,forced,-0.96802
2026-03-05,TSLA,put,ATM,market,75.0,11:00,16:00,forced,-0.94475
2026-03-06,TSLA,put,ATM,market,75.0,11:00,16:00,forced,-0.96414
2026-03-09,TSLA,put,ATM,market,75.0,11:00,11:50,target,0.75
2026-03-09,TSLA,put,ATM,market,75.0,12:00,16:00,forced,-0.96275
2026-03-10,TSLA,put,ATM,market,75.0,11:00,14:35,target,0.75
2026-03-10,TSLA,put,ATM,market,75.0,15:30,15:35,target,0.75
2026-03-11,TSLA,put,ATM,market,75.0,11:00,16:00,forced,-0.96345
2026-03-12,TSLA,put,ATM,market,75.0,11:00,11:45,target,0.75
2026-03-12,TSLA,put,ATM,market,75.0,12:00,12:05,target,0.75
2026-03-12,TSLA,put,ATM,market,75.0,12:30,12:45,target,0.75
2026-03-12,TSLA,put,ATM,market,75.0,13:00,13:20,target,0.75
2026-03-13,TSLA,put,ATM,market,75.0,11:00,16:00,forced,-0.95736
2026-02-16,TSLA,put,ATM,market,80.0,11:00,11:30,target,0.8
2026-02-16,TSLA,put,ATM,market,80.0,11:30,14:15,target,0.8
2026-02-16,TSLA,put,ATM,market,80.0,14:30,16:00,target,0.8
2026-02-17,TSLA,put,ATM,market,80.0,11:00,13:20,target,0.8
2026-02-17,TSLA,put,ATM,market,80.0,13:30,16:00,forced,-0.95166
2026-02-18,TSLA,put,ATM,market,80.0,10:30,10:35,target,0.8
2026-02-18,TSLA,put,ATM,market,80.0,14:00,14:20,target,0.8
2026-02-18,TSLA,put,ATM,market,80.0,14:30,16:00,forced,-0.95512
2026-02-19,TSLA,put,ATM,market,80.0,11:00,15:15,target,0.8
2026-02-19,TSLA,put,ATM,market,80.0,15:30,16:00,forced,-0.18553
2026-02-20,TSLA,put,ATM,market,80.0,11:00,12:15,target,0.8
2026-02-20,TSLA,put,ATM,market,80.0,14:30,15:05,target,0.8
2026-02-20,TSLA,put,ATM,market,80.0,15:30,15:35,target,0.8
2026-02-23,TSLA,put,ATM,market,80.0,11:00,16:00,forced,-0.95468
2026-02-24,TSLA,put,ATM,market,80.0,11:00,11:15,target,0.8
2026-02-24,TSLA,put,ATM,market,80.0,11:30,12:30,target,0.8
2026-02-24,TSLA,put,ATM,market,80.0,12:30,12:35,target,0.8
2026-02-24,TSLA,put,ATM,market,80.0,13:30,16:00,forced,-0.8794
2026-02-25,TSLA,put,ATM,market,80.0,11:00,12:10,target,0.8
2026-02-25,TSLA,put,ATM,market,80.0,12:30,12:35,target,0.8
2026-02-25,TSLA,put,ATM,market,80.0,13:30,14:05,target,0.8
2026-02-26,TSLA,put,ATM,market,80.0,11:00,12:30,target,0.8
2026-02-26,TSLA,put,ATM,market,80.0,12:30,16:00,forced,-0.92904
2026-02-27,TSLA,put,ATM,market,80.0,11:30,13:30,target,0.8
2026-02-27,TSLA,put,ATM,market,80.0,13:30,15:25,target,0.8
2026-02-27,TSLA,put,ATM,market,80.0,15:30,15:35,target,0.8
2026-03-02,TSLA,put,ATM,market,80.0,11:00,16:00,forced,-0.97381
2026-03-03,TSLA,put,ATM,market,80.0,11:00,13:55,target,0.8
2026-03-03,TSLA,put,ATM,market,80.0,14:00,14:35,target,0.8
2026-03-04,TSLA,put,ATM,market,80.0,11:00,16:00,forced,-0.96802
2026-03-05,TSLA,put,ATM,market,80.0,11:00,16:00,forced,-0.94475
2026-03-06,TSLA,put,ATM,market,80.0,11:00,16:00,forced,-0.96414
2026-03-09,TSLA,put,ATM,market,80.0,11:00,11:50,target,0.8
2026-03-09,TSLA,put,ATM,market,80.0,12:00,16:00,forced,-0.96275
2026-03-10,TSLA,put,ATM,market,80.0,11:00,14:35,target,0.8
2026-03-10,TSLA,put,ATM,market,80.0,15:30,15:35,target,0.8
2026-03-11,TSLA,put,ATM,market,80.0,11:00,16:00,forced,-0.96345
2026-03-12,TSLA,put,ATM,market,80.0,11:00,11:45,target,0.8
2026-03-12,TSLA,put,ATM,market,80.0,12:00,12:05,target,0.8
2026-03-12,TSLA,put,ATM,market,80.0,12:30,12:55,target,0.8
2026-03-12,TSLA,put,ATM,market,80.0,13:00,13:20,target,0.8
2026-03-13,TSLA,put,ATM,market,80.0,11:00,16:00,forced,-0.95736
2026-02-16,TSLA,put,ATM,market,90.0,11:30,14:15,target,0.9
2026-02-16,TSLA,put,ATM,market,90.0,14:30,16:00,target,0.9
2026-02-17,TSLA,put,ATM,market,90.0,11:30,11:35,target,0.9
2026-02-17,TSLA,put,ATM,market,90.0,12:30,13:05,target,0.9
2026-02-17,TSLA,put,ATM,market,90.0,13:30,16:00,forced,-0.95166
2026-02-18,TSLA,put,ATM,market,90.0,10:00,11:00,target,0.9
2026-02-18,TSLA,put,ATM,market,90.0,14:00,14:20,target,0.9
2026-02-18,TSLA,put,ATM,market,90.0,14:30,16:00,forced,-0.95512
2026-02-19,TSLA,put,ATM,market,90.0,11:00,15:15,target,0.9
2026-02-19,TSLA,put,ATM,market,90.0,15:30,16:00,forced,-0.18553
2026-02-20,TSLA,put,ATM,market,90.0,11:30,12:05,target,0.9
2026-02-20,TSLA,put,ATM,market,90.0,14:30,15:05,target,0.9
2026-02-20,TSLA,put,ATM,market,90.0,15:30,15:35,target,0.9
2026-02-23,TSLA,put,ATM,market,90.0,11:30,16:00,forced,-0.95412
2026-02-24,TSLA,put,ATM,market,90.0,11:30,12:30,target,0.9
2026-02-24,TSLA,put,ATM,market,90.0,12:30,12:35,target,0.9
2026-02-24,TSLA,put,ATM,market,90.0,13:00,16:00,forced,-0.97293
2026-02-25,TSLA,put,ATM,market,90.0,11:30,12:15,target,0.9
2026-02-25,TSLA,put,ATM,market,90.0,12:30,12:35,target,0.9
2026-02-25,TSLA,put,ATM,market,90.0,13:00,14:20,target,0.9
2026-02-26,TSLA,put,ATM,market,90.0,11:30,12:25,target,0.9
2026-02-26,TSLA,put,ATM,market,90.0,12:30,16:00,forced,-0.92904
2026-02-27,TSLA,put,ATM,market,90.0,11:30,13:35,target,0.9
2026-02-27,TSLA,put,ATM,market,90.0,14:00,14:25,target,0.9
2026-02-27,TSLA,put,ATM,market,90.0,14:30,15:25,target,0.9
2026-02-27,TSLA,put,ATM,market,90.0,15:30,15:35,target,0.9
2026-03-02,TSLA,put,ATM,market,90.0,11:00,16:00,forced,-0.97381
2026-03-03,TSLA,put,ATM,market,90.0,11:00,13:55,target,0.9
2026-03-03,TSLA,put,ATM,market,90.0,14:00,14:35,target,0.9
2026-03-04,TSLA,put,ATM,market,90.0,11:00,16:00,forced,-0.96802
2026-03-05,TSLA,put,ATM,market,90.0,11:00,16:00,forced,-0.94475
2026-03-06,TSLA,put,ATM,market,90.0,11:00,16:00,forced,-0.96414
2026-03-09,TSLA,put,ATM,market,90.0,11:00,11:55,target,0.9
2026-03-09,TSLA,put,ATM,market,90.0,12:00,16:00,forced,-0.96275
2026-03-10,TSLA,put,ATM,market,90.0,11:00,14:35,target,0.9
2026-03-10,TSLA,put,ATM,market,90.0,15:30,15:35,target,0.9
2026-03-11,TSLA,put,ATM,market,90.0,11:00,16:00,forced,-0.96345
2026-03-12,TSLA,put,ATM,market,90.0,11:00,11:45,target,0.9
2026-03-12,TSLA,put,ATM,market,90.0,12:00,12:05,target,0.9
2026-03-12,TSLA,put,ATM,market,90.0,12:30,12:55,target,0.9
2026-03-12,TSLA,put,ATM,market,90.0,13:00,13:20,target,0.9
2026-03-13,TSLA,put,ATM,market,90.0,11:00,16:00,forced,-0.95736
2026-02-16,TSLA,put,ATM,market,100.0,11:30,14:15,target,1.0
2026-02-16,TSLA,put,ATM,market,100.0,14:30,16:00,target,1.0
2026-02-17,TSLA,put,ATM,market,100.0,11:30,11:35,target,1.0
2026-02-17,TSLA,put,ATM,market,100.0,12:30,13:10,target,1.0
2026-02-17,TSLA,put,ATM,market,100.0,13:30,16:00,forced,-0.95166
2026-02-18,TSLA,put,ATM,market,100.0,10:30,10:40,target,1.0
2026-02-18,TSLA,put,ATM,market,100.0,14:30,16:00,forced,-0.95512
2026-02-19,TSLA,put,ATM,market,100.0,11:00,15:20,target,1.0
2026-02-19,TSLA,put,ATM,market,100.0,15:30,16:00,forced,-0.18553
2026-02-20,TSLA,put,ATM,market,100.0,11:30,12:05,target,1.0
2026-02-20,TSLA,put,ATM,market,100.0,14:30,15:05,target,1.0
2026-02-20,TSLA,put,ATM,market,100.0,15:30,15:35,target,1.0
2026-02-23,TSLA,put,ATM,market,100.0,11:30,16:00,forced,-0.95412
2026-02-24,TSLA,put,ATM,market,100.0,11:30,12:30,target,1.0
2026-02-24,TSLA,put,ATM,market,100.0,12:30,12:35,target,1.0
2026-02-24,TSLA,put,ATM,market,100.0,13:00,16:00,forced,-0.97293
2026-02-25,TSLA,put,ATM,market,100.0,11:30,12:15,target,1.0
2026-02-25,TSLA,put,ATM,market,100.0,12:30,12:40,target,1.0
2026-02-25,TSLA,put,ATM,market,100.0,13:00,14:20,target,1.0
2026-02-26,TSLA,put,ATM,market,100.0,11:30,12:25,target,1.0
2026-02-26,TSLA,put,ATM,market,100.0,12:30,16:00,forced,-0.92904
2026-02-27,TSLA,put,ATM,market,100.0,11:30,13:35,target,1.0
2026-02-27,TSLA,put,ATM,market,100.0,14:30,15:25,target,1.0
2026-02-27,TSLA,put,ATM,market,100.0,15:30,15:35,target,1.0
2026-03-02,TSLA,put,ATM,market,100.0,11:00,16:00,forced,-0.97381
2026-03-03,TSLA,put,ATM,market,100.0,11:00,13:55,target,1.0
2026-03-03,TSLA,put,ATM,market,100.0,14:00,14:35,target,1.0
2026-03-04,TSLA,put,ATM,market,100.0,11:00,16:00,forced,-0.96802
2026-03-05,TSLA,put,ATM,market,100.0,11:00,16:00,forced,-0.94475
2026-03-06,TSLA,put,ATM,market,100.0,11:00,16:00,forced,-0.96414
2026-03-09,TSLA,put,ATM,market,100.0,11:00,11:55,target,1.0
2026-03-09,TSLA,put,ATM,market,100.0,12:00,16:00,forced,-0.96275
2026-03-10,TSLA,put,ATM,market,100.0,11:00,14:35,target,1.0
2026-03-10,TSLA,put,ATM,market,100.0,15:30,15:35,target,1.0
2026-03-11,TSLA,put,ATM,market,100.0,11:00,16:00,forced,-0.96345
2026-03-12,TSLA,put,ATM,market,100.0,11:00,11:45,target,1.0
2026-03-12,TSLA,put,ATM,market,100.0,12:00,12:05,target,1.0
2026-03-12,TSLA,put,ATM,market,100.0,12:30,12:55,target,1.0
2026-03-12,TSLA,put,ATM,market,100.0,13:00,13:25,target,1.0
2026-03-13,TSLA,put,ATM,market,100.0,11:00,16:00,forced,-0.95736
2026-02-16,TSLA,put,ITM,mid,20.0,10:30,11:15,target,0.2
2026-02-16,TSLA,put,ITM,mid,20.0,11:30,11:55,target,0.2
2026-02-16,TSLA,put,ITM,mid,20.0,12:00,13:05,target,0.2
2026-02-16,TSLA,put,ITM,mid,20.0,14:30,15:55,target,0.2
2026-02-17,TSLA,put,ITM,mid,20.0,11:00,11:10,target,0.2
2026-02-17,TSLA,put,ITM,mid,20.0,11:30,11:35,target,0.2
2026-02-17,TSLA,put,ITM,mid,20.0,12:00,13:10,target,0.2
2026-02-17,TSLA,put,ITM,mid,20.0,13:30,16:00,forced,-0.98824
2026-02-18,TSLA,put,ITM,mid,20.0,11:00,12:25,target,0.2
2026-02-18,TSLA,put,ITM,mid,20.0,13:00,16:00,forced,-0.99299
2026-02-19,TSLA,put,ITM,mid,20.0,10:30,16:00,forced,-0.24355
2026-02-20,TSLA,put,ITM,mid,20.0,11:00,12:10,target,0.2
2026-02-20,TSLA,put,ITM,mid,20.0,13:00,13:15,target,0.2
2026-02-20,TSLA,put,ITM,mid,20.0,14:30,15:05,target,0.2
2026-02-20,TSLA,put,ITM,mid,20.0,15:30,15:50,target,0.2
2026-02-23,TSLA,put,ITM,mid,20.0,11:00,16:00,forced,-0.17319
2026-02-24,TSLA,put,ITM,mid,20.0,11:00,11:05,target,0.2
2026-02-24,TSLA,put,ITM,mid,20.0,11:30,12:20,target,0.2
2026-02-24,TSLA,put,ITM,mid,20.0,13:00,13:20,target,0.2
2026-02-24,TSLA,put,ITM,mid,20.0,14:30,16:00,forced,-0.56803
2026-02-25,TSLA,put,ITM,mid,20.0,11:00,12:05,target,0.2
2026-02-25,TSLA,put,ITM,mid,20.0,13:00,14:20,target,0.2
2026-02-25,TSLA,put,ITM,mid,20.0,14:30,14:50,target,0.2
2026-02-25,TSLA,put,ITM,mid,20.0,15:00,16:00,forced,-0.11602
2026-02-26,TSLA,put,ITM,mid,20.0,11:00,11:05,target,0.2
2026-02-26,TSLA,put,ITM,mid,20.0,11:30,11:40,target,0.2
2026-02-26,TSLA,put,ITM,mid,20.0,13:00,16:00,forced,-0.98686
2026-02-27,TSLA,put,ITM,mid,20.0,10:00,16:00,forced,-0.13146
2026-03-02,TSLA,put,ITM,mid,20.0,11:00,12:40,target,0.2
2026-03-02,TSLA,put,ITM,mid,20.0,13:00,16:00,forced,-0.99224
2026-03-03,TSLA,put,ITM,mid,20.0,11:00,13:50,target,0.2
2026-03-03,TSLA,put,ITM,mid,20.0,14:00,14:35,target,0.2
2026-03-03,TSLA,put,ITM,mid,20.0,15:00,16:00,forced,-0.00425
2026-03-04,TSLA,put,ITM,mid,20.0,11:00,16:00,forced,-0.98603
2026-03-05,TSLA,put,ITM,mid,20.0,11:00,16:00,forced,-0.98962
2026-03-06,TSLA,put,ITM,mid,20.0,11:00,16:00,forced,-0.98434
2026-03-09,TSLA,put,ITM,mid,20.0,11:00,11:50,target,0.2
2026-03-09,TSLA,put,ITM,mid,20.0,12:00,16:00,forced,-0.99147
2026-03-10,TSLA,put,ITM,mid,20.0,11:00,14:10,target,0.2
2026-03-10,TSLA,put,ITM,mid,20.0,14:30,14:35,target,0.2
2026-03-10,TSLA,put,ITM,mid,20.0,15:00,15:20,target,0.2
2026-03-10,TSLA,put,ITM,mid,20.0,15:30,15:35,target,0.2
2026-03-11,TSLA,put,ITM,mid,20.0,11:00,13:25,target,0.2
2026-03-11,TSLA,put,ITM,mid,20.0,14:00,14:10,target,0.2
2026-03-11,TSLA,put,ITM,mid,20.0,14:30,14:35,target,0.2
2026-03-11,TSLA,put,ITM,mid,20.0,15:00,15:05,target,0.2
2026-03-11,TSLA,put,ITM,mid,20.0,15:30,16:00,forced,-0.42176
2026-03-12,TSLA,put,ITM,mid,20.0,11:30,11:50,target,0.2
2026-03-12,TSLA,put,ITM,mid,20.0,12:00,12:05,target,0.2
2026-03-12,TSLA,put,ITM,mid,20.0,13:00,13:20,target,0.2
2026-03-12,TSLA,put,ITM,mid,20.0,14:00,14:20,target,0.2
2026-03-12,TSLA,put,ITM,mid,20.0,14:30,15:05,target,0.2
2026-03-12,TSLA,put,ITM,mid,20.0,15:30,16:00,forced,-0.04815
2026-03-13,TSLA,put,ITM,mid,20.0,10:00,16:00,forced,-0.99169
2026-02-16,TSLA,put,ITM,mid,25.0,10:00,10:05,target,0.25
2026-02-16,TSLA,put,ITM,mid,25.0,10:30,11:15,target,0.25
2026-02-16,TSLA,put,ITM,mid,25.0,11:30,11:55,target,0.25
2026-02-16,TSLA,put,ITM,mid,25.0,13:00,15:55,target,0.25
2026-02-17,TSLA,put,ITM,mid,25.0,11:00,11:10,target,0.25
2026-02-17,TSLA,put,ITM,mid,25.0,11:30,11:35,target,0.25
2026-02-17,TSLA,put,ITM,mid,25.0,12:00,13:20,target,0.25
2026-02-17,TSLA,put,ITM,mid,25.0,13:30,16:00,forced,-0.98824
2026-02-18,TSLA,put,ITM,mid,25.0,11:00,12:40,target,0.25
2026-02-18,TSLA,put,ITM,mid,25.0,13:00,16:00,forced,-0.99299
2026-02-19,TSLA,put,ITM,mid,25.0,10:00,16:00,forced,-0.47406
2026-02-20,TSLA,put,ITM,mid,25.0,11:00,12:15,target,0.25
2026-02-20,TSLA,put,ITM,mid,25.0,13:00,16:00,forced,-0.26633
2026-02-23,TSLA,put,ITM,mid,25.0,11:00,16:00,forced,-0.17319
2026-02-24,TSLA,put,ITM,mid,25.0,11:00,11:05,target,0.25
2026-02-24,TSLA,put,ITM,mid,25.0,11:30,12:30,target,0.25
2026-02-24,TSLA,put,ITM,mid,25.0,13:00,16:00,forced,-0.72369
2026-02-25,TSLA,put,ITM,mid,25.0,11:00,12:05,target,0.25
2026-02-25,TSLA,put,ITM,mid,25.0,13:00,14:20,target,0.25
2026-02-25,TSLA,put,ITM,mid,25.0,14:30,14:55,target,0.25
2026-02-25,TSLA,put,ITM,mid,25.0,15:00,16:00,forced,-0.11602
2026-02-26,TSLA,put,ITM,mid,25.0,11:00,11:05,target,0.25
2026-02-26,TSLA,put,ITM,mid,25.0,11:30,12:25,target,0.25
2026-02-26,TSLA,put,ITM,mid,25.0,13:00,16:00,forced,-0.98686
2026-02-27,TSLA,put,ITM,mid,25.0,10:00,16:00,forced,-0.13146
2026-03-02,TSLA,put,ITM,mid,25.0,11:00,16:00,forced,-0.99496
2026-03-03,TSLA,put,ITM,mid,25.0,11:00,13:50,target,0.25
2026-03-03,TSLA,put,ITM,mid,25.0,14:00,14:35,target,0.25
2026-03-03,TSLA,put,ITM,mid,25.0,15:00,16:00,forced,-0.00425
2026-03-04,TSLA,put,ITM,mid,25.0,11:00,16:00,forced,-0.98603
2026-03-05,TSLA,put,ITM,mid,25.0,11:00,16:00,forced,-0.98962
2026-03-06,TSLA,put,ITM,mid,25.0,11:00,16:00,forced,-0.98434
2026-03-09,TSLA,put,ITM,mid,25.0,11:00,11:50,target,0.25
2026-03-09,TSLA,put,ITM,mid,25.0,12:00,16:00,forced,-0.99147
2026-03-10,TSLA,put,ITM,mid,25.0,11:00,14:10,target,0.25
2026-03-10,TSLA,put,ITM,mid,25.0,14:30,14:35,target,0.25
2026-03-10,TSLA,put,ITM,mid,25.0,15:00,15:35,target,0.25
2026-03-11,TSLA,put,ITM,mid,25.0,11:00,15:05,target,0.25
2026-03-11,TSLA,put,ITM,mid,25.0,15:30,16:00,forced,-0.42176
2026-03-12,TSLA,put,ITM,mid,25.0,11:30,11:50,target,0.25
2026-03-12,TSLA,put,ITM,mid,25.0,12:00,12:05,target,0.25
2026-03-12,TSLA,put,ITM,mid,25.0,13:00,13:25,target,0.25
2026-03-12,TSLA,put,ITM,mid,25.0,14:00,14:25,target,0.25
2026-03-12,TSLA,put,ITM,mid,25.0,14:30,15:15,target,0.25
2026-03-12,TSLA,put,ITM,mid,25.0,15:30,16:00,forced,-0.04815
2026-03-13,TSLA,put,ITM,mid,25.0,10:00,16:00,forced,-0.99169
2026-02-16,TSLA,put,ITM,mid,30.0,10:00,10:05,target,0.3
2026-02-16,TSLA,put,ITM,mid,30.0,11:30,11:55,target,0.3
2026-02-16,TSLA,put,ITM,mid,30.0,12:00,14:15,target,0.3
2026-02-16,TSLA,put,ITM,mid,30.0,14:30,15:55,target,0.3
2026-02-17,TSLA,put,ITM,mid,30.0,11:00,11:35,target,0.3
2026-02-17,TSLA,put,ITM,mid,30.0,12:00,13:20,target,0.3
2026-02-17,TSLA,put,ITM,mid,30.0,13:30,16:00,forced,-0.98824
2026-02-18,TSLA,put,ITM,mid,30.0,11:00,12:40,target,0.3
2026-02-18,TSLA,put,ITM,mid,30.0,13:00,16:00,forced,-0.99299
2026-02-19,TSLA,put,ITM,mid,30.0,10:00,16:00,forced,-0.47406
2026-02-20,TSLA,put,ITM,mid,30.0,11:00,12:15,target,0.3
2026-02-20,TSLA,put,ITM,mid,30.0,13:00,16:00,forced,-0.26633
2026-02-23,TSLA,put,ITM,mid,30.0,11:00,16:00,forced,-0.17319
2026-02-24,TSLA,put,ITM,mid,30.0,11:00,11:10,target,0.3
2026-02-24,TSLA,put,ITM,mid,30.0,11:30,12:30,target,0.3
2026-02-24,TSLA,put,ITM,mid,30.0,13:00,16:00,forced,-0.72369
2026-02-25,TSLA,put,ITM,mid,30.0,11:00,12:10,target,0.3
2026-02-25,TSLA,put,ITM,mid,30.0,13:00,14:20,target,0.3
2026-02-25,TSLA,put,ITM,mid,30.0,14:30,16:00,forced,0.12659
2026-02-26,TSLA,put,ITM,mid,30.0,11:00,12:25,target,0.3
2026-02-26,TSLA,put,ITM,mid,30.0,13:00,16:00,forced,-0.98686
2026-02-27,TSLA,put,ITM,mid,30.0,10:00,16:00,forced,-0.13146
2026-03-02,TSLA,put,ITM,mid,30.0,11:00,16:00,forced,-0.99496
2026-03-03,TSLA,put,ITM,mid,30.0,11:00,13:50,target,0.3
2026-03-03,TSLA,put,ITM,mid,30.0,14:00,14:35,target,0.3
2026-03-03,TSLA,put,ITM,mid,30.0,15:00,16:00,forced,-0.00425
2026-03-04,TSLA,put,ITM,mid,30.0,11:00,16:00,forced,-0.98603
2026-03-05,TSLA,put,ITM,mid,30.0,11:00,16:00,forced,-0.98962
2026-03-06,TSLA,put,ITM,mid,30.0,11:00,16:00,forced,-0.98434
2026-03-09,TSLA,put,ITM,mid,30.0,11:00,11:50,target,0.3
2026-03-09,TSLA,put,ITM,mid,30.0,12:00,16:00,forced,-0.99147
2026-03-10,TSLA,put,ITM,mid,30.0,11:00,14:10,target,0.3
2026-03-10,TSLA,put,ITM,mid,30.0,14:30,14:35,target,0.3
2026-03-10,TSLA,put,ITM,mid,30.0,15:00,15:35,target,0.3
2026-03-11,TSLA,put,ITM,mid,30.0,11:00,16:00,forced,-0.41317
2026-03-12,TSLA,put,ITM,mid,30.0,11:30,11:50,target,0.3
2026-03-12,TSLA,put,ITM,mid,30.0,12:00,12:05,target,0.3
2026-03-12,TSLA,put,ITM,mid,30.0,13:00,13:25,target,0.3
2026-03-12,TSLA,put,ITM,mid,30.0,14:00,14:25,target,0.3
2026-03-12,TSLA,put,ITM,mid,30.0,14:30,15:20,target,0.3
2026-03-12,TSLA,put,ITM,mid,30.0,15:30,16:00,forced,-0.04815
2026-03-13,TSLA,put,ITM,mid,30.0,10:00,16:00,forced,-0.99169
2026-02-16,TSLA,put,ITM,mid,40.0,10:00,15:55,target,0.4
2026-02-17,TSLA,put,ITM,mid,40.0,10:00,16:00,forced,-0.98916
2026-02-18,TSLA,put,ITM,mid,40.0,10:00,11:15,target,0.4
2026-02-18,TSLA,put,ITM,mid,40.0,11:30,12:20,target,0.4
2026-02-18,TSLA,put,ITM,mid,40.0,13:00,16:00,forced,-0.99299
2026-02-19,TSLA,put,ITM,mid,40.0,10:00,16:00,forced,-0.47406
2026-02-20,TSLA,put,ITM,mid,40.0,10:00,10:15,target,0.4
2026-02-20,TSLA,put,ITM,mid,40.0,11:00,12:20,target,0.4
2026-02-20,TSLA,put,ITM,mid,40.0,13:00,16:00,forced,-0.26633
2026-02-23,TSLA,put,ITM,mid,40.0,10:00,16:00,forced,-0.11772
2026-02-24,TSLA,put,ITM,mid,40.0,10:00,11:10,target,0.4
2026-02-24,TSLA,put,ITM,mid,40.0,11:30,12:30,target,0.4
2026-02-24,TSLA,put,ITM,mid,40.0,13:00,16:00,forced,-0.72369
2026-02-25,TSLA,put,ITM,mid,40.0,10:00,11:30,target,0.4
2026-02-25,TSLA,put,ITM,mid,40.0,11:30,12:40,target,0.4
2026-02-25,TSLA,put,ITM,mid,40.0,13:00,14:50,target,0.4
2026-02-25,TSLA,put,ITM,mid,40.0,15:00,16:00,forced,-0.11602
2026-02-26,TSLA,put,ITM,mid,40.0,10:00,16:00,forced,-0.99005
2026-02-27,TSLA,put,ITM,mid,40.0,10:00,16:00,forced,-0.13146
2026-03-02,TSLA,put,ITM,mid,40.0,11:00,16:00,forced,-0.99496
2026-03-03,TSLA,put,ITM,mid,40.0,11:00,13:55,target,0.4
2026-03-03,TSLA,put,ITM,mid,40.0,14:30,14:45,target,0.4
2026-03-03,TSLA,put,ITM,mid,40.0,15:00,16:00,forced,-0.00425
2026-03-04,TSLA,put,ITM,mid,40.0,11:00,16:00,forced,-0.98603
2026-03-05,TSLA,put,ITM,mid,40.0,11:00,16:00,forced,-0.98962
2026-03-06,TSLA,put,ITM,mid,40.0,11:00,16:00,forced,-0.98434
2026-03-09,TSLA,put,ITM,mid,40.0,11:00,11:55,target,0.4
2026-03-09,TSLA,put,ITM,mid,40.0,12:00,16:00,forced,-0.99147
2026-03-10,TSLA,put,ITM,mid,40.0,11:00,14:35,target,0.4
2026-03-10,TSLA,put,ITM,mid,40.0,15:00,15:40,target,0.4
2026-03-11,TSLA,put,ITM,mid,40.0,11:00,16:00,forced,-0.41317
2026-03-12,TSLA,put,ITM,mid,40.0,11:30,11:50,target,0.4
2026-03-12,TSLA,put,ITM,mid,40.0,12:00,12:05,target,0.4
2026-03-12,TSLA,put,ITM,mid,40.0,13:00,13:25,target,0.4
2026-03-12,TSLA,put,ITM,mid,40.0,14:30,15:25,target,0.4
2026-03-12,TSLA,put,ITM,mid,40.0,15:30,16:00,forced,-0.04815
2026-03-13,TSLA,put,ITM,mid,40.0,10:00,16:00,forced,-0.99169
2026-02-16,TSLA,put,ITM,mid,50.0,10:00,15:55,target,0.5
2026-02-17,TSLA,put,ITM,mid,50.0,10:00,16:00,forced,-0.98916
2026-02-18,TSLA,put,ITM,mid,50.0,10:00,12:20,target,0.5
2026-02-18,TSLA,put,ITM,mid,50.0,13:00,16:00,forced,-0.99299
2026-02-19,TSLA,put,ITM,mid,50.0,10:00,16:00,forced,-0.47406
2026-02-20,TSLA,put,ITM,mid,50.0,10:00,10:15,target,0.5
2026-02-20,TSLA,put,ITM,mid,50.0,11:00,12:20,target,0.5
2026-02-20,TSLA,put,ITM,mid,50.0,13:00,16:00,forced,-0.26633
2026-02-23,TSLA,put,ITM,mid,50.0,10:00,16:00,forced,-0.11772
2026-02-24,TSLA,put,ITM,mid,50.0,10:00,11:15,target,0.5
2026-02-24,TSLA,put,ITM,mid,50.0,11:30,12:35,target,0.5
2026-02-24,TSLA,put,ITM,mid,50.0,13:00,16:00,forced,-0.72369
2026-02-25,TSLA,put,ITM,mid,50.0,10:00,12:05,target,0.5
2026-02-25,TSLA,put,ITM,mid,50.0,13:00,14:55,target,0.5
2026-02-25,TSLA,put,ITM,mid,50.0,15:00,16:00,forced,-0.11602
2026-02-26,TSLA,put,ITM,mid,50.0,10:00,16:00,forced,-0.99005
2026-02-27,TSLA,put,ITM,mid,50.0,10:00,16:00,forced,-0.13146
2026-03-02,TSLA,put,ITM,mid,50.0,10:30,16:00,forced,-0.99501
2026-03-03,TSLA,put,ITM,mid,50.0,10:30,13:55,target,0.5
2026-03-03,TSLA,put,ITM,mid,50.0,14:30,14:50,target,0.5
2026-03-03,TSLA,put,ITM,mid,50.0,15:00,16:00,forced,-0.00425
2026-03-04,TSLA,put,ITM,mid,50.0,10:30,16:00,forced,-0.98239
2026-03-05,TSLA,put,ITM,mid,50.0,10:30,16:00,forced,-0.98851
2026-03-06,TSLA,put,ITM,mid,50.0,10:30,16:00,forced,-0.98133
2026-03-09,TSLA,put,ITM,mid,50.0,10:30,11:55,target,0.5
2026-03-09,TSLA,put,ITM,mid,50.0,12:00,16:00,forced,-0.99147
2026-03-10,TSLA,put,ITM,mid,50.0,11:00,14:35,target,0.5
2026-03-10,TSLA,put,ITM,mid,50.0,15:00,16:00,forced,0.28161
2026-03-11,TSLA,put,ITM,mid,50.0,10:30,10:40,target,0.5
2026-03-11,TSLA,put,ITM,mid,50.0,11:00,16:00,forced,-0.41317
2026-03-12,TSLA,put,ITM,mid,50.0,10:00,12:05,target,0.5
2026-03-12,TSLA,put,ITM,mid,50.0,13:00,13:25,target,0.5
2026-03-12,TSLA,put,ITM,mid,50.0,13:30,15:20,target,0.5
2026-03-12,TSLA,put,ITM,mid,50.0,15:30,16:00,forced,-0.04815
2026-03-13,TSLA,put,ITM,mid,50.0,10:00,16:00,forced,-0.99169
2026-02-16,TSLA,put,ITM,mid,60.0,10:00,16:00,target,0.6
2026-02-17,TSLA,put,ITM,mid,60.0,10:00,16:00,forced,-0.98916
2026-02-18,TSLA,put,ITM,mid,60.0,10:00,12:25,target,0.6
2026-02-18,TSLA,put,ITM,mid,60.0,13:00,16:00,forced,-0.99299
2026-02-19,TSLA,put,ITM,mid,60.0,10:00,16:00,forced,-0.47406
2026-02-20,TSLA,put,ITM,mid,60.0,10:00,10:15,target,0.6
2026-02-20,TSLA,put,ITM,mid,60.0,11:00,12:20,target,0.6
2026-02-20,TSLA,put,ITM,mid,60.0,13:00,16:00,forced,-0.26633
2026-02-23,TSLA,put,ITM,mid,60.0,10:00,16:00,forced,-0.11772
2026-02-24,TSLA,put,ITM,mid,60.0,10:00,11:15,target,0.6
2026-02-24,TSLA,put,ITM,mid,60.0,11:30,12:35,target,0.6
2026-02-24,TSLA,put,ITM,mid,60.0,13:00,16:00,forced,-0.72369
2026-02-25,TSLA,put,ITM,mid,60.0,10:00,12:10,target,0.6
2026-02-25,TSLA,put,ITM,mid,60.0,13:00,16:00,forced,0.39673
2026-02-26,TSLA,put,ITM,mid,60.0,10:00,16:00,forced,-0.99005
2026-02-27,TSLA,put,ITM,mid,60.0,10:00,16:00,forced,-0.13146
2026-03-02,TSLA,put,ITM,mid,60.0,10:30,16:00,forced,-0.99501
2026-03-03,TSLA,put,ITM,mid,60.0,10:30,13:55,target,0.6
2026-03-03,TSLA,put,ITM,mid,60.0,14:30,14:50,target,0.6
2026-03-03,TSLA,put,ITM,mid,60.0,15:30,16:00,forced,-0.06084
2026-03-04,TSLA,put,ITM,mid,60.0,10:30,16:00,forced,-0.98239
2026-03-05,TSLA,put,ITM,mid,60.0,10:30,16:00,forced,-0.98851
2026-03-06,TSLA,put,ITM,mid,60.0,10:30,16:00,forced,-0.98133
2026-03-09,TSLA,put,ITM,mid,60.0,10:30,11:55,target,0.6
2026-03-09,TSLA,put,ITM,mid,60.0,12:00,16:00,forced,-0.99147
2026-03-10,TSLA,put,ITM,mid,60.0,11:00,14:35,target,0.6
2026-03-10,TSLA,put,ITM,mid,60.0,15:30,16:00,forced,0.16252
2026-03-11,TSLA,put,ITM,mid,60.0,10:30,10:45,target,0.6
2026-03-11,TSLA,put,ITM,mid,60.0,11:00,16:00,forced,-0.41317
2026-03-12,TSLA,put,ITM,mid,60.0,10:00,12:05,target,0.6
2026-03-12,TSLA,put,ITM,mid,60.0,13:00,13:50,target,0.6
2026-03-12,TSLA,put,ITM,mid,60.0,14:30,16:00,forced,0.38754
2026-03-13,TSLA,put,ITM,mid,60.0,10:00,16:00,forced,-0.99169
2026-02-16,TSLA,put,ITM,mid,70.0,10:00,16:00,target,0.7
2026-02-17,TSLA,put,ITM,mid,70.0,10:00,16:00,forced,-0.98916
2026-02-18,TSLA,put,ITM,mid,70.0,10:00,12:40,target,0.7
2026-02-18,TSLA,put,ITM,mid,70.0,13:00,16:00,forced,-0.99299
2026-02-19,TSLA,put,ITM,mid,70.0,10:00,16:00,forced,-0.47406
2026-02-20,TSLA,put,ITM,mid,70.0,10:00,10:40,target,0.7
2026-02-20,TSLA,put,ITM,mid,70.0,11:00,12:25,target,0.7
2026-02-20,TSLA,put,ITM,mid,70.0,13:00,16:00,forced,-0.26633
2026-02-23,TSLA,put,ITM,mid,70.0,10:00,16:00,forced,-0.11772
2026-02-24,TSLA,put,ITM,mid,70.0,10:00,12:20,target,0.7
2026-02-24,TSLA,put,ITM,mid,70.0,13:00,16:00,forced,-0.72369
2026-02-25,TSLA,put,ITM,mid,70.0,10:00,12:15,target,0.7
2026-02-25,TSLA,put,ITM,mid,70.0,13:00,16:00,forced,0.39673
2026-02-26,TSLA,put,ITM,mid,70.0,10:00,16:00,forced,-0.99005
2026-02-27,TSLA,put,ITM,mid,70.0,10:00,16:00,forced,-0.13146
2026-03-02,TSLA,put,ITM,mid,70.0,10:30,16:00,forced,-0.99501
2026-03-03,TSLA,put,ITM,mid,70.0,10:30,13:55,target,0.7
2026-03-03,TSLA,put,ITM,mid,70.0,14:30,14:50,target,0.7
2026-03-03,TSLA,put,ITM,mid,70.0,15:30,16:00,forced,-0.06084
2026-03-04,TSLA,put,ITM,mid,70.0,10:30,16:00,forced,-0.98239
2026-03-05,TSLA,put,ITM,mid,70.0,10:30,16:00,forced,-0.98851
2026-03-06,TSLA,put,ITM,mid,70.0,10:30,16:00,forced,-0.98133
2026-03-09,TSLA,put,ITM,mid,70.0,10:30,16:00,forced,-0.99154
2026-03-10,TSLA,put,ITM,mid,70.0,10:00,10:55,target,0.7
2026-03-10,TSLA,put,ITM,mid,70.0,11:00,14:35,target,0.7
2026-03-10,TSLA,put,ITM,mid,70.0,15:30,16:00,forced,0.16252
2026-03-11,TSLA,put,ITM,mid,70.0,10:30,10:45,target,0.7
2026-03-11,TSLA,put,ITM,mid,70.0,11:00,16:00,forced,-0.41317
2026-03-12,TSLA,put,ITM,mid,70.0,10:00,12:05,target,0.7
2026-03-12,TSLA,put,ITM,mid,70.0,13:00,14:20,target,0.7
2026-03-12,TSLA,put,ITM,mid,70.0,14:30,16:00,forced,0.38754
2026-03-13,TSLA,put,ITM,mid,70.0,10:00,16:00,forced,-0.99169
2026-02-16,TSLA,put,ITM,mid,75.0,10:00,16:00,target,0.75
2026-02-17,TSLA,put,ITM,mid,75.0,10:00,16:00,forced,-0.98916
2026-02-18,TSLA,put,ITM,mid,75.0,10:00,12:40,target,0.75
2026-02-18,TSLA,put,ITM,mid,75.0,13:00,16:00,forced,-0.99299
2026-02-19,TSLA,put,ITM,mid,75.0,10:00,16:00,forced,-0.47406
2026-02-20,TSLA,put,ITM,mid,75.0,10:00,10:55,target,0.75
2026-02-20,TSLA,put,ITM,mid,75.0,11:00,12:25,target,0.75
2026-02-20,TSLA,put,ITM,mid,75.0,13:00,16:00,forced,-0.26633
2026-02-23,TSLA,put,ITM,mid,75.0,10:00,16:00,forced,-0.11772
2026-02-24,TSLA,put,ITM,mid,75.0,10:00,12:30,target,0.75
2026-02-24,TSLA,put,ITM,mid,75.0,13:00,16:00,forced,-0.72369
2026-02-25,TSLA,put,ITM,mid,75.0,10:00,12:15,target,0.75
2026-02-25,TSLA,put,ITM,mid,75.0,13:00,16:00,forced,0.39673
2026-02-26,TSLA,put,ITM,mid,75.0,10:00,16:00,forced,-0.99005
2026-02-27,TSLA,put,ITM,mid,75.0,10:00,16:00,forced,-0.13146
2026-03-02,TSLA,put,ITM,mid,75.0,10:30,16:00,forced,-0.99501
2026-03-03,TSLA,put,ITM,mid,75.0,10:30,13:55,target,0.75
2026-03-03,TSLA,put,ITM,mid,75.0,14:30,14:50,target,0.75
2026-03-03,TSLA,put,ITM,mid,75.0,15:30,16:00,forced,-0.06084
2026-03-04,TSLA,put,ITM,mid,75.0,10:30,16:00,forced,-0.98239
2026-03-05,TSLA,put,ITM,mid,75.0,10:30,16:00,forced,-0.98851
2026-03-06,TSLA,put,ITM,mid,75.0,10:30,16:00,forced,-0.98133
2026-03-09,TSLA,put,ITM,mid,75.0,10:30,16:00,forced,-0.99154
2026-03-10,TSLA,put,ITM,mid,75.0,10:00,10:55,target,0.75
2026-03-10,TSLA,put,ITM,mid,75.0,11:00,14:35,target,0.75
2026-03-10,TSLA,put,ITM,mid,75.0,15:30,16:00,forced,0.16252
2026-03-11,TSLA,put,ITM,mid,75.0,10:30,10:45,target,0.75
2026-03-11,TSLA,put,ITM,mid,75.0,11:00,16:00,forced,-0.41317
2026-03-12,TSLA,put,ITM,mid,75.0,10:00,12:45,target,0.75
2026-03-12,TSLA,put,ITM,mid,75.0,13:00,14:25,target,0.75
2026-03-12,TSLA,put,ITM,mid,75.0,14:30,16:00,forced,0.38754
2026-03-13,TSLA,put,ITM,mid,75.0,10:00,16:00,forced,-0.99169
2026-02-16,TSLA,put,ITM,mid,80.0,10:00,16:00,target,0.8
2026-02-17,TSLA,put,ITM,mid,80.0,10:00,16:00,forced,-0.98916
2026-02-18,TSLA,put,ITM,mid,80.0,10:00,12:50,target,0.8
2026-02-18,TSLA,put,ITM,mid,80.0,13:00,16:00,forced,-0.99299
2026-02-19,TSLA,put,ITM,mid,80.0,10:00,16:00,forced,-0.47406
2026-02-20,TSLA,put,ITM,mid,80.0,10:00,10:55,target,0.8
2026-02-20,TSLA,put,ITM,mid,80.0,11:00,12:30,target,0.8
2026-02-20,TSLA,put,ITM,mid,80.0,13:00,16:00,forced,-0.26633
2026-02-23,TSLA,put,ITM,mid,80.0,10:00,16:00,forced,-0.11772
2026-02-24,TSLA,put,ITM,mid,80.0,10:00,12:30,target,0.8
2026-02-24,TSLA,put,ITM,mid,80.0,13:00,16:00,forced,-0.72369
2026-02-25,TSLA,put,ITM,mid,80.0,10:00,12:40,target,0.8
2026-02-25,TSLA,put,ITM,mid,80.0,13:00,16:00,forced,0.39673
2026-02-26,TSLA,put,ITM,mid,80.0,10:00,16:00,forced,-0.99005
2026-02-27,TSLA,put,ITM,mid,80.0,10:00,16:00,forced,-0.13146
2026-03-02,TSLA,put,ITM,mid,80.0,10:00,16:00,forced,-0.9931
2026-03-03,TSLA,put,ITM,mid,80.0,10:00,14:35,target,0.8
2026-03-03,TSLA,put,ITM,mid,80.0,15:30,16:00,forced,-0.06084
2026-03-04,TSLA,put,ITM,mid,80.0,10:00,16:00,forced,-0.99041
2026-03-05,TSLA,put,ITM,mid,80.0,10:00,16:00,forced,-0.99038
2026-03-06,TSLA,put,ITM,mid,80.0,10:00,16:00,forced,-0.99316
2026-03-09,TSLA,put,ITM,mid,80.0,10:00,16:00,forced,-0.99304
2026-03-10,TSLA,put,ITM,mid,80.0,10:00,14:10,target,0.8
2026-03-10,TSLA,put,ITM,mid,80.0,14:30,14:40,target,0.8
2026-03-10,TSLA,put,ITM,mid,80.0,15:30,16:00,forced,0.16252
2026-03-11,TSLA,put,ITM,mid,80.0,10:00,10:45,target,0.8
2026-03-11,TSLA,put,ITM,mid,80.0,11:30,16:00,forced,-0.43717
2026-03-12,TSLA,put,ITM,mid,80.0,10:00,12:55,target,0.8
2026-03-12,TSLA,put,ITM,mid,80.0,13:00,14:25,target,0.8
2026-03-12,TSLA,put,ITM,mid,80.0,14:30,16:00,forced,0.38754
2026-03-13,TSLA,put,ITM,mid,80.0,10:00,16:00,forced,-0.99169
2026-02-16,TSLA,put,ITM,mid,90.0,10:00,16:00,target,0.9
2026-02-17,TSLA,put,ITM,mid,90.0,10:00,16:00,forced,-0.98916
2026-02-18,TSLA,put,ITM,mid,90.0,10:00,16:00,forced,-0.99184
2026-02-19,TSLA,put,ITM,mid,90.0,10:00,16:00,forced,-0.47406
2026-02-20,TSLA,put,ITM,mid,90.0,10:00,10:55,target,0.9
2026-02-20,TSLA,put,ITM,mid,90.0,11:00,16:00,forced,0.28132
2026-02-23,TSLA,put,ITM,mid,90.0,10:00,16:00,forced,-0.11772
2026-02-24,TSLA,put,ITM,mid,90.0,10:00,12:30,target,0.9
2026-02-24,TSLA,put,ITM,mid,90.0,13:00,16:00,forced,-0.72369
2026-02-25,TSLA,put,ITM,mid,90.0,10:00,12:40,target,0.9
2026-02-25,TSLA,put,ITM,mid,90.0,13:00,16:00,forced,0.39673
2026-02-26,TSLA,put,ITM,mid,90.0,10:00,16:00,forced,-0.99005
2026-02-27,TSLA,put,ITM,mid,90.0,10:00,16:00,forced,-0.13146
2026-03-02,TSLA,put,ITM,mid,90.0,10:30,16:00,forced,-0.99501
2026-03-03,TSLA,put,ITM,mid,90.0,10:30,14:00,target,0.9
2026-03-03,TSLA,put,ITM,mid,90.0,14:30,15:45,target,0.9
2026-03-04,TSLA,put,ITM,mid,90.0,10:30,16:00,forced,-0.98239
2026-03-05,TSLA,put,ITM,mid,90.0,10:30,16:00,forced,-0.98851
2026-03-06,TSLA,put,ITM,mid,90.0,10:30,16:00,forced,-0.98133
2026-03-09,TSLA,put,ITM,mid,90.0,10:30,16:00,forced,-0.99154
2026-03-10,TSLA,put,ITM,mid,90.0,10:00,14:10,target,0.9
2026-03-10,TSLA,put,ITM,mid,90.0,14:30,15:00,target,0.9
2026-03-10,TSLA,put,ITM,mid,90.0,15:00,16:00,forced,0.28161
2026-03-11,TSLA,put,ITM,mid,90.0,10:30,10:50,target,0.9
2026-03-11,TSLA,put,ITM,mid,90.0,11:00,16:00,forced,-0.41317
2026-03-12,TSLA,put,ITM,mid,90.0,10:00,12:55,target,0.9
2026-03-12,TSLA,put,ITM,mid,90.0,13:00,14:55,target,0.9
2026-03-12,TSLA,put,ITM,mid,90.0,15:00,16:00,forced,0.18403
2026-03-13,TSLA,put,ITM,mid,90.0,10:00,16:00,forced,-0.99169
2026-02-16,TSLA,put,ITM,mid,100.0,10:00,16:00,forced,0.98692
2026-02-17,TSLA,put,ITM,mid,100.0,10:00,16:00,forced,-0.98916
2026-02-18,TSLA,put,ITM,mid,100.0,10:00,16:00,forced,-0.99184
2026-02-19,TSLA,put,ITM,mid,100.0,10:00,16:00,forced,-0.47406
2026-02-20,TSLA,put,ITM,mid,100.0,10:00,12:10,target,1.0
2026-02-20,TSLA,put,ITM,mid,100.0,12:30,16:00,forced,-0.40262
2026-02-23,TSLA,put,ITM,mid,100.0,10:00,16:00,forced,-0.11772
2026-02-24,TSLA,put,ITM,mid,100.0,10:00,12:30,target,1.0
2026-02-24,TSLA,put,ITM,mid,100.0,12:30,16:00,forced,-0.61935
2026-02-25,TSLA,put,ITM,mid,100.0,10:00,12:45,target,1.0
2026-02-25,TSLA,put,ITM,mid,100.0,13:00,16:00,forced,0.39673
2026-02-26,TSLA,put,ITM,mid,100.0,10:00,16:00,forced,-0.99005
2026-02-27,TSLA,put,ITM,mid,100.0,10:00,16:00,forced,-0.13146
2026-03-02,TSLA,put,ITM,mid,100.0,10:30,16:00,forced,-0.99501
2026-03-03,TSLA,put,ITM,mid,100.0,10:30,14:15,target,1.0
2026-03-03,TSLA,put,ITM,mid,100.0,14:30,16:00,forced,0.71336
2026-03-04,TSLA,put,ITM,mid,100.0,10:30,16:00,forced,-0.98239
2026-03-05,TSLA,put,ITM,mid,100.0,10:30,16:00,forced,-0.98851
2026-03-06,TSLA,put,ITM,mid,100.0,10:30,16:00,forced,-0.98133
2026-03-09,TSLA,put,ITM,mid,100.0,10:30,16:00,forced,-0.99154
2026-03-10,TSLA,put,ITM,mid,100.0,10:00,14:10,target,1.0
2026-03-10,TSLA,put,ITM,mid,100.0,14:30,15:00,target,1.0
2026-03-10,TSLA,put,ITM,mid,100.0,15:00,16:00,forced,0.28161
2026-03-11,TSLA,put,ITM,mid,100.0,10:30,10:55,target,1.0
2026-03-11,TSLA,put,ITM,mid,100.0,11:30,16:00,forced,-0.43717
2026-03-12,TSLA,put,ITM,mid,100.0,10:00,12:55,target,1.0
2026-03-12,TSLA,put,ITM,mid,100.0,13:00,15:05,target,1.0
2026-03-12,TSLA,put,ITM,mid,100.0,15:30,16:00,forced,-0.04815
2026-03-13,TSLA,put,ITM,mid,100.0,10:00,16:00,forced,-0.99169
2026-02-16,TSLA,put,ITM,market,20.0,10:00,10:05,target,0.2
2026-02-16,TSLA,put,ITM,market,20.0,10:30,11:15,target,0.2
2026-02-16,TSLA,put,ITM,market,20.0,11:30,11:55,target,0.2
2026-02-16,TSLA,put,ITM,market,20.0,13:00,15:55,target,0.2
2026-02-17,TSLA,put,ITM,market,20.0,11:00,11:10,target,0.2
2026-02-17,TSLA,put,ITM,market,20.0,11:30,11:35,target,0.2
2026-02-17,TSLA,put,ITM,market,20.0,12:00,13:20,target,0.2
2026-02-17,TSLA,put,ITM,market,20.0,13:30,16:00,forced,-0.9887
2026-02-18,TSLA,put,ITM,market,20.0,11:00,12:25,target,0.2
2026-02-18,TSLA,put,ITM,market,20.0,13:00,16:00,forced,-0.99327
2026-02-19,TSLA,put,ITM,market,20.0,10:00,16:00,forced,-0.49469
2026-02-20,TSLA,put,ITM,market,20.0,11:00,12:15,target,0.2
2026-02-20,TSLA,put,ITM,market,20.0,13:00,16:00,forced,-0.2951
2026-02-23,TSLA,put,ITM,market,20.0,11:00,16:00,forced,-0.20561
2026-02-24,TSLA,put,ITM,market,20.0,11:00,11:05,target,0.2
2026-02-24,TSLA,put,ITM,market,20.0,11:30,12:30,target,0.2
2026-02-24,TSLA,put,ITM,market,20.0,13:00,13:20,target,0.2
2026-02-24,TSLA,put,ITM,market,20.0,14:30,16:00,forced,-0.58498
2026-02-25,TSLA,put,ITM,market,20.0,11:00,12:05,target,0.2
2026-02-25,TSLA,put,ITM,market,20.0,13:00,14:20,target,0.2
2026-02-25,TSLA,put,ITM,market,20.0,14:30,14:55,target,0.2
2026-02-25,TSLA,put,ITM,market,20.0,15:00,16:00,forced,-0.15068
2026-02-26,TSLA,put,ITM,market,20.0,11:00,11:05,target,0.2
2026-02-26,TSLA,put,ITM,market,20.0,11:30,12:25,target,0.2
2026-02-26,TSLA,put,ITM,market,20.0,13:00,16:00,forced,-0.98738
2026-02-27,TSLA,put,ITM,market,20.0,10:00,16:00,forced,-0.16552
2026-03-02,TSLA,put,ITM,market,20.0,11:00,16:00,forced,-0.99516
2026-03-03,TSLA,put,ITM,market,20.0,11:00,13:50,target,0.2
2026-03-03,TSLA,put,ITM,market,20.0,14:00,14:35,target,0.2
2026-03-03,TSLA,put,ITM,market,20.0,15:00,16:00,forced,-0.0433
2026-03-04,TSLA,put,ITM,market,20.0,11:00,16:00,forced,-0.98658
2026-03-05,TSLA,put,ITM,market,20.0,11:00,16:00,forced,-0.99003
2026-03-06,TSLA,put,ITM,market,20.0,11:00,16:00,forced,-0.98496
2026-03-09,TSLA,put,ITM,market,20.0,11:00,11:50,target,0.2
2026-03-09,TSLA,put,ITM,market,20.0,12:00,16:00,forced,-0.99181
2026-03-10,TSLA,put,ITM,market,20.0,11:00,14:10,target,0.2
2026-03-10,TSLA,put,ITM,market,20.0,14:30,14:35,target,0.2
2026-03-10,TSLA,put,ITM,market,20.0,15:00,15:35,target,0.2
2026-03-11,TSLA,put,ITM,market,20.0,11:00,15:05,target,0.2
2026-03-11,TSLA,put,ITM,market,20.0,15:30,16:00,forced,-0.44444
2026-03-12,TSLA,put,ITM,market,20.0,11:30,11:50,target,0.2
2026-03-12,TSLA,put,ITM,market,20.0,12:00,12:05,target,0.2
2026-03-12,TSLA,put,ITM,market,20.0,13:00,13:25,target,0.2
2026-03-12,TSLA,put,ITM,market,20.0,14:00,14:25,target,0.2
2026-03-12,TSLA,put,ITM,market,20.0,14:30,15:15,target,0.2
2026-03-12,TSLA,put,ITM,market,20.0,15:30,16:00,forced,-0.08547
2026-03-13,TSLA,put,ITM,market,20.0,10:00,16:00,forced,-0.99202
2026-02-16,TSLA,put,ITM,market,25.0,10:00,10:05,target,0.25
2026-02-16,TSLA,put,ITM,market,25.0,11:30,11:55,target,0.25
2026-02-16,TSLA,put,ITM,market,25.0,12:00,14:15,target,0.25
2026-02-16,TSLA,put,ITM,market,25.0,14:30,15:55,target,0.25
2026-02-17,TSLA,put,ITM,market,25.0,11:00,11:35,target,0.25
2026-02-17,TSLA,put,ITM,market,25.0,12:00,13:20,target,0.25
2026-02-17,TSLA,put,ITM,market,25.0,13:30,16:00,forced,-0.9887
2026-02-18,TSLA,put,ITM,market,25.0,11:00,12:40,target,0.25
2026-02-18,TSLA,put,ITM,market,25.0,13:00,16:00,forced,-0.99327
2026-02-19,TSLA,put,ITM,market,25.0,10:00,16:00,forced,-0.49469
2026-02-20,TSLA,put,ITM,market,25.0,11:00,12:15,target,0.25
2026-02-20,TSLA,put,ITM,market,25.0,13:00,16:00,forced,-0.2951
2026-02-23,TSLA,put,ITM,market,25.0,11:00,16:00,forced,-0.20561
2026-02-24,TSLA,put,ITM,market,25.0,11:00,11:10,target,0.25
2026-02-24,TSLA,put,ITM,market,25.0,11:30,12:30,target,0.25
2026-02-24,TSLA,put,ITM,market,25.0,13:00,16:00,forced,-0.73453
2026-02-25,TSLA,put,ITM,market,25.0,11:00,12:10,target,0.25
2026-02-25,TSLA,put,ITM,market,25.0,13:00,14:20,target,0.25
2026-02-25,TSLA,put,ITM,market,25.0,14:30,16:00,forced,0.0824
2026-02-26,TSLA,put,ITM,market,25.0,11:00,12:25,target,0.25
2026-02-26,TSLA,put,ITM,market,25.0,13:00,16:00,forced,-0.98738
2026-02-27,TSLA,put,ITM,market,25.0,10:00,16:00,forced,-0.16552
2026-03-02,TSLA,put,ITM,market,25.0,11:00,16:00,forced,-0.99516
2026-03-03,TSLA,put,ITM,market,25.0,11:00,13:50,target,0.25
2026-03-03,TSLA,put,ITM,market,25.0,14:00,14:35,target,0.25
2026-03-03,TSLA,put,ITM,market,25.0,15:00,16:00,forced,-0.0433
2026-03-04,TSLA,put,ITM,market,25.0,11:00,16:00,forced,-0.98658
2026-03-05,TSLA,put,ITM,market,25.0,11:00,16:00,forced,-0.99003
2026-03-06,TSLA,put,ITM,market,25.0,11:00,16:00,forced,-0.98496
2026-03-09,TSLA,put,ITM,market,25.0,11:00,11:50,target,0.25
2026-03-09,TSLA,put,ITM,market,25.0,12:00,16:00,forced,-0.99181
2026-03-10,TSLA,put,ITM,market,25.0,11:00,14:10,target,0.25
2026-03-10,TSLA,put,ITM,market,25.0,14:30,14:35,target,0.25
2026-03-10,TSLA,put,ITM,market,25.0,15:00,15:35,target,0.25
2026-03-11,TSLA,put,ITM,market,25.0,11:00,16:00,forced,-0.43619
2026-03-12,TSLA,put,ITM,market,25.0,11:30,11:50,target,0.25
2026-03-12,TSLA,put,ITM,market,25.0,12:00,12:05,target,0.25
2026-03-12,TSLA,put,ITM,market,25.0,13:00,13:25,target,0.25
2026-03-12,TSLA,put,ITM,market,25.0,14:00,14:25,target,0.25
2026-03-12,TSLA,put,ITM,market,25.0,14:30,15:20,target,0.25
2026-03-12,TSLA,put,ITM,market,25.0,15:30,16:00,forced,-0.08547
2026-03-13,TSLA,put,ITM,market,25.0,10:00,16:00,forced,-0.99202
2026-02-16,TSLA,put,ITM,market,30.0,10:00,10:05,target,0.3
2026-02-16,TSLA,put,ITM,market,30.0,11:30,11:55,target,0.3
2026-02-16,TSLA,put,ITM,market,30.0,12:00,14:15,target,0.3
2026-02-16,TSLA,put,ITM,market,30.0,14:30,15:55,target,0.3
2026-02-17,TSLA,put,ITM,market,30.0,11:00,11:50,target,0.3
2026-02-17,TSLA,put,ITM,market,30.0,12:00,13:20,target,0.3
2026-02-17,TSLA,put,ITM,market,30.0,13:30,16:00,forced,-0.9887
2026-02-18,TSLA,put,ITM,market,30.0,11:00,12:50,target,0.3
2026-02-18,TSLA,put,ITM,market,30.0,13:00,16:00,forced,-0.99327
2026-02-19,TSLA,put,ITM,market,30.0,10:00,16:00,forced,-0.49469
2026-02-20,TSLA,put,ITM,market,30.0,11:00,12:15,target,0.3
2026-02-20,TSLA,put,ITM,market,30.0,13:00,16:00,forced,-0.2951
2026-02-23,TSLA,put,ITM,market,30.0,11:00,16:00,forced,-0.20561
2026-02-24,TSLA,put,ITM,market,30.0,11:00,11:15,target,0.3
2026-02-24,TSLA,put,ITM,market,30.0,11:30,12:30,target,0.3
2026-02-24,TSLA,put,ITM,market,30.0,13:00,16:00,forced,-0.73453
2026-02-25,TSLA,put,ITM,market,30.0,11:00,12:10,target,0.3
2026-02-25,TSLA,put,ITM,market,30.0,13:00,14:45,target,0.3
2026-02-25,TSLA,put,ITM,market,30.0,15:00,16:00,forced,-0.15068
2026-02-26,TSLA,put,ITM,market,30.0,11:00,12:25,target,0.3
2026-02-26,TSLA,put,ITM,market,30.0,13:00,16:00,forced,-0.98738
2026-02-27,TSLA,put,ITM,market,30.0,10:00,16:00,forced,-0.16552
2026-03-02,TSLA,put,ITM,market,30.0,11:00,16:00,forced,-0.99516
2026-03-03,TSLA,put,ITM,market,30.0,11:00,13:55,target,0.3
2026-03-03,TSLA,put,ITM,market,30.0,14:00,14:40,target,0.3
2026-03-03,TSLA,put,ITM,market,30.0,15:00,16:00,forced,-0.0433
2026-03-04,TSLA,put,ITM,market,30.0,11:00,16:00,forced,-0.98658
2026-03-05,TSLA,put,ITM,market,30.0,11:00,16:00,forced,-0.99003
2026-03-06,TSLA,put,ITM,market,30.0,11:00,16:00,forced,-0.98496
2026-03-09,TSLA,put,ITM,market,30.0,11:00,11:50,target,0.3
2026-03-09,TSLA,put,ITM,market,30.0,12:00,16:00,forced,-0.99181
2026-03-10,TSLA,put,ITM,market,30.0,11:00,14:10,target,0.3
2026-03-10,TSLA,put,ITM,market,30.0,14:30,14:35,target,0.3
2026-03-10,TSLA,put,ITM,market,30.0,15:00,15:40,target,0.3
2026-03-11,TSLA,put,ITM,market,30.0,11:00,16:00,forced,-0.43619
2026-03-12,TSLA,put,ITM,market,30.0,11:30,11:50,target,0.3
2026-03-12,TSLA,put,ITM,market,30.0,12:00,12:05,target,0.3
2026-03-12,TSLA,put,ITM,market,30.0,13:00,13:25,target,0.3
2026-03-12,TSLA,put,ITM,market,30.0,14:00,14:55,target,0.3
2026-03-12,TSLA,put,ITM,market,30.0,15:00,16:00,forced,0.1376
2026-03-13,TSLA,put,ITM,market,30.0,10:00,16:00,forced,-0.99202
2026-02-16,TSLA,put,ITM,market,40.0,10:00,15:55,target,0.4
2026-02-17,TSLA,put,ITM,market,40.0,10:00,16:00,forced,-0.98959
2026-02-18,TSLA,put,ITM,market,40.0,10:00,12:20,target,0.4
2026-02-18,TSLA,put,ITM,market,40.0,13:00,16:00,forced,-0.99327
2026-02-19,TSLA,put,ITM,market,40.0,10:00,16:00,forced,-0.49469
2026-02-20,TSLA,put,ITM,market,40.0,10:00,10:15,target,0.4
2026-02-20,TSLA,put,ITM,market,40.0,11:00,12:20,target,0.4
2026-02-20,TSLA,put,ITM,market,40.0,13:00,16:00,forced,-0.2951
2026-02-23,TSLA,put,ITM,market,40.0,10:00,16:00,forced,-0.15232
2026-02-24,TSLA,put,ITM,market,40.0,10:00,11:15,target,0.4
2026-02-24,TSLA,put,ITM,market,40.0,11:30,12:35,target,0.4
2026-02-24,TSLA,put,ITM,market,40.0,13:00,16:00,forced,-0.73453
2026-02-25,TSLA,put,ITM,market,40.0,10:00,11:45,target,0.4
2026-02-25,TSLA,put,ITM,market,40.0,13:00,14:50,target,0.4
2026-02-25,TSLA,put,ITM,market,40.0,15:00,16:00,forced,-0.15068
2026-02-26,TSLA,put,ITM,market,40.0,10:00,16:00,forced,-0.99044
2026-02-27,TSLA,put,ITM,market,40.0,10:00,16:00,forced,-0.16552
2026-03-02,TSLA,put,ITM,market,40.0,11:00,16:00,forced,-0.99516
2026-03-03,TSLA,put,ITM,market,40.0,11:00,13:55,target,0.4
2026-03-03,TSLA,put,ITM,market,40.0,14:30,14:45,target,0.4
2026-03-03,TSLA,put,ITM,market,40.0,15:00,16:00,forced,-0.0433
2026-03-04,TSLA,put,ITM,market,40.0,11:00,16:00,forced,-0.98658
2026-03-05,TSLA,put,ITM,market,40.0,11:00,16:00,forced,-0.99003
2026-03-06,TSLA,put,ITM,market,40.0,11:00,16:00,forced,-0.98496
2026-03-09,TSLA,put,ITM,market,40.0,11:00,11:55,target,0.4
2026-03-09,TSLA,put,ITM,market,40.0,12:00,16:00,forced,-0.99181
2026-03-10,TSLA,put,ITM,market,40.0,11:00,14:35,target,0.4
2026-03-10,TSLA,put,ITM,market,40.0,15:00,16:00,forced,0.23135
2026-03-11,TSLA,put,ITM,market,40.0,11:00,16:00,forced,-0.43619
2026-03-12,TSLA,put,ITM,market,40.0,11:30,11:55,target,0.4
2026-03-12,TSLA,put,ITM,market,40.0,12:00,12:55,target,0.4
2026-03-12,TSLA,put,ITM,market,40.0,13:00,13:25,target,0.4
2026-03-12,TSLA,put,ITM,market,40.0,14:30,15:25,target,0.4
2026-03-12,TSLA,put,ITM,market,40.0,15:30,16:00,forced,-0.08547
2026-03-13,TSLA,put,ITM,market,40.0,10:00,16:00,forced,-0.99202
2026-02-16,TSLA,put,ITM,market,50.0,10:00,15:55,target,0.5
2026-02-17,TSLA,put,ITM,market,50.0,10:00,16:00,forced,-0.98959
2026-02-18,TSLA,put,ITM,market,50.0,10:00,12:20,target,0.5
2026-02-18,TSLA,put,ITM,market,50.0,13:00,16:00,forced,-0.99327
2026-02-19,TSLA,put,ITM,market,50.0,10:00,16:00,forced,-0.49469
2026-02-20,TSLA,put,ITM,market,50.0,10:00,10:15,target,0.5
2026-02-20,TSLA,put,ITM,market,50.0,11:00,12:20,target,0.5
2026-02-20,TSLA,put,ITM,market,50.0,13:00,16:00,forced,-0.2951
2026-02-23,TSLA,put,ITM,market,50.0,10:00,16:00,forced,-0.15232
2026-02-24,TSLA,put,ITM,market,50.0,10:00,11:15,target,0.5
2026-02-24,TSLA,put,ITM,market,50.0,11:30,12:35,target,0.5
2026-02-24,TSLA,put,ITM,market,50.0,13:00,16:00,forced,-0.73453
2026-02-25,TSLA,put,ITM,market,50.0,10:00,12:05,target,0.5
2026-02-25,TSLA,put,ITM,market,50.0,13:00,16:00,forced,0.34195
2026-02-26,TSLA,put,ITM,market,50.0,10:00,16:00,forced,-0.99044
2026-02-27,TSLA,put,ITM,market,50.0,10:00,16:00,forced,-0.16552
2026-03-02,TSLA,put,ITM,market,50.0,10:30,16:00,forced,-0.9952
2026-03-03,TSLA,put,ITM,market,50.0,10:30,13:55,target,0.5
2026-03-03,TSLA,put,ITM,market,50.0,14:30,14:50,target,0.5
2026-03-03,TSLA,put,ITM,market,50.0,15:00,16:00,forced,-0.0433
2026-03-04,TSLA,put,ITM,market,50.0,10:30,16:00,forced,-0.98308
2026-03-05,TSLA,put,ITM,market,50.0,10:30,16:00,forced,-0.98896
2026-03-06,TSLA,put,ITM,market,50.0,10:30,16:00,forced,-0.98206
2026-03-09,TSLA,put,ITM,market,50.0,10:30,11:55,target,0.5
2026-03-09,TSLA,put,ITM,market,50.0,12:00,16:00,forced,-0.99181
2026-03-10,TSLA,put,ITM,market,50.0,11:00,14:35,target,0.5
2026-03-10,TSLA,put,ITM,market,50.0,15:00,16:00,forced,0.23135
2026-03-11,TSLA,put,ITM,market,50.0,10:30,10:45,target,0.5
2026-03-11,TSLA,put,ITM,market,50.0,11:00,16:00,forced,-0.43619
2026-03-12,TSLA,put,ITM,market,50.0,10:00,12:05,target,0.5
2026-03-12,TSLA,put,ITM,market,50.0,12:30,12:55,target,0.5
2026-03-12,TSLA,put,ITM,market,50.0,13:00,13:50,target,0.5
2026-03-12,TSLA,put,ITM,market,50.0,14:30,16:00,forced,0.33313
2026-03-13,TSLA,put,ITM,market,50.0,10:00,16:00,forced,-0.99202
2026-02-16,TSLA,put,ITM,market,60.0,10:00,16:00,target,0.6
2026-02-17,TSLA,put,ITM,market,60.0,10:00,16:00,forced,-0.98959
2026-02-18,TSLA,put,ITM,market,60.0,10:00,12:25,target,0.6
2026-02-18,TSLA,put,ITM,market,60.0,13:00,16:00,forced,-0.99327
2026-02-19,TSLA,put,ITM,market,60.0,10:00,16:00,forced,-0.49469
2026-02-20,TSLA,put,ITM,market,60.0,10:00,10:40,target,0.6
2026-02-20,TSLA,put,ITM,market,60.0,11:00,12:20,target,0.6
2026-02-20,TSLA,put,ITM,market,60.0,13:00,16:00,forced,-0.2951
2026-02-23,TSLA,put,ITM,market,60.0,10:00,16:00,forced,-0.15232
2026-02-24,TSLA,put,ITM,market,60.0,10:00,12:20,target,0.6
2026-02-24,TSLA,put,ITM,market,60.0,13:00,16:00,forced,-0.73453
2026-02-25,TSLA,put,ITM,market,60.0,10:00,12:10,target,0.6
2026-02-25,TSLA,put,ITM,market,60.0,13:00,16:00,forced,0.34195
2026-02-26,TSLA,put,ITM,market,60.0,10:00,16:00,forced,-0.99044
2026-02-27,TSLA,put,ITM,market,60.0,10:00,16:00,forced,-0.16552
2026-03-02,TSLA,put,ITM,market,60.0,10:30,16:00,forced,-0.9952
2026-03-03,TSLA,put,ITM,market,60.0,10:30,13:55,target,0.6
2026-03-03,TSLA,put,ITM,market,60.0,14:30,14:50,target,0.6
2026-03-03,TSLA,put,ITM,market,60.0,15:30,16:00,forced,-0.09767
2026-03-04,TSLA,put,ITM,market,60.0,10:30,16:00,forced,-0.98308
2026-03-05,TSLA,put,ITM,market,60.0,10:30,16:00,forced,-0.98896
2026-03-06,TSLA,put,ITM,market,60.0,10:30,16:00,forced,-0.98206
2026-03-09,TSLA,put,ITM,market,60.0,10:30,16:00,forced,-0.99187
2026-03-10,TSLA,put,ITM,market,60.0,10:00,10:55,target,0.6
2026-03-10,TSLA,put,ITM,market,60.0,11:00,14:35,target,0.6
2026-03-10,TSLA,put,ITM,market,60.0,15:30,16:00,forced,0.11693
2026-03-11,TSLA,put,ITM,market,60.0,10:30,10:45,target,0.6
2026-03-11,TSLA,put,ITM,market,60.0,11:00,16:00,forced,-0.43619
2026-03-12,TSLA,put,ITM,market,60.0,10:00,12:05,target,0.6
2026-03-12,TSLA,put,ITM,market,60.0,13:00,14:20,target,0.6
2026-03-12,TSLA,put,ITM,market,60.0,14:30,16:00,forced,0.33313
2026-03-13,TSLA,put,ITM,market,60.0,10:00,16:00,forced,-0.99202
2026-02-16,TSLA,put,ITM,market,70.0,10:00,16:00,target,0.7
2026-02-17,TSLA,put,ITM,market,70.0,10:00,16:00,forced,-0.98959
2026-02-18,TSLA,put,ITM,market,70.0,10:00,12:45,target,0.7
2026-02-18,TSLA,put,ITM,market,70.0,13:00,16:00,forced,-0.99327
2026-02-19,TSLA,put,ITM,market,70.0,10:00,16:00,forced,-0.49469
2026-02-20,TSLA,put,ITM,market,70.0,10:00,10:55,target,0.7
2026-02-20,TSLA,put,ITM,market,70.0,11:00,12:25,target,0.7
2026-02-20,TSLA,put,ITM,market,70.0,13:00,16:00,forced,-0.2951
2026-02-23,TSLA,put,ITM,market,70.0,10:00,16:00,forced,-0.15232
2026-02-24,TSLA,put,ITM,market,70.0,10:00,12:30,target,0.7
2026-02-24,TSLA,put,ITM,market,70.0,13:00,16:00,forced,-0.73453
2026-02-25,TSLA,put,ITM,market,70.0,10:00,12:15,target,0.7
2026-02-25,TSLA,put,ITM,market,70.0,13:00,16:00,forced,0.34195
2026-02-26,TSLA,put,ITM,market,70.0,10:00,16:00,forced,-0.99044
2026-02-27,TSLA,put,ITM,market,70.0,10:00,16:00,forced,-0.16552
2026-03-02,TSLA,put,ITM,market,70.0,10:00,16:00,forced,-0.99338
2026-03-03,TSLA,put,ITM,market,70.0,10:00,14:35,target,0.7
2026-03-03,TSLA,put,ITM,market,70.0,15:30,16:00,forced,-0.09767
2026-03-04,TSLA,put,ITM,market,70.0,10:00,16:00,forced,-0.99079
2026-03-05,TSLA,put,ITM,market,70.0,10:00,16:00,forced,-0.99076
2026-03-06,TSLA,put,ITM,market,70.0,10:00,16:00,forced,-0.99343
2026-03-09,TSLA,put,ITM,market,70.0,10:00,16:00,forced,-0.99331
2026-03-10,TSLA,put,ITM,market,70.0,10:00,10:55,target,0.7
2026-03-10,TSLA,put,ITM,market,70.0,11:00,14:35,target,0.7
2026-03-10,TSLA,put,ITM,market,70.0,15:30,16:00,forced,0.11693
2026-03-11,TSLA,put,ITM,market,70.0,10:00,10:45,target,0.7
2026-03-11,TSLA,put,ITM,market,70.0,11:00,16:00,forced,-0.43619
2026-03-12,TSLA,put,ITM,market,70.0,10:00,12:55,target,0.7
2026-03-12,TSLA,put,ITM,market,70.0,13:00,14:25,target,0.7
2026-03-12,TSLA,put,ITM,market,70.0,14:30,16:00,forced,0.33313
2026-03-13,TSLA,put,ITM,market,70.0,10:00,16:00,forced,-0.99202
2026-02-16,TSLA,put,ITM,market,75.0,10:00,16:00,target,0.75
2026-02-17,TSLA,put,ITM,market,75.0,10:00,16:00,forced,-0.98959
2026-02-18,TSLA,put,ITM,market,75.0,10:00,12:50,target,0.75
2026-02-18,TSLA,put,ITM,market,75.0,13:00,16:00,forced,-0.99327
2026-02-19,TSLA,put,ITM,market,75.0,10:00,16:00,forced,-0.49469
2026-02-20,TSLA,put,ITM,market,75.0,10:00,10:55,target,0.75
2026-02-20,TSLA,put,ITM,market,75.0,11:00,12:30,target,0.75
2026-02-20,TSLA,put,ITM,market,75.0,13:00,16:00,forced,-0.2951
2026-02-23,TSLA,put,ITM,market,75.0,10:00,16:00,forced,-0.15232
2026-02-24,TSLA,put,ITM,market,75.0,10:00,12:30,target,0.75
2026-02-24,TSLA,put,ITM,market,75.0,13:00,16:00,forced,-0.73453
2026-02-25,TSLA,put,ITM,market,75.0,10:00,12:40,target,0.75
2026-02-25,TSLA,put,ITM,market,75.0,13:00,16:00,forced,0.34195
2026-02-26,TSLA,put,ITM,market,75.0,10:00,16:00,forced,-0.99044
2026-02-27,TSLA,put,ITM,market,75.0,10:00,16:00,forced,-0.16552
2026-03-02,TSLA,put,ITM,market,75.0,10:00,16:00,forced,-0.99338
2026-03-03,TSLA,put,ITM,market,75.0,10:00,14:35,target,0.75
2026-03-03,TSLA,put,ITM,market,75.0,15:30,16:00,forced,-0.09767
2026-03-04,TSLA,put,ITM,market,75.0,10:00,16:00,forced,-0.99079
2026-03-05,TSLA,put,ITM,market,75.0,10:00,16:00,forced,-0.99076
2026-03-06,TSLA,put,ITM,market,75.0,10:00,16:00,forced,-0.99343
2026-03-09,TSLA,put,ITM,market,75.0,10:00,16:00,forced,-0.99331
2026-03-10,TSLA,put,ITM,market,75.0,10:00,14:10,target,0.75
2026-03-10,TSLA,put,ITM,market,75.0,14:30,14:40,target,0.75
2026-03-10,TSLA,put,ITM,market,75.0,15:30,16:00,forced,0.11693
2026-03-11,TSLA,put,ITM,market,75.0,10:00,10:45,target,0.75
2026-03-11,TSLA,put,ITM,market,75.0,11:30,16:00,forced,-0.45925
2026-03-12,TSLA,put,ITM,market,75.0,10:00,12:55,target,0.75
2026-03-12,TSLA,put,ITM,market,75.0,13:00,14:55,target,0.75
2026-03-12,TSLA,put,ITM,market,75.0,15:30,16:00,forced,-0.08547
2026-03-13,TSLA,put,ITM,market,75.0,10:00,16:00,forced,-0.99202
2026-02-16,TSLA,put,ITM,market,80.0,10:00,16:00,target,0.8
2026-02-17,TSLA,put,ITM,market,80.0,10:00,16:00,forced,-0.98959
2026-02-18,TSLA,put,ITM,market,80.0,10:00,12:50,target,0.8
2026-02-18,TSLA,put,ITM,market,80.0,13:00,16:00,forced,-0.99327
2026-02-19,TSLA,put,ITM,market,80.0,10:00,16:00,forced,-0.49469
2026-02-20,TSLA,put,ITM,market,80.0,10:00,10:55,target,0.8
2026-02-20,TSLA,put,ITM,market,80.0,11:00,13:15,target,0.8
2026-02-20,TSLA,put,ITM,market,80.0,13:30,16:00,forced,-0.34403
2026-02-23,TSLA,put,ITM,market,80.0,10:00,16:00,forced,-0.15232
2026-02-24,TSLA,put,ITM,market,80.0,10:00,12:30,target,0.8
2026-02-24,TSLA,put,ITM,market,80.0,13:00,16:00,forced,-0.73453
2026-02-25,TSLA,put,ITM,market,80.0,10:00,12:40,target,0.8
2026-02-25,TSLA,put,ITM,market,80.0,13:00,16:00,forced,0.34195
2026-02-26,TSLA,put,ITM,market,80.0,10:00,16:00,forced,-0.99044
2026-02-27,TSLA,put,ITM,market,80.0,10:00,16:00,forced,-0.16552
2026-03-02,TSLA,put,ITM,market,80.0,10:30,16:00,forced,-0.9952
2026-03-03,TSLA,put,ITM,market,80.0,10:30,14:00,target,0.8
2026-03-03,TSLA,put,ITM,market,80.0,14:30,15:35,target,0.8
2026-03-04,TSLA,put,ITM,market,80.0,10:30,16:00,forced,-0.98308
2026-03-05,TSLA,put,ITM,market,80.0,10:30,16:00,forced,-0.98896
2026-03-06,TSLA,put,ITM,market,80.0,10:30,16:00,forced,-0.98206
2026-03-09,TSLA,put,ITM,market,80.0,10:30,16:00,forced,-0.99187
2026-03-10,TSLA,put,ITM,market,80.0,10:00,14:10,target,0.8
2026-03-10,TSLA,put,ITM,market,80.0,14:30,15:00,target,0.8
2026-03-10,TSLA,put,ITM,market,80.0,15:00,16:00,forced,0.23135
2026-03-11,TSLA,put,ITM,market,80.0,10:30,10:50,target,0.8
2026-03-11,TSLA,put,ITM,market,80.0,11:00,16:00,forced,-0.43619
2026-03-12,TSLA,put,ITM,market,80.0,10:00,12:55,target,0.8
2026-03-12,TSLA,put,ITM,market,80.0,13:00,14:55,target,0.8
2026-03-12,TSLA,put,ITM,market,80.0,15:00,16:00,forced,0.1376
2026-03-13,TSLA,put,ITM,market,80.0,10:00,16:00,forced,-0.99202
2026-02-16,TSLA,put,ITM,market,90.0,10:00,16:00,target,0.9
2026-02-17,TSLA,put,ITM,market,90.0,10:00,16:00,forced,-0.98959
2026-02-18,TSLA,put,ITM,market,90.0,10:00,16:00,forced,-0.99216
2026-02-19,TSLA,put,ITM,market,90.0,10:00,16:00,forced,-0.49469
2026-02-20,TSLA,put,ITM,market,90.0,10:00,12:10,target,0.9
2026-02-20,TSLA,put,ITM,market,90.0,12:30,16:00,forced,-0.42605
2026-02-23,TSLA,put,ITM,market,90.0,10:00,16:00,forced,-0.15232
2026-02-24,TSLA,put,ITM,market,90.0,10:00,12:30,target,0.9
2026-02-24,TSLA,put,ITM,market,90.0,12:30,16:00,forced,-0.63428
2026-02-25,TSLA,put,ITM,market,90.0,10:00,12:45,target,0.9
2026-02-25,TSLA,put,ITM,market,90.0,13:00,16:00,forced,0.34195
2026-02-26,TSLA,put,ITM,market,90.0,10:00,16:00,forced,-0.99044
2026-02-27,TSLA,put,ITM,market,90.0,10:00,16:00,forced,-0.16552
2026-03-02,TSLA,put,ITM,market,90.0,10:30,16:00,forced,-0.9952
2026-03-03,TSLA,put,ITM,market,90.0,10:30,14:15,target,0.9
2026-03-03,TSLA,put,ITM,market,90.0,14:30,16:00,forced,0.64617
2026-03-04,TSLA,put,ITM,market,90.0,10:30,16:00,forced,-0.98308
2026-03-05,TSLA,put,ITM,market,90.0,10:30,16:00,forced,-0.98896
2026-03-06,TSLA,put,ITM,market,90.0,10:30,16:00,forced,-0.98206
2026-03-09,TSLA,put,ITM,market,90.0,10:30,16:00,forced,-0.99187
2026-03-10,TSLA,put,ITM,market,90.0,10:00,14:10,target,0.9
2026-03-10,TSLA,put,ITM,market,90.0,14:30,15:00,target,0.9
2026-03-10,TSLA,put,ITM,market,90.0,15:00,16:00,forced,0.23135
2026-03-11,TSLA,put,ITM,market,90.0,10:30,10:55,target,0.9
2026-03-11,TSLA,put,ITM,market,90.0,11:30,16:00,forced,-0.45925
2026-03-12,TSLA,put,ITM,market,90.0,10:00,12:55,target,0.9
2026-03-12,TSLA,put,ITM,market,90.0,13:00,15:05,target,0.9
2026-03-12,TSLA,put,ITM,market,90.0,15:30,16:00,forced,-0.08547
2026-03-13,TSLA,put,ITM,market,90.0,10:00,16:00,forced,-0.99202
2026-02-16,TSLA,put,ITM,market,100.0,09:35,10:05,target,1.0
2026-02-16,TSLA,put,ITM,market,100.0,10:30,13:00,target,1.0
2026-02-16,TSLA,put,ITM,market,100.0,13:00,16:00,forced,0.67211
2026-02-17,TSLA,put,ITM,market,100.0,09:35,16:00,forced,-0.98665
2026-02-18,TSLA,put,ITM,market,100.0,09:35,11:00,target,1.0
2026-02-18,TSLA,put,ITM,market,100.0,11:00,16:00,forced,-0.99272
2026-02-19,TSLA,put,ITM,market,100.0,09:35,16:00,forced,-0.48591
2026-02-20,TSLA,put,ITM,market,100.0,09:35,12:10,target,1.0
2026-02-20,TSLA,put,ITM,market,100.0,13:00,16:00,forced,-0.2951
2026-02-23,TSLA,put,ITM,market,100.0,09:35,16:00,forced,-0.214
2026-02-24,TSLA,put,ITM,market,100.0,09:35,16:00,forced,-0.23248
2026-02-25,TSLA,put,ITM,market,100.0,09:35,12:00,target,1.0
2026-02-25,TSLA,put,ITM,market,100.0,12:00,14:45,target,1.0
2026-02-25,TSLA,put,ITM,market,100.0,15:00,16:00,forced,-0.15068
2026-02-26,TSLA,put,ITM,market,100.0,09:35,16:00,forced,-0.98853
2026-02-27,TSLA,put,ITM,market,100.0,09:35,16:00,forced,-0.51261
2026-03-02,TSLA,put,ITM,market,100.0,10:30,16:00,forced,-0.9952
2026-03-03,TSLA,put,ITM,market,100.0,10:30,14:15,target,1.0
2026-03-03,TSLA,put,ITM,market,100.0,14:30,16:00,forced,0.64617
2026-03-04,TSLA,put,ITM,market,100.0,10:30,16:00,forced,-0.98308
2026-03-05,TSLA,put,ITM,market,100.0,10:30,16:00,forced,-0.98896
2026-03-06,TSLA,put,ITM,market,100.0,10:30,16:00,forced,-0.98206
2026-03-09,TSLA,put,ITM,market,100.0,10:30,16:00,forced,-0.99187
2026-03-10,TSLA,put,ITM,market,100.0,10:00,14:10,target,1.0
2026-03-10,TSLA,put,ITM,market,100.0,14:30,15:15,target,1.0
2026-03-10,TSLA,put,ITM,market,100.0,15:30,16:00,forced,0.11693
2026-03-11,TSLA,put,ITM,market,100.0,10:30,11:00,target,1.0
2026-03-11,TSLA,put,ITM,market,100.0,11:30,16:00,forced,-0.45925
2026-03-12,TSLA,put,ITM,market,100.0,10:00,13:00,target,1.0
2026-03-12,TSLA,put,ITM,market,100.0,13:00,15:15,target,1.0
2026-03-12,TSLA,put,ITM,market,100.0,15:30,16:00,forced,-0.08547
2026-03-13,TSLA,put,ITM,market,100.0,10:00,16:00,forced,-0.99202
