symbol,direction,fill_mode,regime,entry_bucket,moneyness,first_date,last_date,n_sessions,T_pct,n,hit_pct,first_hit_median,first_hit_q25,first_hit_q75,last_hold_median,mfe_pct_median,mfe_min_median,mae_pct_median,low_sample
ORCL,call,mid,Fri-0DTE,11:30,ITM,2024-07-12,2026-06-12,63,20.0,295,56.61,46.0,17.0,95.5,246.0,0.24796,99.0,-0.21389,False
ORCL,call,mid,Fri-0DTE,11:30,ITM,2024-07-12,2026-06-12,63,25.0,295,49.831,55.0,24.5,118.0,249.0,0.24796,99.0,-0.21389,False
ORCL,call,mid,Fri-0DTE,11:30,ITM,2024-07-12,2026-06-12,63,30.0,295,44.068,68.5,32.5,130.0,248.5,0.24796,99.0,-0.21389,False
ORCL,call,mid,Fri-0DTE,11:30,ITM,2024-07-12,2026-06-12,63,40.0,295,33.559,96.0,47.5,192.0,251.0,0.24796,99.0,-0.21389,False
ORCL,call,mid,Fri-0DTE,11:30,ITM,2024-07-12,2026-06-12,63,50.0,295,25.763,108.5,59.75,201.5,252.5,0.24796,99.0,-0.21389,False
ORCL,call,mid,Fri-0DTE,11:30,ITM,2024-07-12,2026-06-12,63,60.0,295,20.0,120.0,86.5,208.0,254.0,0.24796,99.0,-0.21389,False
ORCL,call,mid,Fri-0DTE,11:30,ITM,2024-07-12,2026-06-12,63,70.0,295,17.288,178.0,97.0,237.5,254.0,0.24796,99.0,-0.21389,False
ORCL,call,mid,Fri-0DTE,11:30,ITM,2024-07-12,2026-06-12,63,75.0,295,15.254,178.0,103.0,242.0,254.0,0.24796,99.0,-0.21389,False
ORCL,call,mid,Fri-0DTE,11:30,ITM,2024-07-12,2026-06-12,63,80.0,295,14.237,200.5,104.5,248.0,254.0,0.24796,99.0,-0.21389,False
ORCL,call,mid,Fri-0DTE,11:30,ITM,2024-07-12,2026-06-12,63,90.0,295,11.864,200.0,145.0,248.5,254.0,0.24796,99.0,-0.21389,False
ORCL,call,mid,Fri-0DTE,11:30,ITM,2024-07-12,2026-06-12,63,100.0,295,10.508,235.0,186.0,253.5,254.0,0.24796,99.0,-0.21389,False
ORCL,call,market,Fri-0DTE,11:30,ITM,2024-07-12,2026-06-12,63,20.0,295,52.881,52.0,21.75,103.0,247.0,0.22219,99.0,-0.2334,False
ORCL,call,market,Fri-0DTE,11:30,ITM,2024-07-12,2026-06-12,63,25.0,295,46.78,71.0,31.25,129.25,249.0,0.22219,99.0,-0.2334,False
ORCL,call,market,Fri-0DTE,11:30,ITM,2024-07-12,2026-06-12,63,30.0,295,40.0,78.5,39.75,129.25,249.0,0.22219,99.0,-0.2334,False
ORCL,call,market,Fri-0DTE,11:30,ITM,2024-07-12,2026-06-12,63,40.0,295,31.186,100.5,49.75,199.75,252.0,0.22219,99.0,-0.2334,False
ORCL,call,market,Fri-0DTE,11:30,ITM,2024-07-12,2026-06-12,63,50.0,295,23.729,119.0,74.25,214.0,254.0,0.22219,99.0,-0.2334,False
ORCL,call,market,Fri-0DTE,11:30,ITM,2024-07-12,2026-06-12,63,60.0,295,17.627,140.5,86.25,218.0,254.0,0.22219,99.0,-0.2334,False
ORCL,call,market,Fri-0DTE,11:30,ITM,2024-07-12,2026-06-12,63,70.0,295,15.932,178.0,102.5,239.5,254.0,0.22219,99.0,-0.2334,False
ORCL,call,market,Fri-0DTE,11:30,ITM,2024-07-12,2026-06-12,63,75.0,295,14.915,206.0,105.5,249.5,254.0,0.22219,99.0,-0.2334,False
ORCL,call,market,Fri-0DTE,11:30,ITM,2024-07-12,2026-06-12,63,80.0,295,13.22,195.0,110.5,245.0,254.0,0.22219,99.0,-0.2334,False
ORCL,call,market,Fri-0DTE,11:30,ITM,2024-07-12,2026-06-12,63,90.0,295,10.508,202.0,177.0,251.5,254.0,0.22219,99.0,-0.2334,False
ORCL,call,market,Fri-0DTE,11:30,ITM,2024-07-12,2026-06-12,63,100.0,295,9.153,236.0,188.5,252.0,254.0,0.22219,99.0,-0.2334,False
ORCL,call,mid,Fri-0DTE,13:30,ITM,2024-07-12,2026-07-10,57,20.0,245,40.408,65.0,33.0,124.0,129.0,0.14778,91.0,-0.16667,False
ORCL,call,mid,Fri-0DTE,13:30,ITM,2024-07-12,2026-07-10,57,25.0,245,31.837,74.5,42.5,124.0,129.5,0.14778,91.0,-0.16667,False
ORCL,call,mid,Fri-0DTE,13:30,ITM,2024-07-12,2026-07-10,57,30.0,245,27.755,73.5,50.5,122.25,129.0,0.14778,91.0,-0.16667,False
ORCL,call,mid,Fri-0DTE,13:30,ITM,2024-07-12,2026-07-10,57,40.0,245,21.224,87.0,56.75,127.25,134.0,0.14778,91.0,-0.16667,False
ORCL,call,mid,Fri-0DTE,13:30,ITM,2024-07-12,2026-07-10,57,50.0,245,14.694,95.0,62.75,131.0,132.5,0.14778,91.0,-0.16667,False
ORCL,call,mid,Fri-0DTE,13:30,ITM,2024-07-12,2026-07-10,57,60.0,245,11.02,94.0,74.5,128.5,131.0,0.14778,91.0,-0.16667,False
ORCL,call,mid,Fri-0DTE,13:30,ITM,2024-07-12,2026-07-10,57,70.0,245,7.347,88.5,82.5,131.5,138.5,0.14778,91.0,-0.16667,False
ORCL,call,mid,Fri-0DTE,13:30,ITM,2024-07-12,2026-07-10,57,75.0,245,7.347,89.0,85.5,131.75,137.0,0.14778,91.0,-0.16667,False
ORCL,call,mid,Fri-0DTE,13:30,ITM,2024-07-12,2026-07-10,57,80.0,245,6.122,89.0,83.5,118.0,129.0,0.14778,91.0,-0.16667,False
ORCL,call,mid,Fri-0DTE,13:30,ITM,2024-07-12,2026-07-10,57,90.0,245,4.49,89.0,86.0,108.0,129.0,0.14778,91.0,-0.16667,False
ORCL,call,mid,Fri-0DTE,13:30,ITM,2024-07-12,2026-07-10,57,100.0,245,3.673,90.0,85.0,94.0,131.0,0.14778,91.0,-0.16667,False
ORCL,call,market,Fri-0DTE,13:30,ITM,2024-07-12,2026-07-10,57,20.0,245,34.286,74.0,40.75,122.75,130.0,0.12055,91.0,-0.18317,False
ORCL,call,market,Fri-0DTE,13:30,ITM,2024-07-12,2026-07-10,57,25.0,245,29.388,83.0,49.75,122.75,131.0,0.12055,91.0,-0.18317,False
ORCL,call,market,Fri-0DTE,13:30,ITM,2024-07-12,2026-07-10,57,30.0,245,25.306,73.5,52.75,125.75,134.0,0.12055,91.0,-0.18317,False
ORCL,call,market,Fri-0DTE,13:30,ITM,2024-07-12,2026-07-10,57,40.0,245,18.776,82.5,61.25,124.5,134.0,0.12055,91.0,-0.18317,False
ORCL,call,market,Fri-0DTE,13:30,ITM,2024-07-12,2026-07-10,57,50.0,245,13.061,90.5,67.25,127.0,132.5,0.12055,91.0,-0.18317,False
ORCL,call,market,Fri-0DTE,13:30,ITM,2024-07-12,2026-07-10,57,60.0,245,9.388,90.0,80.0,128.5,130.0,0.12055,91.0,-0.18317,False
ORCL,call,market,Fri-0DTE,13:30,ITM,2024-07-12,2026-07-10,57,70.0,245,6.939,89.0,84.0,125.0,137.0,0.12055,91.0,-0.18317,False
ORCL,call,market,Fri-0DTE,13:30,ITM,2024-07-12,2026-07-10,57,75.0,245,6.122,89.0,83.5,118.0,129.0,0.12055,91.0,-0.18317,False
ORCL,call,market,Fri-0DTE,13:30,ITM,2024-07-12,2026-07-10,57,80.0,245,5.306,90.0,85.0,122.0,133.0,0.12055,91.0,-0.18317,False
ORCL,call,market,Fri-0DTE,13:30,ITM,2024-07-12,2026-07-10,57,90.0,245,4.082,89.0,85.5,95.25,130.0,0.12055,91.0,-0.18317,False
ORCL,call,market,Fri-0DTE,13:30,ITM,2024-07-12,2026-07-10,57,100.0,245,3.673,94.0,90.0,102.0,124.0,0.12055,91.0,-0.18317,False
ORCL,call,mid,Fri-0DTE,14:00,ITM,2024-07-12,2026-06-12,63,20.0,249,38.153,38.0,18.0,81.0,102.0,0.145,64.0,-0.13287,False
ORCL,call,mid,Fri-0DTE,14:00,ITM,2024-07-12,2026-06-12,63,25.0,249,32.129,41.5,19.75,86.25,104.0,0.145,64.0,-0.13287,False
ORCL,call,mid,Fri-0DTE,14:00,ITM,2024-07-12,2026-06-12,63,30.0,249,25.703,49.0,26.0,95.0,104.5,0.145,64.0,-0.13287,False
ORCL,call,mid,Fri-0DTE,14:00,ITM,2024-07-12,2026-06-12,63,40.0,249,17.269,53.0,29.0,86.5,104.0,0.145,64.0,-0.13287,False
ORCL,call,mid,Fri-0DTE,14:00,ITM,2024-07-12,2026-06-12,63,50.0,249,14.056,56.0,32.0,92.0,104.0,0.145,64.0,-0.13287,False
ORCL,call,mid,Fri-0DTE,14:00,ITM,2024-07-12,2026-06-12,63,60.0,249,10.843,55.0,33.0,97.0,104.0,0.145,64.0,-0.13287,False
ORCL,call,mid,Fri-0DTE,14:00,ITM,2024-07-12,2026-06-12,63,70.0,249,9.639,59.0,44.5,99.25,106.0,0.145,64.0,-0.13287,False
ORCL,call,mid,Fri-0DTE,14:00,ITM,2024-07-12,2026-06-12,63,75.0,249,8.835,67.0,46.25,98.5,105.0,0.145,64.0,-0.13287,False
ORCL,call,mid,Fri-0DTE,14:00,ITM,2024-07-12,2026-06-12,63,80.0,249,8.434,72.0,50.0,99.0,104.0,0.145,64.0,-0.13287,False
ORCL,call,mid,Fri-0DTE,14:00,ITM,2024-07-12,2026-06-12,63,90.0,249,7.631,94.0,57.5,105.0,104.0,0.145,64.0,-0.13287,False
ORCL,call,mid,Fri-0DTE,14:00,ITM,2024-07-12,2026-06-12,63,100.0,249,7.631,94.0,57.5,105.5,104.0,0.145,64.0,-0.13287,False
ORCL,call,market,Fri-0DTE,14:00,ITM,2024-07-12,2026-06-12,63,20.0,249,34.538,40.0,19.25,81.0,104.0,0.12096,64.0,-0.1548,False
ORCL,call,market,Fri-0DTE,14:00,ITM,2024-07-12,2026-06-12,63,25.0,249,28.112,48.0,26.25,90.0,104.0,0.12096,64.0,-0.1548,False
ORCL,call,market,Fri-0DTE,14:00,ITM,2024-07-12,2026-06-12,63,30.0,249,24.096,53.5,26.0,95.0,104.0,0.12096,64.0,-0.1548,False
ORCL,call,market,Fri-0DTE,14:00,ITM,2024-07-12,2026-06-12,63,40.0,249,15.663,51.0,29.0,94.0,104.0,0.12096,64.0,-0.1548,False
ORCL,call,market,Fri-0DTE,14:00,ITM,2024-07-12,2026-06-12,63,50.0,249,13.655,56.0,34.75,96.25,106.5,0.12096,64.0,-0.1548,False
ORCL,call,market,Fri-0DTE,14:00,ITM,2024-07-12,2026-06-12,63,60.0,249,10.442,57.5,40.75,99.75,106.0,0.12096,64.0,-0.1548,False
ORCL,call,market,Fri-0DTE,14:00,ITM,2024-07-12,2026-06-12,63,70.0,249,8.835,59.5,43.5,95.75,105.0,0.12096,64.0,-0.1548,False
ORCL,call,market,Fri-0DTE,14:00,ITM,2024-07-12,2026-06-12,63,75.0,249,8.434,72.0,50.0,99.0,104.0,0.12096,64.0,-0.1548,False
ORCL,call,market,Fri-0DTE,14:00,ITM,2024-07-12,2026-06-12,63,80.0,249,8.434,90.0,55.0,99.0,104.0,0.12096,64.0,-0.1548,False
ORCL,call,market,Fri-0DTE,14:00,ITM,2024-07-12,2026-06-12,63,90.0,249,7.631,94.0,57.5,105.0,104.0,0.12096,64.0,-0.1548,False
ORCL,call,market,Fri-0DTE,14:00,ITM,2024-07-12,2026-06-12,63,100.0,249,6.827,99.0,60.0,108.0,104.0,0.12096,64.0,-0.1548,False
ORCL,call,mid,Fri-0DTE,10:00,OTM1,2024-07-12,2026-07-10,85,20.0,393,72.774,7.0,3.0,24.5,104.5,0.57143,28.0,-0.83333,False
ORCL,call,mid,Fri-0DTE,10:00,OTM1,2024-07-12,2026-07-10,85,25.0,393,69.975,8.0,3.0,28.0,106.0,0.57143,28.0,-0.83333,False
ORCL,call,mid,Fri-0DTE,10:00,OTM1,2024-07-12,2026-07-10,85,30.0,393,65.649,9.0,4.0,28.0,114.5,0.57143,28.0,-0.83333,False
ORCL,call,mid,Fri-0DTE,10:00,OTM1,2024-07-12,2026-07-10,85,40.0,393,60.305,13.0,6.0,36.0,114.0,0.57143,28.0,-0.83333,False
ORCL,call,mid,Fri-0DTE,10:00,OTM1,2024-07-12,2026-07-10,85,50.0,393,54.198,15.0,6.0,36.0,113.0,0.57143,28.0,-0.83333,False
ORCL,call,mid,Fri-0DTE,10:00,OTM1,2024-07-12,2026-07-10,85,60.0,393,49.364,17.0,8.25,45.0,124.5,0.57143,28.0,-0.83333,False
ORCL,call,mid,Fri-0DTE,10:00,OTM1,2024-07-12,2026-07-10,85,70.0,393,45.547,21.0,10.0,50.0,135.0,0.57143,28.0,-0.83333,False
ORCL,call,mid,Fri-0DTE,10:00,OTM1,2024-07-12,2026-07-10,85,75.0,393,43.511,23.0,11.0,50.5,135.0,0.57143,28.0,-0.83333,False
ORCL,call,mid,Fri-0DTE,10:00,OTM1,2024-07-12,2026-07-10,85,80.0,393,41.985,24.0,12.0,55.0,138.0,0.57143,28.0,-0.83333,False
ORCL,call,mid,Fri-0DTE,10:00,OTM1,2024-07-12,2026-07-10,85,90.0,393,39.186,24.5,13.0,56.0,144.0,0.57143,28.0,-0.83333,False
ORCL,call,mid,Fri-0DTE,10:00,OTM1,2024-07-12,2026-07-10,85,100.0,393,38.677,28.5,15.0,57.25,143.0,0.57143,28.0,-0.83333,False
ORCL,call,market,Fri-0DTE,10:00,OTM1,2024-07-12,2026-07-10,85,20.0,393,41.985,15.0,6.0,38.0,143.0,0.05,24.0,-1.0,False
ORCL,call,market,Fri-0DTE,10:00,OTM1,2024-07-12,2026-07-10,85,25.0,393,41.221,16.0,8.0,38.0,144.0,0.05,24.0,-1.0,False
ORCL,call,market,Fri-0DTE,10:00,OTM1,2024-07-12,2026-07-10,85,30.0,393,39.949,18.0,9.0,40.0,144.0,0.05,24.0,-1.0,False
ORCL,call,market,Fri-0DTE,10:00,OTM1,2024-07-12,2026-07-10,85,40.0,393,37.659,21.0,11.0,45.5,145.0,0.05,24.0,-1.0,False
ORCL,call,market,Fri-0DTE,10:00,OTM1,2024-07-12,2026-07-10,85,50.0,393,35.623,26.0,13.0,56.75,150.5,0.05,24.0,-1.0,False
ORCL,call,market,Fri-0DTE,10:00,OTM1,2024-07-12,2026-07-10,85,60.0,393,33.842,29.0,15.0,61.0,153.0,0.05,24.0,-1.0,False
ORCL,call,market,Fri-0DTE,10:00,OTM1,2024-07-12,2026-07-10,85,70.0,393,30.28,33.0,18.0,61.0,179.0,0.05,24.0,-1.0,False
ORCL,call,market,Fri-0DTE,10:00,OTM1,2024-07-12,2026-07-10,85,75.0,393,29.008,35.0,18.25,63.75,209.0,0.05,24.0,-1.0,False
ORCL,call,market,Fri-0DTE,10:00,OTM1,2024-07-12,2026-07-10,85,80.0,393,28.753,35.0,18.0,65.0,208.0,0.05,24.0,-1.0,False
ORCL,call,market,Fri-0DTE,10:00,OTM1,2024-07-12,2026-07-10,85,90.0,393,28.499,38.0,21.75,74.5,209.5,0.05,24.0,-1.0,False
ORCL,call,market,Fri-0DTE,10:00,OTM1,2024-07-12,2026-07-10,85,100.0,393,26.209,39.0,23.0,89.0,220.0,0.05,24.0,-1.0,False
ORCL,call,mid,Fri-0DTE,11:00,ATM,2024-07-12,2026-07-10,90,20.0,355,66.479,11.0,5.0,31.5,166.0,0.49573,31.0,-0.91667,False
ORCL,call,mid,Fri-0DTE,11:00,ATM,2024-07-12,2026-07-10,90,25.0,355,62.535,16.0,7.0,46.0,168.0,0.49573,31.0,-0.91667,False
ORCL,call,mid,Fri-0DTE,11:00,ATM,2024-07-12,2026-07-10,90,30.0,355,58.31,17.0,8.0,52.0,175.0,0.49573,31.0,-0.91667,False
ORCL,call,mid,Fri-0DTE,11:00,ATM,2024-07-12,2026-07-10,90,40.0,355,52.394,23.0,11.0,72.75,178.5,0.49573,31.0,-0.91667,False
ORCL,call,mid,Fri-0DTE,11:00,ATM,2024-07-12,2026-07-10,90,50.0,355,49.859,28.0,12.0,108.0,178.0,0.49573,31.0,-0.91667,False
ORCL,call,mid,Fri-0DTE,11:00,ATM,2024-07-12,2026-07-10,90,60.0,355,44.225,38.0,15.0,119.0,190.0,0.49573,31.0,-0.91667,False
ORCL,call,mid,Fri-0DTE,11:00,ATM,2024-07-12,2026-07-10,90,70.0,355,39.437,40.0,16.0,123.0,204.0,0.49573,31.0,-0.91667,False
ORCL,call,mid,Fri-0DTE,11:00,ATM,2024-07-12,2026-07-10,90,75.0,355,38.31,46.0,16.75,122.5,194.0,0.49573,31.0,-0.91667,False
ORCL,call,mid,Fri-0DTE,11:00,ATM,2024-07-12,2026-07-10,90,80.0,355,35.775,56.0,18.0,129.0,210.0,0.49573,31.0,-0.91667,False
ORCL,call,mid,Fri-0DTE,11:00,ATM,2024-07-12,2026-07-10,90,90.0,355,33.239,50.0,22.0,126.5,206.5,0.49573,31.0,-0.91667,False
ORCL,call,mid,Fri-0DTE,11:00,ATM,2024-07-12,2026-07-10,90,100.0,355,30.986,68.0,24.25,134.5,216.0,0.49573,31.0,-0.91667,False
ORCL,call,market,Fri-0DTE,11:00,ATM,2024-07-12,2026-07-10,90,20.0,355,56.338,19.5,8.0,57.0,179.0,0.30811,29.0,-1.0,False
ORCL,call,market,Fri-0DTE,11:00,ATM,2024-07-12,2026-07-10,90,25.0,355,53.239,25.0,11.0,79.0,181.0,0.30811,29.0,-1.0,False
ORCL,call,market,Fri-0DTE,11:00,ATM,2024-07-12,2026-07-10,90,30.0,355,50.986,32.0,13.0,87.0,186.0,0.30811,29.0,-1.0,False
ORCL,call,market,Fri-0DTE,11:00,ATM,2024-07-12,2026-07-10,90,40.0,355,45.352,35.0,15.0,94.0,186.0,0.30811,29.0,-1.0,False
ORCL,call,market,Fri-0DTE,11:00,ATM,2024-07-12,2026-07-10,90,50.0,355,40.0,38.0,16.0,105.75,208.5,0.30811,29.0,-1.0,False
ORCL,call,market,Fri-0DTE,11:00,ATM,2024-07-12,2026-07-10,90,60.0,355,35.493,47.5,20.25,130.5,212.5,0.30811,29.0,-1.0,False
ORCL,call,market,Fri-0DTE,11:00,ATM,2024-07-12,2026-07-10,90,70.0,355,33.803,69.0,22.0,134.0,213.5,0.30811,29.0,-1.0,False
ORCL,call,market,Fri-0DTE,11:00,ATM,2024-07-12,2026-07-10,90,75.0,355,31.831,71.0,26.0,140.0,217.0,0.30811,29.0,-1.0,False
ORCL,call,market,Fri-0DTE,11:00,ATM,2024-07-12,2026-07-10,90,80.0,355,30.986,72.5,25.25,135.0,215.0,0.30811,29.0,-1.0,False
ORCL,call,market,Fri-0DTE,11:00,ATM,2024-07-12,2026-07-10,90,90.0,355,28.732,73.5,27.25,142.25,218.5,0.30811,29.0,-1.0,False
ORCL,call,market,Fri-0DTE,11:00,ATM,2024-07-12,2026-07-10,90,100.0,355,26.479,64.5,32.0,135.0,232.5,0.30811,29.0,-1.0,False
ORCL,call,mid,Fri-0DTE,13:00,ATM,2024-07-12,2026-07-10,74,20.0,262,63.359,9.0,4.0,24.0,112.0,0.36364,20.0,-0.85271,False
ORCL,call,mid,Fri-0DTE,13:00,ATM,2024-07-12,2026-07-10,74,25.0,262,59.542,10.5,5.0,27.25,114.5,0.36364,20.0,-0.85271,False
ORCL,call,mid,Fri-0DTE,13:00,ATM,2024-07-12,2026-07-10,74,30.0,262,54.198,13.0,6.0,36.0,130.0,0.36364,20.0,-0.85271,False
ORCL,call,mid,Fri-0DTE,13:00,ATM,2024-07-12,2026-07-10,74,40.0,262,47.328,16.0,7.0,42.25,123.5,0.36364,20.0,-0.85271,False
ORCL,call,mid,Fri-0DTE,13:00,ATM,2024-07-12,2026-07-10,74,50.0,262,41.985,21.5,10.0,47.75,135.0,0.36364,20.0,-0.85271,False
ORCL,call,mid,Fri-0DTE,13:00,ATM,2024-07-12,2026-07-10,74,60.0,262,35.878,24.5,12.0,74.0,152.0,0.36364,20.0,-0.85271,False
ORCL,call,mid,Fri-0DTE,13:00,ATM,2024-07-12,2026-07-10,74,70.0,262,33.206,30.0,14.5,79.0,153.0,0.36364,20.0,-0.85271,False
ORCL,call,mid,Fri-0DTE,13:00,ATM,2024-07-12,2026-07-10,74,75.0,262,30.534,32.0,16.0,80.0,153.5,0.36364,20.0,-0.85271,False
ORCL,call,mid,Fri-0DTE,13:00,ATM,2024-07-12,2026-07-10,74,80.0,262,29.771,32.0,17.0,80.0,154.0,0.36364,20.0,-0.85271,False
ORCL,call,mid,Fri-0DTE,13:00,ATM,2024-07-12,2026-07-10,74,90.0,262,27.481,37.0,19.75,96.75,154.0,0.36364,20.0,-0.85271,False
ORCL,call,mid,Fri-0DTE,13:00,ATM,2024-07-12,2026-07-10,74,100.0,262,24.809,64.0,21.0,102.0,154.0,0.36364,20.0,-0.85271,False
ORCL,call,market,Fri-0DTE,13:00,ATM,2024-07-12,2026-07-10,74,20.0,262,45.802,18.0,7.0,47.5,151.0,0.12084,19.0,-1.0,False
ORCL,call,market,Fri-0DTE,13:00,ATM,2024-07-12,2026-07-10,74,25.0,262,44.275,18.0,7.75,51.0,145.0,0.12084,19.0,-1.0,False
ORCL,call,market,Fri-0DTE,13:00,ATM,2024-07-12,2026-07-10,74,30.0,262,41.603,18.0,9.0,60.0,134.0,0.12084,19.0,-1.0,False
ORCL,call,market,Fri-0DTE,13:00,ATM,2024-07-12,2026-07-10,74,40.0,262,36.26,28.0,12.0,70.0,152.0,0.12084,19.0,-1.0,False
ORCL,call,market,Fri-0DTE,13:00,ATM,2024-07-12,2026-07-10,74,50.0,262,31.298,32.5,14.0,78.5,153.5,0.12084,19.0,-1.0,False
ORCL,call,market,Fri-0DTE,13:00,ATM,2024-07-12,2026-07-10,74,60.0,262,29.008,44.0,17.0,81.25,154.0,0.12084,19.0,-1.0,False
ORCL,call,market,Fri-0DTE,13:00,ATM,2024-07-12,2026-07-10,74,70.0,262,27.863,55.0,18.0,98.0,154.0,0.12084,19.0,-1.0,False
ORCL,call,market,Fri-0DTE,13:00,ATM,2024-07-12,2026-07-10,74,75.0,262,27.099,65.0,21.0,105.0,154.0,0.12084,19.0,-1.0,False
ORCL,call,market,Fri-0DTE,13:00,ATM,2024-07-12,2026-07-10,74,80.0,262,25.573,70.0,24.5,105.0,154.0,0.12084,19.0,-1.0,False
ORCL,call,market,Fri-0DTE,13:00,ATM,2024-07-12,2026-07-10,74,90.0,262,23.282,73.0,28.0,103.0,154.0,0.12084,19.0,-1.0,False
ORCL,call,market,Fri-0DTE,13:00,ATM,2024-07-12,2026-07-10,74,100.0,262,21.374,82.5,40.0,103.0,154.5,0.12084,19.0,-1.0,False
ORCL,call,mid,Fri-0DTE,13:30,ATM,2024-07-12,2026-07-10,81,20.0,279,57.348,16.0,6.0,39.0,105.0,0.30345,24.0,-0.85,False
ORCL,call,mid,Fri-0DTE,13:30,ATM,2024-07-12,2026-07-10,81,25.0,279,54.839,19.0,7.0,49.0,105.0,0.30345,24.0,-0.85,False
ORCL,call,mid,Fri-0DTE,13:30,ATM,2024-07-12,2026-07-10,81,30.0,279,50.538,19.0,7.0,52.0,108.0,0.30345,24.0,-0.85,False
ORCL,call,mid,Fri-0DTE,13:30,ATM,2024-07-12,2026-07-10,81,40.0,279,44.803,23.0,10.0,63.0,108.0,0.30345,24.0,-0.85,False
ORCL,call,mid,Fri-0DTE,13:30,ATM,2024-07-12,2026-07-10,81,50.0,279,37.993,30.0,14.0,80.5,122.0,0.30345,24.0,-0.85,False
ORCL,call,mid,Fri-0DTE,13:30,ATM,2024-07-12,2026-07-10,81,60.0,279,33.333,42.0,19.0,84.0,124.0,0.30345,24.0,-0.85,False
ORCL,call,mid,Fri-0DTE,13:30,ATM,2024-07-12,2026-07-10,81,70.0,279,30.108,45.5,22.0,93.75,124.0,0.30345,24.0,-0.85,False
ORCL,call,mid,Fri-0DTE,13:30,ATM,2024-07-12,2026-07-10,81,75.0,279,27.957,47.5,24.75,93.75,124.0,0.30345,24.0,-0.85,False
ORCL,call,mid,Fri-0DTE,13:30,ATM,2024-07-12,2026-07-10,81,80.0,279,25.448,49.0,26.5,96.5,124.0,0.30345,24.0,-0.85,False
ORCL,call,mid,Fri-0DTE,13:30,ATM,2024-07-12,2026-07-10,81,90.0,279,23.297,58.0,30.0,98.0,129.0,0.30345,24.0,-0.85,False
ORCL,call,mid,Fri-0DTE,13:30,ATM,2024-07-12,2026-07-10,81,100.0,279,20.789,58.0,31.0,99.75,129.0,0.30345,24.0,-0.85,False
ORCL,call,market,Fri-0DTE,13:30,ATM,2024-07-12,2026-07-10,81,20.0,279,42.294,25.0,11.25,64.25,121.5,0.08021,22.0,-1.0,False
ORCL,call,market,Fri-0DTE,13:30,ATM,2024-07-12,2026-07-10,81,25.0,279,39.785,29.0,13.0,67.0,122.0,0.08021,22.0,-1.0,False
ORCL,call,market,Fri-0DTE,13:30,ATM,2024-07-12,2026-07-10,81,30.0,279,37.276,30.0,14.0,71.25,124.0,0.08021,22.0,-1.0,False
ORCL,call,market,Fri-0DTE,13:30,ATM,2024-07-12,2026-07-10,81,40.0,279,31.541,35.5,19.75,79.25,124.0,0.08021,22.0,-1.0,False
ORCL,call,market,Fri-0DTE,13:30,ATM,2024-07-12,2026-07-10,81,50.0,279,26.882,47.0,26.5,84.0,124.0,0.08021,22.0,-1.0,False
ORCL,call,market,Fri-0DTE,13:30,ATM,2024-07-12,2026-07-10,81,60.0,279,24.373,54.0,29.75,92.25,126.5,0.08021,22.0,-1.0,False
ORCL,call,market,Fri-0DTE,13:30,ATM,2024-07-12,2026-07-10,81,70.0,279,21.505,58.5,34.5,99.5,129.0,0.08021,22.0,-1.0,False
ORCL,call,market,Fri-0DTE,13:30,ATM,2024-07-12,2026-07-10,81,75.0,279,21.147,64.0,35.0,100.0,129.0,0.08021,22.0,-1.0,False
ORCL,call,market,Fri-0DTE,13:30,ATM,2024-07-12,2026-07-10,81,80.0,279,19.355,75.5,35.0,101.0,129.0,0.08021,22.0,-1.0,False
ORCL,call,market,Fri-0DTE,13:30,ATM,2024-07-12,2026-07-10,81,90.0,279,17.921,81.0,36.25,105.25,129.0,0.08021,22.0,-1.0,False
ORCL,call,market,Fri-0DTE,13:30,ATM,2024-07-12,2026-07-10,81,100.0,279,16.846,84.0,41.5,107.5,129.0,0.08021,22.0,-1.0,False
ORCL,call,mid,Fri-0DTE,14:00,ATM,2024-07-12,2026-07-10,75,20.0,268,57.836,10.0,5.0,26.0,74.0,0.31595,15.5,-0.75962,False
ORCL,call,mid,Fri-0DTE,14:00,ATM,2024-07-12,2026-07-10,75,25.0,268,55.97,12.0,5.0,27.75,75.0,0.31595,15.5,-0.75962,False
ORCL,call,mid,Fri-0DTE,14:00,ATM,2024-07-12,2026-07-10,75,30.0,268,51.866,14.0,6.0,32.0,82.0,0.31595,15.5,-0.75962,False
ORCL,call,mid,Fri-0DTE,14:00,ATM,2024-07-12,2026-07-10,75,40.0,268,43.657,22.0,7.0,43.0,94.0,0.31595,15.5,-0.75962,False
ORCL,call,mid,Fri-0DTE,14:00,ATM,2024-07-12,2026-07-10,75,50.0,268,38.06,27.5,10.0,55.5,99.0,0.31595,15.5,-0.75962,False
ORCL,call,mid,Fri-0DTE,14:00,ATM,2024-07-12,2026-07-10,75,60.0,268,33.582,33.0,13.5,63.5,99.0,0.31595,15.5,-0.75962,False
ORCL,call,mid,Fri-0DTE,14:00,ATM,2024-07-12,2026-07-10,75,70.0,268,30.224,39.0,16.0,68.0,104.0,0.31595,15.5,-0.75962,False
ORCL,call,mid,Fri-0DTE,14:00,ATM,2024-07-12,2026-07-10,75,75.0,268,29.851,47.0,17.25,69.0,99.5,0.31595,15.5,-0.75962,False
ORCL,call,mid,Fri-0DTE,14:00,ATM,2024-07-12,2026-07-10,75,80.0,268,27.985,48.0,21.5,74.0,103.0,0.31595,15.5,-0.75962,False
ORCL,call,mid,Fri-0DTE,14:00,ATM,2024-07-12,2026-07-10,75,90.0,268,26.493,54.0,31.0,76.0,104.0,0.31595,15.5,-0.75962,False
ORCL,call,mid,Fri-0DTE,14:00,ATM,2024-07-12,2026-07-10,75,100.0,268,25.0,57.0,32.5,87.0,104.0,0.31595,15.5,-0.75962,False
ORCL,call,market,Fri-0DTE,14:00,ATM,2024-07-12,2026-07-10,75,20.0,268,38.06,24.5,8.0,47.75,99.0,0.07735,13.5,-1.0,False
ORCL,call,market,Fri-0DTE,14:00,ATM,2024-07-12,2026-07-10,75,25.0,268,35.448,24.0,10.0,53.0,99.0,0.07735,13.5,-1.0,False
ORCL,call,market,Fri-0DTE,14:00,ATM,2024-07-12,2026-07-10,75,30.0,268,34.328,27.5,11.0,56.25,99.0,0.07735,13.5,-1.0,False
ORCL,call,market,Fri-0DTE,14:00,ATM,2024-07-12,2026-07-10,75,40.0,268,30.224,35.0,14.0,64.0,103.0,0.07735,13.5,-1.0,False
ORCL,call,market,Fri-0DTE,14:00,ATM,2024-07-12,2026-07-10,75,50.0,268,27.239,47.0,18.0,71.0,104.0,0.07735,13.5,-1.0,False
ORCL,call,market,Fri-0DTE,14:00,ATM,2024-07-12,2026-07-10,75,60.0,268,26.119,54.0,26.5,77.5,104.0,0.07735,13.5,-1.0,False
ORCL,call,market,Fri-0DTE,14:00,ATM,2024-07-12,2026-07-10,75,70.0,268,24.627,58.0,38.0,83.25,104.0,0.07735,13.5,-1.0,False
ORCL,call,market,Fri-0DTE,14:00,ATM,2024-07-12,2026-07-10,75,75.0,268,22.761,58.0,38.0,85.0,104.0,0.07735,13.5,-1.0,False
ORCL,call,market,Fri-0DTE,14:00,ATM,2024-07-12,2026-07-10,75,80.0,268,21.642,61.0,40.0,92.0,104.0,0.07735,13.5,-1.0,False
ORCL,call,market,Fri-0DTE,14:00,ATM,2024-07-12,2026-07-10,75,90.0,268,20.896,63.0,42.75,95.25,105.0,0.07735,13.5,-1.0,False
ORCL,call,market,Fri-0DTE,14:00,ATM,2024-07-12,2026-07-10,75,100.0,268,19.403,68.0,42.5,94.5,105.0,0.07735,13.5,-1.0,False
ORCL,call,mid,Fri-0DTE,14:30,ATM,2024-07-12,2026-07-10,78,20.0,266,62.782,10.0,4.0,26.0,63.0,0.33038,15.5,-0.67857,False
ORCL,call,mid,Fri-0DTE,14:30,ATM,2024-07-12,2026-07-10,78,25.0,266,59.023,12.0,4.0,28.0,63.0,0.33038,15.5,-0.67857,False
ORCL,call,mid,Fri-0DTE,14:30,ATM,2024-07-12,2026-07-10,78,30.0,266,53.759,14.0,5.0,31.0,63.0,0.33038,15.5,-0.67857,False
ORCL,call,mid,Fri-0DTE,14:30,ATM,2024-07-12,2026-07-10,78,40.0,266,46.241,18.0,6.5,34.5,64.0,0.33038,15.5,-0.67857,False
ORCL,call,mid,Fri-0DTE,14:30,ATM,2024-07-12,2026-07-10,78,50.0,266,39.474,21.0,11.0,37.0,67.0,0.33038,15.5,-0.67857,False
ORCL,call,mid,Fri-0DTE,14:30,ATM,2024-07-12,2026-07-10,78,60.0,266,36.09,21.5,12.0,36.0,68.5,0.33038,15.5,-0.67857,False
ORCL,call,mid,Fri-0DTE,14:30,ATM,2024-07-12,2026-07-10,78,70.0,266,34.211,24.0,13.5,37.0,67.0,0.33038,15.5,-0.67857,False
ORCL,call,mid,Fri-0DTE,14:30,ATM,2024-07-12,2026-07-10,78,75.0,266,32.331,25.5,14.0,39.0,69.0,0.33038,15.5,-0.67857,False
ORCL,call,mid,Fri-0DTE,14:30,ATM,2024-07-12,2026-07-10,78,80.0,266,31.955,26.0,17.0,44.0,69.0,0.33038,15.5,-0.67857,False
ORCL,call,mid,Fri-0DTE,14:30,ATM,2024-07-12,2026-07-10,78,90.0,266,30.827,30.5,17.5,42.75,69.0,0.33038,15.5,-0.67857,False
ORCL,call,mid,Fri-0DTE,14:30,ATM,2024-07-12,2026-07-10,78,100.0,266,30.451,33.0,20.0,56.0,69.0,0.33038,15.5,-0.67857,False
ORCL,call,market,Fri-0DTE,14:30,ATM,2024-07-12,2026-07-10,78,20.0,266,43.985,22.0,11.0,36.0,64.0,0.13304,15.0,-0.96427,False
ORCL,call,market,Fri-0DTE,14:30,ATM,2024-07-12,2026-07-10,78,25.0,266,40.226,23.0,12.0,36.5,64.0,0.13304,15.0,-0.96427,False
ORCL,call,market,Fri-0DTE,14:30,ATM,2024-07-12,2026-07-10,78,30.0,266,36.466,27.0,14.0,43.0,69.0,0.13304,15.0,-0.96427,False
ORCL,call,market,Fri-0DTE,14:30,ATM,2024-07-12,2026-07-10,78,40.0,266,31.579,30.5,17.75,44.5,69.0,0.13304,15.0,-0.96427,False
ORCL,call,market,Fri-0DTE,14:30,ATM,2024-07-12,2026-07-10,78,50.0,266,28.947,31.0,19.0,44.0,69.0,0.13304,15.0,-0.96427,False
ORCL,call,market,Fri-0DTE,14:30,ATM,2024-07-12,2026-07-10,78,60.0,266,27.444,33.0,21.0,48.0,69.0,0.13304,15.0,-0.96427,False
ORCL,call,market,Fri-0DTE,14:30,ATM,2024-07-12,2026-07-10,78,70.0,266,25.188,36.0,21.5,52.0,70.0,0.13304,15.0,-0.96427,False
ORCL,call,market,Fri-0DTE,14:30,ATM,2024-07-12,2026-07-10,78,75.0,266,24.436,38.0,23.0,56.0,71.0,0.13304,15.0,-0.96427,False
ORCL,call,market,Fri-0DTE,14:30,ATM,2024-07-12,2026-07-10,78,80.0,266,23.684,38.0,24.5,58.0,71.0,0.13304,15.0,-0.96427,False
ORCL,call,market,Fri-0DTE,14:30,ATM,2024-07-12,2026-07-10,78,90.0,266,21.805,39.0,26.25,60.75,72.0,0.13304,15.0,-0.96427,False
ORCL,call,market,Fri-0DTE,14:30,ATM,2024-07-12,2026-07-10,78,100.0,266,19.173,38.0,27.0,60.5,73.0,0.13304,15.0,-0.96427,False
ORCL,call,mid,Fri-0DTE,15:00,ATM,2024-07-12,2026-07-10,77,20.0,308,61.364,7.0,3.0,16.0,33.0,0.34521,12.0,-0.61111,False
ORCL,call,mid,Fri-0DTE,15:00,ATM,2024-07-12,2026-07-10,77,25.0,308,58.442,8.0,3.0,21.0,32.5,0.34521,12.0,-0.61111,False
ORCL,call,mid,Fri-0DTE,15:00,ATM,2024-07-12,2026-07-10,77,30.0,308,55.519,10.0,4.0,25.0,33.0,0.34521,12.0,-0.61111,False
ORCL,call,mid,Fri-0DTE,15:00,ATM,2024-07-12,2026-07-10,77,40.0,308,46.104,11.0,4.0,26.0,34.0,0.34521,12.0,-0.61111,False
ORCL,call,mid,Fri-0DTE,15:00,ATM,2024-07-12,2026-07-10,77,50.0,308,39.61,13.5,6.0,28.0,35.5,0.34521,12.0,-0.61111,False
ORCL,call,mid,Fri-0DTE,15:00,ATM,2024-07-12,2026-07-10,77,60.0,308,34.74,15.0,8.0,28.0,38.0,0.34521,12.0,-0.61111,False
ORCL,call,mid,Fri-0DTE,15:00,ATM,2024-07-12,2026-07-10,77,70.0,308,31.494,15.0,8.0,30.0,38.0,0.34521,12.0,-0.61111,False
ORCL,call,mid,Fri-0DTE,15:00,ATM,2024-07-12,2026-07-10,77,75.0,308,29.545,16.0,8.0,29.0,39.0,0.34521,12.0,-0.61111,False
ORCL,call,mid,Fri-0DTE,15:00,ATM,2024-07-12,2026-07-10,77,80.0,308,27.273,15.5,8.0,29.5,39.0,0.34521,12.0,-0.61111,False
ORCL,call,mid,Fri-0DTE,15:00,ATM,2024-07-12,2026-07-10,77,90.0,308,25.0,18.0,9.0,34.0,39.0,0.34521,12.0,-0.61111,False
ORCL,call,mid,Fri-0DTE,15:00,ATM,2024-07-12,2026-07-10,77,100.0,308,22.403,18.0,10.0,35.0,39.0,0.34521,12.0,-0.61111,False
ORCL,call,market,Fri-0DTE,15:00,ATM,2024-07-12,2026-07-10,77,20.0,308,35.714,12.0,6.0,23.75,39.0,0.03891,12.0,-1.0,False
ORCL,call,market,Fri-0DTE,15:00,ATM,2024-07-12,2026-07-10,77,25.0,308,33.442,14.0,6.0,28.0,39.0,0.03891,12.0,-1.0,False
ORCL,call,market,Fri-0DTE,15:00,ATM,2024-07-12,2026-07-10,77,30.0,308,30.195,14.0,8.0,28.0,40.0,0.03891,12.0,-1.0,False
ORCL,call,market,Fri-0DTE,15:00,ATM,2024-07-12,2026-07-10,77,40.0,308,25.325,16.0,9.0,30.0,44.0,0.03891,12.0,-1.0,False
ORCL,call,market,Fri-0DTE,15:00,ATM,2024-07-12,2026-07-10,77,50.0,308,22.727,20.5,10.0,35.75,44.0,0.03891,12.0,-1.0,False
ORCL,call,market,Fri-0DTE,15:00,ATM,2024-07-12,2026-07-10,77,60.0,308,20.13,24.5,13.0,37.0,44.0,0.03891,12.0,-1.0,False
ORCL,call,market,Fri-0DTE,15:00,ATM,2024-07-12,2026-07-10,77,70.0,308,18.831,26.0,13.25,38.75,44.0,0.03891,12.0,-1.0,False
ORCL,call,market,Fri-0DTE,15:00,ATM,2024-07-12,2026-07-10,77,75.0,308,17.857,29.0,14.0,40.0,44.0,0.03891,12.0,-1.0,False
ORCL,call,market,Fri-0DTE,15:00,ATM,2024-07-12,2026-07-10,77,80.0,308,16.883,28.5,14.0,39.25,44.0,0.03891,12.0,-1.0,False
ORCL,call,market,Fri-0DTE,15:00,ATM,2024-07-12,2026-07-10,77,90.0,308,16.234,30.5,15.0,43.75,44.0,0.03891,12.0,-1.0,False
ORCL,call,market,Fri-0DTE,15:00,ATM,2024-07-12,2026-07-10,77,100.0,308,14.61,32.0,15.0,44.0,44.0,0.03891,12.0,-1.0,False
ORCL,call,mid,Fri-0DTE,15:30,ATM,2024-07-12,2026-07-10,64,20.0,64,59.375,6.5,3.0,14.0,26.0,0.30152,11.5,-0.4,False
ORCL,call,mid,Fri-0DTE,15:30,ATM,2024-07-12,2026-07-10,64,25.0,64,54.688,7.0,3.0,17.0,26.0,0.30152,11.5,-0.4,False
ORCL,call,mid,Fri-0DTE,15:30,ATM,2024-07-12,2026-07-10,64,30.0,64,51.562,7.0,3.0,18.0,26.0,0.30152,11.5,-0.4,False
ORCL,call,mid,Fri-0DTE,15:30,ATM,2024-07-12,2026-07-10,64,40.0,64,42.188,10.0,4.5,20.0,26.0,0.30152,11.5,-0.4,False
ORCL,call,mid,Fri-0DTE,15:30,ATM,2024-07-12,2026-07-10,64,50.0,64,34.375,14.5,6.0,20.0,24.0,0.30152,11.5,-0.4,False
ORCL,call,mid,Fri-0DTE,15:30,ATM,2024-07-12,2026-07-10,64,60.0,64,32.812,15.0,8.0,20.0,24.0,0.30152,11.5,-0.4,False
ORCL,call,mid,Fri-0DTE,15:30,ATM,2024-07-12,2026-07-10,64,70.0,64,31.25,16.5,7.5,20.25,23.5,0.30152,11.5,-0.4,False
ORCL,call,mid,Fri-0DTE,15:30,ATM,2024-07-12,2026-07-10,64,75.0,64,31.25,16.5,7.5,20.25,23.5,0.30152,11.5,-0.4,False
ORCL,call,mid,Fri-0DTE,15:30,ATM,2024-07-12,2026-07-10,64,80.0,64,28.125,17.0,6.5,23.0,24.0,0.30152,11.5,-0.4,False
ORCL,call,mid,Fri-0DTE,15:30,ATM,2024-07-12,2026-07-10,64,90.0,64,23.438,11.0,5.0,23.0,25.0,0.30152,11.5,-0.4,False
ORCL,call,mid,Fri-0DTE,15:30,ATM,2024-07-12,2026-07-10,64,100.0,64,20.312,11.0,4.0,23.0,25.0,0.30152,11.5,-0.4,False
ORCL,call,market,Fri-0DTE,15:30,ATM,2024-07-12,2026-07-10,64,20.0,64,34.375,12.5,10.0,20.75,28.0,0.0,11.0,-0.91708,False
ORCL,call,market,Fri-0DTE,15:30,ATM,2024-07-12,2026-07-10,64,25.0,64,32.812,19.0,11.0,23.0,27.0,0.0,11.0,-0.91708,False
ORCL,call,market,Fri-0DTE,15:30,ATM,2024-07-12,2026-07-10,64,30.0,64,32.812,20.0,14.0,23.0,27.0,0.0,11.0,-0.91708,False
ORCL,call,market,Fri-0DTE,15:30,ATM,2024-07-12,2026-07-10,64,40.0,64,25.0,17.0,12.5,21.25,23.5,0.0,11.0,-0.91708,False
ORCL,call,market,Fri-0DTE,15:30,ATM,2024-07-12,2026-07-10,64,50.0,64,25.0,17.5,12.75,23.25,23.5,0.0,11.0,-0.91708,False
ORCL,call,market,Fri-0DTE,15:30,ATM,2024-07-12,2026-07-10,64,60.0,64,20.312,21.0,13.0,24.0,24.0,0.0,11.0,-0.91708,False
ORCL,call,market,Fri-0DTE,15:30,ATM,2024-07-12,2026-07-10,64,70.0,64,15.625,15.5,10.75,23.75,25.0,0.0,11.0,-0.91708,False
ORCL,call,market,Fri-0DTE,15:30,ATM,2024-07-12,2026-07-10,64,75.0,64,12.5,14.0,10.0,23.5,25.0,0.0,11.0,-0.91708,False
ORCL,call,market,Fri-0DTE,15:30,ATM,2024-07-12,2026-07-10,64,80.0,64,10.938,13.0,9.0,19.0,25.0,0.0,11.0,-0.91708,False
ORCL,call,market,Fri-0DTE,15:30,ATM,2024-07-12,2026-07-10,64,90.0,64,10.938,13.0,9.5,20.5,25.0,0.0,11.0,-0.91708,False
ORCL,call,market,Fri-0DTE,15:30,ATM,2024-07-12,2026-07-10,64,100.0,64,10.938,13.0,10.0,20.5,25.0,0.0,11.0,-0.91708,False
ORCL,put,mid,Fri-0DTE,11:30,OTM2+,2024-07-12,2026-07-10,52,20.0,235,56.596,20.0,7.0,78.0,99.0,0.28571,17.0,-0.33333,False
ORCL,put,mid,Fri-0DTE,11:30,OTM2+,2024-07-12,2026-07-10,52,25.0,235,55.319,20.0,7.0,81.0,100.5,0.28571,17.0,-0.33333,False
ORCL,put,mid,Fri-0DTE,11:30,OTM2+,2024-07-12,2026-07-10,52,30.0,235,45.106,18.0,7.0,74.25,97.5,0.28571,17.0,-0.33333,False
ORCL,put,mid,Fri-0DTE,11:30,OTM2+,2024-07-12,2026-07-10,52,40.0,235,37.021,23.0,7.0,77.5,114.0,0.28571,17.0,-0.33333,False
ORCL,put,mid,Fri-0DTE,11:30,OTM2+,2024-07-12,2026-07-10,52,50.0,235,30.638,26.0,10.0,67.25,80.0,0.28571,17.0,-0.33333,False
ORCL,put,mid,Fri-0DTE,11:30,OTM2+,2024-07-12,2026-07-10,52,60.0,235,28.511,30.0,11.5,68.5,83.0,0.28571,17.0,-0.33333,False
ORCL,put,mid,Fri-0DTE,11:30,OTM2+,2024-07-12,2026-07-10,52,70.0,235,25.957,41.0,14.0,75.0,90.0,0.28571,17.0,-0.33333,False
ORCL,put,mid,Fri-0DTE,11:30,OTM2+,2024-07-12,2026-07-10,52,75.0,235,24.681,38.5,18.0,74.5,89.5,0.28571,17.0,-0.33333,False
ORCL,put,mid,Fri-0DTE,11:30,OTM2+,2024-07-12,2026-07-10,52,80.0,235,23.83,42.5,18.0,75.5,90.0,0.28571,17.0,-0.33333,False
ORCL,put,mid,Fri-0DTE,11:30,OTM2+,2024-07-12,2026-07-10,52,90.0,235,23.83,42.5,20.75,75.5,90.0,0.28571,17.0,-0.33333,False
ORCL,put,mid,Fri-0DTE,11:30,OTM2+,2024-07-12,2026-07-10,52,100.0,235,23.404,42.0,20.5,74.0,90.0,0.28571,17.0,-0.33333,False
ORCL,put,market,Fri-0DTE,11:30,OTM2+,2024-07-12,2026-07-10,52,20.0,235,13.617,27.5,13.0,111.25,143.0,-0.69231,0.0,-1.0,False
ORCL,put,market,Fri-0DTE,11:30,OTM2+,2024-07-12,2026-07-10,52,25.0,235,13.191,28.0,13.0,88.0,112.0,-0.69231,0.0,-1.0,False
ORCL,put,market,Fri-0DTE,11:30,OTM2+,2024-07-12,2026-07-10,52,30.0,235,12.34,28.0,13.0,96.0,131.0,-0.69231,0.0,-1.0,False
ORCL,put,market,Fri-0DTE,11:30,OTM2+,2024-07-12,2026-07-10,52,40.0,235,11.915,36.0,17.75,112.25,120.5,-0.69231,0.0,-1.0,False
ORCL,put,market,Fri-0DTE,11:30,OTM2+,2024-07-12,2026-07-10,52,50.0,235,11.064,67.0,21.25,144.75,137.5,-0.69231,0.0,-1.0,False
ORCL,put,market,Fri-0DTE,11:30,OTM2+,2024-07-12,2026-07-10,52,60.0,235,10.638,67.0,21.0,161.0,143.0,-0.69231,0.0,-1.0,False
ORCL,put,market,Fri-0DTE,11:30,OTM2+,2024-07-12,2026-07-10,52,70.0,235,10.638,68.0,23.0,161.0,143.0,-0.69231,0.0,-1.0,False
ORCL,put,market,Fri-0DTE,11:30,OTM2+,2024-07-12,2026-07-10,52,75.0,235,10.638,68.0,23.0,161.0,143.0,-0.69231,0.0,-1.0,False
ORCL,put,market,Fri-0DTE,11:30,OTM2+,2024-07-12,2026-07-10,52,80.0,235,10.638,78.0,31.0,165.0,143.0,-0.69231,0.0,-1.0,False
ORCL,put,market,Fri-0DTE,11:30,OTM2+,2024-07-12,2026-07-10,52,90.0,235,10.638,78.0,31.0,165.0,139.0,-0.69231,0.0,-1.0,False
ORCL,put,market,Fri-0DTE,11:30,OTM2+,2024-07-12,2026-07-10,52,100.0,235,10.213,78.5,32.5,166.25,141.5,-0.69231,0.0,-1.0,False
ORCL,put,mid,Fri-0DTE,09:30,ATM,2024-07-12,2026-07-10,88,20.0,346,78.324,7.0,3.0,17.0,353.0,0.78759,53.0,-0.88,False
ORCL,put,mid,Fri-0DTE,09:30,ATM,2024-07-12,2026-07-10,88,25.0,346,75.723,9.0,4.0,22.0,354.5,0.78759,53.0,-0.88,False
ORCL,put,mid,Fri-0DTE,09:30,ATM,2024-07-12,2026-07-10,88,30.0,346,73.699,11.0,5.0,24.5,356.0,0.78759,53.0,-0.88,False
ORCL,put,mid,Fri-0DTE,09:30,ATM,2024-07-12,2026-07-10,88,40.0,346,65.896,14.0,6.0,36.25,361.5,0.78759,53.0,-0.88,False
ORCL,put,mid,Fri-0DTE,09:30,ATM,2024-07-12,2026-07-10,88,50.0,346,58.092,20.0,9.0,49.0,363.0,0.78759,53.0,-0.88,False
ORCL,put,mid,Fri-0DTE,09:30,ATM,2024-07-12,2026-07-10,88,60.0,346,53.757,24.0,11.0,59.5,364.0,0.78759,53.0,-0.88,False
ORCL,put,mid,Fri-0DTE,09:30,ATM,2024-07-12,2026-07-10,88,70.0,346,52.312,29.0,15.0,64.0,364.0,0.78759,53.0,-0.88,False
ORCL,put,mid,Fri-0DTE,09:30,ATM,2024-07-12,2026-07-10,88,75.0,346,50.867,32.0,16.0,69.25,364.0,0.78759,53.0,-0.88,False
ORCL,put,mid,Fri-0DTE,09:30,ATM,2024-07-12,2026-07-10,88,80.0,346,49.711,35.0,18.0,68.25,364.0,0.78759,53.0,-0.88,False
ORCL,put,mid,Fri-0DTE,09:30,ATM,2024-07-12,2026-07-10,88,90.0,346,47.11,43.0,20.0,84.0,364.0,0.78759,53.0,-0.88,False
ORCL,put,mid,Fri-0DTE,09:30,ATM,2024-07-12,2026-07-10,88,100.0,346,44.509,46.0,21.25,97.75,364.0,0.78759,53.0,-0.88,False
ORCL,put,market,Fri-0DTE,09:30,ATM,2024-07-12,2026-07-10,88,20.0,346,71.387,10.0,5.0,29.0,360.0,0.68803,53.0,-0.96782,False
ORCL,put,market,Fri-0DTE,09:30,ATM,2024-07-12,2026-07-10,88,25.0,346,70.52,13.0,5.0,34.0,360.0,0.68803,53.0,-0.96782,False
ORCL,put,market,Fri-0DTE,09:30,ATM,2024-07-12,2026-07-10,88,30.0,346,65.896,14.0,6.0,37.5,362.0,0.68803,53.0,-0.96782,False
ORCL,put,market,Fri-0DTE,09:30,ATM,2024-07-12,2026-07-10,88,40.0,346,59.249,20.0,9.0,55.0,363.0,0.68803,53.0,-0.96782,False
ORCL,put,market,Fri-0DTE,09:30,ATM,2024-07-12,2026-07-10,88,50.0,346,53.468,26.0,12.0,60.0,364.0,0.68803,53.0,-0.96782,False
ORCL,put,market,Fri-0DTE,09:30,ATM,2024-07-12,2026-07-10,88,60.0,346,50.578,29.0,15.0,65.5,364.0,0.68803,53.0,-0.96782,False
ORCL,put,market,Fri-0DTE,09:30,ATM,2024-07-12,2026-07-10,88,70.0,346,49.422,32.0,18.0,69.5,364.0,0.68803,53.0,-0.96782,False
ORCL,put,market,Fri-0DTE,09:30,ATM,2024-07-12,2026-07-10,88,75.0,346,48.266,36.0,19.0,70.0,364.0,0.68803,53.0,-0.96782,False
ORCL,put,market,Fri-0DTE,09:30,ATM,2024-07-12,2026-07-10,88,80.0,346,47.977,41.0,21.0,77.25,364.0,0.68803,53.0,-0.96782,False
ORCL,put,market,Fri-0DTE,09:30,ATM,2024-07-12,2026-07-10,88,90.0,346,44.509,47.0,22.0,102.0,364.0,0.68803,53.0,-0.96782,False
ORCL,put,market,Fri-0DTE,09:30,ATM,2024-07-12,2026-07-10,88,100.0,346,41.04,51.0,26.0,108.5,364.0,0.68803,53.0,-0.96782,False
ORCL,put,mid,Fri-0DTE,10:00,ATM,2024-07-12,2026-07-10,85,20.0,352,75.568,10.0,3.0,40.75,322.0,0.72731,64.5,-0.86621,False
ORCL,put,mid,Fri-0DTE,10:00,ATM,2024-07-12,2026-07-10,85,25.0,352,73.58,12.0,5.0,54.5,324.0,0.72731,64.5,-0.86621,False
ORCL,put,mid,Fri-0DTE,10:00,ATM,2024-07-12,2026-07-10,85,30.0,352,70.455,16.0,6.0,62.75,323.5,0.72731,64.5,-0.86621,False
ORCL,put,mid,Fri-0DTE,10:00,ATM,2024-07-12,2026-07-10,85,40.0,352,64.489,24.0,9.5,90.0,327.0,0.72731,64.5,-0.86621,False
ORCL,put,mid,Fri-0DTE,10:00,ATM,2024-07-12,2026-07-10,85,50.0,352,59.375,32.0,14.0,108.0,328.0,0.72731,64.5,-0.86621,False
ORCL,put,mid,Fri-0DTE,10:00,ATM,2024-07-12,2026-07-10,85,60.0,352,54.83,37.0,18.0,113.0,329.0,0.72731,64.5,-0.86621,False
ORCL,put,mid,Fri-0DTE,10:00,ATM,2024-07-12,2026-07-10,85,70.0,352,51.705,54.5,22.0,157.75,328.5,0.72731,64.5,-0.86621,False
ORCL,put,mid,Fri-0DTE,10:00,ATM,2024-07-12,2026-07-10,85,75.0,352,48.58,56.0,24.0,166.5,331.0,0.72731,64.5,-0.86621,False
ORCL,put,mid,Fri-0DTE,10:00,ATM,2024-07-12,2026-07-10,85,80.0,352,46.875,61.0,30.0,174.0,330.0,0.72731,64.5,-0.86621,False
ORCL,put,mid,Fri-0DTE,10:00,ATM,2024-07-12,2026-07-10,85,90.0,352,44.318,71.0,36.75,174.75,327.5,0.72731,64.5,-0.86621,False
ORCL,put,mid,Fri-0DTE,10:00,ATM,2024-07-12,2026-07-10,85,100.0,352,42.045,76.5,38.75,187.25,326.5,0.72731,64.5,-0.86621,False
ORCL,put,market,Fri-0DTE,10:00,ATM,2024-07-12,2026-07-10,85,20.0,352,69.034,15.0,6.0,79.0,325.0,0.62904,64.5,-0.97076,False
ORCL,put,market,Fri-0DTE,10:00,ATM,2024-07-12,2026-07-10,85,25.0,352,66.477,21.0,7.0,86.25,325.0,0.62904,64.5,-0.97076,False
ORCL,put,market,Fri-0DTE,10:00,ATM,2024-07-12,2026-07-10,85,30.0,352,63.92,25.0,9.0,98.0,328.0,0.62904,64.5,-0.97076,False
ORCL,put,market,Fri-0DTE,10:00,ATM,2024-07-12,2026-07-10,85,40.0,352,59.943,32.0,13.5,116.5,328.0,0.62904,64.5,-0.97076,False
ORCL,put,market,Fri-0DTE,10:00,ATM,2024-07-12,2026-07-10,85,50.0,352,53.977,41.5,18.25,130.25,329.5,0.62904,64.5,-0.97076,False
ORCL,put,market,Fri-0DTE,10:00,ATM,2024-07-12,2026-07-10,85,60.0,352,51.989,56.0,22.5,163.0,328.0,0.62904,64.5,-0.97076,False
ORCL,put,market,Fri-0DTE,10:00,ATM,2024-07-12,2026-07-10,85,70.0,352,46.307,69.0,30.0,168.5,330.0,0.62904,64.5,-0.97076,False
ORCL,put,market,Fri-0DTE,10:00,ATM,2024-07-12,2026-07-10,85,75.0,352,45.739,69.0,33.0,174.0,327.0,0.62904,64.5,-0.97076,False
ORCL,put,market,Fri-0DTE,10:00,ATM,2024-07-12,2026-07-10,85,80.0,352,44.318,71.0,36.0,168.0,323.0,0.62904,64.5,-0.97076,False
ORCL,put,market,Fri-0DTE,10:00,ATM,2024-07-12,2026-07-10,85,90.0,352,41.761,77.0,41.0,181.5,324.0,0.62904,64.5,-0.97076,False
ORCL,put,market,Fri-0DTE,10:00,ATM,2024-07-12,2026-07-10,85,100.0,352,38.352,85.0,45.0,187.5,330.0,0.62904,64.5,-0.97076,False
ORCL,put,mid,Fri-0DTE,12:30,OTM1,2024-07-12,2026-07-10,64,20.0,155,47.742,8.0,4.0,35.25,115.5,0.2,12.0,-0.57143,False
ORCL,put,mid,Fri-0DTE,12:30,OTM1,2024-07-12,2026-07-10,64,25.0,155,44.516,10.0,4.0,37.0,125.0,0.2,12.0,-0.57143,False
ORCL,put,mid,Fri-0DTE,12:30,OTM1,2024-07-12,2026-07-10,64,30.0,155,40.0,15.0,6.0,35.25,129.0,0.2,12.0,-0.57143,False
ORCL,put,mid,Fri-0DTE,12:30,OTM1,2024-07-12,2026-07-10,64,40.0,155,34.839,18.0,8.0,39.25,141.5,0.2,12.0,-0.57143,False
ORCL,put,mid,Fri-0DTE,12:30,OTM1,2024-07-12,2026-07-10,64,50.0,155,32.258,20.5,10.0,44.25,143.5,0.2,12.0,-0.57143,False
ORCL,put,mid,Fri-0DTE,12:30,OTM1,2024-07-12,2026-07-10,64,60.0,155,30.323,26.0,15.0,54.0,144.0,0.2,12.0,-0.57143,False
ORCL,put,mid,Fri-0DTE,12:30,OTM1,2024-07-12,2026-07-10,64,70.0,155,27.742,31.0,18.0,62.0,157.0,0.2,12.0,-0.57143,False
ORCL,put,mid,Fri-0DTE,12:30,OTM1,2024-07-12,2026-07-10,64,75.0,155,27.097,36.0,18.25,62.0,154.5,0.2,12.0,-0.57143,False
ORCL,put,mid,Fri-0DTE,12:30,OTM1,2024-07-12,2026-07-10,64,80.0,155,25.806,36.0,18.75,63.75,159.0,0.2,12.0,-0.57143,False
ORCL,put,mid,Fri-0DTE,12:30,OTM1,2024-07-12,2026-07-10,64,90.0,155,25.161,39.0,20.0,68.0,136.0,0.2,12.0,-0.57143,False
ORCL,put,mid,Fri-0DTE,12:30,OTM1,2024-07-12,2026-07-10,64,100.0,155,25.161,39.0,20.0,78.5,136.0,0.2,12.0,-0.57143,False
ORCL,put,market,Fri-0DTE,12:30,OTM1,2024-07-12,2026-07-10,64,20.0,155,17.419,25.0,13.5,43.5,184.0,-0.33333,4.0,-1.0,False
ORCL,put,market,Fri-0DTE,12:30,OTM1,2024-07-12,2026-07-10,64,25.0,155,17.419,28.0,14.0,43.5,184.0,-0.33333,4.0,-1.0,False
ORCL,put,market,Fri-0DTE,12:30,OTM1,2024-07-12,2026-07-10,64,30.0,155,17.419,28.0,14.0,44.0,184.0,-0.33333,4.0,-1.0,False
ORCL,put,market,Fri-0DTE,12:30,OTM1,2024-07-12,2026-07-10,64,40.0,155,17.419,28.0,16.0,65.5,184.0,-0.33333,4.0,-1.0,False
ORCL,put,market,Fri-0DTE,12:30,OTM1,2024-07-12,2026-07-10,64,50.0,155,17.419,42.0,18.5,67.0,184.0,-0.33333,4.0,-1.0,False
ORCL,put,market,Fri-0DTE,12:30,OTM1,2024-07-12,2026-07-10,64,60.0,155,16.129,34.0,18.0,69.0,184.0,-0.33333,4.0,-1.0,False
ORCL,put,market,Fri-0DTE,12:30,OTM1,2024-07-12,2026-07-10,64,70.0,155,14.839,32.0,17.5,59.0,184.0,-0.33333,4.0,-1.0,False
ORCL,put,market,Fri-0DTE,12:30,OTM1,2024-07-12,2026-07-10,64,75.0,155,14.194,30.0,18.5,54.0,185.5,-0.33333,4.0,-1.0,False
ORCL,put,market,Fri-0DTE,12:30,OTM1,2024-07-12,2026-07-10,64,80.0,155,13.548,28.0,18.0,54.0,187.0,-0.33333,4.0,-1.0,False
ORCL,put,market,Fri-0DTE,12:30,OTM1,2024-07-12,2026-07-10,64,90.0,155,12.903,30.0,19.25,55.0,189.5,-0.33333,4.0,-1.0,False
ORCL,put,market,Fri-0DTE,12:30,OTM1,2024-07-12,2026-07-10,64,100.0,155,12.903,30.0,19.5,55.0,189.5,-0.33333,4.0,-1.0,False
ORCL,put,mid,Fri-0DTE,10:00,ITM,2024-07-12,2026-07-10,71,20.0,485,67.01,33.0,11.0,82.0,336.0,0.37584,92.0,-0.26032,False
ORCL,put,mid,Fri-0DTE,10:00,ITM,2024-07-12,2026-07-10,71,25.0,485,61.649,39.0,16.0,83.5,336.0,0.37584,92.0,-0.26032,False
ORCL,put,mid,Fri-0DTE,10:00,ITM,2024-07-12,2026-07-10,71,30.0,485,57.113,45.0,17.0,101.0,336.0,0.37584,92.0,-0.26032,False
ORCL,put,mid,Fri-0DTE,10:00,ITM,2024-07-12,2026-07-10,71,40.0,485,47.423,60.0,23.0,110.0,334.0,0.37584,92.0,-0.26032,False
ORCL,put,mid,Fri-0DTE,10:00,ITM,2024-07-12,2026-07-10,71,50.0,485,37.32,65.0,35.0,121.0,335.0,0.37584,92.0,-0.26032,False
ORCL,put,mid,Fri-0DTE,10:00,ITM,2024-07-12,2026-07-10,71,60.0,485,31.959,78.0,45.0,145.5,334.0,0.37584,92.0,-0.26032,False
ORCL,put,mid,Fri-0DTE,10:00,ITM,2024-07-12,2026-07-10,71,70.0,485,25.979,94.5,57.25,162.75,333.5,0.37584,92.0,-0.26032,False
ORCL,put,mid,Fri-0DTE,10:00,ITM,2024-07-12,2026-07-10,71,75.0,485,23.299,94.0,59.0,184.0,334.0,0.37584,92.0,-0.26032,False
ORCL,put,mid,Fri-0DTE,10:00,ITM,2024-07-12,2026-07-10,71,80.0,485,20.825,90.0,58.0,184.0,334.0,0.37584,92.0,-0.26032,False
ORCL,put,mid,Fri-0DTE,10:00,ITM,2024-07-12,2026-07-10,71,90.0,485,17.113,105.0,69.0,208.5,333.0,0.37584,92.0,-0.26032,False
ORCL,put,mid,Fri-0DTE,10:00,ITM,2024-07-12,2026-07-10,71,100.0,485,14.021,116.0,66.75,214.25,333.0,0.37584,92.0,-0.26032,False
ORCL,put,market,Fri-0DTE,10:00,ITM,2024-07-12,2026-07-10,71,20.0,485,63.505,36.0,13.0,79.0,336.5,0.34703,92.0,-0.2755,False
ORCL,put,market,Fri-0DTE,10:00,ITM,2024-07-12,2026-07-10,71,25.0,485,58.969,43.0,17.0,97.0,336.0,0.34703,92.0,-0.2755,False
ORCL,put,market,Fri-0DTE,10:00,ITM,2024-07-12,2026-07-10,71,30.0,485,54.433,53.0,20.0,107.25,334.0,0.34703,92.0,-0.2755,False
ORCL,put,market,Fri-0DTE,10:00,ITM,2024-07-12,2026-07-10,71,40.0,485,43.505,62.0,28.5,116.0,334.0,0.34703,92.0,-0.2755,False
ORCL,put,market,Fri-0DTE,10:00,ITM,2024-07-12,2026-07-10,71,50.0,485,36.495,70.0,37.0,125.0,334.0,0.34703,92.0,-0.2755,False
ORCL,put,market,Fri-0DTE,10:00,ITM,2024-07-12,2026-07-10,71,60.0,485,29.691,84.0,48.75,156.5,334.0,0.34703,92.0,-0.2755,False
ORCL,put,market,Fri-0DTE,10:00,ITM,2024-07-12,2026-07-10,71,70.0,485,23.918,94.5,59.75,184.25,334.0,0.34703,92.0,-0.2755,False
ORCL,put,market,Fri-0DTE,10:00,ITM,2024-07-12,2026-07-10,71,75.0,485,21.237,90.0,58.0,184.5,334.0,0.34703,92.0,-0.2755,False
ORCL,put,market,Fri-0DTE,10:00,ITM,2024-07-12,2026-07-10,71,80.0,485,18.763,94.0,60.0,182.5,336.0,0.34703,92.0,-0.2755,False
ORCL,put,market,Fri-0DTE,10:00,ITM,2024-07-12,2026-07-10,71,90.0,485,15.464,104.0,66.5,183.5,334.0,0.34703,92.0,-0.2755,False
ORCL,put,market,Fri-0DTE,10:00,ITM,2024-07-12,2026-07-10,71,100.0,485,12.165,119.0,70.0,215.5,337.0,0.34703,92.0,-0.2755,False
ORCL,put,mid,Fri-0DTE,10:30,ITM,2024-07-12,2026-07-10,67,20.0,444,66.216,30.0,12.25,72.5,307.0,0.32947,72.5,-0.24634,False
ORCL,put,mid,Fri-0DTE,10:30,ITM,2024-07-12,2026-07-10,67,25.0,444,61.036,36.0,17.0,83.0,306.0,0.32947,72.5,-0.24634,False
ORCL,put,mid,Fri-0DTE,10:30,ITM,2024-07-12,2026-07-10,67,30.0,444,54.279,36.0,19.0,85.0,307.0,0.32947,72.5,-0.24634,False
ORCL,put,mid,Fri-0DTE,10:30,ITM,2024-07-12,2026-07-10,67,40.0,444,43.018,49.0,25.0,103.5,305.0,0.32947,72.5,-0.24634,False
ORCL,put,mid,Fri-0DTE,10:30,ITM,2024-07-12,2026-07-10,67,50.0,444,34.234,51.0,30.0,130.75,304.0,0.32947,72.5,-0.24634,False
ORCL,put,mid,Fri-0DTE,10:30,ITM,2024-07-12,2026-07-10,67,60.0,444,28.153,61.0,36.0,155.0,302.0,0.32947,72.5,-0.24634,False
ORCL,put,mid,Fri-0DTE,10:30,ITM,2024-07-12,2026-07-10,67,70.0,444,21.847,73.0,42.0,160.0,304.0,0.32947,72.5,-0.24634,False
ORCL,put,mid,Fri-0DTE,10:30,ITM,2024-07-12,2026-07-10,67,75.0,444,19.144,87.0,42.0,178.0,307.0,0.32947,72.5,-0.24634,False
ORCL,put,mid,Fri-0DTE,10:30,ITM,2024-07-12,2026-07-10,67,80.0,444,17.117,81.0,42.5,189.5,305.5,0.32947,72.5,-0.24634,False
ORCL,put,mid,Fri-0DTE,10:30,ITM,2024-07-12,2026-07-10,67,90.0,444,15.09,82.0,47.5,200.0,302.0,0.32947,72.5,-0.24634,False
ORCL,put,mid,Fri-0DTE,10:30,ITM,2024-07-12,2026-07-10,67,100.0,444,12.162,92.5,50.5,221.25,305.5,0.32947,72.5,-0.24634,False
ORCL,put,market,Fri-0DTE,10:30,ITM,2024-07-12,2026-07-10,67,20.0,444,63.739,35.0,15.0,76.0,306.0,0.30159,72.5,-0.2667,False
ORCL,put,market,Fri-0DTE,10:30,ITM,2024-07-12,2026-07-10,67,25.0,444,56.081,38.0,17.0,79.0,307.0,0.30159,72.5,-0.2667,False
ORCL,put,market,Fri-0DTE,10:30,ITM,2024-07-12,2026-07-10,67,30.0,444,50.225,40.0,22.0,90.5,307.0,0.30159,72.5,-0.2667,False
ORCL,put,market,Fri-0DTE,10:30,ITM,2024-07-12,2026-07-10,67,40.0,444,40.09,50.5,27.0,123.25,304.5,0.30159,72.5,-0.2667,False
ORCL,put,market,Fri-0DTE,10:30,ITM,2024-07-12,2026-07-10,67,50.0,444,32.207,55.0,34.0,151.5,304.0,0.30159,72.5,-0.2667,False
ORCL,put,market,Fri-0DTE,10:30,ITM,2024-07-12,2026-07-10,67,60.0,444,25.901,63.0,39.5,174.5,302.0,0.30159,72.5,-0.2667,False
ORCL,put,market,Fri-0DTE,10:30,ITM,2024-07-12,2026-07-10,67,70.0,444,19.82,83.0,41.75,189.0,304.5,0.30159,72.5,-0.2667,False
ORCL,put,market,Fri-0DTE,10:30,ITM,2024-07-12,2026-07-10,67,75.0,444,17.117,81.0,41.75,189.25,305.5,0.30159,72.5,-0.2667,False
ORCL,put,market,Fri-0DTE,10:30,ITM,2024-07-12,2026-07-10,67,80.0,444,16.216,81.5,46.75,197.0,303.0,0.30159,72.5,-0.2667,False
ORCL,put,market,Fri-0DTE,10:30,ITM,2024-07-12,2026-07-10,67,90.0,444,14.189,90.0,54.5,212.5,302.0,0.30159,72.5,-0.2667,False
ORCL,put,market,Fri-0DTE,10:30,ITM,2024-07-12,2026-07-10,67,100.0,444,11.261,95.5,52.25,208.5,303.0,0.30159,72.5,-0.2667,False
ORCL,put,mid,Fri-0DTE,12:00,ATM,2024-07-12,2026-07-10,74,20.0,249,69.478,15.0,6.0,38.0,209.0,0.53793,48.0,-0.8125,False
ORCL,put,mid,Fri-0DTE,12:00,ATM,2024-07-12,2026-07-10,74,25.0,249,65.06,16.0,7.0,39.75,210.0,0.53793,48.0,-0.8125,False
ORCL,put,mid,Fri-0DTE,12:00,ATM,2024-07-12,2026-07-10,74,30.0,249,62.249,20.0,8.0,52.0,211.0,0.53793,48.0,-0.8125,False
ORCL,put,mid,Fri-0DTE,12:00,ATM,2024-07-12,2026-07-10,74,40.0,249,57.43,35.0,12.5,71.0,212.0,0.53793,48.0,-0.8125,False
ORCL,put,mid,Fri-0DTE,12:00,ATM,2024-07-12,2026-07-10,74,50.0,249,52.209,40.5,20.0,84.75,214.0,0.53793,48.0,-0.8125,False
ORCL,put,mid,Fri-0DTE,12:00,ATM,2024-07-12,2026-07-10,74,60.0,249,45.783,55.5,25.0,92.0,214.0,0.53793,48.0,-0.8125,False
ORCL,put,mid,Fri-0DTE,12:00,ATM,2024-07-12,2026-07-10,74,70.0,249,42.57,66.5,34.25,103.75,214.0,0.53793,48.0,-0.8125,False
ORCL,put,mid,Fri-0DTE,12:00,ATM,2024-07-12,2026-07-10,74,75.0,249,40.964,70.0,40.25,103.75,214.0,0.53793,48.0,-0.8125,False
ORCL,put,mid,Fri-0DTE,12:00,ATM,2024-07-12,2026-07-10,74,80.0,249,39.357,76.5,43.0,107.0,214.0,0.53793,48.0,-0.8125,False
ORCL,put,mid,Fri-0DTE,12:00,ATM,2024-07-12,2026-07-10,74,90.0,249,37.349,80.0,45.0,110.0,214.0,0.53793,48.0,-0.8125,False
ORCL,put,mid,Fri-0DTE,12:00,ATM,2024-07-12,2026-07-10,74,100.0,249,36.546,85.0,56.0,124.0,214.0,0.53793,48.0,-0.8125,False
ORCL,put,market,Fri-0DTE,12:00,ATM,2024-07-12,2026-07-10,74,20.0,249,59.036,29.0,10.0,63.5,212.0,0.37736,48.0,-0.96364,False
ORCL,put,market,Fri-0DTE,12:00,ATM,2024-07-12,2026-07-10,74,25.0,249,57.831,35.0,16.75,78.5,212.5,0.37736,48.0,-0.96364,False
ORCL,put,market,Fri-0DTE,12:00,ATM,2024-07-12,2026-07-10,74,30.0,249,55.422,40.0,18.0,80.75,213.0,0.37736,48.0,-0.96364,False
ORCL,put,market,Fri-0DTE,12:00,ATM,2024-07-12,2026-07-10,74,40.0,249,49.398,58.0,25.0,91.0,214.0,0.37736,48.0,-0.96364,False
ORCL,put,market,Fri-0DTE,12:00,ATM,2024-07-12,2026-07-10,74,50.0,249,44.177,71.5,36.75,98.0,214.0,0.37736,48.0,-0.96364,False
ORCL,put,market,Fri-0DTE,12:00,ATM,2024-07-12,2026-07-10,74,60.0,249,39.357,77.0,47.75,107.25,214.0,0.37736,48.0,-0.96364,False
ORCL,put,market,Fri-0DTE,12:00,ATM,2024-07-12,2026-07-10,74,70.0,249,37.349,85.0,52.0,117.0,214.0,0.37736,48.0,-0.96364,False
ORCL,put,market,Fri-0DTE,12:00,ATM,2024-07-12,2026-07-10,74,75.0,249,35.743,88.0,57.0,118.0,214.0,0.37736,48.0,-0.96364,False
ORCL,put,market,Fri-0DTE,12:00,ATM,2024-07-12,2026-07-10,74,80.0,249,34.94,91.0,60.0,121.5,214.0,0.37736,48.0,-0.96364,False
ORCL,put,market,Fri-0DTE,12:00,ATM,2024-07-12,2026-07-10,74,90.0,249,33.735,96.0,67.25,145.0,214.5,0.37736,48.0,-0.96364,False
ORCL,put,market,Fri-0DTE,12:00,ATM,2024-07-12,2026-07-10,74,100.0,249,31.727,105.0,75.0,153.5,214.0,0.37736,48.0,-0.96364,False
ORCL,put,mid,Fri-0DTE,12:30,ITM,2024-07-12,2026-07-10,55,20.0,257,40.856,49.0,16.0,126.0,191.0,0.15293,138.0,-0.18239,False
ORCL,put,mid,Fri-0DTE,12:30,ITM,2024-07-12,2026-07-10,55,25.0,257,34.241,49.5,19.0,106.25,189.0,0.15293,138.0,-0.18239,False
ORCL,put,mid,Fri-0DTE,12:30,ITM,2024-07-12,2026-07-10,55,30.0,257,29.183,62.0,24.0,114.5,189.0,0.15293,138.0,-0.18239,False
ORCL,put,mid,Fri-0DTE,12:30,ITM,2024-07-12,2026-07-10,55,40.0,257,22.957,97.0,28.5,136.0,189.0,0.15293,138.0,-0.18239,False
ORCL,put,mid,Fri-0DTE,12:30,ITM,2024-07-12,2026-07-10,55,50.0,257,17.51,109.0,38.0,138.0,188.0,0.15293,138.0,-0.18239,False
ORCL,put,mid,Fri-0DTE,12:30,ITM,2024-07-12,2026-07-10,55,60.0,257,13.619,127.0,80.0,147.5,184.0,0.15293,138.0,-0.18239,False
ORCL,put,mid,Fri-0DTE,12:30,ITM,2024-07-12,2026-07-10,55,70.0,257,12.062,130.0,98.0,162.5,184.0,0.15293,138.0,-0.18239,False
ORCL,put,mid,Fri-0DTE,12:30,ITM,2024-07-12,2026-07-10,55,75.0,257,11.284,136.0,111.0,165.0,184.0,0.15293,138.0,-0.18239,False
ORCL,put,mid,Fri-0DTE,12:30,ITM,2024-07-12,2026-07-10,55,80.0,257,10.506,136.0,99.5,171.5,184.0,0.15293,138.0,-0.18239,False
ORCL,put,mid,Fri-0DTE,12:30,ITM,2024-07-12,2026-07-10,55,90.0,257,8.171,146.0,122.0,180.0,184.0,0.15293,138.0,-0.18239,False
ORCL,put,mid,Fri-0DTE,12:30,ITM,2024-07-12,2026-07-10,55,100.0,257,6.615,146.0,127.0,185.0,188.0,0.15293,138.0,-0.18239,False
ORCL,put,market,Fri-0DTE,12:30,ITM,2024-07-12,2026-07-10,55,20.0,257,37.743,49.0,18.0,120.0,190.0,0.1301,138.0,-0.20124,False
ORCL,put,market,Fri-0DTE,12:30,ITM,2024-07-12,2026-07-10,55,25.0,257,31.907,58.5,21.25,111.0,189.0,0.1301,138.0,-0.20124,False
ORCL,put,market,Fri-0DTE,12:30,ITM,2024-07-12,2026-07-10,55,30.0,257,27.626,68.0,29.0,121.5,189.0,0.1301,138.0,-0.20124,False
ORCL,put,market,Fri-0DTE,12:30,ITM,2024-07-12,2026-07-10,55,40.0,257,21.012,106.5,32.75,141.0,187.5,0.1301,138.0,-0.20124,False
ORCL,put,market,Fri-0DTE,12:30,ITM,2024-07-12,2026-07-10,55,50.0,257,16.342,111.0,40.5,147.5,185.5,0.1301,138.0,-0.20124,False
ORCL,put,market,Fri-0DTE,12:30,ITM,2024-07-12,2026-07-10,55,60.0,257,13.23,123.0,81.0,153.75,183.5,0.1301,138.0,-0.20124,False
ORCL,put,market,Fri-0DTE,12:30,ITM,2024-07-12,2026-07-10,55,70.0,257,12.062,136.0,98.0,163.0,184.0,0.1301,138.0,-0.20124,False
ORCL,put,market,Fri-0DTE,12:30,ITM,2024-07-12,2026-07-10,55,75.0,257,10.895,140.0,105.0,172.75,184.0,0.1301,138.0,-0.20124,False
ORCL,put,market,Fri-0DTE,12:30,ITM,2024-07-12,2026-07-10,55,80.0,257,8.949,136.0,102.0,177.0,188.0,0.1301,138.0,-0.20124,False
ORCL,put,market,Fri-0DTE,12:30,ITM,2024-07-12,2026-07-10,55,90.0,257,7.004,148.5,124.0,184.25,185.5,0.1301,138.0,-0.20124,False
ORCL,put,market,Fri-0DTE,12:30,ITM,2024-07-12,2026-07-10,55,100.0,257,6.226,141.5,127.0,181.25,185.5,0.1301,138.0,-0.20124,False
ORCL,put,mid,Fri-0DTE,12:30,ATM,2024-07-12,2026-07-10,73,20.0,228,74.123,14.0,6.0,42.0,184.0,0.7525,70.5,-0.7,False
ORCL,put,mid,Fri-0DTE,12:30,ATM,2024-07-12,2026-07-10,73,25.0,228,71.491,16.0,7.0,44.5,184.0,0.7525,70.5,-0.7,False
ORCL,put,mid,Fri-0DTE,12:30,ATM,2024-07-12,2026-07-10,73,30.0,228,67.982,20.0,10.0,44.5,184.0,0.7525,70.5,-0.7,False
ORCL,put,mid,Fri-0DTE,12:30,ATM,2024-07-12,2026-07-10,73,40.0,228,64.474,35.0,13.0,60.0,184.0,0.7525,70.5,-0.7,False
ORCL,put,mid,Fri-0DTE,12:30,ATM,2024-07-12,2026-07-10,73,50.0,228,60.088,40.0,18.0,71.0,184.0,0.7525,70.5,-0.7,False
ORCL,put,mid,Fri-0DTE,12:30,ATM,2024-07-12,2026-07-10,73,60.0,228,54.386,45.0,19.75,83.5,184.0,0.7525,70.5,-0.7,False
ORCL,put,mid,Fri-0DTE,12:30,ATM,2024-07-12,2026-07-10,73,70.0,228,50.877,48.5,23.0,99.75,184.0,0.7525,70.5,-0.7,False
ORCL,put,mid,Fri-0DTE,12:30,ATM,2024-07-12,2026-07-10,73,75.0,228,50.0,52.0,27.0,121.75,183.5,0.7525,70.5,-0.7,False
ORCL,put,mid,Fri-0DTE,12:30,ATM,2024-07-12,2026-07-10,73,80.0,228,46.491,54.5,28.25,133.0,184.0,0.7525,70.5,-0.7,False
ORCL,put,mid,Fri-0DTE,12:30,ATM,2024-07-12,2026-07-10,73,90.0,228,42.105,60.0,36.75,134.25,184.0,0.7525,70.5,-0.7,False
ORCL,put,mid,Fri-0DTE,12:30,ATM,2024-07-12,2026-07-10,73,100.0,228,39.912,66.0,41.5,139.5,184.0,0.7525,70.5,-0.7,False
ORCL,put,market,Fri-0DTE,12:30,ATM,2024-07-12,2026-07-10,73,20.0,228,64.912,32.0,12.0,59.25,185.5,0.53052,70.5,-0.905,False
ORCL,put,market,Fri-0DTE,12:30,ATM,2024-07-12,2026-07-10,73,25.0,228,61.404,36.5,14.0,63.0,186.0,0.53052,70.5,-0.905,False
ORCL,put,market,Fri-0DTE,12:30,ATM,2024-07-12,2026-07-10,73,30.0,228,59.649,40.5,18.0,74.0,185.0,0.53052,70.5,-0.905,False
ORCL,put,market,Fri-0DTE,12:30,ATM,2024-07-12,2026-07-10,73,40.0,228,54.386,45.5,22.75,98.25,186.0,0.53052,70.5,-0.905,False
ORCL,put,market,Fri-0DTE,12:30,ATM,2024-07-12,2026-07-10,73,50.0,228,51.754,53.0,30.25,113.75,184.0,0.53052,70.5,-0.905,False
ORCL,put,market,Fri-0DTE,12:30,ATM,2024-07-12,2026-07-10,73,60.0,228,46.93,63.0,33.5,135.0,184.0,0.53052,70.5,-0.905,False
ORCL,put,market,Fri-0DTE,12:30,ATM,2024-07-12,2026-07-10,73,70.0,228,43.86,72.0,37.75,140.0,184.0,0.53052,70.5,-0.905,False
ORCL,put,market,Fri-0DTE,12:30,ATM,2024-07-12,2026-07-10,73,75.0,228,41.667,73.0,41.5,140.0,185.0,0.53052,70.5,-0.905,False
ORCL,put,market,Fri-0DTE,12:30,ATM,2024-07-12,2026-07-10,73,80.0,228,39.474,74.5,42.0,140.0,185.0,0.53052,70.5,-0.905,False
ORCL,put,market,Fri-0DTE,12:30,ATM,2024-07-12,2026-07-10,73,90.0,228,35.965,74.5,47.25,143.25,184.5,0.53052,70.5,-0.905,False
ORCL,put,market,Fri-0DTE,12:30,ATM,2024-07-12,2026-07-10,73,100.0,228,32.895,80.0,53.5,143.0,184.0,0.53052,70.5,-0.905,False
ORCL,put,mid,Fri-0DTE,13:30,ATM,2024-07-12,2026-07-10,74,20.0,221,76.923,11.0,4.25,34.0,124.5,0.62162,58.0,-0.65,False
ORCL,put,mid,Fri-0DTE,13:30,ATM,2024-07-12,2026-07-10,74,25.0,221,73.303,12.0,5.0,41.75,127.0,0.62162,58.0,-0.65,False
ORCL,put,mid,Fri-0DTE,13:30,ATM,2024-07-12,2026-07-10,74,30.0,221,68.778,17.0,6.0,44.5,127.0,0.62162,58.0,-0.65,False
ORCL,put,mid,Fri-0DTE,13:30,ATM,2024-07-12,2026-07-10,74,40.0,221,61.538,23.0,7.75,58.5,128.0,0.62162,58.0,-0.65,False
ORCL,put,mid,Fri-0DTE,13:30,ATM,2024-07-12,2026-07-10,74,50.0,221,57.919,28.5,11.0,70.25,126.5,0.62162,58.0,-0.65,False
ORCL,put,mid,Fri-0DTE,13:30,ATM,2024-07-12,2026-07-10,74,60.0,221,50.679,33.5,15.0,80.0,128.5,0.62162,58.0,-0.65,False
ORCL,put,mid,Fri-0DTE,13:30,ATM,2024-07-12,2026-07-10,74,70.0,221,48.869,43.5,18.0,83.0,127.0,0.62162,58.0,-0.65,False
ORCL,put,mid,Fri-0DTE,13:30,ATM,2024-07-12,2026-07-10,74,75.0,221,47.511,43.0,18.0,84.0,127.0,0.62162,58.0,-0.65,False
ORCL,put,mid,Fri-0DTE,13:30,ATM,2024-07-12,2026-07-10,74,80.0,221,46.606,45.0,19.0,83.5,125.0,0.62162,58.0,-0.65,False
ORCL,put,mid,Fri-0DTE,13:30,ATM,2024-07-12,2026-07-10,74,90.0,221,42.081,45.0,23.0,84.0,127.0,0.62162,58.0,-0.65,False
ORCL,put,mid,Fri-0DTE,13:30,ATM,2024-07-12,2026-07-10,74,100.0,221,38.914,48.0,22.25,85.0,127.0,0.62162,58.0,-0.65,False
ORCL,put,market,Fri-0DTE,13:30,ATM,2024-07-12,2026-07-10,74,20.0,221,62.443,25.0,8.25,54.75,129.0,0.4702,58.0,-0.87162,False
ORCL,put,market,Fri-0DTE,13:30,ATM,2024-07-12,2026-07-10,74,25.0,221,61.086,30.0,11.0,65.5,129.0,0.4702,58.0,-0.87162,False
ORCL,put,market,Fri-0DTE,13:30,ATM,2024-07-12,2026-07-10,74,30.0,221,57.919,34.0,14.75,66.75,129.0,0.4702,58.0,-0.87162,False
ORCL,put,market,Fri-0DTE,13:30,ATM,2024-07-12,2026-07-10,74,40.0,221,52.036,40.0,18.0,78.0,129.0,0.4702,58.0,-0.87162,False
ORCL,put,market,Fri-0DTE,13:30,ATM,2024-07-12,2026-07-10,74,50.0,221,47.511,47.0,21.0,82.0,128.0,0.4702,58.0,-0.87162,False
ORCL,put,market,Fri-0DTE,13:30,ATM,2024-07-12,2026-07-10,74,60.0,221,46.154,52.0,24.5,84.75,126.0,0.4702,58.0,-0.87162,False
ORCL,put,market,Fri-0DTE,13:30,ATM,2024-07-12,2026-07-10,74,70.0,221,42.534,52.5,28.5,86.75,125.0,0.4702,58.0,-0.87162,False
ORCL,put,market,Fri-0DTE,13:30,ATM,2024-07-12,2026-07-10,74,75.0,221,40.271,56.0,32.0,87.0,126.0,0.4702,58.0,-0.87162,False
ORCL,put,market,Fri-0DTE,13:30,ATM,2024-07-12,2026-07-10,74,80.0,221,38.462,58.0,33.0,90.0,128.0,0.4702,58.0,-0.87162,False
ORCL,put,market,Fri-0DTE,13:30,ATM,2024-07-12,2026-07-10,74,90.0,221,34.389,65.0,35.25,93.5,127.5,0.4702,58.0,-0.87162,False
ORCL,put,market,Fri-0DTE,13:30,ATM,2024-07-12,2026-07-10,74,100.0,221,30.317,65.0,33.5,96.0,128.0,0.4702,58.0,-0.87162,False
ORCL,call,mid,Fri-0DTE,09:30,ITM,2024-07-19,2026-07-10,77,20.0,491,57.434,25.5,6.0,71.0,364.0,0.28965,86.0,-0.37585,False
ORCL,call,mid,Fri-0DTE,09:30,ITM,2024-07-19,2026-07-10,77,25.0,491,53.564,34.0,8.0,87.0,364.0,0.28965,86.0,-0.37585,False
ORCL,call,mid,Fri-0DTE,09:30,ITM,2024-07-19,2026-07-10,77,30.0,491,49.287,39.5,11.0,109.75,364.0,0.28965,86.0,-0.37585,False
ORCL,call,mid,Fri-0DTE,09:30,ITM,2024-07-19,2026-07-10,77,40.0,491,40.53,47.0,20.5,146.0,364.0,0.28965,86.0,-0.37585,False
ORCL,call,mid,Fri-0DTE,09:30,ITM,2024-07-19,2026-07-10,77,50.0,491,35.845,55.0,26.0,165.25,364.0,0.28965,86.0,-0.37585,False
ORCL,call,mid,Fri-0DTE,09:30,ITM,2024-07-19,2026-07-10,77,60.0,491,32.383,65.0,38.0,169.5,364.0,0.28965,86.0,-0.37585,False
ORCL,call,mid,Fri-0DTE,09:30,ITM,2024-07-19,2026-07-10,77,70.0,491,28.717,76.0,44.0,206.0,364.0,0.28965,86.0,-0.37585,False
ORCL,call,mid,Fri-0DTE,09:30,ITM,2024-07-19,2026-07-10,77,75.0,491,26.68,77.0,45.5,212.0,364.0,0.28965,86.0,-0.37585,False
ORCL,call,mid,Fri-0DTE,09:30,ITM,2024-07-19,2026-07-10,77,80.0,491,25.255,77.0,46.75,207.0,364.0,0.28965,86.0,-0.37585,False
ORCL,call,mid,Fri-0DTE,09:30,ITM,2024-07-19,2026-07-10,77,90.0,491,20.978,79.0,52.0,212.5,364.0,0.28965,86.0,-0.37585,False
ORCL,call,mid,Fri-0DTE,09:30,ITM,2024-07-19,2026-07-10,77,100.0,491,16.09,73.0,54.5,180.0,367.0,0.28965,86.0,-0.37585,False
ORCL,call,market,Fri-0DTE,09:30,ITM,2024-07-19,2026-07-10,77,20.0,491,54.582,31.5,7.0,76.0,364.0,0.25866,86.0,-0.38874,False
ORCL,call,market,Fri-0DTE,09:30,ITM,2024-07-19,2026-07-10,77,25.0,491,50.713,39.0,10.0,95.0,364.0,0.25866,86.0,-0.38874,False
ORCL,call,market,Fri-0DTE,09:30,ITM,2024-07-19,2026-07-10,77,30.0,491,46.436,45.5,16.0,127.25,364.0,0.25866,86.0,-0.38874,False
ORCL,call,market,Fri-0DTE,09:30,ITM,2024-07-19,2026-07-10,77,40.0,491,38.289,48.0,21.0,142.25,364.0,0.25866,86.0,-0.38874,False
ORCL,call,market,Fri-0DTE,09:30,ITM,2024-07-19,2026-07-10,77,50.0,491,35.031,56.5,29.0,172.75,364.0,0.25866,86.0,-0.38874,False
ORCL,call,market,Fri-0DTE,09:30,ITM,2024-07-19,2026-07-10,77,60.0,491,31.161,76.0,41.0,201.0,364.0,0.25866,86.0,-0.38874,False
ORCL,call,market,Fri-0DTE,09:30,ITM,2024-07-19,2026-07-10,77,70.0,491,26.884,77.5,44.75,214.5,364.0,0.25866,86.0,-0.38874,False
ORCL,call,market,Fri-0DTE,09:30,ITM,2024-07-19,2026-07-10,77,75.0,491,25.866,78.0,47.5,208.0,364.0,0.25866,86.0,-0.38874,False
ORCL,call,market,Fri-0DTE,09:30,ITM,2024-07-19,2026-07-10,77,80.0,491,23.014,76.0,48.0,224.0,364.0,0.25866,86.0,-0.38874,False
ORCL,call,market,Fri-0DTE,09:30,ITM,2024-07-19,2026-07-10,77,90.0,491,17.923,75.5,53.0,213.25,367.5,0.25866,86.0,-0.38874,False
ORCL,call,market,Fri-0DTE,09:30,ITM,2024-07-19,2026-07-10,77,100.0,491,15.479,84.5,58.0,193.25,367.5,0.25866,86.0,-0.38874,False
ORCL,call,mid,Fri-0DTE,14:30,ITM,2024-07-19,2026-07-10,61,20.0,274,38.321,29.0,18.0,58.0,72.0,0.12792,49.0,-0.10563,False
ORCL,call,mid,Fri-0DTE,14:30,ITM,2024-07-19,2026-07-10,61,25.0,274,32.482,32.0,21.0,62.0,74.0,0.12792,49.0,-0.10563,False
ORCL,call,mid,Fri-0DTE,14:30,ITM,2024-07-19,2026-07-10,61,30.0,274,27.372,36.0,19.5,65.5,74.0,0.12792,49.0,-0.10563,False
ORCL,call,mid,Fri-0DTE,14:30,ITM,2024-07-19,2026-07-10,61,40.0,274,18.248,36.0,22.25,70.0,78.0,0.12792,49.0,-0.10563,False
ORCL,call,mid,Fri-0DTE,14:30,ITM,2024-07-19,2026-07-10,61,50.0,274,17.153,59.0,29.5,75.0,76.0,0.12792,49.0,-0.10563,False
ORCL,call,mid,Fri-0DTE,14:30,ITM,2024-07-19,2026-07-10,61,60.0,274,12.774,61.0,29.5,75.0,76.0,0.12792,49.0,-0.10563,False
ORCL,call,mid,Fri-0DTE,14:30,ITM,2024-07-19,2026-07-10,61,70.0,274,10.219,64.5,32.0,78.25,76.5,0.12792,49.0,-0.10563,False
ORCL,call,mid,Fri-0DTE,14:30,ITM,2024-07-19,2026-07-10,61,75.0,274,8.029,62.5,31.0,74.0,76.5,0.12792,49.0,-0.10563,False
ORCL,call,mid,Fri-0DTE,14:30,ITM,2024-07-19,2026-07-10,61,80.0,274,7.299,63.0,38.25,75.25,72.5,0.12792,49.0,-0.10563,False
ORCL,call,mid,Fri-0DTE,14:30,ITM,2024-07-19,2026-07-10,61,90.0,274,6.204,64.0,44.0,76.0,67.0,0.12792,49.0,-0.10563,False
ORCL,call,mid,Fri-0DTE,14:30,ITM,2024-07-19,2026-07-10,61,100.0,274,4.38,72.5,56.5,77.5,75.0,0.12792,49.0,-0.10563,False
ORCL,call,market,Fri-0DTE,14:30,ITM,2024-07-19,2026-07-10,61,20.0,274,34.672,31.0,20.5,60.0,74.0,0.10199,49.0,-0.12981,False
ORCL,call,market,Fri-0DTE,14:30,ITM,2024-07-19,2026-07-10,61,25.0,274,29.197,34.5,20.75,62.25,74.0,0.10199,49.0,-0.12981,False
ORCL,call,market,Fri-0DTE,14:30,ITM,2024-07-19,2026-07-10,61,30.0,274,23.723,37.0,22.0,69.0,74.0,0.10199,49.0,-0.12981,False
ORCL,call,market,Fri-0DTE,14:30,ITM,2024-07-19,2026-07-10,61,40.0,274,17.883,48.0,25.0,74.0,79.0,0.10199,49.0,-0.12981,False
ORCL,call,market,Fri-0DTE,14:30,ITM,2024-07-19,2026-07-10,61,50.0,274,15.693,62.0,32.0,78.0,77.0,0.10199,49.0,-0.12981,False
ORCL,call,market,Fri-0DTE,14:30,ITM,2024-07-19,2026-07-10,61,60.0,274,11.679,64.5,33.5,79.25,78.5,0.10199,49.0,-0.12981,False
ORCL,call,market,Fri-0DTE,14:30,ITM,2024-07-19,2026-07-10,61,70.0,274,8.394,65.0,32.0,77.5,74.0,0.10199,49.0,-0.12981,False
ORCL,call,market,Fri-0DTE,14:30,ITM,2024-07-19,2026-07-10,61,75.0,274,7.299,62.5,38.25,75.25,72.5,0.10199,49.0,-0.12981,False
ORCL,call,market,Fri-0DTE,14:30,ITM,2024-07-19,2026-07-10,61,80.0,274,6.569,63.0,41.25,74.75,68.5,0.10199,49.0,-0.12981,False
ORCL,call,market,Fri-0DTE,14:30,ITM,2024-07-19,2026-07-10,61,90.0,274,5.474,64.0,45.0,76.0,73.0,0.10199,49.0,-0.12981,False
ORCL,call,market,Fri-0DTE,14:30,ITM,2024-07-19,2026-07-10,61,100.0,274,3.285,74.0,59.0,79.0,79.0,0.10199,49.0,-0.12981,False
ORCL,call,mid,Fri-0DTE,09:30,ATM,2024-07-19,2026-07-10,93,20.0,369,65.854,10.0,3.0,33.0,324.0,0.45,59.0,-0.93519,False
ORCL,call,mid,Fri-0DTE,09:30,ATM,2024-07-19,2026-07-10,93,25.0,369,63.144,14.0,4.0,44.0,337.0,0.45,59.0,-0.93519,False
ORCL,call,mid,Fri-0DTE,09:30,ATM,2024-07-19,2026-07-10,93,30.0,369,60.705,18.5,6.0,56.0,330.5,0.45,59.0,-0.93519,False
ORCL,call,mid,Fri-0DTE,09:30,ATM,2024-07-19,2026-07-10,93,40.0,369,53.117,26.5,9.0,69.0,347.5,0.45,59.0,-0.93519,False
ORCL,call,mid,Fri-0DTE,09:30,ATM,2024-07-19,2026-07-10,93,50.0,369,47.967,35.0,13.0,82.0,359.0,0.45,59.0,-0.93519,False
ORCL,call,mid,Fri-0DTE,09:30,ATM,2024-07-19,2026-07-10,93,60.0,369,45.799,39.0,16.0,96.0,356.0,0.45,59.0,-0.93519,False
ORCL,call,mid,Fri-0DTE,09:30,ATM,2024-07-19,2026-07-10,93,70.0,369,42.005,45.0,17.5,96.5,347.0,0.45,59.0,-0.93519,False
ORCL,call,mid,Fri-0DTE,09:30,ATM,2024-07-19,2026-07-10,93,75.0,369,40.379,46.0,18.0,98.0,353.0,0.45,59.0,-0.93519,False
ORCL,call,mid,Fri-0DTE,09:30,ATM,2024-07-19,2026-07-10,93,80.0,369,39.295,46.0,19.0,99.0,353.0,0.45,59.0,-0.93519,False
ORCL,call,mid,Fri-0DTE,09:30,ATM,2024-07-19,2026-07-10,93,90.0,369,35.772,50.0,22.75,104.0,348.5,0.45,59.0,-0.93519,False
ORCL,call,mid,Fri-0DTE,09:30,ATM,2024-07-19,2026-07-10,93,100.0,369,32.791,57.0,28.0,99.0,347.0,0.45,59.0,-0.93519,False
ORCL,call,market,Fri-0DTE,09:30,ATM,2024-07-19,2026-07-10,93,20.0,369,59.621,16.0,6.0,53.0,339.0,0.34694,59.0,-1.0,False
ORCL,call,market,Fri-0DTE,09:30,ATM,2024-07-19,2026-07-10,93,25.0,369,57.724,20.0,6.0,60.0,339.0,0.34694,59.0,-1.0,False
ORCL,call,market,Fri-0DTE,09:30,ATM,2024-07-19,2026-07-10,93,30.0,369,53.659,25.5,9.0,65.75,349.0,0.34694,59.0,-1.0,False
ORCL,call,market,Fri-0DTE,09:30,ATM,2024-07-19,2026-07-10,93,40.0,369,47.696,35.0,13.0,79.0,360.0,0.34694,59.0,-1.0,False
ORCL,call,market,Fri-0DTE,09:30,ATM,2024-07-19,2026-07-10,93,50.0,369,44.444,39.5,16.0,97.0,358.5,0.34694,59.0,-1.0,False
ORCL,call,market,Fri-0DTE,09:30,ATM,2024-07-19,2026-07-10,93,60.0,369,41.192,44.5,17.75,98.25,355.5,0.34694,59.0,-1.0,False
ORCL,call,market,Fri-0DTE,09:30,ATM,2024-07-19,2026-07-10,93,70.0,369,39.295,49.0,20.0,98.0,354.0,0.34694,59.0,-1.0,False
ORCL,call,market,Fri-0DTE,09:30,ATM,2024-07-19,2026-07-10,93,75.0,369,37.669,47.0,22.0,102.0,353.0,0.34694,59.0,-1.0,False
ORCL,call,market,Fri-0DTE,09:30,ATM,2024-07-19,2026-07-10,93,80.0,369,35.23,54.0,22.25,101.75,349.0,0.34694,59.0,-1.0,False
ORCL,call,market,Fri-0DTE,09:30,ATM,2024-07-19,2026-07-10,93,90.0,369,32.52,57.5,28.0,103.25,348.0,0.34694,59.0,-1.0,False
ORCL,call,market,Fri-0DTE,09:30,ATM,2024-07-19,2026-07-10,93,100.0,369,30.081,59.0,31.0,129.0,349.0,0.34694,59.0,-1.0,False
ORCL,call,mid,Fri-0DTE,10:30,ATM,2024-07-19,2026-07-10,90,20.0,385,73.247,10.0,4.0,23.0,185.5,0.59231,46.0,-0.89655,False
ORCL,call,mid,Fri-0DTE,10:30,ATM,2024-07-19,2026-07-10,90,25.0,385,71.169,11.5,5.0,26.75,191.5,0.59231,46.0,-0.89655,False
ORCL,call,mid,Fri-0DTE,10:30,ATM,2024-07-19,2026-07-10,90,30.0,385,67.273,15.0,6.0,37.5,202.0,0.59231,46.0,-0.89655,False
ORCL,call,mid,Fri-0DTE,10:30,ATM,2024-07-19,2026-07-10,90,40.0,385,62.078,23.0,9.0,69.5,192.0,0.59231,46.0,-0.89655,False
ORCL,call,mid,Fri-0DTE,10:30,ATM,2024-07-19,2026-07-10,90,50.0,385,55.584,31.5,13.25,81.75,195.5,0.59231,46.0,-0.89655,False
ORCL,call,mid,Fri-0DTE,10:30,ATM,2024-07-19,2026-07-10,90,60.0,385,49.61,35.0,17.5,93.5,188.0,0.59231,46.0,-0.89655,False
ORCL,call,mid,Fri-0DTE,10:30,ATM,2024-07-19,2026-07-10,90,70.0,385,44.675,40.0,19.75,102.25,221.5,0.59231,46.0,-0.89655,False
ORCL,call,mid,Fri-0DTE,10:30,ATM,2024-07-19,2026-07-10,90,75.0,385,43.896,41.0,21.0,114.0,220.0,0.59231,46.0,-0.89655,False
ORCL,call,mid,Fri-0DTE,10:30,ATM,2024-07-19,2026-07-10,90,80.0,385,41.299,43.0,23.0,106.5,233.0,0.59231,46.0,-0.89655,False
ORCL,call,mid,Fri-0DTE,10:30,ATM,2024-07-19,2026-07-10,90,90.0,385,35.844,47.0,27.0,124.75,264.0,0.59231,46.0,-0.89655,False
ORCL,call,mid,Fri-0DTE,10:30,ATM,2024-07-19,2026-07-10,90,100.0,385,34.286,47.0,27.0,132.5,264.5,0.59231,46.0,-0.89655,False
ORCL,call,market,Fri-0DTE,10:30,ATM,2024-07-19,2026-07-10,90,20.0,385,65.195,18.0,7.5,49.5,202.0,0.46486,46.0,-1.0,False
ORCL,call,market,Fri-0DTE,10:30,ATM,2024-07-19,2026-07-10,90,25.0,385,62.597,21.0,9.0,64.0,212.0,0.46486,46.0,-1.0,False
ORCL,call,market,Fri-0DTE,10:30,ATM,2024-07-19,2026-07-10,90,30.0,385,57.922,23.0,10.0,77.0,220.0,0.46486,46.0,-1.0,False
ORCL,call,market,Fri-0DTE,10:30,ATM,2024-07-19,2026-07-10,90,40.0,385,54.805,30.0,16.0,92.0,207.0,0.46486,46.0,-1.0,False
ORCL,call,market,Fri-0DTE,10:30,ATM,2024-07-19,2026-07-10,90,50.0,385,46.753,40.0,19.0,102.0,247.5,0.46486,46.0,-1.0,False
ORCL,call,market,Fri-0DTE,10:30,ATM,2024-07-19,2026-07-10,90,60.0,385,42.597,43.0,22.75,103.5,252.5,0.46486,46.0,-1.0,False
ORCL,call,market,Fri-0DTE,10:30,ATM,2024-07-19,2026-07-10,90,70.0,385,37.922,46.5,25.25,131.75,265.5,0.46486,46.0,-1.0,False
ORCL,call,market,Fri-0DTE,10:30,ATM,2024-07-19,2026-07-10,90,75.0,385,36.104,48.0,26.5,135.5,276.0,0.46486,46.0,-1.0,False
ORCL,call,market,Fri-0DTE,10:30,ATM,2024-07-19,2026-07-10,90,80.0,385,32.468,48.0,27.0,132.0,295.0,0.46486,46.0,-1.0,False
ORCL,call,market,Fri-0DTE,10:30,ATM,2024-07-19,2026-07-10,90,90.0,385,30.649,49.0,28.5,145.25,290.0,0.46486,46.0,-1.0,False
ORCL,call,market,Fri-0DTE,10:30,ATM,2024-07-19,2026-07-10,90,100.0,385,27.273,60.0,35.0,161.0,300.0,0.46486,46.0,-1.0,False
ORCL,call,mid,Fri-0DTE,12:00,ATM,2024-07-19,2026-07-10,81,20.0,294,70.068,12.0,5.0,35.75,118.5,0.48513,46.0,-0.87354,False
ORCL,call,mid,Fri-0DTE,12:00,ATM,2024-07-19,2026-07-10,81,25.0,294,65.986,15.0,5.25,40.75,126.0,0.48513,46.0,-0.87354,False
ORCL,call,mid,Fri-0DTE,12:00,ATM,2024-07-19,2026-07-10,81,30.0,294,58.844,19.0,8.0,46.0,148.0,0.48513,46.0,-0.87354,False
ORCL,call,mid,Fri-0DTE,12:00,ATM,2024-07-19,2026-07-10,81,40.0,294,54.082,33.0,13.5,69.5,153.0,0.48513,46.0,-0.87354,False
ORCL,call,mid,Fri-0DTE,12:00,ATM,2024-07-19,2026-07-10,81,50.0,294,48.98,37.0,17.75,74.25,168.0,0.48513,46.0,-0.87354,False
ORCL,call,mid,Fri-0DTE,12:00,ATM,2024-07-19,2026-07-10,81,60.0,294,43.197,48.0,23.5,83.0,213.0,0.48513,46.0,-0.87354,False
ORCL,call,mid,Fri-0DTE,12:00,ATM,2024-07-19,2026-07-10,81,70.0,294,39.116,57.0,29.5,90.5,214.0,0.48513,46.0,-0.87354,False
ORCL,call,mid,Fri-0DTE,12:00,ATM,2024-07-19,2026-07-10,81,75.0,294,37.075,59.0,31.0,100.0,214.0,0.48513,46.0,-0.87354,False
ORCL,call,mid,Fri-0DTE,12:00,ATM,2024-07-19,2026-07-10,81,80.0,294,36.395,61.0,37.0,117.5,214.0,0.48513,46.0,-0.87354,False
ORCL,call,mid,Fri-0DTE,12:00,ATM,2024-07-19,2026-07-10,81,90.0,294,35.374,72.0,44.25,130.25,214.0,0.48513,46.0,-0.87354,False
ORCL,call,mid,Fri-0DTE,12:00,ATM,2024-07-19,2026-07-10,81,100.0,294,31.293,74.5,50.5,136.25,217.0,0.48513,46.0,-0.87354,False
ORCL,call,market,Fri-0DTE,12:00,ATM,2024-07-19,2026-07-10,81,20.0,294,52.381,28.0,11.25,57.75,155.5,0.23117,46.0,-1.0,False
ORCL,call,market,Fri-0DTE,12:00,ATM,2024-07-19,2026-07-10,81,25.0,294,48.98,31.5,12.0,62.0,160.0,0.23117,46.0,-1.0,False
ORCL,call,market,Fri-0DTE,12:00,ATM,2024-07-19,2026-07-10,81,30.0,294,46.599,37.0,17.0,75.0,176.0,0.23117,46.0,-1.0,False
ORCL,call,market,Fri-0DTE,12:00,ATM,2024-07-19,2026-07-10,81,40.0,294,41.837,45.0,24.5,83.5,214.0,0.23117,46.0,-1.0,False
ORCL,call,market,Fri-0DTE,12:00,ATM,2024-07-19,2026-07-10,81,50.0,294,38.776,54.5,31.0,84.75,214.0,0.23117,46.0,-1.0,False
ORCL,call,market,Fri-0DTE,12:00,ATM,2024-07-19,2026-07-10,81,60.0,294,35.034,61.0,36.0,114.0,214.0,0.23117,46.0,-1.0,False
ORCL,call,market,Fri-0DTE,12:00,ATM,2024-07-19,2026-07-10,81,70.0,294,31.973,70.5,47.0,128.0,217.5,0.23117,46.0,-1.0,False
ORCL,call,market,Fri-0DTE,12:00,ATM,2024-07-19,2026-07-10,81,75.0,294,30.612,72.5,52.0,132.5,218.5,0.23117,46.0,-1.0,False
ORCL,call,market,Fri-0DTE,12:00,ATM,2024-07-19,2026-07-10,81,80.0,294,29.932,73.0,52.75,134.5,218.0,0.23117,46.0,-1.0,False
ORCL,call,market,Fri-0DTE,12:00,ATM,2024-07-19,2026-07-10,81,90.0,294,26.871,87.0,60.5,174.5,219.0,0.23117,46.0,-1.0,False
ORCL,call,market,Fri-0DTE,12:00,ATM,2024-07-19,2026-07-10,81,100.0,294,24.83,105.0,63.0,181.0,219.0,0.23117,46.0,-1.0,False
ORCL,call,mid,Fri-0DTE,09:30,OTM1,2024-07-19,2026-07-10,91,20.0,352,61.932,6.0,2.0,24.0,106.5,0.36209,13.5,-0.86092,False
ORCL,call,mid,Fri-0DTE,09:30,OTM1,2024-07-19,2026-07-10,91,25.0,352,58.807,9.0,3.0,29.0,110.0,0.36209,13.5,-0.86092,False
ORCL,call,mid,Fri-0DTE,09:30,OTM1,2024-07-19,2026-07-10,91,30.0,352,54.545,11.0,3.0,31.25,124.5,0.36209,13.5,-0.86092,False
ORCL,call,mid,Fri-0DTE,09:30,OTM1,2024-07-19,2026-07-10,91,40.0,352,48.011,14.0,5.0,37.0,163.0,0.36209,13.5,-0.86092,False
ORCL,call,mid,Fri-0DTE,09:30,OTM1,2024-07-19,2026-07-10,91,50.0,352,42.614,19.5,6.0,46.75,186.5,0.36209,13.5,-0.86092,False
ORCL,call,mid,Fri-0DTE,09:30,OTM1,2024-07-19,2026-07-10,91,60.0,352,38.636,24.0,7.75,50.5,221.0,0.36209,13.5,-0.86092,False
ORCL,call,mid,Fri-0DTE,09:30,OTM1,2024-07-19,2026-07-10,91,70.0,352,36.08,30.0,11.0,56.5,244.0,0.36209,13.5,-0.86092,False
ORCL,call,mid,Fri-0DTE,09:30,OTM1,2024-07-19,2026-07-10,91,75.0,352,35.511,31.0,13.0,60.0,237.0,0.36209,13.5,-0.86092,False
ORCL,call,mid,Fri-0DTE,09:30,OTM1,2024-07-19,2026-07-10,91,80.0,352,34.375,31.0,15.0,61.0,235.0,0.36209,13.5,-0.86092,False
ORCL,call,mid,Fri-0DTE,09:30,OTM1,2024-07-19,2026-07-10,91,90.0,352,32.102,33.0,16.0,63.0,224.0,0.36209,13.5,-0.86092,False
ORCL,call,mid,Fri-0DTE,09:30,OTM1,2024-07-19,2026-07-10,91,100.0,352,31.534,36.0,16.5,68.0,223.0,0.36209,13.5,-0.86092,False
ORCL,call,market,Fri-0DTE,09:30,OTM1,2024-07-19,2026-07-10,91,20.0,352,40.341,21.0,6.0,44.75,202.0,0.0,12.0,-1.0,False
ORCL,call,market,Fri-0DTE,09:30,OTM1,2024-07-19,2026-07-10,91,25.0,352,38.352,23.0,6.0,46.5,231.0,0.0,12.0,-1.0,False
ORCL,call,market,Fri-0DTE,09:30,OTM1,2024-07-19,2026-07-10,91,30.0,352,36.932,25.0,8.0,48.0,227.0,0.0,12.0,-1.0,False
ORCL,call,market,Fri-0DTE,09:30,OTM1,2024-07-19,2026-07-10,91,40.0,352,34.375,31.0,11.0,58.0,224.0,0.0,12.0,-1.0,False
ORCL,call,market,Fri-0DTE,09:30,OTM1,2024-07-19,2026-07-10,91,50.0,352,30.966,35.0,14.0,71.0,232.0,0.0,12.0,-1.0,False
ORCL,call,market,Fri-0DTE,09:30,OTM1,2024-07-19,2026-07-10,91,60.0,352,28.977,40.0,16.25,85.5,262.5,0.0,12.0,-1.0,False
ORCL,call,market,Fri-0DTE,09:30,OTM1,2024-07-19,2026-07-10,91,70.0,352,27.557,41.0,17.0,88.0,272.0,0.0,12.0,-1.0,False
ORCL,call,market,Fri-0DTE,09:30,OTM1,2024-07-19,2026-07-10,91,75.0,352,27.557,43.0,19.0,91.0,236.0,0.0,12.0,-1.0,False
ORCL,call,market,Fri-0DTE,09:30,OTM1,2024-07-19,2026-07-10,91,80.0,352,27.557,50.0,19.0,101.0,233.0,0.0,12.0,-1.0,False
ORCL,call,market,Fri-0DTE,09:30,OTM1,2024-07-19,2026-07-10,91,90.0,352,26.989,50.0,22.5,104.5,233.0,0.0,12.0,-1.0,False
ORCL,call,market,Fri-0DTE,09:30,OTM1,2024-07-19,2026-07-10,91,100.0,352,26.136,59.5,26.75,116.25,222.5,0.0,12.0,-1.0,False
ORCL,call,mid,Fri-0DTE,12:00,OTM1,2024-07-19,2026-07-10,74,20.0,251,66.534,13.0,4.5,52.5,96.0,0.41667,19.0,-0.67857,False
ORCL,call,mid,Fri-0DTE,12:00,OTM1,2024-07-19,2026-07-10,74,25.0,251,64.94,16.0,6.0,55.0,96.0,0.41667,19.0,-0.67857,False
ORCL,call,mid,Fri-0DTE,12:00,OTM1,2024-07-19,2026-07-10,74,30.0,251,57.371,25.5,9.0,59.25,93.0,0.41667,19.0,-0.67857,False
ORCL,call,mid,Fri-0DTE,12:00,OTM1,2024-07-19,2026-07-10,74,40.0,251,51.793,36.0,12.25,66.25,96.0,0.41667,19.0,-0.67857,False
ORCL,call,mid,Fri-0DTE,12:00,OTM1,2024-07-19,2026-07-10,74,50.0,251,43.825,40.5,17.5,78.5,107.5,0.41667,19.0,-0.67857,False
ORCL,call,mid,Fri-0DTE,12:00,OTM1,2024-07-19,2026-07-10,74,60.0,251,38.645,50.0,27.0,83.0,96.0,0.41667,19.0,-0.67857,False
ORCL,call,mid,Fri-0DTE,12:00,OTM1,2024-07-19,2026-07-10,74,70.0,251,32.271,60.0,36.0,92.0,133.0,0.41667,19.0,-0.67857,False
ORCL,call,mid,Fri-0DTE,12:00,OTM1,2024-07-19,2026-07-10,74,75.0,251,31.474,61.0,36.5,97.5,138.0,0.41667,19.0,-0.67857,False
ORCL,call,mid,Fri-0DTE,12:00,OTM1,2024-07-19,2026-07-10,74,80.0,251,28.685,63.0,36.0,106.5,153.5,0.41667,19.0,-0.67857,False
ORCL,call,mid,Fri-0DTE,12:00,OTM1,2024-07-19,2026-07-10,74,90.0,251,28.287,65.0,42.0,121.0,163.0,0.41667,19.0,-0.67857,False
ORCL,call,mid,Fri-0DTE,12:00,OTM1,2024-07-19,2026-07-10,74,100.0,251,27.888,66.5,41.5,126.25,150.5,0.41667,19.0,-0.67857,False
ORCL,call,market,Fri-0DTE,12:00,OTM1,2024-07-19,2026-07-10,74,20.0,251,31.076,56.5,23.0,96.75,173.5,-0.125,13.0,-1.0,False
ORCL,call,market,Fri-0DTE,12:00,OTM1,2024-07-19,2026-07-10,74,25.0,251,28.287,67.0,32.5,116.5,180.0,-0.125,13.0,-1.0,False
ORCL,call,market,Fri-0DTE,12:00,OTM1,2024-07-19,2026-07-10,74,30.0,251,26.295,67.0,37.5,119.75,173.0,-0.125,13.0,-1.0,False
ORCL,call,market,Fri-0DTE,12:00,OTM1,2024-07-19,2026-07-10,74,40.0,251,21.514,68.0,39.75,137.5,175.5,-0.125,13.0,-1.0,False
ORCL,call,market,Fri-0DTE,12:00,OTM1,2024-07-19,2026-07-10,74,50.0,251,19.522,73.0,47.0,138.0,172.0,-0.125,13.0,-1.0,False
ORCL,call,market,Fri-0DTE,12:00,OTM1,2024-07-19,2026-07-10,74,60.0,251,17.53,83.0,61.0,143.5,170.0,-0.125,13.0,-1.0,False
ORCL,call,market,Fri-0DTE,12:00,OTM1,2024-07-19,2026-07-10,74,70.0,251,15.139,73.5,59.0,128.25,159.0,-0.125,13.0,-1.0,False
ORCL,call,market,Fri-0DTE,12:00,OTM1,2024-07-19,2026-07-10,74,75.0,251,14.741,74.0,58.0,135.0,160.0,-0.125,13.0,-1.0,False
ORCL,call,market,Fri-0DTE,12:00,OTM1,2024-07-19,2026-07-10,74,80.0,251,13.944,74.0,57.5,135.0,163.0,-0.125,13.0,-1.0,False
ORCL,call,market,Fri-0DTE,12:00,OTM1,2024-07-19,2026-07-10,74,90.0,251,12.351,100.0,64.0,148.0,162.0,-0.125,13.0,-1.0,False
ORCL,call,market,Fri-0DTE,12:00,OTM1,2024-07-19,2026-07-10,74,100.0,251,11.554,107.0,67.0,152.0,163.0,-0.125,13.0,-1.0,False
ORCL,call,mid,Fri-0DTE,10:30,OTM2+,2024-07-19,2026-07-10,75,20.0,627,54.864,15.0,5.0,51.25,92.0,0.28571,14.0,-0.4,False
ORCL,call,mid,Fri-0DTE,10:30,OTM2+,2024-07-19,2026-07-10,75,25.0,627,54.386,16.0,5.0,55.0,92.0,0.28571,14.0,-0.4,False
ORCL,call,mid,Fri-0DTE,10:30,OTM2+,2024-07-19,2026-07-10,75,30.0,627,48.166,20.0,7.0,63.0,93.5,0.28571,14.0,-0.4,False
ORCL,call,mid,Fri-0DTE,10:30,OTM2+,2024-07-19,2026-07-10,75,40.0,627,39.394,26.0,8.0,68.0,89.0,0.28571,14.0,-0.4,False
ORCL,call,mid,Fri-0DTE,10:30,OTM2+,2024-07-19,2026-07-10,75,50.0,627,31.26,29.0,9.0,78.5,86.0,0.28571,14.0,-0.4,False
ORCL,call,mid,Fri-0DTE,10:30,OTM2+,2024-07-19,2026-07-10,75,60.0,627,26.794,41.5,12.75,90.25,89.0,0.28571,14.0,-0.4,False
ORCL,call,mid,Fri-0DTE,10:30,OTM2+,2024-07-19,2026-07-10,75,70.0,627,25.199,40.5,12.25,94.0,86.5,0.28571,14.0,-0.4,False
ORCL,call,mid,Fri-0DTE,10:30,OTM2+,2024-07-19,2026-07-10,75,75.0,627,22.967,37.5,10.75,94.0,86.5,0.28571,14.0,-0.4,False
ORCL,call,mid,Fri-0DTE,10:30,OTM2+,2024-07-19,2026-07-10,75,80.0,627,21.531,42.0,12.0,104.5,89.0,0.28571,14.0,-0.4,False
ORCL,call,mid,Fri-0DTE,10:30,OTM2+,2024-07-19,2026-07-10,75,90.0,627,19.298,46.0,15.0,129.0,90.0,0.28571,14.0,-0.4,False
ORCL,call,mid,Fri-0DTE,10:30,OTM2+,2024-07-19,2026-07-10,75,100.0,627,18.501,50.0,15.0,116.25,89.0,0.28571,14.0,-0.4,False
ORCL,call,market,Fri-0DTE,10:30,OTM2+,2024-07-19,2026-07-10,75,20.0,627,14.833,32.0,11.0,76.0,89.0,-0.66667,2.0,-1.0,False
ORCL,call,market,Fri-0DTE,10:30,OTM2+,2024-07-19,2026-07-10,75,25.0,627,14.514,33.0,13.0,76.5,89.0,-0.66667,2.0,-1.0,False
ORCL,call,market,Fri-0DTE,10:30,OTM2+,2024-07-19,2026-07-10,75,30.0,627,13.397,32.0,10.75,78.5,90.0,-0.66667,2.0,-1.0,False
ORCL,call,market,Fri-0DTE,10:30,OTM2+,2024-07-19,2026-07-10,75,40.0,627,11.643,44.0,20.0,89.0,94.0,-0.66667,2.0,-1.0,False
ORCL,call,market,Fri-0DTE,10:30,OTM2+,2024-07-19,2026-07-10,75,50.0,627,11.005,46.0,22.0,94.0,91.0,-0.66667,2.0,-1.0,False
ORCL,call,market,Fri-0DTE,10:30,OTM2+,2024-07-19,2026-07-10,75,60.0,627,10.048,46.0,24.0,98.0,90.0,-0.66667,2.0,-1.0,False
ORCL,call,market,Fri-0DTE,10:30,OTM2+,2024-07-19,2026-07-10,75,70.0,627,9.41,53.0,25.0,108.5,89.0,-0.66667,2.0,-1.0,False
ORCL,call,market,Fri-0DTE,10:30,OTM2+,2024-07-19,2026-07-10,75,75.0,627,8.612,59.5,25.25,114.75,95.0,-0.66667,2.0,-1.0,False
ORCL,call,market,Fri-0DTE,10:30,OTM2+,2024-07-19,2026-07-10,75,80.0,627,8.293,59.5,25.75,137.25,95.0,-0.66667,2.0,-1.0,False
ORCL,call,market,Fri-0DTE,10:30,OTM2+,2024-07-19,2026-07-10,75,90.0,627,7.656,63.5,26.75,183.75,132.5,-0.66667,2.0,-1.0,False
ORCL,call,market,Fri-0DTE,10:30,OTM2+,2024-07-19,2026-07-10,75,100.0,627,7.018,59.5,25.75,229.25,132.0,-0.66667,2.0,-1.0,False
ORCL,put,mid,Fri-0DTE,10:00,OTM2+,2024-07-19,2026-07-10,65,20.0,449,58.797,15.0,5.0,60.0,132.0,0.33333,21.0,-0.57143,False
ORCL,put,mid,Fri-0DTE,10:00,OTM2+,2024-07-19,2026-07-10,65,25.0,449,56.793,15.0,5.0,61.0,133.0,0.33333,21.0,-0.57143,False
ORCL,put,mid,Fri-0DTE,10:00,OTM2+,2024-07-19,2026-07-10,65,30.0,449,51.002,20.0,6.0,73.0,138.0,0.33333,21.0,-0.57143,False
ORCL,put,mid,Fri-0DTE,10:00,OTM2+,2024-07-19,2026-07-10,65,40.0,449,46.771,26.5,7.0,79.25,133.0,0.33333,21.0,-0.57143,False
ORCL,put,mid,Fri-0DTE,10:00,OTM2+,2024-07-19,2026-07-10,65,50.0,449,39.198,28.5,9.0,77.0,141.0,0.33333,21.0,-0.57143,False
ORCL,put,mid,Fri-0DTE,10:00,OTM2+,2024-07-19,2026-07-10,65,60.0,449,35.412,37.0,11.5,84.5,147.0,0.33333,21.0,-0.57143,False
ORCL,put,mid,Fri-0DTE,10:00,OTM2+,2024-07-19,2026-07-10,65,70.0,449,33.853,40.5,12.0,78.25,147.0,0.33333,21.0,-0.57143,False
ORCL,put,mid,Fri-0DTE,10:00,OTM2+,2024-07-19,2026-07-10,65,75.0,449,31.403,39.0,12.0,76.0,150.0,0.33333,21.0,-0.57143,False
ORCL,put,mid,Fri-0DTE,10:00,OTM2+,2024-07-19,2026-07-10,65,80.0,449,29.844,44.0,14.25,77.0,152.5,0.33333,21.0,-0.57143,False
ORCL,put,mid,Fri-0DTE,10:00,OTM2+,2024-07-19,2026-07-10,65,90.0,449,29.176,49.0,15.0,81.5,154.0,0.33333,21.0,-0.57143,False
ORCL,put,mid,Fri-0DTE,10:00,OTM2+,2024-07-19,2026-07-10,65,100.0,449,28.062,49.5,16.5,86.75,155.5,0.33333,21.0,-0.57143,False
ORCL,put,market,Fri-0DTE,10:00,OTM2+,2024-07-19,2026-07-10,65,20.0,449,22.94,42.0,8.5,104.0,147.0,-0.43478,6.0,-1.0,False
ORCL,put,market,Fri-0DTE,10:00,OTM2+,2024-07-19,2026-07-10,65,25.0,449,21.826,42.5,10.0,102.25,150.5,-0.43478,6.0,-1.0,False
ORCL,put,market,Fri-0DTE,10:00,OTM2+,2024-07-19,2026-07-10,65,30.0,449,20.935,45.0,11.0,104.5,153.0,-0.43478,6.0,-1.0,False
ORCL,put,market,Fri-0DTE,10:00,OTM2+,2024-07-19,2026-07-10,65,40.0,449,19.822,47.0,12.0,103.0,164.0,-0.43478,6.0,-1.0,False
ORCL,put,market,Fri-0DTE,10:00,OTM2+,2024-07-19,2026-07-10,65,50.0,449,18.486,48.0,14.5,93.0,164.0,-0.43478,6.0,-1.0,False
ORCL,put,market,Fri-0DTE,10:00,OTM2+,2024-07-19,2026-07-10,65,60.0,449,17.595,53.0,20.5,102.5,219.0,-0.43478,6.0,-1.0,False
ORCL,put,market,Fri-0DTE,10:00,OTM2+,2024-07-19,2026-07-10,65,70.0,449,16.927,53.5,23.25,105.0,221.0,-0.43478,6.0,-1.0,False
ORCL,put,market,Fri-0DTE,10:00,OTM2+,2024-07-19,2026-07-10,65,75.0,449,16.258,54.0,24.0,105.0,219.0,-0.43478,6.0,-1.0,False
ORCL,put,market,Fri-0DTE,10:00,OTM2+,2024-07-19,2026-07-10,65,80.0,449,16.036,55.0,25.75,101.25,189.0,-0.43478,6.0,-1.0,False
ORCL,put,market,Fri-0DTE,10:00,OTM2+,2024-07-19,2026-07-10,65,90.0,449,14.922,56.0,27.5,71.5,223.0,-0.43478,6.0,-1.0,False
ORCL,put,market,Fri-0DTE,10:00,OTM2+,2024-07-19,2026-07-10,65,100.0,449,14.254,58.0,41.75,76.0,238.5,-0.43478,6.0,-1.0,False
ORCL,put,mid,Fri-0DTE,13:30,OTM2+,2024-07-19,2026-06-12,45,20.0,143,48.252,12.0,5.0,37.0,55.0,0.16667,11.0,-0.25,False
ORCL,put,mid,Fri-0DTE,13:30,OTM2+,2024-07-19,2026-06-12,45,25.0,143,47.552,12.0,4.75,36.25,55.5,0.16667,11.0,-0.25,False
ORCL,put,mid,Fri-0DTE,13:30,OTM2+,2024-07-19,2026-06-12,45,30.0,143,41.259,13.0,5.5,34.5,51.0,0.16667,11.0,-0.25,False
ORCL,put,mid,Fri-0DTE,13:30,OTM2+,2024-07-19,2026-06-12,45,40.0,143,35.664,14.0,5.5,39.0,43.0,0.16667,11.0,-0.25,False
ORCL,put,mid,Fri-0DTE,13:30,OTM2+,2024-07-19,2026-06-12,45,50.0,143,30.07,19.0,9.0,45.0,45.0,0.16667,11.0,-0.25,False
ORCL,put,mid,Fri-0DTE,13:30,OTM2+,2024-07-19,2026-06-12,45,60.0,143,25.175,21.0,13.0,45.0,47.0,0.16667,11.0,-0.25,False
ORCL,put,mid,Fri-0DTE,13:30,OTM2+,2024-07-19,2026-06-12,45,70.0,143,22.378,21.0,13.75,45.5,46.5,0.16667,11.0,-0.25,False
ORCL,put,mid,Fri-0DTE,13:30,OTM2+,2024-07-19,2026-06-12,45,75.0,143,22.378,21.5,13.75,45.5,46.5,0.16667,11.0,-0.25,False
ORCL,put,mid,Fri-0DTE,13:30,OTM2+,2024-07-19,2026-06-12,45,80.0,143,20.28,31.0,18.0,47.0,46.0,0.16667,11.0,-0.25,False
ORCL,put,mid,Fri-0DTE,13:30,OTM2+,2024-07-19,2026-06-12,45,90.0,143,19.58,32.5,17.5,49.5,51.5,0.16667,11.0,-0.25,False
ORCL,put,mid,Fri-0DTE,13:30,OTM2+,2024-07-19,2026-06-12,45,100.0,143,18.881,31.0,18.5,52.0,57.0,0.16667,11.0,-0.25,False
ORCL,put,market,Fri-0DTE,13:30,OTM2+,2024-07-19,2026-06-12,45,20.0,143,7.692,14.0,8.5,22.5,107.0,-1.0,0.0,-1.0,False
ORCL,put,market,Fri-0DTE,13:30,OTM2+,2024-07-19,2026-06-12,45,25.0,143,7.692,15.0,9.5,23.0,107.0,-1.0,0.0,-1.0,False
ORCL,put,market,Fri-0DTE,13:30,OTM2+,2024-07-19,2026-06-12,45,30.0,143,7.692,18.0,13.5,23.5,107.0,-1.0,0.0,-1.0,False
ORCL,put,market,Fri-0DTE,13:30,OTM2+,2024-07-19,2026-06-12,45,40.0,143,7.692,18.0,13.5,58.5,107.0,-1.0,0.0,-1.0,False
ORCL,put,market,Fri-0DTE,13:30,OTM2+,2024-07-19,2026-06-12,45,50.0,143,6.993,19.0,13.25,70.75,108.5,-1.0,0.0,-1.0,False
ORCL,put,market,Fri-0DTE,13:30,OTM2+,2024-07-19,2026-06-12,45,60.0,143,6.993,21.0,14.5,71.0,106.0,-1.0,0.0,-1.0,False
ORCL,put,market,Fri-0DTE,13:30,OTM2+,2024-07-19,2026-06-12,45,70.0,143,5.594,26.0,13.0,91.25,118.0,-1.0,0.0,-1.0,False
ORCL,put,market,Fri-0DTE,13:30,OTM2+,2024-07-19,2026-06-12,45,75.0,143,5.594,58.5,13.0,111.0,118.0,-1.0,0.0,-1.0,False
ORCL,put,market,Fri-0DTE,13:30,OTM2+,2024-07-19,2026-06-12,45,80.0,143,5.594,97.0,13.0,116.25,116.5,-1.0,0.0,-1.0,False
ORCL,put,market,Fri-0DTE,13:30,OTM2+,2024-07-19,2026-06-12,45,90.0,143,4.895,108.0,48.5,117.5,120.0,-1.0,0.0,-1.0,False
ORCL,put,market,Fri-0DTE,13:30,OTM2+,2024-07-19,2026-06-12,45,100.0,143,4.895,108.0,48.5,118.5,120.0,-1.0,0.0,-1.0,False
ORCL,put,mid,Fri-0DTE,10:30,OTM2+,2024-07-19,2026-06-26,64,20.0,364,68.407,17.0,6.0,67.0,125.0,0.47727,28.0,-0.4,False
ORCL,put,mid,Fri-0DTE,10:30,OTM2+,2024-07-19,2026-06-26,64,25.0,364,67.308,18.0,6.0,69.0,125.0,0.47727,28.0,-0.4,False
ORCL,put,mid,Fri-0DTE,10:30,OTM2+,2024-07-19,2026-06-26,64,30.0,364,60.165,19.0,7.5,73.0,120.0,0.47727,28.0,-0.4,False
ORCL,put,mid,Fri-0DTE,10:30,OTM2+,2024-07-19,2026-06-26,64,40.0,364,53.846,22.5,8.0,72.25,121.0,0.47727,28.0,-0.4,False
ORCL,put,mid,Fri-0DTE,10:30,OTM2+,2024-07-19,2026-06-26,64,50.0,364,46.429,24.0,9.0,76.0,125.0,0.47727,28.0,-0.4,False
ORCL,put,mid,Fri-0DTE,10:30,OTM2+,2024-07-19,2026-06-26,64,60.0,364,43.681,31.0,12.5,83.0,130.0,0.47727,28.0,-0.4,False
ORCL,put,mid,Fri-0DTE,10:30,OTM2+,2024-07-19,2026-06-26,64,70.0,364,41.209,31.5,14.0,87.0,133.5,0.47727,28.0,-0.4,False
ORCL,put,mid,Fri-0DTE,10:30,OTM2+,2024-07-19,2026-06-26,64,75.0,364,37.912,32.0,15.0,87.75,135.5,0.47727,28.0,-0.4,False
ORCL,put,mid,Fri-0DTE,10:30,OTM2+,2024-07-19,2026-06-26,64,80.0,364,37.363,34.5,15.0,90.0,135.0,0.47727,28.0,-0.4,False
ORCL,put,mid,Fri-0DTE,10:30,OTM2+,2024-07-19,2026-06-26,64,90.0,364,35.44,37.0,18.0,91.0,140.0,0.47727,28.0,-0.4,False
ORCL,put,mid,Fri-0DTE,10:30,OTM2+,2024-07-19,2026-06-26,64,100.0,364,34.615,37.5,17.25,91.75,140.5,0.47727,28.0,-0.4,False
ORCL,put,market,Fri-0DTE,10:30,OTM2+,2024-07-19,2026-06-26,64,20.0,364,26.099,23.0,10.0,75.5,164.0,-0.34314,12.0,-1.0,False
ORCL,put,market,Fri-0DTE,10:30,OTM2+,2024-07-19,2026-06-26,64,25.0,364,25.0,25.0,10.0,78.0,196.0,-0.34314,12.0,-1.0,False
ORCL,put,market,Fri-0DTE,10:30,OTM2+,2024-07-19,2026-06-26,64,30.0,364,24.176,25.5,10.75,82.5,202.0,-0.34314,12.0,-1.0,False
ORCL,put,market,Fri-0DTE,10:30,OTM2+,2024-07-19,2026-06-26,64,40.0,364,23.626,26.0,13.0,87.75,192.5,-0.34314,12.0,-1.0,False
ORCL,put,market,Fri-0DTE,10:30,OTM2+,2024-07-19,2026-06-26,64,50.0,364,21.154,28.0,15.0,90.0,225.0,-0.34314,12.0,-1.0,False
ORCL,put,market,Fri-0DTE,10:30,OTM2+,2024-07-19,2026-06-26,64,60.0,364,20.055,30.0,15.0,92.0,225.0,-0.34314,12.0,-1.0,False
ORCL,put,market,Fri-0DTE,10:30,OTM2+,2024-07-19,2026-06-26,64,70.0,364,19.231,32.0,15.0,92.5,228.5,-0.34314,12.0,-1.0,False
ORCL,put,market,Fri-0DTE,10:30,OTM2+,2024-07-19,2026-06-26,64,75.0,364,18.681,32.0,15.0,93.75,223.5,-0.34314,12.0,-1.0,False
ORCL,put,market,Fri-0DTE,10:30,OTM2+,2024-07-19,2026-06-26,64,80.0,364,18.681,32.0,15.0,93.75,221.0,-0.34314,12.0,-1.0,False
ORCL,put,market,Fri-0DTE,10:30,OTM2+,2024-07-19,2026-06-26,64,90.0,364,18.407,32.0,16.5,92.0,222.0,-0.34314,12.0,-1.0,False
ORCL,put,market,Fri-0DTE,10:30,OTM2+,2024-07-19,2026-06-26,64,100.0,364,18.132,33.0,17.25,92.5,222.5,-0.34314,12.0,-1.0,False
ORCL,put,mid,Fri-0DTE,09:30,OTM1,2024-07-19,2026-07-10,79,20.0,296,72.635,4.0,2.0,11.0,92.0,0.66667,17.5,-0.86039,False
ORCL,put,mid,Fri-0DTE,09:30,OTM1,2024-07-19,2026-07-10,79,25.0,296,69.595,6.0,2.0,12.0,104.0,0.66667,17.5,-0.86039,False
ORCL,put,mid,Fri-0DTE,09:30,OTM1,2024-07-19,2026-07-10,79,30.0,296,66.216,7.0,3.0,15.0,118.5,0.66667,17.5,-0.86039,False
ORCL,put,mid,Fri-0DTE,09:30,OTM1,2024-07-19,2026-07-10,79,40.0,296,61.149,8.0,4.0,19.0,147.0,0.66667,17.5,-0.86039,False
ORCL,put,mid,Fri-0DTE,09:30,OTM1,2024-07-19,2026-07-10,79,50.0,296,57.77,10.0,5.0,20.5,171.0,0.66667,17.5,-0.86039,False
ORCL,put,mid,Fri-0DTE,09:30,OTM1,2024-07-19,2026-07-10,79,60.0,296,51.689,11.0,6.0,24.0,205.0,0.66667,17.5,-0.86039,False
ORCL,put,mid,Fri-0DTE,09:30,OTM1,2024-07-19,2026-07-10,79,70.0,296,49.324,15.0,6.0,28.75,223.5,0.66667,17.5,-0.86039,False
ORCL,put,mid,Fri-0DTE,09:30,OTM1,2024-07-19,2026-07-10,79,75.0,296,47.635,16.0,7.0,31.0,223.0,0.66667,17.5,-0.86039,False
ORCL,put,mid,Fri-0DTE,09:30,OTM1,2024-07-19,2026-07-10,79,80.0,296,46.622,17.0,8.0,34.75,228.0,0.66667,17.5,-0.86039,False
ORCL,put,mid,Fri-0DTE,09:30,OTM1,2024-07-19,2026-07-10,79,90.0,296,44.257,20.0,8.5,39.0,283.0,0.66667,17.5,-0.86039,False
ORCL,put,mid,Fri-0DTE,09:30,OTM1,2024-07-19,2026-07-10,79,100.0,296,42.905,21.0,10.0,41.0,298.0,0.66667,17.5,-0.86039,False
ORCL,put,market,Fri-0DTE,09:30,OTM1,2024-07-19,2026-07-10,79,20.0,296,52.365,8.0,4.0,15.5,212.0,0.26975,15.5,-1.0,False
ORCL,put,market,Fri-0DTE,09:30,OTM1,2024-07-19,2026-07-10,79,25.0,296,51.014,9.0,4.0,17.5,223.0,0.26975,15.5,-1.0,False
ORCL,put,market,Fri-0DTE,09:30,OTM1,2024-07-19,2026-07-10,79,30.0,296,48.986,10.0,5.0,18.0,231.0,0.26975,15.5,-1.0,False
ORCL,put,market,Fri-0DTE,09:30,OTM1,2024-07-19,2026-07-10,79,40.0,296,45.27,12.0,6.0,26.0,329.5,0.26975,15.5,-1.0,False
ORCL,put,market,Fri-0DTE,09:30,OTM1,2024-07-19,2026-07-10,79,50.0,296,42.568,16.0,6.25,30.75,344.5,0.26975,15.5,-1.0,False
ORCL,put,market,Fri-0DTE,09:30,OTM1,2024-07-19,2026-07-10,79,60.0,296,40.541,19.5,8.0,36.25,353.5,0.26975,15.5,-1.0,False
ORCL,put,market,Fri-0DTE,09:30,OTM1,2024-07-19,2026-07-10,79,70.0,296,38.851,21.0,10.0,40.0,354.0,0.26975,15.5,-1.0,False
ORCL,put,market,Fri-0DTE,09:30,OTM1,2024-07-19,2026-07-10,79,75.0,296,38.514,24.5,10.25,43.25,355.5,0.26975,15.5,-1.0,False
ORCL,put,market,Fri-0DTE,09:30,OTM1,2024-07-19,2026-07-10,79,80.0,296,38.514,26.5,12.25,44.75,353.0,0.26975,15.5,-1.0,False
ORCL,put,market,Fri-0DTE,09:30,OTM1,2024-07-19,2026-07-10,79,90.0,296,35.473,31.0,14.0,52.0,357.0,0.26975,15.5,-1.0,False
ORCL,put,market,Fri-0DTE,09:30,OTM1,2024-07-19,2026-07-10,79,100.0,296,34.797,34.0,16.0,56.5,357.0,0.26975,15.5,-1.0,False
ORCL,put,mid,Fri-0DTE,10:30,ATM,2024-07-19,2026-07-10,88,20.0,332,73.193,12.0,4.5,32.5,301.0,0.84906,59.0,-0.8529,False
ORCL,put,mid,Fri-0DTE,10:30,ATM,2024-07-19,2026-07-10,88,25.0,332,71.084,13.0,5.0,39.25,301.0,0.84906,59.0,-0.8529,False
ORCL,put,mid,Fri-0DTE,10:30,ATM,2024-07-19,2026-07-10,88,30.0,332,69.277,16.0,6.0,42.0,301.0,0.84906,59.0,-0.8529,False
ORCL,put,mid,Fri-0DTE,10:30,ATM,2024-07-19,2026-07-10,88,40.0,332,65.06,25.5,10.75,59.25,302.0,0.84906,59.0,-0.8529,False
ORCL,put,mid,Fri-0DTE,10:30,ATM,2024-07-19,2026-07-10,88,50.0,332,62.651,29.5,15.0,67.0,301.0,0.84906,59.0,-0.8529,False
ORCL,put,mid,Fri-0DTE,10:30,ATM,2024-07-19,2026-07-10,88,60.0,332,56.928,36.0,17.0,82.0,303.0,0.84906,59.0,-0.8529,False
ORCL,put,mid,Fri-0DTE,10:30,ATM,2024-07-19,2026-07-10,88,70.0,332,53.916,41.0,19.0,118.0,301.0,0.84906,59.0,-0.8529,False
ORCL,put,mid,Fri-0DTE,10:30,ATM,2024-07-19,2026-07-10,88,75.0,332,53.614,46.5,23.0,139.5,301.0,0.84906,59.0,-0.8529,False
ORCL,put,mid,Fri-0DTE,10:30,ATM,2024-07-19,2026-07-10,88,80.0,332,52.711,54.0,25.0,149.5,301.0,0.84906,59.0,-0.8529,False
ORCL,put,mid,Fri-0DTE,10:30,ATM,2024-07-19,2026-07-10,88,90.0,332,47.289,57.0,27.0,163.0,303.0,0.84906,59.0,-0.8529,False
ORCL,put,mid,Fri-0DTE,10:30,ATM,2024-07-19,2026-07-10,88,100.0,332,45.482,69.0,29.5,166.0,303.0,0.84906,59.0,-0.8529,False
ORCL,put,market,Fri-0DTE,10:30,ATM,2024-07-19,2026-07-10,88,20.0,332,66.265,19.0,7.0,45.25,301.0,0.70886,59.0,-1.0,False
ORCL,put,market,Fri-0DTE,10:30,ATM,2024-07-19,2026-07-10,88,25.0,332,65.361,23.0,9.0,59.0,301.0,0.70886,59.0,-1.0,False
ORCL,put,market,Fri-0DTE,10:30,ATM,2024-07-19,2026-07-10,88,30.0,332,63.554,26.0,12.0,63.5,301.0,0.70886,59.0,-1.0,False
ORCL,put,market,Fri-0DTE,10:30,ATM,2024-07-19,2026-07-10,88,40.0,332,61.446,30.0,15.0,74.0,300.5,0.70886,59.0,-1.0,False
ORCL,put,market,Fri-0DTE,10:30,ATM,2024-07-19,2026-07-10,88,50.0,332,56.024,36.0,17.25,95.5,302.5,0.70886,59.0,-1.0,False
ORCL,put,market,Fri-0DTE,10:30,ATM,2024-07-19,2026-07-10,88,60.0,332,53.313,42.0,23.0,147.0,301.0,0.70886,59.0,-1.0,False
ORCL,put,market,Fri-0DTE,10:30,ATM,2024-07-19,2026-07-10,88,70.0,332,50.904,54.0,27.0,157.0,301.0,0.70886,59.0,-1.0,False
ORCL,put,market,Fri-0DTE,10:30,ATM,2024-07-19,2026-07-10,88,75.0,332,48.795,56.5,27.0,155.5,301.0,0.70886,59.0,-1.0,False
ORCL,put,market,Fri-0DTE,10:30,ATM,2024-07-19,2026-07-10,88,80.0,332,47.59,65.0,28.5,162.75,301.0,0.70886,59.0,-1.0,False
ORCL,put,market,Fri-0DTE,10:30,ATM,2024-07-19,2026-07-10,88,90.0,332,44.277,70.0,32.0,170.5,302.0,0.70886,59.0,-1.0,False
ORCL,put,market,Fri-0DTE,10:30,ATM,2024-07-19,2026-07-10,88,100.0,332,41.566,87.0,41.25,177.5,301.5,0.70886,59.0,-1.0,False
ORCL,put,mid,Fri-0DTE,11:00,ATM,2024-07-19,2026-07-10,81,20.0,277,79.422,14.0,5.0,34.0,248.0,0.68263,57.0,-0.74194,False
ORCL,put,mid,Fri-0DTE,11:00,ATM,2024-07-19,2026-07-10,81,25.0,277,74.729,15.0,6.0,43.0,263.0,0.68263,57.0,-0.74194,False
ORCL,put,mid,Fri-0DTE,11:00,ATM,2024-07-19,2026-07-10,81,30.0,277,71.841,16.0,6.0,45.5,247.0,0.68263,57.0,-0.74194,False
ORCL,put,mid,Fri-0DTE,11:00,ATM,2024-07-19,2026-07-10,81,40.0,277,66.426,22.5,9.0,53.5,268.5,0.68263,57.0,-0.74194,False
ORCL,put,mid,Fri-0DTE,11:00,ATM,2024-07-19,2026-07-10,81,50.0,277,58.484,32.5,10.0,114.75,270.0,0.68263,57.0,-0.74194,False
ORCL,put,mid,Fri-0DTE,11:00,ATM,2024-07-19,2026-07-10,81,60.0,277,51.625,35.0,13.5,128.5,274.0,0.68263,57.0,-0.74194,False
ORCL,put,mid,Fri-0DTE,11:00,ATM,2024-07-19,2026-07-10,81,70.0,277,49.097,45.0,16.0,147.0,274.0,0.68263,57.0,-0.74194,False
ORCL,put,mid,Fri-0DTE,11:00,ATM,2024-07-19,2026-07-10,81,75.0,277,46.931,44.5,17.0,151.0,274.0,0.68263,57.0,-0.74194,False
ORCL,put,mid,Fri-0DTE,11:00,ATM,2024-07-19,2026-07-10,81,80.0,277,44.404,45.0,17.5,150.5,274.0,0.68263,57.0,-0.74194,False
ORCL,put,mid,Fri-0DTE,11:00,ATM,2024-07-19,2026-07-10,81,90.0,277,40.072,52.0,22.0,149.5,276.0,0.68263,57.0,-0.74194,False
ORCL,put,mid,Fri-0DTE,11:00,ATM,2024-07-19,2026-07-10,81,100.0,277,37.545,56.5,24.75,157.0,278.0,0.68263,57.0,-0.74194,False
ORCL,put,market,Fri-0DTE,11:00,ATM,2024-07-19,2026-07-10,81,20.0,277,67.509,20.0,7.0,60.5,269.0,0.53409,57.0,-0.90476,False
ORCL,put,market,Fri-0DTE,11:00,ATM,2024-07-19,2026-07-10,81,25.0,277,65.704,22.0,8.0,80.25,269.0,0.53409,57.0,-0.90476,False
ORCL,put,market,Fri-0DTE,11:00,ATM,2024-07-19,2026-07-10,81,30.0,277,64.26,25.0,9.25,82.5,268.5,0.53409,57.0,-0.90476,False
ORCL,put,market,Fri-0DTE,11:00,ATM,2024-07-19,2026-07-10,81,40.0,277,56.318,33.5,12.0,117.75,271.5,0.53409,57.0,-0.90476,False
ORCL,put,market,Fri-0DTE,11:00,ATM,2024-07-19,2026-07-10,81,50.0,277,51.264,40.5,14.0,141.75,274.0,0.53409,57.0,-0.90476,False
ORCL,put,market,Fri-0DTE,11:00,ATM,2024-07-19,2026-07-10,81,60.0,277,48.014,45.0,16.0,152.0,274.0,0.53409,57.0,-0.90476,False
ORCL,put,market,Fri-0DTE,11:00,ATM,2024-07-19,2026-07-10,81,70.0,277,41.516,54.0,20.5,149.5,275.0,0.53409,57.0,-0.90476,False
ORCL,put,market,Fri-0DTE,11:00,ATM,2024-07-19,2026-07-10,81,75.0,277,39.711,54.0,20.25,146.0,275.5,0.53409,57.0,-0.90476,False
ORCL,put,market,Fri-0DTE,11:00,ATM,2024-07-19,2026-07-10,81,80.0,277,38.989,61.5,25.5,156.0,275.5,0.53409,57.0,-0.90476,False
ORCL,put,market,Fri-0DTE,11:00,ATM,2024-07-19,2026-07-10,81,90.0,277,36.101,64.5,26.75,150.0,276.0,0.53409,57.0,-0.90476,False
ORCL,put,market,Fri-0DTE,11:00,ATM,2024-07-19,2026-07-10,81,100.0,277,32.852,80.0,31.0,157.0,279.0,0.53409,57.0,-0.90476,False
ORCL,put,mid,Fri-0DTE,11:30,ATM,2024-07-19,2026-07-10,76,20.0,253,75.494,13.0,5.0,35.0,239.0,0.63372,50.0,-0.78947,False
ORCL,put,mid,Fri-0DTE,11:30,ATM,2024-07-19,2026-07-10,76,25.0,253,71.937,17.0,7.0,51.0,238.0,0.63372,50.0,-0.78947,False
ORCL,put,mid,Fri-0DTE,11:30,ATM,2024-07-19,2026-07-10,76,30.0,253,68.775,21.5,8.0,64.0,240.0,0.63372,50.0,-0.78947,False
ORCL,put,mid,Fri-0DTE,11:30,ATM,2024-07-19,2026-07-10,76,40.0,253,59.289,24.0,11.0,86.0,241.5,0.63372,50.0,-0.78947,False
ORCL,put,mid,Fri-0DTE,11:30,ATM,2024-07-19,2026-07-10,76,50.0,253,54.941,34.0,16.5,96.5,241.0,0.63372,50.0,-0.78947,False
ORCL,put,mid,Fri-0DTE,11:30,ATM,2024-07-19,2026-07-10,76,60.0,253,51.779,42.0,18.0,117.0,241.0,0.63372,50.0,-0.78947,False
ORCL,put,mid,Fri-0DTE,11:30,ATM,2024-07-19,2026-07-10,76,70.0,253,48.617,54.0,24.0,119.0,240.0,0.63372,50.0,-0.78947,False
ORCL,put,mid,Fri-0DTE,11:30,ATM,2024-07-19,2026-07-10,76,75.0,253,45.059,60.0,26.25,127.25,241.0,0.63372,50.0,-0.78947,False
ORCL,put,mid,Fri-0DTE,11:30,ATM,2024-07-19,2026-07-10,76,80.0,253,43.478,67.0,27.0,132.25,241.5,0.63372,50.0,-0.78947,False
ORCL,put,mid,Fri-0DTE,11:30,ATM,2024-07-19,2026-07-10,76,90.0,253,39.13,76.0,30.5,140.0,243.0,0.63372,50.0,-0.78947,False
ORCL,put,mid,Fri-0DTE,11:30,ATM,2024-07-19,2026-07-10,76,100.0,253,37.154,77.0,33.25,133.0,244.0,0.63372,50.0,-0.78947,False
ORCL,put,market,Fri-0DTE,11:30,ATM,2024-07-19,2026-07-10,76,20.0,253,65.613,23.0,10.25,75.0,241.0,0.52174,50.0,-0.88144,False
ORCL,put,market,Fri-0DTE,11:30,ATM,2024-07-19,2026-07-10,76,25.0,253,64.822,28.0,12.0,93.5,240.5,0.52174,50.0,-0.88144,False
ORCL,put,market,Fri-0DTE,11:30,ATM,2024-07-19,2026-07-10,76,30.0,253,58.103,32.0,14.0,95.5,241.0,0.52174,50.0,-0.88144,False
ORCL,put,market,Fri-0DTE,11:30,ATM,2024-07-19,2026-07-10,76,40.0,253,53.36,40.0,17.5,116.0,240.0,0.52174,50.0,-0.88144,False
ORCL,put,market,Fri-0DTE,11:30,ATM,2024-07-19,2026-07-10,76,50.0,253,50.988,56.0,24.0,133.0,240.0,0.52174,50.0,-0.88144,False
ORCL,put,market,Fri-0DTE,11:30,ATM,2024-07-19,2026-07-10,76,60.0,253,46.245,60.0,27.0,138.0,237.0,0.52174,50.0,-0.88144,False
ORCL,put,market,Fri-0DTE,11:30,ATM,2024-07-19,2026-07-10,76,70.0,253,42.292,72.0,33.0,148.0,241.0,0.52174,50.0,-0.88144,False
ORCL,put,market,Fri-0DTE,11:30,ATM,2024-07-19,2026-07-10,76,75.0,253,39.526,76.0,35.25,135.75,242.0,0.52174,50.0,-0.88144,False
ORCL,put,market,Fri-0DTE,11:30,ATM,2024-07-19,2026-07-10,76,80.0,253,37.154,79.5,37.25,134.75,243.0,0.52174,50.0,-0.88144,False
ORCL,put,market,Fri-0DTE,11:30,ATM,2024-07-19,2026-07-10,76,90.0,253,34.387,92.0,45.0,134.0,244.0,0.52174,50.0,-0.88144,False
ORCL,put,market,Fri-0DTE,11:30,ATM,2024-07-19,2026-07-10,76,100.0,253,33.597,101.0,55.0,156.0,244.0,0.52174,50.0,-0.88144,False
ORCL,put,mid,Fri-0DTE,14:00,ATM,2024-07-19,2026-07-10,70,20.0,231,70.13,15.0,6.25,37.75,94.0,0.48756,43.0,-0.64583,False
ORCL,put,mid,Fri-0DTE,14:00,ATM,2024-07-19,2026-07-10,70,25.0,231,67.1,18.0,7.0,38.5,94.0,0.48756,43.0,-0.64583,False
ORCL,put,mid,Fri-0DTE,14:00,ATM,2024-07-19,2026-07-10,70,30.0,231,63.203,20.5,9.0,42.5,94.0,0.48756,43.0,-0.64583,False
ORCL,put,mid,Fri-0DTE,14:00,ATM,2024-07-19,2026-07-10,70,40.0,231,54.113,26.0,10.0,46.0,94.0,0.48756,43.0,-0.64583,False
ORCL,put,mid,Fri-0DTE,14:00,ATM,2024-07-19,2026-07-10,70,50.0,231,49.351,27.0,13.25,51.0,97.5,0.48756,43.0,-0.64583,False
ORCL,put,mid,Fri-0DTE,14:00,ATM,2024-07-19,2026-07-10,70,60.0,231,43.29,27.0,14.0,57.25,98.0,0.48756,43.0,-0.64583,False
ORCL,put,mid,Fri-0DTE,14:00,ATM,2024-07-19,2026-07-10,70,70.0,231,36.364,26.0,14.75,61.75,99.0,0.48756,43.0,-0.64583,False
ORCL,put,mid,Fri-0DTE,14:00,ATM,2024-07-19,2026-07-10,70,75.0,231,35.065,29.0,16.0,73.0,99.0,0.48756,43.0,-0.64583,False
ORCL,put,mid,Fri-0DTE,14:00,ATM,2024-07-19,2026-07-10,70,80.0,231,34.632,27.5,15.75,69.25,99.0,0.48756,43.0,-0.64583,False
ORCL,put,mid,Fri-0DTE,14:00,ATM,2024-07-19,2026-07-10,70,90.0,231,32.468,33.0,18.0,79.0,99.0,0.48756,43.0,-0.64583,False
ORCL,put,mid,Fri-0DTE,14:00,ATM,2024-07-19,2026-07-10,70,100.0,231,30.736,35.0,21.0,83.0,99.0,0.48756,43.0,-0.64583,False
ORCL,put,market,Fri-0DTE,14:00,ATM,2024-07-19,2026-07-10,70,20.0,231,54.113,26.0,10.0,44.0,98.0,0.28889,42.0,-0.85714,False
ORCL,put,market,Fri-0DTE,14:00,ATM,2024-07-19,2026-07-10,70,25.0,231,52.381,29.0,14.0,46.0,98.0,0.28889,42.0,-0.85714,False
ORCL,put,market,Fri-0DTE,14:00,ATM,2024-07-19,2026-07-10,70,30.0,231,48.052,31.0,15.0,51.0,98.0,0.28889,42.0,-0.85714,False
ORCL,put,market,Fri-0DTE,14:00,ATM,2024-07-19,2026-07-10,70,40.0,231,43.723,34.0,18.0,60.0,99.0,0.28889,42.0,-0.85714,False
ORCL,put,market,Fri-0DTE,14:00,ATM,2024-07-19,2026-07-10,70,50.0,231,36.797,36.0,18.0,73.0,99.0,0.28889,42.0,-0.85714,False
ORCL,put,market,Fri-0DTE,14:00,ATM,2024-07-19,2026-07-10,70,60.0,231,32.468,38.0,19.5,78.0,100.0,0.28889,42.0,-0.85714,False
ORCL,put,market,Fri-0DTE,14:00,ATM,2024-07-19,2026-07-10,70,70.0,231,30.736,48.0,24.0,81.5,99.0,0.28889,42.0,-0.85714,False
ORCL,put,market,Fri-0DTE,14:00,ATM,2024-07-19,2026-07-10,70,75.0,231,30.303,44.5,24.25,82.75,99.5,0.28889,42.0,-0.85714,False
ORCL,put,market,Fri-0DTE,14:00,ATM,2024-07-19,2026-07-10,70,80.0,231,29.87,49.0,25.0,84.0,100.0,0.28889,42.0,-0.85714,False
ORCL,put,market,Fri-0DTE,14:00,ATM,2024-07-19,2026-07-10,70,90.0,231,28.139,53.0,26.0,85.0,100.0,0.28889,42.0,-0.85714,False
ORCL,put,market,Fri-0DTE,14:00,ATM,2024-07-19,2026-07-10,70,100.0,231,26.407,55.0,31.0,85.0,99.0,0.28889,42.0,-0.85714,False
ORCL,put,mid,Fri-0DTE,15:00,ATM,2024-07-19,2026-07-10,68,20.0,238,58.824,7.5,3.0,16.0,38.0,0.32727,12.5,-0.625,False
ORCL,put,mid,Fri-0DTE,15:00,ATM,2024-07-19,2026-07-10,68,25.0,238,55.462,9.0,3.0,17.0,38.0,0.32727,12.5,-0.625,False
ORCL,put,mid,Fri-0DTE,15:00,ATM,2024-07-19,2026-07-10,68,30.0,238,51.261,10.0,4.0,20.0,39.0,0.32727,12.5,-0.625,False
ORCL,put,mid,Fri-0DTE,15:00,ATM,2024-07-19,2026-07-10,68,40.0,238,44.538,11.0,5.0,22.0,39.0,0.32727,12.5,-0.625,False
ORCL,put,mid,Fri-0DTE,15:00,ATM,2024-07-19,2026-07-10,68,50.0,238,39.076,13.0,6.0,26.0,39.0,0.32727,12.5,-0.625,False
ORCL,put,mid,Fri-0DTE,15:00,ATM,2024-07-19,2026-07-10,68,60.0,238,32.353,17.0,8.0,27.0,40.0,0.32727,12.5,-0.625,False
ORCL,put,mid,Fri-0DTE,15:00,ATM,2024-07-19,2026-07-10,68,70.0,238,30.252,18.0,8.0,32.0,40.5,0.32727,12.5,-0.625,False
ORCL,put,mid,Fri-0DTE,15:00,ATM,2024-07-19,2026-07-10,68,75.0,238,28.571,17.5,8.75,32.0,40.5,0.32727,12.5,-0.625,False
ORCL,put,mid,Fri-0DTE,15:00,ATM,2024-07-19,2026-07-10,68,80.0,238,26.891,18.0,8.0,33.25,42.0,0.32727,12.5,-0.625,False
ORCL,put,mid,Fri-0DTE,15:00,ATM,2024-07-19,2026-07-10,68,90.0,238,24.79,18.0,9.0,33.0,43.0,0.32727,12.5,-0.625,False
ORCL,put,mid,Fri-0DTE,15:00,ATM,2024-07-19,2026-07-10,68,100.0,238,23.95,19.0,10.0,33.0,42.0,0.32727,12.5,-0.625,False
ORCL,put,market,Fri-0DTE,15:00,ATM,2024-07-19,2026-07-10,68,20.0,238,42.857,13.0,6.0,21.0,39.0,0.08476,12.5,-0.86305,False
ORCL,put,market,Fri-0DTE,15:00,ATM,2024-07-19,2026-07-10,68,25.0,238,39.076,16.0,8.0,26.0,41.0,0.08476,12.5,-0.86305,False
ORCL,put,market,Fri-0DTE,15:00,ATM,2024-07-19,2026-07-10,68,30.0,238,35.294,15.0,7.0,25.25,40.5,0.08476,12.5,-0.86305,False
ORCL,put,market,Fri-0DTE,15:00,ATM,2024-07-19,2026-07-10,68,40.0,238,30.672,17.0,8.0,27.0,42.0,0.08476,12.5,-0.86305,False
ORCL,put,market,Fri-0DTE,15:00,ATM,2024-07-19,2026-07-10,68,50.0,238,27.311,22.0,9.0,28.0,40.0,0.08476,12.5,-0.86305,False
ORCL,put,market,Fri-0DTE,15:00,ATM,2024-07-19,2026-07-10,68,60.0,238,24.37,22.5,8.5,33.0,42.0,0.08476,12.5,-0.86305,False
ORCL,put,market,Fri-0DTE,15:00,ATM,2024-07-19,2026-07-10,68,70.0,238,19.748,22.0,9.0,33.0,44.0,0.08476,12.5,-0.86305,False
ORCL,put,market,Fri-0DTE,15:00,ATM,2024-07-19,2026-07-10,68,75.0,238,19.748,22.0,10.0,33.0,44.0,0.08476,12.5,-0.86305,False
ORCL,put,market,Fri-0DTE,15:00,ATM,2024-07-19,2026-07-10,68,80.0,238,19.328,20.5,10.0,33.0,44.0,0.08476,12.5,-0.86305,False
ORCL,put,market,Fri-0DTE,15:00,ATM,2024-07-19,2026-07-10,68,90.0,238,15.966,20.5,10.5,33.0,44.0,0.08476,12.5,-0.86305,False
ORCL,put,market,Fri-0DTE,15:00,ATM,2024-07-19,2026-07-10,68,100.0,238,14.706,23.0,12.0,33.5,41.0,0.08476,12.5,-0.86305,False
ORCL,put,mid,Fri-0DTE,13:00,ITM,2024-07-19,2026-07-10,52,20.0,240,40.417,56.0,19.0,99.0,154.0,0.1441,100.0,-0.21178,False
ORCL,put,mid,Fri-0DTE,13:00,ITM,2024-07-19,2026-07-10,52,25.0,240,33.75,64.0,32.0,102.0,158.0,0.1441,100.0,-0.21178,False
ORCL,put,mid,Fri-0DTE,13:00,ITM,2024-07-19,2026-07-10,52,30.0,240,27.5,74.5,37.0,115.25,157.5,0.1441,100.0,-0.21178,False
ORCL,put,mid,Fri-0DTE,13:00,ITM,2024-07-19,2026-07-10,52,40.0,240,18.75,76.0,45.0,126.0,160.0,0.1441,100.0,-0.21178,False
ORCL,put,mid,Fri-0DTE,13:00,ITM,2024-07-19,2026-07-10,52,50.0,240,14.167,85.5,52.25,129.75,158.0,0.1441,100.0,-0.21178,False
ORCL,put,mid,Fri-0DTE,13:00,ITM,2024-07-19,2026-07-10,52,60.0,240,9.583,77.0,54.0,129.0,153.0,0.1441,100.0,-0.21178,False
ORCL,put,mid,Fri-0DTE,13:00,ITM,2024-07-19,2026-07-10,52,70.0,240,7.083,79.0,54.0,133.0,153.0,0.1441,100.0,-0.21178,False
ORCL,put,mid,Fri-0DTE,13:00,ITM,2024-07-19,2026-07-10,52,75.0,240,6.25,76.0,54.0,129.5,153.0,0.1441,100.0,-0.21178,False
ORCL,put,mid,Fri-0DTE,13:00,ITM,2024-07-19,2026-07-10,52,80.0,240,6.25,79.0,54.5,131.0,152.0,0.1441,100.0,-0.21178,False
ORCL,put,mid,Fri-0DTE,13:00,ITM,2024-07-19,2026-07-10,52,90.0,240,4.583,96.0,77.5,141.0,158.0,0.1441,100.0,-0.21178,False
ORCL,put,mid,Fri-0DTE,13:00,ITM,2024-07-19,2026-07-10,52,100.0,240,2.917,97.0,72.5,139.5,160.0,0.1441,100.0,-0.21178,False
ORCL,put,market,Fri-0DTE,13:00,ITM,2024-07-19,2026-07-10,52,20.0,240,35.417,59.0,30.0,99.0,158.0,0.12061,100.0,-0.23194,False
ORCL,put,market,Fri-0DTE,13:00,ITM,2024-07-19,2026-07-10,52,25.0,240,31.25,73.0,37.0,108.5,157.0,0.12061,100.0,-0.23194,False
ORCL,put,market,Fri-0DTE,13:00,ITM,2024-07-19,2026-07-10,52,30.0,240,25.417,73.0,42.0,125.0,158.0,0.12061,100.0,-0.23194,False
ORCL,put,market,Fri-0DTE,13:00,ITM,2024-07-19,2026-07-10,52,40.0,240,17.5,75.5,47.25,128.25,159.5,0.12061,100.0,-0.23194,False
ORCL,put,market,Fri-0DTE,13:00,ITM,2024-07-19,2026-07-10,52,50.0,240,11.25,76.0,53.5,129.0,158.0,0.12061,100.0,-0.23194,False
ORCL,put,market,Fri-0DTE,13:00,ITM,2024-07-19,2026-07-10,52,60.0,240,7.917,79.0,54.5,123.5,158.0,0.12061,100.0,-0.23194,False
ORCL,put,market,Fri-0DTE,13:00,ITM,2024-07-19,2026-07-10,52,70.0,240,6.25,76.0,54.0,129.5,153.0,0.12061,100.0,-0.23194,False
ORCL,put,market,Fri-0DTE,13:00,ITM,2024-07-19,2026-07-10,52,75.0,240,5.833,81.5,63.25,132.0,153.5,0.12061,100.0,-0.23194,False
ORCL,put,market,Fri-0DTE,13:00,ITM,2024-07-19,2026-07-10,52,80.0,240,5.833,86.5,66.25,144.75,153.5,0.12061,100.0,-0.23194,False
ORCL,put,market,Fri-0DTE,13:00,ITM,2024-07-19,2026-07-10,52,90.0,240,3.75,126.0,74.0,153.0,160.0,0.12061,100.0,-0.23194,False
ORCL,put,market,Fri-0DTE,13:00,ITM,2024-07-19,2026-07-10,52,100.0,240,2.083,75.0,71.0,99.0,160.0,0.12061,100.0,-0.23194,False
ORCL,call,mid,Fri-0DTE,10:00,ATM,2024-07-26,2026-07-10,89,20.0,412,76.699,11.0,4.0,30.25,191.0,0.70206,66.0,-0.91043,False
ORCL,call,mid,Fri-0DTE,10:00,ATM,2024-07-26,2026-07-10,89,25.0,412,73.786,13.0,5.0,33.25,185.5,0.70206,66.0,-0.91043,False
ORCL,call,mid,Fri-0DTE,10:00,ATM,2024-07-26,2026-07-10,89,30.0,412,71.602,16.0,6.0,39.5,187.0,0.70206,66.0,-0.91043,False
ORCL,call,mid,Fri-0DTE,10:00,ATM,2024-07-26,2026-07-10,89,40.0,412,65.534,20.0,9.0,46.75,224.0,0.70206,66.0,-0.91043,False
ORCL,call,mid,Fri-0DTE,10:00,ATM,2024-07-26,2026-07-10,89,50.0,412,60.922,27.0,13.0,62.5,225.0,0.70206,66.0,-0.91043,False
ORCL,call,mid,Fri-0DTE,10:00,ATM,2024-07-26,2026-07-10,89,60.0,412,55.583,33.0,16.0,71.0,227.0,0.70206,66.0,-0.91043,False
ORCL,call,mid,Fri-0DTE,10:00,ATM,2024-07-26,2026-07-10,89,70.0,412,50.243,35.0,20.0,78.0,237.0,0.70206,66.0,-0.91043,False
ORCL,call,mid,Fri-0DTE,10:00,ATM,2024-07-26,2026-07-10,89,75.0,412,48.301,39.0,21.0,85.5,237.0,0.70206,66.0,-0.91043,False
ORCL,call,mid,Fri-0DTE,10:00,ATM,2024-07-26,2026-07-10,89,80.0,412,45.631,40.5,22.0,88.25,242.0,0.70206,66.0,-0.91043,False
ORCL,call,mid,Fri-0DTE,10:00,ATM,2024-07-26,2026-07-10,89,90.0,412,41.262,40.5,25.0,92.75,264.0,0.70206,66.0,-0.91043,False
ORCL,call,mid,Fri-0DTE,10:00,ATM,2024-07-26,2026-07-10,89,100.0,412,36.65,44.0,27.5,108.5,304.0,0.70206,66.0,-0.91043,False
ORCL,call,market,Fri-0DTE,10:00,ATM,2024-07-26,2026-07-10,89,20.0,412,70.631,16.0,6.0,44.0,211.0,0.59944,66.0,-1.0,False
ORCL,call,market,Fri-0DTE,10:00,ATM,2024-07-26,2026-07-10,89,25.0,412,67.961,18.0,8.0,45.0,233.0,0.59944,66.0,-1.0,False
ORCL,call,market,Fri-0DTE,10:00,ATM,2024-07-26,2026-07-10,89,30.0,412,64.32,22.0,9.0,50.0,243.0,0.59944,66.0,-1.0,False
ORCL,call,market,Fri-0DTE,10:00,ATM,2024-07-26,2026-07-10,89,40.0,412,57.282,28.0,12.0,65.25,274.5,0.59944,66.0,-1.0,False
ORCL,call,market,Fri-0DTE,10:00,ATM,2024-07-26,2026-07-10,89,50.0,412,54.369,31.0,16.0,78.25,254.0,0.59944,66.0,-1.0,False
ORCL,call,market,Fri-0DTE,10:00,ATM,2024-07-26,2026-07-10,89,60.0,412,49.757,38.0,21.0,88.0,275.0,0.59944,66.0,-1.0,False
ORCL,call,market,Fri-0DTE,10:00,ATM,2024-07-26,2026-07-10,89,70.0,412,43.689,40.0,22.0,92.0,276.0,0.59944,66.0,-1.0,False
ORCL,call,market,Fri-0DTE,10:00,ATM,2024-07-26,2026-07-10,89,75.0,412,41.99,43.0,23.0,94.0,268.0,0.59944,66.0,-1.0,False
ORCL,call,market,Fri-0DTE,10:00,ATM,2024-07-26,2026-07-10,89,80.0,412,39.806,46.0,25.0,107.5,283.5,0.59944,66.0,-1.0,False
ORCL,call,market,Fri-0DTE,10:00,ATM,2024-07-26,2026-07-10,89,90.0,412,34.709,51.0,31.5,138.5,318.0,0.59944,66.0,-1.0,False
ORCL,call,market,Fri-0DTE,10:00,ATM,2024-07-26,2026-07-10,89,100.0,412,32.524,58.0,33.25,161.75,311.5,0.59944,66.0,-1.0,False
ORCL,call,mid,Fri-0DTE,12:30,ATM,2024-07-26,2026-07-10,79,20.0,275,73.818,17.0,7.0,34.0,102.0,0.46154,39.0,-0.85714,False
ORCL,call,mid,Fri-0DTE,12:30,ATM,2024-07-26,2026-07-10,79,25.0,275,68.727,18.0,8.0,35.0,108.0,0.46154,39.0,-0.85714,False
ORCL,call,mid,Fri-0DTE,12:30,ATM,2024-07-26,2026-07-10,79,30.0,275,61.818,21.5,9.0,39.75,123.0,0.46154,39.0,-0.85714,False
ORCL,call,mid,Fri-0DTE,12:30,ATM,2024-07-26,2026-07-10,79,40.0,275,54.909,28.0,14.0,53.0,128.0,0.46154,39.0,-0.85714,False
ORCL,call,mid,Fri-0DTE,12:30,ATM,2024-07-26,2026-07-10,79,50.0,275,47.273,34.0,17.0,57.75,140.5,0.46154,39.0,-0.85714,False
ORCL,call,mid,Fri-0DTE,12:30,ATM,2024-07-26,2026-07-10,79,60.0,275,38.909,37.0,19.0,76.5,168.0,0.46154,39.0,-0.85714,False
ORCL,call,mid,Fri-0DTE,12:30,ATM,2024-07-26,2026-07-10,79,70.0,275,35.273,41.0,21.0,84.0,182.0,0.46154,39.0,-0.85714,False
ORCL,call,mid,Fri-0DTE,12:30,ATM,2024-07-26,2026-07-10,79,75.0,275,32.0,41.0,22.0,83.25,184.0,0.46154,39.0,-0.85714,False
ORCL,call,mid,Fri-0DTE,12:30,ATM,2024-07-26,2026-07-10,79,80.0,275,31.273,42.0,24.25,97.25,185.5,0.46154,39.0,-0.85714,False
ORCL,call,mid,Fri-0DTE,12:30,ATM,2024-07-26,2026-07-10,79,90.0,275,28.364,46.0,25.0,113.0,189.0,0.46154,39.0,-0.85714,False
ORCL,call,mid,Fri-0DTE,12:30,ATM,2024-07-26,2026-07-10,79,100.0,275,26.182,47.5,26.75,116.0,192.5,0.46154,39.0,-0.85714,False
ORCL,call,market,Fri-0DTE,12:30,ATM,2024-07-26,2026-07-10,79,20.0,275,52.727,26.0,12.0,42.0,131.0,0.22872,39.0,-1.0,False
ORCL,call,market,Fri-0DTE,12:30,ATM,2024-07-26,2026-07-10,79,25.0,275,48.727,28.0,16.25,44.0,136.0,0.22872,39.0,-1.0,False
ORCL,call,market,Fri-0DTE,12:30,ATM,2024-07-26,2026-07-10,79,30.0,275,45.818,32.0,18.0,51.0,140.5,0.22872,39.0,-1.0,False
ORCL,call,market,Fri-0DTE,12:30,ATM,2024-07-26,2026-07-10,79,40.0,275,38.909,38.0,20.0,68.5,179.0,0.22872,39.0,-1.0,False
ORCL,call,market,Fri-0DTE,12:30,ATM,2024-07-26,2026-07-10,79,50.0,275,33.818,42.0,24.0,91.0,184.0,0.22872,39.0,-1.0,False
ORCL,call,market,Fri-0DTE,12:30,ATM,2024-07-26,2026-07-10,79,60.0,275,30.909,43.0,25.0,98.0,187.0,0.22872,39.0,-1.0,False
ORCL,call,market,Fri-0DTE,12:30,ATM,2024-07-26,2026-07-10,79,70.0,275,27.636,45.5,25.75,106.0,189.0,0.22872,39.0,-1.0,False
ORCL,call,market,Fri-0DTE,12:30,ATM,2024-07-26,2026-07-10,79,75.0,275,27.273,46.0,29.0,108.0,189.0,0.22872,39.0,-1.0,False
ORCL,call,market,Fri-0DTE,12:30,ATM,2024-07-26,2026-07-10,79,80.0,275,24.727,48.0,28.75,114.0,193.5,0.22872,39.0,-1.0,False
ORCL,call,market,Fri-0DTE,12:30,ATM,2024-07-26,2026-07-10,79,90.0,275,24.0,55.0,32.25,120.25,194.0,0.22872,39.0,-1.0,False
ORCL,call,market,Fri-0DTE,12:30,ATM,2024-07-26,2026-07-10,79,100.0,275,23.273,59.5,33.0,125.75,194.0,0.22872,39.0,-1.0,False
ORCL,call,mid,Fri-0DTE,10:30,OTM1,2024-07-26,2026-07-10,81,20.0,335,67.761,7.0,3.0,20.0,103.0,0.4,19.0,-0.8,False
ORCL,call,mid,Fri-0DTE,10:30,OTM1,2024-07-26,2026-07-10,81,25.0,335,65.075,8.0,3.0,21.0,110.5,0.4,19.0,-0.8,False
ORCL,call,mid,Fri-0DTE,10:30,OTM1,2024-07-26,2026-07-10,81,30.0,335,58.806,12.0,4.0,27.0,120.0,0.4,19.0,-0.8,False
ORCL,call,mid,Fri-0DTE,10:30,OTM1,2024-07-26,2026-07-10,81,40.0,335,50.448,15.0,5.0,31.0,137.0,0.4,19.0,-0.8,False
ORCL,call,mid,Fri-0DTE,10:30,OTM1,2024-07-26,2026-07-10,81,50.0,335,44.179,20.0,6.75,45.25,166.5,0.4,19.0,-0.8,False
ORCL,call,mid,Fri-0DTE,10:30,OTM1,2024-07-26,2026-07-10,81,60.0,335,40.299,23.0,7.5,49.0,168.0,0.4,19.0,-0.8,False
ORCL,call,mid,Fri-0DTE,10:30,OTM1,2024-07-26,2026-07-10,81,70.0,335,37.612,28.0,8.25,75.25,174.5,0.4,19.0,-0.8,False
ORCL,call,mid,Fri-0DTE,10:30,OTM1,2024-07-26,2026-07-10,81,75.0,335,35.522,25.0,8.5,51.5,166.0,0.4,19.0,-0.8,False
ORCL,call,mid,Fri-0DTE,10:30,OTM1,2024-07-26,2026-07-10,81,80.0,335,34.925,28.0,9.0,52.0,164.0,0.4,19.0,-0.8,False
ORCL,call,mid,Fri-0DTE,10:30,OTM1,2024-07-26,2026-07-10,81,90.0,335,32.537,31.0,13.0,62.0,170.0,0.4,19.0,-0.8,False
ORCL,call,mid,Fri-0DTE,10:30,OTM1,2024-07-26,2026-07-10,81,100.0,335,31.045,32.5,16.25,67.0,170.5,0.4,19.0,-0.8,False
ORCL,call,market,Fri-0DTE,10:30,OTM1,2024-07-26,2026-07-10,81,20.0,335,36.716,17.0,7.0,29.5,170.0,-0.06383,16.0,-1.0,False
ORCL,call,market,Fri-0DTE,10:30,OTM1,2024-07-26,2026-07-10,81,25.0,335,35.522,18.0,7.0,30.0,168.0,-0.06383,16.0,-1.0,False
ORCL,call,market,Fri-0DTE,10:30,OTM1,2024-07-26,2026-07-10,81,30.0,335,34.925,19.0,8.0,33.0,169.0,-0.06383,16.0,-1.0,False
ORCL,call,market,Fri-0DTE,10:30,OTM1,2024-07-26,2026-07-10,81,40.0,335,31.045,23.0,9.0,46.0,174.5,-0.06383,16.0,-1.0,False
ORCL,call,market,Fri-0DTE,10:30,OTM1,2024-07-26,2026-07-10,81,50.0,335,29.851,28.0,13.0,55.5,174.0,-0.06383,16.0,-1.0,False
ORCL,call,market,Fri-0DTE,10:30,OTM1,2024-07-26,2026-07-10,81,60.0,335,28.06,32.0,14.5,59.75,174.5,-0.06383,16.0,-1.0,False
ORCL,call,market,Fri-0DTE,10:30,OTM1,2024-07-26,2026-07-10,81,70.0,335,25.97,35.0,17.5,77.0,184.0,-0.06383,16.0,-1.0,False
ORCL,call,market,Fri-0DTE,10:30,OTM1,2024-07-26,2026-07-10,81,75.0,335,24.776,35.0,19.0,81.0,190.0,-0.06383,16.0,-1.0,False
ORCL,call,market,Fri-0DTE,10:30,OTM1,2024-07-26,2026-07-10,81,80.0,335,24.179,37.0,21.0,81.0,187.0,-0.06383,16.0,-1.0,False
ORCL,call,market,Fri-0DTE,10:30,OTM1,2024-07-26,2026-07-10,81,90.0,335,22.388,41.0,23.0,107.0,196.0,-0.06383,16.0,-1.0,False
ORCL,call,market,Fri-0DTE,10:30,OTM1,2024-07-26,2026-07-10,81,100.0,335,21.194,42.0,26.0,139.0,223.0,-0.06383,16.0,-1.0,False
ORCL,call,mid,Fri-0DTE,12:30,OTM1,2024-07-26,2026-07-10,62,20.0,215,62.326,12.5,5.0,33.0,87.0,0.42857,23.0,-0.66667,False
ORCL,call,mid,Fri-0DTE,12:30,OTM1,2024-07-26,2026-07-10,62,25.0,215,60.93,16.0,5.5,35.0,86.0,0.42857,23.0,-0.66667,False
ORCL,call,mid,Fri-0DTE,12:30,OTM1,2024-07-26,2026-07-10,62,30.0,215,57.209,21.0,8.0,39.0,87.0,0.42857,23.0,-0.66667,False
ORCL,call,mid,Fri-0DTE,12:30,OTM1,2024-07-26,2026-07-10,62,40.0,215,53.953,28.5,10.0,49.0,86.0,0.42857,23.0,-0.66667,False
ORCL,call,mid,Fri-0DTE,12:30,OTM1,2024-07-26,2026-07-10,62,50.0,215,48.372,35.5,16.0,56.0,92.0,0.42857,23.0,-0.66667,False
ORCL,call,mid,Fri-0DTE,12:30,OTM1,2024-07-26,2026-07-10,62,60.0,215,42.326,37.0,18.0,58.0,110.0,0.42857,23.0,-0.66667,False
ORCL,call,mid,Fri-0DTE,12:30,OTM1,2024-07-26,2026-07-10,62,70.0,215,39.07,39.5,19.0,65.25,117.5,0.42857,23.0,-0.66667,False
ORCL,call,mid,Fri-0DTE,12:30,OTM1,2024-07-26,2026-07-10,62,75.0,215,38.14,38.0,19.25,69.75,132.5,0.42857,23.0,-0.66667,False
ORCL,call,mid,Fri-0DTE,12:30,OTM1,2024-07-26,2026-07-10,62,80.0,215,36.279,40.0,20.0,71.5,149.5,0.42857,23.0,-0.66667,False
ORCL,call,mid,Fri-0DTE,12:30,OTM1,2024-07-26,2026-07-10,62,90.0,215,35.349,41.0,24.75,77.75,154.5,0.42857,23.0,-0.66667,False
ORCL,call,mid,Fri-0DTE,12:30,OTM1,2024-07-26,2026-07-10,62,100.0,215,34.419,42.0,25.0,76.75,154.5,0.42857,23.0,-0.66667,False
ORCL,call,market,Fri-0DTE,12:30,OTM1,2024-07-26,2026-07-10,62,20.0,215,35.814,32.0,18.0,55.0,132.0,-0.13462,19.0,-1.0,False
ORCL,call,market,Fri-0DTE,12:30,OTM1,2024-07-26,2026-07-10,62,25.0,215,34.884,36.0,24.5,70.0,139.0,-0.13462,19.0,-1.0,False
ORCL,call,market,Fri-0DTE,12:30,OTM1,2024-07-26,2026-07-10,62,30.0,215,34.419,37.5,25.0,81.5,130.5,-0.13462,19.0,-1.0,False
ORCL,call,market,Fri-0DTE,12:30,OTM1,2024-07-26,2026-07-10,62,40.0,215,32.093,44.0,30.0,88.0,145.0,-0.13462,19.0,-1.0,False
ORCL,call,market,Fri-0DTE,12:30,OTM1,2024-07-26,2026-07-10,62,50.0,215,28.372,49.0,32.0,105.0,139.0,-0.13462,19.0,-1.0,False
ORCL,call,market,Fri-0DTE,12:30,OTM1,2024-07-26,2026-07-10,62,60.0,215,25.581,51.0,32.5,116.0,142.0,-0.13462,19.0,-1.0,False
ORCL,call,market,Fri-0DTE,12:30,OTM1,2024-07-26,2026-07-10,62,70.0,215,21.86,53.0,33.0,117.5,149.0,-0.13462,19.0,-1.0,False
ORCL,call,market,Fri-0DTE,12:30,OTM1,2024-07-26,2026-07-10,62,75.0,215,21.395,55.0,34.75,120.75,145.5,-0.13462,19.0,-1.0,False
ORCL,call,market,Fri-0DTE,12:30,OTM1,2024-07-26,2026-07-10,62,80.0,215,20.0,57.0,35.5,125.0,150.0,-0.13462,19.0,-1.0,False
ORCL,call,market,Fri-0DTE,12:30,OTM1,2024-07-26,2026-07-10,62,90.0,215,17.674,57.0,38.0,126.75,150.0,-0.13462,19.0,-1.0,False
ORCL,call,market,Fri-0DTE,12:30,OTM1,2024-07-26,2026-07-10,62,100.0,215,17.209,59.0,37.0,128.0,150.0,-0.13462,19.0,-1.0,False
ORCL,put,mid,Fri-0DTE,15:30,ATM,2024-07-26,2026-07-10,64,20.0,64,57.812,5.0,2.0,11.0,20.0,0.26426,5.0,-0.35942,False
ORCL,put,mid,Fri-0DTE,15:30,ATM,2024-07-26,2026-07-10,64,25.0,64,54.688,5.0,3.0,12.5,20.0,0.26426,5.0,-0.35942,False
ORCL,put,mid,Fri-0DTE,15:30,ATM,2024-07-26,2026-07-10,64,30.0,64,46.875,4.0,3.0,10.75,25.5,0.26426,5.0,-0.35942,False
ORCL,put,mid,Fri-0DTE,15:30,ATM,2024-07-26,2026-07-10,64,40.0,64,37.5,9.5,3.0,14.5,26.5,0.26426,5.0,-0.35942,False
ORCL,put,mid,Fri-0DTE,15:30,ATM,2024-07-26,2026-07-10,64,50.0,64,28.125,10.5,5.0,14.0,27.5,0.26426,5.0,-0.35942,False
ORCL,put,mid,Fri-0DTE,15:30,ATM,2024-07-26,2026-07-10,64,60.0,64,26.562,14.0,7.0,21.0,27.0,0.26426,5.0,-0.35942,False
ORCL,put,mid,Fri-0DTE,15:30,ATM,2024-07-26,2026-07-10,64,70.0,64,23.438,19.0,7.0,22.0,28.0,0.26426,5.0,-0.35942,False
ORCL,put,mid,Fri-0DTE,15:30,ATM,2024-07-26,2026-07-10,64,75.0,64,21.875,17.0,7.0,22.5,28.0,0.26426,5.0,-0.35942,False
ORCL,put,mid,Fri-0DTE,15:30,ATM,2024-07-26,2026-07-10,64,80.0,64,21.875,17.0,7.0,22.5,27.0,0.26426,5.0,-0.35942,False
ORCL,put,mid,Fri-0DTE,15:30,ATM,2024-07-26,2026-07-10,64,90.0,64,17.188,15.0,9.5,21.5,27.0,0.26426,5.0,-0.35942,False
ORCL,put,mid,Fri-0DTE,15:30,ATM,2024-07-26,2026-07-10,64,100.0,64,12.5,14.0,9.5,20.75,27.5,0.26426,5.0,-0.35942,False
ORCL,put,market,Fri-0DTE,15:30,ATM,2024-07-26,2026-07-10,64,20.0,64,40.625,10.5,3.25,16.0,23.5,0.05623,5.0,-0.83759,False
ORCL,put,market,Fri-0DTE,15:30,ATM,2024-07-26,2026-07-10,64,25.0,64,25.0,10.5,4.0,14.25,27.0,0.05623,5.0,-0.83759,False
ORCL,put,market,Fri-0DTE,15:30,ATM,2024-07-26,2026-07-10,64,30.0,64,25.0,11.0,4.0,14.25,27.0,0.05623,5.0,-0.83759,False
ORCL,put,market,Fri-0DTE,15:30,ATM,2024-07-26,2026-07-10,64,40.0,64,23.438,13.0,5.0,20.5,27.0,0.05623,5.0,-0.83759,False
ORCL,put,market,Fri-0DTE,15:30,ATM,2024-07-26,2026-07-10,64,50.0,64,20.312,17.0,7.0,20.0,27.0,0.05623,5.0,-0.83759,False
ORCL,put,market,Fri-0DTE,15:30,ATM,2024-07-26,2026-07-10,64,60.0,64,17.188,13.0,7.0,21.5,28.0,0.05623,5.0,-0.83759,False
ORCL,put,market,Fri-0DTE,15:30,ATM,2024-07-26,2026-07-10,64,70.0,64,17.188,13.0,7.0,21.5,27.0,0.05623,5.0,-0.83759,False
ORCL,put,market,Fri-0DTE,15:30,ATM,2024-07-26,2026-07-10,64,75.0,64,17.188,13.0,8.5,21.5,24.0,0.05623,5.0,-0.83759,False
ORCL,put,market,Fri-0DTE,15:30,ATM,2024-07-26,2026-07-10,64,80.0,64,15.625,16.5,9.25,22.25,25.5,0.05623,5.0,-0.83759,False
ORCL,put,market,Fri-0DTE,15:30,ATM,2024-07-26,2026-07-10,64,90.0,64,10.938,20.0,11.5,21.5,27.0,0.05623,5.0,-0.83759,False
ORCL,put,market,Fri-0DTE,15:30,ATM,2024-07-26,2026-07-10,64,100.0,64,9.375,16.5,10.75,20.0,28.0,0.05623,5.0,-0.83759,False
ORCL,call,mid,Fri-0DTE,11:30,ATM,2024-08-02,2026-07-10,87,20.0,329,68.389,14.0,6.0,35.0,154.0,0.48333,38.0,-0.90789,False
ORCL,call,mid,Fri-0DTE,11:30,ATM,2024-08-02,2026-07-10,87,25.0,329,64.742,17.0,7.0,40.0,160.0,0.48333,38.0,-0.90789,False
ORCL,call,mid,Fri-0DTE,11:30,ATM,2024-08-02,2026-07-10,87,30.0,329,59.574,20.0,10.0,48.75,164.0,0.48333,38.0,-0.90789,False
ORCL,call,mid,Fri-0DTE,11:30,ATM,2024-08-02,2026-07-10,87,40.0,329,53.495,25.0,11.0,74.25,180.0,0.48333,38.0,-0.90789,False
ORCL,call,mid,Fri-0DTE,11:30,ATM,2024-08-02,2026-07-10,87,50.0,329,48.936,34.0,16.0,84.0,178.0,0.48333,38.0,-0.90789,False
ORCL,call,mid,Fri-0DTE,11:30,ATM,2024-08-02,2026-07-10,87,60.0,329,44.681,38.0,21.0,96.0,191.0,0.48333,38.0,-0.90789,False
ORCL,call,mid,Fri-0DTE,11:30,ATM,2024-08-02,2026-07-10,87,70.0,329,39.818,48.0,25.5,102.5,193.0,0.48333,38.0,-0.90789,False
ORCL,call,mid,Fri-0DTE,11:30,ATM,2024-08-02,2026-07-10,87,75.0,329,37.386,48.0,26.5,101.0,197.0,0.48333,38.0,-0.90789,False
ORCL,call,mid,Fri-0DTE,11:30,ATM,2024-08-02,2026-07-10,87,80.0,329,35.866,49.5,29.0,99.25,199.5,0.48333,38.0,-0.90789,False
ORCL,call,mid,Fri-0DTE,11:30,ATM,2024-08-02,2026-07-10,87,90.0,329,32.523,58.0,35.5,101.5,196.0,0.48333,38.0,-0.90789,False
ORCL,call,mid,Fri-0DTE,11:30,ATM,2024-08-02,2026-07-10,87,100.0,329,29.483,72.0,35.0,106.0,197.0,0.48333,38.0,-0.90789,False
ORCL,call,market,Fri-0DTE,11:30,ATM,2024-08-02,2026-07-10,87,20.0,329,53.799,22.0,11.0,62.0,174.0,0.29231,37.0,-1.0,False
ORCL,call,market,Fri-0DTE,11:30,ATM,2024-08-02,2026-07-10,87,25.0,329,51.672,24.5,12.0,68.0,177.5,0.29231,37.0,-1.0,False
ORCL,call,market,Fri-0DTE,11:30,ATM,2024-08-02,2026-07-10,87,30.0,329,49.544,28.0,13.0,76.5,182.0,0.29231,37.0,-1.0,False
ORCL,call,market,Fri-0DTE,11:30,ATM,2024-08-02,2026-07-10,87,40.0,329,43.465,36.0,18.0,95.0,186.0,0.29231,37.0,-1.0,False
ORCL,call,market,Fri-0DTE,11:30,ATM,2024-08-02,2026-07-10,87,50.0,329,39.514,43.0,25.25,100.75,209.5,0.29231,37.0,-1.0,False
ORCL,call,market,Fri-0DTE,11:30,ATM,2024-08-02,2026-07-10,87,60.0,329,35.866,53.5,30.25,107.0,220.0,0.29231,37.0,-1.0,False
ORCL,call,market,Fri-0DTE,11:30,ATM,2024-08-02,2026-07-10,87,70.0,329,31.307,59.0,37.5,104.5,232.0,0.29231,37.0,-1.0,False
ORCL,call,market,Fri-0DTE,11:30,ATM,2024-08-02,2026-07-10,87,75.0,329,27.964,63.5,41.0,104.25,234.5,0.29231,37.0,-1.0,False
ORCL,call,market,Fri-0DTE,11:30,ATM,2024-08-02,2026-07-10,87,80.0,329,27.66,72.0,42.5,104.0,233.0,0.29231,37.0,-1.0,False
ORCL,call,market,Fri-0DTE,11:30,ATM,2024-08-02,2026-07-10,87,90.0,329,25.228,85.0,51.5,151.5,243.0,0.29231,37.0,-1.0,False
ORCL,call,market,Fri-0DTE,11:30,ATM,2024-08-02,2026-07-10,87,100.0,329,24.012,90.0,60.0,143.5,240.0,0.29231,37.0,-1.0,False
ORCL,call,mid,Fri-0DTE,10:00,OTM2+,2024-08-02,2026-07-10,75,20.0,718,61.978,11.0,4.0,44.0,84.0,0.32917,14.0,-0.5,False
ORCL,call,mid,Fri-0DTE,10:00,OTM2+,2024-08-02,2026-07-10,75,25.0,718,59.471,12.0,4.0,45.5,89.0,0.32917,14.0,-0.5,False
ORCL,call,mid,Fri-0DTE,10:00,OTM2+,2024-08-02,2026-07-10,75,30.0,718,51.393,15.0,6.0,48.0,91.0,0.32917,14.0,-0.5,False
ORCL,call,mid,Fri-0DTE,10:00,OTM2+,2024-08-02,2026-07-10,75,40.0,718,42.758,20.0,8.0,56.5,76.0,0.32917,14.0,-0.5,False
ORCL,call,mid,Fri-0DTE,10:00,OTM2+,2024-08-02,2026-07-10,75,50.0,718,33.565,22.0,10.0,55.0,76.0,0.32917,14.0,-0.5,False
ORCL,call,mid,Fri-0DTE,10:00,OTM2+,2024-08-02,2026-07-10,75,60.0,718,29.387,27.0,12.5,65.5,82.0,0.32917,14.0,-0.5,False
ORCL,call,mid,Fri-0DTE,10:00,OTM2+,2024-08-02,2026-07-10,75,70.0,718,27.994,30.0,13.0,68.0,81.0,0.32917,14.0,-0.5,False
ORCL,call,mid,Fri-0DTE,10:00,OTM2+,2024-08-02,2026-07-10,75,75.0,718,26.323,32.0,15.0,65.0,81.0,0.32917,14.0,-0.5,False
ORCL,call,mid,Fri-0DTE,10:00,OTM2+,2024-08-02,2026-07-10,75,80.0,718,24.791,34.5,15.0,67.25,83.0,0.32917,14.0,-0.5,False
ORCL,call,mid,Fri-0DTE,10:00,OTM2+,2024-08-02,2026-07-10,75,90.0,718,22.981,37.0,16.0,76.0,86.0,0.32917,14.0,-0.5,False
ORCL,call,mid,Fri-0DTE,10:00,OTM2+,2024-08-02,2026-07-10,75,100.0,718,22.145,37.0,16.0,80.5,86.0,0.32917,14.0,-0.5,False
ORCL,call,market,Fri-0DTE,10:00,OTM2+,2024-08-02,2026-07-10,75,20.0,718,17.967,22.0,10.0,46.0,83.0,-0.5,2.0,-1.0,False
ORCL,call,market,Fri-0DTE,10:00,OTM2+,2024-08-02,2026-07-10,75,25.0,718,17.27,23.5,10.75,47.25,85.0,-0.5,2.0,-1.0,False
ORCL,call,market,Fri-0DTE,10:00,OTM2+,2024-08-02,2026-07-10,75,30.0,718,16.295,24.0,12.0,47.0,82.0,-0.5,2.0,-1.0,False
ORCL,call,market,Fri-0DTE,10:00,OTM2+,2024-08-02,2026-07-10,75,40.0,718,15.042,27.5,14.0,53.5,85.0,-0.5,2.0,-1.0,False
ORCL,call,market,Fri-0DTE,10:00,OTM2+,2024-08-02,2026-07-10,75,50.0,718,13.51,27.0,15.0,52.0,83.0,-0.5,2.0,-1.0,False
ORCL,call,market,Fri-0DTE,10:00,OTM2+,2024-08-02,2026-07-10,75,60.0,718,12.256,31.5,16.75,60.25,87.5,-0.5,2.0,-1.0,False
ORCL,call,market,Fri-0DTE,10:00,OTM2+,2024-08-02,2026-07-10,75,70.0,718,11.699,33.0,17.0,62.0,89.5,-0.5,2.0,-1.0,False
ORCL,call,market,Fri-0DTE,10:00,OTM2+,2024-08-02,2026-07-10,75,75.0,718,11.003,38.0,19.5,60.5,178.0,-0.5,2.0,-1.0,False
ORCL,call,market,Fri-0DTE,10:00,OTM2+,2024-08-02,2026-07-10,75,80.0,718,10.446,39.0,19.5,63.5,314.0,-0.5,2.0,-1.0,False
ORCL,call,market,Fri-0DTE,10:00,OTM2+,2024-08-02,2026-07-10,75,90.0,718,9.889,40.0,21.5,62.0,299.0,-0.5,2.0,-1.0,False
ORCL,call,market,Fri-0DTE,10:00,OTM2+,2024-08-02,2026-07-10,75,100.0,718,9.61,40.0,24.0,63.0,314.0,-0.5,2.0,-1.0,False
ORCL,call,mid,Fri-0DTE,11:30,OTM1,2024-08-02,2026-07-10,75,20.0,265,68.679,11.0,4.0,30.75,71.5,0.4693,17.0,-0.7,False
ORCL,call,mid,Fri-0DTE,11:30,OTM1,2024-08-02,2026-07-10,75,25.0,265,64.528,12.0,5.0,34.0,79.0,0.4693,17.0,-0.7,False
ORCL,call,mid,Fri-0DTE,11:30,OTM1,2024-08-02,2026-07-10,75,30.0,265,60.377,15.0,6.0,48.0,86.0,0.4693,17.0,-0.7,False
ORCL,call,mid,Fri-0DTE,11:30,OTM1,2024-08-02,2026-07-10,75,40.0,265,54.34,20.0,9.75,61.25,102.5,0.4693,17.0,-0.7,False
ORCL,call,mid,Fri-0DTE,11:30,OTM1,2024-08-02,2026-07-10,75,50.0,265,48.302,27.0,11.0,74.5,114.5,0.4693,17.0,-0.7,False
ORCL,call,mid,Fri-0DTE,11:30,OTM1,2024-08-02,2026-07-10,75,60.0,265,42.264,31.5,13.0,80.25,117.0,0.4693,17.0,-0.7,False
ORCL,call,mid,Fri-0DTE,11:30,OTM1,2024-08-02,2026-07-10,75,70.0,265,39.623,44.0,20.0,91.0,118.0,0.4693,17.0,-0.7,False
ORCL,call,mid,Fri-0DTE,11:30,OTM1,2024-08-02,2026-07-10,75,75.0,265,36.604,49.0,21.0,97.0,119.0,0.4693,17.0,-0.7,False
ORCL,call,mid,Fri-0DTE,11:30,OTM1,2024-08-02,2026-07-10,75,80.0,265,35.472,51.0,22.0,97.0,117.5,0.4693,17.0,-0.7,False
ORCL,call,mid,Fri-0DTE,11:30,OTM1,2024-08-02,2026-07-10,75,90.0,265,31.698,60.5,25.75,102.0,134.0,0.4693,17.0,-0.7,False
ORCL,call,mid,Fri-0DTE,11:30,OTM1,2024-08-02,2026-07-10,75,100.0,265,31.698,65.5,25.75,102.5,133.5,0.4693,17.0,-0.7,False
ORCL,call,market,Fri-0DTE,11:30,OTM1,2024-08-02,2026-07-10,75,20.0,265,27.925,15.0,7.0,40.0,168.0,-0.15385,15.0,-1.0,False
ORCL,call,market,Fri-0DTE,11:30,OTM1,2024-08-02,2026-07-10,75,25.0,265,27.17,18.5,8.5,48.75,168.0,-0.15385,15.0,-1.0,False
ORCL,call,market,Fri-0DTE,11:30,OTM1,2024-08-02,2026-07-10,75,30.0,265,25.283,25.0,11.0,86.5,171.0,-0.15385,15.0,-1.0,False
ORCL,call,market,Fri-0DTE,11:30,OTM1,2024-08-02,2026-07-10,75,40.0,265,23.396,31.5,15.25,101.0,168.0,-0.15385,15.0,-1.0,False
ORCL,call,market,Fri-0DTE,11:30,OTM1,2024-08-02,2026-07-10,75,50.0,265,22.642,43.0,15.75,103.25,171.5,-0.15385,15.0,-1.0,False
ORCL,call,market,Fri-0DTE,11:30,OTM1,2024-08-02,2026-07-10,75,60.0,265,20.377,87.0,23.25,120.75,179.5,-0.15385,15.0,-1.0,False
ORCL,call,market,Fri-0DTE,11:30,OTM1,2024-08-02,2026-07-10,75,70.0,265,19.245,93.0,44.0,132.0,185.0,-0.15385,15.0,-1.0,False
ORCL,call,market,Fri-0DTE,11:30,OTM1,2024-08-02,2026-07-10,75,75.0,265,17.736,98.0,54.5,132.0,195.0,-0.15385,15.0,-1.0,False
ORCL,call,market,Fri-0DTE,11:30,OTM1,2024-08-02,2026-07-10,75,80.0,265,16.981,99.0,58.0,122.0,200.0,-0.15385,15.0,-1.0,False
ORCL,call,market,Fri-0DTE,11:30,OTM1,2024-08-02,2026-07-10,75,90.0,265,15.849,103.0,61.5,156.0,202.5,-0.15385,15.0,-1.0,False
ORCL,call,market,Fri-0DTE,11:30,OTM1,2024-08-02,2026-07-10,75,100.0,265,14.717,109.0,71.5,170.0,210.0,-0.15385,15.0,-1.0,False
ORCL,call,mid,Fri-0DTE,09:30,OTM2+,2024-08-02,2026-07-10,76,20.0,746,58.981,8.5,2.0,43.25,91.0,0.28571,9.0,-0.5,False
ORCL,call,mid,Fri-0DTE,09:30,OTM2+,2024-08-02,2026-07-10,76,25.0,746,57.775,11.0,2.5,43.5,92.0,0.28571,9.0,-0.5,False
ORCL,call,mid,Fri-0DTE,09:30,OTM2+,2024-08-02,2026-07-10,76,30.0,746,49.062,11.5,3.0,45.75,95.0,0.28571,9.0,-0.5,False
ORCL,call,mid,Fri-0DTE,09:30,OTM2+,2024-08-02,2026-07-10,76,40.0,746,40.349,18.0,4.0,75.0,95.0,0.28571,9.0,-0.5,False
ORCL,call,mid,Fri-0DTE,09:30,OTM2+,2024-08-02,2026-07-10,76,50.0,746,32.708,20.0,5.0,69.25,94.0,0.28571,9.0,-0.5,False
ORCL,call,mid,Fri-0DTE,09:30,OTM2+,2024-08-02,2026-07-10,76,60.0,746,28.686,27.0,7.0,80.25,104.5,0.28571,9.0,-0.5,False
ORCL,call,mid,Fri-0DTE,09:30,OTM2+,2024-08-02,2026-07-10,76,70.0,746,26.944,29.0,8.0,81.0,104.0,0.28571,9.0,-0.5,False
ORCL,call,mid,Fri-0DTE,09:30,OTM2+,2024-08-02,2026-07-10,76,75.0,746,26.408,30.0,9.0,85.0,105.0,0.28571,9.0,-0.5,False
ORCL,call,mid,Fri-0DTE,09:30,OTM2+,2024-08-02,2026-07-10,76,80.0,746,24.263,32.0,10.0,89.0,119.0,0.28571,9.0,-0.5,False
ORCL,call,mid,Fri-0DTE,09:30,OTM2+,2024-08-02,2026-07-10,76,90.0,746,23.19,39.0,11.0,91.0,129.0,0.28571,9.0,-0.5,False
ORCL,call,mid,Fri-0DTE,09:30,OTM2+,2024-08-02,2026-07-10,76,100.0,746,22.118,44.0,11.0,91.0,131.0,0.28571,9.0,-0.5,False
ORCL,call,market,Fri-0DTE,09:30,OTM2+,2024-08-02,2026-07-10,76,20.0,746,16.488,11.0,3.0,45.0,96.0,-0.47494,1.0,-1.0,False
ORCL,call,market,Fri-0DTE,09:30,OTM2+,2024-08-02,2026-07-10,76,25.0,746,15.684,13.0,4.0,52.0,99.0,-0.47494,1.0,-1.0,False
ORCL,call,market,Fri-0DTE,09:30,OTM2+,2024-08-02,2026-07-10,76,30.0,746,15.013,17.5,5.75,53.25,102.5,-0.47494,1.0,-1.0,False
ORCL,call,market,Fri-0DTE,09:30,OTM2+,2024-08-02,2026-07-10,76,40.0,746,13.137,19.5,7.0,56.75,116.0,-0.47494,1.0,-1.0,False
ORCL,call,market,Fri-0DTE,09:30,OTM2+,2024-08-02,2026-07-10,76,50.0,746,12.869,20.0,8.0,60.0,113.0,-0.47494,1.0,-1.0,False
ORCL,call,market,Fri-0DTE,09:30,OTM2+,2024-08-02,2026-07-10,76,60.0,746,11.93,20.0,9.0,62.0,122.0,-0.47494,1.0,-1.0,False
ORCL,call,market,Fri-0DTE,09:30,OTM2+,2024-08-02,2026-07-10,76,70.0,746,11.26,27.5,11.0,59.25,131.0,-0.47494,1.0,-1.0,False
ORCL,call,market,Fri-0DTE,09:30,OTM2+,2024-08-02,2026-07-10,76,75.0,746,11.26,34.5,12.75,62.75,125.0,-0.47494,1.0,-1.0,False
ORCL,call,market,Fri-0DTE,09:30,OTM2+,2024-08-02,2026-07-10,76,80.0,746,10.322,37.0,14.0,62.0,160.0,-0.47494,1.0,-1.0,False
ORCL,call,market,Fri-0DTE,09:30,OTM2+,2024-08-02,2026-07-10,76,90.0,746,9.92,40.5,17.25,61.0,149.0,-0.47494,1.0,-1.0,False
ORCL,call,market,Fri-0DTE,09:30,OTM2+,2024-08-02,2026-07-10,76,100.0,746,9.651,43.5,20.0,65.0,159.0,-0.47494,1.0,-1.0,False
ORCL,call,mid,Fri-0DTE,13:00,OTM2+,2024-08-02,2026-07-10,57,20.0,329,51.368,16.0,5.0,50.0,84.0,0.25,17.0,-0.25,False
ORCL,call,mid,Fri-0DTE,13:00,OTM2+,2024-08-02,2026-07-10,57,25.0,329,51.368,19.0,5.0,52.0,84.0,0.25,17.0,-0.25,False
ORCL,call,mid,Fri-0DTE,13:00,OTM2+,2024-08-02,2026-07-10,57,30.0,329,44.377,23.5,6.0,56.0,83.5,0.25,17.0,-0.25,False
ORCL,call,mid,Fri-0DTE,13:00,OTM2+,2024-08-02,2026-07-10,57,40.0,329,37.69,30.5,7.75,65.0,78.5,0.25,17.0,-0.25,False
ORCL,call,mid,Fri-0DTE,13:00,OTM2+,2024-08-02,2026-07-10,57,50.0,329,29.179,30.0,7.0,56.5,73.0,0.25,17.0,-0.25,False
ORCL,call,mid,Fri-0DTE,13:00,OTM2+,2024-08-02,2026-07-10,57,60.0,329,28.267,34.0,11.0,58.0,71.0,0.25,17.0,-0.25,False
ORCL,call,mid,Fri-0DTE,13:00,OTM2+,2024-08-02,2026-07-10,57,70.0,329,27.964,37.0,14.5,61.5,69.0,0.25,17.0,-0.25,False
ORCL,call,mid,Fri-0DTE,13:00,OTM2+,2024-08-02,2026-07-10,57,75.0,329,26.444,34.0,14.5,62.0,66.0,0.25,17.0,-0.25,False
ORCL,call,mid,Fri-0DTE,13:00,OTM2+,2024-08-02,2026-07-10,57,80.0,329,25.532,36.0,16.5,68.25,66.0,0.25,17.0,-0.25,False
ORCL,call,mid,Fri-0DTE,13:00,OTM2+,2024-08-02,2026-07-10,57,90.0,329,24.316,35.0,16.5,70.5,62.5,0.25,17.0,-0.25,False
ORCL,call,mid,Fri-0DTE,13:00,OTM2+,2024-08-02,2026-07-10,57,100.0,329,23.1,35.0,18.0,70.5,57.0,0.25,17.0,-0.25,False
ORCL,call,market,Fri-0DTE,13:00,OTM2+,2024-08-02,2026-07-10,57,20.0,329,17.933,35.0,17.5,70.5,71.0,-1.0,0.0,-1.0,False
ORCL,call,market,Fri-0DTE,13:00,OTM2+,2024-08-02,2026-07-10,57,25.0,329,17.629,35.5,20.0,72.25,72.0,-1.0,0.0,-1.0,False
ORCL,call,market,Fri-0DTE,13:00,OTM2+,2024-08-02,2026-07-10,57,30.0,329,17.021,37.5,20.75,65.5,67.5,-1.0,0.0,-1.0,False
ORCL,call,market,Fri-0DTE,13:00,OTM2+,2024-08-02,2026-07-10,57,40.0,329,15.198,35.0,20.5,55.5,63.5,-1.0,0.0,-1.0,False
ORCL,call,market,Fri-0DTE,13:00,OTM2+,2024-08-02,2026-07-10,57,50.0,329,14.59,39.5,22.0,64.0,62.0,-1.0,0.0,-1.0,False
ORCL,call,market,Fri-0DTE,13:00,OTM2+,2024-08-02,2026-07-10,57,60.0,329,13.982,40.5,22.75,64.0,57.5,-1.0,0.0,-1.0,False
ORCL,call,market,Fri-0DTE,13:00,OTM2+,2024-08-02,2026-07-10,57,70.0,329,13.07,39.0,23.5,58.0,54.0,-1.0,0.0,-1.0,False
ORCL,call,market,Fri-0DTE,13:00,OTM2+,2024-08-02,2026-07-10,57,75.0,329,12.462,40.0,24.0,58.0,54.0,-1.0,0.0,-1.0,False
ORCL,call,market,Fri-0DTE,13:00,OTM2+,2024-08-02,2026-07-10,57,80.0,329,12.158,39.0,24.5,54.25,53.5,-1.0,0.0,-1.0,False
ORCL,call,market,Fri-0DTE,13:00,OTM2+,2024-08-02,2026-07-10,57,90.0,329,11.246,41.0,25.0,59.0,56.0,-1.0,0.0,-1.0,False
ORCL,call,market,Fri-0DTE,13:00,OTM2+,2024-08-02,2026-07-10,57,100.0,329,10.942,42.0,25.0,62.5,55.5,-1.0,0.0,-1.0,False
ORCL,put,mid,Fri-0DTE,10:00,OTM1,2024-08-02,2026-07-10,83,20.0,306,65.359,8.0,3.0,25.25,136.5,0.51047,22.0,-0.8125,False
ORCL,put,mid,Fri-0DTE,10:00,OTM1,2024-08-02,2026-07-10,83,25.0,306,64.706,9.0,3.0,28.0,136.5,0.51047,22.0,-0.8125,False
ORCL,put,mid,Fri-0DTE,10:00,OTM1,2024-08-02,2026-07-10,83,30.0,306,62.092,10.0,4.0,30.75,148.0,0.51047,22.0,-0.8125,False
ORCL,put,mid,Fri-0DTE,10:00,OTM1,2024-08-02,2026-07-10,83,40.0,306,56.536,15.0,6.0,36.0,156.0,0.51047,22.0,-0.8125,False
ORCL,put,mid,Fri-0DTE,10:00,OTM1,2024-08-02,2026-07-10,83,50.0,306,50.98,17.0,6.0,38.25,166.5,0.51047,22.0,-0.8125,False
ORCL,put,mid,Fri-0DTE,10:00,OTM1,2024-08-02,2026-07-10,83,60.0,306,45.752,21.0,9.0,53.25,189.0,0.51047,22.0,-0.8125,False
ORCL,put,mid,Fri-0DTE,10:00,OTM1,2024-08-02,2026-07-10,83,70.0,306,43.137,23.5,10.5,61.75,192.5,0.51047,22.0,-0.8125,False
ORCL,put,mid,Fri-0DTE,10:00,OTM1,2024-08-02,2026-07-10,83,75.0,306,40.523,24.5,10.75,61.0,228.0,0.51047,22.0,-0.8125,False
ORCL,put,mid,Fri-0DTE,10:00,OTM1,2024-08-02,2026-07-10,83,80.0,306,38.562,25.0,11.25,57.5,210.5,0.51047,22.0,-0.8125,False
ORCL,put,mid,Fri-0DTE,10:00,OTM1,2024-08-02,2026-07-10,83,90.0,306,36.275,31.0,13.0,68.0,232.0,0.51047,22.0,-0.8125,False
ORCL,put,mid,Fri-0DTE,10:00,OTM1,2024-08-02,2026-07-10,83,100.0,306,35.948,33.0,14.25,71.75,229.0,0.51047,22.0,-0.8125,False
ORCL,put,market,Fri-0DTE,10:00,OTM1,2024-08-02,2026-07-10,83,20.0,306,41.503,19.0,6.5,37.0,235.0,0.0,19.5,-1.0,False
ORCL,put,market,Fri-0DTE,10:00,OTM1,2024-08-02,2026-07-10,83,25.0,306,39.869,19.0,7.0,41.75,240.0,0.0,19.5,-1.0,False
ORCL,put,market,Fri-0DTE,10:00,OTM1,2024-08-02,2026-07-10,83,30.0,306,38.562,21.0,9.0,45.75,251.5,0.0,19.5,-1.0,False
ORCL,put,market,Fri-0DTE,10:00,OTM1,2024-08-02,2026-07-10,83,40.0,306,34.314,25.0,10.0,54.0,308.0,0.0,19.5,-1.0,False
ORCL,put,market,Fri-0DTE,10:00,OTM1,2024-08-02,2026-07-10,83,50.0,306,32.68,26.5,13.0,82.5,310.0,0.0,19.5,-1.0,False
ORCL,put,market,Fri-0DTE,10:00,OTM1,2024-08-02,2026-07-10,83,60.0,306,31.699,28.0,15.0,86.0,299.0,0.0,19.5,-1.0,False
ORCL,put,market,Fri-0DTE,10:00,OTM1,2024-08-02,2026-07-10,83,70.0,306,31.046,34.0,17.0,99.0,270.0,0.0,19.5,-1.0,False
ORCL,put,market,Fri-0DTE,10:00,OTM1,2024-08-02,2026-07-10,83,75.0,306,30.392,41.0,20.0,103.0,287.0,0.0,19.5,-1.0,False
ORCL,put,market,Fri-0DTE,10:00,OTM1,2024-08-02,2026-07-10,83,80.0,306,29.412,44.5,21.0,102.0,288.5,0.0,19.5,-1.0,False
ORCL,put,market,Fri-0DTE,10:00,OTM1,2024-08-02,2026-07-10,83,90.0,306,26.797,49.5,21.0,117.25,295.5,0.0,19.5,-1.0,False
ORCL,put,market,Fri-0DTE,10:00,OTM1,2024-08-02,2026-07-10,83,100.0,306,25.163,54.0,27.0,131.0,298.0,0.0,19.5,-1.0,False
ORCL,put,mid,Fri-0DTE,10:30,OTM1,2024-08-02,2026-07-10,75,20.0,258,73.256,9.0,3.0,23.0,158.0,0.6,24.0,-0.72727,False
ORCL,put,mid,Fri-0DTE,10:30,OTM1,2024-08-02,2026-07-10,75,25.0,258,71.705,10.0,4.0,25.0,162.0,0.6,24.0,-0.72727,False
ORCL,put,mid,Fri-0DTE,10:30,OTM1,2024-08-02,2026-07-10,75,30.0,258,67.442,11.0,4.0,30.75,164.5,0.6,24.0,-0.72727,False
ORCL,put,mid,Fri-0DTE,10:30,OTM1,2024-08-02,2026-07-10,75,40.0,258,60.853,16.0,6.0,39.0,168.0,0.6,24.0,-0.72727,False
ORCL,put,mid,Fri-0DTE,10:30,OTM1,2024-08-02,2026-07-10,75,50.0,258,54.264,21.5,10.0,50.25,209.5,0.6,24.0,-0.72727,False
ORCL,put,mid,Fri-0DTE,10:30,OTM1,2024-08-02,2026-07-10,75,60.0,258,49.225,24.0,12.5,53.5,228.0,0.6,24.0,-0.72727,False
ORCL,put,mid,Fri-0DTE,10:30,OTM1,2024-08-02,2026-07-10,75,70.0,258,45.349,26.0,14.0,62.0,233.0,0.6,24.0,-0.72727,False
ORCL,put,mid,Fri-0DTE,10:30,OTM1,2024-08-02,2026-07-10,75,75.0,258,44.574,28.0,15.0,66.0,232.0,0.6,24.0,-0.72727,False
ORCL,put,mid,Fri-0DTE,10:30,OTM1,2024-08-02,2026-07-10,75,80.0,258,43.411,30.0,16.0,69.0,238.5,0.6,24.0,-0.72727,False
ORCL,put,mid,Fri-0DTE,10:30,OTM1,2024-08-02,2026-07-10,75,90.0,258,41.473,34.0,18.5,75.5,249.0,0.6,24.0,-0.72727,False
ORCL,put,mid,Fri-0DTE,10:30,OTM1,2024-08-02,2026-07-10,75,100.0,258,40.698,39.0,22.0,77.0,228.0,0.6,24.0,-0.72727,False
ORCL,put,market,Fri-0DTE,10:30,OTM1,2024-08-02,2026-07-10,75,20.0,258,46.124,23.0,11.0,61.5,262.0,0.08545,23.0,-1.0,False
ORCL,put,market,Fri-0DTE,10:30,OTM1,2024-08-02,2026-07-10,75,25.0,258,44.186,25.0,11.0,64.5,275.5,0.08545,23.0,-1.0,False
ORCL,put,market,Fri-0DTE,10:30,OTM1,2024-08-02,2026-07-10,75,30.0,258,42.248,26.0,12.0,67.0,299.0,0.08545,23.0,-1.0,False
ORCL,put,market,Fri-0DTE,10:30,OTM1,2024-08-02,2026-07-10,75,40.0,258,39.922,29.0,15.0,68.0,304.0,0.08545,23.0,-1.0,False
ORCL,put,market,Fri-0DTE,10:30,OTM1,2024-08-02,2026-07-10,75,50.0,258,37.597,32.0,16.0,74.0,304.0,0.08545,23.0,-1.0,False
ORCL,put,market,Fri-0DTE,10:30,OTM1,2024-08-02,2026-07-10,75,60.0,258,35.271,34.0,19.5,106.5,304.0,0.08545,23.0,-1.0,False
ORCL,put,market,Fri-0DTE,10:30,OTM1,2024-08-02,2026-07-10,75,70.0,258,34.109,35.0,22.0,110.25,303.5,0.08545,23.0,-1.0,False
ORCL,put,market,Fri-0DTE,10:30,OTM1,2024-08-02,2026-07-10,75,75.0,258,33.333,36.0,23.25,124.5,304.0,0.08545,23.0,-1.0,False
ORCL,put,market,Fri-0DTE,10:30,OTM1,2024-08-02,2026-07-10,75,80.0,258,33.333,38.5,25.0,136.25,304.0,0.08545,23.0,-1.0,False
ORCL,put,market,Fri-0DTE,10:30,OTM1,2024-08-02,2026-07-10,75,90.0,258,32.558,45.0,27.0,144.25,304.0,0.08545,23.0,-1.0,False
ORCL,put,market,Fri-0DTE,10:30,OTM1,2024-08-02,2026-07-10,75,100.0,258,31.783,51.5,30.0,146.75,304.0,0.08545,23.0,-1.0,False
ORCL,put,mid,Fri-0DTE,14:30,OTM1,2024-08-02,2026-06-12,50,20.0,112,58.036,13.0,5.0,25.0,37.0,0.29286,12.0,-0.33333,False
ORCL,put,mid,Fri-0DTE,14:30,OTM1,2024-08-02,2026-06-12,50,25.0,112,58.036,13.0,5.0,26.0,37.0,0.29286,12.0,-0.33333,False
ORCL,put,mid,Fri-0DTE,14:30,OTM1,2024-08-02,2026-06-12,50,30.0,112,50.0,13.0,5.0,25.25,36.0,0.29286,12.0,-0.33333,False
ORCL,put,mid,Fri-0DTE,14:30,OTM1,2024-08-02,2026-06-12,50,40.0,112,40.179,15.0,9.0,29.0,37.0,0.29286,12.0,-0.33333,False
ORCL,put,mid,Fri-0DTE,14:30,OTM1,2024-08-02,2026-06-12,50,50.0,112,33.929,16.5,8.25,32.75,39.0,0.29286,12.0,-0.33333,False
ORCL,put,mid,Fri-0DTE,14:30,OTM1,2024-08-02,2026-06-12,50,60.0,112,25.0,19.5,11.0,34.0,62.0,0.29286,12.0,-0.33333,False
ORCL,put,mid,Fri-0DTE,14:30,OTM1,2024-08-02,2026-06-12,50,70.0,112,21.429,19.5,10.0,33.25,62.0,0.29286,12.0,-0.33333,False
ORCL,put,mid,Fri-0DTE,14:30,OTM1,2024-08-02,2026-06-12,50,75.0,112,19.643,20.5,8.0,33.75,64.0,0.29286,12.0,-0.33333,False
ORCL,put,mid,Fri-0DTE,14:30,OTM1,2024-08-02,2026-06-12,50,80.0,112,18.75,21.0,11.0,34.0,64.0,0.29286,12.0,-0.33333,False
ORCL,put,mid,Fri-0DTE,14:30,OTM1,2024-08-02,2026-06-12,50,90.0,112,18.75,21.0,11.0,34.0,64.0,0.29286,12.0,-0.33333,False
ORCL,put,mid,Fri-0DTE,14:30,OTM1,2024-08-02,2026-06-12,50,100.0,112,16.071,22.5,19.5,33.75,66.0,0.29286,12.0,-0.33333,False
ORCL,put,market,Fri-0DTE,14:30,OTM1,2024-08-02,2026-06-12,50,20.0,112,15.179,30.0,11.0,46.0,62.0,-0.80909,1.5,-1.0,False
ORCL,put,market,Fri-0DTE,14:30,OTM1,2024-08-02,2026-06-12,50,25.0,112,15.179,30.0,11.0,46.0,62.0,-0.80909,1.5,-1.0,False
ORCL,put,market,Fri-0DTE,14:30,OTM1,2024-08-02,2026-06-12,50,30.0,112,15.179,30.0,12.0,46.0,60.0,-0.80909,1.5,-1.0,False
ORCL,put,market,Fri-0DTE,14:30,OTM1,2024-08-02,2026-06-12,50,40.0,112,15.179,30.0,19.0,48.0,60.0,-0.80909,1.5,-1.0,False
ORCL,put,market,Fri-0DTE,14:30,OTM1,2024-08-02,2026-06-12,50,50.0,112,13.393,30.0,14.5,49.0,54.0,-0.80909,1.5,-1.0,False
ORCL,put,market,Fri-0DTE,14:30,OTM1,2024-08-02,2026-06-12,50,60.0,112,9.821,43.0,25.5,55.0,65.0,-0.80909,1.5,-1.0,False
ORCL,put,market,Fri-0DTE,14:30,OTM1,2024-08-02,2026-06-12,50,70.0,112,8.036,50.0,40.0,60.0,67.0,-0.80909,1.5,-1.0,False
ORCL,put,market,Fri-0DTE,14:30,OTM1,2024-08-02,2026-06-12,50,75.0,112,8.036,50.0,40.0,60.0,67.0,-0.80909,1.5,-1.0,False
ORCL,put,market,Fri-0DTE,14:30,OTM1,2024-08-02,2026-06-12,50,80.0,112,8.036,50.0,40.0,60.0,67.0,-0.80909,1.5,-1.0,False
ORCL,put,market,Fri-0DTE,14:30,OTM1,2024-08-02,2026-06-12,50,90.0,112,7.143,46.5,37.5,62.5,72.0,-0.80909,1.5,-1.0,False
ORCL,put,market,Fri-0DTE,14:30,OTM1,2024-08-02,2026-06-12,50,100.0,112,6.25,55.0,35.0,65.0,77.0,-0.80909,1.5,-1.0,False
ORCL,put,mid,Fri-0DTE,09:30,ITM,2024-08-02,2026-07-10,72,20.0,501,70.259,16.0,7.0,53.5,366.0,0.44451,107.0,-0.22,False
ORCL,put,mid,Fri-0DTE,09:30,ITM,2024-08-02,2026-07-10,72,25.0,501,65.868,21.0,9.0,56.0,366.0,0.44451,107.0,-0.22,False
ORCL,put,mid,Fri-0DTE,09:30,ITM,2024-08-02,2026-07-10,72,30.0,501,60.679,23.5,11.0,63.25,366.5,0.44451,107.0,-0.22,False
ORCL,put,mid,Fri-0DTE,09:30,ITM,2024-08-02,2026-07-10,72,40.0,501,53.094,34.5,16.0,84.0,366.0,0.44451,107.0,-0.22,False
ORCL,put,mid,Fri-0DTE,09:30,ITM,2024-08-02,2026-07-10,72,50.0,501,46.507,46.0,23.0,95.0,366.0,0.44451,107.0,-0.22,False
ORCL,put,mid,Fri-0DTE,09:30,ITM,2024-08-02,2026-07-10,72,60.0,501,39.122,54.5,27.75,105.25,366.0,0.44451,107.0,-0.22,False
ORCL,put,mid,Fri-0DTE,09:30,ITM,2024-08-02,2026-07-10,72,70.0,501,34.531,68.0,32.0,121.0,365.0,0.44451,107.0,-0.22,False
ORCL,put,mid,Fri-0DTE,09:30,ITM,2024-08-02,2026-07-10,72,75.0,501,31.936,73.5,33.75,131.75,365.0,0.44451,107.0,-0.22,False
ORCL,put,mid,Fri-0DTE,09:30,ITM,2024-08-02,2026-07-10,72,80.0,501,29.341,80.0,39.5,140.0,366.0,0.44451,107.0,-0.22,False
ORCL,put,mid,Fri-0DTE,09:30,ITM,2024-08-02,2026-07-10,72,90.0,501,25.15,87.5,47.75,148.75,365.0,0.44451,107.0,-0.22,False
ORCL,put,mid,Fri-0DTE,09:30,ITM,2024-08-02,2026-07-10,72,100.0,501,20.958,99.0,57.0,166.0,364.0,0.44451,107.0,-0.22,False
ORCL,put,market,Fri-0DTE,09:30,ITM,2024-08-02,2026-07-10,72,20.0,501,67.066,19.0,9.0,56.0,366.0,0.4159,107.0,-0.23663,False
ORCL,put,market,Fri-0DTE,09:30,ITM,2024-08-02,2026-07-10,72,25.0,501,63.074,22.0,11.0,59.25,366.0,0.4159,107.0,-0.23663,False
ORCL,put,market,Fri-0DTE,09:30,ITM,2024-08-02,2026-07-10,72,30.0,501,58.683,27.0,13.0,70.75,366.0,0.4159,107.0,-0.23663,False
ORCL,put,market,Fri-0DTE,09:30,ITM,2024-08-02,2026-07-10,72,40.0,501,51.497,37.5,18.0,87.0,366.0,0.4159,107.0,-0.23663,False
ORCL,put,market,Fri-0DTE,09:30,ITM,2024-08-02,2026-07-10,72,50.0,501,44.112,50.0,26.0,104.0,366.0,0.4159,107.0,-0.23663,False
ORCL,put,market,Fri-0DTE,09:30,ITM,2024-08-02,2026-07-10,72,60.0,501,36.926,54.0,30.0,111.0,366.0,0.4159,107.0,-0.23663,False
ORCL,put,market,Fri-0DTE,09:30,ITM,2024-08-02,2026-07-10,72,70.0,501,32.335,72.0,33.25,124.5,365.0,0.4159,107.0,-0.23663,False
ORCL,put,market,Fri-0DTE,09:30,ITM,2024-08-02,2026-07-10,72,75.0,501,29.541,78.5,38.0,138.5,366.0,0.4159,107.0,-0.23663,False
ORCL,put,market,Fri-0DTE,09:30,ITM,2024-08-02,2026-07-10,72,80.0,501,27.146,81.5,44.75,136.5,365.5,0.4159,107.0,-0.23663,False
ORCL,put,market,Fri-0DTE,09:30,ITM,2024-08-02,2026-07-10,72,90.0,501,23.154,93.0,51.0,168.0,364.0,0.4159,107.0,-0.23663,False
ORCL,put,market,Fri-0DTE,09:30,ITM,2024-08-02,2026-07-10,72,100.0,501,19.561,107.0,57.0,167.75,364.0,0.4159,107.0,-0.23663,False
ORCL,put,mid,Fri-0DTE,15:00,ITM,2024-08-02,2026-07-10,60,20.0,347,22.767,19.0,12.0,32.5,41.0,0.07143,21.0,-0.07767,False
ORCL,put,mid,Fri-0DTE,15:00,ITM,2024-08-02,2026-07-10,60,25.0,347,16.138,23.0,13.0,37.25,43.5,0.07143,21.0,-0.07767,False
ORCL,put,mid,Fri-0DTE,15:00,ITM,2024-08-02,2026-07-10,60,30.0,347,13.256,24.5,13.25,38.5,43.5,0.07143,21.0,-0.07767,False
ORCL,put,mid,Fri-0DTE,15:00,ITM,2024-08-02,2026-07-10,60,40.0,347,8.646,27.5,13.25,39.75,49.0,0.07143,21.0,-0.07767,False
ORCL,put,mid,Fri-0DTE,15:00,ITM,2024-08-02,2026-07-10,60,50.0,347,5.764,27.0,13.5,34.5,45.5,0.07143,21.0,-0.07767,False
ORCL,put,mid,Fri-0DTE,15:00,ITM,2024-08-02,2026-07-10,60,60.0,347,4.323,23.0,17.0,35.5,43.0,0.07143,21.0,-0.07767,False
ORCL,put,mid,Fri-0DTE,15:00,ITM,2024-08-02,2026-07-10,60,70.0,347,3.746,25.0,15.0,34.0,41.0,0.07143,21.0,-0.07767,False
ORCL,put,mid,Fri-0DTE,15:00,ITM,2024-08-02,2026-07-10,60,75.0,347,2.882,20.5,14.5,26.75,39.5,0.07143,21.0,-0.07767,False
ORCL,put,mid,Fri-0DTE,15:00,ITM,2024-08-02,2026-07-10,60,80.0,347,2.594,26.0,19.0,29.0,41.0,0.07143,21.0,-0.07767,False
ORCL,put,mid,Fri-0DTE,15:00,ITM,2024-08-02,2026-07-10,60,90.0,347,2.017,27.0,21.5,28.5,43.0,0.07143,21.0,-0.07767,False
ORCL,put,mid,Fri-0DTE,15:00,ITM,2024-08-02,2026-07-10,60,100.0,347,2.017,28.0,21.5,34.5,43.0,0.07143,21.0,-0.07767,False
ORCL,put,market,Fri-0DTE,15:00,ITM,2024-08-02,2026-07-10,60,20.0,347,17.003,21.0,13.0,37.5,43.0,0.04809,21.0,-0.09664,False
ORCL,put,market,Fri-0DTE,15:00,ITM,2024-08-02,2026-07-10,60,25.0,347,14.121,26.0,14.0,39.0,44.0,0.04809,21.0,-0.09664,False
ORCL,put,market,Fri-0DTE,15:00,ITM,2024-08-02,2026-07-10,60,30.0,347,10.951,23.0,14.5,35.75,46.0,0.04809,21.0,-0.09664,False
ORCL,put,market,Fri-0DTE,15:00,ITM,2024-08-02,2026-07-10,60,40.0,347,8.069,31.0,16.25,43.5,46.0,0.04809,21.0,-0.09664,False
ORCL,put,market,Fri-0DTE,15:00,ITM,2024-08-02,2026-07-10,60,50.0,347,5.187,26.0,19.0,40.25,45.5,0.04809,21.0,-0.09664,False
ORCL,put,market,Fri-0DTE,15:00,ITM,2024-08-02,2026-07-10,60,60.0,347,4.035,25.0,16.0,33.5,42.0,0.04809,21.0,-0.09664,False
ORCL,put,market,Fri-0DTE,15:00,ITM,2024-08-02,2026-07-10,60,70.0,347,2.882,20.5,14.5,26.75,39.5,0.04809,21.0,-0.09664,False
ORCL,put,market,Fri-0DTE,15:00,ITM,2024-08-02,2026-07-10,60,75.0,347,2.882,24.5,17.75,28.75,39.5,0.04809,21.0,-0.09664,False
ORCL,put,market,Fri-0DTE,15:00,ITM,2024-08-02,2026-07-10,60,80.0,347,2.017,27.0,21.5,28.5,43.0,0.04809,21.0,-0.09664,False
ORCL,put,market,Fri-0DTE,15:00,ITM,2024-08-02,2026-07-10,60,90.0,347,2.017,28.0,21.5,29.0,43.0,0.04809,21.0,-0.09664,False
ORCL,put,market,Fri-0DTE,15:00,ITM,2024-08-02,2026-07-10,60,100.0,347,1.729,25.5,21.5,31.0,40.0,0.04809,21.0,-0.09664,False
ORCL,call,mid,Fri-0DTE,14:00,OTM2+,2024-08-09,2026-07-10,61,20.0,260,45.0,21.0,6.0,53.0,60.0,0.16667,10.0,-0.14286,False
ORCL,call,mid,Fri-0DTE,14:00,OTM2+,2024-08-09,2026-07-10,61,25.0,260,44.615,21.5,6.0,53.0,61.0,0.16667,10.0,-0.14286,False
ORCL,call,mid,Fri-0DTE,14:00,OTM2+,2024-08-09,2026-07-10,61,30.0,260,37.692,26.5,6.0,60.0,61.0,0.16667,10.0,-0.14286,False
ORCL,call,mid,Fri-0DTE,14:00,OTM2+,2024-08-09,2026-07-10,61,40.0,260,25.0,20.0,5.0,58.0,50.0,0.16667,10.0,-0.14286,False
ORCL,call,mid,Fri-0DTE,14:00,OTM2+,2024-08-09,2026-07-10,61,50.0,260,20.0,19.0,6.0,67.5,43.0,0.16667,10.0,-0.14286,False
ORCL,call,mid,Fri-0DTE,14:00,OTM2+,2024-08-09,2026-07-10,61,60.0,260,14.615,22.5,10.25,72.5,54.5,0.16667,10.0,-0.14286,False
ORCL,call,mid,Fri-0DTE,14:00,OTM2+,2024-08-09,2026-07-10,61,70.0,260,14.231,25.0,11.0,75.0,55.0,0.16667,10.0,-0.14286,False
ORCL,call,mid,Fri-0DTE,14:00,OTM2+,2024-08-09,2026-07-10,61,75.0,260,13.077,18.5,11.0,63.75,52.0,0.16667,10.0,-0.14286,False
ORCL,call,mid,Fri-0DTE,14:00,OTM2+,2024-08-09,2026-07-10,61,80.0,260,11.154,32.0,11.0,75.0,60.0,0.16667,10.0,-0.14286,False
ORCL,call,mid,Fri-0DTE,14:00,OTM2+,2024-08-09,2026-07-10,61,90.0,260,10.769,34.5,11.75,76.25,59.5,0.16667,10.0,-0.14286,False
ORCL,call,mid,Fri-0DTE,14:00,OTM2+,2024-08-09,2026-07-10,61,100.0,260,10.769,34.5,11.75,76.25,59.5,0.16667,10.0,-0.14286,False
ORCL,call,market,Fri-0DTE,14:00,OTM2+,2024-08-09,2026-07-10,61,20.0,260,6.538,21.0,11.0,37.0,44.0,-1.0,0.0,-1.0,False
ORCL,call,market,Fri-0DTE,14:00,OTM2+,2024-08-09,2026-07-10,61,25.0,260,6.154,21.5,12.5,39.0,46.5,-1.0,0.0,-1.0,False
ORCL,call,market,Fri-0DTE,14:00,OTM2+,2024-08-09,2026-07-10,61,30.0,260,5.385,22.0,13.25,41.0,46.5,-1.0,0.0,-1.0,False
ORCL,call,market,Fri-0DTE,14:00,OTM2+,2024-08-09,2026-07-10,61,40.0,260,5.0,25.0,17.0,42.0,49.0,-1.0,0.0,-1.0,False
ORCL,call,market,Fri-0DTE,14:00,OTM2+,2024-08-09,2026-07-10,61,50.0,260,5.0,34.0,18.0,48.0,49.0,-1.0,0.0,-1.0,False
ORCL,call,market,Fri-0DTE,14:00,OTM2+,2024-08-09,2026-07-10,61,60.0,260,3.846,38.5,24.25,48.75,48.0,-1.0,0.0,-1.0,False
ORCL,call,market,Fri-0DTE,14:00,OTM2+,2024-08-09,2026-07-10,61,70.0,260,3.077,39.5,28.75,49.5,51.5,-1.0,0.0,-1.0,False
ORCL,call,market,Fri-0DTE,14:00,OTM2+,2024-08-09,2026-07-10,61,75.0,260,3.077,39.5,28.75,50.25,51.5,-1.0,0.0,-1.0,False
ORCL,call,market,Fri-0DTE,14:00,OTM2+,2024-08-09,2026-07-10,61,80.0,260,3.077,39.5,28.75,50.25,51.5,-1.0,0.0,-1.0,False
ORCL,call,market,Fri-0DTE,14:00,OTM2+,2024-08-09,2026-07-10,61,90.0,260,2.308,51.5,45.25,57.75,57.5,-1.0,0.0,-1.0,False
ORCL,call,market,Fri-0DTE,14:00,OTM2+,2024-08-09,2026-07-10,61,100.0,260,2.308,51.5,45.25,57.75,57.5,-1.0,0.0,-1.0,False
ORCL,put,mid,Fri-0DTE,13:00,ATM,2024-08-09,2026-07-10,70,20.0,207,76.329,16.0,6.0,38.0,154.0,0.73846,75.0,-0.69466,False
ORCL,put,mid,Fri-0DTE,13:00,ATM,2024-08-09,2026-07-10,70,25.0,207,73.913,19.0,8.0,41.0,154.0,0.73846,75.0,-0.69466,False
ORCL,put,mid,Fri-0DTE,13:00,ATM,2024-08-09,2026-07-10,70,30.0,207,71.014,21.0,10.0,55.0,154.0,0.73846,75.0,-0.69466,False
ORCL,put,mid,Fri-0DTE,13:00,ATM,2024-08-09,2026-07-10,70,40.0,207,66.184,25.0,15.0,66.0,154.0,0.73846,75.0,-0.69466,False
ORCL,put,mid,Fri-0DTE,13:00,ATM,2024-08-09,2026-07-10,70,50.0,207,63.285,31.0,19.0,84.5,154.0,0.73846,75.0,-0.69466,False
ORCL,put,mid,Fri-0DTE,13:00,ATM,2024-08-09,2026-07-10,70,60.0,207,58.937,38.0,23.25,90.5,153.0,0.73846,75.0,-0.69466,False
ORCL,put,mid,Fri-0DTE,13:00,ATM,2024-08-09,2026-07-10,70,70.0,207,53.623,45.0,29.0,96.5,154.0,0.73846,75.0,-0.69466,False
ORCL,put,mid,Fri-0DTE,13:00,ATM,2024-08-09,2026-07-10,70,75.0,207,49.758,47.0,29.0,102.5,154.0,0.73846,75.0,-0.69466,False
ORCL,put,mid,Fri-0DTE,13:00,ATM,2024-08-09,2026-07-10,70,80.0,207,46.377,51.0,32.5,105.0,154.0,0.73846,75.0,-0.69466,False
ORCL,put,mid,Fri-0DTE,13:00,ATM,2024-08-09,2026-07-10,70,90.0,207,42.995,65.0,35.0,110.0,154.0,0.73846,75.0,-0.69466,False
ORCL,put,mid,Fri-0DTE,13:00,ATM,2024-08-09,2026-07-10,70,100.0,207,39.13,67.0,35.0,109.0,154.0,0.73846,75.0,-0.69466,False
ORCL,put,market,Fri-0DTE,13:00,ATM,2024-08-09,2026-07-10,70,20.0,207,66.184,27.0,15.0,63.0,154.0,0.58167,75.0,-0.83796,False
ORCL,put,market,Fri-0DTE,13:00,ATM,2024-08-09,2026-07-10,70,25.0,207,64.251,29.0,17.0,65.0,154.0,0.58167,75.0,-0.83796,False
ORCL,put,market,Fri-0DTE,13:00,ATM,2024-08-09,2026-07-10,70,30.0,207,62.802,30.5,20.25,72.5,154.0,0.58167,75.0,-0.83796,False
ORCL,put,market,Fri-0DTE,13:00,ATM,2024-08-09,2026-07-10,70,40.0,207,59.42,40.0,24.0,93.5,154.0,0.58167,75.0,-0.83796,False
ORCL,put,market,Fri-0DTE,13:00,ATM,2024-08-09,2026-07-10,70,50.0,207,56.522,45.0,28.0,99.0,153.0,0.58167,75.0,-0.83796,False
ORCL,put,market,Fri-0DTE,13:00,ATM,2024-08-09,2026-07-10,70,60.0,207,48.792,54.0,33.0,105.0,154.0,0.58167,75.0,-0.83796,False
ORCL,put,market,Fri-0DTE,13:00,ATM,2024-08-09,2026-07-10,70,70.0,207,42.995,67.0,38.0,110.0,154.0,0.58167,75.0,-0.83796,False
ORCL,put,market,Fri-0DTE,13:00,ATM,2024-08-09,2026-07-10,70,75.0,207,42.029,67.0,39.5,111.0,154.0,0.58167,75.0,-0.83796,False
ORCL,put,market,Fri-0DTE,13:00,ATM,2024-08-09,2026-07-10,70,80.0,207,39.614,67.5,41.0,110.0,154.0,0.58167,75.0,-0.83796,False
ORCL,put,market,Fri-0DTE,13:00,ATM,2024-08-09,2026-07-10,70,90.0,207,35.266,70.0,43.0,115.0,154.0,0.58167,75.0,-0.83796,False
ORCL,put,market,Fri-0DTE,13:00,ATM,2024-08-09,2026-07-10,70,100.0,207,31.401,74.0,45.0,118.0,154.0,0.58167,75.0,-0.83796,False
ORCL,put,mid,Fri-0DTE,15:30,ITM,2024-08-09,2026-07-10,44,20.0,108,15.741,17.0,9.0,24.0,27.0,0.05501,12.5,-0.04871,False
ORCL,put,mid,Fri-0DTE,15:30,ITM,2024-08-09,2026-07-10,44,25.0,108,11.111,20.0,4.0,24.25,27.5,0.05501,12.5,-0.04871,False
ORCL,put,mid,Fri-0DTE,15:30,ITM,2024-08-09,2026-07-10,44,30.0,108,9.259,20.0,9.5,24.5,26.0,0.05501,12.5,-0.04871,False
ORCL,put,mid,Fri-0DTE,15:30,ITM,2024-08-09,2026-07-10,44,40.0,108,3.704,17.0,14.0,19.75,28.5,0.05501,12.5,-0.04871,False
ORCL,put,mid,Fri-0DTE,15:30,ITM,2024-08-09,2026-07-10,44,50.0,108,2.778,20.0,14.0,24.0,29.0,0.05501,12.5,-0.04871,False
ORCL,put,mid,Fri-0DTE,15:30,ITM,2024-08-09,2026-07-10,44,60.0,108,2.778,27.0,24.0,28.0,29.0,0.05501,12.5,-0.04871,False
ORCL,put,mid,Fri-0DTE,15:30,ITM,2024-08-09,2026-07-10,44,70.0,108,0.926,22.0,22.0,22.0,29.0,0.05501,12.5,-0.04871,False
ORCL,put,mid,Fri-0DTE,15:30,ITM,2024-08-09,2026-07-10,44,75.0,108,0.926,23.0,23.0,23.0,27.0,0.05501,12.5,-0.04871,False
ORCL,put,mid,Fri-0DTE,15:30,ITM,2024-08-09,2026-07-10,44,80.0,108,0.926,23.0,23.0,23.0,27.0,0.05501,12.5,-0.04871,False
ORCL,put,mid,Fri-0DTE,15:30,ITM,2024-08-09,2026-07-10,44,90.0,108,0.926,27.0,27.0,27.0,27.0,0.05501,12.5,-0.04871,False
ORCL,put,mid,Fri-0DTE,15:30,ITM,2024-08-09,2026-07-10,44,100.0,108,0.0,,,,,0.05501,12.5,-0.04871,False
ORCL,put,market,Fri-0DTE,15:30,ITM,2024-08-09,2026-07-10,44,20.0,108,13.889,18.0,6.5,22.0,27.0,0.02852,12.5,-0.07848,False
ORCL,put,market,Fri-0DTE,15:30,ITM,2024-08-09,2026-07-10,44,25.0,108,9.259,20.0,9.5,24.5,26.0,0.02852,12.5,-0.07848,False
ORCL,put,market,Fri-0DTE,15:30,ITM,2024-08-09,2026-07-10,44,30.0,108,5.556,20.0,11.25,24.25,28.5,0.02852,12.5,-0.07848,False
ORCL,put,market,Fri-0DTE,15:30,ITM,2024-08-09,2026-07-10,44,40.0,108,2.778,20.0,14.0,24.0,29.0,0.02852,12.5,-0.07848,False
ORCL,put,market,Fri-0DTE,15:30,ITM,2024-08-09,2026-07-10,44,50.0,108,2.778,21.0,14.5,25.0,29.0,0.02852,12.5,-0.07848,False
ORCL,put,market,Fri-0DTE,15:30,ITM,2024-08-09,2026-07-10,44,60.0,108,1.852,25.5,23.75,27.25,29.0,0.02852,12.5,-0.07848,False
ORCL,put,market,Fri-0DTE,15:30,ITM,2024-08-09,2026-07-10,44,70.0,108,0.926,23.0,23.0,23.0,27.0,0.02852,12.5,-0.07848,False
ORCL,put,market,Fri-0DTE,15:30,ITM,2024-08-09,2026-07-10,44,75.0,108,0.926,23.0,23.0,23.0,27.0,0.02852,12.5,-0.07848,False
ORCL,put,market,Fri-0DTE,15:30,ITM,2024-08-09,2026-07-10,44,80.0,108,0.926,23.0,23.0,23.0,27.0,0.02852,12.5,-0.07848,False
ORCL,put,market,Fri-0DTE,15:30,ITM,2024-08-09,2026-07-10,44,90.0,108,0.0,,,,,0.02852,12.5,-0.07848,False
ORCL,put,market,Fri-0DTE,15:30,ITM,2024-08-09,2026-07-10,44,100.0,108,0.0,,,,,0.02852,12.5,-0.07848,False
ORCL,call,mid,Fri-0DTE,10:00,ITM,2024-08-16,2026-06-26,78,20.0,429,66.434,23.0,9.0,52.0,332.0,0.34948,104.0,-0.27152,False
ORCL,call,mid,Fri-0DTE,10:00,ITM,2024-08-16,2026-06-26,78,25.0,429,60.373,26.0,12.0,55.0,333.0,0.34948,104.0,-0.27152,False
ORCL,call,mid,Fri-0DTE,10:00,ITM,2024-08-16,2026-06-26,78,30.0,429,54.545,28.0,13.25,56.0,334.0,0.34948,104.0,-0.27152,False
ORCL,call,mid,Fri-0DTE,10:00,ITM,2024-08-16,2026-06-26,78,40.0,429,46.387,36.0,19.0,77.0,334.0,0.34948,104.0,-0.27152,False
ORCL,call,mid,Fri-0DTE,10:00,ITM,2024-08-16,2026-06-26,78,50.0,429,41.026,45.5,27.75,114.25,334.0,0.34948,104.0,-0.27152,False
ORCL,call,mid,Fri-0DTE,10:00,ITM,2024-08-16,2026-06-26,78,60.0,429,34.266,56.0,31.5,141.5,339.0,0.34948,104.0,-0.27152,False
ORCL,call,mid,Fri-0DTE,10:00,ITM,2024-08-16,2026-06-26,78,70.0,429,29.138,66.0,37.0,184.0,339.0,0.34948,104.0,-0.27152,False
ORCL,call,mid,Fri-0DTE,10:00,ITM,2024-08-16,2026-06-26,78,75.0,429,26.573,66.0,38.25,188.0,339.0,0.34948,104.0,-0.27152,False
ORCL,call,mid,Fri-0DTE,10:00,ITM,2024-08-16,2026-06-26,78,80.0,429,23.776,70.5,39.5,181.0,339.0,0.34948,104.0,-0.27152,False
ORCL,call,mid,Fri-0DTE,10:00,ITM,2024-08-16,2026-06-26,78,90.0,429,20.979,89.0,46.25,169.25,339.0,0.34948,104.0,-0.27152,False
ORCL,call,mid,Fri-0DTE,10:00,ITM,2024-08-16,2026-06-26,78,100.0,429,19.347,102.0,50.5,186.0,339.0,0.34948,104.0,-0.27152,False
ORCL,call,market,Fri-0DTE,10:00,ITM,2024-08-16,2026-06-26,78,20.0,429,63.403,25.0,11.0,56.5,333.0,0.31785,104.0,-0.28595,False
ORCL,call,market,Fri-0DTE,10:00,ITM,2024-08-16,2026-06-26,78,25.0,429,56.177,27.0,13.0,54.0,334.0,0.31785,104.0,-0.28595,False
ORCL,call,market,Fri-0DTE,10:00,ITM,2024-08-16,2026-06-26,78,30.0,429,52.681,31.0,17.0,62.5,334.0,0.31785,104.0,-0.28595,False
ORCL,call,market,Fri-0DTE,10:00,ITM,2024-08-16,2026-06-26,78,40.0,429,45.455,40.0,23.5,93.0,334.0,0.31785,104.0,-0.28595,False
ORCL,call,market,Fri-0DTE,10:00,ITM,2024-08-16,2026-06-26,78,50.0,429,38.228,56.0,30.75,138.5,337.0,0.31785,104.0,-0.28595,False
ORCL,call,market,Fri-0DTE,10:00,ITM,2024-08-16,2026-06-26,78,60.0,429,32.401,59.0,33.5,154.5,339.0,0.31785,104.0,-0.28595,False
ORCL,call,market,Fri-0DTE,10:00,ITM,2024-08-16,2026-06-26,78,70.0,429,27.273,66.0,39.0,186.0,339.0,0.31785,104.0,-0.28595,False
ORCL,call,market,Fri-0DTE,10:00,ITM,2024-08-16,2026-06-26,78,75.0,429,24.709,68.0,39.5,183.5,339.0,0.31785,104.0,-0.28595,False
ORCL,call,market,Fri-0DTE,10:00,ITM,2024-08-16,2026-06-26,78,80.0,429,23.077,76.0,41.0,172.5,339.0,0.31785,104.0,-0.28595,False
ORCL,call,market,Fri-0DTE,10:00,ITM,2024-08-16,2026-06-26,78,90.0,429,20.047,90.5,47.0,164.75,340.5,0.31785,104.0,-0.28595,False
ORCL,call,market,Fri-0DTE,10:00,ITM,2024-08-16,2026-06-26,78,100.0,429,17.716,102.5,51.75,186.5,339.0,0.31785,104.0,-0.28595,False
ORCL,call,mid,Fri-0DTE,10:30,ITM,2024-08-16,2026-07-10,77,20.0,442,56.335,23.0,9.0,64.0,307.0,0.26473,104.5,-0.26295,False
ORCL,call,mid,Fri-0DTE,10:30,ITM,2024-08-16,2026-07-10,77,25.0,442,51.357,30.0,13.0,80.0,309.0,0.26473,104.5,-0.26295,False
ORCL,call,mid,Fri-0DTE,10:30,ITM,2024-08-16,2026-07-10,77,30.0,442,47.059,42.0,17.0,104.0,309.0,0.26473,104.5,-0.26295,False
ORCL,call,mid,Fri-0DTE,10:30,ITM,2024-08-16,2026-07-10,77,40.0,442,40.498,66.0,27.0,150.0,309.0,0.26473,104.5,-0.26295,False
ORCL,call,mid,Fri-0DTE,10:30,ITM,2024-08-16,2026-07-10,77,50.0,442,33.258,87.0,37.5,166.0,312.0,0.26473,104.5,-0.26295,False
ORCL,call,mid,Fri-0DTE,10:30,ITM,2024-08-16,2026-07-10,77,60.0,442,26.697,97.5,46.25,234.0,312.5,0.26473,104.5,-0.26295,False
ORCL,call,mid,Fri-0DTE,10:30,ITM,2024-08-16,2026-07-10,77,70.0,442,21.493,107.0,49.0,256.0,312.0,0.26473,104.5,-0.26295,False
ORCL,call,mid,Fri-0DTE,10:30,ITM,2024-08-16,2026-07-10,77,75.0,442,20.362,114.5,54.0,257.25,312.5,0.26473,104.5,-0.26295,False
ORCL,call,mid,Fri-0DTE,10:30,ITM,2024-08-16,2026-07-10,77,80.0,442,19.457,111.5,63.25,253.25,312.5,0.26473,104.5,-0.26295,False
ORCL,call,mid,Fri-0DTE,10:30,ITM,2024-08-16,2026-07-10,77,90.0,442,16.29,133.5,84.5,259.5,312.5,0.26473,104.5,-0.26295,False
ORCL,call,mid,Fri-0DTE,10:30,ITM,2024-08-16,2026-07-10,77,100.0,442,14.027,143.5,92.25,295.25,313.5,0.26473,104.5,-0.26295,False
ORCL,call,market,Fri-0DTE,10:30,ITM,2024-08-16,2026-07-10,77,20.0,442,53.394,28.0,11.75,72.5,308.5,0.23287,104.5,-0.27786,False
ORCL,call,market,Fri-0DTE,10:30,ITM,2024-08-16,2026-07-10,77,25.0,442,49.095,32.0,15.0,92.0,309.0,0.23287,104.5,-0.27786,False
ORCL,call,market,Fri-0DTE,10:30,ITM,2024-08-16,2026-07-10,77,30.0,442,44.796,44.5,21.0,110.75,309.0,0.23287,104.5,-0.27786,False
ORCL,call,market,Fri-0DTE,10:30,ITM,2024-08-16,2026-07-10,77,40.0,442,36.878,75.0,30.5,141.5,311.0,0.23287,104.5,-0.27786,False
ORCL,call,market,Fri-0DTE,10:30,ITM,2024-08-16,2026-07-10,77,50.0,442,30.995,88.0,37.0,164.0,312.0,0.23287,104.5,-0.27786,False
ORCL,call,market,Fri-0DTE,10:30,ITM,2024-08-16,2026-07-10,77,60.0,442,23.982,103.5,48.25,243.25,313.0,0.23287,104.5,-0.27786,False
ORCL,call,market,Fri-0DTE,10:30,ITM,2024-08-16,2026-07-10,77,70.0,442,21.267,111.5,53.25,257.25,312.5,0.23287,104.5,-0.27786,False
ORCL,call,market,Fri-0DTE,10:30,ITM,2024-08-16,2026-07-10,77,75.0,442,19.457,111.5,63.25,237.5,312.5,0.23287,104.5,-0.27786,False
ORCL,call,market,Fri-0DTE,10:30,ITM,2024-08-16,2026-07-10,77,80.0,442,18.326,121.0,70.0,263.0,312.0,0.23287,104.5,-0.27786,False
ORCL,call,market,Fri-0DTE,10:30,ITM,2024-08-16,2026-07-10,77,90.0,442,14.932,141.0,88.5,270.75,313.0,0.23287,104.5,-0.27786,False
ORCL,call,market,Fri-0DTE,10:30,ITM,2024-08-16,2026-07-10,77,100.0,442,13.801,151.0,100.0,299.0,314.0,0.23287,104.5,-0.27786,False
ORCL,call,mid,Fri-0DTE,11:00,ITM,2024-08-16,2026-07-10,69,20.0,358,54.19,42.0,14.0,99.75,278.5,0.24442,114.0,-0.28751,False
ORCL,call,mid,Fri-0DTE,11:00,ITM,2024-08-16,2026-07-10,69,25.0,358,48.603,51.5,18.25,114.0,279.0,0.24442,114.0,-0.28751,False
ORCL,call,mid,Fri-0DTE,11:00,ITM,2024-08-16,2026-07-10,69,30.0,358,41.899,57.5,22.25,115.0,279.0,0.24442,114.0,-0.28751,False
ORCL,call,mid,Fri-0DTE,11:00,ITM,2024-08-16,2026-07-10,69,40.0,358,36.592,91.0,34.5,142.0,279.0,0.24442,114.0,-0.28751,False
ORCL,call,mid,Fri-0DTE,11:00,ITM,2024-08-16,2026-07-10,69,50.0,358,27.374,95.5,42.25,156.25,279.0,0.24442,114.0,-0.28751,False
ORCL,call,mid,Fri-0DTE,11:00,ITM,2024-08-16,2026-07-10,69,60.0,358,23.743,113.0,55.0,190.0,279.0,0.24442,114.0,-0.28751,False
ORCL,call,mid,Fri-0DTE,11:00,ITM,2024-08-16,2026-07-10,69,70.0,358,20.112,119.5,67.75,227.5,279.0,0.24442,114.0,-0.28751,False
ORCL,call,mid,Fri-0DTE,11:00,ITM,2024-08-16,2026-07-10,69,75.0,358,17.598,119.0,71.5,230.0,279.0,0.24442,114.0,-0.28751,False
ORCL,call,mid,Fri-0DTE,11:00,ITM,2024-08-16,2026-07-10,69,80.0,358,16.201,118.0,74.25,239.0,282.5,0.24442,114.0,-0.28751,False
ORCL,call,mid,Fri-0DTE,11:00,ITM,2024-08-16,2026-07-10,69,90.0,358,14.246,127.0,80.5,240.0,284.0,0.24442,114.0,-0.28751,False
ORCL,call,mid,Fri-0DTE,11:00,ITM,2024-08-16,2026-07-10,69,100.0,358,12.57,132.0,97.0,282.0,284.0,0.24442,114.0,-0.28751,False
ORCL,call,market,Fri-0DTE,11:00,ITM,2024-08-16,2026-07-10,69,20.0,358,51.397,46.5,15.0,113.25,279.0,0.20981,114.0,-0.30527,False
ORCL,call,market,Fri-0DTE,11:00,ITM,2024-08-16,2026-07-10,69,25.0,358,45.251,55.5,22.0,119.75,279.0,0.20981,114.0,-0.30527,False
ORCL,call,market,Fri-0DTE,11:00,ITM,2024-08-16,2026-07-10,69,30.0,358,39.665,72.0,25.25,130.5,279.0,0.20981,114.0,-0.30527,False
ORCL,call,market,Fri-0DTE,11:00,ITM,2024-08-16,2026-07-10,69,40.0,358,33.52,84.0,36.75,140.5,279.0,0.20981,114.0,-0.30527,False
ORCL,call,market,Fri-0DTE,11:00,ITM,2024-08-16,2026-07-10,69,50.0,358,26.257,101.0,45.5,185.0,279.0,0.20981,114.0,-0.30527,False
ORCL,call,market,Fri-0DTE,11:00,ITM,2024-08-16,2026-07-10,69,60.0,358,22.067,112.0,61.5,197.5,279.0,0.20981,114.0,-0.30527,False
ORCL,call,market,Fri-0DTE,11:00,ITM,2024-08-16,2026-07-10,69,70.0,358,17.877,120.0,70.75,234.75,280.0,0.20981,114.0,-0.30527,False
ORCL,call,market,Fri-0DTE,11:00,ITM,2024-08-16,2026-07-10,69,75.0,358,16.201,118.0,74.25,232.25,282.5,0.20981,114.0,-0.30527,False
ORCL,call,market,Fri-0DTE,11:00,ITM,2024-08-16,2026-07-10,69,80.0,358,15.642,126.5,80.75,254.25,282.5,0.20981,114.0,-0.30527,False
ORCL,call,market,Fri-0DTE,11:00,ITM,2024-08-16,2026-07-10,69,90.0,358,13.408,129.5,81.5,272.25,284.0,0.20981,114.0,-0.30527,False
ORCL,call,market,Fri-0DTE,11:00,ITM,2024-08-16,2026-07-10,69,100.0,358,10.615,141.0,83.25,276.75,284.0,0.20981,114.0,-0.30527,False
ORCL,put,mid,Fri-0DTE,12:00,OTM1,2024-08-23,2026-07-10,60,20.0,176,53.977,10.0,5.0,44.5,121.0,0.28571,11.0,-0.66092,False
ORCL,put,mid,Fri-0DTE,12:00,OTM1,2024-08-23,2026-07-10,60,25.0,176,53.409,12.0,5.0,47.5,123.5,0.28571,11.0,-0.66092,False
ORCL,put,mid,Fri-0DTE,12:00,OTM1,2024-08-23,2026-07-10,60,30.0,176,49.432,14.0,5.5,44.5,121.0,0.28571,11.0,-0.66092,False
ORCL,put,mid,Fri-0DTE,12:00,OTM1,2024-08-23,2026-07-10,60,40.0,176,40.909,20.5,7.75,55.5,151.5,0.28571,11.0,-0.66092,False
ORCL,put,mid,Fri-0DTE,12:00,OTM1,2024-08-23,2026-07-10,60,50.0,176,33.523,40.0,11.5,69.0,173.0,0.28571,11.0,-0.66092,False
ORCL,put,mid,Fri-0DTE,12:00,OTM1,2024-08-23,2026-07-10,60,60.0,176,28.409,47.5,21.0,70.75,172.0,0.28571,11.0,-0.66092,False
ORCL,put,mid,Fri-0DTE,12:00,OTM1,2024-08-23,2026-07-10,60,70.0,176,27.841,51.0,23.0,72.0,161.0,0.28571,11.0,-0.66092,False
ORCL,put,mid,Fri-0DTE,12:00,OTM1,2024-08-23,2026-07-10,60,75.0,176,27.841,51.0,23.0,72.0,156.0,0.28571,11.0,-0.66092,False
ORCL,put,mid,Fri-0DTE,12:00,OTM1,2024-08-23,2026-07-10,60,80.0,176,27.841,51.0,23.0,72.0,156.0,0.28571,11.0,-0.66092,False
ORCL,put,mid,Fri-0DTE,12:00,OTM1,2024-08-23,2026-07-10,60,90.0,176,26.705,56.0,30.5,76.0,146.0,0.28571,11.0,-0.66092,False
ORCL,put,mid,Fri-0DTE,12:00,OTM1,2024-08-23,2026-07-10,60,100.0,176,26.705,57.0,33.5,78.0,146.0,0.28571,11.0,-0.66092,False
ORCL,put,market,Fri-0DTE,12:00,OTM1,2024-08-23,2026-07-10,60,20.0,176,23.295,20.0,8.0,75.0,217.0,-0.21637,8.0,-1.0,False
ORCL,put,market,Fri-0DTE,12:00,OTM1,2024-08-23,2026-07-10,60,25.0,176,21.023,30.0,11.0,80.0,219.0,-0.21637,8.0,-1.0,False
ORCL,put,market,Fri-0DTE,12:00,OTM1,2024-08-23,2026-07-10,60,30.0,176,19.886,35.0,13.0,79.5,219.0,-0.21637,8.0,-1.0,False
ORCL,put,market,Fri-0DTE,12:00,OTM1,2024-08-23,2026-07-10,60,40.0,176,18.182,39.5,19.25,80.75,220.5,-0.21637,8.0,-1.0,False
ORCL,put,market,Fri-0DTE,12:00,OTM1,2024-08-23,2026-07-10,60,50.0,176,16.477,56.0,35.0,165.0,219.0,-0.21637,8.0,-1.0,False
ORCL,put,market,Fri-0DTE,12:00,OTM1,2024-08-23,2026-07-10,60,60.0,176,15.341,57.0,39.5,167.5,219.0,-0.21637,8.0,-1.0,False
ORCL,put,market,Fri-0DTE,12:00,OTM1,2024-08-23,2026-07-10,60,70.0,176,13.636,81.0,56.25,181.25,220.5,-0.21637,8.0,-1.0,False
ORCL,put,market,Fri-0DTE,12:00,OTM1,2024-08-23,2026-07-10,60,75.0,176,13.636,81.0,56.75,181.25,219.5,-0.21637,8.0,-1.0,False
ORCL,put,market,Fri-0DTE,12:00,OTM1,2024-08-23,2026-07-10,60,80.0,176,13.636,81.0,56.75,181.25,219.5,-0.21637,8.0,-1.0,False
ORCL,put,market,Fri-0DTE,12:00,OTM1,2024-08-23,2026-07-10,60,90.0,176,13.068,79.0,58.0,177.5,219.0,-0.21637,8.0,-1.0,False
ORCL,put,market,Fri-0DTE,12:00,OTM1,2024-08-23,2026-07-10,60,100.0,176,13.068,80.0,58.5,177.5,219.0,-0.21637,8.0,-1.0,False
ORCL,put,mid,Fri-0DTE,13:00,OTM1,2024-08-23,2026-07-10,57,20.0,137,64.964,15.0,5.0,34.0,94.0,0.375,34.0,-0.625,False
ORCL,put,mid,Fri-0DTE,13:00,OTM1,2024-08-23,2026-07-10,57,25.0,137,63.504,17.0,5.0,34.5,91.0,0.375,34.0,-0.625,False
ORCL,put,mid,Fri-0DTE,13:00,OTM1,2024-08-23,2026-07-10,57,30.0,137,54.745,22.0,7.5,40.5,100.0,0.375,34.0,-0.625,False
ORCL,put,mid,Fri-0DTE,13:00,OTM1,2024-08-23,2026-07-10,57,40.0,137,48.905,31.0,11.5,48.5,109.0,0.375,34.0,-0.625,False
ORCL,put,mid,Fri-0DTE,13:00,OTM1,2024-08-23,2026-07-10,57,50.0,137,40.876,28.0,10.75,49.25,109.0,0.375,34.0,-0.625,False
ORCL,put,mid,Fri-0DTE,13:00,OTM1,2024-08-23,2026-07-10,57,60.0,137,36.496,24.5,12.0,52.5,112.0,0.375,34.0,-0.625,False
ORCL,put,mid,Fri-0DTE,13:00,OTM1,2024-08-23,2026-07-10,57,70.0,137,35.766,32.0,13.0,66.0,111.0,0.375,34.0,-0.625,False
ORCL,put,mid,Fri-0DTE,13:00,OTM1,2024-08-23,2026-07-10,57,75.0,137,33.577,33.5,18.5,64.0,110.5,0.375,34.0,-0.625,False
ORCL,put,mid,Fri-0DTE,13:00,OTM1,2024-08-23,2026-07-10,57,80.0,137,32.847,35.0,22.0,68.0,108.0,0.375,34.0,-0.625,False
ORCL,put,mid,Fri-0DTE,13:00,OTM1,2024-08-23,2026-07-10,57,90.0,137,27.737,32.0,22.0,65.25,109.0,0.375,34.0,-0.625,False
ORCL,put,mid,Fri-0DTE,13:00,OTM1,2024-08-23,2026-07-10,57,100.0,137,27.007,30.0,22.0,57.0,108.0,0.375,34.0,-0.625,False
ORCL,put,market,Fri-0DTE,13:00,OTM1,2024-08-23,2026-07-10,57,20.0,137,23.358,32.0,17.0,63.0,114.5,-0.23077,22.0,-1.0,False
ORCL,put,market,Fri-0DTE,13:00,OTM1,2024-08-23,2026-07-10,57,25.0,137,21.898,32.0,17.5,93.25,117.0,-0.23077,22.0,-1.0,False
ORCL,put,market,Fri-0DTE,13:00,OTM1,2024-08-23,2026-07-10,57,30.0,137,20.438,32.5,17.75,106.25,122.5,-0.23077,22.0,-1.0,False
ORCL,put,market,Fri-0DTE,13:00,OTM1,2024-08-23,2026-07-10,57,40.0,137,18.248,33.0,22.0,110.0,139.0,-0.23077,22.0,-1.0,False
ORCL,put,market,Fri-0DTE,13:00,OTM1,2024-08-23,2026-07-10,57,50.0,137,17.518,34.0,21.25,112.75,145.5,-0.23077,22.0,-1.0,False
ORCL,put,market,Fri-0DTE,13:00,OTM1,2024-08-23,2026-07-10,57,60.0,137,17.518,38.5,23.75,112.75,145.5,-0.23077,22.0,-1.0,False
ORCL,put,market,Fri-0DTE,13:00,OTM1,2024-08-23,2026-07-10,57,70.0,137,16.788,41.0,25.5,115.5,151.0,-0.23077,22.0,-1.0,False
ORCL,put,market,Fri-0DTE,13:00,OTM1,2024-08-23,2026-07-10,57,75.0,137,16.788,45.0,27.0,115.5,151.0,-0.23077,22.0,-1.0,False
ORCL,put,market,Fri-0DTE,13:00,OTM1,2024-08-23,2026-07-10,57,80.0,137,16.058,47.0,26.5,118.25,149.5,-0.23077,22.0,-1.0,False
ORCL,put,market,Fri-0DTE,13:00,OTM1,2024-08-23,2026-07-10,57,90.0,137,14.599,49.0,29.75,112.75,149.0,-0.23077,22.0,-1.0,False
ORCL,put,market,Fri-0DTE,13:00,OTM1,2024-08-23,2026-07-10,57,100.0,137,13.139,49.5,33.5,108.75,148.5,-0.23077,22.0,-1.0,False
ORCL,call,mid,Fri-0DTE,13:00,OTM1,2024-09-06,2026-07-10,62,20.0,201,63.184,10.0,3.0,28.0,83.0,0.42857,16.0,-0.57143,False
ORCL,call,mid,Fri-0DTE,13:00,OTM1,2024-09-06,2026-07-10,62,25.0,201,61.692,11.0,4.0,29.25,78.5,0.42857,16.0,-0.57143,False
ORCL,call,mid,Fri-0DTE,13:00,OTM1,2024-09-06,2026-07-10,62,30.0,201,58.209,13.0,5.0,40.0,75.0,0.42857,16.0,-0.57143,False
ORCL,call,mid,Fri-0DTE,13:00,OTM1,2024-09-06,2026-07-10,62,40.0,201,53.731,15.0,6.0,38.5,79.0,0.42857,16.0,-0.57143,False
ORCL,call,mid,Fri-0DTE,13:00,OTM1,2024-09-06,2026-07-10,62,50.0,201,47.264,18.0,8.5,45.0,83.0,0.42857,16.0,-0.57143,False
ORCL,call,mid,Fri-0DTE,13:00,OTM1,2024-09-06,2026-07-10,62,60.0,201,44.776,23.5,12.0,54.25,82.5,0.42857,16.0,-0.57143,False
ORCL,call,mid,Fri-0DTE,13:00,OTM1,2024-09-06,2026-07-10,62,70.0,201,41.791,29.5,16.0,74.5,84.5,0.42857,16.0,-0.57143,False
ORCL,call,mid,Fri-0DTE,13:00,OTM1,2024-09-06,2026-07-10,62,75.0,201,41.791,30.5,16.0,75.0,84.5,0.42857,16.0,-0.57143,False
ORCL,call,mid,Fri-0DTE,13:00,OTM1,2024-09-06,2026-07-10,62,80.0,201,38.308,31.0,16.0,78.0,88.0,0.42857,16.0,-0.57143,False
ORCL,call,mid,Fri-0DTE,13:00,OTM1,2024-09-06,2026-07-10,62,90.0,201,38.308,33.0,17.0,78.0,86.0,0.42857,16.0,-0.57143,False
ORCL,call,mid,Fri-0DTE,13:00,OTM1,2024-09-06,2026-07-10,62,100.0,201,36.816,33.0,17.0,77.0,85.0,0.42857,16.0,-0.57143,False
ORCL,call,market,Fri-0DTE,13:00,OTM1,2024-09-06,2026-07-10,62,20.0,201,32.338,23.0,10.0,63.0,110.0,-0.30769,8.0,-1.0,False
ORCL,call,market,Fri-0DTE,13:00,OTM1,2024-09-06,2026-07-10,62,25.0,201,31.343,26.0,11.0,70.0,112.0,-0.30769,8.0,-1.0,False
ORCL,call,market,Fri-0DTE,13:00,OTM1,2024-09-06,2026-07-10,62,30.0,201,29.851,30.5,11.75,77.0,108.5,-0.30769,8.0,-1.0,False
ORCL,call,market,Fri-0DTE,13:00,OTM1,2024-09-06,2026-07-10,62,40.0,201,29.353,41.0,17.5,77.5,110.0,-0.30769,8.0,-1.0,False
ORCL,call,market,Fri-0DTE,13:00,OTM1,2024-09-06,2026-07-10,62,50.0,201,28.856,51.5,23.25,81.25,113.5,-0.30769,8.0,-1.0,False
ORCL,call,market,Fri-0DTE,13:00,OTM1,2024-09-06,2026-07-10,62,60.0,201,28.856,59.5,23.25,85.5,102.0,-0.30769,8.0,-1.0,False
ORCL,call,market,Fri-0DTE,13:00,OTM1,2024-09-06,2026-07-10,62,70.0,201,26.368,58.0,27.0,83.0,95.0,-0.30769,8.0,-1.0,False
ORCL,call,market,Fri-0DTE,13:00,OTM1,2024-09-06,2026-07-10,62,75.0,201,25.871,54.0,26.5,83.75,94.0,-0.30769,8.0,-1.0,False
ORCL,call,market,Fri-0DTE,13:00,OTM1,2024-09-06,2026-07-10,62,80.0,201,22.886,47.5,27.75,85.5,97.5,-0.30769,8.0,-1.0,False
ORCL,call,market,Fri-0DTE,13:00,OTM1,2024-09-06,2026-07-10,62,90.0,201,20.896,46.0,28.5,86.25,96.5,-0.30769,8.0,-1.0,False
ORCL,call,market,Fri-0DTE,13:00,OTM1,2024-09-06,2026-07-10,62,100.0,201,19.403,62.0,33.0,92.0,103.0,-0.30769,8.0,-1.0,False
ORCL,put,mid,Fri-0DTE,14:00,OTM1,2024-09-06,2026-07-10,53,20.0,127,51.969,12.5,5.0,42.5,75.5,0.25,14.0,-0.4,False
ORCL,put,mid,Fri-0DTE,14:00,OTM1,2024-09-06,2026-07-10,53,25.0,127,51.181,12.0,5.0,43.0,70.0,0.25,14.0,-0.4,False
ORCL,put,mid,Fri-0DTE,14:00,OTM1,2024-09-06,2026-07-10,53,30.0,127,47.244,15.5,6.0,39.5,55.0,0.25,14.0,-0.4,False
ORCL,put,mid,Fri-0DTE,14:00,OTM1,2024-09-06,2026-07-10,53,40.0,127,43.307,22.0,7.0,51.5,57.0,0.25,14.0,-0.4,False
ORCL,put,mid,Fri-0DTE,14:00,OTM1,2024-09-06,2026-07-10,53,50.0,127,37.008,31.0,10.5,68.5,68.0,0.25,14.0,-0.4,False
ORCL,put,mid,Fri-0DTE,14:00,OTM1,2024-09-06,2026-07-10,53,60.0,127,30.709,39.0,16.0,70.5,72.0,0.25,14.0,-0.4,False
ORCL,put,mid,Fri-0DTE,14:00,OTM1,2024-09-06,2026-07-10,53,70.0,127,27.559,39.0,16.0,70.0,88.0,0.25,14.0,-0.4,False
ORCL,put,mid,Fri-0DTE,14:00,OTM1,2024-09-06,2026-07-10,53,75.0,127,23.622,32.0,14.75,76.25,90.5,0.25,14.0,-0.4,False
ORCL,put,mid,Fri-0DTE,14:00,OTM1,2024-09-06,2026-07-10,53,80.0,127,22.047,37.0,16.5,80.5,92.5,0.25,14.0,-0.4,False
ORCL,put,mid,Fri-0DTE,14:00,OTM1,2024-09-06,2026-07-10,53,90.0,127,20.472,32.5,15.5,83.5,93.0,0.25,14.0,-0.4,False
ORCL,put,mid,Fri-0DTE,14:00,OTM1,2024-09-06,2026-07-10,53,100.0,127,19.685,31.0,15.0,77.0,93.0,0.25,14.0,-0.4,False
ORCL,put,market,Fri-0DTE,14:00,OTM1,2024-09-06,2026-07-10,53,20.0,127,14.961,37.0,16.5,79.0,94.0,-0.66667,6.0,-1.0,False
ORCL,put,market,Fri-0DTE,14:00,OTM1,2024-09-06,2026-07-10,53,25.0,127,12.598,62.5,30.0,88.5,96.5,-0.66667,6.0,-1.0,False
ORCL,put,market,Fri-0DTE,14:00,OTM1,2024-09-06,2026-07-10,53,30.0,127,11.811,65.0,31.5,89.0,98.0,-0.66667,6.0,-1.0,False
ORCL,put,market,Fri-0DTE,14:00,OTM1,2024-09-06,2026-07-10,53,40.0,127,11.811,65.0,31.5,90.0,98.0,-0.66667,6.0,-1.0,False
ORCL,put,market,Fri-0DTE,14:00,OTM1,2024-09-06,2026-07-10,53,50.0,127,11.811,65.0,32.0,90.0,98.0,-0.66667,6.0,-1.0,False
ORCL,put,market,Fri-0DTE,14:00,OTM1,2024-09-06,2026-07-10,53,60.0,127,11.811,65.0,32.0,90.5,98.0,-0.66667,6.0,-1.0,False
ORCL,put,market,Fri-0DTE,14:00,OTM1,2024-09-06,2026-07-10,53,70.0,127,11.811,71.0,32.5,90.5,98.0,-0.66667,6.0,-1.0,False
ORCL,put,market,Fri-0DTE,14:00,OTM1,2024-09-06,2026-07-10,53,75.0,127,11.811,71.0,32.5,90.5,98.0,-0.66667,6.0,-1.0,False
ORCL,put,market,Fri-0DTE,14:00,OTM1,2024-09-06,2026-07-10,53,80.0,127,10.236,65.0,47.0,92.0,99.0,-0.66667,6.0,-1.0,False
ORCL,put,market,Fri-0DTE,14:00,OTM1,2024-09-06,2026-07-10,53,90.0,127,10.236,68.0,47.0,93.0,99.0,-0.66667,6.0,-1.0,False
ORCL,put,market,Fri-0DTE,14:00,OTM1,2024-09-06,2026-07-10,53,100.0,127,10.236,71.0,60.0,93.0,99.0,-0.66667,6.0,-1.0,False
ORCL,put,mid,Fri-0DTE,14:30,ATM,2024-09-06,2026-07-10,66,20.0,235,66.809,8.0,4.0,19.0,64.0,0.53333,23.0,-0.625,False
ORCL,put,mid,Fri-0DTE,14:30,ATM,2024-09-06,2026-07-10,66,25.0,235,64.681,9.0,4.0,23.0,63.5,0.53333,23.0,-0.625,False
ORCL,put,mid,Fri-0DTE,14:30,ATM,2024-09-06,2026-07-10,66,30.0,235,60.0,11.0,5.0,24.0,64.0,0.53333,23.0,-0.625,False
ORCL,put,mid,Fri-0DTE,14:30,ATM,2024-09-06,2026-07-10,66,40.0,235,53.617,14.0,6.0,27.0,64.0,0.53333,23.0,-0.625,False
ORCL,put,mid,Fri-0DTE,14:30,ATM,2024-09-06,2026-07-10,66,50.0,235,51.915,16.5,8.0,34.75,64.0,0.53333,23.0,-0.625,False
ORCL,put,mid,Fri-0DTE,14:30,ATM,2024-09-06,2026-07-10,66,60.0,235,46.383,20.0,9.0,38.0,64.0,0.53333,23.0,-0.625,False
ORCL,put,mid,Fri-0DTE,14:30,ATM,2024-09-06,2026-07-10,66,70.0,235,41.702,23.0,9.0,40.0,64.0,0.53333,23.0,-0.625,False
ORCL,put,mid,Fri-0DTE,14:30,ATM,2024-09-06,2026-07-10,66,75.0,235,40.0,23.0,10.0,41.0,64.0,0.53333,23.0,-0.625,False
ORCL,put,mid,Fri-0DTE,14:30,ATM,2024-09-06,2026-07-10,66,80.0,235,37.872,25.0,11.0,41.0,64.0,0.53333,23.0,-0.625,False
ORCL,put,mid,Fri-0DTE,14:30,ATM,2024-09-06,2026-07-10,66,90.0,235,32.766,31.0,15.0,44.0,67.0,0.53333,23.0,-0.625,False
ORCL,put,mid,Fri-0DTE,14:30,ATM,2024-09-06,2026-07-10,66,100.0,235,30.213,31.0,15.0,45.0,68.0,0.53333,23.0,-0.625,False
ORCL,put,market,Fri-0DTE,14:30,ATM,2024-09-06,2026-07-10,66,20.0,235,51.064,15.0,6.75,33.0,65.0,0.21569,23.0,-0.96124,False
ORCL,put,market,Fri-0DTE,14:30,ATM,2024-09-06,2026-07-10,66,25.0,235,47.66,16.0,7.0,36.25,65.5,0.21569,23.0,-0.96124,False
ORCL,put,market,Fri-0DTE,14:30,ATM,2024-09-06,2026-07-10,66,30.0,235,44.255,20.0,9.0,41.0,67.5,0.21569,23.0,-0.96124,False
ORCL,put,market,Fri-0DTE,14:30,ATM,2024-09-06,2026-07-10,66,40.0,235,40.851,22.0,10.75,44.0,65.5,0.21569,23.0,-0.96124,False
ORCL,put,market,Fri-0DTE,14:30,ATM,2024-09-06,2026-07-10,66,50.0,235,34.468,27.0,13.0,45.0,68.0,0.21569,23.0,-0.96124,False
ORCL,put,market,Fri-0DTE,14:30,ATM,2024-09-06,2026-07-10,66,60.0,235,31.489,30.5,15.25,44.75,68.5,0.21569,23.0,-0.96124,False
ORCL,put,market,Fri-0DTE,14:30,ATM,2024-09-06,2026-07-10,66,70.0,235,29.362,35.0,19.0,47.0,68.0,0.21569,23.0,-0.96124,False
ORCL,put,market,Fri-0DTE,14:30,ATM,2024-09-06,2026-07-10,66,75.0,235,28.511,34.0,19.0,47.0,69.0,0.21569,23.0,-0.96124,False
ORCL,put,market,Fri-0DTE,14:30,ATM,2024-09-06,2026-07-10,66,80.0,235,28.085,33.0,19.0,47.0,68.5,0.21569,23.0,-0.96124,False
ORCL,put,market,Fri-0DTE,14:30,ATM,2024-09-06,2026-07-10,66,90.0,235,25.532,37.0,24.75,51.25,69.0,0.21569,23.0,-0.96124,False
ORCL,put,market,Fri-0DTE,14:30,ATM,2024-09-06,2026-07-10,66,100.0,235,23.83,39.0,27.25,51.25,67.0,0.21569,23.0,-0.96124,False
ORCL,call,mid,Fri-0DTE,12:00,ITM,2024-09-13,2026-06-12,56,20.0,275,53.091,56.5,25.25,111.75,219.0,0.21429,79.0,-0.168,False
ORCL,call,mid,Fri-0DTE,12:00,ITM,2024-09-13,2026-06-12,56,25.0,275,43.636,60.0,29.0,146.5,219.0,0.21429,79.0,-0.168,False
ORCL,call,mid,Fri-0DTE,12:00,ITM,2024-09-13,2026-06-12,56,30.0,275,38.545,69.0,36.0,162.75,219.0,0.21429,79.0,-0.168,False
ORCL,call,mid,Fri-0DTE,12:00,ITM,2024-09-13,2026-06-12,56,40.0,275,28.0,116.0,52.0,186.0,223.0,0.21429,79.0,-0.168,False
ORCL,call,mid,Fri-0DTE,12:00,ITM,2024-09-13,2026-06-12,56,50.0,275,20.364,128.5,63.25,180.25,224.0,0.21429,79.0,-0.168,False
ORCL,call,mid,Fri-0DTE,12:00,ITM,2024-09-13,2026-06-12,56,60.0,275,17.455,174.0,73.5,199.5,223.5,0.21429,79.0,-0.168,False
ORCL,call,mid,Fri-0DTE,12:00,ITM,2024-09-13,2026-06-12,56,70.0,275,14.182,186.0,84.0,215.0,224.0,0.21429,79.0,-0.168,False
ORCL,call,mid,Fri-0DTE,12:00,ITM,2024-09-13,2026-06-12,56,75.0,275,14.182,189.0,91.0,224.0,224.0,0.21429,79.0,-0.168,False
ORCL,call,mid,Fri-0DTE,12:00,ITM,2024-09-13,2026-06-12,56,80.0,275,13.091,195.5,109.75,219.0,223.5,0.21429,79.0,-0.168,False
ORCL,call,mid,Fri-0DTE,12:00,ITM,2024-09-13,2026-06-12,56,90.0,275,10.545,175.0,89.0,218.0,223.0,0.21429,79.0,-0.168,False
ORCL,call,mid,Fri-0DTE,12:00,ITM,2024-09-13,2026-06-12,56,100.0,275,8.727,172.5,132.25,220.75,223.5,0.21429,79.0,-0.168,False
ORCL,call,market,Fri-0DTE,12:00,ITM,2024-09-13,2026-06-12,56,20.0,275,46.182,60.0,27.0,120.0,219.0,0.188,79.0,-0.19055,False
ORCL,call,market,Fri-0DTE,12:00,ITM,2024-09-13,2026-06-12,56,25.0,275,40.364,66.0,33.0,164.5,219.0,0.188,79.0,-0.19055,False
ORCL,call,market,Fri-0DTE,12:00,ITM,2024-09-13,2026-06-12,56,30.0,275,36.0,81.0,40.5,174.0,219.0,0.188,79.0,-0.19055,False
ORCL,call,market,Fri-0DTE,12:00,ITM,2024-09-13,2026-06-12,56,40.0,275,24.727,128.5,58.5,181.25,224.0,0.188,79.0,-0.19055,False
ORCL,call,market,Fri-0DTE,12:00,ITM,2024-09-13,2026-06-12,56,50.0,275,18.909,140.5,67.0,184.25,224.0,0.188,79.0,-0.19055,False
ORCL,call,market,Fri-0DTE,12:00,ITM,2024-09-13,2026-06-12,56,60.0,275,16.0,178.5,76.75,214.0,224.0,0.188,79.0,-0.19055,False
ORCL,call,market,Fri-0DTE,12:00,ITM,2024-09-13,2026-06-12,56,70.0,275,14.182,189.0,91.0,224.0,224.0,0.188,79.0,-0.19055,False
ORCL,call,market,Fri-0DTE,12:00,ITM,2024-09-13,2026-06-12,56,75.0,275,13.091,195.5,109.75,218.25,223.5,0.188,79.0,-0.19055,False
ORCL,call,market,Fri-0DTE,12:00,ITM,2024-09-13,2026-06-12,56,80.0,275,13.091,203.0,124.75,219.75,222.0,0.188,79.0,-0.19055,False
ORCL,call,market,Fri-0DTE,12:00,ITM,2024-09-13,2026-06-12,56,90.0,275,9.818,175.0,126.5,221.5,224.0,0.188,79.0,-0.19055,False
ORCL,call,market,Fri-0DTE,12:00,ITM,2024-09-13,2026-06-12,56,100.0,275,8.0,172.5,149.5,219.25,222.0,0.188,79.0,-0.19055,False
ORCL,call,mid,Fri-0DTE,12:30,ITM,2024-09-13,2026-07-10,63,20.0,250,43.6,36.0,21.0,137.0,189.0,0.1529,59.0,-0.18249,False
ORCL,call,mid,Fri-0DTE,12:30,ITM,2024-09-13,2026-07-10,63,25.0,250,37.2,46.0,24.0,138.0,189.0,0.1529,59.0,-0.18249,False
ORCL,call,mid,Fri-0DTE,12:30,ITM,2024-09-13,2026-07-10,63,30.0,250,33.2,50.0,27.5,162.5,190.0,0.1529,59.0,-0.18249,False
ORCL,call,mid,Fri-0DTE,12:30,ITM,2024-09-13,2026-07-10,63,40.0,250,24.4,62.0,33.0,170.0,194.0,0.1529,59.0,-0.18249,False
ORCL,call,mid,Fri-0DTE,12:30,ITM,2024-09-13,2026-07-10,63,50.0,250,18.8,87.0,35.0,174.0,194.0,0.1529,59.0,-0.18249,False
ORCL,call,mid,Fri-0DTE,12:30,ITM,2024-09-13,2026-07-10,63,60.0,250,17.2,117.0,42.5,178.0,194.0,0.1529,59.0,-0.18249,False
ORCL,call,mid,Fri-0DTE,12:30,ITM,2024-09-13,2026-07-10,63,70.0,250,14.4,140.5,99.5,184.0,194.0,0.1529,59.0,-0.18249,False
ORCL,call,mid,Fri-0DTE,12:30,ITM,2024-09-13,2026-07-10,63,75.0,250,12.0,128.5,91.5,181.5,196.0,0.1529,59.0,-0.18249,False
ORCL,call,mid,Fri-0DTE,12:30,ITM,2024-09-13,2026-07-10,63,80.0,250,11.6,132.0,106.0,183.0,198.0,0.1529,59.0,-0.18249,False
ORCL,call,mid,Fri-0DTE,12:30,ITM,2024-09-13,2026-07-10,63,90.0,250,10.0,135.0,115.0,183.0,194.0,0.1529,59.0,-0.18249,False
ORCL,call,mid,Fri-0DTE,12:30,ITM,2024-09-13,2026-07-10,63,100.0,250,9.6,145.0,126.25,188.25,194.0,0.1529,59.0,-0.18249,False
ORCL,call,market,Fri-0DTE,12:30,ITM,2024-09-13,2026-07-10,63,20.0,250,40.0,44.5,24.0,141.0,189.0,0.12956,59.0,-0.19956,False
ORCL,call,market,Fri-0DTE,12:30,ITM,2024-09-13,2026-07-10,63,25.0,250,35.2,50.0,24.0,159.5,191.0,0.12956,59.0,-0.19956,False
ORCL,call,market,Fri-0DTE,12:30,ITM,2024-09-13,2026-07-10,63,30.0,250,30.0,52.0,31.0,172.5,192.0,0.12956,59.0,-0.19956,False
ORCL,call,market,Fri-0DTE,12:30,ITM,2024-09-13,2026-07-10,63,40.0,250,22.4,66.5,38.25,175.0,193.5,0.12956,59.0,-0.19956,False
ORCL,call,market,Fri-0DTE,12:30,ITM,2024-09-13,2026-07-10,63,50.0,250,17.6,102.0,36.25,180.25,194.0,0.12956,59.0,-0.19956,False
ORCL,call,market,Fri-0DTE,12:30,ITM,2024-09-13,2026-07-10,63,60.0,250,16.0,135.0,89.75,180.25,194.0,0.12956,59.0,-0.19956,False
ORCL,call,market,Fri-0DTE,12:30,ITM,2024-09-13,2026-07-10,63,70.0,250,12.4,130.0,95.0,183.0,194.0,0.12956,59.0,-0.19956,False
ORCL,call,market,Fri-0DTE,12:30,ITM,2024-09-13,2026-07-10,63,75.0,250,11.6,132.0,106.0,183.0,198.0,0.12956,59.0,-0.19956,False
ORCL,call,market,Fri-0DTE,12:30,ITM,2024-09-13,2026-07-10,63,80.0,250,11.2,134.5,100.5,187.0,196.0,0.12956,59.0,-0.19956,False
ORCL,call,market,Fri-0DTE,12:30,ITM,2024-09-13,2026-07-10,63,90.0,250,10.0,146.0,117.0,186.0,194.0,0.12956,59.0,-0.19956,False
ORCL,call,market,Fri-0DTE,12:30,ITM,2024-09-13,2026-07-10,63,100.0,250,9.2,145.0,126.0,189.5,194.0,0.12956,59.0,-0.19956,False
ORCL,call,mid,Fri-0DTE,13:00,ITM,2024-09-13,2026-07-10,58,20.0,233,41.631,56.0,19.0,118.0,163.0,0.14476,79.0,-0.18133,False
ORCL,call,mid,Fri-0DTE,13:00,ITM,2024-09-13,2026-07-10,58,25.0,233,34.764,69.0,22.0,122.0,163.0,0.14476,79.0,-0.18133,False
ORCL,call,mid,Fri-0DTE,13:00,ITM,2024-09-13,2026-07-10,58,30.0,233,29.185,85.5,36.75,142.75,163.5,0.14476,79.0,-0.18133,False
ORCL,call,mid,Fri-0DTE,13:00,ITM,2024-09-13,2026-07-10,58,40.0,233,22.318,105.5,71.0,150.75,164.0,0.14476,79.0,-0.18133,False
ORCL,call,mid,Fri-0DTE,13:00,ITM,2024-09-13,2026-07-10,58,50.0,233,18.455,111.0,76.5,150.0,164.0,0.14476,79.0,-0.18133,False
ORCL,call,mid,Fri-0DTE,13:00,ITM,2024-09-13,2026-07-10,58,60.0,233,15.451,116.5,91.25,152.0,164.0,0.14476,79.0,-0.18133,False
ORCL,call,mid,Fri-0DTE,13:00,ITM,2024-09-13,2026-07-10,58,70.0,233,12.017,124.5,101.25,157.5,163.5,0.14476,79.0,-0.18133,False
ORCL,call,mid,Fri-0DTE,13:00,ITM,2024-09-13,2026-07-10,58,75.0,233,10.73,124.0,102.0,160.0,164.0,0.14476,79.0,-0.18133,False
ORCL,call,mid,Fri-0DTE,13:00,ITM,2024-09-13,2026-07-10,58,80.0,233,9.013,115.0,102.0,162.0,166.0,0.14476,79.0,-0.18133,False
ORCL,call,mid,Fri-0DTE,13:00,ITM,2024-09-13,2026-07-10,58,90.0,233,8.584,125.5,105.0,158.25,165.0,0.14476,79.0,-0.18133,False
ORCL,call,mid,Fri-0DTE,13:00,ITM,2024-09-13,2026-07-10,58,100.0,233,6.009,120.5,99.75,155.0,160.5,0.14476,79.0,-0.18133,False
ORCL,call,market,Fri-0DTE,13:00,ITM,2024-09-13,2026-07-10,58,20.0,233,36.91,68.0,20.5,121.25,164.0,0.12105,79.0,-0.20526,False
ORCL,call,market,Fri-0DTE,13:00,ITM,2024-09-13,2026-07-10,58,25.0,233,32.618,80.0,29.0,134.0,163.0,0.12105,79.0,-0.20526,False
ORCL,call,market,Fri-0DTE,13:00,ITM,2024-09-13,2026-07-10,58,30.0,233,26.18,90.0,53.0,150.0,164.0,0.12105,79.0,-0.20526,False
ORCL,call,market,Fri-0DTE,13:00,ITM,2024-09-13,2026-07-10,58,40.0,233,19.742,107.0,75.5,148.5,164.0,0.12105,79.0,-0.20526,False
ORCL,call,market,Fri-0DTE,13:00,ITM,2024-09-13,2026-07-10,58,50.0,233,17.597,112.0,92.0,151.0,164.0,0.12105,79.0,-0.20526,False
ORCL,call,market,Fri-0DTE,13:00,ITM,2024-09-13,2026-07-10,58,60.0,233,14.163,120.0,100.0,154.0,161.0,0.12105,79.0,-0.20526,False
ORCL,call,market,Fri-0DTE,13:00,ITM,2024-09-13,2026-07-10,58,70.0,233,10.73,124.0,102.0,160.0,164.0,0.12105,79.0,-0.20526,False
ORCL,call,market,Fri-0DTE,13:00,ITM,2024-09-13,2026-07-10,58,75.0,233,9.013,115.0,102.0,162.0,166.0,0.12105,79.0,-0.20526,False
ORCL,call,market,Fri-0DTE,13:00,ITM,2024-09-13,2026-07-10,58,80.0,233,9.013,122.0,104.0,162.0,166.0,0.12105,79.0,-0.20526,False
ORCL,call,market,Fri-0DTE,13:00,ITM,2024-09-13,2026-07-10,58,90.0,233,7.725,125.5,105.75,163.5,165.0,0.12105,79.0,-0.20526,False
ORCL,call,market,Fri-0DTE,13:00,ITM,2024-09-13,2026-07-10,58,100.0,233,4.721,122.0,103.0,165.0,168.0,0.12105,79.0,-0.20526,False
ORCL,call,mid,Fri-0DTE,15:00,ITM,2024-09-13,2026-07-10,68,20.0,315,27.937,30.0,10.0,44.0,44.0,0.10292,30.0,-0.08676,False
ORCL,call,mid,Fri-0DTE,15:00,ITM,2024-09-13,2026-07-10,68,25.0,315,23.492,34.0,15.25,45.0,44.0,0.10292,30.0,-0.08676,False
ORCL,call,mid,Fri-0DTE,15:00,ITM,2024-09-13,2026-07-10,68,30.0,315,21.27,35.0,15.5,46.5,44.0,0.10292,30.0,-0.08676,False
ORCL,call,mid,Fri-0DTE,15:00,ITM,2024-09-13,2026-07-10,68,40.0,315,15.238,36.0,24.75,49.0,44.0,0.10292,30.0,-0.08676,False
ORCL,call,mid,Fri-0DTE,15:00,ITM,2024-09-13,2026-07-10,68,50.0,315,11.111,38.0,30.0,49.0,46.0,0.10292,30.0,-0.08676,False
ORCL,call,mid,Fri-0DTE,15:00,ITM,2024-09-13,2026-07-10,68,60.0,315,8.889,39.5,30.0,46.5,44.0,0.10292,30.0,-0.08676,False
ORCL,call,mid,Fri-0DTE,15:00,ITM,2024-09-13,2026-07-10,68,70.0,315,6.984,38.5,32.5,45.5,41.0,0.10292,30.0,-0.08676,False
ORCL,call,mid,Fri-0DTE,15:00,ITM,2024-09-13,2026-07-10,68,75.0,315,5.714,43.5,31.75,46.75,43.5,0.10292,30.0,-0.08676,False
ORCL,call,mid,Fri-0DTE,15:00,ITM,2024-09-13,2026-07-10,68,80.0,315,5.397,44.0,31.0,48.0,44.0,0.10292,30.0,-0.08676,False
ORCL,call,mid,Fri-0DTE,15:00,ITM,2024-09-13,2026-07-10,68,90.0,315,3.492,45.0,33.0,50.5,49.0,0.10292,30.0,-0.08676,False
ORCL,call,mid,Fri-0DTE,15:00,ITM,2024-09-13,2026-07-10,68,100.0,315,3.175,47.0,32.0,50.0,48.0,0.10292,30.0,-0.08676,False
ORCL,call,market,Fri-0DTE,15:00,ITM,2024-09-13,2026-07-10,68,20.0,315,24.444,34.0,14.0,45.0,44.0,0.07778,30.0,-0.10753,False
ORCL,call,market,Fri-0DTE,15:00,ITM,2024-09-13,2026-07-10,68,25.0,315,21.905,37.0,17.0,47.0,45.0,0.07778,30.0,-0.10753,False
ORCL,call,market,Fri-0DTE,15:00,ITM,2024-09-13,2026-07-10,68,30.0,315,17.778,35.5,18.75,48.25,44.5,0.07778,30.0,-0.10753,False
ORCL,call,market,Fri-0DTE,15:00,ITM,2024-09-13,2026-07-10,68,40.0,315,12.698,38.0,29.0,49.0,46.5,0.07778,30.0,-0.10753,False
ORCL,call,market,Fri-0DTE,15:00,ITM,2024-09-13,2026-07-10,68,50.0,315,9.206,39.0,30.0,49.0,47.0,0.07778,30.0,-0.10753,False
ORCL,call,market,Fri-0DTE,15:00,ITM,2024-09-13,2026-07-10,68,60.0,315,7.937,40.0,34.0,47.0,44.0,0.07778,30.0,-0.10753,False
ORCL,call,market,Fri-0DTE,15:00,ITM,2024-09-13,2026-07-10,68,70.0,315,6.349,41.0,31.75,46.25,43.0,0.07778,30.0,-0.10753,False
ORCL,call,market,Fri-0DTE,15:00,ITM,2024-09-13,2026-07-10,68,75.0,315,4.762,45.0,36.5,48.5,47.0,0.07778,30.0,-0.10753,False
ORCL,call,market,Fri-0DTE,15:00,ITM,2024-09-13,2026-07-10,68,80.0,315,3.81,46.0,33.25,49.25,48.5,0.07778,30.0,-0.10753,False
ORCL,call,market,Fri-0DTE,15:00,ITM,2024-09-13,2026-07-10,68,90.0,315,3.175,47.0,32.0,49.75,48.5,0.07778,30.0,-0.10753,False
ORCL,call,market,Fri-0DTE,15:00,ITM,2024-09-13,2026-07-10,68,100.0,315,2.857,49.0,35.0,50.0,49.0,0.07778,30.0,-0.10753,False
ORCL,call,mid,Fri-0DTE,15:30,ITM,2024-09-13,2026-06-12,54,20.0,120,19.167,20.0,15.5,24.5,29.0,0.0581,17.5,-0.05313,False
ORCL,call,mid,Fri-0DTE,15:30,ITM,2024-09-13,2026-06-12,54,25.0,120,15.833,20.0,15.5,24.5,29.0,0.0581,17.5,-0.05313,False
ORCL,call,mid,Fri-0DTE,15:30,ITM,2024-09-13,2026-06-12,54,30.0,120,15.0,21.5,19.0,24.75,29.0,0.0581,17.5,-0.05313,False
ORCL,call,mid,Fri-0DTE,15:30,ITM,2024-09-13,2026-06-12,54,40.0,120,9.167,24.0,21.5,25.0,29.0,0.0581,17.5,-0.05313,False
ORCL,call,mid,Fri-0DTE,15:30,ITM,2024-09-13,2026-06-12,54,50.0,120,5.833,24.0,22.0,24.0,29.0,0.0581,17.5,-0.05313,False
ORCL,call,mid,Fri-0DTE,15:30,ITM,2024-09-13,2026-06-12,54,60.0,120,5.0,24.5,24.0,25.75,29.0,0.0581,17.5,-0.05313,False
ORCL,call,mid,Fri-0DTE,15:30,ITM,2024-09-13,2026-06-12,54,70.0,120,4.167,25.0,24.0,28.0,29.0,0.0581,17.5,-0.05313,False
ORCL,call,mid,Fri-0DTE,15:30,ITM,2024-09-13,2026-06-12,54,75.0,120,2.5,25.0,24.5,25.0,29.0,0.0581,17.5,-0.05313,False
ORCL,call,mid,Fri-0DTE,15:30,ITM,2024-09-13,2026-06-12,54,80.0,120,2.5,25.0,24.5,27.0,29.0,0.0581,17.5,-0.05313,False
ORCL,call,mid,Fri-0DTE,15:30,ITM,2024-09-13,2026-06-12,54,90.0,120,1.667,25.0,24.5,25.5,28.5,0.0581,17.5,-0.05313,False
ORCL,call,mid,Fri-0DTE,15:30,ITM,2024-09-13,2026-06-12,54,100.0,120,0.833,24.0,24.0,24.0,29.0,0.0581,17.5,-0.05313,False
ORCL,call,market,Fri-0DTE,15:30,ITM,2024-09-13,2026-06-12,54,20.0,120,18.333,20.0,16.75,24.75,29.0,0.02971,17.5,-0.07327,False
ORCL,call,market,Fri-0DTE,15:30,ITM,2024-09-13,2026-06-12,54,25.0,120,15.0,22.5,19.25,24.0,29.0,0.02971,17.5,-0.07327,False
ORCL,call,market,Fri-0DTE,15:30,ITM,2024-09-13,2026-06-12,54,30.0,120,11.667,23.5,21.25,25.0,28.5,0.02971,17.5,-0.07327,False
ORCL,call,market,Fri-0DTE,15:30,ITM,2024-09-13,2026-06-12,54,40.0,120,8.333,24.0,23.25,25.0,29.0,0.02971,17.5,-0.07327,False
ORCL,call,market,Fri-0DTE,15:30,ITM,2024-09-13,2026-06-12,54,50.0,120,5.0,24.0,24.0,24.0,29.0,0.02971,17.5,-0.07327,False
ORCL,call,market,Fri-0DTE,15:30,ITM,2024-09-13,2026-06-12,54,60.0,120,4.167,25.0,24.0,26.0,29.0,0.02971,17.5,-0.07327,False
ORCL,call,market,Fri-0DTE,15:30,ITM,2024-09-13,2026-06-12,54,70.0,120,2.5,24.0,24.0,24.5,29.0,0.02971,17.5,-0.07327,False
ORCL,call,market,Fri-0DTE,15:30,ITM,2024-09-13,2026-06-12,54,75.0,120,2.5,25.0,24.5,27.0,29.0,0.02971,17.5,-0.07327,False
ORCL,call,market,Fri-0DTE,15:30,ITM,2024-09-13,2026-06-12,54,80.0,120,2.5,26.0,25.0,27.5,29.0,0.02971,17.5,-0.07327,False
ORCL,call,market,Fri-0DTE,15:30,ITM,2024-09-13,2026-06-12,54,90.0,120,1.667,25.5,24.75,26.25,28.5,0.02971,17.5,-0.07327,False
ORCL,call,market,Fri-0DTE,15:30,ITM,2024-09-13,2026-06-12,54,100.0,120,0.833,24.0,24.0,24.0,29.0,0.02971,17.5,-0.07327,False
ORCL,call,mid,Fri-0DTE,14:00,OTM1,2024-09-13,2026-07-10,61,20.0,198,50.505,11.0,3.0,42.25,54.5,0.21825,6.0,-0.33333,False
ORCL,call,mid,Fri-0DTE,14:00,OTM1,2024-09-13,2026-07-10,61,25.0,198,49.495,12.0,4.0,42.75,57.0,0.21825,6.0,-0.33333,False
ORCL,call,mid,Fri-0DTE,14:00,OTM1,2024-09-13,2026-07-10,61,30.0,198,42.929,13.0,5.0,54.0,65.0,0.21825,6.0,-0.33333,False
ORCL,call,mid,Fri-0DTE,14:00,OTM1,2024-09-13,2026-07-10,61,40.0,198,33.333,15.0,5.25,51.75,67.5,0.21825,6.0,-0.33333,False
ORCL,call,mid,Fri-0DTE,14:00,OTM1,2024-09-13,2026-07-10,61,50.0,198,29.293,15.5,4.5,61.75,86.5,0.21825,6.0,-0.33333,False
ORCL,call,mid,Fri-0DTE,14:00,OTM1,2024-09-13,2026-07-10,61,60.0,198,26.263,27.0,9.5,71.25,90.5,0.21825,6.0,-0.33333,False
ORCL,call,mid,Fri-0DTE,14:00,OTM1,2024-09-13,2026-07-10,61,70.0,198,26.263,32.5,10.25,71.25,90.5,0.21825,6.0,-0.33333,False
ORCL,call,mid,Fri-0DTE,14:00,OTM1,2024-09-13,2026-07-10,61,75.0,198,26.263,34.0,11.75,72.75,90.5,0.21825,6.0,-0.33333,False
ORCL,call,mid,Fri-0DTE,14:00,OTM1,2024-09-13,2026-07-10,61,80.0,198,25.758,37.0,13.0,75.5,90.0,0.21825,6.0,-0.33333,False
ORCL,call,mid,Fri-0DTE,14:00,OTM1,2024-09-13,2026-07-10,61,90.0,198,24.747,40.0,16.0,85.0,90.0,0.21825,6.0,-0.33333,False
ORCL,call,mid,Fri-0DTE,14:00,OTM1,2024-09-13,2026-07-10,61,100.0,198,24.747,42.0,16.0,85.0,90.0,0.21825,6.0,-0.33333,False
ORCL,call,market,Fri-0DTE,14:00,OTM1,2024-09-13,2026-07-10,61,20.0,198,19.697,20.0,10.5,83.5,96.0,-0.74176,0.0,-1.0,False
ORCL,call,market,Fri-0DTE,14:00,OTM1,2024-09-13,2026-07-10,61,25.0,198,19.192,21.5,11.25,88.25,96.0,-0.74176,0.0,-1.0,False
ORCL,call,market,Fri-0DTE,14:00,OTM1,2024-09-13,2026-07-10,61,30.0,198,18.182,22.0,12.5,82.25,96.5,-0.74176,0.0,-1.0,False
ORCL,call,market,Fri-0DTE,14:00,OTM1,2024-09-13,2026-07-10,61,40.0,198,15.152,22.5,13.5,50.5,98.5,-0.74176,0.0,-1.0,False
ORCL,call,market,Fri-0DTE,14:00,OTM1,2024-09-13,2026-07-10,61,50.0,198,14.141,26.5,15.25,55.25,98.5,-0.74176,0.0,-1.0,False
ORCL,call,market,Fri-0DTE,14:00,OTM1,2024-09-13,2026-07-10,61,60.0,198,13.636,34.0,16.5,57.0,98.0,-0.74176,0.0,-1.0,False
ORCL,call,market,Fri-0DTE,14:00,OTM1,2024-09-13,2026-07-10,61,70.0,198,12.121,33.0,16.75,60.5,98.5,-0.74176,0.0,-1.0,False
ORCL,call,market,Fri-0DTE,14:00,OTM1,2024-09-13,2026-07-10,61,75.0,198,12.121,33.5,21.5,60.5,98.5,-0.74176,0.0,-1.0,False
ORCL,call,market,Fri-0DTE,14:00,OTM1,2024-09-13,2026-07-10,61,80.0,198,11.111,36.5,23.5,61.5,99.0,-0.74176,0.0,-1.0,False
ORCL,call,market,Fri-0DTE,14:00,OTM1,2024-09-13,2026-07-10,61,90.0,198,10.101,37.0,22.0,56.25,101.5,-0.74176,0.0,-1.0,False
ORCL,call,market,Fri-0DTE,14:00,OTM1,2024-09-13,2026-07-10,61,100.0,198,9.596,40.0,27.0,57.5,104.0,-0.74176,0.0,-1.0,False
ORCL,call,mid,Fri-0DTE,14:30,OTM1,2024-09-13,2026-07-10,61,20.0,184,51.63,19.0,5.5,34.5,51.0,0.25,8.5,-0.25,False
ORCL,call,mid,Fri-0DTE,14:30,OTM1,2024-09-13,2026-07-10,61,25.0,184,50.543,20.0,5.0,35.0,52.0,0.25,8.5,-0.25,False
ORCL,call,mid,Fri-0DTE,14:30,OTM1,2024-09-13,2026-07-10,61,30.0,184,44.565,21.5,6.0,39.5,51.5,0.25,8.5,-0.25,False
ORCL,call,mid,Fri-0DTE,14:30,OTM1,2024-09-13,2026-07-10,61,40.0,184,36.413,25.0,11.0,39.0,50.0,0.25,8.5,-0.25,False
ORCL,call,mid,Fri-0DTE,14:30,OTM1,2024-09-13,2026-07-10,61,50.0,184,30.978,27.0,13.0,43.0,50.0,0.25,8.5,-0.25,False
ORCL,call,mid,Fri-0DTE,14:30,OTM1,2024-09-13,2026-07-10,61,60.0,184,30.435,28.0,16.75,45.25,50.5,0.25,8.5,-0.25,False
ORCL,call,mid,Fri-0DTE,14:30,OTM1,2024-09-13,2026-07-10,61,70.0,184,26.63,27.0,17.0,46.0,55.0,0.25,8.5,-0.25,False
ORCL,call,mid,Fri-0DTE,14:30,OTM1,2024-09-13,2026-07-10,61,75.0,184,26.63,29.0,19.0,46.0,55.0,0.25,8.5,-0.25,False
ORCL,call,mid,Fri-0DTE,14:30,OTM1,2024-09-13,2026-07-10,61,80.0,184,26.087,30.5,19.75,46.5,55.5,0.25,8.5,-0.25,False
ORCL,call,mid,Fri-0DTE,14:30,OTM1,2024-09-13,2026-07-10,61,90.0,184,24.457,31.0,20.0,50.0,58.0,0.25,8.5,-0.25,False
ORCL,call,mid,Fri-0DTE,14:30,OTM1,2024-09-13,2026-07-10,61,100.0,184,23.913,31.5,20.75,50.25,59.0,0.25,8.5,-0.25,False
ORCL,call,market,Fri-0DTE,14:30,OTM1,2024-09-13,2026-07-10,61,20.0,184,16.848,29.0,13.5,51.0,63.0,-0.81818,0.0,-1.0,False
ORCL,call,market,Fri-0DTE,14:30,OTM1,2024-09-13,2026-07-10,61,25.0,184,16.848,29.0,13.5,51.0,61.0,-0.81818,0.0,-1.0,False
ORCL,call,market,Fri-0DTE,14:30,OTM1,2024-09-13,2026-07-10,61,30.0,184,16.304,30.5,15.5,51.0,62.0,-0.81818,0.0,-1.0,False
ORCL,call,market,Fri-0DTE,14:30,OTM1,2024-09-13,2026-07-10,61,40.0,184,13.587,32.0,14.0,51.0,64.0,-0.81818,0.0,-1.0,False
ORCL,call,market,Fri-0DTE,14:30,OTM1,2024-09-13,2026-07-10,61,50.0,184,12.5,32.0,22.5,50.0,64.0,-0.81818,0.0,-1.0,False
ORCL,call,market,Fri-0DTE,14:30,OTM1,2024-09-13,2026-07-10,61,60.0,184,11.957,33.0,25.75,50.5,64.0,-0.81818,0.0,-1.0,False
ORCL,call,market,Fri-0DTE,14:30,OTM1,2024-09-13,2026-07-10,61,70.0,184,10.87,33.0,27.25,53.75,66.5,-0.81818,0.0,-1.0,False
ORCL,call,market,Fri-0DTE,14:30,OTM1,2024-09-13,2026-07-10,61,75.0,184,10.87,33.0,27.25,53.75,66.5,-0.81818,0.0,-1.0,False
ORCL,call,market,Fri-0DTE,14:30,OTM1,2024-09-13,2026-07-10,61,80.0,184,10.326,34.0,26.5,58.0,69.0,-0.81818,0.0,-1.0,False
ORCL,call,market,Fri-0DTE,14:30,OTM1,2024-09-13,2026-07-10,61,90.0,184,8.696,32.5,23.75,50.25,66.5,-0.81818,0.0,-1.0,False
ORCL,call,market,Fri-0DTE,14:30,OTM1,2024-09-13,2026-07-10,61,100.0,184,8.152,32.0,22.5,46.5,64.0,-0.81818,0.0,-1.0,False
ORCL,call,mid,Fri-0DTE,15:00,OTM1,2024-09-13,2026-07-10,58,20.0,185,51.351,9.0,4.0,19.5,26.0,0.25,7.0,-0.14286,False
ORCL,call,mid,Fri-0DTE,15:00,OTM1,2024-09-13,2026-07-10,58,25.0,185,50.27,10.0,4.0,20.0,26.0,0.25,7.0,-0.14286,False
ORCL,call,mid,Fri-0DTE,15:00,OTM1,2024-09-13,2026-07-10,58,30.0,185,42.703,7.0,4.0,15.0,26.0,0.25,7.0,-0.14286,False
ORCL,call,mid,Fri-0DTE,15:00,OTM1,2024-09-13,2026-07-10,58,40.0,185,34.054,8.0,4.0,15.5,29.0,0.25,7.0,-0.14286,False
ORCL,call,mid,Fri-0DTE,15:00,OTM1,2024-09-13,2026-07-10,58,50.0,185,25.946,7.0,3.0,15.0,30.0,0.25,7.0,-0.14286,False
ORCL,call,mid,Fri-0DTE,15:00,OTM1,2024-09-13,2026-07-10,58,60.0,185,23.784,10.0,4.0,18.75,32.0,0.25,7.0,-0.14286,False
ORCL,call,mid,Fri-0DTE,15:00,OTM1,2024-09-13,2026-07-10,58,70.0,185,22.162,13.0,5.0,21.0,33.0,0.25,7.0,-0.14286,False
ORCL,call,mid,Fri-0DTE,15:00,OTM1,2024-09-13,2026-07-10,58,75.0,185,22.162,13.0,5.0,22.0,33.0,0.25,7.0,-0.14286,False
ORCL,call,mid,Fri-0DTE,15:00,OTM1,2024-09-13,2026-07-10,58,80.0,185,21.622,14.5,6.5,22.5,33.5,0.25,7.0,-0.14286,False
ORCL,call,mid,Fri-0DTE,15:00,OTM1,2024-09-13,2026-07-10,58,90.0,185,21.081,15.0,9.5,25.5,34.0,0.25,7.0,-0.14286,False
ORCL,call,mid,Fri-0DTE,15:00,OTM1,2024-09-13,2026-07-10,58,100.0,185,21.081,15.0,9.5,25.5,34.0,0.25,7.0,-0.14286,False
ORCL,call,market,Fri-0DTE,15:00,OTM1,2024-09-13,2026-07-10,58,20.0,185,14.595,23.0,13.0,37.5,37.0,-1.0,0.0,-1.0,False
ORCL,call,market,Fri-0DTE,15:00,OTM1,2024-09-13,2026-07-10,58,25.0,185,14.054,23.5,14.5,38.25,38.0,-1.0,0.0,-1.0,False
ORCL,call,market,Fri-0DTE,15:00,OTM1,2024-09-13,2026-07-10,58,30.0,185,13.514,24.0,17.0,39.0,39.0,-1.0,0.0,-1.0,False
ORCL,call,market,Fri-0DTE,15:00,OTM1,2024-09-13,2026-07-10,58,40.0,185,13.514,26.0,18.0,39.0,39.0,-1.0,0.0,-1.0,False
ORCL,call,market,Fri-0DTE,15:00,OTM1,2024-09-13,2026-07-10,58,50.0,185,12.432,27.0,18.5,40.0,42.0,-1.0,0.0,-1.0,False
ORCL,call,market,Fri-0DTE,15:00,OTM1,2024-09-13,2026-07-10,58,60.0,185,12.432,28.0,19.0,40.0,42.0,-1.0,0.0,-1.0,False
ORCL,call,market,Fri-0DTE,15:00,OTM1,2024-09-13,2026-07-10,58,70.0,185,11.892,27.0,19.5,38.25,38.5,-1.0,0.0,-1.0,False
ORCL,call,market,Fri-0DTE,15:00,OTM1,2024-09-13,2026-07-10,58,75.0,185,11.892,27.0,19.5,38.25,38.5,-1.0,0.0,-1.0,False
ORCL,call,market,Fri-0DTE,15:00,OTM1,2024-09-13,2026-07-10,58,80.0,185,10.811,29.0,19.0,41.0,41.5,-1.0,0.0,-1.0,False
ORCL,call,market,Fri-0DTE,15:00,OTM1,2024-09-13,2026-07-10,58,90.0,185,9.73,29.0,19.5,38.25,37.5,-1.0,0.0,-1.0,False
ORCL,call,market,Fri-0DTE,15:00,OTM1,2024-09-13,2026-07-10,58,100.0,185,9.73,31.5,22.25,38.25,37.5,-1.0,0.0,-1.0,False
ORCL,call,mid,Fri-0DTE,15:30,OTM1,2024-09-13,2026-07-10,41,20.0,41,36.585,5.0,2.5,13.5,18.0,0.16667,5.0,-0.11111,False
ORCL,call,mid,Fri-0DTE,15:30,OTM1,2024-09-13,2026-07-10,41,25.0,41,34.146,5.5,2.25,14.25,18.0,0.16667,5.0,-0.11111,False
ORCL,call,mid,Fri-0DTE,15:30,OTM1,2024-09-13,2026-07-10,41,30.0,41,29.268,7.0,4.5,12.25,16.5,0.16667,5.0,-0.11111,False
ORCL,call,mid,Fri-0DTE,15:30,OTM1,2024-09-13,2026-07-10,41,40.0,41,24.39,7.5,5.0,12.75,18.0,0.16667,5.0,-0.11111,False
ORCL,call,mid,Fri-0DTE,15:30,OTM1,2024-09-13,2026-07-10,41,50.0,41,17.073,9.0,5.5,17.5,19.0,0.16667,5.0,-0.11111,False
ORCL,call,mid,Fri-0DTE,15:30,OTM1,2024-09-13,2026-07-10,41,60.0,41,17.073,10.0,7.0,17.5,19.0,0.16667,5.0,-0.11111,False
ORCL,call,mid,Fri-0DTE,15:30,OTM1,2024-09-13,2026-07-10,41,70.0,41,14.634,9.5,8.25,17.5,19.5,0.16667,5.0,-0.11111,False
ORCL,call,mid,Fri-0DTE,15:30,OTM1,2024-09-13,2026-07-10,41,75.0,41,14.634,9.5,8.25,17.5,19.5,0.16667,5.0,-0.11111,False
ORCL,call,mid,Fri-0DTE,15:30,OTM1,2024-09-13,2026-07-10,41,80.0,41,12.195,9.0,8.0,20.0,20.0,0.16667,5.0,-0.11111,False
ORCL,call,mid,Fri-0DTE,15:30,OTM1,2024-09-13,2026-07-10,41,90.0,41,12.195,9.0,8.0,20.0,20.0,0.16667,5.0,-0.11111,False
ORCL,call,mid,Fri-0DTE,15:30,OTM1,2024-09-13,2026-07-10,41,100.0,41,9.756,14.5,8.0,21.0,23.0,0.16667,5.0,-0.11111,False
ORCL,call,market,Fri-0DTE,15:30,OTM1,2024-09-13,2026-07-10,41,20.0,41,7.317,9.0,9.0,16.5,19.0,-1.0,0.0,-1.0,False
ORCL,call,market,Fri-0DTE,15:30,OTM1,2024-09-13,2026-07-10,41,25.0,41,7.317,9.0,9.0,16.5,19.0,-1.0,0.0,-1.0,False
ORCL,call,market,Fri-0DTE,15:30,OTM1,2024-09-13,2026-07-10,41,30.0,41,7.317,9.0,9.0,16.5,19.0,-1.0,0.0,-1.0,False
ORCL,call,market,Fri-0DTE,15:30,OTM1,2024-09-13,2026-07-10,41,40.0,41,4.878,16.5,12.75,20.25,24.0,-1.0,0.0,-1.0,False
ORCL,call,market,Fri-0DTE,15:30,OTM1,2024-09-13,2026-07-10,41,50.0,41,4.878,16.5,12.75,20.25,24.0,-1.0,0.0,-1.0,False
ORCL,call,market,Fri-0DTE,15:30,OTM1,2024-09-13,2026-07-10,41,60.0,41,4.878,16.5,12.75,20.25,24.0,-1.0,0.0,-1.0,False
ORCL,call,market,Fri-0DTE,15:30,OTM1,2024-09-13,2026-07-10,41,70.0,41,4.878,16.5,12.75,20.25,24.0,-1.0,0.0,-1.0,False
ORCL,call,market,Fri-0DTE,15:30,OTM1,2024-09-13,2026-07-10,41,75.0,41,4.878,16.5,12.75,20.25,24.0,-1.0,0.0,-1.0,False
ORCL,call,market,Fri-0DTE,15:30,OTM1,2024-09-13,2026-07-10,41,80.0,41,4.878,16.5,12.75,20.25,24.0,-1.0,0.0,-1.0,False
ORCL,call,market,Fri-0DTE,15:30,OTM1,2024-09-13,2026-07-10,41,90.0,41,4.878,17.0,13.5,20.5,24.0,-1.0,0.0,-1.0,False
ORCL,call,market,Fri-0DTE,15:30,OTM1,2024-09-13,2026-07-10,41,100.0,41,4.878,17.0,13.5,20.5,22.0,-1.0,0.0,-1.0,False
ORCL,call,mid,Fri-0DTE,11:00,OTM1,2024-09-13,2026-07-10,73,20.0,266,58.271,14.0,5.0,44.5,97.0,0.33333,18.0,-0.72727,False
ORCL,call,mid,Fri-0DTE,11:00,OTM1,2024-09-13,2026-07-10,73,25.0,266,56.015,15.0,6.0,50.0,103.0,0.33333,18.0,-0.72727,False
ORCL,call,mid,Fri-0DTE,11:00,OTM1,2024-09-13,2026-07-10,73,30.0,266,52.632,16.0,6.0,48.5,106.0,0.33333,18.0,-0.72727,False
ORCL,call,mid,Fri-0DTE,11:00,OTM1,2024-09-13,2026-07-10,73,40.0,266,47.368,20.0,10.0,70.75,120.5,0.33333,18.0,-0.72727,False
ORCL,call,mid,Fri-0DTE,11:00,OTM1,2024-09-13,2026-07-10,73,50.0,266,41.729,26.0,11.5,85.5,123.0,0.33333,18.0,-0.72727,False
ORCL,call,mid,Fri-0DTE,11:00,OTM1,2024-09-13,2026-07-10,73,60.0,266,39.098,36.0,14.0,118.0,130.5,0.33333,18.0,-0.72727,False
ORCL,call,mid,Fri-0DTE,11:00,OTM1,2024-09-13,2026-07-10,73,70.0,266,36.09,46.0,16.0,132.5,131.5,0.33333,18.0,-0.72727,False
ORCL,call,mid,Fri-0DTE,11:00,OTM1,2024-09-13,2026-07-10,73,75.0,266,34.586,50.5,16.0,132.5,131.5,0.33333,18.0,-0.72727,False
ORCL,call,mid,Fri-0DTE,11:00,OTM1,2024-09-13,2026-07-10,73,80.0,266,29.699,71.0,17.0,148.5,138.0,0.33333,18.0,-0.72727,False
ORCL,call,mid,Fri-0DTE,11:00,OTM1,2024-09-13,2026-07-10,73,90.0,266,27.444,89.0,20.0,178.0,149.0,0.33333,18.0,-0.72727,False
ORCL,call,mid,Fri-0DTE,11:00,OTM1,2024-09-13,2026-07-10,73,100.0,266,26.316,93.5,24.0,184.0,138.5,0.33333,18.0,-0.72727,False
ORCL,call,market,Fri-0DTE,11:00,OTM1,2024-09-13,2026-07-10,73,20.0,266,26.316,22.0,10.0,90.75,159.5,-0.14606,14.0,-1.0,False
ORCL,call,market,Fri-0DTE,11:00,OTM1,2024-09-13,2026-07-10,73,25.0,266,25.188,31.0,11.0,117.5,167.0,-0.14606,14.0,-1.0,False
ORCL,call,market,Fri-0DTE,11:00,OTM1,2024-09-13,2026-07-10,73,30.0,266,24.06,29.0,11.75,117.25,166.5,-0.14606,14.0,-1.0,False
ORCL,call,market,Fri-0DTE,11:00,OTM1,2024-09-13,2026-07-10,73,40.0,266,21.053,35.5,14.0,132.5,176.0,-0.14606,14.0,-1.0,False
ORCL,call,market,Fri-0DTE,11:00,OTM1,2024-09-13,2026-07-10,73,50.0,266,18.797,46.0,16.25,177.0,179.5,-0.14606,14.0,-1.0,False
ORCL,call,market,Fri-0DTE,11:00,OTM1,2024-09-13,2026-07-10,73,60.0,266,18.045,78.5,17.0,191.25,178.5,-0.14606,14.0,-1.0,False
ORCL,call,market,Fri-0DTE,11:00,OTM1,2024-09-13,2026-07-10,73,70.0,266,16.165,117.0,21.0,193.5,198.0,-0.14606,14.0,-1.0,False
ORCL,call,market,Fri-0DTE,11:00,OTM1,2024-09-13,2026-07-10,73,75.0,266,16.165,117.0,21.0,195.0,198.0,-0.14606,14.0,-1.0,False
ORCL,call,market,Fri-0DTE,11:00,OTM1,2024-09-13,2026-07-10,73,80.0,266,14.662,107.0,19.0,193.5,220.0,-0.14606,14.0,-1.0,False
ORCL,call,market,Fri-0DTE,11:00,OTM1,2024-09-13,2026-07-10,73,90.0,266,13.534,112.0,22.25,213.5,247.0,-0.14606,14.0,-1.0,False
ORCL,call,market,Fri-0DTE,11:00,OTM1,2024-09-13,2026-07-10,73,100.0,266,13.158,119.0,25.5,215.5,274.0,-0.14606,14.0,-1.0,False
ORCL,call,mid,Fri-0DTE,13:30,OTM1,2024-09-13,2026-07-10,64,20.0,201,52.736,13.5,4.0,31.75,74.5,0.25,11.0,-0.4,False
ORCL,call,mid,Fri-0DTE,13:30,OTM1,2024-09-13,2026-07-10,64,25.0,201,50.249,16.0,4.0,52.0,78.0,0.25,11.0,-0.4,False
ORCL,call,mid,Fri-0DTE,13:30,OTM1,2024-09-13,2026-07-10,64,30.0,201,45.274,14.0,5.0,51.0,82.0,0.25,11.0,-0.4,False
ORCL,call,mid,Fri-0DTE,13:30,OTM1,2024-09-13,2026-07-10,64,40.0,201,39.303,16.0,6.0,56.0,82.0,0.25,11.0,-0.4,False
ORCL,call,mid,Fri-0DTE,13:30,OTM1,2024-09-13,2026-07-10,64,50.0,201,35.821,27.0,9.75,72.25,87.0,0.25,11.0,-0.4,False
ORCL,call,mid,Fri-0DTE,13:30,OTM1,2024-09-13,2026-07-10,64,60.0,201,33.831,28.0,11.0,74.75,86.0,0.25,11.0,-0.4,False
ORCL,call,mid,Fri-0DTE,13:30,OTM1,2024-09-13,2026-07-10,64,70.0,201,30.846,27.5,12.25,77.0,83.0,0.25,11.0,-0.4,False
ORCL,call,mid,Fri-0DTE,13:30,OTM1,2024-09-13,2026-07-10,64,75.0,201,30.348,28.0,13.0,77.0,84.0,0.25,11.0,-0.4,False
ORCL,call,mid,Fri-0DTE,13:30,OTM1,2024-09-13,2026-07-10,64,80.0,201,28.358,30.0,13.0,82.0,92.0,0.25,11.0,-0.4,False
ORCL,call,mid,Fri-0DTE,13:30,OTM1,2024-09-13,2026-07-10,64,90.0,201,26.368,40.0,13.0,82.0,95.0,0.25,11.0,-0.4,False
ORCL,call,mid,Fri-0DTE,13:30,OTM1,2024-09-13,2026-07-10,64,100.0,201,25.871,38.0,13.0,87.25,98.0,0.25,11.0,-0.4,False
ORCL,call,market,Fri-0DTE,13:30,OTM1,2024-09-13,2026-07-10,64,20.0,201,19.403,26.0,11.0,62.5,115.0,-0.6,1.0,-1.0,False
ORCL,call,market,Fri-0DTE,13:30,OTM1,2024-09-13,2026-07-10,64,25.0,201,18.905,28.0,11.25,63.75,117.0,-0.6,1.0,-1.0,False
ORCL,call,market,Fri-0DTE,13:30,OTM1,2024-09-13,2026-07-10,64,30.0,201,18.408,28.0,12.0,60.0,119.0,-0.6,1.0,-1.0,False
ORCL,call,market,Fri-0DTE,13:30,OTM1,2024-09-13,2026-07-10,64,40.0,201,16.418,28.0,12.0,61.0,123.0,-0.6,1.0,-1.0,False
ORCL,call,market,Fri-0DTE,13:30,OTM1,2024-09-13,2026-07-10,64,50.0,201,15.423,30.0,15.5,64.0,124.0,-0.6,1.0,-1.0,False
ORCL,call,market,Fri-0DTE,13:30,OTM1,2024-09-13,2026-07-10,64,60.0,201,14.925,33.5,16.25,63.0,123.5,-0.6,1.0,-1.0,False
ORCL,call,market,Fri-0DTE,13:30,OTM1,2024-09-13,2026-07-10,64,70.0,201,14.925,36.5,19.75,66.75,122.5,-0.6,1.0,-1.0,False
ORCL,call,market,Fri-0DTE,13:30,OTM1,2024-09-13,2026-07-10,64,75.0,201,14.925,36.5,19.75,67.5,122.0,-0.6,1.0,-1.0,False
ORCL,call,market,Fri-0DTE,13:30,OTM1,2024-09-13,2026-07-10,64,80.0,201,14.428,37.0,20.0,63.0,121.0,-0.6,1.0,-1.0,False
ORCL,call,market,Fri-0DTE,13:30,OTM1,2024-09-13,2026-07-10,64,90.0,201,13.433,37.0,20.0,73.0,120.0,-0.6,1.0,-1.0,False
ORCL,call,market,Fri-0DTE,13:30,OTM1,2024-09-13,2026-07-10,64,100.0,201,13.433,38.0,20.0,80.0,119.0,-0.6,1.0,-1.0,False
ORCL,call,mid,Fri-0DTE,14:30,OTM2+,2024-09-13,2026-07-10,53,20.0,238,34.034,25.0,12.0,50.0,46.0,0.16667,5.0,-0.14286,False
ORCL,call,mid,Fri-0DTE,14:30,OTM2+,2024-09-13,2026-07-10,53,25.0,238,34.034,25.0,12.0,50.0,46.0,0.16667,5.0,-0.14286,False
ORCL,call,mid,Fri-0DTE,14:30,OTM2+,2024-09-13,2026-07-10,53,30.0,238,27.731,25.0,10.25,52.75,49.0,0.16667,5.0,-0.14286,False
ORCL,call,mid,Fri-0DTE,14:30,OTM2+,2024-09-13,2026-07-10,53,40.0,238,15.126,25.5,8.5,54.75,38.5,0.16667,5.0,-0.14286,False
ORCL,call,mid,Fri-0DTE,14:30,OTM2+,2024-09-13,2026-07-10,53,50.0,238,8.824,25.0,11.0,57.0,35.0,0.16667,5.0,-0.14286,False
ORCL,call,mid,Fri-0DTE,14:30,OTM2+,2024-09-13,2026-07-10,53,60.0,238,7.983,27.0,20.0,58.5,51.0,0.16667,5.0,-0.14286,False
ORCL,call,mid,Fri-0DTE,14:30,OTM2+,2024-09-13,2026-07-10,53,70.0,238,7.983,34.0,22.5,58.5,51.0,0.16667,5.0,-0.14286,False
ORCL,call,mid,Fri-0DTE,14:30,OTM2+,2024-09-13,2026-07-10,53,75.0,238,7.143,27.0,22.0,57.0,34.0,0.16667,5.0,-0.14286,False
ORCL,call,mid,Fri-0DTE,14:30,OTM2+,2024-09-13,2026-07-10,53,80.0,238,7.143,27.0,22.0,57.0,33.0,0.16667,5.0,-0.14286,False
ORCL,call,mid,Fri-0DTE,14:30,OTM2+,2024-09-13,2026-07-10,53,90.0,238,6.723,35.0,22.75,58.25,37.5,0.16667,5.0,-0.14286,False
ORCL,call,mid,Fri-0DTE,14:30,OTM2+,2024-09-13,2026-07-10,53,100.0,238,6.303,39.0,22.5,59.5,44.0,0.16667,5.0,-0.14286,False
ORCL,call,market,Fri-0DTE,14:30,OTM2+,2024-09-13,2026-07-10,53,20.0,238,1.681,51.5,18.75,82.25,55.0,-1.0,0.0,-1.0,False
ORCL,call,market,Fri-0DTE,14:30,OTM2+,2024-09-13,2026-07-10,53,25.0,238,1.681,51.5,18.75,82.25,54.5,-1.0,0.0,-1.0,False
ORCL,call,market,Fri-0DTE,14:30,OTM2+,2024-09-13,2026-07-10,53,30.0,238,1.261,22.0,15.5,51.5,28.0,-1.0,0.0,-1.0,False
ORCL,call,market,Fri-0DTE,14:30,OTM2+,2024-09-13,2026-07-10,53,40.0,238,0.42,81.0,81.0,81.0,81.0,-1.0,0.0,-1.0,False
ORCL,call,market,Fri-0DTE,14:30,OTM2+,2024-09-13,2026-07-10,53,50.0,238,0.42,81.0,81.0,81.0,81.0,-1.0,0.0,-1.0,False
ORCL,call,market,Fri-0DTE,14:30,OTM2+,2024-09-13,2026-07-10,53,60.0,238,0.0,,,,,-1.0,0.0,-1.0,False
ORCL,call,market,Fri-0DTE,14:30,OTM2+,2024-09-13,2026-07-10,53,70.0,238,0.0,,,,,-1.0,0.0,-1.0,False
ORCL,call,market,Fri-0DTE,14:30,OTM2+,2024-09-13,2026-07-10,53,75.0,238,0.0,,,,,-1.0,0.0,-1.0,False
ORCL,call,market,Fri-0DTE,14:30,OTM2+,2024-09-13,2026-07-10,53,80.0,238,0.0,,,,,-1.0,0.0,-1.0,False
ORCL,call,market,Fri-0DTE,14:30,OTM2+,2024-09-13,2026-07-10,53,90.0,238,0.0,,,,,-1.0,0.0,-1.0,False
ORCL,call,market,Fri-0DTE,14:30,OTM2+,2024-09-13,2026-07-10,53,100.0,238,0.0,,,,,-1.0,0.0,-1.0,False
ORCL,call,mid,Fri-0DTE,11:00,OTM2+,2024-09-13,2026-07-10,64,20.0,560,56.071,15.0,4.25,45.75,97.5,0.28571,13.0,-0.4,False
ORCL,call,mid,Fri-0DTE,11:00,OTM2+,2024-09-13,2026-07-10,64,25.0,560,53.75,17.0,5.0,46.0,113.0,0.28571,13.0,-0.4,False
ORCL,call,mid,Fri-0DTE,11:00,OTM2+,2024-09-13,2026-07-10,64,30.0,560,45.714,21.0,7.0,46.25,114.0,0.28571,13.0,-0.4,False
ORCL,call,mid,Fri-0DTE,11:00,OTM2+,2024-09-13,2026-07-10,64,40.0,560,35.536,28.0,10.0,48.0,100.0,0.28571,13.0,-0.4,False
ORCL,call,mid,Fri-0DTE,11:00,OTM2+,2024-09-13,2026-07-10,64,50.0,560,26.964,28.0,11.0,50.0,108.0,0.28571,13.0,-0.4,False
ORCL,call,mid,Fri-0DTE,11:00,OTM2+,2024-09-13,2026-07-10,64,60.0,560,21.964,33.0,14.0,67.5,121.0,0.28571,13.0,-0.4,False
ORCL,call,mid,Fri-0DTE,11:00,OTM2+,2024-09-13,2026-07-10,64,70.0,560,21.071,35.0,15.25,121.75,122.0,0.28571,13.0,-0.4,False
ORCL,call,mid,Fri-0DTE,11:00,OTM2+,2024-09-13,2026-07-10,64,75.0,560,19.464,36.0,16.0,128.0,128.0,0.28571,13.0,-0.4,False
ORCL,call,mid,Fri-0DTE,11:00,OTM2+,2024-09-13,2026-07-10,64,80.0,560,18.214,40.5,20.0,132.25,129.0,0.28571,13.0,-0.4,False
ORCL,call,mid,Fri-0DTE,11:00,OTM2+,2024-09-13,2026-07-10,64,90.0,560,17.143,41.0,20.0,133.25,131.5,0.28571,13.0,-0.4,False
ORCL,call,mid,Fri-0DTE,11:00,OTM2+,2024-09-13,2026-07-10,64,100.0,560,16.429,41.0,21.0,136.5,135.5,0.28571,13.0,-0.4,False
ORCL,call,market,Fri-0DTE,11:00,OTM2+,2024-09-13,2026-07-10,64,20.0,560,13.036,30.0,13.0,63.0,128.0,-0.71364,0.0,-1.0,False
ORCL,call,market,Fri-0DTE,11:00,OTM2+,2024-09-13,2026-07-10,64,25.0,560,13.036,31.0,15.0,65.0,128.0,-0.71364,0.0,-1.0,False
ORCL,call,market,Fri-0DTE,11:00,OTM2+,2024-09-13,2026-07-10,64,30.0,560,12.321,34.0,16.0,59.0,158.0,-0.71364,0.0,-1.0,False
ORCL,call,market,Fri-0DTE,11:00,OTM2+,2024-09-13,2026-07-10,64,40.0,560,11.25,35.0,17.0,73.5,189.0,-0.71364,0.0,-1.0,False
ORCL,call,market,Fri-0DTE,11:00,OTM2+,2024-09-13,2026-07-10,64,50.0,560,10.536,35.0,20.5,169.0,194.0,-0.71364,0.0,-1.0,False
ORCL,call,market,Fri-0DTE,11:00,OTM2+,2024-09-13,2026-07-10,64,60.0,560,9.821,41.0,24.5,211.0,194.0,-0.71364,0.0,-1.0,False
ORCL,call,market,Fri-0DTE,11:00,OTM2+,2024-09-13,2026-07-10,64,70.0,560,9.286,41.0,24.75,214.25,198.0,-0.71364,0.0,-1.0,False
ORCL,call,market,Fri-0DTE,11:00,OTM2+,2024-09-13,2026-07-10,64,75.0,560,9.286,41.5,25.0,214.25,198.0,-0.71364,0.0,-1.0,False
ORCL,call,market,Fri-0DTE,11:00,OTM2+,2024-09-13,2026-07-10,64,80.0,560,8.75,43.0,26.0,214.0,202.0,-0.71364,0.0,-1.0,False
ORCL,call,market,Fri-0DTE,11:00,OTM2+,2024-09-13,2026-07-10,64,90.0,560,8.571,48.5,30.0,215.0,202.0,-0.71364,0.0,-1.0,False
ORCL,call,market,Fri-0DTE,11:00,OTM2+,2024-09-13,2026-07-10,64,100.0,560,8.214,48.5,31.25,219.75,219.5,-0.71364,0.0,-1.0,False
ORCL,call,mid,Fri-0DTE,11:30,OTM2+,2024-09-13,2026-07-10,59,20.0,480,60.833,14.0,5.0,45.0,80.5,0.33333,16.0,-0.4,False
ORCL,call,mid,Fri-0DTE,11:30,OTM2+,2024-09-13,2026-07-10,59,25.0,480,60.0,14.0,5.0,47.75,80.5,0.33333,16.0,-0.4,False
ORCL,call,mid,Fri-0DTE,11:30,OTM2+,2024-09-13,2026-07-10,59,30.0,480,51.667,16.5,6.75,50.25,75.5,0.33333,16.0,-0.4,False
ORCL,call,mid,Fri-0DTE,11:30,OTM2+,2024-09-13,2026-07-10,59,40.0,480,42.5,21.5,9.0,68.25,66.0,0.33333,16.0,-0.4,False
ORCL,call,mid,Fri-0DTE,11:30,OTM2+,2024-09-13,2026-07-10,59,50.0,480,32.292,24.0,11.5,82.5,73.0,0.33333,16.0,-0.4,False
ORCL,call,mid,Fri-0DTE,11:30,OTM2+,2024-09-13,2026-07-10,59,60.0,480,27.083,31.0,15.25,94.75,87.0,0.33333,16.0,-0.4,False
ORCL,call,mid,Fri-0DTE,11:30,OTM2+,2024-09-13,2026-07-10,59,70.0,480,23.542,36.0,17.0,135.0,93.0,0.33333,16.0,-0.4,False
ORCL,call,mid,Fri-0DTE,11:30,OTM2+,2024-09-13,2026-07-10,59,75.0,480,20.833,36.0,20.75,143.25,98.0,0.33333,16.0,-0.4,False
ORCL,call,mid,Fri-0DTE,11:30,OTM2+,2024-09-13,2026-07-10,59,80.0,480,19.375,45.0,21.0,158.0,106.0,0.33333,16.0,-0.4,False
ORCL,call,mid,Fri-0DTE,11:30,OTM2+,2024-09-13,2026-07-10,59,90.0,480,17.708,53.0,24.0,157.0,108.0,0.33333,16.0,-0.4,False
ORCL,call,mid,Fri-0DTE,11:30,OTM2+,2024-09-13,2026-07-10,59,100.0,480,16.458,73.0,26.0,165.0,121.0,0.33333,16.0,-0.4,False
ORCL,call,market,Fri-0DTE,11:30,OTM2+,2024-09-13,2026-07-10,59,20.0,480,16.875,23.0,14.0,84.0,64.0,-0.7,0.5,-1.0,False
ORCL,call,market,Fri-0DTE,11:30,OTM2+,2024-09-13,2026-07-10,59,25.0,480,16.042,26.0,14.0,87.0,66.0,-0.7,0.5,-1.0,False
ORCL,call,market,Fri-0DTE,11:30,OTM2+,2024-09-13,2026-07-10,59,30.0,480,14.583,26.0,13.25,88.5,68.5,-0.7,0.5,-1.0,False
ORCL,call,market,Fri-0DTE,11:30,OTM2+,2024-09-13,2026-07-10,59,40.0,480,11.875,32.0,19.0,157.0,81.0,-0.7,0.5,-1.0,False
ORCL,call,market,Fri-0DTE,11:30,OTM2+,2024-09-13,2026-07-10,59,50.0,480,10.417,34.0,21.0,160.25,92.5,-0.7,0.5,-1.0,False
ORCL,call,market,Fri-0DTE,11:30,OTM2+,2024-09-13,2026-07-10,59,60.0,480,9.167,51.5,22.0,166.75,101.5,-0.7,0.5,-1.0,False
ORCL,call,market,Fri-0DTE,11:30,OTM2+,2024-09-13,2026-07-10,59,70.0,480,7.292,87.0,26.0,188.0,208.0,-0.7,0.5,-1.0,False
ORCL,call,market,Fri-0DTE,11:30,OTM2+,2024-09-13,2026-07-10,59,75.0,480,6.875,92.0,26.0,190.0,213.0,-0.7,0.5,-1.0,False
ORCL,call,market,Fri-0DTE,11:30,OTM2+,2024-09-13,2026-07-10,59,80.0,480,6.875,92.0,26.0,191.0,213.0,-0.7,0.5,-1.0,False
ORCL,call,market,Fri-0DTE,11:30,OTM2+,2024-09-13,2026-07-10,59,90.0,480,6.458,97.0,39.5,192.5,244.0,-0.7,0.5,-1.0,False
ORCL,call,market,Fri-0DTE,11:30,OTM2+,2024-09-13,2026-07-10,59,100.0,480,6.25,132.5,37.25,199.75,244.0,-0.7,0.5,-1.0,False
ORCL,call,mid,Fri-0DTE,12:00,OTM2+,2024-09-13,2026-07-10,55,20.0,396,53.283,20.0,5.0,77.5,83.0,0.24569,11.5,-0.33333,False
ORCL,call,mid,Fri-0DTE,12:00,OTM2+,2024-09-13,2026-07-10,55,25.0,396,50.0,25.5,5.25,84.0,88.0,0.24569,11.5,-0.33333,False
ORCL,call,mid,Fri-0DTE,12:00,OTM2+,2024-09-13,2026-07-10,55,30.0,396,39.899,29.5,6.25,91.0,86.0,0.24569,11.5,-0.33333,False
ORCL,call,mid,Fri-0DTE,12:00,OTM2+,2024-09-13,2026-07-10,55,40.0,396,27.778,43.0,8.5,106.0,84.0,0.24569,11.5,-0.33333,False
ORCL,call,mid,Fri-0DTE,12:00,OTM2+,2024-09-13,2026-07-10,55,50.0,396,18.687,52.0,13.0,104.25,77.0,0.24569,11.5,-0.33333,False
ORCL,call,mid,Fri-0DTE,12:00,OTM2+,2024-09-13,2026-07-10,55,60.0,396,14.646,72.0,28.0,153.5,109.5,0.24569,11.5,-0.33333,False
ORCL,call,mid,Fri-0DTE,12:00,OTM2+,2024-09-13,2026-07-10,55,70.0,396,11.869,107.0,56.0,172.0,127.0,0.24569,11.5,-0.33333,False
ORCL,call,mid,Fri-0DTE,12:00,OTM2+,2024-09-13,2026-07-10,55,75.0,396,10.606,122.5,57.0,174.75,133.5,0.24569,11.5,-0.33333,False
ORCL,call,mid,Fri-0DTE,12:00,OTM2+,2024-09-13,2026-07-10,55,80.0,396,9.343,137.0,84.0,176.0,189.0,0.24569,11.5,-0.33333,False
ORCL,call,mid,Fri-0DTE,12:00,OTM2+,2024-09-13,2026-07-10,55,90.0,396,9.343,139.0,84.0,176.0,189.0,0.24569,11.5,-0.33333,False
ORCL,call,mid,Fri-0DTE,12:00,OTM2+,2024-09-13,2026-07-10,55,100.0,396,8.838,145.0,93.5,183.0,190.0,0.24569,11.5,-0.33333,False
ORCL,call,market,Fri-0DTE,12:00,OTM2+,2024-09-13,2026-07-10,55,20.0,396,6.566,78.0,13.0,158.75,178.5,-0.83333,0.0,-1.0,False
ORCL,call,market,Fri-0DTE,12:00,OTM2+,2024-09-13,2026-07-10,55,25.0,396,6.313,90.0,13.0,164.0,183.0,-0.83333,0.0,-1.0,False
ORCL,call,market,Fri-0DTE,12:00,OTM2+,2024-09-13,2026-07-10,55,30.0,396,5.303,131.0,23.0,170.0,214.0,-0.83333,0.0,-1.0,False
ORCL,call,market,Fri-0DTE,12:00,OTM2+,2024-09-13,2026-07-10,55,40.0,396,4.545,153.5,87.25,173.75,217.0,-0.83333,0.0,-1.0,False
ORCL,call,market,Fri-0DTE,12:00,OTM2+,2024-09-13,2026-07-10,55,50.0,396,4.293,155.0,131.0,175.0,219.0,-0.83333,0.0,-1.0,False
ORCL,call,market,Fri-0DTE,12:00,OTM2+,2024-09-13,2026-07-10,55,60.0,396,3.535,162.5,149.0,176.5,224.0,-0.83333,0.0,-1.0,False
ORCL,call,market,Fri-0DTE,12:00,OTM2+,2024-09-13,2026-07-10,55,70.0,396,3.283,165.0,155.0,177.0,224.0,-0.83333,0.0,-1.0,False
ORCL,call,market,Fri-0DTE,12:00,OTM2+,2024-09-13,2026-07-10,55,75.0,396,3.283,165.0,155.0,177.0,224.0,-0.83333,0.0,-1.0,False
ORCL,call,market,Fri-0DTE,12:00,OTM2+,2024-09-13,2026-07-10,55,80.0,396,3.283,165.0,156.0,177.0,224.0,-0.83333,0.0,-1.0,False
ORCL,call,market,Fri-0DTE,12:00,OTM2+,2024-09-13,2026-07-10,55,90.0,396,3.283,165.0,156.0,177.0,224.0,-0.83333,0.0,-1.0,False
ORCL,call,market,Fri-0DTE,12:00,OTM2+,2024-09-13,2026-07-10,55,100.0,396,3.03,164.0,155.75,175.5,224.0,-0.83333,0.0,-1.0,False
ORCL,call,mid,Fri-0DTE,13:30,OTM2+,2024-09-13,2026-07-10,62,20.0,283,55.83,19.0,5.0,50.75,67.0,0.28571,17.0,-0.14286,False
ORCL,call,mid,Fri-0DTE,13:30,OTM2+,2024-09-13,2026-07-10,62,25.0,283,54.77,19.0,5.0,51.5,67.0,0.28571,17.0,-0.14286,False
ORCL,call,mid,Fri-0DTE,13:30,OTM2+,2024-09-13,2026-07-10,62,30.0,283,45.936,19.0,6.0,55.0,66.0,0.28571,17.0,-0.14286,False
ORCL,call,mid,Fri-0DTE,13:30,OTM2+,2024-09-13,2026-07-10,62,40.0,283,32.155,18.0,6.0,48.0,53.0,0.28571,17.0,-0.14286,False
ORCL,call,mid,Fri-0DTE,13:30,OTM2+,2024-09-13,2026-07-10,62,50.0,283,24.382,19.0,7.0,58.0,58.0,0.28571,17.0,-0.14286,False
ORCL,call,mid,Fri-0DTE,13:30,OTM2+,2024-09-13,2026-07-10,62,60.0,283,20.848,22.0,10.0,64.0,60.0,0.28571,17.0,-0.14286,False
ORCL,call,mid,Fri-0DTE,13:30,OTM2+,2024-09-13,2026-07-10,62,70.0,283,19.788,21.0,10.0,62.5,57.5,0.28571,17.0,-0.14286,False
ORCL,call,mid,Fri-0DTE,13:30,OTM2+,2024-09-13,2026-07-10,62,75.0,283,19.081,23.5,11.75,67.5,60.5,0.28571,17.0,-0.14286,False
ORCL,call,mid,Fri-0DTE,13:30,OTM2+,2024-09-13,2026-07-10,62,80.0,283,18.728,23.0,11.0,70.0,61.0,0.28571,17.0,-0.14286,False
ORCL,call,mid,Fri-0DTE,13:30,OTM2+,2024-09-13,2026-07-10,62,90.0,283,18.728,23.0,11.0,74.0,61.0,0.28571,17.0,-0.14286,False
ORCL,call,mid,Fri-0DTE,13:30,OTM2+,2024-09-13,2026-07-10,62,100.0,283,17.314,23.0,14.0,75.0,62.0,0.28571,17.0,-0.14286,False
ORCL,call,market,Fri-0DTE,13:30,OTM2+,2024-09-13,2026-07-10,62,20.0,283,13.428,32.0,14.5,50.0,50.0,-1.0,0.0,-1.0,False
ORCL,call,market,Fri-0DTE,13:30,OTM2+,2024-09-13,2026-07-10,62,25.0,283,13.428,33.0,14.5,50.0,50.0,-1.0,0.0,-1.0,False
ORCL,call,market,Fri-0DTE,13:30,OTM2+,2024-09-13,2026-07-10,62,30.0,283,12.721,34.5,14.25,50.25,50.0,-1.0,0.0,-1.0,False
ORCL,call,market,Fri-0DTE,13:30,OTM2+,2024-09-13,2026-07-10,62,40.0,283,10.954,34.0,17.5,50.0,51.0,-1.0,0.0,-1.0,False
ORCL,call,market,Fri-0DTE,13:30,OTM2+,2024-09-13,2026-07-10,62,50.0,283,10.247,34.0,19.0,49.0,49.0,-1.0,0.0,-1.0,False
ORCL,call,market,Fri-0DTE,13:30,OTM2+,2024-09-13,2026-07-10,62,60.0,283,8.481,35.5,19.5,49.5,51.5,-1.0,0.0,-1.0,False
ORCL,call,market,Fri-0DTE,13:30,OTM2+,2024-09-13,2026-07-10,62,70.0,283,7.42,31.0,18.0,49.0,51.0,-1.0,0.0,-1.0,False
ORCL,call,market,Fri-0DTE,13:30,OTM2+,2024-09-13,2026-07-10,62,75.0,283,7.067,28.5,17.5,49.75,51.0,-1.0,0.0,-1.0,False
ORCL,call,market,Fri-0DTE,13:30,OTM2+,2024-09-13,2026-07-10,62,80.0,283,7.067,28.5,17.5,57.0,51.0,-1.0,0.0,-1.0,False
ORCL,call,market,Fri-0DTE,13:30,OTM2+,2024-09-13,2026-07-10,62,90.0,283,6.007,23.0,16.0,63.0,51.0,-1.0,0.0,-1.0,False
ORCL,call,market,Fri-0DTE,13:30,OTM2+,2024-09-13,2026-07-10,62,100.0,283,5.654,23.0,17.75,66.75,51.0,-1.0,0.0,-1.0,False
ORCL,call,mid,Fri-0DTE,12:30,OTM2+,2024-09-13,2026-07-10,58,20.0,363,47.934,29.5,8.0,70.25,89.5,0.2,15.0,-0.25,False
ORCL,call,mid,Fri-0DTE,12:30,OTM2+,2024-09-13,2026-07-10,58,25.0,363,47.658,30.0,9.0,71.0,90.0,0.2,15.0,-0.25,False
ORCL,call,mid,Fri-0DTE,12:30,OTM2+,2024-09-13,2026-07-10,58,30.0,363,40.496,30.0,10.0,74.0,95.0,0.2,15.0,-0.25,False
ORCL,call,mid,Fri-0DTE,12:30,OTM2+,2024-09-13,2026-07-10,58,40.0,363,31.956,34.5,12.75,74.0,79.5,0.2,15.0,-0.25,False
ORCL,call,mid,Fri-0DTE,12:30,OTM2+,2024-09-13,2026-07-10,58,50.0,363,23.967,35.0,13.0,79.0,74.0,0.2,15.0,-0.25,False
ORCL,call,mid,Fri-0DTE,12:30,OTM2+,2024-09-13,2026-07-10,58,60.0,363,22.039,45.0,26.25,83.0,67.5,0.2,15.0,-0.25,False
ORCL,call,mid,Fri-0DTE,12:30,OTM2+,2024-09-13,2026-07-10,58,70.0,363,18.733,49.0,21.75,83.5,68.0,0.2,15.0,-0.25,False
ORCL,call,mid,Fri-0DTE,12:30,OTM2+,2024-09-13,2026-07-10,58,75.0,363,18.457,47.0,21.5,81.5,68.0,0.2,15.0,-0.25,False
ORCL,call,mid,Fri-0DTE,12:30,OTM2+,2024-09-13,2026-07-10,58,80.0,363,16.804,51.0,20.0,83.0,67.0,0.2,15.0,-0.25,False
ORCL,call,mid,Fri-0DTE,12:30,OTM2+,2024-09-13,2026-07-10,58,90.0,363,15.152,51.0,23.0,79.0,67.0,0.2,15.0,-0.25,False
ORCL,call,mid,Fri-0DTE,12:30,OTM2+,2024-09-13,2026-07-10,58,100.0,363,14.05,51.0,22.5,78.5,67.0,0.2,15.0,-0.25,False
ORCL,call,market,Fri-0DTE,12:30,OTM2+,2024-09-13,2026-07-10,58,20.0,363,8.815,65.5,37.25,130.25,83.0,-1.0,0.0,-1.0,False
ORCL,call,market,Fri-0DTE,12:30,OTM2+,2024-09-13,2026-07-10,58,25.0,363,8.54,66.0,38.0,106.5,82.0,-1.0,0.0,-1.0,False
ORCL,call,market,Fri-0DTE,12:30,OTM2+,2024-09-13,2026-07-10,58,30.0,363,7.438,65.0,39.0,132.0,82.0,-1.0,0.0,-1.0,False
ORCL,call,market,Fri-0DTE,12:30,OTM2+,2024-09-13,2026-07-10,58,40.0,363,6.887,68.0,41.0,134.0,82.0,-1.0,0.0,-1.0,False
ORCL,call,market,Fri-0DTE,12:30,OTM2+,2024-09-13,2026-07-10,58,50.0,363,6.061,69.5,40.5,133.75,80.0,-1.0,0.0,-1.0,False
ORCL,call,market,Fri-0DTE,12:30,OTM2+,2024-09-13,2026-07-10,58,60.0,363,5.785,71.0,42.0,135.0,78.0,-1.0,0.0,-1.0,False
ORCL,call,market,Fri-0DTE,12:30,OTM2+,2024-09-13,2026-07-10,58,70.0,363,5.51,72.0,56.0,136.25,79.0,-1.0,0.0,-1.0,False
ORCL,call,market,Fri-0DTE,12:30,OTM2+,2024-09-13,2026-07-10,58,75.0,363,5.51,72.0,56.25,136.25,79.0,-1.0,0.0,-1.0,False
ORCL,call,market,Fri-0DTE,12:30,OTM2+,2024-09-13,2026-07-10,58,80.0,363,5.51,72.0,56.75,136.25,77.5,-1.0,0.0,-1.0,False
ORCL,call,market,Fri-0DTE,12:30,OTM2+,2024-09-13,2026-07-10,58,90.0,363,4.683,76.0,61.0,140.0,82.0,-1.0,0.0,-1.0,False
ORCL,call,market,Fri-0DTE,12:30,OTM2+,2024-09-13,2026-07-10,58,100.0,363,4.132,77.0,53.0,142.5,145.0,-1.0,0.0,-1.0,False
ORCL,put,mid,Fri-0DTE,09:30,OTM2+,2024-09-13,2026-07-10,66,20.0,499,65.731,7.0,2.75,21.0,78.5,0.45455,14.0,-0.57143,False
ORCL,put,mid,Fri-0DTE,09:30,OTM2+,2024-09-13,2026-07-10,66,25.0,499,64.529,8.0,3.0,22.0,82.5,0.45455,14.0,-0.57143,False
ORCL,put,mid,Fri-0DTE,09:30,OTM2+,2024-09-13,2026-07-10,66,30.0,499,59.118,8.0,3.0,24.5,86.0,0.45455,14.0,-0.57143,False
ORCL,put,mid,Fri-0DTE,09:30,OTM2+,2024-09-13,2026-07-10,66,40.0,499,53.507,11.0,5.0,31.5,90.0,0.45455,14.0,-0.57143,False
ORCL,put,mid,Fri-0DTE,09:30,OTM2+,2024-09-13,2026-07-10,66,50.0,499,46.493,13.0,5.0,40.0,126.0,0.45455,14.0,-0.57143,False
ORCL,put,mid,Fri-0DTE,09:30,OTM2+,2024-09-13,2026-07-10,66,60.0,499,42.685,16.0,6.0,46.0,157.0,0.45455,14.0,-0.57143,False
ORCL,put,mid,Fri-0DTE,09:30,OTM2+,2024-09-13,2026-07-10,66,70.0,499,39.279,16.0,7.0,51.0,169.5,0.45455,14.0,-0.57143,False
ORCL,put,mid,Fri-0DTE,09:30,OTM2+,2024-09-13,2026-07-10,66,75.0,499,38.277,20.0,8.0,56.5,175.0,0.45455,14.0,-0.57143,False
ORCL,put,mid,Fri-0DTE,09:30,OTM2+,2024-09-13,2026-07-10,66,80.0,499,35.271,21.0,8.0,58.25,184.5,0.45455,14.0,-0.57143,False
ORCL,put,mid,Fri-0DTE,09:30,OTM2+,2024-09-13,2026-07-10,66,90.0,499,33.667,24.0,9.0,68.0,191.0,0.45455,14.0,-0.57143,False
ORCL,put,mid,Fri-0DTE,09:30,OTM2+,2024-09-13,2026-07-10,66,100.0,499,32.866,24.0,10.0,68.0,192.0,0.45455,14.0,-0.57143,False
ORCL,put,market,Fri-0DTE,09:30,OTM2+,2024-09-13,2026-07-10,66,20.0,499,28.657,16.0,6.0,61.0,190.0,-0.3125,8.0,-1.0,False
ORCL,put,market,Fri-0DTE,09:30,OTM2+,2024-09-13,2026-07-10,66,25.0,499,28.257,16.0,7.0,43.0,189.0,-0.3125,8.0,-1.0,False
ORCL,put,market,Fri-0DTE,09:30,OTM2+,2024-09-13,2026-07-10,66,30.0,499,26.854,16.0,7.0,58.0,196.0,-0.3125,8.0,-1.0,False
ORCL,put,market,Fri-0DTE,09:30,OTM2+,2024-09-13,2026-07-10,66,40.0,499,25.251,19.5,9.25,71.75,221.5,-0.3125,8.0,-1.0,False
ORCL,put,market,Fri-0DTE,09:30,OTM2+,2024-09-13,2026-07-10,66,50.0,499,23.647,21.0,10.0,66.75,239.5,-0.3125,8.0,-1.0,False
ORCL,put,market,Fri-0DTE,09:30,OTM2+,2024-09-13,2026-07-10,66,60.0,499,22.244,24.0,11.0,73.5,254.0,-0.3125,8.0,-1.0,False
ORCL,put,market,Fri-0DTE,09:30,OTM2+,2024-09-13,2026-07-10,66,70.0,499,21.443,30.0,14.0,78.0,260.0,-0.3125,8.0,-1.0,False
ORCL,put,market,Fri-0DTE,09:30,OTM2+,2024-09-13,2026-07-10,66,75.0,499,20.641,31.0,14.0,79.5,264.0,-0.3125,8.0,-1.0,False
ORCL,put,market,Fri-0DTE,09:30,OTM2+,2024-09-13,2026-07-10,66,80.0,499,20.441,31.0,16.0,81.0,266.5,-0.3125,8.0,-1.0,False
ORCL,put,market,Fri-0DTE,09:30,OTM2+,2024-09-13,2026-07-10,66,90.0,499,19.639,32.0,15.25,81.0,274.0,-0.3125,8.0,-1.0,False
ORCL,put,market,Fri-0DTE,09:30,OTM2+,2024-09-13,2026-07-10,66,100.0,499,18.637,41.0,18.0,82.0,282.0,-0.3125,8.0,-1.0,False
ORCL,put,mid,Fri-0DTE,11:00,OTM2+,2024-09-13,2026-07-10,54,20.0,314,61.146,18.0,5.0,80.5,163.5,0.33333,19.0,-0.3484,False
ORCL,put,mid,Fri-0DTE,11:00,OTM2+,2024-09-13,2026-07-10,54,25.0,314,58.28,20.0,5.0,95.5,170.0,0.33333,19.0,-0.3484,False
ORCL,put,mid,Fri-0DTE,11:00,OTM2+,2024-09-13,2026-07-10,54,30.0,314,50.637,18.0,5.0,94.5,164.0,0.33333,19.0,-0.3484,False
ORCL,put,mid,Fri-0DTE,11:00,OTM2+,2024-09-13,2026-07-10,54,40.0,314,45.541,21.0,6.5,94.5,161.0,0.33333,19.0,-0.3484,False
ORCL,put,mid,Fri-0DTE,11:00,OTM2+,2024-09-13,2026-07-10,54,50.0,314,37.58,22.0,6.0,70.0,170.5,0.33333,19.0,-0.3484,False
ORCL,put,mid,Fri-0DTE,11:00,OTM2+,2024-09-13,2026-07-10,54,60.0,314,33.439,22.0,7.0,72.0,174.0,0.33333,19.0,-0.3484,False
ORCL,put,mid,Fri-0DTE,11:00,OTM2+,2024-09-13,2026-07-10,54,70.0,314,32.166,27.0,7.0,116.0,177.0,0.33333,19.0,-0.3484,False
ORCL,put,mid,Fri-0DTE,11:00,OTM2+,2024-09-13,2026-07-10,54,75.0,314,29.936,22.0,7.0,66.5,169.5,0.33333,19.0,-0.3484,False
ORCL,put,mid,Fri-0DTE,11:00,OTM2+,2024-09-13,2026-07-10,54,80.0,314,29.299,22.0,7.0,64.25,170.5,0.33333,19.0,-0.3484,False
ORCL,put,mid,Fri-0DTE,11:00,OTM2+,2024-09-13,2026-07-10,54,90.0,314,28.662,24.0,8.0,69.75,170.5,0.33333,19.0,-0.3484,False
ORCL,put,mid,Fri-0DTE,11:00,OTM2+,2024-09-13,2026-07-10,54,100.0,314,27.707,27.0,12.5,67.5,174.0,0.33333,19.0,-0.3484,False
ORCL,put,market,Fri-0DTE,11:00,OTM2+,2024-09-13,2026-07-10,54,20.0,314,20.701,26.0,6.0,64.0,177.0,-0.5,3.0,-1.0,False
ORCL,put,market,Fri-0DTE,11:00,OTM2+,2024-09-13,2026-07-10,54,25.0,314,19.745,26.0,6.0,59.5,182.5,-0.5,3.0,-1.0,False
ORCL,put,market,Fri-0DTE,11:00,OTM2+,2024-09-13,2026-07-10,54,30.0,314,18.79,27.0,7.0,62.5,192.0,-0.5,3.0,-1.0,False
ORCL,put,market,Fri-0DTE,11:00,OTM2+,2024-09-13,2026-07-10,54,40.0,314,17.834,27.0,8.0,66.5,209.0,-0.5,3.0,-1.0,False
ORCL,put,market,Fri-0DTE,11:00,OTM2+,2024-09-13,2026-07-10,54,50.0,314,16.561,27.0,7.75,64.0,227.5,-0.5,3.0,-1.0,False
ORCL,put,market,Fri-0DTE,11:00,OTM2+,2024-09-13,2026-07-10,54,60.0,314,15.924,29.0,9.25,66.75,224.5,-0.5,3.0,-1.0,False
ORCL,put,market,Fri-0DTE,11:00,OTM2+,2024-09-13,2026-07-10,54,70.0,314,15.287,28.5,10.5,70.25,224.5,-0.5,3.0,-1.0,False
ORCL,put,market,Fri-0DTE,11:00,OTM2+,2024-09-13,2026-07-10,54,75.0,314,14.65,29.0,11.25,74.75,228.5,-0.5,3.0,-1.0,False
ORCL,put,market,Fri-0DTE,11:00,OTM2+,2024-09-13,2026-07-10,54,80.0,314,14.331,33.0,11.0,99.0,226.0,-0.5,3.0,-1.0,False
ORCL,put,market,Fri-0DTE,11:00,OTM2+,2024-09-13,2026-07-10,54,90.0,314,14.331,43.0,12.0,99.0,226.0,-0.5,3.0,-1.0,False
ORCL,put,market,Fri-0DTE,11:00,OTM2+,2024-09-13,2026-07-10,54,100.0,314,14.331,43.0,13.0,99.0,219.0,-0.5,3.0,-1.0,False
ORCL,put,mid,Fri-0DTE,12:00,OTM2+,2024-09-13,2026-06-26,48,20.0,217,46.544,22.0,6.0,75.0,86.0,0.16667,12.0,-0.25,False
ORCL,put,mid,Fri-0DTE,12:00,OTM2+,2024-09-13,2026-06-26,48,25.0,217,45.622,22.0,6.0,76.5,86.0,0.16667,12.0,-0.25,False
ORCL,put,mid,Fri-0DTE,12:00,OTM2+,2024-09-13,2026-06-26,48,30.0,217,34.562,24.0,7.0,80.5,103.0,0.16667,12.0,-0.25,False
ORCL,put,mid,Fri-0DTE,12:00,OTM2+,2024-09-13,2026-06-26,48,40.0,217,28.571,37.5,8.0,96.0,112.5,0.16667,12.0,-0.25,False
ORCL,put,mid,Fri-0DTE,12:00,OTM2+,2024-09-13,2026-06-26,48,50.0,217,22.581,36.0,9.0,56.0,89.0,0.16667,12.0,-0.25,False
ORCL,put,mid,Fri-0DTE,12:00,OTM2+,2024-09-13,2026-06-26,48,60.0,217,21.659,41.0,12.5,56.5,84.0,0.16667,12.0,-0.25,False
ORCL,put,mid,Fri-0DTE,12:00,OTM2+,2024-09-13,2026-06-26,48,70.0,217,20.737,44.0,16.0,58.0,79.0,0.16667,12.0,-0.25,False
ORCL,put,mid,Fri-0DTE,12:00,OTM2+,2024-09-13,2026-06-26,48,75.0,217,19.355,44.5,13.75,57.75,82.0,0.16667,12.0,-0.25,False
ORCL,put,mid,Fri-0DTE,12:00,OTM2+,2024-09-13,2026-06-26,48,80.0,217,18.894,44.0,13.0,58.0,73.0,0.16667,12.0,-0.25,False
ORCL,put,mid,Fri-0DTE,12:00,OTM2+,2024-09-13,2026-06-26,48,90.0,217,18.433,45.0,15.25,58.5,78.0,0.16667,12.0,-0.25,False
ORCL,put,mid,Fri-0DTE,12:00,OTM2+,2024-09-13,2026-06-26,48,100.0,217,17.512,44.0,23.0,57.75,68.5,0.16667,12.0,-0.25,False
ORCL,put,market,Fri-0DTE,12:00,OTM2+,2024-09-13,2026-06-26,48,20.0,217,10.138,42.0,13.0,56.0,124.5,-1.0,0.0,-1.0,False
ORCL,put,market,Fri-0DTE,12:00,OTM2+,2024-09-13,2026-06-26,48,25.0,217,9.677,43.0,13.0,57.0,120.0,-1.0,0.0,-1.0,False
ORCL,put,market,Fri-0DTE,12:00,OTM2+,2024-09-13,2026-06-26,48,30.0,217,9.217,46.0,23.0,58.75,122.0,-1.0,0.0,-1.0,False
ORCL,put,market,Fri-0DTE,12:00,OTM2+,2024-09-13,2026-06-26,48,40.0,217,8.756,57.0,42.5,74.5,115.0,-1.0,0.0,-1.0,False
ORCL,put,market,Fri-0DTE,12:00,OTM2+,2024-09-13,2026-06-26,48,50.0,217,8.295,57.5,42.25,65.0,113.0,-1.0,0.0,-1.0,False
ORCL,put,market,Fri-0DTE,12:00,OTM2+,2024-09-13,2026-06-26,48,60.0,217,8.295,58.5,42.5,77.0,112.0,-1.0,0.0,-1.0,False
ORCL,put,market,Fri-0DTE,12:00,OTM2+,2024-09-13,2026-06-26,48,70.0,217,6.912,59.0,45.5,76.5,121.0,-1.0,0.0,-1.0,False
ORCL,put,market,Fri-0DTE,12:00,OTM2+,2024-09-13,2026-06-26,48,75.0,217,6.452,60.5,49.75,77.75,123.0,-1.0,0.0,-1.0,False
ORCL,put,market,Fri-0DTE,12:00,OTM2+,2024-09-13,2026-06-26,48,80.0,217,6.452,60.5,49.75,77.75,123.0,-1.0,0.0,-1.0,False
ORCL,put,market,Fri-0DTE,12:00,OTM2+,2024-09-13,2026-06-26,48,90.0,217,6.452,62.0,50.5,105.25,120.5,-1.0,0.0,-1.0,False
ORCL,put,market,Fri-0DTE,12:00,OTM2+,2024-09-13,2026-06-26,48,100.0,217,5.991,61.0,48.0,109.0,125.0,-1.0,0.0,-1.0,False
ORCL,put,mid,Fri-0DTE,15:00,OTM1,2024-09-13,2026-07-10,49,20.0,125,50.4,13.0,3.5,24.0,32.0,0.24,7.0,-0.25,False
ORCL,put,mid,Fri-0DTE,15:00,OTM1,2024-09-13,2026-07-10,49,25.0,125,49.6,13.0,4.25,24.5,32.5,0.24,7.0,-0.25,False
ORCL,put,mid,Fri-0DTE,15:00,OTM1,2024-09-13,2026-07-10,49,30.0,125,43.2,14.0,3.25,26.0,31.5,0.24,7.0,-0.25,False
ORCL,put,mid,Fri-0DTE,15:00,OTM1,2024-09-13,2026-07-10,49,40.0,125,36.8,14.5,4.25,28.75,34.0,0.24,7.0,-0.25,False
ORCL,put,mid,Fri-0DTE,15:00,OTM1,2024-09-13,2026-07-10,49,50.0,125,33.6,14.5,5.25,32.5,34.0,0.24,7.0,-0.25,False
ORCL,put,mid,Fri-0DTE,15:00,OTM1,2024-09-13,2026-07-10,49,60.0,125,29.6,14.0,6.0,26.0,33.0,0.24,7.0,-0.25,False
ORCL,put,mid,Fri-0DTE,15:00,OTM1,2024-09-13,2026-07-10,49,70.0,125,26.4,13.0,5.0,29.0,35.0,0.24,7.0,-0.25,False
ORCL,put,mid,Fri-0DTE,15:00,OTM1,2024-09-13,2026-07-10,49,75.0,125,23.2,15.0,5.0,26.0,35.0,0.24,7.0,-0.25,False
ORCL,put,mid,Fri-0DTE,15:00,OTM1,2024-09-13,2026-07-10,49,80.0,125,23.2,15.0,6.0,35.0,35.0,0.24,7.0,-0.25,False
ORCL,put,mid,Fri-0DTE,15:00,OTM1,2024-09-13,2026-07-10,49,90.0,125,21.6,15.0,6.5,35.5,35.0,0.24,7.0,-0.25,False
ORCL,put,mid,Fri-0DTE,15:00,OTM1,2024-09-13,2026-07-10,49,100.0,125,20.8,16.5,6.25,35.75,36.0,0.24,7.0,-0.25,False
ORCL,put,market,Fri-0DTE,15:00,OTM1,2024-09-13,2026-07-10,49,20.0,125,15.2,10.0,5.0,29.0,34.0,-1.0,0.0,-1.0,False
ORCL,put,market,Fri-0DTE,15:00,OTM1,2024-09-13,2026-07-10,49,25.0,125,15.2,10.0,5.0,29.0,34.0,-1.0,0.0,-1.0,False
ORCL,put,market,Fri-0DTE,15:00,OTM1,2024-09-13,2026-07-10,49,30.0,125,15.2,13.0,6.0,29.0,34.0,-1.0,0.0,-1.0,False
ORCL,put,market,Fri-0DTE,15:00,OTM1,2024-09-13,2026-07-10,49,40.0,125,13.6,15.0,7.0,34.0,39.0,-1.0,0.0,-1.0,False
ORCL,put,market,Fri-0DTE,15:00,OTM1,2024-09-13,2026-07-10,49,50.0,125,12.8,14.0,7.0,34.25,38.5,-1.0,0.0,-1.0,False
ORCL,put,market,Fri-0DTE,15:00,OTM1,2024-09-13,2026-07-10,49,60.0,125,9.6,15.0,7.0,32.5,40.5,-1.0,0.0,-1.0,False
ORCL,put,market,Fri-0DTE,15:00,OTM1,2024-09-13,2026-07-10,49,70.0,125,9.6,16.0,7.75,32.5,40.0,-1.0,0.0,-1.0,False
ORCL,put,market,Fri-0DTE,15:00,OTM1,2024-09-13,2026-07-10,49,75.0,125,9.6,22.5,9.5,32.5,30.0,-1.0,0.0,-1.0,False
ORCL,put,market,Fri-0DTE,15:00,OTM1,2024-09-13,2026-07-10,49,80.0,125,9.6,22.5,11.0,36.25,30.0,-1.0,0.0,-1.0,False
ORCL,put,market,Fri-0DTE,15:00,OTM1,2024-09-13,2026-07-10,49,90.0,125,8.8,21.0,10.0,37.5,30.0,-1.0,0.0,-1.0,False
ORCL,put,market,Fri-0DTE,15:00,OTM1,2024-09-13,2026-07-10,49,100.0,125,8.8,22.0,10.0,37.5,30.0,-1.0,0.0,-1.0,False
ORCL,put,mid,Fri-0DTE,11:00,OTM1,2024-09-13,2026-07-10,70,20.0,230,66.522,8.0,3.0,20.0,81.0,0.4727,15.0,-0.77212,False
ORCL,put,mid,Fri-0DTE,11:00,OTM1,2024-09-13,2026-07-10,70,25.0,230,62.609,9.0,3.75,20.25,92.5,0.4727,15.0,-0.77212,False
ORCL,put,mid,Fri-0DTE,11:00,OTM1,2024-09-13,2026-07-10,70,30.0,230,59.565,10.0,5.0,21.0,85.0,0.4727,15.0,-0.77212,False
ORCL,put,mid,Fri-0DTE,11:00,OTM1,2024-09-13,2026-07-10,70,40.0,230,53.913,13.5,6.0,29.0,95.0,0.4727,15.0,-0.77212,False
ORCL,put,mid,Fri-0DTE,11:00,OTM1,2024-09-13,2026-07-10,70,50.0,230,49.13,16.0,7.0,39.0,118.0,0.4727,15.0,-0.77212,False
ORCL,put,mid,Fri-0DTE,11:00,OTM1,2024-09-13,2026-07-10,70,60.0,230,45.217,21.0,9.0,43.0,122.5,0.4727,15.0,-0.77212,False
ORCL,put,mid,Fri-0DTE,11:00,OTM1,2024-09-13,2026-07-10,70,70.0,230,40.87,24.0,11.5,50.0,167.0,0.4727,15.0,-0.77212,False
ORCL,put,mid,Fri-0DTE,11:00,OTM1,2024-09-13,2026-07-10,70,75.0,230,39.13,23.5,11.25,49.75,174.5,0.4727,15.0,-0.77212,False
ORCL,put,mid,Fri-0DTE,11:00,OTM1,2024-09-13,2026-07-10,70,80.0,230,36.087,26.0,13.0,54.0,207.0,0.4727,15.0,-0.77212,False
ORCL,put,mid,Fri-0DTE,11:00,OTM1,2024-09-13,2026-07-10,70,90.0,230,34.783,29.0,14.0,65.0,202.0,0.4727,15.0,-0.77212,False
ORCL,put,mid,Fri-0DTE,11:00,OTM1,2024-09-13,2026-07-10,70,100.0,230,32.174,34.5,16.0,69.0,215.0,0.4727,15.0,-0.77212,False
ORCL,put,market,Fri-0DTE,11:00,OTM1,2024-09-13,2026-07-10,70,20.0,230,36.957,14.0,7.0,34.0,122.0,-0.02273,13.0,-1.0,False
ORCL,put,market,Fri-0DTE,11:00,OTM1,2024-09-13,2026-07-10,70,25.0,230,34.783,16.5,7.0,39.25,125.0,-0.02273,13.0,-1.0,False
ORCL,put,market,Fri-0DTE,11:00,OTM1,2024-09-13,2026-07-10,70,30.0,230,33.478,21.0,7.0,43.0,128.0,-0.02273,13.0,-1.0,False
ORCL,put,market,Fri-0DTE,11:00,OTM1,2024-09-13,2026-07-10,70,40.0,230,32.174,22.0,8.25,46.75,167.0,-0.02273,13.0,-1.0,False
ORCL,put,market,Fri-0DTE,11:00,OTM1,2024-09-13,2026-07-10,70,50.0,230,31.304,27.5,10.75,55.75,167.5,-0.02273,13.0,-1.0,False
ORCL,put,market,Fri-0DTE,11:00,OTM1,2024-09-13,2026-07-10,70,60.0,230,28.261,29.0,14.0,77.0,225.0,-0.02273,13.0,-1.0,False
ORCL,put,market,Fri-0DTE,11:00,OTM1,2024-09-13,2026-07-10,70,70.0,230,25.217,36.0,15.25,81.75,262.0,-0.02273,13.0,-1.0,False
ORCL,put,market,Fri-0DTE,11:00,OTM1,2024-09-13,2026-07-10,70,75.0,230,24.348,37.5,15.0,83.25,270.5,-0.02273,13.0,-1.0,False
ORCL,put,market,Fri-0DTE,11:00,OTM1,2024-09-13,2026-07-10,70,80.0,230,23.913,40.0,16.5,84.5,274.0,-0.02273,13.0,-1.0,False
ORCL,put,market,Fri-0DTE,11:00,OTM1,2024-09-13,2026-07-10,70,90.0,230,22.609,41.0,18.5,109.75,275.5,-0.02273,13.0,-1.0,False
ORCL,put,market,Fri-0DTE,11:00,OTM1,2024-09-13,2026-07-10,70,100.0,230,20.87,48.0,20.0,125.0,278.5,-0.02273,13.0,-1.0,False
ORCL,put,mid,Fri-0DTE,11:30,OTM1,2024-09-13,2026-07-10,60,20.0,208,63.462,8.0,4.0,28.0,75.5,0.33712,13.0,-0.78571,False
ORCL,put,mid,Fri-0DTE,11:30,OTM1,2024-09-13,2026-07-10,60,25.0,208,60.577,9.0,4.0,31.5,82.5,0.33712,13.0,-0.78571,False
ORCL,put,mid,Fri-0DTE,11:30,OTM1,2024-09-13,2026-07-10,60,30.0,208,56.731,11.0,5.0,33.0,82.5,0.33712,13.0,-0.78571,False
ORCL,put,mid,Fri-0DTE,11:30,OTM1,2024-09-13,2026-07-10,60,40.0,208,47.115,13.0,6.0,52.5,108.0,0.33712,13.0,-0.78571,False
ORCL,put,mid,Fri-0DTE,11:30,OTM1,2024-09-13,2026-07-10,60,50.0,208,41.827,16.0,8.0,50.5,126.0,0.33712,13.0,-0.78571,False
ORCL,put,mid,Fri-0DTE,11:30,OTM1,2024-09-13,2026-07-10,60,60.0,208,37.5,19.0,9.0,55.75,134.0,0.33712,13.0,-0.78571,False
ORCL,put,mid,Fri-0DTE,11:30,OTM1,2024-09-13,2026-07-10,60,70.0,208,33.654,22.0,13.0,66.25,141.5,0.33712,13.0,-0.78571,False
ORCL,put,mid,Fri-0DTE,11:30,OTM1,2024-09-13,2026-07-10,60,75.0,208,32.212,22.0,13.0,64.0,143.0,0.33712,13.0,-0.78571,False
ORCL,put,mid,Fri-0DTE,11:30,OTM1,2024-09-13,2026-07-10,60,80.0,208,31.731,25.5,13.0,82.0,116.5,0.33712,13.0,-0.78571,False
ORCL,put,mid,Fri-0DTE,11:30,OTM1,2024-09-13,2026-07-10,60,90.0,208,30.769,26.0,14.0,78.0,108.0,0.33712,13.0,-0.78571,False
ORCL,put,mid,Fri-0DTE,11:30,OTM1,2024-09-13,2026-07-10,60,100.0,208,28.846,33.0,17.5,92.75,106.5,0.33712,13.0,-0.78571,False
ORCL,put,market,Fri-0DTE,11:30,OTM1,2024-09-13,2026-07-10,60,20.0,208,32.212,13.0,6.0,45.0,85.0,-0.09081,10.0,-1.0,False
ORCL,put,market,Fri-0DTE,11:30,OTM1,2024-09-13,2026-07-10,60,25.0,208,29.808,17.0,6.25,45.0,102.5,-0.09081,10.0,-1.0,False
ORCL,put,market,Fri-0DTE,11:30,OTM1,2024-09-13,2026-07-10,60,30.0,208,28.846,20.0,9.75,47.75,102.0,-0.09081,10.0,-1.0,False
ORCL,put,market,Fri-0DTE,11:30,OTM1,2024-09-13,2026-07-10,60,40.0,208,25.962,19.0,11.25,69.25,109.0,-0.09081,10.0,-1.0,False
ORCL,put,market,Fri-0DTE,11:30,OTM1,2024-09-13,2026-07-10,60,50.0,208,22.596,23.0,13.5,74.5,148.0,-0.09081,10.0,-1.0,False
ORCL,put,market,Fri-0DTE,11:30,OTM1,2024-09-13,2026-07-10,60,60.0,208,22.115,24.0,14.0,87.75,133.5,-0.09081,10.0,-1.0,False
ORCL,put,market,Fri-0DTE,11:30,OTM1,2024-09-13,2026-07-10,60,70.0,208,21.154,29.0,16.5,105.25,149.0,-0.09081,10.0,-1.0,False
ORCL,put,market,Fri-0DTE,11:30,OTM1,2024-09-13,2026-07-10,60,75.0,208,20.673,31.0,19.0,106.5,140.0,-0.09081,10.0,-1.0,False
ORCL,put,market,Fri-0DTE,11:30,OTM1,2024-09-13,2026-07-10,60,80.0,208,20.192,67.5,20.25,114.0,124.0,-0.09081,10.0,-1.0,False
ORCL,put,market,Fri-0DTE,11:30,OTM1,2024-09-13,2026-07-10,60,90.0,208,18.75,72.0,25.0,114.5,157.0,-0.09081,10.0,-1.0,False
ORCL,put,market,Fri-0DTE,11:30,OTM1,2024-09-13,2026-07-10,60,100.0,208,17.308,85.5,26.5,118.25,220.0,-0.09081,10.0,-1.0,False
ORCL,put,mid,Fri-0DTE,13:30,OTM1,2024-09-13,2026-07-10,52,20.0,137,62.044,10.0,4.0,32.0,79.0,0.33333,19.0,-0.5,False
ORCL,put,mid,Fri-0DTE,13:30,OTM1,2024-09-13,2026-07-10,52,25.0,137,60.584,10.0,4.0,33.0,79.0,0.33333,19.0,-0.5,False
ORCL,put,mid,Fri-0DTE,13:30,OTM1,2024-09-13,2026-07-10,52,30.0,137,52.555,10.5,5.0,25.5,77.0,0.33333,19.0,-0.5,False
ORCL,put,mid,Fri-0DTE,13:30,OTM1,2024-09-13,2026-07-10,52,40.0,137,48.905,14.0,6.0,33.0,76.0,0.33333,19.0,-0.5,False
ORCL,put,mid,Fri-0DTE,13:30,OTM1,2024-09-13,2026-07-10,52,50.0,137,43.066,14.0,6.0,33.0,78.0,0.33333,19.0,-0.5,False
ORCL,put,mid,Fri-0DTE,13:30,OTM1,2024-09-13,2026-07-10,52,60.0,137,40.876,21.5,9.25,46.5,82.0,0.33333,19.0,-0.5,False
ORCL,put,mid,Fri-0DTE,13:30,OTM1,2024-09-13,2026-07-10,52,70.0,137,37.956,24.5,10.25,46.75,86.5,0.33333,19.0,-0.5,False
ORCL,put,mid,Fri-0DTE,13:30,OTM1,2024-09-13,2026-07-10,52,75.0,137,36.496,24.5,8.75,41.75,80.0,0.33333,19.0,-0.5,False
ORCL,put,mid,Fri-0DTE,13:30,OTM1,2024-09-13,2026-07-10,52,80.0,137,35.766,28.0,11.0,49.0,78.0,0.33333,19.0,-0.5,False
ORCL,put,mid,Fri-0DTE,13:30,OTM1,2024-09-13,2026-07-10,52,90.0,137,32.847,32.0,11.0,65.0,82.0,0.33333,19.0,-0.5,False
ORCL,put,mid,Fri-0DTE,13:30,OTM1,2024-09-13,2026-07-10,52,100.0,137,31.387,32.0,11.5,57.5,82.0,0.33333,19.0,-0.5,False
ORCL,put,market,Fri-0DTE,13:30,OTM1,2024-09-13,2026-07-10,52,20.0,137,24.818,17.0,7.0,46.75,79.0,-0.35294,10.0,-1.0,False
ORCL,put,market,Fri-0DTE,13:30,OTM1,2024-09-13,2026-07-10,52,25.0,137,24.088,23.0,7.0,47.0,74.0,-0.35294,10.0,-1.0,False
ORCL,put,market,Fri-0DTE,13:30,OTM1,2024-09-13,2026-07-10,52,30.0,137,22.628,25.0,7.0,46.5,74.0,-0.35294,10.0,-1.0,False
ORCL,put,market,Fri-0DTE,13:30,OTM1,2024-09-13,2026-07-10,52,40.0,137,21.168,27.0,12.0,76.0,97.0,-0.35294,10.0,-1.0,False
ORCL,put,market,Fri-0DTE,13:30,OTM1,2024-09-13,2026-07-10,52,50.0,137,18.248,27.0,14.0,90.0,115.0,-0.35294,10.0,-1.0,False
ORCL,put,market,Fri-0DTE,13:30,OTM1,2024-09-13,2026-07-10,52,60.0,137,16.788,36.0,16.0,95.0,122.0,-0.35294,10.0,-1.0,False
ORCL,put,market,Fri-0DTE,13:30,OTM1,2024-09-13,2026-07-10,52,70.0,137,14.599,40.5,12.75,92.5,125.5,-0.35294,10.0,-1.0,False
ORCL,put,market,Fri-0DTE,13:30,OTM1,2024-09-13,2026-07-10,52,75.0,137,14.599,40.5,13.5,92.5,125.5,-0.35294,10.0,-1.0,False
ORCL,put,market,Fri-0DTE,13:30,OTM1,2024-09-13,2026-07-10,52,80.0,137,13.869,46.0,17.5,95.0,129.0,-0.35294,10.0,-1.0,False
ORCL,put,market,Fri-0DTE,13:30,OTM1,2024-09-13,2026-07-10,52,90.0,137,12.409,46.0,21.0,90.0,134.0,-0.35294,10.0,-1.0,False
ORCL,put,market,Fri-0DTE,13:30,OTM1,2024-09-13,2026-07-10,52,100.0,137,12.409,51.0,27.0,97.0,134.0,-0.35294,10.0,-1.0,False
ORCL,put,mid,Fri-0DTE,14:00,ITM,2024-09-13,2026-07-10,53,20.0,262,40.84,48.0,22.5,68.0,101.0,0.15152,66.5,-0.09053,False
ORCL,put,mid,Fri-0DTE,14:00,ITM,2024-09-13,2026-07-10,53,25.0,262,33.969,45.0,28.0,66.0,98.0,0.15152,66.5,-0.09053,False
ORCL,put,mid,Fri-0DTE,14:00,ITM,2024-09-13,2026-07-10,53,30.0,262,28.626,55.0,29.0,69.5,99.0,0.15152,66.5,-0.09053,False
ORCL,put,mid,Fri-0DTE,14:00,ITM,2024-09-13,2026-07-10,53,40.0,262,20.229,71.0,39.0,88.0,101.0,0.15152,66.5,-0.09053,False
ORCL,put,mid,Fri-0DTE,14:00,ITM,2024-09-13,2026-07-10,53,50.0,262,13.359,72.0,34.0,94.0,99.0,0.15152,66.5,-0.09053,False
ORCL,put,mid,Fri-0DTE,14:00,ITM,2024-09-13,2026-07-10,53,60.0,262,9.16,75.5,32.75,94.5,100.0,0.15152,66.5,-0.09053,False
ORCL,put,mid,Fri-0DTE,14:00,ITM,2024-09-13,2026-07-10,53,70.0,262,7.252,71.0,43.5,100.0,101.0,0.15152,66.5,-0.09053,False
ORCL,put,mid,Fri-0DTE,14:00,ITM,2024-09-13,2026-07-10,53,75.0,262,6.107,88.0,36.25,99.0,101.0,0.15152,66.5,-0.09053,False
ORCL,put,mid,Fri-0DTE,14:00,ITM,2024-09-13,2026-07-10,53,80.0,262,4.962,92.0,37.0,97.0,101.0,0.15152,66.5,-0.09053,False
ORCL,put,mid,Fri-0DTE,14:00,ITM,2024-09-13,2026-07-10,53,90.0,262,3.435,67.0,37.0,94.0,107.0,0.15152,66.5,-0.09053,False
ORCL,put,mid,Fri-0DTE,14:00,ITM,2024-09-13,2026-07-10,53,100.0,262,1.908,68.0,42.0,84.0,107.0,0.15152,66.5,-0.09053,False
ORCL,put,market,Fri-0DTE,14:00,ITM,2024-09-13,2026-07-10,53,20.0,262,36.641,47.5,28.75,69.0,99.0,0.127,66.5,-0.11014,False
ORCL,put,market,Fri-0DTE,14:00,ITM,2024-09-13,2026-07-10,53,25.0,262,30.153,52.0,23.0,67.5,99.0,0.127,66.5,-0.11014,False
ORCL,put,market,Fri-0DTE,14:00,ITM,2024-09-13,2026-07-10,53,30.0,262,24.809,59.0,28.0,73.0,100.0,0.127,66.5,-0.11014,False
ORCL,put,market,Fri-0DTE,14:00,ITM,2024-09-13,2026-07-10,53,40.0,262,17.557,72.0,37.5,89.5,99.0,0.127,66.5,-0.11014,False
ORCL,put,market,Fri-0DTE,14:00,ITM,2024-09-13,2026-07-10,53,50.0,262,11.45,69.5,40.5,90.5,100.0,0.127,66.5,-0.11014,False
ORCL,put,market,Fri-0DTE,14:00,ITM,2024-09-13,2026-07-10,53,60.0,262,7.634,58.5,33.25,97.25,100.0,0.127,66.5,-0.11014,False
ORCL,put,market,Fri-0DTE,14:00,ITM,2024-09-13,2026-07-10,53,70.0,262,6.489,79.0,35.0,97.0,101.0,0.127,66.5,-0.11014,False
ORCL,put,market,Fri-0DTE,14:00,ITM,2024-09-13,2026-07-10,53,75.0,262,6.107,92.0,37.0,102.5,101.0,0.127,66.5,-0.11014,False
ORCL,put,market,Fri-0DTE,14:00,ITM,2024-09-13,2026-07-10,53,80.0,262,3.817,79.5,41.75,104.5,107.5,0.127,66.5,-0.11014,False
ORCL,put,market,Fri-0DTE,14:00,ITM,2024-09-13,2026-07-10,53,90.0,262,1.908,68.0,39.0,84.0,107.0,0.127,66.5,-0.11014,False
ORCL,put,market,Fri-0DTE,14:00,ITM,2024-09-13,2026-07-10,53,100.0,262,1.908,89.0,42.0,90.0,94.0,0.127,66.5,-0.11014,False
ORCL,put,mid,Fri-0DTE,14:30,ITM,2024-09-13,2026-07-10,54,20.0,267,32.584,23.0,12.5,36.5,74.0,0.13,41.0,-0.06963,False
ORCL,put,mid,Fri-0DTE,14:30,ITM,2024-09-13,2026-07-10,54,25.0,267,27.715,24.0,13.25,41.75,74.0,0.13,41.0,-0.06963,False
ORCL,put,mid,Fri-0DTE,14:30,ITM,2024-09-13,2026-07-10,54,30.0,267,22.097,29.0,15.0,43.0,73.0,0.13,41.0,-0.06963,False
ORCL,put,mid,Fri-0DTE,14:30,ITM,2024-09-13,2026-07-10,54,40.0,267,14.607,39.0,16.5,60.5,78.0,0.13,41.0,-0.06963,False
ORCL,put,mid,Fri-0DTE,14:30,ITM,2024-09-13,2026-07-10,54,50.0,267,8.614,39.0,17.5,57.5,83.0,0.13,41.0,-0.06963,False
ORCL,put,mid,Fri-0DTE,14:30,ITM,2024-09-13,2026-07-10,54,60.0,267,6.742,40.5,23.75,59.25,82.0,0.13,41.0,-0.06963,False
ORCL,put,mid,Fri-0DTE,14:30,ITM,2024-09-13,2026-07-10,54,70.0,267,5.243,52.5,42.25,73.0,80.0,0.13,41.0,-0.06963,False
ORCL,put,mid,Fri-0DTE,14:30,ITM,2024-09-13,2026-07-10,54,75.0,267,4.12,53.0,40.0,61.5,84.0,0.13,41.0,-0.06963,False
ORCL,put,mid,Fri-0DTE,14:30,ITM,2024-09-13,2026-07-10,54,80.0,267,4.12,56.0,42.0,65.5,84.0,0.13,41.0,-0.06963,False
ORCL,put,mid,Fri-0DTE,14:30,ITM,2024-09-13,2026-07-10,54,90.0,267,2.622,58.0,45.5,79.0,84.0,0.13,41.0,-0.06963,False
ORCL,put,mid,Fri-0DTE,14:30,ITM,2024-09-13,2026-07-10,54,100.0,267,2.247,57.0,45.25,74.75,82.5,0.13,41.0,-0.06963,False
ORCL,put,market,Fri-0DTE,14:30,ITM,2024-09-13,2026-07-10,54,20.0,267,30.712,25.0,14.25,42.5,74.0,0.10462,41.0,-0.09099,False
ORCL,put,market,Fri-0DTE,14:30,ITM,2024-09-13,2026-07-10,54,25.0,267,22.846,26.0,15.0,39.0,74.0,0.10462,41.0,-0.09099,False
ORCL,put,market,Fri-0DTE,14:30,ITM,2024-09-13,2026-07-10,54,30.0,267,18.727,31.5,17.25,46.5,75.0,0.10462,41.0,-0.09099,False
ORCL,put,market,Fri-0DTE,14:30,ITM,2024-09-13,2026-07-10,54,40.0,267,11.61,41.0,20.5,63.0,79.0,0.10462,41.0,-0.09099,False
ORCL,put,market,Fri-0DTE,14:30,ITM,2024-09-13,2026-07-10,54,50.0,267,7.116,39.0,25.5,58.0,83.0,0.10462,41.0,-0.09099,False
ORCL,put,market,Fri-0DTE,14:30,ITM,2024-09-13,2026-07-10,54,60.0,267,5.993,49.5,38.5,61.5,81.0,0.10462,41.0,-0.09099,False
ORCL,put,market,Fri-0DTE,14:30,ITM,2024-09-13,2026-07-10,54,70.0,267,4.12,53.0,40.0,60.0,84.0,0.10462,41.0,-0.09099,False
ORCL,put,market,Fri-0DTE,14:30,ITM,2024-09-13,2026-07-10,54,75.0,267,4.12,56.0,43.5,62.0,84.0,0.10462,41.0,-0.09099,False
ORCL,put,market,Fri-0DTE,14:30,ITM,2024-09-13,2026-07-10,54,80.0,267,3.371,64.0,48.0,80.0,84.0,0.10462,41.0,-0.09099,False
ORCL,put,market,Fri-0DTE,14:30,ITM,2024-09-13,2026-07-10,54,90.0,267,2.622,58.0,47.5,79.5,84.0,0.10462,41.0,-0.09099,False
ORCL,put,market,Fri-0DTE,14:30,ITM,2024-09-13,2026-07-10,54,100.0,267,1.873,62.0,47.0,66.0,83.0,0.10462,41.0,-0.09099,False
ORCL,put,mid,Fri-0DTE,11:00,ITM,2024-09-13,2026-07-10,57,20.0,373,53.619,22.0,10.0,54.0,274.0,0.22137,52.0,-0.25995,False
ORCL,put,mid,Fri-0DTE,11:00,ITM,2024-09-13,2026-07-10,57,25.0,373,46.917,24.0,11.5,59.0,274.0,0.22137,52.0,-0.25995,False
ORCL,put,mid,Fri-0DTE,11:00,ITM,2024-09-13,2026-07-10,57,30.0,373,40.483,27.0,13.0,65.0,274.0,0.22137,52.0,-0.25995,False
ORCL,put,mid,Fri-0DTE,11:00,ITM,2024-09-13,2026-07-10,57,40.0,373,30.295,42.0,16.0,111.0,274.0,0.22137,52.0,-0.25995,False
ORCL,put,mid,Fri-0DTE,11:00,ITM,2024-09-13,2026-07-10,57,50.0,373,23.056,52.0,19.25,122.75,277.5,0.22137,52.0,-0.25995,False
ORCL,put,mid,Fri-0DTE,11:00,ITM,2024-09-13,2026-07-10,57,60.0,373,18.499,53.0,21.0,113.0,278.0,0.22137,52.0,-0.25995,False
ORCL,put,mid,Fri-0DTE,11:00,ITM,2024-09-13,2026-07-10,57,70.0,373,14.745,54.0,24.5,120.5,278.0,0.22137,52.0,-0.25995,False
ORCL,put,mid,Fri-0DTE,11:00,ITM,2024-09-13,2026-07-10,57,75.0,373,13.137,57.0,25.0,147.0,279.0,0.22137,52.0,-0.25995,False
ORCL,put,mid,Fri-0DTE,11:00,ITM,2024-09-13,2026-07-10,57,80.0,373,12.064,63.0,28.0,122.0,279.0,0.22137,52.0,-0.25995,False
ORCL,put,mid,Fri-0DTE,11:00,ITM,2024-09-13,2026-07-10,57,90.0,373,9.92,72.0,32.0,142.0,282.0,0.22137,52.0,-0.25995,False
ORCL,put,mid,Fri-0DTE,11:00,ITM,2024-09-13,2026-07-10,57,100.0,373,9.383,77.0,36.5,168.0,279.0,0.22137,52.0,-0.25995,False
ORCL,put,market,Fri-0DTE,11:00,ITM,2024-09-13,2026-07-10,57,20.0,373,49.33,22.0,10.0,55.25,274.0,0.19687,52.0,-0.27461,False
ORCL,put,market,Fri-0DTE,11:00,ITM,2024-09-13,2026-07-10,57,25.0,373,43.432,27.0,12.25,68.0,274.0,0.19687,52.0,-0.27461,False
ORCL,put,market,Fri-0DTE,11:00,ITM,2024-09-13,2026-07-10,57,30.0,373,36.193,30.0,14.0,83.0,274.0,0.19687,52.0,-0.27461,False
ORCL,put,market,Fri-0DTE,11:00,ITM,2024-09-13,2026-07-10,57,40.0,373,27.078,45.0,15.0,121.0,276.0,0.19687,52.0,-0.27461,False
ORCL,put,market,Fri-0DTE,11:00,ITM,2024-09-13,2026-07-10,57,50.0,373,19.839,50.0,19.25,96.75,279.0,0.19687,52.0,-0.27461,False
ORCL,put,market,Fri-0DTE,11:00,ITM,2024-09-13,2026-07-10,57,60.0,373,16.086,50.0,22.75,108.0,279.0,0.19687,52.0,-0.27461,False
ORCL,put,market,Fri-0DTE,11:00,ITM,2024-09-13,2026-07-10,57,70.0,373,13.673,55.0,25.0,146.0,278.0,0.19687,52.0,-0.27461,False
ORCL,put,market,Fri-0DTE,11:00,ITM,2024-09-13,2026-07-10,57,75.0,373,12.332,62.5,28.25,140.75,280.5,0.19687,52.0,-0.27461,False
ORCL,put,market,Fri-0DTE,11:00,ITM,2024-09-13,2026-07-10,57,80.0,373,11.26,63.0,29.5,148.0,282.5,0.19687,52.0,-0.27461,False
ORCL,put,market,Fri-0DTE,11:00,ITM,2024-09-13,2026-07-10,57,90.0,373,9.651,72.0,32.0,148.0,280.5,0.19687,52.0,-0.27461,False
ORCL,put,market,Fri-0DTE,11:00,ITM,2024-09-13,2026-07-10,57,100.0,373,9.383,79.0,39.0,202.5,277.0,0.19687,52.0,-0.27461,False
ORCL,put,mid,Fri-0DTE,11:30,ITM,2024-09-13,2026-07-10,56,20.0,346,42.486,25.0,11.0,67.5,243.0,0.16136,64.5,-0.26812,False
ORCL,put,mid,Fri-0DTE,11:30,ITM,2024-09-13,2026-07-10,56,25.0,346,36.416,29.0,13.25,68.75,244.0,0.16136,64.5,-0.26812,False
ORCL,put,mid,Fri-0DTE,11:30,ITM,2024-09-13,2026-07-10,56,30.0,346,30.347,30.0,18.0,67.0,243.0,0.16136,64.5,-0.26812,False
ORCL,put,mid,Fri-0DTE,11:30,ITM,2024-09-13,2026-07-10,56,40.0,346,23.41,45.0,25.0,108.0,243.0,0.16136,64.5,-0.26812,False
ORCL,put,mid,Fri-0DTE,11:30,ITM,2024-09-13,2026-07-10,56,50.0,346,18.786,66.0,32.0,148.0,242.0,0.16136,64.5,-0.26812,False
ORCL,put,mid,Fri-0DTE,11:30,ITM,2024-09-13,2026-07-10,56,60.0,346,14.74,73.0,40.5,142.5,244.0,0.16136,64.5,-0.26812,False
ORCL,put,mid,Fri-0DTE,11:30,ITM,2024-09-13,2026-07-10,56,70.0,346,11.85,76.0,45.0,139.0,244.0,0.16136,64.5,-0.26812,False
ORCL,put,mid,Fri-0DTE,11:30,ITM,2024-09-13,2026-07-10,56,75.0,346,10.116,78.0,57.0,174.0,244.0,0.16136,64.5,-0.26812,False
ORCL,put,mid,Fri-0DTE,11:30,ITM,2024-09-13,2026-07-10,56,80.0,346,8.382,78.0,63.0,163.0,247.0,0.16136,64.5,-0.26812,False
ORCL,put,mid,Fri-0DTE,11:30,ITM,2024-09-13,2026-07-10,56,90.0,346,6.936,80.0,62.5,144.5,249.5,0.16136,64.5,-0.26812,False
ORCL,put,mid,Fri-0DTE,11:30,ITM,2024-09-13,2026-07-10,56,100.0,346,5.491,79.0,66.5,136.0,247.0,0.16136,64.5,-0.26812,False
ORCL,put,market,Fri-0DTE,11:30,ITM,2024-09-13,2026-07-10,56,20.0,346,38.728,25.0,12.25,68.75,243.5,0.13622,64.5,-0.28261,False
ORCL,put,market,Fri-0DTE,11:30,ITM,2024-09-13,2026-07-10,56,25.0,346,32.948,31.5,18.0,68.5,244.0,0.13622,64.5,-0.28261,False
ORCL,put,market,Fri-0DTE,11:30,ITM,2024-09-13,2026-07-10,56,30.0,346,27.746,33.0,19.0,89.25,242.0,0.13622,64.5,-0.28261,False
ORCL,put,market,Fri-0DTE,11:30,ITM,2024-09-13,2026-07-10,56,40.0,346,21.387,52.5,25.0,120.25,244.0,0.13622,64.5,-0.28261,False
ORCL,put,market,Fri-0DTE,11:30,ITM,2024-09-13,2026-07-10,56,50.0,346,17.63,72.0,35.0,169.0,243.0,0.13622,64.5,-0.28261,False
ORCL,put,market,Fri-0DTE,11:30,ITM,2024-09-13,2026-07-10,56,60.0,346,13.873,77.5,44.0,135.25,244.0,0.13622,64.5,-0.28261,False
ORCL,put,market,Fri-0DTE,11:30,ITM,2024-09-13,2026-07-10,56,70.0,346,10.694,80.0,58.0,162.0,244.0,0.13622,64.5,-0.28261,False
ORCL,put,market,Fri-0DTE,11:30,ITM,2024-09-13,2026-07-10,56,75.0,346,8.382,78.0,63.0,163.0,247.0,0.13622,64.5,-0.28261,False
ORCL,put,market,Fri-0DTE,11:30,ITM,2024-09-13,2026-07-10,56,80.0,346,7.514,78.0,64.75,158.75,248.0,0.13622,64.5,-0.28261,False
ORCL,put,market,Fri-0DTE,11:30,ITM,2024-09-13,2026-07-10,56,90.0,346,6.069,82.0,67.0,151.0,249.0,0.13622,64.5,-0.28261,False
ORCL,put,market,Fri-0DTE,11:30,ITM,2024-09-13,2026-07-10,56,100.0,346,5.202,80.5,67.25,158.5,245.5,0.13622,64.5,-0.28261,False
ORCL,put,mid,Fri-0DTE,12:00,ITM,2024-09-13,2026-07-10,53,20.0,295,49.492,48.5,26.0,81.0,219.0,0.19828,145.0,-0.17695,False
ORCL,put,mid,Fri-0DTE,12:00,ITM,2024-09-13,2026-07-10,53,25.0,295,41.356,59.0,30.0,103.75,219.0,0.19828,145.0,-0.17695,False
ORCL,put,mid,Fri-0DTE,12:00,ITM,2024-09-13,2026-07-10,53,30.0,295,32.881,62.0,32.0,120.0,219.0,0.19828,145.0,-0.17695,False
ORCL,put,mid,Fri-0DTE,12:00,ITM,2024-09-13,2026-07-10,53,40.0,295,25.424,77.0,44.5,140.5,219.0,0.19828,145.0,-0.17695,False
ORCL,put,mid,Fri-0DTE,12:00,ITM,2024-09-13,2026-07-10,53,50.0,295,19.322,89.0,54.0,152.0,221.0,0.19828,145.0,-0.17695,False
ORCL,put,mid,Fri-0DTE,12:00,ITM,2024-09-13,2026-07-10,53,60.0,295,14.576,126.0,73.5,163.0,222.0,0.19828,145.0,-0.17695,False
ORCL,put,mid,Fri-0DTE,12:00,ITM,2024-09-13,2026-07-10,53,70.0,295,12.203,141.5,107.5,176.5,218.5,0.19828,145.0,-0.17695,False
ORCL,put,mid,Fri-0DTE,12:00,ITM,2024-09-13,2026-07-10,53,75.0,295,10.847,138.5,105.75,169.25,214.5,0.19828,145.0,-0.17695,False
ORCL,put,mid,Fri-0DTE,12:00,ITM,2024-09-13,2026-07-10,53,80.0,295,10.847,141.5,109.0,183.75,214.0,0.19828,145.0,-0.17695,False
ORCL,put,mid,Fri-0DTE,12:00,ITM,2024-09-13,2026-07-10,53,90.0,295,9.153,146.0,116.5,192.0,204.0,0.19828,145.0,-0.17695,False
ORCL,put,mid,Fri-0DTE,12:00,ITM,2024-09-13,2026-07-10,53,100.0,295,7.119,129.0,121.0,195.0,201.0,0.19828,145.0,-0.17695,False
ORCL,put,market,Fri-0DTE,12:00,ITM,2024-09-13,2026-07-10,53,20.0,295,46.441,57.0,30.0,99.0,219.0,0.17327,145.0,-0.19571,False
ORCL,put,market,Fri-0DTE,12:00,ITM,2024-09-13,2026-07-10,53,25.0,295,35.254,61.5,30.0,116.25,219.5,0.17327,145.0,-0.19571,False
ORCL,put,market,Fri-0DTE,12:00,ITM,2024-09-13,2026-07-10,53,30.0,295,30.508,66.0,35.0,125.75,219.5,0.17327,145.0,-0.19571,False
ORCL,put,market,Fri-0DTE,12:00,ITM,2024-09-13,2026-07-10,53,40.0,295,22.712,89.0,47.5,147.5,220.0,0.17327,145.0,-0.19571,False
ORCL,put,market,Fri-0DTE,12:00,ITM,2024-09-13,2026-07-10,53,50.0,295,17.627,105.0,55.0,157.0,222.0,0.17327,145.0,-0.19571,False
ORCL,put,market,Fri-0DTE,12:00,ITM,2024-09-13,2026-07-10,53,60.0,295,13.559,135.5,98.75,165.25,220.0,0.17327,145.0,-0.19571,False
ORCL,put,market,Fri-0DTE,12:00,ITM,2024-09-13,2026-07-10,53,70.0,295,10.847,138.5,102.0,172.25,214.5,0.17327,145.0,-0.19571,False
ORCL,put,market,Fri-0DTE,12:00,ITM,2024-09-13,2026-07-10,53,75.0,295,10.847,141.5,109.0,183.75,214.0,0.17327,145.0,-0.19571,False
ORCL,put,market,Fri-0DTE,12:00,ITM,2024-09-13,2026-07-10,53,80.0,295,9.831,146.0,119.0,189.0,211.0,0.17327,145.0,-0.19571,False
ORCL,put,market,Fri-0DTE,12:00,ITM,2024-09-13,2026-07-10,53,90.0,295,8.475,153.0,124.0,199.0,204.0,0.17327,145.0,-0.19571,False
ORCL,put,market,Fri-0DTE,12:00,ITM,2024-09-13,2026-07-10,53,100.0,295,7.119,136.0,121.0,205.0,201.0,0.17327,145.0,-0.19571,False
ORCL,put,mid,Fri-0DTE,15:00,OTM2+,2024-09-20,2026-06-12,45,20.0,156,36.538,11.0,4.0,27.0,28.0,0.16667,6.0,0.0,False
ORCL,put,mid,Fri-0DTE,15:00,OTM2+,2024-09-20,2026-06-12,45,25.0,156,36.538,11.0,4.0,27.0,28.0,0.16667,6.0,0.0,False
ORCL,put,mid,Fri-0DTE,15:00,OTM2+,2024-09-20,2026-06-12,45,30.0,156,32.051,10.0,4.25,27.0,31.0,0.16667,6.0,0.0,False
ORCL,put,mid,Fri-0DTE,15:00,OTM2+,2024-09-20,2026-06-12,45,40.0,156,18.59,11.0,6.0,27.0,24.0,0.16667,6.0,0.0,False
ORCL,put,mid,Fri-0DTE,15:00,OTM2+,2024-09-20,2026-06-12,45,50.0,156,12.179,13.0,5.5,23.5,22.0,0.16667,6.0,0.0,False
ORCL,put,mid,Fri-0DTE,15:00,OTM2+,2024-09-20,2026-06-12,45,60.0,156,9.615,13.0,6.0,22.5,19.0,0.16667,6.0,0.0,False
ORCL,put,mid,Fri-0DTE,15:00,OTM2+,2024-09-20,2026-06-12,45,70.0,156,9.615,13.0,6.5,22.5,18.0,0.16667,6.0,0.0,False
ORCL,put,mid,Fri-0DTE,15:00,OTM2+,2024-09-20,2026-06-12,45,75.0,156,8.974,14.0,6.5,23.75,20.5,0.16667,6.0,0.0,False
ORCL,put,mid,Fri-0DTE,15:00,OTM2+,2024-09-20,2026-06-12,45,80.0,156,8.333,15.0,8.0,26.0,23.0,0.16667,6.0,0.0,False
ORCL,put,mid,Fri-0DTE,15:00,OTM2+,2024-09-20,2026-06-12,45,90.0,156,8.333,15.0,8.0,26.0,23.0,0.16667,6.0,0.0,False
ORCL,put,mid,Fri-0DTE,15:00,OTM2+,2024-09-20,2026-06-12,45,100.0,156,7.692,14.0,7.75,22.25,20.5,0.16667,6.0,0.0,False
ORCL,put,market,Fri-0DTE,15:00,OTM2+,2024-09-20,2026-06-12,45,20.0,156,1.282,48.5,44.75,52.25,53.0,-1.0,0.0,-1.0,False
ORCL,put,market,Fri-0DTE,15:00,OTM2+,2024-09-20,2026-06-12,45,25.0,156,1.282,49.5,46.25,52.75,52.5,-1.0,0.0,-1.0,False
ORCL,put,market,Fri-0DTE,15:00,OTM2+,2024-09-20,2026-06-12,45,30.0,156,1.282,49.5,46.25,52.75,52.5,-1.0,0.0,-1.0,False
ORCL,put,market,Fri-0DTE,15:00,OTM2+,2024-09-20,2026-06-12,45,40.0,156,0.641,43.0,43.0,43.0,49.0,-1.0,0.0,-1.0,False
ORCL,put,market,Fri-0DTE,15:00,OTM2+,2024-09-20,2026-06-12,45,50.0,156,0.641,43.0,43.0,43.0,49.0,-1.0,0.0,-1.0,False
ORCL,put,market,Fri-0DTE,15:00,OTM2+,2024-09-20,2026-06-12,45,60.0,156,0.641,49.0,49.0,49.0,49.0,-1.0,0.0,-1.0,False
ORCL,put,market,Fri-0DTE,15:00,OTM2+,2024-09-20,2026-06-12,45,70.0,156,0.641,49.0,49.0,49.0,49.0,-1.0,0.0,-1.0,False
ORCL,put,market,Fri-0DTE,15:00,OTM2+,2024-09-20,2026-06-12,45,75.0,156,0.0,,,,,-1.0,0.0,-1.0,False
ORCL,put,market,Fri-0DTE,15:00,OTM2+,2024-09-20,2026-06-12,45,80.0,156,0.0,,,,,-1.0,0.0,-1.0,False
ORCL,put,market,Fri-0DTE,15:00,OTM2+,2024-09-20,2026-06-12,45,90.0,156,0.0,,,,,-1.0,0.0,-1.0,False
ORCL,put,market,Fri-0DTE,15:00,OTM2+,2024-09-20,2026-06-12,45,100.0,156,0.0,,,,,-1.0,0.0,-1.0,False
ORCL,put,mid,Fri-0DTE,15:30,OTM2+,2024-09-20,2026-07-10,27,20.0,39,28.205,20.0,10.0,25.0,23.0,0.16667,2.0,0.0,False
ORCL,put,mid,Fri-0DTE,15:30,OTM2+,2024-09-20,2026-07-10,27,25.0,39,28.205,20.0,10.0,25.0,23.0,0.16667,2.0,0.0,False
ORCL,put,mid,Fri-0DTE,15:30,OTM2+,2024-09-20,2026-07-10,27,30.0,39,25.641,20.0,9.0,25.0,22.5,0.16667,2.0,0.0,False
ORCL,put,mid,Fri-0DTE,15:30,OTM2+,2024-09-20,2026-07-10,27,40.0,39,12.821,25.0,6.0,25.0,25.0,0.16667,2.0,0.0,False
ORCL,put,mid,Fri-0DTE,15:30,OTM2+,2024-09-20,2026-07-10,27,50.0,39,2.564,25.0,25.0,25.0,25.0,0.16667,2.0,0.0,False
ORCL,put,mid,Fri-0DTE,15:30,OTM2+,2024-09-20,2026-07-10,27,60.0,39,2.564,25.0,25.0,25.0,25.0,0.16667,2.0,0.0,False
ORCL,put,mid,Fri-0DTE,15:30,OTM2+,2024-09-20,2026-07-10,27,70.0,39,2.564,25.0,25.0,25.0,25.0,0.16667,2.0,0.0,False
ORCL,put,mid,Fri-0DTE,15:30,OTM2+,2024-09-20,2026-07-10,27,75.0,39,2.564,25.0,25.0,25.0,25.0,0.16667,2.0,0.0,False
ORCL,put,mid,Fri-0DTE,15:30,OTM2+,2024-09-20,2026-07-10,27,80.0,39,2.564,25.0,25.0,25.0,25.0,0.16667,2.0,0.0,False
ORCL,put,mid,Fri-0DTE,15:30,OTM2+,2024-09-20,2026-07-10,27,90.0,39,2.564,25.0,25.0,25.0,25.0,0.16667,2.0,0.0,False
ORCL,put,mid,Fri-0DTE,15:30,OTM2+,2024-09-20,2026-07-10,27,100.0,39,2.564,25.0,25.0,25.0,25.0,0.16667,2.0,0.0,False
ORCL,put,market,Fri-0DTE,15:30,OTM2+,2024-09-20,2026-07-10,27,20.0,39,0.0,,,,,-1.0,0.0,-1.0,False
ORCL,put,market,Fri-0DTE,15:30,OTM2+,2024-09-20,2026-07-10,27,25.0,39,0.0,,,,,-1.0,0.0,-1.0,False
ORCL,put,market,Fri-0DTE,15:30,OTM2+,2024-09-20,2026-07-10,27,30.0,39,0.0,,,,,-1.0,0.0,-1.0,False
ORCL,put,market,Fri-0DTE,15:30,OTM2+,2024-09-20,2026-07-10,27,40.0,39,0.0,,,,,-1.0,0.0,-1.0,False
ORCL,put,market,Fri-0DTE,15:30,OTM2+,2024-09-20,2026-07-10,27,50.0,39,0.0,,,,,-1.0,0.0,-1.0,False
ORCL,put,market,Fri-0DTE,15:30,OTM2+,2024-09-20,2026-07-10,27,60.0,39,0.0,,,,,-1.0,0.0,-1.0,False
ORCL,put,market,Fri-0DTE,15:30,OTM2+,2024-09-20,2026-07-10,27,70.0,39,0.0,,,,,-1.0,0.0,-1.0,False
ORCL,put,market,Fri-0DTE,15:30,OTM2+,2024-09-20,2026-07-10,27,75.0,39,0.0,,,,,-1.0,0.0,-1.0,False
ORCL,put,market,Fri-0DTE,15:30,OTM2+,2024-09-20,2026-07-10,27,80.0,39,0.0,,,,,-1.0,0.0,-1.0,False
ORCL,put,market,Fri-0DTE,15:30,OTM2+,2024-09-20,2026-07-10,27,90.0,39,0.0,,,,,-1.0,0.0,-1.0,False
ORCL,put,market,Fri-0DTE,15:30,OTM2+,2024-09-20,2026-07-10,27,100.0,39,0.0,,,,,-1.0,0.0,-1.0,False
ORCL,put,mid,Fri-0DTE,13:30,ITM,2024-09-20,2026-07-10,52,20.0,234,38.034,54.0,18.0,83.0,126.0,0.13318,90.0,-0.14238,False
ORCL,put,mid,Fri-0DTE,13:30,ITM,2024-09-20,2026-07-10,52,25.0,234,32.906,59.0,23.0,86.0,125.0,0.13318,90.0,-0.14238,False
ORCL,put,mid,Fri-0DTE,13:30,ITM,2024-09-20,2026-07-10,52,30.0,234,28.205,71.5,27.0,91.0,124.0,0.13318,90.0,-0.14238,False
ORCL,put,mid,Fri-0DTE,13:30,ITM,2024-09-20,2026-07-10,52,40.0,234,18.376,69.0,32.0,100.5,124.0,0.13318,90.0,-0.14238,False
ORCL,put,mid,Fri-0DTE,13:30,ITM,2024-09-20,2026-07-10,52,50.0,234,12.821,53.0,32.25,106.75,124.5,0.13318,90.0,-0.14238,False
ORCL,put,mid,Fri-0DTE,13:30,ITM,2024-09-20,2026-07-10,52,60.0,234,9.829,42.0,26.5,98.5,124.0,0.13318,90.0,-0.14238,False
ORCL,put,mid,Fri-0DTE,13:30,ITM,2024-09-20,2026-07-10,52,70.0,234,6.41,38.0,25.0,85.0,124.0,0.13318,90.0,-0.14238,False
ORCL,put,mid,Fri-0DTE,13:30,ITM,2024-09-20,2026-07-10,52,75.0,234,5.983,37.0,30.25,94.0,123.5,0.13318,90.0,-0.14238,False
ORCL,put,mid,Fri-0DTE,13:30,ITM,2024-09-20,2026-07-10,52,80.0,234,5.556,39.0,35.0,102.0,123.0,0.13318,90.0,-0.14238,False
ORCL,put,mid,Fri-0DTE,13:30,ITM,2024-09-20,2026-07-10,52,90.0,234,3.419,43.5,34.0,94.75,119.0,0.13318,90.0,-0.14238,False
ORCL,put,mid,Fri-0DTE,13:30,ITM,2024-09-20,2026-07-10,52,100.0,234,2.564,49.0,37.25,90.75,117.5,0.13318,90.0,-0.14238,False
ORCL,put,market,Fri-0DTE,13:30,ITM,2024-09-20,2026-07-10,52,20.0,234,35.897,58.0,18.75,86.5,125.0,0.10918,90.0,-0.16441,False
ORCL,put,market,Fri-0DTE,13:30,ITM,2024-09-20,2026-07-10,52,25.0,234,30.342,68.0,23.0,89.0,125.0,0.10918,90.0,-0.16441,False
ORCL,put,market,Fri-0DTE,13:30,ITM,2024-09-20,2026-07-10,52,30.0,234,26.068,75.0,27.0,100.0,124.0,0.10918,90.0,-0.16441,False
ORCL,put,market,Fri-0DTE,13:30,ITM,2024-09-20,2026-07-10,52,40.0,234,17.521,62.0,33.0,105.0,124.0,0.10918,90.0,-0.16441,False
ORCL,put,market,Fri-0DTE,13:30,ITM,2024-09-20,2026-07-10,52,50.0,234,11.111,47.0,26.75,106.5,124.0,0.10918,90.0,-0.16441,False
ORCL,put,market,Fri-0DTE,13:30,ITM,2024-09-20,2026-07-10,52,60.0,234,8.12,42.0,26.0,105.5,124.0,0.10918,90.0,-0.16441,False
ORCL,put,market,Fri-0DTE,13:30,ITM,2024-09-20,2026-07-10,52,70.0,234,5.983,37.0,30.25,94.0,124.0,0.10918,90.0,-0.16441,False
ORCL,put,market,Fri-0DTE,13:30,ITM,2024-09-20,2026-07-10,52,75.0,234,5.556,39.0,31.0,102.0,123.0,0.10918,90.0,-0.16441,False
ORCL,put,market,Fri-0DTE,13:30,ITM,2024-09-20,2026-07-10,52,80.0,234,4.701,45.0,33.0,104.5,115.0,0.10918,90.0,-0.16441,False
ORCL,put,market,Fri-0DTE,13:30,ITM,2024-09-20,2026-07-10,52,90.0,234,2.991,53.0,38.5,98.5,112.0,0.10918,90.0,-0.16441,False
ORCL,put,market,Fri-0DTE,13:30,ITM,2024-09-20,2026-07-10,52,100.0,234,2.564,80.0,47.25,103.0,117.0,0.10918,90.0,-0.16441,False
ORCL,put,mid,Fri-0DTE,13:00,OTM2+,2024-09-27,2026-07-10,42,20.0,153,57.516,14.0,4.0,42.5,55.5,0.28571,14.0,-0.25,False
ORCL,put,mid,Fri-0DTE,13:00,OTM2+,2024-09-27,2026-07-10,42,25.0,153,56.863,15.0,5.0,44.0,54.0,0.28571,14.0,-0.25,False
ORCL,put,mid,Fri-0DTE,13:00,OTM2+,2024-09-27,2026-07-10,42,30.0,153,43.791,18.0,6.0,64.0,55.0,0.28571,14.0,-0.25,False
ORCL,put,mid,Fri-0DTE,13:00,OTM2+,2024-09-27,2026-07-10,42,40.0,153,32.68,18.5,8.0,77.0,60.0,0.28571,14.0,-0.25,False
ORCL,put,mid,Fri-0DTE,13:00,OTM2+,2024-09-27,2026-07-10,42,50.0,153,22.876,23.0,8.0,77.0,62.0,0.28571,14.0,-0.25,False
ORCL,put,mid,Fri-0DTE,13:00,OTM2+,2024-09-27,2026-07-10,42,60.0,153,20.261,26.0,11.5,59.5,54.0,0.28571,14.0,-0.25,False
ORCL,put,mid,Fri-0DTE,13:00,OTM2+,2024-09-27,2026-07-10,42,70.0,153,18.301,25.5,11.0,57.75,55.0,0.28571,14.0,-0.25,False
ORCL,put,mid,Fri-0DTE,13:00,OTM2+,2024-09-27,2026-07-10,42,75.0,153,16.993,27.0,11.5,55.25,50.0,0.28571,14.0,-0.25,False
ORCL,put,mid,Fri-0DTE,13:00,OTM2+,2024-09-27,2026-07-10,42,80.0,153,15.686,25.0,11.0,52.75,49.0,0.28571,14.0,-0.25,False
ORCL,put,mid,Fri-0DTE,13:00,OTM2+,2024-09-27,2026-07-10,42,90.0,153,15.686,29.5,11.75,52.75,49.0,0.28571,14.0,-0.25,False
ORCL,put,mid,Fri-0DTE,13:00,OTM2+,2024-09-27,2026-07-10,42,100.0,153,13.725,25.0,11.0,48.0,48.0,0.28571,14.0,-0.25,False
ORCL,put,market,Fri-0DTE,13:00,OTM2+,2024-09-27,2026-07-10,42,20.0,153,7.19,16.0,7.0,27.0,44.0,-1.0,0.0,-1.0,False
ORCL,put,market,Fri-0DTE,13:00,OTM2+,2024-09-27,2026-07-10,42,25.0,153,7.19,16.0,7.0,27.0,43.0,-1.0,0.0,-1.0,False
ORCL,put,market,Fri-0DTE,13:00,OTM2+,2024-09-27,2026-07-10,42,30.0,153,7.19,16.0,7.0,29.5,43.0,-1.0,0.0,-1.0,False
ORCL,put,market,Fri-0DTE,13:00,OTM2+,2024-09-27,2026-07-10,42,40.0,153,5.229,20.5,9.25,31.0,46.0,-1.0,0.0,-1.0,False
ORCL,put,market,Fri-0DTE,13:00,OTM2+,2024-09-27,2026-07-10,42,50.0,153,5.229,21.5,9.5,31.0,43.5,-1.0,0.0,-1.0,False
ORCL,put,market,Fri-0DTE,13:00,OTM2+,2024-09-27,2026-07-10,42,60.0,153,3.268,28.0,5.0,30.0,51.0,-1.0,0.0,-1.0,False
ORCL,put,market,Fri-0DTE,13:00,OTM2+,2024-09-27,2026-07-10,42,70.0,153,3.268,28.0,5.0,32.0,51.0,-1.0,0.0,-1.0,False
ORCL,put,market,Fri-0DTE,13:00,OTM2+,2024-09-27,2026-07-10,42,75.0,153,3.268,29.0,8.0,33.0,50.0,-1.0,0.0,-1.0,False
ORCL,put,market,Fri-0DTE,13:00,OTM2+,2024-09-27,2026-07-10,42,80.0,153,3.268,29.0,8.0,33.0,50.0,-1.0,0.0,-1.0,False
ORCL,put,market,Fri-0DTE,13:00,OTM2+,2024-09-27,2026-07-10,42,90.0,153,3.268,29.0,8.0,33.0,48.0,-1.0,0.0,-1.0,False
ORCL,put,market,Fri-0DTE,13:00,OTM2+,2024-09-27,2026-07-10,42,100.0,153,3.268,34.0,29.0,43.0,48.0,-1.0,0.0,-1.0,False
ORCL,put,mid,Fri-0DTE,14:30,OTM2+,2024-09-27,2026-06-12,42,20.0,138,40.58,30.0,9.5,46.5,46.0,0.16667,10.5,-0.14286,False
ORCL,put,mid,Fri-0DTE,14:30,OTM2+,2024-09-27,2026-06-12,42,25.0,138,40.58,30.0,9.5,48.25,46.0,0.16667,10.5,-0.14286,False
ORCL,put,mid,Fri-0DTE,14:30,OTM2+,2024-09-27,2026-06-12,42,30.0,138,34.058,21.0,7.0,42.5,38.0,0.16667,10.5,-0.14286,False
ORCL,put,mid,Fri-0DTE,14:30,OTM2+,2024-09-27,2026-06-12,42,40.0,138,26.087,19.0,8.5,42.25,33.5,0.16667,10.5,-0.14286,False
ORCL,put,mid,Fri-0DTE,14:30,OTM2+,2024-09-27,2026-06-12,42,50.0,138,18.116,19.0,7.0,38.0,28.0,0.16667,10.5,-0.14286,False
ORCL,put,mid,Fri-0DTE,14:30,OTM2+,2024-09-27,2026-06-12,42,60.0,138,15.217,19.0,9.0,38.0,28.0,0.16667,10.5,-0.14286,False
ORCL,put,mid,Fri-0DTE,14:30,OTM2+,2024-09-27,2026-06-12,42,70.0,138,13.043,19.0,9.5,35.25,27.0,0.16667,10.5,-0.14286,False
ORCL,put,mid,Fri-0DTE,14:30,OTM2+,2024-09-27,2026-06-12,42,75.0,138,12.319,19.0,11.0,36.0,28.0,0.16667,10.5,-0.14286,False
ORCL,put,mid,Fri-0DTE,14:30,OTM2+,2024-09-27,2026-06-12,42,80.0,138,11.594,21.0,12.0,36.5,28.0,0.16667,10.5,-0.14286,False
ORCL,put,mid,Fri-0DTE,14:30,OTM2+,2024-09-27,2026-06-12,42,90.0,138,10.87,23.0,16.0,43.5,28.0,0.16667,10.5,-0.14286,False
ORCL,put,mid,Fri-0DTE,14:30,OTM2+,2024-09-27,2026-06-12,42,100.0,138,10.145,21.0,14.5,36.75,28.0,0.16667,10.5,-0.14286,False
ORCL,put,market,Fri-0DTE,14:30,OTM2+,2024-09-27,2026-06-12,42,20.0,138,3.623,58.0,18.0,68.0,74.0,-1.0,0.0,-1.0,False
ORCL,put,market,Fri-0DTE,14:30,OTM2+,2024-09-27,2026-06-12,42,25.0,138,3.623,58.0,22.0,74.0,74.0,-1.0,0.0,-1.0,False
ORCL,put,market,Fri-0DTE,14:30,OTM2+,2024-09-27,2026-06-12,42,30.0,138,3.623,58.0,23.0,74.0,74.0,-1.0,0.0,-1.0,False
ORCL,put,market,Fri-0DTE,14:30,OTM2+,2024-09-27,2026-06-12,42,40.0,138,2.174,23.0,21.0,40.5,64.0,-1.0,0.0,-1.0,False
ORCL,put,market,Fri-0DTE,14:30,OTM2+,2024-09-27,2026-06-12,42,50.0,138,2.174,24.0,22.0,44.0,64.0,-1.0,0.0,-1.0,False
ORCL,put,market,Fri-0DTE,14:30,OTM2+,2024-09-27,2026-06-12,42,60.0,138,1.449,22.0,21.0,23.0,53.5,-1.0,0.0,-1.0,False
ORCL,put,market,Fri-0DTE,14:30,OTM2+,2024-09-27,2026-06-12,42,70.0,138,0.725,58.0,58.0,58.0,83.0,-1.0,0.0,-1.0,False
ORCL,put,market,Fri-0DTE,14:30,OTM2+,2024-09-27,2026-06-12,42,75.0,138,0.725,58.0,58.0,58.0,83.0,-1.0,0.0,-1.0,False
ORCL,put,market,Fri-0DTE,14:30,OTM2+,2024-09-27,2026-06-12,42,80.0,138,0.725,58.0,58.0,58.0,83.0,-1.0,0.0,-1.0,False
ORCL,put,market,Fri-0DTE,14:30,OTM2+,2024-09-27,2026-06-12,42,90.0,138,0.725,60.0,60.0,60.0,83.0,-1.0,0.0,-1.0,False
ORCL,put,market,Fri-0DTE,14:30,OTM2+,2024-09-27,2026-06-12,42,100.0,138,0.725,60.0,60.0,60.0,83.0,-1.0,0.0,-1.0,False
ORCL,put,mid,Fri-0DTE,15:30,OTM1,2024-09-27,2026-06-12,36,20.0,36,50.0,7.0,2.5,10.25,22.5,0.19444,6.5,-0.14286,False
ORCL,put,mid,Fri-0DTE,15:30,OTM1,2024-09-27,2026-06-12,36,25.0,36,47.222,7.0,2.0,13.0,23.0,0.19444,6.5,-0.14286,False
ORCL,put,mid,Fri-0DTE,15:30,OTM1,2024-09-27,2026-06-12,36,30.0,36,44.444,6.5,2.0,13.5,23.5,0.19444,6.5,-0.14286,False
ORCL,put,mid,Fri-0DTE,15:30,OTM1,2024-09-27,2026-06-12,36,40.0,36,33.333,6.5,3.5,20.25,22.5,0.19444,6.5,-0.14286,False
ORCL,put,mid,Fri-0DTE,15:30,OTM1,2024-09-27,2026-06-12,36,50.0,36,27.778,12.0,7.0,20.75,24.5,0.19444,6.5,-0.14286,False
ORCL,put,mid,Fri-0DTE,15:30,OTM1,2024-09-27,2026-06-12,36,60.0,36,27.778,15.0,7.0,20.75,24.5,0.19444,6.5,-0.14286,False
ORCL,put,mid,Fri-0DTE,15:30,OTM1,2024-09-27,2026-06-12,36,70.0,36,19.444,7.0,5.0,18.5,27.0,0.19444,6.5,-0.14286,False
ORCL,put,mid,Fri-0DTE,15:30,OTM1,2024-09-27,2026-06-12,36,75.0,36,19.444,11.0,7.5,26.5,27.0,0.19444,6.5,-0.14286,False
ORCL,put,mid,Fri-0DTE,15:30,OTM1,2024-09-27,2026-06-12,36,80.0,36,19.444,11.0,10.5,26.5,27.0,0.19444,6.5,-0.14286,False
ORCL,put,mid,Fri-0DTE,15:30,OTM1,2024-09-27,2026-06-12,36,90.0,36,19.444,11.0,10.5,26.5,27.0,0.19444,6.5,-0.14286,False
ORCL,put,mid,Fri-0DTE,15:30,OTM1,2024-09-27,2026-06-12,36,100.0,36,16.667,11.0,10.25,22.25,24.0,0.19444,6.5,-0.14286,False
ORCL,put,market,Fri-0DTE,15:30,OTM1,2024-09-27,2026-06-12,36,20.0,36,5.556,9.0,6.0,12.0,27.0,-1.0,0.0,-1.0,False
ORCL,put,market,Fri-0DTE,15:30,OTM1,2024-09-27,2026-06-12,36,25.0,36,5.556,14.5,8.75,20.25,27.0,-1.0,0.0,-1.0,False
ORCL,put,market,Fri-0DTE,15:30,OTM1,2024-09-27,2026-06-12,36,30.0,36,5.556,14.5,8.75,20.25,27.0,-1.0,0.0,-1.0,False
ORCL,put,market,Fri-0DTE,15:30,OTM1,2024-09-27,2026-06-12,36,40.0,36,5.556,15.5,10.25,20.75,27.0,-1.0,0.0,-1.0,False
ORCL,put,market,Fri-0DTE,15:30,OTM1,2024-09-27,2026-06-12,36,50.0,36,5.556,15.5,10.25,20.75,27.0,-1.0,0.0,-1.0,False
ORCL,put,market,Fri-0DTE,15:30,OTM1,2024-09-27,2026-06-12,36,60.0,36,5.556,15.5,10.25,20.75,18.0,-1.0,0.0,-1.0,False
ORCL,put,market,Fri-0DTE,15:30,OTM1,2024-09-27,2026-06-12,36,70.0,36,5.556,16.5,11.75,21.25,18.0,-1.0,0.0,-1.0,False
ORCL,put,market,Fri-0DTE,15:30,OTM1,2024-09-27,2026-06-12,36,75.0,36,5.556,16.5,11.75,21.25,18.0,-1.0,0.0,-1.0,False
ORCL,put,market,Fri-0DTE,15:30,OTM1,2024-09-27,2026-06-12,36,80.0,36,5.556,16.5,11.75,21.25,17.0,-1.0,0.0,-1.0,False
ORCL,put,market,Fri-0DTE,15:30,OTM1,2024-09-27,2026-06-12,36,90.0,36,2.778,7.0,7.0,7.0,8.0,-1.0,0.0,-1.0,False
ORCL,put,market,Fri-0DTE,15:30,OTM1,2024-09-27,2026-06-12,36,100.0,36,2.778,8.0,8.0,8.0,8.0,-1.0,0.0,-1.0,False
ORCL,put,mid,Fri-0DTE,14:00,OTM2+,2024-10-11,2026-06-12,44,20.0,147,42.857,25.0,10.0,65.0,68.0,0.16667,10.0,-0.14286,False
ORCL,put,mid,Fri-0DTE,14:00,OTM2+,2024-10-11,2026-06-12,44,25.0,147,42.177,26.0,11.0,65.0,70.5,0.16667,10.0,-0.14286,False
ORCL,put,mid,Fri-0DTE,14:00,OTM2+,2024-10-11,2026-06-12,44,30.0,147,31.973,27.0,10.5,65.0,66.0,0.16667,10.0,-0.14286,False
ORCL,put,mid,Fri-0DTE,14:00,OTM2+,2024-10-11,2026-06-12,44,40.0,147,25.17,27.0,9.0,65.0,58.0,0.16667,10.0,-0.14286,False
ORCL,put,mid,Fri-0DTE,14:00,OTM2+,2024-10-11,2026-06-12,44,50.0,147,20.408,34.5,17.0,64.0,56.5,0.16667,10.0,-0.14286,False
ORCL,put,mid,Fri-0DTE,14:00,OTM2+,2024-10-11,2026-06-12,44,60.0,147,19.048,38.0,18.5,69.25,60.5,0.16667,10.0,-0.14286,False
ORCL,put,mid,Fri-0DTE,14:00,OTM2+,2024-10-11,2026-06-12,44,70.0,147,17.687,35.0,17.5,71.75,63.5,0.16667,10.0,-0.14286,False
ORCL,put,mid,Fri-0DTE,14:00,OTM2+,2024-10-11,2026-06-12,44,75.0,147,14.286,29.0,17.0,68.0,64.0,0.16667,10.0,-0.14286,False
ORCL,put,mid,Fri-0DTE,14:00,OTM2+,2024-10-11,2026-06-12,44,80.0,147,14.286,29.0,17.0,68.0,64.0,0.16667,10.0,-0.14286,False
ORCL,put,mid,Fri-0DTE,14:00,OTM2+,2024-10-11,2026-06-12,44,90.0,147,13.605,36.0,15.75,69.75,66.0,0.16667,10.0,-0.14286,False
ORCL,put,mid,Fri-0DTE,14:00,OTM2+,2024-10-11,2026-06-12,44,100.0,147,13.605,51.5,20.0,69.75,66.0,0.16667,10.0,-0.14286,False
ORCL,put,market,Fri-0DTE,14:00,OTM2+,2024-10-11,2026-06-12,44,20.0,147,2.041,66.0,47.0,69.5,94.0,-1.0,0.0,-1.0,False
ORCL,put,market,Fri-0DTE,14:00,OTM2+,2024-10-11,2026-06-12,44,25.0,147,2.041,66.0,47.5,69.5,94.0,-1.0,0.0,-1.0,False
ORCL,put,market,Fri-0DTE,14:00,OTM2+,2024-10-11,2026-06-12,44,30.0,147,2.041,66.0,47.5,69.5,94.0,-1.0,0.0,-1.0,False
ORCL,put,market,Fri-0DTE,14:00,OTM2+,2024-10-11,2026-06-12,44,40.0,147,2.041,66.0,48.0,70.5,94.0,-1.0,0.0,-1.0,False
ORCL,put,market,Fri-0DTE,14:00,OTM2+,2024-10-11,2026-06-12,44,50.0,147,2.041,66.0,49.0,70.5,93.0,-1.0,0.0,-1.0,False
ORCL,put,market,Fri-0DTE,14:00,OTM2+,2024-10-11,2026-06-12,44,60.0,147,2.041,68.0,67.0,71.5,87.0,-1.0,0.0,-1.0,False
ORCL,put,market,Fri-0DTE,14:00,OTM2+,2024-10-11,2026-06-12,44,70.0,147,2.041,68.0,67.0,72.5,87.0,-1.0,0.0,-1.0,False
ORCL,put,market,Fri-0DTE,14:00,OTM2+,2024-10-11,2026-06-12,44,75.0,147,2.041,70.0,68.0,73.5,87.0,-1.0,0.0,-1.0,False
ORCL,put,market,Fri-0DTE,14:00,OTM2+,2024-10-11,2026-06-12,44,80.0,147,2.041,70.0,68.0,73.5,87.0,-1.0,0.0,-1.0,False
ORCL,put,market,Fri-0DTE,14:00,OTM2+,2024-10-11,2026-06-12,44,90.0,147,2.041,70.0,68.0,73.5,84.0,-1.0,0.0,-1.0,False
ORCL,put,market,Fri-0DTE,14:00,OTM2+,2024-10-11,2026-06-12,44,100.0,147,2.041,70.0,68.0,74.0,78.0,-1.0,0.0,-1.0,False
ORCL,call,mid,Fri-0DTE,15:00,OTM2+,2024-12-20,2026-07-10,48,20.0,231,41.558,13.0,4.75,25.5,22.0,0.16667,3.0,0.0,False
ORCL,call,mid,Fri-0DTE,15:00,OTM2+,2024-12-20,2026-07-10,48,25.0,231,41.126,13.0,5.0,26.0,22.0,0.16667,3.0,0.0,False
ORCL,call,mid,Fri-0DTE,15:00,OTM2+,2024-12-20,2026-07-10,48,30.0,231,34.199,13.0,6.5,27.0,23.0,0.16667,3.0,0.0,False
ORCL,call,mid,Fri-0DTE,15:00,OTM2+,2024-12-20,2026-07-10,48,40.0,231,19.913,14.0,6.25,28.5,21.0,0.16667,3.0,0.0,False
ORCL,call,mid,Fri-0DTE,15:00,OTM2+,2024-12-20,2026-07-10,48,50.0,231,10.823,17.0,7.0,27.0,22.0,0.16667,3.0,0.0,False
ORCL,call,mid,Fri-0DTE,15:00,OTM2+,2024-12-20,2026-07-10,48,60.0,231,9.524,20.0,9.5,29.25,24.0,0.16667,3.0,0.0,False
ORCL,call,mid,Fri-0DTE,15:00,OTM2+,2024-12-20,2026-07-10,48,70.0,231,8.658,20.0,9.25,27.75,24.0,0.16667,3.0,0.0,False
ORCL,call,mid,Fri-0DTE,15:00,OTM2+,2024-12-20,2026-07-10,48,75.0,231,7.792,17.5,7.75,24.75,22.5,0.16667,3.0,0.0,False
ORCL,call,mid,Fri-0DTE,15:00,OTM2+,2024-12-20,2026-07-10,48,80.0,231,7.359,18.0,11.0,26.0,23.0,0.16667,3.0,0.0,False
ORCL,call,mid,Fri-0DTE,15:00,OTM2+,2024-12-20,2026-07-10,48,90.0,231,7.359,18.0,11.0,26.0,23.0,0.16667,3.0,0.0,False
ORCL,call,mid,Fri-0DTE,15:00,OTM2+,2024-12-20,2026-07-10,48,100.0,231,6.494,18.0,12.0,25.5,23.0,0.16667,3.0,0.0,False
ORCL,call,market,Fri-0DTE,15:00,OTM2+,2024-12-20,2026-07-10,48,20.0,231,2.165,22.0,17.0,31.0,24.0,-1.0,0.0,-1.0,False
ORCL,call,market,Fri-0DTE,15:00,OTM2+,2024-12-20,2026-07-10,48,25.0,231,2.165,22.0,17.0,31.0,23.0,-1.0,0.0,-1.0,False
ORCL,call,market,Fri-0DTE,15:00,OTM2+,2024-12-20,2026-07-10,48,30.0,231,1.732,26.5,20.75,36.0,27.0,-1.0,0.0,-1.0,False
ORCL,call,market,Fri-0DTE,15:00,OTM2+,2024-12-20,2026-07-10,48,40.0,231,0.866,41.0,36.0,46.0,41.0,-1.0,0.0,-1.0,False
ORCL,call,market,Fri-0DTE,15:00,OTM2+,2024-12-20,2026-07-10,48,50.0,231,0.866,41.0,36.0,46.0,41.0,-1.0,0.0,-1.0,False
ORCL,call,market,Fri-0DTE,15:00,OTM2+,2024-12-20,2026-07-10,48,60.0,231,0.0,,,,,-1.0,0.0,-1.0,False
ORCL,call,market,Fri-0DTE,15:00,OTM2+,2024-12-20,2026-07-10,48,70.0,231,0.0,,,,,-1.0,0.0,-1.0,False
ORCL,call,market,Fri-0DTE,15:00,OTM2+,2024-12-20,2026-07-10,48,75.0,231,0.0,,,,,-1.0,0.0,-1.0,False
ORCL,call,market,Fri-0DTE,15:00,OTM2+,2024-12-20,2026-07-10,48,80.0,231,0.0,,,,,-1.0,0.0,-1.0,False
ORCL,call,market,Fri-0DTE,15:00,OTM2+,2024-12-20,2026-07-10,48,90.0,231,0.0,,,,,-1.0,0.0,-1.0,False
ORCL,call,market,Fri-0DTE,15:00,OTM2+,2024-12-20,2026-07-10,48,100.0,231,0.0,,,,,-1.0,0.0,-1.0,False
ORCL,call,mid,Fri-0DTE,15:30,OTM2+,2025-01-31,2026-06-12,27,20.0,45,26.667,11.5,5.0,23.0,19.0,0.0,0.0,0.0,False
ORCL,call,mid,Fri-0DTE,15:30,OTM2+,2025-01-31,2026-06-12,27,25.0,45,26.667,11.5,5.0,23.0,19.0,0.0,0.0,0.0,False
ORCL,call,mid,Fri-0DTE,15:30,OTM2+,2025-01-31,2026-06-12,27,30.0,45,24.444,11.0,5.0,23.0,23.0,0.0,0.0,0.0,False
ORCL,call,mid,Fri-0DTE,15:30,OTM2+,2025-01-31,2026-06-12,27,40.0,45,13.333,8.5,5.5,10.75,9.0,0.0,0.0,0.0,False
ORCL,call,mid,Fri-0DTE,15:30,OTM2+,2025-01-31,2026-06-12,27,50.0,45,4.444,19.0,14.5,23.5,20.0,0.0,0.0,0.0,False
ORCL,call,mid,Fri-0DTE,15:30,OTM2+,2025-01-31,2026-06-12,27,60.0,45,4.444,19.0,14.5,23.5,20.0,0.0,0.0,0.0,False
ORCL,call,mid,Fri-0DTE,15:30,OTM2+,2025-01-31,2026-06-12,27,70.0,45,4.444,19.0,14.5,23.5,19.5,0.0,0.0,0.0,False
ORCL,call,mid,Fri-0DTE,15:30,OTM2+,2025-01-31,2026-06-12,27,75.0,45,4.444,19.0,14.5,23.5,19.5,0.0,0.0,0.0,False
ORCL,call,mid,Fri-0DTE,15:30,OTM2+,2025-01-31,2026-06-12,27,80.0,45,4.444,19.0,14.5,23.5,19.5,0.0,0.0,0.0,False
ORCL,call,mid,Fri-0DTE,15:30,OTM2+,2025-01-31,2026-06-12,27,90.0,45,4.444,19.0,14.5,23.5,19.5,0.0,0.0,0.0,False
ORCL,call,mid,Fri-0DTE,15:30,OTM2+,2025-01-31,2026-06-12,27,100.0,45,4.444,19.0,14.5,23.5,19.5,0.0,0.0,0.0,False
ORCL,call,market,Fri-0DTE,15:30,OTM2+,2025-01-31,2026-06-12,27,20.0,45,2.222,11.0,11.0,11.0,11.0,-1.0,0.0,-1.0,False
ORCL,call,market,Fri-0DTE,15:30,OTM2+,2025-01-31,2026-06-12,27,25.0,45,2.222,11.0,11.0,11.0,11.0,-1.0,0.0,-1.0,False
ORCL,call,market,Fri-0DTE,15:30,OTM2+,2025-01-31,2026-06-12,27,30.0,45,2.222,11.0,11.0,11.0,11.0,-1.0,0.0,-1.0,False
ORCL,call,market,Fri-0DTE,15:30,OTM2+,2025-01-31,2026-06-12,27,40.0,45,2.222,11.0,11.0,11.0,11.0,-1.0,0.0,-1.0,False
ORCL,call,market,Fri-0DTE,15:30,OTM2+,2025-01-31,2026-06-12,27,50.0,45,2.222,11.0,11.0,11.0,11.0,-1.0,0.0,-1.0,False
ORCL,call,market,Fri-0DTE,15:30,OTM2+,2025-01-31,2026-06-12,27,60.0,45,0.0,,,,,-1.0,0.0,-1.0,False
ORCL,call,market,Fri-0DTE,15:30,OTM2+,2025-01-31,2026-06-12,27,70.0,45,0.0,,,,,-1.0,0.0,-1.0,False
ORCL,call,market,Fri-0DTE,15:30,OTM2+,2025-01-31,2026-06-12,27,75.0,45,0.0,,,,,-1.0,0.0,-1.0,False
ORCL,call,market,Fri-0DTE,15:30,OTM2+,2025-01-31,2026-06-12,27,80.0,45,0.0,,,,,-1.0,0.0,-1.0,False
ORCL,call,market,Fri-0DTE,15:30,OTM2+,2025-01-31,2026-06-12,27,90.0,45,0.0,,,,,-1.0,0.0,-1.0,False
ORCL,call,market,Fri-0DTE,15:30,OTM2+,2025-01-31,2026-06-12,27,100.0,45,0.0,,,,,-1.0,0.0,-1.0,False
ORCL,put,mid,Fri-0DTE,12:30,OTM2+,2025-01-31,2026-07-10,49,20.0,184,60.326,35.0,12.0,90.0,114.0,0.29286,25.0,-0.25,False
ORCL,put,mid,Fri-0DTE,12:30,OTM2+,2025-01-31,2026-07-10,49,25.0,184,60.326,35.0,12.0,90.0,114.0,0.29286,25.0,-0.25,False
ORCL,put,mid,Fri-0DTE,12:30,OTM2+,2025-01-31,2026-07-10,49,30.0,184,50.0,38.0,12.0,90.75,110.5,0.29286,25.0,-0.25,False
ORCL,put,mid,Fri-0DTE,12:30,OTM2+,2025-01-31,2026-07-10,49,40.0,184,41.304,50.5,20.25,98.5,92.5,0.29286,25.0,-0.25,False
ORCL,put,mid,Fri-0DTE,12:30,OTM2+,2025-01-31,2026-07-10,49,50.0,184,29.348,38.0,15.25,97.75,92.0,0.29286,25.0,-0.25,False
ORCL,put,mid,Fri-0DTE,12:30,OTM2+,2025-01-31,2026-07-10,49,60.0,184,26.087,37.0,18.0,97.75,82.0,0.29286,25.0,-0.25,False
ORCL,put,mid,Fri-0DTE,12:30,OTM2+,2025-01-31,2026-07-10,49,70.0,184,23.37,36.0,17.5,99.0,87.0,0.29286,25.0,-0.25,False
ORCL,put,mid,Fri-0DTE,12:30,OTM2+,2025-01-31,2026-07-10,49,75.0,184,20.109,31.0,16.0,102.0,107.0,0.29286,25.0,-0.25,False
ORCL,put,mid,Fri-0DTE,12:30,OTM2+,2025-01-31,2026-07-10,49,80.0,184,17.935,26.0,16.0,102.0,107.0,0.29286,25.0,-0.25,False
ORCL,put,mid,Fri-0DTE,12:30,OTM2+,2025-01-31,2026-07-10,49,90.0,184,17.935,27.0,17.0,102.0,107.0,0.29286,25.0,-0.25,False
ORCL,put,mid,Fri-0DTE,12:30,OTM2+,2025-01-31,2026-07-10,49,100.0,184,15.761,26.0,16.0,90.0,119.0,0.29286,25.0,-0.25,False
ORCL,put,market,Fri-0DTE,12:30,OTM2+,2025-01-31,2026-07-10,49,20.0,184,8.152,21.0,13.0,28.5,81.0,-0.95455,0.0,-1.0,False
ORCL,put,market,Fri-0DTE,12:30,OTM2+,2025-01-31,2026-07-10,49,25.0,184,8.152,21.0,13.0,28.5,80.0,-0.95455,0.0,-1.0,False
ORCL,put,market,Fri-0DTE,12:30,OTM2+,2025-01-31,2026-07-10,49,30.0,184,8.152,21.0,13.0,29.0,78.0,-0.95455,0.0,-1.0,False
ORCL,put,market,Fri-0DTE,12:30,OTM2+,2025-01-31,2026-07-10,49,40.0,184,7.065,18.0,13.0,27.0,102.0,-0.95455,0.0,-1.0,False
ORCL,put,market,Fri-0DTE,12:30,OTM2+,2025-01-31,2026-07-10,49,50.0,184,5.435,17.0,14.5,22.0,115.5,-0.95455,0.0,-1.0,False
ORCL,put,market,Fri-0DTE,12:30,OTM2+,2025-01-31,2026-07-10,49,60.0,184,3.804,23.0,17.0,26.0,117.0,-0.95455,0.0,-1.0,False
ORCL,put,market,Fri-0DTE,12:30,OTM2+,2025-01-31,2026-07-10,49,70.0,184,3.804,23.0,17.0,27.0,117.0,-0.95455,0.0,-1.0,False
ORCL,put,market,Fri-0DTE,12:30,OTM2+,2025-01-31,2026-07-10,49,75.0,184,3.804,23.0,17.0,27.0,112.0,-0.95455,0.0,-1.0,False
ORCL,put,market,Fri-0DTE,12:30,OTM2+,2025-01-31,2026-07-10,49,80.0,184,3.261,20.5,16.5,25.25,114.5,-0.95455,0.0,-1.0,False
ORCL,put,market,Fri-0DTE,12:30,OTM2+,2025-01-31,2026-07-10,49,90.0,184,3.261,20.5,16.5,25.25,97.5,-0.95455,0.0,-1.0,False
ORCL,put,market,Fri-0DTE,12:30,OTM2+,2025-01-31,2026-07-10,49,100.0,184,3.261,20.5,16.5,25.25,90.0,-0.95455,0.0,-1.0,False
