symbol,direction,fill_mode,regime,entry_bucket,moneyness,first_date,last_date,n_sessions,T_pct,n,hit_pct,first_hit_median,first_hit_q25,first_hit_q75,last_hold_median,mfe_pct_median,mfe_min_median,mae_pct_median,low_sample
TSLA,call,mid,Fri-0DTE,09:30,ITM,2024-07-12,2026-07-10,98,20.0,2041,69.966,11.0,5.0,35.0,364.0,0.4875,89.0,-0.46693,False
TSLA,call,mid,Fri-0DTE,09:30,ITM,2024-07-12,2026-07-10,98,25.0,2041,65.752,15.0,7.0,45.75,364.0,0.4875,89.0,-0.46693,False
TSLA,call,mid,Fri-0DTE,09:30,ITM,2024-07-12,2026-07-10,98,30.0,2041,61.832,19.0,9.0,53.0,364.0,0.4875,89.0,-0.46693,False
TSLA,call,mid,Fri-0DTE,09:30,ITM,2024-07-12,2026-07-10,98,40.0,2041,55.218,27.0,12.5,64.0,364.0,0.4875,89.0,-0.46693,False
TSLA,call,mid,Fri-0DTE,09:30,ITM,2024-07-12,2026-07-10,98,50.0,2041,49.339,34.0,17.0,87.0,364.0,0.4875,89.0,-0.46693,False
TSLA,call,mid,Fri-0DTE,09:30,ITM,2024-07-12,2026-07-10,98,60.0,2041,43.9,42.5,22.0,100.25,364.0,0.4875,89.0,-0.46693,False
TSLA,call,mid,Fri-0DTE,09:30,ITM,2024-07-12,2026-07-10,98,70.0,2041,38.902,50.5,27.0,111.75,364.0,0.4875,89.0,-0.46693,False
TSLA,call,mid,Fri-0DTE,09:30,ITM,2024-07-12,2026-07-10,98,75.0,2041,36.257,52.0,28.0,110.0,364.0,0.4875,89.0,-0.46693,False
TSLA,call,mid,Fri-0DTE,09:30,ITM,2024-07-12,2026-07-10,98,80.0,2041,34.346,56.0,31.0,124.0,364.0,0.4875,89.0,-0.46693,False
TSLA,call,mid,Fri-0DTE,09:30,ITM,2024-07-12,2026-07-10,98,90.0,2041,30.818,63.0,36.0,145.0,364.0,0.4875,89.0,-0.46693,False
TSLA,call,mid,Fri-0DTE,09:30,ITM,2024-07-12,2026-07-10,98,100.0,2041,27.683,68.0,38.0,161.0,364.0,0.4875,89.0,-0.46693,False
TSLA,call,market,Fri-0DTE,09:30,ITM,2024-07-12,2026-07-10,98,20.0,2041,67.467,13.0,6.0,42.0,364.0,0.4578,89.0,-0.48007,False
TSLA,call,market,Fri-0DTE,09:30,ITM,2024-07-12,2026-07-10,98,25.0,2041,63.792,17.0,8.0,52.0,364.0,0.4578,89.0,-0.48007,False
TSLA,call,market,Fri-0DTE,09:30,ITM,2024-07-12,2026-07-10,98,30.0,2041,59.873,21.0,10.0,55.0,364.0,0.4578,89.0,-0.48007,False
TSLA,call,market,Fri-0DTE,09:30,ITM,2024-07-12,2026-07-10,98,40.0,2041,53.895,30.0,14.0,76.25,364.0,0.4578,89.0,-0.48007,False
TSLA,call,market,Fri-0DTE,09:30,ITM,2024-07-12,2026-07-10,98,50.0,2041,47.183,37.0,19.0,93.5,364.0,0.4578,89.0,-0.48007,False
TSLA,call,market,Fri-0DTE,09:30,ITM,2024-07-12,2026-07-10,98,60.0,2041,42.038,46.0,23.0,102.75,364.0,0.4578,89.0,-0.48007,False
TSLA,call,market,Fri-0DTE,09:30,ITM,2024-07-12,2026-07-10,98,70.0,2041,36.845,52.0,28.0,109.25,364.0,0.4578,89.0,-0.48007,False
TSLA,call,market,Fri-0DTE,09:30,ITM,2024-07-12,2026-07-10,98,75.0,2041,34.885,53.0,30.0,115.0,364.0,0.4578,89.0,-0.48007,False
TSLA,call,market,Fri-0DTE,09:30,ITM,2024-07-12,2026-07-10,98,80.0,2041,33.072,59.0,32.5,131.5,364.0,0.4578,89.0,-0.48007,False
TSLA,call,market,Fri-0DTE,09:30,ITM,2024-07-12,2026-07-10,98,90.0,2041,29.299,64.0,38.0,149.0,364.0,0.4578,89.0,-0.48007,False
TSLA,call,market,Fri-0DTE,09:30,ITM,2024-07-12,2026-07-10,98,100.0,2041,26.458,69.0,39.0,167.5,364.0,0.4578,89.0,-0.48007,False
TSLA,call,mid,Fri-0DTE,10:00,ITM,2024-07-12,2026-07-10,96,20.0,2381,73.163,19.0,8.0,54.75,334.0,0.45038,102.0,-0.3875,False
TSLA,call,mid,Fri-0DTE,10:00,ITM,2024-07-12,2026-07-10,96,25.0,2381,67.409,23.0,11.0,69.0,335.0,0.45038,102.0,-0.3875,False
TSLA,call,mid,Fri-0DTE,10:00,ITM,2024-07-12,2026-07-10,96,30.0,2381,62.201,28.0,13.0,75.0,337.0,0.45038,102.0,-0.3875,False
TSLA,call,mid,Fri-0DTE,10:00,ITM,2024-07-12,2026-07-10,96,40.0,2381,53.297,38.0,19.0,93.0,336.0,0.45038,102.0,-0.3875,False
TSLA,call,mid,Fri-0DTE,10:00,ITM,2024-07-12,2026-07-10,96,50.0,2381,46.745,51.0,22.0,118.0,334.0,0.45038,102.0,-0.3875,False
TSLA,call,mid,Fri-0DTE,10:00,ITM,2024-07-12,2026-07-10,96,60.0,2381,40.445,62.0,26.0,136.0,334.0,0.45038,102.0,-0.3875,False
TSLA,call,mid,Fri-0DTE,10:00,ITM,2024-07-12,2026-07-10,96,70.0,2381,34.859,70.0,30.0,142.0,334.0,0.45038,102.0,-0.3875,False
TSLA,call,mid,Fri-0DTE,10:00,ITM,2024-07-12,2026-07-10,96,75.0,2381,33.095,73.0,32.0,153.0,333.0,0.45038,102.0,-0.3875,False
TSLA,call,mid,Fri-0DTE,10:00,ITM,2024-07-12,2026-07-10,96,80.0,2381,30.197,76.0,32.0,159.0,333.0,0.45038,102.0,-0.3875,False
TSLA,call,mid,Fri-0DTE,10:00,ITM,2024-07-12,2026-07-10,96,90.0,2381,26.165,81.0,37.0,169.0,329.0,0.45038,102.0,-0.3875,False
TSLA,call,mid,Fri-0DTE,10:00,ITM,2024-07-12,2026-07-10,96,100.0,2381,22.386,90.0,39.0,173.0,325.0,0.45038,102.0,-0.3875,False
TSLA,call,market,Fri-0DTE,10:00,ITM,2024-07-12,2026-07-10,96,20.0,2381,70.433,22.0,9.0,61.0,336.0,0.42166,102.0,-0.40329,False
TSLA,call,market,Fri-0DTE,10:00,ITM,2024-07-12,2026-07-10,96,25.0,2381,64.385,26.0,12.0,71.0,337.0,0.42166,102.0,-0.40329,False
TSLA,call,market,Fri-0DTE,10:00,ITM,2024-07-12,2026-07-10,96,30.0,2381,60.017,30.0,14.0,81.0,338.0,0.42166,102.0,-0.40329,False
TSLA,call,market,Fri-0DTE,10:00,ITM,2024-07-12,2026-07-10,96,40.0,2381,51.239,42.0,20.0,107.0,336.0,0.42166,102.0,-0.40329,False
TSLA,call,market,Fri-0DTE,10:00,ITM,2024-07-12,2026-07-10,96,50.0,2381,44.435,55.0,23.0,124.75,334.0,0.42166,102.0,-0.40329,False
TSLA,call,market,Fri-0DTE,10:00,ITM,2024-07-12,2026-07-10,96,60.0,2381,38.807,66.0,27.0,137.25,334.0,0.42166,102.0,-0.40329,False
TSLA,call,market,Fri-0DTE,10:00,ITM,2024-07-12,2026-07-10,96,70.0,2381,33.683,74.0,32.0,149.75,334.0,0.42166,102.0,-0.40329,False
TSLA,call,market,Fri-0DTE,10:00,ITM,2024-07-12,2026-07-10,96,75.0,2381,31.205,76.0,32.0,157.5,333.0,0.42166,102.0,-0.40329,False
TSLA,call,market,Fri-0DTE,10:00,ITM,2024-07-12,2026-07-10,96,80.0,2381,28.097,77.0,33.0,160.0,333.0,0.42166,102.0,-0.40329,False
TSLA,call,market,Fri-0DTE,10:00,ITM,2024-07-12,2026-07-10,96,90.0,2381,24.318,82.0,38.0,170.0,327.0,0.42166,102.0,-0.40329,False
TSLA,call,market,Fri-0DTE,10:00,ITM,2024-07-12,2026-07-10,96,100.0,2381,21.126,91.0,43.0,176.0,322.0,0.42166,102.0,-0.40329,False
TSLA,call,mid,Fri-0DTE,10:30,ITM,2024-07-12,2026-07-10,91,20.0,2296,73.171,23.0,9.0,71.25,306.0,0.41241,128.0,-0.33719,False
TSLA,call,mid,Fri-0DTE,10:30,ITM,2024-07-12,2026-07-10,91,25.0,2296,67.509,31.0,13.0,97.0,304.0,0.41241,128.0,-0.33719,False
TSLA,call,mid,Fri-0DTE,10:30,ITM,2024-07-12,2026-07-10,91,30.0,2296,61.324,39.0,16.0,118.25,304.0,0.41241,128.0,-0.33719,False
TSLA,call,mid,Fri-0DTE,10:30,ITM,2024-07-12,2026-07-10,91,40.0,2296,51.002,48.0,24.0,133.0,301.0,0.41241,128.0,-0.33719,False
TSLA,call,mid,Fri-0DTE,10:30,ITM,2024-07-12,2026-07-10,91,50.0,2296,42.77,56.0,32.0,141.0,295.0,0.41241,128.0,-0.33719,False
TSLA,call,mid,Fri-0DTE,10:30,ITM,2024-07-12,2026-07-10,91,60.0,2296,35.409,71.0,38.0,154.0,286.0,0.41241,128.0,-0.33719,False
TSLA,call,mid,Fri-0DTE,10:30,ITM,2024-07-12,2026-07-10,91,70.0,2296,29.355,88.5,42.0,158.75,279.5,0.41241,128.0,-0.33719,False
TSLA,call,mid,Fri-0DTE,10:30,ITM,2024-07-12,2026-07-10,91,75.0,2296,26.96,93.0,45.0,164.0,278.0,0.41241,128.0,-0.33719,False
TSLA,call,mid,Fri-0DTE,10:30,ITM,2024-07-12,2026-07-10,91,80.0,2296,24.303,94.0,46.0,163.0,276.5,0.41241,128.0,-0.33719,False
TSLA,call,mid,Fri-0DTE,10:30,ITM,2024-07-12,2026-07-10,91,90.0,2296,20.557,103.0,49.75,166.0,273.5,0.41241,128.0,-0.33719,False
TSLA,call,mid,Fri-0DTE,10:30,ITM,2024-07-12,2026-07-10,91,100.0,2296,17.03,109.0,52.5,172.0,271.0,0.41241,128.0,-0.33719,False
TSLA,call,market,Fri-0DTE,10:30,ITM,2024-07-12,2026-07-10,91,20.0,2296,70.383,28.0,11.0,85.0,304.0,0.38392,128.0,-0.35184,False
TSLA,call,market,Fri-0DTE,10:30,ITM,2024-07-12,2026-07-10,91,25.0,2296,63.807,35.0,14.0,107.0,304.0,0.38392,128.0,-0.35184,False
TSLA,call,market,Fri-0DTE,10:30,ITM,2024-07-12,2026-07-10,91,30.0,2296,58.275,41.0,18.0,123.75,304.0,0.38392,128.0,-0.35184,False
TSLA,call,market,Fri-0DTE,10:30,ITM,2024-07-12,2026-07-10,91,40.0,2296,49.172,52.0,27.0,138.0,300.0,0.38392,128.0,-0.35184,False
TSLA,call,market,Fri-0DTE,10:30,ITM,2024-07-12,2026-07-10,91,50.0,2296,40.723,62.0,33.0,147.0,290.0,0.38392,128.0,-0.35184,False
TSLA,call,market,Fri-0DTE,10:30,ITM,2024-07-12,2026-07-10,91,60.0,2296,33.58,76.0,40.0,157.0,281.0,0.38392,128.0,-0.35184,False
TSLA,call,market,Fri-0DTE,10:30,ITM,2024-07-12,2026-07-10,91,70.0,2296,27.744,93.0,45.0,164.0,275.0,0.38392,128.0,-0.35184,False
TSLA,call,market,Fri-0DTE,10:30,ITM,2024-07-12,2026-07-10,91,75.0,2296,24.826,94.0,46.0,161.0,276.5,0.38392,128.0,-0.35184,False
TSLA,call,market,Fri-0DTE,10:30,ITM,2024-07-12,2026-07-10,91,80.0,2296,22.692,101.0,48.0,164.0,276.0,0.38392,128.0,-0.35184,False
TSLA,call,market,Fri-0DTE,10:30,ITM,2024-07-12,2026-07-10,91,90.0,2296,18.99,105.0,51.0,168.0,272.0,0.38392,128.0,-0.35184,False
TSLA,call,market,Fri-0DTE,10:30,ITM,2024-07-12,2026-07-10,91,100.0,2296,15.984,116.0,55.0,174.0,269.0,0.38392,128.0,-0.35184,False
TSLA,call,mid,Fri-0DTE,11:00,ITM,2024-07-12,2026-07-10,92,20.0,2229,72.05,26.0,12.0,67.75,274.0,0.37817,121.0,-0.31593,False
TSLA,call,mid,Fri-0DTE,11:00,ITM,2024-07-12,2026-07-10,92,25.0,2229,65.186,32.0,15.0,78.0,274.0,0.37817,121.0,-0.31593,False
TSLA,call,mid,Fri-0DTE,11:00,ITM,2024-07-12,2026-07-10,92,30.0,2229,58.816,40.0,19.0,93.0,274.0,0.37817,121.0,-0.31593,False
TSLA,call,mid,Fri-0DTE,11:00,ITM,2024-07-12,2026-07-10,92,40.0,2229,47.734,65.0,26.0,112.0,272.0,0.37817,121.0,-0.31593,False
TSLA,call,mid,Fri-0DTE,11:00,ITM,2024-07-12,2026-07-10,92,50.0,2229,38.941,78.0,32.0,125.0,264.0,0.37817,121.0,-0.31593,False
TSLA,call,mid,Fri-0DTE,11:00,ITM,2024-07-12,2026-07-10,92,60.0,2229,31.853,92.0,42.25,133.75,260.5,0.37817,121.0,-0.31593,False
TSLA,call,mid,Fri-0DTE,11:00,ITM,2024-07-12,2026-07-10,92,70.0,2229,26.155,104.0,61.5,142.0,261.0,0.37817,121.0,-0.31593,False
TSLA,call,mid,Fri-0DTE,11:00,ITM,2024-07-12,2026-07-10,92,75.0,2229,24.002,109.0,62.0,148.5,261.0,0.37817,121.0,-0.31593,False
TSLA,call,mid,Fri-0DTE,11:00,ITM,2024-07-12,2026-07-10,92,80.0,2229,22.297,114.0,68.0,152.0,260.0,0.37817,121.0,-0.31593,False
TSLA,call,mid,Fri-0DTE,11:00,ITM,2024-07-12,2026-07-10,92,90.0,2229,18.573,120.0,79.0,155.0,261.0,0.37817,121.0,-0.31593,False
TSLA,call,mid,Fri-0DTE,11:00,ITM,2024-07-12,2026-07-10,92,100.0,2229,15.298,131.0,88.0,160.0,263.0,0.37817,121.0,-0.31593,False
TSLA,call,market,Fri-0DTE,11:00,ITM,2024-07-12,2026-07-10,92,20.0,2229,68.506,29.0,13.0,74.0,274.0,0.34938,121.0,-0.33099,False
TSLA,call,market,Fri-0DTE,11:00,ITM,2024-07-12,2026-07-10,92,25.0,2229,61.552,35.5,17.0,87.0,274.0,0.34938,121.0,-0.33099,False
TSLA,call,market,Fri-0DTE,11:00,ITM,2024-07-12,2026-07-10,92,30.0,2229,55.81,47.0,21.0,102.0,274.0,0.34938,121.0,-0.33099,False
TSLA,call,market,Fri-0DTE,11:00,ITM,2024-07-12,2026-07-10,92,40.0,2229,45.581,71.0,27.0,118.0,271.0,0.34938,121.0,-0.33099,False
TSLA,call,market,Fri-0DTE,11:00,ITM,2024-07-12,2026-07-10,92,50.0,2229,36.743,83.0,36.0,128.0,263.0,0.34938,121.0,-0.33099,False
TSLA,call,market,Fri-0DTE,11:00,ITM,2024-07-12,2026-07-10,92,60.0,2229,30.013,99.0,50.0,138.0,258.0,0.34938,121.0,-0.33099,False
TSLA,call,market,Fri-0DTE,11:00,ITM,2024-07-12,2026-07-10,92,70.0,2229,24.585,107.5,62.0,148.25,262.5,0.34938,121.0,-0.33099,False
TSLA,call,market,Fri-0DTE,11:00,ITM,2024-07-12,2026-07-10,92,75.0,2229,22.746,113.0,67.0,152.0,261.0,0.34938,121.0,-0.33099,False
TSLA,call,market,Fri-0DTE,11:00,ITM,2024-07-12,2026-07-10,92,80.0,2229,20.951,116.0,72.0,151.5,254.0,0.34938,121.0,-0.33099,False
TSLA,call,market,Fri-0DTE,11:00,ITM,2024-07-12,2026-07-10,92,90.0,2229,17.317,126.5,83.25,158.0,263.0,0.34938,121.0,-0.33099,False
TSLA,call,market,Fri-0DTE,11:00,ITM,2024-07-12,2026-07-10,92,100.0,2229,14.177,131.5,90.75,167.0,271.0,0.34938,121.0,-0.33099,False
TSLA,call,mid,Fri-0DTE,11:30,ITM,2024-07-12,2026-07-10,89,20.0,2171,62.736,41.0,15.0,90.0,244.0,0.2906,103.0,-0.34673,False
TSLA,call,mid,Fri-0DTE,11:30,ITM,2024-07-12,2026-07-10,89,25.0,2171,55.596,50.0,22.0,98.0,244.0,0.2906,103.0,-0.34673,False
TSLA,call,mid,Fri-0DTE,11:30,ITM,2024-07-12,2026-07-10,89,30.0,2171,48.733,57.5,29.0,104.75,244.0,0.2906,103.0,-0.34673,False
TSLA,call,mid,Fri-0DTE,11:30,ITM,2024-07-12,2026-07-10,89,40.0,2171,38.692,71.5,37.0,120.0,244.0,0.2906,103.0,-0.34673,False
TSLA,call,mid,Fri-0DTE,11:30,ITM,2024-07-12,2026-07-10,89,50.0,2171,31.506,81.0,47.0,126.25,241.5,0.2906,103.0,-0.34673,False
TSLA,call,mid,Fri-0DTE,11:30,ITM,2024-07-12,2026-07-10,89,60.0,2171,24.781,84.0,51.0,132.0,239.0,0.2906,103.0,-0.34673,False
TSLA,call,mid,Fri-0DTE,11:30,ITM,2024-07-12,2026-07-10,89,70.0,2171,21.142,89.0,58.5,137.0,237.0,0.2906,103.0,-0.34673,False
TSLA,call,mid,Fri-0DTE,11:30,ITM,2024-07-12,2026-07-10,89,75.0,2171,19.3,96.0,60.0,141.5,239.0,0.2906,103.0,-0.34673,False
TSLA,call,mid,Fri-0DTE,11:30,ITM,2024-07-12,2026-07-10,89,80.0,2171,17.457,98.0,61.0,141.0,243.0,0.2906,103.0,-0.34673,False
TSLA,call,mid,Fri-0DTE,11:30,ITM,2024-07-12,2026-07-10,89,90.0,2171,14.694,98.0,63.0,150.0,244.0,0.2906,103.0,-0.34673,False
TSLA,call,mid,Fri-0DTE,11:30,ITM,2024-07-12,2026-07-10,89,100.0,2171,12.114,103.0,67.0,151.0,244.0,0.2906,103.0,-0.34673,False
TSLA,call,market,Fri-0DTE,11:30,ITM,2024-07-12,2026-07-10,89,20.0,2171,59.281,46.0,18.0,95.0,244.0,0.26394,103.0,-0.362,False
TSLA,call,market,Fri-0DTE,11:30,ITM,2024-07-12,2026-07-10,89,25.0,2171,51.681,56.0,26.0,102.0,244.0,0.26394,103.0,-0.362,False
TSLA,call,market,Fri-0DTE,11:30,ITM,2024-07-12,2026-07-10,89,30.0,2171,45.417,61.0,31.0,108.0,244.0,0.26394,103.0,-0.362,False
TSLA,call,market,Fri-0DTE,11:30,ITM,2024-07-12,2026-07-10,89,40.0,2171,35.882,76.0,42.0,121.0,243.0,0.26394,103.0,-0.362,False
TSLA,call,market,Fri-0DTE,11:30,ITM,2024-07-12,2026-07-10,89,50.0,2171,29.111,83.0,48.75,127.0,242.0,0.26394,103.0,-0.362,False
TSLA,call,market,Fri-0DTE,11:30,ITM,2024-07-12,2026-07-10,89,60.0,2171,23.538,88.0,54.5,131.5,236.0,0.26394,103.0,-0.362,False
TSLA,call,market,Fri-0DTE,11:30,ITM,2024-07-12,2026-07-10,89,70.0,2171,19.76,94.0,60.0,142.0,241.0,0.26394,103.0,-0.362,False
TSLA,call,market,Fri-0DTE,11:30,ITM,2024-07-12,2026-07-10,89,75.0,2171,17.872,99.5,61.75,140.25,243.0,0.26394,103.0,-0.362,False
TSLA,call,market,Fri-0DTE,11:30,ITM,2024-07-12,2026-07-10,89,80.0,2171,15.983,97.0,61.0,147.0,243.0,0.26394,103.0,-0.362,False
TSLA,call,market,Fri-0DTE,11:30,ITM,2024-07-12,2026-07-10,89,90.0,2171,14.049,102.0,64.0,150.0,243.0,0.26394,103.0,-0.362,False
TSLA,call,market,Fri-0DTE,11:30,ITM,2024-07-12,2026-07-10,89,100.0,2171,11.377,109.0,68.5,163.5,244.0,0.26394,103.0,-0.362,False
TSLA,call,mid,Fri-0DTE,12:00,ITM,2024-07-12,2026-07-10,87,20.0,2025,65.58,34.5,15.0,71.0,213.0,0.30544,87.0,-0.3103,False
TSLA,call,mid,Fri-0DTE,12:00,ITM,2024-07-12,2026-07-10,87,25.0,2025,58.222,42.0,19.0,80.5,209.0,0.30544,87.0,-0.3103,False
TSLA,call,mid,Fri-0DTE,12:00,ITM,2024-07-12,2026-07-10,87,30.0,2025,50.469,48.0,22.0,86.0,213.0,0.30544,87.0,-0.3103,False
TSLA,call,mid,Fri-0DTE,12:00,ITM,2024-07-12,2026-07-10,87,40.0,2025,38.815,59.0,30.0,93.0,214.0,0.30544,87.0,-0.3103,False
TSLA,call,mid,Fri-0DTE,12:00,ITM,2024-07-12,2026-07-10,87,50.0,2025,31.111,65.0,35.0,99.0,214.0,0.30544,87.0,-0.3103,False
TSLA,call,mid,Fri-0DTE,12:00,ITM,2024-07-12,2026-07-10,87,60.0,2025,23.951,69.0,38.0,103.0,215.0,0.30544,87.0,-0.3103,False
TSLA,call,mid,Fri-0DTE,12:00,ITM,2024-07-12,2026-07-10,87,70.0,2025,20.84,74.0,45.0,111.0,214.0,0.30544,87.0,-0.3103,False
TSLA,call,mid,Fri-0DTE,12:00,ITM,2024-07-12,2026-07-10,87,75.0,2025,18.716,76.0,45.0,114.5,214.0,0.30544,87.0,-0.3103,False
TSLA,call,mid,Fri-0DTE,12:00,ITM,2024-07-12,2026-07-10,87,80.0,2025,16.988,81.5,47.75,120.0,219.0,0.30544,87.0,-0.3103,False
TSLA,call,mid,Fri-0DTE,12:00,ITM,2024-07-12,2026-07-10,87,90.0,2025,14.42,82.0,49.75,125.25,219.0,0.30544,87.0,-0.3103,False
TSLA,call,mid,Fri-0DTE,12:00,ITM,2024-07-12,2026-07-10,87,100.0,2025,12.0,85.0,52.0,135.0,219.0,0.30544,87.0,-0.3103,False
TSLA,call,market,Fri-0DTE,12:00,ITM,2024-07-12,2026-07-10,87,20.0,2025,62.025,39.0,17.0,77.0,212.0,0.27798,87.0,-0.32641,False
TSLA,call,market,Fri-0DTE,12:00,ITM,2024-07-12,2026-07-10,87,25.0,2025,53.827,46.0,21.0,82.0,209.5,0.27798,87.0,-0.32641,False
TSLA,call,market,Fri-0DTE,12:00,ITM,2024-07-12,2026-07-10,87,30.0,2025,47.16,51.0,25.0,89.0,211.0,0.27798,87.0,-0.32641,False
TSLA,call,market,Fri-0DTE,12:00,ITM,2024-07-12,2026-07-10,87,40.0,2025,36.494,62.0,32.0,96.0,214.0,0.27798,87.0,-0.32641,False
TSLA,call,market,Fri-0DTE,12:00,ITM,2024-07-12,2026-07-10,87,50.0,2025,28.642,67.0,37.0,101.0,214.0,0.27798,87.0,-0.32641,False
TSLA,call,market,Fri-0DTE,12:00,ITM,2024-07-12,2026-07-10,87,60.0,2025,22.914,70.0,40.75,106.25,214.0,0.27798,87.0,-0.32641,False
TSLA,call,market,Fri-0DTE,12:00,ITM,2024-07-12,2026-07-10,87,70.0,2025,19.259,76.5,45.0,115.75,214.0,0.27798,87.0,-0.32641,False
TSLA,call,market,Fri-0DTE,12:00,ITM,2024-07-12,2026-07-10,87,75.0,2025,17.235,80.0,47.0,120.0,219.0,0.27798,87.0,-0.32641,False
TSLA,call,market,Fri-0DTE,12:00,ITM,2024-07-12,2026-07-10,87,80.0,2025,15.852,81.0,47.0,122.0,219.0,0.27798,87.0,-0.32641,False
TSLA,call,market,Fri-0DTE,12:00,ITM,2024-07-12,2026-07-10,87,90.0,2025,13.531,84.0,49.0,126.0,219.0,0.27798,87.0,-0.32641,False
TSLA,call,market,Fri-0DTE,12:00,ITM,2024-07-12,2026-07-10,87,100.0,2025,11.16,88.0,52.0,143.5,219.0,0.27798,87.0,-0.32641,False
TSLA,call,mid,Fri-0DTE,12:30,ITM,2024-07-12,2026-07-10,86,20.0,2033,59.469,31.0,14.0,65.0,184.0,0.26066,73.0,-0.27222,False
TSLA,call,mid,Fri-0DTE,12:30,ITM,2024-07-12,2026-07-10,86,25.0,2033,51.549,37.0,17.0,69.0,184.0,0.26066,73.0,-0.27222,False
TSLA,call,mid,Fri-0DTE,12:30,ITM,2024-07-12,2026-07-10,86,30.0,2033,45.155,42.0,21.0,73.0,184.0,0.26066,73.0,-0.27222,False
TSLA,call,mid,Fri-0DTE,12:30,ITM,2024-07-12,2026-07-10,86,40.0,2033,34.53,49.0,26.0,82.0,184.0,0.26066,73.0,-0.27222,False
TSLA,call,mid,Fri-0DTE,12:30,ITM,2024-07-12,2026-07-10,86,50.0,2033,27.349,56.0,31.75,82.0,184.0,0.26066,73.0,-0.27222,False
TSLA,call,mid,Fri-0DTE,12:30,ITM,2024-07-12,2026-07-10,86,60.0,2033,22.086,60.0,35.0,95.0,184.0,0.26066,73.0,-0.27222,False
TSLA,call,mid,Fri-0DTE,12:30,ITM,2024-07-12,2026-07-10,86,70.0,2033,17.905,62.0,37.75,90.5,184.0,0.26066,73.0,-0.27222,False
TSLA,call,mid,Fri-0DTE,12:30,ITM,2024-07-12,2026-07-10,86,75.0,2033,16.281,65.0,40.0,100.5,184.0,0.26066,73.0,-0.27222,False
TSLA,call,mid,Fri-0DTE,12:30,ITM,2024-07-12,2026-07-10,86,80.0,2033,14.855,68.5,42.0,115.75,188.0,0.26066,73.0,-0.27222,False
TSLA,call,mid,Fri-0DTE,12:30,ITM,2024-07-12,2026-07-10,86,90.0,2033,12.297,76.0,48.0,146.25,189.0,0.26066,73.0,-0.27222,False
TSLA,call,mid,Fri-0DTE,12:30,ITM,2024-07-12,2026-07-10,86,100.0,2033,9.985,79.0,47.0,154.0,189.0,0.26066,73.0,-0.27222,False
TSLA,call,market,Fri-0DTE,12:30,ITM,2024-07-12,2026-07-10,86,20.0,2033,55.386,35.0,17.0,68.0,184.0,0.23393,73.0,-0.28857,False
TSLA,call,market,Fri-0DTE,12:30,ITM,2024-07-12,2026-07-10,86,25.0,2033,47.762,40.0,20.0,71.5,184.0,0.23393,73.0,-0.28857,False
TSLA,call,market,Fri-0DTE,12:30,ITM,2024-07-12,2026-07-10,86,30.0,2033,41.859,44.0,22.0,76.0,184.0,0.23393,73.0,-0.28857,False
TSLA,call,market,Fri-0DTE,12:30,ITM,2024-07-12,2026-07-10,86,40.0,2033,32.218,51.0,28.0,83.0,184.0,0.23393,73.0,-0.28857,False
TSLA,call,market,Fri-0DTE,12:30,ITM,2024-07-12,2026-07-10,86,50.0,2033,25.48,56.0,32.0,86.0,184.0,0.23393,73.0,-0.28857,False
TSLA,call,market,Fri-0DTE,12:30,ITM,2024-07-12,2026-07-10,86,60.0,2033,20.561,61.0,36.0,93.75,184.0,0.23393,73.0,-0.28857,False
TSLA,call,market,Fri-0DTE,12:30,ITM,2024-07-12,2026-07-10,86,70.0,2033,16.724,64.5,40.0,99.25,184.0,0.23393,73.0,-0.28857,False
TSLA,call,market,Fri-0DTE,12:30,ITM,2024-07-12,2026-07-10,86,75.0,2033,15.052,68.5,42.0,108.5,188.0,0.23393,73.0,-0.28857,False
TSLA,call,market,Fri-0DTE,12:30,ITM,2024-07-12,2026-07-10,86,80.0,2033,13.478,71.0,43.0,130.5,189.0,0.23393,73.0,-0.28857,False
TSLA,call,market,Fri-0DTE,12:30,ITM,2024-07-12,2026-07-10,86,90.0,2033,11.363,80.0,48.0,154.0,189.0,0.23393,73.0,-0.28857,False
TSLA,call,market,Fri-0DTE,12:30,ITM,2024-07-12,2026-07-10,86,100.0,2033,8.903,81.0,49.0,165.0,189.0,0.23393,73.0,-0.28857,False
TSLA,call,mid,Fri-0DTE,13:00,ITM,2024-07-12,2026-07-10,84,20.0,1990,54.824,27.0,12.0,57.0,154.0,0.22943,63.0,-0.27493,False
TSLA,call,mid,Fri-0DTE,13:00,ITM,2024-07-12,2026-07-10,84,25.0,1990,47.638,32.0,16.0,63.25,156.0,0.22943,63.0,-0.27493,False
TSLA,call,mid,Fri-0DTE,13:00,ITM,2024-07-12,2026-07-10,84,30.0,1990,41.558,36.0,19.0,74.0,157.0,0.22943,63.0,-0.27493,False
TSLA,call,mid,Fri-0DTE,13:00,ITM,2024-07-12,2026-07-10,84,40.0,1990,30.804,42.0,23.0,88.0,159.0,0.22943,63.0,-0.27493,False
TSLA,call,mid,Fri-0DTE,13:00,ITM,2024-07-12,2026-07-10,84,50.0,1990,24.422,48.0,29.0,104.75,159.0,0.22943,63.0,-0.27493,False
TSLA,call,mid,Fri-0DTE,13:00,ITM,2024-07-12,2026-07-10,84,60.0,1990,19.296,56.0,33.0,121.5,159.0,0.22943,63.0,-0.27493,False
TSLA,call,mid,Fri-0DTE,13:00,ITM,2024-07-12,2026-07-10,84,70.0,1990,15.578,60.0,36.25,128.75,159.0,0.22943,63.0,-0.27493,False
TSLA,call,mid,Fri-0DTE,13:00,ITM,2024-07-12,2026-07-10,84,75.0,1990,13.719,64.0,39.0,143.0,159.0,0.22943,63.0,-0.27493,False
TSLA,call,mid,Fri-0DTE,13:00,ITM,2024-07-12,2026-07-10,84,80.0,1990,12.312,68.0,41.0,138.0,159.0,0.22943,63.0,-0.27493,False
TSLA,call,mid,Fri-0DTE,13:00,ITM,2024-07-12,2026-07-10,84,90.0,1990,9.648,70.0,42.0,144.0,163.5,0.22943,63.0,-0.27493,False
TSLA,call,mid,Fri-0DTE,13:00,ITM,2024-07-12,2026-07-10,84,100.0,1990,7.839,83.5,50.0,148.0,164.0,0.22943,63.0,-0.27493,False
TSLA,call,market,Fri-0DTE,13:00,ITM,2024-07-12,2026-07-10,84,20.0,1990,50.905,30.0,15.0,62.0,154.0,0.20317,63.0,-0.29271,False
TSLA,call,market,Fri-0DTE,13:00,ITM,2024-07-12,2026-07-10,84,25.0,1990,44.271,35.0,18.0,70.0,155.0,0.20317,63.0,-0.29271,False
TSLA,call,market,Fri-0DTE,13:00,ITM,2024-07-12,2026-07-10,84,30.0,1990,38.04,37.0,21.0,70.0,158.0,0.20317,63.0,-0.29271,False
TSLA,call,market,Fri-0DTE,13:00,ITM,2024-07-12,2026-07-10,84,40.0,1990,28.392,43.0,25.0,99.0,159.0,0.20317,63.0,-0.29271,False
TSLA,call,market,Fri-0DTE,13:00,ITM,2024-07-12,2026-07-10,84,50.0,1990,22.161,51.0,31.0,113.0,159.0,0.20317,63.0,-0.29271,False
TSLA,call,market,Fri-0DTE,13:00,ITM,2024-07-12,2026-07-10,84,60.0,1990,18.342,60.0,34.0,126.0,159.0,0.20317,63.0,-0.29271,False
TSLA,call,market,Fri-0DTE,13:00,ITM,2024-07-12,2026-07-10,84,70.0,1990,14.171,63.5,39.25,141.25,159.0,0.20317,63.0,-0.29271,False
TSLA,call,market,Fri-0DTE,13:00,ITM,2024-07-12,2026-07-10,84,75.0,1990,12.613,67.0,40.0,139.5,159.0,0.20317,63.0,-0.29271,False
TSLA,call,market,Fri-0DTE,13:00,ITM,2024-07-12,2026-07-10,84,80.0,1990,11.307,72.0,41.0,139.0,163.0,0.20317,63.0,-0.29271,False
TSLA,call,market,Fri-0DTE,13:00,ITM,2024-07-12,2026-07-10,84,90.0,1990,8.995,76.0,46.0,147.0,163.0,0.20317,63.0,-0.29271,False
TSLA,call,market,Fri-0DTE,13:00,ITM,2024-07-12,2026-07-10,84,100.0,1990,7.085,111.0,52.0,154.0,164.0,0.20317,63.0,-0.29271,False
TSLA,call,mid,Fri-0DTE,13:30,ITM,2024-07-12,2026-07-10,86,20.0,1943,46.732,27.0,11.0,71.25,129.0,0.18125,55.0,-0.29545,False
TSLA,call,mid,Fri-0DTE,13:30,ITM,2024-07-12,2026-07-10,86,25.0,1943,39.732,32.0,13.0,83.0,129.0,0.18125,55.0,-0.29545,False
TSLA,call,mid,Fri-0DTE,13:30,ITM,2024-07-12,2026-07-10,86,30.0,1943,33.608,37.0,16.0,91.0,129.0,0.18125,55.0,-0.29545,False
TSLA,call,mid,Fri-0DTE,13:30,ITM,2024-07-12,2026-07-10,86,40.0,1943,24.653,48.0,21.0,104.0,129.0,0.18125,55.0,-0.29545,False
TSLA,call,mid,Fri-0DTE,13:30,ITM,2024-07-12,2026-07-10,86,50.0,1943,18.116,63.5,25.0,112.25,129.0,0.18125,55.0,-0.29545,False
TSLA,call,mid,Fri-0DTE,13:30,ITM,2024-07-12,2026-07-10,86,60.0,1943,12.918,78.0,27.0,120.0,134.0,0.18125,55.0,-0.29545,False
TSLA,call,mid,Fri-0DTE,13:30,ITM,2024-07-12,2026-07-10,86,70.0,1943,9.727,86.0,31.0,122.0,134.0,0.18125,55.0,-0.29545,False
TSLA,call,mid,Fri-0DTE,13:30,ITM,2024-07-12,2026-07-10,86,75.0,1943,8.08,94.0,33.0,122.0,134.0,0.18125,55.0,-0.29545,False
TSLA,call,mid,Fri-0DTE,13:30,ITM,2024-07-12,2026-07-10,86,80.0,1943,6.639,94.0,31.0,121.0,134.0,0.18125,55.0,-0.29545,False
TSLA,call,mid,Fri-0DTE,13:30,ITM,2024-07-12,2026-07-10,86,90.0,1943,5.044,94.0,32.0,122.75,134.0,0.18125,55.0,-0.29545,False
TSLA,call,mid,Fri-0DTE,13:30,ITM,2024-07-12,2026-07-10,86,100.0,1943,3.809,100.5,37.0,120.75,134.0,0.18125,55.0,-0.29545,False
TSLA,call,market,Fri-0DTE,13:30,ITM,2024-07-12,2026-07-10,86,20.0,1943,42.769,30.0,12.0,78.0,129.0,0.15523,55.0,-0.3108,False
TSLA,call,market,Fri-0DTE,13:30,ITM,2024-07-12,2026-07-10,86,25.0,1943,36.027,36.0,15.0,88.25,129.0,0.15523,55.0,-0.3108,False
TSLA,call,market,Fri-0DTE,13:30,ITM,2024-07-12,2026-07-10,86,30.0,1943,30.52,43.0,17.0,99.0,129.0,0.15523,55.0,-0.3108,False
TSLA,call,market,Fri-0DTE,13:30,ITM,2024-07-12,2026-07-10,86,40.0,1943,22.594,55.0,22.5,109.5,129.0,0.15523,55.0,-0.3108,False
TSLA,call,market,Fri-0DTE,13:30,ITM,2024-07-12,2026-07-10,86,50.0,1943,15.646,67.5,26.0,114.5,132.5,0.15523,55.0,-0.3108,False
TSLA,call,market,Fri-0DTE,13:30,ITM,2024-07-12,2026-07-10,86,60.0,1943,11.58,83.0,27.0,120.0,134.0,0.15523,55.0,-0.3108,False
TSLA,call,market,Fri-0DTE,13:30,ITM,2024-07-12,2026-07-10,86,70.0,1943,8.338,93.5,32.25,122.0,134.0,0.15523,55.0,-0.3108,False
TSLA,call,market,Fri-0DTE,13:30,ITM,2024-07-12,2026-07-10,86,75.0,1943,6.794,93.5,30.75,122.0,134.0,0.15523,55.0,-0.3108,False
TSLA,call,market,Fri-0DTE,13:30,ITM,2024-07-12,2026-07-10,86,80.0,1943,5.97,95.0,31.0,122.25,134.0,0.15523,55.0,-0.3108,False
TSLA,call,market,Fri-0DTE,13:30,ITM,2024-07-12,2026-07-10,86,90.0,1943,4.323,98.5,34.75,120.25,134.0,0.15523,55.0,-0.3108,False
TSLA,call,market,Fri-0DTE,13:30,ITM,2024-07-12,2026-07-10,86,100.0,1943,3.448,102.0,38.0,123.5,139.0,0.15523,55.0,-0.3108,False
TSLA,call,mid,Fri-0DTE,14:00,ITM,2024-07-12,2026-07-10,84,20.0,1970,42.741,34.0,12.25,71.0,99.0,0.1633,44.0,-0.28243,False
TSLA,call,mid,Fri-0DTE,14:00,ITM,2024-07-12,2026-07-10,84,25.0,1970,34.772,39.0,15.0,77.0,99.0,0.1633,44.0,-0.28243,False
TSLA,call,mid,Fri-0DTE,14:00,ITM,2024-07-12,2026-07-10,84,30.0,1970,28.68,46.0,17.0,85.0,99.0,0.1633,44.0,-0.28243,False
TSLA,call,mid,Fri-0DTE,14:00,ITM,2024-07-12,2026-07-10,84,40.0,1970,19.34,52.0,21.0,92.0,99.0,0.1633,44.0,-0.28243,False
TSLA,call,mid,Fri-0DTE,14:00,ITM,2024-07-12,2026-07-10,84,50.0,1970,14.01,58.0,24.75,92.25,99.0,0.1633,44.0,-0.28243,False
TSLA,call,mid,Fri-0DTE,14:00,ITM,2024-07-12,2026-07-10,84,60.0,1970,9.543,68.0,28.75,95.0,104.0,0.1633,44.0,-0.28243,False
TSLA,call,mid,Fri-0DTE,14:00,ITM,2024-07-12,2026-07-10,84,70.0,1970,7.31,73.0,32.5,95.0,104.0,0.1633,44.0,-0.28243,False
TSLA,call,mid,Fri-0DTE,14:00,ITM,2024-07-12,2026-07-10,84,75.0,1970,6.345,76.0,38.0,96.0,104.0,0.1633,44.0,-0.28243,False
TSLA,call,mid,Fri-0DTE,14:00,ITM,2024-07-12,2026-07-10,84,80.0,1970,4.924,78.0,43.0,96.0,104.0,0.1633,44.0,-0.28243,False
TSLA,call,mid,Fri-0DTE,14:00,ITM,2024-07-12,2026-07-10,84,90.0,1970,4.01,78.0,50.5,95.5,104.0,0.1633,44.0,-0.28243,False
TSLA,call,mid,Fri-0DTE,14:00,ITM,2024-07-12,2026-07-10,84,100.0,1970,3.147,88.0,53.25,99.0,105.5,0.1633,44.0,-0.28243,False
TSLA,call,market,Fri-0DTE,14:00,ITM,2024-07-12,2026-07-10,84,20.0,1970,37.868,38.0,15.0,74.0,99.0,0.13714,44.0,-0.29842,False
TSLA,call,market,Fri-0DTE,14:00,ITM,2024-07-12,2026-07-10,84,25.0,1970,31.421,43.0,17.0,81.5,99.0,0.13714,44.0,-0.29842,False
TSLA,call,market,Fri-0DTE,14:00,ITM,2024-07-12,2026-07-10,84,30.0,1970,25.279,47.5,18.25,87.75,99.0,0.13714,44.0,-0.29842,False
TSLA,call,market,Fri-0DTE,14:00,ITM,2024-07-12,2026-07-10,84,40.0,1970,17.665,56.5,23.0,93.0,99.0,0.13714,44.0,-0.29842,False
TSLA,call,market,Fri-0DTE,14:00,ITM,2024-07-12,2026-07-10,84,50.0,1970,11.98,60.0,27.75,95.0,103.0,0.13714,44.0,-0.29842,False
TSLA,call,market,Fri-0DTE,14:00,ITM,2024-07-12,2026-07-10,84,60.0,1970,8.579,68.0,28.0,95.0,104.0,0.13714,44.0,-0.29842,False
TSLA,call,market,Fri-0DTE,14:00,ITM,2024-07-12,2026-07-10,84,70.0,1970,6.345,76.0,38.0,97.0,104.0,0.13714,44.0,-0.29842,False
TSLA,call,market,Fri-0DTE,14:00,ITM,2024-07-12,2026-07-10,84,75.0,1970,5.178,81.0,44.0,95.75,104.0,0.13714,44.0,-0.29842,False
TSLA,call,market,Fri-0DTE,14:00,ITM,2024-07-12,2026-07-10,84,80.0,1970,4.365,82.0,43.0,95.75,104.0,0.13714,44.0,-0.29842,False
TSLA,call,market,Fri-0DTE,14:00,ITM,2024-07-12,2026-07-10,84,90.0,1970,3.452,86.5,53.75,99.0,104.0,0.13714,44.0,-0.29842,False
TSLA,call,market,Fri-0DTE,14:00,ITM,2024-07-12,2026-07-10,84,100.0,1970,2.944,89.5,56.0,100.0,105.5,0.13714,44.0,-0.29842,False
TSLA,call,mid,Fri-0DTE,14:30,ITM,2024-07-12,2026-07-10,86,20.0,1897,39.694,29.0,13.0,53.0,69.0,0.14286,35.0,-0.24624,False
TSLA,call,mid,Fri-0DTE,14:30,ITM,2024-07-12,2026-07-10,86,25.0,1897,32.999,33.0,16.0,58.75,69.0,0.14286,35.0,-0.24624,False
TSLA,call,mid,Fri-0DTE,14:30,ITM,2024-07-12,2026-07-10,86,30.0,1897,27.57,39.0,20.0,61.5,69.0,0.14286,35.0,-0.24624,False
TSLA,call,mid,Fri-0DTE,14:30,ITM,2024-07-12,2026-07-10,86,40.0,1897,19.663,46.0,25.0,66.0,72.0,0.14286,35.0,-0.24624,False
TSLA,call,mid,Fri-0DTE,14:30,ITM,2024-07-12,2026-07-10,86,50.0,1897,14.813,49.0,29.0,68.0,70.0,0.14286,35.0,-0.24624,False
TSLA,call,mid,Fri-0DTE,14:30,ITM,2024-07-12,2026-07-10,86,60.0,1897,10.648,53.5,33.0,67.75,74.0,0.14286,35.0,-0.24624,False
TSLA,call,mid,Fri-0DTE,14:30,ITM,2024-07-12,2026-07-10,86,70.0,1897,8.382,56.0,37.0,68.0,70.0,0.14286,35.0,-0.24624,False
TSLA,call,mid,Fri-0DTE,14:30,ITM,2024-07-12,2026-07-10,86,75.0,1897,7.433,57.0,38.0,70.0,74.0,0.14286,35.0,-0.24624,False
TSLA,call,mid,Fri-0DTE,14:30,ITM,2024-07-12,2026-07-10,86,80.0,1897,6.642,60.0,41.0,71.75,74.0,0.14286,35.0,-0.24624,False
TSLA,call,mid,Fri-0DTE,14:30,ITM,2024-07-12,2026-07-10,86,90.0,1897,4.797,59.0,44.0,71.0,74.0,0.14286,35.0,-0.24624,False
TSLA,call,mid,Fri-0DTE,14:30,ITM,2024-07-12,2026-07-10,86,100.0,1897,3.532,60.0,46.0,71.0,74.0,0.14286,35.0,-0.24624,False
TSLA,call,market,Fri-0DTE,14:30,ITM,2024-07-12,2026-07-10,86,20.0,1897,35.741,33.0,15.0,57.0,69.0,0.11887,35.0,-0.26402,False
TSLA,call,market,Fri-0DTE,14:30,ITM,2024-07-12,2026-07-10,86,25.0,1897,29.626,38.0,19.0,60.0,69.0,0.11887,35.0,-0.26402,False
TSLA,call,market,Fri-0DTE,14:30,ITM,2024-07-12,2026-07-10,86,30.0,1897,24.776,42.0,23.0,63.0,69.0,0.11887,35.0,-0.26402,False
TSLA,call,market,Fri-0DTE,14:30,ITM,2024-07-12,2026-07-10,86,40.0,1897,17.712,48.5,27.0,67.25,73.0,0.11887,35.0,-0.26402,False
TSLA,call,market,Fri-0DTE,14:30,ITM,2024-07-12,2026-07-10,86,50.0,1897,12.757,50.5,32.0,69.75,74.0,0.11887,35.0,-0.26402,False
TSLA,call,market,Fri-0DTE,14:30,ITM,2024-07-12,2026-07-10,86,60.0,1897,9.7,55.0,35.75,70.0,74.0,0.11887,35.0,-0.26402,False
TSLA,call,market,Fri-0DTE,14:30,ITM,2024-07-12,2026-07-10,86,70.0,1897,7.591,59.0,38.75,70.0,70.5,0.11887,35.0,-0.26402,False
TSLA,call,market,Fri-0DTE,14:30,ITM,2024-07-12,2026-07-10,86,75.0,1897,6.642,60.0,41.0,71.0,74.0,0.11887,35.0,-0.26402,False
TSLA,call,market,Fri-0DTE,14:30,ITM,2024-07-12,2026-07-10,86,80.0,1897,5.588,60.0,43.0,71.5,74.0,0.11887,35.0,-0.26402,False
TSLA,call,market,Fri-0DTE,14:30,ITM,2024-07-12,2026-07-10,86,90.0,1897,4.059,60.0,46.0,71.0,74.0,0.11887,35.0,-0.26402,False
TSLA,call,market,Fri-0DTE,14:30,ITM,2024-07-12,2026-07-10,86,100.0,1897,3.268,60.0,47.5,71.0,74.0,0.11887,35.0,-0.26402,False
TSLA,call,mid,Fri-0DTE,15:00,ITM,2024-07-12,2026-07-10,84,20.0,2109,39.308,19.0,9.0,35.0,44.0,0.14661,30.0,-0.15238,False
TSLA,call,mid,Fri-0DTE,15:00,ITM,2024-07-12,2026-07-10,84,25.0,2109,32.006,24.0,11.0,37.0,44.0,0.14661,30.0,-0.15238,False
TSLA,call,mid,Fri-0DTE,15:00,ITM,2024-07-12,2026-07-10,84,30.0,2109,26.316,25.0,12.0,38.0,44.0,0.14661,30.0,-0.15238,False
TSLA,call,mid,Fri-0DTE,15:00,ITM,2024-07-12,2026-07-10,84,40.0,2109,17.781,30.0,16.0,40.0,44.0,0.14661,30.0,-0.15238,False
TSLA,call,mid,Fri-0DTE,15:00,ITM,2024-07-12,2026-07-10,84,50.0,2109,12.992,30.0,20.0,42.0,44.0,0.14661,30.0,-0.15238,False
TSLA,call,mid,Fri-0DTE,15:00,ITM,2024-07-12,2026-07-10,84,60.0,2109,9.862,32.0,22.0,41.5,44.0,0.14661,30.0,-0.15238,False
TSLA,call,mid,Fri-0DTE,15:00,ITM,2024-07-12,2026-07-10,84,70.0,2109,7.587,33.0,23.75,42.25,44.0,0.14661,30.0,-0.15238,False
TSLA,call,mid,Fri-0DTE,15:00,ITM,2024-07-12,2026-07-10,84,75.0,2109,6.117,34.0,25.0,43.0,44.0,0.14661,30.0,-0.15238,False
TSLA,call,mid,Fri-0DTE,15:00,ITM,2024-07-12,2026-07-10,84,80.0,2109,5.026,34.0,25.25,42.0,44.0,0.14661,30.0,-0.15238,False
TSLA,call,mid,Fri-0DTE,15:00,ITM,2024-07-12,2026-07-10,84,90.0,2109,4.03,35.0,28.0,45.0,44.0,0.14661,30.0,-0.15238,False
TSLA,call,mid,Fri-0DTE,15:00,ITM,2024-07-12,2026-07-10,84,100.0,2109,2.845,36.0,29.0,44.0,46.5,0.14661,30.0,-0.15238,False
TSLA,call,market,Fri-0DTE,15:00,ITM,2024-07-12,2026-07-10,84,20.0,2109,34.851,22.0,10.0,36.0,44.0,0.12216,30.0,-0.17202,False
TSLA,call,market,Fri-0DTE,15:00,ITM,2024-07-12,2026-07-10,84,25.0,2109,27.881,25.0,12.0,38.0,44.0,0.12216,30.0,-0.17202,False
TSLA,call,market,Fri-0DTE,15:00,ITM,2024-07-12,2026-07-10,84,30.0,2109,22.57,28.0,14.0,39.0,44.0,0.12216,30.0,-0.17202,False
TSLA,call,market,Fri-0DTE,15:00,ITM,2024-07-12,2026-07-10,84,40.0,2109,15.884,30.0,18.0,40.0,44.0,0.12216,30.0,-0.17202,False
TSLA,call,market,Fri-0DTE,15:00,ITM,2024-07-12,2026-07-10,84,50.0,2109,11.617,32.0,22.0,43.0,44.0,0.12216,30.0,-0.17202,False
TSLA,call,market,Fri-0DTE,15:00,ITM,2024-07-12,2026-07-10,84,60.0,2109,8.914,33.0,23.75,43.0,44.0,0.12216,30.0,-0.17202,False
TSLA,call,market,Fri-0DTE,15:00,ITM,2024-07-12,2026-07-10,84,70.0,2109,6.022,34.0,25.5,42.5,44.0,0.12216,30.0,-0.17202,False
TSLA,call,market,Fri-0DTE,15:00,ITM,2024-07-12,2026-07-10,84,75.0,2109,5.026,34.5,26.0,42.0,44.0,0.12216,30.0,-0.17202,False
TSLA,call,market,Fri-0DTE,15:00,ITM,2024-07-12,2026-07-10,84,80.0,2109,4.41,35.0,26.0,44.0,48.0,0.12216,30.0,-0.17202,False
TSLA,call,market,Fri-0DTE,15:00,ITM,2024-07-12,2026-07-10,84,90.0,2109,3.367,38.0,29.5,46.0,49.0,0.12216,30.0,-0.17202,False
TSLA,call,market,Fri-0DTE,15:00,ITM,2024-07-12,2026-07-10,84,100.0,2109,2.608,39.0,29.5,48.5,49.0,0.12216,30.0,-0.17202,False
TSLA,call,mid,Fri-0DTE,15:30,ITM,2024-07-12,2026-07-10,82,20.0,405,38.765,13.0,7.0,24.0,29.0,0.14578,22.0,-0.08403,False
TSLA,call,mid,Fri-0DTE,15:30,ITM,2024-07-12,2026-07-10,82,25.0,405,31.111,17.5,7.25,24.0,29.0,0.14578,22.0,-0.08403,False
TSLA,call,mid,Fri-0DTE,15:30,ITM,2024-07-12,2026-07-10,82,30.0,405,24.691,18.5,8.0,24.0,29.0,0.14578,22.0,-0.08403,False
TSLA,call,mid,Fri-0DTE,15:30,ITM,2024-07-12,2026-07-10,82,40.0,405,17.531,20.0,10.0,25.0,29.0,0.14578,22.0,-0.08403,False
TSLA,call,mid,Fri-0DTE,15:30,ITM,2024-07-12,2026-07-10,82,50.0,405,11.852,20.0,12.5,25.0,29.0,0.14578,22.0,-0.08403,False
TSLA,call,mid,Fri-0DTE,15:30,ITM,2024-07-12,2026-07-10,82,60.0,405,8.889,22.0,15.75,25.0,29.0,0.14578,22.0,-0.08403,False
TSLA,call,mid,Fri-0DTE,15:30,ITM,2024-07-12,2026-07-10,82,70.0,405,7.16,23.0,16.0,26.0,29.0,0.14578,22.0,-0.08403,False
TSLA,call,mid,Fri-0DTE,15:30,ITM,2024-07-12,2026-07-10,82,75.0,405,6.667,24.0,19.5,27.5,29.0,0.14578,22.0,-0.08403,False
TSLA,call,mid,Fri-0DTE,15:30,ITM,2024-07-12,2026-07-10,82,80.0,405,4.444,23.0,20.0,26.75,29.0,0.14578,22.0,-0.08403,False
TSLA,call,mid,Fri-0DTE,15:30,ITM,2024-07-12,2026-07-10,82,90.0,405,2.963,22.0,19.75,24.25,29.0,0.14578,22.0,-0.08403,False
TSLA,call,mid,Fri-0DTE,15:30,ITM,2024-07-12,2026-07-10,82,100.0,405,2.469,21.5,20.0,23.75,29.0,0.14578,22.0,-0.08403,False
TSLA,call,market,Fri-0DTE,15:30,ITM,2024-07-12,2026-07-10,82,20.0,405,34.321,16.0,7.0,24.0,29.0,0.11782,22.0,-0.10608,False
TSLA,call,market,Fri-0DTE,15:30,ITM,2024-07-12,2026-07-10,82,25.0,405,27.407,20.0,8.0,25.0,29.0,0.11782,22.0,-0.10608,False
TSLA,call,market,Fri-0DTE,15:30,ITM,2024-07-12,2026-07-10,82,30.0,405,22.963,19.0,10.0,25.0,29.0,0.11782,22.0,-0.10608,False
TSLA,call,market,Fri-0DTE,15:30,ITM,2024-07-12,2026-07-10,82,40.0,405,15.062,20.0,11.0,25.0,29.0,0.11782,22.0,-0.10608,False
TSLA,call,market,Fri-0DTE,15:30,ITM,2024-07-12,2026-07-10,82,50.0,405,10.37,21.0,14.75,25.0,29.0,0.11782,22.0,-0.10608,False
TSLA,call,market,Fri-0DTE,15:30,ITM,2024-07-12,2026-07-10,82,60.0,405,7.901,22.5,16.0,25.0,29.0,0.11782,22.0,-0.10608,False
TSLA,call,market,Fri-0DTE,15:30,ITM,2024-07-12,2026-07-10,82,70.0,405,6.667,24.0,19.0,27.5,29.0,0.11782,22.0,-0.10608,False
TSLA,call,market,Fri-0DTE,15:30,ITM,2024-07-12,2026-07-10,82,75.0,405,4.444,23.0,20.0,26.75,29.0,0.11782,22.0,-0.10608,False
TSLA,call,market,Fri-0DTE,15:30,ITM,2024-07-12,2026-07-10,82,80.0,405,3.457,23.0,18.5,26.5,29.0,0.11782,22.0,-0.10608,False
TSLA,call,market,Fri-0DTE,15:30,ITM,2024-07-12,2026-07-10,82,90.0,405,2.469,21.5,19.25,23.75,29.0,0.11782,22.0,-0.10608,False
TSLA,call,market,Fri-0DTE,15:30,ITM,2024-07-12,2026-07-10,82,100.0,405,1.975,23.5,20.0,24.25,29.0,0.11782,22.0,-0.10608,False
TSLA,call,mid,Fri-0DTE,09:30,ATM,2024-07-12,2026-07-10,98,20.0,483,70.807,7.0,3.0,21.0,362.5,0.7027,57.0,-0.92481,False
TSLA,call,mid,Fri-0DTE,09:30,ATM,2024-07-12,2026-07-10,98,25.0,483,65.839,10.0,4.0,27.75,364.0,0.7027,57.0,-0.92481,False
TSLA,call,mid,Fri-0DTE,09:30,ATM,2024-07-12,2026-07-10,98,30.0,483,63.354,11.0,5.0,34.75,364.0,0.7027,57.0,-0.92481,False
TSLA,call,mid,Fri-0DTE,09:30,ATM,2024-07-12,2026-07-10,98,40.0,483,58.385,16.0,8.0,48.5,364.0,0.7027,57.0,-0.92481,False
TSLA,call,mid,Fri-0DTE,09:30,ATM,2024-07-12,2026-07-10,98,50.0,483,55.901,21.0,10.0,58.75,364.0,0.7027,57.0,-0.92481,False
TSLA,call,mid,Fri-0DTE,09:30,ATM,2024-07-12,2026-07-10,98,60.0,483,53.416,26.0,12.0,68.0,361.0,0.7027,57.0,-0.92481,False
TSLA,call,mid,Fri-0DTE,09:30,ATM,2024-07-12,2026-07-10,98,70.0,483,50.311,27.0,15.0,62.0,364.0,0.7027,57.0,-0.92481,False
TSLA,call,mid,Fri-0DTE,09:30,ATM,2024-07-12,2026-07-10,98,75.0,483,49.275,31.0,17.0,71.25,359.0,0.7027,57.0,-0.92481,False
TSLA,call,mid,Fri-0DTE,09:30,ATM,2024-07-12,2026-07-10,98,80.0,483,47.205,35.5,18.0,89.25,359.0,0.7027,57.0,-0.92481,False
TSLA,call,mid,Fri-0DTE,09:30,ATM,2024-07-12,2026-07-10,98,90.0,483,43.478,41.5,22.0,101.0,364.0,0.7027,57.0,-0.92481,False
TSLA,call,mid,Fri-0DTE,09:30,ATM,2024-07-12,2026-07-10,98,100.0,483,41.615,47.0,23.0,115.0,364.0,0.7027,57.0,-0.92481,False
TSLA,call,market,Fri-0DTE,09:30,ATM,2024-07-12,2026-07-10,98,20.0,483,67.288,9.0,4.0,26.0,364.0,0.66106,57.0,-0.93812,False
TSLA,call,market,Fri-0DTE,09:30,ATM,2024-07-12,2026-07-10,98,25.0,483,63.768,10.0,5.0,31.0,364.0,0.66106,57.0,-0.93812,False
TSLA,call,market,Fri-0DTE,09:30,ATM,2024-07-12,2026-07-10,98,30.0,483,61.698,12.5,6.0,37.0,364.0,0.66106,57.0,-0.93812,False
TSLA,call,market,Fri-0DTE,09:30,ATM,2024-07-12,2026-07-10,98,40.0,483,57.35,18.0,8.0,54.0,364.0,0.66106,57.0,-0.93812,False
TSLA,call,market,Fri-0DTE,09:30,ATM,2024-07-12,2026-07-10,98,50.0,483,55.072,21.0,10.0,60.75,364.0,0.66106,57.0,-0.93812,False
TSLA,call,market,Fri-0DTE,09:30,ATM,2024-07-12,2026-07-10,98,60.0,483,52.174,27.0,13.0,70.0,363.5,0.66106,57.0,-0.93812,False
TSLA,call,market,Fri-0DTE,09:30,ATM,2024-07-12,2026-07-10,98,70.0,483,49.068,31.0,17.0,73.0,361.0,0.66106,57.0,-0.93812,False
TSLA,call,market,Fri-0DTE,09:30,ATM,2024-07-12,2026-07-10,98,75.0,483,47.205,35.5,18.0,86.0,361.5,0.66106,57.0,-0.93812,False
TSLA,call,market,Fri-0DTE,09:30,ATM,2024-07-12,2026-07-10,98,80.0,483,45.342,37.0,19.5,96.5,364.0,0.66106,57.0,-0.93812,False
TSLA,call,market,Fri-0DTE,09:30,ATM,2024-07-12,2026-07-10,98,90.0,483,42.857,47.0,22.0,113.0,364.0,0.66106,57.0,-0.93812,False
TSLA,call,market,Fri-0DTE,09:30,ATM,2024-07-12,2026-07-10,98,100.0,483,40.787,47.0,26.0,109.0,364.0,0.66106,57.0,-0.93812,False
TSLA,call,mid,Fri-0DTE,09:30,OTM1,2024-07-12,2026-07-10,98,20.0,471,68.577,6.0,3.0,17.0,317.0,0.65992,43.0,-0.97581,False
TSLA,call,mid,Fri-0DTE,09:30,OTM1,2024-07-12,2026-07-10,98,25.0,471,63.907,8.0,4.0,23.0,328.0,0.65992,43.0,-0.97581,False
TSLA,call,mid,Fri-0DTE,09:30,OTM1,2024-07-12,2026-07-10,98,30.0,471,60.934,10.0,4.5,26.0,344.0,0.65992,43.0,-0.97581,False
TSLA,call,mid,Fri-0DTE,09:30,OTM1,2024-07-12,2026-07-10,98,40.0,471,57.537,13.0,6.0,36.0,344.0,0.65992,43.0,-0.97581,False
TSLA,call,mid,Fri-0DTE,09:30,OTM1,2024-07-12,2026-07-10,98,50.0,471,53.503,17.5,8.0,51.25,350.5,0.65992,43.0,-0.97581,False
TSLA,call,mid,Fri-0DTE,09:30,OTM1,2024-07-12,2026-07-10,98,60.0,471,50.531,21.0,10.0,52.75,355.0,0.65992,43.0,-0.97581,False
TSLA,call,mid,Fri-0DTE,09:30,OTM1,2024-07-12,2026-07-10,98,70.0,471,49.257,24.5,12.0,57.75,355.0,0.65992,43.0,-0.97581,False
TSLA,call,mid,Fri-0DTE,09:30,OTM1,2024-07-12,2026-07-10,98,75.0,471,48.408,26.5,13.0,61.0,354.5,0.65992,43.0,-0.97581,False
TSLA,call,mid,Fri-0DTE,09:30,OTM1,2024-07-12,2026-07-10,98,80.0,471,46.709,28.0,15.0,62.5,363.0,0.65992,43.0,-0.97581,False
TSLA,call,mid,Fri-0DTE,09:30,OTM1,2024-07-12,2026-07-10,98,90.0,471,44.161,33.0,17.75,92.5,364.0,0.65992,43.0,-0.97581,False
TSLA,call,mid,Fri-0DTE,09:30,OTM1,2024-07-12,2026-07-10,98,100.0,471,42.251,37.0,20.0,113.0,364.0,0.65992,43.0,-0.97581,False
TSLA,call,market,Fri-0DTE,09:30,OTM1,2024-07-12,2026-07-10,98,20.0,471,62.845,8.0,4.0,23.0,332.5,0.575,43.0,-1.0,False
TSLA,call,market,Fri-0DTE,09:30,OTM1,2024-07-12,2026-07-10,98,25.0,471,59.448,10.0,5.0,27.25,348.0,0.575,43.0,-1.0,False
TSLA,call,market,Fri-0DTE,09:30,OTM1,2024-07-12,2026-07-10,98,30.0,471,57.962,12.0,5.0,35.0,348.0,0.575,43.0,-1.0,False
TSLA,call,market,Fri-0DTE,09:30,OTM1,2024-07-12,2026-07-10,98,40.0,471,54.565,16.0,8.0,51.0,347.0,0.575,43.0,-1.0,False
TSLA,call,market,Fri-0DTE,09:30,OTM1,2024-07-12,2026-07-10,98,50.0,471,50.743,20.0,8.0,52.5,357.0,0.575,43.0,-1.0,False
TSLA,call,market,Fri-0DTE,09:30,OTM1,2024-07-12,2026-07-10,98,60.0,471,49.682,25.0,11.0,59.25,356.5,0.575,43.0,-1.0,False
TSLA,call,market,Fri-0DTE,09:30,OTM1,2024-07-12,2026-07-10,98,70.0,471,47.558,27.0,14.0,62.25,358.0,0.575,43.0,-1.0,False
TSLA,call,market,Fri-0DTE,09:30,OTM1,2024-07-12,2026-07-10,98,75.0,471,46.497,29.0,15.0,65.0,364.0,0.575,43.0,-1.0,False
TSLA,call,market,Fri-0DTE,09:30,OTM1,2024-07-12,2026-07-10,98,80.0,471,44.798,31.0,16.0,79.0,364.0,0.575,43.0,-1.0,False
TSLA,call,market,Fri-0DTE,09:30,OTM1,2024-07-12,2026-07-10,98,90.0,471,42.463,35.0,18.0,109.0,364.0,0.575,43.0,-1.0,False
TSLA,call,market,Fri-0DTE,09:30,OTM1,2024-07-12,2026-07-10,98,100.0,471,41.614,41.5,21.75,115.0,363.5,0.575,43.0,-1.0,False
TSLA,call,mid,Fri-0DTE,09:30,OTM2+,2024-07-12,2026-07-10,97,20.0,1390,57.554,5.0,2.0,15.0,119.5,0.28896,9.0,-0.95,False
TSLA,call,mid,Fri-0DTE,09:30,OTM2+,2024-07-12,2026-07-10,97,25.0,1390,53.669,6.0,3.0,17.0,156.5,0.28896,9.0,-0.95,False
TSLA,call,mid,Fri-0DTE,09:30,OTM2+,2024-07-12,2026-07-10,97,30.0,1390,49.353,8.0,4.0,22.0,215.0,0.28896,9.0,-0.95,False
TSLA,call,mid,Fri-0DTE,09:30,OTM2+,2024-07-12,2026-07-10,97,40.0,1390,43.957,11.0,5.0,29.0,255.0,0.28896,9.0,-0.95,False
TSLA,call,mid,Fri-0DTE,09:30,OTM2+,2024-07-12,2026-07-10,97,50.0,1390,40.432,14.0,6.0,37.75,279.5,0.28896,9.0,-0.95,False
TSLA,call,mid,Fri-0DTE,09:30,OTM2+,2024-07-12,2026-07-10,97,60.0,1390,37.698,17.0,8.0,45.0,299.0,0.28896,9.0,-0.95,False
TSLA,call,mid,Fri-0DTE,09:30,OTM2+,2024-07-12,2026-07-10,97,70.0,1390,36.619,21.0,10.0,50.0,300.0,0.28896,9.0,-0.95,False
TSLA,call,mid,Fri-0DTE,09:30,OTM2+,2024-07-12,2026-07-10,97,75.0,1390,35.54,21.0,11.0,50.0,304.0,0.28896,9.0,-0.95,False
TSLA,call,mid,Fri-0DTE,09:30,OTM2+,2024-07-12,2026-07-10,97,80.0,1390,34.604,22.0,12.0,51.0,305.0,0.28896,9.0,-0.95,False
TSLA,call,mid,Fri-0DTE,09:30,OTM2+,2024-07-12,2026-07-10,97,90.0,1390,33.094,25.0,14.0,56.0,307.0,0.28896,9.0,-0.95,False
TSLA,call,mid,Fri-0DTE,09:30,OTM2+,2024-07-12,2026-07-10,97,100.0,1390,31.367,28.0,16.0,59.25,311.0,0.28896,9.0,-0.95,False
TSLA,call,market,Fri-0DTE,09:30,OTM2+,2024-07-12,2026-07-10,97,20.0,1390,45.755,10.0,4.0,26.0,248.0,0.14358,9.0,-1.0,False
TSLA,call,market,Fri-0DTE,09:30,OTM2+,2024-07-12,2026-07-10,97,25.0,1390,43.094,11.0,5.0,30.0,267.0,0.14358,9.0,-1.0,False
TSLA,call,market,Fri-0DTE,09:30,OTM2+,2024-07-12,2026-07-10,97,30.0,1390,41.583,11.5,6.0,31.75,276.5,0.14358,9.0,-1.0,False
TSLA,call,market,Fri-0DTE,09:30,OTM2+,2024-07-12,2026-07-10,97,40.0,1390,38.489,16.0,8.0,41.0,294.0,0.14358,9.0,-1.0,False
TSLA,call,market,Fri-0DTE,09:30,OTM2+,2024-07-12,2026-07-10,97,50.0,1390,35.971,20.0,9.0,47.0,305.5,0.14358,9.0,-1.0,False
TSLA,call,market,Fri-0DTE,09:30,OTM2+,2024-07-12,2026-07-10,97,60.0,1390,34.388,21.0,11.0,50.0,309.0,0.14358,9.0,-1.0,False
TSLA,call,market,Fri-0DTE,09:30,OTM2+,2024-07-12,2026-07-10,97,70.0,1390,32.878,25.0,12.0,53.0,313.0,0.14358,9.0,-1.0,False
TSLA,call,market,Fri-0DTE,09:30,OTM2+,2024-07-12,2026-07-10,97,75.0,1390,32.158,25.0,13.5,55.5,313.0,0.14358,9.0,-1.0,False
TSLA,call,market,Fri-0DTE,09:30,OTM2+,2024-07-12,2026-07-10,97,80.0,1390,31.151,25.0,15.0,56.0,314.0,0.14358,9.0,-1.0,False
TSLA,call,market,Fri-0DTE,09:30,OTM2+,2024-07-12,2026-07-10,97,90.0,1390,29.712,29.0,17.0,60.0,316.0,0.14358,9.0,-1.0,False
TSLA,call,market,Fri-0DTE,09:30,OTM2+,2024-07-12,2026-07-10,97,100.0,1390,28.129,33.0,18.0,66.0,324.0,0.14358,9.0,-1.0,False
TSLA,call,mid,Fri-0DTE,10:00,ATM,2024-07-12,2026-07-10,95,20.0,544,74.816,11.0,5.0,37.5,319.0,0.72446,66.0,-0.92245,False
TSLA,call,mid,Fri-0DTE,10:00,ATM,2024-07-12,2026-07-10,95,25.0,544,71.691,15.0,6.0,45.0,317.0,0.72446,66.0,-0.92245,False
TSLA,call,mid,Fri-0DTE,10:00,ATM,2024-07-12,2026-07-10,95,30.0,544,68.934,18.0,8.0,54.0,319.0,0.72446,66.0,-0.92245,False
TSLA,call,mid,Fri-0DTE,10:00,ATM,2024-07-12,2026-07-10,95,40.0,544,62.868,25.0,11.0,68.0,327.5,0.72446,66.0,-0.92245,False
TSLA,call,mid,Fri-0DTE,10:00,ATM,2024-07-12,2026-07-10,95,50.0,544,58.272,33.0,14.0,80.0,333.0,0.72446,66.0,-0.92245,False
TSLA,call,mid,Fri-0DTE,10:00,ATM,2024-07-12,2026-07-10,95,60.0,544,54.779,43.5,20.0,97.5,327.0,0.72446,66.0,-0.92245,False
TSLA,call,mid,Fri-0DTE,10:00,ATM,2024-07-12,2026-07-10,95,70.0,544,51.103,50.0,21.0,111.75,328.5,0.72446,66.0,-0.92245,False
TSLA,call,mid,Fri-0DTE,10:00,ATM,2024-07-12,2026-07-10,95,75.0,544,48.162,51.5,23.0,114.0,330.0,0.72446,66.0,-0.92245,False
TSLA,call,mid,Fri-0DTE,10:00,ATM,2024-07-12,2026-07-10,95,80.0,544,46.691,56.5,24.25,116.5,329.0,0.72446,66.0,-0.92245,False
TSLA,call,mid,Fri-0DTE,10:00,ATM,2024-07-12,2026-07-10,95,90.0,544,44.118,57.0,25.0,122.25,324.5,0.72446,66.0,-0.92245,False
TSLA,call,mid,Fri-0DTE,10:00,ATM,2024-07-12,2026-07-10,95,100.0,544,40.074,63.5,29.0,126.0,328.5,0.72446,66.0,-0.92245,False
TSLA,call,market,Fri-0DTE,10:00,ATM,2024-07-12,2026-07-10,95,20.0,544,71.691,15.0,6.0,45.0,320.5,0.67268,66.0,-0.94577,False
TSLA,call,market,Fri-0DTE,10:00,ATM,2024-07-12,2026-07-10,95,25.0,544,69.669,17.0,8.0,52.0,316.0,0.67268,66.0,-0.94577,False
TSLA,call,market,Fri-0DTE,10:00,ATM,2024-07-12,2026-07-10,95,30.0,544,66.912,22.0,9.0,62.0,324.5,0.67268,66.0,-0.94577,False
TSLA,call,market,Fri-0DTE,10:00,ATM,2024-07-12,2026-07-10,95,40.0,544,60.478,28.0,13.0,78.0,329.0,0.67268,66.0,-0.94577,False
TSLA,call,market,Fri-0DTE,10:00,ATM,2024-07-12,2026-07-10,95,50.0,544,56.618,39.5,17.0,90.5,331.5,0.67268,66.0,-0.94577,False
TSLA,call,market,Fri-0DTE,10:00,ATM,2024-07-12,2026-07-10,95,60.0,544,52.206,44.0,20.0,101.75,331.0,0.67268,66.0,-0.94577,False
TSLA,call,market,Fri-0DTE,10:00,ATM,2024-07-12,2026-07-10,95,70.0,544,48.346,52.0,23.0,115.0,332.0,0.67268,66.0,-0.94577,False
TSLA,call,market,Fri-0DTE,10:00,ATM,2024-07-12,2026-07-10,95,75.0,544,46.324,54.0,24.0,114.25,329.0,0.67268,66.0,-0.94577,False
TSLA,call,market,Fri-0DTE,10:00,ATM,2024-07-12,2026-07-10,95,80.0,544,44.485,56.5,25.0,121.75,329.0,0.67268,66.0,-0.94577,False
TSLA,call,market,Fri-0DTE,10:00,ATM,2024-07-12,2026-07-10,95,90.0,544,41.912,57.5,27.75,123.0,327.5,0.67268,66.0,-0.94577,False
TSLA,call,market,Fri-0DTE,10:00,ATM,2024-07-12,2026-07-10,95,100.0,544,38.051,67.0,30.0,133.0,327.0,0.67268,66.0,-0.94577,False
TSLA,put,mid,Fri-0DTE,09:30,OTM2+,2024-07-12,2026-07-10,96,20.0,1594,62.171,6.0,2.0,16.0,94.0,0.42664,15.5,-0.95082,False
TSLA,put,mid,Fri-0DTE,09:30,OTM2+,2024-07-12,2026-07-10,96,25.0,1594,59.348,7.0,3.0,20.0,99.0,0.42664,15.5,-0.95082,False
TSLA,put,mid,Fri-0DTE,09:30,OTM2+,2024-07-12,2026-07-10,96,30.0,1594,56.274,8.0,4.0,22.0,104.0,0.42664,15.5,-0.95082,False
TSLA,put,mid,Fri-0DTE,09:30,OTM2+,2024-07-12,2026-07-10,96,40.0,1594,51.255,12.0,6.0,28.0,118.0,0.42664,15.5,-0.95082,False
TSLA,put,mid,Fri-0DTE,09:30,OTM2+,2024-07-12,2026-07-10,96,50.0,1594,47.742,16.0,7.0,32.0,128.0,0.42664,15.5,-0.95082,False
TSLA,put,mid,Fri-0DTE,09:30,OTM2+,2024-07-12,2026-07-10,96,60.0,1594,44.103,20.0,9.0,36.5,142.0,0.42664,15.5,-0.95082,False
TSLA,put,mid,Fri-0DTE,09:30,OTM2+,2024-07-12,2026-07-10,96,70.0,1594,39.962,23.0,11.0,41.0,159.0,0.42664,15.5,-0.95082,False
TSLA,put,mid,Fri-0DTE,09:30,OTM2+,2024-07-12,2026-07-10,96,75.0,1594,38.457,24.0,12.0,43.0,160.0,0.42664,15.5,-0.95082,False
TSLA,put,mid,Fri-0DTE,09:30,OTM2+,2024-07-12,2026-07-10,96,80.0,1594,37.202,24.0,12.0,44.0,162.0,0.42664,15.5,-0.95082,False
TSLA,put,mid,Fri-0DTE,09:30,OTM2+,2024-07-12,2026-07-10,96,90.0,1594,35.069,26.0,14.0,46.0,166.0,0.42664,15.5,-0.95082,False
TSLA,put,mid,Fri-0DTE,09:30,OTM2+,2024-07-12,2026-07-10,96,100.0,1594,33.438,29.0,16.0,49.0,166.0,0.42664,15.5,-0.95082,False
TSLA,put,market,Fri-0DTE,09:30,OTM2+,2024-07-12,2026-07-10,96,20.0,1594,51.317,10.0,5.0,25.0,118.5,0.23043,15.5,-1.0,False
TSLA,put,market,Fri-0DTE,09:30,OTM2+,2024-07-12,2026-07-10,96,25.0,1594,48.934,12.0,5.0,28.0,131.0,0.23043,15.5,-1.0,False
TSLA,put,market,Fri-0DTE,09:30,OTM2+,2024-07-12,2026-07-10,96,30.0,1594,47.428,14.5,6.0,30.0,133.0,0.23043,15.5,-1.0,False
TSLA,put,market,Fri-0DTE,09:30,OTM2+,2024-07-12,2026-07-10,96,40.0,1594,43.977,18.0,7.0,34.0,144.0,0.23043,15.5,-1.0,False
TSLA,put,market,Fri-0DTE,09:30,OTM2+,2024-07-12,2026-07-10,96,50.0,1594,40.213,22.0,10.0,39.0,154.0,0.23043,15.5,-1.0,False
TSLA,put,market,Fri-0DTE,09:30,OTM2+,2024-07-12,2026-07-10,96,60.0,1594,36.073,24.0,12.0,44.0,166.0,0.23043,15.5,-1.0,False
TSLA,put,market,Fri-0DTE,09:30,OTM2+,2024-07-12,2026-07-10,96,70.0,1594,34.003,26.0,14.0,47.0,169.0,0.23043,15.5,-1.0,False
TSLA,put,market,Fri-0DTE,09:30,OTM2+,2024-07-12,2026-07-10,96,75.0,1594,33.312,27.0,15.0,47.5,170.0,0.23043,15.5,-1.0,False
TSLA,put,market,Fri-0DTE,09:30,OTM2+,2024-07-12,2026-07-10,96,80.0,1594,31.932,29.0,16.0,48.0,170.0,0.23043,15.5,-1.0,False
TSLA,put,market,Fri-0DTE,09:30,OTM2+,2024-07-12,2026-07-10,96,90.0,1594,30.489,32.0,20.0,51.75,172.5,0.23043,15.5,-1.0,False
TSLA,put,market,Fri-0DTE,09:30,OTM2+,2024-07-12,2026-07-10,96,100.0,1594,29.36,34.0,22.0,55.25,173.0,0.23043,15.5,-1.0,False
TSLA,put,mid,Fri-0DTE,10:00,OTM2+,2024-07-12,2026-07-10,94,20.0,1940,61.495,7.0,2.0,25.0,65.0,0.33333,12.0,-0.93182,False
TSLA,put,mid,Fri-0DTE,10:00,OTM2+,2024-07-12,2026-07-10,94,25.0,1940,57.835,8.0,3.0,32.0,69.0,0.33333,12.0,-0.93182,False
TSLA,put,mid,Fri-0DTE,10:00,OTM2+,2024-07-12,2026-07-10,94,30.0,1940,53.196,10.0,4.0,41.0,73.0,0.33333,12.0,-0.93182,False
TSLA,put,mid,Fri-0DTE,10:00,OTM2+,2024-07-12,2026-07-10,94,40.0,1940,46.289,15.5,5.0,49.0,81.0,0.33333,12.0,-0.93182,False
TSLA,put,mid,Fri-0DTE,10:00,OTM2+,2024-07-12,2026-07-10,94,50.0,1940,41.495,19.0,7.0,58.0,96.0,0.33333,12.0,-0.93182,False
TSLA,put,mid,Fri-0DTE,10:00,OTM2+,2024-07-12,2026-07-10,94,60.0,1940,36.856,24.0,10.0,81.0,120.0,0.33333,12.0,-0.93182,False
TSLA,put,mid,Fri-0DTE,10:00,OTM2+,2024-07-12,2026-07-10,94,70.0,1940,33.402,27.0,11.0,96.75,130.5,0.33333,12.0,-0.93182,False
TSLA,put,mid,Fri-0DTE,10:00,OTM2+,2024-07-12,2026-07-10,94,75.0,1940,32.268,29.0,12.0,111.75,133.0,0.33333,12.0,-0.93182,False
TSLA,put,mid,Fri-0DTE,10:00,OTM2+,2024-07-12,2026-07-10,94,80.0,1940,30.825,31.0,12.0,122.75,136.0,0.33333,12.0,-0.93182,False
TSLA,put,mid,Fri-0DTE,10:00,OTM2+,2024-07-12,2026-07-10,94,90.0,1940,28.505,33.0,15.0,128.0,141.0,0.33333,12.0,-0.93182,False
TSLA,put,mid,Fri-0DTE,10:00,OTM2+,2024-07-12,2026-07-10,94,100.0,1940,26.598,38.0,16.75,134.25,143.5,0.33333,12.0,-0.93182,False
TSLA,put,market,Fri-0DTE,10:00,OTM2+,2024-07-12,2026-07-10,94,20.0,1940,44.124,12.5,5.0,47.0,86.5,0.1,11.5,-1.0,False
TSLA,put,market,Fri-0DTE,10:00,OTM2+,2024-07-12,2026-07-10,94,25.0,1940,41.392,16.0,6.0,54.0,96.0,0.1,11.5,-1.0,False
TSLA,put,market,Fri-0DTE,10:00,OTM2+,2024-07-12,2026-07-10,94,30.0,1940,38.66,18.0,7.0,57.0,116.5,0.1,11.5,-1.0,False
TSLA,put,market,Fri-0DTE,10:00,OTM2+,2024-07-12,2026-07-10,94,40.0,1940,34.639,23.0,10.0,77.0,130.0,0.1,11.5,-1.0,False
TSLA,put,market,Fri-0DTE,10:00,OTM2+,2024-07-12,2026-07-10,94,50.0,1940,31.701,28.0,11.0,107.5,134.0,0.1,11.5,-1.0,False
TSLA,put,market,Fri-0DTE,10:00,OTM2+,2024-07-12,2026-07-10,94,60.0,1940,28.969,32.0,13.0,123.75,141.0,0.1,11.5,-1.0,False
TSLA,put,market,Fri-0DTE,10:00,OTM2+,2024-07-12,2026-07-10,94,70.0,1940,26.495,35.0,15.0,130.0,147.0,0.1,11.5,-1.0,False
TSLA,put,market,Fri-0DTE,10:00,OTM2+,2024-07-12,2026-07-10,94,75.0,1940,25.567,36.5,16.0,135.0,150.5,0.1,11.5,-1.0,False
TSLA,put,market,Fri-0DTE,10:00,OTM2+,2024-07-12,2026-07-10,94,80.0,1940,24.588,37.0,17.0,140.0,155.0,0.1,11.5,-1.0,False
TSLA,put,market,Fri-0DTE,10:00,OTM2+,2024-07-12,2026-07-10,94,90.0,1940,23.144,41.0,18.0,147.0,172.0,0.1,11.5,-1.0,False
TSLA,put,market,Fri-0DTE,10:00,OTM2+,2024-07-12,2026-07-10,94,100.0,1940,21.959,43.5,18.0,147.75,171.0,0.1,11.5,-1.0,False
TSLA,put,mid,Fri-0DTE,10:30,OTM2+,2024-07-12,2026-07-10,81,20.0,2024,56.225,8.0,3.0,29.0,72.0,0.27809,10.0,-0.89655,False
TSLA,put,mid,Fri-0DTE,10:30,OTM2+,2024-07-12,2026-07-10,81,25.0,2024,53.113,11.0,4.0,39.5,76.0,0.27809,10.0,-0.89655,False
TSLA,put,mid,Fri-0DTE,10:30,OTM2+,2024-07-12,2026-07-10,81,30.0,2024,48.814,14.0,5.0,48.25,79.5,0.27809,10.0,-0.89655,False
TSLA,put,mid,Fri-0DTE,10:30,OTM2+,2024-07-12,2026-07-10,81,40.0,2024,42.885,18.0,7.0,73.0,97.0,0.27809,10.0,-0.89655,False
TSLA,put,mid,Fri-0DTE,10:30,OTM2+,2024-07-12,2026-07-10,81,50.0,2024,39.229,23.0,8.0,88.5,111.5,0.27809,10.0,-0.89655,False
TSLA,put,mid,Fri-0DTE,10:30,OTM2+,2024-07-12,2026-07-10,81,60.0,2024,35.277,31.0,11.0,118.0,132.0,0.27809,10.0,-0.89655,False
TSLA,put,mid,Fri-0DTE,10:30,OTM2+,2024-07-12,2026-07-10,81,70.0,2024,32.115,39.5,13.0,133.0,152.5,0.27809,10.0,-0.89655,False
TSLA,put,mid,Fri-0DTE,10:30,OTM2+,2024-07-12,2026-07-10,81,75.0,2024,30.781,43.0,16.0,140.0,159.0,0.27809,10.0,-0.89655,False
TSLA,put,mid,Fri-0DTE,10:30,OTM2+,2024-07-12,2026-07-10,81,80.0,2024,29.595,49.0,18.5,144.5,169.0,0.27809,10.0,-0.89655,False
TSLA,put,mid,Fri-0DTE,10:30,OTM2+,2024-07-12,2026-07-10,81,90.0,2024,27.866,61.0,21.0,149.0,175.0,0.27809,10.0,-0.89655,False
TSLA,put,mid,Fri-0DTE,10:30,OTM2+,2024-07-12,2026-07-10,81,100.0,2024,26.927,71.0,24.0,151.0,176.0,0.27809,10.0,-0.89655,False
TSLA,put,market,Fri-0DTE,10:30,OTM2+,2024-07-12,2026-07-10,81,20.0,2024,37.154,23.0,7.0,91.25,120.0,-0.03419,10.0,-1.0,False
TSLA,put,market,Fri-0DTE,10:30,OTM2+,2024-07-12,2026-07-10,81,25.0,2024,35.079,26.0,8.0,98.0,130.5,-0.03419,10.0,-1.0,False
TSLA,put,market,Fri-0DTE,10:30,OTM2+,2024-07-12,2026-07-10,81,30.0,2024,33.646,29.0,10.0,112.0,140.0,-0.03419,10.0,-1.0,False
TSLA,put,market,Fri-0DTE,10:30,OTM2+,2024-07-12,2026-07-10,81,40.0,2024,31.077,35.0,12.0,125.0,154.0,-0.03419,10.0,-1.0,False
TSLA,put,market,Fri-0DTE,10:30,OTM2+,2024-07-12,2026-07-10,81,50.0,2024,28.656,43.0,18.0,139.25,169.0,-0.03419,10.0,-1.0,False
TSLA,put,market,Fri-0DTE,10:30,OTM2+,2024-07-12,2026-07-10,81,60.0,2024,26.038,60.0,20.0,146.5,182.0,-0.03419,10.0,-1.0,False
TSLA,put,market,Fri-0DTE,10:30,OTM2+,2024-07-12,2026-07-10,81,70.0,2024,24.308,76.0,25.0,151.0,186.5,-0.03419,10.0,-1.0,False
TSLA,put,market,Fri-0DTE,10:30,OTM2+,2024-07-12,2026-07-10,81,75.0,2024,23.864,84.0,26.0,151.5,187.0,-0.03419,10.0,-1.0,False
TSLA,put,market,Fri-0DTE,10:30,OTM2+,2024-07-12,2026-07-10,81,80.0,2024,23.271,89.0,27.0,152.0,190.0,-0.03419,10.0,-1.0,False
TSLA,put,market,Fri-0DTE,10:30,OTM2+,2024-07-12,2026-07-10,81,90.0,2024,21.937,98.0,30.0,161.0,194.5,-0.03419,10.0,-1.0,False
TSLA,put,market,Fri-0DTE,10:30,OTM2+,2024-07-12,2026-07-10,81,100.0,2024,20.899,102.0,31.0,165.5,196.0,-0.03419,10.0,-1.0,False
TSLA,put,mid,Fri-0DTE,11:00,OTM2+,2024-07-12,2026-07-10,83,20.0,2021,50.322,10.0,4.0,32.0,82.0,0.20833,8.0,-0.86364,False
TSLA,put,mid,Fri-0DTE,11:00,OTM2+,2024-07-12,2026-07-10,83,25.0,2021,47.105,11.0,5.0,36.25,88.0,0.20833,8.0,-0.86364,False
TSLA,put,mid,Fri-0DTE,11:00,OTM2+,2024-07-12,2026-07-10,83,30.0,2021,41.514,14.0,6.0,46.5,114.0,0.20833,8.0,-0.86364,False
TSLA,put,mid,Fri-0DTE,11:00,OTM2+,2024-07-12,2026-07-10,83,40.0,2021,36.418,19.5,8.0,63.0,129.0,0.20833,8.0,-0.86364,False
TSLA,put,mid,Fri-0DTE,11:00,OTM2+,2024-07-12,2026-07-10,83,50.0,2021,32.063,28.0,10.0,92.0,142.0,0.20833,8.0,-0.86364,False
TSLA,put,mid,Fri-0DTE,11:00,OTM2+,2024-07-12,2026-07-10,83,60.0,2021,29.49,40.0,15.0,111.0,154.0,0.20833,8.0,-0.86364,False
TSLA,put,mid,Fri-0DTE,11:00,OTM2+,2024-07-12,2026-07-10,83,70.0,2021,27.462,46.0,18.0,118.5,159.0,0.20833,8.0,-0.86364,False
TSLA,put,mid,Fri-0DTE,11:00,OTM2+,2024-07-12,2026-07-10,83,75.0,2021,26.769,55.0,20.0,121.0,161.0,0.20833,8.0,-0.86364,False
TSLA,put,mid,Fri-0DTE,11:00,OTM2+,2024-07-12,2026-07-10,83,80.0,2021,25.878,59.0,23.0,123.0,164.0,0.20833,8.0,-0.86364,False
TSLA,put,mid,Fri-0DTE,11:00,OTM2+,2024-07-12,2026-07-10,83,90.0,2021,24.938,63.0,27.0,131.75,162.5,0.20833,8.0,-0.86364,False
TSLA,put,mid,Fri-0DTE,11:00,OTM2+,2024-07-12,2026-07-10,83,100.0,2021,23.553,67.0,29.0,143.25,167.0,0.20833,8.0,-0.86364,False
TSLA,put,market,Fri-0DTE,11:00,OTM2+,2024-07-12,2026-07-10,83,20.0,2021,29.391,27.0,9.0,95.0,151.0,-0.13158,6.0,-1.0,False
TSLA,put,market,Fri-0DTE,11:00,OTM2+,2024-07-12,2026-07-10,83,25.0,2021,28.105,34.5,11.0,103.0,155.5,-0.13158,6.0,-1.0,False
TSLA,put,market,Fri-0DTE,11:00,OTM2+,2024-07-12,2026-07-10,83,30.0,2021,26.472,40.0,13.5,111.0,162.0,-0.13158,6.0,-1.0,False
TSLA,put,market,Fri-0DTE,11:00,OTM2+,2024-07-12,2026-07-10,83,40.0,2021,24.493,56.0,17.0,121.0,169.0,-0.13158,6.0,-1.0,False
TSLA,put,market,Fri-0DTE,11:00,OTM2+,2024-07-12,2026-07-10,83,50.0,2021,22.81,62.0,23.0,126.0,174.0,-0.13158,6.0,-1.0,False
TSLA,put,market,Fri-0DTE,11:00,OTM2+,2024-07-12,2026-07-10,83,60.0,2021,21.524,72.0,27.0,143.5,175.0,-0.13158,6.0,-1.0,False
TSLA,put,market,Fri-0DTE,11:00,OTM2+,2024-07-12,2026-07-10,83,70.0,2021,20.485,82.5,32.0,164.75,174.5,-0.13158,6.0,-1.0,False
TSLA,put,market,Fri-0DTE,11:00,OTM2+,2024-07-12,2026-07-10,83,75.0,2021,19.891,87.5,32.25,165.75,174.5,-0.13158,6.0,-1.0,False
TSLA,put,market,Fri-0DTE,11:00,OTM2+,2024-07-12,2026-07-10,83,80.0,2021,19.495,91.0,36.0,168.5,176.5,-0.13158,6.0,-1.0,False
TSLA,put,market,Fri-0DTE,11:00,OTM2+,2024-07-12,2026-07-10,83,90.0,2021,18.555,96.0,41.0,176.0,179.0,-0.13158,6.0,-1.0,False
TSLA,put,market,Fri-0DTE,11:00,OTM2+,2024-07-12,2026-07-10,83,100.0,2021,17.566,100.0,51.0,186.5,183.0,-0.13158,6.0,-1.0,False
TSLA,put,mid,Fri-0DTE,11:30,OTM2+,2024-07-12,2026-07-10,81,20.0,2092,54.398,10.0,4.0,26.0,76.0,0.25,10.0,-0.8,False
TSLA,put,mid,Fri-0DTE,11:30,OTM2+,2024-07-12,2026-07-10,81,25.0,2092,51.673,12.0,5.0,30.0,85.0,0.25,10.0,-0.8,False
TSLA,put,mid,Fri-0DTE,11:30,OTM2+,2024-07-12,2026-07-10,81,30.0,2092,46.415,15.0,6.0,41.0,105.0,0.25,10.0,-0.8,False
TSLA,put,mid,Fri-0DTE,11:30,OTM2+,2024-07-12,2026-07-10,81,40.0,2092,38.767,20.0,8.0,62.5,135.0,0.25,10.0,-0.8,False
TSLA,put,mid,Fri-0DTE,11:30,OTM2+,2024-07-12,2026-07-10,81,50.0,2092,34.034,25.0,10.0,70.0,143.0,0.25,10.0,-0.8,False
TSLA,put,mid,Fri-0DTE,11:30,OTM2+,2024-07-12,2026-07-10,81,60.0,2092,30.497,30.0,13.0,84.0,148.5,0.25,10.0,-0.8,False
TSLA,put,mid,Fri-0DTE,11:30,OTM2+,2024-07-12,2026-07-10,81,70.0,2092,28.059,33.0,16.0,99.0,152.0,0.25,10.0,-0.8,False
TSLA,put,mid,Fri-0DTE,11:30,OTM2+,2024-07-12,2026-07-10,81,75.0,2092,27.151,39.0,17.0,102.0,155.5,0.25,10.0,-0.8,False
TSLA,put,mid,Fri-0DTE,11:30,OTM2+,2024-07-12,2026-07-10,81,80.0,2092,25.813,43.0,19.0,102.25,161.5,0.25,10.0,-0.8,False
TSLA,put,mid,Fri-0DTE,11:30,OTM2+,2024-07-12,2026-07-10,81,90.0,2092,24.713,50.0,22.0,107.0,167.0,0.25,10.0,-0.8,False
TSLA,put,mid,Fri-0DTE,11:30,OTM2+,2024-07-12,2026-07-10,81,100.0,2092,23.757,52.0,24.0,109.0,172.0,0.25,10.0,-0.8,False
TSLA,put,market,Fri-0DTE,11:30,OTM2+,2024-07-12,2026-07-10,81,20.0,2092,28.585,28.0,12.0,75.75,150.0,-0.17391,7.0,-1.0,False
TSLA,put,market,Fri-0DTE,11:30,OTM2+,2024-07-12,2026-07-10,81,25.0,2092,26.912,31.0,13.0,82.0,154.0,-0.17391,7.0,-1.0,False
TSLA,put,market,Fri-0DTE,11:30,OTM2+,2024-07-12,2026-07-10,81,30.0,2092,25.478,34.0,15.0,87.0,159.0,-0.17391,7.0,-1.0,False
TSLA,put,market,Fri-0DTE,11:30,OTM2+,2024-07-12,2026-07-10,81,40.0,2092,23.423,42.0,17.0,97.75,169.5,-0.17391,7.0,-1.0,False
TSLA,put,market,Fri-0DTE,11:30,OTM2+,2024-07-12,2026-07-10,81,50.0,2092,21.797,53.0,22.75,106.0,183.0,-0.17391,7.0,-1.0,False
TSLA,put,market,Fri-0DTE,11:30,OTM2+,2024-07-12,2026-07-10,81,60.0,2092,20.554,60.5,26.0,113.75,193.0,-0.17391,7.0,-1.0,False
TSLA,put,market,Fri-0DTE,11:30,OTM2+,2024-07-12,2026-07-10,81,70.0,2092,19.598,66.5,30.0,128.75,201.5,-0.17391,7.0,-1.0,False
TSLA,put,market,Fri-0DTE,11:30,OTM2+,2024-07-12,2026-07-10,81,75.0,2092,19.168,68.0,32.0,131.0,204.0,-0.17391,7.0,-1.0,False
TSLA,put,market,Fri-0DTE,11:30,OTM2+,2024-07-12,2026-07-10,81,80.0,2092,18.786,71.0,34.0,138.0,205.0,-0.17391,7.0,-1.0,False
TSLA,put,market,Fri-0DTE,11:30,OTM2+,2024-07-12,2026-07-10,81,90.0,2092,17.734,77.0,38.0,146.5,212.0,-0.17391,7.0,-1.0,False
TSLA,put,market,Fri-0DTE,11:30,OTM2+,2024-07-12,2026-07-10,81,100.0,2092,16.922,81.5,43.5,159.75,213.5,-0.17391,7.0,-1.0,False
TSLA,put,mid,Fri-0DTE,12:00,OTM2+,2024-07-12,2026-07-10,77,20.0,1964,44.552,11.0,4.0,44.0,99.0,0.16667,5.0,-0.76923,False
TSLA,put,mid,Fri-0DTE,12:00,OTM2+,2024-07-12,2026-07-10,77,25.0,1964,42.413,15.0,5.0,49.0,105.0,0.16667,5.0,-0.76923,False
TSLA,put,mid,Fri-0DTE,12:00,OTM2+,2024-07-12,2026-07-10,77,30.0,1964,38.697,21.0,6.0,65.25,115.0,0.16667,5.0,-0.76923,False
TSLA,put,mid,Fri-0DTE,12:00,OTM2+,2024-07-12,2026-07-10,77,40.0,1964,33.503,32.0,11.0,77.75,126.0,0.16667,5.0,-0.76923,False
TSLA,put,mid,Fri-0DTE,12:00,OTM2+,2024-07-12,2026-07-10,77,50.0,1964,29.532,40.5,16.0,84.0,137.5,0.16667,5.0,-0.76923,False
TSLA,put,mid,Fri-0DTE,12:00,OTM2+,2024-07-12,2026-07-10,77,60.0,1964,27.088,48.0,22.0,92.0,150.5,0.16667,5.0,-0.76923,False
TSLA,put,mid,Fri-0DTE,12:00,OTM2+,2024-07-12,2026-07-10,77,70.0,1964,25.305,52.0,24.0,97.0,156.0,0.16667,5.0,-0.76923,False
TSLA,put,mid,Fri-0DTE,12:00,OTM2+,2024-07-12,2026-07-10,77,75.0,1964,24.542,53.0,26.0,98.0,158.5,0.16667,5.0,-0.76923,False
TSLA,put,mid,Fri-0DTE,12:00,OTM2+,2024-07-12,2026-07-10,77,80.0,1964,23.371,56.0,27.5,102.0,161.0,0.16667,5.0,-0.76923,False
TSLA,put,mid,Fri-0DTE,12:00,OTM2+,2024-07-12,2026-07-10,77,90.0,1964,22.047,58.0,31.0,105.0,173.0,0.16667,5.0,-0.76923,False
TSLA,put,mid,Fri-0DTE,12:00,OTM2+,2024-07-12,2026-07-10,77,100.0,1964,21.232,59.0,33.0,107.0,177.0,0.16667,5.0,-0.76923,False
TSLA,put,market,Fri-0DTE,12:00,OTM2+,2024-07-12,2026-07-10,77,20.0,1964,24.745,44.0,17.0,86.0,158.5,-0.28125,4.0,-1.0,False
TSLA,put,market,Fri-0DTE,12:00,OTM2+,2024-07-12,2026-07-10,77,25.0,1964,23.473,48.0,21.0,91.0,160.0,-0.28125,4.0,-1.0,False
TSLA,put,market,Fri-0DTE,12:00,OTM2+,2024-07-12,2026-07-10,77,30.0,1964,22.658,51.0,23.0,98.0,165.0,-0.28125,4.0,-1.0,False
TSLA,put,market,Fri-0DTE,12:00,OTM2+,2024-07-12,2026-07-10,77,40.0,1964,21.029,53.0,28.0,100.0,174.0,-0.28125,4.0,-1.0,False
TSLA,put,market,Fri-0DTE,12:00,OTM2+,2024-07-12,2026-07-10,77,50.0,1964,19.756,58.0,32.0,102.0,181.5,-0.28125,4.0,-1.0,False
TSLA,put,market,Fri-0DTE,12:00,OTM2+,2024-07-12,2026-07-10,77,60.0,1964,18.483,60.0,36.0,107.0,185.0,-0.28125,4.0,-1.0,False
TSLA,put,market,Fri-0DTE,12:00,OTM2+,2024-07-12,2026-07-10,77,70.0,1964,17.821,65.5,39.0,112.0,190.5,-0.28125,4.0,-1.0,False
TSLA,put,market,Fri-0DTE,12:00,OTM2+,2024-07-12,2026-07-10,77,75.0,1964,17.566,66.0,39.0,113.0,193.0,-0.28125,4.0,-1.0,False
TSLA,put,market,Fri-0DTE,12:00,OTM2+,2024-07-12,2026-07-10,77,80.0,1964,17.413,67.0,40.0,113.0,193.0,-0.28125,4.0,-1.0,False
TSLA,put,market,Fri-0DTE,12:00,OTM2+,2024-07-12,2026-07-10,77,90.0,1964,16.65,71.0,43.5,122.0,193.0,-0.28125,4.0,-1.0,False
TSLA,put,market,Fri-0DTE,12:00,OTM2+,2024-07-12,2026-07-10,77,100.0,1964,15.988,71.0,44.25,126.75,194.0,-0.28125,4.0,-1.0,False
TSLA,put,mid,Fri-0DTE,12:30,OTM2+,2024-07-12,2026-07-10,82,20.0,2014,46.077,12.0,4.0,41.0,84.0,0.16667,6.0,-0.66667,False
TSLA,put,mid,Fri-0DTE,12:30,OTM2+,2024-07-12,2026-07-10,82,25.0,2014,44.538,13.0,5.0,42.0,85.0,0.16667,6.0,-0.66667,False
TSLA,put,mid,Fri-0DTE,12:30,OTM2+,2024-07-12,2026-07-10,82,30.0,2014,40.467,17.0,6.0,47.5,92.0,0.16667,6.0,-0.66667,False
TSLA,put,mid,Fri-0DTE,12:30,OTM2+,2024-07-12,2026-07-10,82,40.0,2014,33.962,21.0,8.0,54.0,103.5,0.16667,6.0,-0.66667,False
TSLA,put,mid,Fri-0DTE,12:30,OTM2+,2024-07-12,2026-07-10,82,50.0,2014,30.288,26.0,10.0,58.0,110.0,0.16667,6.0,-0.66667,False
TSLA,put,mid,Fri-0DTE,12:30,OTM2+,2024-07-12,2026-07-10,82,60.0,2014,27.358,30.0,13.0,64.0,119.0,0.16667,6.0,-0.66667,False
TSLA,put,mid,Fri-0DTE,12:30,OTM2+,2024-07-12,2026-07-10,82,70.0,2014,25.819,34.0,15.0,69.0,129.5,0.16667,6.0,-0.66667,False
TSLA,put,mid,Fri-0DTE,12:30,OTM2+,2024-07-12,2026-07-10,82,75.0,2014,25.124,37.0,16.25,71.75,140.0,0.16667,6.0,-0.66667,False
TSLA,put,mid,Fri-0DTE,12:30,OTM2+,2024-07-12,2026-07-10,82,80.0,2014,23.982,39.0,18.0,72.5,145.0,0.16667,6.0,-0.66667,False
TSLA,put,mid,Fri-0DTE,12:30,OTM2+,2024-07-12,2026-07-10,82,90.0,2014,22.939,41.0,18.0,74.0,148.0,0.16667,6.0,-0.66667,False
TSLA,put,mid,Fri-0DTE,12:30,OTM2+,2024-07-12,2026-07-10,82,100.0,2014,22.393,43.0,19.0,74.5,151.0,0.16667,6.0,-0.66667,False
TSLA,put,market,Fri-0DTE,12:30,OTM2+,2024-07-12,2026-07-10,82,20.0,2014,22.79,28.0,11.0,68.0,136.0,-0.41667,3.0,-1.0,False
TSLA,put,market,Fri-0DTE,12:30,OTM2+,2024-07-12,2026-07-10,82,25.0,2014,22.046,30.0,13.0,71.0,142.5,-0.41667,3.0,-1.0,False
TSLA,put,market,Fri-0DTE,12:30,OTM2+,2024-07-12,2026-07-10,82,30.0,2014,21.351,32.0,15.0,71.0,146.5,-0.41667,3.0,-1.0,False
TSLA,put,market,Fri-0DTE,12:30,OTM2+,2024-07-12,2026-07-10,82,40.0,2014,20.506,36.0,19.0,75.0,151.0,-0.41667,3.0,-1.0,False
TSLA,put,market,Fri-0DTE,12:30,OTM2+,2024-07-12,2026-07-10,82,50.0,2014,19.613,41.0,20.0,80.0,157.0,-0.41667,3.0,-1.0,False
TSLA,put,market,Fri-0DTE,12:30,OTM2+,2024-07-12,2026-07-10,82,60.0,2014,18.769,43.0,21.25,82.0,160.0,-0.41667,3.0,-1.0,False
TSLA,put,market,Fri-0DTE,12:30,OTM2+,2024-07-12,2026-07-10,82,70.0,2014,18.024,44.0,23.5,84.5,163.0,-0.41667,3.0,-1.0,False
TSLA,put,market,Fri-0DTE,12:30,OTM2+,2024-07-12,2026-07-10,82,75.0,2014,17.577,45.0,24.0,85.75,163.0,-0.41667,3.0,-1.0,False
TSLA,put,market,Fri-0DTE,12:30,OTM2+,2024-07-12,2026-07-10,82,80.0,2014,17.279,46.0,24.75,89.5,163.5,-0.41667,3.0,-1.0,False
TSLA,put,market,Fri-0DTE,12:30,OTM2+,2024-07-12,2026-07-10,82,90.0,2014,16.634,49.0,26.0,93.5,166.0,-0.41667,3.0,-1.0,False
TSLA,put,market,Fri-0DTE,12:30,OTM2+,2024-07-12,2026-07-10,82,100.0,2014,16.187,50.0,28.0,93.75,167.0,-0.41667,3.0,-1.0,False
TSLA,put,mid,Fri-0DTE,13:00,OTM2+,2024-07-12,2026-07-10,80,20.0,1939,46.88,11.0,4.0,36.0,57.0,0.19608,6.0,-0.57143,False
TSLA,put,mid,Fri-0DTE,13:00,OTM2+,2024-07-12,2026-07-10,80,25.0,1939,44.404,13.0,5.0,40.0,64.0,0.19608,6.0,-0.57143,False
TSLA,put,mid,Fri-0DTE,13:00,OTM2+,2024-07-12,2026-07-10,80,30.0,1939,40.536,16.0,6.0,46.0,68.0,0.19608,6.0,-0.57143,False
TSLA,put,mid,Fri-0DTE,13:00,OTM2+,2024-07-12,2026-07-10,80,40.0,1939,33.626,20.0,7.0,54.0,87.0,0.19608,6.0,-0.57143,False
TSLA,put,mid,Fri-0DTE,13:00,OTM2+,2024-07-12,2026-07-10,80,50.0,1939,29.242,23.0,10.0,62.0,98.0,0.19608,6.0,-0.57143,False
TSLA,put,mid,Fri-0DTE,13:00,OTM2+,2024-07-12,2026-07-10,80,60.0,1939,25.064,29.0,12.25,67.75,110.5,0.19608,6.0,-0.57143,False
TSLA,put,mid,Fri-0DTE,13:00,OTM2+,2024-07-12,2026-07-10,80,70.0,1939,23.105,33.0,13.75,72.25,125.0,0.19608,6.0,-0.57143,False
TSLA,put,mid,Fri-0DTE,13:00,OTM2+,2024-07-12,2026-07-10,80,75.0,1939,22.073,36.5,14.0,72.0,129.5,0.19608,6.0,-0.57143,False
TSLA,put,mid,Fri-0DTE,13:00,OTM2+,2024-07-12,2026-07-10,80,80.0,1939,20.939,37.0,15.0,77.75,133.0,0.19608,6.0,-0.57143,False
TSLA,put,mid,Fri-0DTE,13:00,OTM2+,2024-07-12,2026-07-10,80,90.0,1939,19.598,41.0,16.0,81.25,137.0,0.19608,6.0,-0.57143,False
TSLA,put,mid,Fri-0DTE,13:00,OTM2+,2024-07-12,2026-07-10,80,100.0,1939,19.082,42.5,17.0,82.0,138.5,0.19608,6.0,-0.57143,False
TSLA,put,market,Fri-0DTE,13:00,OTM2+,2024-07-12,2026-07-10,80,20.0,1939,20.01,30.0,11.0,70.0,125.5,-0.53333,2.0,-1.0,False
TSLA,put,market,Fri-0DTE,13:00,OTM2+,2024-07-12,2026-07-10,80,25.0,1939,19.03,33.0,12.0,72.0,130.0,-0.53333,2.0,-1.0,False
TSLA,put,market,Fri-0DTE,13:00,OTM2+,2024-07-12,2026-07-10,80,30.0,1939,18.36,37.0,14.0,73.25,132.5,-0.53333,2.0,-1.0,False
TSLA,put,market,Fri-0DTE,13:00,OTM2+,2024-07-12,2026-07-10,80,40.0,1939,16.864,41.0,15.5,77.0,140.0,-0.53333,2.0,-1.0,False
TSLA,put,market,Fri-0DTE,13:00,OTM2+,2024-07-12,2026-07-10,80,50.0,1939,15.42,47.0,18.0,81.0,146.0,-0.53333,2.0,-1.0,False
TSLA,put,market,Fri-0DTE,13:00,OTM2+,2024-07-12,2026-07-10,80,60.0,1939,14.183,51.0,21.0,84.5,150.0,-0.53333,2.0,-1.0,False
TSLA,put,market,Fri-0DTE,13:00,OTM2+,2024-07-12,2026-07-10,80,70.0,1939,13.564,53.0,26.0,87.5,152.0,-0.53333,2.0,-1.0,False
TSLA,put,market,Fri-0DTE,13:00,OTM2+,2024-07-12,2026-07-10,80,75.0,1939,13.409,54.5,27.0,90.25,151.5,-0.53333,2.0,-1.0,False
TSLA,put,market,Fri-0DTE,13:00,OTM2+,2024-07-12,2026-07-10,80,80.0,1939,13.1,56.5,28.0,91.0,154.0,-0.53333,2.0,-1.0,False
TSLA,put,market,Fri-0DTE,13:00,OTM2+,2024-07-12,2026-07-10,80,90.0,1939,12.739,61.0,32.0,93.0,154.0,-0.53333,2.0,-1.0,False
TSLA,put,market,Fri-0DTE,13:00,OTM2+,2024-07-12,2026-07-10,80,100.0,1939,12.481,61.5,34.0,93.75,154.0,-0.53333,2.0,-1.0,False
TSLA,put,mid,Fri-0DTE,14:00,OTM2+,2024-07-12,2026-07-10,79,20.0,1771,42.067,12.0,4.0,40.0,61.0,0.16667,5.0,-0.38961,False
TSLA,put,mid,Fri-0DTE,14:00,OTM2+,2024-07-12,2026-07-10,79,25.0,1771,40.824,13.0,4.0,42.0,64.0,0.16667,5.0,-0.38961,False
TSLA,put,mid,Fri-0DTE,14:00,OTM2+,2024-07-12,2026-07-10,79,30.0,1771,35.968,17.0,5.0,44.0,68.0,0.16667,5.0,-0.38961,False
TSLA,put,mid,Fri-0DTE,14:00,OTM2+,2024-07-12,2026-07-10,79,40.0,1771,30.435,19.0,6.0,45.0,68.0,0.16667,5.0,-0.38961,False
TSLA,put,mid,Fri-0DTE,14:00,OTM2+,2024-07-12,2026-07-10,79,50.0,1771,27.781,21.5,7.0,45.0,70.0,0.16667,5.0,-0.38961,False
TSLA,put,mid,Fri-0DTE,14:00,OTM2+,2024-07-12,2026-07-10,79,60.0,1771,25.748,26.0,10.0,52.0,74.0,0.16667,5.0,-0.38961,False
TSLA,put,mid,Fri-0DTE,14:00,OTM2+,2024-07-12,2026-07-10,79,70.0,1771,24.562,30.0,11.5,57.5,78.0,0.16667,5.0,-0.38961,False
TSLA,put,mid,Fri-0DTE,14:00,OTM2+,2024-07-12,2026-07-10,79,75.0,1771,23.715,30.0,13.75,60.0,79.0,0.16667,5.0,-0.38961,False
TSLA,put,mid,Fri-0DTE,14:00,OTM2+,2024-07-12,2026-07-10,79,80.0,1771,22.643,33.0,15.0,62.0,79.0,0.16667,5.0,-0.38961,False
TSLA,put,mid,Fri-0DTE,14:00,OTM2+,2024-07-12,2026-07-10,79,90.0,1771,22.078,33.0,16.5,62.0,79.0,0.16667,5.0,-0.38961,False
TSLA,put,mid,Fri-0DTE,14:00,OTM2+,2024-07-12,2026-07-10,79,100.0,1771,21.57,35.0,17.0,64.75,81.0,0.16667,5.0,-0.38961,False
TSLA,put,market,Fri-0DTE,14:00,OTM2+,2024-07-12,2026-07-10,79,20.0,1771,19.142,33.0,14.0,64.0,82.0,-0.83333,0.0,-1.0,False
TSLA,put,market,Fri-0DTE,14:00,OTM2+,2024-07-12,2026-07-10,79,25.0,1771,18.351,35.0,16.0,67.0,83.0,-0.83333,0.0,-1.0,False
TSLA,put,market,Fri-0DTE,14:00,OTM2+,2024-07-12,2026-07-10,79,30.0,1771,17.956,35.5,16.25,67.0,84.0,-0.83333,0.0,-1.0,False
TSLA,put,market,Fri-0DTE,14:00,OTM2+,2024-07-12,2026-07-10,79,40.0,1771,16.544,37.0,20.0,69.0,86.0,-0.83333,0.0,-1.0,False
TSLA,put,market,Fri-0DTE,14:00,OTM2+,2024-07-12,2026-07-10,79,50.0,1771,16.093,39.0,21.0,71.0,86.0,-0.83333,0.0,-1.0,False
TSLA,put,market,Fri-0DTE,14:00,OTM2+,2024-07-12,2026-07-10,79,60.0,1771,15.076,40.0,22.0,72.0,89.0,-0.83333,0.0,-1.0,False
TSLA,put,market,Fri-0DTE,14:00,OTM2+,2024-07-12,2026-07-10,79,70.0,1771,14.06,41.0,22.0,72.0,92.0,-0.83333,0.0,-1.0,False
TSLA,put,market,Fri-0DTE,14:00,OTM2+,2024-07-12,2026-07-10,79,75.0,1771,13.834,42.0,22.0,74.0,93.0,-0.83333,0.0,-1.0,False
TSLA,put,market,Fri-0DTE,14:00,OTM2+,2024-07-12,2026-07-10,79,80.0,1771,13.495,42.0,23.0,74.0,94.0,-0.83333,0.0,-1.0,False
TSLA,put,market,Fri-0DTE,14:00,OTM2+,2024-07-12,2026-07-10,79,90.0,1771,12.818,43.0,24.5,78.5,94.0,-0.83333,0.0,-1.0,False
TSLA,put,market,Fri-0DTE,14:00,OTM2+,2024-07-12,2026-07-10,79,100.0,1771,12.14,45.0,27.0,82.5,94.0,-0.83333,0.0,-1.0,False
TSLA,put,mid,Fri-0DTE,14:30,OTM2+,2024-07-12,2026-07-10,77,20.0,1664,41.286,10.0,4.0,30.0,43.0,0.16667,4.0,-0.25,False
TSLA,put,mid,Fri-0DTE,14:30,OTM2+,2024-07-12,2026-07-10,77,25.0,1664,40.986,11.0,4.0,30.0,43.5,0.16667,4.0,-0.25,False
TSLA,put,mid,Fri-0DTE,14:30,OTM2+,2024-07-12,2026-07-10,77,30.0,1664,36.238,12.0,5.0,30.0,45.0,0.16667,4.0,-0.25,False
TSLA,put,mid,Fri-0DTE,14:30,OTM2+,2024-07-12,2026-07-10,77,40.0,1664,28.786,13.0,5.0,30.0,46.0,0.16667,4.0,-0.25,False
TSLA,put,mid,Fri-0DTE,14:30,OTM2+,2024-07-12,2026-07-10,77,50.0,1664,24.339,14.0,6.0,30.0,49.0,0.16667,4.0,-0.25,False
TSLA,put,mid,Fri-0DTE,14:30,OTM2+,2024-07-12,2026-07-10,77,60.0,1664,21.755,16.0,8.0,35.0,54.0,0.16667,4.0,-0.25,False
TSLA,put,mid,Fri-0DTE,14:30,OTM2+,2024-07-12,2026-07-10,77,70.0,1664,20.373,18.0,9.0,36.5,55.0,0.16667,4.0,-0.25,False
TSLA,put,mid,Fri-0DTE,14:30,OTM2+,2024-07-12,2026-07-10,77,75.0,1664,19.351,18.0,9.0,36.0,55.0,0.16667,4.0,-0.25,False
TSLA,put,mid,Fri-0DTE,14:30,OTM2+,2024-07-12,2026-07-10,77,80.0,1664,18.209,20.0,10.0,40.0,57.0,0.16667,4.0,-0.25,False
TSLA,put,mid,Fri-0DTE,14:30,OTM2+,2024-07-12,2026-07-10,77,90.0,1664,17.248,20.0,11.0,40.5,58.0,0.16667,4.0,-0.25,False
TSLA,put,mid,Fri-0DTE,14:30,OTM2+,2024-07-12,2026-07-10,77,100.0,1664,16.947,21.0,11.0,40.0,58.0,0.16667,4.0,-0.25,False
TSLA,put,market,Fri-0DTE,14:30,OTM2+,2024-07-12,2026-07-10,77,20.0,1664,14.844,21.0,11.0,45.5,60.0,-1.0,0.0,-1.0,False
TSLA,put,market,Fri-0DTE,14:30,OTM2+,2024-07-12,2026-07-10,77,25.0,1664,14.423,21.5,11.0,45.25,60.0,-1.0,0.0,-1.0,False
TSLA,put,market,Fri-0DTE,14:30,OTM2+,2024-07-12,2026-07-10,77,30.0,1664,14.183,23.5,12.0,46.25,60.0,-1.0,0.0,-1.0,False
TSLA,put,market,Fri-0DTE,14:30,OTM2+,2024-07-12,2026-07-10,77,40.0,1664,13.221,25.5,14.0,49.0,63.5,-1.0,0.0,-1.0,False
TSLA,put,market,Fri-0DTE,14:30,OTM2+,2024-07-12,2026-07-10,77,50.0,1664,12.74,27.0,15.0,49.0,63.5,-1.0,0.0,-1.0,False
TSLA,put,market,Fri-0DTE,14:30,OTM2+,2024-07-12,2026-07-10,77,60.0,1664,12.139,29.0,15.0,50.0,64.0,-1.0,0.0,-1.0,False
TSLA,put,market,Fri-0DTE,14:30,OTM2+,2024-07-12,2026-07-10,77,70.0,1664,11.418,32.5,16.25,51.75,64.0,-1.0,0.0,-1.0,False
TSLA,put,market,Fri-0DTE,14:30,OTM2+,2024-07-12,2026-07-10,77,75.0,1664,11.238,33.0,17.0,52.0,64.0,-1.0,0.0,-1.0,False
TSLA,put,market,Fri-0DTE,14:30,OTM2+,2024-07-12,2026-07-10,77,80.0,1664,10.817,32.5,17.0,52.0,64.0,-1.0,0.0,-1.0,False
TSLA,put,market,Fri-0DTE,14:30,OTM2+,2024-07-12,2026-07-10,77,90.0,1664,10.216,33.0,17.25,52.0,64.0,-1.0,0.0,-1.0,False
TSLA,put,market,Fri-0DTE,14:30,OTM2+,2024-07-12,2026-07-10,77,100.0,1664,9.675,35.0,18.0,52.0,64.0,-1.0,0.0,-1.0,False
TSLA,put,mid,Fri-0DTE,15:00,OTM2+,2024-07-12,2026-07-10,76,20.0,1612,31.762,11.0,3.0,24.0,27.0,0.16667,2.0,-0.14286,False
TSLA,put,mid,Fri-0DTE,15:00,OTM2+,2024-07-12,2026-07-10,76,25.0,1612,31.39,11.0,4.0,24.0,28.0,0.16667,2.0,-0.14286,False
TSLA,put,mid,Fri-0DTE,15:00,OTM2+,2024-07-12,2026-07-10,76,30.0,1612,28.474,12.0,4.0,25.5,29.0,0.16667,2.0,-0.14286,False
TSLA,put,mid,Fri-0DTE,15:00,OTM2+,2024-07-12,2026-07-10,76,40.0,1612,20.596,11.0,4.0,25.0,31.0,0.16667,2.0,-0.14286,False
TSLA,put,mid,Fri-0DTE,15:00,OTM2+,2024-07-12,2026-07-10,76,50.0,1612,15.323,11.0,4.0,23.0,32.0,0.16667,2.0,-0.14286,False
TSLA,put,mid,Fri-0DTE,15:00,OTM2+,2024-07-12,2026-07-10,76,60.0,1612,13.958,12.0,5.0,25.0,34.0,0.16667,2.0,-0.14286,False
TSLA,put,mid,Fri-0DTE,15:00,OTM2+,2024-07-12,2026-07-10,76,70.0,1612,13.586,13.0,6.0,25.0,34.0,0.16667,2.0,-0.14286,False
TSLA,put,mid,Fri-0DTE,15:00,OTM2+,2024-07-12,2026-07-10,76,75.0,1612,12.779,12.5,6.0,25.75,34.0,0.16667,2.0,-0.14286,False
TSLA,put,mid,Fri-0DTE,15:00,OTM2+,2024-07-12,2026-07-10,76,80.0,1612,12.345,14.0,6.0,27.0,35.0,0.16667,2.0,-0.14286,False
TSLA,put,mid,Fri-0DTE,15:00,OTM2+,2024-07-12,2026-07-10,76,90.0,1612,11.911,14.0,6.75,27.0,35.5,0.16667,2.0,-0.14286,False
TSLA,put,mid,Fri-0DTE,15:00,OTM2+,2024-07-12,2026-07-10,76,100.0,1612,11.29,14.0,7.0,26.75,36.0,0.16667,2.0,-0.14286,False
TSLA,put,market,Fri-0DTE,15:00,OTM2+,2024-07-12,2026-07-10,76,20.0,1612,8.871,18.0,7.0,30.5,38.0,-1.0,0.0,-1.0,False
TSLA,put,market,Fri-0DTE,15:00,OTM2+,2024-07-12,2026-07-10,76,25.0,1612,8.747,17.0,8.0,31.0,38.0,-1.0,0.0,-1.0,False
TSLA,put,market,Fri-0DTE,15:00,OTM2+,2024-07-12,2026-07-10,76,30.0,1612,8.685,17.5,8.0,31.25,37.0,-1.0,0.0,-1.0,False
TSLA,put,market,Fri-0DTE,15:00,OTM2+,2024-07-12,2026-07-10,76,40.0,1612,8.002,20.0,9.0,34.0,39.0,-1.0,0.0,-1.0,False
TSLA,put,market,Fri-0DTE,15:00,OTM2+,2024-07-12,2026-07-10,76,50.0,1612,7.878,20.0,10.0,34.0,39.0,-1.0,0.0,-1.0,False
TSLA,put,market,Fri-0DTE,15:00,OTM2+,2024-07-12,2026-07-10,76,60.0,1612,7.196,20.5,11.75,32.0,38.0,-1.0,0.0,-1.0,False
TSLA,put,market,Fri-0DTE,15:00,OTM2+,2024-07-12,2026-07-10,76,70.0,1612,6.948,22.5,11.75,34.0,39.0,-1.0,0.0,-1.0,False
TSLA,put,market,Fri-0DTE,15:00,OTM2+,2024-07-12,2026-07-10,76,75.0,1612,6.762,22.0,12.0,34.0,39.0,-1.0,0.0,-1.0,False
TSLA,put,market,Fri-0DTE,15:00,OTM2+,2024-07-12,2026-07-10,76,80.0,1612,6.7,21.5,12.0,32.5,39.0,-1.0,0.0,-1.0,False
TSLA,put,market,Fri-0DTE,15:00,OTM2+,2024-07-12,2026-07-10,76,90.0,1612,6.328,22.0,12.25,34.75,39.0,-1.0,0.0,-1.0,False
TSLA,put,market,Fri-0DTE,15:00,OTM2+,2024-07-12,2026-07-10,76,100.0,1612,6.203,23.5,12.75,34.25,39.0,-1.0,0.0,-1.0,False
TSLA,put,mid,Fri-0DTE,13:30,OTM2+,2024-07-12,2026-07-10,81,20.0,1877,46.937,12.0,4.0,30.0,66.0,0.16667,7.0,-0.45833,False
TSLA,put,mid,Fri-0DTE,13:30,OTM2+,2024-07-12,2026-07-10,81,25.0,1877,46.031,12.0,5.0,33.0,67.0,0.16667,7.0,-0.45833,False
TSLA,put,mid,Fri-0DTE,13:30,OTM2+,2024-07-12,2026-07-10,81,30.0,1877,41.716,15.0,6.0,38.0,69.0,0.16667,7.0,-0.45833,False
TSLA,put,mid,Fri-0DTE,13:30,OTM2+,2024-07-12,2026-07-10,81,40.0,1877,36.121,18.0,8.0,44.0,72.0,0.16667,7.0,-0.45833,False
TSLA,put,mid,Fri-0DTE,13:30,OTM2+,2024-07-12,2026-07-10,81,50.0,1877,31.646,20.5,10.0,47.0,81.0,0.16667,7.0,-0.45833,False
TSLA,put,mid,Fri-0DTE,13:30,OTM2+,2024-07-12,2026-07-10,81,60.0,1877,27.757,23.0,11.0,52.0,92.0,0.16667,7.0,-0.45833,False
TSLA,put,mid,Fri-0DTE,13:30,OTM2+,2024-07-12,2026-07-10,81,70.0,1877,25.892,26.0,12.0,57.0,99.0,0.16667,7.0,-0.45833,False
TSLA,put,mid,Fri-0DTE,13:30,OTM2+,2024-07-12,2026-07-10,81,75.0,1877,24.987,28.0,13.0,57.0,101.0,0.16667,7.0,-0.45833,False
TSLA,put,mid,Fri-0DTE,13:30,OTM2+,2024-07-12,2026-07-10,81,80.0,1877,23.868,28.0,13.0,58.0,104.0,0.16667,7.0,-0.45833,False
TSLA,put,mid,Fri-0DTE,13:30,OTM2+,2024-07-12,2026-07-10,81,90.0,1877,22.376,30.5,14.0,61.25,109.0,0.16667,7.0,-0.45833,False
TSLA,put,mid,Fri-0DTE,13:30,OTM2+,2024-07-12,2026-07-10,81,100.0,1877,21.897,34.0,16.0,64.5,112.0,0.16667,7.0,-0.45833,False
TSLA,put,market,Fri-0DTE,13:30,OTM2+,2024-07-12,2026-07-10,81,20.0,1877,20.298,29.0,12.0,60.0,104.0,-0.66667,1.0,-1.0,False
TSLA,put,market,Fri-0DTE,13:30,OTM2+,2024-07-12,2026-07-10,81,25.0,1877,19.659,31.0,13.0,62.0,107.0,-0.66667,1.0,-1.0,False
TSLA,put,market,Fri-0DTE,13:30,OTM2+,2024-07-12,2026-07-10,81,30.0,1877,19.073,32.5,15.0,62.0,108.0,-0.66667,1.0,-1.0,False
TSLA,put,market,Fri-0DTE,13:30,OTM2+,2024-07-12,2026-07-10,81,40.0,1877,17.901,36.5,16.75,65.25,112.0,-0.66667,1.0,-1.0,False
TSLA,put,market,Fri-0DTE,13:30,OTM2+,2024-07-12,2026-07-10,81,50.0,1877,17.048,38.0,18.75,66.0,113.5,-0.66667,1.0,-1.0,False
TSLA,put,market,Fri-0DTE,13:30,OTM2+,2024-07-12,2026-07-10,81,60.0,1877,15.344,41.0,20.0,68.0,119.0,-0.66667,1.0,-1.0,False
TSLA,put,market,Fri-0DTE,13:30,OTM2+,2024-07-12,2026-07-10,81,70.0,1877,14.491,42.0,21.75,70.25,122.0,-0.66667,1.0,-1.0,False
TSLA,put,market,Fri-0DTE,13:30,OTM2+,2024-07-12,2026-07-10,81,75.0,1877,14.012,43.0,22.0,71.0,124.0,-0.66667,1.0,-1.0,False
TSLA,put,market,Fri-0DTE,13:30,OTM2+,2024-07-12,2026-07-10,81,80.0,1877,13.586,45.0,23.0,71.0,124.0,-0.66667,1.0,-1.0,False
TSLA,put,market,Fri-0DTE,13:30,OTM2+,2024-07-12,2026-07-10,81,90.0,1877,13.053,46.0,25.0,76.0,124.0,-0.66667,1.0,-1.0,False
TSLA,put,market,Fri-0DTE,13:30,OTM2+,2024-07-12,2026-07-10,81,100.0,1877,12.573,47.0,27.75,79.0,124.0,-0.66667,1.0,-1.0,False
TSLA,put,mid,Fri-0DTE,15:30,OTM2+,2024-07-12,2026-07-10,73,20.0,271,24.723,7.0,2.0,18.5,18.0,0.125,1.0,0.0,False
TSLA,put,mid,Fri-0DTE,15:30,OTM2+,2024-07-12,2026-07-10,73,25.0,271,24.723,7.0,2.0,18.5,18.0,0.125,1.0,0.0,False
TSLA,put,mid,Fri-0DTE,15:30,OTM2+,2024-07-12,2026-07-10,73,30.0,271,22.509,7.0,2.0,18.0,19.0,0.125,1.0,0.0,False
TSLA,put,mid,Fri-0DTE,15:30,OTM2+,2024-07-12,2026-07-10,73,40.0,271,13.653,4.0,2.0,13.0,16.0,0.125,1.0,0.0,False
TSLA,put,mid,Fri-0DTE,15:30,OTM2+,2024-07-12,2026-07-10,73,50.0,271,9.225,4.0,2.0,12.0,19.0,0.125,1.0,0.0,False
TSLA,put,mid,Fri-0DTE,15:30,OTM2+,2024-07-12,2026-07-10,73,60.0,271,8.487,5.0,3.0,16.5,22.0,0.125,1.0,0.0,False
TSLA,put,mid,Fri-0DTE,15:30,OTM2+,2024-07-12,2026-07-10,73,70.0,271,8.487,5.0,3.0,16.5,22.0,0.125,1.0,0.0,False
TSLA,put,mid,Fri-0DTE,15:30,OTM2+,2024-07-12,2026-07-10,73,75.0,271,8.118,4.5,3.25,17.5,23.0,0.125,1.0,0.0,False
TSLA,put,mid,Fri-0DTE,15:30,OTM2+,2024-07-12,2026-07-10,73,80.0,271,7.749,5.0,4.0,21.0,24.0,0.125,1.0,0.0,False
TSLA,put,mid,Fri-0DTE,15:30,OTM2+,2024-07-12,2026-07-10,73,90.0,271,7.011,7.0,4.0,21.5,25.0,0.125,1.0,0.0,False
TSLA,put,mid,Fri-0DTE,15:30,OTM2+,2024-07-12,2026-07-10,73,100.0,271,6.642,6.0,4.0,19.5,25.5,0.125,1.0,0.0,False
TSLA,put,market,Fri-0DTE,15:30,OTM2+,2024-07-12,2026-07-10,73,20.0,271,5.166,9.0,4.0,21.75,25.0,-1.0,0.0,-1.0,False
TSLA,put,market,Fri-0DTE,15:30,OTM2+,2024-07-12,2026-07-10,73,25.0,271,5.166,9.0,4.0,21.75,25.0,-1.0,0.0,-1.0,False
TSLA,put,market,Fri-0DTE,15:30,OTM2+,2024-07-12,2026-07-10,73,30.0,271,5.166,9.0,4.0,21.75,25.0,-1.0,0.0,-1.0,False
TSLA,put,market,Fri-0DTE,15:30,OTM2+,2024-07-12,2026-07-10,73,40.0,271,4.428,14.0,4.0,22.0,25.0,-1.0,0.0,-1.0,False
TSLA,put,market,Fri-0DTE,15:30,OTM2+,2024-07-12,2026-07-10,73,50.0,271,4.059,11.0,4.0,22.0,25.0,-1.0,0.0,-1.0,False
TSLA,put,market,Fri-0DTE,15:30,OTM2+,2024-07-12,2026-07-10,73,60.0,271,3.69,16.0,4.75,22.0,25.0,-1.0,0.0,-1.0,False
TSLA,put,market,Fri-0DTE,15:30,OTM2+,2024-07-12,2026-07-10,73,70.0,271,3.69,16.0,4.75,22.0,25.0,-1.0,0.0,-1.0,False
TSLA,put,market,Fri-0DTE,15:30,OTM2+,2024-07-12,2026-07-10,73,75.0,271,3.69,16.0,5.75,22.0,25.0,-1.0,0.0,-1.0,False
TSLA,put,market,Fri-0DTE,15:30,OTM2+,2024-07-12,2026-07-10,73,80.0,271,3.69,16.0,5.75,22.0,25.0,-1.0,0.0,-1.0,False
TSLA,put,market,Fri-0DTE,15:30,OTM2+,2024-07-12,2026-07-10,73,90.0,271,3.69,21.0,8.75,22.0,24.5,-1.0,0.0,-1.0,False
TSLA,put,market,Fri-0DTE,15:30,OTM2+,2024-07-12,2026-07-10,73,100.0,271,3.69,21.0,8.75,22.0,24.5,-1.0,0.0,-1.0,False
TSLA,put,mid,Fri-0DTE,09:30,OTM1,2024-07-12,2026-07-10,98,20.0,484,71.074,7.0,3.0,21.0,189.0,0.60974,35.0,-0.98125,False
TSLA,put,mid,Fri-0DTE,09:30,OTM1,2024-07-12,2026-07-10,98,25.0,484,67.562,10.0,4.0,23.0,191.0,0.60974,35.0,-0.98125,False
TSLA,put,mid,Fri-0DTE,09:30,OTM1,2024-07-12,2026-07-10,98,30.0,484,64.463,11.0,5.0,29.0,199.0,0.60974,35.0,-0.98125,False
TSLA,put,mid,Fri-0DTE,09:30,OTM1,2024-07-12,2026-07-10,98,40.0,484,60.124,16.0,7.0,34.5,223.0,0.60974,35.0,-0.98125,False
TSLA,put,mid,Fri-0DTE,09:30,OTM1,2024-07-12,2026-07-10,98,50.0,484,54.959,21.0,10.0,41.5,252.5,0.60974,35.0,-0.98125,False
TSLA,put,mid,Fri-0DTE,09:30,OTM1,2024-07-12,2026-07-10,98,60.0,484,51.24,25.0,12.0,51.25,260.5,0.60974,35.0,-0.98125,False
TSLA,put,mid,Fri-0DTE,09:30,OTM1,2024-07-12,2026-07-10,98,70.0,484,47.107,27.0,14.0,58.25,317.5,0.60974,35.0,-0.98125,False
TSLA,put,mid,Fri-0DTE,09:30,OTM1,2024-07-12,2026-07-10,98,75.0,484,46.074,29.0,16.0,64.0,320.0,0.60974,35.0,-0.98125,False
TSLA,put,mid,Fri-0DTE,09:30,OTM1,2024-07-12,2026-07-10,98,80.0,484,45.041,32.0,17.0,67.0,319.5,0.60974,35.0,-0.98125,False
TSLA,put,mid,Fri-0DTE,09:30,OTM1,2024-07-12,2026-07-10,98,90.0,484,42.562,36.0,20.0,69.5,323.0,0.60974,35.0,-0.98125,False
TSLA,put,mid,Fri-0DTE,09:30,OTM1,2024-07-12,2026-07-10,98,100.0,484,39.876,38.0,23.0,80.0,358.0,0.60974,35.0,-0.98125,False
TSLA,put,market,Fri-0DTE,09:30,OTM1,2024-07-12,2026-07-10,98,20.0,484,67.355,9.0,4.0,23.75,191.0,0.54902,35.0,-1.0,False
TSLA,put,market,Fri-0DTE,09:30,OTM1,2024-07-12,2026-07-10,98,25.0,484,63.43,11.0,5.0,28.5,203.0,0.54902,35.0,-1.0,False
TSLA,put,market,Fri-0DTE,09:30,OTM1,2024-07-12,2026-07-10,98,30.0,484,62.397,14.0,6.0,32.0,211.0,0.54902,35.0,-1.0,False
TSLA,put,market,Fri-0DTE,09:30,OTM1,2024-07-12,2026-07-10,98,40.0,484,56.818,17.0,8.0,37.0,238.0,0.54902,35.0,-1.0,False
TSLA,put,market,Fri-0DTE,09:30,OTM1,2024-07-12,2026-07-10,98,50.0,484,52.686,24.0,11.5,46.5,249.0,0.54902,35.0,-1.0,False
TSLA,put,market,Fri-0DTE,09:30,OTM1,2024-07-12,2026-07-10,98,60.0,484,48.14,26.0,13.0,55.0,315.0,0.54902,35.0,-1.0,False
TSLA,put,market,Fri-0DTE,09:30,OTM1,2024-07-12,2026-07-10,98,70.0,484,45.661,30.0,16.0,65.0,317.0,0.54902,35.0,-1.0,False
TSLA,put,market,Fri-0DTE,09:30,OTM1,2024-07-12,2026-07-10,98,75.0,484,44.628,32.0,18.0,67.0,320.5,0.54902,35.0,-1.0,False
TSLA,put,market,Fri-0DTE,09:30,OTM1,2024-07-12,2026-07-10,98,80.0,484,43.388,36.0,20.0,67.0,325.0,0.54902,35.0,-1.0,False
TSLA,put,market,Fri-0DTE,09:30,OTM1,2024-07-12,2026-07-10,98,90.0,484,40.702,37.0,22.0,81.0,357.0,0.54902,35.0,-1.0,False
TSLA,put,market,Fri-0DTE,09:30,OTM1,2024-07-12,2026-07-10,98,100.0,484,36.983,38.0,24.0,80.5,364.0,0.54902,35.0,-1.0,False
TSLA,put,mid,Fri-0DTE,09:30,ATM,2024-07-12,2026-07-10,98,20.0,483,71.843,8.0,4.0,22.0,231.0,0.63095,42.0,-0.98454,False
TSLA,put,mid,Fri-0DTE,09:30,ATM,2024-07-12,2026-07-10,98,25.0,483,67.909,11.0,5.0,26.0,267.5,0.63095,42.0,-0.98454,False
TSLA,put,mid,Fri-0DTE,09:30,ATM,2024-07-12,2026-07-10,98,30.0,483,65.631,14.0,6.0,31.0,310.0,0.63095,42.0,-0.98454,False
TSLA,put,mid,Fri-0DTE,09:30,ATM,2024-07-12,2026-07-10,98,40.0,483,61.284,19.0,8.0,38.0,316.0,0.63095,42.0,-0.98454,False
TSLA,put,mid,Fri-0DTE,09:30,ATM,2024-07-12,2026-07-10,98,50.0,483,57.143,25.0,12.0,50.25,335.0,0.63095,42.0,-0.98454,False
TSLA,put,mid,Fri-0DTE,09:30,ATM,2024-07-12,2026-07-10,98,60.0,483,51.346,27.5,14.0,61.5,360.5,0.63095,42.0,-0.98454,False
TSLA,put,mid,Fri-0DTE,09:30,ATM,2024-07-12,2026-07-10,98,70.0,483,48.24,31.0,17.0,68.0,358.0,0.63095,42.0,-0.98454,False
TSLA,put,mid,Fri-0DTE,09:30,ATM,2024-07-12,2026-07-10,98,75.0,483,46.998,35.0,19.5,70.5,358.0,0.63095,42.0,-0.98454,False
TSLA,put,mid,Fri-0DTE,09:30,ATM,2024-07-12,2026-07-10,98,80.0,483,45.756,38.0,21.0,80.0,359.0,0.63095,42.0,-0.98454,False
TSLA,put,mid,Fri-0DTE,09:30,ATM,2024-07-12,2026-07-10,98,90.0,483,42.236,38.0,23.0,84.5,359.0,0.63095,42.0,-0.98454,False
TSLA,put,mid,Fri-0DTE,09:30,ATM,2024-07-12,2026-07-10,98,100.0,483,38.095,41.0,25.0,98.25,364.0,0.63095,42.0,-0.98454,False
TSLA,put,market,Fri-0DTE,09:30,ATM,2024-07-12,2026-07-10,98,20.0,483,69.151,10.0,5.0,25.0,243.0,0.58714,42.0,-1.0,False
TSLA,put,market,Fri-0DTE,09:30,ATM,2024-07-12,2026-07-10,98,25.0,483,66.46,12.0,5.0,31.0,292.0,0.58714,42.0,-1.0,False
TSLA,put,market,Fri-0DTE,09:30,ATM,2024-07-12,2026-07-10,98,30.0,483,63.975,16.0,7.0,33.0,312.0,0.58714,42.0,-1.0,False
TSLA,put,market,Fri-0DTE,09:30,ATM,2024-07-12,2026-07-10,98,40.0,483,59.627,21.0,9.0,42.25,324.0,0.58714,42.0,-1.0,False
TSLA,put,market,Fri-0DTE,09:30,ATM,2024-07-12,2026-07-10,98,50.0,483,54.865,26.0,13.0,56.0,343.0,0.58714,42.0,-1.0,False
TSLA,put,market,Fri-0DTE,09:30,ATM,2024-07-12,2026-07-10,98,60.0,483,49.275,29.0,16.0,65.0,362.0,0.58714,42.0,-1.0,False
TSLA,put,market,Fri-0DTE,09:30,ATM,2024-07-12,2026-07-10,98,70.0,483,47.412,35.0,20.0,71.0,358.0,0.58714,42.0,-1.0,False
TSLA,put,market,Fri-0DTE,09:30,ATM,2024-07-12,2026-07-10,98,75.0,483,45.963,37.0,21.25,79.5,358.5,0.58714,42.0,-1.0,False
TSLA,put,market,Fri-0DTE,09:30,ATM,2024-07-12,2026-07-10,98,80.0,483,43.478,38.0,22.25,82.75,360.0,0.58714,42.0,-1.0,False
TSLA,put,market,Fri-0DTE,09:30,ATM,2024-07-12,2026-07-10,98,90.0,483,40.166,40.5,24.25,90.5,364.0,0.58714,42.0,-1.0,False
TSLA,put,market,Fri-0DTE,09:30,ATM,2024-07-12,2026-07-10,98,100.0,483,37.267,46.5,26.0,110.0,364.0,0.58714,42.0,-1.0,False
TSLA,put,mid,Fri-0DTE,09:30,ITM,2024-07-12,2026-07-10,98,20.0,1807,70.725,15.0,6.0,35.0,363.0,0.47368,65.0,-0.50954,False
TSLA,put,mid,Fri-0DTE,09:30,ITM,2024-07-12,2026-07-10,98,25.0,1807,67.349,19.0,8.0,46.0,363.0,0.47368,65.0,-0.50954,False
TSLA,put,mid,Fri-0DTE,09:30,ITM,2024-07-12,2026-07-10,98,30.0,1807,63.309,24.0,10.75,54.0,363.0,0.47368,65.0,-0.50954,False
TSLA,put,mid,Fri-0DTE,09:30,ITM,2024-07-12,2026-07-10,98,40.0,1807,55.506,33.0,17.0,80.5,364.0,0.47368,65.0,-0.50954,False
TSLA,put,mid,Fri-0DTE,09:30,ITM,2024-07-12,2026-07-10,98,50.0,1807,48.423,41.0,22.0,120.0,364.0,0.47368,65.0,-0.50954,False
TSLA,put,mid,Fri-0DTE,09:30,ITM,2024-07-12,2026-07-10,98,60.0,1807,42.335,46.0,25.0,126.0,364.0,0.47368,65.0,-0.50954,False
TSLA,put,mid,Fri-0DTE,09:30,ITM,2024-07-12,2026-07-10,98,70.0,1807,36.801,51.0,29.0,132.0,364.0,0.47368,65.0,-0.50954,False
TSLA,put,mid,Fri-0DTE,09:30,ITM,2024-07-12,2026-07-10,98,75.0,1807,34.698,53.0,31.0,138.0,364.0,0.47368,65.0,-0.50954,False
TSLA,put,mid,Fri-0DTE,09:30,ITM,2024-07-12,2026-07-10,98,80.0,1807,32.429,55.5,32.0,136.0,366.5,0.47368,65.0,-0.50954,False
TSLA,put,mid,Fri-0DTE,09:30,ITM,2024-07-12,2026-07-10,98,90.0,1807,28.5,66.0,36.0,144.5,367.0,0.47368,65.0,-0.50954,False
TSLA,put,mid,Fri-0DTE,09:30,ITM,2024-07-12,2026-07-10,98,100.0,1807,25.457,72.0,39.0,150.0,368.0,0.47368,65.0,-0.50954,False
TSLA,put,market,Fri-0DTE,09:30,ITM,2024-07-12,2026-07-10,98,20.0,1807,68.954,16.0,7.0,40.0,363.0,0.44424,65.0,-0.52079,False
TSLA,put,market,Fri-0DTE,09:30,ITM,2024-07-12,2026-07-10,98,25.0,1807,65.08,21.0,10.0,51.25,363.0,0.44424,65.0,-0.52079,False
TSLA,put,market,Fri-0DTE,09:30,ITM,2024-07-12,2026-07-10,98,30.0,1807,61.096,27.0,12.75,65.0,364.0,0.44424,65.0,-0.52079,False
TSLA,put,market,Fri-0DTE,09:30,ITM,2024-07-12,2026-07-10,98,40.0,1807,53.348,35.0,19.0,83.0,364.0,0.44424,65.0,-0.52079,False
TSLA,put,market,Fri-0DTE,09:30,ITM,2024-07-12,2026-07-10,98,50.0,1807,46.154,42.0,23.0,122.75,364.0,0.44424,65.0,-0.52079,False
TSLA,put,market,Fri-0DTE,09:30,ITM,2024-07-12,2026-07-10,98,60.0,1807,40.398,48.0,27.0,130.5,364.0,0.44424,65.0,-0.52079,False
TSLA,put,market,Fri-0DTE,09:30,ITM,2024-07-12,2026-07-10,98,70.0,1807,35.307,52.0,30.25,135.75,365.0,0.44424,65.0,-0.52079,False
TSLA,put,market,Fri-0DTE,09:30,ITM,2024-07-12,2026-07-10,98,75.0,1807,33.094,55.5,32.0,138.75,365.5,0.44424,65.0,-0.52079,False
TSLA,put,market,Fri-0DTE,09:30,ITM,2024-07-12,2026-07-10,98,80.0,1807,30.769,61.5,34.0,142.0,367.0,0.44424,65.0,-0.52079,False
TSLA,put,market,Fri-0DTE,09:30,ITM,2024-07-12,2026-07-10,98,90.0,1807,27.006,67.0,37.0,148.25,368.0,0.44424,65.0,-0.52079,False
TSLA,put,market,Fri-0DTE,09:30,ITM,2024-07-12,2026-07-10,98,100.0,1807,24.128,73.5,39.0,153.25,368.0,0.44424,65.0,-0.52079,False
TSLA,put,mid,Fri-0DTE,10:00,OTM1,2024-07-12,2026-07-10,95,20.0,541,74.122,7.0,3.0,21.0,144.0,0.60714,29.0,-0.97826,False
TSLA,put,mid,Fri-0DTE,10:00,OTM1,2024-07-12,2026-07-10,95,25.0,541,70.425,8.0,4.0,28.0,152.0,0.60714,29.0,-0.97826,False
TSLA,put,mid,Fri-0DTE,10:00,OTM1,2024-07-12,2026-07-10,95,30.0,541,66.728,11.0,5.0,36.0,159.0,0.60714,29.0,-0.97826,False
TSLA,put,mid,Fri-0DTE,10:00,OTM1,2024-07-12,2026-07-10,95,40.0,541,61.922,17.0,6.0,44.0,164.0,0.60714,29.0,-0.97826,False
TSLA,put,mid,Fri-0DTE,10:00,OTM1,2024-07-12,2026-07-10,95,50.0,541,56.007,22.0,9.0,64.5,176.0,0.60714,29.0,-0.97826,False
TSLA,put,mid,Fri-0DTE,10:00,OTM1,2024-07-12,2026-07-10,95,60.0,541,50.647,26.5,11.0,77.75,203.0,0.60714,29.0,-0.97826,False
TSLA,put,mid,Fri-0DTE,10:00,OTM1,2024-07-12,2026-07-10,95,70.0,541,47.689,31.0,12.0,92.75,203.0,0.60714,29.0,-0.97826,False
TSLA,put,mid,Fri-0DTE,10:00,OTM1,2024-07-12,2026-07-10,95,75.0,541,46.396,31.0,13.0,95.5,203.0,0.60714,29.0,-0.97826,False
TSLA,put,mid,Fri-0DTE,10:00,OTM1,2024-07-12,2026-07-10,95,80.0,541,44.547,33.0,15.0,109.0,202.0,0.60714,29.0,-0.97826,False
TSLA,put,mid,Fri-0DTE,10:00,OTM1,2024-07-12,2026-07-10,95,90.0,541,41.405,41.0,17.0,123.5,198.0,0.60714,29.0,-0.97826,False
TSLA,put,mid,Fri-0DTE,10:00,OTM1,2024-07-12,2026-07-10,95,100.0,541,37.893,47.0,18.0,134.0,218.0,0.60714,29.0,-0.97826,False
TSLA,put,market,Fri-0DTE,10:00,OTM1,2024-07-12,2026-07-10,95,20.0,541,68.207,9.0,4.0,35.0,161.0,0.54484,29.0,-1.0,False
TSLA,put,market,Fri-0DTE,10:00,OTM1,2024-07-12,2026-07-10,95,25.0,541,65.434,11.0,5.0,37.5,161.5,0.54484,29.0,-1.0,False
TSLA,put,market,Fri-0DTE,10:00,OTM1,2024-07-12,2026-07-10,95,30.0,541,62.477,14.0,6.0,41.0,165.0,0.54484,29.0,-1.0,False
TSLA,put,market,Fri-0DTE,10:00,OTM1,2024-07-12,2026-07-10,95,40.0,541,57.671,21.0,8.0,65.25,174.0,0.54484,29.0,-1.0,False
TSLA,put,market,Fri-0DTE,10:00,OTM1,2024-07-12,2026-07-10,95,50.0,541,50.832,27.0,10.0,76.0,203.0,0.54484,29.0,-1.0,False
TSLA,put,market,Fri-0DTE,10:00,OTM1,2024-07-12,2026-07-10,95,60.0,541,47.874,30.0,12.0,88.5,203.0,0.54484,29.0,-1.0,False
TSLA,put,market,Fri-0DTE,10:00,OTM1,2024-07-12,2026-07-10,95,70.0,541,44.732,32.0,14.0,103.25,201.0,0.54484,29.0,-1.0,False
TSLA,put,market,Fri-0DTE,10:00,OTM1,2024-07-12,2026-07-10,95,75.0,541,43.068,36.0,16.0,112.0,198.0,0.54484,29.0,-1.0,False
TSLA,put,market,Fri-0DTE,10:00,OTM1,2024-07-12,2026-07-10,95,80.0,541,41.959,38.0,17.0,119.0,198.0,0.54484,29.0,-1.0,False
TSLA,put,market,Fri-0DTE,10:00,OTM1,2024-07-12,2026-07-10,95,90.0,541,38.632,45.0,18.0,130.0,201.0,0.54484,29.0,-1.0,False
TSLA,put,market,Fri-0DTE,10:00,OTM1,2024-07-12,2026-07-10,95,100.0,541,35.305,50.0,20.0,132.5,280.0,0.54484,29.0,-1.0,False
TSLA,put,mid,Fri-0DTE,10:00,ATM,2024-07-12,2026-07-10,95,20.0,544,75.368,8.0,3.0,26.0,179.5,0.65702,40.0,-0.98211,False
TSLA,put,mid,Fri-0DTE,10:00,ATM,2024-07-12,2026-07-10,95,25.0,544,73.162,9.5,5.0,33.75,176.0,0.65702,40.0,-0.98211,False
TSLA,put,mid,Fri-0DTE,10:00,ATM,2024-07-12,2026-07-10,95,30.0,544,69.669,13.0,6.0,39.5,185.0,0.65702,40.0,-0.98211,False
TSLA,put,mid,Fri-0DTE,10:00,ATM,2024-07-12,2026-07-10,95,40.0,544,62.5,20.0,8.0,53.0,200.5,0.65702,40.0,-0.98211,False
TSLA,put,mid,Fri-0DTE,10:00,ATM,2024-07-12,2026-07-10,95,50.0,544,57.353,27.0,11.0,71.0,226.0,0.65702,40.0,-0.98211,False
TSLA,put,mid,Fri-0DTE,10:00,ATM,2024-07-12,2026-07-10,95,60.0,544,52.022,31.0,12.0,85.0,285.0,0.65702,40.0,-0.98211,False
TSLA,put,mid,Fri-0DTE,10:00,ATM,2024-07-12,2026-07-10,95,70.0,544,48.346,34.0,17.0,94.5,298.0,0.65702,40.0,-0.98211,False
TSLA,put,mid,Fri-0DTE,10:00,ATM,2024-07-12,2026-07-10,95,75.0,544,45.588,36.5,17.0,105.0,305.5,0.65702,40.0,-0.98211,False
TSLA,put,mid,Fri-0DTE,10:00,ATM,2024-07-12,2026-07-10,95,80.0,544,43.75,39.0,17.0,113.0,312.5,0.65702,40.0,-0.98211,False
TSLA,put,mid,Fri-0DTE,10:00,ATM,2024-07-12,2026-07-10,95,90.0,544,40.993,52.0,20.0,137.5,324.0,0.65702,40.0,-0.98211,False
TSLA,put,mid,Fri-0DTE,10:00,ATM,2024-07-12,2026-07-10,95,100.0,544,38.419,60.0,23.0,155.0,321.0,0.65702,40.0,-0.98211,False
TSLA,put,market,Fri-0DTE,10:00,ATM,2024-07-12,2026-07-10,95,20.0,544,73.162,9.0,4.0,32.5,176.5,0.60179,40.0,-1.0,False
TSLA,put,market,Fri-0DTE,10:00,ATM,2024-07-12,2026-07-10,95,25.0,544,70.037,13.0,5.0,40.0,185.0,0.60179,40.0,-1.0,False
TSLA,put,market,Fri-0DTE,10:00,ATM,2024-07-12,2026-07-10,95,30.0,544,66.176,15.0,6.0,46.0,192.0,0.60179,40.0,-1.0,False
TSLA,put,market,Fri-0DTE,10:00,ATM,2024-07-12,2026-07-10,95,40.0,544,59.926,23.0,10.0,60.5,212.0,0.60179,40.0,-1.0,False
TSLA,put,market,Fri-0DTE,10:00,ATM,2024-07-12,2026-07-10,95,50.0,544,54.228,29.0,11.0,78.5,272.0,0.60179,40.0,-1.0,False
TSLA,put,market,Fri-0DTE,10:00,ATM,2024-07-12,2026-07-10,95,60.0,544,50.184,31.0,14.0,88.0,299.0,0.60179,40.0,-1.0,False
TSLA,put,market,Fri-0DTE,10:00,ATM,2024-07-12,2026-07-10,95,70.0,544,45.404,37.0,17.0,106.0,306.0,0.60179,40.0,-1.0,False
TSLA,put,market,Fri-0DTE,10:00,ATM,2024-07-12,2026-07-10,95,75.0,544,43.934,41.0,17.5,112.5,307.0,0.60179,40.0,-1.0,False
TSLA,put,market,Fri-0DTE,10:00,ATM,2024-07-12,2026-07-10,95,80.0,544,41.912,48.0,19.75,123.5,325.5,0.60179,40.0,-1.0,False
TSLA,put,market,Fri-0DTE,10:00,ATM,2024-07-12,2026-07-10,95,90.0,544,38.971,56.5,22.0,147.75,322.5,0.60179,40.0,-1.0,False
TSLA,put,market,Fri-0DTE,10:00,ATM,2024-07-12,2026-07-10,95,100.0,544,35.662,61.0,24.25,158.75,327.0,0.60179,40.0,-1.0,False
TSLA,put,mid,Fri-0DTE,10:30,OTM1,2024-07-12,2026-07-10,88,20.0,470,67.872,11.0,4.0,34.5,121.0,0.58712,36.5,-0.97391,False
TSLA,put,mid,Fri-0DTE,10:30,OTM1,2024-07-12,2026-07-10,88,25.0,470,65.532,14.0,5.0,46.25,126.5,0.58712,36.5,-0.97391,False
TSLA,put,mid,Fri-0DTE,10:30,OTM1,2024-07-12,2026-07-10,88,30.0,470,63.191,17.0,6.0,52.0,128.0,0.58712,36.5,-0.97391,False
TSLA,put,mid,Fri-0DTE,10:30,OTM1,2024-07-12,2026-07-10,88,40.0,470,58.511,23.0,9.0,62.0,135.0,0.58712,36.5,-0.97391,False
TSLA,put,mid,Fri-0DTE,10:30,OTM1,2024-07-12,2026-07-10,88,50.0,470,55.106,32.0,13.0,73.0,154.0,0.58712,36.5,-0.97391,False
TSLA,put,mid,Fri-0DTE,10:30,OTM1,2024-07-12,2026-07-10,88,60.0,470,48.936,39.0,17.0,87.0,200.0,0.58712,36.5,-0.97391,False
TSLA,put,mid,Fri-0DTE,10:30,OTM1,2024-07-12,2026-07-10,88,70.0,470,44.681,50.0,20.25,107.0,203.0,0.58712,36.5,-0.97391,False
TSLA,put,mid,Fri-0DTE,10:30,OTM1,2024-07-12,2026-07-10,88,75.0,470,42.766,54.0,23.0,116.0,210.0,0.58712,36.5,-0.97391,False
TSLA,put,mid,Fri-0DTE,10:30,OTM1,2024-07-12,2026-07-10,88,80.0,470,41.277,56.5,26.0,120.75,214.5,0.58712,36.5,-0.97391,False
TSLA,put,mid,Fri-0DTE,10:30,OTM1,2024-07-12,2026-07-10,88,90.0,470,38.936,64.0,27.5,127.0,219.0,0.58712,36.5,-0.97391,False
TSLA,put,mid,Fri-0DTE,10:30,OTM1,2024-07-12,2026-07-10,88,100.0,470,36.596,66.5,29.75,130.75,239.0,0.58712,36.5,-0.97391,False
TSLA,put,market,Fri-0DTE,10:30,OTM1,2024-07-12,2026-07-10,88,20.0,470,63.191,16.0,5.0,48.0,129.0,0.48395,36.5,-1.0,False
TSLA,put,market,Fri-0DTE,10:30,OTM1,2024-07-12,2026-07-10,88,25.0,470,61.277,20.0,8.0,56.25,135.0,0.48395,36.5,-1.0,False
TSLA,put,market,Fri-0DTE,10:30,OTM1,2024-07-12,2026-07-10,88,30.0,470,58.511,23.0,8.5,61.5,134.0,0.48395,36.5,-1.0,False
TSLA,put,market,Fri-0DTE,10:30,OTM1,2024-07-12,2026-07-10,88,40.0,470,54.468,29.0,12.0,73.0,155.5,0.48395,36.5,-1.0,False
TSLA,put,market,Fri-0DTE,10:30,OTM1,2024-07-12,2026-07-10,88,50.0,470,49.362,40.0,17.75,87.25,204.0,0.48395,36.5,-1.0,False
TSLA,put,market,Fri-0DTE,10:30,OTM1,2024-07-12,2026-07-10,88,60.0,470,44.255,50.0,20.0,105.5,205.0,0.48395,36.5,-1.0,False
TSLA,put,market,Fri-0DTE,10:30,OTM1,2024-07-12,2026-07-10,88,70.0,470,41.915,56.0,25.0,121.0,210.0,0.48395,36.5,-1.0,False
TSLA,put,market,Fri-0DTE,10:30,OTM1,2024-07-12,2026-07-10,88,75.0,470,40.0,60.0,26.0,121.5,217.0,0.48395,36.5,-1.0,False
TSLA,put,market,Fri-0DTE,10:30,OTM1,2024-07-12,2026-07-10,88,80.0,470,38.936,65.0,27.0,130.5,232.0,0.48395,36.5,-1.0,False
TSLA,put,market,Fri-0DTE,10:30,OTM1,2024-07-12,2026-07-10,88,90.0,470,37.021,66.5,31.25,129.25,232.5,0.48395,36.5,-1.0,False
TSLA,put,market,Fri-0DTE,10:30,OTM1,2024-07-12,2026-07-10,88,100.0,470,34.255,71.0,34.0,140.0,259.0,0.48395,36.5,-1.0,False
TSLA,put,mid,Fri-0DTE,11:00,OTM1,2024-07-12,2026-07-10,88,20.0,481,67.152,12.0,5.0,30.0,142.0,0.50476,29.0,-0.96386,False
TSLA,put,mid,Fri-0DTE,11:00,OTM1,2024-07-12,2026-07-10,88,25.0,481,62.994,15.0,6.0,36.5,160.0,0.50476,29.0,-0.96386,False
TSLA,put,mid,Fri-0DTE,11:00,OTM1,2024-07-12,2026-07-10,88,30.0,481,59.875,17.0,7.0,43.0,167.0,0.50476,29.0,-0.96386,False
TSLA,put,mid,Fri-0DTE,11:00,OTM1,2024-07-12,2026-07-10,88,40.0,481,55.509,21.0,10.0,50.5,177.0,0.50476,29.0,-0.96386,False
TSLA,put,mid,Fri-0DTE,11:00,OTM1,2024-07-12,2026-07-10,88,50.0,481,50.312,27.0,13.0,69.75,206.5,0.50476,29.0,-0.96386,False
TSLA,put,mid,Fri-0DTE,11:00,OTM1,2024-07-12,2026-07-10,88,60.0,481,46.985,37.5,16.0,100.5,213.0,0.50476,29.0,-0.96386,False
TSLA,put,mid,Fri-0DTE,11:00,OTM1,2024-07-12,2026-07-10,88,70.0,481,44.699,42.0,20.0,103.0,221.0,0.50476,29.0,-0.96386,False
TSLA,put,mid,Fri-0DTE,11:00,OTM1,2024-07-12,2026-07-10,88,75.0,481,43.659,43.0,20.0,103.0,220.0,0.50476,29.0,-0.96386,False
TSLA,put,mid,Fri-0DTE,11:00,OTM1,2024-07-12,2026-07-10,88,80.0,481,40.748,45.0,21.0,110.25,227.5,0.50476,29.0,-0.96386,False
TSLA,put,mid,Fri-0DTE,11:00,OTM1,2024-07-12,2026-07-10,88,90.0,481,38.254,52.5,25.75,111.5,237.5,0.50476,29.0,-0.96386,False
TSLA,put,mid,Fri-0DTE,11:00,OTM1,2024-07-12,2026-07-10,88,100.0,481,37.214,57.0,26.5,117.0,242.0,0.50476,29.0,-0.96386,False
TSLA,put,market,Fri-0DTE,11:00,OTM1,2024-07-12,2026-07-10,88,20.0,481,60.499,18.0,7.5,44.5,169.0,0.39091,29.0,-1.0,False
TSLA,put,market,Fri-0DTE,11:00,OTM1,2024-07-12,2026-07-10,88,25.0,481,58.212,20.0,9.0,48.25,169.5,0.39091,29.0,-1.0,False
TSLA,put,market,Fri-0DTE,11:00,OTM1,2024-07-12,2026-07-10,88,30.0,481,55.301,20.5,10.0,54.75,184.5,0.39091,29.0,-1.0,False
TSLA,put,market,Fri-0DTE,11:00,OTM1,2024-07-12,2026-07-10,88,40.0,481,49.48,28.0,14.0,70.5,215.0,0.39091,29.0,-1.0,False
TSLA,put,market,Fri-0DTE,11:00,OTM1,2024-07-12,2026-07-10,88,50.0,481,45.946,37.0,16.0,103.0,225.0,0.39091,29.0,-1.0,False
TSLA,put,market,Fri-0DTE,11:00,OTM1,2024-07-12,2026-07-10,88,60.0,481,42.204,44.0,21.0,108.5,234.0,0.39091,29.0,-1.0,False
TSLA,put,market,Fri-0DTE,11:00,OTM1,2024-07-12,2026-07-10,88,70.0,481,39.501,48.5,22.25,111.0,233.0,0.39091,29.0,-1.0,False
TSLA,put,market,Fri-0DTE,11:00,OTM1,2024-07-12,2026-07-10,88,75.0,481,38.046,53.0,24.0,111.0,242.0,0.39091,29.0,-1.0,False
TSLA,put,market,Fri-0DTE,11:00,OTM1,2024-07-12,2026-07-10,88,80.0,481,37.838,57.0,26.25,115.75,240.5,0.39091,29.0,-1.0,False
TSLA,put,market,Fri-0DTE,11:00,OTM1,2024-07-12,2026-07-10,88,90.0,481,35.135,61.0,27.0,124.0,255.0,0.39091,29.0,-1.0,False
TSLA,put,market,Fri-0DTE,11:00,OTM1,2024-07-12,2026-07-10,88,100.0,481,33.68,64.5,30.25,129.0,256.5,0.39091,29.0,-1.0,False
TSLA,call,mid,Fri-0DTE,12:00,ATM,2024-07-19,2026-07-10,79,20.0,426,76.056,13.0,6.0,33.5,185.0,0.68509,69.5,-0.8995,False
TSLA,call,mid,Fri-0DTE,12:00,ATM,2024-07-19,2026-07-10,79,25.0,426,74.413,17.0,8.0,44.0,184.0,0.68509,69.5,-0.8995,False
TSLA,call,mid,Fri-0DTE,12:00,ATM,2024-07-19,2026-07-10,79,30.0,426,70.188,23.0,10.0,51.0,188.0,0.68509,69.5,-0.8995,False
TSLA,call,mid,Fri-0DTE,12:00,ATM,2024-07-19,2026-07-10,79,40.0,426,64.789,33.0,16.0,71.0,209.0,0.68509,69.5,-0.8995,False
TSLA,call,mid,Fri-0DTE,12:00,ATM,2024-07-19,2026-07-10,79,50.0,426,59.39,42.0,19.0,77.0,214.0,0.68509,69.5,-0.8995,False
TSLA,call,mid,Fri-0DTE,12:00,ATM,2024-07-19,2026-07-10,79,60.0,426,53.991,48.5,22.0,80.75,214.0,0.68509,69.5,-0.8995,False
TSLA,call,mid,Fri-0DTE,12:00,ATM,2024-07-19,2026-07-10,79,70.0,426,49.531,52.0,25.0,81.0,214.0,0.68509,69.5,-0.8995,False
TSLA,call,mid,Fri-0DTE,12:00,ATM,2024-07-19,2026-07-10,79,75.0,426,48.826,55.5,28.0,86.5,214.0,0.68509,69.5,-0.8995,False
TSLA,call,mid,Fri-0DTE,12:00,ATM,2024-07-19,2026-07-10,79,80.0,426,47.183,57.0,29.0,88.0,214.0,0.68509,69.5,-0.8995,False
TSLA,call,mid,Fri-0DTE,12:00,ATM,2024-07-19,2026-07-10,79,90.0,426,44.836,62.0,33.5,92.0,214.0,0.68509,69.5,-0.8995,False
TSLA,call,mid,Fri-0DTE,12:00,ATM,2024-07-19,2026-07-10,79,100.0,426,40.845,66.0,35.25,92.0,218.0,0.68509,69.5,-0.8995,False
TSLA,call,market,Fri-0DTE,12:00,ATM,2024-07-19,2026-07-10,79,20.0,426,73.709,19.0,8.0,46.75,184.5,0.6149,69.5,-0.9261,False
TSLA,call,market,Fri-0DTE,12:00,ATM,2024-07-19,2026-07-10,79,25.0,426,69.249,26.0,11.0,56.0,194.0,0.6149,69.5,-0.9261,False
TSLA,call,market,Fri-0DTE,12:00,ATM,2024-07-19,2026-07-10,79,30.0,426,66.667,30.0,15.0,67.25,204.0,0.6149,69.5,-0.9261,False
TSLA,call,market,Fri-0DTE,12:00,ATM,2024-07-19,2026-07-10,79,40.0,426,61.033,39.0,18.0,77.0,214.0,0.6149,69.5,-0.9261,False
TSLA,call,market,Fri-0DTE,12:00,ATM,2024-07-19,2026-07-10,79,50.0,426,55.634,48.0,22.0,80.0,214.0,0.6149,69.5,-0.9261,False
TSLA,call,market,Fri-0DTE,12:00,ATM,2024-07-19,2026-07-10,79,60.0,426,50.704,52.5,23.75,82.25,214.0,0.6149,69.5,-0.9261,False
TSLA,call,market,Fri-0DTE,12:00,ATM,2024-07-19,2026-07-10,79,70.0,426,47.418,56.0,28.25,86.5,214.0,0.6149,69.5,-0.9261,False
TSLA,call,market,Fri-0DTE,12:00,ATM,2024-07-19,2026-07-10,79,75.0,426,46.714,59.0,30.5,88.0,214.0,0.6149,69.5,-0.9261,False
TSLA,call,market,Fri-0DTE,12:00,ATM,2024-07-19,2026-07-10,79,80.0,426,45.775,61.0,32.0,92.0,214.0,0.6149,69.5,-0.9261,False
TSLA,call,market,Fri-0DTE,12:00,ATM,2024-07-19,2026-07-10,79,90.0,426,41.549,64.0,35.0,92.0,218.0,0.6149,69.5,-0.9261,False
TSLA,call,market,Fri-0DTE,12:00,ATM,2024-07-19,2026-07-10,79,100.0,426,38.028,66.5,37.25,94.75,215.0,0.6149,69.5,-0.9261,False
TSLA,call,mid,Fri-0DTE,12:30,ATM,2024-07-19,2026-07-10,74,20.0,421,78.385,13.0,5.0,31.75,176.5,0.78322,58.0,-0.872,False
TSLA,call,mid,Fri-0DTE,12:30,ATM,2024-07-19,2026-07-10,74,25.0,421,74.584,15.0,7.0,36.75,178.0,0.78322,58.0,-0.872,False
TSLA,call,mid,Fri-0DTE,12:30,ATM,2024-07-19,2026-07-10,74,30.0,421,71.496,20.0,9.0,43.0,180.0,0.78322,58.0,-0.872,False
TSLA,call,mid,Fri-0DTE,12:30,ATM,2024-07-19,2026-07-10,74,40.0,421,67.221,28.0,14.0,51.5,181.0,0.78322,58.0,-0.872,False
TSLA,call,mid,Fri-0DTE,12:30,ATM,2024-07-19,2026-07-10,74,50.0,421,61.52,32.0,17.0,62.5,184.0,0.78322,58.0,-0.872,False
TSLA,call,mid,Fri-0DTE,12:30,ATM,2024-07-19,2026-07-10,74,60.0,421,57.245,34.0,19.0,64.0,184.0,0.78322,58.0,-0.872,False
TSLA,call,mid,Fri-0DTE,12:30,ATM,2024-07-19,2026-07-10,74,70.0,421,54.394,40.0,22.0,68.0,184.0,0.78322,58.0,-0.872,False
TSLA,call,mid,Fri-0DTE,12:30,ATM,2024-07-19,2026-07-10,74,75.0,421,51.306,41.0,23.0,66.5,184.0,0.78322,58.0,-0.872,False
TSLA,call,mid,Fri-0DTE,12:30,ATM,2024-07-19,2026-07-10,74,80.0,421,48.694,42.0,26.0,71.0,184.0,0.78322,58.0,-0.872,False
TSLA,call,mid,Fri-0DTE,12:30,ATM,2024-07-19,2026-07-10,74,90.0,421,44.893,45.0,28.0,73.0,183.0,0.78322,58.0,-0.872,False
TSLA,call,mid,Fri-0DTE,12:30,ATM,2024-07-19,2026-07-10,74,100.0,421,40.38,50.0,31.0,74.0,183.0,0.78322,58.0,-0.872,False
TSLA,call,market,Fri-0DTE,12:30,ATM,2024-07-19,2026-07-10,74,20.0,421,74.109,16.5,7.0,37.0,179.0,0.67647,58.0,-0.91549,False
TSLA,call,market,Fri-0DTE,12:30,ATM,2024-07-19,2026-07-10,74,25.0,421,71.259,20.5,10.0,44.0,180.0,0.67647,58.0,-0.91549,False
TSLA,call,market,Fri-0DTE,12:30,ATM,2024-07-19,2026-07-10,74,30.0,421,67.696,25.0,12.0,48.0,184.0,0.67647,58.0,-0.91549,False
TSLA,call,market,Fri-0DTE,12:30,ATM,2024-07-19,2026-07-10,74,40.0,421,62.233,31.0,16.0,58.75,184.0,0.67647,58.0,-0.91549,False
TSLA,call,market,Fri-0DTE,12:30,ATM,2024-07-19,2026-07-10,74,50.0,421,58.67,37.0,19.5,64.5,184.0,0.67647,58.0,-0.91549,False
TSLA,call,market,Fri-0DTE,12:30,ATM,2024-07-19,2026-07-10,74,60.0,421,55.582,40.5,22.0,68.75,182.0,0.67647,58.0,-0.91549,False
TSLA,call,market,Fri-0DTE,12:30,ATM,2024-07-19,2026-07-10,74,70.0,421,48.694,43.0,25.0,69.0,184.0,0.67647,58.0,-0.91549,False
TSLA,call,market,Fri-0DTE,12:30,ATM,2024-07-19,2026-07-10,74,75.0,421,47.268,44.0,26.0,70.0,184.0,0.67647,58.0,-0.91549,False
TSLA,call,market,Fri-0DTE,12:30,ATM,2024-07-19,2026-07-10,74,80.0,421,44.893,45.0,30.0,72.0,184.0,0.67647,58.0,-0.91549,False
TSLA,call,market,Fri-0DTE,12:30,ATM,2024-07-19,2026-07-10,74,90.0,421,41.33,50.0,31.0,74.0,183.0,0.67647,58.0,-0.91549,False
TSLA,call,market,Fri-0DTE,12:30,ATM,2024-07-19,2026-07-10,74,100.0,421,37.292,53.0,31.0,76.0,184.0,0.67647,58.0,-0.91549,False
TSLA,call,mid,Fri-0DTE,13:00,ATM,2024-07-19,2026-07-10,74,20.0,415,78.554,10.0,4.0,24.75,143.0,0.62791,43.0,-0.9,False
TSLA,call,mid,Fri-0DTE,13:00,ATM,2024-07-19,2026-07-10,74,25.0,415,75.904,13.0,5.0,28.0,143.0,0.62791,43.0,-0.9,False
TSLA,call,mid,Fri-0DTE,13:00,ATM,2024-07-19,2026-07-10,74,30.0,415,72.048,15.0,7.0,32.5,144.0,0.62791,43.0,-0.9,False
TSLA,call,mid,Fri-0DTE,13:00,ATM,2024-07-19,2026-07-10,74,40.0,415,62.169,21.0,10.25,43.0,154.0,0.62791,43.0,-0.9,False
TSLA,call,mid,Fri-0DTE,13:00,ATM,2024-07-19,2026-07-10,74,50.0,415,57.831,24.0,13.0,51.0,154.0,0.62791,43.0,-0.9,False
TSLA,call,mid,Fri-0DTE,13:00,ATM,2024-07-19,2026-07-10,74,60.0,415,52.048,28.0,15.0,63.0,154.0,0.62791,43.0,-0.9,False
TSLA,call,mid,Fri-0DTE,13:00,ATM,2024-07-19,2026-07-10,74,70.0,415,46.988,31.0,19.0,71.0,154.0,0.62791,43.0,-0.9,False
TSLA,call,mid,Fri-0DTE,13:00,ATM,2024-07-19,2026-07-10,74,75.0,415,45.301,35.0,21.0,73.0,154.0,0.62791,43.0,-0.9,False
TSLA,call,mid,Fri-0DTE,13:00,ATM,2024-07-19,2026-07-10,74,80.0,415,43.855,36.0,21.25,90.25,154.0,0.62791,43.0,-0.9,False
TSLA,call,mid,Fri-0DTE,13:00,ATM,2024-07-19,2026-07-10,74,90.0,415,38.072,40.0,25.0,96.0,154.0,0.62791,43.0,-0.9,False
TSLA,call,mid,Fri-0DTE,13:00,ATM,2024-07-19,2026-07-10,74,100.0,415,34.217,42.5,26.25,101.75,159.0,0.62791,43.0,-0.9,False
TSLA,call,market,Fri-0DTE,13:00,ATM,2024-07-19,2026-07-10,74,20.0,415,72.289,14.0,7.0,30.0,145.0,0.53333,43.0,-0.96689,False
TSLA,call,market,Fri-0DTE,13:00,ATM,2024-07-19,2026-07-10,74,25.0,415,68.434,16.0,7.0,35.0,149.0,0.53333,43.0,-0.96689,False
TSLA,call,market,Fri-0DTE,13:00,ATM,2024-07-19,2026-07-10,74,30.0,415,62.892,19.0,10.0,37.0,154.0,0.53333,43.0,-0.96689,False
TSLA,call,market,Fri-0DTE,13:00,ATM,2024-07-19,2026-07-10,74,40.0,415,57.831,22.5,12.0,46.5,154.0,0.53333,43.0,-0.96689,False
TSLA,call,market,Fri-0DTE,13:00,ATM,2024-07-19,2026-07-10,74,50.0,415,52.289,28.0,15.0,60.0,154.0,0.53333,43.0,-0.96689,False
TSLA,call,market,Fri-0DTE,13:00,ATM,2024-07-19,2026-07-10,74,60.0,415,46.988,30.0,18.0,65.0,154.0,0.53333,43.0,-0.96689,False
TSLA,call,market,Fri-0DTE,13:00,ATM,2024-07-19,2026-07-10,74,70.0,415,44.337,36.5,21.75,89.0,154.0,0.53333,43.0,-0.96689,False
TSLA,call,market,Fri-0DTE,13:00,ATM,2024-07-19,2026-07-10,74,75.0,415,41.205,38.0,23.0,99.0,154.0,0.53333,43.0,-0.96689,False
TSLA,call,market,Fri-0DTE,13:00,ATM,2024-07-19,2026-07-10,74,80.0,415,38.795,39.0,24.0,93.0,154.0,0.53333,43.0,-0.96689,False
TSLA,call,market,Fri-0DTE,13:00,ATM,2024-07-19,2026-07-10,74,90.0,415,34.699,42.0,27.0,99.25,159.0,0.53333,43.0,-0.96689,False
TSLA,call,market,Fri-0DTE,13:00,ATM,2024-07-19,2026-07-10,74,100.0,415,32.53,49.0,30.0,110.5,159.0,0.53333,43.0,-0.96689,False
TSLA,call,mid,Fri-0DTE,10:30,ATM,2024-07-19,2026-07-10,89,20.0,492,82.52,12.0,5.0,34.0,290.0,0.83551,87.5,-0.83912,False
TSLA,call,mid,Fri-0DTE,10:30,ATM,2024-07-19,2026-07-10,89,25.0,492,77.642,13.0,6.0,40.0,289.5,0.83551,87.5,-0.83912,False
TSLA,call,mid,Fri-0DTE,10:30,ATM,2024-07-19,2026-07-10,89,30.0,492,75.407,18.0,8.0,50.0,288.0,0.83551,87.5,-0.83912,False
TSLA,call,mid,Fri-0DTE,10:30,ATM,2024-07-19,2026-07-10,89,40.0,492,69.512,25.5,11.0,73.25,288.0,0.83551,87.5,-0.83912,False
TSLA,call,mid,Fri-0DTE,10:30,ATM,2024-07-19,2026-07-10,89,50.0,492,63.618,35.0,14.0,91.0,286.0,0.83551,87.5,-0.83912,False
TSLA,call,mid,Fri-0DTE,10:30,ATM,2024-07-19,2026-07-10,89,60.0,492,58.74,39.0,18.0,109.0,285.0,0.83551,87.5,-0.83912,False
TSLA,call,mid,Fri-0DTE,10:30,ATM,2024-07-19,2026-07-10,89,70.0,492,54.472,46.0,24.0,123.5,286.5,0.83551,87.5,-0.83912,False
TSLA,call,mid,Fri-0DTE,10:30,ATM,2024-07-19,2026-07-10,89,75.0,492,53.252,50.5,26.0,134.5,282.5,0.83551,87.5,-0.83912,False
TSLA,call,mid,Fri-0DTE,10:30,ATM,2024-07-19,2026-07-10,89,80.0,492,51.626,53.5,28.0,134.5,278.5,0.83551,87.5,-0.83912,False
TSLA,call,mid,Fri-0DTE,10:30,ATM,2024-07-19,2026-07-10,89,90.0,492,47.154,62.5,32.0,137.25,267.5,0.83551,87.5,-0.83912,False
TSLA,call,mid,Fri-0DTE,10:30,ATM,2024-07-19,2026-07-10,89,100.0,492,43.089,70.5,37.0,141.0,274.0,0.83551,87.5,-0.83912,False
TSLA,call,market,Fri-0DTE,10:30,ATM,2024-07-19,2026-07-10,89,20.0,492,77.439,14.0,7.0,41.0,292.0,0.77137,87.5,-0.86188,False
TSLA,call,market,Fri-0DTE,10:30,ATM,2024-07-19,2026-07-10,89,25.0,492,75.61,18.0,8.0,49.0,288.5,0.77137,87.5,-0.86188,False
TSLA,call,market,Fri-0DTE,10:30,ATM,2024-07-19,2026-07-10,89,30.0,492,72.358,23.0,10.0,63.25,289.0,0.77137,87.5,-0.86188,False
TSLA,call,market,Fri-0DTE,10:30,ATM,2024-07-19,2026-07-10,89,40.0,492,66.667,29.5,13.0,86.0,287.5,0.77137,87.5,-0.86188,False
TSLA,call,market,Fri-0DTE,10:30,ATM,2024-07-19,2026-07-10,89,50.0,492,61.585,38.0,17.0,101.0,284.0,0.77137,87.5,-0.86188,False
TSLA,call,market,Fri-0DTE,10:30,ATM,2024-07-19,2026-07-10,89,60.0,492,56.301,43.0,22.0,121.0,287.0,0.77137,87.5,-0.86188,False
TSLA,call,market,Fri-0DTE,10:30,ATM,2024-07-19,2026-07-10,89,70.0,492,52.846,50.0,26.0,133.0,282.0,0.77137,87.5,-0.86188,False
TSLA,call,market,Fri-0DTE,10:30,ATM,2024-07-19,2026-07-10,89,75.0,492,51.22,55.5,28.75,135.25,280.0,0.77137,87.5,-0.86188,False
TSLA,call,market,Fri-0DTE,10:30,ATM,2024-07-19,2026-07-10,89,80.0,492,48.984,63.0,31.0,137.0,277.0,0.77137,87.5,-0.86188,False
TSLA,call,market,Fri-0DTE,10:30,ATM,2024-07-19,2026-07-10,89,90.0,492,44.309,67.5,35.25,137.75,274.0,0.77137,87.5,-0.86188,False
TSLA,call,market,Fri-0DTE,10:30,ATM,2024-07-19,2026-07-10,89,100.0,492,40.854,76.0,39.0,145.0,274.0,0.77137,87.5,-0.86188,False
TSLA,call,mid,Fri-0DTE,11:30,ATM,2024-07-19,2026-07-10,81,20.0,440,70.682,13.0,5.0,47.5,236.0,0.64829,75.5,-0.92018,False
TSLA,call,mid,Fri-0DTE,11:30,ATM,2024-07-19,2026-07-10,81,25.0,440,67.727,17.5,7.0,52.5,240.0,0.64829,75.5,-0.92018,False
TSLA,call,mid,Fri-0DTE,11:30,ATM,2024-07-19,2026-07-10,81,30.0,440,65.455,26.0,8.75,66.0,238.5,0.64829,75.5,-0.92018,False
TSLA,call,mid,Fri-0DTE,11:30,ATM,2024-07-19,2026-07-10,81,40.0,440,59.773,40.0,15.5,80.0,240.0,0.64829,75.5,-0.92018,False
TSLA,call,mid,Fri-0DTE,11:30,ATM,2024-07-19,2026-07-10,81,50.0,440,54.545,48.0,21.0,88.0,240.5,0.64829,75.5,-0.92018,False
TSLA,call,mid,Fri-0DTE,11:30,ATM,2024-07-19,2026-07-10,81,60.0,440,51.136,54.0,28.0,96.0,234.0,0.64829,75.5,-0.92018,False
TSLA,call,mid,Fri-0DTE,11:30,ATM,2024-07-19,2026-07-10,81,70.0,440,48.409,62.0,36.0,104.0,227.0,0.64829,75.5,-0.92018,False
TSLA,call,mid,Fri-0DTE,11:30,ATM,2024-07-19,2026-07-10,81,75.0,440,47.045,67.0,37.5,103.5,214.0,0.64829,75.5,-0.92018,False
TSLA,call,mid,Fri-0DTE,11:30,ATM,2024-07-19,2026-07-10,81,80.0,440,45.227,71.0,38.0,109.0,217.0,0.64829,75.5,-0.92018,False
TSLA,call,mid,Fri-0DTE,11:30,ATM,2024-07-19,2026-07-10,81,90.0,440,42.045,72.0,42.0,110.0,213.0,0.64829,75.5,-0.92018,False
TSLA,call,mid,Fri-0DTE,11:30,ATM,2024-07-19,2026-07-10,81,100.0,440,40.682,75.0,45.0,113.0,198.0,0.64829,75.5,-0.92018,False
TSLA,call,market,Fri-0DTE,11:30,ATM,2024-07-19,2026-07-10,81,20.0,440,67.273,21.0,7.0,55.0,239.5,0.59126,75.5,-0.94658,False
TSLA,call,market,Fri-0DTE,11:30,ATM,2024-07-19,2026-07-10,81,25.0,440,65.682,26.0,9.0,67.0,238.0,0.59126,75.5,-0.94658,False
TSLA,call,market,Fri-0DTE,11:30,ATM,2024-07-19,2026-07-10,81,30.0,440,61.818,32.0,11.75,75.25,240.5,0.59126,75.5,-0.94658,False
TSLA,call,market,Fri-0DTE,11:30,ATM,2024-07-19,2026-07-10,81,40.0,440,55.455,43.0,18.0,82.25,242.0,0.59126,75.5,-0.94658,False
TSLA,call,market,Fri-0DTE,11:30,ATM,2024-07-19,2026-07-10,81,50.0,440,52.045,52.0,26.0,94.0,240.0,0.59126,75.5,-0.94658,False
TSLA,call,market,Fri-0DTE,11:30,ATM,2024-07-19,2026-07-10,81,60.0,440,49.545,58.0,32.25,100.75,237.5,0.59126,75.5,-0.94658,False
TSLA,call,market,Fri-0DTE,11:30,ATM,2024-07-19,2026-07-10,81,70.0,440,46.591,68.0,39.0,103.0,214.0,0.59126,75.5,-0.94658,False
TSLA,call,market,Fri-0DTE,11:30,ATM,2024-07-19,2026-07-10,81,75.0,440,45.227,73.0,39.5,108.5,214.0,0.59126,75.5,-0.94658,False
TSLA,call,market,Fri-0DTE,11:30,ATM,2024-07-19,2026-07-10,81,80.0,440,43.182,72.0,38.25,110.75,212.5,0.59126,75.5,-0.94658,False
TSLA,call,market,Fri-0DTE,11:30,ATM,2024-07-19,2026-07-10,81,90.0,440,41.591,74.0,45.0,114.0,204.0,0.59126,75.5,-0.94658,False
TSLA,call,market,Fri-0DTE,11:30,ATM,2024-07-19,2026-07-10,81,100.0,440,38.182,74.5,47.0,112.25,200.0,0.59126,75.5,-0.94658,False
TSLA,call,mid,Fri-0DTE,12:00,OTM1,2024-07-19,2026-07-10,74,20.0,400,73.0,11.0,5.0,34.25,152.0,0.76496,57.5,-0.9458,False
TSLA,call,mid,Fri-0DTE,12:00,OTM1,2024-07-19,2026-07-10,74,25.0,400,69.75,15.0,6.0,42.0,158.0,0.76496,57.5,-0.9458,False
TSLA,call,mid,Fri-0DTE,12:00,OTM1,2024-07-19,2026-07-10,74,30.0,400,68.5,18.0,7.25,45.75,154.5,0.76496,57.5,-0.9458,False
TSLA,call,mid,Fri-0DTE,12:00,OTM1,2024-07-19,2026-07-10,74,40.0,400,60.5,23.0,9.25,53.75,174.0,0.76496,57.5,-0.9458,False
TSLA,call,mid,Fri-0DTE,12:00,OTM1,2024-07-19,2026-07-10,74,50.0,400,57.0,30.5,13.75,66.0,173.5,0.76496,57.5,-0.9458,False
TSLA,call,mid,Fri-0DTE,12:00,OTM1,2024-07-19,2026-07-10,74,60.0,400,53.25,38.0,19.0,71.0,174.0,0.76496,57.5,-0.9458,False
TSLA,call,mid,Fri-0DTE,12:00,OTM1,2024-07-19,2026-07-10,74,70.0,400,52.0,46.5,22.0,77.25,170.0,0.76496,57.5,-0.9458,False
TSLA,call,mid,Fri-0DTE,12:00,OTM1,2024-07-19,2026-07-10,74,75.0,400,51.0,49.0,23.0,78.25,171.5,0.76496,57.5,-0.9458,False
TSLA,call,mid,Fri-0DTE,12:00,OTM1,2024-07-19,2026-07-10,74,80.0,400,49.0,50.5,24.0,79.5,177.0,0.76496,57.5,-0.9458,False
TSLA,call,mid,Fri-0DTE,12:00,OTM1,2024-07-19,2026-07-10,74,90.0,400,46.75,55.0,28.0,82.0,176.0,0.76496,57.5,-0.9458,False
TSLA,call,mid,Fri-0DTE,12:00,OTM1,2024-07-19,2026-07-10,74,100.0,400,44.75,57.0,31.0,85.0,180.0,0.76496,57.5,-0.9458,False
TSLA,call,market,Fri-0DTE,12:00,OTM1,2024-07-19,2026-07-10,74,20.0,400,65.0,23.0,8.0,56.25,160.0,0.64126,57.5,-1.0,False
TSLA,call,market,Fri-0DTE,12:00,OTM1,2024-07-19,2026-07-10,74,25.0,400,62.5,28.0,10.0,59.75,162.0,0.64126,57.5,-1.0,False
TSLA,call,market,Fri-0DTE,12:00,OTM1,2024-07-19,2026-07-10,74,30.0,400,59.25,32.0,12.0,68.0,168.0,0.64126,57.5,-1.0,False
TSLA,call,market,Fri-0DTE,12:00,OTM1,2024-07-19,2026-07-10,74,40.0,400,55.75,36.0,17.0,74.0,171.0,0.64126,57.5,-1.0,False
TSLA,call,market,Fri-0DTE,12:00,OTM1,2024-07-19,2026-07-10,74,50.0,400,53.5,46.0,20.0,76.75,168.0,0.64126,57.5,-1.0,False
TSLA,call,market,Fri-0DTE,12:00,OTM1,2024-07-19,2026-07-10,74,60.0,400,51.0,52.0,23.0,81.0,169.0,0.64126,57.5,-1.0,False
TSLA,call,market,Fri-0DTE,12:00,OTM1,2024-07-19,2026-07-10,74,70.0,400,46.5,54.5,26.0,84.75,178.5,0.64126,57.5,-1.0,False
TSLA,call,market,Fri-0DTE,12:00,OTM1,2024-07-19,2026-07-10,74,75.0,400,46.25,57.0,27.0,85.0,173.0,0.64126,57.5,-1.0,False
TSLA,call,market,Fri-0DTE,12:00,OTM1,2024-07-19,2026-07-10,74,80.0,400,45.25,57.0,28.0,87.0,179.0,0.64126,57.5,-1.0,False
TSLA,call,market,Fri-0DTE,12:00,OTM1,2024-07-19,2026-07-10,74,90.0,400,43.25,61.0,32.0,92.0,191.0,0.64126,57.5,-1.0,False
TSLA,call,market,Fri-0DTE,12:00,OTM1,2024-07-19,2026-07-10,74,100.0,400,41.75,65.0,35.0,93.5,213.0,0.64126,57.5,-1.0,False
TSLA,call,mid,Fri-0DTE,12:30,OTM1,2024-07-19,2026-07-10,73,20.0,408,74.51,10.0,4.0,24.0,120.0,0.78948,44.0,-0.93878,False
TSLA,call,mid,Fri-0DTE,12:30,OTM1,2024-07-19,2026-07-10,73,25.0,408,69.853,14.0,6.0,32.0,128.0,0.78948,44.0,-0.93878,False
TSLA,call,mid,Fri-0DTE,12:30,OTM1,2024-07-19,2026-07-10,73,30.0,408,67.157,16.0,7.0,34.75,126.0,0.78948,44.0,-0.93878,False
TSLA,call,mid,Fri-0DTE,12:30,OTM1,2024-07-19,2026-07-10,73,40.0,408,62.255,21.0,11.0,44.0,132.0,0.78948,44.0,-0.93878,False
TSLA,call,mid,Fri-0DTE,12:30,OTM1,2024-07-19,2026-07-10,73,50.0,408,57.598,27.0,14.0,48.5,125.0,0.78948,44.0,-0.93878,False
TSLA,call,mid,Fri-0DTE,12:30,OTM1,2024-07-19,2026-07-10,73,60.0,408,54.167,31.0,17.0,54.0,128.0,0.78948,44.0,-0.93878,False
TSLA,call,mid,Fri-0DTE,12:30,OTM1,2024-07-19,2026-07-10,73,70.0,408,53.186,34.0,18.0,59.0,126.0,0.78948,44.0,-0.93878,False
TSLA,call,mid,Fri-0DTE,12:30,OTM1,2024-07-19,2026-07-10,73,75.0,408,51.471,34.0,18.0,60.0,133.0,0.78948,44.0,-0.93878,False
TSLA,call,mid,Fri-0DTE,12:30,OTM1,2024-07-19,2026-07-10,73,80.0,408,49.51,35.0,19.0,59.75,136.0,0.78948,44.0,-0.93878,False
TSLA,call,mid,Fri-0DTE,12:30,OTM1,2024-07-19,2026-07-10,73,90.0,408,46.078,39.0,21.0,61.25,144.0,0.78948,44.0,-0.93878,False
TSLA,call,mid,Fri-0DTE,12:30,OTM1,2024-07-19,2026-07-10,73,100.0,408,43.873,41.0,24.0,62.5,139.0,0.78948,44.0,-0.93878,False
TSLA,call,market,Fri-0DTE,12:30,OTM1,2024-07-19,2026-07-10,73,20.0,408,62.745,19.0,9.0,42.0,136.5,0.51726,44.0,-1.0,False
TSLA,call,market,Fri-0DTE,12:30,OTM1,2024-07-19,2026-07-10,73,25.0,408,60.294,21.0,10.25,44.0,138.0,0.51726,44.0,-1.0,False
TSLA,call,market,Fri-0DTE,12:30,OTM1,2024-07-19,2026-07-10,73,30.0,408,57.843,25.0,13.0,48.0,139.0,0.51726,44.0,-1.0,False
TSLA,call,market,Fri-0DTE,12:30,OTM1,2024-07-19,2026-07-10,73,40.0,408,52.941,30.5,17.0,54.0,137.0,0.51726,44.0,-1.0,False
TSLA,call,market,Fri-0DTE,12:30,OTM1,2024-07-19,2026-07-10,73,50.0,408,51.225,34.0,17.0,59.0,140.0,0.51726,44.0,-1.0,False
TSLA,call,market,Fri-0DTE,12:30,OTM1,2024-07-19,2026-07-10,73,60.0,408,47.794,36.0,19.0,60.0,155.0,0.51726,44.0,-1.0,False
TSLA,call,market,Fri-0DTE,12:30,OTM1,2024-07-19,2026-07-10,73,70.0,408,45.343,40.0,22.0,64.0,150.0,0.51726,44.0,-1.0,False
TSLA,call,market,Fri-0DTE,12:30,OTM1,2024-07-19,2026-07-10,73,75.0,408,43.627,42.5,23.0,65.75,156.5,0.51726,44.0,-1.0,False
TSLA,call,market,Fri-0DTE,12:30,OTM1,2024-07-19,2026-07-10,73,80.0,408,42.402,43.0,24.0,67.0,157.0,0.51726,44.0,-1.0,False
TSLA,call,market,Fri-0DTE,12:30,OTM1,2024-07-19,2026-07-10,73,90.0,408,40.686,44.5,25.25,66.75,160.5,0.51726,44.0,-1.0,False
TSLA,call,market,Fri-0DTE,12:30,OTM1,2024-07-19,2026-07-10,73,100.0,408,38.48,45.0,27.0,67.0,158.0,0.51726,44.0,-1.0,False
TSLA,call,mid,Fri-0DTE,13:00,OTM1,2024-07-19,2026-07-10,68,20.0,381,75.328,7.0,4.0,19.5,89.0,0.59091,26.0,-0.93,False
TSLA,call,mid,Fri-0DTE,13:00,OTM1,2024-07-19,2026-07-10,68,25.0,381,72.703,9.0,4.0,22.0,87.0,0.59091,26.0,-0.93,False
TSLA,call,mid,Fri-0DTE,13:00,OTM1,2024-07-19,2026-07-10,68,30.0,381,67.979,11.0,5.0,23.5,92.0,0.59091,26.0,-0.93,False
TSLA,call,mid,Fri-0DTE,13:00,OTM1,2024-07-19,2026-07-10,68,40.0,381,60.63,15.0,7.0,25.5,92.0,0.59091,26.0,-0.93,False
TSLA,call,mid,Fri-0DTE,13:00,OTM1,2024-07-19,2026-07-10,68,50.0,381,54.068,18.0,9.0,32.0,97.0,0.59091,26.0,-0.93,False
TSLA,call,mid,Fri-0DTE,13:00,OTM1,2024-07-19,2026-07-10,68,60.0,381,48.819,19.0,11.0,35.0,120.5,0.59091,26.0,-0.93,False
TSLA,call,mid,Fri-0DTE,13:00,OTM1,2024-07-19,2026-07-10,68,70.0,381,46.194,22.0,12.0,37.0,132.0,0.59091,26.0,-0.93,False
TSLA,call,mid,Fri-0DTE,13:00,OTM1,2024-07-19,2026-07-10,68,75.0,381,44.094,23.0,13.0,37.25,143.5,0.59091,26.0,-0.93,False
TSLA,call,mid,Fri-0DTE,13:00,OTM1,2024-07-19,2026-07-10,68,80.0,381,42.257,25.0,14.0,40.0,148.0,0.59091,26.0,-0.93,False
TSLA,call,mid,Fri-0DTE,13:00,OTM1,2024-07-19,2026-07-10,68,90.0,381,39.108,28.0,15.0,42.0,149.0,0.59091,26.0,-0.93,False
TSLA,call,mid,Fri-0DTE,13:00,OTM1,2024-07-19,2026-07-10,68,100.0,381,36.22,30.5,18.25,46.0,151.5,0.59091,26.0,-0.93,False
TSLA,call,market,Fri-0DTE,13:00,OTM1,2024-07-19,2026-07-10,68,20.0,381,58.53,13.0,6.0,26.0,112.0,0.33333,26.0,-1.0,False
TSLA,call,market,Fri-0DTE,13:00,OTM1,2024-07-19,2026-07-10,68,25.0,381,53.806,14.0,7.0,27.0,124.0,0.33333,26.0,-1.0,False
TSLA,call,market,Fri-0DTE,13:00,OTM1,2024-07-19,2026-07-10,68,30.0,381,50.919,17.0,8.0,30.0,128.0,0.33333,26.0,-1.0,False
TSLA,call,market,Fri-0DTE,13:00,OTM1,2024-07-19,2026-07-10,68,40.0,381,48.556,20.0,11.0,35.0,137.0,0.33333,26.0,-1.0,False
TSLA,call,market,Fri-0DTE,13:00,OTM1,2024-07-19,2026-07-10,68,50.0,381,43.832,22.0,12.0,36.0,153.0,0.33333,26.0,-1.0,False
TSLA,call,market,Fri-0DTE,13:00,OTM1,2024-07-19,2026-07-10,68,60.0,381,40.945,25.0,13.75,40.0,153.0,0.33333,26.0,-1.0,False
TSLA,call,market,Fri-0DTE,13:00,OTM1,2024-07-19,2026-07-10,68,70.0,381,38.32,28.0,15.0,42.0,151.0,0.33333,26.0,-1.0,False
TSLA,call,market,Fri-0DTE,13:00,OTM1,2024-07-19,2026-07-10,68,75.0,381,37.27,31.5,17.25,46.0,154.0,0.33333,26.0,-1.0,False
TSLA,call,market,Fri-0DTE,13:00,OTM1,2024-07-19,2026-07-10,68,80.0,381,35.958,33.0,20.0,48.0,154.0,0.33333,26.0,-1.0,False
TSLA,call,market,Fri-0DTE,13:00,OTM1,2024-07-19,2026-07-10,68,90.0,381,32.808,35.0,21.0,52.0,154.0,0.33333,26.0,-1.0,False
TSLA,call,market,Fri-0DTE,13:00,OTM1,2024-07-19,2026-07-10,68,100.0,381,29.659,35.0,23.0,55.0,154.0,0.33333,26.0,-1.0,False
TSLA,call,mid,Fri-0DTE,13:30,ATM,2024-07-19,2026-07-10,74,20.0,423,67.376,9.0,4.0,25.0,123.0,0.43617,30.0,-0.93478,False
TSLA,call,mid,Fri-0DTE,13:30,ATM,2024-07-19,2026-07-10,74,25.0,423,63.593,12.0,5.0,32.0,124.0,0.43617,30.0,-0.93478,False
TSLA,call,mid,Fri-0DTE,13:30,ATM,2024-07-19,2026-07-10,74,30.0,423,59.574,14.5,7.0,36.0,124.0,0.43617,30.0,-0.93478,False
TSLA,call,mid,Fri-0DTE,13:30,ATM,2024-07-19,2026-07-10,74,40.0,423,52.719,20.0,9.0,52.5,124.0,0.43617,30.0,-0.93478,False
TSLA,call,mid,Fri-0DTE,13:30,ATM,2024-07-19,2026-07-10,74,50.0,423,47.518,22.0,11.0,62.0,124.0,0.43617,30.0,-0.93478,False
TSLA,call,mid,Fri-0DTE,13:30,ATM,2024-07-19,2026-07-10,74,60.0,423,41.371,27.0,13.0,70.0,124.0,0.43617,30.0,-0.93478,False
TSLA,call,mid,Fri-0DTE,13:30,ATM,2024-07-19,2026-07-10,74,70.0,423,35.697,34.0,17.0,83.0,129.0,0.43617,30.0,-0.93478,False
TSLA,call,mid,Fri-0DTE,13:30,ATM,2024-07-19,2026-07-10,74,75.0,423,33.097,34.0,17.0,81.0,129.0,0.43617,30.0,-0.93478,False
TSLA,call,mid,Fri-0DTE,13:30,ATM,2024-07-19,2026-07-10,74,80.0,423,31.678,41.0,17.25,92.5,129.0,0.43617,30.0,-0.93478,False
TSLA,call,mid,Fri-0DTE,13:30,ATM,2024-07-19,2026-07-10,74,90.0,423,29.787,41.0,18.25,100.5,129.0,0.43617,30.0,-0.93478,False
TSLA,call,mid,Fri-0DTE,13:30,ATM,2024-07-19,2026-07-10,74,100.0,423,24.823,42.0,20.0,98.0,129.0,0.43617,30.0,-0.93478,False
TSLA,call,market,Fri-0DTE,13:30,ATM,2024-07-19,2026-07-10,74,20.0,423,59.338,12.0,6.0,33.0,124.0,0.33125,30.0,-1.0,False
TSLA,call,market,Fri-0DTE,13:30,ATM,2024-07-19,2026-07-10,74,25.0,423,56.265,15.0,7.0,37.75,124.0,0.33125,30.0,-1.0,False
TSLA,call,market,Fri-0DTE,13:30,ATM,2024-07-19,2026-07-10,74,30.0,423,51.773,18.0,8.0,47.0,124.0,0.33125,30.0,-1.0,False
TSLA,call,market,Fri-0DTE,13:30,ATM,2024-07-19,2026-07-10,74,40.0,423,47.518,25.0,11.0,67.0,124.0,0.33125,30.0,-1.0,False
TSLA,call,market,Fri-0DTE,13:30,ATM,2024-07-19,2026-07-10,74,50.0,423,39.953,26.0,12.0,68.0,129.0,0.33125,30.0,-1.0,False
TSLA,call,market,Fri-0DTE,13:30,ATM,2024-07-19,2026-07-10,74,60.0,423,36.17,32.0,17.0,81.0,129.0,0.33125,30.0,-1.0,False
TSLA,call,market,Fri-0DTE,13:30,ATM,2024-07-19,2026-07-10,74,70.0,423,31.442,35.0,17.0,88.0,129.0,0.33125,30.0,-1.0,False
TSLA,call,market,Fri-0DTE,13:30,ATM,2024-07-19,2026-07-10,74,75.0,423,29.787,41.0,18.0,104.0,129.0,0.33125,30.0,-1.0,False
TSLA,call,market,Fri-0DTE,13:30,ATM,2024-07-19,2026-07-10,74,80.0,423,29.551,42.0,18.0,108.0,129.0,0.33125,30.0,-1.0,False
TSLA,call,market,Fri-0DTE,13:30,ATM,2024-07-19,2026-07-10,74,90.0,423,25.296,51.0,20.5,104.5,129.0,0.33125,30.0,-1.0,False
TSLA,call,market,Fri-0DTE,13:30,ATM,2024-07-19,2026-07-10,74,100.0,423,20.331,37.0,20.25,96.75,129.0,0.33125,30.0,-1.0,False
TSLA,call,mid,Fri-0DTE,14:00,ATM,2024-07-19,2026-07-10,76,20.0,425,69.176,12.0,4.0,32.75,71.5,0.4,31.0,-0.93243,False
TSLA,call,mid,Fri-0DTE,14:00,ATM,2024-07-19,2026-07-10,76,25.0,425,63.529,15.0,6.0,40.75,84.0,0.4,31.0,-0.93243,False
TSLA,call,mid,Fri-0DTE,14:00,ATM,2024-07-19,2026-07-10,76,30.0,425,57.176,18.0,7.0,49.0,94.0,0.4,31.0,-0.93243,False
TSLA,call,mid,Fri-0DTE,14:00,ATM,2024-07-19,2026-07-10,76,40.0,425,49.882,26.5,10.0,57.25,94.0,0.4,31.0,-0.93243,False
TSLA,call,mid,Fri-0DTE,14:00,ATM,2024-07-19,2026-07-10,76,50.0,425,44.0,31.0,12.5,63.0,94.0,0.4,31.0,-0.93243,False
TSLA,call,mid,Fri-0DTE,14:00,ATM,2024-07-19,2026-07-10,76,60.0,425,40.706,34.0,15.0,72.0,94.0,0.4,31.0,-0.93243,False
TSLA,call,mid,Fri-0DTE,14:00,ATM,2024-07-19,2026-07-10,76,70.0,425,36.706,34.0,16.0,73.0,94.0,0.4,31.0,-0.93243,False
TSLA,call,mid,Fri-0DTE,14:00,ATM,2024-07-19,2026-07-10,76,75.0,425,32.941,34.5,16.0,75.75,99.0,0.4,31.0,-0.93243,False
TSLA,call,mid,Fri-0DTE,14:00,ATM,2024-07-19,2026-07-10,76,80.0,425,30.118,38.5,17.75,83.0,99.0,0.4,31.0,-0.93243,False
TSLA,call,mid,Fri-0DTE,14:00,ATM,2024-07-19,2026-07-10,76,90.0,425,28.235,41.5,21.0,86.5,96.0,0.4,31.0,-0.93243,False
TSLA,call,mid,Fri-0DTE,14:00,ATM,2024-07-19,2026-07-10,76,100.0,425,24.471,43.5,21.75,88.25,99.0,0.4,31.0,-0.93243,False
TSLA,call,market,Fri-0DTE,14:00,ATM,2024-07-19,2026-07-10,76,20.0,425,57.882,16.5,6.25,48.0,94.0,0.28906,31.0,-1.0,False
TSLA,call,market,Fri-0DTE,14:00,ATM,2024-07-19,2026-07-10,76,25.0,425,52.941,22.0,8.0,53.0,94.0,0.28906,31.0,-1.0,False
TSLA,call,market,Fri-0DTE,14:00,ATM,2024-07-19,2026-07-10,76,30.0,425,49.412,24.5,10.0,56.75,94.0,0.28906,31.0,-1.0,False
TSLA,call,market,Fri-0DTE,14:00,ATM,2024-07-19,2026-07-10,76,40.0,425,42.824,31.5,12.0,63.0,94.0,0.28906,31.0,-1.0,False
TSLA,call,market,Fri-0DTE,14:00,ATM,2024-07-19,2026-07-10,76,50.0,425,38.824,34.0,15.0,70.0,94.0,0.28906,31.0,-1.0,False
TSLA,call,market,Fri-0DTE,14:00,ATM,2024-07-19,2026-07-10,76,60.0,425,35.059,34.0,16.0,74.0,99.0,0.28906,31.0,-1.0,False
TSLA,call,market,Fri-0DTE,14:00,ATM,2024-07-19,2026-07-10,76,70.0,425,29.412,41.0,20.0,83.0,99.0,0.28906,31.0,-1.0,False
TSLA,call,market,Fri-0DTE,14:00,ATM,2024-07-19,2026-07-10,76,75.0,425,28.471,41.0,20.0,86.0,99.0,0.28906,31.0,-1.0,False
TSLA,call,market,Fri-0DTE,14:00,ATM,2024-07-19,2026-07-10,76,80.0,425,27.059,41.0,20.5,86.0,99.0,0.28906,31.0,-1.0,False
TSLA,call,market,Fri-0DTE,14:00,ATM,2024-07-19,2026-07-10,76,90.0,425,23.294,48.0,23.5,88.5,99.0,0.28906,31.0,-1.0,False
TSLA,call,market,Fri-0DTE,14:00,ATM,2024-07-19,2026-07-10,76,100.0,425,21.647,56.5,23.75,90.0,99.0,0.28906,31.0,-1.0,False
TSLA,call,mid,Fri-0DTE,14:30,ATM,2024-07-19,2026-07-10,76,20.0,435,70.575,9.0,4.0,26.0,64.0,0.53571,26.0,-0.87097,False
TSLA,call,mid,Fri-0DTE,14:30,ATM,2024-07-19,2026-07-10,76,25.0,435,66.897,11.0,5.0,29.0,64.0,0.53571,26.0,-0.87097,False
TSLA,call,mid,Fri-0DTE,14:30,ATM,2024-07-19,2026-07-10,76,30.0,435,64.368,14.0,6.0,33.0,64.0,0.53571,26.0,-0.87097,False
TSLA,call,mid,Fri-0DTE,14:30,ATM,2024-07-19,2026-07-10,76,40.0,435,55.632,22.0,9.0,39.0,64.0,0.53571,26.0,-0.87097,False
TSLA,call,mid,Fri-0DTE,14:30,ATM,2024-07-19,2026-07-10,76,50.0,435,51.494,25.0,12.0,50.0,66.0,0.53571,26.0,-0.87097,False
TSLA,call,mid,Fri-0DTE,14:30,ATM,2024-07-19,2026-07-10,76,60.0,435,45.057,32.5,14.75,55.0,69.0,0.53571,26.0,-0.87097,False
TSLA,call,mid,Fri-0DTE,14:30,ATM,2024-07-19,2026-07-10,76,70.0,435,42.069,35.0,16.0,58.0,67.0,0.53571,26.0,-0.87097,False
TSLA,call,mid,Fri-0DTE,14:30,ATM,2024-07-19,2026-07-10,76,75.0,435,39.31,38.0,17.5,58.5,68.0,0.53571,26.0,-0.87097,False
TSLA,call,mid,Fri-0DTE,14:30,ATM,2024-07-19,2026-07-10,76,80.0,435,37.931,39.0,21.0,60.0,69.0,0.53571,26.0,-0.87097,False
TSLA,call,mid,Fri-0DTE,14:30,ATM,2024-07-19,2026-07-10,76,90.0,435,34.253,42.0,23.0,60.0,69.0,0.53571,26.0,-0.87097,False
TSLA,call,mid,Fri-0DTE,14:30,ATM,2024-07-19,2026-07-10,76,100.0,435,29.655,44.0,24.0,63.0,69.0,0.53571,26.0,-0.87097,False
TSLA,call,market,Fri-0DTE,14:30,ATM,2024-07-19,2026-07-10,76,20.0,435,61.609,16.0,7.0,34.0,64.0,0.38235,26.0,-0.96721,False
TSLA,call,market,Fri-0DTE,14:30,ATM,2024-07-19,2026-07-10,76,25.0,435,58.851,19.0,8.0,37.25,64.0,0.38235,26.0,-0.96721,False
TSLA,call,market,Fri-0DTE,14:30,ATM,2024-07-19,2026-07-10,76,30.0,435,55.402,21.0,10.0,40.0,64.0,0.38235,26.0,-0.96721,False
TSLA,call,market,Fri-0DTE,14:30,ATM,2024-07-19,2026-07-10,76,40.0,435,48.966,27.0,13.0,50.0,66.0,0.38235,26.0,-0.96721,False
TSLA,call,market,Fri-0DTE,14:30,ATM,2024-07-19,2026-07-10,76,50.0,435,43.448,35.0,17.0,61.0,69.0,0.38235,26.0,-0.96721,False
TSLA,call,market,Fri-0DTE,14:30,ATM,2024-07-19,2026-07-10,76,60.0,435,39.08,38.5,19.0,61.5,69.0,0.38235,26.0,-0.96721,False
TSLA,call,market,Fri-0DTE,14:30,ATM,2024-07-19,2026-07-10,76,70.0,435,34.023,39.5,21.75,63.0,69.0,0.38235,26.0,-0.96721,False
TSLA,call,market,Fri-0DTE,14:30,ATM,2024-07-19,2026-07-10,76,75.0,435,32.414,42.0,23.0,63.0,69.0,0.38235,26.0,-0.96721,False
TSLA,call,market,Fri-0DTE,14:30,ATM,2024-07-19,2026-07-10,76,80.0,435,31.494,45.0,23.0,63.0,69.0,0.38235,26.0,-0.96721,False
TSLA,call,market,Fri-0DTE,14:30,ATM,2024-07-19,2026-07-10,76,90.0,435,27.816,46.0,25.0,64.0,69.0,0.38235,26.0,-0.96721,False
TSLA,call,market,Fri-0DTE,14:30,ATM,2024-07-19,2026-07-10,76,100.0,435,24.368,47.0,27.25,65.0,69.0,0.38235,26.0,-0.96721,False
TSLA,call,mid,Fri-0DTE,15:00,ATM,2024-07-19,2026-07-10,78,20.0,446,73.318,6.0,3.0,14.5,39.0,0.5263,21.0,-0.79758,False
TSLA,call,mid,Fri-0DTE,15:00,ATM,2024-07-19,2026-07-10,78,25.0,446,69.731,7.0,3.0,17.0,39.0,0.5263,21.0,-0.79758,False
TSLA,call,mid,Fri-0DTE,15:00,ATM,2024-07-19,2026-07-10,78,30.0,446,65.247,9.0,4.0,20.5,39.0,0.5263,21.0,-0.79758,False
TSLA,call,mid,Fri-0DTE,15:00,ATM,2024-07-19,2026-07-10,78,40.0,446,58.52,11.0,5.0,27.0,41.0,0.5263,21.0,-0.79758,False
TSLA,call,mid,Fri-0DTE,15:00,ATM,2024-07-19,2026-07-10,78,50.0,446,52.018,14.0,7.0,30.0,42.0,0.5263,21.0,-0.79758,False
TSLA,call,mid,Fri-0DTE,15:00,ATM,2024-07-19,2026-07-10,78,60.0,446,46.413,18.0,8.0,34.5,43.0,0.5263,21.0,-0.79758,False
TSLA,call,mid,Fri-0DTE,15:00,ATM,2024-07-19,2026-07-10,78,70.0,446,43.498,21.0,9.0,35.0,41.0,0.5263,21.0,-0.79758,False
TSLA,call,mid,Fri-0DTE,15:00,ATM,2024-07-19,2026-07-10,78,75.0,446,41.031,21.0,10.0,35.0,43.0,0.5263,21.0,-0.79758,False
TSLA,call,mid,Fri-0DTE,15:00,ATM,2024-07-19,2026-07-10,78,80.0,446,40.135,21.0,10.5,35.0,40.0,0.5263,21.0,-0.79758,False
TSLA,call,mid,Fri-0DTE,15:00,ATM,2024-07-19,2026-07-10,78,90.0,446,37.22,22.0,11.0,35.75,40.0,0.5263,21.0,-0.79758,False
TSLA,call,mid,Fri-0DTE,15:00,ATM,2024-07-19,2026-07-10,78,100.0,446,35.202,24.0,13.0,36.0,39.0,0.5263,21.0,-0.79758,False
TSLA,call,market,Fri-0DTE,15:00,ATM,2024-07-19,2026-07-10,78,20.0,446,63.004,11.0,4.0,25.0,39.0,0.35486,21.0,-0.92431,False
TSLA,call,market,Fri-0DTE,15:00,ATM,2024-07-19,2026-07-10,78,25.0,446,57.848,13.0,5.0,27.0,40.0,0.35486,21.0,-0.92431,False
TSLA,call,market,Fri-0DTE,15:00,ATM,2024-07-19,2026-07-10,78,30.0,446,53.587,14.0,7.0,30.0,43.0,0.35486,21.0,-0.92431,False
TSLA,call,market,Fri-0DTE,15:00,ATM,2024-07-19,2026-07-10,78,40.0,446,48.655,18.0,8.0,32.0,44.0,0.35486,21.0,-0.92431,False
TSLA,call,market,Fri-0DTE,15:00,ATM,2024-07-19,2026-07-10,78,50.0,446,43.722,20.0,9.0,35.5,43.0,0.35486,21.0,-0.92431,False
TSLA,call,market,Fri-0DTE,15:00,ATM,2024-07-19,2026-07-10,78,60.0,446,40.807,22.0,10.0,35.75,42.5,0.35486,21.0,-0.92431,False
TSLA,call,market,Fri-0DTE,15:00,ATM,2024-07-19,2026-07-10,78,70.0,446,37.22,23.0,11.0,37.75,44.0,0.35486,21.0,-0.92431,False
TSLA,call,market,Fri-0DTE,15:00,ATM,2024-07-19,2026-07-10,78,75.0,446,36.099,23.0,12.0,37.0,42.0,0.35486,21.0,-0.92431,False
TSLA,call,market,Fri-0DTE,15:00,ATM,2024-07-19,2026-07-10,78,80.0,446,34.978,24.0,12.75,38.0,41.5,0.35486,21.0,-0.92431,False
TSLA,call,market,Fri-0DTE,15:00,ATM,2024-07-19,2026-07-10,78,90.0,446,31.39,26.0,13.75,37.0,41.0,0.35486,21.0,-0.92431,False
TSLA,call,market,Fri-0DTE,15:00,ATM,2024-07-19,2026-07-10,78,100.0,446,28.7,26.0,14.75,36.25,39.0,0.35486,21.0,-0.92431,False
TSLA,call,mid,Fri-0DTE,15:30,ATM,2024-07-19,2026-07-10,76,20.0,76,77.632,4.0,2.0,7.5,27.0,0.81207,13.0,-0.7197,False
TSLA,call,mid,Fri-0DTE,15:30,ATM,2024-07-19,2026-07-10,76,25.0,76,76.316,4.0,2.0,9.75,27.0,0.81207,13.0,-0.7197,False
TSLA,call,mid,Fri-0DTE,15:30,ATM,2024-07-19,2026-07-10,76,30.0,76,76.316,5.5,2.25,11.5,27.0,0.81207,13.0,-0.7197,False
TSLA,call,mid,Fri-0DTE,15:30,ATM,2024-07-19,2026-07-10,76,40.0,76,72.368,8.0,3.5,16.0,27.0,0.81207,13.0,-0.7197,False
TSLA,call,mid,Fri-0DTE,15:30,ATM,2024-07-19,2026-07-10,76,50.0,76,68.421,9.5,4.0,16.5,26.5,0.81207,13.0,-0.7197,False
TSLA,call,mid,Fri-0DTE,15:30,ATM,2024-07-19,2026-07-10,76,60.0,76,57.895,10.5,6.0,20.0,28.5,0.81207,13.0,-0.7197,False
TSLA,call,mid,Fri-0DTE,15:30,ATM,2024-07-19,2026-07-10,76,70.0,76,53.947,11.0,7.0,22.0,29.0,0.81207,13.0,-0.7197,False
TSLA,call,mid,Fri-0DTE,15:30,ATM,2024-07-19,2026-07-10,76,75.0,76,52.632,11.5,7.0,23.25,28.5,0.81207,13.0,-0.7197,False
TSLA,call,mid,Fri-0DTE,15:30,ATM,2024-07-19,2026-07-10,76,80.0,76,50.0,11.0,7.25,22.75,28.5,0.81207,13.0,-0.7197,False
TSLA,call,mid,Fri-0DTE,15:30,ATM,2024-07-19,2026-07-10,76,90.0,76,48.684,12.0,8.0,23.0,29.0,0.81207,13.0,-0.7197,False
TSLA,call,mid,Fri-0DTE,15:30,ATM,2024-07-19,2026-07-10,76,100.0,76,43.421,16.0,11.0,23.0,29.0,0.81207,13.0,-0.7197,False
TSLA,call,market,Fri-0DTE,15:30,ATM,2024-07-19,2026-07-10,76,20.0,76,69.737,8.0,3.0,18.0,27.0,0.54283,13.0,-0.87987,False
TSLA,call,market,Fri-0DTE,15:30,ATM,2024-07-19,2026-07-10,76,25.0,76,69.737,8.0,4.0,18.0,27.0,0.54283,13.0,-0.87987,False
TSLA,call,market,Fri-0DTE,15:30,ATM,2024-07-19,2026-07-10,76,30.0,76,65.789,9.0,4.0,20.75,27.5,0.54283,13.0,-0.87987,False
TSLA,call,market,Fri-0DTE,15:30,ATM,2024-07-19,2026-07-10,76,40.0,76,61.842,10.0,5.5,21.0,26.0,0.54283,13.0,-0.87987,False
TSLA,call,market,Fri-0DTE,15:30,ATM,2024-07-19,2026-07-10,76,50.0,76,52.632,12.0,6.75,22.25,28.5,0.54283,13.0,-0.87987,False
TSLA,call,market,Fri-0DTE,15:30,ATM,2024-07-19,2026-07-10,76,60.0,76,48.684,13.0,7.0,23.0,29.0,0.54283,13.0,-0.87987,False
TSLA,call,market,Fri-0DTE,15:30,ATM,2024-07-19,2026-07-10,76,70.0,76,44.737,13.5,8.25,23.0,29.0,0.54283,13.0,-0.87987,False
TSLA,call,market,Fri-0DTE,15:30,ATM,2024-07-19,2026-07-10,76,75.0,76,43.421,14.0,8.0,23.0,29.0,0.54283,13.0,-0.87987,False
TSLA,call,market,Fri-0DTE,15:30,ATM,2024-07-19,2026-07-10,76,80.0,76,39.474,15.0,10.25,23.0,29.0,0.54283,13.0,-0.87987,False
TSLA,call,market,Fri-0DTE,15:30,ATM,2024-07-19,2026-07-10,76,90.0,76,35.526,15.0,9.0,23.0,29.0,0.54283,13.0,-0.87987,False
TSLA,call,market,Fri-0DTE,15:30,ATM,2024-07-19,2026-07-10,76,100.0,76,32.895,20.0,12.0,24.0,29.0,0.54283,13.0,-0.87987,False
TSLA,call,mid,Fri-0DTE,10:30,OTM1,2024-07-19,2026-07-10,87,20.0,487,78.439,10.0,4.0,31.0,234.0,0.77419,56.0,-0.96154,False
TSLA,call,mid,Fri-0DTE,10:30,OTM1,2024-07-19,2026-07-10,87,25.0,487,75.77,13.0,6.0,35.0,235.0,0.77419,56.0,-0.96154,False
TSLA,call,mid,Fri-0DTE,10:30,OTM1,2024-07-19,2026-07-10,87,30.0,487,73.922,15.0,7.0,45.0,231.5,0.77419,56.0,-0.96154,False
TSLA,call,mid,Fri-0DTE,10:30,OTM1,2024-07-19,2026-07-10,87,40.0,487,66.94,22.0,10.0,65.0,237.0,0.77419,56.0,-0.96154,False
TSLA,call,mid,Fri-0DTE,10:30,OTM1,2024-07-19,2026-07-10,87,50.0,487,61.602,28.0,12.0,86.0,244.0,0.77419,56.0,-0.96154,False
TSLA,call,mid,Fri-0DTE,10:30,OTM1,2024-07-19,2026-07-10,87,60.0,487,56.057,33.0,15.0,94.0,248.0,0.77419,56.0,-0.96154,False
TSLA,call,mid,Fri-0DTE,10:30,OTM1,2024-07-19,2026-07-10,87,70.0,487,52.361,39.0,19.0,96.5,246.0,0.77419,56.0,-0.96154,False
TSLA,call,mid,Fri-0DTE,10:30,OTM1,2024-07-19,2026-07-10,87,75.0,487,50.513,39.5,22.25,108.5,245.5,0.77419,56.0,-0.96154,False
TSLA,call,mid,Fri-0DTE,10:30,OTM1,2024-07-19,2026-07-10,87,80.0,487,49.487,44.0,23.0,120.0,245.0,0.77419,56.0,-0.96154,False
TSLA,call,mid,Fri-0DTE,10:30,OTM1,2024-07-19,2026-07-10,87,90.0,487,46.612,50.0,26.5,120.5,244.0,0.77419,56.0,-0.96154,False
TSLA,call,mid,Fri-0DTE,10:30,OTM1,2024-07-19,2026-07-10,87,100.0,487,44.353,55.0,30.0,122.75,244.0,0.77419,56.0,-0.96154,False
TSLA,call,market,Fri-0DTE,10:30,OTM1,2024-07-19,2026-07-10,87,20.0,487,73.511,15.0,7.0,45.0,237.0,0.68332,56.0,-1.0,False
TSLA,call,market,Fri-0DTE,10:30,OTM1,2024-07-19,2026-07-10,87,25.0,487,71.869,18.0,8.0,52.25,233.0,0.68332,56.0,-1.0,False
TSLA,call,market,Fri-0DTE,10:30,OTM1,2024-07-19,2026-07-10,87,30.0,487,68.172,21.0,9.0,64.0,240.0,0.68332,56.0,-1.0,False
TSLA,call,market,Fri-0DTE,10:30,OTM1,2024-07-19,2026-07-10,87,40.0,487,60.78,27.0,12.0,85.25,244.5,0.68332,56.0,-1.0,False
TSLA,call,market,Fri-0DTE,10:30,OTM1,2024-07-19,2026-07-10,87,50.0,487,56.674,34.0,15.0,94.0,248.5,0.68332,56.0,-1.0,False
TSLA,call,market,Fri-0DTE,10:30,OTM1,2024-07-19,2026-07-10,87,60.0,487,52.156,37.5,19.0,107.5,249.0,0.68332,56.0,-1.0,False
TSLA,call,market,Fri-0DTE,10:30,OTM1,2024-07-19,2026-07-10,87,70.0,487,49.487,45.0,24.0,120.0,247.0,0.68332,56.0,-1.0,False
TSLA,call,market,Fri-0DTE,10:30,OTM1,2024-07-19,2026-07-10,87,75.0,487,48.049,50.0,25.0,122.75,248.5,0.68332,56.0,-1.0,False
TSLA,call,market,Fri-0DTE,10:30,OTM1,2024-07-19,2026-07-10,87,80.0,487,46.407,50.0,27.0,118.75,246.0,0.68332,56.0,-1.0,False
TSLA,call,market,Fri-0DTE,10:30,OTM1,2024-07-19,2026-07-10,87,90.0,487,43.943,54.0,30.0,125.75,244.0,0.68332,56.0,-1.0,False
TSLA,call,market,Fri-0DTE,10:30,OTM1,2024-07-19,2026-07-10,87,100.0,487,42.505,61.0,32.5,126.0,243.0,0.68332,56.0,-1.0,False
TSLA,call,mid,Fri-0DTE,11:00,ATM,2024-07-19,2026-07-10,84,20.0,471,79.193,12.0,5.0,27.0,264.0,0.69856,81.0,-0.91633,False
TSLA,call,mid,Fri-0DTE,11:00,ATM,2024-07-19,2026-07-10,84,25.0,471,73.885,15.0,7.0,36.0,268.0,0.69856,81.0,-0.91633,False
TSLA,call,mid,Fri-0DTE,11:00,ATM,2024-07-19,2026-07-10,84,30.0,471,70.488,19.0,9.0,46.0,268.0,0.69856,81.0,-0.91633,False
TSLA,call,mid,Fri-0DTE,11:00,ATM,2024-07-19,2026-07-10,84,40.0,471,63.907,27.0,13.0,66.0,263.0,0.69856,81.0,-0.91633,False
TSLA,call,mid,Fri-0DTE,11:00,ATM,2024-07-19,2026-07-10,84,50.0,471,60.51,36.0,17.0,83.0,259.0,0.69856,81.0,-0.91633,False
TSLA,call,mid,Fri-0DTE,11:00,ATM,2024-07-19,2026-07-10,84,60.0,471,54.352,45.0,19.75,93.0,258.0,0.69856,81.0,-0.91633,False
TSLA,call,mid,Fri-0DTE,11:00,ATM,2024-07-19,2026-07-10,84,70.0,471,49.894,59.0,24.5,100.5,257.0,0.69856,81.0,-0.91633,False
TSLA,call,mid,Fri-0DTE,11:00,ATM,2024-07-19,2026-07-10,84,75.0,471,47.771,62.0,26.0,105.0,255.0,0.69856,81.0,-0.91633,False
TSLA,call,mid,Fri-0DTE,11:00,ATM,2024-07-19,2026-07-10,84,80.0,471,45.223,64.0,30.0,105.0,254.0,0.69856,81.0,-0.91633,False
TSLA,call,mid,Fri-0DTE,11:00,ATM,2024-07-19,2026-07-10,84,90.0,471,42.675,77.0,36.0,118.0,250.0,0.69856,81.0,-0.91633,False
TSLA,call,mid,Fri-0DTE,11:00,ATM,2024-07-19,2026-07-10,84,100.0,471,40.764,79.0,38.75,120.25,235.5,0.69856,81.0,-0.91633,False
TSLA,call,market,Fri-0DTE,11:00,ATM,2024-07-19,2026-07-10,84,20.0,471,74.098,16.0,7.0,36.0,268.0,0.63366,81.0,-0.93541,False
TSLA,call,market,Fri-0DTE,11:00,ATM,2024-07-19,2026-07-10,84,25.0,471,70.913,19.5,9.0,45.75,268.0,0.63366,81.0,-0.93541,False
TSLA,call,market,Fri-0DTE,11:00,ATM,2024-07-19,2026-07-10,84,30.0,471,67.304,23.0,10.0,60.0,266.0,0.63366,81.0,-0.93541,False
TSLA,call,market,Fri-0DTE,11:00,ATM,2024-07-19,2026-07-10,84,40.0,471,61.571,31.5,14.0,78.0,263.0,0.63366,81.0,-0.93541,False
TSLA,call,market,Fri-0DTE,11:00,ATM,2024-07-19,2026-07-10,84,50.0,471,57.749,40.0,19.0,92.0,257.0,0.63366,81.0,-0.93541,False
TSLA,call,market,Fri-0DTE,11:00,ATM,2024-07-19,2026-07-10,84,60.0,471,51.168,58.0,22.0,99.0,259.0,0.63366,81.0,-0.93541,False
TSLA,call,market,Fri-0DTE,11:00,ATM,2024-07-19,2026-07-10,84,70.0,471,47.346,62.0,29.5,106.0,254.0,0.63366,81.0,-0.93541,False
TSLA,call,market,Fri-0DTE,11:00,ATM,2024-07-19,2026-07-10,84,75.0,471,45.011,66.0,31.5,110.25,254.0,0.63366,81.0,-0.93541,False
TSLA,call,market,Fri-0DTE,11:00,ATM,2024-07-19,2026-07-10,84,80.0,471,43.524,75.0,36.0,113.0,251.0,0.63366,81.0,-0.93541,False
TSLA,call,market,Fri-0DTE,11:00,ATM,2024-07-19,2026-07-10,84,90.0,471,41.614,81.0,38.0,119.0,234.0,0.63366,81.0,-0.93541,False
TSLA,call,market,Fri-0DTE,11:00,ATM,2024-07-19,2026-07-10,84,100.0,471,39.703,84.0,41.0,124.5,227.0,0.63366,81.0,-0.93541,False
TSLA,call,mid,Fri-0DTE,11:30,OTM1,2024-07-19,2026-07-10,75,20.0,431,66.125,10.0,4.0,41.0,184.0,0.58228,52.0,-0.95714,False
TSLA,call,mid,Fri-0DTE,11:30,OTM1,2024-07-19,2026-07-10,75,25.0,431,62.877,13.0,5.0,46.5,189.0,0.58228,52.0,-0.95714,False
TSLA,call,mid,Fri-0DTE,11:30,OTM1,2024-07-19,2026-07-10,75,30.0,431,60.093,16.0,6.5,49.5,196.0,0.58228,52.0,-0.95714,False
TSLA,call,mid,Fri-0DTE,11:30,OTM1,2024-07-19,2026-07-10,75,40.0,431,56.148,29.0,11.0,62.5,190.0,0.58228,52.0,-0.95714,False
TSLA,call,mid,Fri-0DTE,11:30,OTM1,2024-07-19,2026-07-10,75,50.0,431,51.972,38.0,16.0,77.0,194.0,0.58228,52.0,-0.95714,False
TSLA,call,mid,Fri-0DTE,11:30,OTM1,2024-07-19,2026-07-10,75,60.0,431,49.652,48.0,21.25,89.5,189.5,0.58228,52.0,-0.95714,False
TSLA,call,mid,Fri-0DTE,11:30,OTM1,2024-07-19,2026-07-10,75,70.0,431,47.332,54.0,27.75,95.25,192.5,0.58228,52.0,-0.95714,False
TSLA,call,mid,Fri-0DTE,11:30,OTM1,2024-07-19,2026-07-10,75,75.0,431,46.636,57.0,29.0,97.0,191.0,0.58228,52.0,-0.95714,False
TSLA,call,mid,Fri-0DTE,11:30,OTM1,2024-07-19,2026-07-10,75,80.0,431,45.244,59.0,30.0,99.0,192.0,0.58228,52.0,-0.95714,False
TSLA,call,mid,Fri-0DTE,11:30,OTM1,2024-07-19,2026-07-10,75,90.0,431,43.155,68.0,35.0,103.75,188.5,0.58228,52.0,-0.95714,False
TSLA,call,mid,Fri-0DTE,11:30,OTM1,2024-07-19,2026-07-10,75,100.0,431,41.299,69.0,38.0,104.75,185.5,0.58228,52.0,-0.95714,False
TSLA,call,market,Fri-0DTE,11:30,OTM1,2024-07-19,2026-07-10,75,20.0,431,58.701,21.0,8.0,53.0,195.0,0.46939,52.0,-1.0,False
TSLA,call,market,Fri-0DTE,11:30,OTM1,2024-07-19,2026-07-10,75,25.0,431,56.381,26.0,10.0,57.5,196.0,0.46939,52.0,-1.0,False
TSLA,call,market,Fri-0DTE,11:30,OTM1,2024-07-19,2026-07-10,75,30.0,431,53.828,30.5,11.0,64.0,195.0,0.46939,52.0,-1.0,False
TSLA,call,market,Fri-0DTE,11:30,OTM1,2024-07-19,2026-07-10,75,40.0,431,51.276,46.0,17.0,81.0,194.0,0.46939,52.0,-1.0,False
TSLA,call,market,Fri-0DTE,11:30,OTM1,2024-07-19,2026-07-10,75,50.0,431,48.26,52.0,24.75,90.0,190.5,0.46939,52.0,-1.0,False
TSLA,call,market,Fri-0DTE,11:30,OTM1,2024-07-19,2026-07-10,75,60.0,431,46.172,58.0,30.0,96.0,192.0,0.46939,52.0,-1.0,False
TSLA,call,market,Fri-0DTE,11:30,OTM1,2024-07-19,2026-07-10,75,70.0,431,44.548,63.0,32.0,99.25,194.0,0.46939,52.0,-1.0,False
TSLA,call,market,Fri-0DTE,11:30,OTM1,2024-07-19,2026-07-10,75,75.0,431,43.619,67.0,33.0,103.25,191.0,0.46939,52.0,-1.0,False
TSLA,call,market,Fri-0DTE,11:30,OTM1,2024-07-19,2026-07-10,75,80.0,431,42.923,68.0,36.0,105.0,188.0,0.46939,52.0,-1.0,False
TSLA,call,market,Fri-0DTE,11:30,OTM1,2024-07-19,2026-07-10,75,90.0,431,40.603,70.0,38.0,105.5,189.0,0.46939,52.0,-1.0,False
TSLA,call,market,Fri-0DTE,11:30,OTM1,2024-07-19,2026-07-10,75,100.0,431,37.587,70.0,39.0,106.0,183.0,0.46939,52.0,-1.0,False
TSLA,call,mid,Fri-0DTE,12:00,OTM2+,2024-07-19,2026-07-10,74,20.0,1739,45.888,11.0,4.0,31.5,109.0,0.16667,5.0,-0.75,False
TSLA,call,mid,Fri-0DTE,12:00,OTM2+,2024-07-19,2026-07-10,74,25.0,1739,44.221,13.0,6.0,37.0,111.0,0.16667,5.0,-0.75,False
TSLA,call,mid,Fri-0DTE,12:00,OTM2+,2024-07-19,2026-07-10,74,30.0,1739,40.368,15.0,6.0,43.0,116.0,0.16667,5.0,-0.75,False
TSLA,call,mid,Fri-0DTE,12:00,OTM2+,2024-07-19,2026-07-10,74,40.0,1739,34.503,19.0,8.0,50.0,121.0,0.16667,5.0,-0.75,False
TSLA,call,mid,Fri-0DTE,12:00,OTM2+,2024-07-19,2026-07-10,74,50.0,1739,31.685,23.0,9.0,56.0,123.0,0.16667,5.0,-0.75,False
TSLA,call,mid,Fri-0DTE,12:00,OTM2+,2024-07-19,2026-07-10,74,60.0,1739,28.925,28.0,13.0,67.0,127.0,0.16667,5.0,-0.75,False
TSLA,call,mid,Fri-0DTE,12:00,OTM2+,2024-07-19,2026-07-10,74,70.0,1739,26.912,34.0,15.0,74.0,129.0,0.16667,5.0,-0.75,False
TSLA,call,mid,Fri-0DTE,12:00,OTM2+,2024-07-19,2026-07-10,74,75.0,1739,25.934,36.0,17.0,75.0,129.0,0.16667,5.0,-0.75,False
TSLA,call,mid,Fri-0DTE,12:00,OTM2+,2024-07-19,2026-07-10,74,80.0,1739,25.072,38.0,18.0,75.0,128.5,0.16667,5.0,-0.75,False
TSLA,call,mid,Fri-0DTE,12:00,OTM2+,2024-07-19,2026-07-10,74,90.0,1739,23.922,39.0,18.0,76.0,130.0,0.16667,5.0,-0.75,False
TSLA,call,mid,Fri-0DTE,12:00,OTM2+,2024-07-19,2026-07-10,74,100.0,1739,23.232,41.0,19.75,76.0,128.0,0.16667,5.0,-0.75,False
TSLA,call,market,Fri-0DTE,12:00,OTM2+,2024-07-19,2026-07-10,74,20.0,1739,26.394,24.0,10.0,61.0,129.0,-0.3125,4.0,-1.0,False
TSLA,call,market,Fri-0DTE,12:00,OTM2+,2024-07-19,2026-07-10,74,25.0,1739,25.589,25.0,10.0,62.0,131.0,-0.3125,4.0,-1.0,False
TSLA,call,market,Fri-0DTE,12:00,OTM2+,2024-07-19,2026-07-10,74,30.0,1739,24.842,26.0,11.0,64.0,133.0,-0.3125,4.0,-1.0,False
TSLA,call,market,Fri-0DTE,12:00,OTM2+,2024-07-19,2026-07-10,74,40.0,1739,22.887,28.0,13.0,65.0,139.0,-0.3125,4.0,-1.0,False
TSLA,call,market,Fri-0DTE,12:00,OTM2+,2024-07-19,2026-07-10,74,50.0,1739,21.794,34.0,17.0,68.5,139.0,-0.3125,4.0,-1.0,False
TSLA,call,market,Fri-0DTE,12:00,OTM2+,2024-07-19,2026-07-10,74,60.0,1739,20.874,38.0,18.0,71.0,143.0,-0.3125,4.0,-1.0,False
TSLA,call,market,Fri-0DTE,12:00,OTM2+,2024-07-19,2026-07-10,74,70.0,1739,19.666,39.0,20.0,71.75,145.0,-0.3125,4.0,-1.0,False
TSLA,call,market,Fri-0DTE,12:00,OTM2+,2024-07-19,2026-07-10,74,75.0,1739,19.264,39.0,20.5,71.0,146.0,-0.3125,4.0,-1.0,False
TSLA,call,market,Fri-0DTE,12:00,OTM2+,2024-07-19,2026-07-10,74,80.0,1739,18.976,41.0,21.25,72.75,148.5,-0.3125,4.0,-1.0,False
TSLA,call,market,Fri-0DTE,12:00,OTM2+,2024-07-19,2026-07-10,74,90.0,1739,18.516,41.5,23.0,75.0,140.5,-0.3125,4.0,-1.0,False
TSLA,call,market,Fri-0DTE,12:00,OTM2+,2024-07-19,2026-07-10,74,100.0,1739,17.999,43.0,25.0,75.0,141.0,-0.3125,4.0,-1.0,False
TSLA,call,mid,Fri-0DTE,12:30,OTM2+,2024-07-19,2026-07-10,72,20.0,1664,43.089,13.0,4.0,37.0,81.0,0.16667,5.5,-0.67278,False
TSLA,call,mid,Fri-0DTE,12:30,OTM2+,2024-07-19,2026-07-10,72,25.0,1664,40.925,17.0,6.0,42.0,82.0,0.16667,5.5,-0.67278,False
TSLA,call,mid,Fri-0DTE,12:30,OTM2+,2024-07-19,2026-07-10,72,30.0,1664,36.118,22.0,7.0,45.0,87.0,0.16667,5.5,-0.67278,False
TSLA,call,mid,Fri-0DTE,12:30,OTM2+,2024-07-19,2026-07-10,72,40.0,1664,32.031,27.0,12.0,52.0,87.0,0.16667,5.5,-0.67278,False
TSLA,call,mid,Fri-0DTE,12:30,OTM2+,2024-07-19,2026-07-10,72,50.0,1664,28.726,30.0,16.0,55.0,88.5,0.16667,5.5,-0.67278,False
TSLA,call,mid,Fri-0DTE,12:30,OTM2+,2024-07-19,2026-07-10,72,60.0,1664,26.442,33.0,17.75,57.0,88.0,0.16667,5.5,-0.67278,False
TSLA,call,mid,Fri-0DTE,12:30,OTM2+,2024-07-19,2026-07-10,72,70.0,1664,24.579,36.0,18.0,60.0,87.0,0.16667,5.5,-0.67278,False
TSLA,call,mid,Fri-0DTE,12:30,OTM2+,2024-07-19,2026-07-10,72,75.0,1664,23.257,36.0,19.0,60.0,88.0,0.16667,5.5,-0.67278,False
TSLA,call,mid,Fri-0DTE,12:30,OTM2+,2024-07-19,2026-07-10,72,80.0,1664,22.656,36.0,20.0,62.0,88.0,0.16667,5.5,-0.67278,False
TSLA,call,mid,Fri-0DTE,12:30,OTM2+,2024-07-19,2026-07-10,72,90.0,1664,21.454,37.0,21.0,62.0,89.0,0.16667,5.5,-0.67278,False
TSLA,call,mid,Fri-0DTE,12:30,OTM2+,2024-07-19,2026-07-10,72,100.0,1664,20.433,38.0,22.0,62.25,88.5,0.16667,5.5,-0.67278,False
TSLA,call,market,Fri-0DTE,12:30,OTM2+,2024-07-19,2026-07-10,72,20.0,1664,22.356,31.0,14.0,57.0,93.0,-0.4375,2.0,-1.0,False
TSLA,call,market,Fri-0DTE,12:30,OTM2+,2024-07-19,2026-07-10,72,25.0,1664,21.815,33.0,16.0,58.0,93.0,-0.4375,2.0,-1.0,False
TSLA,call,market,Fri-0DTE,12:30,OTM2+,2024-07-19,2026-07-10,72,30.0,1664,20.493,34.0,17.0,58.0,94.0,-0.4375,2.0,-1.0,False
TSLA,call,market,Fri-0DTE,12:30,OTM2+,2024-07-19,2026-07-10,72,40.0,1664,19.351,36.0,19.25,59.75,93.0,-0.4375,2.0,-1.0,False
TSLA,call,market,Fri-0DTE,12:30,OTM2+,2024-07-19,2026-07-10,72,50.0,1664,18.389,37.0,20.25,61.0,91.0,-0.4375,2.0,-1.0,False
TSLA,call,market,Fri-0DTE,12:30,OTM2+,2024-07-19,2026-07-10,72,60.0,1664,17.308,37.0,21.0,65.0,91.0,-0.4375,2.0,-1.0,False
TSLA,call,market,Fri-0DTE,12:30,OTM2+,2024-07-19,2026-07-10,72,70.0,1664,16.346,37.0,22.0,65.0,93.5,-0.4375,2.0,-1.0,False
TSLA,call,market,Fri-0DTE,12:30,OTM2+,2024-07-19,2026-07-10,72,75.0,1664,16.106,38.0,22.0,65.0,94.0,-0.4375,2.0,-1.0,False
TSLA,call,market,Fri-0DTE,12:30,OTM2+,2024-07-19,2026-07-10,72,80.0,1664,15.445,38.0,23.0,62.0,94.0,-0.4375,2.0,-1.0,False
TSLA,call,market,Fri-0DTE,12:30,OTM2+,2024-07-19,2026-07-10,72,90.0,1664,14.904,42.0,25.75,66.25,93.5,-0.4375,2.0,-1.0,False
TSLA,call,market,Fri-0DTE,12:30,OTM2+,2024-07-19,2026-07-10,72,100.0,1664,14.123,43.0,27.5,67.0,92.0,-0.4375,2.0,-1.0,False
TSLA,call,mid,Fri-0DTE,13:00,OTM2+,2024-07-19,2026-07-10,69,20.0,1589,44.242,8.0,3.0,21.0,54.0,0.16667,6.0,-0.57143,False
TSLA,call,mid,Fri-0DTE,13:00,OTM2+,2024-07-19,2026-07-10,69,25.0,1589,42.92,10.0,4.0,22.0,53.0,0.16667,6.0,-0.57143,False
TSLA,call,mid,Fri-0DTE,13:00,OTM2+,2024-07-19,2026-07-10,69,30.0,1589,38.641,11.0,5.0,24.75,57.0,0.16667,6.0,-0.57143,False
TSLA,call,mid,Fri-0DTE,13:00,OTM2+,2024-07-19,2026-07-10,69,40.0,1589,31.215,13.0,7.0,27.25,62.0,0.16667,6.0,-0.57143,False
TSLA,call,mid,Fri-0DTE,13:00,OTM2+,2024-07-19,2026-07-10,69,50.0,1589,27.627,16.0,8.0,32.0,63.0,0.16667,6.0,-0.57143,False
TSLA,call,mid,Fri-0DTE,13:00,OTM2+,2024-07-19,2026-07-10,69,60.0,1589,24.858,19.0,10.5,37.0,69.0,0.16667,6.0,-0.57143,False
TSLA,call,mid,Fri-0DTE,13:00,OTM2+,2024-07-19,2026-07-10,69,70.0,1589,22.782,22.0,12.0,40.75,71.5,0.16667,6.0,-0.57143,False
TSLA,call,mid,Fri-0DTE,13:00,OTM2+,2024-07-19,2026-07-10,69,75.0,1589,21.46,25.0,13.0,43.0,74.0,0.16667,6.0,-0.57143,False
TSLA,call,mid,Fri-0DTE,13:00,OTM2+,2024-07-19,2026-07-10,69,80.0,1589,20.705,26.0,14.0,45.0,75.0,0.16667,6.0,-0.57143,False
TSLA,call,mid,Fri-0DTE,13:00,OTM2+,2024-07-19,2026-07-10,69,90.0,1589,19.383,31.5,16.0,47.25,77.5,0.16667,6.0,-0.57143,False
TSLA,call,mid,Fri-0DTE,13:00,OTM2+,2024-07-19,2026-07-10,69,100.0,1589,18.062,32.0,16.0,49.5,81.0,0.16667,6.0,-0.57143,False
TSLA,call,market,Fri-0DTE,13:00,OTM2+,2024-07-19,2026-07-10,69,20.0,1589,19.761,21.0,11.0,42.0,75.5,-0.53333,2.0,-1.0,False
TSLA,call,market,Fri-0DTE,13:00,OTM2+,2024-07-19,2026-07-10,69,25.0,1589,19.194,22.0,12.0,44.0,77.0,-0.53333,2.0,-1.0,False
TSLA,call,market,Fri-0DTE,13:00,OTM2+,2024-07-19,2026-07-10,69,30.0,1589,17.999,24.5,14.0,45.0,79.0,-0.53333,2.0,-1.0,False
TSLA,call,market,Fri-0DTE,13:00,OTM2+,2024-07-19,2026-07-10,69,40.0,1589,16.362,28.0,15.0,47.25,84.0,-0.53333,2.0,-1.0,False
TSLA,call,market,Fri-0DTE,13:00,OTM2+,2024-07-19,2026-07-10,69,50.0,1589,15.041,30.0,17.0,50.0,88.0,-0.53333,2.0,-1.0,False
TSLA,call,market,Fri-0DTE,13:00,OTM2+,2024-07-19,2026-07-10,69,60.0,1589,14.475,33.0,19.25,52.75,89.0,-0.53333,2.0,-1.0,False
TSLA,call,market,Fri-0DTE,13:00,OTM2+,2024-07-19,2026-07-10,69,70.0,1589,13.279,37.0,22.0,57.0,97.0,-0.53333,2.0,-1.0,False
TSLA,call,market,Fri-0DTE,13:00,OTM2+,2024-07-19,2026-07-10,69,75.0,1589,13.09,37.0,22.0,58.0,97.0,-0.53333,2.0,-1.0,False
TSLA,call,market,Fri-0DTE,13:00,OTM2+,2024-07-19,2026-07-10,69,80.0,1589,12.712,37.5,23.0,58.75,97.5,-0.53333,2.0,-1.0,False
TSLA,call,market,Fri-0DTE,13:00,OTM2+,2024-07-19,2026-07-10,69,90.0,1589,11.705,41.5,25.25,60.5,99.0,-0.53333,2.0,-1.0,False
TSLA,call,market,Fri-0DTE,13:00,OTM2+,2024-07-19,2026-07-10,69,100.0,1589,11.139,42.0,27.0,64.0,105.0,-0.53333,2.0,-1.0,False
TSLA,call,mid,Fri-0DTE,13:30,OTM1,2024-07-19,2026-07-10,69,20.0,380,62.368,7.0,3.0,16.0,67.0,0.4,13.0,-0.91928,False
TSLA,call,mid,Fri-0DTE,13:30,OTM1,2024-07-19,2026-07-10,69,25.0,380,58.421,8.0,4.0,19.75,75.0,0.4,13.0,-0.91928,False
TSLA,call,mid,Fri-0DTE,13:30,OTM1,2024-07-19,2026-07-10,69,30.0,380,56.053,10.0,5.0,22.0,80.0,0.4,13.0,-0.91928,False
TSLA,call,mid,Fri-0DTE,13:30,OTM1,2024-07-19,2026-07-10,69,40.0,380,50.263,12.0,6.0,31.0,82.0,0.4,13.0,-0.91928,False
TSLA,call,mid,Fri-0DTE,13:30,OTM1,2024-07-19,2026-07-10,69,50.0,380,44.474,13.0,6.0,31.0,84.0,0.4,13.0,-0.91928,False
TSLA,call,mid,Fri-0DTE,13:30,OTM1,2024-07-19,2026-07-10,69,60.0,380,37.895,16.0,8.0,35.25,88.5,0.4,13.0,-0.91928,False
TSLA,call,mid,Fri-0DTE,13:30,OTM1,2024-07-19,2026-07-10,69,70.0,380,35.0,17.0,9.0,37.0,88.0,0.4,13.0,-0.91928,False
TSLA,call,mid,Fri-0DTE,13:30,OTM1,2024-07-19,2026-07-10,69,75.0,380,32.368,18.0,11.0,39.5,100.0,0.4,13.0,-0.91928,False
TSLA,call,mid,Fri-0DTE,13:30,OTM1,2024-07-19,2026-07-10,69,80.0,380,31.053,20.5,11.0,44.25,98.5,0.4,13.0,-0.91928,False
TSLA,call,mid,Fri-0DTE,13:30,OTM1,2024-07-19,2026-07-10,69,90.0,380,29.474,22.5,12.0,50.5,102.0,0.4,13.0,-0.91928,False
TSLA,call,mid,Fri-0DTE,13:30,OTM1,2024-07-19,2026-07-10,69,100.0,380,26.842,23.5,13.0,50.0,124.0,0.4,13.0,-0.91928,False
TSLA,call,market,Fri-0DTE,13:30,OTM1,2024-07-19,2026-07-10,69,20.0,380,48.158,11.0,5.0,26.5,89.0,0.13617,13.0,-1.0,False
TSLA,call,market,Fri-0DTE,13:30,OTM1,2024-07-19,2026-07-10,69,25.0,380,44.737,12.5,6.25,31.75,91.0,0.13617,13.0,-1.0,False
TSLA,call,market,Fri-0DTE,13:30,OTM1,2024-07-19,2026-07-10,69,30.0,380,41.842,14.0,7.0,32.5,91.0,0.13617,13.0,-1.0,False
TSLA,call,market,Fri-0DTE,13:30,OTM1,2024-07-19,2026-07-10,69,40.0,380,36.316,16.0,8.0,35.75,95.0,0.13617,13.0,-1.0,False
TSLA,call,market,Fri-0DTE,13:30,OTM1,2024-07-19,2026-07-10,69,50.0,380,33.158,17.0,9.0,35.75,98.5,0.13617,13.0,-1.0,False
TSLA,call,market,Fri-0DTE,13:30,OTM1,2024-07-19,2026-07-10,69,60.0,380,29.211,18.0,10.5,40.5,109.0,0.13617,13.0,-1.0,False
TSLA,call,market,Fri-0DTE,13:30,OTM1,2024-07-19,2026-07-10,69,70.0,380,27.368,22.0,11.75,48.5,124.0,0.13617,13.0,-1.0,False
TSLA,call,market,Fri-0DTE,13:30,OTM1,2024-07-19,2026-07-10,69,75.0,380,27.105,23.0,13.0,51.5,124.0,0.13617,13.0,-1.0,False
TSLA,call,market,Fri-0DTE,13:30,OTM1,2024-07-19,2026-07-10,69,80.0,380,26.053,23.0,13.0,49.0,124.0,0.13617,13.0,-1.0,False
TSLA,call,market,Fri-0DTE,13:30,OTM1,2024-07-19,2026-07-10,69,90.0,380,23.947,27.0,15.5,59.5,124.0,0.13617,13.0,-1.0,False
TSLA,call,market,Fri-0DTE,13:30,OTM1,2024-07-19,2026-07-10,69,100.0,380,22.368,29.0,17.0,64.0,124.0,0.13617,13.0,-1.0,False
TSLA,call,mid,Fri-0DTE,14:00,OTM1,2024-07-19,2026-07-10,71,20.0,383,59.53,6.0,2.75,18.0,44.5,0.27273,11.0,-0.9,False
TSLA,call,mid,Fri-0DTE,14:00,OTM1,2024-07-19,2026-07-10,71,25.0,383,51.697,7.5,3.0,25.0,50.5,0.27273,11.0,-0.9,False
TSLA,call,mid,Fri-0DTE,14:00,OTM1,2024-07-19,2026-07-10,71,30.0,383,48.042,9.0,4.0,30.0,56.0,0.27273,11.0,-0.9,False
TSLA,call,mid,Fri-0DTE,14:00,OTM1,2024-07-19,2026-07-10,71,40.0,383,40.731,14.0,6.0,42.25,64.0,0.27273,11.0,-0.9,False
TSLA,call,mid,Fri-0DTE,14:00,OTM1,2024-07-19,2026-07-10,71,50.0,383,35.509,17.5,7.0,53.25,74.5,0.27273,11.0,-0.9,False
TSLA,call,mid,Fri-0DTE,14:00,OTM1,2024-07-19,2026-07-10,71,60.0,383,33.681,20.0,9.0,61.0,74.0,0.27273,11.0,-0.9,False
TSLA,call,mid,Fri-0DTE,14:00,OTM1,2024-07-19,2026-07-10,71,70.0,383,30.548,25.0,11.0,58.0,74.0,0.27273,11.0,-0.9,False
TSLA,call,mid,Fri-0DTE,14:00,OTM1,2024-07-19,2026-07-10,71,75.0,383,30.026,27.0,12.0,61.5,74.0,0.27273,11.0,-0.9,False
TSLA,call,mid,Fri-0DTE,14:00,OTM1,2024-07-19,2026-07-10,71,80.0,383,29.504,27.0,13.0,63.0,76.0,0.27273,11.0,-0.9,False
TSLA,call,mid,Fri-0DTE,14:00,OTM1,2024-07-19,2026-07-10,71,90.0,383,25.587,31.5,15.0,72.75,86.5,0.27273,11.0,-0.9,False
TSLA,call,mid,Fri-0DTE,14:00,OTM1,2024-07-19,2026-07-10,71,100.0,383,23.238,31.0,16.0,68.0,91.0,0.27273,11.0,-0.9,False
TSLA,call,market,Fri-0DTE,14:00,OTM1,2024-07-19,2026-07-10,71,20.0,383,38.12,16.0,6.0,38.0,64.0,0.04082,10.0,-1.0,False
TSLA,call,market,Fri-0DTE,14:00,OTM1,2024-07-19,2026-07-10,71,25.0,383,34.726,20.0,7.0,47.0,76.0,0.04082,10.0,-1.0,False
TSLA,call,market,Fri-0DTE,14:00,OTM1,2024-07-19,2026-07-10,71,30.0,383,33.42,22.5,9.0,56.25,77.5,0.04082,10.0,-1.0,False
TSLA,call,market,Fri-0DTE,14:00,OTM1,2024-07-19,2026-07-10,71,40.0,383,31.854,25.0,10.25,62.5,79.0,0.04082,10.0,-1.0,False
TSLA,call,market,Fri-0DTE,14:00,OTM1,2024-07-19,2026-07-10,71,50.0,383,28.198,30.5,13.0,68.0,83.0,0.04082,10.0,-1.0,False
TSLA,call,market,Fri-0DTE,14:00,OTM1,2024-07-19,2026-07-10,71,60.0,383,25.326,31.0,15.0,69.0,89.0,0.04082,10.0,-1.0,False
TSLA,call,market,Fri-0DTE,14:00,OTM1,2024-07-19,2026-07-10,71,70.0,383,22.977,37.0,17.0,85.0,89.5,0.04082,10.0,-1.0,False
TSLA,call,market,Fri-0DTE,14:00,OTM1,2024-07-19,2026-07-10,71,75.0,383,22.193,37.0,17.0,84.0,90.0,0.04082,10.0,-1.0,False
TSLA,call,market,Fri-0DTE,14:00,OTM1,2024-07-19,2026-07-10,71,80.0,383,19.321,35.0,16.25,86.75,94.0,0.04082,10.0,-1.0,False
TSLA,call,market,Fri-0DTE,14:00,OTM1,2024-07-19,2026-07-10,71,90.0,383,18.538,34.0,17.0,85.5,94.0,0.04082,10.0,-1.0,False
TSLA,call,market,Fri-0DTE,14:00,OTM1,2024-07-19,2026-07-10,71,100.0,383,17.493,36.0,17.5,86.5,94.0,0.04082,10.0,-1.0,False
TSLA,call,mid,Fri-0DTE,14:30,OTM1,2024-07-19,2026-07-10,70,20.0,370,55.676,6.0,3.0,18.75,34.0,0.28869,9.0,-0.85826,False
TSLA,call,mid,Fri-0DTE,14:30,OTM1,2024-07-19,2026-07-10,70,25.0,370,52.703,7.0,3.0,21.0,39.0,0.28869,9.0,-0.85826,False
TSLA,call,mid,Fri-0DTE,14:30,OTM1,2024-07-19,2026-07-10,70,30.0,370,49.73,8.0,4.0,22.0,42.0,0.28869,9.0,-0.85826,False
TSLA,call,mid,Fri-0DTE,14:30,OTM1,2024-07-19,2026-07-10,70,40.0,370,43.243,12.0,6.0,24.25,47.0,0.28869,9.0,-0.85826,False
TSLA,call,mid,Fri-0DTE,14:30,OTM1,2024-07-19,2026-07-10,70,50.0,370,37.568,15.0,8.0,28.0,56.0,0.28869,9.0,-0.85826,False
TSLA,call,mid,Fri-0DTE,14:30,OTM1,2024-07-19,2026-07-10,70,60.0,370,32.973,19.0,10.0,40.0,64.0,0.28869,9.0,-0.85826,False
TSLA,call,mid,Fri-0DTE,14:30,OTM1,2024-07-19,2026-07-10,70,70.0,370,30.27,23.0,11.0,46.0,64.0,0.28869,9.0,-0.85826,False
TSLA,call,mid,Fri-0DTE,14:30,OTM1,2024-07-19,2026-07-10,70,75.0,370,28.378,24.0,12.0,46.0,64.0,0.28869,9.0,-0.85826,False
TSLA,call,mid,Fri-0DTE,14:30,OTM1,2024-07-19,2026-07-10,70,80.0,370,27.297,26.0,12.0,50.0,64.0,0.28869,9.0,-0.85826,False
TSLA,call,mid,Fri-0DTE,14:30,OTM1,2024-07-19,2026-07-10,70,90.0,370,25.135,33.0,13.0,57.0,64.0,0.28869,9.0,-0.85826,False
TSLA,call,mid,Fri-0DTE,14:30,OTM1,2024-07-19,2026-07-10,70,100.0,370,23.784,34.5,13.0,56.25,64.0,0.28869,9.0,-0.85826,False
TSLA,call,market,Fri-0DTE,14:30,OTM1,2024-07-19,2026-07-10,70,20.0,370,35.946,16.0,6.0,32.0,61.0,-0.00625,8.5,-1.0,False
TSLA,call,market,Fri-0DTE,14:30,OTM1,2024-07-19,2026-07-10,70,25.0,370,34.595,17.5,7.0,37.0,64.0,-0.00625,8.5,-1.0,False
TSLA,call,market,Fri-0DTE,14:30,OTM1,2024-07-19,2026-07-10,70,30.0,370,31.622,19.0,7.0,42.0,64.0,-0.00625,8.5,-1.0,False
TSLA,call,market,Fri-0DTE,14:30,OTM1,2024-07-19,2026-07-10,70,40.0,370,27.027,27.0,10.75,52.5,67.0,-0.00625,8.5,-1.0,False
TSLA,call,market,Fri-0DTE,14:30,OTM1,2024-07-19,2026-07-10,70,50.0,370,24.865,33.5,12.75,57.25,69.0,-0.00625,8.5,-1.0,False
TSLA,call,market,Fri-0DTE,14:30,OTM1,2024-07-19,2026-07-10,70,60.0,370,22.973,38.0,13.0,59.0,69.0,-0.00625,8.5,-1.0,False
TSLA,call,market,Fri-0DTE,14:30,OTM1,2024-07-19,2026-07-10,70,70.0,370,22.162,42.0,16.5,59.0,68.5,-0.00625,8.5,-1.0,False
TSLA,call,market,Fri-0DTE,14:30,OTM1,2024-07-19,2026-07-10,70,75.0,370,21.622,43.0,17.5,59.25,69.0,-0.00625,8.5,-1.0,False
TSLA,call,market,Fri-0DTE,14:30,OTM1,2024-07-19,2026-07-10,70,80.0,370,21.622,43.0,17.75,60.0,69.0,-0.00625,8.5,-1.0,False
TSLA,call,market,Fri-0DTE,14:30,OTM1,2024-07-19,2026-07-10,70,90.0,370,19.459,43.5,20.25,59.0,66.0,-0.00625,8.5,-1.0,False
TSLA,call,market,Fri-0DTE,14:30,OTM1,2024-07-19,2026-07-10,70,100.0,370,18.919,45.0,22.0,60.0,68.0,-0.00625,8.5,-1.0,False
TSLA,call,mid,Fri-0DTE,15:00,OTM1,2024-07-19,2026-07-10,69,20.0,390,48.205,4.0,2.0,12.0,28.5,0.1835,3.0,-0.74856,False
TSLA,call,mid,Fri-0DTE,15:00,OTM1,2024-07-19,2026-07-10,69,25.0,390,46.41,4.0,2.0,12.0,30.0,0.1835,3.0,-0.74856,False
TSLA,call,mid,Fri-0DTE,15:00,OTM1,2024-07-19,2026-07-10,69,30.0,390,43.846,5.0,2.0,13.0,33.0,0.1835,3.0,-0.74856,False
TSLA,call,mid,Fri-0DTE,15:00,OTM1,2024-07-19,2026-07-10,69,40.0,390,38.974,6.5,3.0,15.25,34.0,0.1835,3.0,-0.74856,False
TSLA,call,mid,Fri-0DTE,15:00,OTM1,2024-07-19,2026-07-10,69,50.0,390,33.846,9.0,4.0,21.0,38.5,0.1835,3.0,-0.74856,False
TSLA,call,mid,Fri-0DTE,15:00,OTM1,2024-07-19,2026-07-10,69,60.0,390,31.026,10.0,5.0,23.0,39.0,0.1835,3.0,-0.74856,False
TSLA,call,mid,Fri-0DTE,15:00,OTM1,2024-07-19,2026-07-10,69,70.0,390,28.974,12.0,6.0,28.0,39.0,0.1835,3.0,-0.74856,False
TSLA,call,mid,Fri-0DTE,15:00,OTM1,2024-07-19,2026-07-10,69,75.0,390,28.205,13.0,6.0,29.75,39.0,0.1835,3.0,-0.74856,False
TSLA,call,mid,Fri-0DTE,15:00,OTM1,2024-07-19,2026-07-10,69,80.0,390,26.923,14.0,7.0,31.0,39.0,0.1835,3.0,-0.74856,False
TSLA,call,mid,Fri-0DTE,15:00,OTM1,2024-07-19,2026-07-10,69,90.0,390,25.641,14.0,7.75,30.25,39.0,0.1835,3.0,-0.74856,False
TSLA,call,mid,Fri-0DTE,15:00,OTM1,2024-07-19,2026-07-10,69,100.0,390,24.359,15.0,8.0,31.0,39.0,0.1835,3.0,-0.74856,False
TSLA,call,market,Fri-0DTE,15:00,OTM1,2024-07-19,2026-07-10,69,20.0,390,29.231,10.5,5.0,24.75,39.0,-0.28992,2.0,-1.0,False
TSLA,call,market,Fri-0DTE,15:00,OTM1,2024-07-19,2026-07-10,69,25.0,390,27.436,13.0,6.0,29.0,39.0,-0.28992,2.0,-1.0,False
TSLA,call,market,Fri-0DTE,15:00,OTM1,2024-07-19,2026-07-10,69,30.0,390,25.897,13.0,6.0,30.0,39.0,-0.28992,2.0,-1.0,False
TSLA,call,market,Fri-0DTE,15:00,OTM1,2024-07-19,2026-07-10,69,40.0,390,24.359,14.0,7.5,31.0,39.0,-0.28992,2.0,-1.0,False
TSLA,call,market,Fri-0DTE,15:00,OTM1,2024-07-19,2026-07-10,69,50.0,390,22.564,16.0,8.0,34.25,40.0,-0.28992,2.0,-1.0,False
TSLA,call,market,Fri-0DTE,15:00,OTM1,2024-07-19,2026-07-10,69,60.0,390,20.513,17.0,8.0,35.25,42.0,-0.28992,2.0,-1.0,False
TSLA,call,market,Fri-0DTE,15:00,OTM1,2024-07-19,2026-07-10,69,70.0,390,19.487,21.0,10.0,37.0,43.0,-0.28992,2.0,-1.0,False
TSLA,call,market,Fri-0DTE,15:00,OTM1,2024-07-19,2026-07-10,69,75.0,390,19.231,21.0,10.0,36.5,44.0,-0.28992,2.0,-1.0,False
TSLA,call,market,Fri-0DTE,15:00,OTM1,2024-07-19,2026-07-10,69,80.0,390,18.974,21.0,10.0,37.75,44.0,-0.28992,2.0,-1.0,False
TSLA,call,market,Fri-0DTE,15:00,OTM1,2024-07-19,2026-07-10,69,90.0,390,18.718,22.0,11.0,38.0,44.0,-0.28992,2.0,-1.0,False
TSLA,call,market,Fri-0DTE,15:00,OTM1,2024-07-19,2026-07-10,69,100.0,390,17.692,23.0,12.0,39.0,44.0,-0.28992,2.0,-1.0,False
TSLA,call,mid,Fri-0DTE,15:30,OTM1,2024-07-19,2026-07-10,68,20.0,68,47.059,3.0,2.0,7.0,19.0,0.16954,4.0,-0.5,False
TSLA,call,mid,Fri-0DTE,15:30,OTM1,2024-07-19,2026-07-10,68,25.0,68,47.059,3.0,2.0,7.0,19.0,0.16954,4.0,-0.5,False
TSLA,call,mid,Fri-0DTE,15:30,OTM1,2024-07-19,2026-07-10,68,30.0,68,47.059,4.0,2.0,7.0,19.0,0.16954,4.0,-0.5,False
TSLA,call,mid,Fri-0DTE,15:30,OTM1,2024-07-19,2026-07-10,68,40.0,68,42.647,4.0,2.0,8.0,20.0,0.16954,4.0,-0.5,False
TSLA,call,mid,Fri-0DTE,15:30,OTM1,2024-07-19,2026-07-10,68,50.0,68,42.647,6.0,3.0,10.0,19.0,0.16954,4.0,-0.5,False
TSLA,call,mid,Fri-0DTE,15:30,OTM1,2024-07-19,2026-07-10,68,60.0,68,38.235,6.5,4.0,10.0,22.0,0.16954,4.0,-0.5,False
TSLA,call,mid,Fri-0DTE,15:30,OTM1,2024-07-19,2026-07-10,68,70.0,68,38.235,6.5,4.0,10.0,22.0,0.16954,4.0,-0.5,False
TSLA,call,mid,Fri-0DTE,15:30,OTM1,2024-07-19,2026-07-10,68,75.0,68,35.294,7.0,4.0,12.5,22.5,0.16954,4.0,-0.5,False
TSLA,call,mid,Fri-0DTE,15:30,OTM1,2024-07-19,2026-07-10,68,80.0,68,33.824,7.0,4.0,10.5,22.0,0.16954,4.0,-0.5,False
TSLA,call,mid,Fri-0DTE,15:30,OTM1,2024-07-19,2026-07-10,68,90.0,68,30.882,8.0,4.0,13.0,23.0,0.16954,4.0,-0.5,False
TSLA,call,mid,Fri-0DTE,15:30,OTM1,2024-07-19,2026-07-10,68,100.0,68,29.412,8.0,3.75,14.75,26.0,0.16954,4.0,-0.5,False
TSLA,call,market,Fri-0DTE,15:30,OTM1,2024-07-19,2026-07-10,68,20.0,68,32.353,7.5,3.25,12.5,23.5,-0.45227,2.0,-1.0,False
TSLA,call,market,Fri-0DTE,15:30,OTM1,2024-07-19,2026-07-10,68,25.0,68,30.882,8.0,3.0,13.0,23.0,-0.45227,2.0,-1.0,False
TSLA,call,market,Fri-0DTE,15:30,OTM1,2024-07-19,2026-07-10,68,30.0,68,30.882,8.0,4.0,14.0,23.0,-0.45227,2.0,-1.0,False
TSLA,call,market,Fri-0DTE,15:30,OTM1,2024-07-19,2026-07-10,68,40.0,68,27.941,11.0,4.0,21.5,26.0,-0.45227,2.0,-1.0,False
TSLA,call,market,Fri-0DTE,15:30,OTM1,2024-07-19,2026-07-10,68,50.0,68,22.059,11.0,4.0,23.0,29.0,-0.45227,2.0,-1.0,False
TSLA,call,market,Fri-0DTE,15:30,OTM1,2024-07-19,2026-07-10,68,60.0,68,20.588,12.0,4.25,20.75,29.0,-0.45227,2.0,-1.0,False
TSLA,call,market,Fri-0DTE,15:30,OTM1,2024-07-19,2026-07-10,68,70.0,68,20.588,12.0,5.25,20.75,29.0,-0.45227,2.0,-1.0,False
TSLA,call,market,Fri-0DTE,15:30,OTM1,2024-07-19,2026-07-10,68,75.0,68,19.118,13.0,5.0,21.0,29.0,-0.45227,2.0,-1.0,False
TSLA,call,market,Fri-0DTE,15:30,OTM1,2024-07-19,2026-07-10,68,80.0,68,19.118,13.0,5.0,23.0,29.0,-0.45227,2.0,-1.0,False
TSLA,call,market,Fri-0DTE,15:30,OTM1,2024-07-19,2026-07-10,68,90.0,68,19.118,13.0,5.0,23.0,29.0,-0.45227,2.0,-1.0,False
TSLA,call,market,Fri-0DTE,15:30,OTM1,2024-07-19,2026-07-10,68,100.0,68,19.118,13.0,5.0,23.0,29.0,-0.45227,2.0,-1.0,False
TSLA,call,mid,Fri-0DTE,10:00,OTM1,2024-07-19,2026-07-10,92,20.0,520,70.962,9.0,4.0,30.0,248.0,0.67174,45.0,-0.9719,False
TSLA,call,mid,Fri-0DTE,10:00,OTM1,2024-07-19,2026-07-10,92,25.0,520,68.654,12.0,5.0,38.0,251.0,0.67174,45.0,-0.9719,False
TSLA,call,mid,Fri-0DTE,10:00,OTM1,2024-07-19,2026-07-10,92,30.0,520,65.192,15.0,6.0,45.0,263.0,0.67174,45.0,-0.9719,False
TSLA,call,mid,Fri-0DTE,10:00,OTM1,2024-07-19,2026-07-10,92,40.0,520,60.385,21.0,9.0,55.75,269.0,0.67174,45.0,-0.9719,False
TSLA,call,mid,Fri-0DTE,10:00,OTM1,2024-07-19,2026-07-10,92,50.0,520,56.346,27.0,13.0,75.0,271.0,0.67174,45.0,-0.9719,False
TSLA,call,mid,Fri-0DTE,10:00,OTM1,2024-07-19,2026-07-10,92,60.0,520,52.692,33.0,15.25,79.0,276.0,0.67174,45.0,-0.9719,False
TSLA,call,mid,Fri-0DTE,10:00,OTM1,2024-07-19,2026-07-10,92,70.0,520,49.231,39.0,19.0,96.0,289.5,0.67174,45.0,-0.9719,False
TSLA,call,mid,Fri-0DTE,10:00,OTM1,2024-07-19,2026-07-10,92,75.0,520,47.885,42.0,19.0,99.0,290.0,0.67174,45.0,-0.9719,False
TSLA,call,mid,Fri-0DTE,10:00,OTM1,2024-07-19,2026-07-10,92,80.0,520,45.962,44.0,21.0,104.0,298.0,0.67174,45.0,-0.9719,False
TSLA,call,mid,Fri-0DTE,10:00,OTM1,2024-07-19,2026-07-10,92,90.0,520,43.269,52.0,24.0,111.0,301.0,0.67174,45.0,-0.9719,False
TSLA,call,mid,Fri-0DTE,10:00,OTM1,2024-07-19,2026-07-10,92,100.0,520,41.538,56.0,25.0,119.0,298.5,0.67174,45.0,-0.9719,False
TSLA,call,market,Fri-0DTE,10:00,OTM1,2024-07-19,2026-07-10,92,20.0,520,66.538,13.5,6.0,43.75,256.0,0.56767,45.0,-1.0,False
TSLA,call,market,Fri-0DTE,10:00,OTM1,2024-07-19,2026-07-10,92,25.0,520,63.846,16.0,6.0,47.0,264.5,0.56767,45.0,-1.0,False
TSLA,call,market,Fri-0DTE,10:00,OTM1,2024-07-19,2026-07-10,92,30.0,520,61.538,19.0,8.75,55.5,266.5,0.56767,45.0,-1.0,False
TSLA,call,market,Fri-0DTE,10:00,OTM1,2024-07-19,2026-07-10,92,40.0,520,57.115,27.0,11.0,74.0,279.0,0.56767,45.0,-1.0,False
TSLA,call,market,Fri-0DTE,10:00,OTM1,2024-07-19,2026-07-10,92,50.0,520,53.269,33.0,14.0,79.0,286.0,0.56767,45.0,-1.0,False
TSLA,call,market,Fri-0DTE,10:00,OTM1,2024-07-19,2026-07-10,92,60.0,520,49.038,38.0,18.0,88.0,294.0,0.56767,45.0,-1.0,False
TSLA,call,market,Fri-0DTE,10:00,OTM1,2024-07-19,2026-07-10,92,70.0,520,46.731,44.0,20.0,102.0,297.0,0.56767,45.0,-1.0,False
TSLA,call,market,Fri-0DTE,10:00,OTM1,2024-07-19,2026-07-10,92,75.0,520,45.0,48.0,22.0,104.0,304.5,0.56767,45.0,-1.0,False
TSLA,call,market,Fri-0DTE,10:00,OTM1,2024-07-19,2026-07-10,92,80.0,520,42.885,51.0,23.0,104.5,318.0,0.56767,45.0,-1.0,False
TSLA,call,market,Fri-0DTE,10:00,OTM1,2024-07-19,2026-07-10,92,90.0,520,41.154,52.5,26.0,120.5,310.5,0.56767,45.0,-1.0,False
TSLA,call,market,Fri-0DTE,10:00,OTM1,2024-07-19,2026-07-10,92,100.0,520,39.423,57.0,28.0,124.0,305.0,0.56767,45.0,-1.0,False
TSLA,call,mid,Fri-0DTE,10:30,OTM2+,2024-07-19,2026-07-10,83,20.0,1763,57.742,9.5,3.25,28.75,85.0,0.3,16.0,-0.90323,False
TSLA,call,mid,Fri-0DTE,10:30,OTM2+,2024-07-19,2026-07-10,83,25.0,1763,54.509,11.0,5.0,35.0,93.0,0.3,16.0,-0.90323,False
TSLA,call,mid,Fri-0DTE,10:30,OTM2+,2024-07-19,2026-07-10,83,30.0,1763,50.425,15.0,6.0,42.0,101.0,0.3,16.0,-0.90323,False
TSLA,call,mid,Fri-0DTE,10:30,OTM2+,2024-07-19,2026-07-10,83,40.0,1763,43.562,21.0,8.0,54.0,129.0,0.3,16.0,-0.90323,False
TSLA,call,mid,Fri-0DTE,10:30,OTM2+,2024-07-19,2026-07-10,83,50.0,1763,37.436,24.0,9.0,67.25,145.0,0.3,16.0,-0.90323,False
TSLA,call,mid,Fri-0DTE,10:30,OTM2+,2024-07-19,2026-07-10,83,60.0,1763,33.863,32.0,12.0,81.0,164.0,0.3,16.0,-0.90323,False
TSLA,call,mid,Fri-0DTE,10:30,OTM2+,2024-07-19,2026-07-10,83,70.0,1763,30.119,39.0,16.0,86.0,177.0,0.3,16.0,-0.90323,False
TSLA,call,mid,Fri-0DTE,10:30,OTM2+,2024-07-19,2026-07-10,83,75.0,1763,29.325,43.0,18.0,90.0,179.0,0.3,16.0,-0.90323,False
TSLA,call,mid,Fri-0DTE,10:30,OTM2+,2024-07-19,2026-07-10,83,80.0,1763,27.737,48.0,21.0,93.0,182.0,0.3,16.0,-0.90323,False
TSLA,call,mid,Fri-0DTE,10:30,OTM2+,2024-07-19,2026-07-10,83,90.0,1763,26.092,52.5,23.0,98.0,190.0,0.3,16.0,-0.90323,False
TSLA,call,mid,Fri-0DTE,10:30,OTM2+,2024-07-19,2026-07-10,83,100.0,1763,24.957,56.0,27.0,100.25,192.0,0.3,16.0,-0.90323,False
TSLA,call,market,Fri-0DTE,10:30,OTM2+,2024-07-19,2026-07-10,83,20.0,1763,38.514,21.0,8.0,55.5,145.0,0.0,16.0,-1.0,False
TSLA,call,market,Fri-0DTE,10:30,OTM2+,2024-07-19,2026-07-10,83,25.0,1763,36.699,26.0,9.0,67.0,153.0,0.0,16.0,-1.0,False
TSLA,call,market,Fri-0DTE,10:30,OTM2+,2024-07-19,2026-07-10,83,30.0,1763,33.976,28.0,11.0,79.0,167.0,0.0,16.0,-1.0,False
TSLA,call,market,Fri-0DTE,10:30,OTM2+,2024-07-19,2026-07-10,83,40.0,1763,30.346,37.0,14.0,88.5,181.0,0.0,16.0,-1.0,False
TSLA,call,market,Fri-0DTE,10:30,OTM2+,2024-07-19,2026-07-10,83,50.0,1763,27.51,43.0,17.0,97.0,189.0,0.0,16.0,-1.0,False
TSLA,call,market,Fri-0DTE,10:30,OTM2+,2024-07-19,2026-07-10,83,60.0,1763,25.525,51.0,21.0,100.0,197.0,0.0,16.0,-1.0,False
TSLA,call,market,Fri-0DTE,10:30,OTM2+,2024-07-19,2026-07-10,83,70.0,1763,23.596,56.0,27.75,103.0,208.5,0.0,16.0,-1.0,False
TSLA,call,market,Fri-0DTE,10:30,OTM2+,2024-07-19,2026-07-10,83,75.0,1763,22.972,59.0,29.0,105.0,209.0,0.0,16.0,-1.0,False
TSLA,call,market,Fri-0DTE,10:30,OTM2+,2024-07-19,2026-07-10,83,80.0,1763,22.235,62.5,32.0,108.0,210.5,0.0,16.0,-1.0,False
TSLA,call,market,Fri-0DTE,10:30,OTM2+,2024-07-19,2026-07-10,83,90.0,1763,21.1,69.5,34.75,113.0,211.0,0.0,16.0,-1.0,False
TSLA,call,market,Fri-0DTE,10:30,OTM2+,2024-07-19,2026-07-10,83,100.0,1763,19.966,74.0,38.75,117.0,215.0,0.0,16.0,-1.0,False
TSLA,call,mid,Fri-0DTE,11:00,OTM1,2024-07-19,2026-07-10,78,20.0,436,77.752,11.0,4.0,26.0,210.0,0.67862,63.5,-0.95384,False
TSLA,call,mid,Fri-0DTE,11:00,OTM1,2024-07-19,2026-07-10,78,25.0,436,74.312,12.0,5.0,32.0,214.0,0.67862,63.5,-0.95384,False
TSLA,call,mid,Fri-0DTE,11:00,OTM1,2024-07-19,2026-07-10,78,30.0,436,69.725,15.5,7.0,43.0,215.0,0.67862,63.5,-0.95384,False
TSLA,call,mid,Fri-0DTE,11:00,OTM1,2024-07-19,2026-07-10,78,40.0,436,64.22,22.0,9.0,59.25,219.0,0.67862,63.5,-0.95384,False
TSLA,call,mid,Fri-0DTE,11:00,OTM1,2024-07-19,2026-07-10,78,50.0,436,59.174,26.0,12.0,68.75,228.0,0.67862,63.5,-0.95384,False
TSLA,call,mid,Fri-0DTE,11:00,OTM1,2024-07-19,2026-07-10,78,60.0,436,54.128,34.0,17.0,82.25,231.0,0.67862,63.5,-0.95384,False
TSLA,call,mid,Fri-0DTE,11:00,OTM1,2024-07-19,2026-07-10,78,70.0,436,49.312,51.0,19.5,92.0,233.0,0.67862,63.5,-0.95384,False
TSLA,call,mid,Fri-0DTE,11:00,OTM1,2024-07-19,2026-07-10,78,75.0,436,48.394,54.0,21.0,96.5,231.0,0.67862,63.5,-0.95384,False
TSLA,call,mid,Fri-0DTE,11:00,OTM1,2024-07-19,2026-07-10,78,80.0,436,47.248,58.0,24.0,102.75,228.5,0.67862,63.5,-0.95384,False
TSLA,call,mid,Fri-0DTE,11:00,OTM1,2024-07-19,2026-07-10,78,90.0,436,44.495,62.5,28.25,108.75,225.5,0.67862,63.5,-0.95384,False
TSLA,call,mid,Fri-0DTE,11:00,OTM1,2024-07-19,2026-07-10,78,100.0,436,42.431,70.0,34.0,110.0,225.0,0.67862,63.5,-0.95384,False
TSLA,call,market,Fri-0DTE,11:00,OTM1,2024-07-19,2026-07-10,78,20.0,436,70.872,15.0,7.0,38.0,214.0,0.58474,63.5,-1.0,False
TSLA,call,market,Fri-0DTE,11:00,OTM1,2024-07-19,2026-07-10,78,25.0,436,66.972,19.0,9.0,44.25,215.0,0.58474,63.5,-1.0,False
TSLA,call,market,Fri-0DTE,11:00,OTM1,2024-07-19,2026-07-10,78,30.0,436,63.991,23.0,10.0,59.5,220.0,0.58474,63.5,-1.0,False
TSLA,call,market,Fri-0DTE,11:00,OTM1,2024-07-19,2026-07-10,78,40.0,436,58.028,28.0,14.0,69.0,231.0,0.58474,63.5,-1.0,False
TSLA,call,market,Fri-0DTE,11:00,OTM1,2024-07-19,2026-07-10,78,50.0,436,52.294,37.5,17.0,87.25,234.0,0.58474,63.5,-1.0,False
TSLA,call,market,Fri-0DTE,11:00,OTM1,2024-07-19,2026-07-10,78,60.0,436,49.541,51.0,21.0,93.25,230.5,0.58474,63.5,-1.0,False
TSLA,call,market,Fri-0DTE,11:00,OTM1,2024-07-19,2026-07-10,78,70.0,436,47.248,64.5,26.0,109.5,231.5,0.58474,63.5,-1.0,False
TSLA,call,market,Fri-0DTE,11:00,OTM1,2024-07-19,2026-07-10,78,75.0,436,45.183,66.0,26.0,115.0,228.0,0.58474,63.5,-1.0,False
TSLA,call,market,Fri-0DTE,11:00,OTM1,2024-07-19,2026-07-10,78,80.0,436,44.266,67.0,29.0,115.0,226.0,0.58474,63.5,-1.0,False
TSLA,call,market,Fri-0DTE,11:00,OTM1,2024-07-19,2026-07-10,78,90.0,436,42.431,77.0,36.0,118.0,225.0,0.58474,63.5,-1.0,False
TSLA,call,market,Fri-0DTE,11:00,OTM1,2024-07-19,2026-07-10,78,100.0,436,40.367,82.5,40.75,121.75,225.0,0.58474,63.5,-1.0,False
TSLA,call,mid,Fri-0DTE,11:30,OTM2+,2024-07-19,2026-07-10,75,20.0,1742,45.522,11.0,4.0,41.0,125.0,0.16667,5.0,-0.8125,False
TSLA,call,mid,Fri-0DTE,11:30,OTM2+,2024-07-19,2026-07-10,75,25.0,1742,42.423,14.0,5.0,46.0,128.0,0.16667,5.0,-0.8125,False
TSLA,call,mid,Fri-0DTE,11:30,OTM2+,2024-07-19,2026-07-10,75,30.0,1742,40.011,19.0,6.0,52.0,131.0,0.16667,5.0,-0.8125,False
TSLA,call,mid,Fri-0DTE,11:30,OTM2+,2024-07-19,2026-07-10,75,40.0,1742,34.96,31.0,10.0,71.0,136.0,0.16667,5.0,-0.8125,False
TSLA,call,mid,Fri-0DTE,11:30,OTM2+,2024-07-19,2026-07-10,75,50.0,1742,32.032,39.0,14.0,78.0,142.0,0.16667,5.0,-0.8125,False
TSLA,call,mid,Fri-0DTE,11:30,OTM2+,2024-07-19,2026-07-10,75,60.0,1742,29.506,47.0,21.0,81.0,144.5,0.16667,5.0,-0.8125,False
TSLA,call,mid,Fri-0DTE,11:30,OTM2+,2024-07-19,2026-07-10,75,70.0,1742,27.555,53.0,25.0,84.0,142.0,0.16667,5.0,-0.8125,False
TSLA,call,mid,Fri-0DTE,11:30,OTM2+,2024-07-19,2026-07-10,75,75.0,1742,26.636,53.0,25.0,84.0,140.0,0.16667,5.0,-0.8125,False
TSLA,call,mid,Fri-0DTE,11:30,OTM2+,2024-07-19,2026-07-10,75,80.0,1742,25.258,53.0,26.0,85.0,141.0,0.16667,5.0,-0.8125,False
TSLA,call,mid,Fri-0DTE,11:30,OTM2+,2024-07-19,2026-07-10,75,90.0,1742,23.881,59.0,28.0,86.0,143.5,0.16667,5.0,-0.8125,False
TSLA,call,mid,Fri-0DTE,11:30,OTM2+,2024-07-19,2026-07-10,75,100.0,1742,23.02,60.0,30.0,86.0,147.0,0.16667,5.0,-0.8125,False
TSLA,call,market,Fri-0DTE,11:30,OTM2+,2024-07-19,2026-07-10,75,20.0,1742,27.956,38.0,14.0,77.0,151.0,-0.2,4.0,-1.0,False
TSLA,call,market,Fri-0DTE,11:30,OTM2+,2024-07-19,2026-07-10,75,25.0,1742,26.751,41.0,16.0,79.75,153.5,-0.2,4.0,-1.0,False
TSLA,call,market,Fri-0DTE,11:30,OTM2+,2024-07-19,2026-07-10,75,30.0,1742,25.775,44.0,20.0,80.0,154.0,-0.2,4.0,-1.0,False
TSLA,call,market,Fri-0DTE,11:30,OTM2+,2024-07-19,2026-07-10,75,40.0,1742,24.34,51.0,26.0,82.25,157.0,-0.2,4.0,-1.0,False
TSLA,call,market,Fri-0DTE,11:30,OTM2+,2024-07-19,2026-07-10,75,50.0,1742,23.077,55.0,29.25,83.0,159.5,-0.2,4.0,-1.0,False
TSLA,call,market,Fri-0DTE,11:30,OTM2+,2024-07-19,2026-07-10,75,60.0,1742,21.986,58.0,31.0,84.5,159.0,-0.2,4.0,-1.0,False
TSLA,call,market,Fri-0DTE,11:30,OTM2+,2024-07-19,2026-07-10,75,70.0,1742,21.068,61.0,32.0,89.0,160.0,-0.2,4.0,-1.0,False
TSLA,call,market,Fri-0DTE,11:30,OTM2+,2024-07-19,2026-07-10,75,75.0,1742,20.838,63.0,34.0,89.5,159.0,-0.2,4.0,-1.0,False
TSLA,call,market,Fri-0DTE,11:30,OTM2+,2024-07-19,2026-07-10,75,80.0,1742,20.207,65.0,38.0,91.25,160.5,-0.2,4.0,-1.0,False
TSLA,call,market,Fri-0DTE,11:30,OTM2+,2024-07-19,2026-07-10,75,90.0,1742,19.633,67.5,39.0,91.5,159.0,-0.2,4.0,-1.0,False
TSLA,call,market,Fri-0DTE,11:30,OTM2+,2024-07-19,2026-07-10,75,100.0,1742,18.886,68.0,39.0,97.0,163.0,-0.2,4.0,-1.0,False
TSLA,call,mid,Fri-0DTE,13:30,OTM2+,2024-07-19,2026-07-10,67,20.0,1502,36.218,7.0,3.0,17.0,40.0,0.14286,3.0,-0.5,False
TSLA,call,mid,Fri-0DTE,13:30,OTM2+,2024-07-19,2026-07-10,67,25.0,1502,34.754,8.0,3.0,19.0,41.0,0.14286,3.0,-0.5,False
TSLA,call,mid,Fri-0DTE,13:30,OTM2+,2024-07-19,2026-07-10,67,30.0,1502,30.626,9.0,4.0,22.0,47.5,0.14286,3.0,-0.5,False
TSLA,call,mid,Fri-0DTE,13:30,OTM2+,2024-07-19,2026-07-10,67,40.0,1502,24.368,12.0,5.0,26.0,54.0,0.14286,3.0,-0.5,False
TSLA,call,mid,Fri-0DTE,13:30,OTM2+,2024-07-19,2026-07-10,67,50.0,1502,21.039,13.0,6.0,27.0,58.5,0.14286,3.0,-0.5,False
TSLA,call,mid,Fri-0DTE,13:30,OTM2+,2024-07-19,2026-07-10,67,60.0,1502,18.109,17.0,7.0,33.0,64.0,0.14286,3.0,-0.5,False
TSLA,call,mid,Fri-0DTE,13:30,OTM2+,2024-07-19,2026-07-10,67,70.0,1502,16.578,18.0,8.0,37.0,67.0,0.14286,3.0,-0.5,False
TSLA,call,mid,Fri-0DTE,13:30,OTM2+,2024-07-19,2026-07-10,67,75.0,1502,15.912,20.0,8.0,37.0,69.0,0.14286,3.0,-0.5,False
TSLA,call,mid,Fri-0DTE,13:30,OTM2+,2024-07-19,2026-07-10,67,80.0,1502,15.18,22.0,9.0,39.25,68.0,0.14286,3.0,-0.5,False
TSLA,call,mid,Fri-0DTE,13:30,OTM2+,2024-07-19,2026-07-10,67,90.0,1502,14.581,23.0,11.0,45.0,67.0,0.14286,3.0,-0.5,False
TSLA,call,mid,Fri-0DTE,13:30,OTM2+,2024-07-19,2026-07-10,67,100.0,1502,13.848,24.0,11.0,48.0,69.0,0.14286,3.0,-0.5,False
TSLA,call,market,Fri-0DTE,13:30,OTM2+,2024-07-19,2026-07-10,67,20.0,1502,14.447,17.0,7.0,36.0,69.0,-0.76923,0.0,-1.0,False
TSLA,call,market,Fri-0DTE,13:30,OTM2+,2024-07-19,2026-07-10,67,25.0,1502,13.782,19.0,7.0,36.5,68.0,-0.76923,0.0,-1.0,False
TSLA,call,market,Fri-0DTE,13:30,OTM2+,2024-07-19,2026-07-10,67,30.0,1502,12.916,19.5,7.25,37.0,68.0,-0.76923,0.0,-1.0,False
TSLA,call,market,Fri-0DTE,13:30,OTM2+,2024-07-19,2026-07-10,67,40.0,1502,11.851,22.0,10.0,41.5,71.0,-0.76923,0.0,-1.0,False
TSLA,call,market,Fri-0DTE,13:30,OTM2+,2024-07-19,2026-07-10,67,50.0,1502,10.786,22.5,11.0,43.5,75.0,-0.76923,0.0,-1.0,False
TSLA,call,market,Fri-0DTE,13:30,OTM2+,2024-07-19,2026-07-10,67,60.0,1502,9.92,27.0,13.0,53.0,79.0,-0.76923,0.0,-1.0,False
TSLA,call,market,Fri-0DTE,13:30,OTM2+,2024-07-19,2026-07-10,67,70.0,1502,9.121,27.0,13.0,54.0,82.0,-0.76923,0.0,-1.0,False
TSLA,call,market,Fri-0DTE,13:30,OTM2+,2024-07-19,2026-07-10,67,75.0,1502,8.988,29.0,14.5,56.5,82.0,-0.76923,0.0,-1.0,False
TSLA,call,market,Fri-0DTE,13:30,OTM2+,2024-07-19,2026-07-10,67,80.0,1502,8.722,30.0,17.0,59.0,82.0,-0.76923,0.0,-1.0,False
TSLA,call,market,Fri-0DTE,13:30,OTM2+,2024-07-19,2026-07-10,67,90.0,1502,8.256,31.5,18.0,62.25,83.5,-0.76923,0.0,-1.0,False
TSLA,call,market,Fri-0DTE,13:30,OTM2+,2024-07-19,2026-07-10,67,100.0,1502,7.923,32.0,18.0,63.0,85.0,-0.76923,0.0,-1.0,False
TSLA,call,mid,Fri-0DTE,14:00,OTM2+,2024-07-19,2026-07-10,68,20.0,1403,23.022,7.0,3.0,22.0,32.0,0.13889,2.0,-0.33333,False
TSLA,call,mid,Fri-0DTE,14:00,OTM2+,2024-07-19,2026-07-10,68,25.0,1403,21.454,8.0,3.0,25.0,34.0,0.13889,2.0,-0.33333,False
TSLA,call,mid,Fri-0DTE,14:00,OTM2+,2024-07-19,2026-07-10,68,30.0,1403,18.104,10.5,4.0,29.75,39.5,0.13889,2.0,-0.33333,False
TSLA,call,mid,Fri-0DTE,14:00,OTM2+,2024-07-19,2026-07-10,68,40.0,1403,13.257,14.0,6.0,31.0,47.5,0.13889,2.0,-0.33333,False
TSLA,call,mid,Fri-0DTE,14:00,OTM2+,2024-07-19,2026-07-10,68,50.0,1403,11.333,17.0,6.5,35.5,51.0,0.13889,2.0,-0.33333,False
TSLA,call,mid,Fri-0DTE,14:00,OTM2+,2024-07-19,2026-07-10,68,60.0,1403,10.763,19.0,9.0,38.0,52.0,0.13889,2.0,-0.33333,False
TSLA,call,mid,Fri-0DTE,14:00,OTM2+,2024-07-19,2026-07-10,68,70.0,1403,9.765,21.0,11.0,40.0,55.0,0.13889,2.0,-0.33333,False
TSLA,call,mid,Fri-0DTE,14:00,OTM2+,2024-07-19,2026-07-10,68,75.0,1403,9.48,22.0,12.0,42.0,55.0,0.13889,2.0,-0.33333,False
TSLA,call,mid,Fri-0DTE,14:00,OTM2+,2024-07-19,2026-07-10,68,80.0,1403,8.909,23.0,13.0,43.0,56.0,0.13889,2.0,-0.33333,False
TSLA,call,mid,Fri-0DTE,14:00,OTM2+,2024-07-19,2026-07-10,68,90.0,1403,8.411,27.0,14.25,46.75,59.0,0.13889,2.0,-0.33333,False
TSLA,call,mid,Fri-0DTE,14:00,OTM2+,2024-07-19,2026-07-10,68,100.0,1403,8.197,28.0,15.0,48.0,60.0,0.13889,2.0,-0.33333,False
TSLA,call,market,Fri-0DTE,14:00,OTM2+,2024-07-19,2026-07-10,68,20.0,1403,6.486,25.0,11.5,50.5,64.0,-1.0,0.0,-1.0,False
TSLA,call,market,Fri-0DTE,14:00,OTM2+,2024-07-19,2026-07-10,68,25.0,1403,6.13,24.5,12.0,50.75,64.0,-1.0,0.0,-1.0,False
TSLA,call,market,Fri-0DTE,14:00,OTM2+,2024-07-19,2026-07-10,68,30.0,1403,5.773,28.0,14.0,54.0,64.0,-1.0,0.0,-1.0,False
TSLA,call,market,Fri-0DTE,14:00,OTM2+,2024-07-19,2026-07-10,68,40.0,1403,5.702,28.5,14.75,54.0,63.0,-1.0,0.0,-1.0,False
TSLA,call,market,Fri-0DTE,14:00,OTM2+,2024-07-19,2026-07-10,68,50.0,1403,5.56,31.5,15.25,55.0,63.5,-1.0,0.0,-1.0,False
TSLA,call,market,Fri-0DTE,14:00,OTM2+,2024-07-19,2026-07-10,68,60.0,1403,5.203,36.0,17.0,60.0,69.0,-1.0,0.0,-1.0,False
TSLA,call,market,Fri-0DTE,14:00,OTM2+,2024-07-19,2026-07-10,68,70.0,1403,5.061,37.0,17.0,60.0,69.0,-1.0,0.0,-1.0,False
TSLA,call,market,Fri-0DTE,14:00,OTM2+,2024-07-19,2026-07-10,68,75.0,1403,5.061,38.0,19.0,60.0,69.0,-1.0,0.0,-1.0,False
TSLA,call,market,Fri-0DTE,14:00,OTM2+,2024-07-19,2026-07-10,68,80.0,1403,4.847,41.0,19.75,61.25,70.0,-1.0,0.0,-1.0,False
TSLA,call,market,Fri-0DTE,14:00,OTM2+,2024-07-19,2026-07-10,68,90.0,1403,4.633,42.0,20.0,62.0,74.0,-1.0,0.0,-1.0,False
TSLA,call,market,Fri-0DTE,14:00,OTM2+,2024-07-19,2026-07-10,68,100.0,1403,4.205,46.0,21.0,66.5,79.0,-1.0,0.0,-1.0,False
TSLA,call,mid,Fri-0DTE,14:30,OTM2+,2024-07-19,2026-07-10,67,20.0,1398,22.961,7.0,3.0,20.0,24.0,0.14286,1.0,-0.25,False
TSLA,call,mid,Fri-0DTE,14:30,OTM2+,2024-07-19,2026-07-10,67,25.0,1398,21.96,7.0,3.0,20.5,24.0,0.14286,1.0,-0.25,False
TSLA,call,mid,Fri-0DTE,14:30,OTM2+,2024-07-19,2026-07-10,67,30.0,1398,20.458,8.5,4.0,22.75,24.0,0.14286,1.0,-0.25,False
TSLA,call,mid,Fri-0DTE,14:30,OTM2+,2024-07-19,2026-07-10,67,40.0,1398,15.021,10.0,5.0,23.75,26.0,0.14286,1.0,-0.25,False
TSLA,call,mid,Fri-0DTE,14:30,OTM2+,2024-07-19,2026-07-10,67,50.0,1398,11.66,12.0,6.0,29.5,30.0,0.14286,1.0,-0.25,False
TSLA,call,mid,Fri-0DTE,14:30,OTM2+,2024-07-19,2026-07-10,67,60.0,1398,9.084,15.0,7.0,35.5,37.0,0.14286,1.0,-0.25,False
TSLA,call,mid,Fri-0DTE,14:30,OTM2+,2024-07-19,2026-07-10,67,70.0,1398,7.797,18.0,8.0,37.0,41.0,0.14286,1.0,-0.25,False
TSLA,call,mid,Fri-0DTE,14:30,OTM2+,2024-07-19,2026-07-10,67,75.0,1398,7.368,20.0,10.0,37.0,43.0,0.14286,1.0,-0.25,False
TSLA,call,mid,Fri-0DTE,14:30,OTM2+,2024-07-19,2026-07-10,67,80.0,1398,6.724,22.0,10.0,39.25,44.5,0.14286,1.0,-0.25,False
TSLA,call,mid,Fri-0DTE,14:30,OTM2+,2024-07-19,2026-07-10,67,90.0,1398,6.295,22.0,10.0,40.0,45.0,0.14286,1.0,-0.25,False
TSLA,call,mid,Fri-0DTE,14:30,OTM2+,2024-07-19,2026-07-10,67,100.0,1398,6.152,22.5,10.0,40.0,45.0,0.14286,1.0,-0.25,False
TSLA,call,market,Fri-0DTE,14:30,OTM2+,2024-07-19,2026-07-10,67,20.0,1398,5.579,19.5,9.25,35.75,46.5,-1.0,0.0,-1.0,False
TSLA,call,market,Fri-0DTE,14:30,OTM2+,2024-07-19,2026-07-10,67,25.0,1398,5.079,21.0,9.5,37.5,50.0,-1.0,0.0,-1.0,False
TSLA,call,market,Fri-0DTE,14:30,OTM2+,2024-07-19,2026-07-10,67,30.0,1398,4.649,21.0,10.0,36.0,50.0,-1.0,0.0,-1.0,False
TSLA,call,market,Fri-0DTE,14:30,OTM2+,2024-07-19,2026-07-10,67,40.0,1398,4.149,26.5,13.0,40.0,54.5,-1.0,0.0,-1.0,False
TSLA,call,market,Fri-0DTE,14:30,OTM2+,2024-07-19,2026-07-10,67,50.0,1398,3.863,28.0,13.25,42.75,54.5,-1.0,0.0,-1.0,False
TSLA,call,market,Fri-0DTE,14:30,OTM2+,2024-07-19,2026-07-10,67,60.0,1398,3.648,30.0,14.0,43.5,55.0,-1.0,0.0,-1.0,False
TSLA,call,market,Fri-0DTE,14:30,OTM2+,2024-07-19,2026-07-10,67,70.0,1398,3.362,33.0,16.0,45.0,58.0,-1.0,0.0,-1.0,False
TSLA,call,market,Fri-0DTE,14:30,OTM2+,2024-07-19,2026-07-10,67,75.0,1398,3.219,35.0,17.0,51.0,56.0,-1.0,0.0,-1.0,False
TSLA,call,market,Fri-0DTE,14:30,OTM2+,2024-07-19,2026-07-10,67,80.0,1398,3.076,35.0,19.0,52.5,56.0,-1.0,0.0,-1.0,False
TSLA,call,market,Fri-0DTE,14:30,OTM2+,2024-07-19,2026-07-10,67,90.0,1398,3.004,34.5,18.5,51.0,59.5,-1.0,0.0,-1.0,False
TSLA,call,market,Fri-0DTE,14:30,OTM2+,2024-07-19,2026-07-10,67,100.0,1398,2.933,34.0,18.0,51.0,55.0,-1.0,0.0,-1.0,False
TSLA,call,mid,Fri-0DTE,15:00,OTM2+,2024-07-19,2026-07-10,66,20.0,1328,15.437,6.0,2.0,14.0,15.0,0.08422,1.0,-0.14286,False
TSLA,call,mid,Fri-0DTE,15:00,OTM2+,2024-07-19,2026-07-10,66,25.0,1328,15.136,6.0,2.0,14.0,16.0,0.08422,1.0,-0.14286,False
TSLA,call,mid,Fri-0DTE,15:00,OTM2+,2024-07-19,2026-07-10,66,30.0,1328,12.801,7.0,3.0,15.75,16.5,0.08422,1.0,-0.14286,False
TSLA,call,mid,Fri-0DTE,15:00,OTM2+,2024-07-19,2026-07-10,66,40.0,1328,8.434,7.0,3.0,12.25,18.0,0.08422,1.0,-0.14286,False
TSLA,call,mid,Fri-0DTE,15:00,OTM2+,2024-07-19,2026-07-10,66,50.0,1328,7.003,8.0,4.0,13.0,19.0,0.08422,1.0,-0.14286,False
TSLA,call,mid,Fri-0DTE,15:00,OTM2+,2024-07-19,2026-07-10,66,60.0,1328,5.572,9.0,4.25,14.0,20.0,0.08422,1.0,-0.14286,False
TSLA,call,mid,Fri-0DTE,15:00,OTM2+,2024-07-19,2026-07-10,66,70.0,1328,4.819,9.5,6.0,14.25,22.5,0.08422,1.0,-0.14286,False
TSLA,call,mid,Fri-0DTE,15:00,OTM2+,2024-07-19,2026-07-10,66,75.0,1328,4.669,9.5,6.0,14.75,23.5,0.08422,1.0,-0.14286,False
TSLA,call,mid,Fri-0DTE,15:00,OTM2+,2024-07-19,2026-07-10,66,80.0,1328,4.593,10.0,6.0,15.0,23.0,0.08422,1.0,-0.14286,False
TSLA,call,mid,Fri-0DTE,15:00,OTM2+,2024-07-19,2026-07-10,66,90.0,1328,4.593,10.0,6.0,16.0,23.0,0.08422,1.0,-0.14286,False
TSLA,call,mid,Fri-0DTE,15:00,OTM2+,2024-07-19,2026-07-10,66,100.0,1328,4.518,10.5,6.0,16.25,22.0,0.08422,1.0,-0.14286,False
TSLA,call,market,Fri-0DTE,15:00,OTM2+,2024-07-19,2026-07-10,66,20.0,1328,2.937,12.0,8.0,16.5,26.0,-1.0,0.0,-1.0,False
TSLA,call,market,Fri-0DTE,15:00,OTM2+,2024-07-19,2026-07-10,66,25.0,1328,2.861,11.5,8.25,16.0,24.5,-1.0,0.0,-1.0,False
TSLA,call,market,Fri-0DTE,15:00,OTM2+,2024-07-19,2026-07-10,66,30.0,1328,2.861,12.5,8.25,16.0,24.5,-1.0,0.0,-1.0,False
TSLA,call,market,Fri-0DTE,15:00,OTM2+,2024-07-19,2026-07-10,66,40.0,1328,2.636,14.0,8.0,16.5,25.0,-1.0,0.0,-1.0,False
TSLA,call,market,Fri-0DTE,15:00,OTM2+,2024-07-19,2026-07-10,66,50.0,1328,2.41,15.0,9.0,20.0,26.5,-1.0,0.0,-1.0,False
TSLA,call,market,Fri-0DTE,15:00,OTM2+,2024-07-19,2026-07-10,66,60.0,1328,2.108,13.5,9.75,17.75,25.5,-1.0,0.0,-1.0,False
TSLA,call,market,Fri-0DTE,15:00,OTM2+,2024-07-19,2026-07-10,66,70.0,1328,1.732,14.0,9.5,18.0,26.0,-1.0,0.0,-1.0,False
TSLA,call,market,Fri-0DTE,15:00,OTM2+,2024-07-19,2026-07-10,66,75.0,1328,1.732,15.0,9.5,21.0,25.0,-1.0,0.0,-1.0,False
TSLA,call,market,Fri-0DTE,15:00,OTM2+,2024-07-19,2026-07-10,66,80.0,1328,1.581,15.0,9.0,23.0,27.0,-1.0,0.0,-1.0,False
TSLA,call,market,Fri-0DTE,15:00,OTM2+,2024-07-19,2026-07-10,66,90.0,1328,1.581,15.0,10.0,23.0,27.0,-1.0,0.0,-1.0,False
TSLA,call,market,Fri-0DTE,15:00,OTM2+,2024-07-19,2026-07-10,66,100.0,1328,1.581,15.0,10.0,25.0,26.0,-1.0,0.0,-1.0,False
TSLA,call,mid,Fri-0DTE,15:30,OTM2+,2024-07-19,2026-07-10,66,20.0,233,9.442,4.0,2.25,6.75,7.5,0.0,0.0,0.0,False
TSLA,call,mid,Fri-0DTE,15:30,OTM2+,2024-07-19,2026-07-10,66,25.0,233,9.442,4.0,3.0,6.75,7.5,0.0,0.0,0.0,False
TSLA,call,mid,Fri-0DTE,15:30,OTM2+,2024-07-19,2026-07-10,66,30.0,233,8.584,4.5,2.75,7.25,7.5,0.0,0.0,0.0,False
TSLA,call,mid,Fri-0DTE,15:30,OTM2+,2024-07-19,2026-07-10,66,40.0,233,4.721,4.0,1.5,9.5,7.0,0.0,0.0,0.0,False
TSLA,call,mid,Fri-0DTE,15:30,OTM2+,2024-07-19,2026-07-10,66,50.0,233,3.863,3.0,2.0,5.0,6.0,0.0,0.0,0.0,False
TSLA,call,mid,Fri-0DTE,15:30,OTM2+,2024-07-19,2026-07-10,66,60.0,233,3.004,3.0,2.0,4.5,7.0,0.0,0.0,0.0,False
TSLA,call,mid,Fri-0DTE,15:30,OTM2+,2024-07-19,2026-07-10,66,70.0,233,2.575,2.5,2.0,3.75,6.0,0.0,0.0,0.0,False
TSLA,call,mid,Fri-0DTE,15:30,OTM2+,2024-07-19,2026-07-10,66,75.0,233,2.146,2.0,2.0,3.0,6.0,0.0,0.0,0.0,False
TSLA,call,mid,Fri-0DTE,15:30,OTM2+,2024-07-19,2026-07-10,66,80.0,233,2.146,2.0,2.0,3.0,6.0,0.0,0.0,0.0,False
TSLA,call,mid,Fri-0DTE,15:30,OTM2+,2024-07-19,2026-07-10,66,90.0,233,2.146,2.0,2.0,5.0,6.0,0.0,0.0,0.0,False
TSLA,call,mid,Fri-0DTE,15:30,OTM2+,2024-07-19,2026-07-10,66,100.0,233,1.717,2.0,1.75,2.75,8.5,0.0,0.0,0.0,False
TSLA,call,market,Fri-0DTE,15:30,OTM2+,2024-07-19,2026-07-10,66,20.0,233,1.717,4.5,3.75,6.5,8.5,-1.0,0.0,-1.0,False
TSLA,call,market,Fri-0DTE,15:30,OTM2+,2024-07-19,2026-07-10,66,25.0,233,1.717,4.5,3.75,6.5,8.5,-1.0,0.0,-1.0,False
TSLA,call,market,Fri-0DTE,15:30,OTM2+,2024-07-19,2026-07-10,66,30.0,233,1.288,4.0,3.5,4.5,6.0,-1.0,0.0,-1.0,False
TSLA,call,market,Fri-0DTE,15:30,OTM2+,2024-07-19,2026-07-10,66,40.0,233,0.858,4.5,3.75,5.25,14.0,-1.0,0.0,-1.0,False
TSLA,call,market,Fri-0DTE,15:30,OTM2+,2024-07-19,2026-07-10,66,50.0,233,0.429,3.0,3.0,3.0,22.0,-1.0,0.0,-1.0,False
TSLA,call,market,Fri-0DTE,15:30,OTM2+,2024-07-19,2026-07-10,66,60.0,233,0.429,6.0,6.0,6.0,22.0,-1.0,0.0,-1.0,False
TSLA,call,market,Fri-0DTE,15:30,OTM2+,2024-07-19,2026-07-10,66,70.0,233,0.429,6.0,6.0,6.0,22.0,-1.0,0.0,-1.0,False
TSLA,call,market,Fri-0DTE,15:30,OTM2+,2024-07-19,2026-07-10,66,75.0,233,0.429,6.0,6.0,6.0,22.0,-1.0,0.0,-1.0,False
TSLA,call,market,Fri-0DTE,15:30,OTM2+,2024-07-19,2026-07-10,66,80.0,233,0.429,6.0,6.0,6.0,22.0,-1.0,0.0,-1.0,False
TSLA,call,market,Fri-0DTE,15:30,OTM2+,2024-07-19,2026-07-10,66,90.0,233,0.429,6.0,6.0,6.0,22.0,-1.0,0.0,-1.0,False
TSLA,call,market,Fri-0DTE,15:30,OTM2+,2024-07-19,2026-07-10,66,100.0,233,0.429,6.0,6.0,6.0,22.0,-1.0,0.0,-1.0,False
TSLA,call,mid,Fri-0DTE,10:00,OTM2+,2024-07-19,2026-07-10,88,20.0,1735,54.236,9.0,4.0,28.0,91.0,0.25,9.0,-0.92857,False
TSLA,call,mid,Fri-0DTE,10:00,OTM2+,2024-07-19,2026-07-10,88,25.0,1735,50.605,10.0,4.0,35.0,106.5,0.25,9.0,-0.92857,False
TSLA,call,mid,Fri-0DTE,10:00,OTM2+,2024-07-19,2026-07-10,88,30.0,1735,46.859,13.0,5.0,45.0,129.0,0.25,9.0,-0.92857,False
TSLA,call,mid,Fri-0DTE,10:00,OTM2+,2024-07-19,2026-07-10,88,40.0,1735,40.922,19.0,8.0,58.0,141.5,0.25,9.0,-0.92857,False
TSLA,call,mid,Fri-0DTE,10:00,OTM2+,2024-07-19,2026-07-10,88,50.0,1735,36.254,26.0,11.0,76.0,184.0,0.25,9.0,-0.92857,False
TSLA,call,mid,Fri-0DTE,10:00,OTM2+,2024-07-19,2026-07-10,88,60.0,1735,32.45,31.0,14.0,91.0,208.0,0.25,9.0,-0.92857,False
TSLA,call,mid,Fri-0DTE,10:00,OTM2+,2024-07-19,2026-07-10,88,70.0,1735,29.164,34.0,16.0,99.0,223.5,0.25,9.0,-0.92857,False
TSLA,call,mid,Fri-0DTE,10:00,OTM2+,2024-07-19,2026-07-10,88,75.0,1735,28.184,37.0,17.0,104.0,227.0,0.25,9.0,-0.92857,False
TSLA,call,mid,Fri-0DTE,10:00,OTM2+,2024-07-19,2026-07-10,88,80.0,1735,26.916,39.0,20.0,108.5,232.0,0.25,9.0,-0.92857,False
TSLA,call,mid,Fri-0DTE,10:00,OTM2+,2024-07-19,2026-07-10,88,90.0,1735,25.418,42.0,23.0,116.0,233.0,0.25,9.0,-0.92857,False
TSLA,call,mid,Fri-0DTE,10:00,OTM2+,2024-07-19,2026-07-10,88,100.0,1735,24.323,47.0,25.0,120.0,238.0,0.25,9.0,-0.92857,False
TSLA,call,market,Fri-0DTE,10:00,OTM2+,2024-07-19,2026-07-10,88,20.0,1735,39.481,19.0,7.0,61.0,159.0,0.03636,9.0,-1.0,False
TSLA,call,market,Fri-0DTE,10:00,OTM2+,2024-07-19,2026-07-10,88,25.0,1735,36.772,22.5,8.0,72.0,183.5,0.03636,9.0,-1.0,False
TSLA,call,market,Fri-0DTE,10:00,OTM2+,2024-07-19,2026-07-10,88,30.0,1735,34.697,27.0,10.0,79.0,201.0,0.03636,9.0,-1.0,False
TSLA,call,market,Fri-0DTE,10:00,OTM2+,2024-07-19,2026-07-10,88,40.0,1735,31.643,34.0,12.0,87.0,217.0,0.03636,9.0,-1.0,False
TSLA,call,market,Fri-0DTE,10:00,OTM2+,2024-07-19,2026-07-10,88,50.0,1735,28.242,37.0,16.0,104.0,235.5,0.03636,9.0,-1.0,False
TSLA,call,market,Fri-0DTE,10:00,OTM2+,2024-07-19,2026-07-10,88,60.0,1735,25.591,40.0,19.0,108.5,252.0,0.03636,9.0,-1.0,False
TSLA,call,market,Fri-0DTE,10:00,OTM2+,2024-07-19,2026-07-10,88,70.0,1735,23.977,43.0,22.0,118.0,253.0,0.03636,9.0,-1.0,False
TSLA,call,market,Fri-0DTE,10:00,OTM2+,2024-07-19,2026-07-10,88,75.0,1735,23.516,46.0,23.0,121.0,253.0,0.03636,9.0,-1.0,False
TSLA,call,market,Fri-0DTE,10:00,OTM2+,2024-07-19,2026-07-10,88,80.0,1735,22.882,46.0,24.0,123.0,254.0,0.03636,9.0,-1.0,False
TSLA,call,market,Fri-0DTE,10:00,OTM2+,2024-07-19,2026-07-10,88,90.0,1735,21.844,48.0,25.5,125.5,260.0,0.03636,9.0,-1.0,False
TSLA,call,market,Fri-0DTE,10:00,OTM2+,2024-07-19,2026-07-10,88,100.0,1735,20.749,53.5,28.0,128.0,263.0,0.03636,9.0,-1.0,False
TSLA,call,mid,Fri-0DTE,11:00,OTM2+,2024-07-19,2026-07-10,75,20.0,1766,59.74,9.0,4.0,26.0,83.0,0.32673,12.0,-0.86957,False
TSLA,call,mid,Fri-0DTE,11:00,OTM2+,2024-07-19,2026-07-10,75,25.0,1766,56.455,11.0,5.0,29.0,86.0,0.32673,12.0,-0.86957,False
TSLA,call,mid,Fri-0DTE,11:00,OTM2+,2024-07-19,2026-07-10,75,30.0,1766,51.642,13.0,6.0,36.0,99.0,0.32673,12.0,-0.86957,False
TSLA,call,mid,Fri-0DTE,11:00,OTM2+,2024-07-19,2026-07-10,75,40.0,1766,44.734,18.0,8.0,56.0,110.0,0.32673,12.0,-0.86957,False
TSLA,call,mid,Fri-0DTE,11:00,OTM2+,2024-07-19,2026-07-10,75,50.0,1766,39.524,22.0,10.0,68.75,112.5,0.32673,12.0,-0.86957,False
TSLA,call,mid,Fri-0DTE,11:00,OTM2+,2024-07-19,2026-07-10,75,60.0,1766,33.296,29.0,14.0,82.0,141.0,0.32673,12.0,-0.86957,False
TSLA,call,mid,Fri-0DTE,11:00,OTM2+,2024-07-19,2026-07-10,75,70.0,1766,29.728,36.0,17.0,89.0,148.0,0.32673,12.0,-0.86957,False
TSLA,call,mid,Fri-0DTE,11:00,OTM2+,2024-07-19,2026-07-10,75,75.0,1766,28.709,41.0,18.0,91.5,150.0,0.32673,12.0,-0.86957,False
TSLA,call,mid,Fri-0DTE,11:00,OTM2+,2024-07-19,2026-07-10,75,80.0,1766,27.52,49.0,22.0,97.0,153.5,0.32673,12.0,-0.86957,False
TSLA,call,mid,Fri-0DTE,11:00,OTM2+,2024-07-19,2026-07-10,75,90.0,1766,25.595,54.0,23.0,100.25,159.0,0.32673,12.0,-0.86957,False
TSLA,call,mid,Fri-0DTE,11:00,OTM2+,2024-07-19,2026-07-10,75,100.0,1766,24.632,58.0,25.0,103.5,160.0,0.32673,12.0,-0.86957,False
TSLA,call,market,Fri-0DTE,11:00,OTM2+,2024-07-19,2026-07-10,75,20.0,1766,37.033,22.0,9.0,70.75,132.5,-0.04902,12.0,-1.0,False
TSLA,call,market,Fri-0DTE,11:00,OTM2+,2024-07-19,2026-07-10,75,25.0,1766,34.768,26.0,11.0,78.0,142.0,-0.04902,12.0,-1.0,False
TSLA,call,market,Fri-0DTE,11:00,OTM2+,2024-07-19,2026-07-10,75,30.0,1766,32.163,28.0,13.0,83.0,151.0,-0.04902,12.0,-1.0,False
TSLA,call,market,Fri-0DTE,11:00,OTM2+,2024-07-19,2026-07-10,75,40.0,1766,27.916,40.0,16.0,91.0,161.0,-0.04902,12.0,-1.0,False
TSLA,call,market,Fri-0DTE,11:00,OTM2+,2024-07-19,2026-07-10,75,50.0,1766,24.972,56.0,21.0,99.0,172.0,-0.04902,12.0,-1.0,False
TSLA,call,market,Fri-0DTE,11:00,OTM2+,2024-07-19,2026-07-10,75,60.0,1766,23.33,64.5,26.0,107.0,172.5,-0.04902,12.0,-1.0,False
TSLA,call,market,Fri-0DTE,11:00,OTM2+,2024-07-19,2026-07-10,75,70.0,1766,21.857,68.0,28.0,112.0,174.0,-0.04902,12.0,-1.0,False
TSLA,call,market,Fri-0DTE,11:00,OTM2+,2024-07-19,2026-07-10,75,75.0,1766,21.291,69.5,30.0,114.25,175.5,-0.04902,12.0,-1.0,False
TSLA,call,market,Fri-0DTE,11:00,OTM2+,2024-07-19,2026-07-10,75,80.0,1766,20.951,70.5,32.0,117.0,175.5,-0.04902,12.0,-1.0,False
TSLA,call,market,Fri-0DTE,11:00,OTM2+,2024-07-19,2026-07-10,75,90.0,1766,19.932,74.0,36.0,118.25,178.5,-0.04902,12.0,-1.0,False
TSLA,call,market,Fri-0DTE,11:00,OTM2+,2024-07-19,2026-07-10,75,100.0,1766,18.8,79.0,39.75,122.0,182.5,-0.04902,12.0,-1.0,False
TSLA,put,mid,Fri-0DTE,11:30,OTM1,2024-07-19,2026-07-10,80,20.0,448,71.875,8.0,4.0,21.0,100.0,0.57198,24.5,-0.95652,False
TSLA,put,mid,Fri-0DTE,11:30,OTM1,2024-07-19,2026-07-10,80,25.0,448,68.75,11.0,5.0,25.0,108.0,0.57198,24.5,-0.95652,False
TSLA,put,mid,Fri-0DTE,11:30,OTM1,2024-07-19,2026-07-10,80,30.0,448,64.509,13.0,6.0,30.0,134.0,0.57198,24.5,-0.95652,False
TSLA,put,mid,Fri-0DTE,11:30,OTM1,2024-07-19,2026-07-10,80,40.0,448,57.812,18.0,8.5,42.5,159.0,0.57198,24.5,-0.95652,False
TSLA,put,mid,Fri-0DTE,11:30,OTM1,2024-07-19,2026-07-10,80,50.0,448,53.348,23.0,11.0,54.0,181.0,0.57198,24.5,-0.95652,False
TSLA,put,mid,Fri-0DTE,11:30,OTM1,2024-07-19,2026-07-10,80,60.0,448,49.33,28.0,14.0,68.0,201.0,0.57198,24.5,-0.95652,False
TSLA,put,mid,Fri-0DTE,11:30,OTM1,2024-07-19,2026-07-10,80,70.0,448,45.312,31.0,19.0,71.0,213.0,0.57198,24.5,-0.95652,False
TSLA,put,mid,Fri-0DTE,11:30,OTM1,2024-07-19,2026-07-10,80,75.0,448,43.75,35.0,19.0,78.0,213.5,0.57198,24.5,-0.95652,False
TSLA,put,mid,Fri-0DTE,11:30,OTM1,2024-07-19,2026-07-10,80,80.0,448,41.295,39.0,21.0,81.0,213.0,0.57198,24.5,-0.95652,False
TSLA,put,mid,Fri-0DTE,11:30,OTM1,2024-07-19,2026-07-10,80,90.0,448,37.277,46.0,25.0,90.0,221.0,0.57198,24.5,-0.95652,False
TSLA,put,mid,Fri-0DTE,11:30,OTM1,2024-07-19,2026-07-10,80,100.0,448,35.491,54.0,30.0,97.0,219.0,0.57198,24.5,-0.95652,False
TSLA,put,market,Fri-0DTE,11:30,OTM1,2024-07-19,2026-07-10,80,20.0,448,63.17,13.0,6.0,29.5,139.0,0.45774,24.5,-1.0,False
TSLA,put,market,Fri-0DTE,11:30,OTM1,2024-07-19,2026-07-10,80,25.0,448,60.938,16.0,8.0,36.0,148.0,0.45774,24.5,-1.0,False
TSLA,put,market,Fri-0DTE,11:30,OTM1,2024-07-19,2026-07-10,80,30.0,448,57.366,19.0,9.0,45.0,161.0,0.45774,24.5,-1.0,False
TSLA,put,market,Fri-0DTE,11:30,OTM1,2024-07-19,2026-07-10,80,40.0,448,51.562,25.0,12.0,55.5,193.0,0.45774,24.5,-1.0,False
TSLA,put,market,Fri-0DTE,11:30,OTM1,2024-07-19,2026-07-10,80,50.0,448,46.652,31.0,15.0,73.0,215.0,0.45774,24.5,-1.0,False
TSLA,put,market,Fri-0DTE,11:30,OTM1,2024-07-19,2026-07-10,80,60.0,448,42.857,34.0,19.0,80.25,220.5,0.45774,24.5,-1.0,False
TSLA,put,market,Fri-0DTE,11:30,OTM1,2024-07-19,2026-07-10,80,70.0,448,39.732,40.0,23.0,83.75,222.0,0.45774,24.5,-1.0,False
TSLA,put,market,Fri-0DTE,11:30,OTM1,2024-07-19,2026-07-10,80,75.0,448,38.393,48.5,25.0,90.75,225.0,0.45774,24.5,-1.0,False
TSLA,put,market,Fri-0DTE,11:30,OTM1,2024-07-19,2026-07-10,80,80.0,448,36.161,52.5,27.5,98.0,225.0,0.45774,24.5,-1.0,False
TSLA,put,market,Fri-0DTE,11:30,OTM1,2024-07-19,2026-07-10,80,90.0,448,33.036,56.5,32.0,100.25,227.0,0.45774,24.5,-1.0,False
TSLA,put,market,Fri-0DTE,11:30,OTM1,2024-07-19,2026-07-10,80,100.0,448,31.696,65.0,35.0,109.0,230.0,0.45774,24.5,-1.0,False
TSLA,put,mid,Fri-0DTE,12:00,OTM1,2024-07-19,2026-07-10,80,20.0,426,65.023,10.0,4.0,31.0,112.0,0.41138,24.5,-0.94968,False
TSLA,put,mid,Fri-0DTE,12:00,OTM1,2024-07-19,2026-07-10,80,25.0,426,60.798,12.0,5.0,35.0,120.0,0.41138,24.5,-0.94968,False
TSLA,put,mid,Fri-0DTE,12:00,OTM1,2024-07-19,2026-07-10,80,30.0,426,57.042,15.0,6.0,41.0,129.0,0.41138,24.5,-0.94968,False
TSLA,put,mid,Fri-0DTE,12:00,OTM1,2024-07-19,2026-07-10,80,40.0,426,50.704,17.0,8.0,47.0,167.5,0.41138,24.5,-0.94968,False
TSLA,put,mid,Fri-0DTE,12:00,OTM1,2024-07-19,2026-07-10,80,50.0,426,46.009,25.5,12.0,56.5,177.5,0.41138,24.5,-0.94968,False
TSLA,put,mid,Fri-0DTE,12:00,OTM1,2024-07-19,2026-07-10,80,60.0,426,42.019,31.0,16.0,65.0,199.0,0.41138,24.5,-0.94968,False
TSLA,put,mid,Fri-0DTE,12:00,OTM1,2024-07-19,2026-07-10,80,70.0,426,38.967,39.5,17.0,82.25,200.0,0.41138,24.5,-0.94968,False
TSLA,put,mid,Fri-0DTE,12:00,OTM1,2024-07-19,2026-07-10,80,75.0,426,36.854,42.0,20.0,84.0,209.0,0.41138,24.5,-0.94968,False
TSLA,put,mid,Fri-0DTE,12:00,OTM1,2024-07-19,2026-07-10,80,80.0,426,36.385,42.0,23.0,82.5,208.0,0.41138,24.5,-0.94968,False
TSLA,put,mid,Fri-0DTE,12:00,OTM1,2024-07-19,2026-07-10,80,90.0,426,32.394,46.0,24.25,95.75,208.5,0.41138,24.5,-0.94968,False
TSLA,put,mid,Fri-0DTE,12:00,OTM1,2024-07-19,2026-07-10,80,100.0,426,29.812,48.0,26.0,87.5,211.0,0.41138,24.5,-0.94968,False
TSLA,put,market,Fri-0DTE,12:00,OTM1,2024-07-19,2026-07-10,80,20.0,426,53.756,16.0,7.0,41.0,144.0,0.28591,24.5,-1.0,False
TSLA,put,market,Fri-0DTE,12:00,OTM1,2024-07-19,2026-07-10,80,25.0,426,51.878,19.0,8.0,44.0,160.0,0.28591,24.5,-1.0,False
TSLA,put,market,Fri-0DTE,12:00,OTM1,2024-07-19,2026-07-10,80,30.0,426,49.296,21.0,9.0,49.75,171.0,0.28591,24.5,-1.0,False
TSLA,put,market,Fri-0DTE,12:00,OTM1,2024-07-19,2026-07-10,80,40.0,426,43.662,27.0,15.0,58.0,190.0,0.28591,24.5,-1.0,False
TSLA,put,market,Fri-0DTE,12:00,OTM1,2024-07-19,2026-07-10,80,50.0,426,39.906,36.5,17.25,74.75,203.5,0.28591,24.5,-1.0,False
TSLA,put,market,Fri-0DTE,12:00,OTM1,2024-07-19,2026-07-10,80,60.0,426,36.385,45.0,23.0,87.0,209.0,0.28591,24.5,-1.0,False
TSLA,put,market,Fri-0DTE,12:00,OTM1,2024-07-19,2026-07-10,80,70.0,426,33.568,49.0,25.5,93.5,211.0,0.28591,24.5,-1.0,False
TSLA,put,market,Fri-0DTE,12:00,OTM1,2024-07-19,2026-07-10,80,75.0,426,30.751,50.0,27.0,103.0,213.0,0.28591,24.5,-1.0,False
TSLA,put,market,Fri-0DTE,12:00,OTM1,2024-07-19,2026-07-10,80,80.0,426,29.812,51.0,26.5,95.0,214.0,0.28591,24.5,-1.0,False
TSLA,put,market,Fri-0DTE,12:00,OTM1,2024-07-19,2026-07-10,80,90.0,426,28.169,53.5,30.0,118.5,214.0,0.28591,24.5,-1.0,False
TSLA,put,market,Fri-0DTE,12:00,OTM1,2024-07-19,2026-07-10,80,100.0,426,27.465,56.0,32.0,126.0,214.0,0.28591,24.5,-1.0,False
TSLA,put,mid,Fri-0DTE,12:00,ATM,2024-07-19,2026-07-10,79,20.0,426,68.075,12.0,5.0,34.0,207.5,0.4616,38.0,-0.95735,False
TSLA,put,mid,Fri-0DTE,12:00,ATM,2024-07-19,2026-07-10,79,25.0,426,65.728,16.0,6.0,37.0,208.0,0.4616,38.0,-0.95735,False
TSLA,put,mid,Fri-0DTE,12:00,ATM,2024-07-19,2026-07-10,79,30.0,426,60.563,18.5,7.0,43.0,213.0,0.4616,38.0,-0.95735,False
TSLA,put,mid,Fri-0DTE,12:00,ATM,2024-07-19,2026-07-10,79,40.0,426,54.695,25.0,12.0,55.0,213.0,0.4616,38.0,-0.95735,False
TSLA,put,mid,Fri-0DTE,12:00,ATM,2024-07-19,2026-07-10,79,50.0,426,47.887,31.5,16.75,74.25,214.5,0.4616,38.0,-0.95735,False
TSLA,put,mid,Fri-0DTE,12:00,ATM,2024-07-19,2026-07-10,79,60.0,426,43.192,42.0,20.0,98.75,216.5,0.4616,38.0,-0.95735,False
TSLA,put,mid,Fri-0DTE,12:00,ATM,2024-07-19,2026-07-10,79,70.0,426,38.263,47.0,26.5,106.5,218.0,0.4616,38.0,-0.95735,False
TSLA,put,mid,Fri-0DTE,12:00,ATM,2024-07-19,2026-07-10,79,75.0,426,36.15,48.0,27.0,104.0,217.0,0.4616,38.0,-0.95735,False
TSLA,put,mid,Fri-0DTE,12:00,ATM,2024-07-19,2026-07-10,79,80.0,426,33.568,50.0,27.5,93.5,217.0,0.4616,38.0,-0.95735,False
TSLA,put,mid,Fri-0DTE,12:00,ATM,2024-07-19,2026-07-10,79,90.0,426,31.221,56.0,33.0,124.0,216.0,0.4616,38.0,-0.95735,False
TSLA,put,mid,Fri-0DTE,12:00,ATM,2024-07-19,2026-07-10,79,100.0,426,29.343,64.0,37.0,135.0,214.0,0.4616,38.0,-0.95735,False
TSLA,put,market,Fri-0DTE,12:00,ATM,2024-07-19,2026-07-10,79,20.0,426,64.319,16.0,7.0,38.75,211.0,0.3849,38.0,-1.0,False
TSLA,put,market,Fri-0DTE,12:00,ATM,2024-07-19,2026-07-10,79,25.0,426,59.624,18.5,7.25,44.0,214.0,0.3849,38.0,-1.0,False
TSLA,put,market,Fri-0DTE,12:00,ATM,2024-07-19,2026-07-10,79,30.0,426,56.103,22.0,10.0,50.5,214.0,0.3849,38.0,-1.0,False
TSLA,put,market,Fri-0DTE,12:00,ATM,2024-07-19,2026-07-10,79,40.0,426,49.061,31.0,16.0,75.0,214.0,0.3849,38.0,-1.0,False
TSLA,put,market,Fri-0DTE,12:00,ATM,2024-07-19,2026-07-10,79,50.0,426,43.662,40.0,17.25,86.0,217.5,0.3849,38.0,-1.0,False
TSLA,put,market,Fri-0DTE,12:00,ATM,2024-07-19,2026-07-10,79,60.0,426,39.437,45.0,24.0,103.0,217.5,0.3849,38.0,-1.0,False
TSLA,put,market,Fri-0DTE,12:00,ATM,2024-07-19,2026-07-10,79,70.0,426,34.507,50.0,29.0,101.0,217.0,0.3849,38.0,-1.0,False
TSLA,put,market,Fri-0DTE,12:00,ATM,2024-07-19,2026-07-10,79,75.0,426,33.099,52.0,32.0,106.0,217.0,0.3849,38.0,-1.0,False
TSLA,put,market,Fri-0DTE,12:00,ATM,2024-07-19,2026-07-10,79,80.0,426,31.69,56.0,33.0,125.0,215.0,0.3849,38.0,-1.0,False
TSLA,put,market,Fri-0DTE,12:00,ATM,2024-07-19,2026-07-10,79,90.0,426,29.577,66.0,37.25,138.75,215.0,0.3849,38.0,-1.0,False
TSLA,put,market,Fri-0DTE,12:00,ATM,2024-07-19,2026-07-10,79,100.0,426,28.169,71.0,39.75,154.5,214.0,0.3849,38.0,-1.0,False
TSLA,put,mid,Fri-0DTE,12:30,OTM1,2024-07-19,2026-07-10,77,20.0,428,57.71,8.0,3.5,20.5,95.0,0.30464,14.0,-0.93563,False
TSLA,put,mid,Fri-0DTE,12:30,OTM1,2024-07-19,2026-07-10,77,25.0,428,53.738,10.0,5.0,28.75,100.0,0.30464,14.0,-0.93563,False
TSLA,put,mid,Fri-0DTE,12:30,OTM1,2024-07-19,2026-07-10,77,30.0,428,50.234,13.0,6.0,31.0,114.0,0.30464,14.0,-0.93563,False
TSLA,put,mid,Fri-0DTE,12:30,OTM1,2024-07-19,2026-07-10,77,40.0,428,41.822,16.0,7.0,33.0,170.0,0.30464,14.0,-0.93563,False
TSLA,put,mid,Fri-0DTE,12:30,OTM1,2024-07-19,2026-07-10,77,50.0,428,38.084,20.0,10.0,39.5,179.0,0.30464,14.0,-0.93563,False
TSLA,put,mid,Fri-0DTE,12:30,OTM1,2024-07-19,2026-07-10,77,60.0,428,35.28,23.0,12.0,47.0,184.0,0.30464,14.0,-0.93563,False
TSLA,put,mid,Fri-0DTE,12:30,OTM1,2024-07-19,2026-07-10,77,70.0,428,33.411,27.0,13.5,51.5,184.0,0.30464,14.0,-0.93563,False
TSLA,put,mid,Fri-0DTE,12:30,OTM1,2024-07-19,2026-07-10,77,75.0,428,32.71,29.0,15.0,54.5,184.0,0.30464,14.0,-0.93563,False
TSLA,put,mid,Fri-0DTE,12:30,OTM1,2024-07-19,2026-07-10,77,80.0,428,31.776,30.5,15.0,57.25,184.0,0.30464,14.0,-0.93563,False
TSLA,put,mid,Fri-0DTE,12:30,OTM1,2024-07-19,2026-07-10,77,90.0,428,29.907,34.0,16.0,69.75,184.0,0.30464,14.0,-0.93563,False
TSLA,put,mid,Fri-0DTE,12:30,OTM1,2024-07-19,2026-07-10,77,100.0,428,28.505,35.0,18.25,67.5,184.0,0.30464,14.0,-0.93563,False
TSLA,put,market,Fri-0DTE,12:30,OTM1,2024-07-19,2026-07-10,77,20.0,428,45.561,14.0,6.0,31.0,153.0,0.13851,14.0,-1.0,False
TSLA,put,market,Fri-0DTE,12:30,OTM1,2024-07-19,2026-07-10,77,25.0,428,42.991,16.0,7.0,36.0,167.5,0.13851,14.0,-1.0,False
TSLA,put,market,Fri-0DTE,12:30,OTM1,2024-07-19,2026-07-10,77,30.0,428,39.252,18.0,9.0,37.25,176.0,0.13851,14.0,-1.0,False
TSLA,put,market,Fri-0DTE,12:30,OTM1,2024-07-19,2026-07-10,77,40.0,428,36.449,21.5,11.0,42.25,183.0,0.13851,14.0,-1.0,False
TSLA,put,market,Fri-0DTE,12:30,OTM1,2024-07-19,2026-07-10,77,50.0,428,32.944,26.0,14.0,51.0,184.0,0.13851,14.0,-1.0,False
TSLA,put,market,Fri-0DTE,12:30,OTM1,2024-07-19,2026-07-10,77,60.0,428,31.542,29.0,15.0,61.5,184.0,0.13851,14.0,-1.0,False
TSLA,put,market,Fri-0DTE,12:30,OTM1,2024-07-19,2026-07-10,77,70.0,428,30.374,34.0,17.0,67.5,184.0,0.13851,14.0,-1.0,False
TSLA,put,market,Fri-0DTE,12:30,OTM1,2024-07-19,2026-07-10,77,75.0,428,29.673,36.0,17.5,70.5,184.0,0.13851,14.0,-1.0,False
TSLA,put,market,Fri-0DTE,12:30,OTM1,2024-07-19,2026-07-10,77,80.0,428,28.037,35.0,18.0,68.75,186.5,0.13851,14.0,-1.0,False
TSLA,put,market,Fri-0DTE,12:30,OTM1,2024-07-19,2026-07-10,77,90.0,428,26.168,40.5,19.75,79.75,187.5,0.13851,14.0,-1.0,False
TSLA,put,market,Fri-0DTE,12:30,OTM1,2024-07-19,2026-07-10,77,100.0,428,25.701,49.5,24.0,104.5,186.0,0.13851,14.0,-1.0,False
TSLA,put,mid,Fri-0DTE,12:30,ATM,2024-07-19,2026-07-10,74,20.0,421,60.333,11.0,5.0,35.0,182.5,0.33163,25.0,-0.96226,False
TSLA,put,mid,Fri-0DTE,12:30,ATM,2024-07-19,2026-07-10,74,25.0,421,56.295,14.0,6.0,43.0,184.0,0.33163,25.0,-0.96226,False
TSLA,put,mid,Fri-0DTE,12:30,ATM,2024-07-19,2026-07-10,74,30.0,421,52.257,19.0,7.75,58.5,184.0,0.33163,25.0,-0.96226,False
TSLA,put,mid,Fri-0DTE,12:30,ATM,2024-07-19,2026-07-10,74,40.0,421,45.843,25.0,11.0,71.0,184.0,0.33163,25.0,-0.96226,False
TSLA,put,mid,Fri-0DTE,12:30,ATM,2024-07-19,2026-07-10,74,50.0,421,39.43,26.0,14.0,66.0,189.0,0.33163,25.0,-0.96226,False
TSLA,put,mid,Fri-0DTE,12:30,ATM,2024-07-19,2026-07-10,74,60.0,421,36.342,33.0,16.0,78.0,189.0,0.33163,25.0,-0.96226,False
TSLA,put,mid,Fri-0DTE,12:30,ATM,2024-07-19,2026-07-10,74,70.0,421,32.779,37.5,17.25,79.0,189.0,0.33163,25.0,-0.96226,False
TSLA,put,mid,Fri-0DTE,12:30,ATM,2024-07-19,2026-07-10,74,75.0,421,31.591,39.0,18.0,73.0,188.0,0.33163,25.0,-0.96226,False
TSLA,put,mid,Fri-0DTE,12:30,ATM,2024-07-19,2026-07-10,74,80.0,421,29.691,43.0,19.0,74.0,189.0,0.33163,25.0,-0.96226,False
TSLA,put,mid,Fri-0DTE,12:30,ATM,2024-07-19,2026-07-10,74,90.0,421,27.791,51.0,21.0,89.0,189.0,0.33163,25.0,-0.96226,False
TSLA,put,mid,Fri-0DTE,12:30,ATM,2024-07-19,2026-07-10,74,100.0,421,26.366,57.0,26.5,110.0,189.0,0.33163,25.0,-0.96226,False
TSLA,put,market,Fri-0DTE,12:30,ATM,2024-07-19,2026-07-10,74,20.0,421,55.582,16.0,6.0,48.0,184.0,0.26316,25.0,-1.0,False
TSLA,put,market,Fri-0DTE,12:30,ATM,2024-07-19,2026-07-10,74,25.0,421,50.831,20.0,8.0,64.75,184.0,0.26316,25.0,-1.0,False
TSLA,put,market,Fri-0DTE,12:30,ATM,2024-07-19,2026-07-10,74,30.0,421,47.268,23.0,10.0,72.0,184.0,0.26316,25.0,-1.0,False
TSLA,put,market,Fri-0DTE,12:30,ATM,2024-07-19,2026-07-10,74,40.0,421,41.093,26.0,12.0,68.0,189.0,0.26316,25.0,-1.0,False
TSLA,put,market,Fri-0DTE,12:30,ATM,2024-07-19,2026-07-10,74,50.0,421,36.817,31.0,15.0,78.5,189.0,0.26316,25.0,-1.0,False
TSLA,put,market,Fri-0DTE,12:30,ATM,2024-07-19,2026-07-10,74,60.0,421,33.017,39.0,16.5,77.5,189.0,0.26316,25.0,-1.0,False
TSLA,put,market,Fri-0DTE,12:30,ATM,2024-07-19,2026-07-10,74,70.0,421,30.879,41.0,19.0,73.75,189.0,0.26316,25.0,-1.0,False
TSLA,put,market,Fri-0DTE,12:30,ATM,2024-07-19,2026-07-10,74,75.0,421,29.216,46.0,20.0,81.5,189.0,0.26316,25.0,-1.0,False
TSLA,put,market,Fri-0DTE,12:30,ATM,2024-07-19,2026-07-10,74,80.0,421,28.029,49.5,21.25,88.25,189.0,0.26316,25.0,-1.0,False
TSLA,put,market,Fri-0DTE,12:30,ATM,2024-07-19,2026-07-10,74,90.0,421,26.366,59.0,26.0,110.0,188.0,0.26316,25.0,-1.0,False
TSLA,put,market,Fri-0DTE,12:30,ATM,2024-07-19,2026-07-10,74,100.0,421,24.941,66.0,31.0,140.0,187.0,0.26316,25.0,-1.0,False
TSLA,put,mid,Fri-0DTE,13:00,ATM,2024-07-19,2026-07-10,74,20.0,415,67.229,12.0,5.0,40.0,154.0,0.44295,43.0,-0.95349,False
TSLA,put,mid,Fri-0DTE,13:00,ATM,2024-07-19,2026-07-10,74,25.0,415,64.096,16.0,6.0,49.75,154.0,0.44295,43.0,-0.95349,False
TSLA,put,mid,Fri-0DTE,13:00,ATM,2024-07-19,2026-07-10,74,30.0,415,62.169,21.0,7.25,59.75,154.0,0.44295,43.0,-0.95349,False
TSLA,put,mid,Fri-0DTE,13:00,ATM,2024-07-19,2026-07-10,74,40.0,415,53.012,26.5,11.0,77.5,154.0,0.44295,43.0,-0.95349,False
TSLA,put,mid,Fri-0DTE,13:00,ATM,2024-07-19,2026-07-10,74,50.0,415,46.506,38.0,16.0,116.0,154.0,0.44295,43.0,-0.95349,False
TSLA,put,mid,Fri-0DTE,13:00,ATM,2024-07-19,2026-07-10,74,60.0,415,40.964,48.0,18.25,133.0,158.0,0.44295,43.0,-0.95349,False
TSLA,put,mid,Fri-0DTE,13:00,ATM,2024-07-19,2026-07-10,74,70.0,415,36.145,57.0,25.0,134.0,159.0,0.44295,43.0,-0.95349,False
TSLA,put,mid,Fri-0DTE,13:00,ATM,2024-07-19,2026-07-10,74,75.0,415,34.94,66.0,26.0,136.0,159.0,0.44295,43.0,-0.95349,False
TSLA,put,mid,Fri-0DTE,13:00,ATM,2024-07-19,2026-07-10,74,80.0,415,33.735,66.5,28.0,135.25,159.0,0.44295,43.0,-0.95349,False
TSLA,put,mid,Fri-0DTE,13:00,ATM,2024-07-19,2026-07-10,74,90.0,415,30.12,67.0,32.0,132.0,157.0,0.44295,43.0,-0.95349,False
TSLA,put,mid,Fri-0DTE,13:00,ATM,2024-07-19,2026-07-10,74,100.0,415,26.506,64.5,36.0,131.0,158.5,0.44295,43.0,-0.95349,False
TSLA,put,market,Fri-0DTE,13:00,ATM,2024-07-19,2026-07-10,74,20.0,415,62.41,18.0,7.0,53.0,154.0,0.37143,43.0,-1.0,False
TSLA,put,market,Fri-0DTE,13:00,ATM,2024-07-19,2026-07-10,74,25.0,415,58.795,22.0,9.75,68.25,154.0,0.37143,43.0,-1.0,False
TSLA,put,market,Fri-0DTE,13:00,ATM,2024-07-19,2026-07-10,74,30.0,415,54.94,25.5,11.0,69.5,154.0,0.37143,43.0,-1.0,False
TSLA,put,market,Fri-0DTE,13:00,ATM,2024-07-19,2026-07-10,74,40.0,415,47.952,34.0,16.0,109.5,154.0,0.37143,43.0,-1.0,False
TSLA,put,market,Fri-0DTE,13:00,ATM,2024-07-19,2026-07-10,74,50.0,415,42.169,46.0,18.0,127.0,157.0,0.37143,43.0,-1.0,False
TSLA,put,market,Fri-0DTE,13:00,ATM,2024-07-19,2026-07-10,74,60.0,415,37.349,59.0,24.0,135.5,159.0,0.37143,43.0,-1.0,False
TSLA,put,market,Fri-0DTE,13:00,ATM,2024-07-19,2026-07-10,74,70.0,415,34.458,67.0,30.5,136.0,159.0,0.37143,43.0,-1.0,False
TSLA,put,market,Fri-0DTE,13:00,ATM,2024-07-19,2026-07-10,74,75.0,415,32.048,67.0,33.0,135.0,157.0,0.37143,43.0,-1.0,False
TSLA,put,market,Fri-0DTE,13:00,ATM,2024-07-19,2026-07-10,74,80.0,415,30.602,68.0,33.0,133.0,157.0,0.37143,43.0,-1.0,False
TSLA,put,market,Fri-0DTE,13:00,ATM,2024-07-19,2026-07-10,74,90.0,415,26.747,70.0,36.5,133.0,159.0,0.37143,43.0,-1.0,False
TSLA,put,market,Fri-0DTE,13:00,ATM,2024-07-19,2026-07-10,74,100.0,415,22.892,70.0,38.0,131.0,157.0,0.37143,43.0,-1.0,False
TSLA,put,mid,Fri-0DTE,13:00,OTM1,2024-07-19,2026-07-10,73,20.0,420,63.571,9.0,4.0,25.0,92.0,0.34815,18.5,-0.93333,False
TSLA,put,mid,Fri-0DTE,13:00,OTM1,2024-07-19,2026-07-10,73,25.0,420,59.286,11.0,5.0,30.0,97.0,0.34815,18.5,-0.93333,False
TSLA,put,mid,Fri-0DTE,13:00,OTM1,2024-07-19,2026-07-10,73,30.0,420,55.714,14.5,6.0,36.0,99.5,0.34815,18.5,-0.93333,False
TSLA,put,mid,Fri-0DTE,13:00,OTM1,2024-07-19,2026-07-10,73,40.0,420,47.381,16.0,7.0,36.0,121.0,0.34815,18.5,-0.93333,False
TSLA,put,mid,Fri-0DTE,13:00,OTM1,2024-07-19,2026-07-10,73,50.0,420,40.952,22.0,10.0,45.25,130.0,0.34815,18.5,-0.93333,False
TSLA,put,mid,Fri-0DTE,13:00,OTM1,2024-07-19,2026-07-10,73,60.0,420,36.667,23.0,11.0,61.25,133.5,0.34815,18.5,-0.93333,False
TSLA,put,mid,Fri-0DTE,13:00,OTM1,2024-07-19,2026-07-10,73,70.0,420,31.905,28.5,12.25,66.75,145.5,0.34815,18.5,-0.93333,False
TSLA,put,mid,Fri-0DTE,13:00,OTM1,2024-07-19,2026-07-10,73,75.0,420,30.952,29.5,15.0,72.5,147.5,0.34815,18.5,-0.93333,False
TSLA,put,mid,Fri-0DTE,13:00,OTM1,2024-07-19,2026-07-10,73,80.0,420,30.0,29.5,15.0,73.75,148.0,0.34815,18.5,-0.93333,False
TSLA,put,mid,Fri-0DTE,13:00,OTM1,2024-07-19,2026-07-10,73,90.0,420,28.81,38.0,18.0,99.0,151.0,0.34815,18.5,-0.93333,False
TSLA,put,mid,Fri-0DTE,13:00,OTM1,2024-07-19,2026-07-10,73,100.0,420,26.905,41.0,20.0,100.0,154.0,0.34815,18.5,-0.93333,False
TSLA,put,market,Fri-0DTE,13:00,OTM1,2024-07-19,2026-07-10,73,20.0,420,49.048,16.0,7.0,39.5,120.5,0.19903,18.5,-1.0,False
TSLA,put,market,Fri-0DTE,13:00,OTM1,2024-07-19,2026-07-10,73,25.0,420,45.238,17.0,7.0,38.0,130.0,0.19903,18.5,-1.0,False
TSLA,put,market,Fri-0DTE,13:00,OTM1,2024-07-19,2026-07-10,73,30.0,420,41.905,18.5,8.75,38.0,132.5,0.19903,18.5,-1.0,False
TSLA,put,market,Fri-0DTE,13:00,OTM1,2024-07-19,2026-07-10,73,40.0,420,35.714,22.5,11.0,54.0,137.5,0.19903,18.5,-1.0,False
TSLA,put,market,Fri-0DTE,13:00,OTM1,2024-07-19,2026-07-10,73,50.0,420,32.857,25.5,12.0,61.25,140.0,0.19903,18.5,-1.0,False
TSLA,put,market,Fri-0DTE,13:00,OTM1,2024-07-19,2026-07-10,73,60.0,420,29.762,31.0,15.0,73.0,149.0,0.19903,18.5,-1.0,False
TSLA,put,market,Fri-0DTE,13:00,OTM1,2024-07-19,2026-07-10,73,70.0,420,27.857,38.0,19.0,96.0,154.0,0.19903,18.5,-1.0,False
TSLA,put,market,Fri-0DTE,13:00,OTM1,2024-07-19,2026-07-10,73,75.0,420,27.619,39.5,19.75,101.5,154.0,0.19903,18.5,-1.0,False
TSLA,put,market,Fri-0DTE,13:00,OTM1,2024-07-19,2026-07-10,73,80.0,420,25.952,43.0,21.0,121.0,154.0,0.19903,18.5,-1.0,False
TSLA,put,market,Fri-0DTE,13:00,OTM1,2024-07-19,2026-07-10,73,90.0,420,24.048,46.0,24.0,125.0,154.0,0.19903,18.5,-1.0,False
TSLA,put,market,Fri-0DTE,13:00,OTM1,2024-07-19,2026-07-10,73,100.0,420,21.905,49.0,26.0,125.0,155.0,0.19903,18.5,-1.0,False
TSLA,put,mid,Fri-0DTE,13:30,OTM1,2024-07-19,2026-07-10,75,20.0,421,64.846,8.0,3.0,20.0,93.0,0.45455,22.0,-0.92157,False
TSLA,put,mid,Fri-0DTE,13:30,OTM1,2024-07-19,2026-07-10,75,25.0,421,61.995,10.0,5.0,24.0,96.0,0.45455,22.0,-0.92157,False
TSLA,put,mid,Fri-0DTE,13:30,OTM1,2024-07-19,2026-07-10,75,30.0,421,58.67,11.0,5.0,26.0,98.0,0.45455,22.0,-0.92157,False
TSLA,put,mid,Fri-0DTE,13:30,OTM1,2024-07-19,2026-07-10,75,40.0,421,53.444,15.0,7.0,30.0,101.0,0.45455,22.0,-0.92157,False
TSLA,put,mid,Fri-0DTE,13:30,OTM1,2024-07-19,2026-07-10,75,50.0,421,48.219,17.0,9.5,35.0,105.0,0.45455,22.0,-0.92157,False
TSLA,put,mid,Fri-0DTE,13:30,OTM1,2024-07-19,2026-07-10,75,60.0,421,43.943,22.0,11.0,42.0,109.0,0.45455,22.0,-0.92157,False
TSLA,put,mid,Fri-0DTE,13:30,OTM1,2024-07-19,2026-07-10,75,70.0,421,41.093,27.0,15.0,47.0,110.0,0.45455,22.0,-0.92157,False
TSLA,put,mid,Fri-0DTE,13:30,OTM1,2024-07-19,2026-07-10,75,75.0,421,40.38,28.0,16.0,50.5,108.0,0.45455,22.0,-0.92157,False
TSLA,put,mid,Fri-0DTE,13:30,OTM1,2024-07-19,2026-07-10,75,80.0,421,39.905,31.0,16.0,58.0,108.0,0.45455,22.0,-0.92157,False
TSLA,put,mid,Fri-0DTE,13:30,OTM1,2024-07-19,2026-07-10,75,90.0,421,36.58,31.0,16.0,57.75,109.0,0.45455,22.0,-0.92157,False
TSLA,put,mid,Fri-0DTE,13:30,OTM1,2024-07-19,2026-07-10,75,100.0,421,34.917,34.0,18.0,62.0,111.0,0.45455,22.0,-0.92157,False
TSLA,put,market,Fri-0DTE,13:30,OTM1,2024-07-19,2026-07-10,75,20.0,421,50.594,15.0,7.0,31.0,106.0,0.23214,22.0,-1.0,False
TSLA,put,market,Fri-0DTE,13:30,OTM1,2024-07-19,2026-07-10,75,25.0,421,49.644,16.0,8.0,33.0,105.0,0.23214,22.0,-1.0,False
TSLA,put,market,Fri-0DTE,13:30,OTM1,2024-07-19,2026-07-10,75,30.0,421,46.556,18.0,10.0,34.25,107.0,0.23214,22.0,-1.0,False
TSLA,put,market,Fri-0DTE,13:30,OTM1,2024-07-19,2026-07-10,75,40.0,421,42.755,22.5,11.75,41.0,111.0,0.23214,22.0,-1.0,False
TSLA,put,market,Fri-0DTE,13:30,OTM1,2024-07-19,2026-07-10,75,50.0,421,39.905,27.0,15.0,49.25,113.0,0.23214,22.0,-1.0,False
TSLA,put,market,Fri-0DTE,13:30,OTM1,2024-07-19,2026-07-10,75,60.0,421,38.48,31.0,18.0,58.0,111.5,0.23214,22.0,-1.0,False
TSLA,put,market,Fri-0DTE,13:30,OTM1,2024-07-19,2026-07-10,75,70.0,421,35.867,34.0,18.0,65.0,118.0,0.23214,22.0,-1.0,False
TSLA,put,market,Fri-0DTE,13:30,OTM1,2024-07-19,2026-07-10,75,75.0,421,33.254,34.5,19.0,65.0,119.0,0.23214,22.0,-1.0,False
TSLA,put,market,Fri-0DTE,13:30,OTM1,2024-07-19,2026-07-10,75,80.0,421,32.304,35.5,20.5,66.0,121.0,0.23214,22.0,-1.0,False
TSLA,put,market,Fri-0DTE,13:30,OTM1,2024-07-19,2026-07-10,75,90.0,421,28.266,41.0,23.5,78.0,124.0,0.23214,22.0,-1.0,False
TSLA,put,market,Fri-0DTE,13:30,OTM1,2024-07-19,2026-07-10,75,100.0,421,26.841,45.0,26.0,87.0,124.0,0.23214,22.0,-1.0,False
TSLA,put,mid,Fri-0DTE,14:00,OTM1,2024-07-19,2026-07-10,76,20.0,430,64.419,7.0,3.0,23.0,80.0,0.4744,22.0,-0.89655,False
TSLA,put,mid,Fri-0DTE,14:00,OTM1,2024-07-19,2026-07-10,76,25.0,430,61.628,10.0,4.0,29.0,81.0,0.4744,22.0,-0.89655,False
TSLA,put,mid,Fri-0DTE,14:00,OTM1,2024-07-19,2026-07-10,76,30.0,430,58.14,13.5,5.0,31.0,83.0,0.4744,22.0,-0.89655,False
TSLA,put,mid,Fri-0DTE,14:00,OTM1,2024-07-19,2026-07-10,76,40.0,430,53.721,15.0,6.0,35.5,82.0,0.4744,22.0,-0.89655,False
TSLA,put,mid,Fri-0DTE,14:00,OTM1,2024-07-19,2026-07-10,76,50.0,430,49.535,17.0,7.0,38.0,85.0,0.4744,22.0,-0.89655,False
TSLA,put,mid,Fri-0DTE,14:00,OTM1,2024-07-19,2026-07-10,76,60.0,430,45.116,20.5,10.0,46.75,86.0,0.4744,22.0,-0.89655,False
TSLA,put,mid,Fri-0DTE,14:00,OTM1,2024-07-19,2026-07-10,76,70.0,430,42.326,21.5,11.0,48.0,86.5,0.4744,22.0,-0.89655,False
TSLA,put,mid,Fri-0DTE,14:00,OTM1,2024-07-19,2026-07-10,76,75.0,430,41.395,23.0,11.0,48.0,87.5,0.4744,22.0,-0.89655,False
TSLA,put,mid,Fri-0DTE,14:00,OTM1,2024-07-19,2026-07-10,76,80.0,430,39.767,23.0,11.0,43.5,86.0,0.4744,22.0,-0.89655,False
TSLA,put,mid,Fri-0DTE,14:00,OTM1,2024-07-19,2026-07-10,76,90.0,430,37.907,26.0,12.5,46.0,84.0,0.4744,22.0,-0.89655,False
TSLA,put,mid,Fri-0DTE,14:00,OTM1,2024-07-19,2026-07-10,76,100.0,430,35.581,26.0,15.0,49.0,85.0,0.4744,22.0,-0.89655,False
TSLA,put,market,Fri-0DTE,14:00,OTM1,2024-07-19,2026-07-10,76,20.0,430,50.0,16.0,7.0,35.5,84.0,0.2001,22.0,-1.0,False
TSLA,put,market,Fri-0DTE,14:00,OTM1,2024-07-19,2026-07-10,76,25.0,430,48.837,17.0,7.0,37.0,84.5,0.2001,22.0,-1.0,False
TSLA,put,market,Fri-0DTE,14:00,OTM1,2024-07-19,2026-07-10,76,30.0,430,46.977,19.0,9.0,40.75,84.0,0.2001,22.0,-1.0,False
TSLA,put,market,Fri-0DTE,14:00,OTM1,2024-07-19,2026-07-10,76,40.0,430,42.093,21.0,10.0,47.0,87.0,0.2001,22.0,-1.0,False
TSLA,put,market,Fri-0DTE,14:00,OTM1,2024-07-19,2026-07-10,76,50.0,430,38.605,25.0,12.0,48.75,88.5,0.2001,22.0,-1.0,False
TSLA,put,market,Fri-0DTE,14:00,OTM1,2024-07-19,2026-07-10,76,60.0,430,35.814,26.0,13.25,45.0,89.0,0.2001,22.0,-1.0,False
TSLA,put,market,Fri-0DTE,14:00,OTM1,2024-07-19,2026-07-10,76,70.0,430,33.721,26.0,15.0,45.0,89.0,0.2001,22.0,-1.0,False
TSLA,put,market,Fri-0DTE,14:00,OTM1,2024-07-19,2026-07-10,76,75.0,430,32.326,26.0,16.0,48.0,89.0,0.2001,22.0,-1.0,False
TSLA,put,market,Fri-0DTE,14:00,OTM1,2024-07-19,2026-07-10,76,80.0,430,31.395,29.0,17.5,48.5,89.0,0.2001,22.0,-1.0,False
TSLA,put,market,Fri-0DTE,14:00,OTM1,2024-07-19,2026-07-10,76,90.0,430,29.302,32.5,19.0,50.5,91.5,0.2001,22.0,-1.0,False
TSLA,put,market,Fri-0DTE,14:00,OTM1,2024-07-19,2026-07-10,76,100.0,430,28.14,35.0,20.0,57.0,94.0,0.2001,22.0,-1.0,False
TSLA,put,mid,Fri-0DTE,14:30,OTM1,2024-07-19,2026-07-10,78,20.0,438,69.863,6.0,2.0,14.0,46.0,0.5,13.0,-0.86364,False
TSLA,put,mid,Fri-0DTE,14:30,OTM1,2024-07-19,2026-07-10,78,25.0,438,66.438,6.0,3.0,16.5,49.0,0.5,13.0,-0.86364,False
TSLA,put,mid,Fri-0DTE,14:30,OTM1,2024-07-19,2026-07-10,78,30.0,438,62.329,9.0,4.0,21.0,52.0,0.5,13.0,-0.86364,False
TSLA,put,mid,Fri-0DTE,14:30,OTM1,2024-07-19,2026-07-10,78,40.0,438,56.164,11.0,5.0,23.75,55.0,0.5,13.0,-0.86364,False
TSLA,put,mid,Fri-0DTE,14:30,OTM1,2024-07-19,2026-07-10,78,50.0,438,50.913,13.0,6.0,27.5,59.0,0.5,13.0,-0.86364,False
TSLA,put,mid,Fri-0DTE,14:30,OTM1,2024-07-19,2026-07-10,78,60.0,438,46.119,15.0,7.0,32.0,62.0,0.5,13.0,-0.86364,False
TSLA,put,mid,Fri-0DTE,14:30,OTM1,2024-07-19,2026-07-10,78,70.0,438,41.324,16.0,10.0,35.0,64.0,0.5,13.0,-0.86364,False
TSLA,put,mid,Fri-0DTE,14:30,OTM1,2024-07-19,2026-07-10,78,75.0,438,38.584,17.0,10.0,36.0,64.0,0.5,13.0,-0.86364,False
TSLA,put,mid,Fri-0DTE,14:30,OTM1,2024-07-19,2026-07-10,78,80.0,438,36.758,17.0,10.0,35.0,64.0,0.5,13.0,-0.86364,False
TSLA,put,mid,Fri-0DTE,14:30,OTM1,2024-07-19,2026-07-10,78,90.0,438,34.475,19.0,11.0,37.0,64.0,0.5,13.0,-0.86364,False
TSLA,put,mid,Fri-0DTE,14:30,OTM1,2024-07-19,2026-07-10,78,100.0,438,32.648,20.0,11.0,39.5,64.0,0.5,13.0,-0.86364,False
TSLA,put,market,Fri-0DTE,14:30,OTM1,2024-07-19,2026-07-10,78,20.0,438,47.945,12.0,6.0,26.75,56.0,0.15895,13.0,-1.0,False
TSLA,put,market,Fri-0DTE,14:30,OTM1,2024-07-19,2026-07-10,78,25.0,438,46.119,14.0,7.0,28.0,56.5,0.15895,13.0,-1.0,False
TSLA,put,market,Fri-0DTE,14:30,OTM1,2024-07-19,2026-07-10,78,30.0,438,44.292,15.0,7.0,29.0,60.0,0.15895,13.0,-1.0,False
TSLA,put,market,Fri-0DTE,14:30,OTM1,2024-07-19,2026-07-10,78,40.0,438,40.411,16.0,9.0,33.0,64.0,0.15895,13.0,-1.0,False
TSLA,put,market,Fri-0DTE,14:30,OTM1,2024-07-19,2026-07-10,78,50.0,438,34.932,17.0,11.0,35.0,64.0,0.15895,13.0,-1.0,False
TSLA,put,market,Fri-0DTE,14:30,OTM1,2024-07-19,2026-07-10,78,60.0,438,32.42,19.0,11.25,36.75,64.5,0.15895,13.0,-1.0,False
TSLA,put,market,Fri-0DTE,14:30,OTM1,2024-07-19,2026-07-10,78,70.0,438,30.365,21.0,13.0,40.0,65.0,0.15895,13.0,-1.0,False
TSLA,put,market,Fri-0DTE,14:30,OTM1,2024-07-19,2026-07-10,78,75.0,438,29.224,21.0,13.0,40.25,67.0,0.15895,13.0,-1.0,False
TSLA,put,market,Fri-0DTE,14:30,OTM1,2024-07-19,2026-07-10,78,80.0,438,28.767,21.5,13.0,40.0,67.5,0.15895,13.0,-1.0,False
TSLA,put,market,Fri-0DTE,14:30,OTM1,2024-07-19,2026-07-10,78,90.0,438,27.854,24.0,14.0,42.0,66.5,0.15895,13.0,-1.0,False
TSLA,put,market,Fri-0DTE,14:30,OTM1,2024-07-19,2026-07-10,78,100.0,438,26.484,29.0,15.0,46.0,68.0,0.15895,13.0,-1.0,False
TSLA,put,mid,Fri-0DTE,15:00,OTM1,2024-07-19,2026-07-10,77,20.0,443,59.368,6.0,2.0,13.5,30.0,0.33333,6.0,-0.78571,False
TSLA,put,mid,Fri-0DTE,15:00,OTM1,2024-07-19,2026-07-10,77,25.0,443,56.885,6.0,2.0,15.0,31.5,0.33333,6.0,-0.78571,False
TSLA,put,mid,Fri-0DTE,15:00,OTM1,2024-07-19,2026-07-10,77,30.0,443,51.919,6.0,2.0,17.0,32.0,0.33333,6.0,-0.78571,False
TSLA,put,mid,Fri-0DTE,15:00,OTM1,2024-07-19,2026-07-10,77,40.0,443,44.921,9.0,3.0,19.5,34.0,0.33333,6.0,-0.78571,False
TSLA,put,mid,Fri-0DTE,15:00,OTM1,2024-07-19,2026-07-10,77,50.0,443,42.212,10.0,4.0,22.5,34.0,0.33333,6.0,-0.78571,False
TSLA,put,mid,Fri-0DTE,15:00,OTM1,2024-07-19,2026-07-10,77,60.0,443,39.278,11.0,4.25,23.0,34.0,0.33333,6.0,-0.78571,False
TSLA,put,mid,Fri-0DTE,15:00,OTM1,2024-07-19,2026-07-10,77,70.0,443,37.02,11.0,5.0,24.25,34.0,0.33333,6.0,-0.78571,False
TSLA,put,mid,Fri-0DTE,15:00,OTM1,2024-07-19,2026-07-10,77,75.0,443,36.343,11.0,5.0,25.0,34.0,0.33333,6.0,-0.78571,False
TSLA,put,mid,Fri-0DTE,15:00,OTM1,2024-07-19,2026-07-10,77,80.0,443,34.989,13.0,6.0,27.0,36.0,0.33333,6.0,-0.78571,False
TSLA,put,mid,Fri-0DTE,15:00,OTM1,2024-07-19,2026-07-10,77,90.0,443,34.312,13.0,7.0,27.0,36.5,0.33333,6.0,-0.78571,False
TSLA,put,mid,Fri-0DTE,15:00,OTM1,2024-07-19,2026-07-10,77,100.0,443,33.183,15.0,8.0,30.0,37.0,0.33333,6.0,-0.78571,False
TSLA,put,market,Fri-0DTE,15:00,OTM1,2024-07-19,2026-07-10,77,20.0,443,35.892,12.0,5.0,25.0,36.0,-0.08333,6.0,-1.0,False
TSLA,put,market,Fri-0DTE,15:00,OTM1,2024-07-19,2026-07-10,77,25.0,443,34.537,12.0,5.0,23.0,35.0,-0.08333,6.0,-1.0,False
TSLA,put,market,Fri-0DTE,15:00,OTM1,2024-07-19,2026-07-10,77,30.0,443,32.28,12.0,6.0,23.0,35.0,-0.08333,6.0,-1.0,False
TSLA,put,market,Fri-0DTE,15:00,OTM1,2024-07-19,2026-07-10,77,40.0,443,30.248,12.0,6.0,22.5,34.5,-0.08333,6.0,-1.0,False
TSLA,put,market,Fri-0DTE,15:00,OTM1,2024-07-19,2026-07-10,77,50.0,443,28.442,13.5,7.0,24.75,35.5,-0.08333,6.0,-1.0,False
TSLA,put,market,Fri-0DTE,15:00,OTM1,2024-07-19,2026-07-10,77,60.0,443,27.314,15.0,7.0,26.0,35.0,-0.08333,6.0,-1.0,False
TSLA,put,market,Fri-0DTE,15:00,OTM1,2024-07-19,2026-07-10,77,70.0,443,26.185,16.0,8.0,26.25,35.0,-0.08333,6.0,-1.0,False
TSLA,put,market,Fri-0DTE,15:00,OTM1,2024-07-19,2026-07-10,77,75.0,443,25.282,16.0,8.0,27.0,35.5,-0.08333,6.0,-1.0,False
TSLA,put,market,Fri-0DTE,15:00,OTM1,2024-07-19,2026-07-10,77,80.0,443,24.153,16.0,10.0,27.0,35.0,-0.08333,6.0,-1.0,False
TSLA,put,market,Fri-0DTE,15:00,OTM1,2024-07-19,2026-07-10,77,90.0,443,23.702,18.0,10.0,27.0,36.0,-0.08333,6.0,-1.0,False
TSLA,put,market,Fri-0DTE,15:00,OTM1,2024-07-19,2026-07-10,77,100.0,443,22.573,20.0,10.0,28.25,35.5,-0.08333,6.0,-1.0,False
TSLA,put,mid,Fri-0DTE,15:30,OTM1,2024-07-19,2026-07-10,75,20.0,75,62.667,4.0,1.5,13.0,15.0,0.33333,3.0,-0.72093,False
TSLA,put,mid,Fri-0DTE,15:30,OTM1,2024-07-19,2026-07-10,75,25.0,75,60.0,4.0,2.0,14.0,16.0,0.33333,3.0,-0.72093,False
TSLA,put,mid,Fri-0DTE,15:30,OTM1,2024-07-19,2026-07-10,75,30.0,75,52.0,5.0,2.0,15.5,16.0,0.33333,3.0,-0.72093,False
TSLA,put,mid,Fri-0DTE,15:30,OTM1,2024-07-19,2026-07-10,75,40.0,75,45.333,5.5,2.0,19.0,18.5,0.33333,3.0,-0.72093,False
TSLA,put,mid,Fri-0DTE,15:30,OTM1,2024-07-19,2026-07-10,75,50.0,75,38.667,5.0,2.0,16.0,20.0,0.33333,3.0,-0.72093,False
TSLA,put,mid,Fri-0DTE,15:30,OTM1,2024-07-19,2026-07-10,75,60.0,75,30.667,7.0,3.5,21.0,23.0,0.33333,3.0,-0.72093,False
TSLA,put,mid,Fri-0DTE,15:30,OTM1,2024-07-19,2026-07-10,75,70.0,75,25.333,8.0,4.0,22.5,24.0,0.33333,3.0,-0.72093,False
TSLA,put,mid,Fri-0DTE,15:30,OTM1,2024-07-19,2026-07-10,75,75.0,75,22.667,9.0,4.0,23.0,24.0,0.33333,3.0,-0.72093,False
TSLA,put,mid,Fri-0DTE,15:30,OTM1,2024-07-19,2026-07-10,75,80.0,75,21.333,8.5,4.0,23.25,25.5,0.33333,3.0,-0.72093,False
TSLA,put,mid,Fri-0DTE,15:30,OTM1,2024-07-19,2026-07-10,75,90.0,75,20.0,15.0,5.5,23.5,27.0,0.33333,3.0,-0.72093,False
TSLA,put,mid,Fri-0DTE,15:30,OTM1,2024-07-19,2026-07-10,75,100.0,75,18.667,20.0,7.0,23.75,27.5,0.33333,3.0,-0.72093,False
TSLA,put,market,Fri-0DTE,15:30,OTM1,2024-07-19,2026-07-10,75,20.0,75,28.0,7.0,3.0,23.0,23.0,-0.36364,2.0,-1.0,False
TSLA,put,market,Fri-0DTE,15:30,OTM1,2024-07-19,2026-07-10,75,25.0,75,25.333,15.0,3.0,23.5,25.0,-0.36364,2.0,-1.0,False
TSLA,put,market,Fri-0DTE,15:30,OTM1,2024-07-19,2026-07-10,75,30.0,75,21.333,13.5,3.75,23.25,24.0,-0.36364,2.0,-1.0,False
TSLA,put,market,Fri-0DTE,15:30,OTM1,2024-07-19,2026-07-10,75,40.0,75,18.667,13.5,3.25,23.75,26.0,-0.36364,2.0,-1.0,False
TSLA,put,market,Fri-0DTE,15:30,OTM1,2024-07-19,2026-07-10,75,50.0,75,16.0,17.5,4.75,24.25,27.0,-0.36364,2.0,-1.0,False
TSLA,put,market,Fri-0DTE,15:30,OTM1,2024-07-19,2026-07-10,75,60.0,75,16.0,17.5,5.0,24.25,26.0,-0.36364,2.0,-1.0,False
TSLA,put,market,Fri-0DTE,15:30,OTM1,2024-07-19,2026-07-10,75,70.0,75,16.0,17.5,5.0,24.25,26.0,-0.36364,2.0,-1.0,False
TSLA,put,market,Fri-0DTE,15:30,OTM1,2024-07-19,2026-07-10,75,75.0,75,16.0,17.5,5.0,24.25,25.5,-0.36364,2.0,-1.0,False
TSLA,put,market,Fri-0DTE,15:30,OTM1,2024-07-19,2026-07-10,75,80.0,75,16.0,20.5,6.5,25.0,25.5,-0.36364,2.0,-1.0,False
TSLA,put,market,Fri-0DTE,15:30,OTM1,2024-07-19,2026-07-10,75,90.0,75,13.333,18.0,5.5,24.0,25.5,-0.36364,2.0,-1.0,False
TSLA,put,market,Fri-0DTE,15:30,OTM1,2024-07-19,2026-07-10,75,100.0,75,13.333,18.5,7.0,24.0,25.5,-0.36364,2.0,-1.0,False
TSLA,put,mid,Fri-0DTE,10:30,ATM,2024-07-19,2026-07-10,89,20.0,492,68.699,12.0,4.0,40.0,160.5,0.58169,40.0,-0.98286,False
TSLA,put,mid,Fri-0DTE,10:30,ATM,2024-07-19,2026-07-10,89,25.0,492,65.854,15.5,6.0,51.25,160.5,0.58169,40.0,-0.98286,False
TSLA,put,mid,Fri-0DTE,10:30,ATM,2024-07-19,2026-07-10,89,30.0,492,63.211,18.0,7.5,54.0,172.0,0.58169,40.0,-0.98286,False
TSLA,put,mid,Fri-0DTE,10:30,ATM,2024-07-19,2026-07-10,89,40.0,492,58.537,27.0,12.0,69.0,175.0,0.58169,40.0,-0.98286,False
TSLA,put,mid,Fri-0DTE,10:30,ATM,2024-07-19,2026-07-10,89,50.0,492,54.675,35.0,16.0,79.0,206.0,0.58169,40.0,-0.98286,False
TSLA,put,mid,Fri-0DTE,10:30,ATM,2024-07-19,2026-07-10,89,60.0,492,49.39,44.0,20.5,101.5,219.0,0.58169,40.0,-0.98286,False
TSLA,put,mid,Fri-0DTE,10:30,ATM,2024-07-19,2026-07-10,89,70.0,492,42.48,54.0,25.0,112.0,272.0,0.58169,40.0,-0.98286,False
TSLA,put,mid,Fri-0DTE,10:30,ATM,2024-07-19,2026-07-10,89,75.0,492,41.667,61.0,26.0,122.0,279.0,0.58169,40.0,-0.98286,False
TSLA,put,mid,Fri-0DTE,10:30,ATM,2024-07-19,2026-07-10,89,80.0,492,39.431,64.5,30.0,133.75,299.0,0.58169,40.0,-0.98286,False
TSLA,put,mid,Fri-0DTE,10:30,ATM,2024-07-19,2026-07-10,89,90.0,492,36.179,67.5,31.25,142.5,300.5,0.58169,40.0,-0.98286,False
TSLA,put,mid,Fri-0DTE,10:30,ATM,2024-07-19,2026-07-10,89,100.0,492,32.52,71.0,34.0,142.5,299.0,0.58169,40.0,-0.98286,False
TSLA,put,market,Fri-0DTE,10:30,ATM,2024-07-19,2026-07-10,89,20.0,492,66.463,15.0,6.0,47.0,156.0,0.52632,40.0,-1.0,False
TSLA,put,market,Fri-0DTE,10:30,ATM,2024-07-19,2026-07-10,89,25.0,492,63.618,18.0,7.0,55.0,165.0,0.52632,40.0,-1.0,False
TSLA,put,market,Fri-0DTE,10:30,ATM,2024-07-19,2026-07-10,89,30.0,492,61.179,22.0,10.0,62.0,177.0,0.52632,40.0,-1.0,False
TSLA,put,market,Fri-0DTE,10:30,ATM,2024-07-19,2026-07-10,89,40.0,492,56.911,30.0,12.0,70.25,183.0,0.52632,40.0,-1.0,False
TSLA,put,market,Fri-0DTE,10:30,ATM,2024-07-19,2026-07-10,89,50.0,492,51.423,42.0,18.0,90.0,211.0,0.52632,40.0,-1.0,False
TSLA,put,market,Fri-0DTE,10:30,ATM,2024-07-19,2026-07-10,89,60.0,492,45.122,48.5,22.0,104.75,251.0,0.52632,40.0,-1.0,False
TSLA,put,market,Fri-0DTE,10:30,ATM,2024-07-19,2026-07-10,89,70.0,492,41.463,61.0,26.75,122.25,274.5,0.52632,40.0,-1.0,False
TSLA,put,market,Fri-0DTE,10:30,ATM,2024-07-19,2026-07-10,89,75.0,492,39.634,64.0,29.5,133.5,296.0,0.52632,40.0,-1.0,False
TSLA,put,market,Fri-0DTE,10:30,ATM,2024-07-19,2026-07-10,89,80.0,492,38.211,67.0,31.0,137.25,299.0,0.52632,40.0,-1.0,False
TSLA,put,market,Fri-0DTE,10:30,ATM,2024-07-19,2026-07-10,89,90.0,492,33.333,68.0,32.75,133.25,301.5,0.52632,40.0,-1.0,False
TSLA,put,market,Fri-0DTE,10:30,ATM,2024-07-19,2026-07-10,89,100.0,492,29.675,79.5,39.0,146.0,304.0,0.52632,40.0,-1.0,False
TSLA,put,mid,Fri-0DTE,11:30,ATM,2024-07-19,2026-07-10,81,20.0,439,72.893,11.0,5.0,28.25,190.0,0.54286,36.0,-0.96512,False
TSLA,put,mid,Fri-0DTE,11:30,ATM,2024-07-19,2026-07-10,81,25.0,439,69.021,13.0,6.0,30.5,203.0,0.54286,36.0,-0.96512,False
TSLA,put,mid,Fri-0DTE,11:30,ATM,2024-07-19,2026-07-10,81,30.0,439,64.465,16.0,8.0,38.5,217.0,0.54286,36.0,-0.96512,False
TSLA,put,mid,Fri-0DTE,11:30,ATM,2024-07-19,2026-07-10,81,40.0,439,55.809,23.0,11.0,46.0,237.0,0.54286,36.0,-0.96512,False
TSLA,put,mid,Fri-0DTE,11:30,ATM,2024-07-19,2026-07-10,81,50.0,439,51.708,30.0,15.5,60.0,237.0,0.54286,36.0,-0.96512,False
TSLA,put,mid,Fri-0DTE,11:30,ATM,2024-07-19,2026-07-10,81,60.0,439,46.697,34.0,19.0,75.0,239.0,0.54286,36.0,-0.96512,False
TSLA,put,mid,Fri-0DTE,11:30,ATM,2024-07-19,2026-07-10,81,70.0,439,43.736,45.5,23.0,81.75,238.5,0.54286,36.0,-0.96512,False
TSLA,put,mid,Fri-0DTE,11:30,ATM,2024-07-19,2026-07-10,81,75.0,439,41.23,50.0,26.0,93.0,239.0,0.54286,36.0,-0.96512,False
TSLA,put,mid,Fri-0DTE,11:30,ATM,2024-07-19,2026-07-10,81,80.0,439,38.497,52.0,28.0,93.0,242.0,0.54286,36.0,-0.96512,False
TSLA,put,mid,Fri-0DTE,11:30,ATM,2024-07-19,2026-07-10,81,90.0,439,35.535,57.0,32.0,101.0,242.5,0.54286,36.0,-0.96512,False
TSLA,put,mid,Fri-0DTE,11:30,ATM,2024-07-19,2026-07-10,81,100.0,439,32.802,62.0,35.0,103.0,241.0,0.54286,36.0,-0.96512,False
TSLA,put,market,Fri-0DTE,11:30,ATM,2024-07-19,2026-07-10,81,20.0,439,68.109,14.0,6.0,31.0,208.0,0.48175,36.0,-1.0,False
TSLA,put,market,Fri-0DTE,11:30,ATM,2024-07-19,2026-07-10,81,25.0,439,64.009,16.0,8.0,38.0,217.0,0.48175,36.0,-1.0,False
TSLA,put,market,Fri-0DTE,11:30,ATM,2024-07-19,2026-07-10,81,30.0,439,60.592,21.0,10.0,43.0,218.5,0.48175,36.0,-1.0,False
TSLA,put,market,Fri-0DTE,11:30,ATM,2024-07-19,2026-07-10,81,40.0,439,53.986,26.0,13.0,56.0,237.0,0.48175,36.0,-1.0,False
TSLA,put,market,Fri-0DTE,11:30,ATM,2024-07-19,2026-07-10,81,50.0,439,49.203,32.0,18.0,72.0,237.0,0.48175,36.0,-1.0,False
TSLA,put,market,Fri-0DTE,11:30,ATM,2024-07-19,2026-07-10,81,60.0,439,45.103,42.0,22.0,76.0,238.5,0.48175,36.0,-1.0,False
TSLA,put,market,Fri-0DTE,11:30,ATM,2024-07-19,2026-07-10,81,70.0,439,40.547,52.5,27.0,98.0,240.0,0.48175,36.0,-1.0,False
TSLA,put,market,Fri-0DTE,11:30,ATM,2024-07-19,2026-07-10,81,75.0,439,37.358,54.0,30.0,94.25,241.5,0.48175,36.0,-1.0,False
TSLA,put,market,Fri-0DTE,11:30,ATM,2024-07-19,2026-07-10,81,80.0,439,36.674,57.0,32.0,98.0,241.0,0.48175,36.0,-1.0,False
TSLA,put,market,Fri-0DTE,11:30,ATM,2024-07-19,2026-07-10,81,90.0,439,32.802,61.5,34.0,103.0,240.0,0.48175,36.0,-1.0,False
TSLA,put,market,Fri-0DTE,11:30,ATM,2024-07-19,2026-07-10,81,100.0,439,30.752,66.0,39.0,103.0,239.0,0.48175,36.0,-1.0,False
TSLA,put,mid,Fri-0DTE,12:00,ITM,2024-07-19,2026-07-10,78,20.0,1736,60.887,32.0,13.0,74.0,219.0,0.28715,96.0,-0.33912,False
TSLA,put,mid,Fri-0DTE,12:00,ITM,2024-07-19,2026-07-10,78,25.0,1736,54.205,41.0,18.0,110.0,219.0,0.28715,96.0,-0.33912,False
TSLA,put,mid,Fri-0DTE,12:00,ITM,2024-07-19,2026-07-10,78,30.0,1736,48.272,48.0,22.25,117.0,219.0,0.28715,96.0,-0.33912,False
TSLA,put,mid,Fri-0DTE,12:00,ITM,2024-07-19,2026-07-10,78,40.0,1736,39.516,60.0,33.0,133.0,219.0,0.28715,96.0,-0.33912,False
TSLA,put,mid,Fri-0DTE,12:00,ITM,2024-07-19,2026-07-10,78,50.0,1736,31.74,68.0,40.0,141.5,219.0,0.28715,96.0,-0.33912,False
TSLA,put,mid,Fri-0DTE,12:00,ITM,2024-07-19,2026-07-10,78,60.0,1736,25.922,73.5,45.0,144.75,218.0,0.28715,96.0,-0.33912,False
TSLA,put,mid,Fri-0DTE,12:00,ITM,2024-07-19,2026-07-10,78,70.0,1736,21.198,79.0,47.0,151.0,214.0,0.28715,96.0,-0.33912,False
TSLA,put,mid,Fri-0DTE,12:00,ITM,2024-07-19,2026-07-10,78,75.0,1736,19.067,83.0,50.0,149.5,214.0,0.28715,96.0,-0.33912,False
TSLA,put,mid,Fri-0DTE,12:00,ITM,2024-07-19,2026-07-10,78,80.0,1736,17.396,81.5,50.0,149.0,214.0,0.28715,96.0,-0.33912,False
TSLA,put,mid,Fri-0DTE,12:00,ITM,2024-07-19,2026-07-10,78,90.0,1736,14.919,92.0,53.0,160.0,214.0,0.28715,96.0,-0.33912,False
TSLA,put,mid,Fri-0DTE,12:00,ITM,2024-07-19,2026-07-10,78,100.0,1736,12.73,92.0,55.0,160.0,214.0,0.28715,96.0,-0.33912,False
TSLA,put,market,Fri-0DTE,12:00,ITM,2024-07-19,2026-07-10,78,20.0,1736,57.431,36.0,15.0,83.0,219.0,0.26032,96.0,-0.35309,False
TSLA,put,market,Fri-0DTE,12:00,ITM,2024-07-19,2026-07-10,78,25.0,1736,51.498,46.0,21.0,116.0,219.0,0.26032,96.0,-0.35309,False
TSLA,put,market,Fri-0DTE,12:00,ITM,2024-07-19,2026-07-10,78,30.0,1736,45.449,53.0,25.0,122.0,219.0,0.26032,96.0,-0.35309,False
TSLA,put,market,Fri-0DTE,12:00,ITM,2024-07-19,2026-07-10,78,40.0,1736,36.809,65.0,37.0,136.0,219.0,0.26032,96.0,-0.35309,False
TSLA,put,market,Fri-0DTE,12:00,ITM,2024-07-19,2026-07-10,78,50.0,1736,30.242,72.0,42.0,145.0,219.0,0.26032,96.0,-0.35309,False
TSLA,put,market,Fri-0DTE,12:00,ITM,2024-07-19,2026-07-10,78,60.0,1736,23.56,79.0,46.0,150.0,219.0,0.26032,96.0,-0.35309,False
TSLA,put,market,Fri-0DTE,12:00,ITM,2024-07-19,2026-07-10,78,70.0,1736,19.816,83.0,50.0,152.25,214.0,0.26032,96.0,-0.35309,False
TSLA,put,market,Fri-0DTE,12:00,ITM,2024-07-19,2026-07-10,78,75.0,1736,17.569,82.0,50.0,146.0,214.0,0.26032,96.0,-0.35309,False
TSLA,put,market,Fri-0DTE,12:00,ITM,2024-07-19,2026-07-10,78,80.0,1736,16.187,88.0,51.0,155.0,214.0,0.26032,96.0,-0.35309,False
TSLA,put,market,Fri-0DTE,12:00,ITM,2024-07-19,2026-07-10,78,90.0,1736,14.171,91.5,53.5,161.0,214.0,0.26032,96.0,-0.35309,False
TSLA,put,market,Fri-0DTE,12:00,ITM,2024-07-19,2026-07-10,78,100.0,1736,11.406,93.0,55.0,157.25,214.0,0.26032,96.0,-0.35309,False
TSLA,put,mid,Fri-0DTE,12:30,ITM,2024-07-19,2026-07-10,79,20.0,1607,56.876,33.0,12.0,91.0,189.0,0.25964,82.0,-0.32346,False
TSLA,put,mid,Fri-0DTE,12:30,ITM,2024-07-19,2026-07-10,79,25.0,1607,51.649,41.0,16.0,108.0,189.0,0.25964,82.0,-0.32346,False
TSLA,put,mid,Fri-0DTE,12:30,ITM,2024-07-19,2026-07-10,79,30.0,1607,45.177,51.0,19.25,117.0,189.0,0.25964,82.0,-0.32346,False
TSLA,put,mid,Fri-0DTE,12:30,ITM,2024-07-19,2026-07-10,79,40.0,1607,34.91,60.0,23.0,124.0,189.0,0.25964,82.0,-0.32346,False
TSLA,put,mid,Fri-0DTE,12:30,ITM,2024-07-19,2026-07-10,79,50.0,1607,27.505,65.0,25.25,128.75,189.0,0.25964,82.0,-0.32346,False
TSLA,put,mid,Fri-0DTE,12:30,ITM,2024-07-19,2026-07-10,79,60.0,1607,22.215,73.0,30.0,141.0,187.0,0.25964,82.0,-0.32346,False
TSLA,put,mid,Fri-0DTE,12:30,ITM,2024-07-19,2026-07-10,79,70.0,1607,18.046,80.5,34.25,146.0,188.0,0.25964,82.0,-0.32346,False
TSLA,put,mid,Fri-0DTE,12:30,ITM,2024-07-19,2026-07-10,79,75.0,1607,15.619,85.0,33.5,148.0,188.0,0.25964,82.0,-0.32346,False
TSLA,put,mid,Fri-0DTE,12:30,ITM,2024-07-19,2026-07-10,79,80.0,1607,14.375,97.0,39.0,156.0,186.0,0.25964,82.0,-0.32346,False
TSLA,put,mid,Fri-0DTE,12:30,ITM,2024-07-19,2026-07-10,79,90.0,1607,11.699,101.0,41.75,152.5,185.0,0.25964,82.0,-0.32346,False
TSLA,put,mid,Fri-0DTE,12:30,ITM,2024-07-19,2026-07-10,79,100.0,1607,9.956,105.5,43.0,157.5,184.5,0.25964,82.0,-0.32346,False
TSLA,put,market,Fri-0DTE,12:30,ITM,2024-07-19,2026-07-10,79,20.0,1607,54.263,38.0,15.0,102.25,189.0,0.23398,82.0,-0.3396,False
TSLA,put,market,Fri-0DTE,12:30,ITM,2024-07-19,2026-07-10,79,25.0,1607,47.666,46.0,17.0,112.0,189.0,0.23398,82.0,-0.3396,False
TSLA,put,market,Fri-0DTE,12:30,ITM,2024-07-19,2026-07-10,79,30.0,1607,42.253,52.0,20.0,119.0,189.0,0.23398,82.0,-0.3396,False
TSLA,put,market,Fri-0DTE,12:30,ITM,2024-07-19,2026-07-10,79,40.0,1607,32.047,61.0,24.0,125.0,189.0,0.23398,82.0,-0.3396,False
TSLA,put,market,Fri-0DTE,12:30,ITM,2024-07-19,2026-07-10,79,50.0,1607,25.513,66.0,27.0,124.0,189.0,0.23398,82.0,-0.3396,False
TSLA,put,market,Fri-0DTE,12:30,ITM,2024-07-19,2026-07-10,79,60.0,1607,20.784,75.5,30.25,146.0,188.0,0.23398,82.0,-0.3396,False
TSLA,put,market,Fri-0DTE,12:30,ITM,2024-07-19,2026-07-10,79,70.0,1607,16.428,87.0,35.0,151.25,188.0,0.23398,82.0,-0.3396,False
TSLA,put,market,Fri-0DTE,12:30,ITM,2024-07-19,2026-07-10,79,75.0,1607,14.872,95.0,38.0,156.0,184.0,0.23398,82.0,-0.3396,False
TSLA,put,market,Fri-0DTE,12:30,ITM,2024-07-19,2026-07-10,79,80.0,1607,13.192,97.5,45.0,152.25,185.5,0.23398,82.0,-0.3396,False
TSLA,put,market,Fri-0DTE,12:30,ITM,2024-07-19,2026-07-10,79,90.0,1607,11.139,104.0,42.0,159.5,184.0,0.23398,82.0,-0.3396,False
TSLA,put,market,Fri-0DTE,12:30,ITM,2024-07-19,2026-07-10,79,100.0,1607,9.272,110.0,51.0,162.0,184.0,0.23398,82.0,-0.3396,False
TSLA,put,mid,Fri-0DTE,13:00,ITM,2024-07-19,2026-07-10,76,20.0,1550,57.613,41.0,16.0,95.0,159.0,0.24752,95.0,-0.29735,False
TSLA,put,mid,Fri-0DTE,13:00,ITM,2024-07-19,2026-07-10,76,25.0,1550,49.742,47.0,19.5,107.0,159.0,0.24752,95.0,-0.29735,False
TSLA,put,mid,Fri-0DTE,13:00,ITM,2024-07-19,2026-07-10,76,30.0,1550,42.387,60.0,24.0,118.0,159.0,0.24752,95.0,-0.29735,False
TSLA,put,mid,Fri-0DTE,13:00,ITM,2024-07-19,2026-07-10,76,40.0,1550,30.645,75.0,32.0,125.0,159.0,0.24752,95.0,-0.29735,False
TSLA,put,mid,Fri-0DTE,13:00,ITM,2024-07-19,2026-07-10,76,50.0,1550,22.516,87.0,42.0,132.0,159.0,0.24752,95.0,-0.29735,False
TSLA,put,mid,Fri-0DTE,13:00,ITM,2024-07-19,2026-07-10,76,60.0,1550,17.097,93.0,50.0,136.0,159.0,0.24752,95.0,-0.29735,False
TSLA,put,mid,Fri-0DTE,13:00,ITM,2024-07-19,2026-07-10,76,70.0,1550,13.548,102.0,62.25,143.0,159.0,0.24752,95.0,-0.29735,False
TSLA,put,mid,Fri-0DTE,13:00,ITM,2024-07-19,2026-07-10,76,75.0,1550,12.0,104.0,64.0,142.0,159.0,0.24752,95.0,-0.29735,False
TSLA,put,mid,Fri-0DTE,13:00,ITM,2024-07-19,2026-07-10,76,80.0,1550,10.258,103.0,64.5,143.0,159.0,0.24752,95.0,-0.29735,False
TSLA,put,mid,Fri-0DTE,13:00,ITM,2024-07-19,2026-07-10,76,90.0,1550,8.129,104.5,66.0,146.0,159.0,0.24752,95.0,-0.29735,False
TSLA,put,mid,Fri-0DTE,13:00,ITM,2024-07-19,2026-07-10,76,100.0,1550,6.129,106.0,68.5,140.5,159.0,0.24752,95.0,-0.29735,False
TSLA,put,market,Fri-0DTE,13:00,ITM,2024-07-19,2026-07-10,76,20.0,1550,53.29,44.5,18.0,105.0,159.0,0.22107,95.0,-0.3141,False
TSLA,put,market,Fri-0DTE,13:00,ITM,2024-07-19,2026-07-10,76,25.0,1550,45.548,54.0,21.25,117.0,159.0,0.22107,95.0,-0.3141,False
TSLA,put,market,Fri-0DTE,13:00,ITM,2024-07-19,2026-07-10,76,30.0,1550,38.387,63.0,26.0,121.0,159.0,0.22107,95.0,-0.3141,False
TSLA,put,market,Fri-0DTE,13:00,ITM,2024-07-19,2026-07-10,76,40.0,1550,27.806,81.0,35.5,129.5,159.0,0.22107,95.0,-0.3141,False
TSLA,put,market,Fri-0DTE,13:00,ITM,2024-07-19,2026-07-10,76,50.0,1550,20.516,90.5,43.0,134.75,159.0,0.22107,95.0,-0.3141,False
TSLA,put,market,Fri-0DTE,13:00,ITM,2024-07-19,2026-07-10,76,60.0,1550,15.548,97.0,56.0,136.0,159.0,0.22107,95.0,-0.3141,False
TSLA,put,market,Fri-0DTE,13:00,ITM,2024-07-19,2026-07-10,76,70.0,1550,12.452,103.0,64.0,142.0,159.0,0.22107,95.0,-0.3141,False
TSLA,put,market,Fri-0DTE,13:00,ITM,2024-07-19,2026-07-10,76,75.0,1550,10.323,99.5,63.5,138.5,159.0,0.22107,95.0,-0.3141,False
TSLA,put,market,Fri-0DTE,13:00,ITM,2024-07-19,2026-07-10,76,80.0,1550,9.29,103.5,64.75,145.25,159.0,0.22107,95.0,-0.3141,False
TSLA,put,market,Fri-0DTE,13:00,ITM,2024-07-19,2026-07-10,76,90.0,1550,6.968,106.0,71.0,144.5,159.0,0.22107,95.0,-0.3141,False
TSLA,put,market,Fri-0DTE,13:00,ITM,2024-07-19,2026-07-10,76,100.0,1550,5.484,108.0,76.0,140.0,159.0,0.22107,95.0,-0.3141,False
TSLA,put,mid,Fri-0DTE,13:30,ATM,2024-07-19,2026-07-10,74,20.0,423,69.976,10.0,5.0,25.0,124.0,0.55491,47.0,-0.92147,False
TSLA,put,mid,Fri-0DTE,13:30,ATM,2024-07-19,2026-07-10,74,25.0,423,66.43,11.0,5.0,26.0,124.0,0.55491,47.0,-0.92147,False
TSLA,put,mid,Fri-0DTE,13:30,ATM,2024-07-19,2026-07-10,74,30.0,423,65.248,15.0,7.0,37.0,124.0,0.55491,47.0,-0.92147,False
TSLA,put,mid,Fri-0DTE,13:30,ATM,2024-07-19,2026-07-10,74,40.0,423,58.629,22.0,11.0,46.5,124.0,0.55491,47.0,-0.92147,False
TSLA,put,mid,Fri-0DTE,13:30,ATM,2024-07-19,2026-07-10,74,50.0,423,53.664,28.0,14.0,59.5,126.0,0.55491,47.0,-0.92147,False
TSLA,put,mid,Fri-0DTE,13:30,ATM,2024-07-19,2026-07-10,74,60.0,423,48.936,32.0,16.0,67.0,127.0,0.55491,47.0,-0.92147,False
TSLA,put,mid,Fri-0DTE,13:30,ATM,2024-07-19,2026-07-10,74,70.0,423,45.626,35.0,18.0,77.0,128.0,0.55491,47.0,-0.92147,False
TSLA,put,mid,Fri-0DTE,13:30,ATM,2024-07-19,2026-07-10,74,75.0,423,43.735,36.0,21.0,82.0,126.0,0.55491,47.0,-0.92147,False
TSLA,put,mid,Fri-0DTE,13:30,ATM,2024-07-19,2026-07-10,74,80.0,423,40.898,41.0,23.0,82.0,129.0,0.55491,47.0,-0.92147,False
TSLA,put,mid,Fri-0DTE,13:30,ATM,2024-07-19,2026-07-10,74,90.0,423,37.825,51.5,26.75,94.25,129.0,0.55491,47.0,-0.92147,False
TSLA,put,mid,Fri-0DTE,13:30,ATM,2024-07-19,2026-07-10,74,100.0,423,34.515,59.5,31.25,95.0,129.0,0.55491,47.0,-0.92147,False
TSLA,put,market,Fri-0DTE,13:30,ATM,2024-07-19,2026-07-10,74,20.0,423,65.485,14.0,6.0,34.0,124.0,0.47783,47.0,-0.96667,False
TSLA,put,market,Fri-0DTE,13:30,ATM,2024-07-19,2026-07-10,74,25.0,423,61.466,16.5,8.75,38.25,124.0,0.47783,47.0,-0.96667,False
TSLA,put,market,Fri-0DTE,13:30,ATM,2024-07-19,2026-07-10,74,30.0,423,57.92,22.0,10.0,43.0,124.0,0.47783,47.0,-0.96667,False
TSLA,put,market,Fri-0DTE,13:30,ATM,2024-07-19,2026-07-10,74,40.0,423,54.374,28.0,14.0,57.75,125.0,0.47783,47.0,-0.96667,False
TSLA,put,market,Fri-0DTE,13:30,ATM,2024-07-19,2026-07-10,74,50.0,423,48.227,31.0,16.0,65.5,128.0,0.47783,47.0,-0.96667,False
TSLA,put,market,Fri-0DTE,13:30,ATM,2024-07-19,2026-07-10,74,60.0,423,46.099,34.0,18.0,76.0,126.0,0.47783,47.0,-0.96667,False
TSLA,put,market,Fri-0DTE,13:30,ATM,2024-07-19,2026-07-10,74,70.0,423,41.371,39.0,23.0,80.0,129.0,0.47783,47.0,-0.96667,False
TSLA,put,market,Fri-0DTE,13:30,ATM,2024-07-19,2026-07-10,74,75.0,423,40.189,44.0,26.0,83.75,129.0,0.47783,47.0,-0.96667,False
TSLA,put,market,Fri-0DTE,13:30,ATM,2024-07-19,2026-07-10,74,80.0,423,37.116,52.0,27.0,92.0,129.0,0.47783,47.0,-0.96667,False
TSLA,put,market,Fri-0DTE,13:30,ATM,2024-07-19,2026-07-10,74,90.0,423,34.279,60.0,30.0,96.0,129.0,0.47783,47.0,-0.96667,False
TSLA,put,market,Fri-0DTE,13:30,ATM,2024-07-19,2026-07-10,74,100.0,423,31.915,66.0,37.0,97.5,129.0,0.47783,47.0,-0.96667,False
TSLA,put,mid,Fri-0DTE,14:00,ATM,2024-07-19,2026-07-10,76,20.0,425,76.235,11.5,5.0,36.25,94.0,0.65992,48.0,-0.89418,False
TSLA,put,mid,Fri-0DTE,14:00,ATM,2024-07-19,2026-07-10,76,25.0,425,69.882,15.0,6.0,46.0,94.0,0.65992,48.0,-0.89418,False
TSLA,put,mid,Fri-0DTE,14:00,ATM,2024-07-19,2026-07-10,76,30.0,425,67.765,18.0,7.0,53.0,94.0,0.65992,48.0,-0.89418,False
TSLA,put,mid,Fri-0DTE,14:00,ATM,2024-07-19,2026-07-10,76,40.0,425,62.118,24.0,9.0,57.0,95.0,0.65992,48.0,-0.89418,False
TSLA,put,mid,Fri-0DTE,14:00,ATM,2024-07-19,2026-07-10,76,50.0,425,56.235,29.0,11.5,65.5,98.0,0.65992,48.0,-0.89418,False
TSLA,put,mid,Fri-0DTE,14:00,ATM,2024-07-19,2026-07-10,76,60.0,425,51.765,31.0,13.75,76.0,97.5,0.65992,48.0,-0.89418,False
TSLA,put,mid,Fri-0DTE,14:00,ATM,2024-07-19,2026-07-10,76,70.0,425,47.765,35.0,16.0,79.5,97.0,0.65992,48.0,-0.89418,False
TSLA,put,mid,Fri-0DTE,14:00,ATM,2024-07-19,2026-07-10,76,75.0,425,46.118,38.0,18.0,81.25,97.5,0.65992,48.0,-0.89418,False
TSLA,put,mid,Fri-0DTE,14:00,ATM,2024-07-19,2026-07-10,76,80.0,425,43.765,36.5,18.25,78.0,98.0,0.65992,48.0,-0.89418,False
TSLA,put,mid,Fri-0DTE,14:00,ATM,2024-07-19,2026-07-10,76,90.0,425,40.0,42.0,21.0,81.75,99.0,0.65992,48.0,-0.89418,False
TSLA,put,mid,Fri-0DTE,14:00,ATM,2024-07-19,2026-07-10,76,100.0,425,36.0,42.0,22.0,82.0,99.0,0.65992,48.0,-0.89418,False
TSLA,put,market,Fri-0DTE,14:00,ATM,2024-07-19,2026-07-10,76,20.0,425,67.294,18.0,6.25,50.75,94.0,0.54128,48.0,-0.94444,False
TSLA,put,market,Fri-0DTE,14:00,ATM,2024-07-19,2026-07-10,76,25.0,425,64.941,20.0,8.0,57.0,94.0,0.54128,48.0,-0.94444,False
TSLA,put,market,Fri-0DTE,14:00,ATM,2024-07-19,2026-07-10,76,30.0,425,62.118,23.5,9.0,57.0,95.5,0.54128,48.0,-0.94444,False
TSLA,put,market,Fri-0DTE,14:00,ATM,2024-07-19,2026-07-10,76,40.0,425,56.0,29.0,11.25,65.75,98.0,0.54128,48.0,-0.94444,False
TSLA,put,market,Fri-0DTE,14:00,ATM,2024-07-19,2026-07-10,76,50.0,425,51.294,31.0,13.25,75.75,98.0,0.54128,48.0,-0.94444,False
TSLA,put,market,Fri-0DTE,14:00,ATM,2024-07-19,2026-07-10,76,60.0,425,48.0,36.0,16.0,80.25,97.0,0.54128,48.0,-0.94444,False
TSLA,put,market,Fri-0DTE,14:00,ATM,2024-07-19,2026-07-10,76,70.0,425,44.0,39.0,19.0,81.5,98.0,0.54128,48.0,-0.94444,False
TSLA,put,market,Fri-0DTE,14:00,ATM,2024-07-19,2026-07-10,76,75.0,425,41.176,40.0,20.0,81.5,99.0,0.54128,48.0,-0.94444,False
TSLA,put,market,Fri-0DTE,14:00,ATM,2024-07-19,2026-07-10,76,80.0,425,39.765,41.0,20.0,82.0,98.0,0.54128,48.0,-0.94444,False
TSLA,put,market,Fri-0DTE,14:00,ATM,2024-07-19,2026-07-10,76,90.0,425,35.294,42.5,22.0,80.75,99.0,0.54128,48.0,-0.94444,False
TSLA,put,market,Fri-0DTE,14:00,ATM,2024-07-19,2026-07-10,76,100.0,425,32.235,46.0,26.0,77.0,99.0,0.54128,48.0,-0.94444,False
TSLA,put,mid,Fri-0DTE,14:30,ATM,2024-07-19,2026-07-10,76,20.0,435,73.793,7.0,3.0,17.0,64.0,0.6087,23.0,-0.91176,False
TSLA,put,mid,Fri-0DTE,14:30,ATM,2024-07-19,2026-07-10,76,25.0,435,72.184,10.0,4.0,22.75,64.0,0.6087,23.0,-0.91176,False
TSLA,put,mid,Fri-0DTE,14:30,ATM,2024-07-19,2026-07-10,76,30.0,435,70.575,11.0,5.5,26.0,64.0,0.6087,23.0,-0.91176,False
TSLA,put,mid,Fri-0DTE,14:30,ATM,2024-07-19,2026-07-10,76,40.0,435,64.828,15.0,7.0,31.75,64.0,0.6087,23.0,-0.91176,False
TSLA,put,mid,Fri-0DTE,14:30,ATM,2024-07-19,2026-07-10,76,50.0,435,57.931,17.0,10.0,36.0,64.0,0.6087,23.0,-0.91176,False
TSLA,put,mid,Fri-0DTE,14:30,ATM,2024-07-19,2026-07-10,76,60.0,435,50.805,21.0,11.0,41.0,69.0,0.6087,23.0,-0.91176,False
TSLA,put,mid,Fri-0DTE,14:30,ATM,2024-07-19,2026-07-10,76,70.0,435,45.517,22.0,12.0,45.0,69.0,0.6087,23.0,-0.91176,False
TSLA,put,mid,Fri-0DTE,14:30,ATM,2024-07-19,2026-07-10,76,75.0,435,44.138,25.0,13.75,46.0,69.0,0.6087,23.0,-0.91176,False
TSLA,put,mid,Fri-0DTE,14:30,ATM,2024-07-19,2026-07-10,76,80.0,435,42.529,26.0,14.0,47.0,69.0,0.6087,23.0,-0.91176,False
TSLA,put,mid,Fri-0DTE,14:30,ATM,2024-07-19,2026-07-10,76,90.0,435,39.77,29.0,15.0,48.0,69.0,0.6087,23.0,-0.91176,False
TSLA,put,mid,Fri-0DTE,14:30,ATM,2024-07-19,2026-07-10,76,100.0,435,37.011,33.0,19.0,50.0,69.0,0.6087,23.0,-0.91176,False
TSLA,put,market,Fri-0DTE,14:30,ATM,2024-07-19,2026-07-10,76,20.0,435,68.736,11.0,5.0,26.0,64.0,0.5,23.0,-0.97368,False
TSLA,put,market,Fri-0DTE,14:30,ATM,2024-07-19,2026-07-10,76,25.0,435,65.057,14.0,6.0,30.5,64.0,0.5,23.0,-0.97368,False
TSLA,put,market,Fri-0DTE,14:30,ATM,2024-07-19,2026-07-10,76,30.0,435,62.989,16.0,7.0,32.0,64.0,0.5,23.0,-0.97368,False
TSLA,put,market,Fri-0DTE,14:30,ATM,2024-07-19,2026-07-10,76,40.0,435,56.552,18.0,10.0,36.75,64.0,0.5,23.0,-0.97368,False
TSLA,put,market,Fri-0DTE,14:30,ATM,2024-07-19,2026-07-10,76,50.0,435,50.115,21.0,12.0,42.0,69.0,0.5,23.0,-0.97368,False
TSLA,put,market,Fri-0DTE,14:30,ATM,2024-07-19,2026-07-10,76,60.0,435,45.287,23.0,13.0,45.0,69.0,0.5,23.0,-0.97368,False
TSLA,put,market,Fri-0DTE,14:30,ATM,2024-07-19,2026-07-10,76,70.0,435,42.069,28.0,15.0,47.5,69.0,0.5,23.0,-0.97368,False
TSLA,put,market,Fri-0DTE,14:30,ATM,2024-07-19,2026-07-10,76,75.0,435,39.77,29.0,15.0,50.0,69.0,0.5,23.0,-0.97368,False
TSLA,put,market,Fri-0DTE,14:30,ATM,2024-07-19,2026-07-10,76,80.0,435,37.701,29.5,15.0,50.0,69.0,0.5,23.0,-0.97368,False
TSLA,put,market,Fri-0DTE,14:30,ATM,2024-07-19,2026-07-10,76,90.0,435,34.943,33.5,17.0,50.0,69.0,0.5,23.0,-0.97368,False
TSLA,put,market,Fri-0DTE,14:30,ATM,2024-07-19,2026-07-10,76,100.0,435,32.414,39.0,21.0,55.0,69.0,0.5,23.0,-0.97368,False
TSLA,put,mid,Fri-0DTE,15:00,ATM,2024-07-19,2026-07-10,78,20.0,446,67.489,6.0,3.0,16.0,34.0,0.47674,15.0,-0.88,False
TSLA,put,mid,Fri-0DTE,15:00,ATM,2024-07-19,2026-07-10,78,25.0,446,64.35,7.0,3.5,18.0,36.0,0.47674,15.0,-0.88,False
TSLA,put,mid,Fri-0DTE,15:00,ATM,2024-07-19,2026-07-10,78,30.0,446,60.314,9.0,4.0,21.0,38.0,0.47674,15.0,-0.88,False
TSLA,put,mid,Fri-0DTE,15:00,ATM,2024-07-19,2026-07-10,78,40.0,446,52.242,11.0,5.0,24.0,39.0,0.47674,15.0,-0.88,False
TSLA,put,mid,Fri-0DTE,15:00,ATM,2024-07-19,2026-07-10,78,50.0,446,49.327,14.0,6.0,25.25,39.0,0.47674,15.0,-0.88,False
TSLA,put,mid,Fri-0DTE,15:00,ATM,2024-07-19,2026-07-10,78,60.0,446,43.722,15.0,7.0,27.0,39.0,0.47674,15.0,-0.88,False
TSLA,put,mid,Fri-0DTE,15:00,ATM,2024-07-19,2026-07-10,78,70.0,446,40.807,16.0,8.0,29.0,39.0,0.47674,15.0,-0.88,False
TSLA,put,mid,Fri-0DTE,15:00,ATM,2024-07-19,2026-07-10,78,75.0,446,38.117,16.0,9.0,29.0,39.0,0.47674,15.0,-0.88,False
TSLA,put,mid,Fri-0DTE,15:00,ATM,2024-07-19,2026-07-10,78,80.0,446,36.771,17.5,10.0,29.0,39.0,0.47674,15.0,-0.88,False
TSLA,put,mid,Fri-0DTE,15:00,ATM,2024-07-19,2026-07-10,78,90.0,446,34.081,21.0,11.0,30.25,39.0,0.47674,15.0,-0.88,False
TSLA,put,mid,Fri-0DTE,15:00,ATM,2024-07-19,2026-07-10,78,100.0,446,31.166,22.0,13.0,32.5,39.0,0.47674,15.0,-0.88,False
TSLA,put,market,Fri-0DTE,15:00,ATM,2024-07-19,2026-07-10,78,20.0,446,58.296,10.0,5.0,21.0,38.0,0.31464,15.0,-0.95,False
TSLA,put,market,Fri-0DTE,15:00,ATM,2024-07-19,2026-07-10,78,25.0,446,54.484,10.0,5.0,22.5,39.0,0.31464,15.0,-0.95,False
TSLA,put,market,Fri-0DTE,15:00,ATM,2024-07-19,2026-07-10,78,30.0,446,50.673,12.0,5.0,25.0,39.0,0.31464,15.0,-0.95,False
TSLA,put,market,Fri-0DTE,15:00,ATM,2024-07-19,2026-07-10,78,40.0,446,46.637,15.0,7.0,27.0,39.0,0.31464,15.0,-0.95,False
TSLA,put,market,Fri-0DTE,15:00,ATM,2024-07-19,2026-07-10,78,50.0,446,42.825,16.0,7.5,29.0,39.0,0.31464,15.0,-0.95,False
TSLA,put,market,Fri-0DTE,15:00,ATM,2024-07-19,2026-07-10,78,60.0,446,39.013,17.0,10.0,30.0,39.0,0.31464,15.0,-0.95,False
TSLA,put,market,Fri-0DTE,15:00,ATM,2024-07-19,2026-07-10,78,70.0,446,35.202,19.0,11.0,30.0,39.0,0.31464,15.0,-0.95,False
TSLA,put,market,Fri-0DTE,15:00,ATM,2024-07-19,2026-07-10,78,75.0,446,33.857,20.0,11.5,30.0,39.0,0.31464,15.0,-0.95,False
TSLA,put,market,Fri-0DTE,15:00,ATM,2024-07-19,2026-07-10,78,80.0,446,32.735,21.0,12.0,31.0,39.0,0.31464,15.0,-0.95,False
TSLA,put,market,Fri-0DTE,15:00,ATM,2024-07-19,2026-07-10,78,90.0,446,29.372,23.0,15.0,33.0,41.0,0.31464,15.0,-0.95,False
TSLA,put,market,Fri-0DTE,15:00,ATM,2024-07-19,2026-07-10,78,100.0,446,27.578,25.0,15.5,32.5,39.0,0.31464,15.0,-0.95,False
TSLA,put,mid,Fri-0DTE,15:30,ATM,2024-07-19,2026-07-10,76,20.0,76,73.684,4.5,1.0,16.0,22.0,0.48446,9.0,-0.84816,False
TSLA,put,mid,Fri-0DTE,15:30,ATM,2024-07-19,2026-07-10,76,25.0,76,71.053,5.0,2.0,15.75,21.0,0.48446,9.0,-0.84816,False
TSLA,put,mid,Fri-0DTE,15:30,ATM,2024-07-19,2026-07-10,76,30.0,76,65.789,5.5,2.0,15.75,21.5,0.48446,9.0,-0.84816,False
TSLA,put,mid,Fri-0DTE,15:30,ATM,2024-07-19,2026-07-10,76,40.0,76,59.211,7.0,4.0,19.0,22.0,0.48446,9.0,-0.84816,False
TSLA,put,mid,Fri-0DTE,15:30,ATM,2024-07-19,2026-07-10,76,50.0,76,47.368,8.5,5.0,20.0,24.5,0.48446,9.0,-0.84816,False
TSLA,put,mid,Fri-0DTE,15:30,ATM,2024-07-19,2026-07-10,76,60.0,76,39.474,10.0,7.0,20.0,23.0,0.48446,9.0,-0.84816,False
TSLA,put,mid,Fri-0DTE,15:30,ATM,2024-07-19,2026-07-10,76,70.0,76,32.895,13.0,8.0,21.0,28.0,0.48446,9.0,-0.84816,False
TSLA,put,mid,Fri-0DTE,15:30,ATM,2024-07-19,2026-07-10,76,75.0,76,28.947,12.0,7.25,20.0,28.0,0.48446,9.0,-0.84816,False
TSLA,put,mid,Fri-0DTE,15:30,ATM,2024-07-19,2026-07-10,76,80.0,76,27.632,13.0,7.0,21.0,28.0,0.48446,9.0,-0.84816,False
TSLA,put,mid,Fri-0DTE,15:30,ATM,2024-07-19,2026-07-10,76,90.0,76,23.684,13.5,7.0,20.75,29.0,0.48446,9.0,-0.84816,False
TSLA,put,mid,Fri-0DTE,15:30,ATM,2024-07-19,2026-07-10,76,100.0,76,19.737,14.0,7.0,20.5,29.0,0.48446,9.0,-0.84816,False
TSLA,put,market,Fri-0DTE,15:30,ATM,2024-07-19,2026-07-10,76,20.0,76,59.211,9.0,3.0,16.0,22.0,0.27939,9.0,-0.94821,False
TSLA,put,market,Fri-0DTE,15:30,ATM,2024-07-19,2026-07-10,76,25.0,76,52.632,10.5,4.75,18.25,22.5,0.27939,9.0,-0.94821,False
TSLA,put,market,Fri-0DTE,15:30,ATM,2024-07-19,2026-07-10,76,30.0,76,48.684,11.0,6.0,19.0,22.0,0.27939,9.0,-0.94821,False
TSLA,put,market,Fri-0DTE,15:30,ATM,2024-07-19,2026-07-10,76,40.0,76,42.105,13.5,6.5,20.0,25.5,0.27939,9.0,-0.94821,False
TSLA,put,market,Fri-0DTE,15:30,ATM,2024-07-19,2026-07-10,76,50.0,76,34.211,15.5,8.0,20.0,26.0,0.27939,9.0,-0.94821,False
TSLA,put,market,Fri-0DTE,15:30,ATM,2024-07-19,2026-07-10,76,60.0,76,27.632,17.0,9.0,22.0,29.0,0.27939,9.0,-0.94821,False
TSLA,put,market,Fri-0DTE,15:30,ATM,2024-07-19,2026-07-10,76,70.0,76,25.0,17.0,9.0,22.0,29.0,0.27939,9.0,-0.94821,False
TSLA,put,market,Fri-0DTE,15:30,ATM,2024-07-19,2026-07-10,76,75.0,76,22.368,20.0,12.0,24.0,29.0,0.27939,9.0,-0.94821,False
TSLA,put,market,Fri-0DTE,15:30,ATM,2024-07-19,2026-07-10,76,80.0,76,19.737,20.0,14.0,22.5,29.0,0.27939,9.0,-0.94821,False
TSLA,put,market,Fri-0DTE,15:30,ATM,2024-07-19,2026-07-10,76,90.0,76,17.105,20.0,17.0,22.0,29.0,0.27939,9.0,-0.94821,False
TSLA,put,market,Fri-0DTE,15:30,ATM,2024-07-19,2026-07-10,76,100.0,76,14.474,19.0,14.0,20.5,29.0,0.27939,9.0,-0.94821,False
TSLA,put,mid,Fri-0DTE,10:30,ITM,2024-07-19,2026-07-10,88,20.0,2035,67.912,25.0,10.0,72.0,302.0,0.38697,79.0,-0.45963,False
TSLA,put,mid,Fri-0DTE,10:30,ITM,2024-07-19,2026-07-10,88,25.0,2035,63.096,35.0,13.75,85.25,299.0,0.38697,79.0,-0.45963,False
TSLA,put,mid,Fri-0DTE,10:30,ITM,2024-07-19,2026-07-10,88,30.0,2035,57.641,48.0,17.0,106.0,301.0,0.38697,79.0,-0.45963,False
TSLA,put,mid,Fri-0DTE,10:30,ITM,2024-07-19,2026-07-10,88,40.0,2035,48.796,66.0,26.0,135.0,302.0,0.38697,79.0,-0.45963,False
TSLA,put,mid,Fri-0DTE,10:30,ITM,2024-07-19,2026-07-10,88,50.0,2035,39.853,79.0,34.0,154.0,304.0,0.38697,79.0,-0.45963,False
TSLA,put,mid,Fri-0DTE,10:30,ITM,2024-07-19,2026-07-10,88,60.0,2035,32.924,90.0,43.0,174.0,304.0,0.38697,79.0,-0.45963,False
TSLA,put,mid,Fri-0DTE,10:30,ITM,2024-07-19,2026-07-10,88,70.0,2035,27.125,104.0,56.0,188.0,304.0,0.38697,79.0,-0.45963,False
TSLA,put,mid,Fri-0DTE,10:30,ITM,2024-07-19,2026-07-10,88,75.0,2035,24.57,108.0,61.0,191.25,304.0,0.38697,79.0,-0.45963,False
TSLA,put,mid,Fri-0DTE,10:30,ITM,2024-07-19,2026-07-10,88,80.0,2035,22.064,119.0,63.0,201.0,304.0,0.38697,79.0,-0.45963,False
TSLA,put,mid,Fri-0DTE,10:30,ITM,2024-07-19,2026-07-10,88,90.0,2035,18.526,128.0,68.0,210.0,304.0,0.38697,79.0,-0.45963,False
TSLA,put,mid,Fri-0DTE,10:30,ITM,2024-07-19,2026-07-10,88,100.0,2035,15.676,136.0,76.5,214.0,304.0,0.38697,79.0,-0.45963,False
TSLA,put,market,Fri-0DTE,10:30,ITM,2024-07-19,2026-07-10,88,20.0,2035,65.16,30.0,12.0,77.75,302.0,0.35889,79.0,-0.47242,False
TSLA,put,market,Fri-0DTE,10:30,ITM,2024-07-19,2026-07-10,88,25.0,2035,60.393,42.0,16.0,98.0,302.0,0.35889,79.0,-0.47242,False
TSLA,put,market,Fri-0DTE,10:30,ITM,2024-07-19,2026-07-10,88,30.0,2035,55.381,55.0,19.0,113.0,302.0,0.35889,79.0,-0.47242,False
TSLA,put,market,Fri-0DTE,10:30,ITM,2024-07-19,2026-07-10,88,40.0,2035,45.799,70.0,30.0,141.0,302.0,0.35889,79.0,-0.47242,False
TSLA,put,market,Fri-0DTE,10:30,ITM,2024-07-19,2026-07-10,88,50.0,2035,37.887,84.0,38.0,161.0,303.0,0.35889,79.0,-0.47242,False
TSLA,put,market,Fri-0DTE,10:30,ITM,2024-07-19,2026-07-10,88,60.0,2035,31.106,95.0,47.0,181.0,304.0,0.35889,79.0,-0.47242,False
TSLA,put,market,Fri-0DTE,10:30,ITM,2024-07-19,2026-07-10,88,70.0,2035,25.455,107.0,58.25,191.75,304.0,0.35889,79.0,-0.47242,False
TSLA,put,market,Fri-0DTE,10:30,ITM,2024-07-19,2026-07-10,88,75.0,2035,22.604,117.0,61.75,196.0,304.0,0.35889,79.0,-0.47242,False
TSLA,put,market,Fri-0DTE,10:30,ITM,2024-07-19,2026-07-10,88,80.0,2035,20.393,123.0,66.0,203.5,304.0,0.35889,79.0,-0.47242,False
TSLA,put,market,Fri-0DTE,10:30,ITM,2024-07-19,2026-07-10,88,90.0,2035,17.15,130.0,73.0,212.0,304.0,0.35889,79.0,-0.47242,False
TSLA,put,market,Fri-0DTE,10:30,ITM,2024-07-19,2026-07-10,88,100.0,2035,14.398,141.0,78.0,216.0,308.0,0.35889,79.0,-0.47242,False
TSLA,put,mid,Fri-0DTE,11:00,ATM,2024-07-19,2026-07-10,84,20.0,471,68.79,14.0,6.0,38.0,259.5,0.5,48.0,-0.97561,False
TSLA,put,mid,Fri-0DTE,11:00,ATM,2024-07-19,2026-07-10,84,25.0,471,64.119,16.5,7.0,41.0,266.5,0.5,48.0,-0.97561,False
TSLA,put,mid,Fri-0DTE,11:00,ATM,2024-07-19,2026-07-10,84,30.0,471,60.722,20.0,9.0,49.75,267.0,0.5,48.0,-0.97561,False
TSLA,put,mid,Fri-0DTE,11:00,ATM,2024-07-19,2026-07-10,84,40.0,471,55.414,26.0,13.0,61.0,267.0,0.5,48.0,-0.97561,False
TSLA,put,mid,Fri-0DTE,11:00,ATM,2024-07-19,2026-07-10,84,50.0,471,50.318,36.0,15.0,84.0,268.0,0.5,48.0,-0.97561,False
TSLA,put,mid,Fri-0DTE,11:00,ATM,2024-07-19,2026-07-10,84,60.0,471,45.223,42.0,20.0,92.0,268.0,0.5,48.0,-0.97561,False
TSLA,put,mid,Fri-0DTE,11:00,ATM,2024-07-19,2026-07-10,84,70.0,471,42.675,46.0,23.0,104.0,263.0,0.5,48.0,-0.97561,False
TSLA,put,mid,Fri-0DTE,11:00,ATM,2024-07-19,2026-07-10,84,75.0,471,40.977,51.0,24.0,102.0,256.0,0.5,48.0,-0.97561,False
TSLA,put,mid,Fri-0DTE,11:00,ATM,2024-07-19,2026-07-10,84,80.0,471,39.915,55.5,26.0,107.75,255.5,0.5,48.0,-0.97561,False
TSLA,put,mid,Fri-0DTE,11:00,ATM,2024-07-19,2026-07-10,84,90.0,471,36.943,61.5,30.25,114.0,259.0,0.5,48.0,-0.97561,False
TSLA,put,mid,Fri-0DTE,11:00,ATM,2024-07-19,2026-07-10,84,100.0,471,33.333,65.0,33.0,118.0,265.0,0.5,48.0,-0.97561,False
TSLA,put,market,Fri-0DTE,11:00,ATM,2024-07-19,2026-07-10,84,20.0,471,64.119,17.0,7.0,43.0,266.5,0.44022,48.0,-1.0,False
TSLA,put,market,Fri-0DTE,11:00,ATM,2024-07-19,2026-07-10,84,25.0,471,60.51,20.0,9.0,49.0,268.0,0.44022,48.0,-1.0,False
TSLA,put,market,Fri-0DTE,11:00,ATM,2024-07-19,2026-07-10,84,30.0,471,57.749,22.0,10.0,52.5,266.0,0.44022,48.0,-1.0,False
TSLA,put,market,Fri-0DTE,11:00,ATM,2024-07-19,2026-07-10,84,40.0,471,52.229,33.0,15.0,74.5,267.5,0.44022,48.0,-1.0,False
TSLA,put,market,Fri-0DTE,11:00,ATM,2024-07-19,2026-07-10,84,50.0,471,47.346,40.0,19.0,91.5,268.0,0.44022,48.0,-1.0,False
TSLA,put,market,Fri-0DTE,11:00,ATM,2024-07-19,2026-07-10,84,60.0,471,43.737,46.5,22.0,103.75,263.5,0.44022,48.0,-1.0,False
TSLA,put,market,Fri-0DTE,11:00,ATM,2024-07-19,2026-07-10,84,70.0,471,40.34,52.5,25.25,103.5,255.5,0.44022,48.0,-1.0,False
TSLA,put,market,Fri-0DTE,11:00,ATM,2024-07-19,2026-07-10,84,75.0,471,39.278,56.0,27.0,111.0,260.0,0.44022,48.0,-1.0,False
TSLA,put,market,Fri-0DTE,11:00,ATM,2024-07-19,2026-07-10,84,80.0,471,37.367,60.5,28.0,112.0,263.5,0.44022,48.0,-1.0,False
TSLA,put,market,Fri-0DTE,11:00,ATM,2024-07-19,2026-07-10,84,90.0,471,34.607,62.0,31.5,117.0,265.0,0.44022,48.0,-1.0,False
TSLA,put,market,Fri-0DTE,11:00,ATM,2024-07-19,2026-07-10,84,100.0,471,31.847,69.0,37.0,129.0,268.0,0.44022,48.0,-1.0,False
TSLA,put,mid,Fri-0DTE,11:30,ITM,2024-07-19,2026-07-10,78,20.0,1756,69.704,24.0,11.0,56.0,248.0,0.36099,84.0,-0.37612,False
TSLA,put,mid,Fri-0DTE,11:30,ITM,2024-07-19,2026-07-10,78,25.0,1756,62.927,31.0,14.0,69.0,248.0,0.36099,84.0,-0.37612,False
TSLA,put,mid,Fri-0DTE,11:30,ITM,2024-07-19,2026-07-10,78,30.0,1756,56.378,41.5,18.0,84.0,247.5,0.36099,84.0,-0.37612,False
TSLA,put,mid,Fri-0DTE,11:30,ITM,2024-07-19,2026-07-10,78,40.0,1756,46.583,56.0,26.0,118.0,244.0,0.36099,84.0,-0.37612,False
TSLA,put,mid,Fri-0DTE,11:30,ITM,2024-07-19,2026-07-10,78,50.0,1756,37.528,70.0,36.0,143.0,244.0,0.36099,84.0,-0.37612,False
TSLA,put,mid,Fri-0DTE,11:30,ITM,2024-07-19,2026-07-10,78,60.0,1756,31.264,81.0,42.0,153.0,244.0,0.36099,84.0,-0.37612,False
TSLA,put,mid,Fri-0DTE,11:30,ITM,2024-07-19,2026-07-10,78,70.0,1756,25.399,90.0,53.0,160.75,244.0,0.36099,84.0,-0.37612,False
TSLA,put,mid,Fri-0DTE,11:30,ITM,2024-07-19,2026-07-10,78,75.0,1756,22.779,95.5,56.75,164.25,245.5,0.36099,84.0,-0.37612,False
TSLA,put,mid,Fri-0DTE,11:30,ITM,2024-07-19,2026-07-10,78,80.0,1756,20.786,100.0,60.0,164.0,244.0,0.36099,84.0,-0.37612,False
TSLA,put,mid,Fri-0DTE,11:30,ITM,2024-07-19,2026-07-10,78,90.0,1756,17.426,104.0,65.25,171.0,244.0,0.36099,84.0,-0.37612,False
TSLA,put,mid,Fri-0DTE,11:30,ITM,2024-07-19,2026-07-10,78,100.0,1756,14.294,109.0,67.5,170.5,244.0,0.36099,84.0,-0.37612,False
TSLA,put,market,Fri-0DTE,11:30,ITM,2024-07-19,2026-07-10,78,20.0,1756,66.743,29.0,13.0,65.25,248.0,0.33346,84.0,-0.38996,False
TSLA,put,market,Fri-0DTE,11:30,ITM,2024-07-19,2026-07-10,78,25.0,1756,59.681,37.0,16.0,80.0,248.0,0.33346,84.0,-0.38996,False
TSLA,put,market,Fri-0DTE,11:30,ITM,2024-07-19,2026-07-10,78,30.0,1756,53.702,45.0,21.0,92.0,244.0,0.33346,84.0,-0.38996,False
TSLA,put,market,Fri-0DTE,11:30,ITM,2024-07-19,2026-07-10,78,40.0,1756,44.134,61.0,29.0,125.5,244.0,0.33346,84.0,-0.38996,False
TSLA,put,market,Fri-0DTE,11:30,ITM,2024-07-19,2026-07-10,78,50.0,1756,35.421,75.0,39.0,149.0,245.5,0.33346,84.0,-0.38996,False
TSLA,put,market,Fri-0DTE,11:30,ITM,2024-07-19,2026-07-10,78,60.0,1756,29.499,84.0,49.25,157.75,244.0,0.33346,84.0,-0.38996,False
TSLA,put,market,Fri-0DTE,11:30,ITM,2024-07-19,2026-07-10,78,70.0,1756,23.519,96.0,56.0,164.0,246.0,0.33346,84.0,-0.38996,False
TSLA,put,market,Fri-0DTE,11:30,ITM,2024-07-19,2026-07-10,78,75.0,1756,21.412,100.0,60.0,163.25,244.5,0.33346,84.0,-0.38996,False
TSLA,put,market,Fri-0DTE,11:30,ITM,2024-07-19,2026-07-10,78,80.0,1756,19.419,102.0,64.0,169.0,244.0,0.33346,84.0,-0.38996,False
TSLA,put,market,Fri-0DTE,11:30,ITM,2024-07-19,2026-07-10,78,90.0,1756,16.059,108.0,67.0,171.0,244.0,0.33346,84.0,-0.38996,False
TSLA,put,market,Fri-0DTE,11:30,ITM,2024-07-19,2026-07-10,78,100.0,1756,13.269,115.0,72.0,171.0,244.0,0.33346,84.0,-0.38996,False
TSLA,put,mid,Fri-0DTE,13:30,ITM,2024-07-19,2026-07-10,76,20.0,1506,57.105,37.0,15.0,77.0,129.0,0.24707,83.0,-0.23449,False
TSLA,put,mid,Fri-0DTE,13:30,ITM,2024-07-19,2026-07-10,76,25.0,1506,49.535,44.0,19.0,88.0,129.0,0.24707,83.0,-0.23449,False
TSLA,put,mid,Fri-0DTE,13:30,ITM,2024-07-19,2026-07-10,76,30.0,1506,42.696,50.0,23.0,91.5,129.0,0.24707,83.0,-0.23449,False
TSLA,put,mid,Fri-0DTE,13:30,ITM,2024-07-19,2026-07-10,76,40.0,1506,32.205,55.0,31.0,97.0,129.0,0.24707,83.0,-0.23449,False
TSLA,put,mid,Fri-0DTE,13:30,ITM,2024-07-19,2026-07-10,76,50.0,1506,24.768,64.0,37.0,105.0,129.0,0.24707,83.0,-0.23449,False
TSLA,put,mid,Fri-0DTE,13:30,ITM,2024-07-19,2026-07-10,76,60.0,1506,19.389,65.5,41.75,107.0,129.0,0.24707,83.0,-0.23449,False
TSLA,put,mid,Fri-0DTE,13:30,ITM,2024-07-19,2026-07-10,76,70.0,1506,15.206,73.0,46.0,109.0,129.0,0.24707,83.0,-0.23449,False
TSLA,put,mid,Fri-0DTE,13:30,ITM,2024-07-19,2026-07-10,76,75.0,1506,13.147,76.5,47.25,112.75,129.0,0.24707,83.0,-0.23449,False
TSLA,put,mid,Fri-0DTE,13:30,ITM,2024-07-19,2026-07-10,76,80.0,1506,11.62,78.0,49.5,110.5,129.0,0.24707,83.0,-0.23449,False
TSLA,put,mid,Fri-0DTE,13:30,ITM,2024-07-19,2026-07-10,76,90.0,1506,9.894,81.0,52.0,115.0,129.0,0.24707,83.0,-0.23449,False
TSLA,put,mid,Fri-0DTE,13:30,ITM,2024-07-19,2026-07-10,76,100.0,1506,7.968,88.0,53.75,116.0,129.5,0.24707,83.0,-0.23449,False
TSLA,put,market,Fri-0DTE,13:30,ITM,2024-07-19,2026-07-10,76,20.0,1506,52.988,41.0,18.0,84.75,129.0,0.21704,83.0,-0.25123,False
TSLA,put,market,Fri-0DTE,13:30,ITM,2024-07-19,2026-07-10,76,25.0,1506,45.219,47.0,22.0,91.0,129.0,0.21704,83.0,-0.25123,False
TSLA,put,market,Fri-0DTE,13:30,ITM,2024-07-19,2026-07-10,76,30.0,1506,38.712,51.0,27.0,91.5,129.0,0.21704,83.0,-0.25123,False
TSLA,put,market,Fri-0DTE,13:30,ITM,2024-07-19,2026-07-10,76,40.0,1506,29.482,58.0,32.0,102.0,129.0,0.21704,83.0,-0.25123,False
TSLA,put,market,Fri-0DTE,13:30,ITM,2024-07-19,2026-07-10,76,50.0,1506,22.709,64.0,38.0,103.0,129.0,0.21704,83.0,-0.25123,False
TSLA,put,market,Fri-0DTE,13:30,ITM,2024-07-19,2026-07-10,76,60.0,1506,17.795,68.5,43.75,109.25,129.0,0.21704,83.0,-0.25123,False
TSLA,put,market,Fri-0DTE,13:30,ITM,2024-07-19,2026-07-10,76,70.0,1506,13.745,78.0,48.0,113.0,129.0,0.21704,83.0,-0.25123,False
TSLA,put,market,Fri-0DTE,13:30,ITM,2024-07-19,2026-07-10,76,75.0,1506,11.886,79.0,49.0,113.0,129.0,0.21704,83.0,-0.25123,False
TSLA,put,market,Fri-0DTE,13:30,ITM,2024-07-19,2026-07-10,76,80.0,1506,10.89,80.5,50.0,111.0,129.0,0.21704,83.0,-0.25123,False
TSLA,put,market,Fri-0DTE,13:30,ITM,2024-07-19,2026-07-10,76,90.0,1506,8.964,85.0,52.0,115.0,129.0,0.21704,83.0,-0.25123,False
TSLA,put,market,Fri-0DTE,13:30,ITM,2024-07-19,2026-07-10,76,100.0,1506,6.972,81.0,52.0,110.0,129.0,0.21704,83.0,-0.25123,False
TSLA,put,mid,Fri-0DTE,14:00,ITM,2024-07-19,2026-07-10,79,20.0,1429,59.412,31.0,13.0,67.0,99.0,0.25,62.0,-0.19772,False
TSLA,put,mid,Fri-0DTE,14:00,ITM,2024-07-19,2026-07-10,79,25.0,1429,50.175,34.0,16.0,72.0,99.0,0.25,62.0,-0.19772,False
TSLA,put,mid,Fri-0DTE,14:00,ITM,2024-07-19,2026-07-10,79,30.0,1429,43.317,37.0,18.0,73.5,99.0,0.25,62.0,-0.19772,False
TSLA,put,mid,Fri-0DTE,14:00,ITM,2024-07-19,2026-07-10,79,40.0,1429,33.38,46.0,23.0,79.0,99.0,0.25,62.0,-0.19772,False
TSLA,put,mid,Fri-0DTE,14:00,ITM,2024-07-19,2026-07-10,79,50.0,1429,25.122,48.0,25.0,82.5,99.0,0.25,62.0,-0.19772,False
TSLA,put,mid,Fri-0DTE,14:00,ITM,2024-07-19,2026-07-10,79,60.0,1429,19.524,56.0,29.0,84.0,99.0,0.25,62.0,-0.19772,False
TSLA,put,mid,Fri-0DTE,14:00,ITM,2024-07-19,2026-07-10,79,70.0,1429,15.325,57.0,31.5,87.0,99.0,0.25,62.0,-0.19772,False
TSLA,put,mid,Fri-0DTE,14:00,ITM,2024-07-19,2026-07-10,79,75.0,1429,13.016,55.0,32.0,87.0,100.0,0.25,62.0,-0.19772,False
TSLA,put,mid,Fri-0DTE,14:00,ITM,2024-07-19,2026-07-10,79,80.0,1429,11.547,59.0,33.0,87.0,100.0,0.25,62.0,-0.19772,False
TSLA,put,mid,Fri-0DTE,14:00,ITM,2024-07-19,2026-07-10,79,90.0,1429,8.817,60.5,35.25,90.5,101.0,0.25,62.0,-0.19772,False
TSLA,put,mid,Fri-0DTE,14:00,ITM,2024-07-19,2026-07-10,79,100.0,1429,7.698,66.5,42.25,92.75,100.5,0.25,62.0,-0.19772,False
TSLA,put,market,Fri-0DTE,14:00,ITM,2024-07-19,2026-07-10,79,20.0,1429,54.584,33.0,16.0,70.0,99.0,0.22298,62.0,-0.21695,False
TSLA,put,market,Fri-0DTE,14:00,ITM,2024-07-19,2026-07-10,79,25.0,1429,45.626,36.0,17.0,74.25,99.0,0.22298,62.0,-0.21695,False
TSLA,put,market,Fri-0DTE,14:00,ITM,2024-07-19,2026-07-10,79,30.0,1429,39.748,40.0,20.0,77.25,99.0,0.22298,62.0,-0.21695,False
TSLA,put,market,Fri-0DTE,14:00,ITM,2024-07-19,2026-07-10,79,40.0,1429,30.511,45.5,23.0,80.0,99.0,0.22298,62.0,-0.21695,False
TSLA,put,market,Fri-0DTE,14:00,ITM,2024-07-19,2026-07-10,79,50.0,1429,22.953,52.0,26.75,84.0,99.0,0.22298,62.0,-0.21695,False
TSLA,put,market,Fri-0DTE,14:00,ITM,2024-07-19,2026-07-10,79,60.0,1429,17.635,55.5,29.0,85.0,99.0,0.22298,62.0,-0.21695,False
TSLA,put,market,Fri-0DTE,14:00,ITM,2024-07-19,2026-07-10,79,70.0,1429,13.506,56.0,32.0,87.0,99.0,0.22298,62.0,-0.21695,False
TSLA,put,market,Fri-0DTE,14:00,ITM,2024-07-19,2026-07-10,79,75.0,1429,11.617,58.0,32.25,87.75,99.0,0.22298,62.0,-0.21695,False
TSLA,put,market,Fri-0DTE,14:00,ITM,2024-07-19,2026-07-10,79,80.0,1429,10.637,61.0,34.0,91.25,100.0,0.22298,62.0,-0.21695,False
TSLA,put,market,Fri-0DTE,14:00,ITM,2024-07-19,2026-07-10,79,90.0,1429,8.048,64.0,40.0,88.5,99.0,0.22298,62.0,-0.21695,False
TSLA,put,market,Fri-0DTE,14:00,ITM,2024-07-19,2026-07-10,79,100.0,1429,6.998,64.5,43.0,88.25,99.5,0.22298,62.0,-0.21695,False
TSLA,put,mid,Fri-0DTE,14:30,ITM,2024-07-19,2026-07-10,79,20.0,1492,50.402,23.0,10.0,46.0,69.0,0.20292,44.0,-0.18594,False
TSLA,put,mid,Fri-0DTE,14:30,ITM,2024-07-19,2026-07-10,79,25.0,1492,42.493,26.5,11.0,48.75,69.0,0.20292,44.0,-0.18594,False
TSLA,put,mid,Fri-0DTE,14:30,ITM,2024-07-19,2026-07-10,79,30.0,1492,35.59,29.0,13.0,51.0,69.0,0.20292,44.0,-0.18594,False
TSLA,put,mid,Fri-0DTE,14:30,ITM,2024-07-19,2026-07-10,79,40.0,1492,26.81,36.0,16.0,55.0,69.0,0.20292,44.0,-0.18594,False
TSLA,put,mid,Fri-0DTE,14:30,ITM,2024-07-19,2026-07-10,79,50.0,1492,20.509,40.0,19.25,57.0,69.0,0.20292,44.0,-0.18594,False
TSLA,put,mid,Fri-0DTE,14:30,ITM,2024-07-19,2026-07-10,79,60.0,1492,15.952,42.0,22.25,60.0,69.0,0.20292,44.0,-0.18594,False
TSLA,put,mid,Fri-0DTE,14:30,ITM,2024-07-19,2026-07-10,79,70.0,1492,12.332,45.0,28.5,61.0,69.0,0.20292,44.0,-0.18594,False
TSLA,put,mid,Fri-0DTE,14:30,ITM,2024-07-19,2026-07-10,79,75.0,1492,11.26,47.0,30.0,61.0,69.0,0.20292,44.0,-0.18594,False
TSLA,put,mid,Fri-0DTE,14:30,ITM,2024-07-19,2026-07-10,79,80.0,1492,9.651,47.0,31.0,63.0,69.0,0.20292,44.0,-0.18594,False
TSLA,put,mid,Fri-0DTE,14:30,ITM,2024-07-19,2026-07-10,79,90.0,1492,7.708,50.0,33.5,65.0,71.0,0.20292,44.0,-0.18594,False
TSLA,put,mid,Fri-0DTE,14:30,ITM,2024-07-19,2026-07-10,79,100.0,1492,6.434,54.5,35.0,66.0,72.0,0.20292,44.0,-0.18594,False
TSLA,put,market,Fri-0DTE,14:30,ITM,2024-07-19,2026-07-10,79,20.0,1492,46.18,26.0,11.0,48.0,69.0,0.17559,44.0,-0.20341,False
TSLA,put,market,Fri-0DTE,14:30,ITM,2024-07-19,2026-07-10,79,25.0,1492,38.74,28.5,12.0,51.0,69.0,0.17559,44.0,-0.20341,False
TSLA,put,market,Fri-0DTE,14:30,ITM,2024-07-19,2026-07-10,79,30.0,1492,32.574,32.0,14.0,53.0,69.0,0.17559,44.0,-0.20341,False
TSLA,put,market,Fri-0DTE,14:30,ITM,2024-07-19,2026-07-10,79,40.0,1492,24.397,35.5,17.0,55.0,69.0,0.17559,44.0,-0.20341,False
TSLA,put,market,Fri-0DTE,14:30,ITM,2024-07-19,2026-07-10,79,50.0,1492,18.633,41.0,20.0,59.0,69.0,0.17559,44.0,-0.20341,False
TSLA,put,market,Fri-0DTE,14:30,ITM,2024-07-19,2026-07-10,79,60.0,1492,14.544,43.0,25.0,61.0,69.0,0.17559,44.0,-0.20341,False
TSLA,put,market,Fri-0DTE,14:30,ITM,2024-07-19,2026-07-10,79,70.0,1492,11.327,46.0,31.0,62.0,69.0,0.17559,44.0,-0.20341,False
TSLA,put,market,Fri-0DTE,14:30,ITM,2024-07-19,2026-07-10,79,75.0,1492,9.853,47.0,34.0,63.0,69.0,0.17559,44.0,-0.20341,False
TSLA,put,market,Fri-0DTE,14:30,ITM,2024-07-19,2026-07-10,79,80.0,1492,8.78,49.0,31.0,64.5,70.0,0.17559,44.0,-0.20341,False
TSLA,put,market,Fri-0DTE,14:30,ITM,2024-07-19,2026-07-10,79,90.0,1492,6.836,52.0,35.0,66.0,72.5,0.17559,44.0,-0.20341,False
TSLA,put,market,Fri-0DTE,14:30,ITM,2024-07-19,2026-07-10,79,100.0,1492,5.965,54.0,36.0,67.0,72.0,0.17559,44.0,-0.20341,False
TSLA,put,mid,Fri-0DTE,15:00,ITM,2024-07-19,2026-07-10,78,20.0,1726,39.224,20.0,10.0,33.0,42.0,0.1457,27.0,-0.13224,False
TSLA,put,mid,Fri-0DTE,15:00,ITM,2024-07-19,2026-07-10,78,25.0,1726,31.054,21.0,11.0,32.25,42.0,0.1457,27.0,-0.13224,False
TSLA,put,mid,Fri-0DTE,15:00,ITM,2024-07-19,2026-07-10,78,30.0,1726,25.261,23.0,12.0,35.0,44.0,0.1457,27.0,-0.13224,False
TSLA,put,mid,Fri-0DTE,15:00,ITM,2024-07-19,2026-07-10,78,40.0,1726,18.134,25.0,15.0,36.0,44.0,0.1457,27.0,-0.13224,False
TSLA,put,mid,Fri-0DTE,15:00,ITM,2024-07-19,2026-07-10,78,50.0,1726,13.152,26.0,16.0,36.0,44.0,0.1457,27.0,-0.13224,False
TSLA,put,mid,Fri-0DTE,15:00,ITM,2024-07-19,2026-07-10,78,60.0,1726,9.791,27.0,18.0,40.0,44.0,0.1457,27.0,-0.13224,False
TSLA,put,mid,Fri-0DTE,15:00,ITM,2024-07-19,2026-07-10,78,70.0,1726,7.879,29.5,20.0,38.25,44.0,0.1457,27.0,-0.13224,False
TSLA,put,mid,Fri-0DTE,15:00,ITM,2024-07-19,2026-07-10,78,75.0,1726,6.895,30.0,20.0,40.0,44.0,0.1457,27.0,-0.13224,False
TSLA,put,mid,Fri-0DTE,15:00,ITM,2024-07-19,2026-07-10,78,80.0,1726,5.91,31.0,21.0,40.75,44.0,0.1457,27.0,-0.13224,False
TSLA,put,mid,Fri-0DTE,15:00,ITM,2024-07-19,2026-07-10,78,90.0,1726,4.809,31.0,24.0,41.5,44.0,0.1457,27.0,-0.13224,False
TSLA,put,mid,Fri-0DTE,15:00,ITM,2024-07-19,2026-07-10,78,100.0,1726,3.824,32.0,25.25,41.5,44.0,0.1457,27.0,-0.13224,False
TSLA,put,market,Fri-0DTE,15:00,ITM,2024-07-19,2026-07-10,78,20.0,1726,34.589,21.0,11.0,33.0,42.0,0.11885,27.0,-0.15149,False
TSLA,put,market,Fri-0DTE,15:00,ITM,2024-07-19,2026-07-10,78,25.0,1726,27.578,22.5,11.0,34.0,44.0,0.11885,27.0,-0.15149,False
TSLA,put,market,Fri-0DTE,15:00,ITM,2024-07-19,2026-07-10,78,30.0,1726,22.538,25.0,13.0,35.0,44.0,0.11885,27.0,-0.15149,False
TSLA,put,market,Fri-0DTE,15:00,ITM,2024-07-19,2026-07-10,78,40.0,1726,15.933,26.0,16.0,36.0,44.0,0.11885,27.0,-0.15149,False
TSLA,put,market,Fri-0DTE,15:00,ITM,2024-07-19,2026-07-10,78,50.0,1726,11.935,28.0,16.0,37.0,44.0,0.11885,27.0,-0.15149,False
TSLA,put,market,Fri-0DTE,15:00,ITM,2024-07-19,2026-07-10,78,60.0,1726,8.864,29.0,20.0,40.0,44.0,0.11885,27.0,-0.15149,False
TSLA,put,market,Fri-0DTE,15:00,ITM,2024-07-19,2026-07-10,78,70.0,1726,7.01,30.0,21.0,39.0,44.0,0.11885,27.0,-0.15149,False
TSLA,put,market,Fri-0DTE,15:00,ITM,2024-07-19,2026-07-10,78,75.0,1726,5.91,31.0,21.25,40.0,44.0,0.11885,27.0,-0.15149,False
TSLA,put,market,Fri-0DTE,15:00,ITM,2024-07-19,2026-07-10,78,80.0,1726,5.33,31.5,24.0,42.25,44.5,0.11885,27.0,-0.15149,False
TSLA,put,market,Fri-0DTE,15:00,ITM,2024-07-19,2026-07-10,78,90.0,1726,4.229,32.0,23.0,42.0,44.0,0.11885,27.0,-0.15149,False
TSLA,put,market,Fri-0DTE,15:00,ITM,2024-07-19,2026-07-10,78,100.0,1726,3.302,33.0,26.0,40.0,44.0,0.11885,27.0,-0.15149,False
TSLA,put,mid,Fri-0DTE,15:30,ITM,2024-07-19,2026-07-10,77,20.0,345,28.986,19.0,7.0,22.0,28.0,0.11382,16.0,-0.11758,False
TSLA,put,mid,Fri-0DTE,15:30,ITM,2024-07-19,2026-07-10,77,25.0,345,21.739,20.0,7.0,22.0,29.0,0.11382,16.0,-0.11758,False
TSLA,put,mid,Fri-0DTE,15:30,ITM,2024-07-19,2026-07-10,77,30.0,345,18.261,20.0,8.5,24.0,29.0,0.11382,16.0,-0.11758,False
TSLA,put,mid,Fri-0DTE,15:30,ITM,2024-07-19,2026-07-10,77,40.0,345,11.014,20.0,10.25,23.75,29.0,0.11382,16.0,-0.11758,False
TSLA,put,mid,Fri-0DTE,15:30,ITM,2024-07-19,2026-07-10,77,50.0,345,7.536,21.0,17.75,25.0,29.0,0.11382,16.0,-0.11758,False
TSLA,put,mid,Fri-0DTE,15:30,ITM,2024-07-19,2026-07-10,77,60.0,345,5.217,21.5,14.0,25.0,29.0,0.11382,16.0,-0.11758,False
TSLA,put,mid,Fri-0DTE,15:30,ITM,2024-07-19,2026-07-10,77,70.0,345,4.058,21.0,14.0,24.5,29.0,0.11382,16.0,-0.11758,False
TSLA,put,mid,Fri-0DTE,15:30,ITM,2024-07-19,2026-07-10,77,75.0,345,3.478,21.5,18.25,24.75,29.0,0.11382,16.0,-0.11758,False
TSLA,put,mid,Fri-0DTE,15:30,ITM,2024-07-19,2026-07-10,77,80.0,345,3.188,21.0,17.0,23.5,29.0,0.11382,16.0,-0.11758,False
TSLA,put,mid,Fri-0DTE,15:30,ITM,2024-07-19,2026-07-10,77,90.0,345,2.899,21.0,17.75,24.75,29.0,0.11382,16.0,-0.11758,False
TSLA,put,mid,Fri-0DTE,15:30,ITM,2024-07-19,2026-07-10,77,100.0,345,2.029,22.0,21.0,24.5,29.0,0.11382,16.0,-0.11758,False
TSLA,put,market,Fri-0DTE,15:30,ITM,2024-07-19,2026-07-10,77,20.0,345,24.928,19.5,7.0,22.0,27.5,0.09127,16.0,-0.13505,False
TSLA,put,market,Fri-0DTE,15:30,ITM,2024-07-19,2026-07-10,77,25.0,345,19.13,20.0,9.0,23.75,29.0,0.09127,16.0,-0.13505,False
TSLA,put,market,Fri-0DTE,15:30,ITM,2024-07-19,2026-07-10,77,30.0,345,15.362,20.0,9.0,24.0,29.0,0.09127,16.0,-0.13505,False
TSLA,put,market,Fri-0DTE,15:30,ITM,2024-07-19,2026-07-10,77,40.0,345,9.565,20.0,11.0,24.0,29.0,0.09127,16.0,-0.13505,False
TSLA,put,market,Fri-0DTE,15:30,ITM,2024-07-19,2026-07-10,77,50.0,345,6.377,22.0,20.0,25.0,29.0,0.09127,16.0,-0.13505,False
TSLA,put,market,Fri-0DTE,15:30,ITM,2024-07-19,2026-07-10,77,60.0,345,5.217,21.5,14.0,25.0,29.0,0.09127,16.0,-0.13505,False
TSLA,put,market,Fri-0DTE,15:30,ITM,2024-07-19,2026-07-10,77,70.0,345,3.478,21.5,18.5,24.75,29.0,0.09127,16.0,-0.13505,False
TSLA,put,market,Fri-0DTE,15:30,ITM,2024-07-19,2026-07-10,77,75.0,345,3.188,21.0,17.0,23.5,29.0,0.09127,16.0,-0.13505,False
TSLA,put,market,Fri-0DTE,15:30,ITM,2024-07-19,2026-07-10,77,80.0,345,3.188,21.0,18.5,25.0,29.0,0.09127,16.0,-0.13505,False
TSLA,put,market,Fri-0DTE,15:30,ITM,2024-07-19,2026-07-10,77,90.0,345,2.319,21.5,18.0,24.25,29.0,0.09127,16.0,-0.13505,False
TSLA,put,market,Fri-0DTE,15:30,ITM,2024-07-19,2026-07-10,77,100.0,345,1.739,25.0,22.0,25.0,29.0,0.09127,16.0,-0.13505,False
TSLA,put,mid,Fri-0DTE,10:00,ITM,2024-07-19,2026-07-10,92,20.0,2120,74.858,17.0,7.0,51.0,334.0,0.45484,75.0,-0.45583,False
TSLA,put,mid,Fri-0DTE,10:00,ITM,2024-07-19,2026-07-10,92,25.0,2120,69.151,22.0,9.0,67.0,334.0,0.45484,75.0,-0.45583,False
TSLA,put,mid,Fri-0DTE,10:00,ITM,2024-07-19,2026-07-10,92,30.0,2120,63.443,27.0,11.0,84.0,334.0,0.45484,75.0,-0.45583,False
TSLA,put,mid,Fri-0DTE,10:00,ITM,2024-07-19,2026-07-10,92,40.0,2120,54.764,38.0,16.0,111.0,334.0,0.45484,75.0,-0.45583,False
TSLA,put,mid,Fri-0DTE,10:00,ITM,2024-07-19,2026-07-10,92,50.0,2120,46.981,52.0,21.0,130.0,334.0,0.45484,75.0,-0.45583,False
TSLA,put,mid,Fri-0DTE,10:00,ITM,2024-07-19,2026-07-10,92,60.0,2120,40.0,65.0,25.0,147.0,334.0,0.45484,75.0,-0.45583,False
TSLA,put,mid,Fri-0DTE,10:00,ITM,2024-07-19,2026-07-10,92,70.0,2120,34.198,84.0,29.0,165.0,334.0,0.45484,75.0,-0.45583,False
TSLA,put,mid,Fri-0DTE,10:00,ITM,2024-07-19,2026-07-10,92,75.0,2120,31.604,86.0,32.0,171.0,334.0,0.45484,75.0,-0.45583,False
TSLA,put,mid,Fri-0DTE,10:00,ITM,2024-07-19,2026-07-10,92,80.0,2120,29.434,96.0,36.0,175.25,334.0,0.45484,75.0,-0.45583,False
TSLA,put,mid,Fri-0DTE,10:00,ITM,2024-07-19,2026-07-10,92,90.0,2120,25.849,105.0,44.0,190.0,334.0,0.45484,75.0,-0.45583,False
TSLA,put,mid,Fri-0DTE,10:00,ITM,2024-07-19,2026-07-10,92,100.0,2120,21.84,107.0,51.5,204.0,334.0,0.45484,75.0,-0.45583,False
TSLA,put,market,Fri-0DTE,10:00,ITM,2024-07-19,2026-07-10,92,20.0,2120,72.311,19.0,8.0,61.0,334.0,0.42543,75.0,-0.46815,False
TSLA,put,market,Fri-0DTE,10:00,ITM,2024-07-19,2026-07-10,92,25.0,2120,66.509,24.5,10.0,74.0,334.0,0.42543,75.0,-0.46815,False
TSLA,put,market,Fri-0DTE,10:00,ITM,2024-07-19,2026-07-10,92,30.0,2120,61.179,31.0,12.0,95.0,334.0,0.42543,75.0,-0.46815,False
TSLA,put,market,Fri-0DTE,10:00,ITM,2024-07-19,2026-07-10,92,40.0,2120,52.311,42.0,17.0,115.0,334.0,0.42543,75.0,-0.46815,False
TSLA,put,market,Fri-0DTE,10:00,ITM,2024-07-19,2026-07-10,92,50.0,2120,44.67,56.0,22.0,134.0,334.0,0.42543,75.0,-0.46815,False
TSLA,put,market,Fri-0DTE,10:00,ITM,2024-07-19,2026-07-10,92,60.0,2120,37.783,71.0,26.0,153.0,334.0,0.42543,75.0,-0.46815,False
TSLA,put,market,Fri-0DTE,10:00,ITM,2024-07-19,2026-07-10,92,70.0,2120,32.642,88.0,32.0,170.0,334.0,0.42543,75.0,-0.46815,False
TSLA,put,market,Fri-0DTE,10:00,ITM,2024-07-19,2026-07-10,92,75.0,2120,29.906,93.5,35.0,174.0,334.0,0.42543,75.0,-0.46815,False
TSLA,put,market,Fri-0DTE,10:00,ITM,2024-07-19,2026-07-10,92,80.0,2120,27.83,100.0,39.25,176.0,334.0,0.42543,75.0,-0.46815,False
TSLA,put,market,Fri-0DTE,10:00,ITM,2024-07-19,2026-07-10,92,90.0,2120,23.915,104.0,44.0,188.5,334.0,0.42543,75.0,-0.46815,False
TSLA,put,market,Fri-0DTE,10:00,ITM,2024-07-19,2026-07-10,92,100.0,2120,20.472,115.0,54.25,206.0,334.0,0.42543,75.0,-0.46815,False
TSLA,put,mid,Fri-0DTE,11:00,ITM,2024-07-19,2026-07-10,82,20.0,1884,67.834,33.0,12.0,87.75,274.0,0.38462,86.0,-0.40446,False
TSLA,put,mid,Fri-0DTE,11:00,ITM,2024-07-19,2026-07-10,82,25.0,1884,62.58,40.0,16.0,102.5,274.0,0.38462,86.0,-0.40446,False
TSLA,put,mid,Fri-0DTE,11:00,ITM,2024-07-19,2026-07-10,82,30.0,1884,57.325,49.0,20.0,116.25,274.0,0.38462,86.0,-0.40446,False
TSLA,put,mid,Fri-0DTE,11:00,ITM,2024-07-19,2026-07-10,82,40.0,1884,48.355,65.0,27.0,133.5,274.0,0.38462,86.0,-0.40446,False
TSLA,put,mid,Fri-0DTE,11:00,ITM,2024-07-19,2026-07-10,82,50.0,1884,40.287,82.0,32.0,156.0,274.0,0.38462,86.0,-0.40446,False
TSLA,put,mid,Fri-0DTE,11:00,ITM,2024-07-19,2026-07-10,82,60.0,1884,33.28,95.0,36.0,169.5,274.0,0.38462,86.0,-0.40446,False
TSLA,put,mid,Fri-0DTE,11:00,ITM,2024-07-19,2026-07-10,82,70.0,1884,28.185,105.0,45.0,184.0,274.0,0.38462,86.0,-0.40446,False
TSLA,put,mid,Fri-0DTE,11:00,ITM,2024-07-19,2026-07-10,82,75.0,1884,25.531,106.0,49.0,192.0,274.0,0.38462,86.0,-0.40446,False
TSLA,put,mid,Fri-0DTE,11:00,ITM,2024-07-19,2026-07-10,82,80.0,1884,23.142,106.0,51.0,189.25,273.0,0.38462,86.0,-0.40446,False
TSLA,put,mid,Fri-0DTE,11:00,ITM,2024-07-19,2026-07-10,82,90.0,1884,18.471,111.0,52.75,192.5,274.0,0.38462,86.0,-0.40446,False
TSLA,put,mid,Fri-0DTE,11:00,ITM,2024-07-19,2026-07-10,82,100.0,1884,14.862,114.0,60.5,198.25,274.0,0.38462,86.0,-0.40446,False
TSLA,put,market,Fri-0DTE,11:00,ITM,2024-07-19,2026-07-10,82,20.0,1884,64.65,37.0,15.0,93.75,274.0,0.35386,86.0,-0.41778,False
TSLA,put,market,Fri-0DTE,11:00,ITM,2024-07-19,2026-07-10,82,25.0,1884,59.713,45.0,17.0,113.0,274.0,0.35386,86.0,-0.41778,False
TSLA,put,market,Fri-0DTE,11:00,ITM,2024-07-19,2026-07-10,82,30.0,1884,54.777,55.0,22.0,121.25,274.0,0.35386,86.0,-0.41778,False
TSLA,put,market,Fri-0DTE,11:00,ITM,2024-07-19,2026-07-10,82,40.0,1884,45.754,72.0,29.0,141.75,274.0,0.35386,86.0,-0.41778,False
TSLA,put,market,Fri-0DTE,11:00,ITM,2024-07-19,2026-07-10,82,50.0,1884,38.429,85.5,34.0,162.25,274.0,0.35386,86.0,-0.41778,False
TSLA,put,market,Fri-0DTE,11:00,ITM,2024-07-19,2026-07-10,82,60.0,1884,31.423,96.0,39.75,177.0,274.0,0.35386,86.0,-0.41778,False
TSLA,put,market,Fri-0DTE,11:00,ITM,2024-07-19,2026-07-10,82,70.0,1884,26.221,106.0,49.0,190.75,274.0,0.35386,86.0,-0.41778,False
TSLA,put,market,Fri-0DTE,11:00,ITM,2024-07-19,2026-07-10,82,75.0,1884,23.62,106.0,51.0,189.0,274.0,0.35386,86.0,-0.41778,False
TSLA,put,market,Fri-0DTE,11:00,ITM,2024-07-19,2026-07-10,82,80.0,1884,20.913,106.5,52.0,190.75,274.0,0.35386,86.0,-0.41778,False
TSLA,put,market,Fri-0DTE,11:00,ITM,2024-07-19,2026-07-10,82,90.0,1884,16.879,112.0,54.25,197.0,274.0,0.35386,86.0,-0.41778,False
TSLA,put,market,Fri-0DTE,11:00,ITM,2024-07-19,2026-07-10,82,100.0,1884,14.013,120.0,64.0,201.0,274.0,0.35386,86.0,-0.41778,False
TSLA,call,mid,Wed-0DTE,09:30,ITM,2026-02-11,2026-07-08,21,20.0,440,61.591,14.0,6.0,30.0,337.0,0.38031,57.0,-0.60416,False
TSLA,call,mid,Wed-0DTE,09:30,ITM,2026-02-11,2026-07-08,21,25.0,440,57.5,16.0,8.0,33.0,359.0,0.38031,57.0,-0.60416,False
TSLA,call,mid,Wed-0DTE,09:30,ITM,2026-02-11,2026-07-08,21,30.0,440,54.773,18.0,11.0,37.0,360.0,0.38031,57.0,-0.60416,False
TSLA,call,mid,Wed-0DTE,09:30,ITM,2026-02-11,2026-07-08,21,40.0,440,49.091,23.0,13.0,54.25,362.0,0.38031,57.0,-0.60416,False
TSLA,call,mid,Wed-0DTE,09:30,ITM,2026-02-11,2026-07-08,21,50.0,440,42.955,27.0,17.0,67.0,364.0,0.38031,57.0,-0.60416,False
TSLA,call,mid,Wed-0DTE,09:30,ITM,2026-02-11,2026-07-08,21,60.0,440,38.636,35.0,21.0,72.75,364.0,0.38031,57.0,-0.60416,False
TSLA,call,mid,Wed-0DTE,09:30,ITM,2026-02-11,2026-07-08,21,70.0,440,33.864,41.0,23.0,82.0,364.0,0.38031,57.0,-0.60416,False
TSLA,call,mid,Wed-0DTE,09:30,ITM,2026-02-11,2026-07-08,21,75.0,440,31.364,40.0,25.0,78.75,364.0,0.38031,57.0,-0.60416,False
TSLA,call,mid,Wed-0DTE,09:30,ITM,2026-02-11,2026-07-08,21,80.0,440,29.091,41.5,26.0,85.25,364.0,0.38031,57.0,-0.60416,False
TSLA,call,mid,Wed-0DTE,09:30,ITM,2026-02-11,2026-07-08,21,90.0,440,25.682,45.0,28.0,91.0,363.0,0.38031,57.0,-0.60416,False
TSLA,call,mid,Wed-0DTE,09:30,ITM,2026-02-11,2026-07-08,21,100.0,440,24.091,56.0,31.0,97.0,363.0,0.38031,57.0,-0.60416,False
TSLA,call,market,Wed-0DTE,09:30,ITM,2026-02-11,2026-07-08,21,20.0,440,59.318,15.0,7.0,32.0,359.0,0.35209,57.0,-0.61646,False
TSLA,call,market,Wed-0DTE,09:30,ITM,2026-02-11,2026-07-08,21,25.0,440,56.818,17.5,10.0,36.0,360.0,0.35209,57.0,-0.61646,False
TSLA,call,market,Wed-0DTE,09:30,ITM,2026-02-11,2026-07-08,21,30.0,440,52.955,19.0,11.0,40.0,360.0,0.35209,57.0,-0.61646,False
TSLA,call,market,Wed-0DTE,09:30,ITM,2026-02-11,2026-07-08,21,40.0,440,46.818,24.0,15.0,55.0,363.0,0.35209,57.0,-0.61646,False
TSLA,call,market,Wed-0DTE,09:30,ITM,2026-02-11,2026-07-08,21,50.0,440,41.364,30.5,19.0,71.0,364.0,0.35209,57.0,-0.61646,False
TSLA,call,market,Wed-0DTE,09:30,ITM,2026-02-11,2026-07-08,21,60.0,440,36.364,35.5,21.0,74.0,364.0,0.35209,57.0,-0.61646,False
TSLA,call,market,Wed-0DTE,09:30,ITM,2026-02-11,2026-07-08,21,70.0,440,32.273,40.0,25.0,80.5,364.0,0.35209,57.0,-0.61646,False
TSLA,call,market,Wed-0DTE,09:30,ITM,2026-02-11,2026-07-08,21,75.0,440,29.773,41.0,26.0,85.0,364.0,0.35209,57.0,-0.61646,False
TSLA,call,market,Wed-0DTE,09:30,ITM,2026-02-11,2026-07-08,21,80.0,440,27.955,43.0,26.0,89.5,363.0,0.35209,57.0,-0.61646,False
TSLA,call,market,Wed-0DTE,09:30,ITM,2026-02-11,2026-07-08,21,90.0,440,24.773,47.0,29.0,88.0,363.0,0.35209,57.0,-0.61646,False
TSLA,call,market,Wed-0DTE,09:30,ITM,2026-02-11,2026-07-08,21,100.0,440,22.727,59.5,32.0,96.5,362.0,0.35209,57.0,-0.61646,False
TSLA,call,mid,Wed-0DTE,10:00,ITM,2026-02-11,2026-07-08,20,20.0,533,69.418,15.0,6.0,43.0,332.0,0.38864,77.0,-0.49778,False
TSLA,call,mid,Wed-0DTE,10:00,ITM,2026-02-11,2026-07-08,20,25.0,533,64.353,25.0,8.0,55.0,334.0,0.38864,77.0,-0.49778,False
TSLA,call,mid,Wed-0DTE,10:00,ITM,2026-02-11,2026-07-08,20,30.0,533,58.537,29.0,10.0,59.25,334.0,0.38864,77.0,-0.49778,False
TSLA,call,mid,Wed-0DTE,10:00,ITM,2026-02-11,2026-07-08,20,40.0,533,49.531,37.0,13.0,71.25,336.5,0.38864,77.0,-0.49778,False
TSLA,call,mid,Wed-0DTE,10:00,ITM,2026-02-11,2026-07-08,20,50.0,533,43.152,40.5,17.0,78.0,338.5,0.38864,77.0,-0.49778,False
TSLA,call,mid,Wed-0DTE,10:00,ITM,2026-02-11,2026-07-08,20,60.0,533,38.086,46.0,20.0,105.5,339.0,0.38864,77.0,-0.49778,False
TSLA,call,mid,Wed-0DTE,10:00,ITM,2026-02-11,2026-07-08,20,70.0,533,34.334,51.0,23.5,121.0,338.0,0.38864,77.0,-0.49778,False
TSLA,call,mid,Wed-0DTE,10:00,ITM,2026-02-11,2026-07-08,20,75.0,533,32.833,53.0,26.0,125.5,338.0,0.38864,77.0,-0.49778,False
TSLA,call,mid,Wed-0DTE,10:00,ITM,2026-02-11,2026-07-08,20,80.0,533,30.957,55.0,26.0,131.0,337.0,0.38864,77.0,-0.49778,False
TSLA,call,mid,Wed-0DTE,10:00,ITM,2026-02-11,2026-07-08,20,90.0,533,27.205,56.0,30.0,101.0,338.0,0.38864,77.0,-0.49778,False
TSLA,call,mid,Wed-0DTE,10:00,ITM,2026-02-11,2026-07-08,20,100.0,533,24.015,59.0,32.75,135.0,338.0,0.38864,77.0,-0.49778,False
TSLA,call,market,Wed-0DTE,10:00,ITM,2026-02-11,2026-07-08,20,20.0,533,66.604,20.0,7.0,49.5,334.0,0.3593,77.0,-0.50946,False
TSLA,call,market,Wed-0DTE,10:00,ITM,2026-02-11,2026-07-08,20,25.0,533,61.726,28.0,9.0,60.0,334.0,0.3593,77.0,-0.50946,False
TSLA,call,market,Wed-0DTE,10:00,ITM,2026-02-11,2026-07-08,20,30.0,533,55.722,30.0,10.0,65.0,334.0,0.3593,77.0,-0.50946,False
TSLA,call,market,Wed-0DTE,10:00,ITM,2026-02-11,2026-07-08,20,40.0,533,47.842,38.0,13.0,70.5,337.0,0.3593,77.0,-0.50946,False
TSLA,call,market,Wed-0DTE,10:00,ITM,2026-02-11,2026-07-08,20,50.0,533,41.463,44.0,17.0,88.0,339.0,0.3593,77.0,-0.50946,False
TSLA,call,market,Wed-0DTE,10:00,ITM,2026-02-11,2026-07-08,20,60.0,533,36.773,49.0,21.0,105.5,339.0,0.3593,77.0,-0.50946,False
TSLA,call,market,Wed-0DTE,10:00,ITM,2026-02-11,2026-07-08,20,70.0,533,33.396,52.0,26.0,125.5,338.0,0.3593,77.0,-0.50946,False
TSLA,call,market,Wed-0DTE,10:00,ITM,2026-02-11,2026-07-08,20,75.0,533,31.52,55.5,26.0,131.0,337.0,0.3593,77.0,-0.50946,False
TSLA,call,market,Wed-0DTE,10:00,ITM,2026-02-11,2026-07-08,20,80.0,533,29.081,55.0,27.0,134.0,339.0,0.3593,77.0,-0.50946,False
TSLA,call,market,Wed-0DTE,10:00,ITM,2026-02-11,2026-07-08,20,90.0,533,25.328,56.0,30.0,128.0,338.0,0.3593,77.0,-0.50946,False
TSLA,call,market,Wed-0DTE,10:00,ITM,2026-02-11,2026-07-08,20,100.0,533,22.326,58.0,33.5,107.5,338.0,0.3593,77.0,-0.50946,False
TSLA,call,mid,Wed-0DTE,10:30,ITM,2026-02-11,2026-07-08,20,20.0,547,67.276,19.0,9.0,53.0,290.5,0.37681,56.0,-0.46499,False
TSLA,call,mid,Wed-0DTE,10:30,ITM,2026-02-11,2026-07-08,20,25.0,547,62.523,23.0,11.0,61.75,294.0,0.37681,56.0,-0.46499,False
TSLA,call,mid,Wed-0DTE,10:30,ITM,2026-02-11,2026-07-08,20,30.0,547,57.952,28.0,14.0,66.0,289.0,0.37681,56.0,-0.46499,False
TSLA,call,mid,Wed-0DTE,10:30,ITM,2026-02-11,2026-07-08,20,40.0,547,47.898,38.0,21.0,86.0,300.0,0.37681,56.0,-0.46499,False
TSLA,call,mid,Wed-0DTE,10:30,ITM,2026-02-11,2026-07-08,20,50.0,547,40.037,43.0,26.0,93.0,302.0,0.37681,56.0,-0.46499,False
TSLA,call,mid,Wed-0DTE,10:30,ITM,2026-02-11,2026-07-08,20,60.0,547,34.004,47.0,31.0,96.0,303.5,0.37681,56.0,-0.46499,False
TSLA,call,mid,Wed-0DTE,10:30,ITM,2026-02-11,2026-07-08,20,70.0,547,27.971,52.0,35.0,106.0,308.0,0.37681,56.0,-0.46499,False
TSLA,call,mid,Wed-0DTE,10:30,ITM,2026-02-11,2026-07-08,20,75.0,547,26.325,54.0,36.0,104.25,308.0,0.37681,56.0,-0.46499,False
TSLA,call,mid,Wed-0DTE,10:30,ITM,2026-02-11,2026-07-08,20,80.0,547,23.766,55.0,37.0,139.75,308.0,0.37681,56.0,-0.46499,False
TSLA,call,mid,Wed-0DTE,10:30,ITM,2026-02-11,2026-07-08,20,90.0,547,19.196,57.0,41.0,150.0,309.0,0.37681,56.0,-0.46499,False
TSLA,call,mid,Wed-0DTE,10:30,ITM,2026-02-11,2026-07-08,20,100.0,547,15.356,56.5,39.0,183.25,309.0,0.37681,56.0,-0.46499,False
TSLA,call,market,Wed-0DTE,10:30,ITM,2026-02-11,2026-07-08,20,20.0,547,65.265,21.0,10.0,59.0,290.0,0.34286,56.0,-0.47866,False
TSLA,call,market,Wed-0DTE,10:30,ITM,2026-02-11,2026-07-08,20,25.0,547,59.598,26.0,13.0,64.75,294.0,0.34286,56.0,-0.47866,False
TSLA,call,market,Wed-0DTE,10:30,ITM,2026-02-11,2026-07-08,20,30.0,547,54.479,31.5,16.0,72.5,294.0,0.34286,56.0,-0.47866,False
TSLA,call,market,Wed-0DTE,10:30,ITM,2026-02-11,2026-07-08,20,40.0,547,46.069,40.0,22.0,88.0,300.5,0.34286,56.0,-0.47866,False
TSLA,call,market,Wed-0DTE,10:30,ITM,2026-02-11,2026-07-08,20,50.0,547,38.026,45.0,27.0,95.25,302.5,0.34286,56.0,-0.47866,False
TSLA,call,market,Wed-0DTE,10:30,ITM,2026-02-11,2026-07-08,20,60.0,547,31.444,50.5,32.0,105.0,304.0,0.34286,56.0,-0.47866,False
TSLA,call,market,Wed-0DTE,10:30,ITM,2026-02-11,2026-07-08,20,70.0,547,26.874,54.0,35.5,110.0,308.0,0.34286,56.0,-0.47866,False
TSLA,call,market,Wed-0DTE,10:30,ITM,2026-02-11,2026-07-08,20,75.0,547,24.132,55.0,37.0,134.5,308.0,0.34286,56.0,-0.47866,False
TSLA,call,market,Wed-0DTE,10:30,ITM,2026-02-11,2026-07-08,20,80.0,547,22.303,54.5,39.0,140.25,308.0,0.34286,56.0,-0.47866,False
TSLA,call,market,Wed-0DTE,10:30,ITM,2026-02-11,2026-07-08,20,90.0,547,17.367,55.0,40.5,158.5,309.0,0.34286,56.0,-0.47866,False
TSLA,call,market,Wed-0DTE,10:30,ITM,2026-02-11,2026-07-08,20,100.0,547,14.26,57.5,38.25,197.75,309.0,0.34286,56.0,-0.47866,False
TSLA,call,mid,Wed-0DTE,11:00,ITM,2026-02-11,2026-07-08,20,20.0,514,60.117,16.0,9.0,42.0,274.0,0.27799,40.0,-0.52658,False
TSLA,call,mid,Wed-0DTE,11:00,ITM,2026-02-11,2026-07-08,20,25.0,514,54.475,21.0,11.0,49.0,278.0,0.27799,40.0,-0.52658,False
TSLA,call,mid,Wed-0DTE,11:00,ITM,2026-02-11,2026-07-08,20,30.0,514,48.054,26.0,14.0,59.5,279.0,0.27799,40.0,-0.52658,False
TSLA,call,mid,Wed-0DTE,11:00,ITM,2026-02-11,2026-07-08,20,40.0,514,38.327,37.0,18.0,81.0,279.0,0.27799,40.0,-0.52658,False
TSLA,call,mid,Wed-0DTE,11:00,ITM,2026-02-11,2026-07-08,20,50.0,514,29.572,44.5,21.0,141.25,279.0,0.27799,40.0,-0.52658,False
TSLA,call,mid,Wed-0DTE,11:00,ITM,2026-02-11,2026-07-08,20,60.0,514,24.125,50.5,23.75,173.25,279.0,0.27799,40.0,-0.52658,False
TSLA,call,mid,Wed-0DTE,11:00,ITM,2026-02-11,2026-07-08,20,70.0,514,19.066,56.0,26.0,134.0,279.0,0.27799,40.0,-0.52658,False
TSLA,call,mid,Wed-0DTE,11:00,ITM,2026-02-11,2026-07-08,20,75.0,514,17.704,61.0,27.0,189.5,279.0,0.27799,40.0,-0.52658,False
TSLA,call,mid,Wed-0DTE,11:00,ITM,2026-02-11,2026-07-08,20,80.0,514,15.953,62.0,28.0,176.75,279.0,0.27799,40.0,-0.52658,False
TSLA,call,mid,Wed-0DTE,11:00,ITM,2026-02-11,2026-07-08,20,90.0,514,12.646,64.0,27.0,115.0,278.0,0.27799,40.0,-0.52658,False
TSLA,call,mid,Wed-0DTE,11:00,ITM,2026-02-11,2026-07-08,20,100.0,514,9.728,72.0,32.25,126.75,281.0,0.27799,40.0,-0.52658,False
TSLA,call,market,Wed-0DTE,11:00,ITM,2026-02-11,2026-07-08,20,20.0,514,57.004,19.0,11.0,45.0,275.0,0.25268,40.0,-0.53752,False
TSLA,call,market,Wed-0DTE,11:00,ITM,2026-02-11,2026-07-08,20,25.0,514,50.389,23.0,12.5,51.5,279.0,0.25268,40.0,-0.53752,False
TSLA,call,market,Wed-0DTE,11:00,ITM,2026-02-11,2026-07-08,20,30.0,514,44.358,27.5,15.0,61.25,279.0,0.25268,40.0,-0.53752,False
TSLA,call,market,Wed-0DTE,11:00,ITM,2026-02-11,2026-07-08,20,40.0,514,35.992,40.0,19.0,111.0,279.0,0.25268,40.0,-0.53752,False
TSLA,call,market,Wed-0DTE,11:00,ITM,2026-02-11,2026-07-08,20,50.0,514,28.794,49.0,22.0,168.5,279.0,0.25268,40.0,-0.53752,False
TSLA,call,market,Wed-0DTE,11:00,ITM,2026-02-11,2026-07-08,20,60.0,514,21.984,53.0,26.0,179.0,281.0,0.25268,40.0,-0.53752,False
TSLA,call,market,Wed-0DTE,11:00,ITM,2026-02-11,2026-07-08,20,70.0,514,17.704,61.0,27.0,176.0,279.0,0.25268,40.0,-0.53752,False
TSLA,call,market,Wed-0DTE,11:00,ITM,2026-02-11,2026-07-08,20,75.0,514,17.121,65.0,27.75,252.25,278.5,0.25268,40.0,-0.53752,False
TSLA,call,market,Wed-0DTE,11:00,ITM,2026-02-11,2026-07-08,20,80.0,514,14.008,58.0,27.0,115.0,279.5,0.25268,40.0,-0.53752,False
TSLA,call,market,Wed-0DTE,11:00,ITM,2026-02-11,2026-07-08,20,90.0,514,11.673,70.0,30.25,126.25,276.5,0.25268,40.0,-0.53752,False
TSLA,call,market,Wed-0DTE,11:00,ITM,2026-02-11,2026-07-08,20,100.0,514,8.366,71.0,34.5,120.0,281.0,0.25268,40.0,-0.53752,False
TSLA,call,mid,Wed-0DTE,11:30,ITM,2026-02-11,2026-07-08,20,20.0,499,46.894,25.0,11.0,74.75,244.0,0.18404,67.0,-0.48969,False
TSLA,call,mid,Wed-0DTE,11:30,ITM,2026-02-11,2026-07-08,20,25.0,499,39.679,27.0,13.0,98.75,248.5,0.18404,67.0,-0.48969,False
TSLA,call,mid,Wed-0DTE,11:30,ITM,2026-02-11,2026-07-08,20,30.0,499,34.469,31.5,16.75,112.0,249.0,0.18404,67.0,-0.48969,False
TSLA,call,mid,Wed-0DTE,11:30,ITM,2026-02-11,2026-07-08,20,40.0,499,26.453,40.0,25.0,174.0,249.0,0.18404,67.0,-0.48969,False
TSLA,call,mid,Wed-0DTE,11:30,ITM,2026-02-11,2026-07-08,20,50.0,499,19.238,49.0,28.75,240.0,249.0,0.18404,67.0,-0.48969,False
TSLA,call,mid,Wed-0DTE,11:30,ITM,2026-02-11,2026-07-08,20,60.0,499,14.028,50.5,31.25,240.75,248.5,0.18404,67.0,-0.48969,False
TSLA,call,mid,Wed-0DTE,11:30,ITM,2026-02-11,2026-07-08,20,70.0,499,10.822,51.0,34.5,237.75,248.0,0.18404,67.0,-0.48969,False
TSLA,call,mid,Wed-0DTE,11:30,ITM,2026-02-11,2026-07-08,20,75.0,499,9.218,58.5,37.25,195.75,248.0,0.18404,67.0,-0.48969,False
TSLA,call,mid,Wed-0DTE,11:30,ITM,2026-02-11,2026-07-08,20,80.0,499,8.417,80.0,38.5,240.25,247.5,0.18404,67.0,-0.48969,False
TSLA,call,mid,Wed-0DTE,11:30,ITM,2026-02-11,2026-07-08,20,90.0,499,6.012,54.0,37.75,102.0,243.5,0.18404,67.0,-0.48969,False
TSLA,call,mid,Wed-0DTE,11:30,ITM,2026-02-11,2026-07-08,20,100.0,499,5.812,76.0,43.0,142.0,242.0,0.18404,67.0,-0.48969,False
TSLA,call,market,Wed-0DTE,11:30,ITM,2026-02-11,2026-07-08,20,20.0,499,43.487,27.0,12.0,76.0,244.0,0.15761,67.0,-0.50079,False
TSLA,call,market,Wed-0DTE,11:30,ITM,2026-02-11,2026-07-08,20,25.0,499,36.874,29.0,16.0,117.75,249.0,0.15761,67.0,-0.50079,False
TSLA,call,market,Wed-0DTE,11:30,ITM,2026-02-11,2026-07-08,20,30.0,499,31.864,34.0,18.0,154.0,249.0,0.15761,67.0,-0.50079,False
TSLA,call,market,Wed-0DTE,11:30,ITM,2026-02-11,2026-07-08,20,40.0,499,24.048,43.5,25.0,235.5,249.0,0.15761,67.0,-0.50079,False
TSLA,call,market,Wed-0DTE,11:30,ITM,2026-02-11,2026-07-08,20,50.0,499,17.836,72.0,31.0,245.0,249.0,0.15761,67.0,-0.50079,False
TSLA,call,market,Wed-0DTE,11:30,ITM,2026-02-11,2026-07-08,20,60.0,499,12.625,50.0,33.0,241.0,245.0,0.15761,67.0,-0.50079,False
TSLA,call,market,Wed-0DTE,11:30,ITM,2026-02-11,2026-07-08,20,70.0,499,9.82,76.0,38.0,240.0,247.0,0.15761,67.0,-0.50079,False
TSLA,call,market,Wed-0DTE,11:30,ITM,2026-02-11,2026-07-08,20,75.0,499,8.617,79.0,39.0,239.0,246.0,0.15761,67.0,-0.50079,False
TSLA,call,market,Wed-0DTE,11:30,ITM,2026-02-11,2026-07-08,20,80.0,499,7.415,68.0,39.0,225.0,244.0,0.15761,67.0,-0.50079,False
TSLA,call,market,Wed-0DTE,11:30,ITM,2026-02-11,2026-07-08,20,90.0,499,6.012,63.0,38.5,138.75,243.5,0.15761,67.0,-0.50079,False
TSLA,call,market,Wed-0DTE,11:30,ITM,2026-02-11,2026-07-08,20,100.0,499,5.411,94.0,45.5,156.0,241.0,0.15761,67.0,-0.50079,False
TSLA,call,mid,Wed-0DTE,12:00,ITM,2026-02-11,2026-07-08,20,20.0,471,51.38,20.0,10.0,56.75,204.0,0.20913,90.0,-0.45548,False
TSLA,call,mid,Wed-0DTE,12:00,ITM,2026-02-11,2026-07-08,20,25.0,471,44.586,25.5,13.25,109.75,205.5,0.20913,90.0,-0.45548,False
TSLA,call,mid,Wed-0DTE,12:00,ITM,2026-02-11,2026-07-08,20,30.0,471,37.792,31.0,15.0,130.75,207.5,0.20913,90.0,-0.45548,False
TSLA,call,mid,Wed-0DTE,12:00,ITM,2026-02-11,2026-07-08,20,40.0,471,25.902,61.5,20.0,174.75,213.0,0.20913,90.0,-0.45548,False
TSLA,call,mid,Wed-0DTE,12:00,ITM,2026-02-11,2026-07-08,20,50.0,471,17.834,69.5,21.75,148.0,214.0,0.20913,90.0,-0.45548,False
TSLA,call,mid,Wed-0DTE,12:00,ITM,2026-02-11,2026-07-08,20,60.0,471,12.951,112.0,28.0,170.0,218.0,0.20913,90.0,-0.45548,False
TSLA,call,mid,Wed-0DTE,12:00,ITM,2026-02-11,2026-07-08,20,70.0,471,9.342,120.5,58.0,146.25,219.0,0.20913,90.0,-0.45548,False
TSLA,call,mid,Wed-0DTE,12:00,ITM,2026-02-11,2026-07-08,20,75.0,471,8.705,125.0,62.0,208.0,219.0,0.20913,90.0,-0.45548,False
TSLA,call,mid,Wed-0DTE,12:00,ITM,2026-02-11,2026-07-08,20,80.0,471,7.006,128.0,81.0,210.0,220.0,0.20913,90.0,-0.45548,False
TSLA,call,mid,Wed-0DTE,12:00,ITM,2026-02-11,2026-07-08,20,90.0,471,5.52,136.5,116.0,210.0,219.0,0.20913,90.0,-0.45548,False
TSLA,call,mid,Wed-0DTE,12:00,ITM,2026-02-11,2026-07-08,20,100.0,471,5.096,163.0,122.0,212.0,217.5,0.20913,90.0,-0.45548,False
TSLA,call,market,Wed-0DTE,12:00,ITM,2026-02-11,2026-07-08,20,20.0,471,46.921,23.0,12.0,75.0,204.0,0.18508,90.0,-0.46809,False
TSLA,call,market,Wed-0DTE,12:00,ITM,2026-02-11,2026-07-08,20,25.0,471,40.764,27.5,14.75,118.5,204.0,0.18508,90.0,-0.46809,False
TSLA,call,market,Wed-0DTE,12:00,ITM,2026-02-11,2026-07-08,20,30.0,471,33.758,35.0,16.0,143.0,208.0,0.18508,90.0,-0.46809,False
TSLA,call,market,Wed-0DTE,12:00,ITM,2026-02-11,2026-07-08,20,40.0,471,23.142,60.0,19.0,174.0,214.0,0.18508,90.0,-0.46809,False
TSLA,call,market,Wed-0DTE,12:00,ITM,2026-02-11,2026-07-08,20,50.0,471,15.924,75.0,23.0,171.5,214.0,0.18508,90.0,-0.46809,False
TSLA,call,market,Wed-0DTE,12:00,ITM,2026-02-11,2026-07-08,20,60.0,471,11.677,123.0,49.5,172.0,217.0,0.18508,90.0,-0.46809,False
TSLA,call,market,Wed-0DTE,12:00,ITM,2026-02-11,2026-07-08,20,70.0,471,8.917,123.0,62.25,204.25,219.0,0.18508,90.0,-0.46809,False
TSLA,call,market,Wed-0DTE,12:00,ITM,2026-02-11,2026-07-08,20,75.0,471,7.219,128.0,69.75,210.0,220.0,0.18508,90.0,-0.46809,False
TSLA,call,market,Wed-0DTE,12:00,ITM,2026-02-11,2026-07-08,20,80.0,471,6.582,135.0,97.0,212.5,219.0,0.18508,90.0,-0.46809,False
TSLA,call,market,Wed-0DTE,12:00,ITM,2026-02-11,2026-07-08,20,90.0,471,5.52,137.5,118.5,210.0,219.0,0.18508,90.0,-0.46809,False
TSLA,call,market,Wed-0DTE,12:00,ITM,2026-02-11,2026-07-08,20,100.0,471,3.822,184.0,127.0,214.0,222.5,0.18508,90.0,-0.46809,False
TSLA,call,mid,Wed-0DTE,12:30,ITM,2026-02-11,2026-07-08,20,20.0,457,49.234,65.0,19.0,92.0,189.0,0.19913,90.0,-0.44109,False
TSLA,call,mid,Wed-0DTE,12:30,ITM,2026-02-11,2026-07-08,20,25.0,457,42.67,72.0,35.0,131.0,188.0,0.19913,90.0,-0.44109,False
TSLA,call,mid,Wed-0DTE,12:30,ITM,2026-02-11,2026-07-08,20,30.0,457,36.761,80.0,40.75,159.25,188.0,0.19913,90.0,-0.44109,False
TSLA,call,mid,Wed-0DTE,12:30,ITM,2026-02-11,2026-07-08,20,40.0,457,27.352,97.0,64.0,175.0,188.0,0.19913,90.0,-0.44109,False
TSLA,call,mid,Wed-0DTE,12:30,ITM,2026-02-11,2026-07-08,20,50.0,457,20.788,117.0,78.0,181.5,184.0,0.19913,90.0,-0.44109,False
TSLA,call,mid,Wed-0DTE,12:30,ITM,2026-02-11,2026-07-08,20,60.0,457,16.411,159.0,92.5,187.5,187.0,0.19913,90.0,-0.44109,False
TSLA,call,mid,Wed-0DTE,12:30,ITM,2026-02-11,2026-07-08,20,70.0,457,10.941,165.5,93.25,189.25,185.0,0.19913,90.0,-0.44109,False
TSLA,call,mid,Wed-0DTE,12:30,ITM,2026-02-11,2026-07-08,20,75.0,457,9.19,165.0,92.5,189.25,185.0,0.19913,90.0,-0.44109,False
TSLA,call,mid,Wed-0DTE,12:30,ITM,2026-02-11,2026-07-08,20,80.0,457,7.877,168.0,95.0,190.25,184.0,0.19913,90.0,-0.44109,False
TSLA,call,mid,Wed-0DTE,12:30,ITM,2026-02-11,2026-07-08,20,90.0,457,5.252,129.5,88.75,191.25,182.5,0.19913,90.0,-0.44109,False
TSLA,call,mid,Wed-0DTE,12:30,ITM,2026-02-11,2026-07-08,20,100.0,457,3.282,144.0,92.5,185.0,179.0,0.19913,90.0,-0.44109,False
TSLA,call,market,Wed-0DTE,12:30,ITM,2026-02-11,2026-07-08,20,20.0,457,45.514,67.0,30.5,104.25,188.0,0.17188,90.0,-0.45675,False
TSLA,call,market,Wed-0DTE,12:30,ITM,2026-02-11,2026-07-08,20,25.0,457,38.293,74.0,39.5,141.5,188.0,0.17188,90.0,-0.45675,False
TSLA,call,market,Wed-0DTE,12:30,ITM,2026-02-11,2026-07-08,20,30.0,457,33.042,89.0,54.0,161.5,187.0,0.17188,90.0,-0.45675,False
TSLA,call,market,Wed-0DTE,12:30,ITM,2026-02-11,2026-07-08,20,40.0,457,24.945,101.0,68.25,177.75,188.0,0.17188,90.0,-0.45675,False
TSLA,call,market,Wed-0DTE,12:30,ITM,2026-02-11,2026-07-08,20,50.0,457,18.6,143.0,86.0,181.0,187.0,0.17188,90.0,-0.45675,False
TSLA,call,market,Wed-0DTE,12:30,ITM,2026-02-11,2026-07-08,20,60.0,457,15.098,166.0,97.0,190.0,187.0,0.17188,90.0,-0.45675,False
TSLA,call,market,Wed-0DTE,12:30,ITM,2026-02-11,2026-07-08,20,70.0,457,9.847,172.0,94.0,190.0,185.0,0.17188,90.0,-0.45675,False
TSLA,call,market,Wed-0DTE,12:30,ITM,2026-02-11,2026-07-08,20,75.0,457,8.096,162.0,95.0,190.0,184.0,0.17188,90.0,-0.45675,False
TSLA,call,market,Wed-0DTE,12:30,ITM,2026-02-11,2026-07-08,20,80.0,457,7.44,173.5,95.25,190.75,186.0,0.17188,90.0,-0.45675,False
TSLA,call,market,Wed-0DTE,12:30,ITM,2026-02-11,2026-07-08,20,90.0,457,4.595,164.0,92.0,195.0,181.0,0.17188,90.0,-0.45675,False
TSLA,call,market,Wed-0DTE,12:30,ITM,2026-02-11,2026-07-08,20,100.0,457,2.626,129.0,93.5,179.75,175.0,0.17188,90.0,-0.45675,False
TSLA,call,mid,Wed-0DTE,13:00,ITM,2026-02-11,2026-07-08,20,20.0,406,63.3,38.0,20.0,65.0,154.0,0.28234,67.5,-0.4155,False
TSLA,call,mid,Wed-0DTE,13:00,ITM,2026-02-11,2026-07-08,20,25.0,406,55.911,50.0,22.5,79.0,154.0,0.28234,67.5,-0.4155,False
TSLA,call,mid,Wed-0DTE,13:00,ITM,2026-02-11,2026-07-08,20,30.0,406,46.552,56.0,28.0,120.0,154.0,0.28234,67.5,-0.4155,False
TSLA,call,mid,Wed-0DTE,13:00,ITM,2026-02-11,2026-07-08,20,40.0,406,30.542,65.0,41.0,150.0,159.0,0.28234,67.5,-0.4155,False
TSLA,call,mid,Wed-0DTE,13:00,ITM,2026-02-11,2026-07-08,20,50.0,406,21.429,76.0,49.0,148.0,159.0,0.28234,67.5,-0.4155,False
TSLA,call,mid,Wed-0DTE,13:00,ITM,2026-02-11,2026-07-08,20,60.0,406,17.241,84.0,53.25,150.0,159.0,0.28234,67.5,-0.4155,False
TSLA,call,mid,Wed-0DTE,13:00,ITM,2026-02-11,2026-07-08,20,70.0,406,13.3,120.5,56.0,157.75,159.0,0.28234,67.5,-0.4155,False
TSLA,call,mid,Wed-0DTE,13:00,ITM,2026-02-11,2026-07-08,20,75.0,406,10.591,82.0,48.0,151.0,159.0,0.28234,67.5,-0.4155,False
TSLA,call,mid,Wed-0DTE,13:00,ITM,2026-02-11,2026-07-08,20,80.0,406,9.606,86.0,52.0,155.0,159.0,0.28234,67.5,-0.4155,False
TSLA,call,mid,Wed-0DTE,13:00,ITM,2026-02-11,2026-07-08,20,90.0,406,6.65,73.0,60.5,146.5,159.0,0.28234,67.5,-0.4155,False
TSLA,call,mid,Wed-0DTE,13:00,ITM,2026-02-11,2026-07-08,20,100.0,406,5.665,74.0,61.0,147.5,154.0,0.28234,67.5,-0.4155,False
TSLA,call,market,Wed-0DTE,13:00,ITM,2026-02-11,2026-07-08,20,20.0,406,59.852,48.0,22.0,74.0,154.0,0.25137,67.5,-0.42798,False
TSLA,call,market,Wed-0DTE,13:00,ITM,2026-02-11,2026-07-08,20,25.0,406,50.739,53.0,26.25,102.75,154.0,0.25137,67.5,-0.42798,False
TSLA,call,market,Wed-0DTE,13:00,ITM,2026-02-11,2026-07-08,20,30.0,406,40.887,57.5,32.0,124.75,157.5,0.25137,67.5,-0.42798,False
TSLA,call,market,Wed-0DTE,13:00,ITM,2026-02-11,2026-07-08,20,40.0,406,28.325,70.0,43.0,150.5,159.0,0.25137,67.5,-0.42798,False
TSLA,call,market,Wed-0DTE,13:00,ITM,2026-02-11,2026-07-08,20,50.0,406,20.69,80.0,51.75,150.25,159.0,0.25137,67.5,-0.42798,False
TSLA,call,market,Wed-0DTE,13:00,ITM,2026-02-11,2026-07-08,20,60.0,406,15.517,86.0,52.0,150.0,159.0,0.25137,67.5,-0.42798,False
TSLA,call,market,Wed-0DTE,13:00,ITM,2026-02-11,2026-07-08,20,70.0,406,11.084,84.0,50.0,154.0,159.0,0.25137,67.5,-0.42798,False
TSLA,call,market,Wed-0DTE,13:00,ITM,2026-02-11,2026-07-08,20,75.0,406,9.606,82.0,52.0,155.0,159.0,0.25137,67.5,-0.42798,False
TSLA,call,market,Wed-0DTE,13:00,ITM,2026-02-11,2026-07-08,20,80.0,406,8.374,84.5,52.75,148.5,159.0,0.25137,67.5,-0.42798,False
TSLA,call,market,Wed-0DTE,13:00,ITM,2026-02-11,2026-07-08,20,90.0,406,6.65,82.0,60.5,151.5,157.0,0.25137,67.5,-0.42798,False
TSLA,call,market,Wed-0DTE,13:00,ITM,2026-02-11,2026-07-08,20,100.0,406,5.172,77.0,66.0,141.0,154.0,0.25137,67.5,-0.42798,False
TSLA,call,mid,Wed-0DTE,13:30,ITM,2026-02-11,2026-07-08,20,20.0,385,63.117,35.0,18.0,108.0,129.0,0.26957,105.0,-0.31935,False
TSLA,call,mid,Wed-0DTE,13:30,ITM,2026-02-11,2026-07-08,20,25.0,385,55.325,43.0,22.0,113.0,128.0,0.26957,105.0,-0.31935,False
TSLA,call,mid,Wed-0DTE,13:30,ITM,2026-02-11,2026-07-08,20,30.0,385,45.455,43.0,23.5,112.5,127.0,0.26957,105.0,-0.31935,False
TSLA,call,mid,Wed-0DTE,13:30,ITM,2026-02-11,2026-07-08,20,40.0,385,31.688,44.0,25.5,116.5,127.0,0.26957,105.0,-0.31935,False
TSLA,call,mid,Wed-0DTE,13:30,ITM,2026-02-11,2026-07-08,20,50.0,385,24.935,49.5,30.75,122.25,124.0,0.26957,105.0,-0.31935,False
TSLA,call,mid,Wed-0DTE,13:30,ITM,2026-02-11,2026-07-08,20,60.0,385,15.584,46.5,33.0,118.5,124.0,0.26957,105.0,-0.31935,False
TSLA,call,mid,Wed-0DTE,13:30,ITM,2026-02-11,2026-07-08,20,70.0,385,11.429,52.0,36.0,120.0,124.0,0.26957,105.0,-0.31935,False
TSLA,call,mid,Wed-0DTE,13:30,ITM,2026-02-11,2026-07-08,20,75.0,385,9.091,56.0,36.0,120.5,124.0,0.26957,105.0,-0.31935,False
TSLA,call,mid,Wed-0DTE,13:30,ITM,2026-02-11,2026-07-08,20,80.0,385,7.273,54.0,37.25,120.0,124.0,0.26957,105.0,-0.31935,False
TSLA,call,mid,Wed-0DTE,13:30,ITM,2026-02-11,2026-07-08,20,90.0,385,6.234,50.0,37.5,122.75,125.0,0.26957,105.0,-0.31935,False
TSLA,call,mid,Wed-0DTE,13:30,ITM,2026-02-11,2026-07-08,20,100.0,385,4.156,48.0,39.5,122.0,129.5,0.26957,105.0,-0.31935,False
TSLA,call,market,Wed-0DTE,13:30,ITM,2026-02-11,2026-07-08,20,20.0,385,59.221,40.0,21.0,112.25,129.0,0.24311,105.0,-0.33408,False
TSLA,call,market,Wed-0DTE,13:30,ITM,2026-02-11,2026-07-08,20,25.0,385,49.091,43.0,23.0,114.0,129.0,0.24311,105.0,-0.33408,False
TSLA,call,market,Wed-0DTE,13:30,ITM,2026-02-11,2026-07-08,20,30.0,385,41.558,42.5,25.0,114.25,128.0,0.24311,105.0,-0.33408,False
TSLA,call,market,Wed-0DTE,13:30,ITM,2026-02-11,2026-07-08,20,40.0,385,29.091,47.0,28.75,120.0,126.5,0.24311,105.0,-0.33408,False
TSLA,call,market,Wed-0DTE,13:30,ITM,2026-02-11,2026-07-08,20,50.0,385,21.039,51.0,31.0,122.0,124.0,0.24311,105.0,-0.33408,False
TSLA,call,market,Wed-0DTE,13:30,ITM,2026-02-11,2026-07-08,20,60.0,385,14.026,48.0,36.25,115.75,124.0,0.24311,105.0,-0.33408,False
TSLA,call,market,Wed-0DTE,13:30,ITM,2026-02-11,2026-07-08,20,70.0,385,9.351,49.5,35.75,120.25,124.0,0.24311,105.0,-0.33408,False
TSLA,call,market,Wed-0DTE,13:30,ITM,2026-02-11,2026-07-08,20,75.0,385,7.273,54.0,37.25,120.0,124.0,0.24311,105.0,-0.33408,False
TSLA,call,market,Wed-0DTE,13:30,ITM,2026-02-11,2026-07-08,20,80.0,385,7.013,57.0,39.5,123.5,124.0,0.24311,105.0,-0.33408,False
TSLA,call,market,Wed-0DTE,13:30,ITM,2026-02-11,2026-07-08,20,90.0,385,4.675,48.0,34.75,121.5,130.5,0.24311,105.0,-0.33408,False
TSLA,call,market,Wed-0DTE,13:30,ITM,2026-02-11,2026-07-08,20,100.0,385,3.636,104.5,41.5,127.75,132.0,0.24311,105.0,-0.33408,False
TSLA,call,mid,Wed-0DTE,14:00,ITM,2026-02-11,2026-07-08,20,20.0,406,60.099,44.0,13.0,81.0,99.0,0.25509,78.0,-0.26601,False
TSLA,call,mid,Wed-0DTE,14:00,ITM,2026-02-11,2026-07-08,20,25.0,406,50.493,47.0,15.0,90.0,99.0,0.25509,78.0,-0.26601,False
TSLA,call,mid,Wed-0DTE,14:00,ITM,2026-02-11,2026-07-08,20,30.0,406,43.596,53.0,18.0,92.0,99.0,0.25509,78.0,-0.26601,False
TSLA,call,mid,Wed-0DTE,14:00,ITM,2026-02-11,2026-07-08,20,40.0,406,32.512,73.5,34.0,95.0,99.0,0.25509,78.0,-0.26601,False
TSLA,call,mid,Wed-0DTE,14:00,ITM,2026-02-11,2026-07-08,20,50.0,406,23.645,80.5,36.75,97.25,99.0,0.25509,78.0,-0.26601,False
TSLA,call,mid,Wed-0DTE,14:00,ITM,2026-02-11,2026-07-08,20,60.0,406,16.995,84.0,41.0,100.0,99.0,0.25509,78.0,-0.26601,False
TSLA,call,mid,Wed-0DTE,14:00,ITM,2026-02-11,2026-07-08,20,70.0,406,13.3,80.0,39.75,95.0,95.5,0.25509,78.0,-0.26601,False
TSLA,call,mid,Wed-0DTE,14:00,ITM,2026-02-11,2026-07-08,20,75.0,406,10.345,83.0,43.25,95.0,95.0,0.25509,78.0,-0.26601,False
TSLA,call,mid,Wed-0DTE,14:00,ITM,2026-02-11,2026-07-08,20,80.0,406,8.621,80.0,40.5,98.0,95.0,0.25509,78.0,-0.26601,False
TSLA,call,mid,Wed-0DTE,14:00,ITM,2026-02-11,2026-07-08,20,90.0,406,6.65,80.0,49.5,95.5,94.0,0.25509,78.0,-0.26601,False
TSLA,call,mid,Wed-0DTE,14:00,ITM,2026-02-11,2026-07-08,20,100.0,406,4.68,90.0,69.0,98.5,94.0,0.25509,78.0,-0.26601,False
TSLA,call,market,Wed-0DTE,14:00,ITM,2026-02-11,2026-07-08,20,20.0,406,53.941,46.0,15.0,86.0,99.0,0.22681,78.0,-0.28692,False
TSLA,call,market,Wed-0DTE,14:00,ITM,2026-02-11,2026-07-08,20,25.0,406,46.798,56.0,18.5,91.0,99.0,0.22681,78.0,-0.28692,False
TSLA,call,market,Wed-0DTE,14:00,ITM,2026-02-11,2026-07-08,20,30.0,406,40.64,59.0,26.0,92.0,99.0,0.22681,78.0,-0.28692,False
TSLA,call,market,Wed-0DTE,14:00,ITM,2026-02-11,2026-07-08,20,40.0,406,29.557,78.0,34.0,96.0,99.0,0.22681,78.0,-0.28692,False
TSLA,call,market,Wed-0DTE,14:00,ITM,2026-02-11,2026-07-08,20,50.0,406,21.429,84.0,39.0,99.5,99.0,0.22681,78.0,-0.28692,False
TSLA,call,market,Wed-0DTE,14:00,ITM,2026-02-11,2026-07-08,20,60.0,406,15.517,84.0,44.0,100.0,99.0,0.22681,78.0,-0.28692,False
TSLA,call,market,Wed-0DTE,14:00,ITM,2026-02-11,2026-07-08,20,70.0,406,10.591,82.0,45.0,95.0,94.0,0.22681,78.0,-0.28692,False
TSLA,call,market,Wed-0DTE,14:00,ITM,2026-02-11,2026-07-08,20,75.0,406,8.867,81.5,42.5,100.25,97.5,0.22681,78.0,-0.28692,False
TSLA,call,market,Wed-0DTE,14:00,ITM,2026-02-11,2026-07-08,20,80.0,406,7.143,81.0,44.0,96.0,94.0,0.22681,78.0,-0.28692,False
TSLA,call,market,Wed-0DTE,14:00,ITM,2026-02-11,2026-07-08,20,90.0,406,5.419,85.5,61.25,94.75,94.0,0.22681,78.0,-0.28692,False
TSLA,call,market,Wed-0DTE,14:00,ITM,2026-02-11,2026-07-08,20,100.0,406,4.187,90.0,78.0,104.0,94.0,0.22681,78.0,-0.28692,False
TSLA,call,mid,Wed-0DTE,14:30,ITM,2026-02-11,2026-07-08,20,20.0,364,53.297,31.0,12.25,61.0,72.5,0.22857,55.5,-0.19756,False
TSLA,call,mid,Wed-0DTE,14:30,ITM,2026-02-11,2026-07-08,20,25.0,364,47.253,38.5,15.0,65.0,71.0,0.22857,55.5,-0.19756,False
TSLA,call,mid,Wed-0DTE,14:30,ITM,2026-02-11,2026-07-08,20,30.0,364,39.286,39.0,15.0,66.5,72.0,0.22857,55.5,-0.19756,False
TSLA,call,mid,Wed-0DTE,14:30,ITM,2026-02-11,2026-07-08,20,40.0,364,29.396,47.0,24.0,66.0,69.0,0.22857,55.5,-0.19756,False
TSLA,call,mid,Wed-0DTE,14:30,ITM,2026-02-11,2026-07-08,20,50.0,364,20.879,51.5,30.75,68.25,69.0,0.22857,55.5,-0.19756,False
TSLA,call,mid,Wed-0DTE,14:30,ITM,2026-02-11,2026-07-08,20,60.0,364,16.758,57.0,37.0,69.0,69.0,0.22857,55.5,-0.19756,False
TSLA,call,mid,Wed-0DTE,14:30,ITM,2026-02-11,2026-07-08,20,70.0,364,12.363,59.0,43.0,70.0,69.0,0.22857,55.5,-0.19756,False
TSLA,call,mid,Wed-0DTE,14:30,ITM,2026-02-11,2026-07-08,20,75.0,364,10.989,59.5,41.75,70.0,68.5,0.22857,55.5,-0.19756,False
TSLA,call,mid,Wed-0DTE,14:30,ITM,2026-02-11,2026-07-08,20,80.0,364,9.066,60.0,41.0,70.0,69.0,0.22857,55.5,-0.19756,False
TSLA,call,mid,Wed-0DTE,14:30,ITM,2026-02-11,2026-07-08,20,90.0,364,7.143,60.0,43.0,70.75,69.0,0.22857,55.5,-0.19756,False
TSLA,call,mid,Wed-0DTE,14:30,ITM,2026-02-11,2026-07-08,20,100.0,364,5.495,59.0,51.25,70.25,69.0,0.22857,55.5,-0.19756,False
TSLA,call,market,Wed-0DTE,14:30,ITM,2026-02-11,2026-07-08,20,20.0,364,50.275,35.0,14.0,61.5,71.0,0.20424,55.5,-0.22121,False
TSLA,call,market,Wed-0DTE,14:30,ITM,2026-02-11,2026-07-08,20,25.0,364,42.582,44.0,15.5,66.0,72.0,0.20424,55.5,-0.22121,False
TSLA,call,market,Wed-0DTE,14:30,ITM,2026-02-11,2026-07-08,20,30.0,364,34.89,39.0,20.0,65.0,72.0,0.20424,55.5,-0.22121,False
TSLA,call,market,Wed-0DTE,14:30,ITM,2026-02-11,2026-07-08,20,40.0,364,26.923,50.5,25.0,65.0,69.0,0.20424,55.5,-0.22121,False
TSLA,call,market,Wed-0DTE,14:30,ITM,2026-02-11,2026-07-08,20,50.0,364,18.956,52.0,30.0,67.0,69.0,0.20424,55.5,-0.22121,False
TSLA,call,market,Wed-0DTE,14:30,ITM,2026-02-11,2026-07-08,20,60.0,364,16.209,59.0,43.5,69.0,69.0,0.20424,55.5,-0.22121,False
TSLA,call,market,Wed-0DTE,14:30,ITM,2026-02-11,2026-07-08,20,70.0,364,11.538,59.5,43.25,70.0,68.5,0.20424,55.5,-0.22121,False
TSLA,call,market,Wed-0DTE,14:30,ITM,2026-02-11,2026-07-08,20,75.0,364,8.791,60.0,40.5,70.0,69.0,0.20424,55.5,-0.22121,False
TSLA,call,market,Wed-0DTE,14:30,ITM,2026-02-11,2026-07-08,20,80.0,364,8.791,61.0,42.25,71.25,69.0,0.20424,55.5,-0.22121,False
TSLA,call,market,Wed-0DTE,14:30,ITM,2026-02-11,2026-07-08,20,90.0,364,5.769,58.0,49.0,70.0,69.0,0.20424,55.5,-0.22121,False
TSLA,call,market,Wed-0DTE,14:30,ITM,2026-02-11,2026-07-08,20,100.0,364,4.67,61.0,56.0,77.0,69.0,0.20424,55.5,-0.22121,False
TSLA,call,mid,Wed-0DTE,15:00,ITM,2026-02-11,2026-07-08,20,20.0,398,46.985,21.0,10.0,35.5,42.0,0.17993,31.0,-0.15145,False
TSLA,call,mid,Wed-0DTE,15:00,ITM,2026-02-11,2026-07-08,20,25.0,398,40.201,28.0,11.0,39.25,43.0,0.17993,31.0,-0.15145,False
TSLA,call,mid,Wed-0DTE,15:00,ITM,2026-02-11,2026-07-08,20,30.0,398,31.156,26.5,12.0,38.0,43.5,0.17993,31.0,-0.15145,False
TSLA,call,mid,Wed-0DTE,15:00,ITM,2026-02-11,2026-07-08,20,40.0,398,21.608,30.5,17.5,40.0,44.0,0.17993,31.0,-0.15145,False
TSLA,call,mid,Wed-0DTE,15:00,ITM,2026-02-11,2026-07-08,20,50.0,398,14.824,30.0,19.5,40.0,44.0,0.17993,31.0,-0.15145,False
TSLA,call,mid,Wed-0DTE,15:00,ITM,2026-02-11,2026-07-08,20,60.0,398,12.312,30.0,24.0,40.0,44.0,0.17993,31.0,-0.15145,False
TSLA,call,mid,Wed-0DTE,15:00,ITM,2026-02-11,2026-07-08,20,70.0,398,10.05,36.0,30.0,45.25,45.0,0.17993,31.0,-0.15145,False
TSLA,call,mid,Wed-0DTE,15:00,ITM,2026-02-11,2026-07-08,20,75.0,398,9.045,37.0,30.0,45.0,43.0,0.17993,31.0,-0.15145,False
TSLA,call,mid,Wed-0DTE,15:00,ITM,2026-02-11,2026-07-08,20,80.0,398,7.538,39.0,30.25,45.0,43.0,0.17993,31.0,-0.15145,False
TSLA,call,mid,Wed-0DTE,15:00,ITM,2026-02-11,2026-07-08,20,90.0,398,5.276,39.0,34.0,49.0,47.0,0.17993,31.0,-0.15145,False
TSLA,call,mid,Wed-0DTE,15:00,ITM,2026-02-11,2026-07-08,20,100.0,398,3.769,40.0,33.5,45.0,45.0,0.17993,31.0,-0.15145,False
TSLA,call,market,Wed-0DTE,15:00,ITM,2026-02-11,2026-07-08,20,20.0,398,42.714,25.0,11.0,38.0,42.5,0.15615,31.0,-0.16949,False
TSLA,call,market,Wed-0DTE,15:00,ITM,2026-02-11,2026-07-08,20,25.0,398,35.93,28.0,12.5,39.0,43.0,0.15615,31.0,-0.16949,False
TSLA,call,market,Wed-0DTE,15:00,ITM,2026-02-11,2026-07-08,20,30.0,398,28.141,29.5,16.0,38.0,43.0,0.15615,31.0,-0.16949,False
TSLA,call,market,Wed-0DTE,15:00,ITM,2026-02-11,2026-07-08,20,40.0,398,19.347,32.0,20.0,42.0,44.0,0.15615,31.0,-0.16949,False
TSLA,call,market,Wed-0DTE,15:00,ITM,2026-02-11,2026-07-08,20,50.0,398,13.568,30.0,20.25,40.75,44.0,0.15615,31.0,-0.16949,False
TSLA,call,market,Wed-0DTE,15:00,ITM,2026-02-11,2026-07-08,20,60.0,398,10.804,32.0,27.0,42.5,44.0,0.15615,31.0,-0.16949,False
TSLA,call,market,Wed-0DTE,15:00,ITM,2026-02-11,2026-07-08,20,70.0,398,9.548,37.5,30.0,45.0,43.0,0.15615,31.0,-0.16949,False
TSLA,call,market,Wed-0DTE,15:00,ITM,2026-02-11,2026-07-08,20,75.0,398,7.789,39.0,30.5,46.0,42.0,0.15615,31.0,-0.16949,False
TSLA,call,market,Wed-0DTE,15:00,ITM,2026-02-11,2026-07-08,20,80.0,398,6.784,39.0,31.0,46.0,42.0,0.15615,31.0,-0.16949,False
TSLA,call,market,Wed-0DTE,15:00,ITM,2026-02-11,2026-07-08,20,90.0,398,4.02,37.5,33.75,45.0,44.0,0.15615,31.0,-0.16949,False
TSLA,call,market,Wed-0DTE,15:00,ITM,2026-02-11,2026-07-08,20,100.0,398,3.266,41.0,35.0,46.0,47.0,0.15615,31.0,-0.16949,False
TSLA,call,mid,Wed-0DTE,15:30,ITM,2026-02-11,2026-07-08,19,20.0,87,29.885,14.5,9.25,20.0,28.0,0.13305,19.0,-0.07358,False
TSLA,call,mid,Wed-0DTE,15:30,ITM,2026-02-11,2026-07-08,19,25.0,87,24.138,15.0,10.0,25.0,29.0,0.13305,19.0,-0.07358,False
TSLA,call,mid,Wed-0DTE,15:30,ITM,2026-02-11,2026-07-08,19,30.0,87,20.69,18.0,10.5,25.0,28.5,0.13305,19.0,-0.07358,False
TSLA,call,mid,Wed-0DTE,15:30,ITM,2026-02-11,2026-07-08,19,40.0,87,13.793,20.0,13.25,25.0,29.0,0.13305,19.0,-0.07358,False
TSLA,call,mid,Wed-0DTE,15:30,ITM,2026-02-11,2026-07-08,19,50.0,87,10.345,20.0,11.0,25.0,28.0,0.13305,19.0,-0.07358,False
TSLA,call,mid,Wed-0DTE,15:30,ITM,2026-02-11,2026-07-08,19,60.0,87,6.897,21.5,16.25,24.5,26.5,0.13305,19.0,-0.07358,False
TSLA,call,mid,Wed-0DTE,15:30,ITM,2026-02-11,2026-07-08,19,70.0,87,5.747,23.0,20.0,25.0,27.0,0.13305,19.0,-0.07358,False
TSLA,call,mid,Wed-0DTE,15:30,ITM,2026-02-11,2026-07-08,19,75.0,87,3.448,25.0,22.5,25.0,26.0,0.13305,19.0,-0.07358,False
TSLA,call,mid,Wed-0DTE,15:30,ITM,2026-02-11,2026-07-08,19,80.0,87,3.448,25.0,22.5,25.0,26.0,0.13305,19.0,-0.07358,False
TSLA,call,mid,Wed-0DTE,15:30,ITM,2026-02-11,2026-07-08,19,90.0,87,2.299,22.5,21.25,23.75,26.0,0.13305,19.0,-0.07358,False
TSLA,call,mid,Wed-0DTE,15:30,ITM,2026-02-11,2026-07-08,19,100.0,87,2.299,23.0,22.0,24.0,25.0,0.13305,19.0,-0.07358,False
TSLA,call,market,Wed-0DTE,15:30,ITM,2026-02-11,2026-07-08,19,20.0,87,24.138,12.0,9.0,20.0,29.0,0.10835,19.0,-0.09193,False
TSLA,call,market,Wed-0DTE,15:30,ITM,2026-02-11,2026-07-08,19,25.0,87,20.69,18.0,10.5,25.0,28.5,0.10835,19.0,-0.09193,False
TSLA,call,market,Wed-0DTE,15:30,ITM,2026-02-11,2026-07-08,19,30.0,87,18.391,17.5,11.5,25.0,28.0,0.10835,19.0,-0.09193,False
TSLA,call,market,Wed-0DTE,15:30,ITM,2026-02-11,2026-07-08,19,40.0,87,12.644,20.0,12.5,23.5,29.0,0.10835,19.0,-0.09193,False
TSLA,call,market,Wed-0DTE,15:30,ITM,2026-02-11,2026-07-08,19,50.0,87,9.195,21.5,14.0,25.0,27.5,0.10835,19.0,-0.09193,False
TSLA,call,market,Wed-0DTE,15:30,ITM,2026-02-11,2026-07-08,19,60.0,87,5.747,23.0,20.0,25.0,28.0,0.10835,19.0,-0.09193,False
TSLA,call,market,Wed-0DTE,15:30,ITM,2026-02-11,2026-07-08,19,70.0,87,4.598,25.0,23.75,26.0,27.5,0.10835,19.0,-0.09193,False
TSLA,call,market,Wed-0DTE,15:30,ITM,2026-02-11,2026-07-08,19,75.0,87,3.448,25.0,22.5,25.0,26.0,0.10835,19.0,-0.09193,False
TSLA,call,market,Wed-0DTE,15:30,ITM,2026-02-11,2026-07-08,19,80.0,87,2.299,22.5,21.25,23.75,26.5,0.10835,19.0,-0.09193,False
TSLA,call,market,Wed-0DTE,15:30,ITM,2026-02-11,2026-07-08,19,90.0,87,2.299,23.0,22.0,24.0,25.0,0.10835,19.0,-0.09193,False
TSLA,call,market,Wed-0DTE,15:30,ITM,2026-02-11,2026-07-08,19,100.0,87,1.149,25.0,25.0,25.0,29.0,0.10835,19.0,-0.09193,False
TSLA,call,mid,Wed-0DTE,10:00,ATM,2026-02-11,2026-07-08,20,20.0,117,78.632,7.0,3.0,23.0,289.0,0.6549,71.0,-0.90113,False
TSLA,call,mid,Wed-0DTE,10:00,ATM,2026-02-11,2026-07-08,20,25.0,117,76.923,11.0,5.0,31.75,288.5,0.6549,71.0,-0.90113,False
TSLA,call,mid,Wed-0DTE,10:00,ATM,2026-02-11,2026-07-08,20,30.0,117,72.65,14.0,6.0,35.0,292.0,0.6549,71.0,-0.90113,False
TSLA,call,mid,Wed-0DTE,10:00,ATM,2026-02-11,2026-07-08,20,40.0,117,64.103,16.0,6.5,44.5,298.0,0.6549,71.0,-0.90113,False
TSLA,call,mid,Wed-0DTE,10:00,ATM,2026-02-11,2026-07-08,20,50.0,117,60.684,22.0,8.5,51.0,333.0,0.6549,71.0,-0.90113,False
TSLA,call,mid,Wed-0DTE,10:00,ATM,2026-02-11,2026-07-08,20,60.0,117,55.556,27.0,11.0,62.0,334.0,0.6549,71.0,-0.90113,False
TSLA,call,mid,Wed-0DTE,10:00,ATM,2026-02-11,2026-07-08,20,70.0,117,47.009,30.0,14.0,72.5,338.0,0.6549,71.0,-0.90113,False
TSLA,call,mid,Wed-0DTE,10:00,ATM,2026-02-11,2026-07-08,20,75.0,117,47.009,35.0,14.0,93.0,338.0,0.6549,71.0,-0.90113,False
TSLA,call,mid,Wed-0DTE,10:00,ATM,2026-02-11,2026-07-08,20,80.0,117,45.299,36.0,16.0,111.0,339.0,0.6549,71.0,-0.90113,False
TSLA,call,mid,Wed-0DTE,10:00,ATM,2026-02-11,2026-07-08,20,90.0,117,45.299,36.0,18.0,131.0,338.0,0.6549,71.0,-0.90113,False
TSLA,call,mid,Wed-0DTE,10:00,ATM,2026-02-11,2026-07-08,20,100.0,117,44.444,37.5,18.75,134.25,334.0,0.6549,71.0,-0.90113,False
TSLA,call,market,Wed-0DTE,10:00,ATM,2026-02-11,2026-07-08,20,20.0,117,76.923,10.0,5.0,28.0,288.5,0.60331,71.0,-0.91643,False
TSLA,call,market,Wed-0DTE,10:00,ATM,2026-02-11,2026-07-08,20,25.0,117,72.65,13.0,5.0,33.0,292.0,0.60331,71.0,-0.91643,False
TSLA,call,market,Wed-0DTE,10:00,ATM,2026-02-11,2026-07-08,20,30.0,117,70.94,16.0,6.0,37.5,283.0,0.60331,71.0,-0.91643,False
TSLA,call,market,Wed-0DTE,10:00,ATM,2026-02-11,2026-07-08,20,40.0,117,63.248,20.0,7.0,50.75,293.5,0.60331,71.0,-0.91643,False
TSLA,call,market,Wed-0DTE,10:00,ATM,2026-02-11,2026-07-08,20,50.0,117,58.974,25.0,11.0,52.0,334.0,0.60331,71.0,-0.91643,False
TSLA,call,market,Wed-0DTE,10:00,ATM,2026-02-11,2026-07-08,20,60.0,117,50.427,28.0,11.0,61.0,334.0,0.60331,71.0,-0.91643,False
TSLA,call,market,Wed-0DTE,10:00,ATM,2026-02-11,2026-07-08,20,70.0,117,47.009,35.0,14.0,93.0,338.0,0.60331,71.0,-0.91643,False
TSLA,call,market,Wed-0DTE,10:00,ATM,2026-02-11,2026-07-08,20,75.0,117,45.299,36.0,13.0,111.0,339.0,0.60331,71.0,-0.91643,False
TSLA,call,market,Wed-0DTE,10:00,ATM,2026-02-11,2026-07-08,20,80.0,117,45.299,36.0,18.0,121.0,338.0,0.60331,71.0,-0.91643,False
TSLA,call,market,Wed-0DTE,10:00,ATM,2026-02-11,2026-07-08,20,90.0,117,44.444,37.5,18.75,131.5,334.0,0.60331,71.0,-0.91643,False
TSLA,call,market,Wed-0DTE,10:00,ATM,2026-02-11,2026-07-08,20,100.0,117,44.444,37.5,20.0,134.5,334.0,0.60331,71.0,-0.91643,False
TSLA,call,mid,Wed-0DTE,10:30,ATM,2026-02-11,2026-07-08,20,20.0,114,78.07,10.0,5.0,24.0,222.0,0.64712,50.5,-0.97868,False
TSLA,call,mid,Wed-0DTE,10:30,ATM,2026-02-11,2026-07-08,20,25.0,114,74.561,12.0,6.0,47.0,223.0,0.64712,50.5,-0.97868,False
TSLA,call,mid,Wed-0DTE,10:30,ATM,2026-02-11,2026-07-08,20,30.0,114,66.667,12.0,6.0,35.25,227.5,0.64712,50.5,-0.97868,False
TSLA,call,mid,Wed-0DTE,10:30,ATM,2026-02-11,2026-07-08,20,40.0,114,64.912,22.5,11.25,61.25,225.0,0.64712,50.5,-0.97868,False
TSLA,call,mid,Wed-0DTE,10:30,ATM,2026-02-11,2026-07-08,20,50.0,114,57.895,23.0,11.25,61.5,224.5,0.64712,50.5,-0.97868,False
TSLA,call,mid,Wed-0DTE,10:30,ATM,2026-02-11,2026-07-08,20,60.0,114,50.877,27.0,16.0,75.75,233.0,0.64712,50.5,-0.97868,False
TSLA,call,mid,Wed-0DTE,10:30,ATM,2026-02-11,2026-07-08,20,70.0,114,46.491,36.0,22.0,77.0,230.0,0.64712,50.5,-0.97868,False
TSLA,call,mid,Wed-0DTE,10:30,ATM,2026-02-11,2026-07-08,20,75.0,114,45.614,37.0,23.0,78.25,218.0,0.64712,50.5,-0.97868,False
TSLA,call,mid,Wed-0DTE,10:30,ATM,2026-02-11,2026-07-08,20,80.0,114,43.86,39.0,23.5,87.5,217.0,0.64712,50.5,-0.97868,False
TSLA,call,mid,Wed-0DTE,10:30,ATM,2026-02-11,2026-07-08,20,90.0,114,42.105,45.0,24.75,92.25,228.0,0.64712,50.5,-0.97868,False
TSLA,call,mid,Wed-0DTE,10:30,ATM,2026-02-11,2026-07-08,20,100.0,114,41.228,52.0,33.0,99.0,199.0,0.64712,50.5,-0.97868,False
TSLA,call,market,Wed-0DTE,10:30,ATM,2026-02-11,2026-07-08,20,20.0,114,75.439,12.0,6.0,49.25,222.5,0.57536,50.5,-1.0,False
TSLA,call,market,Wed-0DTE,10:30,ATM,2026-02-11,2026-07-08,20,25.0,114,67.544,13.0,6.0,39.0,225.0,0.57536,50.5,-1.0,False
TSLA,call,market,Wed-0DTE,10:30,ATM,2026-02-11,2026-07-08,20,30.0,114,66.667,13.5,7.75,55.25,222.0,0.57536,50.5,-1.0,False
TSLA,call,market,Wed-0DTE,10:30,ATM,2026-02-11,2026-07-08,20,40.0,114,60.526,22.0,11.0,60.0,221.0,0.57536,50.5,-1.0,False
TSLA,call,market,Wed-0DTE,10:30,ATM,2026-02-11,2026-07-08,20,50.0,114,55.263,26.0,14.5,61.0,220.0,0.57536,50.5,-1.0,False
TSLA,call,market,Wed-0DTE,10:30,ATM,2026-02-11,2026-07-08,20,60.0,114,50.0,32.0,17.0,76.0,232.0,0.57536,50.5,-1.0,False
TSLA,call,market,Wed-0DTE,10:30,ATM,2026-02-11,2026-07-08,20,70.0,114,45.614,37.0,23.0,82.25,218.0,0.57536,50.5,-1.0,False
TSLA,call,market,Wed-0DTE,10:30,ATM,2026-02-11,2026-07-08,20,75.0,114,43.86,39.0,23.75,87.5,217.0,0.57536,50.5,-1.0,False
TSLA,call,market,Wed-0DTE,10:30,ATM,2026-02-11,2026-07-08,20,80.0,114,42.105,40.5,24.5,91.5,229.0,0.57536,50.5,-1.0,False
TSLA,call,market,Wed-0DTE,10:30,ATM,2026-02-11,2026-07-08,20,90.0,114,42.105,47.5,27.0,96.0,212.5,0.57536,50.5,-1.0,False
TSLA,call,market,Wed-0DTE,10:30,ATM,2026-02-11,2026-07-08,20,100.0,114,40.351,77.5,38.0,150.75,196.5,0.57536,50.5,-1.0,False
TSLA,call,mid,Wed-0DTE,12:00,ATM,2026-02-11,2026-07-08,19,20.0,111,62.162,12.0,5.0,28.0,142.0,0.32105,23.0,-0.97368,False
TSLA,call,mid,Wed-0DTE,12:00,ATM,2026-02-11,2026-07-08,19,25.0,111,55.856,14.5,7.25,34.75,171.5,0.32105,23.0,-0.97368,False
TSLA,call,mid,Wed-0DTE,12:00,ATM,2026-02-11,2026-07-08,19,30.0,111,53.153,15.0,9.0,46.0,180.0,0.32105,23.0,-0.97368,False
TSLA,call,mid,Wed-0DTE,12:00,ATM,2026-02-11,2026-07-08,19,40.0,111,44.144,19.0,9.0,51.0,205.0,0.32105,23.0,-0.97368,False
TSLA,call,mid,Wed-0DTE,12:00,ATM,2026-02-11,2026-07-08,19,50.0,111,37.838,21.0,13.25,69.0,204.0,0.32105,23.0,-0.97368,False
TSLA,call,mid,Wed-0DTE,12:00,ATM,2026-02-11,2026-07-08,19,60.0,111,27.928,21.0,16.0,74.0,210.0,0.32105,23.0,-0.97368,False
TSLA,call,mid,Wed-0DTE,12:00,ATM,2026-02-11,2026-07-08,19,70.0,111,25.225,22.0,16.0,133.5,212.0,0.32105,23.0,-0.97368,False
TSLA,call,mid,Wed-0DTE,12:00,ATM,2026-02-11,2026-07-08,19,75.0,111,23.423,24.0,19.25,117.75,214.0,0.32105,23.0,-0.97368,False
TSLA,call,mid,Wed-0DTE,12:00,ATM,2026-02-11,2026-07-08,19,80.0,111,21.622,24.5,18.75,113.5,216.0,0.32105,23.0,-0.97368,False
TSLA,call,mid,Wed-0DTE,12:00,ATM,2026-02-11,2026-07-08,19,90.0,111,18.919,55.0,25.0,143.0,219.0,0.32105,23.0,-0.97368,False
TSLA,call,mid,Wed-0DTE,12:00,ATM,2026-02-11,2026-07-08,19,100.0,111,17.117,60.0,26.0,138.0,218.0,0.32105,23.0,-0.97368,False
TSLA,call,market,Wed-0DTE,12:00,ATM,2026-02-11,2026-07-08,19,20.0,111,55.856,15.0,8.0,36.0,180.5,0.26154,23.0,-1.0,False
TSLA,call,market,Wed-0DTE,12:00,ATM,2026-02-11,2026-07-08,19,25.0,111,51.351,15.0,9.0,46.0,185.0,0.26154,23.0,-1.0,False
TSLA,call,market,Wed-0DTE,12:00,ATM,2026-02-11,2026-07-08,19,30.0,111,47.748,15.0,9.0,36.0,204.0,0.26154,23.0,-1.0,False
TSLA,call,market,Wed-0DTE,12:00,ATM,2026-02-11,2026-07-08,19,40.0,111,38.739,21.0,12.0,68.0,205.0,0.26154,23.0,-1.0,False
TSLA,call,market,Wed-0DTE,12:00,ATM,2026-02-11,2026-07-08,19,50.0,111,29.73,21.0,15.0,71.0,204.0,0.26154,23.0,-1.0,False
TSLA,call,market,Wed-0DTE,12:00,ATM,2026-02-11,2026-07-08,19,60.0,111,25.225,21.5,16.0,129.75,212.0,0.26154,23.0,-1.0,False
TSLA,call,market,Wed-0DTE,12:00,ATM,2026-02-11,2026-07-08,19,70.0,111,22.523,25.0,19.0,121.0,214.0,0.26154,23.0,-1.0,False
TSLA,call,market,Wed-0DTE,12:00,ATM,2026-02-11,2026-07-08,19,75.0,111,21.622,42.5,21.75,113.5,216.0,0.26154,23.0,-1.0,False
TSLA,call,market,Wed-0DTE,12:00,ATM,2026-02-11,2026-07-08,19,80.0,111,21.622,54.0,23.5,126.5,216.0,0.26154,23.0,-1.0,False
TSLA,call,market,Wed-0DTE,12:00,ATM,2026-02-11,2026-07-08,19,90.0,111,18.018,57.5,25.25,135.5,218.5,0.26154,23.0,-1.0,False
TSLA,call,market,Wed-0DTE,12:00,ATM,2026-02-11,2026-07-08,19,100.0,111,17.117,66.0,28.0,158.5,218.0,0.26154,23.0,-1.0,False
TSLA,call,mid,Wed-0DTE,13:00,ATM,2026-02-11,2026-07-08,19,20.0,109,77.064,16.5,6.0,28.0,66.5,0.40496,45.0,-0.89759,False
TSLA,call,mid,Wed-0DTE,13:00,ATM,2026-02-11,2026-07-08,19,25.0,109,72.477,17.0,8.0,31.0,68.0,0.40496,45.0,-0.89759,False
TSLA,call,mid,Wed-0DTE,13:00,ATM,2026-02-11,2026-07-08,19,30.0,109,66.972,22.0,11.0,37.0,96.0,0.40496,45.0,-0.89759,False
TSLA,call,mid,Wed-0DTE,13:00,ATM,2026-02-11,2026-07-08,19,40.0,109,52.294,26.0,15.0,53.0,150.0,0.40496,45.0,-0.89759,False
TSLA,call,mid,Wed-0DTE,13:00,ATM,2026-02-11,2026-07-08,19,50.0,109,44.037,34.5,18.5,59.75,154.0,0.40496,45.0,-0.89759,False
TSLA,call,mid,Wed-0DTE,13:00,ATM,2026-02-11,2026-07-08,19,60.0,109,38.532,50.0,27.75,90.5,156.5,0.40496,45.0,-0.89759,False
TSLA,call,mid,Wed-0DTE,13:00,ATM,2026-02-11,2026-07-08,19,70.0,109,31.193,51.0,29.25,131.25,159.0,0.40496,45.0,-0.89759,False
TSLA,call,mid,Wed-0DTE,13:00,ATM,2026-02-11,2026-07-08,19,75.0,109,31.193,58.0,37.25,150.75,159.0,0.40496,45.0,-0.89759,False
TSLA,call,mid,Wed-0DTE,13:00,ATM,2026-02-11,2026-07-08,19,80.0,109,30.275,60.0,40.0,151.0,159.0,0.40496,45.0,-0.89759,False
TSLA,call,mid,Wed-0DTE,13:00,ATM,2026-02-11,2026-07-08,19,90.0,109,27.523,76.5,44.75,153.75,161.0,0.40496,45.0,-0.89759,False
TSLA,call,mid,Wed-0DTE,13:00,ATM,2026-02-11,2026-07-08,19,100.0,109,21.101,58.0,39.0,125.5,159.0,0.40496,45.0,-0.89759,False
TSLA,call,market,Wed-0DTE,13:00,ATM,2026-02-11,2026-07-08,19,20.0,109,69.725,19.0,9.75,30.5,82.0,0.34104,45.0,-0.92982,False
TSLA,call,market,Wed-0DTE,13:00,ATM,2026-02-11,2026-07-08,19,25.0,109,63.303,22.0,12.0,37.0,101.0,0.34104,45.0,-0.92982,False
TSLA,call,market,Wed-0DTE,13:00,ATM,2026-02-11,2026-07-08,19,30.0,109,57.798,23.0,15.0,46.0,124.0,0.34104,45.0,-0.92982,False
TSLA,call,market,Wed-0DTE,13:00,ATM,2026-02-11,2026-07-08,19,40.0,109,45.872,31.5,17.5,56.25,154.0,0.34104,45.0,-0.92982,False
TSLA,call,market,Wed-0DTE,13:00,ATM,2026-02-11,2026-07-08,19,50.0,109,38.532,46.0,26.25,84.75,156.5,0.34104,45.0,-0.92982,False
TSLA,call,market,Wed-0DTE,13:00,ATM,2026-02-11,2026-07-08,19,60.0,109,33.028,53.5,34.5,147.25,159.0,0.34104,45.0,-0.92982,False
TSLA,call,market,Wed-0DTE,13:00,ATM,2026-02-11,2026-07-08,19,70.0,109,30.275,57.0,40.0,151.0,159.0,0.34104,45.0,-0.92982,False
TSLA,call,market,Wed-0DTE,13:00,ATM,2026-02-11,2026-07-08,19,75.0,109,29.358,69.5,44.75,151.25,159.0,0.34104,45.0,-0.92982,False
TSLA,call,market,Wed-0DTE,13:00,ATM,2026-02-11,2026-07-08,19,80.0,109,28.44,82.0,45.5,153.5,159.0,0.34104,45.0,-0.92982,False
TSLA,call,market,Wed-0DTE,13:00,ATM,2026-02-11,2026-07-08,19,90.0,109,22.018,60.5,39.0,138.5,161.0,0.34104,45.0,-0.92982,False
TSLA,call,market,Wed-0DTE,13:00,ATM,2026-02-11,2026-07-08,19,100.0,109,18.349,54.0,42.75,84.75,159.0,0.34104,45.0,-0.92982,False
TSLA,call,mid,Wed-0DTE,10:00,OTM1,2026-02-11,2026-07-08,20,20.0,110,74.545,6.0,3.0,14.0,221.5,0.69248,55.0,-0.97449,False
TSLA,call,mid,Wed-0DTE,10:00,OTM1,2026-02-11,2026-07-08,20,25.0,110,70.0,7.0,3.0,18.0,224.0,0.69248,55.0,-0.97449,False
TSLA,call,mid,Wed-0DTE,10:00,OTM1,2026-02-11,2026-07-08,20,30.0,110,67.273,11.5,5.0,32.0,229.0,0.69248,55.0,-0.97449,False
TSLA,call,mid,Wed-0DTE,10:00,OTM1,2026-02-11,2026-07-08,20,40.0,110,62.727,14.0,6.0,42.0,239.0,0.69248,55.0,-0.97449,False
TSLA,call,mid,Wed-0DTE,10:00,OTM1,2026-02-11,2026-07-08,20,50.0,110,56.364,15.5,6.0,47.0,301.0,0.69248,55.0,-0.97449,False
TSLA,call,mid,Wed-0DTE,10:00,OTM1,2026-02-11,2026-07-08,20,60.0,110,53.636,18.0,8.0,49.5,307.0,0.69248,55.0,-0.97449,False
TSLA,call,mid,Wed-0DTE,10:00,OTM1,2026-02-11,2026-07-08,20,70.0,110,49.091,19.5,8.25,58.5,334.0,0.69248,55.0,-0.97449,False
TSLA,call,mid,Wed-0DTE,10:00,OTM1,2026-02-11,2026-07-08,20,75.0,110,48.182,22.0,10.0,75.0,334.0,0.69248,55.0,-0.97449,False
TSLA,call,mid,Wed-0DTE,10:00,OTM1,2026-02-11,2026-07-08,20,80.0,110,46.364,27.0,10.0,95.5,334.0,0.69248,55.0,-0.97449,False
TSLA,call,mid,Wed-0DTE,10:00,OTM1,2026-02-11,2026-07-08,20,90.0,110,44.545,29.0,13.0,122.0,334.0,0.69248,55.0,-0.97449,False
TSLA,call,mid,Wed-0DTE,10:00,OTM1,2026-02-11,2026-07-08,20,100.0,110,42.727,34.0,15.0,134.5,334.0,0.69248,55.0,-0.97449,False
TSLA,call,market,Wed-0DTE,10:00,OTM1,2026-02-11,2026-07-08,20,20.0,110,69.091,9.0,4.0,22.25,224.5,0.61363,55.0,-1.0,False
TSLA,call,market,Wed-0DTE,10:00,OTM1,2026-02-11,2026-07-08,20,25.0,110,64.545,11.0,5.0,30.0,277.0,0.61363,55.0,-1.0,False
TSLA,call,market,Wed-0DTE,10:00,OTM1,2026-02-11,2026-07-08,20,30.0,110,64.545,12.0,5.0,35.0,233.0,0.61363,55.0,-1.0,False
TSLA,call,market,Wed-0DTE,10:00,OTM1,2026-02-11,2026-07-08,20,40.0,110,56.364,14.5,6.0,41.25,301.5,0.61363,55.0,-1.0,False
TSLA,call,market,Wed-0DTE,10:00,OTM1,2026-02-11,2026-07-08,20,50.0,110,54.545,17.5,7.75,48.75,301.0,0.61363,55.0,-1.0,False
TSLA,call,market,Wed-0DTE,10:00,OTM1,2026-02-11,2026-07-08,20,60.0,110,50.909,18.5,8.0,53.25,334.0,0.61363,55.0,-1.0,False
TSLA,call,market,Wed-0DTE,10:00,OTM1,2026-02-11,2026-07-08,20,70.0,110,48.182,23.0,10.0,80.0,334.0,0.61363,55.0,-1.0,False
TSLA,call,market,Wed-0DTE,10:00,OTM1,2026-02-11,2026-07-08,20,75.0,110,45.455,27.5,10.5,114.0,334.0,0.61363,55.0,-1.0,False
TSLA,call,market,Wed-0DTE,10:00,OTM1,2026-02-11,2026-07-08,20,80.0,110,44.545,29.0,12.0,121.0,334.0,0.61363,55.0,-1.0,False
TSLA,call,market,Wed-0DTE,10:00,OTM1,2026-02-11,2026-07-08,20,90.0,110,42.727,34.0,15.0,134.5,334.0,0.61363,55.0,-1.0,False
TSLA,call,market,Wed-0DTE,10:00,OTM1,2026-02-11,2026-07-08,20,100.0,110,41.818,32.5,16.25,135.5,332.5,0.61363,55.0,-1.0,False
TSLA,call,mid,Wed-0DTE,10:30,OTM1,2026-02-11,2026-07-08,19,20.0,99,72.727,8.0,3.0,24.75,139.5,0.5,39.0,-0.96809,False
TSLA,call,mid,Wed-0DTE,10:30,OTM1,2026-02-11,2026-07-08,19,25.0,99,67.677,10.0,5.0,49.0,156.0,0.5,39.0,-0.96809,False
TSLA,call,mid,Wed-0DTE,10:30,OTM1,2026-02-11,2026-07-08,19,30.0,99,60.606,12.0,6.0,62.75,196.5,0.5,39.0,-0.96809,False
TSLA,call,mid,Wed-0DTE,10:30,OTM1,2026-02-11,2026-07-08,19,40.0,99,56.566,18.5,9.75,60.75,206.0,0.5,39.0,-0.96809,False
TSLA,call,mid,Wed-0DTE,10:30,OTM1,2026-02-11,2026-07-08,19,50.0,99,51.515,21.0,11.0,65.5,194.0,0.5,39.0,-0.96809,False
TSLA,call,mid,Wed-0DTE,10:30,OTM1,2026-02-11,2026-07-08,19,60.0,99,45.455,22.0,11.0,75.0,200.0,0.5,39.0,-0.96809,False
TSLA,call,mid,Wed-0DTE,10:30,OTM1,2026-02-11,2026-07-08,19,70.0,99,41.414,32.0,16.0,82.0,200.0,0.5,39.0,-0.96809,False
TSLA,call,mid,Wed-0DTE,10:30,OTM1,2026-02-11,2026-07-08,19,75.0,99,41.414,37.0,22.0,88.0,190.0,0.5,39.0,-0.96809,False
TSLA,call,mid,Wed-0DTE,10:30,OTM1,2026-02-11,2026-07-08,19,80.0,99,39.394,40.0,22.5,96.0,194.0,0.5,39.0,-0.96809,False
TSLA,call,mid,Wed-0DTE,10:30,OTM1,2026-02-11,2026-07-08,19,90.0,99,38.384,53.5,25.75,96.75,196.5,0.5,39.0,-0.96809,False
TSLA,call,mid,Wed-0DTE,10:30,OTM1,2026-02-11,2026-07-08,19,100.0,99,37.374,57.0,25.0,105.0,194.0,0.5,39.0,-0.96809,False
TSLA,call,market,Wed-0DTE,10:30,OTM1,2026-02-11,2026-07-08,19,20.0,99,64.646,12.5,5.0,59.75,170.0,0.40594,39.0,-1.0,False
TSLA,call,market,Wed-0DTE,10:30,OTM1,2026-02-11,2026-07-08,19,25.0,99,57.576,12.0,6.0,60.0,204.0,0.40594,39.0,-1.0,False
TSLA,call,market,Wed-0DTE,10:30,OTM1,2026-02-11,2026-07-08,19,30.0,99,56.566,14.5,6.75,57.75,206.0,0.40594,39.0,-1.0,False
TSLA,call,market,Wed-0DTE,10:30,OTM1,2026-02-11,2026-07-08,19,40.0,99,51.515,21.0,10.5,65.5,194.0,0.40594,39.0,-1.0,False
TSLA,call,market,Wed-0DTE,10:30,OTM1,2026-02-11,2026-07-08,19,50.0,99,44.444,24.5,11.75,76.5,202.0,0.40594,39.0,-1.0,False
TSLA,call,market,Wed-0DTE,10:30,OTM1,2026-02-11,2026-07-08,19,60.0,99,41.414,32.0,16.0,82.0,205.0,0.40594,39.0,-1.0,False
TSLA,call,market,Wed-0DTE,10:30,OTM1,2026-02-11,2026-07-08,19,70.0,99,39.394,40.0,22.0,95.0,194.0,0.40594,39.0,-1.0,False
TSLA,call,market,Wed-0DTE,10:30,OTM1,2026-02-11,2026-07-08,19,75.0,99,38.384,41.5,23.25,96.75,196.5,0.40594,39.0,-1.0,False
TSLA,call,market,Wed-0DTE,10:30,OTM1,2026-02-11,2026-07-08,19,80.0,99,38.384,53.5,25.75,96.75,196.5,0.40594,39.0,-1.0,False
TSLA,call,market,Wed-0DTE,10:30,OTM1,2026-02-11,2026-07-08,19,90.0,99,37.374,56.0,25.0,105.0,194.0,0.40594,39.0,-1.0,False
TSLA,call,market,Wed-0DTE,10:30,OTM1,2026-02-11,2026-07-08,19,100.0,99,37.374,83.0,30.0,109.0,189.0,0.40594,39.0,-1.0,False
TSLA,call,mid,Wed-0DTE,11:00,ATM,2026-02-11,2026-07-08,19,20.0,104,76.923,11.0,5.0,30.25,212.5,0.42396,38.5,-0.97938,False
TSLA,call,mid,Wed-0DTE,11:00,ATM,2026-02-11,2026-07-08,19,25.0,104,70.192,14.0,6.0,44.0,235.0,0.42396,38.5,-0.97938,False
TSLA,call,mid,Wed-0DTE,11:00,ATM,2026-02-11,2026-07-08,19,30.0,104,65.385,19.0,9.0,45.25,240.5,0.42396,38.5,-0.97938,False
TSLA,call,mid,Wed-0DTE,11:00,ATM,2026-02-11,2026-07-08,19,40.0,104,53.846,32.0,13.75,55.5,261.5,0.42396,38.5,-0.97938,False
TSLA,call,mid,Wed-0DTE,11:00,ATM,2026-02-11,2026-07-08,19,50.0,104,43.269,32.0,15.0,51.0,274.0,0.42396,38.5,-0.97938,False
TSLA,call,mid,Wed-0DTE,11:00,ATM,2026-02-11,2026-07-08,19,60.0,104,39.423,37.0,18.0,59.0,274.0,0.42396,38.5,-0.97938,False
TSLA,call,mid,Wed-0DTE,11:00,ATM,2026-02-11,2026-07-08,19,70.0,104,36.538,45.5,25.25,140.0,276.5,0.42396,38.5,-0.97938,False
TSLA,call,mid,Wed-0DTE,11:00,ATM,2026-02-11,2026-07-08,19,75.0,104,34.615,46.0,24.5,91.5,276.5,0.42396,38.5,-0.97938,False
TSLA,call,mid,Wed-0DTE,11:00,ATM,2026-02-11,2026-07-08,19,80.0,104,29.808,49.0,34.5,70.0,275.0,0.42396,38.5,-0.97938,False
TSLA,call,mid,Wed-0DTE,11:00,ATM,2026-02-11,2026-07-08,19,90.0,104,28.846,51.0,33.25,67.25,274.0,0.42396,38.5,-0.97938,False
TSLA,call,mid,Wed-0DTE,11:00,ATM,2026-02-11,2026-07-08,19,100.0,104,26.923,52.5,38.0,143.25,272.0,0.42396,38.5,-0.97938,False
TSLA,call,market,Wed-0DTE,11:00,ATM,2026-02-11,2026-07-08,19,20.0,104,69.231,15.5,6.0,44.25,237.5,0.36591,38.5,-1.0,False
TSLA,call,market,Wed-0DTE,11:00,ATM,2026-02-11,2026-07-08,19,25.0,104,66.346,21.0,8.0,45.0,238.0,0.36591,38.5,-1.0,False
TSLA,call,market,Wed-0DTE,11:00,ATM,2026-02-11,2026-07-08,19,30.0,104,59.615,24.5,11.0,52.25,264.0,0.36591,38.5,-1.0,False
TSLA,call,market,Wed-0DTE,11:00,ATM,2026-02-11,2026-07-08,19,40.0,104,45.192,24.0,14.5,51.0,274.0,0.36591,38.5,-1.0,False
TSLA,call,market,Wed-0DTE,11:00,ATM,2026-02-11,2026-07-08,19,50.0,104,40.385,36.0,16.0,57.25,274.0,0.36591,38.5,-1.0,False
TSLA,call,market,Wed-0DTE,11:00,ATM,2026-02-11,2026-07-08,19,60.0,104,37.5,45.0,25.5,130.0,276.0,0.36591,38.5,-1.0,False
TSLA,call,market,Wed-0DTE,11:00,ATM,2026-02-11,2026-07-08,19,70.0,104,34.615,46.5,24.5,91.5,274.5,0.36591,38.5,-1.0,False
TSLA,call,market,Wed-0DTE,11:00,ATM,2026-02-11,2026-07-08,19,75.0,104,30.769,47.5,30.5,68.5,274.0,0.36591,38.5,-1.0,False
TSLA,call,market,Wed-0DTE,11:00,ATM,2026-02-11,2026-07-08,19,80.0,104,29.808,50.0,34.5,70.0,274.0,0.36591,38.5,-1.0,False
TSLA,call,market,Wed-0DTE,11:00,ATM,2026-02-11,2026-07-08,19,90.0,104,26.923,51.5,38.0,66.5,272.0,0.36591,38.5,-1.0,False
TSLA,call,market,Wed-0DTE,11:00,ATM,2026-02-11,2026-07-08,19,100.0,104,21.154,53.5,30.25,75.5,266.5,0.36591,38.5,-1.0,False
TSLA,call,mid,Wed-0DTE,11:30,ATM,2026-02-11,2026-07-08,19,20.0,105,64.762,12.5,5.75,26.0,220.0,0.39316,37.0,-0.96939,False
TSLA,call,mid,Wed-0DTE,11:30,ATM,2026-02-11,2026-07-08,19,25.0,105,60.0,15.0,7.0,29.5,240.0,0.39316,37.0,-0.96939,False
TSLA,call,mid,Wed-0DTE,11:30,ATM,2026-02-11,2026-07-08,19,30.0,105,56.19,19.0,9.0,35.5,244.0,0.39316,37.0,-0.96939,False
TSLA,call,mid,Wed-0DTE,11:30,ATM,2026-02-11,2026-07-08,19,40.0,105,48.571,22.0,13.0,58.5,244.0,0.39316,37.0,-0.96939,False
TSLA,call,mid,Wed-0DTE,11:30,ATM,2026-02-11,2026-07-08,19,50.0,105,42.857,26.0,16.0,83.0,249.0,0.39316,37.0,-0.96939,False
TSLA,call,mid,Wed-0DTE,11:30,ATM,2026-02-11,2026-07-08,19,60.0,105,36.19,28.0,18.5,115.0,247.5,0.39316,37.0,-0.96939,False
TSLA,call,mid,Wed-0DTE,11:30,ATM,2026-02-11,2026-07-08,19,70.0,105,29.524,31.0,22.5,103.0,245.0,0.39316,37.0,-0.96939,False
TSLA,call,mid,Wed-0DTE,11:30,ATM,2026-02-11,2026-07-08,19,75.0,105,28.571,32.0,23.0,130.75,244.5,0.39316,37.0,-0.96939,False
TSLA,call,mid,Wed-0DTE,11:30,ATM,2026-02-11,2026-07-08,19,80.0,105,25.714,30.0,23.5,61.0,244.0,0.39316,37.0,-0.96939,False
TSLA,call,mid,Wed-0DTE,11:30,ATM,2026-02-11,2026-07-08,19,90.0,105,21.905,36.0,25.0,115.5,244.0,0.39316,37.0,-0.96939,False
TSLA,call,mid,Wed-0DTE,11:30,ATM,2026-02-11,2026-07-08,19,100.0,105,20.0,36.0,26.0,80.0,244.0,0.39316,37.0,-0.96939,False
TSLA,call,market,Wed-0DTE,11:30,ATM,2026-02-11,2026-07-08,19,20.0,105,59.048,15.5,8.0,30.75,242.0,0.3431,37.0,-0.99502,False
TSLA,call,market,Wed-0DTE,11:30,ATM,2026-02-11,2026-07-08,19,25.0,105,55.238,19.0,9.0,35.75,244.0,0.3431,37.0,-0.99502,False
TSLA,call,market,Wed-0DTE,11:30,ATM,2026-02-11,2026-07-08,19,30.0,105,54.286,22.0,11.0,55.0,244.0,0.3431,37.0,-0.99502,False
TSLA,call,market,Wed-0DTE,11:30,ATM,2026-02-11,2026-07-08,19,40.0,105,47.619,27.0,16.25,70.75,245.0,0.3431,37.0,-0.99502,False
TSLA,call,market,Wed-0DTE,11:30,ATM,2026-02-11,2026-07-08,19,50.0,105,38.095,27.5,17.0,127.25,248.5,0.3431,37.0,-0.99502,False
TSLA,call,market,Wed-0DTE,11:30,ATM,2026-02-11,2026-07-08,19,60.0,105,33.333,30.0,22.5,174.0,245.0,0.3431,37.0,-0.99502,False
TSLA,call,market,Wed-0DTE,11:30,ATM,2026-02-11,2026-07-08,19,70.0,105,27.619,33.0,23.0,150.0,245.0,0.3431,37.0,-0.99502,False
TSLA,call,market,Wed-0DTE,11:30,ATM,2026-02-11,2026-07-08,19,75.0,105,25.714,35.0,25.0,112.5,244.0,0.3431,37.0,-0.99502,False
TSLA,call,market,Wed-0DTE,11:30,ATM,2026-02-11,2026-07-08,19,80.0,105,22.857,36.0,23.75,173.75,244.0,0.3431,37.0,-0.99502,False
TSLA,call,market,Wed-0DTE,11:30,ATM,2026-02-11,2026-07-08,19,90.0,105,20.0,36.0,26.0,80.0,244.0,0.3431,37.0,-0.99502,False
TSLA,call,market,Wed-0DTE,11:30,ATM,2026-02-11,2026-07-08,19,100.0,105,19.048,40.0,29.75,241.25,244.5,0.3431,37.0,-0.99502,False
TSLA,call,mid,Wed-0DTE,12:00,OTM1,2026-02-11,2026-07-08,17,20.0,102,61.765,8.0,3.0,22.0,57.0,0.2963,17.5,-0.96031,False
TSLA,call,mid,Wed-0DTE,12:00,OTM1,2026-02-11,2026-07-08,17,25.0,102,57.843,11.0,4.5,24.0,68.0,0.2963,17.5,-0.96031,False
TSLA,call,mid,Wed-0DTE,12:00,OTM1,2026-02-11,2026-07-08,17,30.0,102,49.02,11.5,5.25,23.75,85.0,0.2963,17.5,-0.96031,False
TSLA,call,mid,Wed-0DTE,12:00,OTM1,2026-02-11,2026-07-08,17,40.0,102,39.216,14.5,7.75,26.5,116.5,0.2963,17.5,-0.96031,False
TSLA,call,mid,Wed-0DTE,12:00,OTM1,2026-02-11,2026-07-08,17,50.0,102,34.314,16.0,8.5,32.5,176.0,0.2963,17.5,-0.96031,False
TSLA,call,mid,Wed-0DTE,12:00,OTM1,2026-02-11,2026-07-08,17,60.0,102,28.431,21.0,10.0,54.0,182.0,0.2963,17.5,-0.96031,False
TSLA,call,mid,Wed-0DTE,12:00,OTM1,2026-02-11,2026-07-08,17,70.0,102,25.49,20.5,15.25,92.25,212.5,0.2963,17.5,-0.96031,False
TSLA,call,mid,Wed-0DTE,12:00,OTM1,2026-02-11,2026-07-08,17,75.0,102,23.529,20.5,14.25,127.75,215.5,0.2963,17.5,-0.96031,False
TSLA,call,mid,Wed-0DTE,12:00,OTM1,2026-02-11,2026-07-08,17,80.0,102,21.569,19.5,13.5,91.5,215.5,0.2963,17.5,-0.96031,False
TSLA,call,mid,Wed-0DTE,12:00,OTM1,2026-02-11,2026-07-08,17,90.0,102,20.588,21.0,16.0,112.0,217.0,0.2963,17.5,-0.96031,False
TSLA,call,mid,Wed-0DTE,12:00,OTM1,2026-02-11,2026-07-08,17,100.0,102,15.686,24.5,17.5,57.5,219.0,0.2963,17.5,-0.96031,False
TSLA,call,market,Wed-0DTE,12:00,OTM1,2026-02-11,2026-07-08,17,20.0,102,46.078,12.0,6.0,24.5,99.0,0.16394,17.5,-1.0,False
TSLA,call,market,Wed-0DTE,12:00,OTM1,2026-02-11,2026-07-08,17,25.0,102,41.176,14.0,7.25,26.0,111.5,0.16394,17.5,-1.0,False
TSLA,call,market,Wed-0DTE,12:00,OTM1,2026-02-11,2026-07-08,17,30.0,102,39.216,14.5,7.75,28.0,116.5,0.16394,17.5,-1.0,False
TSLA,call,market,Wed-0DTE,12:00,OTM1,2026-02-11,2026-07-08,17,40.0,102,31.373,19.0,9.5,39.75,181.5,0.16394,17.5,-1.0,False
TSLA,call,market,Wed-0DTE,12:00,OTM1,2026-02-11,2026-07-08,17,50.0,102,27.451,20.0,11.0,40.5,196.5,0.16394,17.5,-1.0,False
TSLA,call,market,Wed-0DTE,12:00,OTM1,2026-02-11,2026-07-08,17,60.0,102,23.529,20.5,14.25,111.25,216.0,0.16394,17.5,-1.0,False
TSLA,call,market,Wed-0DTE,12:00,OTM1,2026-02-11,2026-07-08,17,70.0,102,20.588,20.0,15.0,112.0,217.0,0.16394,17.5,-1.0,False
TSLA,call,market,Wed-0DTE,12:00,OTM1,2026-02-11,2026-07-08,17,75.0,102,20.588,21.0,16.0,112.0,217.0,0.16394,17.5,-1.0,False
TSLA,call,market,Wed-0DTE,12:00,OTM1,2026-02-11,2026-07-08,17,80.0,102,16.667,21.0,16.0,65.0,219.0,0.16394,17.5,-1.0,False
TSLA,call,market,Wed-0DTE,12:00,OTM1,2026-02-11,2026-07-08,17,90.0,102,15.686,30.0,19.5,57.5,219.0,0.16394,17.5,-1.0,False
TSLA,call,market,Wed-0DTE,12:00,OTM1,2026-02-11,2026-07-08,17,100.0,102,13.725,57.5,21.5,129.0,220.5,0.16394,17.5,-1.0,False
TSLA,call,mid,Wed-0DTE,12:30,ATM,2026-02-11,2026-07-08,18,20.0,108,64.815,15.5,4.25,46.75,160.0,0.33247,29.0,-0.94481,False
TSLA,call,mid,Wed-0DTE,12:30,ATM,2026-02-11,2026-07-08,18,25.0,108,56.481,18.0,6.0,65.0,181.0,0.33247,29.0,-0.94481,False
TSLA,call,mid,Wed-0DTE,12:30,ATM,2026-02-11,2026-07-08,18,30.0,108,52.778,31.0,8.0,59.0,184.0,0.33247,29.0,-0.94481,False
TSLA,call,mid,Wed-0DTE,12:30,ATM,2026-02-11,2026-07-08,18,40.0,108,45.37,47.0,17.0,80.0,187.0,0.33247,29.0,-0.94481,False
TSLA,call,mid,Wed-0DTE,12:30,ATM,2026-02-11,2026-07-08,18,50.0,108,39.815,67.0,29.0,103.5,189.0,0.33247,29.0,-0.94481,False
TSLA,call,mid,Wed-0DTE,12:30,ATM,2026-02-11,2026-07-08,18,60.0,108,38.889,78.0,38.0,174.0,189.0,0.33247,29.0,-0.94481,False
TSLA,call,mid,Wed-0DTE,12:30,ATM,2026-02-11,2026-07-08,18,70.0,108,35.185,109.5,73.5,185.0,189.0,0.33247,29.0,-0.94481,False
TSLA,call,mid,Wed-0DTE,12:30,ATM,2026-02-11,2026-07-08,18,75.0,108,33.333,108.0,68.5,185.0,189.0,0.33247,29.0,-0.94481,False
TSLA,call,mid,Wed-0DTE,12:30,ATM,2026-02-11,2026-07-08,18,80.0,108,28.704,116.0,67.0,186.0,189.0,0.33247,29.0,-0.94481,False
TSLA,call,mid,Wed-0DTE,12:30,ATM,2026-02-11,2026-07-08,18,90.0,108,26.852,176.0,86.0,191.0,189.0,0.33247,29.0,-0.94481,False
TSLA,call,mid,Wed-0DTE,12:30,ATM,2026-02-11,2026-07-08,18,100.0,108,24.074,174.5,86.5,193.75,189.0,0.33247,29.0,-0.94481,False
TSLA,call,market,Wed-0DTE,12:30,ATM,2026-02-11,2026-07-08,18,20.0,108,55.556,24.0,6.75,65.25,182.5,0.26243,29.0,-0.97315,False
TSLA,call,market,Wed-0DTE,12:30,ATM,2026-02-11,2026-07-08,18,25.0,108,52.778,31.0,8.0,67.0,184.0,0.26243,29.0,-0.97315,False
TSLA,call,market,Wed-0DTE,12:30,ATM,2026-02-11,2026-07-08,18,30.0,108,46.296,43.5,14.0,76.5,185.5,0.26243,29.0,-0.97315,False
TSLA,call,market,Wed-0DTE,12:30,ATM,2026-02-11,2026-07-08,18,40.0,108,43.519,65.0,26.5,100.0,186.0,0.26243,29.0,-0.97315,False
TSLA,call,market,Wed-0DTE,12:30,ATM,2026-02-11,2026-07-08,18,50.0,108,38.889,78.0,37.75,174.0,189.0,0.26243,29.0,-0.97315,False
TSLA,call,market,Wed-0DTE,12:30,ATM,2026-02-11,2026-07-08,18,60.0,108,35.185,101.0,62.5,184.0,189.0,0.26243,29.0,-0.97315,False
TSLA,call,market,Wed-0DTE,12:30,ATM,2026-02-11,2026-07-08,18,70.0,108,30.556,159.0,70.0,190.0,189.0,0.26243,29.0,-0.97315,False
TSLA,call,market,Wed-0DTE,12:30,ATM,2026-02-11,2026-07-08,18,75.0,108,26.852,176.0,86.0,191.0,189.0,0.26243,29.0,-0.97315,False
TSLA,call,market,Wed-0DTE,12:30,ATM,2026-02-11,2026-07-08,18,80.0,108,25.926,173.5,82.5,190.25,189.0,0.26243,29.0,-0.97315,False
TSLA,call,market,Wed-0DTE,12:30,ATM,2026-02-11,2026-07-08,18,90.0,108,24.074,174.5,86.5,193.75,189.0,0.26243,29.0,-0.97315,False
TSLA,call,market,Wed-0DTE,12:30,ATM,2026-02-11,2026-07-08,18,100.0,108,21.296,156.0,90.0,192.5,189.0,0.26243,29.0,-0.97315,False
TSLA,call,mid,Wed-0DTE,13:00,OTM1,2026-02-11,2026-07-08,18,20.0,101,78.218,15.0,5.5,27.0,46.0,0.46552,25.0,-0.94059,False
TSLA,call,mid,Wed-0DTE,13:00,OTM1,2026-02-11,2026-07-08,18,25.0,101,69.307,17.0,6.0,26.75,57.0,0.46552,25.0,-0.94059,False
TSLA,call,mid,Wed-0DTE,13:00,OTM1,2026-02-11,2026-07-08,18,30.0,101,67.327,19.0,7.0,27.25,63.0,0.46552,25.0,-0.94059,False
TSLA,call,mid,Wed-0DTE,13:00,OTM1,2026-02-11,2026-07-08,18,40.0,101,57.426,22.5,9.5,32.0,71.5,0.46552,25.0,-0.94059,False
TSLA,call,mid,Wed-0DTE,13:00,OTM1,2026-02-11,2026-07-08,18,50.0,101,47.525,22.5,10.75,42.75,102.5,0.46552,25.0,-0.94059,False
TSLA,call,mid,Wed-0DTE,13:00,OTM1,2026-02-11,2026-07-08,18,60.0,101,40.594,31.0,12.0,54.0,147.0,0.46552,25.0,-0.94059,False
TSLA,call,mid,Wed-0DTE,13:00,OTM1,2026-02-11,2026-07-08,18,70.0,101,32.673,43.0,13.0,60.0,154.0,0.46552,25.0,-0.94059,False
TSLA,call,mid,Wed-0DTE,13:00,OTM1,2026-02-11,2026-07-08,18,75.0,101,29.703,43.5,17.0,59.5,154.0,0.46552,25.0,-0.94059,False
TSLA,call,mid,Wed-0DTE,13:00,OTM1,2026-02-11,2026-07-08,18,80.0,101,28.713,45.0,17.0,62.0,154.0,0.46552,25.0,-0.94059,False
TSLA,call,mid,Wed-0DTE,13:00,OTM1,2026-02-11,2026-07-08,18,90.0,101,23.762,51.0,33.0,74.75,156.5,0.46552,25.0,-0.94059,False
TSLA,call,mid,Wed-0DTE,13:00,OTM1,2026-02-11,2026-07-08,18,100.0,101,18.812,47.0,23.5,57.5,159.0,0.46552,25.0,-0.94059,False
TSLA,call,market,Wed-0DTE,13:00,OTM1,2026-02-11,2026-07-08,18,20.0,101,58.416,20.0,9.0,27.5,66.0,0.30189,25.0,-1.0,False
TSLA,call,market,Wed-0DTE,13:00,OTM1,2026-02-11,2026-07-08,18,25.0,101,54.455,21.0,10.5,35.0,74.0,0.30189,25.0,-1.0,False
TSLA,call,market,Wed-0DTE,13:00,OTM1,2026-02-11,2026-07-08,18,30.0,101,50.495,25.0,10.5,48.5,89.0,0.30189,25.0,-1.0,False
TSLA,call,market,Wed-0DTE,13:00,OTM1,2026-02-11,2026-07-08,18,40.0,101,37.624,38.5,13.75,55.0,148.5,0.30189,25.0,-1.0,False
TSLA,call,market,Wed-0DTE,13:00,OTM1,2026-02-11,2026-07-08,18,50.0,101,32.673,43.0,21.0,58.0,154.0,0.30189,25.0,-1.0,False
TSLA,call,market,Wed-0DTE,13:00,OTM1,2026-02-11,2026-07-08,18,60.0,101,27.723,47.0,30.5,65.25,154.0,0.30189,25.0,-1.0,False
TSLA,call,market,Wed-0DTE,13:00,OTM1,2026-02-11,2026-07-08,18,70.0,101,24.752,50.0,18.0,73.0,154.0,0.30189,25.0,-1.0,False
TSLA,call,market,Wed-0DTE,13:00,OTM1,2026-02-11,2026-07-08,18,75.0,101,23.762,51.0,35.75,100.75,156.5,0.30189,25.0,-1.0,False
TSLA,call,market,Wed-0DTE,13:00,OTM1,2026-02-11,2026-07-08,18,80.0,101,21.782,53.5,38.5,136.25,159.0,0.30189,25.0,-1.0,False
TSLA,call,market,Wed-0DTE,13:00,OTM1,2026-02-11,2026-07-08,18,90.0,101,17.822,50.0,39.0,80.0,159.0,0.30189,25.0,-1.0,False
TSLA,call,market,Wed-0DTE,13:00,OTM1,2026-02-11,2026-07-08,18,100.0,101,16.832,48.0,39.0,73.0,159.0,0.30189,25.0,-1.0,False
TSLA,call,mid,Wed-0DTE,13:30,ATM,2026-02-11,2026-07-08,19,20.0,111,74.775,12.0,5.0,29.5,123.0,0.55963,42.0,-0.85616,False
TSLA,call,mid,Wed-0DTE,13:30,ATM,2026-02-11,2026-07-08,19,25.0,111,64.865,15.5,5.0,36.25,124.0,0.55963,42.0,-0.85616,False
TSLA,call,mid,Wed-0DTE,13:30,ATM,2026-02-11,2026-07-08,19,30.0,111,60.36,19.0,7.0,49.5,124.0,0.55963,42.0,-0.85616,False
TSLA,call,mid,Wed-0DTE,13:30,ATM,2026-02-11,2026-07-08,19,40.0,111,55.856,25.0,14.0,53.25,124.0,0.55963,42.0,-0.85616,False
TSLA,call,mid,Wed-0DTE,13:30,ATM,2026-02-11,2026-07-08,19,50.0,111,52.252,29.0,17.25,95.5,123.0,0.55963,42.0,-0.85616,False
TSLA,call,mid,Wed-0DTE,13:30,ATM,2026-02-11,2026-07-08,19,60.0,111,45.946,33.0,22.0,100.0,124.0,0.55963,42.0,-0.85616,False
TSLA,call,mid,Wed-0DTE,13:30,ATM,2026-02-11,2026-07-08,19,70.0,111,41.441,31.5,23.0,101.25,124.0,0.55963,42.0,-0.85616,False
TSLA,call,mid,Wed-0DTE,13:30,ATM,2026-02-11,2026-07-08,19,75.0,111,39.64,33.0,23.0,103.75,122.5,0.55963,42.0,-0.85616,False
TSLA,call,mid,Wed-0DTE,13:30,ATM,2026-02-11,2026-07-08,19,80.0,111,38.739,38.0,26.0,107.0,120.0,0.55963,42.0,-0.85616,False
TSLA,call,mid,Wed-0DTE,13:30,ATM,2026-02-11,2026-07-08,19,90.0,111,34.234,39.5,30.25,112.5,119.5,0.55963,42.0,-0.85616,False
TSLA,call,mid,Wed-0DTE,13:30,ATM,2026-02-11,2026-07-08,19,100.0,111,27.928,43.0,34.0,111.0,120.0,0.55963,42.0,-0.85616,False
TSLA,call,market,Wed-0DTE,13:30,ATM,2026-02-11,2026-07-08,19,20.0,111,60.36,19.0,7.5,49.5,124.0,0.45,42.0,-0.89404,False
TSLA,call,market,Wed-0DTE,13:30,ATM,2026-02-11,2026-07-08,19,25.0,111,57.658,22.5,11.25,63.0,124.0,0.45,42.0,-0.89404,False
TSLA,call,market,Wed-0DTE,13:30,ATM,2026-02-11,2026-07-08,19,30.0,111,56.757,24.0,14.0,72.5,124.0,0.45,42.0,-0.89404,False
TSLA,call,market,Wed-0DTE,13:30,ATM,2026-02-11,2026-07-08,19,40.0,111,54.054,29.0,16.5,100.0,123.0,0.45,42.0,-0.89404,False
TSLA,call,market,Wed-0DTE,13:30,ATM,2026-02-11,2026-07-08,19,50.0,111,48.649,31.5,22.25,111.0,124.0,0.45,42.0,-0.89404,False
TSLA,call,market,Wed-0DTE,13:30,ATM,2026-02-11,2026-07-08,19,60.0,111,43.243,33.0,22.75,99.75,122.5,0.45,42.0,-0.89404,False
TSLA,call,market,Wed-0DTE,13:30,ATM,2026-02-11,2026-07-08,19,70.0,111,39.64,36.5,24.5,106.5,122.0,0.45,42.0,-0.89404,False
TSLA,call,market,Wed-0DTE,13:30,ATM,2026-02-11,2026-07-08,19,75.0,111,36.036,39.0,28.75,105.75,119.5,0.45,42.0,-0.89404,False
TSLA,call,market,Wed-0DTE,13:30,ATM,2026-02-11,2026-07-08,19,80.0,111,35.135,40.0,30.5,106.5,119.0,0.45,42.0,-0.89404,False
TSLA,call,market,Wed-0DTE,13:30,ATM,2026-02-11,2026-07-08,19,90.0,111,27.928,46.0,34.0,111.0,120.0,0.45,42.0,-0.89404,False
TSLA,call,market,Wed-0DTE,13:30,ATM,2026-02-11,2026-07-08,19,100.0,111,23.423,51.5,38.5,114.25,122.5,0.45,42.0,-0.89404,False
TSLA,call,mid,Wed-0DTE,14:00,ATM,2026-02-11,2026-07-08,19,20.0,110,75.455,10.0,4.0,50.5,94.0,0.62117,52.0,-0.83929,False
TSLA,call,mid,Wed-0DTE,14:00,ATM,2026-02-11,2026-07-08,19,25.0,110,70.909,15.0,6.0,56.5,99.0,0.62117,52.0,-0.83929,False
TSLA,call,mid,Wed-0DTE,14:00,ATM,2026-02-11,2026-07-08,19,30.0,110,67.273,22.5,7.25,73.5,99.0,0.62117,52.0,-0.83929,False
TSLA,call,mid,Wed-0DTE,14:00,ATM,2026-02-11,2026-07-08,19,40.0,110,62.727,27.0,10.0,76.0,99.0,0.62117,52.0,-0.83929,False
TSLA,call,mid,Wed-0DTE,14:00,ATM,2026-02-11,2026-07-08,19,50.0,110,53.636,38.0,13.5,82.0,99.0,0.62117,52.0,-0.83929,False
TSLA,call,mid,Wed-0DTE,14:00,ATM,2026-02-11,2026-07-08,19,60.0,110,50.909,40.5,15.75,84.75,99.0,0.62117,52.0,-0.83929,False
TSLA,call,mid,Wed-0DTE,14:00,ATM,2026-02-11,2026-07-08,19,70.0,110,44.545,41.0,18.0,90.0,99.0,0.62117,52.0,-0.83929,False
TSLA,call,mid,Wed-0DTE,14:00,ATM,2026-02-11,2026-07-08,19,75.0,110,43.636,51.0,18.75,96.25,99.5,0.62117,52.0,-0.83929,False
TSLA,call,mid,Wed-0DTE,14:00,ATM,2026-02-11,2026-07-08,19,80.0,110,41.818,72.0,27.75,95.0,99.0,0.62117,52.0,-0.83929,False
TSLA,call,mid,Wed-0DTE,14:00,ATM,2026-02-11,2026-07-08,19,90.0,110,36.364,60.5,26.75,95.0,99.0,0.62117,52.0,-0.83929,False
TSLA,call,mid,Wed-0DTE,14:00,ATM,2026-02-11,2026-07-08,19,100.0,110,35.455,72.0,29.5,97.5,99.0,0.62117,52.0,-0.83929,False
TSLA,call,market,Wed-0DTE,14:00,ATM,2026-02-11,2026-07-08,19,20.0,110,70.0,21.0,7.0,66.0,99.0,0.49405,52.0,-0.87893,False
TSLA,call,market,Wed-0DTE,14:00,ATM,2026-02-11,2026-07-08,19,25.0,110,66.364,26.0,10.0,81.0,99.0,0.49405,52.0,-0.87893,False
TSLA,call,market,Wed-0DTE,14:00,ATM,2026-02-11,2026-07-08,19,30.0,110,65.455,29.0,10.0,82.0,99.0,0.49405,52.0,-0.87893,False
TSLA,call,market,Wed-0DTE,14:00,ATM,2026-02-11,2026-07-08,19,40.0,110,55.455,37.0,15.0,87.0,99.0,0.49405,52.0,-0.87893,False
TSLA,call,market,Wed-0DTE,14:00,ATM,2026-02-11,2026-07-08,19,50.0,110,49.091,40.5,16.25,87.75,99.0,0.49405,52.0,-0.87893,False
TSLA,call,market,Wed-0DTE,14:00,ATM,2026-02-11,2026-07-08,19,60.0,110,44.545,41.0,16.0,90.0,100.0,0.49405,52.0,-0.87893,False
TSLA,call,market,Wed-0DTE,14:00,ATM,2026-02-11,2026-07-08,19,70.0,110,41.818,69.5,25.5,95.0,99.0,0.49405,52.0,-0.87893,False
TSLA,call,market,Wed-0DTE,14:00,ATM,2026-02-11,2026-07-08,19,75.0,110,39.091,67.0,26.5,94.0,99.0,0.49405,52.0,-0.87893,False
TSLA,call,market,Wed-0DTE,14:00,ATM,2026-02-11,2026-07-08,19,80.0,110,36.364,60.5,26.75,95.0,99.0,0.49405,52.0,-0.87893,False
TSLA,call,market,Wed-0DTE,14:00,ATM,2026-02-11,2026-07-08,19,90.0,110,33.636,72.0,33.0,95.0,99.0,0.49405,52.0,-0.87893,False
TSLA,call,market,Wed-0DTE,14:00,ATM,2026-02-11,2026-07-08,19,100.0,110,33.636,77.0,36.0,95.0,99.0,0.49405,52.0,-0.87893,False
TSLA,call,mid,Wed-0DTE,15:00,ATM,2026-02-11,2026-07-08,19,20.0,114,78.947,5.5,3.0,16.75,40.5,0.69203,28.5,-0.66028,False
TSLA,call,mid,Wed-0DTE,15:00,ATM,2026-02-11,2026-07-08,19,25.0,114,77.193,8.0,3.0,21.0,39.0,0.69203,28.5,-0.66028,False
TSLA,call,mid,Wed-0DTE,15:00,ATM,2026-02-11,2026-07-08,19,30.0,114,76.316,10.0,4.0,26.0,39.0,0.69203,28.5,-0.66028,False
TSLA,call,mid,Wed-0DTE,15:00,ATM,2026-02-11,2026-07-08,19,40.0,114,71.053,13.0,5.0,26.0,39.0,0.69203,28.5,-0.66028,False
TSLA,call,mid,Wed-0DTE,15:00,ATM,2026-02-11,2026-07-08,19,50.0,114,64.035,16.0,8.0,34.0,39.0,0.69203,28.5,-0.66028,False
TSLA,call,mid,Wed-0DTE,15:00,ATM,2026-02-11,2026-07-08,19,60.0,114,55.263,16.0,10.0,34.5,39.0,0.69203,28.5,-0.66028,False
TSLA,call,mid,Wed-0DTE,15:00,ATM,2026-02-11,2026-07-08,19,70.0,114,49.123,18.0,11.0,35.0,39.0,0.69203,28.5,-0.66028,False
TSLA,call,mid,Wed-0DTE,15:00,ATM,2026-02-11,2026-07-08,19,75.0,114,45.614,20.5,11.0,35.0,39.0,0.69203,28.5,-0.66028,False
TSLA,call,mid,Wed-0DTE,15:00,ATM,2026-02-11,2026-07-08,19,80.0,114,43.86,21.5,11.25,35.0,39.0,0.69203,28.5,-0.66028,False
TSLA,call,mid,Wed-0DTE,15:00,ATM,2026-02-11,2026-07-08,19,90.0,114,42.982,22.0,14.0,35.0,39.0,0.69203,28.5,-0.66028,False
TSLA,call,mid,Wed-0DTE,15:00,ATM,2026-02-11,2026-07-08,19,100.0,114,38.596,23.0,15.75,35.0,40.0,0.69203,28.5,-0.66028,False
TSLA,call,market,Wed-0DTE,15:00,ATM,2026-02-11,2026-07-08,19,20.0,114,75.439,10.0,4.0,26.5,39.0,0.57545,28.5,-0.73828,False
TSLA,call,market,Wed-0DTE,15:00,ATM,2026-02-11,2026-07-08,19,25.0,114,73.684,12.0,5.0,29.25,39.0,0.57545,28.5,-0.73828,False
TSLA,call,market,Wed-0DTE,15:00,ATM,2026-02-11,2026-07-08,19,30.0,114,71.053,14.0,6.0,30.0,39.0,0.57545,28.5,-0.73828,False
TSLA,call,market,Wed-0DTE,15:00,ATM,2026-02-11,2026-07-08,19,40.0,114,63.158,16.0,9.0,34.0,39.0,0.57545,28.5,-0.73828,False
TSLA,call,market,Wed-0DTE,15:00,ATM,2026-02-11,2026-07-08,19,50.0,114,54.386,16.0,10.0,34.75,39.0,0.57545,28.5,-0.73828,False
TSLA,call,market,Wed-0DTE,15:00,ATM,2026-02-11,2026-07-08,19,60.0,114,47.368,21.0,11.25,34.25,39.0,0.57545,28.5,-0.73828,False
TSLA,call,market,Wed-0DTE,15:00,ATM,2026-02-11,2026-07-08,19,70.0,114,43.86,21.5,12.5,35.0,39.0,0.57545,28.5,-0.73828,False
TSLA,call,market,Wed-0DTE,15:00,ATM,2026-02-11,2026-07-08,19,75.0,114,43.86,21.5,14.25,35.75,39.0,0.57545,28.5,-0.73828,False
TSLA,call,market,Wed-0DTE,15:00,ATM,2026-02-11,2026-07-08,19,80.0,114,41.228,23.0,14.5,35.5,39.0,0.57545,28.5,-0.73828,False
TSLA,call,market,Wed-0DTE,15:00,ATM,2026-02-11,2026-07-08,19,90.0,114,37.719,26.0,17.5,36.0,39.0,0.57545,28.5,-0.73828,False
TSLA,call,market,Wed-0DTE,15:00,ATM,2026-02-11,2026-07-08,19,100.0,114,36.842,27.0,19.0,37.0,39.5,0.57545,28.5,-0.73828,False
TSLA,call,mid,Wed-0DTE,15:30,ATM,2026-02-11,2026-07-08,19,20.0,19,68.421,6.0,3.0,11.0,28.0,0.64368,15.0,-0.58824,True
TSLA,call,mid,Wed-0DTE,15:30,ATM,2026-02-11,2026-07-08,19,25.0,19,63.158,7.5,3.0,10.25,28.5,0.64368,15.0,-0.58824,True
TSLA,call,mid,Wed-0DTE,15:30,ATM,2026-02-11,2026-07-08,19,30.0,19,63.158,8.5,5.0,10.5,28.5,0.64368,15.0,-0.58824,True
TSLA,call,mid,Wed-0DTE,15:30,ATM,2026-02-11,2026-07-08,19,40.0,19,57.895,10.0,7.5,13.0,29.0,0.64368,15.0,-0.58824,True
TSLA,call,mid,Wed-0DTE,15:30,ATM,2026-02-11,2026-07-08,19,50.0,19,57.895,11.0,8.0,13.0,28.0,0.64368,15.0,-0.58824,True
TSLA,call,mid,Wed-0DTE,15:30,ATM,2026-02-11,2026-07-08,19,60.0,19,52.632,11.0,8.5,12.75,26.0,0.64368,15.0,-0.58824,True
TSLA,call,mid,Wed-0DTE,15:30,ATM,2026-02-11,2026-07-08,19,70.0,19,42.105,10.0,7.75,15.25,28.5,0.64368,15.0,-0.58824,True
TSLA,call,mid,Wed-0DTE,15:30,ATM,2026-02-11,2026-07-08,19,75.0,19,42.105,10.5,8.5,15.25,28.5,0.64368,15.0,-0.58824,True
TSLA,call,mid,Wed-0DTE,15:30,ATM,2026-02-11,2026-07-08,19,80.0,19,42.105,10.5,8.5,16.75,28.0,0.64368,15.0,-0.58824,True
TSLA,call,mid,Wed-0DTE,15:30,ATM,2026-02-11,2026-07-08,19,90.0,19,42.105,14.5,10.0,18.5,24.0,0.64368,15.0,-0.58824,True
TSLA,call,mid,Wed-0DTE,15:30,ATM,2026-02-11,2026-07-08,19,100.0,19,42.105,19.0,11.5,20.25,24.0,0.64368,15.0,-0.58824,True
TSLA,call,market,Wed-0DTE,15:30,ATM,2026-02-11,2026-07-08,19,20.0,19,57.895,9.0,5.5,11.0,28.0,0.5,15.0,-0.66667,True
TSLA,call,market,Wed-0DTE,15:30,ATM,2026-02-11,2026-07-08,19,25.0,19,57.895,10.0,7.0,11.5,28.0,0.5,15.0,-0.66667,True
TSLA,call,market,Wed-0DTE,15:30,ATM,2026-02-11,2026-07-08,19,30.0,19,57.895,10.0,8.0,13.0,28.0,0.5,15.0,-0.66667,True
TSLA,call,market,Wed-0DTE,15:30,ATM,2026-02-11,2026-07-08,19,40.0,19,52.632,10.5,7.5,12.0,28.5,0.5,15.0,-0.66667,True
TSLA,call,market,Wed-0DTE,15:30,ATM,2026-02-11,2026-07-08,19,50.0,19,47.368,10.0,8.0,14.0,29.0,0.5,15.0,-0.66667,True
TSLA,call,market,Wed-0DTE,15:30,ATM,2026-02-11,2026-07-08,19,60.0,19,42.105,10.5,7.75,15.25,28.5,0.5,15.0,-0.66667,True
TSLA,call,market,Wed-0DTE,15:30,ATM,2026-02-11,2026-07-08,19,70.0,19,42.105,10.5,8.5,16.75,24.0,0.5,15.0,-0.66667,True
TSLA,call,market,Wed-0DTE,15:30,ATM,2026-02-11,2026-07-08,19,75.0,19,42.105,13.5,8.5,18.5,24.0,0.5,15.0,-0.66667,True
TSLA,call,market,Wed-0DTE,15:30,ATM,2026-02-11,2026-07-08,19,80.0,19,42.105,14.5,11.5,18.5,24.0,0.5,15.0,-0.66667,True
TSLA,call,market,Wed-0DTE,15:30,ATM,2026-02-11,2026-07-08,19,90.0,19,36.842,20.0,14.0,21.5,27.0,0.5,15.0,-0.66667,True
TSLA,call,market,Wed-0DTE,15:30,ATM,2026-02-11,2026-07-08,19,100.0,19,36.842,21.0,19.5,24.0,25.0,0.5,15.0,-0.66667,True
TSLA,call,mid,Wed-0DTE,10:00,OTM2+,2026-02-11,2026-07-08,20,20.0,343,69.388,6.0,3.0,14.0,110.0,0.51316,21.0,-0.92308,False
TSLA,call,mid,Wed-0DTE,10:00,OTM2+,2026-02-11,2026-07-08,20,25.0,343,65.306,7.0,3.0,16.0,119.0,0.51316,21.0,-0.92308,False
TSLA,call,mid,Wed-0DTE,10:00,OTM2+,2026-02-11,2026-07-08,20,30.0,343,61.224,9.5,5.0,23.0,122.0,0.51316,21.0,-0.92308,False
TSLA,call,mid,Wed-0DTE,10:00,OTM2+,2026-02-11,2026-07-08,20,40.0,343,53.936,10.0,5.0,29.0,127.0,0.51316,21.0,-0.92308,False
TSLA,call,mid,Wed-0DTE,10:00,OTM2+,2026-02-11,2026-07-08,20,50.0,343,50.729,15.0,7.0,35.0,132.5,0.51316,21.0,-0.92308,False
TSLA,call,mid,Wed-0DTE,10:00,OTM2+,2026-02-11,2026-07-08,20,60.0,343,45.481,17.0,8.0,41.25,149.0,0.51316,21.0,-0.92308,False
TSLA,call,mid,Wed-0DTE,10:00,OTM2+,2026-02-11,2026-07-08,20,70.0,343,43.149,20.0,9.0,43.5,156.5,0.51316,21.0,-0.92308,False
TSLA,call,mid,Wed-0DTE,10:00,OTM2+,2026-02-11,2026-07-08,20,75.0,343,41.399,21.0,10.0,45.0,172.0,0.51316,21.0,-0.92308,False
TSLA,call,mid,Wed-0DTE,10:00,OTM2+,2026-02-11,2026-07-08,20,80.0,343,41.108,21.0,10.0,48.0,159.0,0.51316,21.0,-0.92308,False
TSLA,call,mid,Wed-0DTE,10:00,OTM2+,2026-02-11,2026-07-08,20,90.0,343,39.942,26.0,11.0,50.0,149.0,0.51316,21.0,-0.92308,False
TSLA,call,mid,Wed-0DTE,10:00,OTM2+,2026-02-11,2026-07-08,20,100.0,343,39.067,28.0,12.0,106.25,149.0,0.51316,21.0,-0.92308,False
TSLA,call,market,Wed-0DTE,10:00,OTM2+,2026-02-11,2026-07-08,20,20.0,343,51.895,12.5,5.0,30.0,133.0,0.21839,20.0,-1.0,False
TSLA,call,market,Wed-0DTE,10:00,OTM2+,2026-02-11,2026-07-08,20,25.0,343,49.271,16.0,7.0,36.0,134.0,0.21839,20.0,-1.0,False
TSLA,call,market,Wed-0DTE,10:00,OTM2+,2026-02-11,2026-07-08,20,30.0,343,47.522,16.0,7.0,37.0,132.0,0.21839,20.0,-1.0,False
TSLA,call,market,Wed-0DTE,10:00,OTM2+,2026-02-11,2026-07-08,20,40.0,343,43.149,18.0,8.75,41.25,144.5,0.21839,20.0,-1.0,False
TSLA,call,market,Wed-0DTE,10:00,OTM2+,2026-02-11,2026-07-08,20,50.0,343,39.942,20.0,10.0,46.0,159.0,0.21839,20.0,-1.0,False
TSLA,call,market,Wed-0DTE,10:00,OTM2+,2026-02-11,2026-07-08,20,60.0,343,38.192,23.0,11.0,51.0,159.0,0.21839,20.0,-1.0,False
TSLA,call,market,Wed-0DTE,10:00,OTM2+,2026-02-11,2026-07-08,20,70.0,343,36.443,24.0,11.0,52.0,149.0,0.21839,20.0,-1.0,False
TSLA,call,market,Wed-0DTE,10:00,OTM2+,2026-02-11,2026-07-08,20,75.0,343,36.152,27.5,13.0,113.25,159.0,0.21839,20.0,-1.0,False
TSLA,call,market,Wed-0DTE,10:00,OTM2+,2026-02-11,2026-07-08,20,80.0,343,35.569,28.5,13.0,122.25,171.5,0.21839,20.0,-1.0,False
TSLA,call,market,Wed-0DTE,10:00,OTM2+,2026-02-11,2026-07-08,20,90.0,343,30.904,29.0,15.25,58.0,203.5,0.21839,20.0,-1.0,False
TSLA,call,market,Wed-0DTE,10:00,OTM2+,2026-02-11,2026-07-08,20,100.0,343,28.571,28.0,16.0,48.75,203.5,0.21839,20.0,-1.0,False
TSLA,call,mid,Wed-0DTE,10:30,OTM2+,2026-02-11,2026-07-08,16,20.0,313,57.188,8.0,3.0,28.0,75.0,0.28571,13.0,-0.90323,False
TSLA,call,mid,Wed-0DTE,10:30,OTM2+,2026-02-11,2026-07-08,16,25.0,313,53.355,9.0,4.0,39.0,78.0,0.28571,13.0,-0.90323,False
TSLA,call,mid,Wed-0DTE,10:30,OTM2+,2026-02-11,2026-07-08,16,30.0,313,48.882,11.0,5.0,60.0,88.0,0.28571,13.0,-0.90323,False
TSLA,call,mid,Wed-0DTE,10:30,OTM2+,2026-02-11,2026-07-08,16,40.0,313,41.853,17.0,6.0,79.5,96.0,0.28571,13.0,-0.90323,False
TSLA,call,mid,Wed-0DTE,10:30,OTM2+,2026-02-11,2026-07-08,16,50.0,313,38.978,17.0,7.0,86.75,98.5,0.28571,13.0,-0.90323,False
TSLA,call,mid,Wed-0DTE,10:30,OTM2+,2026-02-11,2026-07-08,16,60.0,313,34.185,22.0,7.0,95.0,119.0,0.28571,13.0,-0.90323,False
TSLA,call,mid,Wed-0DTE,10:30,OTM2+,2026-02-11,2026-07-08,16,70.0,313,32.588,27.5,8.5,99.0,119.5,0.28571,13.0,-0.90323,False
TSLA,call,mid,Wed-0DTE,10:30,OTM2+,2026-02-11,2026-07-08,16,75.0,313,30.671,34.5,9.5,100.25,129.0,0.28571,13.0,-0.90323,False
TSLA,call,mid,Wed-0DTE,10:30,OTM2+,2026-02-11,2026-07-08,16,80.0,313,28.754,40.0,10.25,101.0,143.0,0.28571,13.0,-0.90323,False
TSLA,call,mid,Wed-0DTE,10:30,OTM2+,2026-02-11,2026-07-08,16,90.0,313,25.879,78.0,13.0,101.0,151.0,0.28571,13.0,-0.90323,False
TSLA,call,mid,Wed-0DTE,10:30,OTM2+,2026-02-11,2026-07-08,16,100.0,313,24.92,85.0,13.0,102.75,151.0,0.28571,13.0,-0.90323,False
TSLA,call,market,Wed-0DTE,10:30,OTM2+,2026-02-11,2026-07-08,16,20.0,313,34.824,18.0,8.0,82.0,100.0,-0.0,13.0,-1.0,False
TSLA,call,market,Wed-0DTE,10:30,OTM2+,2026-02-11,2026-07-08,16,25.0,313,32.907,22.0,9.0,84.5,105.0,-0.0,13.0,-1.0,False
TSLA,call,market,Wed-0DTE,10:30,OTM2+,2026-02-11,2026-07-08,16,30.0,313,30.99,22.0,9.0,89.0,115.0,-0.0,13.0,-1.0,False
TSLA,call,market,Wed-0DTE,10:30,OTM2+,2026-02-11,2026-07-08,16,40.0,313,28.115,27.5,9.5,93.25,129.0,-0.0,13.0,-1.0,False
TSLA,call,market,Wed-0DTE,10:30,OTM2+,2026-02-11,2026-07-08,16,50.0,313,26.198,37.0,15.25,95.5,117.0,-0.0,13.0,-1.0,False
TSLA,call,market,Wed-0DTE,10:30,OTM2+,2026-02-11,2026-07-08,16,60.0,313,23.003,60.5,17.75,100.25,123.0,-0.0,13.0,-1.0,False
TSLA,call,market,Wed-0DTE,10:30,OTM2+,2026-02-11,2026-07-08,16,70.0,313,21.086,83.0,19.5,101.0,115.0,-0.0,13.0,-1.0,False
TSLA,call,market,Wed-0DTE,10:30,OTM2+,2026-02-11,2026-07-08,16,75.0,313,20.447,85.0,19.5,101.0,110.5,-0.0,13.0,-1.0,False
TSLA,call,market,Wed-0DTE,10:30,OTM2+,2026-02-11,2026-07-08,16,80.0,313,20.128,87.0,19.0,103.5,112.0,-0.0,13.0,-1.0,False
TSLA,call,market,Wed-0DTE,10:30,OTM2+,2026-02-11,2026-07-08,16,90.0,313,19.489,88.0,18.0,104.0,109.0,-0.0,13.0,-1.0,False
TSLA,call,market,Wed-0DTE,10:30,OTM2+,2026-02-11,2026-07-08,16,100.0,313,18.85,89.0,19.0,104.0,112.0,-0.0,13.0,-1.0,False
TSLA,call,mid,Wed-0DTE,11:00,OTM1,2026-02-11,2026-07-08,15,20.0,90,77.778,12.0,5.0,28.75,72.0,0.43072,36.0,-0.96197,False
TSLA,call,mid,Wed-0DTE,11:00,OTM1,2026-02-11,2026-07-08,15,25.0,90,70.0,14.0,6.0,30.5,72.0,0.43072,36.0,-0.96197,False
TSLA,call,mid,Wed-0DTE,11:00,OTM1,2026-02-11,2026-07-08,15,30.0,90,61.111,17.0,7.5,43.5,102.0,0.43072,36.0,-0.96197,False
TSLA,call,mid,Wed-0DTE,11:00,OTM1,2026-02-11,2026-07-08,15,40.0,90,53.333,26.5,11.0,46.25,132.5,0.43072,36.0,-0.96197,False
TSLA,call,mid,Wed-0DTE,11:00,OTM1,2026-02-11,2026-07-08,15,50.0,90,42.222,33.5,13.5,53.0,220.5,0.43072,36.0,-0.96197,False
TSLA,call,mid,Wed-0DTE,11:00,OTM1,2026-02-11,2026-07-08,15,60.0,90,35.556,34.0,16.75,50.0,225.5,0.43072,36.0,-0.96197,False
TSLA,call,mid,Wed-0DTE,11:00,OTM1,2026-02-11,2026-07-08,15,70.0,90,28.889,38.0,19.75,55.25,266.5,0.43072,36.0,-0.96197,False
TSLA,call,mid,Wed-0DTE,11:00,OTM1,2026-02-11,2026-07-08,15,75.0,90,26.667,43.0,23.5,51.75,271.5,0.43072,36.0,-0.96197,False
TSLA,call,mid,Wed-0DTE,11:00,OTM1,2026-02-11,2026-07-08,15,80.0,90,25.556,42.0,22.0,56.0,269.0,0.43072,36.0,-0.96197,False
TSLA,call,mid,Wed-0DTE,11:00,OTM1,2026-02-11,2026-07-08,15,90.0,90,25.556,43.0,34.5,58.0,269.0,0.43072,36.0,-0.96197,False
TSLA,call,mid,Wed-0DTE,11:00,OTM1,2026-02-11,2026-07-08,15,100.0,90,23.333,46.0,37.0,60.0,269.0,0.43072,36.0,-0.96197,False
TSLA,call,market,Wed-0DTE,11:00,OTM1,2026-02-11,2026-07-08,15,20.0,90,58.889,16.0,7.0,42.0,102.0,0.31174,36.0,-1.0,False
TSLA,call,market,Wed-0DTE,11:00,OTM1,2026-02-11,2026-07-08,15,25.0,90,55.556,20.5,8.0,45.0,135.5,0.31174,36.0,-1.0,False
TSLA,call,market,Wed-0DTE,11:00,OTM1,2026-02-11,2026-07-08,15,30.0,90,51.111,24.0,11.0,45.75,172.5,0.31174,36.0,-1.0,False
TSLA,call,market,Wed-0DTE,11:00,OTM1,2026-02-11,2026-07-08,15,40.0,90,43.333,31.0,13.0,47.0,222.0,0.31174,36.0,-1.0,False
TSLA,call,market,Wed-0DTE,11:00,OTM1,2026-02-11,2026-07-08,15,50.0,90,35.556,34.0,16.75,50.5,245.5,0.31174,36.0,-1.0,False
TSLA,call,market,Wed-0DTE,11:00,OTM1,2026-02-11,2026-07-08,15,60.0,90,28.889,40.5,26.0,55.25,266.5,0.31174,36.0,-1.0,False
TSLA,call,market,Wed-0DTE,11:00,OTM1,2026-02-11,2026-07-08,15,70.0,90,25.556,42.0,28.5,56.0,269.0,0.31174,36.0,-1.0,False
TSLA,call,market,Wed-0DTE,11:00,OTM1,2026-02-11,2026-07-08,15,75.0,90,25.556,45.0,28.5,56.5,269.0,0.31174,36.0,-1.0,False
TSLA,call,market,Wed-0DTE,11:00,OTM1,2026-02-11,2026-07-08,15,80.0,90,25.556,45.0,34.5,56.5,269.0,0.31174,36.0,-1.0,False
TSLA,call,market,Wed-0DTE,11:00,OTM1,2026-02-11,2026-07-08,15,90.0,90,23.333,46.0,37.0,56.0,269.0,0.31174,36.0,-1.0,False
TSLA,call,market,Wed-0DTE,11:00,OTM1,2026-02-11,2026-07-08,15,100.0,90,22.222,50.0,41.5,61.75,266.5,0.31174,36.0,-1.0,False
TSLA,call,mid,Wed-0DTE,11:30,OTM1,2026-02-11,2026-07-08,17,20.0,101,60.396,10.0,4.0,21.0,112.0,0.37162,22.0,-0.9589,False
TSLA,call,mid,Wed-0DTE,11:30,OTM1,2026-02-11,2026-07-08,17,25.0,101,57.426,12.0,5.0,21.0,113.0,0.37162,22.0,-0.9589,False
TSLA,call,mid,Wed-0DTE,11:30,OTM1,2026-02-11,2026-07-08,17,30.0,101,54.455,13.0,7.0,25.5,110.0,0.37162,22.0,-0.9589,False
TSLA,call,mid,Wed-0DTE,11:30,OTM1,2026-02-11,2026-07-08,17,40.0,101,47.525,16.0,9.0,33.5,122.0,0.37162,22.0,-0.9589,False
TSLA,call,mid,Wed-0DTE,11:30,OTM1,2026-02-11,2026-07-08,17,50.0,101,39.604,19.0,11.0,32.5,179.5,0.37162,22.0,-0.9589,False
TSLA,call,mid,Wed-0DTE,11:30,OTM1,2026-02-11,2026-07-08,17,60.0,101,31.683,21.0,14.25,32.5,193.5,0.37162,22.0,-0.9589,False
TSLA,call,mid,Wed-0DTE,11:30,OTM1,2026-02-11,2026-07-08,17,70.0,101,27.723,21.5,12.75,27.25,185.5,0.37162,22.0,-0.9589,False
TSLA,call,mid,Wed-0DTE,11:30,OTM1,2026-02-11,2026-07-08,17,75.0,101,25.743,21.5,15.5,27.0,190.5,0.37162,22.0,-0.9589,False
TSLA,call,mid,Wed-0DTE,11:30,OTM1,2026-02-11,2026-07-08,17,80.0,101,23.762,25.0,19.5,30.0,190.5,0.37162,22.0,-0.9589,False
TSLA,call,mid,Wed-0DTE,11:30,OTM1,2026-02-11,2026-07-08,17,90.0,101,21.782,26.0,18.5,34.5,194.5,0.37162,22.0,-0.9589,False
TSLA,call,mid,Wed-0DTE,11:30,OTM1,2026-02-11,2026-07-08,17,100.0,101,20.792,27.0,23.0,35.0,192.0,0.37162,22.0,-0.9589,False
TSLA,call,market,Wed-0DTE,11:30,OTM1,2026-02-11,2026-07-08,17,20.0,101,51.485,14.5,7.0,25.0,118.0,0.22901,22.0,-1.0,False
TSLA,call,market,Wed-0DTE,11:30,OTM1,2026-02-11,2026-07-08,17,25.0,101,49.505,15.5,8.25,30.75,115.0,0.22901,22.0,-1.0,False
TSLA,call,market,Wed-0DTE,11:30,OTM1,2026-02-11,2026-07-08,17,30.0,101,46.535,17.0,9.5,34.0,109.0,0.22901,22.0,-1.0,False
TSLA,call,market,Wed-0DTE,11:30,OTM1,2026-02-11,2026-07-08,17,40.0,101,36.634,21.0,11.0,34.0,182.0,0.22901,22.0,-1.0,False
TSLA,call,market,Wed-0DTE,11:30,OTM1,2026-02-11,2026-07-08,17,50.0,101,29.703,21.5,13.5,31.0,196.5,0.22901,22.0,-1.0,False
TSLA,call,market,Wed-0DTE,11:30,OTM1,2026-02-11,2026-07-08,17,60.0,101,25.743,22.5,15.5,29.25,190.5,0.22901,22.0,-1.0,False
TSLA,call,market,Wed-0DTE,11:30,OTM1,2026-02-11,2026-07-08,17,70.0,101,21.782,26.0,18.5,32.25,194.5,0.22901,22.0,-1.0,False
TSLA,call,market,Wed-0DTE,11:30,OTM1,2026-02-11,2026-07-08,17,75.0,101,21.782,26.0,18.5,34.5,194.5,0.22901,22.0,-1.0,False
TSLA,call,market,Wed-0DTE,11:30,OTM1,2026-02-11,2026-07-08,17,80.0,101,20.792,27.0,18.0,33.0,192.0,0.22901,22.0,-1.0,False
TSLA,call,market,Wed-0DTE,11:30,OTM1,2026-02-11,2026-07-08,17,90.0,101,18.812,26.0,20.0,36.0,197.0,0.22901,22.0,-1.0,False
TSLA,call,market,Wed-0DTE,11:30,OTM1,2026-02-11,2026-07-08,17,100.0,101,16.832,28.0,23.0,41.0,239.0,0.22901,22.0,-1.0,False
TSLA,call,mid,Wed-0DTE,12:00,OTM2+,2026-02-11,2026-07-08,17,20.0,307,51.466,9.5,4.0,21.0,36.5,0.22222,6.0,-0.8125,False
TSLA,call,mid,Wed-0DTE,12:00,OTM2+,2026-02-11,2026-07-08,17,25.0,307,48.534,11.0,4.0,22.0,36.0,0.22222,6.0,-0.8125,False
TSLA,call,mid,Wed-0DTE,12:00,OTM2+,2026-02-11,2026-07-08,17,30.0,307,38.436,11.5,5.0,24.75,44.0,0.22222,6.0,-0.8125,False
TSLA,call,mid,Wed-0DTE,12:00,OTM2+,2026-02-11,2026-07-08,17,40.0,307,31.27,14.0,6.0,25.25,43.0,0.22222,6.0,-0.8125,False
TSLA,call,mid,Wed-0DTE,12:00,OTM2+,2026-02-11,2026-07-08,17,50.0,307,24.756,15.5,8.0,25.25,63.5,0.22222,6.0,-0.8125,False
TSLA,call,mid,Wed-0DTE,12:00,OTM2+,2026-02-11,2026-07-08,17,60.0,307,20.195,14.5,8.0,26.75,68.5,0.22222,6.0,-0.8125,False
TSLA,call,mid,Wed-0DTE,12:00,OTM2+,2026-02-11,2026-07-08,17,70.0,307,19.218,18.0,10.0,26.5,63.0,0.22222,6.0,-0.8125,False
TSLA,call,mid,Wed-0DTE,12:00,OTM2+,2026-02-11,2026-07-08,17,75.0,307,18.567,18.0,10.0,27.0,51.0,0.22222,6.0,-0.8125,False
TSLA,call,mid,Wed-0DTE,12:00,OTM2+,2026-02-11,2026-07-08,17,80.0,307,17.264,18.0,11.0,28.0,76.0,0.22222,6.0,-0.8125,False
TSLA,call,mid,Wed-0DTE,12:00,OTM2+,2026-02-11,2026-07-08,17,90.0,307,14.007,19.0,11.0,26.5,81.0,0.22222,6.0,-0.8125,False
TSLA,call,mid,Wed-0DTE,12:00,OTM2+,2026-02-11,2026-07-08,17,100.0,307,13.029,18.5,11.75,29.0,83.5,0.22222,6.0,-0.8125,False
TSLA,call,market,Wed-0DTE,12:00,OTM2+,2026-02-11,2026-07-08,17,20.0,307,17.264,13.0,6.0,23.0,71.0,-0.28571,5.0,-1.0,False
TSLA,call,market,Wed-0DTE,12:00,OTM2+,2026-02-11,2026-07-08,17,25.0,307,15.309,13.0,6.5,21.0,72.0,-0.28571,5.0,-1.0,False
TSLA,call,market,Wed-0DTE,12:00,OTM2+,2026-02-11,2026-07-08,17,30.0,307,14.332,14.5,7.75,21.5,74.0,-0.28571,5.0,-1.0,False
TSLA,call,market,Wed-0DTE,12:00,OTM2+,2026-02-11,2026-07-08,17,40.0,307,12.052,16.0,10.0,21.0,71.0,-0.28571,5.0,-1.0,False
TSLA,call,market,Wed-0DTE,12:00,OTM2+,2026-02-11,2026-07-08,17,50.0,307,11.075,16.0,9.25,21.0,57.0,-0.28571,5.0,-1.0,False
TSLA,call,market,Wed-0DTE,12:00,OTM2+,2026-02-11,2026-07-08,17,60.0,307,9.772,16.0,10.25,21.0,55.5,-0.28571,5.0,-1.0,False
TSLA,call,market,Wed-0DTE,12:00,OTM2+,2026-02-11,2026-07-08,17,70.0,307,7.492,17.0,12.0,21.0,81.0,-0.28571,5.0,-1.0,False
TSLA,call,market,Wed-0DTE,12:00,OTM2+,2026-02-11,2026-07-08,17,75.0,307,7.166,18.5,13.25,22.75,83.5,-0.28571,5.0,-1.0,False
TSLA,call,market,Wed-0DTE,12:00,OTM2+,2026-02-11,2026-07-08,17,80.0,307,6.515,19.0,15.5,23.75,86.0,-0.28571,5.0,-1.0,False
TSLA,call,market,Wed-0DTE,12:00,OTM2+,2026-02-11,2026-07-08,17,90.0,307,5.863,21.0,17.25,25.5,140.0,-0.28571,5.0,-1.0,False
TSLA,call,market,Wed-0DTE,12:00,OTM2+,2026-02-11,2026-07-08,17,100.0,307,5.863,21.5,18.0,27.25,136.5,-0.28571,5.0,-1.0,False
TSLA,call,mid,Wed-0DTE,12:30,OTM1,2026-02-11,2026-07-08,18,20.0,103,67.961,12.0,4.0,49.75,88.5,0.34167,19.0,-0.94737,False
TSLA,call,mid,Wed-0DTE,12:30,OTM1,2026-02-11,2026-07-08,18,25.0,103,61.165,17.0,6.0,54.0,104.0,0.34167,19.0,-0.94737,False
TSLA,call,mid,Wed-0DTE,12:30,OTM1,2026-02-11,2026-07-08,18,30.0,103,52.427,17.5,6.0,59.75,109.0,0.34167,19.0,-0.94737,False
TSLA,call,mid,Wed-0DTE,12:30,OTM1,2026-02-11,2026-07-08,18,40.0,103,46.602,40.5,8.0,79.25,133.0,0.34167,19.0,-0.94737,False
TSLA,call,mid,Wed-0DTE,12:30,OTM1,2026-02-11,2026-07-08,18,50.0,103,39.806,64.0,18.0,107.0,169.0,0.34167,19.0,-0.94737,False
TSLA,call,mid,Wed-0DTE,12:30,OTM1,2026-02-11,2026-07-08,18,60.0,103,33.981,61.0,19.5,174.5,174.0,0.34167,19.0,-0.94737,False
TSLA,call,mid,Wed-0DTE,12:30,OTM1,2026-02-11,2026-07-08,18,70.0,103,30.097,72.0,19.5,183.5,174.0,0.34167,19.0,-0.94737,False
TSLA,call,mid,Wed-0DTE,12:30,OTM1,2026-02-11,2026-07-08,18,75.0,103,27.184,89.5,24.25,187.0,180.5,0.34167,19.0,-0.94737,False
TSLA,call,mid,Wed-0DTE,12:30,OTM1,2026-02-11,2026-07-08,18,80.0,103,26.214,94.0,28.5,185.5,179.0,0.34167,19.0,-0.94737,False
TSLA,call,mid,Wed-0DTE,12:30,OTM1,2026-02-11,2026-07-08,18,90.0,103,22.33,96.0,31.5,186.5,180.0,0.34167,19.0,-0.94737,False
TSLA,call,mid,Wed-0DTE,12:30,OTM1,2026-02-11,2026-07-08,18,100.0,103,16.505,95.0,38.0,172.0,179.0,0.34167,19.0,-0.94737,False
TSLA,call,market,Wed-0DTE,12:30,OTM1,2026-02-11,2026-07-08,18,20.0,103,46.602,21.0,6.75,73.5,149.5,0.18,19.0,-1.0,False
TSLA,call,market,Wed-0DTE,12:30,OTM1,2026-02-11,2026-07-08,18,25.0,103,43.689,40.0,8.0,78.0,164.0,0.18,19.0,-1.0,False
TSLA,call,market,Wed-0DTE,12:30,OTM1,2026-02-11,2026-07-08,18,30.0,103,42.718,43.5,12.25,100.5,166.5,0.18,19.0,-1.0,False
TSLA,call,market,Wed-0DTE,12:30,OTM1,2026-02-11,2026-07-08,18,40.0,103,36.893,54.5,18.0,113.75,173.0,0.18,19.0,-1.0,False
TSLA,call,market,Wed-0DTE,12:30,OTM1,2026-02-11,2026-07-08,18,50.0,103,32.039,65.0,21.0,181.0,174.0,0.18,19.0,-1.0,False
TSLA,call,market,Wed-0DTE,12:30,OTM1,2026-02-11,2026-07-08,18,60.0,103,26.214,91.0,22.0,183.5,179.0,0.18,19.0,-1.0,False
TSLA,call,market,Wed-0DTE,12:30,OTM1,2026-02-11,2026-07-08,18,70.0,103,24.272,96.0,34.0,185.0,178.0,0.18,19.0,-1.0,False
TSLA,call,market,Wed-0DTE,12:30,OTM1,2026-02-11,2026-07-08,18,75.0,103,21.359,95.5,35.0,184.5,179.0,0.18,19.0,-1.0,False
TSLA,call,market,Wed-0DTE,12:30,OTM1,2026-02-11,2026-07-08,18,80.0,103,19.417,95.5,60.75,184.25,178.5,0.18,19.0,-1.0,False
TSLA,call,market,Wed-0DTE,12:30,OTM1,2026-02-11,2026-07-08,18,90.0,103,15.534,96.5,89.5,170.25,174.5,0.18,19.0,-1.0,False
TSLA,call,market,Wed-0DTE,12:30,OTM1,2026-02-11,2026-07-08,18,100.0,103,13.592,96.5,88.5,165.75,171.5,0.18,19.0,-1.0,False
TSLA,call,mid,Wed-0DTE,13:00,OTM2+,2026-02-11,2026-07-08,16,20.0,313,43.45,13.0,5.0,26.0,39.0,0.16667,6.0,-0.625,False
TSLA,call,mid,Wed-0DTE,13:00,OTM2+,2026-02-11,2026-07-08,16,25.0,313,41.853,14.0,5.0,26.0,39.0,0.16667,6.0,-0.625,False
TSLA,call,mid,Wed-0DTE,13:00,OTM2+,2026-02-11,2026-07-08,16,30.0,313,36.422,16.0,6.0,26.0,42.0,0.16667,6.0,-0.625,False
TSLA,call,mid,Wed-0DTE,13:00,OTM2+,2026-02-11,2026-07-08,16,40.0,313,29.712,16.0,7.0,27.0,44.0,0.16667,6.0,-0.625,False
TSLA,call,mid,Wed-0DTE,13:00,OTM2+,2026-02-11,2026-07-08,16,50.0,313,24.281,17.0,10.0,36.5,45.0,0.16667,6.0,-0.625,False
TSLA,call,mid,Wed-0DTE,13:00,OTM2+,2026-02-11,2026-07-08,16,60.0,313,17.572,17.0,10.5,37.0,55.0,0.16667,6.0,-0.625,False
TSLA,call,mid,Wed-0DTE,13:00,OTM2+,2026-02-11,2026-07-08,16,70.0,313,14.696,19.5,12.0,43.0,66.5,0.16667,6.0,-0.625,False
TSLA,call,mid,Wed-0DTE,13:00,OTM2+,2026-02-11,2026-07-08,16,75.0,313,13.419,20.0,12.0,47.25,70.5,0.16667,6.0,-0.625,False
TSLA,call,mid,Wed-0DTE,13:00,OTM2+,2026-02-11,2026-07-08,16,80.0,313,11.502,20.0,11.75,48.5,75.5,0.16667,6.0,-0.625,False
TSLA,call,mid,Wed-0DTE,13:00,OTM2+,2026-02-11,2026-07-08,16,90.0,313,10.224,25.5,11.75,60.0,81.5,0.16667,6.0,-0.625,False
TSLA,call,mid,Wed-0DTE,13:00,OTM2+,2026-02-11,2026-07-08,16,100.0,313,9.585,36.5,13.0,60.75,82.0,0.16667,6.0,-0.625,False
TSLA,call,market,Wed-0DTE,13:00,OTM2+,2026-02-11,2026-07-08,16,20.0,313,11.502,26.0,11.0,41.5,59.0,-0.5625,2.0,-1.0,False
TSLA,call,market,Wed-0DTE,13:00,OTM2+,2026-02-11,2026-07-08,16,25.0,313,10.543,30.0,11.0,44.0,69.0,-0.5625,2.0,-1.0,False
TSLA,call,market,Wed-0DTE,13:00,OTM2+,2026-02-11,2026-07-08,16,30.0,313,10.543,31.0,11.0,44.0,69.0,-0.5625,2.0,-1.0,False
TSLA,call,market,Wed-0DTE,13:00,OTM2+,2026-02-11,2026-07-08,16,40.0,313,7.987,37.0,11.0,65.0,77.0,-0.5625,2.0,-1.0,False
TSLA,call,market,Wed-0DTE,13:00,OTM2+,2026-02-11,2026-07-08,16,50.0,313,6.07,42.0,12.5,72.5,86.0,-0.5625,2.0,-1.0,False
TSLA,call,market,Wed-0DTE,13:00,OTM2+,2026-02-11,2026-07-08,16,60.0,313,5.431,39.0,29.0,70.0,87.0,-0.5625,2.0,-1.0,False
TSLA,call,market,Wed-0DTE,13:00,OTM2+,2026-02-11,2026-07-08,16,70.0,313,5.112,41.0,34.0,67.25,81.0,-0.5625,2.0,-1.0,False
TSLA,call,market,Wed-0DTE,13:00,OTM2+,2026-02-11,2026-07-08,16,75.0,313,4.792,45.0,36.5,71.5,82.0,-0.5625,2.0,-1.0,False
TSLA,call,market,Wed-0DTE,13:00,OTM2+,2026-02-11,2026-07-08,16,80.0,313,4.473,46.5,38.5,71.75,84.0,-0.5625,2.0,-1.0,False
TSLA,call,market,Wed-0DTE,13:00,OTM2+,2026-02-11,2026-07-08,16,90.0,313,4.153,63.0,42.0,72.0,86.0,-0.5625,2.0,-1.0,False
TSLA,call,market,Wed-0DTE,13:00,OTM2+,2026-02-11,2026-07-08,16,100.0,313,3.834,65.0,54.25,76.0,113.0,-0.5625,2.0,-1.0,False
TSLA,call,mid,Wed-0DTE,13:30,OTM1,2026-02-11,2026-07-08,18,20.0,104,64.423,7.0,3.0,18.0,57.0,0.3101,14.0,-0.93478,False
TSLA,call,mid,Wed-0DTE,13:30,OTM1,2026-02-11,2026-07-08,18,25.0,104,58.654,7.0,3.0,20.0,59.0,0.3101,14.0,-0.93478,False
TSLA,call,mid,Wed-0DTE,13:30,OTM1,2026-02-11,2026-07-08,18,30.0,104,50.962,13.0,4.0,27.0,104.0,0.3101,14.0,-0.93478,False
TSLA,call,mid,Wed-0DTE,13:30,OTM1,2026-02-11,2026-07-08,18,40.0,104,46.154,15.5,6.75,29.25,110.5,0.3101,14.0,-0.93478,False
TSLA,call,mid,Wed-0DTE,13:30,OTM1,2026-02-11,2026-07-08,18,50.0,104,42.308,19.5,9.75,30.0,106.0,0.3101,14.0,-0.93478,False
TSLA,call,mid,Wed-0DTE,13:30,OTM1,2026-02-11,2026-07-08,18,60.0,104,39.423,23.0,13.0,33.0,109.0,0.3101,14.0,-0.93478,False
TSLA,call,mid,Wed-0DTE,13:30,OTM1,2026-02-11,2026-07-08,18,70.0,104,37.5,29.0,16.0,40.5,105.0,0.3101,14.0,-0.93478,False
TSLA,call,mid,Wed-0DTE,13:30,OTM1,2026-02-11,2026-07-08,18,75.0,104,34.615,28.5,14.5,39.25,109.0,0.3101,14.0,-0.93478,False
TSLA,call,mid,Wed-0DTE,13:30,OTM1,2026-02-11,2026-07-08,18,80.0,104,31.731,31.0,18.0,43.0,113.0,0.3101,14.0,-0.93478,False
TSLA,call,mid,Wed-0DTE,13:30,OTM1,2026-02-11,2026-07-08,18,90.0,104,30.769,32.0,18.75,47.25,113.5,0.3101,14.0,-0.93478,False
TSLA,call,mid,Wed-0DTE,13:30,OTM1,2026-02-11,2026-07-08,18,100.0,104,28.846,36.5,24.75,47.75,112.5,0.3101,14.0,-0.93478,False
TSLA,call,market,Wed-0DTE,13:30,OTM1,2026-02-11,2026-07-08,18,20.0,104,47.115,18.0,9.0,29.0,104.0,0.13167,14.0,-1.0,False
TSLA,call,market,Wed-0DTE,13:30,OTM1,2026-02-11,2026-07-08,18,25.0,104,45.192,18.0,9.0,30.0,104.0,0.13167,14.0,-1.0,False
TSLA,call,market,Wed-0DTE,13:30,OTM1,2026-02-11,2026-07-08,18,30.0,104,40.385,21.5,9.25,33.0,110.5,0.13167,14.0,-1.0,False
TSLA,call,market,Wed-0DTE,13:30,OTM1,2026-02-11,2026-07-08,18,40.0,104,39.423,29.0,13.0,43.0,109.0,0.13167,14.0,-1.0,False
TSLA,call,market,Wed-0DTE,13:30,OTM1,2026-02-11,2026-07-08,18,50.0,104,35.577,30.0,18.0,43.0,109.0,0.13167,14.0,-1.0,False
TSLA,call,market,Wed-0DTE,13:30,OTM1,2026-02-11,2026-07-08,18,60.0,104,32.692,32.5,19.5,44.5,110.5,0.13167,14.0,-1.0,False
TSLA,call,market,Wed-0DTE,13:30,OTM1,2026-02-11,2026-07-08,18,70.0,104,30.769,36.5,24.75,49.0,106.5,0.13167,14.0,-1.0,False
TSLA,call,market,Wed-0DTE,13:30,OTM1,2026-02-11,2026-07-08,18,75.0,104,29.808,39.0,28.0,50.0,109.0,0.13167,14.0,-1.0,False
TSLA,call,market,Wed-0DTE,13:30,OTM1,2026-02-11,2026-07-08,18,80.0,104,28.846,40.0,28.75,54.25,107.0,0.13167,14.0,-1.0,False
TSLA,call,market,Wed-0DTE,13:30,OTM1,2026-02-11,2026-07-08,18,90.0,104,24.038,44.0,31.0,110.0,119.0,0.13167,14.0,-1.0,False
TSLA,call,market,Wed-0DTE,13:30,OTM1,2026-02-11,2026-07-08,18,100.0,104,22.115,49.0,37.0,116.0,120.0,0.13167,14.0,-1.0,False
TSLA,call,mid,Wed-0DTE,14:00,OTM1,2026-02-11,2026-07-08,18,20.0,104,63.462,6.0,3.0,25.75,79.0,0.36576,16.5,-0.89737,False
TSLA,call,mid,Wed-0DTE,14:00,OTM1,2026-02-11,2026-07-08,18,25.0,104,59.615,10.0,4.25,40.75,86.5,0.36576,16.5,-0.89737,False
TSLA,call,mid,Wed-0DTE,14:00,OTM1,2026-02-11,2026-07-08,18,30.0,104,58.654,11.0,5.0,37.0,89.0,0.36576,16.5,-0.89737,False
TSLA,call,mid,Wed-0DTE,14:00,OTM1,2026-02-11,2026-07-08,18,40.0,104,47.115,16.0,7.0,46.0,94.0,0.36576,16.5,-0.89737,False
TSLA,call,mid,Wed-0DTE,14:00,OTM1,2026-02-11,2026-07-08,18,50.0,104,44.231,24.0,10.25,83.0,94.0,0.36576,16.5,-0.89737,False
TSLA,call,mid,Wed-0DTE,14:00,OTM1,2026-02-11,2026-07-08,18,60.0,104,44.231,27.0,11.25,83.0,94.0,0.36576,16.5,-0.89737,False
TSLA,call,mid,Wed-0DTE,14:00,OTM1,2026-02-11,2026-07-08,18,70.0,104,40.385,32.0,12.0,83.0,94.0,0.36576,16.5,-0.89737,False
TSLA,call,mid,Wed-0DTE,14:00,OTM1,2026-02-11,2026-07-08,18,75.0,104,38.462,35.5,11.5,85.5,94.0,0.36576,16.5,-0.89737,False
TSLA,call,mid,Wed-0DTE,14:00,OTM1,2026-02-11,2026-07-08,18,80.0,104,38.462,35.5,12.0,85.5,94.0,0.36576,16.5,-0.89737,False
TSLA,call,mid,Wed-0DTE,14:00,OTM1,2026-02-11,2026-07-08,18,90.0,104,35.577,41.0,15.0,87.0,94.0,0.36576,16.5,-0.89737,False
TSLA,call,mid,Wed-0DTE,14:00,OTM1,2026-02-11,2026-07-08,18,100.0,104,31.731,41.0,13.0,87.0,94.0,0.36576,16.5,-0.89737,False
TSLA,call,market,Wed-0DTE,14:00,OTM1,2026-02-11,2026-07-08,18,20.0,104,47.115,22.0,7.0,52.0,94.0,0.16369,16.5,-1.0,False
TSLA,call,market,Wed-0DTE,14:00,OTM1,2026-02-11,2026-07-08,18,25.0,104,45.192,25.0,10.0,81.0,94.0,0.16369,16.5,-1.0,False
TSLA,call,market,Wed-0DTE,14:00,OTM1,2026-02-11,2026-07-08,18,30.0,104,45.192,29.0,10.0,81.0,94.0,0.16369,16.5,-1.0,False
TSLA,call,market,Wed-0DTE,14:00,OTM1,2026-02-11,2026-07-08,18,40.0,104,42.308,35.5,11.5,87.5,94.0,0.16369,16.5,-1.0,False
TSLA,call,market,Wed-0DTE,14:00,OTM1,2026-02-11,2026-07-08,18,50.0,104,39.423,40.0,15.0,87.0,94.0,0.16369,16.5,-1.0,False
TSLA,call,market,Wed-0DTE,14:00,OTM1,2026-02-11,2026-07-08,18,60.0,104,36.538,43.0,15.5,86.5,94.0,0.16369,16.5,-1.0,False
TSLA,call,market,Wed-0DTE,14:00,OTM1,2026-02-11,2026-07-08,18,70.0,104,31.731,44.0,18.0,87.0,94.0,0.16369,16.5,-1.0,False
TSLA,call,market,Wed-0DTE,14:00,OTM1,2026-02-11,2026-07-08,18,75.0,104,31.731,44.0,18.0,87.0,94.0,0.16369,16.5,-1.0,False
TSLA,call,market,Wed-0DTE,14:00,OTM1,2026-02-11,2026-07-08,18,80.0,104,31.731,50.0,19.0,90.0,94.0,0.16369,16.5,-1.0,False
TSLA,call,market,Wed-0DTE,14:00,OTM1,2026-02-11,2026-07-08,18,90.0,104,29.808,69.0,21.5,90.0,94.0,0.16369,16.5,-1.0,False
TSLA,call,market,Wed-0DTE,14:00,OTM1,2026-02-11,2026-07-08,18,100.0,104,28.846,77.0,24.25,90.0,94.0,0.16369,16.5,-1.0,False
TSLA,call,mid,Wed-0DTE,14:30,ATM,2026-02-11,2026-07-08,19,20.0,114,71.93,8.0,3.0,20.75,69.0,0.60564,47.0,-0.72447,False
TSLA,call,mid,Wed-0DTE,14:30,ATM,2026-02-11,2026-07-08,19,25.0,114,71.053,11.0,5.0,29.0,69.0,0.60564,47.0,-0.72447,False
TSLA,call,mid,Wed-0DTE,14:30,ATM,2026-02-11,2026-07-08,19,30.0,114,64.912,15.0,5.25,31.75,69.0,0.60564,47.0,-0.72447,False
TSLA,call,mid,Wed-0DTE,14:30,ATM,2026-02-11,2026-07-08,19,40.0,114,57.018,17.0,8.0,60.0,69.0,0.60564,47.0,-0.72447,False
TSLA,call,mid,Wed-0DTE,14:30,ATM,2026-02-11,2026-07-08,19,50.0,114,52.632,22.5,9.75,60.0,69.0,0.60564,47.0,-0.72447,False
TSLA,call,mid,Wed-0DTE,14:30,ATM,2026-02-11,2026-07-08,19,60.0,114,50.0,23.0,12.0,62.0,69.0,0.60564,47.0,-0.72447,False
TSLA,call,mid,Wed-0DTE,14:30,ATM,2026-02-11,2026-07-08,19,70.0,114,46.491,34.0,15.0,65.0,69.0,0.60564,47.0,-0.72447,False
TSLA,call,mid,Wed-0DTE,14:30,ATM,2026-02-11,2026-07-08,19,75.0,114,45.614,44.0,19.0,65.0,69.0,0.60564,47.0,-0.72447,False
TSLA,call,mid,Wed-0DTE,14:30,ATM,2026-02-11,2026-07-08,19,80.0,114,42.105,39.0,20.0,62.75,69.0,0.60564,47.0,-0.72447,False
TSLA,call,mid,Wed-0DTE,14:30,ATM,2026-02-11,2026-07-08,19,90.0,114,39.474,42.0,22.0,62.0,69.0,0.60564,47.0,-0.72447,False
TSLA,call,mid,Wed-0DTE,14:30,ATM,2026-02-11,2026-07-08,19,100.0,114,37.719,47.0,25.5,64.5,69.0,0.60564,47.0,-0.72447,False
TSLA,call,market,Wed-0DTE,14:30,ATM,2026-02-11,2026-07-08,19,20.0,114,65.789,15.0,5.5,31.0,69.0,0.47222,47.0,-0.77607,False
TSLA,call,market,Wed-0DTE,14:30,ATM,2026-02-11,2026-07-08,19,25.0,114,61.404,16.5,7.25,39.0,69.0,0.47222,47.0,-0.77607,False
TSLA,call,market,Wed-0DTE,14:30,ATM,2026-02-11,2026-07-08,19,30.0,114,56.14,17.5,8.0,60.0,69.0,0.47222,47.0,-0.77607,False
TSLA,call,market,Wed-0DTE,14:30,ATM,2026-02-11,2026-07-08,19,40.0,114,53.509,23.0,9.0,60.0,69.0,0.47222,47.0,-0.77607,False
TSLA,call,market,Wed-0DTE,14:30,ATM,2026-02-11,2026-07-08,19,50.0,114,48.246,23.0,13.0,62.0,69.0,0.47222,47.0,-0.77607,False
TSLA,call,market,Wed-0DTE,14:30,ATM,2026-02-11,2026-07-08,19,60.0,114,44.737,42.0,19.0,65.0,69.0,0.47222,47.0,-0.77607,False
TSLA,call,market,Wed-0DTE,14:30,ATM,2026-02-11,2026-07-08,19,70.0,114,42.105,45.5,20.0,62.75,69.0,0.47222,47.0,-0.77607,False
TSLA,call,market,Wed-0DTE,14:30,ATM,2026-02-11,2026-07-08,19,75.0,114,41.228,46.0,20.0,61.5,69.0,0.47222,47.0,-0.77607,False
TSLA,call,market,Wed-0DTE,14:30,ATM,2026-02-11,2026-07-08,19,80.0,114,39.474,42.0,22.0,64.0,69.0,0.47222,47.0,-0.77607,False
TSLA,call,market,Wed-0DTE,14:30,ATM,2026-02-11,2026-07-08,19,90.0,114,36.842,45.0,25.0,61.5,69.0,0.47222,47.0,-0.77607,False
TSLA,call,market,Wed-0DTE,14:30,ATM,2026-02-11,2026-07-08,19,100.0,114,34.211,54.0,28.5,63.0,69.0,0.47222,47.0,-0.77607,False
TSLA,call,mid,Wed-0DTE,15:00,OTM1,2026-02-11,2026-07-08,18,20.0,103,66.99,4.0,2.0,12.0,34.0,0.64444,10.0,-0.73529,False
TSLA,call,mid,Wed-0DTE,15:00,OTM1,2026-02-11,2026-07-08,18,25.0,103,66.019,4.5,2.0,13.25,34.0,0.64444,10.0,-0.73529,False
TSLA,call,mid,Wed-0DTE,15:00,OTM1,2026-02-11,2026-07-08,18,30.0,103,63.107,5.0,3.0,14.0,34.0,0.64444,10.0,-0.73529,False
TSLA,call,mid,Wed-0DTE,15:00,OTM1,2026-02-11,2026-07-08,18,40.0,103,61.165,8.0,3.0,18.5,34.0,0.64444,10.0,-0.73529,False
TSLA,call,mid,Wed-0DTE,15:00,OTM1,2026-02-11,2026-07-08,18,50.0,103,58.252,11.0,4.0,21.5,34.0,0.64444,10.0,-0.73529,False
TSLA,call,mid,Wed-0DTE,15:00,OTM1,2026-02-11,2026-07-08,18,60.0,103,51.456,12.0,6.0,23.0,34.0,0.64444,10.0,-0.73529,False
TSLA,call,mid,Wed-0DTE,15:00,OTM1,2026-02-11,2026-07-08,18,70.0,103,48.544,13.0,6.0,27.5,34.0,0.64444,10.0,-0.73529,False
TSLA,call,mid,Wed-0DTE,15:00,OTM1,2026-02-11,2026-07-08,18,75.0,103,48.544,14.5,6.25,27.5,34.0,0.64444,10.0,-0.73529,False
TSLA,call,mid,Wed-0DTE,15:00,OTM1,2026-02-11,2026-07-08,18,80.0,103,47.573,15.0,7.0,28.0,34.0,0.64444,10.0,-0.73529,False
TSLA,call,mid,Wed-0DTE,15:00,OTM1,2026-02-11,2026-07-08,18,90.0,103,43.689,15.0,9.0,26.0,34.0,0.64444,10.0,-0.73529,False
TSLA,call,mid,Wed-0DTE,15:00,OTM1,2026-02-11,2026-07-08,18,100.0,103,41.748,17.0,10.0,30.0,34.0,0.64444,10.0,-0.73529,False
TSLA,call,market,Wed-0DTE,15:00,OTM1,2026-02-11,2026-07-08,18,20.0,103,47.573,14.0,6.0,27.0,34.0,0.1,10.0,-1.0,False
TSLA,call,market,Wed-0DTE,15:00,OTM1,2026-02-11,2026-07-08,18,25.0,103,46.602,15.0,6.75,29.0,34.0,0.1,10.0,-1.0,False
TSLA,call,market,Wed-0DTE,15:00,OTM1,2026-02-11,2026-07-08,18,30.0,103,45.631,15.0,6.5,29.0,34.0,0.1,10.0,-1.0,False
TSLA,call,market,Wed-0DTE,15:00,OTM1,2026-02-11,2026-07-08,18,40.0,103,42.718,16.0,9.75,31.0,34.5,0.1,10.0,-1.0,False
TSLA,call,market,Wed-0DTE,15:00,OTM1,2026-02-11,2026-07-08,18,50.0,103,36.893,16.5,11.0,33.0,34.0,0.1,10.0,-1.0,False
TSLA,call,market,Wed-0DTE,15:00,OTM1,2026-02-11,2026-07-08,18,60.0,103,34.951,18.0,11.0,35.0,34.0,0.1,10.0,-1.0,False
TSLA,call,market,Wed-0DTE,15:00,OTM1,2026-02-11,2026-07-08,18,70.0,103,32.039,25.0,12.0,35.0,35.0,0.1,10.0,-1.0,False
TSLA,call,market,Wed-0DTE,15:00,OTM1,2026-02-11,2026-07-08,18,75.0,103,31.068,25.0,12.0,36.25,35.0,0.1,10.0,-1.0,False
TSLA,call,market,Wed-0DTE,15:00,OTM1,2026-02-11,2026-07-08,18,80.0,103,28.155,26.0,12.0,37.0,35.0,0.1,10.0,-1.0,False
TSLA,call,market,Wed-0DTE,15:00,OTM1,2026-02-11,2026-07-08,18,90.0,103,27.184,26.0,13.5,37.75,34.5,0.1,10.0,-1.0,False
TSLA,call,market,Wed-0DTE,15:00,OTM1,2026-02-11,2026-07-08,18,100.0,103,27.184,27.5,16.25,37.75,34.5,0.1,10.0,-1.0,False
TSLA,call,mid,Wed-0DTE,15:30,OTM1,2026-02-11,2026-07-08,18,20.0,18,72.222,3.0,1.0,5.0,19.0,0.59936,8.5,-0.59341,True
TSLA,call,mid,Wed-0DTE,15:30,OTM1,2026-02-11,2026-07-08,18,25.0,18,72.222,5.0,2.0,7.0,19.0,0.59936,8.5,-0.59341,True
TSLA,call,mid,Wed-0DTE,15:30,OTM1,2026-02-11,2026-07-08,18,30.0,18,66.667,5.0,3.5,9.25,19.5,0.59936,8.5,-0.59341,True
TSLA,call,mid,Wed-0DTE,15:30,OTM1,2026-02-11,2026-07-08,18,40.0,18,55.556,8.0,5.25,9.75,20.5,0.59936,8.5,-0.59341,True
TSLA,call,mid,Wed-0DTE,15:30,OTM1,2026-02-11,2026-07-08,18,50.0,18,55.556,8.0,6.25,10.0,20.5,0.59936,8.5,-0.59341,True
TSLA,call,mid,Wed-0DTE,15:30,OTM1,2026-02-11,2026-07-08,18,60.0,18,50.0,9.0,7.0,12.0,21.0,0.59936,8.5,-0.59341,True
TSLA,call,mid,Wed-0DTE,15:30,OTM1,2026-02-11,2026-07-08,18,70.0,18,44.444,8.0,6.75,11.25,23.0,0.59936,8.5,-0.59341,True
TSLA,call,mid,Wed-0DTE,15:30,OTM1,2026-02-11,2026-07-08,18,75.0,18,38.889,7.0,6.5,10.5,25.0,0.59936,8.5,-0.59341,True
TSLA,call,mid,Wed-0DTE,15:30,OTM1,2026-02-11,2026-07-08,18,80.0,18,38.889,9.0,7.0,12.0,25.0,0.59936,8.5,-0.59341,True
TSLA,call,mid,Wed-0DTE,15:30,OTM1,2026-02-11,2026-07-08,18,90.0,18,38.889,9.0,7.0,12.0,25.0,0.59936,8.5,-0.59341,True
TSLA,call,mid,Wed-0DTE,15:30,OTM1,2026-02-11,2026-07-08,18,100.0,18,38.889,9.0,7.5,15.5,25.0,0.59936,8.5,-0.59341,True
TSLA,call,market,Wed-0DTE,15:30,OTM1,2026-02-11,2026-07-08,18,20.0,18,27.778,12.0,9.0,19.0,29.0,-0.20728,8.5,-1.0,True
TSLA,call,market,Wed-0DTE,15:30,OTM1,2026-02-11,2026-07-08,18,25.0,18,27.778,12.0,9.0,19.0,29.0,-0.20728,8.5,-1.0,True
TSLA,call,market,Wed-0DTE,15:30,OTM1,2026-02-11,2026-07-08,18,30.0,18,27.778,12.0,9.0,20.0,29.0,-0.20728,8.5,-1.0,True
TSLA,call,market,Wed-0DTE,15:30,OTM1,2026-02-11,2026-07-08,18,40.0,18,27.778,12.0,9.0,20.0,29.0,-0.20728,8.5,-1.0,True
TSLA,call,market,Wed-0DTE,15:30,OTM1,2026-02-11,2026-07-08,18,50.0,18,27.778,12.0,10.0,20.0,29.0,-0.20728,8.5,-1.0,True
TSLA,call,market,Wed-0DTE,15:30,OTM1,2026-02-11,2026-07-08,18,60.0,18,27.778,12.0,10.0,20.0,29.0,-0.20728,8.5,-1.0,True
TSLA,call,market,Wed-0DTE,15:30,OTM1,2026-02-11,2026-07-08,18,70.0,18,27.778,12.0,10.0,20.0,29.0,-0.20728,8.5,-1.0,True
TSLA,call,market,Wed-0DTE,15:30,OTM1,2026-02-11,2026-07-08,18,75.0,18,27.778,12.0,10.0,20.0,29.0,-0.20728,8.5,-1.0,True
TSLA,call,market,Wed-0DTE,15:30,OTM1,2026-02-11,2026-07-08,18,80.0,18,27.778,16.0,10.0,20.0,29.0,-0.20728,8.5,-1.0,True
TSLA,call,market,Wed-0DTE,15:30,OTM1,2026-02-11,2026-07-08,18,90.0,18,27.778,16.0,13.0,20.0,29.0,-0.20728,8.5,-1.0,True
TSLA,call,market,Wed-0DTE,15:30,OTM1,2026-02-11,2026-07-08,18,100.0,18,27.778,16.0,13.0,20.0,29.0,-0.20728,8.5,-1.0,True
TSLA,call,mid,Wed-0DTE,11:00,OTM2+,2026-02-11,2026-07-08,16,20.0,316,63.924,9.5,4.0,31.5,47.5,0.28571,16.5,-0.88,False
TSLA,call,mid,Wed-0DTE,11:00,OTM2+,2026-02-11,2026-07-08,16,25.0,316,57.278,13.0,5.0,36.0,55.0,0.28571,16.5,-0.88,False
TSLA,call,mid,Wed-0DTE,11:00,OTM2+,2026-02-11,2026-07-08,16,30.0,316,48.418,16.0,6.0,42.0,63.0,0.28571,16.5,-0.88,False
TSLA,call,mid,Wed-0DTE,11:00,OTM2+,2026-02-11,2026-07-08,16,40.0,316,41.772,25.5,10.5,46.0,61.5,0.28571,16.5,-0.88,False
TSLA,call,mid,Wed-0DTE,11:00,OTM2+,2026-02-11,2026-07-08,16,50.0,316,32.911,36.0,12.0,49.0,113.5,0.28571,16.5,-0.88,False
TSLA,call,mid,Wed-0DTE,11:00,OTM2+,2026-02-11,2026-07-08,16,60.0,316,26.266,39.0,20.5,56.0,165.0,0.28571,16.5,-0.88,False
TSLA,call,mid,Wed-0DTE,11:00,OTM2+,2026-02-11,2026-07-08,16,70.0,316,23.418,39.0,25.0,57.5,169.5,0.28571,16.5,-0.88,False
TSLA,call,mid,Wed-0DTE,11:00,OTM2+,2026-02-11,2026-07-08,16,75.0,316,22.785,41.0,23.75,60.25,169.5,0.28571,16.5,-0.88,False
TSLA,call,mid,Wed-0DTE,11:00,OTM2+,2026-02-11,2026-07-08,16,80.0,316,22.785,42.0,23.75,61.5,169.0,0.28571,16.5,-0.88,False
TSLA,call,mid,Wed-0DTE,11:00,OTM2+,2026-02-11,2026-07-08,16,90.0,316,21.835,45.0,32.0,63.0,169.0,0.28571,16.5,-0.88,False
TSLA,call,mid,Wed-0DTE,11:00,OTM2+,2026-02-11,2026-07-08,16,100.0,316,20.886,48.0,38.0,64.75,169.0,0.28571,16.5,-0.88,False
TSLA,call,market,Wed-0DTE,11:00,OTM2+,2026-02-11,2026-07-08,16,20.0,316,29.114,24.5,10.0,47.0,106.5,-0.03465,16.0,-1.0,False
TSLA,call,market,Wed-0DTE,11:00,OTM2+,2026-02-11,2026-07-08,16,25.0,316,27.215,31.0,12.0,47.0,155.0,-0.03465,16.0,-1.0,False
TSLA,call,market,Wed-0DTE,11:00,OTM2+,2026-02-11,2026-07-08,16,30.0,316,24.684,34.0,13.5,49.75,159.0,-0.03465,16.0,-1.0,False
TSLA,call,market,Wed-0DTE,11:00,OTM2+,2026-02-11,2026-07-08,16,40.0,316,21.203,40.0,21.0,54.5,169.0,-0.03465,16.0,-1.0,False
TSLA,call,market,Wed-0DTE,11:00,OTM2+,2026-02-11,2026-07-08,16,50.0,316,19.62,44.5,29.75,57.75,174.0,-0.03465,16.0,-1.0,False
TSLA,call,market,Wed-0DTE,11:00,OTM2+,2026-02-11,2026-07-08,16,60.0,316,18.354,47.5,34.25,63.0,171.0,-0.03465,16.0,-1.0,False
TSLA,call,market,Wed-0DTE,11:00,OTM2+,2026-02-11,2026-07-08,16,70.0,316,18.038,50.0,39.0,63.0,169.0,-0.03465,16.0,-1.0,False
TSLA,call,market,Wed-0DTE,11:00,OTM2+,2026-02-11,2026-07-08,16,75.0,316,17.405,53.0,40.0,64.5,169.0,-0.03465,16.0,-1.0,False
TSLA,call,market,Wed-0DTE,11:00,OTM2+,2026-02-11,2026-07-08,16,80.0,316,17.405,53.0,40.5,65.0,169.0,-0.03465,16.0,-1.0,False
TSLA,call,market,Wed-0DTE,11:00,OTM2+,2026-02-11,2026-07-08,16,90.0,316,16.772,56.0,45.0,68.0,169.0,-0.03465,16.0,-1.0,False
TSLA,call,market,Wed-0DTE,11:00,OTM2+,2026-02-11,2026-07-08,16,100.0,316,16.139,58.0,46.5,73.0,164.0,-0.03465,16.0,-1.0,False
TSLA,call,mid,Wed-0DTE,11:30,OTM2+,2026-02-11,2026-07-08,17,20.0,308,62.662,10.0,4.0,21.0,45.0,0.32668,13.5,-0.83333,False
TSLA,call,mid,Wed-0DTE,11:30,OTM2+,2026-02-11,2026-07-08,17,25.0,308,58.442,12.0,5.0,22.0,45.0,0.32668,13.5,-0.83333,False
TSLA,call,mid,Wed-0DTE,11:30,OTM2+,2026-02-11,2026-07-08,17,30.0,308,52.273,13.0,6.0,22.0,45.0,0.32668,13.5,-0.83333,False
TSLA,call,mid,Wed-0DTE,11:30,OTM2+,2026-02-11,2026-07-08,17,40.0,308,41.558,14.0,6.0,25.25,43.0,0.32668,13.5,-0.83333,False
TSLA,call,mid,Wed-0DTE,11:30,OTM2+,2026-02-11,2026-07-08,17,50.0,308,35.065,15.0,8.0,27.0,42.5,0.32668,13.5,-0.83333,False
TSLA,call,mid,Wed-0DTE,11:30,OTM2+,2026-02-11,2026-07-08,17,60.0,308,29.221,17.0,9.25,25.75,58.5,0.32668,13.5,-0.83333,False
TSLA,call,mid,Wed-0DTE,11:30,OTM2+,2026-02-11,2026-07-08,17,70.0,308,25.649,18.0,11.5,27.5,124.0,0.32668,13.5,-0.83333,False
TSLA,call,mid,Wed-0DTE,11:30,OTM2+,2026-02-11,2026-07-08,17,75.0,308,25.649,19.0,12.0,28.0,124.0,0.32668,13.5,-0.83333,False
TSLA,call,mid,Wed-0DTE,11:30,OTM2+,2026-02-11,2026-07-08,17,80.0,308,24.675,20.0,12.75,28.0,124.0,0.32668,13.5,-0.83333,False
TSLA,call,mid,Wed-0DTE,11:30,OTM2+,2026-02-11,2026-07-08,17,90.0,308,23.377,21.5,15.75,30.0,124.5,0.32668,13.5,-0.83333,False
TSLA,call,mid,Wed-0DTE,11:30,OTM2+,2026-02-11,2026-07-08,17,100.0,308,21.429,22.0,16.0,33.0,129.0,0.32668,13.5,-0.83333,False
TSLA,call,market,Wed-0DTE,11:30,OTM2+,2026-02-11,2026-07-08,17,20.0,308,25.649,15.0,8.0,24.0,61.0,-0.14286,12.5,-1.0,False
TSLA,call,market,Wed-0DTE,11:30,OTM2+,2026-02-11,2026-07-08,17,25.0,308,23.377,17.0,8.0,26.0,96.5,-0.14286,12.5,-1.0,False
TSLA,call,market,Wed-0DTE,11:30,OTM2+,2026-02-11,2026-07-08,17,30.0,308,21.429,18.0,10.0,27.0,124.0,-0.14286,12.5,-1.0,False
TSLA,call,market,Wed-0DTE,11:30,OTM2+,2026-02-11,2026-07-08,17,40.0,308,19.481,20.0,12.75,28.0,124.0,-0.14286,12.5,-1.0,False
TSLA,call,market,Wed-0DTE,11:30,OTM2+,2026-02-11,2026-07-08,17,50.0,308,17.857,22.0,15.0,28.5,124.0,-0.14286,12.5,-1.0,False
TSLA,call,market,Wed-0DTE,11:30,OTM2+,2026-02-11,2026-07-08,17,60.0,308,16.234,23.5,16.0,32.5,129.0,-0.14286,12.5,-1.0,False
TSLA,call,market,Wed-0DTE,11:30,OTM2+,2026-02-11,2026-07-08,17,70.0,308,15.584,24.5,17.0,35.25,129.0,-0.14286,12.5,-1.0,False
TSLA,call,market,Wed-0DTE,11:30,OTM2+,2026-02-11,2026-07-08,17,75.0,308,14.286,27.5,18.0,36.0,131.5,-0.14286,12.5,-1.0,False
TSLA,call,market,Wed-0DTE,11:30,OTM2+,2026-02-11,2026-07-08,17,80.0,308,13.961,28.0,20.0,36.0,134.0,-0.14286,12.5,-1.0,False
TSLA,call,market,Wed-0DTE,11:30,OTM2+,2026-02-11,2026-07-08,17,90.0,308,13.312,28.0,23.0,38.0,134.0,-0.14286,12.5,-1.0,False
TSLA,call,market,Wed-0DTE,11:30,OTM2+,2026-02-11,2026-07-08,17,100.0,308,12.987,32.0,25.25,41.0,134.0,-0.14286,12.5,-1.0,False
TSLA,call,mid,Wed-0DTE,12:30,OTM2+,2026-02-11,2026-07-08,17,20.0,296,39.865,7.0,3.25,14.0,34.5,0.13246,3.0,-0.76923,False
TSLA,call,mid,Wed-0DTE,12:30,OTM2+,2026-02-11,2026-07-08,17,25.0,296,35.811,8.0,4.25,14.0,32.5,0.13246,3.0,-0.76923,False
TSLA,call,mid,Wed-0DTE,12:30,OTM2+,2026-02-11,2026-07-08,17,30.0,296,29.392,8.0,5.0,17.5,41.0,0.13246,3.0,-0.76923,False
TSLA,call,mid,Wed-0DTE,12:30,OTM2+,2026-02-11,2026-07-08,17,40.0,296,24.324,9.5,6.0,18.25,29.5,0.13246,3.0,-0.76923,False
TSLA,call,mid,Wed-0DTE,12:30,OTM2+,2026-02-11,2026-07-08,17,50.0,296,18.581,14.0,7.5,38.5,36.0,0.13246,3.0,-0.76923,False
TSLA,call,mid,Wed-0DTE,12:30,OTM2+,2026-02-11,2026-07-08,17,60.0,296,13.514,18.0,10.75,41.0,24.5,0.13246,3.0,-0.76923,False
TSLA,call,mid,Wed-0DTE,12:30,OTM2+,2026-02-11,2026-07-08,17,70.0,296,10.811,18.0,11.75,66.25,29.0,0.13246,3.0,-0.76923,False
TSLA,call,mid,Wed-0DTE,12:30,OTM2+,2026-02-11,2026-07-08,17,75.0,296,10.135,18.5,13.25,68.75,36.0,0.13246,3.0,-0.76923,False
TSLA,call,mid,Wed-0DTE,12:30,OTM2+,2026-02-11,2026-07-08,17,80.0,296,9.459,18.5,13.0,71.25,36.0,0.13246,3.0,-0.76923,False
TSLA,call,mid,Wed-0DTE,12:30,OTM2+,2026-02-11,2026-07-08,17,90.0,296,7.432,27.5,13.25,73.75,36.0,0.13246,3.0,-0.76923,False
TSLA,call,mid,Wed-0DTE,12:30,OTM2+,2026-02-11,2026-07-08,17,100.0,296,5.743,36.0,13.0,80.0,65.0,0.13246,3.0,-0.76923,False
TSLA,call,market,Wed-0DTE,12:30,OTM2+,2026-02-11,2026-07-08,17,20.0,296,10.135,11.0,7.25,19.5,43.5,-0.41288,3.0,-1.0,False
TSLA,call,market,Wed-0DTE,12:30,OTM2+,2026-02-11,2026-07-08,17,25.0,296,9.459,15.5,8.75,36.0,38.5,-0.41288,3.0,-1.0,False
TSLA,call,market,Wed-0DTE,12:30,OTM2+,2026-02-11,2026-07-08,17,30.0,296,8.108,16.5,10.75,36.0,36.0,-0.41288,3.0,-1.0,False
TSLA,call,market,Wed-0DTE,12:30,OTM2+,2026-02-11,2026-07-08,17,40.0,296,4.73,17.0,11.5,36.0,38.5,-0.41288,3.0,-1.0,False
TSLA,call,market,Wed-0DTE,12:30,OTM2+,2026-02-11,2026-07-08,17,50.0,296,3.378,15.5,13.25,31.5,36.0,-0.41288,3.0,-1.0,False
TSLA,call,market,Wed-0DTE,12:30,OTM2+,2026-02-11,2026-07-08,17,60.0,296,3.041,16.0,13.0,36.0,36.0,-0.41288,3.0,-1.0,False
TSLA,call,market,Wed-0DTE,12:30,OTM2+,2026-02-11,2026-07-08,17,70.0,296,1.689,17.0,13.0,19.0,19.0,-0.41288,3.0,-1.0,False
TSLA,call,market,Wed-0DTE,12:30,OTM2+,2026-02-11,2026-07-08,17,75.0,296,1.014,13.0,13.0,55.0,97.0,-0.41288,3.0,-1.0,False
TSLA,call,market,Wed-0DTE,12:30,OTM2+,2026-02-11,2026-07-08,17,80.0,296,1.014,13.0,13.0,55.0,97.0,-0.41288,3.0,-1.0,False
TSLA,call,market,Wed-0DTE,12:30,OTM2+,2026-02-11,2026-07-08,17,90.0,296,0.676,13.5,13.25,13.75,86.5,-0.41288,3.0,-1.0,False
TSLA,call,market,Wed-0DTE,12:30,OTM2+,2026-02-11,2026-07-08,17,100.0,296,0.676,17.0,15.5,18.5,86.5,-0.41288,3.0,-1.0,False
TSLA,call,mid,Wed-0DTE,13:30,OTM2+,2026-02-11,2026-07-08,17,20.0,301,37.209,6.0,3.0,19.0,30.0,0.14286,3.0,-0.57143,False
TSLA,call,mid,Wed-0DTE,13:30,OTM2+,2026-02-11,2026-07-08,17,25.0,301,35.216,7.5,3.0,19.75,31.0,0.14286,3.0,-0.57143,False
TSLA,call,mid,Wed-0DTE,13:30,OTM2+,2026-02-11,2026-07-08,17,30.0,301,30.897,10.0,4.0,24.0,36.0,0.14286,3.0,-0.57143,False
TSLA,call,mid,Wed-0DTE,13:30,OTM2+,2026-02-11,2026-07-08,17,40.0,301,24.585,11.0,6.0,24.75,33.0,0.14286,3.0,-0.57143,False
TSLA,call,mid,Wed-0DTE,13:30,OTM2+,2026-02-11,2026-07-08,17,50.0,301,20.93,13.0,6.0,32.0,34.0,0.14286,3.0,-0.57143,False
TSLA,call,mid,Wed-0DTE,13:30,OTM2+,2026-02-11,2026-07-08,17,60.0,301,16.611,16.5,7.25,30.0,32.5,0.14286,3.0,-0.57143,False
TSLA,call,mid,Wed-0DTE,13:30,OTM2+,2026-02-11,2026-07-08,17,70.0,301,14.95,18.0,9.0,35.0,33.0,0.14286,3.0,-0.57143,False
TSLA,call,mid,Wed-0DTE,13:30,OTM2+,2026-02-11,2026-07-08,17,75.0,301,14.286,18.0,9.5,35.0,33.0,0.14286,3.0,-0.57143,False
TSLA,call,mid,Wed-0DTE,13:30,OTM2+,2026-02-11,2026-07-08,17,80.0,301,12.625,18.5,9.0,35.0,34.5,0.14286,3.0,-0.57143,False
TSLA,call,mid,Wed-0DTE,13:30,OTM2+,2026-02-11,2026-07-08,17,90.0,301,10.631,16.5,7.75,36.0,32.0,0.14286,3.0,-0.57143,False
TSLA,call,mid,Wed-0DTE,13:30,OTM2+,2026-02-11,2026-07-08,17,100.0,301,10.299,15.0,7.5,38.0,36.0,0.14286,3.0,-0.57143,False
TSLA,call,market,Wed-0DTE,13:30,OTM2+,2026-02-11,2026-07-08,17,20.0,301,8.638,18.0,8.25,30.0,35.5,-0.66667,1.0,-1.0,False
TSLA,call,market,Wed-0DTE,13:30,OTM2+,2026-02-11,2026-07-08,17,25.0,301,6.977,18.0,10.0,31.0,37.0,-0.66667,1.0,-1.0,False
TSLA,call,market,Wed-0DTE,13:30,OTM2+,2026-02-11,2026-07-08,17,30.0,301,6.645,18.0,11.75,30.0,40.0,-0.66667,1.0,-1.0,False
TSLA,call,market,Wed-0DTE,13:30,OTM2+,2026-02-11,2026-07-08,17,40.0,301,6.645,20.0,11.75,37.25,39.0,-0.66667,1.0,-1.0,False
TSLA,call,market,Wed-0DTE,13:30,OTM2+,2026-02-11,2026-07-08,17,50.0,301,4.983,27.0,10.5,44.0,42.0,-0.66667,1.0,-1.0,False
TSLA,call,market,Wed-0DTE,13:30,OTM2+,2026-02-11,2026-07-08,17,60.0,301,3.322,30.0,9.5,41.75,46.5,-0.66667,1.0,-1.0,False
TSLA,call,market,Wed-0DTE,13:30,OTM2+,2026-02-11,2026-07-08,17,70.0,301,1.993,18.0,6.5,31.0,55.0,-0.66667,1.0,-1.0,False
TSLA,call,market,Wed-0DTE,13:30,OTM2+,2026-02-11,2026-07-08,17,75.0,301,1.661,8.0,6.0,28.0,59.0,-0.66667,1.0,-1.0,False
TSLA,call,market,Wed-0DTE,13:30,OTM2+,2026-02-11,2026-07-08,17,80.0,301,1.661,9.0,6.0,28.0,59.0,-0.66667,1.0,-1.0,False
TSLA,call,market,Wed-0DTE,13:30,OTM2+,2026-02-11,2026-07-08,17,90.0,301,0.997,32.0,21.5,44.0,64.0,-0.66667,1.0,-1.0,False
TSLA,call,market,Wed-0DTE,13:30,OTM2+,2026-02-11,2026-07-08,17,100.0,301,0.997,33.0,30.0,45.0,64.0,-0.66667,1.0,-1.0,False
TSLA,call,mid,Wed-0DTE,14:00,OTM2+,2026-02-11,2026-07-08,17,20.0,318,31.447,7.5,3.0,23.0,31.0,0.125,1.0,-0.4,False
TSLA,call,mid,Wed-0DTE,14:00,OTM2+,2026-02-11,2026-07-08,17,25.0,318,30.189,8.0,3.75,26.0,33.0,0.125,1.0,-0.4,False
TSLA,call,mid,Wed-0DTE,14:00,OTM2+,2026-02-11,2026-07-08,17,30.0,318,26.415,10.0,5.0,34.5,36.0,0.125,1.0,-0.4,False
TSLA,call,mid,Wed-0DTE,14:00,OTM2+,2026-02-11,2026-07-08,17,40.0,318,19.497,11.5,5.25,29.75,35.0,0.125,1.0,-0.4,False
TSLA,call,mid,Wed-0DTE,14:00,OTM2+,2026-02-11,2026-07-08,17,50.0,318,17.61,20.0,8.75,36.75,36.0,0.125,1.0,-0.4,False
TSLA,call,mid,Wed-0DTE,14:00,OTM2+,2026-02-11,2026-07-08,17,60.0,318,13.836,19.5,8.75,41.75,37.5,0.125,1.0,-0.4,False
TSLA,call,mid,Wed-0DTE,14:00,OTM2+,2026-02-11,2026-07-08,17,70.0,318,13.522,21.0,10.0,44.0,36.0,0.125,1.0,-0.4,False
TSLA,call,mid,Wed-0DTE,14:00,OTM2+,2026-02-11,2026-07-08,17,75.0,318,12.264,20.0,9.0,38.5,36.0,0.125,1.0,-0.4,False
TSLA,call,mid,Wed-0DTE,14:00,OTM2+,2026-02-11,2026-07-08,17,80.0,318,11.635,21.0,10.0,41.0,36.0,0.125,1.0,-0.4,False
TSLA,call,mid,Wed-0DTE,14:00,OTM2+,2026-02-11,2026-07-08,17,90.0,318,11.321,24.0,12.75,42.0,35.0,0.125,1.0,-0.4,False
TSLA,call,mid,Wed-0DTE,14:00,OTM2+,2026-02-11,2026-07-08,17,100.0,318,10.377,24.0,13.0,41.0,36.0,0.125,1.0,-0.4,False
TSLA,call,market,Wed-0DTE,14:00,OTM2+,2026-02-11,2026-07-08,17,20.0,318,5.975,15.0,6.5,24.5,34.0,-0.9,0.0,-1.0,False
TSLA,call,market,Wed-0DTE,14:00,OTM2+,2026-02-11,2026-07-08,17,25.0,318,5.975,17.0,9.0,25.0,29.0,-0.9,0.0,-1.0,False
TSLA,call,market,Wed-0DTE,14:00,OTM2+,2026-02-11,2026-07-08,17,30.0,318,5.346,17.0,11.0,25.0,29.0,-0.9,0.0,-1.0,False
TSLA,call,market,Wed-0DTE,14:00,OTM2+,2026-02-11,2026-07-08,17,40.0,318,3.774,16.0,6.0,27.25,33.0,-0.9,0.0,-1.0,False
TSLA,call,market,Wed-0DTE,14:00,OTM2+,2026-02-11,2026-07-08,17,50.0,318,3.145,17.0,6.25,24.5,25.5,-0.9,0.0,-1.0,False
TSLA,call,market,Wed-0DTE,14:00,OTM2+,2026-02-11,2026-07-08,17,60.0,318,2.516,17.0,6.25,21.5,25.0,-0.9,0.0,-1.0,False
TSLA,call,market,Wed-0DTE,14:00,OTM2+,2026-02-11,2026-07-08,17,70.0,318,1.887,17.5,8.25,24.5,34.0,-0.9,0.0,-1.0,False
TSLA,call,market,Wed-0DTE,14:00,OTM2+,2026-02-11,2026-07-08,17,75.0,318,1.572,16.0,6.0,21.0,42.0,-0.9,0.0,-1.0,False
TSLA,call,market,Wed-0DTE,14:00,OTM2+,2026-02-11,2026-07-08,17,80.0,318,1.572,16.0,6.0,21.0,42.0,-0.9,0.0,-1.0,False
TSLA,call,market,Wed-0DTE,14:00,OTM2+,2026-02-11,2026-07-08,17,90.0,318,1.572,16.0,7.0,21.0,42.0,-0.9,0.0,-1.0,False
TSLA,call,market,Wed-0DTE,14:00,OTM2+,2026-02-11,2026-07-08,17,100.0,318,1.258,11.5,7.0,17.25,30.0,-0.9,0.0,-1.0,False
TSLA,call,mid,Wed-0DTE,14:30,OTM1,2026-02-11,2026-07-08,17,20.0,102,67.647,7.0,2.0,15.0,64.0,0.467,12.5,-0.82086,False
TSLA,call,mid,Wed-0DTE,14:30,OTM1,2026-02-11,2026-07-08,17,25.0,102,65.686,8.0,2.0,16.5,64.0,0.467,12.5,-0.82086,False
TSLA,call,mid,Wed-0DTE,14:30,OTM1,2026-02-11,2026-07-08,17,30.0,102,61.765,8.0,3.5,17.0,64.0,0.467,12.5,-0.82086,False
TSLA,call,mid,Wed-0DTE,14:30,OTM1,2026-02-11,2026-07-08,17,40.0,102,53.922,12.0,5.0,30.0,67.0,0.467,12.5,-0.82086,False
TSLA,call,mid,Wed-0DTE,14:30,OTM1,2026-02-11,2026-07-08,17,50.0,102,48.039,16.0,5.0,36.0,69.0,0.467,12.5,-0.82086,False
TSLA,call,mid,Wed-0DTE,14:30,OTM1,2026-02-11,2026-07-08,17,60.0,102,46.078,18.0,7.0,43.5,65.0,0.467,12.5,-0.82086,False
TSLA,call,mid,Wed-0DTE,14:30,OTM1,2026-02-11,2026-07-08,17,70.0,102,43.137,18.5,10.75,53.25,64.5,0.467,12.5,-0.82086,False
TSLA,call,mid,Wed-0DTE,14:30,OTM1,2026-02-11,2026-07-08,17,75.0,102,42.157,20.0,13.0,55.5,65.0,0.467,12.5,-0.82086,False
TSLA,call,mid,Wed-0DTE,14:30,OTM1,2026-02-11,2026-07-08,17,80.0,102,42.157,20.0,13.0,61.0,65.0,0.467,12.5,-0.82086,False
TSLA,call,mid,Wed-0DTE,14:30,OTM1,2026-02-11,2026-07-08,17,90.0,102,38.235,20.0,12.5,54.0,64.0,0.467,12.5,-0.82086,False
TSLA,call,mid,Wed-0DTE,14:30,OTM1,2026-02-11,2026-07-08,17,100.0,102,35.294,23.0,14.0,57.75,69.0,0.467,12.5,-0.82086,False
TSLA,call,market,Wed-0DTE,14:30,OTM1,2026-02-11,2026-07-08,17,20.0,102,44.118,19.0,6.0,36.0,69.0,0.13393,12.5,-1.0,False
TSLA,call,market,Wed-0DTE,14:30,OTM1,2026-02-11,2026-07-08,17,25.0,102,42.157,19.0,8.0,55.5,69.0,0.13393,12.5,-1.0,False
TSLA,call,market,Wed-0DTE,14:30,OTM1,2026-02-11,2026-07-08,17,30.0,102,40.196,19.0,7.0,60.0,69.0,0.13393,12.5,-1.0,False
TSLA,call,market,Wed-0DTE,14:30,OTM1,2026-02-11,2026-07-08,17,40.0,102,39.216,19.0,8.75,62.75,69.0,0.13393,12.5,-1.0,False
TSLA,call,market,Wed-0DTE,14:30,OTM1,2026-02-11,2026-07-08,17,50.0,102,36.275,22.0,13.0,57.0,69.0,0.13393,12.5,-1.0,False
TSLA,call,market,Wed-0DTE,14:30,OTM1,2026-02-11,2026-07-08,17,60.0,102,33.333,31.0,13.25,60.0,69.0,0.13393,12.5,-1.0,False
TSLA,call,market,Wed-0DTE,14:30,OTM1,2026-02-11,2026-07-08,17,70.0,102,33.333,33.5,18.25,61.25,69.0,0.13393,12.5,-1.0,False
TSLA,call,market,Wed-0DTE,14:30,OTM1,2026-02-11,2026-07-08,17,75.0,102,33.333,36.0,20.0,61.5,69.0,0.13393,12.5,-1.0,False
TSLA,call,market,Wed-0DTE,14:30,OTM1,2026-02-11,2026-07-08,17,80.0,102,33.333,36.0,20.0,61.75,69.0,0.13393,12.5,-1.0,False
TSLA,call,market,Wed-0DTE,14:30,OTM1,2026-02-11,2026-07-08,17,90.0,102,32.353,36.0,22.0,62.0,69.0,0.13393,12.5,-1.0,False
TSLA,call,market,Wed-0DTE,14:30,OTM1,2026-02-11,2026-07-08,17,100.0,102,30.392,41.0,25.0,65.0,69.0,0.13393,12.5,-1.0,False
TSLA,call,mid,Wed-0DTE,15:00,OTM2+,2026-02-11,2026-07-08,17,20.0,277,33.935,17.0,5.25,34.75,30.0,0.16667,3.0,0.0,False
TSLA,call,mid,Wed-0DTE,15:00,OTM2+,2026-02-11,2026-07-08,17,25.0,277,33.574,17.0,6.0,35.0,30.0,0.16667,3.0,0.0,False
TSLA,call,mid,Wed-0DTE,15:00,OTM2+,2026-02-11,2026-07-08,17,30.0,277,29.603,23.0,7.25,35.0,31.5,0.16667,3.0,0.0,False
TSLA,call,mid,Wed-0DTE,15:00,OTM2+,2026-02-11,2026-07-08,17,40.0,277,16.245,22.0,8.0,37.0,34.0,0.16667,3.0,0.0,False
TSLA,call,mid,Wed-0DTE,15:00,OTM2+,2026-02-11,2026-07-08,17,50.0,277,11.913,22.0,9.0,37.0,34.0,0.16667,3.0,0.0,False
TSLA,call,mid,Wed-0DTE,15:00,OTM2+,2026-02-11,2026-07-08,17,60.0,277,10.83,23.0,7.5,36.75,35.5,0.16667,3.0,0.0,False
TSLA,call,mid,Wed-0DTE,15:00,OTM2+,2026-02-11,2026-07-08,17,70.0,277,10.83,23.0,7.5,36.75,35.5,0.16667,3.0,0.0,False
TSLA,call,mid,Wed-0DTE,15:00,OTM2+,2026-02-11,2026-07-08,17,75.0,277,10.83,23.5,7.5,36.75,35.5,0.16667,3.0,0.0,False
TSLA,call,mid,Wed-0DTE,15:00,OTM2+,2026-02-11,2026-07-08,17,80.0,277,9.386,26.0,9.75,39.25,38.0,0.16667,3.0,0.0,False
TSLA,call,mid,Wed-0DTE,15:00,OTM2+,2026-02-11,2026-07-08,17,90.0,277,7.942,28.5,14.5,39.25,39.0,0.16667,3.0,0.0,False
TSLA,call,mid,Wed-0DTE,15:00,OTM2+,2026-02-11,2026-07-08,17,100.0,277,7.942,28.5,14.5,39.25,39.0,0.16667,3.0,0.0,False
TSLA,call,market,Wed-0DTE,15:00,OTM2+,2026-02-11,2026-07-08,17,20.0,277,4.332,37.5,24.25,45.0,44.0,-1.0,0.0,-1.0,False
TSLA,call,market,Wed-0DTE,15:00,OTM2+,2026-02-11,2026-07-08,17,25.0,277,4.332,37.5,24.25,45.0,44.0,-1.0,0.0,-1.0,False
TSLA,call,market,Wed-0DTE,15:00,OTM2+,2026-02-11,2026-07-08,17,30.0,277,4.332,37.5,24.25,45.0,44.0,-1.0,0.0,-1.0,False
TSLA,call,market,Wed-0DTE,15:00,OTM2+,2026-02-11,2026-07-08,17,40.0,277,3.61,37.5,25.5,44.0,43.0,-1.0,0.0,-1.0,False
TSLA,call,market,Wed-0DTE,15:00,OTM2+,2026-02-11,2026-07-08,17,50.0,277,2.527,35.0,19.0,43.0,44.0,-1.0,0.0,-1.0,False
TSLA,call,market,Wed-0DTE,15:00,OTM2+,2026-02-11,2026-07-08,17,60.0,277,2.527,35.0,21.0,43.5,44.0,-1.0,0.0,-1.0,False
TSLA,call,market,Wed-0DTE,15:00,OTM2+,2026-02-11,2026-07-08,17,70.0,277,1.805,26.0,16.0,46.0,49.0,-1.0,0.0,-1.0,False
TSLA,call,market,Wed-0DTE,15:00,OTM2+,2026-02-11,2026-07-08,17,75.0,277,1.805,26.0,16.0,46.0,49.0,-1.0,0.0,-1.0,False
TSLA,call,market,Wed-0DTE,15:00,OTM2+,2026-02-11,2026-07-08,17,80.0,277,1.444,21.0,14.75,31.0,45.5,-1.0,0.0,-1.0,False
TSLA,call,market,Wed-0DTE,15:00,OTM2+,2026-02-11,2026-07-08,17,90.0,277,1.444,21.0,14.75,31.25,45.0,-1.0,0.0,-1.0,False
TSLA,call,market,Wed-0DTE,15:00,OTM2+,2026-02-11,2026-07-08,17,100.0,277,1.083,16.0,13.5,21.0,41.0,-1.0,0.0,-1.0,False
TSLA,call,mid,Wed-0DTE,15:30,OTM2+,2026-02-11,2026-07-08,15,20.0,55,29.091,13.5,6.75,21.75,23.0,0.14286,1.0,0.0,False
TSLA,call,mid,Wed-0DTE,15:30,OTM2+,2026-02-11,2026-07-08,15,25.0,55,29.091,13.5,6.75,21.75,23.0,0.14286,1.0,0.0,False
TSLA,call,mid,Wed-0DTE,15:30,OTM2+,2026-02-11,2026-07-08,15,30.0,55,25.455,17.5,8.0,24.75,24.0,0.14286,1.0,0.0,False
TSLA,call,mid,Wed-0DTE,15:30,OTM2+,2026-02-11,2026-07-08,15,40.0,55,7.273,16.5,12.5,21.25,27.0,0.14286,1.0,0.0,False
TSLA,call,mid,Wed-0DTE,15:30,OTM2+,2026-02-11,2026-07-08,15,50.0,55,7.273,20.0,18.0,21.25,27.0,0.14286,1.0,0.0,False
TSLA,call,mid,Wed-0DTE,15:30,OTM2+,2026-02-11,2026-07-08,15,60.0,55,7.273,20.0,18.0,21.25,27.0,0.14286,1.0,0.0,False
TSLA,call,mid,Wed-0DTE,15:30,OTM2+,2026-02-11,2026-07-08,15,70.0,55,7.273,20.0,18.0,21.25,26.0,0.14286,1.0,0.0,False
TSLA,call,mid,Wed-0DTE,15:30,OTM2+,2026-02-11,2026-07-08,15,75.0,55,7.273,20.0,18.0,21.25,26.0,0.14286,1.0,0.0,False
TSLA,call,mid,Wed-0DTE,15:30,OTM2+,2026-02-11,2026-07-08,15,80.0,55,7.273,20.0,18.0,21.25,26.0,0.14286,1.0,0.0,False
TSLA,call,mid,Wed-0DTE,15:30,OTM2+,2026-02-11,2026-07-08,15,90.0,55,7.273,20.0,18.0,21.25,26.0,0.14286,1.0,0.0,False
TSLA,call,mid,Wed-0DTE,15:30,OTM2+,2026-02-11,2026-07-08,15,100.0,55,7.273,20.0,18.0,21.25,26.0,0.14286,1.0,0.0,False
TSLA,call,market,Wed-0DTE,15:30,OTM2+,2026-02-11,2026-07-08,15,20.0,55,3.636,22.5,21.25,23.75,25.0,-1.0,0.0,-1.0,False
TSLA,call,market,Wed-0DTE,15:30,OTM2+,2026-02-11,2026-07-08,15,25.0,55,3.636,22.5,21.25,23.75,25.0,-1.0,0.0,-1.0,False
TSLA,call,market,Wed-0DTE,15:30,OTM2+,2026-02-11,2026-07-08,15,30.0,55,3.636,22.5,21.25,23.75,25.0,-1.0,0.0,-1.0,False
TSLA,call,market,Wed-0DTE,15:30,OTM2+,2026-02-11,2026-07-08,15,40.0,55,3.636,22.5,21.25,23.75,24.5,-1.0,0.0,-1.0,False
TSLA,call,market,Wed-0DTE,15:30,OTM2+,2026-02-11,2026-07-08,15,50.0,55,1.818,25.0,25.0,25.0,29.0,-1.0,0.0,-1.0,False
TSLA,call,market,Wed-0DTE,15:30,OTM2+,2026-02-11,2026-07-08,15,60.0,55,1.818,25.0,25.0,25.0,29.0,-1.0,0.0,-1.0,False
TSLA,call,market,Wed-0DTE,15:30,OTM2+,2026-02-11,2026-07-08,15,70.0,55,1.818,25.0,25.0,25.0,29.0,-1.0,0.0,-1.0,False
TSLA,call,market,Wed-0DTE,15:30,OTM2+,2026-02-11,2026-07-08,15,75.0,55,1.818,25.0,25.0,25.0,29.0,-1.0,0.0,-1.0,False
TSLA,call,market,Wed-0DTE,15:30,OTM2+,2026-02-11,2026-07-08,15,80.0,55,1.818,25.0,25.0,25.0,29.0,-1.0,0.0,-1.0,False
TSLA,call,market,Wed-0DTE,15:30,OTM2+,2026-02-11,2026-07-08,15,90.0,55,1.818,25.0,25.0,25.0,29.0,-1.0,0.0,-1.0,False
TSLA,call,market,Wed-0DTE,15:30,OTM2+,2026-02-11,2026-07-08,15,100.0,55,1.818,25.0,25.0,25.0,29.0,-1.0,0.0,-1.0,False
TSLA,call,mid,Wed-0DTE,09:30,ATM,2026-02-11,2026-07-08,21,20.0,105,68.571,9.0,3.75,26.0,291.5,0.64794,59.0,-0.97818,False
TSLA,call,mid,Wed-0DTE,09:30,ATM,2026-02-11,2026-07-08,21,25.0,105,64.762,10.5,5.0,29.25,301.5,0.64794,59.0,-0.97818,False
TSLA,call,mid,Wed-0DTE,09:30,ATM,2026-02-11,2026-07-08,21,30.0,105,62.857,15.0,5.25,30.0,332.5,0.64794,59.0,-0.97818,False
TSLA,call,mid,Wed-0DTE,09:30,ATM,2026-02-11,2026-07-08,21,40.0,105,58.095,17.0,7.0,36.0,362.0,0.64794,59.0,-0.97818,False
TSLA,call,mid,Wed-0DTE,09:30,ATM,2026-02-11,2026-07-08,21,50.0,105,53.333,16.0,10.75,37.75,364.0,0.64794,59.0,-0.97818,False
TSLA,call,mid,Wed-0DTE,09:30,ATM,2026-02-11,2026-07-08,21,60.0,105,51.429,24.0,13.0,52.5,364.0,0.64794,59.0,-0.97818,False
TSLA,call,mid,Wed-0DTE,09:30,ATM,2026-02-11,2026-07-08,21,70.0,105,47.619,25.0,14.25,50.25,364.0,0.64794,59.0,-0.97818,False
TSLA,call,mid,Wed-0DTE,09:30,ATM,2026-02-11,2026-07-08,21,75.0,105,46.667,27.0,15.0,54.0,364.0,0.64794,59.0,-0.97818,False
TSLA,call,mid,Wed-0DTE,09:30,ATM,2026-02-11,2026-07-08,21,80.0,105,46.667,29.0,18.0,64.0,364.0,0.64794,59.0,-0.97818,False
TSLA,call,mid,Wed-0DTE,09:30,ATM,2026-02-11,2026-07-08,21,90.0,105,42.857,31.0,19.0,59.0,364.0,0.64794,59.0,-0.97818,False
TSLA,call,mid,Wed-0DTE,09:30,ATM,2026-02-11,2026-07-08,21,100.0,105,40.952,31.0,20.0,61.0,364.0,0.64794,59.0,-0.97818,False
TSLA,call,market,Wed-0DTE,09:30,ATM,2026-02-11,2026-07-08,21,20.0,105,64.762,10.0,5.0,28.25,302.5,0.59926,59.0,-0.99643,False
TSLA,call,market,Wed-0DTE,09:30,ATM,2026-02-11,2026-07-08,21,25.0,105,62.857,13.5,5.0,29.75,332.5,0.59926,59.0,-0.99643,False
TSLA,call,market,Wed-0DTE,09:30,ATM,2026-02-11,2026-07-08,21,30.0,105,60.952,15.0,6.75,30.5,330.5,0.59926,59.0,-0.99643,False
TSLA,call,market,Wed-0DTE,09:30,ATM,2026-02-11,2026-07-08,21,40.0,105,57.143,16.5,8.0,36.25,363.0,0.59926,59.0,-0.99643,False
TSLA,call,market,Wed-0DTE,09:30,ATM,2026-02-11,2026-07-08,21,50.0,105,52.381,23.0,12.0,46.0,364.0,0.59926,59.0,-0.99643,False
TSLA,call,market,Wed-0DTE,09:30,ATM,2026-02-11,2026-07-08,21,60.0,105,49.524,24.5,13.0,54.0,364.0,0.59926,59.0,-0.99643,False
TSLA,call,market,Wed-0DTE,09:30,ATM,2026-02-11,2026-07-08,21,70.0,105,46.667,27.0,15.0,54.0,364.0,0.59926,59.0,-0.99643,False
TSLA,call,market,Wed-0DTE,09:30,ATM,2026-02-11,2026-07-08,21,75.0,105,46.667,28.0,18.0,64.0,364.0,0.59926,59.0,-0.99643,False
TSLA,call,market,Wed-0DTE,09:30,ATM,2026-02-11,2026-07-08,21,80.0,105,46.667,33.0,19.0,64.0,364.0,0.59926,59.0,-0.99643,False
TSLA,call,market,Wed-0DTE,09:30,ATM,2026-02-11,2026-07-08,21,90.0,105,40.952,31.0,19.5,54.0,364.0,0.59926,59.0,-0.99643,False
TSLA,call,market,Wed-0DTE,09:30,ATM,2026-02-11,2026-07-08,21,100.0,105,39.048,36.0,21.0,78.0,364.0,0.59926,59.0,-0.99643,False
TSLA,call,mid,Wed-0DTE,14:30,OTM2+,2026-02-11,2026-07-08,17,20.0,311,29.904,7.0,2.0,46.0,44.0,0.14286,2.0,-0.25,False
TSLA,call,mid,Wed-0DTE,14:30,OTM2+,2026-02-11,2026-07-08,17,25.0,311,29.582,8.5,2.0,38.5,43.0,0.14286,2.0,-0.25,False
TSLA,call,mid,Wed-0DTE,14:30,OTM2+,2026-02-11,2026-07-08,17,30.0,311,26.688,10.0,4.0,51.5,50.0,0.14286,2.0,-0.25,False
TSLA,call,mid,Wed-0DTE,14:30,OTM2+,2026-02-11,2026-07-08,17,40.0,311,21.222,11.0,5.0,59.25,44.5,0.14286,2.0,-0.25,False
TSLA,call,mid,Wed-0DTE,14:30,OTM2+,2026-02-11,2026-07-08,17,50.0,311,19.293,11.5,5.0,48.25,41.0,0.14286,2.0,-0.25,False
TSLA,call,mid,Wed-0DTE,14:30,OTM2+,2026-02-11,2026-07-08,17,60.0,311,16.077,20.0,9.0,56.5,46.5,0.14286,2.0,-0.25,False
TSLA,call,mid,Wed-0DTE,14:30,OTM2+,2026-02-11,2026-07-08,17,70.0,311,15.756,20.0,9.0,55.0,43.0,0.14286,2.0,-0.25,False
TSLA,call,mid,Wed-0DTE,14:30,OTM2+,2026-02-11,2026-07-08,17,75.0,311,14.148,20.0,10.5,57.75,50.5,0.14286,2.0,-0.25,False
TSLA,call,mid,Wed-0DTE,14:30,OTM2+,2026-02-11,2026-07-08,17,80.0,311,13.183,20.0,11.0,52.0,44.0,0.14286,2.0,-0.25,False
TSLA,call,mid,Wed-0DTE,14:30,OTM2+,2026-02-11,2026-07-08,17,90.0,311,12.54,22.0,10.5,49.0,39.0,0.14286,2.0,-0.25,False
TSLA,call,mid,Wed-0DTE,14:30,OTM2+,2026-02-11,2026-07-08,17,100.0,311,12.54,24.0,10.5,49.5,39.0,0.14286,2.0,-0.25,False
TSLA,call,market,Wed-0DTE,14:30,OTM2+,2026-02-11,2026-07-08,17,20.0,311,6.109,20.0,9.5,46.5,32.0,-1.0,0.0,-1.0,False
TSLA,call,market,Wed-0DTE,14:30,OTM2+,2026-02-11,2026-07-08,17,25.0,311,6.109,20.0,10.5,46.5,32.0,-1.0,0.0,-1.0,False
TSLA,call,market,Wed-0DTE,14:30,OTM2+,2026-02-11,2026-07-08,17,30.0,311,6.109,24.0,13.0,57.0,32.0,-1.0,0.0,-1.0,False
TSLA,call,market,Wed-0DTE,14:30,OTM2+,2026-02-11,2026-07-08,17,40.0,311,4.823,24.0,13.5,57.0,39.0,-1.0,0.0,-1.0,False
TSLA,call,market,Wed-0DTE,14:30,OTM2+,2026-02-11,2026-07-08,17,50.0,311,3.859,24.5,12.75,56.25,46.5,-1.0,0.0,-1.0,False
TSLA,call,market,Wed-0DTE,14:30,OTM2+,2026-02-11,2026-07-08,17,60.0,311,3.537,25.0,13.0,57.5,49.0,-1.0,0.0,-1.0,False
TSLA,call,market,Wed-0DTE,14:30,OTM2+,2026-02-11,2026-07-08,17,70.0,311,2.894,27.0,14.0,60.0,48.0,-1.0,0.0,-1.0,False
TSLA,call,market,Wed-0DTE,14:30,OTM2+,2026-02-11,2026-07-08,17,75.0,311,2.572,40.5,13.5,61.25,52.5,-1.0,0.0,-1.0,False
TSLA,call,market,Wed-0DTE,14:30,OTM2+,2026-02-11,2026-07-08,17,80.0,311,1.929,57.5,34.0,63.75,62.0,-1.0,0.0,-1.0,False
TSLA,call,market,Wed-0DTE,14:30,OTM2+,2026-02-11,2026-07-08,17,90.0,311,1.929,57.5,34.75,63.75,61.5,-1.0,0.0,-1.0,False
TSLA,call,market,Wed-0DTE,14:30,OTM2+,2026-02-11,2026-07-08,17,100.0,311,1.929,57.5,35.5,63.75,61.5,-1.0,0.0,-1.0,False
TSLA,call,mid,Wed-0DTE,09:30,OTM1,2026-02-11,2026-07-08,20,20.0,96,66.667,6.5,3.0,21.5,249.5,0.61357,45.5,-0.97879,False
TSLA,call,mid,Wed-0DTE,09:30,OTM1,2026-02-11,2026-07-08,20,25.0,96,63.542,11.0,5.0,29.0,255.0,0.61357,45.5,-0.97879,False
TSLA,call,mid,Wed-0DTE,09:30,OTM1,2026-02-11,2026-07-08,20,30.0,96,61.458,12.0,5.0,30.0,364.0,0.61357,45.5,-0.97879,False
TSLA,call,mid,Wed-0DTE,09:30,OTM1,2026-02-11,2026-07-08,20,40.0,96,58.333,17.0,7.0,36.25,364.0,0.61357,45.5,-0.97879,False
TSLA,call,mid,Wed-0DTE,09:30,OTM1,2026-02-11,2026-07-08,20,50.0,96,54.167,16.0,8.75,37.75,364.0,0.61357,45.5,-0.97879,False
TSLA,call,mid,Wed-0DTE,09:30,OTM1,2026-02-11,2026-07-08,20,60.0,96,52.083,23.5,11.0,47.75,364.0,0.61357,45.5,-0.97879,False
TSLA,call,mid,Wed-0DTE,09:30,OTM1,2026-02-11,2026-07-08,20,70.0,96,42.708,23.0,12.0,40.0,364.0,0.61357,45.5,-0.97879,False
TSLA,call,mid,Wed-0DTE,09:30,OTM1,2026-02-11,2026-07-08,20,75.0,96,42.708,26.0,15.0,48.0,364.0,0.61357,45.5,-0.97879,False
TSLA,call,mid,Wed-0DTE,09:30,OTM1,2026-02-11,2026-07-08,20,80.0,96,42.708,28.0,15.0,54.0,364.0,0.61357,45.5,-0.97879,False
TSLA,call,mid,Wed-0DTE,09:30,OTM1,2026-02-11,2026-07-08,20,90.0,96,41.667,28.0,16.5,53.0,364.0,0.61357,45.5,-0.97879,False
TSLA,call,mid,Wed-0DTE,09:30,OTM1,2026-02-11,2026-07-08,20,100.0,96,40.625,31.0,20.0,61.0,364.0,0.61357,45.5,-0.97879,False
TSLA,call,market,Wed-0DTE,09:30,OTM1,2026-02-11,2026-07-08,20,20.0,96,62.5,10.0,5.0,29.25,304.5,0.56718,45.5,-1.0,False
TSLA,call,market,Wed-0DTE,09:30,OTM1,2026-02-11,2026-07-08,20,25.0,96,61.458,11.0,5.0,30.0,364.0,0.56718,45.5,-1.0,False
TSLA,call,market,Wed-0DTE,09:30,OTM1,2026-02-11,2026-07-08,20,30.0,96,61.458,15.0,6.5,30.0,364.0,0.56718,45.5,-1.0,False
TSLA,call,market,Wed-0DTE,09:30,OTM1,2026-02-11,2026-07-08,20,40.0,96,54.167,16.0,7.75,36.5,364.0,0.56718,45.5,-1.0,False
TSLA,call,market,Wed-0DTE,09:30,OTM1,2026-02-11,2026-07-08,20,50.0,96,54.167,22.5,11.0,46.25,364.0,0.56718,45.5,-1.0,False
TSLA,call,market,Wed-0DTE,09:30,OTM1,2026-02-11,2026-07-08,20,60.0,96,47.917,24.0,13.0,50.25,364.0,0.56718,45.5,-1.0,False
TSLA,call,market,Wed-0DTE,09:30,OTM1,2026-02-11,2026-07-08,20,70.0,96,42.708,27.0,15.0,48.0,364.0,0.56718,45.5,-1.0,False
TSLA,call,market,Wed-0DTE,09:30,OTM1,2026-02-11,2026-07-08,20,75.0,96,42.708,28.0,15.0,54.0,364.0,0.56718,45.5,-1.0,False
TSLA,call,market,Wed-0DTE,09:30,OTM1,2026-02-11,2026-07-08,20,80.0,96,42.708,28.0,15.0,59.0,364.0,0.56718,45.5,-1.0,False
TSLA,call,market,Wed-0DTE,09:30,OTM1,2026-02-11,2026-07-08,20,90.0,96,40.625,33.0,18.0,58.0,364.0,0.56718,45.5,-1.0,False
TSLA,call,market,Wed-0DTE,09:30,OTM1,2026-02-11,2026-07-08,20,100.0,96,40.625,35.0,20.5,72.5,364.0,0.56718,45.5,-1.0,False
TSLA,put,mid,Wed-0DTE,09:30,OTM2+,2026-02-11,2026-07-08,20,20.0,356,66.573,5.0,3.0,11.0,164.0,0.46341,22.0,-0.9375,False
TSLA,put,mid,Wed-0DTE,09:30,OTM2+,2026-02-11,2026-07-08,20,25.0,356,64.607,7.0,4.0,15.0,177.0,0.46341,22.0,-0.9375,False
TSLA,put,mid,Wed-0DTE,09:30,OTM2+,2026-02-11,2026-07-08,20,30.0,356,62.079,10.0,4.0,17.0,208.0,0.46341,22.0,-0.9375,False
TSLA,put,mid,Wed-0DTE,09:30,OTM2+,2026-02-11,2026-07-08,20,40.0,356,56.18,11.0,6.0,20.25,217.5,0.46341,22.0,-0.9375,False
TSLA,put,mid,Wed-0DTE,09:30,OTM2+,2026-02-11,2026-07-08,20,50.0,356,48.315,13.0,8.0,25.0,247.0,0.46341,22.0,-0.9375,False
TSLA,put,mid,Wed-0DTE,09:30,OTM2+,2026-02-11,2026-07-08,20,60.0,356,43.539,15.0,9.0,27.0,262.0,0.46341,22.0,-0.9375,False
TSLA,put,mid,Wed-0DTE,09:30,OTM2+,2026-02-11,2026-07-08,20,70.0,356,39.326,15.0,10.0,28.0,293.5,0.46341,22.0,-0.9375,False
TSLA,put,mid,Wed-0DTE,09:30,OTM2+,2026-02-11,2026-07-08,20,75.0,356,37.921,20.0,11.0,29.5,321.0,0.46341,22.0,-0.9375,False
TSLA,put,mid,Wed-0DTE,09:30,OTM2+,2026-02-11,2026-07-08,20,80.0,356,36.798,21.0,12.0,34.0,326.0,0.46341,22.0,-0.9375,False
TSLA,put,mid,Wed-0DTE,09:30,OTM2+,2026-02-11,2026-07-08,20,90.0,356,33.989,22.0,12.0,64.0,328.0,0.46341,22.0,-0.9375,False
TSLA,put,mid,Wed-0DTE,09:30,OTM2+,2026-02-11,2026-07-08,20,100.0,356,31.461,22.0,12.0,68.0,332.5,0.46341,22.0,-0.9375,False
TSLA,put,market,Wed-0DTE,09:30,OTM2+,2026-02-11,2026-07-08,20,20.0,356,55.056,11.0,6.0,20.5,215.5,0.30088,22.0,-1.0,False
TSLA,put,market,Wed-0DTE,09:30,OTM2+,2026-02-11,2026-07-08,20,25.0,356,51.685,12.0,7.0,22.25,228.0,0.30088,22.0,-1.0,False
TSLA,put,market,Wed-0DTE,09:30,OTM2+,2026-02-11,2026-07-08,20,30.0,356,50.0,13.0,8.0,23.0,233.0,0.30088,22.0,-1.0,False
TSLA,put,market,Wed-0DTE,09:30,OTM2+,2026-02-11,2026-07-08,20,40.0,356,42.978,15.0,9.0,27.0,257.0,0.30088,22.0,-1.0,False
TSLA,put,market,Wed-0DTE,09:30,OTM2+,2026-02-11,2026-07-08,20,50.0,356,39.888,18.5,11.0,28.75,273.5,0.30088,22.0,-1.0,False
TSLA,put,market,Wed-0DTE,09:30,OTM2+,2026-02-11,2026-07-08,20,60.0,356,35.955,20.0,11.0,33.0,323.0,0.30088,22.0,-1.0,False
TSLA,put,market,Wed-0DTE,09:30,OTM2+,2026-02-11,2026-07-08,20,70.0,356,34.27,21.5,12.0,34.75,322.0,0.30088,22.0,-1.0,False
TSLA,put,market,Wed-0DTE,09:30,OTM2+,2026-02-11,2026-07-08,20,75.0,356,32.865,22.0,12.0,54.0,323.0,0.30088,22.0,-1.0,False
TSLA,put,market,Wed-0DTE,09:30,OTM2+,2026-02-11,2026-07-08,20,80.0,356,30.899,25.0,13.25,77.5,335.0,0.30088,22.0,-1.0,False
TSLA,put,market,Wed-0DTE,09:30,OTM2+,2026-02-11,2026-07-08,20,90.0,356,29.213,30.0,16.0,95.25,337.5,0.30088,22.0,-1.0,False
TSLA,put,market,Wed-0DTE,09:30,OTM2+,2026-02-11,2026-07-08,20,100.0,356,28.09,50.0,20.0,202.0,336.5,0.30088,22.0,-1.0,False
TSLA,put,mid,Wed-0DTE,10:00,OTM2+,2026-02-11,2026-07-08,20,20.0,442,62.217,6.0,3.0,23.0,181.0,0.36603,17.0,-0.90909,False
TSLA,put,mid,Wed-0DTE,10:00,OTM2+,2026-02-11,2026-07-08,20,25.0,442,58.824,8.0,4.0,27.5,187.0,0.36603,17.0,-0.90909,False
TSLA,put,mid,Wed-0DTE,10:00,OTM2+,2026-02-11,2026-07-08,20,30.0,442,54.525,14.0,4.0,44.0,192.0,0.36603,17.0,-0.90909,False
TSLA,put,mid,Wed-0DTE,10:00,OTM2+,2026-02-11,2026-07-08,20,40.0,442,47.511,24.5,7.25,65.75,199.5,0.36603,17.0,-0.90909,False
TSLA,put,mid,Wed-0DTE,10:00,OTM2+,2026-02-11,2026-07-08,20,50.0,442,43.439,32.0,11.0,73.25,205.5,0.36603,17.0,-0.90909,False
TSLA,put,mid,Wed-0DTE,10:00,OTM2+,2026-02-11,2026-07-08,20,60.0,442,37.104,44.0,11.75,82.5,222.5,0.36603,17.0,-0.90909,False
TSLA,put,mid,Wed-0DTE,10:00,OTM2+,2026-02-11,2026-07-08,20,70.0,442,33.71,51.0,18.0,90.0,230.0,0.36603,17.0,-0.90909,False
TSLA,put,mid,Wed-0DTE,10:00,OTM2+,2026-02-11,2026-07-08,20,75.0,442,32.127,56.0,19.5,100.0,243.0,0.36603,17.0,-0.90909,False
TSLA,put,mid,Wed-0DTE,10:00,OTM2+,2026-02-11,2026-07-08,20,80.0,442,30.995,56.0,22.0,105.0,259.0,0.36603,17.0,-0.90909,False
TSLA,put,mid,Wed-0DTE,10:00,OTM2+,2026-02-11,2026-07-08,20,90.0,442,30.09,57.0,22.0,120.0,263.0,0.36603,17.0,-0.90909,False
TSLA,put,mid,Wed-0DTE,10:00,OTM2+,2026-02-11,2026-07-08,20,100.0,442,28.507,75.5,32.0,150.0,271.0,0.36603,17.0,-0.90909,False
TSLA,put,market,Wed-0DTE,10:00,OTM2+,2026-02-11,2026-07-08,20,20.0,442,40.724,22.0,6.0,62.75,209.0,0.0723,17.0,-1.0,False
TSLA,put,market,Wed-0DTE,10:00,OTM2+,2026-02-11,2026-07-08,20,25.0,442,40.045,25.0,8.0,71.0,211.0,0.0723,17.0,-1.0,False
TSLA,put,market,Wed-0DTE,10:00,OTM2+,2026-02-11,2026-07-08,20,30.0,442,37.33,28.0,11.0,75.0,214.0,0.0723,17.0,-1.0,False
TSLA,put,market,Wed-0DTE,10:00,OTM2+,2026-02-11,2026-07-08,20,40.0,442,34.163,40.0,14.0,81.5,221.0,0.0723,17.0,-1.0,False
TSLA,put,market,Wed-0DTE,10:00,OTM2+,2026-02-11,2026-07-08,20,50.0,442,29.864,45.0,18.75,86.75,265.5,0.0723,17.0,-1.0,False
TSLA,put,market,Wed-0DTE,10:00,OTM2+,2026-02-11,2026-07-08,20,60.0,442,28.054,51.0,21.75,104.5,284.0,0.0723,17.0,-1.0,False
TSLA,put,market,Wed-0DTE,10:00,OTM2+,2026-02-11,2026-07-08,20,70.0,442,26.697,55.5,22.0,121.75,289.0,0.0723,17.0,-1.0,False
TSLA,put,market,Wed-0DTE,10:00,OTM2+,2026-02-11,2026-07-08,20,75.0,442,25.566,57.0,26.0,128.0,292.0,0.0723,17.0,-1.0,False
TSLA,put,market,Wed-0DTE,10:00,OTM2+,2026-02-11,2026-07-08,20,80.0,442,24.661,62.0,26.0,146.0,288.0,0.0723,17.0,-1.0,False
TSLA,put,market,Wed-0DTE,10:00,OTM2+,2026-02-11,2026-07-08,20,90.0,442,22.624,85.5,36.5,175.5,292.0,0.0723,17.0,-1.0,False
TSLA,put,market,Wed-0DTE,10:00,OTM2+,2026-02-11,2026-07-08,20,100.0,442,21.719,88.0,37.0,182.75,291.0,0.0723,17.0,-1.0,False
TSLA,put,mid,Wed-0DTE,10:30,OTM2+,2026-02-11,2026-07-08,20,20.0,475,63.368,9.0,3.0,31.0,79.0,0.35088,14.0,-0.87805,False
TSLA,put,mid,Wed-0DTE,10:30,OTM2+,2026-02-11,2026-07-08,20,25.0,475,59.368,11.5,4.0,32.0,87.0,0.35088,14.0,-0.87805,False
TSLA,put,mid,Wed-0DTE,10:30,OTM2+,2026-02-11,2026-07-08,20,30.0,475,54.105,14.0,5.0,43.0,126.0,0.35088,14.0,-0.87805,False
TSLA,put,mid,Wed-0DTE,10:30,OTM2+,2026-02-11,2026-07-08,20,40.0,475,47.158,20.5,9.0,48.25,168.5,0.35088,14.0,-0.87805,False
TSLA,put,mid,Wed-0DTE,10:30,OTM2+,2026-02-11,2026-07-08,20,50.0,475,43.158,26.0,12.0,55.0,178.0,0.35088,14.0,-0.87805,False
TSLA,put,mid,Wed-0DTE,10:30,OTM2+,2026-02-11,2026-07-08,20,60.0,475,37.474,33.0,17.0,61.75,196.0,0.35088,14.0,-0.87805,False
TSLA,put,mid,Wed-0DTE,10:30,OTM2+,2026-02-11,2026-07-08,20,70.0,475,33.895,36.0,21.0,66.0,211.0,0.35088,14.0,-0.87805,False
TSLA,put,mid,Wed-0DTE,10:30,OTM2+,2026-02-11,2026-07-08,20,75.0,475,31.579,37.5,21.0,64.75,222.0,0.35088,14.0,-0.87805,False
TSLA,put,mid,Wed-0DTE,10:30,OTM2+,2026-02-11,2026-07-08,20,80.0,475,30.316,40.0,21.0,70.25,246.0,0.35088,14.0,-0.87805,False
TSLA,put,mid,Wed-0DTE,10:30,OTM2+,2026-02-11,2026-07-08,20,90.0,475,27.158,42.0,26.0,71.0,245.0,0.35088,14.0,-0.87805,False
TSLA,put,mid,Wed-0DTE,10:30,OTM2+,2026-02-11,2026-07-08,20,100.0,475,25.263,46.5,27.5,110.25,248.0,0.35088,14.0,-0.87805,False
TSLA,put,market,Wed-0DTE,10:30,OTM2+,2026-02-11,2026-07-08,20,20.0,475,38.316,22.5,10.5,52.5,180.5,0.02128,14.0,-1.0,False
TSLA,put,market,Wed-0DTE,10:30,OTM2+,2026-02-11,2026-07-08,20,25.0,475,36.421,26.0,12.0,55.0,189.0,0.02128,14.0,-1.0,False
TSLA,put,market,Wed-0DTE,10:30,OTM2+,2026-02-11,2026-07-08,20,30.0,475,34.526,26.5,12.0,56.25,194.0,0.02128,14.0,-1.0,False
TSLA,put,market,Wed-0DTE,10:30,OTM2+,2026-02-11,2026-07-08,20,40.0,475,32.842,33.5,17.0,67.0,196.5,0.02128,14.0,-1.0,False
TSLA,put,market,Wed-0DTE,10:30,OTM2+,2026-02-11,2026-07-08,20,50.0,475,28.632,41.0,20.75,86.0,208.0,0.02128,14.0,-1.0,False
TSLA,put,market,Wed-0DTE,10:30,OTM2+,2026-02-11,2026-07-08,20,60.0,475,25.895,42.0,22.5,84.5,222.0,0.02128,14.0,-1.0,False
TSLA,put,market,Wed-0DTE,10:30,OTM2+,2026-02-11,2026-07-08,20,70.0,475,23.579,44.5,23.75,103.75,259.5,0.02128,14.0,-1.0,False
TSLA,put,market,Wed-0DTE,10:30,OTM2+,2026-02-11,2026-07-08,20,75.0,475,22.105,47.0,28.0,123.0,269.0,0.02128,14.0,-1.0,False
TSLA,put,market,Wed-0DTE,10:30,OTM2+,2026-02-11,2026-07-08,20,80.0,475,21.684,48.0,31.0,129.5,268.0,0.02128,14.0,-1.0,False
TSLA,put,market,Wed-0DTE,10:30,OTM2+,2026-02-11,2026-07-08,20,90.0,475,20.0,55.0,31.0,134.5,273.0,0.02128,14.0,-1.0,False
TSLA,put,market,Wed-0DTE,10:30,OTM2+,2026-02-11,2026-07-08,20,100.0,475,18.947,66.0,36.25,146.75,271.5,0.02128,14.0,-1.0,False
TSLA,put,mid,Wed-0DTE,11:00,OTM2+,2026-02-11,2026-07-08,20,20.0,483,67.081,8.0,4.0,21.0,110.5,0.36842,18.0,-0.82353,False
TSLA,put,mid,Wed-0DTE,11:00,OTM2+,2026-02-11,2026-07-08,20,25.0,483,62.526,10.0,5.0,24.0,120.5,0.36842,18.0,-0.82353,False
TSLA,put,mid,Wed-0DTE,11:00,OTM2+,2026-02-11,2026-07-08,20,30.0,483,56.108,12.0,5.0,35.0,126.0,0.36842,18.0,-0.82353,False
TSLA,put,mid,Wed-0DTE,11:00,OTM2+,2026-02-11,2026-07-08,20,40.0,483,47.619,15.0,7.0,35.0,141.5,0.36842,18.0,-0.82353,False
TSLA,put,mid,Wed-0DTE,11:00,OTM2+,2026-02-11,2026-07-08,20,50.0,483,42.65,21.0,9.0,51.0,149.5,0.36842,18.0,-0.82353,False
TSLA,put,mid,Wed-0DTE,11:00,OTM2+,2026-02-11,2026-07-08,20,60.0,483,36.646,27.0,11.0,79.0,186.0,0.36842,18.0,-0.82353,False
TSLA,put,mid,Wed-0DTE,11:00,OTM2+,2026-02-11,2026-07-08,20,70.0,483,33.54,31.5,16.0,91.75,197.5,0.36842,18.0,-0.82353,False
TSLA,put,mid,Wed-0DTE,11:00,OTM2+,2026-02-11,2026-07-08,20,75.0,483,31.263,31.0,16.0,89.0,212.0,0.36842,18.0,-0.82353,False
TSLA,put,mid,Wed-0DTE,11:00,OTM2+,2026-02-11,2026-07-08,20,80.0,483,30.642,31.0,16.0,89.0,212.5,0.36842,18.0,-0.82353,False
TSLA,put,mid,Wed-0DTE,11:00,OTM2+,2026-02-11,2026-07-08,20,90.0,483,29.193,34.0,19.0,89.0,210.0,0.36842,18.0,-0.82353,False
TSLA,put,mid,Wed-0DTE,11:00,OTM2+,2026-02-11,2026-07-08,20,100.0,483,26.294,32.0,19.0,83.5,217.0,0.36842,18.0,-0.82353,False
TSLA,put,market,Wed-0DTE,11:00,OTM2+,2026-02-11,2026-07-08,20,20.0,483,33.954,23.5,10.0,48.25,182.0,-0.05263,14.0,-1.0,False
TSLA,put,market,Wed-0DTE,11:00,OTM2+,2026-02-11,2026-07-08,20,25.0,483,33.126,25.5,11.0,51.75,186.5,-0.05263,14.0,-1.0,False
TSLA,put,market,Wed-0DTE,11:00,OTM2+,2026-02-11,2026-07-08,20,30.0,483,31.47,28.0,11.75,78.75,189.5,-0.05263,14.0,-1.0,False
TSLA,put,market,Wed-0DTE,11:00,OTM2+,2026-02-11,2026-07-08,20,40.0,483,27.329,31.0,16.0,86.5,208.0,-0.05263,14.0,-1.0,False
TSLA,put,market,Wed-0DTE,11:00,OTM2+,2026-02-11,2026-07-08,20,50.0,483,25.673,36.0,21.0,94.75,214.0,-0.05263,14.0,-1.0,False
TSLA,put,market,Wed-0DTE,11:00,OTM2+,2026-02-11,2026-07-08,20,60.0,483,24.431,37.0,24.0,95.5,217.0,-0.05263,14.0,-1.0,False
TSLA,put,market,Wed-0DTE,11:00,OTM2+,2026-02-11,2026-07-08,20,70.0,483,22.981,37.0,24.0,97.5,222.0,-0.05263,14.0,-1.0,False
TSLA,put,market,Wed-0DTE,11:00,OTM2+,2026-02-11,2026-07-08,20,75.0,483,22.153,39.0,25.0,102.0,225.0,-0.05263,14.0,-1.0,False
TSLA,put,market,Wed-0DTE,11:00,OTM2+,2026-02-11,2026-07-08,20,80.0,483,21.532,38.5,25.5,99.5,226.0,-0.05263,14.0,-1.0,False
TSLA,put,market,Wed-0DTE,11:00,OTM2+,2026-02-11,2026-07-08,20,90.0,483,20.083,42.0,26.0,102.0,231.0,-0.05263,14.0,-1.0,False
TSLA,put,market,Wed-0DTE,11:00,OTM2+,2026-02-11,2026-07-08,20,100.0,483,18.012,49.0,29.0,112.0,241.0,-0.05263,14.0,-1.0,False
TSLA,put,mid,Wed-0DTE,11:30,OTM2+,2026-02-11,2026-07-08,20,20.0,471,62.42,6.0,3.0,18.75,112.5,0.38462,15.0,-0.8125,False
TSLA,put,mid,Wed-0DTE,11:30,OTM2+,2026-02-11,2026-07-08,20,25.0,471,60.722,7.0,3.0,19.75,112.5,0.38462,15.0,-0.8125,False
TSLA,put,mid,Wed-0DTE,11:30,OTM2+,2026-02-11,2026-07-08,20,30.0,471,54.989,8.0,4.0,29.5,113.0,0.38462,15.0,-0.8125,False
TSLA,put,mid,Wed-0DTE,11:30,OTM2+,2026-02-11,2026-07-08,20,40.0,471,49.469,11.0,6.0,28.0,117.0,0.38462,15.0,-0.8125,False
TSLA,put,mid,Wed-0DTE,11:30,OTM2+,2026-02-11,2026-07-08,20,50.0,471,43.949,15.0,8.0,50.5,126.0,0.38462,15.0,-0.8125,False
TSLA,put,mid,Wed-0DTE,11:30,OTM2+,2026-02-11,2026-07-08,20,60.0,471,40.127,17.0,9.0,54.0,122.0,0.38462,15.0,-0.8125,False
TSLA,put,mid,Wed-0DTE,11:30,OTM2+,2026-02-11,2026-07-08,20,70.0,471,38.004,20.0,11.0,61.5,120.0,0.38462,15.0,-0.8125,False
TSLA,put,mid,Wed-0DTE,11:30,OTM2+,2026-02-11,2026-07-08,20,75.0,471,35.456,20.0,11.0,59.0,132.0,0.38462,15.0,-0.8125,False
TSLA,put,mid,Wed-0DTE,11:30,OTM2+,2026-02-11,2026-07-08,20,80.0,471,33.97,25.0,12.75,66.0,133.5,0.38462,15.0,-0.8125,False
TSLA,put,mid,Wed-0DTE,11:30,OTM2+,2026-02-11,2026-07-08,20,90.0,471,31.21,28.0,16.0,67.0,140.0,0.38462,15.0,-0.8125,False
TSLA,put,mid,Wed-0DTE,11:30,OTM2+,2026-02-11,2026-07-08,20,100.0,471,29.724,28.5,16.0,67.25,144.0,0.38462,15.0,-0.8125,False
TSLA,put,market,Wed-0DTE,11:30,OTM2+,2026-02-11,2026-07-08,20,20.0,471,33.546,16.5,8.0,58.75,140.5,-0.11905,13.0,-1.0,False
TSLA,put,market,Wed-0DTE,11:30,OTM2+,2026-02-11,2026-07-08,20,25.0,471,32.696,17.0,9.0,57.75,142.0,-0.11905,13.0,-1.0,False
TSLA,put,market,Wed-0DTE,11:30,OTM2+,2026-02-11,2026-07-08,20,30.0,471,31.847,19.0,10.0,61.75,142.0,-0.11905,13.0,-1.0,False
TSLA,put,market,Wed-0DTE,11:30,OTM2+,2026-02-11,2026-07-08,20,40.0,471,29.512,25.0,14.0,74.5,151.0,-0.11905,13.0,-1.0,False
TSLA,put,market,Wed-0DTE,11:30,OTM2+,2026-02-11,2026-07-08,20,50.0,471,27.813,25.0,15.0,70.0,151.0,-0.11905,13.0,-1.0,False
TSLA,put,market,Wed-0DTE,11:30,OTM2+,2026-02-11,2026-07-08,20,60.0,471,25.69,29.0,16.0,81.0,162.0,-0.11905,13.0,-1.0,False
TSLA,put,market,Wed-0DTE,11:30,OTM2+,2026-02-11,2026-07-08,20,70.0,471,23.779,34.0,17.75,82.0,163.0,-0.11905,13.0,-1.0,False
TSLA,put,market,Wed-0DTE,11:30,OTM2+,2026-02-11,2026-07-08,20,75.0,471,23.142,43.0,18.0,85.0,168.0,-0.11905,13.0,-1.0,False
TSLA,put,market,Wed-0DTE,11:30,OTM2+,2026-02-11,2026-07-08,20,80.0,471,22.293,44.0,18.0,88.0,172.0,-0.11905,13.0,-1.0,False
TSLA,put,market,Wed-0DTE,11:30,OTM2+,2026-02-11,2026-07-08,20,90.0,471,21.444,52.0,22.0,91.0,163.0,-0.11905,13.0,-1.0,False
TSLA,put,market,Wed-0DTE,11:30,OTM2+,2026-02-11,2026-07-08,20,100.0,471,19.958,67.0,24.0,91.75,166.0,-0.11905,13.0,-1.0,False
TSLA,put,mid,Wed-0DTE,12:00,OTM2+,2026-02-11,2026-07-08,20,20.0,440,57.955,17.0,6.0,41.0,78.0,0.33333,24.5,-0.76923,False
TSLA,put,mid,Wed-0DTE,12:00,OTM2+,2026-02-11,2026-07-08,20,25.0,440,56.136,20.0,7.0,42.0,74.0,0.33333,24.5,-0.76923,False
TSLA,put,mid,Wed-0DTE,12:00,OTM2+,2026-02-11,2026-07-08,20,30.0,440,51.364,26.5,10.0,53.0,73.5,0.33333,24.5,-0.76923,False
TSLA,put,mid,Wed-0DTE,12:00,OTM2+,2026-02-11,2026-07-08,20,40.0,440,42.955,29.0,14.0,66.0,83.0,0.33333,24.5,-0.76923,False
TSLA,put,mid,Wed-0DTE,12:00,OTM2+,2026-02-11,2026-07-08,20,50.0,440,37.045,34.0,18.0,91.0,91.0,0.33333,24.5,-0.76923,False
TSLA,put,mid,Wed-0DTE,12:00,OTM2+,2026-02-11,2026-07-08,20,60.0,440,32.5,41.0,22.0,98.0,94.0,0.33333,24.5,-0.76923,False
TSLA,put,mid,Wed-0DTE,12:00,OTM2+,2026-02-11,2026-07-08,20,70.0,440,27.955,45.0,26.5,102.0,143.0,0.33333,24.5,-0.76923,False
TSLA,put,mid,Wed-0DTE,12:00,OTM2+,2026-02-11,2026-07-08,20,75.0,440,27.045,45.0,27.0,103.0,146.0,0.33333,24.5,-0.76923,False
TSLA,put,mid,Wed-0DTE,12:00,OTM2+,2026-02-11,2026-07-08,20,80.0,440,26.136,49.0,29.0,108.5,146.0,0.33333,24.5,-0.76923,False
TSLA,put,mid,Wed-0DTE,12:00,OTM2+,2026-02-11,2026-07-08,20,90.0,440,24.773,52.0,31.0,109.0,153.0,0.33333,24.5,-0.76923,False
TSLA,put,mid,Wed-0DTE,12:00,OTM2+,2026-02-11,2026-07-08,20,100.0,440,23.864,53.0,31.0,112.0,156.0,0.33333,24.5,-0.76923,False
TSLA,put,market,Wed-0DTE,12:00,OTM2+,2026-02-11,2026-07-08,20,20.0,440,28.182,45.5,22.75,100.0,123.5,-0.2,20.5,-1.0,False
TSLA,put,market,Wed-0DTE,12:00,OTM2+,2026-02-11,2026-07-08,20,25.0,440,25.682,49.0,24.0,104.0,135.0,-0.2,20.5,-1.0,False
TSLA,put,market,Wed-0DTE,12:00,OTM2+,2026-02-11,2026-07-08,20,30.0,440,25.227,49.0,24.0,108.5,133.0,-0.2,20.5,-1.0,False
TSLA,put,market,Wed-0DTE,12:00,OTM2+,2026-02-11,2026-07-08,20,40.0,440,22.955,51.0,27.0,109.0,132.0,-0.2,20.5,-1.0,False
TSLA,put,market,Wed-0DTE,12:00,OTM2+,2026-02-11,2026-07-08,20,50.0,440,21.364,54.0,36.0,114.5,141.5,-0.2,20.5,-1.0,False
TSLA,put,market,Wed-0DTE,12:00,OTM2+,2026-02-11,2026-07-08,20,60.0,440,20.227,66.0,41.0,115.0,147.0,-0.2,20.5,-1.0,False
TSLA,put,market,Wed-0DTE,12:00,OTM2+,2026-02-11,2026-07-08,20,70.0,440,18.864,72.0,42.0,118.0,152.0,-0.2,20.5,-1.0,False
TSLA,put,market,Wed-0DTE,12:00,OTM2+,2026-02-11,2026-07-08,20,75.0,440,18.182,75.0,44.75,117.5,154.0,-0.2,20.5,-1.0,False
TSLA,put,market,Wed-0DTE,12:00,OTM2+,2026-02-11,2026-07-08,20,80.0,440,17.727,75.0,46.5,116.5,150.5,-0.2,20.5,-1.0,False
TSLA,put,market,Wed-0DTE,12:00,OTM2+,2026-02-11,2026-07-08,20,90.0,440,16.364,73.5,50.75,115.0,151.5,-0.2,20.5,-1.0,False
TSLA,put,market,Wed-0DTE,12:00,OTM2+,2026-02-11,2026-07-08,20,100.0,440,15.0,74.5,55.5,114.5,161.0,-0.2,20.5,-1.0,False
TSLA,put,mid,Wed-0DTE,12:30,OTM2+,2026-02-11,2026-07-08,20,20.0,430,63.256,12.0,4.0,39.25,79.5,0.4,20.0,-0.72727,False
TSLA,put,mid,Wed-0DTE,12:30,OTM2+,2026-02-11,2026-07-08,20,25.0,430,61.86,13.0,5.0,43.0,74.5,0.4,20.0,-0.72727,False
TSLA,put,mid,Wed-0DTE,12:30,OTM2+,2026-02-11,2026-07-08,20,30.0,430,56.512,17.0,7.0,51.5,81.0,0.4,20.0,-0.72727,False
TSLA,put,mid,Wed-0DTE,12:30,OTM2+,2026-02-11,2026-07-08,20,40.0,430,50.0,24.0,8.0,57.0,91.0,0.4,20.0,-0.72727,False
TSLA,put,mid,Wed-0DTE,12:30,OTM2+,2026-02-11,2026-07-08,20,50.0,430,45.814,30.0,12.0,67.0,101.0,0.4,20.0,-0.72727,False
TSLA,put,mid,Wed-0DTE,12:30,OTM2+,2026-02-11,2026-07-08,20,60.0,430,41.628,34.0,15.0,72.5,102.0,0.4,20.0,-0.72727,False
TSLA,put,mid,Wed-0DTE,12:30,OTM2+,2026-02-11,2026-07-08,20,70.0,430,39.535,37.0,17.25,73.75,106.0,0.4,20.0,-0.72727,False
TSLA,put,mid,Wed-0DTE,12:30,OTM2+,2026-02-11,2026-07-08,20,75.0,430,37.442,39.0,18.0,79.0,113.0,0.4,20.0,-0.72727,False
TSLA,put,mid,Wed-0DTE,12:30,OTM2+,2026-02-11,2026-07-08,20,80.0,430,35.349,40.0,19.5,80.0,112.0,0.4,20.0,-0.72727,False
TSLA,put,mid,Wed-0DTE,12:30,OTM2+,2026-02-11,2026-07-08,20,90.0,430,32.326,42.0,20.5,81.0,123.0,0.4,20.0,-0.72727,False
TSLA,put,mid,Wed-0DTE,12:30,OTM2+,2026-02-11,2026-07-08,20,100.0,430,30.233,42.0,21.0,84.0,123.0,0.4,20.0,-0.72727,False
TSLA,put,market,Wed-0DTE,12:30,OTM2+,2026-02-11,2026-07-08,20,20.0,430,32.791,34.0,17.0,69.0,123.0,-0.26154,17.0,-1.0,False
TSLA,put,market,Wed-0DTE,12:30,OTM2+,2026-02-11,2026-07-08,20,25.0,430,32.326,37.0,18.0,72.5,121.0,-0.26154,17.0,-1.0,False
TSLA,put,market,Wed-0DTE,12:30,OTM2+,2026-02-11,2026-07-08,20,30.0,430,29.767,40.0,20.75,79.0,127.0,-0.26154,17.0,-1.0,False
TSLA,put,market,Wed-0DTE,12:30,OTM2+,2026-02-11,2026-07-08,20,40.0,430,27.442,44.0,25.0,87.75,126.5,-0.26154,17.0,-1.0,False
TSLA,put,market,Wed-0DTE,12:30,OTM2+,2026-02-11,2026-07-08,20,50.0,430,25.349,47.0,26.0,88.0,129.0,-0.26154,17.0,-1.0,False
TSLA,put,market,Wed-0DTE,12:30,OTM2+,2026-02-11,2026-07-08,20,60.0,430,23.023,57.0,28.5,89.5,142.0,-0.26154,17.0,-1.0,False
TSLA,put,market,Wed-0DTE,12:30,OTM2+,2026-02-11,2026-07-08,20,70.0,430,21.86,68.0,27.5,92.5,146.5,-0.26154,17.0,-1.0,False
TSLA,put,market,Wed-0DTE,12:30,OTM2+,2026-02-11,2026-07-08,20,75.0,430,20.698,68.0,30.0,91.0,148.0,-0.26154,17.0,-1.0,False
TSLA,put,market,Wed-0DTE,12:30,OTM2+,2026-02-11,2026-07-08,20,80.0,430,20.233,69.0,30.5,93.5,148.0,-0.26154,17.0,-1.0,False
TSLA,put,market,Wed-0DTE,12:30,OTM2+,2026-02-11,2026-07-08,20,90.0,430,18.372,70.0,36.5,94.0,153.0,-0.26154,17.0,-1.0,False
TSLA,put,market,Wed-0DTE,12:30,OTM2+,2026-02-11,2026-07-08,20,100.0,430,16.279,69.5,37.0,94.0,153.0,-0.26154,17.0,-1.0,False
TSLA,put,mid,Wed-0DTE,13:00,OTM2+,2026-02-11,2026-07-08,20,20.0,391,58.824,12.0,4.0,32.75,67.5,0.33333,15.0,-0.7,False
TSLA,put,mid,Wed-0DTE,13:00,OTM2+,2026-02-11,2026-07-08,20,25.0,391,57.545,16.0,6.0,35.0,67.0,0.33333,15.0,-0.7,False
TSLA,put,mid,Wed-0DTE,13:00,OTM2+,2026-02-11,2026-07-08,20,30.0,391,52.941,18.0,7.5,37.0,67.0,0.33333,15.0,-0.7,False
TSLA,put,mid,Wed-0DTE,13:00,OTM2+,2026-02-11,2026-07-08,20,40.0,391,44.501,22.0,10.0,40.0,83.0,0.33333,15.0,-0.7,False
TSLA,put,mid,Wed-0DTE,13:00,OTM2+,2026-02-11,2026-07-08,20,50.0,391,39.13,24.0,10.0,42.0,93.0,0.33333,15.0,-0.7,False
TSLA,put,mid,Wed-0DTE,13:00,OTM2+,2026-02-11,2026-07-08,20,60.0,391,35.806,27.0,10.75,50.0,97.5,0.33333,15.0,-0.7,False
TSLA,put,mid,Wed-0DTE,13:00,OTM2+,2026-02-11,2026-07-08,20,70.0,391,33.76,32.0,12.0,52.25,97.5,0.33333,15.0,-0.7,False
TSLA,put,mid,Wed-0DTE,13:00,OTM2+,2026-02-11,2026-07-08,20,75.0,391,31.969,33.0,13.0,58.0,98.0,0.33333,15.0,-0.7,False
TSLA,put,mid,Wed-0DTE,13:00,OTM2+,2026-02-11,2026-07-08,20,80.0,391,29.923,33.0,12.0,58.0,98.0,0.33333,15.0,-0.7,False
TSLA,put,mid,Wed-0DTE,13:00,OTM2+,2026-02-11,2026-07-08,20,90.0,391,27.877,35.0,14.0,58.0,104.0,0.33333,15.0,-0.7,False
TSLA,put,mid,Wed-0DTE,13:00,OTM2+,2026-02-11,2026-07-08,20,100.0,391,27.11,37.0,16.25,58.75,105.0,0.33333,15.0,-0.7,False
TSLA,put,market,Wed-0DTE,13:00,OTM2+,2026-02-11,2026-07-08,20,20.0,391,27.366,26.0,12.0,48.5,99.0,-0.33333,11.0,-1.0,False
TSLA,put,market,Wed-0DTE,13:00,OTM2+,2026-02-11,2026-07-08,20,25.0,391,25.831,32.0,12.0,52.0,104.0,-0.33333,11.0,-1.0,False
TSLA,put,market,Wed-0DTE,13:00,OTM2+,2026-02-11,2026-07-08,20,30.0,391,24.552,34.0,13.75,53.0,108.0,-0.33333,11.0,-1.0,False
TSLA,put,market,Wed-0DTE,13:00,OTM2+,2026-02-11,2026-07-08,20,40.0,391,22.762,37.0,14.0,58.0,112.0,-0.33333,11.0,-1.0,False
TSLA,put,market,Wed-0DTE,13:00,OTM2+,2026-02-11,2026-07-08,20,50.0,391,20.716,39.0,16.0,59.0,117.0,-0.33333,11.0,-1.0,False
TSLA,put,market,Wed-0DTE,13:00,OTM2+,2026-02-11,2026-07-08,20,60.0,391,19.437,43.5,16.75,64.0,117.5,-0.33333,11.0,-1.0,False
TSLA,put,market,Wed-0DTE,13:00,OTM2+,2026-02-11,2026-07-08,20,70.0,391,18.67,47.0,20.0,64.0,122.0,-0.33333,11.0,-1.0,False
TSLA,put,market,Wed-0DTE,13:00,OTM2+,2026-02-11,2026-07-08,20,75.0,391,17.136,44.0,20.0,61.0,127.0,-0.33333,11.0,-1.0,False
TSLA,put,market,Wed-0DTE,13:00,OTM2+,2026-02-11,2026-07-08,20,80.0,391,16.624,47.0,21.0,61.0,131.0,-0.33333,11.0,-1.0,False
TSLA,put,market,Wed-0DTE,13:00,OTM2+,2026-02-11,2026-07-08,20,90.0,391,15.345,49.0,24.75,63.0,134.0,-0.33333,11.0,-1.0,False
TSLA,put,market,Wed-0DTE,13:00,OTM2+,2026-02-11,2026-07-08,20,100.0,391,13.299,49.5,32.75,63.25,136.0,-0.33333,11.0,-1.0,False
TSLA,put,mid,Wed-0DTE,13:30,OTM2+,2026-02-11,2026-07-08,20,20.0,360,46.667,9.0,4.0,25.0,64.0,0.19677,4.0,-0.57143,False
TSLA,put,mid,Wed-0DTE,13:30,OTM2+,2026-02-11,2026-07-08,20,25.0,360,45.0,9.5,4.0,25.0,65.0,0.19677,4.0,-0.57143,False
TSLA,put,mid,Wed-0DTE,13:30,OTM2+,2026-02-11,2026-07-08,20,30.0,360,41.111,10.5,4.75,30.0,70.5,0.19677,4.0,-0.57143,False
TSLA,put,mid,Wed-0DTE,13:30,OTM2+,2026-02-11,2026-07-08,20,40.0,360,35.833,15.0,6.0,33.0,74.0,0.19677,4.0,-0.57143,False
TSLA,put,mid,Wed-0DTE,13:30,OTM2+,2026-02-11,2026-07-08,20,50.0,360,31.944,15.0,8.0,40.0,81.0,0.19677,4.0,-0.57143,False
TSLA,put,mid,Wed-0DTE,13:30,OTM2+,2026-02-11,2026-07-08,20,60.0,360,27.222,20.0,10.0,47.25,87.5,0.19677,4.0,-0.57143,False
TSLA,put,mid,Wed-0DTE,13:30,OTM2+,2026-02-11,2026-07-08,20,70.0,360,25.278,20.0,10.0,56.0,89.0,0.19677,4.0,-0.57143,False
TSLA,put,mid,Wed-0DTE,13:30,OTM2+,2026-02-11,2026-07-08,20,75.0,360,23.889,21.0,12.0,60.0,91.0,0.19677,4.0,-0.57143,False
TSLA,put,mid,Wed-0DTE,13:30,OTM2+,2026-02-11,2026-07-08,20,80.0,360,21.389,20.0,12.0,55.0,92.0,0.19677,4.0,-0.57143,False
TSLA,put,mid,Wed-0DTE,13:30,OTM2+,2026-02-11,2026-07-08,20,90.0,360,19.167,22.0,12.0,57.0,92.0,0.19677,4.0,-0.57143,False
TSLA,put,mid,Wed-0DTE,13:30,OTM2+,2026-02-11,2026-07-08,20,100.0,360,18.333,21.0,12.0,59.25,93.5,0.19677,4.0,-0.57143,False
TSLA,put,market,Wed-0DTE,13:30,OTM2+,2026-02-11,2026-07-08,20,20.0,360,19.722,28.0,13.0,55.5,96.0,-0.6,2.0,-1.0,False
TSLA,put,market,Wed-0DTE,13:30,OTM2+,2026-02-11,2026-07-08,20,25.0,360,18.889,28.0,13.75,57.25,96.0,-0.6,2.0,-1.0,False
TSLA,put,market,Wed-0DTE,13:30,OTM2+,2026-02-11,2026-07-08,20,30.0,360,17.5,28.0,14.0,55.0,97.0,-0.6,2.0,-1.0,False
TSLA,put,market,Wed-0DTE,13:30,OTM2+,2026-02-11,2026-07-08,20,40.0,360,13.611,23.0,13.0,43.0,112.0,-0.6,2.0,-1.0,False
TSLA,put,market,Wed-0DTE,13:30,OTM2+,2026-02-11,2026-07-08,20,50.0,360,12.5,23.0,13.0,33.0,117.0,-0.6,2.0,-1.0,False
TSLA,put,market,Wed-0DTE,13:30,OTM2+,2026-02-11,2026-07-08,20,60.0,360,11.944,23.0,12.5,33.5,117.0,-0.6,2.0,-1.0,False
TSLA,put,market,Wed-0DTE,13:30,OTM2+,2026-02-11,2026-07-08,20,70.0,360,11.667,23.5,12.25,34.0,117.5,-0.6,2.0,-1.0,False
TSLA,put,market,Wed-0DTE,13:30,OTM2+,2026-02-11,2026-07-08,20,75.0,360,11.667,23.5,13.0,34.0,117.5,-0.6,2.0,-1.0,False
TSLA,put,market,Wed-0DTE,13:30,OTM2+,2026-02-11,2026-07-08,20,80.0,360,11.667,23.5,13.0,36.25,115.5,-0.6,2.0,-1.0,False
TSLA,put,market,Wed-0DTE,13:30,OTM2+,2026-02-11,2026-07-08,20,90.0,360,11.389,24.0,13.0,34.0,116.0,-0.6,2.0,-1.0,False
TSLA,put,market,Wed-0DTE,13:30,OTM2+,2026-02-11,2026-07-08,20,100.0,360,11.389,24.0,13.0,34.0,116.0,-0.6,2.0,-1.0,False
TSLA,put,mid,Wed-0DTE,14:00,OTM2+,2026-02-11,2026-07-08,20,20.0,338,47.633,10.0,4.0,19.0,56.0,0.17424,8.0,-0.4,False
TSLA,put,mid,Wed-0DTE,14:00,OTM2+,2026-02-11,2026-07-08,20,25.0,338,45.858,10.0,4.0,19.5,57.0,0.17424,8.0,-0.4,False
TSLA,put,mid,Wed-0DTE,14:00,OTM2+,2026-02-11,2026-07-08,20,30.0,338,42.604,11.0,5.0,23.0,57.0,0.17424,8.0,-0.4,False
TSLA,put,mid,Wed-0DTE,14:00,OTM2+,2026-02-11,2026-07-08,20,40.0,338,37.278,13.0,5.25,28.75,61.0,0.17424,8.0,-0.4,False
TSLA,put,mid,Wed-0DTE,14:00,OTM2+,2026-02-11,2026-07-08,20,50.0,338,33.728,16.0,8.0,35.0,61.0,0.17424,8.0,-0.4,False
TSLA,put,mid,Wed-0DTE,14:00,OTM2+,2026-02-11,2026-07-08,20,60.0,338,29.882,16.0,9.0,36.0,62.0,0.17424,8.0,-0.4,False
TSLA,put,mid,Wed-0DTE,14:00,OTM2+,2026-02-11,2026-07-08,20,70.0,338,28.107,18.0,9.0,35.5,66.0,0.17424,8.0,-0.4,False
TSLA,put,mid,Wed-0DTE,14:00,OTM2+,2026-02-11,2026-07-08,20,75.0,338,26.923,18.0,9.0,35.0,66.0,0.17424,8.0,-0.4,False
TSLA,put,mid,Wed-0DTE,14:00,OTM2+,2026-02-11,2026-07-08,20,80.0,338,24.556,19.0,9.5,35.5,67.0,0.17424,8.0,-0.4,False
TSLA,put,mid,Wed-0DTE,14:00,OTM2+,2026-02-11,2026-07-08,20,90.0,338,23.373,21.0,9.5,38.0,71.0,0.17424,8.0,-0.4,False
TSLA,put,mid,Wed-0DTE,14:00,OTM2+,2026-02-11,2026-07-08,20,100.0,338,23.373,21.0,11.0,39.0,71.0,0.17424,8.0,-0.4,False
TSLA,put,market,Wed-0DTE,14:00,OTM2+,2026-02-11,2026-07-08,20,20.0,338,16.568,19.0,9.0,34.25,85.5,-0.81818,1.0,-1.0,False
TSLA,put,market,Wed-0DTE,14:00,OTM2+,2026-02-11,2026-07-08,20,25.0,338,16.568,21.5,10.0,35.5,84.0,-0.81818,1.0,-1.0,False
TSLA,put,market,Wed-0DTE,14:00,OTM2+,2026-02-11,2026-07-08,20,30.0,338,16.272,22.0,10.0,38.5,84.0,-0.81818,1.0,-1.0,False
TSLA,put,market,Wed-0DTE,14:00,OTM2+,2026-02-11,2026-07-08,20,40.0,338,15.385,25.5,12.75,43.75,85.0,-0.81818,1.0,-1.0,False
TSLA,put,market,Wed-0DTE,14:00,OTM2+,2026-02-11,2026-07-08,20,50.0,338,14.497,29.0,14.0,73.0,88.0,-0.81818,1.0,-1.0,False
TSLA,put,market,Wed-0DTE,14:00,OTM2+,2026-02-11,2026-07-08,20,60.0,338,12.722,35.0,13.0,76.5,89.0,-0.81818,1.0,-1.0,False
TSLA,put,market,Wed-0DTE,14:00,OTM2+,2026-02-11,2026-07-08,20,70.0,338,12.722,37.0,18.5,76.5,87.0,-0.81818,1.0,-1.0,False
TSLA,put,market,Wed-0DTE,14:00,OTM2+,2026-02-11,2026-07-08,20,75.0,338,12.13,38.0,17.0,79.0,87.0,-0.81818,1.0,-1.0,False
TSLA,put,market,Wed-0DTE,14:00,OTM2+,2026-02-11,2026-07-08,20,80.0,338,12.13,38.0,17.0,79.0,87.0,-0.81818,1.0,-1.0,False
TSLA,put,market,Wed-0DTE,14:00,OTM2+,2026-02-11,2026-07-08,20,90.0,338,10.947,45.0,23.0,79.0,89.0,-0.81818,1.0,-1.0,False
TSLA,put,market,Wed-0DTE,14:00,OTM2+,2026-02-11,2026-07-08,20,100.0,338,10.059,45.0,18.5,78.75,89.0,-0.81818,1.0,-1.0,False
TSLA,put,mid,Wed-0DTE,14:30,OTM2+,2026-02-11,2026-07-08,20,20.0,305,40.0,7.5,4.0,17.0,33.0,0.16667,4.0,-0.25,False
TSLA,put,mid,Wed-0DTE,14:30,OTM2+,2026-02-11,2026-07-08,20,25.0,305,39.016,8.0,3.5,18.0,35.0,0.16667,4.0,-0.25,False
TSLA,put,mid,Wed-0DTE,14:30,OTM2+,2026-02-11,2026-07-08,20,30.0,305,33.443,8.0,3.25,18.75,38.5,0.16667,4.0,-0.25,False
TSLA,put,mid,Wed-0DTE,14:30,OTM2+,2026-02-11,2026-07-08,20,40.0,305,29.836,9.0,4.0,20.5,37.0,0.16667,4.0,-0.25,False
TSLA,put,mid,Wed-0DTE,14:30,OTM2+,2026-02-11,2026-07-08,20,50.0,305,24.918,10.5,5.0,22.0,42.0,0.16667,4.0,-0.25,False
TSLA,put,mid,Wed-0DTE,14:30,OTM2+,2026-02-11,2026-07-08,20,60.0,305,23.279,12.0,6.5,31.5,42.0,0.16667,4.0,-0.25,False
TSLA,put,mid,Wed-0DTE,14:30,OTM2+,2026-02-11,2026-07-08,20,70.0,305,23.279,14.0,6.5,31.5,42.0,0.16667,4.0,-0.25,False
TSLA,put,mid,Wed-0DTE,14:30,OTM2+,2026-02-11,2026-07-08,20,75.0,305,22.295,14.0,6.0,31.25,41.5,0.16667,4.0,-0.25,False
TSLA,put,mid,Wed-0DTE,14:30,OTM2+,2026-02-11,2026-07-08,20,80.0,305,20.328,14.5,7.0,35.75,42.0,0.16667,4.0,-0.25,False
TSLA,put,mid,Wed-0DTE,14:30,OTM2+,2026-02-11,2026-07-08,20,90.0,305,19.344,16.0,6.5,38.0,45.0,0.16667,4.0,-0.25,False
TSLA,put,mid,Wed-0DTE,14:30,OTM2+,2026-02-11,2026-07-08,20,100.0,305,17.705,13.5,6.0,31.0,42.0,0.16667,4.0,-0.25,False
TSLA,put,market,Wed-0DTE,14:30,OTM2+,2026-02-11,2026-07-08,20,20.0,305,10.492,19.0,11.25,45.5,65.0,-1.0,0.0,-1.0,False
TSLA,put,market,Wed-0DTE,14:30,OTM2+,2026-02-11,2026-07-08,20,25.0,305,10.492,20.0,11.25,46.25,65.0,-1.0,0.0,-1.0,False
TSLA,put,market,Wed-0DTE,14:30,OTM2+,2026-02-11,2026-07-08,20,30.0,305,10.164,20.0,12.0,48.5,65.0,-1.0,0.0,-1.0,False
TSLA,put,market,Wed-0DTE,14:30,OTM2+,2026-02-11,2026-07-08,20,40.0,305,9.18,25.0,12.75,46.25,64.5,-1.0,0.0,-1.0,False
TSLA,put,market,Wed-0DTE,14:30,OTM2+,2026-02-11,2026-07-08,20,50.0,305,8.525,29.0,13.25,57.5,65.0,-1.0,0.0,-1.0,False
TSLA,put,market,Wed-0DTE,14:30,OTM2+,2026-02-11,2026-07-08,20,60.0,305,7.869,31.0,17.75,59.5,66.5,-1.0,0.0,-1.0,False
TSLA,put,market,Wed-0DTE,14:30,OTM2+,2026-02-11,2026-07-08,20,70.0,305,7.213,31.0,19.25,57.5,66.0,-1.0,0.0,-1.0,False
TSLA,put,market,Wed-0DTE,14:30,OTM2+,2026-02-11,2026-07-08,20,75.0,305,7.213,35.5,19.25,60.5,66.0,-1.0,0.0,-1.0,False
TSLA,put,market,Wed-0DTE,14:30,OTM2+,2026-02-11,2026-07-08,20,80.0,305,7.213,36.0,19.75,62.0,66.0,-1.0,0.0,-1.0,False
TSLA,put,market,Wed-0DTE,14:30,OTM2+,2026-02-11,2026-07-08,20,90.0,305,6.885,33.0,19.0,59.0,65.0,-1.0,0.0,-1.0,False
TSLA,put,market,Wed-0DTE,14:30,OTM2+,2026-02-11,2026-07-08,20,100.0,305,6.557,33.0,18.25,55.25,65.5,-1.0,0.0,-1.0,False
TSLA,put,mid,Wed-0DTE,15:00,OTM2+,2026-02-11,2026-07-08,19,20.0,278,27.338,8.5,3.0,18.25,27.5,0.14286,1.0,-0.14286,False
TSLA,put,mid,Wed-0DTE,15:00,OTM2+,2026-02-11,2026-07-08,19,25.0,278,27.338,8.5,3.0,18.25,27.5,0.14286,1.0,-0.14286,False
TSLA,put,mid,Wed-0DTE,15:00,OTM2+,2026-02-11,2026-07-08,19,30.0,278,24.101,11.0,5.0,20.5,29.0,0.14286,1.0,-0.14286,False
TSLA,put,mid,Wed-0DTE,15:00,OTM2+,2026-02-11,2026-07-08,19,40.0,278,15.468,8.0,5.0,16.5,30.0,0.14286,1.0,-0.14286,False
TSLA,put,mid,Wed-0DTE,15:00,OTM2+,2026-02-11,2026-07-08,19,50.0,278,12.59,9.0,5.0,13.5,30.0,0.14286,1.0,-0.14286,False
TSLA,put,mid,Wed-0DTE,15:00,OTM2+,2026-02-11,2026-07-08,19,60.0,278,12.23,10.0,6.0,14.75,29.0,0.14286,1.0,-0.14286,False
TSLA,put,mid,Wed-0DTE,15:00,OTM2+,2026-02-11,2026-07-08,19,70.0,278,11.511,10.5,6.0,15.25,30.5,0.14286,1.0,-0.14286,False
TSLA,put,mid,Wed-0DTE,15:00,OTM2+,2026-02-11,2026-07-08,19,75.0,278,11.151,10.0,6.0,14.5,29.0,0.14286,1.0,-0.14286,False
TSLA,put,mid,Wed-0DTE,15:00,OTM2+,2026-02-11,2026-07-08,19,80.0,278,10.072,11.0,6.0,16.25,32.5,0.14286,1.0,-0.14286,False
TSLA,put,mid,Wed-0DTE,15:00,OTM2+,2026-02-11,2026-07-08,19,90.0,278,10.072,11.5,6.75,16.25,32.5,0.14286,1.0,-0.14286,False
TSLA,put,mid,Wed-0DTE,15:00,OTM2+,2026-02-11,2026-07-08,19,100.0,278,8.993,12.0,9.0,16.0,34.0,0.14286,1.0,-0.14286,False
TSLA,put,market,Wed-0DTE,15:00,OTM2+,2026-02-11,2026-07-08,19,20.0,278,5.396,18.0,10.5,25.5,40.0,-1.0,0.0,-1.0,False
TSLA,put,market,Wed-0DTE,15:00,OTM2+,2026-02-11,2026-07-08,19,25.0,278,5.396,18.0,10.5,25.5,40.0,-1.0,0.0,-1.0,False
TSLA,put,market,Wed-0DTE,15:00,OTM2+,2026-02-11,2026-07-08,19,30.0,278,5.396,18.0,10.5,25.5,37.0,-1.0,0.0,-1.0,False
TSLA,put,market,Wed-0DTE,15:00,OTM2+,2026-02-11,2026-07-08,19,40.0,278,5.036,16.0,11.5,22.25,38.0,-1.0,0.0,-1.0,False
TSLA,put,market,Wed-0DTE,15:00,OTM2+,2026-02-11,2026-07-08,19,50.0,278,5.036,16.0,11.5,23.0,37.5,-1.0,0.0,-1.0,False
TSLA,put,market,Wed-0DTE,15:00,OTM2+,2026-02-11,2026-07-08,19,60.0,278,5.036,19.0,14.0,23.0,37.5,-1.0,0.0,-1.0,False
TSLA,put,market,Wed-0DTE,15:00,OTM2+,2026-02-11,2026-07-08,19,70.0,278,5.036,19.0,14.0,23.0,37.5,-1.0,0.0,-1.0,False
TSLA,put,market,Wed-0DTE,15:00,OTM2+,2026-02-11,2026-07-08,19,75.0,278,5.036,20.5,14.0,26.25,37.5,-1.0,0.0,-1.0,False
TSLA,put,market,Wed-0DTE,15:00,OTM2+,2026-02-11,2026-07-08,19,80.0,278,5.036,20.5,14.0,26.25,37.5,-1.0,0.0,-1.0,False
TSLA,put,market,Wed-0DTE,15:00,OTM2+,2026-02-11,2026-07-08,19,90.0,278,4.676,22.0,14.0,27.0,37.0,-1.0,0.0,-1.0,False
TSLA,put,market,Wed-0DTE,15:00,OTM2+,2026-02-11,2026-07-08,19,100.0,278,4.676,24.0,19.0,29.0,37.0,-1.0,0.0,-1.0,False
TSLA,put,mid,Wed-0DTE,15:30,OTM2+,2026-02-11,2026-07-08,19,20.0,57,26.316,13.0,7.0,20.0,18.0,0.0,0.0,0.0,False
TSLA,put,mid,Wed-0DTE,15:30,OTM2+,2026-02-11,2026-07-08,19,25.0,57,26.316,13.0,7.0,20.0,18.0,0.0,0.0,0.0,False
TSLA,put,mid,Wed-0DTE,15:30,OTM2+,2026-02-11,2026-07-08,19,30.0,57,22.807,12.0,4.0,19.0,15.0,0.0,0.0,0.0,False
TSLA,put,mid,Wed-0DTE,15:30,OTM2+,2026-02-11,2026-07-08,19,40.0,57,7.018,10.0,7.0,12.0,12.0,0.0,0.0,0.0,False
TSLA,put,mid,Wed-0DTE,15:30,OTM2+,2026-02-11,2026-07-08,19,50.0,57,3.509,10.0,9.0,11.0,18.0,0.0,0.0,0.0,False
TSLA,put,mid,Wed-0DTE,15:30,OTM2+,2026-02-11,2026-07-08,19,60.0,57,3.509,10.0,9.0,11.0,18.0,0.0,0.0,0.0,False
TSLA,put,mid,Wed-0DTE,15:30,OTM2+,2026-02-11,2026-07-08,19,70.0,57,3.509,10.0,9.0,11.0,18.0,0.0,0.0,0.0,False
TSLA,put,mid,Wed-0DTE,15:30,OTM2+,2026-02-11,2026-07-08,19,75.0,57,3.509,10.0,9.0,11.0,18.0,0.0,0.0,0.0,False
TSLA,put,mid,Wed-0DTE,15:30,OTM2+,2026-02-11,2026-07-08,19,80.0,57,1.754,8.0,8.0,8.0,23.0,0.0,0.0,0.0,False
TSLA,put,mid,Wed-0DTE,15:30,OTM2+,2026-02-11,2026-07-08,19,90.0,57,1.754,8.0,8.0,8.0,23.0,0.0,0.0,0.0,False
TSLA,put,mid,Wed-0DTE,15:30,OTM2+,2026-02-11,2026-07-08,19,100.0,57,1.754,8.0,8.0,8.0,23.0,0.0,0.0,0.0,False
TSLA,put,market,Wed-0DTE,15:30,OTM2+,2026-02-11,2026-07-08,19,20.0,57,1.754,8.0,8.0,8.0,15.0,-1.0,0.0,-1.0,False
TSLA,put,market,Wed-0DTE,15:30,OTM2+,2026-02-11,2026-07-08,19,25.0,57,1.754,8.0,8.0,8.0,15.0,-1.0,0.0,-1.0,False
TSLA,put,market,Wed-0DTE,15:30,OTM2+,2026-02-11,2026-07-08,19,30.0,57,1.754,8.0,8.0,8.0,15.0,-1.0,0.0,-1.0,False
TSLA,put,market,Wed-0DTE,15:30,OTM2+,2026-02-11,2026-07-08,19,40.0,57,1.754,9.0,9.0,9.0,15.0,-1.0,0.0,-1.0,False
TSLA,put,market,Wed-0DTE,15:30,OTM2+,2026-02-11,2026-07-08,19,50.0,57,1.754,9.0,9.0,9.0,12.0,-1.0,0.0,-1.0,False
TSLA,put,market,Wed-0DTE,15:30,OTM2+,2026-02-11,2026-07-08,19,60.0,57,1.754,9.0,9.0,9.0,12.0,-1.0,0.0,-1.0,False
TSLA,put,market,Wed-0DTE,15:30,OTM2+,2026-02-11,2026-07-08,19,70.0,57,1.754,9.0,9.0,9.0,12.0,-1.0,0.0,-1.0,False
TSLA,put,market,Wed-0DTE,15:30,OTM2+,2026-02-11,2026-07-08,19,75.0,57,1.754,9.0,9.0,9.0,12.0,-1.0,0.0,-1.0,False
TSLA,put,market,Wed-0DTE,15:30,OTM2+,2026-02-11,2026-07-08,19,80.0,57,1.754,9.0,9.0,9.0,12.0,-1.0,0.0,-1.0,False
TSLA,put,market,Wed-0DTE,15:30,OTM2+,2026-02-11,2026-07-08,19,90.0,57,1.754,9.0,9.0,9.0,12.0,-1.0,0.0,-1.0,False
TSLA,put,market,Wed-0DTE,15:30,OTM2+,2026-02-11,2026-07-08,19,100.0,57,1.754,9.0,9.0,9.0,12.0,-1.0,0.0,-1.0,False
TSLA,put,mid,Wed-0DTE,10:00,OTM1,2026-02-11,2026-07-08,20,20.0,118,66.949,9.0,4.0,40.0,324.0,0.48438,33.5,-0.97659,False
TSLA,put,mid,Wed-0DTE,10:00,OTM1,2026-02-11,2026-07-08,20,25.0,118,65.254,14.0,5.0,43.0,329.0,0.48438,33.5,-0.97659,False
TSLA,put,mid,Wed-0DTE,10:00,OTM1,2026-02-11,2026-07-08,20,30.0,118,57.627,19.5,6.0,49.75,334.0,0.48438,33.5,-0.97659,False
TSLA,put,mid,Wed-0DTE,10:00,OTM1,2026-02-11,2026-07-08,20,40.0,118,54.237,23.5,11.0,65.25,334.0,0.48438,33.5,-0.97659,False
TSLA,put,mid,Wed-0DTE,10:00,OTM1,2026-02-11,2026-07-08,20,50.0,118,48.305,35.0,14.0,71.0,334.0,0.48438,33.5,-0.97659,False
TSLA,put,mid,Wed-0DTE,10:00,OTM1,2026-02-11,2026-07-08,20,60.0,118,44.915,47.0,18.0,75.0,334.0,0.48438,33.5,-0.97659,False
TSLA,put,mid,Wed-0DTE,10:00,OTM1,2026-02-11,2026-07-08,20,70.0,118,39.831,56.0,25.0,116.0,334.0,0.48438,33.5,-0.97659,False
TSLA,put,mid,Wed-0DTE,10:00,OTM1,2026-02-11,2026-07-08,20,75.0,118,38.983,58.5,26.25,128.5,334.0,0.48438,33.5,-0.97659,False
TSLA,put,mid,Wed-0DTE,10:00,OTM1,2026-02-11,2026-07-08,20,80.0,118,37.288,66.0,32.75,139.75,334.0,0.48438,33.5,-0.97659,False
TSLA,put,mid,Wed-0DTE,10:00,OTM1,2026-02-11,2026-07-08,20,90.0,118,36.441,82.0,41.0,185.5,334.0,0.48438,33.5,-0.97659,False
TSLA,put,mid,Wed-0DTE,10:00,OTM1,2026-02-11,2026-07-08,20,100.0,118,33.898,93.5,50.0,191.25,336.5,0.48438,33.5,-0.97659,False
TSLA,put,market,Wed-0DTE,10:00,OTM1,2026-02-11,2026-07-08,20,20.0,118,62.712,15.0,6.0,48.5,330.0,0.42406,33.5,-1.0,False
TSLA,put,market,Wed-0DTE,10:00,OTM1,2026-02-11,2026-07-08,20,25.0,118,57.627,20.0,7.0,53.0,334.0,0.42406,33.5,-1.0,False
TSLA,put,market,Wed-0DTE,10:00,OTM1,2026-02-11,2026-07-08,20,30.0,118,54.237,23.5,10.5,64.25,334.0,0.42406,33.5,-1.0,False
TSLA,put,market,Wed-0DTE,10:00,OTM1,2026-02-11,2026-07-08,20,40.0,118,51.695,34.0,13.0,73.0,334.0,0.42406,33.5,-1.0,False
TSLA,put,market,Wed-0DTE,10:00,OTM1,2026-02-11,2026-07-08,20,50.0,118,44.915,47.0,18.0,75.0,334.0,0.42406,33.5,-1.0,False
TSLA,put,market,Wed-0DTE,10:00,OTM1,2026-02-11,2026-07-08,20,60.0,118,41.525,56.0,25.0,96.0,334.0,0.42406,33.5,-1.0,False
TSLA,put,market,Wed-0DTE,10:00,OTM1,2026-02-11,2026-07-08,20,70.0,118,38.136,62.0,26.0,136.0,334.0,0.42406,33.5,-1.0,False
TSLA,put,market,Wed-0DTE,10:00,OTM1,2026-02-11,2026-07-08,20,75.0,118,36.441,72.0,30.5,165.5,334.0,0.42406,33.5,-1.0,False
TSLA,put,market,Wed-0DTE,10:00,OTM1,2026-02-11,2026-07-08,20,80.0,118,36.441,82.0,40.0,185.5,334.0,0.42406,33.5,-1.0,False
TSLA,put,market,Wed-0DTE,10:00,OTM1,2026-02-11,2026-07-08,20,90.0,118,33.898,93.5,51.75,187.25,336.5,0.42406,33.5,-1.0,False
TSLA,put,market,Wed-0DTE,10:00,OTM1,2026-02-11,2026-07-08,20,100.0,118,33.898,103.0,56.5,193.5,336.5,0.42406,33.5,-1.0,False
TSLA,put,mid,Wed-0DTE,10:30,OTM1,2026-02-11,2026-07-08,20,20.0,120,74.167,9.0,3.0,27.0,276.0,0.69255,35.5,-0.96758,False
TSLA,put,mid,Wed-0DTE,10:30,OTM1,2026-02-11,2026-07-08,20,25.0,120,73.333,12.5,5.0,37.75,274.0,0.69255,35.5,-0.96758,False
TSLA,put,mid,Wed-0DTE,10:30,OTM1,2026-02-11,2026-07-08,20,30.0,120,67.5,16.0,7.0,54.0,282.0,0.69255,35.5,-0.96758,False
TSLA,put,mid,Wed-0DTE,10:30,OTM1,2026-02-11,2026-07-08,20,40.0,120,64.167,23.0,12.0,60.0,295.0,0.69255,35.5,-0.96758,False
TSLA,put,mid,Wed-0DTE,10:30,OTM1,2026-02-11,2026-07-08,20,50.0,120,58.333,32.5,17.0,111.0,297.0,0.69255,35.5,-0.96758,False
TSLA,put,mid,Wed-0DTE,10:30,OTM1,2026-02-11,2026-07-08,20,60.0,120,53.333,42.0,19.0,157.5,301.0,0.69255,35.5,-0.96758,False
TSLA,put,mid,Wed-0DTE,10:30,OTM1,2026-02-11,2026-07-08,20,70.0,120,50.0,46.5,22.0,157.5,304.0,0.69255,35.5,-0.96758,False
TSLA,put,mid,Wed-0DTE,10:30,OTM1,2026-02-11,2026-07-08,20,75.0,120,47.5,46.0,24.0,156.0,304.0,0.69255,35.5,-0.96758,False
TSLA,put,mid,Wed-0DTE,10:30,OTM1,2026-02-11,2026-07-08,20,80.0,120,45.833,50.0,25.0,155.5,304.0,0.69255,35.5,-0.96758,False
TSLA,put,mid,Wed-0DTE,10:30,OTM1,2026-02-11,2026-07-08,20,90.0,120,40.833,58.0,34.0,160.0,309.0,0.69255,35.5,-0.96758,False
TSLA,put,mid,Wed-0DTE,10:30,OTM1,2026-02-11,2026-07-08,20,100.0,120,38.333,78.5,38.0,198.75,309.0,0.69255,35.5,-0.96758,False
TSLA,put,market,Wed-0DTE,10:30,OTM1,2026-02-11,2026-07-08,20,20.0,120,69.167,14.0,6.5,43.0,280.0,0.61737,35.5,-1.0,False
TSLA,put,market,Wed-0DTE,10:30,OTM1,2026-02-11,2026-07-08,20,25.0,120,66.667,17.5,7.75,55.5,282.5,0.61737,35.5,-1.0,False
TSLA,put,market,Wed-0DTE,10:30,OTM1,2026-02-11,2026-07-08,20,30.0,120,64.167,21.0,12.0,60.0,297.0,0.61737,35.5,-1.0,False
TSLA,put,market,Wed-0DTE,10:30,OTM1,2026-02-11,2026-07-08,20,40.0,120,57.5,29.0,14.0,103.0,300.0,0.61737,35.5,-1.0,False
TSLA,put,market,Wed-0DTE,10:30,OTM1,2026-02-11,2026-07-08,20,50.0,120,53.333,41.5,18.75,118.5,303.5,0.61737,35.5,-1.0,False
TSLA,put,market,Wed-0DTE,10:30,OTM1,2026-02-11,2026-07-08,20,60.0,120,50.833,45.0,22.0,156.0,304.0,0.61737,35.5,-1.0,False
TSLA,put,market,Wed-0DTE,10:30,OTM1,2026-02-11,2026-07-08,20,70.0,120,45.833,48.0,25.0,156.0,304.0,0.61737,35.5,-1.0,False
TSLA,put,market,Wed-0DTE,10:30,OTM1,2026-02-11,2026-07-08,20,75.0,120,44.167,55.0,31.0,160.0,304.0,0.61737,35.5,-1.0,False
TSLA,put,market,Wed-0DTE,10:30,OTM1,2026-02-11,2026-07-08,20,80.0,120,41.667,55.0,33.25,158.0,307.0,0.61737,35.5,-1.0,False
TSLA,put,market,Wed-0DTE,10:30,OTM1,2026-02-11,2026-07-08,20,90.0,120,38.333,78.5,38.0,198.75,309.0,0.61737,35.5,-1.0,False
TSLA,put,market,Wed-0DTE,10:30,OTM1,2026-02-11,2026-07-08,20,100.0,120,35.0,98.0,41.25,193.75,309.0,0.61737,35.5,-1.0,False
TSLA,put,mid,Wed-0DTE,12:00,OTM1,2026-02-11,2026-07-08,19,20.0,114,80.702,18.5,7.0,37.75,173.5,0.8545,95.5,-0.94696,False
TSLA,put,mid,Wed-0DTE,12:00,OTM1,2026-02-11,2026-07-08,19,25.0,114,76.316,26.0,9.0,59.5,176.0,0.8545,95.5,-0.94696,False
TSLA,put,mid,Wed-0DTE,12:00,OTM1,2026-02-11,2026-07-08,19,30.0,114,75.439,27.0,11.0,76.5,176.5,0.8545,95.5,-0.94696,False
TSLA,put,mid,Wed-0DTE,12:00,OTM1,2026-02-11,2026-07-08,19,40.0,114,69.298,37.0,15.5,86.5,180.0,0.8545,95.5,-0.94696,False
TSLA,put,mid,Wed-0DTE,12:00,OTM1,2026-02-11,2026-07-08,19,50.0,114,63.158,47.5,23.75,104.5,183.5,0.8545,95.5,-0.94696,False
TSLA,put,mid,Wed-0DTE,12:00,OTM1,2026-02-11,2026-07-08,19,60.0,114,58.772,66.0,31.5,113.5,182.0,0.8545,95.5,-0.94696,False
TSLA,put,mid,Wed-0DTE,12:00,OTM1,2026-02-11,2026-07-08,19,70.0,114,56.14,75.5,36.25,122.0,188.5,0.8545,95.5,-0.94696,False
TSLA,put,mid,Wed-0DTE,12:00,OTM1,2026-02-11,2026-07-08,19,75.0,114,53.509,77.0,34.0,126.0,187.0,0.8545,95.5,-0.94696,False
TSLA,put,mid,Wed-0DTE,12:00,OTM1,2026-02-11,2026-07-08,19,80.0,114,52.632,93.5,37.75,136.75,194.5,0.8545,95.5,-0.94696,False
TSLA,put,mid,Wed-0DTE,12:00,OTM1,2026-02-11,2026-07-08,19,90.0,114,48.246,99.0,42.5,146.0,207.0,0.8545,95.5,-0.94696,False
TSLA,put,mid,Wed-0DTE,12:00,OTM1,2026-02-11,2026-07-08,19,100.0,114,42.105,98.5,45.5,144.0,214.0,0.8545,95.5,-0.94696,False
TSLA,put,market,Wed-0DTE,12:00,OTM1,2026-02-11,2026-07-08,19,20.0,114,72.807,32.0,12.0,73.5,178.0,0.75431,95.5,-1.0,False
TSLA,put,market,Wed-0DTE,12:00,OTM1,2026-02-11,2026-07-08,19,25.0,114,70.175,36.5,17.75,85.5,178.5,0.75431,95.5,-1.0,False
TSLA,put,market,Wed-0DTE,12:00,OTM1,2026-02-11,2026-07-08,19,30.0,114,68.421,42.5,22.25,95.75,180.5,0.75431,95.5,-1.0,False
TSLA,put,market,Wed-0DTE,12:00,OTM1,2026-02-11,2026-07-08,19,40.0,114,62.281,49.0,26.5,110.0,182.0,0.75431,95.5,-1.0,False
TSLA,put,market,Wed-0DTE,12:00,OTM1,2026-02-11,2026-07-08,19,50.0,114,57.895,75.5,32.25,117.25,184.5,0.75431,95.5,-1.0,False
TSLA,put,market,Wed-0DTE,12:00,OTM1,2026-02-11,2026-07-08,19,60.0,114,54.386,85.0,37.5,124.25,191.0,0.75431,95.5,-1.0,False
TSLA,put,market,Wed-0DTE,12:00,OTM1,2026-02-11,2026-07-08,19,70.0,114,50.877,98.5,39.5,138.5,202.0,0.75431,95.5,-1.0,False
TSLA,put,market,Wed-0DTE,12:00,OTM1,2026-02-11,2026-07-08,19,75.0,114,50.877,98.5,42.25,141.25,202.0,0.75431,95.5,-1.0,False
TSLA,put,market,Wed-0DTE,12:00,OTM1,2026-02-11,2026-07-08,19,80.0,114,47.368,103.5,42.5,145.5,208.0,0.75431,95.5,-1.0,False
TSLA,put,market,Wed-0DTE,12:00,OTM1,2026-02-11,2026-07-08,19,90.0,114,41.228,105.0,46.0,148.0,214.0,0.75431,95.5,-1.0,False
TSLA,put,market,Wed-0DTE,12:00,OTM1,2026-02-11,2026-07-08,19,100.0,114,37.719,107.0,52.0,156.0,214.0,0.75431,95.5,-1.0,False
TSLA,put,mid,Wed-0DTE,13:00,OTM1,2026-02-11,2026-07-08,19,20.0,114,78.947,11.0,5.0,37.25,126.0,1.11466,65.5,-0.93636,False
TSLA,put,mid,Wed-0DTE,13:00,OTM1,2026-02-11,2026-07-08,19,25.0,114,76.316,15.0,6.0,40.0,127.0,1.11466,65.5,-0.93636,False
TSLA,put,mid,Wed-0DTE,13:00,OTM1,2026-02-11,2026-07-08,19,30.0,114,72.807,22.0,8.5,44.5,127.0,1.11466,65.5,-0.93636,False
TSLA,put,mid,Wed-0DTE,13:00,OTM1,2026-02-11,2026-07-08,19,40.0,114,68.421,28.5,11.25,53.0,127.5,1.11466,65.5,-0.93636,False
TSLA,put,mid,Wed-0DTE,13:00,OTM1,2026-02-11,2026-07-08,19,50.0,114,65.789,36.0,15.5,86.0,128.0,1.11466,65.5,-0.93636,False
TSLA,put,mid,Wed-0DTE,13:00,OTM1,2026-02-11,2026-07-08,19,60.0,114,65.789,43.0,15.5,89.5,126.0,1.11466,65.5,-0.93636,False
TSLA,put,mid,Wed-0DTE,13:00,OTM1,2026-02-11,2026-07-08,19,70.0,114,61.404,48.0,18.5,97.25,126.0,1.11466,65.5,-0.93636,False
TSLA,put,mid,Wed-0DTE,13:00,OTM1,2026-02-11,2026-07-08,19,75.0,114,59.649,50.5,19.75,97.5,126.0,1.11466,65.5,-0.93636,False
TSLA,put,mid,Wed-0DTE,13:00,OTM1,2026-02-11,2026-07-08,19,80.0,114,57.895,51.0,19.25,104.0,126.5,1.11466,65.5,-0.93636,False
TSLA,put,mid,Wed-0DTE,13:00,OTM1,2026-02-11,2026-07-08,19,90.0,114,56.14,50.5,19.75,102.75,126.5,1.11466,65.5,-0.93636,False
TSLA,put,mid,Wed-0DTE,13:00,OTM1,2026-02-11,2026-07-08,19,100.0,114,54.386,54.5,21.5,99.75,124.0,1.11466,65.5,-0.93636,False
TSLA,put,market,Wed-0DTE,13:00,OTM1,2026-02-11,2026-07-08,19,20.0,114,70.175,26.5,11.0,47.75,127.5,0.90619,65.5,-1.0,False
TSLA,put,market,Wed-0DTE,13:00,OTM1,2026-02-11,2026-07-08,19,25.0,114,69.298,29.0,11.0,52.0,126.0,0.90619,65.5,-1.0,False
TSLA,put,market,Wed-0DTE,13:00,OTM1,2026-02-11,2026-07-08,19,30.0,114,66.667,30.0,12.0,55.5,124.5,0.90619,65.5,-1.0,False
TSLA,put,market,Wed-0DTE,13:00,OTM1,2026-02-11,2026-07-08,19,40.0,114,64.035,38.0,14.0,90.0,123.0,0.90619,65.5,-1.0,False
TSLA,put,market,Wed-0DTE,13:00,OTM1,2026-02-11,2026-07-08,19,50.0,114,60.526,46.0,17.0,90.0,126.0,0.90619,65.5,-1.0,False
TSLA,put,market,Wed-0DTE,13:00,OTM1,2026-02-11,2026-07-08,19,60.0,114,59.649,51.0,19.75,98.5,124.5,0.90619,65.5,-1.0,False
TSLA,put,market,Wed-0DTE,13:00,OTM1,2026-02-11,2026-07-08,19,70.0,114,57.018,52.0,19.0,113.0,127.0,0.90619,65.5,-1.0,False
TSLA,put,market,Wed-0DTE,13:00,OTM1,2026-02-11,2026-07-08,19,75.0,114,56.14,52.5,20.0,105.5,126.5,0.90619,65.5,-1.0,False
TSLA,put,market,Wed-0DTE,13:00,OTM1,2026-02-11,2026-07-08,19,80.0,114,54.386,54.5,21.5,106.75,126.5,0.90619,65.5,-1.0,False
TSLA,put,market,Wed-0DTE,13:00,OTM1,2026-02-11,2026-07-08,19,90.0,114,50.0,59.0,33.0,99.0,131.0,0.90619,65.5,-1.0,False
TSLA,put,market,Wed-0DTE,13:00,OTM1,2026-02-11,2026-07-08,19,100.0,114,48.246,65.0,38.5,106.5,122.0,0.90619,65.5,-1.0,False
TSLA,put,mid,Wed-0DTE,10:00,ATM,2026-02-11,2026-07-08,20,20.0,117,67.521,9.0,4.5,41.5,334.0,0.44128,44.0,-0.92832,False
TSLA,put,mid,Wed-0DTE,10:00,ATM,2026-02-11,2026-07-08,20,25.0,117,62.393,16.0,6.0,49.0,334.0,0.44128,44.0,-0.92832,False
TSLA,put,mid,Wed-0DTE,10:00,ATM,2026-02-11,2026-07-08,20,30.0,117,58.974,20.0,7.0,61.0,338.0,0.44128,44.0,-0.92832,False
TSLA,put,mid,Wed-0DTE,10:00,ATM,2026-02-11,2026-07-08,20,40.0,117,52.991,23.5,11.25,65.5,339.0,0.44128,44.0,-0.92832,False
TSLA,put,mid,Wed-0DTE,10:00,ATM,2026-02-11,2026-07-08,20,50.0,117,47.009,42.0,18.5,75.0,339.0,0.44128,44.0,-0.92832,False
TSLA,put,mid,Wed-0DTE,10:00,ATM,2026-02-11,2026-07-08,20,60.0,117,44.444,52.0,21.75,168.75,339.0,0.44128,44.0,-0.92832,False
TSLA,put,mid,Wed-0DTE,10:00,ATM,2026-02-11,2026-07-08,20,70.0,117,39.316,55.5,25.25,176.0,341.5,0.44128,44.0,-0.92832,False
TSLA,put,mid,Wed-0DTE,10:00,ATM,2026-02-11,2026-07-08,20,75.0,117,39.316,67.0,25.25,188.0,341.5,0.44128,44.0,-0.92832,False
TSLA,put,mid,Wed-0DTE,10:00,ATM,2026-02-11,2026-07-08,20,80.0,117,38.462,78.0,25.0,191.0,339.0,0.44128,44.0,-0.92832,False
TSLA,put,mid,Wed-0DTE,10:00,ATM,2026-02-11,2026-07-08,20,90.0,117,35.897,102.0,39.5,191.75,342.5,0.44128,44.0,-0.92832,False
TSLA,put,mid,Wed-0DTE,10:00,ATM,2026-02-11,2026-07-08,20,100.0,117,35.043,112.0,55.0,195.0,339.0,0.44128,44.0,-0.92832,False
TSLA,put,market,Wed-0DTE,10:00,ATM,2026-02-11,2026-07-08,20,20.0,117,63.248,17.0,6.0,49.0,334.0,0.3986,44.0,-0.94718,False
TSLA,put,market,Wed-0DTE,10:00,ATM,2026-02-11,2026-07-08,20,25.0,117,58.974,20.0,7.0,61.0,338.0,0.3986,44.0,-0.94718,False
TSLA,put,market,Wed-0DTE,10:00,ATM,2026-02-11,2026-07-08,20,30.0,117,53.846,20.0,8.5,62.5,339.0,0.3986,44.0,-0.94718,False
TSLA,put,market,Wed-0DTE,10:00,ATM,2026-02-11,2026-07-08,20,40.0,117,48.718,39.0,15.0,73.0,339.0,0.3986,44.0,-0.94718,False
TSLA,put,market,Wed-0DTE,10:00,ATM,2026-02-11,2026-07-08,20,50.0,117,46.154,42.5,19.0,81.5,339.0,0.3986,44.0,-0.94718,False
TSLA,put,market,Wed-0DTE,10:00,ATM,2026-02-11,2026-07-08,20,60.0,117,43.59,54.0,24.0,176.0,339.0,0.3986,44.0,-0.94718,False
TSLA,put,market,Wed-0DTE,10:00,ATM,2026-02-11,2026-07-08,20,70.0,117,39.316,70.0,25.25,188.0,341.5,0.3986,44.0,-0.94718,False
TSLA,put,market,Wed-0DTE,10:00,ATM,2026-02-11,2026-07-08,20,75.0,117,38.462,81.0,26.0,191.0,339.0,0.3986,44.0,-0.94718,False
TSLA,put,market,Wed-0DTE,10:00,ATM,2026-02-11,2026-07-08,20,80.0,117,37.607,98.5,35.25,199.75,341.5,0.3986,44.0,-0.94718,False
TSLA,put,market,Wed-0DTE,10:00,ATM,2026-02-11,2026-07-08,20,90.0,117,35.897,103.0,48.75,192.75,341.0,0.3986,44.0,-0.94718,False
TSLA,put,market,Wed-0DTE,10:00,ATM,2026-02-11,2026-07-08,20,100.0,117,35.043,121.0,57.0,211.0,339.0,0.3986,44.0,-0.94718,False
TSLA,put,mid,Wed-0DTE,10:30,ATM,2026-02-11,2026-07-08,20,20.0,114,76.316,12.0,5.0,38.5,286.0,0.64873,39.5,-0.90624,False
TSLA,put,mid,Wed-0DTE,10:30,ATM,2026-02-11,2026-07-08,20,25.0,114,72.807,14.0,7.0,51.0,297.0,0.64873,39.5,-0.90624,False
TSLA,put,mid,Wed-0DTE,10:30,ATM,2026-02-11,2026-07-08,20,30.0,114,66.667,18.5,8.75,66.5,302.5,0.64873,39.5,-0.90624,False
TSLA,put,mid,Wed-0DTE,10:30,ATM,2026-02-11,2026-07-08,20,40.0,114,61.404,30.5,15.0,121.5,303.0,0.64873,39.5,-0.90624,False
TSLA,put,mid,Wed-0DTE,10:30,ATM,2026-02-11,2026-07-08,20,50.0,114,54.386,37.5,17.25,141.25,305.5,0.64873,39.5,-0.90624,False
TSLA,put,mid,Wed-0DTE,10:30,ATM,2026-02-11,2026-07-08,20,60.0,114,51.754,47.0,23.0,212.0,307.0,0.64873,39.5,-0.90624,False
TSLA,put,mid,Wed-0DTE,10:30,ATM,2026-02-11,2026-07-08,20,70.0,114,49.123,59.5,28.75,224.5,308.0,0.64873,39.5,-0.90624,False
TSLA,put,mid,Wed-0DTE,10:30,ATM,2026-02-11,2026-07-08,20,75.0,114,46.491,61.0,32.0,232.0,309.0,0.64873,39.5,-0.90624,False
TSLA,put,mid,Wed-0DTE,10:30,ATM,2026-02-11,2026-07-08,20,80.0,114,45.614,95.5,35.5,253.25,309.0,0.64873,39.5,-0.90624,False
TSLA,put,mid,Wed-0DTE,10:30,ATM,2026-02-11,2026-07-08,20,90.0,114,37.719,111.0,41.5,266.0,312.0,0.64873,39.5,-0.90624,False
TSLA,put,mid,Wed-0DTE,10:30,ATM,2026-02-11,2026-07-08,20,100.0,114,33.333,125.5,41.25,274.25,314.0,0.64873,39.5,-0.90624,False
TSLA,put,market,Wed-0DTE,10:30,ATM,2026-02-11,2026-07-08,20,20.0,114,72.807,16.0,6.5,49.0,297.0,0.58812,39.5,-0.92915,False
TSLA,put,market,Wed-0DTE,10:30,ATM,2026-02-11,2026-07-08,20,25.0,114,66.667,19.0,8.75,66.5,302.5,0.58812,39.5,-0.92915,False
TSLA,put,market,Wed-0DTE,10:30,ATM,2026-02-11,2026-07-08,20,30.0,114,65.789,25.0,12.0,69.0,302.0,0.58812,39.5,-0.92915,False
TSLA,put,market,Wed-0DTE,10:30,ATM,2026-02-11,2026-07-08,20,40.0,114,58.772,33.0,17.0,119.0,303.0,0.58812,39.5,-0.92915,False
TSLA,put,market,Wed-0DTE,10:30,ATM,2026-02-11,2026-07-08,20,50.0,114,52.632,46.5,19.0,206.75,307.0,0.58812,39.5,-0.92915,False
TSLA,put,market,Wed-0DTE,10:30,ATM,2026-02-11,2026-07-08,20,60.0,114,49.123,52.0,23.5,207.5,308.0,0.58812,39.5,-0.92915,False
TSLA,put,market,Wed-0DTE,10:30,ATM,2026-02-11,2026-07-08,20,70.0,114,46.491,61.0,32.0,232.0,309.0,0.58812,39.5,-0.92915,False
TSLA,put,market,Wed-0DTE,10:30,ATM,2026-02-11,2026-07-08,20,75.0,114,45.614,95.5,36.75,253.25,309.0,0.58812,39.5,-0.92915,False
TSLA,put,market,Wed-0DTE,10:30,ATM,2026-02-11,2026-07-08,20,80.0,114,38.596,114.0,41.75,260.0,313.0,0.58812,39.5,-0.92915,False
TSLA,put,market,Wed-0DTE,10:30,ATM,2026-02-11,2026-07-08,20,90.0,114,35.088,119.5,41.75,287.0,313.0,0.58812,39.5,-0.92915,False
TSLA,put,market,Wed-0DTE,10:30,ATM,2026-02-11,2026-07-08,20,100.0,114,32.456,129.0,42.0,290.0,314.0,0.58812,39.5,-0.92915,False
TSLA,put,mid,Wed-0DTE,11:00,OTM1,2026-02-11,2026-07-08,20,20.0,114,77.193,10.5,4.75,31.25,246.0,0.72066,92.0,-0.9562,False
TSLA,put,mid,Wed-0DTE,11:00,OTM1,2026-02-11,2026-07-08,20,25.0,114,72.807,15.0,6.0,40.0,259.0,0.72066,92.0,-0.9562,False
TSLA,put,mid,Wed-0DTE,11:00,OTM1,2026-02-11,2026-07-08,20,30.0,114,67.544,17.0,8.0,50.0,267.0,0.72066,92.0,-0.9562,False
TSLA,put,mid,Wed-0DTE,11:00,OTM1,2026-02-11,2026-07-08,20,40.0,114,63.158,22.0,11.0,103.25,273.0,0.72066,92.0,-0.9562,False
TSLA,put,mid,Wed-0DTE,11:00,OTM1,2026-02-11,2026-07-08,20,50.0,114,57.895,31.0,13.25,166.5,272.0,0.72066,92.0,-0.9562,False
TSLA,put,mid,Wed-0DTE,11:00,OTM1,2026-02-11,2026-07-08,20,60.0,114,55.263,36.0,19.0,165.5,274.0,0.72066,92.0,-0.9562,False
TSLA,put,mid,Wed-0DTE,11:00,OTM1,2026-02-11,2026-07-08,20,70.0,114,51.754,43.0,21.0,182.0,274.0,0.72066,92.0,-0.9562,False
TSLA,put,mid,Wed-0DTE,11:00,OTM1,2026-02-11,2026-07-08,20,75.0,114,49.123,58.0,25.0,190.25,274.0,0.72066,92.0,-0.9562,False
TSLA,put,mid,Wed-0DTE,11:00,OTM1,2026-02-11,2026-07-08,20,80.0,114,49.123,89.5,25.75,191.75,274.0,0.72066,92.0,-0.9562,False
TSLA,put,mid,Wed-0DTE,11:00,OTM1,2026-02-11,2026-07-08,20,90.0,114,48.246,88.0,26.0,198.0,269.0,0.72066,92.0,-0.9562,False
TSLA,put,mid,Wed-0DTE,11:00,OTM1,2026-02-11,2026-07-08,20,100.0,114,47.368,85.5,29.5,195.75,263.0,0.72066,92.0,-0.9562,False
TSLA,put,market,Wed-0DTE,11:00,OTM1,2026-02-11,2026-07-08,20,20.0,114,70.175,16.5,7.75,47.0,263.0,0.61341,92.0,-1.0,False
TSLA,put,market,Wed-0DTE,11:00,OTM1,2026-02-11,2026-07-08,20,25.0,114,65.789,19.0,9.5,56.0,267.0,0.61341,92.0,-1.0,False
TSLA,put,market,Wed-0DTE,11:00,OTM1,2026-02-11,2026-07-08,20,30.0,114,64.035,22.0,11.0,90.0,272.0,0.61341,92.0,-1.0,False
TSLA,put,market,Wed-0DTE,11:00,OTM1,2026-02-11,2026-07-08,20,40.0,114,58.772,30.0,13.0,165.0,274.0,0.61341,92.0,-1.0,False
TSLA,put,market,Wed-0DTE,11:00,OTM1,2026-02-11,2026-07-08,20,50.0,114,53.509,36.0,19.0,168.0,274.0,0.61341,92.0,-1.0,False
TSLA,put,market,Wed-0DTE,11:00,OTM1,2026-02-11,2026-07-08,20,60.0,114,50.877,80.0,25.25,193.25,274.0,0.61341,92.0,-1.0,False
TSLA,put,market,Wed-0DTE,11:00,OTM1,2026-02-11,2026-07-08,20,70.0,114,48.246,82.0,25.5,186.0,274.0,0.61341,92.0,-1.0,False
TSLA,put,market,Wed-0DTE,11:00,OTM1,2026-02-11,2026-07-08,20,75.0,114,48.246,88.0,26.0,197.0,274.0,0.61341,92.0,-1.0,False
TSLA,put,market,Wed-0DTE,11:00,OTM1,2026-02-11,2026-07-08,20,80.0,114,48.246,88.0,26.0,198.0,264.0,0.61341,92.0,-1.0,False
TSLA,put,market,Wed-0DTE,11:00,OTM1,2026-02-11,2026-07-08,20,90.0,114,47.368,90.5,31.25,201.0,264.0,0.61341,92.0,-1.0,False
TSLA,put,market,Wed-0DTE,11:00,OTM1,2026-02-11,2026-07-08,20,100.0,114,43.86,93.0,37.0,197.25,266.0,0.61341,92.0,-1.0,False
TSLA,put,mid,Wed-0DTE,11:30,OTM1,2026-02-11,2026-07-08,19,20.0,109,80.734,8.5,3.0,53.25,201.5,0.94495,77.0,-0.95775,False
TSLA,put,mid,Wed-0DTE,11:30,OTM1,2026-02-11,2026-07-08,19,25.0,109,76.147,10.0,4.0,61.5,212.0,0.94495,77.0,-0.95775,False
TSLA,put,mid,Wed-0DTE,11:30,OTM1,2026-02-11,2026-07-08,19,30.0,109,72.477,11.0,6.0,83.5,233.0,0.94495,77.0,-0.95775,False
TSLA,put,mid,Wed-0DTE,11:30,OTM1,2026-02-11,2026-07-08,19,40.0,109,67.89,15.5,7.25,128.0,241.5,0.94495,77.0,-0.95775,False
TSLA,put,mid,Wed-0DTE,11:30,OTM1,2026-02-11,2026-07-08,19,50.0,109,62.385,20.5,9.0,131.5,243.0,0.94495,77.0,-0.95775,False
TSLA,put,mid,Wed-0DTE,11:30,OTM1,2026-02-11,2026-07-08,19,60.0,109,61.468,38.0,13.5,145.5,242.0,0.94495,77.0,-0.95775,False
TSLA,put,mid,Wed-0DTE,11:30,OTM1,2026-02-11,2026-07-08,19,70.0,109,57.798,47.0,16.0,162.5,244.0,0.94495,77.0,-0.95775,False
TSLA,put,mid,Wed-0DTE,11:30,OTM1,2026-02-11,2026-07-08,19,75.0,109,55.046,50.5,17.5,172.75,244.0,0.94495,77.0,-0.95775,False
TSLA,put,mid,Wed-0DTE,11:30,OTM1,2026-02-11,2026-07-08,19,80.0,109,55.046,59.5,19.0,172.75,244.0,0.94495,77.0,-0.95775,False
TSLA,put,mid,Wed-0DTE,11:30,OTM1,2026-02-11,2026-07-08,19,90.0,109,51.376,60.5,20.75,180.25,244.0,0.94495,77.0,-0.95775,False
TSLA,put,mid,Wed-0DTE,11:30,OTM1,2026-02-11,2026-07-08,19,100.0,109,49.541,90.0,26.5,187.75,244.0,0.94495,77.0,-0.95775,False
TSLA,put,market,Wed-0DTE,11:30,OTM1,2026-02-11,2026-07-08,19,20.0,109,73.394,12.0,6.0,99.0,223.0,0.83453,77.0,-1.0,False
TSLA,put,market,Wed-0DTE,11:30,OTM1,2026-02-11,2026-07-08,19,25.0,109,68.807,15.0,6.0,125.0,240.0,0.83453,77.0,-1.0,False
TSLA,put,market,Wed-0DTE,11:30,OTM1,2026-02-11,2026-07-08,19,30.0,109,67.89,15.5,7.25,129.5,241.5,0.83453,77.0,-1.0,False
TSLA,put,market,Wed-0DTE,11:30,OTM1,2026-02-11,2026-07-08,19,40.0,109,62.385,21.0,10.75,135.5,243.0,0.83453,77.0,-1.0,False
TSLA,put,market,Wed-0DTE,11:30,OTM1,2026-02-11,2026-07-08,19,50.0,109,59.633,47.0,14.0,161.0,244.0,0.83453,77.0,-1.0,False
TSLA,put,market,Wed-0DTE,11:30,OTM1,2026-02-11,2026-07-08,19,60.0,109,55.963,52.0,18.0,171.0,244.0,0.83453,77.0,-1.0,False
TSLA,put,market,Wed-0DTE,11:30,OTM1,2026-02-11,2026-07-08,19,70.0,109,54.128,58.0,19.0,176.5,244.0,0.83453,77.0,-1.0,False
TSLA,put,market,Wed-0DTE,11:30,OTM1,2026-02-11,2026-07-08,19,75.0,109,53.211,57.5,19.0,178.25,244.0,0.83453,77.0,-1.0,False
TSLA,put,market,Wed-0DTE,11:30,OTM1,2026-02-11,2026-07-08,19,80.0,109,51.376,63.0,23.75,185.5,244.0,0.83453,77.0,-1.0,False
TSLA,put,market,Wed-0DTE,11:30,OTM1,2026-02-11,2026-07-08,19,90.0,109,48.624,104.0,28.0,188.0,244.0,0.83453,77.0,-1.0,False
TSLA,put,market,Wed-0DTE,11:30,OTM1,2026-02-11,2026-07-08,19,100.0,109,48.624,104.0,30.0,188.0,244.0,0.83453,77.0,-1.0,False
TSLA,put,mid,Wed-0DTE,12:00,ATM,2026-02-11,2026-07-08,19,20.0,111,87.387,22.0,8.0,64.0,214.0,0.82039,135.0,-0.71681,False
TSLA,put,mid,Wed-0DTE,12:00,ATM,2026-02-11,2026-07-08,19,25.0,111,82.883,29.0,10.0,78.25,213.5,0.82039,135.0,-0.71681,False
TSLA,put,mid,Wed-0DTE,12:00,ATM,2026-02-11,2026-07-08,19,30.0,111,80.18,37.0,13.0,93.0,208.0,0.82039,135.0,-0.71681,False
TSLA,put,mid,Wed-0DTE,12:00,ATM,2026-02-11,2026-07-08,19,40.0,111,75.676,48.0,24.75,105.25,202.5,0.82039,135.0,-0.71681,False
TSLA,put,mid,Wed-0DTE,12:00,ATM,2026-02-11,2026-07-08,19,50.0,111,72.072,54.5,31.0,116.25,194.5,0.82039,135.0,-0.71681,False
TSLA,put,mid,Wed-0DTE,12:00,ATM,2026-02-11,2026-07-08,19,60.0,111,64.865,77.5,33.75,121.75,186.5,0.82039,135.0,-0.71681,False
TSLA,put,mid,Wed-0DTE,12:00,ATM,2026-02-11,2026-07-08,19,70.0,111,59.459,91.0,39.5,129.5,192.5,0.82039,135.0,-0.71681,False
TSLA,put,mid,Wed-0DTE,12:00,ATM,2026-02-11,2026-07-08,19,75.0,111,54.054,94.5,43.25,138.5,203.0,0.82039,135.0,-0.71681,False
TSLA,put,mid,Wed-0DTE,12:00,ATM,2026-02-11,2026-07-08,19,80.0,111,52.252,99.5,44.25,147.75,209.0,0.82039,135.0,-0.71681,False
TSLA,put,mid,Wed-0DTE,12:00,ATM,2026-02-11,2026-07-08,19,90.0,111,46.847,107.0,53.5,158.0,209.0,0.82039,135.0,-0.71681,False
TSLA,put,mid,Wed-0DTE,12:00,ATM,2026-02-11,2026-07-08,19,100.0,111,42.342,107.0,58.0,143.5,214.0,0.82039,135.0,-0.71681,False
TSLA,put,market,Wed-0DTE,12:00,ATM,2026-02-11,2026-07-08,19,20.0,111,81.982,33.0,12.0,80.0,213.0,0.75355,135.0,-0.7451,False
TSLA,put,market,Wed-0DTE,12:00,ATM,2026-02-11,2026-07-08,19,25.0,111,80.18,37.0,15.0,93.0,211.0,0.75355,135.0,-0.7451,False
TSLA,put,market,Wed-0DTE,12:00,ATM,2026-02-11,2026-07-08,19,30.0,111,79.279,40.5,21.0,105.25,205.0,0.75355,135.0,-0.7451,False
TSLA,put,market,Wed-0DTE,12:00,ATM,2026-02-11,2026-07-08,19,40.0,111,72.973,56.0,30.0,115.0,203.0,0.75355,135.0,-0.7451,False
TSLA,put,market,Wed-0DTE,12:00,ATM,2026-02-11,2026-07-08,19,50.0,111,67.568,76.0,35.5,120.0,187.0,0.75355,135.0,-0.7451,False
TSLA,put,market,Wed-0DTE,12:00,ATM,2026-02-11,2026-07-08,19,60.0,111,61.261,88.5,38.5,126.25,190.5,0.75355,135.0,-0.7451,False
TSLA,put,market,Wed-0DTE,12:00,ATM,2026-02-11,2026-07-08,19,70.0,111,54.054,98.0,43.25,139.25,203.0,0.75355,135.0,-0.7451,False
TSLA,put,market,Wed-0DTE,12:00,ATM,2026-02-11,2026-07-08,19,75.0,111,50.45,106.5,50.25,155.5,198.5,0.75355,135.0,-0.7451,False
TSLA,put,market,Wed-0DTE,12:00,ATM,2026-02-11,2026-07-08,19,80.0,111,46.847,106.0,53.5,157.25,209.0,0.75355,135.0,-0.7451,False
TSLA,put,market,Wed-0DTE,12:00,ATM,2026-02-11,2026-07-08,19,90.0,111,42.342,108.0,55.0,143.0,214.0,0.75355,135.0,-0.7451,False
TSLA,put,market,Wed-0DTE,12:00,ATM,2026-02-11,2026-07-08,19,100.0,111,39.64,109.0,59.75,150.25,214.0,0.75355,135.0,-0.7451,False
TSLA,put,mid,Wed-0DTE,12:30,OTM1,2026-02-11,2026-07-08,19,20.0,113,78.761,12.0,5.0,35.0,151.0,1.24,85.0,-0.95082,False
TSLA,put,mid,Wed-0DTE,12:30,OTM1,2026-02-11,2026-07-08,19,25.0,113,75.221,16.0,7.0,40.0,154.0,1.24,85.0,-0.95082,False
TSLA,put,mid,Wed-0DTE,12:30,OTM1,2026-02-11,2026-07-08,19,30.0,113,73.451,18.0,7.5,46.5,153.0,1.24,85.0,-0.95082,False
TSLA,put,mid,Wed-0DTE,12:30,OTM1,2026-02-11,2026-07-08,19,40.0,113,73.451,28.0,11.5,63.5,153.0,1.24,85.0,-0.95082,False
TSLA,put,mid,Wed-0DTE,12:30,OTM1,2026-02-11,2026-07-08,19,50.0,113,69.912,39.0,17.0,66.0,156.0,1.24,85.0,-0.95082,False
TSLA,put,mid,Wed-0DTE,12:30,OTM1,2026-02-11,2026-07-08,19,60.0,113,69.027,41.5,20.5,83.5,154.0,1.24,85.0,-0.95082,False
TSLA,put,mid,Wed-0DTE,12:30,OTM1,2026-02-11,2026-07-08,19,70.0,113,69.027,48.5,23.25,91.25,154.0,1.24,85.0,-0.95082,False
TSLA,put,mid,Wed-0DTE,12:30,OTM1,2026-02-11,2026-07-08,19,75.0,113,68.142,53.0,26.0,92.0,155.0,1.24,85.0,-0.95082,False
TSLA,put,mid,Wed-0DTE,12:30,OTM1,2026-02-11,2026-07-08,19,80.0,113,65.487,59.5,29.25,94.0,155.5,1.24,85.0,-0.95082,False
TSLA,put,mid,Wed-0DTE,12:30,OTM1,2026-02-11,2026-07-08,19,90.0,113,60.177,74.0,33.5,116.25,175.5,1.24,85.0,-0.95082,False
TSLA,put,mid,Wed-0DTE,12:30,OTM1,2026-02-11,2026-07-08,19,100.0,113,56.637,74.0,33.5,117.0,181.5,1.24,85.0,-0.95082,False
TSLA,put,market,Wed-0DTE,12:30,OTM1,2026-02-11,2026-07-08,19,20.0,113,73.451,22.0,8.5,55.0,153.0,1.08621,85.0,-1.0,False
TSLA,put,market,Wed-0DTE,12:30,OTM1,2026-02-11,2026-07-08,19,25.0,113,73.451,27.0,11.0,57.0,153.0,1.08621,85.0,-1.0,False
TSLA,put,market,Wed-0DTE,12:30,OTM1,2026-02-11,2026-07-08,19,30.0,113,70.796,30.5,15.0,61.25,157.5,1.08621,85.0,-1.0,False
TSLA,put,market,Wed-0DTE,12:30,OTM1,2026-02-11,2026-07-08,19,40.0,113,69.027,41.0,20.0,67.0,157.0,1.08621,85.0,-1.0,False
TSLA,put,market,Wed-0DTE,12:30,OTM1,2026-02-11,2026-07-08,19,50.0,113,69.027,48.5,23.25,87.75,154.0,1.08621,85.0,-1.0,False
TSLA,put,market,Wed-0DTE,12:30,OTM1,2026-02-11,2026-07-08,19,60.0,113,68.142,62.0,29.0,105.0,155.0,1.08621,85.0,-1.0,False
TSLA,put,market,Wed-0DTE,12:30,OTM1,2026-02-11,2026-07-08,19,70.0,113,61.947,67.5,31.25,105.0,171.5,1.08621,85.0,-1.0,False
TSLA,put,market,Wed-0DTE,12:30,OTM1,2026-02-11,2026-07-08,19,75.0,113,61.062,73.0,32.0,113.0,172.0,1.08621,85.0,-1.0,False
TSLA,put,market,Wed-0DTE,12:30,OTM1,2026-02-11,2026-07-08,19,80.0,113,58.407,75.0,32.5,118.5,181.5,1.08621,85.0,-1.0,False
TSLA,put,market,Wed-0DTE,12:30,OTM1,2026-02-11,2026-07-08,19,90.0,113,54.867,82.0,36.5,120.0,184.0,1.08621,85.0,-1.0,False
TSLA,put,market,Wed-0DTE,12:30,OTM1,2026-02-11,2026-07-08,19,100.0,113,51.327,80.5,40.5,121.75,184.0,1.08621,85.0,-1.0,False
TSLA,put,mid,Wed-0DTE,13:00,ATM,2026-02-11,2026-07-08,19,20.0,109,81.651,16.0,6.0,40.0,142.0,0.95312,78.0,-0.87805,False
TSLA,put,mid,Wed-0DTE,13:00,ATM,2026-02-11,2026-07-08,19,25.0,109,78.899,25.0,10.0,46.5,139.0,0.95312,78.0,-0.87805,False
TSLA,put,mid,Wed-0DTE,13:00,ATM,2026-02-11,2026-07-08,19,30.0,109,76.147,28.0,11.0,49.0,137.0,0.95312,78.0,-0.87805,False
TSLA,put,mid,Wed-0DTE,13:00,ATM,2026-02-11,2026-07-08,19,40.0,109,72.477,36.0,15.5,60.5,137.0,0.95312,78.0,-0.87805,False
TSLA,put,mid,Wed-0DTE,13:00,ATM,2026-02-11,2026-07-08,19,50.0,109,66.055,43.0,19.25,80.25,144.5,0.95312,78.0,-0.87805,False
TSLA,put,mid,Wed-0DTE,13:00,ATM,2026-02-11,2026-07-08,19,60.0,109,66.055,48.0,19.75,87.75,130.5,0.95312,78.0,-0.87805,False
TSLA,put,mid,Wed-0DTE,13:00,ATM,2026-02-11,2026-07-08,19,70.0,109,62.385,53.0,29.25,96.25,130.5,0.95312,78.0,-0.87805,False
TSLA,put,mid,Wed-0DTE,13:00,ATM,2026-02-11,2026-07-08,19,75.0,109,57.798,54.0,30.0,100.5,143.0,0.95312,78.0,-0.87805,False
TSLA,put,mid,Wed-0DTE,13:00,ATM,2026-02-11,2026-07-08,19,80.0,109,55.963,59.0,37.0,100.0,143.0,0.95312,78.0,-0.87805,False
TSLA,put,mid,Wed-0DTE,13:00,ATM,2026-02-11,2026-07-08,19,90.0,109,54.128,65.0,44.5,101.0,133.0,0.95312,78.0,-0.87805,False
TSLA,put,mid,Wed-0DTE,13:00,ATM,2026-02-11,2026-07-08,19,100.0,109,48.624,70.0,44.0,100.0,144.0,0.95312,78.0,-0.87805,False
TSLA,put,market,Wed-0DTE,13:00,ATM,2026-02-11,2026-07-08,19,20.0,109,77.982,27.0,10.0,50.0,140.0,0.85714,78.0,-0.90654,False
TSLA,put,market,Wed-0DTE,13:00,ATM,2026-02-11,2026-07-08,19,25.0,109,76.147,30.0,11.0,51.5,137.0,0.85714,78.0,-0.90654,False
TSLA,put,market,Wed-0DTE,13:00,ATM,2026-02-11,2026-07-08,19,30.0,109,74.312,34.0,15.0,57.0,139.0,0.85714,78.0,-0.90654,False
TSLA,put,market,Wed-0DTE,13:00,ATM,2026-02-11,2026-07-08,19,40.0,109,66.972,39.0,17.0,66.0,143.0,0.85714,78.0,-0.90654,False
TSLA,put,market,Wed-0DTE,13:00,ATM,2026-02-11,2026-07-08,19,50.0,109,66.055,46.0,19.75,85.5,130.5,0.85714,78.0,-0.90654,False
TSLA,put,market,Wed-0DTE,13:00,ATM,2026-02-11,2026-07-08,19,60.0,109,60.55,54.0,21.5,96.75,133.5,0.85714,78.0,-0.90654,False
TSLA,put,market,Wed-0DTE,13:00,ATM,2026-02-11,2026-07-08,19,70.0,109,56.881,56.0,34.0,98.75,138.0,0.85714,78.0,-0.90654,False
TSLA,put,market,Wed-0DTE,13:00,ATM,2026-02-11,2026-07-08,19,75.0,109,55.963,60.0,39.0,100.0,133.0,0.85714,78.0,-0.90654,False
TSLA,put,market,Wed-0DTE,13:00,ATM,2026-02-11,2026-07-08,19,80.0,109,55.046,64.5,44.75,101.25,138.0,0.85714,78.0,-0.90654,False
TSLA,put,market,Wed-0DTE,13:00,ATM,2026-02-11,2026-07-08,19,90.0,109,47.706,68.0,43.5,100.0,145.5,0.85714,78.0,-0.90654,False
TSLA,put,market,Wed-0DTE,13:00,ATM,2026-02-11,2026-07-08,19,100.0,109,40.367,65.0,43.75,100.25,152.5,0.85714,78.0,-0.90654,False
TSLA,put,mid,Wed-0DTE,13:30,OTM1,2026-02-11,2026-07-08,19,20.0,111,74.775,10.0,4.0,34.0,100.0,0.7549,40.0,-0.91667,False
TSLA,put,mid,Wed-0DTE,13:30,OTM1,2026-02-11,2026-07-08,19,25.0,111,72.973,12.0,5.0,36.0,100.0,0.7549,40.0,-0.91667,False
TSLA,put,mid,Wed-0DTE,13:30,OTM1,2026-02-11,2026-07-08,19,30.0,111,71.171,14.0,6.0,38.5,102.0,0.7549,40.0,-0.91667,False
TSLA,put,mid,Wed-0DTE,13:30,OTM1,2026-02-11,2026-07-08,19,40.0,111,65.766,20.0,9.0,49.0,103.0,0.7549,40.0,-0.91667,False
TSLA,put,mid,Wed-0DTE,13:30,OTM1,2026-02-11,2026-07-08,19,50.0,111,60.36,23.0,10.5,55.0,103.0,0.7549,40.0,-0.91667,False
TSLA,put,mid,Wed-0DTE,13:30,OTM1,2026-02-11,2026-07-08,19,60.0,111,56.757,33.0,12.5,58.5,102.0,0.7549,40.0,-0.91667,False
TSLA,put,mid,Wed-0DTE,13:30,OTM1,2026-02-11,2026-07-08,19,70.0,111,54.054,36.0,13.75,60.25,101.5,0.7549,40.0,-0.91667,False
TSLA,put,mid,Wed-0DTE,13:30,OTM1,2026-02-11,2026-07-08,19,75.0,111,50.45,40.0,16.0,62.0,102.0,0.7549,40.0,-0.91667,False
TSLA,put,mid,Wed-0DTE,13:30,OTM1,2026-02-11,2026-07-08,19,80.0,111,48.649,39.0,14.75,61.75,102.0,0.7549,40.0,-0.91667,False
TSLA,put,mid,Wed-0DTE,13:30,OTM1,2026-02-11,2026-07-08,19,90.0,111,45.045,40.5,18.25,64.75,102.0,0.7549,40.0,-0.91667,False
TSLA,put,mid,Wed-0DTE,13:30,OTM1,2026-02-11,2026-07-08,19,100.0,111,41.441,46.0,18.0,65.75,102.5,0.7549,40.0,-0.91667,False
TSLA,put,market,Wed-0DTE,13:30,OTM1,2026-02-11,2026-07-08,19,20.0,111,63.063,19.5,8.25,50.5,104.0,0.57547,40.0,-1.0,False
TSLA,put,market,Wed-0DTE,13:30,OTM1,2026-02-11,2026-07-08,19,25.0,111,60.36,20.0,8.5,53.0,102.0,0.57547,40.0,-1.0,False
TSLA,put,market,Wed-0DTE,13:30,OTM1,2026-02-11,2026-07-08,19,30.0,111,59.459,23.0,10.5,53.5,102.5,0.57547,40.0,-1.0,False
TSLA,put,market,Wed-0DTE,13:30,OTM1,2026-02-11,2026-07-08,19,40.0,111,55.856,33.5,14.25,59.5,103.5,0.57547,40.0,-1.0,False
TSLA,put,market,Wed-0DTE,13:30,OTM1,2026-02-11,2026-07-08,19,50.0,111,52.252,35.5,17.25,60.75,101.0,0.57547,40.0,-1.0,False
TSLA,put,market,Wed-0DTE,13:30,OTM1,2026-02-11,2026-07-08,19,60.0,111,48.649,41.5,18.25,64.75,102.5,0.57547,40.0,-1.0,False
TSLA,put,market,Wed-0DTE,13:30,OTM1,2026-02-11,2026-07-08,19,70.0,111,44.144,48.0,19.0,65.0,102.0,0.57547,40.0,-1.0,False
TSLA,put,market,Wed-0DTE,13:30,OTM1,2026-02-11,2026-07-08,19,75.0,111,40.541,55.0,18.0,65.0,107.0,0.57547,40.0,-1.0,False
TSLA,put,market,Wed-0DTE,13:30,OTM1,2026-02-11,2026-07-08,19,80.0,111,39.64,53.5,18.0,66.75,104.0,0.57547,40.0,-1.0,False
TSLA,put,market,Wed-0DTE,13:30,OTM1,2026-02-11,2026-07-08,19,90.0,111,37.838,53.5,18.0,74.5,103.5,0.57547,40.0,-1.0,False
TSLA,put,market,Wed-0DTE,13:30,OTM1,2026-02-11,2026-07-08,19,100.0,111,36.036,53.5,19.75,75.5,100.5,0.57547,40.0,-1.0,False
TSLA,put,mid,Wed-0DTE,14:00,OTM1,2026-02-11,2026-07-08,19,20.0,113,74.336,6.5,3.0,16.25,68.0,0.65217,27.0,-0.88,False
TSLA,put,mid,Wed-0DTE,14:00,OTM1,2026-02-11,2026-07-08,19,25.0,113,69.027,8.5,4.0,18.0,68.0,0.65217,27.0,-0.88,False
TSLA,put,mid,Wed-0DTE,14:00,OTM1,2026-02-11,2026-07-08,19,30.0,113,65.487,9.5,5.0,21.5,71.5,0.65217,27.0,-0.88,False
TSLA,put,mid,Wed-0DTE,14:00,OTM1,2026-02-11,2026-07-08,19,40.0,113,61.947,11.0,6.0,23.75,76.0,0.65217,27.0,-0.88,False
TSLA,put,mid,Wed-0DTE,14:00,OTM1,2026-02-11,2026-07-08,19,50.0,113,59.292,14.0,8.0,29.5,81.0,0.65217,27.0,-0.88,False
TSLA,put,mid,Wed-0DTE,14:00,OTM1,2026-02-11,2026-07-08,19,60.0,113,53.097,15.0,9.0,27.0,84.0,0.65217,27.0,-0.88,False
TSLA,put,mid,Wed-0DTE,14:00,OTM1,2026-02-11,2026-07-08,19,70.0,113,48.673,16.0,10.0,33.0,85.0,0.65217,27.0,-0.88,False
TSLA,put,mid,Wed-0DTE,14:00,OTM1,2026-02-11,2026-07-08,19,75.0,113,47.788,18.0,10.0,33.75,85.0,0.65217,27.0,-0.88,False
TSLA,put,mid,Wed-0DTE,14:00,OTM1,2026-02-11,2026-07-08,19,80.0,113,46.903,20.0,10.0,35.0,84.0,0.65217,27.0,-0.88,False
TSLA,put,mid,Wed-0DTE,14:00,OTM1,2026-02-11,2026-07-08,19,90.0,113,44.248,21.5,13.0,38.0,83.0,0.65217,27.0,-0.88,False
TSLA,put,mid,Wed-0DTE,14:00,OTM1,2026-02-11,2026-07-08,19,100.0,113,42.478,22.0,15.75,42.0,83.0,0.65217,27.0,-0.88,False
TSLA,put,market,Wed-0DTE,14:00,OTM1,2026-02-11,2026-07-08,19,20.0,113,57.522,14.0,6.0,26.0,82.0,0.39286,27.0,-1.0,False
TSLA,put,market,Wed-0DTE,14:00,OTM1,2026-02-11,2026-07-08,19,25.0,113,55.752,14.0,8.0,26.0,84.0,0.39286,27.0,-1.0,False
TSLA,put,market,Wed-0DTE,14:00,OTM1,2026-02-11,2026-07-08,19,30.0,113,53.982,16.0,9.0,30.0,84.0,0.39286,27.0,-1.0,False
TSLA,put,market,Wed-0DTE,14:00,OTM1,2026-02-11,2026-07-08,19,40.0,113,48.673,16.0,10.0,31.5,84.0,0.39286,27.0,-1.0,False
TSLA,put,market,Wed-0DTE,14:00,OTM1,2026-02-11,2026-07-08,19,50.0,113,45.133,19.0,10.5,34.5,86.0,0.39286,27.0,-1.0,False
TSLA,put,market,Wed-0DTE,14:00,OTM1,2026-02-11,2026-07-08,19,60.0,113,43.363,22.0,13.0,36.0,82.0,0.39286,27.0,-1.0,False
TSLA,put,market,Wed-0DTE,14:00,OTM1,2026-02-11,2026-07-08,19,70.0,113,40.708,30.0,16.0,41.5,79.5,0.39286,27.0,-1.0,False
TSLA,put,market,Wed-0DTE,14:00,OTM1,2026-02-11,2026-07-08,19,75.0,113,38.938,29.5,17.0,41.25,79.5,0.39286,27.0,-1.0,False
TSLA,put,market,Wed-0DTE,14:00,OTM1,2026-02-11,2026-07-08,19,80.0,113,38.053,31.0,18.0,43.5,78.0,0.39286,27.0,-1.0,False
TSLA,put,market,Wed-0DTE,14:00,OTM1,2026-02-11,2026-07-08,19,90.0,113,38.053,35.0,20.5,49.0,77.0,0.39286,27.0,-1.0,False
TSLA,put,market,Wed-0DTE,14:00,OTM1,2026-02-11,2026-07-08,19,100.0,113,38.053,35.0,22.5,50.0,77.0,0.39286,27.0,-1.0,False
TSLA,put,mid,Wed-0DTE,15:00,OTM1,2026-02-11,2026-07-08,19,20.0,111,63.063,5.0,1.0,15.25,31.0,0.42857,7.0,-0.72727,False
TSLA,put,mid,Wed-0DTE,15:00,OTM1,2026-02-11,2026-07-08,19,25.0,111,63.063,5.5,2.0,16.0,28.5,0.42857,7.0,-0.72727,False
TSLA,put,mid,Wed-0DTE,15:00,OTM1,2026-02-11,2026-07-08,19,30.0,111,59.459,6.0,2.0,16.75,28.0,0.42857,7.0,-0.72727,False
TSLA,put,mid,Wed-0DTE,15:00,OTM1,2026-02-11,2026-07-08,19,40.0,111,52.252,6.5,4.25,16.75,26.5,0.42857,7.0,-0.72727,False
TSLA,put,mid,Wed-0DTE,15:00,OTM1,2026-02-11,2026-07-08,19,50.0,111,47.748,10.0,5.0,17.0,28.0,0.42857,7.0,-0.72727,False
TSLA,put,mid,Wed-0DTE,15:00,OTM1,2026-02-11,2026-07-08,19,60.0,111,36.937,10.0,6.0,17.0,32.0,0.42857,7.0,-0.72727,False
TSLA,put,mid,Wed-0DTE,15:00,OTM1,2026-02-11,2026-07-08,19,70.0,111,35.135,11.0,6.0,18.5,32.0,0.42857,7.0,-0.72727,False
TSLA,put,mid,Wed-0DTE,15:00,OTM1,2026-02-11,2026-07-08,19,75.0,111,35.135,11.0,6.0,18.5,32.0,0.42857,7.0,-0.72727,False
TSLA,put,mid,Wed-0DTE,15:00,OTM1,2026-02-11,2026-07-08,19,80.0,111,34.234,11.0,6.0,19.25,31.5,0.42857,7.0,-0.72727,False
TSLA,put,mid,Wed-0DTE,15:00,OTM1,2026-02-11,2026-07-08,19,90.0,111,32.432,12.0,6.75,20.25,32.0,0.42857,7.0,-0.72727,False
TSLA,put,mid,Wed-0DTE,15:00,OTM1,2026-02-11,2026-07-08,19,100.0,111,32.432,12.0,6.75,21.0,31.5,0.42857,7.0,-0.72727,False
TSLA,put,market,Wed-0DTE,15:00,OTM1,2026-02-11,2026-07-08,19,20.0,111,36.937,11.0,5.0,21.0,29.0,-0.21875,7.0,-1.0,False
TSLA,put,market,Wed-0DTE,15:00,OTM1,2026-02-11,2026-07-08,19,25.0,111,36.036,11.0,5.75,20.25,29.0,-0.21875,7.0,-1.0,False
TSLA,put,market,Wed-0DTE,15:00,OTM1,2026-02-11,2026-07-08,19,30.0,111,33.333,12.0,6.0,21.0,31.0,-0.21875,7.0,-1.0,False
TSLA,put,market,Wed-0DTE,15:00,OTM1,2026-02-11,2026-07-08,19,40.0,111,28.829,11.0,6.75,22.0,33.0,-0.21875,7.0,-1.0,False
TSLA,put,market,Wed-0DTE,15:00,OTM1,2026-02-11,2026-07-08,19,50.0,111,27.928,11.0,7.0,20.5,31.0,-0.21875,7.0,-1.0,False
TSLA,put,market,Wed-0DTE,15:00,OTM1,2026-02-11,2026-07-08,19,60.0,111,25.225,11.5,7.0,21.5,34.0,-0.21875,7.0,-1.0,False
TSLA,put,market,Wed-0DTE,15:00,OTM1,2026-02-11,2026-07-08,19,70.0,111,23.423,11.5,7.25,18.75,33.0,-0.21875,7.0,-1.0,False
TSLA,put,market,Wed-0DTE,15:00,OTM1,2026-02-11,2026-07-08,19,75.0,111,22.523,11.0,7.0,18.0,34.0,-0.21875,7.0,-1.0,False
TSLA,put,market,Wed-0DTE,15:00,OTM1,2026-02-11,2026-07-08,19,80.0,111,20.721,11.0,8.0,17.0,34.0,-0.21875,7.0,-1.0,False
TSLA,put,market,Wed-0DTE,15:00,OTM1,2026-02-11,2026-07-08,19,90.0,111,19.82,11.5,8.25,17.5,35.0,-0.21875,7.0,-1.0,False
TSLA,put,market,Wed-0DTE,15:00,OTM1,2026-02-11,2026-07-08,19,100.0,111,19.82,12.0,9.25,17.5,35.0,-0.21875,7.0,-1.0,False
TSLA,put,mid,Wed-0DTE,15:30,OTM1,2026-02-11,2026-07-08,18,20.0,18,61.111,1.0,1.0,2.0,20.0,0.41422,5.5,-0.61111,True
TSLA,put,mid,Wed-0DTE,15:30,OTM1,2026-02-11,2026-07-08,18,25.0,18,61.111,1.0,1.0,2.0,20.0,0.41422,5.5,-0.61111,True
TSLA,put,mid,Wed-0DTE,15:30,OTM1,2026-02-11,2026-07-08,18,30.0,18,55.556,1.5,1.0,2.75,21.0,0.41422,5.5,-0.61111,True
TSLA,put,mid,Wed-0DTE,15:30,OTM1,2026-02-11,2026-07-08,18,40.0,18,55.556,2.5,1.25,11.0,21.0,0.41422,5.5,-0.61111,True
TSLA,put,mid,Wed-0DTE,15:30,OTM1,2026-02-11,2026-07-08,18,50.0,18,38.889,3.0,1.5,7.0,24.0,0.41422,5.5,-0.61111,True
TSLA,put,mid,Wed-0DTE,15:30,OTM1,2026-02-11,2026-07-08,18,60.0,18,27.778,2.0,1.0,3.0,26.0,0.41422,5.5,-0.61111,True
TSLA,put,mid,Wed-0DTE,15:30,OTM1,2026-02-11,2026-07-08,18,70.0,18,27.778,3.0,2.0,11.0,26.0,0.41422,5.5,-0.61111,True
TSLA,put,mid,Wed-0DTE,15:30,OTM1,2026-02-11,2026-07-08,18,75.0,18,27.778,3.0,2.0,11.0,26.0,0.41422,5.5,-0.61111,True
TSLA,put,mid,Wed-0DTE,15:30,OTM1,2026-02-11,2026-07-08,18,80.0,18,27.778,3.0,2.0,11.0,26.0,0.41422,5.5,-0.61111,True
TSLA,put,mid,Wed-0DTE,15:30,OTM1,2026-02-11,2026-07-08,18,90.0,18,27.778,4.0,2.0,13.0,26.0,0.41422,5.5,-0.61111,True
TSLA,put,mid,Wed-0DTE,15:30,OTM1,2026-02-11,2026-07-08,18,100.0,18,27.778,4.0,2.0,15.0,26.0,0.41422,5.5,-0.61111,True
TSLA,put,market,Wed-0DTE,15:30,OTM1,2026-02-11,2026-07-08,18,20.0,18,16.667,15.0,9.0,19.5,26.0,-0.36445,5.5,-1.0,True
TSLA,put,market,Wed-0DTE,15:30,OTM1,2026-02-11,2026-07-08,18,25.0,18,16.667,15.0,9.0,19.5,26.0,-0.36445,5.5,-1.0,True
TSLA,put,market,Wed-0DTE,15:30,OTM1,2026-02-11,2026-07-08,18,30.0,18,16.667,15.0,9.5,20.0,26.0,-0.36445,5.5,-1.0,True
TSLA,put,market,Wed-0DTE,15:30,OTM1,2026-02-11,2026-07-08,18,40.0,18,16.667,15.0,9.5,20.0,26.0,-0.36445,5.5,-1.0,True
TSLA,put,market,Wed-0DTE,15:30,OTM1,2026-02-11,2026-07-08,18,50.0,18,16.667,15.0,9.5,20.0,26.0,-0.36445,5.5,-1.0,True
TSLA,put,market,Wed-0DTE,15:30,OTM1,2026-02-11,2026-07-08,18,60.0,18,16.667,16.0,12.0,20.5,24.0,-0.36445,5.5,-1.0,True
TSLA,put,market,Wed-0DTE,15:30,OTM1,2026-02-11,2026-07-08,18,70.0,18,16.667,16.0,12.0,20.5,24.0,-0.36445,5.5,-1.0,True
TSLA,put,market,Wed-0DTE,15:30,OTM1,2026-02-11,2026-07-08,18,75.0,18,16.667,16.0,12.0,20.5,24.0,-0.36445,5.5,-1.0,True
TSLA,put,market,Wed-0DTE,15:30,OTM1,2026-02-11,2026-07-08,18,80.0,18,16.667,16.0,12.0,20.5,24.0,-0.36445,5.5,-1.0,True
TSLA,put,market,Wed-0DTE,15:30,OTM1,2026-02-11,2026-07-08,18,90.0,18,16.667,24.0,16.0,24.5,24.0,-0.36445,5.5,-1.0,True
TSLA,put,market,Wed-0DTE,15:30,OTM1,2026-02-11,2026-07-08,18,100.0,18,16.667,24.0,16.0,24.5,24.0,-0.36445,5.5,-1.0,True
TSLA,put,mid,Wed-0DTE,10:00,ITM,2026-02-11,2026-07-08,20,20.0,422,64.929,25.5,10.0,59.0,336.5,0.35425,103.5,-0.5259,False
TSLA,put,mid,Wed-0DTE,10:00,ITM,2026-02-11,2026-07-08,20,25.0,422,59.953,33.0,15.0,66.0,339.0,0.35425,103.5,-0.5259,False
TSLA,put,mid,Wed-0DTE,10:00,ITM,2026-02-11,2026-07-08,20,30.0,422,54.028,38.5,17.0,88.75,339.0,0.35425,103.5,-0.5259,False
TSLA,put,mid,Wed-0DTE,10:00,ITM,2026-02-11,2026-07-08,20,40.0,422,45.972,52.0,22.25,170.25,341.5,0.35425,103.5,-0.5259,False
TSLA,put,mid,Wed-0DTE,10:00,ITM,2026-02-11,2026-07-08,20,50.0,422,42.417,72.0,31.5,255.0,339.0,0.35425,103.5,-0.5259,False
TSLA,put,mid,Wed-0DTE,10:00,ITM,2026-02-11,2026-07-08,20,60.0,422,37.678,153.0,46.5,268.0,339.0,0.35425,103.5,-0.5259,False
TSLA,put,mid,Wed-0DTE,10:00,ITM,2026-02-11,2026-07-08,20,70.0,422,34.36,189.0,56.0,277.0,339.0,0.35425,103.5,-0.5259,False
TSLA,put,mid,Wed-0DTE,10:00,ITM,2026-02-11,2026-07-08,20,75.0,422,31.517,185.0,56.0,278.0,339.0,0.35425,103.5,-0.5259,False
TSLA,put,mid,Wed-0DTE,10:00,ITM,2026-02-11,2026-07-08,20,80.0,422,29.621,192.0,75.0,282.0,339.0,0.35425,103.5,-0.5259,False
TSLA,put,mid,Wed-0DTE,10:00,ITM,2026-02-11,2026-07-08,20,90.0,422,27.014,239.5,102.75,293.5,339.0,0.35425,103.5,-0.5259,False
TSLA,put,mid,Wed-0DTE,10:00,ITM,2026-02-11,2026-07-08,20,100.0,422,22.038,236.0,111.0,288.0,337.0,0.35425,103.5,-0.5259,False
TSLA,put,market,Wed-0DTE,10:00,ITM,2026-02-11,2026-07-08,20,20.0,422,61.611,28.0,13.0,64.5,339.0,0.32388,103.5,-0.53529,False
TSLA,put,market,Wed-0DTE,10:00,ITM,2026-02-11,2026-07-08,20,25.0,422,57.82,34.0,15.0,72.0,339.0,0.32388,103.5,-0.53529,False
TSLA,put,market,Wed-0DTE,10:00,ITM,2026-02-11,2026-07-08,20,30.0,422,50.948,41.0,18.0,137.5,339.0,0.32388,103.5,-0.53529,False
TSLA,put,market,Wed-0DTE,10:00,ITM,2026-02-11,2026-07-08,20,40.0,422,44.787,56.0,25.0,180.0,341.0,0.32388,103.5,-0.53529,False
TSLA,put,market,Wed-0DTE,10:00,ITM,2026-02-11,2026-07-08,20,50.0,422,41.469,125.0,41.0,263.5,340.0,0.32388,103.5,-0.53529,False
TSLA,put,market,Wed-0DTE,10:00,ITM,2026-02-11,2026-07-08,20,60.0,422,36.73,176.0,50.0,273.0,339.0,0.32388,103.5,-0.53529,False
TSLA,put,market,Wed-0DTE,10:00,ITM,2026-02-11,2026-07-08,20,70.0,422,32.464,188.0,57.0,278.0,339.0,0.32388,103.5,-0.53529,False
TSLA,put,market,Wed-0DTE,10:00,ITM,2026-02-11,2026-07-08,20,75.0,422,30.095,188.0,71.0,279.0,339.0,0.32388,103.5,-0.53529,False
TSLA,put,market,Wed-0DTE,10:00,ITM,2026-02-11,2026-07-08,20,80.0,422,28.199,196.0,88.0,285.0,339.0,0.32388,103.5,-0.53529,False
TSLA,put,market,Wed-0DTE,10:00,ITM,2026-02-11,2026-07-08,20,90.0,422,23.697,209.0,100.75,285.0,338.0,0.32388,103.5,-0.53529,False
TSLA,put,market,Wed-0DTE,10:00,ITM,2026-02-11,2026-07-08,20,100.0,422,20.853,258.5,137.75,289.25,333.0,0.32388,103.5,-0.53529,False
TSLA,put,mid,Wed-0DTE,10:30,ITM,2026-02-11,2026-07-08,19,20.0,364,75.549,26.0,11.5,156.0,304.0,0.46159,244.0,-0.41146,False
TSLA,put,mid,Wed-0DTE,10:30,ITM,2026-02-11,2026-07-08,19,25.0,364,69.505,31.0,14.0,221.0,307.0,0.46159,244.0,-0.41146,False
TSLA,put,mid,Wed-0DTE,10:30,ITM,2026-02-11,2026-07-08,19,30.0,364,65.11,56.0,18.0,234.0,308.0,0.46159,244.0,-0.41146,False
TSLA,put,mid,Wed-0DTE,10:30,ITM,2026-02-11,2026-07-08,19,40.0,364,55.495,122.0,27.25,248.75,309.0,0.46159,244.0,-0.41146,False
TSLA,put,mid,Wed-0DTE,10:30,ITM,2026-02-11,2026-07-08,19,50.0,364,45.055,157.5,35.5,263.5,309.0,0.46159,244.0,-0.41146,False
TSLA,put,mid,Wed-0DTE,10:30,ITM,2026-02-11,2026-07-08,19,60.0,364,37.088,205.0,41.0,263.0,309.0,0.46159,244.0,-0.41146,False
TSLA,put,mid,Wed-0DTE,10:30,ITM,2026-02-11,2026-07-08,19,70.0,364,30.769,184.5,67.5,269.0,309.0,0.46159,244.0,-0.41146,False
TSLA,put,mid,Wed-0DTE,10:30,ITM,2026-02-11,2026-07-08,19,75.0,364,27.747,165.0,71.0,274.0,310.0,0.46159,244.0,-0.41146,False
TSLA,put,mid,Wed-0DTE,10:30,ITM,2026-02-11,2026-07-08,19,80.0,364,25.824,210.0,82.75,273.25,309.0,0.46159,244.0,-0.41146,False
TSLA,put,mid,Wed-0DTE,10:30,ITM,2026-02-11,2026-07-08,19,90.0,364,21.154,215.0,86.0,267.0,309.0,0.46159,244.0,-0.41146,False
TSLA,put,mid,Wed-0DTE,10:30,ITM,2026-02-11,2026-07-08,19,100.0,364,17.582,214.5,91.5,261.25,309.0,0.46159,244.0,-0.41146,False
TSLA,put,market,Wed-0DTE,10:30,ITM,2026-02-11,2026-07-08,19,20.0,364,73.352,28.0,12.5,187.5,305.0,0.43265,244.0,-0.42691,False
TSLA,put,market,Wed-0DTE,10:30,ITM,2026-02-11,2026-07-08,19,25.0,364,67.308,35.0,17.0,224.0,308.0,0.43265,244.0,-0.42691,False
TSLA,put,market,Wed-0DTE,10:30,ITM,2026-02-11,2026-07-08,19,30.0,364,61.813,68.0,21.0,239.0,309.0,0.43265,244.0,-0.42691,False
TSLA,put,market,Wed-0DTE,10:30,ITM,2026-02-11,2026-07-08,19,40.0,364,53.571,143.0,28.0,255.0,309.0,0.43265,244.0,-0.42691,False
TSLA,put,market,Wed-0DTE,10:30,ITM,2026-02-11,2026-07-08,19,50.0,364,41.758,155.5,36.75,260.75,309.0,0.43265,244.0,-0.42691,False
TSLA,put,market,Wed-0DTE,10:30,ITM,2026-02-11,2026-07-08,19,60.0,364,35.165,207.5,45.75,264.25,309.0,0.43265,244.0,-0.42691,False
TSLA,put,market,Wed-0DTE,10:30,ITM,2026-02-11,2026-07-08,19,70.0,364,28.297,200.0,73.5,268.0,310.0,0.43265,244.0,-0.42691,False
TSLA,put,market,Wed-0DTE,10:30,ITM,2026-02-11,2026-07-08,19,75.0,364,26.099,209.0,83.0,269.0,309.0,0.43265,244.0,-0.42691,False
TSLA,put,market,Wed-0DTE,10:30,ITM,2026-02-11,2026-07-08,19,80.0,364,24.451,209.0,86.0,274.0,309.0,0.43265,244.0,-0.42691,False
TSLA,put,market,Wed-0DTE,10:30,ITM,2026-02-11,2026-07-08,19,90.0,364,19.231,200.5,89.25,264.5,309.0,0.43265,244.0,-0.42691,False
TSLA,put,market,Wed-0DTE,10:30,ITM,2026-02-11,2026-07-08,19,100.0,364,16.209,208.0,93.0,257.0,309.0,0.43265,244.0,-0.42691,False
TSLA,put,mid,Wed-0DTE,11:00,ATM,2026-02-11,2026-07-08,19,20.0,104,82.692,15.5,7.0,41.75,271.5,0.73421,150.5,-0.8833,False
TSLA,put,mid,Wed-0DTE,11:00,ATM,2026-02-11,2026-07-08,19,25.0,104,75.962,17.0,8.0,50.0,273.0,0.73421,150.5,-0.8833,False
TSLA,put,mid,Wed-0DTE,11:00,ATM,2026-02-11,2026-07-08,19,30.0,104,71.154,22.5,10.0,103.75,270.5,0.73421,150.5,-0.8833,False
TSLA,put,mid,Wed-0DTE,11:00,ATM,2026-02-11,2026-07-08,19,40.0,104,63.462,41.0,13.25,157.0,271.5,0.73421,150.5,-0.8833,False
TSLA,put,mid,Wed-0DTE,11:00,ATM,2026-02-11,2026-07-08,19,50.0,104,61.538,53.0,18.75,172.75,269.0,0.73421,150.5,-0.8833,False
TSLA,put,mid,Wed-0DTE,11:00,ATM,2026-02-11,2026-07-08,19,60.0,104,54.808,91.0,25.0,193.0,273.0,0.73421,150.5,-0.8833,False
TSLA,put,mid,Wed-0DTE,11:00,ATM,2026-02-11,2026-07-08,19,70.0,104,50.962,121.0,25.0,203.0,274.0,0.73421,150.5,-0.8833,False
TSLA,put,mid,Wed-0DTE,11:00,ATM,2026-02-11,2026-07-08,19,75.0,104,50.0,117.0,26.0,206.0,274.0,0.73421,150.5,-0.8833,False
TSLA,put,mid,Wed-0DTE,11:00,ATM,2026-02-11,2026-07-08,19,80.0,104,48.077,117.0,31.75,204.75,274.0,0.73421,150.5,-0.8833,False
TSLA,put,mid,Wed-0DTE,11:00,ATM,2026-02-11,2026-07-08,19,90.0,104,43.269,98.0,38.0,198.0,274.0,0.73421,150.5,-0.8833,False
TSLA,put,mid,Wed-0DTE,11:00,ATM,2026-02-11,2026-07-08,19,100.0,104,42.308,118.0,40.25,202.75,276.5,0.73421,150.5,-0.8833,False
TSLA,put,market,Wed-0DTE,11:00,ATM,2026-02-11,2026-07-08,19,20.0,104,75.962,16.0,8.0,50.0,273.0,0.66847,150.5,-0.9061,False
TSLA,put,market,Wed-0DTE,11:00,ATM,2026-02-11,2026-07-08,19,25.0,104,71.154,24.0,10.0,103.75,270.5,0.66847,150.5,-0.9061,False
TSLA,put,market,Wed-0DTE,11:00,ATM,2026-02-11,2026-07-08,19,30.0,104,66.346,25.0,11.0,147.0,273.0,0.66847,150.5,-0.9061,False
TSLA,put,market,Wed-0DTE,11:00,ATM,2026-02-11,2026-07-08,19,40.0,104,62.5,51.0,18.0,166.0,273.0,0.66847,150.5,-0.9061,False
TSLA,put,market,Wed-0DTE,11:00,ATM,2026-02-11,2026-07-08,19,50.0,104,55.769,89.0,21.5,189.75,271.5,0.66847,150.5,-0.9061,False
TSLA,put,market,Wed-0DTE,11:00,ATM,2026-02-11,2026-07-08,19,60.0,104,51.923,109.0,25.25,198.25,274.0,0.66847,150.5,-0.9061,False
TSLA,put,market,Wed-0DTE,11:00,ATM,2026-02-11,2026-07-08,19,70.0,104,49.038,137.0,26.0,206.0,274.0,0.66847,150.5,-0.9061,False
TSLA,put,market,Wed-0DTE,11:00,ATM,2026-02-11,2026-07-08,19,75.0,104,48.077,117.0,32.25,204.75,274.0,0.66847,150.5,-0.9061,False
TSLA,put,market,Wed-0DTE,11:00,ATM,2026-02-11,2026-07-08,19,80.0,104,46.154,95.5,35.0,199.0,274.0,0.66847,150.5,-0.9061,False
TSLA,put,market,Wed-0DTE,11:00,ATM,2026-02-11,2026-07-08,19,90.0,104,42.308,118.0,39.5,202.5,276.5,0.66847,150.5,-0.9061,False
TSLA,put,market,Wed-0DTE,11:00,ATM,2026-02-11,2026-07-08,19,100.0,104,41.346,169.0,43.5,204.5,274.0,0.66847,150.5,-0.9061,False
TSLA,put,mid,Wed-0DTE,11:30,ATM,2026-02-11,2026-07-08,19,20.0,105,80.0,10.5,4.0,64.75,242.0,0.8866,136.0,-0.88696,False
TSLA,put,mid,Wed-0DTE,11:30,ATM,2026-02-11,2026-07-08,19,25.0,105,78.095,13.5,6.0,88.5,239.5,0.8866,136.0,-0.88696,False
TSLA,put,mid,Wed-0DTE,11:30,ATM,2026-02-11,2026-07-08,19,30.0,105,76.19,19.5,7.0,109.5,241.5,0.8866,136.0,-0.88696,False
TSLA,put,mid,Wed-0DTE,11:30,ATM,2026-02-11,2026-07-08,19,40.0,105,70.476,39.0,9.25,130.75,244.0,0.8866,136.0,-0.88696,False
TSLA,put,mid,Wed-0DTE,11:30,ATM,2026-02-11,2026-07-08,19,50.0,105,65.714,57.0,15.0,150.0,244.0,0.8866,136.0,-0.88696,False
TSLA,put,mid,Wed-0DTE,11:30,ATM,2026-02-11,2026-07-08,19,60.0,105,60.952,60.5,18.5,162.0,244.0,0.8866,136.0,-0.88696,False
TSLA,put,mid,Wed-0DTE,11:30,ATM,2026-02-11,2026-07-08,19,70.0,105,59.048,87.0,21.5,173.25,244.0,0.8866,136.0,-0.88696,False
TSLA,put,mid,Wed-0DTE,11:30,ATM,2026-02-11,2026-07-08,19,75.0,105,56.19,102.0,24.5,177.5,244.0,0.8866,136.0,-0.88696,False
TSLA,put,mid,Wed-0DTE,11:30,ATM,2026-02-11,2026-07-08,19,80.0,105,52.381,103.0,26.5,178.0,248.0,0.8866,136.0,-0.88696,False
TSLA,put,mid,Wed-0DTE,11:30,ATM,2026-02-11,2026-07-08,19,90.0,105,49.524,136.0,41.75,181.5,248.5,0.8866,136.0,-0.88696,False
TSLA,put,mid,Wed-0DTE,11:30,ATM,2026-02-11,2026-07-08,19,100.0,105,48.571,138.0,50.5,198.5,249.0,0.8866,136.0,-0.88696,False
TSLA,put,market,Wed-0DTE,11:30,ATM,2026-02-11,2026-07-08,19,20.0,105,78.095,15.5,6.0,94.75,239.5,0.83618,136.0,-0.90809,False
TSLA,put,market,Wed-0DTE,11:30,ATM,2026-02-11,2026-07-08,19,25.0,105,75.238,18.0,7.0,112.0,243.0,0.83618,136.0,-0.90809,False
TSLA,put,market,Wed-0DTE,11:30,ATM,2026-02-11,2026-07-08,19,30.0,105,72.381,27.5,8.0,127.75,243.5,0.83618,136.0,-0.90809,False
TSLA,put,market,Wed-0DTE,11:30,ATM,2026-02-11,2026-07-08,19,40.0,105,68.571,55.0,11.0,143.0,244.0,0.83618,136.0,-0.90809,False
TSLA,put,market,Wed-0DTE,11:30,ATM,2026-02-11,2026-07-08,19,50.0,105,61.905,63.0,16.0,155.0,244.0,0.83618,136.0,-0.90809,False
TSLA,put,market,Wed-0DTE,11:30,ATM,2026-02-11,2026-07-08,19,60.0,105,60.0,71.0,19.5,171.5,244.0,0.83618,136.0,-0.90809,False
TSLA,put,market,Wed-0DTE,11:30,ATM,2026-02-11,2026-07-08,19,70.0,105,55.238,87.5,24.25,179.0,244.0,0.83618,136.0,-0.90809,False
TSLA,put,market,Wed-0DTE,11:30,ATM,2026-02-11,2026-07-08,19,75.0,105,52.381,123.0,27.0,178.0,248.0,0.83618,136.0,-0.90809,False
TSLA,put,market,Wed-0DTE,11:30,ATM,2026-02-11,2026-07-08,19,80.0,105,51.429,128.5,32.75,179.0,248.0,0.83618,136.0,-0.90809,False
TSLA,put,market,Wed-0DTE,11:30,ATM,2026-02-11,2026-07-08,19,90.0,105,48.571,138.0,48.5,198.0,249.0,0.83618,136.0,-0.90809,False
TSLA,put,market,Wed-0DTE,11:30,ATM,2026-02-11,2026-07-08,19,100.0,105,46.667,136.0,51.0,188.0,248.0,0.83618,136.0,-0.90809,False
TSLA,put,mid,Wed-0DTE,12:00,ITM,2026-02-11,2026-07-08,18,20.0,320,79.688,53.0,18.0,124.5,219.0,0.51027,159.5,-0.28356,False
TSLA,put,mid,Wed-0DTE,12:00,ITM,2026-02-11,2026-07-08,18,25.0,320,75.625,71.5,24.0,140.0,218.5,0.51027,159.5,-0.28356,False
TSLA,put,mid,Wed-0DTE,12:00,ITM,2026-02-11,2026-07-08,18,30.0,320,69.688,87.0,30.5,143.5,219.0,0.51027,159.5,-0.28356,False
TSLA,put,mid,Wed-0DTE,12:00,ITM,2026-02-11,2026-07-08,18,40.0,320,60.938,105.0,44.0,154.5,218.0,0.51027,159.5,-0.28356,False
TSLA,put,mid,Wed-0DTE,12:00,ITM,2026-02-11,2026-07-08,18,50.0,320,51.25,113.5,51.0,161.25,215.5,0.51027,159.5,-0.28356,False
TSLA,put,mid,Wed-0DTE,12:00,ITM,2026-02-11,2026-07-08,18,60.0,320,42.812,131.0,69.0,175.0,216.0,0.51027,159.5,-0.28356,False
TSLA,put,mid,Wed-0DTE,12:00,ITM,2026-02-11,2026-07-08,18,70.0,320,35.625,140.0,86.25,184.0,214.0,0.51027,159.5,-0.28356,False
TSLA,put,mid,Wed-0DTE,12:00,ITM,2026-02-11,2026-07-08,18,75.0,320,31.562,141.0,80.0,186.0,219.0,0.51027,159.5,-0.28356,False
TSLA,put,mid,Wed-0DTE,12:00,ITM,2026-02-11,2026-07-08,18,80.0,320,29.688,141.0,77.0,186.5,219.0,0.51027,159.5,-0.28356,False
TSLA,put,mid,Wed-0DTE,12:00,ITM,2026-02-11,2026-07-08,18,90.0,320,23.438,144.0,82.0,196.5,219.0,0.51027,159.5,-0.28356,False
TSLA,put,mid,Wed-0DTE,12:00,ITM,2026-02-11,2026-07-08,18,100.0,320,19.062,144.0,92.0,190.0,218.0,0.51027,159.5,-0.28356,False
TSLA,put,market,Wed-0DTE,12:00,ITM,2026-02-11,2026-07-08,18,20.0,320,76.562,61.0,22.0,129.0,219.0,0.48036,159.5,-0.30212,False
TSLA,put,market,Wed-0DTE,12:00,ITM,2026-02-11,2026-07-08,18,25.0,320,71.875,77.5,25.25,140.0,219.0,0.48036,159.5,-0.30212,False
TSLA,put,market,Wed-0DTE,12:00,ITM,2026-02-11,2026-07-08,18,30.0,320,66.25,96.0,33.0,147.25,219.0,0.48036,159.5,-0.30212,False
TSLA,put,market,Wed-0DTE,12:00,ITM,2026-02-11,2026-07-08,18,40.0,320,57.5,110.0,44.75,155.0,218.0,0.48036,159.5,-0.30212,False
TSLA,put,market,Wed-0DTE,12:00,ITM,2026-02-11,2026-07-08,18,50.0,320,47.812,119.0,55.0,163.0,214.0,0.48036,159.5,-0.30212,False
TSLA,put,market,Wed-0DTE,12:00,ITM,2026-02-11,2026-07-08,18,60.0,320,40.312,133.0,68.0,176.0,216.0,0.48036,159.5,-0.30212,False
TSLA,put,market,Wed-0DTE,12:00,ITM,2026-02-11,2026-07-08,18,70.0,320,32.812,140.0,81.0,186.0,218.0,0.48036,159.5,-0.30212,False
TSLA,put,market,Wed-0DTE,12:00,ITM,2026-02-11,2026-07-08,18,75.0,320,30.0,142.0,76.75,185.75,219.0,0.48036,159.5,-0.30212,False
TSLA,put,market,Wed-0DTE,12:00,ITM,2026-02-11,2026-07-08,18,80.0,320,27.812,150.0,81.0,193.0,219.0,0.48036,159.5,-0.30212,False
TSLA,put,market,Wed-0DTE,12:00,ITM,2026-02-11,2026-07-08,18,90.0,320,21.875,146.0,88.0,197.25,219.0,0.48036,159.5,-0.30212,False
TSLA,put,market,Wed-0DTE,12:00,ITM,2026-02-11,2026-07-08,18,100.0,320,18.125,147.0,111.5,196.75,216.5,0.48036,159.5,-0.30212,False
TSLA,put,mid,Wed-0DTE,12:30,ATM,2026-02-11,2026-07-08,18,20.0,108,81.481,15.0,6.0,35.5,174.5,0.99382,93.5,-0.88358,False
TSLA,put,mid,Wed-0DTE,12:30,ATM,2026-02-11,2026-07-08,18,25.0,108,78.704,17.0,7.0,42.0,178.0,0.99382,93.5,-0.88358,False
TSLA,put,mid,Wed-0DTE,12:30,ATM,2026-02-11,2026-07-08,18,30.0,108,75.0,24.0,10.0,60.0,178.0,0.99382,93.5,-0.88358,False
TSLA,put,mid,Wed-0DTE,12:30,ATM,2026-02-11,2026-07-08,18,40.0,108,71.296,32.0,16.0,67.0,175.0,0.99382,93.5,-0.88358,False
TSLA,put,mid,Wed-0DTE,12:30,ATM,2026-02-11,2026-07-08,18,50.0,108,70.37,41.5,21.75,73.25,166.0,0.99382,93.5,-0.88358,False
TSLA,put,mid,Wed-0DTE,12:30,ATM,2026-02-11,2026-07-08,18,60.0,108,66.667,44.5,21.75,84.25,170.0,0.99382,93.5,-0.88358,False
TSLA,put,mid,Wed-0DTE,12:30,ATM,2026-02-11,2026-07-08,18,70.0,108,63.889,57.0,27.0,89.0,175.0,0.99382,93.5,-0.88358,False
TSLA,put,mid,Wed-0DTE,12:30,ATM,2026-02-11,2026-07-08,18,75.0,108,61.111,68.0,33.25,94.0,176.0,0.99382,93.5,-0.88358,False
TSLA,put,mid,Wed-0DTE,12:30,ATM,2026-02-11,2026-07-08,18,80.0,108,60.185,69.0,40.0,94.0,177.0,0.99382,93.5,-0.88358,False
TSLA,put,mid,Wed-0DTE,12:30,ATM,2026-02-11,2026-07-08,18,90.0,108,53.704,76.5,37.75,101.75,183.5,0.99382,93.5,-0.88358,False
TSLA,put,mid,Wed-0DTE,12:30,ATM,2026-02-11,2026-07-08,18,100.0,108,50.0,82.0,43.25,105.75,178.5,0.99382,93.5,-0.88358,False
TSLA,put,market,Wed-0DTE,12:30,ATM,2026-02-11,2026-07-08,18,20.0,108,76.852,21.0,8.0,46.0,182.0,0.91439,93.5,-0.91378,False
TSLA,put,market,Wed-0DTE,12:30,ATM,2026-02-11,2026-07-08,18,25.0,108,75.0,24.0,11.0,55.0,178.0,0.91439,93.5,-0.91378,False
TSLA,put,market,Wed-0DTE,12:30,ATM,2026-02-11,2026-07-08,18,30.0,108,72.222,29.0,15.0,64.25,176.0,0.91439,93.5,-0.91378,False
TSLA,put,market,Wed-0DTE,12:30,ATM,2026-02-11,2026-07-08,18,40.0,108,71.296,39.0,20.0,67.0,175.0,0.91439,93.5,-0.91378,False
TSLA,put,market,Wed-0DTE,12:30,ATM,2026-02-11,2026-07-08,18,50.0,108,67.593,47.0,22.0,79.0,167.0,0.91439,93.5,-0.91378,False
TSLA,put,market,Wed-0DTE,12:30,ATM,2026-02-11,2026-07-08,18,60.0,108,63.889,57.0,27.0,85.0,176.0,0.91439,93.5,-0.91378,False
TSLA,put,market,Wed-0DTE,12:30,ATM,2026-02-11,2026-07-08,18,70.0,108,60.185,69.0,35.0,94.0,177.0,0.91439,93.5,-0.91378,False
TSLA,put,market,Wed-0DTE,12:30,ATM,2026-02-11,2026-07-08,18,75.0,108,60.185,75.0,40.0,100.0,159.0,0.91439,93.5,-0.91378,False
TSLA,put,market,Wed-0DTE,12:30,ATM,2026-02-11,2026-07-08,18,80.0,108,58.333,78.0,40.0,103.0,174.0,0.91439,93.5,-0.91378,False
TSLA,put,market,Wed-0DTE,12:30,ATM,2026-02-11,2026-07-08,18,90.0,108,50.926,81.0,40.5,105.5,183.0,0.91439,93.5,-0.91378,False
TSLA,put,market,Wed-0DTE,12:30,ATM,2026-02-11,2026-07-08,18,100.0,108,46.296,90.0,50.25,120.0,184.0,0.91439,93.5,-0.91378,False
TSLA,put,mid,Wed-0DTE,13:00,ITM,2026-02-11,2026-07-08,19,20.0,311,76.206,42.0,17.0,81.0,154.0,0.47249,102.0,-0.2674,False
TSLA,put,mid,Wed-0DTE,13:00,ITM,2026-02-11,2026-07-08,19,25.0,311,72.026,50.0,22.0,90.0,154.0,0.47249,102.0,-0.2674,False
TSLA,put,mid,Wed-0DTE,13:00,ITM,2026-02-11,2026-07-08,19,30.0,311,66.238,57.0,31.0,95.75,154.0,0.47249,102.0,-0.2674,False
TSLA,put,mid,Wed-0DTE,13:00,ITM,2026-02-11,2026-07-08,19,40.0,311,56.913,65.0,42.0,105.0,154.0,0.47249,102.0,-0.2674,False
TSLA,put,mid,Wed-0DTE,13:00,ITM,2026-02-11,2026-07-08,19,50.0,311,47.267,73.0,45.5,111.0,154.0,0.47249,102.0,-0.2674,False
TSLA,put,mid,Wed-0DTE,13:00,ITM,2026-02-11,2026-07-08,19,60.0,311,36.656,77.5,50.0,105.0,157.5,0.47249,102.0,-0.2674,False
TSLA,put,mid,Wed-0DTE,13:00,ITM,2026-02-11,2026-07-08,19,70.0,311,30.225,80.0,55.5,106.0,156.0,0.47249,102.0,-0.2674,False
TSLA,put,mid,Wed-0DTE,13:00,ITM,2026-02-11,2026-07-08,19,75.0,311,27.653,86.0,58.25,110.75,154.0,0.47249,102.0,-0.2674,False
TSLA,put,mid,Wed-0DTE,13:00,ITM,2026-02-11,2026-07-08,19,80.0,311,24.437,89.0,60.75,118.5,159.0,0.47249,102.0,-0.2674,False
TSLA,put,mid,Wed-0DTE,13:00,ITM,2026-02-11,2026-07-08,19,90.0,311,19.293,86.0,58.75,115.5,159.0,0.47249,102.0,-0.2674,False
TSLA,put,mid,Wed-0DTE,13:00,ITM,2026-02-11,2026-07-08,19,100.0,311,16.077,91.5,67.5,120.0,155.0,0.47249,102.0,-0.2674,False
TSLA,put,market,Wed-0DTE,13:00,ITM,2026-02-11,2026-07-08,19,20.0,311,74.277,47.0,20.5,89.0,154.0,0.44183,102.0,-0.28419,False
TSLA,put,market,Wed-0DTE,13:00,ITM,2026-02-11,2026-07-08,19,25.0,311,69.775,53.0,27.0,95.0,154.0,0.44183,102.0,-0.28419,False
TSLA,put,market,Wed-0DTE,13:00,ITM,2026-02-11,2026-07-08,19,30.0,311,63.666,62.0,35.0,99.75,155.0,0.44183,102.0,-0.28419,False
TSLA,put,market,Wed-0DTE,13:00,ITM,2026-02-11,2026-07-08,19,40.0,311,53.698,70.0,43.5,109.5,154.0,0.44183,102.0,-0.28419,False
TSLA,put,market,Wed-0DTE,13:00,ITM,2026-02-11,2026-07-08,19,50.0,311,42.122,70.0,45.5,100.0,154.0,0.44183,102.0,-0.28419,False
TSLA,put,market,Wed-0DTE,13:00,ITM,2026-02-11,2026-07-08,19,60.0,311,33.762,76.0,52.0,109.0,158.0,0.44183,102.0,-0.28419,False
TSLA,put,market,Wed-0DTE,13:00,ITM,2026-02-11,2026-07-08,19,70.0,311,27.974,84.0,58.5,112.0,159.0,0.44183,102.0,-0.28419,False
TSLA,put,market,Wed-0DTE,13:00,ITM,2026-02-11,2026-07-08,19,75.0,311,24.759,90.0,60.0,116.0,159.0,0.44183,102.0,-0.28419,False
TSLA,put,market,Wed-0DTE,13:00,ITM,2026-02-11,2026-07-08,19,80.0,311,21.543,89.0,61.0,120.5,159.0,0.44183,102.0,-0.28419,False
TSLA,put,market,Wed-0DTE,13:00,ITM,2026-02-11,2026-07-08,19,90.0,311,18.328,87.0,56.0,119.0,158.0,0.44183,102.0,-0.28419,False
TSLA,put,market,Wed-0DTE,13:00,ITM,2026-02-11,2026-07-08,19,100.0,311,14.791,93.5,71.25,122.5,151.0,0.44183,102.0,-0.28419,False
TSLA,put,mid,Wed-0DTE,13:30,ATM,2026-02-11,2026-07-08,19,20.0,111,80.18,14.0,5.0,35.0,114.0,0.85937,58.0,-0.92473,False
TSLA,put,mid,Wed-0DTE,13:30,ATM,2026-02-11,2026-07-08,19,25.0,111,79.279,15.5,7.0,46.0,112.0,0.85937,58.0,-0.92473,False
TSLA,put,mid,Wed-0DTE,13:30,ATM,2026-02-11,2026-07-08,19,30.0,111,75.676,20.0,8.0,47.25,116.0,0.85937,58.0,-0.92473,False
TSLA,put,mid,Wed-0DTE,13:30,ATM,2026-02-11,2026-07-08,19,40.0,111,72.973,31.0,13.0,53.0,118.0,0.85937,58.0,-0.92473,False
TSLA,put,mid,Wed-0DTE,13:30,ATM,2026-02-11,2026-07-08,19,50.0,111,67.568,36.0,15.5,60.0,122.0,0.85937,58.0,-0.92473,False
TSLA,put,mid,Wed-0DTE,13:30,ATM,2026-02-11,2026-07-08,19,60.0,111,63.964,47.0,18.5,70.0,122.0,0.85937,58.0,-0.92473,False
TSLA,put,mid,Wed-0DTE,13:30,ATM,2026-02-11,2026-07-08,19,70.0,111,57.658,50.5,22.25,72.25,120.5,0.85937,58.0,-0.92473,False
TSLA,put,mid,Wed-0DTE,13:30,ATM,2026-02-11,2026-07-08,19,75.0,111,54.955,52.0,22.0,78.0,119.0,0.85937,58.0,-0.92473,False
TSLA,put,mid,Wed-0DTE,13:30,ATM,2026-02-11,2026-07-08,19,80.0,111,54.955,53.0,22.0,84.0,118.0,0.85937,58.0,-0.92473,False
TSLA,put,mid,Wed-0DTE,13:30,ATM,2026-02-11,2026-07-08,19,90.0,111,48.649,57.0,20.25,95.75,118.5,0.85937,58.0,-0.92473,False
TSLA,put,mid,Wed-0DTE,13:30,ATM,2026-02-11,2026-07-08,19,100.0,111,43.243,56.0,20.0,88.75,116.5,0.85937,58.0,-0.92473,False
TSLA,put,market,Wed-0DTE,13:30,ATM,2026-02-11,2026-07-08,19,20.0,111,76.577,18.0,8.0,46.0,115.0,0.75188,58.0,-0.97674,False
TSLA,put,market,Wed-0DTE,13:30,ATM,2026-02-11,2026-07-08,19,25.0,111,74.775,25.0,9.5,48.5,116.0,0.75188,58.0,-0.97674,False
TSLA,put,market,Wed-0DTE,13:30,ATM,2026-02-11,2026-07-08,19,30.0,111,73.874,26.5,11.25,52.75,117.0,0.75188,58.0,-0.97674,False
TSLA,put,market,Wed-0DTE,13:30,ATM,2026-02-11,2026-07-08,19,40.0,111,67.568,36.0,14.5,60.0,122.0,0.75188,58.0,-0.97674,False
TSLA,put,market,Wed-0DTE,13:30,ATM,2026-02-11,2026-07-08,19,50.0,111,64.865,45.5,18.75,72.25,120.5,0.75188,58.0,-0.97674,False
TSLA,put,market,Wed-0DTE,13:30,ATM,2026-02-11,2026-07-08,19,60.0,111,58.559,52.0,23.0,74.0,122.0,0.75188,58.0,-0.97674,False
TSLA,put,market,Wed-0DTE,13:30,ATM,2026-02-11,2026-07-08,19,70.0,111,54.054,54.0,21.75,84.25,118.5,0.75188,58.0,-0.97674,False
TSLA,put,market,Wed-0DTE,13:30,ATM,2026-02-11,2026-07-08,19,75.0,111,50.45,56.5,20.75,87.5,118.5,0.75188,58.0,-0.97674,False
TSLA,put,market,Wed-0DTE,13:30,ATM,2026-02-11,2026-07-08,19,80.0,111,46.847,56.5,20.0,97.0,119.5,0.75188,58.0,-0.97674,False
TSLA,put,market,Wed-0DTE,13:30,ATM,2026-02-11,2026-07-08,19,90.0,111,41.441,58.0,22.5,92.25,117.0,0.75188,58.0,-0.97674,False
TSLA,put,market,Wed-0DTE,13:30,ATM,2026-02-11,2026-07-08,19,100.0,111,39.64,59.5,24.75,91.5,117.0,0.75188,58.0,-0.97674,False
TSLA,put,mid,Wed-0DTE,14:00,ATM,2026-02-11,2026-07-08,19,20.0,110,80.0,8.0,4.75,18.25,91.5,0.6938,40.5,-0.90579,False
TSLA,put,mid,Wed-0DTE,14:00,ATM,2026-02-11,2026-07-08,19,25.0,110,74.545,10.0,5.0,27.0,94.0,0.6938,40.5,-0.90579,False
TSLA,put,mid,Wed-0DTE,14:00,ATM,2026-02-11,2026-07-08,19,30.0,110,72.727,14.5,5.0,31.25,92.5,0.6938,40.5,-0.90579,False
TSLA,put,mid,Wed-0DTE,14:00,ATM,2026-02-11,2026-07-08,19,40.0,110,67.273,18.0,8.25,37.5,92.5,0.6938,40.5,-0.90579,False
TSLA,put,mid,Wed-0DTE,14:00,ATM,2026-02-11,2026-07-08,19,50.0,110,60.909,22.0,11.0,35.0,94.0,0.6938,40.5,-0.90579,False
TSLA,put,mid,Wed-0DTE,14:00,ATM,2026-02-11,2026-07-08,19,60.0,110,53.636,25.0,13.0,36.5,94.0,0.6938,40.5,-0.90579,False
TSLA,put,mid,Wed-0DTE,14:00,ATM,2026-02-11,2026-07-08,19,70.0,110,50.0,25.0,13.0,43.0,94.0,0.6938,40.5,-0.90579,False
TSLA,put,mid,Wed-0DTE,14:00,ATM,2026-02-11,2026-07-08,19,75.0,110,48.182,31.0,16.0,44.0,94.0,0.6938,40.5,-0.90579,False
TSLA,put,mid,Wed-0DTE,14:00,ATM,2026-02-11,2026-07-08,19,80.0,110,44.545,32.0,19.0,45.0,97.0,0.6938,40.5,-0.90579,False
TSLA,put,mid,Wed-0DTE,14:00,ATM,2026-02-11,2026-07-08,19,90.0,110,43.636,34.0,22.5,50.5,98.0,0.6938,40.5,-0.90579,False
TSLA,put,mid,Wed-0DTE,14:00,ATM,2026-02-11,2026-07-08,19,100.0,110,42.727,39.0,25.5,55.0,94.0,0.6938,40.5,-0.90579,False
TSLA,put,market,Wed-0DTE,14:00,ATM,2026-02-11,2026-07-08,19,20.0,110,71.818,14.0,5.0,30.5,94.0,0.54748,40.5,-0.97258,False
TSLA,put,market,Wed-0DTE,14:00,ATM,2026-02-11,2026-07-08,19,25.0,110,69.091,18.0,8.0,33.25,94.0,0.54748,40.5,-0.97258,False
TSLA,put,market,Wed-0DTE,14:00,ATM,2026-02-11,2026-07-08,19,30.0,110,67.273,18.0,9.0,36.75,94.0,0.54748,40.5,-0.97258,False
TSLA,put,market,Wed-0DTE,14:00,ATM,2026-02-11,2026-07-08,19,40.0,110,60.909,20.0,12.0,36.5,94.0,0.54748,40.5,-0.97258,False
TSLA,put,market,Wed-0DTE,14:00,ATM,2026-02-11,2026-07-08,19,50.0,110,54.545,25.0,12.75,40.0,94.0,0.54748,40.5,-0.97258,False
TSLA,put,market,Wed-0DTE,14:00,ATM,2026-02-11,2026-07-08,19,60.0,110,48.182,26.0,16.0,40.0,94.0,0.54748,40.5,-0.97258,False
TSLA,put,market,Wed-0DTE,14:00,ATM,2026-02-11,2026-07-08,19,70.0,110,44.545,33.0,19.0,45.0,97.0,0.54748,40.5,-0.97258,False
TSLA,put,market,Wed-0DTE,14:00,ATM,2026-02-11,2026-07-08,19,75.0,110,43.636,33.0,21.0,50.0,98.0,0.54748,40.5,-0.97258,False
TSLA,put,market,Wed-0DTE,14:00,ATM,2026-02-11,2026-07-08,19,80.0,110,43.636,35.5,22.5,52.75,98.0,0.54748,40.5,-0.97258,False
TSLA,put,market,Wed-0DTE,14:00,ATM,2026-02-11,2026-07-08,19,90.0,110,42.727,40.0,26.5,56.0,94.0,0.54748,40.5,-0.97258,False
TSLA,put,market,Wed-0DTE,14:00,ATM,2026-02-11,2026-07-08,19,100.0,110,38.182,45.0,28.5,57.75,96.0,0.54748,40.5,-0.97258,False
TSLA,put,mid,Wed-0DTE,14:30,OTM1,2026-02-11,2026-07-08,19,20.0,114,66.667,5.0,2.0,11.25,39.5,0.40705,11.0,-0.84497,False
TSLA,put,mid,Wed-0DTE,14:30,OTM1,2026-02-11,2026-07-08,19,25.0,114,60.526,5.0,3.0,12.0,44.0,0.40705,11.0,-0.84497,False
TSLA,put,mid,Wed-0DTE,14:30,OTM1,2026-02-11,2026-07-08,19,30.0,114,57.018,6.0,3.0,12.0,47.0,0.40705,11.0,-0.84497,False
TSLA,put,mid,Wed-0DTE,14:30,OTM1,2026-02-11,2026-07-08,19,40.0,114,50.0,7.0,4.0,13.0,52.0,0.40705,11.0,-0.84497,False
TSLA,put,mid,Wed-0DTE,14:30,OTM1,2026-02-11,2026-07-08,19,50.0,114,47.368,9.5,4.25,16.5,52.5,0.40705,11.0,-0.84497,False
TSLA,put,mid,Wed-0DTE,14:30,OTM1,2026-02-11,2026-07-08,19,60.0,114,39.474,9.0,5.0,17.0,57.0,0.40705,11.0,-0.84497,False
TSLA,put,mid,Wed-0DTE,14:30,OTM1,2026-02-11,2026-07-08,19,70.0,114,38.596,10.0,6.75,17.25,55.0,0.40705,11.0,-0.84497,False
TSLA,put,mid,Wed-0DTE,14:30,OTM1,2026-02-11,2026-07-08,19,75.0,114,37.719,10.0,7.0,19.0,54.0,0.40705,11.0,-0.84497,False
TSLA,put,mid,Wed-0DTE,14:30,OTM1,2026-02-11,2026-07-08,19,80.0,114,36.842,10.5,7.0,20.0,53.5,0.40705,11.0,-0.84497,False
TSLA,put,mid,Wed-0DTE,14:30,OTM1,2026-02-11,2026-07-08,19,90.0,114,35.088,12.0,7.0,26.5,53.5,0.40705,11.0,-0.84497,False
TSLA,put,mid,Wed-0DTE,14:30,OTM1,2026-02-11,2026-07-08,19,100.0,114,35.088,17.0,8.0,33.75,53.5,0.40705,11.0,-0.84497,False
TSLA,put,market,Wed-0DTE,14:30,OTM1,2026-02-11,2026-07-08,19,20.0,114,42.982,10.0,5.0,17.0,57.0,0.03183,11.0,-1.0,False
TSLA,put,market,Wed-0DTE,14:30,OTM1,2026-02-11,2026-07-08,19,25.0,114,42.982,10.0,5.0,18.0,57.0,0.03183,11.0,-1.0,False
TSLA,put,market,Wed-0DTE,14:30,OTM1,2026-02-11,2026-07-08,19,30.0,114,39.474,11.0,6.0,18.0,59.0,0.03183,11.0,-1.0,False
TSLA,put,market,Wed-0DTE,14:30,OTM1,2026-02-11,2026-07-08,19,40.0,114,37.719,11.0,7.0,19.0,57.0,0.03183,11.0,-1.0,False
TSLA,put,market,Wed-0DTE,14:30,OTM1,2026-02-11,2026-07-08,19,50.0,114,35.088,11.0,6.75,20.25,54.5,0.03183,11.0,-1.0,False
TSLA,put,market,Wed-0DTE,14:30,OTM1,2026-02-11,2026-07-08,19,60.0,114,33.333,15.5,7.25,31.0,53.5,0.03183,11.0,-1.0,False
TSLA,put,market,Wed-0DTE,14:30,OTM1,2026-02-11,2026-07-08,19,70.0,114,33.333,16.5,8.25,32.5,53.5,0.03183,11.0,-1.0,False
TSLA,put,market,Wed-0DTE,14:30,OTM1,2026-02-11,2026-07-08,19,75.0,114,32.456,18.0,10.0,36.0,53.0,0.03183,11.0,-1.0,False
TSLA,put,market,Wed-0DTE,14:30,OTM1,2026-02-11,2026-07-08,19,80.0,114,31.579,20.0,12.0,34.5,51.0,0.03183,11.0,-1.0,False
TSLA,put,market,Wed-0DTE,14:30,OTM1,2026-02-11,2026-07-08,19,90.0,114,28.947,20.0,12.0,40.0,52.0,0.03183,11.0,-1.0,False
TSLA,put,market,Wed-0DTE,14:30,OTM1,2026-02-11,2026-07-08,19,100.0,114,27.193,25.0,13.0,42.5,48.0,0.03183,11.0,-1.0,False
TSLA,put,mid,Wed-0DTE,15:00,ATM,2026-02-11,2026-07-08,19,20.0,114,68.421,6.0,2.0,13.5,34.0,0.50331,14.0,-0.89681,False
TSLA,put,mid,Wed-0DTE,15:00,ATM,2026-02-11,2026-07-08,19,25.0,114,66.667,6.0,2.0,14.25,34.0,0.50331,14.0,-0.89681,False
TSLA,put,mid,Wed-0DTE,15:00,ATM,2026-02-11,2026-07-08,19,30.0,114,61.404,6.5,3.0,16.0,34.0,0.50331,14.0,-0.89681,False
TSLA,put,mid,Wed-0DTE,15:00,ATM,2026-02-11,2026-07-08,19,40.0,114,54.386,9.5,5.0,17.0,35.5,0.50331,14.0,-0.89681,False
TSLA,put,mid,Wed-0DTE,15:00,ATM,2026-02-11,2026-07-08,19,50.0,114,50.0,11.0,6.0,22.0,35.0,0.50331,14.0,-0.89681,False
TSLA,put,mid,Wed-0DTE,15:00,ATM,2026-02-11,2026-07-08,19,60.0,114,42.105,11.0,6.0,21.0,38.0,0.50331,14.0,-0.89681,False
TSLA,put,mid,Wed-0DTE,15:00,ATM,2026-02-11,2026-07-08,19,70.0,114,37.719,11.0,6.5,20.0,38.0,0.50331,14.0,-0.89681,False
TSLA,put,mid,Wed-0DTE,15:00,ATM,2026-02-11,2026-07-08,19,75.0,114,35.965,12.0,7.0,20.0,38.0,0.50331,14.0,-0.89681,False
TSLA,put,mid,Wed-0DTE,15:00,ATM,2026-02-11,2026-07-08,19,80.0,114,34.211,12.0,7.0,22.0,39.0,0.50331,14.0,-0.89681,False
TSLA,put,mid,Wed-0DTE,15:00,ATM,2026-02-11,2026-07-08,19,90.0,114,28.947,13.0,7.0,25.0,39.0,0.50331,14.0,-0.89681,False
TSLA,put,mid,Wed-0DTE,15:00,ATM,2026-02-11,2026-07-08,19,100.0,114,28.07,15.0,7.0,25.5,38.5,0.50331,14.0,-0.89681,False
TSLA,put,market,Wed-0DTE,15:00,ATM,2026-02-11,2026-07-08,19,20.0,114,58.772,6.0,4.0,16.5,35.0,0.32258,14.0,-0.97585,False
TSLA,put,market,Wed-0DTE,15:00,ATM,2026-02-11,2026-07-08,19,25.0,114,55.263,10.0,5.0,17.5,36.0,0.32258,14.0,-0.97585,False
TSLA,put,market,Wed-0DTE,15:00,ATM,2026-02-11,2026-07-08,19,30.0,114,51.754,11.0,5.0,18.5,34.0,0.32258,14.0,-0.97585,False
TSLA,put,market,Wed-0DTE,15:00,ATM,2026-02-11,2026-07-08,19,40.0,114,43.86,12.0,6.25,21.75,38.0,0.32258,14.0,-0.97585,False
TSLA,put,market,Wed-0DTE,15:00,ATM,2026-02-11,2026-07-08,19,50.0,114,38.596,12.0,7.0,21.0,39.0,0.32258,14.0,-0.97585,False
TSLA,put,market,Wed-0DTE,15:00,ATM,2026-02-11,2026-07-08,19,60.0,114,34.211,12.0,7.0,20.5,39.0,0.32258,14.0,-0.97585,False
TSLA,put,market,Wed-0DTE,15:00,ATM,2026-02-11,2026-07-08,19,70.0,114,33.333,12.5,7.0,24.5,39.0,0.32258,14.0,-0.97585,False
TSLA,put,market,Wed-0DTE,15:00,ATM,2026-02-11,2026-07-08,19,75.0,114,29.825,13.0,7.25,24.5,39.0,0.32258,14.0,-0.97585,False
TSLA,put,market,Wed-0DTE,15:00,ATM,2026-02-11,2026-07-08,19,80.0,114,28.07,14.0,9.75,25.5,41.5,0.32258,14.0,-0.97585,False
TSLA,put,market,Wed-0DTE,15:00,ATM,2026-02-11,2026-07-08,19,90.0,114,27.193,17.0,10.5,27.0,39.0,0.32258,14.0,-0.97585,False
TSLA,put,market,Wed-0DTE,15:00,ATM,2026-02-11,2026-07-08,19,100.0,114,25.439,19.0,12.0,29.0,39.0,0.32258,14.0,-0.97585,False
TSLA,put,mid,Wed-0DTE,15:30,ATM,2026-02-11,2026-07-08,19,20.0,19,52.632,7.5,1.25,19.25,22.0,0.25185,5.0,-0.83333,True
TSLA,put,mid,Wed-0DTE,15:30,ATM,2026-02-11,2026-07-08,19,25.0,19,52.632,7.5,1.25,20.0,22.0,0.25185,5.0,-0.83333,True
TSLA,put,mid,Wed-0DTE,15:30,ATM,2026-02-11,2026-07-08,19,30.0,19,47.368,3.0,1.0,20.0,22.0,0.25185,5.0,-0.83333,True
TSLA,put,mid,Wed-0DTE,15:30,ATM,2026-02-11,2026-07-08,19,40.0,19,42.105,2.5,1.0,14.0,24.5,0.25185,5.0,-0.83333,True
TSLA,put,mid,Wed-0DTE,15:30,ATM,2026-02-11,2026-07-08,19,50.0,19,36.842,2.0,1.5,13.5,28.0,0.25185,5.0,-0.83333,True
TSLA,put,mid,Wed-0DTE,15:30,ATM,2026-02-11,2026-07-08,19,60.0,19,31.579,2.5,2.0,9.0,28.5,0.25185,5.0,-0.83333,True
TSLA,put,mid,Wed-0DTE,15:30,ATM,2026-02-11,2026-07-08,19,70.0,19,31.579,5.0,2.5,9.75,28.0,0.25185,5.0,-0.83333,True
TSLA,put,mid,Wed-0DTE,15:30,ATM,2026-02-11,2026-07-08,19,75.0,19,31.579,5.5,4.25,9.75,28.0,0.25185,5.0,-0.83333,True
TSLA,put,mid,Wed-0DTE,15:30,ATM,2026-02-11,2026-07-08,19,80.0,19,26.316,6.0,5.0,11.0,28.0,0.25185,5.0,-0.83333,True
TSLA,put,mid,Wed-0DTE,15:30,ATM,2026-02-11,2026-07-08,19,90.0,19,26.316,6.0,5.0,13.0,28.0,0.25185,5.0,-0.83333,True
TSLA,put,mid,Wed-0DTE,15:30,ATM,2026-02-11,2026-07-08,19,100.0,19,21.053,11.5,7.5,17.0,28.5,0.25185,5.0,-0.83333,True
TSLA,put,market,Wed-0DTE,15:30,ATM,2026-02-11,2026-07-08,19,20.0,19,36.842,2.0,1.5,7.5,28.0,0.17143,5.0,-0.94828,True
TSLA,put,market,Wed-0DTE,15:30,ATM,2026-02-11,2026-07-08,19,25.0,19,36.842,2.0,1.5,7.5,28.0,0.17143,5.0,-0.94828,True
TSLA,put,market,Wed-0DTE,15:30,ATM,2026-02-11,2026-07-08,19,30.0,19,36.842,2.0,2.0,7.5,28.0,0.17143,5.0,-0.94828,True
TSLA,put,market,Wed-0DTE,15:30,ATM,2026-02-11,2026-07-08,19,40.0,19,31.579,4.5,3.0,6.75,28.5,0.17143,5.0,-0.94828,True
TSLA,put,market,Wed-0DTE,15:30,ATM,2026-02-11,2026-07-08,19,50.0,19,26.316,5.0,3.0,11.0,29.0,0.17143,5.0,-0.94828,True
TSLA,put,market,Wed-0DTE,15:30,ATM,2026-02-11,2026-07-08,19,60.0,19,21.053,8.5,5.5,14.0,28.5,0.17143,5.0,-0.94828,True
TSLA,put,market,Wed-0DTE,15:30,ATM,2026-02-11,2026-07-08,19,70.0,19,21.053,9.5,5.5,15.5,28.5,0.17143,5.0,-0.94828,True
TSLA,put,market,Wed-0DTE,15:30,ATM,2026-02-11,2026-07-08,19,75.0,19,21.053,9.5,5.5,15.5,28.5,0.17143,5.0,-0.94828,True
TSLA,put,market,Wed-0DTE,15:30,ATM,2026-02-11,2026-07-08,19,80.0,19,21.053,11.5,7.5,17.0,28.5,0.17143,5.0,-0.94828,True
TSLA,put,market,Wed-0DTE,15:30,ATM,2026-02-11,2026-07-08,19,90.0,19,21.053,11.5,7.75,17.0,28.0,0.17143,5.0,-0.94828,True
TSLA,put,market,Wed-0DTE,15:30,ATM,2026-02-11,2026-07-08,19,100.0,19,21.053,11.5,7.75,17.0,28.0,0.17143,5.0,-0.94828,True
TSLA,put,mid,Wed-0DTE,11:00,ITM,2026-02-11,2026-07-08,16,20.0,343,73.761,39.0,13.0,167.0,278.0,0.42562,224.0,-0.35769,False
TSLA,put,mid,Wed-0DTE,11:00,ITM,2026-02-11,2026-07-08,16,25.0,343,68.222,58.5,22.25,194.0,277.5,0.42562,224.0,-0.35769,False
TSLA,put,mid,Wed-0DTE,11:00,ITM,2026-02-11,2026-07-08,16,30.0,343,61.516,102.0,28.0,205.5,275.0,0.42562,224.0,-0.35769,False
TSLA,put,mid,Wed-0DTE,11:00,ITM,2026-02-11,2026-07-08,16,40.0,343,51.603,162.0,41.0,220.0,275.0,0.42562,224.0,-0.35769,False
TSLA,put,mid,Wed-0DTE,11:00,ITM,2026-02-11,2026-07-08,16,50.0,343,44.023,191.0,75.0,230.5,274.0,0.42562,224.0,-0.35769,False
TSLA,put,mid,Wed-0DTE,11:00,ITM,2026-02-11,2026-07-08,16,60.0,343,35.569,201.0,82.5,228.75,276.0,0.42562,224.0,-0.35769,False
TSLA,put,mid,Wed-0DTE,11:00,ITM,2026-02-11,2026-07-08,16,70.0,343,28.571,203.5,87.25,226.0,278.5,0.42562,224.0,-0.35769,False
TSLA,put,mid,Wed-0DTE,11:00,ITM,2026-02-11,2026-07-08,16,75.0,343,25.364,202.0,95.0,226.0,279.0,0.42562,224.0,-0.35769,False
TSLA,put,mid,Wed-0DTE,11:00,ITM,2026-02-11,2026-07-08,16,80.0,343,23.032,204.0,102.5,225.0,279.0,0.42562,224.0,-0.35769,False
TSLA,put,mid,Wed-0DTE,11:00,ITM,2026-02-11,2026-07-08,16,90.0,343,20.408,201.5,96.75,228.0,279.0,0.42562,224.0,-0.35769,False
TSLA,put,mid,Wed-0DTE,11:00,ITM,2026-02-11,2026-07-08,16,100.0,343,16.327,201.0,118.0,229.25,279.0,0.42562,224.0,-0.35769,False
TSLA,put,market,Wed-0DTE,11:00,ITM,2026-02-11,2026-07-08,16,20.0,343,70.554,49.5,17.0,172.0,278.0,0.39739,224.0,-0.37041,False
TSLA,put,market,Wed-0DTE,11:00,ITM,2026-02-11,2026-07-08,16,25.0,343,64.723,87.0,27.0,199.0,277.0,0.39739,224.0,-0.37041,False
TSLA,put,market,Wed-0DTE,11:00,ITM,2026-02-11,2026-07-08,16,30.0,343,58.892,123.5,33.0,209.75,275.5,0.39739,224.0,-0.37041,False
TSLA,put,market,Wed-0DTE,11:00,ITM,2026-02-11,2026-07-08,16,40.0,343,49.854,173.0,45.0,222.5,274.0,0.39739,224.0,-0.37041,False
TSLA,put,market,Wed-0DTE,11:00,ITM,2026-02-11,2026-07-08,16,50.0,343,41.108,192.0,77.0,228.0,275.0,0.39739,224.0,-0.37041,False
TSLA,put,market,Wed-0DTE,11:00,ITM,2026-02-11,2026-07-08,16,60.0,343,33.819,202.5,85.25,230.25,276.5,0.39739,224.0,-0.37041,False
TSLA,put,market,Wed-0DTE,11:00,ITM,2026-02-11,2026-07-08,16,70.0,343,25.656,200.0,91.0,225.5,278.5,0.39739,224.0,-0.37041,False
TSLA,put,market,Wed-0DTE,11:00,ITM,2026-02-11,2026-07-08,16,75.0,343,23.324,204.0,104.75,224.25,279.0,0.39739,224.0,-0.37041,False
TSLA,put,market,Wed-0DTE,11:00,ITM,2026-02-11,2026-07-08,16,80.0,343,21.866,202.0,96.5,225.0,279.0,0.39739,224.0,-0.37041,False
TSLA,put,market,Wed-0DTE,11:00,ITM,2026-02-11,2026-07-08,16,90.0,343,19.534,201.0,119.5,230.5,279.0,0.39739,224.0,-0.37041,False
TSLA,put,market,Wed-0DTE,11:00,ITM,2026-02-11,2026-07-08,16,100.0,343,15.452,201.0,112.0,230.0,279.0,0.39739,224.0,-0.37041,False
TSLA,put,mid,Wed-0DTE,11:30,ITM,2026-02-11,2026-07-08,18,20.0,341,78.886,51.0,8.0,157.0,246.0,0.48454,192.0,-0.31862,False
TSLA,put,mid,Wed-0DTE,11:30,ITM,2026-02-11,2026-07-08,18,25.0,341,72.141,60.5,13.0,176.5,245.5,0.48454,192.0,-0.31862,False
TSLA,put,mid,Wed-0DTE,11:30,ITM,2026-02-11,2026-07-08,18,30.0,341,65.689,107.0,16.0,184.25,248.5,0.48454,192.0,-0.31862,False
TSLA,put,mid,Wed-0DTE,11:30,ITM,2026-02-11,2026-07-08,18,40.0,341,57.478,132.5,23.0,195.0,248.0,0.48454,192.0,-0.31862,False
TSLA,put,mid,Wed-0DTE,11:30,ITM,2026-02-11,2026-07-08,18,50.0,341,49.267,154.0,47.75,203.0,249.0,0.48454,192.0,-0.31862,False
TSLA,put,mid,Wed-0DTE,11:30,ITM,2026-02-11,2026-07-08,18,60.0,341,39.883,158.0,56.0,203.5,249.0,0.48454,192.0,-0.31862,False
TSLA,put,mid,Wed-0DTE,11:30,ITM,2026-02-11,2026-07-08,18,70.0,341,33.724,168.0,69.5,211.5,248.0,0.48454,192.0,-0.31862,False
TSLA,put,mid,Wed-0DTE,11:30,ITM,2026-02-11,2026-07-08,18,75.0,341,30.499,166.0,72.0,216.25,246.5,0.48454,192.0,-0.31862,False
TSLA,put,mid,Wed-0DTE,11:30,ITM,2026-02-11,2026-07-08,18,80.0,341,28.446,165.0,72.0,206.0,244.0,0.48454,192.0,-0.31862,False
TSLA,put,mid,Wed-0DTE,11:30,ITM,2026-02-11,2026-07-08,18,90.0,341,23.167,172.0,85.0,217.5,243.0,0.48454,192.0,-0.31862,False
TSLA,put,mid,Wed-0DTE,11:30,ITM,2026-02-11,2026-07-08,18,100.0,341,18.182,169.5,88.25,216.75,244.0,0.48454,192.0,-0.31862,False
TSLA,put,market,Wed-0DTE,11:30,ITM,2026-02-11,2026-07-08,18,20.0,341,76.54,57.0,11.0,169.0,244.0,0.45508,192.0,-0.33867,False
TSLA,put,market,Wed-0DTE,11:30,ITM,2026-02-11,2026-07-08,18,25.0,341,69.208,86.5,14.75,182.0,245.5,0.45508,192.0,-0.33867,False
TSLA,put,market,Wed-0DTE,11:30,ITM,2026-02-11,2026-07-08,18,30.0,341,63.05,117.0,18.0,186.5,246.0,0.45508,192.0,-0.33867,False
TSLA,put,market,Wed-0DTE,11:30,ITM,2026-02-11,2026-07-08,18,40.0,341,55.425,139.0,28.0,197.0,247.0,0.45508,192.0,-0.33867,False
TSLA,put,market,Wed-0DTE,11:30,ITM,2026-02-11,2026-07-08,18,50.0,341,46.334,154.5,50.25,195.75,248.5,0.45508,192.0,-0.33867,False
TSLA,put,market,Wed-0DTE,11:30,ITM,2026-02-11,2026-07-08,18,60.0,341,38.416,164.0,61.5,206.5,248.0,0.45508,192.0,-0.33867,False
TSLA,put,market,Wed-0DTE,11:30,ITM,2026-02-11,2026-07-08,18,70.0,341,32.258,168.0,73.25,218.25,245.5,0.45508,192.0,-0.33867,False
TSLA,put,market,Wed-0DTE,11:30,ITM,2026-02-11,2026-07-08,18,75.0,341,29.032,165.0,72.0,207.0,244.0,0.45508,192.0,-0.33867,False
TSLA,put,market,Wed-0DTE,11:30,ITM,2026-02-11,2026-07-08,18,80.0,341,27.273,171.0,83.0,212.0,243.0,0.45508,192.0,-0.33867,False
TSLA,put,market,Wed-0DTE,11:30,ITM,2026-02-11,2026-07-08,18,90.0,341,20.235,171.0,84.0,220.0,244.0,0.45508,192.0,-0.33867,False
TSLA,put,market,Wed-0DTE,11:30,ITM,2026-02-11,2026-07-08,18,100.0,341,16.129,168.0,91.0,209.5,244.0,0.45508,192.0,-0.33867,False
TSLA,put,mid,Wed-0DTE,12:30,ITM,2026-02-11,2026-07-08,19,20.0,323,80.495,40.0,16.0,82.0,186.5,0.52,134.0,-0.24091,False
TSLA,put,mid,Wed-0DTE,12:30,ITM,2026-02-11,2026-07-08,19,25.0,323,75.851,54.0,22.0,89.0,185.0,0.52,134.0,-0.24091,False
TSLA,put,mid,Wed-0DTE,12:30,ITM,2026-02-11,2026-07-08,19,30.0,323,70.588,62.0,27.0,102.5,184.0,0.52,134.0,-0.24091,False
TSLA,put,mid,Wed-0DTE,12:30,ITM,2026-02-11,2026-07-08,19,40.0,323,61.61,79.0,37.5,112.5,184.0,0.52,134.0,-0.24091,False
TSLA,put,mid,Wed-0DTE,12:30,ITM,2026-02-11,2026-07-08,19,50.0,323,51.703,82.0,45.0,119.5,184.0,0.52,134.0,-0.24091,False
TSLA,put,mid,Wed-0DTE,12:30,ITM,2026-02-11,2026-07-08,19,60.0,323,44.272,90.0,58.0,123.0,184.0,0.52,134.0,-0.24091,False
TSLA,put,mid,Wed-0DTE,12:30,ITM,2026-02-11,2026-07-08,19,70.0,323,36.223,101.0,72.0,135.0,188.0,0.52,134.0,-0.24091,False
TSLA,put,mid,Wed-0DTE,12:30,ITM,2026-02-11,2026-07-08,19,75.0,323,33.437,106.0,74.25,145.25,189.0,0.52,134.0,-0.24091,False
TSLA,put,mid,Wed-0DTE,12:30,ITM,2026-02-11,2026-07-08,19,80.0,323,30.96,110.5,78.75,149.0,188.5,0.52,134.0,-0.24091,False
TSLA,put,mid,Wed-0DTE,12:30,ITM,2026-02-11,2026-07-08,19,90.0,323,26.006,112.5,86.75,152.25,185.0,0.52,134.0,-0.24091,False
TSLA,put,mid,Wed-0DTE,12:30,ITM,2026-02-11,2026-07-08,19,100.0,323,21.672,122.5,95.25,162.5,185.5,0.52,134.0,-0.24091,False
TSLA,put,market,Wed-0DTE,12:30,ITM,2026-02-11,2026-07-08,19,20.0,323,77.09,49.0,20.0,86.0,187.0,0.48831,134.0,-0.25743,False
TSLA,put,market,Wed-0DTE,12:30,ITM,2026-02-11,2026-07-08,19,25.0,323,73.375,59.0,24.0,99.0,184.0,0.48831,134.0,-0.25743,False
TSLA,put,market,Wed-0DTE,12:30,ITM,2026-02-11,2026-07-08,19,30.0,323,69.35,68.0,31.0,106.0,184.0,0.48831,134.0,-0.25743,False
TSLA,put,market,Wed-0DTE,12:30,ITM,2026-02-11,2026-07-08,19,40.0,323,60.062,81.5,39.0,116.5,184.0,0.48831,134.0,-0.25743,False
TSLA,put,market,Wed-0DTE,12:30,ITM,2026-02-11,2026-07-08,19,50.0,323,48.607,84.0,47.0,117.0,184.0,0.48831,134.0,-0.25743,False
TSLA,put,market,Wed-0DTE,12:30,ITM,2026-02-11,2026-07-08,19,60.0,323,41.486,95.5,65.75,134.5,184.5,0.48831,134.0,-0.25743,False
TSLA,put,market,Wed-0DTE,12:30,ITM,2026-02-11,2026-07-08,19,70.0,323,33.746,105.0,72.0,145.0,189.0,0.48831,134.0,-0.25743,False
TSLA,put,market,Wed-0DTE,12:30,ITM,2026-02-11,2026-07-08,19,75.0,323,31.579,110.5,80.25,148.5,188.0,0.48831,134.0,-0.25743,False
TSLA,put,market,Wed-0DTE,12:30,ITM,2026-02-11,2026-07-08,19,80.0,323,28.483,112.0,82.75,154.5,187.5,0.48831,134.0,-0.25743,False
TSLA,put,market,Wed-0DTE,12:30,ITM,2026-02-11,2026-07-08,19,90.0,323,25.077,118.0,94.0,159.0,186.0,0.48831,134.0,-0.25743,False
TSLA,put,market,Wed-0DTE,12:30,ITM,2026-02-11,2026-07-08,19,100.0,323,19.195,126.0,99.5,158.0,185.5,0.48831,134.0,-0.25743,False
TSLA,put,mid,Wed-0DTE,13:30,ITM,2026-02-11,2026-07-08,19,20.0,302,76.821,32.5,14.0,57.25,124.0,0.43833,76.5,-0.26961,False
TSLA,put,mid,Wed-0DTE,13:30,ITM,2026-02-11,2026-07-08,19,25.0,302,71.854,39.0,16.0,60.0,123.0,0.43833,76.5,-0.26961,False
TSLA,put,mid,Wed-0DTE,13:30,ITM,2026-02-11,2026-07-08,19,30.0,302,64.57,42.0,21.0,63.0,123.0,0.43833,76.5,-0.26961,False
TSLA,put,mid,Wed-0DTE,13:30,ITM,2026-02-11,2026-07-08,19,40.0,302,52.98,52.0,28.0,73.25,119.5,0.43833,76.5,-0.26961,False
TSLA,put,mid,Wed-0DTE,13:30,ITM,2026-02-11,2026-07-08,19,50.0,302,41.391,55.0,29.0,79.0,123.0,0.43833,76.5,-0.26961,False
TSLA,put,mid,Wed-0DTE,13:30,ITM,2026-02-11,2026-07-08,19,60.0,302,33.775,57.0,28.25,78.75,122.0,0.43833,76.5,-0.26961,False
TSLA,put,mid,Wed-0DTE,13:30,ITM,2026-02-11,2026-07-08,19,70.0,302,26.159,58.0,30.0,83.0,120.0,0.43833,76.5,-0.26961,False
TSLA,put,mid,Wed-0DTE,13:30,ITM,2026-02-11,2026-07-08,19,75.0,302,23.841,59.5,32.25,85.25,123.0,0.43833,76.5,-0.26961,False
TSLA,put,mid,Wed-0DTE,13:30,ITM,2026-02-11,2026-07-08,19,80.0,302,22.517,64.5,34.0,89.5,124.0,0.43833,76.5,-0.26961,False
TSLA,put,mid,Wed-0DTE,13:30,ITM,2026-02-11,2026-07-08,19,90.0,302,18.212,73.0,39.5,101.0,123.0,0.43833,76.5,-0.26961,False
TSLA,put,mid,Wed-0DTE,13:30,ITM,2026-02-11,2026-07-08,19,100.0,302,15.563,77.0,46.5,105.0,121.0,0.43833,76.5,-0.26961,False
TSLA,put,market,Wed-0DTE,13:30,ITM,2026-02-11,2026-07-08,19,20.0,302,73.841,38.0,15.0,58.5,124.0,0.40319,76.5,-0.28748,False
TSLA,put,market,Wed-0DTE,13:30,ITM,2026-02-11,2026-07-08,19,25.0,302,68.874,41.0,21.5,62.25,123.0,0.40319,76.5,-0.28748,False
TSLA,put,market,Wed-0DTE,13:30,ITM,2026-02-11,2026-07-08,19,30.0,302,61.589,44.0,22.0,65.75,122.0,0.40319,76.5,-0.28748,False
TSLA,put,market,Wed-0DTE,13:30,ITM,2026-02-11,2026-07-08,19,40.0,302,50.993,53.5,32.25,74.75,119.5,0.40319,76.5,-0.28748,False
TSLA,put,market,Wed-0DTE,13:30,ITM,2026-02-11,2026-07-08,19,50.0,302,38.742,57.0,30.0,81.0,123.0,0.40319,76.5,-0.28748,False
TSLA,put,market,Wed-0DTE,13:30,ITM,2026-02-11,2026-07-08,19,60.0,302,31.457,57.0,30.5,78.0,122.0,0.40319,76.5,-0.28748,False
TSLA,put,market,Wed-0DTE,13:30,ITM,2026-02-11,2026-07-08,19,70.0,302,24.172,60.0,30.0,86.0,123.0,0.40319,76.5,-0.28748,False
TSLA,put,market,Wed-0DTE,13:30,ITM,2026-02-11,2026-07-08,19,75.0,302,22.848,64.0,35.0,91.0,124.0,0.40319,76.5,-0.28748,False
TSLA,put,market,Wed-0DTE,13:30,ITM,2026-02-11,2026-07-08,19,80.0,302,21.523,66.0,39.0,99.0,122.0,0.40319,76.5,-0.28748,False
TSLA,put,market,Wed-0DTE,13:30,ITM,2026-02-11,2026-07-08,19,90.0,302,16.225,75.0,42.0,101.0,123.0,0.40319,76.5,-0.28748,False
TSLA,put,market,Wed-0DTE,13:30,ITM,2026-02-11,2026-07-08,19,100.0,302,12.583,76.5,43.0,111.75,123.0,0.40319,76.5,-0.28748,False
TSLA,put,mid,Wed-0DTE,14:00,ITM,2026-02-11,2026-07-08,19,20.0,324,73.457,25.0,11.0,41.75,95.0,0.35435,53.5,-0.2713,False
TSLA,put,mid,Wed-0DTE,14:00,ITM,2026-02-11,2026-07-08,19,25.0,324,66.358,28.0,14.5,46.0,98.0,0.35435,53.5,-0.2713,False
TSLA,put,mid,Wed-0DTE,14:00,ITM,2026-02-11,2026-07-08,19,30.0,324,60.494,31.5,19.0,50.0,96.5,0.35435,53.5,-0.2713,False
TSLA,put,mid,Wed-0DTE,14:00,ITM,2026-02-11,2026-07-08,19,40.0,324,45.062,36.5,22.25,55.75,97.0,0.35435,53.5,-0.2713,False
TSLA,put,mid,Wed-0DTE,14:00,ITM,2026-02-11,2026-07-08,19,50.0,324,34.568,42.0,22.0,60.0,98.5,0.35435,53.5,-0.2713,False
TSLA,put,mid,Wed-0DTE,14:00,ITM,2026-02-11,2026-07-08,19,60.0,324,28.086,50.0,30.5,70.0,99.0,0.35435,53.5,-0.2713,False
TSLA,put,mid,Wed-0DTE,14:00,ITM,2026-02-11,2026-07-08,19,70.0,324,23.148,54.0,35.5,74.5,99.0,0.35435,53.5,-0.2713,False
TSLA,put,mid,Wed-0DTE,14:00,ITM,2026-02-11,2026-07-08,19,75.0,324,20.679,57.0,36.5,77.0,98.0,0.35435,53.5,-0.2713,False
TSLA,put,mid,Wed-0DTE,14:00,ITM,2026-02-11,2026-07-08,19,80.0,324,18.21,60.0,45.0,78.0,98.0,0.35435,53.5,-0.2713,False
TSLA,put,mid,Wed-0DTE,14:00,ITM,2026-02-11,2026-07-08,19,90.0,324,14.815,65.0,49.5,79.0,99.0,0.35435,53.5,-0.2713,False
TSLA,put,mid,Wed-0DTE,14:00,ITM,2026-02-11,2026-07-08,19,100.0,324,12.654,68.0,50.0,83.0,99.0,0.35435,53.5,-0.2713,False
TSLA,put,market,Wed-0DTE,14:00,ITM,2026-02-11,2026-07-08,19,20.0,324,69.444,27.0,13.0,45.0,97.0,0.32305,53.5,-0.2932,False
TSLA,put,market,Wed-0DTE,14:00,ITM,2026-02-11,2026-07-08,19,25.0,324,62.654,30.0,16.5,46.0,95.0,0.32305,53.5,-0.2932,False
TSLA,put,market,Wed-0DTE,14:00,ITM,2026-02-11,2026-07-08,19,30.0,324,54.012,34.0,21.0,52.0,97.0,0.32305,53.5,-0.2932,False
TSLA,put,market,Wed-0DTE,14:00,ITM,2026-02-11,2026-07-08,19,40.0,324,40.432,40.0,23.0,55.5,97.0,0.32305,53.5,-0.2932,False
TSLA,put,market,Wed-0DTE,14:00,ITM,2026-02-11,2026-07-08,19,50.0,324,31.481,44.5,27.5,64.75,99.0,0.32305,53.5,-0.2932,False
TSLA,put,market,Wed-0DTE,14:00,ITM,2026-02-11,2026-07-08,19,60.0,324,26.235,55.0,34.0,74.0,99.0,0.32305,53.5,-0.2932,False
TSLA,put,market,Wed-0DTE,14:00,ITM,2026-02-11,2026-07-08,19,70.0,324,20.988,58.0,37.75,77.0,98.5,0.32305,53.5,-0.2932,False
TSLA,put,market,Wed-0DTE,14:00,ITM,2026-02-11,2026-07-08,19,75.0,324,18.21,62.0,46.0,78.0,99.0,0.32305,53.5,-0.2932,False
TSLA,put,market,Wed-0DTE,14:00,ITM,2026-02-11,2026-07-08,19,80.0,324,16.667,59.5,45.25,77.75,99.0,0.32305,53.5,-0.2932,False
TSLA,put,market,Wed-0DTE,14:00,ITM,2026-02-11,2026-07-08,19,90.0,324,13.58,68.0,48.75,81.25,99.0,0.32305,53.5,-0.2932,False
TSLA,put,market,Wed-0DTE,14:00,ITM,2026-02-11,2026-07-08,19,100.0,324,10.494,64.0,44.0,80.75,99.0,0.32305,53.5,-0.2932,False
TSLA,put,mid,Wed-0DTE,14:30,ATM,2026-02-11,2026-07-08,19,20.0,114,72.807,5.0,3.0,13.0,63.0,0.51193,26.5,-0.88797,False
TSLA,put,mid,Wed-0DTE,14:30,ATM,2026-02-11,2026-07-08,19,25.0,114,64.035,7.0,3.0,15.0,64.0,0.51193,26.5,-0.88797,False
TSLA,put,mid,Wed-0DTE,14:30,ATM,2026-02-11,2026-07-08,19,30.0,114,58.772,7.0,4.0,14.5,64.0,0.51193,26.5,-0.88797,False
TSLA,put,mid,Wed-0DTE,14:30,ATM,2026-02-11,2026-07-08,19,40.0,114,56.14,9.5,5.0,18.0,66.0,0.51193,26.5,-0.88797,False
TSLA,put,mid,Wed-0DTE,14:30,ATM,2026-02-11,2026-07-08,19,50.0,114,50.877,12.0,7.0,23.75,66.5,0.51193,26.5,-0.88797,False
TSLA,put,mid,Wed-0DTE,14:30,ATM,2026-02-11,2026-07-08,19,60.0,114,47.368,15.0,7.0,34.0,65.0,0.51193,26.5,-0.88797,False
TSLA,put,mid,Wed-0DTE,14:30,ATM,2026-02-11,2026-07-08,19,70.0,114,44.737,18.0,9.0,44.5,64.0,0.51193,26.5,-0.88797,False
TSLA,put,mid,Wed-0DTE,14:30,ATM,2026-02-11,2026-07-08,19,75.0,114,43.86,23.5,13.25,45.0,64.0,0.51193,26.5,-0.88797,False
TSLA,put,mid,Wed-0DTE,14:30,ATM,2026-02-11,2026-07-08,19,80.0,114,42.105,23.5,15.0,45.0,63.0,0.51193,26.5,-0.88797,False
TSLA,put,mid,Wed-0DTE,14:30,ATM,2026-02-11,2026-07-08,19,90.0,114,38.596,25.0,15.75,46.25,64.0,0.51193,26.5,-0.88797,False
TSLA,put,mid,Wed-0DTE,14:30,ATM,2026-02-11,2026-07-08,19,100.0,114,33.333,28.5,16.0,49.0,62.0,0.51193,26.5,-0.88797,False
TSLA,put,market,Wed-0DTE,14:30,ATM,2026-02-11,2026-07-08,19,20.0,114,59.649,8.0,5.0,16.25,64.0,0.41838,26.5,-0.96771,False
TSLA,put,market,Wed-0DTE,14:30,ATM,2026-02-11,2026-07-08,19,25.0,114,57.018,9.0,5.0,17.0,68.0,0.41838,26.5,-0.96771,False
TSLA,put,market,Wed-0DTE,14:30,ATM,2026-02-11,2026-07-08,19,30.0,114,54.386,10.0,6.0,18.0,66.0,0.41838,26.5,-0.96771,False
TSLA,put,market,Wed-0DTE,14:30,ATM,2026-02-11,2026-07-08,19,40.0,114,50.0,12.0,7.0,25.0,67.0,0.41838,26.5,-0.96771,False
TSLA,put,market,Wed-0DTE,14:30,ATM,2026-02-11,2026-07-08,19,50.0,114,47.368,16.5,7.25,33.25,65.0,0.41838,26.5,-0.96771,False
TSLA,put,market,Wed-0DTE,14:30,ATM,2026-02-11,2026-07-08,19,60.0,114,44.737,20.0,10.0,44.5,64.0,0.41838,26.5,-0.96771,False
TSLA,put,market,Wed-0DTE,14:30,ATM,2026-02-11,2026-07-08,19,70.0,114,41.228,22.0,15.0,45.5,64.0,0.41838,26.5,-0.96771,False
TSLA,put,market,Wed-0DTE,14:30,ATM,2026-02-11,2026-07-08,19,75.0,114,40.351,24.0,16.0,45.0,64.0,0.41838,26.5,-0.96771,False
TSLA,put,market,Wed-0DTE,14:30,ATM,2026-02-11,2026-07-08,19,80.0,114,38.596,25.0,15.75,48.75,64.0,0.41838,26.5,-0.96771,False
TSLA,put,market,Wed-0DTE,14:30,ATM,2026-02-11,2026-07-08,19,90.0,114,32.456,30.0,16.0,50.0,64.0,0.41838,26.5,-0.96771,False
TSLA,put,market,Wed-0DTE,14:30,ATM,2026-02-11,2026-07-08,19,100.0,114,30.702,31.0,19.0,50.5,64.0,0.41838,26.5,-0.96771,False
TSLA,put,mid,Wed-0DTE,15:00,ITM,2026-02-11,2026-07-08,19,20.0,333,37.237,12.0,6.0,20.5,37.5,0.12943,13.0,-0.23182,False
TSLA,put,mid,Wed-0DTE,15:00,ITM,2026-02-11,2026-07-08,19,25.0,333,31.231,12.5,7.0,25.0,38.0,0.12943,13.0,-0.23182,False
TSLA,put,mid,Wed-0DTE,15:00,ITM,2026-02-11,2026-07-08,19,30.0,333,26.126,15.0,9.0,26.5,39.0,0.12943,13.0,-0.23182,False
TSLA,put,mid,Wed-0DTE,15:00,ITM,2026-02-11,2026-07-08,19,40.0,333,18.318,17.0,11.0,28.0,39.0,0.12943,13.0,-0.23182,False
TSLA,put,mid,Wed-0DTE,15:00,ITM,2026-02-11,2026-07-08,19,50.0,333,12.613,18.5,12.25,29.0,43.0,0.12943,13.0,-0.23182,False
TSLA,put,mid,Wed-0DTE,15:00,ITM,2026-02-11,2026-07-08,19,60.0,333,9.91,21.0,16.0,30.0,44.0,0.12943,13.0,-0.23182,False
TSLA,put,mid,Wed-0DTE,15:00,ITM,2026-02-11,2026-07-08,19,70.0,333,7.207,23.0,14.75,34.25,44.0,0.12943,13.0,-0.23182,False
TSLA,put,mid,Wed-0DTE,15:00,ITM,2026-02-11,2026-07-08,19,75.0,333,6.006,22.0,14.75,31.25,45.5,0.12943,13.0,-0.23182,False
TSLA,put,mid,Wed-0DTE,15:00,ITM,2026-02-11,2026-07-08,19,80.0,333,5.405,22.0,15.25,30.25,45.5,0.12943,13.0,-0.23182,False
TSLA,put,mid,Wed-0DTE,15:00,ITM,2026-02-11,2026-07-08,19,90.0,333,4.505,24.0,18.0,29.5,44.0,0.12943,13.0,-0.23182,False
TSLA,put,mid,Wed-0DTE,15:00,ITM,2026-02-11,2026-07-08,19,100.0,333,3.904,29.0,18.0,32.0,49.0,0.12943,13.0,-0.23182,False
TSLA,put,market,Wed-0DTE,15:00,ITM,2026-02-11,2026-07-08,19,20.0,333,33.634,13.0,7.0,24.25,38.0,0.10202,13.0,-0.25316,False
TSLA,put,market,Wed-0DTE,15:00,ITM,2026-02-11,2026-07-08,19,25.0,333,27.327,15.0,7.5,26.0,39.0,0.10202,13.0,-0.25316,False
TSLA,put,market,Wed-0DTE,15:00,ITM,2026-02-11,2026-07-08,19,30.0,333,22.222,16.0,9.25,26.0,39.0,0.10202,13.0,-0.25316,False
TSLA,put,market,Wed-0DTE,15:00,ITM,2026-02-11,2026-07-08,19,40.0,333,15.916,16.0,11.0,28.0,43.0,0.10202,13.0,-0.25316,False
TSLA,put,market,Wed-0DTE,15:00,ITM,2026-02-11,2026-07-08,19,50.0,333,11.411,18.5,13.0,29.0,44.0,0.10202,13.0,-0.25316,False
TSLA,put,market,Wed-0DTE,15:00,ITM,2026-02-11,2026-07-08,19,60.0,333,9.009,22.0,15.25,30.75,44.0,0.10202,13.0,-0.25316,False
TSLA,put,market,Wed-0DTE,15:00,ITM,2026-02-11,2026-07-08,19,70.0,333,6.306,23.0,15.0,35.0,47.0,0.10202,13.0,-0.25316,False
TSLA,put,market,Wed-0DTE,15:00,ITM,2026-02-11,2026-07-08,19,75.0,333,5.405,22.0,16.25,30.25,45.5,0.10202,13.0,-0.25316,False
TSLA,put,market,Wed-0DTE,15:00,ITM,2026-02-11,2026-07-08,19,80.0,333,4.505,21.0,17.5,28.5,47.0,0.10202,13.0,-0.25316,False
TSLA,put,market,Wed-0DTE,15:00,ITM,2026-02-11,2026-07-08,19,90.0,333,4.204,24.0,18.0,29.75,46.5,0.10202,13.0,-0.25316,False
TSLA,put,market,Wed-0DTE,15:00,ITM,2026-02-11,2026-07-08,19,100.0,333,3.904,29.0,19.0,33.0,49.0,0.10202,13.0,-0.25316,False
TSLA,put,mid,Wed-0DTE,15:30,ITM,2026-02-11,2026-07-08,19,20.0,78,24.359,10.0,3.5,15.5,27.0,0.06151,11.0,-0.1386,False
TSLA,put,mid,Wed-0DTE,15:30,ITM,2026-02-11,2026-07-08,19,25.0,78,19.231,8.0,4.0,13.5,28.0,0.06151,11.0,-0.1386,False
TSLA,put,mid,Wed-0DTE,15:30,ITM,2026-02-11,2026-07-08,19,30.0,78,16.667,9.0,6.0,12.0,25.0,0.06151,11.0,-0.1386,False
TSLA,put,mid,Wed-0DTE,15:30,ITM,2026-02-11,2026-07-08,19,40.0,78,8.974,9.0,7.0,17.5,22.0,0.06151,11.0,-0.1386,False
TSLA,put,mid,Wed-0DTE,15:30,ITM,2026-02-11,2026-07-08,19,50.0,78,7.692,12.5,9.5,14.75,24.0,0.06151,11.0,-0.1386,False
TSLA,put,mid,Wed-0DTE,15:30,ITM,2026-02-11,2026-07-08,19,60.0,78,3.846,11.0,9.5,18.0,28.0,0.06151,11.0,-0.1386,False
TSLA,put,mid,Wed-0DTE,15:30,ITM,2026-02-11,2026-07-08,19,70.0,78,1.282,8.0,8.0,8.0,28.0,0.06151,11.0,-0.1386,False
TSLA,put,mid,Wed-0DTE,15:30,ITM,2026-02-11,2026-07-08,19,75.0,78,1.282,8.0,8.0,8.0,28.0,0.06151,11.0,-0.1386,False
TSLA,put,mid,Wed-0DTE,15:30,ITM,2026-02-11,2026-07-08,19,80.0,78,1.282,8.0,8.0,8.0,28.0,0.06151,11.0,-0.1386,False
TSLA,put,mid,Wed-0DTE,15:30,ITM,2026-02-11,2026-07-08,19,90.0,78,1.282,9.0,9.0,9.0,24.0,0.06151,11.0,-0.1386,False
TSLA,put,mid,Wed-0DTE,15:30,ITM,2026-02-11,2026-07-08,19,100.0,78,1.282,9.0,9.0,9.0,14.0,0.06151,11.0,-0.1386,False
TSLA,put,market,Wed-0DTE,15:30,ITM,2026-02-11,2026-07-08,19,20.0,78,20.513,8.5,3.0,12.25,27.5,0.03335,11.0,-0.15566,False
TSLA,put,market,Wed-0DTE,15:30,ITM,2026-02-11,2026-07-08,19,25.0,78,17.949,10.0,6.5,14.25,27.5,0.03335,11.0,-0.15566,False
TSLA,put,market,Wed-0DTE,15:30,ITM,2026-02-11,2026-07-08,19,30.0,78,11.538,9.0,8.0,20.0,27.0,0.03335,11.0,-0.15566,False
TSLA,put,market,Wed-0DTE,15:30,ITM,2026-02-11,2026-07-08,19,40.0,78,7.692,11.5,9.0,14.75,24.5,0.03335,11.0,-0.15566,False
TSLA,put,market,Wed-0DTE,15:30,ITM,2026-02-11,2026-07-08,19,50.0,78,5.128,13.5,9.5,19.0,27.0,0.03335,11.0,-0.15566,False
TSLA,put,market,Wed-0DTE,15:30,ITM,2026-02-11,2026-07-08,19,60.0,78,2.564,16.5,12.25,20.75,28.5,0.03335,11.0,-0.15566,False
TSLA,put,market,Wed-0DTE,15:30,ITM,2026-02-11,2026-07-08,19,70.0,78,1.282,8.0,8.0,8.0,28.0,0.03335,11.0,-0.15566,False
TSLA,put,market,Wed-0DTE,15:30,ITM,2026-02-11,2026-07-08,19,75.0,78,1.282,8.0,8.0,8.0,28.0,0.03335,11.0,-0.15566,False
TSLA,put,market,Wed-0DTE,15:30,ITM,2026-02-11,2026-07-08,19,80.0,78,1.282,9.0,9.0,9.0,24.0,0.03335,11.0,-0.15566,False
TSLA,put,market,Wed-0DTE,15:30,ITM,2026-02-11,2026-07-08,19,90.0,78,1.282,9.0,9.0,9.0,24.0,0.03335,11.0,-0.15566,False
TSLA,put,market,Wed-0DTE,15:30,ITM,2026-02-11,2026-07-08,19,100.0,78,1.282,10.0,10.0,10.0,14.0,0.03335,11.0,-0.15566,False
TSLA,put,mid,Wed-0DTE,09:30,OTM1,2026-02-11,2026-07-08,21,20.0,105,74.286,6.5,3.0,16.75,297.0,0.6178,47.0,-0.97748,False
TSLA,put,mid,Wed-0DTE,09:30,OTM1,2026-02-11,2026-07-08,21,25.0,105,71.429,8.0,4.0,17.0,303.0,0.6178,47.0,-0.97748,False
TSLA,put,mid,Wed-0DTE,09:30,OTM1,2026-02-11,2026-07-08,21,30.0,105,68.571,11.0,5.75,19.75,340.5,0.6178,47.0,-0.97748,False
TSLA,put,mid,Wed-0DTE,09:30,OTM1,2026-02-11,2026-07-08,21,40.0,105,64.762,15.0,8.0,27.5,360.5,0.6178,47.0,-0.97748,False
TSLA,put,mid,Wed-0DTE,09:30,OTM1,2026-02-11,2026-07-08,21,50.0,105,56.19,18.0,9.5,29.0,364.0,0.6178,47.0,-0.97748,False
TSLA,put,mid,Wed-0DTE,09:30,OTM1,2026-02-11,2026-07-08,21,60.0,105,50.476,20.0,12.0,36.0,368.0,0.6178,47.0,-0.97748,False
TSLA,put,mid,Wed-0DTE,09:30,OTM1,2026-02-11,2026-07-08,21,70.0,105,47.619,23.5,13.0,89.75,369.0,0.6178,47.0,-0.97748,False
TSLA,put,mid,Wed-0DTE,09:30,OTM1,2026-02-11,2026-07-08,21,75.0,105,45.714,28.0,18.75,140.0,369.0,0.6178,47.0,-0.97748,False
TSLA,put,mid,Wed-0DTE,09:30,OTM1,2026-02-11,2026-07-08,21,80.0,105,45.714,31.0,19.25,190.25,369.0,0.6178,47.0,-0.97748,False
TSLA,put,mid,Wed-0DTE,09:30,OTM1,2026-02-11,2026-07-08,21,90.0,105,43.81,50.5,22.5,206.75,369.0,0.6178,47.0,-0.97748,False
TSLA,put,mid,Wed-0DTE,09:30,OTM1,2026-02-11,2026-07-08,21,100.0,105,40.0,82.0,30.25,245.0,370.5,0.6178,47.0,-0.97748,False
TSLA,put,market,Wed-0DTE,09:30,OTM1,2026-02-11,2026-07-08,21,20.0,105,71.429,9.0,4.5,17.5,295.0,0.55102,47.0,-1.0,False
TSLA,put,market,Wed-0DTE,09:30,OTM1,2026-02-11,2026-07-08,21,25.0,105,68.571,11.5,5.75,22.0,340.5,0.55102,47.0,-1.0,False
TSLA,put,market,Wed-0DTE,09:30,OTM1,2026-02-11,2026-07-08,21,30.0,105,66.667,13.0,7.25,24.5,350.5,0.55102,47.0,-1.0,False
TSLA,put,market,Wed-0DTE,09:30,OTM1,2026-02-11,2026-07-08,21,40.0,105,60.0,17.0,9.5,29.0,364.0,0.55102,47.0,-1.0,False
TSLA,put,market,Wed-0DTE,09:30,OTM1,2026-02-11,2026-07-08,21,50.0,105,53.333,20.0,12.0,37.25,365.5,0.55102,47.0,-1.0,False
TSLA,put,market,Wed-0DTE,09:30,OTM1,2026-02-11,2026-07-08,21,60.0,105,48.571,23.0,12.5,71.5,369.0,0.55102,47.0,-1.0,False
TSLA,put,market,Wed-0DTE,09:30,OTM1,2026-02-11,2026-07-08,21,70.0,105,46.667,28.0,15.0,132.0,369.0,0.55102,47.0,-1.0,False
TSLA,put,market,Wed-0DTE,09:30,OTM1,2026-02-11,2026-07-08,21,75.0,105,45.714,32.0,20.0,190.25,369.0,0.55102,47.0,-1.0,False
TSLA,put,market,Wed-0DTE,09:30,OTM1,2026-02-11,2026-07-08,21,80.0,105,44.762,34.0,22.0,206.5,369.0,0.55102,47.0,-1.0,False
TSLA,put,market,Wed-0DTE,09:30,OTM1,2026-02-11,2026-07-08,21,90.0,105,40.952,69.0,29.0,234.0,369.0,0.55102,47.0,-1.0,False
TSLA,put,market,Wed-0DTE,09:30,OTM1,2026-02-11,2026-07-08,21,100.0,105,37.143,135.0,36.5,251.0,372.0,0.55102,47.0,-1.0,False
TSLA,put,mid,Wed-0DTE,14:30,ITM,2026-02-11,2026-07-08,18,20.0,335,47.463,15.0,7.0,30.5,64.0,0.18868,24.0,-0.25183,False
TSLA,put,mid,Wed-0DTE,14:30,ITM,2026-02-11,2026-07-08,18,25.0,335,42.687,19.0,10.0,35.0,64.0,0.18868,24.0,-0.25183,False
TSLA,put,mid,Wed-0DTE,14:30,ITM,2026-02-11,2026-07-08,18,30.0,335,35.821,20.0,10.75,40.0,64.0,0.18868,24.0,-0.25183,False
TSLA,put,mid,Wed-0DTE,14:30,ITM,2026-02-11,2026-07-08,18,40.0,335,24.478,22.0,13.5,39.5,65.0,0.18868,24.0,-0.25183,False
TSLA,put,mid,Wed-0DTE,14:30,ITM,2026-02-11,2026-07-08,18,50.0,335,19.104,28.0,16.75,45.25,67.5,0.18868,24.0,-0.25183,False
TSLA,put,mid,Wed-0DTE,14:30,ITM,2026-02-11,2026-07-08,18,60.0,335,14.925,32.0,18.75,48.5,69.0,0.18868,24.0,-0.25183,False
TSLA,put,mid,Wed-0DTE,14:30,ITM,2026-02-11,2026-07-08,18,70.0,335,11.94,39.0,24.25,52.25,69.0,0.18868,24.0,-0.25183,False
TSLA,put,mid,Wed-0DTE,14:30,ITM,2026-02-11,2026-07-08,18,75.0,335,11.045,37.0,25.0,50.0,69.0,0.18868,24.0,-0.25183,False
TSLA,put,mid,Wed-0DTE,14:30,ITM,2026-02-11,2026-07-08,18,80.0,335,10.746,39.5,25.0,51.5,69.0,0.18868,24.0,-0.25183,False
TSLA,put,mid,Wed-0DTE,14:30,ITM,2026-02-11,2026-07-08,18,90.0,335,8.955,43.0,31.0,53.25,69.0,0.18868,24.0,-0.25183,False
TSLA,put,mid,Wed-0DTE,14:30,ITM,2026-02-11,2026-07-08,18,100.0,335,7.761,46.5,36.25,59.5,71.5,0.18868,24.0,-0.25183,False
TSLA,put,market,Wed-0DTE,14:30,ITM,2026-02-11,2026-07-08,18,20.0,335,45.075,17.0,9.5,33.5,64.0,0.16463,24.0,-0.26667,False
TSLA,put,market,Wed-0DTE,14:30,ITM,2026-02-11,2026-07-08,18,25.0,335,38.209,20.0,10.0,40.0,64.0,0.16463,24.0,-0.26667,False
TSLA,put,market,Wed-0DTE,14:30,ITM,2026-02-11,2026-07-08,18,30.0,335,29.851,20.0,11.0,36.25,67.5,0.16463,24.0,-0.26667,False
TSLA,put,market,Wed-0DTE,14:30,ITM,2026-02-11,2026-07-08,18,40.0,335,21.791,25.0,16.0,44.0,68.0,0.16463,24.0,-0.26667,False
TSLA,put,market,Wed-0DTE,14:30,ITM,2026-02-11,2026-07-08,18,50.0,335,17.91,32.5,19.5,48.5,69.0,0.16463,24.0,-0.26667,False
TSLA,put,market,Wed-0DTE,14:30,ITM,2026-02-11,2026-07-08,18,60.0,335,13.433,32.0,22.0,53.0,69.0,0.16463,24.0,-0.26667,False
TSLA,put,market,Wed-0DTE,14:30,ITM,2026-02-11,2026-07-08,18,70.0,335,11.642,40.0,25.0,53.5,69.0,0.16463,24.0,-0.26667,False
TSLA,put,market,Wed-0DTE,14:30,ITM,2026-02-11,2026-07-08,18,75.0,335,10.448,40.0,25.0,52.0,69.0,0.16463,24.0,-0.26667,False
TSLA,put,market,Wed-0DTE,14:30,ITM,2026-02-11,2026-07-08,18,80.0,335,9.552,42.5,29.75,55.0,69.0,0.16463,24.0,-0.26667,False
TSLA,put,market,Wed-0DTE,14:30,ITM,2026-02-11,2026-07-08,18,90.0,335,8.358,45.5,33.25,59.25,71.5,0.16463,24.0,-0.26667,False
TSLA,put,market,Wed-0DTE,14:30,ITM,2026-02-11,2026-07-08,18,100.0,335,7.164,47.0,34.75,58.5,70.5,0.16463,24.0,-0.26667,False
TSLA,put,mid,Wed-0DTE,09:30,ATM,2026-02-11,2026-07-08,21,20.0,105,75.238,8.0,4.0,19.0,349.0,0.62324,51.0,-0.90816,False
TSLA,put,mid,Wed-0DTE,09:30,ATM,2026-02-11,2026-07-08,21,25.0,105,73.333,9.0,5.0,22.0,349.0,0.62324,51.0,-0.90816,False
TSLA,put,mid,Wed-0DTE,09:30,ATM,2026-02-11,2026-07-08,21,30.0,105,70.476,12.0,8.0,34.75,362.0,0.62324,51.0,-0.90816,False
TSLA,put,mid,Wed-0DTE,09:30,ATM,2026-02-11,2026-07-08,21,40.0,105,63.81,16.0,8.5,31.5,363.0,0.62324,51.0,-0.90816,False
TSLA,put,mid,Wed-0DTE,09:30,ATM,2026-02-11,2026-07-08,21,50.0,105,57.143,20.5,12.0,49.25,364.0,0.62324,51.0,-0.90816,False
TSLA,put,mid,Wed-0DTE,09:30,ATM,2026-02-11,2026-07-08,21,60.0,105,52.381,23.0,14.0,80.5,367.0,0.62324,51.0,-0.90816,False
TSLA,put,mid,Wed-0DTE,09:30,ATM,2026-02-11,2026-07-08,21,70.0,105,47.619,30.5,20.0,131.75,369.0,0.62324,51.0,-0.90816,False
TSLA,put,mid,Wed-0DTE,09:30,ATM,2026-02-11,2026-07-08,21,75.0,105,45.714,35.0,21.5,147.5,369.0,0.62324,51.0,-0.90816,False
TSLA,put,mid,Wed-0DTE,09:30,ATM,2026-02-11,2026-07-08,21,80.0,105,45.714,70.5,24.75,172.75,369.0,0.62324,51.0,-0.90816,False
TSLA,put,mid,Wed-0DTE,09:30,ATM,2026-02-11,2026-07-08,21,90.0,105,40.952,80.0,32.0,208.5,369.0,0.62324,51.0,-0.90816,False
TSLA,put,mid,Wed-0DTE,09:30,ATM,2026-02-11,2026-07-08,21,100.0,105,37.143,135.0,37.5,246.5,372.0,0.62324,51.0,-0.90816,False
TSLA,put,market,Wed-0DTE,09:30,ATM,2026-02-11,2026-07-08,21,20.0,105,73.333,9.0,5.0,22.0,349.0,0.57785,51.0,-0.92642,False
TSLA,put,market,Wed-0DTE,09:30,ATM,2026-02-11,2026-07-08,21,25.0,105,72.381,12.0,6.0,38.25,355.5,0.57785,51.0,-0.92642,False
TSLA,put,market,Wed-0DTE,09:30,ATM,2026-02-11,2026-07-08,21,30.0,105,70.476,15.0,8.0,35.75,362.0,0.57785,51.0,-0.92642,False
TSLA,put,market,Wed-0DTE,09:30,ATM,2026-02-11,2026-07-08,21,40.0,105,60.952,18.0,10.0,36.25,363.5,0.57785,51.0,-0.92642,False
TSLA,put,market,Wed-0DTE,09:30,ATM,2026-02-11,2026-07-08,21,50.0,105,54.286,22.0,12.0,41.0,364.0,0.57785,51.0,-0.92642,False
TSLA,put,market,Wed-0DTE,09:30,ATM,2026-02-11,2026-07-08,21,60.0,105,49.524,27.0,15.0,122.75,368.5,0.57785,51.0,-0.92642,False
TSLA,put,market,Wed-0DTE,09:30,ATM,2026-02-11,2026-07-08,21,70.0,105,46.667,36.0,22.0,170.0,369.0,0.57785,51.0,-0.92642,False
TSLA,put,market,Wed-0DTE,09:30,ATM,2026-02-11,2026-07-08,21,75.0,105,45.714,70.5,24.75,172.75,369.0,0.57785,51.0,-0.92642,False
TSLA,put,market,Wed-0DTE,09:30,ATM,2026-02-11,2026-07-08,21,80.0,105,43.81,73.0,27.75,185.0,369.0,0.57785,51.0,-0.92642,False
TSLA,put,market,Wed-0DTE,09:30,ATM,2026-02-11,2026-07-08,21,90.0,105,40.952,132.0,32.5,210.5,369.0,0.57785,51.0,-0.92642,False
TSLA,put,market,Wed-0DTE,09:30,ATM,2026-02-11,2026-07-08,21,100.0,105,37.143,137.0,40.5,282.5,369.0,0.57785,51.0,-0.92642,False
TSLA,put,mid,Wed-0DTE,09:30,ITM,2026-02-11,2026-07-08,20,20.0,365,67.945,11.0,5.75,24.0,357.5,0.38017,52.0,-0.5865,False
TSLA,put,mid,Wed-0DTE,09:30,ITM,2026-02-11,2026-07-08,20,25.0,365,62.466,15.0,8.0,36.0,362.0,0.38017,52.0,-0.5865,False
TSLA,put,mid,Wed-0DTE,09:30,ITM,2026-02-11,2026-07-08,20,30.0,365,56.986,18.0,10.0,40.25,364.0,0.38017,52.0,-0.5865,False
TSLA,put,mid,Wed-0DTE,09:30,ITM,2026-02-11,2026-07-08,20,40.0,365,47.945,25.0,15.0,71.0,364.0,0.38017,52.0,-0.5865,False
TSLA,put,mid,Wed-0DTE,09:30,ITM,2026-02-11,2026-07-08,20,50.0,365,40.548,36.0,22.75,127.75,367.5,0.38017,52.0,-0.5865,False
TSLA,put,mid,Wed-0DTE,09:30,ITM,2026-02-11,2026-07-08,20,60.0,365,36.712,72.0,32.25,199.5,369.0,0.38017,52.0,-0.5865,False
TSLA,put,mid,Wed-0DTE,09:30,ITM,2026-02-11,2026-07-08,20,70.0,365,33.425,111.5,44.0,288.75,369.0,0.38017,52.0,-0.5865,False
TSLA,put,mid,Wed-0DTE,09:30,ITM,2026-02-11,2026-07-08,20,75.0,365,32.329,130.5,50.0,293.25,369.0,0.38017,52.0,-0.5865,False
TSLA,put,mid,Wed-0DTE,09:30,ITM,2026-02-11,2026-07-08,20,80.0,365,29.589,148.0,57.0,296.5,369.0,0.38017,52.0,-0.5865,False
TSLA,put,mid,Wed-0DTE,09:30,ITM,2026-02-11,2026-07-08,20,90.0,365,25.753,206.0,62.25,299.5,369.0,0.38017,52.0,-0.5865,False
TSLA,put,mid,Wed-0DTE,09:30,ITM,2026-02-11,2026-07-08,20,100.0,365,23.562,215.5,66.5,307.75,369.0,0.38017,52.0,-0.5865,False
TSLA,put,market,Wed-0DTE,09:30,ITM,2026-02-11,2026-07-08,20,20.0,365,65.753,13.0,7.0,31.0,359.0,0.35284,52.0,-0.59897,False
TSLA,put,market,Wed-0DTE,09:30,ITM,2026-02-11,2026-07-08,20,25.0,365,59.726,16.5,10.0,36.0,364.0,0.35284,52.0,-0.59897,False
TSLA,put,market,Wed-0DTE,09:30,ITM,2026-02-11,2026-07-08,20,30.0,365,53.973,20.0,12.0,41.0,364.0,0.35284,52.0,-0.59897,False
TSLA,put,market,Wed-0DTE,09:30,ITM,2026-02-11,2026-07-08,20,40.0,365,45.753,28.0,16.5,80.5,364.0,0.35284,52.0,-0.59897,False
TSLA,put,market,Wed-0DTE,09:30,ITM,2026-02-11,2026-07-08,20,50.0,365,39.726,51.0,24.0,174.0,369.0,0.35284,52.0,-0.59897,False
TSLA,put,market,Wed-0DTE,09:30,ITM,2026-02-11,2026-07-08,20,60.0,365,35.342,81.0,34.0,211.0,369.0,0.35284,52.0,-0.59897,False
TSLA,put,market,Wed-0DTE,09:30,ITM,2026-02-11,2026-07-08,20,70.0,365,32.877,128.5,47.5,295.5,369.0,0.35284,52.0,-0.59897,False
TSLA,put,market,Wed-0DTE,09:30,ITM,2026-02-11,2026-07-08,20,75.0,365,29.863,140.0,54.0,295.0,369.0,0.35284,52.0,-0.59897,False
TSLA,put,market,Wed-0DTE,09:30,ITM,2026-02-11,2026-07-08,20,80.0,365,28.767,181.0,62.0,302.0,369.0,0.35284,52.0,-0.59897,False
TSLA,put,market,Wed-0DTE,09:30,ITM,2026-02-11,2026-07-08,20,90.0,365,24.658,208.5,64.0,302.5,369.0,0.35284,52.0,-0.59897,False
TSLA,put,market,Wed-0DTE,09:30,ITM,2026-02-11,2026-07-08,20,100.0,365,22.192,220.0,75.0,308.0,369.0,0.35284,52.0,-0.59897,False
TSLA,call,mid,Wed-0DTE,09:30,OTM2+,2026-02-18,2026-07-08,19,20.0,283,67.845,5.0,2.0,20.25,156.5,0.59677,33.0,-0.94366,False
TSLA,call,mid,Wed-0DTE,09:30,OTM2+,2026-02-18,2026-07-08,19,25.0,283,65.018,9.0,3.0,28.0,159.0,0.59677,33.0,-0.94366,False
TSLA,call,mid,Wed-0DTE,09:30,OTM2+,2026-02-18,2026-07-08,19,30.0,283,62.898,12.0,5.0,28.0,167.5,0.59677,33.0,-0.94366,False
TSLA,call,mid,Wed-0DTE,09:30,OTM2+,2026-02-18,2026-07-08,19,40.0,283,56.184,15.0,6.0,31.5,207.0,0.59677,33.0,-0.94366,False
TSLA,call,mid,Wed-0DTE,09:30,OTM2+,2026-02-18,2026-07-08,19,50.0,283,53.357,16.0,7.0,32.0,209.0,0.59677,33.0,-0.94366,False
TSLA,call,mid,Wed-0DTE,09:30,OTM2+,2026-02-18,2026-07-08,19,60.0,283,49.823,19.0,11.0,36.0,226.0,0.59677,33.0,-0.94366,False
TSLA,call,mid,Wed-0DTE,09:30,OTM2+,2026-02-18,2026-07-08,19,70.0,283,45.583,23.0,13.0,37.0,250.0,0.59677,33.0,-0.94366,False
TSLA,call,mid,Wed-0DTE,09:30,OTM2+,2026-02-18,2026-07-08,19,75.0,283,43.816,24.0,13.0,40.0,284.0,0.59677,33.0,-0.94366,False
TSLA,call,mid,Wed-0DTE,09:30,OTM2+,2026-02-18,2026-07-08,19,80.0,283,43.11,25.0,13.0,40.0,286.5,0.59677,33.0,-0.94366,False
TSLA,call,mid,Wed-0DTE,09:30,OTM2+,2026-02-18,2026-07-08,19,90.0,283,42.756,26.0,14.0,50.0,288.0,0.59677,33.0,-0.94366,False
TSLA,call,mid,Wed-0DTE,09:30,OTM2+,2026-02-18,2026-07-08,19,100.0,283,42.403,28.0,17.0,52.25,285.5,0.59677,33.0,-0.94366,False
TSLA,call,market,Wed-0DTE,09:30,OTM2+,2026-02-18,2026-07-08,19,20.0,283,58.657,13.5,5.0,31.75,192.5,0.38235,33.0,-1.0,False
TSLA,call,market,Wed-0DTE,09:30,OTM2+,2026-02-18,2026-07-08,19,25.0,283,55.83,14.5,6.25,31.75,206.0,0.38235,33.0,-1.0,False
TSLA,call,market,Wed-0DTE,09:30,OTM2+,2026-02-18,2026-07-08,19,30.0,283,53.004,16.0,7.0,36.0,208.5,0.38235,33.0,-1.0,False
TSLA,call,market,Wed-0DTE,09:30,OTM2+,2026-02-18,2026-07-08,19,40.0,283,49.823,19.0,9.0,37.0,226.0,0.38235,33.0,-1.0,False
TSLA,call,market,Wed-0DTE,09:30,OTM2+,2026-02-18,2026-07-08,19,50.0,283,45.583,23.0,11.0,40.0,284.0,0.38235,33.0,-1.0,False
TSLA,call,market,Wed-0DTE,09:30,OTM2+,2026-02-18,2026-07-08,19,60.0,283,43.11,23.5,13.0,36.75,304.0,0.38235,33.0,-1.0,False
TSLA,call,market,Wed-0DTE,09:30,OTM2+,2026-02-18,2026-07-08,19,70.0,283,41.696,25.5,16.0,46.5,321.5,0.38235,33.0,-1.0,False
TSLA,call,market,Wed-0DTE,09:30,OTM2+,2026-02-18,2026-07-08,19,75.0,283,40.989,28.0,17.75,50.0,326.0,0.38235,33.0,-1.0,False
TSLA,call,market,Wed-0DTE,09:30,OTM2+,2026-02-18,2026-07-08,19,80.0,283,40.636,28.0,18.0,54.5,327.0,0.38235,33.0,-1.0,False
TSLA,call,market,Wed-0DTE,09:30,OTM2+,2026-02-18,2026-07-08,19,90.0,283,39.929,28.0,19.0,56.0,325.0,0.38235,33.0,-1.0,False
TSLA,call,market,Wed-0DTE,09:30,OTM2+,2026-02-18,2026-07-08,19,100.0,283,39.576,35.0,20.0,59.75,306.5,0.38235,33.0,-1.0,False
TSLA,call,mid,Mon-0DTE,09:30,ITM,2026-02-23,2026-07-06,19,20.0,378,70.635,12.0,4.5,33.0,366.0,0.59789,36.0,-0.50769,False
TSLA,call,mid,Mon-0DTE,09:30,ITM,2026-02-23,2026-07-06,19,25.0,378,66.138,15.0,6.0,41.75,366.5,0.59789,36.0,-0.50769,False
TSLA,call,mid,Mon-0DTE,09:30,ITM,2026-02-23,2026-07-06,19,30.0,378,62.169,21.0,7.0,45.5,367.0,0.59789,36.0,-0.50769,False
TSLA,call,mid,Mon-0DTE,09:30,ITM,2026-02-23,2026-07-06,19,40.0,378,58.73,33.0,10.0,67.75,367.0,0.59789,36.0,-0.50769,False
TSLA,call,mid,Mon-0DTE,09:30,ITM,2026-02-23,2026-07-06,19,50.0,378,53.704,43.0,15.0,81.0,367.0,0.59789,36.0,-0.50769,False
TSLA,call,mid,Mon-0DTE,09:30,ITM,2026-02-23,2026-07-06,19,60.0,378,49.735,57.5,20.0,102.75,367.5,0.59789,36.0,-0.50769,False
TSLA,call,mid,Mon-0DTE,09:30,ITM,2026-02-23,2026-07-06,19,70.0,378,45.503,69.0,22.0,133.5,368.0,0.59789,36.0,-0.50769,False
TSLA,call,mid,Mon-0DTE,09:30,ITM,2026-02-23,2026-07-06,19,75.0,378,44.18,75.0,25.5,142.0,368.0,0.59789,36.0,-0.50769,False
TSLA,call,mid,Mon-0DTE,09:30,ITM,2026-02-23,2026-07-06,19,80.0,378,42.063,78.0,26.5,152.0,369.0,0.59789,36.0,-0.50769,False
TSLA,call,mid,Mon-0DTE,09:30,ITM,2026-02-23,2026-07-06,19,90.0,378,39.153,88.5,34.75,171.25,368.0,0.59789,36.0,-0.50769,False
TSLA,call,mid,Mon-0DTE,09:30,ITM,2026-02-23,2026-07-06,19,100.0,378,36.508,100.5,54.5,190.75,369.0,0.59789,36.0,-0.50769,False
TSLA,call,market,Mon-0DTE,09:30,ITM,2026-02-23,2026-07-06,19,20.0,378,68.519,13.0,5.0,38.0,366.0,0.56625,36.0,-0.51809,False
TSLA,call,market,Mon-0DTE,09:30,ITM,2026-02-23,2026-07-06,19,25.0,378,64.021,18.0,7.0,44.0,367.0,0.56625,36.0,-0.51809,False
TSLA,call,market,Mon-0DTE,09:30,ITM,2026-02-23,2026-07-06,19,30.0,378,61.64,21.0,8.0,52.0,366.0,0.56625,36.0,-0.51809,False
TSLA,call,market,Mon-0DTE,09:30,ITM,2026-02-23,2026-07-06,19,40.0,378,57.672,36.5,11.25,72.0,367.0,0.56625,36.0,-0.51809,False
TSLA,call,market,Mon-0DTE,09:30,ITM,2026-02-23,2026-07-06,19,50.0,378,52.646,43.0,16.5,83.0,367.0,0.56625,36.0,-0.51809,False
TSLA,call,market,Mon-0DTE,09:30,ITM,2026-02-23,2026-07-06,19,60.0,378,48.148,61.0,21.0,110.0,368.0,0.56625,36.0,-0.51809,False
TSLA,call,market,Mon-0DTE,09:30,ITM,2026-02-23,2026-07-06,19,70.0,378,44.18,72.0,24.5,136.0,368.0,0.56625,36.0,-0.51809,False
TSLA,call,market,Mon-0DTE,09:30,ITM,2026-02-23,2026-07-06,19,75.0,378,42.328,78.0,26.75,151.0,369.0,0.56625,36.0,-0.51809,False
TSLA,call,market,Mon-0DTE,09:30,ITM,2026-02-23,2026-07-06,19,80.0,378,40.741,87.0,30.25,158.0,369.0,0.56625,36.0,-0.51809,False
TSLA,call,market,Mon-0DTE,09:30,ITM,2026-02-23,2026-07-06,19,90.0,378,38.36,96.0,48.0,181.0,368.0,0.56625,36.0,-0.51809,False
TSLA,call,market,Mon-0DTE,09:30,ITM,2026-02-23,2026-07-06,19,100.0,378,35.714,105.0,56.0,191.5,369.0,0.56625,36.0,-0.51809,False
TSLA,call,mid,Mon-0DTE,10:00,ITM,2026-02-23,2026-07-06,19,20.0,426,58.216,17.0,6.0,37.0,336.0,0.29146,59.0,-0.51064,False
TSLA,call,mid,Mon-0DTE,10:00,ITM,2026-02-23,2026-07-06,19,25.0,426,52.347,23.0,10.0,41.5,338.0,0.29146,59.0,-0.51064,False
TSLA,call,mid,Mon-0DTE,10:00,ITM,2026-02-23,2026-07-06,19,30.0,426,49.765,26.0,12.0,47.0,339.0,0.29146,59.0,-0.51064,False
TSLA,call,mid,Mon-0DTE,10:00,ITM,2026-02-23,2026-07-06,19,40.0,426,44.366,43.0,22.0,82.0,340.0,0.29146,59.0,-0.51064,False
TSLA,call,mid,Mon-0DTE,10:00,ITM,2026-02-23,2026-07-06,19,50.0,426,39.906,57.0,30.25,107.25,343.0,0.29146,59.0,-0.51064,False
TSLA,call,mid,Mon-0DTE,10:00,ITM,2026-02-23,2026-07-06,19,60.0,426,37.559,66.5,43.0,118.0,343.0,0.29146,59.0,-0.51064,False
TSLA,call,mid,Mon-0DTE,10:00,ITM,2026-02-23,2026-07-06,19,70.0,426,35.915,81.0,50.0,132.0,344.0,0.29146,59.0,-0.51064,False
TSLA,call,mid,Mon-0DTE,10:00,ITM,2026-02-23,2026-07-06,19,75.0,426,34.977,89.0,53.0,138.0,344.0,0.29146,59.0,-0.51064,False
TSLA,call,mid,Mon-0DTE,10:00,ITM,2026-02-23,2026-07-06,19,80.0,426,34.272,93.0,55.0,150.5,344.0,0.29146,59.0,-0.51064,False
TSLA,call,mid,Mon-0DTE,10:00,ITM,2026-02-23,2026-07-06,19,90.0,426,32.629,104.0,59.0,168.5,344.0,0.29146,59.0,-0.51064,False
TSLA,call,mid,Mon-0DTE,10:00,ITM,2026-02-23,2026-07-06,19,100.0,426,30.986,110.0,65.75,178.5,343.5,0.29146,59.0,-0.51064,False
TSLA,call,market,Mon-0DTE,10:00,ITM,2026-02-23,2026-07-06,19,20.0,426,54.46,20.5,8.0,38.25,337.5,0.26589,59.0,-0.52354,False
TSLA,call,market,Mon-0DTE,10:00,ITM,2026-02-23,2026-07-06,19,25.0,426,51.174,25.5,11.0,45.0,339.0,0.26589,59.0,-0.52354,False
TSLA,call,market,Mon-0DTE,10:00,ITM,2026-02-23,2026-07-06,19,30.0,426,48.826,32.5,13.0,60.5,339.0,0.26589,59.0,-0.52354,False
TSLA,call,market,Mon-0DTE,10:00,ITM,2026-02-23,2026-07-06,19,40.0,426,42.958,45.0,22.0,90.0,341.0,0.26589,59.0,-0.52354,False
TSLA,call,market,Mon-0DTE,10:00,ITM,2026-02-23,2026-07-06,19,50.0,426,39.202,61.0,32.5,112.5,343.0,0.26589,59.0,-0.52354,False
TSLA,call,market,Mon-0DTE,10:00,ITM,2026-02-23,2026-07-06,19,60.0,426,36.62,70.0,45.0,121.0,344.0,0.26589,59.0,-0.52354,False
TSLA,call,market,Mon-0DTE,10:00,ITM,2026-02-23,2026-07-06,19,70.0,426,35.211,87.0,52.0,126.75,344.0,0.26589,59.0,-0.52354,False
TSLA,call,market,Mon-0DTE,10:00,ITM,2026-02-23,2026-07-06,19,75.0,426,34.742,91.5,54.75,149.0,343.5,0.26589,59.0,-0.52354,False
TSLA,call,market,Mon-0DTE,10:00,ITM,2026-02-23,2026-07-06,19,80.0,426,34.038,98.0,57.0,156.0,343.0,0.26589,59.0,-0.52354,False
TSLA,call,market,Mon-0DTE,10:00,ITM,2026-02-23,2026-07-06,19,90.0,426,32.394,107.0,62.25,174.0,343.0,0.26589,59.0,-0.52354,False
TSLA,call,market,Mon-0DTE,10:00,ITM,2026-02-23,2026-07-06,19,100.0,426,30.516,111.5,72.25,179.75,343.0,0.26589,59.0,-0.52354,False
TSLA,call,mid,Mon-0DTE,10:30,ITM,2026-02-23,2026-07-06,19,20.0,383,74.413,25.0,9.0,81.0,304.0,0.45385,124.0,-0.40437,False
TSLA,call,mid,Mon-0DTE,10:30,ITM,2026-02-23,2026-07-06,19,25.0,383,68.93,30.0,11.0,88.0,306.5,0.45385,124.0,-0.40437,False
TSLA,call,mid,Mon-0DTE,10:30,ITM,2026-02-23,2026-07-06,19,30.0,383,62.402,40.0,15.0,94.5,308.0,0.45385,124.0,-0.40437,False
TSLA,call,mid,Mon-0DTE,10:30,ITM,2026-02-23,2026-07-06,19,40.0,383,54.569,60.0,19.0,121.0,309.0,0.45385,124.0,-0.40437,False
TSLA,call,mid,Mon-0DTE,10:30,ITM,2026-02-23,2026-07-06,19,50.0,383,47.258,76.0,27.0,140.0,310.0,0.45385,124.0,-0.40437,False
TSLA,call,mid,Mon-0DTE,10:30,ITM,2026-02-23,2026-07-06,19,60.0,383,42.298,85.0,35.0,149.75,312.0,0.45385,124.0,-0.40437,False
TSLA,call,mid,Mon-0DTE,10:30,ITM,2026-02-23,2026-07-06,19,70.0,383,38.642,90.5,38.5,154.0,312.0,0.45385,124.0,-0.40437,False
TSLA,call,mid,Mon-0DTE,10:30,ITM,2026-02-23,2026-07-06,19,75.0,383,36.815,96.0,46.0,156.0,312.0,0.45385,124.0,-0.40437,False
TSLA,call,mid,Mon-0DTE,10:30,ITM,2026-02-23,2026-07-06,19,80.0,383,34.726,97.0,47.0,157.0,313.0,0.45385,124.0,-0.40437,False
TSLA,call,mid,Mon-0DTE,10:30,ITM,2026-02-23,2026-07-06,19,90.0,383,32.376,105.5,50.5,166.25,313.0,0.45385,124.0,-0.40437,False
TSLA,call,mid,Mon-0DTE,10:30,ITM,2026-02-23,2026-07-06,19,100.0,383,28.982,111.0,61.5,167.0,313.0,0.45385,124.0,-0.40437,False
TSLA,call,market,Mon-0DTE,10:30,ITM,2026-02-23,2026-07-06,19,20.0,383,71.018,28.0,11.0,85.5,306.0,0.42464,124.0,-0.41916,False
TSLA,call,market,Mon-0DTE,10:30,ITM,2026-02-23,2026-07-06,19,25.0,383,65.274,35.0,12.25,90.0,307.5,0.42464,124.0,-0.41916,False
TSLA,call,market,Mon-0DTE,10:30,ITM,2026-02-23,2026-07-06,19,30.0,383,59.791,50.0,17.0,105.0,309.0,0.42464,124.0,-0.41916,False
TSLA,call,market,Mon-0DTE,10:30,ITM,2026-02-23,2026-07-06,19,40.0,383,51.436,61.0,21.0,121.0,309.0,0.42464,124.0,-0.41916,False
TSLA,call,market,Mon-0DTE,10:30,ITM,2026-02-23,2026-07-06,19,50.0,383,45.17,80.0,31.0,141.0,311.0,0.42464,124.0,-0.41916,False
TSLA,call,market,Mon-0DTE,10:30,ITM,2026-02-23,2026-07-06,19,60.0,383,41.514,85.0,40.5,153.0,312.0,0.42464,124.0,-0.41916,False
TSLA,call,market,Mon-0DTE,10:30,ITM,2026-02-23,2026-07-06,19,70.0,383,36.815,96.0,40.0,154.0,313.0,0.42464,124.0,-0.41916,False
TSLA,call,market,Mon-0DTE,10:30,ITM,2026-02-23,2026-07-06,19,75.0,383,35.248,97.0,48.5,158.0,313.0,0.42464,124.0,-0.41916,False
TSLA,call,market,Mon-0DTE,10:30,ITM,2026-02-23,2026-07-06,19,80.0,383,32.898,101.0,46.5,159.0,313.0,0.42464,124.0,-0.41916,False
TSLA,call,market,Mon-0DTE,10:30,ITM,2026-02-23,2026-07-06,19,90.0,383,31.07,111.0,51.5,164.5,313.0,0.42464,124.0,-0.41916,False
TSLA,call,market,Mon-0DTE,10:30,ITM,2026-02-23,2026-07-06,19,100.0,383,28.198,112.0,64.25,164.25,311.5,0.42464,124.0,-0.41916,False
TSLA,call,mid,Mon-0DTE,11:00,ITM,2026-02-23,2026-07-06,18,20.0,364,76.648,25.0,8.0,54.0,279.0,0.63139,139.0,-0.29545,False
TSLA,call,mid,Mon-0DTE,11:00,ITM,2026-02-23,2026-07-06,18,25.0,364,74.176,31.5,10.0,61.0,279.0,0.63139,139.0,-0.29545,False
TSLA,call,mid,Mon-0DTE,11:00,ITM,2026-02-23,2026-07-06,18,30.0,364,69.505,38.0,11.0,68.0,279.0,0.63139,139.0,-0.29545,False
TSLA,call,mid,Mon-0DTE,11:00,ITM,2026-02-23,2026-07-06,18,40.0,364,62.637,48.0,16.0,82.0,279.0,0.63139,139.0,-0.29545,False
TSLA,call,mid,Mon-0DTE,11:00,ITM,2026-02-23,2026-07-06,18,50.0,364,57.692,58.0,25.25,111.0,279.0,0.63139,139.0,-0.29545,False
TSLA,call,mid,Mon-0DTE,11:00,ITM,2026-02-23,2026-07-06,18,60.0,364,51.648,67.0,31.75,128.0,280.5,0.63139,139.0,-0.29545,False
TSLA,call,mid,Mon-0DTE,11:00,ITM,2026-02-23,2026-07-06,18,70.0,364,46.154,71.0,37.0,133.25,279.0,0.63139,139.0,-0.29545,False
TSLA,call,mid,Mon-0DTE,11:00,ITM,2026-02-23,2026-07-06,18,75.0,364,43.681,79.0,40.5,134.0,281.0,0.63139,139.0,-0.29545,False
TSLA,call,mid,Mon-0DTE,11:00,ITM,2026-02-23,2026-07-06,18,80.0,364,42.033,91.0,42.0,141.0,282.0,0.63139,139.0,-0.29545,False
TSLA,call,mid,Mon-0DTE,11:00,ITM,2026-02-23,2026-07-06,18,90.0,364,38.187,101.0,44.0,153.5,283.0,0.63139,139.0,-0.29545,False
TSLA,call,mid,Mon-0DTE,11:00,ITM,2026-02-23,2026-07-06,18,100.0,364,34.89,108.0,50.0,167.0,283.0,0.63139,139.0,-0.29545,False
TSLA,call,market,Mon-0DTE,11:00,ITM,2026-02-23,2026-07-06,18,20.0,364,75.275,27.0,10.0,57.75,279.0,0.59908,139.0,-0.3117,False
TSLA,call,market,Mon-0DTE,11:00,ITM,2026-02-23,2026-07-06,18,25.0,364,71.703,34.0,12.0,66.0,279.0,0.59908,139.0,-0.3117,False
TSLA,call,market,Mon-0DTE,11:00,ITM,2026-02-23,2026-07-06,18,30.0,364,67.033,41.0,14.75,71.5,279.0,0.59908,139.0,-0.3117,False
TSLA,call,market,Mon-0DTE,11:00,ITM,2026-02-23,2026-07-06,18,40.0,364,60.714,52.0,17.0,87.0,279.0,0.59908,139.0,-0.3117,False
TSLA,call,market,Mon-0DTE,11:00,ITM,2026-02-23,2026-07-06,18,50.0,364,55.495,61.0,28.5,116.0,279.0,0.59908,139.0,-0.3117,False
TSLA,call,market,Mon-0DTE,11:00,ITM,2026-02-23,2026-07-06,18,60.0,364,49.725,68.0,34.0,130.0,281.0,0.59908,139.0,-0.3117,False
TSLA,call,market,Mon-0DTE,11:00,ITM,2026-02-23,2026-07-06,18,70.0,364,44.78,79.0,41.0,134.0,279.0,0.59908,139.0,-0.3117,False
TSLA,call,market,Mon-0DTE,11:00,ITM,2026-02-23,2026-07-06,18,75.0,364,42.033,91.0,41.0,139.0,282.0,0.59908,139.0,-0.3117,False
TSLA,call,market,Mon-0DTE,11:00,ITM,2026-02-23,2026-07-06,18,80.0,364,40.659,102.0,44.5,149.25,282.0,0.59908,139.0,-0.3117,False
TSLA,call,market,Mon-0DTE,11:00,ITM,2026-02-23,2026-07-06,18,90.0,364,37.363,109.0,49.25,164.25,283.0,0.59908,139.0,-0.3117,False
TSLA,call,market,Mon-0DTE,11:00,ITM,2026-02-23,2026-07-06,18,100.0,364,33.242,109.0,51.0,172.0,283.0,0.59908,139.0,-0.3117,False
TSLA,call,mid,Mon-0DTE,11:00,ATM,2026-02-23,2026-07-06,17,20.0,91,83.516,14.5,5.75,43.75,239.5,0.83851,66.0,-0.93333,False
TSLA,call,mid,Mon-0DTE,11:00,ATM,2026-02-23,2026-07-06,17,25.0,91,83.516,20.0,7.75,48.75,191.0,0.83851,66.0,-0.93333,False
TSLA,call,mid,Mon-0DTE,11:00,ATM,2026-02-23,2026-07-06,17,30.0,91,79.121,22.0,9.75,51.25,202.0,0.83851,66.0,-0.93333,False
TSLA,call,mid,Mon-0DTE,11:00,ATM,2026-02-23,2026-07-06,17,40.0,91,70.33,28.5,12.0,57.75,225.0,0.83851,66.0,-0.93333,False
TSLA,call,mid,Mon-0DTE,11:00,ATM,2026-02-23,2026-07-06,17,50.0,91,64.835,34.0,16.0,69.5,254.0,0.83851,66.0,-0.93333,False
TSLA,call,mid,Mon-0DTE,11:00,ATM,2026-02-23,2026-07-06,17,60.0,91,59.341,42.5,18.75,70.75,263.5,0.83851,66.0,-0.93333,False
TSLA,call,mid,Mon-0DTE,11:00,ATM,2026-02-23,2026-07-06,17,70.0,91,57.143,55.5,26.5,78.75,274.0,0.83851,66.0,-0.93333,False
TSLA,call,mid,Mon-0DTE,11:00,ATM,2026-02-23,2026-07-06,17,75.0,91,56.044,59.0,30.5,96.0,274.0,0.83851,66.0,-0.93333,False
TSLA,call,mid,Mon-0DTE,11:00,ATM,2026-02-23,2026-07-06,17,80.0,91,51.648,64.0,31.0,107.0,274.0,0.83851,66.0,-0.93333,False
TSLA,call,mid,Mon-0DTE,11:00,ATM,2026-02-23,2026-07-06,17,90.0,91,43.956,59.5,32.75,106.5,279.0,0.83851,66.0,-0.93333,False
TSLA,call,mid,Mon-0DTE,11:00,ATM,2026-02-23,2026-07-06,17,100.0,91,41.758,65.0,36.75,131.25,279.0,0.83851,66.0,-0.93333,False
TSLA,call,market,Mon-0DTE,11:00,ATM,2026-02-23,2026-07-06,17,20.0,91,82.418,19.0,7.5,49.5,185.0,0.78277,66.0,-0.95814,False
TSLA,call,market,Mon-0DTE,11:00,ATM,2026-02-23,2026-07-06,17,25.0,91,78.022,22.0,9.5,51.5,207.0,0.78277,66.0,-0.95814,False
TSLA,call,market,Mon-0DTE,11:00,ATM,2026-02-23,2026-07-06,17,30.0,91,73.626,26.0,10.5,59.0,207.0,0.78277,66.0,-0.95814,False
TSLA,call,market,Mon-0DTE,11:00,ATM,2026-02-23,2026-07-06,17,40.0,91,68.132,32.5,13.25,62.5,252.5,0.78277,66.0,-0.95814,False
TSLA,call,market,Mon-0DTE,11:00,ATM,2026-02-23,2026-07-06,17,50.0,91,62.637,41.0,17.0,71.0,246.0,0.78277,66.0,-0.95814,False
TSLA,call,market,Mon-0DTE,11:00,ATM,2026-02-23,2026-07-06,17,60.0,91,59.341,47.5,22.5,74.0,259.0,0.78277,66.0,-0.95814,False
TSLA,call,market,Mon-0DTE,11:00,ATM,2026-02-23,2026-07-06,17,70.0,91,52.747,64.5,31.0,103.0,274.0,0.78277,66.0,-0.95814,False
TSLA,call,market,Mon-0DTE,11:00,ATM,2026-02-23,2026-07-06,17,75.0,91,51.648,64.0,31.0,107.0,274.0,0.78277,66.0,-0.95814,False
TSLA,call,market,Mon-0DTE,11:00,ATM,2026-02-23,2026-07-06,17,80.0,91,47.253,65.0,33.0,107.0,279.0,0.78277,66.0,-0.95814,False
TSLA,call,market,Mon-0DTE,11:00,ATM,2026-02-23,2026-07-06,17,90.0,91,42.857,65.0,36.5,110.0,279.0,0.78277,66.0,-0.95814,False
TSLA,call,market,Mon-0DTE,11:00,ATM,2026-02-23,2026-07-06,17,100.0,91,39.56,78.5,40.75,131.0,279.0,0.78277,66.0,-0.95814,False
TSLA,call,mid,Mon-0DTE,11:30,ATM,2026-02-23,2026-06-22,15,20.0,79,70.886,10.0,5.0,23.25,247.5,0.64602,40.0,-0.93665,False
TSLA,call,mid,Mon-0DTE,11:30,ATM,2026-02-23,2026-06-22,15,25.0,79,64.557,15.0,6.5,23.5,249.0,0.64602,40.0,-0.93665,False
TSLA,call,mid,Mon-0DTE,11:30,ATM,2026-02-23,2026-06-22,15,30.0,79,60.759,17.5,8.0,26.0,249.0,0.64602,40.0,-0.93665,False
TSLA,call,mid,Mon-0DTE,11:30,ATM,2026-02-23,2026-06-22,15,40.0,79,55.696,23.0,9.75,36.25,246.5,0.64602,40.0,-0.93665,False
TSLA,call,mid,Mon-0DTE,11:30,ATM,2026-02-23,2026-06-22,15,50.0,79,53.165,28.5,14.5,42.5,249.0,0.64602,40.0,-0.93665,False
TSLA,call,mid,Mon-0DTE,11:30,ATM,2026-02-23,2026-06-22,15,60.0,79,50.633,32.0,21.0,47.0,246.5,0.64602,40.0,-0.93665,False
TSLA,call,mid,Mon-0DTE,11:30,ATM,2026-02-23,2026-06-22,15,70.0,79,49.367,33.0,21.5,66.0,249.0,0.64602,40.0,-0.93665,False
TSLA,call,mid,Mon-0DTE,11:30,ATM,2026-02-23,2026-06-22,15,75.0,79,49.367,38.0,26.0,70.5,249.0,0.64602,40.0,-0.93665,False
TSLA,call,mid,Mon-0DTE,11:30,ATM,2026-02-23,2026-06-22,15,80.0,79,48.101,37.5,28.0,74.5,249.0,0.64602,40.0,-0.93665,False
TSLA,call,mid,Mon-0DTE,11:30,ATM,2026-02-23,2026-06-22,15,90.0,79,45.57,40.5,27.25,90.5,249.0,0.64602,40.0,-0.93665,False
TSLA,call,mid,Mon-0DTE,11:30,ATM,2026-02-23,2026-06-22,15,100.0,79,44.304,59.0,27.5,98.5,249.0,0.64602,40.0,-0.93665,False
TSLA,call,market,Mon-0DTE,11:30,ATM,2026-02-23,2026-06-22,15,20.0,79,63.291,15.5,7.0,24.75,249.0,0.58874,40.0,-0.96018,False
TSLA,call,market,Mon-0DTE,11:30,ATM,2026-02-23,2026-06-22,15,25.0,79,60.759,17.5,8.0,26.5,249.0,0.58874,40.0,-0.96018,False
TSLA,call,market,Mon-0DTE,11:30,ATM,2026-02-23,2026-06-22,15,30.0,79,56.962,19.0,9.0,30.0,249.0,0.58874,40.0,-0.96018,False
TSLA,call,market,Mon-0DTE,11:30,ATM,2026-02-23,2026-06-22,15,40.0,79,54.43,28.0,11.5,42.0,249.0,0.58874,40.0,-0.96018,False
TSLA,call,market,Mon-0DTE,11:30,ATM,2026-02-23,2026-06-22,15,50.0,79,50.633,30.5,19.5,47.0,246.5,0.58874,40.0,-0.96018,False
TSLA,call,market,Mon-0DTE,11:30,ATM,2026-02-23,2026-06-22,15,60.0,79,49.367,33.0,21.0,54.5,249.0,0.58874,40.0,-0.96018,False
TSLA,call,market,Mon-0DTE,11:30,ATM,2026-02-23,2026-06-22,15,70.0,79,48.101,37.0,25.0,73.5,249.0,0.58874,40.0,-0.96018,False
TSLA,call,market,Mon-0DTE,11:30,ATM,2026-02-23,2026-06-22,15,75.0,79,48.101,37.5,28.0,82.75,249.0,0.58874,40.0,-0.96018,False
TSLA,call,market,Mon-0DTE,11:30,ATM,2026-02-23,2026-06-22,15,80.0,79,46.835,39.0,28.0,86.0,249.0,0.58874,40.0,-0.96018,False
TSLA,call,market,Mon-0DTE,11:30,ATM,2026-02-23,2026-06-22,15,90.0,79,44.304,45.0,27.5,98.5,249.0,0.58874,40.0,-0.96018,False
TSLA,call,market,Mon-0DTE,11:30,ATM,2026-02-23,2026-06-22,15,100.0,79,43.038,67.5,30.75,107.5,249.0,0.58874,40.0,-0.96018,False
TSLA,call,mid,Mon-0DTE,11:30,ITM,2026-02-23,2026-07-06,18,20.0,387,68.475,26.0,12.0,44.0,253.0,0.51286,135.0,-0.19512,False
TSLA,call,mid,Mon-0DTE,11:30,ITM,2026-02-23,2026-07-06,18,25.0,387,65.891,33.0,17.0,56.0,253.0,0.51286,135.0,-0.19512,False
TSLA,call,mid,Mon-0DTE,11:30,ITM,2026-02-23,2026-07-06,18,30.0,387,63.566,37.0,22.25,78.75,252.0,0.51286,135.0,-0.19512,False
TSLA,call,mid,Mon-0DTE,11:30,ITM,2026-02-23,2026-07-06,18,40.0,387,57.106,55.0,30.0,119.0,251.0,0.51286,135.0,-0.19512,False
TSLA,call,mid,Mon-0DTE,11:30,ITM,2026-02-23,2026-07-06,18,50.0,387,50.646,75.5,36.0,146.5,250.0,0.51286,135.0,-0.19512,False
TSLA,call,mid,Mon-0DTE,11:30,ITM,2026-02-23,2026-07-06,18,60.0,387,45.22,88.0,40.0,156.0,249.0,0.51286,135.0,-0.19512,False
TSLA,call,mid,Mon-0DTE,11:30,ITM,2026-02-23,2026-07-06,18,70.0,387,38.243,96.0,58.25,166.0,252.0,0.51286,135.0,-0.19512,False
TSLA,call,mid,Mon-0DTE,11:30,ITM,2026-02-23,2026-07-06,18,75.0,387,35.917,99.0,70.0,170.5,252.0,0.51286,135.0,-0.19512,False
TSLA,call,mid,Mon-0DTE,11:30,ITM,2026-02-23,2026-07-06,18,80.0,387,34.625,100.5,71.5,174.25,252.0,0.51286,135.0,-0.19512,False
TSLA,call,mid,Mon-0DTE,11:30,ITM,2026-02-23,2026-07-06,18,90.0,387,29.974,107.5,74.25,181.0,251.0,0.51286,135.0,-0.19512,False
TSLA,call,mid,Mon-0DTE,11:30,ITM,2026-02-23,2026-07-06,18,100.0,387,26.357,112.0,82.0,198.5,252.5,0.51286,135.0,-0.19512,False
TSLA,call,market,Mon-0DTE,11:30,ITM,2026-02-23,2026-07-06,18,20.0,387,66.408,30.0,16.0,49.0,254.0,0.4829,135.0,-0.21106,False
TSLA,call,market,Mon-0DTE,11:30,ITM,2026-02-23,2026-07-06,18,25.0,387,65.116,35.5,19.75,71.0,252.5,0.4829,135.0,-0.21106,False
TSLA,call,market,Mon-0DTE,11:30,ITM,2026-02-23,2026-07-06,18,30.0,387,61.24,41.0,25.0,95.0,251.0,0.4829,135.0,-0.21106,False
TSLA,call,market,Mon-0DTE,11:30,ITM,2026-02-23,2026-07-06,18,40.0,387,55.814,59.5,32.0,129.0,249.0,0.4829,135.0,-0.21106,False
TSLA,call,market,Mon-0DTE,11:30,ITM,2026-02-23,2026-07-06,18,50.0,387,48.837,81.0,36.0,151.0,251.0,0.4829,135.0,-0.21106,False
TSLA,call,market,Mon-0DTE,11:30,ITM,2026-02-23,2026-07-06,18,60.0,387,42.636,88.0,40.0,153.0,249.0,0.4829,135.0,-0.21106,False
TSLA,call,market,Mon-0DTE,11:30,ITM,2026-02-23,2026-07-06,18,70.0,387,36.434,98.0,70.0,169.0,252.0,0.4829,135.0,-0.21106,False
TSLA,call,market,Mon-0DTE,11:30,ITM,2026-02-23,2026-07-06,18,75.0,387,34.884,100.0,71.0,173.5,252.0,0.4829,135.0,-0.21106,False
TSLA,call,market,Mon-0DTE,11:30,ITM,2026-02-23,2026-07-06,18,80.0,387,33.333,104.0,73.0,175.0,252.0,0.4829,135.0,-0.21106,False
TSLA,call,market,Mon-0DTE,11:30,ITM,2026-02-23,2026-07-06,18,90.0,387,28.165,107.0,76.0,184.0,252.0,0.4829,135.0,-0.21106,False
TSLA,call,market,Mon-0DTE,11:30,ITM,2026-02-23,2026-07-06,18,100.0,387,25.065,115.0,84.0,197.0,253.0,0.4829,135.0,-0.21106,False
TSLA,call,mid,Mon-0DTE,12:00,ATM,2026-02-23,2026-06-22,16,20.0,88,63.636,7.0,3.75,18.25,214.0,0.46683,33.0,-0.95872,False
TSLA,call,mid,Mon-0DTE,12:00,ATM,2026-02-23,2026-06-22,16,25.0,88,56.818,9.0,4.25,18.5,216.5,0.46683,33.0,-0.95872,False
TSLA,call,mid,Mon-0DTE,12:00,ATM,2026-02-23,2026-06-22,16,30.0,88,55.682,10.0,5.0,19.0,214.0,0.46683,33.0,-0.95872,False
TSLA,call,mid,Mon-0DTE,12:00,ATM,2026-02-23,2026-06-22,16,40.0,88,52.273,13.0,6.25,25.75,216.5,0.46683,33.0,-0.95872,False
TSLA,call,mid,Mon-0DTE,12:00,ATM,2026-02-23,2026-06-22,16,50.0,88,48.864,15.0,10.0,31.5,219.0,0.46683,33.0,-0.95872,False
TSLA,call,mid,Mon-0DTE,12:00,ATM,2026-02-23,2026-06-22,16,60.0,88,45.455,20.0,11.75,60.25,219.0,0.46683,33.0,-0.95872,False
TSLA,call,mid,Mon-0DTE,12:00,ATM,2026-02-23,2026-06-22,16,70.0,88,43.182,29.0,16.25,62.75,219.0,0.46683,33.0,-0.95872,False
TSLA,call,mid,Mon-0DTE,12:00,ATM,2026-02-23,2026-06-22,16,75.0,88,39.773,41.0,20.5,99.5,219.0,0.46683,33.0,-0.95872,False
TSLA,call,mid,Mon-0DTE,12:00,ATM,2026-02-23,2026-06-22,16,80.0,88,39.773,48.0,24.0,131.0,219.0,0.46683,33.0,-0.95872,False
TSLA,call,mid,Mon-0DTE,12:00,ATM,2026-02-23,2026-06-22,16,90.0,88,37.5,49.0,29.0,134.0,219.0,0.46683,33.0,-0.95872,False
TSLA,call,mid,Mon-0DTE,12:00,ATM,2026-02-23,2026-06-22,16,100.0,88,35.227,54.0,38.0,111.0,224.0,0.46683,33.0,-0.95872,False
TSLA,call,market,Mon-0DTE,12:00,ATM,2026-02-23,2026-06-22,16,20.0,88,56.818,9.0,4.25,18.5,216.5,0.39211,33.0,-0.99134,False
TSLA,call,market,Mon-0DTE,12:00,ATM,2026-02-23,2026-06-22,16,25.0,88,55.682,9.0,6.0,19.0,214.0,0.39211,33.0,-0.99134,False
TSLA,call,market,Mon-0DTE,12:00,ATM,2026-02-23,2026-06-22,16,30.0,88,53.409,11.0,6.0,19.5,214.0,0.39211,33.0,-0.99134,False
TSLA,call,market,Mon-0DTE,12:00,ATM,2026-02-23,2026-06-22,16,40.0,88,50.0,14.0,8.0,28.0,219.0,0.39211,33.0,-0.99134,False
TSLA,call,market,Mon-0DTE,12:00,ATM,2026-02-23,2026-06-22,16,50.0,88,47.727,16.0,11.0,56.25,216.5,0.39211,33.0,-0.99134,False
TSLA,call,market,Mon-0DTE,12:00,ATM,2026-02-23,2026-06-22,16,60.0,88,43.182,26.5,16.0,62.75,219.0,0.39211,33.0,-0.99134,False
TSLA,call,market,Mon-0DTE,12:00,ATM,2026-02-23,2026-06-22,16,70.0,88,40.909,45.5,24.0,124.75,219.0,0.39211,33.0,-0.99134,False
TSLA,call,market,Mon-0DTE,12:00,ATM,2026-02-23,2026-06-22,16,75.0,88,39.773,48.0,24.0,131.0,219.0,0.39211,33.0,-0.99134,False
TSLA,call,market,Mon-0DTE,12:00,ATM,2026-02-23,2026-06-22,16,80.0,88,37.5,49.0,27.0,134.0,219.0,0.39211,33.0,-0.99134,False
TSLA,call,market,Mon-0DTE,12:00,ATM,2026-02-23,2026-06-22,16,90.0,88,35.227,54.0,38.5,111.0,224.0,0.39211,33.0,-0.99134,False
TSLA,call,market,Mon-0DTE,12:00,ATM,2026-02-23,2026-06-22,16,100.0,88,35.227,57.0,41.0,113.5,224.0,0.39211,33.0,-0.99134,False
TSLA,call,mid,Mon-0DTE,12:30,ATM,2026-02-23,2026-06-22,15,20.0,82,80.488,10.0,4.25,23.5,93.5,0.49837,40.0,-0.93634,False
TSLA,call,mid,Mon-0DTE,12:30,ATM,2026-02-23,2026-06-22,15,25.0,82,76.829,11.0,5.0,33.5,87.0,0.49837,40.0,-0.93634,False
TSLA,call,mid,Mon-0DTE,12:30,ATM,2026-02-23,2026-06-22,15,30.0,82,74.39,13.0,6.0,38.0,87.0,0.49837,40.0,-0.93634,False
TSLA,call,mid,Mon-0DTE,12:30,ATM,2026-02-23,2026-06-22,15,40.0,82,64.634,19.0,12.0,48.0,184.0,0.49837,40.0,-0.93634,False
TSLA,call,mid,Mon-0DTE,12:30,ATM,2026-02-23,2026-06-22,15,50.0,82,50.0,29.0,17.0,51.0,189.0,0.49837,40.0,-0.93634,False
TSLA,call,mid,Mon-0DTE,12:30,ATM,2026-02-23,2026-06-22,15,60.0,82,43.902,29.0,19.5,58.75,191.5,0.49837,40.0,-0.93634,False
TSLA,call,mid,Mon-0DTE,12:30,ATM,2026-02-23,2026-06-22,15,70.0,82,41.463,31.0,21.75,54.25,193.0,0.49837,40.0,-0.93634,False
TSLA,call,mid,Mon-0DTE,12:30,ATM,2026-02-23,2026-06-22,15,75.0,82,41.463,33.0,24.25,62.0,190.0,0.49837,40.0,-0.93634,False
TSLA,call,mid,Mon-0DTE,12:30,ATM,2026-02-23,2026-06-22,15,80.0,82,40.244,33.0,25.0,67.0,189.0,0.49837,40.0,-0.93634,False
TSLA,call,mid,Mon-0DTE,12:30,ATM,2026-02-23,2026-06-22,15,90.0,82,37.805,34.0,25.5,86.5,189.0,0.49837,40.0,-0.93634,False
TSLA,call,mid,Mon-0DTE,12:30,ATM,2026-02-23,2026-06-22,15,100.0,82,35.366,37.0,26.0,110.0,194.0,0.49837,40.0,-0.93634,False
TSLA,call,market,Mon-0DTE,12:30,ATM,2026-02-23,2026-06-22,15,20.0,82,74.39,11.0,6.0,38.0,87.0,0.4194,40.0,-0.96459,False
TSLA,call,market,Mon-0DTE,12:30,ATM,2026-02-23,2026-06-22,15,25.0,82,73.171,14.5,6.75,39.5,95.5,0.4194,40.0,-0.96459,False
TSLA,call,market,Mon-0DTE,12:30,ATM,2026-02-23,2026-06-22,15,30.0,82,68.293,20.5,11.75,48.25,184.0,0.4194,40.0,-0.96459,False
TSLA,call,market,Mon-0DTE,12:30,ATM,2026-02-23,2026-06-22,15,40.0,82,53.659,25.0,15.75,52.25,189.0,0.4194,40.0,-0.96459,False
TSLA,call,market,Mon-0DTE,12:30,ATM,2026-02-23,2026-06-22,15,50.0,82,46.341,33.5,20.25,63.25,191.5,0.4194,40.0,-0.96459,False
TSLA,call,market,Mon-0DTE,12:30,ATM,2026-02-23,2026-06-22,15,60.0,82,41.463,31.0,21.0,54.25,194.0,0.4194,40.0,-0.96459,False
TSLA,call,market,Mon-0DTE,12:30,ATM,2026-02-23,2026-06-22,15,70.0,82,40.244,33.0,25.0,67.0,191.0,0.4194,40.0,-0.96459,False
TSLA,call,market,Mon-0DTE,12:30,ATM,2026-02-23,2026-06-22,15,75.0,82,40.244,33.0,25.0,67.0,189.0,0.4194,40.0,-0.96459,False
TSLA,call,market,Mon-0DTE,12:30,ATM,2026-02-23,2026-06-22,15,80.0,82,39.024,35.5,25.75,76.75,189.0,0.4194,40.0,-0.96459,False
TSLA,call,market,Mon-0DTE,12:30,ATM,2026-02-23,2026-06-22,15,90.0,82,35.366,37.0,26.0,110.0,194.0,0.4194,40.0,-0.96459,False
TSLA,call,market,Mon-0DTE,12:30,ATM,2026-02-23,2026-06-22,15,100.0,82,34.146,38.0,28.75,112.75,194.0,0.4194,40.0,-0.96459,False
TSLA,call,mid,Mon-0DTE,12:30,OTM1,2026-02-23,2026-06-15,14,20.0,78,75.641,10.0,4.0,23.0,97.0,0.53651,37.5,-0.94329,False
TSLA,call,mid,Mon-0DTE,12:30,OTM1,2026-02-23,2026-06-15,14,25.0,78,74.359,10.0,5.0,26.75,125.0,0.53651,37.5,-0.94329,False
TSLA,call,mid,Mon-0DTE,12:30,OTM1,2026-02-23,2026-06-15,14,30.0,78,69.231,11.0,6.0,25.75,170.5,0.53651,37.5,-0.94329,False
TSLA,call,mid,Mon-0DTE,12:30,OTM1,2026-02-23,2026-06-15,14,40.0,78,64.103,16.0,7.5,45.75,181.0,0.53651,37.5,-0.94329,False
TSLA,call,mid,Mon-0DTE,12:30,OTM1,2026-02-23,2026-06-15,14,50.0,78,52.564,20.0,15.0,51.0,188.0,0.53651,37.5,-0.94329,False
TSLA,call,mid,Mon-0DTE,12:30,OTM1,2026-02-23,2026-06-15,14,60.0,78,46.154,25.0,16.0,107.25,191.0,0.53651,37.5,-0.94329,False
TSLA,call,mid,Mon-0DTE,12:30,OTM1,2026-02-23,2026-06-15,14,70.0,78,44.872,31.0,21.0,115.5,193.0,0.53651,37.5,-0.94329,False
TSLA,call,mid,Mon-0DTE,12:30,OTM1,2026-02-23,2026-06-15,14,75.0,78,43.59,31.0,21.0,118.0,193.5,0.53651,37.5,-0.94329,False
TSLA,call,mid,Mon-0DTE,12:30,OTM1,2026-02-23,2026-06-15,14,80.0,78,43.59,31.5,21.5,118.75,191.0,0.53651,37.5,-0.94329,False
TSLA,call,mid,Mon-0DTE,12:30,OTM1,2026-02-23,2026-06-15,14,90.0,78,43.59,34.0,25.25,119.5,191.0,0.53651,37.5,-0.94329,False
TSLA,call,mid,Mon-0DTE,12:30,OTM1,2026-02-23,2026-06-15,14,100.0,78,42.308,37.0,26.0,121.0,193.0,0.53651,37.5,-0.94329,False
TSLA,call,market,Mon-0DTE,12:30,OTM1,2026-02-23,2026-06-15,14,20.0,78,64.103,13.0,6.0,28.5,181.0,0.34891,37.5,-1.0,False
TSLA,call,market,Mon-0DTE,12:30,OTM1,2026-02-23,2026-06-15,14,25.0,78,57.692,15.0,6.0,45.0,184.0,0.34891,37.5,-1.0,False
TSLA,call,market,Mon-0DTE,12:30,OTM1,2026-02-23,2026-06-15,14,30.0,78,55.128,17.0,10.5,48.5,184.0,0.34891,37.5,-1.0,False
TSLA,call,market,Mon-0DTE,12:30,OTM1,2026-02-23,2026-06-15,14,40.0,78,46.154,23.5,16.0,107.25,191.0,0.34891,37.5,-1.0,False
TSLA,call,market,Mon-0DTE,12:30,OTM1,2026-02-23,2026-06-15,14,50.0,78,44.872,33.0,18.5,115.5,193.0,0.34891,37.5,-1.0,False
TSLA,call,market,Mon-0DTE,12:30,OTM1,2026-02-23,2026-06-15,14,60.0,78,43.59,32.0,21.5,118.75,193.5,0.34891,37.5,-1.0,False
TSLA,call,market,Mon-0DTE,12:30,OTM1,2026-02-23,2026-06-15,14,70.0,78,43.59,34.5,25.0,119.5,191.0,0.34891,37.5,-1.0,False
TSLA,call,market,Mon-0DTE,12:30,OTM1,2026-02-23,2026-06-15,14,75.0,78,43.59,38.0,25.0,119.5,191.0,0.34891,37.5,-1.0,False
TSLA,call,market,Mon-0DTE,12:30,OTM1,2026-02-23,2026-06-15,14,80.0,78,42.308,39.0,26.0,121.0,193.0,0.34891,37.5,-1.0,False
TSLA,call,market,Mon-0DTE,12:30,OTM1,2026-02-23,2026-06-15,14,90.0,78,39.744,37.0,26.0,124.0,193.0,0.34891,37.5,-1.0,False
TSLA,call,market,Mon-0DTE,12:30,OTM1,2026-02-23,2026-06-15,14,100.0,78,37.179,37.0,27.0,126.0,194.0,0.34891,37.5,-1.0,False
TSLA,call,mid,Mon-0DTE,13:00,OTM1,2026-02-23,2026-06-15,12,20.0,71,73.239,6.0,3.0,15.0,63.5,0.65672,25.0,-0.94318,False
TSLA,call,mid,Mon-0DTE,13:00,OTM1,2026-02-23,2026-06-15,12,25.0,71,71.831,9.0,4.0,20.5,64.0,0.65672,25.0,-0.94318,False
TSLA,call,mid,Mon-0DTE,13:00,OTM1,2026-02-23,2026-06-15,12,30.0,71,66.197,9.0,5.0,23.5,69.0,0.65672,25.0,-0.94318,False
TSLA,call,mid,Mon-0DTE,13:00,OTM1,2026-02-23,2026-06-15,12,40.0,71,61.972,14.0,5.0,28.0,77.5,0.65672,25.0,-0.94318,False
TSLA,call,mid,Mon-0DTE,13:00,OTM1,2026-02-23,2026-06-15,12,50.0,71,57.746,17.0,6.0,36.0,82.0,0.65672,25.0,-0.94318,False
TSLA,call,mid,Mon-0DTE,13:00,OTM1,2026-02-23,2026-06-15,12,60.0,71,50.704,16.5,8.0,42.75,115.5,0.65672,25.0,-0.94318,False
TSLA,call,mid,Mon-0DTE,13:00,OTM1,2026-02-23,2026-06-15,12,70.0,71,46.479,17.0,9.0,51.0,119.0,0.65672,25.0,-0.94318,False
TSLA,call,mid,Mon-0DTE,13:00,OTM1,2026-02-23,2026-06-15,12,75.0,71,45.07,19.0,10.0,52.25,121.0,0.65672,25.0,-0.94318,False
TSLA,call,mid,Mon-0DTE,13:00,OTM1,2026-02-23,2026-06-15,12,80.0,71,40.845,21.0,10.0,69.0,128.0,0.65672,25.0,-0.94318,False
TSLA,call,mid,Mon-0DTE,13:00,OTM1,2026-02-23,2026-06-15,12,90.0,71,35.211,16.0,10.0,80.0,153.0,0.65672,25.0,-0.94318,False
TSLA,call,mid,Mon-0DTE,13:00,OTM1,2026-02-23,2026-06-15,12,100.0,71,33.803,17.5,10.75,86.25,155.5,0.65672,25.0,-0.94318,False
TSLA,call,market,Mon-0DTE,13:00,OTM1,2026-02-23,2026-06-15,12,20.0,71,61.972,14.0,5.0,30.25,69.0,0.40909,25.0,-1.0,False
TSLA,call,market,Mon-0DTE,13:00,OTM1,2026-02-23,2026-06-15,12,25.0,71,60.563,14.0,5.0,29.0,76.0,0.40909,25.0,-1.0,False
TSLA,call,market,Mon-0DTE,13:00,OTM1,2026-02-23,2026-06-15,12,30.0,71,56.338,16.5,5.0,37.0,94.5,0.40909,25.0,-1.0,False
TSLA,call,market,Mon-0DTE,13:00,OTM1,2026-02-23,2026-06-15,12,40.0,71,50.704,16.5,8.75,42.75,115.5,0.40909,25.0,-1.0,False
TSLA,call,market,Mon-0DTE,13:00,OTM1,2026-02-23,2026-06-15,12,50.0,71,42.254,15.5,9.25,72.75,127.5,0.40909,25.0,-1.0,False
TSLA,call,market,Mon-0DTE,13:00,OTM1,2026-02-23,2026-06-15,12,60.0,71,36.62,16.0,9.25,78.5,144.5,0.40909,25.0,-1.0,False
TSLA,call,market,Mon-0DTE,13:00,OTM1,2026-02-23,2026-06-15,12,70.0,71,33.803,16.5,9.75,86.25,155.5,0.40909,25.0,-1.0,False
TSLA,call,market,Mon-0DTE,13:00,OTM1,2026-02-23,2026-06-15,12,75.0,71,33.803,16.5,10.75,86.5,155.5,0.40909,25.0,-1.0,False
TSLA,call,market,Mon-0DTE,13:00,OTM1,2026-02-23,2026-06-15,12,80.0,71,32.394,19.0,11.0,88.0,158.0,0.40909,25.0,-1.0,False
TSLA,call,market,Mon-0DTE,13:00,OTM1,2026-02-23,2026-06-15,12,90.0,71,30.986,17.5,12.5,89.75,157.5,0.40909,25.0,-1.0,False
TSLA,call,market,Mon-0DTE,13:00,OTM1,2026-02-23,2026-06-15,12,100.0,71,30.986,22.0,14.25,89.75,157.5,0.40909,25.0,-1.0,False
TSLA,call,mid,Mon-0DTE,13:00,ATM,2026-02-23,2026-06-22,15,20.0,86,79.07,9.0,4.75,27.25,86.5,0.64476,37.0,-0.93069,False
TSLA,call,mid,Mon-0DTE,13:00,ATM,2026-02-23,2026-06-22,15,25.0,86,75.581,11.0,5.0,28.0,92.0,0.64476,37.0,-0.93069,False
TSLA,call,mid,Mon-0DTE,13:00,ATM,2026-02-23,2026-06-22,15,30.0,86,69.767,13.5,5.0,28.0,94.0,0.64476,37.0,-0.93069,False
TSLA,call,mid,Mon-0DTE,13:00,ATM,2026-02-23,2026-06-22,15,40.0,86,66.279,17.0,7.0,29.0,107.0,0.64476,37.0,-0.93069,False
TSLA,call,mid,Mon-0DTE,13:00,ATM,2026-02-23,2026-06-22,15,50.0,86,59.302,18.0,9.0,34.5,146.0,0.64476,37.0,-0.93069,False
TSLA,call,mid,Mon-0DTE,13:00,ATM,2026-02-23,2026-06-22,15,60.0,86,53.488,24.5,10.25,40.0,154.0,0.64476,37.0,-0.93069,False
TSLA,call,mid,Mon-0DTE,13:00,ATM,2026-02-23,2026-06-22,15,70.0,86,45.349,25.0,11.0,53.5,156.0,0.64476,37.0,-0.93069,False
TSLA,call,mid,Mon-0DTE,13:00,ATM,2026-02-23,2026-06-22,15,75.0,86,40.698,20.0,11.0,53.5,159.0,0.64476,37.0,-0.93069,False
TSLA,call,mid,Mon-0DTE,13:00,ATM,2026-02-23,2026-06-22,15,80.0,86,39.535,19.5,11.25,54.75,159.0,0.64476,37.0,-0.93069,False
TSLA,call,mid,Mon-0DTE,13:00,ATM,2026-02-23,2026-06-22,15,90.0,86,36.047,20.0,13.0,74.0,159.0,0.64476,37.0,-0.93069,False
TSLA,call,mid,Mon-0DTE,13:00,ATM,2026-02-23,2026-06-22,15,100.0,86,32.558,28.5,15.75,87.0,159.0,0.64476,37.0,-0.93069,False
TSLA,call,market,Mon-0DTE,13:00,ATM,2026-02-23,2026-06-22,15,20.0,86,70.93,13.0,5.0,26.0,92.0,0.56042,37.0,-0.96565,False
TSLA,call,market,Mon-0DTE,13:00,ATM,2026-02-23,2026-06-22,15,25.0,86,68.605,14.0,5.0,28.5,92.0,0.56042,37.0,-0.96565,False
TSLA,call,market,Mon-0DTE,13:00,ATM,2026-02-23,2026-06-22,15,30.0,86,66.279,16.0,6.0,29.0,107.0,0.56042,37.0,-0.96565,False
TSLA,call,market,Mon-0DTE,13:00,ATM,2026-02-23,2026-06-22,15,40.0,86,58.14,19.0,9.0,34.0,150.5,0.56042,37.0,-0.96565,False
TSLA,call,market,Mon-0DTE,13:00,ATM,2026-02-23,2026-06-22,15,50.0,86,53.488,24.5,11.0,40.0,154.0,0.56042,37.0,-0.96565,False
TSLA,call,market,Mon-0DTE,13:00,ATM,2026-02-23,2026-06-22,15,60.0,86,47.674,26.0,11.0,41.0,155.0,0.56042,37.0,-0.96565,False
TSLA,call,market,Mon-0DTE,13:00,ATM,2026-02-23,2026-06-22,15,70.0,86,39.535,19.5,11.25,54.75,159.0,0.56042,37.0,-0.96565,False
TSLA,call,market,Mon-0DTE,13:00,ATM,2026-02-23,2026-06-22,15,75.0,86,38.372,20.0,12.0,56.0,159.0,0.56042,37.0,-0.96565,False
TSLA,call,market,Mon-0DTE,13:00,ATM,2026-02-23,2026-06-22,15,80.0,86,36.047,20.0,12.5,74.0,159.0,0.56042,37.0,-0.96565,False
TSLA,call,market,Mon-0DTE,13:00,ATM,2026-02-23,2026-06-22,15,90.0,86,32.558,22.5,14.75,87.25,159.0,0.56042,37.0,-0.96565,False
TSLA,call,market,Mon-0DTE,13:00,ATM,2026-02-23,2026-06-22,15,100.0,86,32.558,28.5,16.5,88.0,159.0,0.56042,37.0,-0.96565,False
TSLA,call,mid,Mon-0DTE,13:30,OTM1,2026-02-23,2026-06-22,13,20.0,73,69.863,7.0,3.0,20.5,74.0,0.48649,13.0,-0.91935,False
TSLA,call,mid,Mon-0DTE,13:30,OTM1,2026-02-23,2026-06-22,13,25.0,73,67.123,10.0,5.0,30.0,77.0,0.48649,13.0,-0.91935,False
TSLA,call,mid,Mon-0DTE,13:30,OTM1,2026-02-23,2026-06-22,13,30.0,73,61.644,16.0,6.0,37.0,77.0,0.48649,13.0,-0.91935,False
TSLA,call,mid,Mon-0DTE,13:30,OTM1,2026-02-23,2026-06-22,13,40.0,73,53.425,27.0,14.0,68.5,77.0,0.48649,13.0,-0.91935,False
TSLA,call,mid,Mon-0DTE,13:30,OTM1,2026-02-23,2026-06-22,13,50.0,73,49.315,27.5,16.5,72.25,78.0,0.48649,13.0,-0.91935,False
TSLA,call,mid,Mon-0DTE,13:30,OTM1,2026-02-23,2026-06-22,13,60.0,73,45.205,31.0,17.0,76.0,77.0,0.48649,13.0,-0.91935,False
TSLA,call,mid,Mon-0DTE,13:30,OTM1,2026-02-23,2026-06-22,13,70.0,73,42.466,33.0,19.5,78.5,76.0,0.48649,13.0,-0.91935,False
TSLA,call,mid,Mon-0DTE,13:30,OTM1,2026-02-23,2026-06-22,13,75.0,73,39.726,36.0,18.0,81.0,79.0,0.48649,13.0,-0.91935,False
TSLA,call,mid,Mon-0DTE,13:30,OTM1,2026-02-23,2026-06-22,13,80.0,73,38.356,38.5,17.75,82.25,80.5,0.48649,13.0,-0.91935,False
TSLA,call,mid,Mon-0DTE,13:30,OTM1,2026-02-23,2026-06-22,13,90.0,73,35.616,34.0,17.5,84.75,83.5,0.48649,13.0,-0.91935,False
TSLA,call,mid,Mon-0DTE,13:30,OTM1,2026-02-23,2026-06-22,13,100.0,73,31.507,36.0,18.0,101.0,123.0,0.48649,13.0,-0.91935,False
TSLA,call,market,Mon-0DTE,13:30,OTM1,2026-02-23,2026-06-22,13,20.0,73,50.685,22.0,11.0,41.0,77.0,0.22222,13.0,-1.0,False
TSLA,call,market,Mon-0DTE,13:30,OTM1,2026-02-23,2026-06-22,13,25.0,73,49.315,27.0,14.0,72.25,76.5,0.22222,13.0,-1.0,False
TSLA,call,market,Mon-0DTE,13:30,OTM1,2026-02-23,2026-06-22,13,30.0,73,47.945,28.0,19.0,73.5,77.0,0.22222,13.0,-1.0,False
TSLA,call,market,Mon-0DTE,13:30,OTM1,2026-02-23,2026-06-22,13,40.0,73,43.836,33.5,20.0,77.25,74.5,0.22222,13.0,-1.0,False
TSLA,call,market,Mon-0DTE,13:30,OTM1,2026-02-23,2026-06-22,13,50.0,73,42.466,36.0,19.0,78.5,72.0,0.22222,13.0,-1.0,False
TSLA,call,market,Mon-0DTE,13:30,OTM1,2026-02-23,2026-06-22,13,60.0,73,34.247,46.0,21.0,86.0,87.0,0.22222,13.0,-1.0,False
TSLA,call,market,Mon-0DTE,13:30,OTM1,2026-02-23,2026-06-22,13,70.0,73,32.877,53.0,24.25,94.75,104.5,0.22222,13.0,-1.0,False
TSLA,call,market,Mon-0DTE,13:30,OTM1,2026-02-23,2026-06-22,13,75.0,73,30.137,49.5,20.75,112.25,123.5,0.22222,13.0,-1.0,False
TSLA,call,market,Mon-0DTE,13:30,OTM1,2026-02-23,2026-06-22,13,80.0,73,28.767,60.0,26.0,121.0,124.0,0.22222,13.0,-1.0,False
TSLA,call,market,Mon-0DTE,13:30,OTM1,2026-02-23,2026-06-22,13,90.0,73,24.658,59.0,28.5,126.5,128.5,0.22222,13.0,-1.0,False
TSLA,call,market,Mon-0DTE,13:30,OTM1,2026-02-23,2026-06-22,13,100.0,73,20.548,65.0,32.5,130.5,133.0,0.22222,13.0,-1.0,False
TSLA,call,mid,Mon-0DTE,14:00,OTM1,2026-02-23,2026-06-15,12,20.0,68,54.412,5.0,3.0,31.0,93.0,0.23306,5.0,-0.89643,False
TSLA,call,mid,Mon-0DTE,14:00,OTM1,2026-02-23,2026-06-15,12,25.0,68,48.529,9.0,3.0,36.0,94.0,0.23306,5.0,-0.89643,False
TSLA,call,mid,Mon-0DTE,14:00,OTM1,2026-02-23,2026-06-15,12,30.0,68,47.059,8.5,3.0,38.5,94.5,0.23306,5.0,-0.89643,False
TSLA,call,mid,Mon-0DTE,14:00,OTM1,2026-02-23,2026-06-15,12,40.0,68,42.647,14.0,5.0,51.0,94.0,0.23306,5.0,-0.89643,False
TSLA,call,mid,Mon-0DTE,14:00,OTM1,2026-02-23,2026-06-15,12,50.0,68,38.235,15.0,6.0,49.75,99.0,0.23306,5.0,-0.89643,False
TSLA,call,mid,Mon-0DTE,14:00,OTM1,2026-02-23,2026-06-15,12,60.0,68,35.294,17.5,10.0,64.5,99.0,0.23306,5.0,-0.89643,False
TSLA,call,mid,Mon-0DTE,14:00,OTM1,2026-02-23,2026-06-15,12,70.0,68,33.824,25.0,11.0,73.0,99.0,0.23306,5.0,-0.89643,False
TSLA,call,mid,Mon-0DTE,14:00,OTM1,2026-02-23,2026-06-15,12,75.0,68,33.824,25.0,11.0,73.0,99.0,0.23306,5.0,-0.89643,False
TSLA,call,mid,Mon-0DTE,14:00,OTM1,2026-02-23,2026-06-15,12,80.0,68,33.824,36.0,11.0,73.5,99.0,0.23306,5.0,-0.89643,False
TSLA,call,mid,Mon-0DTE,14:00,OTM1,2026-02-23,2026-06-15,12,90.0,68,32.353,38.5,13.0,81.75,99.0,0.23306,5.0,-0.89643,False
TSLA,call,mid,Mon-0DTE,14:00,OTM1,2026-02-23,2026-06-15,12,100.0,68,32.353,41.0,19.25,81.75,99.0,0.23306,5.0,-0.89643,False
TSLA,call,market,Mon-0DTE,14:00,OTM1,2026-02-23,2026-06-15,12,20.0,68,36.765,20.0,6.0,61.0,99.0,0.0,5.0,-1.0,False
TSLA,call,market,Mon-0DTE,14:00,OTM1,2026-02-23,2026-06-15,12,25.0,68,35.294,24.5,9.5,65.25,99.0,0.0,5.0,-1.0,False
TSLA,call,market,Mon-0DTE,14:00,OTM1,2026-02-23,2026-06-15,12,30.0,68,33.824,28.0,9.0,73.5,99.0,0.0,5.0,-1.0,False
TSLA,call,market,Mon-0DTE,14:00,OTM1,2026-02-23,2026-06-15,12,40.0,68,32.353,41.0,10.25,82.25,99.0,0.0,5.0,-1.0,False
TSLA,call,market,Mon-0DTE,14:00,OTM1,2026-02-23,2026-06-15,12,50.0,68,30.882,46.0,11.0,90.0,99.0,0.0,5.0,-1.0,False
TSLA,call,market,Mon-0DTE,14:00,OTM1,2026-02-23,2026-06-15,12,60.0,68,29.412,48.5,27.75,91.25,99.0,0.0,5.0,-1.0,False
TSLA,call,market,Mon-0DTE,14:00,OTM1,2026-02-23,2026-06-15,12,70.0,68,29.412,48.5,27.75,91.25,99.0,0.0,5.0,-1.0,False
TSLA,call,market,Mon-0DTE,14:00,OTM1,2026-02-23,2026-06-15,12,75.0,68,29.412,48.5,32.75,91.25,99.0,0.0,5.0,-1.0,False
TSLA,call,market,Mon-0DTE,14:00,OTM1,2026-02-23,2026-06-15,12,80.0,68,29.412,48.5,32.75,91.25,99.0,0.0,5.0,-1.0,False
TSLA,call,market,Mon-0DTE,14:00,OTM1,2026-02-23,2026-06-15,12,90.0,68,29.412,48.5,32.75,91.25,99.0,0.0,5.0,-1.0,False
TSLA,call,market,Mon-0DTE,14:00,OTM1,2026-02-23,2026-06-15,12,100.0,68,29.412,51.5,33.5,91.25,99.0,0.0,5.0,-1.0,False
TSLA,call,mid,Mon-0DTE,14:30,OTM1,2026-02-23,2026-06-22,12,20.0,67,59.701,9.5,2.75,22.0,60.5,0.34483,19.0,-0.8125,False
TSLA,call,mid,Mon-0DTE,14:30,OTM1,2026-02-23,2026-06-22,12,25.0,67,56.716,15.5,5.0,24.75,60.0,0.34483,19.0,-0.8125,False
TSLA,call,mid,Mon-0DTE,14:30,OTM1,2026-02-23,2026-06-22,12,30.0,67,52.239,16.0,6.0,24.5,64.0,0.34483,19.0,-0.8125,False
TSLA,call,mid,Mon-0DTE,14:30,OTM1,2026-02-23,2026-06-22,12,40.0,67,49.254,19.0,10.0,29.0,64.0,0.34483,19.0,-0.8125,False
TSLA,call,mid,Mon-0DTE,14:30,OTM1,2026-02-23,2026-06-22,12,50.0,67,46.269,19.0,10.0,26.0,64.0,0.34483,19.0,-0.8125,False
TSLA,call,mid,Mon-0DTE,14:30,OTM1,2026-02-23,2026-06-22,12,60.0,67,44.776,20.0,10.0,26.0,66.0,0.34483,19.0,-0.8125,False
TSLA,call,mid,Mon-0DTE,14:30,OTM1,2026-02-23,2026-06-22,12,70.0,67,44.776,21.0,12.25,26.75,66.0,0.34483,19.0,-0.8125,False
TSLA,call,mid,Mon-0DTE,14:30,OTM1,2026-02-23,2026-06-22,12,75.0,67,43.284,21.0,12.0,26.0,68.0,0.34483,19.0,-0.8125,False
TSLA,call,mid,Mon-0DTE,14:30,OTM1,2026-02-23,2026-06-22,12,80.0,67,41.791,21.0,11.75,27.25,68.5,0.34483,19.0,-0.8125,False
TSLA,call,mid,Mon-0DTE,14:30,OTM1,2026-02-23,2026-06-22,12,90.0,67,40.299,24.0,13.0,33.0,69.0,0.34483,19.0,-0.8125,False
TSLA,call,mid,Mon-0DTE,14:30,OTM1,2026-02-23,2026-06-22,12,100.0,67,40.299,24.0,13.0,33.0,69.0,0.34483,19.0,-0.8125,False
TSLA,call,market,Mon-0DTE,14:30,OTM1,2026-02-23,2026-06-22,12,20.0,67,46.269,19.0,10.5,26.0,64.0,0.08824,19.0,-1.0,False
TSLA,call,market,Mon-0DTE,14:30,OTM1,2026-02-23,2026-06-22,12,25.0,67,46.269,21.0,11.0,30.0,64.0,0.08824,19.0,-1.0,False
TSLA,call,market,Mon-0DTE,14:30,OTM1,2026-02-23,2026-06-22,12,30.0,67,44.776,24.0,14.5,33.5,66.0,0.08824,19.0,-1.0,False
TSLA,call,market,Mon-0DTE,14:30,OTM1,2026-02-23,2026-06-22,12,40.0,67,43.284,25.0,14.0,37.0,68.0,0.08824,19.0,-1.0,False
TSLA,call,market,Mon-0DTE,14:30,OTM1,2026-02-23,2026-06-22,12,50.0,67,40.299,26.0,13.0,38.0,69.0,0.08824,19.0,-1.0,False
TSLA,call,market,Mon-0DTE,14:30,OTM1,2026-02-23,2026-06-22,12,60.0,67,37.313,26.0,17.0,44.0,69.0,0.08824,19.0,-1.0,False
TSLA,call,market,Mon-0DTE,14:30,OTM1,2026-02-23,2026-06-22,12,70.0,67,35.821,27.5,16.75,48.0,69.0,0.08824,19.0,-1.0,False
TSLA,call,market,Mon-0DTE,14:30,OTM1,2026-02-23,2026-06-22,12,75.0,67,34.328,26.0,16.5,52.0,69.0,0.08824,19.0,-1.0,False
TSLA,call,market,Mon-0DTE,14:30,OTM1,2026-02-23,2026-06-22,12,80.0,67,34.328,26.0,16.5,52.0,69.0,0.08824,19.0,-1.0,False
TSLA,call,market,Mon-0DTE,14:30,OTM1,2026-02-23,2026-06-22,12,90.0,67,32.836,27.5,16.75,56.0,71.5,0.08824,19.0,-1.0,False
TSLA,call,market,Mon-0DTE,14:30,OTM1,2026-02-23,2026-06-22,12,100.0,67,29.851,30.0,15.5,62.0,74.0,0.08824,19.0,-1.0,False
TSLA,call,mid,Mon-0DTE,15:00,OTM1,2026-02-23,2026-06-22,14,20.0,77,62.338,5.0,1.0,13.75,38.0,0.59184,11.0,-0.71429,False
TSLA,call,mid,Mon-0DTE,15:00,OTM1,2026-02-23,2026-06-22,14,25.0,77,62.338,5.0,1.0,14.5,38.0,0.59184,11.0,-0.71429,False
TSLA,call,mid,Mon-0DTE,15:00,OTM1,2026-02-23,2026-06-22,14,30.0,77,62.338,5.0,1.0,16.25,35.5,0.59184,11.0,-0.71429,False
TSLA,call,mid,Mon-0DTE,15:00,OTM1,2026-02-23,2026-06-22,14,40.0,77,58.442,7.0,2.0,21.0,36.0,0.59184,11.0,-0.71429,False
TSLA,call,mid,Mon-0DTE,15:00,OTM1,2026-02-23,2026-06-22,14,50.0,77,54.545,11.5,2.25,22.0,39.0,0.59184,11.0,-0.71429,False
TSLA,call,mid,Mon-0DTE,15:00,OTM1,2026-02-23,2026-06-22,14,60.0,77,49.351,11.5,4.0,28.25,39.0,0.59184,11.0,-0.71429,False
TSLA,call,mid,Mon-0DTE,15:00,OTM1,2026-02-23,2026-06-22,14,70.0,77,48.052,11.0,6.0,29.0,39.0,0.59184,11.0,-0.71429,False
TSLA,call,mid,Mon-0DTE,15:00,OTM1,2026-02-23,2026-06-22,14,75.0,77,45.455,12.0,6.0,27.5,39.0,0.59184,11.0,-0.71429,False
TSLA,call,mid,Mon-0DTE,15:00,OTM1,2026-02-23,2026-06-22,14,80.0,77,44.156,11.5,6.25,28.25,39.0,0.59184,11.0,-0.71429,False
TSLA,call,mid,Mon-0DTE,15:00,OTM1,2026-02-23,2026-06-22,14,90.0,77,42.857,11.0,6.0,30.0,39.0,0.59184,11.0,-0.71429,False
TSLA,call,mid,Mon-0DTE,15:00,OTM1,2026-02-23,2026-06-22,14,100.0,77,42.857,16.0,6.0,35.0,39.0,0.59184,11.0,-0.71429,False
TSLA,call,market,Mon-0DTE,15:00,OTM1,2026-02-23,2026-06-22,14,20.0,77,45.455,12.0,5.5,32.0,39.0,0.13793,11.0,-1.0,False
TSLA,call,market,Mon-0DTE,15:00,OTM1,2026-02-23,2026-06-22,14,25.0,77,44.156,14.5,6.25,33.0,39.0,0.13793,11.0,-1.0,False
TSLA,call,market,Mon-0DTE,15:00,OTM1,2026-02-23,2026-06-22,14,30.0,77,41.558,16.0,6.0,34.25,39.0,0.13793,11.0,-1.0,False
TSLA,call,market,Mon-0DTE,15:00,OTM1,2026-02-23,2026-06-22,14,40.0,77,40.26,16.0,6.5,35.5,39.0,0.13793,11.0,-1.0,False
TSLA,call,market,Mon-0DTE,15:00,OTM1,2026-02-23,2026-06-22,14,50.0,77,38.961,17.5,6.25,35.75,40.5,0.13793,11.0,-1.0,False
TSLA,call,market,Mon-0DTE,15:00,OTM1,2026-02-23,2026-06-22,14,60.0,77,38.961,17.5,6.25,35.75,40.5,0.13793,11.0,-1.0,False
TSLA,call,market,Mon-0DTE,15:00,OTM1,2026-02-23,2026-06-22,14,70.0,77,37.662,20.0,6.0,36.0,42.0,0.13793,11.0,-1.0,False
TSLA,call,market,Mon-0DTE,15:00,OTM1,2026-02-23,2026-06-22,14,75.0,77,36.364,22.5,5.75,37.0,43.0,0.13793,11.0,-1.0,False
TSLA,call,market,Mon-0DTE,15:00,OTM1,2026-02-23,2026-06-22,14,80.0,77,36.364,22.5,5.75,37.0,43.0,0.13793,11.0,-1.0,False
TSLA,call,market,Mon-0DTE,15:00,OTM1,2026-02-23,2026-06-22,14,90.0,77,36.364,22.5,6.75,37.75,43.0,0.13793,11.0,-1.0,False
TSLA,call,market,Mon-0DTE,15:00,OTM1,2026-02-23,2026-06-22,14,100.0,77,35.065,25.0,8.0,38.5,44.0,0.13793,11.0,-1.0,False
TSLA,call,mid,Mon-0DTE,15:30,OTM1,2026-02-23,2026-06-15,12,20.0,12,58.333,2.0,1.0,11.5,20.0,0.44444,3.5,-0.47222,True
TSLA,call,mid,Mon-0DTE,15:30,OTM1,2026-02-23,2026-06-15,12,25.0,12,58.333,2.0,1.0,11.5,19.0,0.44444,3.5,-0.47222,True
TSLA,call,mid,Mon-0DTE,15:30,OTM1,2026-02-23,2026-06-15,12,30.0,12,58.333,2.0,1.0,11.5,19.0,0.44444,3.5,-0.47222,True
TSLA,call,mid,Mon-0DTE,15:30,OTM1,2026-02-23,2026-06-15,12,40.0,12,50.0,9.0,1.0,18.5,24.0,0.44444,3.5,-0.47222,True
TSLA,call,mid,Mon-0DTE,15:30,OTM1,2026-02-23,2026-06-15,12,50.0,12,50.0,9.0,1.0,19.25,24.0,0.44444,3.5,-0.47222,True
TSLA,call,mid,Mon-0DTE,15:30,OTM1,2026-02-23,2026-06-15,12,60.0,12,41.667,20.0,2.0,21.0,29.0,0.44444,3.5,-0.47222,True
TSLA,call,mid,Mon-0DTE,15:30,OTM1,2026-02-23,2026-06-15,12,70.0,12,41.667,20.0,2.0,21.0,29.0,0.44444,3.5,-0.47222,True
TSLA,call,mid,Mon-0DTE,15:30,OTM1,2026-02-23,2026-06-15,12,75.0,12,41.667,20.0,2.0,21.0,29.0,0.44444,3.5,-0.47222,True
TSLA,call,mid,Mon-0DTE,15:30,OTM1,2026-02-23,2026-06-15,12,80.0,12,41.667,20.0,3.0,21.0,29.0,0.44444,3.5,-0.47222,True
TSLA,call,mid,Mon-0DTE,15:30,OTM1,2026-02-23,2026-06-15,12,90.0,12,41.667,20.0,5.0,21.0,29.0,0.44444,3.5,-0.47222,True
TSLA,call,mid,Mon-0DTE,15:30,OTM1,2026-02-23,2026-06-15,12,100.0,12,41.667,20.0,5.0,21.0,29.0,0.44444,3.5,-0.47222,True
TSLA,call,market,Mon-0DTE,15:30,OTM1,2026-02-23,2026-06-15,12,20.0,12,25.0,24.0,22.0,24.5,29.0,-0.53125,3.5,-1.0,True
TSLA,call,market,Mon-0DTE,15:30,OTM1,2026-02-23,2026-06-15,12,25.0,12,25.0,24.0,22.0,24.5,29.0,-0.53125,3.5,-1.0,True
TSLA,call,market,Mon-0DTE,15:30,OTM1,2026-02-23,2026-06-15,12,30.0,12,25.0,24.0,22.0,24.5,29.0,-0.53125,3.5,-1.0,True
TSLA,call,market,Mon-0DTE,15:30,OTM1,2026-02-23,2026-06-15,12,40.0,12,25.0,24.0,22.0,24.5,29.0,-0.53125,3.5,-1.0,True
TSLA,call,market,Mon-0DTE,15:30,OTM1,2026-02-23,2026-06-15,12,50.0,12,25.0,24.0,22.0,24.5,29.0,-0.53125,3.5,-1.0,True
TSLA,call,market,Mon-0DTE,15:30,OTM1,2026-02-23,2026-06-15,12,60.0,12,25.0,24.0,22.0,24.5,29.0,-0.53125,3.5,-1.0,True
TSLA,call,market,Mon-0DTE,15:30,OTM1,2026-02-23,2026-06-15,12,70.0,12,25.0,24.0,22.0,24.5,29.0,-0.53125,3.5,-1.0,True
TSLA,call,market,Mon-0DTE,15:30,OTM1,2026-02-23,2026-06-15,12,75.0,12,25.0,24.0,22.0,24.5,29.0,-0.53125,3.5,-1.0,True
TSLA,call,market,Mon-0DTE,15:30,OTM1,2026-02-23,2026-06-15,12,80.0,12,25.0,24.0,22.0,24.5,29.0,-0.53125,3.5,-1.0,True
TSLA,call,market,Mon-0DTE,15:30,OTM1,2026-02-23,2026-06-15,12,90.0,12,25.0,24.0,22.0,24.5,29.0,-0.53125,3.5,-1.0,True
TSLA,call,market,Mon-0DTE,15:30,OTM1,2026-02-23,2026-06-15,12,100.0,12,25.0,24.0,23.0,24.5,29.0,-0.53125,3.5,-1.0,True
TSLA,call,mid,Mon-0DTE,10:30,ATM,2026-02-23,2026-07-06,17,20.0,99,74.747,11.0,4.0,29.5,287.5,0.60993,72.0,-0.94796,False
TSLA,call,mid,Mon-0DTE,10:30,ATM,2026-02-23,2026-07-06,17,25.0,99,73.737,15.0,6.0,51.0,295.0,0.60993,72.0,-0.94796,False
TSLA,call,mid,Mon-0DTE,10:30,ATM,2026-02-23,2026-07-06,17,30.0,99,69.697,17.0,7.0,64.0,297.0,0.60993,72.0,-0.94796,False
TSLA,call,mid,Mon-0DTE,10:30,ATM,2026-02-23,2026-07-06,17,40.0,99,62.626,26.5,10.0,83.5,304.0,0.60993,72.0,-0.94796,False
TSLA,call,mid,Mon-0DTE,10:30,ATM,2026-02-23,2026-07-06,17,50.0,99,59.596,31.0,12.0,87.5,304.0,0.60993,72.0,-0.94796,False
TSLA,call,mid,Mon-0DTE,10:30,ATM,2026-02-23,2026-07-06,17,60.0,99,51.515,30.0,13.5,81.5,309.0,0.60993,72.0,-0.94796,False
TSLA,call,mid,Mon-0DTE,10:30,ATM,2026-02-23,2026-07-06,17,70.0,99,45.455,55.0,15.0,95.0,313.0,0.60993,72.0,-0.94796,False
TSLA,call,mid,Mon-0DTE,10:30,ATM,2026-02-23,2026-07-06,17,75.0,99,45.455,61.0,15.0,99.0,309.0,0.60993,72.0,-0.94796,False
TSLA,call,mid,Mon-0DTE,10:30,ATM,2026-02-23,2026-07-06,17,80.0,99,42.424,58.5,15.5,100.5,311.0,0.60993,72.0,-0.94796,False
TSLA,call,mid,Mon-0DTE,10:30,ATM,2026-02-23,2026-07-06,17,90.0,99,41.414,71.0,17.0,109.0,313.0,0.60993,72.0,-0.94796,False
TSLA,call,mid,Mon-0DTE,10:30,ATM,2026-02-23,2026-07-06,17,100.0,99,38.384,69.0,17.75,108.25,313.5,0.60993,72.0,-0.94796,False
TSLA,call,market,Mon-0DTE,10:30,ATM,2026-02-23,2026-07-06,17,20.0,99,73.737,15.0,6.0,52.0,299.0,0.56446,72.0,-0.96715,False
TSLA,call,market,Mon-0DTE,10:30,ATM,2026-02-23,2026-07-06,17,25.0,99,69.697,17.0,7.0,55.0,297.0,0.56446,72.0,-0.96715,False
TSLA,call,market,Mon-0DTE,10:30,ATM,2026-02-23,2026-07-06,17,30.0,99,68.687,19.0,7.75,67.0,289.0,0.56446,72.0,-0.96715,False
TSLA,call,market,Mon-0DTE,10:30,ATM,2026-02-23,2026-07-06,17,40.0,99,60.606,30.5,11.0,86.25,304.0,0.56446,72.0,-0.96715,False
TSLA,call,market,Mon-0DTE,10:30,ATM,2026-02-23,2026-07-06,17,50.0,99,55.556,31.0,12.5,87.5,308.0,0.56446,72.0,-0.96715,False
TSLA,call,market,Mon-0DTE,10:30,ATM,2026-02-23,2026-07-06,17,60.0,99,46.465,34.0,14.25,88.75,311.0,0.56446,72.0,-0.96715,False
TSLA,call,market,Mon-0DTE,10:30,ATM,2026-02-23,2026-07-06,17,70.0,99,45.455,61.0,15.0,99.0,309.0,0.56446,72.0,-0.96715,False
TSLA,call,market,Mon-0DTE,10:30,ATM,2026-02-23,2026-07-06,17,75.0,99,41.414,61.0,15.0,101.0,313.0,0.56446,72.0,-0.96715,False
TSLA,call,market,Mon-0DTE,10:30,ATM,2026-02-23,2026-07-06,17,80.0,99,41.414,70.0,17.0,101.0,313.0,0.56446,72.0,-0.96715,False
TSLA,call,market,Mon-0DTE,10:30,ATM,2026-02-23,2026-07-06,17,90.0,99,41.414,71.0,19.0,110.0,313.0,0.56446,72.0,-0.96715,False
TSLA,call,market,Mon-0DTE,10:30,ATM,2026-02-23,2026-07-06,17,100.0,99,36.364,77.0,18.75,124.5,313.5,0.56446,72.0,-0.96715,False
TSLA,call,mid,Mon-0DTE,11:00,OTM1,2026-02-23,2026-06-22,15,20.0,85,82.353,13.5,5.25,42.5,163.5,0.90667,66.0,-0.9589,False
TSLA,call,mid,Mon-0DTE,11:00,OTM1,2026-02-23,2026-06-22,15,25.0,85,77.647,21.5,8.0,47.5,165.5,0.90667,66.0,-0.9589,False
TSLA,call,mid,Mon-0DTE,11:00,OTM1,2026-02-23,2026-06-22,15,30.0,85,74.118,22.0,8.0,47.0,164.0,0.90667,66.0,-0.9589,False
TSLA,call,mid,Mon-0DTE,11:00,OTM1,2026-02-23,2026-06-22,15,40.0,85,67.059,29.0,12.0,63.0,164.0,0.90667,66.0,-0.9589,False
TSLA,call,mid,Mon-0DTE,11:00,OTM1,2026-02-23,2026-06-22,15,50.0,85,64.706,38.0,13.5,69.5,163.0,0.90667,66.0,-0.9589,False
TSLA,call,mid,Mon-0DTE,11:00,OTM1,2026-02-23,2026-06-22,15,60.0,85,61.176,45.5,17.75,72.0,219.0,0.90667,66.0,-0.9589,False
TSLA,call,mid,Mon-0DTE,11:00,OTM1,2026-02-23,2026-06-22,15,70.0,85,60.0,53.0,19.0,73.0,274.0,0.90667,66.0,-0.9589,False
TSLA,call,mid,Mon-0DTE,11:00,OTM1,2026-02-23,2026-06-22,15,75.0,85,57.647,58.0,22.0,85.0,274.0,0.90667,66.0,-0.9589,False
TSLA,call,mid,Mon-0DTE,11:00,OTM1,2026-02-23,2026-06-22,15,80.0,85,55.294,58.0,28.0,93.0,274.0,0.90667,66.0,-0.9589,False
TSLA,call,mid,Mon-0DTE,11:00,OTM1,2026-02-23,2026-06-22,15,90.0,85,50.588,58.0,28.0,107.0,274.0,0.90667,66.0,-0.9589,False
TSLA,call,mid,Mon-0DTE,11:00,OTM1,2026-02-23,2026-06-22,15,100.0,85,44.706,65.0,36.75,107.5,279.0,0.90667,66.0,-0.9589,False
TSLA,call,market,Mon-0DTE,11:00,OTM1,2026-02-23,2026-06-22,15,20.0,85,72.941,22.0,8.0,47.5,166.0,0.78846,66.0,-1.0,False
TSLA,call,market,Mon-0DTE,11:00,OTM1,2026-02-23,2026-06-22,15,25.0,85,68.235,27.0,10.0,60.5,167.5,0.78846,66.0,-1.0,False
TSLA,call,market,Mon-0DTE,11:00,OTM1,2026-02-23,2026-06-22,15,30.0,85,67.059,29.0,12.0,64.0,164.0,0.78846,66.0,-1.0,False
TSLA,call,market,Mon-0DTE,11:00,OTM1,2026-02-23,2026-06-22,15,40.0,85,64.706,38.0,14.0,69.5,163.0,0.78846,66.0,-1.0,False
TSLA,call,market,Mon-0DTE,11:00,OTM1,2026-02-23,2026-06-22,15,50.0,85,61.176,45.5,17.0,72.0,219.0,0.78846,66.0,-1.0,False
TSLA,call,market,Mon-0DTE,11:00,OTM1,2026-02-23,2026-06-22,15,60.0,85,60.0,54.0,20.0,73.0,274.0,0.78846,66.0,-1.0,False
TSLA,call,market,Mon-0DTE,11:00,OTM1,2026-02-23,2026-06-22,15,70.0,85,55.294,57.0,27.0,103.5,274.0,0.78846,66.0,-1.0,False
TSLA,call,market,Mon-0DTE,11:00,OTM1,2026-02-23,2026-06-22,15,75.0,85,52.941,64.0,30.0,106.0,274.0,0.78846,66.0,-1.0,False
TSLA,call,market,Mon-0DTE,11:00,OTM1,2026-02-23,2026-06-22,15,80.0,85,49.412,63.0,33.25,107.5,276.5,0.78846,66.0,-1.0,False
TSLA,call,market,Mon-0DTE,11:00,OTM1,2026-02-23,2026-06-22,15,90.0,85,42.353,65.5,45.75,130.75,279.0,0.78846,66.0,-1.0,False
TSLA,call,market,Mon-0DTE,11:00,OTM1,2026-02-23,2026-06-22,15,100.0,85,41.176,86.0,44.0,132.0,279.0,0.78846,66.0,-1.0,False
TSLA,call,mid,Mon-0DTE,11:30,OTM1,2026-02-23,2026-06-15,14,20.0,80,72.5,8.5,5.0,21.0,144.5,0.71307,35.5,-0.95081,False
TSLA,call,mid,Mon-0DTE,11:30,OTM1,2026-02-23,2026-06-15,14,25.0,80,67.5,13.0,5.25,24.0,149.5,0.71307,35.5,-0.95081,False
TSLA,call,mid,Mon-0DTE,11:30,OTM1,2026-02-23,2026-06-15,14,30.0,80,62.5,13.5,7.0,24.75,160.5,0.71307,35.5,-0.95081,False
TSLA,call,mid,Mon-0DTE,11:30,OTM1,2026-02-23,2026-06-15,14,40.0,80,58.75,18.0,10.0,30.5,243.0,0.71307,35.5,-0.95081,False
TSLA,call,mid,Mon-0DTE,11:30,OTM1,2026-02-23,2026-06-15,14,50.0,80,56.25,22.0,11.0,38.0,244.0,0.71307,35.5,-0.95081,False
TSLA,call,mid,Mon-0DTE,11:30,OTM1,2026-02-23,2026-06-15,14,60.0,80,52.5,28.5,16.0,42.5,244.0,0.71307,35.5,-0.95081,False
TSLA,call,mid,Mon-0DTE,11:30,OTM1,2026-02-23,2026-06-15,14,70.0,80,50.0,31.5,17.75,50.25,246.5,0.71307,35.5,-0.95081,False
TSLA,call,mid,Mon-0DTE,11:30,OTM1,2026-02-23,2026-06-15,14,75.0,80,48.75,32.0,19.5,50.5,249.0,0.71307,35.5,-0.95081,False
TSLA,call,mid,Mon-0DTE,11:30,OTM1,2026-02-23,2026-06-15,14,80.0,80,48.75,33.0,22.0,56.0,249.0,0.71307,35.5,-0.95081,False
TSLA,call,mid,Mon-0DTE,11:30,OTM1,2026-02-23,2026-06-15,14,90.0,80,46.25,36.0,25.0,76.0,249.0,0.71307,35.5,-0.95081,False
TSLA,call,mid,Mon-0DTE,11:30,OTM1,2026-02-23,2026-06-15,14,100.0,80,43.75,39.0,26.5,84.0,249.0,0.71307,35.5,-0.95081,False
TSLA,call,market,Mon-0DTE,11:30,OTM1,2026-02-23,2026-06-15,14,20.0,80,61.25,15.0,7.0,26.0,165.0,0.57794,35.5,-1.0,False
TSLA,call,market,Mon-0DTE,11:30,OTM1,2026-02-23,2026-06-15,14,25.0,80,60.0,16.5,8.0,29.25,203.5,0.57794,35.5,-1.0,False
TSLA,call,market,Mon-0DTE,11:30,OTM1,2026-02-23,2026-06-15,14,30.0,80,58.75,18.0,9.5,32.5,243.0,0.57794,35.5,-1.0,False
TSLA,call,market,Mon-0DTE,11:30,OTM1,2026-02-23,2026-06-15,14,40.0,80,55.0,26.5,11.75,41.5,244.0,0.57794,35.5,-1.0,False
TSLA,call,market,Mon-0DTE,11:30,OTM1,2026-02-23,2026-06-15,14,50.0,80,52.5,28.5,16.25,42.5,244.0,0.57794,35.5,-1.0,False
TSLA,call,market,Mon-0DTE,11:30,OTM1,2026-02-23,2026-06-15,14,60.0,80,50.0,32.5,20.75,50.25,246.5,0.57794,35.5,-1.0,False
TSLA,call,market,Mon-0DTE,11:30,OTM1,2026-02-23,2026-06-15,14,70.0,80,47.5,34.5,21.25,57.0,249.0,0.57794,35.5,-1.0,False
TSLA,call,market,Mon-0DTE,11:30,OTM1,2026-02-23,2026-06-15,14,75.0,80,46.25,35.0,23.0,76.0,249.0,0.57794,35.5,-1.0,False
TSLA,call,market,Mon-0DTE,11:30,OTM1,2026-02-23,2026-06-15,14,80.0,80,46.25,35.0,25.0,78.0,249.0,0.57794,35.5,-1.0,False
TSLA,call,market,Mon-0DTE,11:30,OTM1,2026-02-23,2026-06-15,14,90.0,80,43.75,41.0,26.5,85.0,249.0,0.57794,35.5,-1.0,False
TSLA,call,market,Mon-0DTE,11:30,OTM1,2026-02-23,2026-06-15,14,100.0,80,43.75,41.0,27.5,93.0,249.0,0.57794,35.5,-1.0,False
TSLA,call,mid,Mon-0DTE,12:00,OTM1,2026-02-23,2026-06-15,13,20.0,78,58.974,6.0,2.0,11.75,206.0,0.45735,23.5,-0.95326,False
TSLA,call,mid,Mon-0DTE,12:00,OTM1,2026-02-23,2026-06-15,13,25.0,78,57.692,7.0,3.0,12.0,213.0,0.45735,23.5,-0.95326,False
TSLA,call,mid,Mon-0DTE,12:00,OTM1,2026-02-23,2026-06-15,13,30.0,78,55.128,7.0,3.0,14.5,213.0,0.45735,23.5,-0.95326,False
TSLA,call,mid,Mon-0DTE,12:00,OTM1,2026-02-23,2026-06-15,13,40.0,78,51.282,9.5,5.75,16.25,214.0,0.45735,23.5,-0.95326,False
TSLA,call,mid,Mon-0DTE,12:00,OTM1,2026-02-23,2026-06-15,13,50.0,78,50.0,11.0,6.0,18.5,214.0,0.45735,23.5,-0.95326,False
TSLA,call,mid,Mon-0DTE,12:00,OTM1,2026-02-23,2026-06-15,13,60.0,78,48.718,14.0,8.25,26.5,216.5,0.45735,23.5,-0.95326,False
TSLA,call,mid,Mon-0DTE,12:00,OTM1,2026-02-23,2026-06-15,13,70.0,78,44.872,16.0,10.5,45.0,219.0,0.45735,23.5,-0.95326,False
TSLA,call,mid,Mon-0DTE,12:00,OTM1,2026-02-23,2026-06-15,13,75.0,78,42.308,23.0,11.0,47.0,219.0,0.45735,23.5,-0.95326,False
TSLA,call,mid,Mon-0DTE,12:00,OTM1,2026-02-23,2026-06-15,13,80.0,78,41.026,23.0,11.75,47.5,221.0,0.45735,23.5,-0.95326,False
TSLA,call,mid,Mon-0DTE,12:00,OTM1,2026-02-23,2026-06-15,13,90.0,78,39.744,24.0,12.0,50.0,223.0,0.45735,23.5,-0.95326,False
TSLA,call,mid,Mon-0DTE,12:00,OTM1,2026-02-23,2026-06-15,13,100.0,78,39.744,38.0,22.5,70.5,223.0,0.45735,23.5,-0.95326,False
TSLA,call,market,Mon-0DTE,12:00,OTM1,2026-02-23,2026-06-15,13,20.0,78,51.282,8.5,3.0,14.5,214.0,0.27508,23.5,-1.0,False
TSLA,call,market,Mon-0DTE,12:00,OTM1,2026-02-23,2026-06-15,13,25.0,78,50.0,9.0,5.5,15.0,214.0,0.27508,23.5,-1.0,False
TSLA,call,market,Mon-0DTE,12:00,OTM1,2026-02-23,2026-06-15,13,30.0,78,50.0,10.0,6.0,16.5,214.0,0.27508,23.5,-1.0,False
TSLA,call,market,Mon-0DTE,12:00,OTM1,2026-02-23,2026-06-15,13,40.0,78,48.718,12.0,7.0,28.0,216.5,0.27508,23.5,-1.0,False
TSLA,call,market,Mon-0DTE,12:00,OTM1,2026-02-23,2026-06-15,13,50.0,78,48.718,15.5,10.25,45.0,216.5,0.27508,23.5,-1.0,False
TSLA,call,market,Mon-0DTE,12:00,OTM1,2026-02-23,2026-06-15,13,60.0,78,42.308,18.0,11.0,47.0,219.0,0.27508,23.5,-1.0,False
TSLA,call,market,Mon-0DTE,12:00,OTM1,2026-02-23,2026-06-15,13,70.0,78,39.744,29.0,14.5,55.0,223.0,0.27508,23.5,-1.0,False
TSLA,call,market,Mon-0DTE,12:00,OTM1,2026-02-23,2026-06-15,13,75.0,78,39.744,29.0,15.5,57.5,223.0,0.27508,23.5,-1.0,False
TSLA,call,market,Mon-0DTE,12:00,OTM1,2026-02-23,2026-06-15,13,80.0,78,37.179,37.0,22.0,63.0,223.0,0.27508,23.5,-1.0,False
TSLA,call,market,Mon-0DTE,12:00,OTM1,2026-02-23,2026-06-15,13,90.0,78,37.179,41.0,25.0,65.0,223.0,0.27508,23.5,-1.0,False
TSLA,call,market,Mon-0DTE,12:00,OTM1,2026-02-23,2026-06-15,13,100.0,78,35.897,50.0,29.0,71.0,223.5,0.27508,23.5,-1.0,False
TSLA,call,mid,Mon-0DTE,12:30,OTM2+,2026-02-23,2026-06-15,13,20.0,316,42.405,10.5,4.0,26.0,63.5,0.16667,5.0,-0.66667,False
TSLA,call,mid,Mon-0DTE,12:30,OTM2+,2026-02-23,2026-06-15,13,25.0,316,41.456,12.0,5.0,31.0,63.0,0.16667,5.0,-0.66667,False
TSLA,call,mid,Mon-0DTE,12:30,OTM2+,2026-02-23,2026-06-15,13,30.0,316,35.759,15.0,6.0,31.0,73.0,0.16667,5.0,-0.66667,False
TSLA,call,mid,Mon-0DTE,12:30,OTM2+,2026-02-23,2026-06-15,13,40.0,316,28.481,16.0,7.25,31.0,156.5,0.16667,5.0,-0.66667,False
TSLA,call,mid,Mon-0DTE,12:30,OTM2+,2026-02-23,2026-06-15,13,50.0,316,24.684,20.0,11.5,39.75,168.5,0.16667,5.0,-0.66667,False
TSLA,call,mid,Mon-0DTE,12:30,OTM2+,2026-02-23,2026-06-15,13,60.0,316,23.101,26.0,17.0,44.0,172.0,0.16667,5.0,-0.66667,False
TSLA,call,mid,Mon-0DTE,12:30,OTM2+,2026-02-23,2026-06-15,13,70.0,316,22.785,26.0,19.75,67.5,174.5,0.16667,5.0,-0.66667,False
TSLA,call,mid,Mon-0DTE,12:30,OTM2+,2026-02-23,2026-06-15,13,75.0,316,22.468,27.0,21.0,94.0,174.0,0.16667,5.0,-0.66667,False
TSLA,call,mid,Mon-0DTE,12:30,OTM2+,2026-02-23,2026-06-15,13,80.0,316,22.468,29.0,21.5,101.0,172.0,0.16667,5.0,-0.66667,False
TSLA,call,mid,Mon-0DTE,12:30,OTM2+,2026-02-23,2026-06-15,13,90.0,316,21.203,30.0,23.0,144.0,174.0,0.16667,5.0,-0.66667,False
TSLA,call,mid,Mon-0DTE,12:30,OTM2+,2026-02-23,2026-06-15,13,100.0,316,20.886,32.0,24.25,144.0,175.0,0.16667,5.0,-0.66667,False
TSLA,call,market,Mon-0DTE,12:30,OTM2+,2026-02-23,2026-06-15,13,20.0,316,22.468,28.0,17.0,95.5,177.0,-0.5,1.0,-1.0,False
TSLA,call,market,Mon-0DTE,12:30,OTM2+,2026-02-23,2026-06-15,13,25.0,316,21.519,30.0,19.0,144.0,177.5,-0.5,1.0,-1.0,False
TSLA,call,market,Mon-0DTE,12:30,OTM2+,2026-02-23,2026-06-15,13,30.0,316,21.203,31.0,20.5,144.0,177.0,-0.5,1.0,-1.0,False
TSLA,call,market,Mon-0DTE,12:30,OTM2+,2026-02-23,2026-06-15,13,40.0,316,20.57,33.0,23.0,144.0,179.0,-0.5,1.0,-1.0,False
TSLA,call,market,Mon-0DTE,12:30,OTM2+,2026-02-23,2026-06-15,13,50.0,316,19.937,36.0,23.5,145.0,179.0,-0.5,1.0,-1.0,False
TSLA,call,market,Mon-0DTE,12:30,OTM2+,2026-02-23,2026-06-15,13,60.0,316,18.987,35.5,24.75,146.75,179.5,-0.5,1.0,-1.0,False
TSLA,call,market,Mon-0DTE,12:30,OTM2+,2026-02-23,2026-06-15,13,70.0,316,17.722,37.0,26.75,149.0,182.5,-0.5,1.0,-1.0,False
TSLA,call,market,Mon-0DTE,12:30,OTM2+,2026-02-23,2026-06-15,13,75.0,316,17.722,38.5,27.75,149.0,182.5,-0.5,1.0,-1.0,False
TSLA,call,market,Mon-0DTE,12:30,OTM2+,2026-02-23,2026-06-15,13,80.0,316,17.722,39.0,27.75,149.0,182.5,-0.5,1.0,-1.0,False
TSLA,call,market,Mon-0DTE,12:30,OTM2+,2026-02-23,2026-06-15,13,90.0,316,17.722,39.0,29.0,149.0,181.5,-0.5,1.0,-1.0,False
TSLA,call,market,Mon-0DTE,12:30,OTM2+,2026-02-23,2026-06-15,13,100.0,316,17.405,39.0,29.5,149.0,179.0,-0.5,1.0,-1.0,False
TSLA,call,mid,Mon-0DTE,13:00,OTM2+,2026-02-23,2026-06-15,12,20.0,282,41.135,6.0,3.0,22.25,39.0,0.16667,4.0,-0.57143,False
TSLA,call,mid,Mon-0DTE,13:00,OTM2+,2026-02-23,2026-06-15,12,25.0,282,39.716,7.0,3.0,28.25,39.0,0.16667,4.0,-0.57143,False
TSLA,call,mid,Mon-0DTE,13:00,OTM2+,2026-02-23,2026-06-15,12,30.0,282,32.27,9.0,4.0,30.0,39.0,0.16667,4.0,-0.57143,False
TSLA,call,mid,Mon-0DTE,13:00,OTM2+,2026-02-23,2026-06-15,12,40.0,282,26.241,15.0,5.0,54.75,45.0,0.16667,4.0,-0.57143,False
TSLA,call,mid,Mon-0DTE,13:00,OTM2+,2026-02-23,2026-06-15,12,50.0,282,20.567,14.0,6.25,83.0,53.5,0.16667,4.0,-0.57143,False
TSLA,call,mid,Mon-0DTE,13:00,OTM2+,2026-02-23,2026-06-15,12,60.0,282,16.667,14.0,8.0,107.0,81.0,0.16667,4.0,-0.57143,False
TSLA,call,mid,Mon-0DTE,13:00,OTM2+,2026-02-23,2026-06-15,12,70.0,282,15.603,18.0,9.0,114.0,100.5,0.16667,4.0,-0.57143,False
TSLA,call,mid,Mon-0DTE,13:00,OTM2+,2026-02-23,2026-06-15,12,75.0,282,13.83,16.0,9.0,116.5,154.0,0.16667,4.0,-0.57143,False
TSLA,call,mid,Mon-0DTE,13:00,OTM2+,2026-02-23,2026-06-15,12,80.0,282,13.475,29.0,9.0,117.75,154.0,0.16667,4.0,-0.57143,False
TSLA,call,mid,Mon-0DTE,13:00,OTM2+,2026-02-23,2026-06-15,12,90.0,282,12.411,35.0,11.5,119.0,154.0,0.16667,4.0,-0.57143,False
TSLA,call,mid,Mon-0DTE,13:00,OTM2+,2026-02-23,2026-06-15,12,100.0,282,12.057,55.5,12.25,119.0,154.0,0.16667,4.0,-0.57143,False
TSLA,call,market,Mon-0DTE,13:00,OTM2+,2026-02-23,2026-06-15,12,20.0,282,13.475,19.0,9.25,118.0,152.5,-0.66667,1.0,-1.0,False
TSLA,call,market,Mon-0DTE,13:00,OTM2+,2026-02-23,2026-06-15,12,25.0,282,12.766,19.0,10.0,119.25,154.0,-0.66667,1.0,-1.0,False
TSLA,call,market,Mon-0DTE,13:00,OTM2+,2026-02-23,2026-06-15,12,30.0,282,12.766,19.0,11.75,119.25,154.0,-0.66667,1.0,-1.0,False
TSLA,call,market,Mon-0DTE,13:00,OTM2+,2026-02-23,2026-06-15,12,40.0,282,12.057,58.0,12.0,127.75,154.0,-0.66667,1.0,-1.0,False
TSLA,call,market,Mon-0DTE,13:00,OTM2+,2026-02-23,2026-06-15,12,50.0,282,11.348,83.5,12.75,129.0,154.0,-0.66667,1.0,-1.0,False
TSLA,call,market,Mon-0DTE,13:00,OTM2+,2026-02-23,2026-06-15,12,60.0,282,11.348,85.5,15.5,129.0,154.0,-0.66667,1.0,-1.0,False
TSLA,call,market,Mon-0DTE,13:00,OTM2+,2026-02-23,2026-06-15,12,70.0,282,10.993,88.0,15.5,129.0,154.0,-0.66667,1.0,-1.0,False
TSLA,call,market,Mon-0DTE,13:00,OTM2+,2026-02-23,2026-06-15,12,75.0,282,10.638,115.0,17.25,129.0,156.5,-0.66667,1.0,-1.0,False
TSLA,call,market,Mon-0DTE,13:00,OTM2+,2026-02-23,2026-06-15,12,80.0,282,10.638,115.0,17.25,129.0,156.5,-0.66667,1.0,-1.0,False
TSLA,call,market,Mon-0DTE,13:00,OTM2+,2026-02-23,2026-06-15,12,90.0,282,10.638,115.0,18.25,129.0,156.5,-0.66667,1.0,-1.0,False
TSLA,call,market,Mon-0DTE,13:00,OTM2+,2026-02-23,2026-06-15,12,100.0,282,10.638,115.0,18.5,129.0,156.5,-0.66667,1.0,-1.0,False
TSLA,call,mid,Mon-0DTE,13:30,OTM2+,2026-02-23,2026-06-15,12,20.0,256,35.547,10.0,4.0,43.5,39.0,0.14286,3.0,-0.45833,False
TSLA,call,mid,Mon-0DTE,13:30,OTM2+,2026-02-23,2026-06-15,12,25.0,256,34.766,12.0,5.0,49.0,39.0,0.14286,3.0,-0.45833,False
TSLA,call,mid,Mon-0DTE,13:30,OTM2+,2026-02-23,2026-06-15,12,30.0,256,25.391,16.0,6.0,74.0,66.0,0.14286,3.0,-0.45833,False
TSLA,call,mid,Mon-0DTE,13:30,OTM2+,2026-02-23,2026-06-15,12,40.0,256,18.75,36.5,14.0,81.75,78.0,0.14286,3.0,-0.45833,False
TSLA,call,mid,Mon-0DTE,13:30,OTM2+,2026-02-23,2026-06-15,12,50.0,256,12.5,57.0,21.75,82.25,84.0,0.14286,3.0,-0.45833,False
TSLA,call,mid,Mon-0DTE,13:30,OTM2+,2026-02-23,2026-06-15,12,60.0,256,12.109,66.0,24.0,89.0,86.0,0.14286,3.0,-0.45833,False
TSLA,call,mid,Mon-0DTE,13:30,OTM2+,2026-02-23,2026-06-15,12,70.0,256,10.547,60.0,21.5,91.5,129.0,0.14286,3.0,-0.45833,False
TSLA,call,mid,Mon-0DTE,13:30,OTM2+,2026-02-23,2026-06-15,12,75.0,256,9.375,60.0,25.0,94.0,129.0,0.14286,3.0,-0.45833,False
TSLA,call,mid,Mon-0DTE,13:30,OTM2+,2026-02-23,2026-06-15,12,80.0,256,8.984,55.0,24.0,94.0,129.0,0.14286,3.0,-0.45833,False
TSLA,call,mid,Mon-0DTE,13:30,OTM2+,2026-02-23,2026-06-15,12,90.0,256,7.422,71.0,48.5,96.5,134.0,0.14286,3.0,-0.45833,False
TSLA,call,mid,Mon-0DTE,13:30,OTM2+,2026-02-23,2026-06-15,12,100.0,256,7.422,71.0,48.5,96.5,134.0,0.14286,3.0,-0.45833,False
TSLA,call,market,Mon-0DTE,13:30,OTM2+,2026-02-23,2026-06-15,12,20.0,256,8.594,78.5,57.25,94.75,129.0,-0.81818,0.0,-1.0,False
TSLA,call,market,Mon-0DTE,13:30,OTM2+,2026-02-23,2026-06-15,12,25.0,256,8.594,78.5,57.25,94.75,129.0,-0.81818,0.0,-1.0,False
TSLA,call,market,Mon-0DTE,13:30,OTM2+,2026-02-23,2026-06-15,12,30.0,256,8.594,78.5,57.25,94.75,129.0,-0.81818,0.0,-1.0,False
TSLA,call,market,Mon-0DTE,13:30,OTM2+,2026-02-23,2026-06-15,12,40.0,256,8.203,76.0,56.0,95.0,129.0,-0.81818,0.0,-1.0,False
TSLA,call,market,Mon-0DTE,13:30,OTM2+,2026-02-23,2026-06-15,12,50.0,256,6.641,89.0,60.0,99.0,134.0,-0.81818,0.0,-1.0,False
TSLA,call,market,Mon-0DTE,13:30,OTM2+,2026-02-23,2026-06-15,12,60.0,256,6.641,89.0,60.0,99.0,134.0,-0.81818,0.0,-1.0,False
TSLA,call,market,Mon-0DTE,13:30,OTM2+,2026-02-23,2026-06-15,12,70.0,256,6.641,90.0,61.0,100.0,134.0,-0.81818,0.0,-1.0,False
TSLA,call,market,Mon-0DTE,13:30,OTM2+,2026-02-23,2026-06-15,12,75.0,256,6.641,94.0,61.0,104.0,134.0,-0.81818,0.0,-1.0,False
TSLA,call,market,Mon-0DTE,13:30,OTM2+,2026-02-23,2026-06-15,12,80.0,256,6.641,94.0,61.0,104.0,134.0,-0.81818,0.0,-1.0,False
TSLA,call,market,Mon-0DTE,13:30,OTM2+,2026-02-23,2026-06-15,12,90.0,256,6.641,94.0,63.0,104.0,134.0,-0.81818,0.0,-1.0,False
TSLA,call,market,Mon-0DTE,13:30,OTM2+,2026-02-23,2026-06-15,12,100.0,256,6.25,97.5,87.75,104.5,134.0,-0.81818,0.0,-1.0,False
TSLA,call,mid,Mon-0DTE,14:00,OTM2+,2026-02-23,2026-06-15,11,20.0,245,34.286,16.0,4.0,42.5,56.0,0.14286,2.0,-0.33333,False
TSLA,call,mid,Mon-0DTE,14:00,OTM2+,2026-02-23,2026-06-15,11,25.0,245,33.469,16.0,4.0,43.5,57.0,0.14286,2.0,-0.33333,False
TSLA,call,mid,Mon-0DTE,14:00,OTM2+,2026-02-23,2026-06-15,11,30.0,245,28.163,20.0,5.0,46.0,60.0,0.14286,2.0,-0.33333,False
TSLA,call,mid,Mon-0DTE,14:00,OTM2+,2026-02-23,2026-06-15,11,40.0,245,24.082,24.0,8.5,46.0,56.0,0.14286,2.0,-0.33333,False
TSLA,call,mid,Mon-0DTE,14:00,OTM2+,2026-02-23,2026-06-15,11,50.0,245,20.0,36.0,12.0,51.0,58.0,0.14286,2.0,-0.33333,False
TSLA,call,mid,Mon-0DTE,14:00,OTM2+,2026-02-23,2026-06-15,11,60.0,245,17.959,41.0,22.75,54.5,57.0,0.14286,2.0,-0.33333,False
TSLA,call,mid,Mon-0DTE,14:00,OTM2+,2026-02-23,2026-06-15,11,70.0,245,16.735,41.0,29.0,56.0,57.0,0.14286,2.0,-0.33333,False
TSLA,call,mid,Mon-0DTE,14:00,OTM2+,2026-02-23,2026-06-15,11,75.0,245,16.327,41.0,32.0,56.0,62.0,0.14286,2.0,-0.33333,False
TSLA,call,mid,Mon-0DTE,14:00,OTM2+,2026-02-23,2026-06-15,11,80.0,245,15.918,44.0,35.0,57.5,67.0,0.14286,2.0,-0.33333,False
TSLA,call,mid,Mon-0DTE,14:00,OTM2+,2026-02-23,2026-06-15,11,90.0,245,15.918,44.0,36.0,57.5,57.0,0.14286,2.0,-0.33333,False
TSLA,call,mid,Mon-0DTE,14:00,OTM2+,2026-02-23,2026-06-15,11,100.0,245,15.918,44.0,36.0,57.5,57.0,0.14286,2.0,-0.33333,False
TSLA,call,market,Mon-0DTE,14:00,OTM2+,2026-02-23,2026-06-15,11,20.0,245,11.429,52.5,41.0,64.25,96.0,-1.0,0.0,-1.0,False
TSLA,call,market,Mon-0DTE,14:00,OTM2+,2026-02-23,2026-06-15,11,25.0,245,11.429,52.5,41.0,64.25,96.0,-1.0,0.0,-1.0,False
TSLA,call,market,Mon-0DTE,14:00,OTM2+,2026-02-23,2026-06-15,11,30.0,245,10.612,52.5,41.0,64.75,98.5,-1.0,0.0,-1.0,False
TSLA,call,market,Mon-0DTE,14:00,OTM2+,2026-02-23,2026-06-15,11,40.0,245,10.612,52.5,41.0,64.75,96.0,-1.0,0.0,-1.0,False
TSLA,call,market,Mon-0DTE,14:00,OTM2+,2026-02-23,2026-06-15,11,50.0,245,10.612,53.0,41.0,64.75,96.0,-1.0,0.0,-1.0,False
TSLA,call,market,Mon-0DTE,14:00,OTM2+,2026-02-23,2026-06-15,11,60.0,245,10.612,53.0,41.0,64.75,95.0,-1.0,0.0,-1.0,False
TSLA,call,market,Mon-0DTE,14:00,OTM2+,2026-02-23,2026-06-15,11,70.0,245,10.204,54.0,41.0,65.0,95.0,-1.0,0.0,-1.0,False
TSLA,call,market,Mon-0DTE,14:00,OTM2+,2026-02-23,2026-06-15,11,75.0,245,10.204,55.0,43.0,65.0,95.0,-1.0,0.0,-1.0,False
TSLA,call,market,Mon-0DTE,14:00,OTM2+,2026-02-23,2026-06-15,11,80.0,245,9.796,54.5,42.5,66.75,97.0,-1.0,0.0,-1.0,False
TSLA,call,market,Mon-0DTE,14:00,OTM2+,2026-02-23,2026-06-15,11,90.0,245,9.796,57.0,42.5,69.5,97.0,-1.0,0.0,-1.0,False
TSLA,call,market,Mon-0DTE,14:00,OTM2+,2026-02-23,2026-06-15,11,100.0,245,9.796,60.0,44.75,71.75,97.0,-1.0,0.0,-1.0,False
TSLA,call,mid,Mon-0DTE,14:30,OTM2+,2026-02-23,2026-06-15,12,20.0,238,31.933,16.0,6.0,26.0,46.5,0.14286,1.0,-0.14286,False
TSLA,call,mid,Mon-0DTE,14:30,OTM2+,2026-02-23,2026-06-15,12,25.0,238,31.513,16.0,6.5,26.0,48.0,0.14286,1.0,-0.14286,False
TSLA,call,mid,Mon-0DTE,14:30,OTM2+,2026-02-23,2026-06-15,12,30.0,238,28.992,16.0,7.0,26.0,59.0,0.14286,1.0,-0.14286,False
TSLA,call,mid,Mon-0DTE,14:30,OTM2+,2026-02-23,2026-06-15,12,40.0,238,24.79,17.0,7.5,26.5,41.0,0.14286,1.0,-0.14286,False
TSLA,call,mid,Mon-0DTE,14:30,OTM2+,2026-02-23,2026-06-15,12,50.0,238,21.429,19.0,9.5,27.5,45.0,0.14286,1.0,-0.14286,False
TSLA,call,mid,Mon-0DTE,14:30,OTM2+,2026-02-23,2026-06-15,12,60.0,238,19.748,17.0,11.0,26.0,43.0,0.14286,1.0,-0.14286,False
TSLA,call,mid,Mon-0DTE,14:30,OTM2+,2026-02-23,2026-06-15,12,70.0,238,19.328,20.0,11.0,29.0,43.0,0.14286,1.0,-0.14286,False
TSLA,call,mid,Mon-0DTE,14:30,OTM2+,2026-02-23,2026-06-15,12,75.0,238,18.908,21.0,11.0,29.0,43.0,0.14286,1.0,-0.14286,False
TSLA,call,mid,Mon-0DTE,14:30,OTM2+,2026-02-23,2026-06-15,12,80.0,238,17.227,21.0,12.0,31.0,63.0,0.14286,1.0,-0.14286,False
TSLA,call,mid,Mon-0DTE,14:30,OTM2+,2026-02-23,2026-06-15,12,90.0,238,15.966,21.0,12.25,29.0,60.5,0.14286,1.0,-0.14286,False
TSLA,call,mid,Mon-0DTE,14:30,OTM2+,2026-02-23,2026-06-15,12,100.0,238,15.966,21.0,12.25,29.0,60.5,0.14286,1.0,-0.14286,False
TSLA,call,market,Mon-0DTE,14:30,OTM2+,2026-02-23,2026-06-15,12,20.0,238,11.345,24.0,12.5,31.0,63.0,-1.0,0.0,-1.0,False
TSLA,call,market,Mon-0DTE,14:30,OTM2+,2026-02-23,2026-06-15,12,25.0,238,11.345,24.0,12.5,31.0,63.0,-1.0,0.0,-1.0,False
TSLA,call,market,Mon-0DTE,14:30,OTM2+,2026-02-23,2026-06-15,12,30.0,238,11.345,24.0,12.5,31.0,63.0,-1.0,0.0,-1.0,False
TSLA,call,market,Mon-0DTE,14:30,OTM2+,2026-02-23,2026-06-15,12,40.0,238,11.345,24.0,14.5,31.0,63.0,-1.0,0.0,-1.0,False
TSLA,call,market,Mon-0DTE,14:30,OTM2+,2026-02-23,2026-06-15,12,50.0,238,11.345,24.0,14.5,31.0,58.0,-1.0,0.0,-1.0,False
TSLA,call,market,Mon-0DTE,14:30,OTM2+,2026-02-23,2026-06-15,12,60.0,238,11.345,24.0,16.0,31.0,58.0,-1.0,0.0,-1.0,False
TSLA,call,market,Mon-0DTE,14:30,OTM2+,2026-02-23,2026-06-15,12,70.0,238,11.345,25.0,16.0,31.0,58.0,-1.0,0.0,-1.0,False
TSLA,call,market,Mon-0DTE,14:30,OTM2+,2026-02-23,2026-06-15,12,75.0,238,11.345,25.0,16.0,31.0,58.0,-1.0,0.0,-1.0,False
TSLA,call,market,Mon-0DTE,14:30,OTM2+,2026-02-23,2026-06-15,12,80.0,238,11.345,25.0,16.0,31.0,56.0,-1.0,0.0,-1.0,False
TSLA,call,market,Mon-0DTE,14:30,OTM2+,2026-02-23,2026-06-15,12,90.0,238,11.345,25.0,16.0,31.0,55.0,-1.0,0.0,-1.0,False
TSLA,call,market,Mon-0DTE,14:30,OTM2+,2026-02-23,2026-06-15,12,100.0,238,11.345,26.0,16.0,32.5,55.0,-1.0,0.0,-1.0,False
TSLA,call,mid,Mon-0DTE,15:00,OTM2+,2026-02-23,2026-06-15,12,20.0,215,30.233,8.0,2.0,26.0,29.0,0.14286,1.0,0.0,False
TSLA,call,mid,Mon-0DTE,15:00,OTM2+,2026-02-23,2026-06-15,12,25.0,215,29.767,8.5,2.0,26.0,29.0,0.14286,1.0,0.0,False
TSLA,call,mid,Mon-0DTE,15:00,OTM2+,2026-02-23,2026-06-15,12,30.0,215,26.512,10.0,4.0,26.0,29.0,0.14286,1.0,0.0,False
TSLA,call,mid,Mon-0DTE,15:00,OTM2+,2026-02-23,2026-06-15,12,40.0,215,14.884,7.0,2.75,19.0,29.5,0.14286,1.0,0.0,False
TSLA,call,mid,Mon-0DTE,15:00,OTM2+,2026-02-23,2026-06-15,12,50.0,215,11.628,9.0,4.0,26.0,42.0,0.14286,1.0,0.0,False
TSLA,call,mid,Mon-0DTE,15:00,OTM2+,2026-02-23,2026-06-15,12,60.0,215,10.233,9.0,4.0,24.75,41.5,0.14286,1.0,0.0,False
TSLA,call,mid,Mon-0DTE,15:00,OTM2+,2026-02-23,2026-06-15,12,70.0,215,10.233,9.0,4.0,24.75,41.5,0.14286,1.0,0.0,False
TSLA,call,mid,Mon-0DTE,15:00,OTM2+,2026-02-23,2026-06-15,12,75.0,215,10.233,9.0,4.0,24.75,41.5,0.14286,1.0,0.0,False
TSLA,call,mid,Mon-0DTE,15:00,OTM2+,2026-02-23,2026-06-15,12,80.0,215,10.233,9.0,4.0,24.75,41.5,0.14286,1.0,0.0,False
TSLA,call,mid,Mon-0DTE,15:00,OTM2+,2026-02-23,2026-06-15,12,90.0,215,9.767,9.0,4.0,22.0,39.0,0.14286,1.0,0.0,False
TSLA,call,mid,Mon-0DTE,15:00,OTM2+,2026-02-23,2026-06-15,12,100.0,215,9.767,9.0,4.0,22.0,39.0,0.14286,1.0,0.0,False
TSLA,call,market,Mon-0DTE,15:00,OTM2+,2026-02-23,2026-06-15,12,20.0,215,5.116,9.0,2.5,12.0,44.0,-1.0,0.0,-1.0,False
TSLA,call,market,Mon-0DTE,15:00,OTM2+,2026-02-23,2026-06-15,12,25.0,215,5.116,9.0,2.5,12.0,44.0,-1.0,0.0,-1.0,False
TSLA,call,market,Mon-0DTE,15:00,OTM2+,2026-02-23,2026-06-15,12,30.0,215,5.116,9.0,2.5,16.5,44.0,-1.0,0.0,-1.0,False
TSLA,call,market,Mon-0DTE,15:00,OTM2+,2026-02-23,2026-06-15,12,40.0,215,4.651,6.5,1.75,12.75,46.0,-1.0,0.0,-1.0,False
TSLA,call,market,Mon-0DTE,15:00,OTM2+,2026-02-23,2026-06-15,12,50.0,215,4.651,7.0,1.75,13.5,46.0,-1.0,0.0,-1.0,False
TSLA,call,market,Mon-0DTE,15:00,OTM2+,2026-02-23,2026-06-15,12,60.0,215,4.651,7.0,1.75,13.5,46.0,-1.0,0.0,-1.0,False
TSLA,call,market,Mon-0DTE,15:00,OTM2+,2026-02-23,2026-06-15,12,70.0,215,4.651,7.0,3.25,13.75,46.0,-1.0,0.0,-1.0,False
TSLA,call,market,Mon-0DTE,15:00,OTM2+,2026-02-23,2026-06-15,12,75.0,215,4.651,7.0,3.25,13.75,46.0,-1.0,0.0,-1.0,False
TSLA,call,market,Mon-0DTE,15:00,OTM2+,2026-02-23,2026-06-15,12,80.0,215,4.651,7.0,3.25,13.75,46.0,-1.0,0.0,-1.0,False
TSLA,call,market,Mon-0DTE,15:00,OTM2+,2026-02-23,2026-06-15,12,90.0,215,4.651,7.5,4.25,13.75,46.0,-1.0,0.0,-1.0,False
TSLA,call,market,Mon-0DTE,15:00,OTM2+,2026-02-23,2026-06-15,12,100.0,215,4.651,7.5,4.25,13.75,46.0,-1.0,0.0,-1.0,False
TSLA,call,mid,Mon-0DTE,15:30,OTM2+,2026-02-23,2026-06-15,10,20.0,43,16.279,20.0,13.5,23.5,25.0,0.0,0.0,0.0,False
TSLA,call,mid,Mon-0DTE,15:30,OTM2+,2026-02-23,2026-06-15,10,25.0,43,16.279,20.0,13.5,23.5,25.0,0.0,0.0,0.0,False
TSLA,call,mid,Mon-0DTE,15:30,OTM2+,2026-02-23,2026-06-15,10,30.0,43,16.279,20.0,13.5,23.5,25.0,0.0,0.0,0.0,False
TSLA,call,mid,Mon-0DTE,15:30,OTM2+,2026-02-23,2026-06-15,10,40.0,43,4.651,15.0,8.5,21.5,19.5,0.0,0.0,0.0,False
TSLA,call,mid,Mon-0DTE,15:30,OTM2+,2026-02-23,2026-06-15,10,50.0,43,2.326,28.0,28.0,28.0,29.0,0.0,0.0,0.0,False
TSLA,call,mid,Mon-0DTE,15:30,OTM2+,2026-02-23,2026-06-15,10,60.0,43,2.326,28.0,28.0,28.0,29.0,0.0,0.0,0.0,False
TSLA,call,mid,Mon-0DTE,15:30,OTM2+,2026-02-23,2026-06-15,10,70.0,43,2.326,28.0,28.0,28.0,29.0,0.0,0.0,0.0,False
TSLA,call,mid,Mon-0DTE,15:30,OTM2+,2026-02-23,2026-06-15,10,75.0,43,2.326,28.0,28.0,28.0,29.0,0.0,0.0,0.0,False
TSLA,call,mid,Mon-0DTE,15:30,OTM2+,2026-02-23,2026-06-15,10,80.0,43,2.326,28.0,28.0,28.0,29.0,0.0,0.0,0.0,False
TSLA,call,mid,Mon-0DTE,15:30,OTM2+,2026-02-23,2026-06-15,10,90.0,43,2.326,28.0,28.0,28.0,29.0,0.0,0.0,0.0,False
TSLA,call,mid,Mon-0DTE,15:30,OTM2+,2026-02-23,2026-06-15,10,100.0,43,2.326,28.0,28.0,28.0,29.0,0.0,0.0,0.0,False
TSLA,call,market,Mon-0DTE,15:30,OTM2+,2026-02-23,2026-06-15,10,20.0,43,0.0,,,,,-1.0,0.0,-1.0,False
TSLA,call,market,Mon-0DTE,15:30,OTM2+,2026-02-23,2026-06-15,10,25.0,43,0.0,,,,,-1.0,0.0,-1.0,False
TSLA,call,market,Mon-0DTE,15:30,OTM2+,2026-02-23,2026-06-15,10,30.0,43,0.0,,,,,-1.0,0.0,-1.0,False
TSLA,call,market,Mon-0DTE,15:30,OTM2+,2026-02-23,2026-06-15,10,40.0,43,0.0,,,,,-1.0,0.0,-1.0,False
TSLA,call,market,Mon-0DTE,15:30,OTM2+,2026-02-23,2026-06-15,10,50.0,43,0.0,,,,,-1.0,0.0,-1.0,False
TSLA,call,market,Mon-0DTE,15:30,OTM2+,2026-02-23,2026-06-15,10,60.0,43,0.0,,,,,-1.0,0.0,-1.0,False
TSLA,call,market,Mon-0DTE,15:30,OTM2+,2026-02-23,2026-06-15,10,70.0,43,0.0,,,,,-1.0,0.0,-1.0,False
TSLA,call,market,Mon-0DTE,15:30,OTM2+,2026-02-23,2026-06-15,10,75.0,43,0.0,,,,,-1.0,0.0,-1.0,False
TSLA,call,market,Mon-0DTE,15:30,OTM2+,2026-02-23,2026-06-15,10,80.0,43,0.0,,,,,-1.0,0.0,-1.0,False
TSLA,call,market,Mon-0DTE,15:30,OTM2+,2026-02-23,2026-06-15,10,90.0,43,0.0,,,,,-1.0,0.0,-1.0,False
TSLA,call,market,Mon-0DTE,15:30,OTM2+,2026-02-23,2026-06-15,10,100.0,43,0.0,,,,,-1.0,0.0,-1.0,False
TSLA,call,mid,Mon-0DTE,09:30,ATM,2026-02-23,2026-07-06,19,20.0,91,72.527,7.5,3.0,16.0,366.5,1.16588,30.0,-0.92834,False
TSLA,call,mid,Mon-0DTE,09:30,ATM,2026-02-23,2026-07-06,19,25.0,91,68.132,10.0,3.25,25.5,369.0,1.16588,30.0,-0.92834,False
TSLA,call,mid,Mon-0DTE,09:30,ATM,2026-02-23,2026-07-06,19,30.0,91,67.033,12.0,4.0,26.0,369.0,1.16588,30.0,-0.92834,False
TSLA,call,mid,Mon-0DTE,09:30,ATM,2026-02-23,2026-07-06,19,40.0,91,63.736,16.5,7.0,64.0,369.0,1.16588,30.0,-0.92834,False
TSLA,call,mid,Mon-0DTE,09:30,ATM,2026-02-23,2026-07-06,19,50.0,91,61.538,21.0,6.75,73.25,369.0,1.16588,30.0,-0.92834,False
TSLA,call,mid,Mon-0DTE,09:30,ATM,2026-02-23,2026-07-06,19,60.0,91,58.242,40.0,15.0,83.0,369.0,1.16588,30.0,-0.92834,False
TSLA,call,mid,Mon-0DTE,09:30,ATM,2026-02-23,2026-07-06,19,70.0,91,57.143,47.5,15.0,84.5,369.0,1.16588,30.0,-0.92834,False
TSLA,call,mid,Mon-0DTE,09:30,ATM,2026-02-23,2026-07-06,19,75.0,91,54.945,52.0,15.0,112.5,369.0,1.16588,30.0,-0.92834,False
TSLA,call,mid,Mon-0DTE,09:30,ATM,2026-02-23,2026-07-06,19,80.0,91,53.846,54.0,15.0,140.0,369.0,1.16588,30.0,-0.92834,False
TSLA,call,mid,Mon-0DTE,09:30,ATM,2026-02-23,2026-07-06,19,90.0,91,52.747,59.5,15.75,143.25,369.0,1.16588,30.0,-0.92834,False
TSLA,call,mid,Mon-0DTE,09:30,ATM,2026-02-23,2026-07-06,19,100.0,91,51.648,64.0,16.5,152.0,369.0,1.16588,30.0,-0.92834,False
TSLA,call,market,Mon-0DTE,09:30,ATM,2026-02-23,2026-07-06,19,20.0,91,68.132,9.5,3.25,25.5,369.0,1.09259,30.0,-0.94677,False
TSLA,call,market,Mon-0DTE,09:30,ATM,2026-02-23,2026-07-06,19,25.0,91,68.132,10.0,4.0,26.0,369.0,1.09259,30.0,-0.94677,False
TSLA,call,market,Mon-0DTE,09:30,ATM,2026-02-23,2026-07-06,19,30.0,91,64.835,13.0,5.0,57.5,369.0,1.09259,30.0,-0.94677,False
TSLA,call,market,Mon-0DTE,09:30,ATM,2026-02-23,2026-07-06,19,40.0,91,62.637,20.0,7.0,68.0,369.0,1.09259,30.0,-0.94677,False
TSLA,call,market,Mon-0DTE,09:30,ATM,2026-02-23,2026-07-06,19,50.0,91,60.44,25.0,7.5,74.5,369.0,1.09259,30.0,-0.94677,False
TSLA,call,market,Mon-0DTE,09:30,ATM,2026-02-23,2026-07-06,19,60.0,91,58.242,40.0,15.0,83.0,369.0,1.09259,30.0,-0.94677,False
TSLA,call,market,Mon-0DTE,09:30,ATM,2026-02-23,2026-07-06,19,70.0,91,54.945,51.5,15.0,85.5,369.0,1.09259,30.0,-0.94677,False
TSLA,call,market,Mon-0DTE,09:30,ATM,2026-02-23,2026-07-06,19,75.0,91,54.945,52.0,15.0,134.75,369.0,1.09259,30.0,-0.94677,False
TSLA,call,market,Mon-0DTE,09:30,ATM,2026-02-23,2026-07-06,19,80.0,91,52.747,58.5,15.0,142.25,371.0,1.09259,30.0,-0.94677,False
TSLA,call,market,Mon-0DTE,09:30,ATM,2026-02-23,2026-07-06,19,90.0,91,51.648,63.0,16.5,152.0,369.0,1.09259,30.0,-0.94677,False
TSLA,call,market,Mon-0DTE,09:30,ATM,2026-02-23,2026-07-06,19,100.0,91,50.549,68.0,15.75,152.5,369.0,1.09259,30.0,-0.94677,False
TSLA,call,mid,Mon-0DTE,10:00,ATM,2026-02-23,2026-07-06,18,20.0,103,65.049,7.0,3.5,18.0,339.0,0.58363,40.0,-0.95,False
TSLA,call,mid,Mon-0DTE,10:00,ATM,2026-02-23,2026-07-06,18,25.0,103,60.194,12.0,6.0,34.75,339.0,0.58363,40.0,-0.95,False
TSLA,call,mid,Mon-0DTE,10:00,ATM,2026-02-23,2026-07-06,18,30.0,103,56.311,17.5,6.0,38.0,339.0,0.58363,40.0,-0.95,False
TSLA,call,mid,Mon-0DTE,10:00,ATM,2026-02-23,2026-07-06,18,40.0,103,54.369,26.5,10.75,43.0,340.5,0.58363,40.0,-0.95,False
TSLA,call,mid,Mon-0DTE,10:00,ATM,2026-02-23,2026-07-06,18,50.0,103,50.485,38.5,18.75,106.25,343.5,0.58363,40.0,-0.95,False
TSLA,call,mid,Mon-0DTE,10:00,ATM,2026-02-23,2026-07-06,18,60.0,103,47.573,45.0,18.0,108.0,344.0,0.58363,40.0,-0.95,False
TSLA,call,mid,Mon-0DTE,10:00,ATM,2026-02-23,2026-07-06,18,70.0,103,44.66,51.5,24.25,114.5,344.0,0.58363,40.0,-0.95,False
TSLA,call,mid,Mon-0DTE,10:00,ATM,2026-02-23,2026-07-06,18,75.0,103,42.718,50.5,23.75,111.0,344.0,0.58363,40.0,-0.95,False
TSLA,call,mid,Mon-0DTE,10:00,ATM,2026-02-23,2026-07-06,18,80.0,103,41.748,51.0,28.5,111.0,344.0,0.58363,40.0,-0.95,False
TSLA,call,mid,Mon-0DTE,10:00,ATM,2026-02-23,2026-07-06,18,90.0,103,41.748,54.0,35.5,113.5,344.0,0.58363,40.0,-0.95,False
TSLA,call,mid,Mon-0DTE,10:00,ATM,2026-02-23,2026-07-06,18,100.0,103,41.748,54.0,35.5,113.5,344.0,0.58363,40.0,-0.95,False
TSLA,call,market,Mon-0DTE,10:00,ATM,2026-02-23,2026-07-06,18,20.0,103,61.165,11.0,5.5,28.5,339.0,0.53846,40.0,-0.96615,False
TSLA,call,market,Mon-0DTE,10:00,ATM,2026-02-23,2026-07-06,18,25.0,103,57.282,20.0,6.5,38.0,339.0,0.53846,40.0,-0.96615,False
TSLA,call,market,Mon-0DTE,10:00,ATM,2026-02-23,2026-07-06,18,30.0,103,56.311,22.0,9.25,40.0,339.0,0.53846,40.0,-0.96615,False
TSLA,call,market,Mon-0DTE,10:00,ATM,2026-02-23,2026-07-06,18,40.0,103,52.427,32.5,15.75,47.25,342.5,0.53846,40.0,-0.96615,False
TSLA,call,market,Mon-0DTE,10:00,ATM,2026-02-23,2026-07-06,18,50.0,103,50.485,42.5,19.5,108.25,343.5,0.53846,40.0,-0.96615,False
TSLA,call,market,Mon-0DTE,10:00,ATM,2026-02-23,2026-07-06,18,60.0,103,47.573,50.0,22.0,115.0,344.0,0.53846,40.0,-0.96615,False
TSLA,call,market,Mon-0DTE,10:00,ATM,2026-02-23,2026-07-06,18,70.0,103,42.718,50.5,23.75,110.75,344.0,0.53846,40.0,-0.96615,False
TSLA,call,market,Mon-0DTE,10:00,ATM,2026-02-23,2026-07-06,18,75.0,103,41.748,51.0,28.5,111.0,344.0,0.53846,40.0,-0.96615,False
TSLA,call,market,Mon-0DTE,10:00,ATM,2026-02-23,2026-07-06,18,80.0,103,41.748,52.0,35.0,113.0,344.0,0.53846,40.0,-0.96615,False
TSLA,call,market,Mon-0DTE,10:00,ATM,2026-02-23,2026-07-06,18,90.0,103,41.748,54.0,35.5,113.5,344.0,0.53846,40.0,-0.96615,False
TSLA,call,market,Mon-0DTE,10:00,ATM,2026-02-23,2026-07-06,18,100.0,103,41.748,61.0,35.5,118.5,344.0,0.53846,40.0,-0.96615,False
TSLA,call,mid,Mon-0DTE,10:30,OTM1,2026-02-23,2026-07-06,17,20.0,96,71.875,9.0,3.0,23.0,189.0,0.59352,48.5,-0.96471,False
TSLA,call,mid,Mon-0DTE,10:30,OTM1,2026-02-23,2026-07-06,17,25.0,96,66.667,11.0,4.75,36.25,291.5,0.59352,48.5,-0.96471,False
TSLA,call,mid,Mon-0DTE,10:30,OTM1,2026-02-23,2026-07-06,17,30.0,96,64.583,12.5,6.0,40.75,301.5,0.59352,48.5,-0.96471,False
TSLA,call,mid,Mon-0DTE,10:30,OTM1,2026-02-23,2026-07-06,17,40.0,96,59.375,17.0,7.0,57.0,304.0,0.59352,48.5,-0.96471,False
TSLA,call,mid,Mon-0DTE,10:30,OTM1,2026-02-23,2026-07-06,17,50.0,96,54.167,18.5,9.75,68.0,309.0,0.59352,48.5,-0.96471,False
TSLA,call,mid,Mon-0DTE,10:30,OTM1,2026-02-23,2026-07-06,17,60.0,96,50.0,24.0,11.75,70.0,309.0,0.59352,48.5,-0.96471,False
TSLA,call,mid,Mon-0DTE,10:30,OTM1,2026-02-23,2026-07-06,17,70.0,96,47.917,26.5,12.0,79.5,309.0,0.59352,48.5,-0.96471,False
TSLA,call,mid,Mon-0DTE,10:30,OTM1,2026-02-23,2026-07-06,17,75.0,96,45.833,25.0,12.0,85.75,309.0,0.59352,48.5,-0.96471,False
TSLA,call,mid,Mon-0DTE,10:30,OTM1,2026-02-23,2026-07-06,17,80.0,96,44.792,26.0,13.0,87.5,309.0,0.59352,48.5,-0.96471,False
TSLA,call,mid,Mon-0DTE,10:30,OTM1,2026-02-23,2026-07-06,17,90.0,96,43.75,52.5,15.25,100.5,311.0,0.59352,48.5,-0.96471,False
TSLA,call,mid,Mon-0DTE,10:30,OTM1,2026-02-23,2026-07-06,17,100.0,96,42.708,70.0,15.0,101.0,309.0,0.59352,48.5,-0.96471,False
TSLA,call,market,Mon-0DTE,10:30,OTM1,2026-02-23,2026-07-06,17,20.0,96,64.583,12.5,6.0,40.75,301.5,0.51653,48.5,-1.0,False
TSLA,call,market,Mon-0DTE,10:30,OTM1,2026-02-23,2026-07-06,17,25.0,96,63.542,16.0,6.0,57.0,304.0,0.51653,48.5,-1.0,False
TSLA,call,market,Mon-0DTE,10:30,OTM1,2026-02-23,2026-07-06,17,30.0,96,61.458,17.0,7.0,56.5,304.0,0.51653,48.5,-1.0,False
TSLA,call,market,Mon-0DTE,10:30,OTM1,2026-02-23,2026-07-06,17,40.0,96,54.167,22.0,9.75,70.0,309.0,0.51653,48.5,-1.0,False
TSLA,call,market,Mon-0DTE,10:30,OTM1,2026-02-23,2026-07-06,17,50.0,96,50.0,24.0,11.75,70.0,309.0,0.51653,48.5,-1.0,False
TSLA,call,market,Mon-0DTE,10:30,OTM1,2026-02-23,2026-07-06,17,60.0,96,46.875,26.0,12.0,82.0,309.0,0.51653,48.5,-1.0,False
TSLA,call,market,Mon-0DTE,10:30,OTM1,2026-02-23,2026-07-06,17,70.0,96,44.792,28.0,13.0,92.5,309.0,0.51653,48.5,-1.0,False
TSLA,call,market,Mon-0DTE,10:30,OTM1,2026-02-23,2026-07-06,17,75.0,96,43.75,35.0,15.25,98.25,311.5,0.51653,48.5,-1.0,False
TSLA,call,market,Mon-0DTE,10:30,OTM1,2026-02-23,2026-07-06,17,80.0,96,42.708,67.0,15.0,101.0,314.0,0.51653,48.5,-1.0,False
TSLA,call,market,Mon-0DTE,10:30,OTM1,2026-02-23,2026-07-06,17,90.0,96,42.708,70.0,17.0,101.0,313.0,0.51653,48.5,-1.0,False
TSLA,call,market,Mon-0DTE,10:30,OTM1,2026-02-23,2026-07-06,17,100.0,96,39.583,66.0,15.5,109.0,313.5,0.51653,48.5,-1.0,False
TSLA,call,mid,Mon-0DTE,11:00,OTM2+,2026-02-23,2026-06-15,14,20.0,350,63.429,13.5,5.0,49.75,81.0,0.375,17.0,-0.80278,False
TSLA,call,mid,Mon-0DTE,11:00,OTM2+,2026-02-23,2026-06-15,14,25.0,350,59.143,19.0,6.0,52.0,90.0,0.375,17.0,-0.80278,False
TSLA,call,mid,Mon-0DTE,11:00,OTM2+,2026-02-23,2026-06-15,14,30.0,350,55.143,27.0,8.0,63.0,138.0,0.375,17.0,-0.80278,False
TSLA,call,mid,Mon-0DTE,11:00,OTM2+,2026-02-23,2026-06-15,14,40.0,350,48.571,39.0,14.25,69.75,148.0,0.375,17.0,-0.80278,False
TSLA,call,mid,Mon-0DTE,11:00,OTM2+,2026-02-23,2026-06-15,14,50.0,350,42.857,48.5,18.0,74.5,262.5,0.375,17.0,-0.80278,False
TSLA,call,mid,Mon-0DTE,11:00,OTM2+,2026-02-23,2026-06-15,14,60.0,350,35.714,57.0,22.0,112.0,274.0,0.375,17.0,-0.80278,False
TSLA,call,mid,Mon-0DTE,11:00,OTM2+,2026-02-23,2026-06-15,14,70.0,350,32.0,59.0,39.75,122.25,274.5,0.375,17.0,-0.80278,False
TSLA,call,mid,Mon-0DTE,11:00,OTM2+,2026-02-23,2026-06-15,14,75.0,350,30.0,60.0,41.0,129.0,279.0,0.375,17.0,-0.80278,False
TSLA,call,mid,Mon-0DTE,11:00,OTM2+,2026-02-23,2026-06-15,14,80.0,350,28.0,64.0,46.5,138.5,279.0,0.375,17.0,-0.80278,False
TSLA,call,mid,Mon-0DTE,11:00,OTM2+,2026-02-23,2026-06-15,14,90.0,350,26.286,65.0,48.75,158.5,279.0,0.375,17.0,-0.80278,False
TSLA,call,mid,Mon-0DTE,11:00,OTM2+,2026-02-23,2026-06-15,14,100.0,350,25.143,66.0,50.0,197.25,282.5,0.375,17.0,-0.80278,False
TSLA,call,market,Mon-0DTE,11:00,OTM2+,2026-02-23,2026-06-15,14,20.0,350,37.714,55.5,22.0,104.25,272.5,-0.04603,17.0,-1.0,False
TSLA,call,market,Mon-0DTE,11:00,OTM2+,2026-02-23,2026-06-15,14,25.0,350,37.429,58.0,22.5,108.0,273.0,-0.04603,17.0,-1.0,False
TSLA,call,market,Mon-0DTE,11:00,OTM2+,2026-02-23,2026-06-15,14,30.0,350,35.714,61.0,29.0,112.0,274.0,-0.04603,17.0,-1.0,False
TSLA,call,market,Mon-0DTE,11:00,OTM2+,2026-02-23,2026-06-15,14,40.0,350,33.429,63.0,32.0,121.0,274.0,-0.04603,17.0,-1.0,False
TSLA,call,market,Mon-0DTE,11:00,OTM2+,2026-02-23,2026-06-15,14,50.0,350,29.714,66.0,49.0,126.75,279.0,-0.04603,17.0,-1.0,False
TSLA,call,market,Mon-0DTE,11:00,OTM2+,2026-02-23,2026-06-15,14,60.0,350,28.0,70.5,50.25,138.5,279.0,-0.04603,17.0,-1.0,False
TSLA,call,market,Mon-0DTE,11:00,OTM2+,2026-02-23,2026-06-15,14,70.0,350,25.429,101.0,53.0,196.0,279.0,-0.04603,17.0,-1.0,False
TSLA,call,market,Mon-0DTE,11:00,OTM2+,2026-02-23,2026-06-15,14,75.0,350,25.143,105.0,53.0,197.25,281.0,-0.04603,17.0,-1.0,False
TSLA,call,market,Mon-0DTE,11:00,OTM2+,2026-02-23,2026-06-15,14,80.0,350,24.571,106.0,53.5,200.0,283.0,-0.04603,17.0,-1.0,False
TSLA,call,market,Mon-0DTE,11:00,OTM2+,2026-02-23,2026-06-15,14,90.0,350,24.0,106.5,54.75,203.25,282.5,-0.04603,17.0,-1.0,False
TSLA,call,market,Mon-0DTE,11:00,OTM2+,2026-02-23,2026-06-15,14,100.0,350,23.714,111.0,55.0,207.5,283.0,-0.04603,17.0,-1.0,False
TSLA,call,mid,Mon-0DTE,11:30,OTM2+,2026-02-23,2026-06-15,13,20.0,337,55.49,11.0,4.0,25.0,124.0,0.26667,16.0,-0.75,False
TSLA,call,mid,Mon-0DTE,11:30,OTM2+,2026-02-23,2026-06-15,13,25.0,337,51.632,14.0,5.0,30.75,129.0,0.26667,16.0,-0.75,False
TSLA,call,mid,Mon-0DTE,11:30,OTM2+,2026-02-23,2026-06-15,13,30.0,337,46.588,17.0,7.0,35.0,199.0,0.26667,16.0,-0.75,False
TSLA,call,mid,Mon-0DTE,11:30,OTM2+,2026-02-23,2026-06-15,13,40.0,337,42.73,22.0,10.0,56.75,230.0,0.26667,16.0,-0.75,False
TSLA,call,mid,Mon-0DTE,11:30,OTM2+,2026-02-23,2026-06-15,13,50.0,337,38.872,28.0,15.0,77.0,242.0,0.26667,16.0,-0.75,False
TSLA,call,mid,Mon-0DTE,11:30,OTM2+,2026-02-23,2026-06-15,13,60.0,337,37.685,34.0,19.0,82.0,242.0,0.26667,16.0,-0.75,False
TSLA,call,mid,Mon-0DTE,11:30,OTM2+,2026-02-23,2026-06-15,13,70.0,337,35.312,38.0,21.5,89.5,244.0,0.26667,16.0,-0.75,False
TSLA,call,mid,Mon-0DTE,11:30,OTM2+,2026-02-23,2026-06-15,13,75.0,337,33.828,38.0,22.25,88.0,244.0,0.26667,16.0,-0.75,False
TSLA,call,mid,Mon-0DTE,11:30,OTM2+,2026-02-23,2026-06-15,13,80.0,337,33.234,40.0,23.0,92.25,244.0,0.26667,16.0,-0.75,False
TSLA,call,mid,Mon-0DTE,11:30,OTM2+,2026-02-23,2026-06-15,13,90.0,337,31.751,43.0,24.0,104.0,244.0,0.26667,16.0,-0.75,False
TSLA,call,mid,Mon-0DTE,11:30,OTM2+,2026-02-23,2026-06-15,13,100.0,337,31.157,45.0,25.0,106.0,244.0,0.26667,16.0,-0.75,False
TSLA,call,market,Mon-0DTE,11:30,OTM2+,2026-02-23,2026-06-15,13,20.0,337,35.905,36.0,16.0,88.0,240.0,-0.125,16.0,-1.0,False
TSLA,call,market,Mon-0DTE,11:30,OTM2+,2026-02-23,2026-06-15,13,25.0,337,35.312,36.0,18.0,90.0,242.0,-0.125,16.0,-1.0,False
TSLA,call,market,Mon-0DTE,11:30,OTM2+,2026-02-23,2026-06-15,13,30.0,337,33.531,41.0,20.0,92.0,244.0,-0.125,16.0,-1.0,False
TSLA,call,market,Mon-0DTE,11:30,OTM2+,2026-02-23,2026-06-15,13,40.0,337,31.454,44.5,25.25,90.5,244.0,-0.125,16.0,-1.0,False
TSLA,call,market,Mon-0DTE,11:30,OTM2+,2026-02-23,2026-06-15,13,50.0,337,30.267,46.0,28.0,92.75,244.0,-0.125,16.0,-1.0,False
TSLA,call,market,Mon-0DTE,11:30,OTM2+,2026-02-23,2026-06-15,13,60.0,337,29.674,67.5,28.75,105.0,244.5,-0.125,16.0,-1.0,False
TSLA,call,market,Mon-0DTE,11:30,OTM2+,2026-02-23,2026-06-15,13,70.0,337,29.08,73.0,31.25,110.25,246.0,-0.125,16.0,-1.0,False
TSLA,call,market,Mon-0DTE,11:30,OTM2+,2026-02-23,2026-06-15,13,75.0,337,28.487,75.0,33.0,111.5,248.0,-0.125,16.0,-1.0,False
TSLA,call,market,Mon-0DTE,11:30,OTM2+,2026-02-23,2026-06-15,13,80.0,337,28.19,76.0,33.0,116.5,248.0,-0.125,16.0,-1.0,False
TSLA,call,market,Mon-0DTE,11:30,OTM2+,2026-02-23,2026-06-15,13,90.0,337,28.19,81.0,34.0,119.5,248.0,-0.125,16.0,-1.0,False
TSLA,call,market,Mon-0DTE,11:30,OTM2+,2026-02-23,2026-06-15,13,100.0,337,27.893,81.5,36.0,124.0,248.5,-0.125,16.0,-1.0,False
TSLA,call,mid,Mon-0DTE,12:00,OTM2+,2026-02-23,2026-06-15,13,20.0,316,44.62,6.0,2.0,11.0,106.0,0.16667,6.0,-0.7,False
TSLA,call,mid,Mon-0DTE,12:00,OTM2+,2026-02-23,2026-06-15,13,25.0,316,40.823,6.0,3.0,13.0,113.0,0.16667,6.0,-0.7,False
TSLA,call,mid,Mon-0DTE,12:00,OTM2+,2026-02-23,2026-06-15,13,30.0,316,38.608,8.0,3.0,16.75,171.5,0.16667,6.0,-0.7,False
TSLA,call,mid,Mon-0DTE,12:00,OTM2+,2026-02-23,2026-06-15,13,40.0,316,37.025,10.0,5.0,27.0,181.0,0.16667,6.0,-0.7,False
TSLA,call,mid,Mon-0DTE,12:00,OTM2+,2026-02-23,2026-06-15,13,50.0,316,35.759,14.0,6.0,43.0,186.0,0.16667,6.0,-0.7,False
TSLA,call,mid,Mon-0DTE,12:00,OTM2+,2026-02-23,2026-06-15,13,60.0,316,33.544,18.0,7.0,49.0,191.5,0.16667,6.0,-0.7,False
TSLA,call,mid,Mon-0DTE,12:00,OTM2+,2026-02-23,2026-06-15,13,70.0,316,30.38,23.0,9.0,55.25,208.5,0.16667,6.0,-0.7,False
TSLA,call,mid,Mon-0DTE,12:00,OTM2+,2026-02-23,2026-06-15,13,75.0,316,28.797,31.0,9.0,59.0,213.0,0.16667,6.0,-0.7,False
TSLA,call,mid,Mon-0DTE,12:00,OTM2+,2026-02-23,2026-06-15,13,80.0,316,28.165,39.0,13.0,64.0,213.0,0.16667,6.0,-0.7,False
TSLA,call,mid,Mon-0DTE,12:00,OTM2+,2026-02-23,2026-06-15,13,90.0,316,26.899,43.0,15.0,65.0,213.0,0.16667,6.0,-0.7,False
TSLA,call,mid,Mon-0DTE,12:00,OTM2+,2026-02-23,2026-06-15,13,100.0,316,26.266,48.0,17.0,71.5,213.0,0.16667,6.0,-0.7,False
TSLA,call,market,Mon-0DTE,12:00,OTM2+,2026-02-23,2026-06-15,13,20.0,316,29.747,45.0,11.5,69.75,207.5,-0.31034,5.0,-1.0,False
TSLA,call,market,Mon-0DTE,12:00,OTM2+,2026-02-23,2026-06-15,13,25.0,316,28.797,45.0,11.5,66.5,209.0,-0.31034,5.0,-1.0,False
TSLA,call,market,Mon-0DTE,12:00,OTM2+,2026-02-23,2026-06-15,13,30.0,316,27.848,47.0,13.75,68.75,211.5,-0.31034,5.0,-1.0,False
TSLA,call,market,Mon-0DTE,12:00,OTM2+,2026-02-23,2026-06-15,13,40.0,316,26.899,48.0,16.0,68.0,213.0,-0.31034,5.0,-1.0,False
TSLA,call,market,Mon-0DTE,12:00,OTM2+,2026-02-23,2026-06-15,13,50.0,316,24.684,50.5,23.25,71.75,214.0,-0.31034,5.0,-1.0,False
TSLA,call,market,Mon-0DTE,12:00,OTM2+,2026-02-23,2026-06-15,13,60.0,316,24.051,53.0,25.75,73.25,214.0,-0.31034,5.0,-1.0,False
TSLA,call,market,Mon-0DTE,12:00,OTM2+,2026-02-23,2026-06-15,13,70.0,316,23.101,55.0,29.0,79.0,214.0,-0.31034,5.0,-1.0,False
TSLA,call,market,Mon-0DTE,12:00,OTM2+,2026-02-23,2026-06-15,13,75.0,316,22.785,55.0,30.0,103.5,214.0,-0.31034,5.0,-1.0,False
TSLA,call,market,Mon-0DTE,12:00,OTM2+,2026-02-23,2026-06-15,13,80.0,316,22.785,55.0,30.0,104.25,214.0,-0.31034,5.0,-1.0,False
TSLA,call,market,Mon-0DTE,12:00,OTM2+,2026-02-23,2026-06-15,13,90.0,316,22.468,58.0,42.0,157.5,214.0,-0.31034,5.0,-1.0,False
TSLA,call,market,Mon-0DTE,12:00,OTM2+,2026-02-23,2026-06-15,13,100.0,316,22.468,60.0,46.5,157.5,214.0,-0.31034,5.0,-1.0,False
TSLA,call,mid,Mon-0DTE,09:30,OTM1,2026-02-23,2026-07-06,19,20.0,89,71.91,7.5,2.0,19.25,364.0,1.25806,27.0,-0.97436,False
TSLA,call,mid,Mon-0DTE,09:30,OTM1,2026-02-23,2026-07-06,19,25.0,89,69.663,9.0,3.0,22.5,364.0,1.25806,27.0,-0.97436,False
TSLA,call,mid,Mon-0DTE,09:30,OTM1,2026-02-23,2026-07-06,19,30.0,89,67.416,12.0,4.0,53.0,364.0,1.25806,27.0,-0.97436,False
TSLA,call,mid,Mon-0DTE,09:30,OTM1,2026-02-23,2026-07-06,19,40.0,89,62.921,16.5,6.5,73.25,368.5,1.25806,27.0,-0.97436,False
TSLA,call,mid,Mon-0DTE,09:30,OTM1,2026-02-23,2026-07-06,19,50.0,89,60.674,21.0,6.25,75.75,369.0,1.25806,27.0,-0.97436,False
TSLA,call,mid,Mon-0DTE,09:30,OTM1,2026-02-23,2026-07-06,19,60.0,89,58.427,31.5,8.0,84.25,369.0,1.25806,27.0,-0.97436,False
TSLA,call,mid,Mon-0DTE,09:30,OTM1,2026-02-23,2026-07-06,19,70.0,89,55.056,42.0,9.0,96.0,369.0,1.25806,27.0,-0.97436,False
TSLA,call,mid,Mon-0DTE,09:30,OTM1,2026-02-23,2026-07-06,19,75.0,89,55.056,53.0,9.0,141.0,369.0,1.25806,27.0,-0.97436,False
TSLA,call,mid,Mon-0DTE,09:30,OTM1,2026-02-23,2026-07-06,19,80.0,89,55.056,53.0,15.0,142.0,369.0,1.25806,27.0,-0.97436,False
TSLA,call,mid,Mon-0DTE,09:30,OTM1,2026-02-23,2026-07-06,19,90.0,89,51.685,61.5,12.75,152.5,369.0,1.25806,27.0,-0.97436,False
TSLA,call,mid,Mon-0DTE,09:30,OTM1,2026-02-23,2026-07-06,19,100.0,89,51.685,62.0,15.0,156.75,369.0,1.25806,27.0,-0.97436,False
TSLA,call,market,Mon-0DTE,09:30,OTM1,2026-02-23,2026-07-06,19,20.0,89,68.539,9.0,3.0,26.0,364.0,1.13178,27.0,-1.0,False
TSLA,call,market,Mon-0DTE,09:30,OTM1,2026-02-23,2026-07-06,19,25.0,89,67.416,12.0,4.0,53.0,364.0,1.13178,27.0,-1.0,False
TSLA,call,market,Mon-0DTE,09:30,OTM1,2026-02-23,2026-07-06,19,30.0,89,64.045,13.0,4.0,68.0,368.0,1.13178,27.0,-1.0,False
TSLA,call,market,Mon-0DTE,09:30,OTM1,2026-02-23,2026-07-06,19,40.0,89,60.674,18.0,6.25,75.75,369.0,1.13178,27.0,-1.0,False
TSLA,call,market,Mon-0DTE,09:30,OTM1,2026-02-23,2026-07-06,19,50.0,89,60.674,21.0,7.25,75.75,369.0,1.13178,27.0,-1.0,False
TSLA,call,market,Mon-0DTE,09:30,OTM1,2026-02-23,2026-07-06,19,60.0,89,57.303,40.0,10.0,85.0,369.0,1.13178,27.0,-1.0,False
TSLA,call,market,Mon-0DTE,09:30,OTM1,2026-02-23,2026-07-06,19,70.0,89,55.056,53.0,15.0,142.0,369.0,1.13178,27.0,-1.0,False
TSLA,call,market,Mon-0DTE,09:30,OTM1,2026-02-23,2026-07-06,19,75.0,89,53.933,54.5,14.25,149.25,369.0,1.13178,27.0,-1.0,False
TSLA,call,market,Mon-0DTE,09:30,OTM1,2026-02-23,2026-07-06,19,80.0,89,51.685,58.5,12.75,152.5,369.0,1.13178,27.0,-1.0,False
TSLA,call,market,Mon-0DTE,09:30,OTM1,2026-02-23,2026-07-06,19,90.0,89,51.685,62.0,15.0,152.5,369.0,1.13178,27.0,-1.0,False
TSLA,call,market,Mon-0DTE,09:30,OTM1,2026-02-23,2026-07-06,19,100.0,89,51.685,64.5,15.0,157.25,369.0,1.13178,27.0,-1.0,False
TSLA,call,mid,Mon-0DTE,10:00,OTM1,2026-02-23,2026-07-06,17,20.0,97,62.887,7.0,3.0,19.0,339.0,0.43537,16.0,-0.97059,False
TSLA,call,mid,Mon-0DTE,10:00,OTM1,2026-02-23,2026-07-06,17,25.0,97,57.732,12.0,5.0,35.25,339.0,0.43537,16.0,-0.97059,False
TSLA,call,mid,Mon-0DTE,10:00,OTM1,2026-02-23,2026-07-06,17,30.0,97,54.639,21.0,7.0,39.0,339.0,0.43537,16.0,-0.97059,False
TSLA,call,mid,Mon-0DTE,10:00,OTM1,2026-02-23,2026-07-06,17,40.0,97,51.546,26.0,10.0,43.0,341.5,0.43537,16.0,-0.97059,False
TSLA,call,mid,Mon-0DTE,10:00,OTM1,2026-02-23,2026-07-06,17,50.0,97,48.454,40.0,14.0,86.0,344.0,0.43537,16.0,-0.97059,False
TSLA,call,mid,Mon-0DTE,10:00,OTM1,2026-02-23,2026-07-06,17,60.0,97,44.33,45.0,22.5,110.5,344.0,0.43537,16.0,-0.97059,False
TSLA,call,mid,Mon-0DTE,10:00,OTM1,2026-02-23,2026-07-06,17,70.0,97,41.237,50.5,22.5,111.25,344.0,0.43537,16.0,-0.97059,False
TSLA,call,mid,Mon-0DTE,10:00,OTM1,2026-02-23,2026-07-06,17,75.0,97,39.175,56.0,28.0,113.75,344.0,0.43537,16.0,-0.97059,False
TSLA,call,mid,Mon-0DTE,10:00,OTM1,2026-02-23,2026-07-06,17,80.0,97,38.144,59.0,30.0,115.0,344.0,0.43537,16.0,-0.97059,False
TSLA,call,mid,Mon-0DTE,10:00,OTM1,2026-02-23,2026-07-06,17,90.0,97,38.144,67.0,43.0,126.0,344.0,0.43537,16.0,-0.97059,False
TSLA,call,mid,Mon-0DTE,10:00,OTM1,2026-02-23,2026-07-06,17,100.0,97,38.144,67.0,43.0,126.0,344.0,0.43537,16.0,-0.97059,False
TSLA,call,market,Mon-0DTE,10:00,OTM1,2026-02-23,2026-07-06,17,20.0,97,56.701,12.0,5.0,34.5,339.0,0.35526,16.0,-1.0,False
TSLA,call,market,Mon-0DTE,10:00,OTM1,2026-02-23,2026-07-06,17,25.0,97,54.639,22.0,7.0,40.0,339.0,0.35526,16.0,-1.0,False
TSLA,call,market,Mon-0DTE,10:00,OTM1,2026-02-23,2026-07-06,17,30.0,97,50.515,22.0,10.0,41.0,344.0,0.35526,16.0,-1.0,False
TSLA,call,market,Mon-0DTE,10:00,OTM1,2026-02-23,2026-07-06,17,40.0,97,48.454,36.0,11.5,58.5,344.0,0.35526,16.0,-1.0,False
TSLA,call,market,Mon-0DTE,10:00,OTM1,2026-02-23,2026-07-06,17,50.0,97,44.33,44.0,22.5,104.5,344.0,0.35526,16.0,-1.0,False
TSLA,call,market,Mon-0DTE,10:00,OTM1,2026-02-23,2026-07-06,17,60.0,97,42.268,50.0,23.0,110.0,344.0,0.35526,16.0,-1.0,False
TSLA,call,market,Mon-0DTE,10:00,OTM1,2026-02-23,2026-07-06,17,70.0,97,38.144,59.0,28.0,115.0,344.0,0.35526,16.0,-1.0,False
TSLA,call,market,Mon-0DTE,10:00,OTM1,2026-02-23,2026-07-06,17,75.0,97,38.144,62.0,42.0,120.0,344.0,0.35526,16.0,-1.0,False
TSLA,call,market,Mon-0DTE,10:00,OTM1,2026-02-23,2026-07-06,17,80.0,97,38.144,65.0,43.0,125.0,344.0,0.35526,16.0,-1.0,False
TSLA,call,market,Mon-0DTE,10:00,OTM1,2026-02-23,2026-07-06,17,90.0,97,38.144,67.0,43.0,126.0,344.0,0.35526,16.0,-1.0,False
TSLA,call,market,Mon-0DTE,10:00,OTM1,2026-02-23,2026-07-06,17,100.0,97,38.144,68.0,47.0,126.0,344.0,0.35526,16.0,-1.0,False
TSLA,call,mid,Mon-0DTE,10:30,OTM2+,2026-02-23,2026-06-22,16,20.0,351,60.969,10.0,3.0,60.75,209.0,0.36364,15.0,-0.83333,False
TSLA,call,mid,Mon-0DTE,10:30,OTM2+,2026-02-23,2026-06-22,16,25.0,351,57.265,12.0,4.0,70.0,282.0,0.36364,15.0,-0.83333,False
TSLA,call,mid,Mon-0DTE,10:30,OTM2+,2026-02-23,2026-06-22,16,30.0,351,54.131,15.0,5.0,86.0,292.0,0.36364,15.0,-0.83333,False
TSLA,call,mid,Mon-0DTE,10:30,OTM2+,2026-02-23,2026-06-22,16,40.0,351,48.718,24.0,6.0,95.5,304.0,0.36364,15.0,-0.83333,False
TSLA,call,mid,Mon-0DTE,10:30,OTM2+,2026-02-23,2026-06-22,16,50.0,351,42.45,37.0,8.0,131.0,308.0,0.36364,15.0,-0.83333,False
TSLA,call,mid,Mon-0DTE,10:30,OTM2+,2026-02-23,2026-06-22,16,60.0,351,36.752,71.0,12.0,146.0,309.0,0.36364,15.0,-0.83333,False
TSLA,call,mid,Mon-0DTE,10:30,OTM2+,2026-02-23,2026-06-22,16,70.0,351,35.043,83.0,12.0,150.0,309.0,0.36364,15.0,-0.83333,False
TSLA,call,mid,Mon-0DTE,10:30,OTM2+,2026-02-23,2026-06-22,16,75.0,351,34.758,93.0,12.0,153.5,309.0,0.36364,15.0,-0.83333,False
TSLA,call,mid,Mon-0DTE,10:30,OTM2+,2026-02-23,2026-06-22,16,80.0,351,34.473,96.0,12.0,155.0,309.0,0.36364,15.0,-0.83333,False
TSLA,call,mid,Mon-0DTE,10:30,OTM2+,2026-02-23,2026-06-22,16,90.0,351,33.618,104.0,13.0,160.75,309.0,0.36364,15.0,-0.83333,False
TSLA,call,mid,Mon-0DTE,10:30,OTM2+,2026-02-23,2026-06-22,16,100.0,351,33.048,108.0,13.0,161.25,309.0,0.36364,15.0,-0.83333,False
TSLA,call,market,Mon-0DTE,10:30,OTM2+,2026-02-23,2026-06-22,16,20.0,351,41.311,36.0,8.0,136.0,308.0,0.02985,15.0,-1.0,False
TSLA,call,market,Mon-0DTE,10:30,OTM2+,2026-02-23,2026-06-22,16,25.0,351,39.316,44.5,9.25,138.5,309.0,0.02985,15.0,-1.0,False
TSLA,call,market,Mon-0DTE,10:30,OTM2+,2026-02-23,2026-06-22,16,30.0,351,38.177,65.0,12.0,143.5,309.0,0.02985,15.0,-1.0,False
TSLA,call,market,Mon-0DTE,10:30,OTM2+,2026-02-23,2026-06-22,16,40.0,351,35.613,83.0,13.0,150.0,309.0,0.02985,15.0,-1.0,False
TSLA,call,market,Mon-0DTE,10:30,OTM2+,2026-02-23,2026-06-22,16,50.0,351,33.618,95.0,15.0,154.75,312.5,0.02985,15.0,-1.0,False
TSLA,call,market,Mon-0DTE,10:30,OTM2+,2026-02-23,2026-06-22,16,60.0,351,33.333,103.0,17.0,164.0,312.0,0.02985,15.0,-1.0,False
TSLA,call,market,Mon-0DTE,10:30,OTM2+,2026-02-23,2026-06-22,16,70.0,351,31.909,116.5,19.0,166.0,312.5,0.02985,15.0,-1.0,False
TSLA,call,market,Mon-0DTE,10:30,OTM2+,2026-02-23,2026-06-22,16,75.0,351,31.624,118.0,20.0,169.0,313.0,0.02985,15.0,-1.0,False
TSLA,call,market,Mon-0DTE,10:30,OTM2+,2026-02-23,2026-06-22,16,80.0,351,31.054,122.0,20.0,169.0,313.0,0.02985,15.0,-1.0,False
TSLA,call,market,Mon-0DTE,10:30,OTM2+,2026-02-23,2026-06-22,16,90.0,351,31.054,128.0,20.0,172.0,313.0,0.02985,15.0,-1.0,False
TSLA,call,market,Mon-0DTE,10:30,OTM2+,2026-02-23,2026-06-22,16,100.0,351,31.054,135.0,23.0,175.0,313.0,0.02985,15.0,-1.0,False
TSLA,call,mid,Mon-0DTE,09:30,OTM2+,2026-02-23,2026-07-06,18,20.0,271,66.421,8.0,2.0,82.25,364.0,0.70455,26.0,-0.925,False
TSLA,call,mid,Mon-0DTE,09:30,OTM2+,2026-02-23,2026-07-06,18,25.0,271,64.207,11.5,3.0,92.75,364.0,0.70455,26.0,-0.925,False
TSLA,call,mid,Mon-0DTE,09:30,OTM2+,2026-02-23,2026-07-06,18,30.0,271,61.993,15.0,3.75,140.25,364.0,0.70455,26.0,-0.925,False
TSLA,call,mid,Mon-0DTE,09:30,OTM2+,2026-02-23,2026-07-06,18,40.0,271,57.196,25.0,7.0,167.5,364.0,0.70455,26.0,-0.925,False
TSLA,call,mid,Mon-0DTE,09:30,OTM2+,2026-02-23,2026-07-06,18,50.0,271,56.089,33.5,7.75,195.25,364.0,0.70455,26.0,-0.925,False
TSLA,call,mid,Mon-0DTE,09:30,OTM2+,2026-02-23,2026-07-06,18,60.0,271,51.661,73.0,10.5,199.25,368.0,0.70455,26.0,-0.925,False
TSLA,call,mid,Mon-0DTE,09:30,OTM2+,2026-02-23,2026-07-06,18,70.0,271,50.185,87.0,11.0,204.5,368.0,0.70455,26.0,-0.925,False
TSLA,call,mid,Mon-0DTE,09:30,OTM2+,2026-02-23,2026-07-06,18,75.0,271,49.446,88.0,15.0,206.75,368.5,0.70455,26.0,-0.925,False
TSLA,call,mid,Mon-0DTE,09:30,OTM2+,2026-02-23,2026-07-06,18,80.0,271,48.708,88.0,15.75,209.75,369.0,0.70455,26.0,-0.925,False
TSLA,call,mid,Mon-0DTE,09:30,OTM2+,2026-02-23,2026-07-06,18,90.0,271,48.339,98.0,25.0,214.5,369.0,0.70455,26.0,-0.925,False
TSLA,call,mid,Mon-0DTE,09:30,OTM2+,2026-02-23,2026-07-06,18,100.0,271,48.339,98.0,41.0,214.5,369.0,0.70455,26.0,-0.925,False
TSLA,call,market,Mon-0DTE,09:30,OTM2+,2026-02-23,2026-07-06,18,20.0,271,58.672,16.0,4.0,158.0,364.0,0.56667,26.0,-1.0,False
TSLA,call,market,Mon-0DTE,09:30,OTM2+,2026-02-23,2026-07-06,18,25.0,271,57.934,20.0,5.0,165.0,364.0,0.56667,26.0,-1.0,False
TSLA,call,market,Mon-0DTE,09:30,OTM2+,2026-02-23,2026-07-06,18,30.0,271,56.089,25.5,7.0,192.0,364.0,0.56667,26.0,-1.0,False
TSLA,call,market,Mon-0DTE,09:30,OTM2+,2026-02-23,2026-07-06,18,40.0,271,54.244,53.0,9.0,198.5,364.0,0.56667,26.0,-1.0,False
TSLA,call,market,Mon-0DTE,09:30,OTM2+,2026-02-23,2026-07-06,18,50.0,271,51.661,76.0,10.75,202.75,368.0,0.56667,26.0,-1.0,False
TSLA,call,market,Mon-0DTE,09:30,OTM2+,2026-02-23,2026-07-06,18,60.0,271,49.815,87.0,14.5,209.5,368.0,0.56667,26.0,-1.0,False
TSLA,call,market,Mon-0DTE,09:30,OTM2+,2026-02-23,2026-07-06,18,70.0,271,48.708,94.5,25.25,215.0,369.0,0.56667,26.0,-1.0,False
TSLA,call,market,Mon-0DTE,09:30,OTM2+,2026-02-23,2026-07-06,18,75.0,271,48.339,98.0,32.5,216.0,369.0,0.56667,26.0,-1.0,False
TSLA,call,market,Mon-0DTE,09:30,OTM2+,2026-02-23,2026-07-06,18,80.0,271,48.339,98.0,36.0,217.0,369.0,0.56667,26.0,-1.0,False
TSLA,call,market,Mon-0DTE,09:30,OTM2+,2026-02-23,2026-07-06,18,90.0,271,48.339,98.0,43.5,219.0,369.0,0.56667,26.0,-1.0,False
TSLA,call,market,Mon-0DTE,09:30,OTM2+,2026-02-23,2026-07-06,18,100.0,271,47.601,98.0,44.0,219.0,368.0,0.56667,26.0,-1.0,False
TSLA,call,mid,Mon-0DTE,10:00,OTM2+,2026-02-23,2026-07-06,16,20.0,328,55.488,9.0,3.0,43.75,335.5,0.2576,7.0,-0.86957,False
TSLA,call,mid,Mon-0DTE,10:00,OTM2+,2026-02-23,2026-07-06,16,25.0,328,51.524,22.0,5.0,60.0,339.0,0.2576,7.0,-0.86957,False
TSLA,call,mid,Mon-0DTE,10:00,OTM2+,2026-02-23,2026-07-06,16,30.0,328,46.341,29.0,6.75,115.0,339.0,0.2576,7.0,-0.86957,False
TSLA,call,mid,Mon-0DTE,10:00,OTM2+,2026-02-23,2026-07-06,16,40.0,328,43.598,40.0,15.0,150.5,343.0,0.2576,7.0,-0.86957,False
TSLA,call,mid,Mon-0DTE,10:00,OTM2+,2026-02-23,2026-07-06,16,50.0,328,40.854,94.5,33.25,171.75,344.0,0.2576,7.0,-0.86957,False
TSLA,call,mid,Mon-0DTE,10:00,OTM2+,2026-02-23,2026-07-06,16,60.0,328,39.939,117.0,40.0,175.5,344.0,0.2576,7.0,-0.86957,False
TSLA,call,mid,Mon-0DTE,10:00,OTM2+,2026-02-23,2026-07-06,16,70.0,328,39.024,124.5,44.75,177.0,344.0,0.2576,7.0,-0.86957,False
TSLA,call,mid,Mon-0DTE,10:00,OTM2+,2026-02-23,2026-07-06,16,75.0,328,38.72,126.0,45.0,177.0,344.0,0.2576,7.0,-0.86957,False
TSLA,call,mid,Mon-0DTE,10:00,OTM2+,2026-02-23,2026-07-06,16,80.0,328,37.195,133.0,55.0,185.5,344.0,0.2576,7.0,-0.86957,False
TSLA,call,mid,Mon-0DTE,10:00,OTM2+,2026-02-23,2026-07-06,16,90.0,328,36.89,141.0,62.0,190.0,344.0,0.2576,7.0,-0.86957,False
TSLA,call,mid,Mon-0DTE,10:00,OTM2+,2026-02-23,2026-07-06,16,100.0,328,36.89,149.0,62.0,192.0,344.0,0.2576,7.0,-0.86957,False
TSLA,call,market,Mon-0DTE,10:00,OTM2+,2026-02-23,2026-07-06,16,20.0,328,43.902,45.0,12.0,166.0,341.0,0.05536,7.0,-1.0,False
TSLA,call,market,Mon-0DTE,10:00,OTM2+,2026-02-23,2026-07-06,16,25.0,328,42.683,59.0,20.75,171.75,343.0,0.05536,7.0,-1.0,False
TSLA,call,market,Mon-0DTE,10:00,OTM2+,2026-02-23,2026-07-06,16,30.0,328,42.073,61.0,24.25,174.75,343.0,0.05536,7.0,-1.0,False
TSLA,call,market,Mon-0DTE,10:00,OTM2+,2026-02-23,2026-07-06,16,40.0,328,39.939,116.0,43.5,179.5,344.0,0.05536,7.0,-1.0,False
TSLA,call,market,Mon-0DTE,10:00,OTM2+,2026-02-23,2026-07-06,16,50.0,328,39.024,124.5,45.0,181.75,344.0,0.05536,7.0,-1.0,False
TSLA,call,market,Mon-0DTE,10:00,OTM2+,2026-02-23,2026-07-06,16,60.0,328,38.415,130.5,51.25,188.5,344.0,0.05536,7.0,-1.0,False
TSLA,call,market,Mon-0DTE,10:00,OTM2+,2026-02-23,2026-07-06,16,70.0,328,36.89,149.0,62.0,192.0,344.0,0.05536,7.0,-1.0,False
TSLA,call,market,Mon-0DTE,10:00,OTM2+,2026-02-23,2026-07-06,16,75.0,328,36.89,149.0,62.0,193.0,344.0,0.05536,7.0,-1.0,False
TSLA,call,market,Mon-0DTE,10:00,OTM2+,2026-02-23,2026-07-06,16,80.0,328,36.89,156.0,62.0,197.0,344.0,0.05536,7.0,-1.0,False
TSLA,call,market,Mon-0DTE,10:00,OTM2+,2026-02-23,2026-07-06,16,90.0,328,36.89,156.0,62.0,197.0,344.0,0.05536,7.0,-1.0,False
TSLA,call,market,Mon-0DTE,10:00,OTM2+,2026-02-23,2026-07-06,16,100.0,328,36.89,161.0,63.0,197.0,343.0,0.05536,7.0,-1.0,False
TSLA,put,mid,Mon-0DTE,09:30,OTM2+,2026-02-23,2026-07-06,19,20.0,311,52.412,6.0,2.0,23.0,141.0,0.2381,18.0,-0.94,False
TSLA,put,mid,Mon-0DTE,09:30,OTM2+,2026-02-23,2026-07-06,19,25.0,311,49.839,6.0,2.0,23.0,146.0,0.2381,18.0,-0.94,False
TSLA,put,mid,Mon-0DTE,09:30,OTM2+,2026-02-23,2026-07-06,19,30.0,311,47.267,11.0,3.0,41.5,150.0,0.2381,18.0,-0.94,False
TSLA,put,mid,Mon-0DTE,09:30,OTM2+,2026-02-23,2026-07-06,19,40.0,311,41.158,15.5,4.0,67.25,178.0,0.2381,18.0,-0.94,False
TSLA,put,mid,Mon-0DTE,09:30,OTM2+,2026-02-23,2026-07-06,19,50.0,311,37.942,24.0,5.0,76.0,196.5,0.2381,18.0,-0.94,False
TSLA,put,mid,Mon-0DTE,09:30,OTM2+,2026-02-23,2026-07-06,19,60.0,311,35.048,27.0,7.0,84.0,310.0,0.2381,18.0,-0.94,False
TSLA,put,mid,Mon-0DTE,09:30,OTM2+,2026-02-23,2026-07-06,19,70.0,311,33.119,39.0,13.5,91.0,319.0,0.2381,18.0,-0.94,False
TSLA,put,mid,Mon-0DTE,09:30,OTM2+,2026-02-23,2026-07-06,19,75.0,311,31.511,46.0,20.0,91.0,333.0,0.2381,18.0,-0.94,False
TSLA,put,mid,Mon-0DTE,09:30,OTM2+,2026-02-23,2026-07-06,19,80.0,311,30.868,52.0,24.0,95.0,336.0,0.2381,18.0,-0.94,False
TSLA,put,mid,Mon-0DTE,09:30,OTM2+,2026-02-23,2026-07-06,19,90.0,311,30.547,71.0,24.0,95.0,335.0,0.2381,18.0,-0.94,False
TSLA,put,mid,Mon-0DTE,09:30,OTM2+,2026-02-23,2026-07-06,19,100.0,311,29.26,76.0,24.0,100.0,339.0,0.2381,18.0,-0.94,False
TSLA,put,market,Mon-0DTE,09:30,OTM2+,2026-02-23,2026-07-06,19,20.0,311,41.158,15.0,4.0,47.5,180.5,0.02985,18.0,-1.0,False
TSLA,put,market,Mon-0DTE,09:30,OTM2+,2026-02-23,2026-07-06,19,25.0,311,38.585,20.5,4.75,76.0,209.0,0.02985,18.0,-1.0,False
TSLA,put,market,Mon-0DTE,09:30,OTM2+,2026-02-23,2026-07-06,19,30.0,311,37.942,23.5,5.0,79.75,216.0,0.02985,18.0,-1.0,False
TSLA,put,market,Mon-0DTE,09:30,OTM2+,2026-02-23,2026-07-06,19,40.0,311,35.37,30.5,7.0,88.25,311.5,0.02985,18.0,-1.0,False
TSLA,put,market,Mon-0DTE,09:30,OTM2+,2026-02-23,2026-07-06,19,50.0,311,33.762,36.0,9.0,90.0,318.0,0.02985,18.0,-1.0,False
TSLA,put,market,Mon-0DTE,09:30,OTM2+,2026-02-23,2026-07-06,19,60.0,311,31.511,45.0,20.25,91.0,333.0,0.02985,18.0,-1.0,False
TSLA,put,market,Mon-0DTE,09:30,OTM2+,2026-02-23,2026-07-06,19,70.0,311,29.904,66.0,24.0,95.0,339.0,0.02985,18.0,-1.0,False
TSLA,put,market,Mon-0DTE,09:30,OTM2+,2026-02-23,2026-07-06,19,75.0,311,29.582,65.5,24.0,95.25,339.0,0.02985,18.0,-1.0,False
TSLA,put,market,Mon-0DTE,09:30,OTM2+,2026-02-23,2026-07-06,19,80.0,311,29.26,72.0,24.5,96.0,339.0,0.02985,18.0,-1.0,False
TSLA,put,market,Mon-0DTE,09:30,OTM2+,2026-02-23,2026-07-06,19,90.0,311,27.974,81.0,24.0,101.0,354.0,0.02985,18.0,-1.0,False
TSLA,put,market,Mon-0DTE,09:30,OTM2+,2026-02-23,2026-07-06,19,100.0,311,27.331,82.0,27.0,101.0,354.0,0.02985,18.0,-1.0,False
TSLA,put,mid,Mon-0DTE,10:00,OTM2+,2026-02-23,2026-07-06,19,20.0,384,64.583,7.0,3.0,26.0,112.0,0.5,26.0,-0.88149,False
TSLA,put,mid,Mon-0DTE,10:00,OTM2+,2026-02-23,2026-07-06,19,25.0,384,61.458,8.0,4.0,27.0,115.5,0.5,26.0,-0.88149,False
TSLA,put,mid,Mon-0DTE,10:00,OTM2+,2026-02-23,2026-07-06,19,30.0,384,58.594,10.0,4.0,32.0,115.0,0.5,26.0,-0.88149,False
TSLA,put,mid,Mon-0DTE,10:00,OTM2+,2026-02-23,2026-07-06,19,40.0,384,54.167,16.0,7.0,40.5,116.0,0.5,26.0,-0.88149,False
TSLA,put,mid,Mon-0DTE,10:00,OTM2+,2026-02-23,2026-07-06,19,50.0,384,50.26,22.0,10.0,52.0,122.0,0.5,26.0,-0.88149,False
TSLA,put,mid,Mon-0DTE,10:00,OTM2+,2026-02-23,2026-07-06,19,60.0,384,44.792,23.5,11.0,53.25,128.5,0.5,26.0,-0.88149,False
TSLA,put,mid,Mon-0DTE,10:00,OTM2+,2026-02-23,2026-07-06,19,70.0,384,42.969,30.0,13.0,60.0,122.0,0.5,26.0,-0.88149,False
TSLA,put,mid,Mon-0DTE,10:00,OTM2+,2026-02-23,2026-07-06,19,75.0,384,42.188,31.0,14.0,56.0,121.5,0.5,26.0,-0.88149,False
TSLA,put,mid,Mon-0DTE,10:00,OTM2+,2026-02-23,2026-07-06,19,80.0,384,41.667,32.0,16.75,60.0,123.0,0.5,26.0,-0.88149,False
TSLA,put,mid,Mon-0DTE,10:00,OTM2+,2026-02-23,2026-07-06,19,90.0,384,40.104,36.0,21.25,61.0,122.5,0.5,26.0,-0.88149,False
TSLA,put,mid,Mon-0DTE,10:00,OTM2+,2026-02-23,2026-07-06,19,100.0,384,39.583,39.0,22.0,61.0,120.0,0.5,26.0,-0.88149,False
TSLA,put,market,Mon-0DTE,10:00,OTM2+,2026-02-23,2026-07-06,19,20.0,384,48.698,21.0,7.0,47.0,126.0,0.16108,26.0,-1.0,False
TSLA,put,market,Mon-0DTE,10:00,OTM2+,2026-02-23,2026-07-06,19,25.0,384,46.094,25.0,9.0,51.0,126.0,0.16108,26.0,-1.0,False
TSLA,put,market,Mon-0DTE,10:00,OTM2+,2026-02-23,2026-07-06,19,30.0,384,44.531,25.0,11.0,51.5,125.0,0.16108,26.0,-1.0,False
TSLA,put,market,Mon-0DTE,10:00,OTM2+,2026-02-23,2026-07-06,19,40.0,384,41.667,28.5,12.0,60.0,129.5,0.16108,26.0,-1.0,False
TSLA,put,market,Mon-0DTE,10:00,OTM2+,2026-02-23,2026-07-06,19,50.0,384,40.104,34.0,14.25,61.0,133.0,0.16108,26.0,-1.0,False
TSLA,put,market,Mon-0DTE,10:00,OTM2+,2026-02-23,2026-07-06,19,60.0,384,38.281,39.0,19.0,71.0,133.0,0.16108,26.0,-1.0,False
TSLA,put,market,Mon-0DTE,10:00,OTM2+,2026-02-23,2026-07-06,19,70.0,384,36.979,40.5,24.0,71.0,129.5,0.16108,26.0,-1.0,False
TSLA,put,market,Mon-0DTE,10:00,OTM2+,2026-02-23,2026-07-06,19,75.0,384,36.198,42.0,26.0,71.0,130.0,0.16108,26.0,-1.0,False
TSLA,put,market,Mon-0DTE,10:00,OTM2+,2026-02-23,2026-07-06,19,80.0,384,34.375,41.5,26.0,67.0,130.0,0.16108,26.0,-1.0,False
TSLA,put,market,Mon-0DTE,10:00,OTM2+,2026-02-23,2026-07-06,19,90.0,384,34.115,45.0,27.0,71.0,128.0,0.16108,26.0,-1.0,False
TSLA,put,market,Mon-0DTE,10:00,OTM2+,2026-02-23,2026-07-06,19,100.0,384,32.812,46.0,29.0,72.5,130.5,0.16108,26.0,-1.0,False
TSLA,put,mid,Mon-0DTE,10:30,OTM2+,2026-02-23,2026-07-06,18,20.0,356,65.169,10.0,3.0,48.25,52.5,0.36098,20.0,-0.85714,False
TSLA,put,mid,Mon-0DTE,10:30,OTM2+,2026-02-23,2026-07-06,18,25.0,356,62.64,12.0,5.0,55.0,55.0,0.36098,20.0,-0.85714,False
TSLA,put,mid,Mon-0DTE,10:30,OTM2+,2026-02-23,2026-07-06,18,30.0,356,58.708,19.0,6.0,60.0,61.0,0.36098,20.0,-0.85714,False
TSLA,put,mid,Mon-0DTE,10:30,OTM2+,2026-02-23,2026-07-06,18,40.0,356,47.753,23.5,6.0,64.75,86.0,0.36098,20.0,-0.85714,False
TSLA,put,mid,Mon-0DTE,10:30,OTM2+,2026-02-23,2026-07-06,18,50.0,356,44.663,35.0,9.0,70.5,95.0,0.36098,20.0,-0.85714,False
TSLA,put,mid,Mon-0DTE,10:30,OTM2+,2026-02-23,2026-07-06,18,60.0,356,41.011,34.5,10.5,71.75,95.0,0.36098,20.0,-0.85714,False
TSLA,put,mid,Mon-0DTE,10:30,OTM2+,2026-02-23,2026-07-06,18,70.0,356,39.045,34.0,10.5,70.5,95.0,0.36098,20.0,-0.85714,False
TSLA,put,mid,Mon-0DTE,10:30,OTM2+,2026-02-23,2026-07-06,18,75.0,356,36.236,34.0,11.0,70.0,96.0,0.36098,20.0,-0.85714,False
TSLA,put,mid,Mon-0DTE,10:30,OTM2+,2026-02-23,2026-07-06,18,80.0,356,35.112,33.0,11.0,69.0,95.0,0.36098,20.0,-0.85714,False
TSLA,put,mid,Mon-0DTE,10:30,OTM2+,2026-02-23,2026-07-06,18,90.0,356,32.584,34.0,12.0,68.5,97.0,0.36098,20.0,-0.85714,False
TSLA,put,mid,Mon-0DTE,10:30,OTM2+,2026-02-23,2026-07-06,18,100.0,356,30.899,34.0,13.25,68.0,93.5,0.36098,20.0,-0.85714,False
TSLA,put,market,Mon-0DTE,10:30,OTM2+,2026-02-23,2026-07-06,18,20.0,356,41.573,24.0,8.0,62.0,83.0,0.02208,20.0,-1.0,False
TSLA,put,market,Mon-0DTE,10:30,OTM2+,2026-02-23,2026-07-06,18,25.0,356,38.764,26.5,8.25,63.75,88.5,0.02208,20.0,-1.0,False
TSLA,put,market,Mon-0DTE,10:30,OTM2+,2026-02-23,2026-07-06,18,30.0,356,37.079,28.5,9.0,65.25,91.0,0.02208,20.0,-1.0,False
TSLA,put,market,Mon-0DTE,10:30,OTM2+,2026-02-23,2026-07-06,18,40.0,356,34.831,33.0,11.75,67.5,94.0,0.02208,20.0,-1.0,False
TSLA,put,market,Mon-0DTE,10:30,OTM2+,2026-02-23,2026-07-06,18,50.0,356,32.865,31.0,12.0,69.0,95.0,0.02208,20.0,-1.0,False
TSLA,put,market,Mon-0DTE,10:30,OTM2+,2026-02-23,2026-07-06,18,60.0,356,30.618,31.0,15.0,68.0,90.0,0.02208,20.0,-1.0,False
TSLA,put,market,Mon-0DTE,10:30,OTM2+,2026-02-23,2026-07-06,18,70.0,356,28.09,32.5,15.0,68.5,93.5,0.02208,20.0,-1.0,False
TSLA,put,market,Mon-0DTE,10:30,OTM2+,2026-02-23,2026-07-06,18,75.0,356,26.404,30.0,15.25,65.0,95.0,0.02208,20.0,-1.0,False
TSLA,put,market,Mon-0DTE,10:30,OTM2+,2026-02-23,2026-07-06,18,80.0,356,25.562,31.0,15.5,69.5,95.0,0.02208,20.0,-1.0,False
TSLA,put,market,Mon-0DTE,10:30,OTM2+,2026-02-23,2026-07-06,18,90.0,356,24.719,34.0,18.25,76.5,95.0,0.02208,20.0,-1.0,False
TSLA,put,market,Mon-0DTE,10:30,OTM2+,2026-02-23,2026-07-06,18,100.0,356,23.596,34.0,19.75,77.25,95.0,0.02208,20.0,-1.0,False
TSLA,put,mid,Mon-0DTE,10:30,OTM1,2026-02-23,2026-07-06,18,20.0,104,76.923,7.0,3.0,19.0,132.0,0.88934,38.0,-0.97531,False
TSLA,put,mid,Mon-0DTE,10:30,OTM1,2026-02-23,2026-07-06,18,25.0,104,76.923,10.0,5.0,25.25,130.0,0.88934,38.0,-0.97531,False
TSLA,put,mid,Mon-0DTE,10:30,OTM1,2026-02-23,2026-07-06,18,30.0,104,73.077,12.0,6.0,34.0,195.5,0.88934,38.0,-0.97531,False
TSLA,put,mid,Mon-0DTE,10:30,OTM1,2026-02-23,2026-07-06,18,40.0,104,67.308,16.5,8.25,44.75,251.5,0.88934,38.0,-0.97531,False
TSLA,put,mid,Mon-0DTE,10:30,OTM1,2026-02-23,2026-07-06,18,50.0,104,64.423,22.0,11.0,44.5,248.0,0.88934,38.0,-0.97531,False
TSLA,put,mid,Mon-0DTE,10:30,OTM1,2026-02-23,2026-07-06,18,60.0,104,61.538,28.5,13.0,58.25,251.5,0.88934,38.0,-0.97531,False
TSLA,put,mid,Mon-0DTE,10:30,OTM1,2026-02-23,2026-07-06,18,70.0,104,56.731,28.0,15.0,90.5,283.0,0.88934,38.0,-0.97531,False
TSLA,put,mid,Mon-0DTE,10:30,OTM1,2026-02-23,2026-07-06,18,75.0,104,54.808,29.0,17.0,92.0,283.0,0.88934,38.0,-0.97531,False
TSLA,put,mid,Mon-0DTE,10:30,OTM1,2026-02-23,2026-07-06,18,80.0,104,52.885,29.0,17.5,91.0,283.0,0.88934,38.0,-0.97531,False
TSLA,put,mid,Mon-0DTE,10:30,OTM1,2026-02-23,2026-07-06,18,90.0,104,48.077,30.0,20.0,79.25,300.0,0.88934,38.0,-0.97531,False
TSLA,put,mid,Mon-0DTE,10:30,OTM1,2026-02-23,2026-07-06,18,100.0,104,47.115,31.0,21.0,85.0,302.0,0.88934,38.0,-0.97531,False
TSLA,put,market,Mon-0DTE,10:30,OTM1,2026-02-23,2026-07-06,18,20.0,104,75.0,11.5,6.0,31.25,138.0,0.78195,38.0,-1.0,False
TSLA,put,market,Mon-0DTE,10:30,OTM1,2026-02-23,2026-07-06,18,25.0,104,72.115,16.0,8.0,39.0,244.0,0.78195,38.0,-1.0,False
TSLA,put,market,Mon-0DTE,10:30,OTM1,2026-02-23,2026-07-06,18,30.0,104,69.231,16.5,8.0,44.25,251.5,0.78195,38.0,-1.0,False
TSLA,put,market,Mon-0DTE,10:30,OTM1,2026-02-23,2026-07-06,18,40.0,104,64.423,22.0,11.0,44.5,253.0,0.78195,38.0,-1.0,False
TSLA,put,market,Mon-0DTE,10:30,OTM1,2026-02-23,2026-07-06,18,50.0,104,62.5,26.0,13.0,57.0,249.0,0.78195,38.0,-1.0,False
TSLA,put,market,Mon-0DTE,10:30,OTM1,2026-02-23,2026-07-06,18,60.0,104,54.808,28.0,17.0,89.0,283.0,0.78195,38.0,-1.0,False
TSLA,put,market,Mon-0DTE,10:30,OTM1,2026-02-23,2026-07-06,18,70.0,104,51.923,29.0,18.25,88.25,276.0,0.78195,38.0,-1.0,False
TSLA,put,market,Mon-0DTE,10:30,OTM1,2026-02-23,2026-07-06,18,75.0,104,50.962,30.0,19.0,90.0,282.0,0.78195,38.0,-1.0,False
TSLA,put,market,Mon-0DTE,10:30,OTM1,2026-02-23,2026-07-06,18,80.0,104,48.077,30.0,20.0,80.5,300.0,0.78195,38.0,-1.0,False
TSLA,put,market,Mon-0DTE,10:30,OTM1,2026-02-23,2026-07-06,18,90.0,104,47.115,31.0,21.0,85.0,302.0,0.78195,38.0,-1.0,False
TSLA,put,market,Mon-0DTE,10:30,OTM1,2026-02-23,2026-07-06,18,100.0,104,44.231,33.0,22.5,107.5,304.0,0.78195,38.0,-1.0,False
TSLA,put,mid,Mon-0DTE,11:00,OTM2+,2026-02-23,2026-07-06,17,20.0,366,53.005,10.0,3.25,31.75,66.5,0.25808,6.0,-0.82937,False
TSLA,put,mid,Mon-0DTE,11:00,OTM2+,2026-02-23,2026-07-06,17,25.0,366,50.546,11.0,4.0,32.0,71.0,0.25808,6.0,-0.82937,False
TSLA,put,mid,Mon-0DTE,11:00,OTM2+,2026-02-23,2026-07-06,17,30.0,366,47.814,16.0,5.5,36.0,74.0,0.25808,6.0,-0.82937,False
TSLA,put,mid,Mon-0DTE,11:00,OTM2+,2026-02-23,2026-07-06,17,40.0,366,40.984,19.0,7.0,38.0,77.0,0.25808,6.0,-0.82937,False
TSLA,put,mid,Mon-0DTE,11:00,OTM2+,2026-02-23,2026-07-06,17,50.0,366,35.246,25.0,10.0,43.0,75.0,0.25808,6.0,-0.82937,False
TSLA,put,mid,Mon-0DTE,11:00,OTM2+,2026-02-23,2026-07-06,17,60.0,366,31.421,28.0,13.0,47.0,74.0,0.25808,6.0,-0.82937,False
TSLA,put,mid,Mon-0DTE,11:00,OTM2+,2026-02-23,2026-07-06,17,70.0,366,29.235,28.0,14.0,47.5,75.0,0.25808,6.0,-0.82937,False
TSLA,put,mid,Mon-0DTE,11:00,OTM2+,2026-02-23,2026-07-06,17,75.0,366,27.596,28.0,14.0,45.0,74.0,0.25808,6.0,-0.82937,False
TSLA,put,mid,Mon-0DTE,11:00,OTM2+,2026-02-23,2026-07-06,17,80.0,366,27.049,28.0,14.0,46.0,72.0,0.25808,6.0,-0.82937,False
TSLA,put,mid,Mon-0DTE,11:00,OTM2+,2026-02-23,2026-07-06,17,90.0,366,24.863,27.0,14.0,45.5,69.0,0.25808,6.0,-0.82937,False
TSLA,put,mid,Mon-0DTE,11:00,OTM2+,2026-02-23,2026-07-06,17,100.0,366,24.317,27.0,14.0,45.0,66.0,0.25808,6.0,-0.82937,False
TSLA,put,market,Mon-0DTE,11:00,OTM2+,2026-02-23,2026-07-06,17,20.0,366,30.601,19.5,9.0,37.5,74.5,-0.14963,6.0,-1.0,False
TSLA,put,market,Mon-0DTE,11:00,OTM2+,2026-02-23,2026-07-06,17,25.0,366,29.781,22.0,11.0,42.0,71.0,-0.14963,6.0,-1.0,False
TSLA,put,market,Mon-0DTE,11:00,OTM2+,2026-02-23,2026-07-06,17,30.0,366,27.869,24.5,11.0,42.75,71.5,-0.14963,6.0,-1.0,False
TSLA,put,market,Mon-0DTE,11:00,OTM2+,2026-02-23,2026-07-06,17,40.0,366,26.23,27.0,11.75,48.0,70.5,-0.14963,6.0,-1.0,False
TSLA,put,market,Mon-0DTE,11:00,OTM2+,2026-02-23,2026-07-06,17,50.0,366,22.404,25.5,12.5,48.5,76.5,-0.14963,6.0,-1.0,False
TSLA,put,market,Mon-0DTE,11:00,OTM2+,2026-02-23,2026-07-06,17,60.0,366,21.311,27.5,12.5,50.75,72.0,-0.14963,6.0,-1.0,False
TSLA,put,market,Mon-0DTE,11:00,OTM2+,2026-02-23,2026-07-06,17,70.0,366,19.945,27.0,14.0,52.0,72.0,-0.14963,6.0,-1.0,False
TSLA,put,market,Mon-0DTE,11:00,OTM2+,2026-02-23,2026-07-06,17,75.0,366,19.126,27.0,14.0,49.5,75.0,-0.14963,6.0,-1.0,False
TSLA,put,market,Mon-0DTE,11:00,OTM2+,2026-02-23,2026-07-06,17,80.0,366,18.852,29.0,14.0,52.0,75.0,-0.14963,6.0,-1.0,False
TSLA,put,market,Mon-0DTE,11:00,OTM2+,2026-02-23,2026-07-06,17,90.0,366,18.033,30.0,15.0,56.5,77.5,-0.14963,6.0,-1.0,False
TSLA,put,market,Mon-0DTE,11:00,OTM2+,2026-02-23,2026-07-06,17,100.0,366,16.667,31.0,16.0,58.0,90.0,-0.14963,6.0,-1.0,False
TSLA,put,mid,Mon-0DTE,11:00,OTM1,2026-02-23,2026-07-06,17,20.0,90,67.778,6.0,3.0,19.0,229.0,0.64127,19.5,-0.97248,False
TSLA,put,mid,Mon-0DTE,11:00,OTM1,2026-02-23,2026-07-06,17,25.0,90,67.778,9.0,4.0,32.0,229.0,0.64127,19.5,-0.97248,False
TSLA,put,mid,Mon-0DTE,11:00,OTM1,2026-02-23,2026-07-06,17,30.0,90,65.556,9.0,4.5,35.5,229.0,0.64127,19.5,-0.97248,False
TSLA,put,mid,Mon-0DTE,11:00,OTM1,2026-02-23,2026-07-06,17,40.0,90,58.889,13.0,6.0,40.0,229.0,0.64127,19.5,-0.97248,False
TSLA,put,mid,Mon-0DTE,11:00,OTM1,2026-02-23,2026-07-06,17,50.0,90,54.444,16.0,7.0,47.0,240.0,0.64127,19.5,-0.97248,False
TSLA,put,mid,Mon-0DTE,11:00,OTM1,2026-02-23,2026-07-06,17,60.0,90,51.111,23.5,10.0,65.75,247.0,0.64127,19.5,-0.97248,False
TSLA,put,mid,Mon-0DTE,11:00,OTM1,2026-02-23,2026-07-06,17,70.0,90,48.889,27.0,13.25,68.25,246.5,0.64127,19.5,-0.97248,False
TSLA,put,mid,Mon-0DTE,11:00,OTM1,2026-02-23,2026-07-06,17,75.0,90,45.556,47.0,14.0,87.0,263.0,0.64127,19.5,-0.97248,False
TSLA,put,mid,Mon-0DTE,11:00,OTM1,2026-02-23,2026-07-06,17,80.0,90,45.556,50.0,15.0,107.0,262.0,0.64127,19.5,-0.97248,False
TSLA,put,mid,Mon-0DTE,11:00,OTM1,2026-02-23,2026-07-06,17,90.0,90,38.889,52.0,14.5,111.5,264.0,0.64127,19.5,-0.97248,False
TSLA,put,mid,Mon-0DTE,11:00,OTM1,2026-02-23,2026-07-06,17,100.0,90,34.444,52.0,17.0,114.5,274.0,0.64127,19.5,-0.97248,False
TSLA,put,market,Mon-0DTE,11:00,OTM1,2026-02-23,2026-07-06,17,20.0,90,65.556,9.0,4.0,35.5,229.0,0.56103,19.5,-1.0,False
TSLA,put,market,Mon-0DTE,11:00,OTM1,2026-02-23,2026-07-06,17,25.0,90,64.444,12.0,6.0,38.0,226.5,0.56103,19.5,-1.0,False
TSLA,put,market,Mon-0DTE,11:00,OTM1,2026-02-23,2026-07-06,17,30.0,90,61.111,14.0,6.0,43.5,234.0,0.56103,19.5,-1.0,False
TSLA,put,market,Mon-0DTE,11:00,OTM1,2026-02-23,2026-07-06,17,40.0,90,54.444,19.0,7.0,52.0,240.0,0.56103,19.5,-1.0,False
TSLA,put,market,Mon-0DTE,11:00,OTM1,2026-02-23,2026-07-06,17,50.0,90,51.111,23.5,10.0,65.75,247.0,0.56103,19.5,-1.0,False
TSLA,put,market,Mon-0DTE,11:00,OTM1,2026-02-23,2026-07-06,17,60.0,90,48.889,27.0,13.25,77.0,246.5,0.56103,19.5,-1.0,False
TSLA,put,market,Mon-0DTE,11:00,OTM1,2026-02-23,2026-07-06,17,70.0,90,43.333,47.0,14.5,93.0,244.0,0.56103,19.5,-1.0,False
TSLA,put,market,Mon-0DTE,11:00,OTM1,2026-02-23,2026-07-06,17,75.0,90,41.111,52.0,14.0,90.0,262.0,0.56103,19.5,-1.0,False
TSLA,put,market,Mon-0DTE,11:00,OTM1,2026-02-23,2026-07-06,17,80.0,90,38.889,52.0,14.5,114.5,264.0,0.56103,19.5,-1.0,False
TSLA,put,market,Mon-0DTE,11:00,OTM1,2026-02-23,2026-07-06,17,90.0,90,34.444,57.0,18.0,172.0,274.0,0.56103,19.5,-1.0,False
TSLA,put,market,Mon-0DTE,11:00,OTM1,2026-02-23,2026-07-06,17,100.0,90,33.333,69.0,17.25,216.25,274.0,0.56103,19.5,-1.0,False
TSLA,put,mid,Mon-0DTE,11:00,ATM,2026-02-23,2026-07-06,17,20.0,91,73.626,8.0,4.0,33.5,248.0,0.65438,32.0,-0.98101,False
TSLA,put,mid,Mon-0DTE,11:00,ATM,2026-02-23,2026-07-06,17,25.0,91,70.33,9.0,5.0,28.25,244.0,0.65438,32.0,-0.98101,False
TSLA,put,mid,Mon-0DTE,11:00,ATM,2026-02-23,2026-07-06,17,30.0,91,69.231,11.0,6.0,29.5,244.0,0.65438,32.0,-0.98101,False
TSLA,put,mid,Mon-0DTE,11:00,ATM,2026-02-23,2026-07-06,17,40.0,91,60.44,17.0,8.5,52.5,261.0,0.65438,32.0,-0.98101,False
TSLA,put,mid,Mon-0DTE,11:00,ATM,2026-02-23,2026-07-06,17,50.0,91,58.242,23.0,11.0,68.0,261.0,0.65438,32.0,-0.98101,False
TSLA,put,mid,Mon-0DTE,11:00,ATM,2026-02-23,2026-07-06,17,60.0,91,53.846,29.0,14.0,77.0,265.0,0.65438,32.0,-0.98101,False
TSLA,put,mid,Mon-0DTE,11:00,ATM,2026-02-23,2026-07-06,17,70.0,91,48.352,52.5,15.75,91.5,268.5,0.65438,32.0,-0.98101,False
TSLA,put,mid,Mon-0DTE,11:00,ATM,2026-02-23,2026-07-06,17,75.0,91,45.055,63.0,20.0,107.0,274.0,0.65438,32.0,-0.98101,False
TSLA,put,mid,Mon-0DTE,11:00,ATM,2026-02-23,2026-07-06,17,80.0,91,43.956,65.0,19.75,108.25,272.0,0.65438,32.0,-0.98101,False
TSLA,put,mid,Mon-0DTE,11:00,ATM,2026-02-23,2026-07-06,17,90.0,91,41.758,71.0,21.25,194.5,273.5,0.65438,32.0,-0.98101,False
TSLA,put,mid,Mon-0DTE,11:00,ATM,2026-02-23,2026-07-06,17,100.0,91,39.56,81.5,21.75,208.5,274.0,0.65438,32.0,-0.98101,False
TSLA,put,market,Mon-0DTE,11:00,ATM,2026-02-23,2026-07-06,17,20.0,91,70.33,9.0,5.0,28.25,244.0,0.59459,32.0,-1.0,False
TSLA,put,market,Mon-0DTE,11:00,ATM,2026-02-23,2026-07-06,17,25.0,91,69.231,12.0,6.0,29.5,244.0,0.59459,32.0,-1.0,False
TSLA,put,market,Mon-0DTE,11:00,ATM,2026-02-23,2026-07-06,17,30.0,91,62.637,13.0,6.0,40.0,256.0,0.59459,32.0,-1.0,False
TSLA,put,market,Mon-0DTE,11:00,ATM,2026-02-23,2026-07-06,17,40.0,91,58.242,19.0,10.0,61.0,265.0,0.59459,32.0,-1.0,False
TSLA,put,market,Mon-0DTE,11:00,ATM,2026-02-23,2026-07-06,17,50.0,91,57.143,27.0,13.5,77.75,260.0,0.59459,32.0,-1.0,False
TSLA,put,market,Mon-0DTE,11:00,ATM,2026-02-23,2026-07-06,17,60.0,91,49.451,31.0,15.0,87.0,271.0,0.59459,32.0,-1.0,False
TSLA,put,market,Mon-0DTE,11:00,ATM,2026-02-23,2026-07-06,17,70.0,91,45.055,63.0,20.0,107.0,270.0,0.59459,32.0,-1.0,False
TSLA,put,market,Mon-0DTE,11:00,ATM,2026-02-23,2026-07-06,17,75.0,91,42.857,63.0,19.5,103.0,274.0,0.59459,32.0,-1.0,False
TSLA,put,market,Mon-0DTE,11:00,ATM,2026-02-23,2026-07-06,17,80.0,91,41.758,62.5,19.25,170.75,274.0,0.59459,32.0,-1.0,False
TSLA,put,market,Mon-0DTE,11:00,ATM,2026-02-23,2026-07-06,17,90.0,91,40.659,79.0,22.0,222.0,274.0,0.59459,32.0,-1.0,False
TSLA,put,market,Mon-0DTE,11:00,ATM,2026-02-23,2026-07-06,17,100.0,91,36.264,92.0,25.0,249.0,274.0,0.59459,32.0,-1.0,False
TSLA,put,mid,Mon-0DTE,11:30,ATM,2026-02-23,2026-06-22,15,20.0,79,63.291,10.5,5.0,21.25,237.5,0.37615,20.0,-0.97727,False
TSLA,put,mid,Mon-0DTE,11:30,ATM,2026-02-23,2026-06-22,15,25.0,79,60.759,15.0,7.75,33.25,239.5,0.37615,20.0,-0.97727,False
TSLA,put,mid,Mon-0DTE,11:30,ATM,2026-02-23,2026-06-22,15,30.0,79,55.696,18.0,9.0,38.5,242.5,0.37615,20.0,-0.97727,False
TSLA,put,mid,Mon-0DTE,11:30,ATM,2026-02-23,2026-06-22,15,40.0,79,46.835,25.0,13.0,47.0,244.0,0.37615,20.0,-0.97727,False
TSLA,put,mid,Mon-0DTE,11:30,ATM,2026-02-23,2026-06-22,15,50.0,79,45.57,33.5,16.5,53.25,244.0,0.37615,20.0,-0.97727,False
TSLA,put,mid,Mon-0DTE,11:30,ATM,2026-02-23,2026-06-22,15,60.0,79,43.038,35.0,20.5,58.75,244.0,0.37615,20.0,-0.97727,False
TSLA,put,mid,Mon-0DTE,11:30,ATM,2026-02-23,2026-06-22,15,70.0,79,41.772,38.0,23.0,57.0,244.0,0.37615,20.0,-0.97727,False
TSLA,put,mid,Mon-0DTE,11:30,ATM,2026-02-23,2026-06-22,15,75.0,79,41.772,39.0,25.0,57.0,244.0,0.37615,20.0,-0.97727,False
TSLA,put,mid,Mon-0DTE,11:30,ATM,2026-02-23,2026-06-22,15,80.0,79,41.772,40.0,25.0,68.0,244.0,0.37615,20.0,-0.97727,False
TSLA,put,mid,Mon-0DTE,11:30,ATM,2026-02-23,2026-06-22,15,90.0,79,41.772,43.0,27.0,100.0,244.0,0.37615,20.0,-0.97727,False
TSLA,put,mid,Mon-0DTE,11:30,ATM,2026-02-23,2026-06-22,15,100.0,79,41.772,47.0,33.0,100.0,244.0,0.37615,20.0,-0.97727,False
TSLA,put,market,Mon-0DTE,11:30,ATM,2026-02-23,2026-06-22,15,20.0,79,59.494,15.0,7.5,37.0,241.0,0.32479,20.0,-1.0,False
TSLA,put,market,Mon-0DTE,11:30,ATM,2026-02-23,2026-06-22,15,25.0,79,55.696,19.5,9.75,40.0,242.5,0.32479,20.0,-1.0,False
TSLA,put,market,Mon-0DTE,11:30,ATM,2026-02-23,2026-06-22,15,30.0,79,54.43,21.0,9.5,40.5,243.0,0.32479,20.0,-1.0,False
TSLA,put,market,Mon-0DTE,11:30,ATM,2026-02-23,2026-06-22,15,40.0,79,45.57,30.5,13.5,49.25,244.0,0.32479,20.0,-1.0,False
TSLA,put,market,Mon-0DTE,11:30,ATM,2026-02-23,2026-06-22,15,50.0,79,43.038,35.0,17.75,58.75,244.0,0.32479,20.0,-1.0,False
TSLA,put,market,Mon-0DTE,11:30,ATM,2026-02-23,2026-06-22,15,60.0,79,41.772,33.0,23.0,55.0,244.0,0.32479,20.0,-1.0,False
TSLA,put,market,Mon-0DTE,11:30,ATM,2026-02-23,2026-06-22,15,70.0,79,41.772,39.0,25.0,62.0,244.0,0.32479,20.0,-1.0,False
TSLA,put,market,Mon-0DTE,11:30,ATM,2026-02-23,2026-06-22,15,75.0,79,41.772,40.0,25.0,68.0,244.0,0.32479,20.0,-1.0,False
TSLA,put,market,Mon-0DTE,11:30,ATM,2026-02-23,2026-06-22,15,80.0,79,41.772,43.0,27.0,98.0,244.0,0.32479,20.0,-1.0,False
TSLA,put,market,Mon-0DTE,11:30,ATM,2026-02-23,2026-06-22,15,90.0,79,41.772,47.0,33.0,100.0,244.0,0.32479,20.0,-1.0,False
TSLA,put,market,Mon-0DTE,11:30,ATM,2026-02-23,2026-06-22,15,100.0,79,40.506,51.5,37.25,147.25,244.0,0.32479,20.0,-1.0,False
TSLA,put,mid,Mon-0DTE,11:30,OTM1,2026-02-23,2026-06-22,16,20.0,81,64.198,9.5,4.0,16.75,228.5,0.42857,21.0,-0.96203,False
TSLA,put,mid,Mon-0DTE,11:30,OTM1,2026-02-23,2026-06-22,16,25.0,81,62.963,10.0,4.0,17.0,229.0,0.42857,21.0,-0.96203,False
TSLA,put,mid,Mon-0DTE,11:30,OTM1,2026-02-23,2026-06-22,16,30.0,81,61.728,13.0,6.0,30.0,230.5,0.42857,21.0,-0.96203,False
TSLA,put,mid,Mon-0DTE,11:30,OTM1,2026-02-23,2026-06-22,16,40.0,81,54.321,16.0,7.0,35.0,239.0,0.42857,21.0,-0.96203,False
TSLA,put,mid,Mon-0DTE,11:30,OTM1,2026-02-23,2026-06-22,16,50.0,81,48.148,22.0,10.0,41.0,244.0,0.42857,21.0,-0.96203,False
TSLA,put,mid,Mon-0DTE,11:30,OTM1,2026-02-23,2026-06-22,16,60.0,81,43.21,27.0,14.5,45.5,249.0,0.42857,21.0,-0.96203,False
TSLA,put,mid,Mon-0DTE,11:30,OTM1,2026-02-23,2026-06-22,16,70.0,81,43.21,30.0,16.5,47.0,249.0,0.42857,21.0,-0.96203,False
TSLA,put,mid,Mon-0DTE,11:30,OTM1,2026-02-23,2026-06-22,16,75.0,81,41.975,29.5,18.0,47.75,249.0,0.42857,21.0,-0.96203,False
TSLA,put,mid,Mon-0DTE,11:30,OTM1,2026-02-23,2026-06-22,16,80.0,81,41.975,29.5,19.5,49.5,249.0,0.42857,21.0,-0.96203,False
TSLA,put,mid,Mon-0DTE,11:30,OTM1,2026-02-23,2026-06-22,16,90.0,81,40.741,33.0,22.0,98.0,249.0,0.42857,21.0,-0.96203,False
TSLA,put,mid,Mon-0DTE,11:30,OTM1,2026-02-23,2026-06-22,16,100.0,81,39.506,34.5,22.75,107.25,249.0,0.42857,21.0,-0.96203,False
TSLA,put,market,Mon-0DTE,11:30,OTM1,2026-02-23,2026-06-22,16,20.0,81,60.494,12.0,5.0,25.0,232.0,0.325,21.0,-1.0,False
TSLA,put,market,Mon-0DTE,11:30,OTM1,2026-02-23,2026-06-22,16,25.0,81,58.025,15.0,6.5,31.0,232.0,0.325,21.0,-1.0,False
TSLA,put,market,Mon-0DTE,11:30,OTM1,2026-02-23,2026-06-22,16,30.0,81,54.321,16.0,7.0,35.0,239.0,0.325,21.0,-1.0,False
TSLA,put,market,Mon-0DTE,11:30,OTM1,2026-02-23,2026-06-22,16,40.0,81,46.914,24.0,10.5,42.0,246.5,0.325,21.0,-1.0,False
TSLA,put,market,Mon-0DTE,11:30,OTM1,2026-02-23,2026-06-22,16,50.0,81,43.21,28.0,15.5,43.5,249.0,0.325,21.0,-1.0,False
TSLA,put,market,Mon-0DTE,11:30,OTM1,2026-02-23,2026-06-22,16,60.0,81,43.21,30.0,18.0,48.5,249.0,0.325,21.0,-1.0,False
TSLA,put,market,Mon-0DTE,11:30,OTM1,2026-02-23,2026-06-22,16,70.0,81,41.975,31.0,21.0,49.5,249.0,0.325,21.0,-1.0,False
TSLA,put,market,Mon-0DTE,11:30,OTM1,2026-02-23,2026-06-22,16,75.0,81,40.741,33.0,22.0,98.0,249.0,0.325,21.0,-1.0,False
TSLA,put,market,Mon-0DTE,11:30,OTM1,2026-02-23,2026-06-22,16,80.0,81,40.741,37.0,23.0,107.0,249.0,0.325,21.0,-1.0,False
TSLA,put,market,Mon-0DTE,11:30,OTM1,2026-02-23,2026-06-22,16,90.0,81,39.506,41.5,25.75,117.0,249.0,0.325,21.0,-1.0,False
TSLA,put,market,Mon-0DTE,11:30,OTM1,2026-02-23,2026-06-22,16,100.0,81,35.802,41.0,28.0,102.0,249.0,0.325,21.0,-1.0,False
TSLA,put,mid,Mon-0DTE,12:00,ATM,2026-02-23,2026-06-22,16,20.0,88,65.909,9.0,4.0,23.5,215.0,0.38469,55.0,-0.95265,False
TSLA,put,mid,Mon-0DTE,12:00,ATM,2026-02-23,2026-06-22,16,25.0,88,64.773,11.0,6.0,27.0,215.0,0.38469,55.0,-0.95265,False
TSLA,put,mid,Mon-0DTE,12:00,ATM,2026-02-23,2026-06-22,16,30.0,88,59.091,13.5,7.0,25.75,217.5,0.38469,55.0,-0.95265,False
TSLA,put,mid,Mon-0DTE,12:00,ATM,2026-02-23,2026-06-22,16,40.0,88,48.864,17.0,10.0,38.0,219.0,0.38469,55.0,-0.95265,False
TSLA,put,mid,Mon-0DTE,12:00,ATM,2026-02-23,2026-06-22,16,50.0,88,46.591,22.0,11.0,42.0,218.0,0.38469,55.0,-0.95265,False
TSLA,put,mid,Mon-0DTE,12:00,ATM,2026-02-23,2026-06-22,16,60.0,88,42.045,22.0,12.0,45.0,216.0,0.38469,55.0,-0.95265,False
TSLA,put,mid,Mon-0DTE,12:00,ATM,2026-02-23,2026-06-22,16,70.0,88,42.045,25.0,16.0,92.0,214.0,0.38469,55.0,-0.95265,False
TSLA,put,mid,Mon-0DTE,12:00,ATM,2026-02-23,2026-06-22,16,75.0,88,42.045,26.0,17.0,120.0,214.0,0.38469,55.0,-0.95265,False
TSLA,put,mid,Mon-0DTE,12:00,ATM,2026-02-23,2026-06-22,16,80.0,88,38.636,29.0,18.0,109.25,212.5,0.38469,55.0,-0.95265,False
TSLA,put,mid,Mon-0DTE,12:00,ATM,2026-02-23,2026-06-22,16,90.0,88,37.5,49.0,21.0,187.0,214.0,0.38469,55.0,-0.95265,False
TSLA,put,mid,Mon-0DTE,12:00,ATM,2026-02-23,2026-06-22,16,100.0,88,37.5,54.0,32.0,194.0,214.0,0.38469,55.0,-0.95265,False
TSLA,put,market,Mon-0DTE,12:00,ATM,2026-02-23,2026-06-22,16,20.0,88,63.636,12.5,6.0,27.5,214.5,0.315,55.0,-0.98077,False
TSLA,put,market,Mon-0DTE,12:00,ATM,2026-02-23,2026-06-22,16,25.0,88,57.955,13.0,7.0,26.5,218.0,0.315,55.0,-0.98077,False
TSLA,put,market,Mon-0DTE,12:00,ATM,2026-02-23,2026-06-22,16,30.0,88,51.136,17.0,10.0,33.0,218.0,0.315,55.0,-0.98077,False
TSLA,put,market,Mon-0DTE,12:00,ATM,2026-02-23,2026-06-22,16,40.0,88,48.864,21.0,11.5,40.5,218.0,0.315,55.0,-0.98077,False
TSLA,put,market,Mon-0DTE,12:00,ATM,2026-02-23,2026-06-22,16,50.0,88,43.182,20.0,12.0,41.25,215.5,0.315,55.0,-0.98077,False
TSLA,put,market,Mon-0DTE,12:00,ATM,2026-02-23,2026-06-22,16,60.0,88,42.045,23.0,15.0,92.0,214.0,0.315,55.0,-0.98077,False
TSLA,put,market,Mon-0DTE,12:00,ATM,2026-02-23,2026-06-22,16,70.0,88,42.045,30.0,17.0,192.0,214.0,0.315,55.0,-0.98077,False
TSLA,put,market,Mon-0DTE,12:00,ATM,2026-02-23,2026-06-22,16,75.0,88,38.636,32.5,19.0,113.5,211.5,0.315,55.0,-0.98077,False
TSLA,put,market,Mon-0DTE,12:00,ATM,2026-02-23,2026-06-22,16,80.0,88,37.5,49.0,21.0,187.0,214.0,0.315,55.0,-0.98077,False
TSLA,put,market,Mon-0DTE,12:00,ATM,2026-02-23,2026-06-22,16,90.0,88,37.5,54.0,27.0,194.0,214.0,0.315,55.0,-0.98077,False
TSLA,put,market,Mon-0DTE,12:00,ATM,2026-02-23,2026-06-22,16,100.0,88,36.364,59.5,31.0,190.25,205.0,0.315,55.0,-0.98077,False
TSLA,put,mid,Mon-0DTE,12:30,ATM,2026-02-23,2026-06-22,15,20.0,83,73.494,23.0,7.0,98.0,184.0,0.56028,117.0,-0.9116,False
TSLA,put,mid,Mon-0DTE,12:30,ATM,2026-02-23,2026-06-22,15,25.0,83,71.084,25.0,8.0,139.0,184.0,0.56028,117.0,-0.9116,False
TSLA,put,mid,Mon-0DTE,12:30,ATM,2026-02-23,2026-06-22,15,30.0,83,69.88,35.0,10.0,129.0,181.5,0.56028,117.0,-0.9116,False
TSLA,put,mid,Mon-0DTE,12:30,ATM,2026-02-23,2026-06-22,15,40.0,83,60.241,44.5,21.5,146.75,183.0,0.56028,117.0,-0.9116,False
TSLA,put,mid,Mon-0DTE,12:30,ATM,2026-02-23,2026-06-22,15,50.0,83,54.217,50.0,25.0,149.0,182.0,0.56028,117.0,-0.9116,False
TSLA,put,mid,Mon-0DTE,12:30,ATM,2026-02-23,2026-06-22,15,60.0,83,48.193,130.0,35.75,160.25,184.0,0.56028,117.0,-0.9116,False
TSLA,put,mid,Mon-0DTE,12:30,ATM,2026-02-23,2026-06-22,15,70.0,83,39.759,139.0,35.0,161.0,184.0,0.56028,117.0,-0.9116,False
TSLA,put,mid,Mon-0DTE,12:30,ATM,2026-02-23,2026-06-22,15,75.0,83,38.554,139.0,42.0,159.75,181.5,0.56028,117.0,-0.9116,False
TSLA,put,mid,Mon-0DTE,12:30,ATM,2026-02-23,2026-06-22,15,80.0,83,32.53,67.0,35.0,158.0,184.0,0.56028,117.0,-0.9116,False
TSLA,put,mid,Mon-0DTE,12:30,ATM,2026-02-23,2026-06-22,15,90.0,83,30.12,62.0,30.0,157.0,165.0,0.56028,117.0,-0.9116,False
TSLA,put,mid,Mon-0DTE,12:30,ATM,2026-02-23,2026-06-22,15,100.0,83,25.301,91.0,52.0,162.0,184.0,0.56028,117.0,-0.9116,False
TSLA,put,market,Mon-0DTE,12:30,ATM,2026-02-23,2026-06-22,15,20.0,83,71.084,34.0,11.0,142.0,184.0,0.4726,117.0,-0.94086,False
TSLA,put,market,Mon-0DTE,12:30,ATM,2026-02-23,2026-06-22,15,25.0,83,67.47,36.5,12.5,113.0,182.0,0.4726,117.0,-0.94086,False
TSLA,put,market,Mon-0DTE,12:30,ATM,2026-02-23,2026-06-22,15,30.0,83,61.446,42.0,18.0,146.5,182.0,0.4726,117.0,-0.94086,False
TSLA,put,market,Mon-0DTE,12:30,ATM,2026-02-23,2026-06-22,15,40.0,83,57.831,47.0,25.75,149.5,181.0,0.4726,117.0,-0.94086,False
TSLA,put,market,Mon-0DTE,12:30,ATM,2026-02-23,2026-06-22,15,50.0,83,48.193,117.5,35.0,160.25,184.0,0.4726,117.0,-0.94086,False
TSLA,put,market,Mon-0DTE,12:30,ATM,2026-02-23,2026-06-22,15,60.0,83,42.169,140.0,36.5,163.0,181.0,0.4726,117.0,-0.94086,False
TSLA,put,market,Mon-0DTE,12:30,ATM,2026-02-23,2026-06-22,15,70.0,83,36.145,115.0,40.75,156.75,176.0,0.4726,117.0,-0.94086,False
TSLA,put,market,Mon-0DTE,12:30,ATM,2026-02-23,2026-06-22,15,75.0,83,31.325,75.5,32.5,158.5,184.0,0.4726,117.0,-0.94086,False
TSLA,put,market,Mon-0DTE,12:30,ATM,2026-02-23,2026-06-22,15,80.0,83,30.12,62.0,30.0,157.0,163.0,0.4726,117.0,-0.94086,False
TSLA,put,market,Mon-0DTE,12:30,ATM,2026-02-23,2026-06-22,15,90.0,83,28.916,63.0,44.75,160.5,171.0,0.4726,117.0,-0.94086,False
TSLA,put,market,Mon-0DTE,12:30,ATM,2026-02-23,2026-06-22,15,100.0,83,21.687,90.5,55.5,163.5,186.5,0.4726,117.0,-0.94086,False
TSLA,put,mid,Mon-0DTE,12:30,ITM,2026-02-23,2026-06-15,14,20.0,309,62.46,40.0,16.0,108.0,181.0,0.28761,119.0,-0.30693,False
TSLA,put,mid,Mon-0DTE,12:30,ITM,2026-02-23,2026-06-15,14,25.0,309,54.045,41.0,17.0,122.0,181.0,0.28761,119.0,-0.30693,False
TSLA,put,mid,Mon-0DTE,12:30,ITM,2026-02-23,2026-06-15,14,30.0,309,47.573,45.0,22.5,129.0,181.0,0.28761,119.0,-0.30693,False
TSLA,put,mid,Mon-0DTE,12:30,ITM,2026-02-23,2026-06-15,14,40.0,309,38.188,74.0,30.25,152.75,184.0,0.28761,119.0,-0.30693,False
TSLA,put,mid,Mon-0DTE,12:30,ITM,2026-02-23,2026-06-15,14,50.0,309,29.773,91.5,37.75,150.5,184.0,0.28761,119.0,-0.30693,False
TSLA,put,mid,Mon-0DTE,12:30,ITM,2026-02-23,2026-06-15,14,60.0,309,23.948,89.0,37.25,150.75,184.0,0.28761,119.0,-0.30693,False
TSLA,put,mid,Mon-0DTE,12:30,ITM,2026-02-23,2026-06-15,14,70.0,309,18.447,98.0,47.0,147.0,184.0,0.28761,119.0,-0.30693,False
TSLA,put,mid,Mon-0DTE,12:30,ITM,2026-02-23,2026-06-15,14,75.0,309,16.828,93.5,45.75,144.0,184.0,0.28761,119.0,-0.30693,False
TSLA,put,mid,Mon-0DTE,12:30,ITM,2026-02-23,2026-06-15,14,80.0,309,15.534,97.5,46.75,150.0,180.0,0.28761,119.0,-0.30693,False
TSLA,put,mid,Mon-0DTE,12:30,ITM,2026-02-23,2026-06-15,14,90.0,309,11.974,100.0,58.0,146.0,184.0,0.28761,119.0,-0.30693,False
TSLA,put,mid,Mon-0DTE,12:30,ITM,2026-02-23,2026-06-15,14,100.0,309,9.709,109.0,45.5,139.75,181.5,0.28761,119.0,-0.30693,False
TSLA,put,market,Mon-0DTE,12:30,ITM,2026-02-23,2026-06-15,14,20.0,309,57.605,43.0,17.0,135.25,183.0,0.26211,119.0,-0.3236,False
TSLA,put,market,Mon-0DTE,12:30,ITM,2026-02-23,2026-06-15,14,25.0,309,50.485,43.0,18.0,126.0,179.0,0.26211,119.0,-0.3236,False
TSLA,put,market,Mon-0DTE,12:30,ITM,2026-02-23,2026-06-15,14,30.0,309,44.984,49.0,24.5,137.0,183.0,0.26211,119.0,-0.3236,False
TSLA,put,market,Mon-0DTE,12:30,ITM,2026-02-23,2026-06-15,14,40.0,309,36.246,80.5,34.25,155.25,184.0,0.26211,119.0,-0.3236,False
TSLA,put,market,Mon-0DTE,12:30,ITM,2026-02-23,2026-06-15,14,50.0,309,27.508,91.0,38.0,150.0,183.0,0.26211,119.0,-0.3236,False
TSLA,put,market,Mon-0DTE,12:30,ITM,2026-02-23,2026-06-15,14,60.0,309,22.006,94.0,37.5,151.0,184.0,0.26211,119.0,-0.3236,False
TSLA,put,market,Mon-0DTE,12:30,ITM,2026-02-23,2026-06-15,14,70.0,309,17.799,98.0,51.0,144.5,179.0,0.26211,119.0,-0.3236,False
TSLA,put,market,Mon-0DTE,12:30,ITM,2026-02-23,2026-06-15,14,75.0,309,16.181,99.0,49.5,154.5,180.5,0.26211,119.0,-0.3236,False
TSLA,put,market,Mon-0DTE,12:30,ITM,2026-02-23,2026-06-15,14,80.0,309,13.269,98.0,58.0,142.0,181.0,0.26211,119.0,-0.3236,False
TSLA,put,market,Mon-0DTE,12:30,ITM,2026-02-23,2026-06-15,14,90.0,309,11.003,98.5,54.5,140.75,182.0,0.26211,119.0,-0.3236,False
TSLA,put,market,Mon-0DTE,12:30,ITM,2026-02-23,2026-06-15,14,100.0,309,8.738,103.0,57.0,145.5,179.0,0.26211,119.0,-0.3236,False
TSLA,put,mid,Mon-0DTE,13:00,ITM,2026-02-23,2026-06-15,14,20.0,279,60.573,51.0,18.0,108.0,156.0,0.30968,104.0,-0.30631,False
TSLA,put,mid,Mon-0DTE,13:00,ITM,2026-02-23,2026-06-15,14,25.0,279,55.556,62.0,25.0,120.0,154.0,0.30968,104.0,-0.30631,False
TSLA,put,mid,Mon-0DTE,13:00,ITM,2026-02-23,2026-06-15,14,30.0,279,50.896,69.0,29.0,129.25,154.0,0.30968,104.0,-0.30631,False
TSLA,put,mid,Mon-0DTE,13:00,ITM,2026-02-23,2026-06-15,14,40.0,279,36.918,81.0,40.5,132.5,158.0,0.30968,104.0,-0.30631,False
TSLA,put,mid,Mon-0DTE,13:00,ITM,2026-02-23,2026-06-15,14,50.0,279,30.108,91.0,51.75,129.0,154.0,0.30968,104.0,-0.30631,False
TSLA,put,mid,Mon-0DTE,13:00,ITM,2026-02-23,2026-06-15,14,60.0,279,25.09,106.5,63.5,135.25,155.0,0.30968,104.0,-0.30631,False
TSLA,put,mid,Mon-0DTE,13:00,ITM,2026-02-23,2026-06-15,14,70.0,279,20.43,105.0,66.0,133.0,154.0,0.30968,104.0,-0.30631,False
TSLA,put,mid,Mon-0DTE,13:00,ITM,2026-02-23,2026-06-15,14,75.0,279,18.28,106.0,66.5,137.0,154.0,0.30968,104.0,-0.30631,False
TSLA,put,mid,Mon-0DTE,13:00,ITM,2026-02-23,2026-06-15,14,80.0,279,17.204,110.0,70.5,142.5,154.0,0.30968,104.0,-0.30631,False
TSLA,put,mid,Mon-0DTE,13:00,ITM,2026-02-23,2026-06-15,14,90.0,279,12.545,103.0,73.0,138.0,155.0,0.30968,104.0,-0.30631,False
TSLA,put,mid,Mon-0DTE,13:00,ITM,2026-02-23,2026-06-15,14,100.0,279,10.753,107.5,86.25,126.0,158.0,0.30968,104.0,-0.30631,False
TSLA,put,market,Mon-0DTE,13:00,ITM,2026-02-23,2026-06-15,14,20.0,279,56.989,57.0,22.5,116.0,156.0,0.2762,104.0,-0.32815,False
TSLA,put,market,Mon-0DTE,13:00,ITM,2026-02-23,2026-06-15,14,25.0,279,52.688,66.0,28.5,126.0,154.0,0.2762,104.0,-0.32815,False
TSLA,put,market,Mon-0DTE,13:00,ITM,2026-02-23,2026-06-15,14,30.0,279,46.237,73.0,33.0,132.0,154.0,0.2762,104.0,-0.32815,False
TSLA,put,market,Mon-0DTE,13:00,ITM,2026-02-23,2026-06-15,14,40.0,279,35.125,79.5,46.5,133.5,155.0,0.2762,104.0,-0.32815,False
TSLA,put,market,Mon-0DTE,13:00,ITM,2026-02-23,2026-06-15,14,50.0,279,29.032,101.0,57.0,135.0,154.0,0.2762,104.0,-0.32815,False
TSLA,put,market,Mon-0DTE,13:00,ITM,2026-02-23,2026-06-15,14,60.0,279,23.656,106.0,65.25,138.25,155.5,0.2762,104.0,-0.32815,False
TSLA,put,market,Mon-0DTE,13:00,ITM,2026-02-23,2026-06-15,14,70.0,279,18.638,109.5,66.75,136.0,154.5,0.2762,104.0,-0.32815,False
TSLA,put,market,Mon-0DTE,13:00,ITM,2026-02-23,2026-06-15,14,75.0,279,17.204,109.0,67.75,138.25,154.0,0.2762,104.0,-0.32815,False
TSLA,put,market,Mon-0DTE,13:00,ITM,2026-02-23,2026-06-15,14,80.0,279,14.695,101.0,75.0,134.0,154.0,0.2762,104.0,-0.32815,False
TSLA,put,market,Mon-0DTE,13:00,ITM,2026-02-23,2026-06-15,14,90.0,279,11.111,105.0,78.0,124.0,159.0,0.2762,104.0,-0.32815,False
TSLA,put,market,Mon-0DTE,13:00,ITM,2026-02-23,2026-06-15,14,100.0,279,9.319,107.5,85.0,128.75,155.5,0.2762,104.0,-0.32815,False
TSLA,put,mid,Mon-0DTE,13:00,ATM,2026-02-23,2026-06-22,15,20.0,85,72.941,9.5,5.0,43.75,154.0,0.64773,107.0,-0.92118,False
TSLA,put,mid,Mon-0DTE,13:00,ATM,2026-02-23,2026-06-22,15,25.0,85,65.882,16.5,6.0,62.75,154.0,0.64773,107.0,-0.92118,False
TSLA,put,mid,Mon-0DTE,13:00,ATM,2026-02-23,2026-06-22,15,30.0,85,64.706,22.0,9.0,96.5,154.0,0.64773,107.0,-0.92118,False
TSLA,put,mid,Mon-0DTE,13:00,ATM,2026-02-23,2026-06-22,15,40.0,85,60.0,31.0,13.0,100.0,154.0,0.64773,107.0,-0.92118,False
TSLA,put,mid,Mon-0DTE,13:00,ATM,2026-02-23,2026-06-22,15,50.0,85,56.471,50.0,20.75,125.25,154.0,0.64773,107.0,-0.92118,False
TSLA,put,mid,Mon-0DTE,13:00,ATM,2026-02-23,2026-06-22,15,60.0,85,55.294,53.0,27.5,133.0,154.0,0.64773,107.0,-0.92118,False
TSLA,put,mid,Mon-0DTE,13:00,ATM,2026-02-23,2026-06-22,15,70.0,85,47.059,78.0,41.0,139.5,158.0,0.64773,107.0,-0.92118,False
TSLA,put,mid,Mon-0DTE,13:00,ATM,2026-02-23,2026-06-22,15,75.0,85,44.706,73.5,42.25,137.0,154.0,0.64773,107.0,-0.92118,False
TSLA,put,mid,Mon-0DTE,13:00,ATM,2026-02-23,2026-06-22,15,80.0,85,43.529,115.0,48.0,138.0,154.0,0.64773,107.0,-0.92118,False
TSLA,put,mid,Mon-0DTE,13:00,ATM,2026-02-23,2026-06-22,15,90.0,85,42.353,100.0,55.75,145.5,154.0,0.64773,107.0,-0.92118,False
TSLA,put,mid,Mon-0DTE,13:00,ATM,2026-02-23,2026-06-22,15,100.0,85,40.0,110.0,60.25,143.5,154.0,0.64773,107.0,-0.92118,False
TSLA,put,market,Mon-0DTE,13:00,ATM,2026-02-23,2026-06-22,15,20.0,85,65.882,19.0,7.75,102.25,154.0,0.54074,107.0,-0.94712,False
TSLA,put,market,Mon-0DTE,13:00,ATM,2026-02-23,2026-06-22,15,25.0,85,64.706,23.0,11.0,97.0,154.0,0.54074,107.0,-0.94712,False
TSLA,put,market,Mon-0DTE,13:00,ATM,2026-02-23,2026-06-22,15,30.0,85,61.176,29.0,12.75,87.25,154.0,0.54074,107.0,-0.94712,False
TSLA,put,market,Mon-0DTE,13:00,ATM,2026-02-23,2026-06-22,15,40.0,85,56.471,51.0,20.0,125.25,154.0,0.54074,107.0,-0.94712,False
TSLA,put,market,Mon-0DTE,13:00,ATM,2026-02-23,2026-06-22,15,50.0,85,55.294,68.0,27.5,133.0,154.0,0.54074,107.0,-0.94712,False
TSLA,put,market,Mon-0DTE,13:00,ATM,2026-02-23,2026-06-22,15,60.0,85,48.235,76.0,38.0,137.0,154.0,0.54074,107.0,-0.94712,False
TSLA,put,market,Mon-0DTE,13:00,ATM,2026-02-23,2026-06-22,15,70.0,85,44.706,98.0,52.5,137.75,154.0,0.54074,107.0,-0.94712,False
TSLA,put,market,Mon-0DTE,13:00,ATM,2026-02-23,2026-06-22,15,75.0,85,43.529,115.0,57.0,144.0,154.0,0.54074,107.0,-0.94712,False
TSLA,put,market,Mon-0DTE,13:00,ATM,2026-02-23,2026-06-22,15,80.0,85,43.529,115.0,57.0,145.0,154.0,0.54074,107.0,-0.94712,False
TSLA,put,market,Mon-0DTE,13:00,ATM,2026-02-23,2026-06-22,15,90.0,85,40.0,117.5,61.5,143.5,154.0,0.54074,107.0,-0.94712,False
TSLA,put,market,Mon-0DTE,13:00,ATM,2026-02-23,2026-06-22,15,100.0,85,36.471,111.0,61.5,147.0,154.0,0.54074,107.0,-0.94712,False
TSLA,put,mid,Mon-0DTE,13:30,ITM,2026-02-23,2026-06-22,14,20.0,250,70.4,36.0,18.5,78.5,124.0,0.36001,78.0,-0.23171,False
TSLA,put,mid,Mon-0DTE,13:30,ITM,2026-02-23,2026-06-22,14,25.0,250,64.0,49.0,25.0,89.25,124.0,0.36001,78.0,-0.23171,False
TSLA,put,mid,Mon-0DTE,13:30,ITM,2026-02-23,2026-06-22,14,30.0,250,57.6,67.0,28.0,98.25,122.5,0.36001,78.0,-0.23171,False
TSLA,put,mid,Mon-0DTE,13:30,ITM,2026-02-23,2026-06-22,14,40.0,250,44.0,76.0,42.25,111.75,122.5,0.36001,78.0,-0.23171,False
TSLA,put,mid,Mon-0DTE,13:30,ITM,2026-02-23,2026-06-22,14,50.0,250,35.2,79.5,44.75,112.25,124.0,0.36001,78.0,-0.23171,False
TSLA,put,mid,Mon-0DTE,13:30,ITM,2026-02-23,2026-06-22,14,60.0,250,24.8,84.0,61.25,115.0,127.5,0.36001,78.0,-0.23171,False
TSLA,put,mid,Mon-0DTE,13:30,ITM,2026-02-23,2026-06-22,14,70.0,250,20.4,84.0,68.0,119.5,128.0,0.36001,78.0,-0.23171,False
TSLA,put,mid,Mon-0DTE,13:30,ITM,2026-02-23,2026-06-22,14,75.0,250,17.6,92.0,71.0,118.5,128.5,0.36001,78.0,-0.23171,False
TSLA,put,mid,Mon-0DTE,13:30,ITM,2026-02-23,2026-06-22,14,80.0,250,15.6,95.0,76.0,118.5,128.0,0.36001,78.0,-0.23171,False
TSLA,put,mid,Mon-0DTE,13:30,ITM,2026-02-23,2026-06-22,14,90.0,250,11.6,97.0,82.0,114.0,129.0,0.36001,78.0,-0.23171,False
TSLA,put,mid,Mon-0DTE,13:30,ITM,2026-02-23,2026-06-22,14,100.0,250,7.6,97.0,81.0,112.0,129.0,0.36001,78.0,-0.23171,False
TSLA,put,market,Mon-0DTE,13:30,ITM,2026-02-23,2026-06-22,14,20.0,250,67.2,42.0,22.75,84.5,124.0,0.33194,78.0,-0.24874,False
TSLA,put,market,Mon-0DTE,13:30,ITM,2026-02-23,2026-06-22,14,25.0,250,60.4,63.0,27.5,95.0,123.0,0.33194,78.0,-0.24874,False
TSLA,put,market,Mon-0DTE,13:30,ITM,2026-02-23,2026-06-22,14,30.0,250,54.8,73.0,33.0,104.0,122.0,0.33194,78.0,-0.24874,False
TSLA,put,market,Mon-0DTE,13:30,ITM,2026-02-23,2026-06-22,14,40.0,250,40.4,76.0,43.0,112.0,122.0,0.33194,78.0,-0.24874,False
TSLA,put,market,Mon-0DTE,13:30,ITM,2026-02-23,2026-06-22,14,50.0,250,33.6,83.0,59.0,114.25,123.5,0.33194,78.0,-0.24874,False
TSLA,put,market,Mon-0DTE,13:30,ITM,2026-02-23,2026-06-22,14,60.0,250,22.0,81.0,58.5,115.0,128.0,0.33194,78.0,-0.24874,False
TSLA,put,market,Mon-0DTE,13:30,ITM,2026-02-23,2026-06-22,14,70.0,250,17.6,92.0,70.75,116.25,128.5,0.33194,78.0,-0.24874,False
TSLA,put,market,Mon-0DTE,13:30,ITM,2026-02-23,2026-06-22,14,75.0,250,15.2,95.5,76.25,119.25,128.5,0.33194,78.0,-0.24874,False
TSLA,put,market,Mon-0DTE,13:30,ITM,2026-02-23,2026-06-22,14,80.0,250,13.6,96.5,78.25,118.75,130.5,0.33194,78.0,-0.24874,False
TSLA,put,market,Mon-0DTE,13:30,ITM,2026-02-23,2026-06-22,14,90.0,250,10.4,97.5,83.0,112.25,128.0,0.33194,78.0,-0.24874,False
TSLA,put,market,Mon-0DTE,13:30,ITM,2026-02-23,2026-06-22,14,100.0,250,6.0,97.0,81.5,107.5,129.0,0.33194,78.0,-0.24874,False
TSLA,put,mid,Mon-0DTE,14:00,ITM,2026-02-23,2026-06-15,13,20.0,260,54.615,33.0,15.25,57.0,94.0,0.26456,47.0,-0.25,False
TSLA,put,mid,Mon-0DTE,14:00,ITM,2026-02-23,2026-06-15,13,25.0,260,51.154,40.0,19.0,67.0,97.0,0.26456,47.0,-0.25,False
TSLA,put,mid,Mon-0DTE,14:00,ITM,2026-02-23,2026-06-15,13,30.0,260,46.538,47.0,25.0,72.0,97.0,0.26456,47.0,-0.25,False
TSLA,put,mid,Mon-0DTE,14:00,ITM,2026-02-23,2026-06-15,13,40.0,260,36.154,55.5,36.25,83.25,97.0,0.26456,47.0,-0.25,False
TSLA,put,mid,Mon-0DTE,14:00,ITM,2026-02-23,2026-06-15,13,50.0,260,27.308,59.0,45.0,82.0,96.0,0.26456,47.0,-0.25,False
TSLA,put,mid,Mon-0DTE,14:00,ITM,2026-02-23,2026-06-15,13,60.0,260,20.385,63.0,50.0,87.0,99.0,0.26456,47.0,-0.25,False
TSLA,put,mid,Mon-0DTE,14:00,ITM,2026-02-23,2026-06-15,13,70.0,260,18.846,71.0,57.0,86.0,98.0,0.26456,47.0,-0.25,False
TSLA,put,mid,Mon-0DTE,14:00,ITM,2026-02-23,2026-06-15,13,75.0,260,16.154,76.0,57.25,86.75,97.0,0.26456,47.0,-0.25,False
TSLA,put,mid,Mon-0DTE,14:00,ITM,2026-02-23,2026-06-15,13,80.0,260,14.231,77.0,57.0,88.0,99.0,0.26456,47.0,-0.25,False
TSLA,put,mid,Mon-0DTE,14:00,ITM,2026-02-23,2026-06-15,13,90.0,260,10.0,81.5,63.25,91.5,99.0,0.26456,47.0,-0.25,False
TSLA,put,mid,Mon-0DTE,14:00,ITM,2026-02-23,2026-06-15,13,100.0,260,7.308,78.0,65.0,89.5,98.0,0.26456,47.0,-0.25,False
TSLA,put,market,Mon-0DTE,14:00,ITM,2026-02-23,2026-06-15,13,20.0,260,52.692,38.0,18.0,64.0,96.0,0.23772,47.0,-0.27138,False
TSLA,put,market,Mon-0DTE,14:00,ITM,2026-02-23,2026-06-15,13,25.0,260,48.846,46.0,24.5,71.0,97.0,0.23772,47.0,-0.27138,False
TSLA,put,market,Mon-0DTE,14:00,ITM,2026-02-23,2026-06-15,13,30.0,260,40.769,50.0,29.25,74.0,98.5,0.23772,47.0,-0.27138,False
TSLA,put,market,Mon-0DTE,14:00,ITM,2026-02-23,2026-06-15,13,40.0,260,34.615,58.0,38.0,84.25,97.5,0.23772,47.0,-0.27138,False
TSLA,put,market,Mon-0DTE,14:00,ITM,2026-02-23,2026-06-15,13,50.0,260,24.615,60.5,47.75,82.25,97.0,0.23772,47.0,-0.27138,False
TSLA,put,market,Mon-0DTE,14:00,ITM,2026-02-23,2026-06-15,13,60.0,260,20.0,68.0,54.0,87.5,99.0,0.23772,47.0,-0.27138,False
TSLA,put,market,Mon-0DTE,14:00,ITM,2026-02-23,2026-06-15,13,70.0,260,16.154,75.5,57.25,87.0,97.0,0.23772,47.0,-0.27138,False
TSLA,put,market,Mon-0DTE,14:00,ITM,2026-02-23,2026-06-15,13,75.0,260,13.846,78.0,57.0,88.0,99.0,0.23772,47.0,-0.27138,False
TSLA,put,market,Mon-0DTE,14:00,ITM,2026-02-23,2026-06-15,13,80.0,260,12.308,79.0,61.0,89.25,99.0,0.23772,47.0,-0.27138,False
TSLA,put,market,Mon-0DTE,14:00,ITM,2026-02-23,2026-06-15,13,90.0,260,8.846,83.0,61.5,91.5,99.0,0.23772,47.0,-0.27138,False
TSLA,put,market,Mon-0DTE,14:00,ITM,2026-02-23,2026-06-15,13,100.0,260,6.538,82.0,71.0,90.0,98.0,0.23772,47.0,-0.27138,False
TSLA,put,mid,Mon-0DTE,14:30,ITM,2026-02-23,2026-06-22,13,20.0,267,49.064,25.0,14.5,47.5,67.0,0.19623,23.0,-0.28125,False
TSLA,put,mid,Mon-0DTE,14:30,ITM,2026-02-23,2026-06-22,13,25.0,267,40.075,32.0,17.5,46.5,66.0,0.19623,23.0,-0.28125,False
TSLA,put,mid,Mon-0DTE,14:30,ITM,2026-02-23,2026-06-22,13,30.0,267,34.082,37.0,19.5,54.0,66.0,0.19623,23.0,-0.28125,False
TSLA,put,mid,Mon-0DTE,14:30,ITM,2026-02-23,2026-06-22,13,40.0,267,24.345,44.0,27.0,59.0,69.0,0.19623,23.0,-0.28125,False
TSLA,put,mid,Mon-0DTE,14:30,ITM,2026-02-23,2026-06-22,13,50.0,267,17.978,46.0,30.25,60.0,69.5,0.19623,23.0,-0.28125,False
TSLA,put,mid,Mon-0DTE,14:30,ITM,2026-02-23,2026-06-22,13,60.0,267,13.858,55.0,32.0,65.0,73.0,0.19623,23.0,-0.28125,False
TSLA,put,mid,Mon-0DTE,14:30,ITM,2026-02-23,2026-06-22,13,70.0,267,9.738,56.0,30.75,64.5,73.0,0.19623,23.0,-0.28125,False
TSLA,put,mid,Mon-0DTE,14:30,ITM,2026-02-23,2026-06-22,13,75.0,267,9.738,56.0,31.5,64.75,72.5,0.19623,23.0,-0.28125,False
TSLA,put,mid,Mon-0DTE,14:30,ITM,2026-02-23,2026-06-22,13,80.0,267,7.116,50.0,35.0,63.0,69.0,0.19623,23.0,-0.28125,False
TSLA,put,mid,Mon-0DTE,14:30,ITM,2026-02-23,2026-06-22,13,90.0,267,6.367,53.0,38.0,65.0,71.0,0.19623,23.0,-0.28125,False
TSLA,put,mid,Mon-0DTE,14:30,ITM,2026-02-23,2026-06-22,13,100.0,267,5.243,53.0,41.75,69.0,72.0,0.19623,23.0,-0.28125,False
TSLA,put,market,Mon-0DTE,14:30,ITM,2026-02-23,2026-06-22,13,20.0,267,44.195,29.5,16.25,47.75,67.0,0.17112,23.0,-0.30263,False
TSLA,put,market,Mon-0DTE,14:30,ITM,2026-02-23,2026-06-22,13,25.0,267,35.581,32.0,19.0,52.5,66.0,0.17112,23.0,-0.30263,False
TSLA,put,market,Mon-0DTE,14:30,ITM,2026-02-23,2026-06-22,13,30.0,267,31.835,38.0,22.0,58.0,69.0,0.17112,23.0,-0.30263,False
TSLA,put,market,Mon-0DTE,14:30,ITM,2026-02-23,2026-06-22,13,40.0,267,21.348,44.0,27.0,60.0,70.0,0.17112,23.0,-0.30263,False
TSLA,put,market,Mon-0DTE,14:30,ITM,2026-02-23,2026-06-22,13,50.0,267,16.105,48.0,33.5,62.0,70.0,0.17112,23.0,-0.30263,False
TSLA,put,market,Mon-0DTE,14:30,ITM,2026-02-23,2026-06-22,13,60.0,267,12.734,55.5,32.25,65.75,73.5,0.17112,23.0,-0.30263,False
TSLA,put,market,Mon-0DTE,14:30,ITM,2026-02-23,2026-06-22,13,70.0,267,9.738,56.0,31.5,64.75,71.0,0.17112,23.0,-0.30263,False
TSLA,put,market,Mon-0DTE,14:30,ITM,2026-02-23,2026-06-22,13,75.0,267,7.116,50.0,33.5,63.0,69.0,0.17112,23.0,-0.30263,False
TSLA,put,market,Mon-0DTE,14:30,ITM,2026-02-23,2026-06-22,13,80.0,267,6.367,52.0,33.0,64.0,74.0,0.17112,23.0,-0.30263,False
TSLA,put,market,Mon-0DTE,14:30,ITM,2026-02-23,2026-06-22,13,90.0,267,5.618,51.0,38.5,66.0,72.0,0.17112,23.0,-0.30263,False
TSLA,put,market,Mon-0DTE,14:30,ITM,2026-02-23,2026-06-22,13,100.0,267,4.494,69.5,38.75,76.0,73.5,0.17112,23.0,-0.30263,False
TSLA,put,mid,Mon-0DTE,15:00,ITM,2026-02-23,2026-06-22,14,20.0,270,35.926,17.0,7.0,28.0,39.0,0.127,14.0,-0.22816,False
TSLA,put,mid,Mon-0DTE,15:00,ITM,2026-02-23,2026-06-22,14,25.0,270,29.63,18.0,7.0,30.0,39.5,0.127,14.0,-0.22816,False
TSLA,put,mid,Mon-0DTE,15:00,ITM,2026-02-23,2026-06-22,14,30.0,270,24.815,20.0,7.5,30.0,39.0,0.127,14.0,-0.22816,False
TSLA,put,mid,Mon-0DTE,15:00,ITM,2026-02-23,2026-06-22,14,40.0,270,17.037,24.5,8.25,35.0,40.5,0.127,14.0,-0.22816,False
TSLA,put,mid,Mon-0DTE,15:00,ITM,2026-02-23,2026-06-22,14,50.0,270,11.852,24.5,13.75,35.5,39.0,0.127,14.0,-0.22816,False
TSLA,put,mid,Mon-0DTE,15:00,ITM,2026-02-23,2026-06-22,14,60.0,270,7.407,25.0,14.75,32.75,43.5,0.127,14.0,-0.22816,False
TSLA,put,mid,Mon-0DTE,15:00,ITM,2026-02-23,2026-06-22,14,70.0,270,7.037,32.0,20.0,40.5,44.0,0.127,14.0,-0.22816,False
TSLA,put,mid,Mon-0DTE,15:00,ITM,2026-02-23,2026-06-22,14,75.0,270,5.556,34.0,18.0,42.0,44.0,0.127,14.0,-0.22816,False
TSLA,put,mid,Mon-0DTE,15:00,ITM,2026-02-23,2026-06-22,14,80.0,270,3.704,25.0,13.75,34.5,42.0,0.127,14.0,-0.22816,False
TSLA,put,mid,Mon-0DTE,15:00,ITM,2026-02-23,2026-06-22,14,90.0,270,2.593,22.0,17.5,26.5,39.0,0.127,14.0,-0.22816,False
TSLA,put,mid,Mon-0DTE,15:00,ITM,2026-02-23,2026-06-22,14,100.0,270,2.222,28.0,22.0,31.75,41.5,0.127,14.0,-0.22816,False
TSLA,put,market,Mon-0DTE,15:00,ITM,2026-02-23,2026-06-22,14,20.0,270,31.852,18.5,7.0,29.75,40.5,0.10313,14.0,-0.24427,False
TSLA,put,market,Mon-0DTE,15:00,ITM,2026-02-23,2026-06-22,14,25.0,270,26.667,21.0,8.0,32.0,39.0,0.10313,14.0,-0.24427,False
TSLA,put,market,Mon-0DTE,15:00,ITM,2026-02-23,2026-06-22,14,30.0,270,20.37,22.0,8.5,32.0,39.0,0.10313,14.0,-0.24427,False
TSLA,put,market,Mon-0DTE,15:00,ITM,2026-02-23,2026-06-22,14,40.0,270,15.926,25.0,11.0,35.0,41.0,0.10313,14.0,-0.24427,False
TSLA,put,market,Mon-0DTE,15:00,ITM,2026-02-23,2026-06-22,14,50.0,270,10.0,25.0,14.5,33.5,39.0,0.10313,14.0,-0.24427,False
TSLA,put,market,Mon-0DTE,15:00,ITM,2026-02-23,2026-06-22,14,60.0,270,7.037,28.0,17.5,34.0,44.0,0.10313,14.0,-0.24427,False
TSLA,put,market,Mon-0DTE,15:00,ITM,2026-02-23,2026-06-22,14,70.0,270,5.556,34.0,19.0,42.0,44.0,0.10313,14.0,-0.24427,False
TSLA,put,market,Mon-0DTE,15:00,ITM,2026-02-23,2026-06-22,14,75.0,270,3.704,25.0,13.75,34.5,42.0,0.10313,14.0,-0.24427,False
TSLA,put,market,Mon-0DTE,15:00,ITM,2026-02-23,2026-06-22,14,80.0,270,3.704,26.5,20.5,37.5,42.0,0.10313,14.0,-0.24427,False
TSLA,put,market,Mon-0DTE,15:00,ITM,2026-02-23,2026-06-22,14,90.0,270,2.222,28.0,22.0,31.75,41.5,0.10313,14.0,-0.24427,False
TSLA,put,market,Mon-0DTE,15:00,ITM,2026-02-23,2026-06-22,14,100.0,270,2.222,28.0,22.0,31.75,41.5,0.10313,14.0,-0.24427,False
TSLA,put,mid,Mon-0DTE,15:30,ITM,2026-02-23,2026-06-15,12,20.0,61,21.311,11.0,6.0,12.0,28.0,0.03911,5.0,-0.14199,False
TSLA,put,mid,Mon-0DTE,15:30,ITM,2026-02-23,2026-06-15,12,25.0,61,18.033,10.0,5.5,16.0,23.0,0.03911,5.0,-0.14199,False
TSLA,put,mid,Mon-0DTE,15:30,ITM,2026-02-23,2026-06-15,12,30.0,61,14.754,10.0,7.0,12.0,25.0,0.03911,5.0,-0.14199,False
TSLA,put,mid,Mon-0DTE,15:30,ITM,2026-02-23,2026-06-15,12,40.0,61,8.197,10.0,10.0,13.0,26.0,0.03911,5.0,-0.14199,False
TSLA,put,mid,Mon-0DTE,15:30,ITM,2026-02-23,2026-06-15,12,50.0,61,8.197,15.0,11.0,20.0,23.0,0.03911,5.0,-0.14199,False
TSLA,put,mid,Mon-0DTE,15:30,ITM,2026-02-23,2026-06-15,12,60.0,61,3.279,13.5,10.25,16.75,26.0,0.03911,5.0,-0.14199,False
TSLA,put,mid,Mon-0DTE,15:30,ITM,2026-02-23,2026-06-15,12,70.0,61,3.279,15.0,12.5,17.5,25.5,0.03911,5.0,-0.14199,False
TSLA,put,mid,Mon-0DTE,15:30,ITM,2026-02-23,2026-06-15,12,75.0,61,1.639,10.0,10.0,10.0,29.0,0.03911,5.0,-0.14199,False
TSLA,put,mid,Mon-0DTE,15:30,ITM,2026-02-23,2026-06-15,12,80.0,61,1.639,10.0,10.0,10.0,29.0,0.03911,5.0,-0.14199,False
TSLA,put,mid,Mon-0DTE,15:30,ITM,2026-02-23,2026-06-15,12,90.0,61,1.639,11.0,11.0,11.0,29.0,0.03911,5.0,-0.14199,False
TSLA,put,mid,Mon-0DTE,15:30,ITM,2026-02-23,2026-06-15,12,100.0,61,1.639,11.0,11.0,11.0,29.0,0.03911,5.0,-0.14199,False
TSLA,put,market,Mon-0DTE,15:30,ITM,2026-02-23,2026-06-15,12,20.0,61,18.033,10.0,5.5,16.0,28.0,0.01853,5.0,-0.15898,False
TSLA,put,market,Mon-0DTE,15:30,ITM,2026-02-23,2026-06-15,12,25.0,61,16.393,10.0,4.75,18.0,24.0,0.01853,5.0,-0.15898,False
TSLA,put,market,Mon-0DTE,15:30,ITM,2026-02-23,2026-06-15,12,30.0,61,9.836,10.0,7.75,10.75,27.5,0.01853,5.0,-0.15898,False
TSLA,put,market,Mon-0DTE,15:30,ITM,2026-02-23,2026-06-15,12,40.0,61,8.197,12.0,10.0,15.0,26.0,0.01853,5.0,-0.15898,False
TSLA,put,market,Mon-0DTE,15:30,ITM,2026-02-23,2026-06-15,12,50.0,61,6.557,17.5,12.25,22.25,26.0,0.01853,5.0,-0.15898,False
TSLA,put,market,Mon-0DTE,15:30,ITM,2026-02-23,2026-06-15,12,60.0,61,3.279,14.5,11.75,17.25,26.0,0.01853,5.0,-0.15898,False
TSLA,put,market,Mon-0DTE,15:30,ITM,2026-02-23,2026-06-15,12,70.0,61,1.639,10.0,10.0,10.0,29.0,0.01853,5.0,-0.15898,False
TSLA,put,market,Mon-0DTE,15:30,ITM,2026-02-23,2026-06-15,12,75.0,61,1.639,11.0,11.0,11.0,29.0,0.01853,5.0,-0.15898,False
TSLA,put,market,Mon-0DTE,15:30,ITM,2026-02-23,2026-06-15,12,80.0,61,1.639,11.0,11.0,11.0,29.0,0.01853,5.0,-0.15898,False
TSLA,put,market,Mon-0DTE,15:30,ITM,2026-02-23,2026-06-15,12,90.0,61,1.639,11.0,11.0,11.0,29.0,0.01853,5.0,-0.15898,False
TSLA,put,market,Mon-0DTE,15:30,ITM,2026-02-23,2026-06-15,12,100.0,61,1.639,29.0,29.0,29.0,29.0,0.01853,5.0,-0.15898,False
TSLA,put,mid,Mon-0DTE,09:30,OTM1,2026-02-23,2026-07-06,19,20.0,93,69.892,8.0,3.0,29.0,342.0,0.66275,72.0,-0.98193,False
TSLA,put,mid,Mon-0DTE,09:30,OTM1,2026-02-23,2026-07-06,19,25.0,93,65.591,14.0,4.0,43.0,342.0,0.66275,72.0,-0.98193,False
TSLA,put,mid,Mon-0DTE,09:30,OTM1,2026-02-23,2026-07-06,19,30.0,93,60.215,16.5,5.75,49.0,352.5,0.66275,72.0,-0.98193,False
TSLA,put,mid,Mon-0DTE,09:30,OTM1,2026-02-23,2026-07-06,19,40.0,93,58.065,27.0,10.25,72.5,352.5,0.66275,72.0,-0.98193,False
TSLA,put,mid,Mon-0DTE,09:30,OTM1,2026-02-23,2026-07-06,19,50.0,93,54.839,41.0,12.0,78.5,358.0,0.66275,72.0,-0.98193,False
TSLA,put,mid,Mon-0DTE,09:30,OTM1,2026-02-23,2026-07-06,19,60.0,93,52.688,46.0,21.0,83.0,348.0,0.66275,72.0,-0.98193,False
TSLA,put,mid,Mon-0DTE,09:30,OTM1,2026-02-23,2026-07-06,19,70.0,93,47.312,51.5,25.75,90.25,359.0,0.66275,72.0,-0.98193,False
TSLA,put,mid,Mon-0DTE,09:30,OTM1,2026-02-23,2026-07-06,19,75.0,93,44.086,66.0,26.0,91.0,364.0,0.66275,72.0,-0.98193,False
TSLA,put,mid,Mon-0DTE,09:30,OTM1,2026-02-23,2026-07-06,19,80.0,93,44.086,69.0,26.0,91.0,364.0,0.66275,72.0,-0.98193,False
TSLA,put,mid,Mon-0DTE,09:30,OTM1,2026-02-23,2026-07-06,19,90.0,93,40.86,75.5,25.25,94.75,364.0,0.66275,72.0,-0.98193,False
TSLA,put,mid,Mon-0DTE,09:30,OTM1,2026-02-23,2026-07-06,19,100.0,93,39.785,82.0,27.0,99.0,364.0,0.66275,72.0,-0.98193,False
TSLA,put,market,Mon-0DTE,09:30,OTM1,2026-02-23,2026-07-06,19,20.0,93,65.591,14.0,4.0,49.0,342.0,0.56343,72.0,-1.0,False
TSLA,put,market,Mon-0DTE,09:30,OTM1,2026-02-23,2026-07-06,19,25.0,93,61.29,15.0,5.0,49.0,350.0,0.56343,72.0,-1.0,False
TSLA,put,market,Mon-0DTE,09:30,OTM1,2026-02-23,2026-07-06,19,30.0,93,60.215,20.0,6.75,51.0,345.0,0.56343,72.0,-1.0,False
TSLA,put,market,Mon-0DTE,09:30,OTM1,2026-02-23,2026-07-06,19,40.0,93,56.989,36.0,13.0,76.0,355.0,0.56343,72.0,-1.0,False
TSLA,put,market,Mon-0DTE,09:30,OTM1,2026-02-23,2026-07-06,19,50.0,93,52.688,42.0,17.0,81.0,357.0,0.56343,72.0,-1.0,False
TSLA,put,market,Mon-0DTE,09:30,OTM1,2026-02-23,2026-07-06,19,60.0,93,49.462,48.0,24.0,87.25,352.5,0.56343,72.0,-1.0,False
TSLA,put,market,Mon-0DTE,09:30,OTM1,2026-02-23,2026-07-06,19,70.0,93,44.086,66.0,26.0,91.0,364.0,0.56343,72.0,-1.0,False
TSLA,put,market,Mon-0DTE,09:30,OTM1,2026-02-23,2026-07-06,19,75.0,93,44.086,71.0,26.0,91.0,364.0,0.56343,72.0,-1.0,False
TSLA,put,market,Mon-0DTE,09:30,OTM1,2026-02-23,2026-07-06,19,80.0,93,43.011,70.5,25.75,92.0,364.0,0.56343,72.0,-1.0,False
TSLA,put,market,Mon-0DTE,09:30,OTM1,2026-02-23,2026-07-06,19,90.0,93,39.785,81.0,30.0,99.0,364.0,0.56343,72.0,-1.0,False
TSLA,put,market,Mon-0DTE,09:30,OTM1,2026-02-23,2026-07-06,19,100.0,93,39.785,82.0,31.0,101.0,364.0,0.56343,72.0,-1.0,False
TSLA,put,mid,Mon-0DTE,10:00,OTM1,2026-02-23,2026-07-06,19,20.0,105,74.286,8.0,3.0,26.5,301.5,1.06977,57.0,-0.97581,False
TSLA,put,mid,Mon-0DTE,10:00,OTM1,2026-02-23,2026-07-06,19,25.0,105,72.381,9.0,3.0,28.0,318.0,1.06977,57.0,-0.97581,False
TSLA,put,mid,Mon-0DTE,10:00,OTM1,2026-02-23,2026-07-06,19,30.0,105,69.524,14.0,5.0,32.0,331.0,1.06977,57.0,-0.97581,False
TSLA,put,mid,Mon-0DTE,10:00,OTM1,2026-02-23,2026-07-06,19,40.0,105,67.619,21.0,7.5,41.5,331.0,1.06977,57.0,-0.97581,False
TSLA,put,mid,Mon-0DTE,10:00,OTM1,2026-02-23,2026-07-06,19,50.0,105,61.905,22.0,10.0,46.0,334.0,1.06977,57.0,-0.97581,False
TSLA,put,mid,Mon-0DTE,10:00,OTM1,2026-02-23,2026-07-06,19,60.0,105,59.048,33.5,11.25,51.75,334.0,1.06977,57.0,-0.97581,False
TSLA,put,mid,Mon-0DTE,10:00,OTM1,2026-02-23,2026-07-06,19,70.0,105,55.238,39.0,14.75,65.75,336.0,1.06977,57.0,-0.97581,False
TSLA,put,mid,Mon-0DTE,10:00,OTM1,2026-02-23,2026-07-06,19,75.0,105,53.333,40.5,16.25,69.25,338.0,1.06977,57.0,-0.97581,False
TSLA,put,mid,Mon-0DTE,10:00,OTM1,2026-02-23,2026-07-06,19,80.0,105,51.429,40.5,18.25,70.0,338.0,1.06977,57.0,-0.97581,False
TSLA,put,mid,Mon-0DTE,10:00,OTM1,2026-02-23,2026-07-06,19,90.0,105,50.476,45.0,26.0,70.0,338.0,1.06977,57.0,-0.97581,False
TSLA,put,mid,Mon-0DTE,10:00,OTM1,2026-02-23,2026-07-06,19,100.0,105,50.476,51.0,27.0,74.0,338.0,1.06977,57.0,-0.97581,False
TSLA,put,market,Mon-0DTE,10:00,OTM1,2026-02-23,2026-07-06,19,20.0,105,72.381,11.5,4.0,30.25,317.0,0.95522,57.0,-1.0,False
TSLA,put,market,Mon-0DTE,10:00,OTM1,2026-02-23,2026-07-06,19,25.0,105,68.571,15.5,5.0,32.0,331.0,0.95522,57.0,-1.0,False
TSLA,put,market,Mon-0DTE,10:00,OTM1,2026-02-23,2026-07-06,19,30.0,105,67.619,18.0,7.0,36.5,331.0,0.95522,57.0,-1.0,False
TSLA,put,market,Mon-0DTE,10:00,OTM1,2026-02-23,2026-07-06,19,40.0,105,62.857,22.0,10.0,43.5,334.0,0.95522,57.0,-1.0,False
TSLA,put,market,Mon-0DTE,10:00,OTM1,2026-02-23,2026-07-06,19,50.0,105,60.952,31.5,11.75,52.0,334.0,0.95522,57.0,-1.0,False
TSLA,put,market,Mon-0DTE,10:00,OTM1,2026-02-23,2026-07-06,19,60.0,105,56.19,39.0,15.5,58.0,334.0,0.95522,57.0,-1.0,False
TSLA,put,market,Mon-0DTE,10:00,OTM1,2026-02-23,2026-07-06,19,70.0,105,51.429,40.5,16.75,70.0,338.0,0.95522,57.0,-1.0,False
TSLA,put,market,Mon-0DTE,10:00,OTM1,2026-02-23,2026-07-06,19,75.0,105,50.476,43.0,24.0,70.0,338.0,0.95522,57.0,-1.0,False
TSLA,put,market,Mon-0DTE,10:00,OTM1,2026-02-23,2026-07-06,19,80.0,105,50.476,50.0,26.0,70.0,338.0,0.95522,57.0,-1.0,False
TSLA,put,market,Mon-0DTE,10:00,OTM1,2026-02-23,2026-07-06,19,90.0,105,50.476,51.0,27.0,74.0,338.0,0.95522,57.0,-1.0,False
TSLA,put,market,Mon-0DTE,10:00,OTM1,2026-02-23,2026-07-06,19,100.0,105,48.571,53.0,30.5,77.0,338.0,0.95522,57.0,-1.0,False
TSLA,put,mid,Mon-0DTE,10:30,ATM,2026-02-23,2026-07-06,17,20.0,99,78.788,9.0,4.25,24.75,189.5,0.84568,46.0,-0.94483,False
TSLA,put,mid,Mon-0DTE,10:30,ATM,2026-02-23,2026-07-06,17,25.0,99,76.768,11.5,6.0,31.25,247.0,0.84568,46.0,-0.94483,False
TSLA,put,mid,Mon-0DTE,10:30,ATM,2026-02-23,2026-07-06,17,30.0,99,75.758,16.0,8.5,33.5,250.0,0.84568,46.0,-0.94483,False
TSLA,put,mid,Mon-0DTE,10:30,ATM,2026-02-23,2026-07-06,17,40.0,99,69.697,22.0,11.0,44.0,254.0,0.84568,46.0,-0.94483,False
TSLA,put,mid,Mon-0DTE,10:30,ATM,2026-02-23,2026-07-06,17,50.0,99,65.657,24.0,13.0,51.0,264.0,0.84568,46.0,-0.94483,False
TSLA,put,mid,Mon-0DTE,10:30,ATM,2026-02-23,2026-07-06,17,60.0,99,60.606,36.0,19.0,87.25,299.5,0.84568,46.0,-0.94483,False
TSLA,put,mid,Mon-0DTE,10:30,ATM,2026-02-23,2026-07-06,17,70.0,99,58.586,36.0,21.75,98.0,301.5,0.84568,46.0,-0.94483,False
TSLA,put,mid,Mon-0DTE,10:30,ATM,2026-02-23,2026-07-06,17,75.0,99,54.545,40.5,24.0,117.5,303.0,0.84568,46.0,-0.94483,False
TSLA,put,mid,Mon-0DTE,10:30,ATM,2026-02-23,2026-07-06,17,80.0,99,51.515,36.0,24.0,132.0,304.0,0.84568,46.0,-0.94483,False
TSLA,put,mid,Mon-0DTE,10:30,ATM,2026-02-23,2026-07-06,17,90.0,99,47.475,37.0,24.5,142.0,308.0,0.84568,46.0,-0.94483,False
TSLA,put,mid,Mon-0DTE,10:30,ATM,2026-02-23,2026-07-06,17,100.0,99,44.444,43.5,26.0,152.0,309.0,0.84568,46.0,-0.94483,False
TSLA,put,market,Mon-0DTE,10:30,ATM,2026-02-23,2026-07-06,17,20.0,99,76.768,11.5,6.0,26.5,247.0,0.78667,46.0,-0.96271,False
TSLA,put,market,Mon-0DTE,10:30,ATM,2026-02-23,2026-07-06,17,25.0,99,75.758,16.0,8.0,34.0,250.0,0.78667,46.0,-0.96271,False
TSLA,put,market,Mon-0DTE,10:30,ATM,2026-02-23,2026-07-06,17,30.0,99,70.707,17.0,9.25,41.25,257.0,0.78667,46.0,-0.96271,False
TSLA,put,market,Mon-0DTE,10:30,ATM,2026-02-23,2026-07-06,17,40.0,99,67.677,23.0,11.5,49.0,259.0,0.78667,46.0,-0.96271,False
TSLA,put,market,Mon-0DTE,10:30,ATM,2026-02-23,2026-07-06,17,50.0,99,60.606,30.5,14.75,56.75,299.5,0.78667,46.0,-0.96271,False
TSLA,put,market,Mon-0DTE,10:30,ATM,2026-02-23,2026-07-06,17,60.0,99,58.586,36.0,21.0,97.25,301.5,0.78667,46.0,-0.96271,False
TSLA,put,market,Mon-0DTE,10:30,ATM,2026-02-23,2026-07-06,17,70.0,99,54.545,40.5,24.0,125.0,303.0,0.78667,46.0,-0.96271,False
TSLA,put,market,Mon-0DTE,10:30,ATM,2026-02-23,2026-07-06,17,75.0,99,51.515,36.0,24.0,132.0,304.0,0.78667,46.0,-0.96271,False
TSLA,put,market,Mon-0DTE,10:30,ATM,2026-02-23,2026-07-06,17,80.0,99,47.475,37.0,24.5,142.0,308.0,0.78667,46.0,-0.96271,False
TSLA,put,market,Mon-0DTE,10:30,ATM,2026-02-23,2026-07-06,17,90.0,99,46.465,40.5,24.5,147.5,308.5,0.78667,46.0,-0.96271,False
TSLA,put,market,Mon-0DTE,10:30,ATM,2026-02-23,2026-07-06,17,100.0,99,42.424,43.5,26.5,156.0,309.0,0.78667,46.0,-0.96271,False
TSLA,put,mid,Mon-0DTE,11:00,ITM,2026-02-23,2026-06-22,15,20.0,370,64.054,21.0,9.0,75.0,263.0,0.34797,52.0,-0.4403,False
TSLA,put,mid,Mon-0DTE,11:00,ITM,2026-02-23,2026-06-22,15,25.0,370,59.73,36.0,10.0,92.0,261.0,0.34797,52.0,-0.4403,False
TSLA,put,mid,Mon-0DTE,11:00,ITM,2026-02-23,2026-06-22,15,30.0,370,55.676,55.0,14.0,104.0,261.0,0.34797,52.0,-0.4403,False
TSLA,put,mid,Mon-0DTE,11:00,ITM,2026-02-23,2026-06-22,15,40.0,370,45.135,75.0,20.0,113.0,258.0,0.34797,52.0,-0.4403,False
TSLA,put,mid,Mon-0DTE,11:00,ITM,2026-02-23,2026-06-22,15,50.0,370,37.838,93.0,26.75,132.75,255.5,0.34797,52.0,-0.4403,False
TSLA,put,mid,Mon-0DTE,11:00,ITM,2026-02-23,2026-06-22,15,60.0,370,30.27,103.5,62.75,188.5,266.5,0.34797,52.0,-0.4403,False
TSLA,put,mid,Mon-0DTE,11:00,ITM,2026-02-23,2026-06-22,15,70.0,370,25.676,109.0,77.5,189.0,265.0,0.34797,52.0,-0.4403,False
TSLA,put,mid,Mon-0DTE,11:00,ITM,2026-02-23,2026-06-22,15,75.0,370,23.784,114.0,79.0,206.25,269.0,0.34797,52.0,-0.4403,False
TSLA,put,mid,Mon-0DTE,11:00,ITM,2026-02-23,2026-06-22,15,80.0,370,20.27,113.0,81.0,205.5,270.0,0.34797,52.0,-0.4403,False
TSLA,put,mid,Mon-0DTE,11:00,ITM,2026-02-23,2026-06-22,15,90.0,370,16.757,117.5,96.5,202.25,268.5,0.34797,52.0,-0.4403,False
TSLA,put,mid,Mon-0DTE,11:00,ITM,2026-02-23,2026-06-22,15,100.0,370,13.784,120.0,102.0,221.5,274.0,0.34797,52.0,-0.4403,False
TSLA,put,market,Mon-0DTE,11:00,ITM,2026-02-23,2026-06-22,15,20.0,370,61.351,24.0,9.5,82.5,263.0,0.32128,52.0,-0.45452,False
TSLA,put,market,Mon-0DTE,11:00,ITM,2026-02-23,2026-06-22,15,25.0,370,56.757,45.5,14.0,101.5,262.0,0.32128,52.0,-0.45452,False
TSLA,put,market,Mon-0DTE,11:00,ITM,2026-02-23,2026-06-22,15,30.0,370,52.162,63.0,16.0,108.0,260.0,0.32128,52.0,-0.45452,False
TSLA,put,market,Mon-0DTE,11:00,ITM,2026-02-23,2026-06-22,15,40.0,370,43.514,78.0,24.0,113.0,248.0,0.32128,52.0,-0.45452,False
TSLA,put,market,Mon-0DTE,11:00,ITM,2026-02-23,2026-06-22,15,50.0,370,34.595,94.0,32.5,173.25,264.0,0.32128,52.0,-0.45452,False
TSLA,put,market,Mon-0DTE,11:00,ITM,2026-02-23,2026-06-22,15,60.0,370,28.649,104.5,70.5,189.5,266.5,0.32128,52.0,-0.45452,False
TSLA,put,market,Mon-0DTE,11:00,ITM,2026-02-23,2026-06-22,15,70.0,370,24.324,114.0,79.25,219.75,269.0,0.32128,52.0,-0.45452,False
TSLA,put,market,Mon-0DTE,11:00,ITM,2026-02-23,2026-06-22,15,75.0,370,21.351,114.0,80.0,205.5,268.0,0.32128,52.0,-0.45452,False
TSLA,put,market,Mon-0DTE,11:00,ITM,2026-02-23,2026-06-22,15,80.0,370,19.459,117.0,89.75,212.75,269.5,0.32128,52.0,-0.45452,False
TSLA,put,market,Mon-0DTE,11:00,ITM,2026-02-23,2026-06-22,15,90.0,370,15.405,120.0,103.0,198.0,273.0,0.32128,52.0,-0.45452,False
TSLA,put,market,Mon-0DTE,11:00,ITM,2026-02-23,2026-06-22,15,100.0,370,12.703,128.0,104.0,227.0,274.0,0.32128,52.0,-0.45452,False
TSLA,put,mid,Mon-0DTE,11:30,ITM,2026-02-23,2026-06-15,14,20.0,337,55.786,36.5,15.0,64.0,243.0,0.25287,72.0,-0.39794,False
TSLA,put,mid,Mon-0DTE,11:30,ITM,2026-02-23,2026-06-15,14,25.0,337,51.335,41.0,21.0,73.0,242.0,0.25287,72.0,-0.39794,False
TSLA,put,mid,Mon-0DTE,11:30,ITM,2026-02-23,2026-06-15,14,30.0,337,46.291,44.0,25.0,74.25,242.0,0.25287,72.0,-0.39794,False
TSLA,put,mid,Mon-0DTE,11:30,ITM,2026-02-23,2026-06-15,14,40.0,337,40.059,57.0,30.5,90.5,240.0,0.25287,72.0,-0.39794,False
TSLA,put,mid,Mon-0DTE,11:30,ITM,2026-02-23,2026-06-15,14,50.0,337,36.202,67.0,33.25,101.5,241.0,0.25287,72.0,-0.39794,False
TSLA,put,mid,Mon-0DTE,11:30,ITM,2026-02-23,2026-06-15,14,60.0,337,31.751,77.0,40.5,138.0,243.0,0.25287,72.0,-0.39794,False
TSLA,put,mid,Mon-0DTE,11:30,ITM,2026-02-23,2026-06-15,14,70.0,337,26.113,80.0,44.5,147.0,244.0,0.25287,72.0,-0.39794,False
TSLA,put,mid,Mon-0DTE,11:30,ITM,2026-02-23,2026-06-15,14,75.0,337,24.629,87.0,47.5,164.0,244.0,0.25287,72.0,-0.39794,False
TSLA,put,mid,Mon-0DTE,11:30,ITM,2026-02-23,2026-06-15,14,80.0,337,23.145,88.0,52.0,190.75,247.0,0.25287,72.0,-0.39794,False
TSLA,put,mid,Mon-0DTE,11:30,ITM,2026-02-23,2026-06-15,14,90.0,337,20.178,91.5,62.75,213.75,247.0,0.25287,72.0,-0.39794,False
TSLA,put,mid,Mon-0DTE,11:30,ITM,2026-02-23,2026-06-15,14,100.0,337,18.101,96.0,69.0,222.0,249.0,0.25287,72.0,-0.39794,False
TSLA,put,market,Mon-0DTE,11:30,ITM,2026-02-23,2026-06-15,14,20.0,337,53.709,39.0,19.0,70.0,243.0,0.22678,72.0,-0.41117,False
TSLA,put,market,Mon-0DTE,11:30,ITM,2026-02-23,2026-06-15,14,25.0,337,48.071,44.0,24.0,74.0,242.0,0.22678,72.0,-0.41117,False
TSLA,put,market,Mon-0DTE,11:30,ITM,2026-02-23,2026-06-15,14,30.0,337,43.917,46.0,27.0,81.0,241.0,0.22678,72.0,-0.41117,False
TSLA,put,market,Mon-0DTE,11:30,ITM,2026-02-23,2026-06-15,14,40.0,337,39.169,60.5,32.75,92.0,239.5,0.22678,72.0,-0.41117,False
TSLA,put,market,Mon-0DTE,11:30,ITM,2026-02-23,2026-06-15,14,50.0,337,34.421,71.0,35.75,113.5,241.0,0.22678,72.0,-0.41117,False
TSLA,put,market,Mon-0DTE,11:30,ITM,2026-02-23,2026-06-15,14,60.0,337,29.377,78.0,40.0,125.5,244.0,0.22678,72.0,-0.41117,False
TSLA,put,market,Mon-0DTE,11:30,ITM,2026-02-23,2026-06-15,14,70.0,337,25.816,85.0,47.5,156.0,244.0,0.22678,72.0,-0.41117,False
TSLA,put,market,Mon-0DTE,11:30,ITM,2026-02-23,2026-06-15,14,75.0,337,24.036,88.0,50.0,178.0,246.0,0.22678,72.0,-0.41117,False
TSLA,put,market,Mon-0DTE,11:30,ITM,2026-02-23,2026-06-15,14,80.0,337,21.662,87.0,55.0,159.0,248.0,0.22678,72.0,-0.41117,False
TSLA,put,market,Mon-0DTE,11:30,ITM,2026-02-23,2026-06-15,14,90.0,337,19.288,95.0,64.0,217.0,249.0,0.22678,72.0,-0.41117,False
TSLA,put,market,Mon-0DTE,11:30,ITM,2026-02-23,2026-06-15,14,100.0,337,17.507,100.0,74.0,221.0,249.0,0.22678,72.0,-0.41117,False
TSLA,put,mid,Mon-0DTE,12:00,ITM,2026-02-23,2026-06-15,13,20.0,309,60.194,21.5,10.25,45.75,218.0,0.31748,95.0,-0.29735,False
TSLA,put,mid,Mon-0DTE,12:00,ITM,2026-02-23,2026-06-15,13,25.0,309,54.045,28.0,13.5,57.0,217.0,0.31748,95.0,-0.29735,False
TSLA,put,mid,Mon-0DTE,12:00,ITM,2026-02-23,2026-06-15,13,30.0,309,51.133,36.5,17.0,70.0,218.0,0.31748,95.0,-0.29735,False
TSLA,put,mid,Mon-0DTE,12:00,ITM,2026-02-23,2026-06-15,13,40.0,309,44.984,47.0,22.0,129.0,215.0,0.31748,95.0,-0.29735,False
TSLA,put,mid,Mon-0DTE,12:00,ITM,2026-02-23,2026-06-15,13,50.0,309,35.599,50.5,25.0,116.25,214.0,0.31748,95.0,-0.29735,False
TSLA,put,mid,Mon-0DTE,12:00,ITM,2026-02-23,2026-06-15,13,60.0,309,32.362,68.0,36.75,147.25,209.0,0.31748,95.0,-0.29735,False
TSLA,put,mid,Mon-0DTE,12:00,ITM,2026-02-23,2026-06-15,13,70.0,309,26.537,68.0,43.75,153.75,207.5,0.31748,95.0,-0.29735,False
TSLA,put,mid,Mon-0DTE,12:00,ITM,2026-02-23,2026-06-15,13,75.0,309,23.301,70.0,45.5,132.0,204.0,0.31748,95.0,-0.29735,False
TSLA,put,mid,Mon-0DTE,12:00,ITM,2026-02-23,2026-06-15,13,80.0,309,22.006,68.0,46.75,140.0,207.0,0.31748,95.0,-0.29735,False
TSLA,put,mid,Mon-0DTE,12:00,ITM,2026-02-23,2026-06-15,13,90.0,309,18.123,74.0,51.75,133.5,202.0,0.31748,95.0,-0.29735,False
TSLA,put,mid,Mon-0DTE,12:00,ITM,2026-02-23,2026-06-15,13,100.0,309,16.181,76.0,53.0,134.5,197.0,0.31748,95.0,-0.29735,False
TSLA,put,market,Mon-0DTE,12:00,ITM,2026-02-23,2026-06-15,13,20.0,309,57.282,27.0,12.0,50.0,217.0,0.29014,95.0,-0.31127,False
TSLA,put,market,Mon-0DTE,12:00,ITM,2026-02-23,2026-06-15,13,25.0,309,51.456,31.0,14.5,63.5,218.0,0.29014,95.0,-0.31127,False
TSLA,put,market,Mon-0DTE,12:00,ITM,2026-02-23,2026-06-15,13,30.0,309,48.867,39.0,18.0,99.0,218.0,0.29014,95.0,-0.31127,False
TSLA,put,market,Mon-0DTE,12:00,ITM,2026-02-23,2026-06-15,13,40.0,309,42.071,51.0,23.0,129.75,214.0,0.29014,95.0,-0.31127,False
TSLA,put,market,Mon-0DTE,12:00,ITM,2026-02-23,2026-06-15,13,50.0,309,35.275,53.0,29.0,124.0,213.0,0.29014,95.0,-0.31127,False
TSLA,put,market,Mon-0DTE,12:00,ITM,2026-02-23,2026-06-15,13,60.0,309,29.126,67.5,38.25,132.25,208.5,0.29014,95.0,-0.31127,False
TSLA,put,market,Mon-0DTE,12:00,ITM,2026-02-23,2026-06-15,13,70.0,309,23.625,70.0,46.0,129.0,203.0,0.29014,95.0,-0.31127,False
TSLA,put,market,Mon-0DTE,12:00,ITM,2026-02-23,2026-06-15,13,75.0,309,22.33,65.0,47.0,134.0,205.0,0.29014,95.0,-0.31127,False
TSLA,put,market,Mon-0DTE,12:00,ITM,2026-02-23,2026-06-15,13,80.0,309,20.712,73.0,47.75,131.75,201.5,0.29014,95.0,-0.31127,False
TSLA,put,market,Mon-0DTE,12:00,ITM,2026-02-23,2026-06-15,13,90.0,309,16.828,72.5,52.0,136.25,199.0,0.29014,95.0,-0.31127,False
TSLA,put,market,Mon-0DTE,12:00,ITM,2026-02-23,2026-06-15,13,100.0,309,14.563,78.0,56.0,131.0,194.0,0.29014,95.0,-0.31127,False
TSLA,put,mid,Mon-0DTE,09:30,ATM,2026-02-23,2026-07-06,19,20.0,91,72.527,11.5,3.0,27.75,362.0,0.68293,76.0,-0.98661,False
TSLA,put,mid,Mon-0DTE,09:30,ATM,2026-02-23,2026-07-06,19,25.0,91,69.231,17.0,5.0,50.0,363.0,0.68293,76.0,-0.98661,False
TSLA,put,mid,Mon-0DTE,09:30,ATM,2026-02-23,2026-07-06,19,30.0,91,64.835,20.0,6.5,49.0,363.0,0.68293,76.0,-0.98661,False
TSLA,put,mid,Mon-0DTE,09:30,ATM,2026-02-23,2026-07-06,19,40.0,91,60.44,37.0,11.0,71.0,363.0,0.68293,76.0,-0.98661,False
TSLA,put,mid,Mon-0DTE,09:30,ATM,2026-02-23,2026-07-06,19,50.0,91,58.242,42.0,14.0,81.0,363.0,0.68293,76.0,-0.98661,False
TSLA,put,mid,Mon-0DTE,09:30,ATM,2026-02-23,2026-07-06,19,60.0,91,54.945,56.0,25.0,87.5,359.0,0.68293,76.0,-0.98661,False
TSLA,put,mid,Mon-0DTE,09:30,ATM,2026-02-23,2026-07-06,19,70.0,91,49.451,69.0,26.0,99.0,363.0,0.68293,76.0,-0.98661,False
TSLA,put,mid,Mon-0DTE,09:30,ATM,2026-02-23,2026-07-06,19,75.0,91,47.253,79.0,27.0,102.5,363.0,0.68293,76.0,-0.98661,False
TSLA,put,mid,Mon-0DTE,09:30,ATM,2026-02-23,2026-07-06,19,80.0,91,43.956,77.5,25.75,99.5,364.0,0.68293,76.0,-0.98661,False
TSLA,put,mid,Mon-0DTE,09:30,ATM,2026-02-23,2026-07-06,19,90.0,91,41.758,80.5,32.5,100.75,364.5,0.68293,76.0,-0.98661,False
TSLA,put,mid,Mon-0DTE,09:30,ATM,2026-02-23,2026-07-06,19,100.0,91,39.56,83.0,30.25,101.0,364.5,0.68293,76.0,-0.98661,False
TSLA,put,market,Mon-0DTE,09:30,ATM,2026-02-23,2026-07-06,19,20.0,91,70.33,14.5,4.0,49.0,362.5,0.64602,76.0,-1.0,False
TSLA,put,market,Mon-0DTE,09:30,ATM,2026-02-23,2026-07-06,19,25.0,91,65.934,20.0,6.75,49.5,362.5,0.64602,76.0,-1.0,False
TSLA,put,market,Mon-0DTE,09:30,ATM,2026-02-23,2026-07-06,19,30.0,91,62.637,23.0,9.0,58.0,363.0,0.64602,76.0,-1.0,False
TSLA,put,market,Mon-0DTE,09:30,ATM,2026-02-23,2026-07-06,19,40.0,91,59.341,37.5,14.0,74.75,363.0,0.64602,76.0,-1.0,False
TSLA,put,market,Mon-0DTE,09:30,ATM,2026-02-23,2026-07-06,19,50.0,91,57.143,45.5,21.75,86.0,360.0,0.64602,76.0,-1.0,False
TSLA,put,market,Mon-0DTE,09:30,ATM,2026-02-23,2026-07-06,19,60.0,91,52.747,63.5,26.75,91.75,361.0,0.64602,76.0,-1.0,False
TSLA,put,market,Mon-0DTE,09:30,ATM,2026-02-23,2026-07-06,19,70.0,91,46.154,71.5,26.5,103.25,363.5,0.64602,76.0,-1.0,False
TSLA,put,market,Mon-0DTE,09:30,ATM,2026-02-23,2026-07-06,19,75.0,91,43.956,76.5,25.75,99.5,364.0,0.64602,76.0,-1.0,False
TSLA,put,market,Mon-0DTE,09:30,ATM,2026-02-23,2026-07-06,19,80.0,91,42.857,80.0,33.5,100.0,364.0,0.64602,76.0,-1.0,False
TSLA,put,market,Mon-0DTE,09:30,ATM,2026-02-23,2026-07-06,19,90.0,91,40.659,81.0,31.0,100.0,364.0,0.64602,76.0,-1.0,False
TSLA,put,market,Mon-0DTE,09:30,ATM,2026-02-23,2026-07-06,19,100.0,91,39.56,83.5,30.25,176.25,364.0,0.64602,76.0,-1.0,False
TSLA,put,mid,Mon-0DTE,10:00,ATM,2026-02-23,2026-07-06,18,20.0,103,73.786,10.5,3.75,25.5,333.0,0.90135,62.0,-0.94502,False
TSLA,put,mid,Mon-0DTE,10:00,ATM,2026-02-23,2026-07-06,18,25.0,103,70.874,14.0,4.0,27.0,333.0,0.90135,62.0,-0.94502,False
TSLA,put,mid,Mon-0DTE,10:00,ATM,2026-02-23,2026-07-06,18,30.0,103,69.903,16.5,6.0,31.5,333.0,0.90135,62.0,-0.94502,False
TSLA,put,mid,Mon-0DTE,10:00,ATM,2026-02-23,2026-07-06,18,40.0,103,66.019,21.0,9.75,39.0,333.5,0.90135,62.0,-0.94502,False
TSLA,put,mid,Mon-0DTE,10:00,ATM,2026-02-23,2026-07-06,18,50.0,103,62.136,28.5,12.75,44.0,336.0,0.90135,62.0,-0.94502,False
TSLA,put,mid,Mon-0DTE,10:00,ATM,2026-02-23,2026-07-06,18,60.0,103,58.252,40.0,17.0,56.0,338.5,0.90135,62.0,-0.94502,False
TSLA,put,mid,Mon-0DTE,10:00,ATM,2026-02-23,2026-07-06,18,70.0,103,53.398,47.0,25.0,66.0,339.0,0.90135,62.0,-0.94502,False
TSLA,put,mid,Mon-0DTE,10:00,ATM,2026-02-23,2026-07-06,18,75.0,103,51.456,45.0,24.0,68.0,339.0,0.90135,62.0,-0.94502,False
TSLA,put,mid,Mon-0DTE,10:00,ATM,2026-02-23,2026-07-06,18,80.0,103,51.456,50.0,27.0,70.0,339.0,0.90135,62.0,-0.94502,False
TSLA,put,mid,Mon-0DTE,10:00,ATM,2026-02-23,2026-07-06,18,90.0,103,50.485,53.5,29.75,71.0,339.0,0.90135,62.0,-0.94502,False
TSLA,put,mid,Mon-0DTE,10:00,ATM,2026-02-23,2026-07-06,18,100.0,103,48.544,57.5,42.5,87.75,339.0,0.90135,62.0,-0.94502,False
TSLA,put,market,Mon-0DTE,10:00,ATM,2026-02-23,2026-07-06,18,20.0,103,71.845,13.0,4.0,27.0,333.0,0.83772,62.0,-0.96284,False
TSLA,put,market,Mon-0DTE,10:00,ATM,2026-02-23,2026-07-06,18,25.0,103,69.903,16.5,6.0,31.5,333.0,0.83772,62.0,-0.96284,False
TSLA,put,market,Mon-0DTE,10:00,ATM,2026-02-23,2026-07-06,18,30.0,103,68.932,18.0,7.5,34.5,333.0,0.83772,62.0,-0.96284,False
TSLA,put,market,Mon-0DTE,10:00,ATM,2026-02-23,2026-07-06,18,40.0,103,65.049,23.0,11.5,40.5,334.0,0.83772,62.0,-0.96284,False
TSLA,put,market,Mon-0DTE,10:00,ATM,2026-02-23,2026-07-06,18,50.0,103,59.223,39.0,16.0,55.0,338.0,0.83772,62.0,-0.96284,False
TSLA,put,market,Mon-0DTE,10:00,ATM,2026-02-23,2026-07-06,18,60.0,103,55.34,41.0,17.0,60.0,339.0,0.83772,62.0,-0.96284,False
TSLA,put,market,Mon-0DTE,10:00,ATM,2026-02-23,2026-07-06,18,70.0,103,51.456,45.0,24.0,69.0,339.0,0.83772,62.0,-0.96284,False
TSLA,put,market,Mon-0DTE,10:00,ATM,2026-02-23,2026-07-06,18,75.0,103,50.485,47.5,26.75,70.25,339.0,0.83772,62.0,-0.96284,False
TSLA,put,market,Mon-0DTE,10:00,ATM,2026-02-23,2026-07-06,18,80.0,103,50.485,51.0,28.25,71.0,339.0,0.83772,62.0,-0.96284,False
TSLA,put,market,Mon-0DTE,10:00,ATM,2026-02-23,2026-07-06,18,90.0,103,48.544,56.0,41.25,87.25,339.0,0.83772,62.0,-0.96284,False
TSLA,put,market,Mon-0DTE,10:00,ATM,2026-02-23,2026-07-06,18,100.0,103,48.544,61.0,47.25,107.5,339.0,0.83772,62.0,-0.96284,False
TSLA,put,mid,Mon-0DTE,10:30,ITM,2026-02-23,2026-07-06,17,20.0,391,77.494,21.0,11.0,40.5,287.0,0.4781,58.0,-0.41785,False
TSLA,put,mid,Mon-0DTE,10:30,ITM,2026-02-23,2026-07-06,17,25.0,391,71.867,26.0,14.0,54.0,288.0,0.4781,58.0,-0.41785,False
TSLA,put,mid,Mon-0DTE,10:30,ITM,2026-02-23,2026-07-06,17,30.0,391,66.496,32.5,17.0,70.5,299.5,0.4781,58.0,-0.41785,False
TSLA,put,mid,Mon-0DTE,10:30,ITM,2026-02-23,2026-07-06,17,40.0,391,57.801,43.0,24.0,119.0,302.0,0.4781,58.0,-0.41785,False
TSLA,put,mid,Mon-0DTE,10:30,ITM,2026-02-23,2026-07-06,17,50.0,391,48.338,55.0,28.0,145.0,303.0,0.4781,58.0,-0.41785,False
TSLA,put,mid,Mon-0DTE,10:30,ITM,2026-02-23,2026-07-06,17,60.0,391,41.176,89.0,33.0,170.0,304.0,0.4781,58.0,-0.41785,False
TSLA,put,mid,Mon-0DTE,10:30,ITM,2026-02-23,2026-07-06,17,70.0,391,34.015,102.0,35.0,167.0,305.0,0.4781,58.0,-0.41785,False
TSLA,put,mid,Mon-0DTE,10:30,ITM,2026-02-23,2026-07-06,17,75.0,391,31.458,109.0,39.5,166.5,304.0,0.4781,58.0,-0.41785,False
TSLA,put,mid,Mon-0DTE,10:30,ITM,2026-02-23,2026-07-06,17,80.0,391,27.621,110.5,40.75,170.0,306.0,0.4781,58.0,-0.41785,False
TSLA,put,mid,Mon-0DTE,10:30,ITM,2026-02-23,2026-07-06,17,90.0,391,23.529,122.0,47.75,181.0,305.5,0.4781,58.0,-0.41785,False
TSLA,put,mid,Mon-0DTE,10:30,ITM,2026-02-23,2026-07-06,17,100.0,391,20.205,125.0,46.5,188.0,304.0,0.4781,58.0,-0.41785,False
TSLA,put,market,Mon-0DTE,10:30,ITM,2026-02-23,2026-07-06,17,20.0,391,74.169,22.0,11.0,46.5,287.0,0.44516,58.0,-0.43002,False
TSLA,put,market,Mon-0DTE,10:30,ITM,2026-02-23,2026-07-06,17,25.0,391,69.309,29.0,15.0,63.5,297.0,0.44516,58.0,-0.43002,False
TSLA,put,market,Mon-0DTE,10:30,ITM,2026-02-23,2026-07-06,17,30.0,391,62.916,35.0,19.0,91.0,302.0,0.44516,58.0,-0.43002,False
TSLA,put,market,Mon-0DTE,10:30,ITM,2026-02-23,2026-07-06,17,40.0,391,53.708,46.5,24.25,137.0,304.0,0.44516,58.0,-0.43002,False
TSLA,put,market,Mon-0DTE,10:30,ITM,2026-02-23,2026-07-06,17,50.0,391,46.292,66.0,29.0,157.0,300.0,0.44516,58.0,-0.43002,False
TSLA,put,market,Mon-0DTE,10:30,ITM,2026-02-23,2026-07-06,17,60.0,391,39.386,100.0,34.25,181.0,304.0,0.44516,58.0,-0.43002,False
TSLA,put,market,Mon-0DTE,10:30,ITM,2026-02-23,2026-07-06,17,70.0,391,32.481,109.0,36.5,175.0,305.0,0.44516,58.0,-0.43002,False
TSLA,put,market,Mon-0DTE,10:30,ITM,2026-02-23,2026-07-06,17,75.0,391,29.156,111.5,41.0,167.75,304.0,0.44516,58.0,-0.43002,False
TSLA,put,market,Mon-0DTE,10:30,ITM,2026-02-23,2026-07-06,17,80.0,391,25.575,121.5,41.0,185.0,305.0,0.44516,58.0,-0.43002,False
TSLA,put,market,Mon-0DTE,10:30,ITM,2026-02-23,2026-07-06,17,90.0,391,22.251,122.0,50.5,180.0,304.0,0.44516,58.0,-0.43002,False
TSLA,put,market,Mon-0DTE,10:30,ITM,2026-02-23,2026-07-06,17,100.0,391,18.926,128.5,60.0,207.25,304.0,0.44516,58.0,-0.43002,False
TSLA,put,mid,Mon-0DTE,09:30,ITM,2026-02-23,2026-07-06,19,20.0,351,73.219,21.0,9.0,58.0,364.0,0.53846,87.0,-0.60914,False
TSLA,put,mid,Mon-0DTE,09:30,ITM,2026-02-23,2026-07-06,19,25.0,351,69.516,33.5,13.75,66.0,363.5,0.53846,87.0,-0.60914,False
TSLA,put,mid,Mon-0DTE,09:30,ITM,2026-02-23,2026-07-06,19,30.0,351,66.382,41.0,16.0,77.0,364.0,0.53846,87.0,-0.60914,False
TSLA,put,mid,Mon-0DTE,09:30,ITM,2026-02-23,2026-07-06,19,40.0,351,58.405,57.0,23.0,90.0,364.0,0.53846,87.0,-0.60914,False
TSLA,put,mid,Mon-0DTE,09:30,ITM,2026-02-23,2026-07-06,19,50.0,351,53.561,76.0,35.75,153.25,363.0,0.53846,87.0,-0.60914,False
TSLA,put,mid,Mon-0DTE,09:30,ITM,2026-02-23,2026-07-06,19,60.0,351,44.16,82.0,45.0,179.5,364.0,0.53846,87.0,-0.60914,False
TSLA,put,mid,Mon-0DTE,09:30,ITM,2026-02-23,2026-07-06,19,70.0,351,38.177,90.0,53.25,208.75,364.0,0.53846,87.0,-0.60914,False
TSLA,put,mid,Mon-0DTE,09:30,ITM,2026-02-23,2026-07-06,19,75.0,351,35.043,91.0,60.5,215.5,364.0,0.53846,87.0,-0.60914,False
TSLA,put,mid,Mon-0DTE,09:30,ITM,2026-02-23,2026-07-06,19,80.0,351,33.903,94.0,61.5,242.0,364.0,0.53846,87.0,-0.60914,False
TSLA,put,mid,Mon-0DTE,09:30,ITM,2026-02-23,2026-07-06,19,90.0,351,29.345,100.0,68.0,237.5,364.0,0.53846,87.0,-0.60914,False
TSLA,put,mid,Mon-0DTE,09:30,ITM,2026-02-23,2026-07-06,19,100.0,351,23.647,117.0,69.0,247.5,364.0,0.53846,87.0,-0.60914,False
TSLA,put,market,Mon-0DTE,09:30,ITM,2026-02-23,2026-07-06,19,20.0,351,71.51,26.0,10.0,61.0,364.0,0.50292,87.0,-0.61803,False
TSLA,put,market,Mon-0DTE,09:30,ITM,2026-02-23,2026-07-06,19,25.0,351,68.661,39.0,14.0,71.0,363.0,0.50292,87.0,-0.61803,False
TSLA,put,market,Mon-0DTE,09:30,ITM,2026-02-23,2026-07-06,19,30.0,351,64.672,43.0,17.5,80.0,364.0,0.50292,87.0,-0.61803,False
TSLA,put,market,Mon-0DTE,09:30,ITM,2026-02-23,2026-07-06,19,40.0,351,56.695,70.0,25.0,92.0,364.0,0.50292,87.0,-0.61803,False
TSLA,put,market,Mon-0DTE,09:30,ITM,2026-02-23,2026-07-06,19,50.0,351,50.142,79.0,39.0,165.5,364.0,0.50292,87.0,-0.61803,False
TSLA,put,market,Mon-0DTE,09:30,ITM,2026-02-23,2026-07-06,19,60.0,351,41.88,86.0,46.0,186.5,364.0,0.50292,87.0,-0.61803,False
TSLA,put,market,Mon-0DTE,09:30,ITM,2026-02-23,2026-07-06,19,70.0,351,35.328,90.0,56.75,210.0,364.0,0.50292,87.0,-0.61803,False
TSLA,put,market,Mon-0DTE,09:30,ITM,2026-02-23,2026-07-06,19,75.0,351,34.473,94.0,62.0,218.0,364.0,0.50292,87.0,-0.61803,False
TSLA,put,market,Mon-0DTE,09:30,ITM,2026-02-23,2026-07-06,19,80.0,351,31.339,101.5,65.0,247.5,364.0,0.50292,87.0,-0.61803,False
TSLA,put,market,Mon-0DTE,09:30,ITM,2026-02-23,2026-07-06,19,90.0,351,26.496,99.0,67.0,238.0,364.0,0.50292,87.0,-0.61803,False
TSLA,put,market,Mon-0DTE,09:30,ITM,2026-02-23,2026-07-06,19,100.0,351,22.792,147.0,72.75,258.25,364.0,0.50292,87.0,-0.61803,False
TSLA,put,mid,Mon-0DTE,10:00,ITM,2026-02-23,2026-07-06,17,20.0,380,72.105,23.0,8.0,39.75,334.0,0.51797,72.0,-0.39146,False
TSLA,put,mid,Mon-0DTE,10:00,ITM,2026-02-23,2026-07-06,17,25.0,380,68.947,28.0,12.25,43.75,334.0,0.51797,72.0,-0.39146,False
TSLA,put,mid,Mon-0DTE,10:00,ITM,2026-02-23,2026-07-06,17,30.0,380,64.737,32.0,15.0,52.75,334.0,0.51797,72.0,-0.39146,False
TSLA,put,mid,Mon-0DTE,10:00,ITM,2026-02-23,2026-07-06,17,40.0,380,57.895,44.0,23.0,65.25,336.0,0.51797,72.0,-0.39146,False
TSLA,put,mid,Mon-0DTE,10:00,ITM,2026-02-23,2026-07-06,17,50.0,380,50.526,55.5,31.0,130.0,339.0,0.51797,72.0,-0.39146,False
TSLA,put,mid,Mon-0DTE,10:00,ITM,2026-02-23,2026-07-06,17,60.0,380,45.789,65.0,41.0,151.25,338.0,0.51797,72.0,-0.39146,False
TSLA,put,mid,Mon-0DTE,10:00,ITM,2026-02-23,2026-07-06,17,70.0,380,42.895,75.0,51.0,171.0,339.0,0.51797,72.0,-0.39146,False
TSLA,put,mid,Mon-0DTE,10:00,ITM,2026-02-23,2026-07-06,17,75.0,380,38.421,79.5,54.25,182.0,338.5,0.51797,72.0,-0.39146,False
TSLA,put,mid,Mon-0DTE,10:00,ITM,2026-02-23,2026-07-06,17,80.0,380,37.105,84.0,57.0,185.0,338.0,0.51797,72.0,-0.39146,False
TSLA,put,mid,Mon-0DTE,10:00,ITM,2026-02-23,2026-07-06,17,90.0,380,34.737,119.5,63.5,199.25,334.0,0.51797,72.0,-0.39146,False
TSLA,put,mid,Mon-0DTE,10:00,ITM,2026-02-23,2026-07-06,17,100.0,380,28.158,134.0,65.5,215.5,334.0,0.51797,72.0,-0.39146,False
TSLA,put,market,Mon-0DTE,10:00,ITM,2026-02-23,2026-07-06,17,20.0,380,70.526,26.5,9.0,41.0,334.0,0.48791,72.0,-0.40676,False
TSLA,put,market,Mon-0DTE,10:00,ITM,2026-02-23,2026-07-06,17,25.0,380,66.842,31.0,14.0,49.0,334.0,0.48791,72.0,-0.40676,False
TSLA,put,market,Mon-0DTE,10:00,ITM,2026-02-23,2026-07-06,17,30.0,380,62.632,33.0,17.25,56.0,334.0,0.48791,72.0,-0.40676,False
TSLA,put,market,Mon-0DTE,10:00,ITM,2026-02-23,2026-07-06,17,40.0,380,55.789,46.0,27.75,69.5,337.5,0.48791,72.0,-0.40676,False
TSLA,put,market,Mon-0DTE,10:00,ITM,2026-02-23,2026-07-06,17,50.0,380,49.474,56.0,34.75,134.5,339.0,0.48791,72.0,-0.40676,False
TSLA,put,market,Mon-0DTE,10:00,ITM,2026-02-23,2026-07-06,17,60.0,380,43.421,68.0,43.0,160.0,339.0,0.48791,72.0,-0.40676,False
TSLA,put,market,Mon-0DTE,10:00,ITM,2026-02-23,2026-07-06,17,70.0,380,39.474,79.0,54.0,175.5,338.0,0.48791,72.0,-0.40676,False
TSLA,put,market,Mon-0DTE,10:00,ITM,2026-02-23,2026-07-06,17,75.0,380,37.632,84.0,56.5,185.0,338.0,0.48791,72.0,-0.40676,False
TSLA,put,market,Mon-0DTE,10:00,ITM,2026-02-23,2026-07-06,17,80.0,380,36.053,95.0,60.0,188.0,335.0,0.48791,72.0,-0.40676,False
TSLA,put,market,Mon-0DTE,10:00,ITM,2026-02-23,2026-07-06,17,90.0,380,32.368,134.0,64.0,232.0,335.0,0.48791,72.0,-0.40676,False
TSLA,put,market,Mon-0DTE,10:00,ITM,2026-02-23,2026-07-06,17,100.0,380,27.632,150.0,73.0,232.0,334.0,0.48791,72.0,-0.40676,False
TSLA,call,mid,Mon-0DTE,13:00,ITM,2026-03-02,2026-07-06,17,20.0,345,68.696,20.0,9.0,49.0,159.0,0.34106,79.0,-0.21053,False
TSLA,call,mid,Mon-0DTE,13:00,ITM,2026-03-02,2026-07-06,17,25.0,345,61.739,23.0,10.0,47.0,159.0,0.34106,79.0,-0.21053,False
TSLA,call,mid,Mon-0DTE,13:00,ITM,2026-03-02,2026-07-06,17,30.0,345,53.333,25.0,13.0,52.25,159.0,0.34106,79.0,-0.21053,False
TSLA,call,mid,Mon-0DTE,13:00,ITM,2026-03-02,2026-07-06,17,40.0,345,44.638,30.5,16.0,68.0,159.0,0.34106,79.0,-0.21053,False
TSLA,call,mid,Mon-0DTE,13:00,ITM,2026-03-02,2026-07-06,17,50.0,345,35.942,38.0,20.0,82.25,158.0,0.34106,79.0,-0.21053,False
TSLA,call,mid,Mon-0DTE,13:00,ITM,2026-03-02,2026-07-06,17,60.0,345,28.986,50.5,21.0,89.25,158.0,0.34106,79.0,-0.21053,False
TSLA,call,mid,Mon-0DTE,13:00,ITM,2026-03-02,2026-07-06,17,70.0,345,23.188,62.5,25.0,99.5,159.0,0.34106,79.0,-0.21053,False
TSLA,call,mid,Mon-0DTE,13:00,ITM,2026-03-02,2026-07-06,17,75.0,345,20.29,62.5,25.5,107.25,159.0,0.34106,79.0,-0.21053,False
TSLA,call,mid,Mon-0DTE,13:00,ITM,2026-03-02,2026-07-06,17,80.0,345,20.0,72.0,40.0,107.0,158.0,0.34106,79.0,-0.21053,False
TSLA,call,mid,Mon-0DTE,13:00,ITM,2026-03-02,2026-07-06,17,90.0,345,17.101,73.0,42.0,116.5,157.0,0.34106,79.0,-0.21053,False
TSLA,call,mid,Mon-0DTE,13:00,ITM,2026-03-02,2026-07-06,17,100.0,345,14.783,82.0,45.0,124.0,158.0,0.34106,79.0,-0.21053,False
TSLA,call,market,Mon-0DTE,13:00,ITM,2026-03-02,2026-07-06,17,20.0,345,64.638,23.0,10.0,45.5,159.0,0.31328,79.0,-0.23197,False
TSLA,call,market,Mon-0DTE,13:00,ITM,2026-03-02,2026-07-06,17,25.0,345,57.101,23.0,12.0,47.0,159.0,0.31328,79.0,-0.23197,False
TSLA,call,market,Mon-0DTE,13:00,ITM,2026-03-02,2026-07-06,17,30.0,345,51.014,28.0,14.75,56.75,159.0,0.31328,79.0,-0.23197,False
TSLA,call,market,Mon-0DTE,13:00,ITM,2026-03-02,2026-07-06,17,40.0,345,41.739,37.5,19.0,71.0,158.5,0.31328,79.0,-0.23197,False
TSLA,call,market,Mon-0DTE,13:00,ITM,2026-03-02,2026-07-06,17,50.0,345,32.464,44.5,20.0,83.25,159.0,0.31328,79.0,-0.23197,False
TSLA,call,market,Mon-0DTE,13:00,ITM,2026-03-02,2026-07-06,17,60.0,345,26.377,53.0,23.0,86.0,159.0,0.31328,79.0,-0.23197,False
TSLA,call,market,Mon-0DTE,13:00,ITM,2026-03-02,2026-07-06,17,70.0,345,21.159,58.0,25.0,105.0,159.0,0.31328,79.0,-0.23197,False
TSLA,call,market,Mon-0DTE,13:00,ITM,2026-03-02,2026-07-06,17,75.0,345,20.0,72.0,33.0,105.0,159.0,0.31328,79.0,-0.23197,False
TSLA,call,market,Mon-0DTE,13:00,ITM,2026-03-02,2026-07-06,17,80.0,345,19.13,69.5,37.0,108.0,157.5,0.31328,79.0,-0.23197,False
TSLA,call,market,Mon-0DTE,13:00,ITM,2026-03-02,2026-07-06,17,90.0,345,16.522,80.0,44.0,119.0,155.0,0.31328,79.0,-0.23197,False
TSLA,call,market,Mon-0DTE,13:00,ITM,2026-03-02,2026-07-06,17,100.0,345,14.203,82.0,48.0,124.0,154.0,0.31328,79.0,-0.23197,False
TSLA,call,mid,Mon-0DTE,14:00,ITM,2026-03-02,2026-07-06,17,20.0,332,41.566,21.0,10.25,50.75,96.5,0.16579,51.0,-0.20858,False
TSLA,call,mid,Mon-0DTE,14:00,ITM,2026-03-02,2026-07-06,17,25.0,332,33.133,22.5,13.0,54.5,97.5,0.16579,51.0,-0.20858,False
TSLA,call,mid,Mon-0DTE,14:00,ITM,2026-03-02,2026-07-06,17,30.0,332,27.108,35.0,16.5,61.75,99.0,0.16579,51.0,-0.20858,False
TSLA,call,mid,Mon-0DTE,14:00,ITM,2026-03-02,2026-07-06,17,40.0,332,17.771,44.0,23.0,62.5,98.0,0.16579,51.0,-0.20858,False
TSLA,call,mid,Mon-0DTE,14:00,ITM,2026-03-02,2026-07-06,17,50.0,332,12.952,52.0,29.5,70.0,99.0,0.16579,51.0,-0.20858,False
TSLA,call,mid,Mon-0DTE,14:00,ITM,2026-03-02,2026-07-06,17,60.0,332,9.036,47.0,33.25,65.5,99.0,0.16579,51.0,-0.20858,False
TSLA,call,mid,Mon-0DTE,14:00,ITM,2026-03-02,2026-07-06,17,70.0,332,6.928,57.0,36.0,71.5,104.0,0.16579,51.0,-0.20858,False
TSLA,call,mid,Mon-0DTE,14:00,ITM,2026-03-02,2026-07-06,17,75.0,332,6.928,59.0,36.5,72.0,104.0,0.16579,51.0,-0.20858,False
TSLA,call,mid,Mon-0DTE,14:00,ITM,2026-03-02,2026-07-06,17,80.0,332,6.928,59.0,43.5,72.5,102.0,0.16579,51.0,-0.20858,False
TSLA,call,mid,Mon-0DTE,14:00,ITM,2026-03-02,2026-07-06,17,90.0,332,6.325,63.0,54.0,71.0,100.0,0.16579,51.0,-0.20858,False
TSLA,call,mid,Mon-0DTE,14:00,ITM,2026-03-02,2026-07-06,17,100.0,332,6.024,65.0,54.0,75.25,101.5,0.16579,51.0,-0.20858,False
TSLA,call,market,Mon-0DTE,14:00,ITM,2026-03-02,2026-07-06,17,20.0,332,37.349,23.5,11.0,53.5,98.5,0.14112,51.0,-0.22884,False
TSLA,call,market,Mon-0DTE,14:00,ITM,2026-03-02,2026-07-06,17,25.0,332,29.518,27.0,15.0,59.75,98.5,0.14112,51.0,-0.22884,False
TSLA,call,market,Mon-0DTE,14:00,ITM,2026-03-02,2026-07-06,17,30.0,332,24.699,41.0,19.5,64.0,97.5,0.14112,51.0,-0.22884,False
TSLA,call,market,Mon-0DTE,14:00,ITM,2026-03-02,2026-07-06,17,40.0,332,16.265,50.0,28.0,73.5,99.0,0.14112,51.0,-0.22884,False
TSLA,call,market,Mon-0DTE,14:00,ITM,2026-03-02,2026-07-06,17,50.0,332,11.446,53.0,31.25,69.75,99.0,0.14112,51.0,-0.22884,False
TSLA,call,market,Mon-0DTE,14:00,ITM,2026-03-02,2026-07-06,17,60.0,332,8.133,43.0,33.0,63.5,99.0,0.14112,51.0,-0.22884,False
TSLA,call,market,Mon-0DTE,14:00,ITM,2026-03-02,2026-07-06,17,70.0,332,6.928,59.0,36.5,72.0,104.0,0.14112,51.0,-0.22884,False
TSLA,call,market,Mon-0DTE,14:00,ITM,2026-03-02,2026-07-06,17,75.0,332,6.928,59.0,46.5,72.5,104.0,0.14112,51.0,-0.22884,False
TSLA,call,market,Mon-0DTE,14:00,ITM,2026-03-02,2026-07-06,17,80.0,332,6.325,59.0,46.0,71.0,102.0,0.14112,51.0,-0.22884,False
TSLA,call,market,Mon-0DTE,14:00,ITM,2026-03-02,2026-07-06,17,90.0,332,6.325,64.0,54.0,74.0,100.0,0.14112,51.0,-0.22884,False
TSLA,call,market,Mon-0DTE,14:00,ITM,2026-03-02,2026-07-06,17,100.0,332,5.12,69.0,59.0,76.0,104.0,0.14112,51.0,-0.22884,False
TSLA,call,mid,Mon-0DTE,15:30,ITM,2026-03-02,2026-07-06,15,20.0,90,22.222,12.5,5.5,23.5,27.0,0.07643,12.5,-0.08481,False
TSLA,call,mid,Mon-0DTE,15:30,ITM,2026-03-02,2026-07-06,15,25.0,90,16.667,9.0,5.5,23.0,26.0,0.07643,12.5,-0.08481,False
TSLA,call,mid,Mon-0DTE,15:30,ITM,2026-03-02,2026-07-06,15,30.0,90,11.111,12.5,3.25,20.0,28.0,0.07643,12.5,-0.08481,False
TSLA,call,mid,Mon-0DTE,15:30,ITM,2026-03-02,2026-07-06,15,40.0,90,6.667,19.5,9.5,24.25,29.0,0.07643,12.5,-0.08481,False
TSLA,call,mid,Mon-0DTE,15:30,ITM,2026-03-02,2026-07-06,15,50.0,90,5.556,18.0,8.0,25.0,29.0,0.07643,12.5,-0.08481,False
TSLA,call,mid,Mon-0DTE,15:30,ITM,2026-03-02,2026-07-06,15,60.0,90,5.556,20.0,8.0,26.0,27.0,0.07643,12.5,-0.08481,False
TSLA,call,mid,Mon-0DTE,15:30,ITM,2026-03-02,2026-07-06,15,70.0,90,2.222,13.0,9.5,16.5,24.0,0.07643,12.5,-0.08481,False
TSLA,call,mid,Mon-0DTE,15:30,ITM,2026-03-02,2026-07-06,15,75.0,90,2.222,17.5,16.25,18.75,24.0,0.07643,12.5,-0.08481,False
TSLA,call,mid,Mon-0DTE,15:30,ITM,2026-03-02,2026-07-06,15,80.0,90,2.222,17.5,16.25,18.75,24.0,0.07643,12.5,-0.08481,False
TSLA,call,mid,Mon-0DTE,15:30,ITM,2026-03-02,2026-07-06,15,90.0,90,2.222,20.0,17.5,22.5,24.0,0.07643,12.5,-0.08481,False
TSLA,call,mid,Mon-0DTE,15:30,ITM,2026-03-02,2026-07-06,15,100.0,90,2.222,22.0,20.5,23.5,24.0,0.07643,12.5,-0.08481,False
TSLA,call,market,Mon-0DTE,15:30,ITM,2026-03-02,2026-07-06,15,20.0,90,18.889,12.0,7.0,25.0,28.0,0.05511,12.5,-0.10357,False
TSLA,call,market,Mon-0DTE,15:30,ITM,2026-03-02,2026-07-06,15,25.0,90,13.333,12.5,5.25,21.25,27.5,0.05511,12.5,-0.10357,False
TSLA,call,market,Mon-0DTE,15:30,ITM,2026-03-02,2026-07-06,15,30.0,90,8.889,17.5,13.0,23.5,29.0,0.05511,12.5,-0.10357,False
TSLA,call,market,Mon-0DTE,15:30,ITM,2026-03-02,2026-07-06,15,40.0,90,6.667,21.0,10.25,25.0,29.0,0.05511,12.5,-0.10357,False
TSLA,call,market,Mon-0DTE,15:30,ITM,2026-03-02,2026-07-06,15,50.0,90,5.556,18.0,8.0,25.0,29.0,0.05511,12.5,-0.10357,False
TSLA,call,market,Mon-0DTE,15:30,ITM,2026-03-02,2026-07-06,15,60.0,90,2.222,13.0,9.5,16.5,24.0,0.05511,12.5,-0.10357,False
TSLA,call,market,Mon-0DTE,15:30,ITM,2026-03-02,2026-07-06,15,70.0,90,2.222,17.5,16.25,18.75,24.0,0.05511,12.5,-0.10357,False
TSLA,call,market,Mon-0DTE,15:30,ITM,2026-03-02,2026-07-06,15,75.0,90,2.222,17.5,16.25,18.75,24.0,0.05511,12.5,-0.10357,False
TSLA,call,market,Mon-0DTE,15:30,ITM,2026-03-02,2026-07-06,15,80.0,90,2.222,17.5,16.25,18.75,24.0,0.05511,12.5,-0.10357,False
TSLA,call,market,Mon-0DTE,15:30,ITM,2026-03-02,2026-07-06,15,90.0,90,2.222,21.5,19.75,23.25,24.0,0.05511,12.5,-0.10357,False
TSLA,call,market,Mon-0DTE,15:30,ITM,2026-03-02,2026-07-06,15,100.0,90,2.222,22.0,20.5,23.5,24.0,0.05511,12.5,-0.10357,False
TSLA,call,mid,Mon-0DTE,13:30,ITM,2026-03-02,2026-07-06,17,20.0,336,55.655,27.0,13.5,42.0,124.0,0.23441,63.0,-0.19958,False
TSLA,call,mid,Mon-0DTE,13:30,ITM,2026-03-02,2026-07-06,17,25.0,336,47.917,30.0,16.0,45.0,123.0,0.23441,63.0,-0.19958,False
TSLA,call,mid,Mon-0DTE,13:30,ITM,2026-03-02,2026-07-06,17,30.0,336,42.857,35.5,18.0,60.5,124.0,0.23441,63.0,-0.19958,False
TSLA,call,mid,Mon-0DTE,13:30,ITM,2026-03-02,2026-07-06,17,40.0,336,30.952,44.5,21.0,74.25,124.0,0.23441,63.0,-0.19958,False
TSLA,call,mid,Mon-0DTE,13:30,ITM,2026-03-02,2026-07-06,17,50.0,336,20.536,46.0,26.0,80.0,127.0,0.23441,63.0,-0.19958,False
TSLA,call,mid,Mon-0DTE,13:30,ITM,2026-03-02,2026-07-06,17,60.0,336,15.476,53.0,35.5,89.0,128.5,0.23441,63.0,-0.19958,False
TSLA,call,mid,Mon-0DTE,13:30,ITM,2026-03-02,2026-07-06,17,70.0,336,11.607,59.0,36.5,89.5,128.0,0.23441,63.0,-0.19958,False
TSLA,call,mid,Mon-0DTE,13:30,ITM,2026-03-02,2026-07-06,17,75.0,336,10.714,64.0,41.0,89.25,128.0,0.23441,63.0,-0.19958,False
TSLA,call,mid,Mon-0DTE,13:30,ITM,2026-03-02,2026-07-06,17,80.0,336,10.119,65.5,42.5,93.25,128.5,0.23441,63.0,-0.19958,False
TSLA,call,mid,Mon-0DTE,13:30,ITM,2026-03-02,2026-07-06,17,90.0,336,8.036,84.0,50.0,94.5,132.0,0.23441,63.0,-0.19958,False
TSLA,call,mid,Mon-0DTE,13:30,ITM,2026-03-02,2026-07-06,17,100.0,336,7.738,86.5,52.5,94.75,130.5,0.23441,63.0,-0.19958,False
TSLA,call,market,Mon-0DTE,13:30,ITM,2026-03-02,2026-07-06,17,20.0,336,50.298,28.0,15.0,42.0,124.0,0.20996,63.0,-0.21543,False
TSLA,call,market,Mon-0DTE,13:30,ITM,2026-03-02,2026-07-06,17,25.0,336,44.643,32.5,18.0,50.75,124.0,0.20996,63.0,-0.21543,False
TSLA,call,market,Mon-0DTE,13:30,ITM,2026-03-02,2026-07-06,17,30.0,336,39.881,38.0,19.25,61.5,124.0,0.20996,63.0,-0.21543,False
TSLA,call,market,Mon-0DTE,13:30,ITM,2026-03-02,2026-07-06,17,40.0,336,28.571,45.5,22.75,72.75,123.5,0.20996,63.0,-0.21543,False
TSLA,call,market,Mon-0DTE,13:30,ITM,2026-03-02,2026-07-06,17,50.0,336,19.345,53.0,31.0,84.0,127.0,0.20996,63.0,-0.21543,False
TSLA,call,market,Mon-0DTE,13:30,ITM,2026-03-02,2026-07-06,17,60.0,336,13.69,56.0,37.25,89.0,127.5,0.20996,63.0,-0.21543,False
TSLA,call,market,Mon-0DTE,13:30,ITM,2026-03-02,2026-07-06,17,70.0,336,10.714,64.0,38.0,89.25,128.0,0.20996,63.0,-0.21543,False
TSLA,call,market,Mon-0DTE,13:30,ITM,2026-03-02,2026-07-06,17,75.0,336,10.417,67.0,43.0,93.0,128.0,0.20996,63.0,-0.21543,False
TSLA,call,market,Mon-0DTE,13:30,ITM,2026-03-02,2026-07-06,17,80.0,336,8.929,68.5,48.25,92.75,129.0,0.20996,63.0,-0.21543,False
TSLA,call,market,Mon-0DTE,13:30,ITM,2026-03-02,2026-07-06,17,90.0,336,8.036,86.0,53.0,95.5,129.0,0.20996,63.0,-0.21543,False
TSLA,call,market,Mon-0DTE,13:30,ITM,2026-03-02,2026-07-06,17,100.0,336,7.143,87.0,55.5,96.25,130.0,0.20996,63.0,-0.21543,False
TSLA,call,mid,Mon-0DTE,12:30,ITM,2026-03-02,2026-07-06,17,20.0,353,76.204,35.0,15.0,69.0,189.0,0.41707,114.0,-0.21154,False
TSLA,call,mid,Mon-0DTE,12:30,ITM,2026-03-02,2026-07-06,17,25.0,353,69.688,41.5,19.0,81.75,189.0,0.41707,114.0,-0.21154,False
TSLA,call,mid,Mon-0DTE,12:30,ITM,2026-03-02,2026-07-06,17,30.0,353,64.023,45.0,25.0,98.25,189.0,0.41707,114.0,-0.21154,False
TSLA,call,mid,Mon-0DTE,12:30,ITM,2026-03-02,2026-07-06,17,40.0,353,51.558,53.5,31.0,108.5,189.0,0.41707,114.0,-0.21154,False
TSLA,call,mid,Mon-0DTE,12:30,ITM,2026-03-02,2026-07-06,17,50.0,353,44.193,57.5,35.0,116.0,189.0,0.41707,114.0,-0.21154,False
TSLA,call,mid,Mon-0DTE,12:30,ITM,2026-03-02,2026-07-06,17,60.0,353,37.394,66.0,38.5,127.0,189.0,0.41707,114.0,-0.21154,False
TSLA,call,mid,Mon-0DTE,12:30,ITM,2026-03-02,2026-07-06,17,70.0,353,29.745,66.0,37.0,133.0,189.0,0.41707,114.0,-0.21154,False
TSLA,call,mid,Mon-0DTE,12:30,ITM,2026-03-02,2026-07-06,17,75.0,353,26.912,70.0,39.0,140.5,189.0,0.41707,114.0,-0.21154,False
TSLA,call,mid,Mon-0DTE,12:30,ITM,2026-03-02,2026-07-06,17,80.0,353,24.929,70.5,39.75,145.0,189.0,0.41707,114.0,-0.21154,False
TSLA,call,mid,Mon-0DTE,12:30,ITM,2026-03-02,2026-07-06,17,90.0,353,21.53,82.5,41.75,146.25,185.5,0.41707,114.0,-0.21154,False
TSLA,call,mid,Mon-0DTE,12:30,ITM,2026-03-02,2026-07-06,17,100.0,353,17.847,87.0,44.0,150.5,184.0,0.41707,114.0,-0.21154,False
TSLA,call,market,Mon-0DTE,12:30,ITM,2026-03-02,2026-07-06,17,20.0,353,71.955,40.0,16.0,73.0,189.0,0.38878,114.0,-0.22841,False
TSLA,call,market,Mon-0DTE,12:30,ITM,2026-03-02,2026-07-06,17,25.0,353,67.139,45.0,23.0,91.0,189.0,0.38878,114.0,-0.22841,False
TSLA,call,market,Mon-0DTE,12:30,ITM,2026-03-02,2026-07-06,17,30.0,353,58.64,49.0,26.0,98.5,189.0,0.38878,114.0,-0.22841,False
TSLA,call,market,Mon-0DTE,12:30,ITM,2026-03-02,2026-07-06,17,40.0,353,49.008,52.0,34.0,109.0,189.0,0.38878,114.0,-0.22841,False
TSLA,call,market,Mon-0DTE,12:30,ITM,2026-03-02,2026-07-06,17,50.0,353,41.36,56.0,35.0,123.0,189.0,0.38878,114.0,-0.22841,False
TSLA,call,market,Mon-0DTE,12:30,ITM,2026-03-02,2026-07-06,17,60.0,353,34.278,71.0,39.0,128.0,189.0,0.38878,114.0,-0.22841,False
TSLA,call,market,Mon-0DTE,12:30,ITM,2026-03-02,2026-07-06,17,70.0,353,27.479,70.0,38.0,137.0,189.0,0.38878,114.0,-0.22841,False
TSLA,call,market,Mon-0DTE,12:30,ITM,2026-03-02,2026-07-06,17,75.0,353,25.212,68.0,39.0,145.0,189.0,0.38878,114.0,-0.22841,False
TSLA,call,market,Mon-0DTE,12:30,ITM,2026-03-02,2026-07-06,17,80.0,353,24.079,85.0,41.0,146.0,189.0,0.38878,114.0,-0.22841,False
TSLA,call,market,Mon-0DTE,12:30,ITM,2026-03-02,2026-07-06,17,90.0,353,20.397,81.0,43.75,149.0,184.5,0.38878,114.0,-0.22841,False
TSLA,call,market,Mon-0DTE,12:30,ITM,2026-03-02,2026-07-06,17,100.0,353,16.997,90.0,45.75,151.75,184.0,0.38878,114.0,-0.22841,False
TSLA,call,mid,Mon-0DTE,12:00,ITM,2026-03-02,2026-07-06,17,20.0,370,70.27,20.0,9.0,55.25,222.0,0.4261,134.5,-0.19217,False
TSLA,call,mid,Mon-0DTE,12:00,ITM,2026-03-02,2026-07-06,17,25.0,370,65.676,30.0,11.0,69.0,222.0,0.4261,134.5,-0.19217,False
TSLA,call,mid,Mon-0DTE,12:00,ITM,2026-03-02,2026-07-06,17,30.0,370,60.541,49.0,13.0,98.0,219.0,0.4261,134.5,-0.19217,False
TSLA,call,mid,Mon-0DTE,12:00,ITM,2026-03-02,2026-07-06,17,40.0,370,52.432,61.0,23.0,117.75,220.0,0.4261,134.5,-0.19217,False
TSLA,call,mid,Mon-0DTE,12:00,ITM,2026-03-02,2026-07-06,17,50.0,370,44.324,70.0,39.75,130.0,222.0,0.4261,134.5,-0.19217,False
TSLA,call,mid,Mon-0DTE,12:00,ITM,2026-03-02,2026-07-06,17,60.0,370,39.459,83.5,51.0,140.75,222.5,0.4261,134.5,-0.19217,False
TSLA,call,mid,Mon-0DTE,12:00,ITM,2026-03-02,2026-07-06,17,70.0,370,33.514,81.0,54.5,153.25,222.5,0.4261,134.5,-0.19217,False
TSLA,call,mid,Mon-0DTE,12:00,ITM,2026-03-02,2026-07-06,17,75.0,370,31.351,93.0,55.75,162.0,223.0,0.4261,134.5,-0.19217,False
TSLA,call,mid,Mon-0DTE,12:00,ITM,2026-03-02,2026-07-06,17,80.0,370,29.189,98.0,58.75,162.0,223.0,0.4261,134.5,-0.19217,False
TSLA,call,mid,Mon-0DTE,12:00,ITM,2026-03-02,2026-07-06,17,90.0,370,25.405,103.5,59.0,175.0,222.0,0.4261,134.5,-0.19217,False
TSLA,call,mid,Mon-0DTE,12:00,ITM,2026-03-02,2026-07-06,17,100.0,370,23.514,104.0,62.0,175.5,222.0,0.4261,134.5,-0.19217,False
TSLA,call,market,Mon-0DTE,12:00,ITM,2026-03-02,2026-07-06,17,20.0,370,68.108,25.0,10.0,67.25,222.0,0.39285,134.5,-0.20816,False
TSLA,call,market,Mon-0DTE,12:00,ITM,2026-03-02,2026-07-06,17,25.0,370,62.973,45.0,13.0,79.0,222.0,0.39285,134.5,-0.20816,False
TSLA,call,market,Mon-0DTE,12:00,ITM,2026-03-02,2026-07-06,17,30.0,370,58.108,53.0,16.0,101.5,222.0,0.39285,134.5,-0.20816,False
TSLA,call,market,Mon-0DTE,12:00,ITM,2026-03-02,2026-07-06,17,40.0,370,49.73,62.0,26.0,121.25,220.5,0.39285,134.5,-0.20816,False
TSLA,call,market,Mon-0DTE,12:00,ITM,2026-03-02,2026-07-06,17,50.0,370,43.243,70.5,41.75,135.5,222.0,0.39285,134.5,-0.20816,False
TSLA,call,market,Mon-0DTE,12:00,ITM,2026-03-02,2026-07-06,17,60.0,370,35.946,83.0,54.0,144.0,222.0,0.39285,134.5,-0.20816,False
TSLA,call,market,Mon-0DTE,12:00,ITM,2026-03-02,2026-07-06,17,70.0,370,31.892,89.5,55.5,156.75,223.5,0.39285,134.5,-0.20816,False
TSLA,call,market,Mon-0DTE,12:00,ITM,2026-03-02,2026-07-06,17,75.0,370,29.73,102.0,59.25,161.0,223.0,0.39285,134.5,-0.20816,False
TSLA,call,market,Mon-0DTE,12:00,ITM,2026-03-02,2026-07-06,17,80.0,370,28.649,118.5,60.0,170.5,222.5,0.39285,134.5,-0.20816,False
TSLA,call,market,Mon-0DTE,12:00,ITM,2026-03-02,2026-07-06,17,90.0,370,24.865,94.0,59.0,174.5,221.0,0.39285,134.5,-0.20816,False
TSLA,call,market,Mon-0DTE,12:00,ITM,2026-03-02,2026-07-06,17,100.0,370,22.703,103.0,63.0,177.5,222.0,0.39285,134.5,-0.20816,False
TSLA,call,mid,Mon-0DTE,15:00,ITM,2026-03-02,2026-07-06,16,20.0,321,35.826,11.0,5.0,31.0,39.0,0.13014,17.0,-0.14316,False
TSLA,call,mid,Mon-0DTE,15:00,ITM,2026-03-02,2026-07-06,16,25.0,321,27.726,10.0,5.0,25.0,39.0,0.13014,17.0,-0.14316,False
TSLA,call,mid,Mon-0DTE,15:00,ITM,2026-03-02,2026-07-06,16,30.0,321,22.741,11.0,6.0,25.0,39.0,0.13014,17.0,-0.14316,False
TSLA,call,mid,Mon-0DTE,15:00,ITM,2026-03-02,2026-07-06,16,40.0,321,14.953,11.5,6.0,26.0,44.0,0.13014,17.0,-0.14316,False
TSLA,call,mid,Mon-0DTE,15:00,ITM,2026-03-02,2026-07-06,16,50.0,321,12.461,14.5,7.75,30.25,43.0,0.13014,17.0,-0.14316,False
TSLA,call,mid,Mon-0DTE,15:00,ITM,2026-03-02,2026-07-06,16,60.0,321,10.592,14.0,9.0,24.5,43.5,0.13014,17.0,-0.14316,False
TSLA,call,mid,Mon-0DTE,15:00,ITM,2026-03-02,2026-07-06,16,70.0,321,8.723,14.5,8.75,19.0,44.0,0.13014,17.0,-0.14316,False
TSLA,call,mid,Mon-0DTE,15:00,ITM,2026-03-02,2026-07-06,16,75.0,321,8.1,16.0,9.0,24.0,44.0,0.13014,17.0,-0.14316,False
TSLA,call,mid,Mon-0DTE,15:00,ITM,2026-03-02,2026-07-06,16,80.0,321,7.477,16.0,9.0,21.0,44.0,0.13014,17.0,-0.14316,False
TSLA,call,mid,Mon-0DTE,15:00,ITM,2026-03-02,2026-07-06,16,90.0,321,6.231,16.5,9.0,21.25,44.0,0.13014,17.0,-0.14316,False
TSLA,call,mid,Mon-0DTE,15:00,ITM,2026-03-02,2026-07-06,16,100.0,321,4.673,18.0,11.0,23.0,44.0,0.13014,17.0,-0.14316,False
TSLA,call,market,Mon-0DTE,15:00,ITM,2026-03-02,2026-07-06,16,20.0,321,32.71,12.0,5.0,30.0,39.0,0.10689,17.0,-0.16089,False
TSLA,call,market,Mon-0DTE,15:00,ITM,2026-03-02,2026-07-06,16,25.0,321,23.988,11.0,6.0,30.0,39.0,0.10689,17.0,-0.16089,False
TSLA,call,market,Mon-0DTE,15:00,ITM,2026-03-02,2026-07-06,16,30.0,321,20.249,12.0,6.0,25.0,39.0,0.10689,17.0,-0.16089,False
TSLA,call,market,Mon-0DTE,15:00,ITM,2026-03-02,2026-07-06,16,40.0,321,13.084,14.0,6.25,21.75,43.0,0.10689,17.0,-0.16089,False
TSLA,call,market,Mon-0DTE,15:00,ITM,2026-03-02,2026-07-06,16,50.0,321,10.903,14.0,8.0,23.0,44.0,0.10689,17.0,-0.16089,False
TSLA,call,market,Mon-0DTE,15:00,ITM,2026-03-02,2026-07-06,16,60.0,321,9.034,14.0,9.0,19.0,44.0,0.10689,17.0,-0.16089,False
TSLA,call,market,Mon-0DTE,15:00,ITM,2026-03-02,2026-07-06,16,70.0,321,8.1,16.0,9.0,24.0,44.0,0.10689,17.0,-0.16089,False
TSLA,call,market,Mon-0DTE,15:00,ITM,2026-03-02,2026-07-06,16,75.0,321,7.165,17.0,9.0,21.0,44.0,0.10689,17.0,-0.16089,False
TSLA,call,market,Mon-0DTE,15:00,ITM,2026-03-02,2026-07-06,16,80.0,321,7.165,17.0,9.0,21.5,44.0,0.10689,17.0,-0.16089,False
TSLA,call,market,Mon-0DTE,15:00,ITM,2026-03-02,2026-07-06,16,90.0,321,4.984,17.0,9.0,22.5,44.0,0.10689,17.0,-0.16089,False
TSLA,call,market,Mon-0DTE,15:00,ITM,2026-03-02,2026-07-06,16,100.0,321,4.673,19.0,11.0,23.5,44.0,0.10689,17.0,-0.16089,False
TSLA,call,mid,Mon-0DTE,14:30,ITM,2026-03-02,2026-07-06,15,20.0,304,38.487,29.0,18.0,52.0,67.0,0.16257,34.5,-0.18788,False
TSLA,call,mid,Mon-0DTE,14:30,ITM,2026-03-02,2026-07-06,15,25.0,304,28.289,29.0,17.25,44.0,68.5,0.16257,34.5,-0.18788,False
TSLA,call,mid,Mon-0DTE,14:30,ITM,2026-03-02,2026-07-06,15,30.0,304,21.053,30.5,18.75,41.0,69.0,0.16257,34.5,-0.18788,False
TSLA,call,mid,Mon-0DTE,14:30,ITM,2026-03-02,2026-07-06,15,40.0,304,14.803,29.0,21.0,39.0,69.0,0.16257,34.5,-0.18788,False
TSLA,call,mid,Mon-0DTE,14:30,ITM,2026-03-02,2026-07-06,15,50.0,304,10.526,36.0,25.5,44.0,73.0,0.16257,34.5,-0.18788,False
TSLA,call,mid,Mon-0DTE,14:30,ITM,2026-03-02,2026-07-06,15,60.0,304,9.868,37.5,24.5,45.75,69.0,0.16257,34.5,-0.18788,False
TSLA,call,mid,Mon-0DTE,14:30,ITM,2026-03-02,2026-07-06,15,70.0,304,8.882,37.0,29.0,45.5,69.0,0.16257,34.5,-0.18788,False
TSLA,call,mid,Mon-0DTE,14:30,ITM,2026-03-02,2026-07-06,15,75.0,304,8.224,39.0,31.0,45.0,65.0,0.16257,34.5,-0.18788,False
TSLA,call,mid,Mon-0DTE,14:30,ITM,2026-03-02,2026-07-06,15,80.0,304,7.237,38.5,31.75,46.0,69.0,0.16257,34.5,-0.18788,False
TSLA,call,mid,Mon-0DTE,14:30,ITM,2026-03-02,2026-07-06,15,90.0,304,6.25,39.0,31.5,45.0,69.0,0.16257,34.5,-0.18788,False
TSLA,call,mid,Mon-0DTE,14:30,ITM,2026-03-02,2026-07-06,15,100.0,304,5.263,40.0,32.5,46.5,71.5,0.16257,34.5,-0.18788,False
TSLA,call,market,Mon-0DTE,14:30,ITM,2026-03-02,2026-07-06,15,20.0,304,32.237,29.0,19.0,44.0,68.0,0.13803,34.5,-0.20652,False
TSLA,call,market,Mon-0DTE,14:30,ITM,2026-03-02,2026-07-06,15,25.0,304,22.697,29.0,16.0,41.0,69.0,0.13803,34.5,-0.20652,False
TSLA,call,market,Mon-0DTE,14:30,ITM,2026-03-02,2026-07-06,15,30.0,304,17.763,29.0,19.0,39.0,68.5,0.13803,34.5,-0.20652,False
TSLA,call,market,Mon-0DTE,14:30,ITM,2026-03-02,2026-07-06,15,40.0,304,13.487,32.0,24.0,41.0,69.0,0.13803,34.5,-0.20652,False
TSLA,call,market,Mon-0DTE,14:30,ITM,2026-03-02,2026-07-06,15,50.0,304,10.197,39.0,25.0,45.0,72.0,0.13803,34.5,-0.20652,False
TSLA,call,market,Mon-0DTE,14:30,ITM,2026-03-02,2026-07-06,15,60.0,304,9.539,39.0,29.0,46.0,69.0,0.13803,34.5,-0.20652,False
TSLA,call,market,Mon-0DTE,14:30,ITM,2026-03-02,2026-07-06,15,70.0,304,8.224,39.0,31.0,45.0,68.0,0.13803,34.5,-0.20652,False
TSLA,call,market,Mon-0DTE,14:30,ITM,2026-03-02,2026-07-06,15,75.0,304,6.908,39.0,31.0,46.0,69.0,0.13803,34.5,-0.20652,False
TSLA,call,market,Mon-0DTE,14:30,ITM,2026-03-02,2026-07-06,15,80.0,304,6.579,39.0,31.75,46.25,69.0,0.13803,34.5,-0.20652,False
TSLA,call,market,Mon-0DTE,14:30,ITM,2026-03-02,2026-07-06,15,90.0,304,5.921,42.0,33.0,47.0,71.5,0.13803,34.5,-0.20652,False
TSLA,call,market,Mon-0DTE,14:30,ITM,2026-03-02,2026-07-06,15,100.0,304,4.934,41.0,35.0,48.5,74.0,0.13803,34.5,-0.20652,False
TSLA,call,mid,Mon-0DTE,13:30,ATM,2026-03-02,2026-06-22,14,20.0,78,71.795,8.0,4.0,22.5,68.5,0.46296,18.5,-0.94079,False
TSLA,call,mid,Mon-0DTE,13:30,ATM,2026-03-02,2026-06-22,14,25.0,78,62.821,11.0,6.0,25.0,78.0,0.46296,18.5,-0.94079,False
TSLA,call,mid,Mon-0DTE,13:30,ATM,2026-03-02,2026-06-22,14,30.0,78,58.974,17.0,8.0,30.0,77.5,0.46296,18.5,-0.94079,False
TSLA,call,mid,Mon-0DTE,13:30,ATM,2026-03-02,2026-06-22,14,40.0,78,51.282,22.0,13.5,33.0,81.0,0.46296,18.5,-0.94079,False
TSLA,call,mid,Mon-0DTE,13:30,ATM,2026-03-02,2026-06-22,14,50.0,78,50.0,26.0,14.5,44.5,80.0,0.46296,18.5,-0.94079,False
TSLA,call,mid,Mon-0DTE,13:30,ATM,2026-03-02,2026-06-22,14,60.0,78,44.872,27.0,14.0,48.0,80.0,0.46296,18.5,-0.94079,False
TSLA,call,mid,Mon-0DTE,13:30,ATM,2026-03-02,2026-06-22,14,70.0,78,38.462,33.0,18.0,51.75,99.0,0.46296,18.5,-0.94079,False
TSLA,call,mid,Mon-0DTE,13:30,ATM,2026-03-02,2026-06-22,14,75.0,78,33.333,33.5,18.75,58.75,121.5,0.46296,18.5,-0.94079,False
TSLA,call,mid,Mon-0DTE,13:30,ATM,2026-03-02,2026-06-22,14,80.0,78,25.641,31.5,16.25,50.5,126.5,0.46296,18.5,-0.94079,False
TSLA,call,mid,Mon-0DTE,13:30,ATM,2026-03-02,2026-06-22,14,90.0,78,20.513,30.5,16.75,54.5,129.0,0.46296,18.5,-0.94079,False
TSLA,call,mid,Mon-0DTE,13:30,ATM,2026-03-02,2026-06-22,14,100.0,78,12.821,28.5,12.25,38.25,131.5,0.46296,18.5,-0.94079,False
TSLA,call,market,Mon-0DTE,13:30,ATM,2026-03-02,2026-06-22,14,20.0,78,58.974,14.0,6.0,26.5,81.5,0.35685,18.5,-0.98729,False
TSLA,call,market,Mon-0DTE,13:30,ATM,2026-03-02,2026-06-22,14,25.0,78,56.41,17.5,8.75,27.75,78.5,0.35685,18.5,-0.98729,False
TSLA,call,market,Mon-0DTE,13:30,ATM,2026-03-02,2026-06-22,14,30.0,78,52.564,21.0,12.0,31.0,80.0,0.35685,18.5,-0.98729,False
TSLA,call,market,Mon-0DTE,13:30,ATM,2026-03-02,2026-06-22,14,40.0,78,48.718,24.0,14.25,40.75,80.5,0.35685,18.5,-0.98729,False
TSLA,call,market,Mon-0DTE,13:30,ATM,2026-03-02,2026-06-22,14,50.0,78,44.872,27.0,13.5,48.0,79.0,0.35685,18.5,-0.98729,False
TSLA,call,market,Mon-0DTE,13:30,ATM,2026-03-02,2026-06-22,14,60.0,78,38.462,34.5,17.5,56.0,121.5,0.35685,18.5,-0.98729,False
TSLA,call,market,Mon-0DTE,13:30,ATM,2026-03-02,2026-06-22,14,70.0,78,30.769,35.5,20.25,58.25,121.5,0.35685,18.5,-0.98729,False
TSLA,call,market,Mon-0DTE,13:30,ATM,2026-03-02,2026-06-22,14,75.0,78,24.359,36.0,19.0,58.5,129.0,0.35685,18.5,-0.98729,False
TSLA,call,market,Mon-0DTE,13:30,ATM,2026-03-02,2026-06-22,14,80.0,78,19.231,36.0,17.5,56.0,129.0,0.35685,18.5,-0.98729,False
TSLA,call,market,Mon-0DTE,13:30,ATM,2026-03-02,2026-06-22,14,90.0,78,15.385,33.5,14.75,60.25,129.0,0.35685,18.5,-0.98729,False
TSLA,call,market,Mon-0DTE,13:30,ATM,2026-03-02,2026-06-22,14,100.0,78,12.821,28.5,12.25,38.25,131.5,0.35685,18.5,-0.98729,False
TSLA,call,mid,Mon-0DTE,14:00,ATM,2026-03-02,2026-06-22,13,20.0,74,45.946,5.0,3.0,11.25,74.0,0.15095,9.0,-0.94968,False
TSLA,call,mid,Mon-0DTE,14:00,ATM,2026-03-02,2026-06-22,13,25.0,74,44.595,7.0,3.0,11.0,76.0,0.15095,9.0,-0.94968,False
TSLA,call,mid,Mon-0DTE,14:00,ATM,2026-03-02,2026-06-22,13,30.0,74,41.892,9.0,4.5,15.5,70.0,0.15095,9.0,-0.94968,False
TSLA,call,mid,Mon-0DTE,14:00,ATM,2026-03-02,2026-06-22,13,40.0,74,33.784,11.0,6.0,20.0,93.0,0.15095,9.0,-0.94968,False
TSLA,call,mid,Mon-0DTE,14:00,ATM,2026-03-02,2026-06-22,13,50.0,74,32.432,17.5,10.75,30.25,93.5,0.15095,9.0,-0.94968,False
TSLA,call,mid,Mon-0DTE,14:00,ATM,2026-03-02,2026-06-22,13,60.0,74,27.027,18.0,10.75,27.75,96.0,0.15095,9.0,-0.94968,False
TSLA,call,mid,Mon-0DTE,14:00,ATM,2026-03-02,2026-06-22,13,70.0,74,24.324,30.5,19.5,44.25,100.0,0.15095,9.0,-0.94968,False
TSLA,call,mid,Mon-0DTE,14:00,ATM,2026-03-02,2026-06-22,13,75.0,74,24.324,31.0,19.5,44.25,99.0,0.15095,9.0,-0.94968,False
TSLA,call,mid,Mon-0DTE,14:00,ATM,2026-03-02,2026-06-22,13,80.0,74,22.973,33.0,21.0,46.0,99.0,0.15095,9.0,-0.94968,False
TSLA,call,mid,Mon-0DTE,14:00,ATM,2026-03-02,2026-06-22,13,90.0,74,20.27,36.0,24.5,48.5,104.0,0.15095,9.0,-0.94968,False
TSLA,call,mid,Mon-0DTE,14:00,ATM,2026-03-02,2026-06-22,13,100.0,74,17.568,35.0,25.0,46.0,99.0,0.15095,9.0,-0.94968,False
TSLA,call,market,Mon-0DTE,14:00,ATM,2026-03-02,2026-06-22,13,20.0,74,41.892,10.0,3.5,15.0,70.0,0.07659,9.0,-1.0,False
TSLA,call,market,Mon-0DTE,14:00,ATM,2026-03-02,2026-06-22,13,25.0,74,33.784,11.0,5.0,20.0,93.0,0.07659,9.0,-1.0,False
TSLA,call,market,Mon-0DTE,14:00,ATM,2026-03-02,2026-06-22,13,30.0,74,33.784,12.0,6.0,20.0,93.0,0.07659,9.0,-1.0,False
TSLA,call,market,Mon-0DTE,14:00,ATM,2026-03-02,2026-06-22,13,40.0,74,31.081,16.0,10.5,34.5,94.0,0.07659,9.0,-1.0,False
TSLA,call,market,Mon-0DTE,14:00,ATM,2026-03-02,2026-06-22,13,50.0,74,25.676,23.0,11.5,41.0,98.0,0.07659,9.0,-1.0,False
TSLA,call,market,Mon-0DTE,14:00,ATM,2026-03-02,2026-06-22,13,60.0,74,24.324,29.5,19.0,44.25,101.0,0.07659,9.0,-1.0,False
TSLA,call,market,Mon-0DTE,14:00,ATM,2026-03-02,2026-06-22,13,70.0,74,22.973,34.0,25.0,46.0,99.0,0.07659,9.0,-1.0,False
TSLA,call,market,Mon-0DTE,14:00,ATM,2026-03-02,2026-06-22,13,75.0,74,21.622,35.0,24.75,47.25,101.5,0.07659,9.0,-1.0,False
TSLA,call,market,Mon-0DTE,14:00,ATM,2026-03-02,2026-06-22,13,80.0,74,20.27,36.0,25.0,48.5,104.0,0.07659,9.0,-1.0,False
TSLA,call,market,Mon-0DTE,14:00,ATM,2026-03-02,2026-06-22,13,90.0,74,17.568,35.0,25.0,47.0,99.0,0.07659,9.0,-1.0,False
TSLA,call,market,Mon-0DTE,14:00,ATM,2026-03-02,2026-06-22,13,100.0,74,17.568,36.0,26.0,47.0,99.0,0.07659,9.0,-1.0,False
TSLA,call,mid,Mon-0DTE,15:00,ATM,2026-03-02,2026-06-22,13,20.0,72,75.0,4.5,2.0,11.75,36.5,0.47059,12.5,-0.83034,False
TSLA,call,mid,Mon-0DTE,15:00,ATM,2026-03-02,2026-06-22,13,25.0,72,70.833,5.0,2.0,14.5,37.0,0.47059,12.5,-0.83034,False
TSLA,call,mid,Mon-0DTE,15:00,ATM,2026-03-02,2026-06-22,13,30.0,72,69.444,7.0,2.0,15.0,35.5,0.47059,12.5,-0.83034,False
TSLA,call,mid,Mon-0DTE,15:00,ATM,2026-03-02,2026-06-22,13,40.0,72,59.722,9.0,2.5,17.0,37.0,0.47059,12.5,-0.83034,False
TSLA,call,mid,Mon-0DTE,15:00,ATM,2026-03-02,2026-06-22,13,50.0,72,48.611,8.0,3.5,16.5,39.0,0.47059,12.5,-0.83034,False
TSLA,call,mid,Mon-0DTE,15:00,ATM,2026-03-02,2026-06-22,13,60.0,72,41.667,9.0,3.25,16.75,40.5,0.47059,12.5,-0.83034,False
TSLA,call,mid,Mon-0DTE,15:00,ATM,2026-03-02,2026-06-22,13,70.0,72,40.278,9.0,4.0,19.0,42.0,0.47059,12.5,-0.83034,False
TSLA,call,mid,Mon-0DTE,15:00,ATM,2026-03-02,2026-06-22,13,75.0,72,40.278,10.0,4.0,20.0,39.0,0.47059,12.5,-0.83034,False
TSLA,call,mid,Mon-0DTE,15:00,ATM,2026-03-02,2026-06-22,13,80.0,72,38.889,10.5,5.75,21.5,39.0,0.47059,12.5,-0.83034,False
TSLA,call,mid,Mon-0DTE,15:00,ATM,2026-03-02,2026-06-22,13,90.0,72,33.333,8.5,6.0,16.25,39.0,0.47059,12.5,-0.83034,False
TSLA,call,mid,Mon-0DTE,15:00,ATM,2026-03-02,2026-06-22,13,100.0,72,31.944,9.0,6.0,17.5,39.0,0.47059,12.5,-0.83034,False
TSLA,call,market,Mon-0DTE,15:00,ATM,2026-03-02,2026-06-22,13,20.0,72,62.5,7.0,2.0,16.0,37.0,0.30137,12.5,-0.88805,False
TSLA,call,market,Mon-0DTE,15:00,ATM,2026-03-02,2026-06-22,13,25.0,72,59.722,9.0,3.0,17.0,39.0,0.30137,12.5,-0.88805,False
TSLA,call,market,Mon-0DTE,15:00,ATM,2026-03-02,2026-06-22,13,30.0,72,51.389,9.0,4.0,17.0,39.0,0.30137,12.5,-0.88805,False
TSLA,call,market,Mon-0DTE,15:00,ATM,2026-03-02,2026-06-22,13,40.0,72,45.833,10.0,4.0,16.0,39.0,0.30137,12.5,-0.88805,False
TSLA,call,market,Mon-0DTE,15:00,ATM,2026-03-02,2026-06-22,13,50.0,72,40.278,10.0,4.0,17.0,39.0,0.30137,12.5,-0.88805,False
TSLA,call,market,Mon-0DTE,15:00,ATM,2026-03-02,2026-06-22,13,60.0,72,40.278,11.0,6.0,20.0,39.0,0.30137,12.5,-0.88805,False
TSLA,call,market,Mon-0DTE,15:00,ATM,2026-03-02,2026-06-22,13,70.0,72,36.111,10.0,5.25,19.25,40.0,0.30137,12.5,-0.88805,False
TSLA,call,market,Mon-0DTE,15:00,ATM,2026-03-02,2026-06-22,13,75.0,72,33.333,10.0,6.0,16.25,39.0,0.30137,12.5,-0.88805,False
TSLA,call,market,Mon-0DTE,15:00,ATM,2026-03-02,2026-06-22,13,80.0,72,33.333,10.0,6.0,16.75,39.0,0.30137,12.5,-0.88805,False
TSLA,call,market,Mon-0DTE,15:00,ATM,2026-03-02,2026-06-22,13,90.0,72,31.944,12.0,6.0,20.0,39.0,0.30137,12.5,-0.88805,False
TSLA,call,market,Mon-0DTE,15:00,ATM,2026-03-02,2026-06-22,13,100.0,72,30.556,12.0,6.0,21.25,39.0,0.30137,12.5,-0.88805,False
TSLA,call,mid,Mon-0DTE,15:30,ATM,2026-03-02,2026-06-22,12,20.0,12,66.667,1.5,1.0,5.25,23.5,0.71258,8.0,-0.84747,True
TSLA,call,mid,Mon-0DTE,15:30,ATM,2026-03-02,2026-06-22,12,25.0,12,66.667,2.0,1.0,6.5,23.0,0.71258,8.0,-0.84747,True
TSLA,call,mid,Mon-0DTE,15:30,ATM,2026-03-02,2026-06-22,12,30.0,12,66.667,2.0,1.0,6.75,22.0,0.71258,8.0,-0.84747,True
TSLA,call,mid,Mon-0DTE,15:30,ATM,2026-03-02,2026-06-22,12,40.0,12,66.667,5.5,2.5,10.5,20.5,0.71258,8.0,-0.84747,True
TSLA,call,mid,Mon-0DTE,15:30,ATM,2026-03-02,2026-06-22,12,50.0,12,58.333,4.0,2.0,8.0,19.0,0.71258,8.0,-0.84747,True
TSLA,call,mid,Mon-0DTE,15:30,ATM,2026-03-02,2026-06-22,12,60.0,12,58.333,7.0,2.5,8.0,9.0,0.71258,8.0,-0.84747,True
TSLA,call,mid,Mon-0DTE,15:30,ATM,2026-03-02,2026-06-22,12,70.0,12,58.333,9.0,4.0,12.0,9.0,0.71258,8.0,-0.84747,True
TSLA,call,mid,Mon-0DTE,15:30,ATM,2026-03-02,2026-06-22,12,75.0,12,41.667,9.0,3.0,15.0,15.0,0.71258,8.0,-0.84747,True
TSLA,call,mid,Mon-0DTE,15:30,ATM,2026-03-02,2026-06-22,12,80.0,12,33.333,9.0,2.5,16.0,17.0,0.71258,8.0,-0.84747,True
TSLA,call,mid,Mon-0DTE,15:30,ATM,2026-03-02,2026-06-22,12,90.0,12,25.0,5.0,3.0,12.5,19.0,0.71258,8.0,-0.84747,True
TSLA,call,mid,Mon-0DTE,15:30,ATM,2026-03-02,2026-06-22,12,100.0,12,25.0,5.0,3.0,12.5,19.0,0.71258,8.0,-0.84747,True
TSLA,call,market,Mon-0DTE,15:30,ATM,2026-03-02,2026-06-22,12,20.0,12,66.667,5.5,2.5,10.5,16.5,0.40476,8.0,-0.98529,True
TSLA,call,market,Mon-0DTE,15:30,ATM,2026-03-02,2026-06-22,12,25.0,12,58.333,7.0,2.0,12.0,16.0,0.40476,8.0,-0.98529,True
TSLA,call,market,Mon-0DTE,15:30,ATM,2026-03-02,2026-06-22,12,30.0,12,58.333,7.0,2.0,12.0,16.0,0.40476,8.0,-0.98529,True
TSLA,call,market,Mon-0DTE,15:30,ATM,2026-03-02,2026-06-22,12,40.0,12,50.0,8.0,7.0,13.5,16.0,0.40476,8.0,-0.98529,True
TSLA,call,market,Mon-0DTE,15:30,ATM,2026-03-02,2026-06-22,12,50.0,12,41.667,7.0,7.0,9.0,9.0,0.40476,8.0,-0.98529,True
TSLA,call,market,Mon-0DTE,15:30,ATM,2026-03-02,2026-06-22,12,60.0,12,16.667,11.5,8.25,14.75,24.0,0.40476,8.0,-0.98529,True
TSLA,call,market,Mon-0DTE,15:30,ATM,2026-03-02,2026-06-22,12,70.0,12,16.667,12.5,8.75,16.25,24.0,0.40476,8.0,-0.98529,True
TSLA,call,market,Mon-0DTE,15:30,ATM,2026-03-02,2026-06-22,12,75.0,12,16.667,17.5,16.25,18.75,24.0,0.40476,8.0,-0.98529,True
TSLA,call,market,Mon-0DTE,15:30,ATM,2026-03-02,2026-06-22,12,80.0,12,16.667,17.5,16.25,18.75,24.0,0.40476,8.0,-0.98529,True
TSLA,call,market,Mon-0DTE,15:30,ATM,2026-03-02,2026-06-22,12,90.0,12,16.667,19.0,18.5,19.5,24.0,0.40476,8.0,-0.98529,True
TSLA,call,market,Mon-0DTE,15:30,ATM,2026-03-02,2026-06-22,12,100.0,12,16.667,19.0,18.5,19.5,24.0,0.40476,8.0,-0.98529,True
TSLA,call,mid,Mon-0DTE,14:30,ATM,2026-03-02,2026-06-22,12,20.0,68,52.941,15.5,5.5,26.25,59.0,0.21738,16.5,-0.90354,False
TSLA,call,mid,Mon-0DTE,14:30,ATM,2026-03-02,2026-06-22,12,25.0,68,45.588,22.0,8.0,30.0,62.0,0.21738,16.5,-0.90354,False
TSLA,call,mid,Mon-0DTE,14:30,ATM,2026-03-02,2026-06-22,12,30.0,68,42.647,22.0,10.0,29.0,63.0,0.21738,16.5,-0.90354,False
TSLA,call,mid,Mon-0DTE,14:30,ATM,2026-03-02,2026-06-22,12,40.0,68,38.235,20.5,10.25,29.0,62.5,0.21738,16.5,-0.90354,False
TSLA,call,mid,Mon-0DTE,14:30,ATM,2026-03-02,2026-06-22,12,50.0,68,36.765,23.0,14.0,33.0,57.0,0.21738,16.5,-0.90354,False
TSLA,call,mid,Mon-0DTE,14:30,ATM,2026-03-02,2026-06-22,12,60.0,68,33.824,24.0,13.0,30.0,57.0,0.21738,16.5,-0.90354,False
TSLA,call,mid,Mon-0DTE,14:30,ATM,2026-03-02,2026-06-22,12,70.0,68,32.353,24.0,14.5,30.5,59.0,0.21738,16.5,-0.90354,False
TSLA,call,mid,Mon-0DTE,14:30,ATM,2026-03-02,2026-06-22,12,75.0,68,29.412,23.0,13.75,28.25,59.0,0.21738,16.5,-0.90354,False
TSLA,call,mid,Mon-0DTE,14:30,ATM,2026-03-02,2026-06-22,12,80.0,68,27.941,22.0,14.5,28.5,63.0,0.21738,16.5,-0.90354,False
TSLA,call,mid,Mon-0DTE,14:30,ATM,2026-03-02,2026-06-22,12,90.0,68,25.0,26.0,16.0,32.0,64.0,0.21738,16.5,-0.90354,False
TSLA,call,mid,Mon-0DTE,14:30,ATM,2026-03-02,2026-06-22,12,100.0,68,23.529,27.5,16.0,32.5,65.5,0.21738,16.5,-0.90354,False
TSLA,call,market,Mon-0DTE,14:30,ATM,2026-03-02,2026-06-22,12,20.0,68,41.176,22.0,9.25,29.5,62.5,0.1131,16.5,-1.0,False
TSLA,call,market,Mon-0DTE,14:30,ATM,2026-03-02,2026-06-22,12,25.0,68,39.706,22.0,10.5,29.0,62.0,0.1131,16.5,-1.0,False
TSLA,call,market,Mon-0DTE,14:30,ATM,2026-03-02,2026-06-22,12,30.0,68,39.706,23.0,12.5,30.0,57.0,0.1131,16.5,-1.0,False
TSLA,call,market,Mon-0DTE,14:30,ATM,2026-03-02,2026-06-22,12,40.0,68,36.765,23.0,14.0,32.0,63.0,0.1131,16.5,-1.0,False
TSLA,call,market,Mon-0DTE,14:30,ATM,2026-03-02,2026-06-22,12,50.0,68,32.353,23.0,12.5,28.5,59.5,0.1131,16.5,-1.0,False
TSLA,call,market,Mon-0DTE,14:30,ATM,2026-03-02,2026-06-22,12,60.0,68,32.353,24.5,14.5,30.5,55.0,0.1131,16.5,-1.0,False
TSLA,call,market,Mon-0DTE,14:30,ATM,2026-03-02,2026-06-22,12,70.0,68,25.0,22.0,14.0,31.0,64.0,0.1131,16.5,-1.0,False
TSLA,call,market,Mon-0DTE,14:30,ATM,2026-03-02,2026-06-22,12,75.0,68,25.0,26.0,15.0,32.0,64.0,0.1131,16.5,-1.0,False
TSLA,call,market,Mon-0DTE,14:30,ATM,2026-03-02,2026-06-22,12,80.0,68,25.0,26.0,16.0,32.0,64.0,0.1131,16.5,-1.0,False
TSLA,call,market,Mon-0DTE,14:30,ATM,2026-03-02,2026-06-22,12,90.0,68,23.529,27.5,16.0,32.5,65.5,0.1131,16.5,-1.0,False
TSLA,call,market,Mon-0DTE,14:30,ATM,2026-03-02,2026-06-22,12,100.0,68,20.588,27.5,17.25,33.5,70.5,0.1131,16.5,-1.0,False
TSLA,put,mid,Mon-0DTE,11:30,OTM2+,2026-03-02,2026-07-06,16,20.0,385,47.532,8.0,3.0,14.0,56.0,0.19231,5.0,-0.77551,False
TSLA,put,mid,Mon-0DTE,11:30,OTM2+,2026-03-02,2026-07-06,16,25.0,385,45.714,9.0,4.0,17.0,57.0,0.19231,5.0,-0.77551,False
TSLA,put,mid,Mon-0DTE,11:30,OTM2+,2026-03-02,2026-07-06,16,30.0,385,39.221,10.0,5.0,18.5,61.0,0.19231,5.0,-0.77551,False
TSLA,put,mid,Mon-0DTE,11:30,OTM2+,2026-03-02,2026-07-06,16,40.0,385,32.727,12.0,7.0,22.0,65.5,0.19231,5.0,-0.77551,False
TSLA,put,mid,Mon-0DTE,11:30,OTM2+,2026-03-02,2026-07-06,16,50.0,385,28.312,15.0,7.0,22.0,76.0,0.19231,5.0,-0.77551,False
TSLA,put,mid,Mon-0DTE,11:30,OTM2+,2026-03-02,2026-07-06,16,60.0,385,22.338,17.0,10.0,27.0,98.5,0.19231,5.0,-0.77551,False
TSLA,put,mid,Mon-0DTE,11:30,OTM2+,2026-03-02,2026-07-06,16,70.0,385,21.039,20.0,12.0,28.0,92.0,0.19231,5.0,-0.77551,False
TSLA,put,mid,Mon-0DTE,11:30,OTM2+,2026-03-02,2026-07-06,16,75.0,385,19.221,21.0,12.0,28.75,99.0,0.19231,5.0,-0.77551,False
TSLA,put,mid,Mon-0DTE,11:30,OTM2+,2026-03-02,2026-07-06,16,80.0,385,17.922,22.0,13.0,28.0,96.0,0.19231,5.0,-0.77551,False
TSLA,put,mid,Mon-0DTE,11:30,OTM2+,2026-03-02,2026-07-06,16,90.0,385,15.844,23.0,16.0,31.0,108.0,0.19231,5.0,-0.77551,False
TSLA,put,mid,Mon-0DTE,11:30,OTM2+,2026-03-02,2026-07-06,16,100.0,385,15.325,24.0,17.0,31.0,107.0,0.19231,5.0,-0.77551,False
TSLA,put,market,Mon-0DTE,11:30,OTM2+,2026-03-02,2026-07-06,16,20.0,385,21.558,15.0,8.0,27.0,100.0,-0.29167,4.0,-1.0,False
TSLA,put,market,Mon-0DTE,11:30,OTM2+,2026-03-02,2026-07-06,16,25.0,385,20.26,16.5,9.0,27.0,104.5,-0.29167,4.0,-1.0,False
TSLA,put,market,Mon-0DTE,11:30,OTM2+,2026-03-02,2026-07-06,16,30.0,385,17.922,17.0,9.0,28.0,112.0,-0.29167,4.0,-1.0,False
TSLA,put,market,Mon-0DTE,11:30,OTM2+,2026-03-02,2026-07-06,16,40.0,385,15.325,22.0,13.0,31.5,122.0,-0.29167,4.0,-1.0,False
TSLA,put,market,Mon-0DTE,11:30,OTM2+,2026-03-02,2026-07-06,16,50.0,385,13.766,22.0,15.0,32.0,122.0,-0.29167,4.0,-1.0,False
TSLA,put,market,Mon-0DTE,11:30,OTM2+,2026-03-02,2026-07-06,16,60.0,385,13.506,25.0,16.75,44.75,153.5,-0.29167,4.0,-1.0,False
TSLA,put,market,Mon-0DTE,11:30,OTM2+,2026-03-02,2026-07-06,16,70.0,385,12.208,27.0,19.5,51.5,199.0,-0.29167,4.0,-1.0,False
TSLA,put,market,Mon-0DTE,11:30,OTM2+,2026-03-02,2026-07-06,16,75.0,385,11.688,28.0,21.0,52.0,205.0,-0.29167,4.0,-1.0,False
TSLA,put,market,Mon-0DTE,11:30,OTM2+,2026-03-02,2026-07-06,16,80.0,385,11.429,31.0,22.75,57.75,199.5,-0.29167,4.0,-1.0,False
TSLA,put,market,Mon-0DTE,11:30,OTM2+,2026-03-02,2026-07-06,16,90.0,385,10.39,35.0,26.0,79.25,202.5,-0.29167,4.0,-1.0,False
TSLA,put,market,Mon-0DTE,11:30,OTM2+,2026-03-02,2026-07-06,16,100.0,385,8.831,36.5,28.0,85.25,240.5,-0.29167,4.0,-1.0,False
TSLA,put,mid,Mon-0DTE,13:00,OTM2+,2026-03-02,2026-07-06,15,20.0,358,41.899,8.0,3.0,27.75,38.5,0.14286,3.0,-0.5,False
TSLA,put,mid,Mon-0DTE,13:00,OTM2+,2026-03-02,2026-07-06,15,25.0,358,39.106,9.0,4.0,29.25,40.5,0.14286,3.0,-0.5,False
TSLA,put,mid,Mon-0DTE,13:00,OTM2+,2026-03-02,2026-07-06,15,30.0,358,32.682,9.0,4.0,27.0,44.0,0.14286,3.0,-0.5,False
TSLA,put,mid,Mon-0DTE,13:00,OTM2+,2026-03-02,2026-07-06,15,40.0,358,24.86,12.0,7.0,30.0,41.0,0.14286,3.0,-0.5,False
TSLA,put,mid,Mon-0DTE,13:00,OTM2+,2026-03-02,2026-07-06,15,50.0,358,20.112,20.0,10.0,36.25,44.0,0.14286,3.0,-0.5,False
TSLA,put,mid,Mon-0DTE,13:00,OTM2+,2026-03-02,2026-07-06,15,60.0,358,16.76,20.5,11.0,36.5,46.5,0.14286,3.0,-0.5,False
TSLA,put,mid,Mon-0DTE,13:00,OTM2+,2026-03-02,2026-07-06,15,70.0,358,13.687,22.0,12.0,48.0,53.0,0.14286,3.0,-0.5,False
TSLA,put,mid,Mon-0DTE,13:00,OTM2+,2026-03-02,2026-07-06,15,75.0,358,12.011,21.0,12.0,39.5,49.0,0.14286,3.0,-0.5,False
TSLA,put,mid,Mon-0DTE,13:00,OTM2+,2026-03-02,2026-07-06,15,80.0,358,10.894,23.0,12.5,90.5,49.0,0.14286,3.0,-0.5,False
TSLA,put,mid,Mon-0DTE,13:00,OTM2+,2026-03-02,2026-07-06,15,90.0,358,9.218,27.0,15.0,88.0,50.0,0.14286,3.0,-0.5,False
TSLA,put,mid,Mon-0DTE,13:00,OTM2+,2026-03-02,2026-07-06,15,100.0,358,7.542,27.0,16.5,90.5,60.0,0.14286,3.0,-0.5,False
TSLA,put,market,Mon-0DTE,13:00,OTM2+,2026-03-02,2026-07-06,15,20.0,358,8.38,19.5,7.75,36.75,39.5,-0.78889,0.0,-1.0,False
TSLA,put,market,Mon-0DTE,13:00,OTM2+,2026-03-02,2026-07-06,15,25.0,358,7.542,24.0,11.0,43.0,39.0,-0.78889,0.0,-1.0,False
TSLA,put,market,Mon-0DTE,13:00,OTM2+,2026-03-02,2026-07-06,15,30.0,358,6.145,30.5,11.0,78.0,86.0,-0.78889,0.0,-1.0,False
TSLA,put,market,Mon-0DTE,13:00,OTM2+,2026-03-02,2026-07-06,15,40.0,358,4.749,27.0,11.0,88.0,89.0,-0.78889,0.0,-1.0,False
TSLA,put,market,Mon-0DTE,13:00,OTM2+,2026-03-02,2026-07-06,15,50.0,358,4.19,30.0,11.5,116.5,110.0,-0.78889,0.0,-1.0,False
TSLA,put,market,Mon-0DTE,13:00,OTM2+,2026-03-02,2026-07-06,15,60.0,358,3.352,41.0,12.0,146.25,144.0,-0.78889,0.0,-1.0,False
TSLA,put,market,Mon-0DTE,13:00,OTM2+,2026-03-02,2026-07-06,15,70.0,358,2.793,42.5,16.25,148.75,147.5,-0.78889,0.0,-1.0,False
TSLA,put,market,Mon-0DTE,13:00,OTM2+,2026-03-02,2026-07-06,15,75.0,358,2.793,42.5,17.75,148.75,147.5,-0.78889,0.0,-1.0,False
TSLA,put,market,Mon-0DTE,13:00,OTM2+,2026-03-02,2026-07-06,15,80.0,358,2.235,37.5,15.75,95.5,127.5,-0.78889,0.0,-1.0,False
TSLA,put,market,Mon-0DTE,13:00,OTM2+,2026-03-02,2026-07-06,15,90.0,358,1.955,23.0,15.5,112.5,145.0,-0.78889,0.0,-1.0,False
TSLA,put,market,Mon-0DTE,13:00,OTM2+,2026-03-02,2026-07-06,15,100.0,358,1.397,16.0,15.0,23.0,110.0,-0.78889,0.0,-1.0,False
TSLA,put,mid,Mon-0DTE,14:00,OTM2+,2026-03-02,2026-07-06,13,20.0,332,33.133,20.5,5.0,55.75,50.0,0.14286,2.0,-0.25,False
TSLA,put,mid,Mon-0DTE,14:00,OTM2+,2026-03-02,2026-07-06,13,25.0,332,32.53,20.5,5.75,56.25,50.0,0.14286,2.0,-0.25,False
TSLA,put,mid,Mon-0DTE,14:00,OTM2+,2026-03-02,2026-07-06,13,30.0,332,29.819,26.0,5.5,58.0,54.0,0.14286,2.0,-0.25,False
TSLA,put,mid,Mon-0DTE,14:00,OTM2+,2026-03-02,2026-07-06,13,40.0,332,19.88,30.5,9.0,57.5,55.5,0.14286,2.0,-0.25,False
TSLA,put,mid,Mon-0DTE,14:00,OTM2+,2026-03-02,2026-07-06,13,50.0,332,17.169,39.0,9.0,54.0,54.0,0.14286,2.0,-0.25,False
TSLA,put,mid,Mon-0DTE,14:00,OTM2+,2026-03-02,2026-07-06,13,60.0,332,12.952,48.0,30.5,68.0,58.0,0.14286,2.0,-0.25,False
TSLA,put,mid,Mon-0DTE,14:00,OTM2+,2026-03-02,2026-07-06,13,70.0,332,11.747,51.0,39.5,68.5,60.0,0.14286,2.0,-0.25,False
TSLA,put,mid,Mon-0DTE,14:00,OTM2+,2026-03-02,2026-07-06,13,75.0,332,11.145,51.0,41.0,68.0,58.0,0.14286,2.0,-0.25,False
TSLA,put,mid,Mon-0DTE,14:00,OTM2+,2026-03-02,2026-07-06,13,80.0,332,10.542,51.0,41.0,68.5,58.0,0.14286,2.0,-0.25,False
TSLA,put,mid,Mon-0DTE,14:00,OTM2+,2026-03-02,2026-07-06,13,90.0,332,9.94,51.0,41.0,69.0,58.0,0.14286,2.0,-0.25,False
TSLA,put,mid,Mon-0DTE,14:00,OTM2+,2026-03-02,2026-07-06,13,100.0,332,9.036,49.0,41.0,62.5,56.5,0.14286,2.0,-0.25,False
TSLA,put,market,Mon-0DTE,14:00,OTM2+,2026-03-02,2026-07-06,13,20.0,332,6.627,52.0,43.5,77.0,62.0,-1.0,0.0,-1.0,False
TSLA,put,market,Mon-0DTE,14:00,OTM2+,2026-03-02,2026-07-06,13,25.0,332,6.325,53.0,45.0,80.0,64.0,-1.0,0.0,-1.0,False
TSLA,put,market,Mon-0DTE,14:00,OTM2+,2026-03-02,2026-07-06,13,30.0,332,6.024,53.0,44.5,81.25,60.0,-1.0,0.0,-1.0,False
TSLA,put,market,Mon-0DTE,14:00,OTM2+,2026-03-02,2026-07-06,13,40.0,332,5.723,53.0,45.5,82.5,60.0,-1.0,0.0,-1.0,False
TSLA,put,market,Mon-0DTE,14:00,OTM2+,2026-03-02,2026-07-06,13,50.0,332,5.723,54.0,45.5,82.5,58.0,-1.0,0.0,-1.0,False
TSLA,put,market,Mon-0DTE,14:00,OTM2+,2026-03-02,2026-07-06,13,60.0,332,5.12,53.0,46.0,80.0,55.0,-1.0,0.0,-1.0,False
TSLA,put,market,Mon-0DTE,14:00,OTM2+,2026-03-02,2026-07-06,13,70.0,332,4.819,52.0,45.25,82.5,55.0,-1.0,0.0,-1.0,False
TSLA,put,market,Mon-0DTE,14:00,OTM2+,2026-03-02,2026-07-06,13,75.0,332,4.819,52.5,46.0,82.5,55.0,-1.0,0.0,-1.0,False
TSLA,put,market,Mon-0DTE,14:00,OTM2+,2026-03-02,2026-07-06,13,80.0,332,4.518,53.0,48.0,85.0,55.0,-1.0,0.0,-1.0,False
TSLA,put,market,Mon-0DTE,14:00,OTM2+,2026-03-02,2026-07-06,13,90.0,332,4.217,53.5,48.25,87.5,54.5,-1.0,0.0,-1.0,False
TSLA,put,market,Mon-0DTE,14:00,OTM2+,2026-03-02,2026-07-06,13,100.0,332,3.012,51.0,44.25,53.75,51.5,-1.0,0.0,-1.0,False
TSLA,put,mid,Mon-0DTE,12:00,OTM2+,2026-03-02,2026-07-06,16,20.0,380,42.368,9.0,3.0,24.0,44.0,0.16667,4.0,-0.72727,False
TSLA,put,mid,Mon-0DTE,12:00,OTM2+,2026-03-02,2026-07-06,16,25.0,380,40.0,11.0,4.0,26.25,46.5,0.16667,4.0,-0.72727,False
TSLA,put,mid,Mon-0DTE,12:00,OTM2+,2026-03-02,2026-07-06,16,30.0,380,33.158,11.0,5.0,21.0,54.5,0.16667,4.0,-0.72727,False
TSLA,put,mid,Mon-0DTE,12:00,OTM2+,2026-03-02,2026-07-06,16,40.0,380,26.579,13.0,6.0,28.0,67.0,0.16667,4.0,-0.72727,False
TSLA,put,mid,Mon-0DTE,12:00,OTM2+,2026-03-02,2026-07-06,16,50.0,380,19.737,16.0,9.5,30.5,81.0,0.16667,4.0,-0.72727,False
TSLA,put,mid,Mon-0DTE,12:00,OTM2+,2026-03-02,2026-07-06,16,60.0,380,16.316,18.5,11.25,48.75,162.5,0.16667,4.0,-0.72727,False
TSLA,put,mid,Mon-0DTE,12:00,OTM2+,2026-03-02,2026-07-06,16,70.0,380,15.263,20.0,12.0,58.75,175.0,0.16667,4.0,-0.72727,False
TSLA,put,mid,Mon-0DTE,12:00,OTM2+,2026-03-02,2026-07-06,16,75.0,380,13.684,19.0,11.5,51.25,182.0,0.16667,4.0,-0.72727,False
TSLA,put,mid,Mon-0DTE,12:00,OTM2+,2026-03-02,2026-07-06,16,80.0,380,12.368,22.0,12.0,57.5,189.0,0.16667,4.0,-0.72727,False
TSLA,put,mid,Mon-0DTE,12:00,OTM2+,2026-03-02,2026-07-06,16,90.0,380,10.526,23.0,14.0,61.0,198.5,0.16667,4.0,-0.72727,False
TSLA,put,mid,Mon-0DTE,12:00,OTM2+,2026-03-02,2026-07-06,16,100.0,380,9.474,26.5,13.0,58.25,206.5,0.16667,4.0,-0.72727,False
TSLA,put,market,Mon-0DTE,12:00,OTM2+,2026-03-02,2026-07-06,16,20.0,380,13.158,15.5,7.0,27.5,180.0,-0.45804,2.0,-1.0,False
TSLA,put,market,Mon-0DTE,12:00,OTM2+,2026-03-02,2026-07-06,16,25.0,380,12.105,17.5,8.25,28.0,185.5,-0.45804,2.0,-1.0,False
TSLA,put,market,Mon-0DTE,12:00,OTM2+,2026-03-02,2026-07-06,16,30.0,380,11.579,18.5,9.75,45.5,190.5,-0.45804,2.0,-1.0,False
TSLA,put,market,Mon-0DTE,12:00,OTM2+,2026-03-02,2026-07-06,16,40.0,380,9.737,19.0,10.0,50.0,200.0,-0.45804,2.0,-1.0,False
TSLA,put,market,Mon-0DTE,12:00,OTM2+,2026-03-02,2026-07-06,16,50.0,380,8.684,20.0,10.0,47.0,197.0,-0.45804,2.0,-1.0,False
TSLA,put,market,Mon-0DTE,12:00,OTM2+,2026-03-02,2026-07-06,16,60.0,380,7.368,26.5,10.0,60.25,209.0,-0.45804,2.0,-1.0,False
TSLA,put,market,Mon-0DTE,12:00,OTM2+,2026-03-02,2026-07-06,16,70.0,380,7.368,28.0,10.0,61.25,209.0,-0.45804,2.0,-1.0,False
TSLA,put,market,Mon-0DTE,12:00,OTM2+,2026-03-02,2026-07-06,16,75.0,380,7.105,28.0,10.5,62.5,210.0,-0.45804,2.0,-1.0,False
TSLA,put,market,Mon-0DTE,12:00,OTM2+,2026-03-02,2026-07-06,16,80.0,380,6.316,28.0,10.0,59.25,214.0,-0.45804,2.0,-1.0,False
TSLA,put,market,Mon-0DTE,12:00,OTM2+,2026-03-02,2026-07-06,16,90.0,380,6.053,50.0,10.5,62.5,215.0,-0.45804,2.0,-1.0,False
TSLA,put,market,Mon-0DTE,12:00,OTM2+,2026-03-02,2026-07-06,16,100.0,380,5.526,54.0,12.0,68.0,218.0,-0.45804,2.0,-1.0,False
TSLA,put,mid,Mon-0DTE,12:30,OTM2+,2026-03-02,2026-07-06,15,20.0,355,40.845,11.0,4.0,35.0,38.0,0.15385,5.0,-0.66667,False
TSLA,put,mid,Mon-0DTE,12:30,OTM2+,2026-03-02,2026-07-06,15,25.0,355,38.873,12.0,4.0,36.0,38.5,0.15385,5.0,-0.66667,False
TSLA,put,mid,Mon-0DTE,12:30,OTM2+,2026-03-02,2026-07-06,15,30.0,355,32.958,16.0,5.0,45.0,43.0,0.15385,5.0,-0.66667,False
TSLA,put,mid,Mon-0DTE,12:30,OTM2+,2026-03-02,2026-07-06,15,40.0,355,25.634,24.0,6.0,40.0,37.0,0.15385,5.0,-0.66667,False
TSLA,put,mid,Mon-0DTE,12:30,OTM2+,2026-03-02,2026-07-06,15,50.0,355,20.0,15.0,7.5,40.5,40.0,0.15385,5.0,-0.66667,False
TSLA,put,mid,Mon-0DTE,12:30,OTM2+,2026-03-02,2026-07-06,15,60.0,355,15.493,13.0,9.0,45.0,40.0,0.15385,5.0,-0.66667,False
TSLA,put,mid,Mon-0DTE,12:30,OTM2+,2026-03-02,2026-07-06,15,70.0,355,11.268,13.0,9.5,45.75,40.5,0.15385,5.0,-0.66667,False
TSLA,put,mid,Mon-0DTE,12:30,OTM2+,2026-03-02,2026-07-06,15,75.0,355,9.859,12.0,10.0,40.0,39.0,0.15385,5.0,-0.66667,False
TSLA,put,mid,Mon-0DTE,12:30,OTM2+,2026-03-02,2026-07-06,15,80.0,355,9.296,13.0,11.0,46.0,42.0,0.15385,5.0,-0.66667,False
TSLA,put,mid,Mon-0DTE,12:30,OTM2+,2026-03-02,2026-07-06,15,90.0,355,8.169,16.0,12.0,48.0,49.0,0.15385,5.0,-0.66667,False
TSLA,put,mid,Mon-0DTE,12:30,OTM2+,2026-03-02,2026-07-06,15,100.0,355,8.169,17.0,12.0,49.0,49.0,0.15385,5.0,-0.66667,False
TSLA,put,market,Mon-0DTE,12:30,OTM2+,2026-03-02,2026-07-06,15,20.0,355,10.704,12.0,6.25,35.0,42.5,-0.57143,2.0,-1.0,False
TSLA,put,market,Mon-0DTE,12:30,OTM2+,2026-03-02,2026-07-06,15,25.0,355,10.141,13.0,6.0,35.0,42.5,-0.57143,2.0,-1.0,False
TSLA,put,market,Mon-0DTE,12:30,OTM2+,2026-03-02,2026-07-06,15,30.0,355,9.577,15.0,8.0,38.0,41.5,-0.57143,2.0,-1.0,False
TSLA,put,market,Mon-0DTE,12:30,OTM2+,2026-03-02,2026-07-06,15,40.0,355,8.451,17.0,11.0,38.75,41.5,-0.57143,2.0,-1.0,False
TSLA,put,market,Mon-0DTE,12:30,OTM2+,2026-03-02,2026-07-06,15,50.0,355,6.479,18.0,11.5,38.0,42.0,-0.57143,2.0,-1.0,False
TSLA,put,market,Mon-0DTE,12:30,OTM2+,2026-03-02,2026-07-06,15,60.0,355,5.07,16.5,12.0,45.5,97.0,-0.57143,2.0,-1.0,False
TSLA,put,market,Mon-0DTE,12:30,OTM2+,2026-03-02,2026-07-06,15,70.0,355,4.789,17.0,12.0,47.0,150.0,-0.57143,2.0,-1.0,False
TSLA,put,market,Mon-0DTE,12:30,OTM2+,2026-03-02,2026-07-06,15,75.0,355,4.789,17.0,12.0,53.0,150.0,-0.57143,2.0,-1.0,False
TSLA,put,market,Mon-0DTE,12:30,OTM2+,2026-03-02,2026-07-06,15,80.0,355,4.507,17.5,12.0,51.25,81.0,-0.57143,2.0,-1.0,False
TSLA,put,market,Mon-0DTE,12:30,OTM2+,2026-03-02,2026-07-06,15,90.0,355,4.225,21.0,17.0,54.5,132.0,-0.57143,2.0,-1.0,False
TSLA,put,market,Mon-0DTE,12:30,OTM2+,2026-03-02,2026-07-06,15,100.0,355,3.38,30.0,19.5,54.25,151.5,-0.57143,2.0,-1.0,False
TSLA,put,mid,Mon-0DTE,13:30,OTM2+,2026-03-02,2026-07-06,14,20.0,355,36.056,8.0,3.0,46.5,29.0,0.14286,3.0,-0.4,False
TSLA,put,mid,Mon-0DTE,13:30,OTM2+,2026-03-02,2026-07-06,14,25.0,355,35.493,9.0,4.0,50.0,29.0,0.14286,3.0,-0.4,False
TSLA,put,mid,Mon-0DTE,13:30,OTM2+,2026-03-02,2026-07-06,14,30.0,355,29.296,10.0,4.0,68.75,32.0,0.14286,3.0,-0.4,False
TSLA,put,mid,Mon-0DTE,13:30,OTM2+,2026-03-02,2026-07-06,14,40.0,355,19.718,14.5,5.25,71.75,38.0,0.14286,3.0,-0.4,False
TSLA,put,mid,Mon-0DTE,13:30,OTM2+,2026-03-02,2026-07-06,14,50.0,355,12.676,20.0,8.0,78.0,69.0,0.14286,3.0,-0.4,False
TSLA,put,mid,Mon-0DTE,13:30,OTM2+,2026-03-02,2026-07-06,14,60.0,355,10.986,63.0,9.0,87.0,75.0,0.14286,3.0,-0.4,False
TSLA,put,mid,Mon-0DTE,13:30,OTM2+,2026-03-02,2026-07-06,14,70.0,355,9.296,58.0,10.0,83.0,74.0,0.14286,3.0,-0.4,False
TSLA,put,mid,Mon-0DTE,13:30,OTM2+,2026-03-02,2026-07-06,14,75.0,355,8.169,63.0,10.0,83.0,75.0,0.14286,3.0,-0.4,False
TSLA,put,mid,Mon-0DTE,13:30,OTM2+,2026-03-02,2026-07-06,14,80.0,355,7.324,65.5,12.25,98.75,81.5,0.14286,3.0,-0.4,False
TSLA,put,mid,Mon-0DTE,13:30,OTM2+,2026-03-02,2026-07-06,14,90.0,355,7.042,68.0,13.0,104.0,84.0,0.14286,3.0,-0.4,False
TSLA,put,mid,Mon-0DTE,13:30,OTM2+,2026-03-02,2026-07-06,14,100.0,355,5.915,68.0,38.0,83.0,84.0,0.14286,3.0,-0.4,False
TSLA,put,market,Mon-0DTE,13:30,OTM2+,2026-03-02,2026-07-06,14,20.0,355,5.634,69.0,41.75,89.75,89.5,-0.88889,0.0,-1.0,False
TSLA,put,market,Mon-0DTE,13:30,OTM2+,2026-03-02,2026-07-06,14,25.0,355,5.634,69.0,41.75,89.75,89.5,-0.88889,0.0,-1.0,False
TSLA,put,market,Mon-0DTE,13:30,OTM2+,2026-03-02,2026-07-06,14,30.0,355,5.634,69.5,53.5,89.75,87.0,-0.88889,0.0,-1.0,False
TSLA,put,market,Mon-0DTE,13:30,OTM2+,2026-03-02,2026-07-06,14,40.0,355,5.352,68.0,51.0,96.5,90.0,-0.88889,0.0,-1.0,False
TSLA,put,market,Mon-0DTE,13:30,OTM2+,2026-03-02,2026-07-06,14,50.0,355,4.507,70.5,57.5,89.75,92.5,-0.88889,0.0,-1.0,False
TSLA,put,market,Mon-0DTE,13:30,OTM2+,2026-03-02,2026-07-06,14,60.0,355,3.662,63.0,56.0,73.0,84.0,-0.88889,0.0,-1.0,False
TSLA,put,market,Mon-0DTE,13:30,OTM2+,2026-03-02,2026-07-06,14,70.0,355,2.254,85.0,76.75,98.25,96.5,-0.88889,0.0,-1.0,False
TSLA,put,market,Mon-0DTE,13:30,OTM2+,2026-03-02,2026-07-06,14,75.0,355,2.254,92.0,76.75,101.25,96.5,-0.88889,0.0,-1.0,False
TSLA,put,market,Mon-0DTE,13:30,OTM2+,2026-03-02,2026-07-06,14,80.0,355,1.972,87.0,70.5,99.5,93.0,-0.88889,0.0,-1.0,False
TSLA,put,market,Mon-0DTE,13:30,OTM2+,2026-03-02,2026-07-06,14,90.0,355,1.69,94.5,88.25,100.75,95.5,-0.88889,0.0,-1.0,False
TSLA,put,market,Mon-0DTE,13:30,OTM2+,2026-03-02,2026-07-06,14,100.0,355,1.69,94.5,88.25,100.75,95.5,-0.88889,0.0,-1.0,False
TSLA,put,mid,Mon-0DTE,15:00,OTM2+,2026-03-02,2026-07-06,13,20.0,257,24.514,9.0,3.0,27.0,26.0,0.125,1.0,0.0,False
TSLA,put,mid,Mon-0DTE,15:00,OTM2+,2026-03-02,2026-07-06,13,25.0,257,24.125,9.5,3.25,27.0,26.0,0.125,1.0,0.0,False
TSLA,put,mid,Mon-0DTE,15:00,OTM2+,2026-03-02,2026-07-06,13,30.0,257,22.179,10.0,5.0,30.0,27.0,0.125,1.0,0.0,False
TSLA,put,mid,Mon-0DTE,15:00,OTM2+,2026-03-02,2026-07-06,13,40.0,257,12.84,6.0,3.0,15.0,22.0,0.125,1.0,0.0,False
TSLA,put,mid,Mon-0DTE,15:00,OTM2+,2026-03-02,2026-07-06,13,50.0,257,9.728,6.0,4.0,13.0,26.0,0.125,1.0,0.0,False
TSLA,put,mid,Mon-0DTE,15:00,OTM2+,2026-03-02,2026-07-06,13,60.0,257,7.004,7.5,5.0,16.75,27.5,0.125,1.0,0.0,False
TSLA,put,mid,Mon-0DTE,15:00,OTM2+,2026-03-02,2026-07-06,13,70.0,257,7.004,7.5,5.0,16.75,27.5,0.125,1.0,0.0,False
TSLA,put,mid,Mon-0DTE,15:00,OTM2+,2026-03-02,2026-07-06,13,75.0,257,7.004,8.0,5.0,16.75,27.5,0.125,1.0,0.0,False
TSLA,put,mid,Mon-0DTE,15:00,OTM2+,2026-03-02,2026-07-06,13,80.0,257,6.615,8.0,5.0,19.0,20.0,0.125,1.0,0.0,False
TSLA,put,mid,Mon-0DTE,15:00,OTM2+,2026-03-02,2026-07-06,13,90.0,257,6.226,7.5,4.5,19.25,20.5,0.125,1.0,0.0,False
TSLA,put,mid,Mon-0DTE,15:00,OTM2+,2026-03-02,2026-07-06,13,100.0,257,5.447,7.0,3.5,11.5,20.0,0.125,1.0,0.0,False
TSLA,put,market,Mon-0DTE,15:00,OTM2+,2026-03-02,2026-07-06,13,20.0,257,1.946,7.0,5.0,10.0,29.0,-1.0,0.0,-1.0,False
TSLA,put,market,Mon-0DTE,15:00,OTM2+,2026-03-02,2026-07-06,13,25.0,257,1.946,7.0,5.0,10.0,29.0,-1.0,0.0,-1.0,False
TSLA,put,market,Mon-0DTE,15:00,OTM2+,2026-03-02,2026-07-06,13,30.0,257,1.946,10.0,5.0,10.0,24.0,-1.0,0.0,-1.0,False
TSLA,put,market,Mon-0DTE,15:00,OTM2+,2026-03-02,2026-07-06,13,40.0,257,1.946,10.0,5.0,10.0,24.0,-1.0,0.0,-1.0,False
TSLA,put,market,Mon-0DTE,15:00,OTM2+,2026-03-02,2026-07-06,13,50.0,257,1.946,10.0,5.0,10.0,24.0,-1.0,0.0,-1.0,False
TSLA,put,market,Mon-0DTE,15:00,OTM2+,2026-03-02,2026-07-06,13,60.0,257,1.946,10.0,5.0,10.0,24.0,-1.0,0.0,-1.0,False
TSLA,put,market,Mon-0DTE,15:00,OTM2+,2026-03-02,2026-07-06,13,70.0,257,1.946,10.0,7.0,10.0,24.0,-1.0,0.0,-1.0,False
TSLA,put,market,Mon-0DTE,15:00,OTM2+,2026-03-02,2026-07-06,13,75.0,257,1.946,12.0,9.0,13.0,23.0,-1.0,0.0,-1.0,False
TSLA,put,market,Mon-0DTE,15:00,OTM2+,2026-03-02,2026-07-06,13,80.0,257,1.556,12.5,10.25,14.75,23.5,-1.0,0.0,-1.0,False
TSLA,put,market,Mon-0DTE,15:00,OTM2+,2026-03-02,2026-07-06,13,90.0,257,1.167,13.0,10.5,16.5,21.0,-1.0,0.0,-1.0,False
TSLA,put,market,Mon-0DTE,15:00,OTM2+,2026-03-02,2026-07-06,13,100.0,257,1.167,13.0,10.5,16.5,21.0,-1.0,0.0,-1.0,False
TSLA,put,mid,Mon-0DTE,15:30,OTM2+,2026-03-02,2026-07-06,13,20.0,52,21.154,10.0,6.5,20.5,20.0,0.0,0.0,0.0,False
TSLA,put,mid,Mon-0DTE,15:30,OTM2+,2026-03-02,2026-07-06,13,25.0,52,21.154,10.0,6.5,20.5,20.0,0.0,0.0,0.0,False
TSLA,put,mid,Mon-0DTE,15:30,OTM2+,2026-03-02,2026-07-06,13,30.0,52,21.154,15.0,7.0,20.5,20.0,0.0,0.0,0.0,False
TSLA,put,mid,Mon-0DTE,15:30,OTM2+,2026-03-02,2026-07-06,13,40.0,52,7.692,17.5,14.25,20.0,19.5,0.0,0.0,0.0,False
TSLA,put,mid,Mon-0DTE,15:30,OTM2+,2026-03-02,2026-07-06,13,50.0,52,7.692,17.5,14.25,20.0,19.5,0.0,0.0,0.0,False
TSLA,put,mid,Mon-0DTE,15:30,OTM2+,2026-03-02,2026-07-06,13,60.0,52,5.769,15.0,13.5,17.5,19.0,0.0,0.0,0.0,False
TSLA,put,mid,Mon-0DTE,15:30,OTM2+,2026-03-02,2026-07-06,13,70.0,52,5.769,15.0,13.5,17.5,18.0,0.0,0.0,0.0,False
TSLA,put,mid,Mon-0DTE,15:30,OTM2+,2026-03-02,2026-07-06,13,75.0,52,5.769,15.0,13.5,17.5,18.0,0.0,0.0,0.0,False
TSLA,put,mid,Mon-0DTE,15:30,OTM2+,2026-03-02,2026-07-06,13,80.0,52,5.769,15.0,13.5,17.5,18.0,0.0,0.0,0.0,False
TSLA,put,mid,Mon-0DTE,15:30,OTM2+,2026-03-02,2026-07-06,13,90.0,52,5.769,17.0,16.0,18.5,18.0,0.0,0.0,0.0,False
TSLA,put,mid,Mon-0DTE,15:30,OTM2+,2026-03-02,2026-07-06,13,100.0,52,5.769,17.0,16.0,18.5,18.0,0.0,0.0,0.0,False
TSLA,put,market,Mon-0DTE,15:30,OTM2+,2026-03-02,2026-07-06,13,20.0,52,1.923,15.0,15.0,15.0,15.0,-1.0,0.0,-1.0,False
TSLA,put,market,Mon-0DTE,15:30,OTM2+,2026-03-02,2026-07-06,13,25.0,52,1.923,15.0,15.0,15.0,15.0,-1.0,0.0,-1.0,False
TSLA,put,market,Mon-0DTE,15:30,OTM2+,2026-03-02,2026-07-06,13,30.0,52,1.923,15.0,15.0,15.0,15.0,-1.0,0.0,-1.0,False
TSLA,put,market,Mon-0DTE,15:30,OTM2+,2026-03-02,2026-07-06,13,40.0,52,1.923,15.0,15.0,15.0,15.0,-1.0,0.0,-1.0,False
TSLA,put,market,Mon-0DTE,15:30,OTM2+,2026-03-02,2026-07-06,13,50.0,52,1.923,15.0,15.0,15.0,15.0,-1.0,0.0,-1.0,False
TSLA,put,market,Mon-0DTE,15:30,OTM2+,2026-03-02,2026-07-06,13,60.0,52,1.923,15.0,15.0,15.0,15.0,-1.0,0.0,-1.0,False
TSLA,put,market,Mon-0DTE,15:30,OTM2+,2026-03-02,2026-07-06,13,70.0,52,1.923,15.0,15.0,15.0,15.0,-1.0,0.0,-1.0,False
TSLA,put,market,Mon-0DTE,15:30,OTM2+,2026-03-02,2026-07-06,13,75.0,52,1.923,15.0,15.0,15.0,15.0,-1.0,0.0,-1.0,False
TSLA,put,market,Mon-0DTE,15:30,OTM2+,2026-03-02,2026-07-06,13,80.0,52,1.923,15.0,15.0,15.0,15.0,-1.0,0.0,-1.0,False
TSLA,put,market,Mon-0DTE,15:30,OTM2+,2026-03-02,2026-07-06,13,90.0,52,1.923,15.0,15.0,15.0,15.0,-1.0,0.0,-1.0,False
TSLA,put,market,Mon-0DTE,15:30,OTM2+,2026-03-02,2026-07-06,13,100.0,52,1.923,15.0,15.0,15.0,15.0,-1.0,0.0,-1.0,False
TSLA,put,mid,Mon-0DTE,14:30,OTM2+,2026-03-02,2026-07-06,13,20.0,303,36.634,23.0,9.0,39.0,39.0,0.14286,3.0,-0.14286,False
TSLA,put,mid,Mon-0DTE,14:30,OTM2+,2026-03-02,2026-07-06,13,25.0,303,35.974,24.0,9.0,40.0,39.0,0.14286,3.0,-0.14286,False
TSLA,put,mid,Mon-0DTE,14:30,OTM2+,2026-03-02,2026-07-06,13,30.0,303,30.033,25.0,11.0,47.5,42.0,0.14286,3.0,-0.14286,False
TSLA,put,mid,Mon-0DTE,14:30,OTM2+,2026-03-02,2026-07-06,13,40.0,303,21.452,21.0,11.0,36.0,36.0,0.14286,3.0,-0.14286,False
TSLA,put,mid,Mon-0DTE,14:30,OTM2+,2026-03-02,2026-07-06,13,50.0,303,18.812,23.0,13.0,36.0,38.0,0.14286,3.0,-0.14286,False
TSLA,put,mid,Mon-0DTE,14:30,OTM2+,2026-03-02,2026-07-06,13,60.0,303,16.502,22.0,15.25,35.5,39.0,0.14286,3.0,-0.14286,False
TSLA,put,mid,Mon-0DTE,14:30,OTM2+,2026-03-02,2026-07-06,13,70.0,303,15.512,26.0,16.0,36.0,40.0,0.14286,3.0,-0.14286,False
TSLA,put,mid,Mon-0DTE,14:30,OTM2+,2026-03-02,2026-07-06,13,75.0,303,14.191,26.0,16.0,36.0,37.0,0.14286,3.0,-0.14286,False
TSLA,put,mid,Mon-0DTE,14:30,OTM2+,2026-03-02,2026-07-06,13,80.0,303,13.861,26.0,16.25,36.0,38.0,0.14286,3.0,-0.14286,False
TSLA,put,mid,Mon-0DTE,14:30,OTM2+,2026-03-02,2026-07-06,13,90.0,303,13.531,27.0,17.0,36.0,38.0,0.14286,3.0,-0.14286,False
TSLA,put,mid,Mon-0DTE,14:30,OTM2+,2026-03-02,2026-07-06,13,100.0,303,11.881,26.0,17.0,35.0,35.5,0.14286,3.0,-0.14286,False
TSLA,put,market,Mon-0DTE,14:30,OTM2+,2026-03-02,2026-07-06,13,20.0,303,7.591,26.0,17.5,35.5,40.0,-1.0,0.0,-1.0,False
TSLA,put,market,Mon-0DTE,14:30,OTM2+,2026-03-02,2026-07-06,13,25.0,303,7.591,26.0,17.5,35.5,40.0,-1.0,0.0,-1.0,False
TSLA,put,market,Mon-0DTE,14:30,OTM2+,2026-03-02,2026-07-06,13,30.0,303,7.591,26.0,19.0,35.5,39.0,-1.0,0.0,-1.0,False
TSLA,put,market,Mon-0DTE,14:30,OTM2+,2026-03-02,2026-07-06,13,40.0,303,7.261,26.5,18.5,35.75,38.5,-1.0,0.0,-1.0,False
TSLA,put,market,Mon-0DTE,14:30,OTM2+,2026-03-02,2026-07-06,13,50.0,303,6.931,27.0,18.0,37.0,35.0,-1.0,0.0,-1.0,False
TSLA,put,market,Mon-0DTE,14:30,OTM2+,2026-03-02,2026-07-06,13,60.0,303,6.601,29.0,18.0,38.5,36.0,-1.0,0.0,-1.0,False
TSLA,put,market,Mon-0DTE,14:30,OTM2+,2026-03-02,2026-07-06,13,70.0,303,5.611,30.0,18.0,38.0,38.0,-1.0,0.0,-1.0,False
TSLA,put,market,Mon-0DTE,14:30,OTM2+,2026-03-02,2026-07-06,13,75.0,303,5.611,33.0,18.0,38.0,36.0,-1.0,0.0,-1.0,False
TSLA,put,market,Mon-0DTE,14:30,OTM2+,2026-03-02,2026-07-06,13,80.0,303,4.95,33.0,16.5,40.5,36.0,-1.0,0.0,-1.0,False
TSLA,put,market,Mon-0DTE,14:30,OTM2+,2026-03-02,2026-07-06,13,90.0,303,4.29,23.0,18.0,43.0,36.0,-1.0,0.0,-1.0,False
TSLA,put,market,Mon-0DTE,14:30,OTM2+,2026-03-02,2026-07-06,13,100.0,303,3.96,23.0,17.75,39.25,33.5,-1.0,0.0,-1.0,False
TSLA,put,mid,Mon-0DTE,12:30,OTM1,2026-03-02,2026-06-22,14,20.0,84,59.524,12.0,4.25,28.75,141.0,0.39955,25.0,-0.95,False
TSLA,put,mid,Mon-0DTE,12:30,OTM1,2026-03-02,2026-06-22,14,25.0,84,58.333,18.0,5.0,40.0,137.0,0.39955,25.0,-0.95,False
TSLA,put,mid,Mon-0DTE,12:30,OTM1,2026-03-02,2026-06-22,14,30.0,84,54.762,22.5,7.5,45.0,139.0,0.39955,25.0,-0.95,False
TSLA,put,mid,Mon-0DTE,12:30,OTM1,2026-03-02,2026-06-22,14,40.0,84,50.0,29.0,10.25,51.75,142.5,0.39955,25.0,-0.95,False
TSLA,put,mid,Mon-0DTE,12:30,OTM1,2026-03-02,2026-06-22,14,50.0,84,44.048,32.0,14.0,106.0,148.0,0.39955,25.0,-0.95,False
TSLA,put,mid,Mon-0DTE,12:30,OTM1,2026-03-02,2026-06-22,14,60.0,84,38.095,44.0,23.0,145.5,157.5,0.39955,25.0,-0.95,False
TSLA,put,mid,Mon-0DTE,12:30,OTM1,2026-03-02,2026-06-22,14,70.0,84,29.762,45.0,28.0,158.0,179.0,0.39955,25.0,-0.95,False
TSLA,put,mid,Mon-0DTE,12:30,OTM1,2026-03-02,2026-06-22,14,75.0,84,28.571,44.0,26.0,148.5,169.5,0.39955,25.0,-0.95,False
TSLA,put,mid,Mon-0DTE,12:30,OTM1,2026-03-02,2026-06-22,14,80.0,84,28.571,44.0,27.0,148.5,168.5,0.39955,25.0,-0.95,False
TSLA,put,mid,Mon-0DTE,12:30,OTM1,2026-03-02,2026-06-22,14,90.0,84,22.619,46.0,25.0,161.5,184.0,0.39955,25.0,-0.95,False
TSLA,put,mid,Mon-0DTE,12:30,OTM1,2026-03-02,2026-06-22,14,100.0,84,22.619,55.0,25.0,161.5,184.0,0.39955,25.0,-0.95,False
TSLA,put,market,Mon-0DTE,12:30,OTM1,2026-03-02,2026-06-22,14,20.0,84,52.381,25.5,9.0,45.25,142.5,0.2381,25.0,-1.0,False
TSLA,put,market,Mon-0DTE,12:30,OTM1,2026-03-02,2026-06-22,14,25.0,84,47.619,29.0,11.5,54.25,147.0,0.2381,25.0,-1.0,False
TSLA,put,market,Mon-0DTE,12:30,OTM1,2026-03-02,2026-06-22,14,30.0,84,45.238,34.5,14.25,130.75,149.5,0.2381,25.0,-1.0,False
TSLA,put,market,Mon-0DTE,12:30,OTM1,2026-03-02,2026-06-22,14,40.0,84,38.095,44.0,23.75,145.5,163.0,0.2381,25.0,-1.0,False
TSLA,put,market,Mon-0DTE,12:30,OTM1,2026-03-02,2026-06-22,14,50.0,84,29.762,45.0,29.0,159.0,184.0,0.2381,25.0,-1.0,False
TSLA,put,market,Mon-0DTE,12:30,OTM1,2026-03-02,2026-06-22,14,60.0,84,28.571,44.0,27.5,148.5,168.5,0.2381,25.0,-1.0,False
TSLA,put,market,Mon-0DTE,12:30,OTM1,2026-03-02,2026-06-22,14,70.0,84,27.381,46.0,30.0,159.5,176.0,0.2381,25.0,-1.0,False
TSLA,put,market,Mon-0DTE,12:30,OTM1,2026-03-02,2026-06-22,14,75.0,84,23.81,56.5,27.5,160.25,184.0,0.2381,25.0,-1.0,False
TSLA,put,market,Mon-0DTE,12:30,OTM1,2026-03-02,2026-06-22,14,80.0,84,22.619,55.0,26.5,161.5,184.0,0.2381,25.0,-1.0,False
TSLA,put,market,Mon-0DTE,12:30,OTM1,2026-03-02,2026-06-22,14,90.0,84,22.619,58.0,28.0,161.5,184.0,0.2381,25.0,-1.0,False
TSLA,put,market,Mon-0DTE,12:30,OTM1,2026-03-02,2026-06-22,14,100.0,84,21.429,59.5,33.5,142.75,184.0,0.2381,25.0,-1.0,False
TSLA,put,mid,Mon-0DTE,13:00,OTM1,2026-03-02,2026-06-22,15,20.0,85,70.588,8.0,4.0,36.75,125.0,0.52174,28.0,-0.94737,False
TSLA,put,mid,Mon-0DTE,13:00,OTM1,2026-03-02,2026-06-22,15,25.0,85,67.059,12.0,4.0,71.0,125.0,0.52174,28.0,-0.94737,False
TSLA,put,mid,Mon-0DTE,13:00,OTM1,2026-03-02,2026-06-22,15,30.0,85,60.0,15.0,5.5,78.5,129.0,0.52174,28.0,-0.94737,False
TSLA,put,mid,Mon-0DTE,13:00,OTM1,2026-03-02,2026-06-22,15,40.0,85,56.471,22.5,9.75,89.25,129.0,0.52174,28.0,-0.94737,False
TSLA,put,mid,Mon-0DTE,13:00,OTM1,2026-03-02,2026-06-22,15,50.0,85,51.765,31.5,11.0,127.5,131.0,0.52174,28.0,-0.94737,False
TSLA,put,mid,Mon-0DTE,13:00,OTM1,2026-03-02,2026-06-22,15,60.0,85,43.529,36.0,20.0,129.0,134.0,0.52174,28.0,-0.94737,False
TSLA,put,mid,Mon-0DTE,13:00,OTM1,2026-03-02,2026-06-22,15,70.0,85,42.353,40.0,22.75,129.0,132.0,0.52174,28.0,-0.94737,False
TSLA,put,mid,Mon-0DTE,13:00,OTM1,2026-03-02,2026-06-22,15,75.0,85,40.0,54.0,27.25,129.75,134.0,0.52174,28.0,-0.94737,False
TSLA,put,mid,Mon-0DTE,13:00,OTM1,2026-03-02,2026-06-22,15,80.0,85,37.647,98.0,31.75,132.5,136.5,0.52174,28.0,-0.94737,False
TSLA,put,mid,Mon-0DTE,13:00,OTM1,2026-03-02,2026-06-22,15,90.0,85,31.765,95.0,30.5,131.0,137.0,0.52174,28.0,-0.94737,False
TSLA,put,mid,Mon-0DTE,13:00,OTM1,2026-03-02,2026-06-22,15,100.0,85,30.588,86.0,29.75,128.0,142.5,0.52174,28.0,-0.94737,False
TSLA,put,market,Mon-0DTE,13:00,OTM1,2026-03-02,2026-06-22,15,20.0,85,55.294,20.0,8.0,114.5,130.0,0.31579,28.0,-1.0,False
TSLA,put,market,Mon-0DTE,13:00,OTM1,2026-03-02,2026-06-22,15,25.0,85,54.118,24.0,10.25,116.25,128.5,0.31579,28.0,-1.0,False
TSLA,put,market,Mon-0DTE,13:00,OTM1,2026-03-02,2026-06-22,15,30.0,85,50.588,27.0,11.0,125.5,130.0,0.31579,28.0,-1.0,False
TSLA,put,market,Mon-0DTE,13:00,OTM1,2026-03-02,2026-06-22,15,40.0,85,43.529,34.0,18.0,129.0,134.0,0.31579,28.0,-1.0,False
TSLA,put,market,Mon-0DTE,13:00,OTM1,2026-03-02,2026-06-22,15,50.0,85,40.0,50.5,23.25,129.0,134.5,0.31579,28.0,-1.0,False
TSLA,put,market,Mon-0DTE,13:00,OTM1,2026-03-02,2026-06-22,15,60.0,85,30.588,70.0,29.25,131.25,143.0,0.31579,28.0,-1.0,False
TSLA,put,market,Mon-0DTE,13:00,OTM1,2026-03-02,2026-06-22,15,70.0,85,28.235,71.0,31.75,132.5,150.5,0.31579,28.0,-1.0,False
TSLA,put,market,Mon-0DTE,13:00,OTM1,2026-03-02,2026-06-22,15,75.0,85,27.059,66.0,31.5,131.0,153.0,0.31579,28.0,-1.0,False
TSLA,put,market,Mon-0DTE,13:00,OTM1,2026-03-02,2026-06-22,15,80.0,85,25.882,63.0,30.25,133.0,153.5,0.31579,28.0,-1.0,False
TSLA,put,market,Mon-0DTE,13:00,OTM1,2026-03-02,2026-06-22,15,90.0,85,24.706,61.0,32.0,135.0,154.0,0.31579,28.0,-1.0,False
TSLA,put,market,Mon-0DTE,13:00,OTM1,2026-03-02,2026-06-22,15,100.0,85,24.706,85.0,48.0,135.0,154.0,0.31579,28.0,-1.0,False
TSLA,put,mid,Mon-0DTE,13:30,OTM1,2026-03-02,2026-06-22,14,20.0,80,76.25,7.0,3.0,19.0,95.0,0.55676,73.0,-0.91667,False
TSLA,put,mid,Mon-0DTE,13:30,OTM1,2026-03-02,2026-06-22,14,25.0,80,70.0,8.5,4.0,20.0,107.5,0.55676,73.0,-0.91667,False
TSLA,put,mid,Mon-0DTE,13:30,OTM1,2026-03-02,2026-06-22,14,30.0,80,66.25,12.0,5.0,28.0,114.0,0.55676,73.0,-0.91667,False
TSLA,put,mid,Mon-0DTE,13:30,OTM1,2026-03-02,2026-06-22,14,40.0,80,62.5,14.5,6.25,42.5,114.5,0.55676,73.0,-0.91667,False
TSLA,put,mid,Mon-0DTE,13:30,OTM1,2026-03-02,2026-06-22,14,50.0,80,53.75,33.0,12.5,76.0,118.0,0.55676,73.0,-0.91667,False
TSLA,put,mid,Mon-0DTE,13:30,OTM1,2026-03-02,2026-06-22,14,60.0,80,50.0,45.0,19.5,79.25,122.5,0.55676,73.0,-0.91667,False
TSLA,put,mid,Mon-0DTE,13:30,OTM1,2026-03-02,2026-06-22,14,70.0,80,42.5,47.0,18.5,81.0,120.0,0.55676,73.0,-0.91667,False
TSLA,put,mid,Mon-0DTE,13:30,OTM1,2026-03-02,2026-06-22,14,75.0,80,42.5,57.5,18.75,84.25,120.0,0.55676,73.0,-0.91667,False
TSLA,put,mid,Mon-0DTE,13:30,OTM1,2026-03-02,2026-06-22,14,80.0,80,38.75,63.0,26.5,95.5,123.0,0.55676,73.0,-0.91667,False
TSLA,put,mid,Mon-0DTE,13:30,OTM1,2026-03-02,2026-06-22,14,90.0,80,35.0,64.5,27.5,92.75,125.5,0.55676,73.0,-0.91667,False
TSLA,put,mid,Mon-0DTE,13:30,OTM1,2026-03-02,2026-06-22,14,100.0,80,32.5,64.5,32.5,86.5,125.5,0.55676,73.0,-0.91667,False
TSLA,put,market,Mon-0DTE,13:30,OTM1,2026-03-02,2026-06-22,14,20.0,80,57.5,27.5,8.0,75.75,117.5,0.30303,73.0,-1.0,False
TSLA,put,market,Mon-0DTE,13:30,OTM1,2026-03-02,2026-06-22,14,25.0,80,53.75,30.0,10.0,75.5,118.0,0.30303,73.0,-1.0,False
TSLA,put,market,Mon-0DTE,13:30,OTM1,2026-03-02,2026-06-22,14,30.0,80,51.25,35.0,15.0,78.0,122.0,0.30303,73.0,-1.0,False
TSLA,put,market,Mon-0DTE,13:30,OTM1,2026-03-02,2026-06-22,14,40.0,80,46.25,46.0,20.0,88.0,124.0,0.30303,73.0,-1.0,False
TSLA,put,market,Mon-0DTE,13:30,OTM1,2026-03-02,2026-06-22,14,50.0,80,40.0,57.5,24.5,87.5,123.5,0.30303,73.0,-1.0,False
TSLA,put,market,Mon-0DTE,13:30,OTM1,2026-03-02,2026-06-22,14,60.0,80,38.75,60.0,23.5,96.5,123.0,0.30303,73.0,-1.0,False
TSLA,put,market,Mon-0DTE,13:30,OTM1,2026-03-02,2026-06-22,14,70.0,80,30.0,70.5,38.5,105.5,127.5,0.30303,73.0,-1.0,False
TSLA,put,market,Mon-0DTE,13:30,OTM1,2026-03-02,2026-06-22,14,75.0,80,28.75,70.0,38.5,102.0,128.0,0.30303,73.0,-1.0,False
TSLA,put,market,Mon-0DTE,13:30,OTM1,2026-03-02,2026-06-22,14,80.0,80,27.5,70.5,42.25,105.25,128.5,0.30303,73.0,-1.0,False
TSLA,put,market,Mon-0DTE,13:30,OTM1,2026-03-02,2026-06-22,14,90.0,80,26.25,71.0,48.0,109.0,129.0,0.30303,73.0,-1.0,False
TSLA,put,market,Mon-0DTE,13:30,OTM1,2026-03-02,2026-06-22,14,100.0,80,26.25,73.0,48.0,109.0,129.0,0.30303,73.0,-1.0,False
TSLA,put,mid,Mon-0DTE,14:00,OTM1,2026-03-02,2026-06-22,14,20.0,78,79.487,10.0,3.25,36.5,79.5,1.06618,51.0,-0.88231,False
TSLA,put,mid,Mon-0DTE,14:00,OTM1,2026-03-02,2026-06-22,14,25.0,78,76.923,11.0,4.5,42.0,81.5,1.06618,51.0,-0.88231,False
TSLA,put,mid,Mon-0DTE,14:00,OTM1,2026-03-02,2026-06-22,14,30.0,78,74.359,14.0,5.0,47.0,81.0,1.06618,51.0,-0.88231,False
TSLA,put,mid,Mon-0DTE,14:00,OTM1,2026-03-02,2026-06-22,14,40.0,78,71.795,18.0,6.0,52.0,83.5,1.06618,51.0,-0.88231,False
TSLA,put,mid,Mon-0DTE,14:00,OTM1,2026-03-02,2026-06-22,14,50.0,78,69.231,30.0,8.25,55.0,81.0,1.06618,51.0,-0.88231,False
TSLA,put,mid,Mon-0DTE,14:00,OTM1,2026-03-02,2026-06-22,14,60.0,78,62.821,42.0,13.0,57.0,81.0,1.06618,51.0,-0.88231,False
TSLA,put,mid,Mon-0DTE,14:00,OTM1,2026-03-02,2026-06-22,14,70.0,78,62.821,42.0,20.0,58.0,79.0,1.06618,51.0,-0.88231,False
TSLA,put,mid,Mon-0DTE,14:00,OTM1,2026-03-02,2026-06-22,14,75.0,78,62.821,43.0,20.0,58.0,79.0,1.06618,51.0,-0.88231,False
TSLA,put,mid,Mon-0DTE,14:00,OTM1,2026-03-02,2026-06-22,14,80.0,78,61.538,44.0,22.5,63.0,77.5,1.06618,51.0,-0.88231,False
TSLA,put,mid,Mon-0DTE,14:00,OTM1,2026-03-02,2026-06-22,14,90.0,78,53.846,48.0,30.25,63.75,89.0,1.06618,51.0,-0.88231,False
TSLA,put,mid,Mon-0DTE,14:00,OTM1,2026-03-02,2026-06-22,14,100.0,78,53.846,51.0,31.5,68.0,88.0,1.06618,51.0,-0.88231,False
TSLA,put,market,Mon-0DTE,14:00,OTM1,2026-03-02,2026-06-22,14,20.0,78,67.949,33.0,11.0,55.0,81.0,0.69783,51.0,-1.0,False
TSLA,put,market,Mon-0DTE,14:00,OTM1,2026-03-02,2026-06-22,14,25.0,78,67.949,35.0,16.0,57.0,81.0,0.69783,51.0,-1.0,False
TSLA,put,market,Mon-0DTE,14:00,OTM1,2026-03-02,2026-06-22,14,30.0,78,66.667,41.0,18.75,57.25,79.5,0.69783,51.0,-1.0,False
TSLA,put,market,Mon-0DTE,14:00,OTM1,2026-03-02,2026-06-22,14,40.0,78,60.256,48.0,29.5,63.0,84.0,0.69783,51.0,-1.0,False
TSLA,put,market,Mon-0DTE,14:00,OTM1,2026-03-02,2026-06-22,14,50.0,78,56.41,51.0,33.0,64.5,85.5,0.69783,51.0,-1.0,False
TSLA,put,market,Mon-0DTE,14:00,OTM1,2026-03-02,2026-06-22,14,60.0,78,53.846,53.0,37.75,67.75,87.5,0.69783,51.0,-1.0,False
TSLA,put,market,Mon-0DTE,14:00,OTM1,2026-03-02,2026-06-22,14,70.0,78,50.0,53.0,40.5,70.0,89.0,0.69783,51.0,-1.0,False
TSLA,put,market,Mon-0DTE,14:00,OTM1,2026-03-02,2026-06-22,14,75.0,78,48.718,57.0,41.5,77.25,87.0,0.69783,51.0,-1.0,False
TSLA,put,market,Mon-0DTE,14:00,OTM1,2026-03-02,2026-06-22,14,80.0,78,47.436,57.0,43.0,79.0,89.0,0.69783,51.0,-1.0,False
TSLA,put,market,Mon-0DTE,14:00,OTM1,2026-03-02,2026-06-22,14,90.0,78,44.872,62.0,45.5,83.0,90.0,0.69783,51.0,-1.0,False
TSLA,put,market,Mon-0DTE,14:00,OTM1,2026-03-02,2026-06-22,14,100.0,78,37.179,63.0,46.0,86.0,92.0,0.69783,51.0,-1.0,False
TSLA,put,mid,Mon-0DTE,15:00,OTM1,2026-03-02,2026-06-22,13,20.0,65,58.462,3.0,1.0,10.25,30.5,0.6,6.0,-0.75,False
TSLA,put,mid,Mon-0DTE,15:00,OTM1,2026-03-02,2026-06-22,13,25.0,65,58.462,3.5,1.25,11.75,30.5,0.6,6.0,-0.75,False
TSLA,put,mid,Mon-0DTE,15:00,OTM1,2026-03-02,2026-06-22,13,30.0,65,56.923,5.0,2.0,13.0,31.0,0.6,6.0,-0.75,False
TSLA,put,mid,Mon-0DTE,15:00,OTM1,2026-03-02,2026-06-22,13,40.0,65,53.846,6.0,3.0,16.0,30.0,0.6,6.0,-0.75,False
TSLA,put,mid,Mon-0DTE,15:00,OTM1,2026-03-02,2026-06-22,13,50.0,65,52.308,7.0,4.0,17.0,28.0,0.6,6.0,-0.75,False
TSLA,put,mid,Mon-0DTE,15:00,OTM1,2026-03-02,2026-06-22,13,60.0,65,49.231,8.0,4.0,18.25,30.5,0.6,6.0,-0.75,False
TSLA,put,mid,Mon-0DTE,15:00,OTM1,2026-03-02,2026-06-22,13,70.0,65,44.615,8.0,5.0,28.0,32.0,0.6,6.0,-0.75,False
TSLA,put,mid,Mon-0DTE,15:00,OTM1,2026-03-02,2026-06-22,13,75.0,65,41.538,9.0,5.0,30.0,32.0,0.6,6.0,-0.75,False
TSLA,put,mid,Mon-0DTE,15:00,OTM1,2026-03-02,2026-06-22,13,80.0,65,38.462,9.0,5.0,30.0,32.0,0.6,6.0,-0.75,False
TSLA,put,mid,Mon-0DTE,15:00,OTM1,2026-03-02,2026-06-22,13,90.0,65,36.923,13.5,4.75,30.0,33.5,0.6,6.0,-0.75,False
TSLA,put,mid,Mon-0DTE,15:00,OTM1,2026-03-02,2026-06-22,13,100.0,65,36.923,14.0,4.75,30.0,33.5,0.6,6.0,-0.75,False
TSLA,put,market,Mon-0DTE,15:00,OTM1,2026-03-02,2026-06-22,13,20.0,65,46.154,8.0,5.0,26.5,30.5,-0.13636,5.0,-1.0,False
TSLA,put,market,Mon-0DTE,15:00,OTM1,2026-03-02,2026-06-22,13,25.0,65,44.615,8.0,5.0,27.0,32.0,-0.13636,5.0,-1.0,False
TSLA,put,market,Mon-0DTE,15:00,OTM1,2026-03-02,2026-06-22,13,30.0,65,41.538,15.0,5.0,30.0,32.0,-0.13636,5.0,-1.0,False
TSLA,put,market,Mon-0DTE,15:00,OTM1,2026-03-02,2026-06-22,13,40.0,65,40.0,13.5,5.0,30.0,32.0,-0.13636,5.0,-1.0,False
TSLA,put,market,Mon-0DTE,15:00,OTM1,2026-03-02,2026-06-22,13,50.0,65,35.385,17.0,5.0,30.0,31.0,-0.13636,5.0,-1.0,False
TSLA,put,market,Mon-0DTE,15:00,OTM1,2026-03-02,2026-06-22,13,60.0,65,32.308,22.0,7.0,30.0,35.0,-0.13636,5.0,-1.0,False
TSLA,put,market,Mon-0DTE,15:00,OTM1,2026-03-02,2026-06-22,13,70.0,65,29.231,23.0,7.0,32.0,37.0,-0.13636,5.0,-1.0,False
TSLA,put,market,Mon-0DTE,15:00,OTM1,2026-03-02,2026-06-22,13,75.0,65,24.615,18.5,6.5,31.0,40.5,-0.13636,5.0,-1.0,False
TSLA,put,market,Mon-0DTE,15:00,OTM1,2026-03-02,2026-06-22,13,80.0,65,23.077,12.0,6.0,32.0,41.0,-0.13636,5.0,-1.0,False
TSLA,put,market,Mon-0DTE,15:00,OTM1,2026-03-02,2026-06-22,13,90.0,65,21.538,26.5,8.5,33.5,42.5,-0.13636,5.0,-1.0,False
TSLA,put,market,Mon-0DTE,15:00,OTM1,2026-03-02,2026-06-22,13,100.0,65,21.538,27.0,8.5,33.75,42.5,-0.13636,5.0,-1.0,False
TSLA,put,mid,Mon-0DTE,15:30,OTM1,2026-03-02,2026-06-22,12,20.0,12,58.333,6.0,3.0,8.0,22.0,0.35227,1.0,-0.625,True
TSLA,put,mid,Mon-0DTE,15:30,OTM1,2026-03-02,2026-06-22,12,25.0,12,58.333,7.0,3.5,10.5,22.0,0.35227,1.0,-0.625,True
TSLA,put,mid,Mon-0DTE,15:30,OTM1,2026-03-02,2026-06-22,12,30.0,12,50.0,8.5,7.25,11.25,22.0,0.35227,1.0,-0.625,True
TSLA,put,mid,Mon-0DTE,15:30,OTM1,2026-03-02,2026-06-22,12,40.0,12,50.0,8.5,7.25,11.25,22.0,0.35227,1.0,-0.625,True
TSLA,put,mid,Mon-0DTE,15:30,OTM1,2026-03-02,2026-06-22,12,50.0,12,41.667,9.0,8.0,12.0,22.0,0.35227,1.0,-0.625,True
TSLA,put,mid,Mon-0DTE,15:30,OTM1,2026-03-02,2026-06-22,12,60.0,12,41.667,11.0,9.0,12.0,22.0,0.35227,1.0,-0.625,True
TSLA,put,mid,Mon-0DTE,15:30,OTM1,2026-03-02,2026-06-22,12,70.0,12,41.667,11.0,10.0,12.0,22.0,0.35227,1.0,-0.625,True
TSLA,put,mid,Mon-0DTE,15:30,OTM1,2026-03-02,2026-06-22,12,75.0,12,41.667,11.0,10.0,12.0,22.0,0.35227,1.0,-0.625,True
TSLA,put,mid,Mon-0DTE,15:30,OTM1,2026-03-02,2026-06-22,12,80.0,12,41.667,11.0,10.0,13.0,22.0,0.35227,1.0,-0.625,True
TSLA,put,mid,Mon-0DTE,15:30,OTM1,2026-03-02,2026-06-22,12,90.0,12,41.667,11.0,11.0,13.0,22.0,0.35227,1.0,-0.625,True
TSLA,put,mid,Mon-0DTE,15:30,OTM1,2026-03-02,2026-06-22,12,100.0,12,41.667,11.0,11.0,20.0,22.0,0.35227,1.0,-0.625,True
TSLA,put,market,Mon-0DTE,15:30,OTM1,2026-03-02,2026-06-22,12,20.0,12,33.333,16.0,11.25,20.0,23.0,-0.23317,1.0,-1.0,True
TSLA,put,market,Mon-0DTE,15:30,OTM1,2026-03-02,2026-06-22,12,25.0,12,33.333,16.0,11.5,20.0,23.0,-0.23317,1.0,-1.0,True
TSLA,put,market,Mon-0DTE,15:30,OTM1,2026-03-02,2026-06-22,12,30.0,12,33.333,16.5,12.25,20.0,23.0,-0.23317,1.0,-1.0,True
TSLA,put,market,Mon-0DTE,15:30,OTM1,2026-03-02,2026-06-22,12,40.0,12,33.333,16.5,12.5,20.25,22.0,-0.23317,1.0,-1.0,True
TSLA,put,market,Mon-0DTE,15:30,OTM1,2026-03-02,2026-06-22,12,50.0,12,33.333,20.0,17.75,20.25,22.0,-0.23317,1.0,-1.0,True
TSLA,put,market,Mon-0DTE,15:30,OTM1,2026-03-02,2026-06-22,12,60.0,12,25.0,20.0,15.5,20.0,22.0,-0.23317,1.0,-1.0,True
TSLA,put,market,Mon-0DTE,15:30,OTM1,2026-03-02,2026-06-22,12,70.0,12,25.0,20.0,15.5,20.0,22.0,-0.23317,1.0,-1.0,True
TSLA,put,market,Mon-0DTE,15:30,OTM1,2026-03-02,2026-06-22,12,75.0,12,25.0,20.0,16.0,20.0,20.0,-0.23317,1.0,-1.0,True
TSLA,put,market,Mon-0DTE,15:30,OTM1,2026-03-02,2026-06-22,12,80.0,12,25.0,20.0,16.0,20.0,20.0,-0.23317,1.0,-1.0,True
TSLA,put,market,Mon-0DTE,15:30,OTM1,2026-03-02,2026-06-22,12,90.0,12,25.0,20.0,16.0,20.0,20.0,-0.23317,1.0,-1.0,True
TSLA,put,market,Mon-0DTE,15:30,OTM1,2026-03-02,2026-06-22,12,100.0,12,25.0,20.0,16.0,20.0,20.0,-0.23317,1.0,-1.0,True
TSLA,put,mid,Mon-0DTE,12:00,OTM1,2026-03-02,2026-06-22,15,20.0,85,60.0,6.0,3.0,17.0,186.0,0.36,17.0,-0.95522,False
TSLA,put,mid,Mon-0DTE,12:00,OTM1,2026-03-02,2026-06-22,15,25.0,85,55.294,8.0,3.0,17.0,201.0,0.36,17.0,-0.95522,False
TSLA,put,mid,Mon-0DTE,12:00,OTM1,2026-03-02,2026-06-22,15,30.0,85,52.941,8.0,4.0,17.0,201.0,0.36,17.0,-0.95522,False
TSLA,put,mid,Mon-0DTE,12:00,OTM1,2026-03-02,2026-06-22,15,40.0,85,44.706,12.0,7.0,26.25,206.0,0.36,17.0,-0.95522,False
TSLA,put,mid,Mon-0DTE,12:00,OTM1,2026-03-02,2026-06-22,15,50.0,85,38.824,14.0,10.0,28.0,208.0,0.36,17.0,-0.95522,False
TSLA,put,mid,Mon-0DTE,12:00,OTM1,2026-03-02,2026-06-22,15,60.0,85,35.294,17.0,10.25,28.0,208.0,0.36,17.0,-0.95522,False
TSLA,put,mid,Mon-0DTE,12:00,OTM1,2026-03-02,2026-06-22,15,70.0,85,34.118,18.0,12.0,29.0,208.0,0.36,17.0,-0.95522,False
TSLA,put,mid,Mon-0DTE,12:00,OTM1,2026-03-02,2026-06-22,15,75.0,85,34.118,19.0,12.0,45.0,208.0,0.36,17.0,-0.95522,False
TSLA,put,mid,Mon-0DTE,12:00,OTM1,2026-03-02,2026-06-22,15,80.0,85,32.941,20.5,13.5,76.0,211.0,0.36,17.0,-0.95522,False
TSLA,put,mid,Mon-0DTE,12:00,OTM1,2026-03-02,2026-06-22,15,90.0,85,31.765,23.0,15.0,108.0,214.0,0.36,17.0,-0.95522,False
TSLA,put,mid,Mon-0DTE,12:00,OTM1,2026-03-02,2026-06-22,15,100.0,85,28.235,34.0,18.25,111.75,205.5,0.36,17.0,-0.95522,False
TSLA,put,market,Mon-0DTE,12:00,OTM1,2026-03-02,2026-06-22,15,20.0,85,51.765,10.0,4.75,20.25,196.0,0.22,17.0,-1.0,False
TSLA,put,market,Mon-0DTE,12:00,OTM1,2026-03-02,2026-06-22,15,25.0,85,48.235,10.0,6.0,21.0,204.0,0.22,17.0,-1.0,False
TSLA,put,market,Mon-0DTE,12:00,OTM1,2026-03-02,2026-06-22,15,30.0,85,42.353,13.0,7.0,28.0,205.5,0.22,17.0,-1.0,False
TSLA,put,market,Mon-0DTE,12:00,OTM1,2026-03-02,2026-06-22,15,40.0,85,36.471,16.0,9.0,28.0,209.0,0.22,17.0,-1.0,False
TSLA,put,market,Mon-0DTE,12:00,OTM1,2026-03-02,2026-06-22,15,50.0,85,35.294,17.5,10.25,28.75,208.0,0.22,17.0,-1.0,False
TSLA,put,market,Mon-0DTE,12:00,OTM1,2026-03-02,2026-06-22,15,60.0,85,32.941,20.5,13.5,76.0,211.0,0.22,17.0,-1.0,False
TSLA,put,market,Mon-0DTE,12:00,OTM1,2026-03-02,2026-06-22,15,70.0,85,31.765,22.0,14.5,108.5,208.0,0.22,17.0,-1.0,False
TSLA,put,market,Mon-0DTE,12:00,OTM1,2026-03-02,2026-06-22,15,75.0,85,30.588,25.5,14.5,139.0,211.0,0.22,17.0,-1.0,False
TSLA,put,market,Mon-0DTE,12:00,OTM1,2026-03-02,2026-06-22,15,80.0,85,29.412,28.0,16.0,78.0,208.0,0.22,17.0,-1.0,False
TSLA,put,market,Mon-0DTE,12:00,OTM1,2026-03-02,2026-06-22,15,90.0,85,27.059,50.0,19.0,169.0,209.0,0.22,17.0,-1.0,False
TSLA,put,market,Mon-0DTE,12:00,OTM1,2026-03-02,2026-06-22,15,100.0,85,22.353,50.0,15.5,87.5,209.0,0.22,17.0,-1.0,False
TSLA,put,mid,Mon-0DTE,13:30,ATM,2026-03-02,2026-06-22,14,20.0,78,84.615,12.0,5.0,38.75,123.0,0.93611,91.5,-0.77477,False
TSLA,put,mid,Mon-0DTE,13:30,ATM,2026-03-02,2026-06-22,14,25.0,78,82.051,19.5,6.0,65.25,124.0,0.93611,91.5,-0.77477,False
TSLA,put,mid,Mon-0DTE,13:30,ATM,2026-03-02,2026-06-22,14,30.0,78,78.205,21.0,9.0,78.0,122.0,0.93611,91.5,-0.77477,False
TSLA,put,mid,Mon-0DTE,13:30,ATM,2026-03-02,2026-06-22,14,40.0,78,73.077,36.0,19.0,89.0,124.0,0.93611,91.5,-0.77477,False
TSLA,put,mid,Mon-0DTE,13:30,ATM,2026-03-02,2026-06-22,14,50.0,78,70.513,45.0,23.0,89.5,122.0,0.93611,91.5,-0.77477,False
TSLA,put,mid,Mon-0DTE,13:30,ATM,2026-03-02,2026-06-22,14,60.0,78,67.949,57.0,33.0,95.0,123.0,0.93611,91.5,-0.77477,False
TSLA,put,mid,Mon-0DTE,13:30,ATM,2026-03-02,2026-06-22,14,70.0,78,62.821,70.0,37.0,104.0,124.0,0.93611,91.5,-0.77477,False
TSLA,put,mid,Mon-0DTE,13:30,ATM,2026-03-02,2026-06-22,14,75.0,78,60.256,76.0,39.5,99.5,124.0,0.93611,91.5,-0.77477,False
TSLA,put,mid,Mon-0DTE,13:30,ATM,2026-03-02,2026-06-22,14,80.0,78,57.692,76.0,41.0,108.0,124.0,0.93611,91.5,-0.77477,False
TSLA,put,mid,Mon-0DTE,13:30,ATM,2026-03-02,2026-06-22,14,90.0,78,51.282,70.5,42.5,116.0,126.0,0.93611,91.5,-0.77477,False
TSLA,put,mid,Mon-0DTE,13:30,ATM,2026-03-02,2026-06-22,14,100.0,78,43.59,71.0,46.25,114.25,128.0,0.93611,91.5,-0.77477,False
TSLA,put,market,Mon-0DTE,13:30,ATM,2026-03-02,2026-06-22,14,20.0,78,78.205,20.0,8.0,80.0,124.0,0.80789,91.5,-0.82799,False
TSLA,put,market,Mon-0DTE,13:30,ATM,2026-03-02,2026-06-22,14,25.0,78,78.205,27.0,10.0,80.0,122.0,0.80789,91.5,-0.82799,False
TSLA,put,market,Mon-0DTE,13:30,ATM,2026-03-02,2026-06-22,14,30.0,78,74.359,30.0,15.25,83.75,124.0,0.80789,91.5,-0.82799,False
TSLA,put,market,Mon-0DTE,13:30,ATM,2026-03-02,2026-06-22,14,40.0,78,73.077,43.0,23.0,93.0,122.0,0.80789,91.5,-0.82799,False
TSLA,put,market,Mon-0DTE,13:30,ATM,2026-03-02,2026-06-22,14,50.0,78,67.949,56.0,31.0,90.0,124.0,0.80789,91.5,-0.82799,False
TSLA,put,market,Mon-0DTE,13:30,ATM,2026-03-02,2026-06-22,14,60.0,78,62.821,74.0,37.0,104.0,124.0,0.80789,91.5,-0.82799,False
TSLA,put,market,Mon-0DTE,13:30,ATM,2026-03-02,2026-06-22,14,70.0,78,55.128,70.0,40.5,109.5,125.0,0.80789,91.5,-0.82799,False
TSLA,put,market,Mon-0DTE,13:30,ATM,2026-03-02,2026-06-22,14,75.0,78,52.564,70.0,41.0,111.0,125.0,0.80789,91.5,-0.82799,False
TSLA,put,market,Mon-0DTE,13:30,ATM,2026-03-02,2026-06-22,14,80.0,78,51.282,73.0,45.0,116.0,126.0,0.80789,91.5,-0.82799,False
TSLA,put,market,Mon-0DTE,13:30,ATM,2026-03-02,2026-06-22,14,90.0,78,41.026,71.0,46.75,116.0,128.0,0.80789,91.5,-0.82799,False
TSLA,put,market,Mon-0DTE,13:30,ATM,2026-03-02,2026-06-22,14,100.0,78,38.462,71.0,50.0,115.0,128.0,0.80789,91.5,-0.82799,False
TSLA,put,mid,Mon-0DTE,14:00,ATM,2026-03-02,2026-06-22,13,20.0,74,87.838,13.0,5.0,33.0,94.0,1.21009,67.5,-0.79689,False
TSLA,put,mid,Mon-0DTE,14:00,ATM,2026-03-02,2026-06-22,13,25.0,74,87.838,18.0,6.0,38.0,94.0,1.21009,67.5,-0.79689,False
TSLA,put,mid,Mon-0DTE,14:00,ATM,2026-03-02,2026-06-22,13,30.0,74,86.486,18.0,6.0,47.75,94.0,1.21009,67.5,-0.79689,False
TSLA,put,mid,Mon-0DTE,14:00,ATM,2026-03-02,2026-06-22,13,40.0,74,81.081,33.0,11.0,54.25,95.5,1.21009,67.5,-0.79689,False
TSLA,put,mid,Mon-0DTE,14:00,ATM,2026-03-02,2026-06-22,13,50.0,74,78.378,40.0,15.0,59.5,97.0,1.21009,67.5,-0.79689,False
TSLA,put,mid,Mon-0DTE,14:00,ATM,2026-03-02,2026-06-22,13,60.0,74,74.324,42.0,24.0,60.0,97.0,1.21009,67.5,-0.79689,False
TSLA,put,mid,Mon-0DTE,14:00,ATM,2026-03-02,2026-06-22,13,70.0,74,74.324,48.0,29.5,63.5,94.0,1.21009,67.5,-0.79689,False
TSLA,put,mid,Mon-0DTE,14:00,ATM,2026-03-02,2026-06-22,13,75.0,74,74.324,48.0,29.5,63.5,94.0,1.21009,67.5,-0.79689,False
TSLA,put,mid,Mon-0DTE,14:00,ATM,2026-03-02,2026-06-22,13,80.0,74,71.622,50.0,31.0,66.0,97.0,1.21009,67.5,-0.79689,False
TSLA,put,mid,Mon-0DTE,14:00,ATM,2026-03-02,2026-06-22,13,90.0,74,64.865,52.5,40.75,76.25,98.5,1.21009,67.5,-0.79689,False
TSLA,put,mid,Mon-0DTE,14:00,ATM,2026-03-02,2026-06-22,13,100.0,74,58.108,56.0,45.5,77.5,99.0,1.21009,67.5,-0.79689,False
TSLA,put,market,Mon-0DTE,14:00,ATM,2026-03-02,2026-06-22,13,20.0,74,87.838,18.0,6.0,50.0,94.0,1.0503,67.5,-0.85242,False
TSLA,put,market,Mon-0DTE,14:00,ATM,2026-03-02,2026-06-22,13,25.0,74,85.135,19.0,8.5,51.5,94.0,1.0503,67.5,-0.85242,False
TSLA,put,market,Mon-0DTE,14:00,ATM,2026-03-02,2026-06-22,13,30.0,74,83.784,30.5,11.5,56.75,95.5,1.0503,67.5,-0.85242,False
TSLA,put,market,Mon-0DTE,14:00,ATM,2026-03-02,2026-06-22,13,40.0,74,78.378,40.5,18.25,60.0,97.0,1.0503,67.5,-0.85242,False
TSLA,put,market,Mon-0DTE,14:00,ATM,2026-03-02,2026-06-22,13,50.0,74,75.676,42.0,27.5,60.25,94.0,1.0503,67.5,-0.85242,False
TSLA,put,market,Mon-0DTE,14:00,ATM,2026-03-02,2026-06-22,13,60.0,74,74.324,48.0,29.5,63.5,94.0,1.0503,67.5,-0.85242,False
TSLA,put,market,Mon-0DTE,14:00,ATM,2026-03-02,2026-06-22,13,70.0,74,71.622,50.0,31.0,66.0,97.0,1.0503,67.5,-0.85242,False
TSLA,put,market,Mon-0DTE,14:00,ATM,2026-03-02,2026-06-22,13,75.0,74,64.865,52.0,41.0,73.75,98.5,1.0503,67.5,-0.85242,False
TSLA,put,market,Mon-0DTE,14:00,ATM,2026-03-02,2026-06-22,13,80.0,74,62.162,54.5,44.25,76.0,98.5,1.0503,67.5,-0.85242,False
TSLA,put,market,Mon-0DTE,14:00,ATM,2026-03-02,2026-06-22,13,90.0,74,56.757,55.5,45.25,77.75,99.0,1.0503,67.5,-0.85242,False
TSLA,put,market,Mon-0DTE,14:00,ATM,2026-03-02,2026-06-22,13,100.0,74,52.703,59.0,48.0,80.5,99.0,1.0503,67.5,-0.85242,False
TSLA,put,mid,Mon-0DTE,14:30,OTM1,2026-03-02,2026-06-22,12,20.0,67,74.627,8.0,3.25,17.75,64.0,1.0,25.0,-0.84211,False
TSLA,put,mid,Mon-0DTE,14:30,OTM1,2026-03-02,2026-06-22,12,25.0,67,74.627,10.5,5.0,22.25,64.0,1.0,25.0,-0.84211,False
TSLA,put,mid,Mon-0DTE,14:30,OTM1,2026-03-02,2026-06-22,12,30.0,67,73.134,12.0,5.0,25.0,64.0,1.0,25.0,-0.84211,False
TSLA,put,mid,Mon-0DTE,14:30,OTM1,2026-03-02,2026-06-22,12,40.0,67,70.149,18.0,9.5,30.5,64.0,1.0,25.0,-0.84211,False
TSLA,put,mid,Mon-0DTE,14:30,OTM1,2026-03-02,2026-06-22,12,50.0,67,67.164,20.0,12.0,32.0,62.0,1.0,25.0,-0.84211,False
TSLA,put,mid,Mon-0DTE,14:30,OTM1,2026-03-02,2026-06-22,12,60.0,67,64.179,22.0,15.5,32.5,63.0,1.0,25.0,-0.84211,False
TSLA,put,mid,Mon-0DTE,14:30,OTM1,2026-03-02,2026-06-22,12,70.0,67,61.194,23.0,16.0,37.0,64.0,1.0,25.0,-0.84211,False
TSLA,put,mid,Mon-0DTE,14:30,OTM1,2026-03-02,2026-06-22,12,75.0,67,61.194,25.0,17.0,37.0,64.0,1.0,25.0,-0.84211,False
TSLA,put,mid,Mon-0DTE,14:30,OTM1,2026-03-02,2026-06-22,12,80.0,67,61.194,25.0,18.0,37.0,64.0,1.0,25.0,-0.84211,False
TSLA,put,mid,Mon-0DTE,14:30,OTM1,2026-03-02,2026-06-22,12,90.0,67,52.239,28.0,20.5,42.0,66.0,1.0,25.0,-0.84211,False
TSLA,put,mid,Mon-0DTE,14:30,OTM1,2026-03-02,2026-06-22,12,100.0,67,50.746,32.5,22.75,49.5,65.5,1.0,25.0,-0.84211,False
TSLA,put,market,Mon-0DTE,14:30,OTM1,2026-03-02,2026-06-22,12,20.0,67,65.672,22.0,12.75,32.0,62.5,0.68,25.0,-1.0,False
TSLA,put,market,Mon-0DTE,14:30,OTM1,2026-03-02,2026-06-22,12,25.0,67,64.179,22.0,15.5,34.5,63.0,0.68,25.0,-1.0,False
TSLA,put,market,Mon-0DTE,14:30,OTM1,2026-03-02,2026-06-22,12,30.0,67,61.194,23.0,16.0,33.0,64.0,0.68,25.0,-1.0,False
TSLA,put,market,Mon-0DTE,14:30,OTM1,2026-03-02,2026-06-22,12,40.0,67,58.209,25.0,17.0,35.0,64.0,0.68,25.0,-1.0,False
TSLA,put,market,Mon-0DTE,14:30,OTM1,2026-03-02,2026-06-22,12,50.0,67,52.239,30.0,20.0,42.0,66.0,0.68,25.0,-1.0,False
TSLA,put,market,Mon-0DTE,14:30,OTM1,2026-03-02,2026-06-22,12,60.0,67,50.746,31.0,23.0,49.5,66.5,0.68,25.0,-1.0,False
TSLA,put,market,Mon-0DTE,14:30,OTM1,2026-03-02,2026-06-22,12,70.0,67,49.254,35.0,25.0,52.0,66.0,0.68,25.0,-1.0,False
TSLA,put,market,Mon-0DTE,14:30,OTM1,2026-03-02,2026-06-22,12,75.0,67,44.776,35.5,26.25,54.25,65.5,0.68,25.0,-1.0,False
TSLA,put,market,Mon-0DTE,14:30,OTM1,2026-03-02,2026-06-22,12,80.0,67,44.776,36.0,26.25,54.5,64.5,0.68,25.0,-1.0,False
TSLA,put,market,Mon-0DTE,14:30,OTM1,2026-03-02,2026-06-22,12,90.0,67,43.284,36.0,28.0,55.0,65.0,0.68,25.0,-1.0,False
TSLA,put,market,Mon-0DTE,14:30,OTM1,2026-03-02,2026-06-22,12,100.0,67,40.299,40.0,31.5,57.0,65.0,0.68,25.0,-1.0,False
TSLA,put,mid,Mon-0DTE,15:00,ATM,2026-03-02,2026-06-22,13,20.0,72,69.444,6.0,3.0,15.5,39.0,0.6504,19.0,-0.83068,False
TSLA,put,mid,Mon-0DTE,15:00,ATM,2026-03-02,2026-06-22,13,25.0,72,68.056,7.0,4.0,16.0,39.0,0.6504,19.0,-0.83068,False
TSLA,put,mid,Mon-0DTE,15:00,ATM,2026-03-02,2026-06-22,13,30.0,72,62.5,6.0,3.0,15.0,39.0,0.6504,19.0,-0.83068,False
TSLA,put,mid,Mon-0DTE,15:00,ATM,2026-03-02,2026-06-22,13,40.0,72,61.111,11.5,3.75,22.0,39.0,0.6504,19.0,-0.83068,False
TSLA,put,mid,Mon-0DTE,15:00,ATM,2026-03-02,2026-06-22,13,50.0,72,56.944,12.0,6.0,22.0,36.0,0.6504,19.0,-0.83068,False
TSLA,put,mid,Mon-0DTE,15:00,ATM,2026-03-02,2026-06-22,13,60.0,72,52.778,14.5,6.0,26.5,36.5,0.6504,19.0,-0.83068,False
TSLA,put,mid,Mon-0DTE,15:00,ATM,2026-03-02,2026-06-22,13,70.0,72,47.222,18.5,6.25,30.0,35.5,0.6504,19.0,-0.83068,False
TSLA,put,mid,Mon-0DTE,15:00,ATM,2026-03-02,2026-06-22,13,75.0,72,44.444,18.5,6.75,30.25,36.5,0.6504,19.0,-0.83068,False
TSLA,put,mid,Mon-0DTE,15:00,ATM,2026-03-02,2026-06-22,13,80.0,72,41.667,20.0,7.0,30.75,37.5,0.6504,19.0,-0.83068,False
TSLA,put,mid,Mon-0DTE,15:00,ATM,2026-03-02,2026-06-22,13,90.0,72,37.5,24.0,8.5,33.0,39.0,0.6504,19.0,-0.83068,False
TSLA,put,mid,Mon-0DTE,15:00,ATM,2026-03-02,2026-06-22,13,100.0,72,33.333,22.0,8.75,29.25,38.5,0.6504,19.0,-0.83068,False
TSLA,put,market,Mon-0DTE,15:00,ATM,2026-03-02,2026-06-22,13,20.0,72,62.5,8.0,4.0,17.0,39.0,0.45752,19.0,-0.88562,False
TSLA,put,market,Mon-0DTE,15:00,ATM,2026-03-02,2026-06-22,13,25.0,72,61.111,11.5,4.0,19.75,39.0,0.45752,19.0,-0.88562,False
TSLA,put,market,Mon-0DTE,15:00,ATM,2026-03-02,2026-06-22,13,30.0,72,56.944,13.0,5.0,26.0,39.0,0.45752,19.0,-0.88562,False
TSLA,put,market,Mon-0DTE,15:00,ATM,2026-03-02,2026-06-22,13,40.0,72,54.167,15.0,6.0,26.0,38.0,0.45752,19.0,-0.88562,False
TSLA,put,market,Mon-0DTE,15:00,ATM,2026-03-02,2026-06-22,13,50.0,72,48.611,17.0,7.0,26.0,39.0,0.45752,19.0,-0.88562,False
TSLA,put,market,Mon-0DTE,15:00,ATM,2026-03-02,2026-06-22,13,60.0,72,45.833,20.0,7.0,31.0,36.0,0.45752,19.0,-0.88562,False
TSLA,put,market,Mon-0DTE,15:00,ATM,2026-03-02,2026-06-22,13,70.0,72,38.889,21.0,8.5,32.0,38.5,0.45752,19.0,-0.88562,False
TSLA,put,market,Mon-0DTE,15:00,ATM,2026-03-02,2026-06-22,13,75.0,72,38.889,22.0,9.0,32.0,38.5,0.45752,19.0,-0.88562,False
TSLA,put,market,Mon-0DTE,15:00,ATM,2026-03-02,2026-06-22,13,80.0,72,36.111,22.0,9.0,33.75,39.0,0.45752,19.0,-0.88562,False
TSLA,put,market,Mon-0DTE,15:00,ATM,2026-03-02,2026-06-22,13,90.0,72,33.333,24.5,10.0,30.0,38.5,0.45752,19.0,-0.88562,False
TSLA,put,market,Mon-0DTE,15:00,ATM,2026-03-02,2026-06-22,13,100.0,72,29.167,24.0,10.0,34.0,41.0,0.45752,19.0,-0.88562,False
TSLA,put,mid,Mon-0DTE,15:30,ATM,2026-03-02,2026-06-22,12,20.0,12,75.0,7.0,2.0,11.0,26.0,0.84276,20.0,-0.5005,True
TSLA,put,mid,Mon-0DTE,15:30,ATM,2026-03-02,2026-06-22,12,25.0,12,66.667,9.0,5.0,12.0,27.5,0.84276,20.0,-0.5005,True
TSLA,put,mid,Mon-0DTE,15:30,ATM,2026-03-02,2026-06-22,12,30.0,12,66.667,9.5,6.0,13.75,27.5,0.84276,20.0,-0.5005,True
TSLA,put,mid,Mon-0DTE,15:30,ATM,2026-03-02,2026-06-22,12,40.0,12,66.667,10.0,7.75,13.75,27.5,0.84276,20.0,-0.5005,True
TSLA,put,mid,Mon-0DTE,15:30,ATM,2026-03-02,2026-06-22,12,50.0,12,58.333,11.0,8.0,14.0,29.0,0.84276,20.0,-0.5005,True
TSLA,put,mid,Mon-0DTE,15:30,ATM,2026-03-02,2026-06-22,12,60.0,12,50.0,10.5,7.75,11.75,25.5,0.84276,20.0,-0.5005,True
TSLA,put,mid,Mon-0DTE,15:30,ATM,2026-03-02,2026-06-22,12,70.0,12,50.0,10.5,7.75,12.5,25.5,0.84276,20.0,-0.5005,True
TSLA,put,mid,Mon-0DTE,15:30,ATM,2026-03-02,2026-06-22,12,75.0,12,50.0,11.5,8.0,13.5,25.5,0.84276,20.0,-0.5005,True
TSLA,put,mid,Mon-0DTE,15:30,ATM,2026-03-02,2026-06-22,12,80.0,12,50.0,12.5,11.25,13.75,25.0,0.84276,20.0,-0.5005,True
TSLA,put,mid,Mon-0DTE,15:30,ATM,2026-03-02,2026-06-22,12,90.0,12,50.0,17.5,12.75,20.0,25.0,0.84276,20.0,-0.5005,True
TSLA,put,mid,Mon-0DTE,15:30,ATM,2026-03-02,2026-06-22,12,100.0,12,50.0,17.5,12.75,20.0,25.0,0.84276,20.0,-0.5005,True
TSLA,put,market,Mon-0DTE,15:30,ATM,2026-03-02,2026-06-22,12,20.0,12,66.667,10.5,7.75,13.75,27.0,0.58901,20.0,-0.54741,True
TSLA,put,market,Mon-0DTE,15:30,ATM,2026-03-02,2026-06-22,12,25.0,12,66.667,11.0,7.75,13.75,27.0,0.58901,20.0,-0.54741,True
TSLA,put,market,Mon-0DTE,15:30,ATM,2026-03-02,2026-06-22,12,30.0,12,66.667,11.0,7.75,13.75,27.0,0.58901,20.0,-0.54741,True
TSLA,put,market,Mon-0DTE,15:30,ATM,2026-03-02,2026-06-22,12,40.0,12,66.667,11.5,8.5,16.75,25.5,0.58901,20.0,-0.54741,True
TSLA,put,market,Mon-0DTE,15:30,ATM,2026-03-02,2026-06-22,12,50.0,12,50.0,11.0,7.75,17.25,25.5,0.58901,20.0,-0.54741,True
TSLA,put,market,Mon-0DTE,15:30,ATM,2026-03-02,2026-06-22,12,60.0,12,50.0,13.0,10.75,18.25,25.5,0.58901,20.0,-0.54741,True
TSLA,put,market,Mon-0DTE,15:30,ATM,2026-03-02,2026-06-22,12,70.0,12,50.0,17.5,12.75,20.0,25.0,0.58901,20.0,-0.54741,True
TSLA,put,market,Mon-0DTE,15:30,ATM,2026-03-02,2026-06-22,12,75.0,12,41.667,15.0,12.0,20.0,26.0,0.58901,20.0,-0.54741,True
TSLA,put,market,Mon-0DTE,15:30,ATM,2026-03-02,2026-06-22,12,80.0,12,41.667,15.0,12.0,20.0,26.0,0.58901,20.0,-0.54741,True
TSLA,put,market,Mon-0DTE,15:30,ATM,2026-03-02,2026-06-22,12,90.0,12,41.667,15.0,12.0,20.0,26.0,0.58901,20.0,-0.54741,True
TSLA,put,market,Mon-0DTE,15:30,ATM,2026-03-02,2026-06-22,12,100.0,12,41.667,15.0,12.0,20.0,25.0,0.58901,20.0,-0.54741,True
TSLA,put,mid,Mon-0DTE,14:30,ATM,2026-03-02,2026-06-22,12,20.0,68,85.294,9.5,5.0,16.75,67.0,1.0368,36.0,-0.85093,False
TSLA,put,mid,Mon-0DTE,14:30,ATM,2026-03-02,2026-06-22,12,25.0,68,83.824,12.0,6.0,21.0,67.0,1.0368,36.0,-0.85093,False
TSLA,put,mid,Mon-0DTE,14:30,ATM,2026-03-02,2026-06-22,12,30.0,68,80.882,15.0,9.0,26.0,68.0,1.0368,36.0,-0.85093,False
TSLA,put,mid,Mon-0DTE,14:30,ATM,2026-03-02,2026-06-22,12,40.0,68,77.941,21.0,13.0,33.0,67.0,1.0368,36.0,-0.85093,False
TSLA,put,mid,Mon-0DTE,14:30,ATM,2026-03-02,2026-06-22,12,50.0,68,75.0,23.0,16.0,36.5,67.0,1.0368,36.0,-0.85093,False
TSLA,put,mid,Mon-0DTE,14:30,ATM,2026-03-02,2026-06-22,12,60.0,68,70.588,30.0,16.75,42.0,65.5,1.0368,36.0,-0.85093,False
TSLA,put,mid,Mon-0DTE,14:30,ATM,2026-03-02,2026-06-22,12,70.0,68,60.294,35.0,19.0,52.0,68.0,1.0368,36.0,-0.85093,False
TSLA,put,mid,Mon-0DTE,14:30,ATM,2026-03-02,2026-06-22,12,75.0,68,60.294,36.0,19.0,52.0,68.0,1.0368,36.0,-0.85093,False
TSLA,put,mid,Mon-0DTE,14:30,ATM,2026-03-02,2026-06-22,12,80.0,68,57.353,37.0,20.5,56.0,69.0,1.0368,36.0,-0.85093,False
TSLA,put,mid,Mon-0DTE,14:30,ATM,2026-03-02,2026-06-22,12,90.0,68,51.471,37.0,22.5,58.0,69.0,1.0368,36.0,-0.85093,False
TSLA,put,mid,Mon-0DTE,14:30,ATM,2026-03-02,2026-06-22,12,100.0,68,50.0,37.5,24.0,59.5,69.0,1.0368,36.0,-0.85093,False
TSLA,put,market,Mon-0DTE,14:30,ATM,2026-03-02,2026-06-22,12,20.0,68,82.353,15.0,8.75,27.0,67.5,0.9045,36.0,-0.89626,False
TSLA,put,market,Mon-0DTE,14:30,ATM,2026-03-02,2026-06-22,12,25.0,68,80.882,16.0,10.5,31.0,67.0,0.9045,36.0,-0.89626,False
TSLA,put,market,Mon-0DTE,14:30,ATM,2026-03-02,2026-06-22,12,30.0,68,76.471,20.5,12.0,33.75,67.0,0.9045,36.0,-0.89626,False
TSLA,put,market,Mon-0DTE,14:30,ATM,2026-03-02,2026-06-22,12,40.0,68,73.529,24.0,16.0,36.75,67.0,0.9045,36.0,-0.89626,False
TSLA,put,market,Mon-0DTE,14:30,ATM,2026-03-02,2026-06-22,12,50.0,68,70.588,30.0,16.75,44.0,65.5,0.9045,36.0,-0.89626,False
TSLA,put,market,Mon-0DTE,14:30,ATM,2026-03-02,2026-06-22,12,60.0,68,61.765,36.5,19.75,54.25,67.0,0.9045,36.0,-0.89626,False
TSLA,put,market,Mon-0DTE,14:30,ATM,2026-03-02,2026-06-22,12,70.0,68,57.353,37.0,22.5,57.5,69.0,0.9045,36.0,-0.89626,False
TSLA,put,market,Mon-0DTE,14:30,ATM,2026-03-02,2026-06-22,12,75.0,68,55.882,37.5,25.5,57.75,68.5,0.9045,36.0,-0.89626,False
TSLA,put,market,Mon-0DTE,14:30,ATM,2026-03-02,2026-06-22,12,80.0,68,51.471,37.0,25.0,58.0,69.0,0.9045,36.0,-0.89626,False
TSLA,put,market,Mon-0DTE,14:30,ATM,2026-03-02,2026-06-22,12,90.0,68,50.0,37.5,27.0,59.5,69.0,0.9045,36.0,-0.89626,False
TSLA,put,market,Mon-0DTE,14:30,ATM,2026-03-02,2026-06-22,12,100.0,68,45.588,37.0,25.5,59.5,69.0,0.9045,36.0,-0.89626,False
