symbol,direction,regime,fill_mode,T_pct,rank,entry_bucket,n,hit_pct,median_min_to_target,low_sample
AAPL,call,Mon-0DTE,mid,30.0,1,10:00,300,81.333,20.0,False
AAPL,call,Mon-0DTE,mid,30.0,2,09:30,250,77.2,15.0,False
AAPL,call,Mon-0DTE,mid,30.0,3,10:30,300,64.333,20.0,False
AAPL,call,Mon-0DTE,mid,30.0,4,12:00,300,58.333,35.0,False
AAPL,call,Mon-0DTE,mid,30.0,5,12:30,300,48.0,25.0,False
AAPL,call,Mon-0DTE,mid,30.0,6,11:30,300,47.667,25.0,False
AAPL,call,Mon-0DTE,mid,30.0,7,11:00,300,47.0,20.0,False
AAPL,call,Mon-0DTE,mid,30.0,8,13:00,300,42.667,20.0,False
AAPL,call,Mon-0DTE,mid,30.0,9,13:30,300,36.667,30.0,False
AAPL,call,Mon-0DTE,mid,30.0,10,14:00,300,28.333,20.0,False
AAPL,call,Mon-0DTE,mid,30.0,11,14:30,300,21.667,15.0,False
AAPL,call,Mon-0DTE,mid,30.0,12,15:00,300,21.333,10.0,False
AAPL,call,Mon-0DTE,mid,30.0,13,15:30,50,14.0,10.0,False
AAPL,call,Mon-0DTE,mid,50.0,1,09:30,250,73.2,20.0,False
AAPL,call,Mon-0DTE,mid,50.0,2,10:00,300,68.667,30.0,False
AAPL,call,Mon-0DTE,mid,50.0,3,10:30,300,54.0,30.0,False
AAPL,call,Mon-0DTE,mid,50.0,4,12:00,300,52.333,50.0,False
AAPL,call,Mon-0DTE,mid,50.0,5,12:30,300,43.667,35.0,False
AAPL,call,Mon-0DTE,mid,50.0,6,11:30,300,41.333,37.5,False
AAPL,call,Mon-0DTE,mid,50.0,7,11:00,300,40.0,35.0,False
AAPL,call,Mon-0DTE,mid,50.0,8,13:00,300,38.0,20.0,False
AAPL,call,Mon-0DTE,mid,50.0,9,13:30,300,26.667,40.0,False
AAPL,call,Mon-0DTE,mid,50.0,10,14:00,300,23.333,22.5,False
AAPL,call,Mon-0DTE,mid,50.0,11,14:30,300,20.0,17.5,False
AAPL,call,Mon-0DTE,mid,50.0,12,15:00,300,18.667,10.0,False
AAPL,call,Mon-0DTE,mid,50.0,13,15:30,50,12.0,10.0,False
AAPL,call,Mon-0DTE,mid,75.0,1,09:30,250,69.2,30.0,False
AAPL,call,Mon-0DTE,mid,75.0,2,10:00,300,58.667,40.0,False
AAPL,call,Mon-0DTE,mid,75.0,3,12:00,300,46.333,60.0,False
AAPL,call,Mon-0DTE,mid,75.0,4,10:30,300,44.333,35.0,False
AAPL,call,Mon-0DTE,mid,75.0,5,12:30,300,40.0,45.0,False
AAPL,call,Mon-0DTE,mid,75.0,6,11:30,300,36.0,50.0,False
AAPL,call,Mon-0DTE,mid,75.0,7,11:00,300,33.0,50.0,False
AAPL,call,Mon-0DTE,mid,75.0,8,13:00,300,31.667,20.0,False
AAPL,call,Mon-0DTE,mid,75.0,9,13:30,300,20.667,60.0,False
AAPL,call,Mon-0DTE,mid,75.0,10,14:00,300,19.667,30.0,False
AAPL,call,Mon-0DTE,mid,75.0,11,14:30,300,18.667,20.0,False
AAPL,call,Mon-0DTE,mid,75.0,12,15:00,300,16.0,12.5,False
AAPL,call,Mon-0DTE,mid,75.0,13,15:30,50,8.0,10.0,False
AAPL,call,Mon-0DTE,mid,100.0,1,09:30,250,63.6,35.0,False
AAPL,call,Mon-0DTE,mid,100.0,2,10:00,300,52.333,50.0,False
AAPL,call,Mon-0DTE,mid,100.0,3,12:00,300,40.333,65.0,False
AAPL,call,Mon-0DTE,mid,100.0,4,10:30,300,39.333,45.0,False
AAPL,call,Mon-0DTE,mid,100.0,5,12:30,300,36.333,55.0,False
AAPL,call,Mon-0DTE,mid,100.0,6,11:30,300,31.333,62.5,False
AAPL,call,Mon-0DTE,mid,100.0,7,11:00,300,29.0,60.0,False
AAPL,call,Mon-0DTE,mid,100.0,8,13:00,300,28.0,22.5,False
AAPL,call,Mon-0DTE,mid,100.0,9,13:30,300,18.667,67.5,False
AAPL,call,Mon-0DTE,mid,100.0,10,14:00,300,18.333,35.0,False
AAPL,call,Mon-0DTE,mid,100.0,11,14:30,300,17.0,25.0,False
AAPL,call,Mon-0DTE,mid,100.0,12,15:00,300,14.333,15.0,False
AAPL,call,Mon-0DTE,mid,100.0,13,15:30,50,8.0,10.0,False
AAPL,call,Mon-0DTE,market,30.0,1,10:00,300,78.0,22.5,False
AAPL,call,Mon-0DTE,market,30.0,2,09:30,250,76.8,20.0,False
AAPL,call,Mon-0DTE,market,30.0,3,10:30,300,61.333,20.0,False
AAPL,call,Mon-0DTE,market,30.0,4,12:00,300,57.0,40.0,False
AAPL,call,Mon-0DTE,market,30.0,5,12:30,300,46.333,25.0,False
AAPL,call,Mon-0DTE,market,30.0,6,11:30,300,45.667,25.0,False
AAPL,call,Mon-0DTE,market,30.0,7,11:00,300,45.333,25.0,False
AAPL,call,Mon-0DTE,market,30.0,8,13:00,300,41.667,20.0,False
AAPL,call,Mon-0DTE,market,30.0,9,13:30,300,34.333,35.0,False
AAPL,call,Mon-0DTE,market,30.0,10,14:00,300,26.667,20.0,False
AAPL,call,Mon-0DTE,market,30.0,11,14:30,300,21.333,15.0,False
AAPL,call,Mon-0DTE,market,30.0,12,15:00,300,20.333,10.0,False
AAPL,call,Mon-0DTE,market,30.0,13,15:30,50,14.0,10.0,False
AAPL,call,Mon-0DTE,market,50.0,1,09:30,250,71.2,25.0,False
AAPL,call,Mon-0DTE,market,50.0,2,10:00,300,66.333,30.0,False
AAPL,call,Mon-0DTE,market,50.0,3,10:30,300,52.0,30.0,False
AAPL,call,Mon-0DTE,market,50.0,4,12:00,300,50.667,55.0,False
AAPL,call,Mon-0DTE,market,50.0,5,12:30,300,42.667,40.0,False
AAPL,call,Mon-0DTE,market,50.0,6,11:30,300,39.667,45.0,False
AAPL,call,Mon-0DTE,market,50.0,7,11:00,300,38.333,40.0,False
AAPL,call,Mon-0DTE,market,50.0,8,13:00,300,36.333,20.0,False
AAPL,call,Mon-0DTE,market,50.0,9,13:30,300,25.667,40.0,False
AAPL,call,Mon-0DTE,market,50.0,10,14:00,300,22.333,25.0,False
AAPL,call,Mon-0DTE,market,50.0,11,14:30,300,20.0,20.0,False
AAPL,call,Mon-0DTE,market,50.0,12,15:00,300,18.333,10.0,False
AAPL,call,Mon-0DTE,market,50.0,13,15:30,50,8.0,10.0,False
AAPL,call,Mon-0DTE,market,75.0,1,09:30,250,67.2,30.0,False
AAPL,call,Mon-0DTE,market,75.0,2,10:00,300,55.333,42.5,False
AAPL,call,Mon-0DTE,market,75.0,3,12:00,300,44.333,65.0,False
AAPL,call,Mon-0DTE,market,75.0,4,10:30,300,43.0,40.0,False
AAPL,call,Mon-0DTE,market,75.0,5,12:30,300,39.0,50.0,False
AAPL,call,Mon-0DTE,market,75.0,6,11:30,300,35.333,52.5,False
AAPL,call,Mon-0DTE,market,75.0,7,11:00,300,31.667,55.0,False
AAPL,call,Mon-0DTE,market,75.0,8,13:00,300,30.667,22.5,False
AAPL,call,Mon-0DTE,market,75.0,9,13:30,300,20.0,60.0,False
AAPL,call,Mon-0DTE,market,75.0,10,14:00,300,19.333,32.5,False
AAPL,call,Mon-0DTE,market,75.0,11,14:30,300,18.333,20.0,False
AAPL,call,Mon-0DTE,market,75.0,12,15:00,300,15.333,12.5,False
AAPL,call,Mon-0DTE,market,75.0,13,15:30,50,8.0,10.0,False
AAPL,call,Mon-0DTE,market,100.0,1,09:30,250,60.8,40.0,False
AAPL,call,Mon-0DTE,market,100.0,2,10:00,300,49.667,50.0,False
AAPL,call,Mon-0DTE,market,100.0,3,12:00,300,39.333,70.0,False
AAPL,call,Mon-0DTE,market,100.0,4,10:30,300,37.0,40.0,False
AAPL,call,Mon-0DTE,market,100.0,5,12:30,300,35.0,50.0,False
AAPL,call,Mon-0DTE,market,100.0,6,11:30,300,31.0,65.0,False
AAPL,call,Mon-0DTE,market,100.0,7,11:00,300,28.667,62.5,False
AAPL,call,Mon-0DTE,market,100.0,8,13:00,300,26.667,22.5,False
AAPL,call,Mon-0DTE,market,100.0,9,14:00,300,17.667,40.0,False
AAPL,call,Mon-0DTE,market,100.0,10,13:30,300,17.667,75.0,False
AAPL,call,Mon-0DTE,market,100.0,11,14:30,300,15.667,25.0,False
AAPL,call,Mon-0DTE,market,100.0,12,15:00,300,14.0,12.5,False
AAPL,call,Mon-0DTE,market,100.0,13,15:30,50,8.0,10.0,False
AAPL,put,Mon-0DTE,mid,30.0,1,11:00,300,86.667,20.0,False
AAPL,put,Mon-0DTE,mid,30.0,2,10:30,300,86.333,35.0,False
AAPL,put,Mon-0DTE,mid,30.0,3,10:00,300,85.333,60.0,False
AAPL,put,Mon-0DTE,mid,30.0,4,09:30,250,82.4,65.0,False
AAPL,put,Mon-0DTE,mid,30.0,5,11:30,300,81.667,25.0,False
AAPL,put,Mon-0DTE,mid,30.0,6,12:00,300,72.0,30.0,False
AAPL,put,Mon-0DTE,mid,30.0,7,12:30,300,63.0,20.0,False
AAPL,put,Mon-0DTE,mid,30.0,8,13:30,300,56.333,25.0,False
AAPL,put,Mon-0DTE,mid,30.0,9,13:00,300,52.667,20.0,False
AAPL,put,Mon-0DTE,mid,30.0,10,14:00,300,51.667,20.0,False
AAPL,put,Mon-0DTE,mid,30.0,11,14:30,300,35.333,10.0,False
AAPL,put,Mon-0DTE,mid,30.0,12,15:00,300,27.0,15.0,False
AAPL,put,Mon-0DTE,mid,30.0,13,15:30,50,26.0,20.0,False
AAPL,put,Mon-0DTE,mid,50.0,1,10:30,300,85.667,45.0,False
AAPL,put,Mon-0DTE,mid,50.0,2,11:00,300,84.333,30.0,False
AAPL,put,Mon-0DTE,mid,50.0,3,10:00,300,82.667,87.5,False
AAPL,put,Mon-0DTE,mid,50.0,4,09:30,250,79.6,115.0,False
AAPL,put,Mon-0DTE,mid,50.0,5,11:30,300,78.0,37.5,False
AAPL,put,Mon-0DTE,mid,50.0,6,12:00,300,66.667,40.0,False
AAPL,put,Mon-0DTE,mid,50.0,7,12:30,300,55.333,30.0,False
AAPL,put,Mon-0DTE,mid,50.0,8,13:30,300,49.0,40.0,False
AAPL,put,Mon-0DTE,mid,50.0,9,13:00,300,46.667,35.0,False
AAPL,put,Mon-0DTE,mid,50.0,10,14:00,300,44.0,20.0,False
AAPL,put,Mon-0DTE,mid,50.0,11,14:30,300,29.0,15.0,False
AAPL,put,Mon-0DTE,mid,50.0,12,15:00,300,16.667,15.0,False
AAPL,put,Mon-0DTE,mid,50.0,13,15:30,50,16.0,20.0,False
AAPL,put,Mon-0DTE,mid,75.0,1,10:30,300,83.0,55.0,False
AAPL,put,Mon-0DTE,mid,75.0,2,11:00,300,78.667,40.0,False
AAPL,put,Mon-0DTE,mid,75.0,3,10:00,300,78.0,100.0,False
AAPL,put,Mon-0DTE,mid,75.0,4,09:30,250,72.8,127.5,False
AAPL,put,Mon-0DTE,mid,75.0,5,11:30,300,70.667,45.0,False
AAPL,put,Mon-0DTE,mid,75.0,6,12:00,300,62.0,50.0,False
AAPL,put,Mon-0DTE,mid,75.0,7,12:30,300,50.333,45.0,False
AAPL,put,Mon-0DTE,mid,75.0,8,13:00,300,42.667,52.5,False
AAPL,put,Mon-0DTE,mid,75.0,9,13:30,300,42.333,45.0,False
AAPL,put,Mon-0DTE,mid,75.0,10,14:00,300,38.667,27.5,False
AAPL,put,Mon-0DTE,mid,75.0,11,14:30,300,25.333,20.0,False
AAPL,put,Mon-0DTE,mid,75.0,12,15:30,50,14.0,25.0,False
AAPL,put,Mon-0DTE,mid,75.0,13,15:00,300,12.667,15.0,False
AAPL,put,Mon-0DTE,mid,100.0,1,10:30,300,82.333,70.0,False
AAPL,put,Mon-0DTE,mid,100.0,2,10:00,300,75.667,115.0,False
AAPL,put,Mon-0DTE,mid,100.0,3,11:00,300,74.667,55.0,False
AAPL,put,Mon-0DTE,mid,100.0,4,09:30,250,67.2,140.0,False
AAPL,put,Mon-0DTE,mid,100.0,5,11:30,300,66.667,55.0,False
AAPL,put,Mon-0DTE,mid,100.0,6,12:00,300,56.0,55.0,False
AAPL,put,Mon-0DTE,mid,100.0,7,12:30,300,44.667,55.0,False
AAPL,put,Mon-0DTE,mid,100.0,8,13:30,300,38.333,45.0,False
AAPL,put,Mon-0DTE,mid,100.0,9,13:00,300,37.0,45.0,False
AAPL,put,Mon-0DTE,mid,100.0,10,14:00,300,33.667,30.0,False
AAPL,put,Mon-0DTE,mid,100.0,11,14:30,300,21.667,20.0,False
AAPL,put,Mon-0DTE,mid,100.0,12,15:30,50,12.0,25.0,False
AAPL,put,Mon-0DTE,mid,100.0,13,15:00,300,10.333,15.0,False
AAPL,put,Mon-0DTE,market,30.0,1,11:00,300,86.667,25.0,False
AAPL,put,Mon-0DTE,market,30.0,2,10:30,300,86.333,35.0,False
AAPL,put,Mon-0DTE,market,30.0,3,10:00,300,84.667,67.5,False
AAPL,put,Mon-0DTE,market,30.0,4,09:30,250,81.2,75.0,False
AAPL,put,Mon-0DTE,market,30.0,5,11:30,300,80.667,25.0,False
AAPL,put,Mon-0DTE,market,30.0,6,12:00,300,70.667,35.0,False
AAPL,put,Mon-0DTE,market,30.0,7,12:30,300,61.0,25.0,False
AAPL,put,Mon-0DTE,market,30.0,8,13:30,300,54.0,25.0,False
AAPL,put,Mon-0DTE,market,30.0,9,13:00,300,51.0,30.0,False
AAPL,put,Mon-0DTE,market,30.0,10,14:00,300,50.333,20.0,False
AAPL,put,Mon-0DTE,market,30.0,11,14:30,300,32.667,10.0,False
AAPL,put,Mon-0DTE,market,30.0,12,15:00,300,25.0,20.0,False
AAPL,put,Mon-0DTE,market,30.0,13,15:30,50,22.0,20.0,False
AAPL,put,Mon-0DTE,market,50.0,1,10:30,300,85.667,45.0,False
AAPL,put,Mon-0DTE,market,50.0,2,11:00,300,84.0,35.0,False
AAPL,put,Mon-0DTE,market,50.0,3,10:00,300,82.333,95.0,False
AAPL,put,Mon-0DTE,market,50.0,4,09:30,250,77.2,115.0,False
AAPL,put,Mon-0DTE,market,50.0,5,11:30,300,75.667,40.0,False
AAPL,put,Mon-0DTE,market,50.0,6,12:00,300,65.0,40.0,False
AAPL,put,Mon-0DTE,market,50.0,7,12:30,300,55.0,40.0,False
AAPL,put,Mon-0DTE,market,50.0,8,13:30,300,48.0,40.0,False
AAPL,put,Mon-0DTE,market,50.0,9,13:00,300,45.0,40.0,False
AAPL,put,Mon-0DTE,market,50.0,10,14:00,300,43.0,25.0,False
AAPL,put,Mon-0DTE,market,50.0,11,14:30,300,27.667,15.0,False
AAPL,put,Mon-0DTE,market,50.0,12,15:00,300,15.667,15.0,False
AAPL,put,Mon-0DTE,market,50.0,13,15:30,50,14.0,20.0,False
AAPL,put,Mon-0DTE,market,75.0,1,10:30,300,83.0,60.0,False
AAPL,put,Mon-0DTE,market,75.0,2,10:00,300,77.667,105.0,False
AAPL,put,Mon-0DTE,market,75.0,3,11:00,300,77.0,45.0,False
AAPL,put,Mon-0DTE,market,75.0,4,09:30,250,70.8,130.0,False
AAPL,put,Mon-0DTE,market,75.0,5,11:30,300,69.667,50.0,False
AAPL,put,Mon-0DTE,market,75.0,6,12:00,300,60.333,50.0,False
AAPL,put,Mon-0DTE,market,75.0,7,12:30,300,48.0,50.0,False
AAPL,put,Mon-0DTE,market,75.0,8,13:30,300,41.0,45.0,False
AAPL,put,Mon-0DTE,market,75.0,9,13:00,300,41.0,55.0,False
AAPL,put,Mon-0DTE,market,75.0,10,14:00,300,37.0,30.0,False
AAPL,put,Mon-0DTE,market,75.0,11,14:30,300,23.0,20.0,False
AAPL,put,Mon-0DTE,market,75.0,12,15:30,50,14.0,25.0,False
AAPL,put,Mon-0DTE,market,75.0,13,15:00,300,12.667,15.0,False
AAPL,put,Mon-0DTE,market,100.0,1,10:30,300,82.0,70.0,False
AAPL,put,Mon-0DTE,market,100.0,2,10:00,300,75.0,120.0,False
AAPL,put,Mon-0DTE,market,100.0,3,11:00,300,73.0,55.0,False
AAPL,put,Mon-0DTE,market,100.0,4,09:30,250,66.4,142.5,False
AAPL,put,Mon-0DTE,market,100.0,5,11:30,300,64.0,55.0,False
AAPL,put,Mon-0DTE,market,100.0,6,12:00,300,54.667,60.0,False
AAPL,put,Mon-0DTE,market,100.0,7,12:30,300,44.0,55.0,False
AAPL,put,Mon-0DTE,market,100.0,8,13:30,300,36.333,50.0,False
AAPL,put,Mon-0DTE,market,100.0,9,13:00,300,34.667,47.5,False
AAPL,put,Mon-0DTE,market,100.0,10,14:00,300,32.333,30.0,False
AAPL,put,Mon-0DTE,market,100.0,11,14:30,300,20.333,15.0,False
AAPL,put,Mon-0DTE,market,100.0,12,15:30,50,12.0,25.0,False
AAPL,put,Mon-0DTE,market,100.0,13,15:00,300,9.333,17.5,False
AAPL,call,Tue-0DTE,mid,30.0,1,10:00,300,85.667,15.0,False
AAPL,call,Tue-0DTE,mid,30.0,2,09:30,250,83.2,25.0,False
AAPL,call,Tue-0DTE,mid,30.0,3,11:30,300,75.333,22.5,False
AAPL,call,Tue-0DTE,mid,30.0,4,10:30,300,70.333,30.0,False
AAPL,call,Tue-0DTE,mid,30.0,5,11:00,300,66.333,40.0,False
AAPL,call,Tue-0DTE,mid,30.0,6,12:00,300,62.0,15.0,False
AAPL,call,Tue-0DTE,mid,30.0,7,12:30,300,47.0,20.0,False
AAPL,call,Tue-0DTE,mid,30.0,8,13:30,300,44.667,40.0,False
AAPL,call,Tue-0DTE,mid,30.0,9,13:00,300,38.0,17.5,False
AAPL,call,Tue-0DTE,mid,30.0,10,14:00,300,36.333,15.0,False
AAPL,call,Tue-0DTE,mid,30.0,11,14:30,300,35.0,35.0,False
AAPL,call,Tue-0DTE,mid,30.0,12,15:00,300,26.667,15.0,False
AAPL,call,Tue-0DTE,mid,30.0,13,15:30,50,16.0,5.0,False
AAPL,call,Tue-0DTE,mid,50.0,1,10:00,300,77.667,25.0,False
AAPL,call,Tue-0DTE,mid,50.0,2,09:30,250,76.4,30.0,False
AAPL,call,Tue-0DTE,mid,50.0,3,11:30,300,69.0,30.0,False
AAPL,call,Tue-0DTE,mid,50.0,4,10:30,300,61.667,50.0,False
AAPL,call,Tue-0DTE,mid,50.0,5,11:00,300,61.0,50.0,False
AAPL,call,Tue-0DTE,mid,50.0,6,12:00,300,53.0,25.0,False
AAPL,call,Tue-0DTE,mid,50.0,7,12:30,300,36.333,20.0,False
AAPL,call,Tue-0DTE,mid,50.0,8,13:30,300,31.0,40.0,False
AAPL,call,Tue-0DTE,mid,50.0,9,13:00,300,30.0,20.0,False
AAPL,call,Tue-0DTE,mid,50.0,10,14:00,300,27.667,30.0,False
AAPL,call,Tue-0DTE,mid,50.0,11,14:30,300,24.333,35.0,False
AAPL,call,Tue-0DTE,mid,50.0,12,15:00,300,20.333,15.0,False
AAPL,call,Tue-0DTE,mid,50.0,13,15:30,50,12.0,5.0,False
AAPL,call,Tue-0DTE,mid,75.0,1,09:30,250,69.6,35.0,False
AAPL,call,Tue-0DTE,mid,75.0,2,10:00,300,69.333,30.0,False
AAPL,call,Tue-0DTE,mid,75.0,3,11:30,300,60.333,35.0,False
AAPL,call,Tue-0DTE,mid,75.0,4,11:00,300,53.0,55.0,False
AAPL,call,Tue-0DTE,mid,75.0,5,10:30,300,53.0,70.0,False
AAPL,call,Tue-0DTE,mid,75.0,6,12:00,300,43.0,30.0,False
AAPL,call,Tue-0DTE,mid,75.0,7,12:30,300,29.0,25.0,False
AAPL,call,Tue-0DTE,mid,75.0,8,13:00,300,24.0,20.0,False
AAPL,call,Tue-0DTE,mid,75.0,9,13:30,300,21.667,40.0,False
AAPL,call,Tue-0DTE,mid,75.0,10,14:00,300,19.333,35.0,False
AAPL,call,Tue-0DTE,mid,75.0,11,15:00,300,17.667,20.0,False
AAPL,call,Tue-0DTE,mid,75.0,12,14:30,300,17.667,40.0,False
AAPL,call,Tue-0DTE,mid,75.0,13,15:30,50,10.0,10.0,False
AAPL,call,Tue-0DTE,mid,100.0,1,09:30,250,62.4,37.5,False
AAPL,call,Tue-0DTE,mid,100.0,2,10:00,300,61.0,40.0,False
AAPL,call,Tue-0DTE,mid,100.0,3,11:30,300,53.0,40.0,False
AAPL,call,Tue-0DTE,mid,100.0,4,10:30,300,46.333,80.0,False
AAPL,call,Tue-0DTE,mid,100.0,5,11:00,300,44.667,60.0,False
AAPL,call,Tue-0DTE,mid,100.0,6,12:00,300,37.0,35.0,False
AAPL,call,Tue-0DTE,mid,100.0,7,12:30,300,23.0,20.0,False
AAPL,call,Tue-0DTE,mid,100.0,8,13:00,300,16.667,22.5,False
AAPL,call,Tue-0DTE,mid,100.0,9,13:30,300,16.667,47.5,False
AAPL,call,Tue-0DTE,mid,100.0,10,14:00,300,15.333,37.5,False
AAPL,call,Tue-0DTE,mid,100.0,11,14:30,300,14.0,42.5,False
AAPL,call,Tue-0DTE,mid,100.0,12,15:00,300,13.667,15.0,False
AAPL,call,Tue-0DTE,mid,100.0,13,15:30,50,10.0,10.0,False
AAPL,call,Tue-0DTE,market,30.0,1,10:00,300,82.333,20.0,False
AAPL,call,Tue-0DTE,market,30.0,2,09:30,250,81.6,30.0,False
AAPL,call,Tue-0DTE,market,30.0,3,11:30,300,73.667,25.0,False
AAPL,call,Tue-0DTE,market,30.0,4,10:30,300,66.333,35.0,False
AAPL,call,Tue-0DTE,market,30.0,5,11:00,300,64.667,45.0,False
AAPL,call,Tue-0DTE,market,30.0,6,12:00,300,60.0,20.0,False
AAPL,call,Tue-0DTE,market,30.0,7,12:30,300,44.0,25.0,False
AAPL,call,Tue-0DTE,market,30.0,8,13:30,300,40.333,40.0,False
AAPL,call,Tue-0DTE,market,30.0,9,13:00,300,37.0,20.0,False
AAPL,call,Tue-0DTE,market,30.0,10,14:00,300,34.667,22.5,False
AAPL,call,Tue-0DTE,market,30.0,11,14:30,300,31.333,35.0,False
AAPL,call,Tue-0DTE,market,30.0,12,15:00,300,24.333,15.0,False
AAPL,call,Tue-0DTE,market,30.0,13,15:30,50,16.0,5.0,False
AAPL,call,Tue-0DTE,market,50.0,1,10:00,300,77.0,25.0,False
AAPL,call,Tue-0DTE,market,50.0,2,09:30,250,74.8,30.0,False
AAPL,call,Tue-0DTE,market,50.0,3,11:30,300,66.0,30.0,False
AAPL,call,Tue-0DTE,market,50.0,4,11:00,300,58.333,50.0,False
AAPL,call,Tue-0DTE,market,50.0,5,10:30,300,58.333,60.0,False
AAPL,call,Tue-0DTE,market,50.0,6,12:00,300,49.333,25.0,False
AAPL,call,Tue-0DTE,market,50.0,7,12:30,300,33.333,22.5,False
AAPL,call,Tue-0DTE,market,50.0,8,13:00,300,27.333,20.0,False
AAPL,call,Tue-0DTE,market,50.0,9,13:30,300,26.0,37.5,False
AAPL,call,Tue-0DTE,market,50.0,10,14:00,300,25.0,30.0,False
AAPL,call,Tue-0DTE,market,50.0,11,14:30,300,22.0,35.0,False
AAPL,call,Tue-0DTE,market,50.0,12,15:00,300,19.333,15.0,False
AAPL,call,Tue-0DTE,market,50.0,13,15:30,50,10.0,5.0,False
AAPL,call,Tue-0DTE,market,75.0,1,09:30,250,67.6,35.0,False
AAPL,call,Tue-0DTE,market,75.0,2,10:00,300,67.333,32.5,False
AAPL,call,Tue-0DTE,market,75.0,3,11:30,300,58.667,40.0,False
AAPL,call,Tue-0DTE,market,75.0,4,10:30,300,51.667,75.0,False
AAPL,call,Tue-0DTE,market,75.0,5,11:00,300,50.667,60.0,False
AAPL,call,Tue-0DTE,market,75.0,6,12:00,300,40.667,30.0,False
AAPL,call,Tue-0DTE,market,75.0,7,12:30,300,26.667,22.5,False
AAPL,call,Tue-0DTE,market,75.0,8,13:00,300,21.333,20.0,False
AAPL,call,Tue-0DTE,market,75.0,9,13:30,300,20.333,45.0,False
AAPL,call,Tue-0DTE,market,75.0,10,14:00,300,17.667,35.0,False
AAPL,call,Tue-0DTE,market,75.0,11,14:30,300,16.333,45.0,False
AAPL,call,Tue-0DTE,market,75.0,12,15:00,300,16.0,15.0,False
AAPL,call,Tue-0DTE,market,75.0,13,15:30,50,10.0,10.0,False
AAPL,call,Tue-0DTE,market,100.0,1,09:30,250,59.2,35.0,False
AAPL,call,Tue-0DTE,market,100.0,2,10:00,300,59.0,40.0,False
AAPL,call,Tue-0DTE,market,100.0,3,11:30,300,50.667,40.0,False
AAPL,call,Tue-0DTE,market,100.0,4,10:30,300,44.0,80.0,False
AAPL,call,Tue-0DTE,market,100.0,5,11:00,300,42.333,65.0,False
AAPL,call,Tue-0DTE,market,100.0,6,12:00,300,35.0,35.0,False
AAPL,call,Tue-0DTE,market,100.0,7,12:30,300,22.0,25.0,False
AAPL,call,Tue-0DTE,market,100.0,8,13:30,300,16.0,57.5,False
AAPL,call,Tue-0DTE,market,100.0,9,13:00,300,15.667,50.0,False
AAPL,call,Tue-0DTE,market,100.0,10,14:00,300,14.333,35.0,False
AAPL,call,Tue-0DTE,market,100.0,11,15:00,300,13.0,15.0,False
AAPL,call,Tue-0DTE,market,100.0,12,14:30,300,13.0,45.0,False
AAPL,call,Tue-0DTE,market,100.0,13,15:30,50,10.0,10.0,False
AAPL,put,Tue-0DTE,mid,30.0,1,10:30,300,79.667,20.0,False
AAPL,put,Tue-0DTE,mid,30.0,2,10:00,300,77.667,35.0,False
AAPL,put,Tue-0DTE,mid,30.0,3,09:30,250,71.2,20.0,False
AAPL,put,Tue-0DTE,mid,30.0,4,11:00,300,71.0,15.0,False
AAPL,put,Tue-0DTE,mid,30.0,5,11:30,300,62.333,25.0,False
AAPL,put,Tue-0DTE,mid,30.0,6,14:00,300,59.667,40.0,False
AAPL,put,Tue-0DTE,mid,30.0,7,13:30,300,55.333,45.0,False
AAPL,put,Tue-0DTE,mid,30.0,8,12:00,300,53.0,40.0,False
AAPL,put,Tue-0DTE,mid,30.0,9,12:30,300,52.333,35.0,False
AAPL,put,Tue-0DTE,mid,30.0,10,14:30,300,51.667,25.0,False
AAPL,put,Tue-0DTE,mid,30.0,11,13:00,300,50.0,15.0,False
AAPL,put,Tue-0DTE,mid,30.0,12,15:00,300,26.0,15.0,False
AAPL,put,Tue-0DTE,mid,30.0,13,15:30,50,14.0,15.0,False
AAPL,put,Tue-0DTE,mid,50.0,1,10:30,300,76.333,30.0,False
AAPL,put,Tue-0DTE,mid,50.0,2,10:00,300,73.333,45.0,False
AAPL,put,Tue-0DTE,mid,50.0,3,11:00,300,67.0,20.0,False
AAPL,put,Tue-0DTE,mid,50.0,4,09:30,250,64.0,40.0,False
AAPL,put,Tue-0DTE,mid,50.0,5,11:30,300,57.333,50.0,False
AAPL,put,Tue-0DTE,mid,50.0,6,13:00,300,49.333,30.0,False
AAPL,put,Tue-0DTE,mid,50.0,7,12:30,300,48.667,40.0,False
AAPL,put,Tue-0DTE,mid,50.0,8,14:00,300,48.333,40.0,False
AAPL,put,Tue-0DTE,mid,50.0,9,12:00,300,48.333,60.0,False
AAPL,put,Tue-0DTE,mid,50.0,10,13:30,300,46.333,55.0,False
AAPL,put,Tue-0DTE,mid,50.0,11,14:30,300,34.667,25.0,False
AAPL,put,Tue-0DTE,mid,50.0,12,15:00,300,16.0,15.0,False
AAPL,put,Tue-0DTE,mid,50.0,13,15:30,50,8.0,5.0,False
AAPL,put,Tue-0DTE,mid,75.0,1,10:30,300,71.667,35.0,False
AAPL,put,Tue-0DTE,mid,75.0,2,10:00,300,68.0,50.0,False
AAPL,put,Tue-0DTE,mid,75.0,3,11:00,300,62.0,25.0,False
AAPL,put,Tue-0DTE,mid,75.0,4,09:30,250,58.4,55.0,False
AAPL,put,Tue-0DTE,mid,75.0,5,11:30,300,48.667,85.0,False
AAPL,put,Tue-0DTE,mid,75.0,6,13:00,300,42.667,32.5,False
AAPL,put,Tue-0DTE,mid,75.0,7,12:00,300,42.667,70.0,False
AAPL,put,Tue-0DTE,mid,75.0,8,12:30,300,42.333,45.0,False
AAPL,put,Tue-0DTE,mid,75.0,9,14:00,300,34.667,40.0,False
AAPL,put,Tue-0DTE,mid,75.0,10,13:30,300,31.667,60.0,False
AAPL,put,Tue-0DTE,mid,75.0,11,14:30,300,25.0,25.0,False
AAPL,put,Tue-0DTE,mid,75.0,12,15:00,300,13.0,15.0,False
AAPL,put,Tue-0DTE,mid,75.0,13,15:30,50,6.0,5.0,False
AAPL,put,Tue-0DTE,mid,100.0,1,10:30,300,66.333,40.0,False
AAPL,put,Tue-0DTE,mid,100.0,2,10:00,300,62.0,60.0,False
AAPL,put,Tue-0DTE,mid,100.0,3,11:00,300,59.0,35.0,False
AAPL,put,Tue-0DTE,mid,100.0,4,09:30,250,53.6,77.5,False
AAPL,put,Tue-0DTE,mid,100.0,5,11:30,300,40.333,105.0,False
AAPL,put,Tue-0DTE,mid,100.0,6,13:00,300,38.0,35.0,False
AAPL,put,Tue-0DTE,mid,100.0,7,12:30,300,37.0,45.0,False
AAPL,put,Tue-0DTE,mid,100.0,8,12:00,300,37.0,80.0,False
AAPL,put,Tue-0DTE,mid,100.0,9,14:00,300,27.333,40.0,False
AAPL,put,Tue-0DTE,mid,100.0,10,13:30,300,25.667,60.0,False
AAPL,put,Tue-0DTE,mid,100.0,11,14:30,300,19.667,25.0,False
AAPL,put,Tue-0DTE,mid,100.0,12,15:00,300,9.667,10.0,False
AAPL,put,Tue-0DTE,mid,100.0,13,15:30,50,6.0,5.0,False
AAPL,put,Tue-0DTE,market,30.0,1,10:30,300,78.0,25.0,False
AAPL,put,Tue-0DTE,market,30.0,2,10:00,300,76.0,40.0,False
AAPL,put,Tue-0DTE,market,30.0,3,11:00,300,70.0,15.0,False
AAPL,put,Tue-0DTE,market,30.0,4,09:30,250,70.0,25.0,False
AAPL,put,Tue-0DTE,market,30.0,5,11:30,300,60.667,32.5,False
AAPL,put,Tue-0DTE,market,30.0,6,14:00,300,56.667,40.0,False
AAPL,put,Tue-0DTE,market,30.0,7,12:00,300,52.667,45.0,False
AAPL,put,Tue-0DTE,market,30.0,8,13:30,300,52.667,50.0,False
AAPL,put,Tue-0DTE,market,30.0,9,12:30,300,51.333,37.5,False
AAPL,put,Tue-0DTE,market,30.0,10,13:00,300,49.667,20.0,False
AAPL,put,Tue-0DTE,market,30.0,11,14:30,300,46.0,25.0,False
AAPL,put,Tue-0DTE,market,30.0,12,15:00,300,24.0,20.0,False
AAPL,put,Tue-0DTE,market,30.0,13,15:30,50,12.0,10.0,False
AAPL,put,Tue-0DTE,market,50.0,1,10:30,300,74.0,30.0,False
AAPL,put,Tue-0DTE,market,50.0,2,10:00,300,71.667,45.0,False
AAPL,put,Tue-0DTE,market,50.0,3,11:00,300,65.667,20.0,False
AAPL,put,Tue-0DTE,market,50.0,4,09:30,250,62.4,45.0,False
AAPL,put,Tue-0DTE,market,50.0,5,11:30,300,54.0,65.0,False
AAPL,put,Tue-0DTE,market,50.0,6,13:00,300,48.333,30.0,False
AAPL,put,Tue-0DTE,market,50.0,7,12:30,300,47.667,45.0,False
AAPL,put,Tue-0DTE,market,50.0,8,12:00,300,47.0,65.0,False
AAPL,put,Tue-0DTE,market,50.0,9,14:00,300,43.667,40.0,False
AAPL,put,Tue-0DTE,market,50.0,10,13:30,300,43.0,55.0,False
AAPL,put,Tue-0DTE,market,50.0,11,14:30,300,30.667,25.0,False
AAPL,put,Tue-0DTE,market,50.0,12,15:00,300,15.333,15.0,False
AAPL,put,Tue-0DTE,market,50.0,13,15:30,50,8.0,5.0,False
AAPL,put,Tue-0DTE,market,75.0,1,10:30,300,69.667,35.0,False
AAPL,put,Tue-0DTE,market,75.0,2,10:00,300,65.667,55.0,False
AAPL,put,Tue-0DTE,market,75.0,3,11:00,300,60.667,25.0,False
AAPL,put,Tue-0DTE,market,75.0,4,09:30,250,57.2,60.0,False
AAPL,put,Tue-0DTE,market,75.0,5,11:30,300,45.333,90.0,False
AAPL,put,Tue-0DTE,market,75.0,6,13:00,300,41.0,35.0,False
AAPL,put,Tue-0DTE,market,75.0,7,12:00,300,40.0,70.0,False
AAPL,put,Tue-0DTE,market,75.0,8,12:30,300,39.667,45.0,False
AAPL,put,Tue-0DTE,market,75.0,9,14:00,300,33.0,40.0,False
AAPL,put,Tue-0DTE,market,75.0,10,13:30,300,30.0,60.0,False
AAPL,put,Tue-0DTE,market,75.0,11,14:30,300,23.333,22.5,False
AAPL,put,Tue-0DTE,market,75.0,12,15:00,300,12.333,15.0,False
AAPL,put,Tue-0DTE,market,75.0,13,15:30,50,6.0,5.0,False
AAPL,put,Tue-0DTE,market,100.0,1,10:30,300,64.333,40.0,False
AAPL,put,Tue-0DTE,market,100.0,2,10:00,300,60.333,60.0,False
AAPL,put,Tue-0DTE,market,100.0,3,11:00,300,56.667,35.0,False
AAPL,put,Tue-0DTE,market,100.0,4,09:30,250,52.8,75.0,False
AAPL,put,Tue-0DTE,market,100.0,5,11:30,300,38.333,105.0,False
AAPL,put,Tue-0DTE,market,100.0,6,12:30,300,35.667,45.0,False
AAPL,put,Tue-0DTE,market,100.0,7,13:00,300,35.333,32.5,False
AAPL,put,Tue-0DTE,market,100.0,8,12:00,300,35.0,80.0,False
AAPL,put,Tue-0DTE,market,100.0,9,14:00,300,25.0,35.0,False
AAPL,put,Tue-0DTE,market,100.0,10,13:30,300,23.333,55.0,False
AAPL,put,Tue-0DTE,market,100.0,11,14:30,300,18.333,25.0,False
AAPL,put,Tue-0DTE,market,100.0,12,15:00,300,9.667,10.0,False
AAPL,put,Tue-0DTE,market,100.0,13,15:30,50,6.0,5.0,False
AAPL,call,Wed-0DTE,mid,30.0,1,09:30,250,84.4,20.0,False
AAPL,call,Wed-0DTE,mid,30.0,2,10:00,300,83.333,25.0,False
AAPL,call,Wed-0DTE,mid,30.0,3,10:30,300,77.333,37.5,False
AAPL,call,Wed-0DTE,mid,30.0,4,12:00,300,74.667,30.0,False
AAPL,call,Wed-0DTE,mid,30.0,5,12:30,300,73.0,15.0,False
AAPL,call,Wed-0DTE,mid,30.0,6,11:30,300,71.667,40.0,False
AAPL,call,Wed-0DTE,mid,30.0,7,11:00,300,67.333,30.0,False
AAPL,call,Wed-0DTE,mid,30.0,8,13:00,300,57.333,30.0,False
AAPL,call,Wed-0DTE,mid,30.0,9,13:30,300,47.667,15.0,False
AAPL,call,Wed-0DTE,mid,30.0,10,14:00,300,28.667,15.0,False
AAPL,call,Wed-0DTE,mid,30.0,11,14:30,300,23.0,20.0,False
AAPL,call,Wed-0DTE,mid,30.0,12,15:00,300,19.667,10.0,False
AAPL,call,Wed-0DTE,mid,30.0,13,15:30,50,18.0,10.0,False
AAPL,call,Wed-0DTE,mid,50.0,1,09:30,250,78.4,35.0,False
AAPL,call,Wed-0DTE,mid,50.0,2,10:00,300,77.0,60.0,False
AAPL,call,Wed-0DTE,mid,50.0,3,12:00,300,68.667,35.0,False
AAPL,call,Wed-0DTE,mid,50.0,4,10:30,300,67.0,50.0,False
AAPL,call,Wed-0DTE,mid,50.0,5,12:30,300,66.333,20.0,False
AAPL,call,Wed-0DTE,mid,50.0,6,11:30,300,60.667,50.0,False
AAPL,call,Wed-0DTE,mid,50.0,7,11:00,300,60.333,35.0,False
AAPL,call,Wed-0DTE,mid,50.0,8,13:00,300,47.667,30.0,False
AAPL,call,Wed-0DTE,mid,50.0,9,13:30,300,38.667,17.5,False
AAPL,call,Wed-0DTE,mid,50.0,10,14:00,300,22.667,27.5,False
AAPL,call,Wed-0DTE,mid,50.0,11,14:30,300,18.667,25.0,False
AAPL,call,Wed-0DTE,mid,50.0,12,15:00,300,17.0,10.0,False
AAPL,call,Wed-0DTE,mid,50.0,13,15:30,50,16.0,10.0,False
AAPL,call,Wed-0DTE,mid,75.0,1,09:30,250,75.6,55.0,False
AAPL,call,Wed-0DTE,mid,75.0,2,10:00,300,70.0,80.0,False
AAPL,call,Wed-0DTE,mid,75.0,3,10:30,300,61.0,65.0,False
AAPL,call,Wed-0DTE,mid,75.0,4,12:00,300,60.667,40.0,False
AAPL,call,Wed-0DTE,mid,75.0,5,12:30,300,59.0,25.0,False
AAPL,call,Wed-0DTE,mid,75.0,6,11:00,300,56.0,45.0,False
AAPL,call,Wed-0DTE,mid,75.0,7,11:30,300,53.667,55.0,False
AAPL,call,Wed-0DTE,mid,75.0,8,13:00,300,41.333,35.0,False
AAPL,call,Wed-0DTE,mid,75.0,9,13:30,300,31.333,20.0,False
AAPL,call,Wed-0DTE,mid,75.0,10,14:00,300,18.667,42.5,False
AAPL,call,Wed-0DTE,mid,75.0,11,14:30,300,16.667,27.5,False
AAPL,call,Wed-0DTE,mid,75.0,12,15:30,50,16.0,10.0,False
AAPL,call,Wed-0DTE,mid,75.0,13,15:00,300,15.0,15.0,False
AAPL,call,Wed-0DTE,mid,100.0,1,09:30,250,72.0,72.5,False
AAPL,call,Wed-0DTE,mid,100.0,2,10:00,300,63.667,140.0,False
AAPL,call,Wed-0DTE,mid,100.0,3,12:00,300,58.0,40.0,False
AAPL,call,Wed-0DTE,mid,100.0,4,10:30,300,55.0,105.0,False
AAPL,call,Wed-0DTE,mid,100.0,5,12:30,300,53.667,25.0,False
AAPL,call,Wed-0DTE,mid,100.0,6,11:00,300,52.0,70.0,False
AAPL,call,Wed-0DTE,mid,100.0,7,11:30,300,50.333,65.0,False
AAPL,call,Wed-0DTE,mid,100.0,8,13:00,300,33.333,35.0,False
AAPL,call,Wed-0DTE,mid,100.0,9,13:30,300,26.0,20.0,False
AAPL,call,Wed-0DTE,mid,100.0,10,14:30,300,15.667,30.0,False
AAPL,call,Wed-0DTE,mid,100.0,11,14:00,300,15.333,50.0,False
AAPL,call,Wed-0DTE,mid,100.0,12,15:00,300,14.333,15.0,False
AAPL,call,Wed-0DTE,mid,100.0,13,15:30,50,14.0,10.0,False
AAPL,call,Wed-0DTE,market,30.0,1,09:30,250,83.2,25.0,False
AAPL,call,Wed-0DTE,market,30.0,2,10:00,300,82.0,30.0,False
AAPL,call,Wed-0DTE,market,30.0,3,10:30,300,74.667,45.0,False
AAPL,call,Wed-0DTE,market,30.0,4,12:00,300,72.667,30.0,False
AAPL,call,Wed-0DTE,market,30.0,5,12:30,300,71.667,15.0,False
AAPL,call,Wed-0DTE,market,30.0,6,11:30,300,68.0,50.0,False
AAPL,call,Wed-0DTE,market,30.0,7,11:00,300,65.0,30.0,False
AAPL,call,Wed-0DTE,market,30.0,8,13:00,300,53.333,30.0,False
AAPL,call,Wed-0DTE,market,30.0,9,13:30,300,45.0,15.0,False
AAPL,call,Wed-0DTE,market,30.0,10,14:00,300,27.333,15.0,False
AAPL,call,Wed-0DTE,market,30.0,11,14:30,300,21.333,20.0,False
AAPL,call,Wed-0DTE,market,30.0,12,15:00,300,19.333,10.0,False
AAPL,call,Wed-0DTE,market,30.0,13,15:30,50,16.0,7.5,False
AAPL,call,Wed-0DTE,market,50.0,1,09:30,250,78.0,45.0,False
AAPL,call,Wed-0DTE,market,50.0,2,10:00,300,75.667,70.0,False
AAPL,call,Wed-0DTE,market,50.0,3,12:00,300,67.333,35.0,False
AAPL,call,Wed-0DTE,market,50.0,4,10:30,300,65.333,55.0,False
AAPL,call,Wed-0DTE,market,50.0,5,12:30,300,63.0,20.0,False
AAPL,call,Wed-0DTE,market,50.0,6,11:30,300,59.333,52.5,False
AAPL,call,Wed-0DTE,market,50.0,7,11:00,300,58.333,35.0,False
AAPL,call,Wed-0DTE,market,50.0,8,13:00,300,45.0,30.0,False
AAPL,call,Wed-0DTE,market,50.0,9,13:30,300,37.333,17.5,False
AAPL,call,Wed-0DTE,market,50.0,10,14:00,300,20.667,20.0,False
AAPL,call,Wed-0DTE,market,50.0,11,14:30,300,18.0,25.0,False
AAPL,call,Wed-0DTE,market,50.0,12,15:00,300,16.333,10.0,False
AAPL,call,Wed-0DTE,market,50.0,13,15:30,50,16.0,10.0,False
AAPL,call,Wed-0DTE,market,75.0,1,09:30,250,74.0,55.0,False
AAPL,call,Wed-0DTE,market,75.0,2,10:00,300,68.333,85.0,False
AAPL,call,Wed-0DTE,market,75.0,3,12:00,300,59.333,40.0,False
AAPL,call,Wed-0DTE,market,75.0,4,10:30,300,58.333,65.0,False
AAPL,call,Wed-0DTE,market,75.0,5,12:30,300,57.0,25.0,False
AAPL,call,Wed-0DTE,market,75.0,6,11:00,300,54.0,55.0,False
AAPL,call,Wed-0DTE,market,75.0,7,11:30,300,52.0,55.0,False
AAPL,call,Wed-0DTE,market,75.0,8,13:00,300,38.667,35.0,False
AAPL,call,Wed-0DTE,market,75.0,9,13:30,300,30.0,20.0,False
AAPL,call,Wed-0DTE,market,75.0,10,14:00,300,17.333,45.0,False
AAPL,call,Wed-0DTE,market,75.0,11,14:30,300,16.667,27.5,False
AAPL,call,Wed-0DTE,market,75.0,12,15:30,50,16.0,10.0,False
AAPL,call,Wed-0DTE,market,75.0,13,15:00,300,14.333,10.0,False
AAPL,call,Wed-0DTE,market,100.0,1,09:30,250,70.4,75.0,False
AAPL,call,Wed-0DTE,market,100.0,2,10:00,300,61.333,140.0,False
AAPL,call,Wed-0DTE,market,100.0,3,12:00,300,56.0,40.0,False
AAPL,call,Wed-0DTE,market,100.0,4,10:30,300,53.333,112.5,False
AAPL,call,Wed-0DTE,market,100.0,5,12:30,300,52.667,25.0,False
AAPL,call,Wed-0DTE,market,100.0,6,11:00,300,51.667,75.0,False
AAPL,call,Wed-0DTE,market,100.0,7,11:30,300,49.333,70.0,False
AAPL,call,Wed-0DTE,market,100.0,8,13:00,300,31.667,35.0,False
AAPL,call,Wed-0DTE,market,100.0,9,13:30,300,25.0,20.0,False
AAPL,call,Wed-0DTE,market,100.0,10,14:30,300,15.667,30.0,False
AAPL,call,Wed-0DTE,market,100.0,11,14:00,300,13.667,50.0,False
AAPL,call,Wed-0DTE,market,100.0,12,15:00,300,12.667,17.5,False
AAPL,call,Wed-0DTE,market,100.0,13,15:30,50,12.0,7.5,False
AAPL,put,Wed-0DTE,mid,30.0,1,09:30,250,90.8,45.0,False
AAPL,put,Wed-0DTE,mid,30.0,2,10:00,300,89.0,50.0,False
AAPL,put,Wed-0DTE,mid,30.0,3,10:30,300,88.333,35.0,False
AAPL,put,Wed-0DTE,mid,30.0,4,13:00,300,83.0,30.0,False
AAPL,put,Wed-0DTE,mid,30.0,5,11:00,300,80.333,50.0,False
AAPL,put,Wed-0DTE,mid,30.0,6,11:30,300,78.0,35.0,False
AAPL,put,Wed-0DTE,mid,30.0,7,14:00,300,76.667,25.0,False
AAPL,put,Wed-0DTE,mid,30.0,8,13:30,300,73.0,20.0,False
AAPL,put,Wed-0DTE,mid,30.0,9,12:00,300,71.667,30.0,False
AAPL,put,Wed-0DTE,mid,30.0,10,12:30,300,68.667,75.0,False
AAPL,put,Wed-0DTE,mid,30.0,11,14:30,300,57.0,15.0,False
AAPL,put,Wed-0DTE,mid,30.0,12,15:00,300,39.667,15.0,False
AAPL,put,Wed-0DTE,mid,30.0,13,15:30,50,26.0,10.0,False
AAPL,put,Wed-0DTE,mid,50.0,1,09:30,250,89.2,65.0,False
AAPL,put,Wed-0DTE,mid,50.0,2,10:00,300,85.333,70.0,False
AAPL,put,Wed-0DTE,mid,50.0,3,10:30,300,81.667,50.0,False
AAPL,put,Wed-0DTE,mid,50.0,4,13:00,300,75.667,40.0,False
AAPL,put,Wed-0DTE,mid,50.0,5,11:00,300,72.0,65.0,False
AAPL,put,Wed-0DTE,mid,50.0,6,13:30,300,69.333,22.5,False
AAPL,put,Wed-0DTE,mid,50.0,7,11:30,300,68.667,40.0,False
AAPL,put,Wed-0DTE,mid,50.0,8,12:00,300,67.667,65.0,False
AAPL,put,Wed-0DTE,mid,50.0,9,12:30,300,67.333,82.5,False
AAPL,put,Wed-0DTE,mid,50.0,10,14:00,300,66.667,25.0,False
AAPL,put,Wed-0DTE,mid,50.0,11,14:30,300,48.0,20.0,False
AAPL,put,Wed-0DTE,mid,50.0,12,15:00,300,31.0,20.0,False
AAPL,put,Wed-0DTE,mid,50.0,13,15:30,50,20.0,10.0,False
AAPL,put,Wed-0DTE,mid,75.0,1,09:30,250,83.6,85.0,False
AAPL,put,Wed-0DTE,mid,75.0,2,10:00,300,80.333,115.0,False
AAPL,put,Wed-0DTE,mid,75.0,3,10:30,300,74.0,65.0,False
AAPL,put,Wed-0DTE,mid,75.0,4,13:00,300,70.0,50.0,False
AAPL,put,Wed-0DTE,mid,75.0,5,12:30,300,66.333,90.0,False
AAPL,put,Wed-0DTE,mid,75.0,6,11:00,300,65.333,82.5,False
AAPL,put,Wed-0DTE,mid,75.0,7,13:30,300,64.333,25.0,False
AAPL,put,Wed-0DTE,mid,75.0,8,12:00,300,62.667,100.0,False
AAPL,put,Wed-0DTE,mid,75.0,9,11:30,300,61.667,75.0,False
AAPL,put,Wed-0DTE,mid,75.0,10,14:00,300,58.333,30.0,False
AAPL,put,Wed-0DTE,mid,75.0,11,14:30,300,40.0,25.0,False
AAPL,put,Wed-0DTE,mid,75.0,12,15:00,300,23.333,20.0,False
AAPL,put,Wed-0DTE,mid,75.0,13,15:30,50,16.0,15.0,False
AAPL,put,Wed-0DTE,mid,100.0,1,09:30,250,77.6,95.0,False
AAPL,put,Wed-0DTE,mid,100.0,2,10:00,300,73.667,130.0,False
AAPL,put,Wed-0DTE,mid,100.0,3,10:30,300,68.667,85.0,False
AAPL,put,Wed-0DTE,mid,100.0,4,13:00,300,66.333,55.0,False
AAPL,put,Wed-0DTE,mid,100.0,5,12:30,300,63.0,90.0,False
AAPL,put,Wed-0DTE,mid,100.0,6,11:00,300,60.667,92.5,False
AAPL,put,Wed-0DTE,mid,100.0,7,12:00,300,60.667,110.0,False
AAPL,put,Wed-0DTE,mid,100.0,8,13:30,300,59.667,30.0,False
AAPL,put,Wed-0DTE,mid,100.0,9,11:30,300,57.667,95.0,False
AAPL,put,Wed-0DTE,mid,100.0,10,14:00,300,51.333,35.0,False
AAPL,put,Wed-0DTE,mid,100.0,11,14:30,300,36.0,25.0,False
AAPL,put,Wed-0DTE,mid,100.0,12,15:00,300,21.0,25.0,False
AAPL,put,Wed-0DTE,mid,100.0,13,15:30,50,14.0,20.0,False
AAPL,put,Wed-0DTE,market,30.0,1,09:30,250,89.6,50.0,False
AAPL,put,Wed-0DTE,market,30.0,2,10:00,300,87.667,55.0,False
AAPL,put,Wed-0DTE,market,30.0,3,10:30,300,86.667,40.0,False
AAPL,put,Wed-0DTE,market,30.0,4,13:00,300,82.0,30.0,False
AAPL,put,Wed-0DTE,market,30.0,5,11:00,300,77.667,60.0,False
AAPL,put,Wed-0DTE,market,30.0,6,14:00,300,75.0,25.0,False
AAPL,put,Wed-0DTE,market,30.0,7,11:30,300,75.0,35.0,False
AAPL,put,Wed-0DTE,market,30.0,8,13:30,300,71.667,20.0,False
AAPL,put,Wed-0DTE,market,30.0,9,12:00,300,70.333,40.0,False
AAPL,put,Wed-0DTE,market,30.0,10,12:30,300,67.667,80.0,False
AAPL,put,Wed-0DTE,market,30.0,11,14:30,300,53.667,15.0,False
AAPL,put,Wed-0DTE,market,30.0,12,15:00,300,37.0,15.0,False
AAPL,put,Wed-0DTE,market,30.0,13,15:30,50,26.0,10.0,False
AAPL,put,Wed-0DTE,market,50.0,1,09:30,250,87.2,65.0,False
AAPL,put,Wed-0DTE,market,50.0,2,10:00,300,84.333,75.0,False
AAPL,put,Wed-0DTE,market,50.0,3,10:30,300,80.0,55.0,False
AAPL,put,Wed-0DTE,market,50.0,4,13:00,300,74.333,40.0,False
AAPL,put,Wed-0DTE,market,50.0,5,11:00,300,69.333,65.0,False
AAPL,put,Wed-0DTE,market,50.0,6,13:30,300,68.0,25.0,False
AAPL,put,Wed-0DTE,market,50.0,7,11:30,300,67.667,45.0,False
AAPL,put,Wed-0DTE,market,50.0,8,12:30,300,67.333,85.0,False
AAPL,put,Wed-0DTE,market,50.0,9,12:00,300,67.333,90.0,False
AAPL,put,Wed-0DTE,market,50.0,10,14:00,300,64.333,25.0,False
AAPL,put,Wed-0DTE,market,50.0,11,14:30,300,45.667,20.0,False
AAPL,put,Wed-0DTE,market,50.0,12,15:00,300,28.0,20.0,False
AAPL,put,Wed-0DTE,market,50.0,13,15:30,50,18.0,10.0,False
AAPL,put,Wed-0DTE,market,75.0,1,09:30,250,82.0,90.0,False
AAPL,put,Wed-0DTE,market,75.0,2,10:00,300,79.0,120.0,False
AAPL,put,Wed-0DTE,market,75.0,3,10:30,300,72.333,75.0,False
AAPL,put,Wed-0DTE,market,75.0,4,13:00,300,69.333,50.0,False
AAPL,put,Wed-0DTE,market,75.0,5,12:30,300,65.333,90.0,False
AAPL,put,Wed-0DTE,market,75.0,6,11:00,300,63.667,80.0,False
AAPL,put,Wed-0DTE,market,75.0,7,13:30,300,63.333,30.0,False
AAPL,put,Wed-0DTE,market,75.0,8,12:00,300,62.333,100.0,False
AAPL,put,Wed-0DTE,market,75.0,9,11:30,300,61.333,77.5,False
AAPL,put,Wed-0DTE,market,75.0,10,14:00,300,56.667,30.0,False
AAPL,put,Wed-0DTE,market,75.0,11,14:30,300,39.0,25.0,False
AAPL,put,Wed-0DTE,market,75.0,12,15:00,300,22.333,20.0,False
AAPL,put,Wed-0DTE,market,75.0,13,15:30,50,16.0,15.0,False
AAPL,put,Wed-0DTE,market,100.0,1,09:30,250,75.6,100.0,False
AAPL,put,Wed-0DTE,market,100.0,2,10:00,300,71.667,130.0,False
AAPL,put,Wed-0DTE,market,100.0,3,10:30,300,67.0,95.0,False
AAPL,put,Wed-0DTE,market,100.0,4,13:00,300,64.667,55.0,False
AAPL,put,Wed-0DTE,market,100.0,5,12:30,300,62.333,95.0,False
AAPL,put,Wed-0DTE,market,100.0,6,11:00,300,60.0,102.5,False
AAPL,put,Wed-0DTE,market,100.0,7,12:00,300,59.333,110.0,False
AAPL,put,Wed-0DTE,market,100.0,8,13:30,300,58.333,30.0,False
AAPL,put,Wed-0DTE,market,100.0,9,11:30,300,57.0,100.0,False
AAPL,put,Wed-0DTE,market,100.0,10,14:00,300,50.667,35.0,False
AAPL,put,Wed-0DTE,market,100.0,11,14:30,300,34.0,25.0,False
AAPL,put,Wed-0DTE,market,100.0,12,15:00,300,20.333,25.0,False
AAPL,put,Wed-0DTE,market,100.0,13,15:30,50,14.0,20.0,False
AAPL,call,Thu-0DTE,mid,30.0,1,09:30,250,89.2,25.0,False
AAPL,call,Thu-0DTE,mid,30.0,2,12:30,300,84.0,30.0,False
AAPL,call,Thu-0DTE,mid,30.0,3,11:00,300,84.0,45.0,False
AAPL,call,Thu-0DTE,mid,30.0,4,10:00,300,81.333,30.0,False
AAPL,call,Thu-0DTE,mid,30.0,5,12:00,300,80.333,15.0,False
AAPL,call,Thu-0DTE,mid,30.0,6,11:30,300,79.667,20.0,False
AAPL,call,Thu-0DTE,mid,30.0,7,10:30,300,75.667,65.0,False
AAPL,call,Thu-0DTE,mid,30.0,8,13:00,300,71.0,20.0,False
AAPL,call,Thu-0DTE,mid,30.0,9,13:30,300,66.0,40.0,False
AAPL,call,Thu-0DTE,mid,30.0,10,14:30,300,62.333,20.0,False
AAPL,call,Thu-0DTE,mid,30.0,11,14:00,300,57.667,35.0,False
AAPL,call,Thu-0DTE,mid,30.0,12,15:00,300,44.333,15.0,False
AAPL,call,Thu-0DTE,mid,30.0,13,15:30,50,40.0,10.0,False
AAPL,call,Thu-0DTE,mid,50.0,1,09:30,250,84.8,35.0,False
AAPL,call,Thu-0DTE,mid,50.0,2,11:00,300,78.0,55.0,False
AAPL,call,Thu-0DTE,mid,50.0,3,12:00,300,76.667,20.0,False
AAPL,call,Thu-0DTE,mid,50.0,4,12:30,300,76.333,35.0,False
AAPL,call,Thu-0DTE,mid,50.0,5,11:30,300,75.667,30.0,False
AAPL,call,Thu-0DTE,mid,50.0,6,10:00,300,75.667,65.0,False
AAPL,call,Thu-0DTE,mid,50.0,7,10:30,300,68.667,92.5,False
AAPL,call,Thu-0DTE,mid,50.0,8,13:00,300,64.667,30.0,False
AAPL,call,Thu-0DTE,mid,50.0,9,13:30,300,57.0,60.0,False
AAPL,call,Thu-0DTE,mid,50.0,10,14:30,300,55.0,20.0,False
AAPL,call,Thu-0DTE,mid,50.0,11,14:00,300,50.667,45.0,False
AAPL,call,Thu-0DTE,mid,50.0,12,15:00,300,37.0,20.0,False
AAPL,call,Thu-0DTE,mid,50.0,13,15:30,50,28.0,10.0,False
AAPL,call,Thu-0DTE,mid,75.0,1,09:30,250,76.8,70.0,False
AAPL,call,Thu-0DTE,mid,75.0,2,11:00,300,73.0,65.0,False
AAPL,call,Thu-0DTE,mid,75.0,3,11:30,300,71.333,40.0,False
AAPL,call,Thu-0DTE,mid,75.0,4,12:00,300,70.0,30.0,False
AAPL,call,Thu-0DTE,mid,75.0,5,12:30,300,69.667,45.0,False
AAPL,call,Thu-0DTE,mid,75.0,6,10:00,300,68.667,127.5,False
AAPL,call,Thu-0DTE,mid,75.0,7,10:30,300,63.0,100.0,False
AAPL,call,Thu-0DTE,mid,75.0,8,13:00,300,57.667,55.0,False
AAPL,call,Thu-0DTE,mid,75.0,9,13:30,300,49.0,75.0,False
AAPL,call,Thu-0DTE,mid,75.0,10,14:30,300,46.333,25.0,False
AAPL,call,Thu-0DTE,mid,75.0,11,14:00,300,46.333,50.0,False
AAPL,call,Thu-0DTE,mid,75.0,12,15:00,300,29.0,20.0,False
AAPL,call,Thu-0DTE,mid,75.0,13,15:30,50,24.0,10.0,False
AAPL,call,Thu-0DTE,mid,100.0,1,09:30,250,71.2,150.0,False
AAPL,call,Thu-0DTE,mid,100.0,2,11:30,300,68.667,50.0,False
AAPL,call,Thu-0DTE,mid,100.0,3,11:00,300,68.0,70.0,False
AAPL,call,Thu-0DTE,mid,100.0,4,12:00,300,65.333,37.5,False
AAPL,call,Thu-0DTE,mid,100.0,5,12:30,300,63.667,45.0,False
AAPL,call,Thu-0DTE,mid,100.0,6,10:00,300,63.667,135.0,False
AAPL,call,Thu-0DTE,mid,100.0,7,10:30,300,58.333,110.0,False
AAPL,call,Thu-0DTE,mid,100.0,8,13:00,300,50.667,75.0,False
AAPL,call,Thu-0DTE,mid,100.0,9,14:30,300,44.333,25.0,False
AAPL,call,Thu-0DTE,mid,100.0,10,14:00,300,44.0,55.0,False
AAPL,call,Thu-0DTE,mid,100.0,11,13:30,300,42.0,80.0,False
AAPL,call,Thu-0DTE,mid,100.0,12,15:00,300,25.333,17.5,False
AAPL,call,Thu-0DTE,mid,100.0,13,15:30,50,20.0,10.0,False
AAPL,call,Thu-0DTE,market,30.0,1,09:30,250,87.2,25.0,False
AAPL,call,Thu-0DTE,market,30.0,2,11:00,300,82.667,45.0,False
AAPL,call,Thu-0DTE,market,30.0,3,12:30,300,81.333,35.0,False
AAPL,call,Thu-0DTE,market,30.0,4,12:00,300,80.0,15.0,False
AAPL,call,Thu-0DTE,market,30.0,5,10:00,300,80.0,35.0,False
AAPL,call,Thu-0DTE,market,30.0,6,11:30,300,79.0,25.0,False
AAPL,call,Thu-0DTE,market,30.0,7,10:30,300,73.0,80.0,False
AAPL,call,Thu-0DTE,market,30.0,8,13:00,300,69.0,25.0,False
AAPL,call,Thu-0DTE,market,30.0,9,13:30,300,63.667,45.0,False
AAPL,call,Thu-0DTE,market,30.0,10,14:30,300,60.667,20.0,False
AAPL,call,Thu-0DTE,market,30.0,11,14:00,300,54.0,40.0,False
AAPL,call,Thu-0DTE,market,30.0,12,15:30,50,40.0,12.5,False
AAPL,call,Thu-0DTE,market,30.0,13,15:00,300,40.0,15.0,False
AAPL,call,Thu-0DTE,market,50.0,1,09:30,250,83.2,40.0,False
AAPL,call,Thu-0DTE,market,50.0,2,11:00,300,77.333,57.5,False
AAPL,call,Thu-0DTE,market,50.0,3,12:00,300,75.333,25.0,False
AAPL,call,Thu-0DTE,market,50.0,4,10:00,300,74.667,110.0,False
AAPL,call,Thu-0DTE,market,50.0,5,11:30,300,74.333,35.0,False
AAPL,call,Thu-0DTE,market,50.0,6,12:30,300,74.333,40.0,False
AAPL,call,Thu-0DTE,market,50.0,7,10:30,300,67.0,100.0,False
AAPL,call,Thu-0DTE,market,50.0,8,13:00,300,63.667,35.0,False
AAPL,call,Thu-0DTE,market,50.0,9,13:30,300,54.0,65.0,False
AAPL,call,Thu-0DTE,market,50.0,10,14:30,300,52.667,20.0,False
AAPL,call,Thu-0DTE,market,50.0,11,14:00,300,49.333,45.0,False
AAPL,call,Thu-0DTE,market,50.0,12,15:00,300,34.0,20.0,False
AAPL,call,Thu-0DTE,market,50.0,13,15:30,50,26.0,10.0,False
AAPL,call,Thu-0DTE,market,75.0,1,09:30,250,75.2,140.0,False
AAPL,call,Thu-0DTE,market,75.0,2,11:30,300,71.333,40.0,False
AAPL,call,Thu-0DTE,market,75.0,3,11:00,300,71.0,65.0,False
AAPL,call,Thu-0DTE,market,75.0,4,12:00,300,68.333,35.0,False
AAPL,call,Thu-0DTE,market,75.0,5,12:30,300,67.333,45.0,False
AAPL,call,Thu-0DTE,market,75.0,6,10:00,300,66.667,130.0,False
AAPL,call,Thu-0DTE,market,75.0,7,10:30,300,62.333,105.0,False
AAPL,call,Thu-0DTE,market,75.0,8,13:00,300,55.0,65.0,False
AAPL,call,Thu-0DTE,market,75.0,9,13:30,300,47.333,75.0,False
AAPL,call,Thu-0DTE,market,75.0,10,14:30,300,46.0,25.0,False
AAPL,call,Thu-0DTE,market,75.0,11,14:00,300,45.333,50.0,False
AAPL,call,Thu-0DTE,market,75.0,12,15:00,300,28.333,20.0,False
AAPL,call,Thu-0DTE,market,75.0,13,15:30,50,22.0,10.0,False
AAPL,call,Thu-0DTE,market,100.0,1,09:30,250,68.8,155.0,False
AAPL,call,Thu-0DTE,market,100.0,2,11:30,300,67.333,50.0,False
AAPL,call,Thu-0DTE,market,100.0,3,11:00,300,67.333,70.0,False
AAPL,call,Thu-0DTE,market,100.0,4,12:00,300,63.667,35.0,False
AAPL,call,Thu-0DTE,market,100.0,5,10:00,300,60.0,140.0,False
AAPL,call,Thu-0DTE,market,100.0,6,12:30,300,59.667,45.0,False
AAPL,call,Thu-0DTE,market,100.0,7,10:30,300,57.667,110.0,False
AAPL,call,Thu-0DTE,market,100.0,8,13:00,300,48.667,75.0,False
AAPL,call,Thu-0DTE,market,100.0,9,14:30,300,44.0,25.0,False
AAPL,call,Thu-0DTE,market,100.0,10,14:00,300,43.333,55.0,False
AAPL,call,Thu-0DTE,market,100.0,11,13:30,300,40.333,80.0,False
AAPL,call,Thu-0DTE,market,100.0,12,15:00,300,24.333,15.0,False
AAPL,call,Thu-0DTE,market,100.0,13,15:30,50,18.0,10.0,False
AAPL,put,Thu-0DTE,mid,30.0,1,09:30,250,89.6,40.0,False
AAPL,put,Thu-0DTE,mid,30.0,2,10:00,300,84.0,25.0,False
AAPL,put,Thu-0DTE,mid,30.0,3,10:30,300,77.667,25.0,False
AAPL,put,Thu-0DTE,mid,30.0,4,11:00,300,67.333,15.0,False
AAPL,put,Thu-0DTE,mid,30.0,5,11:30,300,59.0,20.0,False
AAPL,put,Thu-0DTE,mid,30.0,6,13:30,300,53.667,15.0,False
AAPL,put,Thu-0DTE,mid,30.0,7,13:00,300,52.333,30.0,False
AAPL,put,Thu-0DTE,mid,30.0,8,12:30,300,51.667,20.0,False
AAPL,put,Thu-0DTE,mid,30.0,9,12:00,300,45.0,20.0,False
AAPL,put,Thu-0DTE,mid,30.0,10,14:00,300,39.333,15.0,False
AAPL,put,Thu-0DTE,mid,30.0,11,15:00,300,22.0,15.0,False
AAPL,put,Thu-0DTE,mid,30.0,12,14:30,300,15.667,10.0,False
AAPL,put,Thu-0DTE,mid,30.0,13,15:30,50,14.0,5.0,False
AAPL,put,Thu-0DTE,mid,50.0,1,09:30,250,81.2,50.0,False
AAPL,put,Thu-0DTE,mid,50.0,2,10:00,300,77.0,25.0,False
AAPL,put,Thu-0DTE,mid,50.0,3,10:30,300,66.333,25.0,False
AAPL,put,Thu-0DTE,mid,50.0,4,11:00,300,56.0,20.0,False
AAPL,put,Thu-0DTE,mid,50.0,5,11:30,300,45.0,25.0,False
AAPL,put,Thu-0DTE,mid,50.0,6,13:30,300,44.667,20.0,False
AAPL,put,Thu-0DTE,mid,50.0,7,13:00,300,44.0,37.5,False
AAPL,put,Thu-0DTE,mid,50.0,8,12:30,300,42.0,20.0,False
AAPL,put,Thu-0DTE,mid,50.0,9,12:00,300,36.0,25.0,False
AAPL,put,Thu-0DTE,mid,50.0,10,14:00,300,31.333,15.0,False
AAPL,put,Thu-0DTE,mid,50.0,11,15:00,300,18.0,15.0,False
AAPL,put,Thu-0DTE,mid,50.0,12,14:30,300,11.333,10.0,False
AAPL,put,Thu-0DTE,mid,50.0,13,15:30,50,10.0,10.0,False
AAPL,put,Thu-0DTE,mid,75.0,1,09:30,250,70.0,60.0,False
AAPL,put,Thu-0DTE,mid,75.0,2,10:00,300,68.667,37.5,False
AAPL,put,Thu-0DTE,mid,75.0,3,10:30,300,57.0,30.0,False
AAPL,put,Thu-0DTE,mid,75.0,4,11:00,300,46.667,20.0,False
AAPL,put,Thu-0DTE,mid,75.0,5,13:30,300,38.333,25.0,False
AAPL,put,Thu-0DTE,mid,75.0,6,13:00,300,37.667,40.0,False
AAPL,put,Thu-0DTE,mid,75.0,7,11:30,300,34.0,25.0,False
AAPL,put,Thu-0DTE,mid,75.0,8,12:30,300,33.0,25.0,False
AAPL,put,Thu-0DTE,mid,75.0,9,12:00,300,30.667,30.0,False
AAPL,put,Thu-0DTE,mid,75.0,10,14:00,300,25.333,20.0,False
AAPL,put,Thu-0DTE,mid,75.0,11,15:00,300,14.667,15.0,False
AAPL,put,Thu-0DTE,mid,75.0,12,14:30,300,9.333,15.0,False
AAPL,put,Thu-0DTE,mid,75.0,13,15:30,50,8.0,15.0,False
AAPL,put,Thu-0DTE,mid,100.0,1,10:00,300,62.333,40.0,False
AAPL,put,Thu-0DTE,mid,100.0,2,09:30,250,62.0,65.0,False
AAPL,put,Thu-0DTE,mid,100.0,3,10:30,300,51.0,35.0,False
AAPL,put,Thu-0DTE,mid,100.0,4,11:00,300,39.0,25.0,False
AAPL,put,Thu-0DTE,mid,100.0,5,13:30,300,34.0,35.0,False
AAPL,put,Thu-0DTE,mid,100.0,6,13:00,300,33.333,50.0,False
AAPL,put,Thu-0DTE,mid,100.0,7,12:30,300,30.333,30.0,False
AAPL,put,Thu-0DTE,mid,100.0,8,11:30,300,27.333,30.0,False
AAPL,put,Thu-0DTE,mid,100.0,9,12:00,300,27.0,35.0,False
AAPL,put,Thu-0DTE,mid,100.0,10,14:00,300,23.0,20.0,False
AAPL,put,Thu-0DTE,mid,100.0,11,15:00,300,11.333,15.0,False
AAPL,put,Thu-0DTE,mid,100.0,12,15:30,50,8.0,25.0,False
AAPL,put,Thu-0DTE,mid,100.0,13,14:30,300,7.0,15.0,False
AAPL,put,Thu-0DTE,market,30.0,1,09:30,250,88.0,40.0,False
AAPL,put,Thu-0DTE,market,30.0,2,10:00,300,81.667,25.0,False
AAPL,put,Thu-0DTE,market,30.0,3,10:30,300,75.333,25.0,False
AAPL,put,Thu-0DTE,market,30.0,4,11:00,300,63.667,15.0,False
AAPL,put,Thu-0DTE,market,30.0,5,11:30,300,54.667,25.0,False
AAPL,put,Thu-0DTE,market,30.0,6,13:30,300,52.333,20.0,False
AAPL,put,Thu-0DTE,market,30.0,7,13:00,300,51.0,35.0,False
AAPL,put,Thu-0DTE,market,30.0,8,12:30,300,48.667,20.0,False
AAPL,put,Thu-0DTE,market,30.0,9,12:00,300,43.0,20.0,False
AAPL,put,Thu-0DTE,market,30.0,10,14:00,300,37.333,15.0,False
AAPL,put,Thu-0DTE,market,30.0,11,15:00,300,21.0,10.0,False
AAPL,put,Thu-0DTE,market,30.0,12,14:30,300,14.333,10.0,False
AAPL,put,Thu-0DTE,market,30.0,13,15:30,50,14.0,5.0,False
AAPL,put,Thu-0DTE,market,50.0,1,09:30,250,78.4,50.0,False
AAPL,put,Thu-0DTE,market,50.0,2,10:00,300,75.667,30.0,False
AAPL,put,Thu-0DTE,market,50.0,3,10:30,300,64.0,30.0,False
AAPL,put,Thu-0DTE,market,50.0,4,11:00,300,53.0,20.0,False
AAPL,put,Thu-0DTE,market,50.0,5,13:30,300,43.333,25.0,False
AAPL,put,Thu-0DTE,market,50.0,6,11:30,300,42.333,25.0,False
AAPL,put,Thu-0DTE,market,50.0,7,13:00,300,41.0,35.0,False
AAPL,put,Thu-0DTE,market,50.0,8,12:30,300,39.333,22.5,False
AAPL,put,Thu-0DTE,market,50.0,9,12:00,300,35.333,25.0,False
AAPL,put,Thu-0DTE,market,50.0,10,14:00,300,30.333,20.0,False
AAPL,put,Thu-0DTE,market,50.0,11,15:00,300,17.667,15.0,False
AAPL,put,Thu-0DTE,market,50.0,12,14:30,300,10.333,10.0,False
AAPL,put,Thu-0DTE,market,50.0,13,15:30,50,8.0,12.5,False
AAPL,put,Thu-0DTE,market,75.0,1,09:30,250,67.6,65.0,False
AAPL,put,Thu-0DTE,market,75.0,2,10:00,300,66.667,40.0,False
AAPL,put,Thu-0DTE,market,75.0,3,10:30,300,55.667,35.0,False
AAPL,put,Thu-0DTE,market,75.0,4,11:00,300,43.667,25.0,False
AAPL,put,Thu-0DTE,market,75.0,5,13:30,300,38.0,27.5,False
AAPL,put,Thu-0DTE,market,75.0,6,13:00,300,36.333,45.0,False
AAPL,put,Thu-0DTE,market,75.0,7,12:30,300,32.0,25.0,False
AAPL,put,Thu-0DTE,market,75.0,8,11:30,300,31.667,30.0,False
AAPL,put,Thu-0DTE,market,75.0,9,12:00,300,29.667,30.0,False
AAPL,put,Thu-0DTE,market,75.0,10,14:00,300,24.667,20.0,False
AAPL,put,Thu-0DTE,market,75.0,11,15:00,300,13.0,15.0,False
AAPL,put,Thu-0DTE,market,75.0,12,14:30,300,9.0,15.0,False
AAPL,put,Thu-0DTE,market,75.0,13,15:30,50,8.0,15.0,False
AAPL,put,Thu-0DTE,market,100.0,1,10:00,300,61.333,45.0,False
AAPL,put,Thu-0DTE,market,100.0,2,09:30,250,59.6,65.0,False
AAPL,put,Thu-0DTE,market,100.0,3,10:30,300,48.667,35.0,False
AAPL,put,Thu-0DTE,market,100.0,4,11:00,300,37.667,30.0,False
AAPL,put,Thu-0DTE,market,100.0,5,13:30,300,33.0,35.0,False
AAPL,put,Thu-0DTE,market,100.0,6,13:00,300,32.667,50.0,False
AAPL,put,Thu-0DTE,market,100.0,7,12:30,300,28.333,25.0,False
AAPL,put,Thu-0DTE,market,100.0,8,12:00,300,26.333,35.0,False
AAPL,put,Thu-0DTE,market,100.0,9,11:30,300,26.0,35.0,False
AAPL,put,Thu-0DTE,market,100.0,10,14:00,300,22.0,20.0,False
AAPL,put,Thu-0DTE,market,100.0,11,15:00,300,10.667,15.0,False
AAPL,put,Thu-0DTE,market,100.0,12,15:30,50,8.0,25.0,False
AAPL,put,Thu-0DTE,market,100.0,13,14:30,300,6.667,15.0,False
AAPL,call,Fri-0DTE,mid,30.0,1,09:30,250,78.0,15.0,False
AAPL,call,Fri-0DTE,mid,30.0,2,10:00,300,75.0,25.0,False
AAPL,call,Fri-0DTE,mid,30.0,3,11:00,300,73.0,25.0,False
AAPL,call,Fri-0DTE,mid,30.0,4,11:30,300,68.667,35.0,False
AAPL,call,Fri-0DTE,mid,30.0,5,10:30,300,67.333,45.0,False
AAPL,call,Fri-0DTE,mid,30.0,6,12:00,300,51.667,20.0,False
AAPL,call,Fri-0DTE,mid,30.0,7,12:30,300,46.333,25.0,False
AAPL,call,Fri-0DTE,mid,30.0,8,14:00,300,44.0,22.5,False
AAPL,call,Fri-0DTE,mid,30.0,9,13:30,300,43.667,10.0,False
AAPL,call,Fri-0DTE,mid,30.0,10,13:00,300,43.333,17.5,False
AAPL,call,Fri-0DTE,mid,30.0,11,14:30,300,39.333,15.0,False
AAPL,call,Fri-0DTE,mid,30.0,12,15:00,300,18.667,10.0,False
AAPL,call,Fri-0DTE,mid,30.0,13,15:30,50,14.0,20.0,False
AAPL,call,Fri-0DTE,mid,50.0,1,09:30,250,68.8,20.0,False
AAPL,call,Fri-0DTE,mid,50.0,2,10:00,300,64.667,30.0,False
AAPL,call,Fri-0DTE,mid,50.0,3,11:00,300,64.333,30.0,False
AAPL,call,Fri-0DTE,mid,50.0,4,11:30,300,52.333,50.0,False
AAPL,call,Fri-0DTE,mid,50.0,5,10:30,300,51.667,45.0,False
AAPL,call,Fri-0DTE,mid,50.0,6,12:00,300,39.667,35.0,False
AAPL,call,Fri-0DTE,mid,50.0,7,12:30,300,37.667,30.0,False
AAPL,call,Fri-0DTE,mid,50.0,8,13:00,300,34.0,25.0,False
AAPL,call,Fri-0DTE,mid,50.0,9,13:30,300,32.333,15.0,False
AAPL,call,Fri-0DTE,mid,50.0,10,14:00,300,31.333,22.5,False
AAPL,call,Fri-0DTE,mid,50.0,11,14:30,300,28.0,15.0,False
AAPL,call,Fri-0DTE,mid,50.0,12,15:00,300,13.667,10.0,False
AAPL,call,Fri-0DTE,mid,50.0,13,15:30,50,10.0,20.0,False
AAPL,call,Fri-0DTE,mid,75.0,1,09:30,250,61.6,30.0,False
AAPL,call,Fri-0DTE,mid,75.0,2,10:00,300,54.0,40.0,False
AAPL,call,Fri-0DTE,mid,75.0,3,11:00,300,51.0,35.0,False
AAPL,call,Fri-0DTE,mid,75.0,4,11:30,300,41.667,55.0,False
AAPL,call,Fri-0DTE,mid,75.0,5,10:30,300,40.333,45.0,False
AAPL,call,Fri-0DTE,mid,75.0,6,12:00,300,33.333,35.0,False
AAPL,call,Fri-0DTE,mid,75.0,7,12:30,300,32.333,35.0,False
AAPL,call,Fri-0DTE,mid,75.0,8,13:00,300,28.0,25.0,False
AAPL,call,Fri-0DTE,mid,75.0,9,13:30,300,24.0,15.0,False
AAPL,call,Fri-0DTE,mid,75.0,10,14:30,300,21.333,15.0,False
AAPL,call,Fri-0DTE,mid,75.0,11,14:00,300,21.333,25.0,False
AAPL,call,Fri-0DTE,mid,75.0,12,15:00,300,10.667,10.0,False
AAPL,call,Fri-0DTE,mid,75.0,13,15:30,50,8.0,17.5,False
AAPL,call,Fri-0DTE,mid,100.0,1,09:30,250,56.8,42.5,False
AAPL,call,Fri-0DTE,mid,100.0,2,10:00,300,44.0,50.0,False
AAPL,call,Fri-0DTE,mid,100.0,3,11:00,300,42.333,40.0,False
AAPL,call,Fri-0DTE,mid,100.0,4,10:30,300,33.667,45.0,False
AAPL,call,Fri-0DTE,mid,100.0,5,11:30,300,33.667,55.0,False
AAPL,call,Fri-0DTE,mid,100.0,6,12:00,300,29.0,40.0,False
AAPL,call,Fri-0DTE,mid,100.0,7,12:30,300,28.0,40.0,False
AAPL,call,Fri-0DTE,mid,100.0,8,13:00,300,24.333,25.0,False
AAPL,call,Fri-0DTE,mid,100.0,9,13:30,300,20.667,15.0,False
AAPL,call,Fri-0DTE,mid,100.0,10,14:30,300,16.667,15.0,False
AAPL,call,Fri-0DTE,mid,100.0,11,14:00,300,14.667,22.5,False
AAPL,call,Fri-0DTE,mid,100.0,12,15:00,300,9.0,10.0,False
AAPL,call,Fri-0DTE,mid,100.0,13,15:30,50,6.0,20.0,False
AAPL,call,Fri-0DTE,market,30.0,1,09:30,250,75.2,15.0,False
AAPL,call,Fri-0DTE,market,30.0,2,10:00,300,71.333,25.0,False
AAPL,call,Fri-0DTE,market,30.0,3,11:00,300,70.667,25.0,False
AAPL,call,Fri-0DTE,market,30.0,4,11:30,300,63.667,40.0,False
AAPL,call,Fri-0DTE,market,30.0,5,10:30,300,63.0,55.0,False
AAPL,call,Fri-0DTE,market,30.0,6,12:00,300,49.0,25.0,False
AAPL,call,Fri-0DTE,market,30.0,7,12:30,300,44.333,25.0,False
AAPL,call,Fri-0DTE,market,30.0,8,13:00,300,42.0,20.0,False
AAPL,call,Fri-0DTE,market,30.0,9,14:00,300,39.667,30.0,False
AAPL,call,Fri-0DTE,market,30.0,10,13:30,300,39.333,15.0,False
AAPL,call,Fri-0DTE,market,30.0,11,14:30,300,34.0,20.0,False
AAPL,call,Fri-0DTE,market,30.0,12,15:00,300,17.667,10.0,False
AAPL,call,Fri-0DTE,market,30.0,13,15:30,50,14.0,20.0,False
AAPL,call,Fri-0DTE,market,50.0,1,09:30,250,67.2,20.0,False
AAPL,call,Fri-0DTE,market,50.0,2,10:00,300,61.333,30.0,False
AAPL,call,Fri-0DTE,market,50.0,3,11:00,300,60.333,30.0,False
AAPL,call,Fri-0DTE,market,50.0,4,11:30,300,47.667,45.0,False
AAPL,call,Fri-0DTE,market,50.0,5,10:30,300,47.333,45.0,False
AAPL,call,Fri-0DTE,market,50.0,6,12:00,300,38.0,35.0,False
AAPL,call,Fri-0DTE,market,50.0,7,12:30,300,35.333,30.0,False
AAPL,call,Fri-0DTE,market,50.0,8,13:00,300,32.0,25.0,False
AAPL,call,Fri-0DTE,market,50.0,9,13:30,300,29.0,15.0,False
AAPL,call,Fri-0DTE,market,50.0,10,14:00,300,29.0,25.0,False
AAPL,call,Fri-0DTE,market,50.0,11,14:30,300,26.333,15.0,False
AAPL,call,Fri-0DTE,market,50.0,12,15:00,300,13.667,10.0,False
AAPL,call,Fri-0DTE,market,50.0,13,15:30,50,10.0,20.0,False
AAPL,call,Fri-0DTE,market,75.0,1,09:30,250,60.0,35.0,False
AAPL,call,Fri-0DTE,market,75.0,2,10:00,300,50.667,42.5,False
AAPL,call,Fri-0DTE,market,75.0,3,11:00,300,49.667,35.0,False
AAPL,call,Fri-0DTE,market,75.0,4,11:30,300,38.333,55.0,False
AAPL,call,Fri-0DTE,market,75.0,5,10:30,300,37.667,45.0,False
AAPL,call,Fri-0DTE,market,75.0,6,12:00,300,31.667,40.0,False
AAPL,call,Fri-0DTE,market,75.0,7,12:30,300,30.667,35.0,False
AAPL,call,Fri-0DTE,market,75.0,8,13:00,300,26.667,25.0,False
AAPL,call,Fri-0DTE,market,75.0,9,13:30,300,23.0,15.0,False
AAPL,call,Fri-0DTE,market,75.0,10,14:30,300,20.333,15.0,False
AAPL,call,Fri-0DTE,market,75.0,11,14:00,300,19.667,30.0,False
AAPL,call,Fri-0DTE,market,75.0,12,15:00,300,10.333,10.0,False
AAPL,call,Fri-0DTE,market,75.0,13,15:30,50,8.0,17.5,False
AAPL,call,Fri-0DTE,market,100.0,1,09:30,250,54.4,42.5,False
AAPL,call,Fri-0DTE,market,100.0,2,10:00,300,43.0,55.0,False
AAPL,call,Fri-0DTE,market,100.0,3,11:00,300,40.0,40.0,False
AAPL,call,Fri-0DTE,market,100.0,4,11:30,300,31.667,60.0,False
AAPL,call,Fri-0DTE,market,100.0,5,10:30,300,31.0,45.0,False
AAPL,call,Fri-0DTE,market,100.0,6,12:00,300,29.0,40.0,False
AAPL,call,Fri-0DTE,market,100.0,7,12:30,300,26.333,40.0,False
AAPL,call,Fri-0DTE,market,100.0,8,13:00,300,23.333,25.0,False
AAPL,call,Fri-0DTE,market,100.0,9,13:30,300,18.667,17.5,False
AAPL,call,Fri-0DTE,market,100.0,10,14:30,300,14.333,15.0,False
AAPL,call,Fri-0DTE,market,100.0,11,14:00,300,14.0,22.5,False
AAPL,call,Fri-0DTE,market,100.0,12,15:00,300,7.333,10.0,False
AAPL,call,Fri-0DTE,market,100.0,13,15:30,50,6.0,25.0,False
AAPL,put,Fri-0DTE,mid,30.0,1,10:00,300,77.333,20.0,False
AAPL,put,Fri-0DTE,mid,30.0,2,10:30,300,76.0,25.0,False
AAPL,put,Fri-0DTE,mid,30.0,3,09:30,250,70.4,37.5,False
AAPL,put,Fri-0DTE,mid,30.0,4,11:00,300,70.0,25.0,False
AAPL,put,Fri-0DTE,mid,30.0,5,13:30,300,69.333,40.0,False
AAPL,put,Fri-0DTE,mid,30.0,6,14:00,300,68.333,20.0,False
AAPL,put,Fri-0DTE,mid,30.0,7,11:30,300,66.667,20.0,False
AAPL,put,Fri-0DTE,mid,30.0,8,12:30,300,65.667,35.0,False
AAPL,put,Fri-0DTE,mid,30.0,9,13:00,300,65.0,25.0,False
AAPL,put,Fri-0DTE,mid,30.0,10,14:30,300,60.667,25.0,False
AAPL,put,Fri-0DTE,mid,30.0,11,12:00,300,53.333,40.0,False
AAPL,put,Fri-0DTE,mid,30.0,12,15:00,300,46.667,15.0,False
AAPL,put,Fri-0DTE,mid,30.0,13,15:30,50,30.0,10.0,False
AAPL,put,Fri-0DTE,mid,50.0,1,10:30,300,73.333,35.0,False
AAPL,put,Fri-0DTE,mid,50.0,2,10:00,300,71.333,25.0,False
AAPL,put,Fri-0DTE,mid,50.0,3,13:30,300,64.333,50.0,False
AAPL,put,Fri-0DTE,mid,50.0,4,14:00,300,63.333,25.0,False
AAPL,put,Fri-0DTE,mid,50.0,5,11:00,300,62.0,40.0,False
AAPL,put,Fri-0DTE,mid,50.0,6,11:30,300,61.667,30.0,False
AAPL,put,Fri-0DTE,mid,50.0,7,09:30,250,61.6,45.0,False
AAPL,put,Fri-0DTE,mid,50.0,8,12:30,300,59.333,50.0,False
AAPL,put,Fri-0DTE,mid,50.0,9,13:00,300,58.667,40.0,False
AAPL,put,Fri-0DTE,mid,50.0,10,14:30,300,53.333,30.0,False
AAPL,put,Fri-0DTE,mid,50.0,11,12:00,300,49.333,52.5,False
AAPL,put,Fri-0DTE,mid,50.0,12,15:00,300,39.0,15.0,False
AAPL,put,Fri-0DTE,mid,50.0,13,15:30,50,26.0,15.0,False
AAPL,put,Fri-0DTE,mid,75.0,1,10:30,300,69.333,45.0,False
AAPL,put,Fri-0DTE,mid,75.0,2,10:00,300,64.333,50.0,False
AAPL,put,Fri-0DTE,mid,75.0,3,13:30,300,57.667,55.0,False
AAPL,put,Fri-0DTE,mid,75.0,4,14:00,300,57.0,30.0,False
AAPL,put,Fri-0DTE,mid,75.0,5,11:00,300,55.333,55.0,False
AAPL,put,Fri-0DTE,mid,75.0,6,09:30,250,54.8,65.0,False
AAPL,put,Fri-0DTE,mid,75.0,7,11:30,300,54.667,50.0,False
AAPL,put,Fri-0DTE,mid,75.0,8,12:30,300,52.333,55.0,False
AAPL,put,Fri-0DTE,mid,75.0,9,13:00,300,50.0,45.0,False
AAPL,put,Fri-0DTE,mid,75.0,10,12:00,300,45.0,60.0,False
AAPL,put,Fri-0DTE,mid,75.0,11,14:30,300,42.667,30.0,False
AAPL,put,Fri-0DTE,mid,75.0,12,15:00,300,30.333,15.0,False
AAPL,put,Fri-0DTE,mid,75.0,13,15:30,50,20.0,15.0,False
AAPL,put,Fri-0DTE,mid,100.0,1,10:30,300,63.333,50.0,False
AAPL,put,Fri-0DTE,mid,100.0,2,10:00,300,60.0,60.0,False
AAPL,put,Fri-0DTE,mid,100.0,3,09:30,250,52.4,85.0,False
AAPL,put,Fri-0DTE,mid,100.0,4,13:30,300,52.0,60.0,False
AAPL,put,Fri-0DTE,mid,100.0,5,11:00,300,52.0,80.0,False
AAPL,put,Fri-0DTE,mid,100.0,6,11:30,300,51.667,80.0,False
AAPL,put,Fri-0DTE,mid,100.0,7,14:00,300,51.333,32.5,False
AAPL,put,Fri-0DTE,mid,100.0,8,12:30,300,47.333,77.5,False
AAPL,put,Fri-0DTE,mid,100.0,9,13:00,300,46.667,70.0,False
AAPL,put,Fri-0DTE,mid,100.0,10,12:00,300,41.0,65.0,False
AAPL,put,Fri-0DTE,mid,100.0,11,14:30,300,36.0,30.0,False
AAPL,put,Fri-0DTE,mid,100.0,12,15:00,300,26.333,20.0,False
AAPL,put,Fri-0DTE,mid,100.0,13,15:30,50,16.0,15.0,False
AAPL,put,Fri-0DTE,market,30.0,1,10:00,300,76.0,25.0,False
AAPL,put,Fri-0DTE,market,30.0,2,10:30,300,75.333,30.0,False
AAPL,put,Fri-0DTE,market,30.0,3,13:30,300,68.667,40.0,False
AAPL,put,Fri-0DTE,market,30.0,4,14:00,300,68.0,20.0,False
AAPL,put,Fri-0DTE,market,30.0,5,09:30,250,68.0,40.0,False
AAPL,put,Fri-0DTE,market,30.0,6,11:00,300,67.333,30.0,False
AAPL,put,Fri-0DTE,market,30.0,7,11:30,300,64.667,25.0,False
AAPL,put,Fri-0DTE,market,30.0,8,12:30,300,64.0,45.0,False
AAPL,put,Fri-0DTE,market,30.0,9,13:00,300,63.333,35.0,False
AAPL,put,Fri-0DTE,market,30.0,10,14:30,300,58.667,25.0,False
AAPL,put,Fri-0DTE,market,30.0,11,12:00,300,51.667,40.0,False
AAPL,put,Fri-0DTE,market,30.0,12,15:00,300,45.0,15.0,False
AAPL,put,Fri-0DTE,market,30.0,13,15:30,50,26.0,10.0,False
AAPL,put,Fri-0DTE,market,50.0,1,10:30,300,73.0,35.0,False
AAPL,put,Fri-0DTE,market,50.0,2,10:00,300,70.667,32.5,False
AAPL,put,Fri-0DTE,market,50.0,3,13:30,300,62.333,50.0,False
AAPL,put,Fri-0DTE,market,50.0,4,14:00,300,62.0,30.0,False
AAPL,put,Fri-0DTE,market,50.0,5,09:30,250,60.0,47.5,False
AAPL,put,Fri-0DTE,market,50.0,6,11:30,300,59.667,30.0,False
AAPL,put,Fri-0DTE,market,50.0,7,11:00,300,59.667,45.0,False
AAPL,put,Fri-0DTE,market,50.0,8,12:30,300,56.667,50.0,False
AAPL,put,Fri-0DTE,market,50.0,9,13:00,300,55.667,40.0,False
AAPL,put,Fri-0DTE,market,50.0,10,14:30,300,49.333,30.0,False
AAPL,put,Fri-0DTE,market,50.0,11,12:00,300,47.333,55.0,False
AAPL,put,Fri-0DTE,market,50.0,12,15:00,300,36.667,17.5,False
AAPL,put,Fri-0DTE,market,50.0,13,15:30,50,20.0,12.5,False
AAPL,put,Fri-0DTE,market,75.0,1,10:30,300,67.667,50.0,False
AAPL,put,Fri-0DTE,market,75.0,2,10:00,300,63.333,50.0,False
AAPL,put,Fri-0DTE,market,75.0,3,13:30,300,55.667,55.0,False
AAPL,put,Fri-0DTE,market,75.0,4,09:30,250,54.8,80.0,False
AAPL,put,Fri-0DTE,market,75.0,5,14:00,300,54.667,30.0,False
AAPL,put,Fri-0DTE,market,75.0,6,11:30,300,54.333,60.0,False
AAPL,put,Fri-0DTE,market,75.0,7,11:00,300,52.667,62.5,False
AAPL,put,Fri-0DTE,market,75.0,8,12:30,300,51.333,57.5,False
AAPL,put,Fri-0DTE,market,75.0,9,13:00,300,49.667,55.0,False
AAPL,put,Fri-0DTE,market,75.0,10,12:00,300,43.333,62.5,False
AAPL,put,Fri-0DTE,market,75.0,11,14:30,300,41.667,35.0,False
AAPL,put,Fri-0DTE,market,75.0,12,15:00,300,29.333,15.0,False
AAPL,put,Fri-0DTE,market,75.0,13,15:30,50,18.0,15.0,False
AAPL,put,Fri-0DTE,market,100.0,1,10:30,300,62.667,57.5,False
AAPL,put,Fri-0DTE,market,100.0,2,10:00,300,57.667,60.0,False
AAPL,put,Fri-0DTE,market,100.0,3,09:30,250,52.4,85.0,False
AAPL,put,Fri-0DTE,market,100.0,4,11:00,300,50.0,87.5,False
AAPL,put,Fri-0DTE,market,100.0,5,13:30,300,49.667,60.0,False
AAPL,put,Fri-0DTE,market,100.0,6,14:00,300,49.0,30.0,False
AAPL,put,Fri-0DTE,market,100.0,7,11:30,300,49.0,80.0,False
AAPL,put,Fri-0DTE,market,100.0,8,12:30,300,46.333,80.0,False
AAPL,put,Fri-0DTE,market,100.0,9,13:00,300,45.0,70.0,False
AAPL,put,Fri-0DTE,market,100.0,10,12:00,300,40.0,75.0,False
AAPL,put,Fri-0DTE,market,100.0,11,14:30,300,34.0,30.0,False
AAPL,put,Fri-0DTE,market,100.0,12,15:00,300,25.333,20.0,False
AAPL,put,Fri-0DTE,market,100.0,13,15:30,50,16.0,15.0,False
MSFT,call,Mon-0DTE,mid,30.0,1,10:00,300,77.333,25.0,False
MSFT,call,Mon-0DTE,mid,30.0,2,10:30,300,75.333,20.0,False
MSFT,call,Mon-0DTE,mid,30.0,3,11:30,300,73.667,20.0,False
MSFT,call,Mon-0DTE,mid,30.0,4,11:00,300,72.333,15.0,False
MSFT,call,Mon-0DTE,mid,30.0,5,12:30,300,69.333,15.0,False
MSFT,call,Mon-0DTE,mid,30.0,6,12:00,300,67.667,15.0,False
MSFT,call,Mon-0DTE,mid,30.0,7,09:30,250,64.4,10.0,False
MSFT,call,Mon-0DTE,mid,30.0,8,13:00,300,59.333,15.0,False
MSFT,call,Mon-0DTE,mid,30.0,9,13:30,300,54.0,15.0,False
MSFT,call,Mon-0DTE,mid,30.0,10,14:00,300,47.333,10.0,False
MSFT,call,Mon-0DTE,mid,30.0,11,14:30,300,32.667,10.0,False
MSFT,call,Mon-0DTE,mid,30.0,12,15:00,300,21.0,10.0,False
MSFT,call,Mon-0DTE,mid,30.0,13,15:30,50,16.0,5.0,False
MSFT,call,Mon-0DTE,mid,50.0,1,10:00,300,71.333,35.0,False
MSFT,call,Mon-0DTE,mid,50.0,2,10:30,300,68.333,25.0,False
MSFT,call,Mon-0DTE,mid,50.0,3,11:30,300,67.0,25.0,False
MSFT,call,Mon-0DTE,mid,50.0,4,11:00,300,66.0,20.0,False
MSFT,call,Mon-0DTE,mid,50.0,5,12:30,300,63.333,15.0,False
MSFT,call,Mon-0DTE,mid,50.0,6,12:00,300,60.333,20.0,False
MSFT,call,Mon-0DTE,mid,50.0,7,09:30,250,58.4,30.0,False
MSFT,call,Mon-0DTE,mid,50.0,8,13:00,300,54.0,15.0,False
MSFT,call,Mon-0DTE,mid,50.0,9,13:30,300,48.0,15.0,False
MSFT,call,Mon-0DTE,mid,50.0,10,14:00,300,39.333,17.5,False
MSFT,call,Mon-0DTE,mid,50.0,11,14:30,300,27.333,15.0,False
MSFT,call,Mon-0DTE,mid,50.0,12,15:00,300,17.667,10.0,False
MSFT,call,Mon-0DTE,mid,50.0,13,15:30,50,14.0,5.0,False
MSFT,call,Mon-0DTE,mid,75.0,1,10:30,300,62.667,35.0,False
MSFT,call,Mon-0DTE,mid,75.0,2,10:00,300,62.0,50.0,False
MSFT,call,Mon-0DTE,mid,75.0,3,11:30,300,61.0,35.0,False
MSFT,call,Mon-0DTE,mid,75.0,4,11:00,300,57.0,45.0,False
MSFT,call,Mon-0DTE,mid,75.0,5,12:30,300,54.333,20.0,False
MSFT,call,Mon-0DTE,mid,75.0,6,09:30,250,52.8,50.0,False
MSFT,call,Mon-0DTE,mid,75.0,7,12:00,300,52.667,25.0,False
MSFT,call,Mon-0DTE,mid,75.0,8,13:00,300,49.0,20.0,False
MSFT,call,Mon-0DTE,mid,75.0,9,13:30,300,38.0,20.0,False
MSFT,call,Mon-0DTE,mid,75.0,10,14:00,300,31.333,27.5,False
MSFT,call,Mon-0DTE,mid,75.0,11,14:30,300,21.667,15.0,False
MSFT,call,Mon-0DTE,mid,75.0,12,15:00,300,14.667,10.0,False
MSFT,call,Mon-0DTE,mid,75.0,13,15:30,50,10.0,10.0,False
MSFT,call,Mon-0DTE,mid,100.0,1,10:30,300,58.667,40.0,False
MSFT,call,Mon-0DTE,mid,100.0,2,11:30,300,56.0,45.0,False
MSFT,call,Mon-0DTE,mid,100.0,3,10:00,300,54.667,60.0,False
MSFT,call,Mon-0DTE,mid,100.0,4,11:00,300,50.333,65.0,False
MSFT,call,Mon-0DTE,mid,100.0,5,12:30,300,48.333,20.0,False
MSFT,call,Mon-0DTE,mid,100.0,6,09:30,250,48.0,60.0,False
MSFT,call,Mon-0DTE,mid,100.0,7,12:00,300,47.667,35.0,False
MSFT,call,Mon-0DTE,mid,100.0,8,13:00,300,39.667,20.0,False
MSFT,call,Mon-0DTE,mid,100.0,9,13:30,300,30.333,20.0,False
MSFT,call,Mon-0DTE,mid,100.0,10,14:00,300,25.667,30.0,False
MSFT,call,Mon-0DTE,mid,100.0,11,14:30,300,17.667,15.0,False
MSFT,call,Mon-0DTE,mid,100.0,12,15:00,300,13.333,15.0,False
MSFT,call,Mon-0DTE,mid,100.0,13,15:30,50,10.0,10.0,False
MSFT,call,Mon-0DTE,market,30.0,1,10:00,300,76.333,30.0,False
MSFT,call,Mon-0DTE,market,30.0,2,10:30,300,72.333,20.0,False
MSFT,call,Mon-0DTE,market,30.0,3,11:30,300,71.0,20.0,False
MSFT,call,Mon-0DTE,market,30.0,4,11:00,300,70.667,15.0,False
MSFT,call,Mon-0DTE,market,30.0,5,12:30,300,67.333,15.0,False
MSFT,call,Mon-0DTE,market,30.0,6,12:00,300,65.667,15.0,False
MSFT,call,Mon-0DTE,market,30.0,7,09:30,250,63.2,15.0,False
MSFT,call,Mon-0DTE,market,30.0,8,13:00,300,58.0,15.0,False
MSFT,call,Mon-0DTE,market,30.0,9,13:30,300,53.0,15.0,False
MSFT,call,Mon-0DTE,market,30.0,10,14:00,300,45.333,15.0,False
MSFT,call,Mon-0DTE,market,30.0,11,14:30,300,31.0,10.0,False
MSFT,call,Mon-0DTE,market,30.0,12,15:00,300,19.667,10.0,False
MSFT,call,Mon-0DTE,market,30.0,13,15:30,50,14.0,5.0,False
MSFT,call,Mon-0DTE,market,50.0,1,10:00,300,68.0,40.0,False
MSFT,call,Mon-0DTE,market,50.0,2,10:30,300,67.333,30.0,False
MSFT,call,Mon-0DTE,market,50.0,3,11:30,300,65.0,30.0,False
MSFT,call,Mon-0DTE,market,50.0,4,11:00,300,64.0,25.0,False
MSFT,call,Mon-0DTE,market,50.0,5,12:30,300,61.667,20.0,False
MSFT,call,Mon-0DTE,market,50.0,6,12:00,300,58.667,20.0,False
MSFT,call,Mon-0DTE,market,50.0,7,09:30,250,56.0,37.5,False
MSFT,call,Mon-0DTE,market,50.0,8,13:00,300,53.0,15.0,False
MSFT,call,Mon-0DTE,market,50.0,9,13:30,300,45.0,15.0,False
MSFT,call,Mon-0DTE,market,50.0,10,14:00,300,37.333,20.0,False
MSFT,call,Mon-0DTE,market,50.0,11,14:30,300,25.0,15.0,False
MSFT,call,Mon-0DTE,market,50.0,12,15:00,300,17.0,10.0,False
MSFT,call,Mon-0DTE,market,50.0,13,15:30,50,14.0,5.0,False
MSFT,call,Mon-0DTE,market,75.0,1,10:30,300,61.0,35.0,False
MSFT,call,Mon-0DTE,market,75.0,2,10:00,300,61.0,55.0,False
MSFT,call,Mon-0DTE,market,75.0,3,11:30,300,59.333,37.5,False
MSFT,call,Mon-0DTE,market,75.0,4,11:00,300,55.667,55.0,False
MSFT,call,Mon-0DTE,market,75.0,5,12:00,300,51.0,25.0,False
MSFT,call,Mon-0DTE,market,75.0,6,12:30,300,50.667,20.0,False
MSFT,call,Mon-0DTE,market,75.0,7,09:30,250,50.4,50.0,False
MSFT,call,Mon-0DTE,market,75.0,8,13:00,300,43.0,20.0,False
MSFT,call,Mon-0DTE,market,75.0,9,13:30,300,36.667,20.0,False
MSFT,call,Mon-0DTE,market,75.0,10,14:00,300,29.333,25.0,False
MSFT,call,Mon-0DTE,market,75.0,11,14:30,300,21.333,20.0,False
MSFT,call,Mon-0DTE,market,75.0,12,15:00,300,14.333,10.0,False
MSFT,call,Mon-0DTE,market,75.0,13,15:30,50,10.0,10.0,False
MSFT,call,Mon-0DTE,market,100.0,1,10:30,300,56.667,45.0,False
MSFT,call,Mon-0DTE,market,100.0,2,11:30,300,54.333,45.0,False
MSFT,call,Mon-0DTE,market,100.0,3,10:00,300,53.0,60.0,False
MSFT,call,Mon-0DTE,market,100.0,4,11:00,300,49.333,60.0,False
MSFT,call,Mon-0DTE,market,100.0,5,12:30,300,46.667,20.0,False
MSFT,call,Mon-0DTE,market,100.0,6,12:00,300,46.333,35.0,False
MSFT,call,Mon-0DTE,market,100.0,7,09:30,250,46.0,60.0,False
MSFT,call,Mon-0DTE,market,100.0,8,13:00,300,37.667,25.0,False
MSFT,call,Mon-0DTE,market,100.0,9,13:30,300,28.667,20.0,False
MSFT,call,Mon-0DTE,market,100.0,10,14:00,300,24.333,35.0,False
MSFT,call,Mon-0DTE,market,100.0,11,14:30,300,17.0,15.0,False
MSFT,call,Mon-0DTE,market,100.0,12,15:00,300,11.667,15.0,False
MSFT,call,Mon-0DTE,market,100.0,13,15:30,50,10.0,10.0,False
MSFT,put,Mon-0DTE,mid,30.0,1,09:30,250,98.4,20.0,False
MSFT,put,Mon-0DTE,mid,30.0,2,10:00,300,94.667,15.0,False
MSFT,put,Mon-0DTE,mid,30.0,3,14:00,300,85.667,25.0,False
MSFT,put,Mon-0DTE,mid,30.0,4,13:30,300,83.667,20.0,False
MSFT,put,Mon-0DTE,mid,30.0,5,12:00,300,82.667,25.0,False
MSFT,put,Mon-0DTE,mid,30.0,6,11:00,300,82.333,30.0,False
MSFT,put,Mon-0DTE,mid,30.0,7,11:30,300,79.333,32.5,False
MSFT,put,Mon-0DTE,mid,30.0,8,13:00,300,79.0,15.0,False
MSFT,put,Mon-0DTE,mid,30.0,9,10:30,300,78.667,30.0,False
MSFT,put,Mon-0DTE,mid,30.0,10,14:30,300,74.333,30.0,False
MSFT,put,Mon-0DTE,mid,30.0,11,12:30,300,74.0,20.0,False
MSFT,put,Mon-0DTE,mid,30.0,12,15:00,300,60.667,15.0,False
MSFT,put,Mon-0DTE,mid,30.0,13,15:30,50,46.0,15.0,False
MSFT,put,Mon-0DTE,mid,50.0,1,09:30,250,95.2,30.0,False
MSFT,put,Mon-0DTE,mid,50.0,2,10:00,300,91.333,30.0,False
MSFT,put,Mon-0DTE,mid,50.0,3,14:00,300,79.333,30.0,False
MSFT,put,Mon-0DTE,mid,50.0,4,13:30,300,77.667,30.0,False
MSFT,put,Mon-0DTE,mid,50.0,5,11:00,300,75.0,55.0,False
MSFT,put,Mon-0DTE,mid,50.0,6,10:30,300,73.667,50.0,False
MSFT,put,Mon-0DTE,mid,50.0,7,13:00,300,72.333,20.0,False
MSFT,put,Mon-0DTE,mid,50.0,8,11:30,300,72.333,45.0,False
MSFT,put,Mon-0DTE,mid,50.0,9,12:00,300,70.667,32.5,False
MSFT,put,Mon-0DTE,mid,50.0,10,12:30,300,67.333,30.0,False
MSFT,put,Mon-0DTE,mid,50.0,11,14:30,300,63.0,30.0,False
MSFT,put,Mon-0DTE,mid,50.0,12,15:00,300,50.0,15.0,False
MSFT,put,Mon-0DTE,mid,50.0,13,15:30,50,32.0,15.0,False
MSFT,put,Mon-0DTE,mid,75.0,1,09:30,250,91.6,40.0,False
MSFT,put,Mon-0DTE,mid,75.0,2,10:00,300,84.667,45.0,False
MSFT,put,Mon-0DTE,mid,75.0,3,13:30,300,69.0,40.0,False
MSFT,put,Mon-0DTE,mid,75.0,4,13:00,300,68.0,27.5,False
MSFT,put,Mon-0DTE,mid,75.0,5,11:00,300,68.0,82.5,False
MSFT,put,Mon-0DTE,mid,75.0,6,10:30,300,67.333,75.0,False
MSFT,put,Mon-0DTE,mid,75.0,7,14:00,300,66.667,40.0,False
MSFT,put,Mon-0DTE,mid,75.0,8,11:30,300,64.333,55.0,False
MSFT,put,Mon-0DTE,mid,75.0,9,12:00,300,64.0,35.0,False
MSFT,put,Mon-0DTE,mid,75.0,10,12:30,300,63.333,40.0,False
MSFT,put,Mon-0DTE,mid,75.0,11,14:30,300,53.667,35.0,False
MSFT,put,Mon-0DTE,mid,75.0,12,15:00,300,41.0,20.0,False
MSFT,put,Mon-0DTE,mid,75.0,13,15:30,50,28.0,15.0,False
MSFT,put,Mon-0DTE,mid,100.0,1,09:30,250,84.0,47.5,False
MSFT,put,Mon-0DTE,mid,100.0,2,10:00,300,78.0,75.0,False
MSFT,put,Mon-0DTE,mid,100.0,3,13:00,300,64.0,40.0,False
MSFT,put,Mon-0DTE,mid,100.0,4,13:30,300,62.667,45.0,False
MSFT,put,Mon-0DTE,mid,100.0,5,10:30,300,62.667,125.0,False
MSFT,put,Mon-0DTE,mid,100.0,6,11:00,300,62.0,85.0,False
MSFT,put,Mon-0DTE,mid,100.0,7,11:30,300,60.0,65.0,False
MSFT,put,Mon-0DTE,mid,100.0,8,12:30,300,59.333,50.0,False
MSFT,put,Mon-0DTE,mid,100.0,9,12:00,300,59.0,45.0,False
MSFT,put,Mon-0DTE,mid,100.0,10,14:00,300,58.0,45.0,False
MSFT,put,Mon-0DTE,mid,100.0,11,14:30,300,45.667,40.0,False
MSFT,put,Mon-0DTE,mid,100.0,12,15:00,300,36.0,20.0,False
MSFT,put,Mon-0DTE,mid,100.0,13,15:30,50,20.0,15.0,False
MSFT,put,Mon-0DTE,market,30.0,1,09:30,250,97.2,25.0,False
MSFT,put,Mon-0DTE,market,30.0,2,10:00,300,93.667,20.0,False
MSFT,put,Mon-0DTE,market,30.0,3,14:00,300,83.667,25.0,False
MSFT,put,Mon-0DTE,market,30.0,4,13:30,300,81.333,25.0,False
MSFT,put,Mon-0DTE,market,30.0,5,11:00,300,81.0,35.0,False
MSFT,put,Mon-0DTE,market,30.0,6,12:00,300,79.667,25.0,False
MSFT,put,Mon-0DTE,market,30.0,7,11:30,300,77.667,40.0,False
MSFT,put,Mon-0DTE,market,30.0,8,13:00,300,77.333,15.0,False
MSFT,put,Mon-0DTE,market,30.0,9,10:30,300,77.333,35.0,False
MSFT,put,Mon-0DTE,market,30.0,10,12:30,300,72.0,20.0,False
MSFT,put,Mon-0DTE,market,30.0,11,14:30,300,70.333,30.0,False
MSFT,put,Mon-0DTE,market,30.0,12,15:00,300,56.667,15.0,False
MSFT,put,Mon-0DTE,market,30.0,13,15:30,50,38.0,15.0,False
MSFT,put,Mon-0DTE,market,50.0,1,09:30,250,95.2,30.0,False
MSFT,put,Mon-0DTE,market,50.0,2,10:00,300,88.0,35.0,False
MSFT,put,Mon-0DTE,market,50.0,3,14:00,300,76.0,35.0,False
MSFT,put,Mon-0DTE,market,50.0,4,13:30,300,74.0,30.0,False
MSFT,put,Mon-0DTE,market,50.0,5,10:30,300,73.333,57.5,False
MSFT,put,Mon-0DTE,market,50.0,6,11:00,300,72.0,70.0,False
MSFT,put,Mon-0DTE,market,50.0,7,11:30,300,70.667,45.0,False
MSFT,put,Mon-0DTE,market,50.0,8,13:00,300,70.333,25.0,False
MSFT,put,Mon-0DTE,market,50.0,9,12:00,300,70.333,35.0,False
MSFT,put,Mon-0DTE,market,50.0,10,12:30,300,65.667,30.0,False
MSFT,put,Mon-0DTE,market,50.0,11,14:30,300,60.667,35.0,False
MSFT,put,Mon-0DTE,market,50.0,12,15:00,300,47.0,15.0,False
MSFT,put,Mon-0DTE,market,50.0,13,15:30,50,28.0,15.0,False
MSFT,put,Mon-0DTE,market,75.0,1,09:30,250,90.0,45.0,False
MSFT,put,Mon-0DTE,market,75.0,2,10:00,300,82.0,55.0,False
MSFT,put,Mon-0DTE,market,75.0,3,13:00,300,67.333,32.5,False
MSFT,put,Mon-0DTE,market,75.0,4,13:30,300,66.333,40.0,False
MSFT,put,Mon-0DTE,market,75.0,5,10:30,300,66.0,77.5,False
MSFT,put,Mon-0DTE,market,75.0,6,11:00,300,66.0,85.0,False
MSFT,put,Mon-0DTE,market,75.0,7,14:00,300,63.667,40.0,False
MSFT,put,Mon-0DTE,market,75.0,8,12:00,300,62.667,35.0,False
MSFT,put,Mon-0DTE,market,75.0,9,12:30,300,62.667,42.5,False
MSFT,put,Mon-0DTE,market,75.0,10,11:30,300,62.667,55.0,False
MSFT,put,Mon-0DTE,market,75.0,11,14:30,300,51.333,40.0,False
MSFT,put,Mon-0DTE,market,75.0,12,15:00,300,39.0,20.0,False
MSFT,put,Mon-0DTE,market,75.0,13,15:30,50,24.0,15.0,False
MSFT,put,Mon-0DTE,market,100.0,1,09:30,250,81.6,50.0,False
MSFT,put,Mon-0DTE,market,100.0,2,10:00,300,75.667,80.0,False
MSFT,put,Mon-0DTE,market,100.0,3,13:00,300,63.333,40.0,False
MSFT,put,Mon-0DTE,market,100.0,4,11:00,300,61.0,90.0,False
MSFT,put,Mon-0DTE,market,100.0,5,13:30,300,60.333,45.0,False
MSFT,put,Mon-0DTE,market,100.0,6,10:30,300,60.0,125.0,False
MSFT,put,Mon-0DTE,market,100.0,7,12:30,300,59.0,55.0,False
MSFT,put,Mon-0DTE,market,100.0,8,11:30,300,58.0,65.0,False
MSFT,put,Mon-0DTE,market,100.0,9,12:00,300,57.667,45.0,False
MSFT,put,Mon-0DTE,market,100.0,10,14:00,300,56.667,45.0,False
MSFT,put,Mon-0DTE,market,100.0,11,14:30,300,44.333,40.0,False
MSFT,put,Mon-0DTE,market,100.0,12,15:00,300,34.0,20.0,False
MSFT,put,Mon-0DTE,market,100.0,13,15:30,50,20.0,15.0,False
MSFT,call,Tue->Wed,mid,30.0,1,09:30,250,87.2,35.0,False
MSFT,call,Tue->Wed,mid,30.0,2,12:00,300,75.333,25.0,False
MSFT,call,Tue->Wed,mid,30.0,3,10:00,300,74.333,30.0,False
MSFT,call,Tue->Wed,mid,30.0,4,11:00,300,69.0,50.0,False
MSFT,call,Tue->Wed,mid,30.0,5,12:30,300,68.0,50.0,False
MSFT,call,Tue->Wed,mid,30.0,6,10:30,300,64.0,25.0,False
MSFT,call,Tue->Wed,mid,30.0,7,11:30,300,63.333,40.0,False
MSFT,call,Tue->Wed,mid,30.0,8,13:00,300,62.0,35.0,False
MSFT,call,Tue->Wed,mid,30.0,9,14:00,300,56.667,35.0,False
MSFT,call,Tue->Wed,mid,30.0,10,13:30,300,48.667,25.0,False
MSFT,call,Tue->Wed,mid,30.0,11,14:30,300,48.0,15.0,False
MSFT,call,Tue->Wed,mid,30.0,12,15:30,50,40.0,17.5,False
MSFT,call,Tue->Wed,mid,30.0,13,15:00,300,39.667,30.0,False
MSFT,call,Tue->Wed,mid,50.0,1,09:30,250,80.4,65.0,False
MSFT,call,Tue->Wed,mid,50.0,2,12:00,300,64.0,65.0,False
MSFT,call,Tue->Wed,mid,50.0,3,10:00,300,63.0,55.0,False
MSFT,call,Tue->Wed,mid,50.0,4,11:30,300,58.667,55.0,False
MSFT,call,Tue->Wed,mid,50.0,5,11:00,300,56.667,55.0,False
MSFT,call,Tue->Wed,mid,50.0,6,10:30,300,56.333,50.0,False
MSFT,call,Tue->Wed,mid,50.0,7,12:30,300,52.333,75.0,False
MSFT,call,Tue->Wed,mid,50.0,8,13:00,300,48.0,52.5,False
MSFT,call,Tue->Wed,mid,50.0,9,14:00,300,44.0,45.0,False
MSFT,call,Tue->Wed,mid,50.0,10,13:30,300,42.667,40.0,False
MSFT,call,Tue->Wed,mid,50.0,11,14:30,300,36.333,25.0,False
MSFT,call,Tue->Wed,mid,50.0,12,15:00,300,20.333,35.0,False
MSFT,call,Tue->Wed,mid,50.0,13,15:30,50,20.0,15.0,False
MSFT,call,Tue->Wed,mid,75.0,1,09:30,250,69.2,70.0,False
MSFT,call,Tue->Wed,mid,75.0,2,10:00,300,54.333,70.0,False
MSFT,call,Tue->Wed,mid,75.0,3,12:00,300,52.333,115.0,False
MSFT,call,Tue->Wed,mid,75.0,4,11:30,300,49.667,65.0,False
MSFT,call,Tue->Wed,mid,75.0,5,10:30,300,48.333,65.0,False
MSFT,call,Tue->Wed,mid,75.0,6,11:00,300,42.333,60.0,False
MSFT,call,Tue->Wed,mid,75.0,7,12:30,300,39.667,130.0,False
MSFT,call,Tue->Wed,mid,75.0,8,13:00,300,37.0,95.0,False
MSFT,call,Tue->Wed,mid,75.0,9,13:30,300,36.333,65.0,False
MSFT,call,Tue->Wed,mid,75.0,10,14:00,300,34.667,55.0,False
MSFT,call,Tue->Wed,mid,75.0,11,14:30,300,26.667,40.0,False
MSFT,call,Tue->Wed,mid,75.0,12,15:30,50,12.0,12.5,False
MSFT,call,Tue->Wed,mid,75.0,13,15:00,300,8.0,32.5,False
MSFT,call,Tue->Wed,mid,100.0,1,09:30,250,59.6,85.0,False
MSFT,call,Tue->Wed,mid,100.0,2,10:00,300,50.333,85.0,False
MSFT,call,Tue->Wed,mid,100.0,3,10:30,300,43.667,85.0,False
MSFT,call,Tue->Wed,mid,100.0,4,12:00,300,41.333,155.0,False
MSFT,call,Tue->Wed,mid,100.0,5,11:30,300,40.0,67.5,False
MSFT,call,Tue->Wed,mid,100.0,6,11:00,300,34.667,70.0,False
MSFT,call,Tue->Wed,mid,100.0,7,12:30,300,32.333,135.0,False
MSFT,call,Tue->Wed,mid,100.0,8,13:30,300,31.0,70.0,False
MSFT,call,Tue->Wed,mid,100.0,9,13:00,300,30.667,100.0,False
MSFT,call,Tue->Wed,mid,100.0,10,14:00,300,26.333,60.0,False
MSFT,call,Tue->Wed,mid,100.0,11,14:30,300,19.0,50.0,False
MSFT,call,Tue->Wed,mid,100.0,12,15:30,50,8.0,15.0,False
MSFT,call,Tue->Wed,mid,100.0,13,15:00,300,2.667,25.0,False
MSFT,call,Tue->Wed,market,30.0,1,09:30,250,84.8,42.5,False
MSFT,call,Tue->Wed,market,30.0,2,12:00,300,73.333,30.0,False
MSFT,call,Tue->Wed,market,30.0,3,10:00,300,71.0,40.0,False
MSFT,call,Tue->Wed,market,30.0,4,11:00,300,65.333,50.0,False
MSFT,call,Tue->Wed,market,30.0,5,12:30,300,63.667,55.0,False
MSFT,call,Tue->Wed,market,30.0,6,10:30,300,61.333,35.0,False
MSFT,call,Tue->Wed,market,30.0,7,11:30,300,61.333,45.0,False
MSFT,call,Tue->Wed,market,30.0,8,13:00,300,57.333,35.0,False
MSFT,call,Tue->Wed,market,30.0,9,14:00,300,52.0,35.0,False
MSFT,call,Tue->Wed,market,30.0,10,13:30,300,47.0,25.0,False
MSFT,call,Tue->Wed,market,30.0,11,14:30,300,44.0,20.0,False
MSFT,call,Tue->Wed,market,30.0,12,15:30,50,34.0,20.0,False
MSFT,call,Tue->Wed,market,30.0,13,15:00,300,33.667,30.0,False
MSFT,call,Tue->Wed,market,50.0,1,09:30,250,78.0,65.0,False
MSFT,call,Tue->Wed,market,50.0,2,12:00,300,62.0,80.0,False
MSFT,call,Tue->Wed,market,50.0,3,10:00,300,59.333,62.5,False
MSFT,call,Tue->Wed,market,50.0,4,11:30,300,56.667,57.5,False
MSFT,call,Tue->Wed,market,50.0,5,10:30,300,54.0,55.0,False
MSFT,call,Tue->Wed,market,50.0,6,11:00,300,53.0,55.0,False
MSFT,call,Tue->Wed,market,50.0,7,12:30,300,49.0,80.0,False
MSFT,call,Tue->Wed,market,50.0,8,13:00,300,44.667,70.0,False
MSFT,call,Tue->Wed,market,50.0,9,13:30,300,41.667,50.0,False
MSFT,call,Tue->Wed,market,50.0,10,14:00,300,41.333,45.0,False
MSFT,call,Tue->Wed,market,50.0,11,14:30,300,33.667,30.0,False
MSFT,call,Tue->Wed,market,50.0,12,15:30,50,18.0,15.0,False
MSFT,call,Tue->Wed,market,50.0,13,15:00,300,15.333,35.0,False
MSFT,call,Tue->Wed,market,75.0,1,09:30,250,66.4,72.5,False
MSFT,call,Tue->Wed,market,75.0,2,10:00,300,53.333,75.0,False
MSFT,call,Tue->Wed,market,75.0,3,12:00,300,49.333,142.5,False
MSFT,call,Tue->Wed,market,75.0,4,10:30,300,47.0,70.0,False
MSFT,call,Tue->Wed,market,75.0,5,11:30,300,46.667,65.0,False
MSFT,call,Tue->Wed,market,75.0,6,11:00,300,40.0,65.0,False
MSFT,call,Tue->Wed,market,75.0,7,12:30,300,37.667,130.0,False
MSFT,call,Tue->Wed,market,75.0,8,13:30,300,34.667,65.0,False
MSFT,call,Tue->Wed,market,75.0,9,13:00,300,34.667,100.0,False
MSFT,call,Tue->Wed,market,75.0,10,14:00,300,32.0,55.0,False
MSFT,call,Tue->Wed,market,75.0,11,14:30,300,24.333,45.0,False
MSFT,call,Tue->Wed,market,75.0,12,15:30,50,12.0,15.0,False
MSFT,call,Tue->Wed,market,75.0,13,15:00,300,5.667,35.0,False
MSFT,call,Tue->Wed,market,100.0,1,09:30,250,56.0,92.5,False
MSFT,call,Tue->Wed,market,100.0,2,10:00,300,48.667,87.5,False
MSFT,call,Tue->Wed,market,100.0,3,10:30,300,41.667,90.0,False
MSFT,call,Tue->Wed,market,100.0,4,12:00,300,38.0,157.5,False
MSFT,call,Tue->Wed,market,100.0,5,11:30,300,36.667,65.0,False
MSFT,call,Tue->Wed,market,100.0,6,11:00,300,32.333,70.0,False
MSFT,call,Tue->Wed,market,100.0,7,12:30,300,30.667,140.0,False
MSFT,call,Tue->Wed,market,100.0,8,13:30,300,29.0,75.0,False
MSFT,call,Tue->Wed,market,100.0,9,13:00,300,29.0,95.0,False
MSFT,call,Tue->Wed,market,100.0,10,14:00,300,25.667,65.0,False
MSFT,call,Tue->Wed,market,100.0,11,14:30,300,18.0,50.0,False
MSFT,call,Tue->Wed,market,100.0,12,15:30,50,8.0,15.0,False
MSFT,call,Tue->Wed,market,100.0,13,15:00,300,2.0,25.0,False
MSFT,put,Tue->Wed,mid,30.0,1,11:00,300,76.667,30.0,False
MSFT,put,Tue->Wed,mid,30.0,2,12:30,300,76.333,25.0,False
MSFT,put,Tue->Wed,mid,30.0,3,09:30,250,75.2,95.0,False
MSFT,put,Tue->Wed,mid,30.0,4,10:00,300,74.0,62.5,False
MSFT,put,Tue->Wed,mid,30.0,5,10:30,300,71.0,35.0,False
MSFT,put,Tue->Wed,mid,30.0,6,13:30,300,66.0,20.0,False
MSFT,put,Tue->Wed,mid,30.0,7,11:30,300,62.333,30.0,False
MSFT,put,Tue->Wed,mid,30.0,8,12:00,300,62.0,40.0,False
MSFT,put,Tue->Wed,mid,30.0,9,13:00,300,57.333,35.0,False
MSFT,put,Tue->Wed,mid,30.0,10,14:00,300,50.667,35.0,False
MSFT,put,Tue->Wed,mid,30.0,11,14:30,300,49.0,45.0,False
MSFT,put,Tue->Wed,mid,30.0,12,15:00,300,40.333,25.0,False
MSFT,put,Tue->Wed,mid,30.0,13,15:30,50,38.0,20.0,False
MSFT,put,Tue->Wed,mid,50.0,1,10:30,300,66.667,45.0,False
MSFT,put,Tue->Wed,mid,50.0,2,11:00,300,65.0,60.0,False
MSFT,put,Tue->Wed,mid,50.0,3,12:30,300,64.667,50.0,False
MSFT,put,Tue->Wed,mid,50.0,4,10:00,300,63.333,70.0,False
MSFT,put,Tue->Wed,mid,50.0,5,09:30,250,58.8,110.0,False
MSFT,put,Tue->Wed,mid,50.0,6,13:30,300,52.667,30.0,False
MSFT,put,Tue->Wed,mid,50.0,7,11:30,300,52.333,50.0,False
MSFT,put,Tue->Wed,mid,50.0,8,12:00,300,49.667,55.0,False
MSFT,put,Tue->Wed,mid,50.0,9,13:00,300,48.333,45.0,False
MSFT,put,Tue->Wed,mid,50.0,10,14:00,300,35.0,60.0,False
MSFT,put,Tue->Wed,mid,50.0,11,15:30,50,32.0,22.5,False
MSFT,put,Tue->Wed,mid,50.0,12,14:30,300,28.667,47.5,False
MSFT,put,Tue->Wed,mid,50.0,13,15:00,300,25.0,30.0,False
MSFT,put,Tue->Wed,mid,75.0,1,10:30,300,56.333,55.0,False
MSFT,put,Tue->Wed,mid,75.0,2,12:30,300,51.667,75.0,False
MSFT,put,Tue->Wed,mid,75.0,3,10:00,300,51.667,80.0,False
MSFT,put,Tue->Wed,mid,75.0,4,11:00,300,51.667,85.0,False
MSFT,put,Tue->Wed,mid,75.0,5,11:30,300,43.0,70.0,False
MSFT,put,Tue->Wed,mid,75.0,6,12:00,300,39.667,75.0,False
MSFT,put,Tue->Wed,mid,75.0,7,13:00,300,38.0,50.0,False
MSFT,put,Tue->Wed,mid,75.0,8,09:30,250,37.6,110.0,False
MSFT,put,Tue->Wed,mid,75.0,9,13:30,300,34.333,35.0,False
MSFT,put,Tue->Wed,mid,75.0,10,15:30,50,20.0,25.0,False
MSFT,put,Tue->Wed,mid,75.0,11,14:00,300,17.0,60.0,False
MSFT,put,Tue->Wed,mid,75.0,12,15:00,300,12.333,30.0,False
MSFT,put,Tue->Wed,mid,75.0,13,14:30,300,12.0,55.0,False
MSFT,put,Tue->Wed,mid,100.0,1,10:30,300,49.0,80.0,False
MSFT,put,Tue->Wed,mid,100.0,2,12:30,300,41.0,85.0,False
MSFT,put,Tue->Wed,mid,100.0,3,11:00,300,40.333,105.0,False
MSFT,put,Tue->Wed,mid,100.0,4,10:00,300,39.333,85.0,False
MSFT,put,Tue->Wed,mid,100.0,5,11:30,300,38.333,80.0,False
MSFT,put,Tue->Wed,mid,100.0,6,12:00,300,31.0,80.0,False
MSFT,put,Tue->Wed,mid,100.0,7,13:00,300,26.667,50.0,False
MSFT,put,Tue->Wed,mid,100.0,8,13:30,300,25.667,60.0,False
MSFT,put,Tue->Wed,mid,100.0,9,09:30,250,24.4,95.0,False
MSFT,put,Tue->Wed,mid,100.0,10,15:30,50,10.0,25.0,False
MSFT,put,Tue->Wed,mid,100.0,11,14:00,300,7.667,70.0,False
MSFT,put,Tue->Wed,mid,100.0,12,15:00,300,6.333,30.0,False
MSFT,put,Tue->Wed,mid,100.0,13,14:30,300,5.0,55.0,False
MSFT,put,Tue->Wed,market,30.0,1,12:30,300,73.667,30.0,False
MSFT,put,Tue->Wed,market,30.0,2,11:00,300,73.667,35.0,False
MSFT,put,Tue->Wed,market,30.0,3,10:00,300,72.0,65.0,False
MSFT,put,Tue->Wed,market,30.0,4,09:30,250,70.4,100.0,False
MSFT,put,Tue->Wed,market,30.0,5,10:30,300,70.333,35.0,False
MSFT,put,Tue->Wed,market,30.0,6,13:30,300,62.667,25.0,False
MSFT,put,Tue->Wed,market,30.0,7,11:30,300,60.0,37.5,False
MSFT,put,Tue->Wed,market,30.0,8,12:00,300,58.333,45.0,False
MSFT,put,Tue->Wed,market,30.0,9,13:00,300,54.333,35.0,False
MSFT,put,Tue->Wed,market,30.0,10,14:00,300,46.333,40.0,False
MSFT,put,Tue->Wed,market,30.0,11,14:30,300,43.667,45.0,False
MSFT,put,Tue->Wed,market,30.0,12,15:30,50,36.0,17.5,False
MSFT,put,Tue->Wed,market,30.0,13,15:00,300,35.0,25.0,False
MSFT,put,Tue->Wed,market,50.0,1,10:30,300,65.333,45.0,False
MSFT,put,Tue->Wed,market,50.0,2,10:00,300,61.667,70.0,False
MSFT,put,Tue->Wed,market,50.0,3,11:00,300,61.667,70.0,False
MSFT,put,Tue->Wed,market,50.0,4,12:30,300,61.333,55.0,False
MSFT,put,Tue->Wed,market,50.0,5,09:30,250,52.0,115.0,False
MSFT,put,Tue->Wed,market,50.0,6,11:30,300,49.0,60.0,False
MSFT,put,Tue->Wed,market,50.0,7,13:30,300,46.333,30.0,False
MSFT,put,Tue->Wed,market,50.0,8,12:00,300,46.333,60.0,False
MSFT,put,Tue->Wed,market,50.0,9,13:00,300,46.0,47.5,False
MSFT,put,Tue->Wed,market,50.0,10,14:00,300,29.667,55.0,False
MSFT,put,Tue->Wed,market,50.0,11,15:30,50,28.0,25.0,False
MSFT,put,Tue->Wed,market,50.0,12,14:30,300,24.0,50.0,False
MSFT,put,Tue->Wed,market,50.0,13,15:00,300,21.667,30.0,False
MSFT,put,Tue->Wed,market,75.0,1,10:30,300,55.667,65.0,False
MSFT,put,Tue->Wed,market,75.0,2,12:30,300,49.0,80.0,False
MSFT,put,Tue->Wed,market,75.0,3,11:00,300,48.667,92.5,False
MSFT,put,Tue->Wed,market,75.0,4,10:00,300,47.667,80.0,False
MSFT,put,Tue->Wed,market,75.0,5,11:30,300,42.333,80.0,False
MSFT,put,Tue->Wed,market,75.0,6,12:00,300,37.0,75.0,False
MSFT,put,Tue->Wed,market,75.0,7,13:00,300,34.0,50.0,False
MSFT,put,Tue->Wed,market,75.0,8,09:30,250,32.8,110.0,False
MSFT,put,Tue->Wed,market,75.0,9,13:30,300,31.667,45.0,False
MSFT,put,Tue->Wed,market,75.0,10,15:30,50,16.0,25.0,False
MSFT,put,Tue->Wed,market,75.0,11,14:00,300,13.667,65.0,False
MSFT,put,Tue->Wed,market,75.0,12,15:00,300,10.667,30.0,False
MSFT,put,Tue->Wed,market,75.0,13,14:30,300,9.667,55.0,False
MSFT,put,Tue->Wed,market,100.0,1,10:30,300,46.0,122.5,False
MSFT,put,Tue->Wed,market,100.0,2,12:30,300,38.333,85.0,False
MSFT,put,Tue->Wed,market,100.0,3,11:00,300,38.333,110.0,False
MSFT,put,Tue->Wed,market,100.0,4,11:30,300,36.667,85.0,False
MSFT,put,Tue->Wed,market,100.0,5,10:00,300,36.667,95.0,False
MSFT,put,Tue->Wed,market,100.0,6,12:00,300,29.667,90.0,False
MSFT,put,Tue->Wed,market,100.0,7,13:00,300,24.333,50.0,False
MSFT,put,Tue->Wed,market,100.0,8,13:30,300,23.0,65.0,False
MSFT,put,Tue->Wed,market,100.0,9,09:30,250,21.6,85.0,False
MSFT,put,Tue->Wed,market,100.0,10,15:30,50,8.0,25.0,False
MSFT,put,Tue->Wed,market,100.0,11,14:00,300,6.333,70.0,False
MSFT,put,Tue->Wed,market,100.0,12,15:00,300,4.667,32.5,False
MSFT,put,Tue->Wed,market,100.0,13,14:30,300,3.667,55.0,False
MSFT,call,Wed-0DTE,mid,30.0,1,09:30,250,99.6,20.0,False
MSFT,call,Wed-0DTE,mid,30.0,2,10:30,300,85.667,20.0,False
MSFT,call,Wed-0DTE,mid,30.0,3,10:00,300,82.667,20.0,False
MSFT,call,Wed-0DTE,mid,30.0,4,13:30,300,67.0,25.0,False
MSFT,call,Wed-0DTE,mid,30.0,5,14:00,300,63.667,20.0,False
MSFT,call,Wed-0DTE,mid,30.0,6,11:00,300,63.333,15.0,False
MSFT,call,Wed-0DTE,mid,30.0,7,11:30,300,53.333,15.0,False
MSFT,call,Wed-0DTE,mid,30.0,8,12:30,300,53.333,15.0,False
MSFT,call,Wed-0DTE,mid,30.0,9,13:00,300,52.667,20.0,False
MSFT,call,Wed-0DTE,mid,30.0,10,14:30,300,50.667,10.0,False
MSFT,call,Wed-0DTE,mid,30.0,11,12:00,300,44.667,15.0,False
MSFT,call,Wed-0DTE,mid,30.0,12,15:00,300,37.667,10.0,False
MSFT,call,Wed-0DTE,mid,30.0,13,15:30,50,24.0,7.5,False
MSFT,call,Wed-0DTE,mid,50.0,1,09:30,250,93.6,25.0,False
MSFT,call,Wed-0DTE,mid,50.0,2,10:30,300,71.333,25.0,False
MSFT,call,Wed-0DTE,mid,50.0,3,10:00,300,71.333,27.5,False
MSFT,call,Wed-0DTE,mid,50.0,4,13:30,300,56.667,30.0,False
MSFT,call,Wed-0DTE,mid,50.0,5,14:00,300,56.333,25.0,False
MSFT,call,Wed-0DTE,mid,50.0,6,11:00,300,53.667,25.0,False
MSFT,call,Wed-0DTE,mid,50.0,7,13:00,300,47.333,25.0,False
MSFT,call,Wed-0DTE,mid,50.0,8,12:30,300,45.333,15.0,False
MSFT,call,Wed-0DTE,mid,50.0,9,14:30,300,45.333,15.0,False
MSFT,call,Wed-0DTE,mid,50.0,10,11:30,300,42.333,20.0,False
MSFT,call,Wed-0DTE,mid,50.0,11,12:00,300,35.333,20.0,False
MSFT,call,Wed-0DTE,mid,50.0,12,15:00,300,32.0,10.0,False
MSFT,call,Wed-0DTE,mid,50.0,13,15:30,50,20.0,7.5,False
MSFT,call,Wed-0DTE,mid,75.0,1,09:30,250,84.0,32.5,False
MSFT,call,Wed-0DTE,mid,75.0,2,10:00,300,61.0,40.0,False
MSFT,call,Wed-0DTE,mid,75.0,3,10:30,300,56.667,30.0,False
MSFT,call,Wed-0DTE,mid,75.0,4,13:30,300,45.333,35.0,False
MSFT,call,Wed-0DTE,mid,75.0,5,14:00,300,44.333,25.0,False
MSFT,call,Wed-0DTE,mid,75.0,6,11:00,300,43.0,40.0,False
MSFT,call,Wed-0DTE,mid,75.0,7,13:00,300,42.667,25.0,False
MSFT,call,Wed-0DTE,mid,75.0,8,14:30,300,39.333,15.0,False
MSFT,call,Wed-0DTE,mid,75.0,9,12:30,300,37.0,20.0,False
MSFT,call,Wed-0DTE,mid,75.0,10,11:30,300,33.0,25.0,False
MSFT,call,Wed-0DTE,mid,75.0,11,12:00,300,28.667,20.0,False
MSFT,call,Wed-0DTE,mid,75.0,12,15:00,300,26.0,15.0,False
MSFT,call,Wed-0DTE,mid,75.0,13,15:30,50,18.0,10.0,False
MSFT,call,Wed-0DTE,mid,100.0,1,09:30,250,73.2,40.0,False
MSFT,call,Wed-0DTE,mid,100.0,2,10:00,300,51.667,45.0,False
MSFT,call,Wed-0DTE,mid,100.0,3,10:30,300,46.667,35.0,False
MSFT,call,Wed-0DTE,mid,100.0,4,13:00,300,38.333,25.0,False
MSFT,call,Wed-0DTE,mid,100.0,5,14:00,300,37.0,25.0,False
MSFT,call,Wed-0DTE,mid,100.0,6,14:30,300,36.667,20.0,False
MSFT,call,Wed-0DTE,mid,100.0,7,13:30,300,36.667,37.5,False
MSFT,call,Wed-0DTE,mid,100.0,8,11:00,300,35.667,45.0,False
MSFT,call,Wed-0DTE,mid,100.0,9,12:30,300,33.333,30.0,False
MSFT,call,Wed-0DTE,mid,100.0,10,11:30,300,28.0,30.0,False
MSFT,call,Wed-0DTE,mid,100.0,11,12:00,300,23.333,20.0,False
MSFT,call,Wed-0DTE,mid,100.0,12,15:00,300,22.667,15.0,False
MSFT,call,Wed-0DTE,mid,100.0,13,15:30,50,16.0,7.5,False
MSFT,call,Wed-0DTE,market,30.0,1,09:30,250,98.4,20.0,False
MSFT,call,Wed-0DTE,market,30.0,2,10:30,300,82.0,25.0,False
MSFT,call,Wed-0DTE,market,30.0,3,10:00,300,79.333,20.0,False
MSFT,call,Wed-0DTE,market,30.0,4,13:30,300,65.333,30.0,False
MSFT,call,Wed-0DTE,market,30.0,5,14:00,300,63.667,20.0,False
MSFT,call,Wed-0DTE,market,30.0,6,11:00,300,61.0,20.0,False
MSFT,call,Wed-0DTE,market,30.0,7,13:00,300,51.0,20.0,False
MSFT,call,Wed-0DTE,market,30.0,8,12:30,300,49.667,15.0,False
MSFT,call,Wed-0DTE,market,30.0,9,11:30,300,49.333,15.0,False
MSFT,call,Wed-0DTE,market,30.0,10,14:30,300,48.0,10.0,False
MSFT,call,Wed-0DTE,market,30.0,11,12:00,300,40.667,15.0,False
MSFT,call,Wed-0DTE,market,30.0,12,15:00,300,36.0,10.0,False
MSFT,call,Wed-0DTE,market,30.0,13,15:30,50,22.0,10.0,False
MSFT,call,Wed-0DTE,market,50.0,1,09:30,250,91.2,30.0,False
MSFT,call,Wed-0DTE,market,50.0,2,10:00,300,69.0,30.0,False
MSFT,call,Wed-0DTE,market,50.0,3,10:30,300,67.0,25.0,False
MSFT,call,Wed-0DTE,market,50.0,4,13:30,300,54.333,35.0,False
MSFT,call,Wed-0DTE,market,50.0,5,14:00,300,52.667,25.0,False
MSFT,call,Wed-0DTE,market,50.0,6,11:00,300,49.667,35.0,False
MSFT,call,Wed-0DTE,market,50.0,7,13:00,300,46.667,25.0,False
MSFT,call,Wed-0DTE,market,50.0,8,14:30,300,44.0,15.0,False
MSFT,call,Wed-0DTE,market,50.0,9,12:30,300,42.333,15.0,False
MSFT,call,Wed-0DTE,market,50.0,10,11:30,300,38.667,20.0,False
MSFT,call,Wed-0DTE,market,50.0,11,12:00,300,33.333,20.0,False
MSFT,call,Wed-0DTE,market,50.0,12,15:00,300,30.333,15.0,False
MSFT,call,Wed-0DTE,market,50.0,13,15:30,50,20.0,7.5,False
MSFT,call,Wed-0DTE,market,75.0,1,09:30,250,79.6,35.0,False
MSFT,call,Wed-0DTE,market,75.0,2,10:00,300,58.333,40.0,False
MSFT,call,Wed-0DTE,market,75.0,3,10:30,300,55.0,30.0,False
MSFT,call,Wed-0DTE,market,75.0,4,13:30,300,42.333,35.0,False
MSFT,call,Wed-0DTE,market,75.0,5,14:00,300,41.667,25.0,False
MSFT,call,Wed-0DTE,market,75.0,6,13:00,300,41.0,25.0,False
MSFT,call,Wed-0DTE,market,75.0,7,11:00,300,39.0,40.0,False
MSFT,call,Wed-0DTE,market,75.0,8,14:30,300,38.667,15.0,False
MSFT,call,Wed-0DTE,market,75.0,9,12:30,300,35.667,25.0,False
MSFT,call,Wed-0DTE,market,75.0,10,11:30,300,31.333,30.0,False
MSFT,call,Wed-0DTE,market,75.0,11,12:00,300,27.333,20.0,False
MSFT,call,Wed-0DTE,market,75.0,12,15:00,300,26.0,15.0,False
MSFT,call,Wed-0DTE,market,75.0,13,15:30,50,16.0,7.5,False
MSFT,call,Wed-0DTE,market,100.0,1,09:30,250,71.6,40.0,False
MSFT,call,Wed-0DTE,market,100.0,2,10:00,300,49.667,50.0,False
MSFT,call,Wed-0DTE,market,100.0,3,10:30,300,43.667,35.0,False
MSFT,call,Wed-0DTE,market,100.0,4,13:00,300,36.333,25.0,False
MSFT,call,Wed-0DTE,market,100.0,5,13:30,300,35.667,35.0,False
MSFT,call,Wed-0DTE,market,100.0,6,14:30,300,35.0,20.0,False
MSFT,call,Wed-0DTE,market,100.0,7,14:00,300,34.667,27.5,False
MSFT,call,Wed-0DTE,market,100.0,8,11:00,300,32.667,42.5,False
MSFT,call,Wed-0DTE,market,100.0,9,12:30,300,31.667,30.0,False
MSFT,call,Wed-0DTE,market,100.0,10,11:30,300,25.667,30.0,False
MSFT,call,Wed-0DTE,market,100.0,11,12:00,300,22.667,20.0,False
MSFT,call,Wed-0DTE,market,100.0,12,15:00,300,21.667,15.0,False
MSFT,call,Wed-0DTE,market,100.0,13,15:30,50,16.0,10.0,False
MSFT,put,Wed-0DTE,mid,30.0,1,11:00,300,84.667,30.0,False
MSFT,put,Wed-0DTE,mid,30.0,2,11:30,300,82.667,27.5,False
MSFT,put,Wed-0DTE,mid,30.0,3,12:00,300,81.0,15.0,False
MSFT,put,Wed-0DTE,mid,30.0,4,09:30,250,80.8,55.0,False
MSFT,put,Wed-0DTE,mid,30.0,5,10:30,300,80.0,35.0,False
MSFT,put,Wed-0DTE,mid,30.0,6,10:00,300,77.0,35.0,False
MSFT,put,Wed-0DTE,mid,30.0,7,12:30,300,75.333,15.0,False
MSFT,put,Wed-0DTE,mid,30.0,8,13:30,300,71.667,25.0,False
MSFT,put,Wed-0DTE,mid,30.0,9,13:00,300,67.333,15.0,False
MSFT,put,Wed-0DTE,mid,30.0,10,14:00,300,66.0,15.0,False
MSFT,put,Wed-0DTE,mid,30.0,11,14:30,300,52.0,15.0,False
MSFT,put,Wed-0DTE,mid,30.0,12,15:00,300,42.333,10.0,False
MSFT,put,Wed-0DTE,mid,30.0,13,15:30,50,32.0,10.0,False
MSFT,put,Wed-0DTE,mid,50.0,1,11:00,300,81.0,35.0,False
MSFT,put,Wed-0DTE,mid,50.0,2,11:30,300,81.0,35.0,False
MSFT,put,Wed-0DTE,mid,50.0,3,12:00,300,79.333,25.0,False
MSFT,put,Wed-0DTE,mid,50.0,4,10:30,300,77.333,55.0,False
MSFT,put,Wed-0DTE,mid,50.0,5,09:30,250,76.4,65.0,False
MSFT,put,Wed-0DTE,mid,50.0,6,10:00,300,72.333,75.0,False
MSFT,put,Wed-0DTE,mid,50.0,7,12:30,300,71.667,20.0,False
MSFT,put,Wed-0DTE,mid,50.0,8,13:30,300,66.0,30.0,False
MSFT,put,Wed-0DTE,mid,50.0,9,13:00,300,59.333,20.0,False
MSFT,put,Wed-0DTE,mid,50.0,10,14:00,300,58.0,15.0,False
MSFT,put,Wed-0DTE,mid,50.0,11,14:30,300,42.667,20.0,False
MSFT,put,Wed-0DTE,mid,50.0,12,15:00,300,33.667,10.0,False
MSFT,put,Wed-0DTE,mid,50.0,13,15:30,50,22.0,10.0,False
MSFT,put,Wed-0DTE,mid,75.0,1,11:30,300,80.0,52.5,False
MSFT,put,Wed-0DTE,mid,75.0,2,11:00,300,78.0,45.0,False
MSFT,put,Wed-0DTE,mid,75.0,3,12:00,300,77.0,30.0,False
MSFT,put,Wed-0DTE,mid,75.0,4,10:30,300,73.333,85.0,False
MSFT,put,Wed-0DTE,mid,75.0,5,09:30,250,68.4,115.0,False
MSFT,put,Wed-0DTE,mid,75.0,6,12:30,300,67.0,25.0,False
MSFT,put,Wed-0DTE,mid,75.0,7,10:00,300,67.0,95.0,False
MSFT,put,Wed-0DTE,mid,75.0,8,13:30,300,59.0,35.0,False
MSFT,put,Wed-0DTE,mid,75.0,9,13:00,300,53.333,20.0,False
MSFT,put,Wed-0DTE,mid,75.0,10,14:00,300,50.333,15.0,False
MSFT,put,Wed-0DTE,mid,75.0,11,14:30,300,34.0,17.5,False
MSFT,put,Wed-0DTE,mid,75.0,12,15:00,300,24.667,10.0,False
MSFT,put,Wed-0DTE,mid,75.0,13,15:30,50,18.0,10.0,False
MSFT,put,Wed-0DTE,mid,100.0,1,11:30,300,78.0,60.0,False
MSFT,put,Wed-0DTE,mid,100.0,2,12:00,300,74.667,35.0,False
MSFT,put,Wed-0DTE,mid,100.0,3,11:00,300,73.667,70.0,False
MSFT,put,Wed-0DTE,mid,100.0,4,10:30,300,70.0,115.0,False
MSFT,put,Wed-0DTE,mid,100.0,5,12:30,300,64.0,30.0,False
MSFT,put,Wed-0DTE,mid,100.0,6,09:30,250,64.0,140.0,False
MSFT,put,Wed-0DTE,mid,100.0,7,10:00,300,61.667,95.0,False
MSFT,put,Wed-0DTE,mid,100.0,8,13:30,300,53.667,35.0,False
MSFT,put,Wed-0DTE,mid,100.0,9,13:00,300,48.667,20.0,False
MSFT,put,Wed-0DTE,mid,100.0,10,14:00,300,44.333,15.0,False
MSFT,put,Wed-0DTE,mid,100.0,11,14:30,300,29.0,20.0,False
MSFT,put,Wed-0DTE,mid,100.0,12,15:00,300,21.333,10.0,False
MSFT,put,Wed-0DTE,mid,100.0,13,15:30,50,14.0,10.0,False
MSFT,put,Wed-0DTE,market,30.0,1,11:00,300,83.667,35.0,False
MSFT,put,Wed-0DTE,market,30.0,2,11:30,300,82.333,30.0,False
MSFT,put,Wed-0DTE,market,30.0,3,12:00,300,80.667,15.0,False
MSFT,put,Wed-0DTE,market,30.0,4,09:30,250,79.6,60.0,False
MSFT,put,Wed-0DTE,market,30.0,5,10:30,300,79.0,40.0,False
MSFT,put,Wed-0DTE,market,30.0,6,10:00,300,76.0,35.0,False
MSFT,put,Wed-0DTE,market,30.0,7,12:30,300,74.667,20.0,False
MSFT,put,Wed-0DTE,market,30.0,8,13:30,300,69.667,25.0,False
MSFT,put,Wed-0DTE,market,30.0,9,14:00,300,65.0,15.0,False
MSFT,put,Wed-0DTE,market,30.0,10,13:00,300,64.333,15.0,False
MSFT,put,Wed-0DTE,market,30.0,11,14:30,300,50.0,15.0,False
MSFT,put,Wed-0DTE,market,30.0,12,15:00,300,39.333,10.0,False
MSFT,put,Wed-0DTE,market,30.0,13,15:30,50,30.0,20.0,False
MSFT,put,Wed-0DTE,market,50.0,1,11:30,300,81.0,45.0,False
MSFT,put,Wed-0DTE,market,50.0,2,11:00,300,80.333,40.0,False
MSFT,put,Wed-0DTE,market,50.0,3,12:00,300,78.667,25.0,False
MSFT,put,Wed-0DTE,market,50.0,4,10:30,300,74.667,67.5,False
MSFT,put,Wed-0DTE,market,50.0,5,09:30,250,73.2,80.0,False
MSFT,put,Wed-0DTE,market,50.0,6,12:30,300,70.667,25.0,False
MSFT,put,Wed-0DTE,market,50.0,7,10:00,300,70.667,85.0,False
MSFT,put,Wed-0DTE,market,50.0,8,13:30,300,63.667,30.0,False
MSFT,put,Wed-0DTE,market,50.0,9,13:00,300,56.333,15.0,False
MSFT,put,Wed-0DTE,market,50.0,10,14:00,300,56.0,15.0,False
MSFT,put,Wed-0DTE,market,50.0,11,14:30,300,41.333,20.0,False
MSFT,put,Wed-0DTE,market,50.0,12,15:00,300,31.667,10.0,False
MSFT,put,Wed-0DTE,market,50.0,13,15:30,50,22.0,10.0,False
MSFT,put,Wed-0DTE,market,75.0,1,11:30,300,79.333,55.0,False
MSFT,put,Wed-0DTE,market,75.0,2,12:00,300,76.667,35.0,False
MSFT,put,Wed-0DTE,market,75.0,3,11:00,300,76.667,45.0,False
MSFT,put,Wed-0DTE,market,75.0,4,10:30,300,73.0,90.0,False
MSFT,put,Wed-0DTE,market,75.0,5,12:30,300,66.667,27.5,False
MSFT,put,Wed-0DTE,market,75.0,6,09:30,250,66.4,115.0,False
MSFT,put,Wed-0DTE,market,75.0,7,10:00,300,64.667,95.0,False
MSFT,put,Wed-0DTE,market,75.0,8,13:30,300,58.333,35.0,False
MSFT,put,Wed-0DTE,market,75.0,9,13:00,300,52.333,20.0,False
MSFT,put,Wed-0DTE,market,75.0,10,14:00,300,48.0,17.5,False
MSFT,put,Wed-0DTE,market,75.0,11,14:30,300,32.667,20.0,False
MSFT,put,Wed-0DTE,market,75.0,12,15:00,300,23.0,10.0,False
MSFT,put,Wed-0DTE,market,75.0,13,15:30,50,16.0,10.0,False
MSFT,put,Wed-0DTE,market,100.0,1,11:30,300,76.667,70.0,False
MSFT,put,Wed-0DTE,market,100.0,2,12:00,300,74.667,40.0,False
MSFT,put,Wed-0DTE,market,100.0,3,11:00,300,72.0,62.5,False
MSFT,put,Wed-0DTE,market,100.0,4,10:30,300,69.333,120.0,False
MSFT,put,Wed-0DTE,market,100.0,5,12:30,300,63.0,30.0,False
MSFT,put,Wed-0DTE,market,100.0,6,10:00,300,61.667,100.0,False
MSFT,put,Wed-0DTE,market,100.0,7,09:30,250,61.6,142.5,False
MSFT,put,Wed-0DTE,market,100.0,8,13:30,300,51.0,35.0,False
MSFT,put,Wed-0DTE,market,100.0,9,13:00,300,47.667,20.0,False
MSFT,put,Wed-0DTE,market,100.0,10,14:00,300,42.667,17.5,False
MSFT,put,Wed-0DTE,market,100.0,11,14:30,300,27.667,20.0,False
MSFT,put,Wed-0DTE,market,100.0,12,15:00,300,21.0,10.0,False
MSFT,put,Wed-0DTE,market,100.0,13,15:30,50,14.0,10.0,False
MSFT,call,Thu->Fri,mid,30.0,1,11:30,300,79.0,35.0,False
MSFT,call,Thu->Fri,mid,30.0,2,12:00,300,76.0,20.0,False
MSFT,call,Thu->Fri,mid,30.0,3,09:30,250,66.0,60.0,False
MSFT,call,Thu->Fri,mid,30.0,4,11:00,300,64.333,35.0,False
MSFT,call,Thu->Fri,mid,30.0,5,10:00,300,61.0,65.0,False
MSFT,call,Thu->Fri,mid,30.0,6,14:30,300,60.333,25.0,False
MSFT,call,Thu->Fri,mid,30.0,7,10:30,300,58.0,80.0,False
MSFT,call,Thu->Fri,mid,30.0,8,15:00,300,56.667,15.0,False
MSFT,call,Thu->Fri,mid,30.0,9,12:30,300,47.333,20.0,False
MSFT,call,Thu->Fri,mid,30.0,10,14:00,300,44.333,45.0,False
MSFT,call,Thu->Fri,mid,30.0,11,13:30,300,37.0,30.0,False
MSFT,call,Thu->Fri,mid,30.0,12,15:30,50,36.0,17.5,False
MSFT,call,Thu->Fri,mid,30.0,13,13:00,300,34.667,22.5,False
MSFT,call,Thu->Fri,mid,50.0,1,11:30,300,69.0,45.0,False
MSFT,call,Thu->Fri,mid,50.0,2,12:00,300,64.0,25.0,False
MSFT,call,Thu->Fri,mid,50.0,3,11:00,300,61.0,65.0,False
MSFT,call,Thu->Fri,mid,50.0,4,10:00,300,57.667,125.0,False
MSFT,call,Thu->Fri,mid,50.0,5,09:30,250,51.6,155.0,False
MSFT,call,Thu->Fri,mid,50.0,6,14:30,300,49.0,35.0,False
MSFT,call,Thu->Fri,mid,50.0,7,10:30,300,45.667,100.0,False
MSFT,call,Thu->Fri,mid,50.0,8,15:00,300,45.0,20.0,False
MSFT,call,Thu->Fri,mid,50.0,9,14:00,300,35.333,50.0,False
MSFT,call,Thu->Fri,mid,50.0,10,12:30,300,28.0,37.5,False
MSFT,call,Thu->Fri,mid,50.0,11,13:30,300,25.333,40.0,False
MSFT,call,Thu->Fri,mid,50.0,12,13:00,300,24.333,55.0,False
MSFT,call,Thu->Fri,mid,50.0,13,15:30,50,18.0,15.0,False
MSFT,call,Thu->Fri,mid,75.0,1,11:30,300,55.0,50.0,False
MSFT,call,Thu->Fri,mid,75.0,2,11:00,300,54.667,80.0,False
MSFT,call,Thu->Fri,mid,75.0,3,10:00,300,53.0,140.0,False
MSFT,call,Thu->Fri,mid,75.0,4,12:00,300,50.333,25.0,False
MSFT,call,Thu->Fri,mid,75.0,5,09:30,250,42.8,170.0,False
MSFT,call,Thu->Fri,mid,75.0,6,14:30,300,42.0,45.0,False
MSFT,call,Thu->Fri,mid,75.0,7,10:30,300,37.667,115.0,False
MSFT,call,Thu->Fri,mid,75.0,8,15:00,300,37.333,20.0,False
MSFT,call,Thu->Fri,mid,75.0,9,14:00,300,31.0,60.0,False
MSFT,call,Thu->Fri,mid,75.0,10,13:30,300,19.333,47.5,False
MSFT,call,Thu->Fri,mid,75.0,11,12:30,300,19.333,95.0,False
MSFT,call,Thu->Fri,mid,75.0,12,13:00,300,16.0,65.0,False
MSFT,call,Thu->Fri,mid,75.0,13,15:30,50,10.0,15.0,False
MSFT,call,Thu->Fri,mid,100.0,1,11:00,300,48.667,85.0,False
MSFT,call,Thu->Fri,mid,100.0,2,10:00,300,46.0,145.0,False
MSFT,call,Thu->Fri,mid,100.0,3,11:30,300,40.333,55.0,False
MSFT,call,Thu->Fri,mid,100.0,4,12:00,300,39.667,30.0,False
MSFT,call,Thu->Fri,mid,100.0,5,09:30,250,36.0,175.0,False
MSFT,call,Thu->Fri,mid,100.0,6,14:30,300,34.667,50.0,False
MSFT,call,Thu->Fri,mid,100.0,7,10:30,300,34.0,120.0,False
MSFT,call,Thu->Fri,mid,100.0,8,15:00,300,30.667,25.0,False
MSFT,call,Thu->Fri,mid,100.0,9,14:00,300,27.333,70.0,False
MSFT,call,Thu->Fri,mid,100.0,10,13:30,300,15.333,55.0,False
MSFT,call,Thu->Fri,mid,100.0,11,12:30,300,15.333,120.0,False
MSFT,call,Thu->Fri,mid,100.0,12,13:00,300,12.0,72.5,False
MSFT,call,Thu->Fri,mid,100.0,13,15:30,50,10.0,15.0,False
MSFT,call,Thu->Fri,market,30.0,1,11:30,300,77.0,40.0,False
MSFT,call,Thu->Fri,market,30.0,2,12:00,300,72.667,20.0,False
MSFT,call,Thu->Fri,market,30.0,3,11:00,300,63.333,45.0,False
MSFT,call,Thu->Fri,market,30.0,4,09:30,250,61.6,102.5,False
MSFT,call,Thu->Fri,market,30.0,5,10:00,300,59.333,75.0,False
MSFT,call,Thu->Fri,market,30.0,6,14:30,300,57.333,30.0,False
MSFT,call,Thu->Fri,market,30.0,7,15:00,300,54.0,15.0,False
MSFT,call,Thu->Fri,market,30.0,8,10:30,300,54.0,85.0,False
MSFT,call,Thu->Fri,market,30.0,9,12:30,300,41.333,25.0,False
MSFT,call,Thu->Fri,market,30.0,10,14:00,300,40.667,45.0,False
MSFT,call,Thu->Fri,market,30.0,11,13:30,300,34.333,30.0,False
MSFT,call,Thu->Fri,market,30.0,12,13:00,300,31.333,40.0,False
MSFT,call,Thu->Fri,market,30.0,13,15:30,50,30.0,20.0,False
MSFT,call,Thu->Fri,market,50.0,1,11:30,300,64.0,45.0,False
MSFT,call,Thu->Fri,market,50.0,2,12:00,300,59.667,25.0,False
MSFT,call,Thu->Fri,market,50.0,3,11:00,300,59.333,70.0,False
MSFT,call,Thu->Fri,market,50.0,4,10:00,300,56.667,130.0,False
MSFT,call,Thu->Fri,market,50.0,5,09:30,250,48.8,162.5,False
MSFT,call,Thu->Fri,market,50.0,6,14:30,300,47.333,40.0,False
MSFT,call,Thu->Fri,market,50.0,7,15:00,300,44.0,20.0,False
MSFT,call,Thu->Fri,market,50.0,8,10:30,300,43.0,105.0,False
MSFT,call,Thu->Fri,market,50.0,9,14:00,300,34.0,52.5,False
MSFT,call,Thu->Fri,market,50.0,10,12:30,300,25.0,40.0,False
MSFT,call,Thu->Fri,market,50.0,11,13:30,300,23.0,40.0,False
MSFT,call,Thu->Fri,market,50.0,12,13:00,300,21.333,55.0,False
MSFT,call,Thu->Fri,market,50.0,13,15:30,50,14.0,15.0,False
MSFT,call,Thu->Fri,market,75.0,1,11:00,300,53.667,85.0,False
MSFT,call,Thu->Fri,market,75.0,2,10:00,300,51.333,140.0,False
MSFT,call,Thu->Fri,market,75.0,3,11:30,300,50.667,50.0,False
MSFT,call,Thu->Fri,market,75.0,4,12:00,300,46.667,25.0,False
MSFT,call,Thu->Fri,market,75.0,5,09:30,250,41.2,170.0,False
MSFT,call,Thu->Fri,market,75.0,6,14:30,300,39.333,45.0,False
MSFT,call,Thu->Fri,market,75.0,7,10:30,300,36.0,115.0,False
MSFT,call,Thu->Fri,market,75.0,8,15:00,300,35.333,25.0,False
MSFT,call,Thu->Fri,market,75.0,9,14:00,300,30.0,62.5,False
MSFT,call,Thu->Fri,market,75.0,10,12:30,300,18.667,97.5,False
MSFT,call,Thu->Fri,market,75.0,11,13:30,300,17.667,50.0,False
MSFT,call,Thu->Fri,market,75.0,12,13:00,300,14.667,65.0,False
MSFT,call,Thu->Fri,market,75.0,13,15:30,50,10.0,15.0,False
MSFT,call,Thu->Fri,market,100.0,1,11:00,300,45.667,85.0,False
MSFT,call,Thu->Fri,market,100.0,2,10:00,300,45.0,145.0,False
MSFT,call,Thu->Fri,market,100.0,3,12:00,300,37.667,30.0,False
MSFT,call,Thu->Fri,market,100.0,4,11:30,300,37.333,60.0,False
MSFT,call,Thu->Fri,market,100.0,5,09:30,250,34.4,175.0,False
MSFT,call,Thu->Fri,market,100.0,6,10:30,300,33.0,120.0,False
MSFT,call,Thu->Fri,market,100.0,7,14:30,300,32.333,50.0,False
MSFT,call,Thu->Fri,market,100.0,8,15:00,300,29.333,25.0,False
MSFT,call,Thu->Fri,market,100.0,9,14:00,300,25.333,72.5,False
MSFT,call,Thu->Fri,market,100.0,10,13:30,300,14.667,57.5,False
MSFT,call,Thu->Fri,market,100.0,11,12:30,300,14.667,125.0,False
MSFT,call,Thu->Fri,market,100.0,12,13:00,300,11.0,80.0,False
MSFT,call,Thu->Fri,market,100.0,13,15:30,50,10.0,15.0,False
MSFT,put,Thu->Fri,mid,30.0,1,10:30,300,97.667,35.0,False
MSFT,put,Thu->Fri,mid,30.0,2,12:30,300,96.0,45.0,False
MSFT,put,Thu->Fri,mid,30.0,3,09:30,250,94.8,50.0,False
MSFT,put,Thu->Fri,mid,30.0,4,11:00,300,94.333,50.0,False
MSFT,put,Thu->Fri,mid,30.0,5,13:00,300,93.333,30.0,False
MSFT,put,Thu->Fri,mid,30.0,6,10:00,300,92.0,50.0,False
MSFT,put,Thu->Fri,mid,30.0,7,12:00,300,90.333,90.0,False
MSFT,put,Thu->Fri,mid,30.0,8,11:30,300,90.0,115.0,False
MSFT,put,Thu->Fri,mid,30.0,9,13:30,300,81.333,45.0,False
MSFT,put,Thu->Fri,mid,30.0,10,14:00,300,71.333,25.0,False
MSFT,put,Thu->Fri,mid,30.0,11,14:30,300,48.333,25.0,False
MSFT,put,Thu->Fri,mid,30.0,12,15:30,50,38.0,20.0,False
MSFT,put,Thu->Fri,mid,30.0,13,15:00,300,33.0,25.0,False
MSFT,put,Thu->Fri,mid,50.0,1,12:30,300,92.0,60.0,False
MSFT,put,Thu->Fri,mid,50.0,2,13:00,300,90.0,60.0,False
MSFT,put,Thu->Fri,mid,50.0,3,09:30,250,88.8,85.0,False
MSFT,put,Thu->Fri,mid,50.0,4,12:00,300,84.333,110.0,False
MSFT,put,Thu->Fri,mid,50.0,5,10:30,300,83.667,45.0,False
MSFT,put,Thu->Fri,mid,50.0,6,10:00,300,83.0,75.0,False
MSFT,put,Thu->Fri,mid,50.0,7,11:30,300,82.667,142.5,False
MSFT,put,Thu->Fri,mid,50.0,8,11:00,300,81.0,110.0,False
MSFT,put,Thu->Fri,mid,50.0,9,13:30,300,68.0,55.0,False
MSFT,put,Thu->Fri,mid,50.0,10,14:00,300,56.0,35.0,False
MSFT,put,Thu->Fri,mid,50.0,11,14:30,300,38.667,35.0,False
MSFT,put,Thu->Fri,mid,50.0,12,15:00,300,24.0,30.0,False
MSFT,put,Thu->Fri,mid,50.0,13,15:30,50,16.0,20.0,False
MSFT,put,Thu->Fri,mid,75.0,1,12:30,300,82.333,85.0,False
MSFT,put,Thu->Fri,mid,75.0,2,13:00,300,79.0,85.0,False
MSFT,put,Thu->Fri,mid,75.0,3,09:30,250,74.8,100.0,False
MSFT,put,Thu->Fri,mid,75.0,4,10:30,300,69.667,60.0,False
MSFT,put,Thu->Fri,mid,75.0,5,12:00,300,69.0,125.0,False
MSFT,put,Thu->Fri,mid,75.0,6,11:30,300,69.0,160.0,False
MSFT,put,Thu->Fri,mid,75.0,7,10:00,300,66.667,80.0,False
MSFT,put,Thu->Fri,mid,75.0,8,11:00,300,63.667,130.0,False
MSFT,put,Thu->Fri,mid,75.0,9,13:30,300,55.333,65.0,False
MSFT,put,Thu->Fri,mid,75.0,10,14:00,300,41.333,40.0,False
MSFT,put,Thu->Fri,mid,75.0,11,14:30,300,27.333,55.0,False
MSFT,put,Thu->Fri,mid,75.0,12,15:00,300,15.667,35.0,False
MSFT,put,Thu->Fri,mid,75.0,13,15:30,50,12.0,22.5,False
MSFT,put,Thu->Fri,mid,100.0,1,12:30,300,69.667,105.0,False
MSFT,put,Thu->Fri,mid,100.0,2,09:30,250,62.4,105.0,False
MSFT,put,Thu->Fri,mid,100.0,3,10:30,300,62.0,80.0,False
MSFT,put,Thu->Fri,mid,100.0,4,13:00,300,62.0,90.0,False
MSFT,put,Thu->Fri,mid,100.0,5,10:00,300,54.667,85.0,False
MSFT,put,Thu->Fri,mid,100.0,6,12:00,300,53.667,125.0,False
MSFT,put,Thu->Fri,mid,100.0,7,11:30,300,53.333,165.0,False
MSFT,put,Thu->Fri,mid,100.0,8,11:00,300,50.667,140.0,False
MSFT,put,Thu->Fri,mid,100.0,9,13:30,300,43.0,70.0,False
MSFT,put,Thu->Fri,mid,100.0,10,14:00,300,32.0,50.0,False
MSFT,put,Thu->Fri,mid,100.0,11,14:30,300,17.333,65.0,False
MSFT,put,Thu->Fri,mid,100.0,12,15:00,300,10.667,40.0,False
MSFT,put,Thu->Fri,mid,100.0,13,15:30,50,8.0,25.0,False
MSFT,put,Thu->Fri,market,30.0,1,12:30,300,95.0,50.0,False
MSFT,put,Thu->Fri,market,30.0,2,10:30,300,94.0,35.0,False
MSFT,put,Thu->Fri,market,30.0,3,09:30,250,93.6,60.0,False
MSFT,put,Thu->Fri,market,30.0,4,13:00,300,93.0,35.0,False
MSFT,put,Thu->Fri,market,30.0,5,11:00,300,92.333,70.0,False
MSFT,put,Thu->Fri,market,30.0,6,10:00,300,90.333,60.0,False
MSFT,put,Thu->Fri,market,30.0,7,12:00,300,89.667,95.0,False
MSFT,put,Thu->Fri,market,30.0,8,11:30,300,89.0,120.0,False
MSFT,put,Thu->Fri,market,30.0,9,13:30,300,77.667,50.0,False
MSFT,put,Thu->Fri,market,30.0,10,14:00,300,66.667,30.0,False
MSFT,put,Thu->Fri,market,30.0,11,14:30,300,45.667,30.0,False
MSFT,put,Thu->Fri,market,30.0,12,15:30,50,32.0,20.0,False
MSFT,put,Thu->Fri,market,30.0,13,15:00,300,31.0,25.0,False
MSFT,put,Thu->Fri,market,50.0,1,12:30,300,90.333,65.0,False
MSFT,put,Thu->Fri,market,50.0,2,13:00,300,87.667,70.0,False
MSFT,put,Thu->Fri,market,50.0,3,09:30,250,86.4,95.0,False
MSFT,put,Thu->Fri,market,50.0,4,12:00,300,81.0,120.0,False
MSFT,put,Thu->Fri,market,50.0,5,11:30,300,79.333,150.0,False
MSFT,put,Thu->Fri,market,50.0,6,10:00,300,79.0,75.0,False
MSFT,put,Thu->Fri,market,50.0,7,10:30,300,78.667,50.0,False
MSFT,put,Thu->Fri,market,50.0,8,11:00,300,77.333,115.0,False
MSFT,put,Thu->Fri,market,50.0,9,13:30,300,64.333,60.0,False
MSFT,put,Thu->Fri,market,50.0,10,14:00,300,51.0,35.0,False
MSFT,put,Thu->Fri,market,50.0,11,14:30,300,35.333,45.0,False
MSFT,put,Thu->Fri,market,50.0,12,15:00,300,22.0,30.0,False
MSFT,put,Thu->Fri,market,50.0,13,15:30,50,16.0,20.0,False
MSFT,put,Thu->Fri,market,75.0,1,12:30,300,78.667,100.0,False
MSFT,put,Thu->Fri,market,75.0,2,13:00,300,74.0,85.0,False
MSFT,put,Thu->Fri,market,75.0,3,09:30,250,70.8,105.0,False
MSFT,put,Thu->Fri,market,75.0,4,10:30,300,67.0,65.0,False
MSFT,put,Thu->Fri,market,75.0,5,10:00,300,63.667,85.0,False
MSFT,put,Thu->Fri,market,75.0,6,11:30,300,63.667,160.0,False
MSFT,put,Thu->Fri,market,75.0,7,12:00,300,63.333,125.0,False
MSFT,put,Thu->Fri,market,75.0,8,11:00,300,60.0,140.0,False
MSFT,put,Thu->Fri,market,75.0,9,13:30,300,51.0,65.0,False
MSFT,put,Thu->Fri,market,75.0,10,14:00,300,39.0,45.0,False
MSFT,put,Thu->Fri,market,75.0,11,14:30,300,23.667,60.0,False
MSFT,put,Thu->Fri,market,75.0,12,15:00,300,13.667,35.0,False
MSFT,put,Thu->Fri,market,75.0,13,15:30,50,12.0,22.5,False
MSFT,put,Thu->Fri,market,100.0,1,12:30,300,66.667,110.0,False
MSFT,put,Thu->Fri,market,100.0,2,10:30,300,60.0,157.5,False
MSFT,put,Thu->Fri,market,100.0,3,09:30,250,58.0,110.0,False
MSFT,put,Thu->Fri,market,100.0,4,13:00,300,57.667,90.0,False
MSFT,put,Thu->Fri,market,100.0,5,12:00,300,51.667,125.0,False
MSFT,put,Thu->Fri,market,100.0,6,10:00,300,51.333,87.5,False
MSFT,put,Thu->Fri,market,100.0,7,11:30,300,50.0,165.0,False
MSFT,put,Thu->Fri,market,100.0,8,11:00,300,46.333,140.0,False
MSFT,put,Thu->Fri,market,100.0,9,13:30,300,42.333,70.0,False
MSFT,put,Thu->Fri,market,100.0,10,14:00,300,29.333,55.0,False
MSFT,put,Thu->Fri,market,100.0,11,14:30,300,14.667,65.0,False
MSFT,put,Thu->Fri,market,100.0,12,15:00,300,9.333,40.0,False
MSFT,put,Thu->Fri,market,100.0,13,15:30,50,6.0,25.0,False
MSFT,call,Fri-0DTE,mid,30.0,1,09:30,250,85.2,20.0,False
MSFT,call,Fri-0DTE,mid,30.0,2,10:00,300,77.333,15.0,False
MSFT,call,Fri-0DTE,mid,30.0,3,10:30,300,77.333,25.0,False
MSFT,call,Fri-0DTE,mid,30.0,4,11:00,300,77.0,20.0,False
MSFT,call,Fri-0DTE,mid,30.0,5,13:00,300,68.667,25.0,False
MSFT,call,Fri-0DTE,mid,30.0,6,11:30,300,67.0,20.0,False
MSFT,call,Fri-0DTE,mid,30.0,7,12:00,300,65.333,10.0,False
MSFT,call,Fri-0DTE,mid,30.0,8,13:30,300,62.333,10.0,False
MSFT,call,Fri-0DTE,mid,30.0,9,12:30,300,57.667,60.0,False
MSFT,call,Fri-0DTE,mid,30.0,10,14:00,300,52.667,15.0,False
MSFT,call,Fri-0DTE,mid,30.0,11,14:30,300,44.667,17.5,False
MSFT,call,Fri-0DTE,mid,30.0,12,15:30,50,32.0,12.5,False
MSFT,call,Fri-0DTE,mid,30.0,13,15:00,300,30.333,10.0,False
MSFT,call,Fri-0DTE,mid,50.0,1,09:30,250,79.6,35.0,False
MSFT,call,Fri-0DTE,mid,50.0,2,10:00,300,72.667,25.0,False
MSFT,call,Fri-0DTE,mid,50.0,3,11:00,300,69.0,25.0,False
MSFT,call,Fri-0DTE,mid,50.0,4,10:30,300,68.667,30.0,False
MSFT,call,Fri-0DTE,mid,50.0,5,13:00,300,63.667,25.0,False
MSFT,call,Fri-0DTE,mid,50.0,6,13:30,300,56.667,15.0,False
MSFT,call,Fri-0DTE,mid,50.0,7,11:30,300,56.333,20.0,False
MSFT,call,Fri-0DTE,mid,50.0,8,12:00,300,55.0,15.0,False
MSFT,call,Fri-0DTE,mid,50.0,9,12:30,300,51.0,65.0,False
MSFT,call,Fri-0DTE,mid,50.0,10,14:00,300,47.333,15.0,False
MSFT,call,Fri-0DTE,mid,50.0,11,14:30,300,38.0,20.0,False
MSFT,call,Fri-0DTE,mid,50.0,12,15:30,50,28.0,12.5,False
MSFT,call,Fri-0DTE,mid,50.0,13,15:00,300,27.0,15.0,False
MSFT,call,Fri-0DTE,mid,75.0,1,09:30,250,74.0,40.0,False
MSFT,call,Fri-0DTE,mid,75.0,2,10:00,300,67.333,35.0,False
MSFT,call,Fri-0DTE,mid,75.0,3,10:30,300,61.667,40.0,False
MSFT,call,Fri-0DTE,mid,75.0,4,11:00,300,60.333,30.0,False
MSFT,call,Fri-0DTE,mid,75.0,5,13:00,300,57.0,30.0,False
MSFT,call,Fri-0DTE,mid,75.0,6,13:30,300,51.667,20.0,False
MSFT,call,Fri-0DTE,mid,75.0,7,11:30,300,49.333,25.0,False
MSFT,call,Fri-0DTE,mid,75.0,8,12:00,300,49.0,20.0,False
MSFT,call,Fri-0DTE,mid,75.0,9,14:00,300,43.667,20.0,False
MSFT,call,Fri-0DTE,mid,75.0,10,12:30,300,43.667,65.0,False
MSFT,call,Fri-0DTE,mid,75.0,11,14:30,300,32.0,20.0,False
MSFT,call,Fri-0DTE,mid,75.0,12,15:30,50,26.0,15.0,False
MSFT,call,Fri-0DTE,mid,75.0,13,15:00,300,23.333,20.0,False
MSFT,call,Fri-0DTE,mid,100.0,1,09:30,250,67.2,50.0,False
MSFT,call,Fri-0DTE,mid,100.0,2,10:00,300,63.333,45.0,False
MSFT,call,Fri-0DTE,mid,100.0,3,11:00,300,54.333,40.0,False
MSFT,call,Fri-0DTE,mid,100.0,4,10:30,300,54.0,37.5,False
MSFT,call,Fri-0DTE,mid,100.0,5,13:00,300,50.667,35.0,False
MSFT,call,Fri-0DTE,mid,100.0,6,13:30,300,46.0,25.0,False
MSFT,call,Fri-0DTE,mid,100.0,7,11:30,300,45.0,30.0,False
MSFT,call,Fri-0DTE,mid,100.0,8,12:00,300,41.333,15.0,False
MSFT,call,Fri-0DTE,mid,100.0,9,14:00,300,39.0,20.0,False
MSFT,call,Fri-0DTE,mid,100.0,10,12:30,300,39.0,65.0,False
MSFT,call,Fri-0DTE,mid,100.0,11,14:30,300,26.0,20.0,False
MSFT,call,Fri-0DTE,mid,100.0,12,15:30,50,24.0,17.5,False
MSFT,call,Fri-0DTE,mid,100.0,13,15:00,300,21.0,30.0,False
MSFT,call,Fri-0DTE,market,30.0,1,09:30,250,83.2,25.0,False
MSFT,call,Fri-0DTE,market,30.0,2,10:00,300,76.667,15.0,False
MSFT,call,Fri-0DTE,market,30.0,3,11:00,300,75.667,20.0,False
MSFT,call,Fri-0DTE,market,30.0,4,10:30,300,74.667,30.0,False
MSFT,call,Fri-0DTE,market,30.0,5,13:00,300,68.667,25.0,False
MSFT,call,Fri-0DTE,market,30.0,6,11:30,300,65.0,20.0,False
MSFT,call,Fri-0DTE,market,30.0,7,12:00,300,63.333,12.5,False
MSFT,call,Fri-0DTE,market,30.0,8,13:30,300,61.333,12.5,False
MSFT,call,Fri-0DTE,market,30.0,9,12:30,300,56.0,60.0,False
MSFT,call,Fri-0DTE,market,30.0,10,14:00,300,50.0,15.0,False
MSFT,call,Fri-0DTE,market,30.0,11,14:30,300,43.0,20.0,False
MSFT,call,Fri-0DTE,market,30.0,12,15:30,50,30.0,10.0,False
MSFT,call,Fri-0DTE,market,30.0,13,15:00,300,29.0,10.0,False
MSFT,call,Fri-0DTE,market,50.0,1,09:30,250,78.0,35.0,False
MSFT,call,Fri-0DTE,market,50.0,2,10:00,300,70.667,25.0,False
MSFT,call,Fri-0DTE,market,50.0,3,11:00,300,66.667,25.0,False
MSFT,call,Fri-0DTE,market,50.0,4,10:30,300,66.333,35.0,False
MSFT,call,Fri-0DTE,market,50.0,5,13:00,300,62.333,25.0,False
MSFT,call,Fri-0DTE,market,50.0,6,13:30,300,56.333,20.0,False
MSFT,call,Fri-0DTE,market,50.0,7,11:30,300,55.333,25.0,False
MSFT,call,Fri-0DTE,market,50.0,8,12:00,300,53.667,15.0,False
MSFT,call,Fri-0DTE,market,50.0,9,12:30,300,49.667,65.0,False
MSFT,call,Fri-0DTE,market,50.0,10,14:00,300,45.667,15.0,False
MSFT,call,Fri-0DTE,market,50.0,11,14:30,300,35.667,20.0,False
MSFT,call,Fri-0DTE,market,50.0,12,15:30,50,28.0,12.5,False
MSFT,call,Fri-0DTE,market,50.0,13,15:00,300,26.667,20.0,False
MSFT,call,Fri-0DTE,market,75.0,1,09:30,250,71.2,45.0,False
MSFT,call,Fri-0DTE,market,75.0,2,10:00,300,65.667,35.0,False
MSFT,call,Fri-0DTE,market,75.0,3,10:30,300,58.667,35.0,False
MSFT,call,Fri-0DTE,market,75.0,4,11:00,300,57.667,30.0,False
MSFT,call,Fri-0DTE,market,75.0,5,13:00,300,55.667,30.0,False
MSFT,call,Fri-0DTE,market,75.0,6,13:30,300,50.667,25.0,False
MSFT,call,Fri-0DTE,market,75.0,7,11:30,300,48.333,30.0,False
MSFT,call,Fri-0DTE,market,75.0,8,12:00,300,47.0,20.0,False
MSFT,call,Fri-0DTE,market,75.0,9,12:30,300,42.667,65.0,False
MSFT,call,Fri-0DTE,market,75.0,10,14:00,300,42.333,20.0,False
MSFT,call,Fri-0DTE,market,75.0,11,14:30,300,30.667,20.0,False
MSFT,call,Fri-0DTE,market,75.0,12,15:30,50,26.0,15.0,False
MSFT,call,Fri-0DTE,market,75.0,13,15:00,300,22.667,25.0,False
MSFT,call,Fri-0DTE,market,100.0,1,09:30,250,65.2,50.0,False
MSFT,call,Fri-0DTE,market,100.0,2,10:00,300,61.333,45.0,False
MSFT,call,Fri-0DTE,market,100.0,3,10:30,300,52.0,35.0,False
MSFT,call,Fri-0DTE,market,100.0,4,11:00,300,52.0,45.0,False
MSFT,call,Fri-0DTE,market,100.0,5,13:00,300,49.333,40.0,False
MSFT,call,Fri-0DTE,market,100.0,6,13:30,300,45.333,25.0,False
MSFT,call,Fri-0DTE,market,100.0,7,11:30,300,43.333,32.5,False
MSFT,call,Fri-0DTE,market,100.0,8,12:00,300,40.0,25.0,False
MSFT,call,Fri-0DTE,market,100.0,9,12:30,300,38.333,70.0,False
MSFT,call,Fri-0DTE,market,100.0,10,14:00,300,37.0,20.0,False
MSFT,call,Fri-0DTE,market,100.0,11,14:30,300,23.333,20.0,False
MSFT,call,Fri-0DTE,market,100.0,12,15:30,50,22.0,15.0,False
MSFT,call,Fri-0DTE,market,100.0,13,15:00,300,20.0,27.5,False
MSFT,put,Fri-0DTE,mid,30.0,1,09:30,250,90.4,25.0,False
MSFT,put,Fri-0DTE,mid,30.0,2,10:00,300,85.667,25.0,False
MSFT,put,Fri-0DTE,mid,30.0,3,10:30,300,82.667,20.0,False
MSFT,put,Fri-0DTE,mid,30.0,4,12:30,300,81.0,10.0,False
MSFT,put,Fri-0DTE,mid,30.0,5,11:00,300,81.0,35.0,False
MSFT,put,Fri-0DTE,mid,30.0,6,11:30,300,70.333,15.0,False
MSFT,put,Fri-0DTE,mid,30.0,7,12:00,300,70.333,25.0,False
MSFT,put,Fri-0DTE,mid,30.0,8,13:00,300,66.0,20.0,False
MSFT,put,Fri-0DTE,mid,30.0,9,13:30,300,63.667,15.0,False
MSFT,put,Fri-0DTE,mid,30.0,10,14:30,300,60.333,20.0,False
MSFT,put,Fri-0DTE,mid,30.0,11,14:00,300,52.333,20.0,False
MSFT,put,Fri-0DTE,mid,30.0,12,15:00,300,43.667,10.0,False
MSFT,put,Fri-0DTE,mid,30.0,13,15:30,50,20.0,12.5,False
MSFT,put,Fri-0DTE,mid,50.0,1,09:30,250,86.0,35.0,False
MSFT,put,Fri-0DTE,mid,50.0,2,10:00,300,79.333,35.0,False
MSFT,put,Fri-0DTE,mid,50.0,3,10:30,300,77.0,35.0,False
MSFT,put,Fri-0DTE,mid,50.0,4,11:00,300,75.333,65.0,False
MSFT,put,Fri-0DTE,mid,50.0,5,12:30,300,72.0,15.0,False
MSFT,put,Fri-0DTE,mid,50.0,6,11:30,300,67.0,30.0,False
MSFT,put,Fri-0DTE,mid,50.0,7,12:00,300,66.0,30.0,False
MSFT,put,Fri-0DTE,mid,50.0,8,13:00,300,56.667,35.0,False
MSFT,put,Fri-0DTE,mid,50.0,9,13:30,300,56.0,25.0,False
MSFT,put,Fri-0DTE,mid,50.0,10,14:30,300,50.667,25.0,False
MSFT,put,Fri-0DTE,mid,50.0,11,14:00,300,46.333,40.0,False
MSFT,put,Fri-0DTE,mid,50.0,12,15:00,300,32.333,10.0,False
MSFT,put,Fri-0DTE,mid,50.0,13,15:30,50,10.0,15.0,False
MSFT,put,Fri-0DTE,mid,75.0,1,09:30,250,79.2,60.0,False
MSFT,put,Fri-0DTE,mid,75.0,2,10:30,300,72.667,60.0,False
MSFT,put,Fri-0DTE,mid,75.0,3,10:00,300,70.333,45.0,False
MSFT,put,Fri-0DTE,mid,75.0,4,11:00,300,67.667,80.0,False
MSFT,put,Fri-0DTE,mid,75.0,5,11:30,300,64.667,47.5,False
MSFT,put,Fri-0DTE,mid,75.0,6,12:30,300,64.333,20.0,False
MSFT,put,Fri-0DTE,mid,75.0,7,12:00,300,62.667,40.0,False
MSFT,put,Fri-0DTE,mid,75.0,8,13:30,300,50.0,30.0,False
MSFT,put,Fri-0DTE,mid,75.0,9,13:00,300,47.667,40.0,False
MSFT,put,Fri-0DTE,mid,75.0,10,14:30,300,41.0,25.0,False
MSFT,put,Fri-0DTE,mid,75.0,11,14:00,300,40.333,50.0,False
MSFT,put,Fri-0DTE,mid,75.0,12,15:00,300,26.333,10.0,False
MSFT,put,Fri-0DTE,mid,75.0,13,15:30,50,6.0,15.0,False
MSFT,put,Fri-0DTE,mid,100.0,1,09:30,250,72.4,70.0,False
MSFT,put,Fri-0DTE,mid,100.0,2,10:30,300,66.333,85.0,False
MSFT,put,Fri-0DTE,mid,100.0,3,10:00,300,63.667,55.0,False
MSFT,put,Fri-0DTE,mid,100.0,4,11:00,300,61.333,95.0,False
MSFT,put,Fri-0DTE,mid,100.0,5,11:30,300,60.0,55.0,False
MSFT,put,Fri-0DTE,mid,100.0,6,12:00,300,58.333,45.0,False
MSFT,put,Fri-0DTE,mid,100.0,7,12:30,300,56.0,20.0,False
MSFT,put,Fri-0DTE,mid,100.0,8,13:30,300,41.0,35.0,False
MSFT,put,Fri-0DTE,mid,100.0,9,13:00,300,40.667,45.0,False
MSFT,put,Fri-0DTE,mid,100.0,10,14:00,300,35.0,60.0,False
MSFT,put,Fri-0DTE,mid,100.0,11,14:30,300,34.0,25.0,False
MSFT,put,Fri-0DTE,mid,100.0,12,15:00,300,21.667,10.0,False
MSFT,put,Fri-0DTE,mid,100.0,13,15:30,50,4.0,17.5,False
MSFT,put,Fri-0DTE,market,30.0,1,09:30,250,89.6,30.0,False
MSFT,put,Fri-0DTE,market,30.0,2,10:00,300,84.333,30.0,False
MSFT,put,Fri-0DTE,market,30.0,3,10:30,300,81.0,25.0,False
MSFT,put,Fri-0DTE,market,30.0,4,11:00,300,79.667,35.0,False
MSFT,put,Fri-0DTE,market,30.0,5,12:30,300,78.0,15.0,False
MSFT,put,Fri-0DTE,market,30.0,6,11:30,300,69.333,20.0,False
MSFT,put,Fri-0DTE,market,30.0,7,12:00,300,69.333,30.0,False
MSFT,put,Fri-0DTE,market,30.0,8,13:00,300,62.333,25.0,False
MSFT,put,Fri-0DTE,market,30.0,9,13:30,300,60.333,20.0,False
MSFT,put,Fri-0DTE,market,30.0,10,14:30,300,58.0,20.0,False
MSFT,put,Fri-0DTE,market,30.0,11,14:00,300,50.0,30.0,False
MSFT,put,Fri-0DTE,market,30.0,12,15:00,300,40.333,10.0,False
MSFT,put,Fri-0DTE,market,30.0,13,15:30,50,14.0,10.0,False
MSFT,put,Fri-0DTE,market,50.0,1,09:30,250,84.8,40.0,False
MSFT,put,Fri-0DTE,market,50.0,2,10:00,300,78.333,40.0,False
MSFT,put,Fri-0DTE,market,50.0,3,10:30,300,76.0,40.0,False
MSFT,put,Fri-0DTE,market,50.0,4,11:00,300,73.333,70.0,False
MSFT,put,Fri-0DTE,market,50.0,5,12:30,300,69.333,15.0,False
MSFT,put,Fri-0DTE,market,50.0,6,11:30,300,67.0,30.0,False
MSFT,put,Fri-0DTE,market,50.0,7,12:00,300,65.333,35.0,False
MSFT,put,Fri-0DTE,market,50.0,8,13:00,300,53.667,35.0,False
MSFT,put,Fri-0DTE,market,50.0,9,13:30,300,53.0,25.0,False
MSFT,put,Fri-0DTE,market,50.0,10,14:30,300,48.333,25.0,False
MSFT,put,Fri-0DTE,market,50.0,11,14:00,300,44.667,40.0,False
MSFT,put,Fri-0DTE,market,50.0,12,15:00,300,29.667,10.0,False
MSFT,put,Fri-0DTE,market,50.0,13,15:30,50,10.0,15.0,False
MSFT,put,Fri-0DTE,market,75.0,1,09:30,250,77.2,60.0,False
MSFT,put,Fri-0DTE,market,75.0,2,10:30,300,71.0,65.0,False
MSFT,put,Fri-0DTE,market,75.0,3,10:00,300,68.667,50.0,False
MSFT,put,Fri-0DTE,market,75.0,4,11:00,300,66.667,87.5,False
MSFT,put,Fri-0DTE,market,75.0,5,11:30,300,63.667,50.0,False
MSFT,put,Fri-0DTE,market,75.0,6,12:30,300,62.667,20.0,False
MSFT,put,Fri-0DTE,market,75.0,7,12:00,300,61.333,40.0,False
MSFT,put,Fri-0DTE,market,75.0,8,13:30,300,48.333,30.0,False
MSFT,put,Fri-0DTE,market,75.0,9,13:00,300,46.333,40.0,False
MSFT,put,Fri-0DTE,market,75.0,10,14:30,300,38.667,25.0,False
MSFT,put,Fri-0DTE,market,75.0,11,14:00,300,38.0,50.0,False
MSFT,put,Fri-0DTE,market,75.0,12,15:00,300,24.0,10.0,False
MSFT,put,Fri-0DTE,market,75.0,13,15:30,50,6.0,15.0,False
MSFT,put,Fri-0DTE,market,100.0,1,09:30,250,70.8,75.0,False
MSFT,put,Fri-0DTE,market,100.0,2,10:30,300,63.0,90.0,False
MSFT,put,Fri-0DTE,market,100.0,3,10:00,300,60.333,60.0,False
MSFT,put,Fri-0DTE,market,100.0,4,11:30,300,59.333,60.0,False
MSFT,put,Fri-0DTE,market,100.0,5,11:00,300,59.333,97.5,False
MSFT,put,Fri-0DTE,market,100.0,6,12:00,300,57.667,45.0,False
MSFT,put,Fri-0DTE,market,100.0,7,12:30,300,54.667,20.0,False
MSFT,put,Fri-0DTE,market,100.0,8,13:30,300,39.667,50.0,False
MSFT,put,Fri-0DTE,market,100.0,9,13:00,300,39.333,45.0,False
MSFT,put,Fri-0DTE,market,100.0,10,14:30,300,33.333,25.0,False
MSFT,put,Fri-0DTE,market,100.0,11,14:00,300,33.333,60.0,False
MSFT,put,Fri-0DTE,market,100.0,12,15:00,300,21.0,10.0,False
MSFT,put,Fri-0DTE,market,100.0,13,15:30,50,2.0,5.0,False
NVDA,call,Mon-0DTE,mid,30.0,1,09:30,250,72.4,15.0,False
NVDA,call,Mon-0DTE,mid,30.0,2,12:00,300,69.0,20.0,False
NVDA,call,Mon-0DTE,mid,30.0,3,11:30,300,69.0,35.0,False
NVDA,call,Mon-0DTE,mid,30.0,4,10:00,300,67.333,20.0,False
NVDA,call,Mon-0DTE,mid,30.0,5,11:00,300,64.667,55.0,False
NVDA,call,Mon-0DTE,mid,30.0,6,10:30,300,60.333,25.0,False
NVDA,call,Mon-0DTE,mid,30.0,7,12:30,300,58.0,15.0,False
NVDA,call,Mon-0DTE,mid,30.0,8,13:00,300,56.333,20.0,False
NVDA,call,Mon-0DTE,mid,30.0,9,13:30,300,44.667,30.0,False
NVDA,call,Mon-0DTE,mid,30.0,10,14:00,300,40.667,30.0,False
NVDA,call,Mon-0DTE,mid,30.0,11,14:30,300,32.333,35.0,False
NVDA,call,Mon-0DTE,mid,30.0,12,15:00,300,29.667,25.0,False
NVDA,call,Mon-0DTE,mid,30.0,13,15:30,50,16.0,22.5,False
NVDA,call,Mon-0DTE,mid,50.0,1,09:30,250,62.0,20.0,False
NVDA,call,Mon-0DTE,mid,50.0,2,12:00,300,61.667,25.0,False
NVDA,call,Mon-0DTE,mid,50.0,3,11:30,300,61.667,40.0,False
NVDA,call,Mon-0DTE,mid,50.0,4,10:00,300,61.0,50.0,False
NVDA,call,Mon-0DTE,mid,50.0,5,10:30,300,58.0,35.0,False
NVDA,call,Mon-0DTE,mid,50.0,6,11:00,300,58.0,65.0,False
NVDA,call,Mon-0DTE,mid,50.0,7,12:30,300,52.333,25.0,False
NVDA,call,Mon-0DTE,mid,50.0,8,13:00,300,45.667,25.0,False
NVDA,call,Mon-0DTE,mid,50.0,9,13:30,300,34.0,40.0,False
NVDA,call,Mon-0DTE,mid,50.0,10,14:00,300,29.667,60.0,False
NVDA,call,Mon-0DTE,mid,50.0,11,14:30,300,22.333,35.0,False
NVDA,call,Mon-0DTE,mid,50.0,12,15:00,300,20.0,20.0,False
NVDA,call,Mon-0DTE,mid,50.0,13,15:30,50,12.0,22.5,False
NVDA,call,Mon-0DTE,mid,75.0,1,11:30,300,57.0,50.0,False
NVDA,call,Mon-0DTE,mid,75.0,2,12:00,300,56.333,30.0,False
NVDA,call,Mon-0DTE,mid,75.0,3,10:30,300,56.0,45.0,False
NVDA,call,Mon-0DTE,mid,75.0,4,10:00,300,54.667,75.0,False
NVDA,call,Mon-0DTE,mid,75.0,5,11:00,300,52.667,70.0,False
NVDA,call,Mon-0DTE,mid,75.0,6,09:30,250,50.8,30.0,False
NVDA,call,Mon-0DTE,mid,75.0,7,12:30,300,48.667,35.0,False
NVDA,call,Mon-0DTE,mid,75.0,8,13:00,300,39.0,40.0,False
NVDA,call,Mon-0DTE,mid,75.0,9,13:30,300,24.333,45.0,False
NVDA,call,Mon-0DTE,mid,75.0,10,14:00,300,22.333,50.0,False
NVDA,call,Mon-0DTE,mid,75.0,11,14:30,300,17.0,35.0,False
NVDA,call,Mon-0DTE,mid,75.0,12,15:00,300,16.0,20.0,False
NVDA,call,Mon-0DTE,mid,75.0,13,15:30,50,12.0,22.5,False
NVDA,call,Mon-0DTE,mid,100.0,1,10:30,300,52.333,50.0,False
NVDA,call,Mon-0DTE,mid,100.0,2,10:00,300,51.0,85.0,False
NVDA,call,Mon-0DTE,mid,100.0,3,12:00,300,50.333,35.0,False
NVDA,call,Mon-0DTE,mid,100.0,4,11:30,300,50.0,55.0,False
NVDA,call,Mon-0DTE,mid,100.0,5,11:00,300,48.667,75.0,False
NVDA,call,Mon-0DTE,mid,100.0,6,09:30,250,42.8,50.0,False
NVDA,call,Mon-0DTE,mid,100.0,7,12:30,300,41.667,45.0,False
NVDA,call,Mon-0DTE,mid,100.0,8,13:00,300,32.667,45.0,False
NVDA,call,Mon-0DTE,mid,100.0,9,13:30,300,19.0,45.0,False
NVDA,call,Mon-0DTE,mid,100.0,10,14:00,300,18.333,50.0,False
NVDA,call,Mon-0DTE,mid,100.0,11,14:30,300,15.667,35.0,False
NVDA,call,Mon-0DTE,mid,100.0,12,15:00,300,14.333,20.0,False
NVDA,call,Mon-0DTE,mid,100.0,13,15:30,50,12.0,22.5,False
NVDA,call,Mon-0DTE,market,30.0,1,09:30,250,69.2,15.0,False
NVDA,call,Mon-0DTE,market,30.0,2,11:30,300,67.333,35.0,False
NVDA,call,Mon-0DTE,market,30.0,3,12:00,300,66.333,20.0,False
NVDA,call,Mon-0DTE,market,30.0,4,10:00,300,65.0,20.0,False
NVDA,call,Mon-0DTE,market,30.0,5,11:00,300,63.333,60.0,False
NVDA,call,Mon-0DTE,market,30.0,6,10:30,300,60.0,30.0,False
NVDA,call,Mon-0DTE,market,30.0,7,12:30,300,58.0,20.0,False
NVDA,call,Mon-0DTE,market,30.0,8,13:00,300,54.667,25.0,False
NVDA,call,Mon-0DTE,market,30.0,9,13:30,300,42.333,35.0,False
NVDA,call,Mon-0DTE,market,30.0,10,14:00,300,38.333,40.0,False
NVDA,call,Mon-0DTE,market,30.0,11,14:30,300,31.333,35.0,False
NVDA,call,Mon-0DTE,market,30.0,12,15:00,300,26.667,25.0,False
NVDA,call,Mon-0DTE,market,30.0,13,15:30,50,16.0,22.5,False
NVDA,call,Mon-0DTE,market,50.0,1,12:00,300,60.667,25.0,False
NVDA,call,Mon-0DTE,market,50.0,2,11:30,300,60.667,45.0,False
NVDA,call,Mon-0DTE,market,50.0,3,10:00,300,59.0,60.0,False
NVDA,call,Mon-0DTE,market,50.0,4,09:30,250,58.8,25.0,False
NVDA,call,Mon-0DTE,market,50.0,5,10:30,300,57.667,40.0,False
NVDA,call,Mon-0DTE,market,50.0,6,11:00,300,56.0,65.0,False
NVDA,call,Mon-0DTE,market,50.0,7,12:30,300,51.333,25.0,False
NVDA,call,Mon-0DTE,market,50.0,8,13:00,300,45.0,30.0,False
NVDA,call,Mon-0DTE,market,50.0,9,13:30,300,30.667,45.0,False
NVDA,call,Mon-0DTE,market,50.0,10,14:00,300,28.333,50.0,False
NVDA,call,Mon-0DTE,market,50.0,11,14:30,300,20.0,35.0,False
NVDA,call,Mon-0DTE,market,50.0,12,15:00,300,18.667,17.5,False
NVDA,call,Mon-0DTE,market,50.0,13,15:30,50,12.0,22.5,False
NVDA,call,Mon-0DTE,market,75.0,1,10:30,300,55.0,45.0,False
NVDA,call,Mon-0DTE,market,75.0,2,12:00,300,54.667,30.0,False
NVDA,call,Mon-0DTE,market,75.0,3,11:30,300,54.667,50.0,False
NVDA,call,Mon-0DTE,market,75.0,4,10:00,300,53.667,80.0,False
NVDA,call,Mon-0DTE,market,75.0,5,11:00,300,52.333,70.0,False
NVDA,call,Mon-0DTE,market,75.0,6,09:30,250,48.4,40.0,False
NVDA,call,Mon-0DTE,market,75.0,7,12:30,300,47.667,35.0,False
NVDA,call,Mon-0DTE,market,75.0,8,13:00,300,37.333,40.0,False
NVDA,call,Mon-0DTE,market,75.0,9,13:30,300,23.333,45.0,False
NVDA,call,Mon-0DTE,market,75.0,10,14:00,300,22.0,52.5,False
NVDA,call,Mon-0DTE,market,75.0,11,14:30,300,16.667,32.5,False
NVDA,call,Mon-0DTE,market,75.0,12,15:00,300,16.0,20.0,False
NVDA,call,Mon-0DTE,market,75.0,13,15:30,50,12.0,22.5,False
NVDA,call,Mon-0DTE,market,100.0,1,10:30,300,51.333,50.0,False
NVDA,call,Mon-0DTE,market,100.0,2,10:00,300,50.0,82.5,False
NVDA,call,Mon-0DTE,market,100.0,3,12:00,300,49.0,35.0,False
NVDA,call,Mon-0DTE,market,100.0,4,11:30,300,49.0,55.0,False
NVDA,call,Mon-0DTE,market,100.0,5,11:00,300,48.333,75.0,False
NVDA,call,Mon-0DTE,market,100.0,6,09:30,250,42.4,57.5,False
NVDA,call,Mon-0DTE,market,100.0,7,12:30,300,39.333,45.0,False
NVDA,call,Mon-0DTE,market,100.0,8,13:00,300,29.667,45.0,False
NVDA,call,Mon-0DTE,market,100.0,9,13:30,300,18.333,45.0,False
NVDA,call,Mon-0DTE,market,100.0,10,14:00,300,18.0,47.5,False
NVDA,call,Mon-0DTE,market,100.0,11,15:00,300,14.333,20.0,False
NVDA,call,Mon-0DTE,market,100.0,12,14:30,300,14.333,35.0,False
NVDA,call,Mon-0DTE,market,100.0,13,15:30,50,12.0,22.5,False
NVDA,put,Mon-0DTE,mid,30.0,1,10:00,300,87.667,20.0,False
NVDA,put,Mon-0DTE,mid,30.0,2,09:30,250,83.6,25.0,False
NVDA,put,Mon-0DTE,mid,30.0,3,10:30,300,78.0,20.0,False
NVDA,put,Mon-0DTE,mid,30.0,4,11:00,300,70.667,32.5,False
NVDA,put,Mon-0DTE,mid,30.0,5,12:00,300,64.333,30.0,False
NVDA,put,Mon-0DTE,mid,30.0,6,11:30,300,63.333,35.0,False
NVDA,put,Mon-0DTE,mid,30.0,7,12:30,300,60.0,20.0,False
NVDA,put,Mon-0DTE,mid,30.0,8,13:00,300,54.667,35.0,False
NVDA,put,Mon-0DTE,mid,30.0,9,14:30,300,53.0,30.0,False
NVDA,put,Mon-0DTE,mid,30.0,10,13:30,300,51.0,25.0,False
NVDA,put,Mon-0DTE,mid,30.0,11,14:00,300,49.333,30.0,False
NVDA,put,Mon-0DTE,mid,30.0,12,15:00,300,36.667,15.0,False
NVDA,put,Mon-0DTE,mid,30.0,13,15:30,50,30.0,10.0,False
NVDA,put,Mon-0DTE,mid,50.0,1,10:00,300,84.0,35.0,False
NVDA,put,Mon-0DTE,mid,50.0,2,09:30,250,82.4,30.0,False
NVDA,put,Mon-0DTE,mid,50.0,3,10:30,300,68.667,27.5,False
NVDA,put,Mon-0DTE,mid,50.0,4,11:00,300,60.333,50.0,False
NVDA,put,Mon-0DTE,mid,50.0,5,12:00,300,53.333,35.0,False
NVDA,put,Mon-0DTE,mid,50.0,6,11:30,300,52.667,50.0,False
NVDA,put,Mon-0DTE,mid,50.0,7,12:30,300,51.0,25.0,False
NVDA,put,Mon-0DTE,mid,50.0,8,13:00,300,43.667,45.0,False
NVDA,put,Mon-0DTE,mid,50.0,9,13:30,300,42.0,27.5,False
NVDA,put,Mon-0DTE,mid,50.0,10,14:30,300,37.667,35.0,False
NVDA,put,Mon-0DTE,mid,50.0,11,14:00,300,35.333,30.0,False
NVDA,put,Mon-0DTE,mid,50.0,12,15:00,300,26.333,15.0,False
NVDA,put,Mon-0DTE,mid,50.0,13,15:30,50,22.0,10.0,False
NVDA,put,Mon-0DTE,mid,75.0,1,09:30,250,78.8,40.0,False
NVDA,put,Mon-0DTE,mid,75.0,2,10:00,300,78.0,40.0,False
NVDA,put,Mon-0DTE,mid,75.0,3,10:30,300,60.0,40.0,False
NVDA,put,Mon-0DTE,mid,75.0,4,11:00,300,53.667,65.0,False
NVDA,put,Mon-0DTE,mid,75.0,5,11:30,300,45.667,65.0,False
NVDA,put,Mon-0DTE,mid,75.0,6,12:30,300,44.333,35.0,False
NVDA,put,Mon-0DTE,mid,75.0,7,12:00,300,44.0,40.0,False
NVDA,put,Mon-0DTE,mid,75.0,8,13:00,300,37.0,50.0,False
NVDA,put,Mon-0DTE,mid,75.0,9,13:30,300,35.667,35.0,False
NVDA,put,Mon-0DTE,mid,75.0,10,14:30,300,28.667,35.0,False
NVDA,put,Mon-0DTE,mid,75.0,11,14:00,300,27.333,32.5,False
NVDA,put,Mon-0DTE,mid,75.0,12,15:00,300,19.0,15.0,False
NVDA,put,Mon-0DTE,mid,75.0,13,15:30,50,14.0,10.0,False
NVDA,put,Mon-0DTE,mid,100.0,1,09:30,250,74.0,50.0,False
NVDA,put,Mon-0DTE,mid,100.0,2,10:00,300,69.0,50.0,False
NVDA,put,Mon-0DTE,mid,100.0,3,10:30,300,52.0,45.0,False
NVDA,put,Mon-0DTE,mid,100.0,4,11:00,300,48.333,90.0,False
NVDA,put,Mon-0DTE,mid,100.0,5,11:30,300,41.333,70.0,False
NVDA,put,Mon-0DTE,mid,100.0,6,12:00,300,39.333,50.0,False
NVDA,put,Mon-0DTE,mid,100.0,7,12:30,300,38.0,40.0,False
NVDA,put,Mon-0DTE,mid,100.0,8,13:30,300,32.333,40.0,False
NVDA,put,Mon-0DTE,mid,100.0,9,13:00,300,32.0,57.5,False
NVDA,put,Mon-0DTE,mid,100.0,10,14:00,300,24.333,35.0,False
NVDA,put,Mon-0DTE,mid,100.0,11,14:30,300,23.0,35.0,False
NVDA,put,Mon-0DTE,mid,100.0,12,15:00,300,16.0,15.0,False
NVDA,put,Mon-0DTE,mid,100.0,13,15:30,50,10.0,10.0,False
NVDA,put,Mon-0DTE,market,30.0,1,10:00,300,86.0,20.0,False
NVDA,put,Mon-0DTE,market,30.0,2,09:30,250,83.6,25.0,False
NVDA,put,Mon-0DTE,market,30.0,3,10:30,300,75.333,20.0,False
NVDA,put,Mon-0DTE,market,30.0,4,11:00,300,67.0,35.0,False
NVDA,put,Mon-0DTE,market,30.0,5,12:00,300,61.333,30.0,False
NVDA,put,Mon-0DTE,market,30.0,6,11:30,300,59.0,40.0,False
NVDA,put,Mon-0DTE,market,30.0,7,12:30,300,57.333,20.0,False
NVDA,put,Mon-0DTE,market,30.0,8,13:00,300,53.0,35.0,False
NVDA,put,Mon-0DTE,market,30.0,9,14:30,300,50.333,30.0,False
NVDA,put,Mon-0DTE,market,30.0,10,13:30,300,49.333,25.0,False
NVDA,put,Mon-0DTE,market,30.0,11,14:00,300,46.0,30.0,False
NVDA,put,Mon-0DTE,market,30.0,12,15:00,300,34.333,15.0,False
NVDA,put,Mon-0DTE,market,30.0,13,15:30,50,28.0,10.0,False
NVDA,put,Mon-0DTE,market,50.0,1,10:00,300,83.0,35.0,False
NVDA,put,Mon-0DTE,market,50.0,2,09:30,250,81.6,35.0,False
NVDA,put,Mon-0DTE,market,50.0,3,10:30,300,66.667,30.0,False
NVDA,put,Mon-0DTE,market,50.0,4,11:00,300,59.0,55.0,False
NVDA,put,Mon-0DTE,market,50.0,5,12:00,300,51.333,35.0,False
NVDA,put,Mon-0DTE,market,50.0,6,11:30,300,50.333,55.0,False
NVDA,put,Mon-0DTE,market,50.0,7,12:30,300,49.667,25.0,False
NVDA,put,Mon-0DTE,market,50.0,8,13:00,300,42.0,50.0,False
NVDA,put,Mon-0DTE,market,50.0,9,13:30,300,41.0,30.0,False
NVDA,put,Mon-0DTE,market,50.0,10,14:30,300,35.0,35.0,False
NVDA,put,Mon-0DTE,market,50.0,11,14:00,300,33.0,30.0,False
NVDA,put,Mon-0DTE,market,50.0,12,15:00,300,23.333,15.0,False
NVDA,put,Mon-0DTE,market,50.0,13,15:30,50,22.0,10.0,False
NVDA,put,Mon-0DTE,market,75.0,1,09:30,250,76.8,40.0,False
NVDA,put,Mon-0DTE,market,75.0,2,10:00,300,74.0,47.5,False
NVDA,put,Mon-0DTE,market,75.0,3,10:30,300,57.333,40.0,False
NVDA,put,Mon-0DTE,market,75.0,4,11:00,300,52.0,70.0,False
NVDA,put,Mon-0DTE,market,75.0,5,11:30,300,44.0,65.0,False
NVDA,put,Mon-0DTE,market,75.0,6,12:00,300,43.333,40.0,False
NVDA,put,Mon-0DTE,market,75.0,7,12:30,300,43.0,40.0,False
NVDA,put,Mon-0DTE,market,75.0,8,13:00,300,35.333,50.0,False
NVDA,put,Mon-0DTE,market,75.0,9,13:30,300,34.667,35.0,False
NVDA,put,Mon-0DTE,market,75.0,10,14:00,300,26.333,30.0,False
NVDA,put,Mon-0DTE,market,75.0,11,14:30,300,26.333,35.0,False
NVDA,put,Mon-0DTE,market,75.0,12,15:00,300,17.333,15.0,False
NVDA,put,Mon-0DTE,market,75.0,13,15:30,50,14.0,10.0,False
NVDA,put,Mon-0DTE,market,100.0,1,09:30,250,73.2,55.0,False
NVDA,put,Mon-0DTE,market,100.0,2,10:00,300,67.0,55.0,False
NVDA,put,Mon-0DTE,market,100.0,3,10:30,300,51.333,45.0,False
NVDA,put,Mon-0DTE,market,100.0,4,11:00,300,48.0,92.5,False
NVDA,put,Mon-0DTE,market,100.0,5,11:30,300,40.667,72.5,False
NVDA,put,Mon-0DTE,market,100.0,6,12:00,300,38.333,50.0,False
NVDA,put,Mon-0DTE,market,100.0,7,12:30,300,37.0,40.0,False
NVDA,put,Mon-0DTE,market,100.0,8,13:30,300,31.333,40.0,False
NVDA,put,Mon-0DTE,market,100.0,9,13:00,300,29.333,55.0,False
NVDA,put,Mon-0DTE,market,100.0,10,14:00,300,22.333,35.0,False
NVDA,put,Mon-0DTE,market,100.0,11,14:30,300,20.667,32.5,False
NVDA,put,Mon-0DTE,market,100.0,12,15:00,300,15.0,15.0,False
NVDA,put,Mon-0DTE,market,100.0,13,15:30,50,8.0,7.5,False
NVDA,call,Tue-0DTE,mid,30.0,1,09:30,250,86.0,15.0,False
NVDA,call,Tue-0DTE,mid,30.0,2,10:00,300,73.0,15.0,False
NVDA,call,Tue-0DTE,mid,30.0,3,11:00,300,72.333,25.0,False
NVDA,call,Tue-0DTE,mid,30.0,4,11:30,300,67.333,30.0,False
NVDA,call,Tue-0DTE,mid,30.0,5,10:30,300,62.333,30.0,False
NVDA,call,Tue-0DTE,mid,30.0,6,12:30,300,60.0,15.0,False
NVDA,call,Tue-0DTE,mid,30.0,7,12:00,300,59.333,20.0,False
NVDA,call,Tue-0DTE,mid,30.0,8,14:00,300,56.667,25.0,False
NVDA,call,Tue-0DTE,mid,30.0,9,13:30,300,54.667,45.0,False
NVDA,call,Tue-0DTE,mid,30.0,10,13:00,300,45.0,45.0,False
NVDA,call,Tue-0DTE,mid,30.0,11,15:00,300,37.0,15.0,False
NVDA,call,Tue-0DTE,mid,30.0,12,14:30,300,36.0,22.5,False
NVDA,call,Tue-0DTE,mid,30.0,13,15:30,50,30.0,10.0,False
NVDA,call,Tue-0DTE,mid,50.0,1,09:30,250,78.4,20.0,False
NVDA,call,Tue-0DTE,mid,50.0,2,10:00,300,67.0,25.0,False
NVDA,call,Tue-0DTE,mid,50.0,3,11:00,300,64.0,35.0,False
NVDA,call,Tue-0DTE,mid,50.0,4,10:30,300,57.667,50.0,False
NVDA,call,Tue-0DTE,mid,50.0,5,11:30,300,56.333,35.0,False
NVDA,call,Tue-0DTE,mid,50.0,6,12:00,300,53.0,25.0,False
NVDA,call,Tue-0DTE,mid,50.0,7,12:30,300,51.667,20.0,False
NVDA,call,Tue-0DTE,mid,50.0,8,14:00,300,47.0,30.0,False
NVDA,call,Tue-0DTE,mid,50.0,9,13:30,300,44.333,55.0,False
NVDA,call,Tue-0DTE,mid,50.0,10,13:00,300,40.667,52.5,False
NVDA,call,Tue-0DTE,mid,50.0,11,14:30,300,28.667,27.5,False
NVDA,call,Tue-0DTE,mid,50.0,12,15:00,300,27.667,15.0,False
NVDA,call,Tue-0DTE,mid,50.0,13,15:30,50,20.0,10.0,False
NVDA,call,Tue-0DTE,mid,75.0,1,09:30,250,72.8,30.0,False
NVDA,call,Tue-0DTE,mid,75.0,2,10:00,300,59.667,35.0,False
NVDA,call,Tue-0DTE,mid,75.0,3,11:00,300,53.0,50.0,False
NVDA,call,Tue-0DTE,mid,75.0,4,10:30,300,50.0,80.0,False
NVDA,call,Tue-0DTE,mid,75.0,5,11:30,300,48.0,35.0,False
NVDA,call,Tue-0DTE,mid,75.0,6,12:00,300,47.333,30.0,False
NVDA,call,Tue-0DTE,mid,75.0,7,12:30,300,47.333,35.0,False
NVDA,call,Tue-0DTE,mid,75.0,8,14:00,300,34.0,25.0,False
NVDA,call,Tue-0DTE,mid,75.0,9,13:00,300,33.667,50.0,False
NVDA,call,Tue-0DTE,mid,75.0,10,13:30,300,32.0,57.5,False
NVDA,call,Tue-0DTE,mid,75.0,11,14:30,300,21.667,30.0,False
NVDA,call,Tue-0DTE,mid,75.0,12,15:00,300,20.667,15.0,False
NVDA,call,Tue-0DTE,mid,75.0,13,15:30,50,14.0,10.0,False
NVDA,call,Tue-0DTE,mid,100.0,1,09:30,250,68.8,35.0,False
NVDA,call,Tue-0DTE,mid,100.0,2,10:00,300,56.0,40.0,False
NVDA,call,Tue-0DTE,mid,100.0,3,10:30,300,45.667,90.0,False
NVDA,call,Tue-0DTE,mid,100.0,4,11:00,300,45.333,55.0,False
NVDA,call,Tue-0DTE,mid,100.0,5,12:00,300,44.667,30.0,False
NVDA,call,Tue-0DTE,mid,100.0,6,12:30,300,42.667,35.0,False
NVDA,call,Tue-0DTE,mid,100.0,7,11:30,300,42.667,42.5,False
NVDA,call,Tue-0DTE,mid,100.0,8,13:00,300,27.333,40.0,False
NVDA,call,Tue-0DTE,mid,100.0,9,14:00,300,27.0,25.0,False
NVDA,call,Tue-0DTE,mid,100.0,10,13:30,300,25.333,50.0,False
NVDA,call,Tue-0DTE,mid,100.0,11,14:30,300,18.667,20.0,False
NVDA,call,Tue-0DTE,mid,100.0,12,15:00,300,17.0,15.0,False
NVDA,call,Tue-0DTE,mid,100.0,13,15:30,50,12.0,10.0,False
NVDA,call,Tue-0DTE,market,30.0,1,09:30,250,84.0,15.0,False
NVDA,call,Tue-0DTE,market,30.0,2,10:00,300,71.333,15.0,False
NVDA,call,Tue-0DTE,market,30.0,3,11:00,300,70.333,30.0,False
NVDA,call,Tue-0DTE,market,30.0,4,11:30,300,65.333,30.0,False
NVDA,call,Tue-0DTE,market,30.0,5,10:30,300,61.667,35.0,False
NVDA,call,Tue-0DTE,market,30.0,6,12:30,300,56.667,15.0,False
NVDA,call,Tue-0DTE,market,30.0,7,12:00,300,56.333,20.0,False
NVDA,call,Tue-0DTE,market,30.0,8,14:00,300,54.667,25.0,False
NVDA,call,Tue-0DTE,market,30.0,9,13:30,300,51.333,50.0,False
NVDA,call,Tue-0DTE,market,30.0,10,13:00,300,43.667,45.0,False
NVDA,call,Tue-0DTE,market,30.0,11,14:30,300,34.667,25.0,False
NVDA,call,Tue-0DTE,market,30.0,12,15:00,300,33.667,15.0,False
NVDA,call,Tue-0DTE,market,30.0,13,15:30,50,28.0,10.0,False
NVDA,call,Tue-0DTE,market,50.0,1,09:30,250,78.4,25.0,False
NVDA,call,Tue-0DTE,market,50.0,2,10:00,300,64.667,25.0,False
NVDA,call,Tue-0DTE,market,50.0,3,11:00,300,61.0,40.0,False
NVDA,call,Tue-0DTE,market,50.0,4,10:30,300,56.667,52.5,False
NVDA,call,Tue-0DTE,market,50.0,5,11:30,300,54.0,35.0,False
NVDA,call,Tue-0DTE,market,50.0,6,12:00,300,52.0,25.0,False
NVDA,call,Tue-0DTE,market,50.0,7,12:30,300,51.667,25.0,False
NVDA,call,Tue-0DTE,market,50.0,8,14:00,300,44.0,25.0,False
NVDA,call,Tue-0DTE,market,50.0,9,13:30,300,41.0,55.0,False
NVDA,call,Tue-0DTE,market,50.0,10,13:00,300,39.667,55.0,False
NVDA,call,Tue-0DTE,market,50.0,11,14:30,300,26.667,27.5,False
NVDA,call,Tue-0DTE,market,50.0,12,15:00,300,25.333,15.0,False
NVDA,call,Tue-0DTE,market,50.0,13,15:30,50,16.0,10.0,False
NVDA,call,Tue-0DTE,market,75.0,1,09:30,250,72.0,35.0,False
NVDA,call,Tue-0DTE,market,75.0,2,10:00,300,58.667,40.0,False
NVDA,call,Tue-0DTE,market,75.0,3,11:00,300,50.667,50.0,False
NVDA,call,Tue-0DTE,market,75.0,4,10:30,300,48.333,85.0,False
NVDA,call,Tue-0DTE,market,75.0,5,12:00,300,46.667,30.0,False
NVDA,call,Tue-0DTE,market,75.0,6,12:30,300,46.0,35.0,False
NVDA,call,Tue-0DTE,market,75.0,7,11:30,300,46.0,40.0,False
NVDA,call,Tue-0DTE,market,75.0,8,13:00,300,31.667,45.0,False
NVDA,call,Tue-0DTE,market,75.0,9,14:00,300,31.333,25.0,False
NVDA,call,Tue-0DTE,market,75.0,10,13:30,300,30.0,55.0,False
NVDA,call,Tue-0DTE,market,75.0,11,14:30,300,20.333,25.0,False
NVDA,call,Tue-0DTE,market,75.0,12,15:00,300,18.667,15.0,False
NVDA,call,Tue-0DTE,market,75.0,13,15:30,50,12.0,10.0,False
NVDA,call,Tue-0DTE,market,100.0,1,09:30,250,67.6,40.0,False
NVDA,call,Tue-0DTE,market,100.0,2,10:00,300,55.0,45.0,False
NVDA,call,Tue-0DTE,market,100.0,3,12:00,300,44.0,35.0,False
NVDA,call,Tue-0DTE,market,100.0,4,11:00,300,44.0,60.0,False
NVDA,call,Tue-0DTE,market,100.0,5,10:30,300,42.333,90.0,False
NVDA,call,Tue-0DTE,market,100.0,6,11:30,300,41.333,45.0,False
NVDA,call,Tue-0DTE,market,100.0,7,12:30,300,41.0,35.0,False
NVDA,call,Tue-0DTE,market,100.0,8,14:00,300,26.333,25.0,False
NVDA,call,Tue-0DTE,market,100.0,9,13:00,300,26.0,40.0,False
NVDA,call,Tue-0DTE,market,100.0,10,13:30,300,23.667,50.0,False
NVDA,call,Tue-0DTE,market,100.0,11,14:30,300,18.333,25.0,False
NVDA,call,Tue-0DTE,market,100.0,12,15:00,300,15.0,15.0,False
NVDA,call,Tue-0DTE,market,100.0,13,15:30,50,12.0,10.0,False
NVDA,put,Tue-0DTE,mid,30.0,1,10:00,300,85.667,30.0,False
NVDA,put,Tue-0DTE,mid,30.0,2,10:30,300,77.667,15.0,False
NVDA,put,Tue-0DTE,mid,30.0,3,09:30,250,76.8,55.0,False
NVDA,put,Tue-0DTE,mid,30.0,4,11:30,300,71.667,15.0,False
NVDA,put,Tue-0DTE,mid,30.0,5,11:00,300,69.667,15.0,False
NVDA,put,Tue-0DTE,mid,30.0,6,13:00,300,52.667,25.0,False
NVDA,put,Tue-0DTE,mid,30.0,7,13:30,300,52.333,15.0,False
NVDA,put,Tue-0DTE,mid,30.0,8,12:00,300,51.0,20.0,False
NVDA,put,Tue-0DTE,mid,30.0,9,12:30,300,46.0,35.0,False
NVDA,put,Tue-0DTE,mid,30.0,10,14:30,300,41.667,10.0,False
NVDA,put,Tue-0DTE,mid,30.0,11,14:00,300,35.333,20.0,False
NVDA,put,Tue-0DTE,mid,30.0,12,15:00,300,26.333,15.0,False
NVDA,put,Tue-0DTE,mid,30.0,13,15:30,50,20.0,15.0,False
NVDA,put,Tue-0DTE,mid,50.0,1,10:00,300,82.333,40.0,False
NVDA,put,Tue-0DTE,mid,50.0,2,10:30,300,73.667,20.0,False
NVDA,put,Tue-0DTE,mid,50.0,3,09:30,250,69.2,65.0,False
NVDA,put,Tue-0DTE,mid,50.0,4,11:30,300,65.333,20.0,False
NVDA,put,Tue-0DTE,mid,50.0,5,11:00,300,65.0,20.0,False
NVDA,put,Tue-0DTE,mid,50.0,6,13:00,300,48.333,35.0,False
NVDA,put,Tue-0DTE,mid,50.0,7,13:30,300,46.667,20.0,False
NVDA,put,Tue-0DTE,mid,50.0,8,12:00,300,43.667,30.0,False
NVDA,put,Tue-0DTE,mid,50.0,9,12:30,300,42.0,52.5,False
NVDA,put,Tue-0DTE,mid,50.0,10,14:30,300,35.667,15.0,False
NVDA,put,Tue-0DTE,mid,50.0,11,14:00,300,31.0,30.0,False
NVDA,put,Tue-0DTE,mid,50.0,12,15:00,300,18.667,15.0,False
NVDA,put,Tue-0DTE,mid,50.0,13,15:30,50,12.0,10.0,False
NVDA,put,Tue-0DTE,mid,75.0,1,10:00,300,76.0,55.0,False
NVDA,put,Tue-0DTE,mid,75.0,2,10:30,300,71.0,25.0,False
NVDA,put,Tue-0DTE,mid,75.0,3,09:30,250,61.6,85.0,False
NVDA,put,Tue-0DTE,mid,75.0,4,11:00,300,61.0,30.0,False
NVDA,put,Tue-0DTE,mid,75.0,5,11:30,300,59.0,25.0,False
NVDA,put,Tue-0DTE,mid,75.0,6,13:00,300,43.0,40.0,False
NVDA,put,Tue-0DTE,mid,75.0,7,13:30,300,41.667,25.0,False
NVDA,put,Tue-0DTE,mid,75.0,8,12:00,300,37.667,45.0,False
NVDA,put,Tue-0DTE,mid,75.0,9,12:30,300,36.667,55.0,False
NVDA,put,Tue-0DTE,mid,75.0,10,14:30,300,31.0,15.0,False
NVDA,put,Tue-0DTE,mid,75.0,11,14:00,300,26.667,40.0,False
NVDA,put,Tue-0DTE,mid,75.0,12,15:00,300,14.333,20.0,False
NVDA,put,Tue-0DTE,mid,75.0,13,15:30,50,10.0,10.0,False
NVDA,put,Tue-0DTE,mid,100.0,1,10:00,300,70.333,60.0,False
NVDA,put,Tue-0DTE,mid,100.0,2,10:30,300,65.333,30.0,False
NVDA,put,Tue-0DTE,mid,100.0,3,09:30,250,58.0,110.0,False
NVDA,put,Tue-0DTE,mid,100.0,4,11:00,300,57.333,40.0,False
NVDA,put,Tue-0DTE,mid,100.0,5,11:30,300,52.0,35.0,False
NVDA,put,Tue-0DTE,mid,100.0,6,13:00,300,40.333,40.0,False
NVDA,put,Tue-0DTE,mid,100.0,7,13:30,300,36.333,25.0,False
NVDA,put,Tue-0DTE,mid,100.0,8,12:30,300,34.667,60.0,False
NVDA,put,Tue-0DTE,mid,100.0,9,12:00,300,33.333,60.0,False
NVDA,put,Tue-0DTE,mid,100.0,10,14:30,300,26.667,17.5,False
NVDA,put,Tue-0DTE,mid,100.0,11,14:00,300,23.667,40.0,False
NVDA,put,Tue-0DTE,mid,100.0,12,15:00,300,11.0,25.0,False
NVDA,put,Tue-0DTE,mid,100.0,13,15:30,50,10.0,15.0,False
NVDA,put,Tue-0DTE,market,30.0,1,10:00,300,85.333,35.0,False
NVDA,put,Tue-0DTE,market,30.0,2,10:30,300,76.333,15.0,False
NVDA,put,Tue-0DTE,market,30.0,3,09:30,250,74.8,60.0,False
NVDA,put,Tue-0DTE,market,30.0,4,11:30,300,70.333,15.0,False
NVDA,put,Tue-0DTE,market,30.0,5,11:00,300,68.333,15.0,False
NVDA,put,Tue-0DTE,market,30.0,6,13:00,300,51.333,30.0,False
NVDA,put,Tue-0DTE,market,30.0,7,13:30,300,51.0,15.0,False
NVDA,put,Tue-0DTE,market,30.0,8,12:00,300,48.667,20.0,False
NVDA,put,Tue-0DTE,market,30.0,9,12:30,300,45.333,37.5,False
NVDA,put,Tue-0DTE,market,30.0,10,14:30,300,39.667,15.0,False
NVDA,put,Tue-0DTE,market,30.0,11,14:00,300,33.333,20.0,False
NVDA,put,Tue-0DTE,market,30.0,12,15:00,300,23.333,15.0,False
NVDA,put,Tue-0DTE,market,30.0,13,15:30,50,20.0,15.0,False
NVDA,put,Tue-0DTE,market,50.0,1,10:00,300,81.667,45.0,False
NVDA,put,Tue-0DTE,market,50.0,2,10:30,300,72.333,25.0,False
NVDA,put,Tue-0DTE,market,50.0,3,09:30,250,66.8,70.0,False
NVDA,put,Tue-0DTE,market,50.0,4,11:00,300,64.0,25.0,False
NVDA,put,Tue-0DTE,market,50.0,5,11:30,300,64.0,25.0,False
NVDA,put,Tue-0DTE,market,50.0,6,13:00,300,47.0,35.0,False
NVDA,put,Tue-0DTE,market,50.0,7,13:30,300,45.667,20.0,False
NVDA,put,Tue-0DTE,market,50.0,8,12:00,300,42.333,40.0,False
NVDA,put,Tue-0DTE,market,50.0,9,12:30,300,41.333,60.0,False
NVDA,put,Tue-0DTE,market,50.0,10,14:30,300,34.0,15.0,False
NVDA,put,Tue-0DTE,market,50.0,11,14:00,300,29.667,30.0,False
NVDA,put,Tue-0DTE,market,50.0,12,15:00,300,16.333,20.0,False
NVDA,put,Tue-0DTE,market,50.0,13,15:30,50,12.0,10.0,False
NVDA,put,Tue-0DTE,market,75.0,1,10:00,300,73.0,55.0,False
NVDA,put,Tue-0DTE,market,75.0,2,10:30,300,68.333,25.0,False
NVDA,put,Tue-0DTE,market,75.0,3,09:30,250,60.0,105.0,False
NVDA,put,Tue-0DTE,market,75.0,4,11:00,300,58.667,35.0,False
NVDA,put,Tue-0DTE,market,75.0,5,11:30,300,57.667,30.0,False
NVDA,put,Tue-0DTE,market,75.0,6,13:00,300,43.0,40.0,False
NVDA,put,Tue-0DTE,market,75.0,7,13:30,300,41.0,25.0,False
NVDA,put,Tue-0DTE,market,75.0,8,12:00,300,35.667,50.0,False
NVDA,put,Tue-0DTE,market,75.0,9,12:30,300,35.667,60.0,False
NVDA,put,Tue-0DTE,market,75.0,10,14:30,300,30.667,15.0,False
NVDA,put,Tue-0DTE,market,75.0,11,14:00,300,26.667,40.0,False
NVDA,put,Tue-0DTE,market,75.0,12,15:00,300,12.667,20.0,False
NVDA,put,Tue-0DTE,market,75.0,13,15:30,50,10.0,10.0,False
NVDA,put,Tue-0DTE,market,100.0,1,10:00,300,67.667,65.0,False
NVDA,put,Tue-0DTE,market,100.0,2,10:30,300,64.667,35.0,False
NVDA,put,Tue-0DTE,market,100.0,3,09:30,250,57.6,112.5,False
NVDA,put,Tue-0DTE,market,100.0,4,11:00,300,56.333,45.0,False
NVDA,put,Tue-0DTE,market,100.0,5,11:30,300,49.667,35.0,False
NVDA,put,Tue-0DTE,market,100.0,6,13:00,300,38.333,40.0,False
NVDA,put,Tue-0DTE,market,100.0,7,13:30,300,35.0,25.0,False
NVDA,put,Tue-0DTE,market,100.0,8,12:30,300,33.0,60.0,False
NVDA,put,Tue-0DTE,market,100.0,9,12:00,300,32.0,60.0,False
NVDA,put,Tue-0DTE,market,100.0,10,14:30,300,25.333,17.5,False
NVDA,put,Tue-0DTE,market,100.0,11,14:00,300,22.333,40.0,False
NVDA,put,Tue-0DTE,market,100.0,12,15:00,300,10.333,20.0,False
NVDA,put,Tue-0DTE,market,100.0,13,15:30,50,10.0,15.0,False
NVDA,call,Wed-0DTE,mid,30.0,1,11:00,300,86.0,35.0,False
NVDA,call,Wed-0DTE,mid,30.0,2,11:30,300,84.333,25.0,False
NVDA,call,Wed-0DTE,mid,30.0,3,10:30,300,81.333,65.0,False
NVDA,call,Wed-0DTE,mid,30.0,4,09:30,250,76.8,15.0,False
NVDA,call,Wed-0DTE,mid,30.0,5,10:00,300,72.0,15.0,False
NVDA,call,Wed-0DTE,mid,30.0,6,12:30,300,62.333,15.0,False
NVDA,call,Wed-0DTE,mid,30.0,7,12:00,300,61.0,45.0,False
NVDA,call,Wed-0DTE,mid,30.0,8,13:30,300,51.333,15.0,False
NVDA,call,Wed-0DTE,mid,30.0,9,13:00,300,44.0,20.0,False
NVDA,call,Wed-0DTE,mid,30.0,10,15:00,300,32.667,25.0,False
NVDA,call,Wed-0DTE,mid,30.0,11,15:30,50,30.0,15.0,False
NVDA,call,Wed-0DTE,mid,30.0,12,14:00,300,28.333,20.0,False
NVDA,call,Wed-0DTE,mid,30.0,13,14:30,300,18.0,30.0,False
NVDA,call,Wed-0DTE,mid,50.0,1,11:00,300,83.333,47.5,False
NVDA,call,Wed-0DTE,mid,50.0,2,10:30,300,79.333,80.0,False
NVDA,call,Wed-0DTE,mid,50.0,3,11:30,300,75.667,35.0,False
NVDA,call,Wed-0DTE,mid,50.0,4,09:30,250,73.6,25.0,False
NVDA,call,Wed-0DTE,mid,50.0,5,10:00,300,68.0,27.5,False
NVDA,call,Wed-0DTE,mid,50.0,6,12:30,300,59.667,20.0,False
NVDA,call,Wed-0DTE,mid,50.0,7,12:00,300,52.667,47.5,False
NVDA,call,Wed-0DTE,mid,50.0,8,13:30,300,42.0,15.0,False
NVDA,call,Wed-0DTE,mid,50.0,9,13:00,300,40.0,25.0,False
NVDA,call,Wed-0DTE,mid,50.0,10,15:00,300,22.667,27.5,False
NVDA,call,Wed-0DTE,mid,50.0,11,14:00,300,19.667,25.0,False
NVDA,call,Wed-0DTE,mid,50.0,12,15:30,50,16.0,20.0,False
NVDA,call,Wed-0DTE,mid,50.0,13,14:30,300,15.333,40.0,False
NVDA,call,Wed-0DTE,mid,75.0,1,11:00,300,78.333,70.0,False
NVDA,call,Wed-0DTE,mid,75.0,2,10:30,300,72.667,92.5,False
NVDA,call,Wed-0DTE,mid,75.0,3,09:30,250,70.0,35.0,False
NVDA,call,Wed-0DTE,mid,75.0,4,11:30,300,65.333,55.0,False
NVDA,call,Wed-0DTE,mid,75.0,5,10:00,300,63.0,65.0,False
NVDA,call,Wed-0DTE,mid,75.0,6,12:30,300,53.0,20.0,False
NVDA,call,Wed-0DTE,mid,75.0,7,12:00,300,48.667,60.0,False
NVDA,call,Wed-0DTE,mid,75.0,8,13:00,300,37.333,25.0,False
NVDA,call,Wed-0DTE,mid,75.0,9,13:30,300,31.667,15.0,False
NVDA,call,Wed-0DTE,mid,75.0,10,15:00,300,16.0,25.0,False
NVDA,call,Wed-0DTE,mid,75.0,11,14:00,300,14.667,25.0,False
NVDA,call,Wed-0DTE,mid,75.0,12,15:30,50,12.0,25.0,False
NVDA,call,Wed-0DTE,mid,75.0,13,14:30,300,12.0,40.0,False
NVDA,call,Wed-0DTE,mid,100.0,1,11:00,300,71.0,95.0,False
NVDA,call,Wed-0DTE,mid,100.0,2,09:30,250,66.8,45.0,False
NVDA,call,Wed-0DTE,mid,100.0,3,10:30,300,66.667,135.0,False
NVDA,call,Wed-0DTE,mid,100.0,4,10:00,300,60.0,95.0,False
NVDA,call,Wed-0DTE,mid,100.0,5,11:30,300,58.667,70.0,False
NVDA,call,Wed-0DTE,mid,100.0,6,12:30,300,51.333,25.0,False
NVDA,call,Wed-0DTE,mid,100.0,7,12:00,300,48.0,65.0,False
NVDA,call,Wed-0DTE,mid,100.0,8,13:00,300,35.667,30.0,False
NVDA,call,Wed-0DTE,mid,100.0,9,13:30,300,28.333,15.0,False
NVDA,call,Wed-0DTE,mid,100.0,10,14:00,300,12.667,25.0,False
NVDA,call,Wed-0DTE,mid,100.0,11,15:00,300,12.667,32.5,False
NVDA,call,Wed-0DTE,mid,100.0,12,14:30,300,9.667,40.0,False
NVDA,call,Wed-0DTE,mid,100.0,13,15:30,50,8.0,25.0,False
NVDA,call,Wed-0DTE,market,30.0,1,11:00,300,85.0,35.0,False
NVDA,call,Wed-0DTE,market,30.0,2,11:30,300,81.667,30.0,False
NVDA,call,Wed-0DTE,market,30.0,3,10:30,300,80.667,70.0,False
NVDA,call,Wed-0DTE,market,30.0,4,09:30,250,75.6,20.0,False
NVDA,call,Wed-0DTE,market,30.0,5,10:00,300,70.667,17.5,False
NVDA,call,Wed-0DTE,market,30.0,6,12:30,300,60.667,15.0,False
NVDA,call,Wed-0DTE,market,30.0,7,12:00,300,57.0,50.0,False
NVDA,call,Wed-0DTE,market,30.0,8,13:30,300,48.667,15.0,False
NVDA,call,Wed-0DTE,market,30.0,9,13:00,300,43.0,20.0,False
NVDA,call,Wed-0DTE,market,30.0,10,15:00,300,28.333,25.0,False
NVDA,call,Wed-0DTE,market,30.0,11,14:00,300,25.0,25.0,False
NVDA,call,Wed-0DTE,market,30.0,12,15:30,50,24.0,20.0,False
NVDA,call,Wed-0DTE,market,30.0,13,14:30,300,17.333,35.0,False
NVDA,call,Wed-0DTE,market,50.0,1,11:00,300,82.333,55.0,False
NVDA,call,Wed-0DTE,market,50.0,2,10:30,300,78.333,85.0,False
NVDA,call,Wed-0DTE,market,50.0,3,09:30,250,72.0,25.0,False
NVDA,call,Wed-0DTE,market,50.0,4,11:30,300,72.0,37.5,False
NVDA,call,Wed-0DTE,market,50.0,5,10:00,300,67.0,30.0,False
NVDA,call,Wed-0DTE,market,50.0,6,12:30,300,58.667,20.0,False
NVDA,call,Wed-0DTE,market,50.0,7,12:00,300,52.0,50.0,False
NVDA,call,Wed-0DTE,market,50.0,8,13:00,300,40.0,25.0,False
NVDA,call,Wed-0DTE,market,50.0,9,13:30,300,39.0,15.0,False
NVDA,call,Wed-0DTE,market,50.0,10,15:00,300,20.667,30.0,False
NVDA,call,Wed-0DTE,market,50.0,11,14:00,300,18.667,27.5,False
NVDA,call,Wed-0DTE,market,50.0,12,14:30,300,14.333,40.0,False
NVDA,call,Wed-0DTE,market,50.0,13,15:30,50,12.0,22.5,False
NVDA,call,Wed-0DTE,market,75.0,1,11:00,300,77.0,80.0,False
NVDA,call,Wed-0DTE,market,75.0,2,10:30,300,70.333,130.0,False
NVDA,call,Wed-0DTE,market,75.0,3,09:30,250,68.8,40.0,False
NVDA,call,Wed-0DTE,market,75.0,4,11:30,300,64.333,65.0,False
NVDA,call,Wed-0DTE,market,75.0,5,10:00,300,62.667,75.0,False
NVDA,call,Wed-0DTE,market,75.0,6,12:30,300,53.0,25.0,False
NVDA,call,Wed-0DTE,market,75.0,7,12:00,300,48.333,65.0,False
NVDA,call,Wed-0DTE,market,75.0,8,13:00,300,37.0,30.0,False
NVDA,call,Wed-0DTE,market,75.0,9,13:30,300,30.333,15.0,False
NVDA,call,Wed-0DTE,market,75.0,10,14:00,300,14.0,25.0,False
NVDA,call,Wed-0DTE,market,75.0,11,15:00,300,14.0,25.0,False
NVDA,call,Wed-0DTE,market,75.0,12,14:30,300,11.333,40.0,False
NVDA,call,Wed-0DTE,market,75.0,13,15:30,50,10.0,30.0,False
NVDA,call,Wed-0DTE,market,100.0,1,11:00,300,66.333,90.0,False
NVDA,call,Wed-0DTE,market,100.0,2,09:30,250,65.6,50.0,False
NVDA,call,Wed-0DTE,market,100.0,3,10:30,300,63.333,135.0,False
NVDA,call,Wed-0DTE,market,100.0,4,10:00,300,59.333,107.5,False
NVDA,call,Wed-0DTE,market,100.0,5,11:30,300,56.0,70.0,False
NVDA,call,Wed-0DTE,market,100.0,6,12:30,300,49.333,25.0,False
NVDA,call,Wed-0DTE,market,100.0,7,12:00,300,46.333,75.0,False
NVDA,call,Wed-0DTE,market,100.0,8,13:00,300,35.0,30.0,False
NVDA,call,Wed-0DTE,market,100.0,9,13:30,300,27.667,15.0,False
NVDA,call,Wed-0DTE,market,100.0,10,14:00,300,12.333,25.0,False
NVDA,call,Wed-0DTE,market,100.0,11,15:00,300,11.667,30.0,False
NVDA,call,Wed-0DTE,market,100.0,12,14:30,300,9.0,40.0,False
NVDA,call,Wed-0DTE,market,100.0,13,15:30,50,8.0,25.0,False
NVDA,put,Wed-0DTE,mid,30.0,1,09:30,250,80.4,30.0,False
NVDA,put,Wed-0DTE,mid,30.0,2,10:00,300,80.0,20.0,False
NVDA,put,Wed-0DTE,mid,30.0,3,10:30,300,76.333,25.0,False
NVDA,put,Wed-0DTE,mid,30.0,4,11:00,300,64.333,25.0,False
NVDA,put,Wed-0DTE,mid,30.0,5,11:30,300,48.333,30.0,False
NVDA,put,Wed-0DTE,mid,30.0,6,12:00,300,44.667,15.0,False
NVDA,put,Wed-0DTE,mid,30.0,7,14:00,300,43.667,20.0,False
NVDA,put,Wed-0DTE,mid,30.0,8,13:30,300,43.667,50.0,False
NVDA,put,Wed-0DTE,mid,30.0,9,14:30,300,43.0,20.0,False
NVDA,put,Wed-0DTE,mid,30.0,10,13:00,300,31.667,20.0,False
NVDA,put,Wed-0DTE,mid,30.0,11,12:30,300,30.0,55.0,False
NVDA,put,Wed-0DTE,mid,30.0,12,15:00,300,29.333,15.0,False
NVDA,put,Wed-0DTE,mid,30.0,13,15:30,50,20.0,15.0,False
NVDA,put,Wed-0DTE,mid,50.0,1,10:00,300,77.333,30.0,False
NVDA,put,Wed-0DTE,mid,50.0,2,09:30,250,75.2,55.0,False
NVDA,put,Wed-0DTE,mid,50.0,3,10:30,300,70.333,40.0,False
NVDA,put,Wed-0DTE,mid,50.0,4,11:00,300,59.0,30.0,False
NVDA,put,Wed-0DTE,mid,50.0,5,11:30,300,44.0,45.0,False
NVDA,put,Wed-0DTE,mid,50.0,6,14:00,300,41.667,25.0,False
NVDA,put,Wed-0DTE,mid,50.0,7,12:00,300,38.333,20.0,False
NVDA,put,Wed-0DTE,mid,50.0,8,13:30,300,37.333,65.0,False
NVDA,put,Wed-0DTE,mid,50.0,9,14:30,300,34.667,30.0,False
NVDA,put,Wed-0DTE,mid,50.0,10,13:00,300,28.667,25.0,False
NVDA,put,Wed-0DTE,mid,50.0,11,12:30,300,28.667,70.0,False
NVDA,put,Wed-0DTE,mid,50.0,12,15:00,300,21.333,20.0,False
NVDA,put,Wed-0DTE,mid,50.0,13,15:30,50,10.0,20.0,False
NVDA,put,Wed-0DTE,mid,75.0,1,10:00,300,73.333,40.0,False
NVDA,put,Wed-0DTE,mid,75.0,2,09:30,250,68.0,60.0,False
NVDA,put,Wed-0DTE,mid,75.0,3,10:30,300,64.333,50.0,False
NVDA,put,Wed-0DTE,mid,75.0,4,11:00,300,52.333,40.0,False
NVDA,put,Wed-0DTE,mid,75.0,5,11:30,300,38.333,110.0,False
NVDA,put,Wed-0DTE,mid,75.0,6,14:00,300,36.333,35.0,False
NVDA,put,Wed-0DTE,mid,75.0,7,12:00,300,35.667,30.0,False
NVDA,put,Wed-0DTE,mid,75.0,8,13:30,300,31.0,75.0,False
NVDA,put,Wed-0DTE,mid,75.0,9,13:00,300,27.667,30.0,False
NVDA,put,Wed-0DTE,mid,75.0,10,12:30,300,27.667,105.0,False
NVDA,put,Wed-0DTE,mid,75.0,11,14:30,300,26.0,30.0,False
NVDA,put,Wed-0DTE,mid,75.0,12,15:00,300,15.0,15.0,False
NVDA,put,Wed-0DTE,mid,75.0,13,15:30,50,8.0,15.0,False
NVDA,put,Wed-0DTE,mid,100.0,1,10:00,300,69.667,50.0,False
NVDA,put,Wed-0DTE,mid,100.0,2,09:30,250,62.8,70.0,False
NVDA,put,Wed-0DTE,mid,100.0,3,10:30,300,56.0,55.0,False
NVDA,put,Wed-0DTE,mid,100.0,4,11:00,300,44.667,45.0,False
NVDA,put,Wed-0DTE,mid,100.0,5,11:30,300,33.333,115.0,False
NVDA,put,Wed-0DTE,mid,100.0,6,12:00,300,32.667,80.0,False
NVDA,put,Wed-0DTE,mid,100.0,7,14:00,300,32.0,35.0,False
NVDA,put,Wed-0DTE,mid,100.0,8,13:00,300,26.667,37.5,False
NVDA,put,Wed-0DTE,mid,100.0,9,13:30,300,26.333,75.0,False
NVDA,put,Wed-0DTE,mid,100.0,10,12:30,300,23.667,115.0,False
NVDA,put,Wed-0DTE,mid,100.0,11,14:30,300,21.0,35.0,False
NVDA,put,Wed-0DTE,mid,100.0,12,15:00,300,11.0,15.0,False
NVDA,put,Wed-0DTE,mid,100.0,13,15:30,50,2.0,5.0,False
NVDA,put,Wed-0DTE,market,30.0,1,10:00,300,79.333,25.0,False
NVDA,put,Wed-0DTE,market,30.0,2,09:30,250,78.8,35.0,False
NVDA,put,Wed-0DTE,market,30.0,3,10:30,300,76.0,30.0,False
NVDA,put,Wed-0DTE,market,30.0,4,11:00,300,63.0,25.0,False
NVDA,put,Wed-0DTE,market,30.0,5,11:30,300,47.667,35.0,False
NVDA,put,Wed-0DTE,market,30.0,6,12:00,300,42.333,15.0,False
NVDA,put,Wed-0DTE,market,30.0,7,14:00,300,41.667,20.0,False
NVDA,put,Wed-0DTE,market,30.0,8,13:30,300,41.333,52.5,False
NVDA,put,Wed-0DTE,market,30.0,9,14:30,300,38.667,25.0,False
NVDA,put,Wed-0DTE,market,30.0,10,12:30,300,29.333,55.0,False
NVDA,put,Wed-0DTE,market,30.0,11,13:00,300,29.0,20.0,False
NVDA,put,Wed-0DTE,market,30.0,12,15:00,300,26.667,15.0,False
NVDA,put,Wed-0DTE,market,30.0,13,15:30,50,16.0,12.5,False
NVDA,put,Wed-0DTE,market,50.0,1,10:00,300,77.0,35.0,False
NVDA,put,Wed-0DTE,market,50.0,2,09:30,250,73.6,55.0,False
NVDA,put,Wed-0DTE,market,50.0,3,10:30,300,69.0,40.0,False
NVDA,put,Wed-0DTE,market,50.0,4,11:00,300,58.333,35.0,False
NVDA,put,Wed-0DTE,market,50.0,5,11:30,300,42.667,50.0,False
NVDA,put,Wed-0DTE,market,50.0,6,14:00,300,39.333,30.0,False
NVDA,put,Wed-0DTE,market,50.0,7,12:00,300,37.667,25.0,False
NVDA,put,Wed-0DTE,market,50.0,8,13:30,300,35.333,65.0,False
NVDA,put,Wed-0DTE,market,50.0,9,14:30,300,30.667,30.0,False
NVDA,put,Wed-0DTE,market,50.0,10,13:00,300,28.667,25.0,False
NVDA,put,Wed-0DTE,market,50.0,11,12:30,300,28.667,70.0,False
NVDA,put,Wed-0DTE,market,50.0,12,15:00,300,19.667,20.0,False
NVDA,put,Wed-0DTE,market,50.0,13,15:30,50,10.0,20.0,False
NVDA,put,Wed-0DTE,market,75.0,1,10:00,300,72.333,45.0,False
NVDA,put,Wed-0DTE,market,75.0,2,09:30,250,66.8,65.0,False
NVDA,put,Wed-0DTE,market,75.0,3,10:30,300,60.333,55.0,False
NVDA,put,Wed-0DTE,market,75.0,4,11:00,300,50.0,40.0,False
NVDA,put,Wed-0DTE,market,75.0,5,11:30,300,36.333,110.0,False
NVDA,put,Wed-0DTE,market,75.0,6,14:00,300,35.667,35.0,False
NVDA,put,Wed-0DTE,market,75.0,7,12:00,300,34.0,47.5,False
NVDA,put,Wed-0DTE,market,75.0,8,13:30,300,29.333,75.0,False
NVDA,put,Wed-0DTE,market,75.0,9,13:00,300,27.333,32.5,False
NVDA,put,Wed-0DTE,market,75.0,10,12:30,300,26.667,110.0,False
NVDA,put,Wed-0DTE,market,75.0,11,14:30,300,24.333,30.0,False
NVDA,put,Wed-0DTE,market,75.0,12,15:00,300,14.0,20.0,False
NVDA,put,Wed-0DTE,market,75.0,13,15:30,50,8.0,15.0,False
NVDA,put,Wed-0DTE,market,100.0,1,10:00,300,66.667,65.0,False
NVDA,put,Wed-0DTE,market,100.0,2,09:30,250,60.4,70.0,False
NVDA,put,Wed-0DTE,market,100.0,3,10:30,300,53.667,60.0,False
NVDA,put,Wed-0DTE,market,100.0,4,11:00,300,43.667,55.0,False
NVDA,put,Wed-0DTE,market,100.0,5,12:00,300,31.667,80.0,False
NVDA,put,Wed-0DTE,market,100.0,6,11:30,300,31.667,120.0,False
NVDA,put,Wed-0DTE,market,100.0,7,14:00,300,31.0,35.0,False
NVDA,put,Wed-0DTE,market,100.0,8,13:00,300,26.0,37.5,False
NVDA,put,Wed-0DTE,market,100.0,9,13:30,300,25.333,75.0,False
NVDA,put,Wed-0DTE,market,100.0,10,12:30,300,23.333,115.0,False
NVDA,put,Wed-0DTE,market,100.0,11,14:30,300,20.667,32.5,False
NVDA,put,Wed-0DTE,market,100.0,12,15:00,300,10.667,15.0,False
NVDA,put,Wed-0DTE,market,100.0,13,15:30,50,2.0,5.0,False
NVDA,call,Thu-0DTE,mid,30.0,1,10:30,300,88.0,35.0,False
NVDA,call,Thu-0DTE,mid,30.0,2,10:00,300,79.333,35.0,False
NVDA,call,Thu-0DTE,mid,30.0,3,11:00,300,77.333,35.0,False
NVDA,call,Thu-0DTE,mid,30.0,4,11:30,300,73.667,20.0,False
NVDA,call,Thu-0DTE,mid,30.0,5,09:30,250,73.2,40.0,False
NVDA,call,Thu-0DTE,mid,30.0,6,13:00,300,69.0,30.0,False
NVDA,call,Thu-0DTE,mid,30.0,7,13:30,300,65.667,20.0,False
NVDA,call,Thu-0DTE,mid,30.0,8,12:30,300,61.333,20.0,False
NVDA,call,Thu-0DTE,mid,30.0,9,12:00,300,59.667,25.0,False
NVDA,call,Thu-0DTE,mid,30.0,10,14:30,300,57.333,25.0,False
NVDA,call,Thu-0DTE,mid,30.0,11,14:00,300,53.667,20.0,False
NVDA,call,Thu-0DTE,mid,30.0,12,15:00,300,42.0,10.0,False
NVDA,call,Thu-0DTE,mid,30.0,13,15:30,50,28.0,15.0,False
NVDA,call,Thu-0DTE,mid,50.0,1,10:30,300,81.333,72.5,False
NVDA,call,Thu-0DTE,mid,50.0,2,10:00,300,75.0,55.0,False
NVDA,call,Thu-0DTE,mid,50.0,3,11:00,300,72.0,47.5,False
NVDA,call,Thu-0DTE,mid,50.0,4,11:30,300,69.667,30.0,False
NVDA,call,Thu-0DTE,mid,50.0,5,09:30,250,68.4,65.0,False
NVDA,call,Thu-0DTE,mid,50.0,6,13:00,300,65.0,45.0,False
NVDA,call,Thu-0DTE,mid,50.0,7,13:30,300,62.0,30.0,False
NVDA,call,Thu-0DTE,mid,50.0,8,12:30,300,59.333,30.0,False
NVDA,call,Thu-0DTE,mid,50.0,9,12:00,300,55.0,35.0,False
NVDA,call,Thu-0DTE,mid,50.0,10,14:30,300,51.333,30.0,False
NVDA,call,Thu-0DTE,mid,50.0,11,14:00,300,48.333,25.0,False
NVDA,call,Thu-0DTE,mid,50.0,12,15:00,300,33.667,15.0,False
NVDA,call,Thu-0DTE,mid,50.0,13,15:30,50,22.0,15.0,False
NVDA,call,Thu-0DTE,mid,75.0,1,10:30,300,72.667,87.5,False
NVDA,call,Thu-0DTE,mid,75.0,2,10:00,300,69.333,85.0,False
NVDA,call,Thu-0DTE,mid,75.0,3,11:00,300,65.667,50.0,False
NVDA,call,Thu-0DTE,mid,75.0,4,11:30,300,65.333,42.5,False
NVDA,call,Thu-0DTE,mid,75.0,5,09:30,250,61.6,85.0,False
NVDA,call,Thu-0DTE,mid,75.0,6,13:00,300,59.333,50.0,False
NVDA,call,Thu-0DTE,mid,75.0,7,13:30,300,57.333,30.0,False
NVDA,call,Thu-0DTE,mid,75.0,8,12:30,300,54.667,40.0,False
NVDA,call,Thu-0DTE,mid,75.0,9,12:00,300,50.333,50.0,False
NVDA,call,Thu-0DTE,mid,75.0,10,14:30,300,43.667,30.0,False
NVDA,call,Thu-0DTE,mid,75.0,11,14:00,300,42.667,25.0,False
NVDA,call,Thu-0DTE,mid,75.0,12,15:00,300,28.667,15.0,False
NVDA,call,Thu-0DTE,mid,75.0,13,15:30,50,18.0,15.0,False
NVDA,call,Thu-0DTE,mid,100.0,1,10:30,300,65.667,90.0,False
NVDA,call,Thu-0DTE,mid,100.0,2,10:00,300,62.0,100.0,False
NVDA,call,Thu-0DTE,mid,100.0,3,11:30,300,61.333,50.0,False
NVDA,call,Thu-0DTE,mid,100.0,4,11:00,300,61.333,55.0,False
NVDA,call,Thu-0DTE,mid,100.0,5,09:30,250,53.6,105.0,False
NVDA,call,Thu-0DTE,mid,100.0,6,13:00,300,52.0,45.0,False
NVDA,call,Thu-0DTE,mid,100.0,7,13:30,300,51.667,35.0,False
NVDA,call,Thu-0DTE,mid,100.0,8,12:30,300,49.667,40.0,False
NVDA,call,Thu-0DTE,mid,100.0,9,12:00,300,47.333,55.0,False
NVDA,call,Thu-0DTE,mid,100.0,10,14:00,300,37.333,25.0,False
NVDA,call,Thu-0DTE,mid,100.0,11,14:30,300,37.0,30.0,False
NVDA,call,Thu-0DTE,mid,100.0,12,15:00,300,25.0,15.0,False
NVDA,call,Thu-0DTE,mid,100.0,13,15:30,50,16.0,17.5,False
NVDA,call,Thu-0DTE,market,30.0,1,10:30,300,87.333,35.0,False
NVDA,call,Thu-0DTE,market,30.0,2,10:00,300,78.333,40.0,False
NVDA,call,Thu-0DTE,market,30.0,3,11:00,300,77.0,40.0,False
NVDA,call,Thu-0DTE,market,30.0,4,09:30,250,72.4,45.0,False
NVDA,call,Thu-0DTE,market,30.0,5,11:30,300,72.333,25.0,False
NVDA,call,Thu-0DTE,market,30.0,6,13:00,300,68.667,30.0,False
NVDA,call,Thu-0DTE,market,30.0,7,13:30,300,65.333,25.0,False
NVDA,call,Thu-0DTE,market,30.0,8,12:30,300,61.0,25.0,False
NVDA,call,Thu-0DTE,market,30.0,9,12:00,300,58.667,25.0,False
NVDA,call,Thu-0DTE,market,30.0,10,14:30,300,57.333,25.0,False
NVDA,call,Thu-0DTE,market,30.0,11,14:00,300,53.0,25.0,False
NVDA,call,Thu-0DTE,market,30.0,12,15:00,300,40.0,10.0,False
NVDA,call,Thu-0DTE,market,30.0,13,15:30,50,26.0,15.0,False
NVDA,call,Thu-0DTE,market,50.0,1,10:30,300,79.333,77.5,False
NVDA,call,Thu-0DTE,market,50.0,2,10:00,300,74.0,65.0,False
NVDA,call,Thu-0DTE,market,50.0,3,11:00,300,71.0,45.0,False
NVDA,call,Thu-0DTE,market,50.0,4,11:30,300,68.667,35.0,False
NVDA,call,Thu-0DTE,market,50.0,5,09:30,250,66.8,75.0,False
NVDA,call,Thu-0DTE,market,50.0,6,13:00,300,63.333,45.0,False
NVDA,call,Thu-0DTE,market,50.0,7,13:30,300,60.0,30.0,False
NVDA,call,Thu-0DTE,market,50.0,8,12:30,300,57.667,35.0,False
NVDA,call,Thu-0DTE,market,50.0,9,12:00,300,54.333,40.0,False
NVDA,call,Thu-0DTE,market,50.0,10,14:30,300,50.0,30.0,False
NVDA,call,Thu-0DTE,market,50.0,11,14:00,300,46.667,25.0,False
NVDA,call,Thu-0DTE,market,50.0,12,15:00,300,31.667,15.0,False
NVDA,call,Thu-0DTE,market,50.0,13,15:30,50,22.0,15.0,False
NVDA,call,Thu-0DTE,market,75.0,1,10:30,300,68.667,85.0,False
NVDA,call,Thu-0DTE,market,75.0,2,10:00,300,67.0,85.0,False
NVDA,call,Thu-0DTE,market,75.0,3,11:00,300,64.333,50.0,False
NVDA,call,Thu-0DTE,market,75.0,4,11:30,300,64.0,45.0,False
NVDA,call,Thu-0DTE,market,75.0,5,09:30,250,60.4,90.0,False
NVDA,call,Thu-0DTE,market,75.0,6,13:00,300,57.333,50.0,False
NVDA,call,Thu-0DTE,market,75.0,7,13:30,300,55.333,30.0,False
NVDA,call,Thu-0DTE,market,75.0,8,12:30,300,52.667,37.5,False
NVDA,call,Thu-0DTE,market,75.0,9,12:00,300,48.667,50.0,False
NVDA,call,Thu-0DTE,market,75.0,10,14:30,300,41.333,30.0,False
NVDA,call,Thu-0DTE,market,75.0,11,14:00,300,41.0,25.0,False
NVDA,call,Thu-0DTE,market,75.0,12,15:00,300,27.667,15.0,False
NVDA,call,Thu-0DTE,market,75.0,13,15:30,50,18.0,15.0,False
NVDA,call,Thu-0DTE,market,100.0,1,10:30,300,61.333,90.0,False
NVDA,call,Thu-0DTE,market,100.0,2,10:00,300,59.0,100.0,False
NVDA,call,Thu-0DTE,market,100.0,3,11:30,300,56.333,55.0,False
NVDA,call,Thu-0DTE,market,100.0,4,11:00,300,56.0,57.5,False
NVDA,call,Thu-0DTE,market,100.0,5,09:30,250,52.0,105.0,False
NVDA,call,Thu-0DTE,market,100.0,6,13:30,300,51.333,35.0,False
NVDA,call,Thu-0DTE,market,100.0,7,13:00,300,48.667,50.0,False
NVDA,call,Thu-0DTE,market,100.0,8,12:30,300,47.0,45.0,False
NVDA,call,Thu-0DTE,market,100.0,9,12:00,300,44.667,60.0,False
NVDA,call,Thu-0DTE,market,100.0,10,14:00,300,36.333,30.0,False
NVDA,call,Thu-0DTE,market,100.0,11,14:30,300,35.333,32.5,False
NVDA,call,Thu-0DTE,market,100.0,12,15:00,300,24.333,15.0,False
NVDA,call,Thu-0DTE,market,100.0,13,15:30,50,14.0,20.0,False
NVDA,put,Thu-0DTE,mid,30.0,1,10:00,300,93.333,25.0,False
NVDA,put,Thu-0DTE,mid,30.0,2,09:30,250,90.4,25.0,False
NVDA,put,Thu-0DTE,mid,30.0,3,10:30,300,85.667,25.0,False
NVDA,put,Thu-0DTE,mid,30.0,4,11:30,300,69.667,25.0,False
NVDA,put,Thu-0DTE,mid,30.0,5,11:00,300,69.0,25.0,False
NVDA,put,Thu-0DTE,mid,30.0,6,13:00,300,67.0,20.0,False
NVDA,put,Thu-0DTE,mid,30.0,7,12:00,300,64.0,20.0,False
NVDA,put,Thu-0DTE,mid,30.0,8,12:30,300,61.333,30.0,False
NVDA,put,Thu-0DTE,mid,30.0,9,14:00,300,55.667,15.0,False
NVDA,put,Thu-0DTE,mid,30.0,10,14:30,300,50.0,15.0,False
NVDA,put,Thu-0DTE,mid,30.0,11,15:00,300,47.0,15.0,False
NVDA,put,Thu-0DTE,mid,30.0,12,13:30,300,44.667,15.0,False
NVDA,put,Thu-0DTE,mid,30.0,13,15:30,50,38.0,10.0,False
NVDA,put,Thu-0DTE,mid,50.0,1,10:00,300,88.333,45.0,False
NVDA,put,Thu-0DTE,mid,50.0,2,09:30,250,87.6,35.0,False
NVDA,put,Thu-0DTE,mid,50.0,3,10:30,300,80.0,35.0,False
NVDA,put,Thu-0DTE,mid,50.0,4,11:30,300,64.667,32.5,False
NVDA,put,Thu-0DTE,mid,50.0,5,11:00,300,64.333,45.0,False
NVDA,put,Thu-0DTE,mid,50.0,6,13:00,300,57.0,25.0,False
NVDA,put,Thu-0DTE,mid,50.0,7,12:00,300,57.0,30.0,False
NVDA,put,Thu-0DTE,mid,50.0,8,12:30,300,48.0,35.0,False
NVDA,put,Thu-0DTE,mid,50.0,9,14:00,300,47.667,20.0,False
NVDA,put,Thu-0DTE,mid,50.0,10,14:30,300,38.0,15.0,False
NVDA,put,Thu-0DTE,mid,50.0,11,13:30,300,36.667,20.0,False
NVDA,put,Thu-0DTE,mid,50.0,12,15:00,300,32.0,20.0,False
NVDA,put,Thu-0DTE,mid,50.0,13,15:30,50,26.0,10.0,False
NVDA,put,Thu-0DTE,mid,75.0,1,09:30,250,82.8,50.0,False
NVDA,put,Thu-0DTE,mid,75.0,2,10:00,300,80.667,55.0,False
NVDA,put,Thu-0DTE,mid,75.0,3,10:30,300,72.333,45.0,False
NVDA,put,Thu-0DTE,mid,75.0,4,11:00,300,60.0,55.0,False
NVDA,put,Thu-0DTE,mid,75.0,5,11:30,300,59.0,40.0,False
NVDA,put,Thu-0DTE,mid,75.0,6,12:00,300,50.667,35.0,False
NVDA,put,Thu-0DTE,mid,75.0,7,13:00,300,46.667,32.5,False
NVDA,put,Thu-0DTE,mid,75.0,8,12:30,300,41.333,35.0,False
NVDA,put,Thu-0DTE,mid,75.0,9,14:00,300,40.0,25.0,False
NVDA,put,Thu-0DTE,mid,75.0,10,13:30,300,29.667,25.0,False
NVDA,put,Thu-0DTE,mid,75.0,11,14:30,300,27.667,20.0,False
NVDA,put,Thu-0DTE,mid,75.0,12,15:00,300,23.0,20.0,False
NVDA,put,Thu-0DTE,mid,75.0,13,15:30,50,22.0,15.0,False
NVDA,put,Thu-0DTE,mid,100.0,1,09:30,250,75.6,55.0,False
NVDA,put,Thu-0DTE,mid,100.0,2,10:00,300,69.667,60.0,False
NVDA,put,Thu-0DTE,mid,100.0,3,10:30,300,64.333,55.0,False
NVDA,put,Thu-0DTE,mid,100.0,4,11:00,300,55.333,60.0,False
NVDA,put,Thu-0DTE,mid,100.0,5,11:30,300,53.333,45.0,False
NVDA,put,Thu-0DTE,mid,100.0,6,12:00,300,45.667,40.0,False
NVDA,put,Thu-0DTE,mid,100.0,7,13:00,300,40.667,35.0,False
NVDA,put,Thu-0DTE,mid,100.0,8,12:30,300,36.0,40.0,False
NVDA,put,Thu-0DTE,mid,100.0,9,14:00,300,33.0,25.0,False
NVDA,put,Thu-0DTE,mid,100.0,10,13:30,300,27.333,25.0,False
NVDA,put,Thu-0DTE,mid,100.0,11,14:30,300,21.333,20.0,False
NVDA,put,Thu-0DTE,mid,100.0,12,15:00,300,20.333,25.0,False
NVDA,put,Thu-0DTE,mid,100.0,13,15:30,50,16.0,12.5,False
NVDA,put,Thu-0DTE,market,30.0,1,10:00,300,92.0,30.0,False
NVDA,put,Thu-0DTE,market,30.0,2,09:30,250,89.6,27.5,False
NVDA,put,Thu-0DTE,market,30.0,3,10:30,300,84.333,30.0,False
NVDA,put,Thu-0DTE,market,30.0,4,11:30,300,68.667,25.0,False
NVDA,put,Thu-0DTE,market,30.0,5,11:00,300,68.0,35.0,False
NVDA,put,Thu-0DTE,market,30.0,6,13:00,300,63.333,25.0,False
NVDA,put,Thu-0DTE,market,30.0,7,12:00,300,62.333,20.0,False
NVDA,put,Thu-0DTE,market,30.0,8,12:30,300,56.333,30.0,False
NVDA,put,Thu-0DTE,market,30.0,9,14:00,300,53.333,20.0,False
NVDA,put,Thu-0DTE,market,30.0,10,14:30,300,47.333,15.0,False
NVDA,put,Thu-0DTE,market,30.0,11,15:00,300,42.0,20.0,False
NVDA,put,Thu-0DTE,market,30.0,12,13:30,300,40.0,20.0,False
NVDA,put,Thu-0DTE,market,30.0,13,15:30,50,38.0,10.0,False
NVDA,put,Thu-0DTE,market,50.0,1,10:00,300,86.333,45.0,False
NVDA,put,Thu-0DTE,market,50.0,2,09:30,250,86.0,35.0,False
NVDA,put,Thu-0DTE,market,50.0,3,10:30,300,78.0,40.0,False
NVDA,put,Thu-0DTE,market,50.0,4,11:00,300,63.667,50.0,False
NVDA,put,Thu-0DTE,market,50.0,5,11:30,300,63.333,35.0,False
NVDA,put,Thu-0DTE,market,50.0,6,12:00,300,55.667,30.0,False
NVDA,put,Thu-0DTE,market,50.0,7,13:00,300,52.667,25.0,False
NVDA,put,Thu-0DTE,market,50.0,8,14:00,300,46.667,22.5,False
NVDA,put,Thu-0DTE,market,50.0,9,12:30,300,46.333,35.0,False
NVDA,put,Thu-0DTE,market,50.0,10,14:30,300,36.0,20.0,False
NVDA,put,Thu-0DTE,market,50.0,11,13:30,300,34.333,20.0,False
NVDA,put,Thu-0DTE,market,50.0,12,15:00,300,29.667,20.0,False
NVDA,put,Thu-0DTE,market,50.0,13,15:30,50,24.0,10.0,False
NVDA,put,Thu-0DTE,market,75.0,1,09:30,250,79.6,50.0,False
NVDA,put,Thu-0DTE,market,75.0,2,10:00,300,76.333,60.0,False
NVDA,put,Thu-0DTE,market,75.0,3,10:30,300,70.667,47.5,False
NVDA,put,Thu-0DTE,market,75.0,4,11:00,300,58.667,55.0,False
NVDA,put,Thu-0DTE,market,75.0,5,11:30,300,57.0,45.0,False
NVDA,put,Thu-0DTE,market,75.0,6,12:00,300,50.0,37.5,False
NVDA,put,Thu-0DTE,market,75.0,7,13:00,300,46.0,35.0,False
NVDA,put,Thu-0DTE,market,75.0,8,12:30,300,39.667,35.0,False
NVDA,put,Thu-0DTE,market,75.0,9,14:00,300,36.667,25.0,False
NVDA,put,Thu-0DTE,market,75.0,10,13:30,300,29.667,25.0,False
NVDA,put,Thu-0DTE,market,75.0,11,14:30,300,27.667,20.0,False
NVDA,put,Thu-0DTE,market,75.0,12,15:00,300,21.333,20.0,False
NVDA,put,Thu-0DTE,market,75.0,13,15:30,50,20.0,15.0,False
NVDA,put,Thu-0DTE,market,100.0,1,09:30,250,75.6,55.0,False
NVDA,put,Thu-0DTE,market,100.0,2,10:00,300,68.0,60.0,False
NVDA,put,Thu-0DTE,market,100.0,3,10:30,300,62.333,65.0,False
NVDA,put,Thu-0DTE,market,100.0,4,11:00,300,53.333,60.0,False
NVDA,put,Thu-0DTE,market,100.0,5,11:30,300,52.333,45.0,False
NVDA,put,Thu-0DTE,market,100.0,6,12:00,300,45.0,45.0,False
NVDA,put,Thu-0DTE,market,100.0,7,13:00,300,38.667,40.0,False
NVDA,put,Thu-0DTE,market,100.0,8,12:30,300,35.667,40.0,False
NVDA,put,Thu-0DTE,market,100.0,9,14:00,300,30.0,25.0,False
NVDA,put,Thu-0DTE,market,100.0,10,13:30,300,27.0,30.0,False
NVDA,put,Thu-0DTE,market,100.0,11,15:00,300,19.0,25.0,False
NVDA,put,Thu-0DTE,market,100.0,12,14:30,300,17.667,20.0,False
NVDA,put,Thu-0DTE,market,100.0,13,15:30,50,16.0,12.5,False
NVDA,call,Fri-0DTE,mid,30.0,1,09:30,250,83.6,25.0,False
NVDA,call,Fri-0DTE,mid,30.0,2,10:00,300,76.0,30.0,False
NVDA,call,Fri-0DTE,mid,30.0,3,10:30,300,74.667,15.0,False
NVDA,call,Fri-0DTE,mid,30.0,4,13:00,300,65.333,20.0,False
NVDA,call,Fri-0DTE,mid,30.0,5,11:00,300,65.0,20.0,False
NVDA,call,Fri-0DTE,mid,30.0,6,13:30,300,55.667,15.0,False
NVDA,call,Fri-0DTE,mid,30.0,7,11:30,300,54.333,35.0,False
NVDA,call,Fri-0DTE,mid,30.0,8,12:30,300,54.0,65.0,False
NVDA,call,Fri-0DTE,mid,30.0,9,12:00,300,52.0,15.0,False
NVDA,call,Fri-0DTE,mid,30.0,10,14:00,300,39.333,15.0,False
NVDA,call,Fri-0DTE,mid,30.0,11,14:30,300,27.333,10.0,False
NVDA,call,Fri-0DTE,mid,30.0,12,15:30,50,20.0,10.0,False
NVDA,call,Fri-0DTE,mid,30.0,13,15:00,300,16.667,10.0,False
NVDA,call,Fri-0DTE,mid,50.0,1,09:30,250,75.2,30.0,False
NVDA,call,Fri-0DTE,mid,50.0,2,10:30,300,71.333,25.0,False
NVDA,call,Fri-0DTE,mid,50.0,3,10:00,300,69.667,40.0,False
NVDA,call,Fri-0DTE,mid,50.0,4,13:00,300,60.0,30.0,False
NVDA,call,Fri-0DTE,mid,50.0,5,11:00,300,53.667,30.0,False
NVDA,call,Fri-0DTE,mid,50.0,6,13:30,300,49.0,20.0,False
NVDA,call,Fri-0DTE,mid,50.0,7,12:30,300,48.667,75.0,False
NVDA,call,Fri-0DTE,mid,50.0,8,11:30,300,47.0,45.0,False
NVDA,call,Fri-0DTE,mid,50.0,9,12:00,300,42.667,42.5,False
NVDA,call,Fri-0DTE,mid,50.0,10,14:00,300,33.333,20.0,False
NVDA,call,Fri-0DTE,mid,50.0,11,14:30,300,20.333,10.0,False
NVDA,call,Fri-0DTE,mid,50.0,12,15:30,50,18.0,15.0,False
NVDA,call,Fri-0DTE,mid,50.0,13,15:00,300,13.667,15.0,False
NVDA,call,Fri-0DTE,mid,75.0,1,09:30,250,68.4,50.0,False
NVDA,call,Fri-0DTE,mid,75.0,2,10:30,300,64.667,30.0,False
NVDA,call,Fri-0DTE,mid,75.0,3,10:00,300,58.667,50.0,False
NVDA,call,Fri-0DTE,mid,75.0,4,13:00,300,52.333,35.0,False
NVDA,call,Fri-0DTE,mid,75.0,5,13:30,300,42.667,25.0,False
NVDA,call,Fri-0DTE,mid,75.0,6,11:00,300,41.333,40.0,False
NVDA,call,Fri-0DTE,mid,75.0,7,12:30,300,41.0,75.0,False
NVDA,call,Fri-0DTE,mid,75.0,8,11:30,300,35.667,55.0,False
NVDA,call,Fri-0DTE,mid,75.0,9,12:00,300,33.667,75.0,False
NVDA,call,Fri-0DTE,mid,75.0,10,14:00,300,28.0,20.0,False
NVDA,call,Fri-0DTE,mid,75.0,11,14:30,300,14.333,10.0,False
NVDA,call,Fri-0DTE,mid,75.0,12,15:00,300,10.333,15.0,False
NVDA,call,Fri-0DTE,mid,75.0,13,15:30,50,10.0,15.0,False
NVDA,call,Fri-0DTE,mid,100.0,1,09:30,250,59.6,60.0,False
NVDA,call,Fri-0DTE,mid,100.0,2,10:30,300,54.333,35.0,False
NVDA,call,Fri-0DTE,mid,100.0,3,10:00,300,50.333,55.0,False
NVDA,call,Fri-0DTE,mid,100.0,4,13:00,300,48.0,35.0,False
NVDA,call,Fri-0DTE,mid,100.0,5,13:30,300,37.333,25.0,False
NVDA,call,Fri-0DTE,mid,100.0,6,12:30,300,36.333,80.0,False
NVDA,call,Fri-0DTE,mid,100.0,7,11:00,300,33.0,55.0,False
NVDA,call,Fri-0DTE,mid,100.0,8,11:30,300,29.0,50.0,False
NVDA,call,Fri-0DTE,mid,100.0,9,12:00,300,27.333,90.0,False
NVDA,call,Fri-0DTE,mid,100.0,10,14:00,300,24.0,25.0,False
NVDA,call,Fri-0DTE,mid,100.0,11,14:30,300,11.667,15.0,False
NVDA,call,Fri-0DTE,mid,100.0,12,15:00,300,9.333,12.5,False
NVDA,call,Fri-0DTE,mid,100.0,13,15:30,50,8.0,12.5,False
NVDA,call,Fri-0DTE,market,30.0,1,09:30,250,81.2,25.0,False
NVDA,call,Fri-0DTE,market,30.0,2,10:00,300,74.333,30.0,False
NVDA,call,Fri-0DTE,market,30.0,3,10:30,300,73.667,20.0,False
NVDA,call,Fri-0DTE,market,30.0,4,13:00,300,63.667,25.0,False
NVDA,call,Fri-0DTE,market,30.0,5,11:00,300,63.0,25.0,False
NVDA,call,Fri-0DTE,market,30.0,6,13:30,300,53.667,15.0,False
NVDA,call,Fri-0DTE,market,30.0,7,11:30,300,53.0,35.0,False
NVDA,call,Fri-0DTE,market,30.0,8,12:30,300,52.0,65.0,False
NVDA,call,Fri-0DTE,market,30.0,9,12:00,300,49.333,20.0,False
NVDA,call,Fri-0DTE,market,30.0,10,14:00,300,38.333,15.0,False
NVDA,call,Fri-0DTE,market,30.0,11,14:30,300,23.667,10.0,False
NVDA,call,Fri-0DTE,market,30.0,12,15:30,50,18.0,10.0,False
NVDA,call,Fri-0DTE,market,30.0,13,15:00,300,15.667,10.0,False
NVDA,call,Fri-0DTE,market,50.0,1,09:30,250,73.6,30.0,False
NVDA,call,Fri-0DTE,market,50.0,2,10:30,300,70.333,25.0,False
NVDA,call,Fri-0DTE,market,50.0,3,10:00,300,66.667,40.0,False
NVDA,call,Fri-0DTE,market,50.0,4,13:00,300,58.0,30.0,False
NVDA,call,Fri-0DTE,market,50.0,5,11:00,300,51.667,35.0,False
NVDA,call,Fri-0DTE,market,50.0,6,13:30,300,46.333,20.0,False
NVDA,call,Fri-0DTE,market,50.0,7,12:30,300,46.333,75.0,False
NVDA,call,Fri-0DTE,market,50.0,8,11:30,300,44.333,45.0,False
NVDA,call,Fri-0DTE,market,50.0,9,12:00,300,40.333,30.0,False
NVDA,call,Fri-0DTE,market,50.0,10,14:00,300,32.333,20.0,False
NVDA,call,Fri-0DTE,market,50.0,11,14:30,300,17.333,10.0,False
NVDA,call,Fri-0DTE,market,50.0,12,15:30,50,14.0,15.0,False
NVDA,call,Fri-0DTE,market,50.0,13,15:00,300,13.333,15.0,False
NVDA,call,Fri-0DTE,market,75.0,1,09:30,250,64.8,55.0,False
NVDA,call,Fri-0DTE,market,75.0,2,10:30,300,61.667,35.0,False
NVDA,call,Fri-0DTE,market,75.0,3,10:00,300,55.667,50.0,False
NVDA,call,Fri-0DTE,market,75.0,4,13:00,300,51.333,35.0,False
NVDA,call,Fri-0DTE,market,75.0,5,13:30,300,40.667,25.0,False
NVDA,call,Fri-0DTE,market,75.0,6,12:30,300,40.667,80.0,False
NVDA,call,Fri-0DTE,market,75.0,7,11:00,300,38.333,40.0,False
NVDA,call,Fri-0DTE,market,75.0,8,11:30,300,33.667,55.0,False
NVDA,call,Fri-0DTE,market,75.0,9,12:00,300,32.0,75.0,False
NVDA,call,Fri-0DTE,market,75.0,10,14:00,300,26.667,20.0,False
NVDA,call,Fri-0DTE,market,75.0,11,14:30,300,14.0,10.0,False
NVDA,call,Fri-0DTE,market,75.0,12,15:00,300,10.333,15.0,False
NVDA,call,Fri-0DTE,market,75.0,13,15:30,50,10.0,15.0,False
NVDA,call,Fri-0DTE,market,100.0,1,09:30,250,56.4,60.0,False
NVDA,call,Fri-0DTE,market,100.0,2,10:30,300,53.0,35.0,False
NVDA,call,Fri-0DTE,market,100.0,3,10:00,300,48.333,55.0,False
NVDA,call,Fri-0DTE,market,100.0,4,13:00,300,46.667,40.0,False
NVDA,call,Fri-0DTE,market,100.0,5,13:30,300,36.0,30.0,False
NVDA,call,Fri-0DTE,market,100.0,6,12:30,300,33.333,80.0,False
NVDA,call,Fri-0DTE,market,100.0,7,11:00,300,29.667,55.0,False
NVDA,call,Fri-0DTE,market,100.0,8,11:30,300,27.667,50.0,False
NVDA,call,Fri-0DTE,market,100.0,9,12:00,300,26.333,100.0,False
NVDA,call,Fri-0DTE,market,100.0,10,14:00,300,22.667,25.0,False
NVDA,call,Fri-0DTE,market,100.0,11,14:30,300,11.667,15.0,False
NVDA,call,Fri-0DTE,market,100.0,12,15:00,300,9.333,15.0,False
NVDA,call,Fri-0DTE,market,100.0,13,15:30,50,8.0,12.5,False
NVDA,put,Fri-0DTE,mid,30.0,1,09:30,250,85.6,20.0,False
NVDA,put,Fri-0DTE,mid,30.0,2,11:30,300,80.667,30.0,False
NVDA,put,Fri-0DTE,mid,30.0,3,11:00,300,78.667,50.0,False
NVDA,put,Fri-0DTE,mid,30.0,4,12:00,300,75.667,35.0,False
NVDA,put,Fri-0DTE,mid,30.0,5,10:00,300,74.667,17.5,False
NVDA,put,Fri-0DTE,mid,30.0,6,12:30,300,71.667,20.0,False
NVDA,put,Fri-0DTE,mid,30.0,7,10:30,300,67.667,55.0,False
NVDA,put,Fri-0DTE,mid,30.0,8,13:00,300,57.333,20.0,False
NVDA,put,Fri-0DTE,mid,30.0,9,14:30,300,48.333,25.0,False
NVDA,put,Fri-0DTE,mid,30.0,10,13:30,300,47.0,30.0,False
NVDA,put,Fri-0DTE,mid,30.0,11,14:00,300,43.0,35.0,False
NVDA,put,Fri-0DTE,mid,30.0,12,15:00,300,36.667,15.0,False
NVDA,put,Fri-0DTE,mid,30.0,13,15:30,50,22.0,10.0,False
NVDA,put,Fri-0DTE,mid,50.0,1,09:30,250,81.6,25.0,False
NVDA,put,Fri-0DTE,mid,50.0,2,11:30,300,76.333,45.0,False
NVDA,put,Fri-0DTE,mid,50.0,3,11:00,300,74.0,55.0,False
NVDA,put,Fri-0DTE,mid,50.0,4,10:00,300,68.333,20.0,False
NVDA,put,Fri-0DTE,mid,50.0,5,12:00,300,68.0,40.0,False
NVDA,put,Fri-0DTE,mid,50.0,6,12:30,300,63.333,25.0,False
NVDA,put,Fri-0DTE,mid,50.0,7,10:30,300,59.333,65.0,False
NVDA,put,Fri-0DTE,mid,50.0,8,13:00,300,50.333,25.0,False
NVDA,put,Fri-0DTE,mid,50.0,9,13:30,300,40.667,70.0,False
NVDA,put,Fri-0DTE,mid,50.0,10,14:30,300,39.667,25.0,False
NVDA,put,Fri-0DTE,mid,50.0,11,14:00,300,38.333,45.0,False
NVDA,put,Fri-0DTE,mid,50.0,12,15:00,300,28.0,15.0,False
NVDA,put,Fri-0DTE,mid,50.0,13,15:30,50,18.0,10.0,False
NVDA,put,Fri-0DTE,mid,75.0,1,09:30,250,76.4,45.0,False
NVDA,put,Fri-0DTE,mid,75.0,2,11:00,300,70.0,70.0,False
NVDA,put,Fri-0DTE,mid,75.0,3,11:30,300,68.667,55.0,False
NVDA,put,Fri-0DTE,mid,75.0,4,10:00,300,62.333,35.0,False
NVDA,put,Fri-0DTE,mid,75.0,5,12:00,300,60.0,40.0,False
NVDA,put,Fri-0DTE,mid,75.0,6,12:30,300,54.667,25.0,False
NVDA,put,Fri-0DTE,mid,75.0,7,10:30,300,52.667,80.0,False
NVDA,put,Fri-0DTE,mid,75.0,8,13:00,300,42.333,25.0,False
NVDA,put,Fri-0DTE,mid,75.0,9,14:00,300,36.0,50.0,False
NVDA,put,Fri-0DTE,mid,75.0,10,14:30,300,34.667,25.0,False
NVDA,put,Fri-0DTE,mid,75.0,11,13:30,300,34.333,80.0,False
NVDA,put,Fri-0DTE,mid,75.0,12,15:00,300,24.333,15.0,False
NVDA,put,Fri-0DTE,mid,75.0,13,15:30,50,18.0,15.0,False
NVDA,put,Fri-0DTE,mid,100.0,1,09:30,250,69.6,55.0,False
NVDA,put,Fri-0DTE,mid,100.0,2,11:00,300,64.667,75.0,False
NVDA,put,Fri-0DTE,mid,100.0,3,11:30,300,61.0,60.0,False
NVDA,put,Fri-0DTE,mid,100.0,4,10:00,300,58.0,45.0,False
NVDA,put,Fri-0DTE,mid,100.0,5,12:00,300,54.333,45.0,False
NVDA,put,Fri-0DTE,mid,100.0,6,12:30,300,49.667,30.0,False
NVDA,put,Fri-0DTE,mid,100.0,7,10:30,300,48.333,90.0,False
NVDA,put,Fri-0DTE,mid,100.0,8,13:00,300,36.667,25.0,False
NVDA,put,Fri-0DTE,mid,100.0,9,14:00,300,32.333,50.0,False
NVDA,put,Fri-0DTE,mid,100.0,10,14:30,300,32.0,27.5,False
NVDA,put,Fri-0DTE,mid,100.0,11,13:30,300,31.0,80.0,False
NVDA,put,Fri-0DTE,mid,100.0,12,15:00,300,21.667,15.0,False
NVDA,put,Fri-0DTE,mid,100.0,13,15:30,50,14.0,25.0,False
NVDA,put,Fri-0DTE,market,30.0,1,09:30,250,84.0,20.0,False
NVDA,put,Fri-0DTE,market,30.0,2,11:30,300,80.0,35.0,False
NVDA,put,Fri-0DTE,market,30.0,3,11:00,300,78.333,50.0,False
NVDA,put,Fri-0DTE,market,30.0,4,10:00,300,73.667,20.0,False
NVDA,put,Fri-0DTE,market,30.0,5,12:00,300,73.667,35.0,False
NVDA,put,Fri-0DTE,market,30.0,6,12:30,300,69.0,20.0,False
NVDA,put,Fri-0DTE,market,30.0,7,10:30,300,64.333,55.0,False
NVDA,put,Fri-0DTE,market,30.0,8,13:00,300,55.667,20.0,False
NVDA,put,Fri-0DTE,market,30.0,9,14:30,300,45.333,25.0,False
NVDA,put,Fri-0DTE,market,30.0,10,13:30,300,44.667,50.0,False
NVDA,put,Fri-0DTE,market,30.0,11,14:00,300,42.0,37.5,False
NVDA,put,Fri-0DTE,market,30.0,12,15:00,300,34.0,15.0,False
NVDA,put,Fri-0DTE,market,30.0,13,15:30,50,20.0,12.5,False
NVDA,put,Fri-0DTE,market,50.0,1,09:30,250,80.0,35.0,False
NVDA,put,Fri-0DTE,market,50.0,2,11:30,300,74.333,50.0,False
NVDA,put,Fri-0DTE,market,50.0,3,11:00,300,73.333,60.0,False
NVDA,put,Fri-0DTE,market,50.0,4,10:00,300,66.667,25.0,False
NVDA,put,Fri-0DTE,market,50.0,5,12:00,300,64.0,40.0,False
NVDA,put,Fri-0DTE,market,50.0,6,12:30,300,60.333,20.0,False
NVDA,put,Fri-0DTE,market,50.0,7,10:30,300,57.333,65.0,False
NVDA,put,Fri-0DTE,market,50.0,8,13:00,300,48.667,25.0,False
NVDA,put,Fri-0DTE,market,50.0,9,13:30,300,38.333,80.0,False
NVDA,put,Fri-0DTE,market,50.0,10,14:30,300,38.0,25.0,False
NVDA,put,Fri-0DTE,market,50.0,11,14:00,300,37.667,45.0,False
NVDA,put,Fri-0DTE,market,50.0,12,15:00,300,26.333,15.0,False
NVDA,put,Fri-0DTE,market,50.0,13,15:30,50,18.0,15.0,False
NVDA,put,Fri-0DTE,market,75.0,1,09:30,250,74.4,47.5,False
NVDA,put,Fri-0DTE,market,75.0,2,11:00,300,68.333,70.0,False
NVDA,put,Fri-0DTE,market,75.0,3,11:30,300,66.0,55.0,False
NVDA,put,Fri-0DTE,market,75.0,4,10:00,300,61.333,35.0,False
NVDA,put,Fri-0DTE,market,75.0,5,12:00,300,58.0,40.0,False
NVDA,put,Fri-0DTE,market,75.0,6,12:30,300,53.333,25.0,False
NVDA,put,Fri-0DTE,market,75.0,7,10:30,300,52.333,90.0,False
NVDA,put,Fri-0DTE,market,75.0,8,13:00,300,41.667,25.0,False
NVDA,put,Fri-0DTE,market,75.0,9,14:00,300,35.667,50.0,False
NVDA,put,Fri-0DTE,market,75.0,10,14:30,300,33.667,25.0,False
NVDA,put,Fri-0DTE,market,75.0,11,13:30,300,33.667,80.0,False
NVDA,put,Fri-0DTE,market,75.0,12,15:00,300,24.0,15.0,False
NVDA,put,Fri-0DTE,market,75.0,13,15:30,50,18.0,15.0,False
NVDA,put,Fri-0DTE,market,100.0,1,09:30,250,67.6,55.0,False
NVDA,put,Fri-0DTE,market,100.0,2,11:00,300,63.667,80.0,False
NVDA,put,Fri-0DTE,market,100.0,3,11:30,300,60.333,60.0,False
NVDA,put,Fri-0DTE,market,100.0,4,10:00,300,57.667,55.0,False
NVDA,put,Fri-0DTE,market,100.0,5,12:00,300,52.667,45.0,False
NVDA,put,Fri-0DTE,market,100.0,6,12:30,300,47.0,25.0,False
NVDA,put,Fri-0DTE,market,100.0,7,10:30,300,47.0,100.0,False
NVDA,put,Fri-0DTE,market,100.0,8,13:00,300,34.333,45.0,False
NVDA,put,Fri-0DTE,market,100.0,9,14:00,300,32.0,50.0,False
NVDA,put,Fri-0DTE,market,100.0,10,14:30,300,31.667,25.0,False
NVDA,put,Fri-0DTE,market,100.0,11,13:30,300,30.0,82.5,False
NVDA,put,Fri-0DTE,market,100.0,12,15:00,300,20.667,15.0,False
NVDA,put,Fri-0DTE,market,100.0,13,15:30,50,10.0,20.0,False
GOOGL,call,Mon-0DTE,mid,30.0,1,10:30,300,76.333,45.0,False
GOOGL,call,Mon-0DTE,mid,30.0,2,11:00,300,74.333,25.0,False
GOOGL,call,Mon-0DTE,mid,30.0,3,10:00,300,69.667,85.0,False
GOOGL,call,Mon-0DTE,mid,30.0,4,11:30,300,68.667,20.0,False
GOOGL,call,Mon-0DTE,mid,30.0,5,09:30,250,66.4,37.5,False
GOOGL,call,Mon-0DTE,mid,30.0,6,12:00,300,62.333,20.0,False
GOOGL,call,Mon-0DTE,mid,30.0,7,13:00,300,61.333,30.0,False
GOOGL,call,Mon-0DTE,mid,30.0,8,13:30,300,57.333,12.5,False
GOOGL,call,Mon-0DTE,mid,30.0,9,12:30,300,55.667,20.0,False
GOOGL,call,Mon-0DTE,mid,30.0,10,14:00,300,46.0,15.0,False
GOOGL,call,Mon-0DTE,mid,30.0,11,14:30,300,44.667,15.0,False
GOOGL,call,Mon-0DTE,mid,30.0,12,15:00,300,27.0,15.0,False
GOOGL,call,Mon-0DTE,mid,30.0,13,15:30,50,26.0,15.0,False
GOOGL,call,Mon-0DTE,mid,50.0,1,10:30,300,75.0,50.0,False
GOOGL,call,Mon-0DTE,mid,50.0,2,11:00,300,71.667,35.0,False
GOOGL,call,Mon-0DTE,mid,50.0,3,11:30,300,67.667,25.0,False
GOOGL,call,Mon-0DTE,mid,50.0,4,10:00,300,64.0,95.0,False
GOOGL,call,Mon-0DTE,mid,50.0,5,12:00,300,59.333,35.0,False
GOOGL,call,Mon-0DTE,mid,50.0,6,09:30,250,59.2,95.0,False
GOOGL,call,Mon-0DTE,mid,50.0,7,13:00,300,56.667,35.0,False
GOOGL,call,Mon-0DTE,mid,50.0,8,13:30,300,51.333,15.0,False
GOOGL,call,Mon-0DTE,mid,50.0,9,12:30,300,51.0,35.0,False
GOOGL,call,Mon-0DTE,mid,50.0,10,14:00,300,41.0,20.0,False
GOOGL,call,Mon-0DTE,mid,50.0,11,14:30,300,36.0,15.0,False
GOOGL,call,Mon-0DTE,mid,50.0,12,15:30,50,20.0,15.0,False
GOOGL,call,Mon-0DTE,mid,50.0,13,15:00,300,19.667,15.0,False
GOOGL,call,Mon-0DTE,mid,75.0,1,10:30,300,70.667,60.0,False
GOOGL,call,Mon-0DTE,mid,75.0,2,11:00,300,68.667,45.0,False
GOOGL,call,Mon-0DTE,mid,75.0,3,11:30,300,66.667,30.0,False
GOOGL,call,Mon-0DTE,mid,75.0,4,10:00,300,56.667,97.5,False
GOOGL,call,Mon-0DTE,mid,75.0,5,12:00,300,54.333,50.0,False
GOOGL,call,Mon-0DTE,mid,75.0,6,09:30,250,52.4,135.0,False
GOOGL,call,Mon-0DTE,mid,75.0,7,13:00,300,51.667,40.0,False
GOOGL,call,Mon-0DTE,mid,75.0,8,13:30,300,47.0,20.0,False
GOOGL,call,Mon-0DTE,mid,75.0,9,12:30,300,42.0,42.5,False
GOOGL,call,Mon-0DTE,mid,75.0,10,14:00,300,38.667,35.0,False
GOOGL,call,Mon-0DTE,mid,75.0,11,14:30,300,31.0,15.0,False
GOOGL,call,Mon-0DTE,mid,75.0,12,15:00,300,16.333,15.0,False
GOOGL,call,Mon-0DTE,mid,75.0,13,15:30,50,16.0,15.0,False
GOOGL,call,Mon-0DTE,mid,100.0,1,11:00,300,67.0,50.0,False
GOOGL,call,Mon-0DTE,mid,100.0,2,10:30,300,67.0,65.0,False
GOOGL,call,Mon-0DTE,mid,100.0,3,11:30,300,65.667,35.0,False
GOOGL,call,Mon-0DTE,mid,100.0,4,10:00,300,52.333,105.0,False
GOOGL,call,Mon-0DTE,mid,100.0,5,12:00,300,50.0,65.0,False
GOOGL,call,Mon-0DTE,mid,100.0,6,13:00,300,47.333,45.0,False
GOOGL,call,Mon-0DTE,mid,100.0,7,09:30,250,46.4,140.0,False
GOOGL,call,Mon-0DTE,mid,100.0,8,13:30,300,42.667,20.0,False
GOOGL,call,Mon-0DTE,mid,100.0,9,12:30,300,39.0,55.0,False
GOOGL,call,Mon-0DTE,mid,100.0,10,14:00,300,33.333,30.0,False
GOOGL,call,Mon-0DTE,mid,100.0,11,14:30,300,27.0,20.0,False
GOOGL,call,Mon-0DTE,mid,100.0,12,15:30,50,14.0,20.0,False
GOOGL,call,Mon-0DTE,mid,100.0,13,15:00,300,13.667,15.0,False
GOOGL,call,Mon-0DTE,market,30.0,1,10:30,300,76.333,45.0,False
GOOGL,call,Mon-0DTE,market,30.0,2,11:00,300,73.667,25.0,False
GOOGL,call,Mon-0DTE,market,30.0,3,11:30,300,68.667,20.0,False
GOOGL,call,Mon-0DTE,market,30.0,4,10:00,300,68.0,90.0,False
GOOGL,call,Mon-0DTE,market,30.0,5,09:30,250,64.8,70.0,False
GOOGL,call,Mon-0DTE,market,30.0,6,12:00,300,61.667,30.0,False
GOOGL,call,Mon-0DTE,market,30.0,7,13:00,300,60.667,30.0,False
GOOGL,call,Mon-0DTE,market,30.0,8,13:30,300,55.667,15.0,False
GOOGL,call,Mon-0DTE,market,30.0,9,12:30,300,55.0,25.0,False
GOOGL,call,Mon-0DTE,market,30.0,10,14:00,300,44.667,20.0,False
GOOGL,call,Mon-0DTE,market,30.0,11,14:30,300,42.333,15.0,False
GOOGL,call,Mon-0DTE,market,30.0,12,15:00,300,25.0,15.0,False
GOOGL,call,Mon-0DTE,market,30.0,13,15:30,50,24.0,12.5,False
GOOGL,call,Mon-0DTE,market,50.0,1,10:30,300,74.0,50.0,False
GOOGL,call,Mon-0DTE,market,50.0,2,11:00,300,71.0,40.0,False
GOOGL,call,Mon-0DTE,market,50.0,3,11:30,300,67.667,25.0,False
GOOGL,call,Mon-0DTE,market,50.0,4,10:00,300,61.0,95.0,False
GOOGL,call,Mon-0DTE,market,50.0,5,12:00,300,59.0,40.0,False
GOOGL,call,Mon-0DTE,market,50.0,6,09:30,250,57.2,120.0,False
GOOGL,call,Mon-0DTE,market,50.0,7,13:00,300,55.667,35.0,False
GOOGL,call,Mon-0DTE,market,50.0,8,13:30,300,50.0,15.0,False
GOOGL,call,Mon-0DTE,market,50.0,9,12:30,300,48.667,37.5,False
GOOGL,call,Mon-0DTE,market,50.0,10,14:00,300,40.0,25.0,False
GOOGL,call,Mon-0DTE,market,50.0,11,14:30,300,35.333,15.0,False
GOOGL,call,Mon-0DTE,market,50.0,12,15:30,50,18.0,15.0,False
GOOGL,call,Mon-0DTE,market,50.0,13,15:00,300,17.667,15.0,False
GOOGL,call,Mon-0DTE,market,75.0,1,10:30,300,69.667,60.0,False
GOOGL,call,Mon-0DTE,market,75.0,2,11:00,300,68.0,45.0,False
GOOGL,call,Mon-0DTE,market,75.0,3,11:30,300,66.333,30.0,False
GOOGL,call,Mon-0DTE,market,75.0,4,10:00,300,55.0,100.0,False
GOOGL,call,Mon-0DTE,market,75.0,5,12:00,300,53.333,55.0,False
GOOGL,call,Mon-0DTE,market,75.0,6,09:30,250,52.0,140.0,False
GOOGL,call,Mon-0DTE,market,75.0,7,13:00,300,50.0,42.5,False
GOOGL,call,Mon-0DTE,market,75.0,8,13:30,300,46.0,20.0,False
GOOGL,call,Mon-0DTE,market,75.0,9,12:30,300,41.333,42.5,False
GOOGL,call,Mon-0DTE,market,75.0,10,14:00,300,37.0,35.0,False
GOOGL,call,Mon-0DTE,market,75.0,11,14:30,300,30.0,20.0,False
GOOGL,call,Mon-0DTE,market,75.0,12,15:00,300,15.667,15.0,False
GOOGL,call,Mon-0DTE,market,75.0,13,15:30,50,14.0,20.0,False
GOOGL,call,Mon-0DTE,market,100.0,1,11:00,300,66.667,50.0,False
GOOGL,call,Mon-0DTE,market,100.0,2,10:30,300,66.333,70.0,False
GOOGL,call,Mon-0DTE,market,100.0,3,11:30,300,64.333,35.0,False
GOOGL,call,Mon-0DTE,market,100.0,4,10:00,300,51.333,105.0,False
GOOGL,call,Mon-0DTE,market,100.0,5,12:00,300,48.667,65.0,False
GOOGL,call,Mon-0DTE,market,100.0,6,13:00,300,46.333,50.0,False
GOOGL,call,Mon-0DTE,market,100.0,7,09:30,250,43.6,145.0,False
GOOGL,call,Mon-0DTE,market,100.0,8,13:30,300,40.667,20.0,False
GOOGL,call,Mon-0DTE,market,100.0,9,12:30,300,37.333,57.5,False
GOOGL,call,Mon-0DTE,market,100.0,10,14:00,300,32.333,30.0,False
GOOGL,call,Mon-0DTE,market,100.0,11,14:30,300,26.0,20.0,False
GOOGL,call,Mon-0DTE,market,100.0,12,15:30,50,14.0,20.0,False
GOOGL,call,Mon-0DTE,market,100.0,13,15:00,300,12.333,15.0,False
GOOGL,put,Mon-0DTE,mid,30.0,1,09:30,250,91.6,20.0,False
GOOGL,put,Mon-0DTE,mid,30.0,2,10:00,300,83.667,15.0,False
GOOGL,put,Mon-0DTE,mid,30.0,3,10:30,300,66.333,20.0,False
GOOGL,put,Mon-0DTE,mid,30.0,4,12:30,300,55.667,10.0,False
GOOGL,put,Mon-0DTE,mid,30.0,5,14:00,300,55.333,20.0,False
GOOGL,put,Mon-0DTE,mid,30.0,6,12:00,300,52.667,25.0,False
GOOGL,put,Mon-0DTE,mid,30.0,7,14:30,300,48.667,30.0,False
GOOGL,put,Mon-0DTE,mid,30.0,8,11:00,300,47.667,20.0,False
GOOGL,put,Mon-0DTE,mid,30.0,9,11:30,300,47.333,20.0,False
GOOGL,put,Mon-0DTE,mid,30.0,10,13:00,300,43.667,15.0,False
GOOGL,put,Mon-0DTE,mid,30.0,11,15:00,300,43.667,20.0,False
GOOGL,put,Mon-0DTE,mid,30.0,12,13:30,300,41.0,30.0,False
GOOGL,put,Mon-0DTE,mid,30.0,13,15:30,50,34.0,15.0,False
GOOGL,put,Mon-0DTE,mid,50.0,1,09:30,250,87.6,30.0,False
GOOGL,put,Mon-0DTE,mid,50.0,2,10:00,300,74.0,25.0,False
GOOGL,put,Mon-0DTE,mid,50.0,3,10:30,300,55.667,25.0,False
GOOGL,put,Mon-0DTE,mid,50.0,4,12:30,300,45.667,15.0,False
GOOGL,put,Mon-0DTE,mid,50.0,5,12:00,300,43.333,30.0,False
GOOGL,put,Mon-0DTE,mid,50.0,6,14:00,300,42.667,25.0,False
GOOGL,put,Mon-0DTE,mid,50.0,7,11:00,300,40.0,25.0,False
GOOGL,put,Mon-0DTE,mid,50.0,8,11:30,300,37.0,25.0,False
GOOGL,put,Mon-0DTE,mid,50.0,9,14:30,300,35.333,35.0,False
GOOGL,put,Mon-0DTE,mid,50.0,10,15:00,300,35.0,20.0,False
GOOGL,put,Mon-0DTE,mid,50.0,11,13:30,300,33.667,40.0,False
GOOGL,put,Mon-0DTE,mid,50.0,12,13:00,300,32.333,20.0,False
GOOGL,put,Mon-0DTE,mid,50.0,13,15:30,50,24.0,15.0,False
GOOGL,put,Mon-0DTE,mid,75.0,1,09:30,250,84.0,35.0,False
GOOGL,put,Mon-0DTE,mid,75.0,2,10:00,300,66.0,30.0,False
GOOGL,put,Mon-0DTE,mid,75.0,3,10:30,300,50.0,35.0,False
GOOGL,put,Mon-0DTE,mid,75.0,4,12:30,300,40.667,20.0,False
GOOGL,put,Mon-0DTE,mid,75.0,5,12:00,300,37.667,35.0,False
GOOGL,put,Mon-0DTE,mid,75.0,6,11:00,300,34.667,30.0,False
GOOGL,put,Mon-0DTE,mid,75.0,7,11:30,300,30.667,52.5,False
GOOGL,put,Mon-0DTE,mid,75.0,8,14:00,300,30.333,30.0,False
GOOGL,put,Mon-0DTE,mid,75.0,9,15:00,300,27.333,25.0,False
GOOGL,put,Mon-0DTE,mid,75.0,10,14:30,300,26.667,40.0,False
GOOGL,put,Mon-0DTE,mid,75.0,11,13:30,300,23.333,40.0,False
GOOGL,put,Mon-0DTE,mid,75.0,12,13:00,300,22.333,25.0,False
GOOGL,put,Mon-0DTE,mid,75.0,13,15:30,50,20.0,17.5,False
GOOGL,put,Mon-0DTE,mid,100.0,1,09:30,250,81.2,45.0,False
GOOGL,put,Mon-0DTE,mid,100.0,2,10:00,300,59.667,35.0,False
GOOGL,put,Mon-0DTE,mid,100.0,3,10:30,300,45.0,40.0,False
GOOGL,put,Mon-0DTE,mid,100.0,4,12:30,300,32.667,25.0,False
GOOGL,put,Mon-0DTE,mid,100.0,5,11:00,300,32.0,50.0,False
GOOGL,put,Mon-0DTE,mid,100.0,6,12:00,300,31.667,40.0,False
GOOGL,put,Mon-0DTE,mid,100.0,7,11:30,300,25.333,60.0,False
GOOGL,put,Mon-0DTE,mid,100.0,8,15:00,300,23.667,25.0,False
GOOGL,put,Mon-0DTE,mid,100.0,9,14:00,300,22.667,25.0,False
GOOGL,put,Mon-0DTE,mid,100.0,10,14:30,300,20.667,45.0,False
GOOGL,put,Mon-0DTE,mid,100.0,11,13:30,300,20.0,52.5,False
GOOGL,put,Mon-0DTE,mid,100.0,12,13:00,300,16.667,25.0,False
GOOGL,put,Mon-0DTE,mid,100.0,13,15:30,50,16.0,12.5,False
GOOGL,put,Mon-0DTE,market,30.0,1,09:30,250,90.8,25.0,False
GOOGL,put,Mon-0DTE,market,30.0,2,10:00,300,80.333,20.0,False
GOOGL,put,Mon-0DTE,market,30.0,3,10:30,300,62.333,20.0,False
GOOGL,put,Mon-0DTE,market,30.0,4,12:30,300,52.667,15.0,False
GOOGL,put,Mon-0DTE,market,30.0,5,14:00,300,50.333,20.0,False
GOOGL,put,Mon-0DTE,market,30.0,6,12:00,300,50.333,25.0,False
GOOGL,put,Mon-0DTE,market,30.0,7,11:00,300,46.0,20.0,False
GOOGL,put,Mon-0DTE,market,30.0,8,14:30,300,44.667,35.0,False
GOOGL,put,Mon-0DTE,market,30.0,9,11:30,300,42.333,20.0,False
GOOGL,put,Mon-0DTE,market,30.0,10,13:00,300,40.0,15.0,False
GOOGL,put,Mon-0DTE,market,30.0,11,15:00,300,40.0,20.0,False
GOOGL,put,Mon-0DTE,market,30.0,12,13:30,300,38.333,35.0,False
GOOGL,put,Mon-0DTE,market,30.0,13,15:30,50,28.0,15.0,False
GOOGL,put,Mon-0DTE,market,50.0,1,09:30,250,85.6,30.0,False
GOOGL,put,Mon-0DTE,market,50.0,2,10:00,300,72.333,25.0,False
GOOGL,put,Mon-0DTE,market,50.0,3,10:30,300,53.667,25.0,False
GOOGL,put,Mon-0DTE,market,50.0,4,12:30,300,43.333,15.0,False
GOOGL,put,Mon-0DTE,market,50.0,5,12:00,300,42.0,35.0,False
GOOGL,put,Mon-0DTE,market,50.0,6,14:00,300,38.333,25.0,False
GOOGL,put,Mon-0DTE,market,50.0,7,11:00,300,38.0,25.0,False
GOOGL,put,Mon-0DTE,market,50.0,8,11:30,300,35.333,42.5,False
GOOGL,put,Mon-0DTE,market,50.0,9,15:00,300,33.0,25.0,False
GOOGL,put,Mon-0DTE,market,50.0,10,14:30,300,33.0,35.0,False
GOOGL,put,Mon-0DTE,market,50.0,11,13:30,300,30.667,40.0,False
GOOGL,put,Mon-0DTE,market,50.0,12,13:00,300,29.333,22.5,False
GOOGL,put,Mon-0DTE,market,50.0,13,15:30,50,24.0,17.5,False
GOOGL,put,Mon-0DTE,market,75.0,1,09:30,250,82.4,35.0,False
GOOGL,put,Mon-0DTE,market,75.0,2,10:00,300,64.0,30.0,False
GOOGL,put,Mon-0DTE,market,75.0,3,10:30,300,49.0,35.0,False
GOOGL,put,Mon-0DTE,market,75.0,4,12:30,300,37.667,25.0,False
GOOGL,put,Mon-0DTE,market,75.0,5,12:00,300,36.667,37.5,False
GOOGL,put,Mon-0DTE,market,75.0,6,11:00,300,33.333,35.0,False
GOOGL,put,Mon-0DTE,market,75.0,7,11:30,300,30.0,55.0,False
GOOGL,put,Mon-0DTE,market,75.0,8,14:00,300,28.667,30.0,False
GOOGL,put,Mon-0DTE,market,75.0,9,15:00,300,25.667,25.0,False
GOOGL,put,Mon-0DTE,market,75.0,10,14:30,300,25.0,40.0,False
GOOGL,put,Mon-0DTE,market,75.0,11,13:30,300,22.333,45.0,False
GOOGL,put,Mon-0DTE,market,75.0,12,13:00,300,21.0,25.0,False
GOOGL,put,Mon-0DTE,market,75.0,13,15:30,50,18.0,15.0,False
GOOGL,put,Mon-0DTE,market,100.0,1,09:30,250,80.4,45.0,False
GOOGL,put,Mon-0DTE,market,100.0,2,10:00,300,57.667,40.0,False
GOOGL,put,Mon-0DTE,market,100.0,3,10:30,300,43.0,40.0,False
GOOGL,put,Mon-0DTE,market,100.0,4,12:30,300,31.0,25.0,False
GOOGL,put,Mon-0DTE,market,100.0,5,12:00,300,31.0,40.0,False
GOOGL,put,Mon-0DTE,market,100.0,6,11:00,300,30.667,50.0,False
GOOGL,put,Mon-0DTE,market,100.0,7,11:30,300,24.333,60.0,False
GOOGL,put,Mon-0DTE,market,100.0,8,15:00,300,22.333,25.0,False
GOOGL,put,Mon-0DTE,market,100.0,9,14:00,300,19.667,20.0,False
GOOGL,put,Mon-0DTE,market,100.0,10,14:30,300,19.0,45.0,False
GOOGL,put,Mon-0DTE,market,100.0,11,13:30,300,17.667,45.0,False
GOOGL,put,Mon-0DTE,market,100.0,12,13:00,300,16.333,30.0,False
GOOGL,put,Mon-0DTE,market,100.0,13,15:30,50,16.0,17.5,False
GOOGL,call,Tue->Wed,mid,30.0,1,09:30,250,98.8,40.0,False
GOOGL,call,Tue->Wed,mid,30.0,2,10:00,300,96.333,65.0,False
GOOGL,call,Tue->Wed,mid,30.0,3,10:30,300,88.333,50.0,False
GOOGL,call,Tue->Wed,mid,30.0,4,12:30,300,83.333,45.0,False
GOOGL,call,Tue->Wed,mid,30.0,5,11:00,300,81.0,40.0,False
GOOGL,call,Tue->Wed,mid,30.0,6,12:00,300,79.0,30.0,False
GOOGL,call,Tue->Wed,mid,30.0,7,13:00,300,78.333,45.0,False
GOOGL,call,Tue->Wed,mid,30.0,8,11:30,300,77.667,45.0,False
GOOGL,call,Tue->Wed,mid,30.0,9,13:30,300,73.333,37.5,False
GOOGL,call,Tue->Wed,mid,30.0,10,14:30,300,70.667,35.0,False
GOOGL,call,Tue->Wed,mid,30.0,11,15:00,300,59.0,25.0,False
GOOGL,call,Tue->Wed,mid,30.0,12,14:00,300,58.667,67.5,False
GOOGL,call,Tue->Wed,mid,30.0,13,15:30,50,44.0,15.0,False
GOOGL,call,Tue->Wed,mid,50.0,1,09:30,250,94.4,115.0,False
GOOGL,call,Tue->Wed,mid,50.0,2,10:30,300,86.0,95.0,False
GOOGL,call,Tue->Wed,mid,50.0,3,10:00,300,85.333,130.0,False
GOOGL,call,Tue->Wed,mid,50.0,4,11:00,300,79.667,80.0,False
GOOGL,call,Tue->Wed,mid,50.0,5,12:00,300,74.0,55.0,False
GOOGL,call,Tue->Wed,mid,50.0,6,11:30,300,73.333,60.0,False
GOOGL,call,Tue->Wed,mid,50.0,7,12:30,300,70.333,70.0,False
GOOGL,call,Tue->Wed,mid,50.0,8,13:00,300,67.667,55.0,False
GOOGL,call,Tue->Wed,mid,50.0,9,13:30,300,57.0,75.0,False
GOOGL,call,Tue->Wed,mid,50.0,10,14:30,300,51.333,40.0,False
GOOGL,call,Tue->Wed,mid,50.0,11,14:00,300,35.333,85.0,False
GOOGL,call,Tue->Wed,mid,50.0,12,15:00,300,31.0,30.0,False
GOOGL,call,Tue->Wed,mid,50.0,13,15:30,50,28.0,15.0,False
GOOGL,call,Tue->Wed,mid,75.0,1,09:30,250,86.8,175.0,False
GOOGL,call,Tue->Wed,mid,75.0,2,10:30,300,80.333,125.0,False
GOOGL,call,Tue->Wed,mid,75.0,3,10:00,300,79.0,165.0,False
GOOGL,call,Tue->Wed,mid,75.0,4,11:00,300,75.333,100.0,False
GOOGL,call,Tue->Wed,mid,75.0,5,11:30,300,68.333,75.0,False
GOOGL,call,Tue->Wed,mid,75.0,6,12:00,300,66.667,90.0,False
GOOGL,call,Tue->Wed,mid,75.0,7,12:30,300,53.667,75.0,False
GOOGL,call,Tue->Wed,mid,75.0,8,13:00,300,50.333,80.0,False
GOOGL,call,Tue->Wed,mid,75.0,9,13:30,300,39.333,87.5,False
GOOGL,call,Tue->Wed,mid,75.0,10,14:30,300,30.333,45.0,False
GOOGL,call,Tue->Wed,mid,75.0,11,14:00,300,19.667,80.0,False
GOOGL,call,Tue->Wed,mid,75.0,12,15:30,50,14.0,15.0,False
GOOGL,call,Tue->Wed,mid,75.0,13,15:00,300,12.333,35.0,False
GOOGL,call,Tue->Wed,mid,100.0,1,09:30,250,77.6,200.0,False
GOOGL,call,Tue->Wed,mid,100.0,2,10:30,300,72.667,140.0,False
GOOGL,call,Tue->Wed,mid,100.0,3,10:00,300,72.667,180.0,False
GOOGL,call,Tue->Wed,mid,100.0,4,11:00,300,66.333,125.0,False
GOOGL,call,Tue->Wed,mid,100.0,5,11:30,300,62.333,90.0,False
GOOGL,call,Tue->Wed,mid,100.0,6,12:00,300,57.0,95.0,False
GOOGL,call,Tue->Wed,mid,100.0,7,12:30,300,41.0,80.0,False
GOOGL,call,Tue->Wed,mid,100.0,8,13:00,300,36.667,87.5,False
GOOGL,call,Tue->Wed,mid,100.0,9,13:30,300,27.333,100.0,False
GOOGL,call,Tue->Wed,mid,100.0,10,14:30,300,17.333,45.0,False
GOOGL,call,Tue->Wed,mid,100.0,11,14:00,300,12.0,80.0,False
GOOGL,call,Tue->Wed,mid,100.0,12,15:30,50,10.0,20.0,False
GOOGL,call,Tue->Wed,mid,100.0,13,15:00,300,4.667,35.0,False
GOOGL,call,Tue->Wed,market,30.0,1,09:30,250,98.4,55.0,False
GOOGL,call,Tue->Wed,market,30.0,2,10:00,300,93.333,85.0,False
GOOGL,call,Tue->Wed,market,30.0,3,10:30,300,87.333,60.0,False
GOOGL,call,Tue->Wed,market,30.0,4,11:00,300,80.667,50.0,False
GOOGL,call,Tue->Wed,market,30.0,5,12:30,300,80.333,55.0,False
GOOGL,call,Tue->Wed,market,30.0,6,12:00,300,77.0,35.0,False
GOOGL,call,Tue->Wed,market,30.0,7,11:30,300,76.333,45.0,False
GOOGL,call,Tue->Wed,market,30.0,8,13:00,300,75.667,50.0,False
GOOGL,call,Tue->Wed,market,30.0,9,13:30,300,69.0,40.0,False
GOOGL,call,Tue->Wed,market,30.0,10,14:30,300,66.0,35.0,False
GOOGL,call,Tue->Wed,market,30.0,11,14:00,300,52.0,77.5,False
GOOGL,call,Tue->Wed,market,30.0,12,15:00,300,50.0,30.0,False
GOOGL,call,Tue->Wed,market,30.0,13,15:30,50,40.0,15.0,False
GOOGL,call,Tue->Wed,market,50.0,1,09:30,250,94.0,120.0,False
GOOGL,call,Tue->Wed,market,50.0,2,10:30,300,85.667,110.0,False
GOOGL,call,Tue->Wed,market,50.0,3,10:00,300,83.0,145.0,False
GOOGL,call,Tue->Wed,market,50.0,4,11:00,300,79.0,85.0,False
GOOGL,call,Tue->Wed,market,50.0,5,11:30,300,72.333,65.0,False
GOOGL,call,Tue->Wed,market,50.0,6,12:00,300,72.0,65.0,False
GOOGL,call,Tue->Wed,market,50.0,7,12:30,300,66.667,70.0,False
GOOGL,call,Tue->Wed,market,50.0,8,13:00,300,64.333,65.0,False
GOOGL,call,Tue->Wed,market,50.0,9,13:30,300,53.667,75.0,False
GOOGL,call,Tue->Wed,market,50.0,10,14:30,300,45.0,45.0,False
GOOGL,call,Tue->Wed,market,50.0,11,14:00,300,31.667,85.0,False
GOOGL,call,Tue->Wed,market,50.0,12,15:30,50,24.0,15.0,False
GOOGL,call,Tue->Wed,market,50.0,13,15:00,300,23.333,30.0,False
GOOGL,call,Tue->Wed,market,75.0,1,09:30,250,85.6,190.0,False
GOOGL,call,Tue->Wed,market,75.0,2,10:30,300,78.667,130.0,False
GOOGL,call,Tue->Wed,market,75.0,3,10:00,300,77.0,170.0,False
GOOGL,call,Tue->Wed,market,75.0,4,11:00,300,73.667,110.0,False
GOOGL,call,Tue->Wed,market,75.0,5,11:30,300,67.333,80.0,False
GOOGL,call,Tue->Wed,market,75.0,6,12:00,300,64.0,90.0,False
GOOGL,call,Tue->Wed,market,75.0,7,12:30,300,50.667,75.0,False
GOOGL,call,Tue->Wed,market,75.0,8,13:00,300,46.667,105.0,False
GOOGL,call,Tue->Wed,market,75.0,9,13:30,300,34.667,90.0,False
GOOGL,call,Tue->Wed,market,75.0,10,14:30,300,26.0,45.0,False
GOOGL,call,Tue->Wed,market,75.0,11,14:00,300,16.667,80.0,False
GOOGL,call,Tue->Wed,market,75.0,12,15:30,50,14.0,15.0,False
GOOGL,call,Tue->Wed,market,75.0,13,15:00,300,9.0,35.0,False
GOOGL,call,Tue->Wed,market,100.0,1,09:30,250,72.0,205.0,False
GOOGL,call,Tue->Wed,market,100.0,2,10:00,300,69.333,185.0,False
GOOGL,call,Tue->Wed,market,100.0,3,10:30,300,68.667,147.5,False
GOOGL,call,Tue->Wed,market,100.0,4,11:00,300,63.333,132.5,False
GOOGL,call,Tue->Wed,market,100.0,5,11:30,300,59.0,95.0,False
GOOGL,call,Tue->Wed,market,100.0,6,12:00,300,53.0,95.0,False
GOOGL,call,Tue->Wed,market,100.0,7,12:30,300,38.0,80.0,False
GOOGL,call,Tue->Wed,market,100.0,8,13:00,300,31.333,60.0,False
GOOGL,call,Tue->Wed,market,100.0,9,13:30,300,24.667,105.0,False
GOOGL,call,Tue->Wed,market,100.0,10,14:30,300,14.0,40.0,False
GOOGL,call,Tue->Wed,market,100.0,11,14:00,300,10.333,80.0,False
GOOGL,call,Tue->Wed,market,100.0,12,15:30,50,8.0,17.5,False
GOOGL,call,Tue->Wed,market,100.0,13,15:00,300,3.0,35.0,False
GOOGL,put,Tue->Wed,mid,30.0,1,14:00,300,76.333,20.0,False
GOOGL,put,Tue->Wed,mid,30.0,2,09:30,250,74.0,85.0,False
GOOGL,put,Tue->Wed,mid,30.0,3,10:00,300,71.333,35.0,False
GOOGL,put,Tue->Wed,mid,30.0,4,12:30,300,60.333,50.0,False
GOOGL,put,Tue->Wed,mid,30.0,5,10:30,300,59.333,45.0,False
GOOGL,put,Tue->Wed,mid,30.0,6,11:00,300,56.0,37.5,False
GOOGL,put,Tue->Wed,mid,30.0,7,11:30,300,55.667,30.0,False
GOOGL,put,Tue->Wed,mid,30.0,8,13:30,300,55.0,20.0,False
GOOGL,put,Tue->Wed,mid,30.0,9,13:00,300,53.0,25.0,False
GOOGL,put,Tue->Wed,mid,30.0,10,12:00,300,49.333,20.0,False
GOOGL,put,Tue->Wed,mid,30.0,11,14:30,300,43.0,15.0,False
GOOGL,put,Tue->Wed,mid,30.0,12,15:00,300,29.667,15.0,False
GOOGL,put,Tue->Wed,mid,30.0,13,15:30,50,20.0,15.0,False
GOOGL,put,Tue->Wed,mid,50.0,1,10:00,300,59.333,47.5,False
GOOGL,put,Tue->Wed,mid,50.0,2,14:00,300,58.0,25.0,False
GOOGL,put,Tue->Wed,mid,50.0,3,09:30,250,55.2,125.0,False
GOOGL,put,Tue->Wed,mid,50.0,4,10:30,300,48.667,50.0,False
GOOGL,put,Tue->Wed,mid,50.0,5,12:30,300,47.0,60.0,False
GOOGL,put,Tue->Wed,mid,50.0,6,11:00,300,45.333,60.0,False
GOOGL,put,Tue->Wed,mid,50.0,7,11:30,300,42.667,40.0,False
GOOGL,put,Tue->Wed,mid,50.0,8,13:00,300,41.0,30.0,False
GOOGL,put,Tue->Wed,mid,50.0,9,13:30,300,40.333,20.0,False
GOOGL,put,Tue->Wed,mid,50.0,10,12:00,300,35.667,45.0,False
GOOGL,put,Tue->Wed,mid,50.0,11,14:30,300,27.333,20.0,False
GOOGL,put,Tue->Wed,mid,50.0,12,15:30,50,16.0,15.0,False
GOOGL,put,Tue->Wed,mid,50.0,13,15:00,300,12.333,15.0,False
GOOGL,put,Tue->Wed,mid,75.0,1,10:00,300,46.667,90.0,False
GOOGL,put,Tue->Wed,mid,75.0,2,09:30,250,42.0,150.0,False
GOOGL,put,Tue->Wed,mid,75.0,3,10:30,300,40.333,70.0,False
GOOGL,put,Tue->Wed,mid,75.0,4,12:30,300,38.0,57.5,False
GOOGL,put,Tue->Wed,mid,75.0,5,14:00,300,36.333,30.0,False
GOOGL,put,Tue->Wed,mid,75.0,6,11:30,300,33.667,55.0,False
GOOGL,put,Tue->Wed,mid,75.0,7,11:00,300,33.333,75.0,False
GOOGL,put,Tue->Wed,mid,75.0,8,13:00,300,31.333,40.0,False
GOOGL,put,Tue->Wed,mid,75.0,9,13:30,300,30.333,25.0,False
GOOGL,put,Tue->Wed,mid,75.0,10,12:00,300,25.0,85.0,False
GOOGL,put,Tue->Wed,mid,75.0,11,14:30,300,14.0,20.0,False
GOOGL,put,Tue->Wed,mid,75.0,12,15:30,50,8.0,15.0,False
GOOGL,put,Tue->Wed,mid,75.0,13,15:00,300,6.333,15.0,False
GOOGL,put,Tue->Wed,mid,100.0,1,10:00,300,35.333,125.0,False
GOOGL,put,Tue->Wed,mid,100.0,2,10:30,300,33.0,85.0,False
GOOGL,put,Tue->Wed,mid,100.0,3,09:30,250,32.8,160.0,False
GOOGL,put,Tue->Wed,mid,100.0,4,12:30,300,30.667,52.5,False
GOOGL,put,Tue->Wed,mid,100.0,5,13:00,300,27.0,45.0,False
GOOGL,put,Tue->Wed,mid,100.0,6,11:30,300,27.0,100.0,False
GOOGL,put,Tue->Wed,mid,100.0,7,13:30,300,26.667,25.0,False
GOOGL,put,Tue->Wed,mid,100.0,8,11:00,300,25.333,85.0,False
GOOGL,put,Tue->Wed,mid,100.0,9,14:00,300,23.333,35.0,False
GOOGL,put,Tue->Wed,mid,100.0,10,12:00,300,18.333,100.0,False
GOOGL,put,Tue->Wed,mid,100.0,11,14:30,300,5.667,15.0,False
GOOGL,put,Tue->Wed,mid,100.0,12,15:00,300,2.667,15.0,False
GOOGL,put,Tue->Wed,mid,100.0,13,15:30,50,0.0,,False
GOOGL,put,Tue->Wed,market,30.0,1,14:00,300,72.0,25.0,False
GOOGL,put,Tue->Wed,market,30.0,2,09:30,250,69.6,100.0,False
GOOGL,put,Tue->Wed,market,30.0,3,10:00,300,69.0,35.0,False
GOOGL,put,Tue->Wed,market,30.0,4,10:30,300,56.0,47.5,False
GOOGL,put,Tue->Wed,market,30.0,5,12:30,300,55.667,55.0,False
GOOGL,put,Tue->Wed,market,30.0,6,11:00,300,53.667,45.0,False
GOOGL,put,Tue->Wed,market,30.0,7,11:30,300,51.0,35.0,False
GOOGL,put,Tue->Wed,market,30.0,8,13:30,300,50.667,20.0,False
GOOGL,put,Tue->Wed,market,30.0,9,13:00,300,48.0,25.0,False
GOOGL,put,Tue->Wed,market,30.0,10,12:00,300,45.0,25.0,False
GOOGL,put,Tue->Wed,market,30.0,11,14:30,300,39.333,15.0,False
GOOGL,put,Tue->Wed,market,30.0,12,15:00,300,23.667,15.0,False
GOOGL,put,Tue->Wed,market,30.0,13,15:30,50,20.0,15.0,False
GOOGL,put,Tue->Wed,market,50.0,1,10:00,300,56.0,52.5,False
GOOGL,put,Tue->Wed,market,50.0,2,14:00,300,53.667,30.0,False
GOOGL,put,Tue->Wed,market,50.0,3,09:30,250,51.6,130.0,False
GOOGL,put,Tue->Wed,market,50.0,4,10:30,300,46.667,52.5,False
GOOGL,put,Tue->Wed,market,50.0,5,12:30,300,44.0,60.0,False
GOOGL,put,Tue->Wed,market,50.0,6,11:00,300,41.667,65.0,False
GOOGL,put,Tue->Wed,market,50.0,7,11:30,300,40.667,45.0,False
GOOGL,put,Tue->Wed,market,50.0,8,13:00,300,38.667,35.0,False
GOOGL,put,Tue->Wed,market,50.0,9,13:30,300,36.667,20.0,False
GOOGL,put,Tue->Wed,market,50.0,10,12:00,300,32.667,55.0,False
GOOGL,put,Tue->Wed,market,50.0,11,14:30,300,22.0,22.5,False
GOOGL,put,Tue->Wed,market,50.0,12,15:30,50,14.0,15.0,False
GOOGL,put,Tue->Wed,market,50.0,13,15:00,300,10.667,15.0,False
GOOGL,put,Tue->Wed,market,75.0,1,10:00,300,42.667,100.0,False
GOOGL,put,Tue->Wed,market,75.0,2,09:30,250,39.2,150.0,False
GOOGL,put,Tue->Wed,market,75.0,3,10:30,300,38.0,70.0,False
GOOGL,put,Tue->Wed,market,75.0,4,12:30,300,34.667,50.0,False
GOOGL,put,Tue->Wed,market,75.0,5,14:00,300,32.333,35.0,False
GOOGL,put,Tue->Wed,market,75.0,6,11:30,300,32.0,55.0,False
GOOGL,put,Tue->Wed,market,75.0,7,11:00,300,31.0,75.0,False
GOOGL,put,Tue->Wed,market,75.0,8,13:00,300,30.0,45.0,False
GOOGL,put,Tue->Wed,market,75.0,9,13:30,300,29.667,25.0,False
GOOGL,put,Tue->Wed,market,75.0,10,12:00,300,23.0,100.0,False
GOOGL,put,Tue->Wed,market,75.0,11,14:30,300,11.0,20.0,False
GOOGL,put,Tue->Wed,market,75.0,12,15:00,300,4.333,15.0,False
GOOGL,put,Tue->Wed,market,75.0,13,15:30,50,4.0,15.0,False
GOOGL,put,Tue->Wed,market,100.0,1,10:00,300,34.0,130.0,False
GOOGL,put,Tue->Wed,market,100.0,2,09:30,250,31.2,160.0,False
GOOGL,put,Tue->Wed,market,100.0,3,10:30,300,31.0,90.0,False
GOOGL,put,Tue->Wed,market,100.0,4,12:30,300,29.667,50.0,False
GOOGL,put,Tue->Wed,market,100.0,5,13:00,300,25.667,45.0,False
GOOGL,put,Tue->Wed,market,100.0,6,13:30,300,24.667,25.0,False
GOOGL,put,Tue->Wed,market,100.0,7,11:30,300,24.333,120.0,False
GOOGL,put,Tue->Wed,market,100.0,8,11:00,300,23.0,115.0,False
GOOGL,put,Tue->Wed,market,100.0,9,14:00,300,18.0,37.5,False
GOOGL,put,Tue->Wed,market,100.0,10,12:00,300,16.0,105.0,False
GOOGL,put,Tue->Wed,market,100.0,11,14:30,300,5.333,20.0,False
GOOGL,put,Tue->Wed,market,100.0,12,15:00,300,1.667,15.0,False
GOOGL,put,Tue->Wed,market,100.0,13,15:30,50,0.0,,False
GOOGL,call,Wed-0DTE,mid,30.0,1,09:30,250,93.2,35.0,False
GOOGL,call,Wed-0DTE,mid,30.0,2,10:00,300,91.667,20.0,False
GOOGL,call,Wed-0DTE,mid,30.0,3,11:30,300,86.0,25.0,False
GOOGL,call,Wed-0DTE,mid,30.0,4,11:00,300,84.667,30.0,False
GOOGL,call,Wed-0DTE,mid,30.0,5,10:30,300,83.0,25.0,False
GOOGL,call,Wed-0DTE,mid,30.0,6,12:00,300,79.333,32.5,False
GOOGL,call,Wed-0DTE,mid,30.0,7,12:30,300,74.667,25.0,False
GOOGL,call,Wed-0DTE,mid,30.0,8,13:00,300,64.667,40.0,False
GOOGL,call,Wed-0DTE,mid,30.0,9,13:30,300,61.0,15.0,False
GOOGL,call,Wed-0DTE,mid,30.0,10,14:00,300,58.333,15.0,False
GOOGL,call,Wed-0DTE,mid,30.0,11,14:30,300,47.667,20.0,False
GOOGL,call,Wed-0DTE,mid,30.0,12,15:30,50,42.0,20.0,False
GOOGL,call,Wed-0DTE,mid,30.0,13,15:00,300,36.333,20.0,False
GOOGL,call,Wed-0DTE,mid,50.0,1,09:30,250,88.8,45.0,False
GOOGL,call,Wed-0DTE,mid,50.0,2,10:00,300,88.0,30.0,False
GOOGL,call,Wed-0DTE,mid,50.0,3,11:30,300,79.667,25.0,False
GOOGL,call,Wed-0DTE,mid,50.0,4,11:00,300,78.333,45.0,False
GOOGL,call,Wed-0DTE,mid,50.0,5,10:30,300,77.667,35.0,False
GOOGL,call,Wed-0DTE,mid,50.0,6,12:00,300,74.667,50.0,False
GOOGL,call,Wed-0DTE,mid,50.0,7,12:30,300,71.333,30.0,False
GOOGL,call,Wed-0DTE,mid,50.0,8,13:00,300,56.0,50.0,False
GOOGL,call,Wed-0DTE,mid,50.0,9,13:30,300,55.333,22.5,False
GOOGL,call,Wed-0DTE,mid,50.0,10,14:00,300,47.667,15.0,False
GOOGL,call,Wed-0DTE,mid,50.0,11,14:30,300,37.0,30.0,False
GOOGL,call,Wed-0DTE,mid,50.0,12,15:30,50,34.0,20.0,False
GOOGL,call,Wed-0DTE,mid,50.0,13,15:00,300,30.667,25.0,False
GOOGL,call,Wed-0DTE,mid,75.0,1,09:30,250,85.6,55.0,False
GOOGL,call,Wed-0DTE,mid,75.0,2,10:00,300,83.667,45.0,False
GOOGL,call,Wed-0DTE,mid,75.0,3,10:30,300,74.0,57.5,False
GOOGL,call,Wed-0DTE,mid,75.0,4,11:30,300,73.0,30.0,False
GOOGL,call,Wed-0DTE,mid,75.0,5,11:00,300,70.667,52.5,False
GOOGL,call,Wed-0DTE,mid,75.0,6,12:00,300,64.667,60.0,False
GOOGL,call,Wed-0DTE,mid,75.0,7,12:30,300,61.667,55.0,False
GOOGL,call,Wed-0DTE,mid,75.0,8,13:30,300,51.0,25.0,False
GOOGL,call,Wed-0DTE,mid,75.0,9,13:00,300,47.333,60.0,False
GOOGL,call,Wed-0DTE,mid,75.0,10,14:00,300,37.667,15.0,False
GOOGL,call,Wed-0DTE,mid,75.0,11,14:30,300,32.333,35.0,False
GOOGL,call,Wed-0DTE,mid,75.0,12,15:30,50,28.0,20.0,False
GOOGL,call,Wed-0DTE,mid,75.0,13,15:00,300,25.333,30.0,False
GOOGL,call,Wed-0DTE,mid,100.0,1,09:30,250,82.0,60.0,False
GOOGL,call,Wed-0DTE,mid,100.0,2,10:00,300,78.333,60.0,False
GOOGL,call,Wed-0DTE,mid,100.0,3,10:30,300,70.0,82.5,False
GOOGL,call,Wed-0DTE,mid,100.0,4,11:30,300,68.0,35.0,False
GOOGL,call,Wed-0DTE,mid,100.0,5,11:00,300,64.667,65.0,False
GOOGL,call,Wed-0DTE,mid,100.0,6,12:00,300,56.333,70.0,False
GOOGL,call,Wed-0DTE,mid,100.0,7,12:30,300,53.333,65.0,False
GOOGL,call,Wed-0DTE,mid,100.0,8,13:30,300,45.333,30.0,False
GOOGL,call,Wed-0DTE,mid,100.0,9,13:00,300,41.667,60.0,False
GOOGL,call,Wed-0DTE,mid,100.0,10,14:00,300,35.667,15.0,False
GOOGL,call,Wed-0DTE,mid,100.0,11,14:30,300,28.333,40.0,False
GOOGL,call,Wed-0DTE,mid,100.0,12,15:30,50,24.0,25.0,False
GOOGL,call,Wed-0DTE,mid,100.0,13,15:00,300,20.0,25.0,False
GOOGL,call,Wed-0DTE,market,30.0,1,09:30,250,92.4,40.0,False
GOOGL,call,Wed-0DTE,market,30.0,2,10:00,300,91.667,20.0,False
GOOGL,call,Wed-0DTE,market,30.0,3,11:30,300,84.667,25.0,False
GOOGL,call,Wed-0DTE,market,30.0,4,11:00,300,83.333,32.5,False
GOOGL,call,Wed-0DTE,market,30.0,5,10:30,300,82.0,30.0,False
GOOGL,call,Wed-0DTE,market,30.0,6,12:00,300,78.0,40.0,False
GOOGL,call,Wed-0DTE,market,30.0,7,12:30,300,74.0,25.0,False
GOOGL,call,Wed-0DTE,market,30.0,8,13:00,300,62.333,45.0,False
GOOGL,call,Wed-0DTE,market,30.0,9,13:30,300,59.0,20.0,False
GOOGL,call,Wed-0DTE,market,30.0,10,14:00,300,55.0,15.0,False
GOOGL,call,Wed-0DTE,market,30.0,11,14:30,300,44.667,25.0,False
GOOGL,call,Wed-0DTE,market,30.0,12,15:30,50,42.0,20.0,False
GOOGL,call,Wed-0DTE,market,30.0,13,15:00,300,34.333,25.0,False
GOOGL,call,Wed-0DTE,market,50.0,1,09:30,250,88.4,45.0,False
GOOGL,call,Wed-0DTE,market,50.0,2,10:00,300,87.0,30.0,False
GOOGL,call,Wed-0DTE,market,50.0,3,11:30,300,78.667,25.0,False
GOOGL,call,Wed-0DTE,market,50.0,4,10:30,300,76.667,37.5,False
GOOGL,call,Wed-0DTE,market,50.0,5,11:00,300,76.0,50.0,False
GOOGL,call,Wed-0DTE,market,50.0,6,12:00,300,73.0,50.0,False
GOOGL,call,Wed-0DTE,market,50.0,7,12:30,300,70.0,35.0,False
GOOGL,call,Wed-0DTE,market,50.0,8,13:30,300,54.667,25.0,False
GOOGL,call,Wed-0DTE,market,50.0,9,13:00,300,53.0,50.0,False
GOOGL,call,Wed-0DTE,market,50.0,10,14:00,300,46.0,15.0,False
GOOGL,call,Wed-0DTE,market,50.0,11,14:30,300,35.667,30.0,False
GOOGL,call,Wed-0DTE,market,50.0,12,15:30,50,32.0,20.0,False
GOOGL,call,Wed-0DTE,market,50.0,13,15:00,300,29.0,25.0,False
GOOGL,call,Wed-0DTE,market,75.0,1,09:30,250,84.4,55.0,False
GOOGL,call,Wed-0DTE,market,75.0,2,10:00,300,82.667,50.0,False
GOOGL,call,Wed-0DTE,market,75.0,3,10:30,300,72.667,75.0,False
GOOGL,call,Wed-0DTE,market,75.0,4,11:30,300,72.0,30.0,False
GOOGL,call,Wed-0DTE,market,75.0,5,11:00,300,67.667,55.0,False
GOOGL,call,Wed-0DTE,market,75.0,6,12:00,300,63.0,65.0,False
GOOGL,call,Wed-0DTE,market,75.0,7,12:30,300,60.667,55.0,False
GOOGL,call,Wed-0DTE,market,75.0,8,13:30,300,49.0,30.0,False
GOOGL,call,Wed-0DTE,market,75.0,9,13:00,300,44.667,57.5,False
GOOGL,call,Wed-0DTE,market,75.0,10,14:00,300,36.667,15.0,False
GOOGL,call,Wed-0DTE,market,75.0,11,14:30,300,31.667,35.0,False
GOOGL,call,Wed-0DTE,market,75.0,12,15:30,50,26.0,20.0,False
GOOGL,call,Wed-0DTE,market,75.0,13,15:00,300,23.333,30.0,False
GOOGL,call,Wed-0DTE,market,100.0,1,09:30,250,79.2,67.5,False
GOOGL,call,Wed-0DTE,market,100.0,2,10:00,300,78.0,62.5,False
GOOGL,call,Wed-0DTE,market,100.0,3,10:30,300,68.0,87.5,False
GOOGL,call,Wed-0DTE,market,100.0,4,11:30,300,67.667,35.0,False
GOOGL,call,Wed-0DTE,market,100.0,5,11:00,300,62.333,70.0,False
GOOGL,call,Wed-0DTE,market,100.0,6,12:00,300,55.333,75.0,False
GOOGL,call,Wed-0DTE,market,100.0,7,12:30,300,52.667,72.5,False
GOOGL,call,Wed-0DTE,market,100.0,8,13:30,300,44.667,30.0,False
GOOGL,call,Wed-0DTE,market,100.0,9,13:00,300,39.333,60.0,False
GOOGL,call,Wed-0DTE,market,100.0,10,14:00,300,33.667,15.0,False
GOOGL,call,Wed-0DTE,market,100.0,11,14:30,300,25.667,40.0,False
GOOGL,call,Wed-0DTE,market,100.0,12,15:30,50,20.0,25.0,False
GOOGL,call,Wed-0DTE,market,100.0,13,15:00,300,17.667,25.0,False
GOOGL,put,Wed-0DTE,mid,30.0,1,10:00,300,80.0,35.0,False
GOOGL,put,Wed-0DTE,mid,30.0,2,09:30,250,73.6,15.0,False
GOOGL,put,Wed-0DTE,mid,30.0,3,10:30,300,72.0,20.0,False
GOOGL,put,Wed-0DTE,mid,30.0,4,11:00,300,70.0,15.0,False
GOOGL,put,Wed-0DTE,mid,30.0,5,12:00,300,65.333,25.0,False
GOOGL,put,Wed-0DTE,mid,30.0,6,11:30,300,60.333,20.0,False
GOOGL,put,Wed-0DTE,mid,30.0,7,13:00,300,55.0,10.0,False
GOOGL,put,Wed-0DTE,mid,30.0,8,12:30,300,54.0,15.0,False
GOOGL,put,Wed-0DTE,mid,30.0,9,14:00,300,44.667,22.5,False
GOOGL,put,Wed-0DTE,mid,30.0,10,14:30,300,42.667,10.0,False
GOOGL,put,Wed-0DTE,mid,30.0,11,13:30,300,39.333,20.0,False
GOOGL,put,Wed-0DTE,mid,30.0,12,15:00,300,25.333,10.0,False
GOOGL,put,Wed-0DTE,mid,30.0,13,15:30,50,20.0,20.0,False
GOOGL,put,Wed-0DTE,mid,50.0,1,10:00,300,70.333,50.0,False
GOOGL,put,Wed-0DTE,mid,50.0,2,10:30,300,70.0,30.0,False
GOOGL,put,Wed-0DTE,mid,50.0,3,09:30,250,68.0,32.5,False
GOOGL,put,Wed-0DTE,mid,50.0,4,11:00,300,66.333,20.0,False
GOOGL,put,Wed-0DTE,mid,50.0,5,12:00,300,58.333,30.0,False
GOOGL,put,Wed-0DTE,mid,50.0,6,11:30,300,54.0,25.0,False
GOOGL,put,Wed-0DTE,mid,50.0,7,13:00,300,51.0,20.0,False
GOOGL,put,Wed-0DTE,mid,50.0,8,12:30,300,49.0,25.0,False
GOOGL,put,Wed-0DTE,mid,50.0,9,14:00,300,39.0,25.0,False
GOOGL,put,Wed-0DTE,mid,50.0,10,14:30,300,35.667,15.0,False
GOOGL,put,Wed-0DTE,mid,50.0,11,13:30,300,35.667,25.0,False
GOOGL,put,Wed-0DTE,mid,50.0,12,15:00,300,21.0,15.0,False
GOOGL,put,Wed-0DTE,mid,50.0,13,15:30,50,12.0,20.0,False
GOOGL,put,Wed-0DTE,mid,75.0,1,10:30,300,64.667,37.5,False
GOOGL,put,Wed-0DTE,mid,75.0,2,11:00,300,60.667,30.0,False
GOOGL,put,Wed-0DTE,mid,75.0,3,10:00,300,60.0,67.5,False
GOOGL,put,Wed-0DTE,mid,75.0,4,09:30,250,59.6,60.0,False
GOOGL,put,Wed-0DTE,mid,75.0,5,12:00,300,51.0,35.0,False
GOOGL,put,Wed-0DTE,mid,75.0,6,13:00,300,45.667,25.0,False
GOOGL,put,Wed-0DTE,mid,75.0,7,11:30,300,44.667,35.0,False
GOOGL,put,Wed-0DTE,mid,75.0,8,12:30,300,41.667,35.0,False
GOOGL,put,Wed-0DTE,mid,75.0,9,14:00,300,31.667,25.0,False
GOOGL,put,Wed-0DTE,mid,75.0,10,13:30,300,30.0,25.0,False
GOOGL,put,Wed-0DTE,mid,75.0,11,14:30,300,28.333,15.0,False
GOOGL,put,Wed-0DTE,mid,75.0,12,15:00,300,17.667,15.0,False
GOOGL,put,Wed-0DTE,mid,75.0,13,15:30,50,12.0,20.0,False
GOOGL,put,Wed-0DTE,mid,100.0,1,10:30,300,58.333,40.0,False
GOOGL,put,Wed-0DTE,mid,100.0,2,11:00,300,53.333,30.0,False
GOOGL,put,Wed-0DTE,mid,100.0,3,10:00,300,52.667,80.0,False
GOOGL,put,Wed-0DTE,mid,100.0,4,09:30,250,49.6,90.0,False
GOOGL,put,Wed-0DTE,mid,100.0,5,13:00,300,42.667,30.0,False
GOOGL,put,Wed-0DTE,mid,100.0,6,12:00,300,42.667,40.0,False
GOOGL,put,Wed-0DTE,mid,100.0,7,11:30,300,39.0,40.0,False
GOOGL,put,Wed-0DTE,mid,100.0,8,12:30,300,36.0,37.5,False
GOOGL,put,Wed-0DTE,mid,100.0,9,14:00,300,28.333,25.0,False
GOOGL,put,Wed-0DTE,mid,100.0,10,13:30,300,27.0,30.0,False
GOOGL,put,Wed-0DTE,mid,100.0,11,14:30,300,23.333,15.0,False
GOOGL,put,Wed-0DTE,mid,100.0,12,15:00,300,15.333,15.0,False
GOOGL,put,Wed-0DTE,mid,100.0,13,15:30,50,10.0,20.0,False
GOOGL,put,Wed-0DTE,market,30.0,1,10:00,300,77.0,40.0,False
GOOGL,put,Wed-0DTE,market,30.0,2,09:30,250,72.0,20.0,False
GOOGL,put,Wed-0DTE,market,30.0,3,10:30,300,71.667,25.0,False
GOOGL,put,Wed-0DTE,market,30.0,4,11:00,300,68.667,20.0,False
GOOGL,put,Wed-0DTE,market,30.0,5,12:00,300,63.333,25.0,False
GOOGL,put,Wed-0DTE,market,30.0,6,11:30,300,58.667,20.0,False
GOOGL,put,Wed-0DTE,market,30.0,7,13:00,300,53.333,15.0,False
GOOGL,put,Wed-0DTE,market,30.0,8,12:30,300,52.333,20.0,False
GOOGL,put,Wed-0DTE,market,30.0,9,14:00,300,43.667,25.0,False
GOOGL,put,Wed-0DTE,market,30.0,10,14:30,300,41.0,10.0,False
GOOGL,put,Wed-0DTE,market,30.0,11,13:30,300,38.333,20.0,False
GOOGL,put,Wed-0DTE,market,30.0,12,15:00,300,24.667,10.0,False
GOOGL,put,Wed-0DTE,market,30.0,13,15:30,50,18.0,20.0,False
GOOGL,put,Wed-0DTE,market,50.0,1,10:30,300,68.0,30.0,False
GOOGL,put,Wed-0DTE,market,50.0,2,10:00,300,67.333,55.0,False
GOOGL,put,Wed-0DTE,market,50.0,3,09:30,250,65.6,42.5,False
GOOGL,put,Wed-0DTE,market,50.0,4,11:00,300,65.0,20.0,False
GOOGL,put,Wed-0DTE,market,50.0,5,12:00,300,56.667,30.0,False
GOOGL,put,Wed-0DTE,market,50.0,6,11:30,300,50.667,25.0,False
GOOGL,put,Wed-0DTE,market,50.0,7,13:00,300,50.0,20.0,False
GOOGL,put,Wed-0DTE,market,50.0,8,12:30,300,47.667,35.0,False
GOOGL,put,Wed-0DTE,market,50.0,9,14:00,300,36.667,25.0,False
GOOGL,put,Wed-0DTE,market,50.0,10,13:30,300,33.667,25.0,False
GOOGL,put,Wed-0DTE,market,50.0,11,14:30,300,32.0,15.0,False
GOOGL,put,Wed-0DTE,market,50.0,12,15:00,300,20.333,15.0,False
GOOGL,put,Wed-0DTE,market,50.0,13,15:30,50,12.0,20.0,False
GOOGL,put,Wed-0DTE,market,75.0,1,10:30,300,61.667,40.0,False
GOOGL,put,Wed-0DTE,market,75.0,2,10:00,300,58.333,70.0,False
GOOGL,put,Wed-0DTE,market,75.0,3,11:00,300,58.0,30.0,False
GOOGL,put,Wed-0DTE,market,75.0,4,09:30,250,55.6,85.0,False
GOOGL,put,Wed-0DTE,market,75.0,5,12:00,300,48.667,35.0,False
GOOGL,put,Wed-0DTE,market,75.0,6,13:00,300,44.667,25.0,False
GOOGL,put,Wed-0DTE,market,75.0,7,11:30,300,42.667,35.0,False
GOOGL,put,Wed-0DTE,market,75.0,8,12:30,300,39.333,35.0,False
GOOGL,put,Wed-0DTE,market,75.0,9,14:00,300,29.667,20.0,False
GOOGL,put,Wed-0DTE,market,75.0,10,13:30,300,29.667,25.0,False
GOOGL,put,Wed-0DTE,market,75.0,11,14:30,300,26.667,15.0,False
GOOGL,put,Wed-0DTE,market,75.0,12,15:00,300,17.0,15.0,False
GOOGL,put,Wed-0DTE,market,75.0,13,15:30,50,10.0,20.0,False
GOOGL,put,Wed-0DTE,market,100.0,1,10:30,300,56.667,42.5,False
GOOGL,put,Wed-0DTE,market,100.0,2,10:00,300,51.0,80.0,False
GOOGL,put,Wed-0DTE,market,100.0,3,11:00,300,49.667,30.0,False
GOOGL,put,Wed-0DTE,market,100.0,4,09:30,250,46.4,90.0,False
GOOGL,put,Wed-0DTE,market,100.0,5,12:00,300,41.0,40.0,False
GOOGL,put,Wed-0DTE,market,100.0,6,13:00,300,40.333,25.0,False
GOOGL,put,Wed-0DTE,market,100.0,7,11:30,300,37.667,45.0,False
GOOGL,put,Wed-0DTE,market,100.0,8,12:30,300,34.667,40.0,False
GOOGL,put,Wed-0DTE,market,100.0,9,14:00,300,27.0,20.0,False
GOOGL,put,Wed-0DTE,market,100.0,10,13:30,300,25.333,25.0,False
GOOGL,put,Wed-0DTE,market,100.0,11,14:30,300,22.0,15.0,False
GOOGL,put,Wed-0DTE,market,100.0,12,15:00,300,14.667,15.0,False
GOOGL,put,Wed-0DTE,market,100.0,13,15:30,50,8.0,15.0,False
GOOGL,call,Thu->Fri,mid,30.0,1,12:00,300,76.333,35.0,False
GOOGL,call,Thu->Fri,mid,30.0,2,11:30,300,73.0,55.0,False
GOOGL,call,Thu->Fri,mid,30.0,3,11:00,300,68.667,42.5,False
GOOGL,call,Thu->Fri,mid,30.0,4,09:30,250,64.8,27.5,False
GOOGL,call,Thu->Fri,mid,30.0,5,13:30,300,61.0,15.0,False
GOOGL,call,Thu->Fri,mid,30.0,6,13:00,300,60.333,20.0,False
GOOGL,call,Thu->Fri,mid,30.0,7,12:30,300,58.333,55.0,False
GOOGL,call,Thu->Fri,mid,30.0,8,10:30,300,55.333,35.0,False
GOOGL,call,Thu->Fri,mid,30.0,9,10:00,300,51.333,15.0,False
GOOGL,call,Thu->Fri,mid,30.0,10,14:30,300,49.0,30.0,False
GOOGL,call,Thu->Fri,mid,30.0,11,15:30,50,40.0,15.0,False
GOOGL,call,Thu->Fri,mid,30.0,12,14:00,300,35.667,15.0,False
GOOGL,call,Thu->Fri,mid,30.0,13,15:00,300,34.333,20.0,False
GOOGL,call,Thu->Fri,mid,50.0,1,12:00,300,67.0,65.0,False
GOOGL,call,Thu->Fri,mid,50.0,2,09:30,250,56.4,35.0,False
GOOGL,call,Thu->Fri,mid,50.0,3,11:30,300,53.667,60.0,False
GOOGL,call,Thu->Fri,mid,50.0,4,11:00,300,49.333,50.0,False
GOOGL,call,Thu->Fri,mid,50.0,5,10:00,300,45.667,20.0,False
GOOGL,call,Thu->Fri,mid,50.0,6,10:30,300,45.667,65.0,False
GOOGL,call,Thu->Fri,mid,50.0,7,13:30,300,45.333,15.0,False
GOOGL,call,Thu->Fri,mid,50.0,8,12:30,300,42.333,65.0,False
GOOGL,call,Thu->Fri,mid,50.0,9,13:00,300,37.0,30.0,False
GOOGL,call,Thu->Fri,mid,50.0,10,14:30,300,30.667,30.0,False
GOOGL,call,Thu->Fri,mid,50.0,11,14:00,300,26.667,27.5,False
GOOGL,call,Thu->Fri,mid,50.0,12,15:30,50,18.0,15.0,False
GOOGL,call,Thu->Fri,mid,50.0,13,15:00,300,18.0,20.0,False
GOOGL,call,Thu->Fri,mid,75.0,1,09:30,250,50.8,45.0,False
GOOGL,call,Thu->Fri,mid,75.0,2,12:00,300,47.667,85.0,False
GOOGL,call,Thu->Fri,mid,75.0,3,10:00,300,40.333,40.0,False
GOOGL,call,Thu->Fri,mid,75.0,4,13:30,300,37.667,20.0,False
GOOGL,call,Thu->Fri,mid,75.0,5,10:30,300,36.0,97.5,False
GOOGL,call,Thu->Fri,mid,75.0,6,11:00,300,33.0,60.0,False
GOOGL,call,Thu->Fri,mid,75.0,7,12:30,300,32.0,70.0,False
GOOGL,call,Thu->Fri,mid,75.0,8,13:00,300,30.333,30.0,False
GOOGL,call,Thu->Fri,mid,75.0,9,11:30,300,30.333,120.0,False
GOOGL,call,Thu->Fri,mid,75.0,10,14:00,300,15.667,45.0,False
GOOGL,call,Thu->Fri,mid,75.0,11,14:30,300,13.667,40.0,False
GOOGL,call,Thu->Fri,mid,75.0,12,15:30,50,10.0,15.0,False
GOOGL,call,Thu->Fri,mid,75.0,13,15:00,300,7.667,30.0,False
GOOGL,call,Thu->Fri,mid,100.0,1,09:30,250,48.8,57.5,False
GOOGL,call,Thu->Fri,mid,100.0,2,10:00,300,37.0,70.0,False
GOOGL,call,Thu->Fri,mid,100.0,3,12:00,300,32.667,95.0,False
GOOGL,call,Thu->Fri,mid,100.0,4,13:30,300,31.0,25.0,False
GOOGL,call,Thu->Fri,mid,100.0,5,13:00,300,30.0,40.0,False
GOOGL,call,Thu->Fri,mid,100.0,6,10:30,300,28.333,115.0,False
GOOGL,call,Thu->Fri,mid,100.0,7,12:30,300,27.667,75.0,False
GOOGL,call,Thu->Fri,mid,100.0,8,11:00,300,22.333,85.0,False
GOOGL,call,Thu->Fri,mid,100.0,9,11:30,300,17.333,130.0,False
GOOGL,call,Thu->Fri,mid,100.0,10,14:00,300,7.667,60.0,False
GOOGL,call,Thu->Fri,mid,100.0,11,14:30,300,6.0,42.5,False
GOOGL,call,Thu->Fri,mid,100.0,12,15:30,50,4.0,15.0,False
GOOGL,call,Thu->Fri,mid,100.0,13,15:00,300,2.667,37.5,False
GOOGL,call,Thu->Fri,market,30.0,1,12:00,300,74.0,40.0,False
GOOGL,call,Thu->Fri,market,30.0,2,11:30,300,68.333,60.0,False
GOOGL,call,Thu->Fri,market,30.0,3,11:00,300,63.667,45.0,False
GOOGL,call,Thu->Fri,market,30.0,4,09:30,250,60.4,30.0,False
GOOGL,call,Thu->Fri,market,30.0,5,13:30,300,54.667,15.0,False
GOOGL,call,Thu->Fri,market,30.0,6,12:30,300,53.0,60.0,False
GOOGL,call,Thu->Fri,market,30.0,7,10:30,300,52.667,40.0,False
GOOGL,call,Thu->Fri,market,30.0,8,13:00,300,51.667,25.0,False
GOOGL,call,Thu->Fri,market,30.0,9,10:00,300,48.667,15.0,False
GOOGL,call,Thu->Fri,market,30.0,10,14:30,300,44.333,30.0,False
GOOGL,call,Thu->Fri,market,30.0,11,14:00,300,33.667,15.0,False
GOOGL,call,Thu->Fri,market,30.0,12,15:30,50,30.0,15.0,False
GOOGL,call,Thu->Fri,market,30.0,13,15:00,300,29.667,20.0,False
GOOGL,call,Thu->Fri,market,50.0,1,12:00,300,62.667,70.0,False
GOOGL,call,Thu->Fri,market,50.0,2,09:30,250,54.8,40.0,False
GOOGL,call,Thu->Fri,market,50.0,3,11:30,300,46.667,65.0,False
GOOGL,call,Thu->Fri,market,50.0,4,11:00,300,44.667,50.0,False
GOOGL,call,Thu->Fri,market,50.0,5,10:00,300,44.0,25.0,False
GOOGL,call,Thu->Fri,market,50.0,6,10:30,300,44.0,75.0,False
GOOGL,call,Thu->Fri,market,50.0,7,13:30,300,43.667,20.0,False
GOOGL,call,Thu->Fri,market,50.0,8,12:30,300,38.667,65.0,False
GOOGL,call,Thu->Fri,market,50.0,9,13:00,300,33.333,30.0,False
GOOGL,call,Thu->Fri,market,50.0,10,14:30,300,26.667,35.0,False
GOOGL,call,Thu->Fri,market,50.0,11,14:00,300,23.667,35.0,False
GOOGL,call,Thu->Fri,market,50.0,12,15:30,50,16.0,15.0,False
GOOGL,call,Thu->Fri,market,50.0,13,15:00,300,15.0,25.0,False
GOOGL,call,Thu->Fri,market,75.0,1,09:30,250,50.4,45.0,False
GOOGL,call,Thu->Fri,market,75.0,2,12:00,300,42.333,85.0,False
GOOGL,call,Thu->Fri,market,75.0,3,10:00,300,39.667,45.0,False
GOOGL,call,Thu->Fri,market,75.0,4,13:30,300,36.0,20.0,False
GOOGL,call,Thu->Fri,market,75.0,5,10:30,300,34.333,105.0,False
GOOGL,call,Thu->Fri,market,75.0,6,13:00,300,30.333,35.0,False
GOOGL,call,Thu->Fri,market,75.0,7,12:30,300,30.333,70.0,False
GOOGL,call,Thu->Fri,market,75.0,8,11:00,300,29.0,65.0,False
GOOGL,call,Thu->Fri,market,75.0,9,11:30,300,25.0,120.0,False
GOOGL,call,Thu->Fri,market,75.0,10,14:00,300,13.0,45.0,False
GOOGL,call,Thu->Fri,market,75.0,11,14:30,300,11.0,40.0,False
GOOGL,call,Thu->Fri,market,75.0,12,15:30,50,10.0,15.0,False
GOOGL,call,Thu->Fri,market,75.0,13,15:00,300,5.333,32.5,False
GOOGL,call,Thu->Fri,market,100.0,1,09:30,250,47.2,65.0,False
GOOGL,call,Thu->Fri,market,100.0,2,10:00,300,36.667,72.5,False
GOOGL,call,Thu->Fri,market,100.0,3,13:00,300,29.667,40.0,False
GOOGL,call,Thu->Fri,market,100.0,4,12:00,300,28.667,97.5,False
GOOGL,call,Thu->Fri,market,100.0,5,13:30,300,28.333,25.0,False
GOOGL,call,Thu->Fri,market,100.0,6,12:30,300,26.333,75.0,False
GOOGL,call,Thu->Fri,market,100.0,7,10:30,300,23.667,110.0,False
GOOGL,call,Thu->Fri,market,100.0,8,11:00,300,20.0,87.5,False
GOOGL,call,Thu->Fri,market,100.0,9,11:30,300,14.667,132.5,False
GOOGL,call,Thu->Fri,market,100.0,10,14:00,300,5.667,50.0,False
GOOGL,call,Thu->Fri,market,100.0,11,14:30,300,4.667,45.0,False
GOOGL,call,Thu->Fri,market,100.0,12,15:30,50,4.0,15.0,False
GOOGL,call,Thu->Fri,market,100.0,13,15:00,300,2.333,35.0,False
GOOGL,put,Thu->Fri,mid,30.0,1,11:30,300,81.0,45.0,False
GOOGL,put,Thu->Fri,mid,30.0,2,12:30,300,79.0,65.0,False
GOOGL,put,Thu->Fri,mid,30.0,3,09:30,250,78.8,40.0,False
GOOGL,put,Thu->Fri,mid,30.0,4,11:00,300,71.667,20.0,False
GOOGL,put,Thu->Fri,mid,30.0,5,14:00,300,71.667,30.0,False
GOOGL,put,Thu->Fri,mid,30.0,6,10:30,300,71.333,27.5,False
GOOGL,put,Thu->Fri,mid,30.0,7,12:00,300,70.0,95.0,False
GOOGL,put,Thu->Fri,mid,30.0,8,13:00,300,68.667,40.0,False
GOOGL,put,Thu->Fri,mid,30.0,9,10:00,300,66.0,37.5,False
GOOGL,put,Thu->Fri,mid,30.0,10,14:30,300,65.333,32.5,False
GOOGL,put,Thu->Fri,mid,30.0,11,13:30,300,61.0,55.0,False
GOOGL,put,Thu->Fri,mid,30.0,12,15:00,300,51.333,20.0,False
GOOGL,put,Thu->Fri,mid,30.0,13,15:30,50,32.0,10.0,False
GOOGL,put,Thu->Fri,mid,50.0,1,11:30,300,65.667,90.0,False
GOOGL,put,Thu->Fri,mid,50.0,2,09:30,250,62.4,75.0,False
GOOGL,put,Thu->Fri,mid,50.0,3,10:30,300,62.333,40.0,False
GOOGL,put,Thu->Fri,mid,50.0,4,10:00,300,62.0,55.0,False
GOOGL,put,Thu->Fri,mid,50.0,5,12:30,300,61.333,75.0,False
GOOGL,put,Thu->Fri,mid,50.0,6,14:00,300,60.667,42.5,False
GOOGL,put,Thu->Fri,mid,50.0,7,11:00,300,58.333,35.0,False
GOOGL,put,Thu->Fri,mid,50.0,8,13:00,300,56.0,45.0,False
GOOGL,put,Thu->Fri,mid,50.0,9,12:00,300,53.667,180.0,False
GOOGL,put,Thu->Fri,mid,50.0,10,14:30,300,50.0,40.0,False
GOOGL,put,Thu->Fri,mid,50.0,11,13:30,300,43.333,85.0,False
GOOGL,put,Thu->Fri,mid,50.0,12,15:00,300,35.667,25.0,False
GOOGL,put,Thu->Fri,mid,50.0,13,15:30,50,22.0,10.0,False
GOOGL,put,Thu->Fri,mid,75.0,1,10:30,300,57.667,60.0,False
GOOGL,put,Thu->Fri,mid,75.0,2,10:00,300,57.667,70.0,False
GOOGL,put,Thu->Fri,mid,75.0,3,09:30,250,53.6,95.0,False
GOOGL,put,Thu->Fri,mid,75.0,4,14:00,300,52.333,55.0,False
GOOGL,put,Thu->Fri,mid,75.0,5,11:30,300,47.667,120.0,False
GOOGL,put,Thu->Fri,mid,75.0,6,11:00,300,47.333,45.0,False
GOOGL,put,Thu->Fri,mid,75.0,7,12:30,300,39.667,120.0,False
GOOGL,put,Thu->Fri,mid,75.0,8,13:00,300,37.667,90.0,False
GOOGL,put,Thu->Fri,mid,75.0,9,14:30,300,36.333,45.0,False
GOOGL,put,Thu->Fri,mid,75.0,10,12:00,300,30.333,185.0,False
GOOGL,put,Thu->Fri,mid,75.0,11,13:30,300,29.333,100.0,False
GOOGL,put,Thu->Fri,mid,75.0,12,15:00,300,22.667,30.0,False
GOOGL,put,Thu->Fri,mid,75.0,13,15:30,50,14.0,15.0,False
GOOGL,put,Thu->Fri,mid,100.0,1,10:00,300,54.0,85.0,False
GOOGL,put,Thu->Fri,mid,100.0,2,10:30,300,52.333,65.0,False
GOOGL,put,Thu->Fri,mid,100.0,3,09:30,250,50.0,110.0,False
GOOGL,put,Thu->Fri,mid,100.0,4,14:00,300,45.333,60.0,False
GOOGL,put,Thu->Fri,mid,100.0,5,11:00,300,37.667,45.0,False
GOOGL,put,Thu->Fri,mid,100.0,6,11:30,300,32.0,130.0,False
GOOGL,put,Thu->Fri,mid,100.0,7,13:00,300,26.667,125.0,False
GOOGL,put,Thu->Fri,mid,100.0,8,14:30,300,25.333,50.0,False
GOOGL,put,Thu->Fri,mid,100.0,9,12:30,300,25.0,160.0,False
GOOGL,put,Thu->Fri,mid,100.0,10,13:30,300,22.333,105.0,False
GOOGL,put,Thu->Fri,mid,100.0,11,12:00,300,16.667,190.0,False
GOOGL,put,Thu->Fri,mid,100.0,12,15:00,300,15.333,30.0,False
GOOGL,put,Thu->Fri,mid,100.0,13,15:30,50,12.0,20.0,False
GOOGL,put,Thu->Fri,market,30.0,1,11:30,300,76.333,65.0,False
GOOGL,put,Thu->Fri,market,30.0,2,12:30,300,75.667,70.0,False
GOOGL,put,Thu->Fri,market,30.0,3,09:30,250,73.6,47.5,False
GOOGL,put,Thu->Fri,market,30.0,4,11:00,300,67.667,25.0,False
GOOGL,put,Thu->Fri,market,30.0,5,10:30,300,67.333,30.0,False
GOOGL,put,Thu->Fri,market,30.0,6,14:00,300,67.333,35.0,False
GOOGL,put,Thu->Fri,market,30.0,7,13:00,300,66.667,40.0,False
GOOGL,put,Thu->Fri,market,30.0,8,12:00,300,66.667,100.0,False
GOOGL,put,Thu->Fri,market,30.0,9,10:00,300,65.0,40.0,False
GOOGL,put,Thu->Fri,market,30.0,10,14:30,300,60.333,35.0,False
GOOGL,put,Thu->Fri,market,30.0,11,13:30,300,56.333,60.0,False
GOOGL,put,Thu->Fri,market,30.0,12,15:00,300,46.0,20.0,False
GOOGL,put,Thu->Fri,market,30.0,13,15:30,50,28.0,10.0,False
GOOGL,put,Thu->Fri,market,50.0,1,11:30,300,61.0,95.0,False
GOOGL,put,Thu->Fri,market,50.0,2,10:30,300,60.667,45.0,False
GOOGL,put,Thu->Fri,market,50.0,3,10:00,300,60.667,60.0,False
GOOGL,put,Thu->Fri,market,50.0,4,09:30,250,59.6,80.0,False
GOOGL,put,Thu->Fri,market,50.0,5,14:00,300,59.0,50.0,False
GOOGL,put,Thu->Fri,market,50.0,6,12:30,300,56.333,95.0,False
GOOGL,put,Thu->Fri,market,50.0,7,11:00,300,55.0,40.0,False
GOOGL,put,Thu->Fri,market,50.0,8,13:00,300,51.333,80.0,False
GOOGL,put,Thu->Fri,market,50.0,9,12:00,300,48.333,185.0,False
GOOGL,put,Thu->Fri,market,50.0,10,14:30,300,46.333,40.0,False
GOOGL,put,Thu->Fri,market,50.0,11,13:30,300,39.667,95.0,False
GOOGL,put,Thu->Fri,market,50.0,12,15:00,300,32.333,25.0,False
GOOGL,put,Thu->Fri,market,50.0,13,15:30,50,22.0,10.0,False
GOOGL,put,Thu->Fri,market,75.0,1,10:00,300,56.667,75.0,False
GOOGL,put,Thu->Fri,market,75.0,2,10:30,300,56.0,60.0,False
GOOGL,put,Thu->Fri,market,75.0,3,09:30,250,52.4,95.0,False
GOOGL,put,Thu->Fri,market,75.0,4,14:00,300,50.333,60.0,False
GOOGL,put,Thu->Fri,market,75.0,5,11:00,300,43.333,40.0,False
GOOGL,put,Thu->Fri,market,75.0,6,11:30,300,43.0,120.0,False
GOOGL,put,Thu->Fri,market,75.0,7,12:30,300,34.333,150.0,False
GOOGL,put,Thu->Fri,market,75.0,8,14:30,300,33.333,47.5,False
GOOGL,put,Thu->Fri,market,75.0,9,13:00,300,32.333,105.0,False
GOOGL,put,Thu->Fri,market,75.0,10,13:30,300,27.0,105.0,False
GOOGL,put,Thu->Fri,market,75.0,11,12:00,300,25.0,185.0,False
GOOGL,put,Thu->Fri,market,75.0,12,15:00,300,21.0,30.0,False
GOOGL,put,Thu->Fri,market,75.0,13,15:30,50,14.0,20.0,False
GOOGL,put,Thu->Fri,market,100.0,1,10:00,300,52.667,90.0,False
GOOGL,put,Thu->Fri,market,100.0,2,10:30,300,50.333,65.0,False
GOOGL,put,Thu->Fri,market,100.0,3,09:30,250,48.0,120.0,False
GOOGL,put,Thu->Fri,market,100.0,4,14:00,300,41.333,55.0,False
GOOGL,put,Thu->Fri,market,100.0,5,11:00,300,37.333,47.5,False
GOOGL,put,Thu->Fri,market,100.0,6,11:30,300,28.667,130.0,False
GOOGL,put,Thu->Fri,market,100.0,7,13:00,300,23.333,130.0,False
GOOGL,put,Thu->Fri,market,100.0,8,12:30,300,22.0,160.0,False
GOOGL,put,Thu->Fri,market,100.0,9,14:30,300,21.0,50.0,False
GOOGL,put,Thu->Fri,market,100.0,10,13:30,300,20.333,105.0,False
GOOGL,put,Thu->Fri,market,100.0,11,12:00,300,13.333,195.0,False
GOOGL,put,Thu->Fri,market,100.0,12,15:00,300,12.667,32.5,False
GOOGL,put,Thu->Fri,market,100.0,13,15:30,50,12.0,20.0,False
GOOGL,call,Fri-0DTE,mid,30.0,1,09:30,250,90.0,15.0,False
GOOGL,call,Fri-0DTE,mid,30.0,2,10:00,300,82.0,20.0,False
GOOGL,call,Fri-0DTE,mid,30.0,3,10:30,300,68.333,20.0,False
GOOGL,call,Fri-0DTE,mid,30.0,4,11:00,300,63.667,30.0,False
GOOGL,call,Fri-0DTE,mid,30.0,5,12:00,300,59.0,25.0,False
GOOGL,call,Fri-0DTE,mid,30.0,6,11:30,300,58.667,60.0,False
GOOGL,call,Fri-0DTE,mid,30.0,7,13:00,300,50.0,15.0,False
GOOGL,call,Fri-0DTE,mid,30.0,8,12:30,300,49.0,15.0,False
GOOGL,call,Fri-0DTE,mid,30.0,9,14:30,300,45.333,25.0,False
GOOGL,call,Fri-0DTE,mid,30.0,10,13:30,300,43.333,12.5,False
GOOGL,call,Fri-0DTE,mid,30.0,11,14:00,300,41.667,25.0,False
GOOGL,call,Fri-0DTE,mid,30.0,12,15:00,300,38.667,15.0,False
GOOGL,call,Fri-0DTE,mid,30.0,13,15:30,50,32.0,5.0,False
GOOGL,call,Fri-0DTE,mid,50.0,1,09:30,250,84.4,20.0,False
GOOGL,call,Fri-0DTE,mid,50.0,2,10:00,300,71.667,30.0,False
GOOGL,call,Fri-0DTE,mid,50.0,3,10:30,300,60.333,30.0,False
GOOGL,call,Fri-0DTE,mid,50.0,4,12:00,300,52.667,30.0,False
GOOGL,call,Fri-0DTE,mid,50.0,5,11:00,300,50.667,50.0,False
GOOGL,call,Fri-0DTE,mid,50.0,6,11:30,300,46.0,65.0,False
GOOGL,call,Fri-0DTE,mid,50.0,7,12:30,300,45.0,20.0,False
GOOGL,call,Fri-0DTE,mid,50.0,8,13:00,300,42.667,20.0,False
GOOGL,call,Fri-0DTE,mid,50.0,9,14:00,300,34.333,30.0,False
GOOGL,call,Fri-0DTE,mid,50.0,10,13:30,300,33.667,15.0,False
GOOGL,call,Fri-0DTE,mid,50.0,11,14:30,300,33.333,27.5,False
GOOGL,call,Fri-0DTE,mid,50.0,12,15:00,300,28.0,15.0,False
GOOGL,call,Fri-0DTE,mid,50.0,13,15:30,50,24.0,5.0,False
GOOGL,call,Fri-0DTE,mid,75.0,1,09:30,250,75.6,30.0,False
GOOGL,call,Fri-0DTE,mid,75.0,2,10:00,300,62.667,35.0,False
GOOGL,call,Fri-0DTE,mid,75.0,3,10:30,300,48.667,42.5,False
GOOGL,call,Fri-0DTE,mid,75.0,4,12:00,300,46.333,40.0,False
GOOGL,call,Fri-0DTE,mid,75.0,5,12:30,300,40.333,25.0,False
GOOGL,call,Fri-0DTE,mid,75.0,6,11:00,300,37.667,75.0,False
GOOGL,call,Fri-0DTE,mid,75.0,7,13:00,300,36.333,25.0,False
GOOGL,call,Fri-0DTE,mid,75.0,8,11:30,300,35.0,65.0,False
GOOGL,call,Fri-0DTE,mid,75.0,9,13:30,300,29.333,20.0,False
GOOGL,call,Fri-0DTE,mid,75.0,10,14:00,300,27.333,30.0,False
GOOGL,call,Fri-0DTE,mid,75.0,11,14:30,300,24.333,30.0,False
GOOGL,call,Fri-0DTE,mid,75.0,12,15:00,300,22.333,15.0,False
GOOGL,call,Fri-0DTE,mid,75.0,13,15:30,50,18.0,5.0,False
GOOGL,call,Fri-0DTE,mid,100.0,1,09:30,250,68.8,40.0,False
GOOGL,call,Fri-0DTE,mid,100.0,2,10:00,300,54.0,45.0,False
GOOGL,call,Fri-0DTE,mid,100.0,3,10:30,300,40.0,67.5,False
GOOGL,call,Fri-0DTE,mid,100.0,4,12:00,300,39.0,40.0,False
GOOGL,call,Fri-0DTE,mid,100.0,5,12:30,300,34.667,30.0,False
GOOGL,call,Fri-0DTE,mid,100.0,6,13:00,300,32.667,25.0,False
GOOGL,call,Fri-0DTE,mid,100.0,7,11:00,300,28.333,80.0,False
GOOGL,call,Fri-0DTE,mid,100.0,8,11:30,300,27.667,65.0,False
GOOGL,call,Fri-0DTE,mid,100.0,9,13:30,300,24.0,20.0,False
GOOGL,call,Fri-0DTE,mid,100.0,10,14:00,300,22.333,25.0,False
GOOGL,call,Fri-0DTE,mid,100.0,11,15:00,300,18.333,15.0,False
GOOGL,call,Fri-0DTE,mid,100.0,12,14:30,300,18.0,25.0,False
GOOGL,call,Fri-0DTE,mid,100.0,13,15:30,50,14.0,5.0,False
GOOGL,call,Fri-0DTE,market,30.0,1,09:30,250,88.8,15.0,False
GOOGL,call,Fri-0DTE,market,30.0,2,10:00,300,78.667,20.0,False
GOOGL,call,Fri-0DTE,market,30.0,3,10:30,300,66.667,25.0,False
GOOGL,call,Fri-0DTE,market,30.0,4,11:00,300,60.333,35.0,False
GOOGL,call,Fri-0DTE,market,30.0,5,12:00,300,58.0,30.0,False
GOOGL,call,Fri-0DTE,market,30.0,6,11:30,300,54.333,65.0,False
GOOGL,call,Fri-0DTE,market,30.0,7,12:30,300,48.0,15.0,False
GOOGL,call,Fri-0DTE,market,30.0,8,13:00,300,47.0,15.0,False
GOOGL,call,Fri-0DTE,market,30.0,9,14:30,300,42.667,25.0,False
GOOGL,call,Fri-0DTE,market,30.0,10,13:30,300,40.667,15.0,False
GOOGL,call,Fri-0DTE,market,30.0,11,14:00,300,38.0,25.0,False
GOOGL,call,Fri-0DTE,market,30.0,12,15:00,300,34.667,15.0,False
GOOGL,call,Fri-0DTE,market,30.0,13,15:30,50,28.0,5.0,False
GOOGL,call,Fri-0DTE,market,50.0,1,09:30,250,82.0,20.0,False
GOOGL,call,Fri-0DTE,market,50.0,2,10:00,300,70.667,30.0,False
GOOGL,call,Fri-0DTE,market,50.0,3,10:30,300,55.667,35.0,False
GOOGL,call,Fri-0DTE,market,50.0,4,12:00,300,51.0,35.0,False
GOOGL,call,Fri-0DTE,market,50.0,5,11:00,300,47.0,65.0,False
GOOGL,call,Fri-0DTE,market,50.0,6,12:30,300,43.333,20.0,False
GOOGL,call,Fri-0DTE,market,50.0,7,11:30,300,41.667,65.0,False
GOOGL,call,Fri-0DTE,market,50.0,8,13:00,300,40.0,22.5,False
GOOGL,call,Fri-0DTE,market,50.0,9,13:30,300,33.0,15.0,False
GOOGL,call,Fri-0DTE,market,50.0,10,14:00,300,31.333,27.5,False
GOOGL,call,Fri-0DTE,market,50.0,11,14:30,300,31.0,25.0,False
GOOGL,call,Fri-0DTE,market,50.0,12,15:00,300,27.333,15.0,False
GOOGL,call,Fri-0DTE,market,50.0,13,15:30,50,22.0,10.0,False
GOOGL,call,Fri-0DTE,market,75.0,1,09:30,250,73.2,30.0,False
GOOGL,call,Fri-0DTE,market,75.0,2,10:00,300,61.333,40.0,False
GOOGL,call,Fri-0DTE,market,75.0,3,10:30,300,45.333,50.0,False
GOOGL,call,Fri-0DTE,market,75.0,4,12:00,300,44.667,40.0,False
GOOGL,call,Fri-0DTE,market,75.0,5,12:30,300,37.667,25.0,False
GOOGL,call,Fri-0DTE,market,75.0,6,11:00,300,36.0,82.5,False
GOOGL,call,Fri-0DTE,market,75.0,7,13:00,300,35.333,25.0,False
GOOGL,call,Fri-0DTE,market,75.0,8,11:30,300,33.0,65.0,False
GOOGL,call,Fri-0DTE,market,75.0,9,13:30,300,27.333,20.0,False
GOOGL,call,Fri-0DTE,market,75.0,10,14:00,300,26.333,30.0,False
GOOGL,call,Fri-0DTE,market,75.0,11,14:30,300,23.0,30.0,False
GOOGL,call,Fri-0DTE,market,75.0,12,15:00,300,21.667,15.0,False
GOOGL,call,Fri-0DTE,market,75.0,13,15:30,50,16.0,5.0,False
GOOGL,call,Fri-0DTE,market,100.0,1,09:30,250,66.0,40.0,False
GOOGL,call,Fri-0DTE,market,100.0,2,10:00,300,51.333,45.0,False
GOOGL,call,Fri-0DTE,market,100.0,3,10:30,300,38.0,67.5,False
GOOGL,call,Fri-0DTE,market,100.0,4,12:00,300,37.0,45.0,False
GOOGL,call,Fri-0DTE,market,100.0,5,12:30,300,34.667,35.0,False
GOOGL,call,Fri-0DTE,market,100.0,6,13:00,300,31.667,25.0,False
GOOGL,call,Fri-0DTE,market,100.0,7,11:00,300,27.333,95.0,False
GOOGL,call,Fri-0DTE,market,100.0,8,11:30,300,26.0,75.0,False
GOOGL,call,Fri-0DTE,market,100.0,9,13:30,300,22.333,20.0,False
GOOGL,call,Fri-0DTE,market,100.0,10,14:00,300,21.333,30.0,False
GOOGL,call,Fri-0DTE,market,100.0,11,14:30,300,17.0,25.0,False
GOOGL,call,Fri-0DTE,market,100.0,12,15:00,300,16.667,15.0,False
GOOGL,call,Fri-0DTE,market,100.0,13,15:30,50,14.0,5.0,False
GOOGL,put,Fri-0DTE,mid,30.0,1,10:30,300,73.333,50.0,False
GOOGL,put,Fri-0DTE,mid,30.0,2,12:00,300,72.667,20.0,False
GOOGL,put,Fri-0DTE,mid,30.0,3,11:00,300,72.333,30.0,False
GOOGL,put,Fri-0DTE,mid,30.0,4,11:30,300,71.667,15.0,False
GOOGL,put,Fri-0DTE,mid,30.0,5,09:30,250,67.2,15.0,False
GOOGL,put,Fri-0DTE,mid,30.0,6,12:30,300,65.667,25.0,False
GOOGL,put,Fri-0DTE,mid,30.0,7,10:00,300,65.333,25.0,False
GOOGL,put,Fri-0DTE,mid,30.0,8,13:00,300,52.667,30.0,False
GOOGL,put,Fri-0DTE,mid,30.0,9,14:30,300,49.667,20.0,False
GOOGL,put,Fri-0DTE,mid,30.0,10,14:00,300,45.667,25.0,False
GOOGL,put,Fri-0DTE,mid,30.0,11,15:00,300,44.333,15.0,False
GOOGL,put,Fri-0DTE,mid,30.0,12,13:30,300,43.333,25.0,False
GOOGL,put,Fri-0DTE,mid,30.0,13,15:30,50,30.0,10.0,False
GOOGL,put,Fri-0DTE,mid,50.0,1,11:00,300,66.667,35.0,False
GOOGL,put,Fri-0DTE,mid,50.0,2,11:30,300,65.0,15.0,False
GOOGL,put,Fri-0DTE,mid,50.0,3,10:30,300,65.0,65.0,False
GOOGL,put,Fri-0DTE,mid,50.0,4,12:00,300,63.333,25.0,False
GOOGL,put,Fri-0DTE,mid,50.0,5,10:00,300,60.333,50.0,False
GOOGL,put,Fri-0DTE,mid,50.0,6,09:30,250,58.4,42.5,False
GOOGL,put,Fri-0DTE,mid,50.0,7,12:30,300,54.667,30.0,False
GOOGL,put,Fri-0DTE,mid,50.0,8,13:00,300,40.0,35.0,False
GOOGL,put,Fri-0DTE,mid,50.0,9,14:00,300,39.333,35.0,False
GOOGL,put,Fri-0DTE,mid,50.0,10,14:30,300,39.0,25.0,False
GOOGL,put,Fri-0DTE,mid,50.0,11,13:30,300,37.333,35.0,False
GOOGL,put,Fri-0DTE,mid,50.0,12,15:00,300,35.0,20.0,False
GOOGL,put,Fri-0DTE,mid,50.0,13,15:30,50,24.0,10.0,False
GOOGL,put,Fri-0DTE,mid,75.0,1,11:00,300,64.667,40.0,False
GOOGL,put,Fri-0DTE,mid,75.0,2,11:30,300,59.0,20.0,False
GOOGL,put,Fri-0DTE,mid,75.0,3,10:00,300,58.333,80.0,False
GOOGL,put,Fri-0DTE,mid,75.0,4,12:00,300,57.333,35.0,False
GOOGL,put,Fri-0DTE,mid,75.0,5,10:30,300,57.333,67.5,False
GOOGL,put,Fri-0DTE,mid,75.0,6,09:30,250,53.2,85.0,False
GOOGL,put,Fri-0DTE,mid,75.0,7,12:30,300,44.333,30.0,False
GOOGL,put,Fri-0DTE,mid,75.0,8,14:00,300,33.333,40.0,False
GOOGL,put,Fri-0DTE,mid,75.0,9,13:30,300,31.667,40.0,False
GOOGL,put,Fri-0DTE,mid,75.0,10,14:30,300,30.0,25.0,False
GOOGL,put,Fri-0DTE,mid,75.0,11,13:00,300,29.667,45.0,False
GOOGL,put,Fri-0DTE,mid,75.0,12,15:00,300,27.0,20.0,False
GOOGL,put,Fri-0DTE,mid,75.0,13,15:30,50,22.0,20.0,False
GOOGL,put,Fri-0DTE,mid,100.0,1,11:00,300,61.333,45.0,False
GOOGL,put,Fri-0DTE,mid,100.0,2,11:30,300,55.333,25.0,False
GOOGL,put,Fri-0DTE,mid,100.0,3,10:30,300,54.333,70.0,False
GOOGL,put,Fri-0DTE,mid,100.0,4,10:00,300,53.0,95.0,False
GOOGL,put,Fri-0DTE,mid,100.0,5,12:00,300,49.333,40.0,False
GOOGL,put,Fri-0DTE,mid,100.0,6,09:30,250,48.8,110.0,False
GOOGL,put,Fri-0DTE,mid,100.0,7,12:30,300,37.0,30.0,False
GOOGL,put,Fri-0DTE,mid,100.0,8,14:00,300,30.0,45.0,False
GOOGL,put,Fri-0DTE,mid,100.0,9,13:30,300,27.667,55.0,False
GOOGL,put,Fri-0DTE,mid,100.0,10,14:30,300,26.333,25.0,False
GOOGL,put,Fri-0DTE,mid,100.0,11,13:00,300,25.667,55.0,False
GOOGL,put,Fri-0DTE,mid,100.0,12,15:00,300,21.0,25.0,False
GOOGL,put,Fri-0DTE,mid,100.0,13,15:30,50,18.0,20.0,False
GOOGL,put,Fri-0DTE,market,30.0,1,11:00,300,72.333,30.0,False
GOOGL,put,Fri-0DTE,market,30.0,2,10:30,300,72.333,60.0,False
GOOGL,put,Fri-0DTE,market,30.0,3,11:30,300,71.333,15.0,False
GOOGL,put,Fri-0DTE,market,30.0,4,12:00,300,71.0,25.0,False
GOOGL,put,Fri-0DTE,market,30.0,5,09:30,250,65.6,20.0,False
GOOGL,put,Fri-0DTE,market,30.0,6,10:00,300,64.333,30.0,False
GOOGL,put,Fri-0DTE,market,30.0,7,12:30,300,63.667,30.0,False
GOOGL,put,Fri-0DTE,market,30.0,8,13:00,300,49.667,35.0,False
GOOGL,put,Fri-0DTE,market,30.0,9,14:30,300,45.667,20.0,False
GOOGL,put,Fri-0DTE,market,30.0,10,14:00,300,42.667,32.5,False
GOOGL,put,Fri-0DTE,market,30.0,11,15:00,300,41.333,20.0,False
GOOGL,put,Fri-0DTE,market,30.0,12,13:30,300,41.0,25.0,False
GOOGL,put,Fri-0DTE,market,30.0,13,15:30,50,30.0,10.0,False
GOOGL,put,Fri-0DTE,market,50.0,1,11:00,300,66.667,35.0,False
GOOGL,put,Fri-0DTE,market,50.0,2,11:30,300,64.0,17.5,False
GOOGL,put,Fri-0DTE,market,50.0,3,12:00,300,62.333,30.0,False
GOOGL,put,Fri-0DTE,market,50.0,4,10:30,300,62.333,65.0,False
GOOGL,put,Fri-0DTE,market,50.0,5,10:00,300,60.333,65.0,False
GOOGL,put,Fri-0DTE,market,50.0,6,09:30,250,56.8,55.0,False
GOOGL,put,Fri-0DTE,market,50.0,7,12:30,300,52.0,30.0,False
GOOGL,put,Fri-0DTE,market,50.0,8,13:00,300,37.0,35.0,False
GOOGL,put,Fri-0DTE,market,50.0,9,14:00,300,37.0,35.0,False
GOOGL,put,Fri-0DTE,market,50.0,10,14:30,300,36.0,25.0,False
GOOGL,put,Fri-0DTE,market,50.0,11,13:30,300,36.0,35.0,False
GOOGL,put,Fri-0DTE,market,50.0,12,15:00,300,31.0,20.0,False
GOOGL,put,Fri-0DTE,market,50.0,13,15:30,50,22.0,10.0,False
GOOGL,put,Fri-0DTE,market,75.0,1,11:00,300,63.667,40.0,False
GOOGL,put,Fri-0DTE,market,75.0,2,11:30,300,58.333,20.0,False
GOOGL,put,Fri-0DTE,market,75.0,3,10:00,300,57.667,85.0,False
GOOGL,put,Fri-0DTE,market,75.0,4,10:30,300,57.0,70.0,False
GOOGL,put,Fri-0DTE,market,75.0,5,12:00,300,56.0,40.0,False
GOOGL,put,Fri-0DTE,market,75.0,6,09:30,250,52.0,100.0,False
GOOGL,put,Fri-0DTE,market,75.0,7,12:30,300,43.333,35.0,False
GOOGL,put,Fri-0DTE,market,75.0,8,14:00,300,32.667,40.0,False
GOOGL,put,Fri-0DTE,market,75.0,9,13:30,300,30.0,47.5,False
GOOGL,put,Fri-0DTE,market,75.0,10,14:30,300,29.0,25.0,False
GOOGL,put,Fri-0DTE,market,75.0,11,13:00,300,28.333,45.0,False
GOOGL,put,Fri-0DTE,market,75.0,12,15:00,300,25.0,20.0,False
GOOGL,put,Fri-0DTE,market,75.0,13,15:30,50,18.0,20.0,False
GOOGL,put,Fri-0DTE,market,100.0,1,11:00,300,60.667,45.0,False
GOOGL,put,Fri-0DTE,market,100.0,2,11:30,300,55.0,25.0,False
GOOGL,put,Fri-0DTE,market,100.0,3,10:30,300,53.667,75.0,False
GOOGL,put,Fri-0DTE,market,100.0,4,10:00,300,52.333,100.0,False
GOOGL,put,Fri-0DTE,market,100.0,5,12:00,300,47.333,40.0,False
GOOGL,put,Fri-0DTE,market,100.0,6,09:30,250,46.8,115.0,False
GOOGL,put,Fri-0DTE,market,100.0,7,12:30,300,35.667,30.0,False
GOOGL,put,Fri-0DTE,market,100.0,8,14:00,300,29.0,45.0,False
GOOGL,put,Fri-0DTE,market,100.0,9,13:30,300,26.667,65.0,False
GOOGL,put,Fri-0DTE,market,100.0,10,14:30,300,25.0,25.0,False
GOOGL,put,Fri-0DTE,market,100.0,11,13:00,300,24.667,57.5,False
GOOGL,put,Fri-0DTE,market,100.0,12,15:00,300,20.333,25.0,False
GOOGL,put,Fri-0DTE,market,100.0,13,15:30,50,18.0,20.0,False
AMZN,call,Mon-0DTE,mid,30.0,1,09:30,250,82.0,30.0,False
AMZN,call,Mon-0DTE,mid,30.0,2,10:00,300,75.0,20.0,False
AMZN,call,Mon-0DTE,mid,30.0,3,11:30,300,69.0,15.0,False
AMZN,call,Mon-0DTE,mid,30.0,4,11:00,300,66.333,20.0,False
AMZN,call,Mon-0DTE,mid,30.0,5,12:00,300,65.333,20.0,False
AMZN,call,Mon-0DTE,mid,30.0,6,10:30,300,62.667,30.0,False
AMZN,call,Mon-0DTE,mid,30.0,7,12:30,300,56.333,20.0,False
AMZN,call,Mon-0DTE,mid,30.0,8,13:00,300,47.333,20.0,False
AMZN,call,Mon-0DTE,mid,30.0,9,13:30,300,47.333,20.0,False
AMZN,call,Mon-0DTE,mid,30.0,10,14:30,300,38.667,20.0,False
AMZN,call,Mon-0DTE,mid,30.0,11,15:00,300,37.0,15.0,False
AMZN,call,Mon-0DTE,mid,30.0,12,15:30,50,34.0,10.0,False
AMZN,call,Mon-0DTE,mid,30.0,13,14:00,300,33.0,15.0,False
AMZN,call,Mon-0DTE,mid,50.0,1,09:30,250,74.0,50.0,False
AMZN,call,Mon-0DTE,mid,50.0,2,10:00,300,70.667,30.0,False
AMZN,call,Mon-0DTE,mid,50.0,3,11:30,300,65.333,35.0,False
AMZN,call,Mon-0DTE,mid,50.0,4,12:00,300,64.667,27.5,False
AMZN,call,Mon-0DTE,mid,50.0,5,11:00,300,64.333,35.0,False
AMZN,call,Mon-0DTE,mid,50.0,6,10:30,300,55.333,42.5,False
AMZN,call,Mon-0DTE,mid,50.0,7,12:30,300,50.333,25.0,False
AMZN,call,Mon-0DTE,mid,50.0,8,13:30,300,42.667,25.0,False
AMZN,call,Mon-0DTE,mid,50.0,9,13:00,300,42.0,37.5,False
AMZN,call,Mon-0DTE,mid,50.0,10,14:30,300,34.0,25.0,False
AMZN,call,Mon-0DTE,mid,50.0,11,15:00,300,30.333,20.0,False
AMZN,call,Mon-0DTE,mid,50.0,12,14:00,300,30.333,25.0,False
AMZN,call,Mon-0DTE,mid,50.0,13,15:30,50,28.0,12.5,False
AMZN,call,Mon-0DTE,mid,75.0,1,09:30,250,65.2,65.0,False
AMZN,call,Mon-0DTE,mid,75.0,2,10:00,300,64.667,40.0,False
AMZN,call,Mon-0DTE,mid,75.0,3,11:00,300,62.0,40.0,False
AMZN,call,Mon-0DTE,mid,75.0,4,12:00,300,61.333,35.0,False
AMZN,call,Mon-0DTE,mid,75.0,5,11:30,300,61.333,50.0,False
AMZN,call,Mon-0DTE,mid,75.0,6,10:30,300,50.333,60.0,False
AMZN,call,Mon-0DTE,mid,75.0,7,12:30,300,44.0,35.0,False
AMZN,call,Mon-0DTE,mid,75.0,8,13:30,300,38.333,30.0,False
AMZN,call,Mon-0DTE,mid,75.0,9,13:00,300,36.333,45.0,False
AMZN,call,Mon-0DTE,mid,75.0,10,14:30,300,31.333,27.5,False
AMZN,call,Mon-0DTE,mid,75.0,11,14:00,300,29.333,37.5,False
AMZN,call,Mon-0DTE,mid,75.0,12,15:00,300,27.0,20.0,False
AMZN,call,Mon-0DTE,mid,75.0,13,15:30,50,24.0,12.5,False
AMZN,call,Mon-0DTE,mid,100.0,1,11:00,300,59.667,50.0,False
AMZN,call,Mon-0DTE,mid,100.0,2,10:00,300,58.667,60.0,False
AMZN,call,Mon-0DTE,mid,100.0,3,12:00,300,57.667,40.0,False
AMZN,call,Mon-0DTE,mid,100.0,4,11:30,300,57.333,55.0,False
AMZN,call,Mon-0DTE,mid,100.0,5,09:30,250,54.4,90.0,False
AMZN,call,Mon-0DTE,mid,100.0,6,10:30,300,46.333,115.0,False
AMZN,call,Mon-0DTE,mid,100.0,7,12:30,300,39.333,42.5,False
AMZN,call,Mon-0DTE,mid,100.0,8,13:30,300,36.0,40.0,False
AMZN,call,Mon-0DTE,mid,100.0,9,13:00,300,33.333,55.0,False
AMZN,call,Mon-0DTE,mid,100.0,10,14:30,300,28.667,32.5,False
AMZN,call,Mon-0DTE,mid,100.0,11,14:00,300,28.333,45.0,False
AMZN,call,Mon-0DTE,mid,100.0,12,15:00,300,23.667,20.0,False
AMZN,call,Mon-0DTE,mid,100.0,13,15:30,50,20.0,12.5,False
AMZN,call,Mon-0DTE,market,30.0,1,09:30,250,80.0,37.5,False
AMZN,call,Mon-0DTE,market,30.0,2,10:00,300,73.333,20.0,False
AMZN,call,Mon-0DTE,market,30.0,3,11:30,300,68.667,20.0,False
AMZN,call,Mon-0DTE,market,30.0,4,11:00,300,66.0,25.0,False
AMZN,call,Mon-0DTE,market,30.0,5,12:00,300,65.333,25.0,False
AMZN,call,Mon-0DTE,market,30.0,6,10:30,300,60.667,35.0,False
AMZN,call,Mon-0DTE,market,30.0,7,12:30,300,54.667,20.0,False
AMZN,call,Mon-0DTE,market,30.0,8,13:30,300,46.0,25.0,False
AMZN,call,Mon-0DTE,market,30.0,9,13:00,300,45.667,25.0,False
AMZN,call,Mon-0DTE,market,30.0,10,14:30,300,37.0,20.0,False
AMZN,call,Mon-0DTE,market,30.0,11,15:00,300,35.0,15.0,False
AMZN,call,Mon-0DTE,market,30.0,12,14:00,300,32.667,20.0,False
AMZN,call,Mon-0DTE,market,30.0,13,15:30,50,32.0,10.0,False
AMZN,call,Mon-0DTE,market,50.0,1,10:00,300,69.667,35.0,False
AMZN,call,Mon-0DTE,market,50.0,2,09:30,250,69.6,55.0,False
AMZN,call,Mon-0DTE,market,50.0,3,11:30,300,65.0,45.0,False
AMZN,call,Mon-0DTE,market,50.0,4,12:00,300,64.0,30.0,False
AMZN,call,Mon-0DTE,market,50.0,5,11:00,300,63.667,35.0,False
AMZN,call,Mon-0DTE,market,50.0,6,10:30,300,54.0,45.0,False
AMZN,call,Mon-0DTE,market,50.0,7,12:30,300,48.0,30.0,False
AMZN,call,Mon-0DTE,market,50.0,8,13:30,300,41.0,30.0,False
AMZN,call,Mon-0DTE,market,50.0,9,13:00,300,39.667,35.0,False
AMZN,call,Mon-0DTE,market,50.0,10,14:30,300,33.333,25.0,False
AMZN,call,Mon-0DTE,market,50.0,11,14:00,300,30.333,30.0,False
AMZN,call,Mon-0DTE,market,50.0,12,15:00,300,30.0,20.0,False
AMZN,call,Mon-0DTE,market,50.0,13,15:30,50,26.0,10.0,False
AMZN,call,Mon-0DTE,market,75.0,1,10:00,300,63.333,50.0,False
AMZN,call,Mon-0DTE,market,75.0,2,11:00,300,62.0,40.0,False
AMZN,call,Mon-0DTE,market,75.0,3,09:30,250,61.6,75.0,False
AMZN,call,Mon-0DTE,market,75.0,4,12:00,300,60.0,35.0,False
AMZN,call,Mon-0DTE,market,75.0,5,11:30,300,59.667,50.0,False
AMZN,call,Mon-0DTE,market,75.0,6,10:30,300,49.0,105.0,False
AMZN,call,Mon-0DTE,market,75.0,7,12:30,300,42.333,35.0,False
AMZN,call,Mon-0DTE,market,75.0,8,13:30,300,38.0,35.0,False
AMZN,call,Mon-0DTE,market,75.0,9,13:00,300,35.333,50.0,False
AMZN,call,Mon-0DTE,market,75.0,10,14:30,300,30.0,30.0,False
AMZN,call,Mon-0DTE,market,75.0,11,14:00,300,29.0,40.0,False
AMZN,call,Mon-0DTE,market,75.0,12,15:00,300,26.667,20.0,False
AMZN,call,Mon-0DTE,market,75.0,13,15:30,50,24.0,12.5,False
AMZN,call,Mon-0DTE,market,100.0,1,11:00,300,59.667,50.0,False
AMZN,call,Mon-0DTE,market,100.0,2,10:00,300,57.667,60.0,False
AMZN,call,Mon-0DTE,market,100.0,3,12:00,300,56.667,40.0,False
AMZN,call,Mon-0DTE,market,100.0,4,11:30,300,56.333,55.0,False
AMZN,call,Mon-0DTE,market,100.0,5,09:30,250,52.0,90.0,False
AMZN,call,Mon-0DTE,market,100.0,6,10:30,300,45.0,115.0,False
AMZN,call,Mon-0DTE,market,100.0,7,12:30,300,38.667,52.5,False
AMZN,call,Mon-0DTE,market,100.0,8,13:30,300,35.333,42.5,False
AMZN,call,Mon-0DTE,market,100.0,9,13:00,300,32.667,55.0,False
AMZN,call,Mon-0DTE,market,100.0,10,14:00,300,28.0,45.0,False
AMZN,call,Mon-0DTE,market,100.0,11,14:30,300,27.333,30.0,False
AMZN,call,Mon-0DTE,market,100.0,12,15:00,300,23.0,20.0,False
AMZN,call,Mon-0DTE,market,100.0,13,15:30,50,18.0,10.0,False
AMZN,put,Mon-0DTE,mid,30.0,1,09:30,250,92.0,20.0,False
AMZN,put,Mon-0DTE,mid,30.0,2,10:00,300,86.667,30.0,False
AMZN,put,Mon-0DTE,mid,30.0,3,10:30,300,82.333,15.0,False
AMZN,put,Mon-0DTE,mid,30.0,4,11:00,300,73.333,15.0,False
AMZN,put,Mon-0DTE,mid,30.0,5,11:30,300,67.667,25.0,False
AMZN,put,Mon-0DTE,mid,30.0,6,12:00,300,66.0,15.0,False
AMZN,put,Mon-0DTE,mid,30.0,7,12:30,300,59.333,30.0,False
AMZN,put,Mon-0DTE,mid,30.0,8,13:00,300,57.667,25.0,False
AMZN,put,Mon-0DTE,mid,30.0,9,14:30,300,48.333,20.0,False
AMZN,put,Mon-0DTE,mid,30.0,10,13:30,300,46.667,30.0,False
AMZN,put,Mon-0DTE,mid,30.0,11,14:00,300,44.333,35.0,False
AMZN,put,Mon-0DTE,mid,30.0,12,15:00,300,30.667,15.0,False
AMZN,put,Mon-0DTE,mid,30.0,13,15:30,50,22.0,15.0,False
AMZN,put,Mon-0DTE,mid,50.0,1,09:30,250,86.0,40.0,False
AMZN,put,Mon-0DTE,mid,50.0,2,10:00,300,79.667,35.0,False
AMZN,put,Mon-0DTE,mid,50.0,3,10:30,300,76.0,20.0,False
AMZN,put,Mon-0DTE,mid,50.0,4,11:00,300,67.0,25.0,False
AMZN,put,Mon-0DTE,mid,50.0,5,11:30,300,60.667,30.0,False
AMZN,put,Mon-0DTE,mid,50.0,6,12:00,300,57.0,35.0,False
AMZN,put,Mon-0DTE,mid,50.0,7,12:30,300,51.0,40.0,False
AMZN,put,Mon-0DTE,mid,50.0,8,13:00,300,48.667,45.0,False
AMZN,put,Mon-0DTE,mid,50.0,9,14:00,300,38.333,45.0,False
AMZN,put,Mon-0DTE,mid,50.0,10,14:30,300,37.667,25.0,False
AMZN,put,Mon-0DTE,mid,50.0,11,13:30,300,37.0,45.0,False
AMZN,put,Mon-0DTE,mid,50.0,12,15:00,300,22.333,15.0,False
AMZN,put,Mon-0DTE,mid,50.0,13,15:30,50,20.0,12.5,False
AMZN,put,Mon-0DTE,mid,75.0,1,09:30,250,81.2,55.0,False
AMZN,put,Mon-0DTE,mid,75.0,2,10:00,300,73.333,40.0,False
AMZN,put,Mon-0DTE,mid,75.0,3,10:30,300,68.667,25.0,False
AMZN,put,Mon-0DTE,mid,75.0,4,11:00,300,59.667,45.0,False
AMZN,put,Mon-0DTE,mid,75.0,5,11:30,300,53.667,40.0,False
AMZN,put,Mon-0DTE,mid,75.0,6,12:00,300,48.0,47.5,False
AMZN,put,Mon-0DTE,mid,75.0,7,12:30,300,46.333,50.0,False
AMZN,put,Mon-0DTE,mid,75.0,8,13:00,300,40.333,50.0,False
AMZN,put,Mon-0DTE,mid,75.0,9,13:30,300,27.667,50.0,False
AMZN,put,Mon-0DTE,mid,75.0,10,14:00,300,26.333,40.0,False
AMZN,put,Mon-0DTE,mid,75.0,11,14:30,300,25.0,25.0,False
AMZN,put,Mon-0DTE,mid,75.0,12,15:30,50,16.0,17.5,False
AMZN,put,Mon-0DTE,mid,75.0,13,15:00,300,16.0,20.0,False
AMZN,put,Mon-0DTE,mid,100.0,1,09:30,250,74.8,60.0,False
AMZN,put,Mon-0DTE,mid,100.0,2,10:00,300,69.0,50.0,False
AMZN,put,Mon-0DTE,mid,100.0,3,10:30,300,66.333,30.0,False
AMZN,put,Mon-0DTE,mid,100.0,4,11:00,300,54.333,60.0,False
AMZN,put,Mon-0DTE,mid,100.0,5,11:30,300,49.667,50.0,False
AMZN,put,Mon-0DTE,mid,100.0,6,12:00,300,42.333,55.0,False
AMZN,put,Mon-0DTE,mid,100.0,7,12:30,300,40.333,55.0,False
AMZN,put,Mon-0DTE,mid,100.0,8,13:00,300,34.333,50.0,False
AMZN,put,Mon-0DTE,mid,100.0,9,13:30,300,23.0,45.0,False
AMZN,put,Mon-0DTE,mid,100.0,10,14:00,300,22.333,40.0,False
AMZN,put,Mon-0DTE,mid,100.0,11,14:30,300,19.333,20.0,False
AMZN,put,Mon-0DTE,mid,100.0,12,15:00,300,13.667,25.0,False
AMZN,put,Mon-0DTE,mid,100.0,13,15:30,50,12.0,17.5,False
AMZN,put,Mon-0DTE,market,30.0,1,09:30,250,89.6,20.0,False
AMZN,put,Mon-0DTE,market,30.0,2,10:00,300,84.0,30.0,False
AMZN,put,Mon-0DTE,market,30.0,3,10:30,300,80.333,15.0,False
AMZN,put,Mon-0DTE,market,30.0,4,11:00,300,71.333,17.5,False
AMZN,put,Mon-0DTE,market,30.0,5,11:30,300,66.0,25.0,False
AMZN,put,Mon-0DTE,market,30.0,6,12:00,300,64.667,20.0,False
AMZN,put,Mon-0DTE,market,30.0,7,12:30,300,56.667,35.0,False
AMZN,put,Mon-0DTE,market,30.0,8,13:00,300,55.667,30.0,False
AMZN,put,Mon-0DTE,market,30.0,9,14:30,300,45.667,25.0,False
AMZN,put,Mon-0DTE,market,30.0,10,14:00,300,43.333,40.0,False
AMZN,put,Mon-0DTE,market,30.0,11,13:30,300,43.0,30.0,False
AMZN,put,Mon-0DTE,market,30.0,12,15:00,300,29.0,15.0,False
AMZN,put,Mon-0DTE,market,30.0,13,15:30,50,22.0,15.0,False
AMZN,put,Mon-0DTE,market,50.0,1,09:30,250,84.8,40.0,False
AMZN,put,Mon-0DTE,market,50.0,2,10:00,300,79.0,40.0,False
AMZN,put,Mon-0DTE,market,50.0,3,10:30,300,73.667,25.0,False
AMZN,put,Mon-0DTE,market,50.0,4,11:00,300,65.0,35.0,False
AMZN,put,Mon-0DTE,market,50.0,5,11:30,300,58.667,35.0,False
AMZN,put,Mon-0DTE,market,50.0,6,12:00,300,55.0,35.0,False
AMZN,put,Mon-0DTE,market,50.0,7,12:30,300,50.333,45.0,False
AMZN,put,Mon-0DTE,market,50.0,8,13:00,300,47.0,50.0,False
AMZN,put,Mon-0DTE,market,50.0,9,14:00,300,35.667,45.0,False
AMZN,put,Mon-0DTE,market,50.0,10,14:30,300,35.0,25.0,False
AMZN,put,Mon-0DTE,market,50.0,11,13:30,300,34.667,47.5,False
AMZN,put,Mon-0DTE,market,50.0,12,15:00,300,22.0,15.0,False
AMZN,put,Mon-0DTE,market,50.0,13,15:30,50,20.0,12.5,False
AMZN,put,Mon-0DTE,market,75.0,1,09:30,250,79.2,55.0,False
AMZN,put,Mon-0DTE,market,75.0,2,10:00,300,72.333,45.0,False
AMZN,put,Mon-0DTE,market,75.0,3,10:30,300,67.667,25.0,False
AMZN,put,Mon-0DTE,market,75.0,4,11:00,300,58.0,50.0,False
AMZN,put,Mon-0DTE,market,75.0,5,11:30,300,52.333,45.0,False
AMZN,put,Mon-0DTE,market,75.0,6,12:00,300,46.333,50.0,False
AMZN,put,Mon-0DTE,market,75.0,7,12:30,300,44.333,55.0,False
AMZN,put,Mon-0DTE,market,75.0,8,13:00,300,38.0,50.0,False
AMZN,put,Mon-0DTE,market,75.0,9,13:30,300,27.0,50.0,False
AMZN,put,Mon-0DTE,market,75.0,10,14:00,300,25.667,40.0,False
AMZN,put,Mon-0DTE,market,75.0,11,14:30,300,22.0,22.5,False
AMZN,put,Mon-0DTE,market,75.0,12,15:00,300,15.0,20.0,False
AMZN,put,Mon-0DTE,market,75.0,13,15:30,50,14.0,15.0,False
AMZN,put,Mon-0DTE,market,100.0,1,09:30,250,73.6,70.0,False
AMZN,put,Mon-0DTE,market,100.0,2,10:30,300,65.333,30.0,False
AMZN,put,Mon-0DTE,market,100.0,3,10:00,300,65.333,50.0,False
AMZN,put,Mon-0DTE,market,100.0,4,11:00,300,52.0,60.0,False
AMZN,put,Mon-0DTE,market,100.0,5,11:30,300,49.0,55.0,False
AMZN,put,Mon-0DTE,market,100.0,6,12:00,300,40.333,65.0,False
AMZN,put,Mon-0DTE,market,100.0,7,12:30,300,39.0,60.0,False
AMZN,put,Mon-0DTE,market,100.0,8,13:00,300,32.667,47.5,False
AMZN,put,Mon-0DTE,market,100.0,9,14:00,300,22.333,40.0,False
AMZN,put,Mon-0DTE,market,100.0,10,13:30,300,20.667,52.5,False
AMZN,put,Mon-0DTE,market,100.0,11,14:30,300,18.0,20.0,False
AMZN,put,Mon-0DTE,market,100.0,12,15:00,300,13.333,25.0,False
AMZN,put,Mon-0DTE,market,100.0,13,15:30,50,12.0,17.5,False
AMZN,call,Tue-0DTE,mid,30.0,1,10:00,300,76.0,25.0,False
AMZN,call,Tue-0DTE,mid,30.0,2,09:30,250,69.6,15.0,False
AMZN,call,Tue-0DTE,mid,30.0,3,11:00,300,67.667,20.0,False
AMZN,call,Tue-0DTE,mid,30.0,4,11:30,300,67.667,30.0,False
AMZN,call,Tue-0DTE,mid,30.0,5,10:30,300,64.667,20.0,False
AMZN,call,Tue-0DTE,mid,30.0,6,12:00,300,61.667,20.0,False
AMZN,call,Tue-0DTE,mid,30.0,7,13:30,300,53.333,25.0,False
AMZN,call,Tue-0DTE,mid,30.0,8,12:30,300,51.667,20.0,False
AMZN,call,Tue-0DTE,mid,30.0,9,14:00,300,51.333,25.0,False
AMZN,call,Tue-0DTE,mid,30.0,10,13:00,300,47.333,30.0,False
AMZN,call,Tue-0DTE,mid,30.0,11,14:30,300,46.667,15.0,False
AMZN,call,Tue-0DTE,mid,30.0,12,15:00,300,29.0,10.0,False
AMZN,call,Tue-0DTE,mid,30.0,13,15:30,50,12.0,7.5,False
AMZN,call,Tue-0DTE,mid,50.0,1,10:00,300,71.0,50.0,False
AMZN,call,Tue-0DTE,mid,50.0,2,11:00,300,65.0,35.0,False
AMZN,call,Tue-0DTE,mid,50.0,3,09:30,250,64.8,40.0,False
AMZN,call,Tue-0DTE,mid,50.0,4,11:30,300,61.667,50.0,False
AMZN,call,Tue-0DTE,mid,50.0,5,10:30,300,60.333,25.0,False
AMZN,call,Tue-0DTE,mid,50.0,6,12:00,300,55.667,30.0,False
AMZN,call,Tue-0DTE,mid,50.0,7,13:30,300,51.667,35.0,False
AMZN,call,Tue-0DTE,mid,50.0,8,12:30,300,48.333,35.0,False
AMZN,call,Tue-0DTE,mid,50.0,9,13:00,300,45.0,50.0,False
AMZN,call,Tue-0DTE,mid,50.0,10,14:00,300,43.333,30.0,False
AMZN,call,Tue-0DTE,mid,50.0,11,14:30,300,38.667,20.0,False
AMZN,call,Tue-0DTE,mid,50.0,12,15:00,300,19.0,10.0,False
AMZN,call,Tue-0DTE,mid,50.0,13,15:30,50,6.0,5.0,False
AMZN,call,Tue-0DTE,mid,75.0,1,10:00,300,66.0,70.0,False
AMZN,call,Tue-0DTE,mid,75.0,2,09:30,250,61.2,85.0,False
AMZN,call,Tue-0DTE,mid,75.0,3,11:00,300,59.0,55.0,False
AMZN,call,Tue-0DTE,mid,75.0,4,10:30,300,58.0,35.0,False
AMZN,call,Tue-0DTE,mid,75.0,5,11:30,300,54.333,60.0,False
AMZN,call,Tue-0DTE,mid,75.0,6,12:00,300,48.333,45.0,False
AMZN,call,Tue-0DTE,mid,75.0,7,13:30,300,45.667,40.0,False
AMZN,call,Tue-0DTE,mid,75.0,8,12:30,300,43.667,45.0,False
AMZN,call,Tue-0DTE,mid,75.0,9,13:00,300,41.667,70.0,False
AMZN,call,Tue-0DTE,mid,75.0,10,14:00,300,36.0,30.0,False
AMZN,call,Tue-0DTE,mid,75.0,11,14:30,300,32.333,25.0,False
AMZN,call,Tue-0DTE,mid,75.0,12,15:00,300,14.0,10.0,False
AMZN,call,Tue-0DTE,mid,75.0,13,15:30,50,4.0,5.0,False
AMZN,call,Tue-0DTE,mid,100.0,1,10:00,300,60.0,75.0,False
AMZN,call,Tue-0DTE,mid,100.0,2,09:30,250,56.8,112.5,False
AMZN,call,Tue-0DTE,mid,100.0,3,10:30,300,56.0,45.0,False
AMZN,call,Tue-0DTE,mid,100.0,4,11:00,300,55.667,80.0,False
AMZN,call,Tue-0DTE,mid,100.0,5,11:30,300,49.667,70.0,False
AMZN,call,Tue-0DTE,mid,100.0,6,12:00,300,43.667,55.0,False
AMZN,call,Tue-0DTE,mid,100.0,7,13:30,300,39.333,42.5,False
AMZN,call,Tue-0DTE,mid,100.0,8,12:30,300,39.0,50.0,False
AMZN,call,Tue-0DTE,mid,100.0,9,13:00,300,37.0,75.0,False
AMZN,call,Tue-0DTE,mid,100.0,10,14:00,300,30.667,30.0,False
AMZN,call,Tue-0DTE,mid,100.0,11,14:30,300,26.0,22.5,False
AMZN,call,Tue-0DTE,mid,100.0,12,15:00,300,10.667,10.0,False
AMZN,call,Tue-0DTE,mid,100.0,13,15:30,50,4.0,5.0,False
AMZN,call,Tue-0DTE,market,30.0,1,10:00,300,74.0,30.0,False
AMZN,call,Tue-0DTE,market,30.0,2,09:30,250,68.0,20.0,False
AMZN,call,Tue-0DTE,market,30.0,3,11:00,300,67.333,20.0,False
AMZN,call,Tue-0DTE,market,30.0,4,11:30,300,66.333,40.0,False
AMZN,call,Tue-0DTE,market,30.0,5,10:30,300,62.667,20.0,False
AMZN,call,Tue-0DTE,market,30.0,6,12:00,300,59.333,20.0,False
AMZN,call,Tue-0DTE,market,30.0,7,13:30,300,53.0,25.0,False
AMZN,call,Tue-0DTE,market,30.0,8,12:30,300,51.0,25.0,False
AMZN,call,Tue-0DTE,market,30.0,9,14:00,300,49.333,25.0,False
AMZN,call,Tue-0DTE,market,30.0,10,13:00,300,46.667,30.0,False
AMZN,call,Tue-0DTE,market,30.0,11,14:30,300,45.0,20.0,False
AMZN,call,Tue-0DTE,market,30.0,12,15:00,300,25.667,10.0,False
AMZN,call,Tue-0DTE,market,30.0,13,15:30,50,10.0,5.0,False
AMZN,call,Tue-0DTE,market,50.0,1,10:00,300,69.667,60.0,False
AMZN,call,Tue-0DTE,market,50.0,2,09:30,250,64.0,50.0,False
AMZN,call,Tue-0DTE,market,50.0,3,11:00,300,63.667,45.0,False
AMZN,call,Tue-0DTE,market,50.0,4,10:30,300,60.0,30.0,False
AMZN,call,Tue-0DTE,market,50.0,5,11:30,300,58.667,52.5,False
AMZN,call,Tue-0DTE,market,50.0,6,12:00,300,54.0,35.0,False
AMZN,call,Tue-0DTE,market,50.0,7,13:30,300,50.0,35.0,False
AMZN,call,Tue-0DTE,market,50.0,8,12:30,300,47.0,40.0,False
AMZN,call,Tue-0DTE,market,50.0,9,13:00,300,44.333,60.0,False
AMZN,call,Tue-0DTE,market,50.0,10,14:00,300,41.0,30.0,False
AMZN,call,Tue-0DTE,market,50.0,11,14:30,300,37.333,20.0,False
AMZN,call,Tue-0DTE,market,50.0,12,15:00,300,16.667,10.0,False
AMZN,call,Tue-0DTE,market,50.0,13,15:30,50,6.0,5.0,False
AMZN,call,Tue-0DTE,market,75.0,1,10:00,300,64.667,75.0,False
AMZN,call,Tue-0DTE,market,75.0,2,09:30,250,60.0,95.0,False
AMZN,call,Tue-0DTE,market,75.0,3,11:00,300,59.0,65.0,False
AMZN,call,Tue-0DTE,market,75.0,4,10:30,300,58.0,35.0,False
AMZN,call,Tue-0DTE,market,75.0,5,11:30,300,52.667,65.0,False
AMZN,call,Tue-0DTE,market,75.0,6,12:00,300,48.333,50.0,False
AMZN,call,Tue-0DTE,market,75.0,7,13:30,300,43.0,40.0,False
AMZN,call,Tue-0DTE,market,75.0,8,12:30,300,41.667,45.0,False
AMZN,call,Tue-0DTE,market,75.0,9,13:00,300,40.0,72.5,False
AMZN,call,Tue-0DTE,market,75.0,10,14:00,300,34.0,35.0,False
AMZN,call,Tue-0DTE,market,75.0,11,14:30,300,30.667,25.0,False
AMZN,call,Tue-0DTE,market,75.0,12,15:00,300,12.667,10.0,False
AMZN,call,Tue-0DTE,market,75.0,13,15:30,50,4.0,5.0,False
AMZN,call,Tue-0DTE,market,100.0,1,10:00,300,59.667,80.0,False
AMZN,call,Tue-0DTE,market,100.0,2,09:30,250,56.4,115.0,False
AMZN,call,Tue-0DTE,market,100.0,3,10:30,300,55.667,45.0,False
AMZN,call,Tue-0DTE,market,100.0,4,11:00,300,54.333,85.0,False
AMZN,call,Tue-0DTE,market,100.0,5,11:30,300,47.667,75.0,False
AMZN,call,Tue-0DTE,market,100.0,6,12:00,300,43.333,55.0,False
AMZN,call,Tue-0DTE,market,100.0,7,13:30,300,38.333,45.0,False
AMZN,call,Tue-0DTE,market,100.0,8,12:30,300,37.333,55.0,False
AMZN,call,Tue-0DTE,market,100.0,9,13:00,300,35.667,75.0,False
AMZN,call,Tue-0DTE,market,100.0,10,14:00,300,29.333,32.5,False
AMZN,call,Tue-0DTE,market,100.0,11,14:30,300,25.667,25.0,False
AMZN,call,Tue-0DTE,market,100.0,12,15:00,300,9.667,10.0,False
AMZN,call,Tue-0DTE,market,100.0,13,15:30,50,4.0,7.5,False
AMZN,put,Tue-0DTE,mid,30.0,1,09:30,250,92.4,20.0,False
AMZN,put,Tue-0DTE,mid,30.0,2,10:00,300,83.0,15.0,False
AMZN,put,Tue-0DTE,mid,30.0,3,11:00,300,64.0,25.0,False
AMZN,put,Tue-0DTE,mid,30.0,4,11:30,300,63.667,45.0,False
AMZN,put,Tue-0DTE,mid,30.0,5,10:30,300,63.333,15.0,False
AMZN,put,Tue-0DTE,mid,30.0,6,12:00,300,57.667,30.0,False
AMZN,put,Tue-0DTE,mid,30.0,7,14:00,300,42.667,20.0,False
AMZN,put,Tue-0DTE,mid,30.0,8,12:30,300,42.667,25.0,False
AMZN,put,Tue-0DTE,mid,30.0,9,13:00,300,41.667,10.0,False
AMZN,put,Tue-0DTE,mid,30.0,10,13:30,300,39.333,25.0,False
AMZN,put,Tue-0DTE,mid,30.0,11,14:30,300,30.333,20.0,False
AMZN,put,Tue-0DTE,mid,30.0,12,15:00,300,25.667,15.0,False
AMZN,put,Tue-0DTE,mid,30.0,13,15:30,50,24.0,15.0,False
AMZN,put,Tue-0DTE,mid,50.0,1,09:30,250,88.8,30.0,False
AMZN,put,Tue-0DTE,mid,50.0,2,10:00,300,79.0,20.0,False
AMZN,put,Tue-0DTE,mid,50.0,3,11:00,300,54.667,60.0,False
AMZN,put,Tue-0DTE,mid,50.0,4,10:30,300,54.0,25.0,False
AMZN,put,Tue-0DTE,mid,50.0,5,11:30,300,52.0,75.0,False
AMZN,put,Tue-0DTE,mid,50.0,6,12:00,300,43.0,55.0,False
AMZN,put,Tue-0DTE,mid,50.0,7,12:30,300,41.333,32.5,False
AMZN,put,Tue-0DTE,mid,50.0,8,13:00,300,36.667,15.0,False
AMZN,put,Tue-0DTE,mid,50.0,9,14:00,300,35.0,25.0,False
AMZN,put,Tue-0DTE,mid,50.0,10,13:30,300,29.667,45.0,False
AMZN,put,Tue-0DTE,mid,50.0,11,14:30,300,25.0,25.0,False
AMZN,put,Tue-0DTE,mid,50.0,12,15:00,300,22.667,15.0,False
AMZN,put,Tue-0DTE,mid,50.0,13,15:30,50,18.0,15.0,False
AMZN,put,Tue-0DTE,mid,75.0,1,09:30,250,81.2,35.0,False
AMZN,put,Tue-0DTE,mid,75.0,2,10:00,300,72.0,25.0,False
AMZN,put,Tue-0DTE,mid,75.0,3,10:30,300,48.0,30.0,False
AMZN,put,Tue-0DTE,mid,75.0,4,11:00,300,47.0,85.0,False
AMZN,put,Tue-0DTE,mid,75.0,5,11:30,300,41.667,100.0,False
AMZN,put,Tue-0DTE,mid,75.0,6,12:30,300,38.0,35.0,False
AMZN,put,Tue-0DTE,mid,75.0,7,12:00,300,34.333,60.0,False
AMZN,put,Tue-0DTE,mid,75.0,8,13:00,300,32.667,15.0,False
AMZN,put,Tue-0DTE,mid,75.0,9,14:00,300,29.667,30.0,False
AMZN,put,Tue-0DTE,mid,75.0,10,13:30,300,22.667,42.5,False
AMZN,put,Tue-0DTE,mid,75.0,11,15:00,300,21.0,15.0,False
AMZN,put,Tue-0DTE,mid,75.0,12,14:30,300,21.0,25.0,False
AMZN,put,Tue-0DTE,mid,75.0,13,15:30,50,16.0,17.5,False
AMZN,put,Tue-0DTE,mid,100.0,1,09:30,250,76.0,45.0,False
AMZN,put,Tue-0DTE,mid,100.0,2,10:00,300,67.667,30.0,False
AMZN,put,Tue-0DTE,mid,100.0,3,10:30,300,44.333,45.0,False
AMZN,put,Tue-0DTE,mid,100.0,4,11:00,300,39.333,120.0,False
AMZN,put,Tue-0DTE,mid,100.0,5,11:30,300,35.333,100.0,False
AMZN,put,Tue-0DTE,mid,100.0,6,12:30,300,34.667,40.0,False
AMZN,put,Tue-0DTE,mid,100.0,7,12:00,300,30.333,65.0,False
AMZN,put,Tue-0DTE,mid,100.0,8,13:00,300,29.0,20.0,False
AMZN,put,Tue-0DTE,mid,100.0,9,14:00,300,24.667,25.0,False
AMZN,put,Tue-0DTE,mid,100.0,10,13:30,300,20.0,47.5,False
AMZN,put,Tue-0DTE,mid,100.0,11,15:00,300,19.0,15.0,False
AMZN,put,Tue-0DTE,mid,100.0,12,14:30,300,18.333,35.0,False
AMZN,put,Tue-0DTE,mid,100.0,13,15:30,50,14.0,15.0,False
AMZN,put,Tue-0DTE,market,30.0,1,09:30,250,92.4,25.0,False
AMZN,put,Tue-0DTE,market,30.0,2,10:00,300,82.0,15.0,False
AMZN,put,Tue-0DTE,market,30.0,3,11:00,300,62.333,30.0,False
AMZN,put,Tue-0DTE,market,30.0,4,11:30,300,61.667,50.0,False
AMZN,put,Tue-0DTE,market,30.0,5,10:30,300,60.667,20.0,False
AMZN,put,Tue-0DTE,market,30.0,6,12:00,300,52.667,37.5,False
AMZN,put,Tue-0DTE,market,30.0,7,12:30,300,42.667,25.0,False
AMZN,put,Tue-0DTE,market,30.0,8,13:00,300,40.667,10.0,False
AMZN,put,Tue-0DTE,market,30.0,9,14:00,300,40.0,20.0,False
AMZN,put,Tue-0DTE,market,30.0,10,13:30,300,35.0,25.0,False
AMZN,put,Tue-0DTE,market,30.0,11,14:30,300,28.667,22.5,False
AMZN,put,Tue-0DTE,market,30.0,12,15:00,300,25.333,15.0,False
AMZN,put,Tue-0DTE,market,30.0,13,15:30,50,24.0,17.5,False
AMZN,put,Tue-0DTE,market,50.0,1,09:30,250,86.8,30.0,False
AMZN,put,Tue-0DTE,market,50.0,2,10:00,300,77.333,20.0,False
AMZN,put,Tue-0DTE,market,50.0,3,10:30,300,52.333,25.0,False
AMZN,put,Tue-0DTE,market,50.0,4,11:00,300,51.333,67.5,False
AMZN,put,Tue-0DTE,market,50.0,5,11:30,300,49.333,85.0,False
AMZN,put,Tue-0DTE,market,50.0,6,12:30,300,41.0,35.0,False
AMZN,put,Tue-0DTE,market,50.0,7,12:00,300,40.667,55.0,False
AMZN,put,Tue-0DTE,market,50.0,8,13:00,300,35.0,15.0,False
AMZN,put,Tue-0DTE,market,50.0,9,14:00,300,33.667,25.0,False
AMZN,put,Tue-0DTE,market,50.0,10,13:30,300,27.333,37.5,False
AMZN,put,Tue-0DTE,market,50.0,11,14:30,300,24.333,30.0,False
AMZN,put,Tue-0DTE,market,50.0,12,15:00,300,22.667,15.0,False
AMZN,put,Tue-0DTE,market,50.0,13,15:30,50,18.0,15.0,False
AMZN,put,Tue-0DTE,market,75.0,1,09:30,250,80.4,40.0,False
AMZN,put,Tue-0DTE,market,75.0,2,10:00,300,70.667,30.0,False
AMZN,put,Tue-0DTE,market,75.0,3,10:30,300,47.0,35.0,False
AMZN,put,Tue-0DTE,market,75.0,4,11:00,300,44.667,100.0,False
AMZN,put,Tue-0DTE,market,75.0,5,11:30,300,40.0,100.0,False
AMZN,put,Tue-0DTE,market,75.0,6,12:30,300,37.333,35.0,False
AMZN,put,Tue-0DTE,market,75.0,7,12:00,300,32.667,65.0,False
AMZN,put,Tue-0DTE,market,75.0,8,13:00,300,31.0,15.0,False
AMZN,put,Tue-0DTE,market,75.0,9,14:00,300,27.667,25.0,False
AMZN,put,Tue-0DTE,market,75.0,10,13:30,300,21.667,45.0,False
AMZN,put,Tue-0DTE,market,75.0,11,15:00,300,19.667,15.0,False
AMZN,put,Tue-0DTE,market,75.0,12,14:30,300,19.667,30.0,False
AMZN,put,Tue-0DTE,market,75.0,13,15:30,50,16.0,17.5,False
AMZN,put,Tue-0DTE,market,100.0,1,09:30,250,72.0,50.0,False
AMZN,put,Tue-0DTE,market,100.0,2,10:00,300,64.333,35.0,False
AMZN,put,Tue-0DTE,market,100.0,3,10:30,300,43.667,45.0,False
AMZN,put,Tue-0DTE,market,100.0,4,11:00,300,38.667,122.5,False
AMZN,put,Tue-0DTE,market,100.0,5,12:30,300,33.667,40.0,False
AMZN,put,Tue-0DTE,market,100.0,6,11:30,300,33.0,100.0,False
AMZN,put,Tue-0DTE,market,100.0,7,12:00,300,29.333,67.5,False
AMZN,put,Tue-0DTE,market,100.0,8,13:00,300,28.333,20.0,False
AMZN,put,Tue-0DTE,market,100.0,9,14:00,300,24.667,30.0,False
AMZN,put,Tue-0DTE,market,100.0,10,15:00,300,19.0,20.0,False
AMZN,put,Tue-0DTE,market,100.0,11,13:30,300,18.333,50.0,False
AMZN,put,Tue-0DTE,market,100.0,12,14:30,300,16.667,35.0,False
AMZN,put,Tue-0DTE,market,100.0,13,15:30,50,12.0,17.5,False
AMZN,call,Wed-0DTE,mid,30.0,1,10:00,300,93.0,25.0,False
AMZN,call,Wed-0DTE,mid,30.0,2,10:30,300,88.667,15.0,False
AMZN,call,Wed-0DTE,mid,30.0,3,09:30,250,86.4,45.0,False
AMZN,call,Wed-0DTE,mid,30.0,4,11:30,300,79.667,30.0,False
AMZN,call,Wed-0DTE,mid,30.0,5,11:00,300,77.667,25.0,False
AMZN,call,Wed-0DTE,mid,30.0,6,12:00,300,69.667,25.0,False
AMZN,call,Wed-0DTE,mid,30.0,7,12:30,300,54.667,15.0,False
AMZN,call,Wed-0DTE,mid,30.0,8,13:00,300,54.667,20.0,False
AMZN,call,Wed-0DTE,mid,30.0,9,13:30,300,37.0,15.0,False
AMZN,call,Wed-0DTE,mid,30.0,10,14:00,300,35.0,20.0,False
AMZN,call,Wed-0DTE,mid,30.0,11,14:30,300,28.0,10.0,False
AMZN,call,Wed-0DTE,mid,30.0,12,15:30,50,22.0,20.0,False
AMZN,call,Wed-0DTE,mid,30.0,13,15:00,300,18.333,15.0,False
AMZN,call,Wed-0DTE,mid,50.0,1,10:00,300,87.667,35.0,False
AMZN,call,Wed-0DTE,mid,50.0,2,10:30,300,81.333,25.0,False
AMZN,call,Wed-0DTE,mid,50.0,3,09:30,250,79.2,60.0,False
AMZN,call,Wed-0DTE,mid,50.0,4,11:00,300,71.333,42.5,False
AMZN,call,Wed-0DTE,mid,50.0,5,11:30,300,70.667,45.0,False
AMZN,call,Wed-0DTE,mid,50.0,6,12:00,300,61.0,30.0,False
AMZN,call,Wed-0DTE,mid,50.0,7,12:30,300,47.333,15.0,False
AMZN,call,Wed-0DTE,mid,50.0,8,13:00,300,44.0,20.0,False
AMZN,call,Wed-0DTE,mid,50.0,9,13:30,300,27.0,15.0,False
AMZN,call,Wed-0DTE,mid,50.0,10,14:00,300,25.0,20.0,False
AMZN,call,Wed-0DTE,mid,50.0,11,14:30,300,22.667,15.0,False
AMZN,call,Wed-0DTE,mid,50.0,12,15:30,50,16.0,20.0,False
AMZN,call,Wed-0DTE,mid,50.0,13,15:00,300,14.667,20.0,False
AMZN,call,Wed-0DTE,mid,75.0,1,10:00,300,82.667,45.0,False
AMZN,call,Wed-0DTE,mid,75.0,2,10:30,300,73.0,35.0,False
AMZN,call,Wed-0DTE,mid,75.0,3,09:30,250,70.8,70.0,False
AMZN,call,Wed-0DTE,mid,75.0,4,11:00,300,65.667,60.0,False
AMZN,call,Wed-0DTE,mid,75.0,5,11:30,300,61.667,50.0,False
AMZN,call,Wed-0DTE,mid,75.0,6,12:00,300,52.333,30.0,False
AMZN,call,Wed-0DTE,mid,75.0,7,12:30,300,42.667,20.0,False
AMZN,call,Wed-0DTE,mid,75.0,8,13:00,300,34.0,25.0,False
AMZN,call,Wed-0DTE,mid,75.0,9,14:00,300,21.333,20.0,False
AMZN,call,Wed-0DTE,mid,75.0,10,13:30,300,20.333,15.0,False
AMZN,call,Wed-0DTE,mid,75.0,11,14:30,300,16.333,15.0,False
AMZN,call,Wed-0DTE,mid,75.0,12,15:00,300,13.0,20.0,False
AMZN,call,Wed-0DTE,mid,75.0,13,15:30,50,12.0,22.5,False
AMZN,call,Wed-0DTE,mid,100.0,1,10:00,300,73.333,47.5,False
AMZN,call,Wed-0DTE,mid,100.0,2,10:30,300,69.0,45.0,False
AMZN,call,Wed-0DTE,mid,100.0,3,09:30,250,66.0,85.0,False
AMZN,call,Wed-0DTE,mid,100.0,4,11:00,300,58.667,70.0,False
AMZN,call,Wed-0DTE,mid,100.0,5,11:30,300,53.667,55.0,False
AMZN,call,Wed-0DTE,mid,100.0,6,12:00,300,46.333,35.0,False
AMZN,call,Wed-0DTE,mid,100.0,7,12:30,300,37.0,20.0,False
AMZN,call,Wed-0DTE,mid,100.0,8,13:00,300,26.0,30.0,False
AMZN,call,Wed-0DTE,mid,100.0,9,13:30,300,18.667,20.0,False
AMZN,call,Wed-0DTE,mid,100.0,10,14:00,300,16.333,20.0,False
AMZN,call,Wed-0DTE,mid,100.0,11,14:30,300,15.333,15.0,False
AMZN,call,Wed-0DTE,mid,100.0,12,15:00,300,12.333,25.0,False
AMZN,call,Wed-0DTE,mid,100.0,13,15:30,50,12.0,22.5,False
AMZN,call,Wed-0DTE,market,30.0,1,10:00,300,92.667,30.0,False
AMZN,call,Wed-0DTE,market,30.0,2,10:30,300,88.0,20.0,False
AMZN,call,Wed-0DTE,market,30.0,3,09:30,250,85.2,55.0,False
AMZN,call,Wed-0DTE,market,30.0,4,11:30,300,78.0,35.0,False
AMZN,call,Wed-0DTE,market,30.0,5,11:00,300,75.0,30.0,False
AMZN,call,Wed-0DTE,market,30.0,6,12:00,300,67.667,25.0,False
AMZN,call,Wed-0DTE,market,30.0,7,12:30,300,52.333,15.0,False
AMZN,call,Wed-0DTE,market,30.0,8,13:00,300,51.667,20.0,False
AMZN,call,Wed-0DTE,market,30.0,9,13:30,300,34.333,15.0,False
AMZN,call,Wed-0DTE,market,30.0,10,14:00,300,32.333,20.0,False
AMZN,call,Wed-0DTE,market,30.0,11,14:30,300,26.0,15.0,False
AMZN,call,Wed-0DTE,market,30.0,12,15:00,300,18.0,20.0,False
AMZN,call,Wed-0DTE,market,30.0,13,15:30,50,18.0,20.0,False
AMZN,call,Wed-0DTE,market,50.0,1,10:00,300,86.0,40.0,False
AMZN,call,Wed-0DTE,market,50.0,2,10:30,300,79.333,30.0,False
AMZN,call,Wed-0DTE,market,50.0,3,09:30,250,77.6,65.0,False
AMZN,call,Wed-0DTE,market,50.0,4,11:30,300,70.0,45.0,False
AMZN,call,Wed-0DTE,market,50.0,5,11:00,300,70.0,50.0,False
AMZN,call,Wed-0DTE,market,50.0,6,12:00,300,59.333,30.0,False
AMZN,call,Wed-0DTE,market,50.0,7,12:30,300,46.333,20.0,False
AMZN,call,Wed-0DTE,market,50.0,8,13:00,300,41.333,25.0,False
AMZN,call,Wed-0DTE,market,50.0,9,13:30,300,25.0,15.0,False
AMZN,call,Wed-0DTE,market,50.0,10,14:00,300,24.667,20.0,False
AMZN,call,Wed-0DTE,market,50.0,11,14:30,300,21.667,15.0,False
AMZN,call,Wed-0DTE,market,50.0,12,15:00,300,14.333,20.0,False
AMZN,call,Wed-0DTE,market,50.0,13,15:30,50,14.0,20.0,False
AMZN,call,Wed-0DTE,market,75.0,1,10:00,300,81.333,45.0,False
AMZN,call,Wed-0DTE,market,75.0,2,10:30,300,72.667,40.0,False
AMZN,call,Wed-0DTE,market,75.0,3,09:30,250,68.8,75.0,False
AMZN,call,Wed-0DTE,market,75.0,4,11:00,300,63.0,60.0,False
AMZN,call,Wed-0DTE,market,75.0,5,11:30,300,58.667,55.0,False
AMZN,call,Wed-0DTE,market,75.0,6,12:00,300,50.667,30.0,False
AMZN,call,Wed-0DTE,market,75.0,7,12:30,300,41.0,20.0,False
AMZN,call,Wed-0DTE,market,75.0,8,13:00,300,32.333,25.0,False
AMZN,call,Wed-0DTE,market,75.0,9,14:00,300,20.667,20.0,False
AMZN,call,Wed-0DTE,market,75.0,10,13:30,300,19.667,15.0,False
AMZN,call,Wed-0DTE,market,75.0,11,14:30,300,15.667,15.0,False
AMZN,call,Wed-0DTE,market,75.0,12,15:00,300,12.667,22.5,False
AMZN,call,Wed-0DTE,market,75.0,13,15:30,50,12.0,22.5,False
AMZN,call,Wed-0DTE,market,100.0,1,10:00,300,72.667,50.0,False
AMZN,call,Wed-0DTE,market,100.0,2,10:30,300,66.667,50.0,False
AMZN,call,Wed-0DTE,market,100.0,3,09:30,250,64.4,90.0,False
AMZN,call,Wed-0DTE,market,100.0,4,11:00,300,57.0,70.0,False
AMZN,call,Wed-0DTE,market,100.0,5,11:30,300,51.333,55.0,False
AMZN,call,Wed-0DTE,market,100.0,6,12:00,300,45.0,35.0,False
AMZN,call,Wed-0DTE,market,100.0,7,12:30,300,35.667,25.0,False
AMZN,call,Wed-0DTE,market,100.0,8,13:00,300,24.667,30.0,False
AMZN,call,Wed-0DTE,market,100.0,9,13:30,300,17.0,20.0,False
AMZN,call,Wed-0DTE,market,100.0,10,14:00,300,15.667,25.0,False
AMZN,call,Wed-0DTE,market,100.0,11,14:30,300,15.333,15.0,False
AMZN,call,Wed-0DTE,market,100.0,12,15:30,50,12.0,22.5,False
AMZN,call,Wed-0DTE,market,100.0,13,15:00,300,12.0,25.0,False
AMZN,put,Wed-0DTE,mid,30.0,1,10:30,300,82.333,45.0,False
AMZN,put,Wed-0DTE,mid,30.0,2,09:30,250,80.4,20.0,False
AMZN,put,Wed-0DTE,mid,30.0,3,11:00,300,78.333,30.0,False
AMZN,put,Wed-0DTE,mid,30.0,4,11:30,300,76.667,25.0,False
AMZN,put,Wed-0DTE,mid,30.0,5,12:00,300,76.667,25.0,False
AMZN,put,Wed-0DTE,mid,30.0,6,10:00,300,75.333,30.0,False
AMZN,put,Wed-0DTE,mid,30.0,7,13:00,300,70.667,22.5,False
AMZN,put,Wed-0DTE,mid,30.0,8,12:30,300,67.333,30.0,False
AMZN,put,Wed-0DTE,mid,30.0,9,13:30,300,64.333,20.0,False
AMZN,put,Wed-0DTE,mid,30.0,10,14:30,300,60.0,20.0,False
AMZN,put,Wed-0DTE,mid,30.0,11,14:00,300,59.333,27.5,False
AMZN,put,Wed-0DTE,mid,30.0,12,15:00,300,34.0,12.5,False
AMZN,put,Wed-0DTE,mid,30.0,13,15:30,50,20.0,10.0,False
AMZN,put,Wed-0DTE,mid,50.0,1,11:00,300,76.0,40.0,False
AMZN,put,Wed-0DTE,mid,50.0,2,10:30,300,76.0,65.0,False
AMZN,put,Wed-0DTE,mid,50.0,3,09:30,250,73.6,35.0,False
AMZN,put,Wed-0DTE,mid,50.0,4,11:30,300,70.333,40.0,False
AMZN,put,Wed-0DTE,mid,50.0,5,13:00,300,69.333,35.0,False
AMZN,put,Wed-0DTE,mid,50.0,6,12:00,300,69.333,42.5,False
AMZN,put,Wed-0DTE,mid,50.0,7,10:00,300,68.667,85.0,False
AMZN,put,Wed-0DTE,mid,50.0,8,12:30,300,63.667,45.0,False
AMZN,put,Wed-0DTE,mid,50.0,9,13:30,300,61.333,30.0,False
AMZN,put,Wed-0DTE,mid,50.0,10,14:00,300,55.667,35.0,False
AMZN,put,Wed-0DTE,mid,50.0,11,14:30,300,51.333,20.0,False
AMZN,put,Wed-0DTE,mid,50.0,12,15:00,300,28.0,15.0,False
AMZN,put,Wed-0DTE,mid,50.0,13,15:30,50,18.0,15.0,False
AMZN,put,Wed-0DTE,mid,75.0,1,11:00,300,68.333,50.0,False
AMZN,put,Wed-0DTE,mid,75.0,2,09:30,250,67.6,60.0,False
AMZN,put,Wed-0DTE,mid,75.0,3,10:30,300,66.667,77.5,False
AMZN,put,Wed-0DTE,mid,75.0,4,13:00,300,64.667,55.0,False
AMZN,put,Wed-0DTE,mid,75.0,5,12:00,300,61.667,60.0,False
AMZN,put,Wed-0DTE,mid,75.0,6,10:00,300,61.0,100.0,False
AMZN,put,Wed-0DTE,mid,75.0,7,11:30,300,60.0,50.0,False
AMZN,put,Wed-0DTE,mid,75.0,8,12:30,300,58.667,57.5,False
AMZN,put,Wed-0DTE,mid,75.0,9,13:30,300,57.333,40.0,False
AMZN,put,Wed-0DTE,mid,75.0,10,14:00,300,50.0,42.5,False
AMZN,put,Wed-0DTE,mid,75.0,11,14:30,300,44.0,25.0,False
AMZN,put,Wed-0DTE,mid,75.0,12,15:00,300,21.667,20.0,False
AMZN,put,Wed-0DTE,mid,75.0,13,15:30,50,12.0,10.0,False
AMZN,put,Wed-0DTE,mid,100.0,1,11:00,300,65.0,60.0,False
AMZN,put,Wed-0DTE,mid,100.0,2,09:30,250,62.4,120.0,False
AMZN,put,Wed-0DTE,mid,100.0,3,10:30,300,59.0,85.0,False
AMZN,put,Wed-0DTE,mid,100.0,4,13:00,300,58.667,60.0,False
AMZN,put,Wed-0DTE,mid,100.0,5,11:30,300,55.667,60.0,False
AMZN,put,Wed-0DTE,mid,100.0,6,12:30,300,55.0,75.0,False
AMZN,put,Wed-0DTE,mid,100.0,7,12:00,300,54.0,60.0,False
AMZN,put,Wed-0DTE,mid,100.0,8,10:00,300,52.667,117.5,False
AMZN,put,Wed-0DTE,mid,100.0,9,13:30,300,50.0,45.0,False
AMZN,put,Wed-0DTE,mid,100.0,10,14:00,300,44.667,45.0,False
AMZN,put,Wed-0DTE,mid,100.0,11,14:30,300,37.667,25.0,False
AMZN,put,Wed-0DTE,mid,100.0,12,15:00,300,17.667,20.0,False
AMZN,put,Wed-0DTE,mid,100.0,13,15:30,50,12.0,12.5,False
AMZN,put,Wed-0DTE,market,30.0,1,10:30,300,81.0,50.0,False
AMZN,put,Wed-0DTE,market,30.0,2,09:30,250,78.0,20.0,False
AMZN,put,Wed-0DTE,market,30.0,3,11:00,300,77.333,30.0,False
AMZN,put,Wed-0DTE,market,30.0,4,11:30,300,74.0,25.0,False
AMZN,put,Wed-0DTE,market,30.0,5,12:00,300,73.667,35.0,False
AMZN,put,Wed-0DTE,market,30.0,6,10:00,300,73.333,35.0,False
AMZN,put,Wed-0DTE,market,30.0,7,13:00,300,70.0,25.0,False
AMZN,put,Wed-0DTE,market,30.0,8,12:30,300,66.667,35.0,False
AMZN,put,Wed-0DTE,market,30.0,9,13:30,300,64.0,25.0,False
AMZN,put,Wed-0DTE,market,30.0,10,14:00,300,57.667,30.0,False
AMZN,put,Wed-0DTE,market,30.0,11,14:30,300,57.333,20.0,False
AMZN,put,Wed-0DTE,market,30.0,12,15:00,300,32.667,15.0,False
AMZN,put,Wed-0DTE,market,30.0,13,15:30,50,20.0,10.0,False
AMZN,put,Wed-0DTE,market,50.0,1,11:00,300,75.0,40.0,False
AMZN,put,Wed-0DTE,market,50.0,2,10:30,300,74.333,70.0,False
AMZN,put,Wed-0DTE,market,50.0,3,09:30,250,72.0,42.5,False
AMZN,put,Wed-0DTE,market,50.0,4,13:00,300,68.333,40.0,False
AMZN,put,Wed-0DTE,market,50.0,5,11:30,300,68.0,45.0,False
AMZN,put,Wed-0DTE,market,50.0,6,10:00,300,68.0,90.0,False
AMZN,put,Wed-0DTE,market,50.0,7,12:00,300,67.333,57.5,False
AMZN,put,Wed-0DTE,market,50.0,8,12:30,300,63.0,50.0,False
AMZN,put,Wed-0DTE,market,50.0,9,13:30,300,60.667,35.0,False
AMZN,put,Wed-0DTE,market,50.0,10,14:00,300,54.333,40.0,False
AMZN,put,Wed-0DTE,market,50.0,11,14:30,300,50.333,25.0,False
AMZN,put,Wed-0DTE,market,50.0,12,15:00,300,27.0,15.0,False
AMZN,put,Wed-0DTE,market,50.0,13,15:30,50,16.0,12.5,False
AMZN,put,Wed-0DTE,market,75.0,1,11:00,300,68.0,55.0,False
AMZN,put,Wed-0DTE,market,75.0,2,09:30,250,66.4,70.0,False
AMZN,put,Wed-0DTE,market,75.0,3,10:30,300,65.333,80.0,False
AMZN,put,Wed-0DTE,market,75.0,4,13:00,300,62.333,55.0,False
AMZN,put,Wed-0DTE,market,75.0,5,11:30,300,59.0,55.0,False
AMZN,put,Wed-0DTE,market,75.0,6,10:00,300,59.0,110.0,False
AMZN,put,Wed-0DTE,market,75.0,7,12:00,300,58.333,60.0,False
AMZN,put,Wed-0DTE,market,75.0,8,12:30,300,57.0,55.0,False
AMZN,put,Wed-0DTE,market,75.0,9,13:30,300,53.667,40.0,False
AMZN,put,Wed-0DTE,market,75.0,10,14:00,300,48.0,40.0,False
AMZN,put,Wed-0DTE,market,75.0,11,14:30,300,42.0,25.0,False
AMZN,put,Wed-0DTE,market,75.0,12,15:00,300,20.667,20.0,False
AMZN,put,Wed-0DTE,market,75.0,13,15:30,50,12.0,12.5,False
AMZN,put,Wed-0DTE,market,100.0,1,11:00,300,63.667,65.0,False
AMZN,put,Wed-0DTE,market,100.0,2,09:30,250,60.8,125.0,False
AMZN,put,Wed-0DTE,market,100.0,3,10:30,300,57.0,85.0,False
AMZN,put,Wed-0DTE,market,100.0,4,13:00,300,56.333,60.0,False
AMZN,put,Wed-0DTE,market,100.0,5,11:30,300,53.667,65.0,False
AMZN,put,Wed-0DTE,market,100.0,6,12:30,300,53.667,75.0,False
AMZN,put,Wed-0DTE,market,100.0,7,10:00,300,51.667,130.0,False
AMZN,put,Wed-0DTE,market,100.0,8,12:00,300,51.333,60.0,False
AMZN,put,Wed-0DTE,market,100.0,9,13:30,300,47.333,50.0,False
AMZN,put,Wed-0DTE,market,100.0,10,14:00,300,42.333,45.0,False
AMZN,put,Wed-0DTE,market,100.0,11,14:30,300,35.667,25.0,False
AMZN,put,Wed-0DTE,market,100.0,12,15:00,300,16.667,20.0,False
AMZN,put,Wed-0DTE,market,100.0,13,15:30,50,12.0,12.5,False
AMZN,call,Thu-0DTE,mid,30.0,1,10:00,300,83.667,40.0,False
AMZN,call,Thu-0DTE,mid,30.0,2,10:30,300,81.667,25.0,False
AMZN,call,Thu-0DTE,mid,30.0,3,11:00,300,79.333,15.0,False
AMZN,call,Thu-0DTE,mid,30.0,4,09:30,250,78.4,25.0,False
AMZN,call,Thu-0DTE,mid,30.0,5,11:30,300,73.0,35.0,False
AMZN,call,Thu-0DTE,mid,30.0,6,12:00,300,72.667,32.5,False
AMZN,call,Thu-0DTE,mid,30.0,7,12:30,300,65.333,20.0,False
AMZN,call,Thu-0DTE,mid,30.0,8,13:00,300,60.333,20.0,False
AMZN,call,Thu-0DTE,mid,30.0,9,13:30,300,48.667,35.0,False
AMZN,call,Thu-0DTE,mid,30.0,10,14:30,300,45.667,25.0,False
AMZN,call,Thu-0DTE,mid,30.0,11,15:00,300,43.0,15.0,False
AMZN,call,Thu-0DTE,mid,30.0,12,14:00,300,41.667,30.0,False
AMZN,call,Thu-0DTE,mid,30.0,13,15:30,50,20.0,12.5,False
AMZN,call,Thu-0DTE,mid,50.0,1,10:30,300,79.667,35.0,False
AMZN,call,Thu-0DTE,mid,50.0,2,10:00,300,78.333,55.0,False
AMZN,call,Thu-0DTE,mid,50.0,3,09:30,250,76.8,67.5,False
AMZN,call,Thu-0DTE,mid,50.0,4,11:00,300,76.333,20.0,False
AMZN,call,Thu-0DTE,mid,50.0,5,11:30,300,65.0,50.0,False
AMZN,call,Thu-0DTE,mid,50.0,6,12:00,300,62.0,40.0,False
AMZN,call,Thu-0DTE,mid,50.0,7,12:30,300,54.333,25.0,False
AMZN,call,Thu-0DTE,mid,50.0,8,13:00,300,52.333,25.0,False
AMZN,call,Thu-0DTE,mid,50.0,9,13:30,300,39.333,45.0,False
AMZN,call,Thu-0DTE,mid,50.0,10,14:30,300,36.667,25.0,False
AMZN,call,Thu-0DTE,mid,50.0,11,14:00,300,34.333,35.0,False
AMZN,call,Thu-0DTE,mid,50.0,12,15:00,300,30.0,15.0,False
AMZN,call,Thu-0DTE,mid,50.0,13,15:30,50,12.0,12.5,False
AMZN,call,Thu-0DTE,mid,75.0,1,10:30,300,74.333,40.0,False
AMZN,call,Thu-0DTE,mid,75.0,2,10:00,300,71.667,65.0,False
AMZN,call,Thu-0DTE,mid,75.0,3,09:30,250,71.6,85.0,False
AMZN,call,Thu-0DTE,mid,75.0,4,11:00,300,67.667,25.0,False
AMZN,call,Thu-0DTE,mid,75.0,5,12:00,300,54.667,50.0,False
AMZN,call,Thu-0DTE,mid,75.0,6,11:30,300,54.333,65.0,False
AMZN,call,Thu-0DTE,mid,75.0,7,12:30,300,47.333,30.0,False
AMZN,call,Thu-0DTE,mid,75.0,8,13:00,300,44.0,30.0,False
AMZN,call,Thu-0DTE,mid,75.0,9,13:30,300,31.0,55.0,False
AMZN,call,Thu-0DTE,mid,75.0,10,14:00,300,28.333,40.0,False
AMZN,call,Thu-0DTE,mid,75.0,11,14:30,300,27.0,25.0,False
AMZN,call,Thu-0DTE,mid,75.0,12,15:00,300,22.667,15.0,False
AMZN,call,Thu-0DTE,mid,75.0,13,15:30,50,6.0,15.0,False
AMZN,call,Thu-0DTE,mid,100.0,1,10:30,300,71.0,50.0,False
AMZN,call,Thu-0DTE,mid,100.0,2,10:00,300,67.0,70.0,False
AMZN,call,Thu-0DTE,mid,100.0,3,09:30,250,66.4,100.0,False
AMZN,call,Thu-0DTE,mid,100.0,4,11:00,300,62.333,30.0,False
AMZN,call,Thu-0DTE,mid,100.0,5,12:00,300,50.333,60.0,False
AMZN,call,Thu-0DTE,mid,100.0,6,11:30,300,48.0,75.0,False
AMZN,call,Thu-0DTE,mid,100.0,7,12:30,300,43.333,35.0,False
AMZN,call,Thu-0DTE,mid,100.0,8,13:00,300,38.667,35.0,False
AMZN,call,Thu-0DTE,mid,100.0,9,13:30,300,26.667,60.0,False
AMZN,call,Thu-0DTE,mid,100.0,10,14:00,300,24.667,40.0,False
AMZN,call,Thu-0DTE,mid,100.0,11,14:30,300,21.333,25.0,False
AMZN,call,Thu-0DTE,mid,100.0,12,15:00,300,14.667,10.0,False
AMZN,call,Thu-0DTE,mid,100.0,13,15:30,50,6.0,15.0,False
AMZN,call,Thu-0DTE,market,30.0,1,10:00,300,83.0,45.0,False
AMZN,call,Thu-0DTE,market,30.0,2,10:30,300,81.333,25.0,False
AMZN,call,Thu-0DTE,market,30.0,3,11:00,300,78.667,15.0,False
AMZN,call,Thu-0DTE,market,30.0,4,09:30,250,78.0,25.0,False
AMZN,call,Thu-0DTE,market,30.0,5,11:30,300,71.333,40.0,False
AMZN,call,Thu-0DTE,market,30.0,6,12:00,300,71.0,35.0,False
AMZN,call,Thu-0DTE,market,30.0,7,12:30,300,61.667,20.0,False
AMZN,call,Thu-0DTE,market,30.0,8,13:00,300,58.0,22.5,False
AMZN,call,Thu-0DTE,market,30.0,9,13:30,300,45.333,40.0,False
AMZN,call,Thu-0DTE,market,30.0,10,14:30,300,43.333,25.0,False
AMZN,call,Thu-0DTE,market,30.0,11,15:00,300,39.0,15.0,False
AMZN,call,Thu-0DTE,market,30.0,12,14:00,300,38.667,30.0,False
AMZN,call,Thu-0DTE,market,30.0,13,15:30,50,16.0,17.5,False
AMZN,call,Thu-0DTE,market,50.0,1,10:30,300,79.0,35.0,False
AMZN,call,Thu-0DTE,market,50.0,2,10:00,300,76.333,55.0,False
AMZN,call,Thu-0DTE,market,50.0,3,09:30,250,76.0,75.0,False
AMZN,call,Thu-0DTE,market,50.0,4,11:00,300,74.667,20.0,False
AMZN,call,Thu-0DTE,market,50.0,5,11:30,300,62.0,50.0,False
AMZN,call,Thu-0DTE,market,50.0,6,12:00,300,60.333,45.0,False
AMZN,call,Thu-0DTE,market,50.0,7,12:30,300,52.667,25.0,False
AMZN,call,Thu-0DTE,market,50.0,8,13:00,300,49.333,30.0,False
AMZN,call,Thu-0DTE,market,50.0,9,13:30,300,37.0,50.0,False
AMZN,call,Thu-0DTE,market,50.0,10,14:30,300,33.667,25.0,False
AMZN,call,Thu-0DTE,market,50.0,11,14:00,300,33.333,40.0,False
AMZN,call,Thu-0DTE,market,50.0,12,15:00,300,27.333,15.0,False
AMZN,call,Thu-0DTE,market,50.0,13,15:30,50,6.0,10.0,False
AMZN,call,Thu-0DTE,market,75.0,1,10:30,300,73.0,45.0,False
AMZN,call,Thu-0DTE,market,75.0,2,09:30,250,70.8,90.0,False
AMZN,call,Thu-0DTE,market,75.0,3,10:00,300,70.0,65.0,False
AMZN,call,Thu-0DTE,market,75.0,4,11:00,300,66.667,25.0,False
AMZN,call,Thu-0DTE,market,75.0,5,12:00,300,52.667,50.0,False
AMZN,call,Thu-0DTE,market,75.0,6,11:30,300,51.667,70.0,False
AMZN,call,Thu-0DTE,market,75.0,7,12:30,300,45.667,30.0,False
AMZN,call,Thu-0DTE,market,75.0,8,13:00,300,42.333,30.0,False
AMZN,call,Thu-0DTE,market,75.0,9,13:30,300,29.667,55.0,False
AMZN,call,Thu-0DTE,market,75.0,10,14:00,300,27.0,40.0,False
AMZN,call,Thu-0DTE,market,75.0,11,14:30,300,26.0,27.5,False
AMZN,call,Thu-0DTE,market,75.0,12,15:00,300,20.667,15.0,False
AMZN,call,Thu-0DTE,market,75.0,13,15:30,50,6.0,15.0,False
AMZN,call,Thu-0DTE,market,100.0,1,10:30,300,70.0,50.0,False
AMZN,call,Thu-0DTE,market,100.0,2,10:00,300,65.667,75.0,False
AMZN,call,Thu-0DTE,market,100.0,3,09:30,250,65.2,100.0,False
AMZN,call,Thu-0DTE,market,100.0,4,11:00,300,60.333,35.0,False
AMZN,call,Thu-0DTE,market,100.0,5,12:00,300,49.333,60.0,False
AMZN,call,Thu-0DTE,market,100.0,6,11:30,300,46.667,80.0,False
AMZN,call,Thu-0DTE,market,100.0,7,12:30,300,42.0,35.0,False
AMZN,call,Thu-0DTE,market,100.0,8,13:00,300,37.0,35.0,False
AMZN,call,Thu-0DTE,market,100.0,9,13:30,300,24.667,65.0,False
AMZN,call,Thu-0DTE,market,100.0,10,14:00,300,23.333,37.5,False
AMZN,call,Thu-0DTE,market,100.0,11,14:30,300,20.333,30.0,False
AMZN,call,Thu-0DTE,market,100.0,12,15:00,300,14.333,10.0,False
AMZN,call,Thu-0DTE,market,100.0,13,15:30,50,2.0,10.0,False
AMZN,put,Thu-0DTE,mid,30.0,1,09:30,250,85.2,30.0,False
AMZN,put,Thu-0DTE,mid,30.0,2,10:00,300,80.667,20.0,False
AMZN,put,Thu-0DTE,mid,30.0,3,10:30,300,78.667,20.0,False
AMZN,put,Thu-0DTE,mid,30.0,4,11:00,300,68.667,35.0,False
AMZN,put,Thu-0DTE,mid,30.0,5,11:30,300,64.333,20.0,False
AMZN,put,Thu-0DTE,mid,30.0,6,12:00,300,55.333,30.0,False
AMZN,put,Thu-0DTE,mid,30.0,7,12:30,300,47.667,30.0,False
AMZN,put,Thu-0DTE,mid,30.0,8,13:00,300,45.0,35.0,False
AMZN,put,Thu-0DTE,mid,30.0,9,13:30,300,41.667,20.0,False
AMZN,put,Thu-0DTE,mid,30.0,10,14:00,300,36.667,15.0,False
AMZN,put,Thu-0DTE,mid,30.0,11,14:30,300,31.333,15.0,False
AMZN,put,Thu-0DTE,mid,30.0,12,15:00,300,25.667,15.0,False
AMZN,put,Thu-0DTE,mid,30.0,13,15:30,50,18.0,10.0,False
AMZN,put,Thu-0DTE,mid,50.0,1,09:30,250,78.0,45.0,False
AMZN,put,Thu-0DTE,mid,50.0,2,10:00,300,72.0,30.0,False
AMZN,put,Thu-0DTE,mid,50.0,3,10:30,300,70.333,35.0,False
AMZN,put,Thu-0DTE,mid,50.0,4,11:00,300,61.0,40.0,False
AMZN,put,Thu-0DTE,mid,50.0,5,11:30,300,54.0,27.5,False
AMZN,put,Thu-0DTE,mid,50.0,6,12:00,300,47.0,45.0,False
AMZN,put,Thu-0DTE,mid,50.0,7,12:30,300,40.0,45.0,False
AMZN,put,Thu-0DTE,mid,50.0,8,13:00,300,36.667,45.0,False
AMZN,put,Thu-0DTE,mid,50.0,9,13:30,300,34.667,20.0,False
AMZN,put,Thu-0DTE,mid,50.0,10,14:00,300,32.333,25.0,False
AMZN,put,Thu-0DTE,mid,50.0,11,14:30,300,25.333,20.0,False
AMZN,put,Thu-0DTE,mid,50.0,12,15:00,300,18.333,15.0,False
AMZN,put,Thu-0DTE,mid,50.0,13,15:30,50,12.0,10.0,False
AMZN,put,Thu-0DTE,mid,75.0,1,09:30,250,67.2,50.0,False
AMZN,put,Thu-0DTE,mid,75.0,2,10:00,300,64.667,35.0,False
AMZN,put,Thu-0DTE,mid,75.0,3,10:30,300,57.333,55.0,False
AMZN,put,Thu-0DTE,mid,75.0,4,11:00,300,51.333,45.0,False
AMZN,put,Thu-0DTE,mid,75.0,5,11:30,300,42.333,25.0,False
AMZN,put,Thu-0DTE,mid,75.0,6,12:00,300,36.667,52.5,False
AMZN,put,Thu-0DTE,mid,75.0,7,12:30,300,36.333,80.0,False
AMZN,put,Thu-0DTE,mid,75.0,8,13:30,300,33.333,27.5,False
AMZN,put,Thu-0DTE,mid,75.0,9,13:00,300,31.667,55.0,False
AMZN,put,Thu-0DTE,mid,75.0,10,14:00,300,28.667,30.0,False
AMZN,put,Thu-0DTE,mid,75.0,11,14:30,300,20.667,20.0,False
AMZN,put,Thu-0DTE,mid,75.0,12,15:00,300,14.333,20.0,False
AMZN,put,Thu-0DTE,mid,75.0,13,15:30,50,12.0,12.5,False
AMZN,put,Thu-0DTE,mid,100.0,1,09:30,250,62.4,55.0,False
AMZN,put,Thu-0DTE,mid,100.0,2,10:00,300,58.333,40.0,False
AMZN,put,Thu-0DTE,mid,100.0,3,10:30,300,47.667,65.0,False
AMZN,put,Thu-0DTE,mid,100.0,4,11:00,300,43.333,45.0,False
AMZN,put,Thu-0DTE,mid,100.0,5,11:30,300,36.0,32.5,False
AMZN,put,Thu-0DTE,mid,100.0,6,12:30,300,32.667,87.5,False
AMZN,put,Thu-0DTE,mid,100.0,7,13:30,300,31.0,30.0,False
AMZN,put,Thu-0DTE,mid,100.0,8,12:00,300,30.333,55.0,False
AMZN,put,Thu-0DTE,mid,100.0,9,13:00,300,28.0,60.0,False
AMZN,put,Thu-0DTE,mid,100.0,10,14:00,300,25.667,35.0,False
AMZN,put,Thu-0DTE,mid,100.0,11,14:30,300,19.667,20.0,False
AMZN,put,Thu-0DTE,mid,100.0,12,15:00,300,13.0,20.0,False
AMZN,put,Thu-0DTE,mid,100.0,13,15:30,50,12.0,12.5,False
AMZN,put,Thu-0DTE,market,30.0,1,09:30,250,83.2,35.0,False
AMZN,put,Thu-0DTE,market,30.0,2,10:00,300,78.333,25.0,False
AMZN,put,Thu-0DTE,market,30.0,3,10:30,300,77.333,20.0,False
AMZN,put,Thu-0DTE,market,30.0,4,11:00,300,67.333,40.0,False
AMZN,put,Thu-0DTE,market,30.0,5,11:30,300,61.667,25.0,False
AMZN,put,Thu-0DTE,market,30.0,6,12:00,300,53.0,35.0,False
AMZN,put,Thu-0DTE,market,30.0,7,12:30,300,45.667,40.0,False
AMZN,put,Thu-0DTE,market,30.0,8,13:00,300,42.333,35.0,False
AMZN,put,Thu-0DTE,market,30.0,9,13:30,300,39.0,20.0,False
AMZN,put,Thu-0DTE,market,30.0,10,14:00,300,36.0,20.0,False
AMZN,put,Thu-0DTE,market,30.0,11,14:30,300,30.0,15.0,False
AMZN,put,Thu-0DTE,market,30.0,12,15:00,300,22.667,12.5,False
AMZN,put,Thu-0DTE,market,30.0,13,15:30,50,18.0,10.0,False
AMZN,put,Thu-0DTE,market,50.0,1,09:30,250,76.0,45.0,False
AMZN,put,Thu-0DTE,market,50.0,2,10:00,300,69.667,30.0,False
AMZN,put,Thu-0DTE,market,50.0,3,10:30,300,66.333,40.0,False
AMZN,put,Thu-0DTE,market,50.0,4,11:00,300,57.333,40.0,False
AMZN,put,Thu-0DTE,market,50.0,5,11:30,300,50.0,27.5,False
AMZN,put,Thu-0DTE,market,50.0,6,12:00,300,43.0,50.0,False
AMZN,put,Thu-0DTE,market,50.0,7,12:30,300,38.333,45.0,False
AMZN,put,Thu-0DTE,market,50.0,8,13:30,300,34.333,20.0,False
AMZN,put,Thu-0DTE,market,50.0,9,13:00,300,34.333,50.0,False
AMZN,put,Thu-0DTE,market,50.0,10,14:00,300,31.0,25.0,False
AMZN,put,Thu-0DTE,market,50.0,11,14:30,300,25.333,20.0,False
AMZN,put,Thu-0DTE,market,50.0,12,15:00,300,17.667,15.0,False
AMZN,put,Thu-0DTE,market,50.0,13,15:30,50,12.0,10.0,False
AMZN,put,Thu-0DTE,market,75.0,1,09:30,250,66.4,50.0,False
AMZN,put,Thu-0DTE,market,75.0,2,10:00,300,62.667,37.5,False
AMZN,put,Thu-0DTE,market,75.0,3,10:30,300,54.333,55.0,False
AMZN,put,Thu-0DTE,market,75.0,4,11:00,300,47.667,45.0,False
AMZN,put,Thu-0DTE,market,75.0,5,11:30,300,40.0,20.0,False
AMZN,put,Thu-0DTE,market,75.0,6,12:00,300,35.0,55.0,False
AMZN,put,Thu-0DTE,market,75.0,7,12:30,300,34.667,80.0,False
AMZN,put,Thu-0DTE,market,75.0,8,13:30,300,31.333,25.0,False
AMZN,put,Thu-0DTE,market,75.0,9,13:00,300,30.333,55.0,False
AMZN,put,Thu-0DTE,market,75.0,10,14:00,300,28.0,30.0,False
AMZN,put,Thu-0DTE,market,75.0,11,14:30,300,20.0,20.0,False
AMZN,put,Thu-0DTE,market,75.0,12,15:00,300,13.667,20.0,False
AMZN,put,Thu-0DTE,market,75.0,13,15:30,50,12.0,12.5,False
AMZN,put,Thu-0DTE,market,100.0,1,09:30,250,60.0,55.0,False
AMZN,put,Thu-0DTE,market,100.0,2,10:00,300,56.667,40.0,False
AMZN,put,Thu-0DTE,market,100.0,3,10:30,300,45.667,70.0,False
AMZN,put,Thu-0DTE,market,100.0,4,11:00,300,41.667,45.0,False
AMZN,put,Thu-0DTE,market,100.0,5,11:30,300,34.0,32.5,False
AMZN,put,Thu-0DTE,market,100.0,6,12:30,300,31.667,90.0,False
AMZN,put,Thu-0DTE,market,100.0,7,13:30,300,30.667,32.5,False
AMZN,put,Thu-0DTE,market,100.0,8,12:00,300,28.667,55.0,False
AMZN,put,Thu-0DTE,market,100.0,9,13:00,300,28.0,65.0,False
AMZN,put,Thu-0DTE,market,100.0,10,14:00,300,24.667,32.5,False
AMZN,put,Thu-0DTE,market,100.0,11,14:30,300,19.0,20.0,False
AMZN,put,Thu-0DTE,market,100.0,12,15:30,50,12.0,12.5,False
AMZN,put,Thu-0DTE,market,100.0,13,15:00,300,11.667,20.0,False
AMZN,call,Fri-0DTE,mid,30.0,1,09:30,250,80.0,30.0,False
AMZN,call,Fri-0DTE,mid,30.0,2,11:00,300,76.0,25.0,False
AMZN,call,Fri-0DTE,mid,30.0,3,10:00,300,70.667,15.0,False
AMZN,call,Fri-0DTE,mid,30.0,4,11:30,300,69.0,20.0,False
AMZN,call,Fri-0DTE,mid,30.0,5,10:30,300,68.0,25.0,False
AMZN,call,Fri-0DTE,mid,30.0,6,14:00,300,58.0,25.0,False
AMZN,call,Fri-0DTE,mid,30.0,7,13:30,300,48.333,20.0,False
AMZN,call,Fri-0DTE,mid,30.0,8,12:00,300,47.667,20.0,False
AMZN,call,Fri-0DTE,mid,30.0,9,13:00,300,44.333,20.0,False
AMZN,call,Fri-0DTE,mid,30.0,10,12:30,300,43.333,20.0,False
AMZN,call,Fri-0DTE,mid,30.0,11,14:30,300,43.0,15.0,False
AMZN,call,Fri-0DTE,mid,30.0,12,15:00,300,25.667,10.0,False
AMZN,call,Fri-0DTE,mid,30.0,13,15:30,50,14.0,15.0,False
AMZN,call,Fri-0DTE,mid,50.0,1,09:30,250,73.6,35.0,False
AMZN,call,Fri-0DTE,mid,50.0,2,11:00,300,67.333,35.0,False
AMZN,call,Fri-0DTE,mid,50.0,3,10:00,300,63.0,25.0,False
AMZN,call,Fri-0DTE,mid,50.0,4,11:30,300,62.0,25.0,False
AMZN,call,Fri-0DTE,mid,50.0,5,10:30,300,61.667,40.0,False
AMZN,call,Fri-0DTE,mid,50.0,6,14:00,300,47.333,30.0,False
AMZN,call,Fri-0DTE,mid,50.0,7,12:00,300,41.667,25.0,False
AMZN,call,Fri-0DTE,mid,50.0,8,13:30,300,40.333,30.0,False
AMZN,call,Fri-0DTE,mid,50.0,9,13:00,300,39.333,20.0,False
AMZN,call,Fri-0DTE,mid,50.0,10,12:30,300,38.0,25.0,False
AMZN,call,Fri-0DTE,mid,50.0,11,14:30,300,36.0,20.0,False
AMZN,call,Fri-0DTE,mid,50.0,12,15:00,300,20.667,10.0,False
AMZN,call,Fri-0DTE,mid,50.0,13,15:30,50,8.0,15.0,False
AMZN,call,Fri-0DTE,mid,75.0,1,09:30,250,68.4,55.0,False
AMZN,call,Fri-0DTE,mid,75.0,2,11:00,300,59.0,45.0,False
AMZN,call,Fri-0DTE,mid,75.0,3,10:00,300,57.667,35.0,False
AMZN,call,Fri-0DTE,mid,75.0,4,11:30,300,55.667,30.0,False
AMZN,call,Fri-0DTE,mid,75.0,5,10:30,300,55.333,62.5,False
AMZN,call,Fri-0DTE,mid,75.0,6,14:00,300,38.0,35.0,False
AMZN,call,Fri-0DTE,mid,75.0,7,12:00,300,36.667,35.0,False
AMZN,call,Fri-0DTE,mid,75.0,8,13:00,300,35.0,25.0,False
AMZN,call,Fri-0DTE,mid,75.0,9,13:30,300,34.0,40.0,False
AMZN,call,Fri-0DTE,mid,75.0,10,12:30,300,33.333,35.0,False
AMZN,call,Fri-0DTE,mid,75.0,11,14:30,300,32.0,22.5,False
AMZN,call,Fri-0DTE,mid,75.0,12,15:00,300,16.333,15.0,False
AMZN,call,Fri-0DTE,mid,75.0,13,15:30,50,4.0,10.0,False
AMZN,call,Fri-0DTE,mid,100.0,1,09:30,250,64.4,95.0,False
AMZN,call,Fri-0DTE,mid,100.0,2,11:00,300,55.0,50.0,False
AMZN,call,Fri-0DTE,mid,100.0,3,10:00,300,53.667,55.0,False
AMZN,call,Fri-0DTE,mid,100.0,4,10:30,300,52.0,70.0,False
AMZN,call,Fri-0DTE,mid,100.0,5,11:30,300,51.333,40.0,False
AMZN,call,Fri-0DTE,mid,100.0,6,12:00,300,34.333,40.0,False
AMZN,call,Fri-0DTE,mid,100.0,7,14:00,300,32.0,40.0,False
AMZN,call,Fri-0DTE,mid,100.0,8,13:30,300,31.0,40.0,False
AMZN,call,Fri-0DTE,mid,100.0,9,13:00,300,30.333,30.0,False
AMZN,call,Fri-0DTE,mid,100.0,10,12:30,300,30.333,35.0,False
AMZN,call,Fri-0DTE,mid,100.0,11,14:30,300,25.333,22.5,False
AMZN,call,Fri-0DTE,mid,100.0,12,15:00,300,12.333,15.0,False
AMZN,call,Fri-0DTE,mid,100.0,13,15:30,50,2.0,5.0,False
AMZN,call,Fri-0DTE,market,30.0,1,09:30,250,78.4,30.0,False
AMZN,call,Fri-0DTE,market,30.0,2,11:00,300,74.0,25.0,False
AMZN,call,Fri-0DTE,market,30.0,3,10:00,300,68.333,20.0,False
AMZN,call,Fri-0DTE,market,30.0,4,11:30,300,67.333,20.0,False
AMZN,call,Fri-0DTE,market,30.0,5,10:30,300,66.667,30.0,False
AMZN,call,Fri-0DTE,market,30.0,6,14:00,300,55.0,25.0,False
AMZN,call,Fri-0DTE,market,30.0,7,13:30,300,46.333,20.0,False
AMZN,call,Fri-0DTE,market,30.0,8,12:00,300,46.0,25.0,False
AMZN,call,Fri-0DTE,market,30.0,9,12:30,300,42.0,25.0,False
AMZN,call,Fri-0DTE,market,30.0,10,13:00,300,41.667,20.0,False
AMZN,call,Fri-0DTE,market,30.0,11,14:30,300,41.0,20.0,False
AMZN,call,Fri-0DTE,market,30.0,12,15:00,300,23.667,10.0,False
AMZN,call,Fri-0DTE,market,30.0,13,15:30,50,12.0,12.5,False
AMZN,call,Fri-0DTE,market,50.0,1,09:30,250,72.0,40.0,False
AMZN,call,Fri-0DTE,market,50.0,2,11:00,300,66.333,35.0,False
AMZN,call,Fri-0DTE,market,50.0,3,10:00,300,61.333,25.0,False
AMZN,call,Fri-0DTE,market,50.0,4,11:30,300,60.0,25.0,False
AMZN,call,Fri-0DTE,market,50.0,5,10:30,300,59.667,45.0,False
AMZN,call,Fri-0DTE,market,50.0,6,14:00,300,44.0,32.5,False
AMZN,call,Fri-0DTE,market,50.0,7,12:00,300,40.333,30.0,False
AMZN,call,Fri-0DTE,market,50.0,8,13:30,300,39.667,35.0,False
AMZN,call,Fri-0DTE,market,50.0,9,13:00,300,38.667,22.5,False
AMZN,call,Fri-0DTE,market,50.0,10,12:30,300,36.333,30.0,False
AMZN,call,Fri-0DTE,market,50.0,11,14:30,300,35.333,20.0,False
AMZN,call,Fri-0DTE,market,50.0,12,15:00,300,20.333,15.0,False
AMZN,call,Fri-0DTE,market,50.0,13,15:30,50,8.0,20.0,False
AMZN,call,Fri-0DTE,market,75.0,1,09:30,250,66.8,70.0,False
AMZN,call,Fri-0DTE,market,75.0,2,11:00,300,58.0,45.0,False
AMZN,call,Fri-0DTE,market,75.0,3,10:00,300,57.0,40.0,False
AMZN,call,Fri-0DTE,market,75.0,4,10:30,300,55.0,65.0,False
AMZN,call,Fri-0DTE,market,75.0,5,11:30,300,54.333,30.0,False
AMZN,call,Fri-0DTE,market,75.0,6,14:00,300,36.667,40.0,False
AMZN,call,Fri-0DTE,market,75.0,7,12:00,300,36.333,35.0,False
AMZN,call,Fri-0DTE,market,75.0,8,13:30,300,33.333,40.0,False
AMZN,call,Fri-0DTE,market,75.0,9,13:00,300,32.667,27.5,False
AMZN,call,Fri-0DTE,market,75.0,10,12:30,300,32.667,35.0,False
AMZN,call,Fri-0DTE,market,75.0,11,14:30,300,30.333,25.0,False
AMZN,call,Fri-0DTE,market,75.0,12,15:00,300,15.667,15.0,False
AMZN,call,Fri-0DTE,market,75.0,13,15:30,50,4.0,17.5,False
AMZN,call,Fri-0DTE,market,100.0,1,09:30,250,62.4,92.5,False
AMZN,call,Fri-0DTE,market,100.0,2,11:00,300,52.667,52.5,False
AMZN,call,Fri-0DTE,market,100.0,3,10:00,300,52.333,65.0,False
AMZN,call,Fri-0DTE,market,100.0,4,11:30,300,50.0,45.0,False
AMZN,call,Fri-0DTE,market,100.0,5,10:30,300,49.667,75.0,False
AMZN,call,Fri-0DTE,market,100.0,6,12:00,300,34.0,42.5,False
AMZN,call,Fri-0DTE,market,100.0,7,14:00,300,31.0,40.0,False
AMZN,call,Fri-0DTE,market,100.0,8,13:30,300,29.667,40.0,False
AMZN,call,Fri-0DTE,market,100.0,9,13:00,300,28.667,30.0,False
AMZN,call,Fri-0DTE,market,100.0,10,12:30,300,28.333,50.0,False
AMZN,call,Fri-0DTE,market,100.0,11,14:30,300,24.667,25.0,False
AMZN,call,Fri-0DTE,market,100.0,12,15:00,300,12.0,15.0,False
AMZN,call,Fri-0DTE,market,100.0,13,15:30,50,2.0,5.0,False
AMZN,put,Fri-0DTE,mid,30.0,1,09:30,250,91.2,25.0,False
AMZN,put,Fri-0DTE,mid,30.0,2,10:00,300,75.0,20.0,False
AMZN,put,Fri-0DTE,mid,30.0,3,11:00,300,74.333,30.0,False
AMZN,put,Fri-0DTE,mid,30.0,4,10:30,300,74.0,20.0,False
AMZN,put,Fri-0DTE,mid,30.0,5,11:30,300,70.0,40.0,False
AMZN,put,Fri-0DTE,mid,30.0,6,12:00,300,61.0,20.0,False
AMZN,put,Fri-0DTE,mid,30.0,7,12:30,300,46.667,20.0,False
AMZN,put,Fri-0DTE,mid,30.0,8,13:00,300,45.667,20.0,False
AMZN,put,Fri-0DTE,mid,30.0,9,13:30,300,45.333,15.0,False
AMZN,put,Fri-0DTE,mid,30.0,10,15:00,300,39.333,25.0,False
AMZN,put,Fri-0DTE,mid,30.0,11,14:00,300,37.0,25.0,False
AMZN,put,Fri-0DTE,mid,30.0,12,14:30,300,36.667,20.0,False
AMZN,put,Fri-0DTE,mid,30.0,13,15:30,50,34.0,15.0,False
AMZN,put,Fri-0DTE,mid,50.0,1,09:30,250,88.8,40.0,False
AMZN,put,Fri-0DTE,mid,50.0,2,10:00,300,73.0,30.0,False
AMZN,put,Fri-0DTE,mid,50.0,3,10:30,300,69.0,30.0,False
AMZN,put,Fri-0DTE,mid,50.0,4,11:00,300,64.0,55.0,False
AMZN,put,Fri-0DTE,mid,50.0,5,11:30,300,59.667,50.0,False
AMZN,put,Fri-0DTE,mid,50.0,6,12:00,300,50.667,20.0,False
AMZN,put,Fri-0DTE,mid,50.0,7,12:30,300,39.667,25.0,False
AMZN,put,Fri-0DTE,mid,50.0,8,13:00,300,39.0,30.0,False
AMZN,put,Fri-0DTE,mid,50.0,9,13:30,300,38.0,15.0,False
AMZN,put,Fri-0DTE,mid,50.0,10,15:00,300,29.333,25.0,False
AMZN,put,Fri-0DTE,mid,50.0,11,14:30,300,28.0,25.0,False
AMZN,put,Fri-0DTE,mid,50.0,12,14:00,300,27.667,30.0,False
AMZN,put,Fri-0DTE,mid,50.0,13,15:30,50,24.0,12.5,False
AMZN,put,Fri-0DTE,mid,75.0,1,09:30,250,83.6,45.0,False
AMZN,put,Fri-0DTE,mid,75.0,2,10:00,300,71.0,40.0,False
AMZN,put,Fri-0DTE,mid,75.0,3,10:30,300,62.333,50.0,False
AMZN,put,Fri-0DTE,mid,75.0,4,11:00,300,53.667,75.0,False
AMZN,put,Fri-0DTE,mid,75.0,5,11:30,300,49.667,60.0,False
AMZN,put,Fri-0DTE,mid,75.0,6,12:00,300,44.0,30.0,False
AMZN,put,Fri-0DTE,mid,75.0,7,12:30,300,35.333,25.0,False
AMZN,put,Fri-0DTE,mid,75.0,8,13:00,300,31.333,35.0,False
AMZN,put,Fri-0DTE,mid,75.0,9,13:30,300,30.333,20.0,False
AMZN,put,Fri-0DTE,mid,75.0,10,15:00,300,24.0,25.0,False
AMZN,put,Fri-0DTE,mid,75.0,11,14:30,300,22.667,32.5,False
AMZN,put,Fri-0DTE,mid,75.0,12,15:30,50,22.0,15.0,False
AMZN,put,Fri-0DTE,mid,75.0,13,14:00,300,19.667,35.0,False
AMZN,put,Fri-0DTE,mid,100.0,1,09:30,250,78.8,60.0,False
AMZN,put,Fri-0DTE,mid,100.0,2,10:00,300,67.0,45.0,False
AMZN,put,Fri-0DTE,mid,100.0,3,10:30,300,55.333,87.5,False
AMZN,put,Fri-0DTE,mid,100.0,4,11:00,300,46.0,90.0,False
AMZN,put,Fri-0DTE,mid,100.0,5,11:30,300,43.667,65.0,False
AMZN,put,Fri-0DTE,mid,100.0,6,12:00,300,38.667,35.0,False
AMZN,put,Fri-0DTE,mid,100.0,7,12:30,300,31.667,30.0,False
AMZN,put,Fri-0DTE,mid,100.0,8,13:30,300,27.0,20.0,False
AMZN,put,Fri-0DTE,mid,100.0,9,13:00,300,27.0,30.0,False
AMZN,put,Fri-0DTE,mid,100.0,10,15:00,300,19.667,25.0,False
AMZN,put,Fri-0DTE,mid,100.0,11,15:30,50,18.0,15.0,False
AMZN,put,Fri-0DTE,mid,100.0,12,14:30,300,18.0,42.5,False
AMZN,put,Fri-0DTE,mid,100.0,13,14:00,300,15.0,35.0,False
AMZN,put,Fri-0DTE,market,30.0,1,09:30,250,90.4,30.0,False
AMZN,put,Fri-0DTE,market,30.0,2,10:00,300,75.0,20.0,False
AMZN,put,Fri-0DTE,market,30.0,3,10:30,300,73.667,20.0,False
AMZN,put,Fri-0DTE,market,30.0,4,11:00,300,70.667,37.5,False
AMZN,put,Fri-0DTE,market,30.0,5,11:30,300,67.0,45.0,False
AMZN,put,Fri-0DTE,market,30.0,6,12:00,300,58.0,20.0,False
AMZN,put,Fri-0DTE,market,30.0,7,13:00,300,44.667,25.0,False
AMZN,put,Fri-0DTE,market,30.0,8,12:30,300,43.667,20.0,False
AMZN,put,Fri-0DTE,market,30.0,9,13:30,300,43.0,15.0,False
AMZN,put,Fri-0DTE,market,30.0,10,15:00,300,36.333,25.0,False
AMZN,put,Fri-0DTE,market,30.0,11,14:00,300,35.0,25.0,False
AMZN,put,Fri-0DTE,market,30.0,12,14:30,300,34.333,20.0,False
AMZN,put,Fri-0DTE,market,30.0,13,15:30,50,30.0,15.0,False
AMZN,put,Fri-0DTE,market,50.0,1,09:30,250,87.2,40.0,False
AMZN,put,Fri-0DTE,market,50.0,2,10:00,300,73.0,30.0,False
AMZN,put,Fri-0DTE,market,50.0,3,10:30,300,68.667,37.5,False
AMZN,put,Fri-0DTE,market,50.0,4,11:00,300,60.333,60.0,False
AMZN,put,Fri-0DTE,market,50.0,5,11:30,300,56.667,55.0,False
AMZN,put,Fri-0DTE,market,50.0,6,12:00,300,49.333,25.0,False
AMZN,put,Fri-0DTE,market,50.0,7,12:30,300,39.667,25.0,False
AMZN,put,Fri-0DTE,market,50.0,8,13:00,300,36.333,35.0,False
AMZN,put,Fri-0DTE,market,50.0,9,13:30,300,35.0,15.0,False
AMZN,put,Fri-0DTE,market,50.0,10,15:00,300,27.667,25.0,False
AMZN,put,Fri-0DTE,market,50.0,11,14:30,300,26.333,30.0,False
AMZN,put,Fri-0DTE,market,50.0,12,14:00,300,25.333,25.0,False
AMZN,put,Fri-0DTE,market,50.0,13,15:30,50,24.0,15.0,False
AMZN,put,Fri-0DTE,market,75.0,1,09:30,250,82.4,55.0,False
AMZN,put,Fri-0DTE,market,75.0,2,10:00,300,70.667,45.0,False
AMZN,put,Fri-0DTE,market,75.0,3,10:30,300,61.0,65.0,False
AMZN,put,Fri-0DTE,market,75.0,4,11:00,300,50.0,80.0,False
AMZN,put,Fri-0DTE,market,75.0,5,11:30,300,48.0,60.0,False
AMZN,put,Fri-0DTE,market,75.0,6,12:00,300,42.333,30.0,False
AMZN,put,Fri-0DTE,market,75.0,7,12:30,300,34.667,35.0,False
AMZN,put,Fri-0DTE,market,75.0,8,13:00,300,30.0,32.5,False
AMZN,put,Fri-0DTE,market,75.0,9,13:30,300,29.667,20.0,False
AMZN,put,Fri-0DTE,market,75.0,10,15:00,300,21.333,25.0,False
AMZN,put,Fri-0DTE,market,75.0,11,14:30,300,20.667,35.0,False
AMZN,put,Fri-0DTE,market,75.0,12,15:30,50,20.0,12.5,False
AMZN,put,Fri-0DTE,market,75.0,13,14:00,300,18.333,35.0,False
AMZN,put,Fri-0DTE,market,100.0,1,09:30,250,75.6,60.0,False
AMZN,put,Fri-0DTE,market,100.0,2,10:00,300,66.333,55.0,False
AMZN,put,Fri-0DTE,market,100.0,3,10:30,300,53.333,95.0,False
AMZN,put,Fri-0DTE,market,100.0,4,11:00,300,44.667,95.0,False
AMZN,put,Fri-0DTE,market,100.0,5,11:30,300,42.333,65.0,False
AMZN,put,Fri-0DTE,market,100.0,6,12:00,300,37.667,35.0,False
AMZN,put,Fri-0DTE,market,100.0,7,12:30,300,31.0,40.0,False
AMZN,put,Fri-0DTE,market,100.0,8,13:00,300,27.0,35.0,False
AMZN,put,Fri-0DTE,market,100.0,9,13:30,300,26.0,20.0,False
AMZN,put,Fri-0DTE,market,100.0,10,15:00,300,19.0,25.0,False
AMZN,put,Fri-0DTE,market,100.0,11,15:30,50,18.0,15.0,False
AMZN,put,Fri-0DTE,market,100.0,12,14:30,300,16.667,45.0,False
AMZN,put,Fri-0DTE,market,100.0,13,14:00,300,13.333,32.5,False
META,call,Mon-0DTE,mid,30.0,1,11:30,300,79.667,15.0,False
META,call,Mon-0DTE,mid,30.0,2,09:30,250,77.6,25.0,False
META,call,Mon-0DTE,mid,30.0,3,11:00,300,77.333,25.0,False
META,call,Mon-0DTE,mid,30.0,4,10:00,300,73.333,20.0,False
META,call,Mon-0DTE,mid,30.0,5,12:00,300,66.333,10.0,False
META,call,Mon-0DTE,mid,30.0,6,10:30,300,63.667,15.0,False
META,call,Mon-0DTE,mid,30.0,7,12:30,300,53.0,15.0,False
META,call,Mon-0DTE,mid,30.0,8,13:00,300,48.0,15.0,False
META,call,Mon-0DTE,mid,30.0,9,14:00,300,42.0,10.0,False
META,call,Mon-0DTE,mid,30.0,10,13:30,300,31.333,35.0,False
META,call,Mon-0DTE,mid,30.0,11,14:30,300,24.667,10.0,False
META,call,Mon-0DTE,mid,30.0,12,15:00,300,22.667,10.0,False
META,call,Mon-0DTE,mid,30.0,13,15:30,50,4.0,7.5,False
META,call,Mon-0DTE,mid,50.0,1,11:30,300,74.667,20.0,False
META,call,Mon-0DTE,mid,50.0,2,11:00,300,71.667,30.0,False
META,call,Mon-0DTE,mid,50.0,3,09:30,250,66.0,40.0,False
META,call,Mon-0DTE,mid,50.0,4,10:00,300,63.0,25.0,False
META,call,Mon-0DTE,mid,50.0,5,12:00,300,61.333,15.0,False
META,call,Mon-0DTE,mid,50.0,6,10:30,300,56.333,20.0,False
META,call,Mon-0DTE,mid,50.0,7,12:30,300,47.0,20.0,False
META,call,Mon-0DTE,mid,50.0,8,13:00,300,42.333,20.0,False
META,call,Mon-0DTE,mid,50.0,9,14:00,300,37.667,15.0,False
META,call,Mon-0DTE,mid,50.0,10,13:30,300,27.333,42.5,False
META,call,Mon-0DTE,mid,50.0,11,14:30,300,22.667,10.0,False
META,call,Mon-0DTE,mid,50.0,12,15:00,300,19.333,15.0,False
META,call,Mon-0DTE,mid,50.0,13,15:30,50,4.0,7.5,False
META,call,Mon-0DTE,mid,75.0,1,11:30,300,69.667,25.0,False
META,call,Mon-0DTE,mid,75.0,2,11:00,300,63.333,40.0,False
META,call,Mon-0DTE,mid,75.0,3,12:00,300,57.333,20.0,False
META,call,Mon-0DTE,mid,75.0,4,09:30,250,56.4,65.0,False
META,call,Mon-0DTE,mid,75.0,5,10:00,300,56.0,35.0,False
META,call,Mon-0DTE,mid,75.0,6,10:30,300,52.0,25.0,False
META,call,Mon-0DTE,mid,75.0,7,12:30,300,40.0,30.0,False
META,call,Mon-0DTE,mid,75.0,8,13:00,300,36.333,20.0,False
META,call,Mon-0DTE,mid,75.0,9,14:00,300,34.333,15.0,False
META,call,Mon-0DTE,mid,75.0,10,13:30,300,24.0,45.0,False
META,call,Mon-0DTE,mid,75.0,11,14:30,300,20.333,15.0,False
META,call,Mon-0DTE,mid,75.0,12,15:00,300,15.667,15.0,False
META,call,Mon-0DTE,mid,75.0,13,15:30,50,4.0,7.5,False
META,call,Mon-0DTE,mid,100.0,1,11:30,300,65.333,25.0,False
META,call,Mon-0DTE,mid,100.0,2,11:00,300,57.0,40.0,False
META,call,Mon-0DTE,mid,100.0,3,09:30,250,52.4,80.0,False
META,call,Mon-0DTE,mid,100.0,4,12:00,300,51.333,25.0,False
META,call,Mon-0DTE,mid,100.0,5,10:00,300,50.667,40.0,False
META,call,Mon-0DTE,mid,100.0,6,10:30,300,47.333,30.0,False
META,call,Mon-0DTE,mid,100.0,7,12:30,300,35.0,35.0,False
META,call,Mon-0DTE,mid,100.0,8,13:00,300,34.0,32.5,False
META,call,Mon-0DTE,mid,100.0,9,14:00,300,32.667,20.0,False
META,call,Mon-0DTE,mid,100.0,10,13:30,300,23.0,50.0,False
META,call,Mon-0DTE,mid,100.0,11,14:30,300,19.0,15.0,False
META,call,Mon-0DTE,mid,100.0,12,15:00,300,12.333,20.0,False
META,call,Mon-0DTE,mid,100.0,13,15:30,50,4.0,10.0,False
META,call,Mon-0DTE,market,30.0,1,11:30,300,78.0,15.0,False
META,call,Mon-0DTE,market,30.0,2,09:30,250,76.8,30.0,False
META,call,Mon-0DTE,market,30.0,3,11:00,300,76.0,25.0,False
META,call,Mon-0DTE,market,30.0,4,10:00,300,69.667,20.0,False
META,call,Mon-0DTE,market,30.0,5,12:00,300,64.667,15.0,False
META,call,Mon-0DTE,market,30.0,6,10:30,300,61.0,20.0,False
META,call,Mon-0DTE,market,30.0,7,12:30,300,52.0,15.0,False
META,call,Mon-0DTE,market,30.0,8,13:00,300,46.333,15.0,False
META,call,Mon-0DTE,market,30.0,9,14:00,300,40.333,10.0,False
META,call,Mon-0DTE,market,30.0,10,13:30,300,30.333,40.0,False
META,call,Mon-0DTE,market,30.0,11,14:30,300,24.333,10.0,False
META,call,Mon-0DTE,market,30.0,12,15:00,300,21.333,15.0,False
META,call,Mon-0DTE,market,30.0,13,15:30,50,4.0,7.5,False
META,call,Mon-0DTE,market,50.0,1,11:30,300,73.667,20.0,False
META,call,Mon-0DTE,market,50.0,2,11:00,300,69.667,35.0,False
META,call,Mon-0DTE,market,50.0,3,09:30,250,63.6,55.0,False
META,call,Mon-0DTE,market,50.0,4,10:00,300,61.667,25.0,False
META,call,Mon-0DTE,market,50.0,5,12:00,300,60.0,17.5,False
META,call,Mon-0DTE,market,50.0,6,10:30,300,55.0,20.0,False
META,call,Mon-0DTE,market,50.0,7,12:30,300,46.667,25.0,False
META,call,Mon-0DTE,market,50.0,8,13:00,300,41.333,20.0,False
META,call,Mon-0DTE,market,50.0,9,14:00,300,37.0,15.0,False
META,call,Mon-0DTE,market,50.0,10,13:30,300,26.0,40.0,False
META,call,Mon-0DTE,market,50.0,11,14:30,300,22.0,12.5,False
META,call,Mon-0DTE,market,50.0,12,15:00,300,18.333,15.0,False
META,call,Mon-0DTE,market,50.0,13,15:30,50,4.0,7.5,False
META,call,Mon-0DTE,market,75.0,1,11:30,300,69.333,25.0,False
META,call,Mon-0DTE,market,75.0,2,11:00,300,62.667,40.0,False
META,call,Mon-0DTE,market,75.0,3,09:30,250,55.6,70.0,False
META,call,Mon-0DTE,market,75.0,4,12:00,300,54.333,25.0,False
META,call,Mon-0DTE,market,75.0,5,10:00,300,54.333,35.0,False
META,call,Mon-0DTE,market,75.0,6,10:30,300,51.333,27.5,False
META,call,Mon-0DTE,market,75.0,7,12:30,300,38.667,30.0,False
META,call,Mon-0DTE,market,75.0,8,13:00,300,35.667,25.0,False
META,call,Mon-0DTE,market,75.0,9,14:00,300,34.0,17.5,False
META,call,Mon-0DTE,market,75.0,10,13:30,300,23.667,50.0,False
META,call,Mon-0DTE,market,75.0,11,14:30,300,20.0,15.0,False
META,call,Mon-0DTE,market,75.0,12,15:00,300,15.0,20.0,False
META,call,Mon-0DTE,market,75.0,13,15:30,50,4.0,7.5,False
META,call,Mon-0DTE,market,100.0,1,11:30,300,64.333,30.0,False
META,call,Mon-0DTE,market,100.0,2,11:00,300,55.667,45.0,False
META,call,Mon-0DTE,market,100.0,3,09:30,250,50.4,80.0,False
META,call,Mon-0DTE,market,100.0,4,12:00,300,50.0,30.0,False
META,call,Mon-0DTE,market,100.0,5,10:00,300,49.0,40.0,False
META,call,Mon-0DTE,market,100.0,6,10:30,300,46.667,30.0,False
META,call,Mon-0DTE,market,100.0,7,12:30,300,34.0,35.0,False
META,call,Mon-0DTE,market,100.0,8,13:00,300,32.0,37.5,False
META,call,Mon-0DTE,market,100.0,9,14:00,300,31.667,20.0,False
META,call,Mon-0DTE,market,100.0,10,13:30,300,22.667,50.0,False
META,call,Mon-0DTE,market,100.0,11,14:30,300,18.667,15.0,False
META,call,Mon-0DTE,market,100.0,12,15:00,300,11.667,20.0,False
META,call,Mon-0DTE,market,100.0,13,15:30,50,4.0,10.0,False
META,put,Mon-0DTE,mid,30.0,1,09:30,250,96.8,20.0,False
META,put,Mon-0DTE,mid,30.0,2,11:00,300,89.667,25.0,False
META,put,Mon-0DTE,mid,30.0,3,10:00,300,84.667,20.0,False
META,put,Mon-0DTE,mid,30.0,4,12:30,300,83.667,20.0,False
META,put,Mon-0DTE,mid,30.0,5,11:30,300,82.333,30.0,False
META,put,Mon-0DTE,mid,30.0,6,13:30,300,79.667,15.0,False
META,put,Mon-0DTE,mid,30.0,7,12:00,300,78.667,35.0,False
META,put,Mon-0DTE,mid,30.0,8,13:00,300,78.667,35.0,False
META,put,Mon-0DTE,mid,30.0,9,10:30,300,77.333,17.5,False
META,put,Mon-0DTE,mid,30.0,10,14:00,300,65.0,40.0,False
META,put,Mon-0DTE,mid,30.0,11,14:30,300,63.667,25.0,False
META,put,Mon-0DTE,mid,30.0,12,15:00,300,54.0,25.0,False
META,put,Mon-0DTE,mid,30.0,13,15:30,50,36.0,10.0,False
META,put,Mon-0DTE,mid,50.0,1,09:30,250,91.2,30.0,False
META,put,Mon-0DTE,mid,50.0,2,11:00,300,84.667,42.5,False
META,put,Mon-0DTE,mid,50.0,3,10:00,300,81.0,35.0,False
META,put,Mon-0DTE,mid,50.0,4,12:00,300,76.0,45.0,False
META,put,Mon-0DTE,mid,50.0,5,12:30,300,75.333,25.0,False
META,put,Mon-0DTE,mid,50.0,6,11:30,300,74.667,55.0,False
META,put,Mon-0DTE,mid,50.0,7,10:30,300,74.333,25.0,False
META,put,Mon-0DTE,mid,50.0,8,13:00,300,67.333,40.0,False
META,put,Mon-0DTE,mid,50.0,9,13:30,300,66.667,20.0,False
META,put,Mon-0DTE,mid,50.0,10,14:30,300,54.667,30.0,False
META,put,Mon-0DTE,mid,50.0,11,14:00,300,54.667,47.5,False
META,put,Mon-0DTE,mid,50.0,12,15:00,300,37.667,25.0,False
META,put,Mon-0DTE,mid,50.0,13,15:30,50,28.0,10.0,False
META,put,Mon-0DTE,mid,75.0,1,09:30,250,84.4,35.0,False
META,put,Mon-0DTE,mid,75.0,2,11:00,300,76.667,62.5,False
META,put,Mon-0DTE,mid,75.0,3,10:00,300,76.0,45.0,False
META,put,Mon-0DTE,mid,75.0,4,10:30,300,73.0,30.0,False
META,put,Mon-0DTE,mid,75.0,5,12:00,300,68.667,50.0,False
META,put,Mon-0DTE,mid,75.0,6,11:30,300,68.0,70.0,False
META,put,Mon-0DTE,mid,75.0,7,12:30,300,67.0,25.0,False
META,put,Mon-0DTE,mid,75.0,8,13:00,300,57.0,45.0,False
META,put,Mon-0DTE,mid,75.0,9,13:30,300,56.333,20.0,False
META,put,Mon-0DTE,mid,75.0,10,14:30,300,45.333,35.0,False
META,put,Mon-0DTE,mid,75.0,11,14:00,300,44.667,52.5,False
META,put,Mon-0DTE,mid,75.0,12,15:00,300,27.667,25.0,False
META,put,Mon-0DTE,mid,75.0,13,15:30,50,22.0,10.0,False
META,put,Mon-0DTE,mid,100.0,1,09:30,250,79.6,60.0,False
META,put,Mon-0DTE,mid,100.0,2,10:00,300,69.667,55.0,False
META,put,Mon-0DTE,mid,100.0,3,11:00,300,67.667,100.0,False
META,put,Mon-0DTE,mid,100.0,4,10:30,300,67.333,30.0,False
META,put,Mon-0DTE,mid,100.0,5,12:00,300,64.333,60.0,False
META,put,Mon-0DTE,mid,100.0,6,11:30,300,61.333,80.0,False
META,put,Mon-0DTE,mid,100.0,7,12:30,300,57.333,30.0,False
META,put,Mon-0DTE,mid,100.0,8,13:00,300,51.333,45.0,False
META,put,Mon-0DTE,mid,100.0,9,13:30,300,50.333,25.0,False
META,put,Mon-0DTE,mid,100.0,10,14:00,300,38.0,57.5,False
META,put,Mon-0DTE,mid,100.0,11,14:30,300,37.667,30.0,False
META,put,Mon-0DTE,mid,100.0,12,15:00,300,22.0,25.0,False
META,put,Mon-0DTE,mid,100.0,13,15:30,50,20.0,10.0,False
META,put,Mon-0DTE,market,30.0,1,09:30,250,95.2,25.0,False
META,put,Mon-0DTE,market,30.0,2,11:00,300,88.667,27.5,False
META,put,Mon-0DTE,market,30.0,3,10:00,300,84.0,25.0,False
META,put,Mon-0DTE,market,30.0,4,12:30,300,82.333,20.0,False
META,put,Mon-0DTE,market,30.0,5,11:30,300,80.333,40.0,False
META,put,Mon-0DTE,market,30.0,6,12:00,300,78.333,35.0,False
META,put,Mon-0DTE,market,30.0,7,10:30,300,76.333,20.0,False
META,put,Mon-0DTE,market,30.0,8,13:30,300,76.0,20.0,False
META,put,Mon-0DTE,market,30.0,9,13:00,300,75.667,35.0,False
META,put,Mon-0DTE,market,30.0,10,14:00,300,62.667,45.0,False
META,put,Mon-0DTE,market,30.0,11,14:30,300,62.0,25.0,False
META,put,Mon-0DTE,market,30.0,12,15:00,300,48.333,25.0,False
META,put,Mon-0DTE,market,30.0,13,15:30,50,30.0,10.0,False
META,put,Mon-0DTE,market,50.0,1,09:30,250,88.8,30.0,False
META,put,Mon-0DTE,market,50.0,2,11:00,300,82.667,45.0,False
META,put,Mon-0DTE,market,50.0,3,10:00,300,79.0,40.0,False
META,put,Mon-0DTE,market,50.0,4,10:30,300,74.0,25.0,False
META,put,Mon-0DTE,market,50.0,5,12:30,300,73.333,25.0,False
META,put,Mon-0DTE,market,50.0,6,12:00,300,73.333,47.5,False
META,put,Mon-0DTE,market,50.0,7,11:30,300,72.333,55.0,False
META,put,Mon-0DTE,market,50.0,8,13:00,300,64.333,40.0,False
META,put,Mon-0DTE,market,50.0,9,13:30,300,63.667,20.0,False
META,put,Mon-0DTE,market,50.0,10,14:30,300,52.0,30.0,False
META,put,Mon-0DTE,market,50.0,11,14:00,300,51.667,50.0,False
META,put,Mon-0DTE,market,50.0,12,15:00,300,34.667,25.0,False
META,put,Mon-0DTE,market,50.0,13,15:30,50,24.0,10.0,False
META,put,Mon-0DTE,market,75.0,1,09:30,250,82.8,40.0,False
META,put,Mon-0DTE,market,75.0,2,10:00,300,74.333,50.0,False
META,put,Mon-0DTE,market,75.0,3,11:00,300,73.333,77.5,False
META,put,Mon-0DTE,market,75.0,4,10:30,300,70.667,30.0,False
META,put,Mon-0DTE,market,75.0,5,12:00,300,67.667,55.0,False
META,put,Mon-0DTE,market,75.0,6,11:30,300,64.667,70.0,False
META,put,Mon-0DTE,market,75.0,7,12:30,300,64.0,30.0,False
META,put,Mon-0DTE,market,75.0,8,13:00,300,55.333,45.0,False
META,put,Mon-0DTE,market,75.0,9,13:30,300,54.333,25.0,False
META,put,Mon-0DTE,market,75.0,10,14:30,300,42.333,30.0,False
META,put,Mon-0DTE,market,75.0,11,14:00,300,42.333,55.0,False
META,put,Mon-0DTE,market,75.0,12,15:00,300,25.333,25.0,False
META,put,Mon-0DTE,market,75.0,13,15:30,50,22.0,10.0,False
META,put,Mon-0DTE,market,100.0,1,09:30,250,78.0,70.0,False
META,put,Mon-0DTE,market,100.0,2,10:00,300,69.667,60.0,False
META,put,Mon-0DTE,market,100.0,3,10:30,300,66.333,35.0,False
META,put,Mon-0DTE,market,100.0,4,11:00,300,66.0,97.5,False
META,put,Mon-0DTE,market,100.0,5,12:00,300,61.333,60.0,False
META,put,Mon-0DTE,market,100.0,6,11:30,300,58.333,80.0,False
META,put,Mon-0DTE,market,100.0,7,12:30,300,56.333,30.0,False
META,put,Mon-0DTE,market,100.0,8,13:00,300,50.0,47.5,False
META,put,Mon-0DTE,market,100.0,9,13:30,300,49.0,25.0,False
META,put,Mon-0DTE,market,100.0,10,14:30,300,36.333,35.0,False
META,put,Mon-0DTE,market,100.0,11,14:00,300,34.333,50.0,False
META,put,Mon-0DTE,market,100.0,12,15:00,300,21.667,25.0,False
META,put,Mon-0DTE,market,100.0,13,15:30,50,20.0,10.0,False
META,call,Tue-0DTE,mid,30.0,1,09:30,250,78.8,20.0,False
META,call,Tue-0DTE,mid,30.0,2,11:00,300,77.667,15.0,False
META,call,Tue-0DTE,mid,30.0,3,10:30,300,77.0,20.0,False
META,call,Tue-0DTE,mid,30.0,4,10:00,300,73.0,20.0,False
META,call,Tue-0DTE,mid,30.0,5,11:30,300,68.667,20.0,False
META,call,Tue-0DTE,mid,30.0,6,12:00,300,65.667,50.0,False
META,call,Tue-0DTE,mid,30.0,7,12:30,300,61.0,35.0,False
META,call,Tue-0DTE,mid,30.0,8,13:00,300,56.333,20.0,False
META,call,Tue-0DTE,mid,30.0,9,13:30,300,51.0,25.0,False
META,call,Tue-0DTE,mid,30.0,10,14:00,300,34.333,20.0,False
META,call,Tue-0DTE,mid,30.0,11,15:00,300,26.667,15.0,False
META,call,Tue-0DTE,mid,30.0,12,14:30,300,24.667,17.5,False
META,call,Tue-0DTE,mid,30.0,13,15:30,50,12.0,10.0,False
META,call,Tue-0DTE,mid,50.0,1,11:00,300,74.667,20.0,False
META,call,Tue-0DTE,mid,50.0,2,10:30,300,74.667,30.0,False
META,call,Tue-0DTE,mid,50.0,3,09:30,250,72.4,30.0,False
META,call,Tue-0DTE,mid,50.0,4,10:00,300,68.0,30.0,False
META,call,Tue-0DTE,mid,50.0,5,11:30,300,63.667,25.0,False
META,call,Tue-0DTE,mid,50.0,6,12:00,300,62.0,70.0,False
META,call,Tue-0DTE,mid,50.0,7,12:30,300,51.0,45.0,False
META,call,Tue-0DTE,mid,50.0,8,13:00,300,49.667,25.0,False
META,call,Tue-0DTE,mid,50.0,9,13:30,300,39.667,25.0,False
META,call,Tue-0DTE,mid,50.0,10,14:00,300,27.667,30.0,False
META,call,Tue-0DTE,mid,50.0,11,14:30,300,21.333,27.5,False
META,call,Tue-0DTE,mid,50.0,12,15:00,300,20.333,15.0,False
META,call,Tue-0DTE,mid,50.0,13,15:30,50,8.0,12.5,False
META,call,Tue-0DTE,mid,75.0,1,10:30,300,71.0,35.0,False
META,call,Tue-0DTE,mid,75.0,2,11:00,300,70.667,25.0,False
META,call,Tue-0DTE,mid,75.0,3,09:30,250,65.2,45.0,False
META,call,Tue-0DTE,mid,75.0,4,10:00,300,64.667,45.0,False
META,call,Tue-0DTE,mid,75.0,5,11:30,300,54.667,52.5,False
META,call,Tue-0DTE,mid,75.0,6,12:00,300,50.0,75.0,False
META,call,Tue-0DTE,mid,75.0,7,13:00,300,41.667,25.0,False
META,call,Tue-0DTE,mid,75.0,8,12:30,300,40.667,45.0,False
META,call,Tue-0DTE,mid,75.0,9,13:30,300,32.667,25.0,False
META,call,Tue-0DTE,mid,75.0,10,14:00,300,23.333,30.0,False
META,call,Tue-0DTE,mid,75.0,11,14:30,300,19.0,35.0,False
META,call,Tue-0DTE,mid,75.0,12,15:00,300,14.667,15.0,False
META,call,Tue-0DTE,mid,75.0,13,15:30,50,6.0,10.0,False
META,call,Tue-0DTE,mid,100.0,1,11:00,300,65.333,32.5,False
META,call,Tue-0DTE,mid,100.0,2,10:30,300,65.0,45.0,False
META,call,Tue-0DTE,mid,100.0,3,09:30,250,63.6,60.0,False
META,call,Tue-0DTE,mid,100.0,4,10:00,300,62.333,50.0,False
META,call,Tue-0DTE,mid,100.0,5,11:30,300,47.667,60.0,False
META,call,Tue-0DTE,mid,100.0,6,12:00,300,41.667,75.0,False
META,call,Tue-0DTE,mid,100.0,7,12:30,300,36.667,45.0,False
META,call,Tue-0DTE,mid,100.0,8,13:00,300,34.667,30.0,False
META,call,Tue-0DTE,mid,100.0,9,13:30,300,27.667,25.0,False
META,call,Tue-0DTE,mid,100.0,10,14:00,300,20.0,35.0,False
META,call,Tue-0DTE,mid,100.0,11,14:30,300,15.667,30.0,False
META,call,Tue-0DTE,mid,100.0,12,15:00,300,13.0,20.0,False
META,call,Tue-0DTE,mid,100.0,13,15:30,50,4.0,12.5,False
META,call,Tue-0DTE,market,30.0,1,11:00,300,77.0,15.0,False
META,call,Tue-0DTE,market,30.0,2,10:30,300,76.333,25.0,False
META,call,Tue-0DTE,market,30.0,3,09:30,250,75.6,25.0,False
META,call,Tue-0DTE,market,30.0,4,10:00,300,71.0,20.0,False
META,call,Tue-0DTE,market,30.0,5,11:30,300,68.0,20.0,False
META,call,Tue-0DTE,market,30.0,6,12:00,300,65.333,55.0,False
META,call,Tue-0DTE,market,30.0,7,12:30,300,59.667,40.0,False
META,call,Tue-0DTE,market,30.0,8,13:00,300,55.0,20.0,False
META,call,Tue-0DTE,market,30.0,9,13:30,300,46.667,25.0,False
META,call,Tue-0DTE,market,30.0,10,14:00,300,31.333,22.5,False
META,call,Tue-0DTE,market,30.0,11,15:00,300,24.0,15.0,False
META,call,Tue-0DTE,market,30.0,12,14:30,300,23.333,22.5,False
META,call,Tue-0DTE,market,30.0,13,15:30,50,12.0,12.5,False
META,call,Tue-0DTE,market,50.0,1,11:00,300,73.333,20.0,False
META,call,Tue-0DTE,market,50.0,2,10:30,300,73.0,30.0,False
META,call,Tue-0DTE,market,50.0,3,09:30,250,69.6,35.0,False
META,call,Tue-0DTE,market,50.0,4,10:00,300,67.0,35.0,False
META,call,Tue-0DTE,market,50.0,5,11:30,300,62.667,30.0,False
META,call,Tue-0DTE,market,50.0,6,12:00,300,59.667,75.0,False
META,call,Tue-0DTE,market,50.0,7,13:00,300,47.667,25.0,False
META,call,Tue-0DTE,market,50.0,8,12:30,300,47.0,45.0,False
META,call,Tue-0DTE,market,50.0,9,13:30,300,37.333,25.0,False
META,call,Tue-0DTE,market,50.0,10,14:00,300,26.333,30.0,False
META,call,Tue-0DTE,market,50.0,11,14:30,300,21.0,30.0,False
META,call,Tue-0DTE,market,50.0,12,15:00,300,18.667,15.0,False
META,call,Tue-0DTE,market,50.0,13,15:30,50,8.0,12.5,False
META,call,Tue-0DTE,market,75.0,1,11:00,300,69.0,30.0,False
META,call,Tue-0DTE,market,75.0,2,10:30,300,68.667,40.0,False
META,call,Tue-0DTE,market,75.0,3,10:00,300,64.333,45.0,False
META,call,Tue-0DTE,market,75.0,4,09:30,250,64.0,45.0,False
META,call,Tue-0DTE,market,75.0,5,11:30,300,53.0,60.0,False
META,call,Tue-0DTE,market,75.0,6,12:00,300,47.667,75.0,False
META,call,Tue-0DTE,market,75.0,7,13:00,300,39.333,22.5,False
META,call,Tue-0DTE,market,75.0,8,12:30,300,38.667,45.0,False
META,call,Tue-0DTE,market,75.0,9,13:30,300,31.333,25.0,False
META,call,Tue-0DTE,market,75.0,10,14:00,300,23.0,30.0,False
META,call,Tue-0DTE,market,75.0,11,14:30,300,18.333,35.0,False
META,call,Tue-0DTE,market,75.0,12,15:00,300,14.0,15.0,False
META,call,Tue-0DTE,market,75.0,13,15:30,50,6.0,10.0,False
META,call,Tue-0DTE,market,100.0,1,10:30,300,64.667,45.0,False
META,call,Tue-0DTE,market,100.0,2,11:00,300,63.333,30.0,False
META,call,Tue-0DTE,market,100.0,3,10:00,300,62.333,60.0,False
META,call,Tue-0DTE,market,100.0,4,09:30,250,60.8,62.5,False
META,call,Tue-0DTE,market,100.0,5,11:30,300,45.0,60.0,False
META,call,Tue-0DTE,market,100.0,6,12:00,300,38.333,75.0,False
META,call,Tue-0DTE,market,100.0,7,13:00,300,34.333,30.0,False
META,call,Tue-0DTE,market,100.0,8,12:30,300,34.0,52.5,False
META,call,Tue-0DTE,market,100.0,9,13:30,300,26.667,30.0,False
META,call,Tue-0DTE,market,100.0,10,14:00,300,19.0,35.0,False
META,call,Tue-0DTE,market,100.0,11,14:30,300,15.667,35.0,False
META,call,Tue-0DTE,market,100.0,12,15:00,300,12.667,17.5,False
META,call,Tue-0DTE,market,100.0,13,15:30,50,4.0,12.5,False
META,put,Tue-0DTE,mid,30.0,1,10:30,300,79.333,15.0,False
META,put,Tue-0DTE,mid,30.0,2,12:00,300,77.0,20.0,False
META,put,Tue-0DTE,mid,30.0,3,10:00,300,76.0,20.0,False
META,put,Tue-0DTE,mid,30.0,4,09:30,250,72.0,15.0,False
META,put,Tue-0DTE,mid,30.0,5,11:00,300,70.667,30.0,False
META,put,Tue-0DTE,mid,30.0,6,11:30,300,69.667,25.0,False
META,put,Tue-0DTE,mid,30.0,7,12:30,300,66.667,25.0,False
META,put,Tue-0DTE,mid,30.0,8,13:00,300,56.667,25.0,False
META,put,Tue-0DTE,mid,30.0,9,13:30,300,46.333,20.0,False
META,put,Tue-0DTE,mid,30.0,10,14:00,300,40.333,25.0,False
META,put,Tue-0DTE,mid,30.0,11,14:30,300,31.333,15.0,False
META,put,Tue-0DTE,mid,30.0,12,15:30,50,24.0,20.0,False
META,put,Tue-0DTE,mid,30.0,13,15:00,300,18.333,35.0,False
META,put,Tue-0DTE,mid,50.0,1,10:30,300,74.0,25.0,False
META,put,Tue-0DTE,mid,50.0,2,10:00,300,70.333,25.0,False
META,put,Tue-0DTE,mid,50.0,3,12:00,300,70.0,30.0,False
META,put,Tue-0DTE,mid,50.0,4,11:00,300,69.0,50.0,False
META,put,Tue-0DTE,mid,50.0,5,09:30,250,67.6,25.0,False
META,put,Tue-0DTE,mid,50.0,6,11:30,300,64.0,35.0,False
META,put,Tue-0DTE,mid,50.0,7,12:30,300,60.667,30.0,False
META,put,Tue-0DTE,mid,50.0,8,13:00,300,48.333,40.0,False
META,put,Tue-0DTE,mid,50.0,9,13:30,300,42.333,30.0,False
META,put,Tue-0DTE,mid,50.0,10,14:00,300,34.667,35.0,False
META,put,Tue-0DTE,mid,50.0,11,14:30,300,23.333,20.0,False
META,put,Tue-0DTE,mid,50.0,12,15:30,50,16.0,22.5,False
META,put,Tue-0DTE,mid,50.0,13,15:00,300,11.0,35.0,False
META,put,Tue-0DTE,mid,75.0,1,10:30,300,66.0,45.0,False
META,put,Tue-0DTE,mid,75.0,2,09:30,250,63.6,40.0,False
META,put,Tue-0DTE,mid,75.0,3,11:00,300,63.0,70.0,False
META,put,Tue-0DTE,mid,75.0,4,10:00,300,62.667,30.0,False
META,put,Tue-0DTE,mid,75.0,5,12:00,300,59.333,35.0,False
META,put,Tue-0DTE,mid,75.0,6,11:30,300,58.333,45.0,False
META,put,Tue-0DTE,mid,75.0,7,12:30,300,51.333,40.0,False
META,put,Tue-0DTE,mid,75.0,8,13:00,300,40.667,52.5,False
META,put,Tue-0DTE,mid,75.0,9,13:30,300,36.667,35.0,False
META,put,Tue-0DTE,mid,75.0,10,14:00,300,27.0,35.0,False
META,put,Tue-0DTE,mid,75.0,11,14:30,300,18.333,20.0,False
META,put,Tue-0DTE,mid,75.0,12,15:30,50,12.0,22.5,False
META,put,Tue-0DTE,mid,75.0,13,15:00,300,7.0,35.0,False
META,put,Tue-0DTE,mid,100.0,1,09:30,250,59.6,50.0,False
META,put,Tue-0DTE,mid,100.0,2,10:30,300,58.333,65.0,False
META,put,Tue-0DTE,mid,100.0,3,11:00,300,55.333,77.5,False
META,put,Tue-0DTE,mid,100.0,4,10:00,300,55.0,35.0,False
META,put,Tue-0DTE,mid,100.0,5,11:30,300,52.0,45.0,False
META,put,Tue-0DTE,mid,100.0,6,12:00,300,51.0,35.0,False
META,put,Tue-0DTE,mid,100.0,7,12:30,300,43.667,40.0,False
META,put,Tue-0DTE,mid,100.0,8,13:00,300,35.0,55.0,False
META,put,Tue-0DTE,mid,100.0,9,13:30,300,31.0,45.0,False
META,put,Tue-0DTE,mid,100.0,10,14:00,300,22.667,40.0,False
META,put,Tue-0DTE,mid,100.0,11,14:30,300,15.667,20.0,False
META,put,Tue-0DTE,mid,100.0,12,15:30,50,10.0,20.0,False
META,put,Tue-0DTE,mid,100.0,13,15:00,300,5.667,25.0,False
META,put,Tue-0DTE,market,30.0,1,10:30,300,78.667,15.0,False
META,put,Tue-0DTE,market,30.0,2,12:00,300,76.0,20.0,False
META,put,Tue-0DTE,market,30.0,3,10:00,300,74.667,20.0,False
META,put,Tue-0DTE,market,30.0,4,09:30,250,70.8,20.0,False
META,put,Tue-0DTE,market,30.0,5,11:00,300,70.667,35.0,False
META,put,Tue-0DTE,market,30.0,6,11:30,300,67.667,25.0,False
META,put,Tue-0DTE,market,30.0,7,12:30,300,65.667,25.0,False
META,put,Tue-0DTE,market,30.0,8,13:00,300,53.667,30.0,False
META,put,Tue-0DTE,market,30.0,9,13:30,300,45.0,25.0,False
META,put,Tue-0DTE,market,30.0,10,14:00,300,38.333,25.0,False
META,put,Tue-0DTE,market,30.0,11,14:30,300,28.0,15.0,False
META,put,Tue-0DTE,market,30.0,12,15:30,50,20.0,22.5,False
META,put,Tue-0DTE,market,30.0,13,15:00,300,15.667,35.0,False
META,put,Tue-0DTE,market,50.0,1,10:30,300,71.667,30.0,False
META,put,Tue-0DTE,market,50.0,2,10:00,300,67.667,25.0,False
META,put,Tue-0DTE,market,50.0,3,12:00,300,67.333,30.0,False
META,put,Tue-0DTE,market,50.0,4,11:00,300,67.0,55.0,False
META,put,Tue-0DTE,market,50.0,5,09:30,250,66.4,30.0,False
META,put,Tue-0DTE,market,50.0,6,11:30,300,63.0,35.0,False
META,put,Tue-0DTE,market,50.0,7,12:30,300,59.667,35.0,False
META,put,Tue-0DTE,market,50.0,8,13:00,300,46.667,47.5,False
META,put,Tue-0DTE,market,50.0,9,13:30,300,39.667,30.0,False
META,put,Tue-0DTE,market,50.0,10,14:00,300,32.0,35.0,False
META,put,Tue-0DTE,market,50.0,11,14:30,300,22.333,20.0,False
META,put,Tue-0DTE,market,50.0,12,15:30,50,14.0,20.0,False
META,put,Tue-0DTE,market,50.0,13,15:00,300,8.333,35.0,False
META,put,Tue-0DTE,market,75.0,1,10:30,300,63.333,52.5,False
META,put,Tue-0DTE,market,75.0,2,10:00,300,61.667,35.0,False
META,put,Tue-0DTE,market,75.0,3,11:00,300,61.667,70.0,False
META,put,Tue-0DTE,market,75.0,4,09:30,250,61.6,45.0,False
META,put,Tue-0DTE,market,75.0,5,12:00,300,57.0,35.0,False
META,put,Tue-0DTE,market,75.0,6,11:30,300,56.0,45.0,False
META,put,Tue-0DTE,market,75.0,7,12:30,300,47.667,40.0,False
META,put,Tue-0DTE,market,75.0,8,13:00,300,39.333,55.0,False
META,put,Tue-0DTE,market,75.0,9,13:30,300,34.667,40.0,False
META,put,Tue-0DTE,market,75.0,10,14:00,300,25.333,37.5,False
META,put,Tue-0DTE,market,75.0,11,14:30,300,17.667,20.0,False
META,put,Tue-0DTE,market,75.0,12,15:30,50,12.0,22.5,False
META,put,Tue-0DTE,market,75.0,13,15:00,300,6.0,30.0,False
META,put,Tue-0DTE,market,100.0,1,09:30,250,58.4,55.0,False
META,put,Tue-0DTE,market,100.0,2,10:30,300,56.0,72.5,False
META,put,Tue-0DTE,market,100.0,3,10:00,300,54.0,40.0,False
META,put,Tue-0DTE,market,100.0,4,11:00,300,53.667,80.0,False
META,put,Tue-0DTE,market,100.0,5,11:30,300,50.667,45.0,False
META,put,Tue-0DTE,market,100.0,6,12:00,300,49.0,40.0,False
META,put,Tue-0DTE,market,100.0,7,12:30,300,41.667,40.0,False
META,put,Tue-0DTE,market,100.0,8,13:00,300,33.333,60.0,False
META,put,Tue-0DTE,market,100.0,9,13:30,300,29.667,50.0,False
META,put,Tue-0DTE,market,100.0,10,14:00,300,20.667,35.0,False
META,put,Tue-0DTE,market,100.0,11,14:30,300,14.667,20.0,False
META,put,Tue-0DTE,market,100.0,12,15:30,50,8.0,22.5,False
META,put,Tue-0DTE,market,100.0,13,15:00,300,5.667,25.0,False
META,call,Wed-0DTE,mid,30.0,1,09:30,250,91.2,20.0,False
META,call,Wed-0DTE,mid,30.0,2,10:00,300,89.333,25.0,False
META,call,Wed-0DTE,mid,30.0,3,11:30,300,87.333,25.0,False
META,call,Wed-0DTE,mid,30.0,4,12:00,300,77.333,15.0,False
META,call,Wed-0DTE,mid,30.0,5,11:00,300,75.0,20.0,False
META,call,Wed-0DTE,mid,30.0,6,10:30,300,74.667,15.0,False
META,call,Wed-0DTE,mid,30.0,7,12:30,300,70.667,12.5,False
META,call,Wed-0DTE,mid,30.0,8,13:30,300,67.333,37.5,False
META,call,Wed-0DTE,mid,30.0,9,14:00,300,63.333,20.0,False
META,call,Wed-0DTE,mid,30.0,10,14:30,300,61.0,15.0,False
META,call,Wed-0DTE,mid,30.0,11,13:00,300,57.333,15.0,False
META,call,Wed-0DTE,mid,30.0,12,15:00,300,45.0,10.0,False
META,call,Wed-0DTE,mid,30.0,13,15:30,50,32.0,12.5,False
META,call,Wed-0DTE,mid,50.0,1,09:30,250,86.4,25.0,False
META,call,Wed-0DTE,mid,50.0,2,10:00,300,80.333,40.0,False
META,call,Wed-0DTE,mid,50.0,3,11:30,300,78.333,35.0,False
META,call,Wed-0DTE,mid,50.0,4,12:00,300,69.333,20.0,False
META,call,Wed-0DTE,mid,50.0,5,11:00,300,66.667,25.0,False
META,call,Wed-0DTE,mid,50.0,6,10:30,300,65.0,20.0,False
META,call,Wed-0DTE,mid,50.0,7,12:30,300,60.333,15.0,False
META,call,Wed-0DTE,mid,50.0,8,13:30,300,58.667,45.0,False
META,call,Wed-0DTE,mid,50.0,9,14:00,300,56.0,20.0,False
META,call,Wed-0DTE,mid,50.0,10,14:30,300,52.333,15.0,False
META,call,Wed-0DTE,mid,50.0,11,13:00,300,45.667,15.0,False
META,call,Wed-0DTE,mid,50.0,12,15:00,300,34.333,10.0,False
META,call,Wed-0DTE,mid,50.0,13,15:30,50,24.0,12.5,False
META,call,Wed-0DTE,mid,75.0,1,09:30,250,84.0,40.0,False
META,call,Wed-0DTE,mid,75.0,2,10:00,300,72.0,55.0,False
META,call,Wed-0DTE,mid,75.0,3,11:30,300,69.0,45.0,False
META,call,Wed-0DTE,mid,75.0,4,12:00,300,60.333,25.0,False
META,call,Wed-0DTE,mid,75.0,5,10:30,300,59.333,25.0,False
META,call,Wed-0DTE,mid,75.0,6,11:00,300,58.667,30.0,False
META,call,Wed-0DTE,mid,75.0,7,12:30,300,51.0,20.0,False
META,call,Wed-0DTE,mid,75.0,8,13:30,300,50.0,50.0,False
META,call,Wed-0DTE,mid,75.0,9,14:00,300,49.667,25.0,False
META,call,Wed-0DTE,mid,75.0,10,14:30,300,47.0,20.0,False
META,call,Wed-0DTE,mid,75.0,11,13:00,300,37.0,15.0,False
META,call,Wed-0DTE,mid,75.0,12,15:00,300,27.667,10.0,False
META,call,Wed-0DTE,mid,75.0,13,15:30,50,18.0,5.0,False
META,call,Wed-0DTE,mid,100.0,1,09:30,250,79.2,50.0,False
META,call,Wed-0DTE,mid,100.0,2,10:00,300,65.333,75.0,False
META,call,Wed-0DTE,mid,100.0,3,11:30,300,61.667,55.0,False
META,call,Wed-0DTE,mid,100.0,4,10:30,300,56.333,35.0,False
META,call,Wed-0DTE,mid,100.0,5,11:00,300,53.0,30.0,False
META,call,Wed-0DTE,mid,100.0,6,12:00,300,52.667,27.5,False
META,call,Wed-0DTE,mid,100.0,7,14:00,300,46.0,30.0,False
META,call,Wed-0DTE,mid,100.0,8,12:30,300,44.667,20.0,False
META,call,Wed-0DTE,mid,100.0,9,13:30,300,44.0,55.0,False
META,call,Wed-0DTE,mid,100.0,10,14:30,300,40.667,20.0,False
META,call,Wed-0DTE,mid,100.0,11,13:00,300,33.667,20.0,False
META,call,Wed-0DTE,mid,100.0,12,15:00,300,24.0,15.0,False
META,call,Wed-0DTE,mid,100.0,13,15:30,50,16.0,17.5,False
META,call,Wed-0DTE,market,30.0,1,09:30,250,89.6,20.0,False
META,call,Wed-0DTE,market,30.0,2,10:00,300,86.667,30.0,False
META,call,Wed-0DTE,market,30.0,3,11:30,300,85.0,25.0,False
META,call,Wed-0DTE,market,30.0,4,12:00,300,76.333,20.0,False
META,call,Wed-0DTE,market,30.0,5,11:00,300,72.0,20.0,False
META,call,Wed-0DTE,market,30.0,6,10:30,300,71.333,20.0,False
META,call,Wed-0DTE,market,30.0,7,12:30,300,67.333,15.0,False
META,call,Wed-0DTE,market,30.0,8,13:30,300,64.667,40.0,False
META,call,Wed-0DTE,market,30.0,9,14:00,300,62.0,20.0,False
META,call,Wed-0DTE,market,30.0,10,14:30,300,60.0,15.0,False
META,call,Wed-0DTE,market,30.0,11,13:00,300,54.0,15.0,False
META,call,Wed-0DTE,market,30.0,12,15:00,300,41.333,10.0,False
META,call,Wed-0DTE,market,30.0,13,15:30,50,32.0,12.5,False
META,call,Wed-0DTE,market,50.0,1,09:30,250,86.0,30.0,False
META,call,Wed-0DTE,market,50.0,2,10:00,300,78.333,45.0,False
META,call,Wed-0DTE,market,50.0,3,11:30,300,77.0,35.0,False
META,call,Wed-0DTE,market,50.0,4,12:00,300,66.333,20.0,False
META,call,Wed-0DTE,market,50.0,5,11:00,300,64.0,25.0,False
META,call,Wed-0DTE,market,50.0,6,10:30,300,63.667,25.0,False
META,call,Wed-0DTE,market,50.0,7,12:30,300,59.0,15.0,False
META,call,Wed-0DTE,market,50.0,8,13:30,300,56.333,45.0,False
META,call,Wed-0DTE,market,50.0,9,14:00,300,54.0,22.5,False
META,call,Wed-0DTE,market,50.0,10,14:30,300,51.0,15.0,False
META,call,Wed-0DTE,market,50.0,11,13:00,300,43.0,15.0,False
META,call,Wed-0DTE,market,50.0,12,15:00,300,32.333,10.0,False
META,call,Wed-0DTE,market,50.0,13,15:30,50,24.0,12.5,False
META,call,Wed-0DTE,market,75.0,1,09:30,250,82.8,40.0,False
META,call,Wed-0DTE,market,75.0,2,10:00,300,69.333,60.0,False
META,call,Wed-0DTE,market,75.0,3,11:30,300,66.667,45.0,False
META,call,Wed-0DTE,market,75.0,4,12:00,300,57.667,25.0,False
META,call,Wed-0DTE,market,75.0,5,10:30,300,57.667,30.0,False
META,call,Wed-0DTE,market,75.0,6,11:00,300,56.667,30.0,False
META,call,Wed-0DTE,market,75.0,7,12:30,300,49.667,20.0,False
META,call,Wed-0DTE,market,75.0,8,14:00,300,48.667,25.0,False
META,call,Wed-0DTE,market,75.0,9,13:30,300,48.0,50.0,False
META,call,Wed-0DTE,market,75.0,10,14:30,300,43.333,20.0,False
META,call,Wed-0DTE,market,75.0,11,13:00,300,35.667,15.0,False
META,call,Wed-0DTE,market,75.0,12,15:00,300,26.333,10.0,False
META,call,Wed-0DTE,market,75.0,13,15:30,50,18.0,15.0,False
META,call,Wed-0DTE,market,100.0,1,09:30,250,77.2,60.0,False
META,call,Wed-0DTE,market,100.0,2,10:00,300,63.333,75.0,False
META,call,Wed-0DTE,market,100.0,3,11:30,300,58.667,55.0,False
META,call,Wed-0DTE,market,100.0,4,10:30,300,54.333,35.0,False
META,call,Wed-0DTE,market,100.0,5,11:00,300,51.667,30.0,False
META,call,Wed-0DTE,market,100.0,6,12:00,300,51.667,30.0,False
META,call,Wed-0DTE,market,100.0,7,14:00,300,44.333,35.0,False
META,call,Wed-0DTE,market,100.0,8,12:30,300,43.0,20.0,False
META,call,Wed-0DTE,market,100.0,9,13:30,300,42.667,55.0,False
META,call,Wed-0DTE,market,100.0,10,14:30,300,39.333,20.0,False
META,call,Wed-0DTE,market,100.0,11,13:00,300,32.667,20.0,False
META,call,Wed-0DTE,market,100.0,12,15:00,300,22.667,15.0,False
META,call,Wed-0DTE,market,100.0,13,15:30,50,16.0,17.5,False
META,put,Wed-0DTE,mid,30.0,1,13:00,300,85.0,25.0,False
META,put,Wed-0DTE,mid,30.0,2,10:00,300,84.333,25.0,False
META,put,Wed-0DTE,mid,30.0,3,13:30,300,83.0,15.0,False
META,put,Wed-0DTE,mid,30.0,4,11:30,300,81.0,20.0,False
META,put,Wed-0DTE,mid,30.0,5,09:30,250,80.4,20.0,False
META,put,Wed-0DTE,mid,30.0,6,12:00,300,79.667,25.0,False
META,put,Wed-0DTE,mid,30.0,7,12:30,300,77.667,30.0,False
META,put,Wed-0DTE,mid,30.0,8,11:00,300,71.667,20.0,False
META,put,Wed-0DTE,mid,30.0,9,10:30,300,71.0,35.0,False
META,put,Wed-0DTE,mid,30.0,10,14:00,300,64.333,15.0,False
META,put,Wed-0DTE,mid,30.0,11,14:30,300,53.333,15.0,False
META,put,Wed-0DTE,mid,30.0,12,15:00,300,52.667,15.0,False
META,put,Wed-0DTE,mid,30.0,13,15:30,50,46.0,10.0,False
META,put,Wed-0DTE,mid,50.0,1,13:00,300,79.333,27.5,False
META,put,Wed-0DTE,mid,50.0,2,10:00,300,77.333,32.5,False
META,put,Wed-0DTE,mid,50.0,3,09:30,250,74.8,35.0,False
META,put,Wed-0DTE,mid,50.0,4,13:30,300,74.0,20.0,False
META,put,Wed-0DTE,mid,50.0,5,12:30,300,74.0,40.0,False
META,put,Wed-0DTE,mid,50.0,6,12:00,300,72.333,35.0,False
META,put,Wed-0DTE,mid,50.0,7,11:30,300,72.0,30.0,False
META,put,Wed-0DTE,mid,50.0,8,10:30,300,64.333,50.0,False
META,put,Wed-0DTE,mid,50.0,9,11:00,300,62.333,25.0,False
META,put,Wed-0DTE,mid,50.0,10,14:00,300,58.667,20.0,False
META,put,Wed-0DTE,mid,50.0,11,14:30,300,48.0,20.0,False
META,put,Wed-0DTE,mid,50.0,12,15:00,300,46.333,15.0,False
META,put,Wed-0DTE,mid,50.0,13,15:30,50,38.0,15.0,False
META,put,Wed-0DTE,mid,75.0,1,13:00,300,74.333,30.0,False
META,put,Wed-0DTE,mid,75.0,2,10:00,300,71.0,65.0,False
META,put,Wed-0DTE,mid,75.0,3,12:30,300,69.333,45.0,False
META,put,Wed-0DTE,mid,75.0,4,09:30,250,68.4,45.0,False
META,put,Wed-0DTE,mid,75.0,5,13:30,300,68.0,25.0,False
META,put,Wed-0DTE,mid,75.0,6,12:00,300,64.667,55.0,False
META,put,Wed-0DTE,mid,75.0,7,11:30,300,64.333,50.0,False
META,put,Wed-0DTE,mid,75.0,8,10:30,300,59.667,55.0,False
META,put,Wed-0DTE,mid,75.0,9,11:00,300,58.0,35.0,False
META,put,Wed-0DTE,mid,75.0,10,14:00,300,53.667,20.0,False
META,put,Wed-0DTE,mid,75.0,11,15:00,300,40.667,20.0,False
META,put,Wed-0DTE,mid,75.0,12,14:30,300,40.667,25.0,False
META,put,Wed-0DTE,mid,75.0,13,15:30,50,34.0,15.0,False
META,put,Wed-0DTE,mid,100.0,1,13:00,300,69.333,35.0,False
META,put,Wed-0DTE,mid,100.0,2,12:30,300,66.333,55.0,False
META,put,Wed-0DTE,mid,100.0,3,10:00,300,65.667,85.0,False
META,put,Wed-0DTE,mid,100.0,4,09:30,250,64.4,55.0,False
META,put,Wed-0DTE,mid,100.0,5,13:30,300,62.333,30.0,False
META,put,Wed-0DTE,mid,100.0,6,11:30,300,58.0,82.5,False
META,put,Wed-0DTE,mid,100.0,7,10:30,300,57.667,60.0,False
META,put,Wed-0DTE,mid,100.0,8,12:00,300,57.667,60.0,False
META,put,Wed-0DTE,mid,100.0,9,11:00,300,56.667,45.0,False
META,put,Wed-0DTE,mid,100.0,10,14:00,300,51.667,25.0,False
META,put,Wed-0DTE,mid,100.0,11,14:30,300,37.0,30.0,False
META,put,Wed-0DTE,mid,100.0,12,15:00,300,36.0,20.0,False
META,put,Wed-0DTE,mid,100.0,13,15:30,50,30.0,15.0,False
META,put,Wed-0DTE,market,30.0,1,13:00,300,83.0,25.0,False
META,put,Wed-0DTE,market,30.0,2,10:00,300,82.333,25.0,False
META,put,Wed-0DTE,market,30.0,3,13:30,300,80.0,20.0,False
META,put,Wed-0DTE,market,30.0,4,11:30,300,79.667,25.0,False
META,put,Wed-0DTE,market,30.0,5,09:30,250,78.0,20.0,False
META,put,Wed-0DTE,market,30.0,6,12:00,300,78.0,30.0,False
META,put,Wed-0DTE,market,30.0,7,12:30,300,77.333,30.0,False
META,put,Wed-0DTE,market,30.0,8,10:30,300,69.667,40.0,False
META,put,Wed-0DTE,market,30.0,9,11:00,300,69.333,25.0,False
META,put,Wed-0DTE,market,30.0,10,14:00,300,61.333,15.0,False
META,put,Wed-0DTE,market,30.0,11,14:30,300,51.667,15.0,False
META,put,Wed-0DTE,market,30.0,12,15:00,300,50.333,15.0,False
META,put,Wed-0DTE,market,30.0,13,15:30,50,42.0,10.0,False
META,put,Wed-0DTE,market,50.0,1,13:00,300,78.0,30.0,False
META,put,Wed-0DTE,market,50.0,2,10:00,300,75.333,35.0,False
META,put,Wed-0DTE,market,50.0,3,09:30,250,73.6,40.0,False
META,put,Wed-0DTE,market,50.0,4,12:30,300,73.333,45.0,False
META,put,Wed-0DTE,market,50.0,5,13:30,300,72.333,25.0,False
META,put,Wed-0DTE,market,50.0,6,11:30,300,70.0,35.0,False
META,put,Wed-0DTE,market,50.0,7,12:00,300,70.0,40.0,False
META,put,Wed-0DTE,market,50.0,8,10:30,300,63.0,50.0,False
META,put,Wed-0DTE,market,50.0,9,11:00,300,59.667,25.0,False
META,put,Wed-0DTE,market,50.0,10,14:00,300,58.0,20.0,False
META,put,Wed-0DTE,market,50.0,11,14:30,300,45.667,25.0,False
META,put,Wed-0DTE,market,50.0,12,15:00,300,45.0,15.0,False
META,put,Wed-0DTE,market,50.0,13,15:30,50,34.0,5.0,False
META,put,Wed-0DTE,market,75.0,1,13:00,300,72.667,35.0,False
META,put,Wed-0DTE,market,75.0,2,12:30,300,68.667,47.5,False
META,put,Wed-0DTE,market,75.0,3,10:00,300,68.333,65.0,False
META,put,Wed-0DTE,market,75.0,4,09:30,250,67.6,50.0,False
META,put,Wed-0DTE,market,75.0,5,13:30,300,66.667,30.0,False
META,put,Wed-0DTE,market,75.0,6,11:30,300,62.667,55.0,False
META,put,Wed-0DTE,market,75.0,7,12:00,300,62.667,57.5,False
META,put,Wed-0DTE,market,75.0,8,10:30,300,59.667,55.0,False
META,put,Wed-0DTE,market,75.0,9,11:00,300,57.667,35.0,False
META,put,Wed-0DTE,market,75.0,10,14:00,300,53.333,20.0,False
META,put,Wed-0DTE,market,75.0,11,15:00,300,39.333,20.0,False
META,put,Wed-0DTE,market,75.0,12,14:30,300,39.0,25.0,False
META,put,Wed-0DTE,market,75.0,13,15:30,50,34.0,15.0,False
META,put,Wed-0DTE,market,100.0,1,13:00,300,69.0,35.0,False
META,put,Wed-0DTE,market,100.0,2,12:30,300,66.0,62.5,False
META,put,Wed-0DTE,market,100.0,3,10:00,300,65.0,95.0,False
META,put,Wed-0DTE,market,100.0,4,13:30,300,61.333,35.0,False
META,put,Wed-0DTE,market,100.0,5,09:30,250,61.2,60.0,False
META,put,Wed-0DTE,market,100.0,6,11:30,300,57.333,85.0,False
META,put,Wed-0DTE,market,100.0,7,11:00,300,56.0,50.0,False
META,put,Wed-0DTE,market,100.0,8,12:00,300,56.0,60.0,False
META,put,Wed-0DTE,market,100.0,9,10:30,300,56.0,65.0,False
META,put,Wed-0DTE,market,100.0,10,14:00,300,50.333,25.0,False
META,put,Wed-0DTE,market,100.0,11,14:30,300,35.333,30.0,False
META,put,Wed-0DTE,market,100.0,12,15:00,300,34.667,20.0,False
META,put,Wed-0DTE,market,100.0,13,15:30,50,30.0,15.0,False
META,call,Thu-0DTE,mid,30.0,1,09:30,250,85.6,15.0,False
META,call,Thu-0DTE,mid,30.0,2,10:00,300,76.333,20.0,False
META,call,Thu-0DTE,mid,30.0,3,10:30,300,62.667,17.5,False
META,call,Thu-0DTE,mid,30.0,4,13:30,300,58.0,35.0,False
META,call,Thu-0DTE,mid,30.0,5,14:00,300,55.0,20.0,False
META,call,Thu-0DTE,mid,30.0,6,11:30,300,51.333,20.0,False
META,call,Thu-0DTE,mid,30.0,7,11:00,300,49.333,15.0,False
META,call,Thu-0DTE,mid,30.0,8,12:00,300,46.667,20.0,False
META,call,Thu-0DTE,mid,30.0,9,13:00,300,46.0,35.0,False
META,call,Thu-0DTE,mid,30.0,10,12:30,300,45.0,25.0,False
META,call,Thu-0DTE,mid,30.0,11,14:30,300,44.667,15.0,False
META,call,Thu-0DTE,mid,30.0,12,15:00,300,41.0,20.0,False
META,call,Thu-0DTE,mid,30.0,13,15:30,50,32.0,12.5,False
META,call,Thu-0DTE,mid,50.0,1,09:30,250,78.8,25.0,False
META,call,Thu-0DTE,mid,50.0,2,10:00,300,73.0,35.0,False
META,call,Thu-0DTE,mid,50.0,3,10:30,300,52.667,25.0,False
META,call,Thu-0DTE,mid,50.0,4,13:30,300,51.667,40.0,False
META,call,Thu-0DTE,mid,50.0,5,14:00,300,46.0,20.0,False
META,call,Thu-0DTE,mid,50.0,6,11:30,300,43.667,30.0,False
META,call,Thu-0DTE,mid,50.0,7,11:00,300,42.667,35.0,False
META,call,Thu-0DTE,mid,50.0,8,12:30,300,39.333,35.0,False
META,call,Thu-0DTE,mid,50.0,9,13:00,300,39.333,67.5,False
META,call,Thu-0DTE,mid,50.0,10,12:00,300,37.333,32.5,False
META,call,Thu-0DTE,mid,50.0,11,14:30,300,36.667,20.0,False
META,call,Thu-0DTE,mid,50.0,12,15:00,300,34.333,20.0,False
META,call,Thu-0DTE,mid,50.0,13,15:30,50,28.0,17.5,False
META,call,Thu-0DTE,mid,75.0,1,09:30,250,69.6,35.0,False
META,call,Thu-0DTE,mid,75.0,2,10:00,300,67.333,45.0,False
META,call,Thu-0DTE,mid,75.0,3,13:30,300,44.667,45.0,False
META,call,Thu-0DTE,mid,75.0,4,10:30,300,44.333,30.0,False
META,call,Thu-0DTE,mid,75.0,5,14:00,300,39.667,20.0,False
META,call,Thu-0DTE,mid,75.0,6,11:00,300,36.333,45.0,False
META,call,Thu-0DTE,mid,75.0,7,11:30,300,36.0,47.5,False
META,call,Thu-0DTE,mid,75.0,8,14:30,300,32.0,20.0,False
META,call,Thu-0DTE,mid,75.0,9,12:30,300,31.0,40.0,False
META,call,Thu-0DTE,mid,75.0,10,12:00,300,30.333,45.0,False
META,call,Thu-0DTE,mid,75.0,11,13:00,300,29.0,65.0,False
META,call,Thu-0DTE,mid,75.0,12,15:00,300,28.333,25.0,False
META,call,Thu-0DTE,mid,75.0,13,15:30,50,24.0,15.0,False
META,call,Thu-0DTE,mid,100.0,1,09:30,250,61.2,50.0,False
META,call,Thu-0DTE,mid,100.0,2,10:00,300,61.0,50.0,False
META,call,Thu-0DTE,mid,100.0,3,13:30,300,39.333,45.0,False
META,call,Thu-0DTE,mid,100.0,4,10:30,300,38.667,40.0,False
META,call,Thu-0DTE,mid,100.0,5,14:00,300,36.0,25.0,False
META,call,Thu-0DTE,mid,100.0,6,11:00,300,30.0,50.0,False
META,call,Thu-0DTE,mid,100.0,7,14:30,300,29.667,25.0,False
META,call,Thu-0DTE,mid,100.0,8,11:30,300,29.333,52.5,False
META,call,Thu-0DTE,mid,100.0,9,15:00,300,25.0,25.0,False
META,call,Thu-0DTE,mid,100.0,10,12:30,300,25.0,40.0,False
META,call,Thu-0DTE,mid,100.0,11,13:00,300,24.667,62.5,False
META,call,Thu-0DTE,mid,100.0,12,12:00,300,24.0,62.5,False
META,call,Thu-0DTE,mid,100.0,13,15:30,50,18.0,15.0,False
META,call,Thu-0DTE,market,30.0,1,09:30,250,83.6,15.0,False
META,call,Thu-0DTE,market,30.0,2,10:00,300,76.0,25.0,False
META,call,Thu-0DTE,market,30.0,3,10:30,300,59.333,20.0,False
META,call,Thu-0DTE,market,30.0,4,13:30,300,56.667,35.0,False
META,call,Thu-0DTE,market,30.0,5,14:00,300,52.333,20.0,False
META,call,Thu-0DTE,market,30.0,6,11:30,300,49.333,20.0,False
META,call,Thu-0DTE,market,30.0,7,11:00,300,47.333,22.5,False
META,call,Thu-0DTE,market,30.0,8,12:00,300,44.333,25.0,False
META,call,Thu-0DTE,market,30.0,9,13:00,300,44.333,50.0,False
META,call,Thu-0DTE,market,30.0,10,12:30,300,43.667,30.0,False
META,call,Thu-0DTE,market,30.0,11,14:30,300,43.0,20.0,False
META,call,Thu-0DTE,market,30.0,12,15:00,300,38.667,20.0,False
META,call,Thu-0DTE,market,30.0,13,15:30,50,32.0,12.5,False
META,call,Thu-0DTE,market,50.0,1,09:30,250,76.8,25.0,False
META,call,Thu-0DTE,market,50.0,2,10:00,300,71.667,35.0,False
META,call,Thu-0DTE,market,50.0,3,10:30,300,50.667,25.0,False
META,call,Thu-0DTE,market,50.0,4,13:30,300,49.667,45.0,False
META,call,Thu-0DTE,market,50.0,5,14:00,300,44.333,20.0,False
META,call,Thu-0DTE,market,50.0,6,11:00,300,42.0,35.0,False
META,call,Thu-0DTE,market,50.0,7,11:30,300,41.667,35.0,False
META,call,Thu-0DTE,market,50.0,8,12:30,300,37.0,40.0,False
META,call,Thu-0DTE,market,50.0,9,13:00,300,36.333,70.0,False
META,call,Thu-0DTE,market,50.0,10,14:30,300,35.667,20.0,False
META,call,Thu-0DTE,market,50.0,11,12:00,300,35.667,35.0,False
META,call,Thu-0DTE,market,50.0,12,15:00,300,32.667,20.0,False
META,call,Thu-0DTE,market,50.0,13,15:30,50,28.0,17.5,False
META,call,Thu-0DTE,market,75.0,1,09:30,250,67.2,35.0,False
META,call,Thu-0DTE,market,75.0,2,10:00,300,65.333,45.0,False
META,call,Thu-0DTE,market,75.0,3,10:30,300,42.667,35.0,False
META,call,Thu-0DTE,market,75.0,4,13:30,300,41.667,45.0,False
META,call,Thu-0DTE,market,75.0,5,14:00,300,38.667,20.0,False
META,call,Thu-0DTE,market,75.0,6,11:00,300,35.667,50.0,False
META,call,Thu-0DTE,market,75.0,7,11:30,300,33.333,45.0,False
META,call,Thu-0DTE,market,75.0,8,14:30,300,30.667,25.0,False
META,call,Thu-0DTE,market,75.0,9,12:00,300,29.0,50.0,False
META,call,Thu-0DTE,market,75.0,10,12:30,300,28.667,40.0,False
META,call,Thu-0DTE,market,75.0,11,15:00,300,28.0,25.0,False
META,call,Thu-0DTE,market,75.0,12,13:00,300,28.0,65.0,False
META,call,Thu-0DTE,market,75.0,13,15:30,50,24.0,15.0,False
META,call,Thu-0DTE,market,100.0,1,10:00,300,59.333,50.0,False
META,call,Thu-0DTE,market,100.0,2,09:30,250,59.2,50.0,False
META,call,Thu-0DTE,market,100.0,3,13:30,300,38.333,45.0,False
META,call,Thu-0DTE,market,100.0,4,10:30,300,37.0,45.0,False
META,call,Thu-0DTE,market,100.0,5,14:00,300,35.0,25.0,False
META,call,Thu-0DTE,market,100.0,6,14:30,300,28.667,25.0,False
META,call,Thu-0DTE,market,100.0,7,11:00,300,28.667,57.5,False
META,call,Thu-0DTE,market,100.0,8,11:30,300,26.667,50.0,False
META,call,Thu-0DTE,market,100.0,9,12:30,300,24.333,40.0,False
META,call,Thu-0DTE,market,100.0,10,15:00,300,24.0,22.5,False
META,call,Thu-0DTE,market,100.0,11,13:00,300,23.667,60.0,False
META,call,Thu-0DTE,market,100.0,12,12:00,300,22.667,62.5,False
META,call,Thu-0DTE,market,100.0,13,15:30,50,18.0,15.0,False
META,put,Thu-0DTE,mid,30.0,1,11:30,300,89.0,20.0,False
META,put,Thu-0DTE,mid,30.0,2,11:00,300,89.0,25.0,False
META,put,Thu-0DTE,mid,30.0,3,12:00,300,85.667,25.0,False
META,put,Thu-0DTE,mid,30.0,4,10:30,300,84.667,30.0,False
META,put,Thu-0DTE,mid,30.0,5,10:00,300,80.667,52.5,False
META,put,Thu-0DTE,mid,30.0,6,12:30,300,78.333,20.0,False
META,put,Thu-0DTE,mid,30.0,7,09:30,250,76.0,20.0,False
META,put,Thu-0DTE,mid,30.0,8,13:00,300,58.0,20.0,False
META,put,Thu-0DTE,mid,30.0,9,13:30,300,53.333,10.0,False
META,put,Thu-0DTE,mid,30.0,10,14:00,300,32.333,25.0,False
META,put,Thu-0DTE,mid,30.0,11,14:30,300,27.0,10.0,False
META,put,Thu-0DTE,mid,30.0,12,15:30,50,24.0,7.5,False
META,put,Thu-0DTE,mid,30.0,13,15:00,300,17.333,10.0,False
META,put,Thu-0DTE,mid,50.0,1,11:30,300,85.667,30.0,False
META,put,Thu-0DTE,mid,50.0,2,11:00,300,84.667,30.0,False
META,put,Thu-0DTE,mid,50.0,3,10:30,300,81.667,45.0,False
META,put,Thu-0DTE,mid,50.0,4,12:00,300,80.0,35.0,False
META,put,Thu-0DTE,mid,50.0,5,10:00,300,75.333,70.0,False
META,put,Thu-0DTE,mid,50.0,6,09:30,250,68.0,30.0,False
META,put,Thu-0DTE,mid,50.0,7,12:30,300,66.333,30.0,False
META,put,Thu-0DTE,mid,50.0,8,13:00,300,51.0,25.0,False
META,put,Thu-0DTE,mid,50.0,9,13:30,300,41.667,15.0,False
META,put,Thu-0DTE,mid,50.0,10,14:00,300,23.667,25.0,False
META,put,Thu-0DTE,mid,50.0,11,14:30,300,21.333,10.0,False
META,put,Thu-0DTE,mid,50.0,12,15:30,50,16.0,7.5,False
META,put,Thu-0DTE,mid,50.0,13,15:00,300,11.667,10.0,False
META,put,Thu-0DTE,mid,75.0,1,11:30,300,80.667,40.0,False
META,put,Thu-0DTE,mid,75.0,2,11:00,300,78.0,35.0,False
META,put,Thu-0DTE,mid,75.0,3,10:30,300,77.0,60.0,False
META,put,Thu-0DTE,mid,75.0,4,12:00,300,69.667,45.0,False
META,put,Thu-0DTE,mid,75.0,5,10:00,300,68.333,90.0,False
META,put,Thu-0DTE,mid,75.0,6,09:30,250,62.8,60.0,False
META,put,Thu-0DTE,mid,75.0,7,12:30,300,55.667,40.0,False
META,put,Thu-0DTE,mid,75.0,8,13:00,300,47.667,25.0,False
META,put,Thu-0DTE,mid,75.0,9,13:30,300,34.0,15.0,False
META,put,Thu-0DTE,mid,75.0,10,14:00,300,19.333,30.0,False
META,put,Thu-0DTE,mid,75.0,11,14:30,300,18.0,10.0,False
META,put,Thu-0DTE,mid,75.0,12,15:30,50,14.0,5.0,False
META,put,Thu-0DTE,mid,75.0,13,15:00,300,8.333,10.0,False
META,put,Thu-0DTE,mid,100.0,1,11:00,300,73.667,45.0,False
META,put,Thu-0DTE,mid,100.0,2,11:30,300,73.333,45.0,False
META,put,Thu-0DTE,mid,100.0,3,10:30,300,72.0,75.0,False
META,put,Thu-0DTE,mid,100.0,4,10:00,300,64.667,115.0,False
META,put,Thu-0DTE,mid,100.0,5,12:00,300,61.333,50.0,False
META,put,Thu-0DTE,mid,100.0,6,09:30,250,59.2,92.5,False
META,put,Thu-0DTE,mid,100.0,7,12:30,300,49.0,45.0,False
META,put,Thu-0DTE,mid,100.0,8,13:00,300,43.667,25.0,False
META,put,Thu-0DTE,mid,100.0,9,13:30,300,29.0,15.0,False
META,put,Thu-0DTE,mid,100.0,10,14:00,300,18.0,35.0,False
META,put,Thu-0DTE,mid,100.0,11,14:30,300,16.667,15.0,False
META,put,Thu-0DTE,mid,100.0,12,15:30,50,8.0,10.0,False
META,put,Thu-0DTE,mid,100.0,13,15:00,300,7.0,10.0,False
META,put,Thu-0DTE,market,30.0,1,11:30,300,88.667,20.0,False
META,put,Thu-0DTE,market,30.0,2,11:00,300,88.667,25.0,False
META,put,Thu-0DTE,market,30.0,3,12:00,300,85.333,30.0,False
META,put,Thu-0DTE,market,30.0,4,10:30,300,84.333,35.0,False
META,put,Thu-0DTE,market,30.0,5,10:00,300,78.667,55.0,False
META,put,Thu-0DTE,market,30.0,6,12:30,300,75.667,25.0,False
META,put,Thu-0DTE,market,30.0,7,09:30,250,72.8,20.0,False
META,put,Thu-0DTE,market,30.0,8,13:00,300,56.667,22.5,False
META,put,Thu-0DTE,market,30.0,9,13:30,300,50.0,10.0,False
META,put,Thu-0DTE,market,30.0,10,14:00,300,29.333,25.0,False
META,put,Thu-0DTE,market,30.0,11,14:30,300,25.0,10.0,False
META,put,Thu-0DTE,market,30.0,12,15:30,50,24.0,12.5,False
META,put,Thu-0DTE,market,30.0,13,15:00,300,15.667,10.0,False
META,put,Thu-0DTE,market,50.0,1,11:30,300,84.333,30.0,False
META,put,Thu-0DTE,market,50.0,2,11:00,300,83.0,30.0,False
META,put,Thu-0DTE,market,50.0,3,10:30,300,80.333,50.0,False
META,put,Thu-0DTE,market,50.0,4,12:00,300,78.333,40.0,False
META,put,Thu-0DTE,market,50.0,5,10:00,300,74.0,80.0,False
META,put,Thu-0DTE,market,50.0,6,09:30,250,66.4,30.0,False
META,put,Thu-0DTE,market,50.0,7,12:30,300,64.0,37.5,False
META,put,Thu-0DTE,market,50.0,8,13:00,300,49.667,25.0,False
META,put,Thu-0DTE,market,50.0,9,13:30,300,38.333,15.0,False
META,put,Thu-0DTE,market,50.0,10,14:00,300,22.667,25.0,False
META,put,Thu-0DTE,market,50.0,11,14:30,300,20.333,10.0,False
META,put,Thu-0DTE,market,50.0,12,15:30,50,14.0,5.0,False
META,put,Thu-0DTE,market,50.0,13,15:00,300,11.0,10.0,False
META,put,Thu-0DTE,market,75.0,1,11:30,300,79.0,45.0,False
META,put,Thu-0DTE,market,75.0,2,11:00,300,76.667,40.0,False
META,put,Thu-0DTE,market,75.0,3,10:30,300,74.667,60.0,False
META,put,Thu-0DTE,market,75.0,4,10:00,300,68.0,102.5,False
META,put,Thu-0DTE,market,75.0,5,12:00,300,67.333,45.0,False
META,put,Thu-0DTE,market,75.0,6,09:30,250,61.2,65.0,False
META,put,Thu-0DTE,market,75.0,7,12:30,300,54.0,45.0,False
META,put,Thu-0DTE,market,75.0,8,13:00,300,45.667,25.0,False
META,put,Thu-0DTE,market,75.0,9,13:30,300,32.0,15.0,False
META,put,Thu-0DTE,market,75.0,10,14:00,300,19.333,30.0,False
META,put,Thu-0DTE,market,75.0,11,14:30,300,17.667,15.0,False
META,put,Thu-0DTE,market,75.0,12,15:30,50,14.0,5.0,False
META,put,Thu-0DTE,market,75.0,13,15:00,300,8.0,7.5,False
META,put,Thu-0DTE,market,100.0,1,11:00,300,71.667,45.0,False
META,put,Thu-0DTE,market,100.0,2,10:30,300,70.667,75.0,False
META,put,Thu-0DTE,market,100.0,3,11:30,300,70.333,50.0,False
META,put,Thu-0DTE,market,100.0,4,10:00,300,63.0,120.0,False
META,put,Thu-0DTE,market,100.0,5,12:00,300,58.667,50.0,False
META,put,Thu-0DTE,market,100.0,6,09:30,250,57.6,117.5,False
META,put,Thu-0DTE,market,100.0,7,12:30,300,48.333,45.0,False
META,put,Thu-0DTE,market,100.0,8,13:00,300,43.0,30.0,False
META,put,Thu-0DTE,market,100.0,9,13:30,300,28.333,15.0,False
META,put,Thu-0DTE,market,100.0,10,14:00,300,17.667,35.0,False
META,put,Thu-0DTE,market,100.0,11,14:30,300,16.333,15.0,False
META,put,Thu-0DTE,market,100.0,12,15:30,50,8.0,17.5,False
META,put,Thu-0DTE,market,100.0,13,15:00,300,7.0,10.0,False
META,call,Fri-0DTE,mid,30.0,1,12:00,300,88.0,40.0,False
META,call,Fri-0DTE,mid,30.0,2,11:30,300,87.333,60.0,False
META,call,Fri-0DTE,mid,30.0,3,10:00,300,86.667,20.0,False
META,call,Fri-0DTE,mid,30.0,4,09:30,250,86.4,30.0,False
META,call,Fri-0DTE,mid,30.0,5,13:00,300,85.667,30.0,False
META,call,Fri-0DTE,mid,30.0,6,12:30,300,85.0,20.0,False
META,call,Fri-0DTE,mid,30.0,7,11:00,300,81.667,20.0,False
META,call,Fri-0DTE,mid,30.0,8,10:30,300,78.667,15.0,False
META,call,Fri-0DTE,mid,30.0,9,13:30,300,78.667,15.0,False
META,call,Fri-0DTE,mid,30.0,10,14:00,300,62.333,25.0,False
META,call,Fri-0DTE,mid,30.0,11,15:00,300,49.667,20.0,False
META,call,Fri-0DTE,mid,30.0,12,14:30,300,48.333,40.0,False
META,call,Fri-0DTE,mid,30.0,13,15:30,50,34.0,10.0,False
META,call,Fri-0DTE,mid,50.0,1,10:00,300,84.0,30.0,False
META,call,Fri-0DTE,mid,50.0,2,12:00,300,83.667,65.0,False
META,call,Fri-0DTE,mid,50.0,3,09:30,250,83.6,65.0,False
META,call,Fri-0DTE,mid,50.0,4,12:30,300,82.0,35.0,False
META,call,Fri-0DTE,mid,50.0,5,11:30,300,81.333,80.0,False
META,call,Fri-0DTE,mid,50.0,6,13:00,300,80.667,35.0,False
META,call,Fri-0DTE,mid,50.0,7,11:00,300,77.333,30.0,False
META,call,Fri-0DTE,mid,50.0,8,10:30,300,76.333,25.0,False
META,call,Fri-0DTE,mid,50.0,9,13:30,300,71.667,20.0,False
META,call,Fri-0DTE,mid,50.0,10,14:00,300,47.0,30.0,False
META,call,Fri-0DTE,mid,50.0,11,14:30,300,34.333,40.0,False
META,call,Fri-0DTE,mid,50.0,12,15:00,300,32.0,25.0,False
META,call,Fri-0DTE,mid,50.0,13,15:30,50,24.0,15.0,False
META,call,Fri-0DTE,mid,75.0,1,09:30,250,80.4,85.0,False
META,call,Fri-0DTE,mid,75.0,2,12:00,300,80.333,75.0,False
META,call,Fri-0DTE,mid,75.0,3,10:00,300,79.667,40.0,False
META,call,Fri-0DTE,mid,75.0,4,12:30,300,79.0,45.0,False
META,call,Fri-0DTE,mid,75.0,5,11:30,300,74.333,105.0,False
META,call,Fri-0DTE,mid,75.0,6,10:30,300,74.0,35.0,False
META,call,Fri-0DTE,mid,75.0,7,11:00,300,72.333,45.0,False
META,call,Fri-0DTE,mid,75.0,8,13:00,300,71.333,40.0,False
META,call,Fri-0DTE,mid,75.0,9,13:30,300,62.667,20.0,False
META,call,Fri-0DTE,mid,75.0,10,14:00,300,33.333,35.0,False
META,call,Fri-0DTE,mid,75.0,11,14:30,300,24.0,35.0,False
META,call,Fri-0DTE,mid,75.0,12,15:00,300,22.333,20.0,False
META,call,Fri-0DTE,mid,75.0,13,15:30,50,16.0,12.5,False
META,call,Fri-0DTE,mid,100.0,1,10:00,300,77.333,60.0,False
META,call,Fri-0DTE,mid,100.0,2,09:30,250,75.2,90.0,False
META,call,Fri-0DTE,mid,100.0,3,12:00,300,72.667,85.0,False
META,call,Fri-0DTE,mid,100.0,4,10:30,300,72.0,50.0,False
META,call,Fri-0DTE,mid,100.0,5,12:30,300,71.667,50.0,False
META,call,Fri-0DTE,mid,100.0,6,11:00,300,67.333,60.0,False
META,call,Fri-0DTE,mid,100.0,7,11:30,300,65.667,120.0,False
META,call,Fri-0DTE,mid,100.0,8,13:00,300,63.0,40.0,False
META,call,Fri-0DTE,mid,100.0,9,13:30,300,54.667,25.0,False
META,call,Fri-0DTE,mid,100.0,10,14:00,300,25.0,35.0,False
META,call,Fri-0DTE,mid,100.0,11,15:00,300,18.0,20.0,False
META,call,Fri-0DTE,mid,100.0,12,14:30,300,17.333,32.5,False
META,call,Fri-0DTE,mid,100.0,13,15:30,50,14.0,15.0,False
META,call,Fri-0DTE,market,30.0,1,12:00,300,86.667,45.0,False
META,call,Fri-0DTE,market,30.0,2,11:30,300,86.333,65.0,False
META,call,Fri-0DTE,market,30.0,3,10:00,300,85.667,20.0,False
META,call,Fri-0DTE,market,30.0,4,09:30,250,85.6,35.0,False
META,call,Fri-0DTE,market,30.0,5,13:00,300,84.667,32.5,False
META,call,Fri-0DTE,market,30.0,6,12:30,300,84.0,25.0,False
META,call,Fri-0DTE,market,30.0,7,11:00,300,79.667,20.0,False
META,call,Fri-0DTE,market,30.0,8,10:30,300,78.0,15.0,False
META,call,Fri-0DTE,market,30.0,9,13:30,300,77.667,15.0,False
META,call,Fri-0DTE,market,30.0,10,14:00,300,58.333,30.0,False
META,call,Fri-0DTE,market,30.0,11,14:30,300,43.667,35.0,False
META,call,Fri-0DTE,market,30.0,12,15:00,300,43.333,20.0,False
META,call,Fri-0DTE,market,30.0,13,15:30,50,32.0,15.0,False
META,call,Fri-0DTE,market,50.0,1,12:00,300,83.333,65.0,False
META,call,Fri-0DTE,market,50.0,2,09:30,250,82.8,80.0,False
META,call,Fri-0DTE,market,50.0,3,10:00,300,82.667,35.0,False
META,call,Fri-0DTE,market,50.0,4,12:30,300,81.333,35.0,False
META,call,Fri-0DTE,market,50.0,5,11:30,300,79.333,95.0,False
META,call,Fri-0DTE,market,50.0,6,13:00,300,78.667,40.0,False
META,call,Fri-0DTE,market,50.0,7,11:00,300,76.0,35.0,False
META,call,Fri-0DTE,market,50.0,8,10:30,300,75.667,30.0,False
META,call,Fri-0DTE,market,50.0,9,13:30,300,69.667,20.0,False
META,call,Fri-0DTE,market,50.0,10,14:00,300,42.0,35.0,False
META,call,Fri-0DTE,market,50.0,11,14:30,300,31.667,45.0,False
META,call,Fri-0DTE,market,50.0,12,15:00,300,28.0,25.0,False
META,call,Fri-0DTE,market,50.0,13,15:30,50,20.0,12.5,False
META,call,Fri-0DTE,market,75.0,1,12:00,300,79.333,80.0,False
META,call,Fri-0DTE,market,75.0,2,10:00,300,78.667,45.0,False
META,call,Fri-0DTE,market,75.0,3,09:30,250,78.4,85.0,False
META,call,Fri-0DTE,market,75.0,4,12:30,300,77.667,50.0,False
META,call,Fri-0DTE,market,75.0,5,10:30,300,73.0,40.0,False
META,call,Fri-0DTE,market,75.0,6,11:30,300,72.667,105.0,False
META,call,Fri-0DTE,market,75.0,7,13:00,300,70.0,40.0,False
META,call,Fri-0DTE,market,75.0,8,11:00,300,69.667,50.0,False
META,call,Fri-0DTE,market,75.0,9,13:30,300,59.667,20.0,False
META,call,Fri-0DTE,market,75.0,10,14:00,300,30.667,37.5,False
META,call,Fri-0DTE,market,75.0,11,14:30,300,22.667,35.0,False
META,call,Fri-0DTE,market,75.0,12,15:00,300,20.667,20.0,False
META,call,Fri-0DTE,market,75.0,13,15:30,50,16.0,12.5,False
META,call,Fri-0DTE,market,100.0,1,10:00,300,75.0,65.0,False
META,call,Fri-0DTE,market,100.0,2,09:30,250,74.4,92.5,False
META,call,Fri-0DTE,market,100.0,3,10:30,300,71.333,60.0,False
META,call,Fri-0DTE,market,100.0,4,12:30,300,70.667,55.0,False
META,call,Fri-0DTE,market,100.0,5,12:00,300,70.0,85.0,False
META,call,Fri-0DTE,market,100.0,6,11:00,300,65.0,65.0,False
META,call,Fri-0DTE,market,100.0,7,11:30,300,63.0,120.0,False
META,call,Fri-0DTE,market,100.0,8,13:00,300,61.0,40.0,False
META,call,Fri-0DTE,market,100.0,9,13:30,300,52.0,25.0,False
META,call,Fri-0DTE,market,100.0,10,14:00,300,23.667,35.0,False
META,call,Fri-0DTE,market,100.0,11,15:00,300,17.0,25.0,False
META,call,Fri-0DTE,market,100.0,12,14:30,300,16.0,30.0,False
META,call,Fri-0DTE,market,100.0,13,15:30,50,14.0,15.0,False
META,put,Fri-0DTE,mid,30.0,1,09:30,250,86.0,15.0,False
META,put,Fri-0DTE,mid,30.0,2,11:30,300,78.0,20.0,False
META,put,Fri-0DTE,mid,30.0,3,10:00,300,77.333,20.0,False
META,put,Fri-0DTE,mid,30.0,4,10:30,300,72.667,20.0,False
META,put,Fri-0DTE,mid,30.0,5,11:00,300,70.0,25.0,False
META,put,Fri-0DTE,mid,30.0,6,12:00,300,63.0,15.0,False
META,put,Fri-0DTE,mid,30.0,7,12:30,300,44.0,15.0,False
META,put,Fri-0DTE,mid,30.0,8,13:00,300,37.0,15.0,False
META,put,Fri-0DTE,mid,30.0,9,14:00,300,36.0,15.0,False
META,put,Fri-0DTE,mid,30.0,10,14:30,300,28.0,10.0,False
META,put,Fri-0DTE,mid,30.0,11,13:30,300,24.333,25.0,False
META,put,Fri-0DTE,mid,30.0,12,15:00,300,15.0,10.0,False
META,put,Fri-0DTE,mid,30.0,13,15:30,50,12.0,15.0,False
META,put,Fri-0DTE,mid,50.0,1,09:30,250,74.8,20.0,False
META,put,Fri-0DTE,mid,50.0,2,11:30,300,68.333,25.0,False
META,put,Fri-0DTE,mid,50.0,3,10:30,300,66.0,30.0,False
META,put,Fri-0DTE,mid,50.0,4,10:00,300,65.667,25.0,False
META,put,Fri-0DTE,mid,50.0,5,11:00,300,61.667,40.0,False
META,put,Fri-0DTE,mid,50.0,6,12:00,300,47.333,17.5,False
META,put,Fri-0DTE,mid,50.0,7,14:00,300,34.0,20.0,False
META,put,Fri-0DTE,mid,50.0,8,12:30,300,31.333,25.0,False
META,put,Fri-0DTE,mid,50.0,9,13:00,300,27.333,15.0,False
META,put,Fri-0DTE,mid,50.0,10,14:30,300,23.667,10.0,False
META,put,Fri-0DTE,mid,50.0,11,13:30,300,20.667,32.5,False
META,put,Fri-0DTE,mid,50.0,12,15:00,300,11.333,10.0,False
META,put,Fri-0DTE,mid,50.0,13,15:30,50,10.0,15.0,False
META,put,Fri-0DTE,mid,75.0,1,09:30,250,64.0,25.0,False
META,put,Fri-0DTE,mid,75.0,2,10:30,300,57.333,35.0,False
META,put,Fri-0DTE,mid,75.0,3,10:00,300,56.0,40.0,False
META,put,Fri-0DTE,mid,75.0,4,11:30,300,54.333,35.0,False
META,put,Fri-0DTE,mid,75.0,5,11:00,300,51.667,45.0,False
META,put,Fri-0DTE,mid,75.0,6,12:00,300,36.0,20.0,False
META,put,Fri-0DTE,mid,75.0,7,14:00,300,30.667,20.0,False
META,put,Fri-0DTE,mid,75.0,8,12:30,300,25.0,30.0,False
META,put,Fri-0DTE,mid,75.0,9,13:00,300,21.0,15.0,False
META,put,Fri-0DTE,mid,75.0,10,14:30,300,20.667,15.0,False
META,put,Fri-0DTE,mid,75.0,11,13:30,300,18.667,40.0,False
META,put,Fri-0DTE,mid,75.0,12,15:00,300,9.333,10.0,False
META,put,Fri-0DTE,mid,75.0,13,15:30,50,6.0,15.0,False
META,put,Fri-0DTE,mid,100.0,1,09:30,250,56.8,30.0,False
META,put,Fri-0DTE,mid,100.0,2,10:30,300,48.667,40.0,False
META,put,Fri-0DTE,mid,100.0,3,11:30,300,47.0,35.0,False
META,put,Fri-0DTE,mid,100.0,4,10:00,300,44.333,60.0,False
META,put,Fri-0DTE,mid,100.0,5,11:00,300,41.667,55.0,False
META,put,Fri-0DTE,mid,100.0,6,12:00,300,30.333,20.0,False
META,put,Fri-0DTE,mid,100.0,7,14:00,300,27.333,20.0,False
META,put,Fri-0DTE,mid,100.0,8,12:30,300,20.333,40.0,False
META,put,Fri-0DTE,mid,100.0,9,13:00,300,19.0,20.0,False
META,put,Fri-0DTE,mid,100.0,10,14:30,300,18.0,15.0,False
META,put,Fri-0DTE,mid,100.0,11,13:30,300,17.333,42.5,False
META,put,Fri-0DTE,mid,100.0,12,15:00,300,7.667,10.0,False
META,put,Fri-0DTE,mid,100.0,13,15:30,50,6.0,15.0,False
META,put,Fri-0DTE,market,30.0,1,09:30,250,80.8,15.0,False
META,put,Fri-0DTE,market,30.0,2,11:30,300,76.0,22.5,False
META,put,Fri-0DTE,market,30.0,3,10:00,300,74.0,20.0,False
META,put,Fri-0DTE,market,30.0,4,10:30,300,71.333,25.0,False
META,put,Fri-0DTE,market,30.0,5,11:00,300,67.0,30.0,False
META,put,Fri-0DTE,market,30.0,6,12:00,300,58.667,15.0,False
META,put,Fri-0DTE,market,30.0,7,12:30,300,37.667,20.0,False
META,put,Fri-0DTE,market,30.0,8,14:00,300,35.667,15.0,False
META,put,Fri-0DTE,market,30.0,9,13:00,300,32.667,15.0,False
META,put,Fri-0DTE,market,30.0,10,14:30,300,27.667,10.0,False
META,put,Fri-0DTE,market,30.0,11,13:30,300,23.667,25.0,False
META,put,Fri-0DTE,market,30.0,12,15:00,300,13.667,10.0,False
META,put,Fri-0DTE,market,30.0,13,15:30,50,12.0,15.0,False
META,put,Fri-0DTE,market,50.0,1,09:30,250,70.4,20.0,False
META,put,Fri-0DTE,market,50.0,2,11:30,300,64.667,30.0,False
META,put,Fri-0DTE,market,50.0,3,10:30,300,64.333,30.0,False
META,put,Fri-0DTE,market,50.0,4,10:00,300,62.333,30.0,False
META,put,Fri-0DTE,market,50.0,5,11:00,300,60.0,40.0,False
META,put,Fri-0DTE,market,50.0,6,12:00,300,43.667,15.0,False
META,put,Fri-0DTE,market,50.0,7,14:00,300,32.667,20.0,False
META,put,Fri-0DTE,market,50.0,8,12:30,300,28.667,30.0,False
META,put,Fri-0DTE,market,50.0,9,13:00,300,25.0,15.0,False
META,put,Fri-0DTE,market,50.0,10,14:30,300,22.667,10.0,False
META,put,Fri-0DTE,market,50.0,11,13:30,300,20.333,35.0,False
META,put,Fri-0DTE,market,50.0,12,15:00,300,10.333,10.0,False
META,put,Fri-0DTE,market,50.0,13,15:30,50,6.0,15.0,False
META,put,Fri-0DTE,market,75.0,1,09:30,250,61.2,25.0,False
META,put,Fri-0DTE,market,75.0,2,10:30,300,55.667,35.0,False
META,put,Fri-0DTE,market,75.0,3,11:30,300,52.0,35.0,False
META,put,Fri-0DTE,market,75.0,4,10:00,300,52.0,45.0,False
META,put,Fri-0DTE,market,75.0,5,11:00,300,49.667,50.0,False
META,put,Fri-0DTE,market,75.0,6,12:00,300,34.333,20.0,False
META,put,Fri-0DTE,market,75.0,7,14:00,300,29.333,20.0,False
META,put,Fri-0DTE,market,75.0,8,12:30,300,23.667,35.0,False
META,put,Fri-0DTE,market,75.0,9,13:00,300,20.333,15.0,False
META,put,Fri-0DTE,market,75.0,10,14:30,300,20.333,15.0,False
META,put,Fri-0DTE,market,75.0,11,13:30,300,18.667,45.0,False
META,put,Fri-0DTE,market,75.0,12,15:00,300,9.333,10.0,False
META,put,Fri-0DTE,market,75.0,13,15:30,50,6.0,15.0,False
META,put,Fri-0DTE,market,100.0,1,09:30,250,54.8,35.0,False
META,put,Fri-0DTE,market,100.0,2,10:30,300,47.0,45.0,False
META,put,Fri-0DTE,market,100.0,3,11:30,300,44.333,40.0,False
META,put,Fri-0DTE,market,100.0,4,10:00,300,43.333,67.5,False
META,put,Fri-0DTE,market,100.0,5,11:00,300,39.667,60.0,False
META,put,Fri-0DTE,market,100.0,6,12:00,300,29.0,20.0,False
META,put,Fri-0DTE,market,100.0,7,14:00,300,26.667,20.0,False
META,put,Fri-0DTE,market,100.0,8,12:30,300,20.0,40.0,False
META,put,Fri-0DTE,market,100.0,9,13:00,300,18.333,20.0,False
META,put,Fri-0DTE,market,100.0,10,13:30,300,17.0,40.0,False
META,put,Fri-0DTE,market,100.0,11,14:30,300,16.0,15.0,False
META,put,Fri-0DTE,market,100.0,12,15:00,300,6.667,10.0,False
META,put,Fri-0DTE,market,100.0,13,15:30,50,6.0,15.0,False
TSLA,call,Mon-0DTE,mid,30.0,1,10:00,300,96.0,20.0,False
TSLA,call,Mon-0DTE,mid,30.0,2,09:30,250,90.0,30.0,False
TSLA,call,Mon-0DTE,mid,30.0,3,11:30,300,86.0,30.0,False
TSLA,call,Mon-0DTE,mid,30.0,4,11:00,300,85.0,15.0,False
TSLA,call,Mon-0DTE,mid,30.0,5,13:00,300,82.667,40.0,False
TSLA,call,Mon-0DTE,mid,30.0,6,10:30,300,82.333,20.0,False
TSLA,call,Mon-0DTE,mid,30.0,7,12:00,300,82.0,30.0,False
TSLA,call,Mon-0DTE,mid,30.0,8,12:30,300,81.333,25.0,False
TSLA,call,Mon-0DTE,mid,30.0,9,13:30,300,77.0,20.0,False
TSLA,call,Mon-0DTE,mid,30.0,10,14:00,300,73.667,25.0,False
TSLA,call,Mon-0DTE,mid,30.0,11,14:30,300,54.333,35.0,False
TSLA,call,Mon-0DTE,mid,30.0,12,15:00,300,36.333,10.0,False
TSLA,call,Mon-0DTE,mid,30.0,13,15:30,50,6.0,10.0,False
TSLA,call,Mon-0DTE,mid,50.0,1,10:00,300,93.333,40.0,False
TSLA,call,Mon-0DTE,mid,50.0,2,09:30,250,87.2,35.0,False
TSLA,call,Mon-0DTE,mid,50.0,3,10:30,300,80.0,30.0,False
TSLA,call,Mon-0DTE,mid,50.0,4,11:00,300,80.0,30.0,False
TSLA,call,Mon-0DTE,mid,50.0,5,11:30,300,79.333,42.5,False
TSLA,call,Mon-0DTE,mid,50.0,6,12:00,300,75.333,40.0,False
TSLA,call,Mon-0DTE,mid,50.0,7,12:30,300,71.0,30.0,False
TSLA,call,Mon-0DTE,mid,50.0,8,13:00,300,63.667,40.0,False
TSLA,call,Mon-0DTE,mid,50.0,9,13:30,300,59.667,25.0,False
TSLA,call,Mon-0DTE,mid,50.0,10,14:00,300,54.667,20.0,False
TSLA,call,Mon-0DTE,mid,50.0,11,14:30,300,32.667,30.0,False
TSLA,call,Mon-0DTE,mid,50.0,12,15:00,300,26.0,10.0,False
TSLA,call,Mon-0DTE,mid,50.0,13,15:30,50,2.0,10.0,False
TSLA,call,Mon-0DTE,mid,75.0,1,10:00,300,90.667,55.0,False
TSLA,call,Mon-0DTE,mid,75.0,2,09:30,250,85.6,50.0,False
TSLA,call,Mon-0DTE,mid,75.0,3,10:30,300,77.333,40.0,False
TSLA,call,Mon-0DTE,mid,75.0,4,11:00,300,75.0,50.0,False
TSLA,call,Mon-0DTE,mid,75.0,5,11:30,300,69.333,55.0,False
TSLA,call,Mon-0DTE,mid,75.0,6,12:00,300,64.333,45.0,False
TSLA,call,Mon-0DTE,mid,75.0,7,12:30,300,58.333,30.0,False
TSLA,call,Mon-0DTE,mid,75.0,8,13:00,300,50.333,45.0,False
TSLA,call,Mon-0DTE,mid,75.0,9,13:30,300,49.667,25.0,False
TSLA,call,Mon-0DTE,mid,75.0,10,14:00,300,44.333,20.0,False
TSLA,call,Mon-0DTE,mid,75.0,11,14:30,300,24.0,30.0,False
TSLA,call,Mon-0DTE,mid,75.0,12,15:00,300,19.0,15.0,False
TSLA,call,Mon-0DTE,mid,75.0,13,15:30,50,0.0,,False
TSLA,call,Mon-0DTE,mid,100.0,1,10:00,300,88.0,65.0,False
TSLA,call,Mon-0DTE,mid,100.0,2,09:30,250,84.4,85.0,False
TSLA,call,Mon-0DTE,mid,100.0,3,10:30,300,73.333,45.0,False
TSLA,call,Mon-0DTE,mid,100.0,4,11:00,300,69.667,65.0,False
TSLA,call,Mon-0DTE,mid,100.0,5,11:30,300,61.333,62.5,False
TSLA,call,Mon-0DTE,mid,100.0,6,12:00,300,55.0,40.0,False
TSLA,call,Mon-0DTE,mid,100.0,7,12:30,300,47.333,32.5,False
TSLA,call,Mon-0DTE,mid,100.0,8,13:30,300,45.667,30.0,False
TSLA,call,Mon-0DTE,mid,100.0,9,13:00,300,45.667,50.0,False
TSLA,call,Mon-0DTE,mid,100.0,10,14:00,300,39.667,25.0,False
TSLA,call,Mon-0DTE,mid,100.0,11,14:30,300,21.0,25.0,False
TSLA,call,Mon-0DTE,mid,100.0,12,15:00,300,15.0,10.0,False
TSLA,call,Mon-0DTE,mid,100.0,13,15:30,50,0.0,,False
TSLA,call,Mon-0DTE,market,30.0,1,10:00,300,95.0,25.0,False
TSLA,call,Mon-0DTE,market,30.0,2,09:30,250,89.2,30.0,False
TSLA,call,Mon-0DTE,market,30.0,3,11:30,300,84.0,30.0,False
TSLA,call,Mon-0DTE,market,30.0,4,11:00,300,83.333,20.0,False
TSLA,call,Mon-0DTE,market,30.0,5,10:30,300,82.0,25.0,False
TSLA,call,Mon-0DTE,market,30.0,6,12:00,300,80.667,30.0,False
TSLA,call,Mon-0DTE,market,30.0,7,12:30,300,79.667,25.0,False
TSLA,call,Mon-0DTE,market,30.0,8,13:00,300,76.333,35.0,False
TSLA,call,Mon-0DTE,market,30.0,9,13:30,300,73.333,25.0,False
TSLA,call,Mon-0DTE,market,30.0,10,14:00,300,67.667,25.0,False
TSLA,call,Mon-0DTE,market,30.0,11,14:30,300,46.0,35.0,False
TSLA,call,Mon-0DTE,market,30.0,12,15:00,300,34.667,10.0,False
TSLA,call,Mon-0DTE,market,30.0,13,15:30,50,6.0,10.0,False
TSLA,call,Mon-0DTE,market,50.0,1,10:00,300,92.667,40.0,False
TSLA,call,Mon-0DTE,market,50.0,2,09:30,250,87.2,40.0,False
TSLA,call,Mon-0DTE,market,50.0,3,10:30,300,79.0,35.0,False
TSLA,call,Mon-0DTE,market,50.0,4,11:00,300,78.667,35.0,False
TSLA,call,Mon-0DTE,market,50.0,5,11:30,300,76.667,45.0,False
TSLA,call,Mon-0DTE,market,50.0,6,12:00,300,72.333,40.0,False
TSLA,call,Mon-0DTE,market,50.0,7,12:30,300,67.333,30.0,False
TSLA,call,Mon-0DTE,market,50.0,8,13:00,300,58.333,35.0,False
TSLA,call,Mon-0DTE,market,50.0,9,13:30,300,55.667,25.0,False
TSLA,call,Mon-0DTE,market,50.0,10,14:00,300,50.667,20.0,False
TSLA,call,Mon-0DTE,market,50.0,11,14:30,300,30.0,27.5,False
TSLA,call,Mon-0DTE,market,50.0,12,15:00,300,23.333,10.0,False
TSLA,call,Mon-0DTE,market,50.0,13,15:30,50,2.0,10.0,False
TSLA,call,Mon-0DTE,market,75.0,1,10:00,300,90.333,55.0,False
TSLA,call,Mon-0DTE,market,75.0,2,09:30,250,85.6,60.0,False
TSLA,call,Mon-0DTE,market,75.0,3,10:30,300,77.333,40.0,False
TSLA,call,Mon-0DTE,market,75.0,4,11:00,300,73.667,55.0,False
TSLA,call,Mon-0DTE,market,75.0,5,11:30,300,67.333,60.0,False
TSLA,call,Mon-0DTE,market,75.0,6,12:00,300,61.333,47.5,False
TSLA,call,Mon-0DTE,market,75.0,7,12:30,300,53.667,35.0,False
TSLA,call,Mon-0DTE,market,75.0,8,13:00,300,49.333,50.0,False
TSLA,call,Mon-0DTE,market,75.0,9,13:30,300,48.0,25.0,False
TSLA,call,Mon-0DTE,market,75.0,10,14:00,300,43.333,20.0,False
TSLA,call,Mon-0DTE,market,75.0,11,14:30,300,22.667,25.0,False
TSLA,call,Mon-0DTE,market,75.0,12,15:00,300,18.0,15.0,False
TSLA,call,Mon-0DTE,market,75.0,13,15:30,50,0.0,,False
TSLA,call,Mon-0DTE,market,100.0,1,10:00,300,86.333,65.0,False
TSLA,call,Mon-0DTE,market,100.0,2,09:30,250,83.6,90.0,False
TSLA,call,Mon-0DTE,market,100.0,3,10:30,300,72.667,50.0,False
TSLA,call,Mon-0DTE,market,100.0,4,11:00,300,67.0,65.0,False
TSLA,call,Mon-0DTE,market,100.0,5,11:30,300,59.333,65.0,False
TSLA,call,Mon-0DTE,market,100.0,6,12:00,300,53.667,50.0,False
TSLA,call,Mon-0DTE,market,100.0,7,13:30,300,45.0,30.0,False
TSLA,call,Mon-0DTE,market,100.0,8,12:30,300,44.667,35.0,False
TSLA,call,Mon-0DTE,market,100.0,9,13:00,300,44.0,50.0,False
TSLA,call,Mon-0DTE,market,100.0,10,14:00,300,39.333,25.0,False
TSLA,call,Mon-0DTE,market,100.0,11,14:30,300,19.667,25.0,False
TSLA,call,Mon-0DTE,market,100.0,12,15:00,300,14.0,10.0,False
TSLA,call,Mon-0DTE,market,100.0,13,15:30,50,0.0,,False
TSLA,put,Mon-0DTE,mid,30.0,1,11:00,300,73.667,40.0,False
TSLA,put,Mon-0DTE,mid,30.0,2,10:00,300,69.667,20.0,False
TSLA,put,Mon-0DTE,mid,30.0,3,09:30,250,67.6,20.0,False
TSLA,put,Mon-0DTE,mid,30.0,4,11:30,300,65.0,20.0,False
TSLA,put,Mon-0DTE,mid,30.0,5,12:00,300,61.333,27.5,False
TSLA,put,Mon-0DTE,mid,30.0,6,10:30,300,60.667,32.5,False
TSLA,put,Mon-0DTE,mid,30.0,7,12:30,300,55.667,20.0,False
TSLA,put,Mon-0DTE,mid,30.0,8,13:00,300,52.0,20.0,False
TSLA,put,Mon-0DTE,mid,30.0,9,14:30,300,40.667,20.0,False
TSLA,put,Mon-0DTE,mid,30.0,10,14:00,300,40.0,47.5,False
TSLA,put,Mon-0DTE,mid,30.0,11,13:30,300,39.667,25.0,False
TSLA,put,Mon-0DTE,mid,30.0,12,15:00,300,27.333,10.0,False
TSLA,put,Mon-0DTE,mid,30.0,13,15:30,50,22.0,15.0,False
TSLA,put,Mon-0DTE,mid,50.0,1,11:00,300,68.0,45.0,False
TSLA,put,Mon-0DTE,mid,50.0,2,11:30,300,63.0,25.0,False
TSLA,put,Mon-0DTE,mid,50.0,3,09:30,250,62.0,30.0,False
TSLA,put,Mon-0DTE,mid,50.0,4,10:00,300,58.667,40.0,False
TSLA,put,Mon-0DTE,mid,50.0,5,12:00,300,56.0,35.0,False
TSLA,put,Mon-0DTE,mid,50.0,6,12:30,300,53.667,25.0,False
TSLA,put,Mon-0DTE,mid,50.0,7,10:30,300,53.333,50.0,False
TSLA,put,Mon-0DTE,mid,50.0,8,13:00,300,49.0,30.0,False
TSLA,put,Mon-0DTE,mid,50.0,9,14:30,300,38.667,20.0,False
TSLA,put,Mon-0DTE,mid,50.0,10,13:30,300,38.0,35.0,False
TSLA,put,Mon-0DTE,mid,50.0,11,14:00,300,35.667,45.0,False
TSLA,put,Mon-0DTE,mid,50.0,12,15:00,300,24.667,15.0,False
TSLA,put,Mon-0DTE,mid,50.0,13,15:30,50,20.0,15.0,False
TSLA,put,Mon-0DTE,mid,75.0,1,11:00,300,62.0,50.0,False
TSLA,put,Mon-0DTE,mid,75.0,2,11:30,300,58.333,30.0,False
TSLA,put,Mon-0DTE,mid,75.0,3,12:30,300,51.333,30.0,False
TSLA,put,Mon-0DTE,mid,75.0,4,12:00,300,51.0,45.0,False
TSLA,put,Mon-0DTE,mid,75.0,5,09:30,250,50.8,40.0,False
TSLA,put,Mon-0DTE,mid,75.0,6,10:00,300,49.0,55.0,False
TSLA,put,Mon-0DTE,mid,75.0,7,10:30,300,46.667,65.0,False
TSLA,put,Mon-0DTE,mid,75.0,8,13:00,300,45.333,45.0,False
TSLA,put,Mon-0DTE,mid,75.0,9,14:30,300,35.0,25.0,False
TSLA,put,Mon-0DTE,mid,75.0,10,13:30,300,32.333,50.0,False
TSLA,put,Mon-0DTE,mid,75.0,11,14:00,300,29.333,50.0,False
TSLA,put,Mon-0DTE,mid,75.0,12,15:00,300,20.333,15.0,False
TSLA,put,Mon-0DTE,mid,75.0,13,15:30,50,20.0,20.0,False
TSLA,put,Mon-0DTE,mid,100.0,1,11:00,300,57.333,50.0,False
TSLA,put,Mon-0DTE,mid,100.0,2,11:30,300,53.0,30.0,False
TSLA,put,Mon-0DTE,mid,100.0,3,12:30,300,48.667,35.0,False
TSLA,put,Mon-0DTE,mid,100.0,4,12:00,300,44.667,45.0,False
TSLA,put,Mon-0DTE,mid,100.0,5,09:30,250,43.6,45.0,False
TSLA,put,Mon-0DTE,mid,100.0,6,13:00,300,42.667,55.0,False
TSLA,put,Mon-0DTE,mid,100.0,7,10:30,300,42.667,70.0,False
TSLA,put,Mon-0DTE,mid,100.0,8,10:00,300,35.667,80.0,False
TSLA,put,Mon-0DTE,mid,100.0,9,14:30,300,32.667,25.0,False
TSLA,put,Mon-0DTE,mid,100.0,10,13:30,300,30.0,55.0,False
TSLA,put,Mon-0DTE,mid,100.0,11,14:00,300,26.0,52.5,False
TSLA,put,Mon-0DTE,mid,100.0,12,15:00,300,18.333,15.0,False
TSLA,put,Mon-0DTE,mid,100.0,13,15:30,50,16.0,20.0,False
TSLA,put,Mon-0DTE,market,30.0,1,11:00,300,71.667,45.0,False
TSLA,put,Mon-0DTE,market,30.0,2,10:00,300,67.0,25.0,False
TSLA,put,Mon-0DTE,market,30.0,3,09:30,250,66.4,25.0,False
TSLA,put,Mon-0DTE,market,30.0,4,11:30,300,63.667,20.0,False
TSLA,put,Mon-0DTE,market,30.0,5,12:00,300,60.667,30.0,False
TSLA,put,Mon-0DTE,market,30.0,6,10:30,300,58.667,37.5,False
TSLA,put,Mon-0DTE,market,30.0,7,12:30,300,55.333,20.0,False
TSLA,put,Mon-0DTE,market,30.0,8,13:00,300,50.667,20.0,False
TSLA,put,Mon-0DTE,market,30.0,9,14:30,300,40.0,20.0,False
TSLA,put,Mon-0DTE,market,30.0,10,14:00,300,39.667,50.0,False
TSLA,put,Mon-0DTE,market,30.0,11,13:30,300,38.333,30.0,False
TSLA,put,Mon-0DTE,market,30.0,12,15:00,300,26.667,15.0,False
TSLA,put,Mon-0DTE,market,30.0,13,15:30,50,22.0,15.0,False
TSLA,put,Mon-0DTE,market,50.0,1,11:00,300,65.0,45.0,False
TSLA,put,Mon-0DTE,market,50.0,2,11:30,300,61.333,25.0,False
TSLA,put,Mon-0DTE,market,50.0,3,09:30,250,59.6,30.0,False
TSLA,put,Mon-0DTE,market,50.0,4,10:00,300,57.0,40.0,False
TSLA,put,Mon-0DTE,market,50.0,5,12:00,300,54.667,35.0,False
TSLA,put,Mon-0DTE,market,50.0,6,12:30,300,53.333,25.0,False
TSLA,put,Mon-0DTE,market,50.0,7,10:30,300,52.333,55.0,False
TSLA,put,Mon-0DTE,market,50.0,8,13:00,300,48.333,40.0,False
TSLA,put,Mon-0DTE,market,50.0,9,14:30,300,37.667,20.0,False
TSLA,put,Mon-0DTE,market,50.0,10,13:30,300,37.333,42.5,False
TSLA,put,Mon-0DTE,market,50.0,11,14:00,300,35.333,50.0,False
TSLA,put,Mon-0DTE,market,50.0,12,15:00,300,23.333,15.0,False
TSLA,put,Mon-0DTE,market,50.0,13,15:30,50,20.0,15.0,False
TSLA,put,Mon-0DTE,market,75.0,1,11:00,300,59.333,50.0,False
TSLA,put,Mon-0DTE,market,75.0,2,11:30,300,56.667,30.0,False
TSLA,put,Mon-0DTE,market,75.0,3,12:30,300,51.333,35.0,False
TSLA,put,Mon-0DTE,market,75.0,4,12:00,300,50.0,45.0,False
TSLA,put,Mon-0DTE,market,75.0,5,09:30,250,49.6,42.5,False
TSLA,put,Mon-0DTE,market,75.0,6,10:00,300,47.333,55.0,False
TSLA,put,Mon-0DTE,market,75.0,7,10:30,300,46.667,65.0,False
TSLA,put,Mon-0DTE,market,75.0,8,13:00,300,44.667,50.0,False
TSLA,put,Mon-0DTE,market,75.0,9,14:30,300,33.667,20.0,False
TSLA,put,Mon-0DTE,market,75.0,10,13:30,300,32.0,52.5,False
TSLA,put,Mon-0DTE,market,75.0,11,14:00,300,28.0,52.5,False
TSLA,put,Mon-0DTE,market,75.0,12,15:30,50,20.0,20.0,False
TSLA,put,Mon-0DTE,market,75.0,13,15:00,300,19.667,15.0,False
TSLA,put,Mon-0DTE,market,100.0,1,11:00,300,56.333,50.0,False
TSLA,put,Mon-0DTE,market,100.0,2,11:30,300,51.667,35.0,False
TSLA,put,Mon-0DTE,market,100.0,3,12:30,300,47.667,35.0,False
TSLA,put,Mon-0DTE,market,100.0,4,12:00,300,43.667,45.0,False
TSLA,put,Mon-0DTE,market,100.0,5,09:30,250,42.0,45.0,False
TSLA,put,Mon-0DTE,market,100.0,6,13:00,300,42.0,57.5,False
TSLA,put,Mon-0DTE,market,100.0,7,10:30,300,41.333,70.0,False
TSLA,put,Mon-0DTE,market,100.0,8,10:00,300,33.0,80.0,False
TSLA,put,Mon-0DTE,market,100.0,9,14:30,300,32.0,25.0,False
TSLA,put,Mon-0DTE,market,100.0,10,13:30,300,29.333,65.0,False
TSLA,put,Mon-0DTE,market,100.0,11,14:00,300,25.667,55.0,False
TSLA,put,Mon-0DTE,market,100.0,12,15:00,300,17.667,15.0,False
TSLA,put,Mon-0DTE,market,100.0,13,15:30,50,16.0,20.0,False
TSLA,call,Tue-0DTE,mid,30.0,1,09:30,250,87.6,20.0,False
TSLA,call,Tue-0DTE,mid,30.0,2,11:00,300,85.333,20.0,False
TSLA,call,Tue-0DTE,mid,30.0,3,10:00,300,83.0,25.0,False
TSLA,call,Tue-0DTE,mid,30.0,4,10:30,300,81.667,20.0,False
TSLA,call,Tue-0DTE,mid,30.0,5,11:30,300,70.333,20.0,False
TSLA,call,Tue-0DTE,mid,30.0,6,12:00,300,64.333,20.0,False
TSLA,call,Tue-0DTE,mid,30.0,7,14:00,300,60.667,20.0,False
TSLA,call,Tue-0DTE,mid,30.0,8,13:30,300,55.0,10.0,False
TSLA,call,Tue-0DTE,mid,30.0,9,14:30,300,52.667,20.0,False
TSLA,call,Tue-0DTE,mid,30.0,10,12:30,300,52.333,15.0,False
TSLA,call,Tue-0DTE,mid,30.0,11,13:00,300,51.333,20.0,False
TSLA,call,Tue-0DTE,mid,30.0,12,15:00,300,44.333,15.0,False
TSLA,call,Tue-0DTE,mid,30.0,13,15:30,50,34.0,5.0,False
TSLA,call,Tue-0DTE,mid,50.0,1,09:30,250,78.0,25.0,False
TSLA,call,Tue-0DTE,mid,50.0,2,11:00,300,77.0,25.0,False
TSLA,call,Tue-0DTE,mid,50.0,3,10:30,300,75.667,40.0,False
TSLA,call,Tue-0DTE,mid,50.0,4,10:00,300,75.667,50.0,False
TSLA,call,Tue-0DTE,mid,50.0,5,11:30,300,64.0,30.0,False
TSLA,call,Tue-0DTE,mid,50.0,6,12:00,300,56.667,25.0,False
TSLA,call,Tue-0DTE,mid,50.0,7,14:00,300,56.333,25.0,False
TSLA,call,Tue-0DTE,mid,50.0,8,13:30,300,51.333,15.0,False
TSLA,call,Tue-0DTE,mid,50.0,9,14:30,300,47.667,20.0,False
TSLA,call,Tue-0DTE,mid,50.0,10,12:30,300,45.667,25.0,False
TSLA,call,Tue-0DTE,mid,50.0,11,13:00,300,45.0,25.0,False
TSLA,call,Tue-0DTE,mid,50.0,12,15:00,300,38.0,15.0,False
TSLA,call,Tue-0DTE,mid,50.0,13,15:30,50,28.0,5.0,False
TSLA,call,Tue-0DTE,mid,75.0,1,10:30,300,70.0,62.5,False
TSLA,call,Tue-0DTE,mid,75.0,2,09:30,250,69.6,37.5,False
TSLA,call,Tue-0DTE,mid,75.0,3,11:00,300,67.667,50.0,False
TSLA,call,Tue-0DTE,mid,75.0,4,10:00,300,67.667,80.0,False
TSLA,call,Tue-0DTE,mid,75.0,5,11:30,300,56.667,35.0,False
TSLA,call,Tue-0DTE,mid,75.0,6,12:00,300,52.0,30.0,False
TSLA,call,Tue-0DTE,mid,75.0,7,14:00,300,49.667,30.0,False
TSLA,call,Tue-0DTE,mid,75.0,8,13:30,300,47.333,20.0,False
TSLA,call,Tue-0DTE,mid,75.0,9,12:30,300,41.333,30.0,False
TSLA,call,Tue-0DTE,mid,75.0,10,13:00,300,40.333,35.0,False
TSLA,call,Tue-0DTE,mid,75.0,11,14:30,300,39.667,25.0,False
TSLA,call,Tue-0DTE,mid,75.0,12,15:00,300,32.667,15.0,False
TSLA,call,Tue-0DTE,mid,75.0,13,15:30,50,22.0,5.0,False
TSLA,call,Tue-0DTE,mid,100.0,1,10:30,300,65.333,100.0,False
TSLA,call,Tue-0DTE,mid,100.0,2,11:00,300,61.0,75.0,False
TSLA,call,Tue-0DTE,mid,100.0,3,10:00,300,60.333,90.0,False
TSLA,call,Tue-0DTE,mid,100.0,4,09:30,250,59.6,40.0,False
TSLA,call,Tue-0DTE,mid,100.0,5,11:30,300,51.333,40.0,False
TSLA,call,Tue-0DTE,mid,100.0,6,14:00,300,44.333,30.0,False
TSLA,call,Tue-0DTE,mid,100.0,7,13:30,300,44.0,25.0,False
TSLA,call,Tue-0DTE,mid,100.0,8,12:00,300,43.667,35.0,False
TSLA,call,Tue-0DTE,mid,100.0,9,13:00,300,38.0,42.5,False
TSLA,call,Tue-0DTE,mid,100.0,10,12:30,300,37.333,35.0,False
TSLA,call,Tue-0DTE,mid,100.0,11,14:30,300,33.333,30.0,False
TSLA,call,Tue-0DTE,mid,100.0,12,15:00,300,28.333,15.0,False
TSLA,call,Tue-0DTE,mid,100.0,13,15:30,50,22.0,10.0,False
TSLA,call,Tue-0DTE,market,30.0,1,09:30,250,84.8,20.0,False
TSLA,call,Tue-0DTE,market,30.0,2,11:00,300,82.667,20.0,False
TSLA,call,Tue-0DTE,market,30.0,3,10:00,300,81.333,30.0,False
TSLA,call,Tue-0DTE,market,30.0,4,10:30,300,80.667,27.5,False
TSLA,call,Tue-0DTE,market,30.0,5,11:30,300,67.333,20.0,False
TSLA,call,Tue-0DTE,market,30.0,6,12:00,300,62.333,20.0,False
TSLA,call,Tue-0DTE,market,30.0,7,14:00,300,59.667,25.0,False
TSLA,call,Tue-0DTE,market,30.0,8,13:30,300,53.667,15.0,False
TSLA,call,Tue-0DTE,market,30.0,9,14:30,300,51.667,20.0,False
TSLA,call,Tue-0DTE,market,30.0,10,12:30,300,50.333,15.0,False
TSLA,call,Tue-0DTE,market,30.0,11,13:00,300,49.333,20.0,False
TSLA,call,Tue-0DTE,market,30.0,12,15:00,300,42.667,15.0,False
TSLA,call,Tue-0DTE,market,30.0,13,15:30,50,34.0,10.0,False
TSLA,call,Tue-0DTE,market,50.0,1,09:30,250,77.2,25.0,False
TSLA,call,Tue-0DTE,market,50.0,2,11:00,300,75.0,25.0,False
TSLA,call,Tue-0DTE,market,50.0,3,10:30,300,75.0,45.0,False
TSLA,call,Tue-0DTE,market,50.0,4,10:00,300,74.0,60.0,False
TSLA,call,Tue-0DTE,market,50.0,5,11:30,300,61.667,30.0,False
TSLA,call,Tue-0DTE,market,50.0,6,12:00,300,55.0,30.0,False
TSLA,call,Tue-0DTE,market,50.0,7,14:00,300,54.0,25.0,False
TSLA,call,Tue-0DTE,market,50.0,8,13:30,300,50.0,17.5,False
TSLA,call,Tue-0DTE,market,50.0,9,14:30,300,46.667,25.0,False
TSLA,call,Tue-0DTE,market,50.0,10,12:30,300,44.333,25.0,False
TSLA,call,Tue-0DTE,market,50.0,11,13:00,300,43.333,27.5,False
TSLA,call,Tue-0DTE,market,50.0,12,15:00,300,36.0,15.0,False
TSLA,call,Tue-0DTE,market,50.0,13,15:30,50,28.0,7.5,False
TSLA,call,Tue-0DTE,market,75.0,1,10:30,300,67.667,65.0,False
TSLA,call,Tue-0DTE,market,75.0,2,09:30,250,67.6,40.0,False
TSLA,call,Tue-0DTE,market,75.0,3,11:00,300,66.333,55.0,False
TSLA,call,Tue-0DTE,market,75.0,4,10:00,300,66.0,82.5,False
TSLA,call,Tue-0DTE,market,75.0,5,11:30,300,56.0,35.0,False
TSLA,call,Tue-0DTE,market,75.0,6,12:00,300,49.0,30.0,False
TSLA,call,Tue-0DTE,market,75.0,7,14:00,300,48.333,30.0,False
TSLA,call,Tue-0DTE,market,75.0,8,13:30,300,46.333,25.0,False
TSLA,call,Tue-0DTE,market,75.0,9,13:00,300,39.667,40.0,False
TSLA,call,Tue-0DTE,market,75.0,10,12:30,300,39.333,30.0,False
TSLA,call,Tue-0DTE,market,75.0,11,14:30,300,38.333,25.0,False
TSLA,call,Tue-0DTE,market,75.0,12,15:00,300,30.667,15.0,False
TSLA,call,Tue-0DTE,market,75.0,13,15:30,50,22.0,5.0,False
TSLA,call,Tue-0DTE,market,100.0,1,10:30,300,62.333,110.0,False
TSLA,call,Tue-0DTE,market,100.0,2,10:00,300,58.667,97.5,False
TSLA,call,Tue-0DTE,market,100.0,3,09:30,250,58.4,40.0,False
TSLA,call,Tue-0DTE,market,100.0,4,11:00,300,57.667,80.0,False
TSLA,call,Tue-0DTE,market,100.0,5,11:30,300,50.0,40.0,False
TSLA,call,Tue-0DTE,market,100.0,6,14:00,300,44.0,30.0,False
TSLA,call,Tue-0DTE,market,100.0,7,12:00,300,42.333,35.0,False
TSLA,call,Tue-0DTE,market,100.0,8,13:30,300,42.0,27.5,False
TSLA,call,Tue-0DTE,market,100.0,9,13:00,300,37.0,45.0,False
TSLA,call,Tue-0DTE,market,100.0,10,12:30,300,35.667,30.0,False
TSLA,call,Tue-0DTE,market,100.0,11,14:30,300,32.333,30.0,False
TSLA,call,Tue-0DTE,market,100.0,12,15:00,300,28.333,20.0,False
TSLA,call,Tue-0DTE,market,100.0,13,15:30,50,20.0,7.5,False
TSLA,put,Tue-0DTE,mid,30.0,1,10:30,300,94.0,25.0,False
TSLA,put,Tue-0DTE,mid,30.0,2,11:00,300,93.667,45.0,False
TSLA,put,Tue-0DTE,mid,30.0,3,12:00,300,91.333,37.5,False
TSLA,put,Tue-0DTE,mid,30.0,4,10:00,300,90.0,20.0,False
TSLA,put,Tue-0DTE,mid,30.0,5,09:30,250,89.2,25.0,False
TSLA,put,Tue-0DTE,mid,30.0,6,11:30,300,88.0,52.5,False
TSLA,put,Tue-0DTE,mid,30.0,7,12:30,300,82.0,25.0,False
TSLA,put,Tue-0DTE,mid,30.0,8,13:00,300,73.667,15.0,False
TSLA,put,Tue-0DTE,mid,30.0,9,14:00,300,58.667,15.0,False
TSLA,put,Tue-0DTE,mid,30.0,10,13:30,300,58.0,15.0,False
TSLA,put,Tue-0DTE,mid,30.0,11,14:30,300,55.0,15.0,False
TSLA,put,Tue-0DTE,mid,30.0,12,15:00,300,38.0,15.0,False
TSLA,put,Tue-0DTE,mid,30.0,13,15:30,50,32.0,5.0,False
TSLA,put,Tue-0DTE,mid,50.0,1,11:00,300,89.333,70.0,False
TSLA,put,Tue-0DTE,mid,50.0,2,10:30,300,89.0,35.0,False
TSLA,put,Tue-0DTE,mid,50.0,3,10:00,300,87.333,35.0,False
TSLA,put,Tue-0DTE,mid,50.0,4,12:00,300,87.333,45.0,False
TSLA,put,Tue-0DTE,mid,50.0,5,09:30,250,85.6,35.0,False
TSLA,put,Tue-0DTE,mid,50.0,6,11:30,300,82.0,65.0,False
TSLA,put,Tue-0DTE,mid,50.0,7,12:30,300,78.667,30.0,False
TSLA,put,Tue-0DTE,mid,50.0,8,13:00,300,68.0,17.5,False
TSLA,put,Tue-0DTE,mid,50.0,9,13:30,300,53.667,15.0,False
TSLA,put,Tue-0DTE,mid,50.0,10,14:00,300,52.333,20.0,False
TSLA,put,Tue-0DTE,mid,50.0,11,14:30,300,45.0,15.0,False
TSLA,put,Tue-0DTE,mid,50.0,12,15:00,300,28.0,15.0,False
TSLA,put,Tue-0DTE,mid,50.0,13,15:30,50,24.0,5.0,False
TSLA,put,Tue-0DTE,mid,75.0,1,10:30,300,83.333,107.5,False
TSLA,put,Tue-0DTE,mid,75.0,2,10:00,300,82.667,65.0,False
TSLA,put,Tue-0DTE,mid,75.0,3,12:00,300,82.0,55.0,False
TSLA,put,Tue-0DTE,mid,75.0,4,09:30,250,82.0,60.0,False
TSLA,put,Tue-0DTE,mid,75.0,5,11:00,300,82.0,95.0,False
TSLA,put,Tue-0DTE,mid,75.0,6,11:30,300,74.333,70.0,False
TSLA,put,Tue-0DTE,mid,75.0,7,12:30,300,73.667,35.0,False
TSLA,put,Tue-0DTE,mid,75.0,8,13:00,300,63.333,20.0,False
TSLA,put,Tue-0DTE,mid,75.0,9,13:30,300,49.0,20.0,False
TSLA,put,Tue-0DTE,mid,75.0,10,14:00,300,46.667,20.0,False
TSLA,put,Tue-0DTE,mid,75.0,11,14:30,300,36.0,15.0,False
TSLA,put,Tue-0DTE,mid,75.0,12,15:30,50,20.0,5.0,False
TSLA,put,Tue-0DTE,mid,75.0,13,15:00,300,19.667,15.0,False
TSLA,put,Tue-0DTE,mid,100.0,1,09:30,250,78.0,85.0,False
TSLA,put,Tue-0DTE,mid,100.0,2,12:00,300,76.333,55.0,False
TSLA,put,Tue-0DTE,mid,100.0,3,10:00,300,76.0,105.0,False
TSLA,put,Tue-0DTE,mid,100.0,4,11:00,300,74.667,110.0,False
TSLA,put,Tue-0DTE,mid,100.0,5,10:30,300,73.667,120.0,False
TSLA,put,Tue-0DTE,mid,100.0,6,12:30,300,71.667,40.0,False
TSLA,put,Tue-0DTE,mid,100.0,7,11:30,300,68.0,75.0,False
TSLA,put,Tue-0DTE,mid,100.0,8,13:00,300,59.667,30.0,False
TSLA,put,Tue-0DTE,mid,100.0,9,13:30,300,45.667,25.0,False
TSLA,put,Tue-0DTE,mid,100.0,10,14:00,300,41.333,25.0,False
TSLA,put,Tue-0DTE,mid,100.0,11,14:30,300,30.333,15.0,False
TSLA,put,Tue-0DTE,mid,100.0,12,15:00,300,14.333,15.0,False
TSLA,put,Tue-0DTE,mid,100.0,13,15:30,50,14.0,10.0,False
TSLA,put,Tue-0DTE,market,30.0,1,11:00,300,93.333,50.0,False
TSLA,put,Tue-0DTE,market,30.0,2,10:30,300,92.0,25.0,False
TSLA,put,Tue-0DTE,market,30.0,3,12:00,300,91.0,40.0,False
TSLA,put,Tue-0DTE,market,30.0,4,10:00,300,88.667,25.0,False
TSLA,put,Tue-0DTE,market,30.0,5,09:30,250,88.0,30.0,False
TSLA,put,Tue-0DTE,market,30.0,6,11:30,300,86.0,55.0,False
TSLA,put,Tue-0DTE,market,30.0,7,12:30,300,81.333,25.0,False
TSLA,put,Tue-0DTE,market,30.0,8,13:00,300,72.667,15.0,False
TSLA,put,Tue-0DTE,market,30.0,9,13:30,300,57.0,15.0,False
TSLA,put,Tue-0DTE,market,30.0,10,14:00,300,56.0,15.0,False
TSLA,put,Tue-0DTE,market,30.0,11,14:30,300,52.333,15.0,False
TSLA,put,Tue-0DTE,market,30.0,12,15:00,300,33.667,15.0,False
TSLA,put,Tue-0DTE,market,30.0,13,15:30,50,30.0,5.0,False
TSLA,put,Tue-0DTE,market,50.0,1,11:00,300,88.667,80.0,False
TSLA,put,Tue-0DTE,market,50.0,2,10:30,300,88.333,40.0,False
TSLA,put,Tue-0DTE,market,50.0,3,10:00,300,86.667,45.0,False
TSLA,put,Tue-0DTE,market,50.0,4,12:00,300,86.0,50.0,False
TSLA,put,Tue-0DTE,market,50.0,5,09:30,250,84.4,40.0,False
TSLA,put,Tue-0DTE,market,50.0,6,11:30,300,79.0,65.0,False
TSLA,put,Tue-0DTE,market,50.0,7,12:30,300,78.333,30.0,False
TSLA,put,Tue-0DTE,market,50.0,8,13:00,300,66.333,20.0,False
TSLA,put,Tue-0DTE,market,50.0,9,13:30,300,53.0,15.0,False
TSLA,put,Tue-0DTE,market,50.0,10,14:00,300,51.667,20.0,False
TSLA,put,Tue-0DTE,market,50.0,11,14:30,300,42.333,15.0,False
TSLA,put,Tue-0DTE,market,50.0,12,15:00,300,25.667,15.0,False
TSLA,put,Tue-0DTE,market,50.0,13,15:30,50,24.0,5.0,False
TSLA,put,Tue-0DTE,market,75.0,1,09:30,250,81.2,65.0,False
TSLA,put,Tue-0DTE,market,75.0,2,10:00,300,80.667,70.0,False
TSLA,put,Tue-0DTE,market,75.0,3,11:00,300,80.667,100.0,False
TSLA,put,Tue-0DTE,market,75.0,4,10:30,300,80.333,105.0,False
TSLA,put,Tue-0DTE,market,75.0,5,12:00,300,79.333,55.0,False
TSLA,put,Tue-0DTE,market,75.0,6,12:30,300,73.0,35.0,False
TSLA,put,Tue-0DTE,market,75.0,7,11:30,300,72.0,70.0,False
TSLA,put,Tue-0DTE,market,75.0,8,13:00,300,61.667,25.0,False
TSLA,put,Tue-0DTE,market,75.0,9,13:30,300,48.0,20.0,False
TSLA,put,Tue-0DTE,market,75.0,10,14:00,300,44.333,20.0,False
TSLA,put,Tue-0DTE,market,75.0,11,14:30,300,34.0,15.0,False
TSLA,put,Tue-0DTE,market,75.0,12,15:30,50,20.0,7.5,False
TSLA,put,Tue-0DTE,market,75.0,13,15:00,300,18.333,15.0,False
TSLA,put,Tue-0DTE,market,100.0,1,09:30,250,77.2,90.0,False
TSLA,put,Tue-0DTE,market,100.0,2,12:00,300,74.667,55.0,False
TSLA,put,Tue-0DTE,market,100.0,3,10:00,300,74.333,125.0,False
TSLA,put,Tue-0DTE,market,100.0,4,10:30,300,72.0,130.0,False
TSLA,put,Tue-0DTE,market,100.0,5,11:00,300,71.667,110.0,False
TSLA,put,Tue-0DTE,market,100.0,6,12:30,300,70.0,40.0,False
TSLA,put,Tue-0DTE,market,100.0,7,11:30,300,67.333,75.0,False
TSLA,put,Tue-0DTE,market,100.0,8,13:00,300,59.0,30.0,False
TSLA,put,Tue-0DTE,market,100.0,9,13:30,300,45.0,25.0,False
TSLA,put,Tue-0DTE,market,100.0,10,14:00,300,40.667,25.0,False
TSLA,put,Tue-0DTE,market,100.0,11,14:30,300,30.0,15.0,False
TSLA,put,Tue-0DTE,market,100.0,12,15:30,50,14.0,10.0,False
TSLA,put,Tue-0DTE,market,100.0,13,15:00,300,13.333,12.5,False
TSLA,call,Wed-0DTE,mid,30.0,1,13:00,300,83.333,20.0,False
TSLA,call,Wed-0DTE,mid,30.0,2,12:30,300,80.333,30.0,False
TSLA,call,Wed-0DTE,mid,30.0,3,10:00,300,79.333,20.0,False
TSLA,call,Wed-0DTE,mid,30.0,4,12:00,300,79.0,55.0,False
TSLA,call,Wed-0DTE,mid,30.0,5,09:30,250,78.0,20.0,False
TSLA,call,Wed-0DTE,mid,30.0,6,11:00,300,78.0,25.0,False
TSLA,call,Wed-0DTE,mid,30.0,7,10:30,300,77.0,30.0,False
TSLA,call,Wed-0DTE,mid,30.0,8,11:30,300,76.333,35.0,False
TSLA,call,Wed-0DTE,mid,30.0,9,13:30,300,76.0,25.0,False
TSLA,call,Wed-0DTE,mid,30.0,10,14:00,300,67.0,20.0,False
TSLA,call,Wed-0DTE,mid,30.0,11,14:30,300,54.333,15.0,False
TSLA,call,Wed-0DTE,mid,30.0,12,15:00,300,40.667,10.0,False
TSLA,call,Wed-0DTE,mid,30.0,13,15:30,50,36.0,5.0,False
TSLA,call,Wed-0DTE,mid,50.0,1,13:00,300,78.0,25.0,False
TSLA,call,Wed-0DTE,mid,50.0,2,12:30,300,76.0,35.0,False
TSLA,call,Wed-0DTE,mid,50.0,3,10:00,300,74.0,27.5,False
TSLA,call,Wed-0DTE,mid,50.0,4,12:00,300,74.0,65.0,False
TSLA,call,Wed-0DTE,mid,50.0,5,11:00,300,73.667,35.0,False
TSLA,call,Wed-0DTE,mid,50.0,6,09:30,250,73.2,30.0,False
TSLA,call,Wed-0DTE,mid,50.0,7,13:30,300,71.0,40.0,False
TSLA,call,Wed-0DTE,mid,50.0,8,10:30,300,70.667,50.0,False
TSLA,call,Wed-0DTE,mid,50.0,9,11:30,300,67.667,85.0,False
TSLA,call,Wed-0DTE,mid,50.0,10,14:00,300,62.667,30.0,False
TSLA,call,Wed-0DTE,mid,50.0,11,14:30,300,50.333,20.0,False
TSLA,call,Wed-0DTE,mid,50.0,12,15:00,300,34.333,15.0,False
TSLA,call,Wed-0DTE,mid,50.0,13,15:30,50,22.0,5.0,False
TSLA,call,Wed-0DTE,mid,75.0,1,11:00,300,69.667,40.0,False
TSLA,call,Wed-0DTE,mid,75.0,2,13:00,300,69.333,35.0,False
TSLA,call,Wed-0DTE,mid,75.0,3,10:00,300,69.333,50.0,False
TSLA,call,Wed-0DTE,mid,75.0,4,12:30,300,69.0,40.0,False
TSLA,call,Wed-0DTE,mid,75.0,5,09:30,250,67.6,40.0,False
TSLA,call,Wed-0DTE,mid,75.0,6,12:00,300,66.333,70.0,False
TSLA,call,Wed-0DTE,mid,75.0,7,10:30,300,65.667,60.0,False
TSLA,call,Wed-0DTE,mid,75.0,8,13:30,300,63.333,40.0,False
TSLA,call,Wed-0DTE,mid,75.0,9,11:30,300,59.667,100.0,False
TSLA,call,Wed-0DTE,mid,75.0,10,14:00,300,56.667,35.0,False
TSLA,call,Wed-0DTE,mid,75.0,11,14:30,300,42.333,20.0,False
TSLA,call,Wed-0DTE,mid,75.0,12,15:00,300,27.0,15.0,False
TSLA,call,Wed-0DTE,mid,75.0,13,15:30,50,16.0,5.0,False
TSLA,call,Wed-0DTE,mid,100.0,1,09:30,250,63.6,50.0,False
TSLA,call,Wed-0DTE,mid,100.0,2,10:00,300,63.0,85.0,False
TSLA,call,Wed-0DTE,mid,100.0,3,11:00,300,62.333,60.0,False
TSLA,call,Wed-0DTE,mid,100.0,4,12:30,300,61.0,40.0,False
TSLA,call,Wed-0DTE,mid,100.0,5,10:30,300,60.333,70.0,False
TSLA,call,Wed-0DTE,mid,100.0,6,13:00,300,59.333,35.0,False
TSLA,call,Wed-0DTE,mid,100.0,7,12:00,300,58.333,70.0,False
TSLA,call,Wed-0DTE,mid,100.0,8,13:30,300,54.0,42.5,False
TSLA,call,Wed-0DTE,mid,100.0,9,11:30,300,52.333,105.0,False
TSLA,call,Wed-0DTE,mid,100.0,10,14:00,300,49.0,35.0,False
TSLA,call,Wed-0DTE,mid,100.0,11,14:30,300,37.667,20.0,False
TSLA,call,Wed-0DTE,mid,100.0,12,15:00,300,23.667,15.0,False
TSLA,call,Wed-0DTE,mid,100.0,13,15:30,50,16.0,5.0,False
TSLA,call,Wed-0DTE,market,30.0,1,13:00,300,83.0,25.0,False
TSLA,call,Wed-0DTE,market,30.0,2,12:30,300,79.0,30.0,False
TSLA,call,Wed-0DTE,market,30.0,3,10:00,300,77.333,20.0,False
TSLA,call,Wed-0DTE,market,30.0,4,11:00,300,76.667,25.0,False
TSLA,call,Wed-0DTE,market,30.0,5,12:00,300,76.667,60.0,False
TSLA,call,Wed-0DTE,market,30.0,6,09:30,250,75.6,20.0,False
TSLA,call,Wed-0DTE,market,30.0,7,10:30,300,75.333,40.0,False
TSLA,call,Wed-0DTE,market,30.0,8,11:30,300,74.333,50.0,False
TSLA,call,Wed-0DTE,market,30.0,9,13:30,300,73.667,30.0,False
TSLA,call,Wed-0DTE,market,30.0,10,14:00,300,66.333,25.0,False
TSLA,call,Wed-0DTE,market,30.0,11,14:30,300,53.0,20.0,False
TSLA,call,Wed-0DTE,market,30.0,12,15:00,300,39.333,10.0,False
TSLA,call,Wed-0DTE,market,30.0,13,15:30,50,30.0,5.0,False
TSLA,call,Wed-0DTE,market,50.0,1,13:00,300,76.0,30.0,False
TSLA,call,Wed-0DTE,market,50.0,2,12:30,300,74.667,35.0,False
TSLA,call,Wed-0DTE,market,50.0,3,10:00,300,73.333,35.0,False
TSLA,call,Wed-0DTE,market,50.0,4,11:00,300,72.667,35.0,False
TSLA,call,Wed-0DTE,market,50.0,5,09:30,250,70.8,35.0,False
TSLA,call,Wed-0DTE,market,50.0,6,10:30,300,69.667,50.0,False
TSLA,call,Wed-0DTE,market,50.0,7,12:00,300,69.667,65.0,False
TSLA,call,Wed-0DTE,market,50.0,8,13:30,300,69.333,40.0,False
TSLA,call,Wed-0DTE,market,50.0,9,11:30,300,66.0,92.5,False
TSLA,call,Wed-0DTE,market,50.0,10,14:00,300,61.667,30.0,False
TSLA,call,Wed-0DTE,market,50.0,11,14:30,300,48.333,20.0,False
TSLA,call,Wed-0DTE,market,50.0,12,15:00,300,31.667,15.0,False
TSLA,call,Wed-0DTE,market,50.0,13,15:30,50,20.0,5.0,False
TSLA,call,Wed-0DTE,market,75.0,1,11:00,300,66.667,45.0,False
TSLA,call,Wed-0DTE,market,75.0,2,09:30,250,66.4,45.0,False
TSLA,call,Wed-0DTE,market,75.0,3,10:00,300,65.667,70.0,False
TSLA,call,Wed-0DTE,market,75.0,4,12:30,300,65.0,40.0,False
TSLA,call,Wed-0DTE,market,75.0,5,13:00,300,64.0,30.0,False
TSLA,call,Wed-0DTE,market,75.0,6,10:30,300,63.0,60.0,False
TSLA,call,Wed-0DTE,market,75.0,7,12:00,300,62.333,65.0,False
TSLA,call,Wed-0DTE,market,75.0,8,13:30,300,59.0,40.0,False
TSLA,call,Wed-0DTE,market,75.0,9,11:30,300,55.667,100.0,False
TSLA,call,Wed-0DTE,market,75.0,10,14:00,300,54.0,35.0,False
TSLA,call,Wed-0DTE,market,75.0,11,14:30,300,40.333,20.0,False
TSLA,call,Wed-0DTE,market,75.0,12,15:00,300,25.0,15.0,False
TSLA,call,Wed-0DTE,market,75.0,13,15:30,50,16.0,5.0,False
TSLA,call,Wed-0DTE,market,100.0,1,09:30,250,63.2,60.0,False
TSLA,call,Wed-0DTE,market,100.0,2,10:00,300,61.667,90.0,False
TSLA,call,Wed-0DTE,market,100.0,3,11:00,300,61.333,60.0,False
TSLA,call,Wed-0DTE,market,100.0,4,12:30,300,59.0,45.0,False
TSLA,call,Wed-0DTE,market,100.0,5,13:00,300,58.667,35.0,False
TSLA,call,Wed-0DTE,market,100.0,6,10:30,300,58.333,70.0,False
TSLA,call,Wed-0DTE,market,100.0,7,12:00,300,56.667,70.0,False
TSLA,call,Wed-0DTE,market,100.0,8,13:30,300,52.333,40.0,False
TSLA,call,Wed-0DTE,market,100.0,9,11:30,300,50.333,105.0,False
TSLA,call,Wed-0DTE,market,100.0,10,14:00,300,48.333,40.0,False
TSLA,call,Wed-0DTE,market,100.0,11,14:30,300,36.667,20.0,False
TSLA,call,Wed-0DTE,market,100.0,12,15:00,300,23.0,15.0,False
TSLA,call,Wed-0DTE,market,100.0,13,15:30,50,12.0,5.0,False
TSLA,put,Wed-0DTE,mid,30.0,1,10:00,300,82.333,20.0,False
TSLA,put,Wed-0DTE,mid,30.0,2,11:30,300,80.333,25.0,False
TSLA,put,Wed-0DTE,mid,30.0,3,09:30,250,78.4,15.0,False
TSLA,put,Wed-0DTE,mid,30.0,4,10:30,300,76.0,20.0,False
TSLA,put,Wed-0DTE,mid,30.0,5,11:00,300,70.667,50.0,False
TSLA,put,Wed-0DTE,mid,30.0,6,12:00,300,66.667,20.0,False
TSLA,put,Wed-0DTE,mid,30.0,7,14:00,300,60.667,20.0,False
TSLA,put,Wed-0DTE,mid,30.0,8,13:30,300,56.333,20.0,False
TSLA,put,Wed-0DTE,mid,30.0,9,13:00,300,54.333,25.0,False
TSLA,put,Wed-0DTE,mid,30.0,10,12:30,300,54.333,30.0,False
TSLA,put,Wed-0DTE,mid,30.0,11,14:30,300,52.0,17.5,False
TSLA,put,Wed-0DTE,mid,30.0,12,15:00,300,32.667,10.0,False
TSLA,put,Wed-0DTE,mid,30.0,13,15:30,50,28.0,15.0,False
TSLA,put,Wed-0DTE,mid,50.0,1,10:00,300,77.333,25.0,False
TSLA,put,Wed-0DTE,mid,50.0,2,11:30,300,72.333,30.0,False
TSLA,put,Wed-0DTE,mid,50.0,3,09:30,250,69.6,25.0,False
TSLA,put,Wed-0DTE,mid,50.0,4,10:30,300,68.0,50.0,False
TSLA,put,Wed-0DTE,mid,50.0,5,11:00,300,60.0,60.0,False
TSLA,put,Wed-0DTE,mid,50.0,6,12:00,300,53.667,25.0,False
TSLA,put,Wed-0DTE,mid,50.0,7,14:00,300,51.0,35.0,False
TSLA,put,Wed-0DTE,mid,50.0,8,13:30,300,49.0,30.0,False
TSLA,put,Wed-0DTE,mid,50.0,9,14:30,300,44.333,25.0,False
TSLA,put,Wed-0DTE,mid,50.0,10,13:00,300,44.0,25.0,False
TSLA,put,Wed-0DTE,mid,50.0,11,12:30,300,42.0,35.0,False
TSLA,put,Wed-0DTE,mid,50.0,12,15:00,300,31.333,15.0,False
TSLA,put,Wed-0DTE,mid,50.0,13,15:30,50,28.0,15.0,False
TSLA,put,Wed-0DTE,mid,75.0,1,10:00,300,70.333,35.0,False
TSLA,put,Wed-0DTE,mid,75.0,2,09:30,250,63.6,35.0,False
TSLA,put,Wed-0DTE,mid,75.0,3,11:30,300,59.667,35.0,False
TSLA,put,Wed-0DTE,mid,75.0,4,10:30,300,58.333,65.0,False
TSLA,put,Wed-0DTE,mid,75.0,5,11:00,300,50.667,65.0,False
TSLA,put,Wed-0DTE,mid,75.0,6,13:30,300,42.667,30.0,False
TSLA,put,Wed-0DTE,mid,75.0,7,14:00,300,42.333,45.0,False
TSLA,put,Wed-0DTE,mid,75.0,8,12:00,300,40.667,30.0,False
TSLA,put,Wed-0DTE,mid,75.0,9,14:30,300,39.667,35.0,False
TSLA,put,Wed-0DTE,mid,75.0,10,13:00,300,36.333,30.0,False
TSLA,put,Wed-0DTE,mid,75.0,11,12:30,300,34.667,40.0,False
TSLA,put,Wed-0DTE,mid,75.0,12,15:00,300,29.667,20.0,False
TSLA,put,Wed-0DTE,mid,75.0,13,15:30,50,26.0,15.0,False
TSLA,put,Wed-0DTE,mid,100.0,1,10:00,300,62.667,42.5,False
TSLA,put,Wed-0DTE,mid,100.0,2,09:30,250,59.6,40.0,False
TSLA,put,Wed-0DTE,mid,100.0,3,11:30,300,53.667,40.0,False
TSLA,put,Wed-0DTE,mid,100.0,4,10:30,300,52.333,75.0,False
TSLA,put,Wed-0DTE,mid,100.0,5,11:00,300,43.333,70.0,False
TSLA,put,Wed-0DTE,mid,100.0,6,13:30,300,37.0,35.0,False
TSLA,put,Wed-0DTE,mid,100.0,7,14:30,300,36.0,37.5,False
TSLA,put,Wed-0DTE,mid,100.0,8,14:00,300,36.0,50.0,False
TSLA,put,Wed-0DTE,mid,100.0,9,12:00,300,33.667,35.0,False
TSLA,put,Wed-0DTE,mid,100.0,10,13:00,300,31.667,35.0,False
TSLA,put,Wed-0DTE,mid,100.0,11,12:30,300,30.0,40.0,False
TSLA,put,Wed-0DTE,mid,100.0,12,15:00,300,27.667,20.0,False
TSLA,put,Wed-0DTE,mid,100.0,13,15:30,50,24.0,15.0,False
TSLA,put,Wed-0DTE,market,30.0,1,10:00,300,81.333,20.0,False
TSLA,put,Wed-0DTE,market,30.0,2,11:30,300,78.667,25.0,False
TSLA,put,Wed-0DTE,market,30.0,3,09:30,250,76.4,20.0,False
TSLA,put,Wed-0DTE,market,30.0,4,10:30,300,74.0,25.0,False
TSLA,put,Wed-0DTE,market,30.0,5,11:00,300,68.0,55.0,False
TSLA,put,Wed-0DTE,market,30.0,6,12:00,300,63.0,20.0,False
TSLA,put,Wed-0DTE,market,30.0,7,14:00,300,58.333,25.0,False
TSLA,put,Wed-0DTE,market,30.0,8,13:30,300,55.0,25.0,False
TSLA,put,Wed-0DTE,market,30.0,9,13:00,300,51.333,25.0,False
TSLA,put,Wed-0DTE,market,30.0,10,12:30,300,51.0,35.0,False
TSLA,put,Wed-0DTE,market,30.0,11,14:30,300,49.333,20.0,False
TSLA,put,Wed-0DTE,market,30.0,12,15:00,300,32.333,10.0,False
TSLA,put,Wed-0DTE,market,30.0,13,15:30,50,28.0,15.0,False
TSLA,put,Wed-0DTE,market,50.0,1,10:00,300,75.0,25.0,False
TSLA,put,Wed-0DTE,market,50.0,2,09:30,250,68.4,25.0,False
TSLA,put,Wed-0DTE,market,50.0,3,11:30,300,67.667,30.0,False
TSLA,put,Wed-0DTE,market,50.0,4,10:30,300,65.0,50.0,False
TSLA,put,Wed-0DTE,market,50.0,5,11:00,300,56.667,60.0,False
TSLA,put,Wed-0DTE,market,50.0,6,12:00,300,50.0,25.0,False
TSLA,put,Wed-0DTE,market,50.0,7,13:30,300,47.333,30.0,False
TSLA,put,Wed-0DTE,market,50.0,8,14:00,300,47.0,40.0,False
TSLA,put,Wed-0DTE,market,50.0,9,14:30,300,43.333,27.5,False
TSLA,put,Wed-0DTE,market,50.0,10,13:00,300,41.333,30.0,False
TSLA,put,Wed-0DTE,market,50.0,11,12:30,300,40.0,37.5,False
TSLA,put,Wed-0DTE,market,50.0,12,15:00,300,31.0,15.0,False
TSLA,put,Wed-0DTE,market,50.0,13,15:30,50,28.0,15.0,False
TSLA,put,Wed-0DTE,market,75.0,1,10:00,300,69.0,35.0,False
TSLA,put,Wed-0DTE,market,75.0,2,09:30,250,62.4,35.0,False
TSLA,put,Wed-0DTE,market,75.0,3,11:30,300,58.0,35.0,False
TSLA,put,Wed-0DTE,market,75.0,4,10:30,300,56.333,70.0,False
TSLA,put,Wed-0DTE,market,75.0,5,11:00,300,47.333,65.0,False
TSLA,put,Wed-0DTE,market,75.0,6,13:30,300,41.333,35.0,False
TSLA,put,Wed-0DTE,market,75.0,7,14:00,300,39.667,45.0,False
TSLA,put,Wed-0DTE,market,75.0,8,12:00,300,38.667,30.0,False
TSLA,put,Wed-0DTE,market,75.0,9,14:30,300,38.333,35.0,False
TSLA,put,Wed-0DTE,market,75.0,10,13:00,300,33.333,30.0,False
TSLA,put,Wed-0DTE,market,75.0,11,12:30,300,32.667,40.0,False
TSLA,put,Wed-0DTE,market,75.0,12,15:00,300,29.0,20.0,False
TSLA,put,Wed-0DTE,market,75.0,13,15:30,50,24.0,15.0,False
TSLA,put,Wed-0DTE,market,100.0,1,10:00,300,60.333,40.0,False
TSLA,put,Wed-0DTE,market,100.0,2,09:30,250,59.6,45.0,False
TSLA,put,Wed-0DTE,market,100.0,3,11:30,300,50.667,42.5,False
TSLA,put,Wed-0DTE,market,100.0,4,10:30,300,50.667,75.0,False
TSLA,put,Wed-0DTE,market,100.0,5,11:00,300,40.333,65.0,False
TSLA,put,Wed-0DTE,market,100.0,6,13:30,300,35.667,30.0,False
TSLA,put,Wed-0DTE,market,100.0,7,14:30,300,35.0,40.0,False
TSLA,put,Wed-0DTE,market,100.0,8,14:00,300,35.0,55.0,False
TSLA,put,Wed-0DTE,market,100.0,9,12:00,300,31.667,35.0,False
TSLA,put,Wed-0DTE,market,100.0,10,13:00,300,30.333,40.0,False
TSLA,put,Wed-0DTE,market,100.0,11,12:30,300,29.333,40.0,False
TSLA,put,Wed-0DTE,market,100.0,12,15:00,300,27.667,20.0,False
TSLA,put,Wed-0DTE,market,100.0,13,15:30,50,24.0,17.5,False
TSLA,call,Thu-0DTE,mid,30.0,1,09:30,250,92.4,15.0,False
TSLA,call,Thu-0DTE,mid,30.0,2,10:00,300,81.333,15.0,False
TSLA,call,Thu-0DTE,mid,30.0,3,10:30,300,71.667,15.0,False
TSLA,call,Thu-0DTE,mid,30.0,4,11:00,300,69.0,15.0,False
TSLA,call,Thu-0DTE,mid,30.0,5,12:00,300,64.333,30.0,False
TSLA,call,Thu-0DTE,mid,30.0,6,11:30,300,58.0,20.0,False
TSLA,call,Thu-0DTE,mid,30.0,7,13:00,300,57.333,20.0,False
TSLA,call,Thu-0DTE,mid,30.0,8,12:30,300,55.667,15.0,False
TSLA,call,Thu-0DTE,mid,30.0,9,13:30,300,50.0,20.0,False
TSLA,call,Thu-0DTE,mid,30.0,10,14:30,300,49.333,20.0,False
TSLA,call,Thu-0DTE,mid,30.0,11,14:00,300,41.333,20.0,False
TSLA,call,Thu-0DTE,mid,30.0,12,15:00,300,32.0,10.0,False
TSLA,call,Thu-0DTE,mid,30.0,13,15:30,50,24.0,10.0,False
TSLA,call,Thu-0DTE,mid,50.0,1,09:30,250,89.2,25.0,False
TSLA,call,Thu-0DTE,mid,50.0,2,10:00,300,75.0,20.0,False
TSLA,call,Thu-0DTE,mid,50.0,3,10:30,300,63.333,20.0,False
TSLA,call,Thu-0DTE,mid,50.0,4,11:00,300,61.667,35.0,False
TSLA,call,Thu-0DTE,mid,50.0,5,12:00,300,54.667,57.5,False
TSLA,call,Thu-0DTE,mid,50.0,6,11:30,300,52.0,35.0,False
TSLA,call,Thu-0DTE,mid,50.0,7,13:00,300,50.0,30.0,False
TSLA,call,Thu-0DTE,mid,50.0,8,12:30,300,48.667,25.0,False
TSLA,call,Thu-0DTE,mid,50.0,9,14:30,300,43.333,20.0,False
TSLA,call,Thu-0DTE,mid,50.0,10,13:30,300,42.667,20.0,False
TSLA,call,Thu-0DTE,mid,50.0,11,14:00,300,34.333,30.0,False
TSLA,call,Thu-0DTE,mid,50.0,12,15:00,300,26.667,15.0,False
TSLA,call,Thu-0DTE,mid,50.0,13,15:30,50,16.0,10.0,False
TSLA,call,Thu-0DTE,mid,75.0,1,09:30,250,83.6,30.0,False
TSLA,call,Thu-0DTE,mid,75.0,2,10:00,300,69.0,25.0,False
TSLA,call,Thu-0DTE,mid,75.0,3,10:30,300,55.667,30.0,False
TSLA,call,Thu-0DTE,mid,75.0,4,11:00,300,53.333,50.0,False
TSLA,call,Thu-0DTE,mid,75.0,5,11:30,300,47.0,75.0,False
TSLA,call,Thu-0DTE,mid,75.0,6,12:00,300,45.333,75.0,False
TSLA,call,Thu-0DTE,mid,75.0,7,13:00,300,44.333,35.0,False
TSLA,call,Thu-0DTE,mid,75.0,8,12:30,300,42.0,32.5,False
TSLA,call,Thu-0DTE,mid,75.0,9,14:30,300,38.0,25.0,False
TSLA,call,Thu-0DTE,mid,75.0,10,13:30,300,34.667,25.0,False
TSLA,call,Thu-0DTE,mid,75.0,11,14:00,300,28.667,45.0,False
TSLA,call,Thu-0DTE,mid,75.0,12,15:00,300,21.0,15.0,False
TSLA,call,Thu-0DTE,mid,75.0,13,15:30,50,14.0,10.0,False
TSLA,call,Thu-0DTE,mid,100.0,1,09:30,250,78.0,35.0,False
TSLA,call,Thu-0DTE,mid,100.0,2,10:00,300,63.0,30.0,False
TSLA,call,Thu-0DTE,mid,100.0,3,10:30,300,50.667,40.0,False
TSLA,call,Thu-0DTE,mid,100.0,4,11:00,300,45.333,60.0,False
TSLA,call,Thu-0DTE,mid,100.0,5,11:30,300,39.0,95.0,False
TSLA,call,Thu-0DTE,mid,100.0,6,12:30,300,37.0,35.0,False
TSLA,call,Thu-0DTE,mid,100.0,7,12:00,300,35.333,75.0,False
TSLA,call,Thu-0DTE,mid,100.0,8,13:00,300,34.667,45.0,False
TSLA,call,Thu-0DTE,mid,100.0,9,14:30,300,32.667,25.0,False
TSLA,call,Thu-0DTE,mid,100.0,10,13:30,300,28.0,30.0,False
TSLA,call,Thu-0DTE,mid,100.0,11,14:00,300,23.333,45.0,False
TSLA,call,Thu-0DTE,mid,100.0,12,15:00,300,17.667,15.0,False
TSLA,call,Thu-0DTE,mid,100.0,13,15:30,50,10.0,10.0,False
TSLA,call,Thu-0DTE,market,30.0,1,09:30,250,91.6,20.0,False
TSLA,call,Thu-0DTE,market,30.0,2,10:00,300,80.0,15.0,False
TSLA,call,Thu-0DTE,market,30.0,3,10:30,300,68.0,15.0,False
TSLA,call,Thu-0DTE,market,30.0,4,11:00,300,66.0,20.0,False
TSLA,call,Thu-0DTE,market,30.0,5,12:00,300,60.667,40.0,False
TSLA,call,Thu-0DTE,market,30.0,6,11:30,300,55.667,20.0,False
TSLA,call,Thu-0DTE,market,30.0,7,13:00,300,55.667,25.0,False
TSLA,call,Thu-0DTE,market,30.0,8,12:30,300,53.667,20.0,False
TSLA,call,Thu-0DTE,market,30.0,9,13:30,300,48.333,20.0,False
TSLA,call,Thu-0DTE,market,30.0,10,14:30,300,47.0,20.0,False
TSLA,call,Thu-0DTE,market,30.0,11,14:00,300,39.333,27.5,False
TSLA,call,Thu-0DTE,market,30.0,12,15:00,300,30.333,10.0,False
TSLA,call,Thu-0DTE,market,30.0,13,15:30,50,24.0,10.0,False
TSLA,call,Thu-0DTE,market,50.0,1,09:30,250,86.4,25.0,False
TSLA,call,Thu-0DTE,market,50.0,2,10:00,300,74.0,20.0,False
TSLA,call,Thu-0DTE,market,50.0,3,10:30,300,62.0,20.0,False
TSLA,call,Thu-0DTE,market,50.0,4,11:00,300,58.667,42.5,False
TSLA,call,Thu-0DTE,market,50.0,5,12:00,300,52.667,65.0,False
TSLA,call,Thu-0DTE,market,50.0,6,11:30,300,51.0,40.0,False
TSLA,call,Thu-0DTE,market,50.0,7,13:00,300,48.667,30.0,False
TSLA,call,Thu-0DTE,market,50.0,8,12:30,300,47.0,25.0,False
TSLA,call,Thu-0DTE,market,50.0,9,14:30,300,41.333,20.0,False
TSLA,call,Thu-0DTE,market,50.0,10,13:30,300,41.333,25.0,False
TSLA,call,Thu-0DTE,market,50.0,11,14:00,300,33.0,30.0,False
TSLA,call,Thu-0DTE,market,50.0,12,15:00,300,25.333,15.0,False
TSLA,call,Thu-0DTE,market,50.0,13,15:30,50,14.0,10.0,False
TSLA,call,Thu-0DTE,market,75.0,1,09:30,250,81.2,35.0,False
TSLA,call,Thu-0DTE,market,75.0,2,10:00,300,67.333,30.0,False
TSLA,call,Thu-0DTE,market,75.0,3,10:30,300,54.667,35.0,False
TSLA,call,Thu-0DTE,market,75.0,4,11:00,300,51.333,55.0,False
TSLA,call,Thu-0DTE,market,75.0,5,11:30,300,44.0,70.0,False
TSLA,call,Thu-0DTE,market,75.0,6,12:00,300,41.667,75.0,False
TSLA,call,Thu-0DTE,market,75.0,7,12:30,300,39.0,30.0,False
TSLA,call,Thu-0DTE,market,75.0,8,13:00,300,39.0,35.0,False
TSLA,call,Thu-0DTE,market,75.0,9,14:30,300,36.667,25.0,False
TSLA,call,Thu-0DTE,market,75.0,10,13:30,300,30.667,25.0,False
TSLA,call,Thu-0DTE,market,75.0,11,14:00,300,26.333,45.0,False
TSLA,call,Thu-0DTE,market,75.0,12,15:00,300,20.333,15.0,False
TSLA,call,Thu-0DTE,market,75.0,13,15:30,50,14.0,10.0,False
TSLA,call,Thu-0DTE,market,100.0,1,09:30,250,77.2,40.0,False
TSLA,call,Thu-0DTE,market,100.0,2,10:00,300,61.667,35.0,False
TSLA,call,Thu-0DTE,market,100.0,3,10:30,300,49.0,45.0,False
TSLA,call,Thu-0DTE,market,100.0,4,11:00,300,44.0,60.0,False
TSLA,call,Thu-0DTE,market,100.0,5,11:30,300,37.667,95.0,False
TSLA,call,Thu-0DTE,market,100.0,6,12:30,300,36.0,35.0,False
TSLA,call,Thu-0DTE,market,100.0,7,12:00,300,34.0,82.5,False
TSLA,call,Thu-0DTE,market,100.0,8,13:00,300,32.667,45.0,False
TSLA,call,Thu-0DTE,market,100.0,9,14:30,300,31.0,25.0,False
TSLA,call,Thu-0DTE,market,100.0,10,13:30,300,26.667,30.0,False
TSLA,call,Thu-0DTE,market,100.0,11,14:00,300,22.333,45.0,False
TSLA,call,Thu-0DTE,market,100.0,12,15:00,300,17.667,15.0,False
TSLA,call,Thu-0DTE,market,100.0,13,15:30,50,10.0,10.0,False
TSLA,put,Thu-0DTE,mid,30.0,1,11:30,300,75.667,20.0,False
TSLA,put,Thu-0DTE,mid,30.0,2,11:00,300,75.333,25.0,False
TSLA,put,Thu-0DTE,mid,30.0,3,12:00,300,74.667,15.0,False
TSLA,put,Thu-0DTE,mid,30.0,4,10:00,300,74.0,25.0,False
TSLA,put,Thu-0DTE,mid,30.0,5,10:30,300,70.333,15.0,False
TSLA,put,Thu-0DTE,mid,30.0,6,09:30,250,68.4,35.0,False
TSLA,put,Thu-0DTE,mid,30.0,7,13:00,300,61.333,30.0,False
TSLA,put,Thu-0DTE,mid,30.0,8,14:00,300,60.667,20.0,False
TSLA,put,Thu-0DTE,mid,30.0,9,12:30,300,59.0,20.0,False
TSLA,put,Thu-0DTE,mid,30.0,10,13:30,300,58.333,25.0,False
TSLA,put,Thu-0DTE,mid,30.0,11,14:30,300,48.0,15.0,False
TSLA,put,Thu-0DTE,mid,30.0,12,15:00,300,25.333,10.0,False
TSLA,put,Thu-0DTE,mid,30.0,13,15:30,50,16.0,5.0,False
TSLA,put,Thu-0DTE,mid,50.0,1,11:00,300,72.333,40.0,False
TSLA,put,Thu-0DTE,mid,50.0,2,11:30,300,71.667,30.0,False
TSLA,put,Thu-0DTE,mid,50.0,3,12:00,300,67.0,20.0,False
TSLA,put,Thu-0DTE,mid,50.0,4,10:00,300,66.0,35.0,False
TSLA,put,Thu-0DTE,mid,50.0,5,10:30,300,65.333,22.5,False
TSLA,put,Thu-0DTE,mid,50.0,6,09:30,250,58.4,95.0,False
TSLA,put,Thu-0DTE,mid,50.0,7,14:00,300,53.0,20.0,False
TSLA,put,Thu-0DTE,mid,50.0,8,12:30,300,52.333,25.0,False
TSLA,put,Thu-0DTE,mid,50.0,9,13:30,300,52.333,40.0,False
TSLA,put,Thu-0DTE,mid,50.0,10,13:00,300,49.667,45.0,False
TSLA,put,Thu-0DTE,mid,50.0,11,14:30,300,36.667,15.0,False
TSLA,put,Thu-0DTE,mid,50.0,12,15:00,300,17.0,10.0,False
TSLA,put,Thu-0DTE,mid,50.0,13,15:30,50,12.0,7.5,False
TSLA,put,Thu-0DTE,mid,75.0,1,11:00,300,67.667,55.0,False
TSLA,put,Thu-0DTE,mid,75.0,2,11:30,300,66.333,35.0,False
TSLA,put,Thu-0DTE,mid,75.0,3,10:30,300,63.333,30.0,False
TSLA,put,Thu-0DTE,mid,75.0,4,12:00,300,62.667,30.0,False
TSLA,put,Thu-0DTE,mid,75.0,5,10:00,300,59.0,50.0,False
TSLA,put,Thu-0DTE,mid,75.0,6,09:30,250,51.6,130.0,False
TSLA,put,Thu-0DTE,mid,75.0,7,12:30,300,47.667,30.0,False
TSLA,put,Thu-0DTE,mid,75.0,8,13:30,300,44.333,45.0,False
TSLA,put,Thu-0DTE,mid,75.0,9,14:00,300,44.0,25.0,False
TSLA,put,Thu-0DTE,mid,75.0,10,13:00,300,42.0,55.0,False
TSLA,put,Thu-0DTE,mid,75.0,11,14:30,300,28.0,15.0,False
TSLA,put,Thu-0DTE,mid,75.0,12,15:00,300,13.0,10.0,False
TSLA,put,Thu-0DTE,mid,75.0,13,15:30,50,8.0,10.0,False
TSLA,put,Thu-0DTE,mid,100.0,1,11:00,300,63.333,60.0,False
TSLA,put,Thu-0DTE,mid,100.0,2,11:30,300,61.667,40.0,False
TSLA,put,Thu-0DTE,mid,100.0,3,10:30,300,60.333,45.0,False
TSLA,put,Thu-0DTE,mid,100.0,4,12:00,300,57.667,35.0,False
TSLA,put,Thu-0DTE,mid,100.0,5,10:00,300,54.333,75.0,False
TSLA,put,Thu-0DTE,mid,100.0,6,09:30,250,48.4,135.0,False
TSLA,put,Thu-0DTE,mid,100.0,7,12:30,300,44.333,35.0,False
TSLA,put,Thu-0DTE,mid,100.0,8,14:00,300,37.667,25.0,False
TSLA,put,Thu-0DTE,mid,100.0,9,13:30,300,37.667,50.0,False
TSLA,put,Thu-0DTE,mid,100.0,10,13:00,300,35.667,60.0,False
TSLA,put,Thu-0DTE,mid,100.0,11,14:30,300,20.333,15.0,False
TSLA,put,Thu-0DTE,mid,100.0,12,15:00,300,10.0,12.5,False
TSLA,put,Thu-0DTE,mid,100.0,13,15:30,50,6.0,10.0,False
TSLA,put,Thu-0DTE,market,30.0,1,11:30,300,75.0,25.0,False
TSLA,put,Thu-0DTE,market,30.0,2,11:00,300,75.0,30.0,False
TSLA,put,Thu-0DTE,market,30.0,3,12:00,300,71.333,20.0,False
TSLA,put,Thu-0DTE,market,30.0,4,10:00,300,71.0,25.0,False
TSLA,put,Thu-0DTE,market,30.0,5,10:30,300,69.333,20.0,False
TSLA,put,Thu-0DTE,market,30.0,6,09:30,250,65.2,75.0,False
TSLA,put,Thu-0DTE,market,30.0,7,14:00,300,58.333,20.0,False
TSLA,put,Thu-0DTE,market,30.0,8,13:30,300,57.0,35.0,False
TSLA,put,Thu-0DTE,market,30.0,9,13:00,300,57.0,40.0,False
TSLA,put,Thu-0DTE,market,30.0,10,12:30,300,54.667,20.0,False
TSLA,put,Thu-0DTE,market,30.0,11,14:30,300,45.0,15.0,False
TSLA,put,Thu-0DTE,market,30.0,12,15:00,300,21.333,10.0,False
TSLA,put,Thu-0DTE,market,30.0,13,15:30,50,14.0,10.0,False
TSLA,put,Thu-0DTE,market,50.0,1,11:00,300,70.667,40.0,False
TSLA,put,Thu-0DTE,market,50.0,2,11:30,300,70.333,30.0,False
TSLA,put,Thu-0DTE,market,50.0,3,12:00,300,65.333,25.0,False
TSLA,put,Thu-0DTE,market,50.0,4,10:30,300,65.0,25.0,False
TSLA,put,Thu-0DTE,market,50.0,5,10:00,300,63.333,35.0,False
TSLA,put,Thu-0DTE,market,50.0,6,09:30,250,56.8,97.5,False
TSLA,put,Thu-0DTE,market,50.0,7,14:00,300,51.0,25.0,False
TSLA,put,Thu-0DTE,market,50.0,8,12:30,300,50.667,25.0,False
TSLA,put,Thu-0DTE,market,50.0,9,13:30,300,49.667,45.0,False
TSLA,put,Thu-0DTE,market,50.0,10,13:00,300,47.667,50.0,False
TSLA,put,Thu-0DTE,market,50.0,11,14:30,300,33.667,15.0,False
TSLA,put,Thu-0DTE,market,50.0,12,15:00,300,15.667,10.0,False
TSLA,put,Thu-0DTE,market,50.0,13,15:30,50,10.0,5.0,False
TSLA,put,Thu-0DTE,market,75.0,1,11:00,300,65.0,55.0,False
TSLA,put,Thu-0DTE,market,75.0,2,11:30,300,64.667,35.0,False
TSLA,put,Thu-0DTE,market,75.0,3,10:30,300,62.0,30.0,False
TSLA,put,Thu-0DTE,market,75.0,4,12:00,300,60.667,35.0,False
TSLA,put,Thu-0DTE,market,75.0,5,10:00,300,58.333,60.0,False
TSLA,put,Thu-0DTE,market,75.0,6,09:30,250,51.6,130.0,False
TSLA,put,Thu-0DTE,market,75.0,7,12:30,300,47.333,30.0,False
TSLA,put,Thu-0DTE,market,75.0,8,14:00,300,43.333,25.0,False
TSLA,put,Thu-0DTE,market,75.0,9,13:30,300,43.0,50.0,False
TSLA,put,Thu-0DTE,market,75.0,10,13:00,300,39.667,55.0,False
TSLA,put,Thu-0DTE,market,75.0,11,14:30,300,24.667,15.0,False
TSLA,put,Thu-0DTE,market,75.0,12,15:00,300,11.333,10.0,False
TSLA,put,Thu-0DTE,market,75.0,13,15:30,50,8.0,10.0,False
TSLA,put,Thu-0DTE,market,100.0,1,11:30,300,61.333,40.0,False
TSLA,put,Thu-0DTE,market,100.0,2,11:00,300,61.333,60.0,False
TSLA,put,Thu-0DTE,market,100.0,3,10:30,300,59.0,50.0,False
TSLA,put,Thu-0DTE,market,100.0,4,12:00,300,56.667,35.0,False
TSLA,put,Thu-0DTE,market,100.0,5,10:00,300,53.333,80.0,False
TSLA,put,Thu-0DTE,market,100.0,6,09:30,250,46.8,135.0,False
TSLA,put,Thu-0DTE,market,100.0,7,12:30,300,43.0,35.0,False
TSLA,put,Thu-0DTE,market,100.0,8,14:00,300,36.667,25.0,False
TSLA,put,Thu-0DTE,market,100.0,9,13:30,300,35.333,50.0,False
TSLA,put,Thu-0DTE,market,100.0,10,13:00,300,33.667,60.0,False
TSLA,put,Thu-0DTE,market,100.0,11,14:30,300,19.0,15.0,False
TSLA,put,Thu-0DTE,market,100.0,12,15:00,300,9.0,10.0,False
TSLA,put,Thu-0DTE,market,100.0,13,15:30,50,6.0,10.0,False
TSLA,call,Fri-0DTE,mid,30.0,1,10:00,300,84.333,15.0,False
TSLA,call,Fri-0DTE,mid,30.0,2,10:30,300,84.333,30.0,False
TSLA,call,Fri-0DTE,mid,30.0,3,09:30,250,81.6,20.0,False
TSLA,call,Fri-0DTE,mid,30.0,4,11:00,300,80.333,30.0,False
TSLA,call,Fri-0DTE,mid,30.0,5,11:30,300,69.667,20.0,False
TSLA,call,Fri-0DTE,mid,30.0,6,12:00,300,57.667,25.0,False
TSLA,call,Fri-0DTE,mid,30.0,7,13:00,300,55.0,20.0,False
TSLA,call,Fri-0DTE,mid,30.0,8,12:30,300,55.0,25.0,False
TSLA,call,Fri-0DTE,mid,30.0,9,13:30,300,54.667,25.0,False
TSLA,call,Fri-0DTE,mid,30.0,10,14:30,300,38.667,15.0,False
TSLA,call,Fri-0DTE,mid,30.0,11,14:00,300,38.0,40.0,False
TSLA,call,Fri-0DTE,mid,30.0,12,15:30,50,28.0,5.0,False
TSLA,call,Fri-0DTE,mid,30.0,13,15:00,300,27.0,10.0,False
TSLA,call,Fri-0DTE,mid,50.0,1,10:00,300,78.333,25.0,False
TSLA,call,Fri-0DTE,mid,50.0,2,10:30,300,75.667,50.0,False
TSLA,call,Fri-0DTE,mid,50.0,3,09:30,250,73.6,20.0,False
TSLA,call,Fri-0DTE,mid,50.0,4,11:00,300,69.667,45.0,False
TSLA,call,Fri-0DTE,mid,50.0,5,11:30,300,59.0,20.0,False
TSLA,call,Fri-0DTE,mid,50.0,6,12:00,300,51.667,35.0,False
TSLA,call,Fri-0DTE,mid,50.0,7,12:30,300,49.0,30.0,False
TSLA,call,Fri-0DTE,mid,50.0,8,13:00,300,46.333,20.0,False
TSLA,call,Fri-0DTE,mid,50.0,9,13:30,300,45.0,30.0,False
TSLA,call,Fri-0DTE,mid,50.0,10,14:00,300,31.333,42.5,False
TSLA,call,Fri-0DTE,mid,50.0,11,14:30,300,29.667,20.0,False
TSLA,call,Fri-0DTE,mid,50.0,12,15:00,300,23.333,20.0,False
TSLA,call,Fri-0DTE,mid,50.0,13,15:30,50,22.0,5.0,False
TSLA,call,Fri-0DTE,mid,75.0,1,10:00,300,72.667,32.5,False
TSLA,call,Fri-0DTE,mid,75.0,2,09:30,250,68.8,27.5,False
TSLA,call,Fri-0DTE,mid,75.0,3,10:30,300,65.0,70.0,False
TSLA,call,Fri-0DTE,mid,75.0,4,11:00,300,62.333,50.0,False
TSLA,call,Fri-0DTE,mid,75.0,5,11:30,300,52.667,25.0,False
TSLA,call,Fri-0DTE,mid,75.0,6,12:00,300,46.0,40.0,False
TSLA,call,Fri-0DTE,mid,75.0,7,12:30,300,40.667,30.0,False
TSLA,call,Fri-0DTE,mid,75.0,8,13:00,300,38.333,25.0,False
TSLA,call,Fri-0DTE,mid,75.0,9,13:30,300,35.667,35.0,False
TSLA,call,Fri-0DTE,mid,75.0,10,14:00,300,27.0,45.0,False
TSLA,call,Fri-0DTE,mid,75.0,11,14:30,300,25.333,22.5,False
TSLA,call,Fri-0DTE,mid,75.0,12,15:00,300,19.0,20.0,False
TSLA,call,Fri-0DTE,mid,75.0,13,15:30,50,16.0,7.5,False
TSLA,call,Fri-0DTE,mid,100.0,1,10:00,300,66.0,50.0,False
TSLA,call,Fri-0DTE,mid,100.0,2,09:30,250,64.4,30.0,False
TSLA,call,Fri-0DTE,mid,100.0,3,11:00,300,58.667,60.0,False
TSLA,call,Fri-0DTE,mid,100.0,4,10:30,300,57.0,80.0,False
TSLA,call,Fri-0DTE,mid,100.0,5,11:30,300,48.333,30.0,False
TSLA,call,Fri-0DTE,mid,100.0,6,12:00,300,38.667,50.0,False
TSLA,call,Fri-0DTE,mid,100.0,7,13:00,300,34.667,25.0,False
TSLA,call,Fri-0DTE,mid,100.0,8,12:30,300,34.0,35.0,False
TSLA,call,Fri-0DTE,mid,100.0,9,13:30,300,31.667,40.0,False
TSLA,call,Fri-0DTE,mid,100.0,10,14:30,300,22.667,25.0,False
TSLA,call,Fri-0DTE,mid,100.0,11,14:00,300,22.333,45.0,False
TSLA,call,Fri-0DTE,mid,100.0,12,15:00,300,16.667,20.0,False
TSLA,call,Fri-0DTE,mid,100.0,13,15:30,50,14.0,5.0,False
TSLA,call,Fri-0DTE,market,30.0,1,10:30,300,83.333,35.0,False
TSLA,call,Fri-0DTE,market,30.0,2,10:00,300,83.0,20.0,False
TSLA,call,Fri-0DTE,market,30.0,3,09:30,250,78.8,20.0,False
TSLA,call,Fri-0DTE,market,30.0,4,11:00,300,78.0,35.0,False
TSLA,call,Fri-0DTE,market,30.0,5,11:30,300,66.667,20.0,False
TSLA,call,Fri-0DTE,market,30.0,6,12:00,300,56.0,25.0,False
TSLA,call,Fri-0DTE,market,30.0,7,12:30,300,52.667,25.0,False
TSLA,call,Fri-0DTE,market,30.0,8,13:00,300,52.0,20.0,False
TSLA,call,Fri-0DTE,market,30.0,9,13:30,300,51.0,25.0,False
TSLA,call,Fri-0DTE,market,30.0,10,14:00,300,36.333,40.0,False
TSLA,call,Fri-0DTE,market,30.0,11,14:30,300,35.667,20.0,False
TSLA,call,Fri-0DTE,market,30.0,12,15:00,300,26.667,15.0,False
TSLA,call,Fri-0DTE,market,30.0,13,15:30,50,26.0,10.0,False
TSLA,call,Fri-0DTE,market,50.0,1,10:00,300,76.333,25.0,False
TSLA,call,Fri-0DTE,market,50.0,2,10:30,300,73.333,50.0,False
TSLA,call,Fri-0DTE,market,50.0,3,09:30,250,72.4,25.0,False
TSLA,call,Fri-0DTE,market,50.0,4,11:00,300,68.0,45.0,False
TSLA,call,Fri-0DTE,market,50.0,5,11:30,300,57.667,20.0,False
TSLA,call,Fri-0DTE,market,50.0,6,12:00,300,50.333,35.0,False
TSLA,call,Fri-0DTE,market,50.0,7,12:30,300,46.0,30.0,False
TSLA,call,Fri-0DTE,market,50.0,8,13:00,300,45.0,20.0,False
TSLA,call,Fri-0DTE,market,50.0,9,13:30,300,41.667,35.0,False
TSLA,call,Fri-0DTE,market,50.0,10,14:00,300,30.667,45.0,False
TSLA,call,Fri-0DTE,market,50.0,11,14:30,300,27.667,20.0,False
TSLA,call,Fri-0DTE,market,50.0,12,15:00,300,21.667,20.0,False
TSLA,call,Fri-0DTE,market,50.0,13,15:30,50,18.0,5.0,False
TSLA,call,Fri-0DTE,market,75.0,1,10:00,300,70.667,40.0,False
TSLA,call,Fri-0DTE,market,75.0,2,09:30,250,66.8,30.0,False
TSLA,call,Fri-0DTE,market,75.0,3,10:30,300,63.0,75.0,False
TSLA,call,Fri-0DTE,market,75.0,4,11:00,300,61.0,55.0,False
TSLA,call,Fri-0DTE,market,75.0,5,11:30,300,52.0,30.0,False
TSLA,call,Fri-0DTE,market,75.0,6,12:00,300,44.333,45.0,False
TSLA,call,Fri-0DTE,market,75.0,7,12:30,300,38.667,32.5,False
TSLA,call,Fri-0DTE,market,75.0,8,13:00,300,36.667,25.0,False
TSLA,call,Fri-0DTE,market,75.0,9,13:30,300,33.333,37.5,False
TSLA,call,Fri-0DTE,market,75.0,10,14:00,300,25.0,45.0,False
TSLA,call,Fri-0DTE,market,75.0,11,14:30,300,23.667,20.0,False
TSLA,call,Fri-0DTE,market,75.0,12,15:00,300,17.667,20.0,False
TSLA,call,Fri-0DTE,market,75.0,13,15:30,50,14.0,5.0,False
TSLA,call,Fri-0DTE,market,100.0,1,10:00,300,65.0,55.0,False
TSLA,call,Fri-0DTE,market,100.0,2,09:30,250,63.6,35.0,False
TSLA,call,Fri-0DTE,market,100.0,3,11:00,300,56.333,60.0,False
TSLA,call,Fri-0DTE,market,100.0,4,10:30,300,55.667,90.0,False
TSLA,call,Fri-0DTE,market,100.0,5,11:30,300,46.333,35.0,False
TSLA,call,Fri-0DTE,market,100.0,6,12:00,300,36.667,52.5,False
TSLA,call,Fri-0DTE,market,100.0,7,12:30,300,33.0,35.0,False
TSLA,call,Fri-0DTE,market,100.0,8,13:00,300,32.667,25.0,False
TSLA,call,Fri-0DTE,market,100.0,9,13:30,300,28.667,35.0,False
TSLA,call,Fri-0DTE,market,100.0,10,14:30,300,22.0,25.0,False
TSLA,call,Fri-0DTE,market,100.0,11,14:00,300,22.0,45.0,False
TSLA,call,Fri-0DTE,market,100.0,12,15:00,300,15.667,20.0,False
TSLA,call,Fri-0DTE,market,100.0,13,15:30,50,12.0,5.0,False
TSLA,put,Fri-0DTE,mid,30.0,1,10:30,300,78.333,35.0,False
TSLA,put,Fri-0DTE,mid,30.0,2,09:30,250,76.0,15.0,False
TSLA,put,Fri-0DTE,mid,30.0,3,10:00,300,74.333,25.0,False
TSLA,put,Fri-0DTE,mid,30.0,4,11:00,300,73.333,25.0,False
TSLA,put,Fri-0DTE,mid,30.0,5,11:30,300,71.333,35.0,False
TSLA,put,Fri-0DTE,mid,30.0,6,12:00,300,66.0,15.0,False
TSLA,put,Fri-0DTE,mid,30.0,7,12:30,300,58.0,15.0,False
TSLA,put,Fri-0DTE,mid,30.0,8,13:30,300,55.333,27.5,False
TSLA,put,Fri-0DTE,mid,30.0,9,13:00,300,53.667,20.0,False
TSLA,put,Fri-0DTE,mid,30.0,10,14:00,300,50.0,20.0,False
TSLA,put,Fri-0DTE,mid,30.0,11,14:30,300,45.333,15.0,False
TSLA,put,Fri-0DTE,mid,30.0,12,15:00,300,28.333,10.0,False
TSLA,put,Fri-0DTE,mid,30.0,13,15:30,50,20.0,10.0,False
TSLA,put,Fri-0DTE,mid,50.0,1,10:00,300,73.0,55.0,False
TSLA,put,Fri-0DTE,mid,50.0,2,10:30,300,73.0,65.0,False
TSLA,put,Fri-0DTE,mid,50.0,3,09:30,250,70.4,25.0,False
TSLA,put,Fri-0DTE,mid,50.0,4,11:00,300,67.0,55.0,False
TSLA,put,Fri-0DTE,mid,50.0,5,11:30,300,66.0,40.0,False
TSLA,put,Fri-0DTE,mid,50.0,6,12:00,300,63.0,20.0,False
TSLA,put,Fri-0DTE,mid,50.0,7,12:30,300,55.333,20.0,False
TSLA,put,Fri-0DTE,mid,50.0,8,13:30,300,51.0,35.0,False
TSLA,put,Fri-0DTE,mid,50.0,9,13:00,300,50.0,35.0,False
TSLA,put,Fri-0DTE,mid,50.0,10,14:00,300,43.667,25.0,False
TSLA,put,Fri-0DTE,mid,50.0,11,14:30,300,38.0,15.0,False
TSLA,put,Fri-0DTE,mid,50.0,12,15:00,300,23.0,15.0,False
TSLA,put,Fri-0DTE,mid,50.0,13,15:30,50,18.0,10.0,False
TSLA,put,Fri-0DTE,mid,75.0,1,10:00,300,71.0,85.0,False
TSLA,put,Fri-0DTE,mid,75.0,2,10:30,300,68.0,90.0,False
TSLA,put,Fri-0DTE,mid,75.0,3,09:30,250,66.4,30.0,False
TSLA,put,Fri-0DTE,mid,75.0,4,12:00,300,61.667,25.0,False
TSLA,put,Fri-0DTE,mid,75.0,5,11:00,300,61.333,70.0,False
TSLA,put,Fri-0DTE,mid,75.0,6,11:30,300,60.333,50.0,False
TSLA,put,Fri-0DTE,mid,75.0,7,12:30,300,51.667,30.0,False
TSLA,put,Fri-0DTE,mid,75.0,8,13:30,300,44.333,40.0,False
TSLA,put,Fri-0DTE,mid,75.0,9,13:00,300,43.667,45.0,False
TSLA,put,Fri-0DTE,mid,75.0,10,14:00,300,37.667,20.0,False
TSLA,put,Fri-0DTE,mid,75.0,11,14:30,300,30.0,20.0,False
TSLA,put,Fri-0DTE,mid,75.0,12,15:00,300,17.0,15.0,False
TSLA,put,Fri-0DTE,mid,75.0,13,15:30,50,14.0,10.0,False
TSLA,put,Fri-0DTE,mid,100.0,1,10:00,300,65.333,115.0,False
TSLA,put,Fri-0DTE,mid,100.0,2,10:30,300,64.333,105.0,False
TSLA,put,Fri-0DTE,mid,100.0,3,09:30,250,63.6,40.0,False
TSLA,put,Fri-0DTE,mid,100.0,4,12:00,300,58.667,30.0,False
TSLA,put,Fri-0DTE,mid,100.0,5,11:30,300,56.667,50.0,False
TSLA,put,Fri-0DTE,mid,100.0,6,11:00,300,55.0,75.0,False
TSLA,put,Fri-0DTE,mid,100.0,7,12:30,300,47.667,35.0,False
TSLA,put,Fri-0DTE,mid,100.0,8,13:30,300,39.333,40.0,False
TSLA,put,Fri-0DTE,mid,100.0,9,13:00,300,39.333,50.0,False
TSLA,put,Fri-0DTE,mid,100.0,10,14:00,300,33.333,25.0,False
TSLA,put,Fri-0DTE,mid,100.0,11,14:30,300,26.333,20.0,False
TSLA,put,Fri-0DTE,mid,100.0,12,15:00,300,14.0,15.0,False
TSLA,put,Fri-0DTE,mid,100.0,13,15:30,50,10.0,10.0,False
TSLA,put,Fri-0DTE,market,30.0,1,10:30,300,76.667,45.0,False
TSLA,put,Fri-0DTE,market,30.0,2,09:30,250,74.8,15.0,False
TSLA,put,Fri-0DTE,market,30.0,3,10:00,300,73.667,35.0,False
TSLA,put,Fri-0DTE,market,30.0,4,11:00,300,72.0,35.0,False
TSLA,put,Fri-0DTE,market,30.0,5,11:30,300,69.333,35.0,False
TSLA,put,Fri-0DTE,market,30.0,6,12:00,300,64.667,15.0,False
TSLA,put,Fri-0DTE,market,30.0,7,12:30,300,58.0,15.0,False
TSLA,put,Fri-0DTE,market,30.0,8,13:30,300,54.333,30.0,False
TSLA,put,Fri-0DTE,market,30.0,9,13:00,300,52.333,25.0,False
TSLA,put,Fri-0DTE,market,30.0,10,14:00,300,47.667,20.0,False
TSLA,put,Fri-0DTE,market,30.0,11,14:30,300,44.333,15.0,False
TSLA,put,Fri-0DTE,market,30.0,12,15:00,300,27.0,10.0,False
TSLA,put,Fri-0DTE,market,30.0,13,15:30,50,18.0,10.0,False
TSLA,put,Fri-0DTE,market,50.0,1,10:00,300,73.0,60.0,False
TSLA,put,Fri-0DTE,market,50.0,2,10:30,300,71.333,75.0,False
TSLA,put,Fri-0DTE,market,50.0,3,09:30,250,68.4,25.0,False
TSLA,put,Fri-0DTE,market,50.0,4,11:00,300,66.0,60.0,False
TSLA,put,Fri-0DTE,market,50.0,5,11:30,300,64.667,45.0,False
TSLA,put,Fri-0DTE,market,50.0,6,12:00,300,62.333,25.0,False
TSLA,put,Fri-0DTE,market,50.0,7,12:30,300,55.0,25.0,False
TSLA,put,Fri-0DTE,market,50.0,8,13:00,300,50.0,40.0,False
TSLA,put,Fri-0DTE,market,50.0,9,13:30,300,48.667,35.0,False
TSLA,put,Fri-0DTE,market,50.0,10,14:00,300,42.667,25.0,False
TSLA,put,Fri-0DTE,market,50.0,11,14:30,300,36.0,15.0,False
TSLA,put,Fri-0DTE,market,50.0,12,15:00,300,20.667,15.0,False
TSLA,put,Fri-0DTE,market,50.0,13,15:30,50,16.0,7.5,False
TSLA,put,Fri-0DTE,market,75.0,1,10:00,300,70.0,85.0,False
TSLA,put,Fri-0DTE,market,75.0,2,10:30,300,66.667,95.0,False
TSLA,put,Fri-0DTE,market,75.0,3,09:30,250,65.6,35.0,False
TSLA,put,Fri-0DTE,market,75.0,4,12:00,300,60.333,30.0,False
TSLA,put,Fri-0DTE,market,75.0,5,11:30,300,60.333,50.0,False
TSLA,put,Fri-0DTE,market,75.0,6,11:00,300,58.667,70.0,False
TSLA,put,Fri-0DTE,market,75.0,7,12:30,300,51.0,35.0,False
TSLA,put,Fri-0DTE,market,75.0,8,13:00,300,42.667,50.0,False
TSLA,put,Fri-0DTE,market,75.0,9,13:30,300,42.333,40.0,False
TSLA,put,Fri-0DTE,market,75.0,10,14:00,300,36.333,25.0,False
TSLA,put,Fri-0DTE,market,75.0,11,14:30,300,28.0,20.0,False
TSLA,put,Fri-0DTE,market,75.0,12,15:00,300,16.333,15.0,False
TSLA,put,Fri-0DTE,market,75.0,13,15:30,50,12.0,10.0,False
TSLA,put,Fri-0DTE,market,100.0,1,10:00,300,64.0,115.0,False
TSLA,put,Fri-0DTE,market,100.0,2,10:30,300,63.0,105.0,False
TSLA,put,Fri-0DTE,market,100.0,3,09:30,250,62.4,40.0,False
TSLA,put,Fri-0DTE,market,100.0,4,12:00,300,58.0,35.0,False
TSLA,put,Fri-0DTE,market,100.0,5,11:30,300,56.0,50.0,False
TSLA,put,Fri-0DTE,market,100.0,6,11:00,300,54.667,77.5,False
TSLA,put,Fri-0DTE,market,100.0,7,12:30,300,47.0,40.0,False
TSLA,put,Fri-0DTE,market,100.0,8,13:30,300,39.0,45.0,False
TSLA,put,Fri-0DTE,market,100.0,9,13:00,300,39.0,50.0,False
TSLA,put,Fri-0DTE,market,100.0,10,14:00,300,33.0,25.0,False
TSLA,put,Fri-0DTE,market,100.0,11,14:30,300,25.0,20.0,False
TSLA,put,Fri-0DTE,market,100.0,12,15:00,300,14.0,15.0,False
TSLA,put,Fri-0DTE,market,100.0,13,15:30,50,10.0,10.0,False
ORCL,call,Mon->Fri,mid,30.0,1,10:30,300,66.333,95.0,False
ORCL,call,Mon->Fri,mid,30.0,2,12:00,300,63.0,35.0,False
ORCL,call,Mon->Fri,mid,30.0,3,11:30,300,57.333,50.0,False
ORCL,call,Mon->Fri,mid,30.0,4,11:00,300,56.667,70.0,False
ORCL,call,Mon->Fri,mid,30.0,5,09:30,250,55.2,30.0,False
ORCL,call,Mon->Fri,mid,30.0,6,10:00,300,55.0,125.0,False
ORCL,call,Mon->Fri,mid,30.0,7,12:30,300,44.0,55.0,False
ORCL,call,Mon->Fri,mid,30.0,8,13:00,300,41.0,35.0,False
ORCL,call,Mon->Fri,mid,30.0,9,14:30,300,30.333,35.0,False
ORCL,call,Mon->Fri,mid,30.0,10,14:00,300,29.333,55.0,False
ORCL,call,Mon->Fri,mid,30.0,11,13:30,300,29.0,40.0,False
ORCL,call,Mon->Fri,mid,30.0,12,15:30,50,26.0,20.0,False
ORCL,call,Mon->Fri,mid,30.0,13,15:00,300,17.0,20.0,False
ORCL,call,Mon->Fri,mid,50.0,1,12:00,300,45.667,80.0,False
ORCL,call,Mon->Fri,mid,50.0,2,10:30,300,45.333,125.0,False
ORCL,call,Mon->Fri,mid,50.0,3,11:00,300,43.333,105.0,False
ORCL,call,Mon->Fri,mid,50.0,4,11:30,300,42.667,85.0,False
ORCL,call,Mon->Fri,mid,50.0,5,09:30,250,40.0,52.5,False
ORCL,call,Mon->Fri,mid,50.0,6,10:00,300,34.667,140.0,False
ORCL,call,Mon->Fri,mid,50.0,7,12:30,300,31.667,105.0,False
ORCL,call,Mon->Fri,mid,50.0,8,13:00,300,28.667,125.0,False
ORCL,call,Mon->Fri,mid,50.0,9,14:00,300,19.0,80.0,False
ORCL,call,Mon->Fri,mid,50.0,10,13:30,300,17.667,90.0,False
ORCL,call,Mon->Fri,mid,50.0,11,14:30,300,14.333,50.0,False
ORCL,call,Mon->Fri,mid,50.0,12,15:00,300,7.667,25.0,False
ORCL,call,Mon->Fri,mid,50.0,13,15:30,50,2.0,15.0,False
ORCL,call,Mon->Fri,mid,75.0,1,11:00,300,30.0,135.0,False
ORCL,call,Mon->Fri,mid,75.0,2,09:30,250,28.4,85.0,False
ORCL,call,Mon->Fri,mid,75.0,3,11:30,300,26.0,110.0,False
ORCL,call,Mon->Fri,mid,75.0,4,10:30,300,25.667,145.0,False
ORCL,call,Mon->Fri,mid,75.0,5,12:00,300,25.333,95.0,False
ORCL,call,Mon->Fri,mid,75.0,6,10:00,300,25.0,170.0,False
ORCL,call,Mon->Fri,mid,75.0,7,12:30,300,17.0,85.0,False
ORCL,call,Mon->Fri,mid,75.0,8,13:00,300,12.667,60.0,False
ORCL,call,Mon->Fri,mid,75.0,9,13:30,300,7.0,110.0,False
ORCL,call,Mon->Fri,mid,75.0,10,14:00,300,4.333,100.0,False
ORCL,call,Mon->Fri,mid,75.0,11,14:30,300,4.0,75.0,False
ORCL,call,Mon->Fri,mid,75.0,12,15:00,300,1.0,55.0,False
ORCL,call,Mon->Fri,mid,75.0,13,15:30,50,0.0,,False
ORCL,call,Mon->Fri,mid,100.0,1,09:30,250,21.6,120.0,False
ORCL,call,Mon->Fri,mid,100.0,2,11:00,300,18.667,145.0,False
ORCL,call,Mon->Fri,mid,100.0,3,10:00,300,18.667,200.0,False
ORCL,call,Mon->Fri,mid,100.0,4,12:00,300,18.333,110.0,False
ORCL,call,Mon->Fri,mid,100.0,5,10:30,300,17.0,180.0,False
ORCL,call,Mon->Fri,mid,100.0,6,11:30,300,16.0,125.0,False
ORCL,call,Mon->Fri,mid,100.0,7,12:30,300,8.333,85.0,False
ORCL,call,Mon->Fri,mid,100.0,8,13:00,300,2.667,50.0,False
ORCL,call,Mon->Fri,mid,100.0,9,13:30,300,1.333,122.5,False
ORCL,call,Mon->Fri,mid,100.0,10,14:30,300,0.333,85.0,False
ORCL,call,Mon->Fri,mid,100.0,11,14:00,300,0.0,,False
ORCL,call,Mon->Fri,mid,100.0,12,15:00,300,0.0,,False
ORCL,call,Mon->Fri,mid,100.0,13,15:30,50,0.0,,False
ORCL,call,Mon->Fri,market,30.0,1,10:30,300,62.333,120.0,False
ORCL,call,Mon->Fri,market,30.0,2,12:00,300,60.333,45.0,False
ORCL,call,Mon->Fri,market,30.0,3,11:00,300,53.333,80.0,False
ORCL,call,Mon->Fri,market,30.0,4,11:30,300,52.667,55.0,False
ORCL,call,Mon->Fri,market,30.0,5,09:30,250,50.8,35.0,False
ORCL,call,Mon->Fri,market,30.0,6,10:00,300,48.333,135.0,False
ORCL,call,Mon->Fri,market,30.0,7,12:30,300,39.0,65.0,False
ORCL,call,Mon->Fri,market,30.0,8,13:00,300,36.667,40.0,False
ORCL,call,Mon->Fri,market,30.0,9,13:30,300,26.667,62.5,False
ORCL,call,Mon->Fri,market,30.0,10,14:30,300,24.333,40.0,False
ORCL,call,Mon->Fri,market,30.0,11,14:00,300,23.667,65.0,False
ORCL,call,Mon->Fri,market,30.0,12,15:30,50,18.0,15.0,False
ORCL,call,Mon->Fri,market,30.0,13,15:00,300,11.667,20.0,False
ORCL,call,Mon->Fri,market,50.0,1,12:00,300,40.0,85.0,False
ORCL,call,Mon->Fri,market,50.0,2,11:00,300,39.333,120.0,False
ORCL,call,Mon->Fri,market,50.0,3,11:30,300,38.667,92.5,False
ORCL,call,Mon->Fri,market,50.0,4,10:30,300,38.667,140.0,False
ORCL,call,Mon->Fri,market,50.0,5,09:30,250,37.2,60.0,False
ORCL,call,Mon->Fri,market,50.0,6,10:00,300,32.0,147.5,False
ORCL,call,Mon->Fri,market,50.0,7,12:30,300,27.667,130.0,False
ORCL,call,Mon->Fri,market,50.0,8,13:00,300,24.667,125.0,False
ORCL,call,Mon->Fri,market,50.0,9,14:00,300,15.333,85.0,False
ORCL,call,Mon->Fri,market,50.0,10,13:30,300,15.333,92.5,False
ORCL,call,Mon->Fri,market,50.0,11,14:30,300,11.333,55.0,False
ORCL,call,Mon->Fri,market,50.0,12,15:00,300,5.667,25.0,False
ORCL,call,Mon->Fri,market,50.0,13,15:30,50,0.0,,False
ORCL,call,Mon->Fri,market,75.0,1,11:00,300,26.667,135.0,False
ORCL,call,Mon->Fri,market,75.0,2,09:30,250,25.6,87.5,False
ORCL,call,Mon->Fri,market,75.0,3,10:00,300,23.0,190.0,False
ORCL,call,Mon->Fri,market,75.0,4,10:30,300,22.667,152.5,False
ORCL,call,Mon->Fri,market,75.0,5,12:00,300,22.333,100.0,False
ORCL,call,Mon->Fri,market,75.0,6,11:30,300,22.333,115.0,False
ORCL,call,Mon->Fri,market,75.0,7,12:30,300,13.667,80.0,False
ORCL,call,Mon->Fri,market,75.0,8,13:00,300,8.667,57.5,False
ORCL,call,Mon->Fri,market,75.0,9,13:30,300,5.0,115.0,False
ORCL,call,Mon->Fri,market,75.0,10,14:30,300,2.0,80.0,False
ORCL,call,Mon->Fri,market,75.0,11,14:00,300,2.0,97.5,False
ORCL,call,Mon->Fri,market,75.0,12,15:00,300,0.0,,False
ORCL,call,Mon->Fri,market,75.0,13,15:30,50,0.0,,False
ORCL,call,Mon->Fri,market,100.0,1,09:30,250,19.6,125.0,False
ORCL,call,Mon->Fri,market,100.0,2,10:00,300,16.667,200.0,False
ORCL,call,Mon->Fri,market,100.0,3,12:00,300,16.333,110.0,False
ORCL,call,Mon->Fri,market,100.0,4,11:00,300,15.667,150.0,False
ORCL,call,Mon->Fri,market,100.0,5,11:30,300,14.667,125.0,False
ORCL,call,Mon->Fri,market,100.0,6,10:30,300,14.667,180.0,False
ORCL,call,Mon->Fri,market,100.0,7,12:30,300,6.0,85.0,False
ORCL,call,Mon->Fri,market,100.0,8,13:00,300,1.0,50.0,False
ORCL,call,Mon->Fri,market,100.0,9,13:30,300,0.333,135.0,False
ORCL,call,Mon->Fri,market,100.0,10,14:00,300,0.0,,False
ORCL,call,Mon->Fri,market,100.0,11,14:30,300,0.0,,False
ORCL,call,Mon->Fri,market,100.0,12,15:00,300,0.0,,False
ORCL,call,Mon->Fri,market,100.0,13,15:30,50,0.0,,False
ORCL,put,Mon->Fri,mid,30.0,1,09:30,250,69.6,50.0,False
ORCL,put,Mon->Fri,mid,30.0,2,13:30,300,65.0,50.0,False
ORCL,put,Mon->Fri,mid,30.0,3,10:00,300,60.667,35.0,False
ORCL,put,Mon->Fri,mid,30.0,4,12:30,300,59.667,100.0,False
ORCL,put,Mon->Fri,mid,30.0,5,13:00,300,55.667,65.0,False
ORCL,put,Mon->Fri,mid,30.0,6,14:00,300,53.333,60.0,False
ORCL,put,Mon->Fri,mid,30.0,7,11:00,300,52.667,105.0,False
ORCL,put,Mon->Fri,mid,30.0,8,14:30,300,45.333,45.0,False
ORCL,put,Mon->Fri,mid,30.0,9,11:30,300,45.333,90.0,False
ORCL,put,Mon->Fri,mid,30.0,10,10:30,300,44.667,45.0,False
ORCL,put,Mon->Fri,mid,30.0,11,12:00,300,40.333,120.0,False
ORCL,put,Mon->Fri,mid,30.0,12,15:00,300,29.667,20.0,False
ORCL,put,Mon->Fri,mid,30.0,13,15:30,50,22.0,15.0,False
ORCL,put,Mon->Fri,mid,50.0,1,09:30,250,56.0,70.0,False
ORCL,put,Mon->Fri,mid,50.0,2,10:00,300,49.667,55.0,False
ORCL,put,Mon->Fri,mid,50.0,3,13:00,300,44.667,100.0,False
ORCL,put,Mon->Fri,mid,50.0,4,13:30,300,44.0,80.0,False
ORCL,put,Mon->Fri,mid,50.0,5,12:30,300,38.0,140.0,False
ORCL,put,Mon->Fri,mid,50.0,6,11:00,300,36.333,135.0,False
ORCL,put,Mon->Fri,mid,50.0,7,10:30,300,32.333,85.0,False
ORCL,put,Mon->Fri,mid,50.0,8,14:00,300,29.333,75.0,False
ORCL,put,Mon->Fri,mid,50.0,9,11:30,300,29.333,157.5,False
ORCL,put,Mon->Fri,mid,50.0,10,12:00,300,24.333,160.0,False
ORCL,put,Mon->Fri,mid,50.0,11,14:30,300,20.667,47.5,False
ORCL,put,Mon->Fri,mid,50.0,12,15:00,300,14.667,25.0,False
ORCL,put,Mon->Fri,mid,50.0,13,15:30,50,12.0,20.0,False
ORCL,put,Mon->Fri,mid,75.0,1,10:00,300,37.667,85.0,False
ORCL,put,Mon->Fri,mid,75.0,2,09:30,250,35.6,145.0,False
ORCL,put,Mon->Fri,mid,75.0,3,10:30,300,25.0,135.0,False
ORCL,put,Mon->Fri,mid,75.0,4,12:30,300,24.0,160.0,False
ORCL,put,Mon->Fri,mid,75.0,5,13:00,300,23.667,130.0,False
ORCL,put,Mon->Fri,mid,75.0,6,13:30,300,21.667,80.0,False
ORCL,put,Mon->Fri,mid,75.0,7,11:00,300,21.667,205.0,False
ORCL,put,Mon->Fri,mid,75.0,8,14:00,300,20.667,85.0,False
ORCL,put,Mon->Fri,mid,75.0,9,11:30,300,17.333,200.0,False
ORCL,put,Mon->Fri,mid,75.0,10,12:00,300,15.333,185.0,False
ORCL,put,Mon->Fri,mid,75.0,11,15:00,300,10.0,25.0,False
ORCL,put,Mon->Fri,mid,75.0,12,14:30,300,8.333,65.0,False
ORCL,put,Mon->Fri,mid,75.0,13,15:30,50,4.0,22.5,False
ORCL,put,Mon->Fri,mid,100.0,1,10:00,300,25.0,165.0,False
ORCL,put,Mon->Fri,mid,100.0,2,09:30,250,22.8,220.0,False
ORCL,put,Mon->Fri,mid,100.0,3,10:30,300,19.333,162.5,False
ORCL,put,Mon->Fri,mid,100.0,4,13:30,300,16.0,100.0,False
ORCL,put,Mon->Fri,mid,100.0,5,13:00,300,15.667,135.0,False
ORCL,put,Mon->Fri,mid,100.0,6,11:00,300,13.667,230.0,False
ORCL,put,Mon->Fri,mid,100.0,7,14:00,300,12.333,55.0,False
ORCL,put,Mon->Fri,mid,100.0,8,12:30,300,11.667,170.0,False
ORCL,put,Mon->Fri,mid,100.0,9,15:00,300,8.667,30.0,False
ORCL,put,Mon->Fri,mid,100.0,10,11:30,300,8.333,210.0,False
ORCL,put,Mon->Fri,mid,100.0,11,12:00,300,5.667,190.0,False
ORCL,put,Mon->Fri,mid,100.0,12,14:30,300,2.333,55.0,False
ORCL,put,Mon->Fri,mid,100.0,13,15:30,50,0.0,,False
ORCL,put,Mon->Fri,market,30.0,1,09:30,250,67.2,60.0,False
ORCL,put,Mon->Fri,market,30.0,2,13:30,300,60.667,55.0,False
ORCL,put,Mon->Fri,market,30.0,3,10:00,300,58.333,50.0,False
ORCL,put,Mon->Fri,market,30.0,4,13:00,300,54.333,90.0,False
ORCL,put,Mon->Fri,market,30.0,5,12:30,300,54.0,105.0,False
ORCL,put,Mon->Fri,market,30.0,6,11:00,300,50.333,115.0,False
ORCL,put,Mon->Fri,market,30.0,7,14:00,300,46.333,65.0,False
ORCL,put,Mon->Fri,market,30.0,8,10:30,300,41.0,60.0,False
ORCL,put,Mon->Fri,market,30.0,9,11:30,300,39.667,100.0,False
ORCL,put,Mon->Fri,market,30.0,10,14:30,300,37.333,45.0,False
ORCL,put,Mon->Fri,market,30.0,11,12:00,300,36.667,120.0,False
ORCL,put,Mon->Fri,market,30.0,12,15:00,300,23.0,20.0,False
ORCL,put,Mon->Fri,market,30.0,13,15:30,50,20.0,12.5,False
ORCL,put,Mon->Fri,market,50.0,1,09:30,250,51.2,80.0,False
ORCL,put,Mon->Fri,market,50.0,2,10:00,300,46.333,60.0,False
ORCL,put,Mon->Fri,market,50.0,3,13:00,300,37.333,110.0,False
ORCL,put,Mon->Fri,market,50.0,4,13:30,300,36.333,80.0,False
ORCL,put,Mon->Fri,market,50.0,5,12:30,300,35.667,150.0,False
ORCL,put,Mon->Fri,market,50.0,6,10:30,300,30.333,110.0,False
ORCL,put,Mon->Fri,market,50.0,7,11:00,300,30.333,150.0,False
ORCL,put,Mon->Fri,market,50.0,8,14:00,300,26.667,80.0,False
ORCL,put,Mon->Fri,market,50.0,9,11:30,300,26.0,180.0,False
ORCL,put,Mon->Fri,market,50.0,10,12:00,300,21.667,175.0,False
ORCL,put,Mon->Fri,market,50.0,11,14:30,300,16.667,50.0,False
ORCL,put,Mon->Fri,market,50.0,12,15:00,300,12.333,25.0,False
ORCL,put,Mon->Fri,market,50.0,13,15:30,50,10.0,20.0,False
ORCL,put,Mon->Fri,market,75.0,1,10:00,300,33.0,100.0,False
ORCL,put,Mon->Fri,market,75.0,2,09:30,250,30.4,180.0,False
ORCL,put,Mon->Fri,market,75.0,3,10:30,300,23.333,140.0,False
ORCL,put,Mon->Fri,market,75.0,4,12:30,300,20.333,165.0,False
ORCL,put,Mon->Fri,market,75.0,5,13:00,300,19.667,135.0,False
ORCL,put,Mon->Fri,market,75.0,6,13:30,300,19.333,77.5,False
ORCL,put,Mon->Fri,market,75.0,7,11:00,300,19.333,217.5,False
ORCL,put,Mon->Fri,market,75.0,8,14:00,300,17.667,85.0,False
ORCL,put,Mon->Fri,market,75.0,9,11:30,300,14.333,205.0,False
ORCL,put,Mon->Fri,market,75.0,10,12:00,300,12.667,185.0,False
ORCL,put,Mon->Fri,market,75.0,11,15:00,300,9.667,25.0,False
ORCL,put,Mon->Fri,market,75.0,12,14:30,300,6.333,65.0,False
ORCL,put,Mon->Fri,market,75.0,13,15:30,50,2.0,25.0,False
ORCL,put,Mon->Fri,market,100.0,1,10:00,300,22.333,170.0,False
ORCL,put,Mon->Fri,market,100.0,2,09:30,250,20.4,225.0,False
ORCL,put,Mon->Fri,market,100.0,3,10:30,300,18.0,190.0,False
ORCL,put,Mon->Fri,market,100.0,4,13:30,300,15.0,105.0,False
ORCL,put,Mon->Fri,market,100.0,5,13:00,300,14.0,140.0,False
ORCL,put,Mon->Fri,market,100.0,6,14:00,300,11.667,55.0,False
ORCL,put,Mon->Fri,market,100.0,7,11:00,300,10.0,237.5,False
ORCL,put,Mon->Fri,market,100.0,8,12:30,300,8.667,175.0,False
ORCL,put,Mon->Fri,market,100.0,9,15:00,300,8.0,30.0,False
ORCL,put,Mon->Fri,market,100.0,10,11:30,300,6.0,215.0,False
ORCL,put,Mon->Fri,market,100.0,11,12:00,300,4.0,187.5,False
ORCL,put,Mon->Fri,market,100.0,12,14:30,300,1.667,55.0,False
ORCL,put,Mon->Fri,market,100.0,13,15:30,50,0.0,,False
ORCL,call,Tue->Fri,mid,30.0,1,09:30,250,59.6,55.0,False
ORCL,call,Tue->Fri,mid,30.0,2,11:30,300,58.667,55.0,False
ORCL,call,Tue->Fri,mid,30.0,3,11:00,300,57.667,70.0,False
ORCL,call,Tue->Fri,mid,30.0,4,10:30,300,57.0,70.0,False
ORCL,call,Tue->Fri,mid,30.0,5,10:00,300,50.0,55.0,False
ORCL,call,Tue->Fri,mid,30.0,6,12:00,300,44.0,70.0,False
ORCL,call,Tue->Fri,mid,30.0,7,12:30,300,41.0,35.0,False
ORCL,call,Tue->Fri,mid,30.0,8,14:00,300,29.667,40.0,False
ORCL,call,Tue->Fri,mid,30.0,9,13:30,300,26.667,20.0,False
ORCL,call,Tue->Fri,mid,30.0,10,13:00,300,26.667,25.0,False
ORCL,call,Tue->Fri,mid,30.0,11,14:30,300,25.333,35.0,False
ORCL,call,Tue->Fri,mid,30.0,12,15:30,50,20.0,15.0,False
ORCL,call,Tue->Fri,mid,30.0,13,15:00,300,19.0,30.0,False
ORCL,call,Tue->Fri,mid,50.0,1,09:30,250,40.0,85.0,False
ORCL,call,Tue->Fri,mid,50.0,2,11:30,300,39.0,100.0,False
ORCL,call,Tue->Fri,mid,50.0,3,12:00,300,35.667,85.0,False
ORCL,call,Tue->Fri,mid,50.0,4,10:30,300,34.667,110.0,False
ORCL,call,Tue->Fri,mid,50.0,5,10:00,300,33.333,95.0,False
ORCL,call,Tue->Fri,mid,50.0,6,12:30,300,32.667,60.0,False
ORCL,call,Tue->Fri,mid,50.0,7,11:00,300,30.333,145.0,False
ORCL,call,Tue->Fri,mid,50.0,8,13:00,300,21.667,30.0,False
ORCL,call,Tue->Fri,mid,50.0,9,15:30,50,14.0,25.0,False
ORCL,call,Tue->Fri,mid,50.0,10,13:30,300,14.0,27.5,False
ORCL,call,Tue->Fri,mid,50.0,11,14:30,300,12.333,40.0,False
ORCL,call,Tue->Fri,mid,50.0,12,14:00,300,12.333,60.0,False
ORCL,call,Tue->Fri,mid,50.0,13,15:00,300,10.333,35.0,False
ORCL,call,Tue->Fri,mid,75.0,1,09:30,250,28.8,110.0,False
ORCL,call,Tue->Fri,mid,75.0,2,12:30,300,23.667,75.0,False
ORCL,call,Tue->Fri,mid,75.0,3,10:00,300,23.333,150.0,False
ORCL,call,Tue->Fri,mid,75.0,4,11:30,300,17.333,135.0,False
ORCL,call,Tue->Fri,mid,75.0,5,12:00,300,17.0,105.0,False
ORCL,call,Tue->Fri,mid,75.0,6,10:30,300,16.333,125.0,False
ORCL,call,Tue->Fri,mid,75.0,7,11:00,300,15.667,110.0,False
ORCL,call,Tue->Fri,mid,75.0,8,13:00,300,13.0,35.0,False
ORCL,call,Tue->Fri,mid,75.0,9,14:30,300,7.0,55.0,False
ORCL,call,Tue->Fri,mid,75.0,10,15:30,50,4.0,27.5,False
ORCL,call,Tue->Fri,mid,75.0,11,15:00,300,3.667,45.0,False
ORCL,call,Tue->Fri,mid,75.0,12,14:00,300,3.0,55.0,False
ORCL,call,Tue->Fri,mid,75.0,13,13:30,300,2.0,30.0,False
ORCL,call,Tue->Fri,mid,100.0,1,09:30,250,23.6,165.0,False
ORCL,call,Tue->Fri,mid,100.0,2,10:00,300,18.333,175.0,False
ORCL,call,Tue->Fri,mid,100.0,3,12:30,300,12.333,70.0,False
ORCL,call,Tue->Fri,mid,100.0,4,13:00,300,10.0,45.0,False
ORCL,call,Tue->Fri,mid,100.0,5,10:30,300,10.0,135.0,False
ORCL,call,Tue->Fri,mid,100.0,6,11:00,300,9.0,115.0,False
ORCL,call,Tue->Fri,mid,100.0,7,11:30,300,6.0,192.5,False
ORCL,call,Tue->Fri,mid,100.0,8,14:30,300,5.0,55.0,False
ORCL,call,Tue->Fri,mid,100.0,9,12:00,300,3.333,105.0,False
ORCL,call,Tue->Fri,mid,100.0,10,15:00,300,1.0,45.0,False
ORCL,call,Tue->Fri,mid,100.0,11,13:30,300,0.667,30.0,False
ORCL,call,Tue->Fri,mid,100.0,12,14:00,300,0.667,52.5,False
ORCL,call,Tue->Fri,mid,100.0,13,15:30,50,0.0,,False
ORCL,call,Tue->Fri,market,30.0,1,09:30,250,54.8,65.0,False
ORCL,call,Tue->Fri,market,30.0,2,11:30,300,52.667,80.0,False
ORCL,call,Tue->Fri,market,30.0,3,10:30,300,50.667,92.5,False
ORCL,call,Tue->Fri,market,30.0,4,11:00,300,49.333,80.0,False
ORCL,call,Tue->Fri,market,30.0,5,10:00,300,45.0,75.0,False
ORCL,call,Tue->Fri,market,30.0,6,12:00,300,41.333,75.0,False
ORCL,call,Tue->Fri,market,30.0,7,12:30,300,38.0,45.0,False
ORCL,call,Tue->Fri,market,30.0,8,13:00,300,25.667,30.0,False
ORCL,call,Tue->Fri,market,30.0,9,14:00,300,23.333,45.0,False
ORCL,call,Tue->Fri,market,30.0,10,13:30,300,22.667,20.0,False
ORCL,call,Tue->Fri,market,30.0,11,14:30,300,21.667,35.0,False
ORCL,call,Tue->Fri,market,30.0,12,15:30,50,20.0,15.0,False
ORCL,call,Tue->Fri,market,30.0,13,15:00,300,16.0,30.0,False
ORCL,call,Tue->Fri,market,50.0,1,09:30,250,35.2,85.0,False
ORCL,call,Tue->Fri,market,50.0,2,11:30,300,33.0,105.0,False
ORCL,call,Tue->Fri,market,50.0,3,12:00,300,31.667,95.0,False
ORCL,call,Tue->Fri,market,50.0,4,12:30,300,30.667,60.0,False
ORCL,call,Tue->Fri,market,50.0,5,10:00,300,29.333,102.5,False
ORCL,call,Tue->Fri,market,50.0,6,10:30,300,29.0,115.0,False
ORCL,call,Tue->Fri,market,50.0,7,11:00,300,25.333,150.0,False
ORCL,call,Tue->Fri,market,50.0,8,13:00,300,20.0,35.0,False
ORCL,call,Tue->Fri,market,50.0,9,15:30,50,10.0,25.0,False
ORCL,call,Tue->Fri,market,50.0,10,13:30,300,10.0,30.0,False
ORCL,call,Tue->Fri,market,50.0,11,14:30,300,9.667,60.0,False
ORCL,call,Tue->Fri,market,50.0,12,14:00,300,9.0,55.0,False
ORCL,call,Tue->Fri,market,50.0,13,15:00,300,8.0,35.0,False
ORCL,call,Tue->Fri,market,75.0,1,09:30,250,26.8,110.0,False
ORCL,call,Tue->Fri,market,75.0,2,10:00,300,22.0,160.0,False
ORCL,call,Tue->Fri,market,75.0,3,12:30,300,21.333,72.5,False
ORCL,call,Tue->Fri,market,75.0,4,11:00,300,14.0,112.5,False
ORCL,call,Tue->Fri,market,75.0,5,10:30,300,13.0,130.0,False
ORCL,call,Tue->Fri,market,75.0,6,11:30,300,13.0,135.0,False
ORCL,call,Tue->Fri,market,75.0,7,12:00,300,12.333,115.0,False
ORCL,call,Tue->Fri,market,75.0,8,13:00,300,11.333,37.5,False
ORCL,call,Tue->Fri,market,75.0,9,14:30,300,6.333,55.0,False
ORCL,call,Tue->Fri,market,75.0,10,15:30,50,4.0,30.0,False
ORCL,call,Tue->Fri,market,75.0,11,15:00,300,2.667,45.0,False
ORCL,call,Tue->Fri,market,75.0,12,14:00,300,1.667,55.0,False
ORCL,call,Tue->Fri,market,75.0,13,13:30,300,1.333,30.0,False
ORCL,call,Tue->Fri,market,100.0,1,09:30,250,22.0,180.0,False
ORCL,call,Tue->Fri,market,100.0,2,10:00,300,16.333,170.0,False
ORCL,call,Tue->Fri,market,100.0,3,12:30,300,10.0,70.0,False
ORCL,call,Tue->Fri,market,100.0,4,13:00,300,9.333,45.0,False
ORCL,call,Tue->Fri,market,100.0,5,10:30,300,8.333,140.0,False
ORCL,call,Tue->Fri,market,100.0,6,11:00,300,7.667,125.0,False
ORCL,call,Tue->Fri,market,100.0,7,14:30,300,4.0,55.0,False
ORCL,call,Tue->Fri,market,100.0,8,11:30,300,4.0,152.5,False
ORCL,call,Tue->Fri,market,100.0,9,12:00,300,2.333,100.0,False
ORCL,call,Tue->Fri,market,100.0,10,13:30,300,0.667,30.0,False
ORCL,call,Tue->Fri,market,100.0,11,15:00,300,0.667,47.5,False
ORCL,call,Tue->Fri,market,100.0,12,14:00,300,0.0,,False
ORCL,call,Tue->Fri,market,100.0,13,15:30,50,0.0,,False
ORCL,put,Tue->Fri,mid,30.0,1,09:30,250,76.4,75.0,False
ORCL,put,Tue->Fri,mid,30.0,2,10:00,300,76.0,92.5,False
ORCL,put,Tue->Fri,mid,30.0,3,13:30,300,75.667,35.0,False
ORCL,put,Tue->Fri,mid,30.0,4,10:30,300,74.0,102.5,False
ORCL,put,Tue->Fri,mid,30.0,5,11:00,300,72.0,107.5,False
ORCL,put,Tue->Fri,mid,30.0,6,13:00,300,71.667,60.0,False
ORCL,put,Tue->Fri,mid,30.0,7,11:30,300,70.667,87.5,False
ORCL,put,Tue->Fri,mid,30.0,8,12:00,300,65.333,60.0,False
ORCL,put,Tue->Fri,mid,30.0,9,12:30,300,62.0,75.0,False
ORCL,put,Tue->Fri,mid,30.0,10,14:00,300,42.667,25.0,False
ORCL,put,Tue->Fri,mid,30.0,11,14:30,300,33.333,35.0,False
ORCL,put,Tue->Fri,mid,30.0,12,15:30,50,24.0,22.5,False
ORCL,put,Tue->Fri,mid,30.0,13,15:00,300,21.0,30.0,False
ORCL,put,Tue->Fri,mid,50.0,1,10:00,300,63.667,115.0,False
ORCL,put,Tue->Fri,mid,50.0,2,10:30,300,61.0,200.0,False
ORCL,put,Tue->Fri,mid,50.0,3,09:30,250,58.0,80.0,False
ORCL,put,Tue->Fri,mid,50.0,4,11:00,300,57.667,155.0,False
ORCL,put,Tue->Fri,mid,50.0,5,12:00,300,48.667,110.0,False
ORCL,put,Tue->Fri,mid,50.0,6,12:30,300,47.0,85.0,False
ORCL,put,Tue->Fri,mid,50.0,7,11:30,300,47.0,145.0,False
ORCL,put,Tue->Fri,mid,50.0,8,13:00,300,44.0,80.0,False
ORCL,put,Tue->Fri,mid,50.0,9,13:30,300,40.667,45.0,False
ORCL,put,Tue->Fri,mid,50.0,10,14:00,300,18.0,25.0,False
ORCL,put,Tue->Fri,mid,50.0,11,14:30,300,12.667,27.5,False
ORCL,put,Tue->Fri,mid,50.0,12,15:00,300,7.0,45.0,False
ORCL,put,Tue->Fri,mid,50.0,13,15:30,50,2.0,30.0,False
ORCL,put,Tue->Fri,mid,75.0,1,10:00,300,49.333,155.0,False
ORCL,put,Tue->Fri,mid,75.0,2,10:30,300,48.333,245.0,False
ORCL,put,Tue->Fri,mid,75.0,3,11:00,300,44.333,185.0,False
ORCL,put,Tue->Fri,mid,75.0,4,12:00,300,40.667,130.0,False
ORCL,put,Tue->Fri,mid,75.0,5,09:30,250,38.0,115.0,False
ORCL,put,Tue->Fri,mid,75.0,6,12:30,300,35.0,115.0,False
ORCL,put,Tue->Fri,mid,75.0,7,11:30,300,31.0,160.0,False
ORCL,put,Tue->Fri,mid,75.0,8,13:00,300,21.0,75.0,False
ORCL,put,Tue->Fri,mid,75.0,9,13:30,300,17.333,40.0,False
ORCL,put,Tue->Fri,mid,75.0,10,14:00,300,11.667,30.0,False
ORCL,put,Tue->Fri,mid,75.0,11,14:30,300,10.0,35.0,False
ORCL,put,Tue->Fri,mid,75.0,12,15:00,300,1.0,50.0,False
ORCL,put,Tue->Fri,mid,75.0,13,15:30,50,0.0,,False
ORCL,put,Tue->Fri,mid,100.0,1,10:00,300,40.0,180.0,False
ORCL,put,Tue->Fri,mid,100.0,2,09:30,250,32.8,155.0,False
ORCL,put,Tue->Fri,mid,100.0,3,10:30,300,31.667,260.0,False
ORCL,put,Tue->Fri,mid,100.0,4,12:00,300,29.667,150.0,False
ORCL,put,Tue->Fri,mid,100.0,5,11:00,300,29.667,215.0,False
ORCL,put,Tue->Fri,mid,100.0,6,12:30,300,26.0,132.5,False
ORCL,put,Tue->Fri,mid,100.0,7,11:30,300,21.333,185.0,False
ORCL,put,Tue->Fri,mid,100.0,8,13:00,300,13.0,80.0,False
ORCL,put,Tue->Fri,mid,100.0,9,13:30,300,10.333,40.0,False
ORCL,put,Tue->Fri,mid,100.0,10,14:00,300,10.0,40.0,False
ORCL,put,Tue->Fri,mid,100.0,11,14:30,300,9.0,50.0,False
ORCL,put,Tue->Fri,mid,100.0,12,15:00,300,0.0,,False
ORCL,put,Tue->Fri,mid,100.0,13,15:30,50,0.0,,False
ORCL,put,Tue->Fri,market,30.0,1,10:00,300,73.0,105.0,False
ORCL,put,Tue->Fri,market,30.0,2,09:30,250,71.6,70.0,False
ORCL,put,Tue->Fri,market,30.0,3,10:30,300,70.667,130.0,False
ORCL,put,Tue->Fri,market,30.0,4,11:00,300,67.333,147.5,False
ORCL,put,Tue->Fri,market,30.0,5,13:30,300,65.667,40.0,False
ORCL,put,Tue->Fri,market,30.0,6,13:00,300,65.0,65.0,False
ORCL,put,Tue->Fri,market,30.0,7,11:30,300,63.333,130.0,False
ORCL,put,Tue->Fri,market,30.0,8,12:00,300,59.667,90.0,False
ORCL,put,Tue->Fri,market,30.0,9,12:30,300,57.667,75.0,False
ORCL,put,Tue->Fri,market,30.0,10,14:00,300,32.333,20.0,False
ORCL,put,Tue->Fri,market,30.0,11,14:30,300,23.333,35.0,False
ORCL,put,Tue->Fri,market,30.0,12,15:30,50,18.0,25.0,False
ORCL,put,Tue->Fri,market,30.0,13,15:00,300,15.333,30.0,False
ORCL,put,Tue->Fri,market,50.0,1,10:00,300,60.0,120.0,False
ORCL,put,Tue->Fri,market,50.0,2,10:30,300,57.667,205.0,False
ORCL,put,Tue->Fri,market,50.0,3,11:00,300,54.0,162.5,False
ORCL,put,Tue->Fri,market,50.0,4,09:30,250,50.8,90.0,False
ORCL,put,Tue->Fri,market,50.0,5,12:00,300,45.667,115.0,False
ORCL,put,Tue->Fri,market,50.0,6,12:30,300,42.333,90.0,False
ORCL,put,Tue->Fri,market,50.0,7,11:30,300,42.0,155.0,False
ORCL,put,Tue->Fri,market,50.0,8,13:00,300,34.667,82.5,False
ORCL,put,Tue->Fri,market,50.0,9,13:30,300,32.667,40.0,False
ORCL,put,Tue->Fri,market,50.0,10,14:00,300,15.667,25.0,False
ORCL,put,Tue->Fri,market,50.0,11,14:30,300,11.0,30.0,False
ORCL,put,Tue->Fri,market,50.0,12,15:00,300,5.0,45.0,False
ORCL,put,Tue->Fri,market,50.0,13,15:30,50,0.0,,False
ORCL,put,Tue->Fri,market,75.0,1,10:00,300,46.667,160.0,False
ORCL,put,Tue->Fri,market,75.0,2,10:30,300,43.667,250.0,False
ORCL,put,Tue->Fri,market,75.0,3,11:00,300,40.0,195.0,False
ORCL,put,Tue->Fri,market,75.0,4,12:00,300,38.0,137.5,False
ORCL,put,Tue->Fri,market,75.0,5,09:30,250,35.6,130.0,False
ORCL,put,Tue->Fri,market,75.0,6,12:30,300,32.0,120.0,False
ORCL,put,Tue->Fri,market,75.0,7,11:30,300,28.333,170.0,False
ORCL,put,Tue->Fri,market,75.0,8,13:00,300,17.0,75.0,False
ORCL,put,Tue->Fri,market,75.0,9,13:30,300,14.333,40.0,False
ORCL,put,Tue->Fri,market,75.0,10,14:00,300,11.0,35.0,False
ORCL,put,Tue->Fri,market,75.0,11,14:30,300,9.667,35.0,False
ORCL,put,Tue->Fri,market,75.0,12,15:00,300,0.667,50.0,False
ORCL,put,Tue->Fri,market,75.0,13,15:30,50,0.0,,False
ORCL,put,Tue->Fri,market,100.0,1,10:00,300,37.667,190.0,False
ORCL,put,Tue->Fri,market,100.0,2,09:30,250,31.6,170.0,False
ORCL,put,Tue->Fri,market,100.0,3,10:30,300,26.667,270.0,False
ORCL,put,Tue->Fri,market,100.0,4,11:00,300,26.333,225.0,False
ORCL,put,Tue->Fri,market,100.0,5,12:00,300,26.0,155.0,False
ORCL,put,Tue->Fri,market,100.0,6,12:30,300,23.0,130.0,False
ORCL,put,Tue->Fri,market,100.0,7,11:30,300,18.333,185.0,False
ORCL,put,Tue->Fri,market,100.0,8,13:00,300,12.667,80.0,False
ORCL,put,Tue->Fri,market,100.0,9,14:00,300,10.0,40.0,False
ORCL,put,Tue->Fri,market,100.0,10,13:30,300,10.0,45.0,False
ORCL,put,Tue->Fri,market,100.0,11,14:30,300,7.667,50.0,False
ORCL,put,Tue->Fri,market,100.0,12,15:00,300,0.0,,False
ORCL,put,Tue->Fri,market,100.0,13,15:30,50,0.0,,False
ORCL,call,Wed->Fri,mid,30.0,1,09:30,250,74.8,40.0,False
ORCL,call,Wed->Fri,mid,30.0,2,10:00,300,69.333,35.0,False
ORCL,call,Wed->Fri,mid,30.0,3,12:30,300,67.0,35.0,False
ORCL,call,Wed->Fri,mid,30.0,4,10:30,300,66.667,35.0,False
ORCL,call,Wed->Fri,mid,30.0,5,13:00,300,65.0,30.0,False
ORCL,call,Wed->Fri,mid,30.0,6,12:00,300,55.667,70.0,False
ORCL,call,Wed->Fri,mid,30.0,7,14:30,300,51.0,30.0,False
ORCL,call,Wed->Fri,mid,30.0,8,14:00,300,51.0,45.0,False
ORCL,call,Wed->Fri,mid,30.0,9,13:30,300,48.667,35.0,False
ORCL,call,Wed->Fri,mid,30.0,10,11:00,300,47.333,22.5,False
ORCL,call,Wed->Fri,mid,30.0,11,11:30,300,45.333,87.5,False
ORCL,call,Wed->Fri,mid,30.0,12,15:00,300,25.0,20.0,False
ORCL,call,Wed->Fri,mid,30.0,13,15:30,50,20.0,10.0,False
ORCL,call,Wed->Fri,mid,50.0,1,09:30,250,60.4,60.0,False
ORCL,call,Wed->Fri,mid,50.0,2,10:00,300,56.333,70.0,False
ORCL,call,Wed->Fri,mid,50.0,3,10:30,300,51.667,65.0,False
ORCL,call,Wed->Fri,mid,50.0,4,13:00,300,51.0,50.0,False
ORCL,call,Wed->Fri,mid,50.0,5,12:30,300,50.667,90.0,False
ORCL,call,Wed->Fri,mid,50.0,6,11:00,300,41.667,35.0,False
ORCL,call,Wed->Fri,mid,50.0,7,13:30,300,40.0,45.0,False
ORCL,call,Wed->Fri,mid,50.0,8,14:30,300,38.0,40.0,False
ORCL,call,Wed->Fri,mid,50.0,9,12:00,300,35.667,90.0,False
ORCL,call,Wed->Fri,mid,50.0,10,14:00,300,34.333,55.0,False
ORCL,call,Wed->Fri,mid,50.0,11,11:30,300,32.333,105.0,False
ORCL,call,Wed->Fri,mid,50.0,12,15:00,300,14.0,20.0,False
ORCL,call,Wed->Fri,mid,50.0,13,15:30,50,10.0,10.0,False
ORCL,call,Wed->Fri,mid,75.0,1,09:30,250,52.4,80.0,False
ORCL,call,Wed->Fri,mid,75.0,2,10:00,300,49.667,95.0,False
ORCL,call,Wed->Fri,mid,75.0,3,10:30,300,41.667,135.0,False
ORCL,call,Wed->Fri,mid,75.0,4,11:00,300,37.667,95.0,False
ORCL,call,Wed->Fri,mid,75.0,5,13:00,300,35.667,70.0,False
ORCL,call,Wed->Fri,mid,75.0,6,12:30,300,35.0,100.0,False
ORCL,call,Wed->Fri,mid,75.0,7,13:30,300,30.667,67.5,False
ORCL,call,Wed->Fri,mid,75.0,8,14:30,300,21.0,40.0,False
ORCL,call,Wed->Fri,mid,75.0,9,11:30,300,20.667,132.5,False
ORCL,call,Wed->Fri,mid,75.0,10,12:00,300,17.333,150.0,False
ORCL,call,Wed->Fri,mid,75.0,11,14:00,300,16.333,65.0,False
ORCL,call,Wed->Fri,mid,75.0,12,15:00,300,4.667,25.0,False
ORCL,call,Wed->Fri,mid,75.0,13,15:30,50,2.0,10.0,False
ORCL,call,Wed->Fri,mid,100.0,1,09:30,250,46.4,105.0,False
ORCL,call,Wed->Fri,mid,100.0,2,10:00,300,44.667,145.0,False
ORCL,call,Wed->Fri,mid,100.0,3,10:30,300,33.333,145.0,False
ORCL,call,Wed->Fri,mid,100.0,4,11:00,300,31.333,120.0,False
ORCL,call,Wed->Fri,mid,100.0,5,13:00,300,25.0,85.0,False
ORCL,call,Wed->Fri,mid,100.0,6,12:30,300,24.667,122.5,False
ORCL,call,Wed->Fri,mid,100.0,7,13:30,300,23.0,80.0,False
ORCL,call,Wed->Fri,mid,100.0,8,11:30,300,13.667,200.0,False
ORCL,call,Wed->Fri,mid,100.0,9,12:00,300,11.667,175.0,False
ORCL,call,Wed->Fri,mid,100.0,10,14:30,300,10.333,45.0,False
ORCL,call,Wed->Fri,mid,100.0,11,14:00,300,10.0,67.5,False
ORCL,call,Wed->Fri,mid,100.0,12,15:00,300,1.667,30.0,False
ORCL,call,Wed->Fri,mid,100.0,13,15:30,50,0.0,,False
ORCL,call,Wed->Fri,market,30.0,1,09:30,250,69.6,45.0,False
ORCL,call,Wed->Fri,market,30.0,2,10:00,300,65.667,40.0,False
ORCL,call,Wed->Fri,market,30.0,3,13:00,300,62.667,30.0,False
ORCL,call,Wed->Fri,market,30.0,4,10:30,300,62.333,40.0,False
ORCL,call,Wed->Fri,market,30.0,5,12:30,300,61.667,40.0,False
ORCL,call,Wed->Fri,market,30.0,6,12:00,300,49.333,75.0,False
ORCL,call,Wed->Fri,market,30.0,7,14:00,300,48.0,45.0,False
ORCL,call,Wed->Fri,market,30.0,8,14:30,300,47.667,35.0,False
ORCL,call,Wed->Fri,market,30.0,9,13:30,300,46.333,35.0,False
ORCL,call,Wed->Fri,market,30.0,10,11:00,300,44.333,25.0,False
ORCL,call,Wed->Fri,market,30.0,11,11:30,300,39.667,90.0,False
ORCL,call,Wed->Fri,market,30.0,12,15:00,300,21.333,20.0,False
ORCL,call,Wed->Fri,market,30.0,13,15:30,50,18.0,10.0,False
ORCL,call,Wed->Fri,market,50.0,1,09:30,250,58.0,65.0,False
ORCL,call,Wed->Fri,market,50.0,2,10:00,300,54.0,77.5,False
ORCL,call,Wed->Fri,market,50.0,3,10:30,300,49.333,75.0,False
ORCL,call,Wed->Fri,market,50.0,4,13:00,300,47.0,55.0,False
ORCL,call,Wed->Fri,market,50.0,5,12:30,300,46.0,95.0,False
ORCL,call,Wed->Fri,market,50.0,6,11:00,300,40.667,60.0,False
ORCL,call,Wed->Fri,market,50.0,7,13:30,300,37.667,50.0,False
ORCL,call,Wed->Fri,market,50.0,8,14:30,300,33.333,40.0,False
ORCL,call,Wed->Fri,market,50.0,9,11:30,300,30.333,110.0,False
ORCL,call,Wed->Fri,market,50.0,10,12:00,300,30.0,102.5,False
ORCL,call,Wed->Fri,market,50.0,11,14:00,300,28.333,60.0,False
ORCL,call,Wed->Fri,market,50.0,12,15:00,300,11.0,20.0,False
ORCL,call,Wed->Fri,market,50.0,13,15:30,50,6.0,10.0,False
ORCL,call,Wed->Fri,market,75.0,1,09:30,250,51.2,85.0,False
ORCL,call,Wed->Fri,market,75.0,2,10:00,300,49.333,110.0,False
ORCL,call,Wed->Fri,market,75.0,3,10:30,300,38.667,145.0,False
ORCL,call,Wed->Fri,market,75.0,4,11:00,300,36.0,100.0,False
ORCL,call,Wed->Fri,market,75.0,5,13:00,300,32.667,75.0,False
ORCL,call,Wed->Fri,market,75.0,6,12:30,300,31.667,105.0,False
ORCL,call,Wed->Fri,market,75.0,7,13:30,300,28.333,75.0,False
ORCL,call,Wed->Fri,market,75.0,8,11:30,300,18.333,170.0,False
ORCL,call,Wed->Fri,market,75.0,9,14:30,300,17.0,45.0,False
ORCL,call,Wed->Fri,market,75.0,10,14:00,300,14.0,65.0,False
ORCL,call,Wed->Fri,market,75.0,11,12:00,300,14.0,162.5,False
ORCL,call,Wed->Fri,market,75.0,12,15:00,300,3.667,25.0,False
ORCL,call,Wed->Fri,market,75.0,13,15:30,50,0.0,,False
ORCL,call,Wed->Fri,market,100.0,1,10:00,300,44.0,150.0,False
ORCL,call,Wed->Fri,market,100.0,2,09:30,250,43.6,115.0,False
ORCL,call,Wed->Fri,market,100.0,3,10:30,300,31.333,147.5,False
ORCL,call,Wed->Fri,market,100.0,4,11:00,300,30.0,122.5,False
ORCL,call,Wed->Fri,market,100.0,5,12:30,300,22.667,135.0,False
ORCL,call,Wed->Fri,market,100.0,6,13:00,300,21.333,90.0,False
ORCL,call,Wed->Fri,market,100.0,7,13:30,300,19.667,85.0,False
ORCL,call,Wed->Fri,market,100.0,8,11:30,300,12.0,210.0,False
ORCL,call,Wed->Fri,market,100.0,9,12:00,300,11.0,180.0,False
ORCL,call,Wed->Fri,market,100.0,10,14:30,300,8.0,50.0,False
ORCL,call,Wed->Fri,market,100.0,11,14:00,300,7.333,65.0,False
ORCL,call,Wed->Fri,market,100.0,12,15:00,300,1.333,27.5,False
ORCL,call,Wed->Fri,market,100.0,13,15:30,50,0.0,,False
ORCL,put,Wed->Fri,mid,30.0,1,12:00,300,86.667,55.0,False
ORCL,put,Wed->Fri,mid,30.0,2,11:30,300,83.667,40.0,False
ORCL,put,Wed->Fri,mid,30.0,3,10:30,300,79.333,35.0,False
ORCL,put,Wed->Fri,mid,30.0,4,10:00,300,67.667,55.0,False
ORCL,put,Wed->Fri,mid,30.0,5,11:00,300,66.333,30.0,False
ORCL,put,Wed->Fri,mid,30.0,6,12:30,300,65.0,50.0,False
ORCL,put,Wed->Fri,mid,30.0,7,09:30,250,62.4,77.5,False
ORCL,put,Wed->Fri,mid,30.0,8,13:00,300,61.0,55.0,False
ORCL,put,Wed->Fri,mid,30.0,9,13:30,300,58.0,40.0,False
ORCL,put,Wed->Fri,mid,30.0,10,14:00,300,53.333,40.0,False
ORCL,put,Wed->Fri,mid,30.0,11,14:30,300,47.0,35.0,False
ORCL,put,Wed->Fri,mid,30.0,12,15:00,300,36.667,15.0,False
ORCL,put,Wed->Fri,mid,30.0,13,15:30,50,20.0,15.0,False
ORCL,put,Wed->Fri,mid,50.0,1,11:30,300,71.0,55.0,False
ORCL,put,Wed->Fri,mid,50.0,2,10:30,300,64.0,55.0,False
ORCL,put,Wed->Fri,mid,50.0,3,12:00,300,64.0,102.5,False
ORCL,put,Wed->Fri,mid,50.0,4,09:30,250,59.6,110.0,False
ORCL,put,Wed->Fri,mid,50.0,5,11:00,300,59.0,50.0,False
ORCL,put,Wed->Fri,mid,50.0,6,10:00,300,59.0,90.0,False
ORCL,put,Wed->Fri,mid,50.0,7,12:30,300,53.0,85.0,False
ORCL,put,Wed->Fri,mid,50.0,8,13:30,300,50.333,45.0,False
ORCL,put,Wed->Fri,mid,50.0,9,13:00,300,45.333,75.0,False
ORCL,put,Wed->Fri,mid,50.0,10,14:00,300,34.667,45.0,False
ORCL,put,Wed->Fri,mid,50.0,11,14:30,300,34.333,40.0,False
ORCL,put,Wed->Fri,mid,50.0,12,15:00,300,28.333,25.0,False
ORCL,put,Wed->Fri,mid,50.0,13,15:30,50,18.0,20.0,False
ORCL,put,Wed->Fri,mid,75.0,1,11:30,300,56.667,90.0,False
ORCL,put,Wed->Fri,mid,75.0,2,11:00,300,54.667,65.0,False
ORCL,put,Wed->Fri,mid,75.0,3,09:30,250,54.4,125.0,False
ORCL,put,Wed->Fri,mid,75.0,4,10:30,300,52.667,70.0,False
ORCL,put,Wed->Fri,mid,75.0,5,10:00,300,52.333,110.0,False
ORCL,put,Wed->Fri,mid,75.0,6,12:00,300,39.333,130.0,False
ORCL,put,Wed->Fri,mid,75.0,7,13:30,300,38.0,60.0,False
ORCL,put,Wed->Fri,mid,75.0,8,12:30,300,34.667,105.0,False
ORCL,put,Wed->Fri,mid,75.0,9,13:00,300,33.0,85.0,False
ORCL,put,Wed->Fri,mid,75.0,10,14:00,300,22.0,50.0,False
ORCL,put,Wed->Fri,mid,75.0,11,14:30,300,21.333,40.0,False
ORCL,put,Wed->Fri,mid,75.0,12,15:00,300,18.333,30.0,False
ORCL,put,Wed->Fri,mid,75.0,13,15:30,50,10.0,20.0,False
ORCL,put,Wed->Fri,mid,100.0,1,11:00,300,50.333,85.0,False
ORCL,put,Wed->Fri,mid,100.0,2,10:00,300,45.333,140.0,False
ORCL,put,Wed->Fri,mid,100.0,3,09:30,250,45.2,140.0,False
ORCL,put,Wed->Fri,mid,100.0,4,10:30,300,43.0,90.0,False
ORCL,put,Wed->Fri,mid,100.0,5,11:30,300,41.333,150.0,False
ORCL,put,Wed->Fri,mid,100.0,6,13:30,300,28.667,75.0,False
ORCL,put,Wed->Fri,mid,100.0,7,13:00,300,23.0,100.0,False
ORCL,put,Wed->Fri,mid,100.0,8,12:00,300,22.667,137.5,False
ORCL,put,Wed->Fri,mid,100.0,9,12:30,300,20.333,115.0,False
ORCL,put,Wed->Fri,mid,100.0,10,14:00,300,16.333,55.0,False
ORCL,put,Wed->Fri,mid,100.0,11,14:30,300,14.0,37.5,False
ORCL,put,Wed->Fri,mid,100.0,12,15:00,300,12.0,35.0,False
ORCL,put,Wed->Fri,mid,100.0,13,15:30,50,4.0,25.0,False
ORCL,put,Wed->Fri,market,30.0,1,12:00,300,81.0,60.0,False
ORCL,put,Wed->Fri,market,30.0,2,11:30,300,80.333,45.0,False
ORCL,put,Wed->Fri,market,30.0,3,10:30,300,74.667,45.0,False
ORCL,put,Wed->Fri,market,30.0,4,10:00,300,66.0,62.5,False
ORCL,put,Wed->Fri,market,30.0,5,11:00,300,63.333,35.0,False
ORCL,put,Wed->Fri,market,30.0,6,12:30,300,62.667,57.5,False
ORCL,put,Wed->Fri,market,30.0,7,09:30,250,60.8,90.0,False
ORCL,put,Wed->Fri,market,30.0,8,13:00,300,56.667,70.0,False
ORCL,put,Wed->Fri,market,30.0,9,13:30,300,56.333,40.0,False
ORCL,put,Wed->Fri,market,30.0,10,14:00,300,48.0,45.0,False
ORCL,put,Wed->Fri,market,30.0,11,14:30,300,43.333,35.0,False
ORCL,put,Wed->Fri,market,30.0,12,15:00,300,33.333,17.5,False
ORCL,put,Wed->Fri,market,30.0,13,15:30,50,20.0,20.0,False
ORCL,put,Wed->Fri,market,50.0,1,11:30,300,67.333,62.5,False
ORCL,put,Wed->Fri,market,50.0,2,10:30,300,60.333,55.0,False
ORCL,put,Wed->Fri,market,50.0,3,09:30,250,59.2,115.0,False
ORCL,put,Wed->Fri,market,50.0,4,11:00,300,58.0,55.0,False
ORCL,put,Wed->Fri,market,50.0,5,10:00,300,57.0,95.0,False
ORCL,put,Wed->Fri,market,50.0,6,12:00,300,56.333,115.0,False
ORCL,put,Wed->Fri,market,50.0,7,12:30,300,48.0,95.0,False
ORCL,put,Wed->Fri,market,50.0,8,13:30,300,47.0,45.0,False
ORCL,put,Wed->Fri,market,50.0,9,13:00,300,42.0,75.0,False
ORCL,put,Wed->Fri,market,50.0,10,14:30,300,30.667,40.0,False
ORCL,put,Wed->Fri,market,50.0,11,14:00,300,30.333,45.0,False
ORCL,put,Wed->Fri,market,50.0,12,15:00,300,25.333,25.0,False
ORCL,put,Wed->Fri,market,50.0,13,15:30,50,16.0,20.0,False
ORCL,put,Wed->Fri,market,75.0,1,11:00,300,53.667,75.0,False
ORCL,put,Wed->Fri,market,75.0,2,11:30,300,52.667,100.0,False
ORCL,put,Wed->Fri,market,75.0,3,09:30,250,51.6,130.0,False
ORCL,put,Wed->Fri,market,75.0,4,10:30,300,50.333,75.0,False
ORCL,put,Wed->Fri,market,75.0,5,10:00,300,50.333,120.0,False
ORCL,put,Wed->Fri,market,75.0,6,13:30,300,34.333,65.0,False
ORCL,put,Wed->Fri,market,75.0,7,12:00,300,33.333,132.5,False
ORCL,put,Wed->Fri,market,75.0,8,13:00,300,28.667,85.0,False
ORCL,put,Wed->Fri,market,75.0,9,12:30,300,27.667,105.0,False
ORCL,put,Wed->Fri,market,75.0,10,14:00,300,20.667,50.0,False
ORCL,put,Wed->Fri,market,75.0,11,14:30,300,19.333,42.5,False
ORCL,put,Wed->Fri,market,75.0,12,15:00,300,16.333,35.0,False
ORCL,put,Wed->Fri,market,75.0,13,15:30,50,10.0,25.0,False
ORCL,put,Wed->Fri,market,100.0,1,11:00,300,48.333,95.0,False
ORCL,put,Wed->Fri,market,100.0,2,10:00,300,42.667,137.5,False
ORCL,put,Wed->Fri,market,100.0,3,09:30,250,41.6,145.0,False
ORCL,put,Wed->Fri,market,100.0,4,10:30,300,41.333,90.0,False
ORCL,put,Wed->Fri,market,100.0,5,11:30,300,36.0,152.5,False
ORCL,put,Wed->Fri,market,100.0,6,13:30,300,26.333,75.0,False
ORCL,put,Wed->Fri,market,100.0,7,13:00,300,21.0,100.0,False
ORCL,put,Wed->Fri,market,100.0,8,12:30,300,17.333,125.0,False
ORCL,put,Wed->Fri,market,100.0,9,12:00,300,17.333,135.0,False
ORCL,put,Wed->Fri,market,100.0,10,14:00,300,16.333,60.0,False
ORCL,put,Wed->Fri,market,100.0,11,14:30,300,12.333,35.0,False
ORCL,put,Wed->Fri,market,100.0,12,15:00,300,11.333,37.5,False
ORCL,put,Wed->Fri,market,100.0,13,15:30,50,2.0,30.0,False
ORCL,call,Thu->Fri,mid,30.0,1,10:00,300,86.667,45.0,False
ORCL,call,Thu->Fri,mid,30.0,2,09:30,250,82.4,45.0,False
ORCL,call,Thu->Fri,mid,30.0,3,12:00,300,82.0,30.0,False
ORCL,call,Thu->Fri,mid,30.0,4,12:30,300,80.0,30.0,False
ORCL,call,Thu->Fri,mid,30.0,5,11:30,300,79.0,50.0,False
ORCL,call,Thu->Fri,mid,30.0,6,10:30,300,79.0,55.0,False
ORCL,call,Thu->Fri,mid,30.0,7,11:00,300,78.667,47.5,False
ORCL,call,Thu->Fri,mid,30.0,8,13:00,300,65.333,25.0,False
ORCL,call,Thu->Fri,mid,30.0,9,14:30,300,64.333,20.0,False
ORCL,call,Thu->Fri,mid,30.0,10,13:30,300,53.333,30.0,False
ORCL,call,Thu->Fri,mid,30.0,11,14:00,300,47.667,45.0,False
ORCL,call,Thu->Fri,mid,30.0,12,15:00,300,33.0,15.0,False
ORCL,call,Thu->Fri,mid,30.0,13,15:30,50,30.0,15.0,False
ORCL,call,Thu->Fri,mid,50.0,1,10:00,300,74.333,85.0,False
ORCL,call,Thu->Fri,mid,50.0,2,09:30,250,73.6,87.5,False
ORCL,call,Thu->Fri,mid,50.0,3,10:30,300,71.333,75.0,False
ORCL,call,Thu->Fri,mid,50.0,4,11:00,300,70.667,95.0,False
ORCL,call,Thu->Fri,mid,50.0,5,12:00,300,69.333,50.0,False
ORCL,call,Thu->Fri,mid,50.0,6,11:30,300,64.333,70.0,False
ORCL,call,Thu->Fri,mid,50.0,7,12:30,300,59.0,45.0,False
ORCL,call,Thu->Fri,mid,50.0,8,14:30,300,49.667,25.0,False
ORCL,call,Thu->Fri,mid,50.0,9,13:00,300,44.667,30.0,False
ORCL,call,Thu->Fri,mid,50.0,10,13:30,300,34.333,45.0,False
ORCL,call,Thu->Fri,mid,50.0,11,14:00,300,31.0,45.0,False
ORCL,call,Thu->Fri,mid,50.0,12,15:00,300,22.333,25.0,False
ORCL,call,Thu->Fri,mid,50.0,13,15:30,50,10.0,15.0,False
ORCL,call,Thu->Fri,mid,75.0,1,10:00,300,64.0,110.0,False
ORCL,call,Thu->Fri,mid,75.0,2,10:30,300,61.667,100.0,False
ORCL,call,Thu->Fri,mid,75.0,3,09:30,250,60.8,115.0,False
ORCL,call,Thu->Fri,mid,75.0,4,11:00,300,60.333,115.0,False
ORCL,call,Thu->Fri,mid,75.0,5,12:00,300,55.0,65.0,False
ORCL,call,Thu->Fri,mid,75.0,6,11:30,300,49.333,85.0,False
ORCL,call,Thu->Fri,mid,75.0,7,12:30,300,43.0,55.0,False
ORCL,call,Thu->Fri,mid,75.0,8,13:00,300,33.667,35.0,False
ORCL,call,Thu->Fri,mid,75.0,9,14:30,300,29.333,30.0,False
ORCL,call,Thu->Fri,mid,75.0,10,13:30,300,22.667,62.5,False
ORCL,call,Thu->Fri,mid,75.0,11,14:00,300,20.667,50.0,False
ORCL,call,Thu->Fri,mid,75.0,12,15:00,300,11.667,30.0,False
ORCL,call,Thu->Fri,mid,75.0,13,15:30,50,10.0,15.0,False
ORCL,call,Thu->Fri,mid,100.0,1,10:00,300,57.333,132.5,False
ORCL,call,Thu->Fri,mid,100.0,2,09:30,250,52.8,140.0,False
ORCL,call,Thu->Fri,mid,100.0,3,10:30,300,52.333,130.0,False
ORCL,call,Thu->Fri,mid,100.0,4,11:00,300,50.0,125.0,False
ORCL,call,Thu->Fri,mid,100.0,5,12:00,300,45.333,75.0,False
ORCL,call,Thu->Fri,mid,100.0,6,11:30,300,40.333,95.0,False
ORCL,call,Thu->Fri,mid,100.0,7,12:30,300,34.667,60.0,False
ORCL,call,Thu->Fri,mid,100.0,8,13:00,300,28.333,40.0,False
ORCL,call,Thu->Fri,mid,100.0,9,13:30,300,17.333,67.5,False
ORCL,call,Thu->Fri,mid,100.0,10,14:30,300,14.667,32.5,False
ORCL,call,Thu->Fri,mid,100.0,11,14:00,300,14.333,45.0,False
ORCL,call,Thu->Fri,mid,100.0,12,15:30,50,8.0,15.0,False
ORCL,call,Thu->Fri,mid,100.0,13,15:00,300,5.0,30.0,False
ORCL,call,Thu->Fri,market,30.0,1,10:00,300,84.0,60.0,False
ORCL,call,Thu->Fri,market,30.0,2,09:30,250,80.8,52.5,False
ORCL,call,Thu->Fri,market,30.0,3,12:00,300,79.0,35.0,False
ORCL,call,Thu->Fri,market,30.0,4,10:30,300,77.0,60.0,False
ORCL,call,Thu->Fri,market,30.0,5,11:00,300,76.333,75.0,False
ORCL,call,Thu->Fri,market,30.0,6,12:30,300,75.333,35.0,False
ORCL,call,Thu->Fri,market,30.0,7,11:30,300,74.333,55.0,False
ORCL,call,Thu->Fri,market,30.0,8,14:30,300,61.0,20.0,False
ORCL,call,Thu->Fri,market,30.0,9,13:00,300,59.667,25.0,False
ORCL,call,Thu->Fri,market,30.0,10,13:30,300,46.667,32.5,False
ORCL,call,Thu->Fri,market,30.0,11,14:00,300,43.333,45.0,False
ORCL,call,Thu->Fri,market,30.0,12,15:00,300,29.333,20.0,False
ORCL,call,Thu->Fri,market,30.0,13,15:30,50,22.0,15.0,False
ORCL,call,Thu->Fri,market,50.0,1,10:00,300,70.667,95.0,False
ORCL,call,Thu->Fri,market,50.0,2,09:30,250,69.6,100.0,False
ORCL,call,Thu->Fri,market,50.0,3,10:30,300,68.667,80.0,False
ORCL,call,Thu->Fri,market,50.0,4,11:00,300,68.333,100.0,False
ORCL,call,Thu->Fri,market,50.0,5,12:00,300,65.333,55.0,False
ORCL,call,Thu->Fri,market,50.0,6,11:30,300,59.333,75.0,False
ORCL,call,Thu->Fri,market,50.0,7,12:30,300,54.333,45.0,False
ORCL,call,Thu->Fri,market,50.0,8,14:30,300,43.0,25.0,False
ORCL,call,Thu->Fri,market,50.0,9,13:00,300,41.667,30.0,False
ORCL,call,Thu->Fri,market,50.0,10,13:30,300,31.333,50.0,False
ORCL,call,Thu->Fri,market,50.0,11,14:00,300,28.667,47.5,False
ORCL,call,Thu->Fri,market,50.0,12,15:00,300,19.333,25.0,False
ORCL,call,Thu->Fri,market,50.0,13,15:30,50,10.0,15.0,False
ORCL,call,Thu->Fri,market,75.0,1,10:00,300,62.0,110.0,False
ORCL,call,Thu->Fri,market,75.0,2,10:30,300,58.333,105.0,False
ORCL,call,Thu->Fri,market,75.0,3,09:30,250,57.6,120.0,False
ORCL,call,Thu->Fri,market,75.0,4,11:00,300,57.333,117.5,False
ORCL,call,Thu->Fri,market,75.0,5,12:00,300,52.0,70.0,False
ORCL,call,Thu->Fri,market,75.0,6,11:30,300,46.0,90.0,False
ORCL,call,Thu->Fri,market,75.0,7,12:30,300,39.333,55.0,False
ORCL,call,Thu->Fri,market,75.0,8,13:00,300,32.333,40.0,False
ORCL,call,Thu->Fri,market,75.0,9,14:30,300,23.0,35.0,False
ORCL,call,Thu->Fri,market,75.0,10,13:30,300,21.667,65.0,False
ORCL,call,Thu->Fri,market,75.0,11,14:00,300,18.333,45.0,False
ORCL,call,Thu->Fri,market,75.0,12,15:00,300,8.667,30.0,False
ORCL,call,Thu->Fri,market,75.0,13,15:30,50,8.0,15.0,False
ORCL,call,Thu->Fri,market,100.0,1,10:00,300,55.0,150.0,False
ORCL,call,Thu->Fri,market,100.0,2,09:30,250,51.6,160.0,False
ORCL,call,Thu->Fri,market,100.0,3,10:30,300,49.0,145.0,False
ORCL,call,Thu->Fri,market,100.0,4,11:00,300,46.333,130.0,False
ORCL,call,Thu->Fri,market,100.0,5,12:00,300,42.333,75.0,False
ORCL,call,Thu->Fri,market,100.0,6,11:30,300,38.333,100.0,False
ORCL,call,Thu->Fri,market,100.0,7,12:30,300,33.0,65.0,False
ORCL,call,Thu->Fri,market,100.0,8,13:00,300,27.0,40.0,False
ORCL,call,Thu->Fri,market,100.0,9,13:30,300,15.0,65.0,False
ORCL,call,Thu->Fri,market,100.0,10,14:00,300,12.667,45.0,False
ORCL,call,Thu->Fri,market,100.0,11,14:30,300,12.0,30.0,False
ORCL,call,Thu->Fri,market,100.0,12,15:30,50,6.0,15.0,False
ORCL,call,Thu->Fri,market,100.0,13,15:00,300,4.333,35.0,False
ORCL,put,Thu->Fri,mid,30.0,1,11:30,300,73.333,50.0,False
ORCL,put,Thu->Fri,mid,30.0,2,09:30,250,71.6,25.0,False
ORCL,put,Thu->Fri,mid,30.0,3,13:30,300,69.0,25.0,False
ORCL,put,Thu->Fri,mid,30.0,4,14:00,300,68.0,20.0,False
ORCL,put,Thu->Fri,mid,30.0,5,10:00,300,64.667,32.5,False
ORCL,put,Thu->Fri,mid,30.0,6,10:30,300,64.333,30.0,False
ORCL,put,Thu->Fri,mid,30.0,7,11:00,300,61.667,35.0,False
ORCL,put,Thu->Fri,mid,30.0,8,13:00,300,59.0,55.0,False
ORCL,put,Thu->Fri,mid,30.0,9,12:30,300,59.0,95.0,False
ORCL,put,Thu->Fri,mid,30.0,10,12:00,300,58.0,55.0,False
ORCL,put,Thu->Fri,mid,30.0,11,15:00,300,46.667,15.0,False
ORCL,put,Thu->Fri,mid,30.0,12,14:30,300,45.0,25.0,False
ORCL,put,Thu->Fri,mid,30.0,13,15:30,50,36.0,15.0,False
ORCL,put,Thu->Fri,mid,50.0,1,09:30,250,61.6,60.0,False
ORCL,put,Thu->Fri,mid,50.0,2,13:30,300,59.0,40.0,False
ORCL,put,Thu->Fri,mid,50.0,3,14:00,300,56.0,25.0,False
ORCL,put,Thu->Fri,mid,50.0,4,11:30,300,53.0,95.0,False
ORCL,put,Thu->Fri,mid,50.0,5,10:00,300,50.333,70.0,False
ORCL,put,Thu->Fri,mid,50.0,6,11:00,300,50.0,50.0,False
ORCL,put,Thu->Fri,mid,50.0,7,10:30,300,49.667,55.0,False
ORCL,put,Thu->Fri,mid,50.0,8,13:00,300,48.333,70.0,False
ORCL,put,Thu->Fri,mid,50.0,9,12:30,300,43.0,105.0,False
ORCL,put,Thu->Fri,mid,50.0,10,12:00,300,41.333,97.5,False
ORCL,put,Thu->Fri,mid,50.0,11,15:00,300,33.0,20.0,False
ORCL,put,Thu->Fri,mid,50.0,12,14:30,300,28.333,25.0,False
ORCL,put,Thu->Fri,mid,50.0,13,15:30,50,16.0,20.0,False
ORCL,put,Thu->Fri,mid,75.0,1,09:30,250,54.0,95.0,False
ORCL,put,Thu->Fri,mid,75.0,2,14:00,300,44.667,30.0,False
ORCL,put,Thu->Fri,mid,75.0,3,10:00,300,43.667,95.0,False
ORCL,put,Thu->Fri,mid,75.0,4,13:30,300,42.333,45.0,False
ORCL,put,Thu->Fri,mid,75.0,5,10:30,300,41.667,80.0,False
ORCL,put,Thu->Fri,mid,75.0,6,11:00,300,39.0,85.0,False
ORCL,put,Thu->Fri,mid,75.0,7,13:00,300,37.667,75.0,False
ORCL,put,Thu->Fri,mid,75.0,8,11:30,300,33.667,160.0,False
ORCL,put,Thu->Fri,mid,75.0,9,12:00,300,29.333,130.0,False
ORCL,put,Thu->Fri,mid,75.0,10,12:30,300,28.0,115.0,False
ORCL,put,Thu->Fri,mid,75.0,11,15:00,300,18.667,25.0,False
ORCL,put,Thu->Fri,mid,75.0,12,14:30,300,17.667,35.0,False
ORCL,put,Thu->Fri,mid,75.0,13,15:30,50,6.0,20.0,False
ORCL,put,Thu->Fri,mid,100.0,1,09:30,250,48.8,115.0,False
ORCL,put,Thu->Fri,mid,100.0,2,10:00,300,39.333,115.0,False
ORCL,put,Thu->Fri,mid,100.0,3,10:30,300,36.667,92.5,False
ORCL,put,Thu->Fri,mid,100.0,4,14:00,300,35.333,35.0,False
ORCL,put,Thu->Fri,mid,100.0,5,11:00,300,32.667,145.0,False
ORCL,put,Thu->Fri,mid,100.0,6,13:30,300,29.667,50.0,False
ORCL,put,Thu->Fri,mid,100.0,7,13:00,300,28.333,80.0,False
ORCL,put,Thu->Fri,mid,100.0,8,11:30,300,24.333,170.0,False
ORCL,put,Thu->Fri,mid,100.0,9,12:00,300,21.333,180.0,False
ORCL,put,Thu->Fri,mid,100.0,10,12:30,300,19.333,130.0,False
ORCL,put,Thu->Fri,mid,100.0,11,14:30,300,12.0,40.0,False
ORCL,put,Thu->Fri,mid,100.0,12,15:00,300,10.667,30.0,False
ORCL,put,Thu->Fri,mid,100.0,13,15:30,50,6.0,20.0,False
ORCL,put,Thu->Fri,market,30.0,1,11:30,300,68.667,70.0,False
ORCL,put,Thu->Fri,market,30.0,2,09:30,250,68.4,30.0,False
ORCL,put,Thu->Fri,market,30.0,3,13:30,300,66.0,30.0,False
ORCL,put,Thu->Fri,market,30.0,4,14:00,300,64.333,20.0,False
ORCL,put,Thu->Fri,market,30.0,5,10:30,300,60.333,35.0,False
ORCL,put,Thu->Fri,market,30.0,6,10:00,300,59.0,40.0,False
ORCL,put,Thu->Fri,market,30.0,7,11:00,300,58.333,40.0,False
ORCL,put,Thu->Fri,market,30.0,8,12:30,300,56.0,97.5,False
ORCL,put,Thu->Fri,market,30.0,9,13:00,300,55.333,60.0,False
ORCL,put,Thu->Fri,market,30.0,10,12:00,300,53.0,60.0,False
ORCL,put,Thu->Fri,market,30.0,11,15:00,300,43.667,20.0,False
ORCL,put,Thu->Fri,market,30.0,12,14:30,300,40.0,25.0,False
ORCL,put,Thu->Fri,market,30.0,13,15:30,50,30.0,15.0,False
ORCL,put,Thu->Fri,market,50.0,1,09:30,250,58.8,60.0,False
ORCL,put,Thu->Fri,market,50.0,2,14:00,300,53.0,25.0,False
ORCL,put,Thu->Fri,market,50.0,3,13:30,300,53.0,40.0,False
ORCL,put,Thu->Fri,market,50.0,4,10:00,300,48.333,80.0,False
ORCL,put,Thu->Fri,market,50.0,5,11:00,300,46.667,60.0,False
ORCL,put,Thu->Fri,market,50.0,6,10:30,300,46.667,67.5,False
ORCL,put,Thu->Fri,market,50.0,7,11:30,300,46.0,120.0,False
ORCL,put,Thu->Fri,market,50.0,8,13:00,300,45.0,75.0,False
ORCL,put,Thu->Fri,market,50.0,9,12:30,300,39.0,110.0,False
ORCL,put,Thu->Fri,market,50.0,10,12:00,300,37.667,105.0,False
ORCL,put,Thu->Fri,market,50.0,11,15:00,300,29.333,25.0,False
ORCL,put,Thu->Fri,market,50.0,12,14:30,300,26.0,30.0,False
ORCL,put,Thu->Fri,market,50.0,13,15:30,50,12.0,20.0,False
ORCL,put,Thu->Fri,market,75.0,1,09:30,250,53.2,100.0,False
ORCL,put,Thu->Fri,market,75.0,2,10:00,300,42.333,105.0,False
ORCL,put,Thu->Fri,market,75.0,3,14:00,300,41.667,35.0,False
ORCL,put,Thu->Fri,market,75.0,4,10:30,300,39.667,85.0,False
ORCL,put,Thu->Fri,market,75.0,5,11:00,300,37.0,70.0,False
ORCL,put,Thu->Fri,market,75.0,6,13:30,300,36.667,45.0,False
ORCL,put,Thu->Fri,market,75.0,7,13:00,300,33.333,75.0,False
ORCL,put,Thu->Fri,market,75.0,8,11:30,300,29.333,162.5,False
ORCL,put,Thu->Fri,market,75.0,9,12:00,300,26.667,130.0,False
ORCL,put,Thu->Fri,market,75.0,10,12:30,300,25.333,120.0,False
ORCL,put,Thu->Fri,market,75.0,11,15:00,300,17.0,25.0,False
ORCL,put,Thu->Fri,market,75.0,12,14:30,300,16.0,35.0,False
ORCL,put,Thu->Fri,market,75.0,13,15:30,50,6.0,20.0,False
ORCL,put,Thu->Fri,market,100.0,1,09:30,250,47.2,120.0,False
ORCL,put,Thu->Fri,market,100.0,2,10:00,300,37.667,120.0,False
ORCL,put,Thu->Fri,market,100.0,3,10:30,300,36.0,95.0,False
ORCL,put,Thu->Fri,market,100.0,4,14:00,300,32.0,40.0,False
ORCL,put,Thu->Fri,market,100.0,5,11:00,300,31.333,165.0,False
ORCL,put,Thu->Fri,market,100.0,6,13:00,300,26.0,75.0,False
ORCL,put,Thu->Fri,market,100.0,7,13:30,300,25.667,50.0,False
ORCL,put,Thu->Fri,market,100.0,8,11:30,300,23.333,200.0,False
ORCL,put,Thu->Fri,market,100.0,9,12:00,300,20.0,180.0,False
ORCL,put,Thu->Fri,market,100.0,10,12:30,300,17.667,140.0,False
ORCL,put,Thu->Fri,market,100.0,11,14:30,300,11.667,40.0,False
ORCL,put,Thu->Fri,market,100.0,12,15:00,300,7.667,30.0,False
ORCL,put,Thu->Fri,market,100.0,13,15:30,50,6.0,20.0,False
ORCL,call,Fri-0DTE,mid,30.0,1,09:30,250,97.6,32.5,False
ORCL,call,Fri-0DTE,mid,30.0,2,10:00,300,91.667,20.0,False
ORCL,call,Fri-0DTE,mid,30.0,3,11:00,300,90.0,60.0,False
ORCL,call,Fri-0DTE,mid,30.0,4,10:30,300,84.667,15.0,False
ORCL,call,Fri-0DTE,mid,30.0,5,11:30,300,80.333,40.0,False
ORCL,call,Fri-0DTE,mid,30.0,6,12:00,300,78.333,25.0,False
ORCL,call,Fri-0DTE,mid,30.0,7,12:30,300,66.667,10.0,False
ORCL,call,Fri-0DTE,mid,30.0,8,13:00,300,64.333,15.0,False
ORCL,call,Fri-0DTE,mid,30.0,9,13:30,300,55.667,15.0,False
ORCL,call,Fri-0DTE,mid,30.0,10,14:00,300,47.667,15.0,False
ORCL,call,Fri-0DTE,mid,30.0,11,14:30,300,40.667,20.0,False
ORCL,call,Fri-0DTE,mid,30.0,12,15:00,300,32.667,10.0,False
ORCL,call,Fri-0DTE,mid,30.0,13,15:30,50,12.0,10.0,False
ORCL,call,Fri-0DTE,mid,50.0,1,09:30,250,93.2,50.0,False
ORCL,call,Fri-0DTE,mid,50.0,2,10:00,300,85.667,25.0,False
ORCL,call,Fri-0DTE,mid,50.0,3,10:30,300,80.667,20.0,False
ORCL,call,Fri-0DTE,mid,50.0,4,11:00,300,76.333,85.0,False
ORCL,call,Fri-0DTE,mid,50.0,5,11:30,300,73.333,50.0,False
ORCL,call,Fri-0DTE,mid,50.0,6,12:00,300,70.667,30.0,False
ORCL,call,Fri-0DTE,mid,50.0,7,13:00,300,57.667,30.0,False
ORCL,call,Fri-0DTE,mid,50.0,8,12:30,300,55.667,15.0,False
ORCL,call,Fri-0DTE,mid,50.0,9,13:30,300,46.667,25.0,False
ORCL,call,Fri-0DTE,mid,50.0,10,14:00,300,42.0,15.0,False
ORCL,call,Fri-0DTE,mid,50.0,11,14:30,300,29.0,20.0,False
ORCL,call,Fri-0DTE,mid,50.0,12,15:00,300,24.667,10.0,False
ORCL,call,Fri-0DTE,mid,50.0,13,15:30,50,6.0,10.0,False
ORCL,call,Fri-0DTE,mid,75.0,1,09:30,250,86.8,65.0,False
ORCL,call,Fri-0DTE,mid,75.0,2,10:00,300,80.0,35.0,False
ORCL,call,Fri-0DTE,mid,75.0,3,10:30,300,74.333,25.0,False
ORCL,call,Fri-0DTE,mid,75.0,4,11:30,300,64.667,52.5,False
ORCL,call,Fri-0DTE,mid,75.0,5,12:00,300,63.0,35.0,False
ORCL,call,Fri-0DTE,mid,75.0,6,11:00,300,63.0,95.0,False
ORCL,call,Fri-0DTE,mid,75.0,7,13:00,300,50.333,35.0,False
ORCL,call,Fri-0DTE,mid,75.0,8,12:30,300,49.333,20.0,False
ORCL,call,Fri-0DTE,mid,75.0,9,13:30,300,40.333,30.0,False
ORCL,call,Fri-0DTE,mid,75.0,10,14:00,300,37.0,20.0,False
ORCL,call,Fri-0DTE,mid,75.0,11,14:30,300,24.667,20.0,False
ORCL,call,Fri-0DTE,mid,75.0,12,15:00,300,18.333,10.0,False
ORCL,call,Fri-0DTE,mid,75.0,13,15:30,50,4.0,10.0,False
ORCL,call,Fri-0DTE,mid,100.0,1,09:30,250,82.0,70.0,False
ORCL,call,Fri-0DTE,mid,100.0,2,10:00,300,74.0,37.5,False
ORCL,call,Fri-0DTE,mid,100.0,3,10:30,300,67.333,30.0,False
ORCL,call,Fri-0DTE,mid,100.0,4,12:00,300,57.333,35.0,False
ORCL,call,Fri-0DTE,mid,100.0,5,11:30,300,57.333,55.0,False
ORCL,call,Fri-0DTE,mid,100.0,6,11:00,300,54.667,100.0,False
ORCL,call,Fri-0DTE,mid,100.0,7,12:30,300,45.667,25.0,False
ORCL,call,Fri-0DTE,mid,100.0,8,13:00,300,45.333,45.0,False
ORCL,call,Fri-0DTE,mid,100.0,9,13:30,300,35.0,35.0,False
ORCL,call,Fri-0DTE,mid,100.0,10,14:00,300,32.0,20.0,False
ORCL,call,Fri-0DTE,mid,100.0,11,14:30,300,20.667,20.0,False
ORCL,call,Fri-0DTE,mid,100.0,12,15:00,300,16.0,10.0,False
ORCL,call,Fri-0DTE,mid,100.0,13,15:30,50,4.0,10.0,False
ORCL,call,Fri-0DTE,market,30.0,1,09:30,250,96.8,35.0,False
ORCL,call,Fri-0DTE,market,30.0,2,10:00,300,89.0,20.0,False
ORCL,call,Fri-0DTE,market,30.0,3,11:00,300,87.333,70.0,False
ORCL,call,Fri-0DTE,market,30.0,4,10:30,300,83.0,15.0,False
ORCL,call,Fri-0DTE,market,30.0,5,11:30,300,78.0,42.5,False
ORCL,call,Fri-0DTE,market,30.0,6,12:00,300,76.0,25.0,False
ORCL,call,Fri-0DTE,market,30.0,7,12:30,300,63.0,15.0,False
ORCL,call,Fri-0DTE,market,30.0,8,13:00,300,62.333,20.0,False
ORCL,call,Fri-0DTE,market,30.0,9,13:30,300,53.0,15.0,False
ORCL,call,Fri-0DTE,market,30.0,10,14:00,300,47.0,15.0,False
ORCL,call,Fri-0DTE,market,30.0,11,14:30,300,37.0,20.0,False
ORCL,call,Fri-0DTE,market,30.0,12,15:00,300,29.333,10.0,False
ORCL,call,Fri-0DTE,market,30.0,13,15:30,50,10.0,10.0,False
ORCL,call,Fri-0DTE,market,50.0,1,09:30,250,90.8,50.0,False
ORCL,call,Fri-0DTE,market,50.0,2,10:00,300,84.333,30.0,False
ORCL,call,Fri-0DTE,market,50.0,3,10:30,300,79.667,20.0,False
ORCL,call,Fri-0DTE,market,50.0,4,11:00,300,74.667,85.0,False
ORCL,call,Fri-0DTE,market,50.0,5,11:30,300,71.333,50.0,False
ORCL,call,Fri-0DTE,market,50.0,6,12:00,300,68.333,30.0,False
ORCL,call,Fri-0DTE,market,50.0,7,13:00,300,54.667,30.0,False
ORCL,call,Fri-0DTE,market,50.0,8,12:30,300,54.333,15.0,False
ORCL,call,Fri-0DTE,market,50.0,9,13:30,300,43.0,25.0,False
ORCL,call,Fri-0DTE,market,50.0,10,14:00,300,41.0,20.0,False
ORCL,call,Fri-0DTE,market,50.0,11,14:30,300,28.0,20.0,False
ORCL,call,Fri-0DTE,market,50.0,12,15:00,300,23.0,10.0,False
ORCL,call,Fri-0DTE,market,50.0,13,15:30,50,4.0,10.0,False
ORCL,call,Fri-0DTE,market,75.0,1,09:30,250,85.2,70.0,False
ORCL,call,Fri-0DTE,market,75.0,2,10:00,300,79.0,35.0,False
ORCL,call,Fri-0DTE,market,75.0,3,10:30,300,72.333,30.0,False
ORCL,call,Fri-0DTE,market,75.0,4,11:30,300,63.0,55.0,False
ORCL,call,Fri-0DTE,market,75.0,5,12:00,300,61.333,30.0,False
ORCL,call,Fri-0DTE,market,75.0,6,11:00,300,59.667,95.0,False
ORCL,call,Fri-0DTE,market,75.0,7,13:00,300,48.667,35.0,False
ORCL,call,Fri-0DTE,market,75.0,8,12:30,300,48.0,20.0,False
ORCL,call,Fri-0DTE,market,75.0,9,13:30,300,38.667,35.0,False
ORCL,call,Fri-0DTE,market,75.0,10,14:00,300,34.667,20.0,False
ORCL,call,Fri-0DTE,market,75.0,11,14:30,300,22.667,20.0,False
ORCL,call,Fri-0DTE,market,75.0,12,15:00,300,17.333,10.0,False
ORCL,call,Fri-0DTE,market,75.0,13,15:30,50,4.0,10.0,False
ORCL,call,Fri-0DTE,market,100.0,1,09:30,250,78.8,75.0,False
ORCL,call,Fri-0DTE,market,100.0,2,10:00,300,72.667,40.0,False
ORCL,call,Fri-0DTE,market,100.0,3,10:30,300,65.667,30.0,False
ORCL,call,Fri-0DTE,market,100.0,4,12:00,300,55.0,35.0,False
ORCL,call,Fri-0DTE,market,100.0,5,11:30,300,54.667,55.0,False
ORCL,call,Fri-0DTE,market,100.0,6,11:00,300,51.667,105.0,False
ORCL,call,Fri-0DTE,market,100.0,7,13:00,300,43.667,50.0,False
ORCL,call,Fri-0DTE,market,100.0,8,12:30,300,42.0,25.0,False
ORCL,call,Fri-0DTE,market,100.0,9,13:30,300,34.0,40.0,False
ORCL,call,Fri-0DTE,market,100.0,10,14:00,300,30.333,20.0,False
ORCL,call,Fri-0DTE,market,100.0,11,14:30,300,20.0,20.0,False
ORCL,call,Fri-0DTE,market,100.0,12,15:00,300,16.0,10.0,False
ORCL,call,Fri-0DTE,market,100.0,13,15:30,50,4.0,10.0,False
ORCL,put,Fri-0DTE,mid,30.0,1,09:30,250,90.8,20.0,False
ORCL,put,Fri-0DTE,mid,30.0,2,11:00,300,78.667,15.0,False
ORCL,put,Fri-0DTE,mid,30.0,3,13:00,300,71.667,15.0,False
ORCL,put,Fri-0DTE,mid,30.0,4,10:00,300,69.333,25.0,False
ORCL,put,Fri-0DTE,mid,30.0,5,10:30,300,66.0,25.0,False
ORCL,put,Fri-0DTE,mid,30.0,6,11:30,300,64.667,15.0,False
ORCL,put,Fri-0DTE,mid,30.0,7,12:30,300,62.667,40.0,False
ORCL,put,Fri-0DTE,mid,30.0,8,13:30,300,61.333,20.0,False
ORCL,put,Fri-0DTE,mid,30.0,9,12:00,300,59.333,15.0,False
ORCL,put,Fri-0DTE,mid,30.0,10,14:00,300,52.667,30.0,False
ORCL,put,Fri-0DTE,mid,30.0,11,14:30,300,46.0,20.0,False
ORCL,put,Fri-0DTE,mid,30.0,12,15:30,50,36.0,15.0,False
ORCL,put,Fri-0DTE,mid,30.0,13,15:00,300,35.667,20.0,False
ORCL,put,Fri-0DTE,mid,50.0,1,09:30,250,80.0,32.5,False
ORCL,put,Fri-0DTE,mid,50.0,2,11:00,300,71.0,25.0,False
ORCL,put,Fri-0DTE,mid,50.0,3,13:00,300,67.667,25.0,False
ORCL,put,Fri-0DTE,mid,50.0,4,10:00,300,63.333,35.0,False
ORCL,put,Fri-0DTE,mid,50.0,5,10:30,300,60.667,35.0,False
ORCL,put,Fri-0DTE,mid,50.0,6,11:30,300,57.333,20.0,False
ORCL,put,Fri-0DTE,mid,50.0,7,12:30,300,56.667,45.0,False
ORCL,put,Fri-0DTE,mid,50.0,8,13:30,300,56.333,25.0,False
ORCL,put,Fri-0DTE,mid,50.0,9,12:00,300,53.333,25.0,False
ORCL,put,Fri-0DTE,mid,50.0,10,14:00,300,48.0,40.0,False
ORCL,put,Fri-0DTE,mid,50.0,11,14:30,300,41.333,20.0,False
ORCL,put,Fri-0DTE,mid,50.0,12,15:30,50,28.0,17.5,False
ORCL,put,Fri-0DTE,mid,50.0,13,15:00,300,28.0,25.0,False
ORCL,put,Fri-0DTE,mid,75.0,1,09:30,250,68.4,50.0,False
ORCL,put,Fri-0DTE,mid,75.0,2,11:00,300,63.333,45.0,False
ORCL,put,Fri-0DTE,mid,75.0,3,13:00,300,61.667,30.0,False
ORCL,put,Fri-0DTE,mid,75.0,4,10:00,300,56.333,50.0,False
ORCL,put,Fri-0DTE,mid,75.0,5,10:30,300,55.333,50.0,False
ORCL,put,Fri-0DTE,mid,75.0,6,11:30,300,53.0,30.0,False
ORCL,put,Fri-0DTE,mid,75.0,7,13:30,300,53.0,30.0,False
ORCL,put,Fri-0DTE,mid,75.0,8,12:30,300,49.667,45.0,False
ORCL,put,Fri-0DTE,mid,75.0,9,12:00,300,48.0,30.0,False
ORCL,put,Fri-0DTE,mid,75.0,10,14:00,300,43.0,45.0,False
ORCL,put,Fri-0DTE,mid,75.0,11,14:30,300,36.667,25.0,False
ORCL,put,Fri-0DTE,mid,75.0,12,15:30,50,26.0,20.0,False
ORCL,put,Fri-0DTE,mid,75.0,13,15:00,300,22.333,25.0,False
ORCL,put,Fri-0DTE,mid,100.0,1,09:30,250,61.2,90.0,False
ORCL,put,Fri-0DTE,mid,100.0,2,13:00,300,56.333,30.0,False
ORCL,put,Fri-0DTE,mid,100.0,3,11:00,300,56.333,50.0,False
ORCL,put,Fri-0DTE,mid,100.0,4,10:00,300,53.0,70.0,False
ORCL,put,Fri-0DTE,mid,100.0,5,10:30,300,50.667,62.5,False
ORCL,put,Fri-0DTE,mid,100.0,6,11:30,300,47.667,30.0,False
ORCL,put,Fri-0DTE,mid,100.0,7,13:30,300,47.0,40.0,False
ORCL,put,Fri-0DTE,mid,100.0,8,12:30,300,44.0,50.0,False
ORCL,put,Fri-0DTE,mid,100.0,9,12:00,300,41.667,40.0,False
ORCL,put,Fri-0DTE,mid,100.0,10,14:00,300,38.333,50.0,False
ORCL,put,Fri-0DTE,mid,100.0,11,14:30,300,32.333,25.0,False
ORCL,put,Fri-0DTE,mid,100.0,12,15:30,50,22.0,15.0,False
ORCL,put,Fri-0DTE,mid,100.0,13,15:00,300,20.0,30.0,False
ORCL,put,Fri-0DTE,market,30.0,1,09:30,250,86.4,25.0,False
ORCL,put,Fri-0DTE,market,30.0,2,11:00,300,77.667,20.0,False
ORCL,put,Fri-0DTE,market,30.0,3,13:00,300,70.667,20.0,False
ORCL,put,Fri-0DTE,market,30.0,4,10:00,300,67.667,30.0,False
ORCL,put,Fri-0DTE,market,30.0,5,10:30,300,65.0,25.0,False
ORCL,put,Fri-0DTE,market,30.0,6,11:30,300,62.0,15.0,False
ORCL,put,Fri-0DTE,market,30.0,7,12:30,300,61.0,40.0,False
ORCL,put,Fri-0DTE,market,30.0,8,13:30,300,60.333,20.0,False
ORCL,put,Fri-0DTE,market,30.0,9,12:00,300,56.667,15.0,False
ORCL,put,Fri-0DTE,market,30.0,10,14:00,300,52.0,35.0,False
ORCL,put,Fri-0DTE,market,30.0,11,14:30,300,45.333,20.0,False
ORCL,put,Fri-0DTE,market,30.0,12,15:30,50,36.0,15.0,False
ORCL,put,Fri-0DTE,market,30.0,13,15:00,300,34.667,20.0,False
ORCL,put,Fri-0DTE,market,50.0,1,09:30,250,76.4,45.0,False
ORCL,put,Fri-0DTE,market,50.0,2,11:00,300,68.333,30.0,False
ORCL,put,Fri-0DTE,market,50.0,3,13:00,300,66.667,25.0,False
ORCL,put,Fri-0DTE,market,50.0,4,10:00,300,62.667,35.0,False
ORCL,put,Fri-0DTE,market,50.0,5,10:30,300,59.667,35.0,False
ORCL,put,Fri-0DTE,market,50.0,6,11:30,300,56.333,25.0,False
ORCL,put,Fri-0DTE,market,50.0,7,13:30,300,55.667,25.0,False
ORCL,put,Fri-0DTE,market,50.0,8,12:30,300,55.0,45.0,False
ORCL,put,Fri-0DTE,market,50.0,9,12:00,300,52.0,25.0,False
ORCL,put,Fri-0DTE,market,50.0,10,14:00,300,45.667,40.0,False
ORCL,put,Fri-0DTE,market,50.0,11,14:30,300,41.0,25.0,False
ORCL,put,Fri-0DTE,market,50.0,12,15:30,50,26.0,15.0,False
ORCL,put,Fri-0DTE,market,50.0,13,15:00,300,26.0,20.0,False
ORCL,put,Fri-0DTE,market,75.0,1,09:30,250,67.2,57.5,False
ORCL,put,Fri-0DTE,market,75.0,2,11:00,300,61.667,45.0,False
ORCL,put,Fri-0DTE,market,75.0,3,13:00,300,59.333,30.0,False
ORCL,put,Fri-0DTE,market,75.0,4,10:00,300,55.333,57.5,False
ORCL,put,Fri-0DTE,market,75.0,5,10:30,300,54.667,55.0,False
ORCL,put,Fri-0DTE,market,75.0,6,11:30,300,50.667,30.0,False
ORCL,put,Fri-0DTE,market,75.0,7,13:30,300,50.667,35.0,False
ORCL,put,Fri-0DTE,market,75.0,8,12:30,300,48.333,50.0,False
ORCL,put,Fri-0DTE,market,75.0,9,12:00,300,46.0,32.5,False
ORCL,put,Fri-0DTE,market,75.0,10,14:00,300,42.333,45.0,False
ORCL,put,Fri-0DTE,market,75.0,11,14:30,300,34.667,25.0,False
ORCL,put,Fri-0DTE,market,75.0,12,15:30,50,24.0,17.5,False
ORCL,put,Fri-0DTE,market,75.0,13,15:00,300,22.333,25.0,False
ORCL,put,Fri-0DTE,market,100.0,1,09:30,250,60.8,95.0,False
ORCL,put,Fri-0DTE,market,100.0,2,13:00,300,54.667,30.0,False
ORCL,put,Fri-0DTE,market,100.0,3,11:00,300,54.667,50.0,False
ORCL,put,Fri-0DTE,market,100.0,4,10:00,300,50.333,80.0,False
ORCL,put,Fri-0DTE,market,100.0,5,10:30,300,50.0,65.0,False
ORCL,put,Fri-0DTE,market,100.0,6,11:30,300,47.0,35.0,False
ORCL,put,Fri-0DTE,market,100.0,7,13:30,300,46.0,42.5,False
ORCL,put,Fri-0DTE,market,100.0,8,12:30,300,43.0,50.0,False
ORCL,put,Fri-0DTE,market,100.0,9,12:00,300,41.0,40.0,False
ORCL,put,Fri-0DTE,market,100.0,10,14:00,300,37.333,50.0,False
ORCL,put,Fri-0DTE,market,100.0,11,14:30,300,31.333,30.0,False
ORCL,put,Fri-0DTE,market,100.0,12,15:30,50,22.0,15.0,False
ORCL,put,Fri-0DTE,market,100.0,13,15:00,300,18.667,30.0,False
AMD,call,Mon->Fri,mid,30.0,1,14:00,300,71.333,65.0,False
AMD,call,Mon->Fri,mid,30.0,2,13:30,300,69.667,95.0,False
AMD,call,Mon->Fri,mid,30.0,3,13:00,300,62.0,120.0,False
AMD,call,Mon->Fri,mid,30.0,4,12:00,300,61.667,60.0,False
AMD,call,Mon->Fri,mid,30.0,5,12:30,300,61.0,65.0,False
AMD,call,Mon->Fri,mid,30.0,6,14:30,300,57.667,45.0,False
AMD,call,Mon->Fri,mid,30.0,7,11:30,300,55.667,110.0,False
AMD,call,Mon->Fri,mid,30.0,8,10:30,300,51.0,45.0,False
AMD,call,Mon->Fri,mid,30.0,9,11:00,300,50.333,130.0,False
AMD,call,Mon->Fri,mid,30.0,10,15:00,300,49.0,15.0,False
AMD,call,Mon->Fri,mid,30.0,11,10:00,300,47.667,80.0,False
AMD,call,Mon->Fri,mid,30.0,12,09:30,250,43.6,160.0,False
AMD,call,Mon->Fri,mid,30.0,13,15:30,50,30.0,20.0,False
AMD,call,Mon->Fri,mid,50.0,1,13:30,300,59.667,105.0,False
AMD,call,Mon->Fri,mid,50.0,2,14:00,300,57.0,75.0,False
AMD,call,Mon->Fri,mid,50.0,3,12:00,300,49.0,80.0,False
AMD,call,Mon->Fri,mid,50.0,4,14:30,300,46.333,45.0,False
AMD,call,Mon->Fri,mid,50.0,5,12:30,300,46.333,90.0,False
AMD,call,Mon->Fri,mid,50.0,6,15:00,300,41.333,25.0,False
AMD,call,Mon->Fri,mid,50.0,7,13:00,300,39.333,125.0,False
AMD,call,Mon->Fri,mid,50.0,8,11:30,300,37.667,200.0,False
AMD,call,Mon->Fri,mid,50.0,9,10:30,300,33.333,70.0,False
AMD,call,Mon->Fri,mid,50.0,10,10:00,300,32.667,212.5,False
AMD,call,Mon->Fri,mid,50.0,11,11:00,300,32.333,210.0,False
AMD,call,Mon->Fri,mid,50.0,12,09:30,250,30.8,295.0,False
AMD,call,Mon->Fri,mid,50.0,13,15:30,50,22.0,20.0,False
AMD,call,Mon->Fri,mid,75.0,1,13:30,300,42.0,115.0,False
AMD,call,Mon->Fri,mid,75.0,2,14:00,300,39.667,85.0,False
AMD,call,Mon->Fri,mid,75.0,3,14:30,300,36.0,60.0,False
AMD,call,Mon->Fri,mid,75.0,4,15:00,300,31.333,35.0,False
AMD,call,Mon->Fri,mid,75.0,5,13:00,300,28.0,140.0,False
AMD,call,Mon->Fri,mid,75.0,6,12:00,300,27.667,175.0,False
AMD,call,Mon->Fri,mid,75.0,7,12:30,300,23.667,160.0,False
AMD,call,Mon->Fri,mid,75.0,8,10:30,300,22.333,200.0,False
AMD,call,Mon->Fri,mid,75.0,9,11:30,300,22.0,217.5,False
AMD,call,Mon->Fri,mid,75.0,10,10:00,300,20.667,300.0,False
AMD,call,Mon->Fri,mid,75.0,11,11:00,300,19.0,250.0,False
AMD,call,Mon->Fri,mid,75.0,12,09:30,250,17.2,330.0,False
AMD,call,Mon->Fri,mid,75.0,13,15:30,50,2.0,30.0,False
AMD,call,Mon->Fri,mid,100.0,1,14:00,300,25.667,80.0,False
AMD,call,Mon->Fri,mid,100.0,2,13:30,300,25.0,105.0,False
AMD,call,Mon->Fri,mid,100.0,3,14:30,300,23.333,60.0,False
AMD,call,Mon->Fri,mid,100.0,4,15:00,300,20.667,35.0,False
AMD,call,Mon->Fri,mid,100.0,5,10:30,300,18.333,270.0,False
AMD,call,Mon->Fri,mid,100.0,6,12:00,300,15.667,200.0,False
AMD,call,Mon->Fri,mid,100.0,7,10:00,300,15.667,305.0,False
AMD,call,Mon->Fri,mid,100.0,8,13:00,300,15.0,150.0,False
AMD,call,Mon->Fri,mid,100.0,9,11:00,300,13.333,245.0,False
AMD,call,Mon->Fri,mid,100.0,10,12:30,300,13.0,165.0,False
AMD,call,Mon->Fri,mid,100.0,11,11:30,300,12.0,220.0,False
AMD,call,Mon->Fri,mid,100.0,12,09:30,250,2.4,305.0,False
AMD,call,Mon->Fri,mid,100.0,13,15:30,50,0.0,,False
AMD,call,Mon->Fri,market,30.0,1,14:00,300,68.0,70.0,False
AMD,call,Mon->Fri,market,30.0,2,13:30,300,67.333,97.5,False
AMD,call,Mon->Fri,market,30.0,3,12:00,300,60.0,62.5,False
AMD,call,Mon->Fri,market,30.0,4,12:30,300,58.333,70.0,False
AMD,call,Mon->Fri,market,30.0,5,13:00,300,55.0,125.0,False
AMD,call,Mon->Fri,market,30.0,6,14:30,300,54.333,45.0,False
AMD,call,Mon->Fri,market,30.0,7,11:30,300,49.0,120.0,False
AMD,call,Mon->Fri,market,30.0,8,10:30,300,46.333,50.0,False
AMD,call,Mon->Fri,market,30.0,9,15:00,300,45.333,20.0,False
AMD,call,Mon->Fri,market,30.0,10,11:00,300,43.667,145.0,False
AMD,call,Mon->Fri,market,30.0,11,10:00,300,42.333,190.0,False
AMD,call,Mon->Fri,market,30.0,12,09:30,250,39.2,215.0,False
AMD,call,Mon->Fri,market,30.0,13,15:30,50,30.0,20.0,False
AMD,call,Mon->Fri,market,50.0,1,13:30,300,56.0,110.0,False
AMD,call,Mon->Fri,market,50.0,2,14:00,300,52.667,80.0,False
AMD,call,Mon->Fri,market,50.0,3,14:30,300,44.0,50.0,False
AMD,call,Mon->Fri,market,50.0,4,12:00,300,43.667,90.0,False
AMD,call,Mon->Fri,market,50.0,5,12:30,300,40.667,140.0,False
AMD,call,Mon->Fri,market,50.0,6,15:00,300,40.333,25.0,False
AMD,call,Mon->Fri,market,50.0,7,13:00,300,36.0,130.0,False
AMD,call,Mon->Fri,market,50.0,8,11:30,300,33.667,205.0,False
AMD,call,Mon->Fri,market,50.0,9,10:00,300,30.0,225.0,False
AMD,call,Mon->Fri,market,50.0,10,09:30,250,29.2,325.0,False
AMD,call,Mon->Fri,market,50.0,11,11:00,300,28.667,240.0,False
AMD,call,Mon->Fri,market,50.0,12,10:30,300,28.333,85.0,False
AMD,call,Mon->Fri,market,50.0,13,15:30,50,16.0,30.0,False
AMD,call,Mon->Fri,market,75.0,1,13:30,300,36.667,115.0,False
AMD,call,Mon->Fri,market,75.0,2,14:00,300,35.333,85.0,False
AMD,call,Mon->Fri,market,75.0,3,14:30,300,31.0,55.0,False
AMD,call,Mon->Fri,market,75.0,4,15:00,300,27.0,35.0,False
AMD,call,Mon->Fri,market,75.0,5,13:00,300,24.667,142.5,False
AMD,call,Mon->Fri,market,75.0,6,12:00,300,23.333,185.0,False
AMD,call,Mon->Fri,market,75.0,7,10:30,300,20.667,242.5,False
AMD,call,Mon->Fri,market,75.0,8,12:30,300,20.0,165.0,False
AMD,call,Mon->Fri,market,75.0,9,10:00,300,19.333,302.5,False
AMD,call,Mon->Fri,market,75.0,10,11:30,300,18.333,220.0,False
AMD,call,Mon->Fri,market,75.0,11,11:00,300,16.667,247.5,False
AMD,call,Mon->Fri,market,75.0,12,09:30,250,11.6,335.0,False
AMD,call,Mon->Fri,market,75.0,13,15:30,50,0.0,,False
AMD,call,Mon->Fri,market,100.0,1,14:00,300,21.333,75.0,False
AMD,call,Mon->Fri,market,100.0,2,13:30,300,19.667,100.0,False
AMD,call,Mon->Fri,market,100.0,3,14:30,300,19.0,60.0,False
AMD,call,Mon->Fri,market,100.0,4,15:00,300,18.0,35.0,False
AMD,call,Mon->Fri,market,100.0,5,10:30,300,16.667,272.5,False
AMD,call,Mon->Fri,market,100.0,6,12:00,300,13.667,205.0,False
AMD,call,Mon->Fri,market,100.0,7,10:00,300,13.0,310.0,False
AMD,call,Mon->Fri,market,100.0,8,11:00,300,12.0,242.5,False
AMD,call,Mon->Fri,market,100.0,9,13:00,300,10.333,155.0,False
AMD,call,Mon->Fri,market,100.0,10,12:30,300,10.0,170.0,False
AMD,call,Mon->Fri,market,100.0,11,11:30,300,9.667,225.0,False
AMD,call,Mon->Fri,market,100.0,12,09:30,250,0.8,305.0,False
AMD,call,Mon->Fri,market,100.0,13,15:30,50,0.0,,False
AMD,put,Mon->Fri,mid,30.0,1,09:30,250,73.6,85.0,False
AMD,put,Mon->Fri,mid,30.0,2,10:00,300,69.333,55.0,False
AMD,put,Mon->Fri,mid,30.0,3,11:00,300,66.667,60.0,False
AMD,put,Mon->Fri,mid,30.0,4,11:30,300,65.333,95.0,False
AMD,put,Mon->Fri,mid,30.0,5,12:00,300,65.0,80.0,False
AMD,put,Mon->Fri,mid,30.0,6,10:30,300,63.333,40.0,False
AMD,put,Mon->Fri,mid,30.0,7,12:30,300,58.667,50.0,False
AMD,put,Mon->Fri,mid,30.0,8,13:00,300,53.0,40.0,False
AMD,put,Mon->Fri,mid,30.0,9,13:30,300,33.667,75.0,False
AMD,put,Mon->Fri,mid,30.0,10,14:00,300,27.333,50.0,False
AMD,put,Mon->Fri,mid,30.0,11,14:30,300,22.333,40.0,False
AMD,put,Mon->Fri,mid,30.0,12,15:30,50,14.0,15.0,False
AMD,put,Mon->Fri,mid,30.0,13,15:00,300,13.333,35.0,False
AMD,put,Mon->Fri,mid,50.0,1,09:30,250,70.0,120.0,False
AMD,put,Mon->Fri,mid,50.0,2,10:00,300,61.667,95.0,False
AMD,put,Mon->Fri,mid,50.0,3,10:30,300,58.333,75.0,False
AMD,put,Mon->Fri,mid,50.0,4,11:00,300,53.333,117.5,False
AMD,put,Mon->Fri,mid,50.0,5,11:30,300,49.0,110.0,False
AMD,put,Mon->Fri,mid,50.0,6,12:00,300,43.0,85.0,False
AMD,put,Mon->Fri,mid,50.0,7,12:30,300,34.0,102.5,False
AMD,put,Mon->Fri,mid,50.0,8,13:00,300,29.667,105.0,False
AMD,put,Mon->Fri,mid,50.0,9,14:00,300,16.667,90.0,False
AMD,put,Mon->Fri,mid,50.0,10,13:30,300,13.667,115.0,False
AMD,put,Mon->Fri,mid,50.0,11,14:30,300,10.333,55.0,False
AMD,put,Mon->Fri,mid,50.0,12,15:00,300,3.0,45.0,False
AMD,put,Mon->Fri,mid,50.0,13,15:30,50,0.0,,False
AMD,put,Mon->Fri,mid,75.0,1,09:30,250,62.0,145.0,False
AMD,put,Mon->Fri,mid,75.0,2,10:00,300,53.667,110.0,False
AMD,put,Mon->Fri,mid,75.0,3,10:30,300,46.667,140.0,False
AMD,put,Mon->Fri,mid,75.0,4,11:00,300,45.0,145.0,False
AMD,put,Mon->Fri,mid,75.0,5,11:30,300,30.667,175.0,False
AMD,put,Mon->Fri,mid,75.0,6,12:00,300,23.333,145.0,False
AMD,put,Mon->Fri,mid,75.0,7,12:30,300,20.333,150.0,False
AMD,put,Mon->Fri,mid,75.0,8,13:00,300,12.667,150.0,False
AMD,put,Mon->Fri,mid,75.0,9,13:30,300,6.667,130.0,False
AMD,put,Mon->Fri,mid,75.0,10,14:30,300,5.333,67.5,False
AMD,put,Mon->Fri,mid,75.0,11,14:00,300,3.0,100.0,False
AMD,put,Mon->Fri,mid,75.0,12,15:00,300,0.333,55.0,False
AMD,put,Mon->Fri,mid,75.0,13,15:30,50,0.0,,False
AMD,put,Mon->Fri,mid,100.0,1,09:30,250,48.4,220.0,False
AMD,put,Mon->Fri,mid,100.0,2,10:00,300,45.0,175.0,False
AMD,put,Mon->Fri,mid,100.0,3,10:30,300,41.0,190.0,False
AMD,put,Mon->Fri,mid,100.0,4,11:00,300,29.667,170.0,False
AMD,put,Mon->Fri,mid,100.0,5,11:30,300,12.667,187.5,False
AMD,put,Mon->Fri,mid,100.0,6,12:00,300,8.667,152.5,False
AMD,put,Mon->Fri,mid,100.0,7,12:30,300,8.667,190.0,False
AMD,put,Mon->Fri,mid,100.0,8,13:00,300,3.667,165.0,False
AMD,put,Mon->Fri,mid,100.0,9,13:30,300,1.333,137.5,False
AMD,put,Mon->Fri,mid,100.0,10,14:30,300,0.667,75.0,False
AMD,put,Mon->Fri,mid,100.0,11,14:00,300,0.0,,False
AMD,put,Mon->Fri,mid,100.0,12,15:00,300,0.0,,False
AMD,put,Mon->Fri,mid,100.0,13,15:30,50,0.0,,False
AMD,put,Mon->Fri,market,30.0,1,09:30,250,71.2,90.0,False
AMD,put,Mon->Fri,market,30.0,2,10:00,300,66.0,60.0,False
AMD,put,Mon->Fri,market,30.0,3,10:30,300,62.0,50.0,False
AMD,put,Mon->Fri,market,30.0,4,11:30,300,60.667,100.0,False
AMD,put,Mon->Fri,market,30.0,5,11:00,300,60.333,85.0,False
AMD,put,Mon->Fri,market,30.0,6,12:00,300,57.333,75.0,False
AMD,put,Mon->Fri,market,30.0,7,12:30,300,48.333,55.0,False
AMD,put,Mon->Fri,market,30.0,8,13:00,300,46.333,45.0,False
AMD,put,Mon->Fri,market,30.0,9,13:30,300,26.0,90.0,False
AMD,put,Mon->Fri,market,30.0,10,14:00,300,23.0,60.0,False
AMD,put,Mon->Fri,market,30.0,11,14:30,300,15.0,45.0,False
AMD,put,Mon->Fri,market,30.0,12,15:00,300,9.0,40.0,False
AMD,put,Mon->Fri,market,30.0,13,15:30,50,8.0,15.0,False
AMD,put,Mon->Fri,market,50.0,1,09:30,250,69.2,130.0,False
AMD,put,Mon->Fri,market,50.0,2,10:00,300,60.0,100.0,False
AMD,put,Mon->Fri,market,50.0,3,10:30,300,56.0,85.0,False
AMD,put,Mon->Fri,market,50.0,4,11:00,300,52.0,125.0,False
AMD,put,Mon->Fri,market,50.0,5,11:30,300,45.667,120.0,False
AMD,put,Mon->Fri,market,50.0,6,12:00,300,38.333,90.0,False
AMD,put,Mon->Fri,market,50.0,7,12:30,300,30.667,125.0,False
AMD,put,Mon->Fri,market,50.0,8,13:00,300,23.667,115.0,False
AMD,put,Mon->Fri,market,50.0,9,14:00,300,12.333,90.0,False
AMD,put,Mon->Fri,market,50.0,10,13:30,300,12.0,115.0,False
AMD,put,Mon->Fri,market,50.0,11,14:30,300,9.333,60.0,False
AMD,put,Mon->Fri,market,50.0,12,15:00,300,2.333,50.0,False
AMD,put,Mon->Fri,market,50.0,13,15:30,50,0.0,,False
AMD,put,Mon->Fri,market,75.0,1,09:30,250,57.6,170.0,False
AMD,put,Mon->Fri,market,75.0,2,10:00,300,51.333,120.0,False
AMD,put,Mon->Fri,market,75.0,3,10:30,300,44.333,155.0,False
AMD,put,Mon->Fri,market,75.0,4,11:00,300,40.333,150.0,False
AMD,put,Mon->Fri,market,75.0,5,11:30,300,24.667,177.5,False
AMD,put,Mon->Fri,market,75.0,6,12:00,300,18.333,150.0,False
AMD,put,Mon->Fri,market,75.0,7,12:30,300,16.333,170.0,False
AMD,put,Mon->Fri,market,75.0,8,13:00,300,9.333,155.0,False
AMD,put,Mon->Fri,market,75.0,9,13:30,300,4.667,130.0,False
AMD,put,Mon->Fri,market,75.0,10,14:30,300,3.667,70.0,False
AMD,put,Mon->Fri,market,75.0,11,14:00,300,1.333,100.0,False
AMD,put,Mon->Fri,market,75.0,12,15:00,300,0.0,,False
AMD,put,Mon->Fri,market,75.0,13,15:30,50,0.0,,False
AMD,put,Mon->Fri,market,100.0,1,09:30,250,44.8,230.0,False
AMD,put,Mon->Fri,market,100.0,2,10:00,300,42.0,210.0,False
AMD,put,Mon->Fri,market,100.0,3,10:30,300,39.0,220.0,False
AMD,put,Mon->Fri,market,100.0,4,11:00,300,23.0,170.0,False
AMD,put,Mon->Fri,market,100.0,5,11:30,300,8.0,192.5,False
AMD,put,Mon->Fri,market,100.0,6,12:30,300,6.0,190.0,False
AMD,put,Mon->Fri,market,100.0,7,12:00,300,4.667,157.5,False
AMD,put,Mon->Fri,market,100.0,8,13:00,300,2.333,170.0,False
AMD,put,Mon->Fri,market,100.0,9,13:30,300,0.667,137.5,False
AMD,put,Mon->Fri,market,100.0,10,14:30,300,0.333,75.0,False
AMD,put,Mon->Fri,market,100.0,11,14:00,300,0.0,,False
AMD,put,Mon->Fri,market,100.0,12,15:00,300,0.0,,False
AMD,put,Mon->Fri,market,100.0,13,15:30,50,0.0,,False
AMD,call,Tue->Fri,mid,30.0,1,13:00,300,66.0,35.0,False
AMD,call,Tue->Fri,mid,30.0,2,13:30,300,61.333,35.0,False
AMD,call,Tue->Fri,mid,30.0,3,09:30,250,55.6,160.0,False
AMD,call,Tue->Fri,mid,30.0,4,10:00,300,52.667,130.0,False
AMD,call,Tue->Fri,mid,30.0,5,12:30,300,51.333,55.0,False
AMD,call,Tue->Fri,mid,30.0,6,11:00,300,50.0,50.0,False
AMD,call,Tue->Fri,mid,30.0,7,11:30,300,47.667,120.0,False
AMD,call,Tue->Fri,mid,30.0,8,12:00,300,47.0,70.0,False
AMD,call,Tue->Fri,mid,30.0,9,10:30,300,44.333,100.0,False
AMD,call,Tue->Fri,mid,30.0,10,14:00,300,44.0,35.0,False
AMD,call,Tue->Fri,mid,30.0,11,15:00,300,34.333,25.0,False
AMD,call,Tue->Fri,mid,30.0,12,14:30,300,32.333,20.0,False
AMD,call,Tue->Fri,mid,30.0,13,15:30,50,32.0,15.0,False
AMD,call,Tue->Fri,mid,50.0,1,13:00,300,52.667,50.0,False
AMD,call,Tue->Fri,mid,50.0,2,13:30,300,48.333,65.0,False
AMD,call,Tue->Fri,mid,50.0,3,12:00,300,45.0,110.0,False
AMD,call,Tue->Fri,mid,50.0,4,12:30,300,43.333,70.0,False
AMD,call,Tue->Fri,mid,50.0,5,11:00,300,40.667,145.0,False
AMD,call,Tue->Fri,mid,50.0,6,11:30,300,40.0,135.0,False
AMD,call,Tue->Fri,mid,50.0,7,09:30,250,38.4,225.0,False
AMD,call,Tue->Fri,mid,50.0,8,10:00,300,33.333,207.5,False
AMD,call,Tue->Fri,mid,50.0,9,14:00,300,27.667,60.0,False
AMD,call,Tue->Fri,mid,50.0,10,10:30,300,26.0,130.0,False
AMD,call,Tue->Fri,mid,50.0,11,14:30,300,23.667,30.0,False
AMD,call,Tue->Fri,mid,50.0,12,15:00,300,20.333,40.0,False
AMD,call,Tue->Fri,mid,50.0,13,15:30,50,18.0,25.0,False
AMD,call,Tue->Fri,mid,75.0,1,12:00,300,39.0,130.0,False
AMD,call,Tue->Fri,mid,75.0,2,12:30,300,37.333,80.0,False
AMD,call,Tue->Fri,mid,75.0,3,13:00,300,35.0,65.0,False
AMD,call,Tue->Fri,mid,75.0,4,11:00,300,34.667,157.5,False
AMD,call,Tue->Fri,mid,75.0,5,11:30,300,32.333,145.0,False
AMD,call,Tue->Fri,mid,75.0,6,09:30,250,30.0,235.0,False
AMD,call,Tue->Fri,mid,75.0,7,13:30,300,27.0,80.0,False
AMD,call,Tue->Fri,mid,75.0,8,10:00,300,25.667,210.0,False
AMD,call,Tue->Fri,mid,75.0,9,10:30,300,20.667,180.0,False
AMD,call,Tue->Fri,mid,75.0,10,14:00,300,18.667,57.5,False
AMD,call,Tue->Fri,mid,75.0,11,14:30,300,13.667,40.0,False
AMD,call,Tue->Fri,mid,75.0,12,15:00,300,12.0,42.5,False
AMD,call,Tue->Fri,mid,75.0,13,15:30,50,2.0,30.0,False
AMD,call,Tue->Fri,mid,100.0,1,12:00,300,31.0,155.0,False
AMD,call,Tue->Fri,mid,100.0,2,12:30,300,29.667,135.0,False
AMD,call,Tue->Fri,mid,100.0,3,11:00,300,27.333,167.5,False
AMD,call,Tue->Fri,mid,100.0,4,09:30,250,26.4,240.0,False
AMD,call,Tue->Fri,mid,100.0,5,11:30,300,25.333,167.5,False
AMD,call,Tue->Fri,mid,100.0,6,13:00,300,23.667,95.0,False
AMD,call,Tue->Fri,mid,100.0,7,10:30,300,20.0,190.0,False
AMD,call,Tue->Fri,mid,100.0,8,10:00,300,19.333,225.0,False
AMD,call,Tue->Fri,mid,100.0,9,13:30,300,17.0,85.0,False
AMD,call,Tue->Fri,mid,100.0,10,14:00,300,14.0,60.0,False
AMD,call,Tue->Fri,mid,100.0,11,14:30,300,10.0,52.5,False
AMD,call,Tue->Fri,mid,100.0,12,15:00,300,4.333,45.0,False
AMD,call,Tue->Fri,mid,100.0,13,15:30,50,0.0,,False
AMD,call,Tue->Fri,market,30.0,1,13:00,300,61.0,35.0,False
AMD,call,Tue->Fri,market,30.0,2,13:30,300,58.667,40.0,False
AMD,call,Tue->Fri,market,30.0,3,09:30,250,51.6,165.0,False
AMD,call,Tue->Fri,market,30.0,4,12:30,300,50.333,65.0,False
AMD,call,Tue->Fri,market,30.0,5,10:00,300,48.0,185.0,False
AMD,call,Tue->Fri,market,30.0,6,11:00,300,47.667,65.0,False
AMD,call,Tue->Fri,market,30.0,7,12:00,300,45.667,90.0,False
AMD,call,Tue->Fri,market,30.0,8,11:30,300,44.667,120.0,False
AMD,call,Tue->Fri,market,30.0,9,10:30,300,39.0,105.0,False
AMD,call,Tue->Fri,market,30.0,10,14:00,300,38.333,45.0,False
AMD,call,Tue->Fri,market,30.0,11,15:00,300,30.667,25.0,False
AMD,call,Tue->Fri,market,30.0,12,15:30,50,28.0,20.0,False
AMD,call,Tue->Fri,market,30.0,13,14:30,300,28.0,25.0,False
AMD,call,Tue->Fri,market,50.0,1,13:00,300,49.333,50.0,False
AMD,call,Tue->Fri,market,50.0,2,12:00,300,44.0,115.0,False
AMD,call,Tue->Fri,market,50.0,3,13:30,300,43.333,75.0,False
AMD,call,Tue->Fri,market,50.0,4,12:30,300,41.333,70.0,False
AMD,call,Tue->Fri,market,50.0,5,11:00,300,39.333,150.0,False
AMD,call,Tue->Fri,market,50.0,6,11:30,300,38.333,140.0,False
AMD,call,Tue->Fri,market,50.0,7,09:30,250,34.0,225.0,False
AMD,call,Tue->Fri,market,50.0,8,10:00,300,29.667,210.0,False
AMD,call,Tue->Fri,market,50.0,9,14:00,300,23.667,60.0,False
AMD,call,Tue->Fri,market,50.0,10,10:30,300,22.667,130.0,False
AMD,call,Tue->Fri,market,50.0,11,14:30,300,21.667,35.0,False
AMD,call,Tue->Fri,market,50.0,12,15:00,300,18.333,40.0,False
AMD,call,Tue->Fri,market,50.0,13,15:30,50,14.0,25.0,False
AMD,call,Tue->Fri,market,75.0,1,12:00,300,37.667,140.0,False
AMD,call,Tue->Fri,market,75.0,2,12:30,300,35.333,95.0,False
AMD,call,Tue->Fri,market,75.0,3,11:00,300,33.333,162.5,False
AMD,call,Tue->Fri,market,75.0,4,13:00,300,30.0,85.0,False
AMD,call,Tue->Fri,market,75.0,5,11:30,300,29.667,150.0,False
AMD,call,Tue->Fri,market,75.0,6,09:30,250,29.6,235.0,False
AMD,call,Tue->Fri,market,75.0,7,10:00,300,24.667,215.0,False
AMD,call,Tue->Fri,market,75.0,8,13:30,300,22.333,80.0,False
AMD,call,Tue->Fri,market,75.0,9,10:30,300,20.333,185.0,False
AMD,call,Tue->Fri,market,75.0,10,14:00,300,17.333,60.0,False
AMD,call,Tue->Fri,market,75.0,11,14:30,300,12.0,45.0,False
AMD,call,Tue->Fri,market,75.0,12,15:00,300,8.667,45.0,False
AMD,call,Tue->Fri,market,75.0,13,15:30,50,0.0,,False
AMD,call,Tue->Fri,market,100.0,1,12:00,300,28.667,155.0,False
AMD,call,Tue->Fri,market,100.0,2,12:30,300,26.333,140.0,False
AMD,call,Tue->Fri,market,100.0,3,09:30,250,24.4,240.0,False
AMD,call,Tue->Fri,market,100.0,4,11:00,300,24.333,175.0,False
AMD,call,Tue->Fri,market,100.0,5,11:30,300,24.0,195.0,False
AMD,call,Tue->Fri,market,100.0,6,13:00,300,22.333,105.0,False
AMD,call,Tue->Fri,market,100.0,7,10:30,300,20.0,192.5,False
AMD,call,Tue->Fri,market,100.0,8,10:00,300,16.333,235.0,False
AMD,call,Tue->Fri,market,100.0,9,13:30,300,15.667,90.0,False
AMD,call,Tue->Fri,market,100.0,10,14:00,300,12.333,65.0,False
AMD,call,Tue->Fri,market,100.0,11,14:30,300,10.0,55.0,False
AMD,call,Tue->Fri,market,100.0,12,15:00,300,2.333,50.0,False
AMD,call,Tue->Fri,market,100.0,13,15:30,50,0.0,,False
AMD,put,Tue->Fri,mid,30.0,1,09:30,250,84.0,70.0,False
AMD,put,Tue->Fri,mid,30.0,2,10:00,300,82.333,50.0,False
AMD,put,Tue->Fri,mid,30.0,3,10:30,300,72.0,35.0,False
AMD,put,Tue->Fri,mid,30.0,4,11:30,300,67.667,60.0,False
AMD,put,Tue->Fri,mid,30.0,5,12:00,300,60.333,55.0,False
AMD,put,Tue->Fri,mid,30.0,6,11:00,300,58.0,45.0,False
AMD,put,Tue->Fri,mid,30.0,7,12:30,300,50.667,50.0,False
AMD,put,Tue->Fri,mid,30.0,8,13:30,300,28.0,52.5,False
AMD,put,Tue->Fri,mid,30.0,9,14:30,300,26.333,35.0,False
AMD,put,Tue->Fri,mid,30.0,10,13:00,300,25.667,55.0,False
AMD,put,Tue->Fri,mid,30.0,11,14:00,300,22.667,35.0,False
AMD,put,Tue->Fri,mid,30.0,12,15:00,300,17.667,20.0,False
AMD,put,Tue->Fri,mid,30.0,13,15:30,50,0.0,,False
AMD,put,Tue->Fri,mid,50.0,1,09:30,250,73.6,90.0,False
AMD,put,Tue->Fri,mid,50.0,2,10:00,300,71.667,70.0,False
AMD,put,Tue->Fri,mid,50.0,3,10:30,300,67.0,60.0,False
AMD,put,Tue->Fri,mid,50.0,4,11:00,300,46.667,75.0,False
AMD,put,Tue->Fri,mid,50.0,5,12:00,300,40.667,70.0,False
AMD,put,Tue->Fri,mid,50.0,6,11:30,300,38.0,90.0,False
AMD,put,Tue->Fri,mid,50.0,7,12:30,300,32.333,105.0,False
AMD,put,Tue->Fri,mid,50.0,8,13:30,300,16.333,80.0,False
AMD,put,Tue->Fri,mid,50.0,9,13:00,300,16.333,110.0,False
AMD,put,Tue->Fri,mid,50.0,10,14:00,300,14.0,45.0,False
AMD,put,Tue->Fri,mid,50.0,11,14:30,300,6.333,75.0,False
AMD,put,Tue->Fri,mid,50.0,12,15:00,300,2.667,32.5,False
AMD,put,Tue->Fri,mid,50.0,13,15:30,50,0.0,,False
AMD,put,Tue->Fri,mid,75.0,1,10:00,300,59.333,105.0,False
AMD,put,Tue->Fri,mid,75.0,2,09:30,250,58.8,120.0,False
AMD,put,Tue->Fri,mid,75.0,3,10:30,300,53.667,90.0,False
AMD,put,Tue->Fri,mid,75.0,4,11:00,300,35.667,110.0,False
AMD,put,Tue->Fri,mid,75.0,5,11:30,300,21.333,180.0,False
AMD,put,Tue->Fri,mid,75.0,6,12:00,300,19.0,155.0,False
AMD,put,Tue->Fri,mid,75.0,7,12:30,300,10.333,155.0,False
AMD,put,Tue->Fri,mid,75.0,8,13:00,300,6.667,155.0,False
AMD,put,Tue->Fri,mid,75.0,9,14:00,300,5.333,97.5,False
AMD,put,Tue->Fri,mid,75.0,10,13:30,300,4.0,125.0,False
AMD,put,Tue->Fri,mid,75.0,11,14:30,300,0.0,,False
AMD,put,Tue->Fri,mid,75.0,12,15:00,300,0.0,,False
AMD,put,Tue->Fri,mid,75.0,13,15:30,50,0.0,,False
AMD,put,Tue->Fri,mid,100.0,1,09:30,250,55.6,155.0,False
AMD,put,Tue->Fri,mid,100.0,2,10:00,300,53.0,135.0,False
AMD,put,Tue->Fri,mid,100.0,3,10:30,300,42.667,130.0,False
AMD,put,Tue->Fri,mid,100.0,4,11:00,300,24.0,112.5,False
AMD,put,Tue->Fri,mid,100.0,5,11:30,300,14.333,200.0,False
AMD,put,Tue->Fri,mid,100.0,6,12:00,300,10.333,175.0,False
AMD,put,Tue->Fri,mid,100.0,7,13:00,300,1.667,170.0,False
AMD,put,Tue->Fri,mid,100.0,8,12:30,300,1.667,200.0,False
AMD,put,Tue->Fri,mid,100.0,9,14:00,300,0.333,100.0,False
AMD,put,Tue->Fri,mid,100.0,10,13:30,300,0.0,,False
AMD,put,Tue->Fri,mid,100.0,11,14:30,300,0.0,,False
AMD,put,Tue->Fri,mid,100.0,12,15:00,300,0.0,,False
AMD,put,Tue->Fri,mid,100.0,13,15:30,50,0.0,,False
AMD,put,Tue->Fri,market,30.0,1,09:30,250,81.6,75.0,False
AMD,put,Tue->Fri,market,30.0,2,10:00,300,80.0,50.0,False
AMD,put,Tue->Fri,market,30.0,3,10:30,300,70.333,40.0,False
AMD,put,Tue->Fri,market,30.0,4,11:30,300,59.0,70.0,False
AMD,put,Tue->Fri,market,30.0,5,12:00,300,56.333,60.0,False
AMD,put,Tue->Fri,market,30.0,6,11:00,300,54.0,50.0,False
AMD,put,Tue->Fri,market,30.0,7,12:30,300,45.667,55.0,False
AMD,put,Tue->Fri,market,30.0,8,13:30,300,24.0,55.0,False
AMD,put,Tue->Fri,market,30.0,9,13:00,300,22.333,95.0,False
AMD,put,Tue->Fri,market,30.0,10,14:00,300,19.667,35.0,False
AMD,put,Tue->Fri,market,30.0,11,14:30,300,19.0,50.0,False
AMD,put,Tue->Fri,market,30.0,12,15:00,300,12.0,20.0,False
AMD,put,Tue->Fri,market,30.0,13,15:30,50,0.0,,False
AMD,put,Tue->Fri,market,50.0,1,09:30,250,68.4,100.0,False
AMD,put,Tue->Fri,market,50.0,2,10:00,300,68.0,80.0,False
AMD,put,Tue->Fri,market,50.0,3,10:30,300,62.667,65.0,False
AMD,put,Tue->Fri,market,50.0,4,11:00,300,45.0,95.0,False
AMD,put,Tue->Fri,market,50.0,5,12:00,300,32.667,80.0,False
AMD,put,Tue->Fri,market,50.0,6,11:30,300,32.0,105.0,False
AMD,put,Tue->Fri,market,50.0,7,12:30,300,25.0,125.0,False
AMD,put,Tue->Fri,market,50.0,8,13:00,300,13.667,110.0,False
AMD,put,Tue->Fri,market,50.0,9,14:00,300,13.0,85.0,False
AMD,put,Tue->Fri,market,50.0,10,13:30,300,13.0,115.0,False
AMD,put,Tue->Fri,market,50.0,11,14:30,300,2.667,77.5,False
AMD,put,Tue->Fri,market,50.0,12,15:00,300,0.667,30.0,False
AMD,put,Tue->Fri,market,50.0,13,15:30,50,0.0,,False
AMD,put,Tue->Fri,market,75.0,1,10:00,300,58.0,115.0,False
AMD,put,Tue->Fri,market,75.0,2,09:30,250,58.0,135.0,False
AMD,put,Tue->Fri,market,75.0,3,10:30,300,50.333,95.0,False
AMD,put,Tue->Fri,market,75.0,4,11:00,300,31.667,110.0,False
AMD,put,Tue->Fri,market,75.0,5,11:30,300,18.333,185.0,False
AMD,put,Tue->Fri,market,75.0,6,12:00,300,17.0,160.0,False
AMD,put,Tue->Fri,market,75.0,7,12:30,300,7.0,165.0,False
AMD,put,Tue->Fri,market,75.0,8,13:00,300,4.667,162.5,False
AMD,put,Tue->Fri,market,75.0,9,14:00,300,3.0,100.0,False
AMD,put,Tue->Fri,market,75.0,10,13:30,300,2.0,122.5,False
AMD,put,Tue->Fri,market,75.0,11,14:30,300,0.0,,False
AMD,put,Tue->Fri,market,75.0,12,15:00,300,0.0,,False
AMD,put,Tue->Fri,market,75.0,13,15:30,50,0.0,,False
AMD,put,Tue->Fri,market,100.0,1,09:30,250,54.0,160.0,False
AMD,put,Tue->Fri,market,100.0,2,10:00,300,50.0,140.0,False
AMD,put,Tue->Fri,market,100.0,3,10:30,300,38.667,132.5,False
AMD,put,Tue->Fri,market,100.0,4,11:00,300,21.333,112.5,False
AMD,put,Tue->Fri,market,100.0,5,11:30,300,12.0,210.0,False
AMD,put,Tue->Fri,market,100.0,6,12:00,300,7.667,180.0,False
AMD,put,Tue->Fri,market,100.0,7,13:00,300,1.0,170.0,False
AMD,put,Tue->Fri,market,100.0,8,12:30,300,1.0,200.0,False
AMD,put,Tue->Fri,market,100.0,9,13:30,300,0.0,,False
AMD,put,Tue->Fri,market,100.0,10,14:00,300,0.0,,False
AMD,put,Tue->Fri,market,100.0,11,14:30,300,0.0,,False
AMD,put,Tue->Fri,market,100.0,12,15:00,300,0.0,,False
AMD,put,Tue->Fri,market,100.0,13,15:30,50,0.0,,False
AMD,call,Wed->Fri,mid,30.0,1,10:30,300,81.0,100.0,False
AMD,call,Wed->Fri,mid,30.0,2,10:00,300,80.333,60.0,False
AMD,call,Wed->Fri,mid,30.0,3,11:30,300,76.0,40.0,False
AMD,call,Wed->Fri,mid,30.0,4,12:30,300,75.667,40.0,False
AMD,call,Wed->Fri,mid,30.0,5,12:00,300,75.0,50.0,False
AMD,call,Wed->Fri,mid,30.0,6,09:30,250,73.2,105.0,False
AMD,call,Wed->Fri,mid,30.0,7,11:00,300,72.667,70.0,False
AMD,call,Wed->Fri,mid,30.0,8,13:00,300,48.333,45.0,False
AMD,call,Wed->Fri,mid,30.0,9,13:30,300,45.0,30.0,False
AMD,call,Wed->Fri,mid,30.0,10,14:30,300,44.667,27.5,False
AMD,call,Wed->Fri,mid,30.0,11,14:00,300,38.0,15.0,False
AMD,call,Wed->Fri,mid,30.0,12,15:30,50,28.0,12.5,False
AMD,call,Wed->Fri,mid,30.0,13,15:00,300,23.0,15.0,False
AMD,call,Wed->Fri,mid,50.0,1,11:00,300,69.0,100.0,False
AMD,call,Wed->Fri,mid,50.0,2,10:00,300,67.667,135.0,False
AMD,call,Wed->Fri,mid,50.0,3,10:30,300,67.333,135.0,False
AMD,call,Wed->Fri,mid,50.0,4,12:30,300,60.667,55.0,False
AMD,call,Wed->Fri,mid,50.0,5,11:30,300,60.0,65.0,False
AMD,call,Wed->Fri,mid,50.0,6,09:30,250,58.4,130.0,False
AMD,call,Wed->Fri,mid,50.0,7,12:00,300,56.333,65.0,False
AMD,call,Wed->Fri,mid,50.0,8,13:00,300,35.0,75.0,False
AMD,call,Wed->Fri,mid,50.0,9,13:30,300,34.333,45.0,False
AMD,call,Wed->Fri,mid,50.0,10,14:30,300,29.667,40.0,False
AMD,call,Wed->Fri,mid,50.0,11,14:00,300,24.667,37.5,False
AMD,call,Wed->Fri,mid,50.0,12,15:00,300,17.667,20.0,False
AMD,call,Wed->Fri,mid,50.0,13,15:30,50,8.0,15.0,False
AMD,call,Wed->Fri,mid,75.0,1,11:00,300,54.333,130.0,False
AMD,call,Wed->Fri,mid,75.0,2,10:00,300,51.0,155.0,False
AMD,call,Wed->Fri,mid,75.0,3,10:30,300,49.667,180.0,False
AMD,call,Wed->Fri,mid,75.0,4,11:30,300,46.333,65.0,False
AMD,call,Wed->Fri,mid,75.0,5,09:30,250,43.2,165.0,False
AMD,call,Wed->Fri,mid,75.0,6,12:00,300,36.667,80.0,False
AMD,call,Wed->Fri,mid,75.0,7,12:30,300,33.333,97.5,False
AMD,call,Wed->Fri,mid,75.0,8,13:30,300,27.333,80.0,False
AMD,call,Wed->Fri,mid,75.0,9,13:00,300,20.667,135.0,False
AMD,call,Wed->Fri,mid,75.0,10,14:00,300,18.0,75.0,False
AMD,call,Wed->Fri,mid,75.0,11,14:30,300,15.333,42.5,False
AMD,call,Wed->Fri,mid,75.0,12,15:00,300,10.333,25.0,False
AMD,call,Wed->Fri,mid,75.0,13,15:30,50,0.0,,False
AMD,call,Wed->Fri,mid,100.0,1,11:30,300,37.333,62.5,False
AMD,call,Wed->Fri,mid,100.0,2,10:00,300,37.333,165.0,False
AMD,call,Wed->Fri,mid,100.0,3,11:00,300,37.0,150.0,False
AMD,call,Wed->Fri,mid,100.0,4,09:30,250,34.4,175.0,False
AMD,call,Wed->Fri,mid,100.0,5,10:30,300,33.667,175.0,False
AMD,call,Wed->Fri,mid,100.0,6,12:00,300,27.667,75.0,False
AMD,call,Wed->Fri,mid,100.0,7,13:30,300,21.333,95.0,False
AMD,call,Wed->Fri,mid,100.0,8,14:00,300,13.667,80.0,False
AMD,call,Wed->Fri,mid,100.0,9,12:30,300,11.667,55.0,False
AMD,call,Wed->Fri,mid,100.0,10,13:00,300,11.0,135.0,False
AMD,call,Wed->Fri,mid,100.0,11,14:30,300,10.333,40.0,False
AMD,call,Wed->Fri,mid,100.0,12,15:00,300,4.0,20.0,False
AMD,call,Wed->Fri,mid,100.0,13,15:30,50,0.0,,False
AMD,call,Wed->Fri,market,30.0,1,10:30,300,77.333,115.0,False
AMD,call,Wed->Fri,market,30.0,2,10:00,300,77.0,80.0,False
AMD,call,Wed->Fri,market,30.0,3,12:30,300,73.333,45.0,False
AMD,call,Wed->Fri,market,30.0,4,11:00,300,71.667,80.0,False
AMD,call,Wed->Fri,market,30.0,5,11:30,300,71.0,45.0,False
AMD,call,Wed->Fri,market,30.0,6,12:00,300,70.667,55.0,False
AMD,call,Wed->Fri,market,30.0,7,09:30,250,69.2,115.0,False
AMD,call,Wed->Fri,market,30.0,8,13:00,300,44.333,55.0,False
AMD,call,Wed->Fri,market,30.0,9,13:30,300,43.0,30.0,False
AMD,call,Wed->Fri,market,30.0,10,14:30,300,40.0,30.0,False
AMD,call,Wed->Fri,market,30.0,11,14:00,300,34.0,20.0,False
AMD,call,Wed->Fri,market,30.0,12,15:30,50,26.0,15.0,False
AMD,call,Wed->Fri,market,30.0,13,15:00,300,21.333,20.0,False
AMD,call,Wed->Fri,market,50.0,1,11:00,300,67.0,110.0,False
AMD,call,Wed->Fri,market,50.0,2,10:00,300,64.0,140.0,False
AMD,call,Wed->Fri,market,50.0,3,10:30,300,63.333,152.5,False
AMD,call,Wed->Fri,market,50.0,4,11:30,300,57.0,65.0,False
AMD,call,Wed->Fri,market,50.0,5,09:30,250,54.8,140.0,False
AMD,call,Wed->Fri,market,50.0,6,12:30,300,54.667,80.0,False
AMD,call,Wed->Fri,market,50.0,7,12:00,300,49.0,70.0,False
AMD,call,Wed->Fri,market,50.0,8,13:30,300,32.333,50.0,False
AMD,call,Wed->Fri,market,50.0,9,13:00,300,32.0,77.5,False
AMD,call,Wed->Fri,market,50.0,10,14:30,300,26.333,40.0,False
AMD,call,Wed->Fri,market,50.0,11,14:00,300,23.0,60.0,False
AMD,call,Wed->Fri,market,50.0,12,15:00,300,16.0,20.0,False
AMD,call,Wed->Fri,market,50.0,13,15:30,50,2.0,15.0,False
AMD,call,Wed->Fri,market,75.0,1,11:00,300,48.333,135.0,False
AMD,call,Wed->Fri,market,75.0,2,10:00,300,46.667,155.0,False
AMD,call,Wed->Fri,market,75.0,3,10:30,300,44.333,190.0,False
AMD,call,Wed->Fri,market,75.0,4,11:30,300,43.0,60.0,False
AMD,call,Wed->Fri,market,75.0,5,09:30,250,39.2,170.0,False
AMD,call,Wed->Fri,market,75.0,6,12:00,300,34.333,80.0,False
AMD,call,Wed->Fri,market,75.0,7,12:30,300,26.0,105.0,False
AMD,call,Wed->Fri,market,75.0,8,13:30,300,25.667,90.0,False
AMD,call,Wed->Fri,market,75.0,9,13:00,300,18.333,135.0,False
AMD,call,Wed->Fri,market,75.0,10,14:00,300,16.333,75.0,False
AMD,call,Wed->Fri,market,75.0,11,14:30,300,14.333,45.0,False
AMD,call,Wed->Fri,market,75.0,12,15:00,300,8.333,20.0,False
AMD,call,Wed->Fri,market,75.0,13,15:30,50,0.0,,False
AMD,call,Wed->Fri,market,100.0,1,11:30,300,35.0,65.0,False
AMD,call,Wed->Fri,market,100.0,2,10:00,300,34.333,165.0,False
AMD,call,Wed->Fri,market,100.0,3,11:00,300,34.0,150.0,False
AMD,call,Wed->Fri,market,100.0,4,09:30,250,32.8,180.0,False
AMD,call,Wed->Fri,market,100.0,5,10:30,300,30.333,170.0,False
AMD,call,Wed->Fri,market,100.0,6,12:00,300,25.333,75.0,False
AMD,call,Wed->Fri,market,100.0,7,13:30,300,19.667,95.0,False
AMD,call,Wed->Fri,market,100.0,8,14:00,300,12.333,85.0,False
AMD,call,Wed->Fri,market,100.0,9,14:30,300,8.333,35.0,False
AMD,call,Wed->Fri,market,100.0,10,12:30,300,8.333,55.0,False
AMD,call,Wed->Fri,market,100.0,11,13:00,300,8.333,135.0,False
AMD,call,Wed->Fri,market,100.0,12,15:00,300,3.0,20.0,False
AMD,call,Wed->Fri,market,100.0,13,15:30,50,0.0,,False
AMD,put,Wed->Fri,mid,30.0,1,13:00,300,97.0,35.0,False
AMD,put,Wed->Fri,mid,30.0,2,10:30,300,88.333,55.0,False
AMD,put,Wed->Fri,mid,30.0,3,11:00,300,82.333,40.0,False
AMD,put,Wed->Fri,mid,30.0,4,12:30,300,81.333,60.0,False
AMD,put,Wed->Fri,mid,30.0,5,09:30,250,76.0,55.0,False
AMD,put,Wed->Fri,mid,30.0,6,13:30,300,73.333,30.0,False
AMD,put,Wed->Fri,mid,30.0,7,12:00,300,73.333,80.0,False
AMD,put,Wed->Fri,mid,30.0,8,10:00,300,71.0,70.0,False
AMD,put,Wed->Fri,mid,30.0,9,14:00,300,66.0,30.0,False
AMD,put,Wed->Fri,mid,30.0,10,11:30,300,64.0,95.0,False
AMD,put,Wed->Fri,mid,30.0,11,14:30,300,45.333,30.0,False
AMD,put,Wed->Fri,mid,30.0,12,15:00,300,32.333,20.0,False
AMD,put,Wed->Fri,mid,30.0,13,15:30,50,30.0,25.0,False
AMD,put,Wed->Fri,mid,50.0,1,13:00,300,81.667,60.0,False
AMD,put,Wed->Fri,mid,50.0,2,09:30,250,69.6,95.0,False
AMD,put,Wed->Fri,mid,50.0,3,10:30,300,69.0,80.0,False
AMD,put,Wed->Fri,mid,50.0,4,12:30,300,66.667,65.0,False
AMD,put,Wed->Fri,mid,50.0,5,11:00,300,61.0,120.0,False
AMD,put,Wed->Fri,mid,50.0,6,13:30,300,60.0,45.0,False
AMD,put,Wed->Fri,mid,50.0,7,10:00,300,58.667,87.5,False
AMD,put,Wed->Fri,mid,50.0,8,12:00,300,53.333,90.0,False
AMD,put,Wed->Fri,mid,50.0,9,14:00,300,52.0,55.0,False
AMD,put,Wed->Fri,mid,50.0,10,11:30,300,51.667,115.0,False
AMD,put,Wed->Fri,mid,50.0,11,14:30,300,25.667,30.0,False
AMD,put,Wed->Fri,mid,50.0,12,15:00,300,25.333,30.0,False
AMD,put,Wed->Fri,mid,50.0,13,15:30,50,24.0,27.5,False
AMD,put,Wed->Fri,mid,75.0,1,13:00,300,60.667,95.0,False
AMD,put,Wed->Fri,mid,75.0,2,09:30,250,57.2,130.0,False
AMD,put,Wed->Fri,mid,75.0,3,13:30,300,51.667,60.0,False
AMD,put,Wed->Fri,mid,75.0,4,10:30,300,48.0,175.0,False
AMD,put,Wed->Fri,mid,75.0,5,12:30,300,47.0,120.0,False
AMD,put,Wed->Fri,mid,75.0,6,10:00,300,45.0,115.0,False
AMD,put,Wed->Fri,mid,75.0,7,12:00,300,43.0,110.0,False
AMD,put,Wed->Fri,mid,75.0,8,11:00,300,42.0,155.0,False
AMD,put,Wed->Fri,mid,75.0,9,11:30,300,39.0,115.0,False
AMD,put,Wed->Fri,mid,75.0,10,14:00,300,35.0,80.0,False
AMD,put,Wed->Fri,mid,75.0,11,15:00,300,19.0,30.0,False
AMD,put,Wed->Fri,mid,75.0,12,14:30,300,16.0,35.0,False
AMD,put,Wed->Fri,mid,75.0,13,15:30,50,12.0,25.0,False
AMD,put,Wed->Fri,mid,100.0,1,13:00,300,42.0,105.0,False
AMD,put,Wed->Fri,mid,100.0,2,09:30,250,42.0,215.0,False
AMD,put,Wed->Fri,mid,100.0,3,13:30,300,40.667,87.5,False
AMD,put,Wed->Fri,mid,100.0,4,10:30,300,40.667,222.5,False
AMD,put,Wed->Fri,mid,100.0,5,10:00,300,36.0,212.5,False
AMD,put,Wed->Fri,mid,100.0,6,11:00,300,34.667,185.0,False
AMD,put,Wed->Fri,mid,100.0,7,11:30,300,30.667,120.0,False
AMD,put,Wed->Fri,mid,100.0,8,12:30,300,30.0,112.5,False
AMD,put,Wed->Fri,mid,100.0,9,12:00,300,29.0,95.0,False
AMD,put,Wed->Fri,mid,100.0,10,14:00,300,19.667,85.0,False
AMD,put,Wed->Fri,mid,100.0,11,15:00,300,14.667,25.0,False
AMD,put,Wed->Fri,mid,100.0,12,14:30,300,12.0,35.0,False
AMD,put,Wed->Fri,mid,100.0,13,15:30,50,8.0,25.0,False
AMD,put,Wed->Fri,market,30.0,1,13:00,300,94.333,40.0,False
AMD,put,Wed->Fri,market,30.0,2,10:30,300,85.333,60.0,False
AMD,put,Wed->Fri,market,30.0,3,12:30,300,77.667,60.0,False
AMD,put,Wed->Fri,market,30.0,4,11:00,300,76.667,50.0,False
AMD,put,Wed->Fri,market,30.0,5,09:30,250,75.2,80.0,False
AMD,put,Wed->Fri,market,30.0,6,13:30,300,70.0,35.0,False
AMD,put,Wed->Fri,market,30.0,7,10:00,300,68.667,80.0,False
AMD,put,Wed->Fri,market,30.0,8,12:00,300,67.667,85.0,False
AMD,put,Wed->Fri,market,30.0,9,14:00,300,62.667,35.0,False
AMD,put,Wed->Fri,market,30.0,10,11:30,300,61.667,105.0,False
AMD,put,Wed->Fri,market,30.0,11,14:30,300,37.333,30.0,False
AMD,put,Wed->Fri,market,30.0,12,15:30,50,30.0,25.0,False
AMD,put,Wed->Fri,market,30.0,13,15:00,300,29.0,25.0,False
AMD,put,Wed->Fri,market,50.0,1,13:00,300,75.667,75.0,False
AMD,put,Wed->Fri,market,50.0,2,09:30,250,67.2,100.0,False
AMD,put,Wed->Fri,market,50.0,3,12:30,300,62.667,70.0,False
AMD,put,Wed->Fri,market,50.0,4,10:30,300,60.667,95.0,False
AMD,put,Wed->Fri,market,50.0,5,13:30,300,57.333,55.0,False
AMD,put,Wed->Fri,market,50.0,6,10:00,300,56.0,90.0,False
AMD,put,Wed->Fri,market,50.0,7,11:00,300,54.667,132.5,False
AMD,put,Wed->Fri,market,50.0,8,12:00,300,49.333,97.5,False
AMD,put,Wed->Fri,market,50.0,9,11:30,300,48.667,120.0,False
AMD,put,Wed->Fri,market,50.0,10,14:00,300,47.667,60.0,False
AMD,put,Wed->Fri,market,50.0,11,15:00,300,24.667,35.0,False
AMD,put,Wed->Fri,market,50.0,12,14:30,300,22.0,30.0,False
AMD,put,Wed->Fri,market,50.0,13,15:30,50,20.0,25.0,False
AMD,put,Wed->Fri,market,75.0,1,13:00,300,54.667,100.0,False
AMD,put,Wed->Fri,market,75.0,2,09:30,250,52.4,140.0,False
AMD,put,Wed->Fri,market,75.0,3,13:30,300,48.667,65.0,False
AMD,put,Wed->Fri,market,75.0,4,10:30,300,45.333,185.0,False
AMD,put,Wed->Fri,market,75.0,5,12:30,300,42.333,120.0,False
AMD,put,Wed->Fri,market,75.0,6,10:00,300,42.0,125.0,False
AMD,put,Wed->Fri,market,75.0,7,12:00,300,40.333,110.0,False
AMD,put,Wed->Fri,market,75.0,8,11:00,300,39.333,162.5,False
AMD,put,Wed->Fri,market,75.0,9,11:30,300,36.667,117.5,False
AMD,put,Wed->Fri,market,75.0,10,14:00,300,29.667,80.0,False
AMD,put,Wed->Fri,market,75.0,11,15:00,300,18.0,30.0,False
AMD,put,Wed->Fri,market,75.0,12,14:30,300,14.667,30.0,False
AMD,put,Wed->Fri,market,75.0,13,15:30,50,12.0,25.0,False
AMD,put,Wed->Fri,market,100.0,1,09:30,250,40.4,225.0,False
AMD,put,Wed->Fri,market,100.0,2,13:30,300,38.333,95.0,False
AMD,put,Wed->Fri,market,100.0,3,10:30,300,38.333,230.0,False
AMD,put,Wed->Fri,market,100.0,4,13:00,300,35.333,105.0,False
AMD,put,Wed->Fri,market,100.0,5,11:00,300,34.0,195.0,False
AMD,put,Wed->Fri,market,100.0,6,10:00,300,34.0,232.5,False
AMD,put,Wed->Fri,market,100.0,7,11:30,300,28.667,125.0,False
AMD,put,Wed->Fri,market,100.0,8,12:30,300,27.333,110.0,False
AMD,put,Wed->Fri,market,100.0,9,12:00,300,26.0,92.5,False
AMD,put,Wed->Fri,market,100.0,10,14:00,300,17.333,85.0,False
AMD,put,Wed->Fri,market,100.0,11,15:00,300,13.333,25.0,False
AMD,put,Wed->Fri,market,100.0,12,14:30,300,11.0,35.0,False
AMD,put,Wed->Fri,market,100.0,13,15:30,50,6.0,25.0,False
AMD,call,Thu->Fri,mid,30.0,1,10:30,300,93.0,40.0,False
AMD,call,Thu->Fri,mid,30.0,2,09:30,250,86.0,45.0,False
AMD,call,Thu->Fri,mid,30.0,3,11:00,300,79.0,25.0,False
AMD,call,Thu->Fri,mid,30.0,4,10:00,300,79.0,45.0,False
AMD,call,Thu->Fri,mid,30.0,5,11:30,300,69.667,30.0,False
AMD,call,Thu->Fri,mid,30.0,6,14:30,300,60.333,25.0,False
AMD,call,Thu->Fri,mid,30.0,7,12:30,300,59.333,25.0,False
AMD,call,Thu->Fri,mid,30.0,8,12:00,300,58.333,20.0,False
AMD,call,Thu->Fri,mid,30.0,9,14:00,300,54.667,37.5,False
AMD,call,Thu->Fri,mid,30.0,10,13:30,300,52.667,20.0,False
AMD,call,Thu->Fri,mid,30.0,11,13:00,300,50.333,40.0,False
AMD,call,Thu->Fri,mid,30.0,12,15:00,300,44.667,25.0,False
AMD,call,Thu->Fri,mid,30.0,13,15:30,50,40.0,15.0,False
AMD,call,Thu->Fri,mid,50.0,1,09:30,250,80.8,75.0,False
AMD,call,Thu->Fri,mid,50.0,2,10:30,300,78.0,65.0,False
AMD,call,Thu->Fri,mid,50.0,3,10:00,300,72.0,60.0,False
AMD,call,Thu->Fri,mid,50.0,4,11:00,300,68.0,60.0,False
AMD,call,Thu->Fri,mid,50.0,5,11:30,300,58.333,40.0,False
AMD,call,Thu->Fri,mid,50.0,6,12:30,300,50.0,65.0,False
AMD,call,Thu->Fri,mid,50.0,7,12:00,300,49.0,25.0,False
AMD,call,Thu->Fri,mid,50.0,8,13:30,300,49.0,40.0,False
AMD,call,Thu->Fri,mid,50.0,9,14:30,300,42.333,35.0,False
AMD,call,Thu->Fri,mid,50.0,10,13:00,300,41.667,75.0,False
AMD,call,Thu->Fri,mid,50.0,11,14:00,300,39.0,35.0,False
AMD,call,Thu->Fri,mid,50.0,12,15:30,50,30.0,20.0,False
AMD,call,Thu->Fri,mid,50.0,13,15:00,300,29.667,20.0,False
AMD,call,Thu->Fri,mid,75.0,1,09:30,250,66.4,85.0,False
AMD,call,Thu->Fri,mid,75.0,2,10:30,300,61.667,80.0,False
AMD,call,Thu->Fri,mid,75.0,3,10:00,300,58.667,75.0,False
AMD,call,Thu->Fri,mid,75.0,4,11:00,300,56.667,85.0,False
AMD,call,Thu->Fri,mid,75.0,5,11:30,300,49.667,45.0,False
AMD,call,Thu->Fri,mid,75.0,6,12:00,300,43.667,40.0,False
AMD,call,Thu->Fri,mid,75.0,7,13:30,300,41.667,45.0,False
AMD,call,Thu->Fri,mid,75.0,8,13:00,300,37.333,77.5,False
AMD,call,Thu->Fri,mid,75.0,9,12:30,300,36.0,90.0,False
AMD,call,Thu->Fri,mid,75.0,10,14:00,300,30.0,50.0,False
AMD,call,Thu->Fri,mid,75.0,11,14:30,300,24.0,50.0,False
AMD,call,Thu->Fri,mid,75.0,12,15:00,300,22.0,20.0,False
AMD,call,Thu->Fri,mid,75.0,13,15:30,50,20.0,25.0,False
AMD,call,Thu->Fri,mid,100.0,1,09:30,250,52.0,90.0,False
AMD,call,Thu->Fri,mid,100.0,2,10:30,300,48.333,95.0,False
AMD,call,Thu->Fri,mid,100.0,3,11:00,300,47.667,100.0,False
AMD,call,Thu->Fri,mid,100.0,4,10:00,300,45.0,85.0,False
AMD,call,Thu->Fri,mid,100.0,5,11:30,300,44.333,50.0,False
AMD,call,Thu->Fri,mid,100.0,6,12:00,300,40.667,55.0,False
AMD,call,Thu->Fri,mid,100.0,7,13:30,300,36.0,55.0,False
AMD,call,Thu->Fri,mid,100.0,8,13:00,300,31.667,80.0,False
AMD,call,Thu->Fri,mid,100.0,9,12:30,300,28.0,105.0,False
AMD,call,Thu->Fri,mid,100.0,10,14:00,300,23.0,50.0,False
AMD,call,Thu->Fri,mid,100.0,11,14:30,300,16.0,55.0,False
AMD,call,Thu->Fri,mid,100.0,12,15:00,300,15.333,22.5,False
AMD,call,Thu->Fri,mid,100.0,13,15:30,50,10.0,25.0,False
AMD,call,Thu->Fri,market,30.0,1,10:30,300,89.667,50.0,False
AMD,call,Thu->Fri,market,30.0,2,09:30,250,85.2,60.0,False
AMD,call,Thu->Fri,market,30.0,3,10:00,300,78.333,50.0,False
AMD,call,Thu->Fri,market,30.0,4,11:00,300,76.0,35.0,False
AMD,call,Thu->Fri,market,30.0,5,11:30,300,66.0,30.0,False
AMD,call,Thu->Fri,market,30.0,6,12:30,300,56.333,30.0,False
AMD,call,Thu->Fri,market,30.0,7,14:30,300,56.0,27.5,False
AMD,call,Thu->Fri,market,30.0,8,12:00,300,55.667,20.0,False
AMD,call,Thu->Fri,market,30.0,9,13:30,300,52.0,25.0,False
AMD,call,Thu->Fri,market,30.0,10,14:00,300,50.333,35.0,False
AMD,call,Thu->Fri,market,30.0,11,13:00,300,46.333,60.0,False
AMD,call,Thu->Fri,market,30.0,12,15:00,300,40.333,25.0,False
AMD,call,Thu->Fri,market,30.0,13,15:30,50,36.0,17.5,False
AMD,call,Thu->Fri,market,50.0,1,09:30,250,78.0,80.0,False
AMD,call,Thu->Fri,market,50.0,2,10:30,300,74.667,70.0,False
AMD,call,Thu->Fri,market,50.0,3,10:00,300,69.333,60.0,False
AMD,call,Thu->Fri,market,50.0,4,11:00,300,64.0,70.0,False
AMD,call,Thu->Fri,market,50.0,5,11:30,300,56.0,45.0,False
AMD,call,Thu->Fri,market,50.0,6,13:30,300,47.333,42.5,False
AMD,call,Thu->Fri,market,50.0,7,12:00,300,47.0,30.0,False
AMD,call,Thu->Fri,market,50.0,8,12:30,300,45.667,80.0,False
AMD,call,Thu->Fri,market,50.0,9,13:00,300,41.0,75.0,False
AMD,call,Thu->Fri,market,50.0,10,14:30,300,37.333,35.0,False
AMD,call,Thu->Fri,market,50.0,11,14:00,300,35.0,40.0,False
AMD,call,Thu->Fri,market,50.0,12,15:00,300,27.667,20.0,False
AMD,call,Thu->Fri,market,50.0,13,15:30,50,26.0,20.0,False
AMD,call,Thu->Fri,market,75.0,1,09:30,250,61.6,90.0,False
AMD,call,Thu->Fri,market,75.0,2,10:30,300,58.0,85.0,False
AMD,call,Thu->Fri,market,75.0,3,10:00,300,56.0,80.0,False
AMD,call,Thu->Fri,market,75.0,4,11:00,300,52.667,90.0,False
AMD,call,Thu->Fri,market,75.0,5,11:30,300,47.667,45.0,False
AMD,call,Thu->Fri,market,75.0,6,12:00,300,42.333,45.0,False
AMD,call,Thu->Fri,market,75.0,7,13:30,300,40.667,45.0,False
AMD,call,Thu->Fri,market,75.0,8,13:00,300,36.0,80.0,False
AMD,call,Thu->Fri,market,75.0,9,12:30,300,33.333,95.0,False
AMD,call,Thu->Fri,market,75.0,10,14:00,300,28.333,50.0,False
AMD,call,Thu->Fri,market,75.0,11,15:00,300,20.333,25.0,False
AMD,call,Thu->Fri,market,75.0,12,14:30,300,20.0,50.0,False
AMD,call,Thu->Fri,market,75.0,13,15:30,50,16.0,25.0,False
AMD,call,Thu->Fri,market,100.0,1,09:30,250,49.2,100.0,False
AMD,call,Thu->Fri,market,100.0,2,11:00,300,46.333,105.0,False
AMD,call,Thu->Fri,market,100.0,3,10:30,300,45.0,100.0,False
AMD,call,Thu->Fri,market,100.0,4,11:30,300,43.667,55.0,False
AMD,call,Thu->Fri,market,100.0,5,10:00,300,41.0,90.0,False
AMD,call,Thu->Fri,market,100.0,6,12:00,300,39.0,65.0,False
AMD,call,Thu->Fri,market,100.0,7,13:30,300,33.333,55.0,False
AMD,call,Thu->Fri,market,100.0,8,13:00,300,30.0,80.0,False
AMD,call,Thu->Fri,market,100.0,9,12:30,300,26.333,110.0,False
AMD,call,Thu->Fri,market,100.0,10,14:00,300,21.0,50.0,False
AMD,call,Thu->Fri,market,100.0,11,14:30,300,15.333,55.0,False
AMD,call,Thu->Fri,market,100.0,12,15:00,300,14.667,25.0,False
AMD,call,Thu->Fri,market,100.0,13,15:30,50,8.0,27.5,False
AMD,put,Thu->Fri,mid,30.0,1,10:00,300,82.667,27.5,False
AMD,put,Thu->Fri,mid,30.0,2,11:00,300,81.333,55.0,False
AMD,put,Thu->Fri,mid,30.0,3,10:30,300,81.333,90.0,False
AMD,put,Thu->Fri,mid,30.0,4,13:00,300,81.0,25.0,False
AMD,put,Thu->Fri,mid,30.0,5,12:30,300,81.0,35.0,False
AMD,put,Thu->Fri,mid,30.0,6,09:30,250,80.0,40.0,False
AMD,put,Thu->Fri,mid,30.0,7,11:30,300,73.0,35.0,False
AMD,put,Thu->Fri,mid,30.0,8,12:00,300,66.0,32.5,False
AMD,put,Thu->Fri,mid,30.0,9,13:30,300,64.333,30.0,False
AMD,put,Thu->Fri,mid,30.0,10,14:00,300,55.0,20.0,False
AMD,put,Thu->Fri,mid,30.0,11,14:30,300,37.0,25.0,False
AMD,put,Thu->Fri,mid,30.0,12,15:00,300,30.667,10.0,False
AMD,put,Thu->Fri,mid,30.0,13,15:30,50,10.0,15.0,False
AMD,put,Thu->Fri,mid,50.0,1,12:30,300,73.0,45.0,False
AMD,put,Thu->Fri,mid,50.0,2,10:00,300,73.0,50.0,False
AMD,put,Thu->Fri,mid,50.0,3,13:00,300,71.0,50.0,False
AMD,put,Thu->Fri,mid,50.0,4,09:30,250,69.2,55.0,False
AMD,put,Thu->Fri,mid,50.0,5,10:30,300,68.333,110.0,False
AMD,put,Thu->Fri,mid,50.0,6,11:00,300,65.667,65.0,False
AMD,put,Thu->Fri,mid,50.0,7,11:30,300,64.667,45.0,False
AMD,put,Thu->Fri,mid,50.0,8,12:00,300,62.0,60.0,False
AMD,put,Thu->Fri,mid,50.0,9,13:30,300,56.333,35.0,False
AMD,put,Thu->Fri,mid,50.0,10,14:00,300,38.667,20.0,False
AMD,put,Thu->Fri,mid,50.0,11,15:00,300,17.667,20.0,False
AMD,put,Thu->Fri,mid,50.0,12,14:30,300,17.0,35.0,False
AMD,put,Thu->Fri,mid,50.0,13,15:30,50,0.0,,False
AMD,put,Thu->Fri,mid,75.0,1,12:30,300,60.0,55.0,False
AMD,put,Thu->Fri,mid,75.0,2,10:00,300,59.333,95.0,False
AMD,put,Thu->Fri,mid,75.0,3,12:00,300,59.333,95.0,False
AMD,put,Thu->Fri,mid,75.0,4,09:30,250,59.2,90.0,False
AMD,put,Thu->Fri,mid,75.0,5,13:00,300,57.667,65.0,False
AMD,put,Thu->Fri,mid,75.0,6,11:30,300,56.667,65.0,False
AMD,put,Thu->Fri,mid,75.0,7,10:30,300,51.0,140.0,False
AMD,put,Thu->Fri,mid,75.0,8,11:00,300,49.667,90.0,False
AMD,put,Thu->Fri,mid,75.0,9,13:30,300,48.333,45.0,False
AMD,put,Thu->Fri,mid,75.0,10,14:00,300,28.667,22.5,False
AMD,put,Thu->Fri,mid,75.0,11,15:00,300,9.333,25.0,False
AMD,put,Thu->Fri,mid,75.0,12,14:30,300,8.0,35.0,False
AMD,put,Thu->Fri,mid,75.0,13,15:30,50,0.0,,False
AMD,put,Thu->Fri,mid,100.0,1,12:00,300,56.667,117.5,False
AMD,put,Thu->Fri,mid,100.0,2,13:00,300,50.0,65.0,False
AMD,put,Thu->Fri,mid,100.0,3,12:30,300,49.667,85.0,False
AMD,put,Thu->Fri,mid,100.0,4,11:30,300,49.667,95.0,False
AMD,put,Thu->Fri,mid,100.0,5,09:30,250,47.2,110.0,False
AMD,put,Thu->Fri,mid,100.0,6,10:00,300,45.0,120.0,False
AMD,put,Thu->Fri,mid,100.0,7,13:30,300,40.667,50.0,False
AMD,put,Thu->Fri,mid,100.0,8,11:00,300,40.667,107.5,False
AMD,put,Thu->Fri,mid,100.0,9,10:30,300,38.333,195.0,False
AMD,put,Thu->Fri,mid,100.0,10,14:00,300,22.0,25.0,False
AMD,put,Thu->Fri,mid,100.0,11,14:30,300,6.333,45.0,False
AMD,put,Thu->Fri,mid,100.0,12,15:00,300,5.667,30.0,False
AMD,put,Thu->Fri,mid,100.0,13,15:30,50,0.0,,False
AMD,put,Thu->Fri,market,30.0,1,10:00,300,80.667,30.0,False
AMD,put,Thu->Fri,market,30.0,2,10:30,300,79.333,95.0,False
AMD,put,Thu->Fri,market,30.0,3,12:30,300,79.0,40.0,False
AMD,put,Thu->Fri,market,30.0,4,13:00,300,78.333,30.0,False
AMD,put,Thu->Fri,market,30.0,5,11:00,300,77.333,60.0,False
AMD,put,Thu->Fri,market,30.0,6,09:30,250,76.4,40.0,False
AMD,put,Thu->Fri,market,30.0,7,11:30,300,70.333,35.0,False
AMD,put,Thu->Fri,market,30.0,8,12:00,300,64.667,45.0,False
AMD,put,Thu->Fri,market,30.0,9,13:30,300,61.0,35.0,False
AMD,put,Thu->Fri,market,30.0,10,14:00,300,50.0,20.0,False
AMD,put,Thu->Fri,market,30.0,11,14:30,300,30.667,27.5,False
AMD,put,Thu->Fri,market,30.0,12,15:00,300,26.667,15.0,False
AMD,put,Thu->Fri,market,30.0,13,15:30,50,4.0,15.0,False
AMD,put,Thu->Fri,market,50.0,1,10:00,300,70.0,60.0,False
AMD,put,Thu->Fri,market,50.0,2,12:30,300,69.0,50.0,False
AMD,put,Thu->Fri,market,50.0,3,09:30,250,67.6,65.0,False
AMD,put,Thu->Fri,market,50.0,4,13:00,300,66.333,55.0,False
AMD,put,Thu->Fri,market,50.0,5,10:30,300,63.0,115.0,False
AMD,put,Thu->Fri,market,50.0,6,11:30,300,62.0,50.0,False
AMD,put,Thu->Fri,market,50.0,7,12:00,300,61.0,65.0,False
AMD,put,Thu->Fri,market,50.0,8,11:00,300,60.333,70.0,False
AMD,put,Thu->Fri,market,50.0,9,13:30,300,53.333,40.0,False
AMD,put,Thu->Fri,market,50.0,10,14:00,300,35.333,20.0,False
AMD,put,Thu->Fri,market,50.0,11,15:00,300,15.0,20.0,False
AMD,put,Thu->Fri,market,50.0,12,14:30,300,13.667,30.0,False
AMD,put,Thu->Fri,market,50.0,13,15:30,50,0.0,,False
AMD,put,Thu->Fri,market,75.0,1,12:00,300,58.667,105.0,False
AMD,put,Thu->Fri,market,75.0,2,12:30,300,56.667,62.5,False
AMD,put,Thu->Fri,market,75.0,3,09:30,250,56.4,90.0,False
AMD,put,Thu->Fri,market,75.0,4,13:00,300,54.667,65.0,False
AMD,put,Thu->Fri,market,75.0,5,11:30,300,54.333,70.0,False
AMD,put,Thu->Fri,market,75.0,6,10:00,300,54.0,90.0,False
AMD,put,Thu->Fri,market,75.0,7,11:00,300,47.0,95.0,False
AMD,put,Thu->Fri,market,75.0,8,10:30,300,46.667,160.0,False
AMD,put,Thu->Fri,market,75.0,9,13:30,300,46.333,45.0,False
AMD,put,Thu->Fri,market,75.0,10,14:00,300,26.667,25.0,False
AMD,put,Thu->Fri,market,75.0,11,15:00,300,8.0,25.0,False
AMD,put,Thu->Fri,market,75.0,12,14:30,300,7.333,40.0,False
AMD,put,Thu->Fri,market,75.0,13,15:30,50,0.0,,False
AMD,put,Thu->Fri,market,100.0,1,12:00,300,55.333,120.0,False
AMD,put,Thu->Fri,market,100.0,2,13:00,300,48.0,65.0,False
AMD,put,Thu->Fri,market,100.0,3,11:30,300,47.667,110.0,False
AMD,put,Thu->Fri,market,100.0,4,12:30,300,46.667,85.0,False
AMD,put,Thu->Fri,market,100.0,5,09:30,250,42.8,115.0,False
AMD,put,Thu->Fri,market,100.0,6,10:00,300,41.333,122.5,False
AMD,put,Thu->Fri,market,100.0,7,11:00,300,38.333,115.0,False
AMD,put,Thu->Fri,market,100.0,8,13:30,300,37.333,50.0,False
AMD,put,Thu->Fri,market,100.0,9,10:30,300,36.667,210.0,False
AMD,put,Thu->Fri,market,100.0,10,14:00,300,21.333,30.0,False
AMD,put,Thu->Fri,market,100.0,11,14:30,300,6.0,45.0,False
AMD,put,Thu->Fri,market,100.0,12,15:00,300,5.0,30.0,False
AMD,put,Thu->Fri,market,100.0,13,15:30,50,0.0,,False
AMD,call,Fri-0DTE,mid,30.0,1,09:30,250,71.6,15.0,False
AMD,call,Fri-0DTE,mid,30.0,2,11:00,300,64.333,15.0,False
AMD,call,Fri-0DTE,mid,30.0,3,10:00,300,59.333,15.0,False
AMD,call,Fri-0DTE,mid,30.0,4,10:30,300,56.667,20.0,False
AMD,call,Fri-0DTE,mid,30.0,5,11:30,300,54.667,20.0,False
AMD,call,Fri-0DTE,mid,30.0,6,12:00,300,48.667,15.0,False
AMD,call,Fri-0DTE,mid,30.0,7,13:30,300,29.0,40.0,False
AMD,call,Fri-0DTE,mid,30.0,8,12:30,300,28.667,22.5,False
AMD,call,Fri-0DTE,mid,30.0,9,13:00,300,28.333,20.0,False
AMD,call,Fri-0DTE,mid,30.0,10,14:00,300,24.667,15.0,False
AMD,call,Fri-0DTE,mid,30.0,11,14:30,300,18.667,10.0,False
AMD,call,Fri-0DTE,mid,30.0,12,15:00,300,18.667,10.0,False
AMD,call,Fri-0DTE,mid,30.0,13,15:30,50,12.0,5.0,False
AMD,call,Fri-0DTE,mid,50.0,1,09:30,250,64.8,20.0,False
AMD,call,Fri-0DTE,mid,50.0,2,11:00,300,58.0,25.0,False
AMD,call,Fri-0DTE,mid,50.0,3,10:30,300,51.667,30.0,False
AMD,call,Fri-0DTE,mid,50.0,4,10:00,300,49.0,25.0,False
AMD,call,Fri-0DTE,mid,50.0,5,11:30,300,45.333,22.5,False
AMD,call,Fri-0DTE,mid,50.0,6,12:00,300,40.0,20.0,False
AMD,call,Fri-0DTE,mid,50.0,7,13:00,300,21.0,30.0,False
AMD,call,Fri-0DTE,mid,50.0,8,13:30,300,21.0,45.0,False
AMD,call,Fri-0DTE,mid,50.0,9,12:30,300,20.667,25.0,False
AMD,call,Fri-0DTE,mid,50.0,10,14:00,300,20.333,20.0,False
AMD,call,Fri-0DTE,mid,50.0,11,14:30,300,14.667,15.0,False
AMD,call,Fri-0DTE,mid,50.0,12,15:00,300,14.0,10.0,False
AMD,call,Fri-0DTE,mid,50.0,13,15:30,50,12.0,5.0,False
AMD,call,Fri-0DTE,mid,75.0,1,09:30,250,55.2,25.0,False
AMD,call,Fri-0DTE,mid,75.0,2,11:00,300,46.333,30.0,False
AMD,call,Fri-0DTE,mid,75.0,3,10:30,300,46.333,35.0,False
AMD,call,Fri-0DTE,mid,75.0,4,10:00,300,41.333,47.5,False
AMD,call,Fri-0DTE,mid,75.0,5,11:30,300,37.333,30.0,False
AMD,call,Fri-0DTE,mid,75.0,6,12:00,300,33.0,20.0,False
AMD,call,Fri-0DTE,mid,75.0,7,14:00,300,18.0,25.0,False
AMD,call,Fri-0DTE,mid,75.0,8,13:00,300,16.333,30.0,False
AMD,call,Fri-0DTE,mid,75.0,9,13:30,300,16.0,45.0,False
AMD,call,Fri-0DTE,mid,75.0,10,12:30,300,14.333,30.0,False
AMD,call,Fri-0DTE,mid,75.0,11,15:30,50,12.0,7.5,False
AMD,call,Fri-0DTE,mid,75.0,12,14:30,300,12.0,15.0,False
AMD,call,Fri-0DTE,mid,75.0,13,15:00,300,10.667,10.0,False
AMD,call,Fri-0DTE,mid,100.0,1,09:30,250,47.6,35.0,False
AMD,call,Fri-0DTE,mid,100.0,2,10:30,300,40.0,45.0,False
AMD,call,Fri-0DTE,mid,100.0,3,11:00,300,35.667,40.0,False
AMD,call,Fri-0DTE,mid,100.0,4,10:00,300,34.667,60.0,False
AMD,call,Fri-0DTE,mid,100.0,5,11:30,300,30.667,32.5,False
AMD,call,Fri-0DTE,mid,100.0,6,12:00,300,27.0,25.0,False
AMD,call,Fri-0DTE,mid,100.0,7,14:00,300,16.667,25.0,False
AMD,call,Fri-0DTE,mid,100.0,8,13:00,300,14.667,45.0,False
AMD,call,Fri-0DTE,mid,100.0,9,13:30,300,13.667,55.0,False
AMD,call,Fri-0DTE,mid,100.0,10,12:30,300,11.667,30.0,False
AMD,call,Fri-0DTE,mid,100.0,11,14:30,300,10.333,20.0,False
AMD,call,Fri-0DTE,mid,100.0,12,15:30,50,10.0,5.0,False
AMD,call,Fri-0DTE,mid,100.0,13,15:00,300,8.667,10.0,False
AMD,call,Fri-0DTE,market,30.0,1,09:30,250,68.8,15.0,False
AMD,call,Fri-0DTE,market,30.0,2,11:00,300,62.667,20.0,False
AMD,call,Fri-0DTE,market,30.0,3,10:00,300,56.333,20.0,False
AMD,call,Fri-0DTE,market,30.0,4,10:30,300,55.0,20.0,False
AMD,call,Fri-0DTE,market,30.0,5,11:30,300,50.333,20.0,False
AMD,call,Fri-0DTE,market,30.0,6,12:00,300,47.0,20.0,False
AMD,call,Fri-0DTE,market,30.0,7,12:30,300,26.667,27.5,False
AMD,call,Fri-0DTE,market,30.0,8,13:30,300,26.333,40.0,False
AMD,call,Fri-0DTE,market,30.0,9,13:00,300,26.0,27.5,False
AMD,call,Fri-0DTE,market,30.0,10,14:00,300,23.0,20.0,False
AMD,call,Fri-0DTE,market,30.0,11,14:30,300,17.0,10.0,False
AMD,call,Fri-0DTE,market,30.0,12,15:00,300,17.0,10.0,False
AMD,call,Fri-0DTE,market,30.0,13,15:30,50,12.0,5.0,False
AMD,call,Fri-0DTE,market,50.0,1,09:30,250,61.6,25.0,False
AMD,call,Fri-0DTE,market,50.0,2,11:00,300,56.667,25.0,False
AMD,call,Fri-0DTE,market,50.0,3,10:30,300,50.333,30.0,False
AMD,call,Fri-0DTE,market,50.0,4,10:00,300,47.333,27.5,False
AMD,call,Fri-0DTE,market,50.0,5,11:30,300,43.0,20.0,False
AMD,call,Fri-0DTE,market,50.0,6,12:00,300,38.333,20.0,False
AMD,call,Fri-0DTE,market,50.0,7,13:00,300,20.333,45.0,False
AMD,call,Fri-0DTE,market,50.0,8,14:00,300,20.0,20.0,False
AMD,call,Fri-0DTE,market,50.0,9,13:30,300,18.333,45.0,False
AMD,call,Fri-0DTE,market,50.0,10,12:30,300,18.0,25.0,False
AMD,call,Fri-0DTE,market,50.0,11,14:30,300,13.667,15.0,False
AMD,call,Fri-0DTE,market,50.0,12,15:00,300,12.667,10.0,False
AMD,call,Fri-0DTE,market,50.0,13,15:30,50,12.0,5.0,False
AMD,call,Fri-0DTE,market,75.0,1,09:30,250,52.4,30.0,False
AMD,call,Fri-0DTE,market,75.0,2,10:30,300,45.0,40.0,False
AMD,call,Fri-0DTE,market,75.0,3,11:00,300,44.667,32.5,False
AMD,call,Fri-0DTE,market,75.0,4,10:00,300,39.0,50.0,False
AMD,call,Fri-0DTE,market,75.0,5,11:30,300,35.667,30.0,False
AMD,call,Fri-0DTE,market,75.0,6,12:00,300,31.667,20.0,False
AMD,call,Fri-0DTE,market,75.0,7,14:00,300,18.0,25.0,False
AMD,call,Fri-0DTE,market,75.0,8,13:00,300,15.667,45.0,False
AMD,call,Fri-0DTE,market,75.0,9,13:30,300,15.667,50.0,False
AMD,call,Fri-0DTE,market,75.0,10,12:30,300,14.333,30.0,False
AMD,call,Fri-0DTE,market,75.0,11,14:30,300,11.333,15.0,False
AMD,call,Fri-0DTE,market,75.0,12,15:30,50,10.0,5.0,False
AMD,call,Fri-0DTE,market,75.0,13,15:00,300,9.667,10.0,False
AMD,call,Fri-0DTE,market,100.0,1,09:30,250,46.4,45.0,False
AMD,call,Fri-0DTE,market,100.0,2,10:30,300,38.667,45.0,False
AMD,call,Fri-0DTE,market,100.0,3,11:00,300,32.333,40.0,False
AMD,call,Fri-0DTE,market,100.0,4,10:00,300,32.333,55.0,False
AMD,call,Fri-0DTE,market,100.0,5,11:30,300,28.333,35.0,False
AMD,call,Fri-0DTE,market,100.0,6,12:00,300,26.333,25.0,False
AMD,call,Fri-0DTE,market,100.0,7,14:00,300,16.667,30.0,False
AMD,call,Fri-0DTE,market,100.0,8,13:00,300,13.667,50.0,False
AMD,call,Fri-0DTE,market,100.0,9,13:30,300,13.333,52.5,False
AMD,call,Fri-0DTE,market,100.0,10,12:30,300,11.0,30.0,False
AMD,call,Fri-0DTE,market,100.0,11,15:30,50,10.0,5.0,False
AMD,call,Fri-0DTE,market,100.0,12,14:30,300,9.667,20.0,False
AMD,call,Fri-0DTE,market,100.0,13,15:00,300,8.333,15.0,False
AMD,put,Fri-0DTE,mid,30.0,1,10:30,300,89.0,35.0,False
AMD,put,Fri-0DTE,mid,30.0,2,11:00,300,87.333,45.0,False
AMD,put,Fri-0DTE,mid,30.0,3,10:00,300,87.0,35.0,False
AMD,put,Fri-0DTE,mid,30.0,4,11:30,300,84.667,30.0,False
AMD,put,Fri-0DTE,mid,30.0,5,09:30,250,81.6,55.0,False
AMD,put,Fri-0DTE,mid,30.0,6,12:00,300,80.0,35.0,False
AMD,put,Fri-0DTE,mid,30.0,7,12:30,300,76.667,20.0,False
AMD,put,Fri-0DTE,mid,30.0,8,13:00,300,67.0,25.0,False
AMD,put,Fri-0DTE,mid,30.0,9,13:30,300,65.333,20.0,False
AMD,put,Fri-0DTE,mid,30.0,10,14:00,300,34.0,20.0,False
AMD,put,Fri-0DTE,mid,30.0,11,14:30,300,34.0,30.0,False
AMD,put,Fri-0DTE,mid,30.0,12,15:00,300,33.667,20.0,False
AMD,put,Fri-0DTE,mid,30.0,13,15:30,50,32.0,15.0,False
AMD,put,Fri-0DTE,mid,50.0,1,11:00,300,85.667,90.0,False
AMD,put,Fri-0DTE,mid,50.0,2,10:30,300,84.667,55.0,False
AMD,put,Fri-0DTE,mid,50.0,3,10:00,300,82.333,45.0,False
AMD,put,Fri-0DTE,mid,50.0,4,11:30,300,82.0,50.0,False
AMD,put,Fri-0DTE,mid,50.0,5,09:30,250,78.0,80.0,False
AMD,put,Fri-0DTE,mid,50.0,6,12:00,300,76.0,45.0,False
AMD,put,Fri-0DTE,mid,50.0,7,12:30,300,71.667,30.0,False
AMD,put,Fri-0DTE,mid,50.0,8,13:00,300,63.667,35.0,False
AMD,put,Fri-0DTE,mid,50.0,9,13:30,300,54.667,20.0,False
AMD,put,Fri-0DTE,mid,50.0,10,15:00,300,25.667,15.0,False
AMD,put,Fri-0DTE,mid,50.0,11,14:00,300,24.0,25.0,False
AMD,put,Fri-0DTE,mid,50.0,12,14:30,300,23.667,40.0,False
AMD,put,Fri-0DTE,mid,50.0,13,15:30,50,22.0,15.0,False
AMD,put,Fri-0DTE,mid,75.0,1,10:00,300,79.667,65.0,False
AMD,put,Fri-0DTE,mid,75.0,2,11:00,300,79.667,125.0,False
AMD,put,Fri-0DTE,mid,75.0,3,10:30,300,79.0,75.0,False
AMD,put,Fri-0DTE,mid,75.0,4,11:30,300,76.0,70.0,False
AMD,put,Fri-0DTE,mid,75.0,5,09:30,250,74.0,120.0,False
AMD,put,Fri-0DTE,mid,75.0,6,12:00,300,71.0,60.0,False
AMD,put,Fri-0DTE,mid,75.0,7,12:30,300,67.333,40.0,False
AMD,put,Fri-0DTE,mid,75.0,8,13:00,300,54.333,40.0,False
AMD,put,Fri-0DTE,mid,75.0,9,13:30,300,45.0,25.0,False
AMD,put,Fri-0DTE,mid,75.0,10,15:00,300,22.0,15.0,False
AMD,put,Fri-0DTE,mid,75.0,11,14:00,300,19.667,25.0,False
AMD,put,Fri-0DTE,mid,75.0,12,14:30,300,19.667,40.0,False
AMD,put,Fri-0DTE,mid,75.0,13,15:30,50,14.0,10.0,False
AMD,put,Fri-0DTE,mid,100.0,1,10:00,300,76.0,80.0,False
AMD,put,Fri-0DTE,mid,100.0,2,11:30,300,71.0,75.0,False
AMD,put,Fri-0DTE,mid,100.0,3,10:30,300,71.0,120.0,False
AMD,put,Fri-0DTE,mid,100.0,4,11:00,300,71.0,140.0,False
AMD,put,Fri-0DTE,mid,100.0,5,09:30,250,69.6,182.5,False
AMD,put,Fri-0DTE,mid,100.0,6,12:00,300,65.333,67.5,False
AMD,put,Fri-0DTE,mid,100.0,7,12:30,300,62.333,45.0,False
AMD,put,Fri-0DTE,mid,100.0,8,13:00,300,49.333,45.0,False
AMD,put,Fri-0DTE,mid,100.0,9,13:30,300,36.333,30.0,False
AMD,put,Fri-0DTE,mid,100.0,10,15:00,300,18.0,20.0,False
AMD,put,Fri-0DTE,mid,100.0,11,14:00,300,18.0,30.0,False
AMD,put,Fri-0DTE,mid,100.0,12,14:30,300,15.333,37.5,False
AMD,put,Fri-0DTE,mid,100.0,13,15:30,50,12.0,10.0,False
AMD,put,Fri-0DTE,market,30.0,1,10:30,300,89.0,40.0,False
AMD,put,Fri-0DTE,market,30.0,2,11:00,300,87.0,50.0,False
AMD,put,Fri-0DTE,market,30.0,3,10:00,300,86.333,35.0,False
AMD,put,Fri-0DTE,market,30.0,4,11:30,300,84.0,35.0,False
AMD,put,Fri-0DTE,market,30.0,5,09:30,250,80.4,60.0,False
AMD,put,Fri-0DTE,market,30.0,6,12:00,300,78.667,40.0,False
AMD,put,Fri-0DTE,market,30.0,7,12:30,300,75.0,25.0,False
AMD,put,Fri-0DTE,market,30.0,8,13:00,300,66.667,30.0,False
AMD,put,Fri-0DTE,market,30.0,9,13:30,300,62.333,20.0,False
AMD,put,Fri-0DTE,market,30.0,10,14:00,300,31.333,25.0,False
AMD,put,Fri-0DTE,market,30.0,11,15:00,300,30.333,15.0,False
AMD,put,Fri-0DTE,market,30.0,12,14:30,300,29.667,35.0,False
AMD,put,Fri-0DTE,market,30.0,13,15:30,50,28.0,12.5,False
AMD,put,Fri-0DTE,market,50.0,1,11:00,300,84.667,100.0,False
AMD,put,Fri-0DTE,market,50.0,2,10:30,300,83.333,60.0,False
AMD,put,Fri-0DTE,market,50.0,3,10:00,300,82.333,50.0,False
AMD,put,Fri-0DTE,market,50.0,4,11:30,300,80.667,55.0,False
AMD,put,Fri-0DTE,market,50.0,5,09:30,250,77.2,95.0,False
AMD,put,Fri-0DTE,market,50.0,6,12:00,300,75.0,50.0,False
AMD,put,Fri-0DTE,market,50.0,7,12:30,300,70.333,35.0,False
AMD,put,Fri-0DTE,market,50.0,8,13:00,300,60.667,40.0,False
AMD,put,Fri-0DTE,market,50.0,9,13:30,300,51.667,25.0,False
AMD,put,Fri-0DTE,market,50.0,10,15:00,300,25.333,17.5,False
AMD,put,Fri-0DTE,market,50.0,11,15:30,50,22.0,15.0,False
AMD,put,Fri-0DTE,market,50.0,12,14:00,300,21.667,25.0,False
AMD,put,Fri-0DTE,market,50.0,13,14:30,300,21.0,40.0,False
AMD,put,Fri-0DTE,market,75.0,1,10:00,300,79.0,70.0,False
AMD,put,Fri-0DTE,market,75.0,2,10:30,300,78.0,110.0,False
AMD,put,Fri-0DTE,market,75.0,3,11:00,300,77.333,127.5,False
AMD,put,Fri-0DTE,market,75.0,4,11:30,300,76.0,70.0,False
AMD,put,Fri-0DTE,market,75.0,5,09:30,250,73.6,127.5,False
AMD,put,Fri-0DTE,market,75.0,6,12:00,300,69.0,65.0,False
AMD,put,Fri-0DTE,market,75.0,7,12:30,300,66.333,45.0,False
AMD,put,Fri-0DTE,market,75.0,8,13:00,300,52.0,40.0,False
AMD,put,Fri-0DTE,market,75.0,9,13:30,300,42.0,30.0,False
AMD,put,Fri-0DTE,market,75.0,10,15:00,300,21.0,20.0,False
AMD,put,Fri-0DTE,market,75.0,11,14:00,300,19.0,30.0,False
AMD,put,Fri-0DTE,market,75.0,12,14:30,300,17.333,37.5,False
AMD,put,Fri-0DTE,market,75.0,13,15:30,50,12.0,10.0,False
AMD,put,Fri-0DTE,market,100.0,1,10:00,300,73.667,85.0,False
AMD,put,Fri-0DTE,market,100.0,2,11:00,300,69.667,140.0,False
AMD,put,Fri-0DTE,market,100.0,3,11:30,300,69.0,80.0,False
AMD,put,Fri-0DTE,market,100.0,4,09:30,250,68.0,185.0,False
AMD,put,Fri-0DTE,market,100.0,5,10:30,300,67.667,125.0,False
AMD,put,Fri-0DTE,market,100.0,6,12:00,300,63.333,70.0,False
AMD,put,Fri-0DTE,market,100.0,7,12:30,300,61.0,50.0,False
AMD,put,Fri-0DTE,market,100.0,8,13:00,300,47.0,45.0,False
AMD,put,Fri-0DTE,market,100.0,9,13:30,300,35.333,30.0,False
AMD,put,Fri-0DTE,market,100.0,10,15:00,300,17.667,20.0,False
AMD,put,Fri-0DTE,market,100.0,11,14:00,300,17.667,30.0,False
AMD,put,Fri-0DTE,market,100.0,12,14:30,300,15.333,40.0,False
AMD,put,Fri-0DTE,market,100.0,13,15:30,50,12.0,10.0,False
