=== pip install ===

=== strategy stdout (exit 0) ===

══════════════════════════════════════════════════════════════════════════════════════
  TIME-FRAME BACKTEST  —  MAX EXPECTED PROFIT, target-spend sized (win_rate × avg_payoff)
  Lookback window: 730 calendar days
  Session window : 9:30 AM–4:00 PM ET (full regular session)
  Position sizing: contracts = ceil($1.00 / mean(entry_frame)), min 1. Frames are arbitrary [start, end] windows; price = mean of the 1-min closes inside the frame.
══════════════════════════════════════════════════════════════════════════════════════
  Data source: Alpaca Markets API
  Tickers: AAPL, TSLA   Option types: CALL, PUT
  Searching arbitrary entry/exit frames (5 min → full day, coarse 5-min grid then 1-min refine).

  Backtesting AAPL...
  Backtesting TSLA...

██████████████████████████████████████████████████████████████████████████████████████
  AAPL CALLS
██████████████████████████████████████████████████████████████████████████████████████
======================================================================================
  AAPL CALLS
======================================================================================
  Optimal entry frame : 10:08–10:13 AM   (5 min)
  Optimal exit frame  : 10:36–10:41 AM   (5 min)
  Data source         : REAL prices

  Date           Strike  Src  Qty       Entry frame    Buy$        Exit frame   Sell$   P&L/sh      P&L $  Result
  ------------ -------- ---- ---- ----------------- ------- ----------------- ------- -------- ----------  ------
  2024-07-11      232.5 REAL    2    10:08–10:13 AM    0.82    10:36–10:41 AM    0.42   -0.398    $-79.60  LOSS
  2024-07-18      230.0 REAL    2    10:08–10:13 AM    0.92    10:36–10:41 AM    0.63   -0.284    $-56.80  LOSS
  2024-07-25      220.0 REAL    3    10:08–10:13 AM    0.38    10:36–10:41 AM    0.58   +0.202    $+60.60  WIN 
  2024-08-01      225.0 REAL    1    10:08–10:13 AM    3.71    10:36–10:41 AM    2.90   -0.804    $-80.40  LOSS
  2024-08-08      212.5 REAL    1    10:08–10:13 AM    1.68    10:36–10:41 AM    1.91   +0.228    $+22.80  WIN 
  2024-08-15      225.0 REAL    1    10:08–10:13 AM    1.10    10:36–10:41 AM    1.31   +0.216    $+21.60  WIN 
  2024-08-22      227.5 REAL    1    10:08–10:13 AM    1.26    10:36–10:41 AM    1.11   -0.154    $-15.40  LOSS
  2024-08-29      230.0 REAL    1    10:08–10:13 AM    1.90    10:36–10:41 AM    2.89   +0.990    $+99.00  WIN 
  2024-09-05      222.5 REAL    1    10:08–10:13 AM    2.96    10:36–10:41 AM    3.51   +0.550    $+55.00  WIN 
  2024-09-12      222.5 REAL    1    10:08–10:13 AM    1.25    10:36–10:41 AM    1.21   -0.042     $-4.20  LOSS
  2024-09-19      225.0 REAL    1    10:08–10:13 AM    4.15    10:36–10:41 AM    4.92   +0.770    $+77.00  WIN 
  2024-09-26      227.5 REAL    1    10:08–10:13 AM    1.02    10:36–10:41 AM    1.44   +0.422    $+42.20  WIN 
  2024-10-03      225.0 REAL    1    10:08–10:13 AM    2.37    10:36–10:41 AM    1.76   -0.608    $-60.80  LOSS
  2024-10-10      227.5 REAL    1    10:08–10:13 AM    1.74    10:36–10:41 AM    1.54   -0.200    $-20.00  LOSS
  2024-10-17      232.5 REAL    2    10:08–10:13 AM    0.89    10:36–10:41 AM    0.99   +0.102    $+20.40  WIN 
  2024-10-24      230.0 REAL    1    10:08–10:13 AM    1.44    10:36–10:41 AM    1.48   +0.048     $+4.80  WIN 
  2024-10-31      230.0 REAL    1    10:08–10:13 AM    3.52    10:36–10:41 AM    3.71   +0.184    $+18.40  WIN 
  2024-11-07      225.0 REAL    1    10:08–10:13 AM    1.83    10:36–10:41 AM    1.65   -0.184    $-18.40  LOSS
  2024-11-14      225.0 REAL    1    10:08–10:13 AM    1.46    10:36–10:41 AM    2.37   +0.918    $+91.80  WIN 
  2024-11-21      230.0 REAL    4    10:08–10:13 AM    0.26    10:36–10:41 AM    0.29   +0.034    $+13.60  WIN 
  2024-11-28        0.0 MISS    —    10:08–10:13 AM       —    10:36–10:41 AM       —        —          —  skip
  2024-12-05      245.0 REAL    3    10:08–10:13 AM    0.50    10:36–10:41 AM    0.36   -0.136    $-40.80  LOSS
  2024-12-12      247.5 REAL    2    10:08–10:13 AM    0.82    10:36–10:41 AM    1.79   +0.974   $+194.80  WIN 
  2024-12-19      247.5 REAL    1    10:08–10:13 AM    3.17    10:36–10:41 AM    3.14   -0.022     $-2.20  LOSS
  2024-12-26      260.0 REAL    3    10:08–10:13 AM    0.47    10:36–10:41 AM    0.52   +0.044    $+13.20  WIN 
  2025-01-02      247.5 REAL    1    10:08–10:13 AM    1.47    10:36–10:41 AM    0.67   -0.804    $-80.40  LOSS
  2025-01-09        0.0 MISS    —    10:08–10:13 AM       —    10:36–10:41 AM       —        —          —  skip
  2025-01-16      237.5 REAL    3    10:08–10:13 AM    0.42    10:36–10:41 AM    0.28   -0.142    $-42.60  LOSS
  2025-01-23      225.0 REAL    1    10:08–10:13 AM    2.11    10:36–10:41 AM    2.30   +0.192    $+19.20  WIN 
  2025-01-30      240.0 REAL    1    10:08–10:13 AM    4.43    10:36–10:41 AM    4.44   +0.012     $+1.20  WIN 
  2025-02-06      232.5 REAL    1    10:08–10:13 AM    2.15    10:36–10:41 AM    1.40   -0.750    $-75.00  LOSS
  2025-02-13      237.5 REAL    2    10:08–10:13 AM    0.99    10:36–10:41 AM    2.09   +1.104   $+220.80  WIN 
  2025-02-20      245.0 REAL    1    10:08–10:13 AM    1.52    10:36–10:41 AM    1.47   -0.052     $-5.20  LOSS
  2025-02-27      240.0 REAL    1    10:08–10:13 AM    1.55    10:36–10:41 AM    2.76   +1.202   $+120.20  WIN 
  2025-03-06      235.0 REAL    1    10:08–10:13 AM    3.28    10:36–10:41 AM    3.71   +0.424    $+42.40  WIN 
  2025-03-13      215.0 REAL    1    10:08–10:13 AM    2.30    10:36–10:41 AM    1.80   -0.506    $-50.60  LOSS
  2025-03-20      212.5 REAL    1    10:08–10:13 AM    4.51    10:36–10:41 AM    5.12   +0.603    $+60.27  WIN 
  2025-03-27      222.5 REAL    1    10:08–10:13 AM    1.05    10:36–10:41 AM    1.22   +0.168    $+16.80  WIN 
  2025-04-03      207.5 REAL    1    10:08–10:13 AM    1.50    10:36–10:41 AM    2.10   +0.606    $+60.60  WIN 
  2025-04-10      190.0 REAL    1    10:08–10:13 AM    5.85    10:36–10:41 AM    5.83   -0.027     $-2.70  LOSS
  2025-04-17      195.0 REAL    1    10:08–10:13 AM    1.81    10:36–10:41 AM    2.00   +0.188    $+18.80  WIN 
  2025-04-24      205.0 REAL    1    10:08–10:13 AM    2.80    10:36–10:41 AM    3.10   +0.294    $+29.40  WIN 
  2025-05-01      210.0 REAL    1    10:08–10:13 AM    4.99    10:36–10:41 AM    5.89   +0.904    $+90.40  WIN 
  2025-05-08      200.0 REAL    2    10:08–10:13 AM    0.54    10:36–10:41 AM    0.65   +0.108    $+21.60  WIN 
  2025-05-15      210.0 REAL    1    10:08–10:13 AM    1.81    10:36–10:41 AM    2.20   +0.398    $+39.80  WIN 
  2025-05-22      200.0 REAL    1    10:08–10:13 AM    2.68    10:36–10:41 AM    2.30   -0.378    $-37.80  LOSS
  2025-05-29      202.5 REAL    1    10:08–10:13 AM    1.19    10:36–10:41 AM    1.18   -0.016     $-1.60  LOSS
  2025-06-05      202.5 REAL    1    10:08–10:13 AM    1.47    10:36–10:41 AM    1.75   +0.272    $+27.20  WIN 
  2025-06-12      200.0 REAL    2    10:08–10:13 AM    0.82    10:36–10:41 AM    0.79   -0.026     $-5.20  LOSS
  2025-06-19        0.0 MISS    —    10:08–10:13 AM       —    10:36–10:41 AM       —        —          —  skip
  2025-06-26      202.5 REAL    2    10:08–10:13 AM    0.68    10:36–10:41 AM    0.43   -0.246    $-49.20  LOSS
  2025-07-03      212.5 REAL    1    10:08–10:13 AM    1.27    10:36–10:41 AM    1.87   +0.600    $+60.00  WIN 
  2025-07-10      210.0 REAL    1    10:08–10:13 AM    2.13    10:36–10:41 AM    3.34   +1.208   $+120.80  WIN 
  2025-07-17      210.0 REAL    1    10:08–10:13 AM    1.51    10:36–10:41 AM    1.32   -0.190    $-19.00  LOSS
  2025-07-24      215.0 REAL    1    10:08–10:13 AM    1.17    10:36–10:41 AM    1.18   +0.004     $+0.40  WIN 
  2025-07-31      207.5 REAL    1    10:08–10:13 AM    5.12    10:36–10:41 AM    5.35   +0.228    $+22.80  WIN 
  2025-08-07      217.5 REAL    1    10:08–10:13 AM    2.60    10:36–10:41 AM    2.20   -0.398    $-39.80  LOSS
  2025-08-14      235.0 REAL    2    10:08–10:13 AM    0.79    10:36–10:41 AM    0.76   -0.030     $-6.00  LOSS
  2025-08-21      225.0 REAL    1    10:08–10:13 AM    2.32    10:36–10:41 AM    2.06   -0.260    $-26.00  LOSS
  2025-08-28      230.0 REAL    1    10:08–10:13 AM    2.18    10:36–10:41 AM    2.06   -0.118    $-11.80  LOSS
  2025-09-04      237.5 REAL    1    10:08–10:13 AM    2.05    10:36–10:41 AM    1.71   -0.334    $-33.40  LOSS
  2025-09-11      227.5 REAL    1    10:08–10:13 AM    2.42    10:36–10:41 AM    2.50   +0.076     $+7.60  WIN 
  2025-09-18      240.0 REAL    2    10:08–10:13 AM    0.65    10:36–10:41 AM    0.71   +0.062    $+12.40  WIN 
  2025-09-25      252.5 REAL    1    10:08–10:13 AM    2.36    10:36–10:41 AM    2.33   -0.030     $-3.00  LOSS
  2025-10-02      257.5 REAL    1    10:08–10:13 AM    1.02    10:36–10:41 AM    1.15   +0.128    $+12.80  WIN 
  2025-10-09      257.5 REAL    2    10:08–10:13 AM    0.78    10:36–10:41 AM    0.66   -0.116    $-23.20  LOSS
  2025-10-16      247.5 REAL    1    10:08–10:13 AM    1.69    10:36–10:41 AM    2.29   +0.602    $+60.20  WIN 
  2025-10-23      260.0 REAL    1    10:08–10:13 AM    1.03    10:36–10:41 AM    1.41   +0.380    $+38.00  WIN 
  2025-10-30      272.5 REAL    1    10:08–10:13 AM    3.66    10:36–10:41 AM    3.29   -0.374    $-37.40  LOSS
  2025-11-06      267.5 REAL    1    10:08–10:13 AM    3.08    10:36–10:41 AM    5.18   +2.100   $+210.00  WIN 
  2025-11-13      275.0 REAL    1    10:08–10:13 AM    1.45    10:36–10:41 AM    0.86   -0.584    $-58.40  LOSS
  2025-11-20      272.5 REAL    1    10:08–10:13 AM    2.74    10:36–10:41 AM    3.09   +0.352    $+35.20  WIN 
  2025-11-27        0.0 MISS    —    10:08–10:13 AM       —    10:36–10:41 AM       —        —          —  skip
  2025-12-04      285.0 REAL    3    10:08–10:13 AM    0.40    10:36–10:41 AM    0.28   -0.120    $-36.00  LOSS
  2025-12-11      277.5 REAL    2    10:08–10:13 AM    0.78    10:36–10:41 AM    0.92   +0.148    $+29.60  WIN 
  2025-12-18      272.5 REAL    3    10:08–10:13 AM    0.49    10:36–10:41 AM    1.39   +0.898   $+269.40  WIN 
  2025-12-25        0.0 MISS    —    10:08–10:13 AM       —    10:36–10:41 AM       —        —          —  skip
  2026-01-01        0.0 MISS    —    10:08–10:13 AM       —    10:36–10:41 AM       —        —          —  skip
  2026-01-08      257.5 REAL    1    10:08–10:13 AM    1.47    10:36–10:41 AM    1.45   -0.024     $-2.40  LOSS
  2026-01-15      260.0 REAL    1    10:08–10:13 AM    1.76    10:36–10:41 AM    1.79   +0.028     $+2.80  WIN 
  2026-01-22      250.0 REAL    1    10:08–10:13 AM    1.59    10:36–10:41 AM    1.50   -0.084     $-8.40  LOSS
  2026-01-29      260.0 REAL    1    10:08–10:13 AM    3.31    10:36–10:41 AM    3.32   +0.006     $+0.60  WIN 
  2026-02-05      277.5 REAL    1    10:08–10:13 AM    1.44    10:36–10:41 AM    1.81   +0.376    $+37.60  WIN 
  2026-02-12      275.0 REAL    3    10:08–10:13 AM    0.47    10:36–10:41 AM    0.65   +0.180    $+54.00  WIN 
  2026-02-19      262.5 REAL    1    10:08–10:13 AM    2.40    10:36–10:41 AM    2.74   +0.342    $+34.20  WIN 
  2026-02-26      275.0 REAL    1    10:08–10:13 AM    1.24    10:36–10:41 AM    0.64   -0.606    $-60.60  LOSS
  2026-03-05      260.0 REAL    1    10:08–10:13 AM    1.67    10:36–10:41 AM    1.96   +0.288    $+28.80  WIN 
  2026-03-12      257.5 REAL    1    10:08–10:13 AM    1.36    10:36–10:41 AM    0.98   -0.378    $-37.80  LOSS
  2026-03-19      247.5 REAL    1    10:08–10:13 AM    4.21    10:36–10:41 AM    3.62   -0.593    $-59.25  LOSS
  2026-03-26      252.5 REAL    1    10:08–10:13 AM    3.10    10:36–10:41 AM    4.44   +1.338   $+133.80  WIN 
  2026-04-02      252.5 REAL    2    10:08–10:13 AM    0.75    10:36–10:41 AM    1.99   +1.240   $+248.00  WIN 
  2026-04-09      260.0 REAL    2    10:08–10:13 AM    0.83    10:36–10:41 AM    0.88   +0.050    $+10.00  WIN 
  2026-04-16      265.0 REAL    2    10:08–10:13 AM    0.91    10:36–10:41 AM    0.85   -0.056    $-11.20  LOSS
  2026-04-23      275.0 REAL    1    10:08–10:13 AM    1.60    10:36–10:41 AM    1.24   -0.360    $-36.00  LOSS
  2026-04-30      270.0 REAL    1    10:08–10:13 AM    5.63    10:36–10:41 AM    5.53   -0.104    $-10.40  LOSS
  2026-05-07      290.0 REAL    1    10:08–10:13 AM    2.63    10:36–10:41 AM    2.19   -0.438    $-43.80  LOSS
  2026-05-14      300.0 REAL    1    10:08–10:13 AM    1.41    10:36–10:41 AM    1.28   -0.130    $-13.00  LOSS
  2026-05-21      302.5 REAL    1    10:08–10:13 AM    1.61    10:36–10:41 AM    1.71   +0.102    $+10.20  WIN 
  2026-05-28      310.0 REAL    1    10:08–10:13 AM    2.80    10:36–10:41 AM    2.47   -0.332    $-33.20  LOSS
  2026-06-04      312.5 REAL    1    10:08–10:13 AM    1.62    10:36–10:41 AM    1.13   -0.490    $-49.00  LOSS
  2026-06-11      292.5 REAL    1    10:08–10:13 AM    1.46    10:36–10:41 AM    1.49   +0.022     $+2.20  WIN 
  2026-06-18      300.0 REAL    2    10:08–10:13 AM    0.78    10:36–10:41 AM    0.75   -0.036     $-7.20  LOSS
  2026-06-25      287.5 REAL    2    10:08–10:13 AM    0.53    10:36–10:41 AM    0.51   -0.020     $-4.00  LOSS
  2026-07-02      297.5 REAL    1    10:08–10:13 AM    6.16    10:36–10:41 AM    8.05   +1.894   $+189.40  WIN 

  SUMMARY (optimal frames)  trades: 98   wins: 53/98   win rate: 54.1%   total P&L: $+1,735.52   avg/trade: $+17.71
           best day: $+269.40   worst day: $-80.40   skipped (no data): 6
           premium spent: $20,825.85   return on spend: +8.3%

  AAPL CALLS — HEATMAPS   (entry-frame start ↓  exit-frame start →   cyan = chosen optimal)

  Each cell = best frame pair starting in that 30-min bucket (best over all durations).

  1) WIN RATE %  (wins ÷ trades)
    Entry |   9:30  10:00  10:30  11:00  11:30  12:00  12:30   1:00   1:30   2:00   2:30   3:00   3:30
  --------+-------------------------------------------------------------------------------------------
     9:30 |    45%    48%    52%    53%    53%    53%    51%    51%    52%    48%    47%    51%    48%
    10:00 |      ·    55%    55%    54%    53%    52%    50%    53%    53%    48%    47%    51%    48%
    10:30 |      ·      ·    55%    56%    52%    47%    44%    55%    54%    48%    53%    55%    49%
    11:00 |      ·      ·      ·    54%    57%    46%    51%    43%    44%    53%    53%    53%    47%
    11:30 |      ·      ·      ·      ·    49%    62%    51%    52%    51%    46%    53%    53%    49%
    12:00 |      ·      ·      ·      ·      ·    57%    45%    42%    52%    42%    39%    49%    48%
    12:30 |      ·      ·      ·      ·      ·      ·    49%    55%    55%    52%    44%    47%    47%
     1:00 |      ·      ·      ·      ·      ·      ·      ·    57%    58%    48%    41%    44%    46%
     1:30 |      ·      ·      ·      ·      ·      ·      ·      ·    44%    48%    40%    44%    48%
     2:00 |      ·      ·      ·      ·      ·      ·      ·      ·      ·    53%    55%    49%    49%
     2:30 |      ·      ·      ·      ·      ·      ·      ·      ·      ·      ·    57%    55%    47%
     3:00 |      ·      ·      ·      ·      ·      ·      ·      ·      ·      ·      ·    56%    49%
     3:30 |      ·      ·      ·      ·      ·      ·      ·      ·      ·      ·      ·      ·    49%

  2) WIN COUNT  (number of winning trades)
    Entry |   9:30  10:00  10:30  11:00  11:30  12:00  12:30   1:00   1:30   2:00   2:30   3:00   3:30
  --------+-------------------------------------------------------------------------------------------
     9:30 |     44     47     51     52     52     52     50     49     50     47     46     49     47
    10:00 |      ·     54     54     53     52     51     49     51     51     47     45     49     47
    10:30 |      ·      ·     54     55     51     46     43     53     52     47     51     53     48
    11:00 |      ·      ·      ·     53     56     45     50     42     43     51     51     51     46
    11:30 |      ·      ·      ·      ·     48     61     49     50     49     44     51     51     48
    12:00 |      ·      ·      ·      ·      ·     56     44     41     50     41     38     48     47
    12:30 |      ·      ·      ·      ·      ·      ·     48     53     53     50     42     45     45
     1:00 |      ·      ·      ·      ·      ·      ·      ·     55     56     47     40     42     45
     1:30 |      ·      ·      ·      ·      ·      ·      ·      ·     43     47     39     42     47
     2:00 |      ·      ·      ·      ·      ·      ·      ·      ·      ·     51     53     47     48
     2:30 |      ·      ·      ·      ·      ·      ·      ·      ·      ·      ·     55     53     46
     3:00 |      ·      ·      ·      ·      ·      ·      ·      ·      ·      ·      ·     54     48
     3:30 |      ·      ·      ·      ·      ·      ·      ·      ·      ·      ·      ·      ·     48

  3a) AVG P&L PER TRADE  ($ per contract)
    Entry |   9:30  10:00  10:30  11:00  11:30  12:00  12:30   1:00   1:30   2:00   2:30   3:00   3:30
  --------+-------------------------------------------------------------------------------------------
     9:30 |    +10    +13    +14    +14    +14    +11    +11    +13    +15    +10     +7     +5     +4
    10:00 |      ·    +12    +15    +14    +13    +11    +11    +13    +14    +11     +7     +6     +4
    10:30 |      ·      ·     +4     +6     +4     +3     +1     +2     +4     +0     -5     -4     -8
    11:00 |      ·      ·      ·     +4     +1     +0     -4     +1     +2     -9     -9     -7    -10
    11:30 |      ·      ·      ·      ·     +1     +5     +3     +5     +6     +3     -8     -7     -5
    12:00 |      ·      ·      ·      ·      ·     +2     +2     +3     +4     +2     +0     -4     -7
    12:30 |      ·      ·      ·      ·      ·      ·     +5     +8     +9     +8     +5     +5     +1
     1:00 |      ·      ·      ·      ·      ·      ·      ·     +4     +6     +4     +2     +2     -7
     1:30 |      ·      ·      ·      ·      ·      ·      ·      ·     +1     +3     +1     +0     -7
     2:00 |      ·      ·      ·      ·      ·      ·      ·      ·      ·     +1     -2     +1     -7
     2:30 |      ·      ·      ·      ·      ·      ·      ·      ·      ·      ·     +1     +1     -3
     3:00 |      ·      ·      ·      ·      ·      ·      ·      ·      ·      ·      ·     +1     -1
     3:30 |      ·      ·      ·      ·      ·      ·      ·      ·      ·      ·      ·      ·     +1

  3b) TOTAL P&L  ($ per contract, summed over all Thursdays)
    Entry |    9:30   10:00   10:30   11:00   11:30   12:00   12:30    1:00    1:30    2:00    2:30    3:00    3:30
  --------+--------------------------------------------------------------------------------------------------------
     9:30 |    +941   +1235   +1325   +1363   +1368   +1086   +1060   +1271   +1419    +956    +649    +528    +370
    10:00 |       ·   +1159   +1430   +1417   +1278   +1083   +1122   +1264   +1393   +1040    +646    +573    +375
    10:30 |       ·       ·    +387    +617    +376    +254    +142    +232    +369     +43    -472    -396    -760
    11:00 |       ·       ·       ·    +430    +143      +6    -438     +69    +205    -866    -833    -629    -989
    11:30 |       ·       ·       ·       ·     +90    +467    +307    +460    +599    +295    -818    -712    -495
    12:00 |       ·       ·       ·       ·       ·    +234    +159    +320    +394    +194      +6    -400    -717
    12:30 |       ·       ·       ·       ·       ·       ·    +500    +731    +873    +791    +493    +501     +50
     1:00 |       ·       ·       ·       ·       ·       ·       ·    +436    +566    +344    +173    +185    -695
     1:30 |       ·       ·       ·       ·       ·       ·       ·       ·     +85    +268     +63     +37    -674
     2:00 |       ·       ·       ·       ·       ·       ·       ·       ·       ·     +64    -222     +51    -704
     2:30 |       ·       ·       ·       ·       ·       ·       ·       ·       ·       ·     +62    +130    -263
     3:00 |       ·       ·       ·       ·       ·       ·       ·       ·       ·       ·       ·     +93    -143
     3:30 |       ·       ·       ·       ·       ·       ·       ·       ·       ·       ·       ·       ·    +127

──────────────────────────────────────────────────────────────────────────────────────
  AAPL CALLS — TOP 15 FRAME PAIRS (by win_rate × avg payoff)
──────────────────────────────────────────────────────────────────────────────────────
   #        Entry frame         Exit frame  Trades   Wins    Win%    Avg P&L     Total P&L
  --  -----------------  -----------------  ------  -----  ------  ---------  ------------
   1     10:10–10:15 AM     10:40–10:45 AM      98     54  55.1%    $+14.59    $+1,429.60
   2     10:10–10:15 AM     10:35–10:40 AM      98     54  55.1%    $+14.48    $+1,418.60
   3     10:10–10:15 AM     10:35–10:45 AM      98     53  54.1%    $+14.59    $+1,429.34
   4     10:10–10:15 AM     11:20–11:25 AM      98     53  54.1%    $+14.46    $+1,417.48
   5     10:05–10:15 AM     10:35–10:40 AM      98     56  57.1%    $+13.61    $+1,334.12
   6     10:00–10:05 AM       1:30–1:35 PM      97     51  52.6%    $+14.36    $+1,393.25
   7      9:55–10:15 AM       1:30–1:35 PM      97     50  51.5%    $+14.63    $+1,418.67
   8     10:10–10:15 AM       1:30–1:40 PM      97     51  52.6%    $+14.29    $+1,386.39
   9     10:05–10:10 AM       1:30–1:35 PM      97     49  50.5%    $+14.74    $+1,429.75
  10      9:55–10:10 AM       1:30–1:35 PM      97     50  51.5%    $+14.38    $+1,394.42
  11       9:40–9:45 AM     11:35–11:45 AM      98     52  53.1%    $+13.96    $+1,367.68
  12      9:55–10:15 AM     11:20–11:25 AM      98     52  53.1%    $+13.91    $+1,363.35
  13     10:05–10:10 AM     11:15–11:25 AM      98     51  52.0%    $+14.17    $+1,388.81
  14     10:05–10:10 AM     11:20–11:25 AM      98     51  52.0%    $+14.16    $+1,387.33
  15     10:00–10:05 AM       1:30–1:40 PM      97     51  52.6%    $+13.93    $+1,350.90


██████████████████████████████████████████████████████████████████████████████████████
  OUTLIERS REMOVED (winning trades > $2,000)  —  AAPL CALLS re-optimized
██████████████████████████████████████████████████████████████████████████████████████
  (chosen frames had no winning outliers)
======================================================================================
  AAPL CALLS
======================================================================================
  Optimal entry frame : 10:08–10:13 AM   (5 min)
  Optimal exit frame  : 10:36–10:41 AM   (5 min)
  Data source         : REAL prices

  Date           Strike  Src  Qty       Entry frame    Buy$        Exit frame   Sell$   P&L/sh      P&L $  Result
  ------------ -------- ---- ---- ----------------- ------- ----------------- ------- -------- ----------  ------
  2024-07-11      232.5 REAL    2    10:08–10:13 AM    0.82    10:36–10:41 AM    0.42   -0.398    $-79.60  LOSS
  2024-07-18      230.0 REAL    2    10:08–10:13 AM    0.92    10:36–10:41 AM    0.63   -0.284    $-56.80  LOSS
  2024-07-25      220.0 REAL    3    10:08–10:13 AM    0.38    10:36–10:41 AM    0.58   +0.202    $+60.60  WIN 
  2024-08-01      225.0 REAL    1    10:08–10:13 AM    3.71    10:36–10:41 AM    2.90   -0.804    $-80.40  LOSS
  2024-08-08      212.5 REAL    1    10:08–10:13 AM    1.68    10:36–10:41 AM    1.91   +0.228    $+22.80  WIN 
  2024-08-15      225.0 REAL    1    10:08–10:13 AM    1.10    10:36–10:41 AM    1.31   +0.216    $+21.60  WIN 
  2024-08-22      227.5 REAL    1    10:08–10:13 AM    1.26    10:36–10:41 AM    1.11   -0.154    $-15.40  LOSS
  2024-08-29      230.0 REAL    1    10:08–10:13 AM    1.90    10:36–10:41 AM    2.89   +0.990    $+99.00  WIN 
  2024-09-05      222.5 REAL    1    10:08–10:13 AM    2.96    10:36–10:41 AM    3.51   +0.550    $+55.00  WIN 
  2024-09-12      222.5 REAL    1    10:08–10:13 AM    1.25    10:36–10:41 AM    1.21   -0.042     $-4.20  LOSS
  2024-09-19      225.0 REAL    1    10:08–10:13 AM    4.15    10:36–10:41 AM    4.92   +0.770    $+77.00  WIN 
  2024-09-26      227.5 REAL    1    10:08–10:13 AM    1.02    10:36–10:41 AM    1.44   +0.422    $+42.20  WIN 
  2024-10-03      225.0 REAL    1    10:08–10:13 AM    2.37    10:36–10:41 AM    1.76   -0.608    $-60.80  LOSS
  2024-10-10      227.5 REAL    1    10:08–10:13 AM    1.74    10:36–10:41 AM    1.54   -0.200    $-20.00  LOSS
  2024-10-17      232.5 REAL    2    10:08–10:13 AM    0.89    10:36–10:41 AM    0.99   +0.102    $+20.40  WIN 
  2024-10-24      230.0 REAL    1    10:08–10:13 AM    1.44    10:36–10:41 AM    1.48   +0.048     $+4.80  WIN 
  2024-10-31      230.0 REAL    1    10:08–10:13 AM    3.52    10:36–10:41 AM    3.71   +0.184    $+18.40  WIN 
  2024-11-07      225.0 REAL    1    10:08–10:13 AM    1.83    10:36–10:41 AM    1.65   -0.184    $-18.40  LOSS
  2024-11-14      225.0 REAL    1    10:08–10:13 AM    1.46    10:36–10:41 AM    2.37   +0.918    $+91.80  WIN 
  2024-11-21      230.0 REAL    4    10:08–10:13 AM    0.26    10:36–10:41 AM    0.29   +0.034    $+13.60  WIN 
  2024-11-28        0.0 MISS    —    10:08–10:13 AM       —    10:36–10:41 AM       —        —          —  skip
  2024-12-05      245.0 REAL    3    10:08–10:13 AM    0.50    10:36–10:41 AM    0.36   -0.136    $-40.80  LOSS
  2024-12-12      247.5 REAL    2    10:08–10:13 AM    0.82    10:36–10:41 AM    1.79   +0.974   $+194.80  WIN 
  2024-12-19      247.5 REAL    1    10:08–10:13 AM    3.17    10:36–10:41 AM    3.14   -0.022     $-2.20  LOSS
  2024-12-26      260.0 REAL    3    10:08–10:13 AM    0.47    10:36–10:41 AM    0.52   +0.044    $+13.20  WIN 
  2025-01-02      247.5 REAL    1    10:08–10:13 AM    1.47    10:36–10:41 AM    0.67   -0.804    $-80.40  LOSS
  2025-01-09        0.0 MISS    —    10:08–10:13 AM       —    10:36–10:41 AM       —        —          —  skip
  2025-01-16      237.5 REAL    3    10:08–10:13 AM    0.42    10:36–10:41 AM    0.28   -0.142    $-42.60  LOSS
  2025-01-23      225.0 REAL    1    10:08–10:13 AM    2.11    10:36–10:41 AM    2.30   +0.192    $+19.20  WIN 
  2025-01-30      240.0 REAL    1    10:08–10:13 AM    4.43    10:36–10:41 AM    4.44   +0.012     $+1.20  WIN 
  2025-02-06      232.5 REAL    1    10:08–10:13 AM    2.15    10:36–10:41 AM    1.40   -0.750    $-75.00  LOSS
  2025-02-13      237.5 REAL    2    10:08–10:13 AM    0.99    10:36–10:41 AM    2.09   +1.104   $+220.80  WIN 
  2025-02-20      245.0 REAL    1    10:08–10:13 AM    1.52    10:36–10:41 AM    1.47   -0.052     $-5.20  LOSS
  2025-02-27      240.0 REAL    1    10:08–10:13 AM    1.55    10:36–10:41 AM    2.76   +1.202   $+120.20  WIN 
  2025-03-06      235.0 REAL    1    10:08–10:13 AM    3.28    10:36–10:41 AM    3.71   +0.424    $+42.40  WIN 
  2025-03-13      215.0 REAL    1    10:08–10:13 AM    2.30    10:36–10:41 AM    1.80   -0.506    $-50.60  LOSS
  2025-03-20      212.5 REAL    1    10:08–10:13 AM    4.51    10:36–10:41 AM    5.12   +0.603    $+60.27  WIN 
  2025-03-27      222.5 REAL    1    10:08–10:13 AM    1.05    10:36–10:41 AM    1.22   +0.168    $+16.80  WIN 
  2025-04-03      207.5 REAL    1    10:08–10:13 AM    1.50    10:36–10:41 AM    2.10   +0.606    $+60.60  WIN 
  2025-04-10      190.0 REAL    1    10:08–10:13 AM    5.85    10:36–10:41 AM    5.83   -0.027     $-2.70  LOSS
  2025-04-17      195.0 REAL    1    10:08–10:13 AM    1.81    10:36–10:41 AM    2.00   +0.188    $+18.80  WIN 
  2025-04-24      205.0 REAL    1    10:08–10:13 AM    2.80    10:36–10:41 AM    3.10   +0.294    $+29.40  WIN 
  2025-05-01      210.0 REAL    1    10:08–10:13 AM    4.99    10:36–10:41 AM    5.89   +0.904    $+90.40  WIN 
  2025-05-08      200.0 REAL    2    10:08–10:13 AM    0.54    10:36–10:41 AM    0.65   +0.108    $+21.60  WIN 
  2025-05-15      210.0 REAL    1    10:08–10:13 AM    1.81    10:36–10:41 AM    2.20   +0.398    $+39.80  WIN 
  2025-05-22      200.0 REAL    1    10:08–10:13 AM    2.68    10:36–10:41 AM    2.30   -0.378    $-37.80  LOSS
  2025-05-29      202.5 REAL    1    10:08–10:13 AM    1.19    10:36–10:41 AM    1.18   -0.016     $-1.60  LOSS
  2025-06-05      202.5 REAL    1    10:08–10:13 AM    1.47    10:36–10:41 AM    1.75   +0.272    $+27.20  WIN 
  2025-06-12      200.0 REAL    2    10:08–10:13 AM    0.82    10:36–10:41 AM    0.79   -0.026     $-5.20  LOSS
  2025-06-19        0.0 MISS    —    10:08–10:13 AM       —    10:36–10:41 AM       —        —          —  skip
  2025-06-26      202.5 REAL    2    10:08–10:13 AM    0.68    10:36–10:41 AM    0.43   -0.246    $-49.20  LOSS
  2025-07-03      212.5 REAL    1    10:08–10:13 AM    1.27    10:36–10:41 AM    1.87   +0.600    $+60.00  WIN 
  2025-07-10      210.0 REAL    1    10:08–10:13 AM    2.13    10:36–10:41 AM    3.34   +1.208   $+120.80  WIN 
  2025-07-17      210.0 REAL    1    10:08–10:13 AM    1.51    10:36–10:41 AM    1.32   -0.190    $-19.00  LOSS
  2025-07-24      215.0 REAL    1    10:08–10:13 AM    1.17    10:36–10:41 AM    1.18   +0.004     $+0.40  WIN 
  2025-07-31      207.5 REAL    1    10:08–10:13 AM    5.12    10:36–10:41 AM    5.35   +0.228    $+22.80  WIN 
  2025-08-07      217.5 REAL    1    10:08–10:13 AM    2.60    10:36–10:41 AM    2.20   -0.398    $-39.80  LOSS
  2025-08-14      235.0 REAL    2    10:08–10:13 AM    0.79    10:36–10:41 AM    0.76   -0.030     $-6.00  LOSS
  2025-08-21      225.0 REAL    1    10:08–10:13 AM    2.32    10:36–10:41 AM    2.06   -0.260    $-26.00  LOSS
  2025-08-28      230.0 REAL    1    10:08–10:13 AM    2.18    10:36–10:41 AM    2.06   -0.118    $-11.80  LOSS
  2025-09-04      237.5 REAL    1    10:08–10:13 AM    2.05    10:36–10:41 AM    1.71   -0.334    $-33.40  LOSS
  2025-09-11      227.5 REAL    1    10:08–10:13 AM    2.42    10:36–10:41 AM    2.50   +0.076     $+7.60  WIN 
  2025-09-18      240.0 REAL    2    10:08–10:13 AM    0.65    10:36–10:41 AM    0.71   +0.062    $+12.40  WIN 
  2025-09-25      252.5 REAL    1    10:08–10:13 AM    2.36    10:36–10:41 AM    2.33   -0.030     $-3.00  LOSS
  2025-10-02      257.5 REAL    1    10:08–10:13 AM    1.02    10:36–10:41 AM    1.15   +0.128    $+12.80  WIN 
  2025-10-09      257.5 REAL    2    10:08–10:13 AM    0.78    10:36–10:41 AM    0.66   -0.116    $-23.20  LOSS
  2025-10-16      247.5 REAL    1    10:08–10:13 AM    1.69    10:36–10:41 AM    2.29   +0.602    $+60.20  WIN 
  2025-10-23      260.0 REAL    1    10:08–10:13 AM    1.03    10:36–10:41 AM    1.41   +0.380    $+38.00  WIN 
  2025-10-30      272.5 REAL    1    10:08–10:13 AM    3.66    10:36–10:41 AM    3.29   -0.374    $-37.40  LOSS
  2025-11-06      267.5 REAL    1    10:08–10:13 AM    3.08    10:36–10:41 AM    5.18   +2.100   $+210.00  WIN 
  2025-11-13      275.0 REAL    1    10:08–10:13 AM    1.45    10:36–10:41 AM    0.86   -0.584    $-58.40  LOSS
  2025-11-20      272.5 REAL    1    10:08–10:13 AM    2.74    10:36–10:41 AM    3.09   +0.352    $+35.20  WIN 
  2025-11-27        0.0 MISS    —    10:08–10:13 AM       —    10:36–10:41 AM       —        —          —  skip
  2025-12-04      285.0 REAL    3    10:08–10:13 AM    0.40    10:36–10:41 AM    0.28   -0.120    $-36.00  LOSS
  2025-12-11      277.5 REAL    2    10:08–10:13 AM    0.78    10:36–10:41 AM    0.92   +0.148    $+29.60  WIN 
  2025-12-18      272.5 REAL    3    10:08–10:13 AM    0.49    10:36–10:41 AM    1.39   +0.898   $+269.40  WIN 
  2025-12-25        0.0 MISS    —    10:08–10:13 AM       —    10:36–10:41 AM       —        —          —  skip
  2026-01-01        0.0 MISS    —    10:08–10:13 AM       —    10:36–10:41 AM       —        —          —  skip
  2026-01-08      257.5 REAL    1    10:08–10:13 AM    1.47    10:36–10:41 AM    1.45   -0.024     $-2.40  LOSS
  2026-01-15      260.0 REAL    1    10:08–10:13 AM    1.76    10:36–10:41 AM    1.79   +0.028     $+2.80  WIN 
  2026-01-22      250.0 REAL    1    10:08–10:13 AM    1.59    10:36–10:41 AM    1.50   -0.084     $-8.40  LOSS
  2026-01-29      260.0 REAL    1    10:08–10:13 AM    3.31    10:36–10:41 AM    3.32   +0.006     $+0.60  WIN 
  2026-02-05      277.5 REAL    1    10:08–10:13 AM    1.44    10:36–10:41 AM    1.81   +0.376    $+37.60  WIN 
  2026-02-12      275.0 REAL    3    10:08–10:13 AM    0.47    10:36–10:41 AM    0.65   +0.180    $+54.00  WIN 
  2026-02-19      262.5 REAL    1    10:08–10:13 AM    2.40    10:36–10:41 AM    2.74   +0.342    $+34.20  WIN 
  2026-02-26      275.0 REAL    1    10:08–10:13 AM    1.24    10:36–10:41 AM    0.64   -0.606    $-60.60  LOSS
  2026-03-05      260.0 REAL    1    10:08–10:13 AM    1.67    10:36–10:41 AM    1.96   +0.288    $+28.80  WIN 
  2026-03-12      257.5 REAL    1    10:08–10:13 AM    1.36    10:36–10:41 AM    0.98   -0.378    $-37.80  LOSS
  2026-03-19      247.5 REAL    1    10:08–10:13 AM    4.21    10:36–10:41 AM    3.62   -0.593    $-59.25  LOSS
  2026-03-26      252.5 REAL    1    10:08–10:13 AM    3.10    10:36–10:41 AM    4.44   +1.338   $+133.80  WIN 
  2026-04-02      252.5 REAL    2    10:08–10:13 AM    0.75    10:36–10:41 AM    1.99   +1.240   $+248.00  WIN 
  2026-04-09      260.0 REAL    2    10:08–10:13 AM    0.83    10:36–10:41 AM    0.88   +0.050    $+10.00  WIN 
  2026-04-16      265.0 REAL    2    10:08–10:13 AM    0.91    10:36–10:41 AM    0.85   -0.056    $-11.20  LOSS
  2026-04-23      275.0 REAL    1    10:08–10:13 AM    1.60    10:36–10:41 AM    1.24   -0.360    $-36.00  LOSS
  2026-04-30      270.0 REAL    1    10:08–10:13 AM    5.63    10:36–10:41 AM    5.53   -0.104    $-10.40  LOSS
  2026-05-07      290.0 REAL    1    10:08–10:13 AM    2.63    10:36–10:41 AM    2.19   -0.438    $-43.80  LOSS
  2026-05-14      300.0 REAL    1    10:08–10:13 AM    1.41    10:36–10:41 AM    1.28   -0.130    $-13.00  LOSS
  2026-05-21      302.5 REAL    1    10:08–10:13 AM    1.61    10:36–10:41 AM    1.71   +0.102    $+10.20  WIN 
  2026-05-28      310.0 REAL    1    10:08–10:13 AM    2.80    10:36–10:41 AM    2.47   -0.332    $-33.20  LOSS
  2026-06-04      312.5 REAL    1    10:08–10:13 AM    1.62    10:36–10:41 AM    1.13   -0.490    $-49.00  LOSS
  2026-06-11      292.5 REAL    1    10:08–10:13 AM    1.46    10:36–10:41 AM    1.49   +0.022     $+2.20  WIN 
  2026-06-18      300.0 REAL    2    10:08–10:13 AM    0.78    10:36–10:41 AM    0.75   -0.036     $-7.20  LOSS
  2026-06-25      287.5 REAL    2    10:08–10:13 AM    0.53    10:36–10:41 AM    0.51   -0.020     $-4.00  LOSS
  2026-07-02      297.5 REAL    1    10:08–10:13 AM    6.16    10:36–10:41 AM    8.05   +1.894   $+189.40  WIN 

  SUMMARY (optimal frames)  trades: 98   wins: 53/98   win rate: 54.1%   total P&L: $+1,735.52   avg/trade: $+17.71
           best day: $+269.40   worst day: $-80.40   skipped (no data): 6
           premium spent: $20,825.85   return on spend: +8.3%

  AAPL CALLS — HEATMAPS   (entry-frame start ↓  exit-frame start →   cyan = chosen optimal)

  Each cell = best frame pair starting in that 30-min bucket (best over all durations).

  1) WIN RATE %  (wins ÷ trades)
    Entry |   9:30  10:00  10:30  11:00  11:30  12:00  12:30   1:00   1:30   2:00   2:30   3:00   3:30
  --------+-------------------------------------------------------------------------------------------
     9:30 |    45%    48%    52%    53%    53%    53%    51%    51%    52%    48%    47%    51%    48%
    10:00 |      ·    55%    55%    54%    53%    52%    50%    53%    53%    48%    47%    51%    48%
    10:30 |      ·      ·    55%    56%    52%    47%    44%    55%    54%    48%    53%    55%    49%
    11:00 |      ·      ·      ·    54%    57%    46%    51%    43%    44%    53%    53%    53%    47%
    11:30 |      ·      ·      ·      ·    49%    62%    51%    52%    51%    46%    53%    53%    49%
    12:00 |      ·      ·      ·      ·      ·    57%    45%    42%    52%    42%    39%    49%    48%
    12:30 |      ·      ·      ·      ·      ·      ·    49%    55%    55%    52%    44%    47%    47%
     1:00 |      ·      ·      ·      ·      ·      ·      ·    57%    58%    48%    41%    44%    46%
     1:30 |      ·      ·      ·      ·      ·      ·      ·      ·    44%    48%    40%    44%    48%
     2:00 |      ·      ·      ·      ·      ·      ·      ·      ·      ·    53%    55%    49%    49%
     2:30 |      ·      ·      ·      ·      ·      ·      ·      ·      ·      ·    57%    55%    47%
     3:00 |      ·      ·      ·      ·      ·      ·      ·      ·      ·      ·      ·    56%    49%
     3:30 |      ·      ·      ·      ·      ·      ·      ·      ·      ·      ·      ·      ·    49%

  2) WIN COUNT  (number of winning trades)
    Entry |   9:30  10:00  10:30  11:00  11:30  12:00  12:30   1:00   1:30   2:00   2:30   3:00   3:30
  --------+-------------------------------------------------------------------------------------------
     9:30 |     44     47     51     52     52     52     50     49     50     47     46     49     47
    10:00 |      ·     54     54     53     52     51     49     51     51     47     45     49     47
    10:30 |      ·      ·     54     55     51     46     43     53     52     47     51     53     48
    11:00 |      ·      ·      ·     53     56     45     50     42     43     51     51     51     46
    11:30 |      ·      ·      ·      ·     48     61     49     50     49     44     51     51     48
    12:00 |      ·      ·      ·      ·      ·     56     44     41     50     41     38     48     47
    12:30 |      ·      ·      ·      ·      ·      ·     48     53     53     50     42     45     45
     1:00 |      ·      ·      ·      ·      ·      ·      ·     55     56     47     40     42     45
     1:30 |      ·      ·      ·      ·      ·      ·      ·      ·     43     47     39     42     47
     2:00 |      ·      ·      ·      ·      ·      ·      ·      ·      ·     51     53     47     48
     2:30 |      ·      ·      ·      ·      ·      ·      ·      ·      ·      ·     55     53     46
     3:00 |      ·      ·      ·      ·      ·      ·      ·      ·      ·      ·      ·     54     48
     3:30 |      ·      ·      ·      ·      ·      ·      ·      ·      ·      ·      ·      ·     48

  3a) AVG P&L PER TRADE  ($ per contract)
    Entry |   9:30  10:00  10:30  11:00  11:30  12:00  12:30   1:00   1:30   2:00   2:30   3:00   3:30
  --------+-------------------------------------------------------------------------------------------
     9:30 |    +10    +13    +14    +14    +14    +11    +11    +13    +15    +10     +7     +5     +4
    10:00 |      ·    +12    +15    +14    +13    +11    +11    +13    +14    +11     +7     +6     +4
    10:30 |      ·      ·     +4     +6     +4     +3     +1     +2     +4     +0     -5     -4     -8
    11:00 |      ·      ·      ·     +4     +1     +0     -4     +1     +2     -9     -9     -7    -10
    11:30 |      ·      ·      ·      ·     +1     +5     +3     +5     +6     +3     -8     -7     -5
    12:00 |      ·      ·      ·      ·      ·     +2     +2     +3     +4     +2     +0     -4     -7
    12:30 |      ·      ·      ·      ·      ·      ·     +5     +8     +9     +8     +5     +5     +1
     1:00 |      ·      ·      ·      ·      ·      ·      ·     +4     +6     +4     +2     +2     -7
     1:30 |      ·      ·      ·      ·      ·      ·      ·      ·     +1     +3     +1     +0     -7
     2:00 |      ·      ·      ·      ·      ·      ·      ·      ·      ·     +1     -2     +1     -7
     2:30 |      ·      ·      ·      ·      ·      ·      ·      ·      ·      ·     +1     +1     -3
     3:00 |      ·      ·      ·      ·      ·      ·      ·      ·      ·      ·      ·     +1     -1
     3:30 |      ·      ·      ·      ·      ·      ·      ·      ·      ·      ·      ·      ·     +1

  3b) TOTAL P&L  ($ per contract, summed over all Thursdays)
    Entry |    9:30   10:00   10:30   11:00   11:30   12:00   12:30    1:00    1:30    2:00    2:30    3:00    3:30
  --------+--------------------------------------------------------------------------------------------------------
     9:30 |    +941   +1235   +1325   +1363   +1368   +1086   +1060   +1271   +1419    +956    +649    +528    +370
    10:00 |       ·   +1159   +1430   +1417   +1278   +1083   +1122   +1264   +1393   +1040    +646    +573    +375
    10:30 |       ·       ·    +387    +617    +376    +254    +142    +232    +369     +43    -472    -396    -760
    11:00 |       ·       ·       ·    +430    +143      +6    -438     +69    +205    -866    -833    -629    -989
    11:30 |       ·       ·       ·       ·     +90    +467    +307    +460    +599    +295    -818    -712    -495
    12:00 |       ·       ·       ·       ·       ·    +234    +159    +320    +394    +194      +6    -400    -717
    12:30 |       ·       ·       ·       ·       ·       ·    +500    +731    +873    +791    +493    +501     +50
     1:00 |       ·       ·       ·       ·       ·       ·       ·    +436    +566    +344    +173    +185    -695
     1:30 |       ·       ·       ·       ·       ·       ·       ·       ·     +85    +268     +63     +37    -674
     2:00 |       ·       ·       ·       ·       ·       ·       ·       ·       ·     +64    -222     +51    -704
     2:30 |       ·       ·       ·       ·       ·       ·       ·       ·       ·       ·     +62    +130    -263
     3:00 |       ·       ·       ·       ·       ·       ·       ·       ·       ·       ·       ·     +93    -143
     3:30 |       ·       ·       ·       ·       ·       ·       ·       ·       ·       ·       ·       ·    +127

──────────────────────────────────────────────────────────────────────────────────────
  AAPL CALLS — TOP 15 FRAME PAIRS (by win_rate × avg payoff)
──────────────────────────────────────────────────────────────────────────────────────
   #        Entry frame         Exit frame  Trades   Wins    Win%    Avg P&L     Total P&L
  --  -----------------  -----------------  ------  -----  ------  ---------  ------------
   1     10:10–10:15 AM     10:40–10:45 AM      98     54  55.1%    $+14.59    $+1,429.60
   2     10:10–10:15 AM     10:35–10:40 AM      98     54  55.1%    $+14.48    $+1,418.60
   3     10:10–10:15 AM     10:35–10:45 AM      98     53  54.1%    $+14.59    $+1,429.34
   4     10:10–10:15 AM     11:20–11:25 AM      98     53  54.1%    $+14.46    $+1,417.48
   5     10:05–10:15 AM     10:35–10:40 AM      98     56  57.1%    $+13.61    $+1,334.12
   6     10:00–10:05 AM       1:30–1:35 PM      97     51  52.6%    $+14.36    $+1,393.25
   7      9:55–10:15 AM       1:30–1:35 PM      97     50  51.5%    $+14.63    $+1,418.67
   8     10:10–10:15 AM       1:30–1:40 PM      97     51  52.6%    $+14.29    $+1,386.39
   9     10:05–10:10 AM       1:30–1:35 PM      97     49  50.5%    $+14.74    $+1,429.75
  10      9:55–10:10 AM       1:30–1:35 PM      97     50  51.5%    $+14.38    $+1,394.42
  11       9:40–9:45 AM     11:35–11:45 AM      98     52  53.1%    $+13.96    $+1,367.68
  12      9:55–10:15 AM     11:20–11:25 AM      98     52  53.1%    $+13.91    $+1,363.35
  13     10:05–10:10 AM     11:15–11:25 AM      98     51  52.0%    $+14.17    $+1,388.81
  14     10:05–10:10 AM     11:20–11:25 AM      98     51  52.0%    $+14.16    $+1,387.33
  15     10:00–10:05 AM       1:30–1:40 PM      97     51  52.6%    $+13.93    $+1,350.90

──────────────────────────────────────────────────────────────────────────────────────
  Saved CSV: C:\actions-runner\_work\EoD_OptionTrading\EoD_OptionTrading\results\thursday-intraday\backtest_thursday_intraday_timeframe_calls_730days_2026-07-09_1404.csv
  Saved TXT: C:\actions-runner\_work\EoD_OptionTrading\EoD_OptionTrading\results\thursday-intraday\backtest_thursday_intraday_timeframe_calls_730days_2026-07-09_1404.txt
  Saved TXT (outliers removed): C:\actions-runner\_work\EoD_OptionTrading\EoD_OptionTrading\results\thursday-intraday\backtest_thursday_intraday_timeframe_calls_730days_2026-07-09_1404_outliers_removed.txt
──────────────────────────────────────────────────────────────────────────────────────


██████████████████████████████████████████████████████████████████████████████████████
  AAPL PUTS
██████████████████████████████████████████████████████████████████████████████████████
======================================================================================
  AAPL PUTS
======================================================================================
  Optimal entry frame : 9:30–9:35 AM   (5 min)
  Optimal exit frame  : 9:42–9:49 AM   (7 min)
  Data source         : REAL prices

  Date           Strike  Src  Qty       Entry frame    Buy$        Exit frame   Sell$   P&L/sh      P&L $  Result
  ------------ -------- ---- ---- ----------------- ------- ----------------- ------- -------- ----------  ------
  2024-07-11      232.5 REAL    1      9:30–9:35 AM    1.98      9:42–9:49 AM    1.96   -0.015     $-1.51  LOSS
  2024-07-18      230.0 REAL    1      9:30–9:35 AM    1.97      9:42–9:49 AM    2.38   +0.411    $+41.11  WIN 
  2024-07-25      220.0 REAL    1      9:30–9:35 AM    2.17      9:42–9:49 AM    3.00   +0.834    $+83.43  WIN 
  2024-08-01      225.0 REAL    1      9:30–9:35 AM    5.11      9:42–9:49 AM    5.26   +0.147    $+14.67  WIN 
  2024-08-08      212.5 REAL    1      9:30–9:35 AM    2.01      9:42–9:49 AM    3.46   +1.453   $+145.34  WIN 
  2024-08-15      225.0 REAL    1      9:30–9:35 AM    2.23      9:42–9:49 AM    2.31   +0.080     $+8.03  WIN 
  2024-08-22      227.5 REAL    1      9:30–9:35 AM    1.49      9:42–9:49 AM    1.49   +0.003     $+0.29  WIN 
  2024-08-29      230.0 REAL    1      9:30–9:35 AM    1.57      9:42–9:49 AM    1.02   -0.548    $-54.77  LOSS
  2024-09-05      222.5 REAL    1      9:30–9:35 AM    1.69      9:42–9:49 AM    1.54   -0.151    $-15.09  LOSS
  2024-09-12      222.5 REAL    1      9:30–9:35 AM    2.02      9:42–9:49 AM    2.54   +0.524    $+52.43  WIN 
  2024-09-19      225.0 REAL    1      9:30–9:35 AM    1.67      9:42–9:49 AM    1.09   -0.577    $-57.71  LOSS
  2024-09-26      227.5 REAL    1      9:30–9:35 AM    1.81      9:42–9:49 AM    2.17   +0.364    $+36.43  WIN 
  2024-10-03      225.0 REAL    1      9:30–9:35 AM    1.44      9:42–9:49 AM    1.17   -0.268    $-26.80  LOSS
  2024-10-10      227.5 REAL    1      9:30–9:35 AM    1.18      9:42–9:49 AM    1.26   +0.081     $+8.09  WIN 
  2024-10-17      232.5 REAL    1      9:30–9:35 AM    1.41      9:42–9:49 AM    1.82   +0.410    $+41.00  WIN 
  2024-10-24      230.0 REAL    1      9:30–9:35 AM    2.04      9:42–9:49 AM    1.89   -0.147    $-14.66  LOSS
  2024-10-31      230.0 REAL    1      9:30–9:35 AM    4.96      9:42–9:49 AM    4.70   -0.255    $-25.51  LOSS
  2024-11-07      225.0 REAL    1      9:30–9:35 AM    1.12      9:42–9:49 AM    1.15   +0.034     $+3.43  WIN 
  2024-11-14      225.0 REAL    2      9:30–9:35 AM    0.87      9:42–9:49 AM    0.82   -0.049     $-9.83  LOSS
  2024-11-21      230.0 REAL    1      9:30–9:35 AM    1.93      9:42–9:49 AM    2.85   +0.911    $+91.10  WIN 
  2024-11-28        0.0 MISS    —      9:30–9:35 AM       —      9:42–9:49 AM       —        —          —  skip
  2024-12-05      245.0 REAL    1      9:30–9:35 AM    1.72      9:42–9:49 AM    2.29   +0.571    $+57.06  WIN 
  2024-12-12      247.5 REAL    1      9:30–9:35 AM    1.63      9:42–9:49 AM    2.09   +0.460    $+45.95  WIN 
  2024-12-19      247.5 REAL    1      9:30–9:35 AM    1.50      9:42–9:49 AM    1.15   -0.351    $-35.14  LOSS
  2024-12-26      260.0 REAL    1      9:30–9:35 AM    1.51      9:42–9:49 AM    1.52   +0.014     $+1.40  WIN 
  2025-01-02      247.5 REAL    1      9:30–9:35 AM    1.75      9:42–9:49 AM    2.95   +1.203   $+120.34  WIN 
  2025-01-09        0.0 MISS    —      9:30–9:35 AM       —      9:42–9:49 AM       —        —          —  skip
  2025-01-16      237.5 REAL    1      9:30–9:35 AM    1.71      9:42–9:49 AM    2.17   +0.464    $+46.40  WIN 
  2025-01-23      225.0 REAL    1      9:30–9:35 AM    1.46      9:42–9:49 AM    1.74   +0.272    $+27.17  WIN 
  2025-01-30      240.0 REAL    1      9:30–9:35 AM    5.15      9:42–9:49 AM    5.40   +0.244    $+24.37  WIN 
  2025-02-06      232.5 REAL    1      9:30–9:35 AM    2.43      9:42–9:49 AM    1.28   -1.156   $-115.63  LOSS
  2025-02-13      237.5 REAL    1      9:30–9:35 AM    1.32      9:42–9:49 AM    2.13   +0.811    $+81.06  WIN 
  2025-02-20      245.0 REAL    1      9:30–9:35 AM    1.14      9:42–9:49 AM    1.05   -0.095     $-9.54  LOSS
  2025-02-27      240.0 REAL    1      9:30–9:35 AM    2.01      9:42–9:49 AM    1.54   -0.473    $-47.29  LOSS
  2025-03-06      235.0 REAL    1      9:30–9:35 AM    2.96      9:42–9:49 AM    2.49   -0.471    $-47.14  LOSS
  2025-03-13      215.0 REAL    1      9:30–9:35 AM    2.62      9:42–9:49 AM    2.05   -0.571    $-57.06  LOSS
  2025-03-20      212.5 REAL    1      9:30–9:35 AM    1.53      9:42–9:49 AM    1.11   -0.425    $-42.49  LOSS
  2025-03-27      222.5 REAL    1      9:30–9:35 AM    2.35      9:42–9:49 AM    2.39   +0.043     $+4.26  WIN 
  2025-04-03      207.5 REAL    1      9:30–9:35 AM    3.60      9:42–9:49 AM    5.83   +2.229   $+222.94  WIN 
  2025-04-10      190.0 REAL    1      9:30–9:35 AM    4.06      9:42–9:49 AM    3.09   -0.973    $-97.26  LOSS
  2025-04-17      195.0 REAL    1      9:30–9:35 AM    1.43      9:42–9:49 AM    1.49   +0.056     $+5.57  WIN 
  2025-04-24      205.0 REAL    1      9:30–9:35 AM    2.69      9:42–9:49 AM    2.55   -0.135    $-13.46  LOSS
  2025-05-01      210.0 REAL    1      9:30–9:35 AM    4.43      9:42–9:49 AM    4.02   -0.402    $-40.17  LOSS
  2025-05-08      200.0 REAL    1      9:30–9:35 AM    3.59      9:42–9:49 AM    4.21   +0.620    $+61.97  WIN 
  2025-05-15      210.0 REAL    1      9:30–9:35 AM    1.20      9:42–9:49 AM    1.35   +0.149    $+14.91  WIN 
  2025-05-22      200.0 REAL    1      9:30–9:35 AM    1.80      9:42–9:49 AM    1.76   -0.040     $-4.00  LOSS
  2025-05-29      202.5 REAL    1      9:30–9:35 AM    1.70      9:42–9:49 AM    2.03   +0.326    $+32.60  WIN 
  2025-06-05      202.5 REAL    1      9:30–9:35 AM    1.50      9:42–9:49 AM    1.56   +0.052     $+5.17  WIN 
  2025-06-12      200.0 REAL    1      9:30–9:35 AM    2.58      9:42–9:49 AM    2.73   +0.149    $+14.94  WIN 
  2025-06-19        0.0 MISS    —      9:30–9:35 AM       —      9:42–9:49 AM       —        —          —  skip
  2025-06-26      202.5 REAL    1      9:30–9:35 AM    1.58      9:42–9:49 AM    2.98   +1.401   $+140.06  WIN 
  2025-07-03      212.5 REAL    1      9:30–9:35 AM    1.04      9:42–9:49 AM    0.52   -0.519    $-51.94  LOSS
  2025-07-10      210.0 REAL    1      9:30–9:35 AM    1.17      9:42–9:49 AM    1.02   -0.147    $-14.71  LOSS
  2025-07-17      210.0 REAL    1      9:30–9:35 AM    1.20      9:42–9:49 AM    1.17   -0.027     $-2.66  LOSS
  2025-07-24      215.0 REAL    1      9:30–9:35 AM    1.68      9:42–9:49 AM    1.68   +0.002     $+0.23  WIN 
  2025-07-31      207.5 REAL    1      9:30–9:35 AM    3.81      9:42–9:49 AM    3.75   -0.058     $-5.77  LOSS
  2025-08-07      217.5 REAL    1      9:30–9:35 AM    1.90      9:42–9:49 AM    1.34   -0.559    $-55.94  LOSS
  2025-08-14      235.0 REAL    1      9:30–9:35 AM    2.68      9:42–9:49 AM    2.52   -0.163    $-16.26  LOSS
  2025-08-21      225.0 REAL    1      9:30–9:35 AM    1.76      9:42–9:49 AM    1.59   -0.166    $-16.60  LOSS
  2025-08-28      230.0 REAL    1      9:30–9:35 AM    1.59      9:42–9:49 AM    1.42   -0.174    $-17.43  LOSS
  2025-09-04      237.5 REAL    1      9:30–9:35 AM    1.47      9:42–9:49 AM    1.16   -0.305    $-30.51  LOSS
  2025-09-11      227.5 REAL    1      9:30–9:35 AM    1.72      9:42–9:49 AM    1.27   -0.452    $-45.20  LOSS
  2025-09-18      240.0 REAL    1      9:30–9:35 AM    1.69      9:42–9:49 AM    2.61   +0.919    $+91.89  WIN 
  2025-09-25      252.5 REAL    1      9:30–9:35 AM    1.86      9:42–9:49 AM    1.64   -0.217    $-21.71  LOSS
  2025-10-02      257.5 REAL    1      9:30–9:35 AM    2.16      9:42–9:49 AM    3.29   +1.135   $+113.54  WIN 
  2025-10-09      257.5 REAL    1      9:30–9:35 AM    1.92      9:42–9:49 AM    2.62   +0.695    $+69.51  WIN 
  2025-10-16      247.5 REAL    1      9:30–9:35 AM    1.98      9:42–9:49 AM    1.54   -0.442    $-44.23  LOSS
  2025-10-23      260.0 REAL    1      9:30–9:35 AM    2.20      9:42–9:49 AM    2.45   +0.247    $+24.71  WIN 
  2025-10-30      272.5 REAL    1      9:30–9:35 AM    4.60      9:42–9:49 AM    5.38   +0.783    $+78.33  WIN 
  2025-11-06      267.5 REAL    1      9:30–9:35 AM    1.43      9:42–9:49 AM    1.21   -0.225    $-22.54  LOSS
  2025-11-13      275.0 REAL    1      9:30–9:35 AM    2.20      9:42–9:49 AM    1.47   -0.735    $-73.49  LOSS
  2025-11-20      272.5 REAL    1      9:30–9:35 AM    1.67      9:42–9:49 AM    1.02   -0.658    $-65.83  LOSS
  2025-11-27        0.0 MISS    —      9:30–9:35 AM       —      9:42–9:49 AM       —        —          —  skip
  2025-12-04      285.0 REAL    1      9:30–9:35 AM    2.15      9:42–9:49 AM    2.94   +0.789    $+78.91  WIN 
  2025-12-11      277.5 REAL    1      9:30–9:35 AM    1.14      9:42–9:49 AM    2.95   +1.815   $+181.49  WIN 
  2025-12-18      272.5 REAL    1      9:30–9:35 AM    2.59      9:42–9:49 AM    4.24   +1.653   $+165.34  WIN 
  2025-12-25        0.0 MISS    —      9:30–9:35 AM       —      9:42–9:49 AM       —        —          —  skip
  2026-01-01        0.0 MISS    —      9:30–9:35 AM       —      9:42–9:49 AM       —        —          —  skip
  2026-01-08      257.5 REAL    1      9:30–9:35 AM    1.98      9:42–9:49 AM    2.37   +0.387    $+38.71  WIN 
  2026-01-15      260.0 REAL    1      9:30–9:35 AM    1.47      9:42–9:49 AM    1.42   -0.042     $-4.17  LOSS
  2026-01-22      250.0 REAL    1      9:30–9:35 AM    2.01      9:42–9:49 AM    1.93   -0.077     $-7.71  LOSS
  2026-01-29      260.0 REAL    1      9:30–9:35 AM    5.76      9:42–9:49 AM    6.87   +1.111   $+111.13  WIN 
  2026-02-05      277.5 REAL    1      9:30–9:35 AM    3.12      9:42–9:49 AM    4.52   +1.397   $+139.74  WIN 
  2026-02-12      275.0 REAL    1      9:30–9:35 AM    3.11      9:42–9:49 AM    3.47   +0.363    $+36.34  WIN 
  2026-02-19      262.5 REAL    1      9:30–9:35 AM    1.69      9:42–9:49 AM    1.67   -0.021     $-2.11  LOSS
  2026-02-26      275.0 REAL    1      9:30–9:35 AM    2.08      9:42–9:49 AM    2.24   +0.159    $+15.94  WIN 
  2026-03-05      260.0 REAL    1      9:30–9:35 AM    2.11      9:42–9:49 AM    2.43   +0.321    $+32.06  WIN 
  2026-03-12      257.5 REAL    1      9:30–9:35 AM    1.78      9:42–9:49 AM    2.48   +0.700    $+70.03  WIN 
  2026-03-19      247.5 REAL    1      9:30–9:35 AM    1.74      9:42–9:49 AM    1.03   -0.715    $-71.54  LOSS
  2026-03-26      252.5 REAL    1      9:30–9:35 AM    2.46      9:42–9:49 AM    2.11   -0.342    $-34.17  LOSS
  2026-04-02      252.5 REAL    1      9:30–9:35 AM    1.18      9:42–9:49 AM    1.97   +0.791    $+79.11  WIN 
  2026-04-09      260.0 REAL    1      9:30–9:35 AM    2.41      9:42–9:49 AM    2.80   +0.392    $+39.20  WIN 
  2026-04-16      265.0 REAL    1      9:30–9:35 AM    2.11      9:42–9:49 AM    3.45   +1.340   $+134.03  WIN 
  2026-04-23      275.0 REAL    1      9:30–9:35 AM    2.13      9:42–9:49 AM    2.77   +0.633    $+63.31  WIN 
  2026-04-30      270.0 REAL    1      9:30–9:35 AM    5.28      9:42–9:49 AM    5.32   +0.041     $+4.14  WIN 
  2026-05-07      290.0 REAL    1      9:30–9:35 AM    2.54      9:42–9:49 AM    2.28   -0.259    $-25.91  LOSS
  2026-05-14      300.0 REAL    1      9:30–9:35 AM    3.27      9:42–9:49 AM    3.43   +0.163    $+16.34  WIN 
  2026-05-21      302.5 REAL    1      9:30–9:35 AM    2.56      9:42–9:49 AM    2.15   -0.416    $-41.63  LOSS
  2026-05-28      310.0 REAL    1      9:30–9:35 AM    1.95      9:42–9:49 AM    1.40   -0.549    $-54.91  LOSS
  2026-06-04      312.5 REAL    1      9:30–9:35 AM    2.90      9:42–9:49 AM    2.51   -0.395    $-39.49  LOSS
  2026-06-11      292.5 REAL    1      9:30–9:35 AM    2.96      9:42–9:49 AM    2.41   -0.550    $-55.03  LOSS
  2026-06-18      300.0 REAL    1      9:30–9:35 AM    1.99      9:42–9:49 AM    3.03   +1.044   $+104.40  WIN 
  2026-06-25      287.5 REAL    1      9:30–9:35 AM    3.17      9:42–9:49 AM    8.93   +5.764   $+576.43  WIN 
  2026-07-02      297.5 REAL    1      9:30–9:35 AM    1.50      9:42–9:49 AM    0.47   -1.023   $-102.31  LOSS

  SUMMARY (optimal frames)  trades: 98   wins: 53/98   win rate: 54.1%   total P&L: $+2,057.52   avg/trade: $+21.00
           best day: $+576.43   worst day: $-115.63   skipped (no data): 6
           premium spent: $21,736.73   return on spend: +9.5%

  AAPL PUTS — HEATMAPS   (entry-frame start ↓  exit-frame start →   cyan = chosen optimal)

  Each cell = best frame pair starting in that 30-min bucket (best over all durations).

  1) WIN RATE %  (wins ÷ trades)
    Entry |   9:30  10:00  10:30  11:00  11:30  12:00  12:30   1:00   1:30   2:00   2:30   3:00   3:30
  --------+-------------------------------------------------------------------------------------------
     9:30 |    55%    50%    42%    40%    39%    41%    42%    42%    42%    40%    43%    39%    40%
    10:00 |      ·    51%    52%    43%    42%    42%    43%    40%    40%    39%    38%    41%    43%
    10:30 |      ·      ·    57%    44%    47%    46%    47%    41%    40%    39%    37%    36%    38%
    11:00 |      ·      ·      ·    45%    53%    45%    45%    40%    45%    43%    39%    35%    37%
    11:30 |      ·      ·      ·      ·    47%    47%    48%    44%    43%    43%    47%    36%    39%
    12:00 |      ·      ·      ·      ·      ·    48%    48%    47%    45%    44%    49%    37%    38%
    12:30 |      ·      ·      ·      ·      ·      ·    53%    54%    46%    44%    50%    44%    36%
     1:00 |      ·      ·      ·      ·      ·      ·      ·    49%    52%    49%    49%    41%    43%
     1:30 |      ·      ·      ·      ·      ·      ·      ·      ·    58%    49%    44%    42%    44%
     2:00 |      ·      ·      ·      ·      ·      ·      ·      ·      ·    38%    51%    43%    44%
     2:30 |      ·      ·      ·      ·      ·      ·      ·      ·      ·      ·    52%    51%    45%
     3:00 |      ·      ·      ·      ·      ·      ·      ·      ·      ·      ·      ·    55%    50%
     3:30 |      ·      ·      ·      ·      ·      ·      ·      ·      ·      ·      ·      ·    51%

  2) WIN COUNT  (number of winning trades)
    Entry |   9:30  10:00  10:30  11:00  11:30  12:00  12:30   1:00   1:30   2:00   2:30   3:00   3:30
  --------+-------------------------------------------------------------------------------------------
     9:30 |     54     49     41     39     38     40     41     41     40     39     42     38     39
    10:00 |      ·     50     51     42     41     41     42     39     38     38     37     40     42
    10:30 |      ·      ·     56     43     46     45     46     40     39     38     36     35     37
    11:00 |      ·      ·      ·     44     51     44     44     38     43     42     37     34     36
    11:30 |      ·      ·      ·      ·     46     46     46     42     41     42     45     35     37
    12:00 |      ·      ·      ·      ·      ·     47     47     45     43     42     47     35     36
    12:30 |      ·      ·      ·      ·      ·      ·     50     51     44     41     48     42     35
     1:00 |      ·      ·      ·      ·      ·      ·      ·     47     50     48     47     40     42
     1:30 |      ·      ·      ·      ·      ·      ·      ·      ·     56     47     42     40     41
     2:00 |      ·      ·      ·      ·      ·      ·      ·      ·      ·     36     47     41     42
     2:30 |      ·      ·      ·      ·      ·      ·      ·      ·      ·      ·     48     49     44
     3:00 |      ·      ·      ·      ·      ·      ·      ·      ·      ·      ·      ·     53     48
     3:30 |      ·      ·      ·      ·      ·      ·      ·      ·      ·      ·      ·      ·     49

  3a) AVG P&L PER TRADE  ($ per contract)
    Entry |   9:30  10:00  10:30  11:00  11:30  12:00  12:30   1:00   1:30   2:00   2:30   3:00   3:30
  --------+-------------------------------------------------------------------------------------------
     9:30 |    +20    +19    +16    +18    +21    +22    +25    +23    +23    +22    +15    +19    +22
    10:00 |      ·     +3     +6     +7     +9    +11    +13    +11    +12     +9     +4     +6    +10
    10:30 |      ·      ·     +9    +12    +14    +16    +19    +16    +18    +16    +10    +14    +17
    11:00 |      ·      ·      ·     +5     +8     +9    +12    +10     +9     +6     +2     +4     +7
    11:30 |      ·      ·      ·      ·     +5     +7    +11     +7     +6     +4     -6     +3     +6
    12:00 |      ·      ·      ·      ·      ·     +6     +9     +5     +4     +2     -7     +1     +4
    12:30 |      ·      ·      ·      ·      ·      ·     +6     +5     +1     +0     -7     -8     +1
     1:00 |      ·      ·      ·      ·      ·      ·      ·     +2     +6     +3     -3     +1     +4
     1:30 |      ·      ·      ·      ·      ·      ·      ·      ·     +6     +4     +0     +3     +7
     2:00 |      ·      ·      ·      ·      ·      ·      ·      ·      ·     +2     +2     +5     +8
     2:30 |      ·      ·      ·      ·      ·      ·      ·      ·      ·      ·     +1     +5     +8
     3:00 |      ·      ·      ·      ·      ·      ·      ·      ·      ·      ·      ·     +7     +9
     3:30 |      ·      ·      ·      ·      ·      ·      ·      ·      ·      ·      ·      ·     +5

  3b) TOTAL P&L  ($ per contract, summed over all Thursdays)
    Entry |    9:30   10:00   10:30   11:00   11:30   12:00   12:30    1:00    1:30    2:00    2:30    3:00    3:30
  --------+--------------------------------------------------------------------------------------------------------
     9:30 |   +1971   +1855   +1599   +1789   +2014   +2194   +2454   +2207   +2211   +2097   +1466   +1834   +2140
    10:00 |       ·    +295    +614    +689    +857   +1051   +1321   +1051   +1143    +880    +391    +625    +928
    10:30 |       ·       ·    +931   +1166   +1380   +1604   +1867   +1565   +1716   +1534   +1006   +1344   +1638
    11:00 |       ·       ·       ·    +523    +749    +926   +1172    +913    +827    +585    +221    +422    +669
    11:30 |       ·       ·       ·       ·    +503    +673   +1087    +660    +611    +347    -602    +294    +561
    12:00 |       ·       ·       ·       ·       ·    +546    +860    +494    +382    +215    -636    +126    +396
    12:30 |       ·       ·       ·       ·       ·       ·    +611    +440     +89     +25    -683    -814     +71
     1:00 |       ·       ·       ·       ·       ·       ·       ·    +190    +537    +301    -284    +106    +383
     1:30 |       ·       ·       ·       ·       ·       ·       ·       ·    +576    +430      +7    +302    +649
     2:00 |       ·       ·       ·       ·       ·       ·       ·       ·       ·    +164    +195    +516    +779
     2:30 |       ·       ·       ·       ·       ·       ·       ·       ·       ·       ·     +56    +525    +794
     3:00 |       ·       ·       ·       ·       ·       ·       ·       ·       ·       ·       ·    +647    +912
     3:30 |       ·       ·       ·       ·       ·       ·       ·       ·       ·       ·       ·       ·    +469

──────────────────────────────────────────────────────────────────────────────────────
  AAPL PUTS — TOP 15 FRAME PAIRS (by win_rate × avg payoff)
──────────────────────────────────────────────────────────────────────────────────────
   #        Entry frame         Exit frame  Trades   Wins    Win%    Avg P&L     Total P&L
  --  -----------------  -----------------  ------  -----  ------  ---------  ------------
   1       9:30–9:35 AM       9:40–9:50 AM      98     54  55.1%    $+20.11    $+1,970.90
   2       9:30–9:35 AM       9:40–9:45 AM      98     52  53.1%    $+20.57    $+2,015.42
   3       9:30–9:35 AM       9:45–9:50 AM      98     52  53.1%    $+19.76    $+1,936.67
   4       9:30–9:35 AM      12:45–1:00 PM      98     41  41.8%    $+25.04    $+2,453.62
   5       9:30–9:35 AM      12:50–1:05 PM      98     40  40.8%    $+25.49    $+2,498.43
   6       9:30–9:35 AM      12:45–1:05 PM      98     41  41.8%    $+24.83    $+2,433.44
   7       9:30–9:35 AM     12:45–12:55 PM      98     41  41.8%    $+24.70    $+2,420.16
   8       9:30–9:35 AM       9:40–9:55 AM      98     53  54.1%    $+18.42    $+1,805.30
   9       9:30–9:35 AM      12:40–1:00 PM      98     41  41.8%    $+23.81    $+2,333.35
  10       9:30–9:35 AM      12:35–1:05 PM      98     41  41.8%    $+23.44    $+2,296.72
  11       9:30–9:35 AM     12:40–12:55 PM      98     41  41.8%    $+23.20    $+2,273.47
  12       9:30–9:35 AM       1:15–1:25 PM      97     41  42.3%    $+22.76    $+2,207.47
  13       9:30–9:35 AM      9:40–10:00 AM      98     52  53.1%    $+18.09    $+1,772.57
  14       9:30–9:35 AM       1:50–1:55 PM      96     40  41.7%    $+23.03    $+2,210.95
  15       9:30–9:35 AM      9:45–10:15 AM      98     54  55.1%    $+17.32    $+1,697.01


██████████████████████████████████████████████████████████████████████████████████████
  OUTLIERS REMOVED (winning trades > $2,000)  —  AAPL PUTS re-optimized
██████████████████████████████████████████████████████████████████████████████████████
  (chosen frames had no winning outliers)
======================================================================================
  AAPL PUTS
======================================================================================
  Optimal entry frame : 9:30–9:35 AM   (5 min)
  Optimal exit frame  : 9:42–9:49 AM   (7 min)
  Data source         : REAL prices

  Date           Strike  Src  Qty       Entry frame    Buy$        Exit frame   Sell$   P&L/sh      P&L $  Result
  ------------ -------- ---- ---- ----------------- ------- ----------------- ------- -------- ----------  ------
  2024-07-11      232.5 REAL    1      9:30–9:35 AM    1.98      9:42–9:49 AM    1.96   -0.015     $-1.51  LOSS
  2024-07-18      230.0 REAL    1      9:30–9:35 AM    1.97      9:42–9:49 AM    2.38   +0.411    $+41.11  WIN 
  2024-07-25      220.0 REAL    1      9:30–9:35 AM    2.17      9:42–9:49 AM    3.00   +0.834    $+83.43  WIN 
  2024-08-01      225.0 REAL    1      9:30–9:35 AM    5.11      9:42–9:49 AM    5.26   +0.147    $+14.67  WIN 
  2024-08-08      212.5 REAL    1      9:30–9:35 AM    2.01      9:42–9:49 AM    3.46   +1.453   $+145.34  WIN 
  2024-08-15      225.0 REAL    1      9:30–9:35 AM    2.23      9:42–9:49 AM    2.31   +0.080     $+8.03  WIN 
  2024-08-22      227.5 REAL    1      9:30–9:35 AM    1.49      9:42–9:49 AM    1.49   +0.003     $+0.29  WIN 
  2024-08-29      230.0 REAL    1      9:30–9:35 AM    1.57      9:42–9:49 AM    1.02   -0.548    $-54.77  LOSS
  2024-09-05      222.5 REAL    1      9:30–9:35 AM    1.69      9:42–9:49 AM    1.54   -0.151    $-15.09  LOSS
  2024-09-12      222.5 REAL    1      9:30–9:35 AM    2.02      9:42–9:49 AM    2.54   +0.524    $+52.43  WIN 
  2024-09-19      225.0 REAL    1      9:30–9:35 AM    1.67      9:42–9:49 AM    1.09   -0.577    $-57.71  LOSS
  2024-09-26      227.5 REAL    1      9:30–9:35 AM    1.81      9:42–9:49 AM    2.17   +0.364    $+36.43  WIN 
  2024-10-03      225.0 REAL    1      9:30–9:35 AM    1.44      9:42–9:49 AM    1.17   -0.268    $-26.80  LOSS
  2024-10-10      227.5 REAL    1      9:30–9:35 AM    1.18      9:42–9:49 AM    1.26   +0.081     $+8.09  WIN 
  2024-10-17      232.5 REAL    1      9:30–9:35 AM    1.41      9:42–9:49 AM    1.82   +0.410    $+41.00  WIN 
  2024-10-24      230.0 REAL    1      9:30–9:35 AM    2.04      9:42–9:49 AM    1.89   -0.147    $-14.66  LOSS
  2024-10-31      230.0 REAL    1      9:30–9:35 AM    4.96      9:42–9:49 AM    4.70   -0.255    $-25.51  LOSS
  2024-11-07      225.0 REAL    1      9:30–9:35 AM    1.12      9:42–9:49 AM    1.15   +0.034     $+3.43  WIN 
  2024-11-14      225.0 REAL    2      9:30–9:35 AM    0.87      9:42–9:49 AM    0.82   -0.049     $-9.83  LOSS
  2024-11-21      230.0 REAL    1      9:30–9:35 AM    1.93      9:42–9:49 AM    2.85   +0.911    $+91.10  WIN 
  2024-11-28        0.0 MISS    —      9:30–9:35 AM       —      9:42–9:49 AM       —        —          —  skip
  2024-12-05      245.0 REAL    1      9:30–9:35 AM    1.72      9:42–9:49 AM    2.29   +0.571    $+57.06  WIN 
  2024-12-12      247.5 REAL    1      9:30–9:35 AM    1.63      9:42–9:49 AM    2.09   +0.460    $+45.95  WIN 
  2024-12-19      247.5 REAL    1      9:30–9:35 AM    1.50      9:42–9:49 AM    1.15   -0.351    $-35.14  LOSS
  2024-12-26      260.0 REAL    1      9:30–9:35 AM    1.51      9:42–9:49 AM    1.52   +0.014     $+1.40  WIN 
  2025-01-02      247.5 REAL    1      9:30–9:35 AM    1.75      9:42–9:49 AM    2.95   +1.203   $+120.34  WIN 
  2025-01-09        0.0 MISS    —      9:30–9:35 AM       —      9:42–9:49 AM       —        —          —  skip
  2025-01-16      237.5 REAL    1      9:30–9:35 AM    1.71      9:42–9:49 AM    2.17   +0.464    $+46.40  WIN 
  2025-01-23      225.0 REAL    1      9:30–9:35 AM    1.46      9:42–9:49 AM    1.74   +0.272    $+27.17  WIN 
  2025-01-30      240.0 REAL    1      9:30–9:35 AM    5.15      9:42–9:49 AM    5.40   +0.244    $+24.37  WIN 
  2025-02-06      232.5 REAL    1      9:30–9:35 AM    2.43      9:42–9:49 AM    1.28   -1.156   $-115.63  LOSS
  2025-02-13      237.5 REAL    1      9:30–9:35 AM    1.32      9:42–9:49 AM    2.13   +0.811    $+81.06  WIN 
  2025-02-20      245.0 REAL    1      9:30–9:35 AM    1.14      9:42–9:49 AM    1.05   -0.095     $-9.54  LOSS
  2025-02-27      240.0 REAL    1      9:30–9:35 AM    2.01      9:42–9:49 AM    1.54   -0.473    $-47.29  LOSS
  2025-03-06      235.0 REAL    1      9:30–9:35 AM    2.96      9:42–9:49 AM    2.49   -0.471    $-47.14  LOSS
  2025-03-13      215.0 REAL    1      9:30–9:35 AM    2.62      9:42–9:49 AM    2.05   -0.571    $-57.06  LOSS
  2025-03-20      212.5 REAL    1      9:30–9:35 AM    1.53      9:42–9:49 AM    1.11   -0.425    $-42.49  LOSS
  2025-03-27      222.5 REAL    1      9:30–9:35 AM    2.35      9:42–9:49 AM    2.39   +0.043     $+4.26  WIN 
  2025-04-03      207.5 REAL    1      9:30–9:35 AM    3.60      9:42–9:49 AM    5.83   +2.229   $+222.94  WIN 
  2025-04-10      190.0 REAL    1      9:30–9:35 AM    4.06      9:42–9:49 AM    3.09   -0.973    $-97.26  LOSS
  2025-04-17      195.0 REAL    1      9:30–9:35 AM    1.43      9:42–9:49 AM    1.49   +0.056     $+5.57  WIN 
  2025-04-24      205.0 REAL    1      9:30–9:35 AM    2.69      9:42–9:49 AM    2.55   -0.135    $-13.46  LOSS
  2025-05-01      210.0 REAL    1      9:30–9:35 AM    4.43      9:42–9:49 AM    4.02   -0.402    $-40.17  LOSS
  2025-05-08      200.0 REAL    1      9:30–9:35 AM    3.59      9:42–9:49 AM    4.21   +0.620    $+61.97  WIN 
  2025-05-15      210.0 REAL    1      9:30–9:35 AM    1.20      9:42–9:49 AM    1.35   +0.149    $+14.91  WIN 
  2025-05-22      200.0 REAL    1      9:30–9:35 AM    1.80      9:42–9:49 AM    1.76   -0.040     $-4.00  LOSS
  2025-05-29      202.5 REAL    1      9:30–9:35 AM    1.70      9:42–9:49 AM    2.03   +0.326    $+32.60  WIN 
  2025-06-05      202.5 REAL    1      9:30–9:35 AM    1.50      9:42–9:49 AM    1.56   +0.052     $+5.17  WIN 
  2025-06-12      200.0 REAL    1      9:30–9:35 AM    2.58      9:42–9:49 AM    2.73   +0.149    $+14.94  WIN 
  2025-06-19        0.0 MISS    —      9:30–9:35 AM       —      9:42–9:49 AM       —        —          —  skip
  2025-06-26      202.5 REAL    1      9:30–9:35 AM    1.58      9:42–9:49 AM    2.98   +1.401   $+140.06  WIN 
  2025-07-03      212.5 REAL    1      9:30–9:35 AM    1.04      9:42–9:49 AM    0.52   -0.519    $-51.94  LOSS
  2025-07-10      210.0 REAL    1      9:30–9:35 AM    1.17      9:42–9:49 AM    1.02   -0.147    $-14.71  LOSS
  2025-07-17      210.0 REAL    1      9:30–9:35 AM    1.20      9:42–9:49 AM    1.17   -0.027     $-2.66  LOSS
  2025-07-24      215.0 REAL    1      9:30–9:35 AM    1.68      9:42–9:49 AM    1.68   +0.002     $+0.23  WIN 
  2025-07-31      207.5 REAL    1      9:30–9:35 AM    3.81      9:42–9:49 AM    3.75   -0.058     $-5.77  LOSS
  2025-08-07      217.5 REAL    1      9:30–9:35 AM    1.90      9:42–9:49 AM    1.34   -0.559    $-55.94  LOSS
  2025-08-14      235.0 REAL    1      9:30–9:35 AM    2.68      9:42–9:49 AM    2.52   -0.163    $-16.26  LOSS
  2025-08-21      225.0 REAL    1      9:30–9:35 AM    1.76      9:42–9:49 AM    1.59   -0.166    $-16.60  LOSS
  2025-08-28      230.0 REAL    1      9:30–9:35 AM    1.59      9:42–9:49 AM    1.42   -0.174    $-17.43  LOSS
  2025-09-04      237.5 REAL    1      9:30–9:35 AM    1.47      9:42–9:49 AM    1.16   -0.305    $-30.51  LOSS
  2025-09-11      227.5 REAL    1      9:30–9:35 AM    1.72      9:42–9:49 AM    1.27   -0.452    $-45.20  LOSS
  2025-09-18      240.0 REAL    1      9:30–9:35 AM    1.69      9:42–9:49 AM    2.61   +0.919    $+91.89  WIN 
  2025-09-25      252.5 REAL    1      9:30–9:35 AM    1.86      9:42–9:49 AM    1.64   -0.217    $-21.71  LOSS
  2025-10-02      257.5 REAL    1      9:30–9:35 AM    2.16      9:42–9:49 AM    3.29   +1.135   $+113.54  WIN 
  2025-10-09      257.5 REAL    1      9:30–9:35 AM    1.92      9:42–9:49 AM    2.62   +0.695    $+69.51  WIN 
  2025-10-16      247.5 REAL    1      9:30–9:35 AM    1.98      9:42–9:49 AM    1.54   -0.442    $-44.23  LOSS
  2025-10-23      260.0 REAL    1      9:30–9:35 AM    2.20      9:42–9:49 AM    2.45   +0.247    $+24.71  WIN 
  2025-10-30      272.5 REAL    1      9:30–9:35 AM    4.60      9:42–9:49 AM    5.38   +0.783    $+78.33  WIN 
  2025-11-06      267.5 REAL    1      9:30–9:35 AM    1.43      9:42–9:49 AM    1.21   -0.225    $-22.54  LOSS
  2025-11-13      275.0 REAL    1      9:30–9:35 AM    2.20      9:42–9:49 AM    1.47   -0.735    $-73.49  LOSS
  2025-11-20      272.5 REAL    1      9:30–9:35 AM    1.67      9:42–9:49 AM    1.02   -0.658    $-65.83  LOSS
  2025-11-27        0.0 MISS    —      9:30–9:35 AM       —      9:42–9:49 AM       —        —          —  skip
  2025-12-04      285.0 REAL    1      9:30–9:35 AM    2.15      9:42–9:49 AM    2.94   +0.789    $+78.91  WIN 
  2025-12-11      277.5 REAL    1      9:30–9:35 AM    1.14      9:42–9:49 AM    2.95   +1.815   $+181.49  WIN 
  2025-12-18      272.5 REAL    1      9:30–9:35 AM    2.59      9:42–9:49 AM    4.24   +1.653   $+165.34  WIN 
  2025-12-25        0.0 MISS    —      9:30–9:35 AM       —      9:42–9:49 AM       —        —          —  skip
  2026-01-01        0.0 MISS    —      9:30–9:35 AM       —      9:42–9:49 AM       —        —          —  skip
  2026-01-08      257.5 REAL    1      9:30–9:35 AM    1.98      9:42–9:49 AM    2.37   +0.387    $+38.71  WIN 
  2026-01-15      260.0 REAL    1      9:30–9:35 AM    1.47      9:42–9:49 AM    1.42   -0.042     $-4.17  LOSS
  2026-01-22      250.0 REAL    1      9:30–9:35 AM    2.01      9:42–9:49 AM    1.93   -0.077     $-7.71  LOSS
  2026-01-29      260.0 REAL    1      9:30–9:35 AM    5.76      9:42–9:49 AM    6.87   +1.111   $+111.13  WIN 
  2026-02-05      277.5 REAL    1      9:30–9:35 AM    3.12      9:42–9:49 AM    4.52   +1.397   $+139.74  WIN 
  2026-02-12      275.0 REAL    1      9:30–9:35 AM    3.11      9:42–9:49 AM    3.47   +0.363    $+36.34  WIN 
  2026-02-19      262.5 REAL    1      9:30–9:35 AM    1.69      9:42–9:49 AM    1.67   -0.021     $-2.11  LOSS
  2026-02-26      275.0 REAL    1      9:30–9:35 AM    2.08      9:42–9:49 AM    2.24   +0.159    $+15.94  WIN 
  2026-03-05      260.0 REAL    1      9:30–9:35 AM    2.11      9:42–9:49 AM    2.43   +0.321    $+32.06  WIN 
  2026-03-12      257.5 REAL    1      9:30–9:35 AM    1.78      9:42–9:49 AM    2.48   +0.700    $+70.03  WIN 
  2026-03-19      247.5 REAL    1      9:30–9:35 AM    1.74      9:42–9:49 AM    1.03   -0.715    $-71.54  LOSS
  2026-03-26      252.5 REAL    1      9:30–9:35 AM    2.46      9:42–9:49 AM    2.11   -0.342    $-34.17  LOSS
  2026-04-02      252.5 REAL    1      9:30–9:35 AM    1.18      9:42–9:49 AM    1.97   +0.791    $+79.11  WIN 
  2026-04-09      260.0 REAL    1      9:30–9:35 AM    2.41      9:42–9:49 AM    2.80   +0.392    $+39.20  WIN 
  2026-04-16      265.0 REAL    1      9:30–9:35 AM    2.11      9:42–9:49 AM    3.45   +1.340   $+134.03  WIN 
  2026-04-23      275.0 REAL    1      9:30–9:35 AM    2.13      9:42–9:49 AM    2.77   +0.633    $+63.31  WIN 
  2026-04-30      270.0 REAL    1      9:30–9:35 AM    5.28      9:42–9:49 AM    5.32   +0.041     $+4.14  WIN 
  2026-05-07      290.0 REAL    1      9:30–9:35 AM    2.54      9:42–9:49 AM    2.28   -0.259    $-25.91  LOSS
  2026-05-14      300.0 REAL    1      9:30–9:35 AM    3.27      9:42–9:49 AM    3.43   +0.163    $+16.34  WIN 
  2026-05-21      302.5 REAL    1      9:30–9:35 AM    2.56      9:42–9:49 AM    2.15   -0.416    $-41.63  LOSS
  2026-05-28      310.0 REAL    1      9:30–9:35 AM    1.95      9:42–9:49 AM    1.40   -0.549    $-54.91  LOSS
  2026-06-04      312.5 REAL    1      9:30–9:35 AM    2.90      9:42–9:49 AM    2.51   -0.395    $-39.49  LOSS
  2026-06-11      292.5 REAL    1      9:30–9:35 AM    2.96      9:42–9:49 AM    2.41   -0.550    $-55.03  LOSS
  2026-06-18      300.0 REAL    1      9:30–9:35 AM    1.99      9:42–9:49 AM    3.03   +1.044   $+104.40  WIN 
  2026-06-25      287.5 REAL    1      9:30–9:35 AM    3.17      9:42–9:49 AM    8.93   +5.764   $+576.43  WIN 
  2026-07-02      297.5 REAL    1      9:30–9:35 AM    1.50      9:42–9:49 AM    0.47   -1.023   $-102.31  LOSS

  SUMMARY (optimal frames)  trades: 98   wins: 53/98   win rate: 54.1%   total P&L: $+2,057.52   avg/trade: $+21.00
           best day: $+576.43   worst day: $-115.63   skipped (no data): 6
           premium spent: $21,736.73   return on spend: +9.5%

  AAPL PUTS — HEATMAPS   (entry-frame start ↓  exit-frame start →   cyan = chosen optimal)

  Each cell = best frame pair starting in that 30-min bucket (best over all durations).

  1) WIN RATE %  (wins ÷ trades)
    Entry |   9:30  10:00  10:30  11:00  11:30  12:00  12:30   1:00   1:30   2:00   2:30   3:00   3:30
  --------+-------------------------------------------------------------------------------------------
     9:30 |    55%    50%    42%    40%    39%    41%    42%    42%    42%    40%    43%    39%    40%
    10:00 |      ·    51%    52%    43%    42%    42%    43%    40%    40%    39%    38%    41%    43%
    10:30 |      ·      ·    57%    44%    47%    46%    47%    41%    40%    39%    37%    36%    38%
    11:00 |      ·      ·      ·    45%    53%    45%    45%    40%    45%    43%    39%    35%    37%
    11:30 |      ·      ·      ·      ·    47%    47%    48%    44%    43%    43%    47%    36%    39%
    12:00 |      ·      ·      ·      ·      ·    48%    48%    47%    45%    44%    49%    37%    38%
    12:30 |      ·      ·      ·      ·      ·      ·    53%    54%    46%    44%    50%    44%    36%
     1:00 |      ·      ·      ·      ·      ·      ·      ·    49%    52%    49%    49%    41%    43%
     1:30 |      ·      ·      ·      ·      ·      ·      ·      ·    58%    49%    44%    42%    44%
     2:00 |      ·      ·      ·      ·      ·      ·      ·      ·      ·    38%    51%    43%    44%
     2:30 |      ·      ·      ·      ·      ·      ·      ·      ·      ·      ·    52%    51%    45%
     3:00 |      ·      ·      ·      ·      ·      ·      ·      ·      ·      ·      ·    55%    50%
     3:30 |      ·      ·      ·      ·      ·      ·      ·      ·      ·      ·      ·      ·    51%

  2) WIN COUNT  (number of winning trades)
    Entry |   9:30  10:00  10:30  11:00  11:30  12:00  12:30   1:00   1:30   2:00   2:30   3:00   3:30
  --------+-------------------------------------------------------------------------------------------
     9:30 |     54     49     41     39     38     40     41     41     40     39     42     38     39
    10:00 |      ·     50     51     42     41     41     42     39     38     38     37     40     42
    10:30 |      ·      ·     56     43     46     45     46     40     39     38     36     35     37
    11:00 |      ·      ·      ·     44     51     44     44     38     43     42     37     34     36
    11:30 |      ·      ·      ·      ·     46     46     46     42     41     42     45     35     37
    12:00 |      ·      ·      ·      ·      ·     47     47     45     43     42     47     35     36
    12:30 |      ·      ·      ·      ·      ·      ·     50     51     44     41     48     42     35
     1:00 |      ·      ·      ·      ·      ·      ·      ·     47     50     48     47     40     42
     1:30 |      ·      ·      ·      ·      ·      ·      ·      ·     56     47     42     40     41
     2:00 |      ·      ·      ·      ·      ·      ·      ·      ·      ·     36     47     41     42
     2:30 |      ·      ·      ·      ·      ·      ·      ·      ·      ·      ·     48     49     44
     3:00 |      ·      ·      ·      ·      ·      ·      ·      ·      ·      ·      ·     53     48
     3:30 |      ·      ·      ·      ·      ·      ·      ·      ·      ·      ·      ·      ·     49

  3a) AVG P&L PER TRADE  ($ per contract)
    Entry |   9:30  10:00  10:30  11:00  11:30  12:00  12:30   1:00   1:30   2:00   2:30   3:00   3:30
  --------+-------------------------------------------------------------------------------------------
     9:30 |    +20    +19    +16    +18    +21    +22    +25    +23    +23    +22    +15    +19    +22
    10:00 |      ·     +3     +6     +7     +9    +11    +13    +11    +12     +9     +4     +6    +10
    10:30 |      ·      ·     +9    +12    +14    +16    +19    +16    +18    +16    +10    +14    +17
    11:00 |      ·      ·      ·     +5     +8     +9    +12    +10     +9     +6     +2     +4     +7
    11:30 |      ·      ·      ·      ·     +5     +7    +11     +7     +6     +4     -6     +3     +6
    12:00 |      ·      ·      ·      ·      ·     +6     +9     +5     +4     +2     -7     +1     +4
    12:30 |      ·      ·      ·      ·      ·      ·     +6     +5     +1     +0     -7     -8     +1
     1:00 |      ·      ·      ·      ·      ·      ·      ·     +2     +6     +3     -3     +1     +4
     1:30 |      ·      ·      ·      ·      ·      ·      ·      ·     +6     +4     +0     +3     +7
     2:00 |      ·      ·      ·      ·      ·      ·      ·      ·      ·     +2     +2     +5     +8
     2:30 |      ·      ·      ·      ·      ·      ·      ·      ·      ·      ·     +1     +5     +8
     3:00 |      ·      ·      ·      ·      ·      ·      ·      ·      ·      ·      ·     +7     +9
     3:30 |      ·      ·      ·      ·      ·      ·      ·      ·      ·      ·      ·      ·     +5

  3b) TOTAL P&L  ($ per contract, summed over all Thursdays)
    Entry |    9:30   10:00   10:30   11:00   11:30   12:00   12:30    1:00    1:30    2:00    2:30    3:00    3:30
  --------+--------------------------------------------------------------------------------------------------------
     9:30 |   +1971   +1855   +1599   +1789   +2014   +2194   +2454   +2207   +2211   +2097   +1466   +1834   +2140
    10:00 |       ·    +295    +614    +689    +857   +1051   +1321   +1051   +1143    +880    +391    +625    +928
    10:30 |       ·       ·    +931   +1166   +1380   +1604   +1867   +1565   +1716   +1534   +1006   +1344   +1638
    11:00 |       ·       ·       ·    +523    +749    +926   +1172    +913    +827    +585    +221    +422    +669
    11:30 |       ·       ·       ·       ·    +503    +673   +1087    +660    +611    +347    -602    +294    +561
    12:00 |       ·       ·       ·       ·       ·    +546    +860    +494    +382    +215    -636    +126    +396
    12:30 |       ·       ·       ·       ·       ·       ·    +611    +440     +89     +25    -683    -814     +71
     1:00 |       ·       ·       ·       ·       ·       ·       ·    +190    +537    +301    -284    +106    +383
     1:30 |       ·       ·       ·       ·       ·       ·       ·       ·    +576    +430      +7    +302    +649
     2:00 |       ·       ·       ·       ·       ·       ·       ·       ·       ·    +164    +195    +516    +779
     2:30 |       ·       ·       ·       ·       ·       ·       ·       ·       ·       ·     +56    +525    +794
     3:00 |       ·       ·       ·       ·       ·       ·       ·       ·       ·       ·       ·    +647    +912
     3:30 |       ·       ·       ·       ·       ·       ·       ·       ·       ·       ·       ·       ·    +469

──────────────────────────────────────────────────────────────────────────────────────
  AAPL PUTS — TOP 15 FRAME PAIRS (by win_rate × avg payoff)
──────────────────────────────────────────────────────────────────────────────────────
   #        Entry frame         Exit frame  Trades   Wins    Win%    Avg P&L     Total P&L
  --  -----------------  -----------------  ------  -----  ------  ---------  ------------
   1       9:30–9:35 AM       9:40–9:50 AM      98     54  55.1%    $+20.11    $+1,970.90
   2       9:30–9:35 AM       9:40–9:45 AM      98     52  53.1%    $+20.57    $+2,015.42
   3       9:30–9:35 AM       9:45–9:50 AM      98     52  53.1%    $+19.76    $+1,936.67
   4       9:30–9:35 AM      12:45–1:00 PM      98     41  41.8%    $+25.04    $+2,453.62
   5       9:30–9:35 AM      12:50–1:05 PM      98     40  40.8%    $+25.49    $+2,498.43
   6       9:30–9:35 AM      12:45–1:05 PM      98     41  41.8%    $+24.83    $+2,433.44
   7       9:30–9:35 AM     12:45–12:55 PM      98     41  41.8%    $+24.70    $+2,420.16
   8       9:30–9:35 AM       9:40–9:55 AM      98     53  54.1%    $+18.42    $+1,805.30
   9       9:30–9:35 AM      12:40–1:00 PM      98     41  41.8%    $+23.81    $+2,333.35
  10       9:30–9:35 AM      12:35–1:05 PM      98     41  41.8%    $+23.44    $+2,296.72
  11       9:30–9:35 AM     12:40–12:55 PM      98     41  41.8%    $+23.20    $+2,273.47
  12       9:30–9:35 AM       1:15–1:25 PM      97     41  42.3%    $+22.76    $+2,207.47
  13       9:30–9:35 AM      9:40–10:00 AM      98     52  53.1%    $+18.09    $+1,772.57
  14       9:30–9:35 AM       1:50–1:55 PM      96     40  41.7%    $+23.03    $+2,210.95
  15       9:30–9:35 AM      9:45–10:15 AM      98     54  55.1%    $+17.32    $+1,697.01

──────────────────────────────────────────────────────────────────────────────────────
  Saved CSV: C:\actions-runner\_work\EoD_OptionTrading\EoD_OptionTrading\results\thursday-intraday\backtest_thursday_intraday_timeframe_puts_730days_2026-07-09_1404.csv
  Saved TXT: C:\actions-runner\_work\EoD_OptionTrading\EoD_OptionTrading\results\thursday-intraday\backtest_thursday_intraday_timeframe_puts_730days_2026-07-09_1404.txt
  Saved TXT (outliers removed): C:\actions-runner\_work\EoD_OptionTrading\EoD_OptionTrading\results\thursday-intraday\backtest_thursday_intraday_timeframe_puts_730days_2026-07-09_1404_outliers_removed.txt
──────────────────────────────────────────────────────────────────────────────────────


██████████████████████████████████████████████████████████████████████████████████████
  TSLA CALLS
██████████████████████████████████████████████████████████████████████████████████████
======================================================================================
  TSLA CALLS
======================================================================================
  Optimal entry frame : 12:31–12:36 PM   (5 min)
  Optimal exit frame  : 1:00–1:15 PM   (15 min)
  Data source         : REAL prices

  Date           Strike  Src  Qty       Entry frame    Buy$        Exit frame   Sell$   P&L/sh      P&L $  Result
  ------------ -------- ---- ---- ----------------- ------- ----------------- ------- -------- ----------  ------
  2024-07-11      265.0 REAL    3    12:31–12:36 PM    0.49      1:00–1:15 PM    0.36   -0.134    $-40.20  LOSS
  2024-07-18      252.5 REAL    1    12:31–12:36 PM    5.04      1:00–1:15 PM    5.98   +0.939    $+93.89  WIN 
  2024-07-25      220.0 REAL    1    12:31–12:36 PM    6.14      1:00–1:15 PM    6.49   +0.351    $+35.13  WIN 
  2024-08-01      227.5 REAL    1    12:31–12:36 PM    1.19      1:00–1:15 PM    0.94   -0.251    $-25.07  LOSS
  2024-08-08      195.0 REAL    1    12:31–12:36 PM    4.07      1:00–1:15 PM    4.76   +0.692    $+69.17  WIN 
  2024-08-15      207.5 REAL    1    12:31–12:36 PM    7.25      1:00–1:15 PM    6.80   -0.453    $-45.30  LOSS
  2024-08-22      225.0 REAL    2    12:31–12:36 PM    0.64      1:00–1:15 PM    0.54   -0.108    $-21.60  LOSS
  2024-08-29      210.0 REAL    1    12:31–12:36 PM    4.13      1:00–1:15 PM    3.65   -0.478    $-47.80  LOSS
  2024-09-05      222.5 REAL    1    12:31–12:36 PM    8.53      1:00–1:15 PM    7.37   -1.159   $-115.93  LOSS
  2024-09-12      225.0 REAL    1    12:31–12:36 PM    5.27      1:00–1:15 PM    5.84   +0.572    $+57.21  WIN 
  2024-09-19      232.5 REAL    1    12:31–12:36 PM   10.81      1:00–1:15 PM   11.03   +0.215    $+21.48  WIN 
  2024-09-26      260.0 REAL    1    12:31–12:36 PM    1.13      1:00–1:15 PM    0.88   -0.243    $-24.33  LOSS
  2024-10-03      245.0 REAL    1    12:31–12:36 PM    2.34      1:00–1:15 PM    1.65   -0.687    $-68.67  LOSS
  2024-10-10      240.0 REAL    1    12:31–12:36 PM    7.93      1:00–1:15 PM    8.65   +0.727    $+72.73  WIN 
  2024-10-17      220.0 REAL    1    12:31–12:36 PM    1.88      1:00–1:15 PM    2.17   +0.295    $+29.53  WIN 
  2024-10-24      242.5 REAL    1    12:31–12:36 PM   12.98      1:00–1:15 PM   15.12   +2.141   $+214.13  WIN 
  2024-10-31      260.0 REAL    2    12:31–12:36 PM    0.84      1:00–1:15 PM    0.78   -0.055    $-11.07  LOSS
  2024-11-07      287.5 REAL    1    12:31–12:36 PM   12.33      1:00–1:15 PM   11.10   -1.226   $-122.60  LOSS
  2024-11-14      325.0 REAL    1    12:31–12:36 PM    3.21      1:00–1:15 PM    3.24   +0.027     $+2.67  WIN 
  2024-11-21      345.0 REAL    1    12:31–12:36 PM    4.63      1:00–1:15 PM    4.50   -0.131    $-13.13  LOSS
  2024-11-28        0.0 MISS    —    12:31–12:36 PM       —      1:00–1:15 PM       —        —          —  skip
  2024-12-05      365.0 REAL    1    12:31–12:36 PM    8.67      1:00–1:15 PM    9.61   +0.936    $+93.60  WIN 
  2024-12-12      425.0 REAL    1    12:31–12:36 PM    4.83      1:00–1:15 PM    4.91   +0.081     $+8.07  WIN 
  2024-12-19      452.5 REAL    1    12:31–12:36 PM    1.64      1:00–1:15 PM    2.21   +0.574    $+57.40  WIN 
  2024-12-26      462.5 REAL    1    12:31–12:36 PM    4.43      1:00–1:15 PM    4.18   -0.253    $-25.27  LOSS
  2025-01-02      390.0 REAL    1    12:31–12:36 PM    2.44      1:00–1:15 PM    1.78   -0.662    $-66.20  LOSS
  2025-01-09        0.0 MISS    —    12:31–12:36 PM       —      1:00–1:15 PM       —        —          —  skip
  2025-01-16      420.0 REAL    1    12:31–12:36 PM    3.39      1:00–1:15 PM    4.02   +0.629    $+62.87  WIN 
  2025-01-23      417.5 REAL    1    12:31–12:36 PM    2.91      1:00–1:15 PM    3.21   +0.301    $+30.09  WIN 
  2025-01-30      410.0 REAL    1    12:31–12:36 PM    2.75      1:00–1:15 PM    5.90   +3.150   $+315.00  WIN 
  2025-02-06      375.0 REAL    1    12:31–12:36 PM    2.93      1:00–1:15 PM    2.81   -0.120    $-12.00  LOSS
  2025-02-13      345.0 REAL    1    12:31–12:36 PM    7.74      1:00–1:15 PM    8.71   +0.971    $+97.13  WIN 
  2025-02-20      360.0 REAL    1    12:31–12:36 PM    2.01      1:00–1:15 PM    1.61   -0.404    $-40.40  LOSS
  2025-02-27      292.5 REAL    1    12:31–12:36 PM    3.02      1:00–1:15 PM    4.33   +1.304   $+130.40  WIN 
  2025-03-06      270.0 REAL    1    12:31–12:36 PM    3.73      1:00–1:15 PM    3.48   -0.255    $-25.47  LOSS
  2025-03-13      245.0 REAL    1    12:31–12:36 PM    2.47      1:00–1:15 PM    2.32   -0.147    $-14.66  LOSS
  2025-03-20      232.5 REAL    1    12:31–12:36 PM    4.39      1:00–1:15 PM    5.59   +1.201   $+120.07  WIN 
  2025-03-27      275.0 REAL    1    12:31–12:36 PM    8.78      1:00–1:15 PM    7.60   -1.180   $-118.00  LOSS
  2025-04-03      267.5 REAL    1    12:31–12:36 PM    6.96      1:00–1:15 PM    7.62   +0.655    $+65.53  WIN 
  2025-04-10      260.0 REAL    1    12:31–12:36 PM    2.35      1:00–1:15 PM    2.53   +0.177    $+17.67  WIN 
  2025-04-17      242.5 REAL    1    12:31–12:36 PM    1.55      1:00–1:15 PM    1.00   -0.552    $-55.20  LOSS
  2025-04-24      250.0 REAL    1    12:31–12:36 PM    7.87      1:00–1:15 PM    7.87   +0.001     $+0.07  WIN 
  2025-05-01      282.5 REAL    1    12:31–12:36 PM    6.39      1:00–1:15 PM    6.48   +0.085     $+8.53  WIN 
  2025-05-08      282.5 REAL    1    12:31–12:36 PM    7.30      1:00–1:15 PM    7.00   -0.297    $-29.71  LOSS
  2025-05-15      337.5 REAL    1    12:31–12:36 PM    8.19      1:00–1:15 PM    9.94   +1.742   $+174.17  WIN 
  2025-05-22      332.5 REAL    1    12:31–12:36 PM   11.60      1:00–1:15 PM   12.32   +0.718    $+71.75  WIN 
  2025-05-29      365.0 REAL    1    12:31–12:36 PM    4.52      1:00–1:15 PM    3.96   -0.565    $-56.53  LOSS
  2025-06-05      325.0 REAL    1    12:31–12:36 PM    1.51      1:00–1:15 PM    0.76   -0.743    $-74.33  LOSS
  2025-06-12      322.5 REAL    1    12:31–12:36 PM    6.67      1:00–1:15 PM    6.11   -0.561    $-56.07  LOSS
  2025-06-19        0.0 MISS    —    12:31–12:36 PM       —      1:00–1:15 PM       —        —          —  skip
  2025-06-26      325.0 REAL    1    12:31–12:36 PM    6.60      1:00–1:15 PM    6.13   -0.468    $-46.80  LOSS
  2025-07-03      317.5 REAL    —    12:31–12:36 PM       —      1:00–1:15 PM       —        —          —  skip
  2025-07-10      302.5 REAL    1    12:31–12:36 PM    4.58      1:00–1:15 PM    3.51   -1.066   $-106.60  LOSS
  2025-07-17      322.5 REAL    1    12:31–12:36 PM    2.65      1:00–1:15 PM    2.69   +0.036     $+3.60  WIN 
  2025-07-24      307.5 REAL    1    12:31–12:36 PM    1.98      1:00–1:15 PM    2.10   +0.122    $+12.20  WIN 
  2025-07-31      320.0 REAL    1    12:31–12:36 PM    1.38      1:00–1:15 PM    1.08   -0.297    $-29.73  LOSS
  2025-08-07      320.0 REAL    1    12:31–12:36 PM    3.63      1:00–1:15 PM    2.65   -0.980    $-98.00  LOSS
  2025-08-14      335.0 REAL    1    12:31–12:36 PM    2.45      1:00–1:15 PM    2.57   +0.116    $+11.60  WIN 
  2025-08-21      322.5 REAL    1    12:31–12:36 PM    2.98      1:00–1:15 PM    2.75   -0.231    $-23.13  LOSS
  2025-08-28      352.5 REAL    2    12:31–12:36 PM    0.79      1:00–1:15 PM    0.94   +0.151    $+30.13  WIN 
  2025-09-04      335.0 REAL    1    12:31–12:36 PM    2.98      1:00–1:15 PM    3.33   +0.351    $+35.13  WIN 
  2025-09-11      350.0 REAL    1    12:31–12:36 PM   11.71      1:00–1:15 PM   13.14   +1.432   $+143.20  WIN 
  2025-09-18      427.5 REAL    1    12:31–12:36 PM    3.96      1:00–1:15 PM    4.90   +0.937    $+93.67  WIN 
  2025-09-25      432.5 REAL    1    12:31–12:36 PM    3.79      1:00–1:15 PM    3.64   -0.147    $-14.73  LOSS
  2025-10-02      470.0 REAL    1    12:31–12:36 PM    1.07      1:00–1:15 PM    0.86   -0.212    $-21.20  LOSS
  2025-10-09      430.0 REAL    1    12:31–12:36 PM    6.78      1:00–1:15 PM    6.00   -0.777    $-77.73  LOSS
  2025-10-16      435.0 REAL    1    12:31–12:36 PM    2.96      1:00–1:15 PM    3.63   +0.675    $+67.47  WIN 
  2025-10-23      420.0 REAL    1    12:31–12:36 PM   18.70      1:00–1:15 PM   26.87   +8.172   $+817.20  WIN 
  2025-10-30      450.0 REAL    1    12:31–12:36 PM    3.77      1:00–1:15 PM    3.46   -0.305    $-30.47  LOSS
  2025-11-06      457.5 REAL    1    12:31–12:36 PM    4.97      1:00–1:15 PM    5.32   +0.346    $+34.60  WIN 
  2025-11-13      422.5 REAL    1    12:31–12:36 PM    1.21      1:00–1:15 PM    0.98   -0.227    $-22.73  LOSS
  2025-11-20      415.0 REAL    1    12:31–12:36 PM    2.56      1:00–1:15 PM    3.01   +0.453    $+45.27  WIN 
  2025-11-27        0.0 MISS    —    12:31–12:36 PM       —      1:00–1:15 PM       —        —          —  skip
  2025-12-04      450.0 REAL    1    12:31–12:36 PM    4.44      1:00–1:15 PM    3.59   -0.850    $-85.00  LOSS
  2025-12-11      447.5 REAL    1    12:31–12:36 PM    3.73      1:00–1:15 PM    4.31   +0.580    $+58.00  WIN 
  2025-12-18      480.0 REAL    1    12:31–12:36 PM   11.36      1:00–1:15 PM   11.22   -0.143    $-14.33  LOSS
  2025-12-25        0.0 MISS    —    12:31–12:36 PM       —      1:00–1:15 PM       —        —          —  skip
  2026-01-01        0.0 MISS    —    12:31–12:36 PM       —      1:00–1:15 PM       —        —          —  skip
  2026-01-08      425.0 REAL    1    12:31–12:36 PM   12.13      1:00–1:15 PM   11.68   -0.441    $-44.13  LOSS
  2026-01-15      442.5 REAL    1    12:31–12:36 PM    4.06      1:00–1:15 PM    3.68   -0.386    $-38.60  LOSS
  2026-01-22      435.0 REAL    1    12:31–12:36 PM    6.68      1:00–1:15 PM   12.70   +6.021   $+602.07  WIN 
  2026-01-29      437.5 REAL    1    12:31–12:36 PM    1.31      1:00–1:15 PM    0.85   -0.462    $-46.20  LOSS
  2026-02-05      397.5 REAL    1    12:31–12:36 PM    6.56      1:00–1:15 PM    7.67   +1.113   $+111.33  WIN 
  2026-02-12      432.5 REAL    2    12:31–12:36 PM    0.76      1:00–1:15 PM    0.53   -0.230    $-46.00  LOSS
  2026-02-19      405.0 REAL    1    12:31–12:36 PM   10.09      1:00–1:15 PM    7.29   -2.801   $-280.13  LOSS
  2026-02-26      412.5 REAL    1    12:31–12:36 PM    1.72      1:00–1:15 PM    1.36   -0.359    $-35.93  LOSS
  2026-03-05      402.5 REAL    1    12:31–12:36 PM    4.19      1:00–1:15 PM    4.24   +0.052     $+5.20  WIN 
  2026-03-12      405.0 REAL    1    12:31–12:36 PM    2.15      1:00–1:15 PM    2.38   +0.227    $+22.73  WIN 
  2026-03-19      382.5 REAL    1    12:31–12:36 PM    3.77      1:00–1:15 PM    3.58   -0.187    $-18.67  LOSS
  2026-03-26      382.5 REAL    1    12:31–12:36 PM    1.94      1:00–1:15 PM    1.87   -0.071     $-7.13  LOSS
  2026-04-02      365.0 REAL    1    12:31–12:36 PM    1.49      1:00–1:15 PM    1.38   -0.111    $-11.13  LOSS
  2026-04-09      342.5 REAL    1    12:31–12:36 PM    6.75      1:00–1:15 PM    7.26   +0.510    $+51.00  WIN 
  2026-04-16      392.5 REAL    1    12:31–12:36 PM    2.70      1:00–1:15 PM    2.64   -0.053     $-5.27  LOSS
  2026-04-23      372.5 REAL    1    12:31–12:36 PM    9.73      1:00–1:15 PM    5.85   -3.881   $-388.10  LOSS
  2026-04-30      370.0 REAL    1    12:31–12:36 PM    9.20      1:00–1:15 PM    9.78   +0.577    $+57.73  WIN 
  2026-05-07      407.5 REAL    1    12:31–12:36 PM    4.72      1:00–1:15 PM    5.13   +0.405    $+40.53  WIN 
  2026-05-14      445.0 REAL    1    12:31–12:36 PM    8.39      1:00–1:15 PM    7.05   -1.338   $-133.80  LOSS
  2026-05-21      420.0 REAL    1    12:31–12:36 PM    3.69      1:00–1:15 PM    3.95   +0.265    $+26.47  WIN 
  2026-05-28      437.5 REAL    1    12:31–12:36 PM    6.60      1:00–1:15 PM    7.01   +0.410    $+41.05  WIN 
  2026-06-04      420.0 REAL    1    12:31–12:36 PM    4.26      1:00–1:15 PM    4.31   +0.045     $+4.53  WIN 
  2026-06-11      387.5 REAL    1    12:31–12:36 PM    5.99      1:00–1:15 PM    5.62   -0.367    $-36.73  LOSS
  2026-06-18      397.5 REAL    3    12:31–12:36 PM    0.42      1:00–1:15 PM    0.61   +0.193    $+58.00  WIN 
  2026-06-25      377.5 REAL    1    12:31–12:36 PM    2.85      1:00–1:15 PM    2.61   -0.242    $-24.20  LOSS
  2026-07-02      427.5 REAL  101    12:31–12:36 PM    0.01      1:00–1:15 PM    0.03   +0.015   $+151.50  WIN 

  SUMMARY (optimal frames)  trades: 97   wins: 48/97   win rate: 49.5%   total P&L: $+1,576.49   avg/trade: $+16.25
           best day: $+817.20   worst day: $-388.10   skipped (no data): 7
           premium spent: $47,089.25   return on spend: +3.3%

  TSLA CALLS — HEATMAPS   (entry-frame start ↓  exit-frame start →   cyan = chosen optimal)

  Each cell = best frame pair starting in that 30-min bucket (best over all durations).

  1) WIN RATE %  (wins ÷ trades)
    Entry |   9:30  10:00  10:30  11:00  11:30  12:00  12:30   1:00   1:30   2:00   2:30   3:00   3:30
  --------+-------------------------------------------------------------------------------------------
     9:30 |    47%    52%    48%    43%    40%    39%    36%    36%    38%    34%    33%    33%    34%
    10:00 |      ·    43%    44%    45%    43%    44%    40%    39%    39%    35%    34%    35%    35%
    10:30 |      ·      ·    45%    50%    47%    48%    45%    41%    41%    39%    36%    37%    39%
    11:00 |      ·      ·      ·    51%    49%    46%    44%    39%    41%    40%    38%    40%    39%
    11:30 |      ·      ·      ·      ·    54%    55%    45%    41%    40%    45%    41%    42%    43%
    12:00 |      ·      ·      ·      ·      ·    49%    48%    47%    40%    45%    39%    40%    41%
    12:30 |      ·      ·      ·      ·      ·      ·    48%    47%    41%    42%    40%    41%    41%
     1:00 |      ·      ·      ·      ·      ·      ·      ·    49%    51%    42%    40%    42%    43%
     1:30 |      ·      ·      ·      ·      ·      ·      ·      ·    51%    42%    44%    47%    44%
     2:00 |      ·      ·      ·      ·      ·      ·      ·      ·      ·    51%    42%    45%    48%
     2:30 |      ·      ·      ·      ·      ·      ·      ·      ·      ·      ·    51%    56%    50%
     3:00 |      ·      ·      ·      ·      ·      ·      ·      ·      ·      ·      ·    44%    41%
     3:30 |      ·      ·      ·      ·      ·      ·      ·      ·      ·      ·      ·      ·    55%

  2) WIN COUNT  (number of winning trades)
    Entry |   9:30  10:00  10:30  11:00  11:30  12:00  12:30   1:00   1:30   2:00   2:30   3:00   3:30
  --------+-------------------------------------------------------------------------------------------
     9:30 |     46     51     47     42     39     38     35     35     36     33     32     32     33
    10:00 |      ·     42     43     44     42     43     39     37     37     34     33     34     34
    10:30 |      ·      ·     44     49     46     47     44     39     40     37     35     36     37
    11:00 |      ·      ·      ·     50     48     45     43     37     40     38     37     39     38
    11:30 |      ·      ·      ·      ·     53     54     44     39     39     43     40     41     41
    12:00 |      ·      ·      ·      ·      ·     48     47     45     39     43     38     39     39
    12:30 |      ·      ·      ·      ·      ·      ·     47     46     40     40     39     40     40
     1:00 |      ·      ·      ·      ·      ·      ·      ·     47     49     40     39     40     41
     1:30 |      ·      ·      ·      ·      ·      ·      ·      ·     49     41     43     45     43
     2:00 |      ·      ·      ·      ·      ·      ·      ·      ·      ·     49     41     44     47
     2:30 |      ·      ·      ·      ·      ·      ·      ·      ·      ·      ·     49     54     48
     3:00 |      ·      ·      ·      ·      ·      ·      ·      ·      ·      ·      ·     43     39
     3:30 |      ·      ·      ·      ·      ·      ·      ·      ·      ·      ·      ·      ·     53

  3a) AVG P&L PER TRADE  ($ per contract)
    Entry |   9:30  10:00  10:30  11:00  11:30  12:00  12:30   1:00   1:30   2:00   2:30   3:00   3:30
  --------+-------------------------------------------------------------------------------------------
     9:30 |     -2     -9     -9    -25    -41    -50    -27    -21    -18    -35    -42    -46    -57
    10:00 |      ·     +5     +6     -7    -34    -25    -31    -22    -15    -23    -40    -43    -40
    10:30 |      ·      ·     +1     +5    -16    -27    -39    -30    -10    -22    -49    -27    -30
    11:00 |      ·      ·      ·     +6     -6    -25    -13     +3     +3    -17    -35    -28    -28
    11:30 |      ·      ·      ·      ·     -4     +1     +5     +9     +8    -14    -25    -23    -20
    12:00 |      ·      ·      ·      ·      ·     +0    +12    +15    +14    -13    -24    -22    -23
    12:30 |      ·      ·      ·      ·      ·      ·    +14    +16    +16     -1    -18    -16    -18
     1:00 |      ·      ·      ·      ·      ·      ·      ·     +3     +9    -16    -17    -19    -26
     1:30 |      ·      ·      ·      ·      ·      ·      ·      ·     +5    -25    -10     -4     +2
     2:00 |      ·      ·      ·      ·      ·      ·      ·      ·      ·     -4     +5     +6     +7
     2:30 |      ·      ·      ·      ·      ·      ·      ·      ·      ·      ·     +7     +8    +11
     3:00 |      ·      ·      ·      ·      ·      ·      ·      ·      ·      ·      ·     +6    +16
     3:30 |      ·      ·      ·      ·      ·      ·      ·      ·      ·      ·      ·      ·     +1

  3b) TOTAL P&L  ($ per contract, summed over all Thursdays)
    Entry |    9:30   10:00   10:30   11:00   11:30   12:00   12:30    1:00    1:30    2:00    2:30    3:00    3:30
  --------+--------------------------------------------------------------------------------------------------------
     9:30 |    -166    -875    -884   -2410   -4027   -4919   -2611   -2066   -1735   -3352   -4032   -4402   -5472
    10:00 |       ·    +452    +573    -639   -3309   -2475   -3031   -2107   -1430   -2256   -3911   -4206   -3797
    10:30 |       ·       ·    +129    +500   -1593   -2623   -3814   -2915    -928   -2152   -4743   -2659   -2896
    11:00 |       ·       ·       ·    +572    -601   -2457   -1311    +332    +246   -1654   -3399   -2722   -2761
    11:30 |       ·       ·       ·       ·    -361     +86    +504    +861    +732   -1343   -2441   -2229   -1960
    12:00 |       ·       ·       ·       ·       ·     +37   +1141   +1409   +1323   -1257   -2328   -2114   -2201
    12:30 |       ·       ·       ·       ·       ·       ·   +1326   +1564   +1531     -84   -1710   -1591   -1786
     1:00 |       ·       ·       ·       ·       ·       ·       ·    +315    +826   -1491   -1689   -1827   -2471
     1:30 |       ·       ·       ·       ·       ·       ·       ·       ·    +473   -2396    -983    -432    +161
     2:00 |       ·       ·       ·       ·       ·       ·       ·       ·       ·    -346    +443    +553    +723
     2:30 |       ·       ·       ·       ·       ·       ·       ·       ·       ·       ·    +647    +743   +1086
     3:00 |       ·       ·       ·       ·       ·       ·       ·       ·       ·       ·       ·    +557   +1552
     3:30 |       ·       ·       ·       ·       ·       ·       ·       ·       ·       ·       ·       ·     +62

──────────────────────────────────────────────────────────────────────────────────────
  TSLA CALLS — TOP 15 FRAME PAIRS (by win_rate × avg payoff)
──────────────────────────────────────────────────────────────────────────────────────
   #        Entry frame         Exit frame  Trades   Wins    Win%    Avg P&L     Total P&L
  --  -----------------  -----------------  ------  -----  ------  ---------  ------------
   1     12:30–12:35 PM       1:00–1:15 PM      97     46  47.4%    $+16.13    $+1,564.47
   2     12:30–12:35 PM       1:10–1:15 PM      96     45  46.9%    $+16.30    $+1,565.07
   3     12:30–12:35 PM       1:05–1:15 PM      96     45  46.9%    $+15.55    $+1,493.19
   4     12:30–12:35 PM       1:00–1:10 PM      97     46  47.4%    $+15.32    $+1,485.70
   5     12:30–12:35 PM       1:00–1:05 PM      97     48  49.5%    $+14.57    $+1,413.22
   6     12:25–12:35 PM       1:10–1:15 PM      96     45  46.9%    $+14.68    $+1,408.98
   7     12:25–12:35 PM       1:00–1:15 PM      97     48  49.5%    $+13.87    $+1,345.55
   8     12:30–12:40 PM       1:10–1:15 PM      96     43  44.8%    $+15.07    $+1,446.58
   9     12:30–12:35 PM       1:05–1:10 PM      96     44  45.8%    $+14.67    $+1,408.70
  10       3:10–3:15 PM       3:55–4:00 PM      95     39  41.1%    $+16.34    $+1,552.17
  11     12:30–12:35 PM       1:00–1:20 PM      97     45  46.4%    $+14.37    $+1,393.67
  12     12:30–12:40 PM       1:00–1:15 PM      97     43  44.3%    $+14.91    $+1,446.59
  13     12:30–12:40 PM       1:00–1:10 PM      97     45  46.4%    $+14.10    $+1,368.11
  14     12:25–12:35 PM       1:05–1:10 PM      96     48  50.0%    $+13.05    $+1,252.62
  15     12:30–12:35 PM       1:40–1:45 PM      97     40  41.2%    $+15.78    $+1,531.02


██████████████████████████████████████████████████████████████████████████████████████
  OUTLIERS REMOVED (winning trades > $2,000)  —  TSLA CALLS re-optimized
██████████████████████████████████████████████████████████████████████████████████████
  (chosen frames had no winning outliers)
======================================================================================
  TSLA CALLS
======================================================================================
  Optimal entry frame : 12:31–12:36 PM   (5 min)
  Optimal exit frame  : 1:00–1:15 PM   (15 min)
  Data source         : REAL prices

  Date           Strike  Src  Qty       Entry frame    Buy$        Exit frame   Sell$   P&L/sh      P&L $  Result
  ------------ -------- ---- ---- ----------------- ------- ----------------- ------- -------- ----------  ------
  2024-07-11      265.0 REAL    3    12:31–12:36 PM    0.49      1:00–1:15 PM    0.36   -0.134    $-40.20  LOSS
  2024-07-18      252.5 REAL    1    12:31–12:36 PM    5.04      1:00–1:15 PM    5.98   +0.939    $+93.89  WIN 
  2024-07-25      220.0 REAL    1    12:31–12:36 PM    6.14      1:00–1:15 PM    6.49   +0.351    $+35.13  WIN 
  2024-08-01      227.5 REAL    1    12:31–12:36 PM    1.19      1:00–1:15 PM    0.94   -0.251    $-25.07  LOSS
  2024-08-08      195.0 REAL    1    12:31–12:36 PM    4.07      1:00–1:15 PM    4.76   +0.692    $+69.17  WIN 
  2024-08-15      207.5 REAL    1    12:31–12:36 PM    7.25      1:00–1:15 PM    6.80   -0.453    $-45.30  LOSS
  2024-08-22      225.0 REAL    2    12:31–12:36 PM    0.64      1:00–1:15 PM    0.54   -0.108    $-21.60  LOSS
  2024-08-29      210.0 REAL    1    12:31–12:36 PM    4.13      1:00–1:15 PM    3.65   -0.478    $-47.80  LOSS
  2024-09-05      222.5 REAL    1    12:31–12:36 PM    8.53      1:00–1:15 PM    7.37   -1.159   $-115.93  LOSS
  2024-09-12      225.0 REAL    1    12:31–12:36 PM    5.27      1:00–1:15 PM    5.84   +0.572    $+57.21  WIN 
  2024-09-19      232.5 REAL    1    12:31–12:36 PM   10.81      1:00–1:15 PM   11.03   +0.215    $+21.48  WIN 
  2024-09-26      260.0 REAL    1    12:31–12:36 PM    1.13      1:00–1:15 PM    0.88   -0.243    $-24.33  LOSS
  2024-10-03      245.0 REAL    1    12:31–12:36 PM    2.34      1:00–1:15 PM    1.65   -0.687    $-68.67  LOSS
  2024-10-10      240.0 REAL    1    12:31–12:36 PM    7.93      1:00–1:15 PM    8.65   +0.727    $+72.73  WIN 
  2024-10-17      220.0 REAL    1    12:31–12:36 PM    1.88      1:00–1:15 PM    2.17   +0.295    $+29.53  WIN 
  2024-10-24      242.5 REAL    1    12:31–12:36 PM   12.98      1:00–1:15 PM   15.12   +2.141   $+214.13  WIN 
  2024-10-31      260.0 REAL    2    12:31–12:36 PM    0.84      1:00–1:15 PM    0.78   -0.055    $-11.07  LOSS
  2024-11-07      287.5 REAL    1    12:31–12:36 PM   12.33      1:00–1:15 PM   11.10   -1.226   $-122.60  LOSS
  2024-11-14      325.0 REAL    1    12:31–12:36 PM    3.21      1:00–1:15 PM    3.24   +0.027     $+2.67  WIN 
  2024-11-21      345.0 REAL    1    12:31–12:36 PM    4.63      1:00–1:15 PM    4.50   -0.131    $-13.13  LOSS
  2024-11-28        0.0 MISS    —    12:31–12:36 PM       —      1:00–1:15 PM       —        —          —  skip
  2024-12-05      365.0 REAL    1    12:31–12:36 PM    8.67      1:00–1:15 PM    9.61   +0.936    $+93.60  WIN 
  2024-12-12      425.0 REAL    1    12:31–12:36 PM    4.83      1:00–1:15 PM    4.91   +0.081     $+8.07  WIN 
  2024-12-19      452.5 REAL    1    12:31–12:36 PM    1.64      1:00–1:15 PM    2.21   +0.574    $+57.40  WIN 
  2024-12-26      462.5 REAL    1    12:31–12:36 PM    4.43      1:00–1:15 PM    4.18   -0.253    $-25.27  LOSS
  2025-01-02      390.0 REAL    1    12:31–12:36 PM    2.44      1:00–1:15 PM    1.78   -0.662    $-66.20  LOSS
  2025-01-09        0.0 MISS    —    12:31–12:36 PM       —      1:00–1:15 PM       —        —          —  skip
  2025-01-16      420.0 REAL    1    12:31–12:36 PM    3.39      1:00–1:15 PM    4.02   +0.629    $+62.87  WIN 
  2025-01-23      417.5 REAL    1    12:31–12:36 PM    2.91      1:00–1:15 PM    3.21   +0.301    $+30.09  WIN 
  2025-01-30      410.0 REAL    1    12:31–12:36 PM    2.75      1:00–1:15 PM    5.90   +3.150   $+315.00  WIN 
  2025-02-06      375.0 REAL    1    12:31–12:36 PM    2.93      1:00–1:15 PM    2.81   -0.120    $-12.00  LOSS
  2025-02-13      345.0 REAL    1    12:31–12:36 PM    7.74      1:00–1:15 PM    8.71   +0.971    $+97.13  WIN 
  2025-02-20      360.0 REAL    1    12:31–12:36 PM    2.01      1:00–1:15 PM    1.61   -0.404    $-40.40  LOSS
  2025-02-27      292.5 REAL    1    12:31–12:36 PM    3.02      1:00–1:15 PM    4.33   +1.304   $+130.40  WIN 
  2025-03-06      270.0 REAL    1    12:31–12:36 PM    3.73      1:00–1:15 PM    3.48   -0.255    $-25.47  LOSS
  2025-03-13      245.0 REAL    1    12:31–12:36 PM    2.47      1:00–1:15 PM    2.32   -0.147    $-14.66  LOSS
  2025-03-20      232.5 REAL    1    12:31–12:36 PM    4.39      1:00–1:15 PM    5.59   +1.201   $+120.07  WIN 
  2025-03-27      275.0 REAL    1    12:31–12:36 PM    8.78      1:00–1:15 PM    7.60   -1.180   $-118.00  LOSS
  2025-04-03      267.5 REAL    1    12:31–12:36 PM    6.96      1:00–1:15 PM    7.62   +0.655    $+65.53  WIN 
  2025-04-10      260.0 REAL    1    12:31–12:36 PM    2.35      1:00–1:15 PM    2.53   +0.177    $+17.67  WIN 
  2025-04-17      242.5 REAL    1    12:31–12:36 PM    1.55      1:00–1:15 PM    1.00   -0.552    $-55.20  LOSS
  2025-04-24      250.0 REAL    1    12:31–12:36 PM    7.87      1:00–1:15 PM    7.87   +0.001     $+0.07  WIN 
  2025-05-01      282.5 REAL    1    12:31–12:36 PM    6.39      1:00–1:15 PM    6.48   +0.085     $+8.53  WIN 
  2025-05-08      282.5 REAL    1    12:31–12:36 PM    7.30      1:00–1:15 PM    7.00   -0.297    $-29.71  LOSS
  2025-05-15      337.5 REAL    1    12:31–12:36 PM    8.19      1:00–1:15 PM    9.94   +1.742   $+174.17  WIN 
  2025-05-22      332.5 REAL    1    12:31–12:36 PM   11.60      1:00–1:15 PM   12.32   +0.718    $+71.75  WIN 
  2025-05-29      365.0 REAL    1    12:31–12:36 PM    4.52      1:00–1:15 PM    3.96   -0.565    $-56.53  LOSS
  2025-06-05      325.0 REAL    1    12:31–12:36 PM    1.51      1:00–1:15 PM    0.76   -0.743    $-74.33  LOSS
  2025-06-12      322.5 REAL    1    12:31–12:36 PM    6.67      1:00–1:15 PM    6.11   -0.561    $-56.07  LOSS
  2025-06-19        0.0 MISS    —    12:31–12:36 PM       —      1:00–1:15 PM       —        —          —  skip
  2025-06-26      325.0 REAL    1    12:31–12:36 PM    6.60      1:00–1:15 PM    6.13   -0.468    $-46.80  LOSS
  2025-07-03      317.5 REAL    —    12:31–12:36 PM       —      1:00–1:15 PM       —        —          —  skip
  2025-07-10      302.5 REAL    1    12:31–12:36 PM    4.58      1:00–1:15 PM    3.51   -1.066   $-106.60  LOSS
  2025-07-17      322.5 REAL    1    12:31–12:36 PM    2.65      1:00–1:15 PM    2.69   +0.036     $+3.60  WIN 
  2025-07-24      307.5 REAL    1    12:31–12:36 PM    1.98      1:00–1:15 PM    2.10   +0.122    $+12.20  WIN 
  2025-07-31      320.0 REAL    1    12:31–12:36 PM    1.38      1:00–1:15 PM    1.08   -0.297    $-29.73  LOSS
  2025-08-07      320.0 REAL    1    12:31–12:36 PM    3.63      1:00–1:15 PM    2.65   -0.980    $-98.00  LOSS
  2025-08-14      335.0 REAL    1    12:31–12:36 PM    2.45      1:00–1:15 PM    2.57   +0.116    $+11.60  WIN 
  2025-08-21      322.5 REAL    1    12:31–12:36 PM    2.98      1:00–1:15 PM    2.75   -0.231    $-23.13  LOSS
  2025-08-28      352.5 REAL    2    12:31–12:36 PM    0.79      1:00–1:15 PM    0.94   +0.151    $+30.13  WIN 
  2025-09-04      335.0 REAL    1    12:31–12:36 PM    2.98      1:00–1:15 PM    3.33   +0.351    $+35.13  WIN 
  2025-09-11      350.0 REAL    1    12:31–12:36 PM   11.71      1:00–1:15 PM   13.14   +1.432   $+143.20  WIN 
  2025-09-18      427.5 REAL    1    12:31–12:36 PM    3.96      1:00–1:15 PM    4.90   +0.937    $+93.67  WIN 
  2025-09-25      432.5 REAL    1    12:31–12:36 PM    3.79      1:00–1:15 PM    3.64   -0.147    $-14.73  LOSS
  2025-10-02      470.0 REAL    1    12:31–12:36 PM    1.07      1:00–1:15 PM    0.86   -0.212    $-21.20  LOSS
  2025-10-09      430.0 REAL    1    12:31–12:36 PM    6.78      1:00–1:15 PM    6.00   -0.777    $-77.73  LOSS
  2025-10-16      435.0 REAL    1    12:31–12:36 PM    2.96      1:00–1:15 PM    3.63   +0.675    $+67.47  WIN 
  2025-10-23      420.0 REAL    1    12:31–12:36 PM   18.70      1:00–1:15 PM   26.87   +8.172   $+817.20  WIN 
  2025-10-30      450.0 REAL    1    12:31–12:36 PM    3.77      1:00–1:15 PM    3.46   -0.305    $-30.47  LOSS
  2025-11-06      457.5 REAL    1    12:31–12:36 PM    4.97      1:00–1:15 PM    5.32   +0.346    $+34.60  WIN 
  2025-11-13      422.5 REAL    1    12:31–12:36 PM    1.21      1:00–1:15 PM    0.98   -0.227    $-22.73  LOSS
  2025-11-20      415.0 REAL    1    12:31–12:36 PM    2.56      1:00–1:15 PM    3.01   +0.453    $+45.27  WIN 
  2025-11-27        0.0 MISS    —    12:31–12:36 PM       —      1:00–1:15 PM       —        —          —  skip
  2025-12-04      450.0 REAL    1    12:31–12:36 PM    4.44      1:00–1:15 PM    3.59   -0.850    $-85.00  LOSS
  2025-12-11      447.5 REAL    1    12:31–12:36 PM    3.73      1:00–1:15 PM    4.31   +0.580    $+58.00  WIN 
  2025-12-18      480.0 REAL    1    12:31–12:36 PM   11.36      1:00–1:15 PM   11.22   -0.143    $-14.33  LOSS
  2025-12-25        0.0 MISS    —    12:31–12:36 PM       —      1:00–1:15 PM       —        —          —  skip
  2026-01-01        0.0 MISS    —    12:31–12:36 PM       —      1:00–1:15 PM       —        —          —  skip
  2026-01-08      425.0 REAL    1    12:31–12:36 PM   12.13      1:00–1:15 PM   11.68   -0.441    $-44.13  LOSS
  2026-01-15      442.5 REAL    1    12:31–12:36 PM    4.06      1:00–1:15 PM    3.68   -0.386    $-38.60  LOSS
  2026-01-22      435.0 REAL    1    12:31–12:36 PM    6.68      1:00–1:15 PM   12.70   +6.021   $+602.07  WIN 
  2026-01-29      437.5 REAL    1    12:31–12:36 PM    1.31      1:00–1:15 PM    0.85   -0.462    $-46.20  LOSS
  2026-02-05      397.5 REAL    1    12:31–12:36 PM    6.56      1:00–1:15 PM    7.67   +1.113   $+111.33  WIN 
  2026-02-12      432.5 REAL    2    12:31–12:36 PM    0.76      1:00–1:15 PM    0.53   -0.230    $-46.00  LOSS
  2026-02-19      405.0 REAL    1    12:31–12:36 PM   10.09      1:00–1:15 PM    7.29   -2.801   $-280.13  LOSS
  2026-02-26      412.5 REAL    1    12:31–12:36 PM    1.72      1:00–1:15 PM    1.36   -0.359    $-35.93  LOSS
  2026-03-05      402.5 REAL    1    12:31–12:36 PM    4.19      1:00–1:15 PM    4.24   +0.052     $+5.20  WIN 
  2026-03-12      405.0 REAL    1    12:31–12:36 PM    2.15      1:00–1:15 PM    2.38   +0.227    $+22.73  WIN 
  2026-03-19      382.5 REAL    1    12:31–12:36 PM    3.77      1:00–1:15 PM    3.58   -0.187    $-18.67  LOSS
  2026-03-26      382.5 REAL    1    12:31–12:36 PM    1.94      1:00–1:15 PM    1.87   -0.071     $-7.13  LOSS
  2026-04-02      365.0 REAL    1    12:31–12:36 PM    1.49      1:00–1:15 PM    1.38   -0.111    $-11.13  LOSS
  2026-04-09      342.5 REAL    1    12:31–12:36 PM    6.75      1:00–1:15 PM    7.26   +0.510    $+51.00  WIN 
  2026-04-16      392.5 REAL    1    12:31–12:36 PM    2.70      1:00–1:15 PM    2.64   -0.053     $-5.27  LOSS
  2026-04-23      372.5 REAL    1    12:31–12:36 PM    9.73      1:00–1:15 PM    5.85   -3.881   $-388.10  LOSS
  2026-04-30      370.0 REAL    1    12:31–12:36 PM    9.20      1:00–1:15 PM    9.78   +0.577    $+57.73  WIN 
  2026-05-07      407.5 REAL    1    12:31–12:36 PM    4.72      1:00–1:15 PM    5.13   +0.405    $+40.53  WIN 
  2026-05-14      445.0 REAL    1    12:31–12:36 PM    8.39      1:00–1:15 PM    7.05   -1.338   $-133.80  LOSS
  2026-05-21      420.0 REAL    1    12:31–12:36 PM    3.69      1:00–1:15 PM    3.95   +0.265    $+26.47  WIN 
  2026-05-28      437.5 REAL    1    12:31–12:36 PM    6.60      1:00–1:15 PM    7.01   +0.410    $+41.05  WIN 
  2026-06-04      420.0 REAL    1    12:31–12:36 PM    4.26      1:00–1:15 PM    4.31   +0.045     $+4.53  WIN 
  2026-06-11      387.5 REAL    1    12:31–12:36 PM    5.99      1:00–1:15 PM    5.62   -0.367    $-36.73  LOSS
  2026-06-18      397.5 REAL    3    12:31–12:36 PM    0.42      1:00–1:15 PM    0.61   +0.193    $+58.00  WIN 
  2026-06-25      377.5 REAL    1    12:31–12:36 PM    2.85      1:00–1:15 PM    2.61   -0.242    $-24.20  LOSS
  2026-07-02      427.5 REAL  101    12:31–12:36 PM    0.01      1:00–1:15 PM    0.03   +0.015   $+151.50  WIN 

  SUMMARY (optimal frames)  trades: 97   wins: 48/97   win rate: 49.5%   total P&L: $+1,576.49   avg/trade: $+16.25
           best day: $+817.20   worst day: $-388.10   skipped (no data): 7
           premium spent: $47,089.25   return on spend: +3.3%

  TSLA CALLS — HEATMAPS   (entry-frame start ↓  exit-frame start →   cyan = chosen optimal)

  Each cell = best frame pair starting in that 30-min bucket (best over all durations).

  1) WIN RATE %  (wins ÷ trades)
    Entry |   9:30  10:00  10:30  11:00  11:30  12:00  12:30   1:00   1:30   2:00   2:30   3:00   3:30
  --------+-------------------------------------------------------------------------------------------
     9:30 |    47%    52%    48%    43%    40%    39%    36%    36%    38%    34%    33%    33%    34%
    10:00 |      ·    43%    44%    45%    43%    44%    40%    39%    39%    35%    34%    35%    35%
    10:30 |      ·      ·    45%    50%    47%    48%    45%    41%    41%    39%    36%    37%    39%
    11:00 |      ·      ·      ·    51%    49%    46%    44%    39%    41%    40%    38%    40%    39%
    11:30 |      ·      ·      ·      ·    54%    55%    45%    41%    40%    45%    41%    42%    43%
    12:00 |      ·      ·      ·      ·      ·    49%    48%    47%    40%    45%    39%    40%    41%
    12:30 |      ·      ·      ·      ·      ·      ·    48%    47%    41%    42%    40%    41%    41%
     1:00 |      ·      ·      ·      ·      ·      ·      ·    49%    51%    42%    40%    42%    43%
     1:30 |      ·      ·      ·      ·      ·      ·      ·      ·    51%    42%    44%    47%    44%
     2:00 |      ·      ·      ·      ·      ·      ·      ·      ·      ·    51%    42%    45%    48%
     2:30 |      ·      ·      ·      ·      ·      ·      ·      ·      ·      ·    51%    56%    50%
     3:00 |      ·      ·      ·      ·      ·      ·      ·      ·      ·      ·      ·    44%    41%
     3:30 |      ·      ·      ·      ·      ·      ·      ·      ·      ·      ·      ·      ·    55%

  2) WIN COUNT  (number of winning trades)
    Entry |   9:30  10:00  10:30  11:00  11:30  12:00  12:30   1:00   1:30   2:00   2:30   3:00   3:30
  --------+-------------------------------------------------------------------------------------------
     9:30 |     46     51     47     42     39     38     35     35     36     33     32     32     33
    10:00 |      ·     42     43     44     42     43     39     37     37     34     33     34     34
    10:30 |      ·      ·     44     49     46     47     44     39     40     37     35     36     37
    11:00 |      ·      ·      ·     50     48     45     43     37     40     38     37     39     38
    11:30 |      ·      ·      ·      ·     53     54     44     39     39     43     40     41     41
    12:00 |      ·      ·      ·      ·      ·     48     47     45     39     43     38     39     39
    12:30 |      ·      ·      ·      ·      ·      ·     47     46     40     40     39     40     40
     1:00 |      ·      ·      ·      ·      ·      ·      ·     47     49     40     39     40     41
     1:30 |      ·      ·      ·      ·      ·      ·      ·      ·     49     41     43     45     43
     2:00 |      ·      ·      ·      ·      ·      ·      ·      ·      ·     49     41     44     47
     2:30 |      ·      ·      ·      ·      ·      ·      ·      ·      ·      ·     49     54     48
     3:00 |      ·      ·      ·      ·      ·      ·      ·      ·      ·      ·      ·     43     40
     3:30 |      ·      ·      ·      ·      ·      ·      ·      ·      ·      ·      ·      ·     53

  3a) AVG P&L PER TRADE  ($ per contract)
    Entry |   9:30  10:00  10:30  11:00  11:30  12:00  12:30   1:00   1:30   2:00   2:30   3:00   3:30
  --------+-------------------------------------------------------------------------------------------
     9:30 |     -2     -9     -9    -25    -41    -50    -27    -21    -18    -35    -42    -46    -57
    10:00 |      ·     +5     +6     -7    -34    -25    -31    -22    -15    -23    -40    -43    -40
    10:30 |      ·      ·     +1     +5    -16    -27    -39    -30    -10    -22    -49    -27    -30
    11:00 |      ·      ·      ·     +6     -6    -25    -13     +3     +3    -17    -35    -28    -28
    11:30 |      ·      ·      ·      ·     -4     +1     +5     +9     +8    -14    -25    -23    -20
    12:00 |      ·      ·      ·      ·      ·     +0    +12    +15    +14    -13    -24    -22    -23
    12:30 |      ·      ·      ·      ·      ·      ·    +14    +16    +16     -1    -18    -16    -18
     1:00 |      ·      ·      ·      ·      ·      ·      ·     +3     +9    -16    -17    -19    -26
     1:30 |      ·      ·      ·      ·      ·      ·      ·      ·     +5    -25    -10     -4     +2
     2:00 |      ·      ·      ·      ·      ·      ·      ·      ·      ·     -4     +5     +6     +7
     2:30 |      ·      ·      ·      ·      ·      ·      ·      ·      ·      ·     +7     +8    +11
     3:00 |      ·      ·      ·      ·      ·      ·      ·      ·      ·      ·      ·     +6    +12
     3:30 |      ·      ·      ·      ·      ·      ·      ·      ·      ·      ·      ·      ·     +1

  3b) TOTAL P&L  ($ per contract, summed over all Thursdays)
    Entry |    9:30   10:00   10:30   11:00   11:30   12:00   12:30    1:00    1:30    2:00    2:30    3:00    3:30
  --------+--------------------------------------------------------------------------------------------------------
     9:30 |    -166    -875    -884   -2410   -4027   -4919   -2611   -2066   -1735   -3352   -4032   -4402   -5472
    10:00 |       ·    +452    +573    -639   -3309   -2475   -3031   -2107   -1430   -2256   -3911   -4206   -3797
    10:30 |       ·       ·    +129    +500   -1593   -2623   -3814   -2915    -928   -2152   -4743   -2659   -2896
    11:00 |       ·       ·       ·    +572    -601   -2457   -1311    +332    +246   -1654   -3399   -2722   -2761
    11:30 |       ·       ·       ·       ·    -361     +86    +504    +861    +732   -1343   -2441   -2229   -1960
    12:00 |       ·       ·       ·       ·       ·     +37   +1141   +1409   +1323   -1257   -2328   -2114   -2201
    12:30 |       ·       ·       ·       ·       ·       ·   +1326   +1564   +1531     -84   -1710   -1591   -1786
     1:00 |       ·       ·       ·       ·       ·       ·       ·    +315    +826   -1491   -1689   -1827   -2471
     1:30 |       ·       ·       ·       ·       ·       ·       ·       ·    +473   -2396    -983    -432    +161
     2:00 |       ·       ·       ·       ·       ·       ·       ·       ·       ·    -346    +443    +553    +723
     2:30 |       ·       ·       ·       ·       ·       ·       ·       ·       ·       ·    +647    +743   +1086
     3:00 |       ·       ·       ·       ·       ·       ·       ·       ·       ·       ·       ·    +557   +1127
     3:30 |       ·       ·       ·       ·       ·       ·       ·       ·       ·       ·       ·       ·     +62

──────────────────────────────────────────────────────────────────────────────────────
  TSLA CALLS — TOP 15 FRAME PAIRS (by win_rate × avg payoff)
──────────────────────────────────────────────────────────────────────────────────────
   #        Entry frame         Exit frame  Trades   Wins    Win%    Avg P&L     Total P&L
  --  -----------------  -----------------  ------  -----  ------  ---------  ------------
   1     12:30–12:35 PM       1:00–1:15 PM      97     46  47.4%    $+16.13    $+1,564.47
   2     12:30–12:35 PM       1:10–1:15 PM      96     45  46.9%    $+16.30    $+1,565.07
   3     12:30–12:35 PM       1:05–1:15 PM      96     45  46.9%    $+15.55    $+1,493.19
   4     12:30–12:35 PM       1:00–1:10 PM      97     46  47.4%    $+15.32    $+1,485.70
   5     12:30–12:35 PM       1:00–1:05 PM      97     48  49.5%    $+14.57    $+1,413.22
   6     12:25–12:35 PM       1:10–1:15 PM      96     45  46.9%    $+14.68    $+1,408.98
   7     12:25–12:35 PM       1:00–1:15 PM      97     48  49.5%    $+13.87    $+1,345.55
   8     12:30–12:40 PM       1:10–1:15 PM      96     43  44.8%    $+15.07    $+1,446.58
   9     12:30–12:35 PM       1:05–1:10 PM      96     44  45.8%    $+14.67    $+1,408.70
  10     12:30–12:35 PM       1:00–1:20 PM      97     45  46.4%    $+14.37    $+1,393.67
  11     12:30–12:40 PM       1:00–1:15 PM      97     43  44.3%    $+14.91    $+1,446.59
  12     12:30–12:40 PM       1:00–1:10 PM      97     45  46.4%    $+14.10    $+1,368.11
  13     12:25–12:35 PM       1:05–1:10 PM      96     48  50.0%    $+13.05    $+1,252.62
  14     12:30–12:35 PM       1:40–1:45 PM      97     40  41.2%    $+15.78    $+1,531.02
  15     12:45–12:50 PM       1:00–1:15 PM      97     52  53.6%    $+12.09    $+1,173.07

──────────────────────────────────────────────────────────────────────────────────────
  Saved CSV: C:\actions-runner\_work\EoD_OptionTrading\EoD_OptionTrading\results\thursday-intraday\backtest_thursday_intraday_timeframe_calls_730days_2026-07-09_1404.csv
  Saved TXT: C:\actions-runner\_work\EoD_OptionTrading\EoD_OptionTrading\results\thursday-intraday\backtest_thursday_intraday_timeframe_calls_730days_2026-07-09_1404.txt
  Saved TXT (outliers removed): C:\actions-runner\_work\EoD_OptionTrading\EoD_OptionTrading\results\thursday-intraday\backtest_thursday_intraday_timeframe_calls_730days_2026-07-09_1404_outliers_removed.txt
──────────────────────────────────────────────────────────────────────────────────────


██████████████████████████████████████████████████████████████████████████████████████
  TSLA PUTS
██████████████████████████████████████████████████████████████████████████████████████
======================================================================================
  TSLA PUTS
======================================================================================
  Optimal entry frame : 9:31–9:36 AM   (5 min)
  Optimal exit frame  : 3:15–3:25 PM   (10 min)
  Data source         : REAL prices

  Date           Strike  Src  Qty       Entry frame    Buy$        Exit frame   Sell$   P&L/sh      P&L $  Result
  ------------ -------- ---- ---- ----------------- ------- ----------------- ------- -------- ----------  ------
  2024-07-11      265.0 REAL    1      9:31–9:36 AM    5.24      3:15–3:25 PM   22.19  +16.952  $+1695.20  WIN 
  2024-07-18      252.5 REAL    1      9:31–9:36 AM    5.34      3:15–3:25 PM    5.97   +0.634    $+63.40  WIN 
  2024-07-25      220.0 REAL    1      9:31–9:36 AM    3.97      3:15–3:25 PM    1.43   -2.534   $-253.40  LOSS
  2024-08-01      227.5 REAL    1      9:31–9:36 AM    3.05      3:15–3:25 PM   11.62   +8.568   $+856.80  WIN 
  2024-08-08      195.0 REAL    1      9:31–9:36 AM    3.63      3:15–3:25 PM    1.26   -2.370   $-237.00  LOSS
  2024-08-15      207.5 REAL    1      9:31–9:36 AM    2.46      3:15–3:25 PM    0.51   -1.952   $-195.20  LOSS
  2024-08-22      225.0 REAL    1      9:31–9:36 AM    5.17      3:15–3:25 PM   11.71   +6.532   $+653.16  WIN 
  2024-08-29      210.0 REAL    1      9:31–9:36 AM    2.33      3:15–3:25 PM    4.14   +1.811   $+181.10  WIN 
  2024-09-05      222.5 REAL    1      9:31–9:36 AM    2.98      3:15–3:25 PM    1.03   -1.950   $-195.00  LOSS
  2024-09-12      225.0 REAL    1      9:31–9:36 AM    2.34      3:15–3:25 PM    0.97   -1.368   $-136.80  LOSS
  2024-09-19      232.5 REAL    1      9:31–9:36 AM    3.41      3:15–3:25 PM    0.51   -2.894   $-289.40  LOSS
  2024-09-26      260.0 REAL    1      9:31–9:36 AM    3.36      3:15–3:25 PM    7.15   +3.798   $+379.80  WIN 
  2024-10-03      245.0 REAL    1      9:31–9:36 AM    2.53      3:15–3:25 PM    6.96   +4.434   $+443.40  WIN 
  2024-10-10      240.0 REAL    1      9:31–9:36 AM    7.33      3:15–3:25 PM    7.06   -0.270    $-27.00  LOSS
  2024-10-17      220.0 REAL    1      9:31–9:36 AM    3.12      3:15–3:25 PM    1.85   -1.266   $-126.60  LOSS
  2024-10-24      242.5 REAL    1      9:31–9:36 AM    3.08      3:15–3:25 PM    0.40   -2.688   $-268.80  LOSS
  2024-10-31      260.0 REAL    1      9:31–9:36 AM    5.39      3:15–3:25 PM    9.58   +4.195   $+419.53  WIN 
  2024-11-07      287.5 REAL    1      9:31–9:36 AM    5.40      3:15–3:25 PM    0.62   -4.778   $-477.80  LOSS
  2024-11-14      325.0 REAL    1      9:31–9:36 AM    6.35      3:15–3:25 PM   13.32   +6.970   $+697.02  WIN 
  2024-11-21      345.0 REAL    1      9:31–9:36 AM    5.88      3:15–3:25 PM    7.22   +1.334   $+133.40  WIN 
  2024-11-28        0.0 MISS    —      9:31–9:36 AM       —      3:15–3:25 PM       —        —          —  skip
  2024-12-05      365.0 REAL    1      9:31–9:36 AM    5.26      3:15–3:25 PM    1.93   -3.329   $-332.90  LOSS
  2024-12-12      425.0 REAL    1      9:31–9:36 AM    8.36      3:15–3:25 PM   11.20   +2.841   $+284.15  WIN 
  2024-12-19      452.5 REAL    1      9:31–9:36 AM   12.02      3:15–3:25 PM   18.07   +6.049   $+604.93  WIN 
  2024-12-26      462.5 REAL    1      9:31–9:36 AM   11.10      3:15–3:25 PM   10.15   -0.949    $-94.91  LOSS
  2025-01-02      390.0 REAL    1      9:31–9:36 AM   12.54      3:15–3:25 PM   12.80   +0.264    $+26.40  WIN 
  2025-01-09        0.0 MISS    —      9:31–9:36 AM       —      3:15–3:25 PM       —        —          —  skip
  2025-01-16      420.0 REAL    1      9:31–9:36 AM    7.43      3:15–3:25 PM    9.58   +2.149   $+214.90  WIN 
  2025-01-23      417.5 REAL    1      9:31–9:36 AM    6.57      3:15–3:25 PM    9.35   +2.776   $+277.56  WIN 
  2025-01-30      410.0 REAL    1      9:31–9:36 AM   11.01      3:15–3:25 PM    8.60   -2.415   $-241.50  LOSS
  2025-02-06      375.0 REAL    1      9:31–9:36 AM    7.92      3:15–3:25 PM    8.13   +0.209    $+20.89  WIN 
  2025-02-13      345.0 REAL    1      9:31–9:36 AM    4.84      3:15–3:25 PM    1.66   -3.182   $-318.20  LOSS
  2025-02-20      360.0 REAL    1      9:31–9:36 AM    6.18      3:15–3:25 PM    7.78   +1.601   $+160.10  WIN 
  2025-02-27      292.5 REAL    1      9:31–9:36 AM    5.06      3:15–3:25 PM   12.21   +7.159   $+715.90  WIN 
  2025-03-06      270.0 REAL    1      9:31–9:36 AM    8.61      3:15–3:25 PM   10.54   +1.928   $+192.80  WIN 
  2025-03-13      245.0 REAL    1      9:31–9:36 AM    6.80      3:15–3:25 PM    7.02   +0.225    $+22.50  WIN 
  2025-03-20      232.5 REAL    1      9:31–9:36 AM    4.60      3:15–3:25 PM    3.07   -1.530   $-153.00  LOSS
  2025-03-27      275.0 REAL    1      9:31–9:36 AM    6.09      3:15–3:25 PM    3.55   -2.542   $-254.20  LOSS
  2025-04-03      267.5 REAL    1      9:31–9:36 AM    5.59      3:15–3:25 PM    6.08   +0.491    $+49.10  WIN 
  2025-04-10      260.0 REAL    1      9:31–9:36 AM    8.15      3:15–3:25 PM   12.14   +3.993   $+399.33  WIN 
  2025-04-17      242.5 REAL    1      9:31–9:36 AM    3.89      3:15–3:25 PM    3.06   -0.838    $-83.80  LOSS
  2025-04-24      250.0 REAL    1      9:31–9:36 AM    4.42      3:15–3:25 PM    2.14   -2.280   $-228.00  LOSS
  2025-05-01      282.5 REAL    1      9:31–9:36 AM    5.54      3:15–3:25 PM    4.49   -1.048   $-104.80  LOSS
  2025-05-08      282.5 REAL    1      9:31–9:36 AM    4.28      3:15–3:25 PM    2.02   -2.256   $-225.60  LOSS
  2025-05-15      337.5 REAL    1      9:31–9:36 AM    5.23      3:15–3:25 PM    3.34   -1.883   $-188.30  LOSS
  2025-05-22      332.5 REAL    1      9:31–9:36 AM    5.74      3:15–3:25 PM    0.82   -4.920   $-492.02  LOSS
  2025-05-29      365.0 REAL    1      9:31–9:36 AM    6.41      3:15–3:25 PM    8.73   +2.318   $+231.82  WIN 
  2025-06-05      325.0 REAL    1      9:31–9:36 AM    9.64      3:15–3:25 PM   48.98  +39.337  $+3933.69  WIN 
  2025-06-12      322.5 REAL    1      9:31–9:36 AM    5.22      3:15–3:25 PM    6.40   +1.174   $+117.40  WIN 
  2025-06-19        0.0 MISS    —      9:31–9:36 AM       —      3:15–3:25 PM       —        —          —  skip
  2025-06-26      325.0 REAL    1      9:31–9:36 AM    3.48      3:15–3:25 PM    3.55   +0.072     $+7.20  WIN 
  2025-07-03      317.5 REAL    —      9:31–9:36 AM       —      3:15–3:25 PM       —        —          —  skip
  2025-07-10      302.5 REAL    1      9:31–9:36 AM    3.41      3:15–3:25 PM    1.10   -2.314   $-231.40  LOSS
  2025-07-17      322.5 REAL    1      9:31–9:36 AM    3.97      3:15–3:25 PM    5.30   +1.337   $+133.70  WIN 
  2025-07-24      307.5 REAL    1      9:31–9:36 AM    7.47      3:15–3:25 PM    4.42   -3.043   $-304.30  LOSS
  2025-07-31      320.0 REAL    1      9:31–9:36 AM    4.52      3:15–3:25 PM   10.85   +6.334   $+633.40  WIN 
  2025-08-07      320.0 REAL    1      9:31–9:36 AM    3.66      3:15–3:25 PM    3.80   +0.134    $+13.40  WIN 
  2025-08-14      335.0 REAL    1      9:31–9:36 AM    4.07      3:15–3:25 PM    3.65   -0.413    $-41.30  LOSS
  2025-08-21      322.5 REAL    1      9:31–9:36 AM    4.36      3:15–3:25 PM    3.71   -0.658    $-65.80  LOSS
  2025-08-28      352.5 REAL    1      9:31–9:36 AM    4.49      3:15–3:25 PM    7.66   +3.170   $+317.00  WIN 
  2025-09-04      335.0 REAL    1      9:31–9:36 AM    3.89      3:15–3:25 PM    2.29   -1.593   $-159.25  LOSS
  2025-09-11      350.0 REAL    1      9:31–9:36 AM    4.18      3:15–3:25 PM    0.27   -3.907   $-390.70  LOSS
  2025-09-18      427.5 REAL    1      9:31–9:36 AM    6.03      3:15–3:25 PM    8.96   +2.930   $+293.00  WIN 
  2025-09-25      432.5 REAL    1      9:31–9:36 AM    8.73      3:15–3:25 PM    9.52   +0.787    $+78.70  WIN 
  2025-10-02      470.0 REAL    1      9:31–9:36 AM    9.30      3:15–3:25 PM   28.60  +19.296  $+1929.60  WIN 
  2025-10-09      430.0 REAL    1      9:31–9:36 AM    5.46      3:15–3:25 PM    2.82   -2.644   $-264.40  LOSS
  2025-10-16      435.0 REAL    1      9:31–9:36 AM    6.28      3:15–3:25 PM   12.01   +5.737   $+573.70  WIN 
  2025-10-23      420.0 REAL    1      9:31–9:36 AM    9.18      3:15–3:25 PM    0.59   -8.589   $-858.90  LOSS
  2025-10-30      450.0 REAL    1      9:31–9:36 AM    5.90      3:15–3:25 PM   10.09   +4.190   $+419.00  WIN 
  2025-11-06      457.5 REAL    1      9:31–9:36 AM    9.05      3:15–3:25 PM   15.33   +6.272   $+627.20  WIN 
  2025-11-13      422.5 REAL    1      9:31–9:36 AM    5.75      3:15–3:25 PM   21.63  +15.884  $+1588.37  WIN 
  2025-11-20      415.0 REAL    1      9:31–9:36 AM    4.66      3:15–3:25 PM   15.31  +10.654  $+1065.44  WIN 
  2025-11-27        0.0 MISS    —      9:31–9:36 AM       —      3:15–3:25 PM       —        —          —  skip
  2025-12-04      450.0 REAL    1      9:31–9:36 AM    6.92      3:15–3:25 PM    4.38   -2.544   $-254.40  LOSS
  2025-12-11      447.5 REAL    1      9:31–9:36 AM    5.76      3:15–3:25 PM    4.80   -0.958    $-95.80  LOSS
  2025-12-18      480.0 REAL    1      9:31–9:36 AM    8.35      3:15–3:25 PM    2.69   -5.665   $-566.50  LOSS
  2025-12-25        0.0 MISS    —      9:31–9:36 AM       —      3:15–3:25 PM       —        —          —  skip
  2026-01-01        0.0 MISS    —      9:31–9:36 AM       —      3:15–3:25 PM       —        —          —  skip
  2026-01-08      425.0 REAL    1      9:31–9:36 AM    3.67      3:15–3:25 PM    1.06   -2.610   $-261.00  LOSS
  2026-01-15      442.5 REAL    1      9:31–9:36 AM    4.15      3:15–3:25 PM    5.44   +1.290   $+129.00  WIN 
  2026-01-22      435.0 REAL    1      9:31–9:36 AM    4.91      3:15–3:25 PM    0.62   -4.289   $-428.90  LOSS
  2026-01-29      437.5 REAL    1      9:31–9:36 AM    9.06      3:15–3:25 PM   20.61  +11.557  $+1155.70  WIN 
  2026-02-05      397.5 REAL    1      9:31–9:36 AM    7.31      3:15–3:25 PM    6.65   -0.666    $-66.60  LOSS
  2026-02-12      432.5 REAL    1      9:31–9:36 AM    4.57      3:15–3:25 PM   17.36  +12.798  $+1279.78  WIN 
  2026-02-19      405.0 REAL    1      9:31–9:36 AM    5.01      3:15–3:25 PM    1.92   -3.088   $-308.80  LOSS
  2026-02-26      412.5 REAL    1      9:31–9:36 AM    4.65      3:15–3:25 PM    6.18   +1.524   $+152.40  WIN 
  2026-03-05      402.5 REAL    1      9:31–9:36 AM    4.63      3:15–3:25 PM    4.02   -0.608    $-60.80  LOSS
  2026-03-12      405.0 REAL    1      9:31–9:36 AM    5.04      3:15–3:25 PM    8.90   +3.861   $+386.10  WIN 
  2026-03-19      382.5 REAL    1      9:31–9:36 AM    5.59      3:15–3:25 PM    3.37   -2.220   $-222.00  LOSS
  2026-03-26      382.5 REAL    1      9:31–9:36 AM    5.09      3:15–3:25 PM    9.93   +4.837   $+483.71  WIN 
  2026-04-02      365.0 REAL    1      9:31–9:36 AM    2.64      3:15–3:25 PM    5.47   +2.834   $+283.40  WIN 
  2026-04-09      342.5 REAL    1      9:31–9:36 AM    4.37      3:15–3:25 PM    2.66   -1.702   $-170.20  LOSS
  2026-04-16      392.5 REAL    1      9:31–9:36 AM    7.89      3:15–3:25 PM    6.77   -1.128   $-112.83  LOSS
  2026-04-23      372.5 REAL    1      9:31–9:36 AM    3.63      3:15–3:25 PM    3.42   -0.205    $-20.50  LOSS
  2026-04-30      370.0 REAL    1      9:31–9:36 AM    4.31      3:15–3:25 PM    0.39   -3.915   $-391.50  LOSS
  2026-05-07      407.5 REAL    1      9:31–9:36 AM    4.19      3:15–3:25 PM    5.87   +1.681   $+168.09  WIN 
  2026-05-14      445.0 REAL    1      9:31–9:36 AM    7.96      3:15–3:25 PM    5.75   -2.217   $-221.70  LOSS
  2026-05-21      420.0 REAL    1      9:31–9:36 AM    4.30      3:15–3:25 PM    5.32   +1.024   $+102.40  WIN 
  2026-05-28      437.5 REAL    1      9:31–9:36 AM    5.78      3:15–3:25 PM    2.23   -3.550   $-355.00  LOSS
  2026-06-04      420.0 REAL    1      9:31–9:36 AM    4.14      3:15–3:25 PM    4.20   +0.060     $+6.00  WIN 
  2026-06-11      387.5 REAL    1      9:31–9:36 AM   10.28      3:15–3:25 PM    3.17   -7.106   $-710.60  LOSS
  2026-06-18      397.5 REAL    1      9:31–9:36 AM    6.20      3:15–3:25 PM    2.33   -3.874   $-387.40  LOSS
  2026-06-25      377.5 REAL    1      9:31–9:36 AM    6.89      3:15–3:25 PM    6.17   -0.719    $-71.92  LOSS
  2026-07-02      427.5 REAL    1      9:31–9:36 AM    5.04      3:15–3:25 PM   37.42  +32.377  $+3237.75  WIN 

  SUMMARY (optimal frames)  trades: 97   wins: 49/97   win rate: 50.5%   total P&L: $+15,891.59   avg/trade: $+163.83
           best day: $+3933.69   worst day: $-858.90   skipped (no data): 7
           premium spent: $55,105.20   return on spend: +28.8%

  TSLA PUTS — HEATMAPS   (entry-frame start ↓  exit-frame start →   cyan = chosen optimal)

  Each cell = best frame pair starting in that 30-min bucket (best over all durations).

  1) WIN RATE %  (wins ÷ trades)
    Entry |   9:30  10:00  10:30  11:00  11:30  12:00  12:30   1:00   1:30   2:00   2:30   3:00   3:30
  --------+-------------------------------------------------------------------------------------------
     9:30 |    50%    46%    48%    48%    49%    49%    47%    51%    53%    51%    48%    48%    48%
    10:00 |      ·    53%    53%    53%    54%    51%    52%    53%    51%    52%    51%    52%    47%
    10:30 |      ·      ·    53%    53%    51%    51%    52%    51%    48%    49%    52%    45%    46%
    11:00 |      ·      ·      ·    49%    47%    48%    47%    47%    47%    54%    48%    47%    51%
    11:30 |      ·      ·      ·      ·    43%    43%    47%    49%    48%    49%    49%    46%    48%
    12:00 |      ·      ·      ·      ·      ·    49%    48%    51%    53%    56%    56%    51%    49%
    12:30 |      ·      ·      ·      ·      ·      ·    50%    49%    51%    53%    54%    49%    45%
     1:00 |      ·      ·      ·      ·      ·      ·      ·    53%    55%    55%    54%    53%    48%
     1:30 |      ·      ·      ·      ·      ·      ·      ·      ·    54%    57%    55%    49%    48%
     2:00 |      ·      ·      ·      ·      ·      ·      ·      ·      ·    55%    49%    43%    44%
     2:30 |      ·      ·      ·      ·      ·      ·      ·      ·      ·      ·    52%    47%    45%
     3:00 |      ·      ·      ·      ·      ·      ·      ·      ·      ·      ·      ·    46%    49%
     3:30 |      ·      ·      ·      ·      ·      ·      ·      ·      ·      ·      ·      ·    48%

  2) WIN COUNT  (number of winning trades)
    Entry |   9:30  10:00  10:30  11:00  11:30  12:00  12:30   1:00   1:30   2:00   2:30   3:00   3:30
  --------+-------------------------------------------------------------------------------------------
     9:30 |     49     45     47     47     48     48     46     49     51     49     47     47     47
    10:00 |      ·     52     52     52     53     50     51     51     49     50     49     50     46
    10:30 |      ·      ·     52     52     50     50     51     49     47     48     50     44     45
    11:00 |      ·      ·      ·     48     46     47     46     46     46     52     47     46     49
    11:30 |      ·      ·      ·      ·     42     42     46     48     46     47     47     45     46
    12:00 |      ·      ·      ·      ·      ·     48     47     49     51     54     54     49     47
    12:30 |      ·      ·      ·      ·      ·      ·     48     48     49     50     52     47     43
     1:00 |      ·      ·      ·      ·      ·      ·      ·     51     53     52     52     51     46
     1:30 |      ·      ·      ·      ·      ·      ·      ·      ·     52     55     53     47     46
     2:00 |      ·      ·      ·      ·      ·      ·      ·      ·      ·     52     46     41     41
     2:30 |      ·      ·      ·      ·      ·      ·      ·      ·      ·      ·     49     45     43
     3:00 |      ·      ·      ·      ·      ·      ·      ·      ·      ·      ·      ·     44     47
     3:30 |      ·      ·      ·      ·      ·      ·      ·      ·      ·      ·      ·      ·     47

  3a) AVG P&L PER TRADE  ($ per contract)
    Entry |   9:30  10:00  10:30  11:00  11:30  12:00  12:30   1:00   1:30   2:00   2:30   3:00   3:30
  --------+-------------------------------------------------------------------------------------------
     9:30 |    +88   +105   +118   +121   +132   +133   +137   +136   +141   +153   +156   +166   +153
    10:00 |      ·    +63    +76    +77    +89    +93   +100   +103   +113   +111   +113   +120   +115
    10:30 |      ·      ·    +58    +60    +71    +73    +75    +84    +94    +95    +92   +105    +95
    11:00 |      ·      ·      ·    +54    +66    +67    +74    +80    +86    +82    +88    +96    +85
    11:30 |      ·      ·      ·      ·    +63    +64    +67    +70    +81    +84    +82    +91    +80
    12:00 |      ·      ·      ·      ·      ·    +37    +43    +45    +51    +52    +52    +65    +54
    12:30 |      ·      ·      ·      ·      ·      ·    +19    +27    +33    +36    +34    +46    +37
     1:00 |      ·      ·      ·      ·      ·      ·      ·    +33    +37    +41    +40    +49    +45
     1:30 |      ·      ·      ·      ·      ·      ·      ·      ·    +40    +44    +44    +53    +48
     2:00 |      ·      ·      ·      ·      ·      ·      ·      ·      ·    +15    +12    +24    +15
     2:30 |      ·      ·      ·      ·      ·      ·      ·      ·      ·      ·     +7    +21     +9
     3:00 |      ·      ·      ·      ·      ·      ·      ·      ·      ·      ·      ·    +23    +11
     3:30 |      ·      ·      ·      ·      ·      ·      ·      ·      ·      ·      ·      ·     +5

  3b) TOTAL P&L  ($ per contract, summed over all Thursdays)
    Entry |    9:30   10:00   10:30   11:00   11:30   12:00   12:30    1:00    1:30    2:00    2:30    3:00    3:30
  --------+--------------------------------------------------------------------------------------------------------
     9:30 |   +8591  +10305  +11547  +11818  +12921  +13015  +13380  +13164  +13722  +14820  +15143  +16146  +14805
    10:00 |       ·   +6190   +7429   +7550   +8677   +9133   +9753  +10030  +10962  +10814  +10984  +11688  +11145
    10:30 |       ·       ·   +5655   +5928   +6959   +7130   +7321   +8139   +9118   +9171   +8937  +10211   +9223
    11:00 |       ·       ·       ·   +5283   +6488   +6575   +7268   +7772   +8361   +7996   +8537   +9275   +8247
    11:30 |       ·       ·       ·       ·   +6077   +6162   +6575   +6810   +7800   +8108   +7833   +8820   +7675
    12:00 |       ·       ·       ·       ·       ·   +3598   +4187   +4410   +4989   +5022   +5063   +6351   +5140
    12:30 |       ·       ·       ·       ·       ·       ·   +1863   +2630   +3209   +3410   +3309   +4396   +3508
     1:00 |       ·       ·       ·       ·       ·       ·       ·   +3133   +3568   +3854   +3873   +4658   +4290
     1:30 |       ·       ·       ·       ·       ·       ·       ·       ·   +3867   +4263   +4237   +5070   +4593
     2:00 |       ·       ·       ·       ·       ·       ·       ·       ·       ·   +1381   +1113   +2309   +1405
     2:30 |       ·       ·       ·       ·       ·       ·       ·       ·       ·       ·    +697   +1982    +842
     3:00 |       ·       ·       ·       ·       ·       ·       ·       ·       ·       ·       ·   +2199   +1035
     3:30 |       ·       ·       ·       ·       ·       ·       ·       ·       ·       ·       ·       ·    +491

──────────────────────────────────────────────────────────────────────────────────────
  TSLA PUTS — TOP 15 FRAME PAIRS (by win_rate × avg payoff)
──────────────────────────────────────────────────────────────────────────────────────
   #        Entry frame         Exit frame  Trades   Wins    Win%    Avg P&L     Total P&L
  --  -----------------  -----------------  ------  -----  ------  ---------  ------------
   1       9:30–9:35 AM       3:15–3:25 PM      97     47  48.5%   $+166.46   $+16,146.32
   2       9:30–9:35 AM       3:20–3:30 PM      97     47  48.5%   $+166.00   $+16,102.35
   3       9:30–9:35 AM       3:20–3:35 PM      97     48  49.5%   $+161.35   $+15,650.62
   4       9:30–9:35 AM       3:25–3:30 PM      97     47  48.5%   $+163.79   $+15,887.23
   5       9:30–9:35 AM       3:10–3:25 PM      97     47  48.5%   $+163.60   $+15,869.23
   6       9:30–9:35 AM       3:15–3:20 PM      97     47  48.5%   $+163.34   $+15,843.77
   7       9:30–9:35 AM       3:15–3:30 PM      97     46  47.4%   $+165.48   $+16,051.42
   8       9:30–9:35 AM       3:25–3:35 PM      97     48  49.5%   $+157.82   $+15,308.54
   9       9:30–9:35 AM       3:15–3:45 PM      97     47  48.5%   $+160.59   $+15,576.78
  10       9:30–9:35 AM       3:10–3:30 PM      97     46  47.4%   $+163.71   $+15,879.41
  11       9:30–9:35 AM       3:10–3:40 PM      97     47  48.5%   $+160.16   $+15,535.57
  12       9:30–9:35 AM       3:20–3:40 PM      97     47  48.5%   $+159.77   $+15,497.51
  13       9:30–9:35 AM       3:10–3:20 PM      97     47  48.5%   $+159.66   $+15,486.98
  14       9:30–9:35 AM       2:15–2:45 PM      97     49  50.5%   $+152.78   $+14,819.97
  15       9:30–9:35 AM       3:05–3:25 PM      97     47  48.5%   $+159.25   $+15,446.97


██████████████████████████████████████████████████████████████████████████████████████
  OUTLIERS REMOVED (winning trades > $2,000)  —  TSLA PUTS re-optimized
██████████████████████████████████████████████████████████████████████████████████████
  (chosen frames had no winning outliers)
======================================================================================
  TSLA PUTS
======================================================================================
  Optimal entry frame : 9:46–9:51 AM   (5 min)
  Optimal exit frame  : 2:15–2:39 PM   (24 min)
  Data source         : REAL prices

  Date           Strike  Src  Qty       Entry frame    Buy$        Exit frame   Sell$   P&L/sh      P&L $  Result
  ------------ -------- ---- ---- ----------------- ------- ----------------- ------- -------- ----------  ------
  2024-07-11      265.0 REAL    1      9:46–9:51 AM    3.56      2:15–2:39 PM   21.11  +17.559  $+1755.86  WIN 
  2024-07-18      252.5 REAL    1      9:46–9:51 AM    5.72      2:15–2:39 PM    4.02   -1.697   $-169.71  LOSS
  2024-07-25      220.0 REAL    1      9:46–9:51 AM    3.19      2:15–2:39 PM    1.14   -2.050   $-204.98  LOSS
  2024-08-01      227.5 REAL    1      9:46–9:51 AM    2.85      2:15–2:39 PM   10.00   +7.152   $+715.18  WIN 
  2024-08-08      195.0 REAL    1      9:46–9:51 AM    4.53      2:15–2:39 PM    0.99   -3.535   $-353.48  LOSS
  2024-08-15      207.5 REAL    1      9:46–9:51 AM    1.45      2:15–2:39 PM    0.51   -0.946    $-94.57  LOSS
  2024-08-22      225.0 REAL    1      9:46–9:51 AM    4.39      2:15–2:39 PM   11.32   +6.931   $+693.15  WIN 
  2024-08-29      210.0 REAL    1      9:46–9:51 AM    1.66      2:15–2:39 PM    2.60   +0.941    $+94.06  WIN 
  2024-09-05      222.5 REAL    1      9:46–9:51 AM    1.38      2:15–2:39 PM    0.74   -0.643    $-64.32  LOSS
  2024-09-12      225.0 REAL    1      9:46–9:51 AM    2.24      2:15–2:39 PM    1.09   -1.158   $-115.82  LOSS
  2024-09-19      232.5 REAL    1      9:46–9:51 AM    1.91      2:15–2:39 PM    0.54   -1.371   $-137.09  LOSS
  2024-09-26      260.0 REAL    1      9:46–9:51 AM    4.00      2:15–2:39 PM    6.54   +2.536   $+253.60  WIN 
  2024-10-03      245.0 REAL    1      9:46–9:51 AM    2.40      2:15–2:39 PM    7.31   +4.904   $+490.38  WIN 
  2024-10-10      240.0 REAL    1      9:46–9:51 AM    9.95      2:15–2:39 PM    7.20   -2.753   $-275.28  LOSS
  2024-10-17      220.0 REAL    1      9:46–9:51 AM    2.60      2:15–2:39 PM    1.95   -0.646    $-64.56  LOSS
  2024-10-24      242.5 REAL    1      9:46–9:51 AM    1.60      2:15–2:39 PM    0.49   -1.110   $-110.97  LOSS
  2024-10-31      260.0 REAL    1      9:46–9:51 AM    6.58      2:15–2:39 PM   10.20   +3.619   $+361.91  WIN 
  2024-11-07      287.5 REAL    1      9:46–9:51 AM    4.49      2:15–2:39 PM    0.93   -3.565   $-356.50  LOSS
  2024-11-14      325.0 REAL    1      9:46–9:51 AM    7.06      2:15–2:39 PM   14.57   +7.513   $+751.28  WIN 
  2024-11-21      345.0 REAL    1      9:46–9:51 AM    5.37      2:15–2:39 PM    7.04   +1.661   $+166.15  WIN 
  2024-11-28        0.0 MISS    —      9:46–9:51 AM       —      2:15–2:39 PM       —        —          —  skip
  2024-12-05      365.0 REAL    1      9:46–9:51 AM    3.09      2:15–2:39 PM    2.18   -0.909    $-90.89  LOSS
  2024-12-12      425.0 REAL    1      9:46–9:51 AM   10.92      2:15–2:39 PM    9.74   -1.185   $-118.50  LOSS
  2024-12-19      452.5 REAL    1      9:46–9:51 AM   11.77      2:15–2:39 PM   22.25  +10.487  $+1048.70  WIN 
  2024-12-26      462.5 REAL    1      9:46–9:51 AM   11.14      2:15–2:39 PM   12.76   +1.625   $+162.45  WIN 
  2025-01-02      390.0 REAL    1      9:46–9:51 AM    9.76      2:15–2:39 PM   14.09   +4.337   $+433.68  WIN 
  2025-01-09        0.0 MISS    —      9:46–9:51 AM       —      2:15–2:39 PM       —        —          —  skip
  2025-01-16      420.0 REAL    1      9:46–9:51 AM    8.62      2:15–2:39 PM   10.91   +2.292   $+229.24  WIN 
  2025-01-23      417.5 REAL    1      9:46–9:51 AM    6.98      2:15–2:39 PM    9.30   +2.323   $+232.32  WIN 
  2025-01-30      410.0 REAL    1      9:46–9:51 AM   16.81      2:15–2:39 PM   10.36   -6.449   $-644.89  LOSS
  2025-02-06      375.0 REAL    1      9:46–9:51 AM   10.43      2:15–2:39 PM    7.63   -2.798   $-279.77  LOSS
  2025-02-13      345.0 REAL    1      9:46–9:51 AM    4.47      2:15–2:39 PM    2.10   -2.370   $-237.02  LOSS
  2025-02-20      360.0 REAL    1      9:46–9:51 AM    8.24      2:15–2:39 PM    8.45   +0.211    $+21.10  WIN 
  2025-02-27      292.5 REAL    1      9:46–9:51 AM    7.32      2:15–2:39 PM   10.00   +2.674   $+267.43  WIN 
  2025-03-06      270.0 REAL    1      9:46–9:51 AM    8.74      2:15–2:39 PM   11.56   +2.818   $+281.83  WIN 
  2025-03-13      245.0 REAL    1      9:46–9:51 AM    9.74      2:15–2:39 PM    7.63   -2.115   $-211.53  LOSS
  2025-03-20      232.5 REAL    1      9:46–9:51 AM    4.71      2:15–2:39 PM    3.84   -0.866    $-86.63  LOSS
  2025-03-27      275.0 REAL    1      9:46–9:51 AM    5.29      2:15–2:39 PM    4.54   -0.748    $-74.75  LOSS
  2025-04-03      267.5 REAL    1      9:46–9:51 AM    5.39      2:15–2:39 PM    5.90   +0.504    $+50.43  WIN 
  2025-04-10      260.0 REAL    1      9:46–9:51 AM    8.27      2:15–2:39 PM   10.94   +2.669   $+266.87  WIN 
  2025-04-17      242.5 REAL    1      9:46–9:51 AM    2.80      2:15–2:39 PM    1.58   -1.220   $-121.97  LOSS
  2025-04-24      250.0 REAL    1      9:46–9:51 AM    4.07      2:15–2:39 PM    1.98   -2.086   $-208.58  LOSS
  2025-05-01      282.5 REAL    1      9:46–9:51 AM    5.23      2:15–2:39 PM    5.03   -0.198    $-19.75  LOSS
  2025-05-08      282.5 REAL    1      9:46–9:51 AM    4.03      2:15–2:39 PM    2.07   -1.958   $-195.75  LOSS
  2025-05-15      337.5 REAL    1      9:46–9:51 AM    6.52      2:15–2:39 PM    2.94   -3.583   $-358.30  LOSS
  2025-05-22      332.5 REAL    1      9:46–9:51 AM    4.84      2:15–2:39 PM    1.00   -3.834   $-383.41  LOSS
  2025-05-29      365.0 REAL    1      9:46–9:51 AM    6.68      2:15–2:39 PM    9.74   +3.064   $+306.42  WIN 
  2025-06-05      325.0 REAL    1      9:46–9:51 AM   13.52      2:15–2:39 PM   27.35  +13.831  $+1383.13  WIN 
  2025-06-12      322.5 REAL    1      9:46–9:51 AM    4.04      2:15–2:39 PM    5.67   +1.637   $+163.66  WIN 
  2025-06-19        0.0 MISS    —      9:46–9:51 AM       —      2:15–2:39 PM       —        —          —  skip
  2025-06-26      325.0 REAL    1      9:46–9:51 AM    4.05      2:15–2:39 PM    3.06   -0.990    $-98.99  LOSS
  2025-07-03      317.5 REAL    —      9:46–9:51 AM       —      2:15–2:39 PM       —        —          —  skip
  2025-07-10      302.5 REAL    1      9:46–9:51 AM    2.85      2:15–2:39 PM    1.77   -1.080   $-107.97  LOSS
  2025-07-17      322.5 REAL    1      9:46–9:51 AM    4.10      2:15–2:39 PM    5.11   +1.014   $+101.43  WIN 
  2025-07-24      307.5 REAL    1      9:46–9:51 AM    5.90      2:15–2:39 PM    6.07   +0.175    $+17.53  WIN 
  2025-07-31      320.0 REAL    1      9:46–9:51 AM    4.29      2:15–2:39 PM   12.23   +7.942   $+794.24  WIN 
  2025-08-07      320.0 REAL    1      9:46–9:51 AM    4.31      2:15–2:39 PM    4.92   +0.602    $+60.23  WIN 
  2025-08-14      335.0 REAL    1      9:46–9:51 AM    3.71      2:15–2:39 PM    4.40   +0.699    $+69.86  WIN 
  2025-08-21      322.5 REAL    1      9:46–9:51 AM    4.50      2:15–2:39 PM    4.58   +0.082     $+8.15  WIN 
  2025-08-28      352.5 REAL    1      9:46–9:51 AM    4.86      2:15–2:39 PM    8.65   +3.784   $+378.37  WIN 
  2025-09-04      335.0 REAL    1      9:46–9:51 AM    4.16      2:15–2:39 PM    2.98   -1.186   $-118.62  LOSS
  2025-09-11      350.0 REAL    1      9:46–9:51 AM    4.02      2:15–2:39 PM    0.39   -3.633   $-363.33  LOSS
  2025-09-18      427.5 REAL    1      9:46–9:51 AM    7.26      2:15–2:39 PM    7.92   +0.660    $+66.05  WIN 
  2025-09-25      432.5 REAL    1      9:46–9:51 AM    9.10      2:15–2:39 PM   10.70   +1.600   $+159.98  WIN 
  2025-10-02      470.0 REAL    1      9:46–9:51 AM   13.97      2:15–2:39 PM   30.11  +16.133  $+1613.27  WIN 
  2025-10-09      430.0 REAL    1      9:46–9:51 AM    5.90      2:15–2:39 PM    4.21   -1.692   $-169.25  LOSS
  2025-10-16      435.0 REAL    1      9:46–9:51 AM    6.75      2:15–2:39 PM   13.18   +6.429   $+642.91  WIN 
  2025-10-23      420.0 REAL    1      9:46–9:51 AM    7.34      2:15–2:39 PM    0.64   -6.698   $-669.84  LOSS
  2025-10-30      450.0 REAL    1      9:46–9:51 AM    5.00      2:15–2:39 PM    9.73   +4.724   $+472.37  WIN 
  2025-11-06      457.5 REAL    1      9:46–9:51 AM    7.79      2:15–2:39 PM   14.77   +6.975   $+697.47  WIN 
  2025-11-13      422.5 REAL    1      9:46–9:51 AM    8.13      2:15–2:39 PM   22.55  +14.424  $+1442.40  WIN 
  2025-11-20      415.0 REAL    1      9:46–9:51 AM    3.20      2:15–2:39 PM   15.79  +12.591  $+1259.13  WIN 
  2025-11-27        0.0 MISS    —      9:46–9:51 AM       —      2:15–2:39 PM       —        —          —  skip
  2025-12-04      450.0 REAL    1      9:46–9:51 AM    4.25      2:15–2:39 PM    5.44   +1.187   $+118.72  WIN 
  2025-12-11      447.5 REAL    1      9:46–9:51 AM    7.32      2:15–2:39 PM    4.22   -3.097   $-309.68  LOSS
  2025-12-18      480.0 REAL    1      9:46–9:51 AM    8.12      2:15–2:39 PM    3.25   -4.864   $-486.38  LOSS
  2025-12-25        0.0 MISS    —      9:46–9:51 AM       —      2:15–2:39 PM       —        —          —  skip
  2026-01-01        0.0 MISS    —      9:46–9:51 AM       —      2:15–2:39 PM       —        —          —  skip
  2026-01-08      425.0 REAL    1      9:46–9:51 AM    3.00      2:15–2:39 PM    1.29   -1.704   $-170.39  LOSS
  2026-01-15      442.5 REAL    1      9:46–9:51 AM    3.96      2:15–2:39 PM    4.25   +0.295    $+29.46  WIN 
  2026-01-22      435.0 REAL    1      9:46–9:51 AM    4.89      2:15–2:39 PM    0.66   -4.232   $-423.25  LOSS
  2026-01-29      437.5 REAL    1      9:46–9:51 AM   12.43      2:15–2:39 PM   18.64   +6.213   $+621.33  WIN 
  2026-02-05      397.5 REAL    1      9:46–9:51 AM    5.73      2:15–2:39 PM    4.71   -1.029   $-102.86  LOSS
  2026-02-12      432.5 REAL    1      9:46–9:51 AM    5.86      2:15–2:39 PM   17.63  +11.770  $+1177.01  WIN 
  2026-02-19      405.0 REAL    1      9:46–9:51 AM    4.39      2:15–2:39 PM    2.25   -2.144   $-214.37  LOSS
  2026-02-26      412.5 REAL    1      9:46–9:51 AM    4.44      2:15–2:39 PM    5.80   +1.358   $+135.82  WIN 
  2026-03-05      402.5 REAL    1      9:46–9:51 AM    3.54      2:15–2:39 PM    4.92   +1.379   $+137.95  WIN 
  2026-03-12      405.0 REAL    1      9:46–9:51 AM    5.70      2:15–2:39 PM    8.78   +3.083   $+308.26  WIN 
  2026-03-19      382.5 REAL    1      9:46–9:51 AM    5.01      2:15–2:39 PM    4.13   -0.875    $-87.54  LOSS
  2026-03-26      382.5 REAL    1      9:46–9:51 AM    4.28      2:15–2:39 PM    8.32   +4.039   $+403.93  WIN 
  2026-04-02      365.0 REAL    1      9:46–9:51 AM    1.79      2:15–2:39 PM    5.25   +3.455   $+345.55  WIN 
  2026-04-09      342.5 REAL    1      9:46–9:51 AM    5.89      2:15–2:39 PM    2.54   -3.357   $-335.65  LOSS
  2026-04-16      392.5 REAL    1      9:46–9:51 AM    9.56      2:15–2:39 PM    7.74   -1.824   $-182.44  LOSS
  2026-04-23      372.5 REAL    1      9:46–9:51 AM    2.74      2:15–2:39 PM    3.31   +0.569    $+56.92  WIN 
  2026-04-30      370.0 REAL    1      9:46–9:51 AM    3.80      2:15–2:39 PM    0.63   -3.170   $-317.04  LOSS
  2026-05-07      407.5 REAL    1      9:46–9:51 AM    4.50      2:15–2:39 PM    5.04   +0.537    $+53.73  WIN 
  2026-05-14      445.0 REAL    1      9:46–9:51 AM    7.85      2:15–2:39 PM    6.07   -1.778   $-177.79  LOSS
  2026-05-21      420.0 REAL    1      9:46–9:51 AM    5.90      2:15–2:39 PM    3.82   -2.084   $-208.42  LOSS
  2026-05-28      437.5 REAL    1      9:46–9:51 AM    5.53      2:15–2:39 PM    2.53   -2.997   $-299.72  LOSS
  2026-06-04      420.0 REAL    1      9:46–9:51 AM    4.36      2:15–2:39 PM    4.27   -0.090     $-8.96  LOSS
  2026-06-11      387.5 REAL    1      9:46–9:51 AM    8.65      2:15–2:39 PM    4.32   -4.330   $-433.03  LOSS
  2026-06-18      397.5 REAL    1      9:46–9:51 AM    9.32      2:15–2:39 PM    3.11   -6.212   $-621.19  LOSS
  2026-06-25      377.5 REAL    1      9:46–9:51 AM    7.14      2:15–2:39 PM    5.48   -1.663   $-166.27  LOSS
  2026-07-02      427.5 REAL    1      9:46–9:51 AM   14.48      2:15–2:39 PM   33.65  +19.167  $+1916.70  WIN 

  SUMMARY (optimal frames)  trades: 97   wins: 49/97   win rate: 50.5%   total P&L: $+12,165.60   avg/trade: $+125.42
           best day: $+1916.70   worst day: $-669.84   skipped (no data): 7
           premium spent: $57,599.20   return on spend: +21.1%

  TSLA PUTS — HEATMAPS   (entry-frame start ↓  exit-frame start →   cyan = chosen optimal)

  Each cell = best frame pair starting in that 30-min bucket (best over all durations).

  1) WIN RATE %  (wins ÷ trades)
    Entry |   9:30  10:00  10:30  11:00  11:30  12:00  12:30   1:00   1:30   2:00   2:30   3:00   3:30
  --------+-------------------------------------------------------------------------------------------
     9:30 |    49%    50%    49%    48%    48%    48%    46%    49%    51%    51%    52%    47%    47%
    10:00 |      ·    53%    53%    53%    54%    51%    52%    53%    53%    53%    51%    49%    48%
    10:30 |      ·      ·    53%    53%    51%    51%    52%    52%    51%    49%    52%    45%    46%
    11:00 |      ·      ·      ·    49%    47%    48%    51%    48%    49%    54%    47%    50%    50%
    11:30 |      ·      ·      ·      ·    43%    43%    46%    45%    48%    49%    55%    46%    47%
    12:00 |      ·      ·      ·      ·      ·    49%    48%    48%    52%    56%    55%    50%    45%
    12:30 |      ·      ·      ·      ·      ·      ·    50%    49%    51%    53%    54%    47%    45%
     1:00 |      ·      ·      ·      ·      ·      ·      ·    53%    55%    55%    58%    49%    48%
     1:30 |      ·      ·      ·      ·      ·      ·      ·      ·    54%    57%    55%    48%    48%
     2:00 |      ·      ·      ·      ·      ·      ·      ·      ·      ·    55%    49%    44%    44%
     2:30 |      ·      ·      ·      ·      ·      ·      ·      ·      ·      ·    52%    47%    45%
     3:00 |      ·      ·      ·      ·      ·      ·      ·      ·      ·      ·      ·    46%    49%
     3:30 |      ·      ·      ·      ·      ·      ·      ·      ·      ·      ·      ·      ·    48%

  2) WIN COUNT  (number of winning trades)
    Entry |   9:30  10:00  10:30  11:00  11:30  12:00  12:30   1:00   1:30   2:00   2:30   3:00   3:30
  --------+-------------------------------------------------------------------------------------------
     9:30 |     48     49     48     47     47     47     45     48     49     49     50     45     45
    10:00 |      ·     52     52     52     53     50     51     51     51     51     49     47     46
    10:30 |      ·      ·     52     52     50     50     51     50     49     48     50     43     44
    11:00 |      ·      ·      ·     48     46     47     48     47     48     52     45     48     48
    11:30 |      ·      ·      ·      ·     42     42     45     43     46     47     53     44     45
    12:00 |      ·      ·      ·      ·      ·     48     47     47     50     54     53     48     43
    12:30 |      ·      ·      ·      ·      ·      ·     48     48     49     50     52     46     43
     1:00 |      ·      ·      ·      ·      ·      ·      ·     51     53     52     56     48     46
     1:30 |      ·      ·      ·      ·      ·      ·      ·      ·     52     55     53     46     46
     2:00 |      ·      ·      ·      ·      ·      ·      ·      ·      ·     52     46     42     41
     2:30 |      ·      ·      ·      ·      ·      ·      ·      ·      ·      ·     49     45     43
     3:00 |      ·      ·      ·      ·      ·      ·      ·      ·      ·      ·      ·     44     47
     3:30 |      ·      ·      ·      ·      ·      ·      ·      ·      ·      ·      ·      ·     47

  3a) AVG P&L PER TRADE  ($ per contract)
    Entry |   9:30  10:00  10:30  11:00  11:30  12:00  12:30   1:00   1:30   2:00   2:30   3:00   3:30
  --------+-------------------------------------------------------------------------------------------
     9:30 |    +85    +74    +87    +91   +101   +102   +106   +105   +119   +124   +119    +96    +89
    10:00 |      ·    +63    +76    +77    +89    +93   +100   +102   +107   +109   +111    +87    +82
    10:30 |      ·      ·    +58    +60    +71    +73    +75    +82    +87    +93    +92    +68    +65
    11:00 |      ·      ·      ·    +54    +66    +67    +69    +69    +80    +82    +75    +54    +52
    11:30 |      ·      ·      ·      ·    +63    +64    +63    +69    +77    +84    +54    +51    +46
    12:00 |      ·      ·      ·      ·      ·    +37    +43    +44    +49    +52    +52    +29    +29
    12:30 |      ·      ·      ·      ·      ·      ·    +19    +27    +33    +36    +34    +34    +37
     1:00 |      ·      ·      ·      ·      ·      ·      ·    +33    +37    +41    +37    +41    +45
     1:30 |      ·      ·      ·      ·      ·      ·      ·      ·    +40    +44    +44    +45    +48
     2:00 |      ·      ·      ·      ·      ·      ·      ·      ·      ·    +15    +12    +19    +15
     2:30 |      ·      ·      ·      ·      ·      ·      ·      ·      ·      ·     +7    +21     +9
     3:00 |      ·      ·      ·      ·      ·      ·      ·      ·      ·      ·      ·    +23    +11
     3:30 |      ·      ·      ·      ·      ·      ·      ·      ·      ·      ·      ·      ·     +5

  3b) TOTAL P&L  ($ per contract, summed over all Thursdays)
    Entry |    9:30   10:00   10:30   11:00   11:30   12:00   12:30    1:00    1:30    2:00    2:30    3:00    3:30
  --------+--------------------------------------------------------------------------------------------------------
     9:30 |   +8333   +7250   +8519   +8961   +9830   +9924  +10238  +10197  +11538  +12033  +11518   +9084   +8502
    10:00 |       ·   +6190   +7429   +7550   +8677   +9133   +9753   +9885  +10336  +10585  +10778   +8305   +7905
    10:30 |       ·       ·   +5655   +5928   +6959   +7130   +7321   +7973   +8422   +9067   +8937   +6558   +6253
    11:00 |       ·       ·       ·   +5283   +6488   +6575   +6522   +6730   +7804   +7996   +7220   +5158   +4978
    11:30 |       ·       ·       ·       ·   +6077   +6162   +6137   +6615   +7421   +8108   +5247   +4876   +4359
    12:00 |       ·       ·       ·       ·       ·   +3598   +4187   +4299   +4760   +5022   +5021   +2804   +2749
    12:30 |       ·       ·       ·       ·       ·       ·   +1863   +2630   +3209   +3410   +3309   +3325   +3508
     1:00 |       ·       ·       ·       ·       ·       ·       ·   +3133   +3568   +3854   +3590   +4007   +4290
     1:30 |       ·       ·       ·       ·       ·       ·       ·       ·   +3867   +4263   +4237   +4293   +4593
     2:00 |       ·       ·       ·       ·       ·       ·       ·       ·       ·   +1381   +1113   +1781   +1405
     2:30 |       ·       ·       ·       ·       ·       ·       ·       ·       ·       ·    +697   +1982    +842
     3:00 |       ·       ·       ·       ·       ·       ·       ·       ·       ·       ·       ·   +2199   +1035
     3:30 |       ·       ·       ·       ·       ·       ·       ·       ·       ·       ·       ·       ·    +491

──────────────────────────────────────────────────────────────────────────────────────
  TSLA PUTS — TOP 15 FRAME PAIRS (by win_rate × avg payoff)
──────────────────────────────────────────────────────────────────────────────────────
   #        Entry frame         Exit frame  Trades   Wins    Win%    Avg P&L     Total P&L
  --  -----------------  -----------------  ------  -----  ------  ---------  ------------
   1       9:45–9:50 AM       2:10–2:40 PM      97     49  50.5%   $+124.05   $+12,032.68
   2       9:45–9:50 AM       2:15–2:35 PM      97     49  50.5%   $+123.05   $+11,935.45
   3       9:45–9:50 AM       2:05–2:50 PM      97     49  50.5%   $+122.84   $+11,915.61
   4       9:45–9:50 AM       2:20–2:40 PM      97     48  49.5%   $+124.78   $+12,103.41
   5       9:45–9:55 AM       2:30–2:50 PM      97     50  51.5%   $+118.74   $+11,517.67
   6       9:45–9:50 AM       2:00–2:45 PM      97     49  50.5%   $+121.04   $+11,740.62
   7       9:45–9:50 AM       2:10–2:25 PM      97     48  49.5%   $+123.16   $+11,946.41
   8       9:45–9:50 AM       2:15–2:30 PM      97     48  49.5%   $+122.93   $+11,924.67
   9       9:45–9:50 AM       2:10–2:20 PM      97     48  49.5%   $+122.50   $+11,882.35
  10       9:40–9:55 AM       2:20–2:40 PM      97     49  50.5%   $+119.94   $+11,633.75
  11       9:45–9:55 AM       2:20–2:50 PM      97     49  50.5%   $+119.39   $+11,581.04
  12       9:40–9:55 AM       2:15–2:45 PM      97     49  50.5%   $+119.37   $+11,578.57
  13       9:40–9:55 AM       2:30–2:40 PM      97     49  50.5%   $+119.22   $+11,564.34
  14       9:40–9:55 AM       2:10–2:40 PM      97     49  50.5%   $+119.21   $+11,563.01
  15       9:45–9:50 AM       2:10–2:30 PM      97     48  49.5%   $+121.63   $+11,798.46

──────────────────────────────────────────────────────────────────────────────────────
  Saved CSV: C:\actions-runner\_work\EoD_OptionTrading\EoD_OptionTrading\results\thursday-intraday\backtest_thursday_intraday_timeframe_puts_730days_2026-07-09_1404.csv
  Saved TXT: C:\actions-runner\_work\EoD_OptionTrading\EoD_OptionTrading\results\thursday-intraday\backtest_thursday_intraday_timeframe_puts_730days_2026-07-09_1404.txt
  Saved TXT (outliers removed): C:\actions-runner\_work\EoD_OptionTrading\EoD_OptionTrading\results\thursday-intraday\backtest_thursday_intraday_timeframe_puts_730days_2026-07-09_1404_outliers_removed.txt
──────────────────────────────────────────────────────────────────────────────────────


====================================================================
  STRATEGY SUMMARY — Thursday intraday optimal entry/exit (AAPL & TSLA)
====================================================================
  Data source : REAL Alpaca option bars
  Trades      : 390
  Win rate    : 52.0%
  Total P&L   : $21,261.12
  Avg / trade : $54.52
  Max drawdown: $-2,165.16
  Best intraday entry/exit frame per leg (buy → sell, same Thursday):
    AAPL_CALL  : enter  10:08–10:13 AM  exit  10:36–10:41 AM  (win 54%, $1,736)
    AAPL_PUT   : enter    9:30–9:35 AM  exit    9:42–9:49 AM  (win 54%, $2,058)
    TSLA_CALL  : enter  12:31–12:36 PM  exit    1:00–1:15 PM  (win 49%, $1,576)
    TSLA_PUT   : enter    9:31–9:36 AM  exit    3:15–3:25 PM  (win 51%, $15,892)
====================================================================

===STRATEGY_SUMMARY_JSON===
{"status": "ok", "strategy": "thursday-intraday", "tickers": ["AAPL", "TSLA"], "entry_day": "Thursday (intraday \u2014 buy and sell the same session)", "expiry": "Friday weekly (1DTE; 0DTE only when Friday is a holiday)", "session": "9:30 AM-4:00 PM ET", "lookback_days": 730, "target_spend": 1.0, "outlier_max": 2000, "n_trades": 390, "win_rate": 0.5205, "total_pnl": 21261.12, "avg_pnl": 54.52, "best_trade": 3933.69, "worst_trade": -858.9, "max_drawdown": -2165.16, "sharpe": 0.151, "data_source": "REAL Alpaca option bars", "legs": {"AAPL_CALL": {"ticker": "AAPL", "opt_type": "CALL", "entry_frame": "10:08\u201310:13 AM", "exit_frame": "10:36\u201310:41 AM", "entry_minutes": 5, "exit_minutes": 5, "n_trades": 98, "wins": 53, "win_rate": 0.5408, "total_pnl": 1735.52, "avg_pnl": 17.71, "best_day": 269.4, "worst_day": -80.4, "premium_spent": 20825.85, "return_on_spend": 0.0833, "data_source": "REAL Alpaca option bars"}, "AAPL_PUT": {"ticker": "AAPL", "opt_type": "PUT", "entry_frame": "9:30\u20139:35 AM", "exit_frame": "9:42\u20139:49 AM", "entry_minutes": 5, "exit_minutes": 7, "n_trades": 98, "wins": 53, "win_rate": 0.5408, "total_pnl": 2057.52, "avg_pnl": 21.0, "best_day": 576.43, "worst_day": -115.63, "premium_spent": 21736.73, "return_on_spend": 0.0947, "data_source": "REAL Alpaca option bars"}, "TSLA_CALL": {"ticker": "TSLA", "opt_type": "CALL", "entry_frame": "12:31\u201312:36 PM", "exit_frame": "1:00\u20131:15 PM", "entry_minutes": 5, "exit_minutes": 15, "n_trades": 97, "wins": 48, "win_rate": 0.4948, "total_pnl": 1576.49, "avg_pnl": 16.25, "best_day": 817.2, "worst_day": -388.1, "premium_spent": 47089.25, "return_on_spend": 0.0335, "data_source": "REAL Alpaca option bars"}, "TSLA_PUT": {"ticker": "TSLA", "opt_type": "PUT", "entry_frame": "9:31\u20139:36 AM", "exit_frame": "3:15\u20133:25 PM", "entry_minutes": 5, "exit_minutes": 10, "n_trades": 97, "wins": 49, "win_rate": 0.5052, "total_pnl": 15891.59, "avg_pnl": 163.83, "best_day": 3933.69, "worst_day": -858.9, "premium_spent": 55105.2, "return_on_spend": 0.2884, "data_source": "REAL Alpaca option bars"}}, "outliers_removed": {"n_trades": 390, "win_rate": 0.5205, "total_pnl": 17535.13, "avg_pnl": 44.96, "best_trade": 1916.7, "worst_trade": -669.84, "max_drawdown": -2639.86, "sharpe": 0.165, "data_source": "REAL Alpaca option bars", "legs": {"AAPL_CALL": {"ticker": "AAPL", "opt_type": "CALL", "entry_frame": "10:08\u201310:13 AM", "exit_frame": "10:36\u201310:41 AM", "entry_minutes": 5, "exit_minutes": 5, "n_trades": 98, "wins": 53, "win_rate": 0.5408, "total_pnl": 1735.52, "avg_pnl": 17.71, "best_day": 269.4, "worst_day": -80.4, "premium_spent": 20825.85, "return_on_spend": 0.0833, "data_source": "REAL Alpaca option bars"}, "AAPL_PUT": {"ticker": "AAPL", "opt_type": "PUT", "entry_frame": "9:30\u20139:35 AM", "exit_frame": "9:42\u20139:49 AM", "entry_minutes": 5, "exit_minutes": 7, "n_trades": 98, "wins": 53, "win_rate": 0.5408, "total_pnl": 2057.52, "avg_pnl": 21.0, "best_day": 576.43, "worst_day": -115.63, "premium_spent": 21736.73, "return_on_spend": 0.0947, "data_source": "REAL Alpaca option bars"}, "TSLA_CALL": {"ticker": "TSLA", "opt_type": "CALL", "entry_frame": "12:31\u201312:36 PM", "exit_frame": "1:00\u20131:15 PM", "entry_minutes": 5, "exit_minutes": 15, "n_trades": 97, "wins": 48, "win_rate": 0.4948, "total_pnl": 1576.49, "avg_pnl": 16.25, "best_day": 817.2, "worst_day": -388.1, "premium_spent": 47089.25, "return_on_spend": 0.0335, "data_source": "REAL Alpaca option bars"}, "TSLA_PUT": {"ticker": "TSLA", "opt_type": "PUT", "entry_frame": "9:46\u20139:51 AM", "exit_frame": "2:15\u20132:39 PM", "entry_minutes": 5, "exit_minutes": 24, "n_trades": 97, "wins": 49, "win_rate": 0.5052, "total_pnl": 12165.6, "avg_pnl": 125.42, "best_day": 1916.7, "worst_day": -669.84, "premium_spent": 57599.2, "return_on_spend": 0.2112, "data_source": "REAL Alpaca option bars"}}, "removed_dates": [], "outlier_max": 2000}, "generated_at": "2026-07-09T18:05:21.134728+00:00"}
===END_SUMMARY===

=== strategy stderr ===

