=== pip install ===

=== strategy stdout (exit 0) ===

════════════════════════════════════════════════════════════════════════════════════════════
  ALL-WEEKDAY PRICE-LEVEL-TOUCH ANALYSIS (PERCENTAGE)
  Scan days      : Monday, Tuesday, Wednesday, Thursday, Friday
  Lookback window: 730 calendar days
  Scan session   : 9:30 AM–4:00 PM ET, 1-minute bars
  Baseline       : prior trading day 3:50–3:55 PM ET + 3:50–55 average
  Touch = scan-day session high/low reaches prior-day ref × (1 ± pct) across the 14-level ladder (0.5% → 15%), for all five weekdays; swings shown as % of reference ($ in brackets).
════════════════════════════════════════════════════════════════════════════════════════════
  Data source: Alpaca Markets API
  Tickers / thresholds: TSLA ±[0.50%, 0.75%, 1.00%, 1.25%, 1.50%, 2.00%, 2.50%, 3.00%, 3.50%, 4.00%, 5.00%, 7.00%, 10.00%, 15.00%]   AAPL ±[0.50%, 0.75%, 1.00%, 1.25%, 1.50%, 2.00%, 2.50%, 3.00%, 3.50%, 4.00%, 5.00%, 7.00%, 10.00%, 15.00%]

  Analyzing TSLA (thresholds ±0.50%, 0.75%, 1.00%, 1.25%, 1.50%, 2.00%, 2.50%, 3.00%, 3.50%, 4.00%, 5.00%, 7.00%, 10.00%, 15.00%; days: Monday, Tuesday, Wednesday, Thursday, Friday)...
  Analyzing AAPL (thresholds ±0.50%, 0.75%, 1.00%, 1.25%, 1.50%, 2.00%, 2.50%, 3.00%, 3.50%, 4.00%, 5.00%, 7.00%, 10.00%, 15.00%; days: Monday, Tuesday, Wednesday, Thursday, Friday)...

████████████████████████████████████████████████████████████████████████████████████████████
════════════════════════════════════════════════════════════════════════════════════════════
  TSLA  —  level thresholds ±0.50% / 0.75% / 1.00% / 1.25% / 1.50% / 2.00% / 2.50% / 3.00% / 3.50% / 4.00% / 5.00% / 7.00% / 10.00% / 15.00%   (prior-day close baseline → scan-day touch)
════════════════════════════════════════════════════════════════════════════════════════════

  ──────── MONDAY  (baseline = prior Friday 3:50–55 PM) ────────
     Mondays analyzed: 95   skipped (no data): 9   (7 week(s) used an earlier baseline — holiday)

     ── ±0.5% level ──
        base ref sessions        +0.5% hit        -0.5% hit            Both         Neither
     ----------- --------   --------------   --------------   -------------   -------------
         3:50 PM       95       71 (74.7%)       59 (62.1%)      35 (36.8%)        0 (0.0%)  
         3:51 PM       95       71 (74.7%)       59 (62.1%)      35 (36.8%)        0 (0.0%)  
         3:52 PM       95       71 (74.7%)       59 (62.1%)      35 (36.8%)        0 (0.0%)  
         3:53 PM       95       71 (74.7%)       59 (62.1%)      35 (36.8%)        0 (0.0%) ◀
         3:54 PM       95       70 (73.7%)       58 (61.1%)      33 (34.7%)        0 (0.0%)  
         3:55 PM       95       71 (74.7%)       61 (64.2%)      37 (38.9%)        0 (0.0%)  
     3:50–55 avg       95       71 (74.7%)       59 (62.1%)      35 (36.8%)        0 (0.0%)  

     ── ±0.75% level ──
        base ref sessions       +0.75% hit       -0.75% hit            Both         Neither
     ----------- --------   --------------   --------------   -------------   -------------
         3:50 PM       95       69 (72.6%)       57 (60.0%)      31 (32.6%)        0 (0.0%)  
         3:51 PM       95       70 (73.7%)       56 (58.9%)      31 (32.6%)        0 (0.0%)  
         3:52 PM       95       70 (73.7%)       56 (58.9%)      31 (32.6%)        0 (0.0%)  
         3:53 PM       95       69 (72.6%)       57 (60.0%)      31 (32.6%)        0 (0.0%) ◀
         3:54 PM       95       69 (72.6%)       56 (58.9%)      30 (31.6%)        0 (0.0%)  
         3:55 PM       95       69 (72.6%)       56 (58.9%)      30 (31.6%)        0 (0.0%)  
     3:50–55 avg       95       70 (73.7%)       56 (58.9%)      31 (32.6%)        0 (0.0%)  

     ── ±1% level ──
        base ref sessions          +1% hit          -1% hit            Both         Neither
     ----------- --------   --------------   --------------   -------------   -------------
         3:50 PM       95       66 (69.5%)       56 (58.9%)      27 (28.4%)        0 (0.0%)  
         3:51 PM       95       69 (72.6%)       55 (57.9%)      29 (30.5%)        0 (0.0%)  
         3:52 PM       95       69 (72.6%)       56 (58.9%)      30 (31.6%)        0 (0.0%)  
         3:53 PM       95       68 (71.6%)       56 (58.9%)      29 (30.5%)        0 (0.0%) ◀
         3:54 PM       95       68 (71.6%)       56 (58.9%)      29 (30.5%)        0 (0.0%)  
         3:55 PM       95       68 (71.6%)       55 (57.9%)      28 (29.5%)        0 (0.0%)  
     3:50–55 avg       95       67 (70.5%)       56 (58.9%)      28 (29.5%)        0 (0.0%)  

     ── ±1.25% level ──
        base ref sessions       +1.25% hit       -1.25% hit            Both         Neither
     ----------- --------   --------------   --------------   -------------   -------------
         3:50 PM       95       65 (68.4%)       53 (55.8%)      23 (24.2%)        0 (0.0%)  
         3:51 PM       95       65 (68.4%)       53 (55.8%)      23 (24.2%)        0 (0.0%)  
         3:52 PM       95       65 (68.4%)       54 (56.8%)      24 (25.3%)        0 (0.0%)  
         3:53 PM       95       66 (69.5%)       54 (56.8%)      25 (26.3%)        0 (0.0%) ◀
         3:54 PM       95       66 (69.5%)       53 (55.8%)      24 (25.3%)        0 (0.0%)  
         3:55 PM       95       64 (67.4%)       53 (55.8%)      23 (24.2%)        1 (1.1%)  
     3:50–55 avg       95       66 (69.5%)       54 (56.8%)      25 (26.3%)        0 (0.0%)  

     ── ±1.5% level ──
        base ref sessions        +1.5% hit        -1.5% hit            Both         Neither
     ----------- --------   --------------   --------------   -------------   -------------
         3:50 PM       95       63 (66.3%)       51 (53.7%)      20 (21.1%)        1 (1.1%)  
         3:51 PM       95       63 (66.3%)       51 (53.7%)      20 (21.1%)        1 (1.1%)  
         3:52 PM       95       64 (67.4%)       49 (51.6%)      19 (20.0%)        1 (1.1%)  
         3:53 PM       95       64 (67.4%)       51 (53.7%)      21 (22.1%)        1 (1.1%) ◀
         3:54 PM       95       61 (64.2%)       51 (53.7%)      19 (20.0%)        2 (2.1%)  
         3:55 PM       95       61 (64.2%)       50 (52.6%)      18 (18.9%)        2 (2.1%)  
     3:50–55 avg       95       64 (67.4%)       51 (53.7%)      21 (22.1%)        1 (1.1%)  

     ── ±2% level ──
        base ref sessions          +2% hit          -2% hit            Both         Neither
     ----------- --------   --------------   --------------   -------------   -------------
         3:50 PM       95       52 (54.7%)       41 (43.2%)        7 (7.4%)        9 (9.5%)  
         3:51 PM       95       52 (54.7%)       42 (44.2%)        8 (8.4%)        9 (9.5%)  
         3:52 PM       95       53 (55.8%)       44 (46.3%)      10 (10.5%)        8 (8.4%)  
         3:53 PM       95       53 (55.8%)       44 (46.3%)        9 (9.5%)        7 (7.4%) ◀
         3:54 PM       95       53 (55.8%)       46 (48.4%)        9 (9.5%)        5 (5.3%)  
         3:55 PM       95       53 (55.8%)       46 (48.4%)      10 (10.5%)        6 (6.3%)  
     3:50–55 avg       95       53 (55.8%)       44 (46.3%)        9 (9.5%)        7 (7.4%)  

     ── ±2.5% level ──
        base ref sessions        +2.5% hit        -2.5% hit            Both         Neither
     ----------- --------   --------------   --------------   -------------   -------------
         3:50 PM       95       47 (49.5%)       37 (38.9%)        4 (4.2%)      15 (15.8%)  
         3:51 PM       95       48 (50.5%)       36 (37.9%)        5 (5.3%)      16 (16.8%)  
         3:52 PM       95       47 (49.5%)       36 (37.9%)        4 (4.2%)      16 (16.8%)  
         3:53 PM       95       46 (48.4%)       38 (40.0%)        4 (4.2%)      15 (15.8%) ◀
         3:54 PM       95       46 (48.4%)       38 (40.0%)        5 (5.3%)      16 (16.8%)  
         3:55 PM       95       48 (50.5%)       40 (42.1%)        6 (6.3%)      13 (13.7%)  
     3:50–55 avg       95       47 (49.5%)       37 (38.9%)        4 (4.2%)      15 (15.8%)  

     ── ±3% level ──
        base ref sessions          +3% hit          -3% hit            Both         Neither
     ----------- --------   --------------   --------------   -------------   -------------
         3:50 PM       95       41 (43.2%)       35 (36.8%)        4 (4.2%)      23 (24.2%)  
         3:51 PM       95       42 (44.2%)       33 (34.7%)        4 (4.2%)      24 (25.3%)  
         3:52 PM       95       42 (44.2%)       33 (34.7%)        4 (4.2%)      24 (25.3%)  
         3:53 PM       95       41 (43.2%)       33 (34.7%)        4 (4.2%)      25 (26.3%) ◀
         3:54 PM       95       41 (43.2%)       35 (36.8%)        4 (4.2%)      23 (24.2%)  
         3:55 PM       95       38 (40.0%)       35 (36.8%)        4 (4.2%)      26 (27.4%)  
     3:50–55 avg       95       42 (44.2%)       34 (35.8%)        4 (4.2%)      23 (24.2%)  

     ── ±3.5% level ──
        base ref sessions        +3.5% hit        -3.5% hit            Both         Neither
     ----------- --------   --------------   --------------   -------------   -------------
         3:50 PM       95       35 (36.8%)       28 (29.5%)        4 (4.2%)      36 (37.9%)  
         3:51 PM       95       36 (37.9%)       28 (29.5%)        4 (4.2%)      35 (36.8%)  
         3:52 PM       95       36 (37.9%)       29 (30.5%)        4 (4.2%)      34 (35.8%)  
         3:53 PM       95       35 (36.8%)       29 (30.5%)        4 (4.2%)      35 (36.8%) ◀
         3:54 PM       95       34 (35.8%)       30 (31.6%)        3 (3.2%)      34 (35.8%)  
         3:55 PM       95       34 (35.8%)       29 (30.5%)        3 (3.2%)      35 (36.8%)  
     3:50–55 avg       95       36 (37.9%)       29 (30.5%)        4 (4.2%)      34 (35.8%)  

     ── ±4% level ──
        base ref sessions          +4% hit          -4% hit            Both         Neither
     ----------- --------   --------------   --------------   -------------   -------------
         3:50 PM       95       32 (33.7%)       21 (22.1%)        2 (2.1%)      44 (46.3%)  
         3:51 PM       95       33 (34.7%)       21 (22.1%)        3 (3.2%)      44 (46.3%)  
         3:52 PM       95       31 (32.6%)       20 (21.1%)        3 (3.2%)      47 (49.5%)  
         3:53 PM       95       31 (32.6%)       20 (21.1%)        3 (3.2%)      47 (49.5%) ◀
         3:54 PM       95       29 (30.5%)       22 (23.2%)        2 (2.1%)      46 (48.4%)  
         3:55 PM       95       30 (31.6%)       19 (20.0%)        3 (3.2%)      49 (51.6%)  
     3:50–55 avg       95       31 (32.6%)       21 (22.1%)        3 (3.2%)      46 (48.4%)  

     ── ±5% level ──
        base ref sessions          +5% hit          -5% hit            Both         Neither
     ----------- --------   --------------   --------------   -------------   -------------
         3:50 PM       95       20 (21.1%)         6 (6.3%)        0 (0.0%)      69 (72.6%)  
         3:51 PM       95       20 (21.1%)         6 (6.3%)        0 (0.0%)      69 (72.6%)  
         3:52 PM       95       21 (22.1%)         6 (6.3%)        1 (1.1%)      69 (72.6%)  
         3:53 PM       95       20 (21.1%)         6 (6.3%)        1 (1.1%)      70 (73.7%) ◀
         3:54 PM       95       18 (18.9%)         8 (8.4%)        0 (0.0%)      69 (72.6%)  
         3:55 PM       95       19 (20.0%)         6 (6.3%)        1 (1.1%)      71 (74.7%)  
     3:50–55 avg       95       19 (20.0%)         6 (6.3%)        0 (0.0%)      70 (73.7%)  

     ── ±7% level ──
        base ref sessions          +7% hit          -7% hit            Both         Neither
     ----------- --------   --------------   --------------   -------------   -------------
         3:50 PM       95         9 (9.5%)         5 (5.3%)        0 (0.0%)      81 (85.3%)  
         3:51 PM       95       10 (10.5%)         5 (5.3%)        0 (0.0%)      80 (84.2%)  
         3:52 PM       95       10 (10.5%)         5 (5.3%)        0 (0.0%)      80 (84.2%)  
         3:53 PM       95       10 (10.5%)         5 (5.3%)        0 (0.0%)      80 (84.2%) ◀
         3:54 PM       95       10 (10.5%)         5 (5.3%)        0 (0.0%)      80 (84.2%)  
         3:55 PM       95         9 (9.5%)         5 (5.3%)        0 (0.0%)      81 (85.3%)  
     3:50–55 avg       95       10 (10.5%)         5 (5.3%)        0 (0.0%)      80 (84.2%)  

     ── ±10% level ──
        base ref sessions         +10% hit         -10% hit            Both         Neither
     ----------- --------   --------------   --------------   -------------   -------------
         3:50 PM       95         3 (3.2%)         1 (1.1%)        0 (0.0%)      91 (95.8%)  
         3:51 PM       95         3 (3.2%)         1 (1.1%)        0 (0.0%)      91 (95.8%)  
         3:52 PM       95         3 (3.2%)         1 (1.1%)        0 (0.0%)      91 (95.8%)  
         3:53 PM       95         3 (3.2%)         1 (1.1%)        0 (0.0%)      91 (95.8%) ◀
         3:54 PM       95         3 (3.2%)         1 (1.1%)        0 (0.0%)      91 (95.8%)  
         3:55 PM       95         3 (3.2%)         1 (1.1%)        0 (0.0%)      91 (95.8%)  
     3:50–55 avg       95         3 (3.2%)         1 (1.1%)        0 (0.0%)      91 (95.8%)  

     ── ±15% level ──
        base ref sessions         +15% hit         -15% hit            Both         Neither
     ----------- --------   --------------   --------------   -------------   -------------
         3:50 PM       95         0 (0.0%)         0 (0.0%)        0 (0.0%)     95 (100.0%)  
         3:51 PM       95         0 (0.0%)         0 (0.0%)        0 (0.0%)     95 (100.0%)  
         3:52 PM       95         0 (0.0%)         0 (0.0%)        0 (0.0%)     95 (100.0%)  
         3:53 PM       95         0 (0.0%)         0 (0.0%)        0 (0.0%)     95 (100.0%) ◀
         3:54 PM       95         0 (0.0%)         0 (0.0%)        0 (0.0%)     95 (100.0%)  
         3:55 PM       95         0 (0.0%)         0 (0.0%)        0 (0.0%)     95 (100.0%)  
     3:50–55 avg       95         0 (0.0%)         0 (0.0%)        0 (0.0%)     95 (100.0%)  

     ── swings (same for all thresholds; % of reference, $ in brackets) ──
        base ref        avg up swing     avg down swing       max up swing     max down swing
     -----------   -----------------  -----------------  -----------------  -----------------
         3:50 PM      +2.76% ($9.78)     -1.61% ($5.42)   +12.31% ($30.54)   -10.97% ($26.41)
         3:51 PM      +2.76% ($9.80)     -1.60% ($5.40)   +12.30% ($30.52)   -10.84% ($26.07)
         3:52 PM      +2.77% ($9.81)     -1.60% ($5.39)   +12.29% ($30.50)   -10.57% ($25.33)
         3:53 PM      +2.73% ($9.69)     -1.64% ($5.51)   +12.33% ($30.59)   -10.68% ($25.62)
         3:54 PM      +2.65% ($9.47)     -1.71% ($5.73)   +11.94% ($29.71)   -10.88% ($26.18)
         3:55 PM      +2.66% ($9.48)     -1.70% ($5.72)   +12.54% ($31.04)   -10.45% ($25.02)
     3:50–55 avg      +2.72% ($9.67)     -1.64% ($5.53)   +12.28% ($30.48)   -10.73% ($25.77)

     Steadiest baseline  (avg |dev from 3:50–55 mean|, lower = steadier):
       3:53 PM $0.263 ◀    3:52 PM $0.297    3:51 PM $0.393    3:54 PM $0.477    3:50 PM $0.482    3:55 PM $0.630
     → Recommended Monday baseline: 3:53 PM

  ──────── TUESDAY  (baseline = prior Monday 3:50–55 PM) ────────
     Tuesdays analyzed: 104   skipped (no data): 0   (10 week(s) used an earlier baseline — holiday)

     ── ±0.5% level ──
        base ref sessions        +0.5% hit        -0.5% hit            Both         Neither
     ----------- --------   --------------   --------------   -------------   -------------
         3:50 PM      104       75 (72.1%)       73 (70.2%)      44 (42.3%)        0 (0.0%)  
         3:51 PM      104       77 (74.0%)       74 (71.2%)      47 (45.2%)        0 (0.0%)  
         3:52 PM      104       76 (73.1%)       75 (72.1%)      47 (45.2%)        0 (0.0%) ◀
         3:53 PM      104       75 (72.1%)       77 (74.0%)      48 (46.2%)        0 (0.0%)  
         3:54 PM      104       74 (71.2%)       77 (74.0%)      47 (45.2%)        0 (0.0%)  
         3:55 PM      104       72 (69.2%)       77 (74.0%)      45 (43.3%)        0 (0.0%)  
     3:50–55 avg      104       75 (72.1%)       76 (73.1%)      47 (45.2%)        0 (0.0%)  

     ── ±0.75% level ──
        base ref sessions       +0.75% hit       -0.75% hit            Both         Neither
     ----------- --------   --------------   --------------   -------------   -------------
         3:50 PM      104       67 (64.4%)       71 (68.3%)      34 (32.7%)        0 (0.0%)  
         3:51 PM      104       71 (68.3%)       72 (69.2%)      39 (37.5%)        0 (0.0%)  
         3:52 PM      104       69 (66.3%)       70 (67.3%)      35 (33.7%)        0 (0.0%) ◀
         3:53 PM      104       70 (67.3%)       72 (69.2%)      38 (36.5%)        0 (0.0%)  
         3:54 PM      104       67 (64.4%)       71 (68.3%)      34 (32.7%)        0 (0.0%)  
         3:55 PM      104       68 (65.4%)       73 (70.2%)      37 (35.6%)        0 (0.0%)  
     3:50–55 avg      104       69 (66.3%)       71 (68.3%)      36 (34.6%)        0 (0.0%)  

     ── ±1% level ──
        base ref sessions          +1% hit          -1% hit            Both         Neither
     ----------- --------   --------------   --------------   -------------   -------------
         3:50 PM      104       65 (62.5%)       69 (66.3%)      30 (28.8%)        0 (0.0%)  
         3:51 PM      104       65 (62.5%)       68 (65.4%)      31 (29.8%)        2 (1.9%)  
         3:52 PM      104       64 (61.5%)       69 (66.3%)      29 (27.9%)        0 (0.0%) ◀
         3:53 PM      104       64 (61.5%)       69 (66.3%)      29 (27.9%)        0 (0.0%)  
         3:54 PM      104       64 (61.5%)       70 (67.3%)      30 (28.8%)        0 (0.0%)  
         3:55 PM      104       61 (58.7%)       70 (67.3%)      27 (26.0%)        0 (0.0%)  
     3:50–55 avg      104       62 (59.6%)       69 (66.3%)      27 (26.0%)        0 (0.0%)  

     ── ±1.25% level ──
        base ref sessions       +1.25% hit       -1.25% hit            Both         Neither
     ----------- --------   --------------   --------------   -------------   -------------
         3:50 PM      104       59 (56.7%)       60 (57.7%)      21 (20.2%)        6 (5.8%)  
         3:51 PM      104       58 (55.8%)       61 (58.7%)      21 (20.2%)        6 (5.8%)  
         3:52 PM      104       59 (56.7%)       61 (58.7%)      21 (20.2%)        5 (4.8%) ◀
         3:53 PM      104       58 (55.8%)       62 (59.6%)      23 (22.1%)        7 (6.7%)  
         3:54 PM      104       58 (55.8%)       65 (62.5%)      21 (20.2%)        2 (1.9%)  
         3:55 PM      104       55 (52.9%)       65 (62.5%)      21 (20.2%)        5 (4.8%)  
     3:50–55 avg      104       58 (55.8%)       62 (59.6%)      22 (21.2%)        6 (5.8%)  

     ── ±1.5% level ──
        base ref sessions        +1.5% hit        -1.5% hit            Both         Neither
     ----------- --------   --------------   --------------   -------------   -------------
         3:50 PM      104       52 (50.0%)       57 (54.8%)      14 (13.5%)        9 (8.7%)  
         3:51 PM      104       51 (49.0%)       55 (52.9%)      13 (12.5%)      11 (10.6%)  
         3:52 PM      104       52 (50.0%)       57 (54.8%)      15 (14.4%)       10 (9.6%) ◀
         3:53 PM      104       52 (50.0%)       58 (55.8%)      15 (14.4%)        9 (8.7%)  
         3:54 PM      104       51 (49.0%)       59 (56.7%)      15 (14.4%)        9 (8.7%)  
         3:55 PM      104       52 (50.0%)       59 (56.7%)      16 (15.4%)        9 (8.7%)  
     3:50–55 avg      104       51 (49.0%)       58 (55.8%)      14 (13.5%)        9 (8.7%)  

     ── ±2% level ──
        base ref sessions          +2% hit          -2% hit            Both         Neither
     ----------- --------   --------------   --------------   -------------   -------------
         3:50 PM      104       42 (40.4%)       48 (46.2%)        7 (6.7%)      21 (20.2%)  
         3:51 PM      104       41 (39.4%)       48 (46.2%)        6 (5.8%)      21 (20.2%)  
         3:52 PM      104       42 (40.4%)       46 (44.2%)        8 (7.7%)      24 (23.1%) ◀
         3:53 PM      104       42 (40.4%)       47 (45.2%)        8 (7.7%)      23 (22.1%)  
         3:54 PM      104       44 (42.3%)       46 (44.2%)        8 (7.7%)      22 (21.2%)  
         3:55 PM      104       45 (43.3%)       48 (46.2%)        9 (8.7%)      20 (19.2%)  
     3:50–55 avg      104       43 (41.3%)       48 (46.2%)        8 (7.7%)      21 (20.2%)  

     ── ±2.5% level ──
        base ref sessions        +2.5% hit        -2.5% hit            Both         Neither
     ----------- --------   --------------   --------------   -------------   -------------
         3:50 PM      104       30 (28.8%)       36 (34.6%)        1 (1.0%)      39 (37.5%)  
         3:51 PM      104       31 (29.8%)       35 (33.7%)        2 (1.9%)      40 (38.5%)  
         3:52 PM      104       31 (29.8%)       37 (35.6%)        1 (1.0%)      37 (35.6%) ◀
         3:53 PM      104       29 (27.9%)       34 (32.7%)        1 (1.0%)      42 (40.4%)  
         3:54 PM      104       32 (30.8%)       34 (32.7%)        2 (1.9%)      40 (38.5%)  
         3:55 PM      104       30 (28.8%)       32 (30.8%)        1 (1.0%)      43 (41.3%)  
     3:50–55 avg      104       30 (28.8%)       34 (32.7%)        2 (1.9%)      42 (40.4%)  

     ── ±3% level ──
        base ref sessions          +3% hit          -3% hit            Both         Neither
     ----------- --------   --------------   --------------   -------------   -------------
         3:50 PM      104       27 (26.0%)       30 (28.8%)        1 (1.0%)      48 (46.2%)  
         3:51 PM      104       28 (26.9%)       29 (27.9%)        1 (1.0%)      48 (46.2%)  
         3:52 PM      104       27 (26.0%)       29 (27.9%)        1 (1.0%)      49 (47.1%) ◀
         3:53 PM      104       27 (26.0%)       30 (28.8%)        1 (1.0%)      48 (46.2%)  
         3:54 PM      104       25 (24.0%)       29 (27.9%)        1 (1.0%)      51 (49.0%)  
         3:55 PM      104       24 (23.1%)       28 (26.9%)        1 (1.0%)      53 (51.0%)  
     3:50–55 avg      104       27 (26.0%)       29 (27.9%)        1 (1.0%)      49 (47.1%)  

     ── ±3.5% level ──
        base ref sessions        +3.5% hit        -3.5% hit            Both         Neither
     ----------- --------   --------------   --------------   -------------   -------------
         3:50 PM      104       18 (17.3%)       27 (26.0%)        1 (1.0%)      60 (57.7%)  
         3:51 PM      104       18 (17.3%)       28 (26.9%)        1 (1.0%)      59 (56.7%)  
         3:52 PM      104       19 (18.3%)       27 (26.0%)        1 (1.0%)      59 (56.7%) ◀
         3:53 PM      104       18 (17.3%)       27 (26.0%)        1 (1.0%)      60 (57.7%)  
         3:54 PM      104       19 (18.3%)       27 (26.0%)        1 (1.0%)      59 (56.7%)  
         3:55 PM      104       18 (17.3%)       27 (26.0%)        1 (1.0%)      60 (57.7%)  
     3:50–55 avg      104       18 (17.3%)       27 (26.0%)        1 (1.0%)      60 (57.7%)  

     ── ±4% level ──
        base ref sessions          +4% hit          -4% hit            Both         Neither
     ----------- --------   --------------   --------------   -------------   -------------
         3:50 PM      104       14 (13.5%)       24 (23.1%)        1 (1.0%)      67 (64.4%)  
         3:51 PM      104       14 (13.5%)       23 (22.1%)        1 (1.0%)      68 (65.4%)  
         3:52 PM      104       15 (14.4%)       22 (21.2%)        1 (1.0%)      68 (65.4%) ◀
         3:53 PM      104       14 (13.5%)       23 (22.1%)        1 (1.0%)      68 (65.4%)  
         3:54 PM      104       14 (13.5%)       22 (21.2%)        1 (1.0%)      69 (66.3%)  
         3:55 PM      104       14 (13.5%)       24 (23.1%)        1 (1.0%)      67 (64.4%)  
     3:50–55 avg      104       14 (13.5%)       23 (22.1%)        1 (1.0%)      68 (65.4%)  

     ── ±5% level ──
        base ref sessions          +5% hit          -5% hit            Both         Neither
     ----------- --------   --------------   --------------   -------------   -------------
         3:50 PM      104       12 (11.5%)       13 (12.5%)        0 (0.0%)      79 (76.0%)  
         3:51 PM      104       12 (11.5%)       12 (11.5%)        0 (0.0%)      80 (76.9%)  
         3:52 PM      104       12 (11.5%)       12 (11.5%)        0 (0.0%)      80 (76.9%) ◀
         3:53 PM      104       11 (10.6%)       12 (11.5%)        0 (0.0%)      81 (77.9%)  
         3:54 PM      104       12 (11.5%)       13 (12.5%)        1 (1.0%)      80 (76.9%)  
         3:55 PM      104       11 (10.6%)       13 (12.5%)        1 (1.0%)      81 (77.9%)  
     3:50–55 avg      104       12 (11.5%)       13 (12.5%)        1 (1.0%)      80 (76.9%)  

     ── ±7% level ──
        base ref sessions          +7% hit          -7% hit            Both         Neither
     ----------- --------   --------------   --------------   -------------   -------------
         3:50 PM      104         5 (4.8%)         6 (5.8%)        0 (0.0%)      93 (89.4%)  
         3:51 PM      104         4 (3.8%)         6 (5.8%)        0 (0.0%)      94 (90.4%)  
         3:52 PM      104         4 (3.8%)         6 (5.8%)        0 (0.0%)      94 (90.4%) ◀
         3:53 PM      104         5 (4.8%)         5 (4.8%)        0 (0.0%)      94 (90.4%)  
         3:54 PM      104         5 (4.8%)         6 (5.8%)        0 (0.0%)      93 (89.4%)  
         3:55 PM      104         3 (2.9%)         6 (5.8%)        0 (0.0%)      95 (91.3%)  
     3:50–55 avg      104         5 (4.8%)         6 (5.8%)        0 (0.0%)      93 (89.4%)  

     ── ±10% level ──
        base ref sessions         +10% hit         -10% hit            Both         Neither
     ----------- --------   --------------   --------------   -------------   -------------
         3:50 PM      104         0 (0.0%)         2 (1.9%)        0 (0.0%)     102 (98.1%)  
         3:51 PM      104         0 (0.0%)         1 (1.0%)        0 (0.0%)     103 (99.0%)  
         3:52 PM      104         0 (0.0%)         1 (1.0%)        0 (0.0%)     103 (99.0%) ◀
         3:53 PM      104         0 (0.0%)         1 (1.0%)        0 (0.0%)     103 (99.0%)  
         3:54 PM      104         0 (0.0%)         1 (1.0%)        0 (0.0%)     103 (99.0%)  
         3:55 PM      104         1 (1.0%)         2 (1.9%)        0 (0.0%)     101 (97.1%)  
     3:50–55 avg      104         0 (0.0%)         1 (1.0%)        0 (0.0%)     103 (99.0%)  

     ── ±15% level ──
        base ref sessions         +15% hit         -15% hit            Both         Neither
     ----------- --------   --------------   --------------   -------------   -------------
         3:50 PM      104         0 (0.0%)         1 (1.0%)        0 (0.0%)     103 (99.0%)  
         3:51 PM      104         0 (0.0%)         1 (1.0%)        0 (0.0%)     103 (99.0%)  
         3:52 PM      104         0 (0.0%)         1 (1.0%)        0 (0.0%)     103 (99.0%) ◀
         3:53 PM      104         0 (0.0%)         1 (1.0%)        0 (0.0%)     103 (99.0%)  
         3:54 PM      104         0 (0.0%)         1 (1.0%)        0 (0.0%)     103 (99.0%)  
         3:55 PM      104         0 (0.0%)         1 (1.0%)        0 (0.0%)     103 (99.0%)  
     3:50–55 avg      104         0 (0.0%)         1 (1.0%)        0 (0.0%)     103 (99.0%)  

     ── swings (same for all thresholds; % of reference, $ in brackets) ──
        base ref        avg up swing     avg down swing       max up swing     max down swing
     -----------   -----------------  -----------------  -----------------  -----------------
         3:50 PM      +1.68% ($5.70)     -2.23% ($8.00)    +9.65% ($22.03)   -16.50% ($43.11)
         3:51 PM      +1.69% ($5.75)     -2.22% ($7.96)    +9.30% ($21.30)   -16.50% ($43.11)
         3:52 PM      +1.68% ($5.72)     -2.22% ($7.99)    +9.40% ($21.52)   -16.59% ($43.38)
         3:53 PM      +1.68% ($5.68)     -2.23% ($8.03)    +9.43% ($21.58)   -16.60% ($43.42)
         3:54 PM      +1.67% ($5.66)     -2.24% ($8.04)    +9.06% ($38.66)   -16.92% ($44.42)
         3:55 PM      +1.64% ($5.59)     -2.27% ($8.12)   +10.29% ($43.39)   -16.83% ($44.15)
     3:50–55 avg      +1.67% ($5.68)     -2.23% ($8.02)    +9.24% ($39.33)   -16.66% ($43.60)

     Steadiest baseline  (avg |dev from 3:50–55 mean|, lower = steadier):
       3:52 PM $0.234 ◀    3:53 PM $0.251    3:51 PM $0.305    3:54 PM $0.340    3:50 PM $0.394    3:55 PM $0.610
     → Recommended Tuesday baseline: 3:52 PM

  ──────── WEDNESDAY  (baseline = prior Tuesday 3:50–55 PM) ────────
     Wednesdays analyzed: 102   skipped (no data): 2

     ── ±0.5% level ──
        base ref sessions        +0.5% hit        -0.5% hit            Both         Neither
     ----------- --------   --------------   --------------   -------------   -------------
         3:50 PM      102       84 (82.4%)       67 (65.7%)      49 (48.0%)        0 (0.0%)  
         3:51 PM      102       84 (82.4%)       68 (66.7%)      50 (49.0%)        0 (0.0%)  
         3:52 PM      102       83 (81.4%)       68 (66.7%)      49 (48.0%)        0 (0.0%) ◀
         3:53 PM      102       84 (82.4%)       67 (65.7%)      49 (48.0%)        0 (0.0%)  
         3:54 PM      102       83 (81.4%)       68 (66.7%)      49 (48.0%)        0 (0.0%)  
         3:55 PM      102       82 (80.4%)       67 (65.7%)      47 (46.1%)        0 (0.0%)  
     3:50–55 avg      102       84 (82.4%)       67 (65.7%)      49 (48.0%)        0 (0.0%)  

     ── ±0.75% level ──
        base ref sessions       +0.75% hit       -0.75% hit            Both         Neither
     ----------- --------   --------------   --------------   -------------   -------------
         3:50 PM      102       80 (78.4%)       61 (59.8%)      39 (38.2%)        0 (0.0%)  
         3:51 PM      102       81 (79.4%)       63 (61.8%)      42 (41.2%)        0 (0.0%)  
         3:52 PM      102       81 (79.4%)       62 (60.8%)      41 (40.2%)        0 (0.0%) ◀
         3:53 PM      102       80 (78.4%)       63 (61.8%)      41 (40.2%)        0 (0.0%)  
         3:54 PM      102       77 (75.5%)       61 (59.8%)      36 (35.3%)        0 (0.0%)  
         3:55 PM      102       78 (76.5%)       63 (61.8%)      39 (38.2%)        0 (0.0%)  
     3:50–55 avg      102       81 (79.4%)       62 (60.8%)      41 (40.2%)        0 (0.0%)  

     ── ±1% level ──
        base ref sessions          +1% hit          -1% hit            Both         Neither
     ----------- --------   --------------   --------------   -------------   -------------
         3:50 PM      102       71 (69.6%)       59 (57.8%)      28 (27.5%)        0 (0.0%)  
         3:51 PM      102       73 (71.6%)       55 (53.9%)      26 (25.5%)        0 (0.0%)  
         3:52 PM      102       70 (68.6%)       57 (55.9%)      25 (24.5%)        0 (0.0%) ◀
         3:53 PM      102       70 (68.6%)       57 (55.9%)      25 (24.5%)        0 (0.0%)  
         3:54 PM      102       67 (65.7%)       58 (56.9%)      23 (22.5%)        0 (0.0%)  
         3:55 PM      102       69 (67.6%)       56 (54.9%)      23 (22.5%)        0 (0.0%)  
     3:50–55 avg      102       70 (68.6%)       57 (55.9%)      25 (24.5%)        0 (0.0%)  

     ── ±1.25% level ──
        base ref sessions       +1.25% hit       -1.25% hit            Both         Neither
     ----------- --------   --------------   --------------   -------------   -------------
         3:50 PM      102       67 (65.7%)       52 (51.0%)      19 (18.6%)        2 (2.0%)  
         3:51 PM      102       63 (61.8%)       52 (51.0%)      15 (14.7%)        2 (2.0%)  
         3:52 PM      102       64 (62.7%)       51 (50.0%)      15 (14.7%)        2 (2.0%) ◀
         3:53 PM      102       65 (63.7%)       54 (52.9%)      19 (18.6%)        2 (2.0%)  
         3:54 PM      102       63 (61.8%)       52 (51.0%)      15 (14.7%)        2 (2.0%)  
         3:55 PM      102       60 (58.8%)       52 (51.0%)      14 (13.7%)        4 (3.9%)  
     3:50–55 avg      102       63 (61.8%)       54 (52.9%)      17 (16.7%)        2 (2.0%)  

     ── ±1.5% level ──
        base ref sessions        +1.5% hit        -1.5% hit            Both         Neither
     ----------- --------   --------------   --------------   -------------   -------------
         3:50 PM      102       57 (55.9%)       41 (40.2%)        7 (6.9%)      11 (10.8%)  
         3:51 PM      102       59 (57.8%)       40 (39.2%)        7 (6.9%)       10 (9.8%)  
         3:52 PM      102       55 (53.9%)       41 (40.2%)        5 (4.9%)      11 (10.8%) ◀
         3:53 PM      102       55 (53.9%)       46 (45.1%)       10 (9.8%)      11 (10.8%)  
         3:54 PM      102       54 (52.9%)       48 (47.1%)        8 (7.8%)        8 (7.8%)  
         3:55 PM      102       56 (54.9%)       46 (45.1%)        9 (8.8%)        9 (8.8%)  
     3:50–55 avg      102       56 (54.9%)       44 (43.1%)        8 (7.8%)       10 (9.8%)  

     ── ±2% level ──
        base ref sessions          +2% hit          -2% hit            Both         Neither
     ----------- --------   --------------   --------------   -------------   -------------
         3:50 PM      102       49 (48.0%)       34 (33.3%)        2 (2.0%)      21 (20.6%)  
         3:51 PM      102       49 (48.0%)       34 (33.3%)        2 (2.0%)      21 (20.6%)  
         3:52 PM      102       50 (49.0%)       34 (33.3%)        2 (2.0%)      20 (19.6%) ◀
         3:53 PM      102       49 (48.0%)       34 (33.3%)        2 (2.0%)      21 (20.6%)  
         3:54 PM      102       49 (48.0%)       34 (33.3%)        2 (2.0%)      21 (20.6%)  
         3:55 PM      102       49 (48.0%)       35 (34.3%)        2 (2.0%)      20 (19.6%)  
     3:50–55 avg      102       49 (48.0%)       34 (33.3%)        2 (2.0%)      21 (20.6%)  

     ── ±2.5% level ──
        base ref sessions        +2.5% hit        -2.5% hit            Both         Neither
     ----------- --------   --------------   --------------   -------------   -------------
         3:50 PM      102       42 (41.2%)       29 (28.4%)        2 (2.0%)      33 (32.4%)  
         3:51 PM      102       43 (42.2%)       29 (28.4%)        2 (2.0%)      32 (31.4%)  
         3:52 PM      102       44 (43.1%)       30 (29.4%)        2 (2.0%)      30 (29.4%) ◀
         3:53 PM      102       41 (40.2%)       29 (28.4%)        2 (2.0%)      34 (33.3%)  
         3:54 PM      102       41 (40.2%)       30 (29.4%)        1 (1.0%)      32 (31.4%)  
         3:55 PM      102       41 (40.2%)       30 (29.4%)        1 (1.0%)      32 (31.4%)  
     3:50–55 avg      102       42 (41.2%)       30 (29.4%)        1 (1.0%)      31 (30.4%)  

     ── ±3% level ──
        base ref sessions          +3% hit          -3% hit            Both         Neither
     ----------- --------   --------------   --------------   -------------   -------------
         3:50 PM      102       32 (31.4%)       24 (23.5%)        1 (1.0%)      47 (46.1%)  
         3:51 PM      102       32 (31.4%)       23 (22.5%)        1 (1.0%)      48 (47.1%)  
         3:52 PM      102       33 (32.4%)       22 (21.6%)        1 (1.0%)      48 (47.1%) ◀
         3:53 PM      102       33 (32.4%)       22 (21.6%)        1 (1.0%)      48 (47.1%)  
         3:54 PM      102       34 (33.3%)       22 (21.6%)        1 (1.0%)      47 (46.1%)  
         3:55 PM      102       33 (32.4%)       24 (23.5%)        1 (1.0%)      46 (45.1%)  
     3:50–55 avg      102       33 (32.4%)       22 (21.6%)        1 (1.0%)      48 (47.1%)  

     ── ±3.5% level ──
        base ref sessions        +3.5% hit        -3.5% hit            Both         Neither
     ----------- --------   --------------   --------------   -------------   -------------
         3:50 PM      102       26 (25.5%)       18 (17.6%)        1 (1.0%)      59 (57.8%)  
         3:51 PM      102       27 (26.5%)       17 (16.7%)        1 (1.0%)      59 (57.8%)  
         3:52 PM      102       27 (26.5%)       16 (15.7%)        1 (1.0%)      60 (58.8%) ◀
         3:53 PM      102       28 (27.5%)       16 (15.7%)        1 (1.0%)      59 (57.8%)  
         3:54 PM      102       28 (27.5%)       16 (15.7%)        1 (1.0%)      59 (57.8%)  
         3:55 PM      102       30 (29.4%)       15 (14.7%)        1 (1.0%)      58 (56.9%)  
     3:50–55 avg      102       28 (27.5%)       16 (15.7%)        1 (1.0%)      59 (57.8%)  

     ── ±4% level ──
        base ref sessions          +4% hit          -4% hit            Both         Neither
     ----------- --------   --------------   --------------   -------------   -------------
         3:50 PM      102       22 (21.6%)       14 (13.7%)        1 (1.0%)      67 (65.7%)  
         3:51 PM      102       23 (22.5%)       14 (13.7%)        1 (1.0%)      66 (64.7%)  
         3:52 PM      102       23 (22.5%)       14 (13.7%)        1 (1.0%)      66 (64.7%) ◀
         3:53 PM      102       22 (21.6%)       14 (13.7%)        1 (1.0%)      67 (65.7%)  
         3:54 PM      102       22 (21.6%)       14 (13.7%)        1 (1.0%)      67 (65.7%)  
         3:55 PM      102       22 (21.6%)       14 (13.7%)        1 (1.0%)      67 (65.7%)  
     3:50–55 avg      102       23 (22.5%)       14 (13.7%)        1 (1.0%)      66 (64.7%)  

     ── ±5% level ──
        base ref sessions          +5% hit          -5% hit            Both         Neither
     ----------- --------   --------------   --------------   -------------   -------------
         3:50 PM      102       13 (12.7%)         8 (7.8%)        1 (1.0%)      82 (80.4%)  
         3:51 PM      102       14 (13.7%)         7 (6.9%)        1 (1.0%)      82 (80.4%)  
         3:52 PM      102       14 (13.7%)         8 (7.8%)        1 (1.0%)      81 (79.4%) ◀
         3:53 PM      102       13 (12.7%)         9 (8.8%)        1 (1.0%)      81 (79.4%)  
         3:54 PM      102       12 (11.8%)         8 (7.8%)        1 (1.0%)      83 (81.4%)  
         3:55 PM      102       12 (11.8%)        10 (9.8%)        1 (1.0%)      81 (79.4%)  
     3:50–55 avg      102       14 (13.7%)         8 (7.8%)        1 (1.0%)      81 (79.4%)  

     ── ±7% level ──
        base ref sessions          +7% hit          -7% hit            Both         Neither
     ----------- --------   --------------   --------------   -------------   -------------
         3:50 PM      102         7 (6.9%)         2 (2.0%)        0 (0.0%)      93 (91.2%)  
         3:51 PM      102         7 (6.9%)         3 (2.9%)        0 (0.0%)      92 (90.2%)  
         3:52 PM      102         7 (6.9%)         4 (3.9%)        0 (0.0%)      91 (89.2%) ◀
         3:53 PM      102         6 (5.9%)         5 (4.9%)        0 (0.0%)      91 (89.2%)  
         3:54 PM      102         7 (6.9%)         5 (4.9%)        0 (0.0%)      90 (88.2%)  
         3:55 PM      102         7 (6.9%)         4 (3.9%)        0 (0.0%)      91 (89.2%)  
     3:50–55 avg      102         7 (6.9%)         4 (3.9%)        0 (0.0%)      91 (89.2%)  

     ── ±10% level ──
        base ref sessions         +10% hit         -10% hit            Both         Neither
     ----------- --------   --------------   --------------   -------------   -------------
         3:50 PM      102         2 (2.0%)         1 (1.0%)        0 (0.0%)      99 (97.1%)  
         3:51 PM      102         2 (2.0%)         1 (1.0%)        0 (0.0%)      99 (97.1%)  
         3:52 PM      102         2 (2.0%)         1 (1.0%)        0 (0.0%)      99 (97.1%) ◀
         3:53 PM      102         2 (2.0%)         1 (1.0%)        0 (0.0%)      99 (97.1%)  
         3:54 PM      102         2 (2.0%)         1 (1.0%)        0 (0.0%)      99 (97.1%)  
         3:55 PM      102         2 (2.0%)         1 (1.0%)        0 (0.0%)      99 (97.1%)  
     3:50–55 avg      102         2 (2.0%)         1 (1.0%)        0 (0.0%)      99 (97.1%)  

     ── ±15% level ──
        base ref sessions         +15% hit         -15% hit            Both         Neither
     ----------- --------   --------------   --------------   -------------   -------------
         3:50 PM      102         2 (2.0%)         0 (0.0%)        0 (0.0%)     100 (98.0%)  
         3:51 PM      102         2 (2.0%)         0 (0.0%)        0 (0.0%)     100 (98.0%)  
         3:52 PM      102         2 (2.0%)         0 (0.0%)        0 (0.0%)     100 (98.0%) ◀
         3:53 PM      102         1 (1.0%)         0 (0.0%)        0 (0.0%)     101 (99.0%)  
         3:54 PM      102         2 (2.0%)         0 (0.0%)        0 (0.0%)     100 (98.0%)  
         3:55 PM      102         2 (2.0%)         0 (0.0%)        0 (0.0%)     100 (98.0%)  
     3:50–55 avg      102         2 (2.0%)         0 (0.0%)        0 (0.0%)     100 (98.0%)  

     ── swings (same for all thresholds; % of reference, $ in brackets) ──
        base ref        avg up swing     avg down swing       max up swing     max down swing
     -----------   -----------------  -----------------  -----------------  -----------------
         3:50 PM      +2.61% ($8.69)     -1.56% ($5.70)   +25.65% ($56.05)   -11.23% ($54.03)
         3:51 PM      +2.62% ($8.73)     -1.54% ($5.66)   +25.18% ($55.23)   -11.24% ($54.11)
         3:52 PM      +2.62% ($8.72)     -1.54% ($5.66)   +24.76% ($54.49)   -11.39% ($54.88)
         3:53 PM      +2.60% ($8.65)     -1.57% ($5.74)   +24.42% ($53.89)   -11.40% ($54.96)
         3:54 PM      +2.56% ($8.54)     -1.60% ($5.85)   +23.59% ($52.40)   -11.38% ($54.85)
         3:55 PM      +2.60% ($8.66)     -1.56% ($5.72)   +24.19% ($53.48)   -11.11% ($53.38)
     3:50–55 avg      +2.60% ($8.66)     -1.56% ($5.72)   +24.63% ($54.26)   -11.29% ($54.37)

     Steadiest baseline  (avg |dev from 3:50–55 mean|, lower = steadier):
       3:52 PM $0.255 ◀    3:53 PM $0.262    3:51 PM $0.313    3:50 PM $0.361    3:54 PM $0.366    3:55 PM $0.561
     → Recommended Wednesday baseline: 3:52 PM

  ──────── THURSDAY  (baseline = prior Wednesday 3:50–55 PM) ────────
     Thursdays analyzed: 98   skipped (no data): 6   (2 week(s) used an earlier baseline — holiday)

     ── ±0.5% level ──
        base ref sessions        +0.5% hit        -0.5% hit            Both         Neither
     ----------- --------   --------------   --------------   -------------   -------------
         3:50 PM       98       67 (68.4%)       79 (80.6%)      48 (49.0%)        0 (0.0%)  
         3:51 PM       98       67 (68.4%)       78 (79.6%)      47 (48.0%)        0 (0.0%)  
         3:52 PM       98       65 (66.3%)       78 (79.6%)      45 (45.9%)        0 (0.0%)  
         3:53 PM       98       64 (65.3%)       77 (78.6%)      43 (43.9%)        0 (0.0%) ◀
         3:54 PM       98       64 (65.3%)       78 (79.6%)      44 (44.9%)        0 (0.0%)  
         3:55 PM       98       65 (66.3%)       79 (80.6%)      46 (46.9%)        0 (0.0%)  
     3:50–55 avg       98       64 (65.3%)       77 (78.6%)      43 (43.9%)        0 (0.0%)  

     ── ±0.75% level ──
        base ref sessions       +0.75% hit       -0.75% hit            Both         Neither
     ----------- --------   --------------   --------------   -------------   -------------
         3:50 PM       98       60 (61.2%)       74 (75.5%)      36 (36.7%)        0 (0.0%)  
         3:51 PM       98       60 (61.2%)       74 (75.5%)      36 (36.7%)        0 (0.0%)  
         3:52 PM       98       59 (60.2%)       75 (76.5%)      36 (36.7%)        0 (0.0%)  
         3:53 PM       98       60 (61.2%)       74 (75.5%)      36 (36.7%)        0 (0.0%) ◀
         3:54 PM       98       60 (61.2%)       75 (76.5%)      37 (37.8%)        0 (0.0%)  
         3:55 PM       98       61 (62.2%)       77 (78.6%)      40 (40.8%)        0 (0.0%)  
     3:50–55 avg       98       61 (62.2%)       76 (77.6%)      39 (39.8%)        0 (0.0%)  

     ── ±1% level ──
        base ref sessions          +1% hit          -1% hit            Both         Neither
     ----------- --------   --------------   --------------   -------------   -------------
         3:50 PM       98       56 (57.1%)       71 (72.4%)      29 (29.6%)        0 (0.0%)  
         3:51 PM       98       54 (55.1%)       71 (72.4%)      27 (27.6%)        0 (0.0%)  
         3:52 PM       98       55 (56.1%)       70 (71.4%)      28 (28.6%)        1 (1.0%)  
         3:53 PM       98       53 (54.1%)       71 (72.4%)      27 (27.6%)        1 (1.0%) ◀
         3:54 PM       98       54 (55.1%)       72 (73.5%)      29 (29.6%)        1 (1.0%)  
         3:55 PM       98       52 (53.1%)       72 (73.5%)      27 (27.6%)        1 (1.0%)  
     3:50–55 avg       98       52 (53.1%)       71 (72.4%)      27 (27.6%)        2 (2.0%)  

     ── ±1.25% level ──
        base ref sessions       +1.25% hit       -1.25% hit            Both         Neither
     ----------- --------   --------------   --------------   -------------   -------------
         3:50 PM       98       48 (49.0%)       68 (69.4%)      22 (22.4%)        4 (4.1%)  
         3:51 PM       98       50 (51.0%)       66 (67.3%)      21 (21.4%)        3 (3.1%)  
         3:52 PM       98       49 (50.0%)       66 (67.3%)      20 (20.4%)        3 (3.1%)  
         3:53 PM       98       51 (52.0%)       66 (67.3%)      23 (23.5%)        4 (4.1%) ◀
         3:54 PM       98       46 (46.9%)       65 (66.3%)      18 (18.4%)        5 (5.1%)  
         3:55 PM       98       47 (48.0%)       64 (65.3%)      19 (19.4%)        6 (6.1%)  
     3:50–55 avg       98       50 (51.0%)       66 (67.3%)      22 (22.4%)        4 (4.1%)  

     ── ±1.5% level ──
        base ref sessions        +1.5% hit        -1.5% hit            Both         Neither
     ----------- --------   --------------   --------------   -------------   -------------
         3:50 PM       98       44 (44.9%)       61 (62.2%)      12 (12.2%)        5 (5.1%)  
         3:51 PM       98       45 (45.9%)       59 (60.2%)      13 (13.3%)        7 (7.1%)  
         3:52 PM       98       44 (44.9%)       58 (59.2%)      11 (11.2%)        7 (7.1%)  
         3:53 PM       98       45 (45.9%)       58 (59.2%)      13 (13.3%)        8 (8.2%) ◀
         3:54 PM       98       42 (42.9%)       59 (60.2%)      11 (11.2%)        8 (8.2%)  
         3:55 PM       98       43 (43.9%)       60 (61.2%)      14 (14.3%)        9 (9.2%)  
     3:50–55 avg       98       43 (43.9%)       60 (61.2%)      12 (12.2%)        7 (7.1%)  

     ── ±2% level ──
        base ref sessions          +2% hit          -2% hit            Both         Neither
     ----------- --------   --------------   --------------   -------------   -------------
         3:50 PM       98       33 (33.7%)       50 (51.0%)        6 (6.1%)      21 (21.4%)  
         3:51 PM       98       33 (33.7%)       51 (52.0%)        6 (6.1%)      20 (20.4%)  
         3:52 PM       98       32 (32.7%)       50 (51.0%)        6 (6.1%)      22 (22.4%)  
         3:53 PM       98       32 (32.7%)       50 (51.0%)        5 (5.1%)      21 (21.4%) ◀
         3:54 PM       98       31 (31.6%)       50 (51.0%)        5 (5.1%)      22 (22.4%)  
         3:55 PM       98       30 (30.6%)       52 (53.1%)        4 (4.1%)      20 (20.4%)  
     3:50–55 avg       98       30 (30.6%)       51 (52.0%)        4 (4.1%)      21 (21.4%)  

     ── ±2.5% level ──
        base ref sessions        +2.5% hit        -2.5% hit            Both         Neither
     ----------- --------   --------------   --------------   -------------   -------------
         3:50 PM       98       28 (28.6%)       43 (43.9%)        2 (2.0%)      29 (29.6%)  
         3:51 PM       98       28 (28.6%)       45 (45.9%)        2 (2.0%)      27 (27.6%)  
         3:52 PM       98       27 (27.6%)       44 (44.9%)        1 (1.0%)      28 (28.6%)  
         3:53 PM       98       28 (28.6%)       44 (44.9%)        2 (2.0%)      28 (28.6%) ◀
         3:54 PM       98       28 (28.6%)       44 (44.9%)        1 (1.0%)      27 (27.6%)  
         3:55 PM       98       27 (27.6%)       44 (44.9%)        1 (1.0%)      28 (28.6%)  
     3:50–55 avg       98       28 (28.6%)       45 (45.9%)        2 (2.0%)      27 (27.6%)  

     ── ±3% level ──
        base ref sessions          +3% hit          -3% hit            Both         Neither
     ----------- --------   --------------   --------------   -------------   -------------
         3:50 PM       98       25 (25.5%)       38 (38.8%)        1 (1.0%)      36 (36.7%)  
         3:51 PM       98       24 (24.5%)       38 (38.8%)        0 (0.0%)      36 (36.7%)  
         3:52 PM       98       23 (23.5%)       37 (37.8%)        0 (0.0%)      38 (38.8%)  
         3:53 PM       98       24 (24.5%)       37 (37.8%)        0 (0.0%)      37 (37.8%) ◀
         3:54 PM       98       24 (24.5%)       39 (39.8%)        0 (0.0%)      35 (35.7%)  
         3:55 PM       98       24 (24.5%)       37 (37.8%)        0 (0.0%)      37 (37.8%)  
     3:50–55 avg       98       23 (23.5%)       38 (38.8%)        0 (0.0%)      37 (37.8%)  

     ── ±3.5% level ──
        base ref sessions        +3.5% hit        -3.5% hit            Both         Neither
     ----------- --------   --------------   --------------   -------------   -------------
         3:50 PM       98       20 (20.4%)       30 (30.6%)        0 (0.0%)      48 (49.0%)  
         3:51 PM       98       20 (20.4%)       31 (31.6%)        0 (0.0%)      47 (48.0%)  
         3:52 PM       98       21 (21.4%)       32 (32.7%)        0 (0.0%)      45 (45.9%)  
         3:53 PM       98       21 (21.4%)       32 (32.7%)        0 (0.0%)      45 (45.9%) ◀
         3:54 PM       98       21 (21.4%)       32 (32.7%)        0 (0.0%)      45 (45.9%)  
         3:55 PM       98       21 (21.4%)       32 (32.7%)        0 (0.0%)      45 (45.9%)  
     3:50–55 avg       98       21 (21.4%)       32 (32.7%)        0 (0.0%)      45 (45.9%)  

     ── ±4% level ──
        base ref sessions          +4% hit          -4% hit            Both         Neither
     ----------- --------   --------------   --------------   -------------   -------------
         3:50 PM       98       18 (18.4%)       24 (24.5%)        0 (0.0%)      56 (57.1%)  
         3:51 PM       98       18 (18.4%)       24 (24.5%)        0 (0.0%)      56 (57.1%)  
         3:52 PM       98       19 (19.4%)       24 (24.5%)        0 (0.0%)      55 (56.1%)  
         3:53 PM       98       19 (19.4%)       25 (25.5%)        0 (0.0%)      54 (55.1%) ◀
         3:54 PM       98       19 (19.4%)       24 (24.5%)        0 (0.0%)      55 (56.1%)  
         3:55 PM       98       19 (19.4%)       24 (24.5%)        0 (0.0%)      55 (56.1%)  
     3:50–55 avg       98       19 (19.4%)       24 (24.5%)        0 (0.0%)      55 (56.1%)  

     ── ±5% level ──
        base ref sessions          +5% hit          -5% hit            Both         Neither
     ----------- --------   --------------   --------------   -------------   -------------
         3:50 PM       98       11 (11.2%)       17 (17.3%)        0 (0.0%)      70 (71.4%)  
         3:51 PM       98       11 (11.2%)       18 (18.4%)        0 (0.0%)      69 (70.4%)  
         3:52 PM       98       11 (11.2%)       18 (18.4%)        0 (0.0%)      69 (70.4%)  
         3:53 PM       98       10 (10.2%)       19 (19.4%)        0 (0.0%)      69 (70.4%) ◀
         3:54 PM       98         9 (9.2%)       19 (19.4%)        0 (0.0%)      70 (71.4%)  
         3:55 PM       98         9 (9.2%)       18 (18.4%)        0 (0.0%)      71 (72.4%)  
     3:50–55 avg       98       11 (11.2%)       18 (18.4%)        0 (0.0%)      69 (70.4%)  

     ── ±7% level ──
        base ref sessions          +7% hit          -7% hit            Both         Neither
     ----------- --------   --------------   --------------   -------------   -------------
         3:50 PM       98         3 (3.1%)         8 (8.2%)        0 (0.0%)      87 (88.8%)  
         3:51 PM       98         3 (3.1%)         8 (8.2%)        0 (0.0%)      87 (88.8%)  
         3:52 PM       98         3 (3.1%)         8 (8.2%)        0 (0.0%)      87 (88.8%)  
         3:53 PM       98         3 (3.1%)         8 (8.2%)        0 (0.0%)      87 (88.8%) ◀
         3:54 PM       98         4 (4.1%)         8 (8.2%)        0 (0.0%)      86 (87.8%)  
         3:55 PM       98         4 (4.1%)         8 (8.2%)        0 (0.0%)      86 (87.8%)  
     3:50–55 avg       98         3 (3.1%)         8 (8.2%)        0 (0.0%)      87 (88.8%)  

     ── ±10% level ──
        base ref sessions         +10% hit         -10% hit            Both         Neither
     ----------- --------   --------------   --------------   -------------   -------------
         3:50 PM       98         1 (1.0%)         3 (3.1%)        0 (0.0%)      94 (95.9%)  
         3:51 PM       98         1 (1.0%)         3 (3.1%)        0 (0.0%)      94 (95.9%)  
         3:52 PM       98         1 (1.0%)         3 (3.1%)        0 (0.0%)      94 (95.9%)  
         3:53 PM       98         1 (1.0%)         3 (3.1%)        0 (0.0%)      94 (95.9%) ◀
         3:54 PM       98         1 (1.0%)         3 (3.1%)        0 (0.0%)      94 (95.9%)  
         3:55 PM       98         2 (2.0%)         3 (3.1%)        0 (0.0%)      93 (94.9%)  
     3:50–55 avg       98         1 (1.0%)         3 (3.1%)        0 (0.0%)      94 (95.9%)  

     ── ±15% level ──
        base ref sessions         +15% hit         -15% hit            Both         Neither
     ----------- --------   --------------   --------------   -------------   -------------
         3:50 PM       98         1 (1.0%)         2 (2.0%)        0 (0.0%)      95 (96.9%)  
         3:51 PM       98         1 (1.0%)         2 (2.0%)        0 (0.0%)      95 (96.9%)  
         3:52 PM       98         1 (1.0%)         2 (2.0%)        0 (0.0%)      95 (96.9%)  
         3:53 PM       98         1 (1.0%)         2 (2.0%)        0 (0.0%)      95 (96.9%) ◀
         3:54 PM       98         1 (1.0%)         2 (2.0%)        0 (0.0%)      95 (96.9%)  
         3:55 PM       98         1 (1.0%)         2 (2.0%)        0 (0.0%)      95 (96.9%)  
     3:50–55 avg       98         1 (1.0%)         2 (2.0%)        0 (0.0%)      95 (96.9%)  

     ── swings (same for all thresholds; % of reference, $ in brackets) ──
        base ref        avg up swing     avg down swing       max up swing     max down swing
     -----------   -----------------  -----------------  -----------------  -----------------
         3:50 PM      +1.63% ($5.23)     -2.62% ($9.74)   +22.08% ($47.40)   -18.18% ($60.74)
         3:51 PM      +1.63% ($5.26)     -2.62% ($9.71)   +22.31% ($47.81)   -18.08% ($60.31)
         3:52 PM      +1.63% ($5.24)     -2.62% ($9.72)   +22.25% ($47.70)   -17.92% ($59.66)
         3:53 PM      +1.61% ($5.22)     -2.63% ($9.74)   +22.28% ($47.76)   -17.97% ($59.89)
         3:54 PM      +1.59% ($5.15)     -2.66% ($9.82)   +22.41% ($47.98)   -17.84% ($59.37)
         3:55 PM      +1.62% ($5.26)     -2.63% ($9.71)   +22.35% ($47.88)   -17.94% ($59.76)
     3:50–55 avg      +1.62% ($5.23)     -2.63% ($9.74)   +22.28% ($47.76)   -17.99% ($59.96)

     Steadiest baseline  (avg |dev from 3:50–55 mean|, lower = steadier):
       3:53 PM $0.248 ◀    3:52 PM $0.275    3:51 PM $0.333    3:54 PM $0.377    3:50 PM $0.477    3:55 PM $0.622
     → Recommended Thursday baseline: 3:53 PM

  ──────── FRIDAY  (baseline = prior Thursday 3:50–55 PM) ────────
     Fridays analyzed: 100   skipped (no data): 5   (6 week(s) used an earlier baseline — holiday)

     ── ±0.5% level ──
        base ref sessions        +0.5% hit        -0.5% hit            Both         Neither
     ----------- --------   --------------   --------------   -------------   -------------
         3:50 PM      100       83 (83.0%)       66 (66.0%)      49 (49.0%)        0 (0.0%)  
         3:51 PM      100       85 (85.0%)       67 (67.0%)      52 (52.0%)        0 (0.0%)  
         3:52 PM      100       85 (85.0%)       67 (67.0%)      52 (52.0%)        0 (0.0%) ◀
         3:53 PM      100       85 (85.0%)       66 (66.0%)      51 (51.0%)        0 (0.0%)  
         3:54 PM      100       83 (83.0%)       66 (66.0%)      49 (49.0%)        0 (0.0%)  
         3:55 PM      100       84 (84.0%)       68 (68.0%)      52 (52.0%)        0 (0.0%)  
     3:50–55 avg      100       84 (84.0%)       66 (66.0%)      50 (50.0%)        0 (0.0%)  

     ── ±0.75% level ──
        base ref sessions       +0.75% hit       -0.75% hit            Both         Neither
     ----------- --------   --------------   --------------   -------------   -------------
         3:50 PM      100       77 (77.0%)       62 (62.0%)      39 (39.0%)        0 (0.0%)  
         3:51 PM      100       78 (78.0%)       61 (61.0%)      39 (39.0%)        0 (0.0%)  
         3:52 PM      100       81 (81.0%)       62 (62.0%)      43 (43.0%)        0 (0.0%) ◀
         3:53 PM      100       78 (78.0%)       60 (60.0%)      39 (39.0%)        1 (1.0%)  
         3:54 PM      100       78 (78.0%)       62 (62.0%)      41 (41.0%)        1 (1.0%)  
         3:55 PM      100       78 (78.0%)       60 (60.0%)      39 (39.0%)        1 (1.0%)  
     3:50–55 avg      100       77 (77.0%)       60 (60.0%)      38 (38.0%)        1 (1.0%)  

     ── ±1% level ──
        base ref sessions          +1% hit          -1% hit            Both         Neither
     ----------- --------   --------------   --------------   -------------   -------------
         3:50 PM      100       74 (74.0%)       57 (57.0%)      32 (32.0%)        1 (1.0%)  
         3:51 PM      100       74 (74.0%)       57 (57.0%)      32 (32.0%)        1 (1.0%)  
         3:52 PM      100       74 (74.0%)       58 (58.0%)      33 (33.0%)        1 (1.0%) ◀
         3:53 PM      100       75 (75.0%)       57 (57.0%)      33 (33.0%)        1 (1.0%)  
         3:54 PM      100       74 (74.0%)       57 (57.0%)      32 (32.0%)        1 (1.0%)  
         3:55 PM      100       72 (72.0%)       57 (57.0%)      30 (30.0%)        1 (1.0%)  
     3:50–55 avg      100       73 (73.0%)       58 (58.0%)      32 (32.0%)        1 (1.0%)  

     ── ±1.25% level ──
        base ref sessions       +1.25% hit       -1.25% hit            Both         Neither
     ----------- --------   --------------   --------------   -------------   -------------
         3:50 PM      100       69 (69.0%)       51 (51.0%)      22 (22.0%)        2 (2.0%)  
         3:51 PM      100       72 (72.0%)       50 (50.0%)      24 (24.0%)        2 (2.0%)  
         3:52 PM      100       71 (71.0%)       49 (49.0%)      22 (22.0%)        2 (2.0%) ◀
         3:53 PM      100       73 (73.0%)       49 (49.0%)      24 (24.0%)        2 (2.0%)  
         3:54 PM      100       71 (71.0%)       51 (51.0%)      25 (25.0%)        3 (3.0%)  
         3:55 PM      100       69 (69.0%)       52 (52.0%)      25 (25.0%)        4 (4.0%)  
     3:50–55 avg      100       72 (72.0%)       50 (50.0%)      24 (24.0%)        2 (2.0%)  

     ── ±1.5% level ──
        base ref sessions        +1.5% hit        -1.5% hit            Both         Neither
     ----------- --------   --------------   --------------   -------------   -------------
         3:50 PM      100       64 (64.0%)       45 (45.0%)      16 (16.0%)        7 (7.0%)  
         3:51 PM      100       65 (65.0%)       45 (45.0%)      15 (15.0%)        5 (5.0%)  
         3:52 PM      100       65 (65.0%)       44 (44.0%)      15 (15.0%)        6 (6.0%) ◀
         3:53 PM      100       66 (66.0%)       45 (45.0%)      16 (16.0%)        5 (5.0%)  
         3:54 PM      100       65 (65.0%)       45 (45.0%)      16 (16.0%)        6 (6.0%)  
         3:55 PM      100       64 (64.0%)       44 (44.0%)      15 (15.0%)        7 (7.0%)  
     3:50–55 avg      100       66 (66.0%)       44 (44.0%)      15 (15.0%)        5 (5.0%)  

     ── ±2% level ──
        base ref sessions          +2% hit          -2% hit            Both         Neither
     ----------- --------   --------------   --------------   -------------   -------------
         3:50 PM      100       56 (56.0%)       40 (40.0%)        8 (8.0%)      12 (12.0%)  
         3:51 PM      100       55 (55.0%)       41 (41.0%)        8 (8.0%)      12 (12.0%)  
         3:52 PM      100       57 (57.0%)       40 (40.0%)        8 (8.0%)      11 (11.0%) ◀
         3:53 PM      100       54 (54.0%)       40 (40.0%)        6 (6.0%)      12 (12.0%)  
         3:54 PM      100       54 (54.0%)       40 (40.0%)        7 (7.0%)      13 (13.0%)  
         3:55 PM      100       53 (53.0%)       40 (40.0%)        7 (7.0%)      14 (14.0%)  
     3:50–55 avg      100       55 (55.0%)       40 (40.0%)        7 (7.0%)      12 (12.0%)  

     ── ±2.5% level ──
        base ref sessions        +2.5% hit        -2.5% hit            Both         Neither
     ----------- --------   --------------   --------------   -------------   -------------
         3:50 PM      100       47 (47.0%)       36 (36.0%)        3 (3.0%)      20 (20.0%)  
         3:51 PM      100       47 (47.0%)       36 (36.0%)        3 (3.0%)      20 (20.0%)  
         3:52 PM      100       47 (47.0%)       35 (35.0%)        3 (3.0%)      21 (21.0%) ◀
         3:53 PM      100       47 (47.0%)       35 (35.0%)        3 (3.0%)      21 (21.0%)  
         3:54 PM      100       47 (47.0%)       36 (36.0%)        3 (3.0%)      20 (20.0%)  
         3:55 PM      100       47 (47.0%)       35 (35.0%)        2 (2.0%)      20 (20.0%)  
     3:50–55 avg      100       48 (48.0%)       35 (35.0%)        4 (4.0%)      21 (21.0%)  

     ── ±3% level ──
        base ref sessions          +3% hit          -3% hit            Both         Neither
     ----------- --------   --------------   --------------   -------------   -------------
         3:50 PM      100       43 (43.0%)       30 (30.0%)        3 (3.0%)      30 (30.0%)  
         3:51 PM      100       44 (44.0%)       30 (30.0%)        3 (3.0%)      29 (29.0%)  
         3:52 PM      100       40 (40.0%)       30 (30.0%)        1 (1.0%)      31 (31.0%) ◀
         3:53 PM      100       41 (41.0%)       31 (31.0%)        2 (2.0%)      30 (30.0%)  
         3:54 PM      100       41 (41.0%)       32 (32.0%)        3 (3.0%)      30 (30.0%)  
         3:55 PM      100       41 (41.0%)       29 (29.0%)        1 (1.0%)      31 (31.0%)  
     3:50–55 avg      100       40 (40.0%)       30 (30.0%)        1 (1.0%)      31 (31.0%)  

     ── ±3.5% level ──
        base ref sessions        +3.5% hit        -3.5% hit            Both         Neither
     ----------- --------   --------------   --------------   -------------   -------------
         3:50 PM      100       36 (36.0%)       23 (23.0%)        0 (0.0%)      41 (41.0%)  
         3:51 PM      100       36 (36.0%)       24 (24.0%)        0 (0.0%)      40 (40.0%)  
         3:52 PM      100       38 (38.0%)       25 (25.0%)        1 (1.0%)      38 (38.0%) ◀
         3:53 PM      100       38 (38.0%)       22 (22.0%)        0 (0.0%)      40 (40.0%)  
         3:54 PM      100       38 (38.0%)       22 (22.0%)        0 (0.0%)      40 (40.0%)  
         3:55 PM      100       38 (38.0%)       23 (23.0%)        0 (0.0%)      39 (39.0%)  
     3:50–55 avg      100       38 (38.0%)       23 (23.0%)        0 (0.0%)      39 (39.0%)  

     ── ±4% level ──
        base ref sessions          +4% hit          -4% hit            Both         Neither
     ----------- --------   --------------   --------------   -------------   -------------
         3:50 PM      100       26 (26.0%)       17 (17.0%)        0 (0.0%)      57 (57.0%)  
         3:51 PM      100       27 (27.0%)       17 (17.0%)        0 (0.0%)      56 (56.0%)  
         3:52 PM      100       27 (27.0%)       16 (16.0%)        0 (0.0%)      57 (57.0%) ◀
         3:53 PM      100       27 (27.0%)       17 (17.0%)        0 (0.0%)      56 (56.0%)  
         3:54 PM      100       28 (28.0%)       18 (18.0%)        0 (0.0%)      54 (54.0%)  
         3:55 PM      100       28 (28.0%)       19 (19.0%)        0 (0.0%)      53 (53.0%)  
     3:50–55 avg      100       27 (27.0%)       17 (17.0%)        0 (0.0%)      56 (56.0%)  

     ── ±5% level ──
        base ref sessions          +5% hit          -5% hit            Both         Neither
     ----------- --------   --------------   --------------   -------------   -------------
         3:50 PM      100       17 (17.0%)         9 (9.0%)        0 (0.0%)      74 (74.0%)  
         3:51 PM      100       18 (18.0%)         9 (9.0%)        0 (0.0%)      73 (73.0%)  
         3:52 PM      100       18 (18.0%)         8 (8.0%)        0 (0.0%)      74 (74.0%) ◀
         3:53 PM      100       17 (17.0%)         8 (8.0%)        0 (0.0%)      75 (75.0%)  
         3:54 PM      100       17 (17.0%)         8 (8.0%)        0 (0.0%)      75 (75.0%)  
         3:55 PM      100       16 (16.0%)         9 (9.0%)        0 (0.0%)      75 (75.0%)  
     3:50–55 avg      100       17 (17.0%)         8 (8.0%)        0 (0.0%)      75 (75.0%)  

     ── ±7% level ──
        base ref sessions          +7% hit          -7% hit            Both         Neither
     ----------- --------   --------------   --------------   -------------   -------------
         3:50 PM      100         5 (5.0%)         4 (4.0%)        0 (0.0%)      91 (91.0%)  
         3:51 PM      100         6 (6.0%)         4 (4.0%)        0 (0.0%)      90 (90.0%)  
         3:52 PM      100         5 (5.0%)         4 (4.0%)        0 (0.0%)      91 (91.0%) ◀
         3:53 PM      100         5 (5.0%)         4 (4.0%)        0 (0.0%)      91 (91.0%)  
         3:54 PM      100         6 (6.0%)         4 (4.0%)        0 (0.0%)      90 (90.0%)  
         3:55 PM      100         5 (5.0%)         4 (4.0%)        0 (0.0%)      91 (91.0%)  
     3:50–55 avg      100         6 (6.0%)         4 (4.0%)        0 (0.0%)      90 (90.0%)  

     ── ±10% level ──
        base ref sessions         +10% hit         -10% hit            Both         Neither
     ----------- --------   --------------   --------------   -------------   -------------
         3:50 PM      100         2 (2.0%)         2 (2.0%)        0 (0.0%)      96 (96.0%)  
         3:51 PM      100         2 (2.0%)         2 (2.0%)        0 (0.0%)      96 (96.0%)  
         3:52 PM      100         2 (2.0%)         2 (2.0%)        0 (0.0%)      96 (96.0%) ◀
         3:53 PM      100         2 (2.0%)         2 (2.0%)        0 (0.0%)      96 (96.0%)  
         3:54 PM      100         2 (2.0%)         2 (2.0%)        0 (0.0%)      96 (96.0%)  
         3:55 PM      100         2 (2.0%)         2 (2.0%)        0 (0.0%)      96 (96.0%)  
     3:50–55 avg      100         2 (2.0%)         2 (2.0%)        0 (0.0%)      96 (96.0%)  

     ── ±15% level ──
        base ref sessions         +15% hit         -15% hit            Both         Neither
     ----------- --------   --------------   --------------   -------------   -------------
         3:50 PM      100         0 (0.0%)         0 (0.0%)        0 (0.0%)    100 (100.0%)  
         3:51 PM      100         0 (0.0%)         0 (0.0%)        0 (0.0%)    100 (100.0%)  
         3:52 PM      100         0 (0.0%)         0 (0.0%)        0 (0.0%)    100 (100.0%) ◀
         3:53 PM      100         0 (0.0%)         0 (0.0%)        0 (0.0%)    100 (100.0%)  
         3:54 PM      100         0 (0.0%)         0 (0.0%)        0 (0.0%)    100 (100.0%)  
         3:55 PM      100         0 (0.0%)         0 (0.0%)        0 (0.0%)    100 (100.0%)  
     3:50–55 avg      100         0 (0.0%)         0 (0.0%)        0 (0.0%)    100 (100.0%)  

     ── swings (same for all thresholds; % of reference, $ in brackets) ──
        base ref        avg up swing     avg down swing       max up swing     max down swing
     -----------   -----------------  -----------------  -----------------  -----------------
         3:50 PM      +2.62% ($8.92)     -1.80% ($6.48)   +11.23% ($28.95)   -11.31% ($30.11)
         3:51 PM      +2.65% ($9.03)     -1.77% ($6.38)   +11.38% ($29.30)   -11.47% ($30.57)
         3:52 PM      +2.65% ($9.04)     -1.77% ($6.36)   +11.12% ($28.71)   -11.74% ($31.39)
         3:53 PM      +2.64% ($9.02)     -1.78% ($6.39)   +10.95% ($28.30)   -11.90% ($31.89)
         3:54 PM      +2.64% ($9.00)     -1.79% ($6.41)   +10.81% ($27.98)   -11.91% ($31.91)
         3:55 PM      +2.59% ($8.86)     -1.83% ($6.55)   +10.92% ($28.25)   -12.01% ($32.20)
     3:50–55 avg      +2.63% ($8.98)     -1.79% ($6.43)   +11.07% ($28.58)   -11.72% ($31.34)

     Steadiest baseline  (avg |dev from 3:50–55 mean|, lower = steadier):
       3:52 PM $0.248 ◀    3:53 PM $0.252    3:51 PM $0.351    3:54 PM $0.403    3:50 PM $0.421    3:55 PM $0.568
     → Recommended Friday baseline: 3:52 PM

  ░░ DAY COMPARISON — up% / down% / neither% at each day's recommended baseline ░░
      pct           Monday                   Tuesday                  Wednesday                  Thursday                   Friday         
  -------  ------------------------  ------------------------  ------------------------  ------------------------  ------------------------
    0.5%       75% / 62% / 0%            73% / 72% / 0%            81% / 67% / 0%            65% / 79% / 0%            85% / 67% / 0%     
   0.75%       73% / 60% / 0%            66% / 67% / 0%            79% / 61% / 0%            61% / 76% / 0%            81% / 62% / 0%     
      1%       72% / 59% / 0%            62% / 66% / 0%            69% / 56% / 0%            54% / 72% / 1%            74% / 58% / 1%     
   1.25%       69% / 57% / 0%            57% / 59% / 5%            63% / 50% / 2%            52% / 67% / 4%            71% / 49% / 2%     
    1.5%       67% / 54% / 1%           50% / 55% / 10%           54% / 40% / 11%            46% / 59% / 8%            65% / 44% / 6%     
      2%       56% / 46% / 7%           40% / 44% / 23%           49% / 33% / 20%           33% / 51% / 21%           57% / 40% / 11%     
    2.5%      48% / 40% / 16%           30% / 36% / 36%           43% / 29% / 29%           29% / 45% / 29%           47% / 35% / 21%     
      3%      43% / 35% / 26%           26% / 28% / 47%           32% / 22% / 47%           24% / 38% / 38%           40% / 30% / 31%     
    3.5%      37% / 31% / 37%           18% / 26% / 57%           26% / 16% / 59%           21% / 33% / 46%           38% / 25% / 38%     
      4%      33% / 21% / 49%           14% / 21% / 65%           23% / 14% / 65%           19% / 26% / 55%           27% / 16% / 57%     
      5%       21% / 6% / 74%           12% / 12% / 77%            14% / 8% / 79%           10% / 19% / 70%            18% / 8% / 74%     
      7%       11% / 5% / 84%            4% / 6% / 90%             7% / 4% / 89%             3% / 8% / 89%             5% / 4% / 91%      
     10%       3% / 1% / 96%             0% / 1% / 99%             2% / 1% / 97%             1% / 3% / 96%             2% / 2% / 96%      
     15%       0% / 0% / 100%            0% / 1% / 99%             2% / 0% / 98%             1% / 2% / 97%             0% / 0% / 100%     
  -------  ------------------------  ------------------------  ------------------------  ------------------------  ------------------------
    swing      +2.73% / -1.64%           +1.68% / -2.22%           +2.62% / -1.54%           +1.61% / -2.63%           +2.65% / -1.77%     
     base          3:53 PM                   3:52 PM                   3:52 PM                   3:53 PM                   3:52 PM         

────────────────────────────────────────────────────────────────────────────────────────────
  Saved TXT: C:\actions-runner\_work\EoD_OptionTrading\EoD_OptionTrading\results\all-weekdays-price-level-touch-percentage\level_touch_tsla_730days_2026-08-16_1621.txt
────────────────────────────────────────────────────────────────────────────────────────────

████████████████████████████████████████████████████████████████████████████████████████████
════════════════════════════════════════════════════════════════════════════════════════════
  AAPL  —  level thresholds ±0.50% / 0.75% / 1.00% / 1.25% / 1.50% / 2.00% / 2.50% / 3.00% / 3.50% / 4.00% / 5.00% / 7.00% / 10.00% / 15.00%   (prior-day close baseline → scan-day touch)
════════════════════════════════════════════════════════════════════════════════════════════

  ──────── MONDAY  (baseline = prior Friday 3:50–55 PM) ────────
     Mondays analyzed: 95   skipped (no data): 9   (7 week(s) used an earlier baseline — holiday)

     ── ±0.5% level ──
        base ref sessions        +0.5% hit        -0.5% hit            Both         Neither
     ----------- --------   --------------   --------------   -------------   -------------
         3:50 PM       95       61 (64.2%)       56 (58.9%)      24 (25.3%)        2 (2.1%)  
         3:51 PM       95       62 (65.3%)       54 (56.8%)      22 (23.2%)        1 (1.1%)  
         3:52 PM       95       61 (64.2%)       54 (56.8%)      22 (23.2%)        2 (2.1%) ◀
         3:53 PM       95       61 (64.2%)       52 (54.7%)      20 (21.1%)        2 (2.1%)  
         3:54 PM       95       62 (65.3%)       53 (55.8%)      22 (23.2%)        2 (2.1%)  
         3:55 PM       95       59 (62.1%)       55 (57.9%)      21 (22.1%)        2 (2.1%)  
     3:50–55 avg       95       62 (65.3%)       54 (56.8%)      23 (24.2%)        2 (2.1%)  

     ── ±0.75% level ──
        base ref sessions       +0.75% hit       -0.75% hit            Both         Neither
     ----------- --------   --------------   --------------   -------------   -------------
         3:50 PM       95       58 (61.1%)       47 (49.5%)      13 (13.7%)        3 (3.2%)  
         3:51 PM       95       56 (58.9%)       46 (48.4%)      11 (11.6%)        4 (4.2%)  
         3:52 PM       95       57 (60.0%)       47 (49.5%)      13 (13.7%)        4 (4.2%) ◀
         3:53 PM       95       58 (61.1%)       48 (50.5%)      14 (14.7%)        3 (3.2%)  
         3:54 PM       95       54 (56.8%)       49 (51.6%)      14 (14.7%)        6 (6.3%)  
         3:55 PM       95       50 (52.6%)       51 (53.7%)      12 (12.6%)        6 (6.3%)  
     3:50–55 avg       95       57 (60.0%)       48 (50.5%)      14 (14.7%)        4 (4.2%)  

     ── ±1% level ──
        base ref sessions          +1% hit          -1% hit            Both         Neither
     ----------- --------   --------------   --------------   -------------   -------------
         3:50 PM       95       52 (54.7%)       42 (44.2%)        9 (9.5%)      10 (10.5%)  
         3:51 PM       95       50 (52.6%)       42 (44.2%)        7 (7.4%)      10 (10.5%)  
         3:52 PM       95       49 (51.6%)       43 (45.3%)        7 (7.4%)      10 (10.5%) ◀
         3:53 PM       95       52 (54.7%)       43 (45.3%)        9 (9.5%)        9 (9.5%)  
         3:54 PM       95       47 (49.5%)       43 (45.3%)        7 (7.4%)      12 (12.6%)  
         3:55 PM       95       48 (50.5%)       43 (45.3%)        7 (7.4%)      11 (11.6%)  
     3:50–55 avg       95       49 (51.6%)       42 (44.2%)        7 (7.4%)      11 (11.6%)  

     ── ±1.25% level ──
        base ref sessions       +1.25% hit       -1.25% hit            Both         Neither
     ----------- --------   --------------   --------------   -------------   -------------
         3:50 PM       95       47 (49.5%)       36 (37.9%)        6 (6.3%)      18 (18.9%)  
         3:51 PM       95       47 (49.5%)       38 (40.0%)        7 (7.4%)      17 (17.9%)  
         3:52 PM       95       45 (47.4%)       38 (40.0%)        6 (6.3%)      18 (18.9%) ◀
         3:53 PM       95       45 (47.4%)       38 (40.0%)        6 (6.3%)      18 (18.9%)  
         3:54 PM       95       43 (45.3%)       39 (41.1%)        5 (5.3%)      18 (18.9%)  
         3:55 PM       95       44 (46.3%)       37 (38.9%)        4 (4.2%)      18 (18.9%)  
     3:50–55 avg       95       45 (47.4%)       39 (41.1%)        7 (7.4%)      18 (18.9%)  

     ── ±1.5% level ──
        base ref sessions        +1.5% hit        -1.5% hit            Both         Neither
     ----------- --------   --------------   --------------   -------------   -------------
         3:50 PM       95       37 (38.9%)       31 (32.6%)        3 (3.2%)      30 (31.6%)  
         3:51 PM       95       38 (40.0%)       31 (32.6%)        4 (4.2%)      30 (31.6%)  
         3:52 PM       95       39 (41.1%)       31 (32.6%)        4 (4.2%)      29 (30.5%) ◀
         3:53 PM       95       38 (40.0%)       31 (32.6%)        3 (3.2%)      29 (30.5%)  
         3:54 PM       95       35 (36.8%)       33 (34.7%)        3 (3.2%)      30 (31.6%)  
         3:55 PM       95       34 (35.8%)       33 (34.7%)        3 (3.2%)      31 (32.6%)  
     3:50–55 avg       95       37 (38.9%)       33 (34.7%)        3 (3.2%)      28 (29.5%)  

     ── ±2% level ──
        base ref sessions          +2% hit          -2% hit            Both         Neither
     ----------- --------   --------------   --------------   -------------   -------------
         3:50 PM       95       27 (28.4%)       21 (22.1%)        2 (2.1%)      49 (51.6%)  
         3:51 PM       95       25 (26.3%)       20 (21.1%)        2 (2.1%)      52 (54.7%)  
         3:52 PM       95       25 (26.3%)       20 (21.1%)        2 (2.1%)      52 (54.7%) ◀
         3:53 PM       95       25 (26.3%)       20 (21.1%)        2 (2.1%)      52 (54.7%)  
         3:54 PM       95       24 (25.3%)       20 (21.1%)        2 (2.1%)      53 (55.8%)  
         3:55 PM       95       23 (24.2%)       20 (21.1%)        2 (2.1%)      54 (56.8%)  
     3:50–55 avg       95       24 (25.3%)       19 (20.0%)        2 (2.1%)      54 (56.8%)  

     ── ±2.5% level ──
        base ref sessions        +2.5% hit        -2.5% hit            Both         Neither
     ----------- --------   --------------   --------------   -------------   -------------
         3:50 PM       95       13 (13.7%)       11 (11.6%)        0 (0.0%)      71 (74.7%)  
         3:51 PM       95       13 (13.7%)       11 (11.6%)        0 (0.0%)      71 (74.7%)  
         3:52 PM       95       14 (14.7%)       12 (12.6%)        1 (1.1%)      70 (73.7%) ◀
         3:53 PM       95       14 (14.7%)       12 (12.6%)        1 (1.1%)      70 (73.7%)  
         3:54 PM       95       12 (12.6%)       11 (11.6%)        1 (1.1%)      73 (76.8%)  
         3:55 PM       95       14 (14.7%)       10 (10.5%)        1 (1.1%)      72 (75.8%)  
     3:50–55 avg       95       14 (14.7%)       10 (10.5%)        1 (1.1%)      72 (75.8%)  

     ── ±3% level ──
        base ref sessions          +3% hit          -3% hit            Both         Neither
     ----------- --------   --------------   --------------   -------------   -------------
         3:50 PM       95         8 (8.4%)         7 (7.4%)        0 (0.0%)      80 (84.2%)  
         3:51 PM       95         8 (8.4%)         7 (7.4%)        0 (0.0%)      80 (84.2%)  
         3:52 PM       95         8 (8.4%)         8 (8.4%)        0 (0.0%)      79 (83.2%) ◀
         3:53 PM       95         9 (9.5%)         7 (7.4%)        0 (0.0%)      79 (83.2%)  
         3:54 PM       95         8 (8.4%)         8 (8.4%)        0 (0.0%)      79 (83.2%)  
         3:55 PM       95         8 (8.4%)         9 (9.5%)        0 (0.0%)      78 (82.1%)  
     3:50–55 avg       95         8 (8.4%)         7 (7.4%)        0 (0.0%)      80 (84.2%)  

     ── ±3.5% level ──
        base ref sessions        +3.5% hit        -3.5% hit            Both         Neither
     ----------- --------   --------------   --------------   -------------   -------------
         3:50 PM       95         5 (5.3%)         3 (3.2%)        0 (0.0%)      87 (91.6%)  
         3:51 PM       95         6 (6.3%)         3 (3.2%)        0 (0.0%)      86 (90.5%)  
         3:52 PM       95         6 (6.3%)         3 (3.2%)        0 (0.0%)      86 (90.5%) ◀
         3:53 PM       95         6 (6.3%)         3 (3.2%)        0 (0.0%)      86 (90.5%)  
         3:54 PM       95         6 (6.3%)         4 (4.2%)        0 (0.0%)      85 (89.5%)  
         3:55 PM       95         6 (6.3%)         4 (4.2%)        0 (0.0%)      85 (89.5%)  
     3:50–55 avg       95         6 (6.3%)         3 (3.2%)        0 (0.0%)      86 (90.5%)  

     ── ±4% level ──
        base ref sessions          +4% hit          -4% hit            Both         Neither
     ----------- --------   --------------   --------------   -------------   -------------
         3:50 PM       95         5 (5.3%)         2 (2.1%)        0 (0.0%)      88 (92.6%)  
         3:51 PM       95         5 (5.3%)         2 (2.1%)        0 (0.0%)      88 (92.6%)  
         3:52 PM       95         5 (5.3%)         2 (2.1%)        0 (0.0%)      88 (92.6%) ◀
         3:53 PM       95         6 (6.3%)         2 (2.1%)        0 (0.0%)      87 (91.6%)  
         3:54 PM       95         6 (6.3%)         2 (2.1%)        0 (0.0%)      87 (91.6%)  
         3:55 PM       95         6 (6.3%)         2 (2.1%)        0 (0.0%)      87 (91.6%)  
     3:50–55 avg       95         5 (5.3%)         2 (2.1%)        0 (0.0%)      88 (92.6%)  

     ── ±5% level ──
        base ref sessions          +5% hit          -5% hit            Both         Neither
     ----------- --------   --------------   --------------   -------------   -------------
         3:50 PM       95         2 (2.1%)         1 (1.1%)        0 (0.0%)      92 (96.8%)  
         3:51 PM       95         2 (2.1%)         1 (1.1%)        0 (0.0%)      92 (96.8%)  
         3:52 PM       95         2 (2.1%)         1 (1.1%)        0 (0.0%)      92 (96.8%) ◀
         3:53 PM       95         2 (2.1%)         1 (1.1%)        0 (0.0%)      92 (96.8%)  
         3:54 PM       95         2 (2.1%)         1 (1.1%)        0 (0.0%)      92 (96.8%)  
         3:55 PM       95         2 (2.1%)         1 (1.1%)        0 (0.0%)      92 (96.8%)  
     3:50–55 avg       95         2 (2.1%)         1 (1.1%)        0 (0.0%)      92 (96.8%)  

     ── ±7% level ──
        base ref sessions          +7% hit          -7% hit            Both         Neither
     ----------- --------   --------------   --------------   -------------   -------------
         3:50 PM       95         1 (1.1%)         1 (1.1%)        0 (0.0%)      93 (97.9%)  
         3:51 PM       95         1 (1.1%)         1 (1.1%)        0 (0.0%)      93 (97.9%)  
         3:52 PM       95         1 (1.1%)         1 (1.1%)        0 (0.0%)      93 (97.9%) ◀
         3:53 PM       95         1 (1.1%)         1 (1.1%)        0 (0.0%)      93 (97.9%)  
         3:54 PM       95         1 (1.1%)         1 (1.1%)        0 (0.0%)      93 (97.9%)  
         3:55 PM       95         1 (1.1%)         1 (1.1%)        0 (0.0%)      93 (97.9%)  
     3:50–55 avg       95         1 (1.1%)         1 (1.1%)        0 (0.0%)      93 (97.9%)  

     ── ±10% level ──
        base ref sessions         +10% hit         -10% hit            Both         Neither
     ----------- --------   --------------   --------------   -------------   -------------
         3:50 PM       95         0 (0.0%)         0 (0.0%)        0 (0.0%)     95 (100.0%)  
         3:51 PM       95         0 (0.0%)         0 (0.0%)        0 (0.0%)     95 (100.0%)  
         3:52 PM       95         0 (0.0%)         0 (0.0%)        0 (0.0%)     95 (100.0%) ◀
         3:53 PM       95         0 (0.0%)         0 (0.0%)        0 (0.0%)     95 (100.0%)  
         3:54 PM       95         0 (0.0%)         0 (0.0%)        0 (0.0%)     95 (100.0%)  
         3:55 PM       95         0 (0.0%)         0 (0.0%)        0 (0.0%)     95 (100.0%)  
     3:50–55 avg       95         0 (0.0%)         0 (0.0%)        0 (0.0%)     95 (100.0%)  

     ── ±15% level ──
        base ref sessions         +15% hit         -15% hit            Both         Neither
     ----------- --------   --------------   --------------   -------------   -------------
         3:50 PM       95         0 (0.0%)         0 (0.0%)        0 (0.0%)     95 (100.0%)  
         3:51 PM       95         0 (0.0%)         0 (0.0%)        0 (0.0%)     95 (100.0%)  
         3:52 PM       95         0 (0.0%)         0 (0.0%)        0 (0.0%)     95 (100.0%) ◀
         3:53 PM       95         0 (0.0%)         0 (0.0%)        0 (0.0%)     95 (100.0%)  
         3:54 PM       95         0 (0.0%)         0 (0.0%)        0 (0.0%)     95 (100.0%)  
         3:55 PM       95         0 (0.0%)         0 (0.0%)        0 (0.0%)     95 (100.0%)  
     3:50–55 avg       95         0 (0.0%)         0 (0.0%)        0 (0.0%)     95 (100.0%)  

     ── swings (same for all thresholds; % of reference, $ in brackets) ──
        base ref        avg up swing     avg down swing       max up swing     max down swing
     -----------   -----------------  -----------------  -----------------  -----------------
         3:50 PM      +1.18% ($2.85)     -0.94% ($2.35)    +7.43% ($14.73)    -7.86% ($14.90)
         3:51 PM      +1.18% ($2.85)     -0.95% ($2.36)    +7.36% ($14.59)    -7.88% ($14.93)
         3:52 PM      +1.18% ($2.87)     -0.94% ($2.34)    +7.40% ($14.68)    -7.75% ($14.68)
         3:53 PM      +1.19% ($2.87)     -0.94% ($2.34)    +7.48% ($14.81)    -7.64% ($14.45)
         3:54 PM      +1.16% ($2.81)     -0.96% ($2.40)    +7.07% ($14.06)    -7.61% ($14.38)
         3:55 PM      +1.16% ($2.81)     -0.96% ($2.40)    +7.30% ($14.48)    -7.44% ($14.04)
     3:50–55 avg      +1.17% ($2.84)     -0.95% ($2.36)    +7.34% ($14.56)    -7.70% ($14.56)

     Steadiest baseline  (avg |dev from 3:50–55 mean|, lower = steadier):
       3:52 PM $0.150 ◀    3:51 PM $0.155    3:53 PM $0.164    3:54 PM $0.194    3:50 PM $0.203    3:55 PM $0.315
     → Recommended Monday baseline: 3:52 PM

  ──────── TUESDAY  (baseline = prior Monday 3:50–55 PM) ────────
     Tuesdays analyzed: 104   skipped (no data): 0   (10 week(s) used an earlier baseline — holiday)

     ── ±0.5% level ──
        base ref sessions        +0.5% hit        -0.5% hit            Both         Neither
     ----------- --------   --------------   --------------   -------------   -------------
         3:50 PM      104       73 (70.2%)       60 (57.7%)      29 (27.9%)        0 (0.0%)  
         3:51 PM      104       72 (69.2%)       60 (57.7%)      28 (26.9%)        0 (0.0%)  
         3:52 PM      104       73 (70.2%)       58 (55.8%)      28 (26.9%)        1 (1.0%) ◀
         3:53 PM      104       74 (71.2%)       60 (57.7%)      30 (28.8%)        0 (0.0%)  
         3:54 PM      104       71 (68.3%)       59 (56.7%)      28 (26.9%)        2 (1.9%)  
         3:55 PM      104       74 (71.2%)       55 (52.9%)      27 (26.0%)        2 (1.9%)  
     3:50–55 avg      104       71 (68.3%)       57 (54.8%)      25 (24.0%)        1 (1.0%)  

     ── ±0.75% level ──
        base ref sessions       +0.75% hit       -0.75% hit            Both         Neither
     ----------- --------   --------------   --------------   -------------   -------------
         3:50 PM      104       61 (58.7%)       43 (41.3%)      11 (10.6%)      11 (10.6%)  
         3:51 PM      104       60 (57.7%)       43 (41.3%)      11 (10.6%)      12 (11.5%)  
         3:52 PM      104       59 (56.7%)       43 (41.3%)      11 (10.6%)      13 (12.5%) ◀
         3:53 PM      104       60 (57.7%)       45 (43.3%)      13 (12.5%)      12 (11.5%)  
         3:54 PM      104       60 (57.7%)       44 (42.3%)      11 (10.6%)      11 (10.6%)  
         3:55 PM      104       61 (58.7%)       42 (40.4%)        9 (8.7%)       10 (9.6%)  
     3:50–55 avg      104       60 (57.7%)       43 (41.3%)      11 (10.6%)      12 (11.5%)  

     ── ±1% level ──
        base ref sessions          +1% hit          -1% hit            Both         Neither
     ----------- --------   --------------   --------------   -------------   -------------
         3:50 PM      104       48 (46.2%)       34 (32.7%)        4 (3.8%)      26 (25.0%)  
         3:51 PM      104       47 (45.2%)       34 (32.7%)        4 (3.8%)      27 (26.0%)  
         3:52 PM      104       46 (44.2%)       32 (30.8%)        1 (1.0%)      27 (26.0%) ◀
         3:53 PM      104       47 (45.2%)       32 (30.8%)        2 (1.9%)      27 (26.0%)  
         3:54 PM      104       48 (46.2%)       33 (31.7%)        3 (2.9%)      26 (25.0%)  
         3:55 PM      104       47 (45.2%)       33 (31.7%)        3 (2.9%)      27 (26.0%)  
     3:50–55 avg      104       47 (45.2%)       33 (31.7%)        3 (2.9%)      27 (26.0%)  

     ── ±1.25% level ──
        base ref sessions       +1.25% hit       -1.25% hit            Both         Neither
     ----------- --------   --------------   --------------   -------------   -------------
         3:50 PM      104       38 (36.5%)       28 (26.9%)        1 (1.0%)      39 (37.5%)  
         3:51 PM      104       38 (36.5%)       29 (27.9%)        1 (1.0%)      38 (36.5%)  
         3:52 PM      104       36 (34.6%)       30 (28.8%)        1 (1.0%)      39 (37.5%) ◀
         3:53 PM      104       36 (34.6%)       30 (28.8%)        1 (1.0%)      39 (37.5%)  
         3:54 PM      104       36 (34.6%)       29 (27.9%)        1 (1.0%)      40 (38.5%)  
         3:55 PM      104       34 (32.7%)       26 (25.0%)        1 (1.0%)      45 (43.3%)  
     3:50–55 avg      104       36 (34.6%)       30 (28.8%)        1 (1.0%)      39 (37.5%)  

     ── ±1.5% level ──
        base ref sessions        +1.5% hit        -1.5% hit            Both         Neither
     ----------- --------   --------------   --------------   -------------   -------------
         3:50 PM      104       29 (27.9%)       18 (17.3%)        1 (1.0%)      58 (55.8%)  
         3:51 PM      104       28 (26.9%)       19 (18.3%)        1 (1.0%)      58 (55.8%)  
         3:52 PM      104       29 (27.9%)       19 (18.3%)        1 (1.0%)      57 (54.8%) ◀
         3:53 PM      104       28 (26.9%)       18 (17.3%)        1 (1.0%)      59 (56.7%)  
         3:54 PM      104       29 (27.9%)       19 (18.3%)        1 (1.0%)      57 (54.8%)  
         3:55 PM      104       26 (25.0%)       18 (17.3%)        1 (1.0%)      61 (58.7%)  
     3:50–55 avg      104       28 (26.9%)       19 (18.3%)        1 (1.0%)      58 (55.8%)  

     ── ±2% level ──
        base ref sessions          +2% hit          -2% hit            Both         Neither
     ----------- --------   --------------   --------------   -------------   -------------
         3:50 PM      104       17 (16.3%)       12 (11.5%)        1 (1.0%)      76 (73.1%)  
         3:51 PM      104       17 (16.3%)       12 (11.5%)        1 (1.0%)      76 (73.1%)  
         3:52 PM      104       17 (16.3%)       12 (11.5%)        1 (1.0%)      76 (73.1%) ◀
         3:53 PM      104       18 (17.3%)       11 (10.6%)        1 (1.0%)      76 (73.1%)  
         3:54 PM      104       17 (16.3%)        10 (9.6%)        1 (1.0%)      78 (75.0%)  
         3:55 PM      104       19 (18.3%)        10 (9.6%)        1 (1.0%)      76 (73.1%)  
     3:50–55 avg      104       17 (16.3%)        10 (9.6%)        1 (1.0%)      78 (75.0%)  

     ── ±2.5% level ──
        base ref sessions        +2.5% hit        -2.5% hit            Both         Neither
     ----------- --------   --------------   --------------   -------------   -------------
         3:50 PM      104       14 (13.5%)         9 (8.7%)        1 (1.0%)      82 (78.8%)  
         3:51 PM      104       14 (13.5%)         9 (8.7%)        1 (1.0%)      82 (78.8%)  
         3:52 PM      104       14 (13.5%)         9 (8.7%)        1 (1.0%)      82 (78.8%) ◀
         3:53 PM      104       13 (12.5%)         9 (8.7%)        1 (1.0%)      83 (79.8%)  
         3:54 PM      104       13 (12.5%)         9 (8.7%)        1 (1.0%)      83 (79.8%)  
         3:55 PM      104       14 (13.5%)         9 (8.7%)        1 (1.0%)      82 (78.8%)  
     3:50–55 avg      104       13 (12.5%)         9 (8.7%)        1 (1.0%)      83 (79.8%)  

     ── ±3% level ──
        base ref sessions          +3% hit          -3% hit            Both         Neither
     ----------- --------   --------------   --------------   -------------   -------------
         3:50 PM      104         7 (6.7%)         8 (7.7%)        1 (1.0%)      90 (86.5%)  
         3:51 PM      104         7 (6.7%)         8 (7.7%)        1 (1.0%)      90 (86.5%)  
         3:52 PM      104         7 (6.7%)         8 (7.7%)        1 (1.0%)      90 (86.5%) ◀
         3:53 PM      104         7 (6.7%)         8 (7.7%)        1 (1.0%)      90 (86.5%)  
         3:54 PM      104         7 (6.7%)         8 (7.7%)        1 (1.0%)      90 (86.5%)  
         3:55 PM      104         8 (7.7%)         8 (7.7%)        1 (1.0%)      89 (85.6%)  
     3:50–55 avg      104         7 (6.7%)         8 (7.7%)        1 (1.0%)      90 (86.5%)  

     ── ±3.5% level ──
        base ref sessions        +3.5% hit        -3.5% hit            Both         Neither
     ----------- --------   --------------   --------------   -------------   -------------
         3:50 PM      104         5 (4.8%)         8 (7.7%)        1 (1.0%)      92 (88.5%)  
         3:51 PM      104         5 (4.8%)         7 (6.7%)        1 (1.0%)      93 (89.4%)  
         3:52 PM      104         5 (4.8%)         7 (6.7%)        1 (1.0%)      93 (89.4%) ◀
         3:53 PM      104         5 (4.8%)         8 (7.7%)        1 (1.0%)      92 (88.5%)  
         3:54 PM      104         5 (4.8%)         7 (6.7%)        1 (1.0%)      93 (89.4%)  
         3:55 PM      104         4 (3.8%)         7 (6.7%)        1 (1.0%)      94 (90.4%)  
     3:50–55 avg      104         5 (4.8%)         8 (7.7%)        1 (1.0%)      92 (88.5%)  

     ── ±4% level ──
        base ref sessions          +4% hit          -4% hit            Both         Neither
     ----------- --------   --------------   --------------   -------------   -------------
         3:50 PM      104         4 (3.8%)         6 (5.8%)        1 (1.0%)      95 (91.3%)  
         3:51 PM      104         4 (3.8%)         6 (5.8%)        1 (1.0%)      95 (91.3%)  
         3:52 PM      104         4 (3.8%)         6 (5.8%)        1 (1.0%)      95 (91.3%) ◀
         3:53 PM      104         3 (2.9%)         6 (5.8%)        1 (1.0%)      96 (92.3%)  
         3:54 PM      104         3 (2.9%)         6 (5.8%)        1 (1.0%)      96 (92.3%)  
         3:55 PM      104         3 (2.9%)         6 (5.8%)        1 (1.0%)      96 (92.3%)  
     3:50–55 avg      104         3 (2.9%)         6 (5.8%)        1 (1.0%)      96 (92.3%)  

     ── ±5% level ──
        base ref sessions          +5% hit          -5% hit            Both         Neither
     ----------- --------   --------------   --------------   -------------   -------------
         3:50 PM      104         1 (1.0%)         3 (2.9%)        1 (1.0%)     101 (97.1%)  
         3:51 PM      104         1 (1.0%)         3 (2.9%)        1 (1.0%)     101 (97.1%)  
         3:52 PM      104         1 (1.0%)         3 (2.9%)        1 (1.0%)     101 (97.1%) ◀
         3:53 PM      104         2 (1.9%)         3 (2.9%)        1 (1.0%)     100 (96.2%)  
         3:54 PM      104         1 (1.0%)         3 (2.9%)        1 (1.0%)     101 (97.1%)  
         3:55 PM      104         0 (0.0%)         2 (1.9%)        0 (0.0%)     102 (98.1%)  
     3:50–55 avg      104         1 (1.0%)         3 (2.9%)        1 (1.0%)     101 (97.1%)  

     ── ±7% level ──
        base ref sessions          +7% hit          -7% hit            Both         Neither
     ----------- --------   --------------   --------------   -------------   -------------
         3:50 PM      104         0 (0.0%)         1 (1.0%)        0 (0.0%)     103 (99.0%)  
         3:51 PM      104         0 (0.0%)         1 (1.0%)        0 (0.0%)     103 (99.0%)  
         3:52 PM      104         0 (0.0%)         1 (1.0%)        0 (0.0%)     103 (99.0%) ◀
         3:53 PM      104         0 (0.0%)         1 (1.0%)        0 (0.0%)     103 (99.0%)  
         3:54 PM      104         0 (0.0%)         1 (1.0%)        0 (0.0%)     103 (99.0%)  
         3:55 PM      104         0 (0.0%)         1 (1.0%)        0 (0.0%)     103 (99.0%)  
     3:50–55 avg      104         0 (0.0%)         1 (1.0%)        0 (0.0%)     103 (99.0%)  

     ── ±10% level ──
        base ref sessions         +10% hit         -10% hit            Both         Neither
     ----------- --------   --------------   --------------   -------------   -------------
         3:50 PM      104         0 (0.0%)         0 (0.0%)        0 (0.0%)    104 (100.0%)  
         3:51 PM      104         0 (0.0%)         0 (0.0%)        0 (0.0%)    104 (100.0%)  
         3:52 PM      104         0 (0.0%)         0 (0.0%)        0 (0.0%)    104 (100.0%) ◀
         3:53 PM      104         0 (0.0%)         0 (0.0%)        0 (0.0%)    104 (100.0%)  
         3:54 PM      104         0 (0.0%)         0 (0.0%)        0 (0.0%)    104 (100.0%)  
         3:55 PM      104         0 (0.0%)         0 (0.0%)        0 (0.0%)    104 (100.0%)  
     3:50–55 avg      104         0 (0.0%)         0 (0.0%)        0 (0.0%)    104 (100.0%)  

     ── ±15% level ──
        base ref sessions         +15% hit         -15% hit            Both         Neither
     ----------- --------   --------------   --------------   -------------   -------------
         3:50 PM      104         0 (0.0%)         0 (0.0%)        0 (0.0%)    104 (100.0%)  
         3:51 PM      104         0 (0.0%)         0 (0.0%)        0 (0.0%)    104 (100.0%)  
         3:52 PM      104         0 (0.0%)         0 (0.0%)        0 (0.0%)    104 (100.0%) ◀
         3:53 PM      104         0 (0.0%)         0 (0.0%)        0 (0.0%)    104 (100.0%)  
         3:54 PM      104         0 (0.0%)         0 (0.0%)        0 (0.0%)    104 (100.0%)  
         3:55 PM      104         0 (0.0%)         0 (0.0%)        0 (0.0%)    104 (100.0%)  
     3:50–55 avg      104         0 (0.0%)         0 (0.0%)        0 (0.0%)    104 (100.0%)  

     ── swings (same for all thresholds; % of reference, $ in brackets) ──
        base ref        avg up swing     avg down swing       max up swing     max down swing
     -----------   -----------------  -----------------  -----------------  -----------------
         3:50 PM      +1.07% ($2.62)     -0.91% ($2.24)    +6.36% ($11.38)    -8.96% ($21.39)
         3:51 PM      +1.07% ($2.62)     -0.91% ($2.24)    +6.00% ($10.78)    -8.87% ($21.18)
         3:52 PM      +1.07% ($2.63)     -0.91% ($2.23)    +5.73% ($10.31)    -8.90% ($21.25)
         3:53 PM      +1.07% ($2.63)     -0.90% ($2.22)    +5.84% ($10.49)    -8.83% ($21.07)
         3:54 PM      +1.06% ($2.61)     -0.92% ($2.25)     +5.22% ($9.45)    -9.10% ($21.76)
         3:55 PM      +1.05% ($2.58)     -0.92% ($2.27)     +4.80% ($8.71)    -9.17% ($21.96)
     3:50–55 avg      +1.07% ($2.61)     -0.91% ($2.24)    +5.66% ($10.19)    -8.97% ($21.43)

     Steadiest baseline  (avg |dev from 3:50–55 mean|, lower = steadier):
       3:52 PM $0.109 ◀    3:53 PM $0.116    3:51 PM $0.133    3:50 PM $0.162    3:54 PM $0.164    3:55 PM $0.261
     → Recommended Tuesday baseline: 3:52 PM

  ──────── WEDNESDAY  (baseline = prior Tuesday 3:50–55 PM) ────────
     Wednesdays analyzed: 102   skipped (no data): 2

     ── ±0.5% level ──
        base ref sessions        +0.5% hit        -0.5% hit            Both         Neither
     ----------- --------   --------------   --------------   -------------   -------------
         3:50 PM      102       69 (67.6%)       62 (60.8%)      30 (29.4%)        1 (1.0%)  
         3:51 PM      102       72 (70.6%)       59 (57.8%)      31 (30.4%)        2 (2.0%)  
         3:52 PM      102       73 (71.6%)       62 (60.8%)      34 (33.3%)        1 (1.0%) ◀
         3:53 PM      102       72 (70.6%)       62 (60.8%)      35 (34.3%)        3 (2.9%)  
         3:54 PM      102       72 (70.6%)       60 (58.8%)      32 (31.4%)        2 (2.0%)  
         3:55 PM      102       72 (70.6%)       63 (61.8%)      33 (32.4%)        0 (0.0%)  
     3:50–55 avg      102       72 (70.6%)       59 (57.8%)      32 (31.4%)        3 (2.9%)  

     ── ±0.75% level ──
        base ref sessions       +0.75% hit       -0.75% hit            Both         Neither
     ----------- --------   --------------   --------------   -------------   -------------
         3:50 PM      102       57 (55.9%)       51 (50.0%)      15 (14.7%)        9 (8.8%)  
         3:51 PM      102       59 (57.8%)       52 (51.0%)      17 (16.7%)        8 (7.8%)  
         3:52 PM      102       61 (59.8%)       51 (50.0%)      17 (16.7%)        7 (6.9%) ◀
         3:53 PM      102       59 (57.8%)       52 (51.0%)      17 (16.7%)        8 (7.8%)  
         3:54 PM      102       58 (56.9%)       53 (52.0%)      15 (14.7%)        6 (5.9%)  
         3:55 PM      102       58 (56.9%)       55 (53.9%)      18 (17.6%)        7 (6.9%)  
     3:50–55 avg      102       57 (55.9%)       52 (51.0%)      16 (15.7%)        9 (8.8%)  

     ── ±1% level ──
        base ref sessions          +1% hit          -1% hit            Both         Neither
     ----------- --------   --------------   --------------   -------------   -------------
         3:50 PM      102       46 (45.1%)       43 (42.2%)        5 (4.9%)      18 (17.6%)  
         3:51 PM      102       45 (44.1%)       45 (44.1%)        6 (5.9%)      18 (17.6%)  
         3:52 PM      102       47 (46.1%)       44 (43.1%)        4 (3.9%)      15 (14.7%) ◀
         3:53 PM      102       46 (45.1%)       44 (43.1%)        4 (3.9%)      16 (15.7%)  
         3:54 PM      102       41 (40.2%)       43 (42.2%)        4 (3.9%)      22 (21.6%)  
         3:55 PM      102       41 (40.2%)       41 (40.2%)        3 (2.9%)      23 (22.5%)  
     3:50–55 avg      102       42 (41.2%)       44 (43.1%)        4 (3.9%)      20 (19.6%)  

     ── ±1.25% level ──
        base ref sessions       +1.25% hit       -1.25% hit            Both         Neither
     ----------- --------   --------------   --------------   -------------   -------------
         3:50 PM      102       37 (36.3%)       32 (31.4%)        0 (0.0%)      33 (32.4%)  
         3:51 PM      102       36 (35.3%)       32 (31.4%)        0 (0.0%)      34 (33.3%)  
         3:52 PM      102       35 (34.3%)       33 (32.4%)        0 (0.0%)      34 (33.3%) ◀
         3:53 PM      102       33 (32.4%)       34 (33.3%)        0 (0.0%)      35 (34.3%)  
         3:54 PM      102       37 (36.3%)       33 (32.4%)        0 (0.0%)      32 (31.4%)  
         3:55 PM      102       37 (36.3%)       34 (33.3%)        0 (0.0%)      31 (30.4%)  
     3:50–55 avg      102       35 (34.3%)       33 (32.4%)        1 (1.0%)      35 (34.3%)  

     ── ±1.5% level ──
        base ref sessions        +1.5% hit        -1.5% hit            Both         Neither
     ----------- --------   --------------   --------------   -------------   -------------
         3:50 PM      102       25 (24.5%)       24 (23.5%)        0 (0.0%)      53 (52.0%)  
         3:51 PM      102       26 (25.5%)       23 (22.5%)        0 (0.0%)      53 (52.0%)  
         3:52 PM      102       26 (25.5%)       23 (22.5%)        0 (0.0%)      53 (52.0%) ◀
         3:53 PM      102       24 (23.5%)       23 (22.5%)        0 (0.0%)      55 (53.9%)  
         3:54 PM      102       25 (24.5%)       24 (23.5%)        0 (0.0%)      53 (52.0%)  
         3:55 PM      102       25 (24.5%)       23 (22.5%)        0 (0.0%)      54 (52.9%)  
     3:50–55 avg      102       26 (25.5%)       23 (22.5%)        0 (0.0%)      53 (52.0%)  

     ── ±2% level ──
        base ref sessions          +2% hit          -2% hit            Both         Neither
     ----------- --------   --------------   --------------   -------------   -------------
         3:50 PM      102       19 (18.6%)       14 (13.7%)        0 (0.0%)      69 (67.6%)  
         3:51 PM      102       18 (17.6%)       14 (13.7%)        0 (0.0%)      70 (68.6%)  
         3:52 PM      102       17 (16.7%)       14 (13.7%)        0 (0.0%)      71 (69.6%) ◀
         3:53 PM      102       17 (16.7%)       13 (12.7%)        0 (0.0%)      72 (70.6%)  
         3:54 PM      102       18 (17.6%)       14 (13.7%)        0 (0.0%)      70 (68.6%)  
         3:55 PM      102       18 (17.6%)       14 (13.7%)        0 (0.0%)      70 (68.6%)  
     3:50–55 avg      102       18 (17.6%)       14 (13.7%)        0 (0.0%)      70 (68.6%)  

     ── ±2.5% level ──
        base ref sessions        +2.5% hit        -2.5% hit            Both         Neither
     ----------- --------   --------------   --------------   -------------   -------------
         3:50 PM      102       14 (13.7%)         9 (8.8%)        0 (0.0%)      79 (77.5%)  
         3:51 PM      102       14 (13.7%)         8 (7.8%)        0 (0.0%)      80 (78.4%)  
         3:52 PM      102       14 (13.7%)         8 (7.8%)        0 (0.0%)      80 (78.4%) ◀
         3:53 PM      102       14 (13.7%)         9 (8.8%)        0 (0.0%)      79 (77.5%)  
         3:54 PM      102       14 (13.7%)         9 (8.8%)        0 (0.0%)      79 (77.5%)  
         3:55 PM      102       13 (12.7%)         9 (8.8%)        0 (0.0%)      80 (78.4%)  
     3:50–55 avg      102       14 (13.7%)         9 (8.8%)        0 (0.0%)      79 (77.5%)  

     ── ±3% level ──
        base ref sessions          +3% hit          -3% hit            Both         Neither
     ----------- --------   --------------   --------------   -------------   -------------
         3:50 PM      102         9 (8.8%)         5 (4.9%)        0 (0.0%)      88 (86.3%)  
         3:51 PM      102         9 (8.8%)         5 (4.9%)        0 (0.0%)      88 (86.3%)  
         3:52 PM      102         8 (7.8%)         5 (4.9%)        0 (0.0%)      89 (87.3%) ◀
         3:53 PM      102         8 (7.8%)         3 (2.9%)        0 (0.0%)      91 (89.2%)  
         3:54 PM      102         7 (6.9%)         4 (3.9%)        0 (0.0%)      91 (89.2%)  
         3:55 PM      102         7 (6.9%)         4 (3.9%)        0 (0.0%)      91 (89.2%)  
     3:50–55 avg      102         7 (6.9%)         4 (3.9%)        0 (0.0%)      91 (89.2%)  

     ── ±3.5% level ──
        base ref sessions        +3.5% hit        -3.5% hit            Both         Neither
     ----------- --------   --------------   --------------   -------------   -------------
         3:50 PM      102         5 (4.9%)         1 (1.0%)        0 (0.0%)      96 (94.1%)  
         3:51 PM      102         6 (5.9%)         2 (2.0%)        0 (0.0%)      94 (92.2%)  
         3:52 PM      102         6 (5.9%)         2 (2.0%)        0 (0.0%)      94 (92.2%) ◀
         3:53 PM      102         6 (5.9%)         3 (2.9%)        0 (0.0%)      93 (91.2%)  
         3:54 PM      102         6 (5.9%)         3 (2.9%)        0 (0.0%)      93 (91.2%)  
         3:55 PM      102         6 (5.9%)         3 (2.9%)        0 (0.0%)      93 (91.2%)  
     3:50–55 avg      102         6 (5.9%)         3 (2.9%)        0 (0.0%)      93 (91.2%)  

     ── ±4% level ──
        base ref sessions          +4% hit          -4% hit            Both         Neither
     ----------- --------   --------------   --------------   -------------   -------------
         3:50 PM      102         5 (4.9%)         1 (1.0%)        0 (0.0%)      96 (94.1%)  
         3:51 PM      102         4 (3.9%)         1 (1.0%)        0 (0.0%)      97 (95.1%)  
         3:52 PM      102         4 (3.9%)         1 (1.0%)        0 (0.0%)      97 (95.1%) ◀
         3:53 PM      102         4 (3.9%)         1 (1.0%)        0 (0.0%)      97 (95.1%)  
         3:54 PM      102         4 (3.9%)         1 (1.0%)        0 (0.0%)      97 (95.1%)  
         3:55 PM      102         4 (3.9%)         1 (1.0%)        0 (0.0%)      97 (95.1%)  
     3:50–55 avg      102         4 (3.9%)         1 (1.0%)        0 (0.0%)      97 (95.1%)  

     ── ±5% level ──
        base ref sessions          +5% hit          -5% hit            Both         Neither
     ----------- --------   --------------   --------------   -------------   -------------
         3:50 PM      102         2 (2.0%)         0 (0.0%)        0 (0.0%)     100 (98.0%)  
         3:51 PM      102         2 (2.0%)         1 (1.0%)        0 (0.0%)      99 (97.1%)  
         3:52 PM      102         2 (2.0%)         1 (1.0%)        0 (0.0%)      99 (97.1%) ◀
         3:53 PM      102         2 (2.0%)         1 (1.0%)        0 (0.0%)      99 (97.1%)  
         3:54 PM      102         2 (2.0%)         1 (1.0%)        0 (0.0%)      99 (97.1%)  
         3:55 PM      102         2 (2.0%)         0 (0.0%)        0 (0.0%)     100 (98.0%)  
     3:50–55 avg      102         2 (2.0%)         1 (1.0%)        0 (0.0%)      99 (97.1%)  

     ── ±7% level ──
        base ref sessions          +7% hit          -7% hit            Both         Neither
     ----------- --------   --------------   --------------   -------------   -------------
         3:50 PM      102         1 (1.0%)         0 (0.0%)        0 (0.0%)     101 (99.0%)  
         3:51 PM      102         1 (1.0%)         0 (0.0%)        0 (0.0%)     101 (99.0%)  
         3:52 PM      102         1 (1.0%)         0 (0.0%)        0 (0.0%)     101 (99.0%) ◀
         3:53 PM      102         1 (1.0%)         0 (0.0%)        0 (0.0%)     101 (99.0%)  
         3:54 PM      102         1 (1.0%)         0 (0.0%)        0 (0.0%)     101 (99.0%)  
         3:55 PM      102         1 (1.0%)         0 (0.0%)        0 (0.0%)     101 (99.0%)  
     3:50–55 avg      102         1 (1.0%)         0 (0.0%)        0 (0.0%)     101 (99.0%)  

     ── ±10% level ──
        base ref sessions         +10% hit         -10% hit            Both         Neither
     ----------- --------   --------------   --------------   -------------   -------------
         3:50 PM      102         1 (1.0%)         0 (0.0%)        0 (0.0%)     101 (99.0%)  
         3:51 PM      102         1 (1.0%)         0 (0.0%)        0 (0.0%)     101 (99.0%)  
         3:52 PM      102         1 (1.0%)         0 (0.0%)        0 (0.0%)     101 (99.0%) ◀
         3:53 PM      102         1 (1.0%)         0 (0.0%)        0 (0.0%)     101 (99.0%)  
         3:54 PM      102         1 (1.0%)         0 (0.0%)        0 (0.0%)     101 (99.0%)  
         3:55 PM      102         1 (1.0%)         0 (0.0%)        0 (0.0%)     101 (99.0%)  
     3:50–55 avg      102         1 (1.0%)         0 (0.0%)        0 (0.0%)     101 (99.0%)  

     ── ±15% level ──
        base ref sessions         +15% hit         -15% hit            Both         Neither
     ----------- --------   --------------   --------------   -------------   -------------
         3:50 PM      102         1 (1.0%)         0 (0.0%)        0 (0.0%)     101 (99.0%)  
         3:51 PM      102         1 (1.0%)         0 (0.0%)        0 (0.0%)     101 (99.0%)  
         3:52 PM      102         1 (1.0%)         0 (0.0%)        0 (0.0%)     101 (99.0%) ◀
         3:53 PM      102         1 (1.0%)         0 (0.0%)        0 (0.0%)     101 (99.0%)  
         3:54 PM      102         1 (1.0%)         0 (0.0%)        0 (0.0%)     101 (99.0%)  
         3:55 PM      102         1 (1.0%)         0 (0.0%)        0 (0.0%)     101 (99.0%)  
     3:50–55 avg      102         1 (1.0%)         0 (0.0%)        0 (0.0%)     101 (99.0%)  

     ── swings (same for all thresholds; % of reference, $ in brackets) ──
        base ref        avg up swing     avg down swing       max up swing     max down swing
     -----------   -----------------  -----------------  -----------------  -----------------
         3:50 PM      +1.27% ($3.03)     -0.86% ($2.10)   +16.94% ($29.05)    -4.98% ($10.08)
         3:51 PM      +1.27% ($3.02)     -0.86% ($2.12)   +16.79% ($28.84)    -5.04% ($10.21)
         3:52 PM      +1.26% ($3.02)     -0.87% ($2.12)   +16.48% ($28.38)    -5.10% ($10.33)
         3:53 PM      +1.26% ($3.01)     -0.87% ($2.12)   +16.59% ($28.55)    -5.09% ($10.31)
         3:54 PM      +1.24% ($2.97)     -0.89% ($2.17)   +16.15% ($27.89)    -5.04% ($10.22)
         3:55 PM      +1.24% ($2.97)     -0.89% ($2.17)   +16.50% ($28.40)    -4.98% ($10.08)
     3:50–55 avg      +1.26% ($3.01)     -0.87% ($2.13)   +16.58% ($28.52)    -5.04% ($10.21)

     Steadiest baseline  (avg |dev from 3:50–55 mean|, lower = steadier):
       3:52 PM $0.108 ◀    3:53 PM $0.117    3:51 PM $0.118    3:50 PM $0.155    3:54 PM $0.175    3:55 PM $0.222
     → Recommended Wednesday baseline: 3:52 PM

  ──────── THURSDAY  (baseline = prior Wednesday 3:50–55 PM) ────────
     Thursdays analyzed: 98   skipped (no data): 6   (2 week(s) used an earlier baseline — holiday)

     ── ±0.5% level ──
        base ref sessions        +0.5% hit        -0.5% hit            Both         Neither
     ----------- --------   --------------   --------------   -------------   -------------
         3:50 PM       98       68 (69.4%)       64 (65.3%)      34 (34.7%)        0 (0.0%)  
         3:51 PM       98       69 (70.4%)       65 (66.3%)      36 (36.7%)        0 (0.0%)  
         3:52 PM       98       67 (68.4%)       65 (66.3%)      34 (34.7%)        0 (0.0%)  
         3:53 PM       98       68 (69.4%)       65 (66.3%)      35 (35.7%)        0 (0.0%) ◀
         3:54 PM       98       69 (70.4%)       65 (66.3%)      36 (36.7%)        0 (0.0%)  
         3:55 PM       98       69 (70.4%)       65 (66.3%)      36 (36.7%)        0 (0.0%)  
     3:50–55 avg       98       69 (70.4%)       66 (67.3%)      37 (37.8%)        0 (0.0%)  

     ── ±0.75% level ──
        base ref sessions       +0.75% hit       -0.75% hit            Both         Neither
     ----------- --------   --------------   --------------   -------------   -------------
         3:50 PM       98       57 (58.2%)       51 (52.0%)      15 (15.3%)        5 (5.1%)  
         3:51 PM       98       57 (58.2%)       52 (53.1%)      16 (16.3%)        5 (5.1%)  
         3:52 PM       98       59 (60.2%)       52 (53.1%)      18 (18.4%)        5 (5.1%)  
         3:53 PM       98       58 (59.2%)       51 (52.0%)      16 (16.3%)        5 (5.1%) ◀
         3:54 PM       98       58 (59.2%)       54 (55.1%)      17 (17.3%)        3 (3.1%)  
         3:55 PM       98       55 (56.1%)       53 (54.1%)      17 (17.3%)        7 (7.1%)  
     3:50–55 avg       98       57 (58.2%)       52 (53.1%)      16 (16.3%)        5 (5.1%)  

     ── ±1% level ──
        base ref sessions          +1% hit          -1% hit            Both         Neither
     ----------- --------   --------------   --------------   -------------   -------------
         3:50 PM       98       41 (41.8%)       41 (41.8%)        5 (5.1%)      21 (21.4%)  
         3:51 PM       98       41 (41.8%)       41 (41.8%)        4 (4.1%)      20 (20.4%)  
         3:52 PM       98       41 (41.8%)       43 (43.9%)        4 (4.1%)      18 (18.4%)  
         3:53 PM       98       40 (40.8%)       43 (43.9%)        4 (4.1%)      19 (19.4%) ◀
         3:54 PM       98       42 (42.9%)       41 (41.8%)        3 (3.1%)      18 (18.4%)  
         3:55 PM       98       42 (42.9%)       43 (43.9%)        3 (3.1%)      16 (16.3%)  
     3:50–55 avg       98       42 (42.9%)       41 (41.8%)        4 (4.1%)      19 (19.4%)  

     ── ±1.25% level ──
        base ref sessions       +1.25% hit       -1.25% hit            Both         Neither
     ----------- --------   --------------   --------------   -------------   -------------
         3:50 PM       98       32 (32.7%)       31 (31.6%)        1 (1.0%)      36 (36.7%)  
         3:51 PM       98       31 (31.6%)       32 (32.7%)        0 (0.0%)      35 (35.7%)  
         3:52 PM       98       30 (30.6%)       31 (31.6%)        0 (0.0%)      37 (37.8%)  
         3:53 PM       98       30 (30.6%)       29 (29.6%)        0 (0.0%)      39 (39.8%) ◀
         3:54 PM       98       29 (29.6%)       32 (32.7%)        0 (0.0%)      37 (37.8%)  
         3:55 PM       98       28 (28.6%)       33 (33.7%)        0 (0.0%)      37 (37.8%)  
     3:50–55 avg       98       30 (30.6%)       31 (31.6%)        0 (0.0%)      37 (37.8%)  

     ── ±1.5% level ──
        base ref sessions        +1.5% hit        -1.5% hit            Both         Neither
     ----------- --------   --------------   --------------   -------------   -------------
         3:50 PM       98       25 (25.5%)       25 (25.5%)        0 (0.0%)      48 (49.0%)  
         3:51 PM       98       24 (24.5%)       25 (25.5%)        0 (0.0%)      49 (50.0%)  
         3:52 PM       98       25 (25.5%)       25 (25.5%)        0 (0.0%)      48 (49.0%)  
         3:53 PM       98       27 (27.6%)       25 (25.5%)        0 (0.0%)      46 (46.9%) ◀
         3:54 PM       98       26 (26.5%)       23 (23.5%)        0 (0.0%)      49 (50.0%)  
         3:55 PM       98       24 (24.5%)       23 (23.5%)        0 (0.0%)      51 (52.0%)  
     3:50–55 avg       98       26 (26.5%)       24 (24.5%)        0 (0.0%)      48 (49.0%)  

     ── ±2% level ──
        base ref sessions          +2% hit          -2% hit            Both         Neither
     ----------- --------   --------------   --------------   -------------   -------------
         3:50 PM       98       11 (11.2%)       13 (13.3%)        0 (0.0%)      74 (75.5%)  
         3:51 PM       98       11 (11.2%)       14 (14.3%)        0 (0.0%)      73 (74.5%)  
         3:52 PM       98       12 (12.2%)       13 (13.3%)        0 (0.0%)      73 (74.5%)  
         3:53 PM       98       13 (13.3%)       13 (13.3%)        0 (0.0%)      72 (73.5%) ◀
         3:54 PM       98       13 (13.3%)       14 (14.3%)        0 (0.0%)      71 (72.4%)  
         3:55 PM       98       13 (13.3%)       14 (14.3%)        0 (0.0%)      71 (72.4%)  
     3:50–55 avg       98       12 (12.2%)       13 (13.3%)        0 (0.0%)      73 (74.5%)  

     ── ±2.5% level ──
        base ref sessions        +2.5% hit        -2.5% hit            Both         Neither
     ----------- --------   --------------   --------------   -------------   -------------
         3:50 PM       98         5 (5.1%)         8 (8.2%)        0 (0.0%)      85 (86.7%)  
         3:51 PM       98         5 (5.1%)         8 (8.2%)        0 (0.0%)      85 (86.7%)  
         3:52 PM       98         5 (5.1%)         8 (8.2%)        0 (0.0%)      85 (86.7%)  
         3:53 PM       98         6 (6.1%)         8 (8.2%)        0 (0.0%)      84 (85.7%) ◀
         3:54 PM       98         6 (6.1%)         9 (9.2%)        0 (0.0%)      83 (84.7%)  
         3:55 PM       98         5 (5.1%)         9 (9.2%)        0 (0.0%)      84 (85.7%)  
     3:50–55 avg       98         6 (6.1%)         8 (8.2%)        0 (0.0%)      84 (85.7%)  

     ── ±3% level ──
        base ref sessions          +3% hit          -3% hit            Both         Neither
     ----------- --------   --------------   --------------   -------------   -------------
         3:50 PM       98         3 (3.1%)         7 (7.1%)        0 (0.0%)      88 (89.8%)  
         3:51 PM       98         3 (3.1%)         7 (7.1%)        0 (0.0%)      88 (89.8%)  
         3:52 PM       98         3 (3.1%)         7 (7.1%)        0 (0.0%)      88 (89.8%)  
         3:53 PM       98         3 (3.1%)         7 (7.1%)        0 (0.0%)      88 (89.8%) ◀
         3:54 PM       98         3 (3.1%)         7 (7.1%)        0 (0.0%)      88 (89.8%)  
         3:55 PM       98         3 (3.1%)         7 (7.1%)        0 (0.0%)      88 (89.8%)  
     3:50–55 avg       98         3 (3.1%)         7 (7.1%)        0 (0.0%)      88 (89.8%)  

     ── ±3.5% level ──
        base ref sessions        +3.5% hit        -3.5% hit            Both         Neither
     ----------- --------   --------------   --------------   -------------   -------------
         3:50 PM       98         2 (2.0%)         6 (6.1%)        0 (0.0%)      90 (91.8%)  
         3:51 PM       98         2 (2.0%)         6 (6.1%)        0 (0.0%)      90 (91.8%)  
         3:52 PM       98         2 (2.0%)         5 (5.1%)        0 (0.0%)      91 (92.9%)  
         3:53 PM       98         2 (2.0%)         6 (6.1%)        0 (0.0%)      90 (91.8%) ◀
         3:54 PM       98         2 (2.0%)         6 (6.1%)        0 (0.0%)      90 (91.8%)  
         3:55 PM       98         3 (3.1%)         6 (6.1%)        0 (0.0%)      89 (90.8%)  
     3:50–55 avg       98         2 (2.0%)         6 (6.1%)        0 (0.0%)      90 (91.8%)  

     ── ±4% level ──
        base ref sessions          +4% hit          -4% hit            Both         Neither
     ----------- --------   --------------   --------------   -------------   -------------
         3:50 PM       98         2 (2.0%)         5 (5.1%)        0 (0.0%)      91 (92.9%)  
         3:51 PM       98         2 (2.0%)         5 (5.1%)        0 (0.0%)      91 (92.9%)  
         3:52 PM       98         2 (2.0%)         5 (5.1%)        0 (0.0%)      91 (92.9%)  
         3:53 PM       98         2 (2.0%)         5 (5.1%)        0 (0.0%)      91 (92.9%) ◀
         3:54 PM       98         2 (2.0%)         5 (5.1%)        0 (0.0%)      91 (92.9%)  
         3:55 PM       98         2 (2.0%)         5 (5.1%)        0 (0.0%)      91 (92.9%)  
     3:50–55 avg       98         2 (2.0%)         5 (5.1%)        0 (0.0%)      91 (92.9%)  

     ── ±5% level ──
        base ref sessions          +5% hit          -5% hit            Both         Neither
     ----------- --------   --------------   --------------   -------------   -------------
         3:50 PM       98         1 (1.0%)         4 (4.1%)        0 (0.0%)      93 (94.9%)  
         3:51 PM       98         1 (1.0%)         4 (4.1%)        0 (0.0%)      93 (94.9%)  
         3:52 PM       98         1 (1.0%)         4 (4.1%)        0 (0.0%)      93 (94.9%)  
         3:53 PM       98         1 (1.0%)         4 (4.1%)        0 (0.0%)      93 (94.9%) ◀
         3:54 PM       98         1 (1.0%)         4 (4.1%)        0 (0.0%)      93 (94.9%)  
         3:55 PM       98         0 (0.0%)         4 (4.1%)        0 (0.0%)      94 (95.9%)  
     3:50–55 avg       98         1 (1.0%)         4 (4.1%)        0 (0.0%)      93 (94.9%)  

     ── ±7% level ──
        base ref sessions          +7% hit          -7% hit            Both         Neither
     ----------- --------   --------------   --------------   -------------   -------------
         3:50 PM       98         0 (0.0%)         2 (2.0%)        0 (0.0%)      96 (98.0%)  
         3:51 PM       98         0 (0.0%)         2 (2.0%)        0 (0.0%)      96 (98.0%)  
         3:52 PM       98         0 (0.0%)         3 (3.1%)        0 (0.0%)      95 (96.9%)  
         3:53 PM       98         0 (0.0%)         3 (3.1%)        0 (0.0%)      95 (96.9%) ◀
         3:54 PM       98         0 (0.0%)         3 (3.1%)        0 (0.0%)      95 (96.9%)  
         3:55 PM       98         0 (0.0%)         2 (2.0%)        0 (0.0%)      96 (98.0%)  
     3:50–55 avg       98         0 (0.0%)         3 (3.1%)        0 (0.0%)      95 (96.9%)  

     ── ±10% level ──
        base ref sessions         +10% hit         -10% hit            Both         Neither
     ----------- --------   --------------   --------------   -------------   -------------
         3:50 PM       98         0 (0.0%)         1 (1.0%)        0 (0.0%)      97 (99.0%)  
         3:51 PM       98         0 (0.0%)         1 (1.0%)        0 (0.0%)      97 (99.0%)  
         3:52 PM       98         0 (0.0%)         1 (1.0%)        0 (0.0%)      97 (99.0%)  
         3:53 PM       98         0 (0.0%)         1 (1.0%)        0 (0.0%)      97 (99.0%) ◀
         3:54 PM       98         0 (0.0%)         1 (1.0%)        0 (0.0%)      97 (99.0%)  
         3:55 PM       98         0 (0.0%)         1 (1.0%)        0 (0.0%)      97 (99.0%)  
     3:50–55 avg       98         0 (0.0%)         1 (1.0%)        0 (0.0%)      97 (99.0%)  

     ── ±15% level ──
        base ref sessions         +15% hit         -15% hit            Both         Neither
     ----------- --------   --------------   --------------   -------------   -------------
         3:50 PM       98         0 (0.0%)         0 (0.0%)        0 (0.0%)     98 (100.0%)  
         3:51 PM       98         0 (0.0%)         0 (0.0%)        0 (0.0%)     98 (100.0%)  
         3:52 PM       98         0 (0.0%)         0 (0.0%)        0 (0.0%)     98 (100.0%)  
         3:53 PM       98         0 (0.0%)         0 (0.0%)        0 (0.0%)     98 (100.0%) ◀
         3:54 PM       98         0 (0.0%)         0 (0.0%)        0 (0.0%)     98 (100.0%)  
         3:55 PM       98         0 (0.0%)         0 (0.0%)        0 (0.0%)     98 (100.0%)  
     3:50–55 avg       98         0 (0.0%)         0 (0.0%)        0 (0.0%)     98 (100.0%)  

     ── swings (same for all thresholds; % of reference, $ in brackets) ──
        base ref        avg up swing     avg down swing       max up swing     max down swing
     -----------   -----------------  -----------------  -----------------  -----------------
         3:50 PM      +0.85% ($2.11)     -1.15% ($2.89)    +5.19% ($15.28)   -10.23% ($22.93)
         3:51 PM      +0.85% ($2.10)     -1.16% ($2.90)    +5.24% ($15.39)   -10.22% ($22.91)
         3:52 PM      +0.84% ($2.09)     -1.16% ($2.91)    +5.28% ($15.52)   -10.19% ($22.84)
         3:53 PM      +0.85% ($2.09)     -1.16% ($2.91)    +5.18% ($15.23)   -10.24% ($22.96)
         3:54 PM      +0.84% ($2.09)     -1.16% ($2.91)    +5.00% ($14.74)   -10.12% ($22.66)
         3:55 PM      +0.84% ($2.06)     -1.17% ($2.93)    +4.83% ($14.26)   -10.23% ($22.93)
     3:50–55 avg      +0.84% ($2.09)     -1.16% ($2.91)    +5.12% ($15.07)   -10.21% ($22.87)

     Steadiest baseline  (avg |dev from 3:50–55 mean|, lower = steadier):
       3:53 PM $0.114 ◀    3:51 PM $0.135    3:52 PM $0.138    3:54 PM $0.173    3:50 PM $0.186    3:55 PM $0.266
     → Recommended Thursday baseline: 3:53 PM

  ──────── FRIDAY  (baseline = prior Thursday 3:50–55 PM) ────────
     Fridays analyzed: 100   skipped (no data): 5   (6 week(s) used an earlier baseline — holiday)

     ── ±0.5% level ──
        base ref sessions        +0.5% hit        -0.5% hit            Both         Neither
     ----------- --------   --------------   --------------   -------------   -------------
         3:50 PM      100       72 (72.0%)       61 (61.0%)      34 (34.0%)        1 (1.0%)  
         3:51 PM      100       72 (72.0%)       62 (62.0%)      35 (35.0%)        1 (1.0%)  
         3:52 PM      100       71 (71.0%)       63 (63.0%)      34 (34.0%)        0 (0.0%) ◀
         3:53 PM      100       69 (69.0%)       64 (64.0%)      33 (33.0%)        0 (0.0%)  
         3:54 PM      100       69 (69.0%)       62 (62.0%)      32 (32.0%)        1 (1.0%)  
         3:55 PM      100       69 (69.0%)       60 (60.0%)      29 (29.0%)        0 (0.0%)  
     3:50–55 avg      100       70 (70.0%)       62 (62.0%)      33 (33.0%)        1 (1.0%)  

     ── ±0.75% level ──
        base ref sessions       +0.75% hit       -0.75% hit            Both         Neither
     ----------- --------   --------------   --------------   -------------   -------------
         3:50 PM      100       60 (60.0%)       47 (47.0%)      19 (19.0%)      12 (12.0%)  
         3:51 PM      100       59 (59.0%)       47 (47.0%)      19 (19.0%)      13 (13.0%)  
         3:52 PM      100       59 (59.0%)       48 (48.0%)      19 (19.0%)      12 (12.0%) ◀
         3:53 PM      100       58 (58.0%)       49 (49.0%)      19 (19.0%)      12 (12.0%)  
         3:54 PM      100       59 (59.0%)       50 (50.0%)      21 (21.0%)      12 (12.0%)  
         3:55 PM      100       58 (58.0%)       50 (50.0%)      21 (21.0%)      13 (13.0%)  
     3:50–55 avg      100       60 (60.0%)       49 (49.0%)      21 (21.0%)      12 (12.0%)  

     ── ±1% level ──
        base ref sessions          +1% hit          -1% hit            Both         Neither
     ----------- --------   --------------   --------------   -------------   -------------
         3:50 PM      100       47 (47.0%)       39 (39.0%)      11 (11.0%)      25 (25.0%)  
         3:51 PM      100       47 (47.0%)       38 (38.0%)      11 (11.0%)      26 (26.0%)  
         3:52 PM      100       50 (50.0%)       40 (40.0%)      13 (13.0%)      23 (23.0%) ◀
         3:53 PM      100       50 (50.0%)       41 (41.0%)      13 (13.0%)      22 (22.0%)  
         3:54 PM      100       49 (49.0%)       42 (42.0%)      13 (13.0%)      22 (22.0%)  
         3:55 PM      100       49 (49.0%)       42 (42.0%)      12 (12.0%)      21 (21.0%)  
     3:50–55 avg      100       48 (48.0%)       40 (40.0%)      14 (14.0%)      26 (26.0%)  

     ── ±1.25% level ──
        base ref sessions       +1.25% hit       -1.25% hit            Both         Neither
     ----------- --------   --------------   --------------   -------------   -------------
         3:50 PM      100       37 (37.0%)       30 (30.0%)        5 (5.0%)      38 (38.0%)  
         3:51 PM      100       37 (37.0%)       33 (33.0%)        5 (5.0%)      35 (35.0%)  
         3:52 PM      100       36 (36.0%)       32 (32.0%)        5 (5.0%)      37 (37.0%) ◀
         3:53 PM      100       36 (36.0%)       33 (33.0%)        6 (6.0%)      37 (37.0%)  
         3:54 PM      100       38 (38.0%)       30 (30.0%)        6 (6.0%)      38 (38.0%)  
         3:55 PM      100       36 (36.0%)       31 (31.0%)        6 (6.0%)      39 (39.0%)  
     3:50–55 avg      100       36 (36.0%)       33 (33.0%)        5 (5.0%)      36 (36.0%)  

     ── ±1.5% level ──
        base ref sessions        +1.5% hit        -1.5% hit            Both         Neither
     ----------- --------   --------------   --------------   -------------   -------------
         3:50 PM      100       34 (34.0%)       23 (23.0%)        3 (3.0%)      46 (46.0%)  
         3:51 PM      100       34 (34.0%)       24 (24.0%)        3 (3.0%)      45 (45.0%)  
         3:52 PM      100       33 (33.0%)       24 (24.0%)        3 (3.0%)      46 (46.0%) ◀
         3:53 PM      100       32 (32.0%)       23 (23.0%)        3 (3.0%)      48 (48.0%)  
         3:54 PM      100       33 (33.0%)       24 (24.0%)        3 (3.0%)      46 (46.0%)  
         3:55 PM      100       33 (33.0%)       25 (25.0%)        4 (4.0%)      46 (46.0%)  
     3:50–55 avg      100       33 (33.0%)       24 (24.0%)        3 (3.0%)      46 (46.0%)  

     ── ±2% level ──
        base ref sessions          +2% hit          -2% hit            Both         Neither
     ----------- --------   --------------   --------------   -------------   -------------
         3:50 PM      100       20 (20.0%)       16 (16.0%)        3 (3.0%)      67 (67.0%)  
         3:51 PM      100       20 (20.0%)       18 (18.0%)        3 (3.0%)      65 (65.0%)  
         3:52 PM      100       20 (20.0%)       18 (18.0%)        3 (3.0%)      65 (65.0%) ◀
         3:53 PM      100       20 (20.0%)       17 (17.0%)        2 (2.0%)      65 (65.0%)  
         3:54 PM      100       20 (20.0%)       19 (19.0%)        3 (3.0%)      64 (64.0%)  
         3:55 PM      100       19 (19.0%)       18 (18.0%)        3 (3.0%)      66 (66.0%)  
     3:50–55 avg      100       20 (20.0%)       18 (18.0%)        3 (3.0%)      65 (65.0%)  

     ── ±2.5% level ──
        base ref sessions        +2.5% hit        -2.5% hit            Both         Neither
     ----------- --------   --------------   --------------   -------------   -------------
         3:50 PM      100       13 (13.0%)       11 (11.0%)        1 (1.0%)      77 (77.0%)  
         3:51 PM      100       15 (15.0%)       11 (11.0%)        1 (1.0%)      75 (75.0%)  
         3:52 PM      100       14 (14.0%)       12 (12.0%)        2 (2.0%)      76 (76.0%) ◀
         3:53 PM      100       14 (14.0%)       12 (12.0%)        2 (2.0%)      76 (76.0%)  
         3:54 PM      100       13 (13.0%)       13 (13.0%)        2 (2.0%)      76 (76.0%)  
         3:55 PM      100       13 (13.0%)       13 (13.0%)        2 (2.0%)      76 (76.0%)  
     3:50–55 avg      100       14 (14.0%)       12 (12.0%)        2 (2.0%)      76 (76.0%)  

     ── ±3% level ──
        base ref sessions          +3% hit          -3% hit            Both         Neither
     ----------- --------   --------------   --------------   -------------   -------------
         3:50 PM      100         8 (8.0%)       10 (10.0%)        0 (0.0%)      82 (82.0%)  
         3:51 PM      100         8 (8.0%)         9 (9.0%)        0 (0.0%)      83 (83.0%)  
         3:52 PM      100         9 (9.0%)         7 (7.0%)        0 (0.0%)      84 (84.0%) ◀
         3:53 PM      100         8 (8.0%)         7 (7.0%)        0 (0.0%)      85 (85.0%)  
         3:54 PM      100         8 (8.0%)         7 (7.0%)        0 (0.0%)      85 (85.0%)  
         3:55 PM      100         8 (8.0%)         7 (7.0%)        0 (0.0%)      85 (85.0%)  
     3:50–55 avg      100         8 (8.0%)         7 (7.0%)        0 (0.0%)      85 (85.0%)  

     ── ±3.5% level ──
        base ref sessions        +3.5% hit        -3.5% hit            Both         Neither
     ----------- --------   --------------   --------------   -------------   -------------
         3:50 PM      100         7 (7.0%)         6 (6.0%)        0 (0.0%)      87 (87.0%)  
         3:51 PM      100         7 (7.0%)         7 (7.0%)        0 (0.0%)      86 (86.0%)  
         3:52 PM      100         6 (6.0%)         6 (6.0%)        0 (0.0%)      88 (88.0%) ◀
         3:53 PM      100         6 (6.0%)         6 (6.0%)        0 (0.0%)      88 (88.0%)  
         3:54 PM      100         6 (6.0%)         7 (7.0%)        0 (0.0%)      87 (87.0%)  
         3:55 PM      100         7 (7.0%)         7 (7.0%)        0 (0.0%)      86 (86.0%)  
     3:50–55 avg      100         7 (7.0%)         7 (7.0%)        0 (0.0%)      86 (86.0%)  

     ── ±4% level ──
        base ref sessions          +4% hit          -4% hit            Both         Neither
     ----------- --------   --------------   --------------   -------------   -------------
         3:50 PM      100         4 (4.0%)         4 (4.0%)        0 (0.0%)      92 (92.0%)  
         3:51 PM      100         4 (4.0%)         4 (4.0%)        0 (0.0%)      92 (92.0%)  
         3:52 PM      100         4 (4.0%)         4 (4.0%)        0 (0.0%)      92 (92.0%) ◀
         3:53 PM      100         4 (4.0%)         4 (4.0%)        0 (0.0%)      92 (92.0%)  
         3:54 PM      100         4 (4.0%)         4 (4.0%)        0 (0.0%)      92 (92.0%)  
         3:55 PM      100         3 (3.0%)         4 (4.0%)        0 (0.0%)      93 (93.0%)  
     3:50–55 avg      100         4 (4.0%)         4 (4.0%)        0 (0.0%)      92 (92.0%)  

     ── ±5% level ──
        base ref sessions          +5% hit          -5% hit            Both         Neither
     ----------- --------   --------------   --------------   -------------   -------------
         3:50 PM      100         0 (0.0%)         3 (3.0%)        0 (0.0%)      97 (97.0%)  
         3:51 PM      100         1 (1.0%)         3 (3.0%)        0 (0.0%)      96 (96.0%)  
         3:52 PM      100         1 (1.0%)         3 (3.0%)        0 (0.0%)      96 (96.0%) ◀
         3:53 PM      100         1 (1.0%)         3 (3.0%)        0 (0.0%)      96 (96.0%)  
         3:54 PM      100         2 (2.0%)         3 (3.0%)        0 (0.0%)      95 (95.0%)  
         3:55 PM      100         2 (2.0%)         3 (3.0%)        0 (0.0%)      95 (95.0%)  
     3:50–55 avg      100         1 (1.0%)         3 (3.0%)        0 (0.0%)      96 (96.0%)  

     ── ±7% level ──
        base ref sessions          +7% hit          -7% hit            Both         Neither
     ----------- --------   --------------   --------------   -------------   -------------
         3:50 PM      100         0 (0.0%)         2 (2.0%)        0 (0.0%)      98 (98.0%)  
         3:51 PM      100         0 (0.0%)         2 (2.0%)        0 (0.0%)      98 (98.0%)  
         3:52 PM      100         0 (0.0%)         2 (2.0%)        0 (0.0%)      98 (98.0%) ◀
         3:53 PM      100         0 (0.0%)         2 (2.0%)        0 (0.0%)      98 (98.0%)  
         3:54 PM      100         0 (0.0%)         2 (2.0%)        0 (0.0%)      98 (98.0%)  
         3:55 PM      100         0 (0.0%)         2 (2.0%)        0 (0.0%)      98 (98.0%)  
     3:50–55 avg      100         0 (0.0%)         2 (2.0%)        0 (0.0%)      98 (98.0%)  

     ── ±10% level ──
        base ref sessions         +10% hit         -10% hit            Both         Neither
     ----------- --------   --------------   --------------   -------------   -------------
         3:50 PM      100         0 (0.0%)         0 (0.0%)        0 (0.0%)    100 (100.0%)  
         3:51 PM      100         0 (0.0%)         0 (0.0%)        0 (0.0%)    100 (100.0%)  
         3:52 PM      100         0 (0.0%)         0 (0.0%)        0 (0.0%)    100 (100.0%) ◀
         3:53 PM      100         0 (0.0%)         0 (0.0%)        0 (0.0%)    100 (100.0%)  
         3:54 PM      100         0 (0.0%)         0 (0.0%)        0 (0.0%)    100 (100.0%)  
         3:55 PM      100         0 (0.0%)         1 (1.0%)        0 (0.0%)      99 (99.0%)  
     3:50–55 avg      100         0 (0.0%)         0 (0.0%)        0 (0.0%)    100 (100.0%)  

     ── ±15% level ──
        base ref sessions         +15% hit         -15% hit            Both         Neither
     ----------- --------   --------------   --------------   -------------   -------------
         3:50 PM      100         0 (0.0%)         0 (0.0%)        0 (0.0%)    100 (100.0%)  
         3:51 PM      100         0 (0.0%)         0 (0.0%)        0 (0.0%)    100 (100.0%)  
         3:52 PM      100         0 (0.0%)         0 (0.0%)        0 (0.0%)    100 (100.0%) ◀
         3:53 PM      100         0 (0.0%)         0 (0.0%)        0 (0.0%)    100 (100.0%)  
         3:54 PM      100         0 (0.0%)         0 (0.0%)        0 (0.0%)    100 (100.0%)  
         3:55 PM      100         0 (0.0%)         0 (0.0%)        0 (0.0%)    100 (100.0%)  
     3:50–55 avg      100         0 (0.0%)         0 (0.0%)        0 (0.0%)    100 (100.0%)  

     ── swings (same for all thresholds; % of reference, $ in brackets) ──
        base ref        avg up swing     avg down swing       max up swing     max down swing
     -----------   -----------------  -----------------  -----------------  -----------------
         3:50 PM      +1.08% ($2.64)     -1.08% ($2.68)    +4.99% ($10.98)    -9.87% ($32.84)
         3:51 PM      +1.09% ($2.65)     -1.08% ($2.67)    +5.01% ($11.03)    -9.90% ($32.98)
         3:52 PM      +1.09% ($2.67)     -1.07% ($2.65)    +5.02% ($13.74)    -9.84% ($32.73)
         3:53 PM      +1.09% ($2.65)     -1.07% ($2.66)    +5.09% ($11.18)    -9.85% ($32.77)
         3:54 PM      +1.07% ($2.60)     -1.09% ($2.71)    +5.44% ($14.82)    -9.88% ($32.90)
         3:55 PM      +1.07% ($2.59)     -1.10% ($2.73)    +5.86% ($15.90)   -10.02% ($33.39)
     3:50–55 avg      +1.08% ($2.63)     -1.08% ($2.68)    +5.06% ($11.13)    -9.89% ($32.94)

     Steadiest baseline  (avg |dev from 3:50–55 mean|, lower = steadier):
       3:52 PM $0.107 ◀    3:53 PM $0.120    3:51 PM $0.135    3:54 PM $0.182    3:50 PM $0.186    3:55 PM $0.247
     → Recommended Friday baseline: 3:52 PM

  ░░ DAY COMPARISON — up% / down% / neither% at each day's recommended baseline ░░
      pct           Monday                   Tuesday                  Wednesday                  Thursday                   Friday         
  -------  ------------------------  ------------------------  ------------------------  ------------------------  ------------------------
    0.5%       64% / 57% / 2%            70% / 56% / 1%            72% / 61% / 1%            69% / 66% / 0%            71% / 63% / 0%     
   0.75%       60% / 49% / 4%           57% / 41% / 12%            60% / 50% / 7%            59% / 52% / 5%           59% / 48% / 12%     
      1%      52% / 45% / 11%           44% / 31% / 26%           46% / 43% / 15%           41% / 44% / 19%           50% / 40% / 23%     
   1.25%      47% / 40% / 19%           35% / 29% / 38%           34% / 32% / 33%           31% / 30% / 40%           36% / 32% / 37%     
    1.5%      41% / 33% / 31%           28% / 18% / 55%           25% / 23% / 52%           28% / 26% / 47%           33% / 24% / 46%     
      2%      26% / 21% / 55%           16% / 12% / 73%           17% / 14% / 70%           13% / 13% / 73%           20% / 18% / 65%     
    2.5%      15% / 13% / 74%            13% / 9% / 79%            14% / 8% / 78%            6% / 8% / 86%            14% / 12% / 76%     
      3%       8% / 8% / 83%             7% / 8% / 87%             8% / 5% / 87%             3% / 7% / 90%             9% / 7% / 84%      
    3.5%       6% / 3% / 91%             5% / 7% / 89%             6% / 2% / 92%             2% / 6% / 92%             6% / 6% / 88%      
      4%       5% / 2% / 93%             4% / 6% / 91%             4% / 1% / 95%             2% / 5% / 93%             4% / 4% / 92%      
      5%       2% / 1% / 97%             1% / 3% / 97%             2% / 1% / 97%             1% / 4% / 95%             1% / 3% / 96%      
      7%       1% / 1% / 98%             0% / 1% / 99%             1% / 0% / 99%             0% / 3% / 97%             0% / 2% / 98%      
     10%       0% / 0% / 100%            0% / 0% / 100%            1% / 0% / 99%             0% / 1% / 99%             0% / 0% / 100%     
     15%       0% / 0% / 100%            0% / 0% / 100%            1% / 0% / 99%             0% / 0% / 100%            0% / 0% / 100%     
  -------  ------------------------  ------------------------  ------------------------  ------------------------  ------------------------
    swing      +1.18% / -0.94%           +1.07% / -0.91%           +1.26% / -0.87%           +0.85% / -1.16%           +1.09% / -1.07%     
     base          3:52 PM                   3:52 PM                   3:52 PM                   3:53 PM                   3:52 PM         

────────────────────────────────────────────────────────────────────────────────────────────
  Saved TXT: C:\actions-runner\_work\EoD_OptionTrading\EoD_OptionTrading\results\all-weekdays-price-level-touch-percentage\level_touch_aapl_730days_2026-08-16_1621.txt
────────────────────────────────────────────────────────────────────────────────────────────

████████████████████████████████████████████████████████████████████████████████████████████
  RECOMMENDED BASELINE — by ticker and day (steadiest reference)
████████████████████████████████████████████████████████████████████████████████████████████
    TSLA : Monday 3:53 PM (95)   Tuesday 3:52 PM (104)   Wednesday 3:52 PM (102)   Thursday 3:53 PM (98)   Friday 3:52 PM (100)
    AAPL : Monday 3:52 PM (95)   Tuesday 3:52 PM (104)   Wednesday 3:52 PM (102)   Thursday 3:53 PM (98)   Friday 3:52 PM (100)

  Saved CSV: C:\actions-runner\_work\EoD_OptionTrading\EoD_OptionTrading\results\all-weekdays-price-level-touch-percentage\touch_summary_730days_2026-08-16_1621.csv
  Saved CSV: C:\actions-runner\_work\EoD_OptionTrading\EoD_OptionTrading\results\all-weekdays-price-level-touch-percentage\swings_730days_2026-08-16_1621.csv


==================================================================
  STRATEGY SUMMARY — all-weekday price-level-touch (percentage)
==================================================================
  Data source : Alpaca Markets API
  Lookback    : 730 days
  Scan days   : Monday, Tuesday, Wednesday, Thursday, Friday
  Tickers     : TSLA, AAPL
  TSLA:
       Monday (95 sessions, best ref 3:53 PM):
        ±0.50%: +75% / -62% (neither 0%)
        ±0.75%: +73% / -60% (neither 0%)
        ±1.00%: +72% / -59% (neither 0%)
        ±1.25%: +69% / -57% (neither 0%)
        ±1.50%: +67% / -54% (neither 1%)
        ±2.00%: +56% / -46% (neither 7%)
        ±2.50%: +48% / -40% (neither 16%)
        ±3.00%: +43% / -35% (neither 26%)
        ±3.50%: +37% / -31% (neither 37%)
        ±4.00%: +33% / -21% (neither 49%)
        ±5.00%: +21% / -6% (neither 74%)
        ±7.00%: +11% / -5% (neither 84%)
        ±10.00%: +3% / -1% (neither 96%)
        ±15.00%: +0% / -0% (neither 100%)
      Tuesday (104 sessions, best ref 3:52 PM):
        ±0.50%: +73% / -72% (neither 0%)
        ±0.75%: +66% / -67% (neither 0%)
        ±1.00%: +62% / -66% (neither 0%)
        ±1.25%: +57% / -59% (neither 5%)
        ±1.50%: +50% / -55% (neither 10%)
        ±2.00%: +40% / -44% (neither 23%)
        ±2.50%: +30% / -36% (neither 36%)
        ±3.00%: +26% / -28% (neither 47%)
        ±3.50%: +18% / -26% (neither 57%)
        ±4.00%: +14% / -21% (neither 65%)
        ±5.00%: +12% / -12% (neither 77%)
        ±7.00%: +4% / -6% (neither 90%)
        ±10.00%: +0% / -1% (neither 99%)
        ±15.00%: +0% / -1% (neither 99%)
    Wednesday (102 sessions, best ref 3:52 PM):
        ±0.50%: +81% / -67% (neither 0%)
        ±0.75%: +79% / -61% (neither 0%)
        ±1.00%: +69% / -56% (neither 0%)
        ±1.25%: +63% / -50% (neither 2%)
        ±1.50%: +54% / -40% (neither 11%)
        ±2.00%: +49% / -33% (neither 20%)
        ±2.50%: +43% / -29% (neither 29%)
        ±3.00%: +32% / -22% (neither 47%)
        ±3.50%: +26% / -16% (neither 59%)
        ±4.00%: +23% / -14% (neither 65%)
        ±5.00%: +14% / -8% (neither 79%)
        ±7.00%: +7% / -4% (neither 89%)
        ±10.00%: +2% / -1% (neither 97%)
        ±15.00%: +2% / -0% (neither 98%)
     Thursday (98 sessions, best ref 3:53 PM):
        ±0.50%: +65% / -79% (neither 0%)
        ±0.75%: +61% / -76% (neither 0%)
        ±1.00%: +54% / -72% (neither 1%)
        ±1.25%: +52% / -67% (neither 4%)
        ±1.50%: +46% / -59% (neither 8%)
        ±2.00%: +33% / -51% (neither 21%)
        ±2.50%: +29% / -45% (neither 29%)
        ±3.00%: +24% / -38% (neither 38%)
        ±3.50%: +21% / -33% (neither 46%)
        ±4.00%: +19% / -26% (neither 55%)
        ±5.00%: +10% / -19% (neither 70%)
        ±7.00%: +3% / -8% (neither 89%)
        ±10.00%: +1% / -3% (neither 96%)
        ±15.00%: +1% / -2% (neither 97%)
       Friday (100 sessions, best ref 3:52 PM):
        ±0.50%: +85% / -67% (neither 0%)
        ±0.75%: +81% / -62% (neither 0%)
        ±1.00%: +74% / -58% (neither 1%)
        ±1.25%: +71% / -49% (neither 2%)
        ±1.50%: +65% / -44% (neither 6%)
        ±2.00%: +57% / -40% (neither 11%)
        ±2.50%: +47% / -35% (neither 21%)
        ±3.00%: +40% / -30% (neither 31%)
        ±3.50%: +38% / -25% (neither 38%)
        ±4.00%: +27% / -16% (neither 57%)
        ±5.00%: +18% / -8% (neither 74%)
        ±7.00%: +5% / -4% (neither 91%)
        ±10.00%: +2% / -2% (neither 96%)
        ±15.00%: +0% / -0% (neither 100%)
  AAPL:
       Monday (95 sessions, best ref 3:52 PM):
        ±0.50%: +64% / -57% (neither 2%)
        ±0.75%: +60% / -49% (neither 4%)
        ±1.00%: +52% / -45% (neither 11%)
        ±1.25%: +47% / -40% (neither 19%)
        ±1.50%: +41% / -33% (neither 31%)
        ±2.00%: +26% / -21% (neither 55%)
        ±2.50%: +15% / -13% (neither 74%)
        ±3.00%: +8% / -8% (neither 83%)
        ±3.50%: +6% / -3% (neither 91%)
        ±4.00%: +5% / -2% (neither 93%)
        ±5.00%: +2% / -1% (neither 97%)
        ±7.00%: +1% / -1% (neither 98%)
        ±10.00%: +0% / -0% (neither 100%)
        ±15.00%: +0% / -0% (neither 100%)
      Tuesday (104 sessions, best ref 3:52 PM):
        ±0.50%: +70% / -56% (neither 1%)
        ±0.75%: +57% / -41% (neither 12%)
        ±1.00%: +44% / -31% (neither 26%)
        ±1.25%: +35% / -29% (neither 38%)
        ±1.50%: +28% / -18% (neither 55%)
        ±2.00%: +16% / -12% (neither 73%)
        ±2.50%: +13% / -9% (neither 79%)
        ±3.00%: +7% / -8% (neither 87%)
        ±3.50%: +5% / -7% (neither 89%)
        ±4.00%: +4% / -6% (neither 91%)
        ±5.00%: +1% / -3% (neither 97%)
        ±7.00%: +0% / -1% (neither 99%)
        ±10.00%: +0% / -0% (neither 100%)
        ±15.00%: +0% / -0% (neither 100%)
    Wednesday (102 sessions, best ref 3:52 PM):
        ±0.50%: +72% / -61% (neither 1%)
        ±0.75%: +60% / -50% (neither 7%)
        ±1.00%: +46% / -43% (neither 15%)
        ±1.25%: +34% / -32% (neither 33%)
        ±1.50%: +25% / -23% (neither 52%)
        ±2.00%: +17% / -14% (neither 70%)
        ±2.50%: +14% / -8% (neither 78%)
        ±3.00%: +8% / -5% (neither 87%)
        ±3.50%: +6% / -2% (neither 92%)
        ±4.00%: +4% / -1% (neither 95%)
        ±5.00%: +2% / -1% (neither 97%)
        ±7.00%: +1% / -0% (neither 99%)
        ±10.00%: +1% / -0% (neither 99%)
        ±15.00%: +1% / -0% (neither 99%)
     Thursday (98 sessions, best ref 3:53 PM):
        ±0.50%: +69% / -66% (neither 0%)
        ±0.75%: +59% / -52% (neither 5%)
        ±1.00%: +41% / -44% (neither 19%)
        ±1.25%: +31% / -30% (neither 40%)
        ±1.50%: +28% / -26% (neither 47%)
        ±2.00%: +13% / -13% (neither 73%)
        ±2.50%: +6% / -8% (neither 86%)
        ±3.00%: +3% / -7% (neither 90%)
        ±3.50%: +2% / -6% (neither 92%)
        ±4.00%: +2% / -5% (neither 93%)
        ±5.00%: +1% / -4% (neither 95%)
        ±7.00%: +0% / -3% (neither 97%)
        ±10.00%: +0% / -1% (neither 99%)
        ±15.00%: +0% / -0% (neither 100%)
       Friday (100 sessions, best ref 3:52 PM):
        ±0.50%: +71% / -63% (neither 0%)
        ±0.75%: +59% / -48% (neither 12%)
        ±1.00%: +50% / -40% (neither 23%)
        ±1.25%: +36% / -32% (neither 37%)
        ±1.50%: +33% / -24% (neither 46%)
        ±2.00%: +20% / -18% (neither 65%)
        ±2.50%: +14% / -12% (neither 76%)
        ±3.00%: +9% / -7% (neither 84%)
        ±3.50%: +6% / -6% (neither 88%)
        ±4.00%: +4% / -4% (neither 92%)
        ±5.00%: +1% / -3% (neither 96%)
        ±7.00%: +0% / -2% (neither 98%)
        ±10.00%: +0% / -0% (neither 100%)
        ±15.00%: +0% / -0% (neither 100%)
==================================================================

===STRATEGY_SUMMARY_JSON===
{"status": "ok", "strategy": "all-weekdays-price-level-touch-percentage", "tickers": ["TSLA", "AAPL"], "pcts": {"TSLA": [0.005, 0.0075, 0.01, 0.0125, 0.015, 0.02, 0.025, 0.03, 0.035, 0.04, 0.05, 0.07, 0.1, 0.15], "AAPL": [0.005, 0.0075, 0.01, 0.0125, 0.015, 0.02, 0.025, 0.03, 0.035, 0.04, 0.05, 0.07, 0.1, 0.15]}, "days": ["Monday", "Tuesday", "Wednesday", "Thursday", "Friday"], "baseline": "prior trading day 3:50-3:55 PM ET (per-minute) + 3:50-55 average", "session": "9:30 AM-4:00 PM ET", "lookback_days": 730, "bar_interval_minutes": 1, "target_spend": 1.0, "outlier_max": 2000.0, "data_source": "Alpaca Markets API", "total_sessions_analyzed": 998, "recommended_reference_by_ticker_day": {"TSLA": {"Monday": "3:53 PM", "Tuesday": "3:52 PM", "Wednesday": "3:52 PM", "Thursday": "3:53 PM", "Friday": "3:52 PM"}, "AAPL": {"Monday": "3:52 PM", "Tuesday": "3:52 PM", "Wednesday": "3:52 PM", "Thursday": "3:53 PM", "Friday": "3:52 PM"}}, "tickers_detail": {"TSLA": {"pcts": [0.005, 0.0075, 0.01, 0.0125, 0.015, 0.02, 0.025, 0.03, 0.035, 0.04, 0.05, 0.07, 0.1, 0.15], "days": ["Monday", "Tuesday", "Wednesday", "Thursday", "Friday"], "by_day": {"Monday": {"n_sessions": 95, "n_skipped": 9, "n_baseline_substituted": 7, "recommended_reference": "3:53 PM", "recommended_reference_deviation": 0.2627, "steadiness": {"3:50 PM": 0.4819, "3:51 PM": 0.3934, "3:52 PM": 0.2966, "3:53 PM": 0.2627, "3:54 PM": 0.4767, "3:55 PM": 0.6296}, "thresholds_pct": {"0.0050": {"pct": 0.005, "references": {"3:50 PM": {"sessions": 95, "up_hits": 71, "up_rate": 0.7474, "down_hits": 59, "down_rate": 0.6211, "both_hits": 35, "both_rate": 0.3684, "neither_hits": 0, "neither_rate": 0.0, "avg_up_swing_pct": 0.027569, "avg_down_swing_pct": 0.016083, "max_up_swing_pct": 0.123083, "max_down_swing_pct": 0.109694, "avg_up_swing": 9.781, "avg_down_swing": 5.4212, "max_up_swing": 30.535, "max_down_swing": 26.41}, "3:51 PM": {"sessions": 95, "up_hits": 71, "up_rate": 0.7474, "down_hits": 59, "down_rate": 0.6211, "both_hits": 35, "both_rate": 0.3684, "neither_hits": 0, "neither_rate": 0.0, "avg_up_swing_pct": 0.027625, "avg_down_swing_pct": 0.016029, "max_up_swing_pct": 0.123015, "max_down_swing_pct": 0.108435, "avg_up_swing": 9.8042, "avg_down_swing": 5.398, "max_up_swing": 30.52, "max_down_swing": 26.07}, "3:52 PM": {"sessions": 95, "up_hits": 71, "up_rate": 0.7474, "down_hits": 59, "down_rate": 0.6211, "both_hits": 35, "both_rate": 0.3684, "neither_hits": 0, "neither_rate": 0.0, "avg_up_swing_pct": 0.027658, "avg_down_swing_pct": 0.015999, "max_up_swing_pct": 0.122924, "max_down_swing_pct": 0.105683, "avg_up_swing": 9.8112, "avg_down_swing": 5.391, "max_up_swing": 30.5, "max_down_swing": 25.33}, "3:53 PM": {"sessions": 95, "up_hits": 71, "up_rate": 0.7474, "down_hits": 59, "down_rate": 0.6211, "both_hits": 35, "both_rate": 0.3684, "neither_hits": 0, "neither_rate": 0.0, "avg_up_swing_pct": 0.027262, "avg_down_swing_pct": 0.016373, "max_up_swing_pct": 0.123332, "max_down_swing_pct": 0.106763, "avg_up_swing": 9.6939, "avg_down_swing": 5.5083, "max_up_swing": 30.59, "max_down_swing": 25.62}, "3:54 PM": {"sessions": 95, "up_hits": 70, "up_rate": 0.7368, "down_hits": 58, "down_rate": 0.6105, "both_hits": 33, "both_rate": 0.3474, "neither_hits": 0, "neither_rate": 0.0, "avg_up_swing_pct": 0.026494, "avg_down_swing_pct": 0.017094, "max_up_swing_pct": 0.11936, "max_down_swing_pct": 0.108824, "avg_up_swing": 9.4728, "avg_down_swing": 5.7294, "max_up_swing": 29.71, "max_down_swing": 26.175}, "3:55 PM": {"sessions": 95, "up_hits": 71, "up_rate": 0.7474, "down_hits": 61, "down_rate": 0.6421, "both_hits": 37, "both_rate": 0.3895, "neither_hits": 0, "neither_rate": 0.0, "avg_up_swing_pct": 0.026599, "avg_down_swing_pct": 0.017005, "max_up_swing_pct": 0.125351, "max_down_swing_pct": 0.104524, "avg_up_swing": 9.4818, "avg_down_swing": 5.7203, "max_up_swing": 31.035, "max_down_swing": 25.02}, "3:50\u201355 avg": {"sessions": 95, "up_hits": 71, "up_rate": 0.7474, "down_hits": 59, "down_rate": 0.6211, "both_hits": 35, "both_rate": 0.3684, "neither_hits": 0, "neither_rate": 0.0, "avg_up_swing_pct": 0.027198, "avg_down_swing_pct": 0.016433, "max_up_swing_pct": 0.122841, "max_down_swing_pct": 0.107324, "avg_up_swing": 9.6741, "avg_down_swing": 5.528, "max_up_swing": 30.4817, "max_down_swing": 25.7708}}}, "0.0075": {"pct": 0.0075, "references": {"3:50 PM": {"sessions": 95, "up_hits": 69, "up_rate": 0.7263, "down_hits": 57, "down_rate": 0.6, "both_hits": 31, "both_rate": 0.3263, "neither_hits": 0, "neither_rate": 0.0, "avg_up_swing_pct": 0.027569, "avg_down_swing_pct": 0.016083, "max_up_swing_pct": 0.123083, "max_down_swing_pct": 0.109694, "avg_up_swing": 9.781, "avg_down_swing": 5.4212, "max_up_swing": 30.535, "max_down_swing": 26.41}, "3:51 PM": {"sessions": 95, "up_hits": 70, "up_rate": 0.7368, "down_hits": 56, "down_rate": 0.5895, "both_hits": 31, "both_rate": 0.3263, "neither_hits": 0, "neither_rate": 0.0, "avg_up_swing_pct": 0.027625, "avg_down_swing_pct": 0.016029, "max_up_swing_pct": 0.123015, "max_down_swing_pct": 0.108435, "avg_up_swing": 9.8042, "avg_down_swing": 5.398, "max_up_swing": 30.52, "max_down_swing": 26.07}, "3:52 PM": {"sessions": 95, "up_hits": 70, "up_rate": 0.7368, "down_hits": 56, "down_rate": 0.5895, "both_hits": 31, "both_rate": 0.3263, "neither_hits": 0, "neither_rate": 0.0, "avg_up_swing_pct": 0.027658, "avg_down_swing_pct": 0.015999, "max_up_swing_pct": 0.122924, "max_down_swing_pct": 0.105683, "avg_up_swing": 9.8112, "avg_down_swing": 5.391, "max_up_swing": 30.5, "max_down_swing": 25.33}, "3:53 PM": {"sessions": 95, "up_hits": 69, "up_rate": 0.7263, "down_hits": 57, "down_rate": 0.6, "both_hits": 31, "both_rate": 0.3263, "neither_hits": 0, "neither_rate": 0.0, "avg_up_swing_pct": 0.027262, "avg_down_swing_pct": 0.016373, "max_up_swing_pct": 0.123332, "max_down_swing_pct": 0.106763, "avg_up_swing": 9.6939, "avg_down_swing": 5.5083, "max_up_swing": 30.59, "max_down_swing": 25.62}, "3:54 PM": {"sessions": 95, "up_hits": 69, "up_rate": 0.7263, "down_hits": 56, "down_rate": 0.5895, "both_hits": 30, "both_rate": 0.3158, "neither_hits": 0, "neither_rate": 0.0, "avg_up_swing_pct": 0.026494, "avg_down_swing_pct": 0.017094, "max_up_swing_pct": 0.11936, "max_down_swing_pct": 0.108824, "avg_up_swing": 9.4728, "avg_down_swing": 5.7294, "max_up_swing": 29.71, "max_down_swing": 26.175}, "3:55 PM": {"sessions": 95, "up_hits": 69, "up_rate": 0.7263, "down_hits": 56, "down_rate": 0.5895, "both_hits": 30, "both_rate": 0.3158, "neither_hits": 0, "neither_rate": 0.0, "avg_up_swing_pct": 0.026599, "avg_down_swing_pct": 0.017005, "max_up_swing_pct": 0.125351, "max_down_swing_pct": 0.104524, "avg_up_swing": 9.4818, "avg_down_swing": 5.7203, "max_up_swing": 31.035, "max_down_swing": 25.02}, "3:50\u201355 avg": {"sessions": 95, "up_hits": 70, "up_rate": 0.7368, "down_hits": 56, "down_rate": 0.5895, "both_hits": 31, "both_rate": 0.3263, "neither_hits": 0, "neither_rate": 0.0, "avg_up_swing_pct": 0.027198, "avg_down_swing_pct": 0.016433, "max_up_swing_pct": 0.122841, "max_down_swing_pct": 0.107324, "avg_up_swing": 9.6741, "avg_down_swing": 5.528, "max_up_swing": 30.4817, "max_down_swing": 25.7708}}}, "0.0100": {"pct": 0.01, "references": {"3:50 PM": {"sessions": 95, "up_hits": 66, "up_rate": 0.6947, "down_hits": 56, "down_rate": 0.5895, "both_hits": 27, "both_rate": 0.2842, "neither_hits": 0, "neither_rate": 0.0, "avg_up_swing_pct": 0.027569, "avg_down_swing_pct": 0.016083, "max_up_swing_pct": 0.123083, "max_down_swing_pct": 0.109694, "avg_up_swing": 9.781, "avg_down_swing": 5.4212, "max_up_swing": 30.535, "max_down_swing": 26.41}, "3:51 PM": {"sessions": 95, "up_hits": 69, "up_rate": 0.7263, "down_hits": 55, "down_rate": 0.5789, "both_hits": 29, "both_rate": 0.3053, "neither_hits": 0, "neither_rate": 0.0, "avg_up_swing_pct": 0.027625, "avg_down_swing_pct": 0.016029, "max_up_swing_pct": 0.123015, "max_down_swing_pct": 0.108435, "avg_up_swing": 9.8042, "avg_down_swing": 5.398, "max_up_swing": 30.52, "max_down_swing": 26.07}, "3:52 PM": {"sessions": 95, "up_hits": 69, "up_rate": 0.7263, "down_hits": 56, "down_rate": 0.5895, "both_hits": 30, "both_rate": 0.3158, "neither_hits": 0, "neither_rate": 0.0, "avg_up_swing_pct": 0.027658, "avg_down_swing_pct": 0.015999, "max_up_swing_pct": 0.122924, "max_down_swing_pct": 0.105683, "avg_up_swing": 9.8112, "avg_down_swing": 5.391, "max_up_swing": 30.5, "max_down_swing": 25.33}, "3:53 PM": {"sessions": 95, "up_hits": 68, "up_rate": 0.7158, "down_hits": 56, "down_rate": 0.5895, "both_hits": 29, "both_rate": 0.3053, "neither_hits": 0, "neither_rate": 0.0, "avg_up_swing_pct": 0.027262, "avg_down_swing_pct": 0.016373, "max_up_swing_pct": 0.123332, "max_down_swing_pct": 0.106763, "avg_up_swing": 9.6939, "avg_down_swing": 5.5083, "max_up_swing": 30.59, "max_down_swing": 25.62}, "3:54 PM": {"sessions": 95, "up_hits": 68, "up_rate": 0.7158, "down_hits": 56, "down_rate": 0.5895, "both_hits": 29, "both_rate": 0.3053, "neither_hits": 0, "neither_rate": 0.0, "avg_up_swing_pct": 0.026494, "avg_down_swing_pct": 0.017094, "max_up_swing_pct": 0.11936, "max_down_swing_pct": 0.108824, "avg_up_swing": 9.4728, "avg_down_swing": 5.7294, "max_up_swing": 29.71, "max_down_swing": 26.175}, "3:55 PM": {"sessions": 95, "up_hits": 68, "up_rate": 0.7158, "down_hits": 55, "down_rate": 0.5789, "both_hits": 28, "both_rate": 0.2947, "neither_hits": 0, "neither_rate": 0.0, "avg_up_swing_pct": 0.026599, "avg_down_swing_pct": 0.017005, "max_up_swing_pct": 0.125351, "max_down_swing_pct": 0.104524, "avg_up_swing": 9.4818, "avg_down_swing": 5.7203, "max_up_swing": 31.035, "max_down_swing": 25.02}, "3:50\u201355 avg": {"sessions": 95, "up_hits": 67, "up_rate": 0.7053, "down_hits": 56, "down_rate": 0.5895, "both_hits": 28, "both_rate": 0.2947, "neither_hits": 0, "neither_rate": 0.0, "avg_up_swing_pct": 0.027198, "avg_down_swing_pct": 0.016433, "max_up_swing_pct": 0.122841, "max_down_swing_pct": 0.107324, "avg_up_swing": 9.6741, "avg_down_swing": 5.528, "max_up_swing": 30.4817, "max_down_swing": 25.7708}}}, "0.0125": {"pct": 0.0125, "references": {"3:50 PM": {"sessions": 95, "up_hits": 65, "up_rate": 0.6842, "down_hits": 53, "down_rate": 0.5579, "both_hits": 23, "both_rate": 0.2421, "neither_hits": 0, "neither_rate": 0.0, "avg_up_swing_pct": 0.027569, "avg_down_swing_pct": 0.016083, "max_up_swing_pct": 0.123083, "max_down_swing_pct": 0.109694, "avg_up_swing": 9.781, "avg_down_swing": 5.4212, "max_up_swing": 30.535, "max_down_swing": 26.41}, "3:51 PM": {"sessions": 95, "up_hits": 65, "up_rate": 0.6842, "down_hits": 53, "down_rate": 0.5579, "both_hits": 23, "both_rate": 0.2421, "neither_hits": 0, "neither_rate": 0.0, "avg_up_swing_pct": 0.027625, "avg_down_swing_pct": 0.016029, "max_up_swing_pct": 0.123015, "max_down_swing_pct": 0.108435, "avg_up_swing": 9.8042, "avg_down_swing": 5.398, "max_up_swing": 30.52, "max_down_swing": 26.07}, "3:52 PM": {"sessions": 95, "up_hits": 65, "up_rate": 0.6842, "down_hits": 54, "down_rate": 0.5684, "both_hits": 24, "both_rate": 0.2526, "neither_hits": 0, "neither_rate": 0.0, "avg_up_swing_pct": 0.027658, "avg_down_swing_pct": 0.015999, "max_up_swing_pct": 0.122924, "max_down_swing_pct": 0.105683, "avg_up_swing": 9.8112, "avg_down_swing": 5.391, "max_up_swing": 30.5, "max_down_swing": 25.33}, "3:53 PM": {"sessions": 95, "up_hits": 66, "up_rate": 0.6947, "down_hits": 54, "down_rate": 0.5684, "both_hits": 25, "both_rate": 0.2632, "neither_hits": 0, "neither_rate": 0.0, "avg_up_swing_pct": 0.027262, "avg_down_swing_pct": 0.016373, "max_up_swing_pct": 0.123332, "max_down_swing_pct": 0.106763, "avg_up_swing": 9.6939, "avg_down_swing": 5.5083, "max_up_swing": 30.59, "max_down_swing": 25.62}, "3:54 PM": {"sessions": 95, "up_hits": 66, "up_rate": 0.6947, "down_hits": 53, "down_rate": 0.5579, "both_hits": 24, "both_rate": 0.2526, "neither_hits": 0, "neither_rate": 0.0, "avg_up_swing_pct": 0.026494, "avg_down_swing_pct": 0.017094, "max_up_swing_pct": 0.11936, "max_down_swing_pct": 0.108824, "avg_up_swing": 9.4728, "avg_down_swing": 5.7294, "max_up_swing": 29.71, "max_down_swing": 26.175}, "3:55 PM": {"sessions": 95, "up_hits": 64, "up_rate": 0.6737, "down_hits": 53, "down_rate": 0.5579, "both_hits": 23, "both_rate": 0.2421, "neither_hits": 1, "neither_rate": 0.0105, "avg_up_swing_pct": 0.026599, "avg_down_swing_pct": 0.017005, "max_up_swing_pct": 0.125351, "max_down_swing_pct": 0.104524, "avg_up_swing": 9.4818, "avg_down_swing": 5.7203, "max_up_swing": 31.035, "max_down_swing": 25.02}, "3:50\u201355 avg": {"sessions": 95, "up_hits": 66, "up_rate": 0.6947, "down_hits": 54, "down_rate": 0.5684, "both_hits": 25, "both_rate": 0.2632, "neither_hits": 0, "neither_rate": 0.0, "avg_up_swing_pct": 0.027198, "avg_down_swing_pct": 0.016433, "max_up_swing_pct": 0.122841, "max_down_swing_pct": 0.107324, "avg_up_swing": 9.6741, "avg_down_swing": 5.528, "max_up_swing": 30.4817, "max_down_swing": 25.7708}}}, "0.0150": {"pct": 0.015, "references": {"3:50 PM": {"sessions": 95, "up_hits": 63, "up_rate": 0.6632, "down_hits": 51, "down_rate": 0.5368, "both_hits": 20, "both_rate": 0.2105, "neither_hits": 1, "neither_rate": 0.0105, "avg_up_swing_pct": 0.027569, "avg_down_swing_pct": 0.016083, "max_up_swing_pct": 0.123083, "max_down_swing_pct": 0.109694, "avg_up_swing": 9.781, "avg_down_swing": 5.4212, "max_up_swing": 30.535, "max_down_swing": 26.41}, "3:51 PM": {"sessions": 95, "up_hits": 63, "up_rate": 0.6632, "down_hits": 51, "down_rate": 0.5368, "both_hits": 20, "both_rate": 0.2105, "neither_hits": 1, "neither_rate": 0.0105, "avg_up_swing_pct": 0.027625, "avg_down_swing_pct": 0.016029, "max_up_swing_pct": 0.123015, "max_down_swing_pct": 0.108435, "avg_up_swing": 9.8042, "avg_down_swing": 5.398, "max_up_swing": 30.52, "max_down_swing": 26.07}, "3:52 PM": {"sessions": 95, "up_hits": 64, "up_rate": 0.6737, "down_hits": 49, "down_rate": 0.5158, "both_hits": 19, "both_rate": 0.2, "neither_hits": 1, "neither_rate": 0.0105, "avg_up_swing_pct": 0.027658, "avg_down_swing_pct": 0.015999, "max_up_swing_pct": 0.122924, "max_down_swing_pct": 0.105683, "avg_up_swing": 9.8112, "avg_down_swing": 5.391, "max_up_swing": 30.5, "max_down_swing": 25.33}, "3:53 PM": {"sessions": 95, "up_hits": 64, "up_rate": 0.6737, "down_hits": 51, "down_rate": 0.5368, "both_hits": 21, "both_rate": 0.2211, "neither_hits": 1, "neither_rate": 0.0105, "avg_up_swing_pct": 0.027262, "avg_down_swing_pct": 0.016373, "max_up_swing_pct": 0.123332, "max_down_swing_pct": 0.106763, "avg_up_swing": 9.6939, "avg_down_swing": 5.5083, "max_up_swing": 30.59, "max_down_swing": 25.62}, "3:54 PM": {"sessions": 95, "up_hits": 61, "up_rate": 0.6421, "down_hits": 51, "down_rate": 0.5368, "both_hits": 19, "both_rate": 0.2, "neither_hits": 2, "neither_rate": 0.0211, "avg_up_swing_pct": 0.026494, "avg_down_swing_pct": 0.017094, "max_up_swing_pct": 0.11936, "max_down_swing_pct": 0.108824, "avg_up_swing": 9.4728, "avg_down_swing": 5.7294, "max_up_swing": 29.71, "max_down_swing": 26.175}, "3:55 PM": {"sessions": 95, "up_hits": 61, "up_rate": 0.6421, "down_hits": 50, "down_rate": 0.5263, "both_hits": 18, "both_rate": 0.1895, "neither_hits": 2, "neither_rate": 0.0211, "avg_up_swing_pct": 0.026599, "avg_down_swing_pct": 0.017005, "max_up_swing_pct": 0.125351, "max_down_swing_pct": 0.104524, "avg_up_swing": 9.4818, "avg_down_swing": 5.7203, "max_up_swing": 31.035, "max_down_swing": 25.02}, "3:50\u201355 avg": {"sessions": 95, "up_hits": 64, "up_rate": 0.6737, "down_hits": 51, "down_rate": 0.5368, "both_hits": 21, "both_rate": 0.2211, "neither_hits": 1, "neither_rate": 0.0105, "avg_up_swing_pct": 0.027198, "avg_down_swing_pct": 0.016433, "max_up_swing_pct": 0.122841, "max_down_swing_pct": 0.107324, "avg_up_swing": 9.6741, "avg_down_swing": 5.528, "max_up_swing": 30.4817, "max_down_swing": 25.7708}}}, "0.0200": {"pct": 0.02, "references": {"3:50 PM": {"sessions": 95, "up_hits": 52, "up_rate": 0.5474, "down_hits": 41, "down_rate": 0.4316, "both_hits": 7, "both_rate": 0.0737, "neither_hits": 9, "neither_rate": 0.0947, "avg_up_swing_pct": 0.027569, "avg_down_swing_pct": 0.016083, "max_up_swing_pct": 0.123083, "max_down_swing_pct": 0.109694, "avg_up_swing": 9.781, "avg_down_swing": 5.4212, "max_up_swing": 30.535, "max_down_swing": 26.41}, "3:51 PM": {"sessions": 95, "up_hits": 52, "up_rate": 0.5474, "down_hits": 42, "down_rate": 0.4421, "both_hits": 8, "both_rate": 0.0842, "neither_hits": 9, "neither_rate": 0.0947, "avg_up_swing_pct": 0.027625, "avg_down_swing_pct": 0.016029, "max_up_swing_pct": 0.123015, "max_down_swing_pct": 0.108435, "avg_up_swing": 9.8042, "avg_down_swing": 5.398, "max_up_swing": 30.52, "max_down_swing": 26.07}, "3:52 PM": {"sessions": 95, "up_hits": 53, "up_rate": 0.5579, "down_hits": 44, "down_rate": 0.4632, "both_hits": 10, "both_rate": 0.1053, "neither_hits": 8, "neither_rate": 0.0842, "avg_up_swing_pct": 0.027658, "avg_down_swing_pct": 0.015999, "max_up_swing_pct": 0.122924, "max_down_swing_pct": 0.105683, "avg_up_swing": 9.8112, "avg_down_swing": 5.391, "max_up_swing": 30.5, "max_down_swing": 25.33}, "3:53 PM": {"sessions": 95, "up_hits": 53, "up_rate": 0.5579, "down_hits": 44, "down_rate": 0.4632, "both_hits": 9, "both_rate": 0.0947, "neither_hits": 7, "neither_rate": 0.0737, "avg_up_swing_pct": 0.027262, "avg_down_swing_pct": 0.016373, "max_up_swing_pct": 0.123332, "max_down_swing_pct": 0.106763, "avg_up_swing": 9.6939, "avg_down_swing": 5.5083, "max_up_swing": 30.59, "max_down_swing": 25.62}, "3:54 PM": {"sessions": 95, "up_hits": 53, "up_rate": 0.5579, "down_hits": 46, "down_rate": 0.4842, "both_hits": 9, "both_rate": 0.0947, "neither_hits": 5, "neither_rate": 0.0526, "avg_up_swing_pct": 0.026494, "avg_down_swing_pct": 0.017094, "max_up_swing_pct": 0.11936, "max_down_swing_pct": 0.108824, "avg_up_swing": 9.4728, "avg_down_swing": 5.7294, "max_up_swing": 29.71, "max_down_swing": 26.175}, "3:55 PM": {"sessions": 95, "up_hits": 53, "up_rate": 0.5579, "down_hits": 46, "down_rate": 0.4842, "both_hits": 10, "both_rate": 0.1053, "neither_hits": 6, "neither_rate": 0.0632, "avg_up_swing_pct": 0.026599, "avg_down_swing_pct": 0.017005, "max_up_swing_pct": 0.125351, "max_down_swing_pct": 0.104524, "avg_up_swing": 9.4818, "avg_down_swing": 5.7203, "max_up_swing": 31.035, "max_down_swing": 25.02}, "3:50\u201355 avg": {"sessions": 95, "up_hits": 53, "up_rate": 0.5579, "down_hits": 44, "down_rate": 0.4632, "both_hits": 9, "both_rate": 0.0947, "neither_hits": 7, "neither_rate": 0.0737, "avg_up_swing_pct": 0.027198, "avg_down_swing_pct": 0.016433, "max_up_swing_pct": 0.122841, "max_down_swing_pct": 0.107324, "avg_up_swing": 9.6741, "avg_down_swing": 5.528, "max_up_swing": 30.4817, "max_down_swing": 25.7708}}}, "0.0250": {"pct": 0.025, "references": {"3:50 PM": {"sessions": 95, "up_hits": 47, "up_rate": 0.4947, "down_hits": 37, "down_rate": 0.3895, "both_hits": 4, "both_rate": 0.0421, "neither_hits": 15, "neither_rate": 0.1579, "avg_up_swing_pct": 0.027569, "avg_down_swing_pct": 0.016083, "max_up_swing_pct": 0.123083, "max_down_swing_pct": 0.109694, "avg_up_swing": 9.781, "avg_down_swing": 5.4212, "max_up_swing": 30.535, "max_down_swing": 26.41}, "3:51 PM": {"sessions": 95, "up_hits": 48, "up_rate": 0.5053, "down_hits": 36, "down_rate": 0.3789, "both_hits": 5, "both_rate": 0.0526, "neither_hits": 16, "neither_rate": 0.1684, "avg_up_swing_pct": 0.027625, "avg_down_swing_pct": 0.016029, "max_up_swing_pct": 0.123015, "max_down_swing_pct": 0.108435, "avg_up_swing": 9.8042, "avg_down_swing": 5.398, "max_up_swing": 30.52, "max_down_swing": 26.07}, "3:52 PM": {"sessions": 95, "up_hits": 47, "up_rate": 0.4947, "down_hits": 36, "down_rate": 0.3789, "both_hits": 4, "both_rate": 0.0421, "neither_hits": 16, "neither_rate": 0.1684, "avg_up_swing_pct": 0.027658, "avg_down_swing_pct": 0.015999, "max_up_swing_pct": 0.122924, "max_down_swing_pct": 0.105683, "avg_up_swing": 9.8112, "avg_down_swing": 5.391, "max_up_swing": 30.5, "max_down_swing": 25.33}, "3:53 PM": {"sessions": 95, "up_hits": 46, "up_rate": 0.4842, "down_hits": 38, "down_rate": 0.4, "both_hits": 4, "both_rate": 0.0421, "neither_hits": 15, "neither_rate": 0.1579, "avg_up_swing_pct": 0.027262, "avg_down_swing_pct": 0.016373, "max_up_swing_pct": 0.123332, "max_down_swing_pct": 0.106763, "avg_up_swing": 9.6939, "avg_down_swing": 5.5083, "max_up_swing": 30.59, "max_down_swing": 25.62}, "3:54 PM": {"sessions": 95, "up_hits": 46, "up_rate": 0.4842, "down_hits": 38, "down_rate": 0.4, "both_hits": 5, "both_rate": 0.0526, "neither_hits": 16, "neither_rate": 0.1684, "avg_up_swing_pct": 0.026494, "avg_down_swing_pct": 0.017094, "max_up_swing_pct": 0.11936, "max_down_swing_pct": 0.108824, "avg_up_swing": 9.4728, "avg_down_swing": 5.7294, "max_up_swing": 29.71, "max_down_swing": 26.175}, "3:55 PM": {"sessions": 95, "up_hits": 48, "up_rate": 0.5053, "down_hits": 40, "down_rate": 0.4211, "both_hits": 6, "both_rate": 0.0632, "neither_hits": 13, "neither_rate": 0.1368, "avg_up_swing_pct": 0.026599, "avg_down_swing_pct": 0.017005, "max_up_swing_pct": 0.125351, "max_down_swing_pct": 0.104524, "avg_up_swing": 9.4818, "avg_down_swing": 5.7203, "max_up_swing": 31.035, "max_down_swing": 25.02}, "3:50\u201355 avg": {"sessions": 95, "up_hits": 47, "up_rate": 0.4947, "down_hits": 37, "down_rate": 0.3895, "both_hits": 4, "both_rate": 0.0421, "neither_hits": 15, "neither_rate": 0.1579, "avg_up_swing_pct": 0.027198, "avg_down_swing_pct": 0.016433, "max_up_swing_pct": 0.122841, "max_down_swing_pct": 0.107324, "avg_up_swing": 9.6741, "avg_down_swing": 5.528, "max_up_swing": 30.4817, "max_down_swing": 25.7708}}}, "0.0300": {"pct": 0.03, "references": {"3:50 PM": {"sessions": 95, "up_hits": 41, "up_rate": 0.4316, "down_hits": 35, "down_rate": 0.3684, "both_hits": 4, "both_rate": 0.0421, "neither_hits": 23, "neither_rate": 0.2421, "avg_up_swing_pct": 0.027569, "avg_down_swing_pct": 0.016083, "max_up_swing_pct": 0.123083, "max_down_swing_pct": 0.109694, "avg_up_swing": 9.781, "avg_down_swing": 5.4212, "max_up_swing": 30.535, "max_down_swing": 26.41}, "3:51 PM": {"sessions": 95, "up_hits": 42, "up_rate": 0.4421, "down_hits": 33, "down_rate": 0.3474, "both_hits": 4, "both_rate": 0.0421, "neither_hits": 24, "neither_rate": 0.2526, "avg_up_swing_pct": 0.027625, "avg_down_swing_pct": 0.016029, "max_up_swing_pct": 0.123015, "max_down_swing_pct": 0.108435, "avg_up_swing": 9.8042, "avg_down_swing": 5.398, "max_up_swing": 30.52, "max_down_swing": 26.07}, "3:52 PM": {"sessions": 95, "up_hits": 42, "up_rate": 0.4421, "down_hits": 33, "down_rate": 0.3474, "both_hits": 4, "both_rate": 0.0421, "neither_hits": 24, "neither_rate": 0.2526, "avg_up_swing_pct": 0.027658, "avg_down_swing_pct": 0.015999, "max_up_swing_pct": 0.122924, "max_down_swing_pct": 0.105683, "avg_up_swing": 9.8112, "avg_down_swing": 5.391, "max_up_swing": 30.5, "max_down_swing": 25.33}, "3:53 PM": {"sessions": 95, "up_hits": 41, "up_rate": 0.4316, "down_hits": 33, "down_rate": 0.3474, "both_hits": 4, "both_rate": 0.0421, "neither_hits": 25, "neither_rate": 0.2632, "avg_up_swing_pct": 0.027262, "avg_down_swing_pct": 0.016373, "max_up_swing_pct": 0.123332, "max_down_swing_pct": 0.106763, "avg_up_swing": 9.6939, "avg_down_swing": 5.5083, "max_up_swing": 30.59, "max_down_swing": 25.62}, "3:54 PM": {"sessions": 95, "up_hits": 41, "up_rate": 0.4316, "down_hits": 35, "down_rate": 0.3684, "both_hits": 4, "both_rate": 0.0421, "neither_hits": 23, "neither_rate": 0.2421, "avg_up_swing_pct": 0.026494, "avg_down_swing_pct": 0.017094, "max_up_swing_pct": 0.11936, "max_down_swing_pct": 0.108824, "avg_up_swing": 9.4728, "avg_down_swing": 5.7294, "max_up_swing": 29.71, "max_down_swing": 26.175}, "3:55 PM": {"sessions": 95, "up_hits": 38, "up_rate": 0.4, "down_hits": 35, "down_rate": 0.3684, "both_hits": 4, "both_rate": 0.0421, "neither_hits": 26, "neither_rate": 0.2737, "avg_up_swing_pct": 0.026599, "avg_down_swing_pct": 0.017005, "max_up_swing_pct": 0.125351, "max_down_swing_pct": 0.104524, "avg_up_swing": 9.4818, "avg_down_swing": 5.7203, "max_up_swing": 31.035, "max_down_swing": 25.02}, "3:50\u201355 avg": {"sessions": 95, "up_hits": 42, "up_rate": 0.4421, "down_hits": 34, "down_rate": 0.3579, "both_hits": 4, "both_rate": 0.0421, "neither_hits": 23, "neither_rate": 0.2421, "avg_up_swing_pct": 0.027198, "avg_down_swing_pct": 0.016433, "max_up_swing_pct": 0.122841, "max_down_swing_pct": 0.107324, "avg_up_swing": 9.6741, "avg_down_swing": 5.528, "max_up_swing": 30.4817, "max_down_swing": 25.7708}}}, "0.0350": {"pct": 0.035, "references": {"3:50 PM": {"sessions": 95, "up_hits": 35, "up_rate": 0.3684, "down_hits": 28, "down_rate": 0.2947, "both_hits": 4, "both_rate": 0.0421, "neither_hits": 36, "neither_rate": 0.3789, "avg_up_swing_pct": 0.027569, "avg_down_swing_pct": 0.016083, "max_up_swing_pct": 0.123083, "max_down_swing_pct": 0.109694, "avg_up_swing": 9.781, "avg_down_swing": 5.4212, "max_up_swing": 30.535, "max_down_swing": 26.41}, "3:51 PM": {"sessions": 95, "up_hits": 36, "up_rate": 0.3789, "down_hits": 28, "down_rate": 0.2947, "both_hits": 4, "both_rate": 0.0421, "neither_hits": 35, "neither_rate": 0.3684, "avg_up_swing_pct": 0.027625, "avg_down_swing_pct": 0.016029, "max_up_swing_pct": 0.123015, "max_down_swing_pct": 0.108435, "avg_up_swing": 9.8042, "avg_down_swing": 5.398, "max_up_swing": 30.52, "max_down_swing": 26.07}, "3:52 PM": {"sessions": 95, "up_hits": 36, "up_rate": 0.3789, "down_hits": 29, "down_rate": 0.3053, "both_hits": 4, "both_rate": 0.0421, "neither_hits": 34, "neither_rate": 0.3579, "avg_up_swing_pct": 0.027658, "avg_down_swing_pct": 0.015999, "max_up_swing_pct": 0.122924, "max_down_swing_pct": 0.105683, "avg_up_swing": 9.8112, "avg_down_swing": 5.391, "max_up_swing": 30.5, "max_down_swing": 25.33}, "3:53 PM": {"sessions": 95, "up_hits": 35, "up_rate": 0.3684, "down_hits": 29, "down_rate": 0.3053, "both_hits": 4, "both_rate": 0.0421, "neither_hits": 35, "neither_rate": 0.3684, "avg_up_swing_pct": 0.027262, "avg_down_swing_pct": 0.016373, "max_up_swing_pct": 0.123332, "max_down_swing_pct": 0.106763, "avg_up_swing": 9.6939, "avg_down_swing": 5.5083, "max_up_swing": 30.59, "max_down_swing": 25.62}, "3:54 PM": {"sessions": 95, "up_hits": 34, "up_rate": 0.3579, "down_hits": 30, "down_rate": 0.3158, "both_hits": 3, "both_rate": 0.0316, "neither_hits": 34, "neither_rate": 0.3579, "avg_up_swing_pct": 0.026494, "avg_down_swing_pct": 0.017094, "max_up_swing_pct": 0.11936, "max_down_swing_pct": 0.108824, "avg_up_swing": 9.4728, "avg_down_swing": 5.7294, "max_up_swing": 29.71, "max_down_swing": 26.175}, "3:55 PM": {"sessions": 95, "up_hits": 34, "up_rate": 0.3579, "down_hits": 29, "down_rate": 0.3053, "both_hits": 3, "both_rate": 0.0316, "neither_hits": 35, "neither_rate": 0.3684, "avg_up_swing_pct": 0.026599, "avg_down_swing_pct": 0.017005, "max_up_swing_pct": 0.125351, "max_down_swing_pct": 0.104524, "avg_up_swing": 9.4818, "avg_down_swing": 5.7203, "max_up_swing": 31.035, "max_down_swing": 25.02}, "3:50\u201355 avg": {"sessions": 95, "up_hits": 36, "up_rate": 0.3789, "down_hits": 29, "down_rate": 0.3053, "both_hits": 4, "both_rate": 0.0421, "neither_hits": 34, "neither_rate": 0.3579, "avg_up_swing_pct": 0.027198, "avg_down_swing_pct": 0.016433, "max_up_swing_pct": 0.122841, "max_down_swing_pct": 0.107324, "avg_up_swing": 9.6741, "avg_down_swing": 5.528, "max_up_swing": 30.4817, "max_down_swing": 25.7708}}}, "0.0400": {"pct": 0.04, "references": {"3:50 PM": {"sessions": 95, "up_hits": 32, "up_rate": 0.3368, "down_hits": 21, "down_rate": 0.2211, "both_hits": 2, "both_rate": 0.0211, "neither_hits": 44, "neither_rate": 0.4632, "avg_up_swing_pct": 0.027569, "avg_down_swing_pct": 0.016083, "max_up_swing_pct": 0.123083, "max_down_swing_pct": 0.109694, "avg_up_swing": 9.781, "avg_down_swing": 5.4212, "max_up_swing": 30.535, "max_down_swing": 26.41}, "3:51 PM": {"sessions": 95, "up_hits": 33, "up_rate": 0.3474, "down_hits": 21, "down_rate": 0.2211, "both_hits": 3, "both_rate": 0.0316, "neither_hits": 44, "neither_rate": 0.4632, "avg_up_swing_pct": 0.027625, "avg_down_swing_pct": 0.016029, "max_up_swing_pct": 0.123015, "max_down_swing_pct": 0.108435, "avg_up_swing": 9.8042, "avg_down_swing": 5.398, "max_up_swing": 30.52, "max_down_swing": 26.07}, "3:52 PM": {"sessions": 95, "up_hits": 31, "up_rate": 0.3263, "down_hits": 20, "down_rate": 0.2105, "both_hits": 3, "both_rate": 0.0316, "neither_hits": 47, "neither_rate": 0.4947, "avg_up_swing_pct": 0.027658, "avg_down_swing_pct": 0.015999, "max_up_swing_pct": 0.122924, "max_down_swing_pct": 0.105683, "avg_up_swing": 9.8112, "avg_down_swing": 5.391, "max_up_swing": 30.5, "max_down_swing": 25.33}, "3:53 PM": {"sessions": 95, "up_hits": 31, "up_rate": 0.3263, "down_hits": 20, "down_rate": 0.2105, "both_hits": 3, "both_rate": 0.0316, "neither_hits": 47, "neither_rate": 0.4947, "avg_up_swing_pct": 0.027262, "avg_down_swing_pct": 0.016373, "max_up_swing_pct": 0.123332, "max_down_swing_pct": 0.106763, "avg_up_swing": 9.6939, "avg_down_swing": 5.5083, "max_up_swing": 30.59, "max_down_swing": 25.62}, "3:54 PM": {"sessions": 95, "up_hits": 29, "up_rate": 0.3053, "down_hits": 22, "down_rate": 0.2316, "both_hits": 2, "both_rate": 0.0211, "neither_hits": 46, "neither_rate": 0.4842, "avg_up_swing_pct": 0.026494, "avg_down_swing_pct": 0.017094, "max_up_swing_pct": 0.11936, "max_down_swing_pct": 0.108824, "avg_up_swing": 9.4728, "avg_down_swing": 5.7294, "max_up_swing": 29.71, "max_down_swing": 26.175}, "3:55 PM": {"sessions": 95, "up_hits": 30, "up_rate": 0.3158, "down_hits": 19, "down_rate": 0.2, "both_hits": 3, "both_rate": 0.0316, "neither_hits": 49, "neither_rate": 0.5158, "avg_up_swing_pct": 0.026599, "avg_down_swing_pct": 0.017005, "max_up_swing_pct": 0.125351, "max_down_swing_pct": 0.104524, "avg_up_swing": 9.4818, "avg_down_swing": 5.7203, "max_up_swing": 31.035, "max_down_swing": 25.02}, "3:50\u201355 avg": {"sessions": 95, "up_hits": 31, "up_rate": 0.3263, "down_hits": 21, "down_rate": 0.2211, "both_hits": 3, "both_rate": 0.0316, "neither_hits": 46, "neither_rate": 0.4842, "avg_up_swing_pct": 0.027198, "avg_down_swing_pct": 0.016433, "max_up_swing_pct": 0.122841, "max_down_swing_pct": 0.107324, "avg_up_swing": 9.6741, "avg_down_swing": 5.528, "max_up_swing": 30.4817, "max_down_swing": 25.7708}}}, "0.0500": {"pct": 0.05, "references": {"3:50 PM": {"sessions": 95, "up_hits": 20, "up_rate": 0.2105, "down_hits": 6, "down_rate": 0.0632, "both_hits": 0, "both_rate": 0.0, "neither_hits": 69, "neither_rate": 0.7263, "avg_up_swing_pct": 0.027569, "avg_down_swing_pct": 0.016083, "max_up_swing_pct": 0.123083, "max_down_swing_pct": 0.109694, "avg_up_swing": 9.781, "avg_down_swing": 5.4212, "max_up_swing": 30.535, "max_down_swing": 26.41}, "3:51 PM": {"sessions": 95, "up_hits": 20, "up_rate": 0.2105, "down_hits": 6, "down_rate": 0.0632, "both_hits": 0, "both_rate": 0.0, "neither_hits": 69, "neither_rate": 0.7263, "avg_up_swing_pct": 0.027625, "avg_down_swing_pct": 0.016029, "max_up_swing_pct": 0.123015, "max_down_swing_pct": 0.108435, "avg_up_swing": 9.8042, "avg_down_swing": 5.398, "max_up_swing": 30.52, "max_down_swing": 26.07}, "3:52 PM": {"sessions": 95, "up_hits": 21, "up_rate": 0.2211, "down_hits": 6, "down_rate": 0.0632, "both_hits": 1, "both_rate": 0.0105, "neither_hits": 69, "neither_rate": 0.7263, "avg_up_swing_pct": 0.027658, "avg_down_swing_pct": 0.015999, "max_up_swing_pct": 0.122924, "max_down_swing_pct": 0.105683, "avg_up_swing": 9.8112, "avg_down_swing": 5.391, "max_up_swing": 30.5, "max_down_swing": 25.33}, "3:53 PM": {"sessions": 95, "up_hits": 20, "up_rate": 0.2105, "down_hits": 6, "down_rate": 0.0632, "both_hits": 1, "both_rate": 0.0105, "neither_hits": 70, "neither_rate": 0.7368, "avg_up_swing_pct": 0.027262, "avg_down_swing_pct": 0.016373, "max_up_swing_pct": 0.123332, "max_down_swing_pct": 0.106763, "avg_up_swing": 9.6939, "avg_down_swing": 5.5083, "max_up_swing": 30.59, "max_down_swing": 25.62}, "3:54 PM": {"sessions": 95, "up_hits": 18, "up_rate": 0.1895, "down_hits": 8, "down_rate": 0.0842, "both_hits": 0, "both_rate": 0.0, "neither_hits": 69, "neither_rate": 0.7263, "avg_up_swing_pct": 0.026494, "avg_down_swing_pct": 0.017094, "max_up_swing_pct": 0.11936, "max_down_swing_pct": 0.108824, "avg_up_swing": 9.4728, "avg_down_swing": 5.7294, "max_up_swing": 29.71, "max_down_swing": 26.175}, "3:55 PM": {"sessions": 95, "up_hits": 19, "up_rate": 0.2, "down_hits": 6, "down_rate": 0.0632, "both_hits": 1, "both_rate": 0.0105, "neither_hits": 71, "neither_rate": 0.7474, "avg_up_swing_pct": 0.026599, "avg_down_swing_pct": 0.017005, "max_up_swing_pct": 0.125351, "max_down_swing_pct": 0.104524, "avg_up_swing": 9.4818, "avg_down_swing": 5.7203, "max_up_swing": 31.035, "max_down_swing": 25.02}, "3:50\u201355 avg": {"sessions": 95, "up_hits": 19, "up_rate": 0.2, "down_hits": 6, "down_rate": 0.0632, "both_hits": 0, "both_rate": 0.0, "neither_hits": 70, "neither_rate": 0.7368, "avg_up_swing_pct": 0.027198, "avg_down_swing_pct": 0.016433, "max_up_swing_pct": 0.122841, "max_down_swing_pct": 0.107324, "avg_up_swing": 9.6741, "avg_down_swing": 5.528, "max_up_swing": 30.4817, "max_down_swing": 25.7708}}}, "0.0700": {"pct": 0.07, "references": {"3:50 PM": {"sessions": 95, "up_hits": 9, "up_rate": 0.0947, "down_hits": 5, "down_rate": 0.0526, "both_hits": 0, "both_rate": 0.0, "neither_hits": 81, "neither_rate": 0.8526, "avg_up_swing_pct": 0.027569, "avg_down_swing_pct": 0.016083, "max_up_swing_pct": 0.123083, "max_down_swing_pct": 0.109694, "avg_up_swing": 9.781, "avg_down_swing": 5.4212, "max_up_swing": 30.535, "max_down_swing": 26.41}, "3:51 PM": {"sessions": 95, "up_hits": 10, "up_rate": 0.1053, "down_hits": 5, "down_rate": 0.0526, "both_hits": 0, "both_rate": 0.0, "neither_hits": 80, "neither_rate": 0.8421, "avg_up_swing_pct": 0.027625, "avg_down_swing_pct": 0.016029, "max_up_swing_pct": 0.123015, "max_down_swing_pct": 0.108435, "avg_up_swing": 9.8042, "avg_down_swing": 5.398, "max_up_swing": 30.52, "max_down_swing": 26.07}, "3:52 PM": {"sessions": 95, "up_hits": 10, "up_rate": 0.1053, "down_hits": 5, "down_rate": 0.0526, "both_hits": 0, "both_rate": 0.0, "neither_hits": 80, "neither_rate": 0.8421, "avg_up_swing_pct": 0.027658, "avg_down_swing_pct": 0.015999, "max_up_swing_pct": 0.122924, "max_down_swing_pct": 0.105683, "avg_up_swing": 9.8112, "avg_down_swing": 5.391, "max_up_swing": 30.5, "max_down_swing": 25.33}, "3:53 PM": {"sessions": 95, "up_hits": 10, "up_rate": 0.1053, "down_hits": 5, "down_rate": 0.0526, "both_hits": 0, "both_rate": 0.0, "neither_hits": 80, "neither_rate": 0.8421, "avg_up_swing_pct": 0.027262, "avg_down_swing_pct": 0.016373, "max_up_swing_pct": 0.123332, "max_down_swing_pct": 0.106763, "avg_up_swing": 9.6939, "avg_down_swing": 5.5083, "max_up_swing": 30.59, "max_down_swing": 25.62}, "3:54 PM": {"sessions": 95, "up_hits": 10, "up_rate": 0.1053, "down_hits": 5, "down_rate": 0.0526, "both_hits": 0, "both_rate": 0.0, "neither_hits": 80, "neither_rate": 0.8421, "avg_up_swing_pct": 0.026494, "avg_down_swing_pct": 0.017094, "max_up_swing_pct": 0.11936, "max_down_swing_pct": 0.108824, "avg_up_swing": 9.4728, "avg_down_swing": 5.7294, "max_up_swing": 29.71, "max_down_swing": 26.175}, "3:55 PM": {"sessions": 95, "up_hits": 9, "up_rate": 0.0947, "down_hits": 5, "down_rate": 0.0526, "both_hits": 0, "both_rate": 0.0, "neither_hits": 81, "neither_rate": 0.8526, "avg_up_swing_pct": 0.026599, "avg_down_swing_pct": 0.017005, "max_up_swing_pct": 0.125351, "max_down_swing_pct": 0.104524, "avg_up_swing": 9.4818, "avg_down_swing": 5.7203, "max_up_swing": 31.035, "max_down_swing": 25.02}, "3:50\u201355 avg": {"sessions": 95, "up_hits": 10, "up_rate": 0.1053, "down_hits": 5, "down_rate": 0.0526, "both_hits": 0, "both_rate": 0.0, "neither_hits": 80, "neither_rate": 0.8421, "avg_up_swing_pct": 0.027198, "avg_down_swing_pct": 0.016433, "max_up_swing_pct": 0.122841, "max_down_swing_pct": 0.107324, "avg_up_swing": 9.6741, "avg_down_swing": 5.528, "max_up_swing": 30.4817, "max_down_swing": 25.7708}}}, "0.1000": {"pct": 0.1, "references": {"3:50 PM": {"sessions": 95, "up_hits": 3, "up_rate": 0.0316, "down_hits": 1, "down_rate": 0.0105, "both_hits": 0, "both_rate": 0.0, "neither_hits": 91, "neither_rate": 0.9579, "avg_up_swing_pct": 0.027569, "avg_down_swing_pct": 0.016083, "max_up_swing_pct": 0.123083, "max_down_swing_pct": 0.109694, "avg_up_swing": 9.781, "avg_down_swing": 5.4212, "max_up_swing": 30.535, "max_down_swing": 26.41}, "3:51 PM": {"sessions": 95, "up_hits": 3, "up_rate": 0.0316, "down_hits": 1, "down_rate": 0.0105, "both_hits": 0, "both_rate": 0.0, "neither_hits": 91, "neither_rate": 0.9579, "avg_up_swing_pct": 0.027625, "avg_down_swing_pct": 0.016029, "max_up_swing_pct": 0.123015, "max_down_swing_pct": 0.108435, "avg_up_swing": 9.8042, "avg_down_swing": 5.398, "max_up_swing": 30.52, "max_down_swing": 26.07}, "3:52 PM": {"sessions": 95, "up_hits": 3, "up_rate": 0.0316, "down_hits": 1, "down_rate": 0.0105, "both_hits": 0, "both_rate": 0.0, "neither_hits": 91, "neither_rate": 0.9579, "avg_up_swing_pct": 0.027658, "avg_down_swing_pct": 0.015999, "max_up_swing_pct": 0.122924, "max_down_swing_pct": 0.105683, "avg_up_swing": 9.8112, "avg_down_swing": 5.391, "max_up_swing": 30.5, "max_down_swing": 25.33}, "3:53 PM": {"sessions": 95, "up_hits": 3, "up_rate": 0.0316, "down_hits": 1, "down_rate": 0.0105, "both_hits": 0, "both_rate": 0.0, "neither_hits": 91, "neither_rate": 0.9579, "avg_up_swing_pct": 0.027262, "avg_down_swing_pct": 0.016373, "max_up_swing_pct": 0.123332, "max_down_swing_pct": 0.106763, "avg_up_swing": 9.6939, "avg_down_swing": 5.5083, "max_up_swing": 30.59, "max_down_swing": 25.62}, "3:54 PM": {"sessions": 95, "up_hits": 3, "up_rate": 0.0316, "down_hits": 1, "down_rate": 0.0105, "both_hits": 0, "both_rate": 0.0, "neither_hits": 91, "neither_rate": 0.9579, "avg_up_swing_pct": 0.026494, "avg_down_swing_pct": 0.017094, "max_up_swing_pct": 0.11936, "max_down_swing_pct": 0.108824, "avg_up_swing": 9.4728, "avg_down_swing": 5.7294, "max_up_swing": 29.71, "max_down_swing": 26.175}, "3:55 PM": {"sessions": 95, "up_hits": 3, "up_rate": 0.0316, "down_hits": 1, "down_rate": 0.0105, "both_hits": 0, "both_rate": 0.0, "neither_hits": 91, "neither_rate": 0.9579, "avg_up_swing_pct": 0.026599, "avg_down_swing_pct": 0.017005, "max_up_swing_pct": 0.125351, "max_down_swing_pct": 0.104524, "avg_up_swing": 9.4818, "avg_down_swing": 5.7203, "max_up_swing": 31.035, "max_down_swing": 25.02}, "3:50\u201355 avg": {"sessions": 95, "up_hits": 3, "up_rate": 0.0316, "down_hits": 1, "down_rate": 0.0105, "both_hits": 0, "both_rate": 0.0, "neither_hits": 91, "neither_rate": 0.9579, "avg_up_swing_pct": 0.027198, "avg_down_swing_pct": 0.016433, "max_up_swing_pct": 0.122841, "max_down_swing_pct": 0.107324, "avg_up_swing": 9.6741, "avg_down_swing": 5.528, "max_up_swing": 30.4817, "max_down_swing": 25.7708}}}, "0.1500": {"pct": 0.15, "references": {"3:50 PM": {"sessions": 95, "up_hits": 0, "up_rate": 0.0, "down_hits": 0, "down_rate": 0.0, "both_hits": 0, "both_rate": 0.0, "neither_hits": 95, "neither_rate": 1.0, "avg_up_swing_pct": 0.027569, "avg_down_swing_pct": 0.016083, "max_up_swing_pct": 0.123083, "max_down_swing_pct": 0.109694, "avg_up_swing": 9.781, "avg_down_swing": 5.4212, "max_up_swing": 30.535, "max_down_swing": 26.41}, "3:51 PM": {"sessions": 95, "up_hits": 0, "up_rate": 0.0, "down_hits": 0, "down_rate": 0.0, "both_hits": 0, "both_rate": 0.0, "neither_hits": 95, "neither_rate": 1.0, "avg_up_swing_pct": 0.027625, "avg_down_swing_pct": 0.016029, "max_up_swing_pct": 0.123015, "max_down_swing_pct": 0.108435, "avg_up_swing": 9.8042, "avg_down_swing": 5.398, "max_up_swing": 30.52, "max_down_swing": 26.07}, "3:52 PM": {"sessions": 95, "up_hits": 0, "up_rate": 0.0, "down_hits": 0, "down_rate": 0.0, "both_hits": 0, "both_rate": 0.0, "neither_hits": 95, "neither_rate": 1.0, "avg_up_swing_pct": 0.027658, "avg_down_swing_pct": 0.015999, "max_up_swing_pct": 0.122924, "max_down_swing_pct": 0.105683, "avg_up_swing": 9.8112, "avg_down_swing": 5.391, "max_up_swing": 30.5, "max_down_swing": 25.33}, "3:53 PM": {"sessions": 95, "up_hits": 0, "up_rate": 0.0, "down_hits": 0, "down_rate": 0.0, "both_hits": 0, "both_rate": 0.0, "neither_hits": 95, "neither_rate": 1.0, "avg_up_swing_pct": 0.027262, "avg_down_swing_pct": 0.016373, "max_up_swing_pct": 0.123332, "max_down_swing_pct": 0.106763, "avg_up_swing": 9.6939, "avg_down_swing": 5.5083, "max_up_swing": 30.59, "max_down_swing": 25.62}, "3:54 PM": {"sessions": 95, "up_hits": 0, "up_rate": 0.0, "down_hits": 0, "down_rate": 0.0, "both_hits": 0, "both_rate": 0.0, "neither_hits": 95, "neither_rate": 1.0, "avg_up_swing_pct": 0.026494, "avg_down_swing_pct": 0.017094, "max_up_swing_pct": 0.11936, "max_down_swing_pct": 0.108824, "avg_up_swing": 9.4728, "avg_down_swing": 5.7294, "max_up_swing": 29.71, "max_down_swing": 26.175}, "3:55 PM": {"sessions": 95, "up_hits": 0, "up_rate": 0.0, "down_hits": 0, "down_rate": 0.0, "both_hits": 0, "both_rate": 0.0, "neither_hits": 95, "neither_rate": 1.0, "avg_up_swing_pct": 0.026599, "avg_down_swing_pct": 0.017005, "max_up_swing_pct": 0.125351, "max_down_swing_pct": 0.104524, "avg_up_swing": 9.4818, "avg_down_swing": 5.7203, "max_up_swing": 31.035, "max_down_swing": 25.02}, "3:50\u201355 avg": {"sessions": 95, "up_hits": 0, "up_rate": 0.0, "down_hits": 0, "down_rate": 0.0, "both_hits": 0, "both_rate": 0.0, "neither_hits": 95, "neither_rate": 1.0, "avg_up_swing_pct": 0.027198, "avg_down_swing_pct": 0.016433, "max_up_swing_pct": 0.122841, "max_down_swing_pct": 0.107324, "avg_up_swing": 9.6741, "avg_down_swing": 5.528, "max_up_swing": 30.4817, "max_down_swing": 25.7708}}}}, "swings": {"3:50 PM": {"avg_up_swing_pct": 0.027569, "avg_down_swing_pct": 0.016083, "max_up_swing_pct": 0.123083, "max_down_swing_pct": 0.109694, "avg_up_swing": 9.781, "avg_down_swing": 5.4212, "max_up_swing": 30.535, "max_down_swing": 26.41}, "3:51 PM": {"avg_up_swing_pct": 0.027625, "avg_down_swing_pct": 0.016029, "max_up_swing_pct": 0.123015, "max_down_swing_pct": 0.108435, "avg_up_swing": 9.8042, "avg_down_swing": 5.398, "max_up_swing": 30.52, "max_down_swing": 26.07}, "3:52 PM": {"avg_up_swing_pct": 0.027658, "avg_down_swing_pct": 0.015999, "max_up_swing_pct": 0.122924, "max_down_swing_pct": 0.105683, "avg_up_swing": 9.8112, "avg_down_swing": 5.391, "max_up_swing": 30.5, "max_down_swing": 25.33}, "3:53 PM": {"avg_up_swing_pct": 0.027262, "avg_down_swing_pct": 0.016373, "max_up_swing_pct": 0.123332, "max_down_swing_pct": 0.106763, "avg_up_swing": 9.6939, "avg_down_swing": 5.5083, "max_up_swing": 30.59, "max_down_swing": 25.62}, "3:54 PM": {"avg_up_swing_pct": 0.026494, "avg_down_swing_pct": 0.017094, "max_up_swing_pct": 0.11936, "max_down_swing_pct": 0.108824, "avg_up_swing": 9.4728, "avg_down_swing": 5.7294, "max_up_swing": 29.71, "max_down_swing": 26.175}, "3:55 PM": {"avg_up_swing_pct": 0.026599, "avg_down_swing_pct": 0.017005, "max_up_swing_pct": 0.125351, "max_down_swing_pct": 0.104524, "avg_up_swing": 9.4818, "avg_down_swing": 5.7203, "max_up_swing": 31.035, "max_down_swing": 25.02}, "3:50\u201355 avg": {"avg_up_swing_pct": 0.027198, "avg_down_swing_pct": 0.016433, "max_up_swing_pct": 0.122841, "max_down_swing_pct": 0.107324, "avg_up_swing": 9.6741, "avg_down_swing": 5.528, "max_up_swing": 30.4817, "max_down_swing": 25.7708}}}, "Tuesday": {"n_sessions": 104, "n_skipped": 0, "n_baseline_substituted": 10, "recommended_reference": "3:52 PM", "recommended_reference_deviation": 0.2343, "steadiness": {"3:50 PM": 0.3939, "3:51 PM": 0.3055, "3:52 PM": 0.2343, "3:53 PM": 0.2511, "3:54 PM": 0.3397, "3:55 PM": 0.6105}, "thresholds_pct": {"0.0050": {"pct": 0.005, "references": {"3:50 PM": {"sessions": 104, "up_hits": 75, "up_rate": 0.7212, "down_hits": 73, "down_rate": 0.7019, "both_hits": 44, "both_rate": 0.4231, "neither_hits": 0, "neither_rate": 0.0, "avg_up_swing_pct": 0.016774, "avg_down_swing_pct": 0.02228, "max_up_swing_pct": 0.096466, "max_down_swing_pct": 0.164995, "avg_up_swing": 5.702, "avg_down_swing": 8.0049, "max_up_swing": 22.03, "max_down_swing": 43.11}, "3:51 PM": {"sessions": 104, "up_hits": 77, "up_rate": 0.7404, "down_hits": 74, "down_rate": 0.7115, "both_hits": 47, "both_rate": 0.4519, "neither_hits": 0, "neither_rate": 0.0, "avg_up_swing_pct": 0.016881, "avg_down_swing_pct": 0.022178, "max_up_swing_pct": 0.092973, "max_down_swing_pct": 0.164995, "avg_up_swing": 5.7472, "avg_down_swing": 7.9596, "max_up_swing": 21.3, "max_down_swing": 43.11}, "3:52 PM": {"sessions": 104, "up_hits": 76, "up_rate": 0.7308, "down_hits": 75, "down_rate": 0.7212, "both_hits": 47, "both_rate": 0.4519, "neither_hits": 0, "neither_rate": 0.0, "avg_up_swing_pct": 0.016846, "avg_down_swing_pct": 0.022211, "max_up_swing_pct": 0.094023, "max_down_swing_pct": 0.165857, "avg_up_swing": 5.7182, "avg_down_swing": 7.9887, "max_up_swing": 21.52, "max_down_swing": 43.38}, "3:53 PM": {"sessions": 104, "up_hits": 75, "up_rate": 0.7212, "down_hits": 77, "down_rate": 0.7404, "both_hits": 48, "both_rate": 0.4615, "neither_hits": 0, "neither_rate": 0.0, "avg_up_swing_pct": 0.016751, "avg_down_swing_pct": 0.022303, "max_up_swing_pct": 0.09431, "max_down_swing_pct": 0.165985, "avg_up_swing": 5.6774, "avg_down_swing": 8.0294, "max_up_swing": 21.58, "max_down_swing": 43.42}, "3:54 PM": {"sessions": 104, "up_hits": 74, "up_rate": 0.7115, "down_hits": 77, "down_rate": 0.7404, "both_hits": 47, "both_rate": 0.4519, "neither_hits": 0, "neither_rate": 0.0, "avg_up_swing_pct": 0.016663, "avg_down_swing_pct": 0.022378, "max_up_swing_pct": 0.090649, "max_down_swing_pct": 0.169161, "avg_up_swing": 5.6646, "avg_down_swing": 8.0423, "max_up_swing": 38.66, "max_down_swing": 44.42}, "3:55 PM": {"sessions": 104, "up_hits": 72, "up_rate": 0.6923, "down_hits": 77, "down_rate": 0.7404, "both_hits": 45, "both_rate": 0.4327, "neither_hits": 0, "neither_rate": 0.0, "avg_up_swing_pct": 0.016368, "avg_down_swing_pct": 0.022655, "max_up_swing_pct": 0.102881, "max_down_swing_pct": 0.168306, "avg_up_swing": 5.5912, "avg_down_swing": 8.1157, "max_up_swing": 43.39, "max_down_swing": 44.15}, "3:50\u201355 avg": {"sessions": 104, "up_hits": 75, "up_rate": 0.7212, "down_hits": 76, "down_rate": 0.7308, "both_hits": 47, "both_rate": 0.4519, "neither_hits": 0, "neither_rate": 0.0, "avg_up_swing_pct": 0.016711, "avg_down_swing_pct": 0.022336, "max_up_swing_pct": 0.092367, "max_down_swing_pct": 0.166553, "avg_up_swing": 5.6834, "avg_down_swing": 8.0234, "max_up_swing": 39.3308, "max_down_swing": 43.5983}}}, "0.0075": {"pct": 0.0075, "references": {"3:50 PM": {"sessions": 104, "up_hits": 67, "up_rate": 0.6442, "down_hits": 71, "down_rate": 0.6827, "both_hits": 34, "both_rate": 0.3269, "neither_hits": 0, "neither_rate": 0.0, "avg_up_swing_pct": 0.016774, "avg_down_swing_pct": 0.02228, "max_up_swing_pct": 0.096466, "max_down_swing_pct": 0.164995, "avg_up_swing": 5.702, "avg_down_swing": 8.0049, "max_up_swing": 22.03, "max_down_swing": 43.11}, "3:51 PM": {"sessions": 104, "up_hits": 71, "up_rate": 0.6827, "down_hits": 72, "down_rate": 0.6923, "both_hits": 39, "both_rate": 0.375, "neither_hits": 0, "neither_rate": 0.0, "avg_up_swing_pct": 0.016881, "avg_down_swing_pct": 0.022178, "max_up_swing_pct": 0.092973, "max_down_swing_pct": 0.164995, "avg_up_swing": 5.7472, "avg_down_swing": 7.9596, "max_up_swing": 21.3, "max_down_swing": 43.11}, "3:52 PM": {"sessions": 104, "up_hits": 69, "up_rate": 0.6635, "down_hits": 70, "down_rate": 0.6731, "both_hits": 35, "both_rate": 0.3365, "neither_hits": 0, "neither_rate": 0.0, "avg_up_swing_pct": 0.016846, "avg_down_swing_pct": 0.022211, "max_up_swing_pct": 0.094023, "max_down_swing_pct": 0.165857, "avg_up_swing": 5.7182, "avg_down_swing": 7.9887, "max_up_swing": 21.52, "max_down_swing": 43.38}, "3:53 PM": {"sessions": 104, "up_hits": 70, "up_rate": 0.6731, "down_hits": 72, "down_rate": 0.6923, "both_hits": 38, "both_rate": 0.3654, "neither_hits": 0, "neither_rate": 0.0, "avg_up_swing_pct": 0.016751, "avg_down_swing_pct": 0.022303, "max_up_swing_pct": 0.09431, "max_down_swing_pct": 0.165985, "avg_up_swing": 5.6774, "avg_down_swing": 8.0294, "max_up_swing": 21.58, "max_down_swing": 43.42}, "3:54 PM": {"sessions": 104, "up_hits": 67, "up_rate": 0.6442, "down_hits": 71, "down_rate": 0.6827, "both_hits": 34, "both_rate": 0.3269, "neither_hits": 0, "neither_rate": 0.0, "avg_up_swing_pct": 0.016663, "avg_down_swing_pct": 0.022378, "max_up_swing_pct": 0.090649, "max_down_swing_pct": 0.169161, "avg_up_swing": 5.6646, "avg_down_swing": 8.0423, "max_up_swing": 38.66, "max_down_swing": 44.42}, "3:55 PM": {"sessions": 104, "up_hits": 68, "up_rate": 0.6538, "down_hits": 73, "down_rate": 0.7019, "both_hits": 37, "both_rate": 0.3558, "neither_hits": 0, "neither_rate": 0.0, "avg_up_swing_pct": 0.016368, "avg_down_swing_pct": 0.022655, "max_up_swing_pct": 0.102881, "max_down_swing_pct": 0.168306, "avg_up_swing": 5.5912, "avg_down_swing": 8.1157, "max_up_swing": 43.39, "max_down_swing": 44.15}, "3:50\u201355 avg": {"sessions": 104, "up_hits": 69, "up_rate": 0.6635, "down_hits": 71, "down_rate": 0.6827, "both_hits": 36, "both_rate": 0.3462, "neither_hits": 0, "neither_rate": 0.0, "avg_up_swing_pct": 0.016711, "avg_down_swing_pct": 0.022336, "max_up_swing_pct": 0.092367, "max_down_swing_pct": 0.166553, "avg_up_swing": 5.6834, "avg_down_swing": 8.0234, "max_up_swing": 39.3308, "max_down_swing": 43.5983}}}, "0.0100": {"pct": 0.01, "references": {"3:50 PM": {"sessions": 104, "up_hits": 65, "up_rate": 0.625, "down_hits": 69, "down_rate": 0.6635, "both_hits": 30, "both_rate": 0.2885, "neither_hits": 0, "neither_rate": 0.0, "avg_up_swing_pct": 0.016774, "avg_down_swing_pct": 0.02228, "max_up_swing_pct": 0.096466, "max_down_swing_pct": 0.164995, "avg_up_swing": 5.702, "avg_down_swing": 8.0049, "max_up_swing": 22.03, "max_down_swing": 43.11}, "3:51 PM": {"sessions": 104, "up_hits": 65, "up_rate": 0.625, "down_hits": 68, "down_rate": 0.6538, "both_hits": 31, "both_rate": 0.2981, "neither_hits": 2, "neither_rate": 0.0192, "avg_up_swing_pct": 0.016881, "avg_down_swing_pct": 0.022178, "max_up_swing_pct": 0.092973, "max_down_swing_pct": 0.164995, "avg_up_swing": 5.7472, "avg_down_swing": 7.9596, "max_up_swing": 21.3, "max_down_swing": 43.11}, "3:52 PM": {"sessions": 104, "up_hits": 64, "up_rate": 0.6154, "down_hits": 69, "down_rate": 0.6635, "both_hits": 29, "both_rate": 0.2788, "neither_hits": 0, "neither_rate": 0.0, "avg_up_swing_pct": 0.016846, "avg_down_swing_pct": 0.022211, "max_up_swing_pct": 0.094023, "max_down_swing_pct": 0.165857, "avg_up_swing": 5.7182, "avg_down_swing": 7.9887, "max_up_swing": 21.52, "max_down_swing": 43.38}, "3:53 PM": {"sessions": 104, "up_hits": 64, "up_rate": 0.6154, "down_hits": 69, "down_rate": 0.6635, "both_hits": 29, "both_rate": 0.2788, "neither_hits": 0, "neither_rate": 0.0, "avg_up_swing_pct": 0.016751, "avg_down_swing_pct": 0.022303, "max_up_swing_pct": 0.09431, "max_down_swing_pct": 0.165985, "avg_up_swing": 5.6774, "avg_down_swing": 8.0294, "max_up_swing": 21.58, "max_down_swing": 43.42}, "3:54 PM": {"sessions": 104, "up_hits": 64, "up_rate": 0.6154, "down_hits": 70, "down_rate": 0.6731, "both_hits": 30, "both_rate": 0.2885, "neither_hits": 0, "neither_rate": 0.0, "avg_up_swing_pct": 0.016663, "avg_down_swing_pct": 0.022378, "max_up_swing_pct": 0.090649, "max_down_swing_pct": 0.169161, "avg_up_swing": 5.6646, "avg_down_swing": 8.0423, "max_up_swing": 38.66, "max_down_swing": 44.42}, "3:55 PM": {"sessions": 104, "up_hits": 61, "up_rate": 0.5865, "down_hits": 70, "down_rate": 0.6731, "both_hits": 27, "both_rate": 0.2596, "neither_hits": 0, "neither_rate": 0.0, "avg_up_swing_pct": 0.016368, "avg_down_swing_pct": 0.022655, "max_up_swing_pct": 0.102881, "max_down_swing_pct": 0.168306, "avg_up_swing": 5.5912, "avg_down_swing": 8.1157, "max_up_swing": 43.39, "max_down_swing": 44.15}, "3:50\u201355 avg": {"sessions": 104, "up_hits": 62, "up_rate": 0.5962, "down_hits": 69, "down_rate": 0.6635, "both_hits": 27, "both_rate": 0.2596, "neither_hits": 0, "neither_rate": 0.0, "avg_up_swing_pct": 0.016711, "avg_down_swing_pct": 0.022336, "max_up_swing_pct": 0.092367, "max_down_swing_pct": 0.166553, "avg_up_swing": 5.6834, "avg_down_swing": 8.0234, "max_up_swing": 39.3308, "max_down_swing": 43.5983}}}, "0.0125": {"pct": 0.0125, "references": {"3:50 PM": {"sessions": 104, "up_hits": 59, "up_rate": 0.5673, "down_hits": 60, "down_rate": 0.5769, "both_hits": 21, "both_rate": 0.2019, "neither_hits": 6, "neither_rate": 0.0577, "avg_up_swing_pct": 0.016774, "avg_down_swing_pct": 0.02228, "max_up_swing_pct": 0.096466, "max_down_swing_pct": 0.164995, "avg_up_swing": 5.702, "avg_down_swing": 8.0049, "max_up_swing": 22.03, "max_down_swing": 43.11}, "3:51 PM": {"sessions": 104, "up_hits": 58, "up_rate": 0.5577, "down_hits": 61, "down_rate": 0.5865, "both_hits": 21, "both_rate": 0.2019, "neither_hits": 6, "neither_rate": 0.0577, "avg_up_swing_pct": 0.016881, "avg_down_swing_pct": 0.022178, "max_up_swing_pct": 0.092973, "max_down_swing_pct": 0.164995, "avg_up_swing": 5.7472, "avg_down_swing": 7.9596, "max_up_swing": 21.3, "max_down_swing": 43.11}, "3:52 PM": {"sessions": 104, "up_hits": 59, "up_rate": 0.5673, "down_hits": 61, "down_rate": 0.5865, "both_hits": 21, "both_rate": 0.2019, "neither_hits": 5, "neither_rate": 0.0481, "avg_up_swing_pct": 0.016846, "avg_down_swing_pct": 0.022211, "max_up_swing_pct": 0.094023, "max_down_swing_pct": 0.165857, "avg_up_swing": 5.7182, "avg_down_swing": 7.9887, "max_up_swing": 21.52, "max_down_swing": 43.38}, "3:53 PM": {"sessions": 104, "up_hits": 58, "up_rate": 0.5577, "down_hits": 62, "down_rate": 0.5962, "both_hits": 23, "both_rate": 0.2212, "neither_hits": 7, "neither_rate": 0.0673, "avg_up_swing_pct": 0.016751, "avg_down_swing_pct": 0.022303, "max_up_swing_pct": 0.09431, "max_down_swing_pct": 0.165985, "avg_up_swing": 5.6774, "avg_down_swing": 8.0294, "max_up_swing": 21.58, "max_down_swing": 43.42}, "3:54 PM": {"sessions": 104, "up_hits": 58, "up_rate": 0.5577, "down_hits": 65, "down_rate": 0.625, "both_hits": 21, "both_rate": 0.2019, "neither_hits": 2, "neither_rate": 0.0192, "avg_up_swing_pct": 0.016663, "avg_down_swing_pct": 0.022378, "max_up_swing_pct": 0.090649, "max_down_swing_pct": 0.169161, "avg_up_swing": 5.6646, "avg_down_swing": 8.0423, "max_up_swing": 38.66, "max_down_swing": 44.42}, "3:55 PM": {"sessions": 104, "up_hits": 55, "up_rate": 0.5288, "down_hits": 65, "down_rate": 0.625, "both_hits": 21, "both_rate": 0.2019, "neither_hits": 5, "neither_rate": 0.0481, "avg_up_swing_pct": 0.016368, "avg_down_swing_pct": 0.022655, "max_up_swing_pct": 0.102881, "max_down_swing_pct": 0.168306, "avg_up_swing": 5.5912, "avg_down_swing": 8.1157, "max_up_swing": 43.39, "max_down_swing": 44.15}, "3:50\u201355 avg": {"sessions": 104, "up_hits": 58, "up_rate": 0.5577, "down_hits": 62, "down_rate": 0.5962, "both_hits": 22, "both_rate": 0.2115, "neither_hits": 6, "neither_rate": 0.0577, "avg_up_swing_pct": 0.016711, "avg_down_swing_pct": 0.022336, "max_up_swing_pct": 0.092367, "max_down_swing_pct": 0.166553, "avg_up_swing": 5.6834, "avg_down_swing": 8.0234, "max_up_swing": 39.3308, "max_down_swing": 43.5983}}}, "0.0150": {"pct": 0.015, "references": {"3:50 PM": {"sessions": 104, "up_hits": 52, "up_rate": 0.5, "down_hits": 57, "down_rate": 0.5481, "both_hits": 14, "both_rate": 0.1346, "neither_hits": 9, "neither_rate": 0.0865, "avg_up_swing_pct": 0.016774, "avg_down_swing_pct": 0.02228, "max_up_swing_pct": 0.096466, "max_down_swing_pct": 0.164995, "avg_up_swing": 5.702, "avg_down_swing": 8.0049, "max_up_swing": 22.03, "max_down_swing": 43.11}, "3:51 PM": {"sessions": 104, "up_hits": 51, "up_rate": 0.4904, "down_hits": 55, "down_rate": 0.5288, "both_hits": 13, "both_rate": 0.125, "neither_hits": 11, "neither_rate": 0.1058, "avg_up_swing_pct": 0.016881, "avg_down_swing_pct": 0.022178, "max_up_swing_pct": 0.092973, "max_down_swing_pct": 0.164995, "avg_up_swing": 5.7472, "avg_down_swing": 7.9596, "max_up_swing": 21.3, "max_down_swing": 43.11}, "3:52 PM": {"sessions": 104, "up_hits": 52, "up_rate": 0.5, "down_hits": 57, "down_rate": 0.5481, "both_hits": 15, "both_rate": 0.1442, "neither_hits": 10, "neither_rate": 0.0962, "avg_up_swing_pct": 0.016846, "avg_down_swing_pct": 0.022211, "max_up_swing_pct": 0.094023, "max_down_swing_pct": 0.165857, "avg_up_swing": 5.7182, "avg_down_swing": 7.9887, "max_up_swing": 21.52, "max_down_swing": 43.38}, "3:53 PM": {"sessions": 104, "up_hits": 52, "up_rate": 0.5, "down_hits": 58, "down_rate": 0.5577, "both_hits": 15, "both_rate": 0.1442, "neither_hits": 9, "neither_rate": 0.0865, "avg_up_swing_pct": 0.016751, "avg_down_swing_pct": 0.022303, "max_up_swing_pct": 0.09431, "max_down_swing_pct": 0.165985, "avg_up_swing": 5.6774, "avg_down_swing": 8.0294, "max_up_swing": 21.58, "max_down_swing": 43.42}, "3:54 PM": {"sessions": 104, "up_hits": 51, "up_rate": 0.4904, "down_hits": 59, "down_rate": 0.5673, "both_hits": 15, "both_rate": 0.1442, "neither_hits": 9, "neither_rate": 0.0865, "avg_up_swing_pct": 0.016663, "avg_down_swing_pct": 0.022378, "max_up_swing_pct": 0.090649, "max_down_swing_pct": 0.169161, "avg_up_swing": 5.6646, "avg_down_swing": 8.0423, "max_up_swing": 38.66, "max_down_swing": 44.42}, "3:55 PM": {"sessions": 104, "up_hits": 52, "up_rate": 0.5, "down_hits": 59, "down_rate": 0.5673, "both_hits": 16, "both_rate": 0.1538, "neither_hits": 9, "neither_rate": 0.0865, "avg_up_swing_pct": 0.016368, "avg_down_swing_pct": 0.022655, "max_up_swing_pct": 0.102881, "max_down_swing_pct": 0.168306, "avg_up_swing": 5.5912, "avg_down_swing": 8.1157, "max_up_swing": 43.39, "max_down_swing": 44.15}, "3:50\u201355 avg": {"sessions": 104, "up_hits": 51, "up_rate": 0.4904, "down_hits": 58, "down_rate": 0.5577, "both_hits": 14, "both_rate": 0.1346, "neither_hits": 9, "neither_rate": 0.0865, "avg_up_swing_pct": 0.016711, "avg_down_swing_pct": 0.022336, "max_up_swing_pct": 0.092367, "max_down_swing_pct": 0.166553, "avg_up_swing": 5.6834, "avg_down_swing": 8.0234, "max_up_swing": 39.3308, "max_down_swing": 43.5983}}}, "0.0200": {"pct": 0.02, "references": {"3:50 PM": {"sessions": 104, "up_hits": 42, "up_rate": 0.4038, "down_hits": 48, "down_rate": 0.4615, "both_hits": 7, "both_rate": 0.0673, "neither_hits": 21, "neither_rate": 0.2019, "avg_up_swing_pct": 0.016774, "avg_down_swing_pct": 0.02228, "max_up_swing_pct": 0.096466, "max_down_swing_pct": 0.164995, "avg_up_swing": 5.702, "avg_down_swing": 8.0049, "max_up_swing": 22.03, "max_down_swing": 43.11}, "3:51 PM": {"sessions": 104, "up_hits": 41, "up_rate": 0.3942, "down_hits": 48, "down_rate": 0.4615, "both_hits": 6, "both_rate": 0.0577, "neither_hits": 21, "neither_rate": 0.2019, "avg_up_swing_pct": 0.016881, "avg_down_swing_pct": 0.022178, "max_up_swing_pct": 0.092973, "max_down_swing_pct": 0.164995, "avg_up_swing": 5.7472, "avg_down_swing": 7.9596, "max_up_swing": 21.3, "max_down_swing": 43.11}, "3:52 PM": {"sessions": 104, "up_hits": 42, "up_rate": 0.4038, "down_hits": 46, "down_rate": 0.4423, "both_hits": 8, "both_rate": 0.0769, "neither_hits": 24, "neither_rate": 0.2308, "avg_up_swing_pct": 0.016846, "avg_down_swing_pct": 0.022211, "max_up_swing_pct": 0.094023, "max_down_swing_pct": 0.165857, "avg_up_swing": 5.7182, "avg_down_swing": 7.9887, "max_up_swing": 21.52, "max_down_swing": 43.38}, "3:53 PM": {"sessions": 104, "up_hits": 42, "up_rate": 0.4038, "down_hits": 47, "down_rate": 0.4519, "both_hits": 8, "both_rate": 0.0769, "neither_hits": 23, "neither_rate": 0.2212, "avg_up_swing_pct": 0.016751, "avg_down_swing_pct": 0.022303, "max_up_swing_pct": 0.09431, "max_down_swing_pct": 0.165985, "avg_up_swing": 5.6774, "avg_down_swing": 8.0294, "max_up_swing": 21.58, "max_down_swing": 43.42}, "3:54 PM": {"sessions": 104, "up_hits": 44, "up_rate": 0.4231, "down_hits": 46, "down_rate": 0.4423, "both_hits": 8, "both_rate": 0.0769, "neither_hits": 22, "neither_rate": 0.2115, "avg_up_swing_pct": 0.016663, "avg_down_swing_pct": 0.022378, "max_up_swing_pct": 0.090649, "max_down_swing_pct": 0.169161, "avg_up_swing": 5.6646, "avg_down_swing": 8.0423, "max_up_swing": 38.66, "max_down_swing": 44.42}, "3:55 PM": {"sessions": 104, "up_hits": 45, "up_rate": 0.4327, "down_hits": 48, "down_rate": 0.4615, "both_hits": 9, "both_rate": 0.0865, "neither_hits": 20, "neither_rate": 0.1923, "avg_up_swing_pct": 0.016368, "avg_down_swing_pct": 0.022655, "max_up_swing_pct": 0.102881, "max_down_swing_pct": 0.168306, "avg_up_swing": 5.5912, "avg_down_swing": 8.1157, "max_up_swing": 43.39, "max_down_swing": 44.15}, "3:50\u201355 avg": {"sessions": 104, "up_hits": 43, "up_rate": 0.4135, "down_hits": 48, "down_rate": 0.4615, "both_hits": 8, "both_rate": 0.0769, "neither_hits": 21, "neither_rate": 0.2019, "avg_up_swing_pct": 0.016711, "avg_down_swing_pct": 0.022336, "max_up_swing_pct": 0.092367, "max_down_swing_pct": 0.166553, "avg_up_swing": 5.6834, "avg_down_swing": 8.0234, "max_up_swing": 39.3308, "max_down_swing": 43.5983}}}, "0.0250": {"pct": 0.025, "references": {"3:50 PM": {"sessions": 104, "up_hits": 30, "up_rate": 0.2885, "down_hits": 36, "down_rate": 0.3462, "both_hits": 1, "both_rate": 0.0096, "neither_hits": 39, "neither_rate": 0.375, "avg_up_swing_pct": 0.016774, "avg_down_swing_pct": 0.02228, "max_up_swing_pct": 0.096466, "max_down_swing_pct": 0.164995, "avg_up_swing": 5.702, "avg_down_swing": 8.0049, "max_up_swing": 22.03, "max_down_swing": 43.11}, "3:51 PM": {"sessions": 104, "up_hits": 31, "up_rate": 0.2981, "down_hits": 35, "down_rate": 0.3365, "both_hits": 2, "both_rate": 0.0192, "neither_hits": 40, "neither_rate": 0.3846, "avg_up_swing_pct": 0.016881, "avg_down_swing_pct": 0.022178, "max_up_swing_pct": 0.092973, "max_down_swing_pct": 0.164995, "avg_up_swing": 5.7472, "avg_down_swing": 7.9596, "max_up_swing": 21.3, "max_down_swing": 43.11}, "3:52 PM": {"sessions": 104, "up_hits": 31, "up_rate": 0.2981, "down_hits": 37, "down_rate": 0.3558, "both_hits": 1, "both_rate": 0.0096, "neither_hits": 37, "neither_rate": 0.3558, "avg_up_swing_pct": 0.016846, "avg_down_swing_pct": 0.022211, "max_up_swing_pct": 0.094023, "max_down_swing_pct": 0.165857, "avg_up_swing": 5.7182, "avg_down_swing": 7.9887, "max_up_swing": 21.52, "max_down_swing": 43.38}, "3:53 PM": {"sessions": 104, "up_hits": 29, "up_rate": 0.2788, "down_hits": 34, "down_rate": 0.3269, "both_hits": 1, "both_rate": 0.0096, "neither_hits": 42, "neither_rate": 0.4038, "avg_up_swing_pct": 0.016751, "avg_down_swing_pct": 0.022303, "max_up_swing_pct": 0.09431, "max_down_swing_pct": 0.165985, "avg_up_swing": 5.6774, "avg_down_swing": 8.0294, "max_up_swing": 21.58, "max_down_swing": 43.42}, "3:54 PM": {"sessions": 104, "up_hits": 32, "up_rate": 0.3077, "down_hits": 34, "down_rate": 0.3269, "both_hits": 2, "both_rate": 0.0192, "neither_hits": 40, "neither_rate": 0.3846, "avg_up_swing_pct": 0.016663, "avg_down_swing_pct": 0.022378, "max_up_swing_pct": 0.090649, "max_down_swing_pct": 0.169161, "avg_up_swing": 5.6646, "avg_down_swing": 8.0423, "max_up_swing": 38.66, "max_down_swing": 44.42}, "3:55 PM": {"sessions": 104, "up_hits": 30, "up_rate": 0.2885, "down_hits": 32, "down_rate": 0.3077, "both_hits": 1, "both_rate": 0.0096, "neither_hits": 43, "neither_rate": 0.4135, "avg_up_swing_pct": 0.016368, "avg_down_swing_pct": 0.022655, "max_up_swing_pct": 0.102881, "max_down_swing_pct": 0.168306, "avg_up_swing": 5.5912, "avg_down_swing": 8.1157, "max_up_swing": 43.39, "max_down_swing": 44.15}, "3:50\u201355 avg": {"sessions": 104, "up_hits": 30, "up_rate": 0.2885, "down_hits": 34, "down_rate": 0.3269, "both_hits": 2, "both_rate": 0.0192, "neither_hits": 42, "neither_rate": 0.4038, "avg_up_swing_pct": 0.016711, "avg_down_swing_pct": 0.022336, "max_up_swing_pct": 0.092367, "max_down_swing_pct": 0.166553, "avg_up_swing": 5.6834, "avg_down_swing": 8.0234, "max_up_swing": 39.3308, "max_down_swing": 43.5983}}}, "0.0300": {"pct": 0.03, "references": {"3:50 PM": {"sessions": 104, "up_hits": 27, "up_rate": 0.2596, "down_hits": 30, "down_rate": 0.2885, "both_hits": 1, "both_rate": 0.0096, "neither_hits": 48, "neither_rate": 0.4615, "avg_up_swing_pct": 0.016774, "avg_down_swing_pct": 0.02228, "max_up_swing_pct": 0.096466, "max_down_swing_pct": 0.164995, "avg_up_swing": 5.702, "avg_down_swing": 8.0049, "max_up_swing": 22.03, "max_down_swing": 43.11}, "3:51 PM": {"sessions": 104, "up_hits": 28, "up_rate": 0.2692, "down_hits": 29, "down_rate": 0.2788, "both_hits": 1, "both_rate": 0.0096, "neither_hits": 48, "neither_rate": 0.4615, "avg_up_swing_pct": 0.016881, "avg_down_swing_pct": 0.022178, "max_up_swing_pct": 0.092973, "max_down_swing_pct": 0.164995, "avg_up_swing": 5.7472, "avg_down_swing": 7.9596, "max_up_swing": 21.3, "max_down_swing": 43.11}, "3:52 PM": {"sessions": 104, "up_hits": 27, "up_rate": 0.2596, "down_hits": 29, "down_rate": 0.2788, "both_hits": 1, "both_rate": 0.0096, "neither_hits": 49, "neither_rate": 0.4712, "avg_up_swing_pct": 0.016846, "avg_down_swing_pct": 0.022211, "max_up_swing_pct": 0.094023, "max_down_swing_pct": 0.165857, "avg_up_swing": 5.7182, "avg_down_swing": 7.9887, "max_up_swing": 21.52, "max_down_swing": 43.38}, "3:53 PM": {"sessions": 104, "up_hits": 27, "up_rate": 0.2596, "down_hits": 30, "down_rate": 0.2885, "both_hits": 1, "both_rate": 0.0096, "neither_hits": 48, "neither_rate": 0.4615, "avg_up_swing_pct": 0.016751, "avg_down_swing_pct": 0.022303, "max_up_swing_pct": 0.09431, "max_down_swing_pct": 0.165985, "avg_up_swing": 5.6774, "avg_down_swing": 8.0294, "max_up_swing": 21.58, "max_down_swing": 43.42}, "3:54 PM": {"sessions": 104, "up_hits": 25, "up_rate": 0.2404, "down_hits": 29, "down_rate": 0.2788, "both_hits": 1, "both_rate": 0.0096, "neither_hits": 51, "neither_rate": 0.4904, "avg_up_swing_pct": 0.016663, "avg_down_swing_pct": 0.022378, "max_up_swing_pct": 0.090649, "max_down_swing_pct": 0.169161, "avg_up_swing": 5.6646, "avg_down_swing": 8.0423, "max_up_swing": 38.66, "max_down_swing": 44.42}, "3:55 PM": {"sessions": 104, "up_hits": 24, "up_rate": 0.2308, "down_hits": 28, "down_rate": 0.2692, "both_hits": 1, "both_rate": 0.0096, "neither_hits": 53, "neither_rate": 0.5096, "avg_up_swing_pct": 0.016368, "avg_down_swing_pct": 0.022655, "max_up_swing_pct": 0.102881, "max_down_swing_pct": 0.168306, "avg_up_swing": 5.5912, "avg_down_swing": 8.1157, "max_up_swing": 43.39, "max_down_swing": 44.15}, "3:50\u201355 avg": {"sessions": 104, "up_hits": 27, "up_rate": 0.2596, "down_hits": 29, "down_rate": 0.2788, "both_hits": 1, "both_rate": 0.0096, "neither_hits": 49, "neither_rate": 0.4712, "avg_up_swing_pct": 0.016711, "avg_down_swing_pct": 0.022336, "max_up_swing_pct": 0.092367, "max_down_swing_pct": 0.166553, "avg_up_swing": 5.6834, "avg_down_swing": 8.0234, "max_up_swing": 39.3308, "max_down_swing": 43.5983}}}, "0.0350": {"pct": 0.035, "references": {"3:50 PM": {"sessions": 104, "up_hits": 18, "up_rate": 0.1731, "down_hits": 27, "down_rate": 0.2596, "both_hits": 1, "both_rate": 0.0096, "neither_hits": 60, "neither_rate": 0.5769, "avg_up_swing_pct": 0.016774, "avg_down_swing_pct": 0.02228, "max_up_swing_pct": 0.096466, "max_down_swing_pct": 0.164995, "avg_up_swing": 5.702, "avg_down_swing": 8.0049, "max_up_swing": 22.03, "max_down_swing": 43.11}, "3:51 PM": {"sessions": 104, "up_hits": 18, "up_rate": 0.1731, "down_hits": 28, "down_rate": 0.2692, "both_hits": 1, "both_rate": 0.0096, "neither_hits": 59, "neither_rate": 0.5673, "avg_up_swing_pct": 0.016881, "avg_down_swing_pct": 0.022178, "max_up_swing_pct": 0.092973, "max_down_swing_pct": 0.164995, "avg_up_swing": 5.7472, "avg_down_swing": 7.9596, "max_up_swing": 21.3, "max_down_swing": 43.11}, "3:52 PM": {"sessions": 104, "up_hits": 19, "up_rate": 0.1827, "down_hits": 27, "down_rate": 0.2596, "both_hits": 1, "both_rate": 0.0096, "neither_hits": 59, "neither_rate": 0.5673, "avg_up_swing_pct": 0.016846, "avg_down_swing_pct": 0.022211, "max_up_swing_pct": 0.094023, "max_down_swing_pct": 0.165857, "avg_up_swing": 5.7182, "avg_down_swing": 7.9887, "max_up_swing": 21.52, "max_down_swing": 43.38}, "3:53 PM": {"sessions": 104, "up_hits": 18, "up_rate": 0.1731, "down_hits": 27, "down_rate": 0.2596, "both_hits": 1, "both_rate": 0.0096, "neither_hits": 60, "neither_rate": 0.5769, "avg_up_swing_pct": 0.016751, "avg_down_swing_pct": 0.022303, "max_up_swing_pct": 0.09431, "max_down_swing_pct": 0.165985, "avg_up_swing": 5.6774, "avg_down_swing": 8.0294, "max_up_swing": 21.58, "max_down_swing": 43.42}, "3:54 PM": {"sessions": 104, "up_hits": 19, "up_rate": 0.1827, "down_hits": 27, "down_rate": 0.2596, "both_hits": 1, "both_rate": 0.0096, "neither_hits": 59, "neither_rate": 0.5673, "avg_up_swing_pct": 0.016663, "avg_down_swing_pct": 0.022378, "max_up_swing_pct": 0.090649, "max_down_swing_pct": 0.169161, "avg_up_swing": 5.6646, "avg_down_swing": 8.0423, "max_up_swing": 38.66, "max_down_swing": 44.42}, "3:55 PM": {"sessions": 104, "up_hits": 18, "up_rate": 0.1731, "down_hits": 27, "down_rate": 0.2596, "both_hits": 1, "both_rate": 0.0096, "neither_hits": 60, "neither_rate": 0.5769, "avg_up_swing_pct": 0.016368, "avg_down_swing_pct": 0.022655, "max_up_swing_pct": 0.102881, "max_down_swing_pct": 0.168306, "avg_up_swing": 5.5912, "avg_down_swing": 8.1157, "max_up_swing": 43.39, "max_down_swing": 44.15}, "3:50\u201355 avg": {"sessions": 104, "up_hits": 18, "up_rate": 0.1731, "down_hits": 27, "down_rate": 0.2596, "both_hits": 1, "both_rate": 0.0096, "neither_hits": 60, "neither_rate": 0.5769, "avg_up_swing_pct": 0.016711, "avg_down_swing_pct": 0.022336, "max_up_swing_pct": 0.092367, "max_down_swing_pct": 0.166553, "avg_up_swing": 5.6834, "avg_down_swing": 8.0234, "max_up_swing": 39.3308, "max_down_swing": 43.5983}}}, "0.0400": {"pct": 0.04, "references": {"3:50 PM": {"sessions": 104, "up_hits": 14, "up_rate": 0.1346, "down_hits": 24, "down_rate": 0.2308, "both_hits": 1, "both_rate": 0.0096, "neither_hits": 67, "neither_rate": 0.6442, "avg_up_swing_pct": 0.016774, "avg_down_swing_pct": 0.02228, "max_up_swing_pct": 0.096466, "max_down_swing_pct": 0.164995, "avg_up_swing": 5.702, "avg_down_swing": 8.0049, "max_up_swing": 22.03, "max_down_swing": 43.11}, "3:51 PM": {"sessions": 104, "up_hits": 14, "up_rate": 0.1346, "down_hits": 23, "down_rate": 0.2212, "both_hits": 1, "both_rate": 0.0096, "neither_hits": 68, "neither_rate": 0.6538, "avg_up_swing_pct": 0.016881, "avg_down_swing_pct": 0.022178, "max_up_swing_pct": 0.092973, "max_down_swing_pct": 0.164995, "avg_up_swing": 5.7472, "avg_down_swing": 7.9596, "max_up_swing": 21.3, "max_down_swing": 43.11}, "3:52 PM": {"sessions": 104, "up_hits": 15, "up_rate": 0.1442, "down_hits": 22, "down_rate": 0.2115, "both_hits": 1, "both_rate": 0.0096, "neither_hits": 68, "neither_rate": 0.6538, "avg_up_swing_pct": 0.016846, "avg_down_swing_pct": 0.022211, "max_up_swing_pct": 0.094023, "max_down_swing_pct": 0.165857, "avg_up_swing": 5.7182, "avg_down_swing": 7.9887, "max_up_swing": 21.52, "max_down_swing": 43.38}, "3:53 PM": {"sessions": 104, "up_hits": 14, "up_rate": 0.1346, "down_hits": 23, "down_rate": 0.2212, "both_hits": 1, "both_rate": 0.0096, "neither_hits": 68, "neither_rate": 0.6538, "avg_up_swing_pct": 0.016751, "avg_down_swing_pct": 0.022303, "max_up_swing_pct": 0.09431, "max_down_swing_pct": 0.165985, "avg_up_swing": 5.6774, "avg_down_swing": 8.0294, "max_up_swing": 21.58, "max_down_swing": 43.42}, "3:54 PM": {"sessions": 104, "up_hits": 14, "up_rate": 0.1346, "down_hits": 22, "down_rate": 0.2115, "both_hits": 1, "both_rate": 0.0096, "neither_hits": 69, "neither_rate": 0.6635, "avg_up_swing_pct": 0.016663, "avg_down_swing_pct": 0.022378, "max_up_swing_pct": 0.090649, "max_down_swing_pct": 0.169161, "avg_up_swing": 5.6646, "avg_down_swing": 8.0423, "max_up_swing": 38.66, "max_down_swing": 44.42}, "3:55 PM": {"sessions": 104, "up_hits": 14, "up_rate": 0.1346, "down_hits": 24, "down_rate": 0.2308, "both_hits": 1, "both_rate": 0.0096, "neither_hits": 67, "neither_rate": 0.6442, "avg_up_swing_pct": 0.016368, "avg_down_swing_pct": 0.022655, "max_up_swing_pct": 0.102881, "max_down_swing_pct": 0.168306, "avg_up_swing": 5.5912, "avg_down_swing": 8.1157, "max_up_swing": 43.39, "max_down_swing": 44.15}, "3:50\u201355 avg": {"sessions": 104, "up_hits": 14, "up_rate": 0.1346, "down_hits": 23, "down_rate": 0.2212, "both_hits": 1, "both_rate": 0.0096, "neither_hits": 68, "neither_rate": 0.6538, "avg_up_swing_pct": 0.016711, "avg_down_swing_pct": 0.022336, "max_up_swing_pct": 0.092367, "max_down_swing_pct": 0.166553, "avg_up_swing": 5.6834, "avg_down_swing": 8.0234, "max_up_swing": 39.3308, "max_down_swing": 43.5983}}}, "0.0500": {"pct": 0.05, "references": {"3:50 PM": {"sessions": 104, "up_hits": 12, "up_rate": 0.1154, "down_hits": 13, "down_rate": 0.125, "both_hits": 0, "both_rate": 0.0, "neither_hits": 79, "neither_rate": 0.7596, "avg_up_swing_pct": 0.016774, "avg_down_swing_pct": 0.02228, "max_up_swing_pct": 0.096466, "max_down_swing_pct": 0.164995, "avg_up_swing": 5.702, "avg_down_swing": 8.0049, "max_up_swing": 22.03, "max_down_swing": 43.11}, "3:51 PM": {"sessions": 104, "up_hits": 12, "up_rate": 0.1154, "down_hits": 12, "down_rate": 0.1154, "both_hits": 0, "both_rate": 0.0, "neither_hits": 80, "neither_rate": 0.7692, "avg_up_swing_pct": 0.016881, "avg_down_swing_pct": 0.022178, "max_up_swing_pct": 0.092973, "max_down_swing_pct": 0.164995, "avg_up_swing": 5.7472, "avg_down_swing": 7.9596, "max_up_swing": 21.3, "max_down_swing": 43.11}, "3:52 PM": {"sessions": 104, "up_hits": 12, "up_rate": 0.1154, "down_hits": 12, "down_rate": 0.1154, "both_hits": 0, "both_rate": 0.0, "neither_hits": 80, "neither_rate": 0.7692, "avg_up_swing_pct": 0.016846, "avg_down_swing_pct": 0.022211, "max_up_swing_pct": 0.094023, "max_down_swing_pct": 0.165857, "avg_up_swing": 5.7182, "avg_down_swing": 7.9887, "max_up_swing": 21.52, "max_down_swing": 43.38}, "3:53 PM": {"sessions": 104, "up_hits": 11, "up_rate": 0.1058, "down_hits": 12, "down_rate": 0.1154, "both_hits": 0, "both_rate": 0.0, "neither_hits": 81, "neither_rate": 0.7788, "avg_up_swing_pct": 0.016751, "avg_down_swing_pct": 0.022303, "max_up_swing_pct": 0.09431, "max_down_swing_pct": 0.165985, "avg_up_swing": 5.6774, "avg_down_swing": 8.0294, "max_up_swing": 21.58, "max_down_swing": 43.42}, "3:54 PM": {"sessions": 104, "up_hits": 12, "up_rate": 0.1154, "down_hits": 13, "down_rate": 0.125, "both_hits": 1, "both_rate": 0.0096, "neither_hits": 80, "neither_rate": 0.7692, "avg_up_swing_pct": 0.016663, "avg_down_swing_pct": 0.022378, "max_up_swing_pct": 0.090649, "max_down_swing_pct": 0.169161, "avg_up_swing": 5.6646, "avg_down_swing": 8.0423, "max_up_swing": 38.66, "max_down_swing": 44.42}, "3:55 PM": {"sessions": 104, "up_hits": 11, "up_rate": 0.1058, "down_hits": 13, "down_rate": 0.125, "both_hits": 1, "both_rate": 0.0096, "neither_hits": 81, "neither_rate": 0.7788, "avg_up_swing_pct": 0.016368, "avg_down_swing_pct": 0.022655, "max_up_swing_pct": 0.102881, "max_down_swing_pct": 0.168306, "avg_up_swing": 5.5912, "avg_down_swing": 8.1157, "max_up_swing": 43.39, "max_down_swing": 44.15}, "3:50\u201355 avg": {"sessions": 104, "up_hits": 12, "up_rate": 0.1154, "down_hits": 13, "down_rate": 0.125, "both_hits": 1, "both_rate": 0.0096, "neither_hits": 80, "neither_rate": 0.7692, "avg_up_swing_pct": 0.016711, "avg_down_swing_pct": 0.022336, "max_up_swing_pct": 0.092367, "max_down_swing_pct": 0.166553, "avg_up_swing": 5.6834, "avg_down_swing": 8.0234, "max_up_swing": 39.3308, "max_down_swing": 43.5983}}}, "0.0700": {"pct": 0.07, "references": {"3:50 PM": {"sessions": 104, "up_hits": 5, "up_rate": 0.0481, "down_hits": 6, "down_rate": 0.0577, "both_hits": 0, "both_rate": 0.0, "neither_hits": 93, "neither_rate": 0.8942, "avg_up_swing_pct": 0.016774, "avg_down_swing_pct": 0.02228, "max_up_swing_pct": 0.096466, "max_down_swing_pct": 0.164995, "avg_up_swing": 5.702, "avg_down_swing": 8.0049, "max_up_swing": 22.03, "max_down_swing": 43.11}, "3:51 PM": {"sessions": 104, "up_hits": 4, "up_rate": 0.0385, "down_hits": 6, "down_rate": 0.0577, "both_hits": 0, "both_rate": 0.0, "neither_hits": 94, "neither_rate": 0.9038, "avg_up_swing_pct": 0.016881, "avg_down_swing_pct": 0.022178, "max_up_swing_pct": 0.092973, "max_down_swing_pct": 0.164995, "avg_up_swing": 5.7472, "avg_down_swing": 7.9596, "max_up_swing": 21.3, "max_down_swing": 43.11}, "3:52 PM": {"sessions": 104, "up_hits": 4, "up_rate": 0.0385, "down_hits": 6, "down_rate": 0.0577, "both_hits": 0, "both_rate": 0.0, "neither_hits": 94, "neither_rate": 0.9038, "avg_up_swing_pct": 0.016846, "avg_down_swing_pct": 0.022211, "max_up_swing_pct": 0.094023, "max_down_swing_pct": 0.165857, "avg_up_swing": 5.7182, "avg_down_swing": 7.9887, "max_up_swing": 21.52, "max_down_swing": 43.38}, "3:53 PM": {"sessions": 104, "up_hits": 5, "up_rate": 0.0481, "down_hits": 5, "down_rate": 0.0481, "both_hits": 0, "both_rate": 0.0, "neither_hits": 94, "neither_rate": 0.9038, "avg_up_swing_pct": 0.016751, "avg_down_swing_pct": 0.022303, "max_up_swing_pct": 0.09431, "max_down_swing_pct": 0.165985, "avg_up_swing": 5.6774, "avg_down_swing": 8.0294, "max_up_swing": 21.58, "max_down_swing": 43.42}, "3:54 PM": {"sessions": 104, "up_hits": 5, "up_rate": 0.0481, "down_hits": 6, "down_rate": 0.0577, "both_hits": 0, "both_rate": 0.0, "neither_hits": 93, "neither_rate": 0.8942, "avg_up_swing_pct": 0.016663, "avg_down_swing_pct": 0.022378, "max_up_swing_pct": 0.090649, "max_down_swing_pct": 0.169161, "avg_up_swing": 5.6646, "avg_down_swing": 8.0423, "max_up_swing": 38.66, "max_down_swing": 44.42}, "3:55 PM": {"sessions": 104, "up_hits": 3, "up_rate": 0.0288, "down_hits": 6, "down_rate": 0.0577, "both_hits": 0, "both_rate": 0.0, "neither_hits": 95, "neither_rate": 0.9135, "avg_up_swing_pct": 0.016368, "avg_down_swing_pct": 0.022655, "max_up_swing_pct": 0.102881, "max_down_swing_pct": 0.168306, "avg_up_swing": 5.5912, "avg_down_swing": 8.1157, "max_up_swing": 43.39, "max_down_swing": 44.15}, "3:50\u201355 avg": {"sessions": 104, "up_hits": 5, "up_rate": 0.0481, "down_hits": 6, "down_rate": 0.0577, "both_hits": 0, "both_rate": 0.0, "neither_hits": 93, "neither_rate": 0.8942, "avg_up_swing_pct": 0.016711, "avg_down_swing_pct": 0.022336, "max_up_swing_pct": 0.092367, "max_down_swing_pct": 0.166553, "avg_up_swing": 5.6834, "avg_down_swing": 8.0234, "max_up_swing": 39.3308, "max_down_swing": 43.5983}}}, "0.1000": {"pct": 0.1, "references": {"3:50 PM": {"sessions": 104, "up_hits": 0, "up_rate": 0.0, "down_hits": 2, "down_rate": 0.0192, "both_hits": 0, "both_rate": 0.0, "neither_hits": 102, "neither_rate": 0.9808, "avg_up_swing_pct": 0.016774, "avg_down_swing_pct": 0.02228, "max_up_swing_pct": 0.096466, "max_down_swing_pct": 0.164995, "avg_up_swing": 5.702, "avg_down_swing": 8.0049, "max_up_swing": 22.03, "max_down_swing": 43.11}, "3:51 PM": {"sessions": 104, "up_hits": 0, "up_rate": 0.0, "down_hits": 1, "down_rate": 0.0096, "both_hits": 0, "both_rate": 0.0, "neither_hits": 103, "neither_rate": 0.9904, "avg_up_swing_pct": 0.016881, "avg_down_swing_pct": 0.022178, "max_up_swing_pct": 0.092973, "max_down_swing_pct": 0.164995, "avg_up_swing": 5.7472, "avg_down_swing": 7.9596, "max_up_swing": 21.3, "max_down_swing": 43.11}, "3:52 PM": {"sessions": 104, "up_hits": 0, "up_rate": 0.0, "down_hits": 1, "down_rate": 0.0096, "both_hits": 0, "both_rate": 0.0, "neither_hits": 103, "neither_rate": 0.9904, "avg_up_swing_pct": 0.016846, "avg_down_swing_pct": 0.022211, "max_up_swing_pct": 0.094023, "max_down_swing_pct": 0.165857, "avg_up_swing": 5.7182, "avg_down_swing": 7.9887, "max_up_swing": 21.52, "max_down_swing": 43.38}, "3:53 PM": {"sessions": 104, "up_hits": 0, "up_rate": 0.0, "down_hits": 1, "down_rate": 0.0096, "both_hits": 0, "both_rate": 0.0, "neither_hits": 103, "neither_rate": 0.9904, "avg_up_swing_pct": 0.016751, "avg_down_swing_pct": 0.022303, "max_up_swing_pct": 0.09431, "max_down_swing_pct": 0.165985, "avg_up_swing": 5.6774, "avg_down_swing": 8.0294, "max_up_swing": 21.58, "max_down_swing": 43.42}, "3:54 PM": {"sessions": 104, "up_hits": 0, "up_rate": 0.0, "down_hits": 1, "down_rate": 0.0096, "both_hits": 0, "both_rate": 0.0, "neither_hits": 103, "neither_rate": 0.9904, "avg_up_swing_pct": 0.016663, "avg_down_swing_pct": 0.022378, "max_up_swing_pct": 0.090649, "max_down_swing_pct": 0.169161, "avg_up_swing": 5.6646, "avg_down_swing": 8.0423, "max_up_swing": 38.66, "max_down_swing": 44.42}, "3:55 PM": {"sessions": 104, "up_hits": 1, "up_rate": 0.0096, "down_hits": 2, "down_rate": 0.0192, "both_hits": 0, "both_rate": 0.0, "neither_hits": 101, "neither_rate": 0.9712, "avg_up_swing_pct": 0.016368, "avg_down_swing_pct": 0.022655, "max_up_swing_pct": 0.102881, "max_down_swing_pct": 0.168306, "avg_up_swing": 5.5912, "avg_down_swing": 8.1157, "max_up_swing": 43.39, "max_down_swing": 44.15}, "3:50\u201355 avg": {"sessions": 104, "up_hits": 0, "up_rate": 0.0, "down_hits": 1, "down_rate": 0.0096, "both_hits": 0, "both_rate": 0.0, "neither_hits": 103, "neither_rate": 0.9904, "avg_up_swing_pct": 0.016711, "avg_down_swing_pct": 0.022336, "max_up_swing_pct": 0.092367, "max_down_swing_pct": 0.166553, "avg_up_swing": 5.6834, "avg_down_swing": 8.0234, "max_up_swing": 39.3308, "max_down_swing": 43.5983}}}, "0.1500": {"pct": 0.15, "references": {"3:50 PM": {"sessions": 104, "up_hits": 0, "up_rate": 0.0, "down_hits": 1, "down_rate": 0.0096, "both_hits": 0, "both_rate": 0.0, "neither_hits": 103, "neither_rate": 0.9904, "avg_up_swing_pct": 0.016774, "avg_down_swing_pct": 0.02228, "max_up_swing_pct": 0.096466, "max_down_swing_pct": 0.164995, "avg_up_swing": 5.702, "avg_down_swing": 8.0049, "max_up_swing": 22.03, "max_down_swing": 43.11}, "3:51 PM": {"sessions": 104, "up_hits": 0, "up_rate": 0.0, "down_hits": 1, "down_rate": 0.0096, "both_hits": 0, "both_rate": 0.0, "neither_hits": 103, "neither_rate": 0.9904, "avg_up_swing_pct": 0.016881, "avg_down_swing_pct": 0.022178, "max_up_swing_pct": 0.092973, "max_down_swing_pct": 0.164995, "avg_up_swing": 5.7472, "avg_down_swing": 7.9596, "max_up_swing": 21.3, "max_down_swing": 43.11}, "3:52 PM": {"sessions": 104, "up_hits": 0, "up_rate": 0.0, "down_hits": 1, "down_rate": 0.0096, "both_hits": 0, "both_rate": 0.0, "neither_hits": 103, "neither_rate": 0.9904, "avg_up_swing_pct": 0.016846, "avg_down_swing_pct": 0.022211, "max_up_swing_pct": 0.094023, "max_down_swing_pct": 0.165857, "avg_up_swing": 5.7182, "avg_down_swing": 7.9887, "max_up_swing": 21.52, "max_down_swing": 43.38}, "3:53 PM": {"sessions": 104, "up_hits": 0, "up_rate": 0.0, "down_hits": 1, "down_rate": 0.0096, "both_hits": 0, "both_rate": 0.0, "neither_hits": 103, "neither_rate": 0.9904, "avg_up_swing_pct": 0.016751, "avg_down_swing_pct": 0.022303, "max_up_swing_pct": 0.09431, "max_down_swing_pct": 0.165985, "avg_up_swing": 5.6774, "avg_down_swing": 8.0294, "max_up_swing": 21.58, "max_down_swing": 43.42}, "3:54 PM": {"sessions": 104, "up_hits": 0, "up_rate": 0.0, "down_hits": 1, "down_rate": 0.0096, "both_hits": 0, "both_rate": 0.0, "neither_hits": 103, "neither_rate": 0.9904, "avg_up_swing_pct": 0.016663, "avg_down_swing_pct": 0.022378, "max_up_swing_pct": 0.090649, "max_down_swing_pct": 0.169161, "avg_up_swing": 5.6646, "avg_down_swing": 8.0423, "max_up_swing": 38.66, "max_down_swing": 44.42}, "3:55 PM": {"sessions": 104, "up_hits": 0, "up_rate": 0.0, "down_hits": 1, "down_rate": 0.0096, "both_hits": 0, "both_rate": 0.0, "neither_hits": 103, "neither_rate": 0.9904, "avg_up_swing_pct": 0.016368, "avg_down_swing_pct": 0.022655, "max_up_swing_pct": 0.102881, "max_down_swing_pct": 0.168306, "avg_up_swing": 5.5912, "avg_down_swing": 8.1157, "max_up_swing": 43.39, "max_down_swing": 44.15}, "3:50\u201355 avg": {"sessions": 104, "up_hits": 0, "up_rate": 0.0, "down_hits": 1, "down_rate": 0.0096, "both_hits": 0, "both_rate": 0.0, "neither_hits": 103, "neither_rate": 0.9904, "avg_up_swing_pct": 0.016711, "avg_down_swing_pct": 0.022336, "max_up_swing_pct": 0.092367, "max_down_swing_pct": 0.166553, "avg_up_swing": 5.6834, "avg_down_swing": 8.0234, "max_up_swing": 39.3308, "max_down_swing": 43.5983}}}}, "swings": {"3:50 PM": {"avg_up_swing_pct": 0.016774, "avg_down_swing_pct": 0.02228, "max_up_swing_pct": 0.096466, "max_down_swing_pct": 0.164995, "avg_up_swing": 5.702, "avg_down_swing": 8.0049, "max_up_swing": 22.03, "max_down_swing": 43.11}, "3:51 PM": {"avg_up_swing_pct": 0.016881, "avg_down_swing_pct": 0.022178, "max_up_swing_pct": 0.092973, "max_down_swing_pct": 0.164995, "avg_up_swing": 5.7472, "avg_down_swing": 7.9596, "max_up_swing": 21.3, "max_down_swing": 43.11}, "3:52 PM": {"avg_up_swing_pct": 0.016846, "avg_down_swing_pct": 0.022211, "max_up_swing_pct": 0.094023, "max_down_swing_pct": 0.165857, "avg_up_swing": 5.7182, "avg_down_swing": 7.9887, "max_up_swing": 21.52, "max_down_swing": 43.38}, "3:53 PM": {"avg_up_swing_pct": 0.016751, "avg_down_swing_pct": 0.022303, "max_up_swing_pct": 0.09431, "max_down_swing_pct": 0.165985, "avg_up_swing": 5.6774, "avg_down_swing": 8.0294, "max_up_swing": 21.58, "max_down_swing": 43.42}, "3:54 PM": {"avg_up_swing_pct": 0.016663, "avg_down_swing_pct": 0.022378, "max_up_swing_pct": 0.090649, "max_down_swing_pct": 0.169161, "avg_up_swing": 5.6646, "avg_down_swing": 8.0423, "max_up_swing": 38.66, "max_down_swing": 44.42}, "3:55 PM": {"avg_up_swing_pct": 0.016368, "avg_down_swing_pct": 0.022655, "max_up_swing_pct": 0.102881, "max_down_swing_pct": 0.168306, "avg_up_swing": 5.5912, "avg_down_swing": 8.1157, "max_up_swing": 43.39, "max_down_swing": 44.15}, "3:50\u201355 avg": {"avg_up_swing_pct": 0.016711, "avg_down_swing_pct": 0.022336, "max_up_swing_pct": 0.092367, "max_down_swing_pct": 0.166553, "avg_up_swing": 5.6834, "avg_down_swing": 8.0234, "max_up_swing": 39.3308, "max_down_swing": 43.5983}}}, "Wednesday": {"n_sessions": 102, "n_skipped": 2, "n_baseline_substituted": 0, "recommended_reference": "3:52 PM", "recommended_reference_deviation": 0.2554, "steadiness": {"3:50 PM": 0.361, "3:51 PM": 0.3132, "3:52 PM": 0.2554, "3:53 PM": 0.2617, "3:54 PM": 0.3662, "3:55 PM": 0.5606}, "thresholds_pct": {"0.0050": {"pct": 0.005, "references": {"3:50 PM": {"sessions": 102, "up_hits": 84, "up_rate": 0.8235, "down_hits": 67, "down_rate": 0.6569, "both_hits": 49, "both_rate": 0.4804, "neither_hits": 0, "neither_rate": 0.0, "avg_up_swing_pct": 0.026107, "avg_down_swing_pct": 0.015559, "max_up_swing_pct": 0.256498, "max_down_swing_pct": 0.112305, "avg_up_swing": 8.6855, "avg_down_swing": 5.7016, "max_up_swing": 56.05, "max_down_swing": 54.035}, "3:51 PM": {"sessions": 102, "up_hits": 84, "up_rate": 0.8235, "down_hits": 68, "down_rate": 0.6667, "both_hits": 50, "both_rate": 0.4902, "neither_hits": 0, "neither_rate": 0.0, "avg_up_swing_pct": 0.026242, "avg_down_swing_pct": 0.015421, "max_up_swing_pct": 0.251801, "max_down_swing_pct": 0.112443, "avg_up_swing": 8.7307, "avg_down_swing": 5.6563, "max_up_swing": 55.23, "max_down_swing": 54.11}, "3:52 PM": {"sessions": 102, "up_hits": 83, "up_rate": 0.8137, "down_hits": 68, "down_rate": 0.6667, "both_hits": 49, "both_rate": 0.4804, "neither_hits": 0, "neither_rate": 0.0, "avg_up_swing_pct": 0.026231, "avg_down_swing_pct": 0.015423, "max_up_swing_pct": 0.24762, "max_down_swing_pct": 0.113861, "avg_up_swing": 8.7241, "avg_down_swing": 5.663, "max_up_swing": 54.495, "max_down_swing": 54.88}, "3:53 PM": {"sessions": 102, "up_hits": 84, "up_rate": 0.8235, "down_hits": 67, "down_rate": 0.6569, "both_hits": 49, "both_rate": 0.4804, "neither_hits": 0, "neither_rate": 0.0, "avg_up_swing_pct": 0.02597, "avg_down_swing_pct": 0.015665, "max_up_swing_pct": 0.2442, "max_down_swing_pct": 0.114008, "avg_up_swing": 8.6463, "avg_down_swing": 5.7408, "max_up_swing": 53.89, "max_down_swing": 54.96}, "3:54 PM": {"sessions": 102, "up_hits": 83, "up_rate": 0.8137, "down_hits": 68, "down_rate": 0.6667, "both_hits": 49, "both_rate": 0.4804, "neither_hits": 0, "neither_rate": 0.0, "avg_up_swing_pct": 0.025601, "avg_down_swing_pct": 0.01601, "max_up_swing_pct": 0.235855, "max_down_swing_pct": 0.113806, "avg_up_swing": 8.5375, "avg_down_swing": 5.8496, "max_up_swing": 52.4, "max_down_swing": 54.85}, "3:55 PM": {"sessions": 102, "up_hits": 82, "up_rate": 0.8039, "down_hits": 67, "down_rate": 0.6569, "both_hits": 47, "both_rate": 0.4608, "neither_hits": 0, "neither_rate": 0.0, "avg_up_swing_pct": 0.026013, "avg_down_swing_pct": 0.015629, "max_up_swing_pct": 0.241864, "max_down_swing_pct": 0.111095, "avg_up_swing": 8.6633, "avg_down_swing": 5.7238, "max_up_swing": 53.475, "max_down_swing": 53.38}, "3:50\u201355 avg": {"sessions": 102, "up_hits": 84, "up_rate": 0.8235, "down_hits": 67, "down_rate": 0.6569, "both_hits": 49, "both_rate": 0.4804, "neither_hits": 0, "neither_rate": 0.0, "avg_up_swing_pct": 0.026025, "avg_down_swing_pct": 0.01562, "max_up_swing_pct": 0.24627, "max_down_swing_pct": 0.112921, "avg_up_swing": 8.6646, "avg_down_swing": 5.7225, "max_up_swing": 54.2567, "max_down_swing": 54.3692}}}, "0.0075": {"pct": 0.0075, "references": {"3:50 PM": {"sessions": 102, "up_hits": 80, "up_rate": 0.7843, "down_hits": 61, "down_rate": 0.598, "both_hits": 39, "both_rate": 0.3824, "neither_hits": 0, "neither_rate": 0.0, "avg_up_swing_pct": 0.026107, "avg_down_swing_pct": 0.015559, "max_up_swing_pct": 0.256498, "max_down_swing_pct": 0.112305, "avg_up_swing": 8.6855, "avg_down_swing": 5.7016, "max_up_swing": 56.05, "max_down_swing": 54.035}, "3:51 PM": {"sessions": 102, "up_hits": 81, "up_rate": 0.7941, "down_hits": 63, "down_rate": 0.6176, "both_hits": 42, "both_rate": 0.4118, "neither_hits": 0, "neither_rate": 0.0, "avg_up_swing_pct": 0.026242, "avg_down_swing_pct": 0.015421, "max_up_swing_pct": 0.251801, "max_down_swing_pct": 0.112443, "avg_up_swing": 8.7307, "avg_down_swing": 5.6563, "max_up_swing": 55.23, "max_down_swing": 54.11}, "3:52 PM": {"sessions": 102, "up_hits": 81, "up_rate": 0.7941, "down_hits": 62, "down_rate": 0.6078, "both_hits": 41, "both_rate": 0.402, "neither_hits": 0, "neither_rate": 0.0, "avg_up_swing_pct": 0.026231, "avg_down_swing_pct": 0.015423, "max_up_swing_pct": 0.24762, "max_down_swing_pct": 0.113861, "avg_up_swing": 8.7241, "avg_down_swing": 5.663, "max_up_swing": 54.495, "max_down_swing": 54.88}, "3:53 PM": {"sessions": 102, "up_hits": 80, "up_rate": 0.7843, "down_hits": 63, "down_rate": 0.6176, "both_hits": 41, "both_rate": 0.402, "neither_hits": 0, "neither_rate": 0.0, "avg_up_swing_pct": 0.02597, "avg_down_swing_pct": 0.015665, "max_up_swing_pct": 0.2442, "max_down_swing_pct": 0.114008, "avg_up_swing": 8.6463, "avg_down_swing": 5.7408, "max_up_swing": 53.89, "max_down_swing": 54.96}, "3:54 PM": {"sessions": 102, "up_hits": 77, "up_rate": 0.7549, "down_hits": 61, "down_rate": 0.598, "both_hits": 36, "both_rate": 0.3529, "neither_hits": 0, "neither_rate": 0.0, "avg_up_swing_pct": 0.025601, "avg_down_swing_pct": 0.01601, "max_up_swing_pct": 0.235855, "max_down_swing_pct": 0.113806, "avg_up_swing": 8.5375, "avg_down_swing": 5.8496, "max_up_swing": 52.4, "max_down_swing": 54.85}, "3:55 PM": {"sessions": 102, "up_hits": 78, "up_rate": 0.7647, "down_hits": 63, "down_rate": 0.6176, "both_hits": 39, "both_rate": 0.3824, "neither_hits": 0, "neither_rate": 0.0, "avg_up_swing_pct": 0.026013, "avg_down_swing_pct": 0.015629, "max_up_swing_pct": 0.241864, "max_down_swing_pct": 0.111095, "avg_up_swing": 8.6633, "avg_down_swing": 5.7238, "max_up_swing": 53.475, "max_down_swing": 53.38}, "3:50\u201355 avg": {"sessions": 102, "up_hits": 81, "up_rate": 0.7941, "down_hits": 62, "down_rate": 0.6078, "both_hits": 41, "both_rate": 0.402, "neither_hits": 0, "neither_rate": 0.0, "avg_up_swing_pct": 0.026025, "avg_down_swing_pct": 0.01562, "max_up_swing_pct": 0.24627, "max_down_swing_pct": 0.112921, "avg_up_swing": 8.6646, "avg_down_swing": 5.7225, "max_up_swing": 54.2567, "max_down_swing": 54.3692}}}, "0.0100": {"pct": 0.01, "references": {"3:50 PM": {"sessions": 102, "up_hits": 71, "up_rate": 0.6961, "down_hits": 59, "down_rate": 0.5784, "both_hits": 28, "both_rate": 0.2745, "neither_hits": 0, "neither_rate": 0.0, "avg_up_swing_pct": 0.026107, "avg_down_swing_pct": 0.015559, "max_up_swing_pct": 0.256498, "max_down_swing_pct": 0.112305, "avg_up_swing": 8.6855, "avg_down_swing": 5.7016, "max_up_swing": 56.05, "max_down_swing": 54.035}, "3:51 PM": {"sessions": 102, "up_hits": 73, "up_rate": 0.7157, "down_hits": 55, "down_rate": 0.5392, "both_hits": 26, "both_rate": 0.2549, "neither_hits": 0, "neither_rate": 0.0, "avg_up_swing_pct": 0.026242, "avg_down_swing_pct": 0.015421, "max_up_swing_pct": 0.251801, "max_down_swing_pct": 0.112443, "avg_up_swing": 8.7307, "avg_down_swing": 5.6563, "max_up_swing": 55.23, "max_down_swing": 54.11}, "3:52 PM": {"sessions": 102, "up_hits": 70, "up_rate": 0.6863, "down_hits": 57, "down_rate": 0.5588, "both_hits": 25, "both_rate": 0.2451, "neither_hits": 0, "neither_rate": 0.0, "avg_up_swing_pct": 0.026231, "avg_down_swing_pct": 0.015423, "max_up_swing_pct": 0.24762, "max_down_swing_pct": 0.113861, "avg_up_swing": 8.7241, "avg_down_swing": 5.663, "max_up_swing": 54.495, "max_down_swing": 54.88}, "3:53 PM": {"sessions": 102, "up_hits": 70, "up_rate": 0.6863, "down_hits": 57, "down_rate": 0.5588, "both_hits": 25, "both_rate": 0.2451, "neither_hits": 0, "neither_rate": 0.0, "avg_up_swing_pct": 0.02597, "avg_down_swing_pct": 0.015665, "max_up_swing_pct": 0.2442, "max_down_swing_pct": 0.114008, "avg_up_swing": 8.6463, "avg_down_swing": 5.7408, "max_up_swing": 53.89, "max_down_swing": 54.96}, "3:54 PM": {"sessions": 102, "up_hits": 67, "up_rate": 0.6569, "down_hits": 58, "down_rate": 0.5686, "both_hits": 23, "both_rate": 0.2255, "neither_hits": 0, "neither_rate": 0.0, "avg_up_swing_pct": 0.025601, "avg_down_swing_pct": 0.01601, "max_up_swing_pct": 0.235855, "max_down_swing_pct": 0.113806, "avg_up_swing": 8.5375, "avg_down_swing": 5.8496, "max_up_swing": 52.4, "max_down_swing": 54.85}, "3:55 PM": {"sessions": 102, "up_hits": 69, "up_rate": 0.6765, "down_hits": 56, "down_rate": 0.549, "both_hits": 23, "both_rate": 0.2255, "neither_hits": 0, "neither_rate": 0.0, "avg_up_swing_pct": 0.026013, "avg_down_swing_pct": 0.015629, "max_up_swing_pct": 0.241864, "max_down_swing_pct": 0.111095, "avg_up_swing": 8.6633, "avg_down_swing": 5.7238, "max_up_swing": 53.475, "max_down_swing": 53.38}, "3:50\u201355 avg": {"sessions": 102, "up_hits": 70, "up_rate": 0.6863, "down_hits": 57, "down_rate": 0.5588, "both_hits": 25, "both_rate": 0.2451, "neither_hits": 0, "neither_rate": 0.0, "avg_up_swing_pct": 0.026025, "avg_down_swing_pct": 0.01562, "max_up_swing_pct": 0.24627, "max_down_swing_pct": 0.112921, "avg_up_swing": 8.6646, "avg_down_swing": 5.7225, "max_up_swing": 54.2567, "max_down_swing": 54.3692}}}, "0.0125": {"pct": 0.0125, "references": {"3:50 PM": {"sessions": 102, "up_hits": 67, "up_rate": 0.6569, "down_hits": 52, "down_rate": 0.5098, "both_hits": 19, "both_rate": 0.1863, "neither_hits": 2, "neither_rate": 0.0196, "avg_up_swing_pct": 0.026107, "avg_down_swing_pct": 0.015559, "max_up_swing_pct": 0.256498, "max_down_swing_pct": 0.112305, "avg_up_swing": 8.6855, "avg_down_swing": 5.7016, "max_up_swing": 56.05, "max_down_swing": 54.035}, "3:51 PM": {"sessions": 102, "up_hits": 63, "up_rate": 0.6176, "down_hits": 52, "down_rate": 0.5098, "both_hits": 15, "both_rate": 0.1471, "neither_hits": 2, "neither_rate": 0.0196, "avg_up_swing_pct": 0.026242, "avg_down_swing_pct": 0.015421, "max_up_swing_pct": 0.251801, "max_down_swing_pct": 0.112443, "avg_up_swing": 8.7307, "avg_down_swing": 5.6563, "max_up_swing": 55.23, "max_down_swing": 54.11}, "3:52 PM": {"sessions": 102, "up_hits": 64, "up_rate": 0.6275, "down_hits": 51, "down_rate": 0.5, "both_hits": 15, "both_rate": 0.1471, "neither_hits": 2, "neither_rate": 0.0196, "avg_up_swing_pct": 0.026231, "avg_down_swing_pct": 0.015423, "max_up_swing_pct": 0.24762, "max_down_swing_pct": 0.113861, "avg_up_swing": 8.7241, "avg_down_swing": 5.663, "max_up_swing": 54.495, "max_down_swing": 54.88}, "3:53 PM": {"sessions": 102, "up_hits": 65, "up_rate": 0.6373, "down_hits": 54, "down_rate": 0.5294, "both_hits": 19, "both_rate": 0.1863, "neither_hits": 2, "neither_rate": 0.0196, "avg_up_swing_pct": 0.02597, "avg_down_swing_pct": 0.015665, "max_up_swing_pct": 0.2442, "max_down_swing_pct": 0.114008, "avg_up_swing": 8.6463, "avg_down_swing": 5.7408, "max_up_swing": 53.89, "max_down_swing": 54.96}, "3:54 PM": {"sessions": 102, "up_hits": 63, "up_rate": 0.6176, "down_hits": 52, "down_rate": 0.5098, "both_hits": 15, "both_rate": 0.1471, "neither_hits": 2, "neither_rate": 0.0196, "avg_up_swing_pct": 0.025601, "avg_down_swing_pct": 0.01601, "max_up_swing_pct": 0.235855, "max_down_swing_pct": 0.113806, "avg_up_swing": 8.5375, "avg_down_swing": 5.8496, "max_up_swing": 52.4, "max_down_swing": 54.85}, "3:55 PM": {"sessions": 102, "up_hits": 60, "up_rate": 0.5882, "down_hits": 52, "down_rate": 0.5098, "both_hits": 14, "both_rate": 0.1373, "neither_hits": 4, "neither_rate": 0.0392, "avg_up_swing_pct": 0.026013, "avg_down_swing_pct": 0.015629, "max_up_swing_pct": 0.241864, "max_down_swing_pct": 0.111095, "avg_up_swing": 8.6633, "avg_down_swing": 5.7238, "max_up_swing": 53.475, "max_down_swing": 53.38}, "3:50\u201355 avg": {"sessions": 102, "up_hits": 63, "up_rate": 0.6176, "down_hits": 54, "down_rate": 0.5294, "both_hits": 17, "both_rate": 0.1667, "neither_hits": 2, "neither_rate": 0.0196, "avg_up_swing_pct": 0.026025, "avg_down_swing_pct": 0.01562, "max_up_swing_pct": 0.24627, "max_down_swing_pct": 0.112921, "avg_up_swing": 8.6646, "avg_down_swing": 5.7225, "max_up_swing": 54.2567, "max_down_swing": 54.3692}}}, "0.0150": {"pct": 0.015, "references": {"3:50 PM": {"sessions": 102, "up_hits": 57, "up_rate": 0.5588, "down_hits": 41, "down_rate": 0.402, "both_hits": 7, "both_rate": 0.0686, "neither_hits": 11, "neither_rate": 0.1078, "avg_up_swing_pct": 0.026107, "avg_down_swing_pct": 0.015559, "max_up_swing_pct": 0.256498, "max_down_swing_pct": 0.112305, "avg_up_swing": 8.6855, "avg_down_swing": 5.7016, "max_up_swing": 56.05, "max_down_swing": 54.035}, "3:51 PM": {"sessions": 102, "up_hits": 59, "up_rate": 0.5784, "down_hits": 40, "down_rate": 0.3922, "both_hits": 7, "both_rate": 0.0686, "neither_hits": 10, "neither_rate": 0.098, "avg_up_swing_pct": 0.026242, "avg_down_swing_pct": 0.015421, "max_up_swing_pct": 0.251801, "max_down_swing_pct": 0.112443, "avg_up_swing": 8.7307, "avg_down_swing": 5.6563, "max_up_swing": 55.23, "max_down_swing": 54.11}, "3:52 PM": {"sessions": 102, "up_hits": 55, "up_rate": 0.5392, "down_hits": 41, "down_rate": 0.402, "both_hits": 5, "both_rate": 0.049, "neither_hits": 11, "neither_rate": 0.1078, "avg_up_swing_pct": 0.026231, "avg_down_swing_pct": 0.015423, "max_up_swing_pct": 0.24762, "max_down_swing_pct": 0.113861, "avg_up_swing": 8.7241, "avg_down_swing": 5.663, "max_up_swing": 54.495, "max_down_swing": 54.88}, "3:53 PM": {"sessions": 102, "up_hits": 55, "up_rate": 0.5392, "down_hits": 46, "down_rate": 0.451, "both_hits": 10, "both_rate": 0.098, "neither_hits": 11, "neither_rate": 0.1078, "avg_up_swing_pct": 0.02597, "avg_down_swing_pct": 0.015665, "max_up_swing_pct": 0.2442, "max_down_swing_pct": 0.114008, "avg_up_swing": 8.6463, "avg_down_swing": 5.7408, "max_up_swing": 53.89, "max_down_swing": 54.96}, "3:54 PM": {"sessions": 102, "up_hits": 54, "up_rate": 0.5294, "down_hits": 48, "down_rate": 0.4706, "both_hits": 8, "both_rate": 0.0784, "neither_hits": 8, "neither_rate": 0.0784, "avg_up_swing_pct": 0.025601, "avg_down_swing_pct": 0.01601, "max_up_swing_pct": 0.235855, "max_down_swing_pct": 0.113806, "avg_up_swing": 8.5375, "avg_down_swing": 5.8496, "max_up_swing": 52.4, "max_down_swing": 54.85}, "3:55 PM": {"sessions": 102, "up_hits": 56, "up_rate": 0.549, "down_hits": 46, "down_rate": 0.451, "both_hits": 9, "both_rate": 0.0882, "neither_hits": 9, "neither_rate": 0.0882, "avg_up_swing_pct": 0.026013, "avg_down_swing_pct": 0.015629, "max_up_swing_pct": 0.241864, "max_down_swing_pct": 0.111095, "avg_up_swing": 8.6633, "avg_down_swing": 5.7238, "max_up_swing": 53.475, "max_down_swing": 53.38}, "3:50\u201355 avg": {"sessions": 102, "up_hits": 56, "up_rate": 0.549, "down_hits": 44, "down_rate": 0.4314, "both_hits": 8, "both_rate": 0.0784, "neither_hits": 10, "neither_rate": 0.098, "avg_up_swing_pct": 0.026025, "avg_down_swing_pct": 0.01562, "max_up_swing_pct": 0.24627, "max_down_swing_pct": 0.112921, "avg_up_swing": 8.6646, "avg_down_swing": 5.7225, "max_up_swing": 54.2567, "max_down_swing": 54.3692}}}, "0.0200": {"pct": 0.02, "references": {"3:50 PM": {"sessions": 102, "up_hits": 49, "up_rate": 0.4804, "down_hits": 34, "down_rate": 0.3333, "both_hits": 2, "both_rate": 0.0196, "neither_hits": 21, "neither_rate": 0.2059, "avg_up_swing_pct": 0.026107, "avg_down_swing_pct": 0.015559, "max_up_swing_pct": 0.256498, "max_down_swing_pct": 0.112305, "avg_up_swing": 8.6855, "avg_down_swing": 5.7016, "max_up_swing": 56.05, "max_down_swing": 54.035}, "3:51 PM": {"sessions": 102, "up_hits": 49, "up_rate": 0.4804, "down_hits": 34, "down_rate": 0.3333, "both_hits": 2, "both_rate": 0.0196, "neither_hits": 21, "neither_rate": 0.2059, "avg_up_swing_pct": 0.026242, "avg_down_swing_pct": 0.015421, "max_up_swing_pct": 0.251801, "max_down_swing_pct": 0.112443, "avg_up_swing": 8.7307, "avg_down_swing": 5.6563, "max_up_swing": 55.23, "max_down_swing": 54.11}, "3:52 PM": {"sessions": 102, "up_hits": 50, "up_rate": 0.4902, "down_hits": 34, "down_rate": 0.3333, "both_hits": 2, "both_rate": 0.0196, "neither_hits": 20, "neither_rate": 0.1961, "avg_up_swing_pct": 0.026231, "avg_down_swing_pct": 0.015423, "max_up_swing_pct": 0.24762, "max_down_swing_pct": 0.113861, "avg_up_swing": 8.7241, "avg_down_swing": 5.663, "max_up_swing": 54.495, "max_down_swing": 54.88}, "3:53 PM": {"sessions": 102, "up_hits": 49, "up_rate": 0.4804, "down_hits": 34, "down_rate": 0.3333, "both_hits": 2, "both_rate": 0.0196, "neither_hits": 21, "neither_rate": 0.2059, "avg_up_swing_pct": 0.02597, "avg_down_swing_pct": 0.015665, "max_up_swing_pct": 0.2442, "max_down_swing_pct": 0.114008, "avg_up_swing": 8.6463, "avg_down_swing": 5.7408, "max_up_swing": 53.89, "max_down_swing": 54.96}, "3:54 PM": {"sessions": 102, "up_hits": 49, "up_rate": 0.4804, "down_hits": 34, "down_rate": 0.3333, "both_hits": 2, "both_rate": 0.0196, "neither_hits": 21, "neither_rate": 0.2059, "avg_up_swing_pct": 0.025601, "avg_down_swing_pct": 0.01601, "max_up_swing_pct": 0.235855, "max_down_swing_pct": 0.113806, "avg_up_swing": 8.5375, "avg_down_swing": 5.8496, "max_up_swing": 52.4, "max_down_swing": 54.85}, "3:55 PM": {"sessions": 102, "up_hits": 49, "up_rate": 0.4804, "down_hits": 35, "down_rate": 0.3431, "both_hits": 2, "both_rate": 0.0196, "neither_hits": 20, "neither_rate": 0.1961, "avg_up_swing_pct": 0.026013, "avg_down_swing_pct": 0.015629, "max_up_swing_pct": 0.241864, "max_down_swing_pct": 0.111095, "avg_up_swing": 8.6633, "avg_down_swing": 5.7238, "max_up_swing": 53.475, "max_down_swing": 53.38}, "3:50\u201355 avg": {"sessions": 102, "up_hits": 49, "up_rate": 0.4804, "down_hits": 34, "down_rate": 0.3333, "both_hits": 2, "both_rate": 0.0196, "neither_hits": 21, "neither_rate": 0.2059, "avg_up_swing_pct": 0.026025, "avg_down_swing_pct": 0.01562, "max_up_swing_pct": 0.24627, "max_down_swing_pct": 0.112921, "avg_up_swing": 8.6646, "avg_down_swing": 5.7225, "max_up_swing": 54.2567, "max_down_swing": 54.3692}}}, "0.0250": {"pct": 0.025, "references": {"3:50 PM": {"sessions": 102, "up_hits": 42, "up_rate": 0.4118, "down_hits": 29, "down_rate": 0.2843, "both_hits": 2, "both_rate": 0.0196, "neither_hits": 33, "neither_rate": 0.3235, "avg_up_swing_pct": 0.026107, "avg_down_swing_pct": 0.015559, "max_up_swing_pct": 0.256498, "max_down_swing_pct": 0.112305, "avg_up_swing": 8.6855, "avg_down_swing": 5.7016, "max_up_swing": 56.05, "max_down_swing": 54.035}, "3:51 PM": {"sessions": 102, "up_hits": 43, "up_rate": 0.4216, "down_hits": 29, "down_rate": 0.2843, "both_hits": 2, "both_rate": 0.0196, "neither_hits": 32, "neither_rate": 0.3137, "avg_up_swing_pct": 0.026242, "avg_down_swing_pct": 0.015421, "max_up_swing_pct": 0.251801, "max_down_swing_pct": 0.112443, "avg_up_swing": 8.7307, "avg_down_swing": 5.6563, "max_up_swing": 55.23, "max_down_swing": 54.11}, "3:52 PM": {"sessions": 102, "up_hits": 44, "up_rate": 0.4314, "down_hits": 30, "down_rate": 0.2941, "both_hits": 2, "both_rate": 0.0196, "neither_hits": 30, "neither_rate": 0.2941, "avg_up_swing_pct": 0.026231, "avg_down_swing_pct": 0.015423, "max_up_swing_pct": 0.24762, "max_down_swing_pct": 0.113861, "avg_up_swing": 8.7241, "avg_down_swing": 5.663, "max_up_swing": 54.495, "max_down_swing": 54.88}, "3:53 PM": {"sessions": 102, "up_hits": 41, "up_rate": 0.402, "down_hits": 29, "down_rate": 0.2843, "both_hits": 2, "both_rate": 0.0196, "neither_hits": 34, "neither_rate": 0.3333, "avg_up_swing_pct": 0.02597, "avg_down_swing_pct": 0.015665, "max_up_swing_pct": 0.2442, "max_down_swing_pct": 0.114008, "avg_up_swing": 8.6463, "avg_down_swing": 5.7408, "max_up_swing": 53.89, "max_down_swing": 54.96}, "3:54 PM": {"sessions": 102, "up_hits": 41, "up_rate": 0.402, "down_hits": 30, "down_rate": 0.2941, "both_hits": 1, "both_rate": 0.0098, "neither_hits": 32, "neither_rate": 0.3137, "avg_up_swing_pct": 0.025601, "avg_down_swing_pct": 0.01601, "max_up_swing_pct": 0.235855, "max_down_swing_pct": 0.113806, "avg_up_swing": 8.5375, "avg_down_swing": 5.8496, "max_up_swing": 52.4, "max_down_swing": 54.85}, "3:55 PM": {"sessions": 102, "up_hits": 41, "up_rate": 0.402, "down_hits": 30, "down_rate": 0.2941, "both_hits": 1, "both_rate": 0.0098, "neither_hits": 32, "neither_rate": 0.3137, "avg_up_swing_pct": 0.026013, "avg_down_swing_pct": 0.015629, "max_up_swing_pct": 0.241864, "max_down_swing_pct": 0.111095, "avg_up_swing": 8.6633, "avg_down_swing": 5.7238, "max_up_swing": 53.475, "max_down_swing": 53.38}, "3:50\u201355 avg": {"sessions": 102, "up_hits": 42, "up_rate": 0.4118, "down_hits": 30, "down_rate": 0.2941, "both_hits": 1, "both_rate": 0.0098, "neither_hits": 31, "neither_rate": 0.3039, "avg_up_swing_pct": 0.026025, "avg_down_swing_pct": 0.01562, "max_up_swing_pct": 0.24627, "max_down_swing_pct": 0.112921, "avg_up_swing": 8.6646, "avg_down_swing": 5.7225, "max_up_swing": 54.2567, "max_down_swing": 54.3692}}}, "0.0300": {"pct": 0.03, "references": {"3:50 PM": {"sessions": 102, "up_hits": 32, "up_rate": 0.3137, "down_hits": 24, "down_rate": 0.2353, "both_hits": 1, "both_rate": 0.0098, "neither_hits": 47, "neither_rate": 0.4608, "avg_up_swing_pct": 0.026107, "avg_down_swing_pct": 0.015559, "max_up_swing_pct": 0.256498, "max_down_swing_pct": 0.112305, "avg_up_swing": 8.6855, "avg_down_swing": 5.7016, "max_up_swing": 56.05, "max_down_swing": 54.035}, "3:51 PM": {"sessions": 102, "up_hits": 32, "up_rate": 0.3137, "down_hits": 23, "down_rate": 0.2255, "both_hits": 1, "both_rate": 0.0098, "neither_hits": 48, "neither_rate": 0.4706, "avg_up_swing_pct": 0.026242, "avg_down_swing_pct": 0.015421, "max_up_swing_pct": 0.251801, "max_down_swing_pct": 0.112443, "avg_up_swing": 8.7307, "avg_down_swing": 5.6563, "max_up_swing": 55.23, "max_down_swing": 54.11}, "3:52 PM": {"sessions": 102, "up_hits": 33, "up_rate": 0.3235, "down_hits": 22, "down_rate": 0.2157, "both_hits": 1, "both_rate": 0.0098, "neither_hits": 48, "neither_rate": 0.4706, "avg_up_swing_pct": 0.026231, "avg_down_swing_pct": 0.015423, "max_up_swing_pct": 0.24762, "max_down_swing_pct": 0.113861, "avg_up_swing": 8.7241, "avg_down_swing": 5.663, "max_up_swing": 54.495, "max_down_swing": 54.88}, "3:53 PM": {"sessions": 102, "up_hits": 33, "up_rate": 0.3235, "down_hits": 22, "down_rate": 0.2157, "both_hits": 1, "both_rate": 0.0098, "neither_hits": 48, "neither_rate": 0.4706, "avg_up_swing_pct": 0.02597, "avg_down_swing_pct": 0.015665, "max_up_swing_pct": 0.2442, "max_down_swing_pct": 0.114008, "avg_up_swing": 8.6463, "avg_down_swing": 5.7408, "max_up_swing": 53.89, "max_down_swing": 54.96}, "3:54 PM": {"sessions": 102, "up_hits": 34, "up_rate": 0.3333, "down_hits": 22, "down_rate": 0.2157, "both_hits": 1, "both_rate": 0.0098, "neither_hits": 47, "neither_rate": 0.4608, "avg_up_swing_pct": 0.025601, "avg_down_swing_pct": 0.01601, "max_up_swing_pct": 0.235855, "max_down_swing_pct": 0.113806, "avg_up_swing": 8.5375, "avg_down_swing": 5.8496, "max_up_swing": 52.4, "max_down_swing": 54.85}, "3:55 PM": {"sessions": 102, "up_hits": 33, "up_rate": 0.3235, "down_hits": 24, "down_rate": 0.2353, "both_hits": 1, "both_rate": 0.0098, "neither_hits": 46, "neither_rate": 0.451, "avg_up_swing_pct": 0.026013, "avg_down_swing_pct": 0.015629, "max_up_swing_pct": 0.241864, "max_down_swing_pct": 0.111095, "avg_up_swing": 8.6633, "avg_down_swing": 5.7238, "max_up_swing": 53.475, "max_down_swing": 53.38}, "3:50\u201355 avg": {"sessions": 102, "up_hits": 33, "up_rate": 0.3235, "down_hits": 22, "down_rate": 0.2157, "both_hits": 1, "both_rate": 0.0098, "neither_hits": 48, "neither_rate": 0.4706, "avg_up_swing_pct": 0.026025, "avg_down_swing_pct": 0.01562, "max_up_swing_pct": 0.24627, "max_down_swing_pct": 0.112921, "avg_up_swing": 8.6646, "avg_down_swing": 5.7225, "max_up_swing": 54.2567, "max_down_swing": 54.3692}}}, "0.0350": {"pct": 0.035, "references": {"3:50 PM": {"sessions": 102, "up_hits": 26, "up_rate": 0.2549, "down_hits": 18, "down_rate": 0.1765, "both_hits": 1, "both_rate": 0.0098, "neither_hits": 59, "neither_rate": 0.5784, "avg_up_swing_pct": 0.026107, "avg_down_swing_pct": 0.015559, "max_up_swing_pct": 0.256498, "max_down_swing_pct": 0.112305, "avg_up_swing": 8.6855, "avg_down_swing": 5.7016, "max_up_swing": 56.05, "max_down_swing": 54.035}, "3:51 PM": {"sessions": 102, "up_hits": 27, "up_rate": 0.2647, "down_hits": 17, "down_rate": 0.1667, "both_hits": 1, "both_rate": 0.0098, "neither_hits": 59, "neither_rate": 0.5784, "avg_up_swing_pct": 0.026242, "avg_down_swing_pct": 0.015421, "max_up_swing_pct": 0.251801, "max_down_swing_pct": 0.112443, "avg_up_swing": 8.7307, "avg_down_swing": 5.6563, "max_up_swing": 55.23, "max_down_swing": 54.11}, "3:52 PM": {"sessions": 102, "up_hits": 27, "up_rate": 0.2647, "down_hits": 16, "down_rate": 0.1569, "both_hits": 1, "both_rate": 0.0098, "neither_hits": 60, "neither_rate": 0.5882, "avg_up_swing_pct": 0.026231, "avg_down_swing_pct": 0.015423, "max_up_swing_pct": 0.24762, "max_down_swing_pct": 0.113861, "avg_up_swing": 8.7241, "avg_down_swing": 5.663, "max_up_swing": 54.495, "max_down_swing": 54.88}, "3:53 PM": {"sessions": 102, "up_hits": 28, "up_rate": 0.2745, "down_hits": 16, "down_rate": 0.1569, "both_hits": 1, "both_rate": 0.0098, "neither_hits": 59, "neither_rate": 0.5784, "avg_up_swing_pct": 0.02597, "avg_down_swing_pct": 0.015665, "max_up_swing_pct": 0.2442, "max_down_swing_pct": 0.114008, "avg_up_swing": 8.6463, "avg_down_swing": 5.7408, "max_up_swing": 53.89, "max_down_swing": 54.96}, "3:54 PM": {"sessions": 102, "up_hits": 28, "up_rate": 0.2745, "down_hits": 16, "down_rate": 0.1569, "both_hits": 1, "both_rate": 0.0098, "neither_hits": 59, "neither_rate": 0.5784, "avg_up_swing_pct": 0.025601, "avg_down_swing_pct": 0.01601, "max_up_swing_pct": 0.235855, "max_down_swing_pct": 0.113806, "avg_up_swing": 8.5375, "avg_down_swing": 5.8496, "max_up_swing": 52.4, "max_down_swing": 54.85}, "3:55 PM": {"sessions": 102, "up_hits": 30, "up_rate": 0.2941, "down_hits": 15, "down_rate": 0.1471, "both_hits": 1, "both_rate": 0.0098, "neither_hits": 58, "neither_rate": 0.5686, "avg_up_swing_pct": 0.026013, "avg_down_swing_pct": 0.015629, "max_up_swing_pct": 0.241864, "max_down_swing_pct": 0.111095, "avg_up_swing": 8.6633, "avg_down_swing": 5.7238, "max_up_swing": 53.475, "max_down_swing": 53.38}, "3:50\u201355 avg": {"sessions": 102, "up_hits": 28, "up_rate": 0.2745, "down_hits": 16, "down_rate": 0.1569, "both_hits": 1, "both_rate": 0.0098, "neither_hits": 59, "neither_rate": 0.5784, "avg_up_swing_pct": 0.026025, "avg_down_swing_pct": 0.01562, "max_up_swing_pct": 0.24627, "max_down_swing_pct": 0.112921, "avg_up_swing": 8.6646, "avg_down_swing": 5.7225, "max_up_swing": 54.2567, "max_down_swing": 54.3692}}}, "0.0400": {"pct": 0.04, "references": {"3:50 PM": {"sessions": 102, "up_hits": 22, "up_rate": 0.2157, "down_hits": 14, "down_rate": 0.1373, "both_hits": 1, "both_rate": 0.0098, "neither_hits": 67, "neither_rate": 0.6569, "avg_up_swing_pct": 0.026107, "avg_down_swing_pct": 0.015559, "max_up_swing_pct": 0.256498, "max_down_swing_pct": 0.112305, "avg_up_swing": 8.6855, "avg_down_swing": 5.7016, "max_up_swing": 56.05, "max_down_swing": 54.035}, "3:51 PM": {"sessions": 102, "up_hits": 23, "up_rate": 0.2255, "down_hits": 14, "down_rate": 0.1373, "both_hits": 1, "both_rate": 0.0098, "neither_hits": 66, "neither_rate": 0.6471, "avg_up_swing_pct": 0.026242, "avg_down_swing_pct": 0.015421, "max_up_swing_pct": 0.251801, "max_down_swing_pct": 0.112443, "avg_up_swing": 8.7307, "avg_down_swing": 5.6563, "max_up_swing": 55.23, "max_down_swing": 54.11}, "3:52 PM": {"sessions": 102, "up_hits": 23, "up_rate": 0.2255, "down_hits": 14, "down_rate": 0.1373, "both_hits": 1, "both_rate": 0.0098, "neither_hits": 66, "neither_rate": 0.6471, "avg_up_swing_pct": 0.026231, "avg_down_swing_pct": 0.015423, "max_up_swing_pct": 0.24762, "max_down_swing_pct": 0.113861, "avg_up_swing": 8.7241, "avg_down_swing": 5.663, "max_up_swing": 54.495, "max_down_swing": 54.88}, "3:53 PM": {"sessions": 102, "up_hits": 22, "up_rate": 0.2157, "down_hits": 14, "down_rate": 0.1373, "both_hits": 1, "both_rate": 0.0098, "neither_hits": 67, "neither_rate": 0.6569, "avg_up_swing_pct": 0.02597, "avg_down_swing_pct": 0.015665, "max_up_swing_pct": 0.2442, "max_down_swing_pct": 0.114008, "avg_up_swing": 8.6463, "avg_down_swing": 5.7408, "max_up_swing": 53.89, "max_down_swing": 54.96}, "3:54 PM": {"sessions": 102, "up_hits": 22, "up_rate": 0.2157, "down_hits": 14, "down_rate": 0.1373, "both_hits": 1, "both_rate": 0.0098, "neither_hits": 67, "neither_rate": 0.6569, "avg_up_swing_pct": 0.025601, "avg_down_swing_pct": 0.01601, "max_up_swing_pct": 0.235855, "max_down_swing_pct": 0.113806, "avg_up_swing": 8.5375, "avg_down_swing": 5.8496, "max_up_swing": 52.4, "max_down_swing": 54.85}, "3:55 PM": {"sessions": 102, "up_hits": 22, "up_rate": 0.2157, "down_hits": 14, "down_rate": 0.1373, "both_hits": 1, "both_rate": 0.0098, "neither_hits": 67, "neither_rate": 0.6569, "avg_up_swing_pct": 0.026013, "avg_down_swing_pct": 0.015629, "max_up_swing_pct": 0.241864, "max_down_swing_pct": 0.111095, "avg_up_swing": 8.6633, "avg_down_swing": 5.7238, "max_up_swing": 53.475, "max_down_swing": 53.38}, "3:50\u201355 avg": {"sessions": 102, "up_hits": 23, "up_rate": 0.2255, "down_hits": 14, "down_rate": 0.1373, "both_hits": 1, "both_rate": 0.0098, "neither_hits": 66, "neither_rate": 0.6471, "avg_up_swing_pct": 0.026025, "avg_down_swing_pct": 0.01562, "max_up_swing_pct": 0.24627, "max_down_swing_pct": 0.112921, "avg_up_swing": 8.6646, "avg_down_swing": 5.7225, "max_up_swing": 54.2567, "max_down_swing": 54.3692}}}, "0.0500": {"pct": 0.05, "references": {"3:50 PM": {"sessions": 102, "up_hits": 13, "up_rate": 0.1275, "down_hits": 8, "down_rate": 0.0784, "both_hits": 1, "both_rate": 0.0098, "neither_hits": 82, "neither_rate": 0.8039, "avg_up_swing_pct": 0.026107, "avg_down_swing_pct": 0.015559, "max_up_swing_pct": 0.256498, "max_down_swing_pct": 0.112305, "avg_up_swing": 8.6855, "avg_down_swing": 5.7016, "max_up_swing": 56.05, "max_down_swing": 54.035}, "3:51 PM": {"sessions": 102, "up_hits": 14, "up_rate": 0.1373, "down_hits": 7, "down_rate": 0.0686, "both_hits": 1, "both_rate": 0.0098, "neither_hits": 82, "neither_rate": 0.8039, "avg_up_swing_pct": 0.026242, "avg_down_swing_pct": 0.015421, "max_up_swing_pct": 0.251801, "max_down_swing_pct": 0.112443, "avg_up_swing": 8.7307, "avg_down_swing": 5.6563, "max_up_swing": 55.23, "max_down_swing": 54.11}, "3:52 PM": {"sessions": 102, "up_hits": 14, "up_rate": 0.1373, "down_hits": 8, "down_rate": 0.0784, "both_hits": 1, "both_rate": 0.0098, "neither_hits": 81, "neither_rate": 0.7941, "avg_up_swing_pct": 0.026231, "avg_down_swing_pct": 0.015423, "max_up_swing_pct": 0.24762, "max_down_swing_pct": 0.113861, "avg_up_swing": 8.7241, "avg_down_swing": 5.663, "max_up_swing": 54.495, "max_down_swing": 54.88}, "3:53 PM": {"sessions": 102, "up_hits": 13, "up_rate": 0.1275, "down_hits": 9, "down_rate": 0.0882, "both_hits": 1, "both_rate": 0.0098, "neither_hits": 81, "neither_rate": 0.7941, "avg_up_swing_pct": 0.02597, "avg_down_swing_pct": 0.015665, "max_up_swing_pct": 0.2442, "max_down_swing_pct": 0.114008, "avg_up_swing": 8.6463, "avg_down_swing": 5.7408, "max_up_swing": 53.89, "max_down_swing": 54.96}, "3:54 PM": {"sessions": 102, "up_hits": 12, "up_rate": 0.1176, "down_hits": 8, "down_rate": 0.0784, "both_hits": 1, "both_rate": 0.0098, "neither_hits": 83, "neither_rate": 0.8137, "avg_up_swing_pct": 0.025601, "avg_down_swing_pct": 0.01601, "max_up_swing_pct": 0.235855, "max_down_swing_pct": 0.113806, "avg_up_swing": 8.5375, "avg_down_swing": 5.8496, "max_up_swing": 52.4, "max_down_swing": 54.85}, "3:55 PM": {"sessions": 102, "up_hits": 12, "up_rate": 0.1176, "down_hits": 10, "down_rate": 0.098, "both_hits": 1, "both_rate": 0.0098, "neither_hits": 81, "neither_rate": 0.7941, "avg_up_swing_pct": 0.026013, "avg_down_swing_pct": 0.015629, "max_up_swing_pct": 0.241864, "max_down_swing_pct": 0.111095, "avg_up_swing": 8.6633, "avg_down_swing": 5.7238, "max_up_swing": 53.475, "max_down_swing": 53.38}, "3:50\u201355 avg": {"sessions": 102, "up_hits": 14, "up_rate": 0.1373, "down_hits": 8, "down_rate": 0.0784, "both_hits": 1, "both_rate": 0.0098, "neither_hits": 81, "neither_rate": 0.7941, "avg_up_swing_pct": 0.026025, "avg_down_swing_pct": 0.01562, "max_up_swing_pct": 0.24627, "max_down_swing_pct": 0.112921, "avg_up_swing": 8.6646, "avg_down_swing": 5.7225, "max_up_swing": 54.2567, "max_down_swing": 54.3692}}}, "0.0700": {"pct": 0.07, "references": {"3:50 PM": {"sessions": 102, "up_hits": 7, "up_rate": 0.0686, "down_hits": 2, "down_rate": 0.0196, "both_hits": 0, "both_rate": 0.0, "neither_hits": 93, "neither_rate": 0.9118, "avg_up_swing_pct": 0.026107, "avg_down_swing_pct": 0.015559, "max_up_swing_pct": 0.256498, "max_down_swing_pct": 0.112305, "avg_up_swing": 8.6855, "avg_down_swing": 5.7016, "max_up_swing": 56.05, "max_down_swing": 54.035}, "3:51 PM": {"sessions": 102, "up_hits": 7, "up_rate": 0.0686, "down_hits": 3, "down_rate": 0.0294, "both_hits": 0, "both_rate": 0.0, "neither_hits": 92, "neither_rate": 0.902, "avg_up_swing_pct": 0.026242, "avg_down_swing_pct": 0.015421, "max_up_swing_pct": 0.251801, "max_down_swing_pct": 0.112443, "avg_up_swing": 8.7307, "avg_down_swing": 5.6563, "max_up_swing": 55.23, "max_down_swing": 54.11}, "3:52 PM": {"sessions": 102, "up_hits": 7, "up_rate": 0.0686, "down_hits": 4, "down_rate": 0.0392, "both_hits": 0, "both_rate": 0.0, "neither_hits": 91, "neither_rate": 0.8922, "avg_up_swing_pct": 0.026231, "avg_down_swing_pct": 0.015423, "max_up_swing_pct": 0.24762, "max_down_swing_pct": 0.113861, "avg_up_swing": 8.7241, "avg_down_swing": 5.663, "max_up_swing": 54.495, "max_down_swing": 54.88}, "3:53 PM": {"sessions": 102, "up_hits": 6, "up_rate": 0.0588, "down_hits": 5, "down_rate": 0.049, "both_hits": 0, "both_rate": 0.0, "neither_hits": 91, "neither_rate": 0.8922, "avg_up_swing_pct": 0.02597, "avg_down_swing_pct": 0.015665, "max_up_swing_pct": 0.2442, "max_down_swing_pct": 0.114008, "avg_up_swing": 8.6463, "avg_down_swing": 5.7408, "max_up_swing": 53.89, "max_down_swing": 54.96}, "3:54 PM": {"sessions": 102, "up_hits": 7, "up_rate": 0.0686, "down_hits": 5, "down_rate": 0.049, "both_hits": 0, "both_rate": 0.0, "neither_hits": 90, "neither_rate": 0.8824, "avg_up_swing_pct": 0.025601, "avg_down_swing_pct": 0.01601, "max_up_swing_pct": 0.235855, "max_down_swing_pct": 0.113806, "avg_up_swing": 8.5375, "avg_down_swing": 5.8496, "max_up_swing": 52.4, "max_down_swing": 54.85}, "3:55 PM": {"sessions": 102, "up_hits": 7, "up_rate": 0.0686, "down_hits": 4, "down_rate": 0.0392, "both_hits": 0, "both_rate": 0.0, "neither_hits": 91, "neither_rate": 0.8922, "avg_up_swing_pct": 0.026013, "avg_down_swing_pct": 0.015629, "max_up_swing_pct": 0.241864, "max_down_swing_pct": 0.111095, "avg_up_swing": 8.6633, "avg_down_swing": 5.7238, "max_up_swing": 53.475, "max_down_swing": 53.38}, "3:50\u201355 avg": {"sessions": 102, "up_hits": 7, "up_rate": 0.0686, "down_hits": 4, "down_rate": 0.0392, "both_hits": 0, "both_rate": 0.0, "neither_hits": 91, "neither_rate": 0.8922, "avg_up_swing_pct": 0.026025, "avg_down_swing_pct": 0.01562, "max_up_swing_pct": 0.24627, "max_down_swing_pct": 0.112921, "avg_up_swing": 8.6646, "avg_down_swing": 5.7225, "max_up_swing": 54.2567, "max_down_swing": 54.3692}}}, "0.1000": {"pct": 0.1, "references": {"3:50 PM": {"sessions": 102, "up_hits": 2, "up_rate": 0.0196, "down_hits": 1, "down_rate": 0.0098, "both_hits": 0, "both_rate": 0.0, "neither_hits": 99, "neither_rate": 0.9706, "avg_up_swing_pct": 0.026107, "avg_down_swing_pct": 0.015559, "max_up_swing_pct": 0.256498, "max_down_swing_pct": 0.112305, "avg_up_swing": 8.6855, "avg_down_swing": 5.7016, "max_up_swing": 56.05, "max_down_swing": 54.035}, "3:51 PM": {"sessions": 102, "up_hits": 2, "up_rate": 0.0196, "down_hits": 1, "down_rate": 0.0098, "both_hits": 0, "both_rate": 0.0, "neither_hits": 99, "neither_rate": 0.9706, "avg_up_swing_pct": 0.026242, "avg_down_swing_pct": 0.015421, "max_up_swing_pct": 0.251801, "max_down_swing_pct": 0.112443, "avg_up_swing": 8.7307, "avg_down_swing": 5.6563, "max_up_swing": 55.23, "max_down_swing": 54.11}, "3:52 PM": {"sessions": 102, "up_hits": 2, "up_rate": 0.0196, "down_hits": 1, "down_rate": 0.0098, "both_hits": 0, "both_rate": 0.0, "neither_hits": 99, "neither_rate": 0.9706, "avg_up_swing_pct": 0.026231, "avg_down_swing_pct": 0.015423, "max_up_swing_pct": 0.24762, "max_down_swing_pct": 0.113861, "avg_up_swing": 8.7241, "avg_down_swing": 5.663, "max_up_swing": 54.495, "max_down_swing": 54.88}, "3:53 PM": {"sessions": 102, "up_hits": 2, "up_rate": 0.0196, "down_hits": 1, "down_rate": 0.0098, "both_hits": 0, "both_rate": 0.0, "neither_hits": 99, "neither_rate": 0.9706, "avg_up_swing_pct": 0.02597, "avg_down_swing_pct": 0.015665, "max_up_swing_pct": 0.2442, "max_down_swing_pct": 0.114008, "avg_up_swing": 8.6463, "avg_down_swing": 5.7408, "max_up_swing": 53.89, "max_down_swing": 54.96}, "3:54 PM": {"sessions": 102, "up_hits": 2, "up_rate": 0.0196, "down_hits": 1, "down_rate": 0.0098, "both_hits": 0, "both_rate": 0.0, "neither_hits": 99, "neither_rate": 0.9706, "avg_up_swing_pct": 0.025601, "avg_down_swing_pct": 0.01601, "max_up_swing_pct": 0.235855, "max_down_swing_pct": 0.113806, "avg_up_swing": 8.5375, "avg_down_swing": 5.8496, "max_up_swing": 52.4, "max_down_swing": 54.85}, "3:55 PM": {"sessions": 102, "up_hits": 2, "up_rate": 0.0196, "down_hits": 1, "down_rate": 0.0098, "both_hits": 0, "both_rate": 0.0, "neither_hits": 99, "neither_rate": 0.9706, "avg_up_swing_pct": 0.026013, "avg_down_swing_pct": 0.015629, "max_up_swing_pct": 0.241864, "max_down_swing_pct": 0.111095, "avg_up_swing": 8.6633, "avg_down_swing": 5.7238, "max_up_swing": 53.475, "max_down_swing": 53.38}, "3:50\u201355 avg": {"sessions": 102, "up_hits": 2, "up_rate": 0.0196, "down_hits": 1, "down_rate": 0.0098, "both_hits": 0, "both_rate": 0.0, "neither_hits": 99, "neither_rate": 0.9706, "avg_up_swing_pct": 0.026025, "avg_down_swing_pct": 0.01562, "max_up_swing_pct": 0.24627, "max_down_swing_pct": 0.112921, "avg_up_swing": 8.6646, "avg_down_swing": 5.7225, "max_up_swing": 54.2567, "max_down_swing": 54.3692}}}, "0.1500": {"pct": 0.15, "references": {"3:50 PM": {"sessions": 102, "up_hits": 2, "up_rate": 0.0196, "down_hits": 0, "down_rate": 0.0, "both_hits": 0, "both_rate": 0.0, "neither_hits": 100, "neither_rate": 0.9804, "avg_up_swing_pct": 0.026107, "avg_down_swing_pct": 0.015559, "max_up_swing_pct": 0.256498, "max_down_swing_pct": 0.112305, "avg_up_swing": 8.6855, "avg_down_swing": 5.7016, "max_up_swing": 56.05, "max_down_swing": 54.035}, "3:51 PM": {"sessions": 102, "up_hits": 2, "up_rate": 0.0196, "down_hits": 0, "down_rate": 0.0, "both_hits": 0, "both_rate": 0.0, "neither_hits": 100, "neither_rate": 0.9804, "avg_up_swing_pct": 0.026242, "avg_down_swing_pct": 0.015421, "max_up_swing_pct": 0.251801, "max_down_swing_pct": 0.112443, "avg_up_swing": 8.7307, "avg_down_swing": 5.6563, "max_up_swing": 55.23, "max_down_swing": 54.11}, "3:52 PM": {"sessions": 102, "up_hits": 2, "up_rate": 0.0196, "down_hits": 0, "down_rate": 0.0, "both_hits": 0, "both_rate": 0.0, "neither_hits": 100, "neither_rate": 0.9804, "avg_up_swing_pct": 0.026231, "avg_down_swing_pct": 0.015423, "max_up_swing_pct": 0.24762, "max_down_swing_pct": 0.113861, "avg_up_swing": 8.7241, "avg_down_swing": 5.663, "max_up_swing": 54.495, "max_down_swing": 54.88}, "3:53 PM": {"sessions": 102, "up_hits": 1, "up_rate": 0.0098, "down_hits": 0, "down_rate": 0.0, "both_hits": 0, "both_rate": 0.0, "neither_hits": 101, "neither_rate": 0.9902, "avg_up_swing_pct": 0.02597, "avg_down_swing_pct": 0.015665, "max_up_swing_pct": 0.2442, "max_down_swing_pct": 0.114008, "avg_up_swing": 8.6463, "avg_down_swing": 5.7408, "max_up_swing": 53.89, "max_down_swing": 54.96}, "3:54 PM": {"sessions": 102, "up_hits": 2, "up_rate": 0.0196, "down_hits": 0, "down_rate": 0.0, "both_hits": 0, "both_rate": 0.0, "neither_hits": 100, "neither_rate": 0.9804, "avg_up_swing_pct": 0.025601, "avg_down_swing_pct": 0.01601, "max_up_swing_pct": 0.235855, "max_down_swing_pct": 0.113806, "avg_up_swing": 8.5375, "avg_down_swing": 5.8496, "max_up_swing": 52.4, "max_down_swing": 54.85}, "3:55 PM": {"sessions": 102, "up_hits": 2, "up_rate": 0.0196, "down_hits": 0, "down_rate": 0.0, "both_hits": 0, "both_rate": 0.0, "neither_hits": 100, "neither_rate": 0.9804, "avg_up_swing_pct": 0.026013, "avg_down_swing_pct": 0.015629, "max_up_swing_pct": 0.241864, "max_down_swing_pct": 0.111095, "avg_up_swing": 8.6633, "avg_down_swing": 5.7238, "max_up_swing": 53.475, "max_down_swing": 53.38}, "3:50\u201355 avg": {"sessions": 102, "up_hits": 2, "up_rate": 0.0196, "down_hits": 0, "down_rate": 0.0, "both_hits": 0, "both_rate": 0.0, "neither_hits": 100, "neither_rate": 0.9804, "avg_up_swing_pct": 0.026025, "avg_down_swing_pct": 0.01562, "max_up_swing_pct": 0.24627, "max_down_swing_pct": 0.112921, "avg_up_swing": 8.6646, "avg_down_swing": 5.7225, "max_up_swing": 54.2567, "max_down_swing": 54.3692}}}}, "swings": {"3:50 PM": {"avg_up_swing_pct": 0.026107, "avg_down_swing_pct": 0.015559, "max_up_swing_pct": 0.256498, "max_down_swing_pct": 0.112305, "avg_up_swing": 8.6855, "avg_down_swing": 5.7016, "max_up_swing": 56.05, "max_down_swing": 54.035}, "3:51 PM": {"avg_up_swing_pct": 0.026242, "avg_down_swing_pct": 0.015421, "max_up_swing_pct": 0.251801, "max_down_swing_pct": 0.112443, "avg_up_swing": 8.7307, "avg_down_swing": 5.6563, "max_up_swing": 55.23, "max_down_swing": 54.11}, "3:52 PM": {"avg_up_swing_pct": 0.026231, "avg_down_swing_pct": 0.015423, "max_up_swing_pct": 0.24762, "max_down_swing_pct": 0.113861, "avg_up_swing": 8.7241, "avg_down_swing": 5.663, "max_up_swing": 54.495, "max_down_swing": 54.88}, "3:53 PM": {"avg_up_swing_pct": 0.02597, "avg_down_swing_pct": 0.015665, "max_up_swing_pct": 0.2442, "max_down_swing_pct": 0.114008, "avg_up_swing": 8.6463, "avg_down_swing": 5.7408, "max_up_swing": 53.89, "max_down_swing": 54.96}, "3:54 PM": {"avg_up_swing_pct": 0.025601, "avg_down_swing_pct": 0.01601, "max_up_swing_pct": 0.235855, "max_down_swing_pct": 0.113806, "avg_up_swing": 8.5375, "avg_down_swing": 5.8496, "max_up_swing": 52.4, "max_down_swing": 54.85}, "3:55 PM": {"avg_up_swing_pct": 0.026013, "avg_down_swing_pct": 0.015629, "max_up_swing_pct": 0.241864, "max_down_swing_pct": 0.111095, "avg_up_swing": 8.6633, "avg_down_swing": 5.7238, "max_up_swing": 53.475, "max_down_swing": 53.38}, "3:50\u201355 avg": {"avg_up_swing_pct": 0.026025, "avg_down_swing_pct": 0.01562, "max_up_swing_pct": 0.24627, "max_down_swing_pct": 0.112921, "avg_up_swing": 8.6646, "avg_down_swing": 5.7225, "max_up_swing": 54.2567, "max_down_swing": 54.3692}}}, "Thursday": {"n_sessions": 98, "n_skipped": 6, "n_baseline_substituted": 2, "recommended_reference": "3:53 PM", "recommended_reference_deviation": 0.2478, "steadiness": {"3:50 PM": 0.4774, "3:51 PM": 0.3325, "3:52 PM": 0.2748, "3:53 PM": 0.2478, "3:54 PM": 0.377, "3:55 PM": 0.6221}, "thresholds_pct": {"0.0050": {"pct": 0.005, "references": {"3:50 PM": {"sessions": 98, "up_hits": 67, "up_rate": 0.6837, "down_hits": 79, "down_rate": 0.8061, "both_hits": 48, "both_rate": 0.4898, "neither_hits": 0, "neither_rate": 0.0, "avg_up_swing_pct": 0.016266, "avg_down_swing_pct": 0.026222, "max_up_swing_pct": 0.220783, "max_down_swing_pct": 0.18183, "avg_up_swing": 5.2326, "avg_down_swing": 9.7351, "max_up_swing": 47.4, "max_down_swing": 60.745}, "3:51 PM": {"sessions": 98, "up_hits": 67, "up_rate": 0.6837, "down_hits": 78, "down_rate": 0.7959, "both_hits": 47, "both_rate": 0.4796, "neither_hits": 0, "neither_rate": 0.0, "avg_up_swing_pct": 0.016299, "avg_down_swing_pct": 0.02619, "max_up_swing_pct": 0.223119, "max_down_swing_pct": 0.180764, "avg_up_swing": 5.2587, "avg_down_swing": 9.709, "max_up_swing": 47.81, "max_down_swing": 60.31}, "3:52 PM": {"sessions": 98, "up_hits": 65, "up_rate": 0.6633, "down_hits": 78, "down_rate": 0.7959, "both_hits": 45, "both_rate": 0.4592, "neither_hits": 0, "neither_rate": 0.0, "avg_up_swing_pct": 0.016261, "avg_down_swing_pct": 0.026226, "max_up_swing_pct": 0.222492, "max_down_swing_pct": 0.179165, "avg_up_swing": 5.2449, "avg_down_swing": 9.7228, "max_up_swing": 47.7, "max_down_swing": 59.66}, "3:53 PM": {"sessions": 98, "up_hits": 64, "up_rate": 0.6531, "down_hits": 77, "down_rate": 0.7857, "both_hits": 43, "both_rate": 0.4388, "neither_hits": 0, "neither_rate": 0.0, "avg_up_swing_pct": 0.016141, "avg_down_swing_pct": 0.026343, "max_up_swing_pct": 0.222834, "max_down_swing_pct": 0.179731, "avg_up_swing": 5.2238, "avg_down_swing": 9.7439, "max_up_swing": 47.76, "max_down_swing": 59.89}, "3:54 PM": {"sessions": 98, "up_hits": 64, "up_rate": 0.6531, "down_hits": 78, "down_rate": 0.7959, "both_hits": 44, "both_rate": 0.449, "neither_hits": 0, "neither_rate": 0.0, "avg_up_swing_pct": 0.015916, "avg_down_swing_pct": 0.026556, "max_up_swing_pct": 0.224119, "max_down_swing_pct": 0.178449, "avg_up_swing": 5.1473, "avg_down_swing": 9.8204, "max_up_swing": 47.985, "max_down_swing": 59.37}, "3:55 PM": {"sessions": 98, "up_hits": 65, "up_rate": 0.6633, "down_hits": 79, "down_rate": 0.8061, "both_hits": 46, "both_rate": 0.4694, "neither_hits": 0, "neither_rate": 0.0, "avg_up_swing_pct": 0.016231, "avg_down_swing_pct": 0.026255, "max_up_swing_pct": 0.223519, "max_down_swing_pct": 0.179411, "avg_up_swing": 5.2576, "avg_down_swing": 9.7102, "max_up_swing": 47.88, "max_down_swing": 59.76}, "3:50\u201355 avg": {"sessions": 98, "up_hits": 64, "up_rate": 0.6531, "down_hits": 77, "down_rate": 0.7857, "both_hits": 43, "both_rate": 0.4388, "neither_hits": 0, "neither_rate": 0.0, "avg_up_swing_pct": 0.016183, "avg_down_swing_pct": 0.026301, "max_up_swing_pct": 0.22281, "max_down_swing_pct": 0.179893, "avg_up_swing": 5.2275, "avg_down_swing": 9.7402, "max_up_swing": 47.7558, "max_down_swing": 59.9558}}}, "0.0075": {"pct": 0.0075, "references": {"3:50 PM": {"sessions": 98, "up_hits": 60, "up_rate": 0.6122, "down_hits": 74, "down_rate": 0.7551, "both_hits": 36, "both_rate": 0.3673, "neither_hits": 0, "neither_rate": 0.0, "avg_up_swing_pct": 0.016266, "avg_down_swing_pct": 0.026222, "max_up_swing_pct": 0.220783, "max_down_swing_pct": 0.18183, "avg_up_swing": 5.2326, "avg_down_swing": 9.7351, "max_up_swing": 47.4, "max_down_swing": 60.745}, "3:51 PM": {"sessions": 98, "up_hits": 60, "up_rate": 0.6122, "down_hits": 74, "down_rate": 0.7551, "both_hits": 36, "both_rate": 0.3673, "neither_hits": 0, "neither_rate": 0.0, "avg_up_swing_pct": 0.016299, "avg_down_swing_pct": 0.02619, "max_up_swing_pct": 0.223119, "max_down_swing_pct": 0.180764, "avg_up_swing": 5.2587, "avg_down_swing": 9.709, "max_up_swing": 47.81, "max_down_swing": 60.31}, "3:52 PM": {"sessions": 98, "up_hits": 59, "up_rate": 0.602, "down_hits": 75, "down_rate": 0.7653, "both_hits": 36, "both_rate": 0.3673, "neither_hits": 0, "neither_rate": 0.0, "avg_up_swing_pct": 0.016261, "avg_down_swing_pct": 0.026226, "max_up_swing_pct": 0.222492, "max_down_swing_pct": 0.179165, "avg_up_swing": 5.2449, "avg_down_swing": 9.7228, "max_up_swing": 47.7, "max_down_swing": 59.66}, "3:53 PM": {"sessions": 98, "up_hits": 60, "up_rate": 0.6122, "down_hits": 74, "down_rate": 0.7551, "both_hits": 36, "both_rate": 0.3673, "neither_hits": 0, "neither_rate": 0.0, "avg_up_swing_pct": 0.016141, "avg_down_swing_pct": 0.026343, "max_up_swing_pct": 0.222834, "max_down_swing_pct": 0.179731, "avg_up_swing": 5.2238, "avg_down_swing": 9.7439, "max_up_swing": 47.76, "max_down_swing": 59.89}, "3:54 PM": {"sessions": 98, "up_hits": 60, "up_rate": 0.6122, "down_hits": 75, "down_rate": 0.7653, "both_hits": 37, "both_rate": 0.3776, "neither_hits": 0, "neither_rate": 0.0, "avg_up_swing_pct": 0.015916, "avg_down_swing_pct": 0.026556, "max_up_swing_pct": 0.224119, "max_down_swing_pct": 0.178449, "avg_up_swing": 5.1473, "avg_down_swing": 9.8204, "max_up_swing": 47.985, "max_down_swing": 59.37}, "3:55 PM": {"sessions": 98, "up_hits": 61, "up_rate": 0.6224, "down_hits": 77, "down_rate": 0.7857, "both_hits": 40, "both_rate": 0.4082, "neither_hits": 0, "neither_rate": 0.0, "avg_up_swing_pct": 0.016231, "avg_down_swing_pct": 0.026255, "max_up_swing_pct": 0.223519, "max_down_swing_pct": 0.179411, "avg_up_swing": 5.2576, "avg_down_swing": 9.7102, "max_up_swing": 47.88, "max_down_swing": 59.76}, "3:50\u201355 avg": {"sessions": 98, "up_hits": 61, "up_rate": 0.6224, "down_hits": 76, "down_rate": 0.7755, "both_hits": 39, "both_rate": 0.398, "neither_hits": 0, "neither_rate": 0.0, "avg_up_swing_pct": 0.016183, "avg_down_swing_pct": 0.026301, "max_up_swing_pct": 0.22281, "max_down_swing_pct": 0.179893, "avg_up_swing": 5.2275, "avg_down_swing": 9.7402, "max_up_swing": 47.7558, "max_down_swing": 59.9558}}}, "0.0100": {"pct": 0.01, "references": {"3:50 PM": {"sessions": 98, "up_hits": 56, "up_rate": 0.5714, "down_hits": 71, "down_rate": 0.7245, "both_hits": 29, "both_rate": 0.2959, "neither_hits": 0, "neither_rate": 0.0, "avg_up_swing_pct": 0.016266, "avg_down_swing_pct": 0.026222, "max_up_swing_pct": 0.220783, "max_down_swing_pct": 0.18183, "avg_up_swing": 5.2326, "avg_down_swing": 9.7351, "max_up_swing": 47.4, "max_down_swing": 60.745}, "3:51 PM": {"sessions": 98, "up_hits": 54, "up_rate": 0.551, "down_hits": 71, "down_rate": 0.7245, "both_hits": 27, "both_rate": 0.2755, "neither_hits": 0, "neither_rate": 0.0, "avg_up_swing_pct": 0.016299, "avg_down_swing_pct": 0.02619, "max_up_swing_pct": 0.223119, "max_down_swing_pct": 0.180764, "avg_up_swing": 5.2587, "avg_down_swing": 9.709, "max_up_swing": 47.81, "max_down_swing": 60.31}, "3:52 PM": {"sessions": 98, "up_hits": 55, "up_rate": 0.5612, "down_hits": 70, "down_rate": 0.7143, "both_hits": 28, "both_rate": 0.2857, "neither_hits": 1, "neither_rate": 0.0102, "avg_up_swing_pct": 0.016261, "avg_down_swing_pct": 0.026226, "max_up_swing_pct": 0.222492, "max_down_swing_pct": 0.179165, "avg_up_swing": 5.2449, "avg_down_swing": 9.7228, "max_up_swing": 47.7, "max_down_swing": 59.66}, "3:53 PM": {"sessions": 98, "up_hits": 53, "up_rate": 0.5408, "down_hits": 71, "down_rate": 0.7245, "both_hits": 27, "both_rate": 0.2755, "neither_hits": 1, "neither_rate": 0.0102, "avg_up_swing_pct": 0.016141, "avg_down_swing_pct": 0.026343, "max_up_swing_pct": 0.222834, "max_down_swing_pct": 0.179731, "avg_up_swing": 5.2238, "avg_down_swing": 9.7439, "max_up_swing": 47.76, "max_down_swing": 59.89}, "3:54 PM": {"sessions": 98, "up_hits": 54, "up_rate": 0.551, "down_hits": 72, "down_rate": 0.7347, "both_hits": 29, "both_rate": 0.2959, "neither_hits": 1, "neither_rate": 0.0102, "avg_up_swing_pct": 0.015916, "avg_down_swing_pct": 0.026556, "max_up_swing_pct": 0.224119, "max_down_swing_pct": 0.178449, "avg_up_swing": 5.1473, "avg_down_swing": 9.8204, "max_up_swing": 47.985, "max_down_swing": 59.37}, "3:55 PM": {"sessions": 98, "up_hits": 52, "up_rate": 0.5306, "down_hits": 72, "down_rate": 0.7347, "both_hits": 27, "both_rate": 0.2755, "neither_hits": 1, "neither_rate": 0.0102, "avg_up_swing_pct": 0.016231, "avg_down_swing_pct": 0.026255, "max_up_swing_pct": 0.223519, "max_down_swing_pct": 0.179411, "avg_up_swing": 5.2576, "avg_down_swing": 9.7102, "max_up_swing": 47.88, "max_down_swing": 59.76}, "3:50\u201355 avg": {"sessions": 98, "up_hits": 52, "up_rate": 0.5306, "down_hits": 71, "down_rate": 0.7245, "both_hits": 27, "both_rate": 0.2755, "neither_hits": 2, "neither_rate": 0.0204, "avg_up_swing_pct": 0.016183, "avg_down_swing_pct": 0.026301, "max_up_swing_pct": 0.22281, "max_down_swing_pct": 0.179893, "avg_up_swing": 5.2275, "avg_down_swing": 9.7402, "max_up_swing": 47.7558, "max_down_swing": 59.9558}}}, "0.0125": {"pct": 0.0125, "references": {"3:50 PM": {"sessions": 98, "up_hits": 48, "up_rate": 0.4898, "down_hits": 68, "down_rate": 0.6939, "both_hits": 22, "both_rate": 0.2245, "neither_hits": 4, "neither_rate": 0.0408, "avg_up_swing_pct": 0.016266, "avg_down_swing_pct": 0.026222, "max_up_swing_pct": 0.220783, "max_down_swing_pct": 0.18183, "avg_up_swing": 5.2326, "avg_down_swing": 9.7351, "max_up_swing": 47.4, "max_down_swing": 60.745}, "3:51 PM": {"sessions": 98, "up_hits": 50, "up_rate": 0.5102, "down_hits": 66, "down_rate": 0.6735, "both_hits": 21, "both_rate": 0.2143, "neither_hits": 3, "neither_rate": 0.0306, "avg_up_swing_pct": 0.016299, "avg_down_swing_pct": 0.02619, "max_up_swing_pct": 0.223119, "max_down_swing_pct": 0.180764, "avg_up_swing": 5.2587, "avg_down_swing": 9.709, "max_up_swing": 47.81, "max_down_swing": 60.31}, "3:52 PM": {"sessions": 98, "up_hits": 49, "up_rate": 0.5, "down_hits": 66, "down_rate": 0.6735, "both_hits": 20, "both_rate": 0.2041, "neither_hits": 3, "neither_rate": 0.0306, "avg_up_swing_pct": 0.016261, "avg_down_swing_pct": 0.026226, "max_up_swing_pct": 0.222492, "max_down_swing_pct": 0.179165, "avg_up_swing": 5.2449, "avg_down_swing": 9.7228, "max_up_swing": 47.7, "max_down_swing": 59.66}, "3:53 PM": {"sessions": 98, "up_hits": 51, "up_rate": 0.5204, "down_hits": 66, "down_rate": 0.6735, "both_hits": 23, "both_rate": 0.2347, "neither_hits": 4, "neither_rate": 0.0408, "avg_up_swing_pct": 0.016141, "avg_down_swing_pct": 0.026343, "max_up_swing_pct": 0.222834, "max_down_swing_pct": 0.179731, "avg_up_swing": 5.2238, "avg_down_swing": 9.7439, "max_up_swing": 47.76, "max_down_swing": 59.89}, "3:54 PM": {"sessions": 98, "up_hits": 46, "up_rate": 0.4694, "down_hits": 65, "down_rate": 0.6633, "both_hits": 18, "both_rate": 0.1837, "neither_hits": 5, "neither_rate": 0.051, "avg_up_swing_pct": 0.015916, "avg_down_swing_pct": 0.026556, "max_up_swing_pct": 0.224119, "max_down_swing_pct": 0.178449, "avg_up_swing": 5.1473, "avg_down_swing": 9.8204, "max_up_swing": 47.985, "max_down_swing": 59.37}, "3:55 PM": {"sessions": 98, "up_hits": 47, "up_rate": 0.4796, "down_hits": 64, "down_rate": 0.6531, "both_hits": 19, "both_rate": 0.1939, "neither_hits": 6, "neither_rate": 0.0612, "avg_up_swing_pct": 0.016231, "avg_down_swing_pct": 0.026255, "max_up_swing_pct": 0.223519, "max_down_swing_pct": 0.179411, "avg_up_swing": 5.2576, "avg_down_swing": 9.7102, "max_up_swing": 47.88, "max_down_swing": 59.76}, "3:50\u201355 avg": {"sessions": 98, "up_hits": 50, "up_rate": 0.5102, "down_hits": 66, "down_rate": 0.6735, "both_hits": 22, "both_rate": 0.2245, "neither_hits": 4, "neither_rate": 0.0408, "avg_up_swing_pct": 0.016183, "avg_down_swing_pct": 0.026301, "max_up_swing_pct": 0.22281, "max_down_swing_pct": 0.179893, "avg_up_swing": 5.2275, "avg_down_swing": 9.7402, "max_up_swing": 47.7558, "max_down_swing": 59.9558}}}, "0.0150": {"pct": 0.015, "references": {"3:50 PM": {"sessions": 98, "up_hits": 44, "up_rate": 0.449, "down_hits": 61, "down_rate": 0.6224, "both_hits": 12, "both_rate": 0.1224, "neither_hits": 5, "neither_rate": 0.051, "avg_up_swing_pct": 0.016266, "avg_down_swing_pct": 0.026222, "max_up_swing_pct": 0.220783, "max_down_swing_pct": 0.18183, "avg_up_swing": 5.2326, "avg_down_swing": 9.7351, "max_up_swing": 47.4, "max_down_swing": 60.745}, "3:51 PM": {"sessions": 98, "up_hits": 45, "up_rate": 0.4592, "down_hits": 59, "down_rate": 0.602, "both_hits": 13, "both_rate": 0.1327, "neither_hits": 7, "neither_rate": 0.0714, "avg_up_swing_pct": 0.016299, "avg_down_swing_pct": 0.02619, "max_up_swing_pct": 0.223119, "max_down_swing_pct": 0.180764, "avg_up_swing": 5.2587, "avg_down_swing": 9.709, "max_up_swing": 47.81, "max_down_swing": 60.31}, "3:52 PM": {"sessions": 98, "up_hits": 44, "up_rate": 0.449, "down_hits": 58, "down_rate": 0.5918, "both_hits": 11, "both_rate": 0.1122, "neither_hits": 7, "neither_rate": 0.0714, "avg_up_swing_pct": 0.016261, "avg_down_swing_pct": 0.026226, "max_up_swing_pct": 0.222492, "max_down_swing_pct": 0.179165, "avg_up_swing": 5.2449, "avg_down_swing": 9.7228, "max_up_swing": 47.7, "max_down_swing": 59.66}, "3:53 PM": {"sessions": 98, "up_hits": 45, "up_rate": 0.4592, "down_hits": 58, "down_rate": 0.5918, "both_hits": 13, "both_rate": 0.1327, "neither_hits": 8, "neither_rate": 0.0816, "avg_up_swing_pct": 0.016141, "avg_down_swing_pct": 0.026343, "max_up_swing_pct": 0.222834, "max_down_swing_pct": 0.179731, "avg_up_swing": 5.2238, "avg_down_swing": 9.7439, "max_up_swing": 47.76, "max_down_swing": 59.89}, "3:54 PM": {"sessions": 98, "up_hits": 42, "up_rate": 0.4286, "down_hits": 59, "down_rate": 0.602, "both_hits": 11, "both_rate": 0.1122, "neither_hits": 8, "neither_rate": 0.0816, "avg_up_swing_pct": 0.015916, "avg_down_swing_pct": 0.026556, "max_up_swing_pct": 0.224119, "max_down_swing_pct": 0.178449, "avg_up_swing": 5.1473, "avg_down_swing": 9.8204, "max_up_swing": 47.985, "max_down_swing": 59.37}, "3:55 PM": {"sessions": 98, "up_hits": 43, "up_rate": 0.4388, "down_hits": 60, "down_rate": 0.6122, "both_hits": 14, "both_rate": 0.1429, "neither_hits": 9, "neither_rate": 0.0918, "avg_up_swing_pct": 0.016231, "avg_down_swing_pct": 0.026255, "max_up_swing_pct": 0.223519, "max_down_swing_pct": 0.179411, "avg_up_swing": 5.2576, "avg_down_swing": 9.7102, "max_up_swing": 47.88, "max_down_swing": 59.76}, "3:50\u201355 avg": {"sessions": 98, "up_hits": 43, "up_rate": 0.4388, "down_hits": 60, "down_rate": 0.6122, "both_hits": 12, "both_rate": 0.1224, "neither_hits": 7, "neither_rate": 0.0714, "avg_up_swing_pct": 0.016183, "avg_down_swing_pct": 0.026301, "max_up_swing_pct": 0.22281, "max_down_swing_pct": 0.179893, "avg_up_swing": 5.2275, "avg_down_swing": 9.7402, "max_up_swing": 47.7558, "max_down_swing": 59.9558}}}, "0.0200": {"pct": 0.02, "references": {"3:50 PM": {"sessions": 98, "up_hits": 33, "up_rate": 0.3367, "down_hits": 50, "down_rate": 0.5102, "both_hits": 6, "both_rate": 0.0612, "neither_hits": 21, "neither_rate": 0.2143, "avg_up_swing_pct": 0.016266, "avg_down_swing_pct": 0.026222, "max_up_swing_pct": 0.220783, "max_down_swing_pct": 0.18183, "avg_up_swing": 5.2326, "avg_down_swing": 9.7351, "max_up_swing": 47.4, "max_down_swing": 60.745}, "3:51 PM": {"sessions": 98, "up_hits": 33, "up_rate": 0.3367, "down_hits": 51, "down_rate": 0.5204, "both_hits": 6, "both_rate": 0.0612, "neither_hits": 20, "neither_rate": 0.2041, "avg_up_swing_pct": 0.016299, "avg_down_swing_pct": 0.02619, "max_up_swing_pct": 0.223119, "max_down_swing_pct": 0.180764, "avg_up_swing": 5.2587, "avg_down_swing": 9.709, "max_up_swing": 47.81, "max_down_swing": 60.31}, "3:52 PM": {"sessions": 98, "up_hits": 32, "up_rate": 0.3265, "down_hits": 50, "down_rate": 0.5102, "both_hits": 6, "both_rate": 0.0612, "neither_hits": 22, "neither_rate": 0.2245, "avg_up_swing_pct": 0.016261, "avg_down_swing_pct": 0.026226, "max_up_swing_pct": 0.222492, "max_down_swing_pct": 0.179165, "avg_up_swing": 5.2449, "avg_down_swing": 9.7228, "max_up_swing": 47.7, "max_down_swing": 59.66}, "3:53 PM": {"sessions": 98, "up_hits": 32, "up_rate": 0.3265, "down_hits": 50, "down_rate": 0.5102, "both_hits": 5, "both_rate": 0.051, "neither_hits": 21, "neither_rate": 0.2143, "avg_up_swing_pct": 0.016141, "avg_down_swing_pct": 0.026343, "max_up_swing_pct": 0.222834, "max_down_swing_pct": 0.179731, "avg_up_swing": 5.2238, "avg_down_swing": 9.7439, "max_up_swing": 47.76, "max_down_swing": 59.89}, "3:54 PM": {"sessions": 98, "up_hits": 31, "up_rate": 0.3163, "down_hits": 50, "down_rate": 0.5102, "both_hits": 5, "both_rate": 0.051, "neither_hits": 22, "neither_rate": 0.2245, "avg_up_swing_pct": 0.015916, "avg_down_swing_pct": 0.026556, "max_up_swing_pct": 0.224119, "max_down_swing_pct": 0.178449, "avg_up_swing": 5.1473, "avg_down_swing": 9.8204, "max_up_swing": 47.985, "max_down_swing": 59.37}, "3:55 PM": {"sessions": 98, "up_hits": 30, "up_rate": 0.3061, "down_hits": 52, "down_rate": 0.5306, "both_hits": 4, "both_rate": 0.0408, "neither_hits": 20, "neither_rate": 0.2041, "avg_up_swing_pct": 0.016231, "avg_down_swing_pct": 0.026255, "max_up_swing_pct": 0.223519, "max_down_swing_pct": 0.179411, "avg_up_swing": 5.2576, "avg_down_swing": 9.7102, "max_up_swing": 47.88, "max_down_swing": 59.76}, "3:50\u201355 avg": {"sessions": 98, "up_hits": 30, "up_rate": 0.3061, "down_hits": 51, "down_rate": 0.5204, "both_hits": 4, "both_rate": 0.0408, "neither_hits": 21, "neither_rate": 0.2143, "avg_up_swing_pct": 0.016183, "avg_down_swing_pct": 0.026301, "max_up_swing_pct": 0.22281, "max_down_swing_pct": 0.179893, "avg_up_swing": 5.2275, "avg_down_swing": 9.7402, "max_up_swing": 47.7558, "max_down_swing": 59.9558}}}, "0.0250": {"pct": 0.025, "references": {"3:50 PM": {"sessions": 98, "up_hits": 28, "up_rate": 0.2857, "down_hits": 43, "down_rate": 0.4388, "both_hits": 2, "both_rate": 0.0204, "neither_hits": 29, "neither_rate": 0.2959, "avg_up_swing_pct": 0.016266, "avg_down_swing_pct": 0.026222, "max_up_swing_pct": 0.220783, "max_down_swing_pct": 0.18183, "avg_up_swing": 5.2326, "avg_down_swing": 9.7351, "max_up_swing": 47.4, "max_down_swing": 60.745}, "3:51 PM": {"sessions": 98, "up_hits": 28, "up_rate": 0.2857, "down_hits": 45, "down_rate": 0.4592, "both_hits": 2, "both_rate": 0.0204, "neither_hits": 27, "neither_rate": 0.2755, "avg_up_swing_pct": 0.016299, "avg_down_swing_pct": 0.02619, "max_up_swing_pct": 0.223119, "max_down_swing_pct": 0.180764, "avg_up_swing": 5.2587, "avg_down_swing": 9.709, "max_up_swing": 47.81, "max_down_swing": 60.31}, "3:52 PM": {"sessions": 98, "up_hits": 27, "up_rate": 0.2755, "down_hits": 44, "down_rate": 0.449, "both_hits": 1, "both_rate": 0.0102, "neither_hits": 28, "neither_rate": 0.2857, "avg_up_swing_pct": 0.016261, "avg_down_swing_pct": 0.026226, "max_up_swing_pct": 0.222492, "max_down_swing_pct": 0.179165, "avg_up_swing": 5.2449, "avg_down_swing": 9.7228, "max_up_swing": 47.7, "max_down_swing": 59.66}, "3:53 PM": {"sessions": 98, "up_hits": 28, "up_rate": 0.2857, "down_hits": 44, "down_rate": 0.449, "both_hits": 2, "both_rate": 0.0204, "neither_hits": 28, "neither_rate": 0.2857, "avg_up_swing_pct": 0.016141, "avg_down_swing_pct": 0.026343, "max_up_swing_pct": 0.222834, "max_down_swing_pct": 0.179731, "avg_up_swing": 5.2238, "avg_down_swing": 9.7439, "max_up_swing": 47.76, "max_down_swing": 59.89}, "3:54 PM": {"sessions": 98, "up_hits": 28, "up_rate": 0.2857, "down_hits": 44, "down_rate": 0.449, "both_hits": 1, "both_rate": 0.0102, "neither_hits": 27, "neither_rate": 0.2755, "avg_up_swing_pct": 0.015916, "avg_down_swing_pct": 0.026556, "max_up_swing_pct": 0.224119, "max_down_swing_pct": 0.178449, "avg_up_swing": 5.1473, "avg_down_swing": 9.8204, "max_up_swing": 47.985, "max_down_swing": 59.37}, "3:55 PM": {"sessions": 98, "up_hits": 27, "up_rate": 0.2755, "down_hits": 44, "down_rate": 0.449, "both_hits": 1, "both_rate": 0.0102, "neither_hits": 28, "neither_rate": 0.2857, "avg_up_swing_pct": 0.016231, "avg_down_swing_pct": 0.026255, "max_up_swing_pct": 0.223519, "max_down_swing_pct": 0.179411, "avg_up_swing": 5.2576, "avg_down_swing": 9.7102, "max_up_swing": 47.88, "max_down_swing": 59.76}, "3:50\u201355 avg": {"sessions": 98, "up_hits": 28, "up_rate": 0.2857, "down_hits": 45, "down_rate": 0.4592, "both_hits": 2, "both_rate": 0.0204, "neither_hits": 27, "neither_rate": 0.2755, "avg_up_swing_pct": 0.016183, "avg_down_swing_pct": 0.026301, "max_up_swing_pct": 0.22281, "max_down_swing_pct": 0.179893, "avg_up_swing": 5.2275, "avg_down_swing": 9.7402, "max_up_swing": 47.7558, "max_down_swing": 59.9558}}}, "0.0300": {"pct": 0.03, "references": {"3:50 PM": {"sessions": 98, "up_hits": 25, "up_rate": 0.2551, "down_hits": 38, "down_rate": 0.3878, "both_hits": 1, "both_rate": 0.0102, "neither_hits": 36, "neither_rate": 0.3673, "avg_up_swing_pct": 0.016266, "avg_down_swing_pct": 0.026222, "max_up_swing_pct": 0.220783, "max_down_swing_pct": 0.18183, "avg_up_swing": 5.2326, "avg_down_swing": 9.7351, "max_up_swing": 47.4, "max_down_swing": 60.745}, "3:51 PM": {"sessions": 98, "up_hits": 24, "up_rate": 0.2449, "down_hits": 38, "down_rate": 0.3878, "both_hits": 0, "both_rate": 0.0, "neither_hits": 36, "neither_rate": 0.3673, "avg_up_swing_pct": 0.016299, "avg_down_swing_pct": 0.02619, "max_up_swing_pct": 0.223119, "max_down_swing_pct": 0.180764, "avg_up_swing": 5.2587, "avg_down_swing": 9.709, "max_up_swing": 47.81, "max_down_swing": 60.31}, "3:52 PM": {"sessions": 98, "up_hits": 23, "up_rate": 0.2347, "down_hits": 37, "down_rate": 0.3776, "both_hits": 0, "both_rate": 0.0, "neither_hits": 38, "neither_rate": 0.3878, "avg_up_swing_pct": 0.016261, "avg_down_swing_pct": 0.026226, "max_up_swing_pct": 0.222492, "max_down_swing_pct": 0.179165, "avg_up_swing": 5.2449, "avg_down_swing": 9.7228, "max_up_swing": 47.7, "max_down_swing": 59.66}, "3:53 PM": {"sessions": 98, "up_hits": 24, "up_rate": 0.2449, "down_hits": 37, "down_rate": 0.3776, "both_hits": 0, "both_rate": 0.0, "neither_hits": 37, "neither_rate": 0.3776, "avg_up_swing_pct": 0.016141, "avg_down_swing_pct": 0.026343, "max_up_swing_pct": 0.222834, "max_down_swing_pct": 0.179731, "avg_up_swing": 5.2238, "avg_down_swing": 9.7439, "max_up_swing": 47.76, "max_down_swing": 59.89}, "3:54 PM": {"sessions": 98, "up_hits": 24, "up_rate": 0.2449, "down_hits": 39, "down_rate": 0.398, "both_hits": 0, "both_rate": 0.0, "neither_hits": 35, "neither_rate": 0.3571, "avg_up_swing_pct": 0.015916, "avg_down_swing_pct": 0.026556, "max_up_swing_pct": 0.224119, "max_down_swing_pct": 0.178449, "avg_up_swing": 5.1473, "avg_down_swing": 9.8204, "max_up_swing": 47.985, "max_down_swing": 59.37}, "3:55 PM": {"sessions": 98, "up_hits": 24, "up_rate": 0.2449, "down_hits": 37, "down_rate": 0.3776, "both_hits": 0, "both_rate": 0.0, "neither_hits": 37, "neither_rate": 0.3776, "avg_up_swing_pct": 0.016231, "avg_down_swing_pct": 0.026255, "max_up_swing_pct": 0.223519, "max_down_swing_pct": 0.179411, "avg_up_swing": 5.2576, "avg_down_swing": 9.7102, "max_up_swing": 47.88, "max_down_swing": 59.76}, "3:50\u201355 avg": {"sessions": 98, "up_hits": 23, "up_rate": 0.2347, "down_hits": 38, "down_rate": 0.3878, "both_hits": 0, "both_rate": 0.0, "neither_hits": 37, "neither_rate": 0.3776, "avg_up_swing_pct": 0.016183, "avg_down_swing_pct": 0.026301, "max_up_swing_pct": 0.22281, "max_down_swing_pct": 0.179893, "avg_up_swing": 5.2275, "avg_down_swing": 9.7402, "max_up_swing": 47.7558, "max_down_swing": 59.9558}}}, "0.0350": {"pct": 0.035, "references": {"3:50 PM": {"sessions": 98, "up_hits": 20, "up_rate": 0.2041, "down_hits": 30, "down_rate": 0.3061, "both_hits": 0, "both_rate": 0.0, "neither_hits": 48, "neither_rate": 0.4898, "avg_up_swing_pct": 0.016266, "avg_down_swing_pct": 0.026222, "max_up_swing_pct": 0.220783, "max_down_swing_pct": 0.18183, "avg_up_swing": 5.2326, "avg_down_swing": 9.7351, "max_up_swing": 47.4, "max_down_swing": 60.745}, "3:51 PM": {"sessions": 98, "up_hits": 20, "up_rate": 0.2041, "down_hits": 31, "down_rate": 0.3163, "both_hits": 0, "both_rate": 0.0, "neither_hits": 47, "neither_rate": 0.4796, "avg_up_swing_pct": 0.016299, "avg_down_swing_pct": 0.02619, "max_up_swing_pct": 0.223119, "max_down_swing_pct": 0.180764, "avg_up_swing": 5.2587, "avg_down_swing": 9.709, "max_up_swing": 47.81, "max_down_swing": 60.31}, "3:52 PM": {"sessions": 98, "up_hits": 21, "up_rate": 0.2143, "down_hits": 32, "down_rate": 0.3265, "both_hits": 0, "both_rate": 0.0, "neither_hits": 45, "neither_rate": 0.4592, "avg_up_swing_pct": 0.016261, "avg_down_swing_pct": 0.026226, "max_up_swing_pct": 0.222492, "max_down_swing_pct": 0.179165, "avg_up_swing": 5.2449, "avg_down_swing": 9.7228, "max_up_swing": 47.7, "max_down_swing": 59.66}, "3:53 PM": {"sessions": 98, "up_hits": 21, "up_rate": 0.2143, "down_hits": 32, "down_rate": 0.3265, "both_hits": 0, "both_rate": 0.0, "neither_hits": 45, "neither_rate": 0.4592, "avg_up_swing_pct": 0.016141, "avg_down_swing_pct": 0.026343, "max_up_swing_pct": 0.222834, "max_down_swing_pct": 0.179731, "avg_up_swing": 5.2238, "avg_down_swing": 9.7439, "max_up_swing": 47.76, "max_down_swing": 59.89}, "3:54 PM": {"sessions": 98, "up_hits": 21, "up_rate": 0.2143, "down_hits": 32, "down_rate": 0.3265, "both_hits": 0, "both_rate": 0.0, "neither_hits": 45, "neither_rate": 0.4592, "avg_up_swing_pct": 0.015916, "avg_down_swing_pct": 0.026556, "max_up_swing_pct": 0.224119, "max_down_swing_pct": 0.178449, "avg_up_swing": 5.1473, "avg_down_swing": 9.8204, "max_up_swing": 47.985, "max_down_swing": 59.37}, "3:55 PM": {"sessions": 98, "up_hits": 21, "up_rate": 0.2143, "down_hits": 32, "down_rate": 0.3265, "both_hits": 0, "both_rate": 0.0, "neither_hits": 45, "neither_rate": 0.4592, "avg_up_swing_pct": 0.016231, "avg_down_swing_pct": 0.026255, "max_up_swing_pct": 0.223519, "max_down_swing_pct": 0.179411, "avg_up_swing": 5.2576, "avg_down_swing": 9.7102, "max_up_swing": 47.88, "max_down_swing": 59.76}, "3:50\u201355 avg": {"sessions": 98, "up_hits": 21, "up_rate": 0.2143, "down_hits": 32, "down_rate": 0.3265, "both_hits": 0, "both_rate": 0.0, "neither_hits": 45, "neither_rate": 0.4592, "avg_up_swing_pct": 0.016183, "avg_down_swing_pct": 0.026301, "max_up_swing_pct": 0.22281, "max_down_swing_pct": 0.179893, "avg_up_swing": 5.2275, "avg_down_swing": 9.7402, "max_up_swing": 47.7558, "max_down_swing": 59.9558}}}, "0.0400": {"pct": 0.04, "references": {"3:50 PM": {"sessions": 98, "up_hits": 18, "up_rate": 0.1837, "down_hits": 24, "down_rate": 0.2449, "both_hits": 0, "both_rate": 0.0, "neither_hits": 56, "neither_rate": 0.5714, "avg_up_swing_pct": 0.016266, "avg_down_swing_pct": 0.026222, "max_up_swing_pct": 0.220783, "max_down_swing_pct": 0.18183, "avg_up_swing": 5.2326, "avg_down_swing": 9.7351, "max_up_swing": 47.4, "max_down_swing": 60.745}, "3:51 PM": {"sessions": 98, "up_hits": 18, "up_rate": 0.1837, "down_hits": 24, "down_rate": 0.2449, "both_hits": 0, "both_rate": 0.0, "neither_hits": 56, "neither_rate": 0.5714, "avg_up_swing_pct": 0.016299, "avg_down_swing_pct": 0.02619, "max_up_swing_pct": 0.223119, "max_down_swing_pct": 0.180764, "avg_up_swing": 5.2587, "avg_down_swing": 9.709, "max_up_swing": 47.81, "max_down_swing": 60.31}, "3:52 PM": {"sessions": 98, "up_hits": 19, "up_rate": 0.1939, "down_hits": 24, "down_rate": 0.2449, "both_hits": 0, "both_rate": 0.0, "neither_hits": 55, "neither_rate": 0.5612, "avg_up_swing_pct": 0.016261, "avg_down_swing_pct": 0.026226, "max_up_swing_pct": 0.222492, "max_down_swing_pct": 0.179165, "avg_up_swing": 5.2449, "avg_down_swing": 9.7228, "max_up_swing": 47.7, "max_down_swing": 59.66}, "3:53 PM": {"sessions": 98, "up_hits": 19, "up_rate": 0.1939, "down_hits": 25, "down_rate": 0.2551, "both_hits": 0, "both_rate": 0.0, "neither_hits": 54, "neither_rate": 0.551, "avg_up_swing_pct": 0.016141, "avg_down_swing_pct": 0.026343, "max_up_swing_pct": 0.222834, "max_down_swing_pct": 0.179731, "avg_up_swing": 5.2238, "avg_down_swing": 9.7439, "max_up_swing": 47.76, "max_down_swing": 59.89}, "3:54 PM": {"sessions": 98, "up_hits": 19, "up_rate": 0.1939, "down_hits": 24, "down_rate": 0.2449, "both_hits": 0, "both_rate": 0.0, "neither_hits": 55, "neither_rate": 0.5612, "avg_up_swing_pct": 0.015916, "avg_down_swing_pct": 0.026556, "max_up_swing_pct": 0.224119, "max_down_swing_pct": 0.178449, "avg_up_swing": 5.1473, "avg_down_swing": 9.8204, "max_up_swing": 47.985, "max_down_swing": 59.37}, "3:55 PM": {"sessions": 98, "up_hits": 19, "up_rate": 0.1939, "down_hits": 24, "down_rate": 0.2449, "both_hits": 0, "both_rate": 0.0, "neither_hits": 55, "neither_rate": 0.5612, "avg_up_swing_pct": 0.016231, "avg_down_swing_pct": 0.026255, "max_up_swing_pct": 0.223519, "max_down_swing_pct": 0.179411, "avg_up_swing": 5.2576, "avg_down_swing": 9.7102, "max_up_swing": 47.88, "max_down_swing": 59.76}, "3:50\u201355 avg": {"sessions": 98, "up_hits": 19, "up_rate": 0.1939, "down_hits": 24, "down_rate": 0.2449, "both_hits": 0, "both_rate": 0.0, "neither_hits": 55, "neither_rate": 0.5612, "avg_up_swing_pct": 0.016183, "avg_down_swing_pct": 0.026301, "max_up_swing_pct": 0.22281, "max_down_swing_pct": 0.179893, "avg_up_swing": 5.2275, "avg_down_swing": 9.7402, "max_up_swing": 47.7558, "max_down_swing": 59.9558}}}, "0.0500": {"pct": 0.05, "references": {"3:50 PM": {"sessions": 98, "up_hits": 11, "up_rate": 0.1122, "down_hits": 17, "down_rate": 0.1735, "both_hits": 0, "both_rate": 0.0, "neither_hits": 70, "neither_rate": 0.7143, "avg_up_swing_pct": 0.016266, "avg_down_swing_pct": 0.026222, "max_up_swing_pct": 0.220783, "max_down_swing_pct": 0.18183, "avg_up_swing": 5.2326, "avg_down_swing": 9.7351, "max_up_swing": 47.4, "max_down_swing": 60.745}, "3:51 PM": {"sessions": 98, "up_hits": 11, "up_rate": 0.1122, "down_hits": 18, "down_rate": 0.1837, "both_hits": 0, "both_rate": 0.0, "neither_hits": 69, "neither_rate": 0.7041, "avg_up_swing_pct": 0.016299, "avg_down_swing_pct": 0.02619, "max_up_swing_pct": 0.223119, "max_down_swing_pct": 0.180764, "avg_up_swing": 5.2587, "avg_down_swing": 9.709, "max_up_swing": 47.81, "max_down_swing": 60.31}, "3:52 PM": {"sessions": 98, "up_hits": 11, "up_rate": 0.1122, "down_hits": 18, "down_rate": 0.1837, "both_hits": 0, "both_rate": 0.0, "neither_hits": 69, "neither_rate": 0.7041, "avg_up_swing_pct": 0.016261, "avg_down_swing_pct": 0.026226, "max_up_swing_pct": 0.222492, "max_down_swing_pct": 0.179165, "avg_up_swing": 5.2449, "avg_down_swing": 9.7228, "max_up_swing": 47.7, "max_down_swing": 59.66}, "3:53 PM": {"sessions": 98, "up_hits": 10, "up_rate": 0.102, "down_hits": 19, "down_rate": 0.1939, "both_hits": 0, "both_rate": 0.0, "neither_hits": 69, "neither_rate": 0.7041, "avg_up_swing_pct": 0.016141, "avg_down_swing_pct": 0.026343, "max_up_swing_pct": 0.222834, "max_down_swing_pct": 0.179731, "avg_up_swing": 5.2238, "avg_down_swing": 9.7439, "max_up_swing": 47.76, "max_down_swing": 59.89}, "3:54 PM": {"sessions": 98, "up_hits": 9, "up_rate": 0.0918, "down_hits": 19, "down_rate": 0.1939, "both_hits": 0, "both_rate": 0.0, "neither_hits": 70, "neither_rate": 0.7143, "avg_up_swing_pct": 0.015916, "avg_down_swing_pct": 0.026556, "max_up_swing_pct": 0.224119, "max_down_swing_pct": 0.178449, "avg_up_swing": 5.1473, "avg_down_swing": 9.8204, "max_up_swing": 47.985, "max_down_swing": 59.37}, "3:55 PM": {"sessions": 98, "up_hits": 9, "up_rate": 0.0918, "down_hits": 18, "down_rate": 0.1837, "both_hits": 0, "both_rate": 0.0, "neither_hits": 71, "neither_rate": 0.7245, "avg_up_swing_pct": 0.016231, "avg_down_swing_pct": 0.026255, "max_up_swing_pct": 0.223519, "max_down_swing_pct": 0.179411, "avg_up_swing": 5.2576, "avg_down_swing": 9.7102, "max_up_swing": 47.88, "max_down_swing": 59.76}, "3:50\u201355 avg": {"sessions": 98, "up_hits": 11, "up_rate": 0.1122, "down_hits": 18, "down_rate": 0.1837, "both_hits": 0, "both_rate": 0.0, "neither_hits": 69, "neither_rate": 0.7041, "avg_up_swing_pct": 0.016183, "avg_down_swing_pct": 0.026301, "max_up_swing_pct": 0.22281, "max_down_swing_pct": 0.179893, "avg_up_swing": 5.2275, "avg_down_swing": 9.7402, "max_up_swing": 47.7558, "max_down_swing": 59.9558}}}, "0.0700": {"pct": 0.07, "references": {"3:50 PM": {"sessions": 98, "up_hits": 3, "up_rate": 0.0306, "down_hits": 8, "down_rate": 0.0816, "both_hits": 0, "both_rate": 0.0, "neither_hits": 87, "neither_rate": 0.8878, "avg_up_swing_pct": 0.016266, "avg_down_swing_pct": 0.026222, "max_up_swing_pct": 0.220783, "max_down_swing_pct": 0.18183, "avg_up_swing": 5.2326, "avg_down_swing": 9.7351, "max_up_swing": 47.4, "max_down_swing": 60.745}, "3:51 PM": {"sessions": 98, "up_hits": 3, "up_rate": 0.0306, "down_hits": 8, "down_rate": 0.0816, "both_hits": 0, "both_rate": 0.0, "neither_hits": 87, "neither_rate": 0.8878, "avg_up_swing_pct": 0.016299, "avg_down_swing_pct": 0.02619, "max_up_swing_pct": 0.223119, "max_down_swing_pct": 0.180764, "avg_up_swing": 5.2587, "avg_down_swing": 9.709, "max_up_swing": 47.81, "max_down_swing": 60.31}, "3:52 PM": {"sessions": 98, "up_hits": 3, "up_rate": 0.0306, "down_hits": 8, "down_rate": 0.0816, "both_hits": 0, "both_rate": 0.0, "neither_hits": 87, "neither_rate": 0.8878, "avg_up_swing_pct": 0.016261, "avg_down_swing_pct": 0.026226, "max_up_swing_pct": 0.222492, "max_down_swing_pct": 0.179165, "avg_up_swing": 5.2449, "avg_down_swing": 9.7228, "max_up_swing": 47.7, "max_down_swing": 59.66}, "3:53 PM": {"sessions": 98, "up_hits": 3, "up_rate": 0.0306, "down_hits": 8, "down_rate": 0.0816, "both_hits": 0, "both_rate": 0.0, "neither_hits": 87, "neither_rate": 0.8878, "avg_up_swing_pct": 0.016141, "avg_down_swing_pct": 0.026343, "max_up_swing_pct": 0.222834, "max_down_swing_pct": 0.179731, "avg_up_swing": 5.2238, "avg_down_swing": 9.7439, "max_up_swing": 47.76, "max_down_swing": 59.89}, "3:54 PM": {"sessions": 98, "up_hits": 4, "up_rate": 0.0408, "down_hits": 8, "down_rate": 0.0816, "both_hits": 0, "both_rate": 0.0, "neither_hits": 86, "neither_rate": 0.8776, "avg_up_swing_pct": 0.015916, "avg_down_swing_pct": 0.026556, "max_up_swing_pct": 0.224119, "max_down_swing_pct": 0.178449, "avg_up_swing": 5.1473, "avg_down_swing": 9.8204, "max_up_swing": 47.985, "max_down_swing": 59.37}, "3:55 PM": {"sessions": 98, "up_hits": 4, "up_rate": 0.0408, "down_hits": 8, "down_rate": 0.0816, "both_hits": 0, "both_rate": 0.0, "neither_hits": 86, "neither_rate": 0.8776, "avg_up_swing_pct": 0.016231, "avg_down_swing_pct": 0.026255, "max_up_swing_pct": 0.223519, "max_down_swing_pct": 0.179411, "avg_up_swing": 5.2576, "avg_down_swing": 9.7102, "max_up_swing": 47.88, "max_down_swing": 59.76}, "3:50\u201355 avg": {"sessions": 98, "up_hits": 3, "up_rate": 0.0306, "down_hits": 8, "down_rate": 0.0816, "both_hits": 0, "both_rate": 0.0, "neither_hits": 87, "neither_rate": 0.8878, "avg_up_swing_pct": 0.016183, "avg_down_swing_pct": 0.026301, "max_up_swing_pct": 0.22281, "max_down_swing_pct": 0.179893, "avg_up_swing": 5.2275, "avg_down_swing": 9.7402, "max_up_swing": 47.7558, "max_down_swing": 59.9558}}}, "0.1000": {"pct": 0.1, "references": {"3:50 PM": {"sessions": 98, "up_hits": 1, "up_rate": 0.0102, "down_hits": 3, "down_rate": 0.0306, "both_hits": 0, "both_rate": 0.0, "neither_hits": 94, "neither_rate": 0.9592, "avg_up_swing_pct": 0.016266, "avg_down_swing_pct": 0.026222, "max_up_swing_pct": 0.220783, "max_down_swing_pct": 0.18183, "avg_up_swing": 5.2326, "avg_down_swing": 9.7351, "max_up_swing": 47.4, "max_down_swing": 60.745}, "3:51 PM": {"sessions": 98, "up_hits": 1, "up_rate": 0.0102, "down_hits": 3, "down_rate": 0.0306, "both_hits": 0, "both_rate": 0.0, "neither_hits": 94, "neither_rate": 0.9592, "avg_up_swing_pct": 0.016299, "avg_down_swing_pct": 0.02619, "max_up_swing_pct": 0.223119, "max_down_swing_pct": 0.180764, "avg_up_swing": 5.2587, "avg_down_swing": 9.709, "max_up_swing": 47.81, "max_down_swing": 60.31}, "3:52 PM": {"sessions": 98, "up_hits": 1, "up_rate": 0.0102, "down_hits": 3, "down_rate": 0.0306, "both_hits": 0, "both_rate": 0.0, "neither_hits": 94, "neither_rate": 0.9592, "avg_up_swing_pct": 0.016261, "avg_down_swing_pct": 0.026226, "max_up_swing_pct": 0.222492, "max_down_swing_pct": 0.179165, "avg_up_swing": 5.2449, "avg_down_swing": 9.7228, "max_up_swing": 47.7, "max_down_swing": 59.66}, "3:53 PM": {"sessions": 98, "up_hits": 1, "up_rate": 0.0102, "down_hits": 3, "down_rate": 0.0306, "both_hits": 0, "both_rate": 0.0, "neither_hits": 94, "neither_rate": 0.9592, "avg_up_swing_pct": 0.016141, "avg_down_swing_pct": 0.026343, "max_up_swing_pct": 0.222834, "max_down_swing_pct": 0.179731, "avg_up_swing": 5.2238, "avg_down_swing": 9.7439, "max_up_swing": 47.76, "max_down_swing": 59.89}, "3:54 PM": {"sessions": 98, "up_hits": 1, "up_rate": 0.0102, "down_hits": 3, "down_rate": 0.0306, "both_hits": 0, "both_rate": 0.0, "neither_hits": 94, "neither_rate": 0.9592, "avg_up_swing_pct": 0.015916, "avg_down_swing_pct": 0.026556, "max_up_swing_pct": 0.224119, "max_down_swing_pct": 0.178449, "avg_up_swing": 5.1473, "avg_down_swing": 9.8204, "max_up_swing": 47.985, "max_down_swing": 59.37}, "3:55 PM": {"sessions": 98, "up_hits": 2, "up_rate": 0.0204, "down_hits": 3, "down_rate": 0.0306, "both_hits": 0, "both_rate": 0.0, "neither_hits": 93, "neither_rate": 0.949, "avg_up_swing_pct": 0.016231, "avg_down_swing_pct": 0.026255, "max_up_swing_pct": 0.223519, "max_down_swing_pct": 0.179411, "avg_up_swing": 5.2576, "avg_down_swing": 9.7102, "max_up_swing": 47.88, "max_down_swing": 59.76}, "3:50\u201355 avg": {"sessions": 98, "up_hits": 1, "up_rate": 0.0102, "down_hits": 3, "down_rate": 0.0306, "both_hits": 0, "both_rate": 0.0, "neither_hits": 94, "neither_rate": 0.9592, "avg_up_swing_pct": 0.016183, "avg_down_swing_pct": 0.026301, "max_up_swing_pct": 0.22281, "max_down_swing_pct": 0.179893, "avg_up_swing": 5.2275, "avg_down_swing": 9.7402, "max_up_swing": 47.7558, "max_down_swing": 59.9558}}}, "0.1500": {"pct": 0.15, "references": {"3:50 PM": {"sessions": 98, "up_hits": 1, "up_rate": 0.0102, "down_hits": 2, "down_rate": 0.0204, "both_hits": 0, "both_rate": 0.0, "neither_hits": 95, "neither_rate": 0.9694, "avg_up_swing_pct": 0.016266, "avg_down_swing_pct": 0.026222, "max_up_swing_pct": 0.220783, "max_down_swing_pct": 0.18183, "avg_up_swing": 5.2326, "avg_down_swing": 9.7351, "max_up_swing": 47.4, "max_down_swing": 60.745}, "3:51 PM": {"sessions": 98, "up_hits": 1, "up_rate": 0.0102, "down_hits": 2, "down_rate": 0.0204, "both_hits": 0, "both_rate": 0.0, "neither_hits": 95, "neither_rate": 0.9694, "avg_up_swing_pct": 0.016299, "avg_down_swing_pct": 0.02619, "max_up_swing_pct": 0.223119, "max_down_swing_pct": 0.180764, "avg_up_swing": 5.2587, "avg_down_swing": 9.709, "max_up_swing": 47.81, "max_down_swing": 60.31}, "3:52 PM": {"sessions": 98, "up_hits": 1, "up_rate": 0.0102, "down_hits": 2, "down_rate": 0.0204, "both_hits": 0, "both_rate": 0.0, "neither_hits": 95, "neither_rate": 0.9694, "avg_up_swing_pct": 0.016261, "avg_down_swing_pct": 0.026226, "max_up_swing_pct": 0.222492, "max_down_swing_pct": 0.179165, "avg_up_swing": 5.2449, "avg_down_swing": 9.7228, "max_up_swing": 47.7, "max_down_swing": 59.66}, "3:53 PM": {"sessions": 98, "up_hits": 1, "up_rate": 0.0102, "down_hits": 2, "down_rate": 0.0204, "both_hits": 0, "both_rate": 0.0, "neither_hits": 95, "neither_rate": 0.9694, "avg_up_swing_pct": 0.016141, "avg_down_swing_pct": 0.026343, "max_up_swing_pct": 0.222834, "max_down_swing_pct": 0.179731, "avg_up_swing": 5.2238, "avg_down_swing": 9.7439, "max_up_swing": 47.76, "max_down_swing": 59.89}, "3:54 PM": {"sessions": 98, "up_hits": 1, "up_rate": 0.0102, "down_hits": 2, "down_rate": 0.0204, "both_hits": 0, "both_rate": 0.0, "neither_hits": 95, "neither_rate": 0.9694, "avg_up_swing_pct": 0.015916, "avg_down_swing_pct": 0.026556, "max_up_swing_pct": 0.224119, "max_down_swing_pct": 0.178449, "avg_up_swing": 5.1473, "avg_down_swing": 9.8204, "max_up_swing": 47.985, "max_down_swing": 59.37}, "3:55 PM": {"sessions": 98, "up_hits": 1, "up_rate": 0.0102, "down_hits": 2, "down_rate": 0.0204, "both_hits": 0, "both_rate": 0.0, "neither_hits": 95, "neither_rate": 0.9694, "avg_up_swing_pct": 0.016231, "avg_down_swing_pct": 0.026255, "max_up_swing_pct": 0.223519, "max_down_swing_pct": 0.179411, "avg_up_swing": 5.2576, "avg_down_swing": 9.7102, "max_up_swing": 47.88, "max_down_swing": 59.76}, "3:50\u201355 avg": {"sessions": 98, "up_hits": 1, "up_rate": 0.0102, "down_hits": 2, "down_rate": 0.0204, "both_hits": 0, "both_rate": 0.0, "neither_hits": 95, "neither_rate": 0.9694, "avg_up_swing_pct": 0.016183, "avg_down_swing_pct": 0.026301, "max_up_swing_pct": 0.22281, "max_down_swing_pct": 0.179893, "avg_up_swing": 5.2275, "avg_down_swing": 9.7402, "max_up_swing": 47.7558, "max_down_swing": 59.9558}}}}, "swings": {"3:50 PM": {"avg_up_swing_pct": 0.016266, "avg_down_swing_pct": 0.026222, "max_up_swing_pct": 0.220783, "max_down_swing_pct": 0.18183, "avg_up_swing": 5.2326, "avg_down_swing": 9.7351, "max_up_swing": 47.4, "max_down_swing": 60.745}, "3:51 PM": {"avg_up_swing_pct": 0.016299, "avg_down_swing_pct": 0.02619, "max_up_swing_pct": 0.223119, "max_down_swing_pct": 0.180764, "avg_up_swing": 5.2587, "avg_down_swing": 9.709, "max_up_swing": 47.81, "max_down_swing": 60.31}, "3:52 PM": {"avg_up_swing_pct": 0.016261, "avg_down_swing_pct": 0.026226, "max_up_swing_pct": 0.222492, "max_down_swing_pct": 0.179165, "avg_up_swing": 5.2449, "avg_down_swing": 9.7228, "max_up_swing": 47.7, "max_down_swing": 59.66}, "3:53 PM": {"avg_up_swing_pct": 0.016141, "avg_down_swing_pct": 0.026343, "max_up_swing_pct": 0.222834, "max_down_swing_pct": 0.179731, "avg_up_swing": 5.2238, "avg_down_swing": 9.7439, "max_up_swing": 47.76, "max_down_swing": 59.89}, "3:54 PM": {"avg_up_swing_pct": 0.015916, "avg_down_swing_pct": 0.026556, "max_up_swing_pct": 0.224119, "max_down_swing_pct": 0.178449, "avg_up_swing": 5.1473, "avg_down_swing": 9.8204, "max_up_swing": 47.985, "max_down_swing": 59.37}, "3:55 PM": {"avg_up_swing_pct": 0.016231, "avg_down_swing_pct": 0.026255, "max_up_swing_pct": 0.223519, "max_down_swing_pct": 0.179411, "avg_up_swing": 5.2576, "avg_down_swing": 9.7102, "max_up_swing": 47.88, "max_down_swing": 59.76}, "3:50\u201355 avg": {"avg_up_swing_pct": 0.016183, "avg_down_swing_pct": 0.026301, "max_up_swing_pct": 0.22281, "max_down_swing_pct": 0.179893, "avg_up_swing": 5.2275, "avg_down_swing": 9.7402, "max_up_swing": 47.7558, "max_down_swing": 59.9558}}}, "Friday": {"n_sessions": 100, "n_skipped": 5, "n_baseline_substituted": 6, "recommended_reference": "3:52 PM", "recommended_reference_deviation": 0.2483, "steadiness": {"3:50 PM": 0.4215, "3:51 PM": 0.3508, "3:52 PM": 0.2483, "3:53 PM": 0.2522, "3:54 PM": 0.4027, "3:55 PM": 0.568}, "thresholds_pct": {"0.0050": {"pct": 0.005, "references": {"3:50 PM": {"sessions": 100, "up_hits": 83, "up_rate": 0.83, "down_hits": 66, "down_rate": 0.66, "both_hits": 49, "both_rate": 0.49, "neither_hits": 0, "neither_rate": 0.0, "avg_up_swing_pct": 0.02618, "avg_down_swing_pct": 0.018032, "max_up_swing_pct": 0.112281, "max_down_swing_pct": 0.113149, "avg_up_swing": 8.924, "avg_down_swing": 6.4842, "max_up_swing": 28.955, "max_down_swing": 30.11}, "3:51 PM": {"sessions": 100, "up_hits": 85, "up_rate": 0.85, "down_hits": 67, "down_rate": 0.67, "both_hits": 52, "both_rate": 0.52, "neither_hits": 0, "neither_rate": 0.0, "avg_up_swing_pct": 0.026497, "avg_down_swing_pct": 0.017727, "max_up_swing_pct": 0.113793, "max_down_swing_pct": 0.114679, "avg_up_swing": 9.0281, "avg_down_swing": 6.3801, "max_up_swing": 29.305, "max_down_swing": 30.57}, "3:52 PM": {"sessions": 100, "up_hits": 85, "up_rate": 0.85, "down_hits": 67, "down_rate": 0.67, "both_hits": 52, "both_rate": 0.52, "neither_hits": 0, "neither_rate": 0.0, "avg_up_swing_pct": 0.026505, "avg_down_swing_pct": 0.017716, "max_up_swing_pct": 0.111225, "max_down_swing_pct": 0.117394, "avg_up_swing": 9.0446, "avg_down_swing": 6.3636, "max_up_swing": 28.71, "max_down_swing": 31.39}, "3:53 PM": {"sessions": 100, "up_hits": 85, "up_rate": 0.85, "down_hits": 66, "down_rate": 0.66, "both_hits": 51, "both_rate": 0.51, "neither_hits": 0, "neither_rate": 0.0, "avg_up_swing_pct": 0.026409, "avg_down_swing_pct": 0.017808, "max_up_swing_pct": 0.109484, "max_down_swing_pct": 0.119041, "avg_up_swing": 9.0174, "avg_down_swing": 6.3908, "max_up_swing": 28.305, "max_down_swing": 31.89}, "3:54 PM": {"sessions": 100, "up_hits": 83, "up_rate": 0.83, "down_hits": 66, "down_rate": 0.66, "both_hits": 49, "both_rate": 0.49, "neither_hits": 0, "neither_rate": 0.0, "avg_up_swing_pct": 0.026359, "avg_down_swing_pct": 0.01786, "max_up_swing_pct": 0.10807, "max_down_swing_pct": 0.119107, "avg_up_swing": 8.9986, "avg_down_swing": 6.4096, "max_up_swing": 27.975, "max_down_swing": 31.91}, "3:55 PM": {"sessions": 100, "up_hits": 84, "up_rate": 0.84, "down_hits": 68, "down_rate": 0.68, "both_hits": 52, "both_rate": 0.52, "neither_hits": 0, "neither_rate": 0.0, "avg_up_swing_pct": 0.025932, "avg_down_swing_pct": 0.018264, "max_up_swing_pct": 0.109227, "max_down_swing_pct": 0.12006, "avg_up_swing": 8.8612, "avg_down_swing": 6.5471, "max_up_swing": 28.245, "max_down_swing": 32.2}, "3:50\u201355 avg": {"sessions": 100, "up_hits": 84, "up_rate": 0.84, "down_hits": 66, "down_rate": 0.66, "both_hits": 50, "both_rate": 0.5, "neither_hits": 0, "neither_rate": 0.0, "avg_up_swing_pct": 0.026311, "avg_down_swing_pct": 0.017904, "max_up_swing_pct": 0.110677, "max_down_swing_pct": 0.117246, "avg_up_swing": 8.979, "avg_down_swing": 6.4292, "max_up_swing": 28.5825, "max_down_swing": 31.345}}}, "0.0075": {"pct": 0.0075, "references": {"3:50 PM": {"sessions": 100, "up_hits": 77, "up_rate": 0.77, "down_hits": 62, "down_rate": 0.62, "both_hits": 39, "both_rate": 0.39, "neither_hits": 0, "neither_rate": 0.0, "avg_up_swing_pct": 0.02618, "avg_down_swing_pct": 0.018032, "max_up_swing_pct": 0.112281, "max_down_swing_pct": 0.113149, "avg_up_swing": 8.924, "avg_down_swing": 6.4842, "max_up_swing": 28.955, "max_down_swing": 30.11}, "3:51 PM": {"sessions": 100, "up_hits": 78, "up_rate": 0.78, "down_hits": 61, "down_rate": 0.61, "both_hits": 39, "both_rate": 0.39, "neither_hits": 0, "neither_rate": 0.0, "avg_up_swing_pct": 0.026497, "avg_down_swing_pct": 0.017727, "max_up_swing_pct": 0.113793, "max_down_swing_pct": 0.114679, "avg_up_swing": 9.0281, "avg_down_swing": 6.3801, "max_up_swing": 29.305, "max_down_swing": 30.57}, "3:52 PM": {"sessions": 100, "up_hits": 81, "up_rate": 0.81, "down_hits": 62, "down_rate": 0.62, "both_hits": 43, "both_rate": 0.43, "neither_hits": 0, "neither_rate": 0.0, "avg_up_swing_pct": 0.026505, "avg_down_swing_pct": 0.017716, "max_up_swing_pct": 0.111225, "max_down_swing_pct": 0.117394, "avg_up_swing": 9.0446, "avg_down_swing": 6.3636, "max_up_swing": 28.71, "max_down_swing": 31.39}, "3:53 PM": {"sessions": 100, "up_hits": 78, "up_rate": 0.78, "down_hits": 60, "down_rate": 0.6, "both_hits": 39, "both_rate": 0.39, "neither_hits": 1, "neither_rate": 0.01, "avg_up_swing_pct": 0.026409, "avg_down_swing_pct": 0.017808, "max_up_swing_pct": 0.109484, "max_down_swing_pct": 0.119041, "avg_up_swing": 9.0174, "avg_down_swing": 6.3908, "max_up_swing": 28.305, "max_down_swing": 31.89}, "3:54 PM": {"sessions": 100, "up_hits": 78, "up_rate": 0.78, "down_hits": 62, "down_rate": 0.62, "both_hits": 41, "both_rate": 0.41, "neither_hits": 1, "neither_rate": 0.01, "avg_up_swing_pct": 0.026359, "avg_down_swing_pct": 0.01786, "max_up_swing_pct": 0.10807, "max_down_swing_pct": 0.119107, "avg_up_swing": 8.9986, "avg_down_swing": 6.4096, "max_up_swing": 27.975, "max_down_swing": 31.91}, "3:55 PM": {"sessions": 100, "up_hits": 78, "up_rate": 0.78, "down_hits": 60, "down_rate": 0.6, "both_hits": 39, "both_rate": 0.39, "neither_hits": 1, "neither_rate": 0.01, "avg_up_swing_pct": 0.025932, "avg_down_swing_pct": 0.018264, "max_up_swing_pct": 0.109227, "max_down_swing_pct": 0.12006, "avg_up_swing": 8.8612, "avg_down_swing": 6.5471, "max_up_swing": 28.245, "max_down_swing": 32.2}, "3:50\u201355 avg": {"sessions": 100, "up_hits": 77, "up_rate": 0.77, "down_hits": 60, "down_rate": 0.6, "both_hits": 38, "both_rate": 0.38, "neither_hits": 1, "neither_rate": 0.01, "avg_up_swing_pct": 0.026311, "avg_down_swing_pct": 0.017904, "max_up_swing_pct": 0.110677, "max_down_swing_pct": 0.117246, "avg_up_swing": 8.979, "avg_down_swing": 6.4292, "max_up_swing": 28.5825, "max_down_swing": 31.345}}}, "0.0100": {"pct": 0.01, "references": {"3:50 PM": {"sessions": 100, "up_hits": 74, "up_rate": 0.74, "down_hits": 57, "down_rate": 0.57, "both_hits": 32, "both_rate": 0.32, "neither_hits": 1, "neither_rate": 0.01, "avg_up_swing_pct": 0.02618, "avg_down_swing_pct": 0.018032, "max_up_swing_pct": 0.112281, "max_down_swing_pct": 0.113149, "avg_up_swing": 8.924, "avg_down_swing": 6.4842, "max_up_swing": 28.955, "max_down_swing": 30.11}, "3:51 PM": {"sessions": 100, "up_hits": 74, "up_rate": 0.74, "down_hits": 57, "down_rate": 0.57, "both_hits": 32, "both_rate": 0.32, "neither_hits": 1, "neither_rate": 0.01, "avg_up_swing_pct": 0.026497, "avg_down_swing_pct": 0.017727, "max_up_swing_pct": 0.113793, "max_down_swing_pct": 0.114679, "avg_up_swing": 9.0281, "avg_down_swing": 6.3801, "max_up_swing": 29.305, "max_down_swing": 30.57}, "3:52 PM": {"sessions": 100, "up_hits": 74, "up_rate": 0.74, "down_hits": 58, "down_rate": 0.58, "both_hits": 33, "both_rate": 0.33, "neither_hits": 1, "neither_rate": 0.01, "avg_up_swing_pct": 0.026505, "avg_down_swing_pct": 0.017716, "max_up_swing_pct": 0.111225, "max_down_swing_pct": 0.117394, "avg_up_swing": 9.0446, "avg_down_swing": 6.3636, "max_up_swing": 28.71, "max_down_swing": 31.39}, "3:53 PM": {"sessions": 100, "up_hits": 75, "up_rate": 0.75, "down_hits": 57, "down_rate": 0.57, "both_hits": 33, "both_rate": 0.33, "neither_hits": 1, "neither_rate": 0.01, "avg_up_swing_pct": 0.026409, "avg_down_swing_pct": 0.017808, "max_up_swing_pct": 0.109484, "max_down_swing_pct": 0.119041, "avg_up_swing": 9.0174, "avg_down_swing": 6.3908, "max_up_swing": 28.305, "max_down_swing": 31.89}, "3:54 PM": {"sessions": 100, "up_hits": 74, "up_rate": 0.74, "down_hits": 57, "down_rate": 0.57, "both_hits": 32, "both_rate": 0.32, "neither_hits": 1, "neither_rate": 0.01, "avg_up_swing_pct": 0.026359, "avg_down_swing_pct": 0.01786, "max_up_swing_pct": 0.10807, "max_down_swing_pct": 0.119107, "avg_up_swing": 8.9986, "avg_down_swing": 6.4096, "max_up_swing": 27.975, "max_down_swing": 31.91}, "3:55 PM": {"sessions": 100, "up_hits": 72, "up_rate": 0.72, "down_hits": 57, "down_rate": 0.57, "both_hits": 30, "both_rate": 0.3, "neither_hits": 1, "neither_rate": 0.01, "avg_up_swing_pct": 0.025932, "avg_down_swing_pct": 0.018264, "max_up_swing_pct": 0.109227, "max_down_swing_pct": 0.12006, "avg_up_swing": 8.8612, "avg_down_swing": 6.5471, "max_up_swing": 28.245, "max_down_swing": 32.2}, "3:50\u201355 avg": {"sessions": 100, "up_hits": 73, "up_rate": 0.73, "down_hits": 58, "down_rate": 0.58, "both_hits": 32, "both_rate": 0.32, "neither_hits": 1, "neither_rate": 0.01, "avg_up_swing_pct": 0.026311, "avg_down_swing_pct": 0.017904, "max_up_swing_pct": 0.110677, "max_down_swing_pct": 0.117246, "avg_up_swing": 8.979, "avg_down_swing": 6.4292, "max_up_swing": 28.5825, "max_down_swing": 31.345}}}, "0.0125": {"pct": 0.0125, "references": {"3:50 PM": {"sessions": 100, "up_hits": 69, "up_rate": 0.69, "down_hits": 51, "down_rate": 0.51, "both_hits": 22, "both_rate": 0.22, "neither_hits": 2, "neither_rate": 0.02, "avg_up_swing_pct": 0.02618, "avg_down_swing_pct": 0.018032, "max_up_swing_pct": 0.112281, "max_down_swing_pct": 0.113149, "avg_up_swing": 8.924, "avg_down_swing": 6.4842, "max_up_swing": 28.955, "max_down_swing": 30.11}, "3:51 PM": {"sessions": 100, "up_hits": 72, "up_rate": 0.72, "down_hits": 50, "down_rate": 0.5, "both_hits": 24, "both_rate": 0.24, "neither_hits": 2, "neither_rate": 0.02, "avg_up_swing_pct": 0.026497, "avg_down_swing_pct": 0.017727, "max_up_swing_pct": 0.113793, "max_down_swing_pct": 0.114679, "avg_up_swing": 9.0281, "avg_down_swing": 6.3801, "max_up_swing": 29.305, "max_down_swing": 30.57}, "3:52 PM": {"sessions": 100, "up_hits": 71, "up_rate": 0.71, "down_hits": 49, "down_rate": 0.49, "both_hits": 22, "both_rate": 0.22, "neither_hits": 2, "neither_rate": 0.02, "avg_up_swing_pct": 0.026505, "avg_down_swing_pct": 0.017716, "max_up_swing_pct": 0.111225, "max_down_swing_pct": 0.117394, "avg_up_swing": 9.0446, "avg_down_swing": 6.3636, "max_up_swing": 28.71, "max_down_swing": 31.39}, "3:53 PM": {"sessions": 100, "up_hits": 73, "up_rate": 0.73, "down_hits": 49, "down_rate": 0.49, "both_hits": 24, "both_rate": 0.24, "neither_hits": 2, "neither_rate": 0.02, "avg_up_swing_pct": 0.026409, "avg_down_swing_pct": 0.017808, "max_up_swing_pct": 0.109484, "max_down_swing_pct": 0.119041, "avg_up_swing": 9.0174, "avg_down_swing": 6.3908, "max_up_swing": 28.305, "max_down_swing": 31.89}, "3:54 PM": {"sessions": 100, "up_hits": 71, "up_rate": 0.71, "down_hits": 51, "down_rate": 0.51, "both_hits": 25, "both_rate": 0.25, "neither_hits": 3, "neither_rate": 0.03, "avg_up_swing_pct": 0.026359, "avg_down_swing_pct": 0.01786, "max_up_swing_pct": 0.10807, "max_down_swing_pct": 0.119107, "avg_up_swing": 8.9986, "avg_down_swing": 6.4096, "max_up_swing": 27.975, "max_down_swing": 31.91}, "3:55 PM": {"sessions": 100, "up_hits": 69, "up_rate": 0.69, "down_hits": 52, "down_rate": 0.52, "both_hits": 25, "both_rate": 0.25, "neither_hits": 4, "neither_rate": 0.04, "avg_up_swing_pct": 0.025932, "avg_down_swing_pct": 0.018264, "max_up_swing_pct": 0.109227, "max_down_swing_pct": 0.12006, "avg_up_swing": 8.8612, "avg_down_swing": 6.5471, "max_up_swing": 28.245, "max_down_swing": 32.2}, "3:50\u201355 avg": {"sessions": 100, "up_hits": 72, "up_rate": 0.72, "down_hits": 50, "down_rate": 0.5, "both_hits": 24, "both_rate": 0.24, "neither_hits": 2, "neither_rate": 0.02, "avg_up_swing_pct": 0.026311, "avg_down_swing_pct": 0.017904, "max_up_swing_pct": 0.110677, "max_down_swing_pct": 0.117246, "avg_up_swing": 8.979, "avg_down_swing": 6.4292, "max_up_swing": 28.5825, "max_down_swing": 31.345}}}, "0.0150": {"pct": 0.015, "references": {"3:50 PM": {"sessions": 100, "up_hits": 64, "up_rate": 0.64, "down_hits": 45, "down_rate": 0.45, "both_hits": 16, "both_rate": 0.16, "neither_hits": 7, "neither_rate": 0.07, "avg_up_swing_pct": 0.02618, "avg_down_swing_pct": 0.018032, "max_up_swing_pct": 0.112281, "max_down_swing_pct": 0.113149, "avg_up_swing": 8.924, "avg_down_swing": 6.4842, "max_up_swing": 28.955, "max_down_swing": 30.11}, "3:51 PM": {"sessions": 100, "up_hits": 65, "up_rate": 0.65, "down_hits": 45, "down_rate": 0.45, "both_hits": 15, "both_rate": 0.15, "neither_hits": 5, "neither_rate": 0.05, "avg_up_swing_pct": 0.026497, "avg_down_swing_pct": 0.017727, "max_up_swing_pct": 0.113793, "max_down_swing_pct": 0.114679, "avg_up_swing": 9.0281, "avg_down_swing": 6.3801, "max_up_swing": 29.305, "max_down_swing": 30.57}, "3:52 PM": {"sessions": 100, "up_hits": 65, "up_rate": 0.65, "down_hits": 44, "down_rate": 0.44, "both_hits": 15, "both_rate": 0.15, "neither_hits": 6, "neither_rate": 0.06, "avg_up_swing_pct": 0.026505, "avg_down_swing_pct": 0.017716, "max_up_swing_pct": 0.111225, "max_down_swing_pct": 0.117394, "avg_up_swing": 9.0446, "avg_down_swing": 6.3636, "max_up_swing": 28.71, "max_down_swing": 31.39}, "3:53 PM": {"sessions": 100, "up_hits": 66, "up_rate": 0.66, "down_hits": 45, "down_rate": 0.45, "both_hits": 16, "both_rate": 0.16, "neither_hits": 5, "neither_rate": 0.05, "avg_up_swing_pct": 0.026409, "avg_down_swing_pct": 0.017808, "max_up_swing_pct": 0.109484, "max_down_swing_pct": 0.119041, "avg_up_swing": 9.0174, "avg_down_swing": 6.3908, "max_up_swing": 28.305, "max_down_swing": 31.89}, "3:54 PM": {"sessions": 100, "up_hits": 65, "up_rate": 0.65, "down_hits": 45, "down_rate": 0.45, "both_hits": 16, "both_rate": 0.16, "neither_hits": 6, "neither_rate": 0.06, "avg_up_swing_pct": 0.026359, "avg_down_swing_pct": 0.01786, "max_up_swing_pct": 0.10807, "max_down_swing_pct": 0.119107, "avg_up_swing": 8.9986, "avg_down_swing": 6.4096, "max_up_swing": 27.975, "max_down_swing": 31.91}, "3:55 PM": {"sessions": 100, "up_hits": 64, "up_rate": 0.64, "down_hits": 44, "down_rate": 0.44, "both_hits": 15, "both_rate": 0.15, "neither_hits": 7, "neither_rate": 0.07, "avg_up_swing_pct": 0.025932, "avg_down_swing_pct": 0.018264, "max_up_swing_pct": 0.109227, "max_down_swing_pct": 0.12006, "avg_up_swing": 8.8612, "avg_down_swing": 6.5471, "max_up_swing": 28.245, "max_down_swing": 32.2}, "3:50\u201355 avg": {"sessions": 100, "up_hits": 66, "up_rate": 0.66, "down_hits": 44, "down_rate": 0.44, "both_hits": 15, "both_rate": 0.15, "neither_hits": 5, "neither_rate": 0.05, "avg_up_swing_pct": 0.026311, "avg_down_swing_pct": 0.017904, "max_up_swing_pct": 0.110677, "max_down_swing_pct": 0.117246, "avg_up_swing": 8.979, "avg_down_swing": 6.4292, "max_up_swing": 28.5825, "max_down_swing": 31.345}}}, "0.0200": {"pct": 0.02, "references": {"3:50 PM": {"sessions": 100, "up_hits": 56, "up_rate": 0.56, "down_hits": 40, "down_rate": 0.4, "both_hits": 8, "both_rate": 0.08, "neither_hits": 12, "neither_rate": 0.12, "avg_up_swing_pct": 0.02618, "avg_down_swing_pct": 0.018032, "max_up_swing_pct": 0.112281, "max_down_swing_pct": 0.113149, "avg_up_swing": 8.924, "avg_down_swing": 6.4842, "max_up_swing": 28.955, "max_down_swing": 30.11}, "3:51 PM": {"sessions": 100, "up_hits": 55, "up_rate": 0.55, "down_hits": 41, "down_rate": 0.41, "both_hits": 8, "both_rate": 0.08, "neither_hits": 12, "neither_rate": 0.12, "avg_up_swing_pct": 0.026497, "avg_down_swing_pct": 0.017727, "max_up_swing_pct": 0.113793, "max_down_swing_pct": 0.114679, "avg_up_swing": 9.0281, "avg_down_swing": 6.3801, "max_up_swing": 29.305, "max_down_swing": 30.57}, "3:52 PM": {"sessions": 100, "up_hits": 57, "up_rate": 0.57, "down_hits": 40, "down_rate": 0.4, "both_hits": 8, "both_rate": 0.08, "neither_hits": 11, "neither_rate": 0.11, "avg_up_swing_pct": 0.026505, "avg_down_swing_pct": 0.017716, "max_up_swing_pct": 0.111225, "max_down_swing_pct": 0.117394, "avg_up_swing": 9.0446, "avg_down_swing": 6.3636, "max_up_swing": 28.71, "max_down_swing": 31.39}, "3:53 PM": {"sessions": 100, "up_hits": 54, "up_rate": 0.54, "down_hits": 40, "down_rate": 0.4, "both_hits": 6, "both_rate": 0.06, "neither_hits": 12, "neither_rate": 0.12, "avg_up_swing_pct": 0.026409, "avg_down_swing_pct": 0.017808, "max_up_swing_pct": 0.109484, "max_down_swing_pct": 0.119041, "avg_up_swing": 9.0174, "avg_down_swing": 6.3908, "max_up_swing": 28.305, "max_down_swing": 31.89}, "3:54 PM": {"sessions": 100, "up_hits": 54, "up_rate": 0.54, "down_hits": 40, "down_rate": 0.4, "both_hits": 7, "both_rate": 0.07, "neither_hits": 13, "neither_rate": 0.13, "avg_up_swing_pct": 0.026359, "avg_down_swing_pct": 0.01786, "max_up_swing_pct": 0.10807, "max_down_swing_pct": 0.119107, "avg_up_swing": 8.9986, "avg_down_swing": 6.4096, "max_up_swing": 27.975, "max_down_swing": 31.91}, "3:55 PM": {"sessions": 100, "up_hits": 53, "up_rate": 0.53, "down_hits": 40, "down_rate": 0.4, "both_hits": 7, "both_rate": 0.07, "neither_hits": 14, "neither_rate": 0.14, "avg_up_swing_pct": 0.025932, "avg_down_swing_pct": 0.018264, "max_up_swing_pct": 0.109227, "max_down_swing_pct": 0.12006, "avg_up_swing": 8.8612, "avg_down_swing": 6.5471, "max_up_swing": 28.245, "max_down_swing": 32.2}, "3:50\u201355 avg": {"sessions": 100, "up_hits": 55, "up_rate": 0.55, "down_hits": 40, "down_rate": 0.4, "both_hits": 7, "both_rate": 0.07, "neither_hits": 12, "neither_rate": 0.12, "avg_up_swing_pct": 0.026311, "avg_down_swing_pct": 0.017904, "max_up_swing_pct": 0.110677, "max_down_swing_pct": 0.117246, "avg_up_swing": 8.979, "avg_down_swing": 6.4292, "max_up_swing": 28.5825, "max_down_swing": 31.345}}}, "0.0250": {"pct": 0.025, "references": {"3:50 PM": {"sessions": 100, "up_hits": 47, "up_rate": 0.47, "down_hits": 36, "down_rate": 0.36, "both_hits": 3, "both_rate": 0.03, "neither_hits": 20, "neither_rate": 0.2, "avg_up_swing_pct": 0.02618, "avg_down_swing_pct": 0.018032, "max_up_swing_pct": 0.112281, "max_down_swing_pct": 0.113149, "avg_up_swing": 8.924, "avg_down_swing": 6.4842, "max_up_swing": 28.955, "max_down_swing": 30.11}, "3:51 PM": {"sessions": 100, "up_hits": 47, "up_rate": 0.47, "down_hits": 36, "down_rate": 0.36, "both_hits": 3, "both_rate": 0.03, "neither_hits": 20, "neither_rate": 0.2, "avg_up_swing_pct": 0.026497, "avg_down_swing_pct": 0.017727, "max_up_swing_pct": 0.113793, "max_down_swing_pct": 0.114679, "avg_up_swing": 9.0281, "avg_down_swing": 6.3801, "max_up_swing": 29.305, "max_down_swing": 30.57}, "3:52 PM": {"sessions": 100, "up_hits": 47, "up_rate": 0.47, "down_hits": 35, "down_rate": 0.35, "both_hits": 3, "both_rate": 0.03, "neither_hits": 21, "neither_rate": 0.21, "avg_up_swing_pct": 0.026505, "avg_down_swing_pct": 0.017716, "max_up_swing_pct": 0.111225, "max_down_swing_pct": 0.117394, "avg_up_swing": 9.0446, "avg_down_swing": 6.3636, "max_up_swing": 28.71, "max_down_swing": 31.39}, "3:53 PM": {"sessions": 100, "up_hits": 47, "up_rate": 0.47, "down_hits": 35, "down_rate": 0.35, "both_hits": 3, "both_rate": 0.03, "neither_hits": 21, "neither_rate": 0.21, "avg_up_swing_pct": 0.026409, "avg_down_swing_pct": 0.017808, "max_up_swing_pct": 0.109484, "max_down_swing_pct": 0.119041, "avg_up_swing": 9.0174, "avg_down_swing": 6.3908, "max_up_swing": 28.305, "max_down_swing": 31.89}, "3:54 PM": {"sessions": 100, "up_hits": 47, "up_rate": 0.47, "down_hits": 36, "down_rate": 0.36, "both_hits": 3, "both_rate": 0.03, "neither_hits": 20, "neither_rate": 0.2, "avg_up_swing_pct": 0.026359, "avg_down_swing_pct": 0.01786, "max_up_swing_pct": 0.10807, "max_down_swing_pct": 0.119107, "avg_up_swing": 8.9986, "avg_down_swing": 6.4096, "max_up_swing": 27.975, "max_down_swing": 31.91}, "3:55 PM": {"sessions": 100, "up_hits": 47, "up_rate": 0.47, "down_hits": 35, "down_rate": 0.35, "both_hits": 2, "both_rate": 0.02, "neither_hits": 20, "neither_rate": 0.2, "avg_up_swing_pct": 0.025932, "avg_down_swing_pct": 0.018264, "max_up_swing_pct": 0.109227, "max_down_swing_pct": 0.12006, "avg_up_swing": 8.8612, "avg_down_swing": 6.5471, "max_up_swing": 28.245, "max_down_swing": 32.2}, "3:50\u201355 avg": {"sessions": 100, "up_hits": 48, "up_rate": 0.48, "down_hits": 35, "down_rate": 0.35, "both_hits": 4, "both_rate": 0.04, "neither_hits": 21, "neither_rate": 0.21, "avg_up_swing_pct": 0.026311, "avg_down_swing_pct": 0.017904, "max_up_swing_pct": 0.110677, "max_down_swing_pct": 0.117246, "avg_up_swing": 8.979, "avg_down_swing": 6.4292, "max_up_swing": 28.5825, "max_down_swing": 31.345}}}, "0.0300": {"pct": 0.03, "references": {"3:50 PM": {"sessions": 100, "up_hits": 43, "up_rate": 0.43, "down_hits": 30, "down_rate": 0.3, "both_hits": 3, "both_rate": 0.03, "neither_hits": 30, "neither_rate": 0.3, "avg_up_swing_pct": 0.02618, "avg_down_swing_pct": 0.018032, "max_up_swing_pct": 0.112281, "max_down_swing_pct": 0.113149, "avg_up_swing": 8.924, "avg_down_swing": 6.4842, "max_up_swing": 28.955, "max_down_swing": 30.11}, "3:51 PM": {"sessions": 100, "up_hits": 44, "up_rate": 0.44, "down_hits": 30, "down_rate": 0.3, "both_hits": 3, "both_rate": 0.03, "neither_hits": 29, "neither_rate": 0.29, "avg_up_swing_pct": 0.026497, "avg_down_swing_pct": 0.017727, "max_up_swing_pct": 0.113793, "max_down_swing_pct": 0.114679, "avg_up_swing": 9.0281, "avg_down_swing": 6.3801, "max_up_swing": 29.305, "max_down_swing": 30.57}, "3:52 PM": {"sessions": 100, "up_hits": 40, "up_rate": 0.4, "down_hits": 30, "down_rate": 0.3, "both_hits": 1, "both_rate": 0.01, "neither_hits": 31, "neither_rate": 0.31, "avg_up_swing_pct": 0.026505, "avg_down_swing_pct": 0.017716, "max_up_swing_pct": 0.111225, "max_down_swing_pct": 0.117394, "avg_up_swing": 9.0446, "avg_down_swing": 6.3636, "max_up_swing": 28.71, "max_down_swing": 31.39}, "3:53 PM": {"sessions": 100, "up_hits": 41, "up_rate": 0.41, "down_hits": 31, "down_rate": 0.31, "both_hits": 2, "both_rate": 0.02, "neither_hits": 30, "neither_rate": 0.3, "avg_up_swing_pct": 0.026409, "avg_down_swing_pct": 0.017808, "max_up_swing_pct": 0.109484, "max_down_swing_pct": 0.119041, "avg_up_swing": 9.0174, "avg_down_swing": 6.3908, "max_up_swing": 28.305, "max_down_swing": 31.89}, "3:54 PM": {"sessions": 100, "up_hits": 41, "up_rate": 0.41, "down_hits": 32, "down_rate": 0.32, "both_hits": 3, "both_rate": 0.03, "neither_hits": 30, "neither_rate": 0.3, "avg_up_swing_pct": 0.026359, "avg_down_swing_pct": 0.01786, "max_up_swing_pct": 0.10807, "max_down_swing_pct": 0.119107, "avg_up_swing": 8.9986, "avg_down_swing": 6.4096, "max_up_swing": 27.975, "max_down_swing": 31.91}, "3:55 PM": {"sessions": 100, "up_hits": 41, "up_rate": 0.41, "down_hits": 29, "down_rate": 0.29, "both_hits": 1, "both_rate": 0.01, "neither_hits": 31, "neither_rate": 0.31, "avg_up_swing_pct": 0.025932, "avg_down_swing_pct": 0.018264, "max_up_swing_pct": 0.109227, "max_down_swing_pct": 0.12006, "avg_up_swing": 8.8612, "avg_down_swing": 6.5471, "max_up_swing": 28.245, "max_down_swing": 32.2}, "3:50\u201355 avg": {"sessions": 100, "up_hits": 40, "up_rate": 0.4, "down_hits": 30, "down_rate": 0.3, "both_hits": 1, "both_rate": 0.01, "neither_hits": 31, "neither_rate": 0.31, "avg_up_swing_pct": 0.026311, "avg_down_swing_pct": 0.017904, "max_up_swing_pct": 0.110677, "max_down_swing_pct": 0.117246, "avg_up_swing": 8.979, "avg_down_swing": 6.4292, "max_up_swing": 28.5825, "max_down_swing": 31.345}}}, "0.0350": {"pct": 0.035, "references": {"3:50 PM": {"sessions": 100, "up_hits": 36, "up_rate": 0.36, "down_hits": 23, "down_rate": 0.23, "both_hits": 0, "both_rate": 0.0, "neither_hits": 41, "neither_rate": 0.41, "avg_up_swing_pct": 0.02618, "avg_down_swing_pct": 0.018032, "max_up_swing_pct": 0.112281, "max_down_swing_pct": 0.113149, "avg_up_swing": 8.924, "avg_down_swing": 6.4842, "max_up_swing": 28.955, "max_down_swing": 30.11}, "3:51 PM": {"sessions": 100, "up_hits": 36, "up_rate": 0.36, "down_hits": 24, "down_rate": 0.24, "both_hits": 0, "both_rate": 0.0, "neither_hits": 40, "neither_rate": 0.4, "avg_up_swing_pct": 0.026497, "avg_down_swing_pct": 0.017727, "max_up_swing_pct": 0.113793, "max_down_swing_pct": 0.114679, "avg_up_swing": 9.0281, "avg_down_swing": 6.3801, "max_up_swing": 29.305, "max_down_swing": 30.57}, "3:52 PM": {"sessions": 100, "up_hits": 38, "up_rate": 0.38, "down_hits": 25, "down_rate": 0.25, "both_hits": 1, "both_rate": 0.01, "neither_hits": 38, "neither_rate": 0.38, "avg_up_swing_pct": 0.026505, "avg_down_swing_pct": 0.017716, "max_up_swing_pct": 0.111225, "max_down_swing_pct": 0.117394, "avg_up_swing": 9.0446, "avg_down_swing": 6.3636, "max_up_swing": 28.71, "max_down_swing": 31.39}, "3:53 PM": {"sessions": 100, "up_hits": 38, "up_rate": 0.38, "down_hits": 22, "down_rate": 0.22, "both_hits": 0, "both_rate": 0.0, "neither_hits": 40, "neither_rate": 0.4, "avg_up_swing_pct": 0.026409, "avg_down_swing_pct": 0.017808, "max_up_swing_pct": 0.109484, "max_down_swing_pct": 0.119041, "avg_up_swing": 9.0174, "avg_down_swing": 6.3908, "max_up_swing": 28.305, "max_down_swing": 31.89}, "3:54 PM": {"sessions": 100, "up_hits": 38, "up_rate": 0.38, "down_hits": 22, "down_rate": 0.22, "both_hits": 0, "both_rate": 0.0, "neither_hits": 40, "neither_rate": 0.4, "avg_up_swing_pct": 0.026359, "avg_down_swing_pct": 0.01786, "max_up_swing_pct": 0.10807, "max_down_swing_pct": 0.119107, "avg_up_swing": 8.9986, "avg_down_swing": 6.4096, "max_up_swing": 27.975, "max_down_swing": 31.91}, "3:55 PM": {"sessions": 100, "up_hits": 38, "up_rate": 0.38, "down_hits": 23, "down_rate": 0.23, "both_hits": 0, "both_rate": 0.0, "neither_hits": 39, "neither_rate": 0.39, "avg_up_swing_pct": 0.025932, "avg_down_swing_pct": 0.018264, "max_up_swing_pct": 0.109227, "max_down_swing_pct": 0.12006, "avg_up_swing": 8.8612, "avg_down_swing": 6.5471, "max_up_swing": 28.245, "max_down_swing": 32.2}, "3:50\u201355 avg": {"sessions": 100, "up_hits": 38, "up_rate": 0.38, "down_hits": 23, "down_rate": 0.23, "both_hits": 0, "both_rate": 0.0, "neither_hits": 39, "neither_rate": 0.39, "avg_up_swing_pct": 0.026311, "avg_down_swing_pct": 0.017904, "max_up_swing_pct": 0.110677, "max_down_swing_pct": 0.117246, "avg_up_swing": 8.979, "avg_down_swing": 6.4292, "max_up_swing": 28.5825, "max_down_swing": 31.345}}}, "0.0400": {"pct": 0.04, "references": {"3:50 PM": {"sessions": 100, "up_hits": 26, "up_rate": 0.26, "down_hits": 17, "down_rate": 0.17, "both_hits": 0, "both_rate": 0.0, "neither_hits": 57, "neither_rate": 0.57, "avg_up_swing_pct": 0.02618, "avg_down_swing_pct": 0.018032, "max_up_swing_pct": 0.112281, "max_down_swing_pct": 0.113149, "avg_up_swing": 8.924, "avg_down_swing": 6.4842, "max_up_swing": 28.955, "max_down_swing": 30.11}, "3:51 PM": {"sessions": 100, "up_hits": 27, "up_rate": 0.27, "down_hits": 17, "down_rate": 0.17, "both_hits": 0, "both_rate": 0.0, "neither_hits": 56, "neither_rate": 0.56, "avg_up_swing_pct": 0.026497, "avg_down_swing_pct": 0.017727, "max_up_swing_pct": 0.113793, "max_down_swing_pct": 0.114679, "avg_up_swing": 9.0281, "avg_down_swing": 6.3801, "max_up_swing": 29.305, "max_down_swing": 30.57}, "3:52 PM": {"sessions": 100, "up_hits": 27, "up_rate": 0.27, "down_hits": 16, "down_rate": 0.16, "both_hits": 0, "both_rate": 0.0, "neither_hits": 57, "neither_rate": 0.57, "avg_up_swing_pct": 0.026505, "avg_down_swing_pct": 0.017716, "max_up_swing_pct": 0.111225, "max_down_swing_pct": 0.117394, "avg_up_swing": 9.0446, "avg_down_swing": 6.3636, "max_up_swing": 28.71, "max_down_swing": 31.39}, "3:53 PM": {"sessions": 100, "up_hits": 27, "up_rate": 0.27, "down_hits": 17, "down_rate": 0.17, "both_hits": 0, "both_rate": 0.0, "neither_hits": 56, "neither_rate": 0.56, "avg_up_swing_pct": 0.026409, "avg_down_swing_pct": 0.017808, "max_up_swing_pct": 0.109484, "max_down_swing_pct": 0.119041, "avg_up_swing": 9.0174, "avg_down_swing": 6.3908, "max_up_swing": 28.305, "max_down_swing": 31.89}, "3:54 PM": {"sessions": 100, "up_hits": 28, "up_rate": 0.28, "down_hits": 18, "down_rate": 0.18, "both_hits": 0, "both_rate": 0.0, "neither_hits": 54, "neither_rate": 0.54, "avg_up_swing_pct": 0.026359, "avg_down_swing_pct": 0.01786, "max_up_swing_pct": 0.10807, "max_down_swing_pct": 0.119107, "avg_up_swing": 8.9986, "avg_down_swing": 6.4096, "max_up_swing": 27.975, "max_down_swing": 31.91}, "3:55 PM": {"sessions": 100, "up_hits": 28, "up_rate": 0.28, "down_hits": 19, "down_rate": 0.19, "both_hits": 0, "both_rate": 0.0, "neither_hits": 53, "neither_rate": 0.53, "avg_up_swing_pct": 0.025932, "avg_down_swing_pct": 0.018264, "max_up_swing_pct": 0.109227, "max_down_swing_pct": 0.12006, "avg_up_swing": 8.8612, "avg_down_swing": 6.5471, "max_up_swing": 28.245, "max_down_swing": 32.2}, "3:50\u201355 avg": {"sessions": 100, "up_hits": 27, "up_rate": 0.27, "down_hits": 17, "down_rate": 0.17, "both_hits": 0, "both_rate": 0.0, "neither_hits": 56, "neither_rate": 0.56, "avg_up_swing_pct": 0.026311, "avg_down_swing_pct": 0.017904, "max_up_swing_pct": 0.110677, "max_down_swing_pct": 0.117246, "avg_up_swing": 8.979, "avg_down_swing": 6.4292, "max_up_swing": 28.5825, "max_down_swing": 31.345}}}, "0.0500": {"pct": 0.05, "references": {"3:50 PM": {"sessions": 100, "up_hits": 17, "up_rate": 0.17, "down_hits": 9, "down_rate": 0.09, "both_hits": 0, "both_rate": 0.0, "neither_hits": 74, "neither_rate": 0.74, "avg_up_swing_pct": 0.02618, "avg_down_swing_pct": 0.018032, "max_up_swing_pct": 0.112281, "max_down_swing_pct": 0.113149, "avg_up_swing": 8.924, "avg_down_swing": 6.4842, "max_up_swing": 28.955, "max_down_swing": 30.11}, "3:51 PM": {"sessions": 100, "up_hits": 18, "up_rate": 0.18, "down_hits": 9, "down_rate": 0.09, "both_hits": 0, "both_rate": 0.0, "neither_hits": 73, "neither_rate": 0.73, "avg_up_swing_pct": 0.026497, "avg_down_swing_pct": 0.017727, "max_up_swing_pct": 0.113793, "max_down_swing_pct": 0.114679, "avg_up_swing": 9.0281, "avg_down_swing": 6.3801, "max_up_swing": 29.305, "max_down_swing": 30.57}, "3:52 PM": {"sessions": 100, "up_hits": 18, "up_rate": 0.18, "down_hits": 8, "down_rate": 0.08, "both_hits": 0, "both_rate": 0.0, "neither_hits": 74, "neither_rate": 0.74, "avg_up_swing_pct": 0.026505, "avg_down_swing_pct": 0.017716, "max_up_swing_pct": 0.111225, "max_down_swing_pct": 0.117394, "avg_up_swing": 9.0446, "avg_down_swing": 6.3636, "max_up_swing": 28.71, "max_down_swing": 31.39}, "3:53 PM": {"sessions": 100, "up_hits": 17, "up_rate": 0.17, "down_hits": 8, "down_rate": 0.08, "both_hits": 0, "both_rate": 0.0, "neither_hits": 75, "neither_rate": 0.75, "avg_up_swing_pct": 0.026409, "avg_down_swing_pct": 0.017808, "max_up_swing_pct": 0.109484, "max_down_swing_pct": 0.119041, "avg_up_swing": 9.0174, "avg_down_swing": 6.3908, "max_up_swing": 28.305, "max_down_swing": 31.89}, "3:54 PM": {"sessions": 100, "up_hits": 17, "up_rate": 0.17, "down_hits": 8, "down_rate": 0.08, "both_hits": 0, "both_rate": 0.0, "neither_hits": 75, "neither_rate": 0.75, "avg_up_swing_pct": 0.026359, "avg_down_swing_pct": 0.01786, "max_up_swing_pct": 0.10807, "max_down_swing_pct": 0.119107, "avg_up_swing": 8.9986, "avg_down_swing": 6.4096, "max_up_swing": 27.975, "max_down_swing": 31.91}, "3:55 PM": {"sessions": 100, "up_hits": 16, "up_rate": 0.16, "down_hits": 9, "down_rate": 0.09, "both_hits": 0, "both_rate": 0.0, "neither_hits": 75, "neither_rate": 0.75, "avg_up_swing_pct": 0.025932, "avg_down_swing_pct": 0.018264, "max_up_swing_pct": 0.109227, "max_down_swing_pct": 0.12006, "avg_up_swing": 8.8612, "avg_down_swing": 6.5471, "max_up_swing": 28.245, "max_down_swing": 32.2}, "3:50\u201355 avg": {"sessions": 100, "up_hits": 17, "up_rate": 0.17, "down_hits": 8, "down_rate": 0.08, "both_hits": 0, "both_rate": 0.0, "neither_hits": 75, "neither_rate": 0.75, "avg_up_swing_pct": 0.026311, "avg_down_swing_pct": 0.017904, "max_up_swing_pct": 0.110677, "max_down_swing_pct": 0.117246, "avg_up_swing": 8.979, "avg_down_swing": 6.4292, "max_up_swing": 28.5825, "max_down_swing": 31.345}}}, "0.0700": {"pct": 0.07, "references": {"3:50 PM": {"sessions": 100, "up_hits": 5, "up_rate": 0.05, "down_hits": 4, "down_rate": 0.04, "both_hits": 0, "both_rate": 0.0, "neither_hits": 91, "neither_rate": 0.91, "avg_up_swing_pct": 0.02618, "avg_down_swing_pct": 0.018032, "max_up_swing_pct": 0.112281, "max_down_swing_pct": 0.113149, "avg_up_swing": 8.924, "avg_down_swing": 6.4842, "max_up_swing": 28.955, "max_down_swing": 30.11}, "3:51 PM": {"sessions": 100, "up_hits": 6, "up_rate": 0.06, "down_hits": 4, "down_rate": 0.04, "both_hits": 0, "both_rate": 0.0, "neither_hits": 90, "neither_rate": 0.9, "avg_up_swing_pct": 0.026497, "avg_down_swing_pct": 0.017727, "max_up_swing_pct": 0.113793, "max_down_swing_pct": 0.114679, "avg_up_swing": 9.0281, "avg_down_swing": 6.3801, "max_up_swing": 29.305, "max_down_swing": 30.57}, "3:52 PM": {"sessions": 100, "up_hits": 5, "up_rate": 0.05, "down_hits": 4, "down_rate": 0.04, "both_hits": 0, "both_rate": 0.0, "neither_hits": 91, "neither_rate": 0.91, "avg_up_swing_pct": 0.026505, "avg_down_swing_pct": 0.017716, "max_up_swing_pct": 0.111225, "max_down_swing_pct": 0.117394, "avg_up_swing": 9.0446, "avg_down_swing": 6.3636, "max_up_swing": 28.71, "max_down_swing": 31.39}, "3:53 PM": {"sessions": 100, "up_hits": 5, "up_rate": 0.05, "down_hits": 4, "down_rate": 0.04, "both_hits": 0, "both_rate": 0.0, "neither_hits": 91, "neither_rate": 0.91, "avg_up_swing_pct": 0.026409, "avg_down_swing_pct": 0.017808, "max_up_swing_pct": 0.109484, "max_down_swing_pct": 0.119041, "avg_up_swing": 9.0174, "avg_down_swing": 6.3908, "max_up_swing": 28.305, "max_down_swing": 31.89}, "3:54 PM": {"sessions": 100, "up_hits": 6, "up_rate": 0.06, "down_hits": 4, "down_rate": 0.04, "both_hits": 0, "both_rate": 0.0, "neither_hits": 90, "neither_rate": 0.9, "avg_up_swing_pct": 0.026359, "avg_down_swing_pct": 0.01786, "max_up_swing_pct": 0.10807, "max_down_swing_pct": 0.119107, "avg_up_swing": 8.9986, "avg_down_swing": 6.4096, "max_up_swing": 27.975, "max_down_swing": 31.91}, "3:55 PM": {"sessions": 100, "up_hits": 5, "up_rate": 0.05, "down_hits": 4, "down_rate": 0.04, "both_hits": 0, "both_rate": 0.0, "neither_hits": 91, "neither_rate": 0.91, "avg_up_swing_pct": 0.025932, "avg_down_swing_pct": 0.018264, "max_up_swing_pct": 0.109227, "max_down_swing_pct": 0.12006, "avg_up_swing": 8.8612, "avg_down_swing": 6.5471, "max_up_swing": 28.245, "max_down_swing": 32.2}, "3:50\u201355 avg": {"sessions": 100, "up_hits": 6, "up_rate": 0.06, "down_hits": 4, "down_rate": 0.04, "both_hits": 0, "both_rate": 0.0, "neither_hits": 90, "neither_rate": 0.9, "avg_up_swing_pct": 0.026311, "avg_down_swing_pct": 0.017904, "max_up_swing_pct": 0.110677, "max_down_swing_pct": 0.117246, "avg_up_swing": 8.979, "avg_down_swing": 6.4292, "max_up_swing": 28.5825, "max_down_swing": 31.345}}}, "0.1000": {"pct": 0.1, "references": {"3:50 PM": {"sessions": 100, "up_hits": 2, "up_rate": 0.02, "down_hits": 2, "down_rate": 0.02, "both_hits": 0, "both_rate": 0.0, "neither_hits": 96, "neither_rate": 0.96, "avg_up_swing_pct": 0.02618, "avg_down_swing_pct": 0.018032, "max_up_swing_pct": 0.112281, "max_down_swing_pct": 0.113149, "avg_up_swing": 8.924, "avg_down_swing": 6.4842, "max_up_swing": 28.955, "max_down_swing": 30.11}, "3:51 PM": {"sessions": 100, "up_hits": 2, "up_rate": 0.02, "down_hits": 2, "down_rate": 0.02, "both_hits": 0, "both_rate": 0.0, "neither_hits": 96, "neither_rate": 0.96, "avg_up_swing_pct": 0.026497, "avg_down_swing_pct": 0.017727, "max_up_swing_pct": 0.113793, "max_down_swing_pct": 0.114679, "avg_up_swing": 9.0281, "avg_down_swing": 6.3801, "max_up_swing": 29.305, "max_down_swing": 30.57}, "3:52 PM": {"sessions": 100, "up_hits": 2, "up_rate": 0.02, "down_hits": 2, "down_rate": 0.02, "both_hits": 0, "both_rate": 0.0, "neither_hits": 96, "neither_rate": 0.96, "avg_up_swing_pct": 0.026505, "avg_down_swing_pct": 0.017716, "max_up_swing_pct": 0.111225, "max_down_swing_pct": 0.117394, "avg_up_swing": 9.0446, "avg_down_swing": 6.3636, "max_up_swing": 28.71, "max_down_swing": 31.39}, "3:53 PM": {"sessions": 100, "up_hits": 2, "up_rate": 0.02, "down_hits": 2, "down_rate": 0.02, "both_hits": 0, "both_rate": 0.0, "neither_hits": 96, "neither_rate": 0.96, "avg_up_swing_pct": 0.026409, "avg_down_swing_pct": 0.017808, "max_up_swing_pct": 0.109484, "max_down_swing_pct": 0.119041, "avg_up_swing": 9.0174, "avg_down_swing": 6.3908, "max_up_swing": 28.305, "max_down_swing": 31.89}, "3:54 PM": {"sessions": 100, "up_hits": 2, "up_rate": 0.02, "down_hits": 2, "down_rate": 0.02, "both_hits": 0, "both_rate": 0.0, "neither_hits": 96, "neither_rate": 0.96, "avg_up_swing_pct": 0.026359, "avg_down_swing_pct": 0.01786, "max_up_swing_pct": 0.10807, "max_down_swing_pct": 0.119107, "avg_up_swing": 8.9986, "avg_down_swing": 6.4096, "max_up_swing": 27.975, "max_down_swing": 31.91}, "3:55 PM": {"sessions": 100, "up_hits": 2, "up_rate": 0.02, "down_hits": 2, "down_rate": 0.02, "both_hits": 0, "both_rate": 0.0, "neither_hits": 96, "neither_rate": 0.96, "avg_up_swing_pct": 0.025932, "avg_down_swing_pct": 0.018264, "max_up_swing_pct": 0.109227, "max_down_swing_pct": 0.12006, "avg_up_swing": 8.8612, "avg_down_swing": 6.5471, "max_up_swing": 28.245, "max_down_swing": 32.2}, "3:50\u201355 avg": {"sessions": 100, "up_hits": 2, "up_rate": 0.02, "down_hits": 2, "down_rate": 0.02, "both_hits": 0, "both_rate": 0.0, "neither_hits": 96, "neither_rate": 0.96, "avg_up_swing_pct": 0.026311, "avg_down_swing_pct": 0.017904, "max_up_swing_pct": 0.110677, "max_down_swing_pct": 0.117246, "avg_up_swing": 8.979, "avg_down_swing": 6.4292, "max_up_swing": 28.5825, "max_down_swing": 31.345}}}, "0.1500": {"pct": 0.15, "references": {"3:50 PM": {"sessions": 100, "up_hits": 0, "up_rate": 0.0, "down_hits": 0, "down_rate": 0.0, "both_hits": 0, "both_rate": 0.0, "neither_hits": 100, "neither_rate": 1.0, "avg_up_swing_pct": 0.02618, "avg_down_swing_pct": 0.018032, "max_up_swing_pct": 0.112281, "max_down_swing_pct": 0.113149, "avg_up_swing": 8.924, "avg_down_swing": 6.4842, "max_up_swing": 28.955, "max_down_swing": 30.11}, "3:51 PM": {"sessions": 100, "up_hits": 0, "up_rate": 0.0, "down_hits": 0, "down_rate": 0.0, "both_hits": 0, "both_rate": 0.0, "neither_hits": 100, "neither_rate": 1.0, "avg_up_swing_pct": 0.026497, "avg_down_swing_pct": 0.017727, "max_up_swing_pct": 0.113793, "max_down_swing_pct": 0.114679, "avg_up_swing": 9.0281, "avg_down_swing": 6.3801, "max_up_swing": 29.305, "max_down_swing": 30.57}, "3:52 PM": {"sessions": 100, "up_hits": 0, "up_rate": 0.0, "down_hits": 0, "down_rate": 0.0, "both_hits": 0, "both_rate": 0.0, "neither_hits": 100, "neither_rate": 1.0, "avg_up_swing_pct": 0.026505, "avg_down_swing_pct": 0.017716, "max_up_swing_pct": 0.111225, "max_down_swing_pct": 0.117394, "avg_up_swing": 9.0446, "avg_down_swing": 6.3636, "max_up_swing": 28.71, "max_down_swing": 31.39}, "3:53 PM": {"sessions": 100, "up_hits": 0, "up_rate": 0.0, "down_hits": 0, "down_rate": 0.0, "both_hits": 0, "both_rate": 0.0, "neither_hits": 100, "neither_rate": 1.0, "avg_up_swing_pct": 0.026409, "avg_down_swing_pct": 0.017808, "max_up_swing_pct": 0.109484, "max_down_swing_pct": 0.119041, "avg_up_swing": 9.0174, "avg_down_swing": 6.3908, "max_up_swing": 28.305, "max_down_swing": 31.89}, "3:54 PM": {"sessions": 100, "up_hits": 0, "up_rate": 0.0, "down_hits": 0, "down_rate": 0.0, "both_hits": 0, "both_rate": 0.0, "neither_hits": 100, "neither_rate": 1.0, "avg_up_swing_pct": 0.026359, "avg_down_swing_pct": 0.01786, "max_up_swing_pct": 0.10807, "max_down_swing_pct": 0.119107, "avg_up_swing": 8.9986, "avg_down_swing": 6.4096, "max_up_swing": 27.975, "max_down_swing": 31.91}, "3:55 PM": {"sessions": 100, "up_hits": 0, "up_rate": 0.0, "down_hits": 0, "down_rate": 0.0, "both_hits": 0, "both_rate": 0.0, "neither_hits": 100, "neither_rate": 1.0, "avg_up_swing_pct": 0.025932, "avg_down_swing_pct": 0.018264, "max_up_swing_pct": 0.109227, "max_down_swing_pct": 0.12006, "avg_up_swing": 8.8612, "avg_down_swing": 6.5471, "max_up_swing": 28.245, "max_down_swing": 32.2}, "3:50\u201355 avg": {"sessions": 100, "up_hits": 0, "up_rate": 0.0, "down_hits": 0, "down_rate": 0.0, "both_hits": 0, "both_rate": 0.0, "neither_hits": 100, "neither_rate": 1.0, "avg_up_swing_pct": 0.026311, "avg_down_swing_pct": 0.017904, "max_up_swing_pct": 0.110677, "max_down_swing_pct": 0.117246, "avg_up_swing": 8.979, "avg_down_swing": 6.4292, "max_up_swing": 28.5825, "max_down_swing": 31.345}}}}, "swings": {"3:50 PM": {"avg_up_swing_pct": 0.02618, "avg_down_swing_pct": 0.018032, "max_up_swing_pct": 0.112281, "max_down_swing_pct": 0.113149, "avg_up_swing": 8.924, "avg_down_swing": 6.4842, "max_up_swing": 28.955, "max_down_swing": 30.11}, "3:51 PM": {"avg_up_swing_pct": 0.026497, "avg_down_swing_pct": 0.017727, "max_up_swing_pct": 0.113793, "max_down_swing_pct": 0.114679, "avg_up_swing": 9.0281, "avg_down_swing": 6.3801, "max_up_swing": 29.305, "max_down_swing": 30.57}, "3:52 PM": {"avg_up_swing_pct": 0.026505, "avg_down_swing_pct": 0.017716, "max_up_swing_pct": 0.111225, "max_down_swing_pct": 0.117394, "avg_up_swing": 9.0446, "avg_down_swing": 6.3636, "max_up_swing": 28.71, "max_down_swing": 31.39}, "3:53 PM": {"avg_up_swing_pct": 0.026409, "avg_down_swing_pct": 0.017808, "max_up_swing_pct": 0.109484, "max_down_swing_pct": 0.119041, "avg_up_swing": 9.0174, "avg_down_swing": 6.3908, "max_up_swing": 28.305, "max_down_swing": 31.89}, "3:54 PM": {"avg_up_swing_pct": 0.026359, "avg_down_swing_pct": 0.01786, "max_up_swing_pct": 0.10807, "max_down_swing_pct": 0.119107, "avg_up_swing": 8.9986, "avg_down_swing": 6.4096, "max_up_swing": 27.975, "max_down_swing": 31.91}, "3:55 PM": {"avg_up_swing_pct": 0.025932, "avg_down_swing_pct": 0.018264, "max_up_swing_pct": 0.109227, "max_down_swing_pct": 0.12006, "avg_up_swing": 8.8612, "avg_down_swing": 6.5471, "max_up_swing": 28.245, "max_down_swing": 32.2}, "3:50\u201355 avg": {"avg_up_swing_pct": 0.026311, "avg_down_swing_pct": 0.017904, "max_up_swing_pct": 0.110677, "max_down_swing_pct": 0.117246, "avg_up_swing": 8.979, "avg_down_swing": 6.4292, "max_up_swing": 28.5825, "max_down_swing": 31.345}}}}}, "AAPL": {"pcts": [0.005, 0.0075, 0.01, 0.0125, 0.015, 0.02, 0.025, 0.03, 0.035, 0.04, 0.05, 0.07, 0.1, 0.15], "days": ["Monday", "Tuesday", "Wednesday", "Thursday", "Friday"], "by_day": {"Monday": {"n_sessions": 95, "n_skipped": 9, "n_baseline_substituted": 7, "recommended_reference": "3:52 PM", "recommended_reference_deviation": 0.15, "steadiness": {"3:50 PM": 0.2033, "3:51 PM": 0.1555, "3:52 PM": 0.15, "3:53 PM": 0.1642, "3:54 PM": 0.1944, "3:55 PM": 0.3154}, "thresholds_pct": {"0.0050": {"pct": 0.005, "references": {"3:50 PM": {"sessions": 95, "up_hits": 61, "up_rate": 0.6421, "down_hits": 56, "down_rate": 0.5895, "both_hits": 24, "both_rate": 0.2526, "neither_hits": 2, "neither_rate": 0.0211, "avg_up_swing_pct": 0.011793, "avg_down_swing_pct": 0.009446, "max_up_swing_pct": 0.074341, "max_down_swing_pct": 0.078611, "avg_up_swing": 2.8528, "avg_down_swing": 2.3537, "max_up_swing": 14.73, "max_down_swing": 14.9}, "3:51 PM": {"sessions": 95, "up_hits": 62, "up_rate": 0.6526, "down_hits": 54, "down_rate": 0.5684, "both_hits": 22, "both_rate": 0.2316, "neither_hits": 1, "neither_rate": 0.0105, "avg_up_swing_pct": 0.011789, "avg_down_swing_pct": 0.00945, "max_up_swing_pct": 0.073583, "max_down_swing_pct": 0.078757, "avg_up_swing": 2.8513, "avg_down_swing": 2.3553, "max_up_swing": 14.59, "max_down_swing": 14.93}, "3:52 PM": {"sessions": 95, "up_hits": 61, "up_rate": 0.6421, "down_hits": 54, "down_rate": 0.5684, "both_hits": 22, "both_rate": 0.2316, "neither_hits": 2, "neither_rate": 0.0211, "avg_up_swing_pct": 0.011847, "avg_down_swing_pct": 0.009394, "max_up_swing_pct": 0.074043, "max_down_swing_pct": 0.077541, "avg_up_swing": 2.8698, "avg_down_swing": 2.3367, "max_up_swing": 14.675, "max_down_swing": 14.68}, "3:53 PM": {"sessions": 95, "up_hits": 61, "up_rate": 0.6421, "down_hits": 52, "down_rate": 0.5474, "both_hits": 20, "both_rate": 0.2105, "neither_hits": 2, "neither_rate": 0.0211, "avg_up_swing_pct": 0.01187, "avg_down_swing_pct": 0.009374, "max_up_swing_pct": 0.074775, "max_down_swing_pct": 0.076419, "avg_up_swing": 2.8686, "avg_down_swing": 2.3379, "max_up_swing": 14.81, "max_down_swing": 14.45}, "3:54 PM": {"sessions": 95, "up_hits": 62, "up_rate": 0.6526, "down_hits": 53, "down_rate": 0.5579, "both_hits": 22, "both_rate": 0.2316, "neither_hits": 2, "neither_rate": 0.0211, "avg_up_swing_pct": 0.011598, "avg_down_swing_pct": 0.009637, "max_up_swing_pct": 0.070721, "max_down_swing_pct": 0.076077, "avg_up_swing": 2.8073, "avg_down_swing": 2.3993, "max_up_swing": 14.06, "max_down_swing": 14.38}, "3:55 PM": {"sessions": 95, "up_hits": 59, "up_rate": 0.6211, "down_hits": 55, "down_rate": 0.5789, "both_hits": 21, "both_rate": 0.2211, "neither_hits": 2, "neither_rate": 0.0211, "avg_up_swing_pct": 0.011605, "avg_down_swing_pct": 0.009636, "max_up_swing_pct": 0.073015, "max_down_swing_pct": 0.074436, "avg_up_swing": 2.8075, "avg_down_swing": 2.3991, "max_up_swing": 14.485, "max_down_swing": 14.045}, "3:50\u201355 avg": {"sessions": 95, "up_hits": 62, "up_rate": 0.6526, "down_hits": 54, "down_rate": 0.5684, "both_hits": 23, "both_rate": 0.2421, "neither_hits": 2, "neither_rate": 0.0211, "avg_up_swing_pct": 0.011749, "avg_down_swing_pct": 0.009491, "max_up_swing_pct": 0.073411, "max_down_swing_pct": 0.076976, "avg_up_swing": 2.8429, "avg_down_swing": 2.3636, "max_up_swing": 14.5583, "max_down_swing": 14.5642}}}, "0.0075": {"pct": 0.0075, "references": {"3:50 PM": {"sessions": 95, "up_hits": 58, "up_rate": 0.6105, "down_hits": 47, "down_rate": 0.4947, "both_hits": 13, "both_rate": 0.1368, "neither_hits": 3, "neither_rate": 0.0316, "avg_up_swing_pct": 0.011793, "avg_down_swing_pct": 0.009446, "max_up_swing_pct": 0.074341, "max_down_swing_pct": 0.078611, "avg_up_swing": 2.8528, "avg_down_swing": 2.3537, "max_up_swing": 14.73, "max_down_swing": 14.9}, "3:51 PM": {"sessions": 95, "up_hits": 56, "up_rate": 0.5895, "down_hits": 46, "down_rate": 0.4842, "both_hits": 11, "both_rate": 0.1158, "neither_hits": 4, "neither_rate": 0.0421, "avg_up_swing_pct": 0.011789, "avg_down_swing_pct": 0.00945, "max_up_swing_pct": 0.073583, "max_down_swing_pct": 0.078757, "avg_up_swing": 2.8513, "avg_down_swing": 2.3553, "max_up_swing": 14.59, "max_down_swing": 14.93}, "3:52 PM": {"sessions": 95, "up_hits": 57, "up_rate": 0.6, "down_hits": 47, "down_rate": 0.4947, "both_hits": 13, "both_rate": 0.1368, "neither_hits": 4, "neither_rate": 0.0421, "avg_up_swing_pct": 0.011847, "avg_down_swing_pct": 0.009394, "max_up_swing_pct": 0.074043, "max_down_swing_pct": 0.077541, "avg_up_swing": 2.8698, "avg_down_swing": 2.3367, "max_up_swing": 14.675, "max_down_swing": 14.68}, "3:53 PM": {"sessions": 95, "up_hits": 58, "up_rate": 0.6105, "down_hits": 48, "down_rate": 0.5053, "both_hits": 14, "both_rate": 0.1474, "neither_hits": 3, "neither_rate": 0.0316, "avg_up_swing_pct": 0.01187, "avg_down_swing_pct": 0.009374, "max_up_swing_pct": 0.074775, "max_down_swing_pct": 0.076419, "avg_up_swing": 2.8686, "avg_down_swing": 2.3379, "max_up_swing": 14.81, "max_down_swing": 14.45}, "3:54 PM": {"sessions": 95, "up_hits": 54, "up_rate": 0.5684, "down_hits": 49, "down_rate": 0.5158, "both_hits": 14, "both_rate": 0.1474, "neither_hits": 6, "neither_rate": 0.0632, "avg_up_swing_pct": 0.011598, "avg_down_swing_pct": 0.009637, "max_up_swing_pct": 0.070721, "max_down_swing_pct": 0.076077, "avg_up_swing": 2.8073, "avg_down_swing": 2.3993, "max_up_swing": 14.06, "max_down_swing": 14.38}, "3:55 PM": {"sessions": 95, "up_hits": 50, "up_rate": 0.5263, "down_hits": 51, "down_rate": 0.5368, "both_hits": 12, "both_rate": 0.1263, "neither_hits": 6, "neither_rate": 0.0632, "avg_up_swing_pct": 0.011605, "avg_down_swing_pct": 0.009636, "max_up_swing_pct": 0.073015, "max_down_swing_pct": 0.074436, "avg_up_swing": 2.8075, "avg_down_swing": 2.3991, "max_up_swing": 14.485, "max_down_swing": 14.045}, "3:50\u201355 avg": {"sessions": 95, "up_hits": 57, "up_rate": 0.6, "down_hits": 48, "down_rate": 0.5053, "both_hits": 14, "both_rate": 0.1474, "neither_hits": 4, "neither_rate": 0.0421, "avg_up_swing_pct": 0.011749, "avg_down_swing_pct": 0.009491, "max_up_swing_pct": 0.073411, "max_down_swing_pct": 0.076976, "avg_up_swing": 2.8429, "avg_down_swing": 2.3636, "max_up_swing": 14.5583, "max_down_swing": 14.5642}}}, "0.0100": {"pct": 0.01, "references": {"3:50 PM": {"sessions": 95, "up_hits": 52, "up_rate": 0.5474, "down_hits": 42, "down_rate": 0.4421, "both_hits": 9, "both_rate": 0.0947, "neither_hits": 10, "neither_rate": 0.1053, "avg_up_swing_pct": 0.011793, "avg_down_swing_pct": 0.009446, "max_up_swing_pct": 0.074341, "max_down_swing_pct": 0.078611, "avg_up_swing": 2.8528, "avg_down_swing": 2.3537, "max_up_swing": 14.73, "max_down_swing": 14.9}, "3:51 PM": {"sessions": 95, "up_hits": 50, "up_rate": 0.5263, "down_hits": 42, "down_rate": 0.4421, "both_hits": 7, "both_rate": 0.0737, "neither_hits": 10, "neither_rate": 0.1053, "avg_up_swing_pct": 0.011789, "avg_down_swing_pct": 0.00945, "max_up_swing_pct": 0.073583, "max_down_swing_pct": 0.078757, "avg_up_swing": 2.8513, "avg_down_swing": 2.3553, "max_up_swing": 14.59, "max_down_swing": 14.93}, "3:52 PM": {"sessions": 95, "up_hits": 49, "up_rate": 0.5158, "down_hits": 43, "down_rate": 0.4526, "both_hits": 7, "both_rate": 0.0737, "neither_hits": 10, "neither_rate": 0.1053, "avg_up_swing_pct": 0.011847, "avg_down_swing_pct": 0.009394, "max_up_swing_pct": 0.074043, "max_down_swing_pct": 0.077541, "avg_up_swing": 2.8698, "avg_down_swing": 2.3367, "max_up_swing": 14.675, "max_down_swing": 14.68}, "3:53 PM": {"sessions": 95, "up_hits": 52, "up_rate": 0.5474, "down_hits": 43, "down_rate": 0.4526, "both_hits": 9, "both_rate": 0.0947, "neither_hits": 9, "neither_rate": 0.0947, "avg_up_swing_pct": 0.01187, "avg_down_swing_pct": 0.009374, "max_up_swing_pct": 0.074775, "max_down_swing_pct": 0.076419, "avg_up_swing": 2.8686, "avg_down_swing": 2.3379, "max_up_swing": 14.81, "max_down_swing": 14.45}, "3:54 PM": {"sessions": 95, "up_hits": 47, "up_rate": 0.4947, "down_hits": 43, "down_rate": 0.4526, "both_hits": 7, "both_rate": 0.0737, "neither_hits": 12, "neither_rate": 0.1263, "avg_up_swing_pct": 0.011598, "avg_down_swing_pct": 0.009637, "max_up_swing_pct": 0.070721, "max_down_swing_pct": 0.076077, "avg_up_swing": 2.8073, "avg_down_swing": 2.3993, "max_up_swing": 14.06, "max_down_swing": 14.38}, "3:55 PM": {"sessions": 95, "up_hits": 48, "up_rate": 0.5053, "down_hits": 43, "down_rate": 0.4526, "both_hits": 7, "both_rate": 0.0737, "neither_hits": 11, "neither_rate": 0.1158, "avg_up_swing_pct": 0.011605, "avg_down_swing_pct": 0.009636, "max_up_swing_pct": 0.073015, "max_down_swing_pct": 0.074436, "avg_up_swing": 2.8075, "avg_down_swing": 2.3991, "max_up_swing": 14.485, "max_down_swing": 14.045}, "3:50\u201355 avg": {"sessions": 95, "up_hits": 49, "up_rate": 0.5158, "down_hits": 42, "down_rate": 0.4421, "both_hits": 7, "both_rate": 0.0737, "neither_hits": 11, "neither_rate": 0.1158, "avg_up_swing_pct": 0.011749, "avg_down_swing_pct": 0.009491, "max_up_swing_pct": 0.073411, "max_down_swing_pct": 0.076976, "avg_up_swing": 2.8429, "avg_down_swing": 2.3636, "max_up_swing": 14.5583, "max_down_swing": 14.5642}}}, "0.0125": {"pct": 0.0125, "references": {"3:50 PM": {"sessions": 95, "up_hits": 47, "up_rate": 0.4947, "down_hits": 36, "down_rate": 0.3789, "both_hits": 6, "both_rate": 0.0632, "neither_hits": 18, "neither_rate": 0.1895, "avg_up_swing_pct": 0.011793, "avg_down_swing_pct": 0.009446, "max_up_swing_pct": 0.074341, "max_down_swing_pct": 0.078611, "avg_up_swing": 2.8528, "avg_down_swing": 2.3537, "max_up_swing": 14.73, "max_down_swing": 14.9}, "3:51 PM": {"sessions": 95, "up_hits": 47, "up_rate": 0.4947, "down_hits": 38, "down_rate": 0.4, "both_hits": 7, "both_rate": 0.0737, "neither_hits": 17, "neither_rate": 0.1789, "avg_up_swing_pct": 0.011789, "avg_down_swing_pct": 0.00945, "max_up_swing_pct": 0.073583, "max_down_swing_pct": 0.078757, "avg_up_swing": 2.8513, "avg_down_swing": 2.3553, "max_up_swing": 14.59, "max_down_swing": 14.93}, "3:52 PM": {"sessions": 95, "up_hits": 45, "up_rate": 0.4737, "down_hits": 38, "down_rate": 0.4, "both_hits": 6, "both_rate": 0.0632, "neither_hits": 18, "neither_rate": 0.1895, "avg_up_swing_pct": 0.011847, "avg_down_swing_pct": 0.009394, "max_up_swing_pct": 0.074043, "max_down_swing_pct": 0.077541, "avg_up_swing": 2.8698, "avg_down_swing": 2.3367, "max_up_swing": 14.675, "max_down_swing": 14.68}, "3:53 PM": {"sessions": 95, "up_hits": 45, "up_rate": 0.4737, "down_hits": 38, "down_rate": 0.4, "both_hits": 6, "both_rate": 0.0632, "neither_hits": 18, "neither_rate": 0.1895, "avg_up_swing_pct": 0.01187, "avg_down_swing_pct": 0.009374, "max_up_swing_pct": 0.074775, "max_down_swing_pct": 0.076419, "avg_up_swing": 2.8686, "avg_down_swing": 2.3379, "max_up_swing": 14.81, "max_down_swing": 14.45}, "3:54 PM": {"sessions": 95, "up_hits": 43, "up_rate": 0.4526, "down_hits": 39, "down_rate": 0.4105, "both_hits": 5, "both_rate": 0.0526, "neither_hits": 18, "neither_rate": 0.1895, "avg_up_swing_pct": 0.011598, "avg_down_swing_pct": 0.009637, "max_up_swing_pct": 0.070721, "max_down_swing_pct": 0.076077, "avg_up_swing": 2.8073, "avg_down_swing": 2.3993, "max_up_swing": 14.06, "max_down_swing": 14.38}, "3:55 PM": {"sessions": 95, "up_hits": 44, "up_rate": 0.4632, "down_hits": 37, "down_rate": 0.3895, "both_hits": 4, "both_rate": 0.0421, "neither_hits": 18, "neither_rate": 0.1895, "avg_up_swing_pct": 0.011605, "avg_down_swing_pct": 0.009636, "max_up_swing_pct": 0.073015, "max_down_swing_pct": 0.074436, "avg_up_swing": 2.8075, "avg_down_swing": 2.3991, "max_up_swing": 14.485, "max_down_swing": 14.045}, "3:50\u201355 avg": {"sessions": 95, "up_hits": 45, "up_rate": 0.4737, "down_hits": 39, "down_rate": 0.4105, "both_hits": 7, "both_rate": 0.0737, "neither_hits": 18, "neither_rate": 0.1895, "avg_up_swing_pct": 0.011749, "avg_down_swing_pct": 0.009491, "max_up_swing_pct": 0.073411, "max_down_swing_pct": 0.076976, "avg_up_swing": 2.8429, "avg_down_swing": 2.3636, "max_up_swing": 14.5583, "max_down_swing": 14.5642}}}, "0.0150": {"pct": 0.015, "references": {"3:50 PM": {"sessions": 95, "up_hits": 37, "up_rate": 0.3895, "down_hits": 31, "down_rate": 0.3263, "both_hits": 3, "both_rate": 0.0316, "neither_hits": 30, "neither_rate": 0.3158, "avg_up_swing_pct": 0.011793, "avg_down_swing_pct": 0.009446, "max_up_swing_pct": 0.074341, "max_down_swing_pct": 0.078611, "avg_up_swing": 2.8528, "avg_down_swing": 2.3537, "max_up_swing": 14.73, "max_down_swing": 14.9}, "3:51 PM": {"sessions": 95, "up_hits": 38, "up_rate": 0.4, "down_hits": 31, "down_rate": 0.3263, "both_hits": 4, "both_rate": 0.0421, "neither_hits": 30, "neither_rate": 0.3158, "avg_up_swing_pct": 0.011789, "avg_down_swing_pct": 0.00945, "max_up_swing_pct": 0.073583, "max_down_swing_pct": 0.078757, "avg_up_swing": 2.8513, "avg_down_swing": 2.3553, "max_up_swing": 14.59, "max_down_swing": 14.93}, "3:52 PM": {"sessions": 95, "up_hits": 39, "up_rate": 0.4105, "down_hits": 31, "down_rate": 0.3263, "both_hits": 4, "both_rate": 0.0421, "neither_hits": 29, "neither_rate": 0.3053, "avg_up_swing_pct": 0.011847, "avg_down_swing_pct": 0.009394, "max_up_swing_pct": 0.074043, "max_down_swing_pct": 0.077541, "avg_up_swing": 2.8698, "avg_down_swing": 2.3367, "max_up_swing": 14.675, "max_down_swing": 14.68}, "3:53 PM": {"sessions": 95, "up_hits": 38, "up_rate": 0.4, "down_hits": 31, "down_rate": 0.3263, "both_hits": 3, "both_rate": 0.0316, "neither_hits": 29, "neither_rate": 0.3053, "avg_up_swing_pct": 0.01187, "avg_down_swing_pct": 0.009374, "max_up_swing_pct": 0.074775, "max_down_swing_pct": 0.076419, "avg_up_swing": 2.8686, "avg_down_swing": 2.3379, "max_up_swing": 14.81, "max_down_swing": 14.45}, "3:54 PM": {"sessions": 95, "up_hits": 35, "up_rate": 0.3684, "down_hits": 33, "down_rate": 0.3474, "both_hits": 3, "both_rate": 0.0316, "neither_hits": 30, "neither_rate": 0.3158, "avg_up_swing_pct": 0.011598, "avg_down_swing_pct": 0.009637, "max_up_swing_pct": 0.070721, "max_down_swing_pct": 0.076077, "avg_up_swing": 2.8073, "avg_down_swing": 2.3993, "max_up_swing": 14.06, "max_down_swing": 14.38}, "3:55 PM": {"sessions": 95, "up_hits": 34, "up_rate": 0.3579, "down_hits": 33, "down_rate": 0.3474, "both_hits": 3, "both_rate": 0.0316, "neither_hits": 31, "neither_rate": 0.3263, "avg_up_swing_pct": 0.011605, "avg_down_swing_pct": 0.009636, "max_up_swing_pct": 0.073015, "max_down_swing_pct": 0.074436, "avg_up_swing": 2.8075, "avg_down_swing": 2.3991, "max_up_swing": 14.485, "max_down_swing": 14.045}, "3:50\u201355 avg": {"sessions": 95, "up_hits": 37, "up_rate": 0.3895, "down_hits": 33, "down_rate": 0.3474, "both_hits": 3, "both_rate": 0.0316, "neither_hits": 28, "neither_rate": 0.2947, "avg_up_swing_pct": 0.011749, "avg_down_swing_pct": 0.009491, "max_up_swing_pct": 0.073411, "max_down_swing_pct": 0.076976, "avg_up_swing": 2.8429, "avg_down_swing": 2.3636, "max_up_swing": 14.5583, "max_down_swing": 14.5642}}}, "0.0200": {"pct": 0.02, "references": {"3:50 PM": {"sessions": 95, "up_hits": 27, "up_rate": 0.2842, "down_hits": 21, "down_rate": 0.2211, "both_hits": 2, "both_rate": 0.0211, "neither_hits": 49, "neither_rate": 0.5158, "avg_up_swing_pct": 0.011793, "avg_down_swing_pct": 0.009446, "max_up_swing_pct": 0.074341, "max_down_swing_pct": 0.078611, "avg_up_swing": 2.8528, "avg_down_swing": 2.3537, "max_up_swing": 14.73, "max_down_swing": 14.9}, "3:51 PM": {"sessions": 95, "up_hits": 25, "up_rate": 0.2632, "down_hits": 20, "down_rate": 0.2105, "both_hits": 2, "both_rate": 0.0211, "neither_hits": 52, "neither_rate": 0.5474, "avg_up_swing_pct": 0.011789, "avg_down_swing_pct": 0.00945, "max_up_swing_pct": 0.073583, "max_down_swing_pct": 0.078757, "avg_up_swing": 2.8513, "avg_down_swing": 2.3553, "max_up_swing": 14.59, "max_down_swing": 14.93}, "3:52 PM": {"sessions": 95, "up_hits": 25, "up_rate": 0.2632, "down_hits": 20, "down_rate": 0.2105, "both_hits": 2, "both_rate": 0.0211, "neither_hits": 52, "neither_rate": 0.5474, "avg_up_swing_pct": 0.011847, "avg_down_swing_pct": 0.009394, "max_up_swing_pct": 0.074043, "max_down_swing_pct": 0.077541, "avg_up_swing": 2.8698, "avg_down_swing": 2.3367, "max_up_swing": 14.675, "max_down_swing": 14.68}, "3:53 PM": {"sessions": 95, "up_hits": 25, "up_rate": 0.2632, "down_hits": 20, "down_rate": 0.2105, "both_hits": 2, "both_rate": 0.0211, "neither_hits": 52, "neither_rate": 0.5474, "avg_up_swing_pct": 0.01187, "avg_down_swing_pct": 0.009374, "max_up_swing_pct": 0.074775, "max_down_swing_pct": 0.076419, "avg_up_swing": 2.8686, "avg_down_swing": 2.3379, "max_up_swing": 14.81, "max_down_swing": 14.45}, "3:54 PM": {"sessions": 95, "up_hits": 24, "up_rate": 0.2526, "down_hits": 20, "down_rate": 0.2105, "both_hits": 2, "both_rate": 0.0211, "neither_hits": 53, "neither_rate": 0.5579, "avg_up_swing_pct": 0.011598, "avg_down_swing_pct": 0.009637, "max_up_swing_pct": 0.070721, "max_down_swing_pct": 0.076077, "avg_up_swing": 2.8073, "avg_down_swing": 2.3993, "max_up_swing": 14.06, "max_down_swing": 14.38}, "3:55 PM": {"sessions": 95, "up_hits": 23, "up_rate": 0.2421, "down_hits": 20, "down_rate": 0.2105, "both_hits": 2, "both_rate": 0.0211, "neither_hits": 54, "neither_rate": 0.5684, "avg_up_swing_pct": 0.011605, "avg_down_swing_pct": 0.009636, "max_up_swing_pct": 0.073015, "max_down_swing_pct": 0.074436, "avg_up_swing": 2.8075, "avg_down_swing": 2.3991, "max_up_swing": 14.485, "max_down_swing": 14.045}, "3:50\u201355 avg": {"sessions": 95, "up_hits": 24, "up_rate": 0.2526, "down_hits": 19, "down_rate": 0.2, "both_hits": 2, "both_rate": 0.0211, "neither_hits": 54, "neither_rate": 0.5684, "avg_up_swing_pct": 0.011749, "avg_down_swing_pct": 0.009491, "max_up_swing_pct": 0.073411, "max_down_swing_pct": 0.076976, "avg_up_swing": 2.8429, "avg_down_swing": 2.3636, "max_up_swing": 14.5583, "max_down_swing": 14.5642}}}, "0.0250": {"pct": 0.025, "references": {"3:50 PM": {"sessions": 95, "up_hits": 13, "up_rate": 0.1368, "down_hits": 11, "down_rate": 0.1158, "both_hits": 0, "both_rate": 0.0, "neither_hits": 71, "neither_rate": 0.7474, "avg_up_swing_pct": 0.011793, "avg_down_swing_pct": 0.009446, "max_up_swing_pct": 0.074341, "max_down_swing_pct": 0.078611, "avg_up_swing": 2.8528, "avg_down_swing": 2.3537, "max_up_swing": 14.73, "max_down_swing": 14.9}, "3:51 PM": {"sessions": 95, "up_hits": 13, "up_rate": 0.1368, "down_hits": 11, "down_rate": 0.1158, "both_hits": 0, "both_rate": 0.0, "neither_hits": 71, "neither_rate": 0.7474, "avg_up_swing_pct": 0.011789, "avg_down_swing_pct": 0.00945, "max_up_swing_pct": 0.073583, "max_down_swing_pct": 0.078757, "avg_up_swing": 2.8513, "avg_down_swing": 2.3553, "max_up_swing": 14.59, "max_down_swing": 14.93}, "3:52 PM": {"sessions": 95, "up_hits": 14, "up_rate": 0.1474, "down_hits": 12, "down_rate": 0.1263, "both_hits": 1, "both_rate": 0.0105, "neither_hits": 70, "neither_rate": 0.7368, "avg_up_swing_pct": 0.011847, "avg_down_swing_pct": 0.009394, "max_up_swing_pct": 0.074043, "max_down_swing_pct": 0.077541, "avg_up_swing": 2.8698, "avg_down_swing": 2.3367, "max_up_swing": 14.675, "max_down_swing": 14.68}, "3:53 PM": {"sessions": 95, "up_hits": 14, "up_rate": 0.1474, "down_hits": 12, "down_rate": 0.1263, "both_hits": 1, "both_rate": 0.0105, "neither_hits": 70, "neither_rate": 0.7368, "avg_up_swing_pct": 0.01187, "avg_down_swing_pct": 0.009374, "max_up_swing_pct": 0.074775, "max_down_swing_pct": 0.076419, "avg_up_swing": 2.8686, "avg_down_swing": 2.3379, "max_up_swing": 14.81, "max_down_swing": 14.45}, "3:54 PM": {"sessions": 95, "up_hits": 12, "up_rate": 0.1263, "down_hits": 11, "down_rate": 0.1158, "both_hits": 1, "both_rate": 0.0105, "neither_hits": 73, "neither_rate": 0.7684, "avg_up_swing_pct": 0.011598, "avg_down_swing_pct": 0.009637, "max_up_swing_pct": 0.070721, "max_down_swing_pct": 0.076077, "avg_up_swing": 2.8073, "avg_down_swing": 2.3993, "max_up_swing": 14.06, "max_down_swing": 14.38}, "3:55 PM": {"sessions": 95, "up_hits": 14, "up_rate": 0.1474, "down_hits": 10, "down_rate": 0.1053, "both_hits": 1, "both_rate": 0.0105, "neither_hits": 72, "neither_rate": 0.7579, "avg_up_swing_pct": 0.011605, "avg_down_swing_pct": 0.009636, "max_up_swing_pct": 0.073015, "max_down_swing_pct": 0.074436, "avg_up_swing": 2.8075, "avg_down_swing": 2.3991, "max_up_swing": 14.485, "max_down_swing": 14.045}, "3:50\u201355 avg": {"sessions": 95, "up_hits": 14, "up_rate": 0.1474, "down_hits": 10, "down_rate": 0.1053, "both_hits": 1, "both_rate": 0.0105, "neither_hits": 72, "neither_rate": 0.7579, "avg_up_swing_pct": 0.011749, "avg_down_swing_pct": 0.009491, "max_up_swing_pct": 0.073411, "max_down_swing_pct": 0.076976, "avg_up_swing": 2.8429, "avg_down_swing": 2.3636, "max_up_swing": 14.5583, "max_down_swing": 14.5642}}}, "0.0300": {"pct": 0.03, "references": {"3:50 PM": {"sessions": 95, "up_hits": 8, "up_rate": 0.0842, "down_hits": 7, "down_rate": 0.0737, "both_hits": 0, "both_rate": 0.0, "neither_hits": 80, "neither_rate": 0.8421, "avg_up_swing_pct": 0.011793, "avg_down_swing_pct": 0.009446, "max_up_swing_pct": 0.074341, "max_down_swing_pct": 0.078611, "avg_up_swing": 2.8528, "avg_down_swing": 2.3537, "max_up_swing": 14.73, "max_down_swing": 14.9}, "3:51 PM": {"sessions": 95, "up_hits": 8, "up_rate": 0.0842, "down_hits": 7, "down_rate": 0.0737, "both_hits": 0, "both_rate": 0.0, "neither_hits": 80, "neither_rate": 0.8421, "avg_up_swing_pct": 0.011789, "avg_down_swing_pct": 0.00945, "max_up_swing_pct": 0.073583, "max_down_swing_pct": 0.078757, "avg_up_swing": 2.8513, "avg_down_swing": 2.3553, "max_up_swing": 14.59, "max_down_swing": 14.93}, "3:52 PM": {"sessions": 95, "up_hits": 8, "up_rate": 0.0842, "down_hits": 8, "down_rate": 0.0842, "both_hits": 0, "both_rate": 0.0, "neither_hits": 79, "neither_rate": 0.8316, "avg_up_swing_pct": 0.011847, "avg_down_swing_pct": 0.009394, "max_up_swing_pct": 0.074043, "max_down_swing_pct": 0.077541, "avg_up_swing": 2.8698, "avg_down_swing": 2.3367, "max_up_swing": 14.675, "max_down_swing": 14.68}, "3:53 PM": {"sessions": 95, "up_hits": 9, "up_rate": 0.0947, "down_hits": 7, "down_rate": 0.0737, "both_hits": 0, "both_rate": 0.0, "neither_hits": 79, "neither_rate": 0.8316, "avg_up_swing_pct": 0.01187, "avg_down_swing_pct": 0.009374, "max_up_swing_pct": 0.074775, "max_down_swing_pct": 0.076419, "avg_up_swing": 2.8686, "avg_down_swing": 2.3379, "max_up_swing": 14.81, "max_down_swing": 14.45}, "3:54 PM": {"sessions": 95, "up_hits": 8, "up_rate": 0.0842, "down_hits": 8, "down_rate": 0.0842, "both_hits": 0, "both_rate": 0.0, "neither_hits": 79, "neither_rate": 0.8316, "avg_up_swing_pct": 0.011598, "avg_down_swing_pct": 0.009637, "max_up_swing_pct": 0.070721, "max_down_swing_pct": 0.076077, "avg_up_swing": 2.8073, "avg_down_swing": 2.3993, "max_up_swing": 14.06, "max_down_swing": 14.38}, "3:55 PM": {"sessions": 95, "up_hits": 8, "up_rate": 0.0842, "down_hits": 9, "down_rate": 0.0947, "both_hits": 0, "both_rate": 0.0, "neither_hits": 78, "neither_rate": 0.8211, "avg_up_swing_pct": 0.011605, "avg_down_swing_pct": 0.009636, "max_up_swing_pct": 0.073015, "max_down_swing_pct": 0.074436, "avg_up_swing": 2.8075, "avg_down_swing": 2.3991, "max_up_swing": 14.485, "max_down_swing": 14.045}, "3:50\u201355 avg": {"sessions": 95, "up_hits": 8, "up_rate": 0.0842, "down_hits": 7, "down_rate": 0.0737, "both_hits": 0, "both_rate": 0.0, "neither_hits": 80, "neither_rate": 0.8421, "avg_up_swing_pct": 0.011749, "avg_down_swing_pct": 0.009491, "max_up_swing_pct": 0.073411, "max_down_swing_pct": 0.076976, "avg_up_swing": 2.8429, "avg_down_swing": 2.3636, "max_up_swing": 14.5583, "max_down_swing": 14.5642}}}, "0.0350": {"pct": 0.035, "references": {"3:50 PM": {"sessions": 95, "up_hits": 5, "up_rate": 0.0526, "down_hits": 3, "down_rate": 0.0316, "both_hits": 0, "both_rate": 0.0, "neither_hits": 87, "neither_rate": 0.9158, "avg_up_swing_pct": 0.011793, "avg_down_swing_pct": 0.009446, "max_up_swing_pct": 0.074341, "max_down_swing_pct": 0.078611, "avg_up_swing": 2.8528, "avg_down_swing": 2.3537, "max_up_swing": 14.73, "max_down_swing": 14.9}, "3:51 PM": {"sessions": 95, "up_hits": 6, "up_rate": 0.0632, "down_hits": 3, "down_rate": 0.0316, "both_hits": 0, "both_rate": 0.0, "neither_hits": 86, "neither_rate": 0.9053, "avg_up_swing_pct": 0.011789, "avg_down_swing_pct": 0.00945, "max_up_swing_pct": 0.073583, "max_down_swing_pct": 0.078757, "avg_up_swing": 2.8513, "avg_down_swing": 2.3553, "max_up_swing": 14.59, "max_down_swing": 14.93}, "3:52 PM": {"sessions": 95, "up_hits": 6, "up_rate": 0.0632, "down_hits": 3, "down_rate": 0.0316, "both_hits": 0, "both_rate": 0.0, "neither_hits": 86, "neither_rate": 0.9053, "avg_up_swing_pct": 0.011847, "avg_down_swing_pct": 0.009394, "max_up_swing_pct": 0.074043, "max_down_swing_pct": 0.077541, "avg_up_swing": 2.8698, "avg_down_swing": 2.3367, "max_up_swing": 14.675, "max_down_swing": 14.68}, "3:53 PM": {"sessions": 95, "up_hits": 6, "up_rate": 0.0632, "down_hits": 3, "down_rate": 0.0316, "both_hits": 0, "both_rate": 0.0, "neither_hits": 86, "neither_rate": 0.9053, "avg_up_swing_pct": 0.01187, "avg_down_swing_pct": 0.009374, "max_up_swing_pct": 0.074775, "max_down_swing_pct": 0.076419, "avg_up_swing": 2.8686, "avg_down_swing": 2.3379, "max_up_swing": 14.81, "max_down_swing": 14.45}, "3:54 PM": {"sessions": 95, "up_hits": 6, "up_rate": 0.0632, "down_hits": 4, "down_rate": 0.0421, "both_hits": 0, "both_rate": 0.0, "neither_hits": 85, "neither_rate": 0.8947, "avg_up_swing_pct": 0.011598, "avg_down_swing_pct": 0.009637, "max_up_swing_pct": 0.070721, "max_down_swing_pct": 0.076077, "avg_up_swing": 2.8073, "avg_down_swing": 2.3993, "max_up_swing": 14.06, "max_down_swing": 14.38}, "3:55 PM": {"sessions": 95, "up_hits": 6, "up_rate": 0.0632, "down_hits": 4, "down_rate": 0.0421, "both_hits": 0, "both_rate": 0.0, "neither_hits": 85, "neither_rate": 0.8947, "avg_up_swing_pct": 0.011605, "avg_down_swing_pct": 0.009636, "max_up_swing_pct": 0.073015, "max_down_swing_pct": 0.074436, "avg_up_swing": 2.8075, "avg_down_swing": 2.3991, "max_up_swing": 14.485, "max_down_swing": 14.045}, "3:50\u201355 avg": {"sessions": 95, "up_hits": 6, "up_rate": 0.0632, "down_hits": 3, "down_rate": 0.0316, "both_hits": 0, "both_rate": 0.0, "neither_hits": 86, "neither_rate": 0.9053, "avg_up_swing_pct": 0.011749, "avg_down_swing_pct": 0.009491, "max_up_swing_pct": 0.073411, "max_down_swing_pct": 0.076976, "avg_up_swing": 2.8429, "avg_down_swing": 2.3636, "max_up_swing": 14.5583, "max_down_swing": 14.5642}}}, "0.0400": {"pct": 0.04, "references": {"3:50 PM": {"sessions": 95, "up_hits": 5, "up_rate": 0.0526, "down_hits": 2, "down_rate": 0.0211, "both_hits": 0, "both_rate": 0.0, "neither_hits": 88, "neither_rate": 0.9263, "avg_up_swing_pct": 0.011793, "avg_down_swing_pct": 0.009446, "max_up_swing_pct": 0.074341, "max_down_swing_pct": 0.078611, "avg_up_swing": 2.8528, "avg_down_swing": 2.3537, "max_up_swing": 14.73, "max_down_swing": 14.9}, "3:51 PM": {"sessions": 95, "up_hits": 5, "up_rate": 0.0526, "down_hits": 2, "down_rate": 0.0211, "both_hits": 0, "both_rate": 0.0, "neither_hits": 88, "neither_rate": 0.9263, "avg_up_swing_pct": 0.011789, "avg_down_swing_pct": 0.00945, "max_up_swing_pct": 0.073583, "max_down_swing_pct": 0.078757, "avg_up_swing": 2.8513, "avg_down_swing": 2.3553, "max_up_swing": 14.59, "max_down_swing": 14.93}, "3:52 PM": {"sessions": 95, "up_hits": 5, "up_rate": 0.0526, "down_hits": 2, "down_rate": 0.0211, "both_hits": 0, "both_rate": 0.0, "neither_hits": 88, "neither_rate": 0.9263, "avg_up_swing_pct": 0.011847, "avg_down_swing_pct": 0.009394, "max_up_swing_pct": 0.074043, "max_down_swing_pct": 0.077541, "avg_up_swing": 2.8698, "avg_down_swing": 2.3367, "max_up_swing": 14.675, "max_down_swing": 14.68}, "3:53 PM": {"sessions": 95, "up_hits": 6, "up_rate": 0.0632, "down_hits": 2, "down_rate": 0.0211, "both_hits": 0, "both_rate": 0.0, "neither_hits": 87, "neither_rate": 0.9158, "avg_up_swing_pct": 0.01187, "avg_down_swing_pct": 0.009374, "max_up_swing_pct": 0.074775, "max_down_swing_pct": 0.076419, "avg_up_swing": 2.8686, "avg_down_swing": 2.3379, "max_up_swing": 14.81, "max_down_swing": 14.45}, "3:54 PM": {"sessions": 95, "up_hits": 6, "up_rate": 0.0632, "down_hits": 2, "down_rate": 0.0211, "both_hits": 0, "both_rate": 0.0, "neither_hits": 87, "neither_rate": 0.9158, "avg_up_swing_pct": 0.011598, "avg_down_swing_pct": 0.009637, "max_up_swing_pct": 0.070721, "max_down_swing_pct": 0.076077, "avg_up_swing": 2.8073, "avg_down_swing": 2.3993, "max_up_swing": 14.06, "max_down_swing": 14.38}, "3:55 PM": {"sessions": 95, "up_hits": 6, "up_rate": 0.0632, "down_hits": 2, "down_rate": 0.0211, "both_hits": 0, "both_rate": 0.0, "neither_hits": 87, "neither_rate": 0.9158, "avg_up_swing_pct": 0.011605, "avg_down_swing_pct": 0.009636, "max_up_swing_pct": 0.073015, "max_down_swing_pct": 0.074436, "avg_up_swing": 2.8075, "avg_down_swing": 2.3991, "max_up_swing": 14.485, "max_down_swing": 14.045}, "3:50\u201355 avg": {"sessions": 95, "up_hits": 5, "up_rate": 0.0526, "down_hits": 2, "down_rate": 0.0211, "both_hits": 0, "both_rate": 0.0, "neither_hits": 88, "neither_rate": 0.9263, "avg_up_swing_pct": 0.011749, "avg_down_swing_pct": 0.009491, "max_up_swing_pct": 0.073411, "max_down_swing_pct": 0.076976, "avg_up_swing": 2.8429, "avg_down_swing": 2.3636, "max_up_swing": 14.5583, "max_down_swing": 14.5642}}}, "0.0500": {"pct": 0.05, "references": {"3:50 PM": {"sessions": 95, "up_hits": 2, "up_rate": 0.0211, "down_hits": 1, "down_rate": 0.0105, "both_hits": 0, "both_rate": 0.0, "neither_hits": 92, "neither_rate": 0.9684, "avg_up_swing_pct": 0.011793, "avg_down_swing_pct": 0.009446, "max_up_swing_pct": 0.074341, "max_down_swing_pct": 0.078611, "avg_up_swing": 2.8528, "avg_down_swing": 2.3537, "max_up_swing": 14.73, "max_down_swing": 14.9}, "3:51 PM": {"sessions": 95, "up_hits": 2, "up_rate": 0.0211, "down_hits": 1, "down_rate": 0.0105, "both_hits": 0, "both_rate": 0.0, "neither_hits": 92, "neither_rate": 0.9684, "avg_up_swing_pct": 0.011789, "avg_down_swing_pct": 0.00945, "max_up_swing_pct": 0.073583, "max_down_swing_pct": 0.078757, "avg_up_swing": 2.8513, "avg_down_swing": 2.3553, "max_up_swing": 14.59, "max_down_swing": 14.93}, "3:52 PM": {"sessions": 95, "up_hits": 2, "up_rate": 0.0211, "down_hits": 1, "down_rate": 0.0105, "both_hits": 0, "both_rate": 0.0, "neither_hits": 92, "neither_rate": 0.9684, "avg_up_swing_pct": 0.011847, "avg_down_swing_pct": 0.009394, "max_up_swing_pct": 0.074043, "max_down_swing_pct": 0.077541, "avg_up_swing": 2.8698, "avg_down_swing": 2.3367, "max_up_swing": 14.675, "max_down_swing": 14.68}, "3:53 PM": {"sessions": 95, "up_hits": 2, "up_rate": 0.0211, "down_hits": 1, "down_rate": 0.0105, "both_hits": 0, "both_rate": 0.0, "neither_hits": 92, "neither_rate": 0.9684, "avg_up_swing_pct": 0.01187, "avg_down_swing_pct": 0.009374, "max_up_swing_pct": 0.074775, "max_down_swing_pct": 0.076419, "avg_up_swing": 2.8686, "avg_down_swing": 2.3379, "max_up_swing": 14.81, "max_down_swing": 14.45}, "3:54 PM": {"sessions": 95, "up_hits": 2, "up_rate": 0.0211, "down_hits": 1, "down_rate": 0.0105, "both_hits": 0, "both_rate": 0.0, "neither_hits": 92, "neither_rate": 0.9684, "avg_up_swing_pct": 0.011598, "avg_down_swing_pct": 0.009637, "max_up_swing_pct": 0.070721, "max_down_swing_pct": 0.076077, "avg_up_swing": 2.8073, "avg_down_swing": 2.3993, "max_up_swing": 14.06, "max_down_swing": 14.38}, "3:55 PM": {"sessions": 95, "up_hits": 2, "up_rate": 0.0211, "down_hits": 1, "down_rate": 0.0105, "both_hits": 0, "both_rate": 0.0, "neither_hits": 92, "neither_rate": 0.9684, "avg_up_swing_pct": 0.011605, "avg_down_swing_pct": 0.009636, "max_up_swing_pct": 0.073015, "max_down_swing_pct": 0.074436, "avg_up_swing": 2.8075, "avg_down_swing": 2.3991, "max_up_swing": 14.485, "max_down_swing": 14.045}, "3:50\u201355 avg": {"sessions": 95, "up_hits": 2, "up_rate": 0.0211, "down_hits": 1, "down_rate": 0.0105, "both_hits": 0, "both_rate": 0.0, "neither_hits": 92, "neither_rate": 0.9684, "avg_up_swing_pct": 0.011749, "avg_down_swing_pct": 0.009491, "max_up_swing_pct": 0.073411, "max_down_swing_pct": 0.076976, "avg_up_swing": 2.8429, "avg_down_swing": 2.3636, "max_up_swing": 14.5583, "max_down_swing": 14.5642}}}, "0.0700": {"pct": 0.07, "references": {"3:50 PM": {"sessions": 95, "up_hits": 1, "up_rate": 0.0105, "down_hits": 1, "down_rate": 0.0105, "both_hits": 0, "both_rate": 0.0, "neither_hits": 93, "neither_rate": 0.9789, "avg_up_swing_pct": 0.011793, "avg_down_swing_pct": 0.009446, "max_up_swing_pct": 0.074341, "max_down_swing_pct": 0.078611, "avg_up_swing": 2.8528, "avg_down_swing": 2.3537, "max_up_swing": 14.73, "max_down_swing": 14.9}, "3:51 PM": {"sessions": 95, "up_hits": 1, "up_rate": 0.0105, "down_hits": 1, "down_rate": 0.0105, "both_hits": 0, "both_rate": 0.0, "neither_hits": 93, "neither_rate": 0.9789, "avg_up_swing_pct": 0.011789, "avg_down_swing_pct": 0.00945, "max_up_swing_pct": 0.073583, "max_down_swing_pct": 0.078757, "avg_up_swing": 2.8513, "avg_down_swing": 2.3553, "max_up_swing": 14.59, "max_down_swing": 14.93}, "3:52 PM": {"sessions": 95, "up_hits": 1, "up_rate": 0.0105, "down_hits": 1, "down_rate": 0.0105, "both_hits": 0, "both_rate": 0.0, "neither_hits": 93, "neither_rate": 0.9789, "avg_up_swing_pct": 0.011847, "avg_down_swing_pct": 0.009394, "max_up_swing_pct": 0.074043, "max_down_swing_pct": 0.077541, "avg_up_swing": 2.8698, "avg_down_swing": 2.3367, "max_up_swing": 14.675, "max_down_swing": 14.68}, "3:53 PM": {"sessions": 95, "up_hits": 1, "up_rate": 0.0105, "down_hits": 1, "down_rate": 0.0105, "both_hits": 0, "both_rate": 0.0, "neither_hits": 93, "neither_rate": 0.9789, "avg_up_swing_pct": 0.01187, "avg_down_swing_pct": 0.009374, "max_up_swing_pct": 0.074775, "max_down_swing_pct": 0.076419, "avg_up_swing": 2.8686, "avg_down_swing": 2.3379, "max_up_swing": 14.81, "max_down_swing": 14.45}, "3:54 PM": {"sessions": 95, "up_hits": 1, "up_rate": 0.0105, "down_hits": 1, "down_rate": 0.0105, "both_hits": 0, "both_rate": 0.0, "neither_hits": 93, "neither_rate": 0.9789, "avg_up_swing_pct": 0.011598, "avg_down_swing_pct": 0.009637, "max_up_swing_pct": 0.070721, "max_down_swing_pct": 0.076077, "avg_up_swing": 2.8073, "avg_down_swing": 2.3993, "max_up_swing": 14.06, "max_down_swing": 14.38}, "3:55 PM": {"sessions": 95, "up_hits": 1, "up_rate": 0.0105, "down_hits": 1, "down_rate": 0.0105, "both_hits": 0, "both_rate": 0.0, "neither_hits": 93, "neither_rate": 0.9789, "avg_up_swing_pct": 0.011605, "avg_down_swing_pct": 0.009636, "max_up_swing_pct": 0.073015, "max_down_swing_pct": 0.074436, "avg_up_swing": 2.8075, "avg_down_swing": 2.3991, "max_up_swing": 14.485, "max_down_swing": 14.045}, "3:50\u201355 avg": {"sessions": 95, "up_hits": 1, "up_rate": 0.0105, "down_hits": 1, "down_rate": 0.0105, "both_hits": 0, "both_rate": 0.0, "neither_hits": 93, "neither_rate": 0.9789, "avg_up_swing_pct": 0.011749, "avg_down_swing_pct": 0.009491, "max_up_swing_pct": 0.073411, "max_down_swing_pct": 0.076976, "avg_up_swing": 2.8429, "avg_down_swing": 2.3636, "max_up_swing": 14.5583, "max_down_swing": 14.5642}}}, "0.1000": {"pct": 0.1, "references": {"3:50 PM": {"sessions": 95, "up_hits": 0, "up_rate": 0.0, "down_hits": 0, "down_rate": 0.0, "both_hits": 0, "both_rate": 0.0, "neither_hits": 95, "neither_rate": 1.0, "avg_up_swing_pct": 0.011793, "avg_down_swing_pct": 0.009446, "max_up_swing_pct": 0.074341, "max_down_swing_pct": 0.078611, "avg_up_swing": 2.8528, "avg_down_swing": 2.3537, "max_up_swing": 14.73, "max_down_swing": 14.9}, "3:51 PM": {"sessions": 95, "up_hits": 0, "up_rate": 0.0, "down_hits": 0, "down_rate": 0.0, "both_hits": 0, "both_rate": 0.0, "neither_hits": 95, "neither_rate": 1.0, "avg_up_swing_pct": 0.011789, "avg_down_swing_pct": 0.00945, "max_up_swing_pct": 0.073583, "max_down_swing_pct": 0.078757, "avg_up_swing": 2.8513, "avg_down_swing": 2.3553, "max_up_swing": 14.59, "max_down_swing": 14.93}, "3:52 PM": {"sessions": 95, "up_hits": 0, "up_rate": 0.0, "down_hits": 0, "down_rate": 0.0, "both_hits": 0, "both_rate": 0.0, "neither_hits": 95, "neither_rate": 1.0, "avg_up_swing_pct": 0.011847, "avg_down_swing_pct": 0.009394, "max_up_swing_pct": 0.074043, "max_down_swing_pct": 0.077541, "avg_up_swing": 2.8698, "avg_down_swing": 2.3367, "max_up_swing": 14.675, "max_down_swing": 14.68}, "3:53 PM": {"sessions": 95, "up_hits": 0, "up_rate": 0.0, "down_hits": 0, "down_rate": 0.0, "both_hits": 0, "both_rate": 0.0, "neither_hits": 95, "neither_rate": 1.0, "avg_up_swing_pct": 0.01187, "avg_down_swing_pct": 0.009374, "max_up_swing_pct": 0.074775, "max_down_swing_pct": 0.076419, "avg_up_swing": 2.8686, "avg_down_swing": 2.3379, "max_up_swing": 14.81, "max_down_swing": 14.45}, "3:54 PM": {"sessions": 95, "up_hits": 0, "up_rate": 0.0, "down_hits": 0, "down_rate": 0.0, "both_hits": 0, "both_rate": 0.0, "neither_hits": 95, "neither_rate": 1.0, "avg_up_swing_pct": 0.011598, "avg_down_swing_pct": 0.009637, "max_up_swing_pct": 0.070721, "max_down_swing_pct": 0.076077, "avg_up_swing": 2.8073, "avg_down_swing": 2.3993, "max_up_swing": 14.06, "max_down_swing": 14.38}, "3:55 PM": {"sessions": 95, "up_hits": 0, "up_rate": 0.0, "down_hits": 0, "down_rate": 0.0, "both_hits": 0, "both_rate": 0.0, "neither_hits": 95, "neither_rate": 1.0, "avg_up_swing_pct": 0.011605, "avg_down_swing_pct": 0.009636, "max_up_swing_pct": 0.073015, "max_down_swing_pct": 0.074436, "avg_up_swing": 2.8075, "avg_down_swing": 2.3991, "max_up_swing": 14.485, "max_down_swing": 14.045}, "3:50\u201355 avg": {"sessions": 95, "up_hits": 0, "up_rate": 0.0, "down_hits": 0, "down_rate": 0.0, "both_hits": 0, "both_rate": 0.0, "neither_hits": 95, "neither_rate": 1.0, "avg_up_swing_pct": 0.011749, "avg_down_swing_pct": 0.009491, "max_up_swing_pct": 0.073411, "max_down_swing_pct": 0.076976, "avg_up_swing": 2.8429, "avg_down_swing": 2.3636, "max_up_swing": 14.5583, "max_down_swing": 14.5642}}}, "0.1500": {"pct": 0.15, "references": {"3:50 PM": {"sessions": 95, "up_hits": 0, "up_rate": 0.0, "down_hits": 0, "down_rate": 0.0, "both_hits": 0, "both_rate": 0.0, "neither_hits": 95, "neither_rate": 1.0, "avg_up_swing_pct": 0.011793, "avg_down_swing_pct": 0.009446, "max_up_swing_pct": 0.074341, "max_down_swing_pct": 0.078611, "avg_up_swing": 2.8528, "avg_down_swing": 2.3537, "max_up_swing": 14.73, "max_down_swing": 14.9}, "3:51 PM": {"sessions": 95, "up_hits": 0, "up_rate": 0.0, "down_hits": 0, "down_rate": 0.0, "both_hits": 0, "both_rate": 0.0, "neither_hits": 95, "neither_rate": 1.0, "avg_up_swing_pct": 0.011789, "avg_down_swing_pct": 0.00945, "max_up_swing_pct": 0.073583, "max_down_swing_pct": 0.078757, "avg_up_swing": 2.8513, "avg_down_swing": 2.3553, "max_up_swing": 14.59, "max_down_swing": 14.93}, "3:52 PM": {"sessions": 95, "up_hits": 0, "up_rate": 0.0, "down_hits": 0, "down_rate": 0.0, "both_hits": 0, "both_rate": 0.0, "neither_hits": 95, "neither_rate": 1.0, "avg_up_swing_pct": 0.011847, "avg_down_swing_pct": 0.009394, "max_up_swing_pct": 0.074043, "max_down_swing_pct": 0.077541, "avg_up_swing": 2.8698, "avg_down_swing": 2.3367, "max_up_swing": 14.675, "max_down_swing": 14.68}, "3:53 PM": {"sessions": 95, "up_hits": 0, "up_rate": 0.0, "down_hits": 0, "down_rate": 0.0, "both_hits": 0, "both_rate": 0.0, "neither_hits": 95, "neither_rate": 1.0, "avg_up_swing_pct": 0.01187, "avg_down_swing_pct": 0.009374, "max_up_swing_pct": 0.074775, "max_down_swing_pct": 0.076419, "avg_up_swing": 2.8686, "avg_down_swing": 2.3379, "max_up_swing": 14.81, "max_down_swing": 14.45}, "3:54 PM": {"sessions": 95, "up_hits": 0, "up_rate": 0.0, "down_hits": 0, "down_rate": 0.0, "both_hits": 0, "both_rate": 0.0, "neither_hits": 95, "neither_rate": 1.0, "avg_up_swing_pct": 0.011598, "avg_down_swing_pct": 0.009637, "max_up_swing_pct": 0.070721, "max_down_swing_pct": 0.076077, "avg_up_swing": 2.8073, "avg_down_swing": 2.3993, "max_up_swing": 14.06, "max_down_swing": 14.38}, "3:55 PM": {"sessions": 95, "up_hits": 0, "up_rate": 0.0, "down_hits": 0, "down_rate": 0.0, "both_hits": 0, "both_rate": 0.0, "neither_hits": 95, "neither_rate": 1.0, "avg_up_swing_pct": 0.011605, "avg_down_swing_pct": 0.009636, "max_up_swing_pct": 0.073015, "max_down_swing_pct": 0.074436, "avg_up_swing": 2.8075, "avg_down_swing": 2.3991, "max_up_swing": 14.485, "max_down_swing": 14.045}, "3:50\u201355 avg": {"sessions": 95, "up_hits": 0, "up_rate": 0.0, "down_hits": 0, "down_rate": 0.0, "both_hits": 0, "both_rate": 0.0, "neither_hits": 95, "neither_rate": 1.0, "avg_up_swing_pct": 0.011749, "avg_down_swing_pct": 0.009491, "max_up_swing_pct": 0.073411, "max_down_swing_pct": 0.076976, "avg_up_swing": 2.8429, "avg_down_swing": 2.3636, "max_up_swing": 14.5583, "max_down_swing": 14.5642}}}}, "swings": {"3:50 PM": {"avg_up_swing_pct": 0.011793, "avg_down_swing_pct": 0.009446, "max_up_swing_pct": 0.074341, "max_down_swing_pct": 0.078611, "avg_up_swing": 2.8528, "avg_down_swing": 2.3537, "max_up_swing": 14.73, "max_down_swing": 14.9}, "3:51 PM": {"avg_up_swing_pct": 0.011789, "avg_down_swing_pct": 0.00945, "max_up_swing_pct": 0.073583, "max_down_swing_pct": 0.078757, "avg_up_swing": 2.8513, "avg_down_swing": 2.3553, "max_up_swing": 14.59, "max_down_swing": 14.93}, "3:52 PM": {"avg_up_swing_pct": 0.011847, "avg_down_swing_pct": 0.009394, "max_up_swing_pct": 0.074043, "max_down_swing_pct": 0.077541, "avg_up_swing": 2.8698, "avg_down_swing": 2.3367, "max_up_swing": 14.675, "max_down_swing": 14.68}, "3:53 PM": {"avg_up_swing_pct": 0.01187, "avg_down_swing_pct": 0.009374, "max_up_swing_pct": 0.074775, "max_down_swing_pct": 0.076419, "avg_up_swing": 2.8686, "avg_down_swing": 2.3379, "max_up_swing": 14.81, "max_down_swing": 14.45}, "3:54 PM": {"avg_up_swing_pct": 0.011598, "avg_down_swing_pct": 0.009637, "max_up_swing_pct": 0.070721, "max_down_swing_pct": 0.076077, "avg_up_swing": 2.8073, "avg_down_swing": 2.3993, "max_up_swing": 14.06, "max_down_swing": 14.38}, "3:55 PM": {"avg_up_swing_pct": 0.011605, "avg_down_swing_pct": 0.009636, "max_up_swing_pct": 0.073015, "max_down_swing_pct": 0.074436, "avg_up_swing": 2.8075, "avg_down_swing": 2.3991, "max_up_swing": 14.485, "max_down_swing": 14.045}, "3:50\u201355 avg": {"avg_up_swing_pct": 0.011749, "avg_down_swing_pct": 0.009491, "max_up_swing_pct": 0.073411, "max_down_swing_pct": 0.076976, "avg_up_swing": 2.8429, "avg_down_swing": 2.3636, "max_up_swing": 14.5583, "max_down_swing": 14.5642}}}, "Tuesday": {"n_sessions": 104, "n_skipped": 0, "n_baseline_substituted": 10, "recommended_reference": "3:52 PM", "recommended_reference_deviation": 0.1091, "steadiness": {"3:50 PM": 0.1616, "3:51 PM": 0.133, "3:52 PM": 0.1091, "3:53 PM": 0.116, "3:54 PM": 0.164, "3:55 PM": 0.2605}, "thresholds_pct": {"0.0050": {"pct": 0.005, "references": {"3:50 PM": {"sessions": 104, "up_hits": 73, "up_rate": 0.7019, "down_hits": 60, "down_rate": 0.5769, "both_hits": 29, "both_rate": 0.2788, "neither_hits": 0, "neither_rate": 0.0, "avg_up_swing_pct": 0.010693, "avg_down_swing_pct": 0.009081, "max_up_swing_pct": 0.0636, "max_down_swing_pct": 0.089566, "avg_up_swing": 2.6156, "avg_down_swing": 2.2407, "max_up_swing": 11.38, "max_down_swing": 21.395}, "3:51 PM": {"sessions": 104, "up_hits": 72, "up_rate": 0.6923, "down_hits": 60, "down_rate": 0.5769, "both_hits": 28, "both_rate": 0.2692, "neither_hits": 0, "neither_rate": 0.0, "avg_up_swing_pct": 0.0107, "avg_down_swing_pct": 0.009072, "max_up_swing_pct": 0.060046, "max_down_swing_pct": 0.088745, "avg_up_swing": 2.6211, "avg_down_swing": 2.2352, "max_up_swing": 10.78, "max_down_swing": 21.18}, "3:52 PM": {"sessions": 104, "up_hits": 73, "up_rate": 0.7019, "down_hits": 58, "down_rate": 0.5577, "both_hits": 28, "both_rate": 0.2692, "neither_hits": 1, "neither_rate": 0.0096, "avg_up_swing_pct": 0.010715, "avg_down_swing_pct": 0.009056, "max_up_swing_pct": 0.057278, "max_down_swing_pct": 0.089013, "avg_up_swing": 2.6289, "avg_down_swing": 2.2274, "max_up_swing": 10.31, "max_down_swing": 21.25}, "3:53 PM": {"sessions": 104, "up_hits": 74, "up_rate": 0.7115, "down_hits": 60, "down_rate": 0.5769, "both_hits": 30, "both_rate": 0.2885, "neither_hits": 0, "neither_rate": 0.0, "avg_up_swing_pct": 0.01074, "avg_down_swing_pct": 0.009032, "max_up_swing_pct": 0.058366, "max_down_swing_pct": 0.088306, "avg_up_swing": 2.6338, "avg_down_swing": 2.2225, "max_up_swing": 10.495, "max_down_swing": 21.065}, "3:54 PM": {"sessions": 104, "up_hits": 71, "up_rate": 0.6827, "down_hits": 59, "down_rate": 0.5673, "both_hits": 28, "both_rate": 0.2692, "neither_hits": 2, "neither_rate": 0.0192, "avg_up_swing_pct": 0.010599, "avg_down_swing_pct": 0.009164, "max_up_swing_pct": 0.052221, "max_down_swing_pct": 0.090955, "avg_up_swing": 2.606, "avg_down_swing": 2.2503, "max_up_swing": 9.445, "max_down_swing": 21.76}, "3:55 PM": {"sessions": 104, "up_hits": 74, "up_rate": 0.7115, "down_hits": 55, "down_rate": 0.5288, "both_hits": 27, "both_rate": 0.2596, "neither_hits": 2, "neither_rate": 0.0192, "avg_up_swing_pct": 0.010537, "avg_down_swing_pct": 0.00922, "max_up_swing_pct": 0.047963, "max_down_swing_pct": 0.091714, "avg_up_swing": 2.5843, "avg_down_swing": 2.272, "max_up_swing": 8.71, "max_down_swing": 21.96}, "3:50\u201355 avg": {"sessions": 104, "up_hits": 71, "up_rate": 0.6827, "down_hits": 57, "down_rate": 0.5481, "both_hits": 25, "both_rate": 0.2404, "neither_hits": 1, "neither_rate": 0.0096, "avg_up_swing_pct": 0.010663, "avg_down_swing_pct": 0.009105, "max_up_swing_pct": 0.056554, "max_down_swing_pct": 0.089718, "avg_up_swing": 2.6149, "avg_down_swing": 2.2414, "max_up_swing": 10.1867, "max_down_swing": 21.435}}}, "0.0075": {"pct": 0.0075, "references": {"3:50 PM": {"sessions": 104, "up_hits": 61, "up_rate": 0.5865, "down_hits": 43, "down_rate": 0.4135, "both_hits": 11, "both_rate": 0.1058, "neither_hits": 11, "neither_rate": 0.1058, "avg_up_swing_pct": 0.010693, "avg_down_swing_pct": 0.009081, "max_up_swing_pct": 0.0636, "max_down_swing_pct": 0.089566, "avg_up_swing": 2.6156, "avg_down_swing": 2.2407, "max_up_swing": 11.38, "max_down_swing": 21.395}, "3:51 PM": {"sessions": 104, "up_hits": 60, "up_rate": 0.5769, "down_hits": 43, "down_rate": 0.4135, "both_hits": 11, "both_rate": 0.1058, "neither_hits": 12, "neither_rate": 0.1154, "avg_up_swing_pct": 0.0107, "avg_down_swing_pct": 0.009072, "max_up_swing_pct": 0.060046, "max_down_swing_pct": 0.088745, "avg_up_swing": 2.6211, "avg_down_swing": 2.2352, "max_up_swing": 10.78, "max_down_swing": 21.18}, "3:52 PM": {"sessions": 104, "up_hits": 59, "up_rate": 0.5673, "down_hits": 43, "down_rate": 0.4135, "both_hits": 11, "both_rate": 0.1058, "neither_hits": 13, "neither_rate": 0.125, "avg_up_swing_pct": 0.010715, "avg_down_swing_pct": 0.009056, "max_up_swing_pct": 0.057278, "max_down_swing_pct": 0.089013, "avg_up_swing": 2.6289, "avg_down_swing": 2.2274, "max_up_swing": 10.31, "max_down_swing": 21.25}, "3:53 PM": {"sessions": 104, "up_hits": 60, "up_rate": 0.5769, "down_hits": 45, "down_rate": 0.4327, "both_hits": 13, "both_rate": 0.125, "neither_hits": 12, "neither_rate": 0.1154, "avg_up_swing_pct": 0.01074, "avg_down_swing_pct": 0.009032, "max_up_swing_pct": 0.058366, "max_down_swing_pct": 0.088306, "avg_up_swing": 2.6338, "avg_down_swing": 2.2225, "max_up_swing": 10.495, "max_down_swing": 21.065}, "3:54 PM": {"sessions": 104, "up_hits": 60, "up_rate": 0.5769, "down_hits": 44, "down_rate": 0.4231, "both_hits": 11, "both_rate": 0.1058, "neither_hits": 11, "neither_rate": 0.1058, "avg_up_swing_pct": 0.010599, "avg_down_swing_pct": 0.009164, "max_up_swing_pct": 0.052221, "max_down_swing_pct": 0.090955, "avg_up_swing": 2.606, "avg_down_swing": 2.2503, "max_up_swing": 9.445, "max_down_swing": 21.76}, "3:55 PM": {"sessions": 104, "up_hits": 61, "up_rate": 0.5865, "down_hits": 42, "down_rate": 0.4038, "both_hits": 9, "both_rate": 0.0865, "neither_hits": 10, "neither_rate": 0.0962, "avg_up_swing_pct": 0.010537, "avg_down_swing_pct": 0.00922, "max_up_swing_pct": 0.047963, "max_down_swing_pct": 0.091714, "avg_up_swing": 2.5843, "avg_down_swing": 2.272, "max_up_swing": 8.71, "max_down_swing": 21.96}, "3:50\u201355 avg": {"sessions": 104, "up_hits": 60, "up_rate": 0.5769, "down_hits": 43, "down_rate": 0.4135, "both_hits": 11, "both_rate": 0.1058, "neither_hits": 12, "neither_rate": 0.1154, "avg_up_swing_pct": 0.010663, "avg_down_swing_pct": 0.009105, "max_up_swing_pct": 0.056554, "max_down_swing_pct": 0.089718, "avg_up_swing": 2.6149, "avg_down_swing": 2.2414, "max_up_swing": 10.1867, "max_down_swing": 21.435}}}, "0.0100": {"pct": 0.01, "references": {"3:50 PM": {"sessions": 104, "up_hits": 48, "up_rate": 0.4615, "down_hits": 34, "down_rate": 0.3269, "both_hits": 4, "both_rate": 0.0385, "neither_hits": 26, "neither_rate": 0.25, "avg_up_swing_pct": 0.010693, "avg_down_swing_pct": 0.009081, "max_up_swing_pct": 0.0636, "max_down_swing_pct": 0.089566, "avg_up_swing": 2.6156, "avg_down_swing": 2.2407, "max_up_swing": 11.38, "max_down_swing": 21.395}, "3:51 PM": {"sessions": 104, "up_hits": 47, "up_rate": 0.4519, "down_hits": 34, "down_rate": 0.3269, "both_hits": 4, "both_rate": 0.0385, "neither_hits": 27, "neither_rate": 0.2596, "avg_up_swing_pct": 0.0107, "avg_down_swing_pct": 0.009072, "max_up_swing_pct": 0.060046, "max_down_swing_pct": 0.088745, "avg_up_swing": 2.6211, "avg_down_swing": 2.2352, "max_up_swing": 10.78, "max_down_swing": 21.18}, "3:52 PM": {"sessions": 104, "up_hits": 46, "up_rate": 0.4423, "down_hits": 32, "down_rate": 0.3077, "both_hits": 1, "both_rate": 0.0096, "neither_hits": 27, "neither_rate": 0.2596, "avg_up_swing_pct": 0.010715, "avg_down_swing_pct": 0.009056, "max_up_swing_pct": 0.057278, "max_down_swing_pct": 0.089013, "avg_up_swing": 2.6289, "avg_down_swing": 2.2274, "max_up_swing": 10.31, "max_down_swing": 21.25}, "3:53 PM": {"sessions": 104, "up_hits": 47, "up_rate": 0.4519, "down_hits": 32, "down_rate": 0.3077, "both_hits": 2, "both_rate": 0.0192, "neither_hits": 27, "neither_rate": 0.2596, "avg_up_swing_pct": 0.01074, "avg_down_swing_pct": 0.009032, "max_up_swing_pct": 0.058366, "max_down_swing_pct": 0.088306, "avg_up_swing": 2.6338, "avg_down_swing": 2.2225, "max_up_swing": 10.495, "max_down_swing": 21.065}, "3:54 PM": {"sessions": 104, "up_hits": 48, "up_rate": 0.4615, "down_hits": 33, "down_rate": 0.3173, "both_hits": 3, "both_rate": 0.0288, "neither_hits": 26, "neither_rate": 0.25, "avg_up_swing_pct": 0.010599, "avg_down_swing_pct": 0.009164, "max_up_swing_pct": 0.052221, "max_down_swing_pct": 0.090955, "avg_up_swing": 2.606, "avg_down_swing": 2.2503, "max_up_swing": 9.445, "max_down_swing": 21.76}, "3:55 PM": {"sessions": 104, "up_hits": 47, "up_rate": 0.4519, "down_hits": 33, "down_rate": 0.3173, "both_hits": 3, "both_rate": 0.0288, "neither_hits": 27, "neither_rate": 0.2596, "avg_up_swing_pct": 0.010537, "avg_down_swing_pct": 0.00922, "max_up_swing_pct": 0.047963, "max_down_swing_pct": 0.091714, "avg_up_swing": 2.5843, "avg_down_swing": 2.272, "max_up_swing": 8.71, "max_down_swing": 21.96}, "3:50\u201355 avg": {"sessions": 104, "up_hits": 47, "up_rate": 0.4519, "down_hits": 33, "down_rate": 0.3173, "both_hits": 3, "both_rate": 0.0288, "neither_hits": 27, "neither_rate": 0.2596, "avg_up_swing_pct": 0.010663, "avg_down_swing_pct": 0.009105, "max_up_swing_pct": 0.056554, "max_down_swing_pct": 0.089718, "avg_up_swing": 2.6149, "avg_down_swing": 2.2414, "max_up_swing": 10.1867, "max_down_swing": 21.435}}}, "0.0125": {"pct": 0.0125, "references": {"3:50 PM": {"sessions": 104, "up_hits": 38, "up_rate": 0.3654, "down_hits": 28, "down_rate": 0.2692, "both_hits": 1, "both_rate": 0.0096, "neither_hits": 39, "neither_rate": 0.375, "avg_up_swing_pct": 0.010693, "avg_down_swing_pct": 0.009081, "max_up_swing_pct": 0.0636, "max_down_swing_pct": 0.089566, "avg_up_swing": 2.6156, "avg_down_swing": 2.2407, "max_up_swing": 11.38, "max_down_swing": 21.395}, "3:51 PM": {"sessions": 104, "up_hits": 38, "up_rate": 0.3654, "down_hits": 29, "down_rate": 0.2788, "both_hits": 1, "both_rate": 0.0096, "neither_hits": 38, "neither_rate": 0.3654, "avg_up_swing_pct": 0.0107, "avg_down_swing_pct": 0.009072, "max_up_swing_pct": 0.060046, "max_down_swing_pct": 0.088745, "avg_up_swing": 2.6211, "avg_down_swing": 2.2352, "max_up_swing": 10.78, "max_down_swing": 21.18}, "3:52 PM": {"sessions": 104, "up_hits": 36, "up_rate": 0.3462, "down_hits": 30, "down_rate": 0.2885, "both_hits": 1, "both_rate": 0.0096, "neither_hits": 39, "neither_rate": 0.375, "avg_up_swing_pct": 0.010715, "avg_down_swing_pct": 0.009056, "max_up_swing_pct": 0.057278, "max_down_swing_pct": 0.089013, "avg_up_swing": 2.6289, "avg_down_swing": 2.2274, "max_up_swing": 10.31, "max_down_swing": 21.25}, "3:53 PM": {"sessions": 104, "up_hits": 36, "up_rate": 0.3462, "down_hits": 30, "down_rate": 0.2885, "both_hits": 1, "both_rate": 0.0096, "neither_hits": 39, "neither_rate": 0.375, "avg_up_swing_pct": 0.01074, "avg_down_swing_pct": 0.009032, "max_up_swing_pct": 0.058366, "max_down_swing_pct": 0.088306, "avg_up_swing": 2.6338, "avg_down_swing": 2.2225, "max_up_swing": 10.495, "max_down_swing": 21.065}, "3:54 PM": {"sessions": 104, "up_hits": 36, "up_rate": 0.3462, "down_hits": 29, "down_rate": 0.2788, "both_hits": 1, "both_rate": 0.0096, "neither_hits": 40, "neither_rate": 0.3846, "avg_up_swing_pct": 0.010599, "avg_down_swing_pct": 0.009164, "max_up_swing_pct": 0.052221, "max_down_swing_pct": 0.090955, "avg_up_swing": 2.606, "avg_down_swing": 2.2503, "max_up_swing": 9.445, "max_down_swing": 21.76}, "3:55 PM": {"sessions": 104, "up_hits": 34, "up_rate": 0.3269, "down_hits": 26, "down_rate": 0.25, "both_hits": 1, "both_rate": 0.0096, "neither_hits": 45, "neither_rate": 0.4327, "avg_up_swing_pct": 0.010537, "avg_down_swing_pct": 0.00922, "max_up_swing_pct": 0.047963, "max_down_swing_pct": 0.091714, "avg_up_swing": 2.5843, "avg_down_swing": 2.272, "max_up_swing": 8.71, "max_down_swing": 21.96}, "3:50\u201355 avg": {"sessions": 104, "up_hits": 36, "up_rate": 0.3462, "down_hits": 30, "down_rate": 0.2885, "both_hits": 1, "both_rate": 0.0096, "neither_hits": 39, "neither_rate": 0.375, "avg_up_swing_pct": 0.010663, "avg_down_swing_pct": 0.009105, "max_up_swing_pct": 0.056554, "max_down_swing_pct": 0.089718, "avg_up_swing": 2.6149, "avg_down_swing": 2.2414, "max_up_swing": 10.1867, "max_down_swing": 21.435}}}, "0.0150": {"pct": 0.015, "references": {"3:50 PM": {"sessions": 104, "up_hits": 29, "up_rate": 0.2788, "down_hits": 18, "down_rate": 0.1731, "both_hits": 1, "both_rate": 0.0096, "neither_hits": 58, "neither_rate": 0.5577, "avg_up_swing_pct": 0.010693, "avg_down_swing_pct": 0.009081, "max_up_swing_pct": 0.0636, "max_down_swing_pct": 0.089566, "avg_up_swing": 2.6156, "avg_down_swing": 2.2407, "max_up_swing": 11.38, "max_down_swing": 21.395}, "3:51 PM": {"sessions": 104, "up_hits": 28, "up_rate": 0.2692, "down_hits": 19, "down_rate": 0.1827, "both_hits": 1, "both_rate": 0.0096, "neither_hits": 58, "neither_rate": 0.5577, "avg_up_swing_pct": 0.0107, "avg_down_swing_pct": 0.009072, "max_up_swing_pct": 0.060046, "max_down_swing_pct": 0.088745, "avg_up_swing": 2.6211, "avg_down_swing": 2.2352, "max_up_swing": 10.78, "max_down_swing": 21.18}, "3:52 PM": {"sessions": 104, "up_hits": 29, "up_rate": 0.2788, "down_hits": 19, "down_rate": 0.1827, "both_hits": 1, "both_rate": 0.0096, "neither_hits": 57, "neither_rate": 0.5481, "avg_up_swing_pct": 0.010715, "avg_down_swing_pct": 0.009056, "max_up_swing_pct": 0.057278, "max_down_swing_pct": 0.089013, "avg_up_swing": 2.6289, "avg_down_swing": 2.2274, "max_up_swing": 10.31, "max_down_swing": 21.25}, "3:53 PM": {"sessions": 104, "up_hits": 28, "up_rate": 0.2692, "down_hits": 18, "down_rate": 0.1731, "both_hits": 1, "both_rate": 0.0096, "neither_hits": 59, "neither_rate": 0.5673, "avg_up_swing_pct": 0.01074, "avg_down_swing_pct": 0.009032, "max_up_swing_pct": 0.058366, "max_down_swing_pct": 0.088306, "avg_up_swing": 2.6338, "avg_down_swing": 2.2225, "max_up_swing": 10.495, "max_down_swing": 21.065}, "3:54 PM": {"sessions": 104, "up_hits": 29, "up_rate": 0.2788, "down_hits": 19, "down_rate": 0.1827, "both_hits": 1, "both_rate": 0.0096, "neither_hits": 57, "neither_rate": 0.5481, "avg_up_swing_pct": 0.010599, "avg_down_swing_pct": 0.009164, "max_up_swing_pct": 0.052221, "max_down_swing_pct": 0.090955, "avg_up_swing": 2.606, "avg_down_swing": 2.2503, "max_up_swing": 9.445, "max_down_swing": 21.76}, "3:55 PM": {"sessions": 104, "up_hits": 26, "up_rate": 0.25, "down_hits": 18, "down_rate": 0.1731, "both_hits": 1, "both_rate": 0.0096, "neither_hits": 61, "neither_rate": 0.5865, "avg_up_swing_pct": 0.010537, "avg_down_swing_pct": 0.00922, "max_up_swing_pct": 0.047963, "max_down_swing_pct": 0.091714, "avg_up_swing": 2.5843, "avg_down_swing": 2.272, "max_up_swing": 8.71, "max_down_swing": 21.96}, "3:50\u201355 avg": {"sessions": 104, "up_hits": 28, "up_rate": 0.2692, "down_hits": 19, "down_rate": 0.1827, "both_hits": 1, "both_rate": 0.0096, "neither_hits": 58, "neither_rate": 0.5577, "avg_up_swing_pct": 0.010663, "avg_down_swing_pct": 0.009105, "max_up_swing_pct": 0.056554, "max_down_swing_pct": 0.089718, "avg_up_swing": 2.6149, "avg_down_swing": 2.2414, "max_up_swing": 10.1867, "max_down_swing": 21.435}}}, "0.0200": {"pct": 0.02, "references": {"3:50 PM": {"sessions": 104, "up_hits": 17, "up_rate": 0.1635, "down_hits": 12, "down_rate": 0.1154, "both_hits": 1, "both_rate": 0.0096, "neither_hits": 76, "neither_rate": 0.7308, "avg_up_swing_pct": 0.010693, "avg_down_swing_pct": 0.009081, "max_up_swing_pct": 0.0636, "max_down_swing_pct": 0.089566, "avg_up_swing": 2.6156, "avg_down_swing": 2.2407, "max_up_swing": 11.38, "max_down_swing": 21.395}, "3:51 PM": {"sessions": 104, "up_hits": 17, "up_rate": 0.1635, "down_hits": 12, "down_rate": 0.1154, "both_hits": 1, "both_rate": 0.0096, "neither_hits": 76, "neither_rate": 0.7308, "avg_up_swing_pct": 0.0107, "avg_down_swing_pct": 0.009072, "max_up_swing_pct": 0.060046, "max_down_swing_pct": 0.088745, "avg_up_swing": 2.6211, "avg_down_swing": 2.2352, "max_up_swing": 10.78, "max_down_swing": 21.18}, "3:52 PM": {"sessions": 104, "up_hits": 17, "up_rate": 0.1635, "down_hits": 12, "down_rate": 0.1154, "both_hits": 1, "both_rate": 0.0096, "neither_hits": 76, "neither_rate": 0.7308, "avg_up_swing_pct": 0.010715, "avg_down_swing_pct": 0.009056, "max_up_swing_pct": 0.057278, "max_down_swing_pct": 0.089013, "avg_up_swing": 2.6289, "avg_down_swing": 2.2274, "max_up_swing": 10.31, "max_down_swing": 21.25}, "3:53 PM": {"sessions": 104, "up_hits": 18, "up_rate": 0.1731, "down_hits": 11, "down_rate": 0.1058, "both_hits": 1, "both_rate": 0.0096, "neither_hits": 76, "neither_rate": 0.7308, "avg_up_swing_pct": 0.01074, "avg_down_swing_pct": 0.009032, "max_up_swing_pct": 0.058366, "max_down_swing_pct": 0.088306, "avg_up_swing": 2.6338, "avg_down_swing": 2.2225, "max_up_swing": 10.495, "max_down_swing": 21.065}, "3:54 PM": {"sessions": 104, "up_hits": 17, "up_rate": 0.1635, "down_hits": 10, "down_rate": 0.0962, "both_hits": 1, "both_rate": 0.0096, "neither_hits": 78, "neither_rate": 0.75, "avg_up_swing_pct": 0.010599, "avg_down_swing_pct": 0.009164, "max_up_swing_pct": 0.052221, "max_down_swing_pct": 0.090955, "avg_up_swing": 2.606, "avg_down_swing": 2.2503, "max_up_swing": 9.445, "max_down_swing": 21.76}, "3:55 PM": {"sessions": 104, "up_hits": 19, "up_rate": 0.1827, "down_hits": 10, "down_rate": 0.0962, "both_hits": 1, "both_rate": 0.0096, "neither_hits": 76, "neither_rate": 0.7308, "avg_up_swing_pct": 0.010537, "avg_down_swing_pct": 0.00922, "max_up_swing_pct": 0.047963, "max_down_swing_pct": 0.091714, "avg_up_swing": 2.5843, "avg_down_swing": 2.272, "max_up_swing": 8.71, "max_down_swing": 21.96}, "3:50\u201355 avg": {"sessions": 104, "up_hits": 17, "up_rate": 0.1635, "down_hits": 10, "down_rate": 0.0962, "both_hits": 1, "both_rate": 0.0096, "neither_hits": 78, "neither_rate": 0.75, "avg_up_swing_pct": 0.010663, "avg_down_swing_pct": 0.009105, "max_up_swing_pct": 0.056554, "max_down_swing_pct": 0.089718, "avg_up_swing": 2.6149, "avg_down_swing": 2.2414, "max_up_swing": 10.1867, "max_down_swing": 21.435}}}, "0.0250": {"pct": 0.025, "references": {"3:50 PM": {"sessions": 104, "up_hits": 14, "up_rate": 0.1346, "down_hits": 9, "down_rate": 0.0865, "both_hits": 1, "both_rate": 0.0096, "neither_hits": 82, "neither_rate": 0.7885, "avg_up_swing_pct": 0.010693, "avg_down_swing_pct": 0.009081, "max_up_swing_pct": 0.0636, "max_down_swing_pct": 0.089566, "avg_up_swing": 2.6156, "avg_down_swing": 2.2407, "max_up_swing": 11.38, "max_down_swing": 21.395}, "3:51 PM": {"sessions": 104, "up_hits": 14, "up_rate": 0.1346, "down_hits": 9, "down_rate": 0.0865, "both_hits": 1, "both_rate": 0.0096, "neither_hits": 82, "neither_rate": 0.7885, "avg_up_swing_pct": 0.0107, "avg_down_swing_pct": 0.009072, "max_up_swing_pct": 0.060046, "max_down_swing_pct": 0.088745, "avg_up_swing": 2.6211, "avg_down_swing": 2.2352, "max_up_swing": 10.78, "max_down_swing": 21.18}, "3:52 PM": {"sessions": 104, "up_hits": 14, "up_rate": 0.1346, "down_hits": 9, "down_rate": 0.0865, "both_hits": 1, "both_rate": 0.0096, "neither_hits": 82, "neither_rate": 0.7885, "avg_up_swing_pct": 0.010715, "avg_down_swing_pct": 0.009056, "max_up_swing_pct": 0.057278, "max_down_swing_pct": 0.089013, "avg_up_swing": 2.6289, "avg_down_swing": 2.2274, "max_up_swing": 10.31, "max_down_swing": 21.25}, "3:53 PM": {"sessions": 104, "up_hits": 13, "up_rate": 0.125, "down_hits": 9, "down_rate": 0.0865, "both_hits": 1, "both_rate": 0.0096, "neither_hits": 83, "neither_rate": 0.7981, "avg_up_swing_pct": 0.01074, "avg_down_swing_pct": 0.009032, "max_up_swing_pct": 0.058366, "max_down_swing_pct": 0.088306, "avg_up_swing": 2.6338, "avg_down_swing": 2.2225, "max_up_swing": 10.495, "max_down_swing": 21.065}, "3:54 PM": {"sessions": 104, "up_hits": 13, "up_rate": 0.125, "down_hits": 9, "down_rate": 0.0865, "both_hits": 1, "both_rate": 0.0096, "neither_hits": 83, "neither_rate": 0.7981, "avg_up_swing_pct": 0.010599, "avg_down_swing_pct": 0.009164, "max_up_swing_pct": 0.052221, "max_down_swing_pct": 0.090955, "avg_up_swing": 2.606, "avg_down_swing": 2.2503, "max_up_swing": 9.445, "max_down_swing": 21.76}, "3:55 PM": {"sessions": 104, "up_hits": 14, "up_rate": 0.1346, "down_hits": 9, "down_rate": 0.0865, "both_hits": 1, "both_rate": 0.0096, "neither_hits": 82, "neither_rate": 0.7885, "avg_up_swing_pct": 0.010537, "avg_down_swing_pct": 0.00922, "max_up_swing_pct": 0.047963, "max_down_swing_pct": 0.091714, "avg_up_swing": 2.5843, "avg_down_swing": 2.272, "max_up_swing": 8.71, "max_down_swing": 21.96}, "3:50\u201355 avg": {"sessions": 104, "up_hits": 13, "up_rate": 0.125, "down_hits": 9, "down_rate": 0.0865, "both_hits": 1, "both_rate": 0.0096, "neither_hits": 83, "neither_rate": 0.7981, "avg_up_swing_pct": 0.010663, "avg_down_swing_pct": 0.009105, "max_up_swing_pct": 0.056554, "max_down_swing_pct": 0.089718, "avg_up_swing": 2.6149, "avg_down_swing": 2.2414, "max_up_swing": 10.1867, "max_down_swing": 21.435}}}, "0.0300": {"pct": 0.03, "references": {"3:50 PM": {"sessions": 104, "up_hits": 7, "up_rate": 0.0673, "down_hits": 8, "down_rate": 0.0769, "both_hits": 1, "both_rate": 0.0096, "neither_hits": 90, "neither_rate": 0.8654, "avg_up_swing_pct": 0.010693, "avg_down_swing_pct": 0.009081, "max_up_swing_pct": 0.0636, "max_down_swing_pct": 0.089566, "avg_up_swing": 2.6156, "avg_down_swing": 2.2407, "max_up_swing": 11.38, "max_down_swing": 21.395}, "3:51 PM": {"sessions": 104, "up_hits": 7, "up_rate": 0.0673, "down_hits": 8, "down_rate": 0.0769, "both_hits": 1, "both_rate": 0.0096, "neither_hits": 90, "neither_rate": 0.8654, "avg_up_swing_pct": 0.0107, "avg_down_swing_pct": 0.009072, "max_up_swing_pct": 0.060046, "max_down_swing_pct": 0.088745, "avg_up_swing": 2.6211, "avg_down_swing": 2.2352, "max_up_swing": 10.78, "max_down_swing": 21.18}, "3:52 PM": {"sessions": 104, "up_hits": 7, "up_rate": 0.0673, "down_hits": 8, "down_rate": 0.0769, "both_hits": 1, "both_rate": 0.0096, "neither_hits": 90, "neither_rate": 0.8654, "avg_up_swing_pct": 0.010715, "avg_down_swing_pct": 0.009056, "max_up_swing_pct": 0.057278, "max_down_swing_pct": 0.089013, "avg_up_swing": 2.6289, "avg_down_swing": 2.2274, "max_up_swing": 10.31, "max_down_swing": 21.25}, "3:53 PM": {"sessions": 104, "up_hits": 7, "up_rate": 0.0673, "down_hits": 8, "down_rate": 0.0769, "both_hits": 1, "both_rate": 0.0096, "neither_hits": 90, "neither_rate": 0.8654, "avg_up_swing_pct": 0.01074, "avg_down_swing_pct": 0.009032, "max_up_swing_pct": 0.058366, "max_down_swing_pct": 0.088306, "avg_up_swing": 2.6338, "avg_down_swing": 2.2225, "max_up_swing": 10.495, "max_down_swing": 21.065}, "3:54 PM": {"sessions": 104, "up_hits": 7, "up_rate": 0.0673, "down_hits": 8, "down_rate": 0.0769, "both_hits": 1, "both_rate": 0.0096, "neither_hits": 90, "neither_rate": 0.8654, "avg_up_swing_pct": 0.010599, "avg_down_swing_pct": 0.009164, "max_up_swing_pct": 0.052221, "max_down_swing_pct": 0.090955, "avg_up_swing": 2.606, "avg_down_swing": 2.2503, "max_up_swing": 9.445, "max_down_swing": 21.76}, "3:55 PM": {"sessions": 104, "up_hits": 8, "up_rate": 0.0769, "down_hits": 8, "down_rate": 0.0769, "both_hits": 1, "both_rate": 0.0096, "neither_hits": 89, "neither_rate": 0.8558, "avg_up_swing_pct": 0.010537, "avg_down_swing_pct": 0.00922, "max_up_swing_pct": 0.047963, "max_down_swing_pct": 0.091714, "avg_up_swing": 2.5843, "avg_down_swing": 2.272, "max_up_swing": 8.71, "max_down_swing": 21.96}, "3:50\u201355 avg": {"sessions": 104, "up_hits": 7, "up_rate": 0.0673, "down_hits": 8, "down_rate": 0.0769, "both_hits": 1, "both_rate": 0.0096, "neither_hits": 90, "neither_rate": 0.8654, "avg_up_swing_pct": 0.010663, "avg_down_swing_pct": 0.009105, "max_up_swing_pct": 0.056554, "max_down_swing_pct": 0.089718, "avg_up_swing": 2.6149, "avg_down_swing": 2.2414, "max_up_swing": 10.1867, "max_down_swing": 21.435}}}, "0.0350": {"pct": 0.035, "references": {"3:50 PM": {"sessions": 104, "up_hits": 5, "up_rate": 0.0481, "down_hits": 8, "down_rate": 0.0769, "both_hits": 1, "both_rate": 0.0096, "neither_hits": 92, "neither_rate": 0.8846, "avg_up_swing_pct": 0.010693, "avg_down_swing_pct": 0.009081, "max_up_swing_pct": 0.0636, "max_down_swing_pct": 0.089566, "avg_up_swing": 2.6156, "avg_down_swing": 2.2407, "max_up_swing": 11.38, "max_down_swing": 21.395}, "3:51 PM": {"sessions": 104, "up_hits": 5, "up_rate": 0.0481, "down_hits": 7, "down_rate": 0.0673, "both_hits": 1, "both_rate": 0.0096, "neither_hits": 93, "neither_rate": 0.8942, "avg_up_swing_pct": 0.0107, "avg_down_swing_pct": 0.009072, "max_up_swing_pct": 0.060046, "max_down_swing_pct": 0.088745, "avg_up_swing": 2.6211, "avg_down_swing": 2.2352, "max_up_swing": 10.78, "max_down_swing": 21.18}, "3:52 PM": {"sessions": 104, "up_hits": 5, "up_rate": 0.0481, "down_hits": 7, "down_rate": 0.0673, "both_hits": 1, "both_rate": 0.0096, "neither_hits": 93, "neither_rate": 0.8942, "avg_up_swing_pct": 0.010715, "avg_down_swing_pct": 0.009056, "max_up_swing_pct": 0.057278, "max_down_swing_pct": 0.089013, "avg_up_swing": 2.6289, "avg_down_swing": 2.2274, "max_up_swing": 10.31, "max_down_swing": 21.25}, "3:53 PM": {"sessions": 104, "up_hits": 5, "up_rate": 0.0481, "down_hits": 8, "down_rate": 0.0769, "both_hits": 1, "both_rate": 0.0096, "neither_hits": 92, "neither_rate": 0.8846, "avg_up_swing_pct": 0.01074, "avg_down_swing_pct": 0.009032, "max_up_swing_pct": 0.058366, "max_down_swing_pct": 0.088306, "avg_up_swing": 2.6338, "avg_down_swing": 2.2225, "max_up_swing": 10.495, "max_down_swing": 21.065}, "3:54 PM": {"sessions": 104, "up_hits": 5, "up_rate": 0.0481, "down_hits": 7, "down_rate": 0.0673, "both_hits": 1, "both_rate": 0.0096, "neither_hits": 93, "neither_rate": 0.8942, "avg_up_swing_pct": 0.010599, "avg_down_swing_pct": 0.009164, "max_up_swing_pct": 0.052221, "max_down_swing_pct": 0.090955, "avg_up_swing": 2.606, "avg_down_swing": 2.2503, "max_up_swing": 9.445, "max_down_swing": 21.76}, "3:55 PM": {"sessions": 104, "up_hits": 4, "up_rate": 0.0385, "down_hits": 7, "down_rate": 0.0673, "both_hits": 1, "both_rate": 0.0096, "neither_hits": 94, "neither_rate": 0.9038, "avg_up_swing_pct": 0.010537, "avg_down_swing_pct": 0.00922, "max_up_swing_pct": 0.047963, "max_down_swing_pct": 0.091714, "avg_up_swing": 2.5843, "avg_down_swing": 2.272, "max_up_swing": 8.71, "max_down_swing": 21.96}, "3:50\u201355 avg": {"sessions": 104, "up_hits": 5, "up_rate": 0.0481, "down_hits": 8, "down_rate": 0.0769, "both_hits": 1, "both_rate": 0.0096, "neither_hits": 92, "neither_rate": 0.8846, "avg_up_swing_pct": 0.010663, "avg_down_swing_pct": 0.009105, "max_up_swing_pct": 0.056554, "max_down_swing_pct": 0.089718, "avg_up_swing": 2.6149, "avg_down_swing": 2.2414, "max_up_swing": 10.1867, "max_down_swing": 21.435}}}, "0.0400": {"pct": 0.04, "references": {"3:50 PM": {"sessions": 104, "up_hits": 4, "up_rate": 0.0385, "down_hits": 6, "down_rate": 0.0577, "both_hits": 1, "both_rate": 0.0096, "neither_hits": 95, "neither_rate": 0.9135, "avg_up_swing_pct": 0.010693, "avg_down_swing_pct": 0.009081, "max_up_swing_pct": 0.0636, "max_down_swing_pct": 0.089566, "avg_up_swing": 2.6156, "avg_down_swing": 2.2407, "max_up_swing": 11.38, "max_down_swing": 21.395}, "3:51 PM": {"sessions": 104, "up_hits": 4, "up_rate": 0.0385, "down_hits": 6, "down_rate": 0.0577, "both_hits": 1, "both_rate": 0.0096, "neither_hits": 95, "neither_rate": 0.9135, "avg_up_swing_pct": 0.0107, "avg_down_swing_pct": 0.009072, "max_up_swing_pct": 0.060046, "max_down_swing_pct": 0.088745, "avg_up_swing": 2.6211, "avg_down_swing": 2.2352, "max_up_swing": 10.78, "max_down_swing": 21.18}, "3:52 PM": {"sessions": 104, "up_hits": 4, "up_rate": 0.0385, "down_hits": 6, "down_rate": 0.0577, "both_hits": 1, "both_rate": 0.0096, "neither_hits": 95, "neither_rate": 0.9135, "avg_up_swing_pct": 0.010715, "avg_down_swing_pct": 0.009056, "max_up_swing_pct": 0.057278, "max_down_swing_pct": 0.089013, "avg_up_swing": 2.6289, "avg_down_swing": 2.2274, "max_up_swing": 10.31, "max_down_swing": 21.25}, "3:53 PM": {"sessions": 104, "up_hits": 3, "up_rate": 0.0288, "down_hits": 6, "down_rate": 0.0577, "both_hits": 1, "both_rate": 0.0096, "neither_hits": 96, "neither_rate": 0.9231, "avg_up_swing_pct": 0.01074, "avg_down_swing_pct": 0.009032, "max_up_swing_pct": 0.058366, "max_down_swing_pct": 0.088306, "avg_up_swing": 2.6338, "avg_down_swing": 2.2225, "max_up_swing": 10.495, "max_down_swing": 21.065}, "3:54 PM": {"sessions": 104, "up_hits": 3, "up_rate": 0.0288, "down_hits": 6, "down_rate": 0.0577, "both_hits": 1, "both_rate": 0.0096, "neither_hits": 96, "neither_rate": 0.9231, "avg_up_swing_pct": 0.010599, "avg_down_swing_pct": 0.009164, "max_up_swing_pct": 0.052221, "max_down_swing_pct": 0.090955, "avg_up_swing": 2.606, "avg_down_swing": 2.2503, "max_up_swing": 9.445, "max_down_swing": 21.76}, "3:55 PM": {"sessions": 104, "up_hits": 3, "up_rate": 0.0288, "down_hits": 6, "down_rate": 0.0577, "both_hits": 1, "both_rate": 0.0096, "neither_hits": 96, "neither_rate": 0.9231, "avg_up_swing_pct": 0.010537, "avg_down_swing_pct": 0.00922, "max_up_swing_pct": 0.047963, "max_down_swing_pct": 0.091714, "avg_up_swing": 2.5843, "avg_down_swing": 2.272, "max_up_swing": 8.71, "max_down_swing": 21.96}, "3:50\u201355 avg": {"sessions": 104, "up_hits": 3, "up_rate": 0.0288, "down_hits": 6, "down_rate": 0.0577, "both_hits": 1, "both_rate": 0.0096, "neither_hits": 96, "neither_rate": 0.9231, "avg_up_swing_pct": 0.010663, "avg_down_swing_pct": 0.009105, "max_up_swing_pct": 0.056554, "max_down_swing_pct": 0.089718, "avg_up_swing": 2.6149, "avg_down_swing": 2.2414, "max_up_swing": 10.1867, "max_down_swing": 21.435}}}, "0.0500": {"pct": 0.05, "references": {"3:50 PM": {"sessions": 104, "up_hits": 1, "up_rate": 0.0096, "down_hits": 3, "down_rate": 0.0288, "both_hits": 1, "both_rate": 0.0096, "neither_hits": 101, "neither_rate": 0.9712, "avg_up_swing_pct": 0.010693, "avg_down_swing_pct": 0.009081, "max_up_swing_pct": 0.0636, "max_down_swing_pct": 0.089566, "avg_up_swing": 2.6156, "avg_down_swing": 2.2407, "max_up_swing": 11.38, "max_down_swing": 21.395}, "3:51 PM": {"sessions": 104, "up_hits": 1, "up_rate": 0.0096, "down_hits": 3, "down_rate": 0.0288, "both_hits": 1, "both_rate": 0.0096, "neither_hits": 101, "neither_rate": 0.9712, "avg_up_swing_pct": 0.0107, "avg_down_swing_pct": 0.009072, "max_up_swing_pct": 0.060046, "max_down_swing_pct": 0.088745, "avg_up_swing": 2.6211, "avg_down_swing": 2.2352, "max_up_swing": 10.78, "max_down_swing": 21.18}, "3:52 PM": {"sessions": 104, "up_hits": 1, "up_rate": 0.0096, "down_hits": 3, "down_rate": 0.0288, "both_hits": 1, "both_rate": 0.0096, "neither_hits": 101, "neither_rate": 0.9712, "avg_up_swing_pct": 0.010715, "avg_down_swing_pct": 0.009056, "max_up_swing_pct": 0.057278, "max_down_swing_pct": 0.089013, "avg_up_swing": 2.6289, "avg_down_swing": 2.2274, "max_up_swing": 10.31, "max_down_swing": 21.25}, "3:53 PM": {"sessions": 104, "up_hits": 2, "up_rate": 0.0192, "down_hits": 3, "down_rate": 0.0288, "both_hits": 1, "both_rate": 0.0096, "neither_hits": 100, "neither_rate": 0.9615, "avg_up_swing_pct": 0.01074, "avg_down_swing_pct": 0.009032, "max_up_swing_pct": 0.058366, "max_down_swing_pct": 0.088306, "avg_up_swing": 2.6338, "avg_down_swing": 2.2225, "max_up_swing": 10.495, "max_down_swing": 21.065}, "3:54 PM": {"sessions": 104, "up_hits": 1, "up_rate": 0.0096, "down_hits": 3, "down_rate": 0.0288, "both_hits": 1, "both_rate": 0.0096, "neither_hits": 101, "neither_rate": 0.9712, "avg_up_swing_pct": 0.010599, "avg_down_swing_pct": 0.009164, "max_up_swing_pct": 0.052221, "max_down_swing_pct": 0.090955, "avg_up_swing": 2.606, "avg_down_swing": 2.2503, "max_up_swing": 9.445, "max_down_swing": 21.76}, "3:55 PM": {"sessions": 104, "up_hits": 0, "up_rate": 0.0, "down_hits": 2, "down_rate": 0.0192, "both_hits": 0, "both_rate": 0.0, "neither_hits": 102, "neither_rate": 0.9808, "avg_up_swing_pct": 0.010537, "avg_down_swing_pct": 0.00922, "max_up_swing_pct": 0.047963, "max_down_swing_pct": 0.091714, "avg_up_swing": 2.5843, "avg_down_swing": 2.272, "max_up_swing": 8.71, "max_down_swing": 21.96}, "3:50\u201355 avg": {"sessions": 104, "up_hits": 1, "up_rate": 0.0096, "down_hits": 3, "down_rate": 0.0288, "both_hits": 1, "both_rate": 0.0096, "neither_hits": 101, "neither_rate": 0.9712, "avg_up_swing_pct": 0.010663, "avg_down_swing_pct": 0.009105, "max_up_swing_pct": 0.056554, "max_down_swing_pct": 0.089718, "avg_up_swing": 2.6149, "avg_down_swing": 2.2414, "max_up_swing": 10.1867, "max_down_swing": 21.435}}}, "0.0700": {"pct": 0.07, "references": {"3:50 PM": {"sessions": 104, "up_hits": 0, "up_rate": 0.0, "down_hits": 1, "down_rate": 0.0096, "both_hits": 0, "both_rate": 0.0, "neither_hits": 103, "neither_rate": 0.9904, "avg_up_swing_pct": 0.010693, "avg_down_swing_pct": 0.009081, "max_up_swing_pct": 0.0636, "max_down_swing_pct": 0.089566, "avg_up_swing": 2.6156, "avg_down_swing": 2.2407, "max_up_swing": 11.38, "max_down_swing": 21.395}, "3:51 PM": {"sessions": 104, "up_hits": 0, "up_rate": 0.0, "down_hits": 1, "down_rate": 0.0096, "both_hits": 0, "both_rate": 0.0, "neither_hits": 103, "neither_rate": 0.9904, "avg_up_swing_pct": 0.0107, "avg_down_swing_pct": 0.009072, "max_up_swing_pct": 0.060046, "max_down_swing_pct": 0.088745, "avg_up_swing": 2.6211, "avg_down_swing": 2.2352, "max_up_swing": 10.78, "max_down_swing": 21.18}, "3:52 PM": {"sessions": 104, "up_hits": 0, "up_rate": 0.0, "down_hits": 1, "down_rate": 0.0096, "both_hits": 0, "both_rate": 0.0, "neither_hits": 103, "neither_rate": 0.9904, "avg_up_swing_pct": 0.010715, "avg_down_swing_pct": 0.009056, "max_up_swing_pct": 0.057278, "max_down_swing_pct": 0.089013, "avg_up_swing": 2.6289, "avg_down_swing": 2.2274, "max_up_swing": 10.31, "max_down_swing": 21.25}, "3:53 PM": {"sessions": 104, "up_hits": 0, "up_rate": 0.0, "down_hits": 1, "down_rate": 0.0096, "both_hits": 0, "both_rate": 0.0, "neither_hits": 103, "neither_rate": 0.9904, "avg_up_swing_pct": 0.01074, "avg_down_swing_pct": 0.009032, "max_up_swing_pct": 0.058366, "max_down_swing_pct": 0.088306, "avg_up_swing": 2.6338, "avg_down_swing": 2.2225, "max_up_swing": 10.495, "max_down_swing": 21.065}, "3:54 PM": {"sessions": 104, "up_hits": 0, "up_rate": 0.0, "down_hits": 1, "down_rate": 0.0096, "both_hits": 0, "both_rate": 0.0, "neither_hits": 103, "neither_rate": 0.9904, "avg_up_swing_pct": 0.010599, "avg_down_swing_pct": 0.009164, "max_up_swing_pct": 0.052221, "max_down_swing_pct": 0.090955, "avg_up_swing": 2.606, "avg_down_swing": 2.2503, "max_up_swing": 9.445, "max_down_swing": 21.76}, "3:55 PM": {"sessions": 104, "up_hits": 0, "up_rate": 0.0, "down_hits": 1, "down_rate": 0.0096, "both_hits": 0, "both_rate": 0.0, "neither_hits": 103, "neither_rate": 0.9904, "avg_up_swing_pct": 0.010537, "avg_down_swing_pct": 0.00922, "max_up_swing_pct": 0.047963, "max_down_swing_pct": 0.091714, "avg_up_swing": 2.5843, "avg_down_swing": 2.272, "max_up_swing": 8.71, "max_down_swing": 21.96}, "3:50\u201355 avg": {"sessions": 104, "up_hits": 0, "up_rate": 0.0, "down_hits": 1, "down_rate": 0.0096, "both_hits": 0, "both_rate": 0.0, "neither_hits": 103, "neither_rate": 0.9904, "avg_up_swing_pct": 0.010663, "avg_down_swing_pct": 0.009105, "max_up_swing_pct": 0.056554, "max_down_swing_pct": 0.089718, "avg_up_swing": 2.6149, "avg_down_swing": 2.2414, "max_up_swing": 10.1867, "max_down_swing": 21.435}}}, "0.1000": {"pct": 0.1, "references": {"3:50 PM": {"sessions": 104, "up_hits": 0, "up_rate": 0.0, "down_hits": 0, "down_rate": 0.0, "both_hits": 0, "both_rate": 0.0, "neither_hits": 104, "neither_rate": 1.0, "avg_up_swing_pct": 0.010693, "avg_down_swing_pct": 0.009081, "max_up_swing_pct": 0.0636, "max_down_swing_pct": 0.089566, "avg_up_swing": 2.6156, "avg_down_swing": 2.2407, "max_up_swing": 11.38, "max_down_swing": 21.395}, "3:51 PM": {"sessions": 104, "up_hits": 0, "up_rate": 0.0, "down_hits": 0, "down_rate": 0.0, "both_hits": 0, "both_rate": 0.0, "neither_hits": 104, "neither_rate": 1.0, "avg_up_swing_pct": 0.0107, "avg_down_swing_pct": 0.009072, "max_up_swing_pct": 0.060046, "max_down_swing_pct": 0.088745, "avg_up_swing": 2.6211, "avg_down_swing": 2.2352, "max_up_swing": 10.78, "max_down_swing": 21.18}, "3:52 PM": {"sessions": 104, "up_hits": 0, "up_rate": 0.0, "down_hits": 0, "down_rate": 0.0, "both_hits": 0, "both_rate": 0.0, "neither_hits": 104, "neither_rate": 1.0, "avg_up_swing_pct": 0.010715, "avg_down_swing_pct": 0.009056, "max_up_swing_pct": 0.057278, "max_down_swing_pct": 0.089013, "avg_up_swing": 2.6289, "avg_down_swing": 2.2274, "max_up_swing": 10.31, "max_down_swing": 21.25}, "3:53 PM": {"sessions": 104, "up_hits": 0, "up_rate": 0.0, "down_hits": 0, "down_rate": 0.0, "both_hits": 0, "both_rate": 0.0, "neither_hits": 104, "neither_rate": 1.0, "avg_up_swing_pct": 0.01074, "avg_down_swing_pct": 0.009032, "max_up_swing_pct": 0.058366, "max_down_swing_pct": 0.088306, "avg_up_swing": 2.6338, "avg_down_swing": 2.2225, "max_up_swing": 10.495, "max_down_swing": 21.065}, "3:54 PM": {"sessions": 104, "up_hits": 0, "up_rate": 0.0, "down_hits": 0, "down_rate": 0.0, "both_hits": 0, "both_rate": 0.0, "neither_hits": 104, "neither_rate": 1.0, "avg_up_swing_pct": 0.010599, "avg_down_swing_pct": 0.009164, "max_up_swing_pct": 0.052221, "max_down_swing_pct": 0.090955, "avg_up_swing": 2.606, "avg_down_swing": 2.2503, "max_up_swing": 9.445, "max_down_swing": 21.76}, "3:55 PM": {"sessions": 104, "up_hits": 0, "up_rate": 0.0, "down_hits": 0, "down_rate": 0.0, "both_hits": 0, "both_rate": 0.0, "neither_hits": 104, "neither_rate": 1.0, "avg_up_swing_pct": 0.010537, "avg_down_swing_pct": 0.00922, "max_up_swing_pct": 0.047963, "max_down_swing_pct": 0.091714, "avg_up_swing": 2.5843, "avg_down_swing": 2.272, "max_up_swing": 8.71, "max_down_swing": 21.96}, "3:50\u201355 avg": {"sessions": 104, "up_hits": 0, "up_rate": 0.0, "down_hits": 0, "down_rate": 0.0, "both_hits": 0, "both_rate": 0.0, "neither_hits": 104, "neither_rate": 1.0, "avg_up_swing_pct": 0.010663, "avg_down_swing_pct": 0.009105, "max_up_swing_pct": 0.056554, "max_down_swing_pct": 0.089718, "avg_up_swing": 2.6149, "avg_down_swing": 2.2414, "max_up_swing": 10.1867, "max_down_swing": 21.435}}}, "0.1500": {"pct": 0.15, "references": {"3:50 PM": {"sessions": 104, "up_hits": 0, "up_rate": 0.0, "down_hits": 0, "down_rate": 0.0, "both_hits": 0, "both_rate": 0.0, "neither_hits": 104, "neither_rate": 1.0, "avg_up_swing_pct": 0.010693, "avg_down_swing_pct": 0.009081, "max_up_swing_pct": 0.0636, "max_down_swing_pct": 0.089566, "avg_up_swing": 2.6156, "avg_down_swing": 2.2407, "max_up_swing": 11.38, "max_down_swing": 21.395}, "3:51 PM": {"sessions": 104, "up_hits": 0, "up_rate": 0.0, "down_hits": 0, "down_rate": 0.0, "both_hits": 0, "both_rate": 0.0, "neither_hits": 104, "neither_rate": 1.0, "avg_up_swing_pct": 0.0107, "avg_down_swing_pct": 0.009072, "max_up_swing_pct": 0.060046, "max_down_swing_pct": 0.088745, "avg_up_swing": 2.6211, "avg_down_swing": 2.2352, "max_up_swing": 10.78, "max_down_swing": 21.18}, "3:52 PM": {"sessions": 104, "up_hits": 0, "up_rate": 0.0, "down_hits": 0, "down_rate": 0.0, "both_hits": 0, "both_rate": 0.0, "neither_hits": 104, "neither_rate": 1.0, "avg_up_swing_pct": 0.010715, "avg_down_swing_pct": 0.009056, "max_up_swing_pct": 0.057278, "max_down_swing_pct": 0.089013, "avg_up_swing": 2.6289, "avg_down_swing": 2.2274, "max_up_swing": 10.31, "max_down_swing": 21.25}, "3:53 PM": {"sessions": 104, "up_hits": 0, "up_rate": 0.0, "down_hits": 0, "down_rate": 0.0, "both_hits": 0, "both_rate": 0.0, "neither_hits": 104, "neither_rate": 1.0, "avg_up_swing_pct": 0.01074, "avg_down_swing_pct": 0.009032, "max_up_swing_pct": 0.058366, "max_down_swing_pct": 0.088306, "avg_up_swing": 2.6338, "avg_down_swing": 2.2225, "max_up_swing": 10.495, "max_down_swing": 21.065}, "3:54 PM": {"sessions": 104, "up_hits": 0, "up_rate": 0.0, "down_hits": 0, "down_rate": 0.0, "both_hits": 0, "both_rate": 0.0, "neither_hits": 104, "neither_rate": 1.0, "avg_up_swing_pct": 0.010599, "avg_down_swing_pct": 0.009164, "max_up_swing_pct": 0.052221, "max_down_swing_pct": 0.090955, "avg_up_swing": 2.606, "avg_down_swing": 2.2503, "max_up_swing": 9.445, "max_down_swing": 21.76}, "3:55 PM": {"sessions": 104, "up_hits": 0, "up_rate": 0.0, "down_hits": 0, "down_rate": 0.0, "both_hits": 0, "both_rate": 0.0, "neither_hits": 104, "neither_rate": 1.0, "avg_up_swing_pct": 0.010537, "avg_down_swing_pct": 0.00922, "max_up_swing_pct": 0.047963, "max_down_swing_pct": 0.091714, "avg_up_swing": 2.5843, "avg_down_swing": 2.272, "max_up_swing": 8.71, "max_down_swing": 21.96}, "3:50\u201355 avg": {"sessions": 104, "up_hits": 0, "up_rate": 0.0, "down_hits": 0, "down_rate": 0.0, "both_hits": 0, "both_rate": 0.0, "neither_hits": 104, "neither_rate": 1.0, "avg_up_swing_pct": 0.010663, "avg_down_swing_pct": 0.009105, "max_up_swing_pct": 0.056554, "max_down_swing_pct": 0.089718, "avg_up_swing": 2.6149, "avg_down_swing": 2.2414, "max_up_swing": 10.1867, "max_down_swing": 21.435}}}}, "swings": {"3:50 PM": {"avg_up_swing_pct": 0.010693, "avg_down_swing_pct": 0.009081, "max_up_swing_pct": 0.0636, "max_down_swing_pct": 0.089566, "avg_up_swing": 2.6156, "avg_down_swing": 2.2407, "max_up_swing": 11.38, "max_down_swing": 21.395}, "3:51 PM": {"avg_up_swing_pct": 0.0107, "avg_down_swing_pct": 0.009072, "max_up_swing_pct": 0.060046, "max_down_swing_pct": 0.088745, "avg_up_swing": 2.6211, "avg_down_swing": 2.2352, "max_up_swing": 10.78, "max_down_swing": 21.18}, "3:52 PM": {"avg_up_swing_pct": 0.010715, "avg_down_swing_pct": 0.009056, "max_up_swing_pct": 0.057278, "max_down_swing_pct": 0.089013, "avg_up_swing": 2.6289, "avg_down_swing": 2.2274, "max_up_swing": 10.31, "max_down_swing": 21.25}, "3:53 PM": {"avg_up_swing_pct": 0.01074, "avg_down_swing_pct": 0.009032, "max_up_swing_pct": 0.058366, "max_down_swing_pct": 0.088306, "avg_up_swing": 2.6338, "avg_down_swing": 2.2225, "max_up_swing": 10.495, "max_down_swing": 21.065}, "3:54 PM": {"avg_up_swing_pct": 0.010599, "avg_down_swing_pct": 0.009164, "max_up_swing_pct": 0.052221, "max_down_swing_pct": 0.090955, "avg_up_swing": 2.606, "avg_down_swing": 2.2503, "max_up_swing": 9.445, "max_down_swing": 21.76}, "3:55 PM": {"avg_up_swing_pct": 0.010537, "avg_down_swing_pct": 0.00922, "max_up_swing_pct": 0.047963, "max_down_swing_pct": 0.091714, "avg_up_swing": 2.5843, "avg_down_swing": 2.272, "max_up_swing": 8.71, "max_down_swing": 21.96}, "3:50\u201355 avg": {"avg_up_swing_pct": 0.010663, "avg_down_swing_pct": 0.009105, "max_up_swing_pct": 0.056554, "max_down_swing_pct": 0.089718, "avg_up_swing": 2.6149, "avg_down_swing": 2.2414, "max_up_swing": 10.1867, "max_down_swing": 21.435}}}, "Wednesday": {"n_sessions": 102, "n_skipped": 2, "n_baseline_substituted": 0, "recommended_reference": "3:52 PM", "recommended_reference_deviation": 0.1085, "steadiness": {"3:50 PM": 0.1554, "3:51 PM": 0.1176, "3:52 PM": 0.1085, "3:53 PM": 0.1173, "3:54 PM": 0.1751, "3:55 PM": 0.2224}, "thresholds_pct": {"0.0050": {"pct": 0.005, "references": {"3:50 PM": {"sessions": 102, "up_hits": 69, "up_rate": 0.6765, "down_hits": 62, "down_rate": 0.6078, "both_hits": 30, "both_rate": 0.2941, "neither_hits": 1, "neither_rate": 0.0098, "avg_up_swing_pct": 0.012719, "avg_down_swing_pct": 0.008591, "max_up_swing_pct": 0.169368, "max_down_swing_pct": 0.049788, "avg_up_swing": 3.0346, "avg_down_swing": 2.1046, "max_up_swing": 29.05, "max_down_swing": 10.08}, "3:51 PM": {"sessions": 102, "up_hits": 72, "up_rate": 0.7059, "down_hits": 59, "down_rate": 0.5784, "both_hits": 31, "both_rate": 0.3039, "neither_hits": 2, "neither_rate": 0.0196, "avg_up_swing_pct": 0.012658, "avg_down_swing_pct": 0.008649, "max_up_swing_pct": 0.167938, "max_down_swing_pct": 0.050397, "avg_up_swing": 3.0236, "avg_down_swing": 2.1155, "max_up_swing": 28.84, "max_down_swing": 10.21}, "3:52 PM": {"sessions": 102, "up_hits": 73, "up_rate": 0.7157, "down_hits": 62, "down_rate": 0.6078, "both_hits": 34, "both_rate": 0.3333, "neither_hits": 1, "neither_rate": 0.0098, "avg_up_swing_pct": 0.012642, "avg_down_swing_pct": 0.008661, "max_up_swing_pct": 0.164818, "max_down_swing_pct": 0.050959, "avg_up_swing": 3.024, "avg_down_swing": 2.1151, "max_up_swing": 28.38, "max_down_swing": 10.33}, "3:53 PM": {"sessions": 102, "up_hits": 72, "up_rate": 0.7059, "down_hits": 62, "down_rate": 0.6078, "both_hits": 35, "both_rate": 0.3431, "neither_hits": 3, "neither_rate": 0.0294, "avg_up_swing_pct": 0.012607, "avg_down_swing_pct": 0.008697, "max_up_swing_pct": 0.165935, "max_down_swing_pct": 0.050866, "avg_up_swing": 3.0145, "avg_down_swing": 2.1247, "max_up_swing": 28.545, "max_down_swing": 10.31}, "3:54 PM": {"sessions": 102, "up_hits": 72, "up_rate": 0.7059, "down_hits": 60, "down_rate": 0.5882, "both_hits": 32, "both_rate": 0.3137, "neither_hits": 2, "neither_rate": 0.0196, "avg_up_swing_pct": 0.012422, "avg_down_swing_pct": 0.008872, "max_up_swing_pct": 0.161546, "max_down_swing_pct": 0.050444, "avg_up_swing": 2.974, "avg_down_swing": 2.1651, "max_up_swing": 27.895, "max_down_swing": 10.22}, "3:55 PM": {"sessions": 102, "up_hits": 72, "up_rate": 0.7059, "down_hits": 63, "down_rate": 0.6176, "both_hits": 33, "both_rate": 0.3235, "neither_hits": 0, "neither_rate": 0.0, "avg_up_swing_pct": 0.012426, "avg_down_swing_pct": 0.008872, "max_up_swing_pct": 0.164953, "max_down_swing_pct": 0.049788, "avg_up_swing": 2.9695, "avg_down_swing": 2.1696, "max_up_swing": 28.4, "max_down_swing": 10.08}, "3:50\u201355 avg": {"sessions": 102, "up_hits": 72, "up_rate": 0.7059, "down_hits": 59, "down_rate": 0.5784, "both_hits": 32, "both_rate": 0.3137, "neither_hits": 3, "neither_rate": 0.0294, "avg_up_swing_pct": 0.012578, "avg_down_swing_pct": 0.008724, "max_up_swing_pct": 0.165754, "max_down_swing_pct": 0.050374, "avg_up_swing": 3.0067, "avg_down_swing": 2.1324, "max_up_swing": 28.5183, "max_down_swing": 10.205}}}, "0.0075": {"pct": 0.0075, "references": {"3:50 PM": {"sessions": 102, "up_hits": 57, "up_rate": 0.5588, "down_hits": 51, "down_rate": 0.5, "both_hits": 15, "both_rate": 0.1471, "neither_hits": 9, "neither_rate": 0.0882, "avg_up_swing_pct": 0.012719, "avg_down_swing_pct": 0.008591, "max_up_swing_pct": 0.169368, "max_down_swing_pct": 0.049788, "avg_up_swing": 3.0346, "avg_down_swing": 2.1046, "max_up_swing": 29.05, "max_down_swing": 10.08}, "3:51 PM": {"sessions": 102, "up_hits": 59, "up_rate": 0.5784, "down_hits": 52, "down_rate": 0.5098, "both_hits": 17, "both_rate": 0.1667, "neither_hits": 8, "neither_rate": 0.0784, "avg_up_swing_pct": 0.012658, "avg_down_swing_pct": 0.008649, "max_up_swing_pct": 0.167938, "max_down_swing_pct": 0.050397, "avg_up_swing": 3.0236, "avg_down_swing": 2.1155, "max_up_swing": 28.84, "max_down_swing": 10.21}, "3:52 PM": {"sessions": 102, "up_hits": 61, "up_rate": 0.598, "down_hits": 51, "down_rate": 0.5, "both_hits": 17, "both_rate": 0.1667, "neither_hits": 7, "neither_rate": 0.0686, "avg_up_swing_pct": 0.012642, "avg_down_swing_pct": 0.008661, "max_up_swing_pct": 0.164818, "max_down_swing_pct": 0.050959, "avg_up_swing": 3.024, "avg_down_swing": 2.1151, "max_up_swing": 28.38, "max_down_swing": 10.33}, "3:53 PM": {"sessions": 102, "up_hits": 59, "up_rate": 0.5784, "down_hits": 52, "down_rate": 0.5098, "both_hits": 17, "both_rate": 0.1667, "neither_hits": 8, "neither_rate": 0.0784, "avg_up_swing_pct": 0.012607, "avg_down_swing_pct": 0.008697, "max_up_swing_pct": 0.165935, "max_down_swing_pct": 0.050866, "avg_up_swing": 3.0145, "avg_down_swing": 2.1247, "max_up_swing": 28.545, "max_down_swing": 10.31}, "3:54 PM": {"sessions": 102, "up_hits": 58, "up_rate": 0.5686, "down_hits": 53, "down_rate": 0.5196, "both_hits": 15, "both_rate": 0.1471, "neither_hits": 6, "neither_rate": 0.0588, "avg_up_swing_pct": 0.012422, "avg_down_swing_pct": 0.008872, "max_up_swing_pct": 0.161546, "max_down_swing_pct": 0.050444, "avg_up_swing": 2.974, "avg_down_swing": 2.1651, "max_up_swing": 27.895, "max_down_swing": 10.22}, "3:55 PM": {"sessions": 102, "up_hits": 58, "up_rate": 0.5686, "down_hits": 55, "down_rate": 0.5392, "both_hits": 18, "both_rate": 0.1765, "neither_hits": 7, "neither_rate": 0.0686, "avg_up_swing_pct": 0.012426, "avg_down_swing_pct": 0.008872, "max_up_swing_pct": 0.164953, "max_down_swing_pct": 0.049788, "avg_up_swing": 2.9695, "avg_down_swing": 2.1696, "max_up_swing": 28.4, "max_down_swing": 10.08}, "3:50\u201355 avg": {"sessions": 102, "up_hits": 57, "up_rate": 0.5588, "down_hits": 52, "down_rate": 0.5098, "both_hits": 16, "both_rate": 0.1569, "neither_hits": 9, "neither_rate": 0.0882, "avg_up_swing_pct": 0.012578, "avg_down_swing_pct": 0.008724, "max_up_swing_pct": 0.165754, "max_down_swing_pct": 0.050374, "avg_up_swing": 3.0067, "avg_down_swing": 2.1324, "max_up_swing": 28.5183, "max_down_swing": 10.205}}}, "0.0100": {"pct": 0.01, "references": {"3:50 PM": {"sessions": 102, "up_hits": 46, "up_rate": 0.451, "down_hits": 43, "down_rate": 0.4216, "both_hits": 5, "both_rate": 0.049, "neither_hits": 18, "neither_rate": 0.1765, "avg_up_swing_pct": 0.012719, "avg_down_swing_pct": 0.008591, "max_up_swing_pct": 0.169368, "max_down_swing_pct": 0.049788, "avg_up_swing": 3.0346, "avg_down_swing": 2.1046, "max_up_swing": 29.05, "max_down_swing": 10.08}, "3:51 PM": {"sessions": 102, "up_hits": 45, "up_rate": 0.4412, "down_hits": 45, "down_rate": 0.4412, "both_hits": 6, "both_rate": 0.0588, "neither_hits": 18, "neither_rate": 0.1765, "avg_up_swing_pct": 0.012658, "avg_down_swing_pct": 0.008649, "max_up_swing_pct": 0.167938, "max_down_swing_pct": 0.050397, "avg_up_swing": 3.0236, "avg_down_swing": 2.1155, "max_up_swing": 28.84, "max_down_swing": 10.21}, "3:52 PM": {"sessions": 102, "up_hits": 47, "up_rate": 0.4608, "down_hits": 44, "down_rate": 0.4314, "both_hits": 4, "both_rate": 0.0392, "neither_hits": 15, "neither_rate": 0.1471, "avg_up_swing_pct": 0.012642, "avg_down_swing_pct": 0.008661, "max_up_swing_pct": 0.164818, "max_down_swing_pct": 0.050959, "avg_up_swing": 3.024, "avg_down_swing": 2.1151, "max_up_swing": 28.38, "max_down_swing": 10.33}, "3:53 PM": {"sessions": 102, "up_hits": 46, "up_rate": 0.451, "down_hits": 44, "down_rate": 0.4314, "both_hits": 4, "both_rate": 0.0392, "neither_hits": 16, "neither_rate": 0.1569, "avg_up_swing_pct": 0.012607, "avg_down_swing_pct": 0.008697, "max_up_swing_pct": 0.165935, "max_down_swing_pct": 0.050866, "avg_up_swing": 3.0145, "avg_down_swing": 2.1247, "max_up_swing": 28.545, "max_down_swing": 10.31}, "3:54 PM": {"sessions": 102, "up_hits": 41, "up_rate": 0.402, "down_hits": 43, "down_rate": 0.4216, "both_hits": 4, "both_rate": 0.0392, "neither_hits": 22, "neither_rate": 0.2157, "avg_up_swing_pct": 0.012422, "avg_down_swing_pct": 0.008872, "max_up_swing_pct": 0.161546, "max_down_swing_pct": 0.050444, "avg_up_swing": 2.974, "avg_down_swing": 2.1651, "max_up_swing": 27.895, "max_down_swing": 10.22}, "3:55 PM": {"sessions": 102, "up_hits": 41, "up_rate": 0.402, "down_hits": 41, "down_rate": 0.402, "both_hits": 3, "both_rate": 0.0294, "neither_hits": 23, "neither_rate": 0.2255, "avg_up_swing_pct": 0.012426, "avg_down_swing_pct": 0.008872, "max_up_swing_pct": 0.164953, "max_down_swing_pct": 0.049788, "avg_up_swing": 2.9695, "avg_down_swing": 2.1696, "max_up_swing": 28.4, "max_down_swing": 10.08}, "3:50\u201355 avg": {"sessions": 102, "up_hits": 42, "up_rate": 0.4118, "down_hits": 44, "down_rate": 0.4314, "both_hits": 4, "both_rate": 0.0392, "neither_hits": 20, "neither_rate": 0.1961, "avg_up_swing_pct": 0.012578, "avg_down_swing_pct": 0.008724, "max_up_swing_pct": 0.165754, "max_down_swing_pct": 0.050374, "avg_up_swing": 3.0067, "avg_down_swing": 2.1324, "max_up_swing": 28.5183, "max_down_swing": 10.205}}}, "0.0125": {"pct": 0.0125, "references": {"3:50 PM": {"sessions": 102, "up_hits": 37, "up_rate": 0.3627, "down_hits": 32, "down_rate": 0.3137, "both_hits": 0, "both_rate": 0.0, "neither_hits": 33, "neither_rate": 0.3235, "avg_up_swing_pct": 0.012719, "avg_down_swing_pct": 0.008591, "max_up_swing_pct": 0.169368, "max_down_swing_pct": 0.049788, "avg_up_swing": 3.0346, "avg_down_swing": 2.1046, "max_up_swing": 29.05, "max_down_swing": 10.08}, "3:51 PM": {"sessions": 102, "up_hits": 36, "up_rate": 0.3529, "down_hits": 32, "down_rate": 0.3137, "both_hits": 0, "both_rate": 0.0, "neither_hits": 34, "neither_rate": 0.3333, "avg_up_swing_pct": 0.012658, "avg_down_swing_pct": 0.008649, "max_up_swing_pct": 0.167938, "max_down_swing_pct": 0.050397, "avg_up_swing": 3.0236, "avg_down_swing": 2.1155, "max_up_swing": 28.84, "max_down_swing": 10.21}, "3:52 PM": {"sessions": 102, "up_hits": 35, "up_rate": 0.3431, "down_hits": 33, "down_rate": 0.3235, "both_hits": 0, "both_rate": 0.0, "neither_hits": 34, "neither_rate": 0.3333, "avg_up_swing_pct": 0.012642, "avg_down_swing_pct": 0.008661, "max_up_swing_pct": 0.164818, "max_down_swing_pct": 0.050959, "avg_up_swing": 3.024, "avg_down_swing": 2.1151, "max_up_swing": 28.38, "max_down_swing": 10.33}, "3:53 PM": {"sessions": 102, "up_hits": 33, "up_rate": 0.3235, "down_hits": 34, "down_rate": 0.3333, "both_hits": 0, "both_rate": 0.0, "neither_hits": 35, "neither_rate": 0.3431, "avg_up_swing_pct": 0.012607, "avg_down_swing_pct": 0.008697, "max_up_swing_pct": 0.165935, "max_down_swing_pct": 0.050866, "avg_up_swing": 3.0145, "avg_down_swing": 2.1247, "max_up_swing": 28.545, "max_down_swing": 10.31}, "3:54 PM": {"sessions": 102, "up_hits": 37, "up_rate": 0.3627, "down_hits": 33, "down_rate": 0.3235, "both_hits": 0, "both_rate": 0.0, "neither_hits": 32, "neither_rate": 0.3137, "avg_up_swing_pct": 0.012422, "avg_down_swing_pct": 0.008872, "max_up_swing_pct": 0.161546, "max_down_swing_pct": 0.050444, "avg_up_swing": 2.974, "avg_down_swing": 2.1651, "max_up_swing": 27.895, "max_down_swing": 10.22}, "3:55 PM": {"sessions": 102, "up_hits": 37, "up_rate": 0.3627, "down_hits": 34, "down_rate": 0.3333, "both_hits": 0, "both_rate": 0.0, "neither_hits": 31, "neither_rate": 0.3039, "avg_up_swing_pct": 0.012426, "avg_down_swing_pct": 0.008872, "max_up_swing_pct": 0.164953, "max_down_swing_pct": 0.049788, "avg_up_swing": 2.9695, "avg_down_swing": 2.1696, "max_up_swing": 28.4, "max_down_swing": 10.08}, "3:50\u201355 avg": {"sessions": 102, "up_hits": 35, "up_rate": 0.3431, "down_hits": 33, "down_rate": 0.3235, "both_hits": 1, "both_rate": 0.0098, "neither_hits": 35, "neither_rate": 0.3431, "avg_up_swing_pct": 0.012578, "avg_down_swing_pct": 0.008724, "max_up_swing_pct": 0.165754, "max_down_swing_pct": 0.050374, "avg_up_swing": 3.0067, "avg_down_swing": 2.1324, "max_up_swing": 28.5183, "max_down_swing": 10.205}}}, "0.0150": {"pct": 0.015, "references": {"3:50 PM": {"sessions": 102, "up_hits": 25, "up_rate": 0.2451, "down_hits": 24, "down_rate": 0.2353, "both_hits": 0, "both_rate": 0.0, "neither_hits": 53, "neither_rate": 0.5196, "avg_up_swing_pct": 0.012719, "avg_down_swing_pct": 0.008591, "max_up_swing_pct": 0.169368, "max_down_swing_pct": 0.049788, "avg_up_swing": 3.0346, "avg_down_swing": 2.1046, "max_up_swing": 29.05, "max_down_swing": 10.08}, "3:51 PM": {"sessions": 102, "up_hits": 26, "up_rate": 0.2549, "down_hits": 23, "down_rate": 0.2255, "both_hits": 0, "both_rate": 0.0, "neither_hits": 53, "neither_rate": 0.5196, "avg_up_swing_pct": 0.012658, "avg_down_swing_pct": 0.008649, "max_up_swing_pct": 0.167938, "max_down_swing_pct": 0.050397, "avg_up_swing": 3.0236, "avg_down_swing": 2.1155, "max_up_swing": 28.84, "max_down_swing": 10.21}, "3:52 PM": {"sessions": 102, "up_hits": 26, "up_rate": 0.2549, "down_hits": 23, "down_rate": 0.2255, "both_hits": 0, "both_rate": 0.0, "neither_hits": 53, "neither_rate": 0.5196, "avg_up_swing_pct": 0.012642, "avg_down_swing_pct": 0.008661, "max_up_swing_pct": 0.164818, "max_down_swing_pct": 0.050959, "avg_up_swing": 3.024, "avg_down_swing": 2.1151, "max_up_swing": 28.38, "max_down_swing": 10.33}, "3:53 PM": {"sessions": 102, "up_hits": 24, "up_rate": 0.2353, "down_hits": 23, "down_rate": 0.2255, "both_hits": 0, "both_rate": 0.0, "neither_hits": 55, "neither_rate": 0.5392, "avg_up_swing_pct": 0.012607, "avg_down_swing_pct": 0.008697, "max_up_swing_pct": 0.165935, "max_down_swing_pct": 0.050866, "avg_up_swing": 3.0145, "avg_down_swing": 2.1247, "max_up_swing": 28.545, "max_down_swing": 10.31}, "3:54 PM": {"sessions": 102, "up_hits": 25, "up_rate": 0.2451, "down_hits": 24, "down_rate": 0.2353, "both_hits": 0, "both_rate": 0.0, "neither_hits": 53, "neither_rate": 0.5196, "avg_up_swing_pct": 0.012422, "avg_down_swing_pct": 0.008872, "max_up_swing_pct": 0.161546, "max_down_swing_pct": 0.050444, "avg_up_swing": 2.974, "avg_down_swing": 2.1651, "max_up_swing": 27.895, "max_down_swing": 10.22}, "3:55 PM": {"sessions": 102, "up_hits": 25, "up_rate": 0.2451, "down_hits": 23, "down_rate": 0.2255, "both_hits": 0, "both_rate": 0.0, "neither_hits": 54, "neither_rate": 0.5294, "avg_up_swing_pct": 0.012426, "avg_down_swing_pct": 0.008872, "max_up_swing_pct": 0.164953, "max_down_swing_pct": 0.049788, "avg_up_swing": 2.9695, "avg_down_swing": 2.1696, "max_up_swing": 28.4, "max_down_swing": 10.08}, "3:50\u201355 avg": {"sessions": 102, "up_hits": 26, "up_rate": 0.2549, "down_hits": 23, "down_rate": 0.2255, "both_hits": 0, "both_rate": 0.0, "neither_hits": 53, "neither_rate": 0.5196, "avg_up_swing_pct": 0.012578, "avg_down_swing_pct": 0.008724, "max_up_swing_pct": 0.165754, "max_down_swing_pct": 0.050374, "avg_up_swing": 3.0067, "avg_down_swing": 2.1324, "max_up_swing": 28.5183, "max_down_swing": 10.205}}}, "0.0200": {"pct": 0.02, "references": {"3:50 PM": {"sessions": 102, "up_hits": 19, "up_rate": 0.1863, "down_hits": 14, "down_rate": 0.1373, "both_hits": 0, "both_rate": 0.0, "neither_hits": 69, "neither_rate": 0.6765, "avg_up_swing_pct": 0.012719, "avg_down_swing_pct": 0.008591, "max_up_swing_pct": 0.169368, "max_down_swing_pct": 0.049788, "avg_up_swing": 3.0346, "avg_down_swing": 2.1046, "max_up_swing": 29.05, "max_down_swing": 10.08}, "3:51 PM": {"sessions": 102, "up_hits": 18, "up_rate": 0.1765, "down_hits": 14, "down_rate": 0.1373, "both_hits": 0, "both_rate": 0.0, "neither_hits": 70, "neither_rate": 0.6863, "avg_up_swing_pct": 0.012658, "avg_down_swing_pct": 0.008649, "max_up_swing_pct": 0.167938, "max_down_swing_pct": 0.050397, "avg_up_swing": 3.0236, "avg_down_swing": 2.1155, "max_up_swing": 28.84, "max_down_swing": 10.21}, "3:52 PM": {"sessions": 102, "up_hits": 17, "up_rate": 0.1667, "down_hits": 14, "down_rate": 0.1373, "both_hits": 0, "both_rate": 0.0, "neither_hits": 71, "neither_rate": 0.6961, "avg_up_swing_pct": 0.012642, "avg_down_swing_pct": 0.008661, "max_up_swing_pct": 0.164818, "max_down_swing_pct": 0.050959, "avg_up_swing": 3.024, "avg_down_swing": 2.1151, "max_up_swing": 28.38, "max_down_swing": 10.33}, "3:53 PM": {"sessions": 102, "up_hits": 17, "up_rate": 0.1667, "down_hits": 13, "down_rate": 0.1275, "both_hits": 0, "both_rate": 0.0, "neither_hits": 72, "neither_rate": 0.7059, "avg_up_swing_pct": 0.012607, "avg_down_swing_pct": 0.008697, "max_up_swing_pct": 0.165935, "max_down_swing_pct": 0.050866, "avg_up_swing": 3.0145, "avg_down_swing": 2.1247, "max_up_swing": 28.545, "max_down_swing": 10.31}, "3:54 PM": {"sessions": 102, "up_hits": 18, "up_rate": 0.1765, "down_hits": 14, "down_rate": 0.1373, "both_hits": 0, "both_rate": 0.0, "neither_hits": 70, "neither_rate": 0.6863, "avg_up_swing_pct": 0.012422, "avg_down_swing_pct": 0.008872, "max_up_swing_pct": 0.161546, "max_down_swing_pct": 0.050444, "avg_up_swing": 2.974, "avg_down_swing": 2.1651, "max_up_swing": 27.895, "max_down_swing": 10.22}, "3:55 PM": {"sessions": 102, "up_hits": 18, "up_rate": 0.1765, "down_hits": 14, "down_rate": 0.1373, "both_hits": 0, "both_rate": 0.0, "neither_hits": 70, "neither_rate": 0.6863, "avg_up_swing_pct": 0.012426, "avg_down_swing_pct": 0.008872, "max_up_swing_pct": 0.164953, "max_down_swing_pct": 0.049788, "avg_up_swing": 2.9695, "avg_down_swing": 2.1696, "max_up_swing": 28.4, "max_down_swing": 10.08}, "3:50\u201355 avg": {"sessions": 102, "up_hits": 18, "up_rate": 0.1765, "down_hits": 14, "down_rate": 0.1373, "both_hits": 0, "both_rate": 0.0, "neither_hits": 70, "neither_rate": 0.6863, "avg_up_swing_pct": 0.012578, "avg_down_swing_pct": 0.008724, "max_up_swing_pct": 0.165754, "max_down_swing_pct": 0.050374, "avg_up_swing": 3.0067, "avg_down_swing": 2.1324, "max_up_swing": 28.5183, "max_down_swing": 10.205}}}, "0.0250": {"pct": 0.025, "references": {"3:50 PM": {"sessions": 102, "up_hits": 14, "up_rate": 0.1373, "down_hits": 9, "down_rate": 0.0882, "both_hits": 0, "both_rate": 0.0, "neither_hits": 79, "neither_rate": 0.7745, "avg_up_swing_pct": 0.012719, "avg_down_swing_pct": 0.008591, "max_up_swing_pct": 0.169368, "max_down_swing_pct": 0.049788, "avg_up_swing": 3.0346, "avg_down_swing": 2.1046, "max_up_swing": 29.05, "max_down_swing": 10.08}, "3:51 PM": {"sessions": 102, "up_hits": 14, "up_rate": 0.1373, "down_hits": 8, "down_rate": 0.0784, "both_hits": 0, "both_rate": 0.0, "neither_hits": 80, "neither_rate": 0.7843, "avg_up_swing_pct": 0.012658, "avg_down_swing_pct": 0.008649, "max_up_swing_pct": 0.167938, "max_down_swing_pct": 0.050397, "avg_up_swing": 3.0236, "avg_down_swing": 2.1155, "max_up_swing": 28.84, "max_down_swing": 10.21}, "3:52 PM": {"sessions": 102, "up_hits": 14, "up_rate": 0.1373, "down_hits": 8, "down_rate": 0.0784, "both_hits": 0, "both_rate": 0.0, "neither_hits": 80, "neither_rate": 0.7843, "avg_up_swing_pct": 0.012642, "avg_down_swing_pct": 0.008661, "max_up_swing_pct": 0.164818, "max_down_swing_pct": 0.050959, "avg_up_swing": 3.024, "avg_down_swing": 2.1151, "max_up_swing": 28.38, "max_down_swing": 10.33}, "3:53 PM": {"sessions": 102, "up_hits": 14, "up_rate": 0.1373, "down_hits": 9, "down_rate": 0.0882, "both_hits": 0, "both_rate": 0.0, "neither_hits": 79, "neither_rate": 0.7745, "avg_up_swing_pct": 0.012607, "avg_down_swing_pct": 0.008697, "max_up_swing_pct": 0.165935, "max_down_swing_pct": 0.050866, "avg_up_swing": 3.0145, "avg_down_swing": 2.1247, "max_up_swing": 28.545, "max_down_swing": 10.31}, "3:54 PM": {"sessions": 102, "up_hits": 14, "up_rate": 0.1373, "down_hits": 9, "down_rate": 0.0882, "both_hits": 0, "both_rate": 0.0, "neither_hits": 79, "neither_rate": 0.7745, "avg_up_swing_pct": 0.012422, "avg_down_swing_pct": 0.008872, "max_up_swing_pct": 0.161546, "max_down_swing_pct": 0.050444, "avg_up_swing": 2.974, "avg_down_swing": 2.1651, "max_up_swing": 27.895, "max_down_swing": 10.22}, "3:55 PM": {"sessions": 102, "up_hits": 13, "up_rate": 0.1275, "down_hits": 9, "down_rate": 0.0882, "both_hits": 0, "both_rate": 0.0, "neither_hits": 80, "neither_rate": 0.7843, "avg_up_swing_pct": 0.012426, "avg_down_swing_pct": 0.008872, "max_up_swing_pct": 0.164953, "max_down_swing_pct": 0.049788, "avg_up_swing": 2.9695, "avg_down_swing": 2.1696, "max_up_swing": 28.4, "max_down_swing": 10.08}, "3:50\u201355 avg": {"sessions": 102, "up_hits": 14, "up_rate": 0.1373, "down_hits": 9, "down_rate": 0.0882, "both_hits": 0, "both_rate": 0.0, "neither_hits": 79, "neither_rate": 0.7745, "avg_up_swing_pct": 0.012578, "avg_down_swing_pct": 0.008724, "max_up_swing_pct": 0.165754, "max_down_swing_pct": 0.050374, "avg_up_swing": 3.0067, "avg_down_swing": 2.1324, "max_up_swing": 28.5183, "max_down_swing": 10.205}}}, "0.0300": {"pct": 0.03, "references": {"3:50 PM": {"sessions": 102, "up_hits": 9, "up_rate": 0.0882, "down_hits": 5, "down_rate": 0.049, "both_hits": 0, "both_rate": 0.0, "neither_hits": 88, "neither_rate": 0.8627, "avg_up_swing_pct": 0.012719, "avg_down_swing_pct": 0.008591, "max_up_swing_pct": 0.169368, "max_down_swing_pct": 0.049788, "avg_up_swing": 3.0346, "avg_down_swing": 2.1046, "max_up_swing": 29.05, "max_down_swing": 10.08}, "3:51 PM": {"sessions": 102, "up_hits": 9, "up_rate": 0.0882, "down_hits": 5, "down_rate": 0.049, "both_hits": 0, "both_rate": 0.0, "neither_hits": 88, "neither_rate": 0.8627, "avg_up_swing_pct": 0.012658, "avg_down_swing_pct": 0.008649, "max_up_swing_pct": 0.167938, "max_down_swing_pct": 0.050397, "avg_up_swing": 3.0236, "avg_down_swing": 2.1155, "max_up_swing": 28.84, "max_down_swing": 10.21}, "3:52 PM": {"sessions": 102, "up_hits": 8, "up_rate": 0.0784, "down_hits": 5, "down_rate": 0.049, "both_hits": 0, "both_rate": 0.0, "neither_hits": 89, "neither_rate": 0.8725, "avg_up_swing_pct": 0.012642, "avg_down_swing_pct": 0.008661, "max_up_swing_pct": 0.164818, "max_down_swing_pct": 0.050959, "avg_up_swing": 3.024, "avg_down_swing": 2.1151, "max_up_swing": 28.38, "max_down_swing": 10.33}, "3:53 PM": {"sessions": 102, "up_hits": 8, "up_rate": 0.0784, "down_hits": 3, "down_rate": 0.0294, "both_hits": 0, "both_rate": 0.0, "neither_hits": 91, "neither_rate": 0.8922, "avg_up_swing_pct": 0.012607, "avg_down_swing_pct": 0.008697, "max_up_swing_pct": 0.165935, "max_down_swing_pct": 0.050866, "avg_up_swing": 3.0145, "avg_down_swing": 2.1247, "max_up_swing": 28.545, "max_down_swing": 10.31}, "3:54 PM": {"sessions": 102, "up_hits": 7, "up_rate": 0.0686, "down_hits": 4, "down_rate": 0.0392, "both_hits": 0, "both_rate": 0.0, "neither_hits": 91, "neither_rate": 0.8922, "avg_up_swing_pct": 0.012422, "avg_down_swing_pct": 0.008872, "max_up_swing_pct": 0.161546, "max_down_swing_pct": 0.050444, "avg_up_swing": 2.974, "avg_down_swing": 2.1651, "max_up_swing": 27.895, "max_down_swing": 10.22}, "3:55 PM": {"sessions": 102, "up_hits": 7, "up_rate": 0.0686, "down_hits": 4, "down_rate": 0.0392, "both_hits": 0, "both_rate": 0.0, "neither_hits": 91, "neither_rate": 0.8922, "avg_up_swing_pct": 0.012426, "avg_down_swing_pct": 0.008872, "max_up_swing_pct": 0.164953, "max_down_swing_pct": 0.049788, "avg_up_swing": 2.9695, "avg_down_swing": 2.1696, "max_up_swing": 28.4, "max_down_swing": 10.08}, "3:50\u201355 avg": {"sessions": 102, "up_hits": 7, "up_rate": 0.0686, "down_hits": 4, "down_rate": 0.0392, "both_hits": 0, "both_rate": 0.0, "neither_hits": 91, "neither_rate": 0.8922, "avg_up_swing_pct": 0.012578, "avg_down_swing_pct": 0.008724, "max_up_swing_pct": 0.165754, "max_down_swing_pct": 0.050374, "avg_up_swing": 3.0067, "avg_down_swing": 2.1324, "max_up_swing": 28.5183, "max_down_swing": 10.205}}}, "0.0350": {"pct": 0.035, "references": {"3:50 PM": {"sessions": 102, "up_hits": 5, "up_rate": 0.049, "down_hits": 1, "down_rate": 0.0098, "both_hits": 0, "both_rate": 0.0, "neither_hits": 96, "neither_rate": 0.9412, "avg_up_swing_pct": 0.012719, "avg_down_swing_pct": 0.008591, "max_up_swing_pct": 0.169368, "max_down_swing_pct": 0.049788, "avg_up_swing": 3.0346, "avg_down_swing": 2.1046, "max_up_swing": 29.05, "max_down_swing": 10.08}, "3:51 PM": {"sessions": 102, "up_hits": 6, "up_rate": 0.0588, "down_hits": 2, "down_rate": 0.0196, "both_hits": 0, "both_rate": 0.0, "neither_hits": 94, "neither_rate": 0.9216, "avg_up_swing_pct": 0.012658, "avg_down_swing_pct": 0.008649, "max_up_swing_pct": 0.167938, "max_down_swing_pct": 0.050397, "avg_up_swing": 3.0236, "avg_down_swing": 2.1155, "max_up_swing": 28.84, "max_down_swing": 10.21}, "3:52 PM": {"sessions": 102, "up_hits": 6, "up_rate": 0.0588, "down_hits": 2, "down_rate": 0.0196, "both_hits": 0, "both_rate": 0.0, "neither_hits": 94, "neither_rate": 0.9216, "avg_up_swing_pct": 0.012642, "avg_down_swing_pct": 0.008661, "max_up_swing_pct": 0.164818, "max_down_swing_pct": 0.050959, "avg_up_swing": 3.024, "avg_down_swing": 2.1151, "max_up_swing": 28.38, "max_down_swing": 10.33}, "3:53 PM": {"sessions": 102, "up_hits": 6, "up_rate": 0.0588, "down_hits": 3, "down_rate": 0.0294, "both_hits": 0, "both_rate": 0.0, "neither_hits": 93, "neither_rate": 0.9118, "avg_up_swing_pct": 0.012607, "avg_down_swing_pct": 0.008697, "max_up_swing_pct": 0.165935, "max_down_swing_pct": 0.050866, "avg_up_swing": 3.0145, "avg_down_swing": 2.1247, "max_up_swing": 28.545, "max_down_swing": 10.31}, "3:54 PM": {"sessions": 102, "up_hits": 6, "up_rate": 0.0588, "down_hits": 3, "down_rate": 0.0294, "both_hits": 0, "both_rate": 0.0, "neither_hits": 93, "neither_rate": 0.9118, "avg_up_swing_pct": 0.012422, "avg_down_swing_pct": 0.008872, "max_up_swing_pct": 0.161546, "max_down_swing_pct": 0.050444, "avg_up_swing": 2.974, "avg_down_swing": 2.1651, "max_up_swing": 27.895, "max_down_swing": 10.22}, "3:55 PM": {"sessions": 102, "up_hits": 6, "up_rate": 0.0588, "down_hits": 3, "down_rate": 0.0294, "both_hits": 0, "both_rate": 0.0, "neither_hits": 93, "neither_rate": 0.9118, "avg_up_swing_pct": 0.012426, "avg_down_swing_pct": 0.008872, "max_up_swing_pct": 0.164953, "max_down_swing_pct": 0.049788, "avg_up_swing": 2.9695, "avg_down_swing": 2.1696, "max_up_swing": 28.4, "max_down_swing": 10.08}, "3:50\u201355 avg": {"sessions": 102, "up_hits": 6, "up_rate": 0.0588, "down_hits": 3, "down_rate": 0.0294, "both_hits": 0, "both_rate": 0.0, "neither_hits": 93, "neither_rate": 0.9118, "avg_up_swing_pct": 0.012578, "avg_down_swing_pct": 0.008724, "max_up_swing_pct": 0.165754, "max_down_swing_pct": 0.050374, "avg_up_swing": 3.0067, "avg_down_swing": 2.1324, "max_up_swing": 28.5183, "max_down_swing": 10.205}}}, "0.0400": {"pct": 0.04, "references": {"3:50 PM": {"sessions": 102, "up_hits": 5, "up_rate": 0.049, "down_hits": 1, "down_rate": 0.0098, "both_hits": 0, "both_rate": 0.0, "neither_hits": 96, "neither_rate": 0.9412, "avg_up_swing_pct": 0.012719, "avg_down_swing_pct": 0.008591, "max_up_swing_pct": 0.169368, "max_down_swing_pct": 0.049788, "avg_up_swing": 3.0346, "avg_down_swing": 2.1046, "max_up_swing": 29.05, "max_down_swing": 10.08}, "3:51 PM": {"sessions": 102, "up_hits": 4, "up_rate": 0.0392, "down_hits": 1, "down_rate": 0.0098, "both_hits": 0, "both_rate": 0.0, "neither_hits": 97, "neither_rate": 0.951, "avg_up_swing_pct": 0.012658, "avg_down_swing_pct": 0.008649, "max_up_swing_pct": 0.167938, "max_down_swing_pct": 0.050397, "avg_up_swing": 3.0236, "avg_down_swing": 2.1155, "max_up_swing": 28.84, "max_down_swing": 10.21}, "3:52 PM": {"sessions": 102, "up_hits": 4, "up_rate": 0.0392, "down_hits": 1, "down_rate": 0.0098, "both_hits": 0, "both_rate": 0.0, "neither_hits": 97, "neither_rate": 0.951, "avg_up_swing_pct": 0.012642, "avg_down_swing_pct": 0.008661, "max_up_swing_pct": 0.164818, "max_down_swing_pct": 0.050959, "avg_up_swing": 3.024, "avg_down_swing": 2.1151, "max_up_swing": 28.38, "max_down_swing": 10.33}, "3:53 PM": {"sessions": 102, "up_hits": 4, "up_rate": 0.0392, "down_hits": 1, "down_rate": 0.0098, "both_hits": 0, "both_rate": 0.0, "neither_hits": 97, "neither_rate": 0.951, "avg_up_swing_pct": 0.012607, "avg_down_swing_pct": 0.008697, "max_up_swing_pct": 0.165935, "max_down_swing_pct": 0.050866, "avg_up_swing": 3.0145, "avg_down_swing": 2.1247, "max_up_swing": 28.545, "max_down_swing": 10.31}, "3:54 PM": {"sessions": 102, "up_hits": 4, "up_rate": 0.0392, "down_hits": 1, "down_rate": 0.0098, "both_hits": 0, "both_rate": 0.0, "neither_hits": 97, "neither_rate": 0.951, "avg_up_swing_pct": 0.012422, "avg_down_swing_pct": 0.008872, "max_up_swing_pct": 0.161546, "max_down_swing_pct": 0.050444, "avg_up_swing": 2.974, "avg_down_swing": 2.1651, "max_up_swing": 27.895, "max_down_swing": 10.22}, "3:55 PM": {"sessions": 102, "up_hits": 4, "up_rate": 0.0392, "down_hits": 1, "down_rate": 0.0098, "both_hits": 0, "both_rate": 0.0, "neither_hits": 97, "neither_rate": 0.951, "avg_up_swing_pct": 0.012426, "avg_down_swing_pct": 0.008872, "max_up_swing_pct": 0.164953, "max_down_swing_pct": 0.049788, "avg_up_swing": 2.9695, "avg_down_swing": 2.1696, "max_up_swing": 28.4, "max_down_swing": 10.08}, "3:50\u201355 avg": {"sessions": 102, "up_hits": 4, "up_rate": 0.0392, "down_hits": 1, "down_rate": 0.0098, "both_hits": 0, "both_rate": 0.0, "neither_hits": 97, "neither_rate": 0.951, "avg_up_swing_pct": 0.012578, "avg_down_swing_pct": 0.008724, "max_up_swing_pct": 0.165754, "max_down_swing_pct": 0.050374, "avg_up_swing": 3.0067, "avg_down_swing": 2.1324, "max_up_swing": 28.5183, "max_down_swing": 10.205}}}, "0.0500": {"pct": 0.05, "references": {"3:50 PM": {"sessions": 102, "up_hits": 2, "up_rate": 0.0196, "down_hits": 0, "down_rate": 0.0, "both_hits": 0, "both_rate": 0.0, "neither_hits": 100, "neither_rate": 0.9804, "avg_up_swing_pct": 0.012719, "avg_down_swing_pct": 0.008591, "max_up_swing_pct": 0.169368, "max_down_swing_pct": 0.049788, "avg_up_swing": 3.0346, "avg_down_swing": 2.1046, "max_up_swing": 29.05, "max_down_swing": 10.08}, "3:51 PM": {"sessions": 102, "up_hits": 2, "up_rate": 0.0196, "down_hits": 1, "down_rate": 0.0098, "both_hits": 0, "both_rate": 0.0, "neither_hits": 99, "neither_rate": 0.9706, "avg_up_swing_pct": 0.012658, "avg_down_swing_pct": 0.008649, "max_up_swing_pct": 0.167938, "max_down_swing_pct": 0.050397, "avg_up_swing": 3.0236, "avg_down_swing": 2.1155, "max_up_swing": 28.84, "max_down_swing": 10.21}, "3:52 PM": {"sessions": 102, "up_hits": 2, "up_rate": 0.0196, "down_hits": 1, "down_rate": 0.0098, "both_hits": 0, "both_rate": 0.0, "neither_hits": 99, "neither_rate": 0.9706, "avg_up_swing_pct": 0.012642, "avg_down_swing_pct": 0.008661, "max_up_swing_pct": 0.164818, "max_down_swing_pct": 0.050959, "avg_up_swing": 3.024, "avg_down_swing": 2.1151, "max_up_swing": 28.38, "max_down_swing": 10.33}, "3:53 PM": {"sessions": 102, "up_hits": 2, "up_rate": 0.0196, "down_hits": 1, "down_rate": 0.0098, "both_hits": 0, "both_rate": 0.0, "neither_hits": 99, "neither_rate": 0.9706, "avg_up_swing_pct": 0.012607, "avg_down_swing_pct": 0.008697, "max_up_swing_pct": 0.165935, "max_down_swing_pct": 0.050866, "avg_up_swing": 3.0145, "avg_down_swing": 2.1247, "max_up_swing": 28.545, "max_down_swing": 10.31}, "3:54 PM": {"sessions": 102, "up_hits": 2, "up_rate": 0.0196, "down_hits": 1, "down_rate": 0.0098, "both_hits": 0, "both_rate": 0.0, "neither_hits": 99, "neither_rate": 0.9706, "avg_up_swing_pct": 0.012422, "avg_down_swing_pct": 0.008872, "max_up_swing_pct": 0.161546, "max_down_swing_pct": 0.050444, "avg_up_swing": 2.974, "avg_down_swing": 2.1651, "max_up_swing": 27.895, "max_down_swing": 10.22}, "3:55 PM": {"sessions": 102, "up_hits": 2, "up_rate": 0.0196, "down_hits": 0, "down_rate": 0.0, "both_hits": 0, "both_rate": 0.0, "neither_hits": 100, "neither_rate": 0.9804, "avg_up_swing_pct": 0.012426, "avg_down_swing_pct": 0.008872, "max_up_swing_pct": 0.164953, "max_down_swing_pct": 0.049788, "avg_up_swing": 2.9695, "avg_down_swing": 2.1696, "max_up_swing": 28.4, "max_down_swing": 10.08}, "3:50\u201355 avg": {"sessions": 102, "up_hits": 2, "up_rate": 0.0196, "down_hits": 1, "down_rate": 0.0098, "both_hits": 0, "both_rate": 0.0, "neither_hits": 99, "neither_rate": 0.9706, "avg_up_swing_pct": 0.012578, "avg_down_swing_pct": 0.008724, "max_up_swing_pct": 0.165754, "max_down_swing_pct": 0.050374, "avg_up_swing": 3.0067, "avg_down_swing": 2.1324, "max_up_swing": 28.5183, "max_down_swing": 10.205}}}, "0.0700": {"pct": 0.07, "references": {"3:50 PM": {"sessions": 102, "up_hits": 1, "up_rate": 0.0098, "down_hits": 0, "down_rate": 0.0, "both_hits": 0, "both_rate": 0.0, "neither_hits": 101, "neither_rate": 0.9902, "avg_up_swing_pct": 0.012719, "avg_down_swing_pct": 0.008591, "max_up_swing_pct": 0.169368, "max_down_swing_pct": 0.049788, "avg_up_swing": 3.0346, "avg_down_swing": 2.1046, "max_up_swing": 29.05, "max_down_swing": 10.08}, "3:51 PM": {"sessions": 102, "up_hits": 1, "up_rate": 0.0098, "down_hits": 0, "down_rate": 0.0, "both_hits": 0, "both_rate": 0.0, "neither_hits": 101, "neither_rate": 0.9902, "avg_up_swing_pct": 0.012658, "avg_down_swing_pct": 0.008649, "max_up_swing_pct": 0.167938, "max_down_swing_pct": 0.050397, "avg_up_swing": 3.0236, "avg_down_swing": 2.1155, "max_up_swing": 28.84, "max_down_swing": 10.21}, "3:52 PM": {"sessions": 102, "up_hits": 1, "up_rate": 0.0098, "down_hits": 0, "down_rate": 0.0, "both_hits": 0, "both_rate": 0.0, "neither_hits": 101, "neither_rate": 0.9902, "avg_up_swing_pct": 0.012642, "avg_down_swing_pct": 0.008661, "max_up_swing_pct": 0.164818, "max_down_swing_pct": 0.050959, "avg_up_swing": 3.024, "avg_down_swing": 2.1151, "max_up_swing": 28.38, "max_down_swing": 10.33}, "3:53 PM": {"sessions": 102, "up_hits": 1, "up_rate": 0.0098, "down_hits": 0, "down_rate": 0.0, "both_hits": 0, "both_rate": 0.0, "neither_hits": 101, "neither_rate": 0.9902, "avg_up_swing_pct": 0.012607, "avg_down_swing_pct": 0.008697, "max_up_swing_pct": 0.165935, "max_down_swing_pct": 0.050866, "avg_up_swing": 3.0145, "avg_down_swing": 2.1247, "max_up_swing": 28.545, "max_down_swing": 10.31}, "3:54 PM": {"sessions": 102, "up_hits": 1, "up_rate": 0.0098, "down_hits": 0, "down_rate": 0.0, "both_hits": 0, "both_rate": 0.0, "neither_hits": 101, "neither_rate": 0.9902, "avg_up_swing_pct": 0.012422, "avg_down_swing_pct": 0.008872, "max_up_swing_pct": 0.161546, "max_down_swing_pct": 0.050444, "avg_up_swing": 2.974, "avg_down_swing": 2.1651, "max_up_swing": 27.895, "max_down_swing": 10.22}, "3:55 PM": {"sessions": 102, "up_hits": 1, "up_rate": 0.0098, "down_hits": 0, "down_rate": 0.0, "both_hits": 0, "both_rate": 0.0, "neither_hits": 101, "neither_rate": 0.9902, "avg_up_swing_pct": 0.012426, "avg_down_swing_pct": 0.008872, "max_up_swing_pct": 0.164953, "max_down_swing_pct": 0.049788, "avg_up_swing": 2.9695, "avg_down_swing": 2.1696, "max_up_swing": 28.4, "max_down_swing": 10.08}, "3:50\u201355 avg": {"sessions": 102, "up_hits": 1, "up_rate": 0.0098, "down_hits": 0, "down_rate": 0.0, "both_hits": 0, "both_rate": 0.0, "neither_hits": 101, "neither_rate": 0.9902, "avg_up_swing_pct": 0.012578, "avg_down_swing_pct": 0.008724, "max_up_swing_pct": 0.165754, "max_down_swing_pct": 0.050374, "avg_up_swing": 3.0067, "avg_down_swing": 2.1324, "max_up_swing": 28.5183, "max_down_swing": 10.205}}}, "0.1000": {"pct": 0.1, "references": {"3:50 PM": {"sessions": 102, "up_hits": 1, "up_rate": 0.0098, "down_hits": 0, "down_rate": 0.0, "both_hits": 0, "both_rate": 0.0, "neither_hits": 101, "neither_rate": 0.9902, "avg_up_swing_pct": 0.012719, "avg_down_swing_pct": 0.008591, "max_up_swing_pct": 0.169368, "max_down_swing_pct": 0.049788, "avg_up_swing": 3.0346, "avg_down_swing": 2.1046, "max_up_swing": 29.05, "max_down_swing": 10.08}, "3:51 PM": {"sessions": 102, "up_hits": 1, "up_rate": 0.0098, "down_hits": 0, "down_rate": 0.0, "both_hits": 0, "both_rate": 0.0, "neither_hits": 101, "neither_rate": 0.9902, "avg_up_swing_pct": 0.012658, "avg_down_swing_pct": 0.008649, "max_up_swing_pct": 0.167938, "max_down_swing_pct": 0.050397, "avg_up_swing": 3.0236, "avg_down_swing": 2.1155, "max_up_swing": 28.84, "max_down_swing": 10.21}, "3:52 PM": {"sessions": 102, "up_hits": 1, "up_rate": 0.0098, "down_hits": 0, "down_rate": 0.0, "both_hits": 0, "both_rate": 0.0, "neither_hits": 101, "neither_rate": 0.9902, "avg_up_swing_pct": 0.012642, "avg_down_swing_pct": 0.008661, "max_up_swing_pct": 0.164818, "max_down_swing_pct": 0.050959, "avg_up_swing": 3.024, "avg_down_swing": 2.1151, "max_up_swing": 28.38, "max_down_swing": 10.33}, "3:53 PM": {"sessions": 102, "up_hits": 1, "up_rate": 0.0098, "down_hits": 0, "down_rate": 0.0, "both_hits": 0, "both_rate": 0.0, "neither_hits": 101, "neither_rate": 0.9902, "avg_up_swing_pct": 0.012607, "avg_down_swing_pct": 0.008697, "max_up_swing_pct": 0.165935, "max_down_swing_pct": 0.050866, "avg_up_swing": 3.0145, "avg_down_swing": 2.1247, "max_up_swing": 28.545, "max_down_swing": 10.31}, "3:54 PM": {"sessions": 102, "up_hits": 1, "up_rate": 0.0098, "down_hits": 0, "down_rate": 0.0, "both_hits": 0, "both_rate": 0.0, "neither_hits": 101, "neither_rate": 0.9902, "avg_up_swing_pct": 0.012422, "avg_down_swing_pct": 0.008872, "max_up_swing_pct": 0.161546, "max_down_swing_pct": 0.050444, "avg_up_swing": 2.974, "avg_down_swing": 2.1651, "max_up_swing": 27.895, "max_down_swing": 10.22}, "3:55 PM": {"sessions": 102, "up_hits": 1, "up_rate": 0.0098, "down_hits": 0, "down_rate": 0.0, "both_hits": 0, "both_rate": 0.0, "neither_hits": 101, "neither_rate": 0.9902, "avg_up_swing_pct": 0.012426, "avg_down_swing_pct": 0.008872, "max_up_swing_pct": 0.164953, "max_down_swing_pct": 0.049788, "avg_up_swing": 2.9695, "avg_down_swing": 2.1696, "max_up_swing": 28.4, "max_down_swing": 10.08}, "3:50\u201355 avg": {"sessions": 102, "up_hits": 1, "up_rate": 0.0098, "down_hits": 0, "down_rate": 0.0, "both_hits": 0, "both_rate": 0.0, "neither_hits": 101, "neither_rate": 0.9902, "avg_up_swing_pct": 0.012578, "avg_down_swing_pct": 0.008724, "max_up_swing_pct": 0.165754, "max_down_swing_pct": 0.050374, "avg_up_swing": 3.0067, "avg_down_swing": 2.1324, "max_up_swing": 28.5183, "max_down_swing": 10.205}}}, "0.1500": {"pct": 0.15, "references": {"3:50 PM": {"sessions": 102, "up_hits": 1, "up_rate": 0.0098, "down_hits": 0, "down_rate": 0.0, "both_hits": 0, "both_rate": 0.0, "neither_hits": 101, "neither_rate": 0.9902, "avg_up_swing_pct": 0.012719, "avg_down_swing_pct": 0.008591, "max_up_swing_pct": 0.169368, "max_down_swing_pct": 0.049788, "avg_up_swing": 3.0346, "avg_down_swing": 2.1046, "max_up_swing": 29.05, "max_down_swing": 10.08}, "3:51 PM": {"sessions": 102, "up_hits": 1, "up_rate": 0.0098, "down_hits": 0, "down_rate": 0.0, "both_hits": 0, "both_rate": 0.0, "neither_hits": 101, "neither_rate": 0.9902, "avg_up_swing_pct": 0.012658, "avg_down_swing_pct": 0.008649, "max_up_swing_pct": 0.167938, "max_down_swing_pct": 0.050397, "avg_up_swing": 3.0236, "avg_down_swing": 2.1155, "max_up_swing": 28.84, "max_down_swing": 10.21}, "3:52 PM": {"sessions": 102, "up_hits": 1, "up_rate": 0.0098, "down_hits": 0, "down_rate": 0.0, "both_hits": 0, "both_rate": 0.0, "neither_hits": 101, "neither_rate": 0.9902, "avg_up_swing_pct": 0.012642, "avg_down_swing_pct": 0.008661, "max_up_swing_pct": 0.164818, "max_down_swing_pct": 0.050959, "avg_up_swing": 3.024, "avg_down_swing": 2.1151, "max_up_swing": 28.38, "max_down_swing": 10.33}, "3:53 PM": {"sessions": 102, "up_hits": 1, "up_rate": 0.0098, "down_hits": 0, "down_rate": 0.0, "both_hits": 0, "both_rate": 0.0, "neither_hits": 101, "neither_rate": 0.9902, "avg_up_swing_pct": 0.012607, "avg_down_swing_pct": 0.008697, "max_up_swing_pct": 0.165935, "max_down_swing_pct": 0.050866, "avg_up_swing": 3.0145, "avg_down_swing": 2.1247, "max_up_swing": 28.545, "max_down_swing": 10.31}, "3:54 PM": {"sessions": 102, "up_hits": 1, "up_rate": 0.0098, "down_hits": 0, "down_rate": 0.0, "both_hits": 0, "both_rate": 0.0, "neither_hits": 101, "neither_rate": 0.9902, "avg_up_swing_pct": 0.012422, "avg_down_swing_pct": 0.008872, "max_up_swing_pct": 0.161546, "max_down_swing_pct": 0.050444, "avg_up_swing": 2.974, "avg_down_swing": 2.1651, "max_up_swing": 27.895, "max_down_swing": 10.22}, "3:55 PM": {"sessions": 102, "up_hits": 1, "up_rate": 0.0098, "down_hits": 0, "down_rate": 0.0, "both_hits": 0, "both_rate": 0.0, "neither_hits": 101, "neither_rate": 0.9902, "avg_up_swing_pct": 0.012426, "avg_down_swing_pct": 0.008872, "max_up_swing_pct": 0.164953, "max_down_swing_pct": 0.049788, "avg_up_swing": 2.9695, "avg_down_swing": 2.1696, "max_up_swing": 28.4, "max_down_swing": 10.08}, "3:50\u201355 avg": {"sessions": 102, "up_hits": 1, "up_rate": 0.0098, "down_hits": 0, "down_rate": 0.0, "both_hits": 0, "both_rate": 0.0, "neither_hits": 101, "neither_rate": 0.9902, "avg_up_swing_pct": 0.012578, "avg_down_swing_pct": 0.008724, "max_up_swing_pct": 0.165754, "max_down_swing_pct": 0.050374, "avg_up_swing": 3.0067, "avg_down_swing": 2.1324, "max_up_swing": 28.5183, "max_down_swing": 10.205}}}}, "swings": {"3:50 PM": {"avg_up_swing_pct": 0.012719, "avg_down_swing_pct": 0.008591, "max_up_swing_pct": 0.169368, "max_down_swing_pct": 0.049788, "avg_up_swing": 3.0346, "avg_down_swing": 2.1046, "max_up_swing": 29.05, "max_down_swing": 10.08}, "3:51 PM": {"avg_up_swing_pct": 0.012658, "avg_down_swing_pct": 0.008649, "max_up_swing_pct": 0.167938, "max_down_swing_pct": 0.050397, "avg_up_swing": 3.0236, "avg_down_swing": 2.1155, "max_up_swing": 28.84, "max_down_swing": 10.21}, "3:52 PM": {"avg_up_swing_pct": 0.012642, "avg_down_swing_pct": 0.008661, "max_up_swing_pct": 0.164818, "max_down_swing_pct": 0.050959, "avg_up_swing": 3.024, "avg_down_swing": 2.1151, "max_up_swing": 28.38, "max_down_swing": 10.33}, "3:53 PM": {"avg_up_swing_pct": 0.012607, "avg_down_swing_pct": 0.008697, "max_up_swing_pct": 0.165935, "max_down_swing_pct": 0.050866, "avg_up_swing": 3.0145, "avg_down_swing": 2.1247, "max_up_swing": 28.545, "max_down_swing": 10.31}, "3:54 PM": {"avg_up_swing_pct": 0.012422, "avg_down_swing_pct": 0.008872, "max_up_swing_pct": 0.161546, "max_down_swing_pct": 0.050444, "avg_up_swing": 2.974, "avg_down_swing": 2.1651, "max_up_swing": 27.895, "max_down_swing": 10.22}, "3:55 PM": {"avg_up_swing_pct": 0.012426, "avg_down_swing_pct": 0.008872, "max_up_swing_pct": 0.164953, "max_down_swing_pct": 0.049788, "avg_up_swing": 2.9695, "avg_down_swing": 2.1696, "max_up_swing": 28.4, "max_down_swing": 10.08}, "3:50\u201355 avg": {"avg_up_swing_pct": 0.012578, "avg_down_swing_pct": 0.008724, "max_up_swing_pct": 0.165754, "max_down_swing_pct": 0.050374, "avg_up_swing": 3.0067, "avg_down_swing": 2.1324, "max_up_swing": 28.5183, "max_down_swing": 10.205}}}, "Thursday": {"n_sessions": 98, "n_skipped": 6, "n_baseline_substituted": 2, "recommended_reference": "3:53 PM", "recommended_reference_deviation": 0.114, "steadiness": {"3:50 PM": 0.1865, "3:51 PM": 0.1346, "3:52 PM": 0.1381, "3:53 PM": 0.114, "3:54 PM": 0.1732, "3:55 PM": 0.2661}, "thresholds_pct": {"0.0050": {"pct": 0.005, "references": {"3:50 PM": {"sessions": 98, "up_hits": 68, "up_rate": 0.6939, "down_hits": 64, "down_rate": 0.6531, "both_hits": 34, "both_rate": 0.3469, "neither_hits": 0, "neither_rate": 0.0, "avg_up_swing_pct": 0.008534, "avg_down_swing_pct": 0.01152, "max_up_swing_pct": 0.051949, "max_down_swing_pct": 0.102282, "avg_up_swing": 2.1068, "avg_down_swing": 2.8884, "max_up_swing": 15.28, "max_down_swing": 22.93}, "3:51 PM": {"sessions": 98, "up_hits": 69, "up_rate": 0.7041, "down_hits": 65, "down_rate": 0.6633, "both_hits": 36, "both_rate": 0.3673, "neither_hits": 0, "neither_rate": 0.0, "avg_up_swing_pct": 0.008487, "avg_down_swing_pct": 0.011566, "max_up_swing_pct": 0.05236, "max_down_swing_pct": 0.102202, "avg_up_swing": 2.0981, "avg_down_swing": 2.8972, "max_up_swing": 15.395, "max_down_swing": 22.91}, "3:52 PM": {"sessions": 98, "up_hits": 67, "up_rate": 0.6837, "down_hits": 65, "down_rate": 0.6633, "both_hits": 34, "both_rate": 0.3469, "neither_hits": 0, "neither_rate": 0.0, "avg_up_swing_pct": 0.008427, "avg_down_swing_pct": 0.011624, "max_up_swing_pct": 0.05279, "max_down_swing_pct": 0.101921, "avg_up_swing": 2.087, "avg_down_swing": 2.9082, "max_up_swing": 15.515, "max_down_swing": 22.84}, "3:53 PM": {"sessions": 98, "up_hits": 68, "up_rate": 0.6939, "down_hits": 65, "down_rate": 0.6633, "both_hits": 35, "both_rate": 0.3571, "neither_hits": 0, "neither_rate": 0.0, "avg_up_swing_pct": 0.008452, "avg_down_swing_pct": 0.0116, "max_up_swing_pct": 0.051788, "max_down_swing_pct": 0.102422, "avg_up_swing": 2.0878, "avg_down_swing": 2.9075, "max_up_swing": 15.235, "max_down_swing": 22.965}, "3:54 PM": {"sessions": 98, "up_hits": 69, "up_rate": 0.7041, "down_hits": 65, "down_rate": 0.6633, "both_hits": 36, "both_rate": 0.3673, "neither_hits": 0, "neither_rate": 0.0, "avg_up_swing_pct": 0.008446, "avg_down_swing_pct": 0.011604, "max_up_swing_pct": 0.050039, "max_down_swing_pct": 0.101219, "avg_up_swing": 2.0869, "avg_down_swing": 2.9083, "max_up_swing": 14.745, "max_down_swing": 22.665}, "3:55 PM": {"sessions": 98, "up_hits": 69, "up_rate": 0.7041, "down_hits": 65, "down_rate": 0.6633, "both_hits": 36, "both_rate": 0.3673, "neither_hits": 0, "neither_rate": 0.0, "avg_up_swing_pct": 0.008353, "avg_down_swing_pct": 0.011697, "max_up_swing_pct": 0.048296, "max_down_swing_pct": 0.102302, "avg_up_swing": 2.0623, "avg_down_swing": 2.933, "max_up_swing": 14.255, "max_down_swing": 22.935}, "3:50\u201355 avg": {"sessions": 98, "up_hits": 69, "up_rate": 0.7041, "down_hits": 66, "down_rate": 0.6735, "both_hits": 37, "both_rate": 0.3776, "neither_hits": 0, "neither_rate": 0.0, "avg_up_swing_pct": 0.008449, "avg_down_swing_pct": 0.011603, "max_up_swing_pct": 0.051201, "max_down_swing_pct": 0.102058, "avg_up_swing": 2.0882, "avg_down_swing": 2.9071, "max_up_swing": 15.0708, "max_down_swing": 22.8742}}}, "0.0075": {"pct": 0.0075, "references": {"3:50 PM": {"sessions": 98, "up_hits": 57, "up_rate": 0.5816, "down_hits": 51, "down_rate": 0.5204, "both_hits": 15, "both_rate": 0.1531, "neither_hits": 5, "neither_rate": 0.051, "avg_up_swing_pct": 0.008534, "avg_down_swing_pct": 0.01152, "max_up_swing_pct": 0.051949, "max_down_swing_pct": 0.102282, "avg_up_swing": 2.1068, "avg_down_swing": 2.8884, "max_up_swing": 15.28, "max_down_swing": 22.93}, "3:51 PM": {"sessions": 98, "up_hits": 57, "up_rate": 0.5816, "down_hits": 52, "down_rate": 0.5306, "both_hits": 16, "both_rate": 0.1633, "neither_hits": 5, "neither_rate": 0.051, "avg_up_swing_pct": 0.008487, "avg_down_swing_pct": 0.011566, "max_up_swing_pct": 0.05236, "max_down_swing_pct": 0.102202, "avg_up_swing": 2.0981, "avg_down_swing": 2.8972, "max_up_swing": 15.395, "max_down_swing": 22.91}, "3:52 PM": {"sessions": 98, "up_hits": 59, "up_rate": 0.602, "down_hits": 52, "down_rate": 0.5306, "both_hits": 18, "both_rate": 0.1837, "neither_hits": 5, "neither_rate": 0.051, "avg_up_swing_pct": 0.008427, "avg_down_swing_pct": 0.011624, "max_up_swing_pct": 0.05279, "max_down_swing_pct": 0.101921, "avg_up_swing": 2.087, "avg_down_swing": 2.9082, "max_up_swing": 15.515, "max_down_swing": 22.84}, "3:53 PM": {"sessions": 98, "up_hits": 58, "up_rate": 0.5918, "down_hits": 51, "down_rate": 0.5204, "both_hits": 16, "both_rate": 0.1633, "neither_hits": 5, "neither_rate": 0.051, "avg_up_swing_pct": 0.008452, "avg_down_swing_pct": 0.0116, "max_up_swing_pct": 0.051788, "max_down_swing_pct": 0.102422, "avg_up_swing": 2.0878, "avg_down_swing": 2.9075, "max_up_swing": 15.235, "max_down_swing": 22.965}, "3:54 PM": {"sessions": 98, "up_hits": 58, "up_rate": 0.5918, "down_hits": 54, "down_rate": 0.551, "both_hits": 17, "both_rate": 0.1735, "neither_hits": 3, "neither_rate": 0.0306, "avg_up_swing_pct": 0.008446, "avg_down_swing_pct": 0.011604, "max_up_swing_pct": 0.050039, "max_down_swing_pct": 0.101219, "avg_up_swing": 2.0869, "avg_down_swing": 2.9083, "max_up_swing": 14.745, "max_down_swing": 22.665}, "3:55 PM": {"sessions": 98, "up_hits": 55, "up_rate": 0.5612, "down_hits": 53, "down_rate": 0.5408, "both_hits": 17, "both_rate": 0.1735, "neither_hits": 7, "neither_rate": 0.0714, "avg_up_swing_pct": 0.008353, "avg_down_swing_pct": 0.011697, "max_up_swing_pct": 0.048296, "max_down_swing_pct": 0.102302, "avg_up_swing": 2.0623, "avg_down_swing": 2.933, "max_up_swing": 14.255, "max_down_swing": 22.935}, "3:50\u201355 avg": {"sessions": 98, "up_hits": 57, "up_rate": 0.5816, "down_hits": 52, "down_rate": 0.5306, "both_hits": 16, "both_rate": 0.1633, "neither_hits": 5, "neither_rate": 0.051, "avg_up_swing_pct": 0.008449, "avg_down_swing_pct": 0.011603, "max_up_swing_pct": 0.051201, "max_down_swing_pct": 0.102058, "avg_up_swing": 2.0882, "avg_down_swing": 2.9071, "max_up_swing": 15.0708, "max_down_swing": 22.8742}}}, "0.0100": {"pct": 0.01, "references": {"3:50 PM": {"sessions": 98, "up_hits": 41, "up_rate": 0.4184, "down_hits": 41, "down_rate": 0.4184, "both_hits": 5, "both_rate": 0.051, "neither_hits": 21, "neither_rate": 0.2143, "avg_up_swing_pct": 0.008534, "avg_down_swing_pct": 0.01152, "max_up_swing_pct": 0.051949, "max_down_swing_pct": 0.102282, "avg_up_swing": 2.1068, "avg_down_swing": 2.8884, "max_up_swing": 15.28, "max_down_swing": 22.93}, "3:51 PM": {"sessions": 98, "up_hits": 41, "up_rate": 0.4184, "down_hits": 41, "down_rate": 0.4184, "both_hits": 4, "both_rate": 0.0408, "neither_hits": 20, "neither_rate": 0.2041, "avg_up_swing_pct": 0.008487, "avg_down_swing_pct": 0.011566, "max_up_swing_pct": 0.05236, "max_down_swing_pct": 0.102202, "avg_up_swing": 2.0981, "avg_down_swing": 2.8972, "max_up_swing": 15.395, "max_down_swing": 22.91}, "3:52 PM": {"sessions": 98, "up_hits": 41, "up_rate": 0.4184, "down_hits": 43, "down_rate": 0.4388, "both_hits": 4, "both_rate": 0.0408, "neither_hits": 18, "neither_rate": 0.1837, "avg_up_swing_pct": 0.008427, "avg_down_swing_pct": 0.011624, "max_up_swing_pct": 0.05279, "max_down_swing_pct": 0.101921, "avg_up_swing": 2.087, "avg_down_swing": 2.9082, "max_up_swing": 15.515, "max_down_swing": 22.84}, "3:53 PM": {"sessions": 98, "up_hits": 40, "up_rate": 0.4082, "down_hits": 43, "down_rate": 0.4388, "both_hits": 4, "both_rate": 0.0408, "neither_hits": 19, "neither_rate": 0.1939, "avg_up_swing_pct": 0.008452, "avg_down_swing_pct": 0.0116, "max_up_swing_pct": 0.051788, "max_down_swing_pct": 0.102422, "avg_up_swing": 2.0878, "avg_down_swing": 2.9075, "max_up_swing": 15.235, "max_down_swing": 22.965}, "3:54 PM": {"sessions": 98, "up_hits": 42, "up_rate": 0.4286, "down_hits": 41, "down_rate": 0.4184, "both_hits": 3, "both_rate": 0.0306, "neither_hits": 18, "neither_rate": 0.1837, "avg_up_swing_pct": 0.008446, "avg_down_swing_pct": 0.011604, "max_up_swing_pct": 0.050039, "max_down_swing_pct": 0.101219, "avg_up_swing": 2.0869, "avg_down_swing": 2.9083, "max_up_swing": 14.745, "max_down_swing": 22.665}, "3:55 PM": {"sessions": 98, "up_hits": 42, "up_rate": 0.4286, "down_hits": 43, "down_rate": 0.4388, "both_hits": 3, "both_rate": 0.0306, "neither_hits": 16, "neither_rate": 0.1633, "avg_up_swing_pct": 0.008353, "avg_down_swing_pct": 0.011697, "max_up_swing_pct": 0.048296, "max_down_swing_pct": 0.102302, "avg_up_swing": 2.0623, "avg_down_swing": 2.933, "max_up_swing": 14.255, "max_down_swing": 22.935}, "3:50\u201355 avg": {"sessions": 98, "up_hits": 42, "up_rate": 0.4286, "down_hits": 41, "down_rate": 0.4184, "both_hits": 4, "both_rate": 0.0408, "neither_hits": 19, "neither_rate": 0.1939, "avg_up_swing_pct": 0.008449, "avg_down_swing_pct": 0.011603, "max_up_swing_pct": 0.051201, "max_down_swing_pct": 0.102058, "avg_up_swing": 2.0882, "avg_down_swing": 2.9071, "max_up_swing": 15.0708, "max_down_swing": 22.8742}}}, "0.0125": {"pct": 0.0125, "references": {"3:50 PM": {"sessions": 98, "up_hits": 32, "up_rate": 0.3265, "down_hits": 31, "down_rate": 0.3163, "both_hits": 1, "both_rate": 0.0102, "neither_hits": 36, "neither_rate": 0.3673, "avg_up_swing_pct": 0.008534, "avg_down_swing_pct": 0.01152, "max_up_swing_pct": 0.051949, "max_down_swing_pct": 0.102282, "avg_up_swing": 2.1068, "avg_down_swing": 2.8884, "max_up_swing": 15.28, "max_down_swing": 22.93}, "3:51 PM": {"sessions": 98, "up_hits": 31, "up_rate": 0.3163, "down_hits": 32, "down_rate": 0.3265, "both_hits": 0, "both_rate": 0.0, "neither_hits": 35, "neither_rate": 0.3571, "avg_up_swing_pct": 0.008487, "avg_down_swing_pct": 0.011566, "max_up_swing_pct": 0.05236, "max_down_swing_pct": 0.102202, "avg_up_swing": 2.0981, "avg_down_swing": 2.8972, "max_up_swing": 15.395, "max_down_swing": 22.91}, "3:52 PM": {"sessions": 98, "up_hits": 30, "up_rate": 0.3061, "down_hits": 31, "down_rate": 0.3163, "both_hits": 0, "both_rate": 0.0, "neither_hits": 37, "neither_rate": 0.3776, "avg_up_swing_pct": 0.008427, "avg_down_swing_pct": 0.011624, "max_up_swing_pct": 0.05279, "max_down_swing_pct": 0.101921, "avg_up_swing": 2.087, "avg_down_swing": 2.9082, "max_up_swing": 15.515, "max_down_swing": 22.84}, "3:53 PM": {"sessions": 98, "up_hits": 30, "up_rate": 0.3061, "down_hits": 29, "down_rate": 0.2959, "both_hits": 0, "both_rate": 0.0, "neither_hits": 39, "neither_rate": 0.398, "avg_up_swing_pct": 0.008452, "avg_down_swing_pct": 0.0116, "max_up_swing_pct": 0.051788, "max_down_swing_pct": 0.102422, "avg_up_swing": 2.0878, "avg_down_swing": 2.9075, "max_up_swing": 15.235, "max_down_swing": 22.965}, "3:54 PM": {"sessions": 98, "up_hits": 29, "up_rate": 0.2959, "down_hits": 32, "down_rate": 0.3265, "both_hits": 0, "both_rate": 0.0, "neither_hits": 37, "neither_rate": 0.3776, "avg_up_swing_pct": 0.008446, "avg_down_swing_pct": 0.011604, "max_up_swing_pct": 0.050039, "max_down_swing_pct": 0.101219, "avg_up_swing": 2.0869, "avg_down_swing": 2.9083, "max_up_swing": 14.745, "max_down_swing": 22.665}, "3:55 PM": {"sessions": 98, "up_hits": 28, "up_rate": 0.2857, "down_hits": 33, "down_rate": 0.3367, "both_hits": 0, "both_rate": 0.0, "neither_hits": 37, "neither_rate": 0.3776, "avg_up_swing_pct": 0.008353, "avg_down_swing_pct": 0.011697, "max_up_swing_pct": 0.048296, "max_down_swing_pct": 0.102302, "avg_up_swing": 2.0623, "avg_down_swing": 2.933, "max_up_swing": 14.255, "max_down_swing": 22.935}, "3:50\u201355 avg": {"sessions": 98, "up_hits": 30, "up_rate": 0.3061, "down_hits": 31, "down_rate": 0.3163, "both_hits": 0, "both_rate": 0.0, "neither_hits": 37, "neither_rate": 0.3776, "avg_up_swing_pct": 0.008449, "avg_down_swing_pct": 0.011603, "max_up_swing_pct": 0.051201, "max_down_swing_pct": 0.102058, "avg_up_swing": 2.0882, "avg_down_swing": 2.9071, "max_up_swing": 15.0708, "max_down_swing": 22.8742}}}, "0.0150": {"pct": 0.015, "references": {"3:50 PM": {"sessions": 98, "up_hits": 25, "up_rate": 0.2551, "down_hits": 25, "down_rate": 0.2551, "both_hits": 0, "both_rate": 0.0, "neither_hits": 48, "neither_rate": 0.4898, "avg_up_swing_pct": 0.008534, "avg_down_swing_pct": 0.01152, "max_up_swing_pct": 0.051949, "max_down_swing_pct": 0.102282, "avg_up_swing": 2.1068, "avg_down_swing": 2.8884, "max_up_swing": 15.28, "max_down_swing": 22.93}, "3:51 PM": {"sessions": 98, "up_hits": 24, "up_rate": 0.2449, "down_hits": 25, "down_rate": 0.2551, "both_hits": 0, "both_rate": 0.0, "neither_hits": 49, "neither_rate": 0.5, "avg_up_swing_pct": 0.008487, "avg_down_swing_pct": 0.011566, "max_up_swing_pct": 0.05236, "max_down_swing_pct": 0.102202, "avg_up_swing": 2.0981, "avg_down_swing": 2.8972, "max_up_swing": 15.395, "max_down_swing": 22.91}, "3:52 PM": {"sessions": 98, "up_hits": 25, "up_rate": 0.2551, "down_hits": 25, "down_rate": 0.2551, "both_hits": 0, "both_rate": 0.0, "neither_hits": 48, "neither_rate": 0.4898, "avg_up_swing_pct": 0.008427, "avg_down_swing_pct": 0.011624, "max_up_swing_pct": 0.05279, "max_down_swing_pct": 0.101921, "avg_up_swing": 2.087, "avg_down_swing": 2.9082, "max_up_swing": 15.515, "max_down_swing": 22.84}, "3:53 PM": {"sessions": 98, "up_hits": 27, "up_rate": 0.2755, "down_hits": 25, "down_rate": 0.2551, "both_hits": 0, "both_rate": 0.0, "neither_hits": 46, "neither_rate": 0.4694, "avg_up_swing_pct": 0.008452, "avg_down_swing_pct": 0.0116, "max_up_swing_pct": 0.051788, "max_down_swing_pct": 0.102422, "avg_up_swing": 2.0878, "avg_down_swing": 2.9075, "max_up_swing": 15.235, "max_down_swing": 22.965}, "3:54 PM": {"sessions": 98, "up_hits": 26, "up_rate": 0.2653, "down_hits": 23, "down_rate": 0.2347, "both_hits": 0, "both_rate": 0.0, "neither_hits": 49, "neither_rate": 0.5, "avg_up_swing_pct": 0.008446, "avg_down_swing_pct": 0.011604, "max_up_swing_pct": 0.050039, "max_down_swing_pct": 0.101219, "avg_up_swing": 2.0869, "avg_down_swing": 2.9083, "max_up_swing": 14.745, "max_down_swing": 22.665}, "3:55 PM": {"sessions": 98, "up_hits": 24, "up_rate": 0.2449, "down_hits": 23, "down_rate": 0.2347, "both_hits": 0, "both_rate": 0.0, "neither_hits": 51, "neither_rate": 0.5204, "avg_up_swing_pct": 0.008353, "avg_down_swing_pct": 0.011697, "max_up_swing_pct": 0.048296, "max_down_swing_pct": 0.102302, "avg_up_swing": 2.0623, "avg_down_swing": 2.933, "max_up_swing": 14.255, "max_down_swing": 22.935}, "3:50\u201355 avg": {"sessions": 98, "up_hits": 26, "up_rate": 0.2653, "down_hits": 24, "down_rate": 0.2449, "both_hits": 0, "both_rate": 0.0, "neither_hits": 48, "neither_rate": 0.4898, "avg_up_swing_pct": 0.008449, "avg_down_swing_pct": 0.011603, "max_up_swing_pct": 0.051201, "max_down_swing_pct": 0.102058, "avg_up_swing": 2.0882, "avg_down_swing": 2.9071, "max_up_swing": 15.0708, "max_down_swing": 22.8742}}}, "0.0200": {"pct": 0.02, "references": {"3:50 PM": {"sessions": 98, "up_hits": 11, "up_rate": 0.1122, "down_hits": 13, "down_rate": 0.1327, "both_hits": 0, "both_rate": 0.0, "neither_hits": 74, "neither_rate": 0.7551, "avg_up_swing_pct": 0.008534, "avg_down_swing_pct": 0.01152, "max_up_swing_pct": 0.051949, "max_down_swing_pct": 0.102282, "avg_up_swing": 2.1068, "avg_down_swing": 2.8884, "max_up_swing": 15.28, "max_down_swing": 22.93}, "3:51 PM": {"sessions": 98, "up_hits": 11, "up_rate": 0.1122, "down_hits": 14, "down_rate": 0.1429, "both_hits": 0, "both_rate": 0.0, "neither_hits": 73, "neither_rate": 0.7449, "avg_up_swing_pct": 0.008487, "avg_down_swing_pct": 0.011566, "max_up_swing_pct": 0.05236, "max_down_swing_pct": 0.102202, "avg_up_swing": 2.0981, "avg_down_swing": 2.8972, "max_up_swing": 15.395, "max_down_swing": 22.91}, "3:52 PM": {"sessions": 98, "up_hits": 12, "up_rate": 0.1224, "down_hits": 13, "down_rate": 0.1327, "both_hits": 0, "both_rate": 0.0, "neither_hits": 73, "neither_rate": 0.7449, "avg_up_swing_pct": 0.008427, "avg_down_swing_pct": 0.011624, "max_up_swing_pct": 0.05279, "max_down_swing_pct": 0.101921, "avg_up_swing": 2.087, "avg_down_swing": 2.9082, "max_up_swing": 15.515, "max_down_swing": 22.84}, "3:53 PM": {"sessions": 98, "up_hits": 13, "up_rate": 0.1327, "down_hits": 13, "down_rate": 0.1327, "both_hits": 0, "both_rate": 0.0, "neither_hits": 72, "neither_rate": 0.7347, "avg_up_swing_pct": 0.008452, "avg_down_swing_pct": 0.0116, "max_up_swing_pct": 0.051788, "max_down_swing_pct": 0.102422, "avg_up_swing": 2.0878, "avg_down_swing": 2.9075, "max_up_swing": 15.235, "max_down_swing": 22.965}, "3:54 PM": {"sessions": 98, "up_hits": 13, "up_rate": 0.1327, "down_hits": 14, "down_rate": 0.1429, "both_hits": 0, "both_rate": 0.0, "neither_hits": 71, "neither_rate": 0.7245, "avg_up_swing_pct": 0.008446, "avg_down_swing_pct": 0.011604, "max_up_swing_pct": 0.050039, "max_down_swing_pct": 0.101219, "avg_up_swing": 2.0869, "avg_down_swing": 2.9083, "max_up_swing": 14.745, "max_down_swing": 22.665}, "3:55 PM": {"sessions": 98, "up_hits": 13, "up_rate": 0.1327, "down_hits": 14, "down_rate": 0.1429, "both_hits": 0, "both_rate": 0.0, "neither_hits": 71, "neither_rate": 0.7245, "avg_up_swing_pct": 0.008353, "avg_down_swing_pct": 0.011697, "max_up_swing_pct": 0.048296, "max_down_swing_pct": 0.102302, "avg_up_swing": 2.0623, "avg_down_swing": 2.933, "max_up_swing": 14.255, "max_down_swing": 22.935}, "3:50\u201355 avg": {"sessions": 98, "up_hits": 12, "up_rate": 0.1224, "down_hits": 13, "down_rate": 0.1327, "both_hits": 0, "both_rate": 0.0, "neither_hits": 73, "neither_rate": 0.7449, "avg_up_swing_pct": 0.008449, "avg_down_swing_pct": 0.011603, "max_up_swing_pct": 0.051201, "max_down_swing_pct": 0.102058, "avg_up_swing": 2.0882, "avg_down_swing": 2.9071, "max_up_swing": 15.0708, "max_down_swing": 22.8742}}}, "0.0250": {"pct": 0.025, "references": {"3:50 PM": {"sessions": 98, "up_hits": 5, "up_rate": 0.051, "down_hits": 8, "down_rate": 0.0816, "both_hits": 0, "both_rate": 0.0, "neither_hits": 85, "neither_rate": 0.8673, "avg_up_swing_pct": 0.008534, "avg_down_swing_pct": 0.01152, "max_up_swing_pct": 0.051949, "max_down_swing_pct": 0.102282, "avg_up_swing": 2.1068, "avg_down_swing": 2.8884, "max_up_swing": 15.28, "max_down_swing": 22.93}, "3:51 PM": {"sessions": 98, "up_hits": 5, "up_rate": 0.051, "down_hits": 8, "down_rate": 0.0816, "both_hits": 0, "both_rate": 0.0, "neither_hits": 85, "neither_rate": 0.8673, "avg_up_swing_pct": 0.008487, "avg_down_swing_pct": 0.011566, "max_up_swing_pct": 0.05236, "max_down_swing_pct": 0.102202, "avg_up_swing": 2.0981, "avg_down_swing": 2.8972, "max_up_swing": 15.395, "max_down_swing": 22.91}, "3:52 PM": {"sessions": 98, "up_hits": 5, "up_rate": 0.051, "down_hits": 8, "down_rate": 0.0816, "both_hits": 0, "both_rate": 0.0, "neither_hits": 85, "neither_rate": 0.8673, "avg_up_swing_pct": 0.008427, "avg_down_swing_pct": 0.011624, "max_up_swing_pct": 0.05279, "max_down_swing_pct": 0.101921, "avg_up_swing": 2.087, "avg_down_swing": 2.9082, "max_up_swing": 15.515, "max_down_swing": 22.84}, "3:53 PM": {"sessions": 98, "up_hits": 6, "up_rate": 0.0612, "down_hits": 8, "down_rate": 0.0816, "both_hits": 0, "both_rate": 0.0, "neither_hits": 84, "neither_rate": 0.8571, "avg_up_swing_pct": 0.008452, "avg_down_swing_pct": 0.0116, "max_up_swing_pct": 0.051788, "max_down_swing_pct": 0.102422, "avg_up_swing": 2.0878, "avg_down_swing": 2.9075, "max_up_swing": 15.235, "max_down_swing": 22.965}, "3:54 PM": {"sessions": 98, "up_hits": 6, "up_rate": 0.0612, "down_hits": 9, "down_rate": 0.0918, "both_hits": 0, "both_rate": 0.0, "neither_hits": 83, "neither_rate": 0.8469, "avg_up_swing_pct": 0.008446, "avg_down_swing_pct": 0.011604, "max_up_swing_pct": 0.050039, "max_down_swing_pct": 0.101219, "avg_up_swing": 2.0869, "avg_down_swing": 2.9083, "max_up_swing": 14.745, "max_down_swing": 22.665}, "3:55 PM": {"sessions": 98, "up_hits": 5, "up_rate": 0.051, "down_hits": 9, "down_rate": 0.0918, "both_hits": 0, "both_rate": 0.0, "neither_hits": 84, "neither_rate": 0.8571, "avg_up_swing_pct": 0.008353, "avg_down_swing_pct": 0.011697, "max_up_swing_pct": 0.048296, "max_down_swing_pct": 0.102302, "avg_up_swing": 2.0623, "avg_down_swing": 2.933, "max_up_swing": 14.255, "max_down_swing": 22.935}, "3:50\u201355 avg": {"sessions": 98, "up_hits": 6, "up_rate": 0.0612, "down_hits": 8, "down_rate": 0.0816, "both_hits": 0, "both_rate": 0.0, "neither_hits": 84, "neither_rate": 0.8571, "avg_up_swing_pct": 0.008449, "avg_down_swing_pct": 0.011603, "max_up_swing_pct": 0.051201, "max_down_swing_pct": 0.102058, "avg_up_swing": 2.0882, "avg_down_swing": 2.9071, "max_up_swing": 15.0708, "max_down_swing": 22.8742}}}, "0.0300": {"pct": 0.03, "references": {"3:50 PM": {"sessions": 98, "up_hits": 3, "up_rate": 0.0306, "down_hits": 7, "down_rate": 0.0714, "both_hits": 0, "both_rate": 0.0, "neither_hits": 88, "neither_rate": 0.898, "avg_up_swing_pct": 0.008534, "avg_down_swing_pct": 0.01152, "max_up_swing_pct": 0.051949, "max_down_swing_pct": 0.102282, "avg_up_swing": 2.1068, "avg_down_swing": 2.8884, "max_up_swing": 15.28, "max_down_swing": 22.93}, "3:51 PM": {"sessions": 98, "up_hits": 3, "up_rate": 0.0306, "down_hits": 7, "down_rate": 0.0714, "both_hits": 0, "both_rate": 0.0, "neither_hits": 88, "neither_rate": 0.898, "avg_up_swing_pct": 0.008487, "avg_down_swing_pct": 0.011566, "max_up_swing_pct": 0.05236, "max_down_swing_pct": 0.102202, "avg_up_swing": 2.0981, "avg_down_swing": 2.8972, "max_up_swing": 15.395, "max_down_swing": 22.91}, "3:52 PM": {"sessions": 98, "up_hits": 3, "up_rate": 0.0306, "down_hits": 7, "down_rate": 0.0714, "both_hits": 0, "both_rate": 0.0, "neither_hits": 88, "neither_rate": 0.898, "avg_up_swing_pct": 0.008427, "avg_down_swing_pct": 0.011624, "max_up_swing_pct": 0.05279, "max_down_swing_pct": 0.101921, "avg_up_swing": 2.087, "avg_down_swing": 2.9082, "max_up_swing": 15.515, "max_down_swing": 22.84}, "3:53 PM": {"sessions": 98, "up_hits": 3, "up_rate": 0.0306, "down_hits": 7, "down_rate": 0.0714, "both_hits": 0, "both_rate": 0.0, "neither_hits": 88, "neither_rate": 0.898, "avg_up_swing_pct": 0.008452, "avg_down_swing_pct": 0.0116, "max_up_swing_pct": 0.051788, "max_down_swing_pct": 0.102422, "avg_up_swing": 2.0878, "avg_down_swing": 2.9075, "max_up_swing": 15.235, "max_down_swing": 22.965}, "3:54 PM": {"sessions": 98, "up_hits": 3, "up_rate": 0.0306, "down_hits": 7, "down_rate": 0.0714, "both_hits": 0, "both_rate": 0.0, "neither_hits": 88, "neither_rate": 0.898, "avg_up_swing_pct": 0.008446, "avg_down_swing_pct": 0.011604, "max_up_swing_pct": 0.050039, "max_down_swing_pct": 0.101219, "avg_up_swing": 2.0869, "avg_down_swing": 2.9083, "max_up_swing": 14.745, "max_down_swing": 22.665}, "3:55 PM": {"sessions": 98, "up_hits": 3, "up_rate": 0.0306, "down_hits": 7, "down_rate": 0.0714, "both_hits": 0, "both_rate": 0.0, "neither_hits": 88, "neither_rate": 0.898, "avg_up_swing_pct": 0.008353, "avg_down_swing_pct": 0.011697, "max_up_swing_pct": 0.048296, "max_down_swing_pct": 0.102302, "avg_up_swing": 2.0623, "avg_down_swing": 2.933, "max_up_swing": 14.255, "max_down_swing": 22.935}, "3:50\u201355 avg": {"sessions": 98, "up_hits": 3, "up_rate": 0.0306, "down_hits": 7, "down_rate": 0.0714, "both_hits": 0, "both_rate": 0.0, "neither_hits": 88, "neither_rate": 0.898, "avg_up_swing_pct": 0.008449, "avg_down_swing_pct": 0.011603, "max_up_swing_pct": 0.051201, "max_down_swing_pct": 0.102058, "avg_up_swing": 2.0882, "avg_down_swing": 2.9071, "max_up_swing": 15.0708, "max_down_swing": 22.8742}}}, "0.0350": {"pct": 0.035, "references": {"3:50 PM": {"sessions": 98, "up_hits": 2, "up_rate": 0.0204, "down_hits": 6, "down_rate": 0.0612, "both_hits": 0, "both_rate": 0.0, "neither_hits": 90, "neither_rate": 0.9184, "avg_up_swing_pct": 0.008534, "avg_down_swing_pct": 0.01152, "max_up_swing_pct": 0.051949, "max_down_swing_pct": 0.102282, "avg_up_swing": 2.1068, "avg_down_swing": 2.8884, "max_up_swing": 15.28, "max_down_swing": 22.93}, "3:51 PM": {"sessions": 98, "up_hits": 2, "up_rate": 0.0204, "down_hits": 6, "down_rate": 0.0612, "both_hits": 0, "both_rate": 0.0, "neither_hits": 90, "neither_rate": 0.9184, "avg_up_swing_pct": 0.008487, "avg_down_swing_pct": 0.011566, "max_up_swing_pct": 0.05236, "max_down_swing_pct": 0.102202, "avg_up_swing": 2.0981, "avg_down_swing": 2.8972, "max_up_swing": 15.395, "max_down_swing": 22.91}, "3:52 PM": {"sessions": 98, "up_hits": 2, "up_rate": 0.0204, "down_hits": 5, "down_rate": 0.051, "both_hits": 0, "both_rate": 0.0, "neither_hits": 91, "neither_rate": 0.9286, "avg_up_swing_pct": 0.008427, "avg_down_swing_pct": 0.011624, "max_up_swing_pct": 0.05279, "max_down_swing_pct": 0.101921, "avg_up_swing": 2.087, "avg_down_swing": 2.9082, "max_up_swing": 15.515, "max_down_swing": 22.84}, "3:53 PM": {"sessions": 98, "up_hits": 2, "up_rate": 0.0204, "down_hits": 6, "down_rate": 0.0612, "both_hits": 0, "both_rate": 0.0, "neither_hits": 90, "neither_rate": 0.9184, "avg_up_swing_pct": 0.008452, "avg_down_swing_pct": 0.0116, "max_up_swing_pct": 0.051788, "max_down_swing_pct": 0.102422, "avg_up_swing": 2.0878, "avg_down_swing": 2.9075, "max_up_swing": 15.235, "max_down_swing": 22.965}, "3:54 PM": {"sessions": 98, "up_hits": 2, "up_rate": 0.0204, "down_hits": 6, "down_rate": 0.0612, "both_hits": 0, "both_rate": 0.0, "neither_hits": 90, "neither_rate": 0.9184, "avg_up_swing_pct": 0.008446, "avg_down_swing_pct": 0.011604, "max_up_swing_pct": 0.050039, "max_down_swing_pct": 0.101219, "avg_up_swing": 2.0869, "avg_down_swing": 2.9083, "max_up_swing": 14.745, "max_down_swing": 22.665}, "3:55 PM": {"sessions": 98, "up_hits": 3, "up_rate": 0.0306, "down_hits": 6, "down_rate": 0.0612, "both_hits": 0, "both_rate": 0.0, "neither_hits": 89, "neither_rate": 0.9082, "avg_up_swing_pct": 0.008353, "avg_down_swing_pct": 0.011697, "max_up_swing_pct": 0.048296, "max_down_swing_pct": 0.102302, "avg_up_swing": 2.0623, "avg_down_swing": 2.933, "max_up_swing": 14.255, "max_down_swing": 22.935}, "3:50\u201355 avg": {"sessions": 98, "up_hits": 2, "up_rate": 0.0204, "down_hits": 6, "down_rate": 0.0612, "both_hits": 0, "both_rate": 0.0, "neither_hits": 90, "neither_rate": 0.9184, "avg_up_swing_pct": 0.008449, "avg_down_swing_pct": 0.011603, "max_up_swing_pct": 0.051201, "max_down_swing_pct": 0.102058, "avg_up_swing": 2.0882, "avg_down_swing": 2.9071, "max_up_swing": 15.0708, "max_down_swing": 22.8742}}}, "0.0400": {"pct": 0.04, "references": {"3:50 PM": {"sessions": 98, "up_hits": 2, "up_rate": 0.0204, "down_hits": 5, "down_rate": 0.051, "both_hits": 0, "both_rate": 0.0, "neither_hits": 91, "neither_rate": 0.9286, "avg_up_swing_pct": 0.008534, "avg_down_swing_pct": 0.01152, "max_up_swing_pct": 0.051949, "max_down_swing_pct": 0.102282, "avg_up_swing": 2.1068, "avg_down_swing": 2.8884, "max_up_swing": 15.28, "max_down_swing": 22.93}, "3:51 PM": {"sessions": 98, "up_hits": 2, "up_rate": 0.0204, "down_hits": 5, "down_rate": 0.051, "both_hits": 0, "both_rate": 0.0, "neither_hits": 91, "neither_rate": 0.9286, "avg_up_swing_pct": 0.008487, "avg_down_swing_pct": 0.011566, "max_up_swing_pct": 0.05236, "max_down_swing_pct": 0.102202, "avg_up_swing": 2.0981, "avg_down_swing": 2.8972, "max_up_swing": 15.395, "max_down_swing": 22.91}, "3:52 PM": {"sessions": 98, "up_hits": 2, "up_rate": 0.0204, "down_hits": 5, "down_rate": 0.051, "both_hits": 0, "both_rate": 0.0, "neither_hits": 91, "neither_rate": 0.9286, "avg_up_swing_pct": 0.008427, "avg_down_swing_pct": 0.011624, "max_up_swing_pct": 0.05279, "max_down_swing_pct": 0.101921, "avg_up_swing": 2.087, "avg_down_swing": 2.9082, "max_up_swing": 15.515, "max_down_swing": 22.84}, "3:53 PM": {"sessions": 98, "up_hits": 2, "up_rate": 0.0204, "down_hits": 5, "down_rate": 0.051, "both_hits": 0, "both_rate": 0.0, "neither_hits": 91, "neither_rate": 0.9286, "avg_up_swing_pct": 0.008452, "avg_down_swing_pct": 0.0116, "max_up_swing_pct": 0.051788, "max_down_swing_pct": 0.102422, "avg_up_swing": 2.0878, "avg_down_swing": 2.9075, "max_up_swing": 15.235, "max_down_swing": 22.965}, "3:54 PM": {"sessions": 98, "up_hits": 2, "up_rate": 0.0204, "down_hits": 5, "down_rate": 0.051, "both_hits": 0, "both_rate": 0.0, "neither_hits": 91, "neither_rate": 0.9286, "avg_up_swing_pct": 0.008446, "avg_down_swing_pct": 0.011604, "max_up_swing_pct": 0.050039, "max_down_swing_pct": 0.101219, "avg_up_swing": 2.0869, "avg_down_swing": 2.9083, "max_up_swing": 14.745, "max_down_swing": 22.665}, "3:55 PM": {"sessions": 98, "up_hits": 2, "up_rate": 0.0204, "down_hits": 5, "down_rate": 0.051, "both_hits": 0, "both_rate": 0.0, "neither_hits": 91, "neither_rate": 0.9286, "avg_up_swing_pct": 0.008353, "avg_down_swing_pct": 0.011697, "max_up_swing_pct": 0.048296, "max_down_swing_pct": 0.102302, "avg_up_swing": 2.0623, "avg_down_swing": 2.933, "max_up_swing": 14.255, "max_down_swing": 22.935}, "3:50\u201355 avg": {"sessions": 98, "up_hits": 2, "up_rate": 0.0204, "down_hits": 5, "down_rate": 0.051, "both_hits": 0, "both_rate": 0.0, "neither_hits": 91, "neither_rate": 0.9286, "avg_up_swing_pct": 0.008449, "avg_down_swing_pct": 0.011603, "max_up_swing_pct": 0.051201, "max_down_swing_pct": 0.102058, "avg_up_swing": 2.0882, "avg_down_swing": 2.9071, "max_up_swing": 15.0708, "max_down_swing": 22.8742}}}, "0.0500": {"pct": 0.05, "references": {"3:50 PM": {"sessions": 98, "up_hits": 1, "up_rate": 0.0102, "down_hits": 4, "down_rate": 0.0408, "both_hits": 0, "both_rate": 0.0, "neither_hits": 93, "neither_rate": 0.949, "avg_up_swing_pct": 0.008534, "avg_down_swing_pct": 0.01152, "max_up_swing_pct": 0.051949, "max_down_swing_pct": 0.102282, "avg_up_swing": 2.1068, "avg_down_swing": 2.8884, "max_up_swing": 15.28, "max_down_swing": 22.93}, "3:51 PM": {"sessions": 98, "up_hits": 1, "up_rate": 0.0102, "down_hits": 4, "down_rate": 0.0408, "both_hits": 0, "both_rate": 0.0, "neither_hits": 93, "neither_rate": 0.949, "avg_up_swing_pct": 0.008487, "avg_down_swing_pct": 0.011566, "max_up_swing_pct": 0.05236, "max_down_swing_pct": 0.102202, "avg_up_swing": 2.0981, "avg_down_swing": 2.8972, "max_up_swing": 15.395, "max_down_swing": 22.91}, "3:52 PM": {"sessions": 98, "up_hits": 1, "up_rate": 0.0102, "down_hits": 4, "down_rate": 0.0408, "both_hits": 0, "both_rate": 0.0, "neither_hits": 93, "neither_rate": 0.949, "avg_up_swing_pct": 0.008427, "avg_down_swing_pct": 0.011624, "max_up_swing_pct": 0.05279, "max_down_swing_pct": 0.101921, "avg_up_swing": 2.087, "avg_down_swing": 2.9082, "max_up_swing": 15.515, "max_down_swing": 22.84}, "3:53 PM": {"sessions": 98, "up_hits": 1, "up_rate": 0.0102, "down_hits": 4, "down_rate": 0.0408, "both_hits": 0, "both_rate": 0.0, "neither_hits": 93, "neither_rate": 0.949, "avg_up_swing_pct": 0.008452, "avg_down_swing_pct": 0.0116, "max_up_swing_pct": 0.051788, "max_down_swing_pct": 0.102422, "avg_up_swing": 2.0878, "avg_down_swing": 2.9075, "max_up_swing": 15.235, "max_down_swing": 22.965}, "3:54 PM": {"sessions": 98, "up_hits": 1, "up_rate": 0.0102, "down_hits": 4, "down_rate": 0.0408, "both_hits": 0, "both_rate": 0.0, "neither_hits": 93, "neither_rate": 0.949, "avg_up_swing_pct": 0.008446, "avg_down_swing_pct": 0.011604, "max_up_swing_pct": 0.050039, "max_down_swing_pct": 0.101219, "avg_up_swing": 2.0869, "avg_down_swing": 2.9083, "max_up_swing": 14.745, "max_down_swing": 22.665}, "3:55 PM": {"sessions": 98, "up_hits": 0, "up_rate": 0.0, "down_hits": 4, "down_rate": 0.0408, "both_hits": 0, "both_rate": 0.0, "neither_hits": 94, "neither_rate": 0.9592, "avg_up_swing_pct": 0.008353, "avg_down_swing_pct": 0.011697, "max_up_swing_pct": 0.048296, "max_down_swing_pct": 0.102302, "avg_up_swing": 2.0623, "avg_down_swing": 2.933, "max_up_swing": 14.255, "max_down_swing": 22.935}, "3:50\u201355 avg": {"sessions": 98, "up_hits": 1, "up_rate": 0.0102, "down_hits": 4, "down_rate": 0.0408, "both_hits": 0, "both_rate": 0.0, "neither_hits": 93, "neither_rate": 0.949, "avg_up_swing_pct": 0.008449, "avg_down_swing_pct": 0.011603, "max_up_swing_pct": 0.051201, "max_down_swing_pct": 0.102058, "avg_up_swing": 2.0882, "avg_down_swing": 2.9071, "max_up_swing": 15.0708, "max_down_swing": 22.8742}}}, "0.0700": {"pct": 0.07, "references": {"3:50 PM": {"sessions": 98, "up_hits": 0, "up_rate": 0.0, "down_hits": 2, "down_rate": 0.0204, "both_hits": 0, "both_rate": 0.0, "neither_hits": 96, "neither_rate": 0.9796, "avg_up_swing_pct": 0.008534, "avg_down_swing_pct": 0.01152, "max_up_swing_pct": 0.051949, "max_down_swing_pct": 0.102282, "avg_up_swing": 2.1068, "avg_down_swing": 2.8884, "max_up_swing": 15.28, "max_down_swing": 22.93}, "3:51 PM": {"sessions": 98, "up_hits": 0, "up_rate": 0.0, "down_hits": 2, "down_rate": 0.0204, "both_hits": 0, "both_rate": 0.0, "neither_hits": 96, "neither_rate": 0.9796, "avg_up_swing_pct": 0.008487, "avg_down_swing_pct": 0.011566, "max_up_swing_pct": 0.05236, "max_down_swing_pct": 0.102202, "avg_up_swing": 2.0981, "avg_down_swing": 2.8972, "max_up_swing": 15.395, "max_down_swing": 22.91}, "3:52 PM": {"sessions": 98, "up_hits": 0, "up_rate": 0.0, "down_hits": 3, "down_rate": 0.0306, "both_hits": 0, "both_rate": 0.0, "neither_hits": 95, "neither_rate": 0.9694, "avg_up_swing_pct": 0.008427, "avg_down_swing_pct": 0.011624, "max_up_swing_pct": 0.05279, "max_down_swing_pct": 0.101921, "avg_up_swing": 2.087, "avg_down_swing": 2.9082, "max_up_swing": 15.515, "max_down_swing": 22.84}, "3:53 PM": {"sessions": 98, "up_hits": 0, "up_rate": 0.0, "down_hits": 3, "down_rate": 0.0306, "both_hits": 0, "both_rate": 0.0, "neither_hits": 95, "neither_rate": 0.9694, "avg_up_swing_pct": 0.008452, "avg_down_swing_pct": 0.0116, "max_up_swing_pct": 0.051788, "max_down_swing_pct": 0.102422, "avg_up_swing": 2.0878, "avg_down_swing": 2.9075, "max_up_swing": 15.235, "max_down_swing": 22.965}, "3:54 PM": {"sessions": 98, "up_hits": 0, "up_rate": 0.0, "down_hits": 3, "down_rate": 0.0306, "both_hits": 0, "both_rate": 0.0, "neither_hits": 95, "neither_rate": 0.9694, "avg_up_swing_pct": 0.008446, "avg_down_swing_pct": 0.011604, "max_up_swing_pct": 0.050039, "max_down_swing_pct": 0.101219, "avg_up_swing": 2.0869, "avg_down_swing": 2.9083, "max_up_swing": 14.745, "max_down_swing": 22.665}, "3:55 PM": {"sessions": 98, "up_hits": 0, "up_rate": 0.0, "down_hits": 2, "down_rate": 0.0204, "both_hits": 0, "both_rate": 0.0, "neither_hits": 96, "neither_rate": 0.9796, "avg_up_swing_pct": 0.008353, "avg_down_swing_pct": 0.011697, "max_up_swing_pct": 0.048296, "max_down_swing_pct": 0.102302, "avg_up_swing": 2.0623, "avg_down_swing": 2.933, "max_up_swing": 14.255, "max_down_swing": 22.935}, "3:50\u201355 avg": {"sessions": 98, "up_hits": 0, "up_rate": 0.0, "down_hits": 3, "down_rate": 0.0306, "both_hits": 0, "both_rate": 0.0, "neither_hits": 95, "neither_rate": 0.9694, "avg_up_swing_pct": 0.008449, "avg_down_swing_pct": 0.011603, "max_up_swing_pct": 0.051201, "max_down_swing_pct": 0.102058, "avg_up_swing": 2.0882, "avg_down_swing": 2.9071, "max_up_swing": 15.0708, "max_down_swing": 22.8742}}}, "0.1000": {"pct": 0.1, "references": {"3:50 PM": {"sessions": 98, "up_hits": 0, "up_rate": 0.0, "down_hits": 1, "down_rate": 0.0102, "both_hits": 0, "both_rate": 0.0, "neither_hits": 97, "neither_rate": 0.9898, "avg_up_swing_pct": 0.008534, "avg_down_swing_pct": 0.01152, "max_up_swing_pct": 0.051949, "max_down_swing_pct": 0.102282, "avg_up_swing": 2.1068, "avg_down_swing": 2.8884, "max_up_swing": 15.28, "max_down_swing": 22.93}, "3:51 PM": {"sessions": 98, "up_hits": 0, "up_rate": 0.0, "down_hits": 1, "down_rate": 0.0102, "both_hits": 0, "both_rate": 0.0, "neither_hits": 97, "neither_rate": 0.9898, "avg_up_swing_pct": 0.008487, "avg_down_swing_pct": 0.011566, "max_up_swing_pct": 0.05236, "max_down_swing_pct": 0.102202, "avg_up_swing": 2.0981, "avg_down_swing": 2.8972, "max_up_swing": 15.395, "max_down_swing": 22.91}, "3:52 PM": {"sessions": 98, "up_hits": 0, "up_rate": 0.0, "down_hits": 1, "down_rate": 0.0102, "both_hits": 0, "both_rate": 0.0, "neither_hits": 97, "neither_rate": 0.9898, "avg_up_swing_pct": 0.008427, "avg_down_swing_pct": 0.011624, "max_up_swing_pct": 0.05279, "max_down_swing_pct": 0.101921, "avg_up_swing": 2.087, "avg_down_swing": 2.9082, "max_up_swing": 15.515, "max_down_swing": 22.84}, "3:53 PM": {"sessions": 98, "up_hits": 0, "up_rate": 0.0, "down_hits": 1, "down_rate": 0.0102, "both_hits": 0, "both_rate": 0.0, "neither_hits": 97, "neither_rate": 0.9898, "avg_up_swing_pct": 0.008452, "avg_down_swing_pct": 0.0116, "max_up_swing_pct": 0.051788, "max_down_swing_pct": 0.102422, "avg_up_swing": 2.0878, "avg_down_swing": 2.9075, "max_up_swing": 15.235, "max_down_swing": 22.965}, "3:54 PM": {"sessions": 98, "up_hits": 0, "up_rate": 0.0, "down_hits": 1, "down_rate": 0.0102, "both_hits": 0, "both_rate": 0.0, "neither_hits": 97, "neither_rate": 0.9898, "avg_up_swing_pct": 0.008446, "avg_down_swing_pct": 0.011604, "max_up_swing_pct": 0.050039, "max_down_swing_pct": 0.101219, "avg_up_swing": 2.0869, "avg_down_swing": 2.9083, "max_up_swing": 14.745, "max_down_swing": 22.665}, "3:55 PM": {"sessions": 98, "up_hits": 0, "up_rate": 0.0, "down_hits": 1, "down_rate": 0.0102, "both_hits": 0, "both_rate": 0.0, "neither_hits": 97, "neither_rate": 0.9898, "avg_up_swing_pct": 0.008353, "avg_down_swing_pct": 0.011697, "max_up_swing_pct": 0.048296, "max_down_swing_pct": 0.102302, "avg_up_swing": 2.0623, "avg_down_swing": 2.933, "max_up_swing": 14.255, "max_down_swing": 22.935}, "3:50\u201355 avg": {"sessions": 98, "up_hits": 0, "up_rate": 0.0, "down_hits": 1, "down_rate": 0.0102, "both_hits": 0, "both_rate": 0.0, "neither_hits": 97, "neither_rate": 0.9898, "avg_up_swing_pct": 0.008449, "avg_down_swing_pct": 0.011603, "max_up_swing_pct": 0.051201, "max_down_swing_pct": 0.102058, "avg_up_swing": 2.0882, "avg_down_swing": 2.9071, "max_up_swing": 15.0708, "max_down_swing": 22.8742}}}, "0.1500": {"pct": 0.15, "references": {"3:50 PM": {"sessions": 98, "up_hits": 0, "up_rate": 0.0, "down_hits": 0, "down_rate": 0.0, "both_hits": 0, "both_rate": 0.0, "neither_hits": 98, "neither_rate": 1.0, "avg_up_swing_pct": 0.008534, "avg_down_swing_pct": 0.01152, "max_up_swing_pct": 0.051949, "max_down_swing_pct": 0.102282, "avg_up_swing": 2.1068, "avg_down_swing": 2.8884, "max_up_swing": 15.28, "max_down_swing": 22.93}, "3:51 PM": {"sessions": 98, "up_hits": 0, "up_rate": 0.0, "down_hits": 0, "down_rate": 0.0, "both_hits": 0, "both_rate": 0.0, "neither_hits": 98, "neither_rate": 1.0, "avg_up_swing_pct": 0.008487, "avg_down_swing_pct": 0.011566, "max_up_swing_pct": 0.05236, "max_down_swing_pct": 0.102202, "avg_up_swing": 2.0981, "avg_down_swing": 2.8972, "max_up_swing": 15.395, "max_down_swing": 22.91}, "3:52 PM": {"sessions": 98, "up_hits": 0, "up_rate": 0.0, "down_hits": 0, "down_rate": 0.0, "both_hits": 0, "both_rate": 0.0, "neither_hits": 98, "neither_rate": 1.0, "avg_up_swing_pct": 0.008427, "avg_down_swing_pct": 0.011624, "max_up_swing_pct": 0.05279, "max_down_swing_pct": 0.101921, "avg_up_swing": 2.087, "avg_down_swing": 2.9082, "max_up_swing": 15.515, "max_down_swing": 22.84}, "3:53 PM": {"sessions": 98, "up_hits": 0, "up_rate": 0.0, "down_hits": 0, "down_rate": 0.0, "both_hits": 0, "both_rate": 0.0, "neither_hits": 98, "neither_rate": 1.0, "avg_up_swing_pct": 0.008452, "avg_down_swing_pct": 0.0116, "max_up_swing_pct": 0.051788, "max_down_swing_pct": 0.102422, "avg_up_swing": 2.0878, "avg_down_swing": 2.9075, "max_up_swing": 15.235, "max_down_swing": 22.965}, "3:54 PM": {"sessions": 98, "up_hits": 0, "up_rate": 0.0, "down_hits": 0, "down_rate": 0.0, "both_hits": 0, "both_rate": 0.0, "neither_hits": 98, "neither_rate": 1.0, "avg_up_swing_pct": 0.008446, "avg_down_swing_pct": 0.011604, "max_up_swing_pct": 0.050039, "max_down_swing_pct": 0.101219, "avg_up_swing": 2.0869, "avg_down_swing": 2.9083, "max_up_swing": 14.745, "max_down_swing": 22.665}, "3:55 PM": {"sessions": 98, "up_hits": 0, "up_rate": 0.0, "down_hits": 0, "down_rate": 0.0, "both_hits": 0, "both_rate": 0.0, "neither_hits": 98, "neither_rate": 1.0, "avg_up_swing_pct": 0.008353, "avg_down_swing_pct": 0.011697, "max_up_swing_pct": 0.048296, "max_down_swing_pct": 0.102302, "avg_up_swing": 2.0623, "avg_down_swing": 2.933, "max_up_swing": 14.255, "max_down_swing": 22.935}, "3:50\u201355 avg": {"sessions": 98, "up_hits": 0, "up_rate": 0.0, "down_hits": 0, "down_rate": 0.0, "both_hits": 0, "both_rate": 0.0, "neither_hits": 98, "neither_rate": 1.0, "avg_up_swing_pct": 0.008449, "avg_down_swing_pct": 0.011603, "max_up_swing_pct": 0.051201, "max_down_swing_pct": 0.102058, "avg_up_swing": 2.0882, "avg_down_swing": 2.9071, "max_up_swing": 15.0708, "max_down_swing": 22.8742}}}}, "swings": {"3:50 PM": {"avg_up_swing_pct": 0.008534, "avg_down_swing_pct": 0.01152, "max_up_swing_pct": 0.051949, "max_down_swing_pct": 0.102282, "avg_up_swing": 2.1068, "avg_down_swing": 2.8884, "max_up_swing": 15.28, "max_down_swing": 22.93}, "3:51 PM": {"avg_up_swing_pct": 0.008487, "avg_down_swing_pct": 0.011566, "max_up_swing_pct": 0.05236, "max_down_swing_pct": 0.102202, "avg_up_swing": 2.0981, "avg_down_swing": 2.8972, "max_up_swing": 15.395, "max_down_swing": 22.91}, "3:52 PM": {"avg_up_swing_pct": 0.008427, "avg_down_swing_pct": 0.011624, "max_up_swing_pct": 0.05279, "max_down_swing_pct": 0.101921, "avg_up_swing": 2.087, "avg_down_swing": 2.9082, "max_up_swing": 15.515, "max_down_swing": 22.84}, "3:53 PM": {"avg_up_swing_pct": 0.008452, "avg_down_swing_pct": 0.0116, "max_up_swing_pct": 0.051788, "max_down_swing_pct": 0.102422, "avg_up_swing": 2.0878, "avg_down_swing": 2.9075, "max_up_swing": 15.235, "max_down_swing": 22.965}, "3:54 PM": {"avg_up_swing_pct": 0.008446, "avg_down_swing_pct": 0.011604, "max_up_swing_pct": 0.050039, "max_down_swing_pct": 0.101219, "avg_up_swing": 2.0869, "avg_down_swing": 2.9083, "max_up_swing": 14.745, "max_down_swing": 22.665}, "3:55 PM": {"avg_up_swing_pct": 0.008353, "avg_down_swing_pct": 0.011697, "max_up_swing_pct": 0.048296, "max_down_swing_pct": 0.102302, "avg_up_swing": 2.0623, "avg_down_swing": 2.933, "max_up_swing": 14.255, "max_down_swing": 22.935}, "3:50\u201355 avg": {"avg_up_swing_pct": 0.008449, "avg_down_swing_pct": 0.011603, "max_up_swing_pct": 0.051201, "max_down_swing_pct": 0.102058, "avg_up_swing": 2.0882, "avg_down_swing": 2.9071, "max_up_swing": 15.0708, "max_down_swing": 22.8742}}}, "Friday": {"n_sessions": 100, "n_skipped": 5, "n_baseline_substituted": 6, "recommended_reference": "3:52 PM", "recommended_reference_deviation": 0.107, "steadiness": {"3:50 PM": 0.1863, "3:51 PM": 0.1349, "3:52 PM": 0.107, "3:53 PM": 0.1198, "3:54 PM": 0.1815, "3:55 PM": 0.2473}, "thresholds_pct": {"0.0050": {"pct": 0.005, "references": {"3:50 PM": {"sessions": 100, "up_hits": 72, "up_rate": 0.72, "down_hits": 61, "down_rate": 0.61, "both_hits": 34, "both_rate": 0.34, "neither_hits": 1, "neither_rate": 0.01, "avg_up_swing_pct": 0.010795, "avg_down_swing_pct": 0.010821, "max_up_swing_pct": 0.049907, "max_down_swing_pct": 0.098663, "avg_up_swing": 2.6359, "avg_down_swing": 2.6816, "max_up_swing": 10.98, "max_down_swing": 32.84}, "3:51 PM": {"sessions": 100, "up_hits": 72, "up_rate": 0.72, "down_hits": 62, "down_rate": 0.62, "both_hits": 35, "both_rate": 0.35, "neither_hits": 1, "neither_rate": 0.01, "avg_up_swing_pct": 0.010855, "avg_down_swing_pct": 0.010761, "max_up_swing_pct": 0.050145, "max_down_swing_pct": 0.099042, "avg_up_swing": 2.6477, "avg_down_swing": 2.6698, "max_up_swing": 11.03, "max_down_swing": 32.98}, "3:52 PM": {"sessions": 100, "up_hits": 71, "up_rate": 0.71, "down_hits": 63, "down_rate": 0.63, "both_hits": 34, "both_rate": 0.34, "neither_hits": 0, "neither_rate": 0.0, "avg_up_swing_pct": 0.01093, "avg_down_swing_pct": 0.010687, "max_up_swing_pct": 0.050243, "max_down_swing_pct": 0.098379, "avg_up_swing": 2.669, "avg_down_swing": 2.6485, "max_up_swing": 13.74, "max_down_swing": 32.735}, "3:53 PM": {"sessions": 100, "up_hits": 69, "up_rate": 0.69, "down_hits": 64, "down_rate": 0.64, "both_hits": 33, "both_rate": 0.33, "neither_hits": 0, "neither_rate": 0.0, "avg_up_swing_pct": 0.010886, "avg_down_swing_pct": 0.010731, "max_up_swing_pct": 0.050862, "max_down_swing_pct": 0.098473, "avg_up_swing": 2.6548, "avg_down_swing": 2.6627, "max_up_swing": 11.18, "max_down_swing": 32.77}, "3:54 PM": {"sessions": 100, "up_hits": 69, "up_rate": 0.69, "down_hits": 62, "down_rate": 0.62, "both_hits": 32, "both_rate": 0.32, "neither_hits": 1, "neither_rate": 0.01, "avg_up_swing_pct": 0.010688, "avg_down_swing_pct": 0.010922, "max_up_swing_pct": 0.054427, "max_down_swing_pct": 0.098826, "avg_up_swing": 2.6044, "avg_down_swing": 2.7131, "max_up_swing": 14.825, "max_down_swing": 32.9}, "3:55 PM": {"sessions": 100, "up_hits": 69, "up_rate": 0.69, "down_hits": 60, "down_rate": 0.6, "both_hits": 29, "both_rate": 0.29, "neither_hits": 0, "neither_rate": 0.0, "avg_up_swing_pct": 0.010652, "avg_down_swing_pct": 0.010959, "max_up_swing_pct": 0.058605, "max_down_swing_pct": 0.10015, "avg_up_swing": 2.5921, "avg_down_swing": 2.7254, "max_up_swing": 15.9, "max_down_swing": 33.39}, "3:50\u201355 avg": {"sessions": 100, "up_hits": 70, "up_rate": 0.7, "down_hits": 62, "down_rate": 0.62, "both_hits": 33, "both_rate": 0.33, "neither_hits": 1, "neither_rate": 0.01, "avg_up_swing_pct": 0.0108, "avg_down_swing_pct": 0.010814, "max_up_swing_pct": 0.050607, "max_down_swing_pct": 0.098922, "avg_up_swing": 2.634, "avg_down_swing": 2.6835, "max_up_swing": 11.1267, "max_down_swing": 32.9358}}}, "0.0075": {"pct": 0.0075, "references": {"3:50 PM": {"sessions": 100, "up_hits": 60, "up_rate": 0.6, "down_hits": 47, "down_rate": 0.47, "both_hits": 19, "both_rate": 0.19, "neither_hits": 12, "neither_rate": 0.12, "avg_up_swing_pct": 0.010795, "avg_down_swing_pct": 0.010821, "max_up_swing_pct": 0.049907, "max_down_swing_pct": 0.098663, "avg_up_swing": 2.6359, "avg_down_swing": 2.6816, "max_up_swing": 10.98, "max_down_swing": 32.84}, "3:51 PM": {"sessions": 100, "up_hits": 59, "up_rate": 0.59, "down_hits": 47, "down_rate": 0.47, "both_hits": 19, "both_rate": 0.19, "neither_hits": 13, "neither_rate": 0.13, "avg_up_swing_pct": 0.010855, "avg_down_swing_pct": 0.010761, "max_up_swing_pct": 0.050145, "max_down_swing_pct": 0.099042, "avg_up_swing": 2.6477, "avg_down_swing": 2.6698, "max_up_swing": 11.03, "max_down_swing": 32.98}, "3:52 PM": {"sessions": 100, "up_hits": 59, "up_rate": 0.59, "down_hits": 48, "down_rate": 0.48, "both_hits": 19, "both_rate": 0.19, "neither_hits": 12, "neither_rate": 0.12, "avg_up_swing_pct": 0.01093, "avg_down_swing_pct": 0.010687, "max_up_swing_pct": 0.050243, "max_down_swing_pct": 0.098379, "avg_up_swing": 2.669, "avg_down_swing": 2.6485, "max_up_swing": 13.74, "max_down_swing": 32.735}, "3:53 PM": {"sessions": 100, "up_hits": 58, "up_rate": 0.58, "down_hits": 49, "down_rate": 0.49, "both_hits": 19, "both_rate": 0.19, "neither_hits": 12, "neither_rate": 0.12, "avg_up_swing_pct": 0.010886, "avg_down_swing_pct": 0.010731, "max_up_swing_pct": 0.050862, "max_down_swing_pct": 0.098473, "avg_up_swing": 2.6548, "avg_down_swing": 2.6627, "max_up_swing": 11.18, "max_down_swing": 32.77}, "3:54 PM": {"sessions": 100, "up_hits": 59, "up_rate": 0.59, "down_hits": 50, "down_rate": 0.5, "both_hits": 21, "both_rate": 0.21, "neither_hits": 12, "neither_rate": 0.12, "avg_up_swing_pct": 0.010688, "avg_down_swing_pct": 0.010922, "max_up_swing_pct": 0.054427, "max_down_swing_pct": 0.098826, "avg_up_swing": 2.6044, "avg_down_swing": 2.7131, "max_up_swing": 14.825, "max_down_swing": 32.9}, "3:55 PM": {"sessions": 100, "up_hits": 58, "up_rate": 0.58, "down_hits": 50, "down_rate": 0.5, "both_hits": 21, "both_rate": 0.21, "neither_hits": 13, "neither_rate": 0.13, "avg_up_swing_pct": 0.010652, "avg_down_swing_pct": 0.010959, "max_up_swing_pct": 0.058605, "max_down_swing_pct": 0.10015, "avg_up_swing": 2.5921, "avg_down_swing": 2.7254, "max_up_swing": 15.9, "max_down_swing": 33.39}, "3:50\u201355 avg": {"sessions": 100, "up_hits": 60, "up_rate": 0.6, "down_hits": 49, "down_rate": 0.49, "both_hits": 21, "both_rate": 0.21, "neither_hits": 12, "neither_rate": 0.12, "avg_up_swing_pct": 0.0108, "avg_down_swing_pct": 0.010814, "max_up_swing_pct": 0.050607, "max_down_swing_pct": 0.098922, "avg_up_swing": 2.634, "avg_down_swing": 2.6835, "max_up_swing": 11.1267, "max_down_swing": 32.9358}}}, "0.0100": {"pct": 0.01, "references": {"3:50 PM": {"sessions": 100, "up_hits": 47, "up_rate": 0.47, "down_hits": 39, "down_rate": 0.39, "both_hits": 11, "both_rate": 0.11, "neither_hits": 25, "neither_rate": 0.25, "avg_up_swing_pct": 0.010795, "avg_down_swing_pct": 0.010821, "max_up_swing_pct": 0.049907, "max_down_swing_pct": 0.098663, "avg_up_swing": 2.6359, "avg_down_swing": 2.6816, "max_up_swing": 10.98, "max_down_swing": 32.84}, "3:51 PM": {"sessions": 100, "up_hits": 47, "up_rate": 0.47, "down_hits": 38, "down_rate": 0.38, "both_hits": 11, "both_rate": 0.11, "neither_hits": 26, "neither_rate": 0.26, "avg_up_swing_pct": 0.010855, "avg_down_swing_pct": 0.010761, "max_up_swing_pct": 0.050145, "max_down_swing_pct": 0.099042, "avg_up_swing": 2.6477, "avg_down_swing": 2.6698, "max_up_swing": 11.03, "max_down_swing": 32.98}, "3:52 PM": {"sessions": 100, "up_hits": 50, "up_rate": 0.5, "down_hits": 40, "down_rate": 0.4, "both_hits": 13, "both_rate": 0.13, "neither_hits": 23, "neither_rate": 0.23, "avg_up_swing_pct": 0.01093, "avg_down_swing_pct": 0.010687, "max_up_swing_pct": 0.050243, "max_down_swing_pct": 0.098379, "avg_up_swing": 2.669, "avg_down_swing": 2.6485, "max_up_swing": 13.74, "max_down_swing": 32.735}, "3:53 PM": {"sessions": 100, "up_hits": 50, "up_rate": 0.5, "down_hits": 41, "down_rate": 0.41, "both_hits": 13, "both_rate": 0.13, "neither_hits": 22, "neither_rate": 0.22, "avg_up_swing_pct": 0.010886, "avg_down_swing_pct": 0.010731, "max_up_swing_pct": 0.050862, "max_down_swing_pct": 0.098473, "avg_up_swing": 2.6548, "avg_down_swing": 2.6627, "max_up_swing": 11.18, "max_down_swing": 32.77}, "3:54 PM": {"sessions": 100, "up_hits": 49, "up_rate": 0.49, "down_hits": 42, "down_rate": 0.42, "both_hits": 13, "both_rate": 0.13, "neither_hits": 22, "neither_rate": 0.22, "avg_up_swing_pct": 0.010688, "avg_down_swing_pct": 0.010922, "max_up_swing_pct": 0.054427, "max_down_swing_pct": 0.098826, "avg_up_swing": 2.6044, "avg_down_swing": 2.7131, "max_up_swing": 14.825, "max_down_swing": 32.9}, "3:55 PM": {"sessions": 100, "up_hits": 49, "up_rate": 0.49, "down_hits": 42, "down_rate": 0.42, "both_hits": 12, "both_rate": 0.12, "neither_hits": 21, "neither_rate": 0.21, "avg_up_swing_pct": 0.010652, "avg_down_swing_pct": 0.010959, "max_up_swing_pct": 0.058605, "max_down_swing_pct": 0.10015, "avg_up_swing": 2.5921, "avg_down_swing": 2.7254, "max_up_swing": 15.9, "max_down_swing": 33.39}, "3:50\u201355 avg": {"sessions": 100, "up_hits": 48, "up_rate": 0.48, "down_hits": 40, "down_rate": 0.4, "both_hits": 14, "both_rate": 0.14, "neither_hits": 26, "neither_rate": 0.26, "avg_up_swing_pct": 0.0108, "avg_down_swing_pct": 0.010814, "max_up_swing_pct": 0.050607, "max_down_swing_pct": 0.098922, "avg_up_swing": 2.634, "avg_down_swing": 2.6835, "max_up_swing": 11.1267, "max_down_swing": 32.9358}}}, "0.0125": {"pct": 0.0125, "references": {"3:50 PM": {"sessions": 100, "up_hits": 37, "up_rate": 0.37, "down_hits": 30, "down_rate": 0.3, "both_hits": 5, "both_rate": 0.05, "neither_hits": 38, "neither_rate": 0.38, "avg_up_swing_pct": 0.010795, "avg_down_swing_pct": 0.010821, "max_up_swing_pct": 0.049907, "max_down_swing_pct": 0.098663, "avg_up_swing": 2.6359, "avg_down_swing": 2.6816, "max_up_swing": 10.98, "max_down_swing": 32.84}, "3:51 PM": {"sessions": 100, "up_hits": 37, "up_rate": 0.37, "down_hits": 33, "down_rate": 0.33, "both_hits": 5, "both_rate": 0.05, "neither_hits": 35, "neither_rate": 0.35, "avg_up_swing_pct": 0.010855, "avg_down_swing_pct": 0.010761, "max_up_swing_pct": 0.050145, "max_down_swing_pct": 0.099042, "avg_up_swing": 2.6477, "avg_down_swing": 2.6698, "max_up_swing": 11.03, "max_down_swing": 32.98}, "3:52 PM": {"sessions": 100, "up_hits": 36, "up_rate": 0.36, "down_hits": 32, "down_rate": 0.32, "both_hits": 5, "both_rate": 0.05, "neither_hits": 37, "neither_rate": 0.37, "avg_up_swing_pct": 0.01093, "avg_down_swing_pct": 0.010687, "max_up_swing_pct": 0.050243, "max_down_swing_pct": 0.098379, "avg_up_swing": 2.669, "avg_down_swing": 2.6485, "max_up_swing": 13.74, "max_down_swing": 32.735}, "3:53 PM": {"sessions": 100, "up_hits": 36, "up_rate": 0.36, "down_hits": 33, "down_rate": 0.33, "both_hits": 6, "both_rate": 0.06, "neither_hits": 37, "neither_rate": 0.37, "avg_up_swing_pct": 0.010886, "avg_down_swing_pct": 0.010731, "max_up_swing_pct": 0.050862, "max_down_swing_pct": 0.098473, "avg_up_swing": 2.6548, "avg_down_swing": 2.6627, "max_up_swing": 11.18, "max_down_swing": 32.77}, "3:54 PM": {"sessions": 100, "up_hits": 38, "up_rate": 0.38, "down_hits": 30, "down_rate": 0.3, "both_hits": 6, "both_rate": 0.06, "neither_hits": 38, "neither_rate": 0.38, "avg_up_swing_pct": 0.010688, "avg_down_swing_pct": 0.010922, "max_up_swing_pct": 0.054427, "max_down_swing_pct": 0.098826, "avg_up_swing": 2.6044, "avg_down_swing": 2.7131, "max_up_swing": 14.825, "max_down_swing": 32.9}, "3:55 PM": {"sessions": 100, "up_hits": 36, "up_rate": 0.36, "down_hits": 31, "down_rate": 0.31, "both_hits": 6, "both_rate": 0.06, "neither_hits": 39, "neither_rate": 0.39, "avg_up_swing_pct": 0.010652, "avg_down_swing_pct": 0.010959, "max_up_swing_pct": 0.058605, "max_down_swing_pct": 0.10015, "avg_up_swing": 2.5921, "avg_down_swing": 2.7254, "max_up_swing": 15.9, "max_down_swing": 33.39}, "3:50\u201355 avg": {"sessions": 100, "up_hits": 36, "up_rate": 0.36, "down_hits": 33, "down_rate": 0.33, "both_hits": 5, "both_rate": 0.05, "neither_hits": 36, "neither_rate": 0.36, "avg_up_swing_pct": 0.0108, "avg_down_swing_pct": 0.010814, "max_up_swing_pct": 0.050607, "max_down_swing_pct": 0.098922, "avg_up_swing": 2.634, "avg_down_swing": 2.6835, "max_up_swing": 11.1267, "max_down_swing": 32.9358}}}, "0.0150": {"pct": 0.015, "references": {"3:50 PM": {"sessions": 100, "up_hits": 34, "up_rate": 0.34, "down_hits": 23, "down_rate": 0.23, "both_hits": 3, "both_rate": 0.03, "neither_hits": 46, "neither_rate": 0.46, "avg_up_swing_pct": 0.010795, "avg_down_swing_pct": 0.010821, "max_up_swing_pct": 0.049907, "max_down_swing_pct": 0.098663, "avg_up_swing": 2.6359, "avg_down_swing": 2.6816, "max_up_swing": 10.98, "max_down_swing": 32.84}, "3:51 PM": {"sessions": 100, "up_hits": 34, "up_rate": 0.34, "down_hits": 24, "down_rate": 0.24, "both_hits": 3, "both_rate": 0.03, "neither_hits": 45, "neither_rate": 0.45, "avg_up_swing_pct": 0.010855, "avg_down_swing_pct": 0.010761, "max_up_swing_pct": 0.050145, "max_down_swing_pct": 0.099042, "avg_up_swing": 2.6477, "avg_down_swing": 2.6698, "max_up_swing": 11.03, "max_down_swing": 32.98}, "3:52 PM": {"sessions": 100, "up_hits": 33, "up_rate": 0.33, "down_hits": 24, "down_rate": 0.24, "both_hits": 3, "both_rate": 0.03, "neither_hits": 46, "neither_rate": 0.46, "avg_up_swing_pct": 0.01093, "avg_down_swing_pct": 0.010687, "max_up_swing_pct": 0.050243, "max_down_swing_pct": 0.098379, "avg_up_swing": 2.669, "avg_down_swing": 2.6485, "max_up_swing": 13.74, "max_down_swing": 32.735}, "3:53 PM": {"sessions": 100, "up_hits": 32, "up_rate": 0.32, "down_hits": 23, "down_rate": 0.23, "both_hits": 3, "both_rate": 0.03, "neither_hits": 48, "neither_rate": 0.48, "avg_up_swing_pct": 0.010886, "avg_down_swing_pct": 0.010731, "max_up_swing_pct": 0.050862, "max_down_swing_pct": 0.098473, "avg_up_swing": 2.6548, "avg_down_swing": 2.6627, "max_up_swing": 11.18, "max_down_swing": 32.77}, "3:54 PM": {"sessions": 100, "up_hits": 33, "up_rate": 0.33, "down_hits": 24, "down_rate": 0.24, "both_hits": 3, "both_rate": 0.03, "neither_hits": 46, "neither_rate": 0.46, "avg_up_swing_pct": 0.010688, "avg_down_swing_pct": 0.010922, "max_up_swing_pct": 0.054427, "max_down_swing_pct": 0.098826, "avg_up_swing": 2.6044, "avg_down_swing": 2.7131, "max_up_swing": 14.825, "max_down_swing": 32.9}, "3:55 PM": {"sessions": 100, "up_hits": 33, "up_rate": 0.33, "down_hits": 25, "down_rate": 0.25, "both_hits": 4, "both_rate": 0.04, "neither_hits": 46, "neither_rate": 0.46, "avg_up_swing_pct": 0.010652, "avg_down_swing_pct": 0.010959, "max_up_swing_pct": 0.058605, "max_down_swing_pct": 0.10015, "avg_up_swing": 2.5921, "avg_down_swing": 2.7254, "max_up_swing": 15.9, "max_down_swing": 33.39}, "3:50\u201355 avg": {"sessions": 100, "up_hits": 33, "up_rate": 0.33, "down_hits": 24, "down_rate": 0.24, "both_hits": 3, "both_rate": 0.03, "neither_hits": 46, "neither_rate": 0.46, "avg_up_swing_pct": 0.0108, "avg_down_swing_pct": 0.010814, "max_up_swing_pct": 0.050607, "max_down_swing_pct": 0.098922, "avg_up_swing": 2.634, "avg_down_swing": 2.6835, "max_up_swing": 11.1267, "max_down_swing": 32.9358}}}, "0.0200": {"pct": 0.02, "references": {"3:50 PM": {"sessions": 100, "up_hits": 20, "up_rate": 0.2, "down_hits": 16, "down_rate": 0.16, "both_hits": 3, "both_rate": 0.03, "neither_hits": 67, "neither_rate": 0.67, "avg_up_swing_pct": 0.010795, "avg_down_swing_pct": 0.010821, "max_up_swing_pct": 0.049907, "max_down_swing_pct": 0.098663, "avg_up_swing": 2.6359, "avg_down_swing": 2.6816, "max_up_swing": 10.98, "max_down_swing": 32.84}, "3:51 PM": {"sessions": 100, "up_hits": 20, "up_rate": 0.2, "down_hits": 18, "down_rate": 0.18, "both_hits": 3, "both_rate": 0.03, "neither_hits": 65, "neither_rate": 0.65, "avg_up_swing_pct": 0.010855, "avg_down_swing_pct": 0.010761, "max_up_swing_pct": 0.050145, "max_down_swing_pct": 0.099042, "avg_up_swing": 2.6477, "avg_down_swing": 2.6698, "max_up_swing": 11.03, "max_down_swing": 32.98}, "3:52 PM": {"sessions": 100, "up_hits": 20, "up_rate": 0.2, "down_hits": 18, "down_rate": 0.18, "both_hits": 3, "both_rate": 0.03, "neither_hits": 65, "neither_rate": 0.65, "avg_up_swing_pct": 0.01093, "avg_down_swing_pct": 0.010687, "max_up_swing_pct": 0.050243, "max_down_swing_pct": 0.098379, "avg_up_swing": 2.669, "avg_down_swing": 2.6485, "max_up_swing": 13.74, "max_down_swing": 32.735}, "3:53 PM": {"sessions": 100, "up_hits": 20, "up_rate": 0.2, "down_hits": 17, "down_rate": 0.17, "both_hits": 2, "both_rate": 0.02, "neither_hits": 65, "neither_rate": 0.65, "avg_up_swing_pct": 0.010886, "avg_down_swing_pct": 0.010731, "max_up_swing_pct": 0.050862, "max_down_swing_pct": 0.098473, "avg_up_swing": 2.6548, "avg_down_swing": 2.6627, "max_up_swing": 11.18, "max_down_swing": 32.77}, "3:54 PM": {"sessions": 100, "up_hits": 20, "up_rate": 0.2, "down_hits": 19, "down_rate": 0.19, "both_hits": 3, "both_rate": 0.03, "neither_hits": 64, "neither_rate": 0.64, "avg_up_swing_pct": 0.010688, "avg_down_swing_pct": 0.010922, "max_up_swing_pct": 0.054427, "max_down_swing_pct": 0.098826, "avg_up_swing": 2.6044, "avg_down_swing": 2.7131, "max_up_swing": 14.825, "max_down_swing": 32.9}, "3:55 PM": {"sessions": 100, "up_hits": 19, "up_rate": 0.19, "down_hits": 18, "down_rate": 0.18, "both_hits": 3, "both_rate": 0.03, "neither_hits": 66, "neither_rate": 0.66, "avg_up_swing_pct": 0.010652, "avg_down_swing_pct": 0.010959, "max_up_swing_pct": 0.058605, "max_down_swing_pct": 0.10015, "avg_up_swing": 2.5921, "avg_down_swing": 2.7254, "max_up_swing": 15.9, "max_down_swing": 33.39}, "3:50\u201355 avg": {"sessions": 100, "up_hits": 20, "up_rate": 0.2, "down_hits": 18, "down_rate": 0.18, "both_hits": 3, "both_rate": 0.03, "neither_hits": 65, "neither_rate": 0.65, "avg_up_swing_pct": 0.0108, "avg_down_swing_pct": 0.010814, "max_up_swing_pct": 0.050607, "max_down_swing_pct": 0.098922, "avg_up_swing": 2.634, "avg_down_swing": 2.6835, "max_up_swing": 11.1267, "max_down_swing": 32.9358}}}, "0.0250": {"pct": 0.025, "references": {"3:50 PM": {"sessions": 100, "up_hits": 13, "up_rate": 0.13, "down_hits": 11, "down_rate": 0.11, "both_hits": 1, "both_rate": 0.01, "neither_hits": 77, "neither_rate": 0.77, "avg_up_swing_pct": 0.010795, "avg_down_swing_pct": 0.010821, "max_up_swing_pct": 0.049907, "max_down_swing_pct": 0.098663, "avg_up_swing": 2.6359, "avg_down_swing": 2.6816, "max_up_swing": 10.98, "max_down_swing": 32.84}, "3:51 PM": {"sessions": 100, "up_hits": 15, "up_rate": 0.15, "down_hits": 11, "down_rate": 0.11, "both_hits": 1, "both_rate": 0.01, "neither_hits": 75, "neither_rate": 0.75, "avg_up_swing_pct": 0.010855, "avg_down_swing_pct": 0.010761, "max_up_swing_pct": 0.050145, "max_down_swing_pct": 0.099042, "avg_up_swing": 2.6477, "avg_down_swing": 2.6698, "max_up_swing": 11.03, "max_down_swing": 32.98}, "3:52 PM": {"sessions": 100, "up_hits": 14, "up_rate": 0.14, "down_hits": 12, "down_rate": 0.12, "both_hits": 2, "both_rate": 0.02, "neither_hits": 76, "neither_rate": 0.76, "avg_up_swing_pct": 0.01093, "avg_down_swing_pct": 0.010687, "max_up_swing_pct": 0.050243, "max_down_swing_pct": 0.098379, "avg_up_swing": 2.669, "avg_down_swing": 2.6485, "max_up_swing": 13.74, "max_down_swing": 32.735}, "3:53 PM": {"sessions": 100, "up_hits": 14, "up_rate": 0.14, "down_hits": 12, "down_rate": 0.12, "both_hits": 2, "both_rate": 0.02, "neither_hits": 76, "neither_rate": 0.76, "avg_up_swing_pct": 0.010886, "avg_down_swing_pct": 0.010731, "max_up_swing_pct": 0.050862, "max_down_swing_pct": 0.098473, "avg_up_swing": 2.6548, "avg_down_swing": 2.6627, "max_up_swing": 11.18, "max_down_swing": 32.77}, "3:54 PM": {"sessions": 100, "up_hits": 13, "up_rate": 0.13, "down_hits": 13, "down_rate": 0.13, "both_hits": 2, "both_rate": 0.02, "neither_hits": 76, "neither_rate": 0.76, "avg_up_swing_pct": 0.010688, "avg_down_swing_pct": 0.010922, "max_up_swing_pct": 0.054427, "max_down_swing_pct": 0.098826, "avg_up_swing": 2.6044, "avg_down_swing": 2.7131, "max_up_swing": 14.825, "max_down_swing": 32.9}, "3:55 PM": {"sessions": 100, "up_hits": 13, "up_rate": 0.13, "down_hits": 13, "down_rate": 0.13, "both_hits": 2, "both_rate": 0.02, "neither_hits": 76, "neither_rate": 0.76, "avg_up_swing_pct": 0.010652, "avg_down_swing_pct": 0.010959, "max_up_swing_pct": 0.058605, "max_down_swing_pct": 0.10015, "avg_up_swing": 2.5921, "avg_down_swing": 2.7254, "max_up_swing": 15.9, "max_down_swing": 33.39}, "3:50\u201355 avg": {"sessions": 100, "up_hits": 14, "up_rate": 0.14, "down_hits": 12, "down_rate": 0.12, "both_hits": 2, "both_rate": 0.02, "neither_hits": 76, "neither_rate": 0.76, "avg_up_swing_pct": 0.0108, "avg_down_swing_pct": 0.010814, "max_up_swing_pct": 0.050607, "max_down_swing_pct": 0.098922, "avg_up_swing": 2.634, "avg_down_swing": 2.6835, "max_up_swing": 11.1267, "max_down_swing": 32.9358}}}, "0.0300": {"pct": 0.03, "references": {"3:50 PM": {"sessions": 100, "up_hits": 8, "up_rate": 0.08, "down_hits": 10, "down_rate": 0.1, "both_hits": 0, "both_rate": 0.0, "neither_hits": 82, "neither_rate": 0.82, "avg_up_swing_pct": 0.010795, "avg_down_swing_pct": 0.010821, "max_up_swing_pct": 0.049907, "max_down_swing_pct": 0.098663, "avg_up_swing": 2.6359, "avg_down_swing": 2.6816, "max_up_swing": 10.98, "max_down_swing": 32.84}, "3:51 PM": {"sessions": 100, "up_hits": 8, "up_rate": 0.08, "down_hits": 9, "down_rate": 0.09, "both_hits": 0, "both_rate": 0.0, "neither_hits": 83, "neither_rate": 0.83, "avg_up_swing_pct": 0.010855, "avg_down_swing_pct": 0.010761, "max_up_swing_pct": 0.050145, "max_down_swing_pct": 0.099042, "avg_up_swing": 2.6477, "avg_down_swing": 2.6698, "max_up_swing": 11.03, "max_down_swing": 32.98}, "3:52 PM": {"sessions": 100, "up_hits": 9, "up_rate": 0.09, "down_hits": 7, "down_rate": 0.07, "both_hits": 0, "both_rate": 0.0, "neither_hits": 84, "neither_rate": 0.84, "avg_up_swing_pct": 0.01093, "avg_down_swing_pct": 0.010687, "max_up_swing_pct": 0.050243, "max_down_swing_pct": 0.098379, "avg_up_swing": 2.669, "avg_down_swing": 2.6485, "max_up_swing": 13.74, "max_down_swing": 32.735}, "3:53 PM": {"sessions": 100, "up_hits": 8, "up_rate": 0.08, "down_hits": 7, "down_rate": 0.07, "both_hits": 0, "both_rate": 0.0, "neither_hits": 85, "neither_rate": 0.85, "avg_up_swing_pct": 0.010886, "avg_down_swing_pct": 0.010731, "max_up_swing_pct": 0.050862, "max_down_swing_pct": 0.098473, "avg_up_swing": 2.6548, "avg_down_swing": 2.6627, "max_up_swing": 11.18, "max_down_swing": 32.77}, "3:54 PM": {"sessions": 100, "up_hits": 8, "up_rate": 0.08, "down_hits": 7, "down_rate": 0.07, "both_hits": 0, "both_rate": 0.0, "neither_hits": 85, "neither_rate": 0.85, "avg_up_swing_pct": 0.010688, "avg_down_swing_pct": 0.010922, "max_up_swing_pct": 0.054427, "max_down_swing_pct": 0.098826, "avg_up_swing": 2.6044, "avg_down_swing": 2.7131, "max_up_swing": 14.825, "max_down_swing": 32.9}, "3:55 PM": {"sessions": 100, "up_hits": 8, "up_rate": 0.08, "down_hits": 7, "down_rate": 0.07, "both_hits": 0, "both_rate": 0.0, "neither_hits": 85, "neither_rate": 0.85, "avg_up_swing_pct": 0.010652, "avg_down_swing_pct": 0.010959, "max_up_swing_pct": 0.058605, "max_down_swing_pct": 0.10015, "avg_up_swing": 2.5921, "avg_down_swing": 2.7254, "max_up_swing": 15.9, "max_down_swing": 33.39}, "3:50\u201355 avg": {"sessions": 100, "up_hits": 8, "up_rate": 0.08, "down_hits": 7, "down_rate": 0.07, "both_hits": 0, "both_rate": 0.0, "neither_hits": 85, "neither_rate": 0.85, "avg_up_swing_pct": 0.0108, "avg_down_swing_pct": 0.010814, "max_up_swing_pct": 0.050607, "max_down_swing_pct": 0.098922, "avg_up_swing": 2.634, "avg_down_swing": 2.6835, "max_up_swing": 11.1267, "max_down_swing": 32.9358}}}, "0.0350": {"pct": 0.035, "references": {"3:50 PM": {"sessions": 100, "up_hits": 7, "up_rate": 0.07, "down_hits": 6, "down_rate": 0.06, "both_hits": 0, "both_rate": 0.0, "neither_hits": 87, "neither_rate": 0.87, "avg_up_swing_pct": 0.010795, "avg_down_swing_pct": 0.010821, "max_up_swing_pct": 0.049907, "max_down_swing_pct": 0.098663, "avg_up_swing": 2.6359, "avg_down_swing": 2.6816, "max_up_swing": 10.98, "max_down_swing": 32.84}, "3:51 PM": {"sessions": 100, "up_hits": 7, "up_rate": 0.07, "down_hits": 7, "down_rate": 0.07, "both_hits": 0, "both_rate": 0.0, "neither_hits": 86, "neither_rate": 0.86, "avg_up_swing_pct": 0.010855, "avg_down_swing_pct": 0.010761, "max_up_swing_pct": 0.050145, "max_down_swing_pct": 0.099042, "avg_up_swing": 2.6477, "avg_down_swing": 2.6698, "max_up_swing": 11.03, "max_down_swing": 32.98}, "3:52 PM": {"sessions": 100, "up_hits": 6, "up_rate": 0.06, "down_hits": 6, "down_rate": 0.06, "both_hits": 0, "both_rate": 0.0, "neither_hits": 88, "neither_rate": 0.88, "avg_up_swing_pct": 0.01093, "avg_down_swing_pct": 0.010687, "max_up_swing_pct": 0.050243, "max_down_swing_pct": 0.098379, "avg_up_swing": 2.669, "avg_down_swing": 2.6485, "max_up_swing": 13.74, "max_down_swing": 32.735}, "3:53 PM": {"sessions": 100, "up_hits": 6, "up_rate": 0.06, "down_hits": 6, "down_rate": 0.06, "both_hits": 0, "both_rate": 0.0, "neither_hits": 88, "neither_rate": 0.88, "avg_up_swing_pct": 0.010886, "avg_down_swing_pct": 0.010731, "max_up_swing_pct": 0.050862, "max_down_swing_pct": 0.098473, "avg_up_swing": 2.6548, "avg_down_swing": 2.6627, "max_up_swing": 11.18, "max_down_swing": 32.77}, "3:54 PM": {"sessions": 100, "up_hits": 6, "up_rate": 0.06, "down_hits": 7, "down_rate": 0.07, "both_hits": 0, "both_rate": 0.0, "neither_hits": 87, "neither_rate": 0.87, "avg_up_swing_pct": 0.010688, "avg_down_swing_pct": 0.010922, "max_up_swing_pct": 0.054427, "max_down_swing_pct": 0.098826, "avg_up_swing": 2.6044, "avg_down_swing": 2.7131, "max_up_swing": 14.825, "max_down_swing": 32.9}, "3:55 PM": {"sessions": 100, "up_hits": 7, "up_rate": 0.07, "down_hits": 7, "down_rate": 0.07, "both_hits": 0, "both_rate": 0.0, "neither_hits": 86, "neither_rate": 0.86, "avg_up_swing_pct": 0.010652, "avg_down_swing_pct": 0.010959, "max_up_swing_pct": 0.058605, "max_down_swing_pct": 0.10015, "avg_up_swing": 2.5921, "avg_down_swing": 2.7254, "max_up_swing": 15.9, "max_down_swing": 33.39}, "3:50\u201355 avg": {"sessions": 100, "up_hits": 7, "up_rate": 0.07, "down_hits": 7, "down_rate": 0.07, "both_hits": 0, "both_rate": 0.0, "neither_hits": 86, "neither_rate": 0.86, "avg_up_swing_pct": 0.0108, "avg_down_swing_pct": 0.010814, "max_up_swing_pct": 0.050607, "max_down_swing_pct": 0.098922, "avg_up_swing": 2.634, "avg_down_swing": 2.6835, "max_up_swing": 11.1267, "max_down_swing": 32.9358}}}, "0.0400": {"pct": 0.04, "references": {"3:50 PM": {"sessions": 100, "up_hits": 4, "up_rate": 0.04, "down_hits": 4, "down_rate": 0.04, "both_hits": 0, "both_rate": 0.0, "neither_hits": 92, "neither_rate": 0.92, "avg_up_swing_pct": 0.010795, "avg_down_swing_pct": 0.010821, "max_up_swing_pct": 0.049907, "max_down_swing_pct": 0.098663, "avg_up_swing": 2.6359, "avg_down_swing": 2.6816, "max_up_swing": 10.98, "max_down_swing": 32.84}, "3:51 PM": {"sessions": 100, "up_hits": 4, "up_rate": 0.04, "down_hits": 4, "down_rate": 0.04, "both_hits": 0, "both_rate": 0.0, "neither_hits": 92, "neither_rate": 0.92, "avg_up_swing_pct": 0.010855, "avg_down_swing_pct": 0.010761, "max_up_swing_pct": 0.050145, "max_down_swing_pct": 0.099042, "avg_up_swing": 2.6477, "avg_down_swing": 2.6698, "max_up_swing": 11.03, "max_down_swing": 32.98}, "3:52 PM": {"sessions": 100, "up_hits": 4, "up_rate": 0.04, "down_hits": 4, "down_rate": 0.04, "both_hits": 0, "both_rate": 0.0, "neither_hits": 92, "neither_rate": 0.92, "avg_up_swing_pct": 0.01093, "avg_down_swing_pct": 0.010687, "max_up_swing_pct": 0.050243, "max_down_swing_pct": 0.098379, "avg_up_swing": 2.669, "avg_down_swing": 2.6485, "max_up_swing": 13.74, "max_down_swing": 32.735}, "3:53 PM": {"sessions": 100, "up_hits": 4, "up_rate": 0.04, "down_hits": 4, "down_rate": 0.04, "both_hits": 0, "both_rate": 0.0, "neither_hits": 92, "neither_rate": 0.92, "avg_up_swing_pct": 0.010886, "avg_down_swing_pct": 0.010731, "max_up_swing_pct": 0.050862, "max_down_swing_pct": 0.098473, "avg_up_swing": 2.6548, "avg_down_swing": 2.6627, "max_up_swing": 11.18, "max_down_swing": 32.77}, "3:54 PM": {"sessions": 100, "up_hits": 4, "up_rate": 0.04, "down_hits": 4, "down_rate": 0.04, "both_hits": 0, "both_rate": 0.0, "neither_hits": 92, "neither_rate": 0.92, "avg_up_swing_pct": 0.010688, "avg_down_swing_pct": 0.010922, "max_up_swing_pct": 0.054427, "max_down_swing_pct": 0.098826, "avg_up_swing": 2.6044, "avg_down_swing": 2.7131, "max_up_swing": 14.825, "max_down_swing": 32.9}, "3:55 PM": {"sessions": 100, "up_hits": 3, "up_rate": 0.03, "down_hits": 4, "down_rate": 0.04, "both_hits": 0, "both_rate": 0.0, "neither_hits": 93, "neither_rate": 0.93, "avg_up_swing_pct": 0.010652, "avg_down_swing_pct": 0.010959, "max_up_swing_pct": 0.058605, "max_down_swing_pct": 0.10015, "avg_up_swing": 2.5921, "avg_down_swing": 2.7254, "max_up_swing": 15.9, "max_down_swing": 33.39}, "3:50\u201355 avg": {"sessions": 100, "up_hits": 4, "up_rate": 0.04, "down_hits": 4, "down_rate": 0.04, "both_hits": 0, "both_rate": 0.0, "neither_hits": 92, "neither_rate": 0.92, "avg_up_swing_pct": 0.0108, "avg_down_swing_pct": 0.010814, "max_up_swing_pct": 0.050607, "max_down_swing_pct": 0.098922, "avg_up_swing": 2.634, "avg_down_swing": 2.6835, "max_up_swing": 11.1267, "max_down_swing": 32.9358}}}, "0.0500": {"pct": 0.05, "references": {"3:50 PM": {"sessions": 100, "up_hits": 0, "up_rate": 0.0, "down_hits": 3, "down_rate": 0.03, "both_hits": 0, "both_rate": 0.0, "neither_hits": 97, "neither_rate": 0.97, "avg_up_swing_pct": 0.010795, "avg_down_swing_pct": 0.010821, "max_up_swing_pct": 0.049907, "max_down_swing_pct": 0.098663, "avg_up_swing": 2.6359, "avg_down_swing": 2.6816, "max_up_swing": 10.98, "max_down_swing": 32.84}, "3:51 PM": {"sessions": 100, "up_hits": 1, "up_rate": 0.01, "down_hits": 3, "down_rate": 0.03, "both_hits": 0, "both_rate": 0.0, "neither_hits": 96, "neither_rate": 0.96, "avg_up_swing_pct": 0.010855, "avg_down_swing_pct": 0.010761, "max_up_swing_pct": 0.050145, "max_down_swing_pct": 0.099042, "avg_up_swing": 2.6477, "avg_down_swing": 2.6698, "max_up_swing": 11.03, "max_down_swing": 32.98}, "3:52 PM": {"sessions": 100, "up_hits": 1, "up_rate": 0.01, "down_hits": 3, "down_rate": 0.03, "both_hits": 0, "both_rate": 0.0, "neither_hits": 96, "neither_rate": 0.96, "avg_up_swing_pct": 0.01093, "avg_down_swing_pct": 0.010687, "max_up_swing_pct": 0.050243, "max_down_swing_pct": 0.098379, "avg_up_swing": 2.669, "avg_down_swing": 2.6485, "max_up_swing": 13.74, "max_down_swing": 32.735}, "3:53 PM": {"sessions": 100, "up_hits": 1, "up_rate": 0.01, "down_hits": 3, "down_rate": 0.03, "both_hits": 0, "both_rate": 0.0, "neither_hits": 96, "neither_rate": 0.96, "avg_up_swing_pct": 0.010886, "avg_down_swing_pct": 0.010731, "max_up_swing_pct": 0.050862, "max_down_swing_pct": 0.098473, "avg_up_swing": 2.6548, "avg_down_swing": 2.6627, "max_up_swing": 11.18, "max_down_swing": 32.77}, "3:54 PM": {"sessions": 100, "up_hits": 2, "up_rate": 0.02, "down_hits": 3, "down_rate": 0.03, "both_hits": 0, "both_rate": 0.0, "neither_hits": 95, "neither_rate": 0.95, "avg_up_swing_pct": 0.010688, "avg_down_swing_pct": 0.010922, "max_up_swing_pct": 0.054427, "max_down_swing_pct": 0.098826, "avg_up_swing": 2.6044, "avg_down_swing": 2.7131, "max_up_swing": 14.825, "max_down_swing": 32.9}, "3:55 PM": {"sessions": 100, "up_hits": 2, "up_rate": 0.02, "down_hits": 3, "down_rate": 0.03, "both_hits": 0, "both_rate": 0.0, "neither_hits": 95, "neither_rate": 0.95, "avg_up_swing_pct": 0.010652, "avg_down_swing_pct": 0.010959, "max_up_swing_pct": 0.058605, "max_down_swing_pct": 0.10015, "avg_up_swing": 2.5921, "avg_down_swing": 2.7254, "max_up_swing": 15.9, "max_down_swing": 33.39}, "3:50\u201355 avg": {"sessions": 100, "up_hits": 1, "up_rate": 0.01, "down_hits": 3, "down_rate": 0.03, "both_hits": 0, "both_rate": 0.0, "neither_hits": 96, "neither_rate": 0.96, "avg_up_swing_pct": 0.0108, "avg_down_swing_pct": 0.010814, "max_up_swing_pct": 0.050607, "max_down_swing_pct": 0.098922, "avg_up_swing": 2.634, "avg_down_swing": 2.6835, "max_up_swing": 11.1267, "max_down_swing": 32.9358}}}, "0.0700": {"pct": 0.07, "references": {"3:50 PM": {"sessions": 100, "up_hits": 0, "up_rate": 0.0, "down_hits": 2, "down_rate": 0.02, "both_hits": 0, "both_rate": 0.0, "neither_hits": 98, "neither_rate": 0.98, "avg_up_swing_pct": 0.010795, "avg_down_swing_pct": 0.010821, "max_up_swing_pct": 0.049907, "max_down_swing_pct": 0.098663, "avg_up_swing": 2.6359, "avg_down_swing": 2.6816, "max_up_swing": 10.98, "max_down_swing": 32.84}, "3:51 PM": {"sessions": 100, "up_hits": 0, "up_rate": 0.0, "down_hits": 2, "down_rate": 0.02, "both_hits": 0, "both_rate": 0.0, "neither_hits": 98, "neither_rate": 0.98, "avg_up_swing_pct": 0.010855, "avg_down_swing_pct": 0.010761, "max_up_swing_pct": 0.050145, "max_down_swing_pct": 0.099042, "avg_up_swing": 2.6477, "avg_down_swing": 2.6698, "max_up_swing": 11.03, "max_down_swing": 32.98}, "3:52 PM": {"sessions": 100, "up_hits": 0, "up_rate": 0.0, "down_hits": 2, "down_rate": 0.02, "both_hits": 0, "both_rate": 0.0, "neither_hits": 98, "neither_rate": 0.98, "avg_up_swing_pct": 0.01093, "avg_down_swing_pct": 0.010687, "max_up_swing_pct": 0.050243, "max_down_swing_pct": 0.098379, "avg_up_swing": 2.669, "avg_down_swing": 2.6485, "max_up_swing": 13.74, "max_down_swing": 32.735}, "3:53 PM": {"sessions": 100, "up_hits": 0, "up_rate": 0.0, "down_hits": 2, "down_rate": 0.02, "both_hits": 0, "both_rate": 0.0, "neither_hits": 98, "neither_rate": 0.98, "avg_up_swing_pct": 0.010886, "avg_down_swing_pct": 0.010731, "max_up_swing_pct": 0.050862, "max_down_swing_pct": 0.098473, "avg_up_swing": 2.6548, "avg_down_swing": 2.6627, "max_up_swing": 11.18, "max_down_swing": 32.77}, "3:54 PM": {"sessions": 100, "up_hits": 0, "up_rate": 0.0, "down_hits": 2, "down_rate": 0.02, "both_hits": 0, "both_rate": 0.0, "neither_hits": 98, "neither_rate": 0.98, "avg_up_swing_pct": 0.010688, "avg_down_swing_pct": 0.010922, "max_up_swing_pct": 0.054427, "max_down_swing_pct": 0.098826, "avg_up_swing": 2.6044, "avg_down_swing": 2.7131, "max_up_swing": 14.825, "max_down_swing": 32.9}, "3:55 PM": {"sessions": 100, "up_hits": 0, "up_rate": 0.0, "down_hits": 2, "down_rate": 0.02, "both_hits": 0, "both_rate": 0.0, "neither_hits": 98, "neither_rate": 0.98, "avg_up_swing_pct": 0.010652, "avg_down_swing_pct": 0.010959, "max_up_swing_pct": 0.058605, "max_down_swing_pct": 0.10015, "avg_up_swing": 2.5921, "avg_down_swing": 2.7254, "max_up_swing": 15.9, "max_down_swing": 33.39}, "3:50\u201355 avg": {"sessions": 100, "up_hits": 0, "up_rate": 0.0, "down_hits": 2, "down_rate": 0.02, "both_hits": 0, "both_rate": 0.0, "neither_hits": 98, "neither_rate": 0.98, "avg_up_swing_pct": 0.0108, "avg_down_swing_pct": 0.010814, "max_up_swing_pct": 0.050607, "max_down_swing_pct": 0.098922, "avg_up_swing": 2.634, "avg_down_swing": 2.6835, "max_up_swing": 11.1267, "max_down_swing": 32.9358}}}, "0.1000": {"pct": 0.1, "references": {"3:50 PM": {"sessions": 100, "up_hits": 0, "up_rate": 0.0, "down_hits": 0, "down_rate": 0.0, "both_hits": 0, "both_rate": 0.0, "neither_hits": 100, "neither_rate": 1.0, "avg_up_swing_pct": 0.010795, "avg_down_swing_pct": 0.010821, "max_up_swing_pct": 0.049907, "max_down_swing_pct": 0.098663, "avg_up_swing": 2.6359, "avg_down_swing": 2.6816, "max_up_swing": 10.98, "max_down_swing": 32.84}, "3:51 PM": {"sessions": 100, "up_hits": 0, "up_rate": 0.0, "down_hits": 0, "down_rate": 0.0, "both_hits": 0, "both_rate": 0.0, "neither_hits": 100, "neither_rate": 1.0, "avg_up_swing_pct": 0.010855, "avg_down_swing_pct": 0.010761, "max_up_swing_pct": 0.050145, "max_down_swing_pct": 0.099042, "avg_up_swing": 2.6477, "avg_down_swing": 2.6698, "max_up_swing": 11.03, "max_down_swing": 32.98}, "3:52 PM": {"sessions": 100, "up_hits": 0, "up_rate": 0.0, "down_hits": 0, "down_rate": 0.0, "both_hits": 0, "both_rate": 0.0, "neither_hits": 100, "neither_rate": 1.0, "avg_up_swing_pct": 0.01093, "avg_down_swing_pct": 0.010687, "max_up_swing_pct": 0.050243, "max_down_swing_pct": 0.098379, "avg_up_swing": 2.669, "avg_down_swing": 2.6485, "max_up_swing": 13.74, "max_down_swing": 32.735}, "3:53 PM": {"sessions": 100, "up_hits": 0, "up_rate": 0.0, "down_hits": 0, "down_rate": 0.0, "both_hits": 0, "both_rate": 0.0, "neither_hits": 100, "neither_rate": 1.0, "avg_up_swing_pct": 0.010886, "avg_down_swing_pct": 0.010731, "max_up_swing_pct": 0.050862, "max_down_swing_pct": 0.098473, "avg_up_swing": 2.6548, "avg_down_swing": 2.6627, "max_up_swing": 11.18, "max_down_swing": 32.77}, "3:54 PM": {"sessions": 100, "up_hits": 0, "up_rate": 0.0, "down_hits": 0, "down_rate": 0.0, "both_hits": 0, "both_rate": 0.0, "neither_hits": 100, "neither_rate": 1.0, "avg_up_swing_pct": 0.010688, "avg_down_swing_pct": 0.010922, "max_up_swing_pct": 0.054427, "max_down_swing_pct": 0.098826, "avg_up_swing": 2.6044, "avg_down_swing": 2.7131, "max_up_swing": 14.825, "max_down_swing": 32.9}, "3:55 PM": {"sessions": 100, "up_hits": 0, "up_rate": 0.0, "down_hits": 1, "down_rate": 0.01, "both_hits": 0, "both_rate": 0.0, "neither_hits": 99, "neither_rate": 0.99, "avg_up_swing_pct": 0.010652, "avg_down_swing_pct": 0.010959, "max_up_swing_pct": 0.058605, "max_down_swing_pct": 0.10015, "avg_up_swing": 2.5921, "avg_down_swing": 2.7254, "max_up_swing": 15.9, "max_down_swing": 33.39}, "3:50\u201355 avg": {"sessions": 100, "up_hits": 0, "up_rate": 0.0, "down_hits": 0, "down_rate": 0.0, "both_hits": 0, "both_rate": 0.0, "neither_hits": 100, "neither_rate": 1.0, "avg_up_swing_pct": 0.0108, "avg_down_swing_pct": 0.010814, "max_up_swing_pct": 0.050607, "max_down_swing_pct": 0.098922, "avg_up_swing": 2.634, "avg_down_swing": 2.6835, "max_up_swing": 11.1267, "max_down_swing": 32.9358}}}, "0.1500": {"pct": 0.15, "references": {"3:50 PM": {"sessions": 100, "up_hits": 0, "up_rate": 0.0, "down_hits": 0, "down_rate": 0.0, "both_hits": 0, "both_rate": 0.0, "neither_hits": 100, "neither_rate": 1.0, "avg_up_swing_pct": 0.010795, "avg_down_swing_pct": 0.010821, "max_up_swing_pct": 0.049907, "max_down_swing_pct": 0.098663, "avg_up_swing": 2.6359, "avg_down_swing": 2.6816, "max_up_swing": 10.98, "max_down_swing": 32.84}, "3:51 PM": {"sessions": 100, "up_hits": 0, "up_rate": 0.0, "down_hits": 0, "down_rate": 0.0, "both_hits": 0, "both_rate": 0.0, "neither_hits": 100, "neither_rate": 1.0, "avg_up_swing_pct": 0.010855, "avg_down_swing_pct": 0.010761, "max_up_swing_pct": 0.050145, "max_down_swing_pct": 0.099042, "avg_up_swing": 2.6477, "avg_down_swing": 2.6698, "max_up_swing": 11.03, "max_down_swing": 32.98}, "3:52 PM": {"sessions": 100, "up_hits": 0, "up_rate": 0.0, "down_hits": 0, "down_rate": 0.0, "both_hits": 0, "both_rate": 0.0, "neither_hits": 100, "neither_rate": 1.0, "avg_up_swing_pct": 0.01093, "avg_down_swing_pct": 0.010687, "max_up_swing_pct": 0.050243, "max_down_swing_pct": 0.098379, "avg_up_swing": 2.669, "avg_down_swing": 2.6485, "max_up_swing": 13.74, "max_down_swing": 32.735}, "3:53 PM": {"sessions": 100, "up_hits": 0, "up_rate": 0.0, "down_hits": 0, "down_rate": 0.0, "both_hits": 0, "both_rate": 0.0, "neither_hits": 100, "neither_rate": 1.0, "avg_up_swing_pct": 0.010886, "avg_down_swing_pct": 0.010731, "max_up_swing_pct": 0.050862, "max_down_swing_pct": 0.098473, "avg_up_swing": 2.6548, "avg_down_swing": 2.6627, "max_up_swing": 11.18, "max_down_swing": 32.77}, "3:54 PM": {"sessions": 100, "up_hits": 0, "up_rate": 0.0, "down_hits": 0, "down_rate": 0.0, "both_hits": 0, "both_rate": 0.0, "neither_hits": 100, "neither_rate": 1.0, "avg_up_swing_pct": 0.010688, "avg_down_swing_pct": 0.010922, "max_up_swing_pct": 0.054427, "max_down_swing_pct": 0.098826, "avg_up_swing": 2.6044, "avg_down_swing": 2.7131, "max_up_swing": 14.825, "max_down_swing": 32.9}, "3:55 PM": {"sessions": 100, "up_hits": 0, "up_rate": 0.0, "down_hits": 0, "down_rate": 0.0, "both_hits": 0, "both_rate": 0.0, "neither_hits": 100, "neither_rate": 1.0, "avg_up_swing_pct": 0.010652, "avg_down_swing_pct": 0.010959, "max_up_swing_pct": 0.058605, "max_down_swing_pct": 0.10015, "avg_up_swing": 2.5921, "avg_down_swing": 2.7254, "max_up_swing": 15.9, "max_down_swing": 33.39}, "3:50\u201355 avg": {"sessions": 100, "up_hits": 0, "up_rate": 0.0, "down_hits": 0, "down_rate": 0.0, "both_hits": 0, "both_rate": 0.0, "neither_hits": 100, "neither_rate": 1.0, "avg_up_swing_pct": 0.0108, "avg_down_swing_pct": 0.010814, "max_up_swing_pct": 0.050607, "max_down_swing_pct": 0.098922, "avg_up_swing": 2.634, "avg_down_swing": 2.6835, "max_up_swing": 11.1267, "max_down_swing": 32.9358}}}}, "swings": {"3:50 PM": {"avg_up_swing_pct": 0.010795, "avg_down_swing_pct": 0.010821, "max_up_swing_pct": 0.049907, "max_down_swing_pct": 0.098663, "avg_up_swing": 2.6359, "avg_down_swing": 2.6816, "max_up_swing": 10.98, "max_down_swing": 32.84}, "3:51 PM": {"avg_up_swing_pct": 0.010855, "avg_down_swing_pct": 0.010761, "max_up_swing_pct": 0.050145, "max_down_swing_pct": 0.099042, "avg_up_swing": 2.6477, "avg_down_swing": 2.6698, "max_up_swing": 11.03, "max_down_swing": 32.98}, "3:52 PM": {"avg_up_swing_pct": 0.01093, "avg_down_swing_pct": 0.010687, "max_up_swing_pct": 0.050243, "max_down_swing_pct": 0.098379, "avg_up_swing": 2.669, "avg_down_swing": 2.6485, "max_up_swing": 13.74, "max_down_swing": 32.735}, "3:53 PM": {"avg_up_swing_pct": 0.010886, "avg_down_swing_pct": 0.010731, "max_up_swing_pct": 0.050862, "max_down_swing_pct": 0.098473, "avg_up_swing": 2.6548, "avg_down_swing": 2.6627, "max_up_swing": 11.18, "max_down_swing": 32.77}, "3:54 PM": {"avg_up_swing_pct": 0.010688, "avg_down_swing_pct": 0.010922, "max_up_swing_pct": 0.054427, "max_down_swing_pct": 0.098826, "avg_up_swing": 2.6044, "avg_down_swing": 2.7131, "max_up_swing": 14.825, "max_down_swing": 32.9}, "3:55 PM": {"avg_up_swing_pct": 0.010652, "avg_down_swing_pct": 0.010959, "max_up_swing_pct": 0.058605, "max_down_swing_pct": 0.10015, "avg_up_swing": 2.5921, "avg_down_swing": 2.7254, "max_up_swing": 15.9, "max_down_swing": 33.39}, "3:50\u201355 avg": {"avg_up_swing_pct": 0.0108, "avg_down_swing_pct": 0.010814, "max_up_swing_pct": 0.050607, "max_down_swing_pct": 0.098922, "avg_up_swing": 2.634, "avg_down_swing": 2.6835, "max_up_swing": 11.1267, "max_down_swing": 32.9358}}}}}}, "generated_at": "2026-08-16T20:22:08.380382+00:00"}
===END_SUMMARY===

=== strategy stderr ===

