=== pip install ===

=== strategy stdout (exit 0) ===

════════════════════════════════════════════════════════════════════════════════════════════
  MON/WED/FRI PRICE-LEVEL-TOUCH ANALYSIS (PERCENTAGE)
  Scan days      : Monday, Wednesday, Friday
  Lookback window: 730 calendar days
  Scan session   : 9:30 AM–4:00 PM ET, 1-minute bars
  Baseline       : prior trading day 3:50–3:55 PM ET + 3:50–55 average
  Touch = scan-day session high/low reaches prior-day ref × (1 ± pct) across the 11-level ladder (0.5% → 5%), for Mon/Wed/Fri; swings shown as % of reference ($ in brackets).
════════════════════════════════════════════════════════════════════════════════════════════
  Data source: Alpaca Markets API
  Tickers / thresholds: TSLA ±[0.50%, 0.75%, 1.00%, 1.25%, 1.50%, 2.00%, 2.50%, 3.00%, 3.50%, 4.00%, 5.00%]   AAPL ±[0.50%, 0.75%, 1.00%, 1.25%, 1.50%, 2.00%, 2.50%, 3.00%, 3.50%, 4.00%, 5.00%]

  Analyzing TSLA (thresholds ±0.50%, 0.75%, 1.00%, 1.25%, 1.50%, 2.00%, 2.50%, 3.00%, 3.50%, 4.00%, 5.00%; days: Monday, Wednesday, Friday)...
  Analyzing AAPL (thresholds ±0.50%, 0.75%, 1.00%, 1.25%, 1.50%, 2.00%, 2.50%, 3.00%, 3.50%, 4.00%, 5.00%; days: Monday, Wednesday, Friday)...

████████████████████████████████████████████████████████████████████████████████████████████
════════════════════════════════════════════════════════════════════════════════════════════
  TSLA  —  level thresholds ±0.50% / 0.75% / 1.00% / 1.25% / 1.50% / 2.00% / 2.50% / 3.00% / 3.50% / 4.00% / 5.00%   (prior-day close baseline → scan-day touch)
════════════════════════════════════════════════════════════════════════════════════════════

  ──────── MONDAY  (baseline = prior Friday 3:50–55 PM) ────────
     Mondays analyzed: 95   skipped (no data): 9   (7 week(s) used an earlier baseline — holiday)

     ── ±0.5% level ──
        base ref sessions        +0.5% hit        -0.5% hit            Both         Neither
     ----------- --------   --------------   --------------   -------------   -------------
         3:50 PM       95       71 (74.7%)       59 (62.1%)      35 (36.8%)        0 (0.0%)  
         3:51 PM       95       71 (74.7%)       59 (62.1%)      35 (36.8%)        0 (0.0%)  
         3:52 PM       95       71 (74.7%)       59 (62.1%)      35 (36.8%)        0 (0.0%)  
         3:53 PM       95       71 (74.7%)       59 (62.1%)      35 (36.8%)        0 (0.0%) ◀
         3:54 PM       95       70 (73.7%)       58 (61.1%)      33 (34.7%)        0 (0.0%)  
         3:55 PM       95       71 (74.7%)       61 (64.2%)      37 (38.9%)        0 (0.0%)  
     3:50–55 avg       95       71 (74.7%)       59 (62.1%)      35 (36.8%)        0 (0.0%)  

     ── ±0.75% level ──
        base ref sessions       +0.75% hit       -0.75% hit            Both         Neither
     ----------- --------   --------------   --------------   -------------   -------------
         3:50 PM       95       69 (72.6%)       57 (60.0%)      31 (32.6%)        0 (0.0%)  
         3:51 PM       95       70 (73.7%)       56 (58.9%)      31 (32.6%)        0 (0.0%)  
         3:52 PM       95       70 (73.7%)       56 (58.9%)      31 (32.6%)        0 (0.0%)  
         3:53 PM       95       69 (72.6%)       57 (60.0%)      31 (32.6%)        0 (0.0%) ◀
         3:54 PM       95       69 (72.6%)       56 (58.9%)      30 (31.6%)        0 (0.0%)  
         3:55 PM       95       69 (72.6%)       56 (58.9%)      30 (31.6%)        0 (0.0%)  
     3:50–55 avg       95       70 (73.7%)       56 (58.9%)      31 (32.6%)        0 (0.0%)  

     ── ±1% level ──
        base ref sessions          +1% hit          -1% hit            Both         Neither
     ----------- --------   --------------   --------------   -------------   -------------
         3:50 PM       95       66 (69.5%)       56 (58.9%)      27 (28.4%)        0 (0.0%)  
         3:51 PM       95       69 (72.6%)       55 (57.9%)      29 (30.5%)        0 (0.0%)  
         3:52 PM       95       69 (72.6%)       56 (58.9%)      30 (31.6%)        0 (0.0%)  
         3:53 PM       95       68 (71.6%)       56 (58.9%)      29 (30.5%)        0 (0.0%) ◀
         3:54 PM       95       68 (71.6%)       56 (58.9%)      29 (30.5%)        0 (0.0%)  
         3:55 PM       95       68 (71.6%)       55 (57.9%)      28 (29.5%)        0 (0.0%)  
     3:50–55 avg       95       67 (70.5%)       56 (58.9%)      28 (29.5%)        0 (0.0%)  

     ── ±1.25% level ──
        base ref sessions       +1.25% hit       -1.25% hit            Both         Neither
     ----------- --------   --------------   --------------   -------------   -------------
         3:50 PM       95       65 (68.4%)       53 (55.8%)      23 (24.2%)        0 (0.0%)  
         3:51 PM       95       65 (68.4%)       53 (55.8%)      23 (24.2%)        0 (0.0%)  
         3:52 PM       95       65 (68.4%)       54 (56.8%)      24 (25.3%)        0 (0.0%)  
         3:53 PM       95       66 (69.5%)       54 (56.8%)      25 (26.3%)        0 (0.0%) ◀
         3:54 PM       95       66 (69.5%)       53 (55.8%)      24 (25.3%)        0 (0.0%)  
         3:55 PM       95       64 (67.4%)       53 (55.8%)      23 (24.2%)        1 (1.1%)  
     3:50–55 avg       95       66 (69.5%)       54 (56.8%)      25 (26.3%)        0 (0.0%)  

     ── ±1.5% level ──
        base ref sessions        +1.5% hit        -1.5% hit            Both         Neither
     ----------- --------   --------------   --------------   -------------   -------------
         3:50 PM       95       63 (66.3%)       51 (53.7%)      20 (21.1%)        1 (1.1%)  
         3:51 PM       95       63 (66.3%)       51 (53.7%)      20 (21.1%)        1 (1.1%)  
         3:52 PM       95       64 (67.4%)       49 (51.6%)      19 (20.0%)        1 (1.1%)  
         3:53 PM       95       64 (67.4%)       51 (53.7%)      21 (22.1%)        1 (1.1%) ◀
         3:54 PM       95       61 (64.2%)       51 (53.7%)      19 (20.0%)        2 (2.1%)  
         3:55 PM       95       61 (64.2%)       50 (52.6%)      18 (18.9%)        2 (2.1%)  
     3:50–55 avg       95       64 (67.4%)       51 (53.7%)      21 (22.1%)        1 (1.1%)  

     ── ±2% level ──
        base ref sessions          +2% hit          -2% hit            Both         Neither
     ----------- --------   --------------   --------------   -------------   -------------
         3:50 PM       95       52 (54.7%)       41 (43.2%)        7 (7.4%)        9 (9.5%)  
         3:51 PM       95       52 (54.7%)       42 (44.2%)        8 (8.4%)        9 (9.5%)  
         3:52 PM       95       53 (55.8%)       44 (46.3%)      10 (10.5%)        8 (8.4%)  
         3:53 PM       95       53 (55.8%)       44 (46.3%)        9 (9.5%)        7 (7.4%) ◀
         3:54 PM       95       53 (55.8%)       46 (48.4%)        9 (9.5%)        5 (5.3%)  
         3:55 PM       95       53 (55.8%)       46 (48.4%)      10 (10.5%)        6 (6.3%)  
     3:50–55 avg       95       53 (55.8%)       44 (46.3%)        9 (9.5%)        7 (7.4%)  

     ── ±2.5% level ──
        base ref sessions        +2.5% hit        -2.5% hit            Both         Neither
     ----------- --------   --------------   --------------   -------------   -------------
         3:50 PM       95       47 (49.5%)       37 (38.9%)        4 (4.2%)      15 (15.8%)  
         3:51 PM       95       48 (50.5%)       36 (37.9%)        5 (5.3%)      16 (16.8%)  
         3:52 PM       95       47 (49.5%)       36 (37.9%)        4 (4.2%)      16 (16.8%)  
         3:53 PM       95       46 (48.4%)       38 (40.0%)        4 (4.2%)      15 (15.8%) ◀
         3:54 PM       95       46 (48.4%)       38 (40.0%)        5 (5.3%)      16 (16.8%)  
         3:55 PM       95       48 (50.5%)       40 (42.1%)        6 (6.3%)      13 (13.7%)  
     3:50–55 avg       95       47 (49.5%)       37 (38.9%)        4 (4.2%)      15 (15.8%)  

     ── ±3% level ──
        base ref sessions          +3% hit          -3% hit            Both         Neither
     ----------- --------   --------------   --------------   -------------   -------------
         3:50 PM       95       41 (43.2%)       35 (36.8%)        4 (4.2%)      23 (24.2%)  
         3:51 PM       95       42 (44.2%)       33 (34.7%)        4 (4.2%)      24 (25.3%)  
         3:52 PM       95       42 (44.2%)       33 (34.7%)        4 (4.2%)      24 (25.3%)  
         3:53 PM       95       41 (43.2%)       33 (34.7%)        4 (4.2%)      25 (26.3%) ◀
         3:54 PM       95       41 (43.2%)       35 (36.8%)        4 (4.2%)      23 (24.2%)  
         3:55 PM       95       38 (40.0%)       35 (36.8%)        4 (4.2%)      26 (27.4%)  
     3:50–55 avg       95       42 (44.2%)       34 (35.8%)        4 (4.2%)      23 (24.2%)  

     ── ±3.5% level ──
        base ref sessions        +3.5% hit        -3.5% hit            Both         Neither
     ----------- --------   --------------   --------------   -------------   -------------
         3:50 PM       95       35 (36.8%)       28 (29.5%)        4 (4.2%)      36 (37.9%)  
         3:51 PM       95       36 (37.9%)       28 (29.5%)        4 (4.2%)      35 (36.8%)  
         3:52 PM       95       36 (37.9%)       29 (30.5%)        4 (4.2%)      34 (35.8%)  
         3:53 PM       95       35 (36.8%)       29 (30.5%)        4 (4.2%)      35 (36.8%) ◀
         3:54 PM       95       34 (35.8%)       30 (31.6%)        3 (3.2%)      34 (35.8%)  
         3:55 PM       95       34 (35.8%)       29 (30.5%)        3 (3.2%)      35 (36.8%)  
     3:50–55 avg       95       36 (37.9%)       29 (30.5%)        4 (4.2%)      34 (35.8%)  

     ── ±4% level ──
        base ref sessions          +4% hit          -4% hit            Both         Neither
     ----------- --------   --------------   --------------   -------------   -------------
         3:50 PM       95       32 (33.7%)       21 (22.1%)        2 (2.1%)      44 (46.3%)  
         3:51 PM       95       33 (34.7%)       21 (22.1%)        3 (3.2%)      44 (46.3%)  
         3:52 PM       95       31 (32.6%)       20 (21.1%)        3 (3.2%)      47 (49.5%)  
         3:53 PM       95       31 (32.6%)       20 (21.1%)        3 (3.2%)      47 (49.5%) ◀
         3:54 PM       95       29 (30.5%)       22 (23.2%)        2 (2.1%)      46 (48.4%)  
         3:55 PM       95       30 (31.6%)       19 (20.0%)        3 (3.2%)      49 (51.6%)  
     3:50–55 avg       95       31 (32.6%)       21 (22.1%)        3 (3.2%)      46 (48.4%)  

     ── ±5% level ──
        base ref sessions          +5% hit          -5% hit            Both         Neither
     ----------- --------   --------------   --------------   -------------   -------------
         3:50 PM       95       20 (21.1%)         6 (6.3%)        0 (0.0%)      69 (72.6%)  
         3:51 PM       95       20 (21.1%)         6 (6.3%)        0 (0.0%)      69 (72.6%)  
         3:52 PM       95       21 (22.1%)         6 (6.3%)        1 (1.1%)      69 (72.6%)  
         3:53 PM       95       20 (21.1%)         6 (6.3%)        1 (1.1%)      70 (73.7%) ◀
         3:54 PM       95       18 (18.9%)         8 (8.4%)        0 (0.0%)      69 (72.6%)  
         3:55 PM       95       19 (20.0%)         6 (6.3%)        1 (1.1%)      71 (74.7%)  
     3:50–55 avg       95       19 (20.0%)         6 (6.3%)        0 (0.0%)      70 (73.7%)  

     ── swings (same for all thresholds; % of reference, $ in brackets) ──
        base ref        avg up swing     avg down swing       max up swing     max down swing
     -----------   -----------------  -----------------  -----------------  -----------------
         3:50 PM      +2.76% ($9.78)     -1.61% ($5.42)   +12.31% ($30.54)   -10.97% ($26.41)
         3:51 PM      +2.76% ($9.80)     -1.60% ($5.40)   +12.30% ($30.52)   -10.84% ($26.07)
         3:52 PM      +2.77% ($9.81)     -1.60% ($5.39)   +12.29% ($30.50)   -10.57% ($25.33)
         3:53 PM      +2.73% ($9.69)     -1.64% ($5.51)   +12.33% ($30.59)   -10.68% ($25.62)
         3:54 PM      +2.65% ($9.47)     -1.71% ($5.73)   +11.94% ($29.71)   -10.88% ($26.18)
         3:55 PM      +2.66% ($9.48)     -1.70% ($5.72)   +12.54% ($31.04)   -10.45% ($25.02)
     3:50–55 avg      +2.72% ($9.67)     -1.64% ($5.53)   +12.28% ($30.48)   -10.73% ($25.77)

     Steadiest baseline  (avg |dev from 3:50–55 mean|, lower = steadier):
       3:53 PM $0.263 ◀    3:52 PM $0.297    3:51 PM $0.393    3:54 PM $0.477    3:50 PM $0.482    3:55 PM $0.630
     → Recommended Monday baseline: 3:53 PM

  ──────── WEDNESDAY  (baseline = prior Tuesday 3:50–55 PM) ────────
     Wednesdays analyzed: 103   skipped (no data): 2

     ── ±0.5% level ──
        base ref sessions        +0.5% hit        -0.5% hit            Both         Neither
     ----------- --------   --------------   --------------   -------------   -------------
         3:50 PM      103       84 (81.6%)       68 (66.0%)      49 (47.6%)        0 (0.0%)  
         3:51 PM      103       84 (81.6%)       69 (67.0%)      50 (48.5%)        0 (0.0%)  
         3:52 PM      103       83 (80.6%)       69 (67.0%)      49 (47.6%)        0 (0.0%) ◀
         3:53 PM      103       84 (81.6%)       68 (66.0%)      49 (47.6%)        0 (0.0%)  
         3:54 PM      103       83 (80.6%)       69 (67.0%)      49 (47.6%)        0 (0.0%)  
         3:55 PM      103       82 (79.6%)       68 (66.0%)      47 (45.6%)        0 (0.0%)  
     3:50–55 avg      103       84 (81.6%)       68 (66.0%)      49 (47.6%)        0 (0.0%)  

     ── ±0.75% level ──
        base ref sessions       +0.75% hit       -0.75% hit            Both         Neither
     ----------- --------   --------------   --------------   -------------   -------------
         3:50 PM      103       80 (77.7%)       62 (60.2%)      39 (37.9%)        0 (0.0%)  
         3:51 PM      103       81 (78.6%)       64 (62.1%)      42 (40.8%)        0 (0.0%)  
         3:52 PM      103       81 (78.6%)       63 (61.2%)      41 (39.8%)        0 (0.0%) ◀
         3:53 PM      103       80 (77.7%)       64 (62.1%)      41 (39.8%)        0 (0.0%)  
         3:54 PM      103       77 (74.8%)       62 (60.2%)      36 (35.0%)        0 (0.0%)  
         3:55 PM      103       78 (75.7%)       64 (62.1%)      39 (37.9%)        0 (0.0%)  
     3:50–55 avg      103       81 (78.6%)       63 (61.2%)      41 (39.8%)        0 (0.0%)  

     ── ±1% level ──
        base ref sessions          +1% hit          -1% hit            Both         Neither
     ----------- --------   --------------   --------------   -------------   -------------
         3:50 PM      103       71 (68.9%)       60 (58.3%)      28 (27.2%)        0 (0.0%)  
         3:51 PM      103       73 (70.9%)       56 (54.4%)      26 (25.2%)        0 (0.0%)  
         3:52 PM      103       70 (68.0%)       58 (56.3%)      25 (24.3%)        0 (0.0%) ◀
         3:53 PM      103       70 (68.0%)       58 (56.3%)      25 (24.3%)        0 (0.0%)  
         3:54 PM      103       67 (65.0%)       59 (57.3%)      23 (22.3%)        0 (0.0%)  
         3:55 PM      103       69 (67.0%)       57 (55.3%)      23 (22.3%)        0 (0.0%)  
     3:50–55 avg      103       70 (68.0%)       58 (56.3%)      25 (24.3%)        0 (0.0%)  

     ── ±1.25% level ──
        base ref sessions       +1.25% hit       -1.25% hit            Both         Neither
     ----------- --------   --------------   --------------   -------------   -------------
         3:50 PM      103       67 (65.0%)       53 (51.5%)      19 (18.4%)        2 (1.9%)  
         3:51 PM      103       63 (61.2%)       53 (51.5%)      15 (14.6%)        2 (1.9%)  
         3:52 PM      103       64 (62.1%)       52 (50.5%)      15 (14.6%)        2 (1.9%) ◀
         3:53 PM      103       65 (63.1%)       55 (53.4%)      19 (18.4%)        2 (1.9%)  
         3:54 PM      103       63 (61.2%)       53 (51.5%)      15 (14.6%)        2 (1.9%)  
         3:55 PM      103       60 (58.3%)       53 (51.5%)      14 (13.6%)        4 (3.9%)  
     3:50–55 avg      103       63 (61.2%)       55 (53.4%)      17 (16.5%)        2 (1.9%)  

     ── ±1.5% level ──
        base ref sessions        +1.5% hit        -1.5% hit            Both         Neither
     ----------- --------   --------------   --------------   -------------   -------------
         3:50 PM      103       57 (55.3%)       42 (40.8%)        7 (6.8%)      11 (10.7%)  
         3:51 PM      103       59 (57.3%)       41 (39.8%)        7 (6.8%)       10 (9.7%)  
         3:52 PM      103       55 (53.4%)       42 (40.8%)        5 (4.9%)      11 (10.7%) ◀
         3:53 PM      103       55 (53.4%)       47 (45.6%)       10 (9.7%)      11 (10.7%)  
         3:54 PM      103       54 (52.4%)       49 (47.6%)        8 (7.8%)        8 (7.8%)  
         3:55 PM      103       56 (54.4%)       47 (45.6%)        9 (8.7%)        9 (8.7%)  
     3:50–55 avg      103       56 (54.4%)       45 (43.7%)        8 (7.8%)       10 (9.7%)  

     ── ±2% level ──
        base ref sessions          +2% hit          -2% hit            Both         Neither
     ----------- --------   --------------   --------------   -------------   -------------
         3:50 PM      103       49 (47.6%)       35 (34.0%)        2 (1.9%)      21 (20.4%)  
         3:51 PM      103       49 (47.6%)       35 (34.0%)        2 (1.9%)      21 (20.4%)  
         3:52 PM      103       50 (48.5%)       35 (34.0%)        2 (1.9%)      20 (19.4%) ◀
         3:53 PM      103       49 (47.6%)       35 (34.0%)        2 (1.9%)      21 (20.4%)  
         3:54 PM      103       49 (47.6%)       35 (34.0%)        2 (1.9%)      21 (20.4%)  
         3:55 PM      103       49 (47.6%)       36 (35.0%)        2 (1.9%)      20 (19.4%)  
     3:50–55 avg      103       49 (47.6%)       35 (34.0%)        2 (1.9%)      21 (20.4%)  

     ── ±2.5% level ──
        base ref sessions        +2.5% hit        -2.5% hit            Both         Neither
     ----------- --------   --------------   --------------   -------------   -------------
         3:50 PM      103       42 (40.8%)       30 (29.1%)        2 (1.9%)      33 (32.0%)  
         3:51 PM      103       43 (41.7%)       30 (29.1%)        2 (1.9%)      32 (31.1%)  
         3:52 PM      103       44 (42.7%)       31 (30.1%)        2 (1.9%)      30 (29.1%) ◀
         3:53 PM      103       41 (39.8%)       30 (29.1%)        2 (1.9%)      34 (33.0%)  
         3:54 PM      103       41 (39.8%)       31 (30.1%)        1 (1.0%)      32 (31.1%)  
         3:55 PM      103       41 (39.8%)       31 (30.1%)        1 (1.0%)      32 (31.1%)  
     3:50–55 avg      103       42 (40.8%)       31 (30.1%)        1 (1.0%)      31 (30.1%)  

     ── ±3% level ──
        base ref sessions          +3% hit          -3% hit            Both         Neither
     ----------- --------   --------------   --------------   -------------   -------------
         3:50 PM      103       32 (31.1%)       25 (24.3%)        1 (1.0%)      47 (45.6%)  
         3:51 PM      103       32 (31.1%)       24 (23.3%)        1 (1.0%)      48 (46.6%)  
         3:52 PM      103       33 (32.0%)       23 (22.3%)        1 (1.0%)      48 (46.6%) ◀
         3:53 PM      103       33 (32.0%)       23 (22.3%)        1 (1.0%)      48 (46.6%)  
         3:54 PM      103       34 (33.0%)       23 (22.3%)        1 (1.0%)      47 (45.6%)  
         3:55 PM      103       33 (32.0%)       25 (24.3%)        1 (1.0%)      46 (44.7%)  
     3:50–55 avg      103       33 (32.0%)       23 (22.3%)        1 (1.0%)      48 (46.6%)  

     ── ±3.5% level ──
        base ref sessions        +3.5% hit        -3.5% hit            Both         Neither
     ----------- --------   --------------   --------------   -------------   -------------
         3:50 PM      103       26 (25.2%)       19 (18.4%)        1 (1.0%)      59 (57.3%)  
         3:51 PM      103       27 (26.2%)       18 (17.5%)        1 (1.0%)      59 (57.3%)  
         3:52 PM      103       27 (26.2%)       17 (16.5%)        1 (1.0%)      60 (58.3%) ◀
         3:53 PM      103       28 (27.2%)       17 (16.5%)        1 (1.0%)      59 (57.3%)  
         3:54 PM      103       28 (27.2%)       17 (16.5%)        1 (1.0%)      59 (57.3%)  
         3:55 PM      103       30 (29.1%)       16 (15.5%)        1 (1.0%)      58 (56.3%)  
     3:50–55 avg      103       28 (27.2%)       17 (16.5%)        1 (1.0%)      59 (57.3%)  

     ── ±4% level ──
        base ref sessions          +4% hit          -4% hit            Both         Neither
     ----------- --------   --------------   --------------   -------------   -------------
         3:50 PM      103       22 (21.4%)       15 (14.6%)        1 (1.0%)      67 (65.0%)  
         3:51 PM      103       23 (22.3%)       15 (14.6%)        1 (1.0%)      66 (64.1%)  
         3:52 PM      103       23 (22.3%)       15 (14.6%)        1 (1.0%)      66 (64.1%) ◀
         3:53 PM      103       22 (21.4%)       15 (14.6%)        1 (1.0%)      67 (65.0%)  
         3:54 PM      103       22 (21.4%)       15 (14.6%)        1 (1.0%)      67 (65.0%)  
         3:55 PM      103       22 (21.4%)       15 (14.6%)        1 (1.0%)      67 (65.0%)  
     3:50–55 avg      103       23 (22.3%)       15 (14.6%)        1 (1.0%)      66 (64.1%)  

     ── ±5% level ──
        base ref sessions          +5% hit          -5% hit            Both         Neither
     ----------- --------   --------------   --------------   -------------   -------------
         3:50 PM      103       13 (12.6%)         8 (7.8%)        1 (1.0%)      83 (80.6%)  
         3:51 PM      103       14 (13.6%)         7 (6.8%)        1 (1.0%)      83 (80.6%)  
         3:52 PM      103       14 (13.6%)         8 (7.8%)        1 (1.0%)      82 (79.6%) ◀
         3:53 PM      103       13 (12.6%)         9 (8.7%)        1 (1.0%)      82 (79.6%)  
         3:54 PM      103       12 (11.7%)         8 (7.8%)        1 (1.0%)      84 (81.6%)  
         3:55 PM      103       12 (11.7%)        10 (9.7%)        1 (1.0%)      82 (79.6%)  
     3:50–55 avg      103       14 (13.6%)         8 (7.8%)        1 (1.0%)      82 (79.6%)  

     ── swings (same for all thresholds; % of reference, $ in brackets) ──
        base ref        avg up swing     avg down swing       max up swing     max down swing
     -----------   -----------------  -----------------  -----------------  -----------------
         3:50 PM      +2.59% ($8.60)     -1.58% ($5.74)   +25.65% ($56.05)   -11.23% ($54.03)
         3:51 PM      +2.60% ($8.65)     -1.57% ($5.69)   +25.18% ($55.23)   -11.24% ($54.11)
         3:52 PM      +2.60% ($8.64)     -1.57% ($5.70)   +24.76% ($54.49)   -11.39% ($54.88)
         3:53 PM      +2.57% ($8.57)     -1.59% ($5.77)   +24.42% ($53.89)   -11.40% ($54.96)
         3:54 PM      +2.54% ($8.46)     -1.63% ($5.88)   +23.59% ($52.40)   -11.38% ($54.85)
         3:55 PM      +2.58% ($8.59)     -1.59% ($5.75)   +24.19% ($53.48)   -11.11% ($53.38)
     3:50–55 avg      +2.58% ($8.58)     -1.59% ($5.76)   +24.63% ($54.26)   -11.29% ($54.37)

     Steadiest baseline  (avg |dev from 3:50–55 mean|, lower = steadier):
       3:52 PM $0.255 ◀    3:53 PM $0.260    3:51 PM $0.313    3:50 PM $0.359    3:54 PM $0.365    3:55 PM $0.559
     → Recommended Wednesday baseline: 3:52 PM

  ──────── FRIDAY  (baseline = prior Thursday 3:50–55 PM) ────────
     Fridays analyzed: 99   skipped (no data): 5   (6 week(s) used an earlier baseline — holiday)

     ── ±0.5% level ──
        base ref sessions        +0.5% hit        -0.5% hit            Both         Neither
     ----------- --------   --------------   --------------   -------------   -------------
         3:50 PM       99       82 (82.8%)       65 (65.7%)      48 (48.5%)        0 (0.0%)  
         3:51 PM       99       84 (84.8%)       66 (66.7%)      51 (51.5%)        0 (0.0%)  
         3:52 PM       99       84 (84.8%)       66 (66.7%)      51 (51.5%)        0 (0.0%) ◀
         3:53 PM       99       84 (84.8%)       65 (65.7%)      50 (50.5%)        0 (0.0%)  
         3:54 PM       99       82 (82.8%)       65 (65.7%)      48 (48.5%)        0 (0.0%)  
         3:55 PM       99       83 (83.8%)       67 (67.7%)      51 (51.5%)        0 (0.0%)  
     3:50–55 avg       99       83 (83.8%)       65 (65.7%)      49 (49.5%)        0 (0.0%)  

     ── ±0.75% level ──
        base ref sessions       +0.75% hit       -0.75% hit            Both         Neither
     ----------- --------   --------------   --------------   -------------   -------------
         3:50 PM       99       76 (76.8%)       61 (61.6%)      38 (38.4%)        0 (0.0%)  
         3:51 PM       99       77 (77.8%)       60 (60.6%)      38 (38.4%)        0 (0.0%)  
         3:52 PM       99       80 (80.8%)       61 (61.6%)      42 (42.4%)        0 (0.0%) ◀
         3:53 PM       99       77 (77.8%)       59 (59.6%)      38 (38.4%)        1 (1.0%)  
         3:54 PM       99       77 (77.8%)       61 (61.6%)      40 (40.4%)        1 (1.0%)  
         3:55 PM       99       77 (77.8%)       59 (59.6%)      38 (38.4%)        1 (1.0%)  
     3:50–55 avg       99       76 (76.8%)       59 (59.6%)      37 (37.4%)        1 (1.0%)  

     ── ±1% level ──
        base ref sessions          +1% hit          -1% hit            Both         Neither
     ----------- --------   --------------   --------------   -------------   -------------
         3:50 PM       99       73 (73.7%)       56 (56.6%)      31 (31.3%)        1 (1.0%)  
         3:51 PM       99       73 (73.7%)       56 (56.6%)      31 (31.3%)        1 (1.0%)  
         3:52 PM       99       73 (73.7%)       57 (57.6%)      32 (32.3%)        1 (1.0%) ◀
         3:53 PM       99       74 (74.7%)       56 (56.6%)      32 (32.3%)        1 (1.0%)  
         3:54 PM       99       73 (73.7%)       56 (56.6%)      31 (31.3%)        1 (1.0%)  
         3:55 PM       99       71 (71.7%)       56 (56.6%)      29 (29.3%)        1 (1.0%)  
     3:50–55 avg       99       72 (72.7%)       57 (57.6%)      31 (31.3%)        1 (1.0%)  

     ── ±1.25% level ──
        base ref sessions       +1.25% hit       -1.25% hit            Both         Neither
     ----------- --------   --------------   --------------   -------------   -------------
         3:50 PM       99       68 (68.7%)       51 (51.5%)      22 (22.2%)        2 (2.0%)  
         3:51 PM       99       71 (71.7%)       50 (50.5%)      24 (24.2%)        2 (2.0%)  
         3:52 PM       99       70 (70.7%)       49 (49.5%)      22 (22.2%)        2 (2.0%) ◀
         3:53 PM       99       72 (72.7%)       49 (49.5%)      24 (24.2%)        2 (2.0%)  
         3:54 PM       99       70 (70.7%)       51 (51.5%)      25 (25.3%)        3 (3.0%)  
         3:55 PM       99       68 (68.7%)       52 (52.5%)      25 (25.3%)        4 (4.0%)  
     3:50–55 avg       99       71 (71.7%)       50 (50.5%)      24 (24.2%)        2 (2.0%)  

     ── ±1.5% level ──
        base ref sessions        +1.5% hit        -1.5% hit            Both         Neither
     ----------- --------   --------------   --------------   -------------   -------------
         3:50 PM       99       63 (63.6%)       45 (45.5%)      16 (16.2%)        7 (7.1%)  
         3:51 PM       99       64 (64.6%)       45 (45.5%)      15 (15.2%)        5 (5.1%)  
         3:52 PM       99       64 (64.6%)       44 (44.4%)      15 (15.2%)        6 (6.1%) ◀
         3:53 PM       99       65 (65.7%)       45 (45.5%)      16 (16.2%)        5 (5.1%)  
         3:54 PM       99       64 (64.6%)       45 (45.5%)      16 (16.2%)        6 (6.1%)  
         3:55 PM       99       63 (63.6%)       44 (44.4%)      15 (15.2%)        7 (7.1%)  
     3:50–55 avg       99       65 (65.7%)       44 (44.4%)      15 (15.2%)        5 (5.1%)  

     ── ±2% level ──
        base ref sessions          +2% hit          -2% hit            Both         Neither
     ----------- --------   --------------   --------------   -------------   -------------
         3:50 PM       99       55 (55.6%)       40 (40.4%)        8 (8.1%)      12 (12.1%)  
         3:51 PM       99       54 (54.5%)       41 (41.4%)        8 (8.1%)      12 (12.1%)  
         3:52 PM       99       56 (56.6%)       40 (40.4%)        8 (8.1%)      11 (11.1%) ◀
         3:53 PM       99       53 (53.5%)       40 (40.4%)        6 (6.1%)      12 (12.1%)  
         3:54 PM       99       53 (53.5%)       40 (40.4%)        7 (7.1%)      13 (13.1%)  
         3:55 PM       99       52 (52.5%)       40 (40.4%)        7 (7.1%)      14 (14.1%)  
     3:50–55 avg       99       54 (54.5%)       40 (40.4%)        7 (7.1%)      12 (12.1%)  

     ── ±2.5% level ──
        base ref sessions        +2.5% hit        -2.5% hit            Both         Neither
     ----------- --------   --------------   --------------   -------------   -------------
         3:50 PM       99       46 (46.5%)       36 (36.4%)        3 (3.0%)      20 (20.2%)  
         3:51 PM       99       46 (46.5%)       36 (36.4%)        3 (3.0%)      20 (20.2%)  
         3:52 PM       99       46 (46.5%)       35 (35.4%)        3 (3.0%)      21 (21.2%) ◀
         3:53 PM       99       46 (46.5%)       35 (35.4%)        3 (3.0%)      21 (21.2%)  
         3:54 PM       99       46 (46.5%)       36 (36.4%)        3 (3.0%)      20 (20.2%)  
         3:55 PM       99       46 (46.5%)       35 (35.4%)        2 (2.0%)      20 (20.2%)  
     3:50–55 avg       99       47 (47.5%)       35 (35.4%)        4 (4.0%)      21 (21.2%)  

     ── ±3% level ──
        base ref sessions          +3% hit          -3% hit            Both         Neither
     ----------- --------   --------------   --------------   -------------   -------------
         3:50 PM       99       42 (42.4%)       30 (30.3%)        3 (3.0%)      30 (30.3%)  
         3:51 PM       99       43 (43.4%)       30 (30.3%)        3 (3.0%)      29 (29.3%)  
         3:52 PM       99       39 (39.4%)       30 (30.3%)        1 (1.0%)      31 (31.3%) ◀
         3:53 PM       99       40 (40.4%)       31 (31.3%)        2 (2.0%)      30 (30.3%)  
         3:54 PM       99       40 (40.4%)       32 (32.3%)        3 (3.0%)      30 (30.3%)  
         3:55 PM       99       40 (40.4%)       29 (29.3%)        1 (1.0%)      31 (31.3%)  
     3:50–55 avg       99       39 (39.4%)       30 (30.3%)        1 (1.0%)      31 (31.3%)  

     ── ±3.5% level ──
        base ref sessions        +3.5% hit        -3.5% hit            Both         Neither
     ----------- --------   --------------   --------------   -------------   -------------
         3:50 PM       99       35 (35.4%)       23 (23.2%)        0 (0.0%)      41 (41.4%)  
         3:51 PM       99       35 (35.4%)       24 (24.2%)        0 (0.0%)      40 (40.4%)  
         3:52 PM       99       37 (37.4%)       25 (25.3%)        1 (1.0%)      38 (38.4%) ◀
         3:53 PM       99       37 (37.4%)       22 (22.2%)        0 (0.0%)      40 (40.4%)  
         3:54 PM       99       37 (37.4%)       22 (22.2%)        0 (0.0%)      40 (40.4%)  
         3:55 PM       99       37 (37.4%)       23 (23.2%)        0 (0.0%)      39 (39.4%)  
     3:50–55 avg       99       37 (37.4%)       23 (23.2%)        0 (0.0%)      39 (39.4%)  

     ── ±4% level ──
        base ref sessions          +4% hit          -4% hit            Both         Neither
     ----------- --------   --------------   --------------   -------------   -------------
         3:50 PM       99       26 (26.3%)       17 (17.2%)        0 (0.0%)      56 (56.6%)  
         3:51 PM       99       27 (27.3%)       17 (17.2%)        0 (0.0%)      55 (55.6%)  
         3:52 PM       99       27 (27.3%)       16 (16.2%)        0 (0.0%)      56 (56.6%) ◀
         3:53 PM       99       27 (27.3%)       17 (17.2%)        0 (0.0%)      55 (55.6%)  
         3:54 PM       99       28 (28.3%)       18 (18.2%)        0 (0.0%)      53 (53.5%)  
         3:55 PM       99       28 (28.3%)       19 (19.2%)        0 (0.0%)      52 (52.5%)  
     3:50–55 avg       99       27 (27.3%)       17 (17.2%)        0 (0.0%)      55 (55.6%)  

     ── ±5% level ──
        base ref sessions          +5% hit          -5% hit            Both         Neither
     ----------- --------   --------------   --------------   -------------   -------------
         3:50 PM       99       17 (17.2%)         9 (9.1%)        0 (0.0%)      73 (73.7%)  
         3:51 PM       99       18 (18.2%)         9 (9.1%)        0 (0.0%)      72 (72.7%)  
         3:52 PM       99       18 (18.2%)         8 (8.1%)        0 (0.0%)      73 (73.7%) ◀
         3:53 PM       99       17 (17.2%)         8 (8.1%)        0 (0.0%)      74 (74.7%)  
         3:54 PM       99       17 (17.2%)         8 (8.1%)        0 (0.0%)      74 (74.7%)  
         3:55 PM       99       16 (16.2%)         9 (9.1%)        0 (0.0%)      74 (74.7%)  
     3:50–55 avg       99       17 (17.2%)         8 (8.1%)        0 (0.0%)      74 (74.7%)  

     ── swings (same for all thresholds; % of reference, $ in brackets) ──
        base ref        avg up swing     avg down swing       max up swing     max down swing
     -----------   -----------------  -----------------  -----------------  -----------------
         3:50 PM      +2.61% ($8.89)     -1.81% ($6.51)   +11.23% ($28.95)   -11.31% ($30.11)
         3:51 PM      +2.64% ($9.00)     -1.78% ($6.41)   +11.38% ($29.30)   -11.47% ($30.57)
         3:52 PM      +2.64% ($9.01)     -1.78% ($6.39)   +11.12% ($28.71)   -11.74% ($31.39)
         3:53 PM      +2.63% ($8.99)     -1.79% ($6.42)   +10.95% ($28.30)   -11.90% ($31.89)
         3:54 PM      +2.63% ($8.97)     -1.79% ($6.44)   +10.81% ($27.98)   -11.91% ($31.91)
         3:55 PM      +2.58% ($8.83)     -1.83% ($6.57)   +10.92% ($28.25)   -12.01% ($32.20)
     3:50–55 avg      +2.62% ($8.95)     -1.80% ($6.46)   +11.07% ($28.58)   -11.72% ($31.34)

     Steadiest baseline  (avg |dev from 3:50–55 mean|, lower = steadier):
       3:52 PM $0.249 ◀    3:53 PM $0.255    3:51 PM $0.353    3:54 PM $0.406    3:50 PM $0.423    3:55 PM $0.573
     → Recommended Friday baseline: 3:52 PM

  ░░ DAY COMPARISON — up% / down% / neither% at each day's recommended baseline ░░
      pct           Monday                  Wednesday                   Friday         
  -------  ------------------------  ------------------------  ------------------------
    0.5%       75% / 62% / 0%            81% / 67% / 0%            85% / 67% / 0%     
   0.75%       73% / 60% / 0%            79% / 61% / 0%            81% / 62% / 0%     
      1%       72% / 59% / 0%            68% / 56% / 0%            74% / 58% / 1%     
   1.25%       69% / 57% / 0%            62% / 50% / 2%            71% / 49% / 2%     
    1.5%       67% / 54% / 1%           53% / 41% / 11%            65% / 44% / 6%     
      2%       56% / 46% / 7%           49% / 34% / 19%           57% / 40% / 11%     
    2.5%      48% / 40% / 16%           43% / 30% / 29%           46% / 35% / 21%     
      3%      43% / 35% / 26%           32% / 22% / 47%           39% / 30% / 31%     
    3.5%      37% / 31% / 37%           26% / 17% / 58%           37% / 25% / 38%     
      4%      33% / 21% / 49%           22% / 15% / 64%           27% / 16% / 57%     
      5%       21% / 6% / 74%            14% / 8% / 80%            18% / 8% / 74%     
  -------  ------------------------  ------------------------  ------------------------
    swing      +2.73% / -1.64%           +2.60% / -1.57%           +2.64% / -1.78%     
     base          3:53 PM                   3:52 PM                   3:52 PM         

────────────────────────────────────────────────────────────────────────────────────────────
  Saved TXT: C:\actions-runner\_work\EoD_OptionTrading\EoD_OptionTrading\results\mon-wed-fri-price-level-touch-percentage-v2\level_touch_tsla_730days_2026-08-13_1211.txt
────────────────────────────────────────────────────────────────────────────────────────────

████████████████████████████████████████████████████████████████████████████████████████████
════════════════════════════════════════════════════════════════════════════════════════════
  AAPL  —  level thresholds ±0.50% / 0.75% / 1.00% / 1.25% / 1.50% / 2.00% / 2.50% / 3.00% / 3.50% / 4.00% / 5.00%   (prior-day close baseline → scan-day touch)
════════════════════════════════════════════════════════════════════════════════════════════

  ──────── MONDAY  (baseline = prior Friday 3:50–55 PM) ────────
     Mondays analyzed: 95   skipped (no data): 9   (7 week(s) used an earlier baseline — holiday)

     ── ±0.5% level ──
        base ref sessions        +0.5% hit        -0.5% hit            Both         Neither
     ----------- --------   --------------   --------------   -------------   -------------
         3:50 PM       95       61 (64.2%)       56 (58.9%)      24 (25.3%)        2 (2.1%)  
         3:51 PM       95       62 (65.3%)       54 (56.8%)      22 (23.2%)        1 (1.1%)  
         3:52 PM       95       61 (64.2%)       54 (56.8%)      22 (23.2%)        2 (2.1%) ◀
         3:53 PM       95       61 (64.2%)       52 (54.7%)      20 (21.1%)        2 (2.1%)  
         3:54 PM       95       62 (65.3%)       53 (55.8%)      22 (23.2%)        2 (2.1%)  
         3:55 PM       95       59 (62.1%)       55 (57.9%)      21 (22.1%)        2 (2.1%)  
     3:50–55 avg       95       62 (65.3%)       54 (56.8%)      23 (24.2%)        2 (2.1%)  

     ── ±0.75% level ──
        base ref sessions       +0.75% hit       -0.75% hit            Both         Neither
     ----------- --------   --------------   --------------   -------------   -------------
         3:50 PM       95       58 (61.1%)       47 (49.5%)      13 (13.7%)        3 (3.2%)  
         3:51 PM       95       56 (58.9%)       46 (48.4%)      11 (11.6%)        4 (4.2%)  
         3:52 PM       95       57 (60.0%)       47 (49.5%)      13 (13.7%)        4 (4.2%) ◀
         3:53 PM       95       58 (61.1%)       48 (50.5%)      14 (14.7%)        3 (3.2%)  
         3:54 PM       95       54 (56.8%)       49 (51.6%)      14 (14.7%)        6 (6.3%)  
         3:55 PM       95       50 (52.6%)       51 (53.7%)      12 (12.6%)        6 (6.3%)  
     3:50–55 avg       95       57 (60.0%)       48 (50.5%)      14 (14.7%)        4 (4.2%)  

     ── ±1% level ──
        base ref sessions          +1% hit          -1% hit            Both         Neither
     ----------- --------   --------------   --------------   -------------   -------------
         3:50 PM       95       52 (54.7%)       42 (44.2%)        9 (9.5%)      10 (10.5%)  
         3:51 PM       95       50 (52.6%)       42 (44.2%)        7 (7.4%)      10 (10.5%)  
         3:52 PM       95       49 (51.6%)       43 (45.3%)        7 (7.4%)      10 (10.5%) ◀
         3:53 PM       95       52 (54.7%)       43 (45.3%)        9 (9.5%)        9 (9.5%)  
         3:54 PM       95       47 (49.5%)       43 (45.3%)        7 (7.4%)      12 (12.6%)  
         3:55 PM       95       48 (50.5%)       43 (45.3%)        7 (7.4%)      11 (11.6%)  
     3:50–55 avg       95       49 (51.6%)       42 (44.2%)        7 (7.4%)      11 (11.6%)  

     ── ±1.25% level ──
        base ref sessions       +1.25% hit       -1.25% hit            Both         Neither
     ----------- --------   --------------   --------------   -------------   -------------
         3:50 PM       95       47 (49.5%)       36 (37.9%)        6 (6.3%)      18 (18.9%)  
         3:51 PM       95       47 (49.5%)       38 (40.0%)        7 (7.4%)      17 (17.9%)  
         3:52 PM       95       45 (47.4%)       38 (40.0%)        6 (6.3%)      18 (18.9%) ◀
         3:53 PM       95       45 (47.4%)       38 (40.0%)        6 (6.3%)      18 (18.9%)  
         3:54 PM       95       43 (45.3%)       39 (41.1%)        5 (5.3%)      18 (18.9%)  
         3:55 PM       95       44 (46.3%)       37 (38.9%)        4 (4.2%)      18 (18.9%)  
     3:50–55 avg       95       45 (47.4%)       39 (41.1%)        7 (7.4%)      18 (18.9%)  

     ── ±1.5% level ──
        base ref sessions        +1.5% hit        -1.5% hit            Both         Neither
     ----------- --------   --------------   --------------   -------------   -------------
         3:50 PM       95       37 (38.9%)       31 (32.6%)        3 (3.2%)      30 (31.6%)  
         3:51 PM       95       38 (40.0%)       31 (32.6%)        4 (4.2%)      30 (31.6%)  
         3:52 PM       95       39 (41.1%)       31 (32.6%)        4 (4.2%)      29 (30.5%) ◀
         3:53 PM       95       38 (40.0%)       31 (32.6%)        3 (3.2%)      29 (30.5%)  
         3:54 PM       95       35 (36.8%)       33 (34.7%)        3 (3.2%)      30 (31.6%)  
         3:55 PM       95       34 (35.8%)       33 (34.7%)        3 (3.2%)      31 (32.6%)  
     3:50–55 avg       95       37 (38.9%)       33 (34.7%)        3 (3.2%)      28 (29.5%)  

     ── ±2% level ──
        base ref sessions          +2% hit          -2% hit            Both         Neither
     ----------- --------   --------------   --------------   -------------   -------------
         3:50 PM       95       27 (28.4%)       21 (22.1%)        2 (2.1%)      49 (51.6%)  
         3:51 PM       95       25 (26.3%)       20 (21.1%)        2 (2.1%)      52 (54.7%)  
         3:52 PM       95       25 (26.3%)       20 (21.1%)        2 (2.1%)      52 (54.7%) ◀
         3:53 PM       95       25 (26.3%)       20 (21.1%)        2 (2.1%)      52 (54.7%)  
         3:54 PM       95       24 (25.3%)       20 (21.1%)        2 (2.1%)      53 (55.8%)  
         3:55 PM       95       23 (24.2%)       20 (21.1%)        2 (2.1%)      54 (56.8%)  
     3:50–55 avg       95       24 (25.3%)       19 (20.0%)        2 (2.1%)      54 (56.8%)  

     ── ±2.5% level ──
        base ref sessions        +2.5% hit        -2.5% hit            Both         Neither
     ----------- --------   --------------   --------------   -------------   -------------
         3:50 PM       95       13 (13.7%)       11 (11.6%)        0 (0.0%)      71 (74.7%)  
         3:51 PM       95       13 (13.7%)       11 (11.6%)        0 (0.0%)      71 (74.7%)  
         3:52 PM       95       14 (14.7%)       12 (12.6%)        1 (1.1%)      70 (73.7%) ◀
         3:53 PM       95       14 (14.7%)       12 (12.6%)        1 (1.1%)      70 (73.7%)  
         3:54 PM       95       12 (12.6%)       11 (11.6%)        1 (1.1%)      73 (76.8%)  
         3:55 PM       95       14 (14.7%)       10 (10.5%)        1 (1.1%)      72 (75.8%)  
     3:50–55 avg       95       14 (14.7%)       10 (10.5%)        1 (1.1%)      72 (75.8%)  

     ── ±3% level ──
        base ref sessions          +3% hit          -3% hit            Both         Neither
     ----------- --------   --------------   --------------   -------------   -------------
         3:50 PM       95         8 (8.4%)         7 (7.4%)        0 (0.0%)      80 (84.2%)  
         3:51 PM       95         8 (8.4%)         7 (7.4%)        0 (0.0%)      80 (84.2%)  
         3:52 PM       95         8 (8.4%)         8 (8.4%)        0 (0.0%)      79 (83.2%) ◀
         3:53 PM       95         9 (9.5%)         7 (7.4%)        0 (0.0%)      79 (83.2%)  
         3:54 PM       95         8 (8.4%)         8 (8.4%)        0 (0.0%)      79 (83.2%)  
         3:55 PM       95         8 (8.4%)         9 (9.5%)        0 (0.0%)      78 (82.1%)  
     3:50–55 avg       95         8 (8.4%)         7 (7.4%)        0 (0.0%)      80 (84.2%)  

     ── ±3.5% level ──
        base ref sessions        +3.5% hit        -3.5% hit            Both         Neither
     ----------- --------   --------------   --------------   -------------   -------------
         3:50 PM       95         5 (5.3%)         3 (3.2%)        0 (0.0%)      87 (91.6%)  
         3:51 PM       95         6 (6.3%)         3 (3.2%)        0 (0.0%)      86 (90.5%)  
         3:52 PM       95         6 (6.3%)         3 (3.2%)        0 (0.0%)      86 (90.5%) ◀
         3:53 PM       95         6 (6.3%)         3 (3.2%)        0 (0.0%)      86 (90.5%)  
         3:54 PM       95         6 (6.3%)         4 (4.2%)        0 (0.0%)      85 (89.5%)  
         3:55 PM       95         6 (6.3%)         4 (4.2%)        0 (0.0%)      85 (89.5%)  
     3:50–55 avg       95         6 (6.3%)         3 (3.2%)        0 (0.0%)      86 (90.5%)  

     ── ±4% level ──
        base ref sessions          +4% hit          -4% hit            Both         Neither
     ----------- --------   --------------   --------------   -------------   -------------
         3:50 PM       95         5 (5.3%)         2 (2.1%)        0 (0.0%)      88 (92.6%)  
         3:51 PM       95         5 (5.3%)         2 (2.1%)        0 (0.0%)      88 (92.6%)  
         3:52 PM       95         5 (5.3%)         2 (2.1%)        0 (0.0%)      88 (92.6%) ◀
         3:53 PM       95         6 (6.3%)         2 (2.1%)        0 (0.0%)      87 (91.6%)  
         3:54 PM       95         6 (6.3%)         2 (2.1%)        0 (0.0%)      87 (91.6%)  
         3:55 PM       95         6 (6.3%)         2 (2.1%)        0 (0.0%)      87 (91.6%)  
     3:50–55 avg       95         5 (5.3%)         2 (2.1%)        0 (0.0%)      88 (92.6%)  

     ── ±5% level ──
        base ref sessions          +5% hit          -5% hit            Both         Neither
     ----------- --------   --------------   --------------   -------------   -------------
         3:50 PM       95         2 (2.1%)         1 (1.1%)        0 (0.0%)      92 (96.8%)  
         3:51 PM       95         2 (2.1%)         1 (1.1%)        0 (0.0%)      92 (96.8%)  
         3:52 PM       95         2 (2.1%)         1 (1.1%)        0 (0.0%)      92 (96.8%) ◀
         3:53 PM       95         2 (2.1%)         1 (1.1%)        0 (0.0%)      92 (96.8%)  
         3:54 PM       95         2 (2.1%)         1 (1.1%)        0 (0.0%)      92 (96.8%)  
         3:55 PM       95         2 (2.1%)         1 (1.1%)        0 (0.0%)      92 (96.8%)  
     3:50–55 avg       95         2 (2.1%)         1 (1.1%)        0 (0.0%)      92 (96.8%)  

     ── swings (same for all thresholds; % of reference, $ in brackets) ──
        base ref        avg up swing     avg down swing       max up swing     max down swing
     -----------   -----------------  -----------------  -----------------  -----------------
         3:50 PM      +1.18% ($2.85)     -0.94% ($2.35)    +7.43% ($14.73)    -7.86% ($14.90)
         3:51 PM      +1.18% ($2.85)     -0.95% ($2.36)    +7.36% ($14.59)    -7.88% ($14.93)
         3:52 PM      +1.18% ($2.87)     -0.94% ($2.34)    +7.40% ($14.68)    -7.75% ($14.68)
         3:53 PM      +1.19% ($2.87)     -0.94% ($2.34)    +7.48% ($14.81)    -7.64% ($14.45)
         3:54 PM      +1.16% ($2.81)     -0.96% ($2.40)    +7.07% ($14.06)    -7.61% ($14.38)
         3:55 PM      +1.16% ($2.81)     -0.96% ($2.40)    +7.30% ($14.48)    -7.44% ($14.04)
     3:50–55 avg      +1.17% ($2.84)     -0.95% ($2.36)    +7.34% ($14.56)    -7.70% ($14.56)

     Steadiest baseline  (avg |dev from 3:50–55 mean|, lower = steadier):
       3:52 PM $0.150 ◀    3:51 PM $0.155    3:53 PM $0.164    3:54 PM $0.194    3:50 PM $0.203    3:55 PM $0.315
     → Recommended Monday baseline: 3:52 PM

  ──────── WEDNESDAY  (baseline = prior Tuesday 3:50–55 PM) ────────
     Wednesdays analyzed: 103   skipped (no data): 2

     ── ±0.5% level ──
        base ref sessions        +0.5% hit        -0.5% hit            Both         Neither
     ----------- --------   --------------   --------------   -------------   -------------
         3:50 PM      103       70 (68.0%)       63 (61.2%)      31 (30.1%)        1 (1.0%)  
         3:51 PM      103       73 (70.9%)       60 (58.3%)      32 (31.1%)        2 (1.9%)  
         3:52 PM      103       74 (71.8%)       63 (61.2%)      35 (34.0%)        1 (1.0%) ◀
         3:53 PM      103       73 (70.9%)       62 (60.2%)      35 (34.0%)        3 (2.9%)  
         3:54 PM      103       73 (70.9%)       60 (58.3%)      32 (31.1%)        2 (1.9%)  
         3:55 PM      103       73 (70.9%)       64 (62.1%)      34 (33.0%)        0 (0.0%)  
     3:50–55 avg      103       73 (70.9%)       60 (58.3%)      33 (32.0%)        3 (2.9%)  

     ── ±0.75% level ──
        base ref sessions       +0.75% hit       -0.75% hit            Both         Neither
     ----------- --------   --------------   --------------   -------------   -------------
         3:50 PM      103       58 (56.3%)       51 (49.5%)      15 (14.6%)        9 (8.7%)  
         3:51 PM      103       60 (58.3%)       52 (50.5%)      17 (16.5%)        8 (7.8%)  
         3:52 PM      103       62 (60.2%)       51 (49.5%)      17 (16.5%)        7 (6.8%) ◀
         3:53 PM      103       60 (58.3%)       52 (50.5%)      17 (16.5%)        8 (7.8%)  
         3:54 PM      103       59 (57.3%)       53 (51.5%)      15 (14.6%)        6 (5.8%)  
         3:55 PM      103       59 (57.3%)       55 (53.4%)      18 (17.5%)        7 (6.8%)  
     3:50–55 avg      103       58 (56.3%)       52 (50.5%)      16 (15.5%)        9 (8.7%)  

     ── ±1% level ──
        base ref sessions          +1% hit          -1% hit            Both         Neither
     ----------- --------   --------------   --------------   -------------   -------------
         3:50 PM      103       46 (44.7%)       43 (41.7%)        5 (4.9%)      19 (18.4%)  
         3:51 PM      103       45 (43.7%)       45 (43.7%)        6 (5.8%)      19 (18.4%)  
         3:52 PM      103       47 (45.6%)       44 (42.7%)        4 (3.9%)      16 (15.5%) ◀
         3:53 PM      103       47 (45.6%)       44 (42.7%)        4 (3.9%)      16 (15.5%)  
         3:54 PM      103       42 (40.8%)       43 (41.7%)        4 (3.9%)      22 (21.4%)  
         3:55 PM      103       41 (39.8%)       41 (39.8%)        3 (2.9%)      24 (23.3%)  
     3:50–55 avg      103       42 (40.8%)       44 (42.7%)        4 (3.9%)      21 (20.4%)  

     ── ±1.25% level ──
        base ref sessions       +1.25% hit       -1.25% hit            Both         Neither
     ----------- --------   --------------   --------------   -------------   -------------
         3:50 PM      103       37 (35.9%)       32 (31.1%)        0 (0.0%)      34 (33.0%)  
         3:51 PM      103       36 (35.0%)       32 (31.1%)        0 (0.0%)      35 (34.0%)  
         3:52 PM      103       35 (34.0%)       33 (32.0%)        0 (0.0%)      35 (34.0%) ◀
         3:53 PM      103       33 (32.0%)       34 (33.0%)        0 (0.0%)      36 (35.0%)  
         3:54 PM      103       37 (35.9%)       33 (32.0%)        0 (0.0%)      33 (32.0%)  
         3:55 PM      103       37 (35.9%)       34 (33.0%)        0 (0.0%)      32 (31.1%)  
     3:50–55 avg      103       35 (34.0%)       33 (32.0%)        1 (1.0%)      36 (35.0%)  

     ── ±1.5% level ──
        base ref sessions        +1.5% hit        -1.5% hit            Both         Neither
     ----------- --------   --------------   --------------   -------------   -------------
         3:50 PM      103       25 (24.3%)       24 (23.3%)        0 (0.0%)      54 (52.4%)  
         3:51 PM      103       26 (25.2%)       23 (22.3%)        0 (0.0%)      54 (52.4%)  
         3:52 PM      103       26 (25.2%)       23 (22.3%)        0 (0.0%)      54 (52.4%) ◀
         3:53 PM      103       24 (23.3%)       23 (22.3%)        0 (0.0%)      56 (54.4%)  
         3:54 PM      103       25 (24.3%)       24 (23.3%)        0 (0.0%)      54 (52.4%)  
         3:55 PM      103       25 (24.3%)       23 (22.3%)        0 (0.0%)      55 (53.4%)  
     3:50–55 avg      103       26 (25.2%)       23 (22.3%)        0 (0.0%)      54 (52.4%)  

     ── ±2% level ──
        base ref sessions          +2% hit          -2% hit            Both         Neither
     ----------- --------   --------------   --------------   -------------   -------------
         3:50 PM      103       19 (18.4%)       14 (13.6%)        0 (0.0%)      70 (68.0%)  
         3:51 PM      103       18 (17.5%)       14 (13.6%)        0 (0.0%)      71 (68.9%)  
         3:52 PM      103       17 (16.5%)       14 (13.6%)        0 (0.0%)      72 (69.9%) ◀
         3:53 PM      103       17 (16.5%)       13 (12.6%)        0 (0.0%)      73 (70.9%)  
         3:54 PM      103       18 (17.5%)       14 (13.6%)        0 (0.0%)      71 (68.9%)  
         3:55 PM      103       18 (17.5%)       14 (13.6%)        0 (0.0%)      71 (68.9%)  
     3:50–55 avg      103       18 (17.5%)       14 (13.6%)        0 (0.0%)      71 (68.9%)  

     ── ±2.5% level ──
        base ref sessions        +2.5% hit        -2.5% hit            Both         Neither
     ----------- --------   --------------   --------------   -------------   -------------
         3:50 PM      103       14 (13.6%)         9 (8.7%)        0 (0.0%)      80 (77.7%)  
         3:51 PM      103       14 (13.6%)         8 (7.8%)        0 (0.0%)      81 (78.6%)  
         3:52 PM      103       14 (13.6%)         8 (7.8%)        0 (0.0%)      81 (78.6%) ◀
         3:53 PM      103       14 (13.6%)         9 (8.7%)        0 (0.0%)      80 (77.7%)  
         3:54 PM      103       14 (13.6%)         9 (8.7%)        0 (0.0%)      80 (77.7%)  
         3:55 PM      103       13 (12.6%)         9 (8.7%)        0 (0.0%)      81 (78.6%)  
     3:50–55 avg      103       14 (13.6%)         9 (8.7%)        0 (0.0%)      80 (77.7%)  

     ── ±3% level ──
        base ref sessions          +3% hit          -3% hit            Both         Neither
     ----------- --------   --------------   --------------   -------------   -------------
         3:50 PM      103         9 (8.7%)         5 (4.9%)        0 (0.0%)      89 (86.4%)  
         3:51 PM      103         9 (8.7%)         5 (4.9%)        0 (0.0%)      89 (86.4%)  
         3:52 PM      103         8 (7.8%)         5 (4.9%)        0 (0.0%)      90 (87.4%) ◀
         3:53 PM      103         8 (7.8%)         3 (2.9%)        0 (0.0%)      92 (89.3%)  
         3:54 PM      103         7 (6.8%)         4 (3.9%)        0 (0.0%)      92 (89.3%)  
         3:55 PM      103         7 (6.8%)         4 (3.9%)        0 (0.0%)      92 (89.3%)  
     3:50–55 avg      103         7 (6.8%)         4 (3.9%)        0 (0.0%)      92 (89.3%)  

     ── ±3.5% level ──
        base ref sessions        +3.5% hit        -3.5% hit            Both         Neither
     ----------- --------   --------------   --------------   -------------   -------------
         3:50 PM      103         5 (4.9%)         1 (1.0%)        0 (0.0%)      97 (94.2%)  
         3:51 PM      103         6 (5.8%)         2 (1.9%)        0 (0.0%)      95 (92.2%)  
         3:52 PM      103         6 (5.8%)         2 (1.9%)        0 (0.0%)      95 (92.2%) ◀
         3:53 PM      103         6 (5.8%)         3 (2.9%)        0 (0.0%)      94 (91.3%)  
         3:54 PM      103         6 (5.8%)         3 (2.9%)        0 (0.0%)      94 (91.3%)  
         3:55 PM      103         6 (5.8%)         3 (2.9%)        0 (0.0%)      94 (91.3%)  
     3:50–55 avg      103         6 (5.8%)         3 (2.9%)        0 (0.0%)      94 (91.3%)  

     ── ±4% level ──
        base ref sessions          +4% hit          -4% hit            Both         Neither
     ----------- --------   --------------   --------------   -------------   -------------
         3:50 PM      103         5 (4.9%)         1 (1.0%)        0 (0.0%)      97 (94.2%)  
         3:51 PM      103         4 (3.9%)         1 (1.0%)        0 (0.0%)      98 (95.1%)  
         3:52 PM      103         4 (3.9%)         1 (1.0%)        0 (0.0%)      98 (95.1%) ◀
         3:53 PM      103         4 (3.9%)         1 (1.0%)        0 (0.0%)      98 (95.1%)  
         3:54 PM      103         4 (3.9%)         1 (1.0%)        0 (0.0%)      98 (95.1%)  
         3:55 PM      103         4 (3.9%)         1 (1.0%)        0 (0.0%)      98 (95.1%)  
     3:50–55 avg      103         4 (3.9%)         1 (1.0%)        0 (0.0%)      98 (95.1%)  

     ── ±5% level ──
        base ref sessions          +5% hit          -5% hit            Both         Neither
     ----------- --------   --------------   --------------   -------------   -------------
         3:50 PM      103         2 (1.9%)         0 (0.0%)        0 (0.0%)     101 (98.1%)  
         3:51 PM      103         2 (1.9%)         1 (1.0%)        0 (0.0%)     100 (97.1%)  
         3:52 PM      103         2 (1.9%)         1 (1.0%)        0 (0.0%)     100 (97.1%) ◀
         3:53 PM      103         2 (1.9%)         1 (1.0%)        0 (0.0%)     100 (97.1%)  
         3:54 PM      103         2 (1.9%)         1 (1.0%)        0 (0.0%)     100 (97.1%)  
         3:55 PM      103         2 (1.9%)         0 (0.0%)        0 (0.0%)     101 (98.1%)  
     3:50–55 avg      103         2 (1.9%)         1 (1.0%)        0 (0.0%)     100 (97.1%)  

     ── swings (same for all thresholds; % of reference, $ in brackets) ──
        base ref        avg up swing     avg down swing       max up swing     max down swing
     -----------   -----------------  -----------------  -----------------  -----------------
         3:50 PM      +1.27% ($3.03)     -0.86% ($2.10)   +16.94% ($29.05)    -4.98% ($10.08)
         3:51 PM      +1.26% ($3.01)     -0.86% ($2.11)   +16.79% ($28.84)    -5.04% ($10.21)
         3:52 PM      +1.26% ($3.01)     -0.86% ($2.11)   +16.48% ($28.38)    -5.10% ($10.33)
         3:53 PM      +1.26% ($3.01)     -0.87% ($2.11)   +16.59% ($28.55)    -5.09% ($10.31)
         3:54 PM      +1.24% ($2.97)     -0.88% ($2.15)   +16.15% ($27.89)    -5.04% ($10.22)
         3:55 PM      +1.24% ($2.96)     -0.88% ($2.16)   +16.50% ($28.40)    -4.98% ($10.08)
     3:50–55 avg      +1.26% ($3.00)     -0.87% ($2.12)   +16.58% ($28.52)    -5.04% ($10.21)

     Steadiest baseline  (avg |dev from 3:50–55 mean|, lower = steadier):
       3:52 PM $0.108 ◀    3:53 PM $0.117    3:51 PM $0.119    3:50 PM $0.154    3:54 PM $0.175    3:55 PM $0.220
     → Recommended Wednesday baseline: 3:52 PM

  ──────── FRIDAY  (baseline = prior Thursday 3:50–55 PM) ────────
     Fridays analyzed: 99   skipped (no data): 5   (6 week(s) used an earlier baseline — holiday)

     ── ±0.5% level ──
        base ref sessions        +0.5% hit        -0.5% hit            Both         Neither
     ----------- --------   --------------   --------------   -------------   -------------
         3:50 PM       99       71 (71.7%)       61 (61.6%)      34 (34.3%)        1 (1.0%)  
         3:51 PM       99       71 (71.7%)       62 (62.6%)      35 (35.4%)        1 (1.0%)  
         3:52 PM       99       70 (70.7%)       63 (63.6%)      34 (34.3%)        0 (0.0%) ◀
         3:53 PM       99       68 (68.7%)       64 (64.6%)      33 (33.3%)        0 (0.0%)  
         3:54 PM       99       68 (68.7%)       62 (62.6%)      32 (32.3%)        1 (1.0%)  
         3:55 PM       99       68 (68.7%)       60 (60.6%)      29 (29.3%)        0 (0.0%)  
     3:50–55 avg       99       69 (69.7%)       62 (62.6%)      33 (33.3%)        1 (1.0%)  

     ── ±0.75% level ──
        base ref sessions       +0.75% hit       -0.75% hit            Both         Neither
     ----------- --------   --------------   --------------   -------------   -------------
         3:50 PM       99       59 (59.6%)       47 (47.5%)      19 (19.2%)      12 (12.1%)  
         3:51 PM       99       58 (58.6%)       47 (47.5%)      19 (19.2%)      13 (13.1%)  
         3:52 PM       99       58 (58.6%)       48 (48.5%)      19 (19.2%)      12 (12.1%) ◀
         3:53 PM       99       57 (57.6%)       49 (49.5%)      19 (19.2%)      12 (12.1%)  
         3:54 PM       99       59 (59.6%)       50 (50.5%)      21 (21.2%)      11 (11.1%)  
         3:55 PM       99       58 (58.6%)       50 (50.5%)      21 (21.2%)      12 (12.1%)  
     3:50–55 avg       99       59 (59.6%)       49 (49.5%)      21 (21.2%)      12 (12.1%)  

     ── ±1% level ──
        base ref sessions          +1% hit          -1% hit            Both         Neither
     ----------- --------   --------------   --------------   -------------   -------------
         3:50 PM       99       47 (47.5%)       39 (39.4%)      11 (11.1%)      24 (24.2%)  
         3:51 PM       99       47 (47.5%)       38 (38.4%)      11 (11.1%)      25 (25.3%)  
         3:52 PM       99       50 (50.5%)       40 (40.4%)      13 (13.1%)      22 (22.2%) ◀
         3:53 PM       99       50 (50.5%)       41 (41.4%)      13 (13.1%)      21 (21.2%)  
         3:54 PM       99       49 (49.5%)       42 (42.4%)      13 (13.1%)      21 (21.2%)  
         3:55 PM       99       49 (49.5%)       42 (42.4%)      12 (12.1%)      20 (20.2%)  
     3:50–55 avg       99       48 (48.5%)       40 (40.4%)      14 (14.1%)      25 (25.3%)  

     ── ±1.25% level ──
        base ref sessions       +1.25% hit       -1.25% hit            Both         Neither
     ----------- --------   --------------   --------------   -------------   -------------
         3:50 PM       99       37 (37.4%)       30 (30.3%)        5 (5.1%)      37 (37.4%)  
         3:51 PM       99       37 (37.4%)       33 (33.3%)        5 (5.1%)      34 (34.3%)  
         3:52 PM       99       36 (36.4%)       32 (32.3%)        5 (5.1%)      36 (36.4%) ◀
         3:53 PM       99       36 (36.4%)       33 (33.3%)        6 (6.1%)      36 (36.4%)  
         3:54 PM       99       38 (38.4%)       30 (30.3%)        6 (6.1%)      37 (37.4%)  
         3:55 PM       99       36 (36.4%)       31 (31.3%)        6 (6.1%)      38 (38.4%)  
     3:50–55 avg       99       36 (36.4%)       33 (33.3%)        5 (5.1%)      35 (35.4%)  

     ── ±1.5% level ──
        base ref sessions        +1.5% hit        -1.5% hit            Both         Neither
     ----------- --------   --------------   --------------   -------------   -------------
         3:50 PM       99       34 (34.3%)       23 (23.2%)        3 (3.0%)      45 (45.5%)  
         3:51 PM       99       34 (34.3%)       24 (24.2%)        3 (3.0%)      44 (44.4%)  
         3:52 PM       99       33 (33.3%)       24 (24.2%)        3 (3.0%)      45 (45.5%) ◀
         3:53 PM       99       32 (32.3%)       23 (23.2%)        3 (3.0%)      47 (47.5%)  
         3:54 PM       99       33 (33.3%)       24 (24.2%)        3 (3.0%)      45 (45.5%)  
         3:55 PM       99       33 (33.3%)       25 (25.3%)        4 (4.0%)      45 (45.5%)  
     3:50–55 avg       99       33 (33.3%)       24 (24.2%)        3 (3.0%)      45 (45.5%)  

     ── ±2% level ──
        base ref sessions          +2% hit          -2% hit            Both         Neither
     ----------- --------   --------------   --------------   -------------   -------------
         3:50 PM       99       20 (20.2%)       16 (16.2%)        3 (3.0%)      66 (66.7%)  
         3:51 PM       99       20 (20.2%)       18 (18.2%)        3 (3.0%)      64 (64.6%)  
         3:52 PM       99       20 (20.2%)       18 (18.2%)        3 (3.0%)      64 (64.6%) ◀
         3:53 PM       99       20 (20.2%)       17 (17.2%)        2 (2.0%)      64 (64.6%)  
         3:54 PM       99       20 (20.2%)       19 (19.2%)        3 (3.0%)      63 (63.6%)  
         3:55 PM       99       19 (19.2%)       18 (18.2%)        3 (3.0%)      65 (65.7%)  
     3:50–55 avg       99       20 (20.2%)       18 (18.2%)        3 (3.0%)      64 (64.6%)  

     ── ±2.5% level ──
        base ref sessions        +2.5% hit        -2.5% hit            Both         Neither
     ----------- --------   --------------   --------------   -------------   -------------
         3:50 PM       99       13 (13.1%)       11 (11.1%)        1 (1.0%)      76 (76.8%)  
         3:51 PM       99       15 (15.2%)       11 (11.1%)        1 (1.0%)      74 (74.7%)  
         3:52 PM       99       14 (14.1%)       12 (12.1%)        2 (2.0%)      75 (75.8%) ◀
         3:53 PM       99       14 (14.1%)       12 (12.1%)        2 (2.0%)      75 (75.8%)  
         3:54 PM       99       13 (13.1%)       13 (13.1%)        2 (2.0%)      75 (75.8%)  
         3:55 PM       99       13 (13.1%)       13 (13.1%)        2 (2.0%)      75 (75.8%)  
     3:50–55 avg       99       14 (14.1%)       12 (12.1%)        2 (2.0%)      75 (75.8%)  

     ── ±3% level ──
        base ref sessions          +3% hit          -3% hit            Both         Neither
     ----------- --------   --------------   --------------   -------------   -------------
         3:50 PM       99         8 (8.1%)       10 (10.1%)        0 (0.0%)      81 (81.8%)  
         3:51 PM       99         8 (8.1%)         9 (9.1%)        0 (0.0%)      82 (82.8%)  
         3:52 PM       99         9 (9.1%)         7 (7.1%)        0 (0.0%)      83 (83.8%) ◀
         3:53 PM       99         8 (8.1%)         7 (7.1%)        0 (0.0%)      84 (84.8%)  
         3:54 PM       99         8 (8.1%)         7 (7.1%)        0 (0.0%)      84 (84.8%)  
         3:55 PM       99         8 (8.1%)         7 (7.1%)        0 (0.0%)      84 (84.8%)  
     3:50–55 avg       99         8 (8.1%)         7 (7.1%)        0 (0.0%)      84 (84.8%)  

     ── ±3.5% level ──
        base ref sessions        +3.5% hit        -3.5% hit            Both         Neither
     ----------- --------   --------------   --------------   -------------   -------------
         3:50 PM       99         7 (7.1%)         6 (6.1%)        0 (0.0%)      86 (86.9%)  
         3:51 PM       99         7 (7.1%)         7 (7.1%)        0 (0.0%)      85 (85.9%)  
         3:52 PM       99         6 (6.1%)         6 (6.1%)        0 (0.0%)      87 (87.9%) ◀
         3:53 PM       99         6 (6.1%)         6 (6.1%)        0 (0.0%)      87 (87.9%)  
         3:54 PM       99         6 (6.1%)         7 (7.1%)        0 (0.0%)      86 (86.9%)  
         3:55 PM       99         7 (7.1%)         7 (7.1%)        0 (0.0%)      85 (85.9%)  
     3:50–55 avg       99         7 (7.1%)         7 (7.1%)        0 (0.0%)      85 (85.9%)  

     ── ±4% level ──
        base ref sessions          +4% hit          -4% hit            Both         Neither
     ----------- --------   --------------   --------------   -------------   -------------
         3:50 PM       99         4 (4.0%)         4 (4.0%)        0 (0.0%)      91 (91.9%)  
         3:51 PM       99         4 (4.0%)         4 (4.0%)        0 (0.0%)      91 (91.9%)  
         3:52 PM       99         4 (4.0%)         4 (4.0%)        0 (0.0%)      91 (91.9%) ◀
         3:53 PM       99         4 (4.0%)         4 (4.0%)        0 (0.0%)      91 (91.9%)  
         3:54 PM       99         4 (4.0%)         4 (4.0%)        0 (0.0%)      91 (91.9%)  
         3:55 PM       99         3 (3.0%)         4 (4.0%)        0 (0.0%)      92 (92.9%)  
     3:50–55 avg       99         4 (4.0%)         4 (4.0%)        0 (0.0%)      91 (91.9%)  

     ── ±5% level ──
        base ref sessions          +5% hit          -5% hit            Both         Neither
     ----------- --------   --------------   --------------   -------------   -------------
         3:50 PM       99         0 (0.0%)         3 (3.0%)        0 (0.0%)      96 (97.0%)  
         3:51 PM       99         1 (1.0%)         3 (3.0%)        0 (0.0%)      95 (96.0%)  
         3:52 PM       99         1 (1.0%)         3 (3.0%)        0 (0.0%)      95 (96.0%) ◀
         3:53 PM       99         1 (1.0%)         3 (3.0%)        0 (0.0%)      95 (96.0%)  
         3:54 PM       99         2 (2.0%)         3 (3.0%)        0 (0.0%)      94 (94.9%)  
         3:55 PM       99         2 (2.0%)         3 (3.0%)        0 (0.0%)      94 (94.9%)  
     3:50–55 avg       99         1 (1.0%)         3 (3.0%)        0 (0.0%)      95 (96.0%)  

     ── swings (same for all thresholds; % of reference, $ in brackets) ──
        base ref        avg up swing     avg down swing       max up swing     max down swing
     -----------   -----------------  -----------------  -----------------  -----------------
         3:50 PM      +1.08% ($2.64)     -1.09% ($2.70)    +4.99% ($10.98)    -9.87% ($32.84)
         3:51 PM      +1.09% ($2.65)     -1.09% ($2.69)    +5.01% ($11.03)    -9.90% ($32.98)
         3:52 PM      +1.10% ($2.67)     -1.08% ($2.67)    +5.02% ($13.74)    -9.84% ($32.73)
         3:53 PM      +1.09% ($2.65)     -1.08% ($2.69)    +5.09% ($11.18)    -9.85% ($32.77)
         3:54 PM      +1.07% ($2.61)     -1.10% ($2.73)    +5.44% ($14.82)    -9.88% ($32.90)
         3:55 PM      +1.07% ($2.60)     -1.10% ($2.74)    +5.86% ($15.90)   -10.02% ($33.39)
     3:50–55 avg      +1.08% ($2.63)     -1.09% ($2.70)    +5.06% ($11.13)    -9.89% ($32.94)

     Steadiest baseline  (avg |dev from 3:50–55 mean|, lower = steadier):
       3:52 PM $0.107 ◀    3:53 PM $0.120    3:51 PM $0.134    3:54 PM $0.180    3:50 PM $0.187    3:55 PM $0.247
     → Recommended Friday baseline: 3:52 PM

  ░░ DAY COMPARISON — up% / down% / neither% at each day's recommended baseline ░░
      pct           Monday                  Wednesday                   Friday         
  -------  ------------------------  ------------------------  ------------------------
    0.5%       64% / 57% / 2%            72% / 61% / 1%            71% / 64% / 0%     
   0.75%       60% / 49% / 4%            60% / 50% / 7%           59% / 48% / 12%     
      1%      52% / 45% / 11%           46% / 43% / 16%           51% / 40% / 22%     
   1.25%      47% / 40% / 19%           34% / 32% / 34%           36% / 32% / 36%     
    1.5%      41% / 33% / 31%           25% / 22% / 52%           33% / 24% / 45%     
      2%      26% / 21% / 55%           17% / 14% / 70%           20% / 18% / 65%     
    2.5%      15% / 13% / 74%            14% / 8% / 79%           14% / 12% / 76%     
      3%       8% / 8% / 83%             8% / 5% / 87%             9% / 7% / 84%      
    3.5%       6% / 3% / 91%             6% / 2% / 92%             6% / 6% / 88%      
      4%       5% / 2% / 93%             4% / 1% / 95%             4% / 4% / 92%      
      5%       2% / 1% / 97%             2% / 1% / 97%             1% / 3% / 96%      
  -------  ------------------------  ------------------------  ------------------------
    swing      +1.18% / -0.94%           +1.26% / -0.86%           +1.10% / -1.08%     
     base          3:52 PM                   3:52 PM                   3:52 PM         

────────────────────────────────────────────────────────────────────────────────────────────
  Saved TXT: C:\actions-runner\_work\EoD_OptionTrading\EoD_OptionTrading\results\mon-wed-fri-price-level-touch-percentage-v2\level_touch_aapl_730days_2026-08-13_1211.txt
────────────────────────────────────────────────────────────────────────────────────────────

████████████████████████████████████████████████████████████████████████████████████████████
  RECOMMENDED BASELINE — by ticker and day (steadiest reference)
████████████████████████████████████████████████████████████████████████████████████████████
    TSLA : Monday 3:53 PM (95)   Wednesday 3:52 PM (103)   Friday 3:52 PM (99)
    AAPL : Monday 3:52 PM (95)   Wednesday 3:52 PM (103)   Friday 3:52 PM (99)

  Saved CSV: C:\actions-runner\_work\EoD_OptionTrading\EoD_OptionTrading\results\mon-wed-fri-price-level-touch-percentage-v2\touch_summary_730days_2026-08-13_1211.csv
  Saved CSV: C:\actions-runner\_work\EoD_OptionTrading\EoD_OptionTrading\results\mon-wed-fri-price-level-touch-percentage-v2\swings_730days_2026-08-13_1211.csv


==================================================================
  STRATEGY SUMMARY — Mon/Wed/Fri price-level-touch (percentage)
==================================================================
  Data source : Alpaca Markets API
  Lookback    : 730 days
  Scan days   : Monday, Wednesday, Friday
  Tickers     : TSLA, AAPL
  TSLA:
       Monday (95 sessions, best ref 3:53 PM):
        ±0.50%: +75% / -62% (neither 0%)
        ±0.75%: +73% / -60% (neither 0%)
        ±1.00%: +72% / -59% (neither 0%)
        ±1.25%: +69% / -57% (neither 0%)
        ±1.50%: +67% / -54% (neither 1%)
        ±2.00%: +56% / -46% (neither 7%)
        ±2.50%: +48% / -40% (neither 16%)
        ±3.00%: +43% / -35% (neither 26%)
        ±3.50%: +37% / -31% (neither 37%)
        ±4.00%: +33% / -21% (neither 49%)
        ±5.00%: +21% / -6% (neither 74%)
    Wednesday (103 sessions, best ref 3:52 PM):
        ±0.50%: +81% / -67% (neither 0%)
        ±0.75%: +79% / -61% (neither 0%)
        ±1.00%: +68% / -56% (neither 0%)
        ±1.25%: +62% / -50% (neither 2%)
        ±1.50%: +53% / -41% (neither 11%)
        ±2.00%: +49% / -34% (neither 19%)
        ±2.50%: +43% / -30% (neither 29%)
        ±3.00%: +32% / -22% (neither 47%)
        ±3.50%: +26% / -16% (neither 58%)
        ±4.00%: +22% / -15% (neither 64%)
        ±5.00%: +14% / -8% (neither 80%)
       Friday (99 sessions, best ref 3:52 PM):
        ±0.50%: +85% / -67% (neither 0%)
        ±0.75%: +81% / -62% (neither 0%)
        ±1.00%: +74% / -58% (neither 1%)
        ±1.25%: +71% / -49% (neither 2%)
        ±1.50%: +65% / -44% (neither 6%)
        ±2.00%: +57% / -40% (neither 11%)
        ±2.50%: +46% / -35% (neither 21%)
        ±3.00%: +39% / -30% (neither 31%)
        ±3.50%: +37% / -25% (neither 38%)
        ±4.00%: +27% / -16% (neither 57%)
        ±5.00%: +18% / -8% (neither 74%)
  AAPL:
       Monday (95 sessions, best ref 3:52 PM):
        ±0.50%: +64% / -57% (neither 2%)
        ±0.75%: +60% / -49% (neither 4%)
        ±1.00%: +52% / -45% (neither 11%)
        ±1.25%: +47% / -40% (neither 19%)
        ±1.50%: +41% / -33% (neither 31%)
        ±2.00%: +26% / -21% (neither 55%)
        ±2.50%: +15% / -13% (neither 74%)
        ±3.00%: +8% / -8% (neither 83%)
        ±3.50%: +6% / -3% (neither 91%)
        ±4.00%: +5% / -2% (neither 93%)
        ±5.00%: +2% / -1% (neither 97%)
    Wednesday (103 sessions, best ref 3:52 PM):
        ±0.50%: +72% / -61% (neither 1%)
        ±0.75%: +60% / -50% (neither 7%)
        ±1.00%: +46% / -43% (neither 16%)
        ±1.25%: +34% / -32% (neither 34%)
        ±1.50%: +25% / -22% (neither 52%)
        ±2.00%: +16% / -14% (neither 70%)
        ±2.50%: +14% / -8% (neither 79%)
        ±3.00%: +8% / -5% (neither 87%)
        ±3.50%: +6% / -2% (neither 92%)
        ±4.00%: +4% / -1% (neither 95%)
        ±5.00%: +2% / -1% (neither 97%)
       Friday (99 sessions, best ref 3:52 PM):
        ±0.50%: +71% / -64% (neither 0%)
        ±0.75%: +59% / -48% (neither 12%)
        ±1.00%: +51% / -40% (neither 22%)
        ±1.25%: +36% / -32% (neither 36%)
        ±1.50%: +33% / -24% (neither 45%)
        ±2.00%: +20% / -18% (neither 65%)
        ±2.50%: +14% / -12% (neither 76%)
        ±3.00%: +9% / -7% (neither 84%)
        ±3.50%: +6% / -6% (neither 88%)
        ±4.00%: +4% / -4% (neither 92%)
        ±5.00%: +1% / -3% (neither 96%)
==================================================================

===STRATEGY_SUMMARY_JSON===
{"status": "ok", "strategy": "mon-wed-fri-price-level-touch-percentage-v2", "tickers": ["TSLA", "AAPL"], "pcts": {"TSLA": [0.005, 0.0075, 0.01, 0.0125, 0.015, 0.02, 0.025, 0.03, 0.035, 0.04, 0.05], "AAPL": [0.005, 0.0075, 0.01, 0.0125, 0.015, 0.02, 0.025, 0.03, 0.035, 0.04, 0.05]}, "days": ["Monday", "Wednesday", "Friday"], "baseline": "prior trading day 3:50-3:55 PM ET (per-minute) + 3:50-55 average", "session": "9:30 AM-4:00 PM ET", "lookback_days": 730, "bar_interval_minutes": 1, "target_spend": 1.0, "outlier_max": 2000.0, "data_source": "Alpaca Markets API", "total_sessions_analyzed": 594, "recommended_reference_by_ticker_day": {"TSLA": {"Monday": "3:53 PM", "Wednesday": "3:52 PM", "Friday": "3:52 PM"}, "AAPL": {"Monday": "3:52 PM", "Wednesday": "3:52 PM", "Friday": "3:52 PM"}}, "tickers_detail": {"TSLA": {"pcts": [0.005, 0.0075, 0.01, 0.0125, 0.015, 0.02, 0.025, 0.03, 0.035, 0.04, 0.05], "days": ["Monday", "Wednesday", "Friday"], "by_day": {"Monday": {"n_sessions": 95, "n_skipped": 9, "n_baseline_substituted": 7, "recommended_reference": "3:53 PM", "recommended_reference_deviation": 0.2627, "steadiness": {"3:50 PM": 0.4819, "3:51 PM": 0.3934, "3:52 PM": 0.2966, "3:53 PM": 0.2627, "3:54 PM": 0.4767, "3:55 PM": 0.6296}, "thresholds_pct": {"0.0050": {"pct": 0.005, "references": {"3:50 PM": {"sessions": 95, "up_hits": 71, "up_rate": 0.7474, "down_hits": 59, "down_rate": 0.6211, "both_hits": 35, "both_rate": 0.3684, "neither_hits": 0, "neither_rate": 0.0, "avg_up_swing_pct": 0.027569, "avg_down_swing_pct": 0.016083, "max_up_swing_pct": 0.123083, "max_down_swing_pct": 0.109694, "avg_up_swing": 9.781, "avg_down_swing": 5.4212, "max_up_swing": 30.535, "max_down_swing": 26.41}, "3:51 PM": {"sessions": 95, "up_hits": 71, "up_rate": 0.7474, "down_hits": 59, "down_rate": 0.6211, "both_hits": 35, "both_rate": 0.3684, "neither_hits": 0, "neither_rate": 0.0, "avg_up_swing_pct": 0.027625, "avg_down_swing_pct": 0.016029, "max_up_swing_pct": 0.123015, "max_down_swing_pct": 0.108435, "avg_up_swing": 9.8042, "avg_down_swing": 5.398, "max_up_swing": 30.52, "max_down_swing": 26.07}, "3:52 PM": {"sessions": 95, "up_hits": 71, "up_rate": 0.7474, "down_hits": 59, "down_rate": 0.6211, "both_hits": 35, "both_rate": 0.3684, "neither_hits": 0, "neither_rate": 0.0, "avg_up_swing_pct": 0.027658, "avg_down_swing_pct": 0.015999, "max_up_swing_pct": 0.122924, "max_down_swing_pct": 0.105683, "avg_up_swing": 9.8112, "avg_down_swing": 5.391, "max_up_swing": 30.5, "max_down_swing": 25.33}, "3:53 PM": {"sessions": 95, "up_hits": 71, "up_rate": 0.7474, "down_hits": 59, "down_rate": 0.6211, "both_hits": 35, "both_rate": 0.3684, "neither_hits": 0, "neither_rate": 0.0, "avg_up_swing_pct": 0.027262, "avg_down_swing_pct": 0.016373, "max_up_swing_pct": 0.123332, "max_down_swing_pct": 0.106763, "avg_up_swing": 9.6939, "avg_down_swing": 5.5083, "max_up_swing": 30.59, "max_down_swing": 25.62}, "3:54 PM": {"sessions": 95, "up_hits": 70, "up_rate": 0.7368, "down_hits": 58, "down_rate": 0.6105, "both_hits": 33, "both_rate": 0.3474, "neither_hits": 0, "neither_rate": 0.0, "avg_up_swing_pct": 0.026494, "avg_down_swing_pct": 0.017094, "max_up_swing_pct": 0.11936, "max_down_swing_pct": 0.108824, "avg_up_swing": 9.4728, "avg_down_swing": 5.7294, "max_up_swing": 29.71, "max_down_swing": 26.175}, "3:55 PM": {"sessions": 95, "up_hits": 71, "up_rate": 0.7474, "down_hits": 61, "down_rate": 0.6421, "both_hits": 37, "both_rate": 0.3895, "neither_hits": 0, "neither_rate": 0.0, "avg_up_swing_pct": 0.026599, "avg_down_swing_pct": 0.017005, "max_up_swing_pct": 0.125351, "max_down_swing_pct": 0.104524, "avg_up_swing": 9.4818, "avg_down_swing": 5.7203, "max_up_swing": 31.035, "max_down_swing": 25.02}, "3:50\u201355 avg": {"sessions": 95, "up_hits": 71, "up_rate": 0.7474, "down_hits": 59, "down_rate": 0.6211, "both_hits": 35, "both_rate": 0.3684, "neither_hits": 0, "neither_rate": 0.0, "avg_up_swing_pct": 0.027198, "avg_down_swing_pct": 0.016433, "max_up_swing_pct": 0.122841, "max_down_swing_pct": 0.107324, "avg_up_swing": 9.6741, "avg_down_swing": 5.528, "max_up_swing": 30.4817, "max_down_swing": 25.7708}}}, "0.0075": {"pct": 0.0075, "references": {"3:50 PM": {"sessions": 95, "up_hits": 69, "up_rate": 0.7263, "down_hits": 57, "down_rate": 0.6, "both_hits": 31, "both_rate": 0.3263, "neither_hits": 0, "neither_rate": 0.0, "avg_up_swing_pct": 0.027569, "avg_down_swing_pct": 0.016083, "max_up_swing_pct": 0.123083, "max_down_swing_pct": 0.109694, "avg_up_swing": 9.781, "avg_down_swing": 5.4212, "max_up_swing": 30.535, "max_down_swing": 26.41}, "3:51 PM": {"sessions": 95, "up_hits": 70, "up_rate": 0.7368, "down_hits": 56, "down_rate": 0.5895, "both_hits": 31, "both_rate": 0.3263, "neither_hits": 0, "neither_rate": 0.0, "avg_up_swing_pct": 0.027625, "avg_down_swing_pct": 0.016029, "max_up_swing_pct": 0.123015, "max_down_swing_pct": 0.108435, "avg_up_swing": 9.8042, "avg_down_swing": 5.398, "max_up_swing": 30.52, "max_down_swing": 26.07}, "3:52 PM": {"sessions": 95, "up_hits": 70, "up_rate": 0.7368, "down_hits": 56, "down_rate": 0.5895, "both_hits": 31, "both_rate": 0.3263, "neither_hits": 0, "neither_rate": 0.0, "avg_up_swing_pct": 0.027658, "avg_down_swing_pct": 0.015999, "max_up_swing_pct": 0.122924, "max_down_swing_pct": 0.105683, "avg_up_swing": 9.8112, "avg_down_swing": 5.391, "max_up_swing": 30.5, "max_down_swing": 25.33}, "3:53 PM": {"sessions": 95, "up_hits": 69, "up_rate": 0.7263, "down_hits": 57, "down_rate": 0.6, "both_hits": 31, "both_rate": 0.3263, "neither_hits": 0, "neither_rate": 0.0, "avg_up_swing_pct": 0.027262, "avg_down_swing_pct": 0.016373, "max_up_swing_pct": 0.123332, "max_down_swing_pct": 0.106763, "avg_up_swing": 9.6939, "avg_down_swing": 5.5083, "max_up_swing": 30.59, "max_down_swing": 25.62}, "3:54 PM": {"sessions": 95, "up_hits": 69, "up_rate": 0.7263, "down_hits": 56, "down_rate": 0.5895, "both_hits": 30, "both_rate": 0.3158, "neither_hits": 0, "neither_rate": 0.0, "avg_up_swing_pct": 0.026494, "avg_down_swing_pct": 0.017094, "max_up_swing_pct": 0.11936, "max_down_swing_pct": 0.108824, "avg_up_swing": 9.4728, "avg_down_swing": 5.7294, "max_up_swing": 29.71, "max_down_swing": 26.175}, "3:55 PM": {"sessions": 95, "up_hits": 69, "up_rate": 0.7263, "down_hits": 56, "down_rate": 0.5895, "both_hits": 30, "both_rate": 0.3158, "neither_hits": 0, "neither_rate": 0.0, "avg_up_swing_pct": 0.026599, "avg_down_swing_pct": 0.017005, "max_up_swing_pct": 0.125351, "max_down_swing_pct": 0.104524, "avg_up_swing": 9.4818, "avg_down_swing": 5.7203, "max_up_swing": 31.035, "max_down_swing": 25.02}, "3:50\u201355 avg": {"sessions": 95, "up_hits": 70, "up_rate": 0.7368, "down_hits": 56, "down_rate": 0.5895, "both_hits": 31, "both_rate": 0.3263, "neither_hits": 0, "neither_rate": 0.0, "avg_up_swing_pct": 0.027198, "avg_down_swing_pct": 0.016433, "max_up_swing_pct": 0.122841, "max_down_swing_pct": 0.107324, "avg_up_swing": 9.6741, "avg_down_swing": 5.528, "max_up_swing": 30.4817, "max_down_swing": 25.7708}}}, "0.0100": {"pct": 0.01, "references": {"3:50 PM": {"sessions": 95, "up_hits": 66, "up_rate": 0.6947, "down_hits": 56, "down_rate": 0.5895, "both_hits": 27, "both_rate": 0.2842, "neither_hits": 0, "neither_rate": 0.0, "avg_up_swing_pct": 0.027569, "avg_down_swing_pct": 0.016083, "max_up_swing_pct": 0.123083, "max_down_swing_pct": 0.109694, "avg_up_swing": 9.781, "avg_down_swing": 5.4212, "max_up_swing": 30.535, "max_down_swing": 26.41}, "3:51 PM": {"sessions": 95, "up_hits": 69, "up_rate": 0.7263, "down_hits": 55, "down_rate": 0.5789, "both_hits": 29, "both_rate": 0.3053, "neither_hits": 0, "neither_rate": 0.0, "avg_up_swing_pct": 0.027625, "avg_down_swing_pct": 0.016029, "max_up_swing_pct": 0.123015, "max_down_swing_pct": 0.108435, "avg_up_swing": 9.8042, "avg_down_swing": 5.398, "max_up_swing": 30.52, "max_down_swing": 26.07}, "3:52 PM": {"sessions": 95, "up_hits": 69, "up_rate": 0.7263, "down_hits": 56, "down_rate": 0.5895, "both_hits": 30, "both_rate": 0.3158, "neither_hits": 0, "neither_rate": 0.0, "avg_up_swing_pct": 0.027658, "avg_down_swing_pct": 0.015999, "max_up_swing_pct": 0.122924, "max_down_swing_pct": 0.105683, "avg_up_swing": 9.8112, "avg_down_swing": 5.391, "max_up_swing": 30.5, "max_down_swing": 25.33}, "3:53 PM": {"sessions": 95, "up_hits": 68, "up_rate": 0.7158, "down_hits": 56, "down_rate": 0.5895, "both_hits": 29, "both_rate": 0.3053, "neither_hits": 0, "neither_rate": 0.0, "avg_up_swing_pct": 0.027262, "avg_down_swing_pct": 0.016373, "max_up_swing_pct": 0.123332, "max_down_swing_pct": 0.106763, "avg_up_swing": 9.6939, "avg_down_swing": 5.5083, "max_up_swing": 30.59, "max_down_swing": 25.62}, "3:54 PM": {"sessions": 95, "up_hits": 68, "up_rate": 0.7158, "down_hits": 56, "down_rate": 0.5895, "both_hits": 29, "both_rate": 0.3053, "neither_hits": 0, "neither_rate": 0.0, "avg_up_swing_pct": 0.026494, "avg_down_swing_pct": 0.017094, "max_up_swing_pct": 0.11936, "max_down_swing_pct": 0.108824, "avg_up_swing": 9.4728, "avg_down_swing": 5.7294, "max_up_swing": 29.71, "max_down_swing": 26.175}, "3:55 PM": {"sessions": 95, "up_hits": 68, "up_rate": 0.7158, "down_hits": 55, "down_rate": 0.5789, "both_hits": 28, "both_rate": 0.2947, "neither_hits": 0, "neither_rate": 0.0, "avg_up_swing_pct": 0.026599, "avg_down_swing_pct": 0.017005, "max_up_swing_pct": 0.125351, "max_down_swing_pct": 0.104524, "avg_up_swing": 9.4818, "avg_down_swing": 5.7203, "max_up_swing": 31.035, "max_down_swing": 25.02}, "3:50\u201355 avg": {"sessions": 95, "up_hits": 67, "up_rate": 0.7053, "down_hits": 56, "down_rate": 0.5895, "both_hits": 28, "both_rate": 0.2947, "neither_hits": 0, "neither_rate": 0.0, "avg_up_swing_pct": 0.027198, "avg_down_swing_pct": 0.016433, "max_up_swing_pct": 0.122841, "max_down_swing_pct": 0.107324, "avg_up_swing": 9.6741, "avg_down_swing": 5.528, "max_up_swing": 30.4817, "max_down_swing": 25.7708}}}, "0.0125": {"pct": 0.0125, "references": {"3:50 PM": {"sessions": 95, "up_hits": 65, "up_rate": 0.6842, "down_hits": 53, "down_rate": 0.5579, "both_hits": 23, "both_rate": 0.2421, "neither_hits": 0, "neither_rate": 0.0, "avg_up_swing_pct": 0.027569, "avg_down_swing_pct": 0.016083, "max_up_swing_pct": 0.123083, "max_down_swing_pct": 0.109694, "avg_up_swing": 9.781, "avg_down_swing": 5.4212, "max_up_swing": 30.535, "max_down_swing": 26.41}, "3:51 PM": {"sessions": 95, "up_hits": 65, "up_rate": 0.6842, "down_hits": 53, "down_rate": 0.5579, "both_hits": 23, "both_rate": 0.2421, "neither_hits": 0, "neither_rate": 0.0, "avg_up_swing_pct": 0.027625, "avg_down_swing_pct": 0.016029, "max_up_swing_pct": 0.123015, "max_down_swing_pct": 0.108435, "avg_up_swing": 9.8042, "avg_down_swing": 5.398, "max_up_swing": 30.52, "max_down_swing": 26.07}, "3:52 PM": {"sessions": 95, "up_hits": 65, "up_rate": 0.6842, "down_hits": 54, "down_rate": 0.5684, "both_hits": 24, "both_rate": 0.2526, "neither_hits": 0, "neither_rate": 0.0, "avg_up_swing_pct": 0.027658, "avg_down_swing_pct": 0.015999, "max_up_swing_pct": 0.122924, "max_down_swing_pct": 0.105683, "avg_up_swing": 9.8112, "avg_down_swing": 5.391, "max_up_swing": 30.5, "max_down_swing": 25.33}, "3:53 PM": {"sessions": 95, "up_hits": 66, "up_rate": 0.6947, "down_hits": 54, "down_rate": 0.5684, "both_hits": 25, "both_rate": 0.2632, "neither_hits": 0, "neither_rate": 0.0, "avg_up_swing_pct": 0.027262, "avg_down_swing_pct": 0.016373, "max_up_swing_pct": 0.123332, "max_down_swing_pct": 0.106763, "avg_up_swing": 9.6939, "avg_down_swing": 5.5083, "max_up_swing": 30.59, "max_down_swing": 25.62}, "3:54 PM": {"sessions": 95, "up_hits": 66, "up_rate": 0.6947, "down_hits": 53, "down_rate": 0.5579, "both_hits": 24, "both_rate": 0.2526, "neither_hits": 0, "neither_rate": 0.0, "avg_up_swing_pct": 0.026494, "avg_down_swing_pct": 0.017094, "max_up_swing_pct": 0.11936, "max_down_swing_pct": 0.108824, "avg_up_swing": 9.4728, "avg_down_swing": 5.7294, "max_up_swing": 29.71, "max_down_swing": 26.175}, "3:55 PM": {"sessions": 95, "up_hits": 64, "up_rate": 0.6737, "down_hits": 53, "down_rate": 0.5579, "both_hits": 23, "both_rate": 0.2421, "neither_hits": 1, "neither_rate": 0.0105, "avg_up_swing_pct": 0.026599, "avg_down_swing_pct": 0.017005, "max_up_swing_pct": 0.125351, "max_down_swing_pct": 0.104524, "avg_up_swing": 9.4818, "avg_down_swing": 5.7203, "max_up_swing": 31.035, "max_down_swing": 25.02}, "3:50\u201355 avg": {"sessions": 95, "up_hits": 66, "up_rate": 0.6947, "down_hits": 54, "down_rate": 0.5684, "both_hits": 25, "both_rate": 0.2632, "neither_hits": 0, "neither_rate": 0.0, "avg_up_swing_pct": 0.027198, "avg_down_swing_pct": 0.016433, "max_up_swing_pct": 0.122841, "max_down_swing_pct": 0.107324, "avg_up_swing": 9.6741, "avg_down_swing": 5.528, "max_up_swing": 30.4817, "max_down_swing": 25.7708}}}, "0.0150": {"pct": 0.015, "references": {"3:50 PM": {"sessions": 95, "up_hits": 63, "up_rate": 0.6632, "down_hits": 51, "down_rate": 0.5368, "both_hits": 20, "both_rate": 0.2105, "neither_hits": 1, "neither_rate": 0.0105, "avg_up_swing_pct": 0.027569, "avg_down_swing_pct": 0.016083, "max_up_swing_pct": 0.123083, "max_down_swing_pct": 0.109694, "avg_up_swing": 9.781, "avg_down_swing": 5.4212, "max_up_swing": 30.535, "max_down_swing": 26.41}, "3:51 PM": {"sessions": 95, "up_hits": 63, "up_rate": 0.6632, "down_hits": 51, "down_rate": 0.5368, "both_hits": 20, "both_rate": 0.2105, "neither_hits": 1, "neither_rate": 0.0105, "avg_up_swing_pct": 0.027625, "avg_down_swing_pct": 0.016029, "max_up_swing_pct": 0.123015, "max_down_swing_pct": 0.108435, "avg_up_swing": 9.8042, "avg_down_swing": 5.398, "max_up_swing": 30.52, "max_down_swing": 26.07}, "3:52 PM": {"sessions": 95, "up_hits": 64, "up_rate": 0.6737, "down_hits": 49, "down_rate": 0.5158, "both_hits": 19, "both_rate": 0.2, "neither_hits": 1, "neither_rate": 0.0105, "avg_up_swing_pct": 0.027658, "avg_down_swing_pct": 0.015999, "max_up_swing_pct": 0.122924, "max_down_swing_pct": 0.105683, "avg_up_swing": 9.8112, "avg_down_swing": 5.391, "max_up_swing": 30.5, "max_down_swing": 25.33}, "3:53 PM": {"sessions": 95, "up_hits": 64, "up_rate": 0.6737, "down_hits": 51, "down_rate": 0.5368, "both_hits": 21, "both_rate": 0.2211, "neither_hits": 1, "neither_rate": 0.0105, "avg_up_swing_pct": 0.027262, "avg_down_swing_pct": 0.016373, "max_up_swing_pct": 0.123332, "max_down_swing_pct": 0.106763, "avg_up_swing": 9.6939, "avg_down_swing": 5.5083, "max_up_swing": 30.59, "max_down_swing": 25.62}, "3:54 PM": {"sessions": 95, "up_hits": 61, "up_rate": 0.6421, "down_hits": 51, "down_rate": 0.5368, "both_hits": 19, "both_rate": 0.2, "neither_hits": 2, "neither_rate": 0.0211, "avg_up_swing_pct": 0.026494, "avg_down_swing_pct": 0.017094, "max_up_swing_pct": 0.11936, "max_down_swing_pct": 0.108824, "avg_up_swing": 9.4728, "avg_down_swing": 5.7294, "max_up_swing": 29.71, "max_down_swing": 26.175}, "3:55 PM": {"sessions": 95, "up_hits": 61, "up_rate": 0.6421, "down_hits": 50, "down_rate": 0.5263, "both_hits": 18, "both_rate": 0.1895, "neither_hits": 2, "neither_rate": 0.0211, "avg_up_swing_pct": 0.026599, "avg_down_swing_pct": 0.017005, "max_up_swing_pct": 0.125351, "max_down_swing_pct": 0.104524, "avg_up_swing": 9.4818, "avg_down_swing": 5.7203, "max_up_swing": 31.035, "max_down_swing": 25.02}, "3:50\u201355 avg": {"sessions": 95, "up_hits": 64, "up_rate": 0.6737, "down_hits": 51, "down_rate": 0.5368, "both_hits": 21, "both_rate": 0.2211, "neither_hits": 1, "neither_rate": 0.0105, "avg_up_swing_pct": 0.027198, "avg_down_swing_pct": 0.016433, "max_up_swing_pct": 0.122841, "max_down_swing_pct": 0.107324, "avg_up_swing": 9.6741, "avg_down_swing": 5.528, "max_up_swing": 30.4817, "max_down_swing": 25.7708}}}, "0.0200": {"pct": 0.02, "references": {"3:50 PM": {"sessions": 95, "up_hits": 52, "up_rate": 0.5474, "down_hits": 41, "down_rate": 0.4316, "both_hits": 7, "both_rate": 0.0737, "neither_hits": 9, "neither_rate": 0.0947, "avg_up_swing_pct": 0.027569, "avg_down_swing_pct": 0.016083, "max_up_swing_pct": 0.123083, "max_down_swing_pct": 0.109694, "avg_up_swing": 9.781, "avg_down_swing": 5.4212, "max_up_swing": 30.535, "max_down_swing": 26.41}, "3:51 PM": {"sessions": 95, "up_hits": 52, "up_rate": 0.5474, "down_hits": 42, "down_rate": 0.4421, "both_hits": 8, "both_rate": 0.0842, "neither_hits": 9, "neither_rate": 0.0947, "avg_up_swing_pct": 0.027625, "avg_down_swing_pct": 0.016029, "max_up_swing_pct": 0.123015, "max_down_swing_pct": 0.108435, "avg_up_swing": 9.8042, "avg_down_swing": 5.398, "max_up_swing": 30.52, "max_down_swing": 26.07}, "3:52 PM": {"sessions": 95, "up_hits": 53, "up_rate": 0.5579, "down_hits": 44, "down_rate": 0.4632, "both_hits": 10, "both_rate": 0.1053, "neither_hits": 8, "neither_rate": 0.0842, "avg_up_swing_pct": 0.027658, "avg_down_swing_pct": 0.015999, "max_up_swing_pct": 0.122924, "max_down_swing_pct": 0.105683, "avg_up_swing": 9.8112, "avg_down_swing": 5.391, "max_up_swing": 30.5, "max_down_swing": 25.33}, "3:53 PM": {"sessions": 95, "up_hits": 53, "up_rate": 0.5579, "down_hits": 44, "down_rate": 0.4632, "both_hits": 9, "both_rate": 0.0947, "neither_hits": 7, "neither_rate": 0.0737, "avg_up_swing_pct": 0.027262, "avg_down_swing_pct": 0.016373, "max_up_swing_pct": 0.123332, "max_down_swing_pct": 0.106763, "avg_up_swing": 9.6939, "avg_down_swing": 5.5083, "max_up_swing": 30.59, "max_down_swing": 25.62}, "3:54 PM": {"sessions": 95, "up_hits": 53, "up_rate": 0.5579, "down_hits": 46, "down_rate": 0.4842, "both_hits": 9, "both_rate": 0.0947, "neither_hits": 5, "neither_rate": 0.0526, "avg_up_swing_pct": 0.026494, "avg_down_swing_pct": 0.017094, "max_up_swing_pct": 0.11936, "max_down_swing_pct": 0.108824, "avg_up_swing": 9.4728, "avg_down_swing": 5.7294, "max_up_swing": 29.71, "max_down_swing": 26.175}, "3:55 PM": {"sessions": 95, "up_hits": 53, "up_rate": 0.5579, "down_hits": 46, "down_rate": 0.4842, "both_hits": 10, "both_rate": 0.1053, "neither_hits": 6, "neither_rate": 0.0632, "avg_up_swing_pct": 0.026599, "avg_down_swing_pct": 0.017005, "max_up_swing_pct": 0.125351, "max_down_swing_pct": 0.104524, "avg_up_swing": 9.4818, "avg_down_swing": 5.7203, "max_up_swing": 31.035, "max_down_swing": 25.02}, "3:50\u201355 avg": {"sessions": 95, "up_hits": 53, "up_rate": 0.5579, "down_hits": 44, "down_rate": 0.4632, "both_hits": 9, "both_rate": 0.0947, "neither_hits": 7, "neither_rate": 0.0737, "avg_up_swing_pct": 0.027198, "avg_down_swing_pct": 0.016433, "max_up_swing_pct": 0.122841, "max_down_swing_pct": 0.107324, "avg_up_swing": 9.6741, "avg_down_swing": 5.528, "max_up_swing": 30.4817, "max_down_swing": 25.7708}}}, "0.0250": {"pct": 0.025, "references": {"3:50 PM": {"sessions": 95, "up_hits": 47, "up_rate": 0.4947, "down_hits": 37, "down_rate": 0.3895, "both_hits": 4, "both_rate": 0.0421, "neither_hits": 15, "neither_rate": 0.1579, "avg_up_swing_pct": 0.027569, "avg_down_swing_pct": 0.016083, "max_up_swing_pct": 0.123083, "max_down_swing_pct": 0.109694, "avg_up_swing": 9.781, "avg_down_swing": 5.4212, "max_up_swing": 30.535, "max_down_swing": 26.41}, "3:51 PM": {"sessions": 95, "up_hits": 48, "up_rate": 0.5053, "down_hits": 36, "down_rate": 0.3789, "both_hits": 5, "both_rate": 0.0526, "neither_hits": 16, "neither_rate": 0.1684, "avg_up_swing_pct": 0.027625, "avg_down_swing_pct": 0.016029, "max_up_swing_pct": 0.123015, "max_down_swing_pct": 0.108435, "avg_up_swing": 9.8042, "avg_down_swing": 5.398, "max_up_swing": 30.52, "max_down_swing": 26.07}, "3:52 PM": {"sessions": 95, "up_hits": 47, "up_rate": 0.4947, "down_hits": 36, "down_rate": 0.3789, "both_hits": 4, "both_rate": 0.0421, "neither_hits": 16, "neither_rate": 0.1684, "avg_up_swing_pct": 0.027658, "avg_down_swing_pct": 0.015999, "max_up_swing_pct": 0.122924, "max_down_swing_pct": 0.105683, "avg_up_swing": 9.8112, "avg_down_swing": 5.391, "max_up_swing": 30.5, "max_down_swing": 25.33}, "3:53 PM": {"sessions": 95, "up_hits": 46, "up_rate": 0.4842, "down_hits": 38, "down_rate": 0.4, "both_hits": 4, "both_rate": 0.0421, "neither_hits": 15, "neither_rate": 0.1579, "avg_up_swing_pct": 0.027262, "avg_down_swing_pct": 0.016373, "max_up_swing_pct": 0.123332, "max_down_swing_pct": 0.106763, "avg_up_swing": 9.6939, "avg_down_swing": 5.5083, "max_up_swing": 30.59, "max_down_swing": 25.62}, "3:54 PM": {"sessions": 95, "up_hits": 46, "up_rate": 0.4842, "down_hits": 38, "down_rate": 0.4, "both_hits": 5, "both_rate": 0.0526, "neither_hits": 16, "neither_rate": 0.1684, "avg_up_swing_pct": 0.026494, "avg_down_swing_pct": 0.017094, "max_up_swing_pct": 0.11936, "max_down_swing_pct": 0.108824, "avg_up_swing": 9.4728, "avg_down_swing": 5.7294, "max_up_swing": 29.71, "max_down_swing": 26.175}, "3:55 PM": {"sessions": 95, "up_hits": 48, "up_rate": 0.5053, "down_hits": 40, "down_rate": 0.4211, "both_hits": 6, "both_rate": 0.0632, "neither_hits": 13, "neither_rate": 0.1368, "avg_up_swing_pct": 0.026599, "avg_down_swing_pct": 0.017005, "max_up_swing_pct": 0.125351, "max_down_swing_pct": 0.104524, "avg_up_swing": 9.4818, "avg_down_swing": 5.7203, "max_up_swing": 31.035, "max_down_swing": 25.02}, "3:50\u201355 avg": {"sessions": 95, "up_hits": 47, "up_rate": 0.4947, "down_hits": 37, "down_rate": 0.3895, "both_hits": 4, "both_rate": 0.0421, "neither_hits": 15, "neither_rate": 0.1579, "avg_up_swing_pct": 0.027198, "avg_down_swing_pct": 0.016433, "max_up_swing_pct": 0.122841, "max_down_swing_pct": 0.107324, "avg_up_swing": 9.6741, "avg_down_swing": 5.528, "max_up_swing": 30.4817, "max_down_swing": 25.7708}}}, "0.0300": {"pct": 0.03, "references": {"3:50 PM": {"sessions": 95, "up_hits": 41, "up_rate": 0.4316, "down_hits": 35, "down_rate": 0.3684, "both_hits": 4, "both_rate": 0.0421, "neither_hits": 23, "neither_rate": 0.2421, "avg_up_swing_pct": 0.027569, "avg_down_swing_pct": 0.016083, "max_up_swing_pct": 0.123083, "max_down_swing_pct": 0.109694, "avg_up_swing": 9.781, "avg_down_swing": 5.4212, "max_up_swing": 30.535, "max_down_swing": 26.41}, "3:51 PM": {"sessions": 95, "up_hits": 42, "up_rate": 0.4421, "down_hits": 33, "down_rate": 0.3474, "both_hits": 4, "both_rate": 0.0421, "neither_hits": 24, "neither_rate": 0.2526, "avg_up_swing_pct": 0.027625, "avg_down_swing_pct": 0.016029, "max_up_swing_pct": 0.123015, "max_down_swing_pct": 0.108435, "avg_up_swing": 9.8042, "avg_down_swing": 5.398, "max_up_swing": 30.52, "max_down_swing": 26.07}, "3:52 PM": {"sessions": 95, "up_hits": 42, "up_rate": 0.4421, "down_hits": 33, "down_rate": 0.3474, "both_hits": 4, "both_rate": 0.0421, "neither_hits": 24, "neither_rate": 0.2526, "avg_up_swing_pct": 0.027658, "avg_down_swing_pct": 0.015999, "max_up_swing_pct": 0.122924, "max_down_swing_pct": 0.105683, "avg_up_swing": 9.8112, "avg_down_swing": 5.391, "max_up_swing": 30.5, "max_down_swing": 25.33}, "3:53 PM": {"sessions": 95, "up_hits": 41, "up_rate": 0.4316, "down_hits": 33, "down_rate": 0.3474, "both_hits": 4, "both_rate": 0.0421, "neither_hits": 25, "neither_rate": 0.2632, "avg_up_swing_pct": 0.027262, "avg_down_swing_pct": 0.016373, "max_up_swing_pct": 0.123332, "max_down_swing_pct": 0.106763, "avg_up_swing": 9.6939, "avg_down_swing": 5.5083, "max_up_swing": 30.59, "max_down_swing": 25.62}, "3:54 PM": {"sessions": 95, "up_hits": 41, "up_rate": 0.4316, "down_hits": 35, "down_rate": 0.3684, "both_hits": 4, "both_rate": 0.0421, "neither_hits": 23, "neither_rate": 0.2421, "avg_up_swing_pct": 0.026494, "avg_down_swing_pct": 0.017094, "max_up_swing_pct": 0.11936, "max_down_swing_pct": 0.108824, "avg_up_swing": 9.4728, "avg_down_swing": 5.7294, "max_up_swing": 29.71, "max_down_swing": 26.175}, "3:55 PM": {"sessions": 95, "up_hits": 38, "up_rate": 0.4, "down_hits": 35, "down_rate": 0.3684, "both_hits": 4, "both_rate": 0.0421, "neither_hits": 26, "neither_rate": 0.2737, "avg_up_swing_pct": 0.026599, "avg_down_swing_pct": 0.017005, "max_up_swing_pct": 0.125351, "max_down_swing_pct": 0.104524, "avg_up_swing": 9.4818, "avg_down_swing": 5.7203, "max_up_swing": 31.035, "max_down_swing": 25.02}, "3:50\u201355 avg": {"sessions": 95, "up_hits": 42, "up_rate": 0.4421, "down_hits": 34, "down_rate": 0.3579, "both_hits": 4, "both_rate": 0.0421, "neither_hits": 23, "neither_rate": 0.2421, "avg_up_swing_pct": 0.027198, "avg_down_swing_pct": 0.016433, "max_up_swing_pct": 0.122841, "max_down_swing_pct": 0.107324, "avg_up_swing": 9.6741, "avg_down_swing": 5.528, "max_up_swing": 30.4817, "max_down_swing": 25.7708}}}, "0.0350": {"pct": 0.035, "references": {"3:50 PM": {"sessions": 95, "up_hits": 35, "up_rate": 0.3684, "down_hits": 28, "down_rate": 0.2947, "both_hits": 4, "both_rate": 0.0421, "neither_hits": 36, "neither_rate": 0.3789, "avg_up_swing_pct": 0.027569, "avg_down_swing_pct": 0.016083, "max_up_swing_pct": 0.123083, "max_down_swing_pct": 0.109694, "avg_up_swing": 9.781, "avg_down_swing": 5.4212, "max_up_swing": 30.535, "max_down_swing": 26.41}, "3:51 PM": {"sessions": 95, "up_hits": 36, "up_rate": 0.3789, "down_hits": 28, "down_rate": 0.2947, "both_hits": 4, "both_rate": 0.0421, "neither_hits": 35, "neither_rate": 0.3684, "avg_up_swing_pct": 0.027625, "avg_down_swing_pct": 0.016029, "max_up_swing_pct": 0.123015, "max_down_swing_pct": 0.108435, "avg_up_swing": 9.8042, "avg_down_swing": 5.398, "max_up_swing": 30.52, "max_down_swing": 26.07}, "3:52 PM": {"sessions": 95, "up_hits": 36, "up_rate": 0.3789, "down_hits": 29, "down_rate": 0.3053, "both_hits": 4, "both_rate": 0.0421, "neither_hits": 34, "neither_rate": 0.3579, "avg_up_swing_pct": 0.027658, "avg_down_swing_pct": 0.015999, "max_up_swing_pct": 0.122924, "max_down_swing_pct": 0.105683, "avg_up_swing": 9.8112, "avg_down_swing": 5.391, "max_up_swing": 30.5, "max_down_swing": 25.33}, "3:53 PM": {"sessions": 95, "up_hits": 35, "up_rate": 0.3684, "down_hits": 29, "down_rate": 0.3053, "both_hits": 4, "both_rate": 0.0421, "neither_hits": 35, "neither_rate": 0.3684, "avg_up_swing_pct": 0.027262, "avg_down_swing_pct": 0.016373, "max_up_swing_pct": 0.123332, "max_down_swing_pct": 0.106763, "avg_up_swing": 9.6939, "avg_down_swing": 5.5083, "max_up_swing": 30.59, "max_down_swing": 25.62}, "3:54 PM": {"sessions": 95, "up_hits": 34, "up_rate": 0.3579, "down_hits": 30, "down_rate": 0.3158, "both_hits": 3, "both_rate": 0.0316, "neither_hits": 34, "neither_rate": 0.3579, "avg_up_swing_pct": 0.026494, "avg_down_swing_pct": 0.017094, "max_up_swing_pct": 0.11936, "max_down_swing_pct": 0.108824, "avg_up_swing": 9.4728, "avg_down_swing": 5.7294, "max_up_swing": 29.71, "max_down_swing": 26.175}, "3:55 PM": {"sessions": 95, "up_hits": 34, "up_rate": 0.3579, "down_hits": 29, "down_rate": 0.3053, "both_hits": 3, "both_rate": 0.0316, "neither_hits": 35, "neither_rate": 0.3684, "avg_up_swing_pct": 0.026599, "avg_down_swing_pct": 0.017005, "max_up_swing_pct": 0.125351, "max_down_swing_pct": 0.104524, "avg_up_swing": 9.4818, "avg_down_swing": 5.7203, "max_up_swing": 31.035, "max_down_swing": 25.02}, "3:50\u201355 avg": {"sessions": 95, "up_hits": 36, "up_rate": 0.3789, "down_hits": 29, "down_rate": 0.3053, "both_hits": 4, "both_rate": 0.0421, "neither_hits": 34, "neither_rate": 0.3579, "avg_up_swing_pct": 0.027198, "avg_down_swing_pct": 0.016433, "max_up_swing_pct": 0.122841, "max_down_swing_pct": 0.107324, "avg_up_swing": 9.6741, "avg_down_swing": 5.528, "max_up_swing": 30.4817, "max_down_swing": 25.7708}}}, "0.0400": {"pct": 0.04, "references": {"3:50 PM": {"sessions": 95, "up_hits": 32, "up_rate": 0.3368, "down_hits": 21, "down_rate": 0.2211, "both_hits": 2, "both_rate": 0.0211, "neither_hits": 44, "neither_rate": 0.4632, "avg_up_swing_pct": 0.027569, "avg_down_swing_pct": 0.016083, "max_up_swing_pct": 0.123083, "max_down_swing_pct": 0.109694, "avg_up_swing": 9.781, "avg_down_swing": 5.4212, "max_up_swing": 30.535, "max_down_swing": 26.41}, "3:51 PM": {"sessions": 95, "up_hits": 33, "up_rate": 0.3474, "down_hits": 21, "down_rate": 0.2211, "both_hits": 3, "both_rate": 0.0316, "neither_hits": 44, "neither_rate": 0.4632, "avg_up_swing_pct": 0.027625, "avg_down_swing_pct": 0.016029, "max_up_swing_pct": 0.123015, "max_down_swing_pct": 0.108435, "avg_up_swing": 9.8042, "avg_down_swing": 5.398, "max_up_swing": 30.52, "max_down_swing": 26.07}, "3:52 PM": {"sessions": 95, "up_hits": 31, "up_rate": 0.3263, "down_hits": 20, "down_rate": 0.2105, "both_hits": 3, "both_rate": 0.0316, "neither_hits": 47, "neither_rate": 0.4947, "avg_up_swing_pct": 0.027658, "avg_down_swing_pct": 0.015999, "max_up_swing_pct": 0.122924, "max_down_swing_pct": 0.105683, "avg_up_swing": 9.8112, "avg_down_swing": 5.391, "max_up_swing": 30.5, "max_down_swing": 25.33}, "3:53 PM": {"sessions": 95, "up_hits": 31, "up_rate": 0.3263, "down_hits": 20, "down_rate": 0.2105, "both_hits": 3, "both_rate": 0.0316, "neither_hits": 47, "neither_rate": 0.4947, "avg_up_swing_pct": 0.027262, "avg_down_swing_pct": 0.016373, "max_up_swing_pct": 0.123332, "max_down_swing_pct": 0.106763, "avg_up_swing": 9.6939, "avg_down_swing": 5.5083, "max_up_swing": 30.59, "max_down_swing": 25.62}, "3:54 PM": {"sessions": 95, "up_hits": 29, "up_rate": 0.3053, "down_hits": 22, "down_rate": 0.2316, "both_hits": 2, "both_rate": 0.0211, "neither_hits": 46, "neither_rate": 0.4842, "avg_up_swing_pct": 0.026494, "avg_down_swing_pct": 0.017094, "max_up_swing_pct": 0.11936, "max_down_swing_pct": 0.108824, "avg_up_swing": 9.4728, "avg_down_swing": 5.7294, "max_up_swing": 29.71, "max_down_swing": 26.175}, "3:55 PM": {"sessions": 95, "up_hits": 30, "up_rate": 0.3158, "down_hits": 19, "down_rate": 0.2, "both_hits": 3, "both_rate": 0.0316, "neither_hits": 49, "neither_rate": 0.5158, "avg_up_swing_pct": 0.026599, "avg_down_swing_pct": 0.017005, "max_up_swing_pct": 0.125351, "max_down_swing_pct": 0.104524, "avg_up_swing": 9.4818, "avg_down_swing": 5.7203, "max_up_swing": 31.035, "max_down_swing": 25.02}, "3:50\u201355 avg": {"sessions": 95, "up_hits": 31, "up_rate": 0.3263, "down_hits": 21, "down_rate": 0.2211, "both_hits": 3, "both_rate": 0.0316, "neither_hits": 46, "neither_rate": 0.4842, "avg_up_swing_pct": 0.027198, "avg_down_swing_pct": 0.016433, "max_up_swing_pct": 0.122841, "max_down_swing_pct": 0.107324, "avg_up_swing": 9.6741, "avg_down_swing": 5.528, "max_up_swing": 30.4817, "max_down_swing": 25.7708}}}, "0.0500": {"pct": 0.05, "references": {"3:50 PM": {"sessions": 95, "up_hits": 20, "up_rate": 0.2105, "down_hits": 6, "down_rate": 0.0632, "both_hits": 0, "both_rate": 0.0, "neither_hits": 69, "neither_rate": 0.7263, "avg_up_swing_pct": 0.027569, "avg_down_swing_pct": 0.016083, "max_up_swing_pct": 0.123083, "max_down_swing_pct": 0.109694, "avg_up_swing": 9.781, "avg_down_swing": 5.4212, "max_up_swing": 30.535, "max_down_swing": 26.41}, "3:51 PM": {"sessions": 95, "up_hits": 20, "up_rate": 0.2105, "down_hits": 6, "down_rate": 0.0632, "both_hits": 0, "both_rate": 0.0, "neither_hits": 69, "neither_rate": 0.7263, "avg_up_swing_pct": 0.027625, "avg_down_swing_pct": 0.016029, "max_up_swing_pct": 0.123015, "max_down_swing_pct": 0.108435, "avg_up_swing": 9.8042, "avg_down_swing": 5.398, "max_up_swing": 30.52, "max_down_swing": 26.07}, "3:52 PM": {"sessions": 95, "up_hits": 21, "up_rate": 0.2211, "down_hits": 6, "down_rate": 0.0632, "both_hits": 1, "both_rate": 0.0105, "neither_hits": 69, "neither_rate": 0.7263, "avg_up_swing_pct": 0.027658, "avg_down_swing_pct": 0.015999, "max_up_swing_pct": 0.122924, "max_down_swing_pct": 0.105683, "avg_up_swing": 9.8112, "avg_down_swing": 5.391, "max_up_swing": 30.5, "max_down_swing": 25.33}, "3:53 PM": {"sessions": 95, "up_hits": 20, "up_rate": 0.2105, "down_hits": 6, "down_rate": 0.0632, "both_hits": 1, "both_rate": 0.0105, "neither_hits": 70, "neither_rate": 0.7368, "avg_up_swing_pct": 0.027262, "avg_down_swing_pct": 0.016373, "max_up_swing_pct": 0.123332, "max_down_swing_pct": 0.106763, "avg_up_swing": 9.6939, "avg_down_swing": 5.5083, "max_up_swing": 30.59, "max_down_swing": 25.62}, "3:54 PM": {"sessions": 95, "up_hits": 18, "up_rate": 0.1895, "down_hits": 8, "down_rate": 0.0842, "both_hits": 0, "both_rate": 0.0, "neither_hits": 69, "neither_rate": 0.7263, "avg_up_swing_pct": 0.026494, "avg_down_swing_pct": 0.017094, "max_up_swing_pct": 0.11936, "max_down_swing_pct": 0.108824, "avg_up_swing": 9.4728, "avg_down_swing": 5.7294, "max_up_swing": 29.71, "max_down_swing": 26.175}, "3:55 PM": {"sessions": 95, "up_hits": 19, "up_rate": 0.2, "down_hits": 6, "down_rate": 0.0632, "both_hits": 1, "both_rate": 0.0105, "neither_hits": 71, "neither_rate": 0.7474, "avg_up_swing_pct": 0.026599, "avg_down_swing_pct": 0.017005, "max_up_swing_pct": 0.125351, "max_down_swing_pct": 0.104524, "avg_up_swing": 9.4818, "avg_down_swing": 5.7203, "max_up_swing": 31.035, "max_down_swing": 25.02}, "3:50\u201355 avg": {"sessions": 95, "up_hits": 19, "up_rate": 0.2, "down_hits": 6, "down_rate": 0.0632, "both_hits": 0, "both_rate": 0.0, "neither_hits": 70, "neither_rate": 0.7368, "avg_up_swing_pct": 0.027198, "avg_down_swing_pct": 0.016433, "max_up_swing_pct": 0.122841, "max_down_swing_pct": 0.107324, "avg_up_swing": 9.6741, "avg_down_swing": 5.528, "max_up_swing": 30.4817, "max_down_swing": 25.7708}}}}, "swings": {"3:50 PM": {"avg_up_swing_pct": 0.027569, "avg_down_swing_pct": 0.016083, "max_up_swing_pct": 0.123083, "max_down_swing_pct": 0.109694, "avg_up_swing": 9.781, "avg_down_swing": 5.4212, "max_up_swing": 30.535, "max_down_swing": 26.41}, "3:51 PM": {"avg_up_swing_pct": 0.027625, "avg_down_swing_pct": 0.016029, "max_up_swing_pct": 0.123015, "max_down_swing_pct": 0.108435, "avg_up_swing": 9.8042, "avg_down_swing": 5.398, "max_up_swing": 30.52, "max_down_swing": 26.07}, "3:52 PM": {"avg_up_swing_pct": 0.027658, "avg_down_swing_pct": 0.015999, "max_up_swing_pct": 0.122924, "max_down_swing_pct": 0.105683, "avg_up_swing": 9.8112, "avg_down_swing": 5.391, "max_up_swing": 30.5, "max_down_swing": 25.33}, "3:53 PM": {"avg_up_swing_pct": 0.027262, "avg_down_swing_pct": 0.016373, "max_up_swing_pct": 0.123332, "max_down_swing_pct": 0.106763, "avg_up_swing": 9.6939, "avg_down_swing": 5.5083, "max_up_swing": 30.59, "max_down_swing": 25.62}, "3:54 PM": {"avg_up_swing_pct": 0.026494, "avg_down_swing_pct": 0.017094, "max_up_swing_pct": 0.11936, "max_down_swing_pct": 0.108824, "avg_up_swing": 9.4728, "avg_down_swing": 5.7294, "max_up_swing": 29.71, "max_down_swing": 26.175}, "3:55 PM": {"avg_up_swing_pct": 0.026599, "avg_down_swing_pct": 0.017005, "max_up_swing_pct": 0.125351, "max_down_swing_pct": 0.104524, "avg_up_swing": 9.4818, "avg_down_swing": 5.7203, "max_up_swing": 31.035, "max_down_swing": 25.02}, "3:50\u201355 avg": {"avg_up_swing_pct": 0.027198, "avg_down_swing_pct": 0.016433, "max_up_swing_pct": 0.122841, "max_down_swing_pct": 0.107324, "avg_up_swing": 9.6741, "avg_down_swing": 5.528, "max_up_swing": 30.4817, "max_down_swing": 25.7708}}}, "Wednesday": {"n_sessions": 103, "n_skipped": 2, "n_baseline_substituted": 0, "recommended_reference": "3:52 PM", "recommended_reference_deviation": 0.2548, "steadiness": {"3:50 PM": 0.3594, "3:51 PM": 0.313, "3:52 PM": 0.2548, "3:53 PM": 0.26, "3:54 PM": 0.3646, "3:55 PM": 0.5591}, "thresholds_pct": {"0.0050": {"pct": 0.005, "references": {"3:50 PM": {"sessions": 103, "up_hits": 84, "up_rate": 0.8155, "down_hits": 68, "down_rate": 0.6602, "both_hits": 49, "both_rate": 0.4757, "neither_hits": 0, "neither_rate": 0.0, "avg_up_swing_pct": 0.02586, "avg_down_swing_pct": 0.015846, "max_up_swing_pct": 0.256498, "max_down_swing_pct": 0.112305, "avg_up_swing": 8.6025, "avg_down_swing": 5.7374, "max_up_swing": 56.05, "max_down_swing": 54.035}, "3:51 PM": {"sessions": 103, "up_hits": 84, "up_rate": 0.8155, "down_hits": 69, "down_rate": 0.6699, "both_hits": 50, "both_rate": 0.4854, "neither_hits": 0, "neither_rate": 0.0, "avg_up_swing_pct": 0.025989, "avg_down_swing_pct": 0.015714, "max_up_swing_pct": 0.251801, "max_down_swing_pct": 0.112443, "avg_up_swing": 8.6464, "avg_down_swing": 5.6935, "max_up_swing": 55.23, "max_down_swing": 54.11}, "3:52 PM": {"sessions": 103, "up_hits": 83, "up_rate": 0.8058, "down_hits": 69, "down_rate": 0.6699, "both_hits": 49, "both_rate": 0.4757, "neither_hits": 0, "neither_rate": 0.0, "avg_up_swing_pct": 0.025983, "avg_down_swing_pct": 0.015711, "max_up_swing_pct": 0.24762, "max_down_swing_pct": 0.113861, "avg_up_swing": 8.6407, "avg_down_swing": 5.6992, "max_up_swing": 54.495, "max_down_swing": 54.88}, "3:53 PM": {"sessions": 103, "up_hits": 84, "up_rate": 0.8155, "down_hits": 68, "down_rate": 0.6602, "both_hits": 49, "both_rate": 0.4757, "neither_hits": 0, "neither_rate": 0.0, "avg_up_swing_pct": 0.025738, "avg_down_swing_pct": 0.015939, "max_up_swing_pct": 0.2442, "max_down_swing_pct": 0.114008, "avg_up_swing": 8.5664, "avg_down_swing": 5.7735, "max_up_swing": 53.89, "max_down_swing": 54.96}, "3:54 PM": {"sessions": 103, "up_hits": 83, "up_rate": 0.8058, "down_hits": 69, "down_rate": 0.6699, "both_hits": 49, "both_rate": 0.4757, "neither_hits": 0, "neither_rate": 0.0, "avg_up_swing_pct": 0.025377, "avg_down_swing_pct": 0.016275, "max_up_swing_pct": 0.235855, "max_down_swing_pct": 0.113806, "avg_up_swing": 8.4598, "avg_down_swing": 5.8801, "max_up_swing": 52.4, "max_down_swing": 54.85}, "3:55 PM": {"sessions": 103, "up_hits": 82, "up_rate": 0.7961, "down_hits": 68, "down_rate": 0.6602, "both_hits": 47, "both_rate": 0.4563, "neither_hits": 0, "neither_rate": 0.0, "avg_up_swing_pct": 0.025795, "avg_down_swing_pct": 0.015888, "max_up_swing_pct": 0.241864, "max_down_swing_pct": 0.111095, "avg_up_swing": 8.5864, "avg_down_swing": 5.7535, "max_up_swing": 53.475, "max_down_swing": 53.38}, "3:50\u201355 avg": {"sessions": 103, "up_hits": 84, "up_rate": 0.8155, "down_hits": 68, "down_rate": 0.6602, "both_hits": 49, "both_rate": 0.4757, "neither_hits": 0, "neither_rate": 0.0, "avg_up_swing_pct": 0.025788, "avg_down_swing_pct": 0.015898, "max_up_swing_pct": 0.24627, "max_down_swing_pct": 0.112921, "avg_up_swing": 8.5837, "avg_down_swing": 5.7562, "max_up_swing": 54.2567, "max_down_swing": 54.3692}}}, "0.0075": {"pct": 0.0075, "references": {"3:50 PM": {"sessions": 103, "up_hits": 80, "up_rate": 0.7767, "down_hits": 62, "down_rate": 0.6019, "both_hits": 39, "both_rate": 0.3786, "neither_hits": 0, "neither_rate": 0.0, "avg_up_swing_pct": 0.02586, "avg_down_swing_pct": 0.015846, "max_up_swing_pct": 0.256498, "max_down_swing_pct": 0.112305, "avg_up_swing": 8.6025, "avg_down_swing": 5.7374, "max_up_swing": 56.05, "max_down_swing": 54.035}, "3:51 PM": {"sessions": 103, "up_hits": 81, "up_rate": 0.7864, "down_hits": 64, "down_rate": 0.6214, "both_hits": 42, "both_rate": 0.4078, "neither_hits": 0, "neither_rate": 0.0, "avg_up_swing_pct": 0.025989, "avg_down_swing_pct": 0.015714, "max_up_swing_pct": 0.251801, "max_down_swing_pct": 0.112443, "avg_up_swing": 8.6464, "avg_down_swing": 5.6935, "max_up_swing": 55.23, "max_down_swing": 54.11}, "3:52 PM": {"sessions": 103, "up_hits": 81, "up_rate": 0.7864, "down_hits": 63, "down_rate": 0.6117, "both_hits": 41, "both_rate": 0.3981, "neither_hits": 0, "neither_rate": 0.0, "avg_up_swing_pct": 0.025983, "avg_down_swing_pct": 0.015711, "max_up_swing_pct": 0.24762, "max_down_swing_pct": 0.113861, "avg_up_swing": 8.6407, "avg_down_swing": 5.6992, "max_up_swing": 54.495, "max_down_swing": 54.88}, "3:53 PM": {"sessions": 103, "up_hits": 80, "up_rate": 0.7767, "down_hits": 64, "down_rate": 0.6214, "both_hits": 41, "both_rate": 0.3981, "neither_hits": 0, "neither_rate": 0.0, "avg_up_swing_pct": 0.025738, "avg_down_swing_pct": 0.015939, "max_up_swing_pct": 0.2442, "max_down_swing_pct": 0.114008, "avg_up_swing": 8.5664, "avg_down_swing": 5.7735, "max_up_swing": 53.89, "max_down_swing": 54.96}, "3:54 PM": {"sessions": 103, "up_hits": 77, "up_rate": 0.7476, "down_hits": 62, "down_rate": 0.6019, "both_hits": 36, "both_rate": 0.3495, "neither_hits": 0, "neither_rate": 0.0, "avg_up_swing_pct": 0.025377, "avg_down_swing_pct": 0.016275, "max_up_swing_pct": 0.235855, "max_down_swing_pct": 0.113806, "avg_up_swing": 8.4598, "avg_down_swing": 5.8801, "max_up_swing": 52.4, "max_down_swing": 54.85}, "3:55 PM": {"sessions": 103, "up_hits": 78, "up_rate": 0.7573, "down_hits": 64, "down_rate": 0.6214, "both_hits": 39, "both_rate": 0.3786, "neither_hits": 0, "neither_rate": 0.0, "avg_up_swing_pct": 0.025795, "avg_down_swing_pct": 0.015888, "max_up_swing_pct": 0.241864, "max_down_swing_pct": 0.111095, "avg_up_swing": 8.5864, "avg_down_swing": 5.7535, "max_up_swing": 53.475, "max_down_swing": 53.38}, "3:50\u201355 avg": {"sessions": 103, "up_hits": 81, "up_rate": 0.7864, "down_hits": 63, "down_rate": 0.6117, "both_hits": 41, "both_rate": 0.3981, "neither_hits": 0, "neither_rate": 0.0, "avg_up_swing_pct": 0.025788, "avg_down_swing_pct": 0.015898, "max_up_swing_pct": 0.24627, "max_down_swing_pct": 0.112921, "avg_up_swing": 8.5837, "avg_down_swing": 5.7562, "max_up_swing": 54.2567, "max_down_swing": 54.3692}}}, "0.0100": {"pct": 0.01, "references": {"3:50 PM": {"sessions": 103, "up_hits": 71, "up_rate": 0.6893, "down_hits": 60, "down_rate": 0.5825, "both_hits": 28, "both_rate": 0.2718, "neither_hits": 0, "neither_rate": 0.0, "avg_up_swing_pct": 0.02586, "avg_down_swing_pct": 0.015846, "max_up_swing_pct": 0.256498, "max_down_swing_pct": 0.112305, "avg_up_swing": 8.6025, "avg_down_swing": 5.7374, "max_up_swing": 56.05, "max_down_swing": 54.035}, "3:51 PM": {"sessions": 103, "up_hits": 73, "up_rate": 0.7087, "down_hits": 56, "down_rate": 0.5437, "both_hits": 26, "both_rate": 0.2524, "neither_hits": 0, "neither_rate": 0.0, "avg_up_swing_pct": 0.025989, "avg_down_swing_pct": 0.015714, "max_up_swing_pct": 0.251801, "max_down_swing_pct": 0.112443, "avg_up_swing": 8.6464, "avg_down_swing": 5.6935, "max_up_swing": 55.23, "max_down_swing": 54.11}, "3:52 PM": {"sessions": 103, "up_hits": 70, "up_rate": 0.6796, "down_hits": 58, "down_rate": 0.5631, "both_hits": 25, "both_rate": 0.2427, "neither_hits": 0, "neither_rate": 0.0, "avg_up_swing_pct": 0.025983, "avg_down_swing_pct": 0.015711, "max_up_swing_pct": 0.24762, "max_down_swing_pct": 0.113861, "avg_up_swing": 8.6407, "avg_down_swing": 5.6992, "max_up_swing": 54.495, "max_down_swing": 54.88}, "3:53 PM": {"sessions": 103, "up_hits": 70, "up_rate": 0.6796, "down_hits": 58, "down_rate": 0.5631, "both_hits": 25, "both_rate": 0.2427, "neither_hits": 0, "neither_rate": 0.0, "avg_up_swing_pct": 0.025738, "avg_down_swing_pct": 0.015939, "max_up_swing_pct": 0.2442, "max_down_swing_pct": 0.114008, "avg_up_swing": 8.5664, "avg_down_swing": 5.7735, "max_up_swing": 53.89, "max_down_swing": 54.96}, "3:54 PM": {"sessions": 103, "up_hits": 67, "up_rate": 0.6505, "down_hits": 59, "down_rate": 0.5728, "both_hits": 23, "both_rate": 0.2233, "neither_hits": 0, "neither_rate": 0.0, "avg_up_swing_pct": 0.025377, "avg_down_swing_pct": 0.016275, "max_up_swing_pct": 0.235855, "max_down_swing_pct": 0.113806, "avg_up_swing": 8.4598, "avg_down_swing": 5.8801, "max_up_swing": 52.4, "max_down_swing": 54.85}, "3:55 PM": {"sessions": 103, "up_hits": 69, "up_rate": 0.6699, "down_hits": 57, "down_rate": 0.5534, "both_hits": 23, "both_rate": 0.2233, "neither_hits": 0, "neither_rate": 0.0, "avg_up_swing_pct": 0.025795, "avg_down_swing_pct": 0.015888, "max_up_swing_pct": 0.241864, "max_down_swing_pct": 0.111095, "avg_up_swing": 8.5864, "avg_down_swing": 5.7535, "max_up_swing": 53.475, "max_down_swing": 53.38}, "3:50\u201355 avg": {"sessions": 103, "up_hits": 70, "up_rate": 0.6796, "down_hits": 58, "down_rate": 0.5631, "both_hits": 25, "both_rate": 0.2427, "neither_hits": 0, "neither_rate": 0.0, "avg_up_swing_pct": 0.025788, "avg_down_swing_pct": 0.015898, "max_up_swing_pct": 0.24627, "max_down_swing_pct": 0.112921, "avg_up_swing": 8.5837, "avg_down_swing": 5.7562, "max_up_swing": 54.2567, "max_down_swing": 54.3692}}}, "0.0125": {"pct": 0.0125, "references": {"3:50 PM": {"sessions": 103, "up_hits": 67, "up_rate": 0.6505, "down_hits": 53, "down_rate": 0.5146, "both_hits": 19, "both_rate": 0.1845, "neither_hits": 2, "neither_rate": 0.0194, "avg_up_swing_pct": 0.02586, "avg_down_swing_pct": 0.015846, "max_up_swing_pct": 0.256498, "max_down_swing_pct": 0.112305, "avg_up_swing": 8.6025, "avg_down_swing": 5.7374, "max_up_swing": 56.05, "max_down_swing": 54.035}, "3:51 PM": {"sessions": 103, "up_hits": 63, "up_rate": 0.6117, "down_hits": 53, "down_rate": 0.5146, "both_hits": 15, "both_rate": 0.1456, "neither_hits": 2, "neither_rate": 0.0194, "avg_up_swing_pct": 0.025989, "avg_down_swing_pct": 0.015714, "max_up_swing_pct": 0.251801, "max_down_swing_pct": 0.112443, "avg_up_swing": 8.6464, "avg_down_swing": 5.6935, "max_up_swing": 55.23, "max_down_swing": 54.11}, "3:52 PM": {"sessions": 103, "up_hits": 64, "up_rate": 0.6214, "down_hits": 52, "down_rate": 0.5049, "both_hits": 15, "both_rate": 0.1456, "neither_hits": 2, "neither_rate": 0.0194, "avg_up_swing_pct": 0.025983, "avg_down_swing_pct": 0.015711, "max_up_swing_pct": 0.24762, "max_down_swing_pct": 0.113861, "avg_up_swing": 8.6407, "avg_down_swing": 5.6992, "max_up_swing": 54.495, "max_down_swing": 54.88}, "3:53 PM": {"sessions": 103, "up_hits": 65, "up_rate": 0.6311, "down_hits": 55, "down_rate": 0.534, "both_hits": 19, "both_rate": 0.1845, "neither_hits": 2, "neither_rate": 0.0194, "avg_up_swing_pct": 0.025738, "avg_down_swing_pct": 0.015939, "max_up_swing_pct": 0.2442, "max_down_swing_pct": 0.114008, "avg_up_swing": 8.5664, "avg_down_swing": 5.7735, "max_up_swing": 53.89, "max_down_swing": 54.96}, "3:54 PM": {"sessions": 103, "up_hits": 63, "up_rate": 0.6117, "down_hits": 53, "down_rate": 0.5146, "both_hits": 15, "both_rate": 0.1456, "neither_hits": 2, "neither_rate": 0.0194, "avg_up_swing_pct": 0.025377, "avg_down_swing_pct": 0.016275, "max_up_swing_pct": 0.235855, "max_down_swing_pct": 0.113806, "avg_up_swing": 8.4598, "avg_down_swing": 5.8801, "max_up_swing": 52.4, "max_down_swing": 54.85}, "3:55 PM": {"sessions": 103, "up_hits": 60, "up_rate": 0.5825, "down_hits": 53, "down_rate": 0.5146, "both_hits": 14, "both_rate": 0.1359, "neither_hits": 4, "neither_rate": 0.0388, "avg_up_swing_pct": 0.025795, "avg_down_swing_pct": 0.015888, "max_up_swing_pct": 0.241864, "max_down_swing_pct": 0.111095, "avg_up_swing": 8.5864, "avg_down_swing": 5.7535, "max_up_swing": 53.475, "max_down_swing": 53.38}, "3:50\u201355 avg": {"sessions": 103, "up_hits": 63, "up_rate": 0.6117, "down_hits": 55, "down_rate": 0.534, "both_hits": 17, "both_rate": 0.165, "neither_hits": 2, "neither_rate": 0.0194, "avg_up_swing_pct": 0.025788, "avg_down_swing_pct": 0.015898, "max_up_swing_pct": 0.24627, "max_down_swing_pct": 0.112921, "avg_up_swing": 8.5837, "avg_down_swing": 5.7562, "max_up_swing": 54.2567, "max_down_swing": 54.3692}}}, "0.0150": {"pct": 0.015, "references": {"3:50 PM": {"sessions": 103, "up_hits": 57, "up_rate": 0.5534, "down_hits": 42, "down_rate": 0.4078, "both_hits": 7, "both_rate": 0.068, "neither_hits": 11, "neither_rate": 0.1068, "avg_up_swing_pct": 0.02586, "avg_down_swing_pct": 0.015846, "max_up_swing_pct": 0.256498, "max_down_swing_pct": 0.112305, "avg_up_swing": 8.6025, "avg_down_swing": 5.7374, "max_up_swing": 56.05, "max_down_swing": 54.035}, "3:51 PM": {"sessions": 103, "up_hits": 59, "up_rate": 0.5728, "down_hits": 41, "down_rate": 0.3981, "both_hits": 7, "both_rate": 0.068, "neither_hits": 10, "neither_rate": 0.0971, "avg_up_swing_pct": 0.025989, "avg_down_swing_pct": 0.015714, "max_up_swing_pct": 0.251801, "max_down_swing_pct": 0.112443, "avg_up_swing": 8.6464, "avg_down_swing": 5.6935, "max_up_swing": 55.23, "max_down_swing": 54.11}, "3:52 PM": {"sessions": 103, "up_hits": 55, "up_rate": 0.534, "down_hits": 42, "down_rate": 0.4078, "both_hits": 5, "both_rate": 0.0485, "neither_hits": 11, "neither_rate": 0.1068, "avg_up_swing_pct": 0.025983, "avg_down_swing_pct": 0.015711, "max_up_swing_pct": 0.24762, "max_down_swing_pct": 0.113861, "avg_up_swing": 8.6407, "avg_down_swing": 5.6992, "max_up_swing": 54.495, "max_down_swing": 54.88}, "3:53 PM": {"sessions": 103, "up_hits": 55, "up_rate": 0.534, "down_hits": 47, "down_rate": 0.4563, "both_hits": 10, "both_rate": 0.0971, "neither_hits": 11, "neither_rate": 0.1068, "avg_up_swing_pct": 0.025738, "avg_down_swing_pct": 0.015939, "max_up_swing_pct": 0.2442, "max_down_swing_pct": 0.114008, "avg_up_swing": 8.5664, "avg_down_swing": 5.7735, "max_up_swing": 53.89, "max_down_swing": 54.96}, "3:54 PM": {"sessions": 103, "up_hits": 54, "up_rate": 0.5243, "down_hits": 49, "down_rate": 0.4757, "both_hits": 8, "both_rate": 0.0777, "neither_hits": 8, "neither_rate": 0.0777, "avg_up_swing_pct": 0.025377, "avg_down_swing_pct": 0.016275, "max_up_swing_pct": 0.235855, "max_down_swing_pct": 0.113806, "avg_up_swing": 8.4598, "avg_down_swing": 5.8801, "max_up_swing": 52.4, "max_down_swing": 54.85}, "3:55 PM": {"sessions": 103, "up_hits": 56, "up_rate": 0.5437, "down_hits": 47, "down_rate": 0.4563, "both_hits": 9, "both_rate": 0.0874, "neither_hits": 9, "neither_rate": 0.0874, "avg_up_swing_pct": 0.025795, "avg_down_swing_pct": 0.015888, "max_up_swing_pct": 0.241864, "max_down_swing_pct": 0.111095, "avg_up_swing": 8.5864, "avg_down_swing": 5.7535, "max_up_swing": 53.475, "max_down_swing": 53.38}, "3:50\u201355 avg": {"sessions": 103, "up_hits": 56, "up_rate": 0.5437, "down_hits": 45, "down_rate": 0.4369, "both_hits": 8, "both_rate": 0.0777, "neither_hits": 10, "neither_rate": 0.0971, "avg_up_swing_pct": 0.025788, "avg_down_swing_pct": 0.015898, "max_up_swing_pct": 0.24627, "max_down_swing_pct": 0.112921, "avg_up_swing": 8.5837, "avg_down_swing": 5.7562, "max_up_swing": 54.2567, "max_down_swing": 54.3692}}}, "0.0200": {"pct": 0.02, "references": {"3:50 PM": {"sessions": 103, "up_hits": 49, "up_rate": 0.4757, "down_hits": 35, "down_rate": 0.3398, "both_hits": 2, "both_rate": 0.0194, "neither_hits": 21, "neither_rate": 0.2039, "avg_up_swing_pct": 0.02586, "avg_down_swing_pct": 0.015846, "max_up_swing_pct": 0.256498, "max_down_swing_pct": 0.112305, "avg_up_swing": 8.6025, "avg_down_swing": 5.7374, "max_up_swing": 56.05, "max_down_swing": 54.035}, "3:51 PM": {"sessions": 103, "up_hits": 49, "up_rate": 0.4757, "down_hits": 35, "down_rate": 0.3398, "both_hits": 2, "both_rate": 0.0194, "neither_hits": 21, "neither_rate": 0.2039, "avg_up_swing_pct": 0.025989, "avg_down_swing_pct": 0.015714, "max_up_swing_pct": 0.251801, "max_down_swing_pct": 0.112443, "avg_up_swing": 8.6464, "avg_down_swing": 5.6935, "max_up_swing": 55.23, "max_down_swing": 54.11}, "3:52 PM": {"sessions": 103, "up_hits": 50, "up_rate": 0.4854, "down_hits": 35, "down_rate": 0.3398, "both_hits": 2, "both_rate": 0.0194, "neither_hits": 20, "neither_rate": 0.1942, "avg_up_swing_pct": 0.025983, "avg_down_swing_pct": 0.015711, "max_up_swing_pct": 0.24762, "max_down_swing_pct": 0.113861, "avg_up_swing": 8.6407, "avg_down_swing": 5.6992, "max_up_swing": 54.495, "max_down_swing": 54.88}, "3:53 PM": {"sessions": 103, "up_hits": 49, "up_rate": 0.4757, "down_hits": 35, "down_rate": 0.3398, "both_hits": 2, "both_rate": 0.0194, "neither_hits": 21, "neither_rate": 0.2039, "avg_up_swing_pct": 0.025738, "avg_down_swing_pct": 0.015939, "max_up_swing_pct": 0.2442, "max_down_swing_pct": 0.114008, "avg_up_swing": 8.5664, "avg_down_swing": 5.7735, "max_up_swing": 53.89, "max_down_swing": 54.96}, "3:54 PM": {"sessions": 103, "up_hits": 49, "up_rate": 0.4757, "down_hits": 35, "down_rate": 0.3398, "both_hits": 2, "both_rate": 0.0194, "neither_hits": 21, "neither_rate": 0.2039, "avg_up_swing_pct": 0.025377, "avg_down_swing_pct": 0.016275, "max_up_swing_pct": 0.235855, "max_down_swing_pct": 0.113806, "avg_up_swing": 8.4598, "avg_down_swing": 5.8801, "max_up_swing": 52.4, "max_down_swing": 54.85}, "3:55 PM": {"sessions": 103, "up_hits": 49, "up_rate": 0.4757, "down_hits": 36, "down_rate": 0.3495, "both_hits": 2, "both_rate": 0.0194, "neither_hits": 20, "neither_rate": 0.1942, "avg_up_swing_pct": 0.025795, "avg_down_swing_pct": 0.015888, "max_up_swing_pct": 0.241864, "max_down_swing_pct": 0.111095, "avg_up_swing": 8.5864, "avg_down_swing": 5.7535, "max_up_swing": 53.475, "max_down_swing": 53.38}, "3:50\u201355 avg": {"sessions": 103, "up_hits": 49, "up_rate": 0.4757, "down_hits": 35, "down_rate": 0.3398, "both_hits": 2, "both_rate": 0.0194, "neither_hits": 21, "neither_rate": 0.2039, "avg_up_swing_pct": 0.025788, "avg_down_swing_pct": 0.015898, "max_up_swing_pct": 0.24627, "max_down_swing_pct": 0.112921, "avg_up_swing": 8.5837, "avg_down_swing": 5.7562, "max_up_swing": 54.2567, "max_down_swing": 54.3692}}}, "0.0250": {"pct": 0.025, "references": {"3:50 PM": {"sessions": 103, "up_hits": 42, "up_rate": 0.4078, "down_hits": 30, "down_rate": 0.2913, "both_hits": 2, "both_rate": 0.0194, "neither_hits": 33, "neither_rate": 0.3204, "avg_up_swing_pct": 0.02586, "avg_down_swing_pct": 0.015846, "max_up_swing_pct": 0.256498, "max_down_swing_pct": 0.112305, "avg_up_swing": 8.6025, "avg_down_swing": 5.7374, "max_up_swing": 56.05, "max_down_swing": 54.035}, "3:51 PM": {"sessions": 103, "up_hits": 43, "up_rate": 0.4175, "down_hits": 30, "down_rate": 0.2913, "both_hits": 2, "both_rate": 0.0194, "neither_hits": 32, "neither_rate": 0.3107, "avg_up_swing_pct": 0.025989, "avg_down_swing_pct": 0.015714, "max_up_swing_pct": 0.251801, "max_down_swing_pct": 0.112443, "avg_up_swing": 8.6464, "avg_down_swing": 5.6935, "max_up_swing": 55.23, "max_down_swing": 54.11}, "3:52 PM": {"sessions": 103, "up_hits": 44, "up_rate": 0.4272, "down_hits": 31, "down_rate": 0.301, "both_hits": 2, "both_rate": 0.0194, "neither_hits": 30, "neither_rate": 0.2913, "avg_up_swing_pct": 0.025983, "avg_down_swing_pct": 0.015711, "max_up_swing_pct": 0.24762, "max_down_swing_pct": 0.113861, "avg_up_swing": 8.6407, "avg_down_swing": 5.6992, "max_up_swing": 54.495, "max_down_swing": 54.88}, "3:53 PM": {"sessions": 103, "up_hits": 41, "up_rate": 0.3981, "down_hits": 30, "down_rate": 0.2913, "both_hits": 2, "both_rate": 0.0194, "neither_hits": 34, "neither_rate": 0.3301, "avg_up_swing_pct": 0.025738, "avg_down_swing_pct": 0.015939, "max_up_swing_pct": 0.2442, "max_down_swing_pct": 0.114008, "avg_up_swing": 8.5664, "avg_down_swing": 5.7735, "max_up_swing": 53.89, "max_down_swing": 54.96}, "3:54 PM": {"sessions": 103, "up_hits": 41, "up_rate": 0.3981, "down_hits": 31, "down_rate": 0.301, "both_hits": 1, "both_rate": 0.0097, "neither_hits": 32, "neither_rate": 0.3107, "avg_up_swing_pct": 0.025377, "avg_down_swing_pct": 0.016275, "max_up_swing_pct": 0.235855, "max_down_swing_pct": 0.113806, "avg_up_swing": 8.4598, "avg_down_swing": 5.8801, "max_up_swing": 52.4, "max_down_swing": 54.85}, "3:55 PM": {"sessions": 103, "up_hits": 41, "up_rate": 0.3981, "down_hits": 31, "down_rate": 0.301, "both_hits": 1, "both_rate": 0.0097, "neither_hits": 32, "neither_rate": 0.3107, "avg_up_swing_pct": 0.025795, "avg_down_swing_pct": 0.015888, "max_up_swing_pct": 0.241864, "max_down_swing_pct": 0.111095, "avg_up_swing": 8.5864, "avg_down_swing": 5.7535, "max_up_swing": 53.475, "max_down_swing": 53.38}, "3:50\u201355 avg": {"sessions": 103, "up_hits": 42, "up_rate": 0.4078, "down_hits": 31, "down_rate": 0.301, "both_hits": 1, "both_rate": 0.0097, "neither_hits": 31, "neither_rate": 0.301, "avg_up_swing_pct": 0.025788, "avg_down_swing_pct": 0.015898, "max_up_swing_pct": 0.24627, "max_down_swing_pct": 0.112921, "avg_up_swing": 8.5837, "avg_down_swing": 5.7562, "max_up_swing": 54.2567, "max_down_swing": 54.3692}}}, "0.0300": {"pct": 0.03, "references": {"3:50 PM": {"sessions": 103, "up_hits": 32, "up_rate": 0.3107, "down_hits": 25, "down_rate": 0.2427, "both_hits": 1, "both_rate": 0.0097, "neither_hits": 47, "neither_rate": 0.4563, "avg_up_swing_pct": 0.02586, "avg_down_swing_pct": 0.015846, "max_up_swing_pct": 0.256498, "max_down_swing_pct": 0.112305, "avg_up_swing": 8.6025, "avg_down_swing": 5.7374, "max_up_swing": 56.05, "max_down_swing": 54.035}, "3:51 PM": {"sessions": 103, "up_hits": 32, "up_rate": 0.3107, "down_hits": 24, "down_rate": 0.233, "both_hits": 1, "both_rate": 0.0097, "neither_hits": 48, "neither_rate": 0.466, "avg_up_swing_pct": 0.025989, "avg_down_swing_pct": 0.015714, "max_up_swing_pct": 0.251801, "max_down_swing_pct": 0.112443, "avg_up_swing": 8.6464, "avg_down_swing": 5.6935, "max_up_swing": 55.23, "max_down_swing": 54.11}, "3:52 PM": {"sessions": 103, "up_hits": 33, "up_rate": 0.3204, "down_hits": 23, "down_rate": 0.2233, "both_hits": 1, "both_rate": 0.0097, "neither_hits": 48, "neither_rate": 0.466, "avg_up_swing_pct": 0.025983, "avg_down_swing_pct": 0.015711, "max_up_swing_pct": 0.24762, "max_down_swing_pct": 0.113861, "avg_up_swing": 8.6407, "avg_down_swing": 5.6992, "max_up_swing": 54.495, "max_down_swing": 54.88}, "3:53 PM": {"sessions": 103, "up_hits": 33, "up_rate": 0.3204, "down_hits": 23, "down_rate": 0.2233, "both_hits": 1, "both_rate": 0.0097, "neither_hits": 48, "neither_rate": 0.466, "avg_up_swing_pct": 0.025738, "avg_down_swing_pct": 0.015939, "max_up_swing_pct": 0.2442, "max_down_swing_pct": 0.114008, "avg_up_swing": 8.5664, "avg_down_swing": 5.7735, "max_up_swing": 53.89, "max_down_swing": 54.96}, "3:54 PM": {"sessions": 103, "up_hits": 34, "up_rate": 0.3301, "down_hits": 23, "down_rate": 0.2233, "both_hits": 1, "both_rate": 0.0097, "neither_hits": 47, "neither_rate": 0.4563, "avg_up_swing_pct": 0.025377, "avg_down_swing_pct": 0.016275, "max_up_swing_pct": 0.235855, "max_down_swing_pct": 0.113806, "avg_up_swing": 8.4598, "avg_down_swing": 5.8801, "max_up_swing": 52.4, "max_down_swing": 54.85}, "3:55 PM": {"sessions": 103, "up_hits": 33, "up_rate": 0.3204, "down_hits": 25, "down_rate": 0.2427, "both_hits": 1, "both_rate": 0.0097, "neither_hits": 46, "neither_rate": 0.4466, "avg_up_swing_pct": 0.025795, "avg_down_swing_pct": 0.015888, "max_up_swing_pct": 0.241864, "max_down_swing_pct": 0.111095, "avg_up_swing": 8.5864, "avg_down_swing": 5.7535, "max_up_swing": 53.475, "max_down_swing": 53.38}, "3:50\u201355 avg": {"sessions": 103, "up_hits": 33, "up_rate": 0.3204, "down_hits": 23, "down_rate": 0.2233, "both_hits": 1, "both_rate": 0.0097, "neither_hits": 48, "neither_rate": 0.466, "avg_up_swing_pct": 0.025788, "avg_down_swing_pct": 0.015898, "max_up_swing_pct": 0.24627, "max_down_swing_pct": 0.112921, "avg_up_swing": 8.5837, "avg_down_swing": 5.7562, "max_up_swing": 54.2567, "max_down_swing": 54.3692}}}, "0.0350": {"pct": 0.035, "references": {"3:50 PM": {"sessions": 103, "up_hits": 26, "up_rate": 0.2524, "down_hits": 19, "down_rate": 0.1845, "both_hits": 1, "both_rate": 0.0097, "neither_hits": 59, "neither_rate": 0.5728, "avg_up_swing_pct": 0.02586, "avg_down_swing_pct": 0.015846, "max_up_swing_pct": 0.256498, "max_down_swing_pct": 0.112305, "avg_up_swing": 8.6025, "avg_down_swing": 5.7374, "max_up_swing": 56.05, "max_down_swing": 54.035}, "3:51 PM": {"sessions": 103, "up_hits": 27, "up_rate": 0.2621, "down_hits": 18, "down_rate": 0.1748, "both_hits": 1, "both_rate": 0.0097, "neither_hits": 59, "neither_rate": 0.5728, "avg_up_swing_pct": 0.025989, "avg_down_swing_pct": 0.015714, "max_up_swing_pct": 0.251801, "max_down_swing_pct": 0.112443, "avg_up_swing": 8.6464, "avg_down_swing": 5.6935, "max_up_swing": 55.23, "max_down_swing": 54.11}, "3:52 PM": {"sessions": 103, "up_hits": 27, "up_rate": 0.2621, "down_hits": 17, "down_rate": 0.165, "both_hits": 1, "both_rate": 0.0097, "neither_hits": 60, "neither_rate": 0.5825, "avg_up_swing_pct": 0.025983, "avg_down_swing_pct": 0.015711, "max_up_swing_pct": 0.24762, "max_down_swing_pct": 0.113861, "avg_up_swing": 8.6407, "avg_down_swing": 5.6992, "max_up_swing": 54.495, "max_down_swing": 54.88}, "3:53 PM": {"sessions": 103, "up_hits": 28, "up_rate": 0.2718, "down_hits": 17, "down_rate": 0.165, "both_hits": 1, "both_rate": 0.0097, "neither_hits": 59, "neither_rate": 0.5728, "avg_up_swing_pct": 0.025738, "avg_down_swing_pct": 0.015939, "max_up_swing_pct": 0.2442, "max_down_swing_pct": 0.114008, "avg_up_swing": 8.5664, "avg_down_swing": 5.7735, "max_up_swing": 53.89, "max_down_swing": 54.96}, "3:54 PM": {"sessions": 103, "up_hits": 28, "up_rate": 0.2718, "down_hits": 17, "down_rate": 0.165, "both_hits": 1, "both_rate": 0.0097, "neither_hits": 59, "neither_rate": 0.5728, "avg_up_swing_pct": 0.025377, "avg_down_swing_pct": 0.016275, "max_up_swing_pct": 0.235855, "max_down_swing_pct": 0.113806, "avg_up_swing": 8.4598, "avg_down_swing": 5.8801, "max_up_swing": 52.4, "max_down_swing": 54.85}, "3:55 PM": {"sessions": 103, "up_hits": 30, "up_rate": 0.2913, "down_hits": 16, "down_rate": 0.1553, "both_hits": 1, "both_rate": 0.0097, "neither_hits": 58, "neither_rate": 0.5631, "avg_up_swing_pct": 0.025795, "avg_down_swing_pct": 0.015888, "max_up_swing_pct": 0.241864, "max_down_swing_pct": 0.111095, "avg_up_swing": 8.5864, "avg_down_swing": 5.7535, "max_up_swing": 53.475, "max_down_swing": 53.38}, "3:50\u201355 avg": {"sessions": 103, "up_hits": 28, "up_rate": 0.2718, "down_hits": 17, "down_rate": 0.165, "both_hits": 1, "both_rate": 0.0097, "neither_hits": 59, "neither_rate": 0.5728, "avg_up_swing_pct": 0.025788, "avg_down_swing_pct": 0.015898, "max_up_swing_pct": 0.24627, "max_down_swing_pct": 0.112921, "avg_up_swing": 8.5837, "avg_down_swing": 5.7562, "max_up_swing": 54.2567, "max_down_swing": 54.3692}}}, "0.0400": {"pct": 0.04, "references": {"3:50 PM": {"sessions": 103, "up_hits": 22, "up_rate": 0.2136, "down_hits": 15, "down_rate": 0.1456, "both_hits": 1, "both_rate": 0.0097, "neither_hits": 67, "neither_rate": 0.6505, "avg_up_swing_pct": 0.02586, "avg_down_swing_pct": 0.015846, "max_up_swing_pct": 0.256498, "max_down_swing_pct": 0.112305, "avg_up_swing": 8.6025, "avg_down_swing": 5.7374, "max_up_swing": 56.05, "max_down_swing": 54.035}, "3:51 PM": {"sessions": 103, "up_hits": 23, "up_rate": 0.2233, "down_hits": 15, "down_rate": 0.1456, "both_hits": 1, "both_rate": 0.0097, "neither_hits": 66, "neither_rate": 0.6408, "avg_up_swing_pct": 0.025989, "avg_down_swing_pct": 0.015714, "max_up_swing_pct": 0.251801, "max_down_swing_pct": 0.112443, "avg_up_swing": 8.6464, "avg_down_swing": 5.6935, "max_up_swing": 55.23, "max_down_swing": 54.11}, "3:52 PM": {"sessions": 103, "up_hits": 23, "up_rate": 0.2233, "down_hits": 15, "down_rate": 0.1456, "both_hits": 1, "both_rate": 0.0097, "neither_hits": 66, "neither_rate": 0.6408, "avg_up_swing_pct": 0.025983, "avg_down_swing_pct": 0.015711, "max_up_swing_pct": 0.24762, "max_down_swing_pct": 0.113861, "avg_up_swing": 8.6407, "avg_down_swing": 5.6992, "max_up_swing": 54.495, "max_down_swing": 54.88}, "3:53 PM": {"sessions": 103, "up_hits": 22, "up_rate": 0.2136, "down_hits": 15, "down_rate": 0.1456, "both_hits": 1, "both_rate": 0.0097, "neither_hits": 67, "neither_rate": 0.6505, "avg_up_swing_pct": 0.025738, "avg_down_swing_pct": 0.015939, "max_up_swing_pct": 0.2442, "max_down_swing_pct": 0.114008, "avg_up_swing": 8.5664, "avg_down_swing": 5.7735, "max_up_swing": 53.89, "max_down_swing": 54.96}, "3:54 PM": {"sessions": 103, "up_hits": 22, "up_rate": 0.2136, "down_hits": 15, "down_rate": 0.1456, "both_hits": 1, "both_rate": 0.0097, "neither_hits": 67, "neither_rate": 0.6505, "avg_up_swing_pct": 0.025377, "avg_down_swing_pct": 0.016275, "max_up_swing_pct": 0.235855, "max_down_swing_pct": 0.113806, "avg_up_swing": 8.4598, "avg_down_swing": 5.8801, "max_up_swing": 52.4, "max_down_swing": 54.85}, "3:55 PM": {"sessions": 103, "up_hits": 22, "up_rate": 0.2136, "down_hits": 15, "down_rate": 0.1456, "both_hits": 1, "both_rate": 0.0097, "neither_hits": 67, "neither_rate": 0.6505, "avg_up_swing_pct": 0.025795, "avg_down_swing_pct": 0.015888, "max_up_swing_pct": 0.241864, "max_down_swing_pct": 0.111095, "avg_up_swing": 8.5864, "avg_down_swing": 5.7535, "max_up_swing": 53.475, "max_down_swing": 53.38}, "3:50\u201355 avg": {"sessions": 103, "up_hits": 23, "up_rate": 0.2233, "down_hits": 15, "down_rate": 0.1456, "both_hits": 1, "both_rate": 0.0097, "neither_hits": 66, "neither_rate": 0.6408, "avg_up_swing_pct": 0.025788, "avg_down_swing_pct": 0.015898, "max_up_swing_pct": 0.24627, "max_down_swing_pct": 0.112921, "avg_up_swing": 8.5837, "avg_down_swing": 5.7562, "max_up_swing": 54.2567, "max_down_swing": 54.3692}}}, "0.0500": {"pct": 0.05, "references": {"3:50 PM": {"sessions": 103, "up_hits": 13, "up_rate": 0.1262, "down_hits": 8, "down_rate": 0.0777, "both_hits": 1, "both_rate": 0.0097, "neither_hits": 83, "neither_rate": 0.8058, "avg_up_swing_pct": 0.02586, "avg_down_swing_pct": 0.015846, "max_up_swing_pct": 0.256498, "max_down_swing_pct": 0.112305, "avg_up_swing": 8.6025, "avg_down_swing": 5.7374, "max_up_swing": 56.05, "max_down_swing": 54.035}, "3:51 PM": {"sessions": 103, "up_hits": 14, "up_rate": 0.1359, "down_hits": 7, "down_rate": 0.068, "both_hits": 1, "both_rate": 0.0097, "neither_hits": 83, "neither_rate": 0.8058, "avg_up_swing_pct": 0.025989, "avg_down_swing_pct": 0.015714, "max_up_swing_pct": 0.251801, "max_down_swing_pct": 0.112443, "avg_up_swing": 8.6464, "avg_down_swing": 5.6935, "max_up_swing": 55.23, "max_down_swing": 54.11}, "3:52 PM": {"sessions": 103, "up_hits": 14, "up_rate": 0.1359, "down_hits": 8, "down_rate": 0.0777, "both_hits": 1, "both_rate": 0.0097, "neither_hits": 82, "neither_rate": 0.7961, "avg_up_swing_pct": 0.025983, "avg_down_swing_pct": 0.015711, "max_up_swing_pct": 0.24762, "max_down_swing_pct": 0.113861, "avg_up_swing": 8.6407, "avg_down_swing": 5.6992, "max_up_swing": 54.495, "max_down_swing": 54.88}, "3:53 PM": {"sessions": 103, "up_hits": 13, "up_rate": 0.1262, "down_hits": 9, "down_rate": 0.0874, "both_hits": 1, "both_rate": 0.0097, "neither_hits": 82, "neither_rate": 0.7961, "avg_up_swing_pct": 0.025738, "avg_down_swing_pct": 0.015939, "max_up_swing_pct": 0.2442, "max_down_swing_pct": 0.114008, "avg_up_swing": 8.5664, "avg_down_swing": 5.7735, "max_up_swing": 53.89, "max_down_swing": 54.96}, "3:54 PM": {"sessions": 103, "up_hits": 12, "up_rate": 0.1165, "down_hits": 8, "down_rate": 0.0777, "both_hits": 1, "both_rate": 0.0097, "neither_hits": 84, "neither_rate": 0.8155, "avg_up_swing_pct": 0.025377, "avg_down_swing_pct": 0.016275, "max_up_swing_pct": 0.235855, "max_down_swing_pct": 0.113806, "avg_up_swing": 8.4598, "avg_down_swing": 5.8801, "max_up_swing": 52.4, "max_down_swing": 54.85}, "3:55 PM": {"sessions": 103, "up_hits": 12, "up_rate": 0.1165, "down_hits": 10, "down_rate": 0.0971, "both_hits": 1, "both_rate": 0.0097, "neither_hits": 82, "neither_rate": 0.7961, "avg_up_swing_pct": 0.025795, "avg_down_swing_pct": 0.015888, "max_up_swing_pct": 0.241864, "max_down_swing_pct": 0.111095, "avg_up_swing": 8.5864, "avg_down_swing": 5.7535, "max_up_swing": 53.475, "max_down_swing": 53.38}, "3:50\u201355 avg": {"sessions": 103, "up_hits": 14, "up_rate": 0.1359, "down_hits": 8, "down_rate": 0.0777, "both_hits": 1, "both_rate": 0.0097, "neither_hits": 82, "neither_rate": 0.7961, "avg_up_swing_pct": 0.025788, "avg_down_swing_pct": 0.015898, "max_up_swing_pct": 0.24627, "max_down_swing_pct": 0.112921, "avg_up_swing": 8.5837, "avg_down_swing": 5.7562, "max_up_swing": 54.2567, "max_down_swing": 54.3692}}}}, "swings": {"3:50 PM": {"avg_up_swing_pct": 0.02586, "avg_down_swing_pct": 0.015846, "max_up_swing_pct": 0.256498, "max_down_swing_pct": 0.112305, "avg_up_swing": 8.6025, "avg_down_swing": 5.7374, "max_up_swing": 56.05, "max_down_swing": 54.035}, "3:51 PM": {"avg_up_swing_pct": 0.025989, "avg_down_swing_pct": 0.015714, "max_up_swing_pct": 0.251801, "max_down_swing_pct": 0.112443, "avg_up_swing": 8.6464, "avg_down_swing": 5.6935, "max_up_swing": 55.23, "max_down_swing": 54.11}, "3:52 PM": {"avg_up_swing_pct": 0.025983, "avg_down_swing_pct": 0.015711, "max_up_swing_pct": 0.24762, "max_down_swing_pct": 0.113861, "avg_up_swing": 8.6407, "avg_down_swing": 5.6992, "max_up_swing": 54.495, "max_down_swing": 54.88}, "3:53 PM": {"avg_up_swing_pct": 0.025738, "avg_down_swing_pct": 0.015939, "max_up_swing_pct": 0.2442, "max_down_swing_pct": 0.114008, "avg_up_swing": 8.5664, "avg_down_swing": 5.7735, "max_up_swing": 53.89, "max_down_swing": 54.96}, "3:54 PM": {"avg_up_swing_pct": 0.025377, "avg_down_swing_pct": 0.016275, "max_up_swing_pct": 0.235855, "max_down_swing_pct": 0.113806, "avg_up_swing": 8.4598, "avg_down_swing": 5.8801, "max_up_swing": 52.4, "max_down_swing": 54.85}, "3:55 PM": {"avg_up_swing_pct": 0.025795, "avg_down_swing_pct": 0.015888, "max_up_swing_pct": 0.241864, "max_down_swing_pct": 0.111095, "avg_up_swing": 8.5864, "avg_down_swing": 5.7535, "max_up_swing": 53.475, "max_down_swing": 53.38}, "3:50\u201355 avg": {"avg_up_swing_pct": 0.025788, "avg_down_swing_pct": 0.015898, "max_up_swing_pct": 0.24627, "max_down_swing_pct": 0.112921, "avg_up_swing": 8.5837, "avg_down_swing": 5.7562, "max_up_swing": 54.2567, "max_down_swing": 54.3692}}}, "Friday": {"n_sessions": 99, "n_skipped": 5, "n_baseline_substituted": 6, "recommended_reference": "3:52 PM", "recommended_reference_deviation": 0.249, "steadiness": {"3:50 PM": 0.4233, "3:51 PM": 0.3533, "3:52 PM": 0.249, "3:53 PM": 0.2546, "3:54 PM": 0.406, "3:55 PM": 0.5727}, "thresholds_pct": {"0.0050": {"pct": 0.005, "references": {"3:50 PM": {"sessions": 99, "up_hits": 82, "up_rate": 0.8283, "down_hits": 65, "down_rate": 0.6566, "both_hits": 48, "both_rate": 0.4848, "neither_hits": 0, "neither_rate": 0.0, "avg_up_swing_pct": 0.02609, "avg_down_swing_pct": 0.018097, "max_up_swing_pct": 0.112281, "max_down_swing_pct": 0.113149, "avg_up_swing": 8.8937, "avg_down_swing": 6.5098, "max_up_swing": 28.955, "max_down_swing": 30.11}, "3:51 PM": {"sessions": 99, "up_hits": 84, "up_rate": 0.8485, "down_hits": 66, "down_rate": 0.6667, "both_hits": 51, "both_rate": 0.5152, "neither_hits": 0, "neither_rate": 0.0, "avg_up_swing_pct": 0.026399, "avg_down_swing_pct": 0.017799, "max_up_swing_pct": 0.113793, "max_down_swing_pct": 0.114679, "avg_up_swing": 8.9955, "avg_down_swing": 6.4081, "max_up_swing": 29.305, "max_down_swing": 30.57}, "3:52 PM": {"sessions": 99, "up_hits": 84, "up_rate": 0.8485, "down_hits": 66, "down_rate": 0.6667, "both_hits": 51, "both_rate": 0.5152, "neither_hits": 0, "neither_rate": 0.0, "avg_up_swing_pct": 0.026405, "avg_down_swing_pct": 0.01779, "max_up_swing_pct": 0.111225, "max_down_swing_pct": 0.117394, "avg_up_swing": 9.0113, "avg_down_swing": 6.3923, "max_up_swing": 28.71, "max_down_swing": 31.39}, "3:53 PM": {"sessions": 99, "up_hits": 84, "up_rate": 0.8485, "down_hits": 65, "down_rate": 0.6566, "both_hits": 50, "both_rate": 0.5051, "neither_hits": 0, "neither_rate": 0.0, "avg_up_swing_pct": 0.026314, "avg_down_swing_pct": 0.017877, "max_up_swing_pct": 0.109484, "max_down_swing_pct": 0.119041, "avg_up_swing": 8.9858, "avg_down_swing": 6.4177, "max_up_swing": 28.305, "max_down_swing": 31.89}, "3:54 PM": {"sessions": 99, "up_hits": 82, "up_rate": 0.8283, "down_hits": 65, "down_rate": 0.6566, "both_hits": 48, "both_rate": 0.4848, "neither_hits": 0, "neither_rate": 0.0, "avg_up_swing_pct": 0.026261, "avg_down_swing_pct": 0.017933, "max_up_swing_pct": 0.10807, "max_down_swing_pct": 0.119107, "avg_up_swing": 8.9659, "avg_down_swing": 6.4376, "max_up_swing": 27.975, "max_down_swing": 31.91}, "3:55 PM": {"sessions": 99, "up_hits": 83, "up_rate": 0.8384, "down_hits": 67, "down_rate": 0.6768, "both_hits": 51, "both_rate": 0.5152, "neither_hits": 0, "neither_rate": 0.0, "avg_up_swing_pct": 0.025835, "avg_down_swing_pct": 0.018335, "max_up_swing_pct": 0.109227, "max_down_swing_pct": 0.12006, "avg_up_swing": 8.8289, "avg_down_swing": 6.5746, "max_up_swing": 28.245, "max_down_swing": 32.2}, "3:50\u201355 avg": {"sessions": 99, "up_hits": 83, "up_rate": 0.8384, "down_hits": 65, "down_rate": 0.6566, "both_hits": 49, "both_rate": 0.4949, "neither_hits": 0, "neither_rate": 0.0, "avg_up_swing_pct": 0.026215, "avg_down_swing_pct": 0.017974, "max_up_swing_pct": 0.110677, "max_down_swing_pct": 0.117246, "avg_up_swing": 8.9468, "avg_down_swing": 6.4567, "max_up_swing": 28.5825, "max_down_swing": 31.345}}}, "0.0075": {"pct": 0.0075, "references": {"3:50 PM": {"sessions": 99, "up_hits": 76, "up_rate": 0.7677, "down_hits": 61, "down_rate": 0.6162, "both_hits": 38, "both_rate": 0.3838, "neither_hits": 0, "neither_rate": 0.0, "avg_up_swing_pct": 0.02609, "avg_down_swing_pct": 0.018097, "max_up_swing_pct": 0.112281, "max_down_swing_pct": 0.113149, "avg_up_swing": 8.8937, "avg_down_swing": 6.5098, "max_up_swing": 28.955, "max_down_swing": 30.11}, "3:51 PM": {"sessions": 99, "up_hits": 77, "up_rate": 0.7778, "down_hits": 60, "down_rate": 0.6061, "both_hits": 38, "both_rate": 0.3838, "neither_hits": 0, "neither_rate": 0.0, "avg_up_swing_pct": 0.026399, "avg_down_swing_pct": 0.017799, "max_up_swing_pct": 0.113793, "max_down_swing_pct": 0.114679, "avg_up_swing": 8.9955, "avg_down_swing": 6.4081, "max_up_swing": 29.305, "max_down_swing": 30.57}, "3:52 PM": {"sessions": 99, "up_hits": 80, "up_rate": 0.8081, "down_hits": 61, "down_rate": 0.6162, "both_hits": 42, "both_rate": 0.4242, "neither_hits": 0, "neither_rate": 0.0, "avg_up_swing_pct": 0.026405, "avg_down_swing_pct": 0.01779, "max_up_swing_pct": 0.111225, "max_down_swing_pct": 0.117394, "avg_up_swing": 9.0113, "avg_down_swing": 6.3923, "max_up_swing": 28.71, "max_down_swing": 31.39}, "3:53 PM": {"sessions": 99, "up_hits": 77, "up_rate": 0.7778, "down_hits": 59, "down_rate": 0.596, "both_hits": 38, "both_rate": 0.3838, "neither_hits": 1, "neither_rate": 0.0101, "avg_up_swing_pct": 0.026314, "avg_down_swing_pct": 0.017877, "max_up_swing_pct": 0.109484, "max_down_swing_pct": 0.119041, "avg_up_swing": 8.9858, "avg_down_swing": 6.4177, "max_up_swing": 28.305, "max_down_swing": 31.89}, "3:54 PM": {"sessions": 99, "up_hits": 77, "up_rate": 0.7778, "down_hits": 61, "down_rate": 0.6162, "both_hits": 40, "both_rate": 0.404, "neither_hits": 1, "neither_rate": 0.0101, "avg_up_swing_pct": 0.026261, "avg_down_swing_pct": 0.017933, "max_up_swing_pct": 0.10807, "max_down_swing_pct": 0.119107, "avg_up_swing": 8.9659, "avg_down_swing": 6.4376, "max_up_swing": 27.975, "max_down_swing": 31.91}, "3:55 PM": {"sessions": 99, "up_hits": 77, "up_rate": 0.7778, "down_hits": 59, "down_rate": 0.596, "both_hits": 38, "both_rate": 0.3838, "neither_hits": 1, "neither_rate": 0.0101, "avg_up_swing_pct": 0.025835, "avg_down_swing_pct": 0.018335, "max_up_swing_pct": 0.109227, "max_down_swing_pct": 0.12006, "avg_up_swing": 8.8289, "avg_down_swing": 6.5746, "max_up_swing": 28.245, "max_down_swing": 32.2}, "3:50\u201355 avg": {"sessions": 99, "up_hits": 76, "up_rate": 0.7677, "down_hits": 59, "down_rate": 0.596, "both_hits": 37, "both_rate": 0.3737, "neither_hits": 1, "neither_rate": 0.0101, "avg_up_swing_pct": 0.026215, "avg_down_swing_pct": 0.017974, "max_up_swing_pct": 0.110677, "max_down_swing_pct": 0.117246, "avg_up_swing": 8.9468, "avg_down_swing": 6.4567, "max_up_swing": 28.5825, "max_down_swing": 31.345}}}, "0.0100": {"pct": 0.01, "references": {"3:50 PM": {"sessions": 99, "up_hits": 73, "up_rate": 0.7374, "down_hits": 56, "down_rate": 0.5657, "both_hits": 31, "both_rate": 0.3131, "neither_hits": 1, "neither_rate": 0.0101, "avg_up_swing_pct": 0.02609, "avg_down_swing_pct": 0.018097, "max_up_swing_pct": 0.112281, "max_down_swing_pct": 0.113149, "avg_up_swing": 8.8937, "avg_down_swing": 6.5098, "max_up_swing": 28.955, "max_down_swing": 30.11}, "3:51 PM": {"sessions": 99, "up_hits": 73, "up_rate": 0.7374, "down_hits": 56, "down_rate": 0.5657, "both_hits": 31, "both_rate": 0.3131, "neither_hits": 1, "neither_rate": 0.0101, "avg_up_swing_pct": 0.026399, "avg_down_swing_pct": 0.017799, "max_up_swing_pct": 0.113793, "max_down_swing_pct": 0.114679, "avg_up_swing": 8.9955, "avg_down_swing": 6.4081, "max_up_swing": 29.305, "max_down_swing": 30.57}, "3:52 PM": {"sessions": 99, "up_hits": 73, "up_rate": 0.7374, "down_hits": 57, "down_rate": 0.5758, "both_hits": 32, "both_rate": 0.3232, "neither_hits": 1, "neither_rate": 0.0101, "avg_up_swing_pct": 0.026405, "avg_down_swing_pct": 0.01779, "max_up_swing_pct": 0.111225, "max_down_swing_pct": 0.117394, "avg_up_swing": 9.0113, "avg_down_swing": 6.3923, "max_up_swing": 28.71, "max_down_swing": 31.39}, "3:53 PM": {"sessions": 99, "up_hits": 74, "up_rate": 0.7475, "down_hits": 56, "down_rate": 0.5657, "both_hits": 32, "both_rate": 0.3232, "neither_hits": 1, "neither_rate": 0.0101, "avg_up_swing_pct": 0.026314, "avg_down_swing_pct": 0.017877, "max_up_swing_pct": 0.109484, "max_down_swing_pct": 0.119041, "avg_up_swing": 8.9858, "avg_down_swing": 6.4177, "max_up_swing": 28.305, "max_down_swing": 31.89}, "3:54 PM": {"sessions": 99, "up_hits": 73, "up_rate": 0.7374, "down_hits": 56, "down_rate": 0.5657, "both_hits": 31, "both_rate": 0.3131, "neither_hits": 1, "neither_rate": 0.0101, "avg_up_swing_pct": 0.026261, "avg_down_swing_pct": 0.017933, "max_up_swing_pct": 0.10807, "max_down_swing_pct": 0.119107, "avg_up_swing": 8.9659, "avg_down_swing": 6.4376, "max_up_swing": 27.975, "max_down_swing": 31.91}, "3:55 PM": {"sessions": 99, "up_hits": 71, "up_rate": 0.7172, "down_hits": 56, "down_rate": 0.5657, "both_hits": 29, "both_rate": 0.2929, "neither_hits": 1, "neither_rate": 0.0101, "avg_up_swing_pct": 0.025835, "avg_down_swing_pct": 0.018335, "max_up_swing_pct": 0.109227, "max_down_swing_pct": 0.12006, "avg_up_swing": 8.8289, "avg_down_swing": 6.5746, "max_up_swing": 28.245, "max_down_swing": 32.2}, "3:50\u201355 avg": {"sessions": 99, "up_hits": 72, "up_rate": 0.7273, "down_hits": 57, "down_rate": 0.5758, "both_hits": 31, "both_rate": 0.3131, "neither_hits": 1, "neither_rate": 0.0101, "avg_up_swing_pct": 0.026215, "avg_down_swing_pct": 0.017974, "max_up_swing_pct": 0.110677, "max_down_swing_pct": 0.117246, "avg_up_swing": 8.9468, "avg_down_swing": 6.4567, "max_up_swing": 28.5825, "max_down_swing": 31.345}}}, "0.0125": {"pct": 0.0125, "references": {"3:50 PM": {"sessions": 99, "up_hits": 68, "up_rate": 0.6869, "down_hits": 51, "down_rate": 0.5152, "both_hits": 22, "both_rate": 0.2222, "neither_hits": 2, "neither_rate": 0.0202, "avg_up_swing_pct": 0.02609, "avg_down_swing_pct": 0.018097, "max_up_swing_pct": 0.112281, "max_down_swing_pct": 0.113149, "avg_up_swing": 8.8937, "avg_down_swing": 6.5098, "max_up_swing": 28.955, "max_down_swing": 30.11}, "3:51 PM": {"sessions": 99, "up_hits": 71, "up_rate": 0.7172, "down_hits": 50, "down_rate": 0.5051, "both_hits": 24, "both_rate": 0.2424, "neither_hits": 2, "neither_rate": 0.0202, "avg_up_swing_pct": 0.026399, "avg_down_swing_pct": 0.017799, "max_up_swing_pct": 0.113793, "max_down_swing_pct": 0.114679, "avg_up_swing": 8.9955, "avg_down_swing": 6.4081, "max_up_swing": 29.305, "max_down_swing": 30.57}, "3:52 PM": {"sessions": 99, "up_hits": 70, "up_rate": 0.7071, "down_hits": 49, "down_rate": 0.4949, "both_hits": 22, "both_rate": 0.2222, "neither_hits": 2, "neither_rate": 0.0202, "avg_up_swing_pct": 0.026405, "avg_down_swing_pct": 0.01779, "max_up_swing_pct": 0.111225, "max_down_swing_pct": 0.117394, "avg_up_swing": 9.0113, "avg_down_swing": 6.3923, "max_up_swing": 28.71, "max_down_swing": 31.39}, "3:53 PM": {"sessions": 99, "up_hits": 72, "up_rate": 0.7273, "down_hits": 49, "down_rate": 0.4949, "both_hits": 24, "both_rate": 0.2424, "neither_hits": 2, "neither_rate": 0.0202, "avg_up_swing_pct": 0.026314, "avg_down_swing_pct": 0.017877, "max_up_swing_pct": 0.109484, "max_down_swing_pct": 0.119041, "avg_up_swing": 8.9858, "avg_down_swing": 6.4177, "max_up_swing": 28.305, "max_down_swing": 31.89}, "3:54 PM": {"sessions": 99, "up_hits": 70, "up_rate": 0.7071, "down_hits": 51, "down_rate": 0.5152, "both_hits": 25, "both_rate": 0.2525, "neither_hits": 3, "neither_rate": 0.0303, "avg_up_swing_pct": 0.026261, "avg_down_swing_pct": 0.017933, "max_up_swing_pct": 0.10807, "max_down_swing_pct": 0.119107, "avg_up_swing": 8.9659, "avg_down_swing": 6.4376, "max_up_swing": 27.975, "max_down_swing": 31.91}, "3:55 PM": {"sessions": 99, "up_hits": 68, "up_rate": 0.6869, "down_hits": 52, "down_rate": 0.5253, "both_hits": 25, "both_rate": 0.2525, "neither_hits": 4, "neither_rate": 0.0404, "avg_up_swing_pct": 0.025835, "avg_down_swing_pct": 0.018335, "max_up_swing_pct": 0.109227, "max_down_swing_pct": 0.12006, "avg_up_swing": 8.8289, "avg_down_swing": 6.5746, "max_up_swing": 28.245, "max_down_swing": 32.2}, "3:50\u201355 avg": {"sessions": 99, "up_hits": 71, "up_rate": 0.7172, "down_hits": 50, "down_rate": 0.5051, "both_hits": 24, "both_rate": 0.2424, "neither_hits": 2, "neither_rate": 0.0202, "avg_up_swing_pct": 0.026215, "avg_down_swing_pct": 0.017974, "max_up_swing_pct": 0.110677, "max_down_swing_pct": 0.117246, "avg_up_swing": 8.9468, "avg_down_swing": 6.4567, "max_up_swing": 28.5825, "max_down_swing": 31.345}}}, "0.0150": {"pct": 0.015, "references": {"3:50 PM": {"sessions": 99, "up_hits": 63, "up_rate": 0.6364, "down_hits": 45, "down_rate": 0.4545, "both_hits": 16, "both_rate": 0.1616, "neither_hits": 7, "neither_rate": 0.0707, "avg_up_swing_pct": 0.02609, "avg_down_swing_pct": 0.018097, "max_up_swing_pct": 0.112281, "max_down_swing_pct": 0.113149, "avg_up_swing": 8.8937, "avg_down_swing": 6.5098, "max_up_swing": 28.955, "max_down_swing": 30.11}, "3:51 PM": {"sessions": 99, "up_hits": 64, "up_rate": 0.6465, "down_hits": 45, "down_rate": 0.4545, "both_hits": 15, "both_rate": 0.1515, "neither_hits": 5, "neither_rate": 0.0505, "avg_up_swing_pct": 0.026399, "avg_down_swing_pct": 0.017799, "max_up_swing_pct": 0.113793, "max_down_swing_pct": 0.114679, "avg_up_swing": 8.9955, "avg_down_swing": 6.4081, "max_up_swing": 29.305, "max_down_swing": 30.57}, "3:52 PM": {"sessions": 99, "up_hits": 64, "up_rate": 0.6465, "down_hits": 44, "down_rate": 0.4444, "both_hits": 15, "both_rate": 0.1515, "neither_hits": 6, "neither_rate": 0.0606, "avg_up_swing_pct": 0.026405, "avg_down_swing_pct": 0.01779, "max_up_swing_pct": 0.111225, "max_down_swing_pct": 0.117394, "avg_up_swing": 9.0113, "avg_down_swing": 6.3923, "max_up_swing": 28.71, "max_down_swing": 31.39}, "3:53 PM": {"sessions": 99, "up_hits": 65, "up_rate": 0.6566, "down_hits": 45, "down_rate": 0.4545, "both_hits": 16, "both_rate": 0.1616, "neither_hits": 5, "neither_rate": 0.0505, "avg_up_swing_pct": 0.026314, "avg_down_swing_pct": 0.017877, "max_up_swing_pct": 0.109484, "max_down_swing_pct": 0.119041, "avg_up_swing": 8.9858, "avg_down_swing": 6.4177, "max_up_swing": 28.305, "max_down_swing": 31.89}, "3:54 PM": {"sessions": 99, "up_hits": 64, "up_rate": 0.6465, "down_hits": 45, "down_rate": 0.4545, "both_hits": 16, "both_rate": 0.1616, "neither_hits": 6, "neither_rate": 0.0606, "avg_up_swing_pct": 0.026261, "avg_down_swing_pct": 0.017933, "max_up_swing_pct": 0.10807, "max_down_swing_pct": 0.119107, "avg_up_swing": 8.9659, "avg_down_swing": 6.4376, "max_up_swing": 27.975, "max_down_swing": 31.91}, "3:55 PM": {"sessions": 99, "up_hits": 63, "up_rate": 0.6364, "down_hits": 44, "down_rate": 0.4444, "both_hits": 15, "both_rate": 0.1515, "neither_hits": 7, "neither_rate": 0.0707, "avg_up_swing_pct": 0.025835, "avg_down_swing_pct": 0.018335, "max_up_swing_pct": 0.109227, "max_down_swing_pct": 0.12006, "avg_up_swing": 8.8289, "avg_down_swing": 6.5746, "max_up_swing": 28.245, "max_down_swing": 32.2}, "3:50\u201355 avg": {"sessions": 99, "up_hits": 65, "up_rate": 0.6566, "down_hits": 44, "down_rate": 0.4444, "both_hits": 15, "both_rate": 0.1515, "neither_hits": 5, "neither_rate": 0.0505, "avg_up_swing_pct": 0.026215, "avg_down_swing_pct": 0.017974, "max_up_swing_pct": 0.110677, "max_down_swing_pct": 0.117246, "avg_up_swing": 8.9468, "avg_down_swing": 6.4567, "max_up_swing": 28.5825, "max_down_swing": 31.345}}}, "0.0200": {"pct": 0.02, "references": {"3:50 PM": {"sessions": 99, "up_hits": 55, "up_rate": 0.5556, "down_hits": 40, "down_rate": 0.404, "both_hits": 8, "both_rate": 0.0808, "neither_hits": 12, "neither_rate": 0.1212, "avg_up_swing_pct": 0.02609, "avg_down_swing_pct": 0.018097, "max_up_swing_pct": 0.112281, "max_down_swing_pct": 0.113149, "avg_up_swing": 8.8937, "avg_down_swing": 6.5098, "max_up_swing": 28.955, "max_down_swing": 30.11}, "3:51 PM": {"sessions": 99, "up_hits": 54, "up_rate": 0.5455, "down_hits": 41, "down_rate": 0.4141, "both_hits": 8, "both_rate": 0.0808, "neither_hits": 12, "neither_rate": 0.1212, "avg_up_swing_pct": 0.026399, "avg_down_swing_pct": 0.017799, "max_up_swing_pct": 0.113793, "max_down_swing_pct": 0.114679, "avg_up_swing": 8.9955, "avg_down_swing": 6.4081, "max_up_swing": 29.305, "max_down_swing": 30.57}, "3:52 PM": {"sessions": 99, "up_hits": 56, "up_rate": 0.5657, "down_hits": 40, "down_rate": 0.404, "both_hits": 8, "both_rate": 0.0808, "neither_hits": 11, "neither_rate": 0.1111, "avg_up_swing_pct": 0.026405, "avg_down_swing_pct": 0.01779, "max_up_swing_pct": 0.111225, "max_down_swing_pct": 0.117394, "avg_up_swing": 9.0113, "avg_down_swing": 6.3923, "max_up_swing": 28.71, "max_down_swing": 31.39}, "3:53 PM": {"sessions": 99, "up_hits": 53, "up_rate": 0.5354, "down_hits": 40, "down_rate": 0.404, "both_hits": 6, "both_rate": 0.0606, "neither_hits": 12, "neither_rate": 0.1212, "avg_up_swing_pct": 0.026314, "avg_down_swing_pct": 0.017877, "max_up_swing_pct": 0.109484, "max_down_swing_pct": 0.119041, "avg_up_swing": 8.9858, "avg_down_swing": 6.4177, "max_up_swing": 28.305, "max_down_swing": 31.89}, "3:54 PM": {"sessions": 99, "up_hits": 53, "up_rate": 0.5354, "down_hits": 40, "down_rate": 0.404, "both_hits": 7, "both_rate": 0.0707, "neither_hits": 13, "neither_rate": 0.1313, "avg_up_swing_pct": 0.026261, "avg_down_swing_pct": 0.017933, "max_up_swing_pct": 0.10807, "max_down_swing_pct": 0.119107, "avg_up_swing": 8.9659, "avg_down_swing": 6.4376, "max_up_swing": 27.975, "max_down_swing": 31.91}, "3:55 PM": {"sessions": 99, "up_hits": 52, "up_rate": 0.5253, "down_hits": 40, "down_rate": 0.404, "both_hits": 7, "both_rate": 0.0707, "neither_hits": 14, "neither_rate": 0.1414, "avg_up_swing_pct": 0.025835, "avg_down_swing_pct": 0.018335, "max_up_swing_pct": 0.109227, "max_down_swing_pct": 0.12006, "avg_up_swing": 8.8289, "avg_down_swing": 6.5746, "max_up_swing": 28.245, "max_down_swing": 32.2}, "3:50\u201355 avg": {"sessions": 99, "up_hits": 54, "up_rate": 0.5455, "down_hits": 40, "down_rate": 0.404, "both_hits": 7, "both_rate": 0.0707, "neither_hits": 12, "neither_rate": 0.1212, "avg_up_swing_pct": 0.026215, "avg_down_swing_pct": 0.017974, "max_up_swing_pct": 0.110677, "max_down_swing_pct": 0.117246, "avg_up_swing": 8.9468, "avg_down_swing": 6.4567, "max_up_swing": 28.5825, "max_down_swing": 31.345}}}, "0.0250": {"pct": 0.025, "references": {"3:50 PM": {"sessions": 99, "up_hits": 46, "up_rate": 0.4646, "down_hits": 36, "down_rate": 0.3636, "both_hits": 3, "both_rate": 0.0303, "neither_hits": 20, "neither_rate": 0.202, "avg_up_swing_pct": 0.02609, "avg_down_swing_pct": 0.018097, "max_up_swing_pct": 0.112281, "max_down_swing_pct": 0.113149, "avg_up_swing": 8.8937, "avg_down_swing": 6.5098, "max_up_swing": 28.955, "max_down_swing": 30.11}, "3:51 PM": {"sessions": 99, "up_hits": 46, "up_rate": 0.4646, "down_hits": 36, "down_rate": 0.3636, "both_hits": 3, "both_rate": 0.0303, "neither_hits": 20, "neither_rate": 0.202, "avg_up_swing_pct": 0.026399, "avg_down_swing_pct": 0.017799, "max_up_swing_pct": 0.113793, "max_down_swing_pct": 0.114679, "avg_up_swing": 8.9955, "avg_down_swing": 6.4081, "max_up_swing": 29.305, "max_down_swing": 30.57}, "3:52 PM": {"sessions": 99, "up_hits": 46, "up_rate": 0.4646, "down_hits": 35, "down_rate": 0.3535, "both_hits": 3, "both_rate": 0.0303, "neither_hits": 21, "neither_rate": 0.2121, "avg_up_swing_pct": 0.026405, "avg_down_swing_pct": 0.01779, "max_up_swing_pct": 0.111225, "max_down_swing_pct": 0.117394, "avg_up_swing": 9.0113, "avg_down_swing": 6.3923, "max_up_swing": 28.71, "max_down_swing": 31.39}, "3:53 PM": {"sessions": 99, "up_hits": 46, "up_rate": 0.4646, "down_hits": 35, "down_rate": 0.3535, "both_hits": 3, "both_rate": 0.0303, "neither_hits": 21, "neither_rate": 0.2121, "avg_up_swing_pct": 0.026314, "avg_down_swing_pct": 0.017877, "max_up_swing_pct": 0.109484, "max_down_swing_pct": 0.119041, "avg_up_swing": 8.9858, "avg_down_swing": 6.4177, "max_up_swing": 28.305, "max_down_swing": 31.89}, "3:54 PM": {"sessions": 99, "up_hits": 46, "up_rate": 0.4646, "down_hits": 36, "down_rate": 0.3636, "both_hits": 3, "both_rate": 0.0303, "neither_hits": 20, "neither_rate": 0.202, "avg_up_swing_pct": 0.026261, "avg_down_swing_pct": 0.017933, "max_up_swing_pct": 0.10807, "max_down_swing_pct": 0.119107, "avg_up_swing": 8.9659, "avg_down_swing": 6.4376, "max_up_swing": 27.975, "max_down_swing": 31.91}, "3:55 PM": {"sessions": 99, "up_hits": 46, "up_rate": 0.4646, "down_hits": 35, "down_rate": 0.3535, "both_hits": 2, "both_rate": 0.0202, "neither_hits": 20, "neither_rate": 0.202, "avg_up_swing_pct": 0.025835, "avg_down_swing_pct": 0.018335, "max_up_swing_pct": 0.109227, "max_down_swing_pct": 0.12006, "avg_up_swing": 8.8289, "avg_down_swing": 6.5746, "max_up_swing": 28.245, "max_down_swing": 32.2}, "3:50\u201355 avg": {"sessions": 99, "up_hits": 47, "up_rate": 0.4747, "down_hits": 35, "down_rate": 0.3535, "both_hits": 4, "both_rate": 0.0404, "neither_hits": 21, "neither_rate": 0.2121, "avg_up_swing_pct": 0.026215, "avg_down_swing_pct": 0.017974, "max_up_swing_pct": 0.110677, "max_down_swing_pct": 0.117246, "avg_up_swing": 8.9468, "avg_down_swing": 6.4567, "max_up_swing": 28.5825, "max_down_swing": 31.345}}}, "0.0300": {"pct": 0.03, "references": {"3:50 PM": {"sessions": 99, "up_hits": 42, "up_rate": 0.4242, "down_hits": 30, "down_rate": 0.303, "both_hits": 3, "both_rate": 0.0303, "neither_hits": 30, "neither_rate": 0.303, "avg_up_swing_pct": 0.02609, "avg_down_swing_pct": 0.018097, "max_up_swing_pct": 0.112281, "max_down_swing_pct": 0.113149, "avg_up_swing": 8.8937, "avg_down_swing": 6.5098, "max_up_swing": 28.955, "max_down_swing": 30.11}, "3:51 PM": {"sessions": 99, "up_hits": 43, "up_rate": 0.4343, "down_hits": 30, "down_rate": 0.303, "both_hits": 3, "both_rate": 0.0303, "neither_hits": 29, "neither_rate": 0.2929, "avg_up_swing_pct": 0.026399, "avg_down_swing_pct": 0.017799, "max_up_swing_pct": 0.113793, "max_down_swing_pct": 0.114679, "avg_up_swing": 8.9955, "avg_down_swing": 6.4081, "max_up_swing": 29.305, "max_down_swing": 30.57}, "3:52 PM": {"sessions": 99, "up_hits": 39, "up_rate": 0.3939, "down_hits": 30, "down_rate": 0.303, "both_hits": 1, "both_rate": 0.0101, "neither_hits": 31, "neither_rate": 0.3131, "avg_up_swing_pct": 0.026405, "avg_down_swing_pct": 0.01779, "max_up_swing_pct": 0.111225, "max_down_swing_pct": 0.117394, "avg_up_swing": 9.0113, "avg_down_swing": 6.3923, "max_up_swing": 28.71, "max_down_swing": 31.39}, "3:53 PM": {"sessions": 99, "up_hits": 40, "up_rate": 0.404, "down_hits": 31, "down_rate": 0.3131, "both_hits": 2, "both_rate": 0.0202, "neither_hits": 30, "neither_rate": 0.303, "avg_up_swing_pct": 0.026314, "avg_down_swing_pct": 0.017877, "max_up_swing_pct": 0.109484, "max_down_swing_pct": 0.119041, "avg_up_swing": 8.9858, "avg_down_swing": 6.4177, "max_up_swing": 28.305, "max_down_swing": 31.89}, "3:54 PM": {"sessions": 99, "up_hits": 40, "up_rate": 0.404, "down_hits": 32, "down_rate": 0.3232, "both_hits": 3, "both_rate": 0.0303, "neither_hits": 30, "neither_rate": 0.303, "avg_up_swing_pct": 0.026261, "avg_down_swing_pct": 0.017933, "max_up_swing_pct": 0.10807, "max_down_swing_pct": 0.119107, "avg_up_swing": 8.9659, "avg_down_swing": 6.4376, "max_up_swing": 27.975, "max_down_swing": 31.91}, "3:55 PM": {"sessions": 99, "up_hits": 40, "up_rate": 0.404, "down_hits": 29, "down_rate": 0.2929, "both_hits": 1, "both_rate": 0.0101, "neither_hits": 31, "neither_rate": 0.3131, "avg_up_swing_pct": 0.025835, "avg_down_swing_pct": 0.018335, "max_up_swing_pct": 0.109227, "max_down_swing_pct": 0.12006, "avg_up_swing": 8.8289, "avg_down_swing": 6.5746, "max_up_swing": 28.245, "max_down_swing": 32.2}, "3:50\u201355 avg": {"sessions": 99, "up_hits": 39, "up_rate": 0.3939, "down_hits": 30, "down_rate": 0.303, "both_hits": 1, "both_rate": 0.0101, "neither_hits": 31, "neither_rate": 0.3131, "avg_up_swing_pct": 0.026215, "avg_down_swing_pct": 0.017974, "max_up_swing_pct": 0.110677, "max_down_swing_pct": 0.117246, "avg_up_swing": 8.9468, "avg_down_swing": 6.4567, "max_up_swing": 28.5825, "max_down_swing": 31.345}}}, "0.0350": {"pct": 0.035, "references": {"3:50 PM": {"sessions": 99, "up_hits": 35, "up_rate": 0.3535, "down_hits": 23, "down_rate": 0.2323, "both_hits": 0, "both_rate": 0.0, "neither_hits": 41, "neither_rate": 0.4141, "avg_up_swing_pct": 0.02609, "avg_down_swing_pct": 0.018097, "max_up_swing_pct": 0.112281, "max_down_swing_pct": 0.113149, "avg_up_swing": 8.8937, "avg_down_swing": 6.5098, "max_up_swing": 28.955, "max_down_swing": 30.11}, "3:51 PM": {"sessions": 99, "up_hits": 35, "up_rate": 0.3535, "down_hits": 24, "down_rate": 0.2424, "both_hits": 0, "both_rate": 0.0, "neither_hits": 40, "neither_rate": 0.404, "avg_up_swing_pct": 0.026399, "avg_down_swing_pct": 0.017799, "max_up_swing_pct": 0.113793, "max_down_swing_pct": 0.114679, "avg_up_swing": 8.9955, "avg_down_swing": 6.4081, "max_up_swing": 29.305, "max_down_swing": 30.57}, "3:52 PM": {"sessions": 99, "up_hits": 37, "up_rate": 0.3737, "down_hits": 25, "down_rate": 0.2525, "both_hits": 1, "both_rate": 0.0101, "neither_hits": 38, "neither_rate": 0.3838, "avg_up_swing_pct": 0.026405, "avg_down_swing_pct": 0.01779, "max_up_swing_pct": 0.111225, "max_down_swing_pct": 0.117394, "avg_up_swing": 9.0113, "avg_down_swing": 6.3923, "max_up_swing": 28.71, "max_down_swing": 31.39}, "3:53 PM": {"sessions": 99, "up_hits": 37, "up_rate": 0.3737, "down_hits": 22, "down_rate": 0.2222, "both_hits": 0, "both_rate": 0.0, "neither_hits": 40, "neither_rate": 0.404, "avg_up_swing_pct": 0.026314, "avg_down_swing_pct": 0.017877, "max_up_swing_pct": 0.109484, "max_down_swing_pct": 0.119041, "avg_up_swing": 8.9858, "avg_down_swing": 6.4177, "max_up_swing": 28.305, "max_down_swing": 31.89}, "3:54 PM": {"sessions": 99, "up_hits": 37, "up_rate": 0.3737, "down_hits": 22, "down_rate": 0.2222, "both_hits": 0, "both_rate": 0.0, "neither_hits": 40, "neither_rate": 0.404, "avg_up_swing_pct": 0.026261, "avg_down_swing_pct": 0.017933, "max_up_swing_pct": 0.10807, "max_down_swing_pct": 0.119107, "avg_up_swing": 8.9659, "avg_down_swing": 6.4376, "max_up_swing": 27.975, "max_down_swing": 31.91}, "3:55 PM": {"sessions": 99, "up_hits": 37, "up_rate": 0.3737, "down_hits": 23, "down_rate": 0.2323, "both_hits": 0, "both_rate": 0.0, "neither_hits": 39, "neither_rate": 0.3939, "avg_up_swing_pct": 0.025835, "avg_down_swing_pct": 0.018335, "max_up_swing_pct": 0.109227, "max_down_swing_pct": 0.12006, "avg_up_swing": 8.8289, "avg_down_swing": 6.5746, "max_up_swing": 28.245, "max_down_swing": 32.2}, "3:50\u201355 avg": {"sessions": 99, "up_hits": 37, "up_rate": 0.3737, "down_hits": 23, "down_rate": 0.2323, "both_hits": 0, "both_rate": 0.0, "neither_hits": 39, "neither_rate": 0.3939, "avg_up_swing_pct": 0.026215, "avg_down_swing_pct": 0.017974, "max_up_swing_pct": 0.110677, "max_down_swing_pct": 0.117246, "avg_up_swing": 8.9468, "avg_down_swing": 6.4567, "max_up_swing": 28.5825, "max_down_swing": 31.345}}}, "0.0400": {"pct": 0.04, "references": {"3:50 PM": {"sessions": 99, "up_hits": 26, "up_rate": 0.2626, "down_hits": 17, "down_rate": 0.1717, "both_hits": 0, "both_rate": 0.0, "neither_hits": 56, "neither_rate": 0.5657, "avg_up_swing_pct": 0.02609, "avg_down_swing_pct": 0.018097, "max_up_swing_pct": 0.112281, "max_down_swing_pct": 0.113149, "avg_up_swing": 8.8937, "avg_down_swing": 6.5098, "max_up_swing": 28.955, "max_down_swing": 30.11}, "3:51 PM": {"sessions": 99, "up_hits": 27, "up_rate": 0.2727, "down_hits": 17, "down_rate": 0.1717, "both_hits": 0, "both_rate": 0.0, "neither_hits": 55, "neither_rate": 0.5556, "avg_up_swing_pct": 0.026399, "avg_down_swing_pct": 0.017799, "max_up_swing_pct": 0.113793, "max_down_swing_pct": 0.114679, "avg_up_swing": 8.9955, "avg_down_swing": 6.4081, "max_up_swing": 29.305, "max_down_swing": 30.57}, "3:52 PM": {"sessions": 99, "up_hits": 27, "up_rate": 0.2727, "down_hits": 16, "down_rate": 0.1616, "both_hits": 0, "both_rate": 0.0, "neither_hits": 56, "neither_rate": 0.5657, "avg_up_swing_pct": 0.026405, "avg_down_swing_pct": 0.01779, "max_up_swing_pct": 0.111225, "max_down_swing_pct": 0.117394, "avg_up_swing": 9.0113, "avg_down_swing": 6.3923, "max_up_swing": 28.71, "max_down_swing": 31.39}, "3:53 PM": {"sessions": 99, "up_hits": 27, "up_rate": 0.2727, "down_hits": 17, "down_rate": 0.1717, "both_hits": 0, "both_rate": 0.0, "neither_hits": 55, "neither_rate": 0.5556, "avg_up_swing_pct": 0.026314, "avg_down_swing_pct": 0.017877, "max_up_swing_pct": 0.109484, "max_down_swing_pct": 0.119041, "avg_up_swing": 8.9858, "avg_down_swing": 6.4177, "max_up_swing": 28.305, "max_down_swing": 31.89}, "3:54 PM": {"sessions": 99, "up_hits": 28, "up_rate": 0.2828, "down_hits": 18, "down_rate": 0.1818, "both_hits": 0, "both_rate": 0.0, "neither_hits": 53, "neither_rate": 0.5354, "avg_up_swing_pct": 0.026261, "avg_down_swing_pct": 0.017933, "max_up_swing_pct": 0.10807, "max_down_swing_pct": 0.119107, "avg_up_swing": 8.9659, "avg_down_swing": 6.4376, "max_up_swing": 27.975, "max_down_swing": 31.91}, "3:55 PM": {"sessions": 99, "up_hits": 28, "up_rate": 0.2828, "down_hits": 19, "down_rate": 0.1919, "both_hits": 0, "both_rate": 0.0, "neither_hits": 52, "neither_rate": 0.5253, "avg_up_swing_pct": 0.025835, "avg_down_swing_pct": 0.018335, "max_up_swing_pct": 0.109227, "max_down_swing_pct": 0.12006, "avg_up_swing": 8.8289, "avg_down_swing": 6.5746, "max_up_swing": 28.245, "max_down_swing": 32.2}, "3:50\u201355 avg": {"sessions": 99, "up_hits": 27, "up_rate": 0.2727, "down_hits": 17, "down_rate": 0.1717, "both_hits": 0, "both_rate": 0.0, "neither_hits": 55, "neither_rate": 0.5556, "avg_up_swing_pct": 0.026215, "avg_down_swing_pct": 0.017974, "max_up_swing_pct": 0.110677, "max_down_swing_pct": 0.117246, "avg_up_swing": 8.9468, "avg_down_swing": 6.4567, "max_up_swing": 28.5825, "max_down_swing": 31.345}}}, "0.0500": {"pct": 0.05, "references": {"3:50 PM": {"sessions": 99, "up_hits": 17, "up_rate": 0.1717, "down_hits": 9, "down_rate": 0.0909, "both_hits": 0, "both_rate": 0.0, "neither_hits": 73, "neither_rate": 0.7374, "avg_up_swing_pct": 0.02609, "avg_down_swing_pct": 0.018097, "max_up_swing_pct": 0.112281, "max_down_swing_pct": 0.113149, "avg_up_swing": 8.8937, "avg_down_swing": 6.5098, "max_up_swing": 28.955, "max_down_swing": 30.11}, "3:51 PM": {"sessions": 99, "up_hits": 18, "up_rate": 0.1818, "down_hits": 9, "down_rate": 0.0909, "both_hits": 0, "both_rate": 0.0, "neither_hits": 72, "neither_rate": 0.7273, "avg_up_swing_pct": 0.026399, "avg_down_swing_pct": 0.017799, "max_up_swing_pct": 0.113793, "max_down_swing_pct": 0.114679, "avg_up_swing": 8.9955, "avg_down_swing": 6.4081, "max_up_swing": 29.305, "max_down_swing": 30.57}, "3:52 PM": {"sessions": 99, "up_hits": 18, "up_rate": 0.1818, "down_hits": 8, "down_rate": 0.0808, "both_hits": 0, "both_rate": 0.0, "neither_hits": 73, "neither_rate": 0.7374, "avg_up_swing_pct": 0.026405, "avg_down_swing_pct": 0.01779, "max_up_swing_pct": 0.111225, "max_down_swing_pct": 0.117394, "avg_up_swing": 9.0113, "avg_down_swing": 6.3923, "max_up_swing": 28.71, "max_down_swing": 31.39}, "3:53 PM": {"sessions": 99, "up_hits": 17, "up_rate": 0.1717, "down_hits": 8, "down_rate": 0.0808, "both_hits": 0, "both_rate": 0.0, "neither_hits": 74, "neither_rate": 0.7475, "avg_up_swing_pct": 0.026314, "avg_down_swing_pct": 0.017877, "max_up_swing_pct": 0.109484, "max_down_swing_pct": 0.119041, "avg_up_swing": 8.9858, "avg_down_swing": 6.4177, "max_up_swing": 28.305, "max_down_swing": 31.89}, "3:54 PM": {"sessions": 99, "up_hits": 17, "up_rate": 0.1717, "down_hits": 8, "down_rate": 0.0808, "both_hits": 0, "both_rate": 0.0, "neither_hits": 74, "neither_rate": 0.7475, "avg_up_swing_pct": 0.026261, "avg_down_swing_pct": 0.017933, "max_up_swing_pct": 0.10807, "max_down_swing_pct": 0.119107, "avg_up_swing": 8.9659, "avg_down_swing": 6.4376, "max_up_swing": 27.975, "max_down_swing": 31.91}, "3:55 PM": {"sessions": 99, "up_hits": 16, "up_rate": 0.1616, "down_hits": 9, "down_rate": 0.0909, "both_hits": 0, "both_rate": 0.0, "neither_hits": 74, "neither_rate": 0.7475, "avg_up_swing_pct": 0.025835, "avg_down_swing_pct": 0.018335, "max_up_swing_pct": 0.109227, "max_down_swing_pct": 0.12006, "avg_up_swing": 8.8289, "avg_down_swing": 6.5746, "max_up_swing": 28.245, "max_down_swing": 32.2}, "3:50\u201355 avg": {"sessions": 99, "up_hits": 17, "up_rate": 0.1717, "down_hits": 8, "down_rate": 0.0808, "both_hits": 0, "both_rate": 0.0, "neither_hits": 74, "neither_rate": 0.7475, "avg_up_swing_pct": 0.026215, "avg_down_swing_pct": 0.017974, "max_up_swing_pct": 0.110677, "max_down_swing_pct": 0.117246, "avg_up_swing": 8.9468, "avg_down_swing": 6.4567, "max_up_swing": 28.5825, "max_down_swing": 31.345}}}}, "swings": {"3:50 PM": {"avg_up_swing_pct": 0.02609, "avg_down_swing_pct": 0.018097, "max_up_swing_pct": 0.112281, "max_down_swing_pct": 0.113149, "avg_up_swing": 8.8937, "avg_down_swing": 6.5098, "max_up_swing": 28.955, "max_down_swing": 30.11}, "3:51 PM": {"avg_up_swing_pct": 0.026399, "avg_down_swing_pct": 0.017799, "max_up_swing_pct": 0.113793, "max_down_swing_pct": 0.114679, "avg_up_swing": 8.9955, "avg_down_swing": 6.4081, "max_up_swing": 29.305, "max_down_swing": 30.57}, "3:52 PM": {"avg_up_swing_pct": 0.026405, "avg_down_swing_pct": 0.01779, "max_up_swing_pct": 0.111225, "max_down_swing_pct": 0.117394, "avg_up_swing": 9.0113, "avg_down_swing": 6.3923, "max_up_swing": 28.71, "max_down_swing": 31.39}, "3:53 PM": {"avg_up_swing_pct": 0.026314, "avg_down_swing_pct": 0.017877, "max_up_swing_pct": 0.109484, "max_down_swing_pct": 0.119041, "avg_up_swing": 8.9858, "avg_down_swing": 6.4177, "max_up_swing": 28.305, "max_down_swing": 31.89}, "3:54 PM": {"avg_up_swing_pct": 0.026261, "avg_down_swing_pct": 0.017933, "max_up_swing_pct": 0.10807, "max_down_swing_pct": 0.119107, "avg_up_swing": 8.9659, "avg_down_swing": 6.4376, "max_up_swing": 27.975, "max_down_swing": 31.91}, "3:55 PM": {"avg_up_swing_pct": 0.025835, "avg_down_swing_pct": 0.018335, "max_up_swing_pct": 0.109227, "max_down_swing_pct": 0.12006, "avg_up_swing": 8.8289, "avg_down_swing": 6.5746, "max_up_swing": 28.245, "max_down_swing": 32.2}, "3:50\u201355 avg": {"avg_up_swing_pct": 0.026215, "avg_down_swing_pct": 0.017974, "max_up_swing_pct": 0.110677, "max_down_swing_pct": 0.117246, "avg_up_swing": 8.9468, "avg_down_swing": 6.4567, "max_up_swing": 28.5825, "max_down_swing": 31.345}}}}}, "AAPL": {"pcts": [0.005, 0.0075, 0.01, 0.0125, 0.015, 0.02, 0.025, 0.03, 0.035, 0.04, 0.05], "days": ["Monday", "Wednesday", "Friday"], "by_day": {"Monday": {"n_sessions": 95, "n_skipped": 9, "n_baseline_substituted": 7, "recommended_reference": "3:52 PM", "recommended_reference_deviation": 0.15, "steadiness": {"3:50 PM": 0.2033, "3:51 PM": 0.1555, "3:52 PM": 0.15, "3:53 PM": 0.1642, "3:54 PM": 0.1944, "3:55 PM": 0.3154}, "thresholds_pct": {"0.0050": {"pct": 0.005, "references": {"3:50 PM": {"sessions": 95, "up_hits": 61, "up_rate": 0.6421, "down_hits": 56, "down_rate": 0.5895, "both_hits": 24, "both_rate": 0.2526, "neither_hits": 2, "neither_rate": 0.0211, "avg_up_swing_pct": 0.011793, "avg_down_swing_pct": 0.009446, "max_up_swing_pct": 0.074341, "max_down_swing_pct": 0.078611, "avg_up_swing": 2.8528, "avg_down_swing": 2.3537, "max_up_swing": 14.73, "max_down_swing": 14.9}, "3:51 PM": {"sessions": 95, "up_hits": 62, "up_rate": 0.6526, "down_hits": 54, "down_rate": 0.5684, "both_hits": 22, "both_rate": 0.2316, "neither_hits": 1, "neither_rate": 0.0105, "avg_up_swing_pct": 0.011789, "avg_down_swing_pct": 0.00945, "max_up_swing_pct": 0.073583, "max_down_swing_pct": 0.078757, "avg_up_swing": 2.8513, "avg_down_swing": 2.3553, "max_up_swing": 14.59, "max_down_swing": 14.93}, "3:52 PM": {"sessions": 95, "up_hits": 61, "up_rate": 0.6421, "down_hits": 54, "down_rate": 0.5684, "both_hits": 22, "both_rate": 0.2316, "neither_hits": 2, "neither_rate": 0.0211, "avg_up_swing_pct": 0.011847, "avg_down_swing_pct": 0.009394, "max_up_swing_pct": 0.074043, "max_down_swing_pct": 0.077541, "avg_up_swing": 2.8698, "avg_down_swing": 2.3367, "max_up_swing": 14.675, "max_down_swing": 14.68}, "3:53 PM": {"sessions": 95, "up_hits": 61, "up_rate": 0.6421, "down_hits": 52, "down_rate": 0.5474, "both_hits": 20, "both_rate": 0.2105, "neither_hits": 2, "neither_rate": 0.0211, "avg_up_swing_pct": 0.01187, "avg_down_swing_pct": 0.009374, "max_up_swing_pct": 0.074775, "max_down_swing_pct": 0.076419, "avg_up_swing": 2.8686, "avg_down_swing": 2.3379, "max_up_swing": 14.81, "max_down_swing": 14.45}, "3:54 PM": {"sessions": 95, "up_hits": 62, "up_rate": 0.6526, "down_hits": 53, "down_rate": 0.5579, "both_hits": 22, "both_rate": 0.2316, "neither_hits": 2, "neither_rate": 0.0211, "avg_up_swing_pct": 0.011598, "avg_down_swing_pct": 0.009637, "max_up_swing_pct": 0.070721, "max_down_swing_pct": 0.076077, "avg_up_swing": 2.8073, "avg_down_swing": 2.3993, "max_up_swing": 14.06, "max_down_swing": 14.38}, "3:55 PM": {"sessions": 95, "up_hits": 59, "up_rate": 0.6211, "down_hits": 55, "down_rate": 0.5789, "both_hits": 21, "both_rate": 0.2211, "neither_hits": 2, "neither_rate": 0.0211, "avg_up_swing_pct": 0.011605, "avg_down_swing_pct": 0.009636, "max_up_swing_pct": 0.073015, "max_down_swing_pct": 0.074436, "avg_up_swing": 2.8075, "avg_down_swing": 2.3991, "max_up_swing": 14.485, "max_down_swing": 14.045}, "3:50\u201355 avg": {"sessions": 95, "up_hits": 62, "up_rate": 0.6526, "down_hits": 54, "down_rate": 0.5684, "both_hits": 23, "both_rate": 0.2421, "neither_hits": 2, "neither_rate": 0.0211, "avg_up_swing_pct": 0.011749, "avg_down_swing_pct": 0.009491, "max_up_swing_pct": 0.073411, "max_down_swing_pct": 0.076976, "avg_up_swing": 2.8429, "avg_down_swing": 2.3636, "max_up_swing": 14.5583, "max_down_swing": 14.5642}}}, "0.0075": {"pct": 0.0075, "references": {"3:50 PM": {"sessions": 95, "up_hits": 58, "up_rate": 0.6105, "down_hits": 47, "down_rate": 0.4947, "both_hits": 13, "both_rate": 0.1368, "neither_hits": 3, "neither_rate": 0.0316, "avg_up_swing_pct": 0.011793, "avg_down_swing_pct": 0.009446, "max_up_swing_pct": 0.074341, "max_down_swing_pct": 0.078611, "avg_up_swing": 2.8528, "avg_down_swing": 2.3537, "max_up_swing": 14.73, "max_down_swing": 14.9}, "3:51 PM": {"sessions": 95, "up_hits": 56, "up_rate": 0.5895, "down_hits": 46, "down_rate": 0.4842, "both_hits": 11, "both_rate": 0.1158, "neither_hits": 4, "neither_rate": 0.0421, "avg_up_swing_pct": 0.011789, "avg_down_swing_pct": 0.00945, "max_up_swing_pct": 0.073583, "max_down_swing_pct": 0.078757, "avg_up_swing": 2.8513, "avg_down_swing": 2.3553, "max_up_swing": 14.59, "max_down_swing": 14.93}, "3:52 PM": {"sessions": 95, "up_hits": 57, "up_rate": 0.6, "down_hits": 47, "down_rate": 0.4947, "both_hits": 13, "both_rate": 0.1368, "neither_hits": 4, "neither_rate": 0.0421, "avg_up_swing_pct": 0.011847, "avg_down_swing_pct": 0.009394, "max_up_swing_pct": 0.074043, "max_down_swing_pct": 0.077541, "avg_up_swing": 2.8698, "avg_down_swing": 2.3367, "max_up_swing": 14.675, "max_down_swing": 14.68}, "3:53 PM": {"sessions": 95, "up_hits": 58, "up_rate": 0.6105, "down_hits": 48, "down_rate": 0.5053, "both_hits": 14, "both_rate": 0.1474, "neither_hits": 3, "neither_rate": 0.0316, "avg_up_swing_pct": 0.01187, "avg_down_swing_pct": 0.009374, "max_up_swing_pct": 0.074775, "max_down_swing_pct": 0.076419, "avg_up_swing": 2.8686, "avg_down_swing": 2.3379, "max_up_swing": 14.81, "max_down_swing": 14.45}, "3:54 PM": {"sessions": 95, "up_hits": 54, "up_rate": 0.5684, "down_hits": 49, "down_rate": 0.5158, "both_hits": 14, "both_rate": 0.1474, "neither_hits": 6, "neither_rate": 0.0632, "avg_up_swing_pct": 0.011598, "avg_down_swing_pct": 0.009637, "max_up_swing_pct": 0.070721, "max_down_swing_pct": 0.076077, "avg_up_swing": 2.8073, "avg_down_swing": 2.3993, "max_up_swing": 14.06, "max_down_swing": 14.38}, "3:55 PM": {"sessions": 95, "up_hits": 50, "up_rate": 0.5263, "down_hits": 51, "down_rate": 0.5368, "both_hits": 12, "both_rate": 0.1263, "neither_hits": 6, "neither_rate": 0.0632, "avg_up_swing_pct": 0.011605, "avg_down_swing_pct": 0.009636, "max_up_swing_pct": 0.073015, "max_down_swing_pct": 0.074436, "avg_up_swing": 2.8075, "avg_down_swing": 2.3991, "max_up_swing": 14.485, "max_down_swing": 14.045}, "3:50\u201355 avg": {"sessions": 95, "up_hits": 57, "up_rate": 0.6, "down_hits": 48, "down_rate": 0.5053, "both_hits": 14, "both_rate": 0.1474, "neither_hits": 4, "neither_rate": 0.0421, "avg_up_swing_pct": 0.011749, "avg_down_swing_pct": 0.009491, "max_up_swing_pct": 0.073411, "max_down_swing_pct": 0.076976, "avg_up_swing": 2.8429, "avg_down_swing": 2.3636, "max_up_swing": 14.5583, "max_down_swing": 14.5642}}}, "0.0100": {"pct": 0.01, "references": {"3:50 PM": {"sessions": 95, "up_hits": 52, "up_rate": 0.5474, "down_hits": 42, "down_rate": 0.4421, "both_hits": 9, "both_rate": 0.0947, "neither_hits": 10, "neither_rate": 0.1053, "avg_up_swing_pct": 0.011793, "avg_down_swing_pct": 0.009446, "max_up_swing_pct": 0.074341, "max_down_swing_pct": 0.078611, "avg_up_swing": 2.8528, "avg_down_swing": 2.3537, "max_up_swing": 14.73, "max_down_swing": 14.9}, "3:51 PM": {"sessions": 95, "up_hits": 50, "up_rate": 0.5263, "down_hits": 42, "down_rate": 0.4421, "both_hits": 7, "both_rate": 0.0737, "neither_hits": 10, "neither_rate": 0.1053, "avg_up_swing_pct": 0.011789, "avg_down_swing_pct": 0.00945, "max_up_swing_pct": 0.073583, "max_down_swing_pct": 0.078757, "avg_up_swing": 2.8513, "avg_down_swing": 2.3553, "max_up_swing": 14.59, "max_down_swing": 14.93}, "3:52 PM": {"sessions": 95, "up_hits": 49, "up_rate": 0.5158, "down_hits": 43, "down_rate": 0.4526, "both_hits": 7, "both_rate": 0.0737, "neither_hits": 10, "neither_rate": 0.1053, "avg_up_swing_pct": 0.011847, "avg_down_swing_pct": 0.009394, "max_up_swing_pct": 0.074043, "max_down_swing_pct": 0.077541, "avg_up_swing": 2.8698, "avg_down_swing": 2.3367, "max_up_swing": 14.675, "max_down_swing": 14.68}, "3:53 PM": {"sessions": 95, "up_hits": 52, "up_rate": 0.5474, "down_hits": 43, "down_rate": 0.4526, "both_hits": 9, "both_rate": 0.0947, "neither_hits": 9, "neither_rate": 0.0947, "avg_up_swing_pct": 0.01187, "avg_down_swing_pct": 0.009374, "max_up_swing_pct": 0.074775, "max_down_swing_pct": 0.076419, "avg_up_swing": 2.8686, "avg_down_swing": 2.3379, "max_up_swing": 14.81, "max_down_swing": 14.45}, "3:54 PM": {"sessions": 95, "up_hits": 47, "up_rate": 0.4947, "down_hits": 43, "down_rate": 0.4526, "both_hits": 7, "both_rate": 0.0737, "neither_hits": 12, "neither_rate": 0.1263, "avg_up_swing_pct": 0.011598, "avg_down_swing_pct": 0.009637, "max_up_swing_pct": 0.070721, "max_down_swing_pct": 0.076077, "avg_up_swing": 2.8073, "avg_down_swing": 2.3993, "max_up_swing": 14.06, "max_down_swing": 14.38}, "3:55 PM": {"sessions": 95, "up_hits": 48, "up_rate": 0.5053, "down_hits": 43, "down_rate": 0.4526, "both_hits": 7, "both_rate": 0.0737, "neither_hits": 11, "neither_rate": 0.1158, "avg_up_swing_pct": 0.011605, "avg_down_swing_pct": 0.009636, "max_up_swing_pct": 0.073015, "max_down_swing_pct": 0.074436, "avg_up_swing": 2.8075, "avg_down_swing": 2.3991, "max_up_swing": 14.485, "max_down_swing": 14.045}, "3:50\u201355 avg": {"sessions": 95, "up_hits": 49, "up_rate": 0.5158, "down_hits": 42, "down_rate": 0.4421, "both_hits": 7, "both_rate": 0.0737, "neither_hits": 11, "neither_rate": 0.1158, "avg_up_swing_pct": 0.011749, "avg_down_swing_pct": 0.009491, "max_up_swing_pct": 0.073411, "max_down_swing_pct": 0.076976, "avg_up_swing": 2.8429, "avg_down_swing": 2.3636, "max_up_swing": 14.5583, "max_down_swing": 14.5642}}}, "0.0125": {"pct": 0.0125, "references": {"3:50 PM": {"sessions": 95, "up_hits": 47, "up_rate": 0.4947, "down_hits": 36, "down_rate": 0.3789, "both_hits": 6, "both_rate": 0.0632, "neither_hits": 18, "neither_rate": 0.1895, "avg_up_swing_pct": 0.011793, "avg_down_swing_pct": 0.009446, "max_up_swing_pct": 0.074341, "max_down_swing_pct": 0.078611, "avg_up_swing": 2.8528, "avg_down_swing": 2.3537, "max_up_swing": 14.73, "max_down_swing": 14.9}, "3:51 PM": {"sessions": 95, "up_hits": 47, "up_rate": 0.4947, "down_hits": 38, "down_rate": 0.4, "both_hits": 7, "both_rate": 0.0737, "neither_hits": 17, "neither_rate": 0.1789, "avg_up_swing_pct": 0.011789, "avg_down_swing_pct": 0.00945, "max_up_swing_pct": 0.073583, "max_down_swing_pct": 0.078757, "avg_up_swing": 2.8513, "avg_down_swing": 2.3553, "max_up_swing": 14.59, "max_down_swing": 14.93}, "3:52 PM": {"sessions": 95, "up_hits": 45, "up_rate": 0.4737, "down_hits": 38, "down_rate": 0.4, "both_hits": 6, "both_rate": 0.0632, "neither_hits": 18, "neither_rate": 0.1895, "avg_up_swing_pct": 0.011847, "avg_down_swing_pct": 0.009394, "max_up_swing_pct": 0.074043, "max_down_swing_pct": 0.077541, "avg_up_swing": 2.8698, "avg_down_swing": 2.3367, "max_up_swing": 14.675, "max_down_swing": 14.68}, "3:53 PM": {"sessions": 95, "up_hits": 45, "up_rate": 0.4737, "down_hits": 38, "down_rate": 0.4, "both_hits": 6, "both_rate": 0.0632, "neither_hits": 18, "neither_rate": 0.1895, "avg_up_swing_pct": 0.01187, "avg_down_swing_pct": 0.009374, "max_up_swing_pct": 0.074775, "max_down_swing_pct": 0.076419, "avg_up_swing": 2.8686, "avg_down_swing": 2.3379, "max_up_swing": 14.81, "max_down_swing": 14.45}, "3:54 PM": {"sessions": 95, "up_hits": 43, "up_rate": 0.4526, "down_hits": 39, "down_rate": 0.4105, "both_hits": 5, "both_rate": 0.0526, "neither_hits": 18, "neither_rate": 0.1895, "avg_up_swing_pct": 0.011598, "avg_down_swing_pct": 0.009637, "max_up_swing_pct": 0.070721, "max_down_swing_pct": 0.076077, "avg_up_swing": 2.8073, "avg_down_swing": 2.3993, "max_up_swing": 14.06, "max_down_swing": 14.38}, "3:55 PM": {"sessions": 95, "up_hits": 44, "up_rate": 0.4632, "down_hits": 37, "down_rate": 0.3895, "both_hits": 4, "both_rate": 0.0421, "neither_hits": 18, "neither_rate": 0.1895, "avg_up_swing_pct": 0.011605, "avg_down_swing_pct": 0.009636, "max_up_swing_pct": 0.073015, "max_down_swing_pct": 0.074436, "avg_up_swing": 2.8075, "avg_down_swing": 2.3991, "max_up_swing": 14.485, "max_down_swing": 14.045}, "3:50\u201355 avg": {"sessions": 95, "up_hits": 45, "up_rate": 0.4737, "down_hits": 39, "down_rate": 0.4105, "both_hits": 7, "both_rate": 0.0737, "neither_hits": 18, "neither_rate": 0.1895, "avg_up_swing_pct": 0.011749, "avg_down_swing_pct": 0.009491, "max_up_swing_pct": 0.073411, "max_down_swing_pct": 0.076976, "avg_up_swing": 2.8429, "avg_down_swing": 2.3636, "max_up_swing": 14.5583, "max_down_swing": 14.5642}}}, "0.0150": {"pct": 0.015, "references": {"3:50 PM": {"sessions": 95, "up_hits": 37, "up_rate": 0.3895, "down_hits": 31, "down_rate": 0.3263, "both_hits": 3, "both_rate": 0.0316, "neither_hits": 30, "neither_rate": 0.3158, "avg_up_swing_pct": 0.011793, "avg_down_swing_pct": 0.009446, "max_up_swing_pct": 0.074341, "max_down_swing_pct": 0.078611, "avg_up_swing": 2.8528, "avg_down_swing": 2.3537, "max_up_swing": 14.73, "max_down_swing": 14.9}, "3:51 PM": {"sessions": 95, "up_hits": 38, "up_rate": 0.4, "down_hits": 31, "down_rate": 0.3263, "both_hits": 4, "both_rate": 0.0421, "neither_hits": 30, "neither_rate": 0.3158, "avg_up_swing_pct": 0.011789, "avg_down_swing_pct": 0.00945, "max_up_swing_pct": 0.073583, "max_down_swing_pct": 0.078757, "avg_up_swing": 2.8513, "avg_down_swing": 2.3553, "max_up_swing": 14.59, "max_down_swing": 14.93}, "3:52 PM": {"sessions": 95, "up_hits": 39, "up_rate": 0.4105, "down_hits": 31, "down_rate": 0.3263, "both_hits": 4, "both_rate": 0.0421, "neither_hits": 29, "neither_rate": 0.3053, "avg_up_swing_pct": 0.011847, "avg_down_swing_pct": 0.009394, "max_up_swing_pct": 0.074043, "max_down_swing_pct": 0.077541, "avg_up_swing": 2.8698, "avg_down_swing": 2.3367, "max_up_swing": 14.675, "max_down_swing": 14.68}, "3:53 PM": {"sessions": 95, "up_hits": 38, "up_rate": 0.4, "down_hits": 31, "down_rate": 0.3263, "both_hits": 3, "both_rate": 0.0316, "neither_hits": 29, "neither_rate": 0.3053, "avg_up_swing_pct": 0.01187, "avg_down_swing_pct": 0.009374, "max_up_swing_pct": 0.074775, "max_down_swing_pct": 0.076419, "avg_up_swing": 2.8686, "avg_down_swing": 2.3379, "max_up_swing": 14.81, "max_down_swing": 14.45}, "3:54 PM": {"sessions": 95, "up_hits": 35, "up_rate": 0.3684, "down_hits": 33, "down_rate": 0.3474, "both_hits": 3, "both_rate": 0.0316, "neither_hits": 30, "neither_rate": 0.3158, "avg_up_swing_pct": 0.011598, "avg_down_swing_pct": 0.009637, "max_up_swing_pct": 0.070721, "max_down_swing_pct": 0.076077, "avg_up_swing": 2.8073, "avg_down_swing": 2.3993, "max_up_swing": 14.06, "max_down_swing": 14.38}, "3:55 PM": {"sessions": 95, "up_hits": 34, "up_rate": 0.3579, "down_hits": 33, "down_rate": 0.3474, "both_hits": 3, "both_rate": 0.0316, "neither_hits": 31, "neither_rate": 0.3263, "avg_up_swing_pct": 0.011605, "avg_down_swing_pct": 0.009636, "max_up_swing_pct": 0.073015, "max_down_swing_pct": 0.074436, "avg_up_swing": 2.8075, "avg_down_swing": 2.3991, "max_up_swing": 14.485, "max_down_swing": 14.045}, "3:50\u201355 avg": {"sessions": 95, "up_hits": 37, "up_rate": 0.3895, "down_hits": 33, "down_rate": 0.3474, "both_hits": 3, "both_rate": 0.0316, "neither_hits": 28, "neither_rate": 0.2947, "avg_up_swing_pct": 0.011749, "avg_down_swing_pct": 0.009491, "max_up_swing_pct": 0.073411, "max_down_swing_pct": 0.076976, "avg_up_swing": 2.8429, "avg_down_swing": 2.3636, "max_up_swing": 14.5583, "max_down_swing": 14.5642}}}, "0.0200": {"pct": 0.02, "references": {"3:50 PM": {"sessions": 95, "up_hits": 27, "up_rate": 0.2842, "down_hits": 21, "down_rate": 0.2211, "both_hits": 2, "both_rate": 0.0211, "neither_hits": 49, "neither_rate": 0.5158, "avg_up_swing_pct": 0.011793, "avg_down_swing_pct": 0.009446, "max_up_swing_pct": 0.074341, "max_down_swing_pct": 0.078611, "avg_up_swing": 2.8528, "avg_down_swing": 2.3537, "max_up_swing": 14.73, "max_down_swing": 14.9}, "3:51 PM": {"sessions": 95, "up_hits": 25, "up_rate": 0.2632, "down_hits": 20, "down_rate": 0.2105, "both_hits": 2, "both_rate": 0.0211, "neither_hits": 52, "neither_rate": 0.5474, "avg_up_swing_pct": 0.011789, "avg_down_swing_pct": 0.00945, "max_up_swing_pct": 0.073583, "max_down_swing_pct": 0.078757, "avg_up_swing": 2.8513, "avg_down_swing": 2.3553, "max_up_swing": 14.59, "max_down_swing": 14.93}, "3:52 PM": {"sessions": 95, "up_hits": 25, "up_rate": 0.2632, "down_hits": 20, "down_rate": 0.2105, "both_hits": 2, "both_rate": 0.0211, "neither_hits": 52, "neither_rate": 0.5474, "avg_up_swing_pct": 0.011847, "avg_down_swing_pct": 0.009394, "max_up_swing_pct": 0.074043, "max_down_swing_pct": 0.077541, "avg_up_swing": 2.8698, "avg_down_swing": 2.3367, "max_up_swing": 14.675, "max_down_swing": 14.68}, "3:53 PM": {"sessions": 95, "up_hits": 25, "up_rate": 0.2632, "down_hits": 20, "down_rate": 0.2105, "both_hits": 2, "both_rate": 0.0211, "neither_hits": 52, "neither_rate": 0.5474, "avg_up_swing_pct": 0.01187, "avg_down_swing_pct": 0.009374, "max_up_swing_pct": 0.074775, "max_down_swing_pct": 0.076419, "avg_up_swing": 2.8686, "avg_down_swing": 2.3379, "max_up_swing": 14.81, "max_down_swing": 14.45}, "3:54 PM": {"sessions": 95, "up_hits": 24, "up_rate": 0.2526, "down_hits": 20, "down_rate": 0.2105, "both_hits": 2, "both_rate": 0.0211, "neither_hits": 53, "neither_rate": 0.5579, "avg_up_swing_pct": 0.011598, "avg_down_swing_pct": 0.009637, "max_up_swing_pct": 0.070721, "max_down_swing_pct": 0.076077, "avg_up_swing": 2.8073, "avg_down_swing": 2.3993, "max_up_swing": 14.06, "max_down_swing": 14.38}, "3:55 PM": {"sessions": 95, "up_hits": 23, "up_rate": 0.2421, "down_hits": 20, "down_rate": 0.2105, "both_hits": 2, "both_rate": 0.0211, "neither_hits": 54, "neither_rate": 0.5684, "avg_up_swing_pct": 0.011605, "avg_down_swing_pct": 0.009636, "max_up_swing_pct": 0.073015, "max_down_swing_pct": 0.074436, "avg_up_swing": 2.8075, "avg_down_swing": 2.3991, "max_up_swing": 14.485, "max_down_swing": 14.045}, "3:50\u201355 avg": {"sessions": 95, "up_hits": 24, "up_rate": 0.2526, "down_hits": 19, "down_rate": 0.2, "both_hits": 2, "both_rate": 0.0211, "neither_hits": 54, "neither_rate": 0.5684, "avg_up_swing_pct": 0.011749, "avg_down_swing_pct": 0.009491, "max_up_swing_pct": 0.073411, "max_down_swing_pct": 0.076976, "avg_up_swing": 2.8429, "avg_down_swing": 2.3636, "max_up_swing": 14.5583, "max_down_swing": 14.5642}}}, "0.0250": {"pct": 0.025, "references": {"3:50 PM": {"sessions": 95, "up_hits": 13, "up_rate": 0.1368, "down_hits": 11, "down_rate": 0.1158, "both_hits": 0, "both_rate": 0.0, "neither_hits": 71, "neither_rate": 0.7474, "avg_up_swing_pct": 0.011793, "avg_down_swing_pct": 0.009446, "max_up_swing_pct": 0.074341, "max_down_swing_pct": 0.078611, "avg_up_swing": 2.8528, "avg_down_swing": 2.3537, "max_up_swing": 14.73, "max_down_swing": 14.9}, "3:51 PM": {"sessions": 95, "up_hits": 13, "up_rate": 0.1368, "down_hits": 11, "down_rate": 0.1158, "both_hits": 0, "both_rate": 0.0, "neither_hits": 71, "neither_rate": 0.7474, "avg_up_swing_pct": 0.011789, "avg_down_swing_pct": 0.00945, "max_up_swing_pct": 0.073583, "max_down_swing_pct": 0.078757, "avg_up_swing": 2.8513, "avg_down_swing": 2.3553, "max_up_swing": 14.59, "max_down_swing": 14.93}, "3:52 PM": {"sessions": 95, "up_hits": 14, "up_rate": 0.1474, "down_hits": 12, "down_rate": 0.1263, "both_hits": 1, "both_rate": 0.0105, "neither_hits": 70, "neither_rate": 0.7368, "avg_up_swing_pct": 0.011847, "avg_down_swing_pct": 0.009394, "max_up_swing_pct": 0.074043, "max_down_swing_pct": 0.077541, "avg_up_swing": 2.8698, "avg_down_swing": 2.3367, "max_up_swing": 14.675, "max_down_swing": 14.68}, "3:53 PM": {"sessions": 95, "up_hits": 14, "up_rate": 0.1474, "down_hits": 12, "down_rate": 0.1263, "both_hits": 1, "both_rate": 0.0105, "neither_hits": 70, "neither_rate": 0.7368, "avg_up_swing_pct": 0.01187, "avg_down_swing_pct": 0.009374, "max_up_swing_pct": 0.074775, "max_down_swing_pct": 0.076419, "avg_up_swing": 2.8686, "avg_down_swing": 2.3379, "max_up_swing": 14.81, "max_down_swing": 14.45}, "3:54 PM": {"sessions": 95, "up_hits": 12, "up_rate": 0.1263, "down_hits": 11, "down_rate": 0.1158, "both_hits": 1, "both_rate": 0.0105, "neither_hits": 73, "neither_rate": 0.7684, "avg_up_swing_pct": 0.011598, "avg_down_swing_pct": 0.009637, "max_up_swing_pct": 0.070721, "max_down_swing_pct": 0.076077, "avg_up_swing": 2.8073, "avg_down_swing": 2.3993, "max_up_swing": 14.06, "max_down_swing": 14.38}, "3:55 PM": {"sessions": 95, "up_hits": 14, "up_rate": 0.1474, "down_hits": 10, "down_rate": 0.1053, "both_hits": 1, "both_rate": 0.0105, "neither_hits": 72, "neither_rate": 0.7579, "avg_up_swing_pct": 0.011605, "avg_down_swing_pct": 0.009636, "max_up_swing_pct": 0.073015, "max_down_swing_pct": 0.074436, "avg_up_swing": 2.8075, "avg_down_swing": 2.3991, "max_up_swing": 14.485, "max_down_swing": 14.045}, "3:50\u201355 avg": {"sessions": 95, "up_hits": 14, "up_rate": 0.1474, "down_hits": 10, "down_rate": 0.1053, "both_hits": 1, "both_rate": 0.0105, "neither_hits": 72, "neither_rate": 0.7579, "avg_up_swing_pct": 0.011749, "avg_down_swing_pct": 0.009491, "max_up_swing_pct": 0.073411, "max_down_swing_pct": 0.076976, "avg_up_swing": 2.8429, "avg_down_swing": 2.3636, "max_up_swing": 14.5583, "max_down_swing": 14.5642}}}, "0.0300": {"pct": 0.03, "references": {"3:50 PM": {"sessions": 95, "up_hits": 8, "up_rate": 0.0842, "down_hits": 7, "down_rate": 0.0737, "both_hits": 0, "both_rate": 0.0, "neither_hits": 80, "neither_rate": 0.8421, "avg_up_swing_pct": 0.011793, "avg_down_swing_pct": 0.009446, "max_up_swing_pct": 0.074341, "max_down_swing_pct": 0.078611, "avg_up_swing": 2.8528, "avg_down_swing": 2.3537, "max_up_swing": 14.73, "max_down_swing": 14.9}, "3:51 PM": {"sessions": 95, "up_hits": 8, "up_rate": 0.0842, "down_hits": 7, "down_rate": 0.0737, "both_hits": 0, "both_rate": 0.0, "neither_hits": 80, "neither_rate": 0.8421, "avg_up_swing_pct": 0.011789, "avg_down_swing_pct": 0.00945, "max_up_swing_pct": 0.073583, "max_down_swing_pct": 0.078757, "avg_up_swing": 2.8513, "avg_down_swing": 2.3553, "max_up_swing": 14.59, "max_down_swing": 14.93}, "3:52 PM": {"sessions": 95, "up_hits": 8, "up_rate": 0.0842, "down_hits": 8, "down_rate": 0.0842, "both_hits": 0, "both_rate": 0.0, "neither_hits": 79, "neither_rate": 0.8316, "avg_up_swing_pct": 0.011847, "avg_down_swing_pct": 0.009394, "max_up_swing_pct": 0.074043, "max_down_swing_pct": 0.077541, "avg_up_swing": 2.8698, "avg_down_swing": 2.3367, "max_up_swing": 14.675, "max_down_swing": 14.68}, "3:53 PM": {"sessions": 95, "up_hits": 9, "up_rate": 0.0947, "down_hits": 7, "down_rate": 0.0737, "both_hits": 0, "both_rate": 0.0, "neither_hits": 79, "neither_rate": 0.8316, "avg_up_swing_pct": 0.01187, "avg_down_swing_pct": 0.009374, "max_up_swing_pct": 0.074775, "max_down_swing_pct": 0.076419, "avg_up_swing": 2.8686, "avg_down_swing": 2.3379, "max_up_swing": 14.81, "max_down_swing": 14.45}, "3:54 PM": {"sessions": 95, "up_hits": 8, "up_rate": 0.0842, "down_hits": 8, "down_rate": 0.0842, "both_hits": 0, "both_rate": 0.0, "neither_hits": 79, "neither_rate": 0.8316, "avg_up_swing_pct": 0.011598, "avg_down_swing_pct": 0.009637, "max_up_swing_pct": 0.070721, "max_down_swing_pct": 0.076077, "avg_up_swing": 2.8073, "avg_down_swing": 2.3993, "max_up_swing": 14.06, "max_down_swing": 14.38}, "3:55 PM": {"sessions": 95, "up_hits": 8, "up_rate": 0.0842, "down_hits": 9, "down_rate": 0.0947, "both_hits": 0, "both_rate": 0.0, "neither_hits": 78, "neither_rate": 0.8211, "avg_up_swing_pct": 0.011605, "avg_down_swing_pct": 0.009636, "max_up_swing_pct": 0.073015, "max_down_swing_pct": 0.074436, "avg_up_swing": 2.8075, "avg_down_swing": 2.3991, "max_up_swing": 14.485, "max_down_swing": 14.045}, "3:50\u201355 avg": {"sessions": 95, "up_hits": 8, "up_rate": 0.0842, "down_hits": 7, "down_rate": 0.0737, "both_hits": 0, "both_rate": 0.0, "neither_hits": 80, "neither_rate": 0.8421, "avg_up_swing_pct": 0.011749, "avg_down_swing_pct": 0.009491, "max_up_swing_pct": 0.073411, "max_down_swing_pct": 0.076976, "avg_up_swing": 2.8429, "avg_down_swing": 2.3636, "max_up_swing": 14.5583, "max_down_swing": 14.5642}}}, "0.0350": {"pct": 0.035, "references": {"3:50 PM": {"sessions": 95, "up_hits": 5, "up_rate": 0.0526, "down_hits": 3, "down_rate": 0.0316, "both_hits": 0, "both_rate": 0.0, "neither_hits": 87, "neither_rate": 0.9158, "avg_up_swing_pct": 0.011793, "avg_down_swing_pct": 0.009446, "max_up_swing_pct": 0.074341, "max_down_swing_pct": 0.078611, "avg_up_swing": 2.8528, "avg_down_swing": 2.3537, "max_up_swing": 14.73, "max_down_swing": 14.9}, "3:51 PM": {"sessions": 95, "up_hits": 6, "up_rate": 0.0632, "down_hits": 3, "down_rate": 0.0316, "both_hits": 0, "both_rate": 0.0, "neither_hits": 86, "neither_rate": 0.9053, "avg_up_swing_pct": 0.011789, "avg_down_swing_pct": 0.00945, "max_up_swing_pct": 0.073583, "max_down_swing_pct": 0.078757, "avg_up_swing": 2.8513, "avg_down_swing": 2.3553, "max_up_swing": 14.59, "max_down_swing": 14.93}, "3:52 PM": {"sessions": 95, "up_hits": 6, "up_rate": 0.0632, "down_hits": 3, "down_rate": 0.0316, "both_hits": 0, "both_rate": 0.0, "neither_hits": 86, "neither_rate": 0.9053, "avg_up_swing_pct": 0.011847, "avg_down_swing_pct": 0.009394, "max_up_swing_pct": 0.074043, "max_down_swing_pct": 0.077541, "avg_up_swing": 2.8698, "avg_down_swing": 2.3367, "max_up_swing": 14.675, "max_down_swing": 14.68}, "3:53 PM": {"sessions": 95, "up_hits": 6, "up_rate": 0.0632, "down_hits": 3, "down_rate": 0.0316, "both_hits": 0, "both_rate": 0.0, "neither_hits": 86, "neither_rate": 0.9053, "avg_up_swing_pct": 0.01187, "avg_down_swing_pct": 0.009374, "max_up_swing_pct": 0.074775, "max_down_swing_pct": 0.076419, "avg_up_swing": 2.8686, "avg_down_swing": 2.3379, "max_up_swing": 14.81, "max_down_swing": 14.45}, "3:54 PM": {"sessions": 95, "up_hits": 6, "up_rate": 0.0632, "down_hits": 4, "down_rate": 0.0421, "both_hits": 0, "both_rate": 0.0, "neither_hits": 85, "neither_rate": 0.8947, "avg_up_swing_pct": 0.011598, "avg_down_swing_pct": 0.009637, "max_up_swing_pct": 0.070721, "max_down_swing_pct": 0.076077, "avg_up_swing": 2.8073, "avg_down_swing": 2.3993, "max_up_swing": 14.06, "max_down_swing": 14.38}, "3:55 PM": {"sessions": 95, "up_hits": 6, "up_rate": 0.0632, "down_hits": 4, "down_rate": 0.0421, "both_hits": 0, "both_rate": 0.0, "neither_hits": 85, "neither_rate": 0.8947, "avg_up_swing_pct": 0.011605, "avg_down_swing_pct": 0.009636, "max_up_swing_pct": 0.073015, "max_down_swing_pct": 0.074436, "avg_up_swing": 2.8075, "avg_down_swing": 2.3991, "max_up_swing": 14.485, "max_down_swing": 14.045}, "3:50\u201355 avg": {"sessions": 95, "up_hits": 6, "up_rate": 0.0632, "down_hits": 3, "down_rate": 0.0316, "both_hits": 0, "both_rate": 0.0, "neither_hits": 86, "neither_rate": 0.9053, "avg_up_swing_pct": 0.011749, "avg_down_swing_pct": 0.009491, "max_up_swing_pct": 0.073411, "max_down_swing_pct": 0.076976, "avg_up_swing": 2.8429, "avg_down_swing": 2.3636, "max_up_swing": 14.5583, "max_down_swing": 14.5642}}}, "0.0400": {"pct": 0.04, "references": {"3:50 PM": {"sessions": 95, "up_hits": 5, "up_rate": 0.0526, "down_hits": 2, "down_rate": 0.0211, "both_hits": 0, "both_rate": 0.0, "neither_hits": 88, "neither_rate": 0.9263, "avg_up_swing_pct": 0.011793, "avg_down_swing_pct": 0.009446, "max_up_swing_pct": 0.074341, "max_down_swing_pct": 0.078611, "avg_up_swing": 2.8528, "avg_down_swing": 2.3537, "max_up_swing": 14.73, "max_down_swing": 14.9}, "3:51 PM": {"sessions": 95, "up_hits": 5, "up_rate": 0.0526, "down_hits": 2, "down_rate": 0.0211, "both_hits": 0, "both_rate": 0.0, "neither_hits": 88, "neither_rate": 0.9263, "avg_up_swing_pct": 0.011789, "avg_down_swing_pct": 0.00945, "max_up_swing_pct": 0.073583, "max_down_swing_pct": 0.078757, "avg_up_swing": 2.8513, "avg_down_swing": 2.3553, "max_up_swing": 14.59, "max_down_swing": 14.93}, "3:52 PM": {"sessions": 95, "up_hits": 5, "up_rate": 0.0526, "down_hits": 2, "down_rate": 0.0211, "both_hits": 0, "both_rate": 0.0, "neither_hits": 88, "neither_rate": 0.9263, "avg_up_swing_pct": 0.011847, "avg_down_swing_pct": 0.009394, "max_up_swing_pct": 0.074043, "max_down_swing_pct": 0.077541, "avg_up_swing": 2.8698, "avg_down_swing": 2.3367, "max_up_swing": 14.675, "max_down_swing": 14.68}, "3:53 PM": {"sessions": 95, "up_hits": 6, "up_rate": 0.0632, "down_hits": 2, "down_rate": 0.0211, "both_hits": 0, "both_rate": 0.0, "neither_hits": 87, "neither_rate": 0.9158, "avg_up_swing_pct": 0.01187, "avg_down_swing_pct": 0.009374, "max_up_swing_pct": 0.074775, "max_down_swing_pct": 0.076419, "avg_up_swing": 2.8686, "avg_down_swing": 2.3379, "max_up_swing": 14.81, "max_down_swing": 14.45}, "3:54 PM": {"sessions": 95, "up_hits": 6, "up_rate": 0.0632, "down_hits": 2, "down_rate": 0.0211, "both_hits": 0, "both_rate": 0.0, "neither_hits": 87, "neither_rate": 0.9158, "avg_up_swing_pct": 0.011598, "avg_down_swing_pct": 0.009637, "max_up_swing_pct": 0.070721, "max_down_swing_pct": 0.076077, "avg_up_swing": 2.8073, "avg_down_swing": 2.3993, "max_up_swing": 14.06, "max_down_swing": 14.38}, "3:55 PM": {"sessions": 95, "up_hits": 6, "up_rate": 0.0632, "down_hits": 2, "down_rate": 0.0211, "both_hits": 0, "both_rate": 0.0, "neither_hits": 87, "neither_rate": 0.9158, "avg_up_swing_pct": 0.011605, "avg_down_swing_pct": 0.009636, "max_up_swing_pct": 0.073015, "max_down_swing_pct": 0.074436, "avg_up_swing": 2.8075, "avg_down_swing": 2.3991, "max_up_swing": 14.485, "max_down_swing": 14.045}, "3:50\u201355 avg": {"sessions": 95, "up_hits": 5, "up_rate": 0.0526, "down_hits": 2, "down_rate": 0.0211, "both_hits": 0, "both_rate": 0.0, "neither_hits": 88, "neither_rate": 0.9263, "avg_up_swing_pct": 0.011749, "avg_down_swing_pct": 0.009491, "max_up_swing_pct": 0.073411, "max_down_swing_pct": 0.076976, "avg_up_swing": 2.8429, "avg_down_swing": 2.3636, "max_up_swing": 14.5583, "max_down_swing": 14.5642}}}, "0.0500": {"pct": 0.05, "references": {"3:50 PM": {"sessions": 95, "up_hits": 2, "up_rate": 0.0211, "down_hits": 1, "down_rate": 0.0105, "both_hits": 0, "both_rate": 0.0, "neither_hits": 92, "neither_rate": 0.9684, "avg_up_swing_pct": 0.011793, "avg_down_swing_pct": 0.009446, "max_up_swing_pct": 0.074341, "max_down_swing_pct": 0.078611, "avg_up_swing": 2.8528, "avg_down_swing": 2.3537, "max_up_swing": 14.73, "max_down_swing": 14.9}, "3:51 PM": {"sessions": 95, "up_hits": 2, "up_rate": 0.0211, "down_hits": 1, "down_rate": 0.0105, "both_hits": 0, "both_rate": 0.0, "neither_hits": 92, "neither_rate": 0.9684, "avg_up_swing_pct": 0.011789, "avg_down_swing_pct": 0.00945, "max_up_swing_pct": 0.073583, "max_down_swing_pct": 0.078757, "avg_up_swing": 2.8513, "avg_down_swing": 2.3553, "max_up_swing": 14.59, "max_down_swing": 14.93}, "3:52 PM": {"sessions": 95, "up_hits": 2, "up_rate": 0.0211, "down_hits": 1, "down_rate": 0.0105, "both_hits": 0, "both_rate": 0.0, "neither_hits": 92, "neither_rate": 0.9684, "avg_up_swing_pct": 0.011847, "avg_down_swing_pct": 0.009394, "max_up_swing_pct": 0.074043, "max_down_swing_pct": 0.077541, "avg_up_swing": 2.8698, "avg_down_swing": 2.3367, "max_up_swing": 14.675, "max_down_swing": 14.68}, "3:53 PM": {"sessions": 95, "up_hits": 2, "up_rate": 0.0211, "down_hits": 1, "down_rate": 0.0105, "both_hits": 0, "both_rate": 0.0, "neither_hits": 92, "neither_rate": 0.9684, "avg_up_swing_pct": 0.01187, "avg_down_swing_pct": 0.009374, "max_up_swing_pct": 0.074775, "max_down_swing_pct": 0.076419, "avg_up_swing": 2.8686, "avg_down_swing": 2.3379, "max_up_swing": 14.81, "max_down_swing": 14.45}, "3:54 PM": {"sessions": 95, "up_hits": 2, "up_rate": 0.0211, "down_hits": 1, "down_rate": 0.0105, "both_hits": 0, "both_rate": 0.0, "neither_hits": 92, "neither_rate": 0.9684, "avg_up_swing_pct": 0.011598, "avg_down_swing_pct": 0.009637, "max_up_swing_pct": 0.070721, "max_down_swing_pct": 0.076077, "avg_up_swing": 2.8073, "avg_down_swing": 2.3993, "max_up_swing": 14.06, "max_down_swing": 14.38}, "3:55 PM": {"sessions": 95, "up_hits": 2, "up_rate": 0.0211, "down_hits": 1, "down_rate": 0.0105, "both_hits": 0, "both_rate": 0.0, "neither_hits": 92, "neither_rate": 0.9684, "avg_up_swing_pct": 0.011605, "avg_down_swing_pct": 0.009636, "max_up_swing_pct": 0.073015, "max_down_swing_pct": 0.074436, "avg_up_swing": 2.8075, "avg_down_swing": 2.3991, "max_up_swing": 14.485, "max_down_swing": 14.045}, "3:50\u201355 avg": {"sessions": 95, "up_hits": 2, "up_rate": 0.0211, "down_hits": 1, "down_rate": 0.0105, "both_hits": 0, "both_rate": 0.0, "neither_hits": 92, "neither_rate": 0.9684, "avg_up_swing_pct": 0.011749, "avg_down_swing_pct": 0.009491, "max_up_swing_pct": 0.073411, "max_down_swing_pct": 0.076976, "avg_up_swing": 2.8429, "avg_down_swing": 2.3636, "max_up_swing": 14.5583, "max_down_swing": 14.5642}}}}, "swings": {"3:50 PM": {"avg_up_swing_pct": 0.011793, "avg_down_swing_pct": 0.009446, "max_up_swing_pct": 0.074341, "max_down_swing_pct": 0.078611, "avg_up_swing": 2.8528, "avg_down_swing": 2.3537, "max_up_swing": 14.73, "max_down_swing": 14.9}, "3:51 PM": {"avg_up_swing_pct": 0.011789, "avg_down_swing_pct": 0.00945, "max_up_swing_pct": 0.073583, "max_down_swing_pct": 0.078757, "avg_up_swing": 2.8513, "avg_down_swing": 2.3553, "max_up_swing": 14.59, "max_down_swing": 14.93}, "3:52 PM": {"avg_up_swing_pct": 0.011847, "avg_down_swing_pct": 0.009394, "max_up_swing_pct": 0.074043, "max_down_swing_pct": 0.077541, "avg_up_swing": 2.8698, "avg_down_swing": 2.3367, "max_up_swing": 14.675, "max_down_swing": 14.68}, "3:53 PM": {"avg_up_swing_pct": 0.01187, "avg_down_swing_pct": 0.009374, "max_up_swing_pct": 0.074775, "max_down_swing_pct": 0.076419, "avg_up_swing": 2.8686, "avg_down_swing": 2.3379, "max_up_swing": 14.81, "max_down_swing": 14.45}, "3:54 PM": {"avg_up_swing_pct": 0.011598, "avg_down_swing_pct": 0.009637, "max_up_swing_pct": 0.070721, "max_down_swing_pct": 0.076077, "avg_up_swing": 2.8073, "avg_down_swing": 2.3993, "max_up_swing": 14.06, "max_down_swing": 14.38}, "3:55 PM": {"avg_up_swing_pct": 0.011605, "avg_down_swing_pct": 0.009636, "max_up_swing_pct": 0.073015, "max_down_swing_pct": 0.074436, "avg_up_swing": 2.8075, "avg_down_swing": 2.3991, "max_up_swing": 14.485, "max_down_swing": 14.045}, "3:50\u201355 avg": {"avg_up_swing_pct": 0.011749, "avg_down_swing_pct": 0.009491, "max_up_swing_pct": 0.073411, "max_down_swing_pct": 0.076976, "avg_up_swing": 2.8429, "avg_down_swing": 2.3636, "max_up_swing": 14.5583, "max_down_swing": 14.5642}}}, "Wednesday": {"n_sessions": 103, "n_skipped": 2, "n_baseline_substituted": 0, "recommended_reference": "3:52 PM", "recommended_reference_deviation": 0.108, "steadiness": {"3:50 PM": 0.1543, "3:51 PM": 0.1185, "3:52 PM": 0.108, "3:53 PM": 0.1169, "3:54 PM": 0.1755, "3:55 PM": 0.2205}, "thresholds_pct": {"0.0050": {"pct": 0.005, "references": {"3:50 PM": {"sessions": 103, "up_hits": 70, "up_rate": 0.6796, "down_hits": 63, "down_rate": 0.6117, "both_hits": 31, "both_rate": 0.301, "neither_hits": 1, "neither_rate": 0.0097, "avg_up_swing_pct": 0.012688, "avg_down_swing_pct": 0.00856, "max_up_swing_pct": 0.169368, "max_down_swing_pct": 0.049788, "avg_up_swing": 3.0256, "avg_down_swing": 2.0957, "max_up_swing": 29.05, "max_down_swing": 10.08}, "3:51 PM": {"sessions": 103, "up_hits": 73, "up_rate": 0.7087, "down_hits": 60, "down_rate": 0.5825, "both_hits": 32, "both_rate": 0.3107, "neither_hits": 2, "neither_rate": 0.0194, "avg_up_swing_pct": 0.01262, "avg_down_swing_pct": 0.008625, "max_up_swing_pct": 0.167938, "max_down_swing_pct": 0.050397, "avg_up_swing": 3.013, "avg_down_swing": 2.1083, "max_up_swing": 28.84, "max_down_swing": 10.21}, "3:52 PM": {"sessions": 103, "up_hits": 74, "up_rate": 0.7184, "down_hits": 63, "down_rate": 0.6117, "both_hits": 35, "both_rate": 0.3398, "neither_hits": 1, "neither_rate": 0.0097, "avg_up_swing_pct": 0.012611, "avg_down_swing_pct": 0.00863, "max_up_swing_pct": 0.164818, "max_down_swing_pct": 0.050959, "avg_up_swing": 3.015, "avg_down_swing": 2.1063, "max_up_swing": 28.38, "max_down_swing": 10.33}, "3:53 PM": {"sessions": 103, "up_hits": 73, "up_rate": 0.7087, "down_hits": 62, "down_rate": 0.6019, "both_hits": 35, "both_rate": 0.3398, "neither_hits": 3, "neither_rate": 0.0291, "avg_up_swing_pct": 0.012582, "avg_down_swing_pct": 0.00866, "max_up_swing_pct": 0.165935, "max_down_swing_pct": 0.050866, "avg_up_swing": 3.0067, "avg_down_swing": 2.1145, "max_up_swing": 28.545, "max_down_swing": 10.31}, "3:54 PM": {"sessions": 103, "up_hits": 73, "up_rate": 0.7087, "down_hits": 60, "down_rate": 0.5825, "both_hits": 32, "both_rate": 0.3107, "neither_hits": 2, "neither_rate": 0.0194, "avg_up_swing_pct": 0.012405, "avg_down_swing_pct": 0.008827, "max_up_swing_pct": 0.161546, "max_down_swing_pct": 0.050444, "avg_up_swing": 2.968, "avg_down_swing": 2.1533, "max_up_swing": 27.895, "max_down_swing": 10.22}, "3:55 PM": {"sessions": 103, "up_hits": 73, "up_rate": 0.7087, "down_hits": 64, "down_rate": 0.6214, "both_hits": 34, "both_rate": 0.3301, "neither_hits": 0, "neither_rate": 0.0, "avg_up_swing_pct": 0.012401, "avg_down_swing_pct": 0.008835, "max_up_swing_pct": 0.164953, "max_down_swing_pct": 0.049788, "avg_up_swing": 2.9618, "avg_down_swing": 2.1595, "max_up_swing": 28.4, "max_down_swing": 10.08}, "3:50\u201355 avg": {"sessions": 103, "up_hits": 73, "up_rate": 0.7087, "down_hits": 60, "down_rate": 0.5825, "both_hits": 33, "both_rate": 0.3204, "neither_hits": 3, "neither_rate": 0.0291, "avg_up_swing_pct": 0.012551, "avg_down_swing_pct": 0.00869, "max_up_swing_pct": 0.165754, "max_down_swing_pct": 0.050374, "avg_up_swing": 2.9983, "avg_down_swing": 2.1229, "max_up_swing": 28.5183, "max_down_swing": 10.205}}}, "0.0075": {"pct": 0.0075, "references": {"3:50 PM": {"sessions": 103, "up_hits": 58, "up_rate": 0.5631, "down_hits": 51, "down_rate": 0.4951, "both_hits": 15, "both_rate": 0.1456, "neither_hits": 9, "neither_rate": 0.0874, "avg_up_swing_pct": 0.012688, "avg_down_swing_pct": 0.00856, "max_up_swing_pct": 0.169368, "max_down_swing_pct": 0.049788, "avg_up_swing": 3.0256, "avg_down_swing": 2.0957, "max_up_swing": 29.05, "max_down_swing": 10.08}, "3:51 PM": {"sessions": 103, "up_hits": 60, "up_rate": 0.5825, "down_hits": 52, "down_rate": 0.5049, "both_hits": 17, "both_rate": 0.165, "neither_hits": 8, "neither_rate": 0.0777, "avg_up_swing_pct": 0.01262, "avg_down_swing_pct": 0.008625, "max_up_swing_pct": 0.167938, "max_down_swing_pct": 0.050397, "avg_up_swing": 3.013, "avg_down_swing": 2.1083, "max_up_swing": 28.84, "max_down_swing": 10.21}, "3:52 PM": {"sessions": 103, "up_hits": 62, "up_rate": 0.6019, "down_hits": 51, "down_rate": 0.4951, "both_hits": 17, "both_rate": 0.165, "neither_hits": 7, "neither_rate": 0.068, "avg_up_swing_pct": 0.012611, "avg_down_swing_pct": 0.00863, "max_up_swing_pct": 0.164818, "max_down_swing_pct": 0.050959, "avg_up_swing": 3.015, "avg_down_swing": 2.1063, "max_up_swing": 28.38, "max_down_swing": 10.33}, "3:53 PM": {"sessions": 103, "up_hits": 60, "up_rate": 0.5825, "down_hits": 52, "down_rate": 0.5049, "both_hits": 17, "both_rate": 0.165, "neither_hits": 8, "neither_rate": 0.0777, "avg_up_swing_pct": 0.012582, "avg_down_swing_pct": 0.00866, "max_up_swing_pct": 0.165935, "max_down_swing_pct": 0.050866, "avg_up_swing": 3.0067, "avg_down_swing": 2.1145, "max_up_swing": 28.545, "max_down_swing": 10.31}, "3:54 PM": {"sessions": 103, "up_hits": 59, "up_rate": 0.5728, "down_hits": 53, "down_rate": 0.5146, "both_hits": 15, "both_rate": 0.1456, "neither_hits": 6, "neither_rate": 0.0583, "avg_up_swing_pct": 0.012405, "avg_down_swing_pct": 0.008827, "max_up_swing_pct": 0.161546, "max_down_swing_pct": 0.050444, "avg_up_swing": 2.968, "avg_down_swing": 2.1533, "max_up_swing": 27.895, "max_down_swing": 10.22}, "3:55 PM": {"sessions": 103, "up_hits": 59, "up_rate": 0.5728, "down_hits": 55, "down_rate": 0.534, "both_hits": 18, "both_rate": 0.1748, "neither_hits": 7, "neither_rate": 0.068, "avg_up_swing_pct": 0.012401, "avg_down_swing_pct": 0.008835, "max_up_swing_pct": 0.164953, "max_down_swing_pct": 0.049788, "avg_up_swing": 2.9618, "avg_down_swing": 2.1595, "max_up_swing": 28.4, "max_down_swing": 10.08}, "3:50\u201355 avg": {"sessions": 103, "up_hits": 58, "up_rate": 0.5631, "down_hits": 52, "down_rate": 0.5049, "both_hits": 16, "both_rate": 0.1553, "neither_hits": 9, "neither_rate": 0.0874, "avg_up_swing_pct": 0.012551, "avg_down_swing_pct": 0.00869, "max_up_swing_pct": 0.165754, "max_down_swing_pct": 0.050374, "avg_up_swing": 2.9983, "avg_down_swing": 2.1229, "max_up_swing": 28.5183, "max_down_swing": 10.205}}}, "0.0100": {"pct": 0.01, "references": {"3:50 PM": {"sessions": 103, "up_hits": 46, "up_rate": 0.4466, "down_hits": 43, "down_rate": 0.4175, "both_hits": 5, "both_rate": 0.0485, "neither_hits": 19, "neither_rate": 0.1845, "avg_up_swing_pct": 0.012688, "avg_down_swing_pct": 0.00856, "max_up_swing_pct": 0.169368, "max_down_swing_pct": 0.049788, "avg_up_swing": 3.0256, "avg_down_swing": 2.0957, "max_up_swing": 29.05, "max_down_swing": 10.08}, "3:51 PM": {"sessions": 103, "up_hits": 45, "up_rate": 0.4369, "down_hits": 45, "down_rate": 0.4369, "both_hits": 6, "both_rate": 0.0583, "neither_hits": 19, "neither_rate": 0.1845, "avg_up_swing_pct": 0.01262, "avg_down_swing_pct": 0.008625, "max_up_swing_pct": 0.167938, "max_down_swing_pct": 0.050397, "avg_up_swing": 3.013, "avg_down_swing": 2.1083, "max_up_swing": 28.84, "max_down_swing": 10.21}, "3:52 PM": {"sessions": 103, "up_hits": 47, "up_rate": 0.4563, "down_hits": 44, "down_rate": 0.4272, "both_hits": 4, "both_rate": 0.0388, "neither_hits": 16, "neither_rate": 0.1553, "avg_up_swing_pct": 0.012611, "avg_down_swing_pct": 0.00863, "max_up_swing_pct": 0.164818, "max_down_swing_pct": 0.050959, "avg_up_swing": 3.015, "avg_down_swing": 2.1063, "max_up_swing": 28.38, "max_down_swing": 10.33}, "3:53 PM": {"sessions": 103, "up_hits": 47, "up_rate": 0.4563, "down_hits": 44, "down_rate": 0.4272, "both_hits": 4, "both_rate": 0.0388, "neither_hits": 16, "neither_rate": 0.1553, "avg_up_swing_pct": 0.012582, "avg_down_swing_pct": 0.00866, "max_up_swing_pct": 0.165935, "max_down_swing_pct": 0.050866, "avg_up_swing": 3.0067, "avg_down_swing": 2.1145, "max_up_swing": 28.545, "max_down_swing": 10.31}, "3:54 PM": {"sessions": 103, "up_hits": 42, "up_rate": 0.4078, "down_hits": 43, "down_rate": 0.4175, "both_hits": 4, "both_rate": 0.0388, "neither_hits": 22, "neither_rate": 0.2136, "avg_up_swing_pct": 0.012405, "avg_down_swing_pct": 0.008827, "max_up_swing_pct": 0.161546, "max_down_swing_pct": 0.050444, "avg_up_swing": 2.968, "avg_down_swing": 2.1533, "max_up_swing": 27.895, "max_down_swing": 10.22}, "3:55 PM": {"sessions": 103, "up_hits": 41, "up_rate": 0.3981, "down_hits": 41, "down_rate": 0.3981, "both_hits": 3, "both_rate": 0.0291, "neither_hits": 24, "neither_rate": 0.233, "avg_up_swing_pct": 0.012401, "avg_down_swing_pct": 0.008835, "max_up_swing_pct": 0.164953, "max_down_swing_pct": 0.049788, "avg_up_swing": 2.9618, "avg_down_swing": 2.1595, "max_up_swing": 28.4, "max_down_swing": 10.08}, "3:50\u201355 avg": {"sessions": 103, "up_hits": 42, "up_rate": 0.4078, "down_hits": 44, "down_rate": 0.4272, "both_hits": 4, "both_rate": 0.0388, "neither_hits": 21, "neither_rate": 0.2039, "avg_up_swing_pct": 0.012551, "avg_down_swing_pct": 0.00869, "max_up_swing_pct": 0.165754, "max_down_swing_pct": 0.050374, "avg_up_swing": 2.9983, "avg_down_swing": 2.1229, "max_up_swing": 28.5183, "max_down_swing": 10.205}}}, "0.0125": {"pct": 0.0125, "references": {"3:50 PM": {"sessions": 103, "up_hits": 37, "up_rate": 0.3592, "down_hits": 32, "down_rate": 0.3107, "both_hits": 0, "both_rate": 0.0, "neither_hits": 34, "neither_rate": 0.3301, "avg_up_swing_pct": 0.012688, "avg_down_swing_pct": 0.00856, "max_up_swing_pct": 0.169368, "max_down_swing_pct": 0.049788, "avg_up_swing": 3.0256, "avg_down_swing": 2.0957, "max_up_swing": 29.05, "max_down_swing": 10.08}, "3:51 PM": {"sessions": 103, "up_hits": 36, "up_rate": 0.3495, "down_hits": 32, "down_rate": 0.3107, "both_hits": 0, "both_rate": 0.0, "neither_hits": 35, "neither_rate": 0.3398, "avg_up_swing_pct": 0.01262, "avg_down_swing_pct": 0.008625, "max_up_swing_pct": 0.167938, "max_down_swing_pct": 0.050397, "avg_up_swing": 3.013, "avg_down_swing": 2.1083, "max_up_swing": 28.84, "max_down_swing": 10.21}, "3:52 PM": {"sessions": 103, "up_hits": 35, "up_rate": 0.3398, "down_hits": 33, "down_rate": 0.3204, "both_hits": 0, "both_rate": 0.0, "neither_hits": 35, "neither_rate": 0.3398, "avg_up_swing_pct": 0.012611, "avg_down_swing_pct": 0.00863, "max_up_swing_pct": 0.164818, "max_down_swing_pct": 0.050959, "avg_up_swing": 3.015, "avg_down_swing": 2.1063, "max_up_swing": 28.38, "max_down_swing": 10.33}, "3:53 PM": {"sessions": 103, "up_hits": 33, "up_rate": 0.3204, "down_hits": 34, "down_rate": 0.3301, "both_hits": 0, "both_rate": 0.0, "neither_hits": 36, "neither_rate": 0.3495, "avg_up_swing_pct": 0.012582, "avg_down_swing_pct": 0.00866, "max_up_swing_pct": 0.165935, "max_down_swing_pct": 0.050866, "avg_up_swing": 3.0067, "avg_down_swing": 2.1145, "max_up_swing": 28.545, "max_down_swing": 10.31}, "3:54 PM": {"sessions": 103, "up_hits": 37, "up_rate": 0.3592, "down_hits": 33, "down_rate": 0.3204, "both_hits": 0, "both_rate": 0.0, "neither_hits": 33, "neither_rate": 0.3204, "avg_up_swing_pct": 0.012405, "avg_down_swing_pct": 0.008827, "max_up_swing_pct": 0.161546, "max_down_swing_pct": 0.050444, "avg_up_swing": 2.968, "avg_down_swing": 2.1533, "max_up_swing": 27.895, "max_down_swing": 10.22}, "3:55 PM": {"sessions": 103, "up_hits": 37, "up_rate": 0.3592, "down_hits": 34, "down_rate": 0.3301, "both_hits": 0, "both_rate": 0.0, "neither_hits": 32, "neither_rate": 0.3107, "avg_up_swing_pct": 0.012401, "avg_down_swing_pct": 0.008835, "max_up_swing_pct": 0.164953, "max_down_swing_pct": 0.049788, "avg_up_swing": 2.9618, "avg_down_swing": 2.1595, "max_up_swing": 28.4, "max_down_swing": 10.08}, "3:50\u201355 avg": {"sessions": 103, "up_hits": 35, "up_rate": 0.3398, "down_hits": 33, "down_rate": 0.3204, "both_hits": 1, "both_rate": 0.0097, "neither_hits": 36, "neither_rate": 0.3495, "avg_up_swing_pct": 0.012551, "avg_down_swing_pct": 0.00869, "max_up_swing_pct": 0.165754, "max_down_swing_pct": 0.050374, "avg_up_swing": 2.9983, "avg_down_swing": 2.1229, "max_up_swing": 28.5183, "max_down_swing": 10.205}}}, "0.0150": {"pct": 0.015, "references": {"3:50 PM": {"sessions": 103, "up_hits": 25, "up_rate": 0.2427, "down_hits": 24, "down_rate": 0.233, "both_hits": 0, "both_rate": 0.0, "neither_hits": 54, "neither_rate": 0.5243, "avg_up_swing_pct": 0.012688, "avg_down_swing_pct": 0.00856, "max_up_swing_pct": 0.169368, "max_down_swing_pct": 0.049788, "avg_up_swing": 3.0256, "avg_down_swing": 2.0957, "max_up_swing": 29.05, "max_down_swing": 10.08}, "3:51 PM": {"sessions": 103, "up_hits": 26, "up_rate": 0.2524, "down_hits": 23, "down_rate": 0.2233, "both_hits": 0, "both_rate": 0.0, "neither_hits": 54, "neither_rate": 0.5243, "avg_up_swing_pct": 0.01262, "avg_down_swing_pct": 0.008625, "max_up_swing_pct": 0.167938, "max_down_swing_pct": 0.050397, "avg_up_swing": 3.013, "avg_down_swing": 2.1083, "max_up_swing": 28.84, "max_down_swing": 10.21}, "3:52 PM": {"sessions": 103, "up_hits": 26, "up_rate": 0.2524, "down_hits": 23, "down_rate": 0.2233, "both_hits": 0, "both_rate": 0.0, "neither_hits": 54, "neither_rate": 0.5243, "avg_up_swing_pct": 0.012611, "avg_down_swing_pct": 0.00863, "max_up_swing_pct": 0.164818, "max_down_swing_pct": 0.050959, "avg_up_swing": 3.015, "avg_down_swing": 2.1063, "max_up_swing": 28.38, "max_down_swing": 10.33}, "3:53 PM": {"sessions": 103, "up_hits": 24, "up_rate": 0.233, "down_hits": 23, "down_rate": 0.2233, "both_hits": 0, "both_rate": 0.0, "neither_hits": 56, "neither_rate": 0.5437, "avg_up_swing_pct": 0.012582, "avg_down_swing_pct": 0.00866, "max_up_swing_pct": 0.165935, "max_down_swing_pct": 0.050866, "avg_up_swing": 3.0067, "avg_down_swing": 2.1145, "max_up_swing": 28.545, "max_down_swing": 10.31}, "3:54 PM": {"sessions": 103, "up_hits": 25, "up_rate": 0.2427, "down_hits": 24, "down_rate": 0.233, "both_hits": 0, "both_rate": 0.0, "neither_hits": 54, "neither_rate": 0.5243, "avg_up_swing_pct": 0.012405, "avg_down_swing_pct": 0.008827, "max_up_swing_pct": 0.161546, "max_down_swing_pct": 0.050444, "avg_up_swing": 2.968, "avg_down_swing": 2.1533, "max_up_swing": 27.895, "max_down_swing": 10.22}, "3:55 PM": {"sessions": 103, "up_hits": 25, "up_rate": 0.2427, "down_hits": 23, "down_rate": 0.2233, "both_hits": 0, "both_rate": 0.0, "neither_hits": 55, "neither_rate": 0.534, "avg_up_swing_pct": 0.012401, "avg_down_swing_pct": 0.008835, "max_up_swing_pct": 0.164953, "max_down_swing_pct": 0.049788, "avg_up_swing": 2.9618, "avg_down_swing": 2.1595, "max_up_swing": 28.4, "max_down_swing": 10.08}, "3:50\u201355 avg": {"sessions": 103, "up_hits": 26, "up_rate": 0.2524, "down_hits": 23, "down_rate": 0.2233, "both_hits": 0, "both_rate": 0.0, "neither_hits": 54, "neither_rate": 0.5243, "avg_up_swing_pct": 0.012551, "avg_down_swing_pct": 0.00869, "max_up_swing_pct": 0.165754, "max_down_swing_pct": 0.050374, "avg_up_swing": 2.9983, "avg_down_swing": 2.1229, "max_up_swing": 28.5183, "max_down_swing": 10.205}}}, "0.0200": {"pct": 0.02, "references": {"3:50 PM": {"sessions": 103, "up_hits": 19, "up_rate": 0.1845, "down_hits": 14, "down_rate": 0.1359, "both_hits": 0, "both_rate": 0.0, "neither_hits": 70, "neither_rate": 0.6796, "avg_up_swing_pct": 0.012688, "avg_down_swing_pct": 0.00856, "max_up_swing_pct": 0.169368, "max_down_swing_pct": 0.049788, "avg_up_swing": 3.0256, "avg_down_swing": 2.0957, "max_up_swing": 29.05, "max_down_swing": 10.08}, "3:51 PM": {"sessions": 103, "up_hits": 18, "up_rate": 0.1748, "down_hits": 14, "down_rate": 0.1359, "both_hits": 0, "both_rate": 0.0, "neither_hits": 71, "neither_rate": 0.6893, "avg_up_swing_pct": 0.01262, "avg_down_swing_pct": 0.008625, "max_up_swing_pct": 0.167938, "max_down_swing_pct": 0.050397, "avg_up_swing": 3.013, "avg_down_swing": 2.1083, "max_up_swing": 28.84, "max_down_swing": 10.21}, "3:52 PM": {"sessions": 103, "up_hits": 17, "up_rate": 0.165, "down_hits": 14, "down_rate": 0.1359, "both_hits": 0, "both_rate": 0.0, "neither_hits": 72, "neither_rate": 0.699, "avg_up_swing_pct": 0.012611, "avg_down_swing_pct": 0.00863, "max_up_swing_pct": 0.164818, "max_down_swing_pct": 0.050959, "avg_up_swing": 3.015, "avg_down_swing": 2.1063, "max_up_swing": 28.38, "max_down_swing": 10.33}, "3:53 PM": {"sessions": 103, "up_hits": 17, "up_rate": 0.165, "down_hits": 13, "down_rate": 0.1262, "both_hits": 0, "both_rate": 0.0, "neither_hits": 73, "neither_rate": 0.7087, "avg_up_swing_pct": 0.012582, "avg_down_swing_pct": 0.00866, "max_up_swing_pct": 0.165935, "max_down_swing_pct": 0.050866, "avg_up_swing": 3.0067, "avg_down_swing": 2.1145, "max_up_swing": 28.545, "max_down_swing": 10.31}, "3:54 PM": {"sessions": 103, "up_hits": 18, "up_rate": 0.1748, "down_hits": 14, "down_rate": 0.1359, "both_hits": 0, "both_rate": 0.0, "neither_hits": 71, "neither_rate": 0.6893, "avg_up_swing_pct": 0.012405, "avg_down_swing_pct": 0.008827, "max_up_swing_pct": 0.161546, "max_down_swing_pct": 0.050444, "avg_up_swing": 2.968, "avg_down_swing": 2.1533, "max_up_swing": 27.895, "max_down_swing": 10.22}, "3:55 PM": {"sessions": 103, "up_hits": 18, "up_rate": 0.1748, "down_hits": 14, "down_rate": 0.1359, "both_hits": 0, "both_rate": 0.0, "neither_hits": 71, "neither_rate": 0.6893, "avg_up_swing_pct": 0.012401, "avg_down_swing_pct": 0.008835, "max_up_swing_pct": 0.164953, "max_down_swing_pct": 0.049788, "avg_up_swing": 2.9618, "avg_down_swing": 2.1595, "max_up_swing": 28.4, "max_down_swing": 10.08}, "3:50\u201355 avg": {"sessions": 103, "up_hits": 18, "up_rate": 0.1748, "down_hits": 14, "down_rate": 0.1359, "both_hits": 0, "both_rate": 0.0, "neither_hits": 71, "neither_rate": 0.6893, "avg_up_swing_pct": 0.012551, "avg_down_swing_pct": 0.00869, "max_up_swing_pct": 0.165754, "max_down_swing_pct": 0.050374, "avg_up_swing": 2.9983, "avg_down_swing": 2.1229, "max_up_swing": 28.5183, "max_down_swing": 10.205}}}, "0.0250": {"pct": 0.025, "references": {"3:50 PM": {"sessions": 103, "up_hits": 14, "up_rate": 0.1359, "down_hits": 9, "down_rate": 0.0874, "both_hits": 0, "both_rate": 0.0, "neither_hits": 80, "neither_rate": 0.7767, "avg_up_swing_pct": 0.012688, "avg_down_swing_pct": 0.00856, "max_up_swing_pct": 0.169368, "max_down_swing_pct": 0.049788, "avg_up_swing": 3.0256, "avg_down_swing": 2.0957, "max_up_swing": 29.05, "max_down_swing": 10.08}, "3:51 PM": {"sessions": 103, "up_hits": 14, "up_rate": 0.1359, "down_hits": 8, "down_rate": 0.0777, "both_hits": 0, "both_rate": 0.0, "neither_hits": 81, "neither_rate": 0.7864, "avg_up_swing_pct": 0.01262, "avg_down_swing_pct": 0.008625, "max_up_swing_pct": 0.167938, "max_down_swing_pct": 0.050397, "avg_up_swing": 3.013, "avg_down_swing": 2.1083, "max_up_swing": 28.84, "max_down_swing": 10.21}, "3:52 PM": {"sessions": 103, "up_hits": 14, "up_rate": 0.1359, "down_hits": 8, "down_rate": 0.0777, "both_hits": 0, "both_rate": 0.0, "neither_hits": 81, "neither_rate": 0.7864, "avg_up_swing_pct": 0.012611, "avg_down_swing_pct": 0.00863, "max_up_swing_pct": 0.164818, "max_down_swing_pct": 0.050959, "avg_up_swing": 3.015, "avg_down_swing": 2.1063, "max_up_swing": 28.38, "max_down_swing": 10.33}, "3:53 PM": {"sessions": 103, "up_hits": 14, "up_rate": 0.1359, "down_hits": 9, "down_rate": 0.0874, "both_hits": 0, "both_rate": 0.0, "neither_hits": 80, "neither_rate": 0.7767, "avg_up_swing_pct": 0.012582, "avg_down_swing_pct": 0.00866, "max_up_swing_pct": 0.165935, "max_down_swing_pct": 0.050866, "avg_up_swing": 3.0067, "avg_down_swing": 2.1145, "max_up_swing": 28.545, "max_down_swing": 10.31}, "3:54 PM": {"sessions": 103, "up_hits": 14, "up_rate": 0.1359, "down_hits": 9, "down_rate": 0.0874, "both_hits": 0, "both_rate": 0.0, "neither_hits": 80, "neither_rate": 0.7767, "avg_up_swing_pct": 0.012405, "avg_down_swing_pct": 0.008827, "max_up_swing_pct": 0.161546, "max_down_swing_pct": 0.050444, "avg_up_swing": 2.968, "avg_down_swing": 2.1533, "max_up_swing": 27.895, "max_down_swing": 10.22}, "3:55 PM": {"sessions": 103, "up_hits": 13, "up_rate": 0.1262, "down_hits": 9, "down_rate": 0.0874, "both_hits": 0, "both_rate": 0.0, "neither_hits": 81, "neither_rate": 0.7864, "avg_up_swing_pct": 0.012401, "avg_down_swing_pct": 0.008835, "max_up_swing_pct": 0.164953, "max_down_swing_pct": 0.049788, "avg_up_swing": 2.9618, "avg_down_swing": 2.1595, "max_up_swing": 28.4, "max_down_swing": 10.08}, "3:50\u201355 avg": {"sessions": 103, "up_hits": 14, "up_rate": 0.1359, "down_hits": 9, "down_rate": 0.0874, "both_hits": 0, "both_rate": 0.0, "neither_hits": 80, "neither_rate": 0.7767, "avg_up_swing_pct": 0.012551, "avg_down_swing_pct": 0.00869, "max_up_swing_pct": 0.165754, "max_down_swing_pct": 0.050374, "avg_up_swing": 2.9983, "avg_down_swing": 2.1229, "max_up_swing": 28.5183, "max_down_swing": 10.205}}}, "0.0300": {"pct": 0.03, "references": {"3:50 PM": {"sessions": 103, "up_hits": 9, "up_rate": 0.0874, "down_hits": 5, "down_rate": 0.0485, "both_hits": 0, "both_rate": 0.0, "neither_hits": 89, "neither_rate": 0.8641, "avg_up_swing_pct": 0.012688, "avg_down_swing_pct": 0.00856, "max_up_swing_pct": 0.169368, "max_down_swing_pct": 0.049788, "avg_up_swing": 3.0256, "avg_down_swing": 2.0957, "max_up_swing": 29.05, "max_down_swing": 10.08}, "3:51 PM": {"sessions": 103, "up_hits": 9, "up_rate": 0.0874, "down_hits": 5, "down_rate": 0.0485, "both_hits": 0, "both_rate": 0.0, "neither_hits": 89, "neither_rate": 0.8641, "avg_up_swing_pct": 0.01262, "avg_down_swing_pct": 0.008625, "max_up_swing_pct": 0.167938, "max_down_swing_pct": 0.050397, "avg_up_swing": 3.013, "avg_down_swing": 2.1083, "max_up_swing": 28.84, "max_down_swing": 10.21}, "3:52 PM": {"sessions": 103, "up_hits": 8, "up_rate": 0.0777, "down_hits": 5, "down_rate": 0.0485, "both_hits": 0, "both_rate": 0.0, "neither_hits": 90, "neither_rate": 0.8738, "avg_up_swing_pct": 0.012611, "avg_down_swing_pct": 0.00863, "max_up_swing_pct": 0.164818, "max_down_swing_pct": 0.050959, "avg_up_swing": 3.015, "avg_down_swing": 2.1063, "max_up_swing": 28.38, "max_down_swing": 10.33}, "3:53 PM": {"sessions": 103, "up_hits": 8, "up_rate": 0.0777, "down_hits": 3, "down_rate": 0.0291, "both_hits": 0, "both_rate": 0.0, "neither_hits": 92, "neither_rate": 0.8932, "avg_up_swing_pct": 0.012582, "avg_down_swing_pct": 0.00866, "max_up_swing_pct": 0.165935, "max_down_swing_pct": 0.050866, "avg_up_swing": 3.0067, "avg_down_swing": 2.1145, "max_up_swing": 28.545, "max_down_swing": 10.31}, "3:54 PM": {"sessions": 103, "up_hits": 7, "up_rate": 0.068, "down_hits": 4, "down_rate": 0.0388, "both_hits": 0, "both_rate": 0.0, "neither_hits": 92, "neither_rate": 0.8932, "avg_up_swing_pct": 0.012405, "avg_down_swing_pct": 0.008827, "max_up_swing_pct": 0.161546, "max_down_swing_pct": 0.050444, "avg_up_swing": 2.968, "avg_down_swing": 2.1533, "max_up_swing": 27.895, "max_down_swing": 10.22}, "3:55 PM": {"sessions": 103, "up_hits": 7, "up_rate": 0.068, "down_hits": 4, "down_rate": 0.0388, "both_hits": 0, "both_rate": 0.0, "neither_hits": 92, "neither_rate": 0.8932, "avg_up_swing_pct": 0.012401, "avg_down_swing_pct": 0.008835, "max_up_swing_pct": 0.164953, "max_down_swing_pct": 0.049788, "avg_up_swing": 2.9618, "avg_down_swing": 2.1595, "max_up_swing": 28.4, "max_down_swing": 10.08}, "3:50\u201355 avg": {"sessions": 103, "up_hits": 7, "up_rate": 0.068, "down_hits": 4, "down_rate": 0.0388, "both_hits": 0, "both_rate": 0.0, "neither_hits": 92, "neither_rate": 0.8932, "avg_up_swing_pct": 0.012551, "avg_down_swing_pct": 0.00869, "max_up_swing_pct": 0.165754, "max_down_swing_pct": 0.050374, "avg_up_swing": 2.9983, "avg_down_swing": 2.1229, "max_up_swing": 28.5183, "max_down_swing": 10.205}}}, "0.0350": {"pct": 0.035, "references": {"3:50 PM": {"sessions": 103, "up_hits": 5, "up_rate": 0.0485, "down_hits": 1, "down_rate": 0.0097, "both_hits": 0, "both_rate": 0.0, "neither_hits": 97, "neither_rate": 0.9417, "avg_up_swing_pct": 0.012688, "avg_down_swing_pct": 0.00856, "max_up_swing_pct": 0.169368, "max_down_swing_pct": 0.049788, "avg_up_swing": 3.0256, "avg_down_swing": 2.0957, "max_up_swing": 29.05, "max_down_swing": 10.08}, "3:51 PM": {"sessions": 103, "up_hits": 6, "up_rate": 0.0583, "down_hits": 2, "down_rate": 0.0194, "both_hits": 0, "both_rate": 0.0, "neither_hits": 95, "neither_rate": 0.9223, "avg_up_swing_pct": 0.01262, "avg_down_swing_pct": 0.008625, "max_up_swing_pct": 0.167938, "max_down_swing_pct": 0.050397, "avg_up_swing": 3.013, "avg_down_swing": 2.1083, "max_up_swing": 28.84, "max_down_swing": 10.21}, "3:52 PM": {"sessions": 103, "up_hits": 6, "up_rate": 0.0583, "down_hits": 2, "down_rate": 0.0194, "both_hits": 0, "both_rate": 0.0, "neither_hits": 95, "neither_rate": 0.9223, "avg_up_swing_pct": 0.012611, "avg_down_swing_pct": 0.00863, "max_up_swing_pct": 0.164818, "max_down_swing_pct": 0.050959, "avg_up_swing": 3.015, "avg_down_swing": 2.1063, "max_up_swing": 28.38, "max_down_swing": 10.33}, "3:53 PM": {"sessions": 103, "up_hits": 6, "up_rate": 0.0583, "down_hits": 3, "down_rate": 0.0291, "both_hits": 0, "both_rate": 0.0, "neither_hits": 94, "neither_rate": 0.9126, "avg_up_swing_pct": 0.012582, "avg_down_swing_pct": 0.00866, "max_up_swing_pct": 0.165935, "max_down_swing_pct": 0.050866, "avg_up_swing": 3.0067, "avg_down_swing": 2.1145, "max_up_swing": 28.545, "max_down_swing": 10.31}, "3:54 PM": {"sessions": 103, "up_hits": 6, "up_rate": 0.0583, "down_hits": 3, "down_rate": 0.0291, "both_hits": 0, "both_rate": 0.0, "neither_hits": 94, "neither_rate": 0.9126, "avg_up_swing_pct": 0.012405, "avg_down_swing_pct": 0.008827, "max_up_swing_pct": 0.161546, "max_down_swing_pct": 0.050444, "avg_up_swing": 2.968, "avg_down_swing": 2.1533, "max_up_swing": 27.895, "max_down_swing": 10.22}, "3:55 PM": {"sessions": 103, "up_hits": 6, "up_rate": 0.0583, "down_hits": 3, "down_rate": 0.0291, "both_hits": 0, "both_rate": 0.0, "neither_hits": 94, "neither_rate": 0.9126, "avg_up_swing_pct": 0.012401, "avg_down_swing_pct": 0.008835, "max_up_swing_pct": 0.164953, "max_down_swing_pct": 0.049788, "avg_up_swing": 2.9618, "avg_down_swing": 2.1595, "max_up_swing": 28.4, "max_down_swing": 10.08}, "3:50\u201355 avg": {"sessions": 103, "up_hits": 6, "up_rate": 0.0583, "down_hits": 3, "down_rate": 0.0291, "both_hits": 0, "both_rate": 0.0, "neither_hits": 94, "neither_rate": 0.9126, "avg_up_swing_pct": 0.012551, "avg_down_swing_pct": 0.00869, "max_up_swing_pct": 0.165754, "max_down_swing_pct": 0.050374, "avg_up_swing": 2.9983, "avg_down_swing": 2.1229, "max_up_swing": 28.5183, "max_down_swing": 10.205}}}, "0.0400": {"pct": 0.04, "references": {"3:50 PM": {"sessions": 103, "up_hits": 5, "up_rate": 0.0485, "down_hits": 1, "down_rate": 0.0097, "both_hits": 0, "both_rate": 0.0, "neither_hits": 97, "neither_rate": 0.9417, "avg_up_swing_pct": 0.012688, "avg_down_swing_pct": 0.00856, "max_up_swing_pct": 0.169368, "max_down_swing_pct": 0.049788, "avg_up_swing": 3.0256, "avg_down_swing": 2.0957, "max_up_swing": 29.05, "max_down_swing": 10.08}, "3:51 PM": {"sessions": 103, "up_hits": 4, "up_rate": 0.0388, "down_hits": 1, "down_rate": 0.0097, "both_hits": 0, "both_rate": 0.0, "neither_hits": 98, "neither_rate": 0.9515, "avg_up_swing_pct": 0.01262, "avg_down_swing_pct": 0.008625, "max_up_swing_pct": 0.167938, "max_down_swing_pct": 0.050397, "avg_up_swing": 3.013, "avg_down_swing": 2.1083, "max_up_swing": 28.84, "max_down_swing": 10.21}, "3:52 PM": {"sessions": 103, "up_hits": 4, "up_rate": 0.0388, "down_hits": 1, "down_rate": 0.0097, "both_hits": 0, "both_rate": 0.0, "neither_hits": 98, "neither_rate": 0.9515, "avg_up_swing_pct": 0.012611, "avg_down_swing_pct": 0.00863, "max_up_swing_pct": 0.164818, "max_down_swing_pct": 0.050959, "avg_up_swing": 3.015, "avg_down_swing": 2.1063, "max_up_swing": 28.38, "max_down_swing": 10.33}, "3:53 PM": {"sessions": 103, "up_hits": 4, "up_rate": 0.0388, "down_hits": 1, "down_rate": 0.0097, "both_hits": 0, "both_rate": 0.0, "neither_hits": 98, "neither_rate": 0.9515, "avg_up_swing_pct": 0.012582, "avg_down_swing_pct": 0.00866, "max_up_swing_pct": 0.165935, "max_down_swing_pct": 0.050866, "avg_up_swing": 3.0067, "avg_down_swing": 2.1145, "max_up_swing": 28.545, "max_down_swing": 10.31}, "3:54 PM": {"sessions": 103, "up_hits": 4, "up_rate": 0.0388, "down_hits": 1, "down_rate": 0.0097, "both_hits": 0, "both_rate": 0.0, "neither_hits": 98, "neither_rate": 0.9515, "avg_up_swing_pct": 0.012405, "avg_down_swing_pct": 0.008827, "max_up_swing_pct": 0.161546, "max_down_swing_pct": 0.050444, "avg_up_swing": 2.968, "avg_down_swing": 2.1533, "max_up_swing": 27.895, "max_down_swing": 10.22}, "3:55 PM": {"sessions": 103, "up_hits": 4, "up_rate": 0.0388, "down_hits": 1, "down_rate": 0.0097, "both_hits": 0, "both_rate": 0.0, "neither_hits": 98, "neither_rate": 0.9515, "avg_up_swing_pct": 0.012401, "avg_down_swing_pct": 0.008835, "max_up_swing_pct": 0.164953, "max_down_swing_pct": 0.049788, "avg_up_swing": 2.9618, "avg_down_swing": 2.1595, "max_up_swing": 28.4, "max_down_swing": 10.08}, "3:50\u201355 avg": {"sessions": 103, "up_hits": 4, "up_rate": 0.0388, "down_hits": 1, "down_rate": 0.0097, "both_hits": 0, "both_rate": 0.0, "neither_hits": 98, "neither_rate": 0.9515, "avg_up_swing_pct": 0.012551, "avg_down_swing_pct": 0.00869, "max_up_swing_pct": 0.165754, "max_down_swing_pct": 0.050374, "avg_up_swing": 2.9983, "avg_down_swing": 2.1229, "max_up_swing": 28.5183, "max_down_swing": 10.205}}}, "0.0500": {"pct": 0.05, "references": {"3:50 PM": {"sessions": 103, "up_hits": 2, "up_rate": 0.0194, "down_hits": 0, "down_rate": 0.0, "both_hits": 0, "both_rate": 0.0, "neither_hits": 101, "neither_rate": 0.9806, "avg_up_swing_pct": 0.012688, "avg_down_swing_pct": 0.00856, "max_up_swing_pct": 0.169368, "max_down_swing_pct": 0.049788, "avg_up_swing": 3.0256, "avg_down_swing": 2.0957, "max_up_swing": 29.05, "max_down_swing": 10.08}, "3:51 PM": {"sessions": 103, "up_hits": 2, "up_rate": 0.0194, "down_hits": 1, "down_rate": 0.0097, "both_hits": 0, "both_rate": 0.0, "neither_hits": 100, "neither_rate": 0.9709, "avg_up_swing_pct": 0.01262, "avg_down_swing_pct": 0.008625, "max_up_swing_pct": 0.167938, "max_down_swing_pct": 0.050397, "avg_up_swing": 3.013, "avg_down_swing": 2.1083, "max_up_swing": 28.84, "max_down_swing": 10.21}, "3:52 PM": {"sessions": 103, "up_hits": 2, "up_rate": 0.0194, "down_hits": 1, "down_rate": 0.0097, "both_hits": 0, "both_rate": 0.0, "neither_hits": 100, "neither_rate": 0.9709, "avg_up_swing_pct": 0.012611, "avg_down_swing_pct": 0.00863, "max_up_swing_pct": 0.164818, "max_down_swing_pct": 0.050959, "avg_up_swing": 3.015, "avg_down_swing": 2.1063, "max_up_swing": 28.38, "max_down_swing": 10.33}, "3:53 PM": {"sessions": 103, "up_hits": 2, "up_rate": 0.0194, "down_hits": 1, "down_rate": 0.0097, "both_hits": 0, "both_rate": 0.0, "neither_hits": 100, "neither_rate": 0.9709, "avg_up_swing_pct": 0.012582, "avg_down_swing_pct": 0.00866, "max_up_swing_pct": 0.165935, "max_down_swing_pct": 0.050866, "avg_up_swing": 3.0067, "avg_down_swing": 2.1145, "max_up_swing": 28.545, "max_down_swing": 10.31}, "3:54 PM": {"sessions": 103, "up_hits": 2, "up_rate": 0.0194, "down_hits": 1, "down_rate": 0.0097, "both_hits": 0, "both_rate": 0.0, "neither_hits": 100, "neither_rate": 0.9709, "avg_up_swing_pct": 0.012405, "avg_down_swing_pct": 0.008827, "max_up_swing_pct": 0.161546, "max_down_swing_pct": 0.050444, "avg_up_swing": 2.968, "avg_down_swing": 2.1533, "max_up_swing": 27.895, "max_down_swing": 10.22}, "3:55 PM": {"sessions": 103, "up_hits": 2, "up_rate": 0.0194, "down_hits": 0, "down_rate": 0.0, "both_hits": 0, "both_rate": 0.0, "neither_hits": 101, "neither_rate": 0.9806, "avg_up_swing_pct": 0.012401, "avg_down_swing_pct": 0.008835, "max_up_swing_pct": 0.164953, "max_down_swing_pct": 0.049788, "avg_up_swing": 2.9618, "avg_down_swing": 2.1595, "max_up_swing": 28.4, "max_down_swing": 10.08}, "3:50\u201355 avg": {"sessions": 103, "up_hits": 2, "up_rate": 0.0194, "down_hits": 1, "down_rate": 0.0097, "both_hits": 0, "both_rate": 0.0, "neither_hits": 100, "neither_rate": 0.9709, "avg_up_swing_pct": 0.012551, "avg_down_swing_pct": 0.00869, "max_up_swing_pct": 0.165754, "max_down_swing_pct": 0.050374, "avg_up_swing": 2.9983, "avg_down_swing": 2.1229, "max_up_swing": 28.5183, "max_down_swing": 10.205}}}}, "swings": {"3:50 PM": {"avg_up_swing_pct": 0.012688, "avg_down_swing_pct": 0.00856, "max_up_swing_pct": 0.169368, "max_down_swing_pct": 0.049788, "avg_up_swing": 3.0256, "avg_down_swing": 2.0957, "max_up_swing": 29.05, "max_down_swing": 10.08}, "3:51 PM": {"avg_up_swing_pct": 0.01262, "avg_down_swing_pct": 0.008625, "max_up_swing_pct": 0.167938, "max_down_swing_pct": 0.050397, "avg_up_swing": 3.013, "avg_down_swing": 2.1083, "max_up_swing": 28.84, "max_down_swing": 10.21}, "3:52 PM": {"avg_up_swing_pct": 0.012611, "avg_down_swing_pct": 0.00863, "max_up_swing_pct": 0.164818, "max_down_swing_pct": 0.050959, "avg_up_swing": 3.015, "avg_down_swing": 2.1063, "max_up_swing": 28.38, "max_down_swing": 10.33}, "3:53 PM": {"avg_up_swing_pct": 0.012582, "avg_down_swing_pct": 0.00866, "max_up_swing_pct": 0.165935, "max_down_swing_pct": 0.050866, "avg_up_swing": 3.0067, "avg_down_swing": 2.1145, "max_up_swing": 28.545, "max_down_swing": 10.31}, "3:54 PM": {"avg_up_swing_pct": 0.012405, "avg_down_swing_pct": 0.008827, "max_up_swing_pct": 0.161546, "max_down_swing_pct": 0.050444, "avg_up_swing": 2.968, "avg_down_swing": 2.1533, "max_up_swing": 27.895, "max_down_swing": 10.22}, "3:55 PM": {"avg_up_swing_pct": 0.012401, "avg_down_swing_pct": 0.008835, "max_up_swing_pct": 0.164953, "max_down_swing_pct": 0.049788, "avg_up_swing": 2.9618, "avg_down_swing": 2.1595, "max_up_swing": 28.4, "max_down_swing": 10.08}, "3:50\u201355 avg": {"avg_up_swing_pct": 0.012551, "avg_down_swing_pct": 0.00869, "max_up_swing_pct": 0.165754, "max_down_swing_pct": 0.050374, "avg_up_swing": 2.9983, "avg_down_swing": 2.1229, "max_up_swing": 28.5183, "max_down_swing": 10.205}}}, "Friday": {"n_sessions": 99, "n_skipped": 5, "n_baseline_substituted": 6, "recommended_reference": "3:52 PM", "recommended_reference_deviation": 0.1066, "steadiness": {"3:50 PM": 0.1873, "3:51 PM": 0.1341, "3:52 PM": 0.1066, "3:53 PM": 0.1195, "3:54 PM": 0.1803, "3:55 PM": 0.2468}, "thresholds_pct": {"0.0050": {"pct": 0.005, "references": {"3:50 PM": {"sessions": 99, "up_hits": 71, "up_rate": 0.7172, "down_hits": 61, "down_rate": 0.6162, "both_hits": 34, "both_rate": 0.3434, "neither_hits": 1, "neither_rate": 0.0101, "avg_up_swing_pct": 0.010817, "avg_down_swing_pct": 0.010913, "max_up_swing_pct": 0.049907, "max_down_swing_pct": 0.098663, "avg_up_swing": 2.636, "avg_down_swing": 2.7035, "max_up_swing": 10.98, "max_down_swing": 32.84}, "3:51 PM": {"sessions": 99, "up_hits": 71, "up_rate": 0.7172, "down_hits": 62, "down_rate": 0.6263, "both_hits": 35, "both_rate": 0.3535, "neither_hits": 1, "neither_rate": 0.0101, "avg_up_swing_pct": 0.010873, "avg_down_swing_pct": 0.010857, "max_up_swing_pct": 0.050145, "max_down_swing_pct": 0.099042, "avg_up_swing": 2.6466, "avg_down_swing": 2.6929, "max_up_swing": 11.03, "max_down_swing": 32.98}, "3:52 PM": {"sessions": 99, "up_hits": 70, "up_rate": 0.7071, "down_hits": 63, "down_rate": 0.6364, "both_hits": 34, "both_rate": 0.3434, "neither_hits": 0, "neither_rate": 0.0, "avg_up_swing_pct": 0.010951, "avg_down_swing_pct": 0.01078, "max_up_swing_pct": 0.050243, "max_down_swing_pct": 0.098379, "avg_up_swing": 2.6688, "avg_down_swing": 2.6707, "max_up_swing": 13.74, "max_down_swing": 32.735}, "3:53 PM": {"sessions": 99, "up_hits": 68, "up_rate": 0.6869, "down_hits": 64, "down_rate": 0.6465, "both_hits": 33, "both_rate": 0.3333, "neither_hits": 0, "neither_rate": 0.0, "avg_up_swing_pct": 0.010907, "avg_down_swing_pct": 0.010824, "max_up_swing_pct": 0.050862, "max_down_swing_pct": 0.098473, "avg_up_swing": 2.6544, "avg_down_swing": 2.6851, "max_up_swing": 11.18, "max_down_swing": 32.77}, "3:54 PM": {"sessions": 99, "up_hits": 68, "up_rate": 0.6869, "down_hits": 62, "down_rate": 0.6263, "both_hits": 32, "both_rate": 0.3232, "neither_hits": 1, "neither_rate": 0.0101, "avg_up_swing_pct": 0.010722, "avg_down_swing_pct": 0.011002, "max_up_swing_pct": 0.054427, "max_down_swing_pct": 0.098826, "avg_up_swing": 2.6081, "avg_down_swing": 2.7314, "max_up_swing": 14.825, "max_down_swing": 32.9}, "3:55 PM": {"sessions": 99, "up_hits": 68, "up_rate": 0.6869, "down_hits": 60, "down_rate": 0.6061, "both_hits": 29, "both_rate": 0.2929, "neither_hits": 0, "neither_rate": 0.0, "avg_up_swing_pct": 0.010685, "avg_down_swing_pct": 0.01104, "max_up_swing_pct": 0.058605, "max_down_swing_pct": 0.10015, "avg_up_swing": 2.5956, "avg_down_swing": 2.7439, "max_up_swing": 15.9, "max_down_swing": 33.39}, "3:50\u201355 avg": {"sessions": 99, "up_hits": 69, "up_rate": 0.697, "down_hits": 62, "down_rate": 0.6263, "both_hits": 33, "both_rate": 0.3333, "neither_hits": 1, "neither_rate": 0.0101, "avg_up_swing_pct": 0.010825, "avg_down_swing_pct": 0.010904, "max_up_swing_pct": 0.050607, "max_down_swing_pct": 0.098922, "avg_up_swing": 2.6349, "avg_down_swing": 2.7046, "max_up_swing": 11.1267, "max_down_swing": 32.9358}}}, "0.0075": {"pct": 0.0075, "references": {"3:50 PM": {"sessions": 99, "up_hits": 59, "up_rate": 0.596, "down_hits": 47, "down_rate": 0.4747, "both_hits": 19, "both_rate": 0.1919, "neither_hits": 12, "neither_rate": 0.1212, "avg_up_swing_pct": 0.010817, "avg_down_swing_pct": 0.010913, "max_up_swing_pct": 0.049907, "max_down_swing_pct": 0.098663, "avg_up_swing": 2.636, "avg_down_swing": 2.7035, "max_up_swing": 10.98, "max_down_swing": 32.84}, "3:51 PM": {"sessions": 99, "up_hits": 58, "up_rate": 0.5859, "down_hits": 47, "down_rate": 0.4747, "both_hits": 19, "both_rate": 0.1919, "neither_hits": 13, "neither_rate": 0.1313, "avg_up_swing_pct": 0.010873, "avg_down_swing_pct": 0.010857, "max_up_swing_pct": 0.050145, "max_down_swing_pct": 0.099042, "avg_up_swing": 2.6466, "avg_down_swing": 2.6929, "max_up_swing": 11.03, "max_down_swing": 32.98}, "3:52 PM": {"sessions": 99, "up_hits": 58, "up_rate": 0.5859, "down_hits": 48, "down_rate": 0.4848, "both_hits": 19, "both_rate": 0.1919, "neither_hits": 12, "neither_rate": 0.1212, "avg_up_swing_pct": 0.010951, "avg_down_swing_pct": 0.01078, "max_up_swing_pct": 0.050243, "max_down_swing_pct": 0.098379, "avg_up_swing": 2.6688, "avg_down_swing": 2.6707, "max_up_swing": 13.74, "max_down_swing": 32.735}, "3:53 PM": {"sessions": 99, "up_hits": 57, "up_rate": 0.5758, "down_hits": 49, "down_rate": 0.4949, "both_hits": 19, "both_rate": 0.1919, "neither_hits": 12, "neither_rate": 0.1212, "avg_up_swing_pct": 0.010907, "avg_down_swing_pct": 0.010824, "max_up_swing_pct": 0.050862, "max_down_swing_pct": 0.098473, "avg_up_swing": 2.6544, "avg_down_swing": 2.6851, "max_up_swing": 11.18, "max_down_swing": 32.77}, "3:54 PM": {"sessions": 99, "up_hits": 59, "up_rate": 0.596, "down_hits": 50, "down_rate": 0.5051, "both_hits": 21, "both_rate": 0.2121, "neither_hits": 11, "neither_rate": 0.1111, "avg_up_swing_pct": 0.010722, "avg_down_swing_pct": 0.011002, "max_up_swing_pct": 0.054427, "max_down_swing_pct": 0.098826, "avg_up_swing": 2.6081, "avg_down_swing": 2.7314, "max_up_swing": 14.825, "max_down_swing": 32.9}, "3:55 PM": {"sessions": 99, "up_hits": 58, "up_rate": 0.5859, "down_hits": 50, "down_rate": 0.5051, "both_hits": 21, "both_rate": 0.2121, "neither_hits": 12, "neither_rate": 0.1212, "avg_up_swing_pct": 0.010685, "avg_down_swing_pct": 0.01104, "max_up_swing_pct": 0.058605, "max_down_swing_pct": 0.10015, "avg_up_swing": 2.5956, "avg_down_swing": 2.7439, "max_up_swing": 15.9, "max_down_swing": 33.39}, "3:50\u201355 avg": {"sessions": 99, "up_hits": 59, "up_rate": 0.596, "down_hits": 49, "down_rate": 0.4949, "both_hits": 21, "both_rate": 0.2121, "neither_hits": 12, "neither_rate": 0.1212, "avg_up_swing_pct": 0.010825, "avg_down_swing_pct": 0.010904, "max_up_swing_pct": 0.050607, "max_down_swing_pct": 0.098922, "avg_up_swing": 2.6349, "avg_down_swing": 2.7046, "max_up_swing": 11.1267, "max_down_swing": 32.9358}}}, "0.0100": {"pct": 0.01, "references": {"3:50 PM": {"sessions": 99, "up_hits": 47, "up_rate": 0.4747, "down_hits": 39, "down_rate": 0.3939, "both_hits": 11, "both_rate": 0.1111, "neither_hits": 24, "neither_rate": 0.2424, "avg_up_swing_pct": 0.010817, "avg_down_swing_pct": 0.010913, "max_up_swing_pct": 0.049907, "max_down_swing_pct": 0.098663, "avg_up_swing": 2.636, "avg_down_swing": 2.7035, "max_up_swing": 10.98, "max_down_swing": 32.84}, "3:51 PM": {"sessions": 99, "up_hits": 47, "up_rate": 0.4747, "down_hits": 38, "down_rate": 0.3838, "both_hits": 11, "both_rate": 0.1111, "neither_hits": 25, "neither_rate": 0.2525, "avg_up_swing_pct": 0.010873, "avg_down_swing_pct": 0.010857, "max_up_swing_pct": 0.050145, "max_down_swing_pct": 0.099042, "avg_up_swing": 2.6466, "avg_down_swing": 2.6929, "max_up_swing": 11.03, "max_down_swing": 32.98}, "3:52 PM": {"sessions": 99, "up_hits": 50, "up_rate": 0.5051, "down_hits": 40, "down_rate": 0.404, "both_hits": 13, "both_rate": 0.1313, "neither_hits": 22, "neither_rate": 0.2222, "avg_up_swing_pct": 0.010951, "avg_down_swing_pct": 0.01078, "max_up_swing_pct": 0.050243, "max_down_swing_pct": 0.098379, "avg_up_swing": 2.6688, "avg_down_swing": 2.6707, "max_up_swing": 13.74, "max_down_swing": 32.735}, "3:53 PM": {"sessions": 99, "up_hits": 50, "up_rate": 0.5051, "down_hits": 41, "down_rate": 0.4141, "both_hits": 13, "both_rate": 0.1313, "neither_hits": 21, "neither_rate": 0.2121, "avg_up_swing_pct": 0.010907, "avg_down_swing_pct": 0.010824, "max_up_swing_pct": 0.050862, "max_down_swing_pct": 0.098473, "avg_up_swing": 2.6544, "avg_down_swing": 2.6851, "max_up_swing": 11.18, "max_down_swing": 32.77}, "3:54 PM": {"sessions": 99, "up_hits": 49, "up_rate": 0.4949, "down_hits": 42, "down_rate": 0.4242, "both_hits": 13, "both_rate": 0.1313, "neither_hits": 21, "neither_rate": 0.2121, "avg_up_swing_pct": 0.010722, "avg_down_swing_pct": 0.011002, "max_up_swing_pct": 0.054427, "max_down_swing_pct": 0.098826, "avg_up_swing": 2.6081, "avg_down_swing": 2.7314, "max_up_swing": 14.825, "max_down_swing": 32.9}, "3:55 PM": {"sessions": 99, "up_hits": 49, "up_rate": 0.4949, "down_hits": 42, "down_rate": 0.4242, "both_hits": 12, "both_rate": 0.1212, "neither_hits": 20, "neither_rate": 0.202, "avg_up_swing_pct": 0.010685, "avg_down_swing_pct": 0.01104, "max_up_swing_pct": 0.058605, "max_down_swing_pct": 0.10015, "avg_up_swing": 2.5956, "avg_down_swing": 2.7439, "max_up_swing": 15.9, "max_down_swing": 33.39}, "3:50\u201355 avg": {"sessions": 99, "up_hits": 48, "up_rate": 0.4848, "down_hits": 40, "down_rate": 0.404, "both_hits": 14, "both_rate": 0.1414, "neither_hits": 25, "neither_rate": 0.2525, "avg_up_swing_pct": 0.010825, "avg_down_swing_pct": 0.010904, "max_up_swing_pct": 0.050607, "max_down_swing_pct": 0.098922, "avg_up_swing": 2.6349, "avg_down_swing": 2.7046, "max_up_swing": 11.1267, "max_down_swing": 32.9358}}}, "0.0125": {"pct": 0.0125, "references": {"3:50 PM": {"sessions": 99, "up_hits": 37, "up_rate": 0.3737, "down_hits": 30, "down_rate": 0.303, "both_hits": 5, "both_rate": 0.0505, "neither_hits": 37, "neither_rate": 0.3737, "avg_up_swing_pct": 0.010817, "avg_down_swing_pct": 0.010913, "max_up_swing_pct": 0.049907, "max_down_swing_pct": 0.098663, "avg_up_swing": 2.636, "avg_down_swing": 2.7035, "max_up_swing": 10.98, "max_down_swing": 32.84}, "3:51 PM": {"sessions": 99, "up_hits": 37, "up_rate": 0.3737, "down_hits": 33, "down_rate": 0.3333, "both_hits": 5, "both_rate": 0.0505, "neither_hits": 34, "neither_rate": 0.3434, "avg_up_swing_pct": 0.010873, "avg_down_swing_pct": 0.010857, "max_up_swing_pct": 0.050145, "max_down_swing_pct": 0.099042, "avg_up_swing": 2.6466, "avg_down_swing": 2.6929, "max_up_swing": 11.03, "max_down_swing": 32.98}, "3:52 PM": {"sessions": 99, "up_hits": 36, "up_rate": 0.3636, "down_hits": 32, "down_rate": 0.3232, "both_hits": 5, "both_rate": 0.0505, "neither_hits": 36, "neither_rate": 0.3636, "avg_up_swing_pct": 0.010951, "avg_down_swing_pct": 0.01078, "max_up_swing_pct": 0.050243, "max_down_swing_pct": 0.098379, "avg_up_swing": 2.6688, "avg_down_swing": 2.6707, "max_up_swing": 13.74, "max_down_swing": 32.735}, "3:53 PM": {"sessions": 99, "up_hits": 36, "up_rate": 0.3636, "down_hits": 33, "down_rate": 0.3333, "both_hits": 6, "both_rate": 0.0606, "neither_hits": 36, "neither_rate": 0.3636, "avg_up_swing_pct": 0.010907, "avg_down_swing_pct": 0.010824, "max_up_swing_pct": 0.050862, "max_down_swing_pct": 0.098473, "avg_up_swing": 2.6544, "avg_down_swing": 2.6851, "max_up_swing": 11.18, "max_down_swing": 32.77}, "3:54 PM": {"sessions": 99, "up_hits": 38, "up_rate": 0.3838, "down_hits": 30, "down_rate": 0.303, "both_hits": 6, "both_rate": 0.0606, "neither_hits": 37, "neither_rate": 0.3737, "avg_up_swing_pct": 0.010722, "avg_down_swing_pct": 0.011002, "max_up_swing_pct": 0.054427, "max_down_swing_pct": 0.098826, "avg_up_swing": 2.6081, "avg_down_swing": 2.7314, "max_up_swing": 14.825, "max_down_swing": 32.9}, "3:55 PM": {"sessions": 99, "up_hits": 36, "up_rate": 0.3636, "down_hits": 31, "down_rate": 0.3131, "both_hits": 6, "both_rate": 0.0606, "neither_hits": 38, "neither_rate": 0.3838, "avg_up_swing_pct": 0.010685, "avg_down_swing_pct": 0.01104, "max_up_swing_pct": 0.058605, "max_down_swing_pct": 0.10015, "avg_up_swing": 2.5956, "avg_down_swing": 2.7439, "max_up_swing": 15.9, "max_down_swing": 33.39}, "3:50\u201355 avg": {"sessions": 99, "up_hits": 36, "up_rate": 0.3636, "down_hits": 33, "down_rate": 0.3333, "both_hits": 5, "both_rate": 0.0505, "neither_hits": 35, "neither_rate": 0.3535, "avg_up_swing_pct": 0.010825, "avg_down_swing_pct": 0.010904, "max_up_swing_pct": 0.050607, "max_down_swing_pct": 0.098922, "avg_up_swing": 2.6349, "avg_down_swing": 2.7046, "max_up_swing": 11.1267, "max_down_swing": 32.9358}}}, "0.0150": {"pct": 0.015, "references": {"3:50 PM": {"sessions": 99, "up_hits": 34, "up_rate": 0.3434, "down_hits": 23, "down_rate": 0.2323, "both_hits": 3, "both_rate": 0.0303, "neither_hits": 45, "neither_rate": 0.4545, "avg_up_swing_pct": 0.010817, "avg_down_swing_pct": 0.010913, "max_up_swing_pct": 0.049907, "max_down_swing_pct": 0.098663, "avg_up_swing": 2.636, "avg_down_swing": 2.7035, "max_up_swing": 10.98, "max_down_swing": 32.84}, "3:51 PM": {"sessions": 99, "up_hits": 34, "up_rate": 0.3434, "down_hits": 24, "down_rate": 0.2424, "both_hits": 3, "both_rate": 0.0303, "neither_hits": 44, "neither_rate": 0.4444, "avg_up_swing_pct": 0.010873, "avg_down_swing_pct": 0.010857, "max_up_swing_pct": 0.050145, "max_down_swing_pct": 0.099042, "avg_up_swing": 2.6466, "avg_down_swing": 2.6929, "max_up_swing": 11.03, "max_down_swing": 32.98}, "3:52 PM": {"sessions": 99, "up_hits": 33, "up_rate": 0.3333, "down_hits": 24, "down_rate": 0.2424, "both_hits": 3, "both_rate": 0.0303, "neither_hits": 45, "neither_rate": 0.4545, "avg_up_swing_pct": 0.010951, "avg_down_swing_pct": 0.01078, "max_up_swing_pct": 0.050243, "max_down_swing_pct": 0.098379, "avg_up_swing": 2.6688, "avg_down_swing": 2.6707, "max_up_swing": 13.74, "max_down_swing": 32.735}, "3:53 PM": {"sessions": 99, "up_hits": 32, "up_rate": 0.3232, "down_hits": 23, "down_rate": 0.2323, "both_hits": 3, "both_rate": 0.0303, "neither_hits": 47, "neither_rate": 0.4747, "avg_up_swing_pct": 0.010907, "avg_down_swing_pct": 0.010824, "max_up_swing_pct": 0.050862, "max_down_swing_pct": 0.098473, "avg_up_swing": 2.6544, "avg_down_swing": 2.6851, "max_up_swing": 11.18, "max_down_swing": 32.77}, "3:54 PM": {"sessions": 99, "up_hits": 33, "up_rate": 0.3333, "down_hits": 24, "down_rate": 0.2424, "both_hits": 3, "both_rate": 0.0303, "neither_hits": 45, "neither_rate": 0.4545, "avg_up_swing_pct": 0.010722, "avg_down_swing_pct": 0.011002, "max_up_swing_pct": 0.054427, "max_down_swing_pct": 0.098826, "avg_up_swing": 2.6081, "avg_down_swing": 2.7314, "max_up_swing": 14.825, "max_down_swing": 32.9}, "3:55 PM": {"sessions": 99, "up_hits": 33, "up_rate": 0.3333, "down_hits": 25, "down_rate": 0.2525, "both_hits": 4, "both_rate": 0.0404, "neither_hits": 45, "neither_rate": 0.4545, "avg_up_swing_pct": 0.010685, "avg_down_swing_pct": 0.01104, "max_up_swing_pct": 0.058605, "max_down_swing_pct": 0.10015, "avg_up_swing": 2.5956, "avg_down_swing": 2.7439, "max_up_swing": 15.9, "max_down_swing": 33.39}, "3:50\u201355 avg": {"sessions": 99, "up_hits": 33, "up_rate": 0.3333, "down_hits": 24, "down_rate": 0.2424, "both_hits": 3, "both_rate": 0.0303, "neither_hits": 45, "neither_rate": 0.4545, "avg_up_swing_pct": 0.010825, "avg_down_swing_pct": 0.010904, "max_up_swing_pct": 0.050607, "max_down_swing_pct": 0.098922, "avg_up_swing": 2.6349, "avg_down_swing": 2.7046, "max_up_swing": 11.1267, "max_down_swing": 32.9358}}}, "0.0200": {"pct": 0.02, "references": {"3:50 PM": {"sessions": 99, "up_hits": 20, "up_rate": 0.202, "down_hits": 16, "down_rate": 0.1616, "both_hits": 3, "both_rate": 0.0303, "neither_hits": 66, "neither_rate": 0.6667, "avg_up_swing_pct": 0.010817, "avg_down_swing_pct": 0.010913, "max_up_swing_pct": 0.049907, "max_down_swing_pct": 0.098663, "avg_up_swing": 2.636, "avg_down_swing": 2.7035, "max_up_swing": 10.98, "max_down_swing": 32.84}, "3:51 PM": {"sessions": 99, "up_hits": 20, "up_rate": 0.202, "down_hits": 18, "down_rate": 0.1818, "both_hits": 3, "both_rate": 0.0303, "neither_hits": 64, "neither_rate": 0.6465, "avg_up_swing_pct": 0.010873, "avg_down_swing_pct": 0.010857, "max_up_swing_pct": 0.050145, "max_down_swing_pct": 0.099042, "avg_up_swing": 2.6466, "avg_down_swing": 2.6929, "max_up_swing": 11.03, "max_down_swing": 32.98}, "3:52 PM": {"sessions": 99, "up_hits": 20, "up_rate": 0.202, "down_hits": 18, "down_rate": 0.1818, "both_hits": 3, "both_rate": 0.0303, "neither_hits": 64, "neither_rate": 0.6465, "avg_up_swing_pct": 0.010951, "avg_down_swing_pct": 0.01078, "max_up_swing_pct": 0.050243, "max_down_swing_pct": 0.098379, "avg_up_swing": 2.6688, "avg_down_swing": 2.6707, "max_up_swing": 13.74, "max_down_swing": 32.735}, "3:53 PM": {"sessions": 99, "up_hits": 20, "up_rate": 0.202, "down_hits": 17, "down_rate": 0.1717, "both_hits": 2, "both_rate": 0.0202, "neither_hits": 64, "neither_rate": 0.6465, "avg_up_swing_pct": 0.010907, "avg_down_swing_pct": 0.010824, "max_up_swing_pct": 0.050862, "max_down_swing_pct": 0.098473, "avg_up_swing": 2.6544, "avg_down_swing": 2.6851, "max_up_swing": 11.18, "max_down_swing": 32.77}, "3:54 PM": {"sessions": 99, "up_hits": 20, "up_rate": 0.202, "down_hits": 19, "down_rate": 0.1919, "both_hits": 3, "both_rate": 0.0303, "neither_hits": 63, "neither_rate": 0.6364, "avg_up_swing_pct": 0.010722, "avg_down_swing_pct": 0.011002, "max_up_swing_pct": 0.054427, "max_down_swing_pct": 0.098826, "avg_up_swing": 2.6081, "avg_down_swing": 2.7314, "max_up_swing": 14.825, "max_down_swing": 32.9}, "3:55 PM": {"sessions": 99, "up_hits": 19, "up_rate": 0.1919, "down_hits": 18, "down_rate": 0.1818, "both_hits": 3, "both_rate": 0.0303, "neither_hits": 65, "neither_rate": 0.6566, "avg_up_swing_pct": 0.010685, "avg_down_swing_pct": 0.01104, "max_up_swing_pct": 0.058605, "max_down_swing_pct": 0.10015, "avg_up_swing": 2.5956, "avg_down_swing": 2.7439, "max_up_swing": 15.9, "max_down_swing": 33.39}, "3:50\u201355 avg": {"sessions": 99, "up_hits": 20, "up_rate": 0.202, "down_hits": 18, "down_rate": 0.1818, "both_hits": 3, "both_rate": 0.0303, "neither_hits": 64, "neither_rate": 0.6465, "avg_up_swing_pct": 0.010825, "avg_down_swing_pct": 0.010904, "max_up_swing_pct": 0.050607, "max_down_swing_pct": 0.098922, "avg_up_swing": 2.6349, "avg_down_swing": 2.7046, "max_up_swing": 11.1267, "max_down_swing": 32.9358}}}, "0.0250": {"pct": 0.025, "references": {"3:50 PM": {"sessions": 99, "up_hits": 13, "up_rate": 0.1313, "down_hits": 11, "down_rate": 0.1111, "both_hits": 1, "both_rate": 0.0101, "neither_hits": 76, "neither_rate": 0.7677, "avg_up_swing_pct": 0.010817, "avg_down_swing_pct": 0.010913, "max_up_swing_pct": 0.049907, "max_down_swing_pct": 0.098663, "avg_up_swing": 2.636, "avg_down_swing": 2.7035, "max_up_swing": 10.98, "max_down_swing": 32.84}, "3:51 PM": {"sessions": 99, "up_hits": 15, "up_rate": 0.1515, "down_hits": 11, "down_rate": 0.1111, "both_hits": 1, "both_rate": 0.0101, "neither_hits": 74, "neither_rate": 0.7475, "avg_up_swing_pct": 0.010873, "avg_down_swing_pct": 0.010857, "max_up_swing_pct": 0.050145, "max_down_swing_pct": 0.099042, "avg_up_swing": 2.6466, "avg_down_swing": 2.6929, "max_up_swing": 11.03, "max_down_swing": 32.98}, "3:52 PM": {"sessions": 99, "up_hits": 14, "up_rate": 0.1414, "down_hits": 12, "down_rate": 0.1212, "both_hits": 2, "both_rate": 0.0202, "neither_hits": 75, "neither_rate": 0.7576, "avg_up_swing_pct": 0.010951, "avg_down_swing_pct": 0.01078, "max_up_swing_pct": 0.050243, "max_down_swing_pct": 0.098379, "avg_up_swing": 2.6688, "avg_down_swing": 2.6707, "max_up_swing": 13.74, "max_down_swing": 32.735}, "3:53 PM": {"sessions": 99, "up_hits": 14, "up_rate": 0.1414, "down_hits": 12, "down_rate": 0.1212, "both_hits": 2, "both_rate": 0.0202, "neither_hits": 75, "neither_rate": 0.7576, "avg_up_swing_pct": 0.010907, "avg_down_swing_pct": 0.010824, "max_up_swing_pct": 0.050862, "max_down_swing_pct": 0.098473, "avg_up_swing": 2.6544, "avg_down_swing": 2.6851, "max_up_swing": 11.18, "max_down_swing": 32.77}, "3:54 PM": {"sessions": 99, "up_hits": 13, "up_rate": 0.1313, "down_hits": 13, "down_rate": 0.1313, "both_hits": 2, "both_rate": 0.0202, "neither_hits": 75, "neither_rate": 0.7576, "avg_up_swing_pct": 0.010722, "avg_down_swing_pct": 0.011002, "max_up_swing_pct": 0.054427, "max_down_swing_pct": 0.098826, "avg_up_swing": 2.6081, "avg_down_swing": 2.7314, "max_up_swing": 14.825, "max_down_swing": 32.9}, "3:55 PM": {"sessions": 99, "up_hits": 13, "up_rate": 0.1313, "down_hits": 13, "down_rate": 0.1313, "both_hits": 2, "both_rate": 0.0202, "neither_hits": 75, "neither_rate": 0.7576, "avg_up_swing_pct": 0.010685, "avg_down_swing_pct": 0.01104, "max_up_swing_pct": 0.058605, "max_down_swing_pct": 0.10015, "avg_up_swing": 2.5956, "avg_down_swing": 2.7439, "max_up_swing": 15.9, "max_down_swing": 33.39}, "3:50\u201355 avg": {"sessions": 99, "up_hits": 14, "up_rate": 0.1414, "down_hits": 12, "down_rate": 0.1212, "both_hits": 2, "both_rate": 0.0202, "neither_hits": 75, "neither_rate": 0.7576, "avg_up_swing_pct": 0.010825, "avg_down_swing_pct": 0.010904, "max_up_swing_pct": 0.050607, "max_down_swing_pct": 0.098922, "avg_up_swing": 2.6349, "avg_down_swing": 2.7046, "max_up_swing": 11.1267, "max_down_swing": 32.9358}}}, "0.0300": {"pct": 0.03, "references": {"3:50 PM": {"sessions": 99, "up_hits": 8, "up_rate": 0.0808, "down_hits": 10, "down_rate": 0.101, "both_hits": 0, "both_rate": 0.0, "neither_hits": 81, "neither_rate": 0.8182, "avg_up_swing_pct": 0.010817, "avg_down_swing_pct": 0.010913, "max_up_swing_pct": 0.049907, "max_down_swing_pct": 0.098663, "avg_up_swing": 2.636, "avg_down_swing": 2.7035, "max_up_swing": 10.98, "max_down_swing": 32.84}, "3:51 PM": {"sessions": 99, "up_hits": 8, "up_rate": 0.0808, "down_hits": 9, "down_rate": 0.0909, "both_hits": 0, "both_rate": 0.0, "neither_hits": 82, "neither_rate": 0.8283, "avg_up_swing_pct": 0.010873, "avg_down_swing_pct": 0.010857, "max_up_swing_pct": 0.050145, "max_down_swing_pct": 0.099042, "avg_up_swing": 2.6466, "avg_down_swing": 2.6929, "max_up_swing": 11.03, "max_down_swing": 32.98}, "3:52 PM": {"sessions": 99, "up_hits": 9, "up_rate": 0.0909, "down_hits": 7, "down_rate": 0.0707, "both_hits": 0, "both_rate": 0.0, "neither_hits": 83, "neither_rate": 0.8384, "avg_up_swing_pct": 0.010951, "avg_down_swing_pct": 0.01078, "max_up_swing_pct": 0.050243, "max_down_swing_pct": 0.098379, "avg_up_swing": 2.6688, "avg_down_swing": 2.6707, "max_up_swing": 13.74, "max_down_swing": 32.735}, "3:53 PM": {"sessions": 99, "up_hits": 8, "up_rate": 0.0808, "down_hits": 7, "down_rate": 0.0707, "both_hits": 0, "both_rate": 0.0, "neither_hits": 84, "neither_rate": 0.8485, "avg_up_swing_pct": 0.010907, "avg_down_swing_pct": 0.010824, "max_up_swing_pct": 0.050862, "max_down_swing_pct": 0.098473, "avg_up_swing": 2.6544, "avg_down_swing": 2.6851, "max_up_swing": 11.18, "max_down_swing": 32.77}, "3:54 PM": {"sessions": 99, "up_hits": 8, "up_rate": 0.0808, "down_hits": 7, "down_rate": 0.0707, "both_hits": 0, "both_rate": 0.0, "neither_hits": 84, "neither_rate": 0.8485, "avg_up_swing_pct": 0.010722, "avg_down_swing_pct": 0.011002, "max_up_swing_pct": 0.054427, "max_down_swing_pct": 0.098826, "avg_up_swing": 2.6081, "avg_down_swing": 2.7314, "max_up_swing": 14.825, "max_down_swing": 32.9}, "3:55 PM": {"sessions": 99, "up_hits": 8, "up_rate": 0.0808, "down_hits": 7, "down_rate": 0.0707, "both_hits": 0, "both_rate": 0.0, "neither_hits": 84, "neither_rate": 0.8485, "avg_up_swing_pct": 0.010685, "avg_down_swing_pct": 0.01104, "max_up_swing_pct": 0.058605, "max_down_swing_pct": 0.10015, "avg_up_swing": 2.5956, "avg_down_swing": 2.7439, "max_up_swing": 15.9, "max_down_swing": 33.39}, "3:50\u201355 avg": {"sessions": 99, "up_hits": 8, "up_rate": 0.0808, "down_hits": 7, "down_rate": 0.0707, "both_hits": 0, "both_rate": 0.0, "neither_hits": 84, "neither_rate": 0.8485, "avg_up_swing_pct": 0.010825, "avg_down_swing_pct": 0.010904, "max_up_swing_pct": 0.050607, "max_down_swing_pct": 0.098922, "avg_up_swing": 2.6349, "avg_down_swing": 2.7046, "max_up_swing": 11.1267, "max_down_swing": 32.9358}}}, "0.0350": {"pct": 0.035, "references": {"3:50 PM": {"sessions": 99, "up_hits": 7, "up_rate": 0.0707, "down_hits": 6, "down_rate": 0.0606, "both_hits": 0, "both_rate": 0.0, "neither_hits": 86, "neither_rate": 0.8687, "avg_up_swing_pct": 0.010817, "avg_down_swing_pct": 0.010913, "max_up_swing_pct": 0.049907, "max_down_swing_pct": 0.098663, "avg_up_swing": 2.636, "avg_down_swing": 2.7035, "max_up_swing": 10.98, "max_down_swing": 32.84}, "3:51 PM": {"sessions": 99, "up_hits": 7, "up_rate": 0.0707, "down_hits": 7, "down_rate": 0.0707, "both_hits": 0, "both_rate": 0.0, "neither_hits": 85, "neither_rate": 0.8586, "avg_up_swing_pct": 0.010873, "avg_down_swing_pct": 0.010857, "max_up_swing_pct": 0.050145, "max_down_swing_pct": 0.099042, "avg_up_swing": 2.6466, "avg_down_swing": 2.6929, "max_up_swing": 11.03, "max_down_swing": 32.98}, "3:52 PM": {"sessions": 99, "up_hits": 6, "up_rate": 0.0606, "down_hits": 6, "down_rate": 0.0606, "both_hits": 0, "both_rate": 0.0, "neither_hits": 87, "neither_rate": 0.8788, "avg_up_swing_pct": 0.010951, "avg_down_swing_pct": 0.01078, "max_up_swing_pct": 0.050243, "max_down_swing_pct": 0.098379, "avg_up_swing": 2.6688, "avg_down_swing": 2.6707, "max_up_swing": 13.74, "max_down_swing": 32.735}, "3:53 PM": {"sessions": 99, "up_hits": 6, "up_rate": 0.0606, "down_hits": 6, "down_rate": 0.0606, "both_hits": 0, "both_rate": 0.0, "neither_hits": 87, "neither_rate": 0.8788, "avg_up_swing_pct": 0.010907, "avg_down_swing_pct": 0.010824, "max_up_swing_pct": 0.050862, "max_down_swing_pct": 0.098473, "avg_up_swing": 2.6544, "avg_down_swing": 2.6851, "max_up_swing": 11.18, "max_down_swing": 32.77}, "3:54 PM": {"sessions": 99, "up_hits": 6, "up_rate": 0.0606, "down_hits": 7, "down_rate": 0.0707, "both_hits": 0, "both_rate": 0.0, "neither_hits": 86, "neither_rate": 0.8687, "avg_up_swing_pct": 0.010722, "avg_down_swing_pct": 0.011002, "max_up_swing_pct": 0.054427, "max_down_swing_pct": 0.098826, "avg_up_swing": 2.6081, "avg_down_swing": 2.7314, "max_up_swing": 14.825, "max_down_swing": 32.9}, "3:55 PM": {"sessions": 99, "up_hits": 7, "up_rate": 0.0707, "down_hits": 7, "down_rate": 0.0707, "both_hits": 0, "both_rate": 0.0, "neither_hits": 85, "neither_rate": 0.8586, "avg_up_swing_pct": 0.010685, "avg_down_swing_pct": 0.01104, "max_up_swing_pct": 0.058605, "max_down_swing_pct": 0.10015, "avg_up_swing": 2.5956, "avg_down_swing": 2.7439, "max_up_swing": 15.9, "max_down_swing": 33.39}, "3:50\u201355 avg": {"sessions": 99, "up_hits": 7, "up_rate": 0.0707, "down_hits": 7, "down_rate": 0.0707, "both_hits": 0, "both_rate": 0.0, "neither_hits": 85, "neither_rate": 0.8586, "avg_up_swing_pct": 0.010825, "avg_down_swing_pct": 0.010904, "max_up_swing_pct": 0.050607, "max_down_swing_pct": 0.098922, "avg_up_swing": 2.6349, "avg_down_swing": 2.7046, "max_up_swing": 11.1267, "max_down_swing": 32.9358}}}, "0.0400": {"pct": 0.04, "references": {"3:50 PM": {"sessions": 99, "up_hits": 4, "up_rate": 0.0404, "down_hits": 4, "down_rate": 0.0404, "both_hits": 0, "both_rate": 0.0, "neither_hits": 91, "neither_rate": 0.9192, "avg_up_swing_pct": 0.010817, "avg_down_swing_pct": 0.010913, "max_up_swing_pct": 0.049907, "max_down_swing_pct": 0.098663, "avg_up_swing": 2.636, "avg_down_swing": 2.7035, "max_up_swing": 10.98, "max_down_swing": 32.84}, "3:51 PM": {"sessions": 99, "up_hits": 4, "up_rate": 0.0404, "down_hits": 4, "down_rate": 0.0404, "both_hits": 0, "both_rate": 0.0, "neither_hits": 91, "neither_rate": 0.9192, "avg_up_swing_pct": 0.010873, "avg_down_swing_pct": 0.010857, "max_up_swing_pct": 0.050145, "max_down_swing_pct": 0.099042, "avg_up_swing": 2.6466, "avg_down_swing": 2.6929, "max_up_swing": 11.03, "max_down_swing": 32.98}, "3:52 PM": {"sessions": 99, "up_hits": 4, "up_rate": 0.0404, "down_hits": 4, "down_rate": 0.0404, "both_hits": 0, "both_rate": 0.0, "neither_hits": 91, "neither_rate": 0.9192, "avg_up_swing_pct": 0.010951, "avg_down_swing_pct": 0.01078, "max_up_swing_pct": 0.050243, "max_down_swing_pct": 0.098379, "avg_up_swing": 2.6688, "avg_down_swing": 2.6707, "max_up_swing": 13.74, "max_down_swing": 32.735}, "3:53 PM": {"sessions": 99, "up_hits": 4, "up_rate": 0.0404, "down_hits": 4, "down_rate": 0.0404, "both_hits": 0, "both_rate": 0.0, "neither_hits": 91, "neither_rate": 0.9192, "avg_up_swing_pct": 0.010907, "avg_down_swing_pct": 0.010824, "max_up_swing_pct": 0.050862, "max_down_swing_pct": 0.098473, "avg_up_swing": 2.6544, "avg_down_swing": 2.6851, "max_up_swing": 11.18, "max_down_swing": 32.77}, "3:54 PM": {"sessions": 99, "up_hits": 4, "up_rate": 0.0404, "down_hits": 4, "down_rate": 0.0404, "both_hits": 0, "both_rate": 0.0, "neither_hits": 91, "neither_rate": 0.9192, "avg_up_swing_pct": 0.010722, "avg_down_swing_pct": 0.011002, "max_up_swing_pct": 0.054427, "max_down_swing_pct": 0.098826, "avg_up_swing": 2.6081, "avg_down_swing": 2.7314, "max_up_swing": 14.825, "max_down_swing": 32.9}, "3:55 PM": {"sessions": 99, "up_hits": 3, "up_rate": 0.0303, "down_hits": 4, "down_rate": 0.0404, "both_hits": 0, "both_rate": 0.0, "neither_hits": 92, "neither_rate": 0.9293, "avg_up_swing_pct": 0.010685, "avg_down_swing_pct": 0.01104, "max_up_swing_pct": 0.058605, "max_down_swing_pct": 0.10015, "avg_up_swing": 2.5956, "avg_down_swing": 2.7439, "max_up_swing": 15.9, "max_down_swing": 33.39}, "3:50\u201355 avg": {"sessions": 99, "up_hits": 4, "up_rate": 0.0404, "down_hits": 4, "down_rate": 0.0404, "both_hits": 0, "both_rate": 0.0, "neither_hits": 91, "neither_rate": 0.9192, "avg_up_swing_pct": 0.010825, "avg_down_swing_pct": 0.010904, "max_up_swing_pct": 0.050607, "max_down_swing_pct": 0.098922, "avg_up_swing": 2.6349, "avg_down_swing": 2.7046, "max_up_swing": 11.1267, "max_down_swing": 32.9358}}}, "0.0500": {"pct": 0.05, "references": {"3:50 PM": {"sessions": 99, "up_hits": 0, "up_rate": 0.0, "down_hits": 3, "down_rate": 0.0303, "both_hits": 0, "both_rate": 0.0, "neither_hits": 96, "neither_rate": 0.9697, "avg_up_swing_pct": 0.010817, "avg_down_swing_pct": 0.010913, "max_up_swing_pct": 0.049907, "max_down_swing_pct": 0.098663, "avg_up_swing": 2.636, "avg_down_swing": 2.7035, "max_up_swing": 10.98, "max_down_swing": 32.84}, "3:51 PM": {"sessions": 99, "up_hits": 1, "up_rate": 0.0101, "down_hits": 3, "down_rate": 0.0303, "both_hits": 0, "both_rate": 0.0, "neither_hits": 95, "neither_rate": 0.9596, "avg_up_swing_pct": 0.010873, "avg_down_swing_pct": 0.010857, "max_up_swing_pct": 0.050145, "max_down_swing_pct": 0.099042, "avg_up_swing": 2.6466, "avg_down_swing": 2.6929, "max_up_swing": 11.03, "max_down_swing": 32.98}, "3:52 PM": {"sessions": 99, "up_hits": 1, "up_rate": 0.0101, "down_hits": 3, "down_rate": 0.0303, "both_hits": 0, "both_rate": 0.0, "neither_hits": 95, "neither_rate": 0.9596, "avg_up_swing_pct": 0.010951, "avg_down_swing_pct": 0.01078, "max_up_swing_pct": 0.050243, "max_down_swing_pct": 0.098379, "avg_up_swing": 2.6688, "avg_down_swing": 2.6707, "max_up_swing": 13.74, "max_down_swing": 32.735}, "3:53 PM": {"sessions": 99, "up_hits": 1, "up_rate": 0.0101, "down_hits": 3, "down_rate": 0.0303, "both_hits": 0, "both_rate": 0.0, "neither_hits": 95, "neither_rate": 0.9596, "avg_up_swing_pct": 0.010907, "avg_down_swing_pct": 0.010824, "max_up_swing_pct": 0.050862, "max_down_swing_pct": 0.098473, "avg_up_swing": 2.6544, "avg_down_swing": 2.6851, "max_up_swing": 11.18, "max_down_swing": 32.77}, "3:54 PM": {"sessions": 99, "up_hits": 2, "up_rate": 0.0202, "down_hits": 3, "down_rate": 0.0303, "both_hits": 0, "both_rate": 0.0, "neither_hits": 94, "neither_rate": 0.9495, "avg_up_swing_pct": 0.010722, "avg_down_swing_pct": 0.011002, "max_up_swing_pct": 0.054427, "max_down_swing_pct": 0.098826, "avg_up_swing": 2.6081, "avg_down_swing": 2.7314, "max_up_swing": 14.825, "max_down_swing": 32.9}, "3:55 PM": {"sessions": 99, "up_hits": 2, "up_rate": 0.0202, "down_hits": 3, "down_rate": 0.0303, "both_hits": 0, "both_rate": 0.0, "neither_hits": 94, "neither_rate": 0.9495, "avg_up_swing_pct": 0.010685, "avg_down_swing_pct": 0.01104, "max_up_swing_pct": 0.058605, "max_down_swing_pct": 0.10015, "avg_up_swing": 2.5956, "avg_down_swing": 2.7439, "max_up_swing": 15.9, "max_down_swing": 33.39}, "3:50\u201355 avg": {"sessions": 99, "up_hits": 1, "up_rate": 0.0101, "down_hits": 3, "down_rate": 0.0303, "both_hits": 0, "both_rate": 0.0, "neither_hits": 95, "neither_rate": 0.9596, "avg_up_swing_pct": 0.010825, "avg_down_swing_pct": 0.010904, "max_up_swing_pct": 0.050607, "max_down_swing_pct": 0.098922, "avg_up_swing": 2.6349, "avg_down_swing": 2.7046, "max_up_swing": 11.1267, "max_down_swing": 32.9358}}}}, "swings": {"3:50 PM": {"avg_up_swing_pct": 0.010817, "avg_down_swing_pct": 0.010913, "max_up_swing_pct": 0.049907, "max_down_swing_pct": 0.098663, "avg_up_swing": 2.636, "avg_down_swing": 2.7035, "max_up_swing": 10.98, "max_down_swing": 32.84}, "3:51 PM": {"avg_up_swing_pct": 0.010873, "avg_down_swing_pct": 0.010857, "max_up_swing_pct": 0.050145, "max_down_swing_pct": 0.099042, "avg_up_swing": 2.6466, "avg_down_swing": 2.6929, "max_up_swing": 11.03, "max_down_swing": 32.98}, "3:52 PM": {"avg_up_swing_pct": 0.010951, "avg_down_swing_pct": 0.01078, "max_up_swing_pct": 0.050243, "max_down_swing_pct": 0.098379, "avg_up_swing": 2.6688, "avg_down_swing": 2.6707, "max_up_swing": 13.74, "max_down_swing": 32.735}, "3:53 PM": {"avg_up_swing_pct": 0.010907, "avg_down_swing_pct": 0.010824, "max_up_swing_pct": 0.050862, "max_down_swing_pct": 0.098473, "avg_up_swing": 2.6544, "avg_down_swing": 2.6851, "max_up_swing": 11.18, "max_down_swing": 32.77}, "3:54 PM": {"avg_up_swing_pct": 0.010722, "avg_down_swing_pct": 0.011002, "max_up_swing_pct": 0.054427, "max_down_swing_pct": 0.098826, "avg_up_swing": 2.6081, "avg_down_swing": 2.7314, "max_up_swing": 14.825, "max_down_swing": 32.9}, "3:55 PM": {"avg_up_swing_pct": 0.010685, "avg_down_swing_pct": 0.01104, "max_up_swing_pct": 0.058605, "max_down_swing_pct": 0.10015, "avg_up_swing": 2.5956, "avg_down_swing": 2.7439, "max_up_swing": 15.9, "max_down_swing": 33.39}, "3:50\u201355 avg": {"avg_up_swing_pct": 0.010825, "avg_down_swing_pct": 0.010904, "max_up_swing_pct": 0.050607, "max_down_swing_pct": 0.098922, "avg_up_swing": 2.6349, "avg_down_swing": 2.7046, "max_up_swing": 11.1267, "max_down_swing": 32.9358}}}}}}, "generated_at": "2026-08-13T16:11:06.846801+00:00"}
===END_SUMMARY===

=== strategy stderr ===

