=== pip install ===

=== strategy stdout (exit 0) ===

══════════════════════════════════════════════════════════════════════════════════════
  TIME-FRAME BACKTEST  —  MAX EXPECTED PROFIT, target-spend sized (win_rate × avg_payoff)
  Lookback window: 730 calendar days
  Session window : 9:30 AM–4:00 PM ET (full regular session)
  Position sizing: contracts = ceil($1.00 / mean(entry_frame)), min 1. Frames are arbitrary [start, end] windows; price = mean of the 1-min closes inside the frame.
══════════════════════════════════════════════════════════════════════════════════════
  Data source: Alpaca Markets API
  Tickers: TSLA, AMZN, AAPL, NVDA, GOOGL, MSFT, ORCL   Option types: CALL, PUT
  Searching arbitrary entry/exit frames (5 min → full day, coarse 5-min grid then 1-min refine).

  Backtesting TSLA...
  Backtesting AMZN...
  Backtesting AAPL...
  Backtesting NVDA...
  Backtesting GOOGL...
  Backtesting MSFT...
  Backtesting ORCL...

██████████████████████████████████████████████████████████████████████████████████████
  TSLA CALLS
██████████████████████████████████████████████████████████████████████████████████████
======================================================================================
  TSLA CALLS
======================================================================================
  Optimal entry frame : 9:40–9:45 AM   (5 min)
  Optimal exit frame  : 1:45–1:52 PM   (7 min)
  Data source         : REAL prices

  Date           Strike  Src  Qty       Entry frame    Buy$        Exit frame   Sell$   P&L/sh      P&L $  Result
  ------------ -------- ---- ---- ----------------- ------- ----------------- ------- -------- ----------  ------
  2024-07-12      237.5 REAL    1      9:40–9:45 AM    6.26      1:45–1:52 PM   11.90   +5.644   $+564.40  WIN 
  2024-07-19      247.5 REAL    1      9:40–9:45 AM    2.22      1:45–1:52 PM    0.04   -2.178   $-217.83  LOSS
  2024-07-26      222.5 REAL    2      9:40–9:45 AM    0.87      1:45–1:52 PM    0.46   -0.405    $-81.03  LOSS
  2024-08-02      212.5 REAL    1      9:40–9:45 AM    4.05      1:45–1:52 PM    0.09   -3.968   $-396.83  LOSS
  2024-08-09      195.0 REAL    1      9:40–9:45 AM    3.86      1:45–1:52 PM    5.11   +1.257   $+125.73  WIN 
  2024-08-16      212.5 REAL    1      9:40–9:45 AM    4.86      1:45–1:52 PM    4.90   +0.036     $+3.63  WIN 
  2024-08-23      215.0 REAL    1      9:40–9:45 AM    3.23      1:45–1:52 PM    4.47   +1.242   $+124.20  WIN 
  2024-08-30      210.0 REAL    1      9:40–9:45 AM    1.19      1:45–1:52 PM    1.72   +0.529    $+52.91  WIN 
  2024-09-06      232.5 REAL    2      9:40–9:45 AM    0.65      1:45–1:52 PM    0.01   -0.638   $-127.60  LOSS
  2024-09-13      227.5 REAL    1      9:40–9:45 AM    5.41      1:45–1:52 PM    2.31   -3.101   $-310.14  LOSS
  2024-09-20      240.0 REAL    1      9:40–9:45 AM    2.50      1:45–1:52 PM    0.45   -2.057   $-205.69  LOSS
  2024-09-27      257.5 REAL    1      9:40–9:45 AM    1.69      1:45–1:52 PM    2.21   +0.519    $+51.89  WIN 
  2024-10-04      247.5 REAL    1      9:40–9:45 AM    2.63      1:45–1:52 PM    2.38   -0.244    $-24.37  LOSS
  2024-10-11      220.0 REAL    1      9:40–9:45 AM    2.35      1:45–1:52 PM    0.81   -1.538   $-153.77  LOSS
  2024-10-18      220.0 REAL    1      9:40–9:45 AM    1.93      1:45–1:52 PM    1.42   -0.514    $-51.40  LOSS
  2024-10-25      257.5 REAL    1      9:40–9:45 AM    7.58      1:45–1:52 PM    9.40   +1.820   $+182.00  WIN 
  2024-11-01      252.5 REAL    1      9:40–9:45 AM    2.34      1:45–1:52 PM    0.04   -2.299   $-229.89  LOSS
  2024-11-08      300.0 REAL    1      9:40–9:45 AM    5.60      1:45–1:52 PM   24.66  +19.065  $+1906.49  WIN 
  2024-11-15      310.0 REAL    1      9:40–9:45 AM    6.40      1:45–1:52 PM    7.92   +1.517   $+151.67  WIN 
  2024-11-22      342.5 REAL    1      9:40–9:45 AM    2.77      1:45–1:52 PM   10.80   +8.028   $+802.80  WIN 
  2024-11-29      335.0 REAL    —      9:40–9:45 AM       —      1:45–1:52 PM       —        —          —  skip
  2024-12-06      375.0 REAL    1      9:40–9:45 AM    3.22      1:45–1:52 PM    2.37   -0.852    $-85.20  LOSS
  2024-12-13      417.5 REAL    1      9:40–9:45 AM    4.88      1:45–1:52 PM   14.07   +9.186   $+918.60  WIN 
  2024-12-20      427.5 REAL    1      9:40–9:45 AM    5.22      1:45–1:52 PM   13.50   +8.281   $+828.07  WIN 
  2024-12-27      447.5 REAL    1      9:40–9:45 AM    2.74      1:45–1:52 PM    0.14   -2.603   $-260.29  LOSS
  2025-01-03      380.0 REAL    1      9:40–9:45 AM    8.59      1:45–1:52 PM   21.92  +13.336  $+1333.65  WIN 
  2025-01-10      390.0 REAL    1      9:40–9:45 AM    7.92      1:45–1:52 PM    6.76   -1.162   $-116.23  LOSS
  2025-01-17      422.5 REAL    1      9:40–9:45 AM    5.53      1:45–1:52 PM   15.56  +10.029  $+1002.93  WIN 
  2025-01-24      415.0 REAL    1      9:40–9:45 AM    3.94      1:45–1:52 PM    0.28   -3.661   $-366.14  LOSS
  2025-01-31      402.5 REAL    1      9:40–9:45 AM   10.17      1:45–1:52 PM   11.03   +0.860    $+86.00  WIN 
  2025-02-07      372.5 REAL    1      9:40–9:45 AM    5.02      1:45–1:52 PM    0.35   -4.667   $-466.71  LOSS
  2025-02-14      360.0 REAL    1      9:40–9:45 AM    1.82      1:45–1:52 PM    0.24   -1.579   $-157.94  LOSS
  2025-02-21      352.5 REAL    1      9:40–9:45 AM    2.58      1:45–1:52 PM    0.07   -2.509   $-250.86  LOSS
  2025-02-28      277.5 REAL    1      9:40–9:45 AM    6.16      1:45–1:52 PM    9.78   +3.622   $+362.20  WIN 
  2025-03-07      262.5 REAL    1      9:40–9:45 AM    5.09      1:45–1:52 PM    2.49   -2.597   $-259.74  LOSS
  2025-03-14      247.5 REAL    1      9:40–9:45 AM    3.31      1:45–1:52 PM    1.94   -1.365   $-136.51  LOSS
  2025-03-21      237.5 REAL    1      9:40–9:45 AM    5.80      1:45–1:52 PM    9.81   +4.015   $+401.54  WIN 
  2025-03-28      275.0 REAL    1      9:40–9:45 AM    3.04      1:45–1:52 PM    0.05   -2.983   $-298.31  LOSS
  2025-04-04      260.0 REAL    1      9:40–9:45 AM    1.67      1:45–1:52 PM    0.05   -1.619   $-161.93  LOSS
  2025-04-11      252.5 REAL    1      9:40–9:45 AM    6.16      1:45–1:52 PM    1.34   -4.824   $-482.43  LOSS
  2025-04-18      242.5 REAL    1      9:40–9:45 AM    2.70      1:45–1:52 PM    0.73   -1.964   $-196.37  LOSS
  2025-04-25      262.5 REAL    1      9:40–9:45 AM    3.99      1:45–1:52 PM   20.21  +16.224  $+1622.40  WIN 
  2025-05-02      287.5 REAL    1      9:40–9:45 AM    2.25      1:45–1:52 PM    6.49   +4.241   $+424.11  WIN 
  2025-05-09      292.5 REAL    1      9:40–9:45 AM    7.62      1:45–1:52 PM    7.70   +0.081     $+8.06  WIN 
  2025-05-16      347.5 REAL    1      9:40–9:45 AM    4.29      1:45–1:52 PM    1.68   -2.611   $-261.06  LOSS
  2025-05-23      335.0 REAL    1      9:40–9:45 AM    5.05      1:45–1:52 PM    7.00   +1.946   $+194.57  WIN 
  2025-05-30      357.5 REAL    1      9:40–9:45 AM    2.90      1:45–1:52 PM    0.20   -2.695   $-269.46  LOSS
  2025-06-06      295.0 REAL    1      9:40–9:45 AM    7.49      1:45–1:52 PM    6.25   -1.241   $-124.14  LOSS
  2025-06-13      315.0 REAL    1      9:40–9:45 AM    4.75      1:45–1:52 PM   16.42  +11.672  $+1167.23  WIN 
  2025-06-20      327.5 REAL    1      9:40–9:45 AM    2.92      1:45–1:52 PM    0.14   -2.777   $-277.74  LOSS
  2025-06-27      322.5 REAL    1      9:40–9:45 AM    3.39      1:45–1:52 PM    1.50   -1.885   $-188.46  LOSS
  2025-07-04      317.5 REAL    —      9:40–9:45 AM       —      1:45–1:52 PM       —        —          —  skip
  2025-07-11      307.5 REAL    1      9:40–9:45 AM    2.18      1:45–1:52 PM    3.24   +1.067   $+106.69  WIN 
  2025-07-18      322.5 REAL    1      9:40–9:45 AM    3.35      1:45–1:52 PM    5.13   +1.779   $+177.93  WIN 
  2025-07-25      310.0 REAL    1      9:40–9:45 AM    3.16      1:45–1:52 PM    7.71   +4.553   $+455.34  WIN 
  2025-08-01      307.5 REAL    1      9:40–9:45 AM    1.19      1:45–1:52 PM    0.29   -0.896    $-89.60  LOSS
  2025-08-08      322.5 REAL    1      9:40–9:45 AM    6.73      1:45–1:52 PM    7.12   +0.384    $+38.40  WIN 
  2025-08-15      337.5 REAL    1      9:40–9:45 AM    1.59      1:45–1:52 PM    0.07   -1.516   $-151.60  LOSS
  2025-08-22      317.5 REAL    1      9:40–9:45 AM    7.79      1:45–1:52 PM   20.80  +13.014  $+1301.40  WIN 
  2025-08-29      347.5 REAL    1      9:40–9:45 AM    1.99      1:45–1:52 PM    0.01   -1.978   $-197.80  LOSS
  2025-09-05      350.0 REAL    1      9:40–9:45 AM    4.49      1:45–1:52 PM    1.65   -2.842   $-284.20  LOSS
  2025-09-12      372.5 REAL    1      9:40–9:45 AM    7.35      1:45–1:52 PM   21.83  +14.484  $+1448.40  WIN 
  2025-09-19      425.0 REAL    1      9:40–9:45 AM    5.02      1:45–1:52 PM    0.88   -4.141   $-414.14  LOSS
  2025-09-26      427.5 REAL    1      9:40–9:45 AM    4.55      1:45–1:52 PM    5.95   +1.402   $+140.20  WIN 
  2025-10-03      442.5 REAL    1      9:40–9:45 AM    3.06      1:45–1:52 PM    0.02   -3.046   $-304.63  LOSS
  2025-10-10      437.5 REAL    1      9:40–9:45 AM    4.47      1:45–1:52 PM    0.03   -4.441   $-444.10  LOSS
  2025-10-17      425.0 REAL    1      9:40–9:45 AM    5.90      1:45–1:52 PM   12.70   +6.804   $+680.37  WIN 
  2025-10-24      447.5 REAL    1      9:40–9:45 AM    2.53      1:45–1:52 PM    0.09   -2.443   $-244.34  LOSS
  2025-10-31      447.5 REAL    1      9:40–9:45 AM    4.70      1:45–1:52 PM    2.30   -2.400   $-239.97  LOSS
  2025-11-07      435.0 REAL    1      9:40–9:45 AM    3.64      1:45–1:52 PM    0.65   -2.989   $-298.86  LOSS
  2025-11-14      390.0 REAL    1      9:40–9:45 AM    6.21      1:45–1:52 PM   15.87   +9.655   $+965.55  WIN 
  2025-11-21      400.0 REAL    1      9:40–9:45 AM    4.97      1:45–1:52 PM    2.56   -2.403   $-240.31  LOSS
  2025-11-28      430.0 REAL    —      9:40–9:45 AM       —      1:45–1:52 PM       —        —          —  skip
  2025-12-05      455.0 REAL    1      9:40–9:45 AM    3.40      1:45–1:52 PM    1.10   -2.295   $-229.51  LOSS
  2025-12-12      452.5 REAL    1      9:40–9:45 AM    7.31      1:45–1:52 PM    3.57   -3.736   $-373.57  LOSS
  2025-12-19      487.5 REAL    1      9:40–9:45 AM    2.64      1:45–1:52 PM    0.38   -2.264   $-226.40  LOSS
  2025-12-26      487.5 REAL    1      9:40–9:45 AM    1.58      1:45–1:52 PM    0.05   -1.534   $-153.43  LOSS
  2026-01-02      457.5 REAL    1      9:40–9:45 AM    1.01      1:45–1:52 PM    0.01   -1.002   $-100.20  LOSS
  2026-01-09      432.5 REAL    1      9:40–9:45 AM    4.49      1:45–1:52 PM   15.00  +10.510  $+1051.00  WIN 
  2026-01-16      442.5 REAL    1      9:40–9:45 AM    4.97      1:45–1:52 PM    0.35   -4.625   $-462.49  LOSS
  2026-01-23      447.5 REAL    1      9:40–9:45 AM    2.04      1:45–1:52 PM    0.72   -1.313   $-131.31  LOSS
  2026-01-30      430.0 REAL    1      9:40–9:45 AM    1.98      1:45–1:52 PM    4.61   +2.634   $+263.43  WIN 
  2026-02-06      400.0 REAL    1      9:40–9:45 AM    5.68      1:45–1:52 PM   12.68   +7.001   $+700.11  WIN 
  2026-02-13      415.0 REAL    1      9:40–9:45 AM    2.55      1:45–1:52 PM    8.69   +6.145   $+614.49  WIN 
  2026-02-20      407.5 REAL    1      9:40–9:45 AM    4.16      1:45–1:52 PM    5.54   +1.376   $+137.57  WIN 
  2026-02-27      402.5 REAL    1      9:40–9:45 AM    3.24      1:45–1:52 PM    0.32   -2.918   $-291.77  LOSS
  2026-03-06      397.5 REAL    1      9:40–9:45 AM    2.49      1:45–1:52 PM    2.67   +0.180    $+18.00  WIN 
  2026-03-13      397.5 REAL    1      9:40–9:45 AM    2.92      1:45–1:52 PM    0.25   -2.665   $-266.46  LOSS
  2026-03-20      377.5 REAL    1      9:40–9:45 AM    2.01      1:45–1:52 PM    0.06   -1.953   $-195.34  LOSS
  2026-03-27      370.0 REAL    2      9:40–9:45 AM    0.97      1:45–1:52 PM    0.02   -0.948   $-189.67  LOSS
  2026-04-03      365.0 REAL    1      9:40–9:45 AM    4.54      1:45–1:52 PM    0.32   -4.221   $-422.11  LOSS
  2026-04-10      347.5 REAL    1      9:40–9:45 AM    2.57      1:45–1:52 PM    0.20   -2.376   $-237.63  LOSS
  2026-04-17      395.0 REAL    1      9:40–9:45 AM    3.31      1:45–1:52 PM    6.94   +3.627   $+362.71  WIN 
  2026-04-24      375.0 REAL    1      9:40–9:45 AM    5.76      1:45–1:52 PM    1.79   -3.968   $-396.80  LOSS
  2026-05-01      385.0 REAL    1      9:40–9:45 AM    1.83      1:45–1:52 PM   11.92  +10.086  $+1008.63  WIN 
  2026-05-08      420.0 REAL    1      9:40–9:45 AM    3.86      1:45–1:52 PM    7.29   +3.428   $+342.80  WIN 
  2026-05-15      432.5 REAL    1      9:40–9:45 AM    2.34      1:45–1:52 PM    0.38   -1.959   $-195.91  LOSS
  2026-05-22      425.0 REAL    1      9:40–9:45 AM    2.43      1:45–1:52 PM    5.41   +2.980   $+298.03  WIN 
  2026-05-29      437.5 REAL    1      9:40–9:45 AM    4.47      1:45–1:52 PM    1.77   -2.693   $-269.31  LOSS
  2026-06-05      422.5 REAL    1      9:40–9:45 AM    1.30      1:45–1:52 PM    0.02   -1.284   $-128.40  LOSS
  2026-06-12      400.0 REAL    1      9:40–9:45 AM    5.33      1:45–1:52 PM    3.53   -1.802   $-180.20  LOSS
  2026-06-19      397.5 REAL    1      9:40–9:45 AM    1.12      1:45–1:52 PM    1.13   +0.002     $+0.17  WIN 
  2026-06-26      370.0 REAL    1      9:40–9:45 AM    4.54      1:45–1:52 PM   15.85  +11.310  $+1131.00  WIN 
  2026-07-03      427.5 REAL    2      9:40–9:45 AM    0.91      1:45–1:52 PM    0.01   -0.896   $-179.20  LOSS

  SUMMARY (optimal frames)  trades: 101   wins: 43/101   win rate: 42.6%   total P&L: $+9,859.97   avg/trade: $+97.62
           best day: $+1906.49   worst day: $-482.43   skipped (no data): 3
           premium spent: $39,456.40   return on spend: +25.0%

  TSLA CALLS — HEATMAPS   (entry-frame start ↓  exit-frame start →   cyan = chosen optimal)

  Each cell = best frame pair starting in that 30-min bucket (best over all durations).

  1) WIN RATE %  (wins ÷ trades)
    Entry |   9:30  10:00  10:30  11:00  11:30  12:00  12:30   1:00   1:30   2:00   2:30   3:00   3:30
  --------+-------------------------------------------------------------------------------------------
     9:30 |    39%    38%    38%    38%    38%    38%    39%    41%    43%    41%    41%    40%    38%
    10:00 |      ·    37%    45%    42%    47%    38%    40%    41%    41%    39%    40%    39%    37%
    10:30 |      ·      ·    42%    43%    45%    38%    47%    47%    48%    43%    38%    38%    39%
    11:00 |      ·      ·      ·    50%    47%    40%    41%    41%    42%    41%    36%    36%    30%
    11:30 |      ·      ·      ·      ·    50%    44%    42%    45%    45%    45%    38%    38%    35%
    12:00 |      ·      ·      ·      ·      ·    48%    45%    48%    45%    46%    42%    39%    36%
    12:30 |      ·      ·      ·      ·      ·      ·    46%    44%    44%    44%    43%    36%    36%
     1:00 |      ·      ·      ·      ·      ·      ·      ·    53%    51%    43%    40%    32%    34%
     1:30 |      ·      ·      ·      ·      ·      ·      ·      ·    51%    43%    37%    30%    33%
     2:00 |      ·      ·      ·      ·      ·      ·      ·      ·      ·    46%    44%    30%    37%
     2:30 |      ·      ·      ·      ·      ·      ·      ·      ·      ·      ·    44%    38%    39%
     3:00 |      ·      ·      ·      ·      ·      ·      ·      ·      ·      ·      ·    39%    43%
     3:30 |      ·      ·      ·      ·      ·      ·      ·      ·      ·      ·      ·      ·    39%

  2) WIN COUNT  (number of winning trades)
    Entry |   9:30  10:00  10:30  11:00  11:30  12:00  12:30   1:00   1:30   2:00   2:30   3:00   3:30
  --------+-------------------------------------------------------------------------------------------
     9:30 |     41     40     40     40     39     39     41     41     43     41     41     39     38
    10:00 |      ·     38     47     44     49     39     42     41     41     39     40     38     37
    10:30 |      ·      ·     44     45     47     40     49     47     48     43     38     37     39
    11:00 |      ·      ·      ·     52     49     42     43     41     42     41     36     36     30
    11:30 |      ·      ·      ·      ·     52     46     44     45     45     45     38     38     35
    12:00 |      ·      ·      ·      ·      ·     50     47     48     45     46     42     39     36
    12:30 |      ·      ·      ·      ·      ·      ·     47     44     43     44     43     36     36
     1:00 |      ·      ·      ·      ·      ·      ·      ·     53     50     43     40     32     34
     1:30 |      ·      ·      ·      ·      ·      ·      ·      ·     49     42     36     29     33
     2:00 |      ·      ·      ·      ·      ·      ·      ·      ·      ·     44     43     30     37
     2:30 |      ·      ·      ·      ·      ·      ·      ·      ·      ·      ·     43     37     39
     3:00 |      ·      ·      ·      ·      ·      ·      ·      ·      ·      ·      ·     38     43
     3:30 |      ·      ·      ·      ·      ·      ·      ·      ·      ·      ·      ·      ·     39

  3a) AVG P&L PER TRADE  ($ per contract)
    Entry |   9:30  10:00  10:30  11:00  11:30  12:00  12:30   1:00   1:30   2:00   2:30   3:00   3:30
  --------+-------------------------------------------------------------------------------------------
     9:30 |    +54    +61    +66    +72    +75    +79    +85    +91    +97    +94    +81    +65    +56
    10:00 |      ·    +45    +43    +54    +55    +58    +63    +69    +77    +73    +59    +35    +35
    10:30 |      ·      ·    +34    +40    +48    +44    +49    +55    +62    +58    +42    +17    +20
    11:00 |      ·      ·      ·    +25    +34    +27    +32    +36    +42    +38    +22     -9     +1
    11:30 |      ·      ·      ·      ·     +7    +23    +30    +36    +43    +34    +15    -21    -43
    12:00 |      ·      ·      ·      ·      ·    +28    +37    +37    +49    +40    +20    -12     +1
    12:30 |      ·      ·      ·      ·      ·      ·    +11    +15    +21    +12    -10    -42    -27
     1:00 |      ·      ·      ·      ·      ·      ·      ·    +13    +21    +11     -9    -45    -41
     1:30 |      ·      ·      ·      ·      ·      ·      ·      ·    +14     +6    -14    -52    -49
     2:00 |      ·      ·      ·      ·      ·      ·      ·      ·      ·     +1     -5    -40    -11
     2:30 |      ·      ·      ·      ·      ·      ·      ·      ·      ·      ·     -7    -10    +14
     3:00 |      ·      ·      ·      ·      ·      ·      ·      ·      ·      ·      ·     -4    +38
     3:30 |      ·      ·      ·      ·      ·      ·      ·      ·      ·      ·      ·      ·    +50

  3b) TOTAL P&L  ($ per contract, summed over all Fridays)
    Entry |    9:30   10:00   10:30   11:00   11:30   12:00   12:30    1:00    1:30    2:00    2:30    3:00    3:30
  --------+--------------------------------------------------------------------------------------------------------
     9:30 |   +5615   +6336   +6884   +7452   +7850   +8244   +8834   +9222   +9758   +9395   +8159   +6393   +5587
    10:00 |       ·   +4657   +4476   +5569   +5746   +6022   +6600   +6986   +7738   +7349   +5960   +3434   +3545
    10:30 |       ·       ·   +3524   +4174   +4942   +4545   +5088   +5509   +6254   +5797   +4240   +1688   +2002
    11:00 |       ·       ·       ·   +2626   +3524   +2797   +3340   +3672   +4284   +3816   +2187    -938     +65
    11:30 |       ·       ·       ·       ·    +719   +2346   +3143   +3626   +4304   +3353   +1508   -2102   -4262
    12:00 |       ·       ·       ·       ·       ·   +2866   +3836   +3743   +4808   +4030   +2065   -1234     +80
    12:30 |       ·       ·       ·       ·       ·       ·   +1143   +1488   +2046   +1174   -1037   -4151   -2674
     1:00 |       ·       ·       ·       ·       ·       ·       ·   +1321   +2087   +1110    -911   -4487   -4048
     1:30 |       ·       ·       ·       ·       ·       ·       ·       ·   +1346    +632   -1393   -5017   -4815
     2:00 |       ·       ·       ·       ·       ·       ·       ·       ·       ·    +110    -507   -4020   -1139
     2:30 |       ·       ·       ·       ·       ·       ·       ·       ·       ·       ·    -732    -937   +1380
     3:00 |       ·       ·       ·       ·       ·       ·       ·       ·       ·       ·       ·    -373   +3797
     3:30 |       ·       ·       ·       ·       ·       ·       ·       ·       ·       ·       ·       ·   +4976

──────────────────────────────────────────────────────────────────────────────────────
  TSLA CALLS — TOP 15 FRAME PAIRS (by win_rate × avg payoff)
──────────────────────────────────────────────────────────────────────────────────────
   #        Entry frame         Exit frame  Trades   Wins    Win%    Avg P&L     Total P&L
  --  -----------------  -----------------  ------  -----  ------  ---------  ------------
   1       9:40–9:45 AM       1:45–1:50 PM     101     43  42.6%    $+96.61    $+9,757.73
   2       9:40–9:45 AM       1:45–1:55 PM     101     41  40.6%    $+98.42    $+9,940.18
   3       9:40–9:45 AM       1:45–2:00 PM     101     41  40.6%    $+97.71    $+9,868.29
   4       9:40–9:45 AM       1:40–1:55 PM     101     41  40.6%    $+96.60    $+9,756.85
   5       9:40–9:45 AM       1:40–2:00 PM     101     41  40.6%    $+96.53    $+9,749.58
   6       9:30–9:35 AM       1:45–1:50 PM     101     41  40.6%    $+96.12    $+9,707.88
   7       9:30–9:45 AM       1:50–2:00 PM     101     41  40.6%    $+95.76    $+9,671.33
   8       9:30–9:35 AM       1:45–1:55 PM     101     40  39.6%    $+97.94    $+9,892.26
   9       9:30–9:35 AM       1:50–2:00 PM     101     40  39.6%    $+97.92    $+9,890.06
  10       9:30–9:45 AM       1:45–2:00 PM     101     41  40.6%    $+95.06    $+9,601.28
  11       9:40–9:45 AM       1:35–1:55 PM     101     41  40.6%    $+95.03    $+9,598.15
  12       9:30–9:45 AM       2:00–2:05 PM     100     41  41.0%    $+93.95    $+9,394.57
  13       9:30–9:35 AM       1:45–2:00 PM     101     40  39.6%    $+97.23    $+9,820.01
  14       9:40–9:45 AM       1:40–1:50 PM     101     41  40.6%    $+94.85    $+9,579.55
  15       9:40–9:45 AM       2:00–2:05 PM     100     40  40.0%    $+96.15    $+9,615.23


██████████████████████████████████████████████████████████████████████████████████████
  OUTLIERS REMOVED (winning trades > $2,000)  —  TSLA CALLS re-optimized
██████████████████████████████████████████████████████████████████████████████████████
  (chosen frames had no winning outliers)
======================================================================================
  TSLA CALLS
======================================================================================
  Optimal entry frame : 9:40–9:45 AM   (5 min)
  Optimal exit frame  : 1:45–1:52 PM   (7 min)
  Data source         : REAL prices

  Date           Strike  Src  Qty       Entry frame    Buy$        Exit frame   Sell$   P&L/sh      P&L $  Result
  ------------ -------- ---- ---- ----------------- ------- ----------------- ------- -------- ----------  ------
  2024-07-12      237.5 REAL    1      9:40–9:45 AM    6.26      1:45–1:52 PM   11.90   +5.644   $+564.40  WIN 
  2024-07-19      247.5 REAL    1      9:40–9:45 AM    2.22      1:45–1:52 PM    0.04   -2.178   $-217.83  LOSS
  2024-07-26      222.5 REAL    2      9:40–9:45 AM    0.87      1:45–1:52 PM    0.46   -0.405    $-81.03  LOSS
  2024-08-02      212.5 REAL    1      9:40–9:45 AM    4.05      1:45–1:52 PM    0.09   -3.968   $-396.83  LOSS
  2024-08-09      195.0 REAL    1      9:40–9:45 AM    3.86      1:45–1:52 PM    5.11   +1.257   $+125.73  WIN 
  2024-08-16      212.5 REAL    1      9:40–9:45 AM    4.86      1:45–1:52 PM    4.90   +0.036     $+3.63  WIN 
  2024-08-23      215.0 REAL    1      9:40–9:45 AM    3.23      1:45–1:52 PM    4.47   +1.242   $+124.20  WIN 
  2024-08-30      210.0 REAL    1      9:40–9:45 AM    1.19      1:45–1:52 PM    1.72   +0.529    $+52.91  WIN 
  2024-09-06      232.5 REAL    2      9:40–9:45 AM    0.65      1:45–1:52 PM    0.01   -0.638   $-127.60  LOSS
  2024-09-13      227.5 REAL    1      9:40–9:45 AM    5.41      1:45–1:52 PM    2.31   -3.101   $-310.14  LOSS
  2024-09-20      240.0 REAL    1      9:40–9:45 AM    2.50      1:45–1:52 PM    0.45   -2.057   $-205.69  LOSS
  2024-09-27      257.5 REAL    1      9:40–9:45 AM    1.69      1:45–1:52 PM    2.21   +0.519    $+51.89  WIN 
  2024-10-04      247.5 REAL    1      9:40–9:45 AM    2.63      1:45–1:52 PM    2.38   -0.244    $-24.37  LOSS
  2024-10-11      220.0 REAL    1      9:40–9:45 AM    2.35      1:45–1:52 PM    0.81   -1.538   $-153.77  LOSS
  2024-10-18      220.0 REAL    1      9:40–9:45 AM    1.93      1:45–1:52 PM    1.42   -0.514    $-51.40  LOSS
  2024-10-25      257.5 REAL    1      9:40–9:45 AM    7.58      1:45–1:52 PM    9.40   +1.820   $+182.00  WIN 
  2024-11-01      252.5 REAL    1      9:40–9:45 AM    2.34      1:45–1:52 PM    0.04   -2.299   $-229.89  LOSS
  2024-11-08      300.0 REAL    1      9:40–9:45 AM    5.60      1:45–1:52 PM   24.66  +19.065  $+1906.49  WIN 
  2024-11-15      310.0 REAL    1      9:40–9:45 AM    6.40      1:45–1:52 PM    7.92   +1.517   $+151.67  WIN 
  2024-11-22      342.5 REAL    1      9:40–9:45 AM    2.77      1:45–1:52 PM   10.80   +8.028   $+802.80  WIN 
  2024-11-29      335.0 REAL    —      9:40–9:45 AM       —      1:45–1:52 PM       —        —          —  skip
  2024-12-06      375.0 REAL    1      9:40–9:45 AM    3.22      1:45–1:52 PM    2.37   -0.852    $-85.20  LOSS
  2024-12-13      417.5 REAL    1      9:40–9:45 AM    4.88      1:45–1:52 PM   14.07   +9.186   $+918.60  WIN 
  2024-12-20      427.5 REAL    1      9:40–9:45 AM    5.22      1:45–1:52 PM   13.50   +8.281   $+828.07  WIN 
  2024-12-27      447.5 REAL    1      9:40–9:45 AM    2.74      1:45–1:52 PM    0.14   -2.603   $-260.29  LOSS
  2025-01-03      380.0 REAL    1      9:40–9:45 AM    8.59      1:45–1:52 PM   21.92  +13.336  $+1333.65  WIN 
  2025-01-10      390.0 REAL    1      9:40–9:45 AM    7.92      1:45–1:52 PM    6.76   -1.162   $-116.23  LOSS
  2025-01-17      422.5 REAL    1      9:40–9:45 AM    5.53      1:45–1:52 PM   15.56  +10.029  $+1002.93  WIN 
  2025-01-24      415.0 REAL    1      9:40–9:45 AM    3.94      1:45–1:52 PM    0.28   -3.661   $-366.14  LOSS
  2025-01-31      402.5 REAL    1      9:40–9:45 AM   10.17      1:45–1:52 PM   11.03   +0.860    $+86.00  WIN 
  2025-02-07      372.5 REAL    1      9:40–9:45 AM    5.02      1:45–1:52 PM    0.35   -4.667   $-466.71  LOSS
  2025-02-14      360.0 REAL    1      9:40–9:45 AM    1.82      1:45–1:52 PM    0.24   -1.579   $-157.94  LOSS
  2025-02-21      352.5 REAL    1      9:40–9:45 AM    2.58      1:45–1:52 PM    0.07   -2.509   $-250.86  LOSS
  2025-02-28      277.5 REAL    1      9:40–9:45 AM    6.16      1:45–1:52 PM    9.78   +3.622   $+362.20  WIN 
  2025-03-07      262.5 REAL    1      9:40–9:45 AM    5.09      1:45–1:52 PM    2.49   -2.597   $-259.74  LOSS
  2025-03-14      247.5 REAL    1      9:40–9:45 AM    3.31      1:45–1:52 PM    1.94   -1.365   $-136.51  LOSS
  2025-03-21      237.5 REAL    1      9:40–9:45 AM    5.80      1:45–1:52 PM    9.81   +4.015   $+401.54  WIN 
  2025-03-28      275.0 REAL    1      9:40–9:45 AM    3.04      1:45–1:52 PM    0.05   -2.983   $-298.31  LOSS
  2025-04-04      260.0 REAL    1      9:40–9:45 AM    1.67      1:45–1:52 PM    0.05   -1.619   $-161.93  LOSS
  2025-04-11      252.5 REAL    1      9:40–9:45 AM    6.16      1:45–1:52 PM    1.34   -4.824   $-482.43  LOSS
  2025-04-18      242.5 REAL    1      9:40–9:45 AM    2.70      1:45–1:52 PM    0.73   -1.964   $-196.37  LOSS
  2025-04-25      262.5 REAL    1      9:40–9:45 AM    3.99      1:45–1:52 PM   20.21  +16.224  $+1622.40  WIN 
  2025-05-02      287.5 REAL    1      9:40–9:45 AM    2.25      1:45–1:52 PM    6.49   +4.241   $+424.11  WIN 
  2025-05-09      292.5 REAL    1      9:40–9:45 AM    7.62      1:45–1:52 PM    7.70   +0.081     $+8.06  WIN 
  2025-05-16      347.5 REAL    1      9:40–9:45 AM    4.29      1:45–1:52 PM    1.68   -2.611   $-261.06  LOSS
  2025-05-23      335.0 REAL    1      9:40–9:45 AM    5.05      1:45–1:52 PM    7.00   +1.946   $+194.57  WIN 
  2025-05-30      357.5 REAL    1      9:40–9:45 AM    2.90      1:45–1:52 PM    0.20   -2.695   $-269.46  LOSS
  2025-06-06      295.0 REAL    1      9:40–9:45 AM    7.49      1:45–1:52 PM    6.25   -1.241   $-124.14  LOSS
  2025-06-13      315.0 REAL    1      9:40–9:45 AM    4.75      1:45–1:52 PM   16.42  +11.672  $+1167.23  WIN 
  2025-06-20      327.5 REAL    1      9:40–9:45 AM    2.92      1:45–1:52 PM    0.14   -2.777   $-277.74  LOSS
  2025-06-27      322.5 REAL    1      9:40–9:45 AM    3.39      1:45–1:52 PM    1.50   -1.885   $-188.46  LOSS
  2025-07-04      317.5 REAL    —      9:40–9:45 AM       —      1:45–1:52 PM       —        —          —  skip
  2025-07-11      307.5 REAL    1      9:40–9:45 AM    2.18      1:45–1:52 PM    3.24   +1.067   $+106.69  WIN 
  2025-07-18      322.5 REAL    1      9:40–9:45 AM    3.35      1:45–1:52 PM    5.13   +1.779   $+177.93  WIN 
  2025-07-25      310.0 REAL    1      9:40–9:45 AM    3.16      1:45–1:52 PM    7.71   +4.553   $+455.34  WIN 
  2025-08-01      307.5 REAL    1      9:40–9:45 AM    1.19      1:45–1:52 PM    0.29   -0.896    $-89.60  LOSS
  2025-08-08      322.5 REAL    1      9:40–9:45 AM    6.73      1:45–1:52 PM    7.12   +0.384    $+38.40  WIN 
  2025-08-15      337.5 REAL    1      9:40–9:45 AM    1.59      1:45–1:52 PM    0.07   -1.516   $-151.60  LOSS
  2025-08-22      317.5 REAL    1      9:40–9:45 AM    7.79      1:45–1:52 PM   20.80  +13.014  $+1301.40  WIN 
  2025-08-29      347.5 REAL    1      9:40–9:45 AM    1.99      1:45–1:52 PM    0.01   -1.978   $-197.80  LOSS
  2025-09-05      350.0 REAL    1      9:40–9:45 AM    4.49      1:45–1:52 PM    1.65   -2.842   $-284.20  LOSS
  2025-09-12      372.5 REAL    1      9:40–9:45 AM    7.35      1:45–1:52 PM   21.83  +14.484  $+1448.40  WIN 
  2025-09-19      425.0 REAL    1      9:40–9:45 AM    5.02      1:45–1:52 PM    0.88   -4.141   $-414.14  LOSS
  2025-09-26      427.5 REAL    1      9:40–9:45 AM    4.55      1:45–1:52 PM    5.95   +1.402   $+140.20  WIN 
  2025-10-03      442.5 REAL    1      9:40–9:45 AM    3.06      1:45–1:52 PM    0.02   -3.046   $-304.63  LOSS
  2025-10-10      437.5 REAL    1      9:40–9:45 AM    4.47      1:45–1:52 PM    0.03   -4.441   $-444.10  LOSS
  2025-10-17      425.0 REAL    1      9:40–9:45 AM    5.90      1:45–1:52 PM   12.70   +6.804   $+680.37  WIN 
  2025-10-24      447.5 REAL    1      9:40–9:45 AM    2.53      1:45–1:52 PM    0.09   -2.443   $-244.34  LOSS
  2025-10-31      447.5 REAL    1      9:40–9:45 AM    4.70      1:45–1:52 PM    2.30   -2.400   $-239.97  LOSS
  2025-11-07      435.0 REAL    1      9:40–9:45 AM    3.64      1:45–1:52 PM    0.65   -2.989   $-298.86  LOSS
  2025-11-14      390.0 REAL    1      9:40–9:45 AM    6.21      1:45–1:52 PM   15.87   +9.655   $+965.55  WIN 
  2025-11-21      400.0 REAL    1      9:40–9:45 AM    4.97      1:45–1:52 PM    2.56   -2.403   $-240.31  LOSS
  2025-11-28      430.0 REAL    —      9:40–9:45 AM       —      1:45–1:52 PM       —        —          —  skip
  2025-12-05      455.0 REAL    1      9:40–9:45 AM    3.40      1:45–1:52 PM    1.10   -2.295   $-229.51  LOSS
  2025-12-12      452.5 REAL    1      9:40–9:45 AM    7.31      1:45–1:52 PM    3.57   -3.736   $-373.57  LOSS
  2025-12-19      487.5 REAL    1      9:40–9:45 AM    2.64      1:45–1:52 PM    0.38   -2.264   $-226.40  LOSS
  2025-12-26      487.5 REAL    1      9:40–9:45 AM    1.58      1:45–1:52 PM    0.05   -1.534   $-153.43  LOSS
  2026-01-02      457.5 REAL    1      9:40–9:45 AM    1.01      1:45–1:52 PM    0.01   -1.002   $-100.20  LOSS
  2026-01-09      432.5 REAL    1      9:40–9:45 AM    4.49      1:45–1:52 PM   15.00  +10.510  $+1051.00  WIN 
  2026-01-16      442.5 REAL    1      9:40–9:45 AM    4.97      1:45–1:52 PM    0.35   -4.625   $-462.49  LOSS
  2026-01-23      447.5 REAL    1      9:40–9:45 AM    2.04      1:45–1:52 PM    0.72   -1.313   $-131.31  LOSS
  2026-01-30      430.0 REAL    1      9:40–9:45 AM    1.98      1:45–1:52 PM    4.61   +2.634   $+263.43  WIN 
  2026-02-06      400.0 REAL    1      9:40–9:45 AM    5.68      1:45–1:52 PM   12.68   +7.001   $+700.11  WIN 
  2026-02-13      415.0 REAL    1      9:40–9:45 AM    2.55      1:45–1:52 PM    8.69   +6.145   $+614.49  WIN 
  2026-02-20      407.5 REAL    1      9:40–9:45 AM    4.16      1:45–1:52 PM    5.54   +1.376   $+137.57  WIN 
  2026-02-27      402.5 REAL    1      9:40–9:45 AM    3.24      1:45–1:52 PM    0.32   -2.918   $-291.77  LOSS
  2026-03-06      397.5 REAL    1      9:40–9:45 AM    2.49      1:45–1:52 PM    2.67   +0.180    $+18.00  WIN 
  2026-03-13      397.5 REAL    1      9:40–9:45 AM    2.92      1:45–1:52 PM    0.25   -2.665   $-266.46  LOSS
  2026-03-20      377.5 REAL    1      9:40–9:45 AM    2.01      1:45–1:52 PM    0.06   -1.953   $-195.34  LOSS
  2026-03-27      370.0 REAL    2      9:40–9:45 AM    0.97      1:45–1:52 PM    0.02   -0.948   $-189.67  LOSS
  2026-04-03      365.0 REAL    1      9:40–9:45 AM    4.54      1:45–1:52 PM    0.32   -4.221   $-422.11  LOSS
  2026-04-10      347.5 REAL    1      9:40–9:45 AM    2.57      1:45–1:52 PM    0.20   -2.376   $-237.63  LOSS
  2026-04-17      395.0 REAL    1      9:40–9:45 AM    3.31      1:45–1:52 PM    6.94   +3.627   $+362.71  WIN 
  2026-04-24      375.0 REAL    1      9:40–9:45 AM    5.76      1:45–1:52 PM    1.79   -3.968   $-396.80  LOSS
  2026-05-01      385.0 REAL    1      9:40–9:45 AM    1.83      1:45–1:52 PM   11.92  +10.086  $+1008.63  WIN 
  2026-05-08      420.0 REAL    1      9:40–9:45 AM    3.86      1:45–1:52 PM    7.29   +3.428   $+342.80  WIN 
  2026-05-15      432.5 REAL    1      9:40–9:45 AM    2.34      1:45–1:52 PM    0.38   -1.959   $-195.91  LOSS
  2026-05-22      425.0 REAL    1      9:40–9:45 AM    2.43      1:45–1:52 PM    5.41   +2.980   $+298.03  WIN 
  2026-05-29      437.5 REAL    1      9:40–9:45 AM    4.47      1:45–1:52 PM    1.77   -2.693   $-269.31  LOSS
  2026-06-05      422.5 REAL    1      9:40–9:45 AM    1.30      1:45–1:52 PM    0.02   -1.284   $-128.40  LOSS
  2026-06-12      400.0 REAL    1      9:40–9:45 AM    5.33      1:45–1:52 PM    3.53   -1.802   $-180.20  LOSS
  2026-06-19      397.5 REAL    1      9:40–9:45 AM    1.12      1:45–1:52 PM    1.13   +0.002     $+0.17  WIN 
  2026-06-26      370.0 REAL    1      9:40–9:45 AM    4.54      1:45–1:52 PM   15.85  +11.310  $+1131.00  WIN 
  2026-07-03      427.5 REAL    2      9:40–9:45 AM    0.91      1:45–1:52 PM    0.01   -0.896   $-179.20  LOSS

  SUMMARY (optimal frames)  trades: 101   wins: 43/101   win rate: 42.6%   total P&L: $+9,859.97   avg/trade: $+97.62
           best day: $+1906.49   worst day: $-482.43   skipped (no data): 3
           premium spent: $39,456.40   return on spend: +25.0%

  TSLA CALLS — HEATMAPS   (entry-frame start ↓  exit-frame start →   cyan = chosen optimal)

  Each cell = best frame pair starting in that 30-min bucket (best over all durations).

  1) WIN RATE %  (wins ÷ trades)
    Entry |   9:30  10:00  10:30  11:00  11:30  12:00  12:30   1:00   1:30   2:00   2:30   3:00   3:30
  --------+-------------------------------------------------------------------------------------------
     9:30 |    39%    38%    38%    38%    38%    38%    39%    41%    43%    41%    38%    40%    37%
    10:00 |      ·    37%    45%    42%    47%    38%    40%    41%    41%    39%    40%    39%    36%
    10:30 |      ·      ·    42%    43%    45%    38%    47%    47%    48%    43%    38%    38%    38%
    11:00 |      ·      ·      ·    50%    47%    40%    41%    41%    42%    41%    36%    36%    35%
    11:30 |      ·      ·      ·      ·    50%    44%    42%    45%    45%    45%    38%    38%    35%
    12:00 |      ·      ·      ·      ·      ·    48%    45%    48%    45%    46%    42%    39%    36%
    12:30 |      ·      ·      ·      ·      ·      ·    46%    44%    44%    44%    43%    36%    36%
     1:00 |      ·      ·      ·      ·      ·      ·      ·    53%    51%    43%    40%    32%    34%
     1:30 |      ·      ·      ·      ·      ·      ·      ·      ·    51%    43%    37%    30%    33%
     2:00 |      ·      ·      ·      ·      ·      ·      ·      ·      ·    46%    44%    30%    37%
     2:30 |      ·      ·      ·      ·      ·      ·      ·      ·      ·      ·    44%    38%    39%
     3:00 |      ·      ·      ·      ·      ·      ·      ·      ·      ·      ·      ·    39%    43%
     3:30 |      ·      ·      ·      ·      ·      ·      ·      ·      ·      ·      ·      ·    39%

  2) WIN COUNT  (number of winning trades)
    Entry |   9:30  10:00  10:30  11:00  11:30  12:00  12:30   1:00   1:30   2:00   2:30   3:00   3:30
  --------+-------------------------------------------------------------------------------------------
     9:30 |     41     40     40     40     39     39     41     41     43     41     38     39     37
    10:00 |      ·     38     47     44     49     39     42     41     41     39     40     38     36
    10:30 |      ·      ·     44     45     47     40     49     47     48     43     38     37     38
    11:00 |      ·      ·      ·     52     49     42     43     41     42     41     36     36     34
    11:30 |      ·      ·      ·      ·     52     46     44     45     45     45     38     38     35
    12:00 |      ·      ·      ·      ·      ·     50     47     48     45     46     42     39     36
    12:30 |      ·      ·      ·      ·      ·      ·     47     44     43     44     43     36     36
     1:00 |      ·      ·      ·      ·      ·      ·      ·     53     50     43     40     32     34
     1:30 |      ·      ·      ·      ·      ·      ·      ·      ·     49     42     36     29     33
     2:00 |      ·      ·      ·      ·      ·      ·      ·      ·      ·     44     43     30     37
     2:30 |      ·      ·      ·      ·      ·      ·      ·      ·      ·      ·     43     37     39
     3:00 |      ·      ·      ·      ·      ·      ·      ·      ·      ·      ·      ·     38     43
     3:30 |      ·      ·      ·      ·      ·      ·      ·      ·      ·      ·      ·      ·     39

  3a) AVG P&L PER TRADE  ($ per contract)
    Entry |   9:30  10:00  10:30  11:00  11:30  12:00  12:30   1:00   1:30   2:00   2:30   3:00   3:30
  --------+-------------------------------------------------------------------------------------------
     9:30 |    +54    +61    +66    +72    +75    +79    +85    +91    +97    +94    +81    +65    +32
    10:00 |      ·    +45    +43    +54    +55    +58    +63    +69    +77    +73    +59    +35    +14
    10:30 |      ·      ·    +34    +40    +48    +44    +49    +55    +62    +58    +42    +17     -4
    11:00 |      ·      ·      ·    +25    +34    +27    +32    +36    +42    +38    +22     -9    -53
    11:30 |      ·      ·      ·      ·     +7    +23    +30    +36    +43    +34    +15    -21    -43
    12:00 |      ·      ·      ·      ·      ·    +28    +37    +37    +49    +40    +20    -12     +1
    12:30 |      ·      ·      ·      ·      ·      ·    +11    +15    +21    +12    -10    -42    -27
     1:00 |      ·      ·      ·      ·      ·      ·      ·    +13    +21    +11     -9    -45    -41
     1:30 |      ·      ·      ·      ·      ·      ·      ·      ·    +14     +6    -14    -52    -49
     2:00 |      ·      ·      ·      ·      ·      ·      ·      ·      ·     +1     -5    -40    -11
     2:30 |      ·      ·      ·      ·      ·      ·      ·      ·      ·      ·     -7    -10    +14
     3:00 |      ·      ·      ·      ·      ·      ·      ·      ·      ·      ·      ·     -4    +38
     3:30 |      ·      ·      ·      ·      ·      ·      ·      ·      ·      ·      ·      ·    +50

  3b) TOTAL P&L  ($ per contract, summed over all Fridays)
    Entry |    9:30   10:00   10:30   11:00   11:30   12:00   12:30    1:00    1:30    2:00    2:30    3:00    3:30
  --------+--------------------------------------------------------------------------------------------------------
     9:30 |   +5615   +6336   +6884   +7452   +7850   +8244   +8834   +9222   +9758   +9395   +8181   +6393   +3196
    10:00 |       ·   +4657   +4476   +5569   +5746   +6022   +6600   +6986   +7738   +7349   +5960   +3434   +1416
    10:30 |       ·       ·   +3524   +4174   +4942   +4545   +5088   +5509   +6254   +5797   +4240   +1688    -386
    11:00 |       ·       ·       ·   +2626   +3524   +2797   +3340   +3672   +4284   +3816   +2187    -938   -5157
    11:30 |       ·       ·       ·       ·    +719   +2346   +3143   +3626   +4304   +3353   +1508   -2102   -4262
    12:00 |       ·       ·       ·       ·       ·   +2866   +3836   +3743   +4808   +4030   +2065   -1234     +80
    12:30 |       ·       ·       ·       ·       ·       ·   +1143   +1488   +2046   +1174   -1037   -4151   -2674
     1:00 |       ·       ·       ·       ·       ·       ·       ·   +1321   +2087   +1110    -911   -4487   -4048
     1:30 |       ·       ·       ·       ·       ·       ·       ·       ·   +1346    +632   -1393   -5017   -4815
     2:00 |       ·       ·       ·       ·       ·       ·       ·       ·       ·    +110    -507   -4020   -1139
     2:30 |       ·       ·       ·       ·       ·       ·       ·       ·       ·       ·    -732    -937   +1380
     3:00 |       ·       ·       ·       ·       ·       ·       ·       ·       ·       ·       ·    -373   +3797
     3:30 |       ·       ·       ·       ·       ·       ·       ·       ·       ·       ·       ·       ·   +4976

──────────────────────────────────────────────────────────────────────────────────────
  TSLA CALLS — TOP 15 FRAME PAIRS (by win_rate × avg payoff)
──────────────────────────────────────────────────────────────────────────────────────
   #        Entry frame         Exit frame  Trades   Wins    Win%    Avg P&L     Total P&L
  --  -----------------  -----------------  ------  -----  ------  ---------  ------------
   1       9:40–9:45 AM       1:45–1:50 PM     101     43  42.6%    $+96.61    $+9,757.73
   2       9:40–9:45 AM       1:45–1:55 PM     101     41  40.6%    $+98.42    $+9,940.18
   3       9:40–9:45 AM       1:45–2:00 PM     101     41  40.6%    $+97.71    $+9,868.29
   4       9:40–9:45 AM       1:40–1:55 PM     101     41  40.6%    $+96.60    $+9,756.85
   5       9:40–9:45 AM       1:40–2:00 PM     101     41  40.6%    $+96.53    $+9,749.58
   6       9:30–9:45 AM       1:50–2:00 PM     101     41  40.6%    $+95.76    $+9,671.33
   7       9:30–9:45 AM       1:45–2:00 PM     101     41  40.6%    $+95.06    $+9,601.28
   8       9:40–9:45 AM       1:35–1:55 PM     101     41  40.6%    $+95.03    $+9,598.15
   9       9:30–9:45 AM       2:00–2:05 PM     100     41  41.0%    $+93.95    $+9,394.57
  10       9:40–9:45 AM       1:40–1:50 PM     101     41  40.6%    $+94.85    $+9,579.55
  11       9:40–9:45 AM       2:00–2:05 PM     100     40  40.0%    $+96.15    $+9,615.23
  12       9:40–9:45 AM       1:35–2:05 PM     101     41  40.6%    $+94.27    $+9,521.71
  13       9:30–9:45 AM       1:40–1:55 PM     101     41  40.6%    $+93.98    $+9,491.48
  14       9:35–9:45 AM       1:45–1:50 PM     101     42  41.6%    $+91.61    $+9,252.18
  15       9:30–9:50 AM       1:45–1:55 PM     101     41  40.6%    $+93.82    $+9,475.76

──────────────────────────────────────────────────────────────────────────────────────
  Saved CSV: C:\actions-runner\_work\EoD_OptionTrading\EoD_OptionTrading\results\friday_intraday\backtest_friday_intraday_timeframe_calls_730days_2026-07-09_1615.csv
  Saved TXT: C:\actions-runner\_work\EoD_OptionTrading\EoD_OptionTrading\results\friday_intraday\backtest_friday_intraday_timeframe_calls_730days_2026-07-09_1615.txt
  Saved TXT (outliers removed): C:\actions-runner\_work\EoD_OptionTrading\EoD_OptionTrading\results\friday_intraday\backtest_friday_intraday_timeframe_calls_730days_2026-07-09_1615_outliers_removed.txt
──────────────────────────────────────────────────────────────────────────────────────


██████████████████████████████████████████████████████████████████████████████████████
  TSLA PUTS
██████████████████████████████████████████████████████████████████████████████████████
======================================================================================
  TSLA PUTS
======================================================================================
  Optimal entry frame : 3:06–3:11 PM   (5 min)
  Optimal exit frame  : 3:55–4:00 PM   (5 min)
  Data source         : REAL prices

  Date           Strike  Src  Qty       Entry frame    Buy$        Exit frame   Sell$   P&L/sh      P&L $  Result
  ------------ -------- ---- ---- ----------------- ------- ----------------- ------- -------- ----------  ------
  2024-07-12      237.5 REAL  100      3:06–3:11 PM    0.01      3:55–4:00 PM    0.01   +0.000     $+0.00  LOSS
  2024-07-19      247.5 REAL    1      3:06–3:11 PM    7.31      3:55–4:00 PM    7.97   +0.662    $+66.25  WIN 
  2024-07-26      222.5 REAL    1      3:06–3:11 PM    3.01      3:55–4:00 PM    2.99   -0.022     $-2.25  LOSS
  2024-08-02      212.5 REAL    1      3:06–3:11 PM    6.12      3:55–4:00 PM    4.83   -1.290   $-129.00  LOSS
  2024-08-09      195.0 REAL   84      3:06–3:11 PM    0.01      3:55–4:00 PM    0.01   -0.002    $-16.80  LOSS
  2024-08-16      212.5 REAL   30      3:06–3:11 PM    0.03      3:55–4:00 PM    0.01   -0.024    $-72.00  LOSS
  2024-08-23      215.0 REAL   84      3:06–3:11 PM    0.01      3:55–4:00 PM    0.01   -0.002    $-16.80  LOSS
  2024-08-30      210.0 REAL   10      3:06–3:11 PM    0.10      3:55–4:00 PM    0.01   -0.094    $-94.00  LOSS
  2024-09-06      232.5 REAL    1      3:06–3:11 PM   18.20      3:55–4:00 PM   20.80   +2.600   $+260.00  WIN 
  2024-09-13      227.5 REAL   11      3:06–3:11 PM    0.09      3:55–4:00 PM    0.01   -0.084    $-92.40  LOSS
  2024-09-20      240.0 REAL    1      3:06–3:11 PM    1.16      3:55–4:00 PM    1.48   +0.322    $+32.20  WIN 
  2024-09-27      257.5 REAL   14      3:06–3:11 PM    0.07      3:55–4:00 PM    0.01   -0.064    $-89.60  LOSS
  2024-10-04      247.5 REAL    8      3:06–3:11 PM    0.14      3:55–4:00 PM    0.01   -0.132   $-105.60  LOSS
  2024-10-11      220.0 REAL    1      3:06–3:11 PM    1.35      3:55–4:00 PM    2.15   +0.808    $+80.80  WIN 
  2024-10-18      220.0 REAL   22      3:06–3:11 PM    0.05      3:55–4:00 PM    0.01   -0.034    $-74.80  LOSS
  2024-10-25      257.5 REAL    —      3:06–3:11 PM       —      3:55–4:00 PM       —        —          —  skip
  2024-11-01      252.5 REAL    1      3:06–3:11 PM    4.01      3:55–4:00 PM    3.48   -0.528    $-52.80  LOSS
  2024-11-08      300.0 REAL  100      3:06–3:11 PM    0.01      3:55–4:00 PM    0.01   +0.000     $+0.00  LOSS
  2024-11-15      310.0 REAL   84      3:06–3:11 PM    0.01      3:55–4:00 PM    0.01   -0.002    $-16.80  LOSS
  2024-11-22      342.5 REAL   67      3:06–3:11 PM    0.01      3:55–4:00 PM    0.01   -0.005    $-33.50  LOSS
  2024-11-29      335.0 REAL    —      3:06–3:11 PM       —      3:55–4:00 PM       —        —          —  skip
  2024-12-06      375.0 REAL    9      3:06–3:11 PM    0.12      3:55–4:00 PM    0.01   -0.106    $-95.40  LOSS
  2024-12-13      417.5 REAL   50      3:06–3:11 PM    0.02      3:55–4:00 PM    0.01   -0.010    $-50.00  LOSS
  2024-12-20      427.5 REAL   21      3:06–3:11 PM    0.05      3:55–4:00 PM    5.63   +5.584 $+11726.40  WIN 
  2024-12-27      447.5 REAL    1      3:06–3:11 PM   15.41      3:55–4:00 PM   16.28   +0.877    $+87.67  WIN 
  2025-01-03      380.0 REAL  101      3:06–3:11 PM    0.01      3:55–4:00 PM    0.01   +0.000     $+0.00  LOSS
  2025-01-10      390.0 REAL    9      3:06–3:11 PM    0.12      3:55–4:00 PM    0.01   -0.103    $-92.70  LOSS
  2025-01-17      422.5 REAL   39      3:06–3:11 PM    0.03      3:55–4:00 PM    0.03   +0.008    $+31.20  WIN 
  2025-01-24      415.0 REAL    1      3:06–3:11 PM    5.84      3:55–4:00 PM    8.24   +2.408   $+240.80  WIN 
  2025-01-31      402.5 REAL    1      3:06–3:11 PM    1.79      3:55–4:00 PM    0.14   -1.652   $-165.20  LOSS
  2025-02-07      372.5 REAL    1      3:06–3:11 PM    9.70      3:55–4:00 PM   10.71   +1.012   $+101.20  WIN 
  2025-02-14      360.0 REAL    1      3:06–3:11 PM    6.11      3:55–4:00 PM    4.05   -2.066   $-206.60  LOSS
  2025-02-21      352.5 REAL    1      3:06–3:11 PM   14.46      3:55–4:00 PM   14.73   +0.273    $+27.25  WIN 
  2025-02-28      277.5 REAL   39      3:06–3:11 PM    0.03      3:55–4:00 PM    0.01   -0.016    $-62.40  LOSS
  2025-03-07      262.5 REAL    1      3:06–3:11 PM    1.48      3:55–4:00 PM    0.55   -0.932    $-93.20  LOSS
  2025-03-14      247.5 REAL   10      3:06–3:11 PM    0.10      3:55–4:00 PM    0.01   -0.094    $-94.00  LOSS
  2025-03-21      237.5 REAL   42      3:06–3:11 PM    0.02      3:55–4:00 PM    0.01   -0.014    $-58.80  LOSS
  2025-03-28      275.0 REAL    1      3:06–3:11 PM   10.95      3:55–4:00 PM   11.15   +0.204    $+20.40  WIN 
  2025-04-04      260.0 REAL    1      3:06–3:11 PM   20.30      3:55–4:00 PM   20.35   +0.052     $+5.25  WIN 
  2025-04-11      252.5 REAL    1      3:06–3:11 PM    3.95      3:55–4:00 PM    0.98   -2.968   $-296.80  LOSS
  2025-04-18      242.5 REAL    1      3:06–3:11 PM    2.50      3:55–4:00 PM    1.45   -1.054   $-105.40  LOSS
  2025-04-25      262.5 REAL  101      3:06–3:11 PM    0.01      3:55–4:00 PM    0.01   +0.000     $+0.00  LOSS
  2025-05-02      287.5 REAL    4      3:06–3:11 PM    0.25      3:55–4:00 PM    0.46   +0.208    $+83.20  WIN 
  2025-05-09      292.5 REAL   23      3:06–3:11 PM    0.04      3:55–4:00 PM    0.01   -0.034    $-78.20  LOSS
  2025-05-16      347.5 REAL    2      3:06–3:11 PM    0.68      3:55–4:00 PM    0.02   -0.662   $-132.40  LOSS
  2025-05-23      335.0 REAL   14      3:06–3:11 PM    0.07      3:55–4:00 PM    0.01   -0.060    $-84.00  LOSS
  2025-05-30      357.5 REAL    1      3:06–3:11 PM    6.00      3:55–4:00 PM   10.76   +4.756   $+475.60  WIN 
  2025-06-06      295.0 REAL    7      3:06–3:11 PM    0.15      3:55–4:00 PM    0.44   +0.292   $+204.40  WIN 
  2025-06-13      315.0 REAL   28      3:06–3:11 PM    0.04      3:55–4:00 PM    0.01   -0.022    $-61.60  LOSS
  2025-06-20      327.5 REAL    1      3:06–3:11 PM    5.46      3:55–4:00 PM    5.35   -0.112    $-11.20  LOSS
  2025-06-27      322.5 REAL    1      3:06–3:11 PM    3.11      3:55–4:00 PM    0.04   -3.066   $-306.60  LOSS
  2025-07-04      317.5 REAL    —      3:06–3:11 PM       —      3:55–4:00 PM       —        —          —  skip
  2025-07-11      307.5 REAL   13      3:06–3:11 PM    0.08      3:55–4:00 PM    0.01   -0.063    $-81.90  LOSS
  2025-07-18      322.5 REAL   51      3:06–3:11 PM    0.02      3:55–4:00 PM    0.01   -0.010    $-51.00  LOSS
  2025-07-25      310.0 REAL   32      3:06–3:11 PM    0.03      3:55–4:00 PM    0.04   +0.008    $+25.60  WIN 
  2025-08-01      307.5 REAL    1      3:06–3:11 PM    5.10      3:55–4:00 PM    4.39   -0.712    $-71.20  LOSS
  2025-08-08      322.5 REAL   41      3:06–3:11 PM    0.03      3:55–4:00 PM    0.01   -0.015    $-61.50  LOSS
  2025-08-15      337.5 REAL    1      3:06–3:11 PM    9.06      3:55–4:00 PM    7.31   -1.752   $-175.15  LOSS
  2025-08-22      317.5 REAL   50      3:06–3:11 PM    0.02      3:55–4:00 PM    0.01   -0.010    $-50.00  LOSS
  2025-08-29      347.5 REAL    1      3:06–3:11 PM   15.27      3:55–4:00 PM   13.58   -1.692   $-169.25  LOSS
  2025-09-05      350.0 REAL    1      3:06–3:11 PM    1.50      3:55–4:00 PM    0.09   -1.410   $-141.00  LOSS
  2025-09-12      372.5 REAL  100      3:06–3:11 PM    0.01      3:55–4:00 PM    0.01   +0.000     $+0.00  LOSS
  2025-09-19      425.0 REAL    1      3:06–3:11 PM    1.21      3:55–4:00 PM    0.04   -1.166   $-116.60  LOSS
  2025-09-26      427.5 REAL   72      3:06–3:11 PM    0.01      3:55–4:00 PM    0.01   -0.004    $-28.80  LOSS
  2025-10-03      442.5 REAL    1      3:06–3:11 PM   17.39      3:55–4:00 PM   12.63   -4.760   $-476.00  LOSS
  2025-10-10      437.5 REAL    1      3:06–3:11 PM   19.39      3:55–4:00 PM   23.59   +4.200   $+420.00  WIN 
  2025-10-17      425.0 REAL   72      3:06–3:11 PM    0.01      3:55–4:00 PM    0.01   -0.004    $-28.80  LOSS
  2025-10-24      447.5 REAL    1      3:06–3:11 PM   15.06      3:55–4:00 PM   13.79   -1.271   $-127.13  LOSS
  2025-10-31      447.5 REAL    7      3:06–3:11 PM    0.15      3:55–4:00 PM    0.01   -0.140    $-98.00  LOSS
  2025-11-07      435.0 REAL    1      3:06–3:11 PM    1.52      3:55–4:00 PM    5.44   +3.920   $+392.00  WIN 
  2025-11-14      390.0 REAL  101      3:06–3:11 PM    0.01      3:55–4:00 PM    0.01   +0.000     $+0.00  LOSS
  2025-11-21      400.0 REAL    1      3:06–3:11 PM    3.09      3:55–4:00 PM    8.60   +5.504   $+550.40  WIN 
  2025-11-28      430.0 REAL    —      3:06–3:11 PM       —      3:55–4:00 PM       —        —          —  skip
  2025-12-05      455.0 REAL    2      3:06–3:11 PM    0.69      3:55–4:00 PM    0.31   -0.388    $-77.60  LOSS
  2025-12-12      452.5 REAL    2      3:06–3:11 PM    0.85      3:55–4:00 PM    0.01   -0.840   $-168.00  LOSS
  2025-12-19      487.5 REAL    1      3:06–3:11 PM    5.25      3:55–4:00 PM    6.19   +0.937    $+93.67  WIN 
  2025-12-26      487.5 REAL    1      3:06–3:11 PM    9.21      3:55–4:00 PM   11.76   +2.551   $+255.08  WIN 
  2026-01-02      457.5 REAL    1      3:06–3:11 PM   16.59      3:55–4:00 PM   19.49   +2.900   $+290.00  WIN 
  2026-01-09      432.5 REAL    —      3:06–3:11 PM       —      3:55–4:00 PM       —        —          —  skip
  2026-01-16      442.5 REAL    1      3:06–3:11 PM    2.51      3:55–4:00 PM    4.76   +2.246   $+224.60  WIN 
  2026-01-23      447.5 REAL    2      3:06–3:11 PM    0.60      3:55–4:00 PM    0.03   -0.570   $-114.00  LOSS
  2026-01-30      430.0 REAL    3      3:06–3:11 PM    0.42      3:55–4:00 PM    0.26   -0.156    $-46.80  LOSS
  2026-02-06      400.0 REAL   72      3:06–3:11 PM    0.01      3:55–4:00 PM    0.01   -0.004    $-28.80  LOSS
  2026-02-13      415.0 REAL    7      3:06–3:11 PM    0.15      3:55–4:00 PM    0.02   -0.122    $-85.40  LOSS
  2026-02-20      407.5 REAL   14      3:06–3:11 PM    0.07      3:55–4:00 PM    0.01   -0.062    $-86.80  LOSS
  2026-02-27      402.5 REAL    1      3:06–3:11 PM    3.27      3:55–4:00 PM    0.36   -2.919   $-291.90  LOSS
  2026-03-06      397.5 REAL    6      3:06–3:11 PM    0.19      3:55–4:00 PM    0.84   +0.650   $+390.00  WIN 
  2026-03-13      397.5 REAL    1      3:06–3:11 PM    5.60      3:55–4:00 PM    5.87   +0.264    $+26.40  WIN 
  2026-03-20      377.5 REAL    1      3:06–3:11 PM   10.13      3:55–4:00 PM    9.78   -0.356    $-35.60  LOSS
  2026-03-27      370.0 REAL    1      3:06–3:11 PM   10.18      3:55–4:00 PM    7.98   -2.204   $-220.40  LOSS
  2026-04-03      365.0 REAL    1      3:06–3:11 PM    4.52      3:55–4:00 PM    4.25   -0.272    $-27.20  LOSS
  2026-04-10      347.5 REAL    1      3:06–3:11 PM    1.46      3:55–4:00 PM    0.07   -1.388   $-138.80  LOSS
  2026-04-17      395.0 REAL   20      3:06–3:11 PM    0.05      3:55–4:00 PM    0.01   -0.038    $-76.00  LOSS
  2026-04-24      375.0 REAL    4      3:06–3:11 PM    0.32      3:55–4:00 PM    0.04   -0.286   $-114.40  LOSS
  2026-05-01      385.0 REAL  101      3:06–3:11 PM    0.01      3:55–4:00 PM    0.01   +0.000     $+0.00  LOSS
  2026-05-08      420.0 REAL   17      3:06–3:11 PM    0.06      3:55–4:00 PM    0.01   -0.052    $-88.40  LOSS
  2026-05-15      432.5 REAL    1      3:06–3:11 PM    7.63      3:55–4:00 PM   10.03   +2.398   $+239.80  WIN 
  2026-05-22      425.0 REAL    4      3:06–3:11 PM    0.29      3:55–4:00 PM    0.14   -0.154    $-61.60  LOSS
  2026-05-29      437.5 REAL    1      3:06–3:11 PM    2.89      3:55–4:00 PM    1.74   -1.154   $-115.40  LOSS
  2026-06-05      422.5 REAL    1      3:06–3:11 PM   32.07      3:55–4:00 PM   30.61   -1.458   $-145.75  LOSS
  2026-06-12      400.0 REAL    2      3:06–3:11 PM    0.54      3:55–4:00 PM    0.02   -0.520   $-104.00  LOSS
  2026-06-19      397.5 REAL    1      3:06–3:11 PM    3.45      3:55–4:00 PM    0.02   -3.430   $-343.00  LOSS
  2026-06-26      370.0 REAL   84      3:06–3:11 PM    0.01      3:55–4:00 PM    0.02   +0.008    $+67.20  WIN 
  2026-07-03      427.5 REAL    —      3:06–3:11 PM       —      3:55–4:00 PM       —        —          —  skip

  SUMMARY (optimal frames)  trades: 98   wins: 27/98   win rate: 27.6%   total P&L: $+9,580.34   avg/trade: $+97.76
           best day: $+11726.40   worst day: $-476.00   skipped (no data): 6
           premium spent: $40,807.58   return on spend: +23.5%

  TSLA PUTS — HEATMAPS   (entry-frame start ↓  exit-frame start →   cyan = chosen optimal)

  Each cell = best frame pair starting in that 30-min bucket (best over all durations).

  1) WIN RATE %  (wins ÷ trades)
    Entry |   9:30  10:00  10:30  11:00  11:30  12:00  12:30   1:00   1:30   2:00   2:30   3:00   3:30
  --------+-------------------------------------------------------------------------------------------
     9:30 |    45%    46%    43%    38%    33%    35%    31%    33%    30%    33%    32%    29%    30%
    10:00 |      ·    47%    47%    37%    32%    34%    32%    32%    29%    29%    29%    32%    30%
    10:30 |      ·      ·    46%    38%    40%    44%    35%    32%    31%    31%    30%    32%    31%
    11:00 |      ·      ·      ·    46%    44%    41%    33%    31%    32%    32%    30%    32%    33%
    11:30 |      ·      ·      ·      ·    50%    47%    35%    37%    33%    32%    33%    33%    35%
    12:00 |      ·      ·      ·      ·      ·    44%    40%    35%    34%    34%    33%    34%    35%
    12:30 |      ·      ·      ·      ·      ·      ·    39%    37%    34%    35%    33%    27%    31%
     1:00 |      ·      ·      ·      ·      ·      ·      ·    43%    41%    27%    30%    30%    28%
     1:30 |      ·      ·      ·      ·      ·      ·      ·      ·    43%    32%    34%    32%    30%
     2:00 |      ·      ·      ·      ·      ·      ·      ·      ·      ·    46%    37%    37%    26%
     2:30 |      ·      ·      ·      ·      ·      ·      ·      ·      ·      ·    38%    41%    29%
     3:00 |      ·      ·      ·      ·      ·      ·      ·      ·      ·      ·      ·    36%    25%
     3:30 |      ·      ·      ·      ·      ·      ·      ·      ·      ·      ·      ·      ·    26%

  2) WIN COUNT  (number of winning trades)
    Entry |   9:30  10:00  10:30  11:00  11:30  12:00  12:30   1:00   1:30   2:00   2:30   3:00   3:30
  --------+-------------------------------------------------------------------------------------------
     9:30 |     47     48     45     39     34     36     32     33     30     33     32     28     30
    10:00 |      ·     49     49     38     33     35     33     32     29     29     29     31     30
    10:30 |      ·      ·     48     39     42     46     36     32     31     31     30     31     31
    11:00 |      ·      ·      ·     48     45     42     34     31     32     32     30     31     33
    11:30 |      ·      ·      ·      ·     51     48     36     37     33     32     33     32     35
    12:00 |      ·      ·      ·      ·      ·     46     41     35     34     34     32     34     35
    12:30 |      ·      ·      ·      ·      ·      ·     40     37     34     35     33     26     30
     1:00 |      ·      ·      ·      ·      ·      ·      ·     43     41     27     29     29     27
     1:30 |      ·      ·      ·      ·      ·      ·      ·      ·     42     32     33     31     29
     2:00 |      ·      ·      ·      ·      ·      ·      ·      ·      ·     46     36     37     25
     2:30 |      ·      ·      ·      ·      ·      ·      ·      ·      ·      ·     38     41     28
     3:00 |      ·      ·      ·      ·      ·      ·      ·      ·      ·      ·      ·     36     24
     3:30 |      ·      ·      ·      ·      ·      ·      ·      ·      ·      ·      ·      ·     25

  3a) AVG P&L PER TRADE  ($ per contract)
    Entry |   9:30  10:00  10:30  11:00  11:30  12:00  12:30   1:00   1:30   2:00   2:30   3:00   3:30
  --------+-------------------------------------------------------------------------------------------
     9:30 |    +26    +52    +55    +29    +24    +23    +25    +28    +16    +17    +22    +30    +25
    10:00 |      ·    +40    +42    +17    +11    +10     +9    +13     +1     +3     +9    +10     +8
    10:30 |      ·      ·    -10     +6     -2     -2    -21    -12    -31    -37    -23    -14    -24
    11:00 |      ·      ·      ·     +2    +13    +13     +5     +5    -33    -33    -23    -17    -21
    11:30 |      ·      ·      ·      ·    +11    +11     +3     +3    -33    -37    -22    -18    -19
    12:00 |      ·      ·      ·      ·      ·     -2     +1     +3    -30    -30    -15    -19    -19
    12:30 |      ·      ·      ·      ·      ·      ·     +3     +5    -29    -29    -17     +2     +8
     1:00 |      ·      ·      ·      ·      ·      ·      ·     +3    -12     +3    +14    +20    +24
     1:30 |      ·      ·      ·      ·      ·      ·      ·      ·     +3     +5    +11     +6    +34
     2:00 |      ·      ·      ·      ·      ·      ·      ·      ·      ·     +5    +12     +4    +16
     2:30 |      ·      ·      ·      ·      ·      ·      ·      ·      ·      ·     +7     +4    +69
     3:00 |      ·      ·      ·      ·      ·      ·      ·      ·      ·      ·      ·    +14   +100
     3:30 |      ·      ·      ·      ·      ·      ·      ·      ·      ·      ·      ·      ·    +24

  3b) TOTAL P&L  ($ per contract, summed over all Fridays)
    Entry |    9:30   10:00   10:30   11:00   11:30   12:00   12:30    1:00    1:30    2:00    2:30    3:00    3:30
  --------+--------------------------------------------------------------------------------------------------------
     9:30 |   +2724   +5448   +5752   +2973   +2530   +2373   +2562   +2817   +1653   +1748   +2271   +2915   +2466
    10:00 |       ·   +4176   +4418   +1783   +1150   +1085    +986   +1277    +108    +326    +894   +1011    +747
    10:30 |       ·       ·   -1069    +631    -203    -194   -2125   -1159   -3180   -3765   -2307   -1345   -2402
    11:00 |       ·       ·       ·    +171   +1330   +1300    +517    +534   -3294   -3318   -2339   -1701   -2135
    11:30 |       ·       ·       ·       ·   +1099   +1137    +308    +329   -3361   -3677   -2166   -1807   -1915
    12:00 |       ·       ·       ·       ·       ·    -189     +78    +302   -2951   -2995   -1427   -1892   -1893
    12:30 |       ·       ·       ·       ·       ·       ·    +317    +467   -2857   -2940   -1759    +156    +808
     1:00 |       ·       ·       ·       ·       ·       ·       ·    +341   -1165    +336   +1354   +1899   +2313
     1:30 |       ·       ·       ·       ·       ·       ·       ·       ·    +339    +481   +1102    +634   +3320
     2:00 |       ·       ·       ·       ·       ·       ·       ·       ·       ·    +454   +1169    +391   +1616
     2:30 |       ·       ·       ·       ·       ·       ·       ·       ·       ·       ·    +734    +359   +6740
     3:00 |       ·       ·       ·       ·       ·       ·       ·       ·       ·       ·       ·   +1381   +9736
     3:30 |       ·       ·       ·       ·       ·       ·       ·       ·       ·       ·       ·       ·   +2283

──────────────────────────────────────────────────────────────────────────────────────
  TSLA PUTS — TOP 15 FRAME PAIRS (by win_rate × avg payoff)
──────────────────────────────────────────────────────────────────────────────────────
   #        Entry frame         Exit frame  Trades   Wins    Win%    Avg P&L     Total P&L
  --  -----------------  -----------------  ------  -----  ------  ---------  ------------
   1       3:05–3:10 PM       3:55–4:00 PM      97     24  24.7%   $+100.37    $+9,736.22
   2       9:50–9:55 AM     10:25–10:35 AM     104     48  46.2%    $+52.38    $+5,447.75
   3       9:50–9:55 AM     10:30–10:35 AM     104     45  43.3%    $+55.31    $+5,751.85
   4       9:45–9:55 AM     10:30–10:35 AM     104     44  42.3%    $+53.87    $+5,602.65
   5       9:35–9:40 AM     10:30–10:35 AM     104     44  42.3%    $+53.53    $+5,566.85
   6       9:35–9:40 AM     10:25–10:35 AM     104     46  44.2%    $+50.91    $+5,294.95
   7       9:45–9:55 AM     10:25–10:35 AM     104     46  44.2%    $+50.83    $+5,286.75
   8       9:45–9:55 AM     10:25–10:30 AM     104     50  48.1%    $+46.72    $+4,859.35
   9       9:45–9:50 AM     10:25–10:35 AM     104     47  45.2%    $+49.65    $+5,163.35
  10       9:50–9:55 AM     10:25–10:30 AM     104     48  46.2%    $+48.39    $+5,032.15
  11       9:45–9:50 AM     10:30–10:35 AM     104     44  42.3%    $+52.69    $+5,479.25
  12      9:50–10:00 AM     10:25–10:35 AM     104     47  45.2%    $+48.31    $+5,024.15
  13      9:55–10:00 AM     10:25–10:35 AM     104     48  46.2%    $+47.19    $+4,907.25
  14      9:45–10:00 AM     10:25–10:30 AM     104     50  48.1%    $+44.83    $+4,662.75
  15      9:35–10:05 AM     10:25–10:30 AM     104     53  51.0%    $+42.11    $+4,379.12


██████████████████████████████████████████████████████████████████████████████████████
  OUTLIERS REMOVED (winning trades > $2,000)  —  TSLA PUTS re-optimized
██████████████████████████████████████████████████████████████████████████████████████
  (chosen frames had no winning outliers)
======================================================================================
  TSLA PUTS
======================================================================================
  Optimal entry frame : 9:52–9:57 AM   (5 min)
  Optimal exit frame  : 10:27–10:34 AM   (7 min)
  Data source         : REAL prices

  Date           Strike  Src  Qty       Entry frame    Buy$        Exit frame   Sell$   P&L/sh      P&L $  Result
  ------------ -------- ---- ---- ----------------- ------- ----------------- ------- -------- ----------  ------
  2024-07-12      237.5 REAL    2      9:52–9:57 AM    0.86    10:27–10:34 AM    0.63   -0.237    $-47.37  LOSS
  2024-07-19      247.5 REAL    1      9:52–9:57 AM    2.72    10:27–10:34 AM    6.18   +3.457   $+345.66  WIN 
  2024-07-26      222.5 REAL    1      9:52–9:57 AM    3.92    10:27–10:34 AM    6.45   +2.533   $+253.26  WIN 
  2024-08-02      212.5 REAL    1      9:52–9:57 AM    1.79    10:27–10:34 AM    1.81   +0.015     $+1.51  WIN 
  2024-08-09      195.0 REAL    2      9:52–9:57 AM    0.60    10:27–10:34 AM    1.38   +0.781   $+156.11  WIN 
  2024-08-16      212.5 REAL    3      9:52–9:57 AM    0.43    10:27–10:34 AM    0.24   -0.189    $-56.57  LOSS
  2024-08-23      215.0 REAL    1      9:52–9:57 AM    1.50    10:27–10:34 AM    0.32   -1.177   $-117.71  LOSS
  2024-08-30      210.0 REAL    1      9:52–9:57 AM    2.28    10:27–10:34 AM    1.93   -0.351    $-35.11  LOSS
  2024-09-06      232.5 REAL    1      9:52–9:57 AM    8.41    10:27–10:34 AM   11.57   +3.161   $+316.14  WIN 
  2024-09-13      227.5 REAL    1      9:52–9:57 AM    1.02    10:27–10:34 AM    1.63   +0.611    $+61.11  WIN 
  2024-09-20      240.0 REAL    1      9:52–9:57 AM    2.15    10:27–10:34 AM    2.23   +0.077     $+7.66  WIN 
  2024-09-27      257.5 REAL    1      9:52–9:57 AM    2.00    10:27–10:34 AM    3.33   +1.330   $+133.00  WIN 
  2024-10-04      247.5 REAL    1      9:52–9:57 AM    1.90    10:27–10:34 AM    1.90   +0.001     $+0.14  WIN 
  2024-10-11      220.0 REAL    1      9:52–9:57 AM    3.51    10:27–10:34 AM    2.00   -1.502   $-150.17  LOSS
  2024-10-18      220.0 REAL    2      9:52–9:57 AM    0.99    10:27–10:34 AM    1.07   +0.085    $+17.09  WIN 
  2024-10-25      257.5 REAL    3      9:52–9:57 AM    0.46    10:27–10:34 AM    0.31   -0.152    $-45.60  LOSS
  2024-11-01      252.5 REAL    1      9:52–9:57 AM    2.79    10:27–10:34 AM    1.61   -1.181   $-118.14  LOSS
  2024-11-08      300.0 REAL    1      9:52–9:57 AM    1.02    10:27–10:34 AM    0.28   -0.735    $-73.46  LOSS
  2024-11-15      310.0 REAL    1      9:52–9:57 AM    1.40    10:27–10:34 AM    1.63   +0.229    $+22.86  WIN 
  2024-11-22      342.5 REAL    1      9:52–9:57 AM    5.16    10:27–10:34 AM    2.51   -2.653   $-265.29  LOSS
  2024-11-29      335.0 REAL    2      9:52–9:57 AM    0.51    10:27–10:34 AM    0.23   -0.278    $-55.54  LOSS
  2024-12-06      375.0 REAL    1      9:52–9:57 AM    4.23    10:27–10:34 AM    3.11   -1.125   $-112.49  LOSS
  2024-12-13      417.5 REAL    1      9:52–9:57 AM    1.72    10:27–10:34 AM    0.66   -1.055   $-105.46  LOSS
  2024-12-20      427.5 REAL    1      9:52–9:57 AM    7.85    10:27–10:34 AM    2.23   -5.624   $-562.43  LOSS
  2024-12-27      447.5 REAL    1      9:52–9:57 AM    9.29    10:27–10:34 AM   15.71   +6.415   $+641.46  WIN 
  2025-01-03      380.0 REAL    1      9:52–9:57 AM    1.69    10:27–10:34 AM    1.74   +0.052     $+5.20  WIN 
  2025-01-10      390.0 REAL    1      9:52–9:57 AM    5.59    10:27–10:34 AM    4.30   -1.288   $-128.80  LOSS
  2025-01-17      422.5 REAL    1      9:52–9:57 AM    3.59    10:27–10:34 AM    1.58   -2.007   $-200.74  LOSS
  2025-01-24      415.0 REAL    1      9:52–9:57 AM    2.71    10:27–10:34 AM    3.12   +0.410    $+41.03  WIN 
  2025-01-31      402.5 REAL    1      9:52–9:57 AM    1.33    10:27–10:34 AM    0.57   -0.757    $-75.71  LOSS
  2025-02-07      372.5 REAL    1      9:52–9:57 AM    1.41    10:27–10:34 AM    2.96   +1.554   $+155.43  WIN 
  2025-02-14      360.0 REAL    1      9:52–9:57 AM    7.30    10:27–10:34 AM    8.74   +1.445   $+144.49  WIN 
  2025-02-21      352.5 REAL    1      9:52–9:57 AM    3.28    10:27–10:34 AM    5.69   +2.410   $+241.03  WIN 
  2025-02-28      277.5 REAL    1      9:52–9:57 AM    2.28    10:27–10:34 AM    0.65   -1.638   $-163.83  LOSS
  2025-03-07      262.5 REAL    1      9:52–9:57 AM    3.08    10:27–10:34 AM    5.20   +2.117   $+211.74  WIN 
  2025-03-14      247.5 REAL    1      9:52–9:57 AM    5.14    10:27–10:34 AM    6.87   +1.733   $+173.29  WIN 
  2025-03-21      237.5 REAL    1      9:52–9:57 AM    1.58    10:27–10:34 AM    2.16   +0.578    $+57.77  WIN 
  2025-03-28      275.0 REAL    1      9:52–9:57 AM    5.51    10:27–10:34 AM   11.11   +5.597   $+559.74  WIN 
  2025-04-04      260.0 REAL    1      9:52–9:57 AM    9.66    10:27–10:34 AM   17.06   +7.398   $+739.80  WIN 
  2025-04-11      252.5 REAL    1      9:52–9:57 AM    4.61    10:27–10:34 AM    8.47   +3.857   $+385.66  WIN 
  2025-04-18      242.5 REAL    1      9:52–9:57 AM    2.54    10:27–10:34 AM    4.69   +2.156   $+215.63  WIN 
  2025-04-25      262.5 REAL    1      9:52–9:57 AM    3.41    10:27–10:34 AM    0.78   -2.634   $-263.43  LOSS
  2025-05-02      287.5 REAL    1      9:52–9:57 AM    7.05    10:27–10:34 AM    5.84   -1.207   $-120.71  LOSS
  2025-05-09      292.5 REAL    1      9:52–9:57 AM    1.25    10:27–10:34 AM    0.64   -0.609    $-60.86  LOSS
  2025-05-16      347.5 REAL    1      9:52–9:57 AM    3.85    10:27–10:34 AM    4.24   +0.384    $+38.37  WIN 
  2025-05-23      335.0 REAL    1      9:52–9:57 AM    3.06    10:27–10:34 AM    2.40   -0.655    $-65.46  LOSS
  2025-05-30      357.5 REAL    1      9:52–9:57 AM    4.17    10:27–10:34 AM    1.46   -2.707   $-270.71  LOSS
  2025-06-06      295.0 REAL    1      9:52–9:57 AM    5.68    10:27–10:34 AM    3.49   -2.193   $-219.34  LOSS
  2025-06-13      315.0 REAL    1      9:52–9:57 AM    1.93    10:27–10:34 AM    2.78   +0.849    $+84.89  WIN 
  2025-06-20      327.5 REAL    1      9:52–9:57 AM    4.39    10:27–10:34 AM    8.20   +3.806   $+380.60  WIN 
  2025-06-27      322.5 REAL    1      9:52–9:57 AM    1.53    10:27–10:34 AM    0.93   -0.603    $-60.29  LOSS
  2025-07-04      317.5 REAL    1      9:52–9:57 AM    3.34    10:27–10:34 AM    4.65   +1.309   $+130.94  WIN 
  2025-07-11      307.5 REAL    1      9:52–9:57 AM    1.56    10:27–10:34 AM    0.96   -0.602    $-60.23  LOSS
  2025-07-18      322.5 REAL    2      9:52–9:57 AM    0.65    10:27–10:34 AM    0.56   -0.085    $-17.03  LOSS
  2025-07-25      310.0 REAL    1      9:52–9:57 AM    2.06    10:27–10:34 AM    0.91   -1.148   $-114.77  LOSS
  2025-08-01      307.5 REAL    1      9:52–9:57 AM    6.75    10:27–10:34 AM    3.83   -2.917   $-291.74  LOSS
  2025-08-08      322.5 REAL    3      9:52–9:57 AM    0.48    10:27–10:34 AM    0.25   -0.223    $-66.94  LOSS
  2025-08-15      337.5 REAL    1      9:52–9:57 AM    5.38    10:27–10:34 AM    5.25   -0.130    $-13.00  LOSS
  2025-08-22      317.5 REAL    2      9:52–9:57 AM    0.76    10:27–10:34 AM    0.14   -0.628   $-125.66  LOSS
  2025-08-29      347.5 REAL    1      9:52–9:57 AM    4.16    10:27–10:34 AM    8.40   +4.243   $+424.34  WIN 
  2025-09-05      350.0 REAL    1      9:52–9:57 AM    1.27    10:27–10:34 AM    3.86   +2.592   $+259.23  WIN 
  2025-09-12      372.5 REAL    2      9:52–9:57 AM    0.65    10:27–10:34 AM    0.15   -0.501   $-100.11  LOSS
  2025-09-19      425.0 REAL    1      9:52–9:57 AM    2.63    10:27–10:34 AM    2.15   -0.483    $-48.26  LOSS
  2025-09-26      427.5 REAL    1      9:52–9:57 AM    4.55    10:27–10:34 AM    6.03   +1.477   $+147.66  WIN 
  2025-10-03      442.5 REAL    1      9:52–9:57 AM    6.42    10:27–10:34 AM   15.33   +8.903   $+890.31  WIN 
  2025-10-10      437.5 REAL    1      9:52–9:57 AM    3.69    10:27–10:34 AM    3.44   -0.244    $-24.37  LOSS
  2025-10-17      425.0 REAL    1      9:52–9:57 AM    1.67    10:27–10:34 AM    0.81   -0.866    $-86.63  LOSS
  2025-10-24      447.5 REAL    1      9:52–9:57 AM    8.03    10:27–10:34 AM    8.67   +0.640    $+64.00  WIN 
  2025-10-31      447.5 REAL    1      9:52–9:57 AM    2.91    10:27–10:34 AM    0.91   -2.001   $-200.09  LOSS
  2025-11-07      435.0 REAL    1      9:52–9:57 AM    8.93    10:27–10:34 AM    5.27   -3.661   $-366.14  LOSS
  2025-11-14      390.0 REAL    1      9:52–9:57 AM    2.50    10:27–10:34 AM    1.06   -1.441   $-144.14  LOSS
  2025-11-21      400.0 REAL    1      9:52–9:57 AM    5.58    10:27–10:34 AM   12.64   +7.059   $+705.86  WIN 
  2025-11-28      430.0 REAL    1      9:52–9:57 AM    3.11    10:27–10:34 AM    4.09   +0.975    $+97.46  WIN 
  2025-12-05      455.0 REAL    1      9:52–9:57 AM    3.30    10:27–10:34 AM    2.24   -1.063   $-106.26  LOSS
  2025-12-12      452.5 REAL    2      9:52–9:57 AM    0.99    10:27–10:34 AM    3.95   +2.960   $+592.06  WIN 
  2025-12-19      487.5 REAL    1      9:52–9:57 AM    6.23    10:27–10:34 AM    7.89   +1.655   $+165.46  WIN 
  2025-12-26      487.5 REAL    1      9:52–9:57 AM    5.59    10:27–10:34 AM   10.90   +5.311   $+531.06  WIN 
  2026-01-02      457.5 REAL    1      9:52–9:57 AM    5.22    10:27–10:34 AM   12.32   +7.103   $+710.26  WIN 
  2026-01-09      432.5 REAL    1      9:52–9:57 AM    1.66    10:27–10:34 AM    0.27   -1.384   $-138.37  LOSS
  2026-01-16      442.5 REAL    1      9:52–9:57 AM    1.81    10:27–10:34 AM    6.36   +4.550   $+454.97  WIN 
  2026-01-23      447.5 REAL    1      9:52–9:57 AM    2.23    10:27–10:34 AM    2.79   +0.566    $+56.63  WIN 
  2026-01-30      430.0 REAL    1      9:52–9:57 AM    6.20    10:27–10:34 AM    2.25   -3.953   $-395.29  LOSS
  2026-02-06      400.0 REAL    1      9:52–9:57 AM    1.06    10:27–10:34 AM    0.49   -0.569    $-56.86  LOSS
  2026-02-13      415.0 REAL    1      9:52–9:57 AM    3.88    10:27–10:34 AM    2.11   -1.777   $-177.69  LOSS
  2026-02-20      407.5 REAL    1      9:52–9:57 AM    2.47    10:27–10:34 AM    1.51   -0.961    $-96.14  LOSS
  2026-02-27      402.5 REAL    1      9:52–9:57 AM    2.24    10:27–10:34 AM    0.92   -1.320   $-132.00  LOSS
  2026-03-06      397.5 REAL    1      9:52–9:57 AM    3.85    10:27–10:34 AM    2.77   -1.081   $-108.11  LOSS
  2026-03-13      397.5 REAL    1      9:52–9:57 AM    1.97    10:27–10:34 AM    2.83   +0.863    $+86.29  WIN 
  2026-03-20      377.5 REAL    1      9:52–9:57 AM    6.13    10:27–10:34 AM    5.45   -0.685    $-68.49  LOSS
  2026-03-27      370.0 REAL    1      9:52–9:57 AM    7.38    10:27–10:34 AM    6.95   -0.433    $-43.26  LOSS
  2026-04-03      365.0 REAL    1      9:52–9:57 AM    2.29    10:27–10:34 AM    1.62   -0.675    $-67.54  LOSS
  2026-04-10      347.5 REAL    1      9:52–9:57 AM    3.01    10:27–10:34 AM    2.55   -0.457    $-45.74  LOSS
  2026-04-17      395.0 REAL    1      9:52–9:57 AM    3.08    10:27–10:34 AM    1.71   -1.371   $-137.11  LOSS
  2026-04-24      375.0 REAL    1      9:52–9:57 AM    1.21    10:27–10:34 AM    3.29   +2.077   $+207.71  WIN 
  2026-05-01      385.0 REAL    1      9:52–9:57 AM    4.07    10:27–10:34 AM    1.16   -2.915   $-291.49  LOSS
  2026-05-08      420.0 REAL    1      9:52–9:57 AM    1.43    10:27–10:34 AM    1.21   -0.216    $-21.57  LOSS
  2026-05-15      432.5 REAL    1      9:52–9:57 AM    5.85    10:27–10:34 AM    7.18   +1.331   $+133.11  WIN 
  2026-05-22      425.0 REAL    1      9:52–9:57 AM    5.53    10:27–10:34 AM    2.35   -3.181   $-318.09  LOSS
  2026-05-29      437.5 REAL    1      9:52–9:57 AM    2.89    10:27–10:34 AM    8.01   +5.128   $+512.83  WIN 
  2026-06-05      422.5 REAL    1      9:52–9:57 AM   11.70    10:27–10:34 AM   16.16   +4.466   $+446.60  WIN 
  2026-06-12      400.0 REAL    1      9:52–9:57 AM    7.42    10:27–10:34 AM    7.58   +0.155    $+15.51  WIN 
  2026-06-19      397.5 REAL    1      9:52–9:57 AM    9.26    10:27–10:34 AM   12.21   +2.943   $+294.31  WIN 
  2026-06-26      370.0 REAL    1      9:52–9:57 AM    1.46    10:27–10:34 AM    0.44   -1.025   $-102.54  LOSS
  2026-07-03      427.5 REAL    1      9:52–9:57 AM   15.64    10:27–10:34 AM   25.55   +9.908   $+990.80  WIN 

  SUMMARY (optimal frames)  trades: 104   wins: 49/104   win rate: 47.1%   total P&L: $+5,967.19   avg/trade: $+57.38
           best day: $+990.80   worst day: $-562.43   skipped (no data): 0
           premium spent: $38,905.40   return on spend: +15.3%

  TSLA PUTS — HEATMAPS   (entry-frame start ↓  exit-frame start →   cyan = chosen optimal)

  Each cell = best frame pair starting in that 30-min bucket (best over all durations).

  1) WIN RATE %  (wins ÷ trades)
    Entry |   9:30  10:00  10:30  11:00  11:30  12:00  12:30   1:00   1:30   2:00   2:30   3:00   3:30
  --------+-------------------------------------------------------------------------------------------
     9:30 |    45%    46%    43%    35%    35%    35%    32%    34%    30%    30%    31%    31%    31%
    10:00 |      ·    47%    47%    37%    32%    34%    34%    30%    31%    27%    29%    29%    27%
    10:30 |      ·      ·    46%    38%    40%    44%    35%    32%    31%    31%    30%    32%    31%
    11:00 |      ·      ·      ·    46%    44%    41%    33%    31%    32%    32%    30%    32%    33%
    11:30 |      ·      ·      ·      ·    50%    47%    35%    37%    33%    32%    33%    33%    35%
    12:00 |      ·      ·      ·      ·      ·    44%    40%    35%    34%    34%    33%    34%    35%
    12:30 |      ·      ·      ·      ·      ·      ·    39%    37%    34%    35%    33%    35%    36%
     1:00 |      ·      ·      ·      ·      ·      ·      ·    43%    41%    30%    31%    32%    31%
     1:30 |      ·      ·      ·      ·      ·      ·      ·      ·    43%    32%    34%    31%    32%
     2:00 |      ·      ·      ·      ·      ·      ·      ·      ·      ·    46%    37%    37%    34%
     2:30 |      ·      ·      ·      ·      ·      ·      ·      ·      ·      ·    38%    41%    32%
     3:00 |      ·      ·      ·      ·      ·      ·      ·      ·      ·      ·      ·    37%    37%
     3:30 |      ·      ·      ·      ·      ·      ·      ·      ·      ·      ·      ·      ·    29%

  2) WIN COUNT  (number of winning trades)
    Entry |   9:30  10:00  10:30  11:00  11:30  12:00  12:30   1:00   1:30   2:00   2:30   3:00   3:30
  --------+-------------------------------------------------------------------------------------------
     9:30 |     47     48     45     36     36     36     33     34     30     30     31     30     31
    10:00 |      ·     49     49     38     33     35     35     30     31     27     29     29     27
    10:30 |      ·      ·     48     39     42     46     36     32     31     31     30     31     31
    11:00 |      ·      ·      ·     48     45     42     34     31     32     32     30     31     33
    11:30 |      ·      ·      ·      ·     51     48     36     37     33     32     33     32     35
    12:00 |      ·      ·      ·      ·      ·     46     41     35     34     34     32     34     35
    12:30 |      ·      ·      ·      ·      ·      ·     40     37     34     35     33     35     36
     1:00 |      ·      ·      ·      ·      ·      ·      ·     43     41     30     30     31     30
     1:30 |      ·      ·      ·      ·      ·      ·      ·      ·     42     32     33     30     31
     2:00 |      ·      ·      ·      ·      ·      ·      ·      ·      ·     46     36     37     33
     2:30 |      ·      ·      ·      ·      ·      ·      ·      ·      ·      ·     38     41     31
     3:00 |      ·      ·      ·      ·      ·      ·      ·      ·      ·      ·      ·     36     36
     3:30 |      ·      ·      ·      ·      ·      ·      ·      ·      ·      ·      ·      ·     29

  3a) AVG P&L PER TRADE  ($ per contract)
    Entry |   9:30  10:00  10:30  11:00  11:30  12:00  12:30   1:00   1:30   2:00   2:30   3:00   3:30
  --------+-------------------------------------------------------------------------------------------
     9:30 |    +26    +52    +55    +27    +23    +23     +6     +9     +8    +11    +12     +4    +18
    10:00 |      ·    +40    +42    +17    +11    +10    -13     +5    -25     +2     +3     +2     +4
    10:30 |      ·      ·    -10     +6     -2     -2    -21    -12    -31    -37    -23    -14    -24
    11:00 |      ·      ·      ·     +2    +13    +13     +5     +5    -33    -33    -23    -17    -21
    11:30 |      ·      ·      ·      ·    +11    +11     +3     +3    -33    -37    -22    -18    -19
    12:00 |      ·      ·      ·      ·      ·     -2     +1     +3    -30    -30    -15    -19    -19
    12:30 |      ·      ·      ·      ·      ·      ·     +3     +5    -29    -29    -17    -19    -17
     1:00 |      ·      ·      ·      ·      ·      ·      ·     +3    -12     +1     +8     +6     +1
     1:30 |      ·      ·      ·      ·      ·      ·      ·      ·     +3     +5    +11     +7     +1
     2:00 |      ·      ·      ·      ·      ·      ·      ·      ·      ·     +5    +12     +4     +1
     2:30 |      ·      ·      ·      ·      ·      ·      ·      ·      ·      ·     +7     +4     +6
     3:00 |      ·      ·      ·      ·      ·      ·      ·      ·      ·      ·      ·     +7    +10
     3:30 |      ·      ·      ·      ·      ·      ·      ·      ·      ·      ·      ·      ·     +8

  3b) TOTAL P&L  ($ per contract, summed over all Fridays)
    Entry |    9:30   10:00   10:30   11:00   11:30   12:00   12:30    1:00    1:30    2:00    2:30    3:00    3:30
  --------+--------------------------------------------------------------------------------------------------------
     9:30 |   +2724   +5448   +5752   +2853   +2342   +2373    +612    +923    +857   +1154   +1195    +366   +1755
    10:00 |       ·   +4176   +4418   +1783   +1150   +1085   -1327    +498   -2495    +244    +341    +205    +447
    10:30 |       ·       ·   -1069    +631    -203    -194   -2125   -1159   -3180   -3765   -2307   -1345   -2402
    11:00 |       ·       ·       ·    +171   +1330   +1300    +517    +534   -3294   -3318   -2339   -1701   -2135
    11:30 |       ·       ·       ·       ·   +1099   +1137    +308    +329   -3361   -3677   -2166   -1807   -1915
    12:00 |       ·       ·       ·       ·       ·    -189     +78    +302   -2951   -2995   -1427   -1892   -1893
    12:30 |       ·       ·       ·       ·       ·       ·    +317    +467   -2857   -2940   -1759   -1919   -1673
     1:00 |       ·       ·       ·       ·       ·       ·       ·    +341   -1165    +102    +802    +597    +137
     1:30 |       ·       ·       ·       ·       ·       ·       ·       ·    +339    +481   +1102    +648    +107
     2:00 |       ·       ·       ·       ·       ·       ·       ·       ·       ·    +454   +1169    +391     +74
     2:30 |       ·       ·       ·       ·       ·       ·       ·       ·       ·       ·    +734    +359    +605
     3:00 |       ·       ·       ·       ·       ·       ·       ·       ·       ·       ·       ·    +722    +975
     3:30 |       ·       ·       ·       ·       ·       ·       ·       ·       ·       ·       ·       ·    +761

──────────────────────────────────────────────────────────────────────────────────────
  TSLA PUTS — TOP 15 FRAME PAIRS (by win_rate × avg payoff)
──────────────────────────────────────────────────────────────────────────────────────
   #        Entry frame         Exit frame  Trades   Wins    Win%    Avg P&L     Total P&L
  --  -----------------  -----------------  ------  -----  ------  ---------  ------------
   1       9:50–9:55 AM     10:25–10:35 AM     104     48  46.2%    $+52.38    $+5,447.75
   2       9:50–9:55 AM     10:30–10:35 AM     104     45  43.3%    $+55.31    $+5,751.85
   3       9:45–9:55 AM     10:30–10:35 AM     104     44  42.3%    $+53.87    $+5,602.65
   4       9:35–9:40 AM     10:30–10:35 AM     104     44  42.3%    $+53.53    $+5,566.85
   5       9:35–9:40 AM     10:25–10:35 AM     104     46  44.2%    $+50.91    $+5,294.95
   6       9:45–9:55 AM     10:25–10:35 AM     104     46  44.2%    $+50.83    $+5,286.75
   7       9:45–9:55 AM     10:25–10:30 AM     104     50  48.1%    $+46.72    $+4,859.35
   8       9:45–9:50 AM     10:25–10:35 AM     104     47  45.2%    $+49.65    $+5,163.35
   9       9:50–9:55 AM     10:25–10:30 AM     104     48  46.2%    $+48.39    $+5,032.15
  10       9:45–9:50 AM     10:30–10:35 AM     104     44  42.3%    $+52.69    $+5,479.25
  11      9:50–10:00 AM     10:25–10:35 AM     104     47  45.2%    $+48.31    $+5,024.15
  12      9:55–10:00 AM     10:25–10:35 AM     104     48  46.2%    $+47.19    $+4,907.25
  13      9:45–10:00 AM     10:25–10:30 AM     104     50  48.1%    $+44.83    $+4,662.75
  14      9:35–10:05 AM     10:25–10:30 AM     104     53  51.0%    $+42.11    $+4,379.12
  15      9:55–10:00 AM     10:30–10:35 AM     104     45  43.3%    $+49.47    $+5,145.25

──────────────────────────────────────────────────────────────────────────────────────
  Saved CSV: C:\actions-runner\_work\EoD_OptionTrading\EoD_OptionTrading\results\friday_intraday\backtest_friday_intraday_timeframe_puts_730days_2026-07-09_1615.csv
  Saved TXT: C:\actions-runner\_work\EoD_OptionTrading\EoD_OptionTrading\results\friday_intraday\backtest_friday_intraday_timeframe_puts_730days_2026-07-09_1615.txt
  Saved TXT (outliers removed): C:\actions-runner\_work\EoD_OptionTrading\EoD_OptionTrading\results\friday_intraday\backtest_friday_intraday_timeframe_puts_730days_2026-07-09_1615_outliers_removed.txt
──────────────────────────────────────────────────────────────────────────────────────


██████████████████████████████████████████████████████████████████████████████████████
  AMZN CALLS
██████████████████████████████████████████████████████████████████████████████████████
======================================================================================
  AMZN CALLS
======================================================================================
  Optimal entry frame : 2:35–2:40 PM   (5 min)
  Optimal exit frame  : 3:55–4:00 PM   (5 min)
  Data source         : REAL prices

  Date           Strike  Src  Qty       Entry frame    Buy$        Exit frame   Sell$   P&L/sh      P&L $  Result
  ------------ -------- ---- ---- ----------------- ------- ----------------- ------- -------- ----------  ------
  2024-07-12      195.0 REAL    2      2:35–2:40 PM    0.82      3:55–4:00 PM    0.05   -0.770   $-154.00  LOSS
  2024-07-19      180.0 REAL    1      2:35–2:40 PM    2.33      3:55–4:00 PM    2.86   +0.530    $+53.00  WIN 
  2024-07-26      180.0 REAL    1      2:35–2:40 PM    2.47      3:55–4:00 PM    2.13   -0.338    $-33.80  LOSS
  2024-08-02      165.0 REAL    1      2:35–2:40 PM    2.82      3:55–4:00 PM    2.68   -0.142    $-14.20  LOSS
  2024-08-09      165.0 REAL    1      2:35–2:40 PM    1.75      3:55–4:00 PM    2.00   +0.250    $+25.00  WIN 
  2024-08-16      175.0 REAL    1      2:35–2:40 PM    2.46      3:55–4:00 PM    2.08   -0.382    $-38.20  LOSS
  2024-08-23      180.0 REAL   51      2:35–2:40 PM    0.02      3:55–4:00 PM    0.01   -0.010    $-51.00  LOSS
  2024-08-30      175.0 REAL    1      2:35–2:40 PM    1.25      3:55–4:00 PM    3.45   +2.202   $+220.20  WIN 
  2024-09-06      180.0 REAL  101      2:35–2:40 PM    0.01      3:55–4:00 PM    0.01   +0.000     $+0.00  LOSS
  2024-09-13      185.0 REAL    1      2:35–2:40 PM    1.91      3:55–4:00 PM    1.57   -0.338    $-33.80  LOSS
  2024-09-20      190.0 REAL    7      2:35–2:40 PM    0.16      3:55–4:00 PM    1.31   +1.144   $+800.80  WIN 
  2024-09-27      190.0 REAL   84      2:35–2:40 PM    0.01      3:55–4:00 PM    0.01   -0.002    $-16.80  LOSS
  2024-10-04      185.0 REAL    5      2:35–2:40 PM    0.21      3:55–4:00 PM    1.39   +1.186   $+593.00  WIN 
  2024-10-11      185.0 REAL    1      2:35–2:40 PM    4.12      3:55–4:00 PM    4.02   -0.099     $-9.90  LOSS
  2024-10-18      185.0 REAL    1      2:35–2:40 PM    5.47      3:55–4:00 PM    4.00   -1.472   $-147.20  LOSS
  2024-10-25      190.0 REAL   42      2:35–2:40 PM    0.02      3:55–4:00 PM    0.01   -0.014    $-58.80  LOSS
  2024-11-01      200.0 REAL   23      2:35–2:40 PM    0.04      3:55–4:00 PM    0.01   -0.034    $-78.20  LOSS
  2024-11-08      210.0 REAL   12      2:35–2:40 PM    0.09      3:55–4:00 PM    0.01   -0.080    $-96.00  LOSS
  2024-11-15      207.5 REAL  101      2:35–2:40 PM    0.01      3:55–4:00 PM    0.01   +0.000     $+0.00  LOSS
  2024-11-22      200.0 REAL   50      2:35–2:40 PM    0.02      3:55–4:00 PM    0.01   -0.010    $-50.00  LOSS
  2024-11-29      205.0 REAL    —      2:35–2:40 PM       —      3:55–4:00 PM       —        —          —  skip
  2024-12-06      220.0 REAL    1      2:35–2:40 PM    5.04      3:55–4:00 PM    7.00   +1.964   $+196.40  WIN 
  2024-12-13      230.0 REAL   24      2:35–2:40 PM    0.04      3:55–4:00 PM    0.01   -0.032    $-76.80  LOSS
  2024-12-20      220.0 REAL    1      2:35–2:40 PM    5.44      3:55–4:00 PM    4.96   -0.479    $-47.87  LOSS
  2024-12-27      225.0 REAL   31      2:35–2:40 PM    0.03      3:55–4:00 PM    0.01   -0.022    $-69.75  LOSS
  2025-01-03      222.5 REAL    1      2:35–2:40 PM    1.95      3:55–4:00 PM    1.71   -0.234    $-23.40  LOSS
  2025-01-10      220.0 REAL    5      2:35–2:40 PM    0.23      3:55–4:00 PM    0.01   -0.218   $-109.00  LOSS
  2025-01-17      225.0 REAL    2      2:35–2:40 PM    0.84      3:55–4:00 PM    0.76   -0.076    $-15.20  LOSS
  2025-01-24      235.0 REAL   23      2:35–2:40 PM    0.04      3:55–4:00 PM    0.10   +0.058   $+133.40  WIN 
  2025-01-31      237.5 REAL    2      2:35–2:40 PM    0.95      3:55–4:00 PM    0.28   -0.670   $-134.00  LOSS
  2025-02-07      232.5 REAL   45      2:35–2:40 PM    0.02      3:55–4:00 PM    0.01   -0.013    $-56.25  LOSS
  2025-02-14      230.0 REAL   17      2:35–2:40 PM    0.06      3:55–4:00 PM    0.01   -0.048    $-81.60  LOSS
  2025-02-21      222.5 REAL  101      2:35–2:40 PM    0.01      3:55–4:00 PM    0.01   +0.000     $+0.00  LOSS
  2025-02-28      207.5 REAL    1      2:35–2:40 PM    1.38      3:55–4:00 PM    5.13   +3.746   $+374.60  WIN 
  2025-03-07      200.0 REAL    2      2:35–2:40 PM    0.79      3:55–4:00 PM    0.07   -0.718   $-143.60  LOSS
  2025-03-14      195.0 REAL    1      2:35–2:40 PM    2.63      3:55–4:00 PM    3.17   +0.537    $+53.75  WIN 
  2025-03-21      195.0 REAL    2      2:35–2:40 PM    0.86      3:55–4:00 PM    1.08   +0.224    $+44.80  WIN 
  2025-03-28      200.0 REAL  100      2:35–2:40 PM    0.01      3:55–4:00 PM    0.01   +0.000     $+0.00  LOSS
  2025-04-04      165.0 REAL    —      2:35–2:40 PM       —      3:55–4:00 PM       —        —          —  skip
  2025-04-11      180.0 REAL    1      2:35–2:40 PM    3.75      3:55–4:00 PM    5.10   +1.346   $+134.60  WIN 
  2025-04-18      175.0 REAL    3      2:35–2:40 PM    0.38      3:55–4:00 PM    0.02   -0.360   $-108.00  LOSS
  2025-04-25      185.0 REAL    1      2:35–2:40 PM    4.13      3:55–4:00 PM    4.08   -0.046     $-4.60  LOSS
  2025-05-02      190.0 REAL    1      2:35–2:40 PM    1.40      3:55–4:00 PM    0.14   -1.260   $-126.00  LOSS
  2025-05-09      195.0 REAL   39      2:35–2:40 PM    0.03      3:55–4:00 PM    0.01   -0.016    $-62.40  LOSS
  2025-05-16      205.0 REAL    4      2:35–2:40 PM    0.31      3:55–4:00 PM    0.50   +0.192    $+76.80  WIN 
  2025-05-23      200.0 REAL    1      2:35–2:40 PM    2.11      3:55–4:00 PM    1.15   -0.953    $-95.27  LOSS
  2025-05-30      205.0 REAL    4      2:35–2:40 PM    0.25      3:55–4:00 PM    0.39   +0.136    $+54.40  WIN 
  2025-06-06      212.5 REAL    2      2:35–2:40 PM    0.67      3:55–4:00 PM    1.11   +0.434    $+86.80  WIN 
  2025-06-13      210.0 REAL    1      2:35–2:40 PM    2.13      3:55–4:00 PM    1.77   -0.356    $-35.60  LOSS
  2025-06-20      215.0 REAL   43      2:35–2:40 PM    0.02      3:55–4:00 PM    0.01   -0.013    $-57.33  LOSS
  2025-06-27      220.0 REAL  101      2:35–2:40 PM    0.01      3:55–4:00 PM    2.58   +2.572 $+25977.20  WIN 
  2025-07-04      222.5 REAL    —      2:35–2:40 PM       —      3:55–4:00 PM       —        —          —  skip
  2025-07-11      225.0 REAL    1      2:35–2:40 PM    1.16      3:55–4:00 PM    0.23   -0.930    $-93.00  LOSS
  2025-07-18      225.0 REAL    1      2:35–2:40 PM    1.04      3:55–4:00 PM    1.12   +0.082     $+8.20  WIN 
  2025-07-25      232.5 REAL    9      2:35–2:40 PM    0.12      3:55–4:00 PM    0.01   -0.114   $-102.60  LOSS
  2025-08-01      217.5 REAL   17      2:35–2:40 PM    0.06      3:55–4:00 PM    0.01   -0.050    $-85.00  LOSS
  2025-08-08      222.5 REAL    5      2:35–2:40 PM    0.22      3:55–4:00 PM    0.18   -0.042    $-21.00  LOSS
  2025-08-15      232.5 REAL   36      2:35–2:40 PM    0.03      3:55–4:00 PM    0.01   -0.018    $-64.80  LOSS
  2025-08-22      222.5 REAL    1      2:35–2:40 PM    5.92      3:55–4:00 PM    6.38   +0.460    $+46.00  WIN 
  2025-08-29      230.0 REAL   19      2:35–2:40 PM    0.05      3:55–4:00 PM    0.01   -0.044    $-83.60  LOSS
  2025-09-05      235.0 REAL   30      2:35–2:40 PM    0.03      3:55–4:00 PM    0.01   -0.024    $-72.00  LOSS
  2025-09-12      232.5 REAL  101      2:35–2:40 PM    0.01      3:55–4:00 PM    0.01   +0.000     $+0.00  LOSS
  2025-09-19      232.5 REAL    3      2:35–2:40 PM    0.38      3:55–4:00 PM    0.08   -0.294    $-88.20  LOSS
  2025-09-26      217.5 REAL    1      2:35–2:40 PM    2.82      3:55–4:00 PM    2.32   -0.507    $-50.67  LOSS
  2025-10-03      222.5 REAL   21      2:35–2:40 PM    0.05      3:55–4:00 PM    0.01   -0.038    $-79.80  LOSS
  2025-10-10      227.5 REAL   67      2:35–2:40 PM    0.01      3:55–4:00 PM    0.01   -0.005    $-33.50  LOSS
  2025-10-17      212.5 REAL    1      2:35–2:40 PM    1.17      3:55–4:00 PM    0.61   -0.562    $-56.20  LOSS
  2025-10-24      222.5 REAL    1      2:35–2:40 PM    2.37      3:55–4:00 PM    1.89   -0.482    $-48.20  LOSS
  2025-10-31      247.5 REAL    2      2:35–2:40 PM    0.86      3:55–4:00 PM    0.01   -0.844   $-168.80  LOSS
  2025-11-07      242.5 REAL    3      2:35–2:40 PM    0.47      3:55–4:00 PM    2.00   +1.535   $+460.50  WIN 
  2025-11-14      235.0 REAL    1      2:35–2:40 PM    1.03      3:55–4:00 PM    0.09   -0.940    $-94.00  LOSS
  2025-11-21      217.5 REAL    1      2:35–2:40 PM    4.00      3:55–4:00 PM    2.86   -1.134   $-113.40  LOSS
  2025-11-28      230.0 REAL    —      2:35–2:40 PM       —      3:55–4:00 PM       —        —          —  skip
  2025-12-05      230.0 REAL    6      2:35–2:40 PM    0.20      3:55–4:00 PM    0.01   -0.188   $-112.80  LOSS
  2025-12-12      230.0 REAL   58      2:35–2:40 PM    0.02      3:55–4:00 PM    0.01   -0.007    $-43.50  LOSS
  2025-12-19      227.5 REAL    1      2:35–2:40 PM    1.36      3:55–4:00 PM    0.17   -1.188   $-118.80  LOSS
  2025-12-26      232.5 REAL    3      2:35–2:40 PM    0.35      3:55–4:00 PM    0.07   -0.282    $-84.60  LOSS
  2026-01-02      232.5 REAL  100      2:35–2:40 PM    0.01      3:55–4:00 PM    0.01   +0.000     $+0.00  LOSS
  2026-01-09      245.0 REAL    1      2:35–2:40 PM    1.81      3:55–4:00 PM    2.52   +0.706    $+70.60  WIN 
  2026-01-16      240.0 REAL   39      2:35–2:40 PM    0.03      3:55–4:00 PM    0.03   +0.004    $+15.60  WIN 
  2026-01-23      237.5 REAL    1      2:35–2:40 PM    2.12      3:55–4:00 PM    1.75   -0.372    $-37.25  LOSS
  2026-01-30      240.0 REAL    2      2:35–2:40 PM    0.88      3:55–4:00 PM    0.02   -0.866   $-173.20  LOSS
  2026-02-06      202.5 REAL    1      2:35–2:40 PM    5.13      3:55–4:00 PM    8.50   +3.370   $+337.00  WIN 
  2026-02-13      200.0 REAL    3      2:35–2:40 PM    0.36      3:55–4:00 PM    0.01   -0.352   $-105.60  LOSS
  2026-02-20      205.0 REAL    1      2:35–2:40 PM    4.93      3:55–4:00 PM    5.20   +0.272    $+27.15  WIN 
  2026-02-27      207.5 REAL    1      2:35–2:40 PM    1.53      3:55–4:00 PM    2.60   +1.063   $+106.30  WIN 
  2026-03-06      215.0 REAL    4      2:35–2:40 PM    0.25      3:55–4:00 PM    0.01   -0.244    $-97.60  LOSS
  2026-03-13      210.0 REAL   42      2:35–2:40 PM    0.02      3:55–4:00 PM    0.01   -0.014    $-58.80  LOSS
  2026-03-20      205.0 REAL    1      2:35–2:40 PM    1.08      3:55–4:00 PM    0.42   -0.662    $-66.20  LOSS
  2026-03-27      205.0 REAL   81      2:35–2:40 PM    0.01      3:55–4:00 PM    0.01   -0.003    $-20.25  LOSS
  2026-04-03      207.5 REAL    1      2:35–2:40 PM    1.55      3:55–4:00 PM    2.25   +0.693    $+69.27  WIN 
  2026-04-10      235.0 REAL    1      2:35–2:40 PM    2.74      3:55–4:00 PM    3.23   +0.490    $+49.00  WIN 
  2026-04-17      252.5 REAL    5      2:35–2:40 PM    0.23      3:55–4:00 PM    0.01   -0.222   $-110.75  LOSS
  2026-04-24      260.0 REAL    1      2:35–2:40 PM    3.34      3:55–4:00 PM    4.04   +0.706    $+70.60  WIN 
  2026-05-01      262.5 REAL    1      2:35–2:40 PM    6.62      3:55–4:00 PM    5.80   -0.823    $-82.25  LOSS
  2026-05-08      270.0 REAL    1      2:35–2:40 PM    2.55      3:55–4:00 PM    3.03   +0.482    $+48.25  WIN 
  2026-05-15      262.5 REAL    1      2:35–2:40 PM    1.33      3:55–4:00 PM    1.61   +0.276    $+27.60  WIN 
  2026-05-22      270.0 REAL   18      2:35–2:40 PM    0.06      3:55–4:00 PM    0.01   -0.048    $-86.40  LOSS
  2026-05-29      272.5 REAL   10      2:35–2:40 PM    0.11      3:55–4:00 PM    0.03   -0.080    $-80.00  LOSS
  2026-06-05      255.0 REAL   56      2:35–2:40 PM    0.02      3:55–4:00 PM    0.01   -0.005    $-26.13  LOSS
  2026-06-12      240.0 REAL   39      2:35–2:40 PM    0.03      3:55–4:00 PM    0.02   -0.009    $-33.15  LOSS
  2026-06-19      240.0 REAL    1      2:35–2:40 PM    2.93      3:55–4:00 PM    4.49   +1.565   $+156.45  WIN 
  2026-06-26      227.5 REAL    1      2:35–2:40 PM    2.89      3:55–4:00 PM    4.90   +2.007   $+200.75  WIN 
  2026-07-03      242.5 REAL    1      2:35–2:40 PM    1.65      3:55–4:00 PM    0.73   -0.915    $-91.55  LOSS

  SUMMARY (optimal frames)  trades: 100   wins: 30/100   win rate: 30.0%   total P&L: $+25,805.85   avg/trade: $+258.06
           best day: $+25977.20   worst day: $-173.20   skipped (no data): 4
           premium spent: $18,239.33   return on spend: +141.5%

  AMZN CALLS — HEATMAPS   (entry-frame start ↓  exit-frame start →   cyan = chosen optimal)

  Each cell = best frame pair starting in that 30-min bucket (best over all durations).

  1) WIN RATE %  (wins ÷ trades)
    Entry |   9:30  10:00  10:30  11:00  11:30  12:00  12:30   1:00   1:30   2:00   2:30   3:00   3:30
  --------+-------------------------------------------------------------------------------------------
     9:30 |    46%    43%    40%    39%    40%    38%    38%    35%    39%    38%    37%    38%    31%
    10:00 |      ·    48%    40%    40%    42%    41%    36%    40%    38%    38%    36%    36%    37%
    10:30 |      ·      ·    49%    50%    44%    44%    38%    36%    37%    37%    36%    36%    32%
    11:00 |      ·      ·      ·    44%    46%    43%    40%    38%    37%    37%    37%    36%    32%
    11:30 |      ·      ·      ·      ·    48%    45%    41%    41%    39%    35%    36%    35%    28%
    12:00 |      ·      ·      ·      ·      ·    47%    35%    48%    43%    36%    36%    34%    31%
    12:30 |      ·      ·      ·      ·      ·      ·    53%    56%    44%    40%    39%    34%    30%
     1:00 |      ·      ·      ·      ·      ·      ·      ·    50%    49%    40%    38%    32%    32%
     1:30 |      ·      ·      ·      ·      ·      ·      ·      ·    52%    45%    39%    28%    32%
     2:00 |      ·      ·      ·      ·      ·      ·      ·      ·      ·    49%    32%    28%    31%
     2:30 |      ·      ·      ·      ·      ·      ·      ·      ·      ·      ·    32%    29%    30%
     3:00 |      ·      ·      ·      ·      ·      ·      ·      ·      ·      ·      ·    35%    33%
     3:30 |      ·      ·      ·      ·      ·      ·      ·      ·      ·      ·      ·      ·    38%

  2) WIN COUNT  (number of winning trades)
    Entry |   9:30  10:00  10:30  11:00  11:30  12:00  12:30   1:00   1:30   2:00   2:30   3:00   3:30
  --------+-------------------------------------------------------------------------------------------
     9:30 |     48     45     42     41     41     39     39     35     39     38     37     38     31
    10:00 |      ·     49     42     42     43     42     37     40     38     38     36     36     37
    10:30 |      ·      ·     51     52     46     46     40     36     36     37     36     36     32
    11:00 |      ·      ·      ·     46     47     44     41     37     37     37     37     36     32
    11:30 |      ·      ·      ·      ·     49     46     43     41     38     35     36     35     28
    12:00 |      ·      ·      ·      ·      ·     49     36     48     42     36     36     34     31
    12:30 |      ·      ·      ·      ·      ·      ·     55     56     44     40     39     33     30
     1:00 |      ·      ·      ·      ·      ·      ·      ·     49     48     39     38     32     32
     1:30 |      ·      ·      ·      ·      ·      ·      ·      ·     51     45     39     28     32
     2:00 |      ·      ·      ·      ·      ·      ·      ·      ·      ·     49     32     28     31
     2:30 |      ·      ·      ·      ·      ·      ·      ·      ·      ·      ·     32     29     30
     3:00 |      ·      ·      ·      ·      ·      ·      ·      ·      ·      ·      ·     35     33
     3:30 |      ·      ·      ·      ·      ·      ·      ·      ·      ·      ·      ·      ·     38

  3a) AVG P&L PER TRADE  ($ per contract)
    Entry |   9:30  10:00  10:30  11:00  11:30  12:00  12:30   1:00   1:30   2:00   2:30   3:00   3:30
  --------+-------------------------------------------------------------------------------------------
     9:30 |     +1     +7     +5     +9    +11     +8     +6     +1    -18    -20    -19    -19     +5
    10:00 |      ·     +6     +2     +6     +8     +5     +4    -11    -17    -30    -30    -26    -16
    10:30 |      ·      ·    +13    +16    +18    +16    +14     +7     +2    -31    -24     -9    +17
    11:00 |      ·      ·      ·     +7     +8     +6     +3    -15    -21    -22    -19    -27    +11
    11:30 |      ·      ·      ·      ·     +4     +0     -8    -10    -10    -23    -19    -29     +1
    12:00 |      ·      ·      ·      ·      ·     +1     +0     -4     -6    -16    -17    -19     +3
    12:30 |      ·      ·      ·      ·      ·      ·     +4     -0     -4    -12    -11    -12    +14
     1:00 |      ·      ·      ·      ·      ·      ·      ·     +5     +6     -9    -10    -20    +28
     1:30 |      ·      ·      ·      ·      ·      ·      ·      ·     +3     +0     -2     +5    +74
     2:00 |      ·      ·      ·      ·      ·      ·      ·      ·      ·     +4     +7    +31   +182
     2:30 |      ·      ·      ·      ·      ·      ·      ·      ·      ·      ·    +15    +53   +258
     3:00 |      ·      ·      ·      ·      ·      ·      ·      ·      ·      ·      ·    +26   +129
     3:30 |      ·      ·      ·      ·      ·      ·      ·      ·      ·      ·      ·      ·    +19

  3b) TOTAL P&L  ($ per contract, summed over all Fridays)
    Entry |    9:30   10:00   10:30   11:00   11:30   12:00   12:30    1:00    1:30    2:00    2:30    3:00    3:30
  --------+--------------------------------------------------------------------------------------------------------
     9:30 |     +65    +759    +535    +905   +1130    +868    +612    +123   -1790   -2006   -1898   -1964    +499
    10:00 |       ·    +622    +164    +617    +845    +522    +364   -1071   -1656   -3042   -2993   -2661   -1622
    10:30 |       ·       ·   +1321   +1652   +1921   +1682   +1460    +707    +160   -3085   -2418    -866   +1732
    11:00 |       ·       ·       ·    +694    +813    +576    +281   -1482   -2079   -2170   -1866   -2714   +1089
    11:30 |       ·       ·       ·       ·    +366      +5    -832    -997    -948   -2309   -1858   -2937     +61
    12:00 |       ·       ·       ·       ·       ·     +59     +47    -360    -553   -1602   -1715   -1968    +280
    12:30 |       ·       ·       ·       ·       ·       ·    +458     -38    -365   -1170   -1133   -1154   +1383
     1:00 |       ·       ·       ·       ·       ·       ·       ·    +466    +592    -847    -978   -1946   +2799
     1:30 |       ·       ·       ·       ·       ·       ·       ·       ·    +324     +16    -166    +452   +7392
     2:00 |       ·       ·       ·       ·       ·       ·       ·       ·       ·    +375    +688   +3096  +18188
     2:30 |       ·       ·       ·       ·       ·       ·       ·       ·       ·       ·   +1533   +5258  +25806
     3:00 |       ·       ·       ·       ·       ·       ·       ·       ·       ·       ·       ·   +2590  +12761
     3:30 |       ·       ·       ·       ·       ·       ·       ·       ·       ·       ·       ·       ·   +1875

──────────────────────────────────────────────────────────────────────────────────────
  AMZN CALLS — TOP 15 FRAME PAIRS (by win_rate × avg payoff)
──────────────────────────────────────────────────────────────────────────────────────
   #        Entry frame         Exit frame  Trades   Wins    Win%    Avg P&L     Total P&L
  --  -----------------  -----------------  ------  -----  ------  ---------  ------------
   1       2:35–2:40 PM       3:55–4:00 PM     100     30  30.0%   $+258.06   $+25,805.85
   2       2:50–2:55 PM       3:55–4:00 PM     100     33  33.0%   $+214.50   $+21,449.78
   3       2:35–2:45 PM       3:55–4:00 PM     100     31  31.0%   $+214.22   $+21,422.38
   4       2:30–2:40 PM       3:55–4:00 PM     100     31  31.0%   $+213.61   $+21,360.68
   5       2:35–2:40 PM       3:50–4:00 PM     100     34  34.0%   $+194.30   $+19,429.56
   6       2:45–2:55 PM       3:55–4:00 PM     100     33  33.0%   $+197.77   $+19,777.00
   7       2:35–2:55 PM       3:55–4:00 PM     100     31  31.0%   $+205.96   $+20,595.68
   8       2:35–2:50 PM       3:55–4:00 PM     100     31  31.0%   $+201.17   $+20,117.03
   9       2:45–3:00 PM       3:55–4:00 PM     100     33  33.0%   $+184.08   $+18,407.97
  10       2:45–2:50 PM       3:55–4:00 PM      99     32  32.3%   $+187.81   $+18,592.90
  11       2:40–2:50 PM       3:55–4:00 PM      99     32  32.3%   $+186.58   $+18,471.29
  12       2:40–2:55 PM       3:55–4:00 PM     100     31  31.0%   $+193.49   $+19,349.38
  13       2:30–3:00 PM       3:55–4:00 PM     100     31  31.0%   $+193.44   $+19,343.96
  14       2:30–2:45 PM       3:55–4:00 PM     100     30  30.0%   $+199.02   $+19,902.36
  15       2:50–3:00 PM       3:55–4:00 PM     100     33  33.0%   $+179.64   $+17,963.60


██████████████████████████████████████████████████████████████████████████████████████
  OUTLIERS REMOVED (winning trades > $2,000)  —  AMZN CALLS re-optimized
██████████████████████████████████████████████████████████████████████████████████████
  (chosen frames had no winning outliers)
======================================================================================
  AMZN CALLS
======================================================================================
  Optimal entry frame : 10:50–10:58 AM   (8 min)
  Optimal exit frame  : 11:45 AM–12:08 PM   (23 min)
  Data source         : REAL prices

  Date           Strike  Src  Qty       Entry frame    Buy$        Exit frame   Sell$   P&L/sh      P&L $  Result
  ------------ -------- ---- ---- ----------------- ------- ----------------- ------- -------- ----------  ------
  2024-07-12      195.0 REAL    2    10:50–10:58 AM    0.75 11:45 AM–12:08 PM    0.52   -0.232    $-46.46  LOSS
  2024-07-19      180.0 REAL    1    10:50–10:58 AM    3.97 11:45 AM–12:08 PM    3.66   -0.306    $-30.57  LOSS
  2024-07-26      180.0 REAL    1    10:50–10:58 AM    1.60 11:45 AM–12:08 PM    2.29   +0.695    $+69.45  WIN 
  2024-08-02      165.0 REAL    1    10:50–10:58 AM    1.11 11:45 AM–12:08 PM    3.16   +2.042   $+204.15  WIN 
  2024-08-09      165.0 REAL    1    10:50–10:58 AM    2.33 11:45 AM–12:08 PM    2.39   +0.065     $+6.46  WIN 
  2024-08-16      175.0 REAL    1    10:50–10:58 AM    2.95 11:45 AM–12:08 PM    2.98   +0.032     $+3.16  WIN 
  2024-08-23      180.0 REAL   17    10:50–10:58 AM    0.06 11:45 AM–12:08 PM    0.03   -0.030    $-50.91  LOSS
  2024-08-30      175.0 REAL    3    10:50–10:58 AM    0.41 11:45 AM–12:08 PM    0.76   +0.343   $+102.98  WIN 
  2024-09-06      180.0 REAL   43    10:50–10:58 AM    0.02 11:45 AM–12:08 PM    0.01   -0.013    $-54.82  LOSS
  2024-09-13      185.0 REAL    1    10:50–10:58 AM    2.43 11:45 AM–12:08 PM    2.61   +0.183    $+18.27  WIN 
  2024-09-20      190.0 REAL    6    10:50–10:58 AM    0.20 11:45 AM–12:08 PM    0.27   +0.076    $+45.55  WIN 
  2024-09-27      190.0 REAL    2    10:50–10:58 AM    0.51 11:45 AM–12:08 PM    0.10   -0.415    $-82.95  LOSS
  2024-10-04      185.0 REAL    2    10:50–10:58 AM    0.67 11:45 AM–12:08 PM    0.42   -0.243    $-48.55  LOSS
  2024-10-11      185.0 REAL    1    10:50–10:58 AM    4.18 11:45 AM–12:08 PM    3.86   -0.322    $-32.22  LOSS
  2024-10-18      185.0 REAL    1    10:50–10:58 AM    3.41 11:45 AM–12:08 PM    4.34   +0.926    $+92.64  WIN 
  2024-10-25      190.0 REAL    3    10:50–10:58 AM    0.38 11:45 AM–12:08 PM    0.25   -0.136    $-40.78  LOSS
  2024-11-01      200.0 REAL    2    10:50–10:58 AM    0.80 11:45 AM–12:08 PM    0.48   -0.319    $-63.87  LOSS
  2024-11-08      210.0 REAL    4    10:50–10:58 AM    0.30 11:45 AM–12:08 PM    0.39   +0.089    $+35.76  WIN 
  2024-11-15      207.5 REAL    5    10:50–10:58 AM    0.23 11:45 AM–12:08 PM    0.04   -0.192    $-96.08  LOSS
  2024-11-22      200.0 REAL    3    10:50–10:58 AM    0.34 11:45 AM–12:08 PM    0.12   -0.225    $-67.53  LOSS
  2024-11-29      205.0 REAL    2    10:50–10:58 AM    0.94 11:45 AM–12:08 PM    1.55   +0.611   $+122.23  WIN 
  2024-12-06      220.0 REAL    1    10:50–10:58 AM    4.31 11:45 AM–12:08 PM    5.03   +0.724    $+72.43  WIN 
  2024-12-13      230.0 REAL   10    10:50–10:58 AM    0.10 11:45 AM–12:08 PM    0.06   -0.044    $-44.16  LOSS
  2024-12-20      220.0 REAL    1    10:50–10:58 AM    3.27 11:45 AM–12:08 PM    5.55   +2.279   $+227.94  WIN 
  2024-12-27      225.0 REAL   11    10:50–10:58 AM    0.09 11:45 AM–12:08 PM    0.06   -0.037    $-41.18  LOSS
  2025-01-03      222.5 REAL    2    10:50–10:58 AM    0.94 11:45 AM–12:08 PM    2.21   +1.268   $+253.60  WIN 
  2025-01-10      220.0 REAL    3    10:50–10:58 AM    0.46 11:45 AM–12:08 PM    0.14   -0.319    $-95.59  LOSS
  2025-01-17      225.0 REAL    4    10:50–10:58 AM    0.30 11:45 AM–12:08 PM    0.38   +0.074    $+29.48  WIN 
  2025-01-24      235.0 REAL    3    10:50–10:58 AM    0.39 11:45 AM–12:08 PM    0.33   -0.060    $-17.87  LOSS
  2025-01-31      237.5 REAL    1    10:50–10:58 AM    1.79 11:45 AM–12:08 PM    2.10   +0.305    $+30.54  WIN 
  2025-02-07      232.5 REAL    2    10:50–10:58 AM    0.64 11:45 AM–12:08 PM    0.16   -0.483    $-96.64  LOSS
  2025-02-14      230.0 REAL    5    10:50–10:58 AM    0.22 11:45 AM–12:08 PM    0.17   -0.051    $-25.63  LOSS
  2025-02-21      222.5 REAL   15    10:50–10:58 AM    0.07 11:45 AM–12:08 PM    0.05   -0.024    $-35.87  LOSS
  2025-02-28      207.5 REAL    1    10:50–10:58 AM    2.88 11:45 AM–12:08 PM    2.33   -0.547    $-54.73  LOSS
  2025-03-07      200.0 REAL    2    10:50–10:58 AM    0.59 11:45 AM–12:08 PM    0.12   -0.469    $-93.72  LOSS
  2025-03-14      195.0 REAL    1    10:50–10:58 AM    2.33 11:45 AM–12:08 PM    2.73   +0.402    $+40.21  WIN 
  2025-03-21      195.0 REAL    2    10:50–10:58 AM    0.56 11:45 AM–12:08 PM    0.45   -0.115    $-23.01  LOSS
  2025-03-28      200.0 REAL   27    10:50–10:58 AM    0.04 11:45 AM–12:08 PM    0.02   -0.013    $-35.88  LOSS
  2025-04-04      165.0 REAL    1    10:50–10:58 AM    6.50 11:45 AM–12:08 PM   11.40   +4.900   $+490.00  WIN 
  2025-04-11      180.0 REAL    1    10:50–10:58 AM    1.90 11:45 AM–12:08 PM    1.94   +0.046     $+4.63  WIN 
  2025-04-18      175.0 REAL    3    10:50–10:58 AM    0.40 11:45 AM–12:08 PM    0.44   +0.041    $+12.38  WIN 
  2025-04-25      185.0 REAL    1    10:50–10:58 AM    2.19 11:45 AM–12:08 PM    1.93   -0.257    $-25.66  LOSS
  2025-05-02      190.0 REAL    2    10:50–10:58 AM    0.77 11:45 AM–12:08 PM    1.19   +0.428    $+85.53  WIN 
  2025-05-09      195.0 REAL    9    10:50–10:58 AM    0.12 11:45 AM–12:08 PM    0.12   +0.003     $+3.08  WIN 
  2025-05-16      205.0 REAL    2    10:50–10:58 AM    0.91 11:45 AM–12:08 PM    0.72   -0.190    $-37.98  LOSS
  2025-05-23      200.0 REAL    1    10:50–10:58 AM    1.27 11:45 AM–12:08 PM    1.57   +0.301    $+30.09  WIN 
  2025-05-30      205.0 REAL    2    10:50–10:58 AM    0.54 11:45 AM–12:08 PM    0.37   -0.172    $-34.35  LOSS
  2025-06-06      212.5 REAL    2    10:50–10:58 AM    0.58 11:45 AM–12:08 PM    0.40   -0.184    $-36.86  LOSS
  2025-06-13      210.0 REAL    1    10:50–10:58 AM    1.72 11:45 AM–12:08 PM    3.23   +1.514   $+151.35  WIN 
  2025-06-20      215.0 REAL   21    10:50–10:58 AM    0.05 11:45 AM–12:08 PM    0.03   -0.015    $-32.38  LOSS
  2025-06-27      220.0 REAL    3    10:50–10:58 AM    0.40 11:45 AM–12:08 PM    0.47   +0.071    $+21.18  WIN 
  2025-07-04      222.5 REAL    3    10:50–10:58 AM    0.48 11:45 AM–12:08 PM    0.98   +0.505   $+151.66  WIN 
  2025-07-11      225.0 REAL    3    10:50–10:58 AM    0.36 11:45 AM–12:08 PM    0.96   +0.602   $+180.65  WIN 
  2025-07-18      225.0 REAL    6    10:50–10:58 AM    0.18 11:45 AM–12:08 PM    0.58   +0.405   $+242.77  WIN 
  2025-07-25      232.5 REAL    4    10:50–10:58 AM    0.31 11:45 AM–12:08 PM    0.37   +0.060    $+24.02  WIN 
  2025-08-01      217.5 REAL    1    10:50–10:58 AM    1.19 11:45 AM–12:08 PM    0.56   -0.624    $-62.41  LOSS
  2025-08-08      222.5 REAL    2    10:50–10:58 AM    0.89 11:45 AM–12:08 PM    0.78   -0.104    $-20.82  LOSS
  2025-08-15      232.5 REAL    4    10:50–10:58 AM    0.33 11:45 AM–12:08 PM    0.10   -0.233    $-93.00  LOSS
  2025-08-22      222.5 REAL    1    10:50–10:58 AM    4.09 11:45 AM–12:08 PM    4.65   +0.562    $+56.18  WIN 
  2025-08-29      230.0 REAL    4    10:50–10:58 AM    0.28 11:45 AM–12:08 PM    0.17   -0.111    $-44.22  LOSS
  2025-09-05      235.0 REAL    4    10:50–10:58 AM    0.29 11:45 AM–12:08 PM    0.22   -0.069    $-27.67  LOSS
  2025-09-12      232.5 REAL    8    10:50–10:58 AM    0.12 11:45 AM–12:08 PM    0.03   -0.095    $-76.00  LOSS
  2025-09-19      232.5 REAL    1    10:50–10:58 AM    1.15 11:45 AM–12:08 PM    1.02   -0.129    $-12.87  LOSS
  2025-09-26      217.5 REAL    1    10:50–10:58 AM    1.83 11:45 AM–12:08 PM    1.96   +0.130    $+13.03  WIN 
  2025-10-03      222.5 REAL    2    10:50–10:58 AM    0.94 11:45 AM–12:08 PM    0.78   -0.159    $-31.78  LOSS
  2025-10-10      227.5 REAL    2    10:50–10:58 AM    0.58 11:45 AM–12:08 PM    0.05   -0.532   $-106.45  LOSS
  2025-10-17      212.5 REAL    1    10:50–10:58 AM    1.13 11:45 AM–12:08 PM    0.81   -0.321    $-32.09  LOSS
  2025-10-24      222.5 REAL    1    10:50–10:58 AM    1.25 11:45 AM–12:08 PM    1.88   +0.628    $+62.76  WIN 
  2025-10-31      247.5 REAL    1    10:50–10:58 AM    1.74 11:45 AM–12:08 PM    1.62   -0.121    $-12.10  LOSS
  2025-11-07      242.5 REAL    3    10:50–10:58 AM    0.34 11:45 AM–12:08 PM    0.12   -0.217    $-65.18  LOSS
  2025-11-14      235.0 REAL    1    10:50–10:58 AM    3.19 11:45 AM–12:08 PM    2.90   -0.285    $-28.50  LOSS
  2025-11-21      217.5 REAL    2    10:50–10:58 AM    0.98 11:45 AM–12:08 PM    2.35   +1.371   $+274.12  WIN 
  2025-11-28      230.0 REAL    1    10:50–10:58 AM    1.98 11:45 AM–12:08 PM    2.60   +0.617    $+61.66  WIN 
  2025-12-05      230.0 REAL    2    10:50–10:58 AM    0.90 11:45 AM–12:08 PM    0.42   -0.481    $-96.24  LOSS
  2025-12-12      230.0 REAL   10    10:50–10:58 AM    0.10 11:45 AM–12:08 PM    0.04   -0.059    $-58.52  LOSS
  2025-12-19      227.5 REAL    3    10:50–10:58 AM    0.42 11:45 AM–12:08 PM    0.93   +0.510   $+153.13  WIN 
  2025-12-26      232.5 REAL    3    10:50–10:58 AM    0.41 11:45 AM–12:08 PM    0.31   -0.093    $-27.95  LOSS
  2026-01-02      232.5 REAL   30    10:50–10:58 AM    0.03 11:45 AM–12:08 PM    0.02   -0.010    $-30.20  LOSS
  2026-01-09      245.0 REAL    1    10:50–10:58 AM    1.08 11:45 AM–12:08 PM    1.46   +0.374    $+37.41  WIN 
  2026-01-16      240.0 REAL    9    10:50–10:58 AM    0.11 11:45 AM–12:08 PM    0.09   -0.019    $-16.78  LOSS
  2026-01-23      237.5 REAL    1    10:50–10:58 AM    1.82 11:45 AM–12:08 PM    2.62   +0.794    $+79.40  WIN 
  2026-01-30      240.0 REAL    1    10:50–10:58 AM    2.43 11:45 AM–12:08 PM    1.49   -0.943    $-94.30  LOSS
  2026-02-06      202.5 REAL    1    10:50–10:58 AM    3.13 11:45 AM–12:08 PM    3.30   +0.169    $+16.93  WIN 
  2026-02-13      200.0 REAL    3    10:50–10:58 AM    0.49 11:45 AM–12:08 PM    1.17   +0.673   $+201.83  WIN 
  2026-02-20      205.0 REAL    1    10:50–10:58 AM    5.34 11:45 AM–12:08 PM    4.38   -0.970    $-96.98  LOSS
  2026-02-27      207.5 REAL    1    10:50–10:58 AM    1.56 11:45 AM–12:08 PM    1.37   -0.189    $-18.88  LOSS
  2026-03-06      215.0 REAL    1    10:50–10:58 AM    1.25 11:45 AM–12:08 PM    1.52   +0.266    $+26.57  WIN 
  2026-03-13      210.0 REAL    2    10:50–10:58 AM    0.53 11:45 AM–12:08 PM    0.12   -0.403    $-80.64  LOSS
  2026-03-20      205.0 REAL    1    10:50–10:58 AM    2.35 11:45 AM–12:08 PM    2.18   -0.166    $-16.61  LOSS
  2026-03-27      205.0 REAL    8    10:50–10:58 AM    0.13 11:45 AM–12:08 PM    0.06   -0.069    $-54.95  LOSS
  2026-04-03      207.5 REAL    1    10:50–10:58 AM    3.14 11:45 AM–12:08 PM    2.51   -0.624    $-62.39  LOSS
  2026-04-10      235.0 REAL    1    10:50–10:58 AM    4.23 11:45 AM–12:08 PM    3.25   -0.975    $-97.47  LOSS
  2026-04-17      252.5 REAL    1    10:50–10:58 AM    2.72 11:45 AM–12:08 PM    1.64   -1.087   $-108.69  LOSS
  2026-04-24      260.0 REAL    2    10:50–10:58 AM    0.94 11:45 AM–12:08 PM    2.79   +1.859   $+371.70  WIN 
  2026-05-01      262.5 REAL    1    10:50–10:58 AM    7.47 11:45 AM–12:08 PM    7.63   +0.158    $+15.81  WIN 
  2026-05-08      270.0 REAL    1    10:50–10:58 AM    2.45 11:45 AM–12:08 PM    3.17   +0.719    $+71.94  WIN 
  2026-05-15      262.5 REAL    1    10:50–10:58 AM    1.22 11:45 AM–12:08 PM    0.71   -0.505    $-50.53  LOSS
  2026-05-22      270.0 REAL    4    10:50–10:58 AM    0.27 11:45 AM–12:08 PM    0.34   +0.071    $+28.41  WIN 
  2026-05-29      272.5 REAL    2    10:50–10:58 AM    0.55 11:45 AM–12:08 PM    0.90   +0.349    $+69.89  WIN 
  2026-06-05      255.0 REAL    3    10:50–10:58 AM    0.43 11:45 AM–12:08 PM    0.21   -0.222    $-66.68  LOSS
  2026-06-12      240.0 REAL    4    10:50–10:58 AM    0.30 11:45 AM–12:08 PM    0.20   -0.102    $-40.91  LOSS
  2026-06-19      240.0 REAL    2    10:50–10:58 AM    0.86 11:45 AM–12:08 PM    3.59   +2.725   $+545.07  WIN 
  2026-06-26      227.5 REAL    1    10:50–10:58 AM    3.83 11:45 AM–12:08 PM    4.72   +0.895    $+89.46  WIN 
  2026-07-03      242.5 REAL    1    10:50–10:58 AM    2.53 11:45 AM–12:08 PM    3.12   +0.589    $+58.90  WIN 

  SUMMARY (optimal frames)  trades: 104   wins: 47/104   win rate: 45.2%   total P&L: $+2,008.33   avg/trade: $+19.31
           best day: $+545.07   worst day: $-108.69   skipped (no data): 0
           premium spent: $19,147.48   return on spend: +10.5%

  AMZN CALLS — HEATMAPS   (entry-frame start ↓  exit-frame start →   cyan = chosen optimal)

  Each cell = best frame pair starting in that 30-min bucket (best over all durations).

  1) WIN RATE %  (wins ÷ trades)
    Entry |   9:30  10:00  10:30  11:00  11:30  12:00  12:30   1:00   1:30   2:00   2:30   3:00   3:30
  --------+-------------------------------------------------------------------------------------------
     9:30 |    46%    43%    40%    39%    40%    38%    38%    35%    39%    38%    37%    38%    31%
    10:00 |      ·    48%    40%    40%    42%    41%    36%    40%    38%    38%    36%    36%    37%
    10:30 |      ·      ·    49%    50%    44%    44%    38%    36%    37%    37%    36%    36%    32%
    11:00 |      ·      ·      ·    44%    46%    43%    40%    38%    37%    37%    37%    36%    32%
    11:30 |      ·      ·      ·      ·    48%    45%    41%    41%    39%    35%    36%    35%    28%
    12:00 |      ·      ·      ·      ·      ·    47%    35%    48%    43%    36%    36%    34%    31%
    12:30 |      ·      ·      ·      ·      ·      ·    53%    56%    44%    40%    39%    34%    30%
     1:00 |      ·      ·      ·      ·      ·      ·      ·    50%    49%    40%    38%    32%    32%
     1:30 |      ·      ·      ·      ·      ·      ·      ·      ·    52%    45%    39%    28%    29%
     2:00 |      ·      ·      ·      ·      ·      ·      ·      ·      ·    49%    32%    28%    29%
     2:30 |      ·      ·      ·      ·      ·      ·      ·      ·      ·      ·    33%    34%    32%
     3:00 |      ·      ·      ·      ·      ·      ·      ·      ·      ·      ·      ·    34%    33%
     3:30 |      ·      ·      ·      ·      ·      ·      ·      ·      ·      ·      ·      ·    38%

  2) WIN COUNT  (number of winning trades)
    Entry |   9:30  10:00  10:30  11:00  11:30  12:00  12:30   1:00   1:30   2:00   2:30   3:00   3:30
  --------+-------------------------------------------------------------------------------------------
     9:30 |     48     45     42     41     41     39     39     35     39     38     37     38     31
    10:00 |      ·     49     42     42     43     42     37     40     38     38     36     36     37
    10:30 |      ·      ·     51     52     46     46     40     36     36     37     36     36     32
    11:00 |      ·      ·      ·     46     47     44     41     37     37     37     37     36     32
    11:30 |      ·      ·      ·      ·     49     46     43     41     38     35     36     35     28
    12:00 |      ·      ·      ·      ·      ·     49     36     48     42     36     36     34     31
    12:30 |      ·      ·      ·      ·      ·      ·     55     56     44     40     39     33     30
     1:00 |      ·      ·      ·      ·      ·      ·      ·     49     48     39     38     32     32
     1:30 |      ·      ·      ·      ·      ·      ·      ·      ·     51     45     39     28     29
     2:00 |      ·      ·      ·      ·      ·      ·      ·      ·      ·     49     32     28     29
     2:30 |      ·      ·      ·      ·      ·      ·      ·      ·      ·      ·     33     34     32
     3:00 |      ·      ·      ·      ·      ·      ·      ·      ·      ·      ·      ·     34     33
     3:30 |      ·      ·      ·      ·      ·      ·      ·      ·      ·      ·      ·      ·     38

  3a) AVG P&L PER TRADE  ($ per contract)
    Entry |   9:30  10:00  10:30  11:00  11:30  12:00  12:30   1:00   1:30   2:00   2:30   3:00   3:30
  --------+-------------------------------------------------------------------------------------------
     9:30 |     +1     +7     +5     +9    +11     +8     +6     +1    -18    -20    -19    -19     +5
    10:00 |      ·     +6     +2     +6     +8     +5     +4    -11    -17    -30    -30    -26    -16
    10:30 |      ·      ·    +13    +16    +18    +16    +14     +7     +2    -31    -24     -9    +17
    11:00 |      ·      ·      ·     +7     +8     +6     +3    -15    -21    -22    -19    -27    +11
    11:30 |      ·      ·      ·      ·     +4     +0     -8    -10    -10    -23    -19    -29     +1
    12:00 |      ·      ·      ·      ·      ·     +1     +0     -4     -6    -16    -17    -19     +3
    12:30 |      ·      ·      ·      ·      ·      ·     +4     -0     -4    -12    -11    -12    +14
     1:00 |      ·      ·      ·      ·      ·      ·      ·     +5     +6     -9    -10    -20    +15
     1:30 |      ·      ·      ·      ·      ·      ·      ·      ·     +3     +0     -2     +5    +27
     2:00 |      ·      ·      ·      ·      ·      ·      ·      ·      ·     +4     +7     +7    +19
     2:30 |      ·      ·      ·      ·      ·      ·      ·      ·      ·      ·     +6     +9    +15
     3:00 |      ·      ·      ·      ·      ·      ·      ·      ·      ·      ·      ·    +12    +16
     3:30 |      ·      ·      ·      ·      ·      ·      ·      ·      ·      ·      ·      ·    +19

  3b) TOTAL P&L  ($ per contract, summed over all Fridays)
    Entry |    9:30   10:00   10:30   11:00   11:30   12:00   12:30    1:00    1:30    2:00    2:30    3:00    3:30
  --------+--------------------------------------------------------------------------------------------------------
     9:30 |     +65    +759    +535    +905   +1130    +868    +612    +123   -1790   -2006   -1898   -1964    +499
    10:00 |       ·    +622    +164    +617    +845    +522    +364   -1071   -1656   -3042   -2993   -2661   -1622
    10:30 |       ·       ·   +1321   +1652   +1921   +1682   +1460    +707    +160   -3085   -2418    -866   +1732
    11:00 |       ·       ·       ·    +694    +813    +576    +281   -1482   -2079   -2170   -1866   -2714   +1089
    11:30 |       ·       ·       ·       ·    +366      +5    -832    -997    -948   -2309   -1858   -2937     +61
    12:00 |       ·       ·       ·       ·       ·     +59     +47    -360    -553   -1602   -1715   -1968    +280
    12:30 |       ·       ·       ·       ·       ·       ·    +458     -38    -365   -1170   -1133   -1154   +1383
     1:00 |       ·       ·       ·       ·       ·       ·       ·    +466    +592    -847    -978   -1946   +1504
     1:30 |       ·       ·       ·       ·       ·       ·       ·       ·    +324     +16    -166    +452   +2654
     2:00 |       ·       ·       ·       ·       ·       ·       ·       ·       ·    +375    +688    +703   +1920
     2:30 |       ·       ·       ·       ·       ·       ·       ·       ·       ·       ·    +623    +865   +1471
     3:00 |       ·       ·       ·       ·       ·       ·       ·       ·       ·       ·       ·   +1191   +1594
     3:30 |       ·       ·       ·       ·       ·       ·       ·       ·       ·       ·       ·       ·   +1875

──────────────────────────────────────────────────────────────────────────────────────
  AMZN CALLS — TOP 15 FRAME PAIRS (by win_rate × avg payoff)
──────────────────────────────────────────────────────────────────────────────────────
   #        Entry frame         Exit frame  Trades   Wins    Win%    Avg P&L     Total P&L
  --  -----------------  -----------------  ------  -----  ------  ---------  ------------
   1     10:50–11:00 AM  11:50 AM–12:10 PM     104     46  44.2%    $+18.47    $+1,921.09
   2     10:50–11:00 AM  11:40 AM–12:10 PM     104     46  44.2%    $+18.44    $+1,917.60
   3     10:50–10:55 AM     11:20–11:50 AM     104     52  50.0%    $+15.89    $+1,652.29
   4     10:50–10:55 AM     11:25–11:40 AM     104     56  53.8%    $+14.74    $+1,532.66
   5     10:50–10:55 AM     11:25–11:45 AM     104     53  51.0%    $+15.54    $+1,615.66
   6     10:50–11:00 AM  11:20 AM–12:05 PM     104     46  44.2%    $+17.91    $+1,862.13
   7     10:50–10:55 AM     11:20–11:40 AM     104     57  54.8%    $+14.28    $+1,485.53
   8     10:50–10:55 AM     11:25–11:55 AM     104     47  45.2%    $+17.28    $+1,797.06
   9     10:50–11:00 AM     11:25–11:45 AM     104     51  49.0%    $+15.89    $+1,652.63
  10     10:50–11:00 AM  11:55 AM–12:10 PM     104     46  44.2%    $+17.61    $+1,831.78
  11     10:50–11:00 AM     11:25–11:55 AM     104     46  44.2%    $+17.54    $+1,824.47
  12     10:50–10:55 AM  11:20 AM–12:05 PM     104     46  44.2%    $+17.45    $+1,815.10
  13       1:55–2:00 PM       3:50–3:55 PM     100     29  29.0%    $+26.54    $+2,654.08
  14     10:50–10:55 AM  11:40 AM–12:10 PM     104     45  43.3%    $+17.72    $+1,842.93
  15     10:50–11:00 AM  11:45 AM–12:15 PM     104     45  43.3%    $+17.69    $+1,839.88

──────────────────────────────────────────────────────────────────────────────────────
  Saved CSV: C:\actions-runner\_work\EoD_OptionTrading\EoD_OptionTrading\results\friday_intraday\backtest_friday_intraday_timeframe_calls_730days_2026-07-09_1615.csv
  Saved TXT: C:\actions-runner\_work\EoD_OptionTrading\EoD_OptionTrading\results\friday_intraday\backtest_friday_intraday_timeframe_calls_730days_2026-07-09_1615.txt
  Saved TXT (outliers removed): C:\actions-runner\_work\EoD_OptionTrading\EoD_OptionTrading\results\friday_intraday\backtest_friday_intraday_timeframe_calls_730days_2026-07-09_1615_outliers_removed.txt
──────────────────────────────────────────────────────────────────────────────────────


██████████████████████████████████████████████████████████████████████████████████████
  AMZN PUTS
██████████████████████████████████████████████████████████████████████████████████████
======================================================================================
  AMZN PUTS
======================================================================================
  Optimal entry frame : 9:45–9:51 AM   (6 min)
  Optimal exit frame  : 10:59–11:05 AM   (6 min)
  Data source         : REAL prices

  Date           Strike  Src  Qty       Entry frame    Buy$        Exit frame   Sell$   P&L/sh      P&L $  Result
  ------------ -------- ---- ---- ----------------- ------- ----------------- ------- -------- ----------  ------
  2024-07-12      195.0 REAL    1      9:45–9:51 AM    1.21    10:59–11:05 AM    0.81   -0.395    $-39.50  LOSS
  2024-07-19      180.0 REAL    3      9:45–9:51 AM    0.40    10:59–11:05 AM    0.07   -0.323    $-97.00  LOSS
  2024-07-26      180.0 REAL    2      9:45–9:51 AM    0.65    10:59–11:05 AM    0.24   -0.412    $-82.33  LOSS
  2024-08-02      165.0 REAL    1      9:45–9:51 AM    2.64    10:59–11:05 AM    2.20   -0.440    $-44.00  LOSS
  2024-08-09      165.0 REAL    3      9:45–9:51 AM    0.50    10:59–11:05 AM    0.18   -0.315    $-94.50  LOSS
  2024-08-16      175.0 REAL    6      9:45–9:51 AM    0.18    10:59–11:05 AM    0.06   -0.122    $-73.00  LOSS
  2024-08-23      180.0 REAL    1      9:45–9:51 AM    3.17    10:59–11:05 AM    3.32   +0.147    $+14.75  WIN 
  2024-08-30      175.0 REAL    2      9:45–9:51 AM    0.98    10:59–11:05 AM    1.17   +0.188    $+37.67  WIN 
  2024-09-06      180.0 REAL    1      9:45–9:51 AM    2.87    10:59–11:05 AM    5.96   +3.085   $+308.50  WIN 
  2024-09-13      185.0 REAL   11      9:45–9:51 AM    0.10    10:59–11:05 AM    0.11   +0.013    $+14.67  WIN 
  2024-09-20      190.0 REAL    2      9:45–9:51 AM    0.87    10:59–11:05 AM    1.96   +1.088   $+217.67  WIN 
  2024-09-27      190.0 REAL    2      9:45–9:51 AM    0.74    10:59–11:05 AM    1.01   +0.265    $+53.00  WIN 
  2024-10-04      185.0 REAL    4      9:45–9:51 AM    0.26    10:59–11:05 AM    0.62   +0.360   $+144.00  WIN 
  2024-10-11      185.0 REAL   11      9:45–9:51 AM    0.09    10:59–11:05 AM    0.03   -0.066    $-72.23  LOSS
  2024-10-18      185.0 REAL    9      9:45–9:51 AM    0.12    10:59–11:05 AM    0.04   -0.086    $-77.10  LOSS
  2024-10-25      190.0 REAL    1      9:45–9:51 AM    1.27    10:59–11:05 AM    0.71   -0.567    $-56.67  LOSS
  2024-11-01      200.0 REAL    1      9:45–9:51 AM    1.88    10:59–11:05 AM    1.04   -0.840    $-84.00  LOSS
  2024-11-08      210.0 REAL    1      9:45–9:51 AM    1.41    10:59–11:05 AM    1.78   +0.378    $+37.83  WIN 
  2024-11-15      207.5 REAL    1      9:45–9:51 AM    2.36    10:59–11:05 AM    3.00   +0.635    $+63.50  WIN 
  2024-11-22      200.0 REAL    1      9:45–9:51 AM    2.18    10:59–11:05 AM    1.74   -0.443    $-44.33  LOSS
  2024-11-29      205.0 REAL    4      9:45–9:51 AM    0.32    10:59–11:05 AM    0.11   -0.212    $-84.67  LOSS
  2024-12-06      220.0 REAL    8      9:45–9:51 AM    0.14    10:59–11:05 AM    0.04   -0.092    $-73.33  LOSS
  2024-12-13      230.0 REAL    1      9:45–9:51 AM    1.29    10:59–11:05 AM    3.66   +2.367   $+236.67  WIN 
  2024-12-20      220.0 REAL    1      9:45–9:51 AM    1.49    10:59–11:05 AM    0.26   -1.237   $-123.67  LOSS
  2024-12-27      225.0 REAL    1      9:45–9:51 AM    2.19    10:59–11:05 AM    3.46   +1.276   $+127.58  WIN 
  2025-01-03      222.5 REAL    3      9:45–9:51 AM    0.47    10:59–11:05 AM    0.72   +0.247    $+74.10  WIN 
  2025-01-10      220.0 REAL    1      9:45–9:51 AM    2.20    10:59–11:05 AM    2.31   +0.107    $+10.67  WIN 
  2025-01-17      225.0 REAL    1      9:45–9:51 AM    1.36    10:59–11:05 AM    1.48   +0.118    $+11.83  WIN 
  2025-01-24      235.0 REAL    2      9:45–9:51 AM    0.58    10:59–11:05 AM    1.20   +0.617   $+123.33  WIN 
  2025-01-31      237.5 REAL    3      9:45–9:51 AM    0.48    10:59–11:05 AM    0.23   -0.255    $-76.50  LOSS
  2025-02-07      232.5 REAL    1      9:45–9:51 AM    1.46    10:59–11:05 AM    2.90   +1.444   $+144.37  WIN 
  2025-02-14      230.0 REAL    1      9:45–9:51 AM    1.85    10:59–11:05 AM    1.97   +0.115    $+11.50  WIN 
  2025-02-21      222.5 REAL    1      9:45–9:51 AM    1.46    10:59–11:05 AM    3.32   +1.863   $+186.33  WIN 
  2025-02-28      207.5 REAL    1      9:45–9:51 AM    1.20    10:59–11:05 AM    0.19   -1.010   $-101.00  LOSS
  2025-03-07      200.0 REAL    1      9:45–9:51 AM    1.41    10:59–11:05 AM    3.74   +2.331   $+233.13  WIN 
  2025-03-14      195.0 REAL    3      9:45–9:51 AM    0.41    10:59–11:05 AM    0.21   -0.198    $-59.50  LOSS
  2025-03-21      195.0 REAL    1      9:45–9:51 AM    1.58    10:59–11:05 AM    0.86   -0.718    $-71.83  LOSS
  2025-03-28      200.0 REAL    1      9:45–9:51 AM    2.20    10:59–11:05 AM    5.69   +3.488   $+348.77  WIN 
  2025-04-04      165.0 REAL    3      9:45–9:51 AM    0.34    10:59–11:05 AM    0.19   -0.152    $-45.50  LOSS
  2025-04-11      180.0 REAL    1      9:45–9:51 AM    1.48    10:59–11:05 AM    2.09   +0.615    $+61.50  WIN 
  2025-04-18      175.0 REAL    1      9:45–9:51 AM    1.65    10:59–11:05 AM    2.36   +0.708    $+70.83  WIN 
  2025-04-25      185.0 REAL    2      9:45–9:51 AM    0.68    10:59–11:05 AM    0.40   -0.278    $-55.67  LOSS
  2025-05-02      190.0 REAL    1      9:45–9:51 AM    3.30    10:59–11:05 AM    1.65   -1.648   $-164.83  LOSS
  2025-05-09      195.0 REAL    1      9:45–9:51 AM    1.94    10:59–11:05 AM    2.98   +1.040   $+104.00  WIN 
  2025-05-16      205.0 REAL    1      9:45–9:51 AM    1.22    10:59–11:05 AM    0.75   -0.462    $-46.17  LOSS
  2025-05-23      200.0 REAL    1      9:45–9:51 AM    1.25    10:59–11:05 AM    0.74   -0.500    $-50.00  LOSS
  2025-05-30      205.0 REAL    1      9:45–9:51 AM    1.50    10:59–11:05 AM    1.07   -0.430    $-43.00  LOSS
  2025-06-06      212.5 REAL    2      9:45–9:51 AM    0.74    10:59–11:05 AM    1.02   +0.282    $+56.47  WIN 
  2025-06-13      210.0 REAL    2      9:45–9:51 AM    0.73    10:59–11:05 AM    0.24   -0.492    $-98.33  LOSS
  2025-06-20      215.0 REAL    1      9:45–9:51 AM    1.75    10:59–11:05 AM    5.13   +3.378   $+337.77  WIN 
  2025-06-27      220.0 REAL    2      9:45–9:51 AM    0.58    10:59–11:05 AM    1.25   +0.675   $+135.00  WIN 
  2025-07-04      222.5 REAL    2      9:45–9:51 AM    0.95    10:59–11:05 AM    0.71   -0.245    $-49.07  LOSS
  2025-07-11      225.0 REAL    1      9:45–9:51 AM    2.00    10:59–11:05 AM    0.76   -1.242   $-124.17  LOSS
  2025-07-18      225.0 REAL    2      9:45–9:51 AM    0.75    10:59–11:05 AM    1.67   +0.920   $+184.00  WIN 
  2025-07-25      232.5 REAL    1      9:45–9:51 AM    1.24    10:59–11:05 AM    0.96   -0.277    $-27.67  LOSS
  2025-08-01      217.5 REAL    1      9:45–9:51 AM    1.12    10:59–11:05 AM    2.17   +1.050   $+105.00  WIN 
  2025-08-08      222.5 REAL    3      9:45–9:51 AM    0.48    10:59–11:05 AM    0.44   -0.040    $-12.00  LOSS
  2025-08-15      232.5 REAL    1      9:45–9:51 AM    1.65    10:59–11:05 AM    1.28   -0.365    $-36.50  LOSS
  2025-08-22      222.5 REAL    1      9:45–9:51 AM    1.50    10:59–11:05 AM    0.07   -1.425   $-142.50  LOSS
  2025-08-29      230.0 REAL    2      9:45–9:51 AM    0.94    10:59–11:05 AM    1.47   +0.530   $+106.00  WIN 
  2025-09-05      235.0 REAL    1      9:45–9:51 AM    1.28    10:59–11:05 AM    2.50   +1.222   $+122.17  WIN 
  2025-09-12      230.0 REAL    1      9:45–9:51 AM    1.59    10:59–11:05 AM    0.62   -0.965    $-96.50  LOSS
  2025-09-19      232.5 REAL    2      9:45–9:51 AM    0.92    10:59–11:05 AM    0.30   -0.620   $-124.00  LOSS
  2025-09-26      217.5 REAL    4      9:45–9:51 AM    0.25    10:59–11:05 AM    0.25   +0.000     $+0.00  WIN 
  2025-10-03      222.5 REAL    2      9:45–9:51 AM    0.75    10:59–11:05 AM    0.58   -0.163    $-32.67  LOSS
  2025-10-10      227.5 REAL    2      9:45–9:51 AM    0.99    10:59–11:05 AM    3.96   +2.965   $+593.00  WIN 
  2025-10-17      212.5 REAL    1      9:45–9:51 AM    1.01    10:59–11:05 AM    1.32   +0.310    $+31.00  WIN 
  2025-10-24      222.5 REAL    2      9:45–9:51 AM    0.61    10:59–11:05 AM    0.39   -0.220    $-44.00  LOSS
  2025-10-31      247.5 REAL    1      9:45–9:51 AM    2.27    10:59–11:05 AM    2.35   +0.080     $+8.00  WIN 
  2025-11-07      242.5 REAL    1      9:45–9:51 AM    2.92    10:59–11:05 AM    2.72   -0.198    $-19.83  LOSS
  2025-11-14      235.0 REAL    1      9:45–9:51 AM    1.65    10:59–11:05 AM    0.22   -1.432   $-143.17  LOSS
  2025-11-21      217.5 REAL    1      9:45–9:51 AM    2.28    10:59–11:05 AM    2.58   +0.302    $+30.17  WIN 
  2025-11-28      230.0 REAL    4      9:45–9:51 AM    0.28    10:59–11:05 AM    0.09   -0.191    $-76.53  LOSS
  2025-12-05      230.0 REAL    2      9:45–9:51 AM    0.85    10:59–11:05 AM    0.56   -0.295    $-59.00  LOSS
  2025-12-12      230.0 REAL    1      9:45–9:51 AM    2.31    10:59–11:05 AM    3.68   +1.374   $+137.40  WIN 
  2025-12-19      227.5 REAL    1      9:45–9:51 AM    1.29    10:59–11:05 AM    0.84   -0.443    $-44.33  LOSS
  2025-12-26      232.5 REAL    2      9:45–9:51 AM    0.59    10:59–11:05 AM    0.41   -0.183    $-36.67  LOSS
  2026-01-02      232.5 REAL    5      9:45–9:51 AM    0.21    10:59–11:05 AM    6.95   +6.733  $+3366.67  WIN 
  2026-01-09      245.0 REAL    1      9:45–9:51 AM    1.85    10:59–11:05 AM    0.50   -1.345   $-134.50  LOSS
  2026-01-16      240.0 REAL    1      9:45–9:51 AM    2.69    10:59–11:05 AM    2.71   +0.028     $+2.83  WIN 
  2026-01-23      237.5 REAL    1      9:45–9:51 AM    1.89    10:59–11:05 AM    0.16   -1.728   $-172.83  LOSS
  2026-01-30      240.0 REAL    2      9:45–9:51 AM    0.83    10:59–11:05 AM    0.36   -0.468    $-93.67  LOSS
  2026-02-06      202.5 REAL    1      9:45–9:51 AM    1.97    10:59–11:05 AM    0.89   -1.082   $-108.17  LOSS
  2026-02-13      200.0 REAL    1      9:45–9:51 AM    1.85    10:59–11:05 AM    1.69   -0.158    $-15.83  LOSS
  2026-02-20      205.0 REAL    2      9:45–9:51 AM    0.51    10:59–11:05 AM    0.04   -0.467    $-93.33  LOSS
  2026-02-27      207.5 REAL    1      9:45–9:51 AM    1.93    10:59–11:05 AM    0.42   -1.505   $-150.50  LOSS
  2026-03-06      215.0 REAL    1      9:45–9:51 AM    1.19    10:59–11:05 AM    0.55   -0.642    $-64.17  LOSS
  2026-03-13      210.0 REAL    1      9:45–9:51 AM    1.08    10:59–11:05 AM    1.92   +0.832    $+83.17  WIN 
  2026-03-20      205.0 REAL    2      9:45–9:51 AM    0.60    10:59–11:05 AM    0.22   -0.380    $-76.00  LOSS
  2026-03-27      205.0 REAL    1      9:45–9:51 AM    2.21    10:59–11:05 AM    4.08   +1.868   $+186.83  WIN 
  2026-04-03      207.5 REAL    1      9:45–9:51 AM    1.54    10:59–11:05 AM    0.25   -1.285   $-128.50  LOSS
  2026-04-10      235.0 REAL    2      9:45–9:51 AM    0.56    10:59–11:05 AM    0.13   -0.435    $-87.00  LOSS
  2026-04-17      252.5 REAL    2      9:45–9:51 AM    0.78    10:59–11:05 AM    0.24   -0.538   $-107.67  LOSS
  2026-04-24      260.0 REAL    1      9:45–9:51 AM    1.94    10:59–11:05 AM    1.10   -0.843    $-84.33  LOSS
  2026-05-01      262.5 REAL    2      9:45–9:51 AM    0.64    10:59–11:05 AM    0.07   -0.562   $-112.33  LOSS
  2026-05-08      270.0 REAL    2      9:45–9:51 AM    0.50    10:59–11:05 AM    0.24   -0.258    $-51.67  LOSS
  2026-05-15      262.5 REAL    1      9:45–9:51 AM    1.76    10:59–11:05 AM    0.78   -0.978    $-97.83  LOSS
  2026-05-22      270.0 REAL    1      9:45–9:51 AM    1.79    10:59–11:05 AM    2.17   +0.383    $+38.25  WIN 
  2026-05-29      272.5 REAL    2      9:45–9:51 AM    0.77    10:59–11:05 AM    1.68   +0.905   $+181.00  WIN 
  2026-06-05      255.0 REAL    1      9:45–9:51 AM    2.06    10:59–11:05 AM    1.90   -0.160    $-16.00  LOSS
  2026-06-12      240.0 REAL    1      9:45–9:51 AM    5.11    10:59–11:05 AM    3.11   -2.000   $-199.97  LOSS
  2026-06-19      240.0 REAL    1      9:45–9:51 AM    3.33    10:59–11:05 AM    0.72   -2.615   $-261.50  LOSS
  2026-06-26      227.5 REAL    1      9:45–9:51 AM    1.40    10:59–11:05 AM    0.21   -1.188   $-118.83  LOSS
  2026-07-03      242.5 REAL    1      9:45–9:51 AM    1.40    10:59–11:05 AM    0.30   -1.097   $-109.67  LOSS

  SUMMARY (optimal frames)  trades: 104   wins: 41/104   win rate: 39.4%   total P&L: $+3,129.36   avg/trade: $+30.09
           best day: $+3366.67   worst day: $-261.50   skipped (no data): 0
           premium spent: $17,221.15   return on spend: +18.2%

  AMZN PUTS — HEATMAPS   (entry-frame start ↓  exit-frame start →   cyan = chosen optimal)

  Each cell = best frame pair starting in that 30-min bucket (best over all durations).

  1) WIN RATE %  (wins ÷ trades)
    Entry |   9:30  10:00  10:30  11:00  11:30  12:00  12:30   1:00   1:30   2:00   2:30   3:00   3:30
  --------+-------------------------------------------------------------------------------------------
     9:30 |    42%    42%    39%    39%    34%    35%    34%    33%    34%    32%    33%    32%    31%
    10:00 |      ·    59%    54%    39%    37%    37%    36%    35%    35%    36%    37%    37%    38%
    10:30 |      ·      ·    57%    45%    33%    32%    38%    32%    36%    38%    36%    32%    35%
    11:00 |      ·      ·      ·    43%    46%    44%    40%    38%    37%    38%    35%    35%    36%
    11:30 |      ·      ·      ·      ·    44%    45%    47%    43%    39%    37%    36%    35%    30%
    12:00 |      ·      ·      ·      ·      ·    50%    51%    40%    41%    39%    36%    36%    35%
    12:30 |      ·      ·      ·      ·      ·      ·    53%    43%    42%    41%    37%    36%    31%
     1:00 |      ·      ·      ·      ·      ·      ·      ·    54%    50%    42%    34%    34%    34%
     1:30 |      ·      ·      ·      ·      ·      ·      ·      ·    52%    45%    38%    26%    30%
     2:00 |      ·      ·      ·      ·      ·      ·      ·      ·      ·    41%    41%    28%    31%
     2:30 |      ·      ·      ·      ·      ·      ·      ·      ·      ·      ·    48%    51%    33%
     3:00 |      ·      ·      ·      ·      ·      ·      ·      ·      ·      ·      ·    54%    38%
     3:30 |      ·      ·      ·      ·      ·      ·      ·      ·      ·      ·      ·      ·    38%

  2) WIN COUNT  (number of winning trades)
    Entry |   9:30  10:00  10:30  11:00  11:30  12:00  12:30   1:00   1:30   2:00   2:30   3:00   3:30
  --------+-------------------------------------------------------------------------------------------
     9:30 |     44     44     41     41     35     36     35     33     34     32     33     32     29
    10:00 |      ·     61     56     41     38     38     37     35     35     36     37     37     36
    10:30 |      ·      ·     59     46     34     33     40     32     36     38     36     32     33
    11:00 |      ·      ·      ·     45     47     45     42     38     37     38     35     35     36
    11:30 |      ·      ·      ·      ·     46     47     49     43     39     37     36     35     30
    12:00 |      ·      ·      ·      ·      ·     52     53     40     41     39     35     36     34
    12:30 |      ·      ·      ·      ·      ·      ·     55     42     41     41     36     36     31
     1:00 |      ·      ·      ·      ·      ·      ·      ·     52     51     42     32     32     32
     1:30 |      ·      ·      ·      ·      ·      ·      ·      ·     51     45     37     26     30
     2:00 |      ·      ·      ·      ·      ·      ·      ·      ·      ·     39     41     28     30
     2:30 |      ·      ·      ·      ·      ·      ·      ·      ·      ·      ·     45     50     32
     3:00 |      ·      ·      ·      ·      ·      ·      ·      ·      ·      ·      ·     53     37
     3:30 |      ·      ·      ·      ·      ·      ·      ·      ·      ·      ·      ·      ·     38

  3a) AVG P&L PER TRADE  ($ per contract)
    Entry |   9:30  10:00  10:30  11:00  11:30  12:00  12:30   1:00   1:30   2:00   2:30   3:00   3:30
  --------+-------------------------------------------------------------------------------------------
     9:30 |    +16    +23    +27    +30    +22    +18    +17    +24    +23    +22    +22    +18    +26
    10:00 |      ·     +6     +8     +6    -12     -9     -6     -4    -12    -22    -18    -21    -14
    10:30 |      ·      ·     +4     +6     +2     +0    -16     +4    -19    -19    -20     +2     +6
    11:00 |      ·      ·      ·     +1     -3    -10     -8    -17    -12    -18    -23    -24    -15
    11:30 |      ·      ·      ·      ·     +3     +3     -4    -12    -12    -15    -16    -10     +0
    12:00 |      ·      ·      ·      ·      ·     -4     +1     +0     -5    -15     -2     -9    -17
    12:30 |      ·      ·      ·      ·      ·      ·     +3     +3     +2    -10     -5     -0     +1
     1:00 |      ·      ·      ·      ·      ·      ·      ·     +2     +4     -8     +1     +3     +1
     1:30 |      ·      ·      ·      ·      ·      ·      ·      ·     +6     -5    -10     +2     +4
     2:00 |      ·      ·      ·      ·      ·      ·      ·      ·      ·     +2     +3     +4     +8
     2:30 |      ·      ·      ·      ·      ·      ·      ·      ·      ·      ·     +7     +5     +1
     3:00 |      ·      ·      ·      ·      ·      ·      ·      ·      ·      ·      ·     +2     +2
     3:30 |      ·      ·      ·      ·      ·      ·      ·      ·      ·      ·      ·      ·     +4

  3b) TOTAL P&L  ($ per contract, summed over all Fridays)
    Entry |    9:30   10:00   10:30   11:00   11:30   12:00   12:30    1:00    1:30    2:00    2:30    3:00    3:30
  --------+--------------------------------------------------------------------------------------------------------
     9:30 |   +1693   +2387   +2849   +3079   +2258   +1829   +1801   +2425   +2349   +2147   +2231   +1843   +2446
    10:00 |       ·    +591    +842    +651   -1247    -903    -650    -370   -1186   -2134   -1808   -2115   -1348
    10:30 |       ·       ·    +443    +616    +200      +3   -1698    +403   -1955   -1969   -1997    +195    +528
    11:00 |       ·       ·       ·    +133    -284   -1010    -788   -1755   -1165   -1778   -2270   -2406   -1489
    11:30 |       ·       ·       ·       ·    +282    +263    -369   -1204   -1232   -1450   -1596   -1011      +6
    12:00 |       ·       ·       ·       ·       ·    -392    +125     +44    -534   -1493    -185    -892   -1646
    12:30 |       ·       ·       ·       ·       ·       ·    +301    +301    +191    -952    -452     -33    +110
     1:00 |       ·       ·       ·       ·       ·       ·       ·    +165    +419    -778    +114    +310     +77
     1:30 |       ·       ·       ·       ·       ·       ·       ·       ·    +591    -536    -991    +191    +431
     2:00 |       ·       ·       ·       ·       ·       ·       ·       ·       ·    +178    +303    +388    +755
     2:30 |       ·       ·       ·       ·       ·       ·       ·       ·       ·       ·    +654    +492     +83
     3:00 |       ·       ·       ·       ·       ·       ·       ·       ·       ·       ·       ·    +179    +147
     3:30 |       ·       ·       ·       ·       ·       ·       ·       ·       ·       ·       ·       ·    +437

──────────────────────────────────────────────────────────────────────────────────────
  AMZN PUTS — TOP 15 FRAME PAIRS (by win_rate × avg payoff)
──────────────────────────────────────────────────────────────────────────────────────
   #        Entry frame         Exit frame  Trades   Wins    Win%    Avg P&L     Total P&L
  --  -----------------  -----------------  ------  -----  ------  ---------  ------------
   1       9:45–9:50 AM     11:00–11:05 AM     104     41  39.4%    $+29.61    $+3,079.28
   2       9:45–9:50 AM     11:15–11:20 AM     104     38  36.5%    $+30.04    $+3,124.03
   3       9:45–9:50 AM     10:55–11:10 AM     104     41  39.4%    $+27.39    $+2,849.03
   4       9:45–9:50 AM     11:00–11:10 AM     104     39  37.5%    $+28.68    $+2,982.24
   5       9:45–9:50 AM     11:05–11:10 AM     103     37  35.9%    $+29.83    $+3,072.03
   6       9:45–9:50 AM     10:55–11:05 AM     104     41  39.4%    $+27.03    $+2,811.09
   7       9:45–9:50 AM     11:15–11:25 AM     104     36  34.6%    $+30.71    $+3,193.50
   8       9:45–9:50 AM     11:00–11:15 AM     104     39  37.5%    $+27.59    $+2,869.26
   9       9:45–9:50 AM     10:55–11:15 AM     104     40  38.5%    $+26.60    $+2,766.37
  10       9:45–9:50 AM     11:05–11:25 AM     104     36  34.6%    $+28.84    $+2,999.74
  11       9:45–9:50 AM     11:10–11:25 AM     104     35  33.7%    $+29.60    $+3,078.55
  12       9:45–9:50 AM     10:50–11:10 AM     104     40  38.5%    $+25.70    $+2,673.09
  13       9:45–9:50 AM     11:10–11:20 AM     104     36  34.6%    $+28.31    $+2,944.03
  14       9:45–9:50 AM     10:25–10:35 AM     104     44  42.3%    $+22.95    $+2,386.95
  15       9:45–9:50 AM     10:55–11:00 AM     104     40  38.5%    $+25.25    $+2,625.77


██████████████████████████████████████████████████████████████████████████████████████
  OUTLIERS REMOVED (winning trades > $2,000)  —  AMZN PUTS re-optimized
██████████████████████████████████████████████████████████████████████████████████████
  (chosen frames had no winning outliers)
======================================================================================
  AMZN PUTS
======================================================================================
  Optimal entry frame : 9:48–9:54 AM   (6 min)
  Optimal exit frame  : 10:29–10:34 AM   (5 min)
  Data source         : REAL prices

  Date           Strike  Src  Qty       Entry frame    Buy$        Exit frame   Sell$   P&L/sh      P&L $  Result
  ------------ -------- ---- ---- ----------------- ------- ----------------- ------- -------- ----------  ------
  2024-07-12      195.0 REAL    1      9:48–9:54 AM    1.16    10:29–10:34 AM    1.25   +0.086     $+8.60  WIN 
  2024-07-19      180.0 REAL    4      9:48–9:54 AM    0.33    10:29–10:34 AM    0.13   -0.197    $-78.80  LOSS
  2024-07-26      180.0 REAL    2      9:48–9:54 AM    0.67    10:29–10:34 AM    0.37   -0.302    $-60.33  LOSS
  2024-08-02      165.0 REAL    1      9:48–9:54 AM    3.89    10:29–10:34 AM    4.00   +0.106    $+10.63  WIN 
  2024-08-09      165.0 REAL    3      9:48–9:54 AM    0.41    10:29–10:34 AM    0.27   -0.140    $-41.90  LOSS
  2024-08-16      175.0 REAL    6      9:48–9:54 AM    0.17    10:29–10:34 AM    0.07   -0.107    $-64.00  LOSS
  2024-08-23      180.0 REAL    1      9:48–9:54 AM    3.18    10:29–10:34 AM    1.90   -1.281   $-128.13  LOSS
  2024-08-30      175.0 REAL    2      9:48–9:54 AM    0.97    10:29–10:34 AM    0.80   -0.169    $-33.73  LOSS
  2024-09-06      180.0 REAL    1      9:48–9:54 AM    3.30    10:29–10:34 AM    5.62   +2.316   $+231.60  WIN 
  2024-09-13      185.0 REAL   10      9:48–9:54 AM    0.10    10:29–10:34 AM    0.11   +0.014    $+14.00  WIN 
  2024-09-20      190.0 REAL    2      9:48–9:54 AM    0.86    10:29–10:34 AM    1.14   +0.276    $+55.27  WIN 
  2024-09-27      190.0 REAL    2      9:48–9:54 AM    0.66    10:29–10:34 AM    0.75   +0.090    $+17.93  WIN 
  2024-10-04      185.0 REAL    4      9:48–9:54 AM    0.27    10:29–10:34 AM    1.22   +0.957   $+382.80  WIN 
  2024-10-11      185.0 REAL   12      9:48–9:54 AM    0.09    10:29–10:34 AM    0.04   -0.051    $-60.80  LOSS
  2024-10-18      185.0 REAL    8      9:48–9:54 AM    0.14    10:29–10:34 AM    0.05   -0.087    $-69.33  LOSS
  2024-10-25      190.0 REAL    1      9:48–9:54 AM    1.19    10:29–10:34 AM    0.56   -0.623    $-62.30  LOSS
  2024-11-01      200.0 REAL    1      9:48–9:54 AM    1.55    10:29–10:34 AM    1.15   -0.402    $-40.20  LOSS
  2024-11-08      210.0 REAL    1      9:48–9:54 AM    1.27    10:29–10:34 AM    1.85   +0.579    $+57.87  WIN 
  2024-11-15      207.5 REAL    1      9:48–9:54 AM    1.73    10:29–10:34 AM    3.02   +1.291   $+129.13  WIN 
  2024-11-22      200.0 REAL    1      9:48–9:54 AM    2.56    10:29–10:34 AM    2.94   +0.386    $+38.57  WIN 
  2024-11-29      205.0 REAL    4      9:48–9:54 AM    0.31    10:29–10:34 AM    0.18   -0.129    $-51.47  LOSS
  2024-12-06      220.0 REAL   10      9:48–9:54 AM    0.11    10:29–10:34 AM    0.05   -0.060    $-60.00  LOSS
  2024-12-13      230.0 REAL    1      9:48–9:54 AM    1.20    10:29–10:34 AM    1.95   +0.746    $+74.60  WIN 
  2024-12-20      220.0 REAL    1      9:48–9:54 AM    1.66    10:29–10:34 AM    0.27   -1.394   $-139.37  LOSS
  2024-12-27      225.0 REAL    1      9:48–9:54 AM    2.15    10:29–10:34 AM    3.77   +1.618   $+161.77  WIN 
  2025-01-03      222.5 REAL    2      9:48–9:54 AM    0.59    10:29–10:34 AM    1.14   +0.546   $+109.27  WIN 
  2025-01-10      220.0 REAL    1      9:48–9:54 AM    2.47    10:29–10:34 AM    2.08   -0.394    $-39.37  LOSS
  2025-01-17      225.0 REAL    1      9:48–9:54 AM    1.30    10:29–10:34 AM    1.42   +0.113    $+11.27  WIN 
  2025-01-24      235.0 REAL    2      9:48–9:54 AM    0.52    10:29–10:34 AM    0.85   +0.337    $+67.47  WIN 
  2025-01-31      237.5 REAL    3      9:48–9:54 AM    0.40    10:29–10:34 AM    0.45   +0.052    $+15.50  WIN 
  2025-02-07      232.5 REAL    1      9:48–9:54 AM    1.19    10:29–10:34 AM    3.33   +2.143   $+214.33  WIN 
  2025-02-14      230.0 REAL    1      9:48–9:54 AM    1.68    10:29–10:34 AM    2.43   +0.751    $+75.10  WIN 
  2025-02-21      222.5 REAL    1      9:48–9:54 AM    1.71    10:29–10:34 AM    3.12   +1.407   $+140.67  WIN 
  2025-02-28      207.5 REAL    1      9:48–9:54 AM    1.00    10:29–10:34 AM    0.23   -0.776    $-77.57  LOSS
  2025-03-07      200.0 REAL    1      9:48–9:54 AM    1.18    10:29–10:34 AM    2.26   +1.080   $+108.03  WIN 
  2025-03-14      195.0 REAL    3      9:48–9:54 AM    0.41    10:29–10:34 AM    0.73   +0.324    $+97.20  WIN 
  2025-03-21      195.0 REAL    1      9:48–9:54 AM    1.41    10:29–10:34 AM    0.92   -0.490    $-49.03  LOSS
  2025-03-28      200.0 REAL    1      9:48–9:54 AM    2.30    10:29–10:34 AM    5.40   +3.096   $+309.60  WIN 
  2025-04-04      165.0 REAL    4      9:48–9:54 AM    0.30    10:29–10:34 AM    0.34   +0.042    $+16.67  WIN 
  2025-04-11      180.0 REAL    1      9:48–9:54 AM    1.44    10:29–10:34 AM    2.71   +1.269   $+126.87  WIN 
  2025-04-18      175.0 REAL    1      9:48–9:54 AM    1.38    10:29–10:34 AM    2.44   +1.064   $+106.40  WIN 
  2025-04-25      185.0 REAL    2      9:48–9:54 AM    0.76    10:29–10:34 AM    0.68   -0.077    $-15.40  LOSS
  2025-05-02      190.0 REAL    1      9:48–9:54 AM    3.76    10:29–10:34 AM    2.01   -1.749   $-174.87  LOSS
  2025-05-09      195.0 REAL    1      9:48–9:54 AM    2.12    10:29–10:34 AM    3.00   +0.886    $+88.57  WIN 
  2025-05-16      205.0 REAL    1      9:48–9:54 AM    1.15    10:29–10:34 AM    0.70   -0.446    $-44.60  LOSS
  2025-05-23      200.0 REAL    1      9:48–9:54 AM    1.20    10:29–10:34 AM    0.61   -0.586    $-58.60  LOSS
  2025-05-30      205.0 REAL    1      9:48–9:54 AM    1.66    10:29–10:34 AM    0.86   -0.793    $-79.27  LOSS
  2025-06-06      212.5 REAL    2      9:48–9:54 AM    0.79    10:29–10:34 AM    1.73   +0.944   $+188.80  WIN 
  2025-06-13      210.0 REAL    2      9:48–9:54 AM    0.71    10:29–10:34 AM    0.91   +0.204    $+40.80  WIN 
  2025-06-20      215.0 REAL    1      9:48–9:54 AM    2.15    10:29–10:34 AM    4.60   +2.450   $+244.97  WIN 
  2025-06-27      220.0 REAL    2      9:48–9:54 AM    0.51    10:29–10:34 AM    0.95   +0.442    $+88.40  WIN 
  2025-07-04      222.5 REAL    2      9:48–9:54 AM    0.78    10:29–10:34 AM    1.15   +0.372    $+74.40  WIN 
  2025-07-11      225.0 REAL    1      9:48–9:54 AM    1.66    10:29–10:34 AM    1.19   -0.469    $-46.93  LOSS
  2025-07-18      225.0 REAL    2      9:48–9:54 AM    0.77    10:29–10:34 AM    1.86   +1.086   $+217.27  WIN 
  2025-07-25      232.5 REAL    1      9:48–9:54 AM    1.14    10:29–10:34 AM    1.39   +0.245    $+24.47  WIN 
  2025-08-01      217.5 REAL    1      9:48–9:54 AM    1.25    10:29–10:34 AM    0.78   -0.471    $-47.07  LOSS
  2025-08-08      222.5 REAL    2      9:48–9:54 AM    0.56    10:29–10:34 AM    0.60   +0.045     $+9.00  WIN 
  2025-08-15      232.5 REAL    1      9:48–9:54 AM    1.52    10:29–10:34 AM    0.96   -0.562    $-56.17  LOSS
  2025-08-22      222.5 REAL    1      9:48–9:54 AM    1.51    10:29–10:34 AM    0.19   -1.315   $-131.47  LOSS
  2025-08-29      230.0 REAL    2      9:48–9:54 AM    0.90    10:29–10:34 AM    1.07   +0.170    $+33.93  WIN 
  2025-09-05      235.0 REAL    1      9:48–9:54 AM    1.06    10:29–10:34 AM    1.35   +0.294    $+29.40  WIN 
  2025-09-12      230.0 REAL    1      9:48–9:54 AM    1.70    10:29–10:34 AM    1.21   -0.492    $-49.20  LOSS
  2025-09-19      232.5 REAL    2      9:48–9:54 AM    0.85    10:29–10:34 AM    0.45   -0.401    $-80.20  LOSS
  2025-09-26      217.5 REAL    5      9:48–9:54 AM    0.23    10:29–10:34 AM    0.48   +0.248   $+124.00  WIN 
  2025-10-03      222.5 REAL    2      9:48–9:54 AM    0.62    10:29–10:34 AM    0.49   -0.132    $-26.47  LOSS
  2025-10-10      227.5 REAL    1      9:48–9:54 AM    1.20    10:29–10:34 AM    1.49   +0.297    $+29.70  WIN 
  2025-10-17      212.5 REAL    2      9:48–9:54 AM    0.78    10:29–10:34 AM    0.60   -0.173    $-34.60  LOSS
  2025-10-24      222.5 REAL    2      9:48–9:54 AM    0.72    10:29–10:34 AM    0.50   -0.217    $-43.33  LOSS
  2025-10-31      247.5 REAL    1      9:48–9:54 AM    1.97    10:29–10:34 AM    2.98   +1.010   $+101.03  WIN 
  2025-11-07      242.5 REAL    1      9:48–9:54 AM    3.03    10:29–10:34 AM    2.17   -0.855    $-85.47  LOSS
  2025-11-14      235.0 REAL    1      9:48–9:54 AM    1.39    10:29–10:34 AM    0.56   -0.831    $-83.13  LOSS
  2025-11-21      217.5 REAL    1      9:48–9:54 AM    1.95    10:29–10:34 AM    2.06   +0.112    $+11.23  WIN 
  2025-11-28      230.0 REAL    4      9:48–9:54 AM    0.25    10:29–10:34 AM    0.20   -0.049    $-19.73  LOSS
  2025-12-05      230.0 REAL    2      9:48–9:54 AM    0.80    10:29–10:34 AM    0.35   -0.448    $-89.60  LOSS
  2025-12-12      230.0 REAL    1      9:48–9:54 AM    2.20    10:29–10:34 AM    3.48   +1.280   $+128.00  WIN 
  2025-12-19      227.5 REAL    1      9:48–9:54 AM    1.14    10:29–10:34 AM    1.22   +0.072     $+7.17  WIN 
  2025-12-26      232.5 REAL    2      9:48–9:54 AM    0.70    10:29–10:34 AM    0.72   +0.018     $+3.53  WIN 
  2026-01-02      232.5 REAL    4      9:48–9:54 AM    0.27    10:29–10:34 AM    4.93   +4.670  $+1868.00  WIN 
  2026-01-09      245.0 REAL    1      9:48–9:54 AM    1.77    10:29–10:34 AM    0.61   -1.160   $-116.03  LOSS
  2026-01-16      240.0 REAL    1      9:48–9:54 AM    2.48    10:29–10:34 AM    2.59   +0.104    $+10.40  WIN 
  2026-01-23      237.5 REAL    1      9:48–9:54 AM    2.00    10:29–10:34 AM    0.72   -1.281   $-128.07  LOSS
  2026-01-30      240.0 REAL    2      9:48–9:54 AM    0.60    10:29–10:34 AM    0.45   -0.155    $-31.00  LOSS
  2026-02-06      202.5 REAL    1      9:48–9:54 AM    1.95    10:29–10:34 AM    0.95   -0.997    $-99.70  LOSS
  2026-02-13      200.0 REAL    1      9:48–9:54 AM    1.94    10:29–10:34 AM    1.67   -0.269    $-26.90  LOSS
  2026-02-20      205.0 REAL    2      9:48–9:54 AM    0.67    10:29–10:34 AM    0.17   -0.500   $-100.00  LOSS
  2026-02-27      207.5 REAL    1      9:48–9:54 AM    1.74    10:29–10:34 AM    0.81   -0.926    $-92.63  LOSS
  2026-03-06      215.0 REAL    1      9:48–9:54 AM    1.21    10:29–10:34 AM    1.03   -0.179    $-17.90  LOSS
  2026-03-13      210.0 REAL    1      9:48–9:54 AM    1.15    10:29–10:34 AM    0.93   -0.221    $-22.13  LOSS
  2026-03-20      205.0 REAL    2      9:48–9:54 AM    0.73    10:29–10:34 AM    0.32   -0.408    $-81.53  LOSS
  2026-03-27      205.0 REAL    1      9:48–9:54 AM    2.59    10:29–10:34 AM    3.78   +1.192   $+119.17  WIN 
  2026-04-03      207.5 REAL    1      9:48–9:54 AM    1.40    10:29–10:34 AM    0.45   -0.941    $-94.10  LOSS
  2026-04-10      235.0 REAL    2      9:48–9:54 AM    0.55    10:29–10:34 AM    0.16   -0.391    $-78.13  LOSS
  2026-04-17      252.5 REAL    2      9:48–9:54 AM    0.76    10:29–10:34 AM    0.22   -0.531   $-106.20  LOSS
  2026-04-24      260.0 REAL    1      9:48–9:54 AM    1.89    10:29–10:34 AM    1.05   -0.836    $-83.63  LOSS
  2026-05-01      262.5 REAL    3      9:48–9:54 AM    0.40    10:29–10:34 AM    0.07   -0.330    $-99.00  LOSS
  2026-05-08      270.0 REAL    3      9:48–9:54 AM    0.44    10:29–10:34 AM    0.36   -0.086    $-25.70  LOSS
  2026-05-15      262.5 REAL    1      9:48–9:54 AM    1.43    10:29–10:34 AM    0.92   -0.512    $-51.23  LOSS
  2026-05-22      270.0 REAL    1      9:48–9:54 AM    2.09    10:29–10:34 AM    1.94   -0.154    $-15.40  LOSS
  2026-05-29      272.5 REAL    2      9:48–9:54 AM    0.81    10:29–10:34 AM    1.67   +0.869   $+173.80  WIN 
  2026-06-05      255.0 REAL    1      9:48–9:54 AM    2.10    10:29–10:34 AM    1.96   -0.137    $-13.70  LOSS
  2026-06-12      240.0 REAL    1      9:48–9:54 AM    5.59    10:29–10:34 AM    3.82   -1.763   $-176.27  LOSS
  2026-06-19      240.0 REAL    1      9:48–9:54 AM    3.11    10:29–10:34 AM    1.31   -1.803   $-180.33  LOSS
  2026-06-26      227.5 REAL    1      9:48–9:54 AM    1.70    10:29–10:34 AM    0.27   -1.436   $-143.57  LOSS
  2026-07-03      242.5 REAL    1      9:48–9:54 AM    1.28    10:29–10:34 AM    0.51   -0.775    $-77.53  LOSS

  SUMMARY (optimal frames)  trades: 104   wins: 47/104   win rate: 45.2%   total P&L: $+2,114.07   avg/trade: $+20.33
           best day: $+1868.00   worst day: $-180.33   skipped (no data): 0
           premium spent: $17,073.40   return on spend: +12.4%

  AMZN PUTS — HEATMAPS   (entry-frame start ↓  exit-frame start →   cyan = chosen optimal)

  Each cell = best frame pair starting in that 30-min bucket (best over all durations).

  1) WIN RATE %  (wins ÷ trades)
    Entry |   9:30  10:00  10:30  11:00  11:30  12:00  12:30   1:00   1:30   2:00   2:30   3:00   3:30
  --------+-------------------------------------------------------------------------------------------
     9:30 |    42%    42%    43%    41%    33%    35%    38%    34%    31%    32%    28%    30%    31%
    10:00 |      ·    59%    54%    39%    37%    37%    36%    35%    35%    36%    37%    37%    38%
    10:30 |      ·      ·    57%    45%    33%    32%    38%    32%    36%    38%    36%    32%    35%
    11:00 |      ·      ·      ·    43%    46%    44%    40%    38%    37%    38%    35%    35%    36%
    11:30 |      ·      ·      ·      ·    44%    45%    47%    43%    39%    37%    36%    35%    30%
    12:00 |      ·      ·      ·      ·      ·    50%    51%    40%    41%    39%    36%    36%    35%
    12:30 |      ·      ·      ·      ·      ·      ·    53%    43%    42%    41%    37%    36%    31%
     1:00 |      ·      ·      ·      ·      ·      ·      ·    54%    50%    42%    34%    34%    34%
     1:30 |      ·      ·      ·      ·      ·      ·      ·      ·    52%    45%    38%    26%    30%
     2:00 |      ·      ·      ·      ·      ·      ·      ·      ·      ·    41%    41%    28%    31%
     2:30 |      ·      ·      ·      ·      ·      ·      ·      ·      ·      ·    48%    51%    33%
     3:00 |      ·      ·      ·      ·      ·      ·      ·      ·      ·      ·      ·    54%    38%
     3:30 |      ·      ·      ·      ·      ·      ·      ·      ·      ·      ·      ·      ·    38%

  2) WIN COUNT  (number of winning trades)
    Entry |   9:30  10:00  10:30  11:00  11:30  12:00  12:30   1:00   1:30   2:00   2:30   3:00   3:30
  --------+-------------------------------------------------------------------------------------------
     9:30 |     44     44     45     43     34     36     39     34     31     32     28     30     29
    10:00 |      ·     61     56     41     38     38     37     35     35     36     37     37     36
    10:30 |      ·      ·     59     46     34     33     40     32     36     38     36     32     33
    11:00 |      ·      ·      ·     45     47     45     42     38     37     38     35     35     36
    11:30 |      ·      ·      ·      ·     46     47     49     43     39     37     36     35     30
    12:00 |      ·      ·      ·      ·      ·     52     53     40     41     39     35     36     34
    12:30 |      ·      ·      ·      ·      ·      ·     55     42     41     41     36     36     31
     1:00 |      ·      ·      ·      ·      ·      ·      ·     52     51     42     32     32     32
     1:30 |      ·      ·      ·      ·      ·      ·      ·      ·     51     45     37     26     30
     2:00 |      ·      ·      ·      ·      ·      ·      ·      ·      ·     39     41     28     30
     2:30 |      ·      ·      ·      ·      ·      ·      ·      ·      ·      ·     45     50     32
     3:00 |      ·      ·      ·      ·      ·      ·      ·      ·      ·      ·      ·     53     37
     3:30 |      ·      ·      ·      ·      ·      ·      ·      ·      ·      ·      ·      ·     38

  3a) AVG P&L PER TRADE  ($ per contract)
    Entry |   9:30  10:00  10:30  11:00  11:30  12:00  12:30   1:00   1:30   2:00   2:30   3:00   3:30
  --------+-------------------------------------------------------------------------------------------
     9:30 |    +14    +18    +18    +15     +5     +2     -6     +4     +2     +3     +5     +0     +6
    10:00 |      ·     +6     +8     +6    -12     -9     -6     -4    -12    -22    -18    -21    -14
    10:30 |      ·      ·     +4     +6     +2     +0    -16     +4    -19    -19    -20     +2     +6
    11:00 |      ·      ·      ·     +1     -3    -10     -8    -17    -12    -18    -23    -24    -15
    11:30 |      ·      ·      ·      ·     +3     +3     -4    -12    -12    -15    -16    -10     +0
    12:00 |      ·      ·      ·      ·      ·     -4     +1     +0     -5    -15     -2     -9    -17
    12:30 |      ·      ·      ·      ·      ·      ·     +3     +3     +2    -10     -5     -0     +1
     1:00 |      ·      ·      ·      ·      ·      ·      ·     +2     +4     -8     +1     +3     +1
     1:30 |      ·      ·      ·      ·      ·      ·      ·      ·     +6     -5    -10     +2     +4
     2:00 |      ·      ·      ·      ·      ·      ·      ·      ·      ·     +2     +3     +4     +8
     2:30 |      ·      ·      ·      ·      ·      ·      ·      ·      ·      ·     +7     +5     +1
     3:00 |      ·      ·      ·      ·      ·      ·      ·      ·      ·      ·      ·     +2     +2
     3:30 |      ·      ·      ·      ·      ·      ·      ·      ·      ·      ·      ·      ·     +4

  3b) TOTAL P&L  ($ per contract, summed over all Fridays)
    Entry |    9:30   10:00   10:30   11:00   11:30   12:00   12:30    1:00    1:30    2:00    2:30    3:00    3:30
  --------+--------------------------------------------------------------------------------------------------------
     9:30 |   +1504   +1832   +1894   +1544    +558    +249    -583    +380    +222    +326    +469     +39    +560
    10:00 |       ·    +591    +842    +651   -1247    -903    -650    -370   -1186   -2134   -1808   -2115   -1348
    10:30 |       ·       ·    +443    +616    +200      +3   -1698    +403   -1955   -1969   -1997    +195    +528
    11:00 |       ·       ·       ·    +133    -284   -1010    -788   -1755   -1165   -1778   -2270   -2406   -1489
    11:30 |       ·       ·       ·       ·    +282    +263    -369   -1204   -1232   -1450   -1596   -1011      +6
    12:00 |       ·       ·       ·       ·       ·    -392    +125     +44    -534   -1493    -185    -892   -1646
    12:30 |       ·       ·       ·       ·       ·       ·    +301    +301    +191    -952    -452     -33    +110
     1:00 |       ·       ·       ·       ·       ·       ·       ·    +165    +419    -778    +114    +310     +77
     1:30 |       ·       ·       ·       ·       ·       ·       ·       ·    +591    -536    -991    +191    +431
     2:00 |       ·       ·       ·       ·       ·       ·       ·       ·       ·    +178    +303    +388    +755
     2:30 |       ·       ·       ·       ·       ·       ·       ·       ·       ·       ·    +654    +492     +83
     3:00 |       ·       ·       ·       ·       ·       ·       ·       ·       ·       ·       ·    +179    +147
     3:30 |       ·       ·       ·       ·       ·       ·       ·       ·       ·       ·       ·       ·    +437

──────────────────────────────────────────────────────────────────────────────────────
  AMZN PUTS — TOP 15 FRAME PAIRS (by win_rate × avg payoff)
──────────────────────────────────────────────────────────────────────────────────────
   #        Entry frame         Exit frame  Trades   Wins    Win%    Avg P&L     Total P&L
  --  -----------------  -----------------  ------  -----  ------  ---------  ------------
   1       9:45–9:55 AM     10:30–10:35 AM     104     45  43.3%    $+18.21    $+1,893.59
   2       9:50–9:55 AM     10:30–10:35 AM     104     43  41.3%    $+18.78    $+1,953.23
   3       9:40–9:50 AM     10:30–10:35 AM     104     43  41.3%    $+18.03    $+1,875.50
   4       9:50–9:55 AM     10:25–10:35 AM     104     44  42.3%    $+17.62    $+1,832.13
   5       9:40–9:55 AM     10:30–10:35 AM     104     43  41.3%    $+17.78    $+1,849.37
   6       9:45–9:55 AM     10:25–10:35 AM     104     44  42.3%    $+16.92    $+1,759.96
   7       9:50–9:55 AM     10:25–10:40 AM     104     44  42.3%    $+16.26    $+1,690.72
   8       9:40–9:55 AM     10:25–10:35 AM     104     43  41.3%    $+16.31    $+1,695.88
   9       9:40–9:50 AM     10:25–10:35 AM     104     42  40.4%    $+16.57    $+1,722.99
  10       9:50–9:55 AM     10:30–10:40 AM     104     43  41.3%    $+15.93    $+1,657.22
  11       9:45–9:50 AM     10:05–10:50 AM     104     44  42.3%    $+15.40    $+1,601.29
  12       9:50–9:55 AM     10:25–10:30 AM     104     42  40.4%    $+16.07    $+1,671.10
  13       9:45–9:55 AM     10:25–10:30 AM     104     44  42.3%    $+15.26    $+1,586.66
  14       9:50–9:55 AM     10:30–11:00 AM     104     42  40.4%    $+15.94    $+1,657.76
  15       9:50–9:55 AM     10:15–11:00 AM     104     45  43.3%    $+14.84    $+1,543.66

──────────────────────────────────────────────────────────────────────────────────────
  Saved CSV: C:\actions-runner\_work\EoD_OptionTrading\EoD_OptionTrading\results\friday_intraday\backtest_friday_intraday_timeframe_puts_730days_2026-07-09_1615.csv
  Saved TXT: C:\actions-runner\_work\EoD_OptionTrading\EoD_OptionTrading\results\friday_intraday\backtest_friday_intraday_timeframe_puts_730days_2026-07-09_1615.txt
  Saved TXT (outliers removed): C:\actions-runner\_work\EoD_OptionTrading\EoD_OptionTrading\results\friday_intraday\backtest_friday_intraday_timeframe_puts_730days_2026-07-09_1615_outliers_removed.txt
──────────────────────────────────────────────────────────────────────────────────────


██████████████████████████████████████████████████████████████████████████████████████
  AAPL CALLS
██████████████████████████████████████████████████████████████████████████████████████
======================================================================================
  AAPL CALLS
======================================================================================
  Optimal entry frame : 3:50–3:55 PM   (5 min)
  Optimal exit frame  : 3:55–4:00 PM   (5 min)
  Data source         : REAL prices

  Date           Strike  Src  Qty       Entry frame    Buy$        Exit frame   Sell$   P&L/sh      P&L $  Result
  ------------ -------- ---- ---- ----------------- ------- ----------------- ------- -------- ----------  ------
  2024-07-12      230.0 REAL    3      3:50–3:55 PM    0.45      3:55–4:00 PM    0.44   -0.008     $-2.40  LOSS
  2024-07-19      225.0 REAL   56      3:50–3:55 PM    0.02      3:55–4:00 PM    0.01   -0.006    $-33.60  LOSS
  2024-07-26      217.5 REAL    6      3:50–3:55 PM    0.18      3:55–4:00 PM    0.28   +0.094    $+56.40  WIN 
  2024-08-02      220.0 REAL    4      3:50–3:55 PM    0.31      3:55–4:00 PM    0.11   -0.200    $-80.00  LOSS
  2024-08-09      212.5 REAL    1      3:50–3:55 PM    3.70      3:55–4:00 PM    3.60   -0.096     $-9.60  LOSS
  2024-08-16      222.5 REAL    1      3:50–3:55 PM    3.27      3:55–4:00 PM    3.56   +0.292    $+29.25  WIN 
  2024-08-23      225.0 REAL    1      3:50–3:55 PM    1.91      3:55–4:00 PM    1.85   -0.064     $-6.40  LOSS
  2024-08-30      230.0 REAL   16      3:50–3:55 PM    0.06      3:55–4:00 PM    0.01   -0.054    $-86.40  LOSS
  2024-09-06      225.0 REAL    —      3:50–3:55 PM       —      3:55–4:00 PM       —        —          —  skip
  2024-09-13      222.5 REAL    6      3:50–3:55 PM    0.18      3:55–4:00 PM    0.07   -0.118    $-70.80  LOSS
  2024-09-20      230.0 REAL    1      3:50–3:55 PM    2.46      3:55–4:00 PM    0.35   -2.114   $-211.40  LOSS
  2024-09-27      230.0 REAL  101      3:50–3:55 PM    0.01      3:55–4:00 PM    0.01   +0.000     $+0.00  LOSS
  2024-10-04      227.5 REAL  100      3:50–3:55 PM    0.01      3:55–4:00 PM    0.01   +0.000     $+0.00  LOSS
  2024-10-11      227.5 REAL    2      3:50–3:55 PM    0.76      3:55–4:00 PM    0.21   -0.554   $-110.80  LOSS
  2024-10-18      235.0 REAL    9      3:50–3:55 PM    0.12      3:55–4:00 PM    0.15   +0.030    $+27.00  WIN 
  2024-10-25      230.0 REAL    1      3:50–3:55 PM    1.55      3:55–4:00 PM    1.36   -0.186    $-18.60  LOSS
  2024-11-01      222.5 REAL    4      3:50–3:55 PM    0.29      3:55–4:00 PM    0.54   +0.248    $+99.20  WIN 
  2024-11-08      227.5 REAL   32      3:50–3:55 PM    0.03      3:55–4:00 PM    0.01   -0.018    $-57.60  LOSS
  2024-11-15      227.5 REAL   84      3:50–3:55 PM    0.01      3:55–4:00 PM    0.01   -0.002    $-16.80  LOSS
  2024-11-22      227.5 REAL    1      3:50–3:55 PM    2.14      3:55–4:00 PM    2.49   +0.356    $+35.60  WIN 
  2024-11-29      235.0 REAL    —      3:50–3:55 PM       —      3:55–4:00 PM       —        —          —  skip
  2024-12-06      242.5 REAL    4      3:50–3:55 PM    0.29      3:55–4:00 PM    0.26   -0.030    $-12.00  LOSS
  2024-12-13      247.5 REAL    2      3:50–3:55 PM    0.55      3:55–4:00 PM    0.60   +0.054    $+10.80  WIN 
  2024-12-20      247.5 REAL    1      3:50–3:55 PM    5.65      3:55–4:00 PM    6.58   +0.925    $+92.50  WIN 
  2024-12-27      257.5 REAL  100      3:50–3:55 PM    0.01      3:55–4:00 PM    0.01   +0.000     $+0.00  LOSS
  2025-01-03      242.5 REAL    4      3:50–3:55 PM    0.33      3:55–4:00 PM    0.82   +0.488   $+195.20  WIN 
  2025-01-10      237.5 REAL   36      3:50–3:55 PM    0.03      3:55–4:00 PM    0.03   +0.006    $+21.60  WIN 
  2025-01-17      232.5 REAL  101      3:50–3:55 PM    0.01      3:55–4:00 PM    0.01   +0.000     $+0.00  LOSS
  2025-01-24      225.0 REAL  101      3:50–3:55 PM    0.01      3:55–4:00 PM    0.01   +0.000     $+0.00  LOSS
  2025-01-31      247.5 REAL  100      3:50–3:55 PM    0.01      3:55–4:00 PM    0.01   +0.000     $+0.00  LOSS
  2025-02-07      232.5 REAL  100      3:50–3:55 PM    0.01      3:55–4:00 PM    0.01   +0.000     $+0.00  LOSS
  2025-02-14      242.5 REAL    1      3:50–3:55 PM    2.33      3:55–4:00 PM    2.36   +0.026     $+2.60  WIN 
  2025-02-21      247.5 REAL   84      3:50–3:55 PM    0.01      3:55–4:00 PM    0.01   -0.002    $-16.80  LOSS
  2025-02-28      235.0 REAL    1      3:50–3:55 PM    5.63      3:55–4:00 PM    6.67   +1.031   $+103.10  WIN 
  2025-03-07      235.0 REAL    1      3:50–3:55 PM    3.68      3:55–4:00 PM    4.37   +0.690    $+69.00  WIN 
  2025-03-14      212.5 REAL    2      3:50–3:55 PM    0.71      3:55–4:00 PM    1.10   +0.390    $+78.00  WIN 
  2025-03-21      212.5 REAL    1      3:50–3:55 PM    4.39      3:55–4:00 PM    5.78   +1.389   $+138.85  WIN 
  2025-03-28      222.5 REAL  100      3:50–3:55 PM    0.01      3:55–4:00 PM    0.01   +0.000     $+0.00  LOSS
  2025-04-04      195.0 REAL  101      3:50–3:55 PM    0.01      3:55–4:00 PM    0.01   +0.002    $+20.20  WIN 
  2025-04-11      190.0 REAL    1      3:50–3:55 PM    8.30      3:55–4:00 PM    8.17   -0.130    $-13.00  LOSS
  2025-04-18      195.0 REAL    1      3:50–3:55 PM    1.44      3:55–4:00 PM    1.90   +0.456    $+45.60  WIN 
  2025-04-25      207.5 REAL    1      3:50–3:55 PM    1.50      3:55–4:00 PM    1.75   +0.248    $+24.80  WIN 
  2025-05-02      205.0 REAL    5      3:50–3:55 PM    0.21      3:55–4:00 PM    0.23   +0.022    $+11.00  WIN 
  2025-05-09      200.0 REAL   84      3:50–3:55 PM    0.01      3:55–4:00 PM    0.01   -0.002    $-16.80  LOSS
  2025-05-16      212.5 REAL   84      3:50–3:55 PM    0.01      3:55–4:00 PM    0.01   -0.002    $-16.80  LOSS
  2025-05-23      195.0 REAL    2      3:50–3:55 PM    0.51      3:55–4:00 PM    0.47   -0.034     $-6.80  LOSS
  2025-05-30      200.0 REAL    2      3:50–3:55 PM    0.71      3:55–4:00 PM    1.52   +0.802   $+160.40  WIN 
  2025-06-06      205.0 REAL    9      3:50–3:55 PM    0.12      3:55–4:00 PM    0.02   -0.108    $-97.20  LOSS
  2025-06-13      200.0 REAL  100      3:50–3:55 PM    0.01      3:55–4:00 PM    0.01   +0.000     $+0.00  LOSS
  2025-06-20      200.0 REAL    3      3:50–3:55 PM    0.43      3:55–4:00 PM    1.07   +0.640   $+192.00  WIN 
  2025-06-27      202.5 REAL   72      3:50–3:55 PM    0.01      3:55–4:00 PM    0.01   -0.004    $-28.80  LOSS
  2025-07-04      212.5 REAL    —      3:50–3:55 PM       —      3:55–4:00 PM       —        —          —  skip
  2025-07-11      210.0 REAL    1      3:50–3:55 PM    1.20      3:55–4:00 PM    1.13   -0.072     $-7.20  LOSS
  2025-07-18      210.0 REAL    1      3:50–3:55 PM    1.10      3:55–4:00 PM    1.07   -0.026     $-2.60  LOSS
  2025-07-25      215.0 REAL   84      3:50–3:55 PM    0.01      3:55–4:00 PM    0.01   -0.002    $-16.80  LOSS
  2025-08-01      210.0 REAL  101      3:50–3:55 PM    0.01      3:55–4:00 PM    0.01   +0.000     $+0.00  LOSS
  2025-08-08      220.0 REAL    1      3:50–3:55 PM    9.49      3:55–4:00 PM    9.37   -0.122    $-12.20  LOSS
  2025-08-15      232.5 REAL   34      3:50–3:55 PM    0.03      3:55–4:00 PM    0.04   +0.008    $+27.20  WIN 
  2025-08-22      227.5 REAL    3      3:50–3:55 PM    0.46      3:55–4:00 PM    0.38   -0.078    $-23.40  LOSS
  2025-08-29      232.5 REAL    7      3:50–3:55 PM    0.16      3:55–4:00 PM    0.16   +0.004     $+2.80  WIN 
  2025-09-05      240.0 REAL   18      3:50–3:55 PM    0.06      3:55–4:00 PM    0.01   -0.044    $-79.20  LOSS
  2025-09-12      230.0 REAL    1      3:50–3:55 PM    3.91      3:55–4:00 PM    4.10   +0.184    $+18.40  WIN 
  2025-09-19      242.5 REAL    1      3:50–3:55 PM    3.04      3:55–4:00 PM    3.02   -0.012     $-1.20  LOSS
  2025-09-26      255.0 REAL    4      3:50–3:55 PM    0.27      3:55–4:00 PM    0.37   +0.100    $+40.00  WIN 
  2025-10-03      255.0 REAL    1      3:50–3:55 PM    2.71      3:55–4:00 PM    2.76   +0.056     $+5.60  WIN 
  2025-10-10      255.0 REAL    —      3:50–3:55 PM       —      3:55–4:00 PM       —        —          —  skip
  2025-10-17      247.5 REAL    1      3:50–3:55 PM    5.11      3:55–4:00 PM    4.74   -0.373    $-37.33  LOSS
  2025-10-24      260.0 REAL    1      3:50–3:55 PM    3.09      3:55–4:00 PM    2.82   -0.274    $-27.40  LOSS
  2025-10-31      277.5 REAL  100      3:50–3:55 PM    0.01      3:55–4:00 PM    0.01   +0.000     $+0.00  LOSS
  2025-11-07      267.5 REAL    3      3:50–3:55 PM    0.48      3:55–4:00 PM    0.97   +0.494   $+148.20  WIN 
  2025-11-14      272.5 REAL    4      3:50–3:55 PM    0.27      3:55–4:00 PM    0.06   -0.202    $-80.80  LOSS
  2025-11-21      267.5 REAL    1      3:50–3:55 PM    3.61      3:55–4:00 PM    3.56   -0.047     $-4.67  LOSS
  2025-11-28      277.5 REAL    —      3:50–3:55 PM       —      3:55–4:00 PM       —        —          —  skip
  2025-12-05      280.0 REAL  101      3:50–3:55 PM    0.01      3:55–4:00 PM    0.01   +0.000     $+0.00  LOSS
  2025-12-12      277.5 REAL    3      3:50–3:55 PM    0.44      3:55–4:00 PM    0.70   +0.260    $+78.00  WIN 
  2025-12-19      272.5 REAL   36      3:50–3:55 PM    0.03      3:55–4:00 PM    0.75   +0.722  $+2599.20  WIN 
  2025-12-26      275.0 REAL  100      3:50–3:55 PM    0.01      3:55–4:00 PM    0.01   +0.000     $+0.00  LOSS
  2026-01-02      272.5 REAL   81      3:50–3:55 PM    0.01      3:55–4:00 PM    0.01   -0.003    $-20.25  LOSS
  2026-01-09      260.0 REAL   72      3:50–3:55 PM    0.01      3:55–4:00 PM    0.01   -0.004    $-28.80  LOSS
  2026-01-16      257.5 REAL  100      3:50–3:55 PM    0.01      3:55–4:00 PM    0.01   +0.000     $+0.00  LOSS
  2026-01-23      245.0 REAL    1      3:50–3:55 PM    3.23      3:55–4:00 PM    2.96   -0.275    $-27.45  LOSS
  2026-01-30      255.0 REAL    1      3:50–3:55 PM    5.48      3:55–4:00 PM    4.76   -0.716    $-71.60  LOSS
  2026-02-06      277.5 REAL    1      3:50–3:55 PM    1.18      3:55–4:00 PM    0.98   -0.192    $-19.20  LOSS
  2026-02-13      262.5 REAL    —      3:50–3:55 PM       —      3:55–4:00 PM       —        —          —  skip
  2026-02-20      260.0 REAL    1      3:50–3:55 PM    4.21      3:55–4:00 PM    4.62   +0.408    $+40.80  WIN 
  2026-02-27      270.0 REAL   22      3:50–3:55 PM    0.05      3:55–4:00 PM    0.01   -0.037    $-80.67  LOSS
  2026-03-06      257.5 REAL   18      3:50–3:55 PM    0.06      3:55–4:00 PM    0.26   +0.202   $+363.60  WIN 
  2026-03-13      255.0 REAL  101      3:50–3:55 PM    0.01      3:55–4:00 PM    0.01   +0.000     $+0.00  LOSS
  2026-03-20      247.5 REAL    2      3:50–3:55 PM    0.52      3:55–4:00 PM    0.59   +0.072    $+14.40  WIN 
  2026-03-27      255.0 REAL  100      3:50–3:55 PM    0.01      3:55–4:00 PM    0.01   +0.000     $+0.00  LOSS
  2026-04-03      252.5 REAL    1      3:50–3:55 PM    3.04      3:55–4:00 PM    3.50   +0.461    $+46.05  WIN 
  2026-04-10      260.0 REAL    6      3:50–3:55 PM    0.17      3:55–4:00 PM    0.39   +0.222   $+133.20  WIN 
  2026-04-17      267.5 REAL    1      3:50–3:55 PM    2.41      3:55–4:00 PM    2.64   +0.232    $+23.20  WIN 
  2026-04-24      272.5 REAL  100      3:50–3:55 PM    0.01      3:55–4:00 PM    0.01   +0.004    $+40.00  WIN 
  2026-05-01      282.5 REAL   84      3:50–3:55 PM    0.01      3:55–4:00 PM    0.01   -0.002    $-16.80  LOSS
  2026-05-08      290.0 REAL    1      3:50–3:55 PM    3.99      3:55–4:00 PM    3.50   -0.486    $-48.60  LOSS
  2026-05-15      297.5 REAL    1      3:50–3:55 PM    2.43      3:55–4:00 PM    2.88   +0.449    $+44.87  WIN 
  2026-05-22      307.5 REAL    2      3:50–3:55 PM    0.83      3:55–4:00 PM    1.45   +0.620   $+124.00  WIN 
  2026-05-29      315.0 REAL  101      3:50–3:55 PM    0.01      3:55–4:00 PM    0.01   +0.004    $+40.40  WIN 
  2026-06-05      312.5 REAL  101      3:50–3:55 PM    0.01      3:55–4:00 PM    0.01   +0.000     $+0.00  LOSS
  2026-06-12      297.5 REAL  100      3:50–3:55 PM    0.01      3:55–4:00 PM    0.01   +0.000     $+0.00  LOSS
  2026-06-19      300.0 REAL   32      3:50–3:55 PM    0.03      3:55–4:00 PM    0.01   -0.018    $-57.60  LOSS
  2026-06-26      275.0 REAL    1      3:50–3:55 PM    9.57      3:55–4:00 PM   10.15   +0.575    $+57.50  WIN 
  2026-07-03      297.5 REAL    1      3:50–3:55 PM   10.57      3:55–4:00 PM   11.57   +0.992    $+99.17  WIN 

  SUMMARY (optimal frames)  trades: 98   wins: 40/98   win rate: 40.8%   total P&L: $+3,783.32   avg/trade: $+38.61
           best day: $+2599.20   worst day: $-211.40   skipped (no data): 6
           premium spent: $19,821.02   return on spend: +19.1%

  AAPL CALLS — HEATMAPS   (entry-frame start ↓  exit-frame start →   cyan = chosen optimal)

  Each cell = best frame pair starting in that 30-min bucket (best over all durations).

  1) WIN RATE %  (wins ÷ trades)
    Entry |   9:30  10:00  10:30  11:00  11:30  12:00  12:30   1:00   1:30   2:00   2:30   3:00   3:30
  --------+-------------------------------------------------------------------------------------------
     9:30 |    53%    52%    38%    39%    39%    38%    39%    39%    36%    36%    34%    33%    30%
    10:00 |      ·    52%    50%    43%    37%    38%    38%    37%    37%    37%    35%    34%    32%
    10:30 |      ·      ·    47%    55%    42%    35%    38%    34%    39%    38%    39%    35%    30%
    11:00 |      ·      ·      ·    47%    49%    31%    35%    40%    39%    39%    36%    35%    32%
    11:30 |      ·      ·      ·      ·    51%    38%    38%    42%    40%    39%    38%    36%    31%
    12:00 |      ·      ·      ·      ·      ·    45%    44%    39%    42%    35%    34%    37%    26%
    12:30 |      ·      ·      ·      ·      ·      ·    56%    50%    42%    39%    35%    36%    24%
     1:00 |      ·      ·      ·      ·      ·      ·      ·    44%    44%    41%    39%    35%    26%
     1:30 |      ·      ·      ·      ·      ·      ·      ·      ·    47%    42%    38%    39%    29%
     2:00 |      ·      ·      ·      ·      ·      ·      ·      ·      ·    45%    43%    39%    32%
     2:30 |      ·      ·      ·      ·      ·      ·      ·      ·      ·      ·    42%    40%    37%
     3:00 |      ·      ·      ·      ·      ·      ·      ·      ·      ·      ·      ·    41%    35%
     3:30 |      ·      ·      ·      ·      ·      ·      ·      ·      ·      ·      ·      ·    41%

  2) WIN COUNT  (number of winning trades)
    Entry |   9:30  10:00  10:30  11:00  11:30  12:00  12:30   1:00   1:30   2:00   2:30   3:00   3:30
  --------+-------------------------------------------------------------------------------------------
     9:30 |     55     54     40     41     41     40     41     39     36     36     34     33     30
    10:00 |      ·     54     52     45     38     39     39     37     37     37     35     34     32
    10:30 |      ·      ·     49     57     44     36     39     34     39     38     39     35     30
    11:00 |      ·      ·      ·     49     51     32     36     40     39     39     36     35     32
    11:30 |      ·      ·      ·      ·     53     40     39     42     40     39     38     36     31
    12:00 |      ·      ·      ·      ·      ·     46     45     39     42     35     34     37     26
    12:30 |      ·      ·      ·      ·      ·      ·     58     50     42     39     35     36     24
     1:00 |      ·      ·      ·      ·      ·      ·      ·     44     44     41     39     35     26
     1:30 |      ·      ·      ·      ·      ·      ·      ·      ·     47     42     38     39     29
     2:00 |      ·      ·      ·      ·      ·      ·      ·      ·      ·     45     43     39     32
     2:30 |      ·      ·      ·      ·      ·      ·      ·      ·      ·      ·     42     40     37
     3:00 |      ·      ·      ·      ·      ·      ·      ·      ·      ·      ·      ·     40     35
     3:30 |      ·      ·      ·      ·      ·      ·      ·      ·      ·      ·      ·      ·     40

  3a) AVG P&L PER TRADE  ($ per contract)
    Entry |   9:30  10:00  10:30  11:00  11:30  12:00  12:30   1:00   1:30   2:00   2:30   3:00   3:30
  --------+-------------------------------------------------------------------------------------------
     9:30 |    +10    +13    +15    +17    +19    +22    +30    +23    +20    +17    +17    +15    +12
    10:00 |      ·     +4     +3     -1     +1     +5    +17     +3     -4    -17    -17    -15    -22
    10:30 |      ·      ·     +1     +2     -6     +3    +15     +3    -11    -19    -15    -21    -33
    11:00 |      ·      ·      ·     -1     -2     +0    +15     -9     -7    -14    -18    -21    -31
    11:30 |      ·      ·      ·      ·     +1     +2    +17     +2     -3     -6    -16    -11    -27
    12:00 |      ·      ·      ·      ·      ·     +7    +23     +5     -3     +0     +1     -9     +5
    12:30 |      ·      ·      ·      ·      ·      ·    +15     +4     -6     +2     +1     -9     +2
     1:00 |      ·      ·      ·      ·      ·      ·      ·     +2     +0     -6     -8    -18     +6
     1:30 |      ·      ·      ·      ·      ·      ·      ·      ·     +3     +5     +2     -9     +8
     2:00 |      ·      ·      ·      ·      ·      ·      ·      ·      ·     +1     +5     +1     +6
     2:30 |      ·      ·      ·      ·      ·      ·      ·      ·      ·      ·     +2     -7     +3
     3:00 |      ·      ·      ·      ·      ·      ·      ·      ·      ·      ·      ·     -1    +16
     3:30 |      ·      ·      ·      ·      ·      ·      ·      ·      ·      ·      ·      ·    +39

  3b) TOTAL P&L  ($ per contract, summed over all Fridays)
    Entry |    9:30   10:00   10:30   11:00   11:30   12:00   12:30    1:00    1:30    2:00    2:30    3:00    3:30
  --------+--------------------------------------------------------------------------------------------------------
     9:30 |   +1046   +1363   +1582   +1740   +1926   +2336   +3077   +2273   +1975   +1756   +1671   +1453   +1177
    10:00 |       ·    +458    +325    -130     +79    +498   +1761    +316    -452   -1682   -1759   -1539   -2243
    10:30 |       ·       ·    +106    +230    -574    +357   +1570    +344   -1106   -1896   -1514   -2091   -3276
    11:00 |       ·       ·       ·    -134    -163     +46   +1521    -890    -666   -1395   -1807   -2102   -3081
    11:30 |       ·       ·       ·       ·     +79    +225   +1731    +214    -327    -605   -1612   -1098   -2733
    12:00 |       ·       ·       ·       ·       ·    +679   +2413    +522    -302     +40     +57    -900    +453
    12:30 |       ·       ·       ·       ·       ·       ·   +1513    +437    -601    +164    +106    -913    +190
     1:00 |       ·       ·       ·       ·       ·       ·       ·    +225     +21    -622    -822   -1788    +598
     1:30 |       ·       ·       ·       ·       ·       ·       ·       ·    +315    +500    +152    -873    +791
     2:00 |       ·       ·       ·       ·       ·       ·       ·       ·       ·     +84    +480     +97    +620
     2:30 |       ·       ·       ·       ·       ·       ·       ·       ·       ·       ·    +155    -740    +267
     3:00 |       ·       ·       ·       ·       ·       ·       ·       ·       ·       ·       ·    -112   +1631
     3:30 |       ·       ·       ·       ·       ·       ·       ·       ·       ·       ·       ·       ·   +3783

──────────────────────────────────────────────────────────────────────────────────────
  AAPL CALLS — TOP 15 FRAME PAIRS (by win_rate × avg payoff)
──────────────────────────────────────────────────────────────────────────────────────
   #        Entry frame         Exit frame  Trades   Wins    Win%    Avg P&L     Total P&L
  --  -----------------  -----------------  ------  -----  ------  ---------  ------------
   1       3:50–3:55 PM       3:55–4:00 PM      98     40  40.8%    $+38.61    $+3,783.32
   2       9:35–9:40 AM      12:55–1:00 PM     104     41  39.4%    $+29.58    $+3,076.75
   3       9:35–9:40 AM      12:55–1:15 PM     104     42  40.4%    $+27.68    $+2,878.35
   4       9:35–9:40 AM      12:50–1:00 PM     104     40  38.5%    $+28.92    $+3,007.49
   5       9:35–9:40 AM      12:50–1:20 PM     104     42  40.4%    $+27.07    $+2,815.29
   6       9:35–9:40 AM      12:50–1:05 PM     104     41  39.4%    $+27.62    $+2,872.23
   7       9:35–9:40 AM      12:55–1:05 PM     104     41  39.4%    $+27.52    $+2,861.58
   8       9:35–9:40 AM      12:45–1:15 PM     104     42  40.4%    $+26.69    $+2,776.03
   9       9:35–9:40 AM      12:55–1:25 PM     104     42  40.4%    $+26.33    $+2,738.21
  10       9:35–9:40 AM      12:50–1:10 PM     104     40  38.5%    $+27.03    $+2,810.70
  11       9:35–9:40 AM      12:55–1:10 PM     104     40  38.5%    $+26.95    $+2,802.68
  12     12:15–12:20 PM      12:55–1:00 PM     103     45  43.7%    $+23.43    $+2,413.30
  13       9:35–9:40 AM      12:50–1:35 PM     104     42  40.4%    $+25.32    $+2,633.07
  14       9:40–9:45 AM      12:55–1:00 PM     104     39  37.5%    $+27.16    $+2,824.50
  15       9:35–9:40 AM     12:50–12:55 PM     104     38  36.5%    $+27.80    $+2,891.42


██████████████████████████████████████████████████████████████████████████████████████
  OUTLIERS REMOVED (winning trades > $2,000)  —  AAPL CALLS re-optimized
██████████████████████████████████████████████████████████████████████████████████████
  (chosen frames had no winning outliers)
======================================================================================
  AAPL CALLS
======================================================================================
  Optimal entry frame : 9:34–9:39 AM   (5 min)
  Optimal exit frame  : 12:55–1:00 PM   (5 min)
  Data source         : REAL prices

  Date           Strike  Src  Qty       Entry frame    Buy$        Exit frame   Sell$   P&L/sh      P&L $  Result
  ------------ -------- ---- ---- ----------------- ------- ----------------- ------- -------- ----------  ------
  2024-07-12      230.0 REAL    1      9:34–9:39 AM    1.01     12:55–1:00 PM    1.47   +0.458    $+45.80  WIN 
  2024-07-19      225.0 REAL    1      9:34–9:39 AM    1.45     12:55–1:00 PM    0.29   -1.158   $-115.80  LOSS
  2024-07-26      217.5 REAL    1      9:34–9:39 AM    1.12     12:55–1:00 PM    1.91   +0.796    $+79.60  WIN 
  2024-08-02      220.0 REAL    1      9:34–9:39 AM    2.51     12:55–1:00 PM    4.08   +1.566   $+156.60  WIN 
  2024-08-09      212.5 REAL    1      9:34–9:39 AM    1.70     12:55–1:00 PM    2.84   +1.142   $+114.20  WIN 
  2024-08-16      222.5 REAL    1      9:34–9:39 AM    1.90     12:55–1:00 PM    4.05   +2.152   $+215.20  WIN 
  2024-08-23      225.0 REAL    1      9:34–9:39 AM    1.67     12:55–1:00 PM    0.75   -0.916    $-91.60  LOSS
  2024-08-30      230.0 REAL    1      9:34–9:39 AM    1.01     12:55–1:00 PM    0.07   -0.944    $-94.40  LOSS
  2024-09-06      225.0 REAL    2      9:34–9:39 AM    0.75     12:55–1:00 PM    0.04   -0.715   $-143.00  LOSS
  2024-09-13      222.5 REAL    1      9:34–9:39 AM    1.27     12:55–1:00 PM    1.49   +0.216    $+21.60  WIN 
  2024-09-20      230.0 REAL    1      9:34–9:39 AM    1.99     12:55–1:00 PM    2.27   +0.280    $+28.00  WIN 
  2024-09-27      230.0 REAL    3      9:34–9:39 AM    0.42     12:55–1:00 PM    0.04   -0.386   $-115.80  LOSS
  2024-10-04      227.5 REAL    2      9:34–9:39 AM    0.54     12:55–1:00 PM    0.03   -0.516   $-103.20  LOSS
  2024-10-11      227.5 REAL    1      9:34–9:39 AM    1.25     12:55–1:00 PM    0.58   -0.666    $-66.60  LOSS
  2024-10-18      235.0 REAL    2      9:34–9:39 AM    0.73     12:55–1:00 PM    0.76   +0.028     $+5.60  WIN 
  2024-10-25      230.0 REAL    1      9:34–9:39 AM    1.48     12:55–1:00 PM    2.81   +1.331   $+133.15  WIN 
  2024-11-01      222.5 REAL    1      9:34–9:39 AM    1.52     12:55–1:00 PM    0.57   -0.950    $-95.00  LOSS
  2024-11-08      227.5 REAL    1      9:34–9:39 AM    1.23     12:55–1:00 PM    0.22   -1.014   $-101.40  LOSS
  2024-11-15      227.5 REAL    3      9:34–9:39 AM    0.41     12:55–1:00 PM    0.03   -0.381   $-114.30  LOSS
  2024-11-22      227.5 REAL    1      9:34–9:39 AM    2.00     12:55–1:00 PM    2.93   +0.928    $+92.80  WIN 
  2024-11-29      235.0 REAL    3      9:34–9:39 AM    0.46     12:55–1:00 PM    2.36   +1.908   $+572.40  WIN 
  2024-12-06      242.5 REAL    2      9:34–9:39 AM    0.83     12:55–1:00 PM    0.74   -0.086    $-17.20  LOSS
  2024-12-13      247.5 REAL    1      9:34–9:39 AM    1.74     12:55–1:00 PM    0.13   -1.612   $-161.20  LOSS
  2024-12-20      247.5 REAL    2      9:34–9:39 AM    0.86     12:55–1:00 PM    5.92   +5.060  $+1012.00  WIN 
  2024-12-27      257.5 REAL    2      9:34–9:39 AM    0.53     12:55–1:00 PM    0.03   -0.504   $-100.80  LOSS
  2025-01-03      242.5 REAL    2      9:34–9:39 AM    0.99     12:55–1:00 PM    0.49   -0.506   $-101.20  LOSS
  2025-01-10      237.5 REAL    1      9:34–9:39 AM    1.84     12:55–1:00 PM    0.14   -1.702   $-170.20  LOSS
  2025-01-17      232.5 REAL    2      9:34–9:39 AM    0.59     12:55–1:00 PM    0.10   -0.488    $-97.60  LOSS
  2025-01-24      225.0 REAL    2      9:34–9:39 AM    0.79     12:55–1:00 PM    0.05   -0.744   $-148.80  LOSS
  2025-01-31      247.5 REAL    2      9:34–9:39 AM    0.51     12:55–1:00 PM    0.01   -0.498    $-99.60  LOSS
  2025-02-07      232.5 REAL    1      9:34–9:39 AM    1.58     12:55–1:00 PM    0.03   -1.556   $-155.60  LOSS
  2025-02-14      242.5 REAL    1      9:34–9:39 AM    1.37     12:55–1:00 PM    1.58   +0.210    $+21.00  WIN 
  2025-02-21      247.5 REAL    3      9:34–9:39 AM    0.41     12:55–1:00 PM    1.17   +0.768   $+230.40  WIN 
  2025-02-28      235.0 REAL    1      9:34–9:39 AM    1.91     12:55–1:00 PM    2.71   +0.801    $+80.10  WIN 
  2025-03-07      235.0 REAL    1      9:34–9:39 AM    2.70     12:55–1:00 PM    5.30   +2.600   $+260.00  WIN 
  2025-03-14      212.5 REAL    1      9:34–9:39 AM    1.73     12:55–1:00 PM    1.00   -0.726    $-72.60  LOSS
  2025-03-21      212.5 REAL    1      9:34–9:39 AM    1.35     12:55–1:00 PM    2.83   +1.481   $+148.10  WIN 
  2025-03-28      222.5 REAL    2      9:34–9:39 AM    0.77     12:55–1:00 PM    0.04   -0.734   $-146.80  LOSS
  2025-04-04      195.0 REAL    1      9:34–9:39 AM    3.81     12:55–1:00 PM    0.87   -2.940   $-294.00  LOSS
  2025-04-11      190.0 REAL    1      9:34–9:39 AM    2.65     12:55–1:00 PM    8.85   +6.200   $+620.00  WIN 
  2025-04-18      195.0 REAL    1      9:34–9:39 AM    1.69     12:55–1:00 PM    3.42   +1.728   $+172.80  WIN 
  2025-04-25      207.5 REAL    1      9:34–9:39 AM    1.76     12:55–1:00 PM    1.48   -0.276    $-27.60  LOSS
  2025-05-02      205.0 REAL    2      9:34–9:39 AM    0.98     12:55–1:00 PM    0.79   -0.188    $-37.60  LOSS
  2025-05-09      200.0 REAL    1      9:34–9:39 AM    1.11     12:55–1:00 PM    0.18   -0.936    $-93.60  LOSS
  2025-05-16      212.5 REAL    2      9:34–9:39 AM    0.67     12:55–1:00 PM    0.12   -0.558   $-111.60  LOSS
  2025-05-23      195.0 REAL    1      9:34–9:39 AM    2.69     12:55–1:00 PM    1.44   -1.254   $-125.40  LOSS
  2025-05-30      200.0 REAL    2      9:34–9:39 AM    0.63     12:55–1:00 PM    0.09   -0.544   $-108.80  LOSS
  2025-06-06      205.0 REAL    1      9:34–9:39 AM    1.04     12:55–1:00 PM    0.04   -0.998    $-99.80  LOSS
  2025-06-13      200.0 REAL    3      9:34–9:39 AM    0.46     12:55–1:00 PM    0.03   -0.428   $-128.40  LOSS
  2025-06-20      200.0 REAL    2      9:34–9:39 AM    0.70     12:55–1:00 PM    0.14   -0.564   $-112.80  LOSS
  2025-06-27      202.5 REAL    2      9:34–9:39 AM    0.85     12:55–1:00 PM    0.42   -0.428    $-85.60  LOSS
  2025-07-04      212.5 REAL    2      9:34–9:39 AM    0.66     12:55–1:00 PM    1.00   +0.334    $+66.80  WIN 
  2025-07-11      210.0 REAL    1      9:34–9:39 AM    1.14     12:55–1:00 PM    1.15   +0.008     $+0.80  WIN 
  2025-07-18      210.0 REAL    2      9:34–9:39 AM    0.94     12:55–1:00 PM    1.43   +0.498    $+99.60  WIN 
  2025-07-25      215.0 REAL    3      9:34–9:39 AM    0.45     12:55–1:00 PM    0.17   -0.272    $-81.60  LOSS
  2025-08-01      210.0 REAL    1      9:34–9:39 AM    2.17     12:55–1:00 PM    0.01   -2.160   $-216.00  LOSS
  2025-08-08      220.0 REAL    2      9:34–9:39 AM    0.96     12:55–1:00 PM   10.07   +9.114  $+1822.80  WIN 
  2025-08-15      232.5 REAL    1      9:34–9:39 AM    1.67     12:55–1:00 PM    0.20   -1.472   $-147.20  LOSS
  2025-08-22      227.5 REAL    2      9:34–9:39 AM    0.64     12:55–1:00 PM    0.55   -0.088    $-17.60  LOSS
  2025-08-29      232.5 REAL    1      9:34–9:39 AM    1.07     12:55–1:00 PM    0.89   -0.178    $-17.80  LOSS
  2025-09-05      240.0 REAL    2      9:34–9:39 AM    0.94     12:55–1:00 PM    0.29   -0.648   $-129.60  LOSS
  2025-09-12      230.0 REAL    2      9:34–9:39 AM    0.86     12:55–1:00 PM    3.26   +2.396   $+479.20  WIN 
  2025-09-19      242.5 REAL    2      9:34–9:39 AM    0.78     12:55–1:00 PM    2.80   +2.018   $+403.60  WIN 
  2025-09-26      255.0 REAL    2      9:34–9:39 AM    0.88     12:55–1:00 PM    1.42   +0.534   $+106.80  WIN 
  2025-10-03      255.0 REAL    1      9:34–9:39 AM    2.72     12:55–1:00 PM    3.85   +1.123   $+112.35  WIN 
  2025-10-10      255.0 REAL    1      9:34–9:39 AM    1.28     12:55–1:00 PM    0.01   -1.270   $-127.00  LOSS
  2025-10-17      247.5 REAL    1      9:34–9:39 AM    1.91     12:55–1:00 PM    3.65   +1.745   $+174.50  WIN 
  2025-10-24      260.0 REAL    1      9:34–9:39 AM    1.14     12:55–1:00 PM    3.09   +1.944   $+194.35  WIN 
  2025-10-31      277.5 REAL    4      9:34–9:39 AM    0.32     12:55–1:00 PM    0.02   -0.294   $-117.60  LOSS
  2025-11-07      267.5 REAL    1      9:34–9:39 AM    2.21     12:55–1:00 PM    1.59   -0.620    $-62.00  LOSS
  2025-11-14      272.5 REAL    2      9:34–9:39 AM    0.68     12:55–1:00 PM    2.68   +1.998   $+399.70  WIN 
  2025-11-21      267.5 REAL    1      9:34–9:39 AM    1.76     12:55–1:00 PM    3.85   +2.088   $+208.80  WIN 
  2025-11-28      277.5 REAL    2      9:34–9:39 AM    0.66     12:55–1:00 PM    1.33   +0.672   $+134.40  WIN 
  2025-12-05      280.0 REAL    2      9:34–9:39 AM    0.92     12:55–1:00 PM    0.26   -0.658   $-131.60  LOSS
  2025-12-12      277.5 REAL    1      9:34–9:39 AM    1.83     12:55–1:00 PM    1.43   -0.398    $-39.80  LOSS
  2025-12-19      272.5 REAL    2      9:34–9:39 AM    0.99     12:55–1:00 PM    0.24   -0.752   $-150.40  LOSS
  2025-12-26      275.0 REAL    2      9:34–9:39 AM    0.69     12:55–1:00 PM    0.14   -0.546   $-109.20  LOSS
  2026-01-02      272.5 REAL    1      9:34–9:39 AM    1.56     12:55–1:00 PM    0.04   -1.520   $-152.00  LOSS
  2026-01-09      260.0 REAL    2      9:34–9:39 AM    0.69     12:55–1:00 PM    0.17   -0.518   $-103.60  LOSS
  2026-01-16      257.5 REAL    1      9:34–9:39 AM    1.38     12:55–1:00 PM    0.06   -1.320   $-132.00  LOSS
  2026-01-23      245.0 REAL    1      9:34–9:39 AM    1.60     12:55–1:00 PM    2.90   +1.304   $+130.40  WIN 
  2026-01-30      255.0 REAL    1      9:34–9:39 AM    2.02     12:55–1:00 PM    0.87   -1.156   $-115.60  LOSS
  2026-02-06      277.5 REAL    1      9:34–9:39 AM    2.37     12:55–1:00 PM    1.15   -1.214   $-121.40  LOSS
  2026-02-13      262.5 REAL    2      9:34–9:39 AM    0.62     12:55–1:00 PM    0.06   -0.560   $-112.00  LOSS
  2026-02-20      260.0 REAL    2      9:34–9:39 AM    0.99     12:55–1:00 PM    2.89   +1.898   $+379.60  WIN 
  2026-02-27      270.0 REAL    1      9:34–9:39 AM    1.28     12:55–1:00 PM    0.10   -1.180   $-118.00  LOSS
  2026-03-06      257.5 REAL    2      9:34–9:39 AM    0.77     12:55–1:00 PM    0.36   -0.410    $-82.00  LOSS
  2026-03-13      255.0 REAL    1      9:34–9:39 AM    1.58     12:55–1:00 PM    0.07   -1.512   $-151.20  LOSS
  2026-03-20      247.5 REAL    2      9:34–9:39 AM    0.96     12:55–1:00 PM    1.31   +0.346    $+69.20  WIN 
  2026-03-27      255.0 REAL    2      9:34–9:39 AM    0.73     12:55–1:00 PM    0.07   -0.660   $-132.00  LOSS
  2026-04-03      252.5 REAL    2      9:34–9:39 AM    0.78     12:55–1:00 PM    2.20   +1.424   $+284.80  WIN 
  2026-04-10      260.0 REAL    1      9:34–9:39 AM    1.18     12:55–1:00 PM    0.69   -0.494    $-49.40  LOSS
  2026-04-17      267.5 REAL    1      9:34–9:39 AM    2.24     12:55–1:00 PM    3.47   +1.229   $+122.93  WIN 
  2026-04-24      272.5 REAL    2      9:34–9:39 AM    0.73     12:55–1:00 PM    0.16   -0.576   $-115.20  LOSS
  2026-05-01      282.5 REAL    1      9:34–9:39 AM    1.19     12:55–1:00 PM    1.37   +0.182    $+18.20  WIN 
  2026-05-08      290.0 REAL    1      9:34–9:39 AM    3.46     12:55–1:00 PM    2.37   -1.092   $-109.20  LOSS
  2026-05-15      297.5 REAL    1      9:34–9:39 AM    1.48     12:55–1:00 PM    4.71   +3.230   $+323.00  WIN 
  2026-05-22      307.5 REAL    1      9:34–9:39 AM    1.79     12:55–1:00 PM    1.68   -0.102    $-10.20  LOSS
  2026-05-29      315.0 REAL    2      9:34–9:39 AM    0.91     12:55–1:00 PM    0.04   -0.868   $-173.60  LOSS
  2026-06-05      312.5 REAL    1      9:34–9:39 AM    2.05     12:55–1:00 PM    0.35   -1.696   $-169.60  LOSS
  2026-06-12      297.5 REAL    2      9:34–9:39 AM    0.51     12:55–1:00 PM    0.02   -0.490    $-98.00  LOSS
  2026-06-19      300.0 REAL    3      9:34–9:39 AM    0.44     12:55–1:00 PM    0.07   -0.368   $-110.40  LOSS
  2026-06-26      275.0 REAL    1      9:34–9:39 AM    3.14     12:55–1:00 PM    4.07   +0.930    $+93.00  WIN 
  2026-07-03      297.5 REAL    1      9:34–9:39 AM    2.40     12:55–1:00 PM   10.86   +8.457   $+845.67  WIN 

  SUMMARY (optimal frames)  trades: 104   wins: 41/104   win rate: 39.4%   total P&L: $+3,539.15   avg/trade: $+34.03
           best day: $+1822.80   worst day: $-294.00   skipped (no data): 0
           premium spent: $17,216.20   return on spend: +20.6%

  AAPL CALLS — HEATMAPS   (entry-frame start ↓  exit-frame start →   cyan = chosen optimal)

  Each cell = best frame pair starting in that 30-min bucket (best over all durations).

  1) WIN RATE %  (wins ÷ trades)
    Entry |   9:30  10:00  10:30  11:00  11:30  12:00  12:30   1:00   1:30   2:00   2:30   3:00   3:30
  --------+-------------------------------------------------------------------------------------------
     9:30 |    53%    52%    38%    39%    39%    38%    39%    39%    36%    36%    34%    33%    30%
    10:00 |      ·    52%    50%    43%    37%    38%    38%    37%    37%    37%    35%    34%    32%
    10:30 |      ·      ·    47%    55%    42%    35%    38%    34%    39%    38%    39%    35%    30%
    11:00 |      ·      ·      ·    47%    49%    31%    35%    40%    39%    39%    36%    35%    32%
    11:30 |      ·      ·      ·      ·    51%    38%    38%    42%    40%    39%    38%    36%    31%
    12:00 |      ·      ·      ·      ·      ·    45%    44%    39%    42%    35%    34%    37%    26%
    12:30 |      ·      ·      ·      ·      ·      ·    56%    50%    42%    39%    35%    36%    24%
     1:00 |      ·      ·      ·      ·      ·      ·      ·    44%    44%    41%    39%    35%    26%
     1:30 |      ·      ·      ·      ·      ·      ·      ·      ·    47%    42%    38%    39%    29%
     2:00 |      ·      ·      ·      ·      ·      ·      ·      ·      ·    45%    43%    39%    32%
     2:30 |      ·      ·      ·      ·      ·      ·      ·      ·      ·      ·    42%    40%    37%
     3:00 |      ·      ·      ·      ·      ·      ·      ·      ·      ·      ·      ·    41%    35%
     3:30 |      ·      ·      ·      ·      ·      ·      ·      ·      ·      ·      ·      ·    38%

  2) WIN COUNT  (number of winning trades)
    Entry |   9:30  10:00  10:30  11:00  11:30  12:00  12:30   1:00   1:30   2:00   2:30   3:00   3:30
  --------+-------------------------------------------------------------------------------------------
     9:30 |     55     54     40     41     41     40     41     39     36     36     34     33     30
    10:00 |      ·     54     52     45     38     39     39     37     37     37     35     34     32
    10:30 |      ·      ·     49     57     44     36     39     34     39     38     39     35     30
    11:00 |      ·      ·      ·     49     51     32     36     40     39     39     36     35     32
    11:30 |      ·      ·      ·      ·     53     40     39     42     40     39     38     36     31
    12:00 |      ·      ·      ·      ·      ·     46     45     39     42     35     34     37     26
    12:30 |      ·      ·      ·      ·      ·      ·     58     50     42     39     35     36     24
     1:00 |      ·      ·      ·      ·      ·      ·      ·     44     44     41     39     35     26
     1:30 |      ·      ·      ·      ·      ·      ·      ·      ·     47     42     38     39     29
     2:00 |      ·      ·      ·      ·      ·      ·      ·      ·      ·     45     43     39     32
     2:30 |      ·      ·      ·      ·      ·      ·      ·      ·      ·      ·     42     40     37
     3:00 |      ·      ·      ·      ·      ·      ·      ·      ·      ·      ·      ·     40     35
     3:30 |      ·      ·      ·      ·      ·      ·      ·      ·      ·      ·      ·      ·     38

  3a) AVG P&L PER TRADE  ($ per contract)
    Entry |   9:30  10:00  10:30  11:00  11:30  12:00  12:30   1:00   1:30   2:00   2:30   3:00   3:30
  --------+-------------------------------------------------------------------------------------------
     9:30 |    +10    +13    +15    +17    +19    +22    +30    +23    +20    +17    +17    +15    +12
    10:00 |      ·     +4     +3     -1     +1     +5    +17     +3     -4    -17    -17    -15    -22
    10:30 |      ·      ·     +1     +2     -6     +3    +15     +3    -11    -19    -15    -21    -33
    11:00 |      ·      ·      ·     -1     -2     +0    +15     -9     -7    -14    -18    -21    -31
    11:30 |      ·      ·      ·      ·     +1     +2    +17     +2     -3     -6    -16    -11    -27
    12:00 |      ·      ·      ·      ·      ·     +7    +23     +5     -3     +0     +1     -9     +5
    12:30 |      ·      ·      ·      ·      ·      ·    +15     +4     -6     +2     +1     -9     +2
     1:00 |      ·      ·      ·      ·      ·      ·      ·     +2     +0     -6     -8    -18     +6
     1:30 |      ·      ·      ·      ·      ·      ·      ·      ·     +3     +5     +2     -9     +8
     2:00 |      ·      ·      ·      ·      ·      ·      ·      ·      ·     +1     +5     +1     +6
     2:30 |      ·      ·      ·      ·      ·      ·      ·      ·      ·      ·     +2     -7     +3
     3:00 |      ·      ·      ·      ·      ·      ·      ·      ·      ·      ·      ·     -1    +16
     3:30 |      ·      ·      ·      ·      ·      ·      ·      ·      ·      ·      ·      ·    +23

  3b) TOTAL P&L  ($ per contract, summed over all Fridays)
    Entry |    9:30   10:00   10:30   11:00   11:30   12:00   12:30    1:00    1:30    2:00    2:30    3:00    3:30
  --------+--------------------------------------------------------------------------------------------------------
     9:30 |   +1046   +1363   +1582   +1740   +1926   +2336   +3077   +2273   +1975   +1756   +1671   +1453   +1177
    10:00 |       ·    +458    +325    -130     +79    +498   +1761    +316    -452   -1682   -1759   -1539   -2243
    10:30 |       ·       ·    +106    +230    -574    +357   +1570    +344   -1106   -1896   -1514   -2091   -3276
    11:00 |       ·       ·       ·    -134    -163     +46   +1521    -890    -666   -1395   -1807   -2102   -3081
    11:30 |       ·       ·       ·       ·     +79    +225   +1731    +214    -327    -605   -1612   -1098   -2733
    12:00 |       ·       ·       ·       ·       ·    +679   +2413    +522    -302     +40     +57    -900    +453
    12:30 |       ·       ·       ·       ·       ·       ·   +1513    +437    -601    +164    +106    -913    +190
     1:00 |       ·       ·       ·       ·       ·       ·       ·    +225     +21    -622    -822   -1788    +598
     1:30 |       ·       ·       ·       ·       ·       ·       ·       ·    +315    +500    +152    -873    +791
     2:00 |       ·       ·       ·       ·       ·       ·       ·       ·       ·     +84    +480     +97    +620
     2:30 |       ·       ·       ·       ·       ·       ·       ·       ·       ·       ·    +155    -740    +267
     3:00 |       ·       ·       ·       ·       ·       ·       ·       ·       ·       ·       ·    -112   +1631
     3:30 |       ·       ·       ·       ·       ·       ·       ·       ·       ·       ·       ·       ·   +2287

──────────────────────────────────────────────────────────────────────────────────────
  AAPL CALLS — TOP 15 FRAME PAIRS (by win_rate × avg payoff)
──────────────────────────────────────────────────────────────────────────────────────
   #        Entry frame         Exit frame  Trades   Wins    Win%    Avg P&L     Total P&L
  --  -----------------  -----------------  ------  -----  ------  ---------  ------------
   1       9:35–9:40 AM      12:55–1:00 PM     104     41  39.4%    $+29.58    $+3,076.75
   2       9:35–9:40 AM      12:55–1:15 PM     104     42  40.4%    $+27.68    $+2,878.35
   3       9:35–9:40 AM      12:50–1:00 PM     104     40  38.5%    $+28.92    $+3,007.49
   4       9:35–9:40 AM      12:50–1:20 PM     104     42  40.4%    $+27.07    $+2,815.29
   5       9:35–9:40 AM      12:50–1:05 PM     104     41  39.4%    $+27.62    $+2,872.23
   6       9:35–9:40 AM      12:55–1:05 PM     104     41  39.4%    $+27.52    $+2,861.58
   7       9:35–9:40 AM      12:45–1:15 PM     104     42  40.4%    $+26.69    $+2,776.03
   8       9:35–9:40 AM      12:55–1:25 PM     104     42  40.4%    $+26.33    $+2,738.21
   9       9:35–9:40 AM      12:50–1:10 PM     104     40  38.5%    $+27.03    $+2,810.70
  10       9:35–9:40 AM      12:55–1:10 PM     104     40  38.5%    $+26.95    $+2,802.68
  11     12:15–12:20 PM      12:55–1:00 PM     103     45  43.7%    $+23.43    $+2,413.30
  12       9:35–9:40 AM      12:50–1:35 PM     104     42  40.4%    $+25.32    $+2,633.07
  13       9:40–9:45 AM      12:55–1:00 PM     104     39  37.5%    $+27.16    $+2,824.50
  14       9:35–9:40 AM     12:50–12:55 PM     104     38  36.5%    $+27.80    $+2,891.42
  15       9:35–9:40 AM      12:45–1:30 PM     104     42  40.4%    $+25.10    $+2,610.85

──────────────────────────────────────────────────────────────────────────────────────
  Saved CSV: C:\actions-runner\_work\EoD_OptionTrading\EoD_OptionTrading\results\friday_intraday\backtest_friday_intraday_timeframe_calls_730days_2026-07-09_1615.csv
  Saved TXT: C:\actions-runner\_work\EoD_OptionTrading\EoD_OptionTrading\results\friday_intraday\backtest_friday_intraday_timeframe_calls_730days_2026-07-09_1615.txt
  Saved TXT (outliers removed): C:\actions-runner\_work\EoD_OptionTrading\EoD_OptionTrading\results\friday_intraday\backtest_friday_intraday_timeframe_calls_730days_2026-07-09_1615_outliers_removed.txt
──────────────────────────────────────────────────────────────────────────────────────


██████████████████████████████████████████████████████████████████████████████████████
  AAPL PUTS
██████████████████████████████████████████████████████████████████████████████████████
======================================================================================
  AAPL PUTS
======================================================================================
  Optimal entry frame : 10:00–10:05 AM   (5 min)
  Optimal exit frame  : 12:04–12:10 PM   (6 min)
  Data source         : REAL prices

  Date           Strike  Src  Qty       Entry frame    Buy$        Exit frame   Sell$   P&L/sh      P&L $  Result
  ------------ -------- ---- ---- ----------------- ------- ----------------- ------- -------- ----------  ------
  2024-07-12      230.0 REAL    3    10:00–10:05 AM    0.50    12:04–12:10 PM    0.34   -0.158    $-47.30  LOSS
  2024-07-19      225.0 REAL    2    10:00–10:05 AM    0.72    12:04–12:10 PM    0.83   +0.110    $+21.93  WIN 
  2024-07-26      217.5 REAL    1    10:00–10:05 AM    1.09    12:04–12:10 PM    0.24   -0.848    $-84.83  LOSS
  2024-08-02      220.0 REAL    2    10:00–10:05 AM    0.61    12:04–12:10 PM    0.32   -0.292    $-58.40  LOSS
  2024-08-09      212.5 REAL    1    10:00–10:05 AM    1.03    12:04–12:10 PM    0.19   -0.836    $-83.63  LOSS
  2024-08-16      222.5 REAL    6    10:00–10:05 AM    0.18    12:04–12:10 PM    0.03   -0.149    $-89.20  LOSS
  2024-08-23      225.0 REAL    4    10:00–10:05 AM    0.25    12:04–12:10 PM    0.46   +0.210    $+84.00  WIN 
  2024-08-30      230.0 REAL    1    10:00–10:05 AM    1.35    12:04–12:10 PM    1.48   +0.121    $+12.10  WIN 
  2024-09-06      225.0 REAL    1    10:00–10:05 AM    1.40    12:04–12:10 PM    4.24   +2.833   $+283.27  WIN 
  2024-09-13      222.5 REAL    2    10:00–10:05 AM    0.82    12:04–12:10 PM    0.22   -0.598   $-119.60  LOSS
  2024-09-20      230.0 REAL    1    10:00–10:05 AM    1.43    12:04–12:10 PM    0.57   -0.860    $-85.97  LOSS
  2024-09-27      230.0 REAL    1    10:00–10:05 AM    1.25    12:04–12:10 PM    2.20   +0.944    $+94.40  WIN 
  2024-10-04      227.5 REAL    1    10:00–10:05 AM    2.34    12:04–12:10 PM    2.35   +0.016     $+1.57  WIN 
  2024-10-11      227.5 REAL    2    10:00–10:05 AM    0.60    12:04–12:10 PM    0.31   -0.290    $-57.93  LOSS
  2024-10-18      235.0 REAL    2    10:00–10:05 AM    0.51    12:04–12:10 PM    0.46   -0.051    $-10.20  LOSS
  2024-10-25      230.0 REAL    7    10:00–10:05 AM    0.15    12:04–12:10 PM    0.06   -0.092    $-64.17  LOSS
  2024-11-01      222.5 REAL    3    10:00–10:05 AM    0.46    12:04–12:10 PM    0.98   +0.527   $+158.10  WIN 
  2024-11-08      227.5 REAL    2    10:00–10:05 AM    0.51    12:04–12:10 PM    0.65   +0.140    $+27.93  WIN 
  2024-11-15      227.5 REAL    1    10:00–10:05 AM    2.54    12:04–12:10 PM    2.72   +0.180    $+18.00  WIN 
  2024-11-22      227.5 REAL    7    10:00–10:05 AM    0.15    12:04–12:10 PM    0.05   -0.097    $-67.67  LOSS
  2024-11-29      235.0 REAL    5    10:00–10:05 AM    0.21    12:04–12:10 PM    0.02   -0.188    $-94.17  LOSS
  2024-12-06      242.5 REAL    7    10:00–10:05 AM    0.15    12:04–12:10 PM    0.14   -0.014     $-9.80  LOSS
  2024-12-13      247.5 REAL    3    10:00–10:05 AM    0.42    12:04–12:10 PM    1.17   +0.746   $+223.80  WIN 
  2024-12-20      247.5 REAL    1    10:00–10:05 AM    1.14    12:04–12:10 PM    0.04   -1.097   $-109.67  LOSS
  2024-12-27      257.5 REAL    1    10:00–10:05 AM    1.66    12:04–12:10 PM    4.16   +2.498   $+249.80  WIN 
  2025-01-03      242.5 REAL    2    10:00–10:05 AM    0.55    12:04–12:10 PM    0.39   -0.169    $-33.80  LOSS
  2025-01-10      237.5 REAL    1    10:00–10:05 AM    1.36    12:04–12:10 PM    2.29   +0.935    $+93.50  WIN 
  2025-01-17      232.5 REAL    1    10:00–10:05 AM    2.01    12:04–12:10 PM    2.73   +0.727    $+72.73  WIN 
  2025-01-24      225.0 REAL    1    10:00–10:05 AM    1.49    12:04–12:10 PM    2.26   +0.770    $+77.00  WIN 
  2025-01-31      247.5 REAL    1    10:00–10:05 AM    4.98    12:04–12:10 PM    8.47   +3.491   $+349.07  WIN 
  2025-02-07      232.5 REAL    1    10:00–10:05 AM    1.53    12:04–12:10 PM    3.50   +1.965   $+196.50  WIN 
  2025-02-14      242.5 REAL    3    10:00–10:05 AM    0.40    12:04–12:10 PM    0.23   -0.177    $-53.10  LOSS
  2025-02-21      247.5 REAL    1    10:00–10:05 AM    1.88    12:04–12:10 PM    0.69   -1.190   $-119.03  LOSS
  2025-02-28      235.0 REAL    3    10:00–10:05 AM    0.47    12:04–12:10 PM    0.31   -0.162    $-48.50  LOSS
  2025-03-07      235.0 REAL    3    10:00–10:05 AM    0.44    12:04–12:10 PM    0.33   -0.108    $-32.40  LOSS
  2025-03-14      212.5 REAL    1    10:00–10:05 AM    1.71    12:04–12:10 PM    0.77   -0.945    $-94.50  LOSS
  2025-03-21      212.5 REAL    2    10:00–10:05 AM    0.57    12:04–12:10 PM    0.42   -0.150    $-29.93  LOSS
  2025-03-28      222.5 REAL    2    10:00–10:05 AM    0.63    12:04–12:10 PM    2.87   +2.239   $+447.73  WIN 
  2025-04-04      195.0 REAL    1    10:00–10:05 AM    1.28    12:04–12:10 PM    1.81   +0.530    $+53.03  WIN 
  2025-04-11      190.0 REAL    1    10:00–10:05 AM    2.29    12:04–12:10 PM    0.52   -1.771   $-177.13  LOSS
  2025-04-18      195.0 REAL    2    10:00–10:05 AM    0.83    12:04–12:10 PM    0.34   -0.485    $-97.00  LOSS
  2025-04-25      207.5 REAL    2    10:00–10:05 AM    0.85    12:04–12:10 PM    0.70   -0.141    $-28.20  LOSS
  2025-05-02      205.0 REAL    1    10:00–10:05 AM    2.21    12:04–12:10 PM    0.60   -1.603   $-160.27  LOSS
  2025-05-09      200.0 REAL    2    10:00–10:05 AM    0.99    12:04–12:10 PM    2.04   +1.048   $+209.53  WIN 
  2025-05-16      212.5 REAL    1    10:00–10:05 AM    1.35    12:04–12:10 PM    1.95   +0.596    $+59.60  WIN 
  2025-05-23      195.0 REAL    2    10:00–10:05 AM    0.81    12:04–12:10 PM    0.60   -0.213    $-42.67  LOSS
  2025-05-30      200.0 REAL    1    10:00–10:05 AM    1.79    12:04–12:10 PM    1.39   -0.400    $-39.97  LOSS
  2025-06-06      205.0 REAL    1    10:00–10:05 AM    1.12    12:04–12:10 PM    2.10   +0.976    $+97.60  WIN 
  2025-06-13      200.0 REAL    1    10:00–10:05 AM    3.27    12:04–12:10 PM    2.28   -0.989    $-98.93  LOSS
  2025-06-20      200.0 REAL    1    10:00–10:05 AM    1.01    12:04–12:10 PM    1.94   +0.927    $+92.70  WIN 
  2025-06-27      202.5 REAL    2    10:00–10:05 AM    0.56    12:04–12:10 PM    1.02   +0.456    $+91.20  WIN 
  2025-07-04      212.5 REAL    4    10:00–10:05 AM    0.29    12:04–12:10 PM    0.03   -0.260   $-104.13  LOSS
  2025-07-11      210.0 REAL    3    10:00–10:05 AM    0.35    12:04–12:10 PM    0.23   -0.114    $-34.30  LOSS
  2025-07-18      210.0 REAL    2    10:00–10:05 AM    0.51    12:04–12:10 PM    0.18   -0.328    $-65.53  LOSS
  2025-07-25      215.0 REAL    1    10:00–10:05 AM    1.20    12:04–12:10 PM    0.96   -0.235    $-23.50  LOSS
  2025-08-01      210.0 REAL    1    10:00–10:05 AM    4.26    12:04–12:10 PM    6.42   +2.166   $+216.60  WIN 
  2025-08-08      220.0 REAL    5    10:00–10:05 AM    0.22    12:04–12:10 PM    0.06   -0.153    $-76.33  LOSS
  2025-08-15      232.5 REAL    1    10:00–10:05 AM    1.16    12:04–12:10 PM    1.76   +0.602    $+60.20  WIN 
  2025-08-22      227.5 REAL    1    10:00–10:05 AM    1.11    12:04–12:10 PM    0.90   -0.210    $-21.00  LOSS
  2025-08-29      232.5 REAL    1    10:00–10:05 AM    1.11    12:04–12:10 PM    1.08   -0.023     $-2.30  LOSS
  2025-09-05      240.0 REAL    2    10:00–10:05 AM    0.61    12:04–12:10 PM    1.35   +0.746   $+149.13  WIN 
  2025-09-12      230.0 REAL    3    10:00–10:05 AM    0.35    12:04–12:10 PM    0.04   -0.315    $-94.60  LOSS
  2025-09-19      242.5 REAL    1    10:00–10:05 AM    1.97    12:04–12:10 PM    0.33   -1.636   $-163.63  LOSS
  2025-09-26      255.0 REAL    3    10:00–10:05 AM    0.42    12:04–12:10 PM    0.61   +0.191    $+57.30  WIN 
  2025-10-03      255.0 REAL    5    10:00–10:05 AM    0.23    12:04–12:10 PM    0.06   -0.175    $-87.50  LOSS
  2025-10-10      255.0 REAL    2    10:00–10:05 AM    0.60    12:04–12:10 PM    6.79   +6.198  $+1239.60  WIN 
  2025-10-17      247.5 REAL    2    10:00–10:05 AM    0.71    12:04–12:10 PM    0.20   -0.511   $-102.20  LOSS
  2025-10-24      260.0 REAL    2    10:00–10:05 AM    0.85    12:04–12:10 PM    0.05   -0.799   $-159.87  LOSS
  2025-10-31      277.5 REAL    —    10:00–10:05 AM       —    12:04–12:10 PM       —        —          —  skip
  2025-11-07      267.5 REAL    4    10:00–10:05 AM    0.29    12:04–12:10 PM    0.41   +0.126    $+50.27  WIN 
  2025-11-14      272.5 REAL    1    10:00–10:05 AM    1.22    12:04–12:10 PM    0.16   -1.060   $-105.97  LOSS
  2025-11-21      267.5 REAL    2    10:00–10:05 AM    0.97    12:04–12:10 PM    0.20   -0.775   $-155.07  LOSS
  2025-11-28      277.5 REAL    1    10:00–10:05 AM    1.20    12:04–12:10 PM    0.97   -0.231    $-23.07  LOSS
  2025-12-05      280.0 REAL    2    10:00–10:05 AM    0.69    12:04–12:10 PM    1.77   +1.087   $+217.47  WIN 
  2025-12-12      277.5 REAL    3    10:00–10:05 AM    0.39    12:04–12:10 PM    0.44   +0.051    $+15.40  WIN 
  2025-12-19      272.5 REAL    1    10:00–10:05 AM    1.45    12:04–12:10 PM    1.67   +0.215    $+21.47  WIN 
  2025-12-26      275.0 REAL    1    10:00–10:05 AM    1.07    12:04–12:10 PM    0.56   -0.509    $-50.93  LOSS
  2026-01-02      272.5 REAL   19    10:00–10:05 AM    0.05    12:04–12:10 PM    3.06   +3.010  $+5719.00  WIN 
  2026-01-09      260.0 REAL    1    10:00–10:05 AM    3.34    12:04–12:10 PM    1.75   -1.589   $-158.90  LOSS
  2026-01-16      257.5 REAL    1    10:00–10:05 AM    1.20    12:04–12:10 PM    1.39   +0.192    $+19.20  WIN 
  2026-01-23      245.0 REAL    3    10:00–10:05 AM    0.41    12:04–12:10 PM    0.04   -0.369   $-110.60  LOSS
  2026-01-30      255.0 REAL    2    10:00–10:05 AM    0.91    12:04–12:10 PM    1.34   +0.426    $+85.27  WIN 
  2026-02-06      277.5 REAL    2    10:00–10:05 AM    0.51    12:04–12:10 PM    0.29   -0.218    $-43.53  LOSS
  2026-02-13      262.5 REAL    1    10:00–10:05 AM    3.40    12:04–12:10 PM    3.13   -0.270    $-27.00  LOSS
  2026-02-20      260.0 REAL    2    10:00–10:05 AM    0.84    12:04–12:10 PM    0.12   -0.726   $-145.13  LOSS
  2026-02-27      270.0 REAL    2    10:00–10:05 AM    0.98    12:04–12:10 PM    1.43   +0.445    $+89.00  WIN 
  2026-03-06      257.5 REAL    1    10:00–10:05 AM    2.03    12:04–12:10 PM    1.34   -0.694    $-69.37  LOSS
  2026-03-13      255.0 REAL    2    10:00–10:05 AM    0.76    12:04–12:10 PM    2.43   +1.670   $+334.00  WIN 
  2026-03-20      247.5 REAL    1    10:00–10:05 AM    1.18    12:04–12:10 PM    0.32   -0.865    $-86.50  LOSS
  2026-03-27      255.0 REAL    1    10:00–10:05 AM    1.33    12:04–12:10 PM    2.58   +1.248   $+124.80  WIN 
  2026-04-03      252.5 REAL    1    10:00–10:05 AM    1.40    12:04–12:10 PM    0.20   -1.201   $-120.07  LOSS
  2026-04-10      260.0 REAL    2    10:00–10:05 AM    0.63    12:04–12:10 PM    0.41   -0.213    $-42.53  LOSS
  2026-04-17      267.5 REAL    3    10:00–10:05 AM    0.50    12:04–12:10 PM    0.06   -0.440   $-131.90  LOSS
  2026-04-24      272.5 REAL    1    10:00–10:05 AM    1.68    12:04–12:10 PM    1.82   +0.134    $+13.40  WIN 
  2026-05-01      282.5 REAL    2    10:00–10:05 AM    0.71    12:04–12:10 PM    0.39   -0.321    $-64.20  LOSS
  2026-05-08      290.0 REAL    6    10:00–10:05 AM    0.20    12:04–12:10 PM    0.13   -0.068    $-40.60  LOSS
  2026-05-15      297.5 REAL    1    10:00–10:05 AM    1.22    12:04–12:10 PM    0.11   -1.107   $-110.67  LOSS
  2026-05-22      307.5 REAL    2    10:00–10:05 AM    0.71    12:04–12:10 PM    0.07   -0.631   $-126.20  LOSS
  2026-05-29      315.0 REAL    1    10:00–10:05 AM    1.95    12:04–12:10 PM    3.93   +1.976   $+197.60  WIN 
  2026-06-05      312.5 REAL    2    10:00–10:05 AM    0.90    12:04–12:10 PM    0.75   -0.152    $-30.47  LOSS
  2026-06-12      297.5 REAL    1    10:00–10:05 AM    6.60    12:04–12:10 PM    6.85   +0.250    $+25.00  WIN 
  2026-06-19      300.0 REAL    1    10:00–10:05 AM    1.95    12:04–12:10 PM    3.07   +1.120   $+112.00  WIN 
  2026-06-26      275.0 REAL    2    10:00–10:05 AM    0.88    12:04–12:10 PM    0.58   -0.299    $-59.73  LOSS
  2026-07-03      297.5 REAL    5    10:00–10:05 AM    0.22    12:04–12:10 PM    0.02   -0.194    $-97.00  LOSS

  SUMMARY (optimal frames)  trades: 103   wins: 42/103   win rate: 40.8%   total P&L: $+6,989.50   avg/trade: $+67.86
           best day: $+5719.00   worst day: $-177.13   skipped (no data): 1
           premium spent: $16,163.80   return on spend: +43.2%

  AAPL PUTS — HEATMAPS   (entry-frame start ↓  exit-frame start →   cyan = chosen optimal)

  Each cell = best frame pair starting in that 30-min bucket (best over all durations).

  1) WIN RATE %  (wins ÷ trades)
    Entry |   9:30  10:00  10:30  11:00  11:30  12:00  12:30   1:00   1:30   2:00   2:30   3:00   3:30
  --------+-------------------------------------------------------------------------------------------
     9:30 |    36%    38%    38%    39%    39%    41%    40%    38%    40%    34%    34%    33%    33%
    10:00 |      ·    38%    39%    40%    39%    40%    41%    43%    40%    36%    33%    33%    32%
    10:30 |      ·      ·    43%    42%    44%    45%    41%    41%    35%    36%    34%    32%    31%
    11:00 |      ·      ·      ·    52%    43%    43%    49%    43%    41%    37%    34%    31%    31%
    11:30 |      ·      ·      ·      ·    49%    50%    43%    42%    42%    40%    34%    32%    32%
    12:00 |      ·      ·      ·      ·      ·    42%    49%    43%    44%    41%    35%    30%    30%
    12:30 |      ·      ·      ·      ·      ·      ·    48%    47%    44%    43%    35%    32%    35%
     1:00 |      ·      ·      ·      ·      ·      ·      ·    48%    42%    42%    38%    32%    37%
     1:30 |      ·      ·      ·      ·      ·      ·      ·      ·    42%    46%    36%    37%    38%
     2:00 |      ·      ·      ·      ·      ·      ·      ·      ·      ·    46%    39%    39%    41%
     2:30 |      ·      ·      ·      ·      ·      ·      ·      ·      ·      ·    47%    39%    40%
     3:00 |      ·      ·      ·      ·      ·      ·      ·      ·      ·      ·      ·    40%    46%
     3:30 |      ·      ·      ·      ·      ·      ·      ·      ·      ·      ·      ·      ·    33%

  2) WIN COUNT  (number of winning trades)
    Entry |   9:30  10:00  10:30  11:00  11:30  12:00  12:30   1:00   1:30   2:00   2:30   3:00   3:30
  --------+-------------------------------------------------------------------------------------------
     9:30 |     37     39     40     41     40     42     42     38     40     34     34     33     32
    10:00 |      ·     40     41     42     40     41     43     43     40     36     33     33     31
    10:30 |      ·      ·     45     43     45     46     41     41     35     36     34     32     30
    11:00 |      ·      ·      ·     53     44     44     49     43     41     37     34     31     30
    11:30 |      ·      ·      ·      ·     50     51     43     42     42     40     34     32     30
    12:00 |      ·      ·      ·      ·      ·     43     49     43     44     41     35     30     29
    12:30 |      ·      ·      ·      ·      ·      ·     48     47     44     43     35     32     34
     1:00 |      ·      ·      ·      ·      ·      ·      ·     48     42     42     37     32     36
     1:30 |      ·      ·      ·      ·      ·      ·      ·      ·     42     46     35     37     37
     2:00 |      ·      ·      ·      ·      ·      ·      ·      ·      ·     46     38     39     40
     2:30 |      ·      ·      ·      ·      ·      ·      ·      ·      ·      ·     46     39     39
     3:00 |      ·      ·      ·      ·      ·      ·      ·      ·      ·      ·      ·     39     44
     3:30 |      ·      ·      ·      ·      ·      ·      ·      ·      ·      ·      ·      ·     32

  3a) AVG P&L PER TRADE  ($ per contract)
    Entry |   9:30  10:00  10:30  11:00  11:30  12:00  12:30   1:00   1:30   2:00   2:30   3:00   3:30
  --------+-------------------------------------------------------------------------------------------
     9:30 |    +29    +36    +43    +45    +55    +57    +45    +56    +57    +57    +44    +47    +48
    10:00 |      ·    +44    +50    +53    +64    +67    +54    +60    +67    +63    +49    +50    +52
    10:30 |      ·      ·    +13    +15    +18    +19    +17    +18    +13    +12     +9    +12    +12
    11:00 |      ·      ·      ·     +6     +5     +7     +1     -8    -12    -12    -22    -19    -23
    11:30 |      ·      ·      ·      ·     +4     +5     +2     -8    -12    -11    -20    -14    -20
    12:00 |      ·      ·      ·      ·      ·     +2     -2    -10    -10    -12    -14    -25    -18
    12:30 |      ·      ·      ·      ·      ·      ·     -1     +3     +0     -6    -16    -21    -20
     1:00 |      ·      ·      ·      ·      ·      ·      ·     +3     +5     -7    -10    -23    -18
     1:30 |      ·      ·      ·      ·      ·      ·      ·      ·     +5     -4    -13    -16    -13
     2:00 |      ·      ·      ·      ·      ·      ·      ·      ·      ·     -0     -3     -8    -10
     2:30 |      ·      ·      ·      ·      ·      ·      ·      ·      ·      ·     -5     +2     +8
     3:00 |      ·      ·      ·      ·      ·      ·      ·      ·      ·      ·      ·    +11    +18
     3:30 |      ·      ·      ·      ·      ·      ·      ·      ·      ·      ·      ·      ·    +18

  3b) TOTAL P&L  ($ per contract, summed over all Fridays)
    Entry |    9:30   10:00   10:30   11:00   11:30   12:00   12:30    1:00    1:30    2:00    2:30    3:00    3:30
  --------+--------------------------------------------------------------------------------------------------------
     9:30 |   +3041   +3763   +4475   +4693   +5711   +5903   +4710   +5619   +5792   +5723   +4397   +4611   +4678
    10:00 |       ·   +4579   +5238   +5540   +6624   +6870   +5638   +6064   +6768   +6378   +4963   +4928   +5092
    10:30 |       ·       ·   +1305   +1567   +1819   +1941   +1689   +1754   +1333   +1186    +918   +1160   +1167
    11:00 |       ·       ·       ·    +649    +481    +725    +124    -756   -1226   -1189   -2191   -1850   -2197
    11:30 |       ·       ·       ·       ·    +366    +544    +201    -825   -1167   -1082   -1988   -1382   -1864
    12:00 |       ·       ·       ·       ·       ·    +173    -208    -975   -1005   -1195   -1402   -2531   -1713
    12:30 |       ·       ·       ·       ·       ·       ·     -94    +295     +15    -602   -1618   -2087   -1933
     1:00 |       ·       ·       ·       ·       ·       ·       ·    +271    +469    -746   -1018   -2304   -1769
     1:30 |       ·       ·       ·       ·       ·       ·       ·       ·    +467    -388   -1261   -1579   -1268
     2:00 |       ·       ·       ·       ·       ·       ·       ·       ·       ·      -7    -267    -830    -980
     2:30 |       ·       ·       ·       ·       ·       ·       ·       ·       ·       ·    -537    +171    +822
     3:00 |       ·       ·       ·       ·       ·       ·       ·       ·       ·       ·       ·   +1072   +1701
     3:30 |       ·       ·       ·       ·       ·       ·       ·       ·       ·       ·       ·       ·   +1735

──────────────────────────────────────────────────────────────────────────────────────
  AAPL PUTS — TOP 15 FRAME PAIRS (by win_rate × avg payoff)
──────────────────────────────────────────────────────────────────────────────────────
   #        Entry frame         Exit frame  Trades   Wins    Win%    Avg P&L     Total P&L
  --  -----------------  -----------------  ------  -----  ------  ---------  ------------
   1     10:00–10:05 AM     12:00–12:10 PM     103     41  39.8%    $+66.70    $+6,870.17
   2     10:00–10:05 AM       1:45–2:00 PM     101     40  39.6%    $+67.01    $+6,768.47
   3     10:00–10:05 AM       1:50–1:55 PM     101     39  38.6%    $+68.72    $+6,940.62
   4     10:00–10:05 AM     12:00–12:05 PM     103     41  39.8%    $+66.33    $+6,832.33
   5     10:00–10:05 AM       1:45–1:55 PM     101     40  39.6%    $+66.33    $+6,699.65
   6     10:00–10:05 AM     12:05–12:10 PM     102     41  40.2%    $+65.24    $+6,654.70
   7     10:00–10:05 AM       1:40–2:00 PM     101     40  39.6%    $+65.59    $+6,624.73
   8     10:00–10:05 AM     12:05–12:15 PM     103     42  40.8%    $+62.85    $+6,473.84
   9     10:00–10:05 AM       1:10–2:10 PM     101     43  42.6%    $+60.04    $+6,063.94
  10     10:00–10:05 AM       1:40–1:55 PM     101     40  39.6%    $+64.31    $+6,495.18
  11     10:00–10:05 AM       1:30–2:00 PM     101     40  39.6%    $+63.95    $+6,458.54
  12     10:00–10:05 AM       1:35–1:55 PM     101     40  39.6%    $+63.92    $+6,456.20
  13     10:00–10:05 AM       1:35–2:05 PM     101     39  38.6%    $+64.97    $+6,562.18
  14     10:00–10:05 AM       1:50–2:00 PM     101     37  36.6%    $+68.46    $+6,914.29
  15     10:00–10:05 AM       1:15–2:00 PM     101     42  41.6%    $+60.30    $+6,089.91


██████████████████████████████████████████████████████████████████████████████████████
  OUTLIERS REMOVED (winning trades > $2,000)  —  AAPL PUTS re-optimized
██████████████████████████████████████████████████████████████████████████████████████
  (chosen frames had no winning outliers)
======================================================================================
  AAPL PUTS
======================================================================================
  Optimal entry frame : 10:11–10:17 AM   (6 min)
  Optimal exit frame  : 1:04–1:09 PM   (5 min)
  Data source         : REAL prices

  Date           Strike  Src  Qty       Entry frame    Buy$        Exit frame   Sell$   P&L/sh      P&L $  Result
  ------------ -------- ---- ---- ----------------- ------- ----------------- ------- -------- ----------  ------
  2024-07-12      230.0 REAL    3    10:11–10:17 AM    0.46      1:04–1:09 PM    0.11   -0.351   $-105.40  LOSS
  2024-07-19      225.0 REAL    3    10:11–10:17 AM    0.47      1:04–1:09 PM    1.50   +1.031   $+309.20  WIN 
  2024-07-26      217.5 REAL    1    10:11–10:17 AM    1.35      1:04–1:09 PM    0.12   -1.226   $-122.63  LOSS
  2024-08-02      220.0 REAL    1    10:11–10:17 AM    1.21      1:04–1:09 PM    0.13   -1.077   $-107.67  LOSS
  2024-08-09      212.5 REAL    2    10:11–10:17 AM    0.55      1:04–1:09 PM    0.09   -0.455    $-90.93  LOSS
  2024-08-16      222.5 REAL    8    10:11–10:17 AM    0.12      1:04–1:09 PM    0.03   -0.099    $-79.20  LOSS
  2024-08-23      225.0 REAL    8    10:11–10:17 AM    0.13      1:04–1:09 PM    0.33   +0.200   $+160.00  WIN 
  2024-08-30      230.0 REAL    1    10:11–10:17 AM    1.60      1:04–1:09 PM    1.75   +0.140    $+14.00  WIN 
  2024-09-06      225.0 REAL    1    10:11–10:17 AM    1.96      1:04–1:09 PM    4.04   +2.090   $+209.00  WIN 
  2024-09-13      222.5 REAL    2    10:11–10:17 AM    0.62      1:04–1:09 PM    0.12   -0.502   $-100.47  LOSS
  2024-09-20      230.0 REAL    1    10:11–10:17 AM    1.49      1:04–1:09 PM    0.52   -0.970    $-96.97  LOSS
  2024-09-27      230.0 REAL    1    10:11–10:17 AM    1.30      1:04–1:09 PM    1.73   +0.424    $+42.43  WIN 
  2024-10-04      227.5 REAL    1    10:11–10:17 AM    2.74      1:04–1:09 PM    2.39   -0.343    $-34.33  LOSS
  2024-10-11      227.5 REAL    4    10:11–10:17 AM    0.31      1:04–1:09 PM    0.32   +0.008     $+3.07  WIN 
  2024-10-18      235.0 REAL    2    10:11–10:17 AM    0.64      1:04–1:09 PM    0.16   -0.478    $-95.60  LOSS
  2024-10-25      230.0 REAL    7    10:11–10:17 AM    0.17      1:04–1:09 PM    0.04   -0.127    $-88.90  LOSS
  2024-11-01      222.5 REAL    4    10:11–10:17 AM    0.27      1:04–1:09 PM    0.67   +0.399   $+159.73  WIN 
  2024-11-08      227.5 REAL    2    10:11–10:17 AM    0.50      1:04–1:09 PM    0.58   +0.081    $+16.17  WIN 
  2024-11-15      227.5 REAL    1    10:11–10:17 AM    2.86      1:04–1:09 PM    2.88   +0.022     $+2.17  WIN 
  2024-11-22      227.5 REAL    7    10:11–10:17 AM    0.16      1:04–1:09 PM    0.02   -0.136    $-95.43  LOSS
  2024-11-29      235.0 REAL    —    10:11–10:17 AM       —      1:04–1:09 PM       —        —          —  skip
  2024-12-06      242.5 REAL    8    10:11–10:17 AM    0.14      1:04–1:09 PM    0.14   +0.005     $+4.00  WIN 
  2024-12-13      247.5 REAL    2    10:11–10:17 AM    0.55      1:04–1:09 PM    0.85   +0.305    $+61.00  WIN 
  2024-12-20      247.5 REAL    2    10:11–10:17 AM    0.60      1:04–1:09 PM    0.03   -0.572   $-114.33  LOSS
  2024-12-27      257.5 REAL    1    10:11–10:17 AM    2.22      1:04–1:09 PM    2.90   +0.673    $+67.33  WIN 
  2025-01-03      242.5 REAL    2    10:11–10:17 AM    0.54      1:04–1:09 PM    0.47   -0.070    $-13.93  LOSS
  2025-01-10      237.5 REAL    1    10:11–10:17 AM    1.74      1:04–1:09 PM    1.34   -0.396    $-39.58  LOSS
  2025-01-17      232.5 REAL    1    10:11–10:17 AM    2.21      1:04–1:09 PM    2.49   +0.285    $+28.50  WIN 
  2025-01-24      225.0 REAL    1    10:11–10:17 AM    2.08      1:04–1:09 PM    2.79   +0.708    $+70.80  WIN 
  2025-01-31      247.5 REAL    1    10:11–10:17 AM    5.51      1:04–1:09 PM    9.37   +3.860   $+386.00  WIN 
  2025-02-07      232.5 REAL    1    10:11–10:17 AM    2.29      1:04–1:09 PM    3.52   +1.232   $+123.17  WIN 
  2025-02-14      242.5 REAL    4    10:11–10:17 AM    0.27      1:04–1:09 PM    0.15   -0.119    $-47.47  LOSS
  2025-02-21      247.5 REAL    1    10:11–10:17 AM    1.92      1:04–1:09 PM    0.62   -1.302   $-130.20  LOSS
  2025-02-28      235.0 REAL    2    10:11–10:17 AM    0.53      1:04–1:09 PM    0.22   -0.301    $-60.20  LOSS
  2025-03-07      235.0 REAL    3    10:11–10:17 AM    0.42      1:04–1:09 PM    0.06   -0.362   $-108.50  LOSS
  2025-03-14      212.5 REAL    1    10:11–10:17 AM    2.61      1:04–1:09 PM    0.55   -2.063   $-206.33  LOSS
  2025-03-21      212.5 REAL    2    10:11–10:17 AM    0.64      1:04–1:09 PM    0.11   -0.532   $-106.33  LOSS
  2025-03-28      222.5 REAL    1    10:11–10:17 AM    1.42      1:04–1:09 PM    3.71   +2.287   $+228.67  WIN 
  2025-04-04      195.0 REAL    1    10:11–10:17 AM    1.47      1:04–1:09 PM    3.06   +1.594   $+159.37  WIN 
  2025-04-11      190.0 REAL    1    10:11–10:17 AM    1.94      1:04–1:09 PM    0.19   -1.754   $-175.40  LOSS
  2025-04-18      195.0 REAL    2    10:11–10:17 AM    0.86      1:04–1:09 PM    0.19   -0.669   $-133.87  LOSS
  2025-04-25      207.5 REAL    2    10:11–10:17 AM    0.96      1:04–1:09 PM    0.21   -0.755   $-151.07  LOSS
  2025-05-02      205.0 REAL    1    10:11–10:17 AM    1.43      1:04–1:09 PM    0.95   -0.479    $-47.87  LOSS
  2025-05-09      200.0 REAL    1    10:11–10:17 AM    1.23      1:04–1:09 PM    2.16   +0.929    $+92.87  WIN 
  2025-05-16      212.5 REAL    1    10:11–10:17 AM    1.47      1:04–1:09 PM    1.74   +0.270    $+27.03  WIN 
  2025-05-23      195.0 REAL    2    10:11–10:17 AM    0.55      1:04–1:09 PM    0.37   -0.179    $-35.80  LOSS
  2025-05-30      200.0 REAL    1    10:11–10:17 AM    1.41      1:04–1:09 PM    2.26   +0.857    $+85.70  WIN 
  2025-06-06      205.0 REAL    1    10:11–10:17 AM    1.25      1:04–1:09 PM    2.28   +1.028   $+102.80  WIN 
  2025-06-13      200.0 REAL    1    10:11–10:17 AM    3.94      1:04–1:09 PM    2.70   -1.240   $-124.03  LOSS
  2025-06-20      200.0 REAL    1    10:11–10:17 AM    1.11      1:04–1:09 PM    1.51   +0.403    $+40.33  WIN 
  2025-06-27      202.5 REAL    2    10:11–10:17 AM    0.80      1:04–1:09 PM    0.54   -0.263    $-52.67  LOSS
  2025-07-04      212.5 REAL    —    10:11–10:17 AM       —      1:04–1:09 PM       —        —          —  skip
  2025-07-11      210.0 REAL    5    10:11–10:17 AM    0.22      1:04–1:09 PM    0.11   -0.106    $-53.17  LOSS
  2025-07-18      210.0 REAL    2    10:11–10:17 AM    0.62      1:04–1:09 PM    0.12   -0.498    $-99.67  LOSS
  2025-07-25      215.0 REAL    1    10:11–10:17 AM    1.05      1:04–1:09 PM    0.88   -0.166    $-16.60  LOSS
  2025-08-01      210.0 REAL    1    10:11–10:17 AM    3.65      1:04–1:09 PM    8.12   +4.469   $+446.92  WIN 
  2025-08-08      220.0 REAL    5    10:11–10:17 AM    0.24      1:04–1:09 PM    0.04   -0.203   $-101.67  LOSS
  2025-08-15      232.5 REAL    2    10:11–10:17 AM    0.97      1:04–1:09 PM    1.61   +0.638   $+127.60  WIN 
  2025-08-22      227.5 REAL    2    10:11–10:17 AM    0.96      1:04–1:09 PM    0.73   -0.225    $-45.00  LOSS
  2025-08-29      232.5 REAL    1    10:11–10:17 AM    1.25      1:04–1:09 PM    0.71   -0.542    $-54.17  LOSS
  2025-09-05      240.0 REAL    2    10:11–10:17 AM    0.50      1:04–1:09 PM    0.94   +0.442    $+88.47  WIN 
  2025-09-12      230.0 REAL    7    10:11–10:17 AM    0.17      1:04–1:09 PM    0.02   -0.143   $-100.10  LOSS
  2025-09-19      242.5 REAL    1    10:11–10:17 AM    1.73      1:04–1:09 PM    0.07   -1.655   $-165.50  LOSS
  2025-09-26      255.0 REAL    2    10:11–10:17 AM    0.97      1:04–1:09 PM    0.15   -0.822   $-164.33  LOSS
  2025-10-03      255.0 REAL    8    10:11–10:17 AM    0.13      1:04–1:09 PM    0.05   -0.086    $-68.53  LOSS
  2025-10-10      255.0 REAL    2    10:11–10:17 AM    0.68      1:04–1:09 PM    7.73   +7.052  $+1410.33  WIN 
  2025-10-17      247.5 REAL    3    10:11–10:17 AM    0.43      1:04–1:09 PM    0.09   -0.333    $-99.80  LOSS
  2025-10-24      260.0 REAL    2    10:11–10:17 AM    0.62      1:04–1:09 PM    0.03   -0.594   $-118.83  LOSS
  2025-10-31      277.5 REAL    —    10:11–10:17 AM       —      1:04–1:09 PM       —        —          —  skip
  2025-11-07      267.5 REAL    7    10:11–10:17 AM    0.16      1:04–1:09 PM    0.34   +0.182   $+127.40  WIN 
  2025-11-14      272.5 REAL    2    10:11–10:17 AM    0.94      1:04–1:09 PM    0.24   -0.706   $-141.13  LOSS
  2025-11-21      267.5 REAL    2    10:11–10:17 AM    0.77      1:04–1:09 PM    0.14   -0.631   $-126.13  LOSS
  2025-11-28      277.5 REAL    —    10:11–10:17 AM       —      1:04–1:09 PM       —        —          —  skip
  2025-12-05      280.0 REAL    2    10:11–10:17 AM    0.57      1:04–1:09 PM    0.96   +0.392    $+78.33  WIN 
  2025-12-12      277.5 REAL    3    10:11–10:17 AM    0.39      1:04–1:09 PM    0.15   -0.239    $-71.60  LOSS
  2025-12-19      272.5 REAL    1    10:11–10:17 AM    1.33      1:04–1:09 PM    1.44   +0.109    $+10.93  WIN 
  2025-12-26      275.0 REAL    2    10:11–10:17 AM    0.95      1:04–1:09 PM    0.59   -0.364    $-72.80  LOSS
  2026-01-02      272.5 REAL    9    10:11–10:17 AM    0.11      1:04–1:09 PM    2.32   +2.205  $+1984.50  WIN 
  2026-01-09      260.0 REAL    1    10:11–10:17 AM    2.13      1:04–1:09 PM    1.53   -0.606    $-60.57  LOSS
  2026-01-16      257.5 REAL    1    10:11–10:17 AM    1.18      1:04–1:09 PM    2.24   +1.064   $+106.42  WIN 
  2026-01-23      245.0 REAL    3    10:11–10:17 AM    0.41      1:04–1:09 PM    0.04   -0.372   $-111.75  LOSS
  2026-01-30      255.0 REAL    3    10:11–10:17 AM    0.45      1:04–1:09 PM    0.70   +0.252    $+75.50  WIN 
  2026-02-06      277.5 REAL    2    10:11–10:17 AM    0.65      1:04–1:09 PM    0.34   -0.310    $-61.93  LOSS
  2026-02-13      262.5 REAL    1    10:11–10:17 AM    2.84      1:04–1:09 PM    3.68   +0.838    $+83.80  WIN 
  2026-02-20      260.0 REAL    2    10:11–10:17 AM    0.66      1:04–1:09 PM    0.09   -0.574   $-114.80  LOSS
  2026-02-27      270.0 REAL    1    10:11–10:17 AM    1.37      1:04–1:09 PM    3.21   +1.837   $+183.75  WIN 
  2026-03-06      257.5 REAL    1    10:11–10:17 AM    1.85      1:04–1:09 PM    1.13   -0.726    $-72.57  LOSS
  2026-03-13      255.0 REAL    2    10:11–10:17 AM    0.90      1:04–1:09 PM    3.60   +2.692   $+538.33  WIN 
  2026-03-20      247.5 REAL    2    10:11–10:17 AM    0.96      1:04–1:09 PM    0.32   -0.633   $-126.53  LOSS
  2026-03-27      255.0 REAL    1    10:11–10:17 AM    1.16      1:04–1:09 PM    2.89   +1.731   $+173.10  WIN 
  2026-04-03      252.5 REAL    1    10:11–10:17 AM    1.21      1:04–1:09 PM    0.12   -1.094   $-109.40  LOSS
  2026-04-10      260.0 REAL    3    10:11–10:17 AM    0.37      1:04–1:09 PM    0.75   +0.387   $+116.20  WIN 
  2026-04-17      267.5 REAL    3    10:11–10:17 AM    0.46      1:04–1:09 PM    0.04   -0.427   $-128.20  LOSS
  2026-04-24      272.5 REAL    1    10:11–10:17 AM    1.60      1:04–1:09 PM    2.47   +0.869    $+86.90  WIN 
  2026-05-01      282.5 REAL    3    10:11–10:17 AM    0.35      1:04–1:09 PM    0.70   +0.350   $+105.10  WIN 
  2026-05-08      290.0 REAL    5    10:11–10:17 AM    0.21      1:04–1:09 PM    0.14   -0.069    $-34.67  LOSS
  2026-05-15      297.5 REAL    2    10:11–10:17 AM    0.74      1:04–1:09 PM    0.04   -0.697   $-139.33  LOSS
  2026-05-22      307.5 REAL    2    10:11–10:17 AM    0.50      1:04–1:09 PM    0.12   -0.378    $-75.53  LOSS
  2026-05-29      315.0 REAL    1    10:11–10:17 AM    2.20      1:04–1:09 PM    4.45   +2.248   $+224.83  WIN 
  2026-06-05      312.5 REAL    2    10:11–10:17 AM    0.76      1:04–1:09 PM    2.84   +2.079   $+415.73  WIN 
  2026-06-12      297.5 REAL    1    10:11–10:17 AM    5.30      1:04–1:09 PM    6.08   +0.780    $+78.00  WIN 
  2026-06-19      300.0 REAL    1    10:11–10:17 AM    1.73      1:04–1:09 PM    2.18   +0.448    $+44.83  WIN 
  2026-06-26      275.0 REAL    3    10:11–10:17 AM    0.41      1:04–1:09 PM    0.11   -0.300    $-90.00  LOSS
  2026-07-03      297.5 REAL    9    10:11–10:17 AM    0.12      1:04–1:09 PM    0.02   -0.107    $-96.00  LOSS

  SUMMARY (optimal frames)  trades: 100   wins: 44/100   win rate: 44.0%   total P&L: $+3,614.89   avg/trade: $+36.15
           best day: $+1984.50   worst day: $-206.33   skipped (no data): 4
           premium spent: $15,890.57   return on spend: +22.7%

  AAPL PUTS — HEATMAPS   (entry-frame start ↓  exit-frame start →   cyan = chosen optimal)

  Each cell = best frame pair starting in that 30-min bucket (best over all durations).

  1) WIN RATE %  (wins ÷ trades)
    Entry |   9:30  10:00  10:30  11:00  11:30  12:00  12:30   1:00   1:30   2:00   2:30   3:00   3:30
  --------+-------------------------------------------------------------------------------------------
     9:30 |    39%    36%    40%    41%    38%    36%    36%    41%    35%    31%    32%    32%    32%
    10:00 |      ·    44%    44%    45%    43%    46%    42%    42%    38%    35%    34%    31%    32%
    10:30 |      ·      ·    43%    42%    44%    45%    41%    41%    35%    36%    34%    32%    31%
    11:00 |      ·      ·      ·    52%    43%    43%    49%    43%    41%    37%    34%    31%    31%
    11:30 |      ·      ·      ·      ·    49%    50%    43%    42%    42%    40%    34%    32%    32%
    12:00 |      ·      ·      ·      ·      ·    42%    49%    43%    44%    41%    35%    30%    30%
    12:30 |      ·      ·      ·      ·      ·      ·    48%    47%    44%    43%    35%    32%    35%
     1:00 |      ·      ·      ·      ·      ·      ·      ·    48%    42%    42%    38%    32%    37%
     1:30 |      ·      ·      ·      ·      ·      ·      ·      ·    42%    46%    36%    37%    38%
     2:00 |      ·      ·      ·      ·      ·      ·      ·      ·      ·    46%    39%    39%    41%
     2:30 |      ·      ·      ·      ·      ·      ·      ·      ·      ·      ·    47%    39%    40%
     3:00 |      ·      ·      ·      ·      ·      ·      ·      ·      ·      ·      ·    40%    46%
     3:30 |      ·      ·      ·      ·      ·      ·      ·      ·      ·      ·      ·      ·    33%

  2) WIN COUNT  (number of winning trades)
    Entry |   9:30  10:00  10:30  11:00  11:30  12:00  12:30   1:00   1:30   2:00   2:30   3:00   3:30
  --------+-------------------------------------------------------------------------------------------
     9:30 |     41     37     42     42     39     37     37     41     35     31     32     32     31
    10:00 |      ·     46     46     46     44     47     43     42     38     35     34     31     31
    10:30 |      ·      ·     45     43     45     46     41     41     35     36     34     32     30
    11:00 |      ·      ·      ·     53     44     44     49     43     41     37     34     31     30
    11:30 |      ·      ·      ·      ·     50     51     43     42     42     40     34     32     30
    12:00 |      ·      ·      ·      ·      ·     43     49     43     44     41     35     30     29
    12:30 |      ·      ·      ·      ·      ·      ·     48     47     44     43     35     32     34
     1:00 |      ·      ·      ·      ·      ·      ·      ·     48     42     42     37     32     36
     1:30 |      ·      ·      ·      ·      ·      ·      ·      ·     42     46     35     37     37
     2:00 |      ·      ·      ·      ·      ·      ·      ·      ·      ·     46     38     39     40
     2:30 |      ·      ·      ·      ·      ·      ·      ·      ·      ·      ·     46     39     39
     3:00 |      ·      ·      ·      ·      ·      ·      ·      ·      ·      ·      ·     39     44
     3:30 |      ·      ·      ·      ·      ·      ·      ·      ·      ·      ·      ·      ·     32

  3a) AVG P&L PER TRADE  ($ per contract)
    Entry |   9:30  10:00  10:30  11:00  11:30  12:00  12:30   1:00   1:30   2:00   2:30   3:00   3:30
  --------+-------------------------------------------------------------------------------------------
     9:30 |    +17    +19    +19    +21    +22    +24    +24    +26    +23    +24    +22    +25    +30
    10:00 |      ·    +27    +30    +30    +32    +32    +31    +35    +29    +27    +25    +31    +33
    10:30 |      ·      ·    +13    +15    +18    +19    +17    +18    +13    +12     +9    +12    +12
    11:00 |      ·      ·      ·     +6     +5     +7     +1     -8    -12    -12    -22    -19    -23
    11:30 |      ·      ·      ·      ·     +4     +5     +2     -8    -12    -11    -20    -14    -20
    12:00 |      ·      ·      ·      ·      ·     +2     -2    -10    -10    -12    -14    -25    -18
    12:30 |      ·      ·      ·      ·      ·      ·     -1     +3     +0     -6    -16    -21    -20
     1:00 |      ·      ·      ·      ·      ·      ·      ·     +3     +5     -7    -10    -23    -18
     1:30 |      ·      ·      ·      ·      ·      ·      ·      ·     +5     -4    -13    -16    -13
     2:00 |      ·      ·      ·      ·      ·      ·      ·      ·      ·     -0     -3     -8    -10
     2:30 |      ·      ·      ·      ·      ·      ·      ·      ·      ·      ·     -5     +2     +8
     3:00 |      ·      ·      ·      ·      ·      ·      ·      ·      ·      ·      ·    +11    +18
     3:30 |      ·      ·      ·      ·      ·      ·      ·      ·      ·      ·      ·      ·    +18

  3b) TOTAL P&L  ($ per contract, summed over all Fridays)
    Entry |    9:30   10:00   10:30   11:00   11:30   12:00   12:30    1:00    1:30    2:00    2:30    3:00    3:30
  --------+--------------------------------------------------------------------------------------------------------
     9:30 |   +1726   +2010   +2011   +2155   +2304   +2465   +2469   +2609   +2338   +2391   +2193   +2461   +2956
    10:00 |       ·   +2760   +3071   +3059   +3267   +3291   +3137   +3525   +2901   +2674   +2527   +3044   +3198
    10:30 |       ·       ·   +1305   +1567   +1819   +1941   +1689   +1754   +1333   +1186    +918   +1160   +1167
    11:00 |       ·       ·       ·    +649    +481    +725    +124    -756   -1226   -1189   -2191   -1850   -2197
    11:30 |       ·       ·       ·       ·    +366    +544    +201    -825   -1167   -1082   -1988   -1382   -1864
    12:00 |       ·       ·       ·       ·       ·    +173    -208    -975   -1005   -1195   -1402   -2531   -1713
    12:30 |       ·       ·       ·       ·       ·       ·     -94    +295     +15    -602   -1618   -2087   -1933
     1:00 |       ·       ·       ·       ·       ·       ·       ·    +271    +469    -746   -1018   -2304   -1769
     1:30 |       ·       ·       ·       ·       ·       ·       ·       ·    +467    -388   -1261   -1579   -1268
     2:00 |       ·       ·       ·       ·       ·       ·       ·       ·       ·      -7    -267    -830    -980
     2:30 |       ·       ·       ·       ·       ·       ·       ·       ·       ·       ·    -537    +171    +822
     3:00 |       ·       ·       ·       ·       ·       ·       ·       ·       ·       ·       ·   +1072   +1701
     3:30 |       ·       ·       ·       ·       ·       ·       ·       ·       ·       ·       ·       ·   +1735

──────────────────────────────────────────────────────────────────────────────────────
  AAPL PUTS — TOP 15 FRAME PAIRS (by win_rate × avg payoff)
──────────────────────────────────────────────────────────────────────────────────────
   #        Entry frame         Exit frame  Trades   Wins    Win%    Avg P&L     Total P&L
  --  -----------------  -----------------  ------  -----  ------  ---------  ------------
   1     10:10–10:20 AM       1:05–1:10 PM     100     42  42.0%    $+35.25    $+3,524.69
   2     10:15–10:20 AM     12:05–12:15 PM     103     47  45.6%    $+31.95    $+3,291.15
   3     10:15–10:20 AM     12:00–12:15 PM     103     46  44.7%    $+32.43    $+3,339.83
   4     10:15–10:20 AM     12:05–12:10 PM     102     44  43.1%    $+33.50    $+3,417.28
   5     10:15–10:20 AM     12:00–12:20 PM     103     46  44.7%    $+31.99    $+3,294.54
   6     10:10–10:25 AM     12:00–12:10 PM     103     46  44.7%    $+31.94    $+3,289.64
   7     10:10–10:20 AM       1:00–1:15 PM     100     42  42.0%    $+33.77    $+3,377.20
   8     10:10–10:20 AM       1:00–1:10 PM     100     42  42.0%    $+33.49    $+3,348.82
   9     10:10–10:25 AM     12:00–12:15 PM     103     46  44.7%    $+30.43    $+3,134.36
  10     10:15–10:20 AM  11:55 AM–12:10 PM     103     44  42.7%    $+31.72    $+3,267.34
  11     10:10–10:20 AM     11:20–11:25 AM     102     46  45.1%    $+29.99    $+3,058.75
  12     10:15–10:20 AM     12:05–12:20 PM     103     44  42.7%    $+31.45    $+3,238.99
  13     10:10–10:25 AM     12:05–12:10 PM     102     44  43.1%    $+31.07    $+3,169.51
  14     10:10–10:20 AM     11:15–11:25 AM     103     47  45.6%    $+29.34    $+3,022.01
  15     10:15–10:20 AM  11:50 AM–12:20 PM     103     46  44.7%    $+29.69    $+3,058.21

──────────────────────────────────────────────────────────────────────────────────────
  Saved CSV: C:\actions-runner\_work\EoD_OptionTrading\EoD_OptionTrading\results\friday_intraday\backtest_friday_intraday_timeframe_puts_730days_2026-07-09_1615.csv
  Saved TXT: C:\actions-runner\_work\EoD_OptionTrading\EoD_OptionTrading\results\friday_intraday\backtest_friday_intraday_timeframe_puts_730days_2026-07-09_1615.txt
  Saved TXT (outliers removed): C:\actions-runner\_work\EoD_OptionTrading\EoD_OptionTrading\results\friday_intraday\backtest_friday_intraday_timeframe_puts_730days_2026-07-09_1615_outliers_removed.txt
──────────────────────────────────────────────────────────────────────────────────────


██████████████████████████████████████████████████████████████████████████████████████
  NVDA CALLS
██████████████████████████████████████████████████████████████████████████████████████
======================================================================================
  NVDA CALLS
======================================================================================
  Optimal entry frame : 2:58–3:03 PM   (5 min)
  Optimal exit frame  : 3:31–3:36 PM   (5 min)
  Data source         : REAL prices

  Date           Strike  Src  Qty       Entry frame    Buy$        Exit frame   Sell$   P&L/sh      P&L $  Result
  ------------ -------- ---- ---- ----------------- ------- ----------------- ------- -------- ----------  ------
  2024-07-12      130.0 REAL    1      2:58–3:03 PM    1.83      3:31–3:36 PM    0.59   -1.236   $-123.60  LOSS
  2024-07-19      120.0 REAL   26      2:58–3:03 PM    0.04      3:31–3:36 PM    0.02   -0.018    $-46.80  LOSS
  2024-07-26      115.0 REAL   42      2:58–3:03 PM    0.02      3:31–3:36 PM    0.02   -0.008    $-33.60  LOSS
  2024-08-02      105.0 REAL    2      2:58–3:03 PM    0.95      3:31–3:36 PM    1.34   +0.394    $+78.80  WIN 
  2024-08-09      105.0 REAL    5      2:58–3:03 PM    0.21      3:31–3:36 PM    0.10   -0.102    $-51.00  LOSS
  2024-08-16      120.0 REAL    1      2:58–3:03 PM    4.51      3:31–3:36 PM    4.39   -0.118    $-11.80  LOSS
  2024-08-23      125.0 REAL    1      2:58–3:03 PM    3.18      3:31–3:36 PM    3.61   +0.430    $+43.00  WIN 
  2024-08-30      120.0 REAL   12      2:58–3:03 PM    0.08      3:31–3:36 PM    0.03   -0.058    $-69.60  LOSS
  2024-09-06      110.0 REAL  101      2:58–3:03 PM    0.01      3:31–3:36 PM    0.01   +0.000     $+0.00  LOSS
  2024-09-13      120.0 REAL   24      2:58–3:03 PM    0.04      3:31–3:36 PM    0.02   -0.026    $-62.40  LOSS
  2024-09-20      115.0 REAL    1      2:58–3:03 PM    1.14      3:31–3:36 PM    1.67   +0.526    $+52.60  WIN 
  2024-09-27      125.0 REAL  100      2:58–3:03 PM    0.01      3:31–3:36 PM    0.01   +0.000     $+0.00  LOSS
  2024-10-04      125.0 REAL   10      2:58–3:03 PM    0.11      3:31–3:36 PM    0.04   -0.072    $-72.00  LOSS
  2024-10-11      135.0 REAL   10      2:58–3:03 PM    0.10      3:31–3:36 PM    0.03   -0.070    $-70.00  LOSS
  2024-10-18      140.0 REAL   50      2:58–3:03 PM    0.02      3:31–3:36 PM    0.01   -0.008    $-40.00  LOSS
  2024-10-25      140.0 REAL    1      2:58–3:03 PM    1.99      3:31–3:36 PM    2.04   +0.050     $+5.00  WIN 
  2024-11-01      135.0 REAL    2      2:58–3:03 PM    0.62      3:31–3:36 PM    0.66   +0.046     $+9.20  WIN 
  2024-11-08      150.0 REAL  100      2:58–3:03 PM    0.01      3:31–3:36 PM    0.01   +0.000     $+0.00  LOSS
  2024-11-15      145.0 REAL  101      2:58–3:03 PM    0.01      3:31–3:36 PM    0.01   +0.000     $+0.00  LOSS
  2024-11-22      145.0 REAL   46      2:58–3:03 PM    0.02      3:31–3:36 PM    0.01   -0.012    $-55.20  LOSS
  2024-11-29      135.0 REAL    —      2:58–3:03 PM       —      3:31–3:36 PM       —        —          —  skip
  2024-12-06      145.0 REAL   72      2:58–3:03 PM    0.01      3:31–3:36 PM    0.01   -0.004    $-28.80  LOSS
  2024-12-13      140.0 REAL  100      2:58–3:03 PM    0.01      3:31–3:36 PM    0.01   +0.000     $+0.00  LOSS
  2024-12-20      130.0 REAL    1      2:58–3:03 PM    4.39      3:31–3:36 PM    3.27   -1.128   $-112.80  LOSS
  2024-12-27      140.0 REAL   72      2:58–3:03 PM    0.01      3:31–3:36 PM    0.01   -0.004    $-28.80  LOSS
  2025-01-03      140.0 REAL    1      2:58–3:03 PM    4.33      3:31–3:36 PM    4.12   -0.210    $-21.00  LOSS
  2025-01-10      135.0 REAL    1      2:58–3:03 PM    1.25      3:31–3:36 PM    0.62   -0.632    $-63.20  LOSS
  2025-01-17      135.0 REAL    1      2:58–3:03 PM    2.72      3:31–3:36 PM    2.65   -0.072     $-7.20  LOSS
  2025-01-24      150.0 REAL  101      2:58–3:03 PM    0.01      3:31–3:36 PM    0.01   +0.000     $+0.00  LOSS
  2025-01-31      125.0 REAL   17      2:58–3:03 PM    0.06      3:31–3:36 PM    0.01   -0.046    $-78.20  LOSS
  2025-02-07      130.0 REAL   30      2:58–3:03 PM    0.03      3:31–3:36 PM    0.02   -0.010    $-30.00  LOSS
  2025-02-14      135.0 REAL    1      2:58–3:03 PM    3.15      3:31–3:36 PM    3.64   +0.494    $+49.40  WIN 
  2025-02-21      140.0 REAL  100      2:58–3:03 PM    0.01      3:31–3:36 PM    0.01   +0.000     $+0.00  LOSS
  2025-02-28      120.0 REAL    1      2:58–3:03 PM    1.70      3:31–3:36 PM    1.84   +0.140    $+14.00  WIN 
  2025-03-07      110.0 REAL    1      2:58–3:03 PM    2.02      3:31–3:36 PM    2.39   +0.370    $+37.00  WIN 
  2025-03-14      120.0 REAL    2      2:58–3:03 PM    0.70      3:31–3:36 PM    0.86   +0.156    $+31.20  WIN 
  2025-03-21      115.0 REAL    1      2:58–3:03 PM    2.17      3:31–3:36 PM    1.76   -0.404    $-40.40  LOSS
  2025-03-28      110.0 REAL    2      2:58–3:03 PM    0.52      3:31–3:36 PM    0.10   -0.420    $-84.00  LOSS
  2025-04-04      100.0 REAL  101      2:58–3:03 PM    0.01      3:31–3:36 PM    1.15   +1.135 $+11463.50  WIN 
  2025-04-11      110.0 REAL    3      2:58–3:03 PM    0.45      3:31–3:36 PM    0.36   -0.084    $-25.20  LOSS
  2025-04-18      105.0 REAL   46      2:58–3:03 PM    0.02      3:31–3:36 PM    0.01   -0.012    $-55.20  LOSS
  2025-04-25      105.0 REAL    1      2:58–3:03 PM    6.13      3:31–3:36 PM    5.64   -0.496    $-49.60  LOSS
  2025-05-02      115.0 REAL   11      2:58–3:03 PM    0.09      3:31–3:36 PM    0.03   -0.060    $-66.00  LOSS
  2025-05-09      120.0 REAL   46      2:58–3:03 PM    0.02      3:31–3:36 PM    0.01   -0.012    $-55.20  LOSS
  2025-05-16      135.0 REAL    3      2:58–3:03 PM    0.39      3:31–3:36 PM    0.17   -0.228    $-68.40  LOSS
  2025-05-23      130.0 REAL    1      2:58–3:03 PM    1.81      3:31–3:36 PM    1.73   -0.078     $-7.80  LOSS
  2025-05-30      140.0 REAL  100      2:58–3:03 PM    0.01      3:31–3:36 PM    0.01   +0.000     $+0.00  LOSS
  2025-06-06      140.0 REAL    1      2:58–3:03 PM    2.33      3:31–3:36 PM    2.00   -0.326    $-32.60  LOSS
  2025-06-13      145.0 REAL  101      2:58–3:03 PM    0.01      3:31–3:36 PM    0.01   +0.000     $+0.00  WIN 
  2025-06-20      145.0 REAL   32      2:58–3:03 PM    0.03      3:31–3:36 PM    0.02   -0.010    $-32.00  LOSS
  2025-06-27      155.0 REAL    2      2:58–3:03 PM    0.81      3:31–3:36 PM    1.70   +0.896   $+179.20  WIN 
  2025-07-04      160.0 REAL    —      2:58–3:03 PM       —      3:31–3:36 PM       —        —          —  skip
  2025-07-11      165.0 REAL    2      2:58–3:03 PM    0.53      3:31–3:36 PM    0.18   -0.350    $-70.00  LOSS
  2025-07-18      175.0 REAL  100      2:58–3:03 PM    0.01      3:31–3:36 PM    0.01   +0.000     $+0.00  LOSS
  2025-07-25      175.0 REAL   42      2:58–3:03 PM    0.02      3:31–3:36 PM    0.01   -0.014    $-58.80  LOSS
  2025-08-01      175.0 REAL   15      2:58–3:03 PM    0.07      3:31–3:36 PM    0.03   -0.034    $-51.00  LOSS
  2025-08-08      180.0 REAL    1      2:58–3:03 PM    2.87      3:31–3:36 PM    2.57   -0.306    $-30.60  LOSS
  2025-08-15      180.0 REAL    6      2:58–3:03 PM    0.18      3:31–3:36 PM    0.12   -0.056    $-33.60  LOSS
  2025-08-22      170.0 REAL    1      2:58–3:03 PM    7.90      3:31–3:36 PM    7.91   +0.006     $+0.60  WIN 
  2025-08-29      180.0 REAL  101      2:58–3:03 PM    0.01      3:31–3:36 PM    0.01   +0.000     $+0.00  LOSS
  2025-09-05      165.0 REAL    1      2:58–3:03 PM    1.36      3:31–3:36 PM    2.01   +0.654    $+65.40  WIN 
  2025-09-12      180.0 REAL  100      2:58–3:03 PM    0.01      3:31–3:36 PM    0.01   +0.000     $+0.00  LOSS
  2025-09-19      175.0 REAL    1      2:58–3:03 PM    1.19      3:31–3:36 PM    1.33   +0.134    $+13.40  WIN 
  2025-09-26      175.0 REAL    1      2:58–3:03 PM    2.44      3:31–3:36 PM    2.67   +0.224    $+22.40  WIN 
  2025-10-03      190.0 REAL   36      2:58–3:03 PM    0.03      3:31–3:36 PM    0.01   -0.018    $-64.80  LOSS
  2025-10-10      195.0 REAL  100      2:58–3:03 PM    0.01      3:31–3:36 PM    0.01   +0.000     $+0.00  LOSS
  2025-10-17      180.0 REAL    1      2:58–3:03 PM    3.52      3:31–3:36 PM    3.38   -0.132    $-13.20  LOSS
  2025-10-24      185.0 REAL    2      2:58–3:03 PM    0.97      3:31–3:36 PM    1.86   +0.888   $+177.60  WIN 
  2025-10-31      207.5 REAL   46      2:58–3:03 PM    0.02      3:31–3:36 PM    0.01   -0.010    $-46.00  LOSS
  2025-11-07      185.0 REAL    1      2:58–3:03 PM    2.14      3:31–3:36 PM    1.87   -0.268    $-26.80  LOSS
  2025-11-14      180.0 REAL    1      2:58–3:03 PM   10.68      3:31–3:36 PM   10.08   -0.594    $-59.42  LOSS
  2025-11-21      180.0 REAL    1      2:58–3:03 PM    1.66      3:31–3:36 PM    0.78   -0.878    $-87.80  LOSS
  2025-11-28      180.0 REAL    —      2:58–3:03 PM       —      3:31–3:36 PM       —        —          —  skip
  2025-12-05      185.0 REAL  100      2:58–3:03 PM    0.01      3:31–3:36 PM    0.01   +0.000     $+0.00  LOSS
  2025-12-12      180.0 REAL  101      2:58–3:03 PM    0.01      3:31–3:36 PM    0.01   +0.000     $+0.00  LOSS
  2025-12-19      175.0 REAL    1      2:58–3:03 PM    5.49      3:31–3:36 PM    5.39   -0.096     $-9.55  LOSS
  2025-12-26      190.0 REAL    1      2:58–3:03 PM    1.95      3:31–3:36 PM    1.54   -0.406    $-40.60  LOSS
  2026-01-02      190.0 REAL   19      2:58–3:03 PM    0.05      3:31–3:36 PM    0.03   -0.024    $-45.60  LOSS
  2026-01-09      185.0 REAL    2      2:58–3:03 PM    0.83      3:31–3:36 PM    0.59   -0.240    $-48.00  LOSS
  2026-01-16      190.0 REAL   84      2:58–3:03 PM    0.01      3:31–3:36 PM    0.01   +0.002    $+16.80  WIN 
  2026-01-23      190.0 REAL  100      2:58–3:03 PM    0.01      3:31–3:36 PM    0.01   +0.000     $+0.00  LOSS
  2026-01-30      190.0 REAL    1      2:58–3:03 PM    1.10      3:31–3:36 PM    0.34   -0.756    $-75.60  LOSS
  2026-02-06      175.0 REAL    1      2:58–3:03 PM    9.98      3:31–3:36 PM   10.43   +0.454    $+45.40  WIN 
  2026-02-13      185.0 REAL   22      2:58–3:03 PM    0.05      3:31–3:36 PM    0.02   -0.030    $-66.00  LOSS
  2026-02-20      185.0 REAL    1      2:58–3:03 PM    4.36      3:31–3:36 PM    4.53   +0.166    $+16.60  WIN 
  2026-02-27      180.0 REAL    5      2:58–3:03 PM    0.25      3:31–3:36 PM    0.02   -0.224   $-112.00  LOSS
  2026-03-06      180.0 REAL    3      2:58–3:03 PM    0.46      3:31–3:36 PM    0.04   -0.418   $-125.40  LOSS
  2026-03-13      185.0 REAL   84      2:58–3:03 PM    0.01      3:31–3:36 PM    0.01   -0.002    $-16.80  LOSS
  2026-03-20      175.0 REAL   11      2:58–3:03 PM    0.10      3:31–3:36 PM    0.01   -0.082    $-90.20  LOSS
  2026-03-27      170.0 REAL   30      2:58–3:03 PM    0.03      3:31–3:36 PM    0.02   -0.012    $-36.00  LOSS
  2026-04-03      175.0 REAL    1      2:58–3:03 PM    1.93      3:31–3:36 PM    2.04   +0.104    $+10.40  WIN 
  2026-04-10      185.0 REAL    1      2:58–3:03 PM    3.84      3:31–3:36 PM    4.14   +0.304    $+30.40  WIN 
  2026-04-17      200.0 REAL    2      2:58–3:03 PM    0.96      3:31–3:36 PM    1.31   +0.350    $+70.00  WIN 
  2026-04-24      200.0 REAL    1      2:58–3:03 PM    8.22      3:31–3:36 PM    8.35   +0.128    $+12.80  WIN 
  2026-05-01      202.5 REAL   84      2:58–3:03 PM    0.01      3:31–3:36 PM    0.01   -0.002    $-16.80  LOSS
  2026-05-08      212.5 REAL    1      2:58–3:03 PM    2.72      3:31–3:36 PM    2.32   -0.398    $-39.80  LOSS
  2026-05-15      227.5 REAL    1      2:58–3:03 PM    1.49      3:31–3:36 PM    0.35   -1.138   $-113.80  LOSS
  2026-05-22      220.0 REAL  100      2:58–3:03 PM    0.01      3:31–3:36 PM    0.01   +0.000     $+0.00  LOSS
  2026-05-29      212.5 REAL    1      2:58–3:03 PM    4.32      3:31–3:36 PM    4.53   +0.204    $+20.40  WIN 
  2026-06-05      212.5 REAL   63      2:58–3:03 PM    0.02      3:31–3:36 PM    0.01   -0.006    $-37.80  LOSS
  2026-06-12      205.0 REAL    4      2:58–3:03 PM    0.29      3:31–3:36 PM    0.09   -0.204    $-81.60  LOSS
  2026-06-19      207.5 REAL    1      2:58–3:03 PM    2.35      3:31–3:36 PM    2.36   +0.018     $+1.80  WIN 
  2026-06-26      190.0 REAL    1      2:58–3:03 PM    3.77      3:31–3:36 PM    4.08   +0.307    $+30.70  WIN 
  2026-07-03      200.0 REAL  101      2:58–3:03 PM    0.01      3:31–3:36 PM    0.01   +0.000     $+0.00  LOSS

  SUMMARY (optimal frames)  trades: 101   wins: 26/101   win rate: 25.7%   total P&L: $+9,477.63   avg/trade: $+93.84
           best day: $+11463.50   worst day: $-125.40   skipped (no data): 3
           premium spent: $19,967.90   return on spend: +47.5%

  NVDA CALLS — HEATMAPS   (entry-frame start ↓  exit-frame start →   cyan = chosen optimal)

  Each cell = best frame pair starting in that 30-min bucket (best over all durations).

  1) WIN RATE %  (wins ÷ trades)
    Entry |   9:30  10:00  10:30  11:00  11:30  12:00  12:30   1:00   1:30   2:00   2:30   3:00   3:30
  --------+-------------------------------------------------------------------------------------------
     9:30 |    47%    41%    38%    35%    36%    33%    34%    33%    34%    34%    34%    33%    32%
    10:00 |      ·    49%    48%    43%    37%    34%    32%    34%    34%    34%    34%    33%    32%
    10:30 |      ·      ·    56%    44%    42%    38%    34%    35%    34%    34%    34%    32%    32%
    11:00 |      ·      ·      ·    50%    50%    38%    35%    32%    33%    34%    32%    32%    30%
    11:30 |      ·      ·      ·      ·    43%    43%    38%    34%    33%    34%    32%    30%    30%
    12:00 |      ·      ·      ·      ·      ·    42%    40%    39%    34%    34%    32%    30%    21%
    12:30 |      ·      ·      ·      ·      ·      ·    44%    43%    42%    37%    35%    30%    22%
     1:00 |      ·      ·      ·      ·      ·      ·      ·    48%    50%    40%    38%    22%    23%
     1:30 |      ·      ·      ·      ·      ·      ·      ·      ·    38%    44%    42%    22%    21%
     2:00 |      ·      ·      ·      ·      ·      ·      ·      ·      ·    53%    50%    19%    21%
     2:30 |      ·      ·      ·      ·      ·      ·      ·      ·      ·      ·    28%    28%    25%
     3:00 |      ·      ·      ·      ·      ·      ·      ·      ·      ·      ·      ·    29%    27%
     3:30 |      ·      ·      ·      ·      ·      ·      ·      ·      ·      ·      ·      ·    36%

  2) WIN COUNT  (number of winning trades)
    Entry |   9:30  10:00  10:30  11:00  11:30  12:00  12:30   1:00   1:30   2:00   2:30   3:00   3:30
  --------+-------------------------------------------------------------------------------------------
     9:30 |     49     43     39     36     37     34     35     33     34     34     34     33     32
    10:00 |      ·     51     50     45     38     35     33     34     34     34     34     33     32
    10:30 |      ·      ·     58     46     44     39     35     35     34     34     34     32     32
    11:00 |      ·      ·      ·     52     52     39     36     32     33     34     32     32     30
    11:30 |      ·      ·      ·      ·     45     45     40     34     33     34     32     30     30
    12:00 |      ·      ·      ·      ·      ·     44     42     39     34     34     32     30     21
    12:30 |      ·      ·      ·      ·      ·      ·     46     43     42     37     35     30     22
     1:00 |      ·      ·      ·      ·      ·      ·      ·     48     50     40     38     22     23
     1:30 |      ·      ·      ·      ·      ·      ·      ·      ·     38     44     42     22     21
     2:00 |      ·      ·      ·      ·      ·      ·      ·      ·      ·     54     51     19     21
     2:30 |      ·      ·      ·      ·      ·      ·      ·      ·      ·      ·     28     28     25
     3:00 |      ·      ·      ·      ·      ·      ·      ·      ·      ·      ·      ·     29     27
     3:30 |      ·      ·      ·      ·      ·      ·      ·      ·      ·      ·      ·      ·     36

  3a) AVG P&L PER TRADE  ($ per contract)
    Entry |   9:30  10:00  10:30  11:00  11:30  12:00  12:30   1:00   1:30   2:00   2:30   3:00   3:30
  --------+-------------------------------------------------------------------------------------------
     9:30 |     +8     +5    +11     +3     +4     -9    -17    -36    -36    -28    -29    -43    -46
    10:00 |      ·     -1     +4     -6    -10    -21    -22    -32    -35    -35    -35    -31    -47
    10:30 |      ·      ·     +5     +1     -3    -22    -16    -28    -29    -30    -29    -33    -42
    11:00 |      ·      ·      ·     +2     +4    -18    -18    -28    -27    -26    -26    -27    -20
    11:30 |      ·      ·      ·      ·     +1     -4     -5    -17    -24    -23    -24    -30    -28
    12:00 |      ·      ·      ·      ·      ·     +3     +2    -14    -12    -20    -14    -25    +17
    12:30 |      ·      ·      ·      ·      ·      ·     -2     +1     -6    -10    -14    -19    +25
     1:00 |      ·      ·      ·      ·      ·      ·      ·     +2     +2     -3    -10     +2    +32
     1:30 |      ·      ·      ·      ·      ·      ·      ·      ·     +0     -2     -7    +11    +46
     2:00 |      ·      ·      ·      ·      ·      ·      ·      ·      ·     +5     +5    +31    +84
     2:30 |      ·      ·      ·      ·      ·      ·      ·      ·      ·      ·     +4    +34    +81
     3:00 |      ·      ·      ·      ·      ·      ·      ·      ·      ·      ·      ·    +40    +93
     3:30 |      ·      ·      ·      ·      ·      ·      ·      ·      ·      ·      ·      ·     +2

  3b) TOTAL P&L  ($ per contract, summed over all Fridays)
    Entry |    9:30   10:00   10:30   11:00   11:30   12:00   12:30    1:00    1:30    2:00    2:30    3:00    3:30
  --------+--------------------------------------------------------------------------------------------------------
     9:30 |    +883    +489   +1155    +346    +456    -914   -1795   -3621   -3633   -2835   -2909   -4365   -4650
    10:00 |       ·     -94    +463    -642   -1076   -2143   -2282   -3210   -3489   -3523   -3532   -3148   -4708
    10:30 |       ·       ·    +476     +79    -290   -2244   -1682   -2865   -2976   -2994   -2884   -3318   -4286
    11:00 |       ·       ·       ·    +238    +402   -1852   -1876   -2783   -2718   -2670   -2620   -2688   -2048
    11:30 |       ·       ·       ·       ·    +130    -395    -502   -1716   -2437   -2335   -2392   -3045   -2861
    12:00 |       ·       ·       ·       ·       ·    +321    +256   -1425   -1237   -2065   -1436   -2542   +1740
    12:30 |       ·       ·       ·       ·       ·       ·    -239     +56    -556    -972   -1368   -1882   +2530
     1:00 |       ·       ·       ·       ·       ·       ·       ·    +250    +199    -312   -1026    +223   +3246
     1:30 |       ·       ·       ·       ·       ·       ·       ·       ·     +26    -216    -711   +1130   +4644
     2:00 |       ·       ·       ·       ·       ·       ·       ·       ·       ·    +456    +488   +3084   +8449
     2:30 |       ·       ·       ·       ·       ·       ·       ·       ·       ·       ·    +361   +3457   +8193
     3:00 |       ·       ·       ·       ·       ·       ·       ·       ·       ·       ·       ·   +4084   +9392
     3:30 |       ·       ·       ·       ·       ·       ·       ·       ·       ·       ·       ·       ·    +241

──────────────────────────────────────────────────────────────────────────────────────
  NVDA CALLS — TOP 15 FRAME PAIRS (by win_rate × avg payoff)
──────────────────────────────────────────────────────────────────────────────────────
   #        Entry frame         Exit frame  Trades   Wins    Win%    Avg P&L     Total P&L
  --  -----------------  -----------------  ------  -----  ------  ---------  ------------
   1       3:00–3:05 PM       3:30–3:35 PM     101     27  26.7%    $+92.99    $+9,391.55
   2       3:25–3:30 PM       3:30–3:35 PM     101     24  23.8%   $+103.54   $+10,457.15
   3       2:55–3:05 PM       3:30–3:35 PM     101     25  24.8%    $+81.11    $+8,192.54
   4       3:00–3:10 PM       3:30–3:35 PM     101     24  23.8%    $+80.59    $+8,139.88
   5       3:15–3:20 PM       3:30–3:35 PM     101     20  19.8%    $+94.60    $+9,554.83
   6       2:50–3:05 PM       3:30–3:35 PM     101     24  23.8%    $+78.13    $+7,891.49
   7       2:55–3:00 PM       3:30–3:35 PM     101     25  24.8%    $+73.08    $+7,380.58
   8       2:55–3:10 PM       3:30–3:35 PM     101     23  22.8%    $+78.52    $+7,930.16
   9       3:10–3:30 PM       3:30–3:35 PM     101     21  20.8%    $+84.94    $+8,579.41
  10       2:35–2:40 PM       3:30–3:35 PM     101     21  20.8%    $+84.74    $+8,558.68
  11       2:25–2:30 PM       3:30–3:35 PM     101     21  20.8%    $+83.65    $+8,448.85
  12       2:50–3:10 PM       3:30–3:35 PM     101     23  22.8%    $+76.23    $+7,699.67
  13       2:50–3:00 PM       3:30–3:35 PM     101     24  23.8%    $+72.43    $+7,315.03
  14       2:25–3:10 PM       3:30–3:35 PM     101     24  23.8%    $+71.94    $+7,266.09
  15       3:10–3:20 PM       3:30–3:35 PM     101     21  20.8%    $+81.88    $+8,270.07


██████████████████████████████████████████████████████████████████████████████████████
  OUTLIERS REMOVED (winning trades > $2,000)  —  NVDA CALLS re-optimized
██████████████████████████████████████████████████████████████████████████████████████
  (chosen frames had no winning outliers)
======================================================================================
  NVDA CALLS
======================================================================================
  Optimal entry frame : 9:37–9:45 AM   (8 min)
  Optimal exit frame  : 10:35–10:40 AM   (5 min)
  Data source         : REAL prices

  Date           Strike  Src  Qty       Entry frame    Buy$        Exit frame   Sell$   P&L/sh      P&L $  Result
  ------------ -------- ---- ---- ----------------- ------- ----------------- ------- -------- ----------  ------
  2024-07-12      130.0 REAL    3      9:37–9:45 AM    0.49    10:35–10:40 AM    0.94   +0.458   $+137.32  WIN 
  2024-07-19      120.0 REAL    1      9:37–9:45 AM    1.53    10:35–10:40 AM    0.61   -0.926    $-92.65  LOSS
  2024-07-26      115.0 REAL    1      9:37–9:45 AM    1.41    10:35–10:40 AM    0.35   -1.054   $-105.42  LOSS
  2024-08-02      105.0 REAL    1      9:37–9:45 AM    2.84    10:35–10:40 AM    0.92   -1.923   $-192.28  LOSS
  2024-08-09      105.0 REAL    1      9:37–9:45 AM    1.88    10:35–10:40 AM    0.74   -1.135   $-113.47  LOSS
  2024-08-16      120.0 REAL    1      9:37–9:45 AM    2.98    10:35–10:40 AM    4.28   +1.302   $+130.17  WIN 
  2024-08-23      125.0 REAL    1      9:37–9:45 AM    2.56    10:35–10:40 AM    3.83   +1.272   $+127.20  WIN 
  2024-08-30      120.0 REAL    1      9:37–9:45 AM    1.14    10:35–10:40 AM    0.88   -0.266    $-26.57  LOSS
  2024-09-06      110.0 REAL    6      9:37–9:45 AM    0.17    10:35–10:40 AM    0.04   -0.137    $-81.90  LOSS
  2024-09-13      120.0 REAL    2      9:37–9:45 AM    0.91    10:35–10:40 AM    0.35   -0.568   $-113.55  LOSS
  2024-09-20      115.0 REAL    1      9:37–9:45 AM    3.20    10:35–10:40 AM    2.30   -0.898    $-89.85  LOSS
  2024-09-27      125.0 REAL    4      9:37–9:45 AM    0.26    10:35–10:40 AM    0.06   -0.206    $-82.60  LOSS
  2024-10-04      125.0 REAL    2      9:37–9:45 AM    0.67    10:35–10:40 AM    0.17   -0.500    $-99.95  LOSS
  2024-10-11      135.0 REAL    2      9:37–9:45 AM    0.62    10:35–10:40 AM    0.84   +0.221    $+44.15  WIN 
  2024-10-18      140.0 REAL    4      9:37–9:45 AM    0.27    10:35–10:40 AM    0.11   -0.157    $-62.80  LOSS
  2024-10-25      140.0 REAL    1      9:37–9:45 AM    2.28    10:35–10:40 AM    3.48   +1.206   $+120.65  WIN 
  2024-11-01      135.0 REAL    1      9:37–9:45 AM    1.21    10:35–10:40 AM    2.11   +0.901    $+90.15  WIN 
  2024-11-08      150.0 REAL    3      9:37–9:45 AM    0.44    10:35–10:40 AM    0.06   -0.377   $-113.17  LOSS
  2024-11-15      145.0 REAL    2      9:37–9:45 AM    0.53    10:35–10:40 AM    0.17   -0.357    $-71.45  LOSS
  2024-11-22      145.0 REAL    1      9:37–9:45 AM    1.20    10:35–10:40 AM    0.31   -0.889    $-88.95  LOSS
  2024-11-29      135.0 REAL    1      9:37–9:45 AM    1.91    10:35–10:40 AM    4.03   +2.116   $+211.63  WIN 
  2024-12-06      145.0 REAL    2      9:37–9:45 AM    0.69    10:35–10:40 AM    0.35   -0.342    $-68.35  LOSS
  2024-12-13      140.0 REAL    3      9:37–9:45 AM    0.41    10:35–10:40 AM    0.08   -0.337   $-101.10  LOSS
  2024-12-20      130.0 REAL    2      9:37–9:45 AM    0.93    10:35–10:40 AM    3.28   +2.354   $+470.90  WIN 
  2024-12-27      140.0 REAL   10      9:37–9:45 AM    0.11    10:35–10:40 AM    0.05   -0.061    $-60.75  LOSS
  2025-01-03      140.0 REAL    1      9:37–9:45 AM    2.49    10:35–10:40 AM    3.32   +0.835    $+83.45  WIN 
  2025-01-10      135.0 REAL    1      9:37–9:45 AM    1.45    10:35–10:40 AM    1.74   +0.292    $+29.17  WIN 
  2025-01-17      135.0 REAL    1      9:37–9:45 AM    1.57    10:35–10:40 AM    2.46   +0.888    $+88.80  WIN 
  2025-01-24      150.0 REAL    9      9:37–9:45 AM    0.12    10:35–10:40 AM    0.04   -0.082    $-73.58  LOSS
  2025-01-31      125.0 REAL    2      9:37–9:45 AM    1.00    10:35–10:40 AM    2.17   +1.176   $+235.15  WIN 
  2025-02-07      130.0 REAL    1      9:37–9:45 AM    1.04    10:35–10:40 AM    0.60   -0.443    $-44.25  LOSS
  2025-02-14      135.0 REAL    1      9:37–9:45 AM    2.05    10:35–10:40 AM    3.04   +0.986    $+98.60  WIN 
  2025-02-21      140.0 REAL    1      9:37–9:45 AM    1.06    10:35–10:40 AM    0.47   -0.582    $-58.23  LOSS
  2025-02-28      120.0 REAL    1      9:37–9:45 AM    1.11    10:35–10:40 AM    2.95   +1.832   $+183.23  WIN 
  2025-03-07      110.0 REAL    1      9:37–9:45 AM    2.95    10:35–10:40 AM    1.45   -1.502   $-150.25  LOSS
  2025-03-14      120.0 REAL    1      9:37–9:45 AM    1.21    10:35–10:40 AM    0.99   -0.213    $-21.30  LOSS
  2025-03-21      115.0 REAL    1      9:37–9:45 AM    1.69    10:35–10:40 AM    1.66   -0.032     $-3.15  LOSS
  2025-03-28      110.0 REAL    1      9:37–9:45 AM    2.60    10:35–10:40 AM    0.68   -1.921   $-192.05  LOSS
  2025-04-04      100.0 REAL    2      9:37–9:45 AM    0.54    10:35–10:40 AM    0.13   -0.415    $-83.05  LOSS
  2025-04-11      110.0 REAL    1      9:37–9:45 AM    1.51    10:35–10:40 AM    0.99   -0.524    $-52.40  LOSS
  2025-04-18      105.0 REAL    3      9:37–9:45 AM    0.45    10:35–10:40 AM    0.10   -0.347   $-104.10  LOSS
  2025-04-25      105.0 REAL    1      9:37–9:45 AM    2.58    10:35–10:40 AM    3.09   +0.512    $+51.18  WIN 
  2025-05-02      115.0 REAL    2      9:37–9:45 AM    0.81    10:35–10:40 AM    0.31   -0.502   $-100.35  LOSS
  2025-05-09      120.0 REAL    5      9:37–9:45 AM    0.20    10:35–10:40 AM    0.04   -0.165    $-82.50  LOSS
  2025-05-16      135.0 REAL    1      9:37–9:45 AM    1.24    10:35–10:40 AM    0.70   -0.539    $-53.95  LOSS
  2025-05-23      130.0 REAL    1      9:37–9:45 AM    1.40    10:35–10:40 AM    1.53   +0.137    $+13.70  WIN 
  2025-05-30      140.0 REAL    5      9:37–9:45 AM    0.25    10:35–10:40 AM    0.10   -0.145    $-72.38  LOSS
  2025-06-06      140.0 REAL    1      9:37–9:45 AM    2.64    10:35–10:40 AM    2.37   -0.273    $-27.25  LOSS
  2025-06-13      145.0 REAL    7      9:37–9:45 AM    0.15    10:35–10:40 AM    0.04   -0.110    $-76.65  LOSS
  2025-06-20      145.0 REAL    1      9:37–9:45 AM    1.04    10:35–10:40 AM    0.49   -0.557    $-55.70  LOSS
  2025-06-27      155.0 REAL    1      9:37–9:45 AM    1.52    10:35–10:40 AM    2.45   +0.926    $+92.60  WIN 
  2025-07-04      160.0 REAL    8      9:37–9:45 AM    0.14    10:35–10:40 AM    0.92   +0.778   $+622.80  WIN 
  2025-07-11      165.0 REAL    2      9:37–9:45 AM    0.99    10:35–10:40 AM    2.67   +1.681   $+336.30  WIN 
  2025-07-18      175.0 REAL    4      9:37–9:45 AM    0.31    10:35–10:40 AM    0.07   -0.246    $-98.30  LOSS
  2025-07-25      175.0 REAL    6      9:37–9:45 AM    0.20    10:35–10:40 AM    0.30   +0.102    $+61.50  WIN 
  2025-08-01      175.0 REAL    2      9:37–9:45 AM    0.51    10:35–10:40 AM    1.51   +1.000   $+200.00  WIN 
  2025-08-08      180.0 REAL    1      9:37–9:45 AM    2.20    10:35–10:40 AM    2.61   +0.411    $+41.13  WIN 
  2025-08-15      180.0 REAL    1      9:37–9:45 AM    1.20    10:35–10:40 AM    0.65   -0.551    $-55.07  LOSS
  2025-08-22      170.0 REAL    1      9:37–9:45 AM    4.11    10:35–10:40 AM    7.08   +2.962   $+296.22  WIN 
  2025-08-29      180.0 REAL    6      9:37–9:45 AM    0.18    10:35–10:40 AM    0.07   -0.119    $-71.40  LOSS
  2025-09-05      165.0 REAL    1      9:37–9:45 AM    3.28    10:35–10:40 AM    1.32   -1.963   $-196.28  LOSS
  2025-09-12      180.0 REAL   15      9:37–9:45 AM    0.07    10:35–10:40 AM    0.13   +0.055    $+82.12  WIN 
  2025-09-19      175.0 REAL    1      9:37–9:45 AM    1.88    10:35–10:40 AM    2.96   +1.077   $+107.72  WIN 
  2025-09-26      175.0 REAL    1      9:37–9:45 AM    2.68    10:35–10:40 AM    1.48   -1.198   $-119.80  LOSS
  2025-10-03      190.0 REAL    2      9:37–9:45 AM    0.85    10:35–10:40 AM    0.31   -0.544   $-108.75  LOSS
  2025-10-10      195.0 REAL    4      9:37–9:45 AM    0.31    10:35–10:40 AM    1.01   +0.694   $+277.40  WIN 
  2025-10-17      180.0 REAL    1      9:37–9:45 AM    1.88    10:35–10:40 AM    2.87   +0.993    $+99.30  WIN 
  2025-10-24      185.0 REAL    1      9:37–9:45 AM    1.42    10:35–10:40 AM    0.79   -0.632    $-63.25  LOSS
  2025-10-31      207.5 REAL    1      9:37–9:45 AM    1.16    10:35–10:40 AM    0.54   -0.621    $-62.05  LOSS
  2025-11-07      185.0 REAL    1      9:37–9:45 AM    1.04    10:35–10:40 AM    0.39   -0.654    $-65.37  LOSS
  2025-11-14      180.0 REAL    1      9:37–9:45 AM    5.26    10:35–10:40 AM    7.73   +2.466   $+246.63  WIN 
  2025-11-21      180.0 REAL    1      9:37–9:45 AM    1.57    10:35–10:40 AM    0.39   -1.183   $-118.30  LOSS
  2025-11-28      180.0 REAL    3      9:37–9:45 AM    0.46    10:35–10:40 AM    0.18   -0.281    $-84.45  LOSS
  2025-12-05      185.0 REAL    4      9:37–9:45 AM    0.25    10:35–10:40 AM    0.20   -0.055    $-22.10  LOSS
  2025-12-12      180.0 REAL    1      9:37–9:45 AM    2.46    10:35–10:40 AM    0.63   -1.825   $-182.50  LOSS
  2025-12-19      175.0 REAL    1      9:37–9:45 AM    3.75    10:35–10:40 AM    4.36   +0.613    $+61.30  WIN 
  2025-12-26      190.0 REAL    1      9:37–9:45 AM    2.19    10:35–10:40 AM    2.05   -0.138    $-13.80  LOSS
  2026-01-02      190.0 REAL    1      9:37–9:45 AM    1.81    10:35–10:40 AM    1.57   -0.240    $-24.05  LOSS
  2026-01-09      185.0 REAL    1      9:37–9:45 AM    1.35    10:35–10:40 AM    0.86   -0.498    $-49.77  LOSS
  2026-01-16      190.0 REAL    1      9:37–9:45 AM    1.02    10:35–10:40 AM    0.13   -0.888    $-88.85  LOSS
  2026-01-23      190.0 REAL    4      9:37–9:45 AM    0.27    10:35–10:40 AM    0.13   -0.145    $-58.10  LOSS
  2026-01-30      190.0 REAL    1      9:37–9:45 AM    2.78    10:35–10:40 AM    3.02   +0.242    $+24.25  WIN 
  2026-02-06      175.0 REAL    1      9:37–9:45 AM    4.09    10:35–10:40 AM    7.49   +3.403   $+340.32  WIN 
  2026-02-13      185.0 REAL    1      9:37–9:45 AM    1.04    10:35–10:40 AM    0.96   -0.079     $-7.85  LOSS
  2026-02-20      185.0 REAL    1      9:37–9:45 AM    3.33    10:35–10:40 AM    3.23   -0.102    $-10.20  LOSS
  2026-02-27      180.0 REAL    1      9:37–9:45 AM    1.97    10:35–10:40 AM    2.25   +0.284    $+28.40  WIN 
  2026-03-06      180.0 REAL    1      9:37–9:45 AM    1.99    10:35–10:40 AM    2.50   +0.507    $+50.68  WIN 
  2026-03-13      185.0 REAL    1      9:37–9:45 AM    1.11    10:35–10:40 AM    0.29   -0.815    $-81.47  LOSS
  2026-03-20      175.0 REAL    1      9:37–9:45 AM    2.73    10:35–10:40 AM    1.31   -1.427   $-142.70  LOSS
  2026-03-27      170.0 REAL    1      9:37–9:45 AM    1.31    10:35–10:40 AM    0.24   -1.074   $-107.40  LOSS
  2026-04-03      175.0 REAL    6      9:37–9:45 AM    0.19    10:35–10:40 AM    1.60   +1.414   $+848.25  WIN 
  2026-04-10      185.0 REAL    1      9:37–9:45 AM    1.32    10:35–10:40 AM    3.43   +2.109   $+210.93  WIN 
  2026-04-17      200.0 REAL    1      9:37–9:45 AM    1.28    10:35–10:40 AM    1.13   -0.156    $-15.57  LOSS
  2026-04-24      200.0 REAL    1      9:37–9:45 AM    2.82    10:35–10:40 AM    4.18   +1.361   $+136.13  WIN 
  2026-05-01      202.5 REAL    1      9:37–9:45 AM    1.17    10:35–10:40 AM    0.20   -0.973    $-97.32  LOSS
  2026-05-08      212.5 REAL    1      9:37–9:45 AM    3.74    10:35–10:40 AM    2.77   -0.966    $-96.63  LOSS
  2026-05-15      227.5 REAL    1      9:37–9:45 AM    1.64    10:35–10:40 AM    1.50   -0.139    $-13.92  LOSS
  2026-05-22      220.0 REAL    1      9:37–9:45 AM    1.58    10:35–10:40 AM    0.27   -1.317   $-131.65  LOSS
  2026-05-29      212.5 REAL    1      9:37–9:45 AM    2.77    10:35–10:40 AM    3.25   +0.477    $+47.73  WIN 
  2026-06-05      212.5 REAL    1      9:37–9:45 AM    1.98    10:35–10:40 AM    0.89   -1.091   $-109.08  LOSS
  2026-06-12      205.0 REAL    1      9:37–9:45 AM    1.66    10:35–10:40 AM    1.64   -0.013     $-1.30  LOSS
  2026-06-19      207.5 REAL    1      9:37–9:45 AM    1.23    10:35–10:40 AM    1.97   +0.734    $+73.43  WIN 
  2026-06-26      190.0 REAL    1      9:37–9:45 AM    3.06    10:35–10:40 AM    3.50   +0.441    $+44.13  WIN 
  2026-07-03      200.0 REAL    3      9:37–9:45 AM    0.46    10:35–10:40 AM    0.19   -0.273    $-81.98  LOSS

  SUMMARY (optimal frames)  trades: 104   wins: 39/104   win rate: 37.5%   total P&L: $+1,249.51   avg/trade: $+12.01
           best day: $+848.25   worst day: $-196.28   skipped (no data): 0
           premium spent: $18,523.14   return on spend: +6.7%

  NVDA CALLS — HEATMAPS   (entry-frame start ↓  exit-frame start →   cyan = chosen optimal)

  Each cell = best frame pair starting in that 30-min bucket (best over all durations).

  1) WIN RATE %  (wins ÷ trades)
    Entry |   9:30  10:00  10:30  11:00  11:30  12:00  12:30   1:00   1:30   2:00   2:30   3:00   3:30
  --------+-------------------------------------------------------------------------------------------
     9:30 |    47%    41%    38%    35%    36%    33%    34%    33%    34%    34%    34%    33%    32%
    10:00 |      ·    49%    48%    43%    37%    34%    32%    34%    34%    34%    34%    33%    32%
    10:30 |      ·      ·    56%    44%    42%    38%    34%    35%    34%    34%    34%    32%    32%
    11:00 |      ·      ·      ·    50%    50%    38%    35%    32%    33%    34%    32%    32%    29%
    11:30 |      ·      ·      ·      ·    43%    43%    38%    34%    33%    34%    32%    30%    30%
    12:00 |      ·      ·      ·      ·      ·    42%    40%    39%    34%    34%    32%    30%    29%
    12:30 |      ·      ·      ·      ·      ·      ·    44%    43%    42%    37%    35%    30%    30%
     1:00 |      ·      ·      ·      ·      ·      ·      ·    48%    50%    40%    38%    30%    28%
     1:30 |      ·      ·      ·      ·      ·      ·      ·      ·    38%    44%    42%    31%    30%
     2:00 |      ·      ·      ·      ·      ·      ·      ·      ·      ·    53%    50%    34%    29%
     2:30 |      ·      ·      ·      ·      ·      ·      ·      ·      ·      ·    28%    31%    29%
     3:00 |      ·      ·      ·      ·      ·      ·      ·      ·      ·      ·      ·    34%    29%
     3:30 |      ·      ·      ·      ·      ·      ·      ·      ·      ·      ·      ·      ·    36%

  2) WIN COUNT  (number of winning trades)
    Entry |   9:30  10:00  10:30  11:00  11:30  12:00  12:30   1:00   1:30   2:00   2:30   3:00   3:30
  --------+-------------------------------------------------------------------------------------------
     9:30 |     49     43     39     36     37     34     35     33     34     34     34     33     32
    10:00 |      ·     51     50     45     38     35     33     34     34     34     34     33     32
    10:30 |      ·      ·     58     46     44     39     35     35     34     34     34     32     32
    11:00 |      ·      ·      ·     52     52     39     36     32     33     34     32     32     29
    11:30 |      ·      ·      ·      ·     45     45     40     34     33     34     32     30     30
    12:00 |      ·      ·      ·      ·      ·     44     42     39     34     34     32     30     29
    12:30 |      ·      ·      ·      ·      ·      ·     46     43     42     37     35     30     30
     1:00 |      ·      ·      ·      ·      ·      ·      ·     48     50     40     38     30     28
     1:30 |      ·      ·      ·      ·      ·      ·      ·      ·     38     44     42     31     30
     2:00 |      ·      ·      ·      ·      ·      ·      ·      ·      ·     54     51     34     29
     2:30 |      ·      ·      ·      ·      ·      ·      ·      ·      ·      ·     28     31     29
     3:00 |      ·      ·      ·      ·      ·      ·      ·      ·      ·      ·      ·     34     29
     3:30 |      ·      ·      ·      ·      ·      ·      ·      ·      ·      ·      ·      ·     36

  3a) AVG P&L PER TRADE  ($ per contract)
    Entry |   9:30  10:00  10:30  11:00  11:30  12:00  12:30   1:00   1:30   2:00   2:30   3:00   3:30
  --------+-------------------------------------------------------------------------------------------
     9:30 |     +8     +5    +11     +3     +4     -9    -17    -36    -36    -28    -29    -43    -46
    10:00 |      ·     -1     +4     -6    -10    -21    -22    -32    -35    -35    -35    -31    -47
    10:30 |      ·      ·     +5     +1     -3    -22    -16    -28    -29    -30    -29    -33    -42
    11:00 |      ·      ·      ·     +2     +4    -18    -18    -28    -27    -26    -26    -27    -49
    11:30 |      ·      ·      ·      ·     +1     -4     -5    -17    -24    -23    -24    -30    -28
    12:00 |      ·      ·      ·      ·      ·     +3     +2    -14    -12    -20    -14    -25    -19
    12:30 |      ·      ·      ·      ·      ·      ·     -2     +1     -6    -10    -14    -19    -14
     1:00 |      ·      ·      ·      ·      ·      ·      ·     +2     +2     -3    -10    -18    -31
     1:30 |      ·      ·      ·      ·      ·      ·      ·      ·     +0     -2     -7    -21    -17
     2:00 |      ·      ·      ·      ·      ·      ·      ·      ·      ·     +5     +5    -14    -18
     2:30 |      ·      ·      ·      ·      ·      ·      ·      ·      ·      ·     +4     +6    -15
     3:00 |      ·      ·      ·      ·      ·      ·      ·      ·      ·      ·      ·     +9     +9
     3:30 |      ·      ·      ·      ·      ·      ·      ·      ·      ·      ·      ·      ·     +2

  3b) TOTAL P&L  ($ per contract, summed over all Fridays)
    Entry |    9:30   10:00   10:30   11:00   11:30   12:00   12:30    1:00    1:30    2:00    2:30    3:00    3:30
  --------+--------------------------------------------------------------------------------------------------------
     9:30 |    +883    +489   +1155    +346    +456    -914   -1795   -3621   -3633   -2835   -2909   -4365   -4650
    10:00 |       ·     -94    +463    -642   -1076   -2143   -2282   -3210   -3489   -3523   -3532   -3148   -4708
    10:30 |       ·       ·    +476     +79    -290   -2244   -1682   -2865   -2976   -2994   -2884   -3318   -4286
    11:00 |       ·       ·       ·    +238    +402   -1852   -1876   -2783   -2718   -2670   -2620   -2688   -4946
    11:30 |       ·       ·       ·       ·    +130    -395    -502   -1716   -2437   -2335   -2392   -3045   -2861
    12:00 |       ·       ·       ·       ·       ·    +321    +256   -1425   -1237   -2065   -1436   -2542   -1925
    12:30 |       ·       ·       ·       ·       ·       ·    -239     +56    -556    -972   -1368   -1882   -1386
     1:00 |       ·       ·       ·       ·       ·       ·       ·    +250    +199    -312   -1026   -1814   -3073
     1:30 |       ·       ·       ·       ·       ·       ·       ·       ·     +26    -216    -711   -2125   -1697
     2:00 |       ·       ·       ·       ·       ·       ·       ·       ·       ·    +456    +488   -1448   -1810
     2:30 |       ·       ·       ·       ·       ·       ·       ·       ·       ·       ·    +361    +633   -1467
     3:00 |       ·       ·       ·       ·       ·       ·       ·       ·       ·       ·       ·    +883    +902
     3:30 |       ·       ·       ·       ·       ·       ·       ·       ·       ·       ·       ·       ·    +241

──────────────────────────────────────────────────────────────────────────────────────
  NVDA CALLS — TOP 15 FRAME PAIRS (by win_rate × avg payoff)
──────────────────────────────────────────────────────────────────────────────────────
   #        Entry frame         Exit frame  Trades   Wins    Win%    Avg P&L     Total P&L
  --  -----------------  -----------------  ------  -----  ------  ---------  ------------
   1       9:35–9:40 AM     10:35–10:40 AM     104     39  37.5%    $+11.11    $+1,155.20
   2       9:30–9:35 AM     10:35–10:40 AM     104     45  43.3%     $+9.41      $+978.50
   3       9:30–9:35 AM       9:50–9:55 AM     104     49  47.1%     $+8.49      $+882.50
   4       9:35–9:45 AM     10:35–10:40 AM     104     39  37.5%     $+9.81    $+1,020.60
   5       9:40–9:45 AM     10:35–10:40 AM     104     40  38.5%     $+9.21      $+957.40
   6       9:30–9:35 AM       9:45–9:55 AM     104     48  46.2%     $+7.64      $+794.40
   7       9:35–9:40 AM     10:35–10:45 AM     104     41  39.4%     $+8.93      $+929.03
   8       9:30–9:45 AM     10:35–10:40 AM     104     42  40.4%     $+8.52      $+886.00
   9       9:35–9:40 AM     10:35–10:50 AM     104     41  39.4%     $+8.61      $+895.14
  10       9:30–9:35 AM     10:35–10:45 AM     104     46  44.2%     $+7.12      $+740.83
  11       9:30–9:35 AM       9:40–9:55 AM     104     48  46.2%     $+6.67      $+693.90
  12       9:30–9:40 AM     10:35–10:40 AM     104     41  39.4%     $+7.73      $+804.34
  13       9:35–9:40 AM     10:45–10:50 AM     104     40  38.5%     $+7.92      $+824.05
  14       9:30–9:35 AM     10:35–10:50 AM     104     45  43.3%     $+6.83      $+710.17
  15       9:30–9:35 AM       9:45–9:50 AM     104     45  43.3%     $+6.79      $+706.30

──────────────────────────────────────────────────────────────────────────────────────
  Saved CSV: C:\actions-runner\_work\EoD_OptionTrading\EoD_OptionTrading\results\friday_intraday\backtest_friday_intraday_timeframe_calls_730days_2026-07-09_1615.csv
  Saved TXT: C:\actions-runner\_work\EoD_OptionTrading\EoD_OptionTrading\results\friday_intraday\backtest_friday_intraday_timeframe_calls_730days_2026-07-09_1615.txt
  Saved TXT (outliers removed): C:\actions-runner\_work\EoD_OptionTrading\EoD_OptionTrading\results\friday_intraday\backtest_friday_intraday_timeframe_calls_730days_2026-07-09_1615_outliers_removed.txt
──────────────────────────────────────────────────────────────────────────────────────


██████████████████████████████████████████████████████████████████████████████████████
  NVDA PUTS
██████████████████████████████████████████████████████████████████████████████████████
======================================================================================
  NVDA PUTS
======================================================================================
  Optimal entry frame : 3:25–3:30 PM   (5 min)
  Optimal exit frame  : 3:51–3:56 PM   (5 min)
  Data source         : REAL prices

  Date           Strike  Src  Qty       Entry frame    Buy$        Exit frame   Sell$   P&L/sh      P&L $  Result
  ------------ -------- ---- ---- ----------------- ------- ----------------- ------- -------- ----------  ------
  2024-07-12      130.0 REAL   36      3:25–3:30 PM    0.03      3:51–3:56 PM    0.63   +0.606  $+2181.60  WIN 
  2024-07-19      120.0 REAL    1      3:25–3:30 PM    1.29      3:51–3:56 PM    2.14   +0.850    $+85.00  WIN 
  2024-07-26      115.0 REAL    1      3:25–3:30 PM    2.22      3:51–3:56 PM    2.50   +0.278    $+27.80  WIN 
  2024-08-02      105.0 REAL    8      3:25–3:30 PM    0.14      3:51–3:56 PM    0.03   -0.116    $-92.80  LOSS
  2024-08-09      105.0 REAL    3      3:25–3:30 PM    0.37      3:51–3:56 PM    0.49   +0.118    $+35.40  WIN 
  2024-08-16      120.0 REAL  100      3:25–3:30 PM    0.01      3:51–3:56 PM    0.01   +0.000     $+0.00  LOSS
  2024-08-23      125.0 REAL  100      3:25–3:30 PM    0.01      3:51–3:56 PM    0.01   +0.000     $+0.00  LOSS
  2024-08-30      120.0 REAL    1      3:25–3:30 PM    1.08      3:51–3:56 PM    0.88   -0.200    $-20.00  LOSS
  2024-09-06      110.0 REAL    1      3:25–3:30 PM    6.58      3:51–3:56 PM    7.10   +0.516    $+51.60  WIN 
  2024-09-13      120.0 REAL    1      3:25–3:30 PM    1.00      3:51–3:56 PM    1.03   +0.030     $+3.00  WIN 
  2024-09-20      115.0 REAL   50      3:25–3:30 PM    0.02      3:51–3:56 PM    0.02   +0.004    $+20.00  WIN 
  2024-09-27      125.0 REAL    1      3:25–3:30 PM    4.75      3:51–3:56 PM    3.82   -0.929    $-92.90  LOSS
  2024-10-04      125.0 REAL    2      3:25–3:30 PM    0.55      3:51–3:56 PM    0.22   -0.332    $-66.40  LOSS
  2024-10-11      135.0 REAL    5      3:25–3:30 PM    0.21      3:51–3:56 PM    0.23   +0.014     $+7.00  WIN 
  2024-10-18      140.0 REAL    1      3:25–3:30 PM    1.85      3:51–3:56 PM    2.00   +0.154    $+15.40  WIN 
  2024-10-25      140.0 REAL   72      3:25–3:30 PM    0.01      3:51–3:56 PM    0.01   -0.004    $-28.80  LOSS
  2024-11-01      135.0 REAL   27      3:25–3:30 PM    0.04      3:51–3:56 PM    0.04   +0.002     $+5.40  WIN 
  2024-11-08      150.0 REAL    1      3:25–3:30 PM    2.67      3:51–3:56 PM    2.38   -0.291    $-29.07  LOSS
  2024-11-15      145.0 REAL    1      3:25–3:30 PM    2.98      3:51–3:56 PM    2.98   -0.004     $-0.40  LOSS
  2024-11-22      145.0 REAL    1      3:25–3:30 PM    3.10      3:51–3:56 PM    3.24   +0.132    $+13.20  WIN 
  2024-11-29      135.0 REAL    —      3:25–3:30 PM       —      3:51–3:56 PM       —        —          —  skip
  2024-12-06      145.0 REAL    1      3:25–3:30 PM    2.90      3:51–3:56 PM    2.85   -0.050     $-5.00  LOSS
  2024-12-13      140.0 REAL    1      3:25–3:30 PM    6.03      3:51–3:56 PM    6.01   -0.022     $-2.20  LOSS
  2024-12-20      130.0 REAL   84      3:25–3:30 PM    0.01      3:51–3:56 PM    0.01   -0.002    $-16.80  LOSS
  2024-12-27      140.0 REAL    1      3:25–3:30 PM    3.25      3:51–3:56 PM    3.10   -0.154    $-15.40  LOSS
  2025-01-03      140.0 REAL  100      3:25–3:30 PM    0.01      3:51–3:56 PM    0.01   +0.000     $+0.00  LOSS
  2025-01-10      135.0 REAL   17      3:25–3:30 PM    0.06      3:51–3:56 PM    0.02   -0.036    $-61.20  LOSS
  2025-01-17      135.0 REAL   84      3:25–3:30 PM    0.01      3:51–3:56 PM    0.01   -0.002    $-16.80  LOSS
  2025-01-24      150.0 REAL    1      3:25–3:30 PM    7.91      3:51–3:56 PM    7.61   -0.303    $-30.30  LOSS
  2025-01-31      125.0 REAL    1      3:25–3:30 PM    4.92      3:51–3:56 PM    4.89   -0.036     $-3.60  LOSS
  2025-02-07      130.0 REAL    1      3:25–3:30 PM    1.09      3:51–3:56 PM    0.35   -0.738    $-73.80  LOSS
  2025-02-14      135.0 REAL   84      3:25–3:30 PM    0.01      3:51–3:56 PM    0.01   -0.002    $-16.80  LOSS
  2025-02-21      140.0 REAL    1      3:25–3:30 PM    4.91      3:51–3:56 PM    5.38   +0.472    $+47.20  WIN 
  2025-02-28      120.0 REAL   14      3:25–3:30 PM    0.07      3:51–3:56 PM    0.02   -0.054    $-75.60  LOSS
  2025-03-07      110.0 REAL   42      3:25–3:30 PM    0.02      3:51–3:56 PM    0.01   -0.012    $-50.40  LOSS
  2025-03-14      120.0 REAL   15      3:25–3:30 PM    0.07      3:51–3:56 PM    0.01   -0.060    $-90.00  LOSS
  2025-03-21      115.0 REAL   32      3:25–3:30 PM    0.03      3:51–3:56 PM    0.01   -0.022    $-70.40  LOSS
  2025-03-28      110.0 REAL    7      3:25–3:30 PM    0.17      3:51–3:56 PM    0.45   +0.288   $+201.60  WIN 
  2025-04-04      100.0 REAL    1      3:25–3:30 PM    4.81      3:51–3:56 PM    5.47   +0.656    $+65.60  WIN 
  2025-04-11      110.0 REAL    5      3:25–3:30 PM    0.23      3:51–3:56 PM    0.11   -0.124    $-62.00  LOSS
  2025-04-18      105.0 REAL    1      3:25–3:30 PM    3.66      3:51–3:56 PM    3.88   +0.224    $+22.40  WIN 
  2025-04-25      105.0 REAL    —      3:25–3:30 PM       —      3:51–3:56 PM       —        —          —  skip
  2025-05-02      115.0 REAL    2      3:25–3:30 PM    0.59      3:51–3:56 PM    0.83   +0.244    $+48.80  WIN 
  2025-05-09      120.0 REAL    1      3:25–3:30 PM    3.26      3:51–3:56 PM    3.33   +0.065     $+6.50  WIN 
  2025-05-16      135.0 REAL   10      3:25–3:30 PM    0.10      3:51–3:56 PM    0.04   -0.066    $-66.00  LOSS
  2025-05-23      130.0 REAL   46      3:25–3:30 PM    0.02      3:51–3:56 PM    0.02   -0.004    $-18.40  LOSS
  2025-05-30      140.0 REAL    1      3:25–3:30 PM    4.71      3:51–3:56 PM    4.96   +0.248    $+24.80  WIN 
  2025-06-06      140.0 REAL   46      3:25–3:30 PM    0.02      3:51–3:56 PM    0.01   -0.010    $-46.00  LOSS
  2025-06-13      145.0 REAL    1      3:25–3:30 PM    3.49      3:51–3:56 PM    3.26   -0.228    $-22.80  LOSS
  2025-06-20      145.0 REAL    1      3:25–3:30 PM    1.28      3:51–3:56 PM    1.47   +0.194    $+19.40  WIN 
  2025-06-27      155.0 REAL   30      3:25–3:30 PM    0.03      3:51–3:56 PM    0.01   -0.024    $-72.00  LOSS
  2025-07-04      160.0 REAL    —      3:25–3:30 PM       —      3:51–3:56 PM       —        —          —  skip
  2025-07-11      165.0 REAL   10      3:25–3:30 PM    0.10      3:51–3:56 PM    0.02   -0.080    $-80.00  LOSS
  2025-07-18      175.0 REAL    1      3:25–3:30 PM    2.95      3:51–3:56 PM    2.80   -0.154    $-15.45  LOSS
  2025-07-25      175.0 REAL    1      3:25–3:30 PM    1.12      3:51–3:56 PM    1.49   +0.370    $+37.00  WIN 
  2025-08-01      175.0 REAL    1      3:25–3:30 PM    1.34      3:51–3:56 PM    0.91   -0.426    $-42.60  LOSS
  2025-08-08      180.0 REAL  101      3:25–3:30 PM    0.01      3:51–3:56 PM    0.01   +0.002    $+20.20  WIN 
  2025-08-15      180.0 REAL    6      3:25–3:30 PM    0.18      3:51–3:56 PM    0.04   -0.146    $-87.60  LOSS
  2025-08-22      170.0 REAL  100      3:25–3:30 PM    0.01      3:51–3:56 PM    0.01   +0.000     $+0.00  LOSS
  2025-08-29      180.0 REAL    1      3:25–3:30 PM    6.02      3:51–3:56 PM    6.28   +0.258    $+25.80  WIN 
  2025-09-05      165.0 REAL   42      3:25–3:30 PM    0.02      3:51–3:56 PM    0.01   -0.010    $-42.00  LOSS
  2025-09-12      180.0 REAL    1      3:25–3:30 PM    2.34      3:51–3:56 PM    2.24   -0.102    $-10.20  LOSS
  2025-09-19      175.0 REAL   32      3:25–3:30 PM    0.03      3:51–3:56 PM    0.03   -0.004    $-12.80  LOSS
  2025-09-26      175.0 REAL   36      3:25–3:30 PM    0.03      3:51–3:56 PM    0.01   -0.018    $-64.80  LOSS
  2025-10-03      190.0 REAL    1      3:25–3:30 PM    2.66      3:51–3:56 PM    2.23   -0.432    $-43.20  LOSS
  2025-10-10      195.0 REAL    1      3:25–3:30 PM    8.38      3:51–3:56 PM   10.49   +2.110   $+211.00  WIN 
  2025-10-17      180.0 REAL   72      3:25–3:30 PM    0.01      3:51–3:56 PM    0.01   -0.002    $-14.40  LOSS
  2025-10-24      185.0 REAL   42      3:25–3:30 PM    0.02      3:51–3:56 PM    0.02   -0.000     $-0.00  LOSS
  2025-10-31      207.5 REAL    1      3:25–3:30 PM    2.98      3:51–3:56 PM    4.03   +1.049   $+104.93  WIN 
  2025-11-07      185.0 REAL    5      3:25–3:30 PM    0.24      3:51–3:56 PM    0.02   -0.216   $-108.00  LOSS
  2025-11-14      180.0 REAL  100      3:25–3:30 PM    0.01      3:51–3:56 PM    0.04   +0.030   $+300.00  WIN 
  2025-11-21      180.0 REAL    3      3:25–3:30 PM    0.34      3:51–3:56 PM    0.76   +0.424   $+127.20  WIN 
  2025-11-28      180.0 REAL    —      3:25–3:30 PM       —      3:51–3:56 PM       —        —          —  skip
  2025-12-05      185.0 REAL    1      3:25–3:30 PM    3.20      3:51–3:56 PM    3.26   +0.060     $+6.00  WIN 
  2025-12-12      180.0 REAL    1      3:25–3:30 PM    4.17      3:51–3:56 PM    5.11   +0.946    $+94.60  WIN 
  2025-12-19      175.0 REAL   63      3:25–3:30 PM    0.02      3:51–3:56 PM    0.01   -0.006    $-37.80  LOSS
  2025-12-26      190.0 REAL   72      3:25–3:30 PM    0.01      3:51–3:56 PM    0.01   -0.004    $-28.80  LOSS
  2026-01-02      190.0 REAL    1      3:25–3:30 PM    1.08      3:51–3:56 PM    1.46   +0.378    $+37.80  WIN 
  2026-01-09      185.0 REAL   39      3:25–3:30 PM    0.03      3:51–3:56 PM    0.11   +0.082   $+319.80  WIN 
  2026-01-16      190.0 REAL    1      3:25–3:30 PM    2.12      3:51–3:56 PM    2.89   +0.776    $+77.60  WIN 
  2026-01-23      190.0 REAL    1      3:25–3:30 PM    2.72      3:51–3:56 PM    2.50   -0.218    $-21.80  LOSS
  2026-01-30      190.0 REAL    3      3:25–3:30 PM    0.47      3:51–3:56 PM    0.02   -0.454   $-136.20  LOSS
  2026-02-06      175.0 REAL  100      3:25–3:30 PM    0.01      3:51–3:56 PM    0.02   +0.007    $+66.67  WIN 
  2026-02-13      185.0 REAL    1      3:25–3:30 PM    2.73      3:51–3:56 PM    2.29   -0.446    $-44.60  LOSS
  2026-02-20      185.0 REAL   84      3:25–3:30 PM    0.01      3:51–3:56 PM    0.01   -0.002    $-16.80  LOSS
  2026-02-27      180.0 REAL    1      3:25–3:30 PM    1.11      3:51–3:56 PM    2.66   +1.548   $+154.80  WIN 
  2026-03-06      180.0 REAL    1      3:25–3:30 PM    2.84      3:51–3:56 PM    1.93   -0.904    $-90.40  LOSS
  2026-03-13      185.0 REAL    1      3:25–3:30 PM    4.51      3:51–3:56 PM    4.83   +0.316    $+31.60  WIN 
  2026-03-20      175.0 REAL    1      3:25–3:30 PM    2.38      3:51–3:56 PM    2.42   +0.042     $+4.20  WIN 
  2026-03-27      170.0 REAL    1      3:25–3:30 PM    2.53      3:51–3:56 PM    2.53   +0.004     $+0.40  WIN 
  2026-04-03      175.0 REAL   72      3:25–3:30 PM    0.01      3:51–3:56 PM    0.01   -0.004    $-28.80  LOSS
  2026-04-10      185.0 REAL  100      3:25–3:30 PM    0.01      3:51–3:56 PM    0.01   +0.000     $+0.00  LOSS
  2026-04-17      200.0 REAL   63      3:25–3:30 PM    0.02      3:51–3:56 PM    0.01   -0.006    $-37.80  LOSS
  2026-04-24      200.0 REAL  100      3:25–3:30 PM    0.01      3:51–3:56 PM    0.01   +0.000     $+0.00  LOSS
  2026-05-01      202.5 REAL    1      3:25–3:30 PM    2.79      3:51–3:56 PM    3.55   +0.756    $+75.60  WIN 
  2026-05-08      212.5 REAL   84      3:25–3:30 PM    0.01      3:51–3:56 PM    0.01   +0.001     $+4.20  WIN 
  2026-05-15      227.5 REAL    2      3:25–3:30 PM    0.85      3:51–3:56 PM    1.82   +0.962   $+192.40  WIN 
  2026-05-22      220.0 REAL    1      3:25–3:30 PM    4.59      3:51–3:56 PM    4.34   -0.248    $-24.80  LOSS
  2026-05-29      212.5 REAL   72      3:25–3:30 PM    0.01      3:51–3:56 PM    0.46   +0.446  $+3211.20  WIN 
  2026-06-05      212.5 REAL    1      3:25–3:30 PM    6.49      3:51–3:56 PM    6.41   -0.080     $-8.00  LOSS
  2026-06-12      205.0 REAL    3      3:25–3:30 PM    0.35      3:51–3:56 PM    0.45   +0.098    $+29.40  WIN 
  2026-06-19      207.5 REAL   15      3:25–3:30 PM    0.07      3:51–3:56 PM    0.06   -0.004     $-6.00  LOSS
  2026-06-26      190.0 REAL  100      3:25–3:30 PM    0.01      3:51–3:56 PM    0.01   +0.000     $+0.00  LOSS
  2026-07-03      200.0 REAL    1      3:25–3:30 PM    7.08      3:51–3:56 PM    5.68   -1.405   $-140.45  LOSS

  SUMMARY (optimal frames)  trades: 100   wins: 41/100   win rate: 41.0%   total P&L: $+5,724.93   avg/trade: $+57.25
           best day: $+3211.20   worst day: $-140.45   skipped (no data): 4
           premium spent: $21,470.50   return on spend: +26.7%

  NVDA PUTS — HEATMAPS   (entry-frame start ↓  exit-frame start →   cyan = chosen optimal)

  Each cell = best frame pair starting in that 30-min bucket (best over all durations).

  1) WIN RATE %  (wins ÷ trades)
    Entry |   9:30  10:00  10:30  11:00  11:30  12:00  12:30   1:00   1:30   2:00   2:30   3:00   3:30
  --------+-------------------------------------------------------------------------------------------
     9:30 |    42%    42%    41%    43%    42%    39%    37%    38%    37%    38%    38%    38%    39%
    10:00 |      ·    45%    43%    43%    40%    38%    39%    41%    41%    41%    40%    40%    41%
    10:30 |      ·      ·    42%    39%    40%    39%    34%    36%    35%    36%    38%    38%    35%
    11:00 |      ·      ·      ·    48%    39%    35%    41%    29%    30%    30%    33%    33%    38%
    11:30 |      ·      ·      ·      ·    53%    49%    42%    40%    39%    34%    34%    33%    33%
    12:00 |      ·      ·      ·      ·      ·    49%    44%    35%    35%    35%    36%    33%    34%
    12:30 |      ·      ·      ·      ·      ·      ·    50%    39%    40%    42%    35%    35%    35%
     1:00 |      ·      ·      ·      ·      ·      ·      ·    52%    45%    46%    35%    31%    32%
     1:30 |      ·      ·      ·      ·      ·      ·      ·      ·    48%    49%    35%    36%    35%
     2:00 |      ·      ·      ·      ·      ·      ·      ·      ·      ·    50%    35%    31%    31%
     2:30 |      ·      ·      ·      ·      ·      ·      ·      ·      ·      ·    54%    36%    33%
     3:00 |      ·      ·      ·      ·      ·      ·      ·      ·      ·      ·      ·    40%    44%
     3:30 |      ·      ·      ·      ·      ·      ·      ·      ·      ·      ·      ·      ·    29%

  2) WIN COUNT  (number of winning trades)
    Entry |   9:30  10:00  10:30  11:00  11:30  12:00  12:30   1:00   1:30   2:00   2:30   3:00   3:30
  --------+-------------------------------------------------------------------------------------------
     9:30 |     44     44     43     45     44     41     38     38     37     38     38     38     39
    10:00 |      ·     47     45     45     42     40     41     41     41     41     40     40     41
    10:30 |      ·      ·     44     41     42     41     35     36     35     36     38     38     35
    11:00 |      ·      ·      ·     49     40     36     43     29     30     30     33     33     38
    11:30 |      ·      ·      ·      ·     55     51     44     40     39     34     34     33     33
    12:00 |      ·      ·      ·      ·      ·     51     46     35     35     35     36     33     34
    12:30 |      ·      ·      ·      ·      ·      ·     52     39     40     42     35     35     35
     1:00 |      ·      ·      ·      ·      ·      ·      ·     51     45     46     35     31     32
     1:30 |      ·      ·      ·      ·      ·      ·      ·      ·     48     49     35     36     35
     2:00 |      ·      ·      ·      ·      ·      ·      ·      ·      ·     50     35     31     31
     2:30 |      ·      ·      ·      ·      ·      ·      ·      ·      ·      ·     54     36     33
     3:00 |      ·      ·      ·      ·      ·      ·      ·      ·      ·      ·      ·     40     44
     3:30 |      ·      ·      ·      ·      ·      ·      ·      ·      ·      ·      ·      ·     29

  3a) AVG P&L PER TRADE  ($ per contract)
    Entry |   9:30  10:00  10:30  11:00  11:30  12:00  12:30   1:00   1:30   2:00   2:30   3:00   3:30
  --------+-------------------------------------------------------------------------------------------
     9:30 |    +22    +27    +31    +31    +30    +31    +29    +31    +34    +36    +38    +40    +47
    10:00 |      ·    +14    +19    +20    +17    +18    +15    +18    +20    +21    +24    +28    +34
    10:30 |      ·      ·    +12    +15    +14    +11     +8     +9    +11    +12    +15    +19    +26
    11:00 |      ·      ·      ·     +2     +1     +1    -11     +1     +3     +6     +9    +15    +20
    11:30 |      ·      ·      ·      ·     +1     +2     -5     -5     -7     +1     +3     +8    +15
    12:00 |      ·      ·      ·      ·      ·     +2     +3     +3     +2     +4     +5     +9    +19
    12:30 |      ·      ·      ·      ·      ·      ·     +5     +5     +1     +3     +1     +5    +19
     1:00 |      ·      ·      ·      ·      ·      ·      ·     -1     +3     +4     +2     +8    +34
     1:30 |      ·      ·      ·      ·      ·      ·      ·      ·     +4     +6     +3     +8    +46
     2:00 |      ·      ·      ·      ·      ·      ·      ·      ·      ·     +3     +5    +15    +58
     2:30 |      ·      ·      ·      ·      ·      ·      ·      ·      ·      ·     +3     +7    +41
     3:00 |      ·      ·      ·      ·      ·      ·      ·      ·      ·      ·      ·     +9    +50
     3:30 |      ·      ·      ·      ·      ·      ·      ·      ·      ·      ·      ·      ·    +64

  3b) TOTAL P&L  ($ per contract, summed over all Fridays)
    Entry |    9:30   10:00   10:30   11:00   11:30   12:00   12:30    1:00    1:30    2:00    2:30    3:00    3:30
  --------+--------------------------------------------------------------------------------------------------------
     9:30 |   +2285   +2768   +3193   +3261   +3152   +3274   +3012   +3148   +3453   +3595   +3804   +4082   +4701
    10:00 |       ·   +1438   +1977   +2097   +1814   +1863   +1604   +1772   +2005   +2163   +2458   +2861   +3393
    10:30 |       ·       ·   +1204   +1566   +1440   +1173    +847    +866   +1078   +1218   +1563   +1961   +2618
    11:00 |       ·       ·       ·    +206    +144     +57   -1162     +94    +353    +569    +911   +1505   +1993
    11:30 |       ·       ·       ·       ·    +155    +248    -527    -465    -706     +86    +319    +764   +1501
    12:00 |       ·       ·       ·       ·       ·    +225    +278    +334    +219    +382    +458    +877   +1898
    12:30 |       ·       ·       ·       ·       ·       ·    +509    +554    +136    +342    +120    +493   +1921
     1:00 |       ·       ·       ·       ·       ·       ·       ·     -89    +253    +397    +196    +760   +3394
     1:30 |       ·       ·       ·       ·       ·       ·       ·       ·    +429    +580    +323    +823   +4618
     2:00 |       ·       ·       ·       ·       ·       ·       ·       ·       ·    +268    +541   +1466   +5871
     2:30 |       ·       ·       ·       ·       ·       ·       ·       ·       ·       ·    +336    +708   +4109
     3:00 |       ·       ·       ·       ·       ·       ·       ·       ·       ·       ·       ·    +950   +5040
     3:30 |       ·       ·       ·       ·       ·       ·       ·       ·       ·       ·       ·       ·   +6287

──────────────────────────────────────────────────────────────────────────────────────
  NVDA PUTS — TOP 15 FRAME PAIRS (by win_rate × avg payoff)
──────────────────────────────────────────────────────────────────────────────────────
   #        Entry frame         Exit frame  Trades   Wins    Win%    Avg P&L     Total P&L
  --  -----------------  -----------------  ------  -----  ------  ---------  ------------
   1       3:25–3:30 PM       3:50–3:55 PM     100     44  44.0%    $+50.40    $+5,039.55
   2       3:25–3:30 PM       3:50–4:00 PM     100     34  34.0%    $+61.29    $+6,129.44
   3       3:25–3:30 PM       3:55–4:00 PM     100     29  29.0%    $+70.86    $+7,085.85
   4       3:45–3:50 PM       3:55–4:00 PM      99     29  29.3%    $+63.51    $+6,287.15
   5       9:50–9:55 AM       3:50–3:55 PM     100     39  39.0%    $+47.01    $+4,701.50
   6       2:10–2:15 PM       3:55–4:00 PM     101     31  30.7%    $+58.13    $+5,871.22
   7       2:10–2:15 PM       3:50–4:00 PM     101     36  35.6%    $+49.48    $+4,997.20
   8       3:25–3:35 PM       3:50–3:55 PM     100     43  43.0%    $+40.53    $+4,053.44
   9       9:50–9:55 AM       3:45–3:50 PM      99     38  38.4%    $+44.67    $+4,422.20
  10       9:50–9:55 AM       3:50–4:00 PM     101     38  37.6%    $+45.41    $+4,586.25
  11       2:05–2:15 PM       3:55–4:00 PM     101     34  33.7%    $+50.74    $+5,124.32
  12       9:50–9:55 AM       3:45–4:00 PM     101     39  38.6%    $+44.19    $+4,462.95
  13       9:35–9:40 AM       3:50–3:55 PM     100     40  40.0%    $+42.60    $+4,259.95
  14       3:25–3:30 PM       3:45–4:00 PM     100     39  39.0%    $+43.54    $+4,354.00
  15       9:50–9:55 AM       3:55–4:00 PM     101     38  37.6%    $+45.10    $+4,555.45


██████████████████████████████████████████████████████████████████████████████████████
  OUTLIERS REMOVED (winning trades > $2,000)  —  NVDA PUTS re-optimized
██████████████████████████████████████████████████████████████████████████████████████
  (chosen frames had no winning outliers)
======================================================================================
  NVDA PUTS
======================================================================================
  Optimal entry frame : 9:50–9:55 AM   (5 min)
  Optimal exit frame  : 3:50–3:55 PM   (5 min)
  Data source         : REAL prices

  Date           Strike  Src  Qty       Entry frame    Buy$        Exit frame   Sell$   P&L/sh      P&L $  Result
  ------------ -------- ---- ---- ----------------- ------- ----------------- ------- -------- ----------  ------
  2024-07-12      130.0 REAL    1      9:50–9:55 AM    1.38      3:50–3:55 PM    0.67   -0.716    $-71.60  LOSS
  2024-07-19      120.0 REAL    2      9:50–9:55 AM    0.66      3:50–3:55 PM    2.10   +1.432   $+286.40  WIN 
  2024-07-26      115.0 REAL    1      9:50–9:55 AM    1.93      3:50–3:55 PM    2.45   +0.518    $+51.80  WIN 
  2024-08-02      105.0 REAL    1      9:50–9:55 AM    2.37      3:50–3:55 PM    0.03   -2.332   $-233.20  LOSS
  2024-08-09      105.0 REAL    1      9:50–9:55 AM    1.40      3:50–3:55 PM    0.41   -0.989    $-98.90  LOSS
  2024-08-16      120.0 REAL    6      9:50–9:55 AM    0.20      3:50–3:55 PM    0.01   -0.188   $-112.80  LOSS
  2024-08-23      125.0 REAL    2      9:50–9:55 AM    0.70      3:50–3:55 PM    0.01   -0.692   $-138.40  LOSS
  2024-08-30      120.0 REAL    2      9:50–9:55 AM    0.79      3:50–3:55 PM    0.90   +0.116    $+23.20  WIN 
  2024-09-06      110.0 REAL    1      9:50–9:55 AM    4.87      3:50–3:55 PM    6.99   +2.126   $+212.60  WIN 
  2024-09-13      120.0 REAL    1      9:50–9:55 AM    1.65      3:50–3:55 PM    1.04   -0.608    $-60.80  LOSS
  2024-09-20      115.0 REAL    7      9:50–9:55 AM    0.15      3:50–3:55 PM    0.03   -0.114    $-79.80  LOSS
  2024-09-27      125.0 REAL    1      9:50–9:55 AM    2.32      3:50–3:55 PM    3.94   +1.626   $+162.60  WIN 
  2024-10-04      125.0 REAL    1      9:50–9:55 AM    1.82      3:50–3:55 PM    0.24   -1.574   $-157.40  LOSS
  2024-10-11      135.0 REAL    2      9:50–9:55 AM    0.92      3:50–3:55 PM    0.25   -0.674   $-134.80  LOSS
  2024-10-18      140.0 REAL    1      9:50–9:55 AM    2.30      3:50–3:55 PM    2.00   -0.298    $-29.80  LOSS
  2024-10-25      140.0 REAL    7      9:50–9:55 AM    0.15      3:50–3:55 PM    0.01   -0.136    $-95.20  LOSS
  2024-11-01      135.0 REAL    2      9:50–9:55 AM    0.53      3:50–3:55 PM    0.04   -0.486    $-97.20  LOSS
  2024-11-08      150.0 REAL    1      9:50–9:55 AM    1.73      3:50–3:55 PM    2.41   +0.684    $+68.40  WIN 
  2024-11-15      145.0 REAL    1      9:50–9:55 AM    1.26      3:50–3:55 PM    3.02   +1.754   $+175.40  WIN 
  2024-11-22      145.0 REAL    1      9:50–9:55 AM    1.73      3:50–3:55 PM    3.26   +1.524   $+152.40  WIN 
  2024-11-29      135.0 REAL    —      9:50–9:55 AM       —      3:50–3:55 PM       —        —          —  skip
  2024-12-06      145.0 REAL    2      9:50–9:55 AM    0.52      3:50–3:55 PM    2.92   +2.392   $+478.40  WIN 
  2024-12-13      140.0 REAL    1      9:50–9:55 AM    1.95      3:50–3:55 PM    6.03   +4.072   $+407.20  WIN 
  2024-12-20      130.0 REAL    1      9:50–9:55 AM    1.72      3:50–3:55 PM    0.01   -1.712   $-171.20  LOSS
  2024-12-27      140.0 REAL    1      9:50–9:55 AM    3.18      3:50–3:55 PM    3.07   -0.112    $-11.20  LOSS
  2025-01-03      140.0 REAL    6      9:50–9:55 AM    0.20      3:50–3:55 PM    0.01   -0.190   $-114.00  LOSS
  2025-01-10      135.0 REAL    1      9:50–9:55 AM    1.24      3:50–3:55 PM    0.02   -1.216   $-121.60  LOSS
  2025-01-17      135.0 REAL    4      9:50–9:55 AM    0.26      3:50–3:55 PM    0.01   -0.248    $-99.20  LOSS
  2025-01-24      150.0 REAL    1      9:50–9:55 AM    2.39      3:50–3:55 PM    7.65   +5.258   $+525.75  WIN 
  2025-01-31      125.0 REAL    1      9:50–9:55 AM    1.83      3:50–3:55 PM    4.90   +3.072   $+307.20  WIN 
  2025-02-07      130.0 REAL    2      9:50–9:55 AM    0.89      3:50–3:55 PM    0.38   -0.506   $-101.20  LOSS
  2025-02-14      135.0 REAL    4      9:50–9:55 AM    0.32      3:50–3:55 PM    0.01   -0.312   $-124.80  LOSS
  2025-02-21      140.0 REAL    2      9:50–9:55 AM    0.81      3:50–3:55 PM    5.34   +4.536   $+907.20  WIN 
  2025-02-28      120.0 REAL    1      9:50–9:55 AM    2.36      3:50–3:55 PM    0.02   -2.348   $-234.80  LOSS
  2025-03-07      110.0 REAL    3      9:50–9:55 AM    0.48      3:50–3:55 PM    0.01   -0.470   $-141.00  LOSS
  2025-03-14      120.0 REAL    1      9:50–9:55 AM    1.10      3:50–3:55 PM    0.01   -1.088   $-108.80  LOSS
  2025-03-21      115.0 REAL    3      9:50–9:55 AM    0.45      3:50–3:55 PM    0.01   -0.442   $-132.60  LOSS
  2025-03-28      110.0 REAL    3      9:50–9:55 AM    0.42      3:50–3:55 PM    0.49   +0.072    $+21.60  WIN 
  2025-04-04      100.0 REAL    1      9:50–9:55 AM    2.85      3:50–3:55 PM    5.35   +2.498   $+249.80  WIN 
  2025-04-11      110.0 REAL    1      9:50–9:55 AM    1.66      3:50–3:55 PM    0.12   -1.540   $-154.00  LOSS
  2025-04-18      105.0 REAL    1      9:50–9:55 AM    2.19      3:50–3:55 PM    3.94   +1.746   $+174.60  WIN 
  2025-04-25      105.0 REAL    —      9:50–9:55 AM       —      3:50–3:55 PM       —        —          —  skip
  2025-05-02      115.0 REAL    1      9:50–9:55 AM    1.51      3:50–3:55 PM    0.82   -0.692    $-69.20  LOSS
  2025-05-09      120.0 REAL    1      9:50–9:55 AM    2.54      3:50–3:55 PM    3.29   +0.759    $+75.90  WIN 
  2025-05-16      135.0 REAL    2      9:50–9:55 AM    0.68      3:50–3:55 PM    0.04   -0.640   $-128.00  LOSS
  2025-05-23      130.0 REAL    1      9:50–9:55 AM    1.01      3:50–3:55 PM    0.02   -0.994    $-99.40  LOSS
  2025-05-30      140.0 REAL    1      9:50–9:55 AM    3.91      3:50–3:55 PM    4.89   +0.982    $+98.20  WIN 
  2025-06-06      140.0 REAL    8      9:50–9:55 AM    0.14      3:50–3:55 PM    0.01   -0.128   $-102.40  LOSS
  2025-06-13      145.0 REAL    1      9:50–9:55 AM    1.96      3:50–3:55 PM    3.23   +1.272   $+127.20  WIN 
  2025-06-20      145.0 REAL    4      9:50–9:55 AM    0.30      3:50–3:55 PM    1.54   +1.242   $+496.80  WIN 
  2025-06-27      155.0 REAL    3      9:50–9:55 AM    0.41      3:50–3:55 PM    0.01   -0.404   $-121.20  LOSS
  2025-07-04      160.0 REAL    —      9:50–9:55 AM       —      3:50–3:55 PM       —        —          —  skip
  2025-07-11      165.0 REAL    3      9:50–9:55 AM    0.42      3:50–3:55 PM    0.04   -0.378   $-113.40  LOSS
  2025-07-18      175.0 REAL    1      9:50–9:55 AM    1.74      3:50–3:55 PM    2.85   +1.113   $+111.30  WIN 
  2025-07-25      175.0 REAL    1      9:50–9:55 AM    1.52      3:50–3:55 PM    1.42   -0.108    $-10.80  LOSS
  2025-08-01      175.0 REAL    1      9:50–9:55 AM    3.35      3:50–3:55 PM    0.82   -2.530   $-253.00  LOSS
  2025-08-08      180.0 REAL    5      9:50–9:55 AM    0.22      3:50–3:55 PM    0.01   -0.210   $-105.00  LOSS
  2025-08-15      180.0 REAL    1      9:50–9:55 AM    1.98      3:50–3:55 PM    0.04   -1.940   $-194.00  LOSS
  2025-08-22      170.0 REAL    4      9:50–9:55 AM    0.28      3:50–3:55 PM    0.01   -0.272   $-108.80  LOSS
  2025-08-29      180.0 REAL    1      9:50–9:55 AM    5.22      3:50–3:55 PM    6.24   +1.018   $+101.80  WIN 
  2025-09-05      165.0 REAL    4      9:50–9:55 AM    0.27      3:50–3:55 PM    0.01   -0.254   $-101.60  LOSS
  2025-09-12      180.0 REAL    1      9:50–9:55 AM    2.65      3:50–3:55 PM    2.27   -0.376    $-37.60  LOSS
  2025-09-19      175.0 REAL    4      9:50–9:55 AM    0.30      3:50–3:55 PM    0.03   -0.274   $-109.60  LOSS
  2025-09-26      175.0 REAL    4      9:50–9:55 AM    0.27      3:50–3:55 PM    0.01   -0.264   $-105.60  LOSS
  2025-10-03      190.0 REAL    1      9:50–9:55 AM    1.23      3:50–3:55 PM    2.24   +1.008   $+100.80  WIN 
  2025-10-10      195.0 REAL    1      9:50–9:55 AM    2.18      3:50–3:55 PM   10.24   +8.060   $+806.00  WIN 
  2025-10-17      180.0 REAL    2      9:50–9:55 AM    0.75      3:50–3:55 PM    0.01   -0.734   $-146.80  LOSS
  2025-10-24      185.0 REAL    2      9:50–9:55 AM    0.75      3:50–3:55 PM    0.02   -0.728   $-145.60  LOSS
  2025-10-31      207.5 REAL    1      9:50–9:55 AM    1.99      3:50–3:55 PM    3.65   +1.658   $+165.80  WIN 
  2025-11-07      185.0 REAL    1      9:50–9:55 AM    2.54      3:50–3:55 PM    0.03   -2.516   $-251.60  LOSS
  2025-11-14      180.0 REAL    5      9:50–9:55 AM    0.25      3:50–3:55 PM    0.03   -0.215   $-107.75  LOSS
  2025-11-21      180.0 REAL    1      9:50–9:55 AM    2.36      3:50–3:55 PM    0.61   -1.744   $-174.40  LOSS
  2025-11-28      180.0 REAL    —      9:50–9:55 AM       —      3:50–3:55 PM       —        —          —  skip
  2025-12-05      185.0 REAL    1      9:50–9:55 AM    3.49      3:50–3:55 PM    3.40   -0.094     $-9.40  LOSS
  2025-12-12      180.0 REAL    2      9:50–9:55 AM    0.59      3:50–3:55 PM    5.10   +4.512   $+902.40  WIN 
  2025-12-19      175.0 REAL    9      9:50–9:55 AM    0.11      3:50–3:55 PM    0.01   -0.104    $-93.60  LOSS
  2025-12-26      190.0 REAL    4      9:50–9:55 AM    0.31      3:50–3:55 PM    0.01   -0.302   $-120.80  LOSS
  2026-01-02      190.0 REAL    5      9:50–9:55 AM    0.25      3:50–3:55 PM    1.40   +1.152   $+576.00  WIN 
  2026-01-09      185.0 REAL    1      9:50–9:55 AM    1.16      3:50–3:55 PM    0.10   -1.064   $-106.40  LOSS
  2026-01-16      190.0 REAL    2      9:50–9:55 AM    0.87      3:50–3:55 PM    2.75   +1.880   $+376.00  WIN 
  2026-01-23      190.0 REAL    1      9:50–9:55 AM    2.59      3:50–3:55 PM    2.53   -0.060     $-6.00  LOSS
  2026-01-30      190.0 REAL    3      9:50–9:55 AM    0.34      3:50–3:55 PM    0.02   -0.320    $-96.00  LOSS
  2026-02-06      175.0 REAL    6      9:50–9:55 AM    0.18      3:50–3:55 PM    0.01   -0.169   $-101.40  LOSS
  2026-02-13      185.0 REAL    1      9:50–9:55 AM    2.20      3:50–3:55 PM    2.36   +0.160    $+16.00  WIN 
  2026-02-20      185.0 REAL    4      9:50–9:55 AM    0.27      3:50–3:55 PM    0.01   -0.260   $-104.00  LOSS
  2026-02-27      180.0 REAL    1      9:50–9:55 AM    1.26      3:50–3:55 PM    2.56   +1.298   $+129.80  WIN 
  2026-03-06      180.0 REAL    2      9:50–9:55 AM    0.66      3:50–3:55 PM    1.86   +1.198   $+239.60  WIN 
  2026-03-13      185.0 REAL    2      9:50–9:55 AM    0.85      3:50–3:55 PM    4.76   +3.916   $+783.20  WIN 
  2026-03-20      175.0 REAL    3      9:50–9:55 AM    0.35      3:50–3:55 PM    2.52   +2.162   $+648.60  WIN 
  2026-03-27      170.0 REAL    1      9:50–9:55 AM    1.48      3:50–3:55 PM    2.64   +1.156   $+115.60  WIN 
  2026-04-03      175.0 REAL    1      9:50–9:55 AM    2.31      3:50–3:55 PM    0.01   -2.304   $-230.40  LOSS
  2026-04-10      185.0 REAL    5      9:50–9:55 AM    0.21      3:50–3:55 PM    0.01   -0.200   $-100.00  LOSS
  2026-04-17      200.0 REAL    2      9:50–9:55 AM    0.56      3:50–3:55 PM    0.01   -0.554   $-110.80  LOSS
  2026-04-24      200.0 REAL    3      9:50–9:55 AM    0.38      3:50–3:55 PM    0.01   -0.370   $-111.00  LOSS
  2026-05-01      202.5 REAL    1      9:50–9:55 AM    3.39      3:50–3:55 PM    3.55   +0.156    $+15.60  WIN 
  2026-05-08      212.5 REAL    5      9:50–9:55 AM    0.21      3:50–3:55 PM    0.01   -0.193    $-96.50  LOSS
  2026-05-15      227.5 REAL    1      9:50–9:55 AM    2.52      3:50–3:55 PM    1.61   -0.908    $-90.80  LOSS
  2026-05-22      220.0 REAL    1      9:50–9:55 AM    2.60      3:50–3:55 PM    4.26   +1.664   $+166.40  WIN 
  2026-05-29      212.5 REAL    4      9:50–9:55 AM    0.26      3:50–3:55 PM    0.36   +0.098    $+39.20  WIN 
  2026-06-05      212.5 REAL    2      9:50–9:55 AM    0.94      3:50–3:55 PM    6.33   +5.388  $+1077.60  WIN 
  2026-06-12      205.0 REAL    1      9:50–9:55 AM    2.02      3:50–3:55 PM    0.54   -1.480   $-148.00  LOSS
  2026-06-19      207.5 REAL    1      9:50–9:55 AM    1.00      3:50–3:55 PM    0.08   -0.924    $-92.40  LOSS
  2026-06-26      190.0 REAL    4      9:50–9:55 AM    0.29      3:50–3:55 PM    0.01   -0.278   $-111.20  LOSS
  2026-07-03      200.0 REAL    1      9:50–9:55 AM    2.18      3:50–3:55 PM    5.83   +3.659   $+365.90  WIN 

  SUMMARY (optimal frames)  trades: 100   wins: 39/100   win rate: 39.0%   total P&L: $+4,701.50   avg/trade: $+47.02
           best day: $+1077.60   worst day: $-253.00   skipped (no data): 4
           premium spent: $17,377.30   return on spend: +27.1%

  NVDA PUTS — HEATMAPS   (entry-frame start ↓  exit-frame start →   cyan = chosen optimal)

  Each cell = best frame pair starting in that 30-min bucket (best over all durations).

  1) WIN RATE %  (wins ÷ trades)
    Entry |   9:30  10:00  10:30  11:00  11:30  12:00  12:30   1:00   1:30   2:00   2:30   3:00   3:30
  --------+-------------------------------------------------------------------------------------------
     9:30 |    42%    42%    41%    43%    42%    39%    37%    38%    37%    38%    38%    38%    39%
    10:00 |      ·    45%    43%    43%    40%    38%    39%    41%    41%    41%    40%    40%    41%
    10:30 |      ·      ·    42%    39%    40%    39%    34%    36%    35%    36%    38%    38%    36%
    11:00 |      ·      ·      ·    48%    39%    35%    41%    29%    30%    30%    31%    34%    38%
    11:30 |      ·      ·      ·      ·    53%    49%    42%    40%    39%    34%    34%    33%    33%
    12:00 |      ·      ·      ·      ·      ·    49%    44%    35%    35%    35%    36%    33%    34%
    12:30 |      ·      ·      ·      ·      ·      ·    50%    39%    40%    42%    35%    35%    35%
     1:00 |      ·      ·      ·      ·      ·      ·      ·    52%    45%    46%    35%    31%    34%
     1:30 |      ·      ·      ·      ·      ·      ·      ·      ·    48%    49%    35%    36%    39%
     2:00 |      ·      ·      ·      ·      ·      ·      ·      ·      ·    50%    35%    31%    32%
     2:30 |      ·      ·      ·      ·      ·      ·      ·      ·      ·      ·    54%    36%    34%
     3:00 |      ·      ·      ·      ·      ·      ·      ·      ·      ·      ·      ·    40%    41%
     3:30 |      ·      ·      ·      ·      ·      ·      ·      ·      ·      ·      ·      ·    39%

  2) WIN COUNT  (number of winning trades)
    Entry |   9:30  10:00  10:30  11:00  11:30  12:00  12:30   1:00   1:30   2:00   2:30   3:00   3:30
  --------+-------------------------------------------------------------------------------------------
     9:30 |     44     44     43     45     44     41     38     38     37     38     38     38     39
    10:00 |      ·     47     45     45     42     40     41     41     41     41     40     40     41
    10:30 |      ·      ·     44     41     42     41     35     36     35     36     38     38     36
    11:00 |      ·      ·      ·     49     40     36     43     29     30     30     31     34     38
    11:30 |      ·      ·      ·      ·     55     51     44     40     39     34     34     33     33
    12:00 |      ·      ·      ·      ·      ·     51     46     35     35     35     36     33     34
    12:30 |      ·      ·      ·      ·      ·      ·     52     39     40     42     35     35     35
     1:00 |      ·      ·      ·      ·      ·      ·      ·     51     45     46     35     31     34
     1:30 |      ·      ·      ·      ·      ·      ·      ·      ·     48     49     35     36     39
     2:00 |      ·      ·      ·      ·      ·      ·      ·      ·      ·     50     35     31     32
     2:30 |      ·      ·      ·      ·      ·      ·      ·      ·      ·      ·     54     36     34
     3:00 |      ·      ·      ·      ·      ·      ·      ·      ·      ·      ·      ·     40     41
     3:30 |      ·      ·      ·      ·      ·      ·      ·      ·      ·      ·      ·      ·     39

  3a) AVG P&L PER TRADE  ($ per contract)
    Entry |   9:30  10:00  10:30  11:00  11:30  12:00  12:30   1:00   1:30   2:00   2:30   3:00   3:30
  --------+-------------------------------------------------------------------------------------------
     9:30 |    +22    +27    +31    +31    +30    +31    +29    +31    +34    +36    +38    +40    +47
    10:00 |      ·    +14    +19    +20    +17    +18    +15    +18    +20    +21    +24    +28    +34
    10:30 |      ·      ·    +12    +15    +14    +11     +8     +9    +11    +12    +15    +19    +25
    11:00 |      ·      ·      ·     +2     +1     +1    -11     +1     +3     +6     +7     +9    +14
    11:30 |      ·      ·      ·      ·     +1     +2     -5     -5     -7     +1     +3     +8    +15
    12:00 |      ·      ·      ·      ·      ·     +2     +3     +3     +2     +4     +5     +9    +19
    12:30 |      ·      ·      ·      ·      ·      ·     +5     +5     +1     +3     +1     +5    +19
     1:00 |      ·      ·      ·      ·      ·      ·      ·     -1     +3     +4     +2     +8    +28
     1:30 |      ·      ·      ·      ·      ·      ·      ·      ·     +4     +6     +3     +8    +34
     2:00 |      ·      ·      ·      ·      ·      ·      ·      ·      ·     +3     +5    +15    +39
     2:30 |      ·      ·      ·      ·      ·      ·      ·      ·      ·      ·     +3     +7    +34
     3:00 |      ·      ·      ·      ·      ·      ·      ·      ·      ·      ·      ·     +9    +35
     3:30 |      ·      ·      ·      ·      ·      ·      ·      ·      ·      ·      ·      ·    +23

  3b) TOTAL P&L  ($ per contract, summed over all Fridays)
    Entry |    9:30   10:00   10:30   11:00   11:30   12:00   12:30    1:00    1:30    2:00    2:30    3:00    3:30
  --------+--------------------------------------------------------------------------------------------------------
     9:30 |   +2285   +2768   +3193   +3261   +3152   +3274   +3012   +3148   +3453   +3595   +3804   +4082   +4701
    10:00 |       ·   +1438   +1977   +2097   +1814   +1863   +1604   +1772   +2005   +2163   +2458   +2861   +3393
    10:30 |       ·       ·   +1204   +1566   +1440   +1173    +847    +866   +1078   +1218   +1563   +1961   +2488
    11:00 |       ·       ·       ·    +206    +144     +57   -1162     +94    +353    +569    +703    +943   +1436
    11:30 |       ·       ·       ·       ·    +155    +248    -527    -465    -706     +86    +319    +764   +1501
    12:00 |       ·       ·       ·       ·       ·    +225    +278    +334    +219    +382    +458    +877   +1898
    12:30 |       ·       ·       ·       ·       ·       ·    +509    +554    +136    +342    +120    +493   +1921
     1:00 |       ·       ·       ·       ·       ·       ·       ·     -89    +253    +397    +196    +760   +2797
     1:30 |       ·       ·       ·       ·       ·       ·       ·       ·    +429    +580    +323    +823   +3472
     2:00 |       ·       ·       ·       ·       ·       ·       ·       ·       ·    +268    +541   +1466   +3905
     2:30 |       ·       ·       ·       ·       ·       ·       ·       ·       ·       ·    +336    +708   +3422
     3:00 |       ·       ·       ·       ·       ·       ·       ·       ·       ·       ·       ·    +950   +3501
     3:30 |       ·       ·       ·       ·       ·       ·       ·       ·       ·       ·       ·       ·   +2332

──────────────────────────────────────────────────────────────────────────────────────
  NVDA PUTS — TOP 15 FRAME PAIRS (by win_rate × avg payoff)
──────────────────────────────────────────────────────────────────────────────────────
   #        Entry frame         Exit frame  Trades   Wins    Win%    Avg P&L     Total P&L
  --  -----------------  -----------------  ------  -----  ------  ---------  ------------
   1       9:50–9:55 AM       3:50–3:55 PM     100     39  39.0%    $+47.01    $+4,701.50
   2       9:50–9:55 AM       3:45–3:50 PM      99     38  38.4%    $+44.67    $+4,422.20
   3       9:50–9:55 AM       3:50–4:00 PM     101     38  37.6%    $+45.41    $+4,586.25
   4       9:50–9:55 AM       3:45–4:00 PM     101     39  38.6%    $+44.19    $+4,462.95
   5       9:35–9:40 AM       3:50–3:55 PM     100     40  40.0%    $+42.60    $+4,259.95
   6       9:50–9:55 AM       3:55–4:00 PM     101     38  37.6%    $+45.10    $+4,555.45
   7       9:50–9:55 AM       3:40–4:00 PM     101     39  38.6%    $+43.66    $+4,409.43
   8       9:50–9:55 AM       3:40–3:45 PM     100     38  38.0%    $+43.79    $+4,378.92
   9       9:45–9:55 AM       3:50–3:55 PM     100     39  39.0%    $+42.62    $+4,262.37
  10       9:50–9:55 AM       3:45–3:55 PM     101     38  37.6%    $+43.65    $+4,408.68
  11       9:30–9:40 AM       3:50–3:55 PM     100     39  39.0%    $+41.98    $+4,197.89
  12       9:35–9:40 AM       3:45–3:50 PM      99     40  40.4%    $+40.49    $+4,008.10
  13       9:35–9:55 AM       3:50–3:55 PM     100     38  38.0%    $+43.00    $+4,299.70
  14       9:50–9:55 AM       3:40–3:55 PM     101     38  37.6%    $+43.18    $+4,360.75
  15       9:35–9:40 AM       3:50–4:00 PM     101     40  39.6%    $+40.91    $+4,132.20

──────────────────────────────────────────────────────────────────────────────────────
  Saved CSV: C:\actions-runner\_work\EoD_OptionTrading\EoD_OptionTrading\results\friday_intraday\backtest_friday_intraday_timeframe_puts_730days_2026-07-09_1615.csv
  Saved TXT: C:\actions-runner\_work\EoD_OptionTrading\EoD_OptionTrading\results\friday_intraday\backtest_friday_intraday_timeframe_puts_730days_2026-07-09_1615.txt
  Saved TXT (outliers removed): C:\actions-runner\_work\EoD_OptionTrading\EoD_OptionTrading\results\friday_intraday\backtest_friday_intraday_timeframe_puts_730days_2026-07-09_1615_outliers_removed.txt
──────────────────────────────────────────────────────────────────────────────────────


██████████████████████████████████████████████████████████████████████████████████████
  GOOGL CALLS
██████████████████████████████████████████████████████████████████████████████████████
======================================================================================
  GOOGL CALLS
======================================================================================
  Optimal entry frame : 3:32–3:37 PM   (5 min)
  Optimal exit frame  : 3:55–4:00 PM   (5 min)
  Data source         : REAL prices

  Date           Strike  Src  Qty       Entry frame    Buy$        Exit frame   Sell$   P&L/sh      P&L $  Result
  ------------ -------- ---- ---- ----------------- ------- ----------------- ------- -------- ----------  ------
  2024-07-12      185.0 REAL    2      3:32–3:37 PM    0.90      3:55–4:00 PM    0.10   -0.796   $-159.20  LOSS
  2024-07-19      180.0 REAL  101      3:32–3:37 PM    0.01      3:55–4:00 PM    0.01   +0.000     $+0.00  LOSS
  2024-07-26      165.0 REAL    1      3:32–3:37 PM    1.25      3:55–4:00 PM    1.70   +0.445    $+44.50  WIN 
  2024-08-02      165.0 REAL    1      3:32–3:37 PM    1.51      3:55–4:00 PM    1.52   +0.013     $+1.33  WIN 
  2024-08-09      160.0 REAL    1      3:32–3:37 PM    2.74      3:55–4:00 PM    3.50   +0.758    $+75.80  WIN 
  2024-08-16      160.0 REAL    1      3:32–3:37 PM    3.30      3:55–4:00 PM    2.96   -0.340    $-33.95  LOSS
  2024-08-23      165.0 REAL    2      3:32–3:37 PM    0.61      3:55–4:00 PM    0.64   +0.027     $+5.40  WIN 
  2024-08-30      165.0 REAL  101      3:32–3:37 PM    0.01      3:55–4:00 PM    0.01   +0.000     $+0.00  LOSS
  2024-09-06      160.0 REAL    —      3:32–3:37 PM       —      3:55–4:00 PM       —        —          —  skip
  2024-09-13      155.0 REAL    1      3:32–3:37 PM    2.59      3:55–4:00 PM    2.51   -0.083     $-8.25  LOSS
  2024-09-20      165.0 REAL  101      3:32–3:37 PM    0.01      3:55–4:00 PM    0.01   +0.000     $+0.00  LOSS
  2024-09-27      165.0 REAL  100      3:32–3:37 PM    0.01      3:55–4:00 PM    0.01   +0.000     $+0.00  LOSS
  2024-10-04      170.0 REAL  101      3:32–3:37 PM    0.01      3:55–4:00 PM    0.01   +0.000     $+0.00  LOSS
  2024-10-11      160.0 REAL    1      3:32–3:37 PM    3.80      3:55–4:00 PM    3.18   -0.617    $-61.67  LOSS
  2024-10-18      165.0 REAL  100      3:32–3:37 PM    0.01      3:55–4:00 PM    0.01   +0.000     $+0.00  LOSS
  2024-10-25      165.0 REAL    6      3:32–3:37 PM    0.19      3:55–4:00 PM    0.20   +0.006     $+3.60  WIN 
  2024-11-01      170.0 REAL    1      3:32–3:37 PM    1.10      3:55–4:00 PM    1.39   +0.296    $+29.60  WIN 
  2024-11-08      180.0 REAL  101      3:32–3:37 PM    0.01      3:55–4:00 PM    0.01   +0.000     $+0.00  LOSS
  2024-11-15      175.0 REAL    —      3:32–3:37 PM       —      3:55–4:00 PM       —        —          —  skip
  2024-11-22      160.0 REAL    —      3:32–3:37 PM       —      3:55–4:00 PM       —        —          —  skip
  2024-11-29      170.0 REAL    —      3:32–3:37 PM       —      3:55–4:00 PM       —        —          —  skip
  2024-12-06      170.0 REAL    1      3:32–3:37 PM    4.46      3:55–4:00 PM    4.79   +0.330    $+33.00  WIN 
  2024-12-13      190.0 REAL    2      3:32–3:37 PM    0.71      3:55–4:00 PM    0.07   -0.640   $-128.00  LOSS
  2024-12-20      185.0 REAL    —      3:32–3:37 PM       —      3:55–4:00 PM       —        —          —  skip
  2024-12-27      195.0 REAL    —      3:32–3:37 PM       —      3:55–4:00 PM       —        —          —  skip
  2025-01-03      190.0 REAL    1      3:32–3:37 PM    1.89      3:55–4:00 PM    1.82   -0.064     $-6.35  LOSS
  2025-01-10      195.0 REAL    —      3:32–3:37 PM       —      3:55–4:00 PM       —        —          —  skip
  2025-01-17      195.0 REAL    1      3:32–3:37 PM    1.02      3:55–4:00 PM    0.97   -0.052     $-5.20  LOSS
  2025-01-24      200.0 REAL   11      3:32–3:37 PM    0.09      3:55–4:00 PM    0.12   +0.030    $+33.00  WIN 
  2025-01-31      200.0 REAL    1      3:32–3:37 PM    3.70      3:55–4:00 PM    3.98   +0.278    $+27.80  WIN 
  2025-02-07      190.0 REAL    —      3:32–3:37 PM       —      3:55–4:00 PM       —        —          —  skip
  2025-02-14      185.0 REAL    3      3:32–3:37 PM    0.42      3:55–4:00 PM    0.27   -0.142    $-42.60  LOSS
  2025-02-21      185.0 REAL  101      3:32–3:37 PM    0.01      3:55–4:00 PM    0.01   +0.000     $+0.00  LOSS
  2025-02-28      170.0 REAL   80      3:32–3:37 PM    0.01      3:55–4:00 PM    0.33   +0.322  $+2572.00  WIN 
  2025-03-07      170.0 REAL    1      3:32–3:37 PM    3.64      3:55–4:00 PM    4.06   +0.419    $+41.92  WIN 
  2025-03-14      165.0 REAL    4      3:32–3:37 PM    0.31      3:55–4:00 PM    0.71   +0.404   $+161.60  WIN 
  2025-03-21      160.0 REAL    1      3:32–3:37 PM    3.09      3:55–4:00 PM    4.01   +0.922    $+92.25  WIN 
  2025-03-28      160.0 REAL    —      3:32–3:37 PM       —      3:55–4:00 PM       —        —          —  skip
  2025-04-04      150.0 REAL   27      3:32–3:37 PM    0.04      3:55–4:00 PM    0.01   -0.028    $-75.60  LOSS
  2025-04-11      155.0 REAL    1      3:32–3:37 PM    1.94      3:55–4:00 PM    2.20   +0.262    $+26.20  WIN 
  2025-04-18      155.0 REAL  100      3:32–3:37 PM    0.01      3:55–4:00 PM    0.01   +0.000     $+0.00  LOSS
  2025-04-25      165.0 REAL   84      3:32–3:37 PM    0.01      3:55–4:00 PM    0.01   -0.002    $-16.80  LOSS
  2025-05-02      165.0 REAL   84      3:32–3:37 PM    0.01      3:55–4:00 PM    0.01   -0.002    $-16.80  LOSS
  2025-05-09      155.0 REAL  101      3:32–3:37 PM    0.01      3:55–4:00 PM    0.01   +0.000     $+0.00  LOSS
  2025-05-16      170.0 REAL  100      3:32–3:37 PM    0.01      3:55–4:00 PM    0.01   +0.000     $+0.00  LOSS
  2025-05-23      170.0 REAL   39      3:32–3:37 PM    0.03      3:55–4:00 PM    0.01   -0.016    $-62.40  LOSS
  2025-05-30      170.0 REAL    1      3:32–3:37 PM    1.07      3:55–4:00 PM    1.95   +0.880    $+88.00  WIN 
  2025-06-06      170.0 REAL    1      3:32–3:37 PM    3.71      3:55–4:00 PM    3.78   +0.076     $+7.60  WIN 
  2025-06-13      175.0 REAL    4      3:32–3:37 PM    0.27      3:55–4:00 PM    0.02   -0.242    $-96.80  LOSS
  2025-06-20      175.0 REAL  100      3:32–3:37 PM    0.01      3:55–4:00 PM    0.01   +0.000     $+0.00  LOSS
  2025-06-27      175.0 REAL  101      3:32–3:37 PM    0.01      3:55–4:00 PM    2.97   +2.960 $+29896.00  WIN 
  2025-07-04      180.0 REAL    —      3:32–3:37 PM       —      3:55–4:00 PM       —        —          —  skip
  2025-07-11      175.0 REAL    1      3:32–3:37 PM    5.33      3:55–4:00 PM    5.24   -0.090     $-9.00  LOSS
  2025-07-18      185.0 REAL   19      3:32–3:37 PM    0.05      3:55–4:00 PM    0.10   +0.050    $+95.00  WIN 
  2025-07-25      195.0 REAL   72      3:32–3:37 PM    0.01      3:55–4:00 PM    0.01   -0.004    $-28.80  LOSS
  2025-08-01      190.0 REAL   67      3:32–3:37 PM    0.01      3:55–4:00 PM    0.01   -0.005    $-33.50  LOSS
  2025-08-08      200.0 REAL    1      3:32–3:37 PM    1.49      3:55–4:00 PM    1.50   +0.012     $+1.20  WIN 
  2025-08-15      202.5 REAL    1      3:32–3:37 PM    2.62      3:55–4:00 PM    1.65   -0.966    $-96.60  LOSS
  2025-08-22      202.5 REAL    1      3:32–3:37 PM    3.39      3:55–4:00 PM    3.60   +0.210    $+21.00  WIN 
  2025-08-29      210.0 REAL    1      3:32–3:37 PM    3.12      3:55–4:00 PM    3.03   -0.092     $-9.25  LOSS
  2025-09-05      232.5 REAL    1      3:32–3:37 PM    1.85      3:55–4:00 PM    2.43   +0.582    $+58.20  WIN 
  2025-09-12      240.0 REAL    2      3:32–3:37 PM    0.97      3:55–4:00 PM    0.90   -0.066    $-13.20  LOSS
  2025-09-19      255.0 REAL    2      3:32–3:37 PM    0.72      3:55–4:00 PM    0.33   -0.392    $-78.40  LOSS
  2025-09-26      247.5 REAL   11      3:32–3:37 PM    0.09      3:55–4:00 PM    0.01   -0.080    $-88.00  LOSS
  2025-10-03      245.0 REAL   12      3:32–3:37 PM    0.09      3:55–4:00 PM    0.35   +0.260   $+312.00  WIN 
  2025-10-10      242.5 REAL    —      3:32–3:37 PM       —      3:55–4:00 PM       —        —          —  skip
  2025-10-17      250.0 REAL    1      3:32–3:37 PM    2.87      3:55–4:00 PM    3.35   +0.482    $+48.20  WIN 
  2025-10-24      255.0 REAL    1      3:32–3:37 PM    5.45      3:55–4:00 PM    5.04   -0.403    $-40.30  LOSS
  2025-10-31      285.0 REAL  101      3:32–3:37 PM    0.01      3:55–4:00 PM    0.01   +0.000     $+0.00  LOSS
  2025-11-07      280.0 REAL   17      3:32–3:37 PM    0.06      3:55–4:00 PM    0.01   -0.052    $-88.40  LOSS
  2025-11-14      272.5 REAL    —      3:32–3:37 PM       —      3:55–4:00 PM       —        —          —  skip
  2025-11-21      300.0 REAL    2      3:32–3:37 PM    0.86      3:55–4:00 PM    0.08   -0.772   $-154.40  LOSS
  2025-11-28      325.0 REAL    —      3:32–3:37 PM       —      3:55–4:00 PM       —        —          —  skip
  2025-12-05      320.0 REAL    3      3:32–3:37 PM    0.47      3:55–4:00 PM    0.95   +0.476   $+142.80  WIN 
  2025-12-12      315.0 REAL  101      3:32–3:37 PM    0.01      3:55–4:00 PM    0.01   +0.000     $+0.00  LOSS
  2025-12-19      302.5 REAL    1      3:32–3:37 PM    1.77      3:55–4:00 PM    4.00   +2.230   $+223.00  WIN 
  2025-12-26      315.0 REAL  101      3:32–3:37 PM    0.01      3:55–4:00 PM    0.01   +0.000     $+0.00  LOSS
  2026-01-02      320.0 REAL  100      3:32–3:37 PM    0.01      3:55–4:00 PM    0.01   +0.000     $+0.00  LOSS
  2026-01-09      327.5 REAL    1      3:32–3:37 PM    2.27      3:55–4:00 PM    1.29   -0.984    $-98.40  LOSS
  2026-01-16      332.5 REAL  100      3:32–3:37 PM    0.01      3:55–4:00 PM    0.02   +0.010   $+100.00  WIN 
  2026-01-23      330.0 REAL   84      3:32–3:37 PM    0.01      3:55–4:00 PM    0.01   -0.002    $-16.80  LOSS
  2026-01-30      335.0 REAL    1      3:32–3:37 PM    2.77      3:55–4:00 PM    3.09   +0.327    $+32.73  WIN 
  2026-02-06      330.0 REAL    —      3:32–3:37 PM       —      3:55–4:00 PM       —        —          —  skip
  2026-02-13      305.0 REAL    2      3:32–3:37 PM    0.52      3:55–4:00 PM    0.54   +0.025     $+5.07  WIN 
  2026-02-20      305.0 REAL    1      3:32–3:37 PM   10.13      3:55–4:00 PM    9.89   -0.243    $-24.30  LOSS
  2026-02-27      305.0 REAL    1      3:32–3:37 PM    2.94      3:55–4:00 PM    6.65   +3.708   $+370.75  WIN 
  2026-03-06      295.0 REAL    1      3:32–3:37 PM    3.08      3:55–4:00 PM    3.01   -0.070     $-7.00  LOSS
  2026-03-13      307.5 REAL  100      3:32–3:37 PM    0.01      3:55–4:00 PM    0.01   +0.000     $+0.00  LOSS
  2026-03-20      305.0 REAL   45      3:32–3:37 PM    0.02      3:55–4:00 PM    0.04   +0.013    $+60.75  WIN 
  2026-03-27      277.5 REAL   39      3:32–3:37 PM    0.03      3:55–4:00 PM    0.02   -0.009    $-36.40  LOSS
  2026-04-03      292.5 REAL    1      3:32–3:37 PM    2.52      3:55–4:00 PM    3.20   +0.685    $+68.50  WIN 
  2026-04-10      320.0 REAL  100      3:32–3:37 PM    0.01      3:55–4:00 PM    0.01   +0.000     $+0.00  LOSS
  2026-04-17      337.5 REAL    1      3:32–3:37 PM    3.92      3:55–4:00 PM    4.27   +0.345    $+34.50  WIN 
  2026-04-24      337.5 REAL    1      3:32–3:37 PM    7.08      3:55–4:00 PM    7.29   +0.210    $+21.00  WIN 
  2026-05-01      380.0 REAL    1      3:32–3:37 PM    5.39      3:55–4:00 PM    5.58   +0.186    $+18.60  WIN 
  2026-05-08      397.5 REAL    1      3:32–3:37 PM    2.69      3:55–4:00 PM    3.54   +0.852    $+85.20  WIN 
  2026-05-15      395.0 REAL    1      3:32–3:37 PM    1.54      3:55–4:00 PM    1.69   +0.150    $+15.00  WIN 
  2026-05-22      387.5 REAL  101      3:32–3:37 PM    0.01      3:55–4:00 PM    0.01   +0.000     $+0.00  LOSS
  2026-05-29      382.5 REAL    2      3:32–3:37 PM    0.69      3:55–4:00 PM    0.10   -0.590   $-118.00  LOSS
  2026-06-05      367.5 REAL    9      3:32–3:37 PM    0.12      3:55–4:00 PM    1.26   +1.139  $+1025.40  WIN 
  2026-06-12      362.5 REAL   42      3:32–3:37 PM    0.02      3:55–4:00 PM    0.01   -0.009    $-37.80  LOSS
  2026-06-19      367.5 REAL    2      3:32–3:37 PM    0.75      3:55–4:00 PM    1.43   +0.676   $+135.20  WIN 
  2026-06-26      340.0 REAL    1      3:32–3:37 PM    2.49      3:55–4:00 PM    0.63   -1.862   $-186.20  LOSS
  2026-07-03      360.0 REAL    4      3:32–3:37 PM    0.26      3:55–4:00 PM    0.53   +0.272   $+108.80  WIN 

  SUMMARY (optimal frames)  trades: 90   wins: 39/90   win rate: 43.3%   total P&L: $+34,244.13   avg/trade: $+380.49
           best day: $+29896.00   worst day: $-186.20   skipped (no data): 14
           premium spent: $17,457.07   return on spend: +196.2%

  GOOGL CALLS — HEATMAPS   (entry-frame start ↓  exit-frame start →   cyan = chosen optimal)

  Each cell = best frame pair starting in that 30-min bucket (best over all durations).

  1) WIN RATE %  (wins ÷ trades)
    Entry |   9:30  10:00  10:30  11:00  11:30  12:00  12:30   1:00   1:30   2:00   2:30   3:00   3:30
  --------+-------------------------------------------------------------------------------------------
     9:30 |    46%    40%    36%    39%    39%    40%    40%    39%    38%    39%    39%    38%    39%
    10:00 |      ·    51%    47%    44%    39%    37%    37%    39%    36%    34%    36%    34%    29%
    10:30 |      ·      ·    48%    48%    44%    38%    38%    39%    39%    40%    35%    34%    31%
    11:00 |      ·      ·      ·    49%    45%    33%    42%    44%    36%    34%    33%    33%    32%
    11:30 |      ·      ·      ·      ·    50%    44%    43%    44%    42%    40%    35%    32%    29%
    12:00 |      ·      ·      ·      ·      ·    54%    46%    42%    41%    41%    38%    33%    31%
    12:30 |      ·      ·      ·      ·      ·      ·    49%    47%    48%    39%    38%    34%    32%
     1:00 |      ·      ·      ·      ·      ·      ·      ·    45%    51%    40%    39%    36%    33%
     1:30 |      ·      ·      ·      ·      ·      ·      ·      ·    48%    41%    36%    35%    33%
     2:00 |      ·      ·      ·      ·      ·      ·      ·      ·      ·    49%    43%    29%    33%
     2:30 |      ·      ·      ·      ·      ·      ·      ·      ·      ·      ·    28%    38%    34%
     3:00 |      ·      ·      ·      ·      ·      ·      ·      ·      ·      ·      ·    36%    37%
     3:30 |      ·      ·      ·      ·      ·      ·      ·      ·      ·      ·      ·      ·    41%

  2) WIN COUNT  (number of winning trades)
    Entry |   9:30  10:00  10:30  11:00  11:30  12:00  12:30   1:00   1:30   2:00   2:30   3:00   3:30
  --------+-------------------------------------------------------------------------------------------
     9:30 |     48     41     37     41     41     41     41     39     37     38     39     37     37
    10:00 |      ·     53     48     44     39     38     38     39     35     32     36     32     28
    10:30 |      ·      ·     48     49     45     40     40     39     37     38     35     32     29
    11:00 |      ·      ·      ·     49     45     33     43     43     35     32     33     33     30
    11:30 |      ·      ·      ·      ·     51     45     45     44     39     37     33     32     28
    12:00 |      ·      ·      ·      ·      ·     53     46     41     37     37     37     33     29
    12:30 |      ·      ·      ·      ·      ·      ·     48     45     45     37     35     32     30
     1:00 |      ·      ·      ·      ·      ·      ·      ·     43     48     36     35     35     31
     1:30 |      ·      ·      ·      ·      ·      ·      ·      ·     44     38     33     33     31
     2:00 |      ·      ·      ·      ·      ·      ·      ·      ·      ·     43     39     29     31
     2:30 |      ·      ·      ·      ·      ·      ·      ·      ·      ·      ·     26     36     30
     3:00 |      ·      ·      ·      ·      ·      ·      ·      ·      ·      ·      ·     34     35
     3:30 |      ·      ·      ·      ·      ·      ·      ·      ·      ·      ·      ·      ·     38

  3a) AVG P&L PER TRADE  ($ per contract)
    Entry |   9:30  10:00  10:30  11:00  11:30  12:00  12:30   1:00   1:30   2:00   2:30   3:00   3:30
  --------+-------------------------------------------------------------------------------------------
     9:30 |     +3     +2     +2    -14    -13    -14    -12    -25     +0     +1    -20    -27    -13
    10:00 |      ·     +1     +1     -5     -8    -17    -20     -9     +1     +2    -24    -33     +7
    10:30 |      ·      ·     +2     -3     -2    -13    -19    -16     -1     -6    -25    -27    +16
    11:00 |      ·      ·      ·     +4     +6     +3    -14     -8     +3     +5    -11    -32    +26
    11:30 |      ·      ·      ·      ·     +3     -6    -15    -12     +3     +3     -8    -30    +46
    12:00 |      ·      ·      ·      ·      ·     +3     +2     +4    +11    +10     -3    -27    +61
    12:30 |      ·      ·      ·      ·      ·      ·     +7    +10    +16    +20     +9     +2    +79
     1:00 |      ·      ·      ·      ·      ·      ·      ·    +16    +23    +28    +15     -9   +121
     1:30 |      ·      ·      ·      ·      ·      ·      ·      ·     +8    +10     +3    -22   +163
     2:00 |      ·      ·      ·      ·      ·      ·      ·      ·      ·     +5     -7    +16   +240
     2:30 |      ·      ·      ·      ·      ·      ·      ·      ·      ·      ·     +3    +36   +341
     3:00 |      ·      ·      ·      ·      ·      ·      ·      ·      ·      ·      ·    +44   +347
     3:30 |      ·      ·      ·      ·      ·      ·      ·      ·      ·      ·      ·      ·   +369

  3b) TOTAL P&L  ($ per contract, summed over all Fridays)
    Entry |    9:30   10:00   10:30   11:00   11:30   12:00   12:30    1:00    1:30    2:00    2:30    3:00    3:30
  --------+--------------------------------------------------------------------------------------------------------
     9:30 |    +333    +253    +191   -1410   -1304   -1423   -1265   -2462     +42     +74   -1939   -2623   -1211
    10:00 |       ·     +75    +126    -536    -844   -1799   -2059    -927    +107    +143   -2364   -3061    +621
    10:30 |       ·       ·    +161    -328    -215   -1357   -1959   -1610     -75    -606   -2552   -2592   +1506
    11:00 |       ·       ·       ·    +362    +597    +343   -1457    -739    +257    +465   -1127   -3213   +2454
    11:30 |       ·       ·       ·       ·    +317    -593   -1522   -1205    +304    +298    -790   -2983   +4378
    12:00 |       ·       ·       ·       ·       ·    +284    +165    +380    +946    +896    -288   -2716   +5807
    12:30 |       ·       ·       ·       ·       ·       ·    +644    +926   +1499   +1876    +855    +222   +7478
     1:00 |       ·       ·       ·       ·       ·       ·       ·   +1564   +2142   +2560   +1374    -842  +11515
     1:30 |       ·       ·       ·       ·       ·       ·       ·       ·    +756    +912    +230   -2091  +15483
     2:00 |       ·       ·       ·       ·       ·       ·       ·       ·       ·    +456    -659   +1640  +22834
     2:30 |       ·       ·       ·       ·       ·       ·       ·       ·       ·       ·    +291   +3434  +30319
     3:00 |       ·       ·       ·       ·       ·       ·       ·       ·       ·       ·       ·   +4138  +32648
     3:30 |       ·       ·       ·       ·       ·       ·       ·       ·       ·       ·       ·       ·  +34271

──────────────────────────────────────────────────────────────────────────────────────
  GOOGL CALLS — TOP 15 FRAME PAIRS (by win_rate × avg payoff)
──────────────────────────────────────────────────────────────────────────────────────
   #        Entry frame         Exit frame  Trades   Wins    Win%    Avg P&L     Total P&L
  --  -----------------  -----------------  ------  -----  ------  ---------  ------------
   1       3:30–3:35 PM       3:55–4:00 PM      93     38  40.9%   $+368.50   $+34,270.87
   2       3:25–3:35 PM       3:55–4:00 PM      94     35  37.2%   $+347.32   $+32,647.72
   3       3:15–3:20 PM       3:55–4:00 PM      88     31  35.2%   $+356.29   $+31,353.37
   4       3:25–3:30 PM       3:55–4:00 PM      92     33  35.9%   $+347.59   $+31,978.63
   5       3:35–3:40 PM       3:55–4:00 PM      89     41  46.1%   $+269.42   $+23,978.00
   6       3:10–3:15 PM       3:55–4:00 PM      91     33  36.3%   $+332.37   $+30,245.72
   7       2:50–2:55 PM       3:55–4:00 PM      89     30  33.7%   $+340.66   $+30,318.83
   8       3:15–3:35 PM       3:55–4:00 PM      95     34  35.8%   $+320.79   $+30,474.65
   9       3:30–3:40 PM       3:55–4:00 PM      95     38  40.0%   $+286.67   $+27,233.99
  10       3:20–3:35 PM       3:55–4:00 PM      95     34  35.8%   $+320.08   $+30,407.26
  11       3:05–3:15 PM       3:55–4:00 PM      92     32  34.8%   $+327.26   $+30,107.86
  12       3:25–3:40 PM       3:55–4:00 PM      95     37  38.9%   $+292.21   $+27,759.68
  13       3:05–3:10 PM       3:55–4:00 PM      89     30  33.7%   $+337.53   $+30,039.73
  14       2:55–3:00 PM       3:55–4:00 PM      92     31  33.7%   $+336.06   $+30,917.38
  15       3:00–3:05 PM       3:55–4:00 PM      93     32  34.4%   $+325.22   $+30,245.15


██████████████████████████████████████████████████████████████████████████████████████
  OUTLIERS REMOVED (winning trades > $2,000)  —  GOOGL CALLS re-optimized
██████████████████████████████████████████████████████████████████████████████████████
  (chosen frames dropped 1 outlier win(s): 2025-06-27)
======================================================================================
  GOOGL CALLS
======================================================================================
  Optimal entry frame : 3:40–3:45 PM   (5 min)
  Optimal exit frame  : 3:54–3:59 PM   (5 min)
  Data source         : REAL prices

  Date           Strike  Src  Qty       Entry frame    Buy$        Exit frame   Sell$   P&L/sh      P&L $  Result
  ------------ -------- ---- ---- ----------------- ------- ----------------- ------- -------- ----------  ------
  2024-07-12      185.0 REAL    4      3:40–3:45 PM    0.26      3:54–3:59 PM    0.10   -0.158    $-63.20  LOSS
  2024-07-19      180.0 REAL    —      3:40–3:45 PM       —      3:54–3:59 PM       —        —          —  skip
  2024-07-26      165.0 REAL    1      3:40–3:45 PM    1.98      3:54–3:59 PM    1.55   -0.425    $-42.50  LOSS
  2024-08-02      165.0 REAL    1      3:40–3:45 PM    1.01      3:54–3:59 PM    1.32   +0.314    $+31.40  WIN 
  2024-08-09      160.0 REAL    1      3:40–3:45 PM    2.99      3:54–3:59 PM    3.43   +0.438    $+43.80  WIN 
  2024-08-16      160.0 REAL    1      3:40–3:45 PM    3.27      3:54–3:59 PM    2.97   -0.307    $-30.75  LOSS
  2024-08-23      165.0 REAL    2      3:40–3:45 PM    0.51      3:54–3:59 PM    0.66   +0.148    $+29.60  WIN 
  2024-08-30      165.0 REAL    —      3:40–3:45 PM       —      3:54–3:59 PM       —        —          —  skip
  2024-09-06      160.0 REAL    —      3:40–3:45 PM       —      3:54–3:59 PM       —        —          —  skip
  2024-09-13      155.0 REAL    1      3:40–3:45 PM    2.71      3:54–3:59 PM    2.50   -0.212    $-21.25  LOSS
  2024-09-20      165.0 REAL  101      3:40–3:45 PM    0.01      3:54–3:59 PM    0.01   +0.000     $+0.00  LOSS
  2024-09-27      165.0 REAL  100      3:40–3:45 PM    0.01      3:54–3:59 PM    0.01   +0.000     $+0.00  LOSS
  2024-10-04      170.0 REAL  101      3:40–3:45 PM    0.01      3:54–3:59 PM    0.01   +0.000     $+0.00  LOSS
  2024-10-11      160.0 REAL    1      3:40–3:45 PM    3.70      3:54–3:59 PM    3.18   -0.517    $-51.67  LOSS
  2024-10-18      165.0 REAL  100      3:40–3:45 PM    0.01      3:54–3:59 PM    0.01   +0.000     $+0.00  LOSS
  2024-10-25      165.0 REAL    5      3:40–3:45 PM    0.20      3:54–3:59 PM    0.20   -0.008     $-4.00  LOSS
  2024-11-01      170.0 REAL    1      3:40–3:45 PM    1.33      3:54–3:59 PM    1.43   +0.106    $+10.60  WIN 
  2024-11-08      180.0 REAL  101      3:40–3:45 PM    0.01      3:54–3:59 PM    0.01   +0.000     $+0.00  LOSS
  2024-11-15      175.0 REAL    —      3:40–3:45 PM       —      3:54–3:59 PM       —        —          —  skip
  2024-11-22      160.0 REAL    1      3:40–3:45 PM    5.00      3:54–3:59 PM    4.87   -0.130    $-13.00  LOSS
  2024-11-29      170.0 REAL    —      3:40–3:45 PM       —      3:54–3:59 PM       —        —          —  skip
  2024-12-06      170.0 REAL    —      3:40–3:45 PM       —      3:54–3:59 PM       —        —          —  skip
  2024-12-13      190.0 REAL    2      3:40–3:45 PM    0.69      3:54–3:59 PM    0.09   -0.598   $-119.50  LOSS
  2024-12-20      185.0 REAL    1      3:40–3:45 PM    6.84      3:54–3:59 PM    6.10   -0.738    $-73.75  LOSS
  2024-12-27      195.0 REAL    —      3:40–3:45 PM       —      3:54–3:59 PM       —        —          —  skip
  2025-01-03      190.0 REAL    1      3:40–3:45 PM    1.87      3:54–3:59 PM    1.78   -0.092     $-9.20  LOSS
  2025-01-10      195.0 REAL  101      3:40–3:45 PM    0.01      3:54–3:59 PM    0.01   +0.000     $+0.00  LOSS
  2025-01-17      195.0 REAL    1      3:40–3:45 PM    1.25      3:54–3:59 PM    1.03   -0.220    $-22.00  LOSS
  2025-01-24      200.0 REAL   13      3:40–3:45 PM    0.08      3:54–3:59 PM    0.10   +0.021    $+27.95  WIN 
  2025-01-31      200.0 REAL    1      3:40–3:45 PM    3.63      3:54–3:59 PM    3.96   +0.330    $+33.00  WIN 
  2025-02-07      190.0 REAL    —      3:40–3:45 PM       —      3:54–3:59 PM       —        —          —  skip
  2025-02-14      185.0 REAL    3      3:40–3:45 PM    0.47      3:54–3:59 PM    0.33   -0.142    $-42.60  LOSS
  2025-02-21      185.0 REAL  101      3:40–3:45 PM    0.01      3:54–3:59 PM    0.01   +0.000     $+0.00  LOSS
  2025-02-28      170.0 REAL   67      3:40–3:45 PM    0.01      3:54–3:59 PM    0.31   +0.293  $+1963.10  WIN 
  2025-03-07      170.0 REAL    1      3:40–3:45 PM    3.12      3:54–3:59 PM    4.06   +0.933    $+93.33  WIN 
  2025-03-14      165.0 REAL    5      3:40–3:45 PM    0.25      3:54–3:59 PM    0.76   +0.508   $+254.00  WIN 
  2025-03-21      160.0 REAL    1      3:40–3:45 PM    3.05      3:54–3:59 PM    4.04   +0.985    $+98.50  WIN 
  2025-03-28      160.0 REAL    —      3:40–3:45 PM       —      3:54–3:59 PM       —        —          —  skip
  2025-04-04      150.0 REAL   43      3:40–3:45 PM    0.02      3:54–3:59 PM    0.01   -0.013    $-57.33  LOSS
  2025-04-11      155.0 REAL    1      3:40–3:45 PM    1.99      3:54–3:59 PM    2.18   +0.192    $+19.20  WIN 
  2025-04-18      155.0 REAL    —      3:40–3:45 PM       —      3:54–3:59 PM       —        —          —  skip
  2025-04-25      165.0 REAL   72      3:40–3:45 PM    0.01      3:54–3:59 PM    0.01   -0.004    $-28.80  LOSS
  2025-05-02      165.0 REAL   72      3:40–3:45 PM    0.01      3:54–3:59 PM    0.01   -0.004    $-28.80  LOSS
  2025-05-09      155.0 REAL  101      3:40–3:45 PM    0.01      3:54–3:59 PM    0.01   +0.000     $+0.00  LOSS
  2025-05-16      170.0 REAL  100      3:40–3:45 PM    0.01      3:54–3:59 PM    0.01   +0.000     $+0.00  LOSS
  2025-05-23      170.0 REAL   34      3:40–3:45 PM    0.03      3:54–3:59 PM    0.01   -0.020    $-68.00  LOSS
  2025-05-30      170.0 REAL    1      3:40–3:45 PM    1.14      3:54–3:59 PM    1.94   +0.808    $+80.80  WIN 
  2025-06-06      170.0 REAL    1      3:40–3:45 PM    3.64      3:54–3:59 PM    3.82   +0.177    $+17.67  WIN 
  2025-06-13      175.0 REAL    4      3:40–3:45 PM    0.26      3:54–3:59 PM    0.03   -0.232    $-92.80  LOSS
  2025-06-20      175.0 REAL  100      3:40–3:45 PM    0.01      3:54–3:59 PM    0.01   +0.000     $+0.00  LOSS
  2025-07-04      180.0 REAL    —      3:40–3:45 PM       —      3:54–3:59 PM       —        —          —  skip
  2025-07-11      175.0 REAL    1      3:40–3:45 PM    5.39      3:54–3:59 PM    5.26   -0.135    $-13.50  LOSS
  2025-07-18      185.0 REAL   20      3:40–3:45 PM    0.05      3:54–3:59 PM    0.12   +0.074   $+148.00  WIN 
  2025-07-25      195.0 REAL  101      3:40–3:45 PM    0.01      3:54–3:59 PM    0.01   +0.000     $+0.00  LOSS
  2025-08-01      190.0 REAL   75      3:40–3:45 PM    0.01      3:54–3:59 PM    0.01   -0.003    $-25.00  LOSS
  2025-08-08      200.0 REAL    1      3:40–3:45 PM    1.44      3:54–3:59 PM    1.48   +0.038     $+3.80  WIN 
  2025-08-15      202.5 REAL    1      3:40–3:45 PM    2.58      3:54–3:59 PM    1.82   -0.766    $-76.65  LOSS
  2025-08-22      202.5 REAL    1      3:40–3:45 PM    3.10      3:54–3:59 PM    3.54   +0.443    $+44.25  WIN 
  2025-08-29      210.0 REAL    1      3:40–3:45 PM    3.38      3:54–3:59 PM    2.89   -0.488    $-48.80  LOSS
  2025-09-05      232.5 REAL    1      3:40–3:45 PM    2.14      3:54–3:59 PM    2.48   +0.336    $+33.60  WIN 
  2025-09-12      240.0 REAL    2      3:40–3:45 PM    0.88      3:54–3:59 PM    0.88   +0.002     $+0.40  WIN 
  2025-09-19      255.0 REAL    2      3:40–3:45 PM    0.91      3:54–3:59 PM    0.34   -0.566   $-113.20  LOSS
  2025-09-26      247.5 REAL   29      3:40–3:45 PM    0.04      3:54–3:59 PM    0.01   -0.021    $-60.90  LOSS
  2025-10-03      245.0 REAL    5      3:40–3:45 PM    0.22      3:54–3:59 PM    0.34   +0.114    $+57.00  WIN 
  2025-10-10      242.5 REAL    —      3:40–3:45 PM       —      3:54–3:59 PM       —        —          —  skip
  2025-10-17      250.0 REAL    1      3:40–3:45 PM    3.19      3:54–3:59 PM    3.41   +0.216    $+21.60  WIN 
  2025-10-24      255.0 REAL    1      3:40–3:45 PM    5.13      3:54–3:59 PM    5.04   -0.084     $-8.40  LOSS
  2025-10-31      285.0 REAL  101      3:40–3:45 PM    0.01      3:54–3:59 PM    0.01   +0.000     $+0.00  LOSS
  2025-11-07      280.0 REAL   13      3:40–3:45 PM    0.08      3:54–3:59 PM    0.01   -0.070    $-91.00  LOSS
  2025-11-14      272.5 REAL    —      3:40–3:45 PM       —      3:54–3:59 PM       —        —          —  skip
  2025-11-21      300.0 REAL    2      3:40–3:45 PM    0.90      3:54–3:59 PM    0.10   -0.802   $-160.40  LOSS
  2025-11-28      325.0 REAL    —      3:40–3:45 PM       —      3:54–3:59 PM       —        —          —  skip
  2025-12-05      320.0 REAL    2      3:40–3:45 PM    0.63      3:54–3:59 PM    0.77   +0.132    $+26.40  WIN 
  2025-12-12      315.0 REAL  101      3:40–3:45 PM    0.01      3:54–3:59 PM    0.01   +0.000     $+0.00  LOSS
  2025-12-19      302.5 REAL    1      3:40–3:45 PM    1.59      3:54–3:59 PM    3.86   +2.274   $+227.40  WIN 
  2025-12-26      315.0 REAL  101      3:40–3:45 PM    0.01      3:54–3:59 PM    0.01   +0.000     $+0.00  LOSS
  2026-01-02      320.0 REAL   72      3:40–3:45 PM    0.01      3:54–3:59 PM    0.01   -0.004    $-28.80  LOSS
  2026-01-09      327.5 REAL    1      3:40–3:45 PM    1.94      3:54–3:59 PM    1.45   -0.494    $-49.40  LOSS
  2026-01-16      332.5 REAL  100      3:40–3:45 PM    0.01      3:54–3:59 PM    0.01   +0.005    $+50.00  WIN 
  2026-01-23      330.0 REAL   81      3:40–3:45 PM    0.01      3:54–3:59 PM    0.01   -0.003    $-20.25  LOSS
  2026-01-30      335.0 REAL    1      3:40–3:45 PM    2.95      3:54–3:59 PM    2.92   -0.036     $-3.65  LOSS
  2026-02-06      330.0 REAL    —      3:40–3:45 PM       —      3:54–3:59 PM       —        —          —  skip
  2026-02-13      305.0 REAL    3      3:40–3:45 PM    0.39      3:54–3:59 PM    0.60   +0.206    $+61.80  WIN 
  2026-02-20      305.0 REAL    —      3:40–3:45 PM       —      3:54–3:59 PM       —        —          —  skip
  2026-02-27      305.0 REAL    1      3:40–3:45 PM    2.61      3:54–3:59 PM    6.38   +3.768   $+376.80  WIN 
  2026-03-06      295.0 REAL    —      3:40–3:45 PM       —      3:54–3:59 PM       —        —          —  skip
  2026-03-13      307.5 REAL  100      3:40–3:45 PM    0.01      3:54–3:59 PM    0.01   +0.000     $+0.00  LOSS
  2026-03-20      305.0 REAL   34      3:40–3:45 PM    0.03      3:54–3:59 PM    0.04   +0.008    $+27.20  WIN 
  2026-03-27      277.5 REAL   37      3:40–3:45 PM    0.03      3:54–3:59 PM    0.02   -0.007    $-27.75  LOSS
  2026-04-03      292.5 REAL    1      3:40–3:45 PM    2.45      3:54–3:59 PM    3.19   +0.740    $+74.00  WIN 
  2026-04-10      320.0 REAL   67      3:40–3:45 PM    0.01      3:54–3:59 PM    0.01   -0.005    $-33.50  LOSS
  2026-04-17      337.5 REAL    1      3:40–3:45 PM    4.44      3:54–3:59 PM    4.12   -0.321    $-32.05  LOSS
  2026-04-24      337.5 REAL    1      3:40–3:45 PM    6.96      3:54–3:59 PM    7.30   +0.340    $+34.00  WIN 
  2026-05-01      380.0 REAL    1      3:40–3:45 PM    5.19      3:54–3:59 PM    5.56   +0.368    $+36.80  WIN 
  2026-05-08      397.5 REAL    1      3:40–3:45 PM    3.01      3:54–3:59 PM    3.62   +0.616    $+61.60  WIN 
  2026-05-15      395.0 REAL    1      3:40–3:45 PM    1.75      3:54–3:59 PM    1.58   -0.163    $-16.30  LOSS
  2026-05-22      387.5 REAL  101      3:40–3:45 PM    0.01      3:54–3:59 PM    0.01   +0.000     $+0.00  LOSS
  2026-05-29      382.5 REAL    2      3:40–3:45 PM    0.55      3:54–3:59 PM    0.11   -0.433    $-86.70  LOSS
  2026-06-05      367.5 REAL   14      3:40–3:45 PM    0.07      3:54–3:59 PM    1.21   +1.139  $+1595.30  WIN 
  2026-06-12      362.5 REAL   72      3:40–3:45 PM    0.01      3:54–3:59 PM    0.01   +0.001     $+7.20  WIN 
  2026-06-19      367.5 REAL    1      3:40–3:45 PM    1.26      3:54–3:59 PM    1.51   +0.244    $+24.40  WIN 
  2026-06-26      340.0 REAL    1      3:40–3:45 PM    2.89      3:54–3:59 PM    0.69   -2.192   $-219.20  LOSS
  2026-07-03      360.0 REAL    4      3:40–3:45 PM    0.27      3:54–3:59 PM    0.58   +0.315   $+126.00  WIN 

  SUMMARY (optimal frames)  trades: 86   wins: 34/86   win rate: 39.5%   total P&L: $+3,855.90   avg/trade: $+44.84
           best day: $+1963.10   worst day: $-219.20   skipped (no data): 17
           premium spent: $16,550.41   return on spend: +23.3%

  GOOGL CALLS — HEATMAPS   (entry-frame start ↓  exit-frame start →   cyan = chosen optimal)

  Each cell = best frame pair starting in that 30-min bucket (best over all durations).

  1) WIN RATE %  (wins ÷ trades)
    Entry |   9:30  10:00  10:30  11:00  11:30  12:00  12:30   1:00   1:30   2:00   2:30   3:00   3:30
  --------+-------------------------------------------------------------------------------------------
     9:30 |    46%    40%    36%    39%    39%    40%    40%    39%    38%    39%    39%    38%    39%
    10:00 |      ·    51%    47%    44%    39%    37%    37%    39%    36%    34%    36%    34%    34%
    10:30 |      ·      ·    48%    48%    44%    38%    38%    39%    39%    40%    35%    34%    36%
    11:00 |      ·      ·      ·    49%    45%    33%    42%    44%    36%    34%    33%    33%    34%
    11:30 |      ·      ·      ·      ·    50%    44%    43%    44%    42%    40%    35%    32%    33%
    12:00 |      ·      ·      ·      ·      ·    54%    46%    42%    41%    41%    38%    33%    30%
    12:30 |      ·      ·      ·      ·      ·      ·    49%    47%    48%    39%    38%    34%    32%
     1:00 |      ·      ·      ·      ·      ·      ·      ·    45%    51%    44%    39%    36%    31%
     1:30 |      ·      ·      ·      ·      ·      ·      ·      ·    48%    41%    36%    35%    33%
     2:00 |      ·      ·      ·      ·      ·      ·      ·      ·      ·    49%    43%    36%    36%
     2:30 |      ·      ·      ·      ·      ·      ·      ·      ·      ·      ·    28%    32%    33%
     3:00 |      ·      ·      ·      ·      ·      ·      ·      ·      ·      ·      ·    32%    39%
     3:30 |      ·      ·      ·      ·      ·      ·      ·      ·      ·      ·      ·      ·    41%

  2) WIN COUNT  (number of winning trades)
    Entry |   9:30  10:00  10:30  11:00  11:30  12:00  12:30   1:00   1:30   2:00   2:30   3:00   3:30
  --------+-------------------------------------------------------------------------------------------
     9:30 |     48     41     37     41     41     41     41     39     37     38     39     37     37
    10:00 |      ·     53     48     44     39     38     38     39     35     32     36     32     33
    10:30 |      ·      ·     48     49     45     40     40     39     37     38     35     32     35
    11:00 |      ·      ·      ·     49     45     33     43     43     35     32     33     33     31
    11:30 |      ·      ·      ·      ·     51     45     45     44     39     37     33     32     31
    12:00 |      ·      ·      ·      ·      ·     53     46     41     37     37     37     33     30
    12:30 |      ·      ·      ·      ·      ·      ·     48     45     45     37     35     32     30
     1:00 |      ·      ·      ·      ·      ·      ·      ·     43     48     41     35     35     29
     1:30 |      ·      ·      ·      ·      ·      ·      ·      ·     44     38     33     33     32
     2:00 |      ·      ·      ·      ·      ·      ·      ·      ·      ·     43     39     35     35
     2:30 |      ·      ·      ·      ·      ·      ·      ·      ·      ·      ·     26     31     30
     3:00 |      ·      ·      ·      ·      ·      ·      ·      ·      ·      ·      ·     30     37
     3:30 |      ·      ·      ·      ·      ·      ·      ·      ·      ·      ·      ·      ·     38

  3a) AVG P&L PER TRADE  ($ per contract)
    Entry |   9:30  10:00  10:30  11:00  11:30  12:00  12:30   1:00   1:30   2:00   2:30   3:00   3:30
  --------+-------------------------------------------------------------------------------------------
     9:30 |     +3     +2     +2    -14    -13    -14    -12    -25     +0     +1    -20    -27    -13
    10:00 |      ·     +1     +1     -5     -8    -17    -20     -9     +1     +2    -24    -33    -20
    10:30 |      ·      ·     +2     -3     -2    -13    -19    -16     -1     -6    -25    -27    -22
    11:00 |      ·      ·      ·     +4     +6     +3    -14     -8     +3     +5    -11    -32    +15
    11:30 |      ·      ·      ·      ·     +3     -6    -15    -12     +3     +3     -8    -30     -2
    12:00 |      ·      ·      ·      ·      ·     +3     +2     +4    +11    +10     -3    -27    +11
    12:30 |      ·      ·      ·      ·      ·      ·     +7    +10    +16    +20     +9     +2    +25
     1:00 |      ·      ·      ·      ·      ·      ·      ·    +16    +23    +24    +15     -9    +21
     1:30 |      ·      ·      ·      ·      ·      ·      ·      ·     +8    +10     +3    -22     +3
     2:00 |      ·      ·      ·      ·      ·      ·      ·      ·      ·     +5     -7    -13    -16
     2:30 |      ·      ·      ·      ·      ·      ·      ·      ·      ·      ·     +3     +8    +11
     3:00 |      ·      ·      ·      ·      ·      ·      ·      ·      ·      ·      ·     +8    +32
     3:30 |      ·      ·      ·      ·      ·      ·      ·      ·      ·      ·      ·      ·    +34

  3b) TOTAL P&L  ($ per contract, summed over all Fridays)
    Entry |    9:30   10:00   10:30   11:00   11:30   12:00   12:30    1:00    1:30    2:00    2:30    3:00    3:30
  --------+--------------------------------------------------------------------------------------------------------
     9:30 |    +333    +253    +191   -1410   -1304   -1423   -1265   -2462     +42     +74   -1939   -2623   -1211
    10:00 |       ·     +75    +126    -536    -844   -1799   -2059    -927    +107    +143   -2364   -3061   -1918
    10:30 |       ·       ·    +161    -328    -215   -1357   -1959   -1610     -75    -606   -2552   -2592   -2122
    11:00 |       ·       ·       ·    +362    +597    +343   -1457    -739    +257    +465   -1127   -3213   +1384
    11:30 |       ·       ·       ·       ·    +317    -593   -1522   -1205    +304    +298    -790   -2983    -143
    12:00 |       ·       ·       ·       ·       ·    +284    +165    +380    +946    +896    -288   -2716   +1127
    12:30 |       ·       ·       ·       ·       ·       ·    +644    +926   +1499   +1876    +855    +222   +2349
     1:00 |       ·       ·       ·       ·       ·       ·       ·   +1564   +2142   +2290   +1374    -842   +1956
     1:30 |       ·       ·       ·       ·       ·       ·       ·       ·    +756    +912    +230   -2091    +260
     2:00 |       ·       ·       ·       ·       ·       ·       ·       ·       ·    +456    -659   -1299   -1568
     2:30 |       ·       ·       ·       ·       ·       ·       ·       ·       ·       ·    +291    +812   +1021
     3:00 |       ·       ·       ·       ·       ·       ·       ·       ·       ·       ·       ·    +714   +3052
     3:30 |       ·       ·       ·       ·       ·       ·       ·       ·       ·       ·       ·       ·   +3135

──────────────────────────────────────────────────────────────────────────────────────
  GOOGL CALLS — TOP 15 FRAME PAIRS (by win_rate × avg payoff)
──────────────────────────────────────────────────────────────────────────────────────
   #        Entry frame         Exit frame  Trades   Wins    Win%    Avg P&L     Total P&L
  --  -----------------  -----------------  ------  -----  ------  ---------  ------------
   1       3:35–3:40 PM       3:50–4:00 PM      92     38  41.3%    $+34.08    $+3,134.91
   2       3:25–3:45 PM       3:55–4:00 PM      94     37  39.4%    $+32.47    $+3,051.84
   3       3:10–3:55 PM       3:55–4:00 PM      95     36  37.9%    $+33.58    $+3,190.28
   4       3:25–3:55 PM       3:55–4:00 PM      95     37  38.9%    $+32.59    $+3,095.87
   5       3:25–3:40 PM       3:55–4:00 PM      94     36  38.3%    $+30.98    $+2,912.48
   6       1:15–1:20 PM       1:55–2:10 PM      94     48  51.1%    $+22.78    $+2,141.63
   7       3:35–3:40 PM       3:45–4:00 PM      92     39  42.4%    $+27.18    $+2,500.94
   8       1:15–1:20 PM       1:55–2:00 PM      91     46  50.5%    $+21.68    $+1,973.30
   9       3:35–3:40 PM       3:55–4:00 PM      87     39  44.8%    $+24.46    $+2,127.80
  10       1:15–1:20 PM       1:55–2:05 PM      93     47  50.5%    $+21.62    $+2,010.76
  11       3:25–3:35 PM       3:55–4:00 PM      93     34  36.6%    $+29.59    $+2,751.72
  12       3:20–3:40 PM       3:55–4:00 PM      94     34  36.2%    $+29.89    $+2,810.08
  13       3:35–3:55 PM       3:55–4:00 PM      94     36  38.3%    $+27.90    $+2,622.68
  14       1:15–1:20 PM       2:20–2:30 PM      94     41  43.6%    $+24.36    $+2,290.20
  15       3:35–3:45 PM       3:50–4:00 PM      96     36  37.5%    $+28.28    $+2,715.17

──────────────────────────────────────────────────────────────────────────────────────
  Saved CSV: C:\actions-runner\_work\EoD_OptionTrading\EoD_OptionTrading\results\friday_intraday\backtest_friday_intraday_timeframe_calls_730days_2026-07-09_1615.csv
  Saved TXT: C:\actions-runner\_work\EoD_OptionTrading\EoD_OptionTrading\results\friday_intraday\backtest_friday_intraday_timeframe_calls_730days_2026-07-09_1615.txt
  Saved TXT (outliers removed): C:\actions-runner\_work\EoD_OptionTrading\EoD_OptionTrading\results\friday_intraday\backtest_friday_intraday_timeframe_calls_730days_2026-07-09_1615_outliers_removed.txt
──────────────────────────────────────────────────────────────────────────────────────


██████████████████████████████████████████████████████████████████████████████████████
  GOOGL PUTS
██████████████████████████████████████████████████████████████████████████████████████
======================================================================================
  GOOGL PUTS
======================================================================================
  Optimal entry frame : 9:40–9:55 AM   (15 min)
  Optimal exit frame  : 11:50 AM–12:25 PM   (35 min)
  Data source         : REAL prices

  Date           Strike  Src  Qty       Entry frame    Buy$        Exit frame   Sell$   P&L/sh      P&L $  Result
  ------------ -------- ---- ---- ----------------- ------- ----------------- ------- -------- ----------  ------
  2024-07-12      185.0 REAL    2      9:40–9:55 AM    0.59 11:50 AM–12:25 PM    0.33   -0.261    $-52.13  LOSS
  2024-07-19      180.0 REAL    1      9:40–9:55 AM    1.31 11:50 AM–12:25 PM    1.44   +0.130    $+13.00  WIN 
  2024-07-26      165.0 REAL    1      9:40–9:55 AM    1.15 11:50 AM–12:25 PM    0.14   -1.003   $-100.31  LOSS
  2024-08-02      165.0 REAL    3      9:40–9:55 AM    0.34 11:50 AM–12:25 PM    0.27   -0.063    $-18.91  LOSS
  2024-08-09      160.0 REAL    2      9:40–9:55 AM    0.85 11:50 AM–12:25 PM    0.78   -0.074    $-14.91  LOSS
  2024-08-16      160.0 REAL   10      9:40–9:55 AM    0.10 11:50 AM–12:25 PM    0.01   -0.088    $-87.86  LOSS
  2024-08-23      165.0 REAL    2      9:40–9:55 AM    0.94 11:50 AM–12:25 PM    0.75   -0.190    $-38.00  LOSS
  2024-08-30      165.0 REAL    1      9:40–9:55 AM    2.42 11:50 AM–12:25 PM    2.70   +0.280    $+28.03  WIN 
  2024-09-06      160.0 REAL    1      9:40–9:55 AM    4.47 11:50 AM–12:25 PM    7.99   +3.518   $+351.80  WIN 
  2024-09-13      155.0 REAL    4      9:40–9:55 AM    0.27 11:50 AM–12:25 PM    0.04   -0.236    $-94.34  LOSS
  2024-09-20      165.0 REAL    1      9:40–9:55 AM    2.09 11:50 AM–12:25 PM    2.37   +0.281    $+28.05  WIN 
  2024-09-27      165.0 REAL    1      9:40–9:55 AM    1.59 11:50 AM–12:25 PM    1.00   -0.595    $-59.52  LOSS
  2024-10-04      170.0 REAL    1      9:40–9:55 AM    2.65 11:50 AM–12:25 PM    4.00   +1.350   $+135.00  WIN 
  2024-10-11      160.0 REAL    8      9:40–9:55 AM    0.13 11:50 AM–12:25 PM    0.01   -0.114    $-91.24  LOSS
  2024-10-18      165.0 REAL    1      9:40–9:55 AM    1.04 11:50 AM–12:25 PM    1.70   +0.662    $+66.24  WIN 
  2024-10-25      165.0 REAL    2      9:40–9:55 AM    0.89 11:50 AM–12:25 PM    0.28   -0.607   $-121.33  LOSS
  2024-11-01      170.0 REAL    5      9:40–9:55 AM    0.23 11:50 AM–12:25 PM    0.11   -0.120    $-59.78  LOSS
  2024-11-08      180.0 REAL    2      9:40–9:55 AM    0.83 11:50 AM–12:25 PM    1.15   +0.327    $+65.30  WIN 
  2024-11-15      175.0 REAL    1      9:40–9:55 AM    1.71 11:50 AM–12:25 PM    2.99   +1.285   $+128.54  WIN 
  2024-11-22      160.0 REAL   22      9:40–9:55 AM    0.05 11:50 AM–12:25 PM    0.01   -0.033    $-71.44  LOSS
  2024-11-29      170.0 REAL    1      9:40–9:55 AM    2.04 11:50 AM–12:25 PM    1.00   -1.032   $-103.15  LOSS
  2024-12-06      170.0 REAL   23      9:40–9:55 AM    0.05 11:50 AM–12:25 PM    0.01   -0.032    $-73.72  LOSS
  2024-12-13      190.0 REAL    5      9:40–9:55 AM    0.24 11:50 AM–12:25 PM    0.11   -0.124    $-62.24  LOSS
  2024-12-20      185.0 REAL    2      9:40–9:55 AM    0.69 11:50 AM–12:25 PM    0.04   -0.654   $-130.71  LOSS
  2024-12-27      195.0 REAL    1      9:40–9:55 AM    2.10 11:50 AM–12:25 PM    4.03   +1.930   $+192.96  WIN 
  2025-01-03      190.0 REAL    4      9:40–9:55 AM    0.25 11:50 AM–12:25 PM    0.06   -0.199    $-79.39  LOSS
  2025-01-10      195.0 REAL    1      9:40–9:55 AM    2.72 11:50 AM–12:25 PM    2.89   +0.173    $+17.26  WIN 
  2025-01-17      195.0 REAL    1      9:40–9:55 AM    1.21 11:50 AM–12:25 PM    0.23   -0.981    $-98.14  LOSS
  2025-01-24      200.0 REAL    2      9:40–9:55 AM    0.98 11:50 AM–12:25 PM    0.98   +0.000     $+0.07  WIN 
  2025-01-31      200.0 REAL   14      9:40–9:55 AM    0.07 11:50 AM–12:25 PM    0.02   -0.049    $-68.98  LOSS
  2025-02-07      190.0 REAL    2      9:40–9:55 AM    0.89 11:50 AM–12:25 PM    5.83   +4.939   $+987.78  WIN 
  2025-02-14      185.0 REAL    2      9:40–9:55 AM    0.58 11:50 AM–12:25 PM    0.49   -0.087    $-17.36  LOSS
  2025-02-21      185.0 REAL    2      9:40–9:55 AM    0.92 11:50 AM–12:25 PM    3.88   +2.954   $+590.70  WIN 
  2025-02-28      170.0 REAL    1      9:40–9:55 AM    1.67 11:50 AM–12:25 PM    1.51   -0.160    $-15.98  LOSS
  2025-03-07      170.0 REAL    4      9:40–9:55 AM    0.30 11:50 AM–12:25 PM    0.54   +0.239    $+95.45  WIN 
  2025-03-14      165.0 REAL    1      9:40–9:55 AM    1.65 11:50 AM–12:25 PM    0.83   -0.815    $-81.46  LOSS
  2025-03-21      160.0 REAL    4      9:40–9:55 AM    0.30 11:50 AM–12:25 PM    0.07   -0.232    $-92.98  LOSS
  2025-03-28      160.0 REAL    3      9:40–9:55 AM    0.48 11:50 AM–12:25 PM    3.80   +3.324   $+997.12  WIN 
  2025-04-04      150.0 REAL    1      9:40–9:55 AM    1.82 11:50 AM–12:25 PM    2.01   +0.191    $+19.14  WIN 
  2025-04-11      155.0 REAL    1      9:40–9:55 AM    1.42 11:50 AM–12:25 PM    0.66   -0.759    $-75.91  LOSS
  2025-04-18      155.0 REAL    1      9:40–9:55 AM    1.57 11:50 AM–12:25 PM    3.87   +2.297   $+229.69  WIN 
  2025-04-25      165.0 REAL    1      9:40–9:55 AM    2.40 11:50 AM–12:25 PM    3.13   +0.730    $+73.00  WIN 
  2025-05-02      165.0 REAL    1      9:40–9:55 AM    2.46 11:50 AM–12:25 PM    1.14   -1.323   $-132.29  LOSS
  2025-05-09      155.0 REAL    1      9:40–9:55 AM    1.20 11:50 AM–12:25 PM    2.02   +0.819    $+81.88  WIN 
  2025-05-16      170.0 REAL    1      9:40–9:55 AM    2.26 11:50 AM–12:25 PM    3.42   +1.169   $+116.87  WIN 
  2025-05-23      170.0 REAL    1      9:40–9:55 AM    1.96 11:50 AM–12:25 PM    1.19   -0.768    $-76.83  LOSS
  2025-05-30      170.0 REAL    2      9:40–9:55 AM    0.69 11:50 AM–12:25 PM    0.69   +0.001     $+0.26  WIN 
  2025-06-06      170.0 REAL    5      9:40–9:55 AM    0.23 11:50 AM–12:25 PM    0.05   -0.187    $-93.42  LOSS
  2025-06-13      175.0 REAL    1      9:40–9:55 AM    1.48 11:50 AM–12:25 PM    0.10   -1.375   $-137.45  LOSS
  2025-06-20      175.0 REAL    1      9:40–9:55 AM    1.35 11:50 AM–12:25 PM    6.12   +4.769   $+476.93  WIN 
  2025-06-27      175.0 REAL    1      9:40–9:55 AM    1.22 11:50 AM–12:25 PM    1.81   +0.599    $+59.85  WIN 
  2025-07-04      180.0 REAL    1      9:40–9:55 AM    2.20 11:50 AM–12:25 PM    1.32   -0.882    $-88.18  LOSS
  2025-07-11      175.0 REAL    7      9:40–9:55 AM    0.16 11:50 AM–12:25 PM    0.03   -0.136    $-95.28  LOSS
  2025-07-18      185.0 REAL    2      9:40–9:55 AM    0.78 11:50 AM–12:25 PM    0.35   -0.432    $-86.51  LOSS
  2025-07-25      195.0 REAL    1      9:40–9:55 AM    2.02 11:50 AM–12:25 PM    1.74   -0.280    $-28.02  LOSS
  2025-08-01      190.0 REAL    1      9:40–9:55 AM    1.67 11:50 AM–12:25 PM    1.23   -0.446    $-44.64  LOSS
  2025-08-08      200.0 REAL    1      9:40–9:55 AM    1.50 11:50 AM–12:25 PM    0.72   -0.775    $-77.48  LOSS
  2025-08-15      202.5 REAL    2      9:40–9:55 AM    0.62 11:50 AM–12:25 PM    0.38   -0.241    $-48.17  LOSS
  2025-08-22      202.5 REAL    1      9:40–9:55 AM    1.45 11:50 AM–12:25 PM    0.32   -1.129   $-112.88  LOSS
  2025-08-29      210.0 REAL    2      9:40–9:55 AM    0.87 11:50 AM–12:25 PM    0.39   -0.484    $-96.86  LOSS
  2025-09-05      232.5 REAL    3      9:40–9:55 AM    0.37 11:50 AM–12:25 PM    0.19   -0.180    $-53.91  LOSS
  2025-09-12      240.0 REAL    1      9:40–9:55 AM    1.40 11:50 AM–12:25 PM    0.39   -1.017   $-101.67  LOSS
  2025-09-19      255.0 REAL    1      9:40–9:55 AM    2.51 11:50 AM–12:25 PM    1.60   -0.912    $-91.21  LOSS
  2025-09-26      247.5 REAL    1      9:40–9:55 AM    1.17 11:50 AM–12:25 PM    1.36   +0.194    $+19.38  WIN 
  2025-10-03      245.0 REAL    1      9:40–9:55 AM    2.75 11:50 AM–12:25 PM    0.79   -1.961   $-196.14  LOSS
  2025-10-10      242.5 REAL    2      9:40–9:55 AM    0.66 11:50 AM–12:25 PM    4.07   +3.409   $+681.87  WIN 
  2025-10-17      250.0 REAL    1      9:40–9:55 AM    2.11 11:50 AM–12:25 PM    0.34   -1.776   $-177.64  LOSS
  2025-10-24      255.0 REAL    4      9:40–9:55 AM    0.27 11:50 AM–12:25 PM    0.04   -0.228    $-91.16  LOSS
  2025-10-31      285.0 REAL    1      9:40–9:55 AM    4.80 11:50 AM–12:25 PM    6.20   +1.398   $+139.76  WIN 
  2025-11-07      280.0 REAL    1      9:40–9:55 AM    2.36 11:50 AM–12:25 PM    3.97   +1.609   $+160.93  WIN 
  2025-11-14      272.5 REAL    1      9:40–9:55 AM    1.00 11:50 AM–12:25 PM    0.07   -0.935    $-93.50  LOSS
  2025-11-21      300.0 REAL    1      9:40–9:55 AM    3.09 11:50 AM–12:25 PM    3.67   +0.581    $+58.13  WIN 
  2025-11-28      325.0 REAL    1      9:40–9:55 AM    3.44 11:50 AM–12:25 PM    6.55   +3.114   $+311.37  WIN 
  2025-12-05      320.0 REAL    2      9:40–9:55 AM    0.85 11:50 AM–12:25 PM    0.49   -0.361    $-72.25  LOSS
  2025-12-12      315.0 REAL    1      9:40–9:55 AM    3.68 11:50 AM–12:25 PM    6.47   +2.789   $+278.90  WIN 
  2025-12-19      302.5 REAL    1      9:40–9:55 AM    1.06 11:50 AM–12:25 PM    0.16   -0.902    $-90.22  LOSS
  2025-12-26      315.0 REAL    1      9:40–9:55 AM    1.56 11:50 AM–12:25 PM    1.56   +0.002     $+0.20  WIN 
  2026-01-02      320.0 REAL    2      9:40–9:55 AM    0.96 11:50 AM–12:25 PM    8.78   +7.817  $+1563.33  WIN 
  2026-01-09      327.5 REAL    1      9:40–9:55 AM    1.04 11:50 AM–12:25 PM    0.21   -0.832    $-83.18  LOSS
  2026-01-16      332.5 REAL    1      9:40–9:55 AM    1.69 11:50 AM–12:25 PM    2.70   +1.018   $+101.75  WIN 
  2026-01-23      330.0 REAL    2      9:40–9:55 AM    0.70 11:50 AM–12:25 PM    2.08   +1.372   $+274.34  WIN 
  2026-01-30      335.0 REAL    1      9:40–9:55 AM    1.06 11:50 AM–12:25 PM    0.37   -0.684    $-68.40  LOSS
  2026-02-06      330.0 REAL    1      9:40–9:55 AM    4.74 11:50 AM–12:25 PM    8.32   +3.578   $+357.77  WIN 
  2026-02-13      305.0 REAL    1      9:40–9:55 AM    1.74 11:50 AM–12:25 PM    0.46   -1.277   $-127.67  LOSS
  2026-02-20      305.0 REAL    2      9:40–9:55 AM    0.50 11:50 AM–12:25 PM    0.02   -0.481    $-96.29  LOSS
  2026-02-27      305.0 REAL    2      9:40–9:55 AM    0.74 11:50 AM–12:25 PM    0.18   -0.558   $-111.65  LOSS
  2026-03-06      295.0 REAL    1      9:40–9:55 AM    1.02 11:50 AM–12:25 PM    0.13   -0.892    $-89.19  LOSS
  2026-03-13      307.5 REAL    1      9:40–9:55 AM    2.35 11:50 AM–12:25 PM    4.55   +2.205   $+220.52  WIN 
  2026-03-20      305.0 REAL    1      9:40–9:55 AM    2.52 11:50 AM–12:25 PM    2.92   +0.398    $+39.80  WIN 
  2026-03-27      277.5 REAL    1      9:40–9:55 AM    1.77 11:50 AM–12:25 PM    1.10   -0.671    $-67.08  LOSS
  2026-04-03      292.5 REAL    1      9:40–9:55 AM    2.19 11:50 AM–12:25 PM    0.28   -1.909   $-190.91  LOSS
  2026-04-10      320.0 REAL    1      9:40–9:55 AM    1.23 11:50 AM–12:25 PM    2.53   +1.303   $+130.26  WIN 
  2026-04-17      337.5 REAL    1      9:40–9:55 AM    1.51 11:50 AM–12:25 PM    0.49   -1.016   $-101.56  LOSS
  2026-04-24      337.5 REAL    1      9:40–9:55 AM    1.16 11:50 AM–12:25 PM    0.09   -1.065   $-106.49  LOSS
  2026-05-01      380.0 REAL    1      9:40–9:55 AM    1.68 11:50 AM–12:25 PM    0.25   -1.426   $-142.64  LOSS
  2026-05-08      397.5 REAL    1      9:40–9:55 AM    1.19 11:50 AM–12:25 PM    0.68   -0.511    $-51.11  LOSS
  2026-05-15      395.0 REAL    1      9:40–9:55 AM    1.79 11:50 AM–12:25 PM    0.96   -0.830    $-83.02  LOSS
  2026-05-22      387.5 REAL    1      9:40–9:55 AM    3.28 11:50 AM–12:25 PM    1.76   -1.524   $-152.37  LOSS
  2026-05-29      382.5 REAL    1      9:40–9:55 AM    1.34 11:50 AM–12:25 PM    1.02   -0.313    $-31.27  LOSS
  2026-06-05      367.5 REAL    1      9:40–9:55 AM    1.18 11:50 AM–12:25 PM    0.67   -0.516    $-51.56  LOSS
  2026-06-12      362.5 REAL    1      9:40–9:55 AM    5.98 11:50 AM–12:25 PM    2.06   -3.927   $-392.70  LOSS
  2026-06-19      367.5 REAL    1      9:40–9:55 AM    7.90 11:50 AM–12:25 PM    2.33   -5.571   $-557.11  LOSS
  2026-06-26      340.0 REAL    1      9:40–9:55 AM    3.50 11:50 AM–12:25 PM    0.21   -3.296   $-329.60  LOSS
  2026-07-03      360.0 REAL    2      9:40–9:55 AM    0.96 11:50 AM–12:25 PM    4.68   +3.726   $+745.13  WIN 

  SUMMARY (optimal frames)  trades: 104   wins: 39/104   win rate: 37.5%   total P&L: $+3,209.06   avg/trade: $+30.86
           best day: $+1563.33   worst day: $-557.11   skipped (no data): 0
           premium spent: $19,246.06   return on spend: +16.7%

  GOOGL PUTS — HEATMAPS   (entry-frame start ↓  exit-frame start →   cyan = chosen optimal)

  Each cell = best frame pair starting in that 30-min bucket (best over all durations).

  1) WIN RATE %  (wins ÷ trades)
    Entry |   9:30  10:00  10:30  11:00  11:30  12:00  12:30   1:00   1:30   2:00   2:30   3:00   3:30
  --------+-------------------------------------------------------------------------------------------
     9:30 |    45%    45%    38%    35%    37%    36%    35%    35%    33%    37%    34%    30%    32%
    10:00 |      ·    50%    46%    39%    37%    37%    33%    36%    35%    36%    32%    33%    35%
    10:30 |      ·      ·    48%    38%    38%    38%    33%    32%    33%    33%    28%    29%    34%
    11:00 |      ·      ·      ·    50%    46%    44%    35%    41%    35%    30%    29%    31%    36%
    11:30 |      ·      ·      ·      ·    44%    44%    51%    42%    36%    33%    30%    33%    36%
    12:00 |      ·      ·      ·      ·      ·    47%    55%    44%    37%    35%    33%    35%    38%
    12:30 |      ·      ·      ·      ·      ·      ·    49%    49%    40%    39%    38%    35%    38%
     1:00 |      ·      ·      ·      ·      ·      ·      ·    41%    45%    44%    39%    37%    40%
     1:30 |      ·      ·      ·      ·      ·      ·      ·      ·    46%    45%    41%    38%    33%
     2:00 |      ·      ·      ·      ·      ·      ·      ·      ·      ·    62%    48%    33%    42%
     2:30 |      ·      ·      ·      ·      ·      ·      ·      ·      ·      ·    51%    42%    40%
     3:00 |      ·      ·      ·      ·      ·      ·      ·      ·      ·      ·      ·    44%    42%
     3:30 |      ·      ·      ·      ·      ·      ·      ·      ·      ·      ·      ·      ·    44%

  2) WIN COUNT  (number of winning trades)
    Entry |   9:30  10:00  10:30  11:00  11:30  12:00  12:30   1:00   1:30   2:00   2:30   3:00   3:30
  --------+-------------------------------------------------------------------------------------------
     9:30 |     47     47     40     36     38     37     36     35     33     36     34     30     29
    10:00 |      ·     51     47     40     38     38     34     36     35     36     32     32     32
    10:30 |      ·      ·     48     38     38     36     30     32     33     31     27     26     31
    11:00 |      ·      ·      ·     51     46     43     32     39     35     29     26     31     36
    11:30 |      ·      ·      ·      ·     43     42     45     37     31     32     27     33     36
    12:00 |      ·      ·      ·      ·      ·     43     48     44     35     33     29     35     36
    12:30 |      ·      ·      ·      ·      ·      ·     43     44     37     34     33     35     35
     1:00 |      ·      ·      ·      ·      ·      ·      ·     39     43     42     34     33     36
     1:30 |      ·      ·      ·      ·      ·      ·      ·      ·     41     39     37     38     27
     2:00 |      ·      ·      ·      ·      ·      ·      ·      ·      ·     52     40     27     36
     2:30 |      ·      ·      ·      ·      ·      ·      ·      ·      ·      ·     43     38     34
     3:00 |      ·      ·      ·      ·      ·      ·      ·      ·      ·      ·      ·     42     35
     3:30 |      ·      ·      ·      ·      ·      ·      ·      ·      ·      ·      ·      ·     42

  3a) AVG P&L PER TRADE  ($ per contract)
    Entry |   9:30  10:00  10:30  11:00  11:30  12:00  12:30   1:00   1:30   2:00   2:30   3:00   3:30
  --------+-------------------------------------------------------------------------------------------
     9:30 |    +10    +17    +23    +30    +31    +26    +26    +26     +7    -24    -11     +1    +15
    10:00 |      ·     +7     +8    +10    +11     +7     +7     +8    -24    -32    -24    -25    -30
    10:30 |      ·      ·     +2     +7     +8     +8     +8     +3    -29    -30    -42    -22    -28
    11:00 |      ·      ·      ·     +2     +3     +5     +2    -12    -30    -37    -41    -31    -28
    11:30 |      ·      ·      ·      ·     +1     +4     +4     +1    -15    -37    -38    -27    -26
    12:00 |      ·      ·      ·      ·      ·     +2     +4     -5    -22    -36    -30    -24    -16
    12:30 |      ·      ·      ·      ·      ·      ·     +8     +3    -14    -27    -29    -26    -19
     1:00 |      ·      ·      ·      ·      ·      ·      ·     +1    -15    -17    -19    -20    -15
     1:30 |      ·      ·      ·      ·      ·      ·      ·      ·     +3     +3     -7    -13    +15
     2:00 |      ·      ·      ·      ·      ·      ·      ·      ·      ·     +3     +5     +3    +13
     2:30 |      ·      ·      ·      ·      ·      ·      ·      ·      ·      ·     +6     +7    +15
     3:00 |      ·      ·      ·      ·      ·      ·      ·      ·      ·      ·      ·     +8    +22
     3:30 |      ·      ·      ·      ·      ·      ·      ·      ·      ·      ·      ·      ·    +11

  3b) TOTAL P&L  ($ per contract, summed over all Fridays)
    Entry |    9:30   10:00   10:30   11:00   11:30   12:00   12:30    1:00    1:30    2:00    2:30    3:00    3:30
  --------+--------------------------------------------------------------------------------------------------------
     9:30 |   +1046   +1737   +2411   +3095   +3212   +2700   +2635   +2578    +739   -2342   -1146    +131   +1400
    10:00 |       ·    +749    +875   +1034   +1095    +751    +715    +805   -2413   -3137   -2381   -2459   -2768
    10:30 |       ·       ·    +228    +720    +765    +784    +682    +343   -2891   -2784   -3957   -1928   -2531
    11:00 |       ·       ·       ·    +248    +343    +521    +168   -1161   -2998   -3583   -3658   -3103   -2749
    11:30 |       ·       ·       ·       ·    +133    +364    +395     +54   -1297   -3658   -3421   -2717   -2557
    12:00 |       ·       ·       ·       ·       ·    +169    +322    -501   -2110   -3373   -2634   -2455   -1582
    12:30 |       ·       ·       ·       ·       ·       ·    +680    +243   -1244   -2377   -2557   -2604   -1704
     1:00 |       ·       ·       ·       ·       ·       ·       ·    +108   -1403   -1643   -1619   -1825   -1385
     1:30 |       ·       ·       ·       ·       ·       ·       ·       ·    +276    +260    -641   -1352   +1238
     2:00 |       ·       ·       ·       ·       ·       ·       ·       ·       ·    +232    +417    +226   +1093
     2:30 |       ·       ·       ·       ·       ·       ·       ·       ·       ·       ·    +468    +605   +1255
     3:00 |       ·       ·       ·       ·       ·       ·       ·       ·       ·       ·       ·    +781   +1826
     3:30 |       ·       ·       ·       ·       ·       ·       ·       ·       ·       ·       ·       ·   +1099

──────────────────────────────────────────────────────────────────────────────────────
  GOOGL PUTS — TOP 15 FRAME PAIRS (by win_rate × avg payoff)
──────────────────────────────────────────────────────────────────────────────────────
   #        Entry frame         Exit frame  Trades   Wins    Win%    Avg P&L     Total P&L
  --  -----------------  -----------------  ------  -----  ------  ---------  ------------
   1       9:40–9:55 AM  11:50 AM–12:20 PM     104     38  36.5%    $+30.89    $+3,212.36
   2       9:40–9:55 AM  11:50 AM–12:35 PM     104     38  36.5%    $+29.89    $+3,108.97
   3       9:40–9:55 AM  11:50 AM–12:50 PM     104     38  36.5%    $+29.87    $+3,106.41
   4       9:40–9:55 AM  11:45 AM–12:45 PM     104     38  36.5%    $+29.83    $+3,102.66
   5       9:40–9:55 AM  11:40 AM–12:25 PM     104     37  35.6%    $+30.39    $+3,160.63
   6       9:40–9:55 AM   11:35 AM–1:05 PM     104     38  36.5%    $+29.38    $+3,055.84
   7       9:40–9:55 AM   11:30 AM–1:00 PM     104     38  36.5%    $+29.38    $+3,055.35
   8       9:40–9:55 AM  11:35 AM–12:20 PM     104     37  35.6%    $+30.07    $+3,127.35
   9       9:40–9:55 AM  11:45 AM–12:30 PM     104     37  35.6%    $+29.92    $+3,111.24
  10       9:40–9:55 AM  11:30 AM–12:30 PM     104     37  35.6%    $+29.87    $+3,106.23
  11       9:40–9:55 AM  11:35 AM–12:35 PM     104     37  35.6%    $+29.49    $+3,066.82
  12       9:40–9:55 AM  11:40 AM–12:40 PM     104     37  35.6%    $+29.46    $+3,063.89
  13       9:40–9:55 AM   11:45 AM–1:15 PM     104     38  36.5%    $+28.47    $+2,960.36
  14       9:40–9:55 AM   11:40 AM–1:10 PM     104     38  36.5%    $+28.29    $+2,942.17
  15       9:40–9:55 AM  11:25 AM–12:25 PM     104     36  34.6%    $+29.76    $+3,095.49


██████████████████████████████████████████████████████████████████████████████████████
  OUTLIERS REMOVED (winning trades > $2,000)  —  GOOGL PUTS re-optimized
██████████████████████████████████████████████████████████████████████████████████████
  (chosen frames had no winning outliers)
======================================================================================
  GOOGL PUTS
======================================================================================
  Optimal entry frame : 9:40–9:55 AM   (15 min)
  Optimal exit frame  : 11:50 AM–12:25 PM   (35 min)
  Data source         : REAL prices

  Date           Strike  Src  Qty       Entry frame    Buy$        Exit frame   Sell$   P&L/sh      P&L $  Result
  ------------ -------- ---- ---- ----------------- ------- ----------------- ------- -------- ----------  ------
  2024-07-12      185.0 REAL    2      9:40–9:55 AM    0.59 11:50 AM–12:25 PM    0.33   -0.261    $-52.13  LOSS
  2024-07-19      180.0 REAL    1      9:40–9:55 AM    1.31 11:50 AM–12:25 PM    1.44   +0.130    $+13.00  WIN 
  2024-07-26      165.0 REAL    1      9:40–9:55 AM    1.15 11:50 AM–12:25 PM    0.14   -1.003   $-100.31  LOSS
  2024-08-02      165.0 REAL    3      9:40–9:55 AM    0.34 11:50 AM–12:25 PM    0.27   -0.063    $-18.91  LOSS
  2024-08-09      160.0 REAL    2      9:40–9:55 AM    0.85 11:50 AM–12:25 PM    0.78   -0.074    $-14.91  LOSS
  2024-08-16      160.0 REAL   10      9:40–9:55 AM    0.10 11:50 AM–12:25 PM    0.01   -0.088    $-87.86  LOSS
  2024-08-23      165.0 REAL    2      9:40–9:55 AM    0.94 11:50 AM–12:25 PM    0.75   -0.190    $-38.00  LOSS
  2024-08-30      165.0 REAL    1      9:40–9:55 AM    2.42 11:50 AM–12:25 PM    2.70   +0.280    $+28.03  WIN 
  2024-09-06      160.0 REAL    1      9:40–9:55 AM    4.47 11:50 AM–12:25 PM    7.99   +3.518   $+351.80  WIN 
  2024-09-13      155.0 REAL    4      9:40–9:55 AM    0.27 11:50 AM–12:25 PM    0.04   -0.236    $-94.34  LOSS
  2024-09-20      165.0 REAL    1      9:40–9:55 AM    2.09 11:50 AM–12:25 PM    2.37   +0.281    $+28.05  WIN 
  2024-09-27      165.0 REAL    1      9:40–9:55 AM    1.59 11:50 AM–12:25 PM    1.00   -0.595    $-59.52  LOSS
  2024-10-04      170.0 REAL    1      9:40–9:55 AM    2.65 11:50 AM–12:25 PM    4.00   +1.350   $+135.00  WIN 
  2024-10-11      160.0 REAL    8      9:40–9:55 AM    0.13 11:50 AM–12:25 PM    0.01   -0.114    $-91.24  LOSS
  2024-10-18      165.0 REAL    1      9:40–9:55 AM    1.04 11:50 AM–12:25 PM    1.70   +0.662    $+66.24  WIN 
  2024-10-25      165.0 REAL    2      9:40–9:55 AM    0.89 11:50 AM–12:25 PM    0.28   -0.607   $-121.33  LOSS
  2024-11-01      170.0 REAL    5      9:40–9:55 AM    0.23 11:50 AM–12:25 PM    0.11   -0.120    $-59.78  LOSS
  2024-11-08      180.0 REAL    2      9:40–9:55 AM    0.83 11:50 AM–12:25 PM    1.15   +0.327    $+65.30  WIN 
  2024-11-15      175.0 REAL    1      9:40–9:55 AM    1.71 11:50 AM–12:25 PM    2.99   +1.285   $+128.54  WIN 
  2024-11-22      160.0 REAL   22      9:40–9:55 AM    0.05 11:50 AM–12:25 PM    0.01   -0.033    $-71.44  LOSS
  2024-11-29      170.0 REAL    1      9:40–9:55 AM    2.04 11:50 AM–12:25 PM    1.00   -1.032   $-103.15  LOSS
  2024-12-06      170.0 REAL   23      9:40–9:55 AM    0.05 11:50 AM–12:25 PM    0.01   -0.032    $-73.72  LOSS
  2024-12-13      190.0 REAL    5      9:40–9:55 AM    0.24 11:50 AM–12:25 PM    0.11   -0.124    $-62.24  LOSS
  2024-12-20      185.0 REAL    2      9:40–9:55 AM    0.69 11:50 AM–12:25 PM    0.04   -0.654   $-130.71  LOSS
  2024-12-27      195.0 REAL    1      9:40–9:55 AM    2.10 11:50 AM–12:25 PM    4.03   +1.930   $+192.96  WIN 
  2025-01-03      190.0 REAL    4      9:40–9:55 AM    0.25 11:50 AM–12:25 PM    0.06   -0.199    $-79.39  LOSS
  2025-01-10      195.0 REAL    1      9:40–9:55 AM    2.72 11:50 AM–12:25 PM    2.89   +0.173    $+17.26  WIN 
  2025-01-17      195.0 REAL    1      9:40–9:55 AM    1.21 11:50 AM–12:25 PM    0.23   -0.981    $-98.14  LOSS
  2025-01-24      200.0 REAL    2      9:40–9:55 AM    0.98 11:50 AM–12:25 PM    0.98   +0.000     $+0.07  WIN 
  2025-01-31      200.0 REAL   14      9:40–9:55 AM    0.07 11:50 AM–12:25 PM    0.02   -0.049    $-68.98  LOSS
  2025-02-07      190.0 REAL    2      9:40–9:55 AM    0.89 11:50 AM–12:25 PM    5.83   +4.939   $+987.78  WIN 
  2025-02-14      185.0 REAL    2      9:40–9:55 AM    0.58 11:50 AM–12:25 PM    0.49   -0.087    $-17.36  LOSS
  2025-02-21      185.0 REAL    2      9:40–9:55 AM    0.92 11:50 AM–12:25 PM    3.88   +2.954   $+590.70  WIN 
  2025-02-28      170.0 REAL    1      9:40–9:55 AM    1.67 11:50 AM–12:25 PM    1.51   -0.160    $-15.98  LOSS
  2025-03-07      170.0 REAL    4      9:40–9:55 AM    0.30 11:50 AM–12:25 PM    0.54   +0.239    $+95.45  WIN 
  2025-03-14      165.0 REAL    1      9:40–9:55 AM    1.65 11:50 AM–12:25 PM    0.83   -0.815    $-81.46  LOSS
  2025-03-21      160.0 REAL    4      9:40–9:55 AM    0.30 11:50 AM–12:25 PM    0.07   -0.232    $-92.98  LOSS
  2025-03-28      160.0 REAL    3      9:40–9:55 AM    0.48 11:50 AM–12:25 PM    3.80   +3.324   $+997.12  WIN 
  2025-04-04      150.0 REAL    1      9:40–9:55 AM    1.82 11:50 AM–12:25 PM    2.01   +0.191    $+19.14  WIN 
  2025-04-11      155.0 REAL    1      9:40–9:55 AM    1.42 11:50 AM–12:25 PM    0.66   -0.759    $-75.91  LOSS
  2025-04-18      155.0 REAL    1      9:40–9:55 AM    1.57 11:50 AM–12:25 PM    3.87   +2.297   $+229.69  WIN 
  2025-04-25      165.0 REAL    1      9:40–9:55 AM    2.40 11:50 AM–12:25 PM    3.13   +0.730    $+73.00  WIN 
  2025-05-02      165.0 REAL    1      9:40–9:55 AM    2.46 11:50 AM–12:25 PM    1.14   -1.323   $-132.29  LOSS
  2025-05-09      155.0 REAL    1      9:40–9:55 AM    1.20 11:50 AM–12:25 PM    2.02   +0.819    $+81.88  WIN 
  2025-05-16      170.0 REAL    1      9:40–9:55 AM    2.26 11:50 AM–12:25 PM    3.42   +1.169   $+116.87  WIN 
  2025-05-23      170.0 REAL    1      9:40–9:55 AM    1.96 11:50 AM–12:25 PM    1.19   -0.768    $-76.83  LOSS
  2025-05-30      170.0 REAL    2      9:40–9:55 AM    0.69 11:50 AM–12:25 PM    0.69   +0.001     $+0.26  WIN 
  2025-06-06      170.0 REAL    5      9:40–9:55 AM    0.23 11:50 AM–12:25 PM    0.05   -0.187    $-93.42  LOSS
  2025-06-13      175.0 REAL    1      9:40–9:55 AM    1.48 11:50 AM–12:25 PM    0.10   -1.375   $-137.45  LOSS
  2025-06-20      175.0 REAL    1      9:40–9:55 AM    1.35 11:50 AM–12:25 PM    6.12   +4.769   $+476.93  WIN 
  2025-06-27      175.0 REAL    1      9:40–9:55 AM    1.22 11:50 AM–12:25 PM    1.81   +0.599    $+59.85  WIN 
  2025-07-04      180.0 REAL    1      9:40–9:55 AM    2.20 11:50 AM–12:25 PM    1.32   -0.882    $-88.18  LOSS
  2025-07-11      175.0 REAL    7      9:40–9:55 AM    0.16 11:50 AM–12:25 PM    0.03   -0.136    $-95.28  LOSS
  2025-07-18      185.0 REAL    2      9:40–9:55 AM    0.78 11:50 AM–12:25 PM    0.35   -0.432    $-86.51  LOSS
  2025-07-25      195.0 REAL    1      9:40–9:55 AM    2.02 11:50 AM–12:25 PM    1.74   -0.280    $-28.02  LOSS
  2025-08-01      190.0 REAL    1      9:40–9:55 AM    1.67 11:50 AM–12:25 PM    1.23   -0.446    $-44.64  LOSS
  2025-08-08      200.0 REAL    1      9:40–9:55 AM    1.50 11:50 AM–12:25 PM    0.72   -0.775    $-77.48  LOSS
  2025-08-15      202.5 REAL    2      9:40–9:55 AM    0.62 11:50 AM–12:25 PM    0.38   -0.241    $-48.17  LOSS
  2025-08-22      202.5 REAL    1      9:40–9:55 AM    1.45 11:50 AM–12:25 PM    0.32   -1.129   $-112.88  LOSS
  2025-08-29      210.0 REAL    2      9:40–9:55 AM    0.87 11:50 AM–12:25 PM    0.39   -0.484    $-96.86  LOSS
  2025-09-05      232.5 REAL    3      9:40–9:55 AM    0.37 11:50 AM–12:25 PM    0.19   -0.180    $-53.91  LOSS
  2025-09-12      240.0 REAL    1      9:40–9:55 AM    1.40 11:50 AM–12:25 PM    0.39   -1.017   $-101.67  LOSS
  2025-09-19      255.0 REAL    1      9:40–9:55 AM    2.51 11:50 AM–12:25 PM    1.60   -0.912    $-91.21  LOSS
  2025-09-26      247.5 REAL    1      9:40–9:55 AM    1.17 11:50 AM–12:25 PM    1.36   +0.194    $+19.38  WIN 
  2025-10-03      245.0 REAL    1      9:40–9:55 AM    2.75 11:50 AM–12:25 PM    0.79   -1.961   $-196.14  LOSS
  2025-10-10      242.5 REAL    2      9:40–9:55 AM    0.66 11:50 AM–12:25 PM    4.07   +3.409   $+681.87  WIN 
  2025-10-17      250.0 REAL    1      9:40–9:55 AM    2.11 11:50 AM–12:25 PM    0.34   -1.776   $-177.64  LOSS
  2025-10-24      255.0 REAL    4      9:40–9:55 AM    0.27 11:50 AM–12:25 PM    0.04   -0.228    $-91.16  LOSS
  2025-10-31      285.0 REAL    1      9:40–9:55 AM    4.80 11:50 AM–12:25 PM    6.20   +1.398   $+139.76  WIN 
  2025-11-07      280.0 REAL    1      9:40–9:55 AM    2.36 11:50 AM–12:25 PM    3.97   +1.609   $+160.93  WIN 
  2025-11-14      272.5 REAL    1      9:40–9:55 AM    1.00 11:50 AM–12:25 PM    0.07   -0.935    $-93.50  LOSS
  2025-11-21      300.0 REAL    1      9:40–9:55 AM    3.09 11:50 AM–12:25 PM    3.67   +0.581    $+58.13  WIN 
  2025-11-28      325.0 REAL    1      9:40–9:55 AM    3.44 11:50 AM–12:25 PM    6.55   +3.114   $+311.37  WIN 
  2025-12-05      320.0 REAL    2      9:40–9:55 AM    0.85 11:50 AM–12:25 PM    0.49   -0.361    $-72.25  LOSS
  2025-12-12      315.0 REAL    1      9:40–9:55 AM    3.68 11:50 AM–12:25 PM    6.47   +2.789   $+278.90  WIN 
  2025-12-19      302.5 REAL    1      9:40–9:55 AM    1.06 11:50 AM–12:25 PM    0.16   -0.902    $-90.22  LOSS
  2025-12-26      315.0 REAL    1      9:40–9:55 AM    1.56 11:50 AM–12:25 PM    1.56   +0.002     $+0.20  WIN 
  2026-01-02      320.0 REAL    2      9:40–9:55 AM    0.96 11:50 AM–12:25 PM    8.78   +7.817  $+1563.33  WIN 
  2026-01-09      327.5 REAL    1      9:40–9:55 AM    1.04 11:50 AM–12:25 PM    0.21   -0.832    $-83.18  LOSS
  2026-01-16      332.5 REAL    1      9:40–9:55 AM    1.69 11:50 AM–12:25 PM    2.70   +1.018   $+101.75  WIN 
  2026-01-23      330.0 REAL    2      9:40–9:55 AM    0.70 11:50 AM–12:25 PM    2.08   +1.372   $+274.34  WIN 
  2026-01-30      335.0 REAL    1      9:40–9:55 AM    1.06 11:50 AM–12:25 PM    0.37   -0.684    $-68.40  LOSS
  2026-02-06      330.0 REAL    1      9:40–9:55 AM    4.74 11:50 AM–12:25 PM    8.32   +3.578   $+357.77  WIN 
  2026-02-13      305.0 REAL    1      9:40–9:55 AM    1.74 11:50 AM–12:25 PM    0.46   -1.277   $-127.67  LOSS
  2026-02-20      305.0 REAL    2      9:40–9:55 AM    0.50 11:50 AM–12:25 PM    0.02   -0.481    $-96.29  LOSS
  2026-02-27      305.0 REAL    2      9:40–9:55 AM    0.74 11:50 AM–12:25 PM    0.18   -0.558   $-111.65  LOSS
  2026-03-06      295.0 REAL    1      9:40–9:55 AM    1.02 11:50 AM–12:25 PM    0.13   -0.892    $-89.19  LOSS
  2026-03-13      307.5 REAL    1      9:40–9:55 AM    2.35 11:50 AM–12:25 PM    4.55   +2.205   $+220.52  WIN 
  2026-03-20      305.0 REAL    1      9:40–9:55 AM    2.52 11:50 AM–12:25 PM    2.92   +0.398    $+39.80  WIN 
  2026-03-27      277.5 REAL    1      9:40–9:55 AM    1.77 11:50 AM–12:25 PM    1.10   -0.671    $-67.08  LOSS
  2026-04-03      292.5 REAL    1      9:40–9:55 AM    2.19 11:50 AM–12:25 PM    0.28   -1.909   $-190.91  LOSS
  2026-04-10      320.0 REAL    1      9:40–9:55 AM    1.23 11:50 AM–12:25 PM    2.53   +1.303   $+130.26  WIN 
  2026-04-17      337.5 REAL    1      9:40–9:55 AM    1.51 11:50 AM–12:25 PM    0.49   -1.016   $-101.56  LOSS
  2026-04-24      337.5 REAL    1      9:40–9:55 AM    1.16 11:50 AM–12:25 PM    0.09   -1.065   $-106.49  LOSS
  2026-05-01      380.0 REAL    1      9:40–9:55 AM    1.68 11:50 AM–12:25 PM    0.25   -1.426   $-142.64  LOSS
  2026-05-08      397.5 REAL    1      9:40–9:55 AM    1.19 11:50 AM–12:25 PM    0.68   -0.511    $-51.11  LOSS
  2026-05-15      395.0 REAL    1      9:40–9:55 AM    1.79 11:50 AM–12:25 PM    0.96   -0.830    $-83.02  LOSS
  2026-05-22      387.5 REAL    1      9:40–9:55 AM    3.28 11:50 AM–12:25 PM    1.76   -1.524   $-152.37  LOSS
  2026-05-29      382.5 REAL    1      9:40–9:55 AM    1.34 11:50 AM–12:25 PM    1.02   -0.313    $-31.27  LOSS
  2026-06-05      367.5 REAL    1      9:40–9:55 AM    1.18 11:50 AM–12:25 PM    0.67   -0.516    $-51.56  LOSS
  2026-06-12      362.5 REAL    1      9:40–9:55 AM    5.98 11:50 AM–12:25 PM    2.06   -3.927   $-392.70  LOSS
  2026-06-19      367.5 REAL    1      9:40–9:55 AM    7.90 11:50 AM–12:25 PM    2.33   -5.571   $-557.11  LOSS
  2026-06-26      340.0 REAL    1      9:40–9:55 AM    3.50 11:50 AM–12:25 PM    0.21   -3.296   $-329.60  LOSS
  2026-07-03      360.0 REAL    2      9:40–9:55 AM    0.96 11:50 AM–12:25 PM    4.68   +3.726   $+745.13  WIN 

  SUMMARY (optimal frames)  trades: 104   wins: 39/104   win rate: 37.5%   total P&L: $+3,209.06   avg/trade: $+30.86
           best day: $+1563.33   worst day: $-557.11   skipped (no data): 0
           premium spent: $19,246.06   return on spend: +16.7%

  GOOGL PUTS — HEATMAPS   (entry-frame start ↓  exit-frame start →   cyan = chosen optimal)

  Each cell = best frame pair starting in that 30-min bucket (best over all durations).

  1) WIN RATE %  (wins ÷ trades)
    Entry |   9:30  10:00  10:30  11:00  11:30  12:00  12:30   1:00   1:30   2:00   2:30   3:00   3:30
  --------+-------------------------------------------------------------------------------------------
     9:30 |    45%    45%    38%    35%    37%    36%    35%    35%    33%    37%    34%    30%    32%
    10:00 |      ·    50%    46%    39%    37%    37%    33%    36%    35%    36%    32%    33%    35%
    10:30 |      ·      ·    48%    38%    38%    38%    33%    32%    33%    33%    28%    29%    34%
    11:00 |      ·      ·      ·    50%    46%    44%    35%    41%    35%    30%    29%    31%    36%
    11:30 |      ·      ·      ·      ·    44%    44%    51%    42%    36%    33%    30%    33%    36%
    12:00 |      ·      ·      ·      ·      ·    47%    55%    44%    37%    35%    33%    35%    38%
    12:30 |      ·      ·      ·      ·      ·      ·    49%    49%    40%    39%    38%    35%    38%
     1:00 |      ·      ·      ·      ·      ·      ·      ·    41%    45%    44%    39%    37%    40%
     1:30 |      ·      ·      ·      ·      ·      ·      ·      ·    46%    45%    41%    38%    33%
     2:00 |      ·      ·      ·      ·      ·      ·      ·      ·      ·    62%    48%    33%    42%
     2:30 |      ·      ·      ·      ·      ·      ·      ·      ·      ·      ·    51%    42%    40%
     3:00 |      ·      ·      ·      ·      ·      ·      ·      ·      ·      ·      ·    44%    42%
     3:30 |      ·      ·      ·      ·      ·      ·      ·      ·      ·      ·      ·      ·    44%

  2) WIN COUNT  (number of winning trades)
    Entry |   9:30  10:00  10:30  11:00  11:30  12:00  12:30   1:00   1:30   2:00   2:30   3:00   3:30
  --------+-------------------------------------------------------------------------------------------
     9:30 |     47     47     40     36     38     37     36     35     33     36     34     30     29
    10:00 |      ·     51     47     40     38     38     34     36     35     36     32     32     32
    10:30 |      ·      ·     48     38     38     36     30     32     33     31     27     26     31
    11:00 |      ·      ·      ·     51     46     43     32     39     35     29     26     31     36
    11:30 |      ·      ·      ·      ·     43     42     45     37     31     32     27     33     36
    12:00 |      ·      ·      ·      ·      ·     43     48     44     35     33     29     35     36
    12:30 |      ·      ·      ·      ·      ·      ·     43     44     37     34     33     35     35
     1:00 |      ·      ·      ·      ·      ·      ·      ·     39     43     42     34     33     36
     1:30 |      ·      ·      ·      ·      ·      ·      ·      ·     41     39     37     38     27
     2:00 |      ·      ·      ·      ·      ·      ·      ·      ·      ·     52     40     27     36
     2:30 |      ·      ·      ·      ·      ·      ·      ·      ·      ·      ·     43     38     34
     3:00 |      ·      ·      ·      ·      ·      ·      ·      ·      ·      ·      ·     42     35
     3:30 |      ·      ·      ·      ·      ·      ·      ·      ·      ·      ·      ·      ·     42

  3a) AVG P&L PER TRADE  ($ per contract)
    Entry |   9:30  10:00  10:30  11:00  11:30  12:00  12:30   1:00   1:30   2:00   2:30   3:00   3:30
  --------+-------------------------------------------------------------------------------------------
     9:30 |    +10    +17    +23    +30    +31    +26    +26    +26     +7    -24    -11     +1    +15
    10:00 |      ·     +7     +8    +10    +11     +7     +7     +8    -24    -32    -24    -25    -30
    10:30 |      ·      ·     +2     +7     +8     +8     +8     +3    -29    -30    -42    -22    -28
    11:00 |      ·      ·      ·     +2     +3     +5     +2    -12    -30    -37    -41    -31    -28
    11:30 |      ·      ·      ·      ·     +1     +4     +4     +1    -15    -37    -38    -27    -26
    12:00 |      ·      ·      ·      ·      ·     +2     +4     -5    -22    -36    -30    -24    -16
    12:30 |      ·      ·      ·      ·      ·      ·     +8     +3    -14    -27    -29    -26    -19
     1:00 |      ·      ·      ·      ·      ·      ·      ·     +1    -15    -17    -19    -20    -15
     1:30 |      ·      ·      ·      ·      ·      ·      ·      ·     +3     +3     -7    -13    +15
     2:00 |      ·      ·      ·      ·      ·      ·      ·      ·      ·     +3     +5     +3    +13
     2:30 |      ·      ·      ·      ·      ·      ·      ·      ·      ·      ·     +6     +7    +15
     3:00 |      ·      ·      ·      ·      ·      ·      ·      ·      ·      ·      ·     +8    +22
     3:30 |      ·      ·      ·      ·      ·      ·      ·      ·      ·      ·      ·      ·    +11

  3b) TOTAL P&L  ($ per contract, summed over all Fridays)
    Entry |    9:30   10:00   10:30   11:00   11:30   12:00   12:30    1:00    1:30    2:00    2:30    3:00    3:30
  --------+--------------------------------------------------------------------------------------------------------
     9:30 |   +1046   +1737   +2411   +3095   +3212   +2700   +2635   +2578    +739   -2342   -1146    +131   +1400
    10:00 |       ·    +749    +875   +1034   +1095    +751    +715    +805   -2413   -3137   -2381   -2459   -2768
    10:30 |       ·       ·    +228    +720    +765    +784    +682    +343   -2891   -2784   -3957   -1928   -2531
    11:00 |       ·       ·       ·    +248    +343    +521    +168   -1161   -2998   -3583   -3658   -3103   -2749
    11:30 |       ·       ·       ·       ·    +133    +364    +395     +54   -1297   -3658   -3421   -2717   -2557
    12:00 |       ·       ·       ·       ·       ·    +169    +322    -501   -2110   -3373   -2634   -2455   -1582
    12:30 |       ·       ·       ·       ·       ·       ·    +680    +243   -1244   -2377   -2557   -2604   -1704
     1:00 |       ·       ·       ·       ·       ·       ·       ·    +108   -1403   -1643   -1619   -1825   -1385
     1:30 |       ·       ·       ·       ·       ·       ·       ·       ·    +276    +260    -641   -1352   +1238
     2:00 |       ·       ·       ·       ·       ·       ·       ·       ·       ·    +232    +417    +226   +1093
     2:30 |       ·       ·       ·       ·       ·       ·       ·       ·       ·       ·    +468    +605   +1255
     3:00 |       ·       ·       ·       ·       ·       ·       ·       ·       ·       ·       ·    +781   +1826
     3:30 |       ·       ·       ·       ·       ·       ·       ·       ·       ·       ·       ·       ·   +1099

──────────────────────────────────────────────────────────────────────────────────────
  GOOGL PUTS — TOP 15 FRAME PAIRS (by win_rate × avg payoff)
──────────────────────────────────────────────────────────────────────────────────────
   #        Entry frame         Exit frame  Trades   Wins    Win%    Avg P&L     Total P&L
  --  -----------------  -----------------  ------  -----  ------  ---------  ------------
   1       9:40–9:55 AM  11:50 AM–12:20 PM     104     38  36.5%    $+30.89    $+3,212.36
   2       9:40–9:55 AM  11:50 AM–12:35 PM     104     38  36.5%    $+29.89    $+3,108.97
   3       9:40–9:55 AM  11:50 AM–12:50 PM     104     38  36.5%    $+29.87    $+3,106.41
   4       9:40–9:55 AM  11:45 AM–12:45 PM     104     38  36.5%    $+29.83    $+3,102.66
   5       9:40–9:55 AM  11:40 AM–12:25 PM     104     37  35.6%    $+30.39    $+3,160.63
   6       9:40–9:55 AM   11:35 AM–1:05 PM     104     38  36.5%    $+29.38    $+3,055.84
   7       9:40–9:55 AM   11:30 AM–1:00 PM     104     38  36.5%    $+29.38    $+3,055.35
   8       9:40–9:55 AM  11:35 AM–12:20 PM     104     37  35.6%    $+30.07    $+3,127.35
   9       9:40–9:55 AM  11:45 AM–12:30 PM     104     37  35.6%    $+29.92    $+3,111.24
  10       9:40–9:55 AM  11:30 AM–12:30 PM     104     37  35.6%    $+29.87    $+3,106.23
  11       9:40–9:55 AM  11:35 AM–12:35 PM     104     37  35.6%    $+29.49    $+3,066.82
  12       9:40–9:55 AM  11:40 AM–12:40 PM     104     37  35.6%    $+29.46    $+3,063.89
  13       9:40–9:55 AM   11:45 AM–1:15 PM     104     38  36.5%    $+28.47    $+2,960.36
  14       9:40–9:55 AM   11:40 AM–1:10 PM     104     38  36.5%    $+28.29    $+2,942.17
  15       9:40–9:55 AM  11:25 AM–12:25 PM     104     36  34.6%    $+29.76    $+3,095.49

──────────────────────────────────────────────────────────────────────────────────────
  Saved CSV: C:\actions-runner\_work\EoD_OptionTrading\EoD_OptionTrading\results\friday_intraday\backtest_friday_intraday_timeframe_puts_730days_2026-07-09_1615.csv
  Saved TXT: C:\actions-runner\_work\EoD_OptionTrading\EoD_OptionTrading\results\friday_intraday\backtest_friday_intraday_timeframe_puts_730days_2026-07-09_1615.txt
  Saved TXT (outliers removed): C:\actions-runner\_work\EoD_OptionTrading\EoD_OptionTrading\results\friday_intraday\backtest_friday_intraday_timeframe_puts_730days_2026-07-09_1615_outliers_removed.txt
──────────────────────────────────────────────────────────────────────────────────────


██████████████████████████████████████████████████████████████████████████████████████
  MSFT CALLS
██████████████████████████████████████████████████████████████████████████████████████
======================================================================================
  MSFT CALLS
======================================================================================
  Optimal entry frame : 3:45–3:50 PM   (5 min)
  Optimal exit frame  : 3:55–4:00 PM   (5 min)
  Data source         : REAL prices

  Date           Strike  Src  Qty       Entry frame    Buy$        Exit frame   Sell$   P&L/sh      P&L $  Result
  ------------ -------- ---- ---- ----------------- ------- ----------------- ------- -------- ----------  ------
  2024-07-12      452.5 REAL    1      3:45–3:50 PM    1.23      3:55–4:00 PM    0.95   -0.271    $-27.10  LOSS
  2024-07-19      432.5 REAL    —      3:45–3:50 PM       —      3:55–4:00 PM       —        —          —  skip
  2024-07-26      420.0 REAL    1      3:45–3:50 PM    5.17      3:55–4:00 PM    4.86   -0.305    $-30.55  LOSS
  2024-08-02      415.0 REAL    —      3:45–3:50 PM       —      3:55–4:00 PM       —        —          —  skip
  2024-08-09      405.0 REAL    1      3:45–3:50 PM    1.66      3:55–4:00 PM    1.14   -0.518    $-51.80  LOSS
  2024-08-16      420.0 REAL  101      3:45–3:50 PM    0.01      3:55–4:00 PM    0.01   +0.000     $+0.00  LOSS
  2024-08-23      417.5 REAL  101      3:45–3:50 PM    0.01      3:55–4:00 PM    0.02   +0.008    $+80.80  WIN 
  2024-08-30      415.0 REAL    9      3:45–3:50 PM    0.12      3:55–4:00 PM    1.75   +1.628  $+1465.20  WIN 
  2024-09-06      410.0 REAL  100      3:45–3:50 PM    0.01      3:55–4:00 PM    0.01   +0.000     $+0.00  LOSS
  2024-09-13      425.0 REAL    1      3:45–3:50 PM    6.02      3:55–4:00 PM    6.06   +0.040     $+4.00  WIN 
  2024-09-20      440.0 REAL    8      3:45–3:50 PM    0.13      3:55–4:00 PM    0.04   -0.084    $-67.20  LOSS
  2024-09-27      430.0 REAL   76      3:45–3:50 PM    0.01      3:55–4:00 PM    0.01   -0.003    $-25.33  LOSS
  2024-10-04      417.5 REAL    9      3:45–3:50 PM    0.12      3:55–4:00 PM    0.04   -0.072    $-64.80  LOSS
  2024-10-11      415.0 REAL    2      3:45–3:50 PM    0.98      3:55–4:00 PM    1.34   +0.358    $+71.60  WIN 
  2024-10-18      415.0 REAL    1      3:45–3:50 PM    2.62      3:55–4:00 PM    3.05   +0.438    $+43.80  WIN 
  2024-10-25      427.5 REAL    2      3:45–3:50 PM    0.77      3:55–4:00 PM    0.55   -0.220    $-44.00  LOSS
  2024-11-01      410.0 REAL    1      3:45–3:50 PM    1.36      3:55–4:00 PM    0.52   -0.836    $-83.60  LOSS
  2024-11-08      425.0 REAL  101      3:45–3:50 PM    0.01      3:55–4:00 PM    0.01   +0.000     $+0.00  LOSS
  2024-11-15      422.5 REAL  101      3:45–3:50 PM    0.01      3:55–4:00 PM    0.01   +0.000     $+0.00  LOSS
  2024-11-22      412.5 REAL    1      3:45–3:50 PM    2.09      3:55–4:00 PM    4.48   +2.393   $+239.25  WIN 
  2024-11-29      420.0 REAL    —      3:45–3:50 PM       —      3:55–4:00 PM       —        —          —  skip
  2024-12-06      445.0 REAL   20      3:45–3:50 PM    0.05      3:55–4:00 PM    0.01   -0.042    $-84.00  LOSS
  2024-12-13      450.0 REAL  100      3:45–3:50 PM    0.01      3:55–4:00 PM    0.01   +0.000     $+0.00  LOSS
  2024-12-20      432.5 REAL    —      3:45–3:50 PM       —      3:55–4:00 PM       —        —          —  skip
  2024-12-27      435.0 REAL  100      3:45–3:50 PM    0.01      3:55–4:00 PM    0.01   +0.000     $+0.00  LOSS
  2025-01-03      420.0 REAL    1      3:45–3:50 PM    1.99      3:55–4:00 PM    3.13   +1.147   $+114.70  WIN 
  2025-01-10      422.5 REAL  101      3:45–3:50 PM    0.01      3:55–4:00 PM    0.01   +0.000     $+0.00  LOSS
  2025-01-17      432.5 REAL   25      3:45–3:50 PM    0.04      3:55–4:00 PM    0.01   -0.027    $-66.67  LOSS
  2025-01-24      442.5 REAL    2      3:45–3:50 PM    0.71      3:55–4:00 PM    1.38   +0.672   $+134.40  WIN 
  2025-01-31      417.5 REAL    9      3:45–3:50 PM    0.11      3:55–4:00 PM    0.01   -0.104    $-93.60  LOSS
  2025-02-07      417.5 REAL  100      3:45–3:50 PM    0.01      3:55–4:00 PM    0.01   +0.000     $+0.00  LOSS
  2025-02-14      407.5 REAL    5      3:45–3:50 PM    0.23      3:55–4:00 PM    1.12   +0.881   $+440.50  WIN 
  2025-02-21      417.5 REAL  100      3:45–3:50 PM    0.01      3:55–4:00 PM    0.01   +0.000     $+0.00  LOSS
  2025-02-28      392.5 REAL    1      3:45–3:50 PM    1.10      3:55–4:00 PM    4.53   +3.421   $+342.10  WIN 
  2025-03-07      392.5 REAL    2      3:45–3:50 PM    0.54      3:55–4:00 PM    1.49   +0.952   $+190.40  WIN 
  2025-03-14      380.0 REAL    1      3:45–3:50 PM    8.76      3:55–4:00 PM    9.04   +0.280    $+28.00  WIN 
  2025-03-21      385.0 REAL    2      3:45–3:50 PM    0.70      3:55–4:00 PM    5.45   +4.758   $+951.60  WIN 
  2025-03-28      387.5 REAL   72      3:45–3:50 PM    0.01      3:55–4:00 PM    0.01   -0.002    $-10.80  LOSS
  2025-04-04      365.0 REAL    1      3:45–3:50 PM    1.21      3:55–4:00 PM    0.05   -1.163   $-116.25  LOSS
  2025-04-11      382.5 REAL    1      3:45–3:50 PM    5.72      3:55–4:00 PM    5.98   +0.262    $+26.20  WIN 
  2025-04-18      372.5 REAL   67      3:45–3:50 PM    0.01      3:55–4:00 PM    0.01   -0.003    $-16.75  LOSS
  2025-04-25      387.5 REAL    1      3:45–3:50 PM    2.82      3:55–4:00 PM    4.33   +1.514   $+151.40  WIN 
  2025-05-02      432.5 REAL    1      3:45–3:50 PM    2.63      3:55–4:00 PM    2.86   +0.235    $+23.50  WIN 
  2025-05-09      440.0 REAL   28      3:45–3:50 PM    0.04      3:55–4:00 PM    0.01   -0.024    $-65.80  LOSS
  2025-05-16      450.0 REAL    1      3:45–3:50 PM    2.22      3:55–4:00 PM    3.79   +1.572   $+157.20  WIN 
  2025-05-23      450.0 REAL    1      3:45–3:50 PM    1.59      3:55–4:00 PM    0.81   -0.780    $-78.00  LOSS
  2025-05-30      460.0 REAL    1      3:45–3:50 PM    1.27      3:55–4:00 PM    1.08   -0.186    $-18.60  LOSS
  2025-06-06      470.0 REAL    2      3:45–3:50 PM    0.76      3:55–4:00 PM    0.42   -0.338    $-67.60  LOSS
  2025-06-13      477.5 REAL   76      3:45–3:50 PM    0.01      3:55–4:00 PM    0.01   +0.002    $+12.67  WIN 
  2025-06-20      482.5 REAL  100      3:45–3:50 PM    0.01      3:55–4:00 PM    0.01   +0.000     $+0.00  LOSS
  2025-06-27      497.5 REAL   10      3:45–3:50 PM    0.10      3:55–4:00 PM    0.06   -0.040    $-40.00  LOSS
  2025-07-04      495.0 REAL    —      3:45–3:50 PM       —      3:55–4:00 PM       —        —          —  skip
  2025-07-11      500.0 REAL    1      3:45–3:50 PM    3.75      3:55–4:00 PM    3.44   -0.305    $-30.50  LOSS
  2025-07-18      510.0 REAL    4      3:45–3:50 PM    0.28      3:55–4:00 PM    0.26   -0.018     $-7.20  LOSS
  2025-07-25      510.0 REAL    1      3:45–3:50 PM    5.94      3:55–4:00 PM    3.72   -2.223   $-222.33  LOSS
  2025-08-01      535.0 REAL    —      3:45–3:50 PM       —      3:55–4:00 PM       —        —          —  skip
  2025-08-08      525.0 REAL  100      3:45–3:50 PM    0.01      3:55–4:00 PM    0.01   +0.000     $+0.00  LOSS
  2025-08-15      520.0 REAL    1      3:45–3:50 PM    3.25      3:55–4:00 PM    0.42   -2.828   $-282.80  LOSS
  2025-08-22      505.0 REAL    1      3:45–3:50 PM    1.71      3:55–4:00 PM    2.09   +0.378    $+37.75  WIN 
  2025-08-29      510.0 REAL    9      3:45–3:50 PM    0.11      3:55–4:00 PM    0.01   -0.097    $-87.30  LOSS
  2025-09-05      510.0 REAL   75      3:45–3:50 PM    0.01      3:55–4:00 PM    0.02   +0.003    $+20.00  WIN 
  2025-09-12      505.0 REAL    1      3:45–3:50 PM    5.57      3:55–4:00 PM    5.15   -0.417    $-41.75  LOSS
  2025-09-19      510.0 REAL    1      3:45–3:50 PM    2.01      3:55–4:00 PM    7.72   +5.704   $+570.40  WIN 
  2025-09-26      510.0 REAL    1      3:45–3:50 PM    1.84      3:55–4:00 PM    1.27   -0.566    $-56.60  LOSS
  2025-10-03      515.0 REAL    1      3:45–3:50 PM    2.67      3:55–4:00 PM    2.10   -0.569    $-56.92  LOSS
  2025-10-10      520.0 REAL   67      3:45–3:50 PM    0.01      3:55–4:00 PM    0.02   +0.003    $+16.75  WIN 
  2025-10-17      510.0 REAL    1      3:45–3:50 PM    4.36      3:55–4:00 PM    3.48   -0.884    $-88.40  LOSS
  2025-10-24      520.0 REAL    1      3:45–3:50 PM    5.02      3:55–4:00 PM    3.45   -1.572   $-157.20  LOSS
  2025-10-31      530.0 REAL    —      3:45–3:50 PM       —      3:55–4:00 PM       —        —          —  skip
  2025-11-07      497.5 REAL    4      3:45–3:50 PM    0.28      3:55–4:00 PM    0.15   -0.130    $-52.00  LOSS
  2025-11-14      497.5 REAL    —      3:45–3:50 PM       —      3:55–4:00 PM       —        —          —  skip
  2025-11-21      477.5 REAL    —      3:45–3:50 PM       —      3:55–4:00 PM       —        —          —  skip
  2025-11-28      487.5 REAL    —      3:45–3:50 PM       —      3:55–4:00 PM       —        —          —  skip
  2025-12-05      482.5 REAL   14      3:45–3:50 PM    0.08      3:55–4:00 PM    0.49   +0.412   $+576.80  WIN 
  2025-12-12      480.0 REAL   15      3:45–3:50 PM    0.07      3:55–4:00 PM    0.02   -0.053    $-80.00  LOSS
  2025-12-19      485.0 REAL    2      3:45–3:50 PM    0.51      3:55–4:00 PM    0.68   +0.164    $+32.80  WIN 
  2025-12-26      487.5 REAL   10      3:45–3:50 PM    0.11      3:55–4:00 PM    0.23   +0.122   $+122.00  WIN 
  2026-01-02      485.0 REAL    —      3:45–3:50 PM       —      3:55–4:00 PM       —        —          —  skip
  2026-01-09      475.0 REAL    1      3:45–3:50 PM    4.59      3:55–4:00 PM    4.43   -0.157    $-15.67  LOSS
  2026-01-16      457.5 REAL    1      3:45–3:50 PM    3.40      3:55–4:00 PM    2.60   -0.803    $-80.33  LOSS
  2026-01-23      452.5 REAL    1      3:45–3:50 PM   15.94      3:55–4:00 PM   14.07   -1.870   $-187.00  LOSS
  2026-01-30      435.0 REAL  101      3:45–3:50 PM    0.01      3:55–4:00 PM    0.01   +0.000     $+0.00  LOSS
  2026-02-06      395.0 REAL    1      3:45–3:50 PM    5.78      3:55–4:00 PM    6.21   +0.422    $+42.17  WIN 
  2026-02-13      402.5 REAL   34      3:45–3:50 PM    0.03      3:55–4:00 PM    0.02   -0.006    $-20.40  LOSS
  2026-02-20      395.0 REAL    1      3:45–3:50 PM    2.60      3:55–4:00 PM    2.22   -0.382    $-38.20  LOSS
  2026-02-27      390.0 REAL    1      3:45–3:50 PM    3.27      3:55–4:00 PM    3.39   +0.120    $+12.00  WIN 
  2026-03-06      412.5 REAL  101      3:45–3:50 PM    0.01      3:55–4:00 PM    0.01   +0.000     $+0.00  LOSS
  2026-03-13      400.0 REAL  101      3:45–3:50 PM    0.01      3:55–4:00 PM    0.01   +0.000     $+0.00  LOSS
  2026-03-20      385.0 REAL    7      3:45–3:50 PM    0.15      3:55–4:00 PM    0.03   -0.118    $-82.60  LOSS
  2026-03-27      360.0 REAL   32      3:45–3:50 PM    0.03      3:55–4:00 PM    0.02   -0.014    $-44.80  LOSS
  2026-04-03      365.0 REAL    1      3:45–3:50 PM    7.28      3:55–4:00 PM    8.02   +0.741    $+74.08  WIN 
  2026-04-10      372.5 REAL   12      3:45–3:50 PM    0.09      3:55–4:00 PM    0.02   -0.074    $-88.80  LOSS
  2026-04-17      422.5 REAL    3      3:45–3:50 PM    0.47      3:55–4:00 PM    0.58   +0.110    $+33.00  WIN 
  2026-04-24      417.5 REAL    1      3:45–3:50 PM    6.56      3:55–4:00 PM    6.97   +0.407    $+40.67  WIN 
  2026-05-01      412.5 REAL    1      3:45–3:50 PM    3.67      3:55–4:00 PM    1.75   -1.925   $-192.50  LOSS
  2026-05-08      415.0 REAL    3      3:45–3:50 PM    0.42      3:55–4:00 PM    0.61   +0.188    $+56.40  WIN 
  2026-05-15      415.0 REAL    1      3:45–3:50 PM    8.44      3:55–4:00 PM    6.69   -1.748   $-174.80  LOSS
  2026-05-22      420.0 REAL   26      3:45–3:50 PM    0.04      3:55–4:00 PM    0.02   -0.024    $-62.40  LOSS
  2026-05-29      435.0 REAL    1      3:45–3:50 PM    7.83      3:55–4:00 PM   14.13   +6.294   $+629.40  WIN 
  2026-06-05      427.5 REAL    —      3:45–3:50 PM       —      3:55–4:00 PM       —        —          —  skip
  2026-06-12      387.5 REAL    1      3:45–3:50 PM    2.49      3:55–4:00 PM    3.26   +0.774    $+77.40  WIN 
  2026-06-19      380.0 REAL    3      3:45–3:50 PM    0.36      3:55–4:00 PM    0.20   -0.164    $-49.20  LOSS
  2026-06-26      357.5 REAL    —      3:45–3:50 PM       —      3:55–4:00 PM       —        —          —  skip
  2026-07-03      385.0 REAL    1      3:45–3:50 PM    5.15      3:55–4:00 PM    5.44   +0.292    $+29.25  WIN 

  SUMMARY (optimal frames)  trades: 91   wins: 34/91   win rate: 37.4%   total P&L: $+3,596.04   avg/trade: $+39.52
           best day: $+1465.20   worst day: $-282.80   skipped (no data): 13
           premium spent: $21,840.58   return on spend: +16.5%

  MSFT CALLS — HEATMAPS   (entry-frame start ↓  exit-frame start →   cyan = chosen optimal)

  Each cell = best frame pair starting in that 30-min bucket (best over all durations).

  1) WIN RATE %  (wins ÷ trades)
    Entry |   9:30  10:00  10:30  11:00  11:30  12:00  12:30   1:00   1:30   2:00   2:30   3:00   3:30
  --------+-------------------------------------------------------------------------------------------
     9:30 |    43%    35%    35%    35%    37%    33%    32%    33%    37%    33%    33%    37%    35%
    10:00 |      ·    51%    42%    41%    42%    45%    43%    38%    41%    37%    38%    37%    35%
    10:30 |      ·      ·    42%    44%    49%    44%    44%    39%    41%    38%    40%    34%    37%
    11:00 |      ·      ·      ·    50%    47%    43%    38%    41%    44%    41%    41%    39%    35%
    11:30 |      ·      ·      ·      ·    47%    44%    45%    39%    41%    39%    41%    38%    35%
    12:00 |      ·      ·      ·      ·      ·    50%    42%    42%    41%    42%    38%    38%    35%
    12:30 |      ·      ·      ·      ·      ·      ·    48%    45%    39%    40%    40%    39%    36%
     1:00 |      ·      ·      ·      ·      ·      ·      ·    49%    44%    45%    40%    36%    35%
     1:30 |      ·      ·      ·      ·      ·      ·      ·      ·    48%    45%    41%    34%    25%
     2:00 |      ·      ·      ·      ·      ·      ·      ·      ·      ·    47%    47%    39%    28%
     2:30 |      ·      ·      ·      ·      ·      ·      ·      ·      ·      ·    49%    40%    34%
     3:00 |      ·      ·      ·      ·      ·      ·      ·      ·      ·      ·      ·    40%    31%
     3:30 |      ·      ·      ·      ·      ·      ·      ·      ·      ·      ·      ·      ·    37%

  2) WIN COUNT  (number of winning trades)
    Entry |   9:30  10:00  10:30  11:00  11:30  12:00  12:30   1:00   1:30   2:00   2:30   3:00   3:30
  --------+-------------------------------------------------------------------------------------------
     9:30 |     45     36     36     36     38     34     33     33     37     33     31     34     34
    10:00 |      ·     53     44     43     44     46     45     38     41     37     36     37     34
    10:30 |      ·      ·     43     45     50     45     45     38     41     38     37     33     35
    11:00 |      ·      ·      ·     51     49     44     37     41     42     41     38     36     33
    11:30 |      ·      ·      ·      ·     49     44     43     37     39     39     38     37     35
    12:00 |      ·      ·      ·      ·      ·     48     42     40     38     40     33     35     33
    12:30 |      ·      ·      ·      ·      ·      ·     47     45     38     38     38     39     36
     1:00 |      ·      ·      ·      ·      ·      ·      ·     47     40     43     38     33     34
     1:30 |      ·      ·      ·      ·      ·      ·      ·      ·     45     42     38     32     23
     2:00 |      ·      ·      ·      ·      ·      ·      ·      ·      ·     45     43     39     27
     2:30 |      ·      ·      ·      ·      ·      ·      ·      ·      ·      ·     46     38     33
     3:00 |      ·      ·      ·      ·      ·      ·      ·      ·      ·      ·      ·     37     30
     3:30 |      ·      ·      ·      ·      ·      ·      ·      ·      ·      ·      ·      ·     34

  3a) AVG P&L PER TRADE  ($ per contract)
    Entry |   9:30  10:00  10:30  11:00  11:30  12:00  12:30   1:00   1:30   2:00   2:30   3:00   3:30
  --------+-------------------------------------------------------------------------------------------
     9:30 |     +5     +8    +16    +20    +24    +27    +22    +12    +10     +6    +10    -20    -12
    10:00 |      ·     +4    +16    +21    +20    +22    +18    +16    +13     +9     +9    -10     +0
    10:30 |      ·      ·    +17    +19    +20    +24    +23    +26    +23    +17    +20     +5     +7
    11:00 |      ·      ·      ·     +4     +7    +12     +8     +6     +6     +0    -10    -26    -40
    11:30 |      ·      ·      ·      ·     +6     +8     +7    +10    +10     +3    -14    -21    -37
    12:00 |      ·      ·      ·      ·      ·     +9     +9    +15    +18    +10     +3    -22    -24
    12:30 |      ·      ·      ·      ·      ·      ·     +4     +4     +8     +1    -20    -22    -21
     1:00 |      ·      ·      ·      ·      ·      ·      ·     +8    +16     +8    -24    -18    -30
     1:30 |      ·      ·      ·      ·      ·      ·      ·      ·     +8     +1    -10    -19     +7
     2:00 |      ·      ·      ·      ·      ·      ·      ·      ·      ·     +1     +2    -12     +9
     2:30 |      ·      ·      ·      ·      ·      ·      ·      ·      ·      ·     +2     +1    +17
     3:00 |      ·      ·      ·      ·      ·      ·      ·      ·      ·      ·      ·     +4    +27
     3:30 |      ·      ·      ·      ·      ·      ·      ·      ·      ·      ·      ·      ·    +40

  3b) TOTAL P&L  ($ per contract, summed over all Fridays)
    Entry |    9:30   10:00   10:30   11:00   11:30   12:00   12:30    1:00    1:30    2:00    2:30    3:00    3:30
  --------+--------------------------------------------------------------------------------------------------------
     9:30 |    +566    +807   +1620   +2085   +2548   +2783   +2279   +1194    +993    +612    +936   -1852   -1142
    10:00 |       ·    +429   +1690   +2232   +2090   +2259   +1863   +1570   +1328    +908    +868    -975     +14
    10:30 |       ·       ·   +1779   +1957   +2062   +2427   +2303   +2503   +2236   +1691   +1857    +491    +689
    11:00 |       ·       ·       ·    +461    +762   +1266    +800    +604    +609     +28    -908   -2461   -3696
    11:30 |       ·       ·       ·       ·    +579    +831    +687    +909    +975    +282   -1280   -2036   -3718
    12:00 |       ·       ·       ·       ·       ·    +878    +879   +1389   +1678    +946    +278   -2005   -2299
    12:30 |       ·       ·       ·       ·       ·       ·    +363    +372    +744    +106   -1961   -2138   -2123
     1:00 |       ·       ·       ·       ·       ·       ·       ·    +768   +1438    +772   -2315   -1647   -2879
     1:30 |       ·       ·       ·       ·       ·       ·       ·       ·    +708    +134    -958   -1806    +616
     2:00 |       ·       ·       ·       ·       ·       ·       ·       ·       ·    +124    +144   -1237    +840
     2:30 |       ·       ·       ·       ·       ·       ·       ·       ·       ·       ·    +167     +48   +1608
     3:00 |       ·       ·       ·       ·       ·       ·       ·       ·       ·       ·       ·    +388   +2620
     3:30 |       ·       ·       ·       ·       ·       ·       ·       ·       ·       ·       ·       ·   +3596

──────────────────────────────────────────────────────────────────────────────────────
  MSFT CALLS — TOP 15 FRAME PAIRS (by win_rate × avg payoff)
──────────────────────────────────────────────────────────────────────────────────────
   #        Entry frame         Exit frame  Trades   Wins    Win%    Avg P&L     Total P&L
  --  -----------------  -----------------  ------  -----  ------  ---------  ------------
   1       3:45–3:50 PM       3:55–4:00 PM      91     34  37.4%    $+39.52    $+3,596.03
   2       3:35–3:40 PM       3:55–4:00 PM      90     32  35.6%    $+35.95    $+3,235.50
   3       3:35–3:45 PM       3:55–4:00 PM      92     33  35.9%    $+35.21    $+3,239.32
   4       3:40–3:45 PM       3:55–4:00 PM      89     30  33.7%    $+36.32    $+3,232.60
   5       3:35–3:50 PM       3:55–4:00 PM      95     33  34.7%    $+34.39    $+3,266.85
   6       3:45–3:50 PM       3:50–4:00 PM      93     38  40.9%    $+28.87    $+2,684.88
   7       3:40–3:50 PM       3:55–4:00 PM      94     32  34.0%    $+32.73    $+3,076.26
   8       3:30–3:35 PM       3:55–4:00 PM      95     33  34.7%    $+31.99    $+3,038.68
   9       3:30–3:50 PM       3:55–4:00 PM      96     34  35.4%    $+30.78    $+2,954.97
  10       3:30–3:45 PM       3:55–4:00 PM      96     34  35.4%    $+29.97    $+2,876.99
  11     10:30–10:35 AM     12:25–12:35 PM     102     45  44.1%    $+23.80    $+2,427.47
  12       3:30–3:40 PM       3:55–4:00 PM      96     34  35.4%    $+29.03    $+2,786.71
  13       3:35–3:45 PM       3:50–4:00 PM      95     37  38.9%    $+26.15    $+2,484.43
  14     10:30–10:35 AM      12:20–1:05 PM     102     47  46.1%    $+22.03    $+2,246.92
  15     10:30–10:35 AM     12:25–12:40 PM     102     44  43.1%    $+23.34    $+2,381.03


██████████████████████████████████████████████████████████████████████████████████████
  OUTLIERS REMOVED (winning trades > $2,000)  —  MSFT CALLS re-optimized
██████████████████████████████████████████████████████████████████████████████████████
  (chosen frames had no winning outliers)
======================================================================================
  MSFT CALLS
======================================================================================
  Optimal entry frame : 3:45–3:50 PM   (5 min)
  Optimal exit frame  : 3:55–4:00 PM   (5 min)
  Data source         : REAL prices

  Date           Strike  Src  Qty       Entry frame    Buy$        Exit frame   Sell$   P&L/sh      P&L $  Result
  ------------ -------- ---- ---- ----------------- ------- ----------------- ------- -------- ----------  ------
  2024-07-12      452.5 REAL    1      3:45–3:50 PM    1.23      3:55–4:00 PM    0.95   -0.271    $-27.10  LOSS
  2024-07-19      432.5 REAL    —      3:45–3:50 PM       —      3:55–4:00 PM       —        —          —  skip
  2024-07-26      420.0 REAL    1      3:45–3:50 PM    5.17      3:55–4:00 PM    4.86   -0.305    $-30.55  LOSS
  2024-08-02      415.0 REAL    —      3:45–3:50 PM       —      3:55–4:00 PM       —        —          —  skip
  2024-08-09      405.0 REAL    1      3:45–3:50 PM    1.66      3:55–4:00 PM    1.14   -0.518    $-51.80  LOSS
  2024-08-16      420.0 REAL  101      3:45–3:50 PM    0.01      3:55–4:00 PM    0.01   +0.000     $+0.00  LOSS
  2024-08-23      417.5 REAL  101      3:45–3:50 PM    0.01      3:55–4:00 PM    0.02   +0.008    $+80.80  WIN 
  2024-08-30      415.0 REAL    9      3:45–3:50 PM    0.12      3:55–4:00 PM    1.75   +1.628  $+1465.20  WIN 
  2024-09-06      410.0 REAL  100      3:45–3:50 PM    0.01      3:55–4:00 PM    0.01   +0.000     $+0.00  LOSS
  2024-09-13      425.0 REAL    1      3:45–3:50 PM    6.02      3:55–4:00 PM    6.06   +0.040     $+4.00  WIN 
  2024-09-20      440.0 REAL    8      3:45–3:50 PM    0.13      3:55–4:00 PM    0.04   -0.084    $-67.20  LOSS
  2024-09-27      430.0 REAL   76      3:45–3:50 PM    0.01      3:55–4:00 PM    0.01   -0.003    $-25.33  LOSS
  2024-10-04      417.5 REAL    9      3:45–3:50 PM    0.12      3:55–4:00 PM    0.04   -0.072    $-64.80  LOSS
  2024-10-11      415.0 REAL    2      3:45–3:50 PM    0.98      3:55–4:00 PM    1.34   +0.358    $+71.60  WIN 
  2024-10-18      415.0 REAL    1      3:45–3:50 PM    2.62      3:55–4:00 PM    3.05   +0.438    $+43.80  WIN 
  2024-10-25      427.5 REAL    2      3:45–3:50 PM    0.77      3:55–4:00 PM    0.55   -0.220    $-44.00  LOSS
  2024-11-01      410.0 REAL    1      3:45–3:50 PM    1.36      3:55–4:00 PM    0.52   -0.836    $-83.60  LOSS
  2024-11-08      425.0 REAL  101      3:45–3:50 PM    0.01      3:55–4:00 PM    0.01   +0.000     $+0.00  LOSS
  2024-11-15      422.5 REAL  101      3:45–3:50 PM    0.01      3:55–4:00 PM    0.01   +0.000     $+0.00  LOSS
  2024-11-22      412.5 REAL    1      3:45–3:50 PM    2.09      3:55–4:00 PM    4.48   +2.393   $+239.25  WIN 
  2024-11-29      420.0 REAL    —      3:45–3:50 PM       —      3:55–4:00 PM       —        —          —  skip
  2024-12-06      445.0 REAL   20      3:45–3:50 PM    0.05      3:55–4:00 PM    0.01   -0.042    $-84.00  LOSS
  2024-12-13      450.0 REAL  100      3:45–3:50 PM    0.01      3:55–4:00 PM    0.01   +0.000     $+0.00  LOSS
  2024-12-20      432.5 REAL    —      3:45–3:50 PM       —      3:55–4:00 PM       —        —          —  skip
  2024-12-27      435.0 REAL  100      3:45–3:50 PM    0.01      3:55–4:00 PM    0.01   +0.000     $+0.00  LOSS
  2025-01-03      420.0 REAL    1      3:45–3:50 PM    1.99      3:55–4:00 PM    3.13   +1.147   $+114.70  WIN 
  2025-01-10      422.5 REAL  101      3:45–3:50 PM    0.01      3:55–4:00 PM    0.01   +0.000     $+0.00  LOSS
  2025-01-17      432.5 REAL   25      3:45–3:50 PM    0.04      3:55–4:00 PM    0.01   -0.027    $-66.67  LOSS
  2025-01-24      442.5 REAL    2      3:45–3:50 PM    0.71      3:55–4:00 PM    1.38   +0.672   $+134.40  WIN 
  2025-01-31      417.5 REAL    9      3:45–3:50 PM    0.11      3:55–4:00 PM    0.01   -0.104    $-93.60  LOSS
  2025-02-07      417.5 REAL  100      3:45–3:50 PM    0.01      3:55–4:00 PM    0.01   +0.000     $+0.00  LOSS
  2025-02-14      407.5 REAL    5      3:45–3:50 PM    0.23      3:55–4:00 PM    1.12   +0.881   $+440.50  WIN 
  2025-02-21      417.5 REAL  100      3:45–3:50 PM    0.01      3:55–4:00 PM    0.01   +0.000     $+0.00  LOSS
  2025-02-28      392.5 REAL    1      3:45–3:50 PM    1.10      3:55–4:00 PM    4.53   +3.421   $+342.10  WIN 
  2025-03-07      392.5 REAL    2      3:45–3:50 PM    0.54      3:55–4:00 PM    1.49   +0.952   $+190.40  WIN 
  2025-03-14      380.0 REAL    1      3:45–3:50 PM    8.76      3:55–4:00 PM    9.04   +0.280    $+28.00  WIN 
  2025-03-21      385.0 REAL    2      3:45–3:50 PM    0.70      3:55–4:00 PM    5.45   +4.758   $+951.60  WIN 
  2025-03-28      387.5 REAL   72      3:45–3:50 PM    0.01      3:55–4:00 PM    0.01   -0.002    $-10.80  LOSS
  2025-04-04      365.0 REAL    1      3:45–3:50 PM    1.21      3:55–4:00 PM    0.05   -1.163   $-116.25  LOSS
  2025-04-11      382.5 REAL    1      3:45–3:50 PM    5.72      3:55–4:00 PM    5.98   +0.262    $+26.20  WIN 
  2025-04-18      372.5 REAL   67      3:45–3:50 PM    0.01      3:55–4:00 PM    0.01   -0.003    $-16.75  LOSS
  2025-04-25      387.5 REAL    1      3:45–3:50 PM    2.82      3:55–4:00 PM    4.33   +1.514   $+151.40  WIN 
  2025-05-02      432.5 REAL    1      3:45–3:50 PM    2.63      3:55–4:00 PM    2.86   +0.235    $+23.50  WIN 
  2025-05-09      440.0 REAL   28      3:45–3:50 PM    0.04      3:55–4:00 PM    0.01   -0.024    $-65.80  LOSS
  2025-05-16      450.0 REAL    1      3:45–3:50 PM    2.22      3:55–4:00 PM    3.79   +1.572   $+157.20  WIN 
  2025-05-23      450.0 REAL    1      3:45–3:50 PM    1.59      3:55–4:00 PM    0.81   -0.780    $-78.00  LOSS
  2025-05-30      460.0 REAL    1      3:45–3:50 PM    1.27      3:55–4:00 PM    1.08   -0.186    $-18.60  LOSS
  2025-06-06      470.0 REAL    2      3:45–3:50 PM    0.76      3:55–4:00 PM    0.42   -0.338    $-67.60  LOSS
  2025-06-13      477.5 REAL   76      3:45–3:50 PM    0.01      3:55–4:00 PM    0.01   +0.002    $+12.67  WIN 
  2025-06-20      482.5 REAL  100      3:45–3:50 PM    0.01      3:55–4:00 PM    0.01   +0.000     $+0.00  LOSS
  2025-06-27      497.5 REAL   10      3:45–3:50 PM    0.10      3:55–4:00 PM    0.06   -0.040    $-40.00  LOSS
  2025-07-04      495.0 REAL    —      3:45–3:50 PM       —      3:55–4:00 PM       —        —          —  skip
  2025-07-11      500.0 REAL    1      3:45–3:50 PM    3.75      3:55–4:00 PM    3.44   -0.305    $-30.50  LOSS
  2025-07-18      510.0 REAL    4      3:45–3:50 PM    0.28      3:55–4:00 PM    0.26   -0.018     $-7.20  LOSS
  2025-07-25      510.0 REAL    1      3:45–3:50 PM    5.94      3:55–4:00 PM    3.72   -2.223   $-222.33  LOSS
  2025-08-01      535.0 REAL    —      3:45–3:50 PM       —      3:55–4:00 PM       —        —          —  skip
  2025-08-08      525.0 REAL  100      3:45–3:50 PM    0.01      3:55–4:00 PM    0.01   +0.000     $+0.00  LOSS
  2025-08-15      520.0 REAL    1      3:45–3:50 PM    3.25      3:55–4:00 PM    0.42   -2.828   $-282.80  LOSS
  2025-08-22      505.0 REAL    1      3:45–3:50 PM    1.71      3:55–4:00 PM    2.09   +0.378    $+37.75  WIN 
  2025-08-29      510.0 REAL    9      3:45–3:50 PM    0.11      3:55–4:00 PM    0.01   -0.097    $-87.30  LOSS
  2025-09-05      510.0 REAL   75      3:45–3:50 PM    0.01      3:55–4:00 PM    0.02   +0.003    $+20.00  WIN 
  2025-09-12      505.0 REAL    1      3:45–3:50 PM    5.57      3:55–4:00 PM    5.15   -0.417    $-41.75  LOSS
  2025-09-19      510.0 REAL    1      3:45–3:50 PM    2.01      3:55–4:00 PM    7.72   +5.704   $+570.40  WIN 
  2025-09-26      510.0 REAL    1      3:45–3:50 PM    1.84      3:55–4:00 PM    1.27   -0.566    $-56.60  LOSS
  2025-10-03      515.0 REAL    1      3:45–3:50 PM    2.67      3:55–4:00 PM    2.10   -0.569    $-56.92  LOSS
  2025-10-10      520.0 REAL   67      3:45–3:50 PM    0.01      3:55–4:00 PM    0.02   +0.003    $+16.75  WIN 
  2025-10-17      510.0 REAL    1      3:45–3:50 PM    4.36      3:55–4:00 PM    3.48   -0.884    $-88.40  LOSS
  2025-10-24      520.0 REAL    1      3:45–3:50 PM    5.02      3:55–4:00 PM    3.45   -1.572   $-157.20  LOSS
  2025-10-31      530.0 REAL    —      3:45–3:50 PM       —      3:55–4:00 PM       —        —          —  skip
  2025-11-07      497.5 REAL    4      3:45–3:50 PM    0.28      3:55–4:00 PM    0.15   -0.130    $-52.00  LOSS
  2025-11-14      497.5 REAL    —      3:45–3:50 PM       —      3:55–4:00 PM       —        —          —  skip
  2025-11-21      477.5 REAL    —      3:45–3:50 PM       —      3:55–4:00 PM       —        —          —  skip
  2025-11-28      487.5 REAL    —      3:45–3:50 PM       —      3:55–4:00 PM       —        —          —  skip
  2025-12-05      482.5 REAL   14      3:45–3:50 PM    0.08      3:55–4:00 PM    0.49   +0.412   $+576.80  WIN 
  2025-12-12      480.0 REAL   15      3:45–3:50 PM    0.07      3:55–4:00 PM    0.02   -0.053    $-80.00  LOSS
  2025-12-19      485.0 REAL    2      3:45–3:50 PM    0.51      3:55–4:00 PM    0.68   +0.164    $+32.80  WIN 
  2025-12-26      487.5 REAL   10      3:45–3:50 PM    0.11      3:55–4:00 PM    0.23   +0.122   $+122.00  WIN 
  2026-01-02      485.0 REAL    —      3:45–3:50 PM       —      3:55–4:00 PM       —        —          —  skip
  2026-01-09      475.0 REAL    1      3:45–3:50 PM    4.59      3:55–4:00 PM    4.43   -0.157    $-15.67  LOSS
  2026-01-16      457.5 REAL    1      3:45–3:50 PM    3.40      3:55–4:00 PM    2.60   -0.803    $-80.33  LOSS
  2026-01-23      452.5 REAL    1      3:45–3:50 PM   15.94      3:55–4:00 PM   14.07   -1.870   $-187.00  LOSS
  2026-01-30      435.0 REAL  101      3:45–3:50 PM    0.01      3:55–4:00 PM    0.01   +0.000     $+0.00  LOSS
  2026-02-06      395.0 REAL    1      3:45–3:50 PM    5.78      3:55–4:00 PM    6.21   +0.422    $+42.17  WIN 
  2026-02-13      402.5 REAL   34      3:45–3:50 PM    0.03      3:55–4:00 PM    0.02   -0.006    $-20.40  LOSS
  2026-02-20      395.0 REAL    1      3:45–3:50 PM    2.60      3:55–4:00 PM    2.22   -0.382    $-38.20  LOSS
  2026-02-27      390.0 REAL    1      3:45–3:50 PM    3.27      3:55–4:00 PM    3.39   +0.120    $+12.00  WIN 
  2026-03-06      412.5 REAL  101      3:45–3:50 PM    0.01      3:55–4:00 PM    0.01   +0.000     $+0.00  LOSS
  2026-03-13      400.0 REAL  101      3:45–3:50 PM    0.01      3:55–4:00 PM    0.01   +0.000     $+0.00  LOSS
  2026-03-20      385.0 REAL    7      3:45–3:50 PM    0.15      3:55–4:00 PM    0.03   -0.118    $-82.60  LOSS
  2026-03-27      360.0 REAL   32      3:45–3:50 PM    0.03      3:55–4:00 PM    0.02   -0.014    $-44.80  LOSS
  2026-04-03      365.0 REAL    1      3:45–3:50 PM    7.28      3:55–4:00 PM    8.02   +0.741    $+74.08  WIN 
  2026-04-10      372.5 REAL   12      3:45–3:50 PM    0.09      3:55–4:00 PM    0.02   -0.074    $-88.80  LOSS
  2026-04-17      422.5 REAL    3      3:45–3:50 PM    0.47      3:55–4:00 PM    0.58   +0.110    $+33.00  WIN 
  2026-04-24      417.5 REAL    1      3:45–3:50 PM    6.56      3:55–4:00 PM    6.97   +0.407    $+40.67  WIN 
  2026-05-01      412.5 REAL    1      3:45–3:50 PM    3.67      3:55–4:00 PM    1.75   -1.925   $-192.50  LOSS
  2026-05-08      415.0 REAL    3      3:45–3:50 PM    0.42      3:55–4:00 PM    0.61   +0.188    $+56.40  WIN 
  2026-05-15      415.0 REAL    1      3:45–3:50 PM    8.44      3:55–4:00 PM    6.69   -1.748   $-174.80  LOSS
  2026-05-22      420.0 REAL   26      3:45–3:50 PM    0.04      3:55–4:00 PM    0.02   -0.024    $-62.40  LOSS
  2026-05-29      435.0 REAL    1      3:45–3:50 PM    7.83      3:55–4:00 PM   14.13   +6.294   $+629.40  WIN 
  2026-06-05      427.5 REAL    —      3:45–3:50 PM       —      3:55–4:00 PM       —        —          —  skip
  2026-06-12      387.5 REAL    1      3:45–3:50 PM    2.49      3:55–4:00 PM    3.26   +0.774    $+77.40  WIN 
  2026-06-19      380.0 REAL    3      3:45–3:50 PM    0.36      3:55–4:00 PM    0.20   -0.164    $-49.20  LOSS
  2026-06-26      357.5 REAL    —      3:45–3:50 PM       —      3:55–4:00 PM       —        —          —  skip
  2026-07-03      385.0 REAL    1      3:45–3:50 PM    5.15      3:55–4:00 PM    5.44   +0.292    $+29.25  WIN 

  SUMMARY (optimal frames)  trades: 91   wins: 34/91   win rate: 37.4%   total P&L: $+3,596.04   avg/trade: $+39.52
           best day: $+1465.20   worst day: $-282.80   skipped (no data): 13
           premium spent: $21,840.58   return on spend: +16.5%

  MSFT CALLS — HEATMAPS   (entry-frame start ↓  exit-frame start →   cyan = chosen optimal)

  Each cell = best frame pair starting in that 30-min bucket (best over all durations).

  1) WIN RATE %  (wins ÷ trades)
    Entry |   9:30  10:00  10:30  11:00  11:30  12:00  12:30   1:00   1:30   2:00   2:30   3:00   3:30
  --------+-------------------------------------------------------------------------------------------
     9:30 |    43%    35%    35%    35%    37%    37%    32%    33%    37%    33%    33%    37%    35%
    10:00 |      ·    51%    42%    41%    42%    45%    43%    38%    41%    37%    38%    37%    35%
    10:30 |      ·      ·    42%    44%    49%    44%    44%    39%    41%    38%    40%    34%    37%
    11:00 |      ·      ·      ·    50%    47%    43%    38%    41%    44%    41%    41%    39%    35%
    11:30 |      ·      ·      ·      ·    47%    44%    45%    39%    41%    39%    41%    38%    35%
    12:00 |      ·      ·      ·      ·      ·    50%    42%    42%    41%    42%    38%    38%    35%
    12:30 |      ·      ·      ·      ·      ·      ·    48%    45%    39%    40%    40%    39%    36%
     1:00 |      ·      ·      ·      ·      ·      ·      ·    49%    44%    45%    40%    36%    35%
     1:30 |      ·      ·      ·      ·      ·      ·      ·      ·    48%    45%    41%    34%    25%
     2:00 |      ·      ·      ·      ·      ·      ·      ·      ·      ·    47%    47%    39%    28%
     2:30 |      ·      ·      ·      ·      ·      ·      ·      ·      ·      ·    49%    40%    34%
     3:00 |      ·      ·      ·      ·      ·      ·      ·      ·      ·      ·      ·    40%    31%
     3:30 |      ·      ·      ·      ·      ·      ·      ·      ·      ·      ·      ·      ·    37%

  2) WIN COUNT  (number of winning trades)
    Entry |   9:30  10:00  10:30  11:00  11:30  12:00  12:30   1:00   1:30   2:00   2:30   3:00   3:30
  --------+-------------------------------------------------------------------------------------------
     9:30 |     45     36     36     36     38     38     33     33     37     33     31     34     34
    10:00 |      ·     53     44     43     44     46     45     38     41     37     36     37     34
    10:30 |      ·      ·     43     45     50     45     45     38     41     38     37     33     35
    11:00 |      ·      ·      ·     51     49     44     37     41     42     41     38     36     33
    11:30 |      ·      ·      ·      ·     49     44     43     37     39     39     38     37     35
    12:00 |      ·      ·      ·      ·      ·     48     42     40     38     40     33     35     33
    12:30 |      ·      ·      ·      ·      ·      ·     47     45     38     38     38     39     36
     1:00 |      ·      ·      ·      ·      ·      ·      ·     47     40     43     38     33     34
     1:30 |      ·      ·      ·      ·      ·      ·      ·      ·     45     42     38     32     23
     2:00 |      ·      ·      ·      ·      ·      ·      ·      ·      ·     45     43     39     27
     2:30 |      ·      ·      ·      ·      ·      ·      ·      ·      ·      ·     46     38     33
     3:00 |      ·      ·      ·      ·      ·      ·      ·      ·      ·      ·      ·     37     30
     3:30 |      ·      ·      ·      ·      ·      ·      ·      ·      ·      ·      ·      ·     34

  3a) AVG P&L PER TRADE  ($ per contract)
    Entry |   9:30  10:00  10:30  11:00  11:30  12:00  12:30   1:00   1:30   2:00   2:30   3:00   3:30
  --------+-------------------------------------------------------------------------------------------
     9:30 |     +5     +8    +16    +20    +24    +24    +22    +12    +10     +6    +10    -20    -12
    10:00 |      ·     +4    +16    +21    +20    +22    +18    +16    +13     +9     +9    -10     +0
    10:30 |      ·      ·    +17    +19    +20    +24    +23    +26    +23    +17    +20     +5     +7
    11:00 |      ·      ·      ·     +4     +7    +12     +8     +6     +6     +0    -10    -26    -40
    11:30 |      ·      ·      ·      ·     +6     +8     +7    +10    +10     +3    -14    -21    -37
    12:00 |      ·      ·      ·      ·      ·     +9     +9    +15    +18    +10     +3    -22    -24
    12:30 |      ·      ·      ·      ·      ·      ·     +4     +4     +8     +1    -20    -22    -21
     1:00 |      ·      ·      ·      ·      ·      ·      ·     +8    +16     +8    -24    -18    -30
     1:30 |      ·      ·      ·      ·      ·      ·      ·      ·     +8     +1    -10    -19     +7
     2:00 |      ·      ·      ·      ·      ·      ·      ·      ·      ·     +1     +2    -12     +9
     2:30 |      ·      ·      ·      ·      ·      ·      ·      ·      ·      ·     +2     +1    +17
     3:00 |      ·      ·      ·      ·      ·      ·      ·      ·      ·      ·      ·     +4    +27
     3:30 |      ·      ·      ·      ·      ·      ·      ·      ·      ·      ·      ·      ·    +40

  3b) TOTAL P&L  ($ per contract, summed over all Fridays)
    Entry |    9:30   10:00   10:30   11:00   11:30   12:00   12:30    1:00    1:30    2:00    2:30    3:00    3:30
  --------+--------------------------------------------------------------------------------------------------------
     9:30 |    +566    +807   +1620   +2085   +2548   +2537   +2279   +1194    +993    +612    +936   -1852   -1142
    10:00 |       ·    +429   +1690   +2232   +2090   +2259   +1863   +1570   +1328    +908    +868    -975     +14
    10:30 |       ·       ·   +1779   +1957   +2062   +2427   +2303   +2503   +2236   +1691   +1857    +491    +689
    11:00 |       ·       ·       ·    +461    +762   +1266    +800    +604    +609     +28    -908   -2461   -3696
    11:30 |       ·       ·       ·       ·    +579    +831    +687    +909    +975    +282   -1280   -2036   -3718
    12:00 |       ·       ·       ·       ·       ·    +878    +879   +1389   +1678    +946    +278   -2005   -2299
    12:30 |       ·       ·       ·       ·       ·       ·    +363    +372    +744    +106   -1961   -2138   -2123
     1:00 |       ·       ·       ·       ·       ·       ·       ·    +768   +1438    +772   -2315   -1647   -2879
     1:30 |       ·       ·       ·       ·       ·       ·       ·       ·    +708    +134    -958   -1806    +616
     2:00 |       ·       ·       ·       ·       ·       ·       ·       ·       ·    +124    +144   -1237    +840
     2:30 |       ·       ·       ·       ·       ·       ·       ·       ·       ·       ·    +167     +48   +1608
     3:00 |       ·       ·       ·       ·       ·       ·       ·       ·       ·       ·       ·    +388   +2620
     3:30 |       ·       ·       ·       ·       ·       ·       ·       ·       ·       ·       ·       ·   +3596

──────────────────────────────────────────────────────────────────────────────────────
  MSFT CALLS — TOP 15 FRAME PAIRS (by win_rate × avg payoff)
──────────────────────────────────────────────────────────────────────────────────────
   #        Entry frame         Exit frame  Trades   Wins    Win%    Avg P&L     Total P&L
  --  -----------------  -----------------  ------  -----  ------  ---------  ------------
   1       3:45–3:50 PM       3:55–4:00 PM      91     34  37.4%    $+39.52    $+3,596.03
   2       3:35–3:40 PM       3:55–4:00 PM      90     32  35.6%    $+35.95    $+3,235.50
   3       3:35–3:45 PM       3:55–4:00 PM      92     33  35.9%    $+35.21    $+3,239.32
   4       3:40–3:45 PM       3:55–4:00 PM      89     30  33.7%    $+36.32    $+3,232.60
   5       3:35–3:50 PM       3:55–4:00 PM      95     33  34.7%    $+34.39    $+3,266.85
   6       3:45–3:50 PM       3:50–4:00 PM      93     38  40.9%    $+28.87    $+2,684.88
   7       3:40–3:50 PM       3:55–4:00 PM      94     32  34.0%    $+32.73    $+3,076.26
   8       3:30–3:35 PM       3:55–4:00 PM      95     33  34.7%    $+31.99    $+3,038.68
   9       3:30–3:50 PM       3:55–4:00 PM      96     34  35.4%    $+30.78    $+2,954.97
  10       3:30–3:45 PM       3:55–4:00 PM      96     34  35.4%    $+29.97    $+2,876.99
  11     10:30–10:35 AM     12:25–12:35 PM     102     45  44.1%    $+23.80    $+2,427.47
  12       3:30–3:40 PM       3:55–4:00 PM      96     34  35.4%    $+29.03    $+2,786.71
  13       3:35–3:45 PM       3:50–4:00 PM      95     37  38.9%    $+26.15    $+2,484.43
  14     10:30–10:35 AM      12:20–1:05 PM     102     47  46.1%    $+22.03    $+2,246.92
  15     10:30–10:35 AM     12:25–12:40 PM     102     44  43.1%    $+23.34    $+2,381.03

──────────────────────────────────────────────────────────────────────────────────────
  Saved CSV: C:\actions-runner\_work\EoD_OptionTrading\EoD_OptionTrading\results\friday_intraday\backtest_friday_intraday_timeframe_calls_730days_2026-07-09_1615.csv
  Saved TXT: C:\actions-runner\_work\EoD_OptionTrading\EoD_OptionTrading\results\friday_intraday\backtest_friday_intraday_timeframe_calls_730days_2026-07-09_1615.txt
  Saved TXT (outliers removed): C:\actions-runner\_work\EoD_OptionTrading\EoD_OptionTrading\results\friday_intraday\backtest_friday_intraday_timeframe_calls_730days_2026-07-09_1615_outliers_removed.txt
──────────────────────────────────────────────────────────────────────────────────────


██████████████████████████████████████████████████████████████████████████████████████
  MSFT PUTS
██████████████████████████████████████████████████████████████████████████████████████
======================================================================================
  MSFT PUTS
======================================================================================
  Optimal entry frame : 3:20–3:25 PM   (5 min)
  Optimal exit frame  : 3:50–3:55 PM   (5 min)
  Data source         : REAL prices

  Date           Strike  Src  Qty       Entry frame    Buy$        Exit frame   Sell$   P&L/sh      P&L $  Result
  ------------ -------- ---- ---- ----------------- ------- ----------------- ------- -------- ----------  ------
  2024-07-12      452.5 REAL  101      3:20–3:25 PM    0.01      3:50–3:55 PM    0.28   +0.272  $+2747.20  WIN 
  2024-07-19      432.5 REAL   75      3:20–3:25 PM    0.01      3:50–3:55 PM    0.01   -0.003    $-25.00  LOSS
  2024-07-26      420.0 REAL   84      3:20–3:25 PM    0.01      3:50–3:55 PM    0.01   -0.002    $-16.80  LOSS
  2024-08-02      415.0 REAL    1      3:20–3:25 PM    8.13      3:50–3:55 PM    8.25   +0.119    $+11.90  WIN 
  2024-08-09      405.0 REAL    6      3:20–3:25 PM    0.18      3:50–3:55 PM    0.02   -0.159    $-95.10  LOSS
  2024-08-16      420.0 REAL    1      3:20–3:25 PM    1.11      3:50–3:55 PM    1.39   +0.281    $+28.05  WIN 
  2024-08-23      417.5 REAL    1      3:20–3:25 PM    1.64      3:50–3:55 PM    1.46   -0.181    $-18.10  LOSS
  2024-08-30      415.0 REAL    1      3:20–3:25 PM    1.12      3:50–3:55 PM    0.15   -0.973    $-97.33  LOSS
  2024-09-06      410.0 REAL    —      3:20–3:25 PM       —      3:50–3:55 PM       —        —          —  skip
  2024-09-13      425.0 REAL   51      3:20–3:25 PM    0.02      3:50–3:55 PM    0.01   -0.010    $-51.00  LOSS
  2024-09-20      440.0 REAL    1      3:20–3:25 PM    3.77      3:50–3:55 PM    4.12   +0.353    $+35.33  WIN 
  2024-09-27      430.0 REAL    1      3:20–3:25 PM    1.17      3:50–3:55 PM    2.06   +0.887    $+88.67  WIN 
  2024-10-04      417.5 REAL    3      3:20–3:25 PM    0.42      3:50–3:55 PM    1.26   +0.840   $+252.00  WIN 
  2024-10-11      415.0 REAL   17      3:20–3:25 PM    0.06      3:50–3:55 PM    0.01   -0.045    $-76.50  LOSS
  2024-10-18      415.0 REAL   38      3:20–3:25 PM    0.03      3:50–3:55 PM    0.01   -0.014    $-53.83  LOSS
  2024-10-25      427.5 REAL    5      3:20–3:25 PM    0.22      3:50–3:55 PM    0.19   -0.031    $-15.42  LOSS
  2024-11-01      410.0 REAL   45      3:20–3:25 PM    0.02      3:50–3:55 PM    0.17   +0.143   $+645.75  WIN 
  2024-11-08      425.0 REAL    1      3:20–3:25 PM    2.07      3:50–3:55 PM    2.76   +0.690    $+69.00  WIN 
  2024-11-15      422.5 REAL    1      3:20–3:25 PM    7.26      3:50–3:55 PM    7.70   +0.440    $+44.00  WIN 
  2024-11-22      412.5 REAL    —      3:20–3:25 PM       —      3:50–3:55 PM       —        —          —  skip
  2024-11-29      420.0 REAL    —      3:20–3:25 PM       —      3:50–3:55 PM       —        —          —  skip
  2024-12-06      445.0 REAL    2      3:20–3:25 PM    0.68      3:50–3:55 PM    0.92   +0.240    $+48.00  WIN 
  2024-12-13      450.0 REAL    1      3:20–3:25 PM    2.87      3:50–3:55 PM    2.03   -0.840    $-84.00  LOSS
  2024-12-20      432.5 REAL    9      3:20–3:25 PM    0.12      3:50–3:55 PM    0.11   -0.003     $-3.00  LOSS
  2024-12-27      435.0 REAL    1      3:20–3:25 PM    5.80      3:50–3:55 PM    4.41   -1.387   $-138.75  LOSS
  2025-01-03      420.0 REAL   34      3:20–3:25 PM    0.03      3:50–3:55 PM    0.02   -0.012    $-40.80  LOSS
  2025-01-10      422.5 REAL    1      3:20–3:25 PM    2.17      3:50–3:55 PM    2.52   +0.352    $+35.25  WIN 
  2025-01-17      432.5 REAL    1      3:20–3:25 PM    2.17      3:50–3:55 PM    2.48   +0.300    $+30.00  WIN 
  2025-01-24      442.5 REAL    4      3:20–3:25 PM    0.30      3:50–3:55 PM    0.04   -0.268   $-107.20  LOSS
  2025-01-31      417.5 REAL    1      3:20–3:25 PM    1.60      3:50–3:55 PM    1.13   -0.466    $-46.60  LOSS
  2025-02-07      417.5 REAL    1      3:20–3:25 PM    8.84      3:50–3:55 PM    7.66   -1.178   $-117.83  LOSS
  2025-02-14      407.5 REAL    2      3:20–3:25 PM    0.77      3:50–3:55 PM    0.16   -0.610   $-122.00  LOSS
  2025-02-21      417.5 REAL    —      3:20–3:25 PM       —      3:50–3:55 PM       —        —          —  skip
  2025-02-28      392.5 REAL    2      3:20–3:25 PM    0.93      3:50–3:55 PM    0.02   -0.904   $-180.80  LOSS
  2025-03-07      392.5 REAL    1      3:20–3:25 PM    1.08      3:50–3:55 PM    0.88   -0.200    $-20.00  LOSS
  2025-03-14      380.0 REAL    —      3:20–3:25 PM       —      3:50–3:55 PM       —        —          —  skip
  2025-03-21      385.0 REAL    3      3:20–3:25 PM    0.37      3:50–3:55 PM    0.03   -0.332    $-99.60  LOSS
  2025-03-28      387.5 REAL    1      3:20–3:25 PM    9.62      3:50–3:55 PM    9.20   -0.428    $-42.83  LOSS
  2025-04-04      365.0 REAL    1      3:20–3:25 PM    2.58      3:50–3:55 PM    3.73   +1.143   $+114.35  WIN 
  2025-04-11      382.5 REAL    —      3:20–3:25 PM       —      3:50–3:55 PM       —        —          —  skip
  2025-04-18      372.5 REAL    1      3:20–3:25 PM    4.46      3:50–3:55 PM    5.02   +0.560    $+56.00  WIN 
  2025-04-25      387.5 REAL    —      3:20–3:25 PM       —      3:50–3:55 PM       —        —          —  skip
  2025-05-02      432.5 REAL   40      3:20–3:25 PM    0.03      3:50–3:55 PM    0.01   -0.015    $-60.00  LOSS
  2025-05-09      440.0 REAL    1      3:20–3:25 PM    1.01      3:50–3:55 PM    0.84   -0.170    $-17.00  LOSS
  2025-05-16      450.0 REAL   26      3:20–3:25 PM    0.04      3:50–3:55 PM    0.02   -0.022    $-57.20  LOSS
  2025-05-23      450.0 REAL    7      3:20–3:25 PM    0.15      3:50–3:55 PM    0.12   -0.028    $-19.60  LOSS
  2025-05-30      460.0 REAL    2      3:20–3:25 PM    0.92      3:50–3:55 PM    1.09   +0.166    $+33.20  WIN 
  2025-06-06      470.0 REAL    5      3:20–3:25 PM    0.22      3:50–3:55 PM    0.09   -0.130    $-65.00  LOSS
  2025-06-13      477.5 REAL    1      3:20–3:25 PM    3.15      3:50–3:55 PM    3.21   +0.055     $+5.50  WIN 
  2025-06-20      482.5 REAL    —      3:20–3:25 PM       —      3:50–3:55 PM       —        —          —  skip
  2025-06-27      497.5 REAL    1      3:20–3:25 PM    2.35      3:50–3:55 PM    2.80   +0.448    $+44.75  WIN 
  2025-07-04      495.0 REAL    —      3:20–3:25 PM       —      3:50–3:55 PM       —        —          —  skip
  2025-07-11      500.0 REAL   51      3:20–3:25 PM    0.02      3:50–3:55 PM    0.01   -0.010    $-51.00  LOSS
  2025-07-18      510.0 REAL   26      3:20–3:25 PM    0.04      3:50–3:55 PM    0.18   +0.136   $+353.60  WIN 
  2025-07-25      510.0 REAL  101      3:20–3:25 PM    0.01      3:50–3:55 PM    0.01   +0.000     $+0.00  LOSS
  2025-08-01      535.0 REAL    1      3:20–3:25 PM   10.64      3:50–3:55 PM   10.45   -0.187    $-18.67  LOSS
  2025-08-08      525.0 REAL    1      3:20–3:25 PM    2.63      3:50–3:55 PM    4.59   +1.967   $+196.70  WIN 
  2025-08-15      520.0 REAL   23      3:20–3:25 PM    0.04      3:50–3:55 PM    0.31   +0.268   $+616.40  WIN 
  2025-08-22      505.0 REAL   20      3:20–3:25 PM    0.05      3:50–3:55 PM    0.02   -0.030    $-60.00  LOSS
  2025-08-29      510.0 REAL    1      3:20–3:25 PM    1.36      3:50–3:55 PM    2.60   +1.235   $+123.50  WIN 
  2025-09-05      510.0 REAL    1      3:20–3:25 PM   15.72      3:50–3:55 PM   15.85   +0.120    $+12.00  WIN 
  2025-09-12      505.0 REAL  100      3:20–3:25 PM    0.01      3:50–3:55 PM    0.01   +0.000     $+0.00  LOSS
  2025-09-19      510.0 REAL    3      3:20–3:25 PM    0.34      3:50–3:55 PM    0.08   -0.264    $-79.20  LOSS
  2025-09-26      510.0 REAL    7      3:20–3:25 PM    0.15      3:50–3:55 PM    0.12   -0.035    $-24.15  LOSS
  2025-10-03      515.0 REAL   21      3:20–3:25 PM    0.05      3:50–3:55 PM    0.01   -0.035    $-73.50  LOSS
  2025-10-10      520.0 REAL    1      3:20–3:25 PM    6.11      3:50–3:55 PM    8.70   +2.587   $+258.67  WIN 
  2025-10-17      510.0 REAL   31      3:20–3:25 PM    0.03      3:50–3:55 PM    0.04   +0.002     $+5.17  WIN 
  2025-10-24      520.0 REAL    —      3:20–3:25 PM       —      3:50–3:55 PM       —        —          —  skip
  2025-10-31      530.0 REAL    1      3:20–3:25 PM   11.94      3:50–3:55 PM   11.63   -0.307    $-30.75  LOSS
  2025-11-07      497.5 REAL    1      3:20–3:25 PM    1.31      3:50–3:55 PM    0.47   -0.841    $-84.05  LOSS
  2025-11-14      497.5 REAL    —      3:20–3:25 PM       —      3:50–3:55 PM       —        —          —  skip
  2025-11-21      477.5 REAL    1      3:20–3:25 PM    3.20      3:50–3:55 PM    4.76   +1.563   $+156.33  WIN 
  2025-11-28      487.5 REAL    —      3:20–3:25 PM       —      3:50–3:55 PM       —        —          —  skip
  2025-12-05      482.5 REAL    2      3:20–3:25 PM    0.73      3:50–3:55 PM    0.54   -0.190    $-38.00  LOSS
  2025-12-12      480.0 REAL    1      3:20–3:25 PM    1.70      3:50–3:55 PM    2.38   +0.674    $+67.40  WIN 
  2025-12-19      485.0 REAL    1      3:20–3:25 PM    1.74      3:50–3:55 PM    1.03   -0.708    $-70.75  LOSS
  2025-12-26      487.5 REAL    2      3:20–3:25 PM    0.51      3:50–3:55 PM    0.21   -0.299    $-59.90  LOSS
  2026-01-02      485.0 REAL    1      3:20–3:25 PM   12.79      3:50–3:55 PM   12.95   +0.163    $+16.25  WIN 
  2026-01-09      475.0 REAL  101      3:20–3:25 PM    0.01      3:50–3:55 PM    0.01   +0.000     $+0.00  LOSS
  2026-01-16      457.5 REAL  100      3:20–3:25 PM    0.01      3:50–3:55 PM    0.01   +0.004    $+40.00  WIN 
  2026-01-23      452.5 REAL  100      3:20–3:25 PM    0.01      3:50–3:55 PM    0.01   +0.000     $+0.00  LOSS
  2026-01-30      435.0 REAL    1      3:20–3:25 PM    7.90      3:50–3:55 PM    6.84   -1.058   $-105.80  LOSS
  2026-02-06      395.0 REAL   81      3:20–3:25 PM    0.01      3:50–3:55 PM    0.01   -0.003    $-20.25  LOSS
  2026-02-13      402.5 REAL    2      3:20–3:25 PM    0.96      3:50–3:55 PM    1.47   +0.503   $+100.70  WIN 
  2026-02-20      395.0 REAL   15      3:20–3:25 PM    0.07      3:50–3:55 PM    0.03   -0.037    $-56.25  LOSS
  2026-02-27      390.0 REAL   51      3:20–3:25 PM    0.02      3:50–3:55 PM    0.05   +0.026   $+132.60  WIN 
  2026-03-06      412.5 REAL    1      3:20–3:25 PM    2.67      3:50–3:55 PM    3.42   +0.755    $+75.50  WIN 
  2026-03-13      400.0 REAL    1      3:20–3:25 PM    5.08      3:50–3:55 PM    4.82   -0.255    $-25.50  LOSS
  2026-03-20      385.0 REAL    1      3:20–3:25 PM    3.39      3:50–3:55 PM    4.02   +0.628    $+62.80  WIN 
  2026-03-27      360.0 REAL    1      3:20–3:25 PM    2.36      3:50–3:55 PM    2.90   +0.536    $+53.60  WIN 
  2026-04-03      365.0 REAL  100      3:20–3:25 PM    0.01      3:50–3:55 PM    0.01   +0.000     $+0.00  LOSS
  2026-04-10      372.5 REAL    1      3:20–3:25 PM    1.12      3:50–3:55 PM    1.25   +0.129    $+12.85  WIN 
  2026-04-17      422.5 REAL    2      3:20–3:25 PM    0.70      3:50–3:55 PM    0.33   -0.368    $-73.60  LOSS
  2026-04-24      417.5 REAL  101      3:20–3:25 PM    0.01      3:50–3:55 PM    0.01   +0.000     $+0.00  LOSS
  2026-05-01      412.5 REAL   27      3:20–3:25 PM    0.04      3:50–3:55 PM    0.06   +0.018    $+48.60  WIN 
  2026-05-08      415.0 REAL    2      3:20–3:25 PM    0.96      3:50–3:55 PM    0.41   -0.548   $-109.60  LOSS
  2026-05-15      415.0 REAL   76      3:20–3:25 PM    0.01      3:50–3:55 PM    0.02   +0.007    $+50.67  WIN 
  2026-05-22      420.0 REAL    1      3:20–3:25 PM    1.34      3:50–3:55 PM    1.66   +0.321    $+32.05  WIN 
  2026-05-29      435.0 REAL   28      3:20–3:25 PM    0.04      3:50–3:55 PM    0.01   -0.026    $-72.80  LOSS
  2026-06-05      427.5 REAL    1      3:20–3:25 PM   12.55      3:50–3:55 PM   10.62   -1.935   $-193.50  LOSS
  2026-06-12      387.5 REAL   18      3:20–3:25 PM    0.06      3:50–3:55 PM    0.04   -0.016    $-28.80  LOSS
  2026-06-19      380.0 REAL    1      3:20–3:25 PM    2.58      3:50–3:55 PM    0.83   -1.747   $-174.70  LOSS
  2026-06-26      357.5 REAL    —      3:20–3:25 PM       —      3:50–3:55 PM       —        —          —  skip
  2026-07-03      385.0 REAL   72      3:20–3:25 PM    0.01      3:50–3:55 PM    0.01   -0.004    $-28.80  LOSS

  SUMMARY (optimal frames)  trades: 91   wins: 37/91   win rate: 40.7%   total P&L: $+3,553.48   avg/trade: $+39.05
           best day: $+2747.20   worst day: $-193.50   skipped (no data): 13
           premium spent: $23,891.26   return on spend: +14.9%

  MSFT PUTS — HEATMAPS   (entry-frame start ↓  exit-frame start →   cyan = chosen optimal)

  Each cell = best frame pair starting in that 30-min bucket (best over all durations).

  1) WIN RATE %  (wins ÷ trades)
    Entry |   9:30  10:00  10:30  11:00  11:30  12:00  12:30   1:00   1:30   2:00   2:30   3:00   3:30
  --------+-------------------------------------------------------------------------------------------
     9:30 |    52%    45%    40%    44%    42%    33%    38%    36%    34%    32%    34%    31%    36%
    10:00 |      ·    48%    49%    50%    44%    37%    36%    38%    36%    37%    34%    32%    34%
    10:30 |      ·      ·    46%    44%    36%    35%    34%    40%    35%    35%    33%    33%    31%
    11:00 |      ·      ·      ·    50%    46%    45%    41%    42%    38%    36%    33%    33%    37%
    11:30 |      ·      ·      ·      ·    45%    43%    43%    43%    40%    36%    35%    35%    38%
    12:00 |      ·      ·      ·      ·      ·    44%    42%    42%    40%    37%    38%    37%    39%
    12:30 |      ·      ·      ·      ·      ·      ·    42%    44%    40%    39%    38%    37%    40%
     1:00 |      ·      ·      ·      ·      ·      ·      ·    46%    46%    43%    42%    39%    40%
     1:30 |      ·      ·      ·      ·      ·      ·      ·      ·    47%    48%    38%    38%    34%
     2:00 |      ·      ·      ·      ·      ·      ·      ·      ·      ·    49%    48%    41%    40%
     2:30 |      ·      ·      ·      ·      ·      ·      ·      ·      ·      ·    50%    43%    34%
     3:00 |      ·      ·      ·      ·      ·      ·      ·      ·      ·      ·      ·    45%    41%
     3:30 |      ·      ·      ·      ·      ·      ·      ·      ·      ·      ·      ·      ·    39%

  2) WIN COUNT  (number of winning trades)
    Entry |   9:30  10:00  10:30  11:00  11:30  12:00  12:30   1:00   1:30   2:00   2:30   3:00   3:30
  --------+-------------------------------------------------------------------------------------------
     9:30 |     54     47     42     46     44     34     38     36     33     32     32     31     34
    10:00 |      ·     50     51     51     46     38     36     35     36     37     32     32     32
    10:30 |      ·      ·     48     44     37     36     34     37     33     34     33     33     29
    11:00 |      ·      ·      ·     49     48     47     43     42     37     33     33     31     36
    11:30 |      ·      ·      ·      ·     45     43     44     42     39     36     35     35     37
    12:00 |      ·      ·      ·      ·      ·     41     40     42     40     37     35     36     38
    12:30 |      ·      ·      ·      ·      ·      ·     42     42     36     37     38     35     38
     1:00 |      ·      ·      ·      ·      ·      ·      ·     44     45     41     40     38     37
     1:30 |      ·      ·      ·      ·      ·      ·      ·      ·     43     45     36     35     31
     2:00 |      ·      ·      ·      ·      ·      ·      ·      ·      ·     42     44     38     38
     2:30 |      ·      ·      ·      ·      ·      ·      ·      ·      ·      ·     44     42     33
     3:00 |      ·      ·      ·      ·      ·      ·      ·      ·      ·      ·      ·     42     37
     3:30 |      ·      ·      ·      ·      ·      ·      ·      ·      ·      ·      ·      ·     37

  3a) AVG P&L PER TRADE  ($ per contract)
    Entry |   9:30  10:00  10:30  11:00  11:30  12:00  12:30   1:00   1:30   2:00   2:30   3:00   3:30
  --------+-------------------------------------------------------------------------------------------
     9:30 |     +9    +14    +20    +20    +18    +19    +18    +11     +5     +4    +10     +8    +21
    10:00 |      ·    +10    +12    +13     +9     +7     +5    -18    -20    -14     +3     -9     +7
    10:30 |      ·      ·    +10    +10     +6     +5     +1    -25    -37    -19    -27    -10     +0
    11:00 |      ·      ·      ·     +5     -5     -5    -24    -22    -33    -37    -29    -28    -25
    11:30 |      ·      ·      ·      ·     +3     +5    -17    -17    -31    -26    -22    -25    -22
    12:00 |      ·      ·      ·      ·      ·     +4     -5     -4    -16    -15    -18    -11    -25
    12:30 |      ·      ·      ·      ·      ·      ·     +2     +4    -10    -17     -9     +1    -13
     1:00 |      ·      ·      ·      ·      ·      ·      ·     +1     -6     -9     -9     -7    -13
     1:30 |      ·      ·      ·      ·      ·      ·      ·      ·     +3     -3     +2     +2     +8
     2:00 |      ·      ·      ·      ·      ·      ·      ·      ·      ·     +2     +5     +4     +6
     2:30 |      ·      ·      ·      ·      ·      ·      ·      ·      ·      ·     +7     +3     +7
     3:00 |      ·      ·      ·      ·      ·      ·      ·      ·      ·      ·      ·    +21    +39
     3:30 |      ·      ·      ·      ·      ·      ·      ·      ·      ·      ·      ·      ·    +31

  3b) TOTAL P&L  ($ per contract, summed over all Fridays)
    Entry |    9:30   10:00   10:30   11:00   11:30   12:00   12:30    1:00    1:30    2:00    2:30    3:00    3:30
  --------+--------------------------------------------------------------------------------------------------------
     9:30 |    +886   +1436   +2037   +2088   +1894   +2019   +1773   +1074    +537    +391    +979    +803   +2030
    10:00 |       ·    +993   +1261   +1291    +950    +736    +492   -1696   -1951   -1441    +276    -852    +670
    10:30 |       ·       ·   +1038   +1009    +605    +478     +86   -2345   -3459   -1886   -2685    -960     +47
    11:00 |       ·       ·       ·    +506    -540    -568   -2446   -2252   -3248   -3406   -2907   -2677   -2484
    11:30 |       ·       ·       ·       ·    +291    +453   -1756   -1644   -3040   -2645   -2155   -2495   -2172
    12:00 |       ·       ·       ·       ·       ·    +350    -475    -394   -1553   -1524   -1632   -1115   -2446
    12:30 |       ·       ·       ·       ·       ·       ·    +238    +399    -916   -1671    -875    +103   -1224
     1:00 |       ·       ·       ·       ·       ·       ·       ·    +126    -612    -838    -873    -669   -1205
     1:30 |       ·       ·       ·       ·       ·       ·       ·       ·    +239    -293    +147    +152    +725
     2:00 |       ·       ·       ·       ·       ·       ·       ·       ·       ·    +206    +426    +402    +557
     2:30 |       ·       ·       ·       ·       ·       ·       ·       ·       ·       ·    +620    +254    +734
     3:00 |       ·       ·       ·       ·       ·       ·       ·       ·       ·       ·       ·   +1979   +3553
     3:30 |       ·       ·       ·       ·       ·       ·       ·       ·       ·       ·       ·       ·   +2957

──────────────────────────────────────────────────────────────────────────────────────
  MSFT PUTS — TOP 15 FRAME PAIRS (by win_rate × avg payoff)
──────────────────────────────────────────────────────────────────────────────────────
   #        Entry frame         Exit frame  Trades   Wins    Win%    Avg P&L     Total P&L
  --  -----------------  -----------------  ------  -----  ------  ---------  ------------
   1       3:20–3:25 PM       3:50–3:55 PM      91     37  40.7%    $+39.05    $+3,553.47
   2       3:25–3:30 PM       3:50–3:55 PM      92     37  40.2%    $+35.54    $+3,269.85
   3       3:20–3:30 PM       3:50–3:55 PM      96     38  39.6%    $+34.07    $+3,270.93
   4       3:20–3:25 PM       3:40–3:45 PM      90     43  47.8%    $+26.02    $+2,341.80
   5       3:30–3:35 PM       3:50–3:55 PM      95     37  38.9%    $+31.12    $+2,956.50
   6       3:20–3:25 PM       3:40–3:55 PM      93     40  43.0%    $+26.93    $+2,504.65
   7       3:20–3:35 PM       3:50–3:55 PM      98     39  39.8%    $+28.18    $+2,762.01
   8       3:35–3:40 PM       3:50–3:55 PM      92     34  37.0%    $+30.27    $+2,785.28
   9       3:20–3:25 PM       3:35–3:55 PM      94     41  43.6%    $+25.53    $+2,400.15
  10       3:20–3:25 PM       3:45–3:55 PM      93     36  38.7%    $+28.07    $+2,610.92
  11       3:30–3:40 PM       3:50–3:55 PM      97     35  36.1%    $+29.80    $+2,890.71
  12       3:15–3:30 PM       3:50–3:55 PM      97     38  39.2%    $+26.90    $+2,609.48
  13       3:15–3:25 PM       3:50–3:55 PM      94     38  40.4%    $+25.35    $+2,382.82
  14       3:25–3:35 PM       3:50–3:55 PM      96     36  37.5%    $+27.07    $+2,598.56
  15       3:25–3:40 PM       3:50–3:55 PM      97     35  36.1%    $+27.38    $+2,656.07


██████████████████████████████████████████████████████████████████████████████████████
  OUTLIERS REMOVED (winning trades > $2,000)  —  MSFT PUTS re-optimized
██████████████████████████████████████████████████████████████████████████████████████
  (chosen frames had no winning outliers)
======================================================================================
  MSFT PUTS
======================================================================================
  Optimal entry frame : 3:19–3:24 PM   (5 min)
  Optimal exit frame  : 3:41–3:46 PM   (5 min)
  Data source         : REAL prices

  Date           Strike  Src  Qty       Entry frame    Buy$        Exit frame   Sell$   P&L/sh      P&L $  Result
  ------------ -------- ---- ---- ----------------- ------- ----------------- ------- -------- ----------  ------
  2024-07-12      452.5 REAL  101      3:19–3:24 PM    0.01      3:41–3:46 PM    0.06   +0.048   $+484.80  WIN 
  2024-07-19      432.5 REAL   67      3:19–3:24 PM    0.01      3:41–3:46 PM    0.01   -0.005    $-33.50  LOSS
  2024-07-26      420.0 REAL   81      3:19–3:24 PM    0.01      3:41–3:46 PM    0.01   -0.003    $-20.25  LOSS
  2024-08-02      415.0 REAL    1      3:19–3:24 PM    8.30      3:41–3:46 PM    8.09   -0.218    $-21.83  LOSS
  2024-08-09      405.0 REAL    7      3:19–3:24 PM    0.16      3:41–3:46 PM    0.03   -0.133    $-93.10  LOSS
  2024-08-16      420.0 REAL    1      3:19–3:24 PM    1.10      3:41–3:46 PM    1.28   +0.178    $+17.80  WIN 
  2024-08-23      417.5 REAL    1      3:19–3:24 PM    1.69      3:41–3:46 PM    1.85   +0.169    $+16.90  WIN 
  2024-08-30      415.0 REAL    1      3:19–3:24 PM    1.27      3:41–3:46 PM    1.08   -0.182    $-18.17  LOSS
  2024-09-06      410.0 REAL    —      3:19–3:24 PM       —      3:41–3:46 PM       —        —          —  skip
  2024-09-13      425.0 REAL   41      3:19–3:24 PM    0.03      3:41–3:46 PM    0.01   -0.015    $-61.50  LOSS
  2024-09-20      440.0 REAL    1      3:19–3:24 PM    3.70      3:41–3:46 PM    2.46   -1.235   $-123.50  LOSS
  2024-09-27      430.0 REAL    1      3:19–3:24 PM    1.22      3:41–3:46 PM    1.42   +0.205    $+20.50  WIN 
  2024-10-04      417.5 REAL    3      3:19–3:24 PM    0.37      3:41–3:46 PM    0.74   +0.366   $+109.80  WIN 
  2024-10-11      415.0 REAL   16      3:19–3:24 PM    0.07      3:41–3:46 PM    0.06   -0.009    $-14.40  LOSS
  2024-10-18      415.0 REAL   37      3:19–3:24 PM    0.03      3:41–3:46 PM    0.01   -0.018    $-64.75  LOSS
  2024-10-25      427.5 REAL    5      3:19–3:24 PM    0.23      3:41–3:46 PM    0.23   +0.010     $+5.00  WIN 
  2024-11-01      410.0 REAL   41      3:19–3:24 PM    0.03      3:41–3:46 PM    0.04   +0.011    $+45.10  WIN 
  2024-11-08      425.0 REAL    1      3:19–3:24 PM    1.97      3:41–3:46 PM    2.29   +0.321    $+32.08  WIN 
  2024-11-15      422.5 REAL    1      3:19–3:24 PM    7.31      3:41–3:46 PM    8.10   +0.788    $+78.83  WIN 
  2024-11-22      412.5 REAL   34      3:19–3:24 PM    0.03      3:41–3:46 PM    0.02   -0.013    $-42.50  LOSS
  2024-11-29      420.0 REAL    —      3:19–3:24 PM       —      3:41–3:46 PM       —        —          —  skip
  2024-12-06      445.0 REAL    2      3:19–3:24 PM    0.66      3:41–3:46 PM    0.52   -0.138    $-27.50  LOSS
  2024-12-13      450.0 REAL    1      3:19–3:24 PM    2.87      3:41–3:46 PM    2.22   -0.650    $-65.00  LOSS
  2024-12-20      432.5 REAL   10      3:19–3:24 PM    0.11      3:41–3:46 PM    0.14   +0.030    $+30.00  WIN 
  2024-12-27      435.0 REAL    1      3:19–3:24 PM    5.80      3:41–3:46 PM    6.00   +0.205    $+20.50  WIN 
  2025-01-03      420.0 REAL   34      3:19–3:24 PM    0.03      3:41–3:46 PM    0.03   -0.003     $-8.50  LOSS
  2025-01-10      422.5 REAL    1      3:19–3:24 PM    2.17      3:41–3:46 PM    2.39   +0.225    $+22.50  WIN 
  2025-01-17      432.5 REAL    —      3:19–3:24 PM       —      3:41–3:46 PM       —        —          —  skip
  2025-01-24      442.5 REAL    4      3:19–3:24 PM    0.32      3:41–3:46 PM    0.17   -0.144    $-57.60  LOSS
  2025-01-31      417.5 REAL    1      3:19–3:24 PM    1.64      3:41–3:46 PM    1.55   -0.097     $-9.65  LOSS
  2025-02-07      417.5 REAL    1      3:19–3:24 PM    8.77      3:41–3:46 PM    7.73   -1.043   $-104.33  LOSS
  2025-02-14      407.5 REAL    2      3:19–3:24 PM    0.72      3:41–3:46 PM    0.48   -0.238    $-47.60  LOSS
  2025-02-21      417.5 REAL    —      3:19–3:24 PM       —      3:41–3:46 PM       —        —          —  skip
  2025-02-28      392.5 REAL    2      3:19–3:24 PM    0.88      3:41–3:46 PM    0.37   -0.510   $-102.00  LOSS
  2025-03-07      392.5 REAL    2      3:19–3:24 PM    0.98      3:41–3:46 PM    1.52   +0.541   $+108.27  WIN 
  2025-03-14      380.0 REAL    —      3:19–3:24 PM       —      3:41–3:46 PM       —        —          —  skip
  2025-03-21      385.0 REAL    3      3:19–3:24 PM    0.39      3:41–3:46 PM    0.20   -0.187    $-56.10  LOSS
  2025-03-28      387.5 REAL    1      3:19–3:24 PM    9.58      3:41–3:46 PM   10.05   +0.467    $+46.67  WIN 
  2025-04-04      365.0 REAL    1      3:19–3:24 PM    2.99      3:41–3:46 PM    1.96   -1.036   $-103.65  LOSS
  2025-04-11      382.5 REAL   17      3:19–3:24 PM    0.06      3:41–3:46 PM    0.02   -0.040    $-68.00  LOSS
  2025-04-18      372.5 REAL    1      3:19–3:24 PM    4.46      3:41–3:46 PM    3.77   -0.695    $-69.50  LOSS
  2025-04-25      387.5 REAL    —      3:19–3:24 PM       —      3:41–3:46 PM       —        —          —  skip
  2025-05-02      432.5 REAL    —      3:19–3:24 PM       —      3:41–3:46 PM       —        —          —  skip
  2025-05-09      440.0 REAL    1      3:19–3:24 PM    1.01      3:41–3:46 PM    1.13   +0.120    $+12.00  WIN 
  2025-05-16      450.0 REAL   26      3:19–3:24 PM    0.04      3:41–3:46 PM    0.07   +0.035    $+91.00  WIN 
  2025-05-23      450.0 REAL    7      3:19–3:24 PM    0.15      3:41–3:46 PM    0.07   -0.080    $-56.00  LOSS
  2025-05-30      460.0 REAL    2      3:19–3:24 PM    0.94      3:41–3:46 PM    0.66   -0.276    $-55.20  LOSS
  2025-06-06      470.0 REAL    5      3:19–3:24 PM    0.22      3:41–3:46 PM    0.13   -0.090    $-45.00  LOSS
  2025-06-13      477.5 REAL    1      3:19–3:24 PM    3.15      3:41–3:46 PM    3.33   +0.178    $+17.83  WIN 
  2025-06-20      482.5 REAL    —      3:19–3:24 PM       —      3:41–3:46 PM       —        —          —  skip
  2025-06-27      497.5 REAL    1      3:19–3:24 PM    2.35      3:41–3:46 PM    2.38   +0.025     $+2.50  WIN 
  2025-07-04      495.0 REAL    —      3:19–3:24 PM       —      3:41–3:46 PM       —        —          —  skip
  2025-07-11      500.0 REAL   51      3:19–3:24 PM    0.02      3:41–3:46 PM    0.02   +0.000     $+0.00  LOSS
  2025-07-18      510.0 REAL   27      3:19–3:24 PM    0.04      3:41–3:46 PM    0.72   +0.686  $+1853.55  WIN 
  2025-07-25      510.0 REAL  101      3:19–3:24 PM    0.01      3:41–3:46 PM    0.01   +0.005    $+50.50  WIN 
  2025-08-01      535.0 REAL    1      3:19–3:24 PM   10.54      3:41–3:46 PM   10.82   +0.283    $+28.33  WIN 
  2025-08-08      525.0 REAL    1      3:19–3:24 PM    2.52      3:41–3:46 PM    4.26   +1.733   $+173.27  WIN 
  2025-08-15      520.0 REAL   23      3:19–3:24 PM    0.04      3:41–3:46 PM    0.02   -0.025    $-57.50  LOSS
  2025-08-22      505.0 REAL   18      3:19–3:24 PM    0.06      3:41–3:46 PM    0.11   +0.056   $+100.80  WIN 
  2025-08-29      510.0 REAL    1      3:19–3:24 PM    1.36      3:41–3:46 PM    1.49   +0.122    $+12.25  WIN 
  2025-09-05      510.0 REAL    1      3:19–3:24 PM   15.88      3:41–3:46 PM   16.27   +0.387    $+38.67  WIN 
  2025-09-12      505.0 REAL    —      3:19–3:24 PM       —      3:41–3:46 PM       —        —          —  skip
  2025-09-19      510.0 REAL    3      3:19–3:24 PM    0.34      3:41–3:46 PM    0.54   +0.209    $+62.70  WIN 
  2025-09-26      510.0 REAL    7      3:19–3:24 PM    0.17      3:41–3:46 PM    0.11   -0.057    $-39.90  LOSS
  2025-10-03      515.0 REAL   21      3:19–3:24 PM    0.05      3:41–3:46 PM    0.02   -0.030    $-63.00  LOSS
  2025-10-10      520.0 REAL    1      3:19–3:24 PM    6.11      3:41–3:46 PM    7.37   +1.258   $+125.75  WIN 
  2025-10-17      510.0 REAL   34      3:19–3:24 PM    0.03      3:41–3:46 PM    0.03   +0.003    $+11.33  WIN 
  2025-10-24      520.0 REAL    —      3:19–3:24 PM       —      3:41–3:46 PM       —        —          —  skip
  2025-10-31      530.0 REAL    1      3:19–3:24 PM   11.94      3:41–3:46 PM   11.51   -0.422    $-42.17  LOSS
  2025-11-07      497.5 REAL    1      3:19–3:24 PM    1.26      3:41–3:46 PM    1.33   +0.063     $+6.30  WIN 
  2025-11-14      497.5 REAL    —      3:19–3:24 PM       —      3:41–3:46 PM       —        —          —  skip
  2025-11-21      477.5 REAL    1      3:19–3:24 PM    3.10      3:41–3:46 PM    4.24   +1.137   $+113.67  WIN 
  2025-11-28      487.5 REAL    —      3:19–3:24 PM       —      3:41–3:46 PM       —        —          —  skip
  2025-12-05      482.5 REAL    2      3:19–3:24 PM    0.67      3:41–3:46 PM    0.43   -0.233    $-46.60  LOSS
  2025-12-12      480.0 REAL    1      3:19–3:24 PM    1.71      3:41–3:46 PM    1.88   +0.174    $+17.40  WIN 
  2025-12-19      485.0 REAL    1      3:19–3:24 PM    1.69      3:41–3:46 PM    2.37   +0.676    $+67.60  WIN 
  2025-12-26      487.5 REAL    3      3:19–3:24 PM    0.49      3:41–3:46 PM    0.32   -0.176    $-52.95  LOSS
  2026-01-02      485.0 REAL    1      3:19–3:24 PM   12.45      3:41–3:46 PM   13.13   +0.685    $+68.50  WIN 
  2026-01-09      475.0 REAL  101      3:19–3:24 PM    0.01      3:41–3:46 PM    0.01   +0.000     $+0.00  LOSS
  2026-01-16      457.5 REAL  100      3:19–3:24 PM    0.01      3:41–3:46 PM    0.02   +0.007    $+66.67  WIN 
  2026-01-23      452.5 REAL  100      3:19–3:24 PM    0.01      3:41–3:46 PM    0.01   +0.000     $+0.00  LOSS
  2026-01-30      435.0 REAL    1      3:19–3:24 PM    7.88      3:41–3:46 PM    6.50   -1.381   $-138.13  LOSS
  2026-02-06      395.0 REAL   84      3:19–3:24 PM    0.01      3:41–3:46 PM    0.01   -0.002    $-16.80  LOSS
  2026-02-13      402.5 REAL    2      3:19–3:24 PM    0.92      3:41–3:46 PM    2.15   +1.230   $+246.00  WIN 
  2026-02-20      395.0 REAL   15      3:19–3:24 PM    0.07      3:41–3:46 PM    0.04   -0.029    $-44.25  LOSS
  2026-02-27      390.0 REAL   46      3:19–3:24 PM    0.02      3:41–3:46 PM    0.07   +0.050   $+230.00  WIN 
  2026-03-06      412.5 REAL    1      3:19–3:24 PM    2.19      3:41–3:46 PM    2.91   +0.712    $+71.17  WIN 
  2026-03-13      400.0 REAL    1      3:19–3:24 PM    4.92      3:41–3:46 PM    5.15   +0.233    $+23.30  WIN 
  2026-03-20      385.0 REAL    1      3:19–3:24 PM    3.31      3:41–3:46 PM    4.49   +1.182   $+118.20  WIN 
  2026-03-27      360.0 REAL    1      3:19–3:24 PM    2.41      3:41–3:46 PM    3.02   +0.608    $+60.80  WIN 
  2026-04-03      365.0 REAL  100      3:19–3:24 PM    0.01      3:41–3:46 PM    0.01   +0.000     $+0.00  LOSS
  2026-04-10      372.5 REAL    1      3:19–3:24 PM    1.10      3:41–3:46 PM    1.36   +0.254    $+25.40  WIN 
  2026-04-17      422.5 REAL    2      3:19–3:24 PM    0.78      3:41–3:46 PM    0.22   -0.562   $-112.40  LOSS
  2026-04-24      417.5 REAL  101      3:19–3:24 PM    0.01      3:41–3:46 PM    0.01   +0.000     $+0.00  LOSS
  2026-05-01      412.5 REAL   24      3:19–3:24 PM    0.04      3:41–3:46 PM    0.02   -0.022    $-52.80  LOSS
  2026-05-08      415.0 REAL    2      3:19–3:24 PM    0.92      3:41–3:46 PM    1.10   +0.178    $+35.60  WIN 
  2026-05-15      415.0 REAL   76      3:19–3:24 PM    0.01      3:41–3:46 PM    0.01   -0.003    $-25.33  LOSS
  2026-05-22      420.0 REAL    1      3:19–3:24 PM    1.32      3:41–3:46 PM    1.59   +0.273    $+27.25  WIN 
  2026-05-29      435.0 REAL   27      3:19–3:24 PM    0.04      3:41–3:46 PM    0.02   -0.020    $-54.00  LOSS
  2026-06-05      427.5 REAL    1      3:19–3:24 PM   12.63      3:41–3:46 PM   11.11   -1.523   $-152.33  LOSS
  2026-06-12      387.5 REAL   16      3:19–3:24 PM    0.06      3:41–3:46 PM    0.04   -0.022    $-35.20  LOSS
  2026-06-19      380.0 REAL    1      3:19–3:24 PM    2.59      3:41–3:46 PM    2.46   -0.132    $-13.20  LOSS
  2026-06-26      357.5 REAL    —      3:19–3:24 PM       —      3:41–3:46 PM       —        —          —  skip
  2026-07-03      385.0 REAL   63      3:19–3:24 PM    0.02      3:41–3:46 PM    0.01   -0.003    $-16.80  LOSS

  SUMMARY (optimal frames)  trades: 90   wins: 43/90   win rate: 47.8%   total P&L: $+2,464.60   avg/trade: $+27.38
           best day: $+1853.55   worst day: $-152.33   skipped (no data): 14
           premium spent: $23,740.51   return on spend: +10.4%

  MSFT PUTS — HEATMAPS   (entry-frame start ↓  exit-frame start →   cyan = chosen optimal)

  Each cell = best frame pair starting in that 30-min bucket (best over all durations).

  1) WIN RATE %  (wins ÷ trades)
    Entry |   9:30  10:00  10:30  11:00  11:30  12:00  12:30   1:00   1:30   2:00   2:30   3:00   3:30
  --------+-------------------------------------------------------------------------------------------
     9:30 |    52%    45%    40%    44%    42%    33%    38%    36%    34%    32%    34%    31%    36%
    10:00 |      ·    48%    49%    50%    44%    37%    36%    38%    36%    37%    34%    32%    34%
    10:30 |      ·      ·    46%    44%    36%    35%    34%    40%    35%    35%    33%    33%    31%
    11:00 |      ·      ·      ·    50%    46%    45%    41%    42%    38%    36%    33%    33%    37%
    11:30 |      ·      ·      ·      ·    45%    43%    43%    43%    40%    36%    35%    35%    38%
    12:00 |      ·      ·      ·      ·      ·    44%    42%    42%    40%    37%    38%    37%    39%
    12:30 |      ·      ·      ·      ·      ·      ·    42%    44%    40%    39%    38%    37%    40%
     1:00 |      ·      ·      ·      ·      ·      ·      ·    46%    46%    43%    42%    39%    40%
     1:30 |      ·      ·      ·      ·      ·      ·      ·      ·    47%    48%    38%    38%    34%
     2:00 |      ·      ·      ·      ·      ·      ·      ·      ·      ·    49%    48%    41%    40%
     2:30 |      ·      ·      ·      ·      ·      ·      ·      ·      ·      ·    50%    43%    34%
     3:00 |      ·      ·      ·      ·      ·      ·      ·      ·      ·      ·      ·    45%    48%
     3:30 |      ·      ·      ·      ·      ·      ·      ·      ·      ·      ·      ·      ·    39%

  2) WIN COUNT  (number of winning trades)
    Entry |   9:30  10:00  10:30  11:00  11:30  12:00  12:30   1:00   1:30   2:00   2:30   3:00   3:30
  --------+-------------------------------------------------------------------------------------------
     9:30 |     54     47     42     46     44     34     38     36     33     32     32     31     34
    10:00 |      ·     50     51     51     46     38     36     35     36     37     32     32     32
    10:30 |      ·      ·     48     44     37     36     34     37     33     34     33     33     29
    11:00 |      ·      ·      ·     49     48     47     43     42     37     33     33     31     36
    11:30 |      ·      ·      ·      ·     45     43     44     42     39     36     35     35     37
    12:00 |      ·      ·      ·      ·      ·     41     40     42     40     37     35     36     38
    12:30 |      ·      ·      ·      ·      ·      ·     42     42     36     37     38     35     38
     1:00 |      ·      ·      ·      ·      ·      ·      ·     44     45     41     40     38     37
     1:30 |      ·      ·      ·      ·      ·      ·      ·      ·     43     45     36     35     31
     2:00 |      ·      ·      ·      ·      ·      ·      ·      ·      ·     42     44     38     38
     2:30 |      ·      ·      ·      ·      ·      ·      ·      ·      ·      ·     44     42     33
     3:00 |      ·      ·      ·      ·      ·      ·      ·      ·      ·      ·      ·     42     43
     3:30 |      ·      ·      ·      ·      ·      ·      ·      ·      ·      ·      ·      ·     37

  3a) AVG P&L PER TRADE  ($ per contract)
    Entry |   9:30  10:00  10:30  11:00  11:30  12:00  12:30   1:00   1:30   2:00   2:30   3:00   3:30
  --------+-------------------------------------------------------------------------------------------
     9:30 |     +9    +14    +20    +20    +18    +19    +18    +11     +5     +4    +10     +8    +21
    10:00 |      ·    +10    +12    +13     +9     +7     +5    -18    -20    -14     +3     -9     +7
    10:30 |      ·      ·    +10    +10     +6     +5     +1    -25    -37    -19    -27    -10     +0
    11:00 |      ·      ·      ·     +5     -5     -5    -24    -22    -33    -37    -29    -28    -25
    11:30 |      ·      ·      ·      ·     +3     +5    -17    -17    -31    -26    -22    -25    -22
    12:00 |      ·      ·      ·      ·      ·     +4     -5     -4    -16    -15    -18    -11    -25
    12:30 |      ·      ·      ·      ·      ·      ·     +2     +4    -10    -17     -9     +1    -13
     1:00 |      ·      ·      ·      ·      ·      ·      ·     +1     -6     -9     -9     -7    -13
     1:30 |      ·      ·      ·      ·      ·      ·      ·      ·     +3     -3     +2     +2     +8
     2:00 |      ·      ·      ·      ·      ·      ·      ·      ·      ·     +2     +5     +4     +6
     2:30 |      ·      ·      ·      ·      ·      ·      ·      ·      ·      ·     +7     +3     +7
     3:00 |      ·      ·      ·      ·      ·      ·      ·      ·      ·      ·      ·    +21    +26
     3:30 |      ·      ·      ·      ·      ·      ·      ·      ·      ·      ·      ·      ·    +31

  3b) TOTAL P&L  ($ per contract, summed over all Fridays)
    Entry |    9:30   10:00   10:30   11:00   11:30   12:00   12:30    1:00    1:30    2:00    2:30    3:00    3:30
  --------+--------------------------------------------------------------------------------------------------------
     9:30 |    +886   +1436   +2037   +2088   +1894   +2019   +1773   +1074    +537    +391    +979    +803   +2030
    10:00 |       ·    +993   +1261   +1291    +950    +736    +492   -1696   -1951   -1441    +276    -852    +670
    10:30 |       ·       ·   +1038   +1009    +605    +478     +86   -2345   -3459   -1886   -2685    -960     +47
    11:00 |       ·       ·       ·    +506    -540    -568   -2446   -2252   -3248   -3406   -2907   -2677   -2484
    11:30 |       ·       ·       ·       ·    +291    +453   -1756   -1644   -3040   -2645   -2155   -2495   -2172
    12:00 |       ·       ·       ·       ·       ·    +350    -475    -394   -1553   -1524   -1632   -1115   -2446
    12:30 |       ·       ·       ·       ·       ·       ·    +238    +399    -916   -1671    -875    +103   -1224
     1:00 |       ·       ·       ·       ·       ·       ·       ·    +126    -612    -838    -873    -669   -1205
     1:30 |       ·       ·       ·       ·       ·       ·       ·       ·    +239    -293    +147    +152    +725
     2:00 |       ·       ·       ·       ·       ·       ·       ·       ·       ·    +206    +426    +402    +557
     2:30 |       ·       ·       ·       ·       ·       ·       ·       ·       ·       ·    +620    +254    +734
     3:00 |       ·       ·       ·       ·       ·       ·       ·       ·       ·       ·       ·   +1979   +2342
     3:30 |       ·       ·       ·       ·       ·       ·       ·       ·       ·       ·       ·       ·   +2957

──────────────────────────────────────────────────────────────────────────────────────
  MSFT PUTS — TOP 15 FRAME PAIRS (by win_rate × avg payoff)
──────────────────────────────────────────────────────────────────────────────────────
   #        Entry frame         Exit frame  Trades   Wins    Win%    Avg P&L     Total P&L
  --  -----------------  -----------------  ------  -----  ------  ---------  ------------
   1       3:20–3:25 PM       3:40–3:45 PM      90     43  47.8%    $+26.02    $+2,341.80
   2       3:30–3:35 PM       3:50–3:55 PM      95     37  38.9%    $+31.12    $+2,956.50
   3       3:20–3:25 PM       3:40–3:55 PM      93     40  43.0%    $+26.93    $+2,504.65
   4       3:20–3:25 PM       3:35–3:55 PM      94     41  43.6%    $+25.53    $+2,400.15
   5       3:20–3:25 PM       3:45–3:55 PM      93     36  38.7%    $+28.07    $+2,610.92
   6       3:30–3:40 PM       3:50–3:55 PM      97     35  36.1%    $+29.80    $+2,890.71
   7       3:20–3:25 PM       3:35–3:45 PM      93     40  43.0%    $+22.22    $+2,066.13
   8       3:10–3:25 PM       3:50–3:55 PM      98     42  42.9%    $+22.12    $+2,167.73
   9       3:20–3:25 PM       3:25–3:55 PM      94     42  44.7%    $+21.05    $+1,979.13
  10       3:20–3:25 PM       3:35–3:50 PM      94     42  44.7%    $+20.20    $+1,899.04
  11       9:50–9:55 AM     11:05–11:25 AM     104     46  44.2%    $+20.08    $+2,088.43
  12       9:40–9:50 AM     11:15–11:30 AM     104     43  41.3%    $+21.33    $+2,218.34
  13       3:10–3:30 PM       3:50–3:55 PM      98     38  38.8%    $+22.58    $+2,213.19
  14       3:20–3:25 PM       3:40–3:50 PM      93     40  43.0%    $+20.13    $+1,872.07
  15       3:45–3:50 PM       3:50–3:55 PM      93     37  39.8%    $+21.52    $+2,001.17

──────────────────────────────────────────────────────────────────────────────────────
  Saved CSV: C:\actions-runner\_work\EoD_OptionTrading\EoD_OptionTrading\results\friday_intraday\backtest_friday_intraday_timeframe_puts_730days_2026-07-09_1615.csv
  Saved TXT: C:\actions-runner\_work\EoD_OptionTrading\EoD_OptionTrading\results\friday_intraday\backtest_friday_intraday_timeframe_puts_730days_2026-07-09_1615.txt
  Saved TXT (outliers removed): C:\actions-runner\_work\EoD_OptionTrading\EoD_OptionTrading\results\friday_intraday\backtest_friday_intraday_timeframe_puts_730days_2026-07-09_1615_outliers_removed.txt
──────────────────────────────────────────────────────────────────────────────────────


██████████████████████████████████████████████████████████████████████████████████████
  ORCL CALLS
██████████████████████████████████████████████████████████████████████████████████████
======================================================================================
  ORCL CALLS
======================================================================================
  Optimal entry frame : 11:52–11:57 AM   (5 min)
  Optimal exit frame  : 3:10–3:15 PM   (5 min)
  Data source         : REAL prices

  Date           Strike  Src  Qty       Entry frame    Buy$        Exit frame   Sell$   P&L/sh      P&L $  Result
  ------------ -------- ---- ---- ----------------- ------- ----------------- ------- -------- ----------  ------
  2024-07-12      145.0 REAL  100    11:52–11:57 AM    0.01      3:10–3:15 PM    0.22   +0.213  $+2133.33  WIN 
  2024-07-19      140.0 REAL    —    11:52–11:57 AM       —      3:10–3:15 PM       —        —          —  skip
  2024-07-26      140.0 REAL    8    11:52–11:57 AM    0.14      3:10–3:15 PM    0.02   -0.120    $-96.00  LOSS
  2024-08-02      135.0 REAL    —    11:52–11:57 AM       —      3:10–3:15 PM       —        —          —  skip
  2024-08-09      130.0 REAL    —    11:52–11:57 AM       —      3:10–3:15 PM       —        —          —  skip
  2024-08-16      135.0 REAL    —    11:52–11:57 AM       —      3:10–3:15 PM       —        —          —  skip
  2024-08-23      140.0 REAL    —    11:52–11:57 AM       —      3:10–3:15 PM       —        —          —  skip
  2024-08-30      140.0 REAL    2    11:52–11:57 AM    0.60      3:10–3:15 PM    0.49   -0.110    $-22.00  LOSS
  2024-09-06      145.0 REAL    —    11:52–11:57 AM       —      3:10–3:15 PM       —        —          —  skip
  2024-09-13      175.0 REAL    —    11:52–11:57 AM       —      3:10–3:15 PM       —        —          —  skip
  2024-09-20      170.0 REAL    —    11:52–11:57 AM       —      3:10–3:15 PM       —        —          —  skip
  2024-09-27      170.0 REAL   67    11:52–11:57 AM    0.01      3:10–3:15 PM    0.01   -0.005    $-33.50  LOSS
  2024-10-04      170.0 REAL    5    11:52–11:57 AM    0.24      3:10–3:15 PM    0.39   +0.140    $+70.00  WIN 
  2024-10-11      175.0 REAL    2    11:52–11:57 AM    0.69      3:10–3:15 PM    0.86   +0.170    $+34.00  WIN 
  2024-10-18      175.0 REAL    1    11:52–11:57 AM    1.54      3:10–3:15 PM    0.24   -1.303   $-130.33  LOSS
  2024-10-25      175.0 REAL    —    11:52–11:57 AM       —      3:10–3:15 PM       —        —          —  skip
  2024-11-01      170.0 REAL    1    11:52–11:57 AM    1.67      3:10–3:15 PM    0.93   -0.740    $-74.00  LOSS
  2024-11-08      185.0 REAL    —    11:52–11:57 AM       —      3:10–3:15 PM       —        —          —  skip
  2024-11-15      185.0 REAL    —    11:52–11:57 AM       —      3:10–3:15 PM       —        —          —  skip
  2024-11-22      195.0 REAL    —    11:52–11:57 AM       —      3:10–3:15 PM       —        —          —  skip
  2024-11-29      185.0 REAL    —    11:52–11:57 AM       —      3:10–3:15 PM       —        —          —  skip
  2024-12-06      185.0 REAL    1    11:52–11:57 AM    5.99      3:10–3:15 PM    6.90   +0.910    $+91.00  WIN 
  2024-12-13      175.0 REAL    —    11:52–11:57 AM       —      3:10–3:15 PM       —        —          —  skip
  2024-12-20      170.0 REAL    2    11:52–11:57 AM    0.58      3:10–3:15 PM    0.28   -0.300    $-60.00  LOSS
  2024-12-27      170.0 REAL    —    11:52–11:57 AM       —      3:10–3:15 PM       —        —          —  skip
  2025-01-03      165.0 REAL    —    11:52–11:57 AM       —      3:10–3:15 PM       —        —          —  skip
  2025-01-10      160.0 REAL    —    11:52–11:57 AM       —      3:10–3:15 PM       —        —          —  skip
  2025-01-17      160.0 REAL    1    11:52–11:57 AM    2.10      3:10–3:15 PM    1.18   -0.920    $-92.00  LOSS
  2025-01-24      190.0 REAL   38    11:52–11:57 AM    0.03      3:10–3:15 PM    0.01   -0.017    $-63.33  LOSS
  2025-01-31      170.0 REAL    1    11:52–11:57 AM    2.47      3:10–3:15 PM    0.16   -2.310   $-231.00  LOSS
  2025-02-07      175.0 REAL    4    11:52–11:57 AM    0.31      3:10–3:15 PM    0.04   -0.268   $-107.00  LOSS
  2025-02-14      175.0 REAL   10    11:52–11:57 AM    0.11      3:10–3:15 PM    0.01   -0.100   $-100.00  LOSS
  2025-02-21      175.0 REAL    —    11:52–11:57 AM       —      3:10–3:15 PM       —        —          —  skip
  2025-02-28      160.0 REAL    —    11:52–11:57 AM       —      3:10–3:15 PM       —        —          —  skip
  2025-03-07      155.0 REAL   51    11:52–11:57 AM    0.02      3:10–3:15 PM    1.46   +1.436  $+7323.60  WIN 
  2025-03-14      150.0 REAL    2    11:52–11:57 AM    0.69      3:10–3:15 PM    0.15   -0.545   $-109.00  LOSS
  2025-03-21      150.0 REAL    1    11:52–11:57 AM    2.04      3:10–3:15 PM    3.25   +1.205   $+120.50  WIN 
  2025-03-28      145.0 REAL    —    11:52–11:57 AM       —      3:10–3:15 PM       —        —          —  skip
  2025-04-04      130.0 REAL    —    11:52–11:57 AM       —      3:10–3:15 PM       —        —          —  skip
  2025-04-11      135.0 REAL    —    11:52–11:57 AM       —      3:10–3:15 PM       —        —          —  skip
  2025-04-18      130.0 REAL    —    11:52–11:57 AM       —      3:10–3:15 PM       —        —          —  skip
  2025-04-25      135.0 REAL    —    11:52–11:57 AM       —      3:10–3:15 PM       —        —          —  skip
  2025-05-02      150.0 REAL    —    11:52–11:57 AM       —      3:10–3:15 PM       —        —          —  skip
  2025-05-09      150.0 REAL    2    11:52–11:57 AM    0.95      3:10–3:15 PM    0.70   -0.250    $-50.00  LOSS
  2025-05-16      160.0 REAL    5    11:52–11:57 AM    0.24      3:10–3:15 PM    0.78   +0.540   $+270.00  WIN 
  2025-05-23      155.0 REAL    —    11:52–11:57 AM       —      3:10–3:15 PM       —        —          —  skip
  2025-05-30      165.0 REAL    9    11:52–11:57 AM    0.11      3:10–3:15 PM    0.39   +0.272   $+244.50  WIN 
  2025-06-06      175.0 REAL    7    11:52–11:57 AM    0.16      3:10–3:15 PM    0.51   +0.352   $+246.75  WIN 
  2025-06-13      202.5 REAL    1    11:52–11:57 AM   10.22      3:10–3:15 PM   12.73   +2.510   $+251.00  WIN 
  2025-06-20      212.5 REAL   26    11:52–11:57 AM    0.04      3:10–3:15 PM    0.02   -0.020    $-52.00  LOSS
  2025-06-27      215.0 REAL    3    11:52–11:57 AM    0.39      3:10–3:15 PM    0.01   -0.380   $-114.00  LOSS
  2025-07-04      232.5 REAL    —    11:52–11:57 AM       —      3:10–3:15 PM       —        —          —  skip
  2025-07-11      230.0 REAL    1    11:52–11:57 AM    2.25      3:10–3:15 PM    0.94   -1.317   $-131.75  LOSS
  2025-07-18      247.5 REAL    3    11:52–11:57 AM    0.48      3:10–3:15 PM    0.10   -0.378   $-113.40  LOSS
  2025-07-25      242.5 REAL    1    11:52–11:57 AM    2.06      3:10–3:15 PM    2.38   +0.320    $+32.00  WIN 
  2025-08-01      245.0 REAL    —    11:52–11:57 AM       —      3:10–3:15 PM       —        —          —  skip
  2025-08-08      250.0 REAL    3    11:52–11:57 AM    0.50      3:10–3:15 PM    0.37   -0.123    $-36.80  LOSS
  2025-08-15      247.5 REAL    —    11:52–11:57 AM       —      3:10–3:15 PM       —        —          —  skip
  2025-08-22      232.5 REAL    —    11:52–11:57 AM       —      3:10–3:15 PM       —        —          —  skip
  2025-08-29      237.5 REAL    —    11:52–11:57 AM       —      3:10–3:15 PM       —        —          —  skip
  2025-09-05      230.0 REAL    3    11:52–11:57 AM    0.42      3:10–3:15 PM    3.50   +3.075   $+922.50  WIN 
  2025-09-12      305.0 REAL    8    11:52–11:57 AM    0.14      3:10–3:15 PM    0.01   -0.123    $-98.80  LOSS
  2025-09-19      297.5 REAL    —    11:52–11:57 AM       —      3:10–3:15 PM       —        —          —  skip
  2025-09-26      292.5 REAL    7    11:52–11:57 AM    0.16      3:10–3:15 PM    0.01   -0.147   $-102.90  LOSS
  2025-10-03      290.0 REAL    1    11:52–11:57 AM    1.64      3:10–3:15 PM    0.05   -1.590   $-159.00  LOSS
  2025-10-10      300.0 REAL    1    11:52–11:57 AM    1.47      3:10–3:15 PM    0.10   -1.363   $-136.30  LOSS
  2025-10-17      300.0 REAL    5    11:52–11:57 AM    0.21      3:10–3:15 PM    0.04   -0.173    $-86.50  LOSS
  2025-10-24      285.0 REAL    1    11:52–11:57 AM    1.45      3:10–3:15 PM    0.48   -0.970    $-97.00  LOSS
  2025-10-31      260.0 REAL    1    11:52–11:57 AM    1.62      3:10–3:15 PM    1.45   -0.172    $-17.25  LOSS
  2025-11-07      240.0 REAL    6    11:52–11:57 AM    0.19      3:10–3:15 PM    0.14   -0.052    $-31.20  LOSS
  2025-11-14      212.5 REAL    —    11:52–11:57 AM       —      3:10–3:15 PM       —        —          —  skip
  2025-11-21      205.0 REAL    2    11:52–11:57 AM    0.71      3:10–3:15 PM    0.07   -0.635   $-126.93  LOSS
  2025-11-28      200.0 REAL    —    11:52–11:57 AM       —      3:10–3:15 PM       —        —          —  skip
  2025-12-05      220.0 REAL   13    11:52–11:57 AM    0.08      3:10–3:15 PM    0.03   -0.050    $-65.00  LOSS
  2025-12-12      195.0 REAL    5    11:52–11:57 AM    0.20      3:10–3:15 PM    0.03   -0.179    $-89.50  LOSS
  2025-12-19      190.0 REAL    1    11:52–11:57 AM    3.93      3:10–3:15 PM    3.60   -0.326    $-32.60  LOSS
  2025-12-26      200.0 REAL    5    11:52–11:57 AM    0.23      3:10–3:15 PM    0.03   -0.203   $-101.50  LOSS
  2026-01-02      200.0 REAL   16    11:52–11:57 AM    0.07      3:10–3:15 PM    0.01   -0.056    $-89.60  LOSS
  2026-01-09      190.0 REAL    1    11:52–11:57 AM    6.04      3:10–3:15 PM    9.60   +3.560   $+356.00  WIN 
  2026-01-16      190.0 REAL    3    11:52–11:57 AM    0.46      3:10–3:15 PM    1.59   +1.130   $+339.00  WIN 
  2026-01-23      175.0 REAL    1    11:52–11:57 AM    4.03      3:10–3:15 PM    1.22   -2.808   $-280.75  LOSS
  2026-01-30      170.0 REAL   14    11:52–11:57 AM    0.08      3:10–3:15 PM    0.01   -0.066    $-92.40  LOSS
  2026-02-06      140.0 REAL    1    11:52–11:57 AM    1.84      3:10–3:15 PM    1.03   -0.814    $-81.40  LOSS
  2026-02-13      160.0 REAL    2    11:52–11:57 AM    0.94      3:10–3:15 PM    0.68   -0.264    $-52.80  LOSS
  2026-02-20      150.0 REAL    1    11:52–11:57 AM    1.35      3:10–3:15 PM    0.02   -1.327   $-132.75  LOSS
  2026-02-27      145.0 REAL    2    11:52–11:57 AM    0.54      3:10–3:15 PM    0.03   -0.517   $-103.40  LOSS
  2026-03-06      155.0 REAL    1    11:52–11:57 AM    3.60      3:10–3:15 PM    0.85   -2.752   $-275.20  LOSS
  2026-03-13      160.0 REAL   16    11:52–11:57 AM    0.06      3:10–3:15 PM    0.01   -0.053    $-85.33  LOSS
  2026-03-20      150.0 REAL    1    11:52–11:57 AM    1.25      3:10–3:15 PM    0.17   -1.086   $-108.60  LOSS
  2026-03-27      140.0 REAL    1    11:52–11:57 AM    1.39      3:10–3:15 PM    0.16   -1.230   $-123.00  LOSS
  2026-04-03      145.0 REAL    2    11:52–11:57 AM    0.86      3:10–3:15 PM    1.05   +0.190    $+38.00  WIN 
  2026-04-10      135.0 REAL    1    11:52–11:57 AM    4.50      3:10–3:15 PM    2.89   -1.610   $-161.00  LOSS
  2026-04-17      185.0 REAL    —    11:52–11:57 AM       —      3:10–3:15 PM       —        —          —  skip
  2026-04-24      180.0 REAL   27    11:52–11:57 AM    0.04      3:10–3:15 PM    0.03   -0.008    $-21.60  LOSS
  2026-05-01      165.0 REAL    1    11:52–11:57 AM    8.29      3:10–3:15 PM    6.58   -1.705   $-170.50  LOSS
  2026-05-08      195.0 REAL    1    11:52–11:57 AM    2.04      3:10–3:15 PM    1.21   -0.833    $-83.25  LOSS
  2026-05-15      190.0 REAL    1    11:52–11:57 AM    2.77      3:10–3:15 PM    4.83   +2.057   $+205.67  WIN 
  2026-05-22      190.0 REAL    1    11:52–11:57 AM    3.09      3:10–3:15 PM    2.56   -0.527    $-52.75  LOSS
  2026-05-29      207.5 REAL    —    11:52–11:57 AM       —      3:10–3:15 PM       —        —          —  skip
  2026-06-05      230.0 REAL    —    11:52–11:57 AM       —      3:10–3:15 PM       —        —          —  skip
  2026-06-12      185.0 REAL    3    11:52–11:57 AM    0.47      3:10–3:15 PM    0.06   -0.415   $-124.50  LOSS
  2026-06-19      185.0 REAL    1    11:52–11:57 AM    1.02      3:10–3:15 PM    0.26   -0.757    $-75.75  LOSS
  2026-06-26      150.0 REAL    1    11:52–11:57 AM    1.71      3:10–3:15 PM    0.20   -1.510   $-151.00  LOSS
  2026-07-03      145.0 REAL   11    11:52–11:57 AM    0.10      3:10–3:15 PM    0.02   -0.076    $-83.60  LOSS

  SUMMARY (optimal frames)  trades: 67   wins: 16/67   win rate: 23.9%   total P&L: $+7,568.08   avg/trade: $+112.96
           best day: $+7323.60   worst day: $-280.75   skipped (no data): 37
           premium spent: $13,056.30   return on spend: +58.0%

  ORCL CALLS — HEATMAPS   (entry-frame start ↓  exit-frame start →   cyan = chosen optimal)

  Each cell = best frame pair starting in that 30-min bucket (best over all durations).

  1) WIN RATE %  (wins ÷ trades)
    Entry |   9:30  10:00  10:30  11:00  11:30  12:00  12:30   1:00   1:30   2:00   2:30   3:00   3:30
  --------+-------------------------------------------------------------------------------------------
     9:30 |    34%    43%    46%    46%    43%    36%    36%    34%    32%    32%    30%    34%    33%
    10:00 |      ·    49%    48%    44%    45%    38%    37%    34%    34%    35%    31%    29%    34%
    10:30 |      ·      ·    60%    52%    48%    43%    37%    34%    36%    38%    34%    32%    29%
    11:00 |      ·      ·      ·    47%    50%    39%    37%    36%    34%    33%    23%    23%    26%
    11:30 |      ·      ·      ·      ·    30%    30%    27%    28%    28%    31%    24%    24%    29%
    12:00 |      ·      ·      ·      ·      ·    53%    30%    39%    30%    31%    22%    25%    31%
    12:30 |      ·      ·      ·      ·      ·      ·    41%    46%    35%    34%    30%    32%    38%
     1:00 |      ·      ·      ·      ·      ·      ·      ·    55%    48%    34%    28%    33%    31%
     1:30 |      ·      ·      ·      ·      ·      ·      ·      ·    44%    52%    42%    34%    32%
     2:00 |      ·      ·      ·      ·      ·      ·      ·      ·      ·    45%    48%    43%    36%
     2:30 |      ·      ·      ·      ·      ·      ·      ·      ·      ·      ·    41%    50%    25%
     3:00 |      ·      ·      ·      ·      ·      ·      ·      ·      ·      ·      ·    56%    38%
     3:30 |      ·      ·      ·      ·      ·      ·      ·      ·      ·      ·      ·      ·    43%

  2) WIN COUNT  (number of winning trades)
    Entry |   9:30  10:00  10:30  11:00  11:30  12:00  12:30   1:00   1:30   2:00   2:30   3:00   3:30
  --------+-------------------------------------------------------------------------------------------
     9:30 |     33     44     46     38     37     32     36     34     31     28     23     27     29
    10:00 |      ·     48     46     35     38     32     36     32     30     29     30     23     28
    10:30 |      ·      ·     57     43     41     39     32     30     35     25     24     23     20
    11:00 |      ·      ·      ·     41     38     31     34     33     31     20     19     17     17
    11:30 |      ·      ·      ·      ·     27     27     24     24     24     19     20     16     19
    12:00 |      ·      ·      ·      ·      ·     39     26     28     25     19     18     17     20
    12:30 |      ·      ·      ·      ·      ·      ·     32     33     22     21     24     21     26
     1:00 |      ·      ·      ·      ·      ·      ·      ·     36     33     21     22     22     22
     1:30 |      ·      ·      ·      ·      ·      ·      ·      ·     27     31     27     25     29
     2:00 |      ·      ·      ·      ·      ·      ·      ·      ·      ·     27     29     36     30
     2:30 |      ·      ·      ·      ·      ·      ·      ·      ·      ·      ·     31     31     16
     3:00 |      ·      ·      ·      ·      ·      ·      ·      ·      ·      ·      ·     36     32
     3:30 |      ·      ·      ·      ·      ·      ·      ·      ·      ·      ·      ·      ·     35

  3a) AVG P&L PER TRADE  ($ per contract)
    Entry |   9:30  10:00  10:30  11:00  11:30  12:00  12:30   1:00   1:30   2:00   2:30   3:00   3:30
  --------+-------------------------------------------------------------------------------------------
     9:30 |     +8    +21    +31    +38    +35    +26    +18    +15    +13    +11     +5    +11     +5
    10:00 |      ·    +25    +35    +40    +36    +31    +22    +18    +16    +17    +10    +22    +12
    10:30 |      ·      ·    +19    +23    +14    +10     -2    -27    -22     -6    -10    +11     +2
    11:00 |      ·      ·      ·     +9    +12     +1    -18     -8    -17     +2     +6    +44     +7
    11:30 |      ·      ·      ·      ·    +16    +16    +14    +16    +17    +20    +42   +111    +34
    12:00 |      ·      ·      ·      ·      ·     +5     +3     +3     +3     +7    +24    +73    +13
    12:30 |      ·      ·      ·      ·      ·      ·     +8    +12    +13    +10    +10    +44     +8
     1:00 |      ·      ·      ·      ·      ·      ·      ·     +7    +11    +10     +8    +37    +11
     1:30 |      ·      ·      ·      ·      ·      ·      ·      ·     +5     +4     -3    -12    -19
     2:00 |      ·      ·      ·      ·      ·      ·      ·      ·      ·     +3     +5    -10    -19
     2:30 |      ·      ·      ·      ·      ·      ·      ·      ·      ·      ·     +5    +18     +3
     3:00 |      ·      ·      ·      ·      ·      ·      ·      ·      ·      ·      ·    +15     +4
     3:30 |      ·      ·      ·      ·      ·      ·      ·      ·      ·      ·      ·      ·     +8

  3b) TOTAL P&L  ($ per contract, summed over all Fridays)
    Entry |    9:30   10:00   10:30   11:00   11:30   12:00   12:30    1:00    1:30    2:00    2:30    3:00    3:30
  --------+--------------------------------------------------------------------------------------------------------
     9:30 |    +767   +2187   +3168   +3113   +3039   +2351   +1794   +1461   +1272    +977    +403    +902    +448
    10:00 |       ·   +2441   +3377   +3174   +3088   +2637   +2088   +1675   +1369   +1405    +974   +1718   +1023
    10:30 |       ·       ·   +1791   +1900   +1213    +887    -197   -2329   -2160    -397    -731    +793    +130
    11:00 |       ·       ·       ·    +744    +894     +56   -1670    -712   -1534    +147    +465   +3245    +464
    11:30 |       ·       ·       ·       ·   +1438   +1402   +1275   +1425   +1439   +1241   +3584   +7442   +2225
    12:00 |       ·       ·       ·       ·       ·    +346    +277    +211    +268    +403   +1933   +4982    +852
    12:30 |       ·       ·       ·       ·       ·       ·    +637    +879    +790    +610    +798   +2909    +521
     1:00 |       ·       ·       ·       ·       ·       ·       ·    +487    +742    +610    +590   +2432    +769
     1:30 |       ·       ·       ·       ·       ·       ·       ·       ·    +324    +228    -182    -879   -1757
     2:00 |       ·       ·       ·       ·       ·       ·       ·       ·       ·    +169    +321    -827   -1555
     2:30 |       ·       ·       ·       ·       ·       ·       ·       ·       ·       ·    +348   +1096    +216
     3:00 |       ·       ·       ·       ·       ·       ·       ·       ·       ·       ·       ·    +962    +322
     3:30 |       ·       ·       ·       ·       ·       ·       ·       ·       ·       ·       ·       ·    +684

──────────────────────────────────────────────────────────────────────────────────────
  ORCL CALLS — TOP 15 FRAME PAIRS (by win_rate × avg payoff)
──────────────────────────────────────────────────────────────────────────────────────
   #        Entry frame         Exit frame  Trades   Wins    Win%    Avg P&L     Total P&L
  --  -----------------  -----------------  ------  -----  ------  ---------  ------------
   1     11:50–11:55 AM       3:10–3:15 PM      67     16  23.9%   $+111.08    $+7,442.03
   2  11:50 AM–12:00 PM       3:10–3:15 PM      71     17  23.9%   $+103.14    $+7,323.05
   3  11:50 AM–12:05 PM       3:10–3:15 PM      73     19  26.0%    $+77.61    $+5,665.50
   4     11:50–11:55 AM       3:10–3:20 PM      77     19  24.7%    $+81.10    $+6,244.81
   5  11:50 AM–12:10 PM       3:10–3:15 PM      74     19  25.7%    $+73.70    $+5,454.04
   6     11:50–11:55 AM       3:15–3:20 PM      73     19  26.0%    $+71.91    $+5,249.32
   7     11:50–11:55 AM       3:20–3:25 PM      72     21  29.2%    $+63.83    $+4,595.68
   8     12:00–12:05 PM       3:10–3:15 PM      68     17  25.0%    $+73.26    $+4,981.67
   9  11:50 AM–12:00 PM       3:10–3:20 PM      82     20  24.4%    $+74.01    $+6,068.81
  10     10:00–10:05 AM     11:10–11:15 AM      79     35  44.3%    $+40.18    $+3,173.93
  11     10:25–10:30 AM     11:15–11:20 AM      78     42  53.8%    $+32.94    $+2,569.57
  12     11:50–11:55 AM       3:10–3:25 PM      82     21  25.6%    $+68.99    $+5,657.53
  13      9:55–10:05 AM     11:15–11:20 AM      82     38  46.3%    $+37.97    $+3,113.21
  14     10:00–10:05 AM     11:05–11:15 AM      92     42  45.7%    $+38.31    $+3,524.88
  15     10:00–10:05 AM     11:05–11:10 AM      86     42  48.8%    $+35.63    $+3,064.35


██████████████████████████████████████████████████████████████████████████████████████
  OUTLIERS REMOVED (winning trades > $2,000)  —  ORCL CALLS re-optimized
██████████████████████████████████████████████████████████████████████████████████████
  (chosen frames had no winning outliers)
======================================================================================
  ORCL CALLS
======================================================================================
  Optimal entry frame : 9:58–10:03 AM   (5 min)
  Optimal exit frame  : 11:08–11:13 AM   (5 min)
  Data source         : REAL prices

  Date           Strike  Src  Qty       Entry frame    Buy$        Exit frame   Sell$   P&L/sh      P&L $  Result
  ------------ -------- ---- ---- ----------------- ------- ----------------- ------- -------- ----------  ------
  2024-07-12      145.0 REAL    —     9:58–10:03 AM       —    11:08–11:13 AM       —        —          —  skip
  2024-07-19      140.0 REAL    4     9:58–10:03 AM    0.32    11:08–11:13 AM    0.53   +0.213    $+85.33  WIN 
  2024-07-26      140.0 REAL    —     9:58–10:03 AM       —    11:08–11:13 AM       —        —          —  skip
  2024-08-02      135.0 REAL    —     9:58–10:03 AM       —    11:08–11:13 AM       —        —          —  skip
  2024-08-09      130.0 REAL    4     9:58–10:03 AM    0.28    11:08–11:13 AM    1.30   +1.020   $+408.00  WIN 
  2024-08-16      135.0 REAL    —     9:58–10:03 AM       —    11:08–11:13 AM       —        —          —  skip
  2024-08-23      140.0 REAL    —     9:58–10:03 AM       —    11:08–11:13 AM       —        —          —  skip
  2024-08-30      140.0 REAL    2     9:58–10:03 AM    0.95    11:08–11:13 AM    0.75   -0.200    $-40.00  LOSS
  2024-09-06      145.0 REAL    —     9:58–10:03 AM       —    11:08–11:13 AM       —        —          —  skip
  2024-09-13      175.0 REAL    —     9:58–10:03 AM       —    11:08–11:13 AM       —        —          —  skip
  2024-09-20      170.0 REAL   16     9:58–10:03 AM    0.07    11:08–11:13 AM    0.09   +0.021    $+34.40  WIN 
  2024-09-27      170.0 REAL   31     9:58–10:03 AM    0.03    11:08–11:13 AM    0.01   -0.022    $-69.75  LOSS
  2024-10-04      170.0 REAL    2     9:58–10:03 AM    0.51    11:08–11:13 AM    0.15   -0.357    $-71.50  LOSS
  2024-10-11      175.0 REAL    1     9:58–10:03 AM    1.60    11:08–11:13 AM    1.12   -0.478    $-47.83  LOSS
  2024-10-18      175.0 REAL    2     9:58–10:03 AM    0.92    11:08–11:13 AM    1.35   +0.430    $+86.00  WIN 
  2024-10-25      175.0 REAL    —     9:58–10:03 AM       —    11:08–11:13 AM       —        —          —  skip
  2024-11-01      170.0 REAL    2     9:58–10:03 AM    0.97    11:08–11:13 AM    1.88   +0.916   $+183.17  WIN 
  2024-11-08      185.0 REAL    1     9:58–10:03 AM    3.00    11:08–11:13 AM    4.65   +1.650   $+165.00  WIN 
  2024-11-15      185.0 REAL    3     9:58–10:03 AM    0.47    11:08–11:13 AM    0.82   +0.352   $+105.75  WIN 
  2024-11-22      195.0 REAL    4     9:58–10:03 AM    0.30    11:08–11:13 AM    0.10   -0.205    $-82.00  LOSS
  2024-11-29      185.0 REAL    3     9:58–10:03 AM    0.39    11:08–11:13 AM    0.70   +0.309    $+92.80  WIN 
  2024-12-06      185.0 REAL    —     9:58–10:03 AM       —    11:08–11:13 AM       —        —          —  skip
  2024-12-13      175.0 REAL    4     9:58–10:03 AM    0.33    11:08–11:13 AM    0.06   -0.264   $-105.67  LOSS
  2024-12-20      170.0 REAL   10     9:58–10:03 AM    0.11    11:08–11:13 AM    0.36   +0.250   $+250.00  WIN 
  2024-12-27      170.0 REAL    4     9:58–10:03 AM    0.25    11:08–11:13 AM    0.05   -0.206    $-82.33  LOSS
  2025-01-03      165.0 REAL    2     9:58–10:03 AM    0.96    11:08–11:13 AM    1.25   +0.290    $+58.00  WIN 
  2025-01-10      160.0 REAL    —     9:58–10:03 AM       —    11:08–11:13 AM       —        —          —  skip
  2025-01-17      160.0 REAL    —     9:58–10:03 AM       —    11:08–11:13 AM       —        —          —  skip
  2025-01-24      190.0 REAL   16     9:58–10:03 AM    0.06    11:08–11:13 AM    0.02   -0.046    $-74.40  LOSS
  2025-01-31      170.0 REAL    1     9:58–10:03 AM    1.35    11:08–11:13 AM    2.44   +1.087   $+108.70  WIN 
  2025-02-07      175.0 REAL    1     9:58–10:03 AM    1.56    11:08–11:13 AM    0.73   -0.837    $-83.73  LOSS
  2025-02-14      175.0 REAL    3     9:58–10:03 AM    0.34    11:08–11:13 AM    0.32   -0.018     $-5.50  LOSS
  2025-02-21      175.0 REAL    2     9:58–10:03 AM    0.61    11:08–11:13 AM    0.12   -0.482    $-96.50  LOSS
  2025-02-28      160.0 REAL    —     9:58–10:03 AM       —    11:08–11:13 AM       —        —          —  skip
  2025-03-07      155.0 REAL    3     9:58–10:03 AM    0.35    11:08–11:13 AM    0.08   -0.268    $-80.40  LOSS
  2025-03-14      150.0 REAL    2     9:58–10:03 AM    0.63    11:08–11:13 AM    0.90   +0.264    $+52.80  WIN 
  2025-03-21      150.0 REAL    —     9:58–10:03 AM       —    11:08–11:13 AM       —        —          —  skip
  2025-03-28      145.0 REAL    —     9:58–10:03 AM       —    11:08–11:13 AM       —        —          —  skip
  2025-04-04      130.0 REAL    —     9:58–10:03 AM       —    11:08–11:13 AM       —        —          —  skip
  2025-04-11      135.0 REAL    —     9:58–10:03 AM       —    11:08–11:13 AM       —        —          —  skip
  2025-04-18      130.0 REAL    —     9:58–10:03 AM       —    11:08–11:13 AM       —        —          —  skip
  2025-04-25      135.0 REAL    —     9:58–10:03 AM       —    11:08–11:13 AM       —        —          —  skip
  2025-05-02      150.0 REAL    1     9:58–10:03 AM    2.61    11:08–11:13 AM    1.64   -0.966    $-96.60  LOSS
  2025-05-09      150.0 REAL    —     9:58–10:03 AM       —    11:08–11:13 AM       —        —          —  skip
  2025-05-16      160.0 REAL    2     9:58–10:03 AM    0.78    11:08–11:13 AM    0.21   -0.573   $-114.50  LOSS
  2025-05-23      155.0 REAL    —     9:58–10:03 AM       —    11:08–11:13 AM       —        —          —  skip
  2025-05-30      165.0 REAL   13     9:58–10:03 AM    0.08    11:08–11:13 AM    0.13   +0.050    $+65.00  WIN 
  2025-06-06      175.0 REAL    —     9:58–10:03 AM       —    11:08–11:13 AM       —        —          —  skip
  2025-06-13      202.5 REAL    1     9:58–10:03 AM    3.49    11:08–11:13 AM    7.54   +4.056   $+405.65  WIN 
  2025-06-20      212.5 REAL    7     9:58–10:03 AM    0.15    11:08–11:13 AM    0.08   -0.068    $-47.60  LOSS
  2025-06-27      215.0 REAL    4     9:58–10:03 AM    0.33    11:08–11:13 AM    0.17   -0.156    $-62.40  LOSS
  2025-07-04      232.5 REAL    1     9:58–10:03 AM    1.51    11:08–11:13 AM    2.20   +0.694    $+69.40  WIN 
  2025-07-11      230.0 REAL    1     9:58–10:03 AM    2.75    11:08–11:13 AM    3.40   +0.652    $+65.25  WIN 
  2025-07-18      247.5 REAL    1     9:58–10:03 AM    1.71    11:08–11:13 AM    0.29   -1.422   $-142.20  LOSS
  2025-07-25      242.5 REAL    1     9:58–10:03 AM    1.39    11:08–11:13 AM    2.21   +0.825    $+82.50  WIN 
  2025-08-01      245.0 REAL    —     9:58–10:03 AM       —    11:08–11:13 AM       —        —          —  skip
  2025-08-08      250.0 REAL    2     9:58–10:03 AM    0.84    11:08–11:13 AM    0.79   -0.051    $-10.27  LOSS
  2025-08-15      247.5 REAL    3     9:58–10:03 AM    0.36    11:08–11:13 AM    1.63   +1.265   $+379.50  WIN 
  2025-08-22      232.5 REAL    1     9:58–10:03 AM    2.63    11:08–11:13 AM    5.25   +2.620   $+262.00  WIN 
  2025-08-29      237.5 REAL    —     9:58–10:03 AM       —    11:08–11:13 AM       —        —          —  skip
  2025-09-05      230.0 REAL    2     9:58–10:03 AM    0.68    11:08–11:13 AM    0.28   -0.401    $-80.20  LOSS
  2025-09-12      305.0 REAL    2     9:58–10:03 AM    0.72    11:08–11:13 AM    0.24   -0.474    $-94.80  LOSS
  2025-09-19      297.5 REAL    1     9:58–10:03 AM    5.18    11:08–11:13 AM    4.60   -0.577    $-57.67  LOSS
  2025-09-26      292.5 REAL    1     9:58–10:03 AM    1.95    11:08–11:13 AM    0.26   -1.684   $-168.40  LOSS
  2025-10-03      290.0 REAL    1     9:58–10:03 AM    1.89    11:08–11:13 AM    2.92   +1.034   $+103.40  WIN 
  2025-10-10      300.0 REAL    1     9:58–10:03 AM    4.58    11:08–11:13 AM    3.54   -1.042   $-104.20  LOSS
  2025-10-17      300.0 REAL    1     9:58–10:03 AM    1.42    11:08–11:13 AM    0.34   -1.074   $-107.40  LOSS
  2025-10-24      285.0 REAL    1     9:58–10:03 AM    1.29    11:08–11:13 AM    1.65   +0.360    $+36.00  WIN 
  2025-10-31      260.0 REAL    1     9:58–10:03 AM    3.10    11:08–11:13 AM    5.49   +2.381   $+238.10  WIN 
  2025-11-07      240.0 REAL    2     9:58–10:03 AM    0.80    11:08–11:13 AM    0.28   -0.515   $-103.10  LOSS
  2025-11-14      212.5 REAL    1     9:58–10:03 AM    5.14    11:08–11:13 AM    9.90   +4.763   $+476.25  WIN 
  2025-11-21      205.0 REAL    1     9:58–10:03 AM    1.18    11:08–11:13 AM    0.26   -0.920    $-92.05  LOSS
  2025-11-28      200.0 REAL    1     9:58–10:03 AM    1.71    11:08–11:13 AM    1.56   -0.142    $-14.20  LOSS
  2025-12-05      220.0 REAL    3     9:58–10:03 AM    0.41    11:08–11:13 AM    0.27   -0.140    $-42.00  LOSS
  2025-12-12      195.0 REAL    1     9:58–10:03 AM    1.12    11:08–11:13 AM    0.30   -0.828    $-82.80  LOSS
  2025-12-19      190.0 REAL    1     9:58–10:03 AM    4.02    11:08–11:13 AM    3.63   -0.386    $-38.60  LOSS
  2025-12-26      200.0 REAL    5     9:58–10:03 AM    0.23    11:08–11:13 AM    0.33   +0.100    $+50.00  WIN 
  2026-01-02      200.0 REAL    5     9:58–10:03 AM    0.23    11:08–11:13 AM    0.07   -0.158    $-79.00  LOSS
  2026-01-09      190.0 REAL    1     9:58–10:03 AM    1.44    11:08–11:13 AM    7.33   +5.895   $+589.50  WIN 
  2026-01-16      190.0 REAL    3     9:58–10:03 AM    0.41    11:08–11:13 AM    0.29   -0.111    $-33.30  LOSS
  2026-01-23      175.0 REAL    2     9:58–10:03 AM    0.92    11:08–11:13 AM    3.03   +2.104   $+420.80  WIN 
  2026-01-30      170.0 REAL    5     9:58–10:03 AM    0.24    11:08–11:13 AM    0.22   -0.014     $-7.00  LOSS
  2026-02-06      140.0 REAL    1     9:58–10:03 AM    1.78    11:08–11:13 AM    1.87   +0.081     $+8.10  WIN 
  2026-02-13      160.0 REAL    2     9:58–10:03 AM    0.86    11:08–11:13 AM    0.81   -0.056    $-11.20  LOSS
  2026-02-20      150.0 REAL    1     9:58–10:03 AM    3.21    11:08–11:13 AM    2.63   -0.580    $-58.00  LOSS
  2026-02-27      145.0 REAL    1     9:58–10:03 AM    1.38    11:08–11:13 AM    0.99   -0.396    $-39.60  LOSS
  2026-03-06      155.0 REAL    1     9:58–10:03 AM    1.13    11:08–11:13 AM    3.36   +2.232   $+223.25  WIN 
  2026-03-13      160.0 REAL    2     9:58–10:03 AM    1.00    11:08–11:13 AM    0.13   -0.868   $-173.60  LOSS
  2026-03-20      150.0 REAL    1     9:58–10:03 AM    1.36    11:08–11:13 AM    1.14   -0.226    $-22.60  LOSS
  2026-03-27      140.0 REAL    2     9:58–10:03 AM    0.52    11:08–11:13 AM    1.20   +0.671   $+134.20  WIN 
  2026-04-03      145.0 REAL    3     9:58–10:03 AM    0.36    11:08–11:13 AM    1.25   +0.882   $+264.50  WIN 
  2026-04-10      135.0 REAL    1     9:58–10:03 AM    1.55    11:08–11:13 AM    3.80   +2.247   $+224.67  WIN 
  2026-04-17      185.0 REAL    3     9:58–10:03 AM    0.46    11:08–11:13 AM    0.11   -0.344   $-103.20  LOSS
  2026-04-24      180.0 REAL    6     9:58–10:03 AM    0.18    11:08–11:13 AM    0.04   -0.136    $-81.60  LOSS
  2026-05-01      165.0 REAL    1     9:58–10:03 AM    4.20    11:08–11:13 AM    4.67   +0.473    $+47.33  WIN 
  2026-05-08      195.0 REAL    2     9:58–10:03 AM    0.97    11:08–11:13 AM    3.08   +2.115   $+422.90  WIN 
  2026-05-15      190.0 REAL    1     9:58–10:03 AM    2.71    11:08–11:13 AM    3.60   +0.894    $+89.40  WIN 
  2026-05-22      190.0 REAL    1     9:58–10:03 AM    4.44    11:08–11:13 AM    3.24   -1.198   $-119.80  LOSS
  2026-05-29      207.5 REAL    1     9:58–10:03 AM    9.20    11:08–11:13 AM   13.02   +3.824   $+382.40  WIN 
  2026-06-05      230.0 REAL    4     9:58–10:03 AM    0.29    11:08–11:13 AM    0.11   -0.186    $-74.40  LOSS
  2026-06-12      185.0 REAL    2     9:58–10:03 AM    0.62    11:08–11:13 AM    0.69   +0.072    $+14.40  WIN 
  2026-06-19      185.0 REAL    3     9:58–10:03 AM    0.37    11:08–11:13 AM    1.31   +0.944   $+283.20  WIN 
  2026-06-26      150.0 REAL    1     9:58–10:03 AM    1.49    11:08–11:13 AM    1.29   -0.204    $-20.40  LOSS
  2026-07-03      145.0 REAL    1     9:58–10:03 AM    1.93    11:08–11:13 AM    0.25   -1.676   $-167.60  LOSS

  SUMMARY (optimal frames)  trades: 81   wins: 37/81   win rate: 45.7%   total P&L: $+3,677.75   avg/trade: $+45.40
           best day: $+589.50   worst day: $-173.60   skipped (no data): 23
           premium spent: $15,143.24   return on spend: +24.3%

  ORCL CALLS — HEATMAPS   (entry-frame start ↓  exit-frame start →   cyan = chosen optimal)

  Each cell = best frame pair starting in that 30-min bucket (best over all durations).

  1) WIN RATE %  (wins ÷ trades)
    Entry |   9:30  10:00  10:30  11:00  11:30  12:00  12:30   1:00   1:30   2:00   2:30   3:00   3:30
  --------+-------------------------------------------------------------------------------------------
     9:30 |    34%    43%    46%    46%    43%    36%    36%    34%    32%    32%    30%    34%    33%
    10:00 |      ·    49%    48%    44%    45%    38%    37%    34%    34%    35%    31%    29%    34%
    10:30 |      ·      ·    60%    52%    48%    43%    37%    34%    36%    38%    34%    32%    29%
    11:00 |      ·      ·      ·    47%    50%    39%    37%    36%    34%    33%    23%    23%    26%
    11:30 |      ·      ·      ·      ·    30%    30%    27%    25%    25%    31%    28%    24%    29%
    12:00 |      ·      ·      ·      ·      ·    53%    30%    39%    30%    31%    23%    25%    34%
    12:30 |      ·      ·      ·      ·      ·      ·    41%    46%    35%    34%    29%    35%    38%
     1:00 |      ·      ·      ·      ·      ·      ·      ·    55%    48%    34%    28%    28%    31%
     1:30 |      ·      ·      ·      ·      ·      ·      ·      ·    44%    52%    42%    34%    32%
     2:00 |      ·      ·      ·      ·      ·      ·      ·      ·      ·    45%    48%    43%    36%
     2:30 |      ·      ·      ·      ·      ·      ·      ·      ·      ·      ·    41%    50%    25%
     3:00 |      ·      ·      ·      ·      ·      ·      ·      ·      ·      ·      ·    56%    38%
     3:30 |      ·      ·      ·      ·      ·      ·      ·      ·      ·      ·      ·      ·    43%

  2) WIN COUNT  (number of winning trades)
    Entry |   9:30  10:00  10:30  11:00  11:30  12:00  12:30   1:00   1:30   2:00   2:30   3:00   3:30
  --------+-------------------------------------------------------------------------------------------
     9:30 |     33     44     46     38     37     32     36     34     31     28     23     27     29
    10:00 |      ·     48     46     35     38     32     36     32     30     29     30     23     28
    10:30 |      ·      ·     57     43     41     39     32     30     35     25     24     23     20
    11:00 |      ·      ·      ·     41     38     31     34     33     31     20     19     18     17
    11:30 |      ·      ·      ·      ·     27     27     24     22     22     19     19     17     20
    12:00 |      ·      ·      ·      ·      ·     39     26     28     25     19     19     18     24
    12:30 |      ·      ·      ·      ·      ·      ·     32     33     22     21     25     22     26
     1:00 |      ·      ·      ·      ·      ·      ·      ·     36     33     21     22     19     22
     1:30 |      ·      ·      ·      ·      ·      ·      ·      ·     27     31     27     25     29
     2:00 |      ·      ·      ·      ·      ·      ·      ·      ·      ·     27     29     36     30
     2:30 |      ·      ·      ·      ·      ·      ·      ·      ·      ·      ·     31     31     16
     3:00 |      ·      ·      ·      ·      ·      ·      ·      ·      ·      ·      ·     36     32
     3:30 |      ·      ·      ·      ·      ·      ·      ·      ·      ·      ·      ·      ·     35

  3a) AVG P&L PER TRADE  ($ per contract)
    Entry |   9:30  10:00  10:30  11:00  11:30  12:00  12:30   1:00   1:30   2:00   2:30   3:00   3:30
  --------+-------------------------------------------------------------------------------------------
     9:30 |     +8    +21    +31    +38    +35    +26    +18    +15    +13    +11     +5    +11     +5
    10:00 |      ·    +25    +35    +40    +36    +31    +22    +18    +16    +17    +10    +22    +12
    10:30 |      ·      ·    +19    +23    +14    +10     -2    -27    -22     -6    -10    +11     +2
    11:00 |      ·      ·      ·     +9    +12     +1    -18     -8    -17     +2     +2    +16     +7
    11:30 |      ·      ·      ·      ·    +16    +16    +14    +11     +9    +20     +9    +29     +9
    12:00 |      ·      ·      ·      ·      ·     +5     +3     +3     +3     +7    +10    +23     +2
    12:30 |      ·      ·      ·      ·      ·      ·     +8    +12    +13    +10     +7    +21     +8
     1:00 |      ·      ·      ·      ·      ·      ·      ·     +7    +11    +10     +8    +20    +11
     1:30 |      ·      ·      ·      ·      ·      ·      ·      ·     +5     +4     -3    -12    -19
     2:00 |      ·      ·      ·      ·      ·      ·      ·      ·      ·     +3     +5    -10    -19
     2:30 |      ·      ·      ·      ·      ·      ·      ·      ·      ·      ·     +5    +18     +3
     3:00 |      ·      ·      ·      ·      ·      ·      ·      ·      ·      ·      ·    +15     +4
     3:30 |      ·      ·      ·      ·      ·      ·      ·      ·      ·      ·      ·      ·     +8

  3b) TOTAL P&L  ($ per contract, summed over all Fridays)
    Entry |    9:30   10:00   10:30   11:00   11:30   12:00   12:30    1:00    1:30    2:00    2:30    3:00    3:30
  --------+--------------------------------------------------------------------------------------------------------
     9:30 |    +767   +2187   +3168   +3113   +3039   +2351   +1794   +1461   +1272    +977    +403    +902    +448
    10:00 |       ·   +2441   +3377   +3174   +3088   +2637   +2088   +1675   +1369   +1405    +974   +1718   +1023
    10:30 |       ·       ·   +1791   +1900   +1213    +887    -197   -2329   -2160    -397    -731    +793    +130
    11:00 |       ·       ·       ·    +744    +894     +56   -1670    -712   -1534    +147    +186   +1210    +464
    11:30 |       ·       ·       ·       ·   +1438   +1402   +1275    +930    +787   +1241    +650   +2057    +623
    12:00 |       ·       ·       ·       ·       ·    +346    +277    +211    +268    +403    +782   +1654    +154
    12:30 |       ·       ·       ·       ·       ·       ·    +637    +879    +790    +610    +574   +1318    +521
     1:00 |       ·       ·       ·       ·       ·       ·       ·    +487    +742    +610    +590   +1365    +769
     1:30 |       ·       ·       ·       ·       ·       ·       ·       ·    +324    +228    -182    -879   -1757
     2:00 |       ·       ·       ·       ·       ·       ·       ·       ·       ·    +169    +321    -827   -1555
     2:30 |       ·       ·       ·       ·       ·       ·       ·       ·       ·       ·    +348   +1096    +216
     3:00 |       ·       ·       ·       ·       ·       ·       ·       ·       ·       ·       ·    +962    +322
     3:30 |       ·       ·       ·       ·       ·       ·       ·       ·       ·       ·       ·       ·    +684

──────────────────────────────────────────────────────────────────────────────────────
  ORCL CALLS — TOP 15 FRAME PAIRS (by win_rate × avg payoff)
──────────────────────────────────────────────────────────────────────────────────────
   #        Entry frame         Exit frame  Trades   Wins    Win%    Avg P&L     Total P&L
  --  -----------------  -----------------  ------  -----  ------  ---------  ------------
   1     10:00–10:05 AM     11:10–11:15 AM      79     35  44.3%    $+40.18    $+3,173.93
   2     10:25–10:30 AM     11:15–11:20 AM      78     42  53.8%    $+32.94    $+2,569.57
   3      9:55–10:05 AM     11:15–11:20 AM      82     38  46.3%    $+37.97    $+3,113.21
   4     10:00–10:05 AM     11:05–11:15 AM      92     42  45.7%    $+38.31    $+3,524.88
   5     10:00–10:05 AM     11:05–11:10 AM      86     42  48.8%    $+35.63    $+3,064.35
   6      9:55–10:00 AM     11:15–11:20 AM      79     35  44.3%    $+39.03    $+3,083.08
   7     10:00–10:05 AM     11:00–11:15 AM      95     45  47.4%    $+36.36    $+3,454.07
   8     10:25–10:30 AM     11:10–11:20 AM      87     46  52.9%    $+32.20    $+2,801.24
   9     10:00–10:05 AM     10:55–11:15 AM      96     46  47.9%    $+35.17    $+3,376.51
  10     10:25–10:30 AM     11:05–11:15 AM      91     48  52.7%    $+31.74    $+2,887.95
  11     10:25–10:30 AM     11:05–11:20 AM      91     49  53.8%    $+30.98    $+2,819.46
  12     10:00–10:05 AM     11:15–11:20 AM      81     36  44.4%    $+37.47    $+3,035.05
  13     10:00–10:05 AM     11:00–11:20 AM      95     44  46.3%    $+35.84    $+3,404.52
  14     10:25–10:30 AM     11:10–11:15 AM      80     40  50.0%    $+33.17    $+2,653.77
  15      9:55–10:05 AM     11:10–11:15 AM      83     38  45.8%    $+36.22    $+3,006.67

──────────────────────────────────────────────────────────────────────────────────────
  Saved CSV: C:\actions-runner\_work\EoD_OptionTrading\EoD_OptionTrading\results\friday_intraday\backtest_friday_intraday_timeframe_calls_730days_2026-07-09_1615.csv
  Saved TXT: C:\actions-runner\_work\EoD_OptionTrading\EoD_OptionTrading\results\friday_intraday\backtest_friday_intraday_timeframe_calls_730days_2026-07-09_1615.txt
  Saved TXT (outliers removed): C:\actions-runner\_work\EoD_OptionTrading\EoD_OptionTrading\results\friday_intraday\backtest_friday_intraday_timeframe_calls_730days_2026-07-09_1615_outliers_removed.txt
──────────────────────────────────────────────────────────────────────────────────────


██████████████████████████████████████████████████████████████████████████████████████
  ORCL PUTS
██████████████████████████████████████████████████████████████████████████████████████
======================================================================================
  ORCL PUTS
======================================================================================
  Optimal entry frame : 2:55–3:00 PM   (5 min)
  Optimal exit frame  : 3:26–3:31 PM   (5 min)
  Data source         : REAL prices

  Date           Strike  Src  Qty       Entry frame    Buy$        Exit frame   Sell$   P&L/sh      P&L $  Result
  ------------ -------- ---- ---- ----------------- ------- ----------------- ------- -------- ----------  ------
  2024-07-12      145.0 REAL    3      2:55–3:00 PM    0.38      3:26–3:31 PM    0.23   -0.145    $-43.50  LOSS
  2024-07-19      140.0 REAL    —      2:55–3:00 PM       —      3:26–3:31 PM       —        —          —  skip
  2024-07-26      140.0 REAL    1      2:55–3:00 PM    1.10      3:26–3:31 PM    0.98   -0.115    $-11.50  LOSS
  2024-08-02      130.0 REAL    —      2:55–3:00 PM       —      3:26–3:31 PM       —        —          —  skip
  2024-08-09      130.0 REAL    —      2:55–3:00 PM       —      3:26–3:31 PM       —        —          —  skip
  2024-08-16      135.0 REAL    —      2:55–3:00 PM       —      3:26–3:31 PM       —        —          —  skip
  2024-08-23      140.0 REAL    —      2:55–3:00 PM       —      3:26–3:31 PM       —        —          —  skip
  2024-08-30      140.0 REAL   11      2:55–3:00 PM    0.10      3:26–3:31 PM    0.04   -0.057    $-62.33  LOSS
  2024-09-06      145.0 REAL    —      2:55–3:00 PM       —      3:26–3:31 PM       —        —          —  skip
  2024-09-13      175.0 REAL    —      2:55–3:00 PM       —      3:26–3:31 PM       —        —          —  skip
  2024-09-20      170.0 REAL    —      2:55–3:00 PM       —      3:26–3:31 PM       —        —          —  skip
  2024-09-27      170.0 REAL    —      2:55–3:00 PM       —      3:26–3:31 PM       —        —          —  skip
  2024-10-04      170.0 REAL    —      2:55–3:00 PM       —      3:26–3:31 PM       —        —          —  skip
  2024-10-11      175.0 REAL   17      2:55–3:00 PM    0.06      3:26–3:31 PM    0.03   -0.035    $-59.50  LOSS
  2024-10-18      175.0 REAL    7      2:55–3:00 PM    0.15      3:26–3:31 PM    0.17   +0.020    $+14.00  WIN 
  2024-10-25      175.0 REAL    1      2:55–3:00 PM    1.24      3:26–3:31 PM    1.59   +0.350    $+35.00  WIN 
  2024-11-01      170.0 REAL    —      2:55–3:00 PM       —      3:26–3:31 PM       —        —          —  skip
  2024-11-08      185.0 REAL    —      2:55–3:00 PM       —      3:26–3:31 PM       —        —          —  skip
  2024-11-15      185.0 REAL    1      2:55–3:00 PM    1.50      3:26–3:31 PM    2.13   +0.635    $+63.50  WIN 
  2024-11-22      195.0 REAL    —      2:55–3:00 PM       —      3:26–3:31 PM       —        —          —  skip
  2024-11-29      185.0 REAL    —      2:55–3:00 PM       —      3:26–3:31 PM       —        —          —  skip
  2024-12-06      185.0 REAL    —      2:55–3:00 PM       —      3:26–3:31 PM       —        —          —  skip
  2024-12-13      175.0 REAL    1      2:55–3:00 PM    2.33      3:26–3:31 PM    2.21   -0.120    $-12.00  LOSS
  2024-12-20      170.0 REAL    4      2:55–3:00 PM    0.32      3:26–3:31 PM    0.48   +0.163    $+65.33  WIN 
  2024-12-27      170.0 REAL    2      2:55–3:00 PM    0.98      3:26–3:31 PM    1.52   +0.540   $+108.00  WIN 
  2025-01-03      165.0 REAL    —      2:55–3:00 PM       —      3:26–3:31 PM       —        —          —  skip
  2025-01-10      160.0 REAL    —      2:55–3:00 PM       —      3:26–3:31 PM       —        —          —  skip
  2025-01-17      160.0 REAL    —      2:55–3:00 PM       —      3:26–3:31 PM       —        —          —  skip
  2025-01-24      190.0 REAL    —      2:55–3:00 PM       —      3:26–3:31 PM       —        —          —  skip
  2025-01-31      170.0 REAL    3      2:55–3:00 PM    0.44      3:26–3:31 PM    0.84   +0.405   $+121.50  WIN 
  2025-02-07      175.0 REAL    2      2:55–3:00 PM    0.60      3:26–3:31 PM    0.60   +0.005     $+1.00  WIN 
  2025-02-14      175.0 REAL    —      2:55–3:00 PM       —      3:26–3:31 PM       —        —          —  skip
  2025-02-21      175.0 REAL    1      2:55–3:00 PM    6.47      3:26–3:31 PM    6.50   +0.030     $+3.00  WIN 
  2025-02-28      160.0 REAL    —      2:55–3:00 PM       —      3:26–3:31 PM       —        —          —  skip
  2025-03-07      155.0 REAL    1      2:55–3:00 PM    1.25      3:26–3:31 PM    0.61   -0.643    $-64.33  LOSS
  2025-03-14      150.0 REAL    2      2:55–3:00 PM    0.81      3:26–3:31 PM    0.72   -0.090    $-18.00  LOSS
  2025-03-21      150.0 REAL   50      2:55–3:00 PM    0.02      3:26–3:31 PM    0.01   -0.010    $-50.00  LOSS
  2025-03-28      145.0 REAL    —      2:55–3:00 PM       —      3:26–3:31 PM       —        —          —  skip
  2025-04-04      130.0 REAL    2      2:55–3:00 PM    0.90      3:26–3:31 PM    0.39   -0.510   $-102.00  LOSS
  2025-04-11      135.0 REAL    —      2:55–3:00 PM       —      3:26–3:31 PM       —        —          —  skip
  2025-04-18      130.0 REAL    —      2:55–3:00 PM       —      3:26–3:31 PM       —        —          —  skip
  2025-04-25      135.0 REAL    —      2:55–3:00 PM       —      3:26–3:31 PM       —        —          —  skip
  2025-05-02      150.0 REAL    —      2:55–3:00 PM       —      3:26–3:31 PM       —        —          —  skip
  2025-05-09      150.0 REAL    —      2:55–3:00 PM       —      3:26–3:31 PM       —        —          —  skip
  2025-05-16      160.0 REAL    —      2:55–3:00 PM       —      3:26–3:31 PM       —        —          —  skip
  2025-05-23      155.0 REAL    —      2:55–3:00 PM       —      3:26–3:31 PM       —        —          —  skip
  2025-05-30      165.0 REAL    —      2:55–3:00 PM       —      3:26–3:31 PM       —        —          —  skip
  2025-06-06      175.0 REAL    —      2:55–3:00 PM       —      3:26–3:31 PM       —        —          —  skip
  2025-06-13      202.5 REAL    —      2:55–3:00 PM       —      3:26–3:31 PM       —        —          —  skip
  2025-06-20      212.5 REAL    1      2:55–3:00 PM    5.95      3:26–3:31 PM    6.40   +0.450    $+45.00  WIN 
  2025-06-27      215.0 REAL    —      2:55–3:00 PM       —      3:26–3:31 PM       —        —          —  skip
  2025-07-04      232.5 REAL    —      2:55–3:00 PM       —      3:26–3:31 PM       —        —          —  skip
  2025-07-11      230.0 REAL   10      2:55–3:00 PM    0.10      3:26–3:31 PM    0.05   -0.052    $-52.50  LOSS
  2025-07-18      247.5 REAL    —      2:55–3:00 PM       —      3:26–3:31 PM       —        —          —  skip
  2025-07-25      242.5 REAL    —      2:55–3:00 PM       —      3:26–3:31 PM       —        —          —  skip
  2025-08-01      245.0 REAL    —      2:55–3:00 PM       —      3:26–3:31 PM       —        —          —  skip
  2025-08-08      250.0 REAL    2      2:55–3:00 PM    0.73      3:26–3:31 PM    0.37   -0.360    $-72.00  LOSS
  2025-08-15      247.5 REAL    4      2:55–3:00 PM    0.28      3:26–3:31 PM    0.09   -0.185    $-74.00  LOSS
  2025-08-22      232.5 REAL  101      2:55–3:00 PM    0.01      3:26–3:31 PM    0.02   +0.010   $+101.00  WIN 
  2025-08-29      237.5 REAL    —      2:55–3:00 PM       —      3:26–3:31 PM       —        —          —  skip
  2025-09-05      230.0 REAL    —      2:55–3:00 PM       —      3:26–3:31 PM       —        —          —  skip
  2025-09-12      305.0 REAL    1      2:55–3:00 PM   10.21      3:26–3:31 PM   11.72   +1.510   $+151.00  WIN 
  2025-09-19      297.5 REAL   38      2:55–3:00 PM    0.03      3:26–3:31 PM    0.01   -0.013    $-50.67  LOSS
  2025-09-26      292.5 REAL    1      2:55–3:00 PM    8.80      3:26–3:31 PM    8.87   +0.070     $+7.00  WIN 
  2025-10-03      290.0 REAL    1      2:55–3:00 PM    3.65      3:26–3:31 PM    3.27   -0.380    $-38.00  LOSS
  2025-10-10      300.0 REAL    1      2:55–3:00 PM    5.00      3:26–3:31 PM    5.89   +0.887    $+88.75  WIN 
  2025-10-17      300.0 REAL    1      2:55–3:00 PM   10.28      3:26–3:31 PM    9.40   -0.884    $-88.40  LOSS
  2025-10-24      285.0 REAL    2      2:55–3:00 PM    0.90      3:26–3:31 PM    0.67   -0.237    $-47.40  LOSS
  2025-10-31      260.0 REAL    2      2:55–3:00 PM    0.54      3:26–3:31 PM    0.09   -0.448    $-89.60  LOSS
  2025-11-07      240.0 REAL    1      2:55–3:00 PM    1.95      3:26–3:31 PM    2.68   +0.730    $+73.00  WIN 
  2025-11-14      212.5 REAL    —      2:55–3:00 PM       —      3:26–3:31 PM       —        —          —  skip
  2025-11-21      205.0 REAL    —      2:55–3:00 PM       —      3:26–3:31 PM       —        —          —  skip
  2025-11-28      200.0 REAL    —      2:55–3:00 PM       —      3:26–3:31 PM       —        —          —  skip
  2025-12-05      220.0 REAL    1      2:55–3:00 PM    3.85      3:26–3:31 PM    3.25   -0.605    $-60.50  LOSS
  2025-12-12      195.0 REAL    1      2:55–3:00 PM    5.14      3:26–3:31 PM    5.32   +0.175    $+17.50  WIN 
  2025-12-19      190.0 REAL   20      2:55–3:00 PM    0.05      3:26–3:31 PM    0.02   -0.034    $-68.00  LOSS
  2025-12-26      200.0 REAL    1      2:55–3:00 PM    2.44      3:26–3:31 PM    1.79   -0.650    $-65.00  LOSS
  2026-01-02      200.0 REAL    1      2:55–3:00 PM    4.58      3:26–3:31 PM    4.11   -0.465    $-46.50  LOSS
  2026-01-09      190.0 REAL   51      2:55–3:00 PM    0.02      3:26–3:31 PM    0.02   +0.000     $+0.00  WIN 
  2026-01-16      190.0 REAL   14      2:55–3:00 PM    0.07      3:26–3:31 PM    0.07   +0.000     $+0.00  WIN 
  2026-01-23      175.0 REAL   11      2:55–3:00 PM    0.10      3:26–3:31 PM    0.04   -0.065    $-71.50  LOSS
  2026-01-30      170.0 REAL    1      2:55–3:00 PM    4.99      3:26–3:31 PM    6.54   +1.558   $+155.83  WIN 
  2026-02-06      140.0 REAL    5      2:55–3:00 PM    0.23      3:26–3:31 PM    0.06   -0.163    $-81.33  LOSS
  2026-02-13      160.0 REAL    5      2:55–3:00 PM    0.24      3:26–3:31 PM    0.60   +0.360   $+180.00  WIN 
  2026-02-20      150.0 REAL    1      2:55–3:00 PM    2.25      3:26–3:31 PM    2.35   +0.102    $+10.20  WIN 
  2026-02-27      145.0 REAL    1      2:55–3:00 PM    2.71      3:26–3:31 PM    1.76   -0.953    $-95.33  LOSS
  2026-03-06      155.0 REAL  101      2:55–3:00 PM    0.01      3:26–3:31 PM    2.58   +2.574 $+25997.40  WIN 
  2026-03-13      160.0 REAL    1      2:55–3:00 PM    4.73      3:26–3:31 PM    5.65   +0.927    $+92.73  WIN 
  2026-03-20      150.0 REAL    1      2:55–3:00 PM    1.21      3:26–3:31 PM    1.32   +0.106    $+10.60  WIN 
  2026-03-27      140.0 REAL    2      2:55–3:00 PM    0.55      3:26–3:31 PM    0.54   -0.011     $-2.30  LOSS
  2026-04-03      145.0 REAL   12      2:55–3:00 PM    0.09      3:26–3:31 PM    0.07   -0.016    $-19.20  LOSS
  2026-04-10      135.0 REAL   34      2:55–3:00 PM    0.03      3:26–3:31 PM    0.03   -0.003    $-11.33  LOSS
  2026-04-17      185.0 REAL    —      2:55–3:00 PM       —      3:26–3:31 PM       —        —          —  skip
  2026-04-24      180.0 REAL    —      2:55–3:00 PM       —      3:26–3:31 PM       —        —          —  skip
  2026-05-01      165.0 REAL    —      2:55–3:00 PM       —      3:26–3:31 PM       —        —          —  skip
  2026-05-08      195.0 REAL    2      2:55–3:00 PM    0.64      3:26–3:31 PM    0.33   -0.307    $-61.40  LOSS
  2026-05-15      190.0 REAL   26      2:55–3:00 PM    0.04      3:26–3:31 PM    0.01   -0.030    $-78.00  LOSS
  2026-05-22      190.0 REAL    —      2:55–3:00 PM       —      3:26–3:31 PM       —        —          —  skip
  2026-05-29      207.5 REAL    —      2:55–3:00 PM       —      3:26–3:31 PM       —        —          —  skip
  2026-06-05      230.0 REAL    —      2:55–3:00 PM       —      3:26–3:31 PM       —        —          —  skip
  2026-06-12      185.0 REAL    1      2:55–3:00 PM    3.80      3:26–3:31 PM    2.13   -1.668   $-166.80  LOSS
  2026-06-19      185.0 REAL    2      2:55–3:00 PM    0.51      3:26–3:31 PM    0.71   +0.198    $+39.50  WIN 
  2026-06-26      150.0 REAL    2      2:55–3:00 PM    0.99      3:26–3:31 PM    1.03   +0.048     $+9.60  WIN 
  2026-07-03      145.0 REAL    1      2:55–3:00 PM    4.65      3:26–3:31 PM    4.76   +0.113    $+11.33  WIN 

  SUMMARY (optimal frames)  trades: 56   wins: 24/56   win rate: 42.9%   total P&L: $+25,638.85   avg/trade: $+457.84
           best day: $+25997.40   worst day: $-166.80   skipped (no data): 48
           premium spent: $13,903.83   return on spend: +184.4%

  ORCL PUTS — HEATMAPS   (entry-frame start ↓  exit-frame start →   cyan = chosen optimal)

  Each cell = best frame pair starting in that 30-min bucket (best over all durations).

  1) WIN RATE %  (wins ÷ trades)
    Entry |   9:30  10:00  10:30  11:00  11:30  12:00  12:30   1:00   1:30   2:00   2:30   3:00   3:30
  --------+-------------------------------------------------------------------------------------------
     9:30 |    49%    46%    36%    32%    33%    37%    41%    38%    41%    37%    42%    46%    44%
    10:00 |      ·    41%    34%    36%    38%    37%    39%    45%    39%    36%    38%    39%    42%
    10:30 |      ·      ·    38%    44%    49%    40%    38%    40%    41%    44%    46%    46%    40%
    11:00 |      ·      ·      ·    57%    51%    46%    41%    40%    38%    46%    43%    41%    43%
    11:30 |      ·      ·      ·      ·    48%    51%    51%    53%    48%    40%    44%    42%    41%
    12:00 |      ·      ·      ·      ·      ·    50%    49%    49%    44%    46%    45%    48%    52%
    12:30 |      ·      ·      ·      ·      ·      ·    62%    45%    44%    44%    45%    43%    50%
     1:00 |      ·      ·      ·      ·      ·      ·      ·    45%    54%    51%    46%    41%    47%
     1:30 |      ·      ·      ·      ·      ·      ·      ·      ·    59%    45%    43%    44%    49%
     2:00 |      ·      ·      ·      ·      ·      ·      ·      ·      ·    39%    48%    42%    36%
     2:30 |      ·      ·      ·      ·      ·      ·      ·      ·      ·      ·    45%    45%    40%
     3:00 |      ·      ·      ·      ·      ·      ·      ·      ·      ·      ·      ·    40%    43%
     3:30 |      ·      ·      ·      ·      ·      ·      ·      ·      ·      ·      ·      ·    42%

  2) WIN COUNT  (number of winning trades)
    Entry |   9:30  10:00  10:30  11:00  11:30  12:00  12:30   1:00   1:30   2:00   2:30   3:00   3:30
  --------+-------------------------------------------------------------------------------------------
     9:30 |     44     38     32     26     24     30     24     33     28     32     32     32     30
    10:00 |      ·     29     29     23     25     26     22     24     26     27     22     26     28
    10:30 |      ·      ·     33     32     30     28     21     23     24     22     26     28     23
    11:00 |      ·      ·      ·     38     31     32     28     22     21     22     27     24     25
    11:30 |      ·      ·      ·      ·     37     39     37     27     31     23     24     25     27
    12:00 |      ·      ·      ·      ·      ·     38     30     35     32     33     24     29     31
    12:30 |      ·      ·      ·      ·      ·      ·     40     25     27     25     29     27     27
     1:00 |      ·      ·      ·      ·      ·      ·      ·     29     33     27     21     19     27
     1:30 |      ·      ·      ·      ·      ·      ·      ·      ·     33     29     28     22     28
     2:00 |      ·      ·      ·      ·      ·      ·      ·      ·      ·     27     39     25     21
     2:30 |      ·      ·      ·      ·      ·      ·      ·      ·      ·      ·     30     24     25
     3:00 |      ·      ·      ·      ·      ·      ·      ·      ·      ·      ·      ·     23     29
     3:30 |      ·      ·      ·      ·      ·      ·      ·      ·      ·      ·      ·      ·     27

  3a) AVG P&L PER TRADE  ($ per contract)
    Entry |   9:30  10:00  10:30  11:00  11:30  12:00  12:30   1:00   1:30   2:00   2:30   3:00   3:30
  --------+-------------------------------------------------------------------------------------------
     9:30 |    +13    +18    +17    +20    +23    +20    +24    +27    +34    +31    +34    +50    +45
    10:00 |      ·     +7     +3     +8    +16    +11    +15    +20    +21    +20    +41    +43    +42
    10:30 |      ·      ·    +14    +33    +39    +35    +43    +47    +44    +55    +75    +75    +69
    11:00 |      ·      ·      ·    +12    +22    +21    +30    +27    +36    +53    +51    +58    +48
    11:30 |      ·      ·      ·      ·     +9     +8    +13     +5    +15    +32    +20    +32    +33
    12:00 |      ·      ·      ·      ·      ·    +12    +22    +17    +19    +22    +29    +40    +41
    12:30 |      ·      ·      ·      ·      ·      ·    +11     +7    +11    +15    +14    +23    +34
     1:00 |      ·      ·      ·      ·      ·      ·      ·    +12    +13    +17    +29    +40    +30
     1:30 |      ·      ·      ·      ·      ·      ·      ·      ·    +15    +20    +29    +49    +45
     2:00 |      ·      ·      ·      ·      ·      ·      ·      ·      ·    +32    +46   +105    +95
     2:30 |      ·      ·      ·      ·      ·      ·      ·      ·      ·      ·    +76   +431   +382
     3:00 |      ·      ·      ·      ·      ·      ·      ·      ·      ·      ·      ·   +388   +348
     3:30 |      ·      ·      ·      ·      ·      ·      ·      ·      ·      ·      ·      ·    +12

  3b) TOTAL P&L  ($ per contract, summed over all Fridays)
    Entry |    9:30   10:00   10:30   11:00   11:30   12:00   12:30    1:00    1:30    2:00    2:30    3:00    3:30
  --------+--------------------------------------------------------------------------------------------------------
     9:30 |   +1116   +1447   +1567   +1610   +1675   +1610   +1436   +2350   +2291   +2663   +2608   +3514   +3057
    10:00 |       ·    +514    +242    +508   +1040    +766    +851   +1063   +1416   +1475   +2389   +2837   +2757
    10:30 |       ·       ·   +1229   +2376   +2407   +2456   +2415   +2717   +2609   +2758   +4174   +4550   +3939
    11:00 |       ·       ·       ·    +813   +1324   +1475   +2052   +1511   +1991   +2558   +3236   +3377   +2785
    11:30 |       ·       ·       ·       ·    +685    +632    +905    +258    +960   +1810   +1094   +1862   +2176
    12:00 |       ·       ·       ·       ·       ·    +907   +1322   +1199   +1351   +1567   +1559   +2402   +2456
    12:30 |       ·       ·       ·       ·       ·       ·    +703    +391    +659    +852    +896   +1424   +1858
     1:00 |       ·       ·       ·       ·       ·       ·       ·    +757    +816    +899   +1352   +1831   +1717
     1:30 |       ·       ·       ·       ·       ·       ·       ·       ·    +813   +1295   +1858   +2446   +2561
     2:00 |       ·       ·       ·       ·       ·       ·       ·       ·       ·   +2242   +3789   +6201   +5610
     2:30 |       ·       ·       ·       ·       ·       ·       ·       ·       ·       ·   +5026  +22820  +23708
     3:00 |       ·       ·       ·       ·       ·       ·       ·       ·       ·       ·       ·  +22519  +23636
     3:30 |       ·       ·       ·       ·       ·       ·       ·       ·       ·       ·       ·       ·    +755

──────────────────────────────────────────────────────────────────────────────────────
  ORCL PUTS — TOP 15 FRAME PAIRS (by win_rate × avg payoff)
──────────────────────────────────────────────────────────────────────────────────────
   #        Entry frame         Exit frame  Trades   Wins    Win%    Avg P&L     Total P&L
  --  -----------------  -----------------  ------  -----  ------  ---------  ------------
   1       2:55–3:00 PM       3:25–3:30 PM      53     24  45.3%   $+430.57   $+22,819.97
   2       2:55–3:00 PM       3:30–3:35 PM      62     25  40.3%   $+382.39   $+23,708.20
   3       3:00–3:05 PM       3:25–3:30 PM      58     23  39.7%   $+388.26   $+22,519.10
   4       2:55–3:05 PM       3:25–3:30 PM      63     27  42.9%   $+357.78   $+22,540.16
   5       3:00–3:05 PM       3:30–3:35 PM      68     29  42.6%   $+347.58   $+23,635.63
   6       2:55–3:00 PM       3:25–3:35 PM      63     25  39.7%   $+363.53   $+22,902.49
   7       2:55–3:00 PM       3:30–3:40 PM      63     26  41.3%   $+327.04   $+20,603.32
   8       2:55–3:05 PM       3:30–3:35 PM      75     32  42.7%   $+314.33   $+23,575.07
   9       2:55–3:00 PM       3:10–3:15 PM      54     21  38.9%   $+341.39   $+18,434.97
  10       2:55–3:00 PM       3:25–3:40 PM      64     25  39.1%   $+329.77   $+21,105.44
  11       2:55–3:00 PM       3:35–3:40 PM      55     22  40.0%   $+320.23   $+17,612.65
  12       3:00–3:05 PM       3:30–3:40 PM      72     30  41.7%   $+285.94   $+20,587.73
  13       2:55–3:05 PM       3:30–3:40 PM      79     36  45.6%   $+260.22   $+20,557.51
  14       3:00–3:05 PM       3:25–3:40 PM      74     30  40.5%   $+284.43   $+21,047.94
  15       2:55–3:05 PM       3:25–3:35 PM      78     30  38.5%   $+290.62   $+22,668.44


██████████████████████████████████████████████████████████████████████████████████████
  OUTLIERS REMOVED (winning trades > $2,000)  —  ORCL PUTS re-optimized
██████████████████████████████████████████████████████████████████████████████████████
  (chosen frames had no winning outliers)
======================================================================================
  ORCL PUTS
======================================================================================
  Optimal entry frame : 10:53–10:58 AM   (5 min)
  Optimal exit frame  : 2:54–2:59 PM   (5 min)
  Data source         : REAL prices

  Date           Strike  Src  Qty       Entry frame    Buy$        Exit frame   Sell$   P&L/sh      P&L $  Result
  ------------ -------- ---- ---- ----------------- ------- ----------------- ------- -------- ----------  ------
  2024-07-12      145.0 REAL    —    10:53–10:58 AM       —      2:54–2:59 PM       —        —          —  skip
  2024-07-19      140.0 REAL    —    10:53–10:58 AM       —      2:54–2:59 PM       —        —          —  skip
  2024-07-26      140.0 REAL    —    10:53–10:58 AM       —      2:54–2:59 PM       —        —          —  skip
  2024-08-02      130.0 REAL    —    10:53–10:58 AM       —      2:54–2:59 PM       —        —          —  skip
  2024-08-09      130.0 REAL    —    10:53–10:58 AM       —      2:54–2:59 PM       —        —          —  skip
  2024-08-16      135.0 REAL    —    10:53–10:58 AM       —      2:54–2:59 PM       —        —          —  skip
  2024-08-23      140.0 REAL    —    10:53–10:58 AM       —      2:54–2:59 PM       —        —          —  skip
  2024-08-30      140.0 REAL    —    10:53–10:58 AM       —      2:54–2:59 PM       —        —          —  skip
  2024-09-06      145.0 REAL    —    10:53–10:58 AM       —      2:54–2:59 PM       —        —          —  skip
  2024-09-13      175.0 REAL    —    10:53–10:58 AM       —      2:54–2:59 PM       —        —          —  skip
  2024-09-20      170.0 REAL    —    10:53–10:58 AM       —      2:54–2:59 PM       —        —          —  skip
  2024-09-27      170.0 REAL    —    10:53–10:58 AM       —      2:54–2:59 PM       —        —          —  skip
  2024-10-04      170.0 REAL    —    10:53–10:58 AM       —      2:54–2:59 PM       —        —          —  skip
  2024-10-11      175.0 REAL    4    10:53–10:58 AM    0.28      2:54–2:59 PM    0.09   -0.195    $-78.00  LOSS
  2024-10-18      175.0 REAL    —    10:53–10:58 AM       —      2:54–2:59 PM       —        —          —  skip
  2024-10-25      175.0 REAL    3    10:53–10:58 AM    0.40      2:54–2:59 PM    1.24   +0.845   $+253.50  WIN 
  2024-11-01      170.0 REAL    —    10:53–10:58 AM       —      2:54–2:59 PM       —        —          —  skip
  2024-11-08      185.0 REAL    —    10:53–10:58 AM       —      2:54–2:59 PM       —        —          —  skip
  2024-11-15      185.0 REAL    2    10:53–10:58 AM    0.61      2:54–2:59 PM    1.50   +0.885   $+177.00  WIN 
  2024-11-22      195.0 REAL    —    10:53–10:58 AM       —      2:54–2:59 PM       —        —          —  skip
  2024-11-29      185.0 REAL    —    10:53–10:58 AM       —      2:54–2:59 PM       —        —          —  skip
  2024-12-06      185.0 REAL    —    10:53–10:58 AM       —      2:54–2:59 PM       —        —          —  skip
  2024-12-13      175.0 REAL    1    10:53–10:58 AM    2.67      2:54–2:59 PM    2.37   -0.299    $-29.92  LOSS
  2024-12-20      170.0 REAL    1    10:53–10:58 AM    1.34      2:54–2:59 PM    0.38   -0.960    $-96.00  LOSS
  2024-12-27      170.0 REAL    —    10:53–10:58 AM       —      2:54–2:59 PM       —        —          —  skip
  2025-01-03      165.0 REAL    —    10:53–10:58 AM       —      2:54–2:59 PM       —        —          —  skip
  2025-01-10      160.0 REAL    —    10:53–10:58 AM       —      2:54–2:59 PM       —        —          —  skip
  2025-01-17      160.0 REAL   10    10:53–10:58 AM    0.11      2:54–2:59 PM    0.03   -0.080    $-80.00  LOSS
  2025-01-24      190.0 REAL    —    10:53–10:58 AM       —      2:54–2:59 PM       —        —          —  skip
  2025-01-31      170.0 REAL    9    10:53–10:58 AM    0.11      2:54–2:59 PM    0.44   +0.327   $+294.00  WIN 
  2025-02-07      175.0 REAL    2    10:53–10:58 AM    0.91      2:54–2:59 PM    0.60   -0.307    $-61.33  LOSS
  2025-02-14      175.0 REAL    2    10:53–10:58 AM    0.61      2:54–2:59 PM    1.82   +1.210   $+242.00  WIN 
  2025-02-21      175.0 REAL    1    10:53–10:58 AM    2.27      2:54–2:59 PM    6.47   +4.210   $+421.00  WIN 
  2025-02-28      160.0 REAL    —    10:53–10:58 AM       —      2:54–2:59 PM       —        —          —  skip
  2025-03-07      155.0 REAL    —    10:53–10:58 AM       —      2:54–2:59 PM       —        —          —  skip
  2025-03-14      150.0 REAL    —    10:53–10:58 AM       —      2:54–2:59 PM       —        —          —  skip
  2025-03-21      150.0 REAL   10    10:53–10:58 AM    0.10      2:54–2:59 PM    0.02   -0.085    $-85.00  LOSS
  2025-03-28      145.0 REAL    —    10:53–10:58 AM       —      2:54–2:59 PM       —        —          —  skip
  2025-04-04      130.0 REAL    1    10:53–10:58 AM    2.43      2:54–2:59 PM    0.93   -1.505   $-150.50  LOSS
  2025-04-11      135.0 REAL    —    10:53–10:58 AM       —      2:54–2:59 PM       —        —          —  skip
  2025-04-18      130.0 REAL    —    10:53–10:58 AM       —      2:54–2:59 PM       —        —          —  skip
  2025-04-25      135.0 REAL    —    10:53–10:58 AM       —      2:54–2:59 PM       —        —          —  skip
  2025-05-02      150.0 REAL    —    10:53–10:58 AM       —      2:54–2:59 PM       —        —          —  skip
  2025-05-09      150.0 REAL    3    10:53–10:58 AM    0.40      2:54–2:59 PM    0.22   -0.180    $-54.00  LOSS
  2025-05-16      160.0 REAL    —    10:53–10:58 AM       —      2:54–2:59 PM       —        —          —  skip
  2025-05-23      155.0 REAL    —    10:53–10:58 AM       —      2:54–2:59 PM       —        —          —  skip
  2025-05-30      165.0 REAL    —    10:53–10:58 AM       —      2:54–2:59 PM       —        —          —  skip
  2025-06-06      175.0 REAL    —    10:53–10:58 AM       —      2:54–2:59 PM       —        —          —  skip
  2025-06-13      202.5 REAL   10    10:53–10:58 AM    0.11      2:54–2:59 PM    0.02   -0.086    $-86.00  LOSS
  2025-06-20      212.5 REAL    1    10:53–10:58 AM    3.43      2:54–2:59 PM    5.95   +2.520   $+252.00  WIN 
  2025-06-27      215.0 REAL    —    10:53–10:58 AM       —      2:54–2:59 PM       —        —          —  skip
  2025-07-04      232.5 REAL    —    10:53–10:58 AM       —      2:54–2:59 PM       —        —          —  skip
  2025-07-11      230.0 REAL   11    10:53–10:58 AM    0.10      2:54–2:59 PM    0.11   +0.013    $+13.75  WIN 
  2025-07-18      247.5 REAL    —    10:53–10:58 AM       —      2:54–2:59 PM       —        —          —  skip
  2025-07-25      242.5 REAL    —    10:53–10:58 AM       —      2:54–2:59 PM       —        —          —  skip
  2025-08-01      245.0 REAL    —    10:53–10:58 AM       —      2:54–2:59 PM       —        —          —  skip
  2025-08-08      250.0 REAL    —    10:53–10:58 AM       —      2:54–2:59 PM       —        —          —  skip
  2025-08-15      247.5 REAL    1    10:53–10:58 AM    1.17      2:54–2:59 PM    0.27   -0.900    $-90.00  LOSS
  2025-08-22      232.5 REAL   10    10:53–10:58 AM    0.10      2:54–2:59 PM    0.01   -0.093    $-93.33  LOSS
  2025-08-29      237.5 REAL    —    10:53–10:58 AM       —      2:54–2:59 PM       —        —          —  skip
  2025-09-05      230.0 REAL    —    10:53–10:58 AM       —      2:54–2:59 PM       —        —          —  skip
  2025-09-12      305.0 REAL    1    10:53–10:58 AM    8.99      2:54–2:59 PM   10.13   +1.142   $+114.20  WIN 
  2025-09-19      297.5 REAL    2    10:53–10:58 AM    0.62      2:54–2:59 PM    0.02   -0.597   $-119.33  LOSS
  2025-09-26      292.5 REAL    1    10:53–10:58 AM    6.54      2:54–2:59 PM    8.82   +2.288   $+228.83  WIN 
  2025-10-03      290.0 REAL    1    10:53–10:58 AM    1.13      2:54–2:59 PM    3.95   +2.824   $+282.40  WIN 
  2025-10-10      300.0 REAL    4    10:53–10:58 AM    0.29      2:54–2:59 PM    5.05   +4.762  $+1904.80  WIN 
  2025-10-17      300.0 REAL    1    10:53–10:58 AM    9.66      2:54–2:59 PM   10.25   +0.588    $+58.75  WIN 
  2025-10-24      285.0 REAL    1    10:53–10:58 AM    2.87      2:54–2:59 PM    0.88   -1.983   $-198.27  LOSS
  2025-10-31      260.0 REAL    3    10:53–10:58 AM    0.37      2:54–2:59 PM    0.57   +0.202    $+60.60  WIN 
  2025-11-07      240.0 REAL    1    10:53–10:58 AM    5.37      2:54–2:59 PM    2.23   -3.144   $-314.40  LOSS
  2025-11-14      212.5 REAL    8    10:53–10:58 AM    0.13      2:54–2:59 PM    0.01   -0.120    $-96.00  LOSS
  2025-11-21      205.0 REAL    —    10:53–10:58 AM       —      2:54–2:59 PM       —        —          —  skip
  2025-11-28      200.0 REAL    —    10:53–10:58 AM       —      2:54–2:59 PM       —        —          —  skip
  2025-12-05      220.0 REAL    1    10:53–10:58 AM    3.33      2:54–2:59 PM    4.01   +0.677    $+67.67  WIN 
  2025-12-12      195.0 REAL    1    10:53–10:58 AM    3.73      2:54–2:59 PM    5.08   +1.351   $+135.13  WIN 
  2025-12-19      190.0 REAL    2    10:53–10:58 AM    0.60      2:54–2:59 PM    0.05   -0.550   $-110.00  LOSS
  2025-12-26      200.0 REAL    1    10:53–10:58 AM    2.09      2:54–2:59 PM    2.37   +0.280    $+28.00  WIN 
  2026-01-02      200.0 REAL    1    10:53–10:58 AM    4.85      2:54–2:59 PM    4.50   -0.350    $-35.00  LOSS
  2026-01-09      190.0 REAL    5    10:53–10:58 AM    0.21      2:54–2:59 PM    0.01   -0.191    $-95.50  LOSS
  2026-01-16      190.0 REAL    1    10:53–10:58 AM    2.79      2:54–2:59 PM    0.08   -2.712   $-271.15  LOSS
  2026-01-23      175.0 REAL    4    10:53–10:58 AM    0.26      2:54–2:59 PM    0.10   -0.163    $-65.00  LOSS
  2026-01-30      170.0 REAL    1    10:53–10:58 AM    2.75      2:54–2:59 PM    4.99   +2.239   $+223.90  WIN 
  2026-02-06      140.0 REAL    1    10:53–10:58 AM    1.34      2:54–2:59 PM    0.21   -1.126   $-112.60  LOSS
  2026-02-13      160.0 REAL    1    10:53–10:58 AM    2.51      2:54–2:59 PM    0.22   -2.294   $-229.40  LOSS
  2026-02-20      150.0 REAL    6    10:53–10:58 AM    0.19      2:54–2:59 PM    2.19   +2.001  $+1200.60  WIN 
  2026-02-27      145.0 REAL    1    10:53–10:58 AM    1.01      2:54–2:59 PM    2.71   +1.700   $+170.00  WIN 
  2026-03-06      155.0 REAL    3    10:53–10:58 AM    0.41      2:54–2:59 PM    0.03   -0.376   $-112.80  LOSS
  2026-03-13      160.0 REAL    1    10:53–10:58 AM    4.15      2:54–2:59 PM    4.73   +0.577    $+57.67  WIN 
  2026-03-20      150.0 REAL    2    10:53–10:58 AM    0.67      2:54–2:59 PM    1.22   +0.551   $+110.30  WIN 
  2026-03-27      140.0 REAL    1    10:53–10:58 AM    1.06      2:54–2:59 PM    0.56   -0.503    $-50.33  LOSS
  2026-04-03      145.0 REAL    2    10:53–10:58 AM    0.92      2:54–2:59 PM    0.09   -0.828   $-165.60  LOSS
  2026-04-10      135.0 REAL    7    10:53–10:58 AM    0.16      2:54–2:59 PM    0.03   -0.133    $-92.75  LOSS
  2026-04-17      185.0 REAL    1    10:53–10:58 AM    5.20      2:54–2:59 PM   11.15   +5.955   $+595.50  WIN 
  2026-04-24      180.0 REAL    —    10:53–10:58 AM       —      2:54–2:59 PM       —        —          —  skip
  2026-05-01      165.0 REAL    —    10:53–10:58 AM       —      2:54–2:59 PM       —        —          —  skip
  2026-05-08      195.0 REAL    1    10:53–10:58 AM    1.13      2:54–2:59 PM    0.52   -0.618    $-61.75  LOSS
  2026-05-15      190.0 REAL    4    10:53–10:58 AM    0.29      2:54–2:59 PM    0.03   -0.257   $-102.67  LOSS
  2026-05-22      190.0 REAL    —    10:53–10:58 AM       —      2:54–2:59 PM       —        —          —  skip
  2026-05-29      207.5 REAL    —    10:53–10:58 AM       —      2:54–2:59 PM       —        —          —  skip
  2026-06-05      230.0 REAL    1    10:53–10:58 AM    7.71      2:54–2:59 PM   19.48  +11.775  $+1177.50  WIN 
  2026-06-12      185.0 REAL    1    10:53–10:58 AM    3.17      2:54–2:59 PM    3.80   +0.635    $+63.50  WIN 
  2026-06-19      185.0 REAL    1    10:53–10:58 AM    1.52      2:54–2:59 PM    0.53   -0.983    $-98.27  LOSS
  2026-06-26      150.0 REAL    2    10:53–10:58 AM    0.82      2:54–2:59 PM    0.95   +0.130    $+26.00  WIN 
  2026-07-03      145.0 REAL    1    10:53–10:58 AM    3.27      2:54–2:59 PM    4.62   +1.357   $+135.70  WIN 

  SUMMARY (optimal frames)  trades: 55   wins: 26/55   win rate: 47.3%   total P&L: $+5,059.40   avg/trade: $+91.99
           best day: $+1904.80   worst day: $-314.40   skipped (no data): 49
           premium spent: $13,086.35   return on spend: +38.7%

  ORCL PUTS — HEATMAPS   (entry-frame start ↓  exit-frame start →   cyan = chosen optimal)

  Each cell = best frame pair starting in that 30-min bucket (best over all durations).

  1) WIN RATE %  (wins ÷ trades)
    Entry |   9:30  10:00  10:30  11:00  11:30  12:00  12:30   1:00   1:30   2:00   2:30   3:00   3:30
  --------+-------------------------------------------------------------------------------------------
     9:30 |    49%    46%    36%    32%    33%    37%    41%    38%    41%    37%    42%    46%    44%
    10:00 |      ·    41%    34%    36%    38%    37%    39%    45%    39%    36%    38%    39%    42%
    10:30 |      ·      ·    38%    44%    49%    40%    38%    40%    41%    44%    46%    46%    40%
    11:00 |      ·      ·      ·    57%    51%    46%    41%    40%    38%    46%    43%    41%    43%
    11:30 |      ·      ·      ·      ·    48%    51%    51%    53%    48%    40%    44%    42%    41%
    12:00 |      ·      ·      ·      ·      ·    50%    49%    49%    44%    46%    45%    48%    52%
    12:30 |      ·      ·      ·      ·      ·      ·    62%    45%    44%    44%    45%    43%    50%
     1:00 |      ·      ·      ·      ·      ·      ·      ·    45%    54%    51%    46%    41%    47%
     1:30 |      ·      ·      ·      ·      ·      ·      ·      ·    59%    45%    43%    44%    49%
     2:00 |      ·      ·      ·      ·      ·      ·      ·      ·      ·    45%    52%    48%    43%
     2:30 |      ·      ·      ·      ·      ·      ·      ·      ·      ·      ·    55%    45%    42%
     3:00 |      ·      ·      ·      ·      ·      ·      ·      ·      ·      ·      ·    57%    50%
     3:30 |      ·      ·      ·      ·      ·      ·      ·      ·      ·      ·      ·      ·    42%

  2) WIN COUNT  (number of winning trades)
    Entry |   9:30  10:00  10:30  11:00  11:30  12:00  12:30   1:00   1:30   2:00   2:30   3:00   3:30
  --------+-------------------------------------------------------------------------------------------
     9:30 |     44     38     32     26     24     30     24     33     28     32     32     32     30
    10:00 |      ·     29     29     23     25     26     22     24     26     27     22     26     28
    10:30 |      ·      ·     33     32     30     28     21     23     24     22     26     28     23
    11:00 |      ·      ·      ·     38     31     32     28     22     21     22     27     24     25
    11:30 |      ·      ·      ·      ·     37     39     37     27     31     23     24     25     27
    12:00 |      ·      ·      ·      ·      ·     38     30     35     32     33     24     29     31
    12:30 |      ·      ·      ·      ·      ·      ·     40     25     27     25     29     27     27
     1:00 |      ·      ·      ·      ·      ·      ·      ·     29     33     27     21     19     27
     1:30 |      ·      ·      ·      ·      ·      ·      ·      ·     33     29     28     22     28
     2:00 |      ·      ·      ·      ·      ·      ·      ·      ·      ·     29     42     28     23
     2:30 |      ·      ·      ·      ·      ·      ·      ·      ·      ·      ·     35     25     23
     3:00 |      ·      ·      ·      ·      ·      ·      ·      ·      ·      ·      ·     33     28
     3:30 |      ·      ·      ·      ·      ·      ·      ·      ·      ·      ·      ·      ·     27

  3a) AVG P&L PER TRADE  ($ per contract)
    Entry |   9:30  10:00  10:30  11:00  11:30  12:00  12:30   1:00   1:30   2:00   2:30   3:00   3:30
  --------+-------------------------------------------------------------------------------------------
     9:30 |    +13    +18    +17    +20    +23    +20    +24    +27    +34    +31    +34    +50    +45
    10:00 |      ·     +7     +3     +8    +16    +11    +15    +20    +21    +20    +41    +43    +42
    10:30 |      ·      ·    +14    +33    +39    +35    +43    +47    +44    +55    +75    +75    +69
    11:00 |      ·      ·      ·    +12    +22    +21    +30    +27    +36    +53    +51    +58    +48
    11:30 |      ·      ·      ·      ·     +9     +8    +13     +5    +15    +32    +20    +32    +33
    12:00 |      ·      ·      ·      ·      ·    +12    +22    +17    +19    +22    +29    +40    +41
    12:30 |      ·      ·      ·      ·      ·      ·    +11     +7    +11    +15    +14    +23    +34
     1:00 |      ·      ·      ·      ·      ·      ·      ·    +12    +13    +17    +29    +40    +30
     1:30 |      ·      ·      ·      ·      ·      ·      ·      ·    +15    +20    +29    +49    +45
     2:00 |      ·      ·      ·      ·      ·      ·      ·      ·      ·    +27    +35    +48    +50
     2:30 |      ·      ·      ·      ·      ·      ·      ·      ·      ·      ·    +49    +34    +43
     3:00 |      ·      ·      ·      ·      ·      ·      ·      ·      ·      ·      ·    +16    +28
     3:30 |      ·      ·      ·      ·      ·      ·      ·      ·      ·      ·      ·      ·    +12

  3b) TOTAL P&L  ($ per contract, summed over all Fridays)
    Entry |    9:30   10:00   10:30   11:00   11:30   12:00   12:30    1:00    1:30    2:00    2:30    3:00    3:30
  --------+--------------------------------------------------------------------------------------------------------
     9:30 |   +1116   +1447   +1567   +1610   +1675   +1610   +1436   +2350   +2291   +2663   +2608   +3514   +3057
    10:00 |       ·    +514    +242    +508   +1040    +766    +851   +1063   +1416   +1475   +2389   +2837   +2757
    10:30 |       ·       ·   +1229   +2376   +2407   +2456   +2415   +2717   +2609   +2758   +4174   +4550   +3939
    11:00 |       ·       ·       ·    +813   +1324   +1475   +2052   +1511   +1991   +2558   +3236   +3377   +2785
    11:30 |       ·       ·       ·       ·    +685    +632    +905    +258    +960   +1810   +1094   +1862   +2176
    12:00 |       ·       ·       ·       ·       ·    +907   +1322   +1199   +1351   +1567   +1559   +2402   +2456
    12:30 |       ·       ·       ·       ·       ·       ·    +703    +391    +659    +852    +896   +1424   +1858
     1:00 |       ·       ·       ·       ·       ·       ·       ·    +757    +816    +899   +1352   +1831   +1717
     1:30 |       ·       ·       ·       ·       ·       ·       ·       ·    +813   +1295   +1858   +2446   +2561
     2:00 |       ·       ·       ·       ·       ·       ·       ·       ·       ·   +1761   +2830   +2801   +2640
     2:30 |       ·       ·       ·       ·       ·       ·       ·       ·       ·       ·   +3140   +1912   +2355
     3:00 |       ·       ·       ·       ·       ·       ·       ·       ·       ·       ·       ·    +900   +1554
     3:30 |       ·       ·       ·       ·       ·       ·       ·       ·       ·       ·       ·       ·    +755

──────────────────────────────────────────────────────────────────────────────────────
  ORCL PUTS — TOP 15 FRAME PAIRS (by win_rate × avg payoff)
──────────────────────────────────────────────────────────────────────────────────────
   #        Entry frame         Exit frame  Trades   Wins    Win%    Avg P&L     Total P&L
  --  -----------------  -----------------  ------  -----  ------  ---------  ------------
   1     10:55–11:00 AM       2:55–3:00 PM      56     26  46.4%    $+74.54    $+4,174.28
   2     10:55–11:00 AM       3:00–3:05 PM      61     28  45.9%    $+74.59    $+4,550.12
   3     10:55–11:00 AM       3:35–3:40 PM      57     23  40.4%    $+69.10    $+3,938.82
   4       2:35–2:40 PM       2:45–3:15 PM      64     35  54.7%    $+49.06    $+3,139.97
   5     10:55–11:00 AM       3:10–3:15 PM      56     23  41.1%    $+65.29    $+3,656.45
   6     10:50–10:55 AM       2:55–3:00 PM      55     23  41.8%    $+60.01    $+3,300.75
   7     10:55–11:00 AM       2:50–2:55 PM      58     24  41.4%    $+60.48    $+3,507.55
   8     10:50–11:00 AM       2:55–3:00 PM      60     26  43.3%    $+57.49    $+3,449.24
   9     10:45–11:00 AM       2:55–3:00 PM      63     27  42.9%    $+58.05    $+3,657.29
  10     10:55–11:00 AM       3:25–3:30 PM      54     20  37.0%    $+66.10    $+3,569.43
  11     11:10–11:15 AM       2:05–2:10 PM      48     22  45.8%    $+53.29    $+2,558.10
  12     10:55–11:00 AM       2:05–2:10 PM      50     22  44.0%    $+55.16    $+2,757.80
  13       2:35–2:40 PM       2:50–3:20 PM      64     32  50.0%    $+48.17    $+3,083.00
  14     11:10–11:15 AM       3:00–3:05 PM      58     24  41.4%    $+58.22    $+3,376.62
  15     10:45–10:50 AM       3:35–3:40 PM      65     29  44.6%    $+53.64    $+3,486.78

──────────────────────────────────────────────────────────────────────────────────────
  Saved CSV: C:\actions-runner\_work\EoD_OptionTrading\EoD_OptionTrading\results\friday_intraday\backtest_friday_intraday_timeframe_puts_730days_2026-07-09_1615.csv
  Saved TXT: C:\actions-runner\_work\EoD_OptionTrading\EoD_OptionTrading\results\friday_intraday\backtest_friday_intraday_timeframe_puts_730days_2026-07-09_1615.txt
  Saved TXT (outliers removed): C:\actions-runner\_work\EoD_OptionTrading\EoD_OptionTrading\results\friday_intraday\backtest_friday_intraday_timeframe_puts_730days_2026-07-09_1615_outliers_removed.txt
──────────────────────────────────────────────────────────────────────────────────────


======================================================================
  STRATEGY SUMMARY — Friday intraday optimal entry/exit (0DTE, 7 names)
======================================================================
  Data source : REAL Alpaca option bars
  Trades      : 1304
  Win rate    : 36.7%
  Total P&L   : $152,160.54
  Avg / trade : $116.69
  Max drawdown: $-2,907.64
  Best intraday entry/exit frame per leg (buy → sell, same Friday):
    AAPL_CALL   : enter    3:50–3:55 PM  exit    3:55–4:00 PM  (win 41%, $3,783)
    AAPL_PUT    : enter  10:00–10:05 AM  exit  12:04–12:10 PM  (win 41%, $6,990)
    AMZN_CALL   : enter    2:35–2:40 PM  exit    3:55–4:00 PM  (win 30%, $25,806)
    AMZN_PUT    : enter    9:45–9:51 AM  exit  10:59–11:05 AM  (win 39%, $3,129)
    GOOGL_CALL  : enter    3:32–3:37 PM  exit    3:55–4:00 PM  (win 43%, $34,244)
    GOOGL_PUT   : enter    9:40–9:55 AM  exit 11:50 AM–12:25 PM  (win 38%, $3,209)
    MSFT_CALL   : enter    3:45–3:50 PM  exit    3:55–4:00 PM  (win 37%, $3,596)
    MSFT_PUT    : enter    3:20–3:25 PM  exit    3:50–3:55 PM  (win 41%, $3,553)
    NVDA_CALL   : enter    2:58–3:03 PM  exit    3:31–3:36 PM  (win 26%, $9,478)
    NVDA_PUT    : enter    3:25–3:30 PM  exit    3:51–3:56 PM  (win 41%, $5,725)
    ORCL_CALL   : enter  11:52–11:57 AM  exit    3:10–3:15 PM  (win 24%, $7,568)
    ORCL_PUT    : enter    2:55–3:00 PM  exit    3:26–3:31 PM  (win 43%, $25,639)
    TSLA_CALL   : enter    9:40–9:45 AM  exit    1:45–1:52 PM  (win 43%, $9,860)
    TSLA_PUT    : enter    3:06–3:11 PM  exit    3:55–4:00 PM  (win 28%, $9,580)
======================================================================

===STRATEGY_SUMMARY_JSON===
{"status": "ok", "strategy": "friday_intraday", "tickers": ["TSLA", "AMZN", "AAPL", "NVDA", "GOOGL", "MSFT", "ORCL"], "entry_day": "Friday (intraday \u2014 buy and sell the same session)", "expiry": "Friday weekly (0DTE)", "session": "9:30 AM-4:00 PM ET", "lookback_days": 730, "target_spend": 1.0, "outlier_max": 2000, "n_trades": 1304, "win_rate": 0.3673, "total_pnl": 152160.54, "avg_pnl": 116.69, "best_trade": 29896.0, "worst_trade": -557.11, "max_drawdown": -2907.64, "sharpe": 0.081, "data_source": "REAL Alpaca option bars", "legs": {"AAPL_CALL": {"ticker": "AAPL", "opt_type": "CALL", "entry_frame": "3:50\u20133:55 PM", "exit_frame": "3:55\u20134:00 PM", "entry_minutes": 5, "exit_minutes": 5, "n_trades": 98, "wins": 40, "win_rate": 0.4082, "total_pnl": 3783.32, "avg_pnl": 38.61, "best_day": 2599.2, "worst_day": -211.4, "premium_spent": 19821.02, "return_on_spend": 0.1909, "data_source": "REAL Alpaca option bars"}, "AAPL_PUT": {"ticker": "AAPL", "opt_type": "PUT", "entry_frame": "10:00\u201310:05 AM", "exit_frame": "12:04\u201312:10 PM", "entry_minutes": 5, "exit_minutes": 6, "n_trades": 103, "wins": 42, "win_rate": 0.4078, "total_pnl": 6989.5, "avg_pnl": 67.86, "best_day": 5719.0, "worst_day": -177.13, "premium_spent": 16163.8, "return_on_spend": 0.4324, "data_source": "REAL Alpaca option bars"}, "AMZN_CALL": {"ticker": "AMZN", "opt_type": "CALL", "entry_frame": "2:35\u20132:40 PM", "exit_frame": "3:55\u20134:00 PM", "entry_minutes": 5, "exit_minutes": 5, "n_trades": 100, "wins": 30, "win_rate": 0.3, "total_pnl": 25805.85, "avg_pnl": 258.06, "best_day": 25977.2, "worst_day": -173.2, "premium_spent": 18239.33, "return_on_spend": 1.4148, "data_source": "REAL Alpaca option bars"}, "AMZN_PUT": {"ticker": "AMZN", "opt_type": "PUT", "entry_frame": "9:45\u20139:51 AM", "exit_frame": "10:59\u201311:05 AM", "entry_minutes": 6, "exit_minutes": 6, "n_trades": 104, "wins": 41, "win_rate": 0.3942, "total_pnl": 3129.36, "avg_pnl": 30.09, "best_day": 3366.67, "worst_day": -261.5, "premium_spent": 17221.15, "return_on_spend": 0.1817, "data_source": "REAL Alpaca option bars"}, "GOOGL_CALL": {"ticker": "GOOGL", "opt_type": "CALL", "entry_frame": "3:32\u20133:37 PM", "exit_frame": "3:55\u20134:00 PM", "entry_minutes": 5, "exit_minutes": 5, "n_trades": 90, "wins": 39, "win_rate": 0.4333, "total_pnl": 34244.13, "avg_pnl": 380.49, "best_day": 29896.0, "worst_day": -186.2, "premium_spent": 17457.07, "return_on_spend": 1.9616, "data_source": "REAL Alpaca option bars"}, "GOOGL_PUT": {"ticker": "GOOGL", "opt_type": "PUT", "entry_frame": "9:40\u20139:55 AM", "exit_frame": "11:50 AM\u201312:25 PM", "entry_minutes": 15, "exit_minutes": 35, "n_trades": 104, "wins": 39, "win_rate": 0.375, "total_pnl": 3209.06, "avg_pnl": 30.86, "best_day": 1563.33, "worst_day": -557.11, "premium_spent": 19246.06, "return_on_spend": 0.1667, "data_source": "REAL Alpaca option bars"}, "MSFT_CALL": {"ticker": "MSFT", "opt_type": "CALL", "entry_frame": "3:45\u20133:50 PM", "exit_frame": "3:55\u20134:00 PM", "entry_minutes": 5, "exit_minutes": 5, "n_trades": 91, "wins": 34, "win_rate": 0.3736, "total_pnl": 3596.04, "avg_pnl": 39.52, "best_day": 1465.2, "worst_day": -282.8, "premium_spent": 21840.58, "return_on_spend": 0.1646, "data_source": "REAL Alpaca option bars"}, "MSFT_PUT": {"ticker": "MSFT", "opt_type": "PUT", "entry_frame": "3:20\u20133:25 PM", "exit_frame": "3:50\u20133:55 PM", "entry_minutes": 5, "exit_minutes": 5, "n_trades": 91, "wins": 37, "win_rate": 0.4066, "total_pnl": 3553.48, "avg_pnl": 39.05, "best_day": 2747.2, "worst_day": -193.5, "premium_spent": 23891.26, "return_on_spend": 0.1487, "data_source": "REAL Alpaca option bars"}, "NVDA_CALL": {"ticker": "NVDA", "opt_type": "CALL", "entry_frame": "2:58\u20133:03 PM", "exit_frame": "3:31\u20133:36 PM", "entry_minutes": 5, "exit_minutes": 5, "n_trades": 101, "wins": 26, "win_rate": 0.2574, "total_pnl": 9477.63, "avg_pnl": 93.84, "best_day": 11463.5, "worst_day": -125.4, "premium_spent": 19967.9, "return_on_spend": 0.4746, "data_source": "REAL Alpaca option bars"}, "NVDA_PUT": {"ticker": "NVDA", "opt_type": "PUT", "entry_frame": "3:25\u20133:30 PM", "exit_frame": "3:51\u20133:56 PM", "entry_minutes": 5, "exit_minutes": 5, "n_trades": 100, "wins": 41, "win_rate": 0.41, "total_pnl": 5724.93, "avg_pnl": 57.25, "best_day": 3211.2, "worst_day": -140.45, "premium_spent": 21470.5, "return_on_spend": 0.2666, "data_source": "REAL Alpaca option bars"}, "ORCL_CALL": {"ticker": "ORCL", "opt_type": "CALL", "entry_frame": "11:52\u201311:57 AM", "exit_frame": "3:10\u20133:15 PM", "entry_minutes": 5, "exit_minutes": 5, "n_trades": 67, "wins": 16, "win_rate": 0.2388, "total_pnl": 7568.08, "avg_pnl": 112.96, "best_day": 7323.6, "worst_day": -280.75, "premium_spent": 13056.3, "return_on_spend": 0.5796, "data_source": "REAL Alpaca option bars"}, "ORCL_PUT": {"ticker": "ORCL", "opt_type": "PUT", "entry_frame": "2:55\u20133:00 PM", "exit_frame": "3:26\u20133:31 PM", "entry_minutes": 5, "exit_minutes": 5, "n_trades": 56, "wins": 24, "win_rate": 0.4286, "total_pnl": 25638.85, "avg_pnl": 457.84, "best_day": 25997.4, "worst_day": -166.8, "premium_spent": 13903.83, "return_on_spend": 1.844, "data_source": "REAL Alpaca option bars"}, "TSLA_CALL": {"ticker": "TSLA", "opt_type": "CALL", "entry_frame": "9:40\u20139:45 AM", "exit_frame": "1:45\u20131:52 PM", "entry_minutes": 5, "exit_minutes": 7, "n_trades": 101, "wins": 43, "win_rate": 0.4257, "total_pnl": 9859.97, "avg_pnl": 97.62, "best_day": 1906.49, "worst_day": -482.43, "premium_spent": 39456.4, "return_on_spend": 0.2499, "data_source": "REAL Alpaca option bars"}, "TSLA_PUT": {"ticker": "TSLA", "opt_type": "PUT", "entry_frame": "3:06\u20133:11 PM", "exit_frame": "3:55\u20134:00 PM", "entry_minutes": 5, "exit_minutes": 5, "n_trades": 98, "wins": 27, "win_rate": 0.2755, "total_pnl": 9580.34, "avg_pnl": 97.76, "best_day": 11726.4, "worst_day": -476.0, "premium_spent": 40807.58, "return_on_spend": 0.2348, "data_source": "REAL Alpaca option bars"}}, "outliers_removed": {"n_trades": 1328, "win_rate": 0.4232, "total_pnl": 54917.36, "avg_pnl": 41.35, "best_trade": 1984.5, "worst_trade": -562.43, "max_drawdown": -2291.64, "sharpe": 0.15, "data_source": "REAL Alpaca option bars", "legs": {"AAPL_CALL": {"ticker": "AAPL", "opt_type": "CALL", "entry_frame": "9:34\u20139:39 AM", "exit_frame": "12:55\u20131:00 PM", "entry_minutes": 5, "exit_minutes": 5, "n_trades": 104, "wins": 41, "win_rate": 0.3942, "total_pnl": 3539.15, "avg_pnl": 34.03, "best_day": 1822.8, "worst_day": -294.0, "premium_spent": 17216.2, "return_on_spend": 0.2056, "data_source": "REAL Alpaca option bars"}, "AAPL_PUT": {"ticker": "AAPL", "opt_type": "PUT", "entry_frame": "10:11\u201310:17 AM", "exit_frame": "1:04\u20131:09 PM", "entry_minutes": 6, "exit_minutes": 5, "n_trades": 100, "wins": 44, "win_rate": 0.44, "total_pnl": 3614.89, "avg_pnl": 36.15, "best_day": 1984.5, "worst_day": -206.33, "premium_spent": 15890.57, "return_on_spend": 0.2275, "data_source": "REAL Alpaca option bars"}, "AMZN_CALL": {"ticker": "AMZN", "opt_type": "CALL", "entry_frame": "10:50\u201310:58 AM", "exit_frame": "11:45 AM\u201312:08 PM", "entry_minutes": 8, "exit_minutes": 23, "n_trades": 104, "wins": 47, "win_rate": 0.4519, "total_pnl": 2008.33, "avg_pnl": 19.31, "best_day": 545.07, "worst_day": -108.69, "premium_spent": 19147.48, "return_on_spend": 0.1049, "data_source": "REAL Alpaca option bars"}, "AMZN_PUT": {"ticker": "AMZN", "opt_type": "PUT", "entry_frame": "9:48\u20139:54 AM", "exit_frame": "10:29\u201310:34 AM", "entry_minutes": 6, "exit_minutes": 5, "n_trades": 104, "wins": 47, "win_rate": 0.4519, "total_pnl": 2114.07, "avg_pnl": 20.33, "best_day": 1868.0, "worst_day": -180.33, "premium_spent": 17073.4, "return_on_spend": 0.1238, "data_source": "REAL Alpaca option bars"}, "GOOGL_CALL": {"ticker": "GOOGL", "opt_type": "CALL", "entry_frame": "3:40\u20133:45 PM", "exit_frame": "3:54\u20133:59 PM", "entry_minutes": 5, "exit_minutes": 5, "n_trades": 86, "wins": 34, "win_rate": 0.3953, "total_pnl": 3855.9, "avg_pnl": 44.84, "best_day": 1963.1, "worst_day": -219.2, "premium_spent": 16550.41, "return_on_spend": 0.233, "data_source": "REAL Alpaca option bars"}, "GOOGL_PUT": {"ticker": "GOOGL", "opt_type": "PUT", "entry_frame": "9:40\u20139:55 AM", "exit_frame": "11:50 AM\u201312:25 PM", "entry_minutes": 15, "exit_minutes": 35, "n_trades": 104, "wins": 39, "win_rate": 0.375, "total_pnl": 3209.06, "avg_pnl": 30.86, "best_day": 1563.33, "worst_day": -557.11, "premium_spent": 19246.06, "return_on_spend": 0.1667, "data_source": "REAL Alpaca option bars"}, "MSFT_CALL": {"ticker": "MSFT", "opt_type": "CALL", "entry_frame": "3:45\u20133:50 PM", "exit_frame": "3:55\u20134:00 PM", "entry_minutes": 5, "exit_minutes": 5, "n_trades": 91, "wins": 34, "win_rate": 0.3736, "total_pnl": 3596.04, "avg_pnl": 39.52, "best_day": 1465.2, "worst_day": -282.8, "premium_spent": 21840.58, "return_on_spend": 0.1646, "data_source": "REAL Alpaca option bars"}, "MSFT_PUT": {"ticker": "MSFT", "opt_type": "PUT", "entry_frame": "3:19\u20133:24 PM", "exit_frame": "3:41\u20133:46 PM", "entry_minutes": 5, "exit_minutes": 5, "n_trades": 90, "wins": 43, "win_rate": 0.4778, "total_pnl": 2464.6, "avg_pnl": 27.38, "best_day": 1853.55, "worst_day": -152.33, "premium_spent": 23740.51, "return_on_spend": 0.1038, "data_source": "REAL Alpaca option bars"}, "NVDA_CALL": {"ticker": "NVDA", "opt_type": "CALL", "entry_frame": "9:37\u20139:45 AM", "exit_frame": "10:35\u201310:40 AM", "entry_minutes": 8, "exit_minutes": 5, "n_trades": 104, "wins": 39, "win_rate": 0.375, "total_pnl": 1249.51, "avg_pnl": 12.01, "best_day": 848.25, "worst_day": -196.28, "premium_spent": 18523.14, "return_on_spend": 0.0675, "data_source": "REAL Alpaca option bars"}, "NVDA_PUT": {"ticker": "NVDA", "opt_type": "PUT", "entry_frame": "9:50\u20139:55 AM", "exit_frame": "3:50\u20133:55 PM", "entry_minutes": 5, "exit_minutes": 5, "n_trades": 100, "wins": 39, "win_rate": 0.39, "total_pnl": 4701.5, "avg_pnl": 47.02, "best_day": 1077.6, "worst_day": -253.0, "premium_spent": 17377.3, "return_on_spend": 0.2706, "data_source": "REAL Alpaca option bars"}, "ORCL_CALL": {"ticker": "ORCL", "opt_type": "CALL", "entry_frame": "9:58\u201310:03 AM", "exit_frame": "11:08\u201311:13 AM", "entry_minutes": 5, "exit_minutes": 5, "n_trades": 81, "wins": 37, "win_rate": 0.4568, "total_pnl": 3677.75, "avg_pnl": 45.4, "best_day": 589.5, "worst_day": -173.6, "premium_spent": 15143.24, "return_on_spend": 0.2429, "data_source": "REAL Alpaca option bars"}, "ORCL_PUT": {"ticker": "ORCL", "opt_type": "PUT", "entry_frame": "10:53\u201310:58 AM", "exit_frame": "2:54\u20132:59 PM", "entry_minutes": 5, "exit_minutes": 5, "n_trades": 55, "wins": 26, "win_rate": 0.4727, "total_pnl": 5059.4, "avg_pnl": 91.99, "best_day": 1904.8, "worst_day": -314.4, "premium_spent": 13086.35, "return_on_spend": 0.3866, "data_source": "REAL Alpaca option bars"}, "TSLA_CALL": {"ticker": "TSLA", "opt_type": "CALL", "entry_frame": "9:40\u20139:45 AM", "exit_frame": "1:45\u20131:52 PM", "entry_minutes": 5, "exit_minutes": 7, "n_trades": 101, "wins": 43, "win_rate": 0.4257, "total_pnl": 9859.97, "avg_pnl": 97.62, "best_day": 1906.49, "worst_day": -482.43, "premium_spent": 39456.4, "return_on_spend": 0.2499, "data_source": "REAL Alpaca option bars"}, "TSLA_PUT": {"ticker": "TSLA", "opt_type": "PUT", "entry_frame": "9:52\u20139:57 AM", "exit_frame": "10:27\u201310:34 AM", "entry_minutes": 5, "exit_minutes": 7, "n_trades": 104, "wins": 49, "win_rate": 0.4712, "total_pnl": 5967.19, "avg_pnl": 57.38, "best_day": 990.8, "worst_day": -562.43, "premium_spent": 38905.4, "return_on_spend": 0.1534, "data_source": "REAL Alpaca option bars"}}, "removed_dates": ["2025-06-27"], "outlier_max": 2000}, "generated_at": "2026-07-09T20:20:23.495302+00:00"}
===END_SUMMARY===

=== strategy stderr ===

