date,opt_type,contract_symbol,strike,source,entry_frame,entry_price,exit_frame,exit_price,payoff_per_share,contracts,cost_dollars,pnl_dollars,profitable,note
2024-07-12,C,TSLA240712C00237500,237.5,REAL,9:40–9:45 AM,6.256,1:45–1:52 PM,11.9,5.644,1,625.6,564.4,True,
2024-07-19,C,TSLA240719C00247500,247.5,REAL,9:40–9:45 AM,2.22,1:45–1:52 PM,0.0417,-2.1783,1,222.0,-217.83,False,
2024-07-26,C,TSLA240726C00222500,222.5,REAL,9:40–9:45 AM,0.868,1:45–1:52 PM,0.4629,-0.4051,2,173.6,-81.03,False,
2024-08-02,C,TSLA240802C00212500,212.5,REAL,9:40–9:45 AM,4.054,1:45–1:52 PM,0.0857,-3.9683,1,405.4,-396.83,False,
2024-08-09,C,TSLA240809C00195000,195.0,REAL,9:40–9:45 AM,3.856,1:45–1:52 PM,5.1133,1.2573,1,385.6,125.73,True,
2024-08-16,C,TSLA240816C00212500,212.5,REAL,9:40–9:45 AM,4.862,1:45–1:52 PM,4.8983,0.0363,1,486.2,3.63,True,
2024-08-23,C,TSLA240823C00215000,215.0,REAL,9:40–9:45 AM,3.23,1:45–1:52 PM,4.472,1.242,1,323.0,124.2,True,
2024-08-30,C,TSLA240830C00210000,210.0,REAL,9:40–9:45 AM,1.188,1:45–1:52 PM,1.7171,0.5291,1,118.8,52.91,True,
2024-09-06,C,TSLA240906C00232500,232.5,REAL,9:40–9:45 AM,0.648,1:45–1:52 PM,0.01,-0.638,2,129.6,-127.6,False,
2024-09-13,C,TSLA240913C00227500,227.5,REAL,9:40–9:45 AM,5.41,1:45–1:52 PM,2.3086,-3.1014,1,541.0,-310.14,False,
2024-09-20,C,TSLA240920C00240000,240.0,REAL,9:40–9:45 AM,2.504,1:45–1:52 PM,0.4471,-2.0569,1,250.4,-205.69,False,
2024-09-27,C,TSLA240927C00257500,257.5,REAL,9:40–9:45 AM,1.694,1:45–1:52 PM,2.2129,0.5189,1,169.4,51.89,True,
2024-10-04,C,TSLA241004C00247500,247.5,REAL,9:40–9:45 AM,2.628,1:45–1:52 PM,2.3843,-0.2437,1,262.8,-24.37,False,
2024-10-11,C,TSLA241011C00220000,220.0,REAL,9:40–9:45 AM,2.352,1:45–1:52 PM,0.8143,-1.5377,1,235.2,-153.77,False,
2024-10-18,C,TSLA241018C00220000,220.0,REAL,9:40–9:45 AM,1.934,1:45–1:52 PM,1.42,-0.514,1,193.4,-51.4,False,
2024-10-25,C,TSLA241025C00257500,257.5,REAL,9:40–9:45 AM,7.58,1:45–1:52 PM,9.4,1.82,1,758.0,182.0,True,
2024-11-01,C,TSLA241101C00252500,252.5,REAL,9:40–9:45 AM,2.336,1:45–1:52 PM,0.0371,-2.2989,1,233.6,-229.89,False,
2024-11-08,C,TSLA241108C00300000,300.0,REAL,9:40–9:45 AM,5.598,1:45–1:52 PM,24.6629,19.0649,1,559.8,1906.49,True,
2024-11-15,C,TSLA241115C00310000,310.0,REAL,9:40–9:45 AM,6.4,1:45–1:52 PM,7.9167,1.5167,1,640.0,151.67,True,
2024-11-22,C,TSLA241122C00342500,342.5,REAL,9:40–9:45 AM,2.772,1:45–1:52 PM,10.8,8.028,1,277.2,802.8,True,
2024-11-29,C,TSLA241129C00335000,335.0,REAL,9:40–9:45 AM,,1:45–1:52 PM,,,,,,,no usable price in entry/exit frame
2024-12-06,C,TSLA241206C00375000,375.0,REAL,9:40–9:45 AM,3.222,1:45–1:52 PM,2.37,-0.852,1,322.2,-85.2,False,
2024-12-13,C,TSLA241213C00417500,417.5,REAL,9:40–9:45 AM,4.88,1:45–1:52 PM,14.066,9.186,1,488.0,918.6,True,
2024-12-20,C,TSLA241220C00427500,427.5,REAL,9:40–9:45 AM,5.216,1:45–1:52 PM,13.4967,8.2807,1,521.6,828.07,True,
2024-12-27,C,TSLA241227C00447500,447.5,REAL,9:40–9:45 AM,2.74,1:45–1:52 PM,0.1371,-2.6029,1,274.0,-260.29,False,
2025-01-03,C,TSLA250103C00380000,380.0,REAL,9:40–9:45 AM,8.586,1:45–1:52 PM,21.9225,13.3365,1,858.6,1333.65,True,
2025-01-10,C,TSLA250110C00390000,390.0,REAL,9:40–9:45 AM,7.918,1:45–1:52 PM,6.7557,-1.1623,1,791.8,-116.23,False,
2025-01-17,C,TSLA250117C00422500,422.5,REAL,9:40–9:45 AM,5.534,1:45–1:52 PM,15.5633,10.0293,1,553.4,1002.93,True,
2025-01-24,C,TSLA250124C00415000,415.0,REAL,9:40–9:45 AM,3.94,1:45–1:52 PM,0.2786,-3.6614,1,394.0,-366.14,False,
2025-01-31,C,TSLA250131C00402500,402.5,REAL,9:40–9:45 AM,10.17,1:45–1:52 PM,11.03,0.86,1,1017.0,86.0,True,
2025-02-07,C,TSLA250207C00372500,372.5,REAL,9:40–9:45 AM,5.02,1:45–1:52 PM,0.3529,-4.6671,1,502.0,-466.71,False,
2025-02-14,C,TSLA250214C00360000,360.0,REAL,9:40–9:45 AM,1.818,1:45–1:52 PM,0.2386,-1.5794,1,181.8,-157.94,False,
2025-02-21,C,TSLA250221C00352500,352.5,REAL,9:40–9:45 AM,2.58,1:45–1:52 PM,0.0714,-2.5086,1,258.0,-250.86,False,
2025-02-28,C,TSLA250228C00277500,277.5,REAL,9:40–9:45 AM,6.16,1:45–1:52 PM,9.782,3.622,1,616.0,362.2,True,
2025-03-07,C,TSLA250307C00262500,262.5,REAL,9:40–9:45 AM,5.086,1:45–1:52 PM,2.4886,-2.5974,1,508.6,-259.74,False,
2025-03-14,C,TSLA250314C00247500,247.5,REAL,9:40–9:45 AM,3.308,1:45–1:52 PM,1.9429,-1.3651,1,330.8,-136.51,False,
2025-03-21,C,TSLA250321C00237500,237.5,REAL,9:40–9:45 AM,5.796,1:45–1:52 PM,9.8114,4.0154,1,579.6,401.54,True,
2025-03-28,C,TSLA250328C00275000,275.0,REAL,9:40–9:45 AM,3.036,1:45–1:52 PM,0.0529,-2.9831,1,303.6,-298.31,False,
2025-04-04,C,TSLA250404C00260000,260.0,REAL,9:40–9:45 AM,1.666,1:45–1:52 PM,0.0467,-1.6193,1,166.6,-161.93,False,
2025-04-11,C,TSLA250411C00252500,252.5,REAL,9:40–9:45 AM,6.16,1:45–1:52 PM,1.3357,-4.8243,1,616.0,-482.43,False,
2025-04-18,C,TSLA250417C00242500,242.5,REAL,9:40–9:45 AM,2.698,1:45–1:52 PM,0.7343,-1.9637,1,269.8,-196.37,False,Fri closed → Thu expiry
2025-04-25,C,TSLA250425C00262500,262.5,REAL,9:40–9:45 AM,3.99,1:45–1:52 PM,20.214,16.224,1,399.0,1622.4,True,
2025-05-02,C,TSLA250502C00287500,287.5,REAL,9:40–9:45 AM,2.246,1:45–1:52 PM,6.4871,4.2411,1,224.6,424.11,True,
2025-05-09,C,TSLA250509C00292500,292.5,REAL,9:40–9:45 AM,7.618,1:45–1:52 PM,7.6986,0.0806,1,761.8,8.06,True,
2025-05-16,C,TSLA250516C00347500,347.5,REAL,9:40–9:45 AM,4.292,1:45–1:52 PM,1.6814,-2.6106,1,429.2,-261.06,False,
2025-05-23,C,TSLA250523C00335000,335.0,REAL,9:40–9:45 AM,5.05,1:45–1:52 PM,6.9957,1.9457,1,505.0,194.57,True,
2025-05-30,C,TSLA250530C00357500,357.5,REAL,9:40–9:45 AM,2.896,1:45–1:52 PM,0.2014,-2.6946,1,289.6,-269.46,False,
2025-06-06,C,TSLA250606C00295000,295.0,REAL,9:40–9:45 AM,7.49,1:45–1:52 PM,6.2486,-1.2414,1,749.0,-124.14,False,
2025-06-13,C,TSLA250613C00315000,315.0,REAL,9:40–9:45 AM,4.746,1:45–1:52 PM,16.4183,11.6723,1,474.6,1167.23,True,
2025-06-20,C,TSLA250620C00327500,327.5,REAL,9:40–9:45 AM,2.916,1:45–1:52 PM,0.1386,-2.7774,1,291.6,-277.74,False,
2025-06-27,C,TSLA250627C00322500,322.5,REAL,9:40–9:45 AM,3.386,1:45–1:52 PM,1.5014,-1.8846,1,338.6,-188.46,False,
2025-07-04,C,TSLA250703C00317500,317.5,REAL,9:40–9:45 AM,,1:45–1:52 PM,,,,,,,no usable price in entry/exit frame
2025-07-11,C,TSLA250711C00307500,307.5,REAL,9:40–9:45 AM,2.176,1:45–1:52 PM,3.2429,1.0669,1,217.6,106.69,True,
2025-07-18,C,TSLA250718C00322500,322.5,REAL,9:40–9:45 AM,3.354,1:45–1:52 PM,5.1333,1.7793,1,335.4,177.93,True,
2025-07-25,C,TSLA250725C00310000,310.0,REAL,9:40–9:45 AM,3.158,1:45–1:52 PM,7.7114,4.5534,1,315.8,455.34,True,
2025-08-01,C,TSLA250801C00307500,307.5,REAL,9:40–9:45 AM,1.186,1:45–1:52 PM,0.29,-0.896,1,118.6,-89.6,False,
2025-08-08,C,TSLA250808C00322500,322.5,REAL,9:40–9:45 AM,6.734,1:45–1:52 PM,7.118,0.384,1,673.4,38.4,True,
2025-08-15,C,TSLA250815C00337500,337.5,REAL,9:40–9:45 AM,1.586,1:45–1:52 PM,0.07,-1.516,1,158.6,-151.6,False,
2025-08-22,C,TSLA250822C00317500,317.5,REAL,9:40–9:45 AM,7.786,1:45–1:52 PM,20.8,13.014,1,778.6,1301.4,True,
2025-08-29,C,TSLA250829C00347500,347.5,REAL,9:40–9:45 AM,1.99,1:45–1:52 PM,0.012,-1.978,1,199.0,-197.8,False,
2025-09-05,C,TSLA250905C00350000,350.0,REAL,9:40–9:45 AM,4.492,1:45–1:52 PM,1.65,-2.842,1,449.2,-284.2,False,
2025-09-12,C,TSLA250912C00372500,372.5,REAL,9:40–9:45 AM,7.348,1:45–1:52 PM,21.832,14.484,1,734.8,1448.4,True,
2025-09-19,C,TSLA250919C00425000,425.0,REAL,9:40–9:45 AM,5.02,1:45–1:52 PM,0.8786,-4.1414,1,502.0,-414.14,False,
2025-09-26,C,TSLA250926C00427500,427.5,REAL,9:40–9:45 AM,4.548,1:45–1:52 PM,5.95,1.402,1,454.8,140.2,True,
2025-10-03,C,TSLA251003C00442500,442.5,REAL,9:40–9:45 AM,3.062,1:45–1:52 PM,0.0157,-3.0463,1,306.2,-304.63,False,
2025-10-10,C,TSLA251010C00437500,437.5,REAL,9:40–9:45 AM,4.466,1:45–1:52 PM,0.025,-4.441,1,446.6,-444.1,False,
2025-10-17,C,TSLA251017C00425000,425.0,REAL,9:40–9:45 AM,5.898,1:45–1:52 PM,12.7017,6.8037,1,589.8,680.37,True,
2025-10-24,C,TSLA251024C00447500,447.5,REAL,9:40–9:45 AM,2.532,1:45–1:52 PM,0.0886,-2.4434,1,253.2,-244.34,False,
2025-10-31,C,TSLA251031C00447500,447.5,REAL,9:40–9:45 AM,4.704,1:45–1:52 PM,2.3043,-2.3997,1,470.4,-239.97,False,
2025-11-07,C,TSLA251107C00435000,435.0,REAL,9:40–9:45 AM,3.64,1:45–1:52 PM,0.6514,-2.9886,1,364.0,-298.86,False,
2025-11-14,C,TSLA251114C00390000,390.0,REAL,9:40–9:45 AM,6.212,1:45–1:52 PM,15.8675,9.6555,1,621.2,965.55,True,
2025-11-21,C,TSLA251121C00400000,400.0,REAL,9:40–9:45 AM,4.966,1:45–1:52 PM,2.5629,-2.4031,1,496.6,-240.31,False,
2025-11-28,C,TSLA251128C00430000,430.0,REAL,9:40–9:45 AM,,1:45–1:52 PM,,,,,,,no usable price in entry/exit frame
2025-12-05,C,TSLA251205C00455000,455.0,REAL,9:40–9:45 AM,3.398,1:45–1:52 PM,1.1029,-2.2951,1,339.8,-229.51,False,
2025-12-12,C,TSLA251212C00452500,452.5,REAL,9:40–9:45 AM,7.31,1:45–1:52 PM,3.5743,-3.7357,1,731.0,-373.57,False,
2025-12-19,C,TSLA251219C00487500,487.5,REAL,9:40–9:45 AM,2.644,1:45–1:52 PM,0.38,-2.264,1,264.4,-226.4,False,
2025-12-26,C,TSLA251226C00487500,487.5,REAL,9:40–9:45 AM,1.58,1:45–1:52 PM,0.0457,-1.5343,1,158.0,-153.43,False,
2026-01-02,C,TSLA260102C00457500,457.5,REAL,9:40–9:45 AM,1.012,1:45–1:52 PM,0.01,-1.002,1,101.2,-100.2,False,
2026-01-09,C,TSLA260109C00432500,432.5,REAL,9:40–9:45 AM,4.49,1:45–1:52 PM,15.0,10.51,1,449.0,1051.0,True,
2026-01-16,C,TSLA260116C00442500,442.5,REAL,9:40–9:45 AM,4.972,1:45–1:52 PM,0.3471,-4.6249,1,497.2,-462.49,False,
2026-01-23,C,TSLA260123C00447500,447.5,REAL,9:40–9:45 AM,2.036,1:45–1:52 PM,0.7229,-1.3131,1,203.6,-131.31,False,
2026-01-30,C,TSLA260130C00430000,430.0,REAL,9:40–9:45 AM,1.98,1:45–1:52 PM,4.6143,2.6343,1,198.0,263.43,True,
2026-02-06,C,TSLA260206C00400000,400.0,REAL,9:40–9:45 AM,5.676,1:45–1:52 PM,12.6771,7.0011,1,567.6,700.11,True,
2026-02-13,C,TSLA260213C00415000,415.0,REAL,9:40–9:45 AM,2.548,1:45–1:52 PM,8.6929,6.1449,1,254.8,614.49,True,
2026-02-20,C,TSLA260220C00407500,407.5,REAL,9:40–9:45 AM,4.16,1:45–1:52 PM,5.5357,1.3757,1,416.0,137.57,True,
2026-02-27,C,TSLA260227C00402500,402.5,REAL,9:40–9:45 AM,3.242,1:45–1:52 PM,0.3243,-2.9177,1,324.2,-291.77,False,
2026-03-06,C,TSLA260306C00397500,397.5,REAL,9:40–9:45 AM,2.49,1:45–1:52 PM,2.67,0.18,1,249.0,18.0,True,
2026-03-13,C,TSLA260313C00397500,397.5,REAL,9:40–9:45 AM,2.916,1:45–1:52 PM,0.2514,-2.6646,1,291.6,-266.46,False,
2026-03-20,C,TSLA260320C00377500,377.5,REAL,9:40–9:45 AM,2.012,1:45–1:52 PM,0.0586,-1.9534,1,201.2,-195.34,False,
2026-03-27,C,TSLA260327C00370000,370.0,REAL,9:40–9:45 AM,0.97,1:45–1:52 PM,0.0217,-0.9483,2,194.0,-189.67,False,
2026-04-03,C,TSLA260402C00365000,365.0,REAL,9:40–9:45 AM,4.544,1:45–1:52 PM,0.3229,-4.2211,1,454.4,-422.11,False,Fri closed → Thu expiry
2026-04-10,C,TSLA260410C00347500,347.5,REAL,9:40–9:45 AM,2.572,1:45–1:52 PM,0.1957,-2.3763,1,257.2,-237.63,False,
2026-04-17,C,TSLA260417C00395000,395.0,REAL,9:40–9:45 AM,3.31,1:45–1:52 PM,6.9371,3.6271,1,331.0,362.71,True,
2026-04-24,C,TSLA260424C00375000,375.0,REAL,9:40–9:45 AM,5.758,1:45–1:52 PM,1.79,-3.968,1,575.8,-396.8,False,
2026-05-01,C,TSLA260501C00385000,385.0,REAL,9:40–9:45 AM,1.832,1:45–1:52 PM,11.9183,10.0863,1,183.2,1008.63,True,
2026-05-08,C,TSLA260508C00420000,420.0,REAL,9:40–9:45 AM,3.862,1:45–1:52 PM,7.29,3.428,1,386.2,342.8,True,
2026-05-15,C,TSLA260515C00432500,432.5,REAL,9:40–9:45 AM,2.342,1:45–1:52 PM,0.3829,-1.9591,1,234.2,-195.91,False,
2026-05-22,C,TSLA260522C00425000,425.0,REAL,9:40–9:45 AM,2.434,1:45–1:52 PM,5.4143,2.9803,1,243.4,298.03,True,
2026-05-29,C,TSLA260529C00437500,437.5,REAL,9:40–9:45 AM,4.466,1:45–1:52 PM,1.7729,-2.6931,1,446.6,-269.31,False,
2026-06-05,C,TSLA260605C00422500,422.5,REAL,9:40–9:45 AM,1.302,1:45–1:52 PM,0.018,-1.284,1,130.2,-128.4,False,
2026-06-12,C,TSLA260612C00400000,400.0,REAL,9:40–9:45 AM,5.332,1:45–1:52 PM,3.53,-1.802,1,533.2,-180.2,False,
2026-06-19,C,TSLA260618C00397500,397.5,REAL,9:40–9:45 AM,1.124,1:45–1:52 PM,1.1257,0.0017,1,112.4,0.17,True,Fri closed → Thu expiry
2026-06-26,C,TSLA260626C00370000,370.0,REAL,9:40–9:45 AM,4.54,1:45–1:52 PM,15.85,11.31,1,454.0,1131.0,True,
2026-07-03,C,TSLA260702C00427500,427.5,REAL,9:40–9:45 AM,0.906,1:45–1:52 PM,0.01,-0.896,2,181.2,-179.2,False,Fri closed → Thu expiry
2024-07-12,C,AMZN240712C00195000,195.0,REAL,10:50–10:58 AM,0.7475,11:45 AM–12:08 PM,0.5152,-0.2323,2,149.5,-46.46,False,
2024-07-19,C,AMZN240719C00180000,180.0,REAL,10:50–10:58 AM,3.9675,11:45 AM–12:08 PM,3.6618,-0.3057,1,396.75,-30.57,False,
2024-07-26,C,AMZN240726C00180000,180.0,REAL,10:50–10:58 AM,1.6,11:45 AM–12:08 PM,2.2945,0.6945,1,160.0,69.45,True,
2024-08-02,C,AMZN240802C00165000,165.0,REAL,10:50–10:58 AM,1.115,11:45 AM–12:08 PM,3.1565,2.0415,1,111.5,204.15,True,
2024-08-09,C,AMZN240809C00165000,165.0,REAL,10:50–10:58 AM,2.3288,11:45 AM–12:08 PM,2.3933,0.0646,1,232.88,6.46,True,
2024-08-16,C,AMZN240816C00175000,175.0,REAL,10:50–10:58 AM,2.9471,11:45 AM–12:08 PM,2.9787,0.0316,1,294.71,3.16,True,
2024-08-23,C,AMZN240823C00180000,180.0,REAL,10:50–10:58 AM,0.0612,11:45 AM–12:08 PM,0.0313,-0.0299,17,104.12,-50.91,False,
2024-08-30,C,AMZN240830C00175000,175.0,REAL,10:50–10:58 AM,0.415,11:45 AM–12:08 PM,0.7583,0.3433,3,124.5,102.98,True,
2024-09-06,C,AMZN240906C00180000,180.0,REAL,10:50–10:58 AM,0.0237,11:45 AM–12:08 PM,0.011,-0.0127,43,102.12,-54.82,False,
2024-09-13,C,AMZN240913C00185000,185.0,REAL,10:50–10:58 AM,2.4288,11:45 AM–12:08 PM,2.6114,0.1827,1,242.88,18.27,True,
2024-09-20,C,AMZN240920C00190000,190.0,REAL,10:50–10:58 AM,0.1962,11:45 AM–12:08 PM,0.2722,0.0759,6,117.75,45.55,True,
2024-09-27,C,AMZN240927C00190000,190.0,REAL,10:50–10:58 AM,0.5112,11:45 AM–12:08 PM,0.0965,-0.4147,2,102.25,-82.95,False,
2024-10-04,C,AMZN241004C00185000,185.0,REAL,10:50–10:58 AM,0.6663,11:45 AM–12:08 PM,0.4235,-0.2428,2,133.25,-48.55,False,
2024-10-11,C,AMZN241011C00185000,185.0,REAL,10:50–10:58 AM,4.18,11:45 AM–12:08 PM,3.8578,-0.3222,1,418.0,-32.22,False,
2024-10-18,C,AMZN241018C00185000,185.0,REAL,10:50–10:58 AM,3.4125,11:45 AM–12:08 PM,4.3389,0.9264,1,341.25,92.64,True,
2024-10-25,C,AMZN241025C00190000,190.0,REAL,10:50–10:58 AM,0.3837,11:45 AM–12:08 PM,0.2478,-0.1359,3,115.12,-40.78,False,
2024-11-01,C,AMZN241101C00200000,200.0,REAL,10:50–10:58 AM,0.795,11:45 AM–12:08 PM,0.4757,-0.3193,2,159.0,-63.87,False,
2024-11-08,C,AMZN241108C00210000,210.0,REAL,10:50–10:58 AM,0.2962,11:45 AM–12:08 PM,0.3857,0.0894,4,118.5,35.76,True,
2024-11-15,C,AMZN241115C00207500,207.5,REAL,10:50–10:58 AM,0.2313,11:45 AM–12:08 PM,0.0391,-0.1922,5,115.63,-96.08,False,
2024-11-22,C,AMZN241122C00200000,200.0,REAL,10:50–10:58 AM,0.3425,11:45 AM–12:08 PM,0.1174,-0.2251,3,102.75,-67.53,False,
2024-11-29,C,AMZN241129C00205000,205.0,REAL,10:50–10:58 AM,0.9362,11:45 AM–12:08 PM,1.5474,0.6111,2,187.25,122.23,True,
2024-12-06,C,AMZN241206C00220000,220.0,REAL,10:50–10:58 AM,4.31,11:45 AM–12:08 PM,5.0343,0.7243,1,431.0,72.43,True,
2024-12-13,C,AMZN241213C00230000,230.0,REAL,10:50–10:58 AM,0.1014,11:45 AM–12:08 PM,0.0573,-0.0442,10,101.43,-44.16,False,
2024-12-20,C,AMZN241220C00220000,220.0,REAL,10:50–10:58 AM,3.2671,11:45 AM–12:08 PM,5.5465,2.2794,1,326.71,227.94,True,
2024-12-27,C,AMZN241227C00225000,225.0,REAL,10:50–10:58 AM,0.0938,11:45 AM–12:08 PM,0.0563,-0.0374,11,103.13,-41.18,False,
2025-01-03,C,AMZN250103C00222500,222.5,REAL,10:50–10:58 AM,0.9438,11:45 AM–12:08 PM,2.2117,1.268,2,188.75,253.6,True,
2025-01-10,C,AMZN250110C00220000,220.0,REAL,10:50–10:58 AM,0.4612,11:45 AM–12:08 PM,0.1426,-0.3186,3,138.37,-95.59,False,
2025-01-17,C,AMZN250117C00225000,225.0,REAL,10:50–10:58 AM,0.305,11:45 AM–12:08 PM,0.3787,0.0737,4,122.0,29.48,True,
2025-01-24,C,AMZN250124C00235000,235.0,REAL,10:50–10:58 AM,0.39,11:45 AM–12:08 PM,0.3304,-0.0596,3,117.0,-17.87,False,
2025-01-31,C,AMZN250131C00237500,237.5,REAL,10:50–10:58 AM,1.7938,11:45 AM–12:08 PM,2.0991,0.3054,1,179.38,30.54,True,
2025-02-07,C,AMZN250207C00232500,232.5,REAL,10:50–10:58 AM,0.64,11:45 AM–12:08 PM,0.1568,-0.4832,2,128.0,-96.64,False,
2025-02-14,C,AMZN250214C00230000,230.0,REAL,10:50–10:58 AM,0.2212,11:45 AM–12:08 PM,0.17,-0.0513,5,110.62,-25.63,False,
2025-02-21,C,AMZN250221C00222500,222.5,REAL,10:50–10:58 AM,0.07,11:45 AM–12:08 PM,0.0461,-0.0239,15,105.0,-35.87,False,
2025-02-28,C,AMZN250228C00207500,207.5,REAL,10:50–10:58 AM,2.875,11:45 AM–12:08 PM,2.3277,-0.5473,1,287.5,-54.73,False,
2025-03-07,C,AMZN250307C00200000,200.0,REAL,10:50–10:58 AM,0.5925,11:45 AM–12:08 PM,0.1239,-0.4686,2,118.5,-93.72,False,
2025-03-14,C,AMZN250314C00195000,195.0,REAL,10:50–10:58 AM,2.33,11:45 AM–12:08 PM,2.7321,0.4021,1,233.0,40.21,True,
2025-03-21,C,AMZN250321C00195000,195.0,REAL,10:50–10:58 AM,0.5638,11:45 AM–12:08 PM,0.4487,-0.1151,2,112.75,-23.01,False,
2025-03-28,C,AMZN250328C00200000,200.0,REAL,10:50–10:58 AM,0.0375,11:45 AM–12:08 PM,0.0242,-0.0133,27,101.25,-35.88,False,
2025-04-04,C,AMZN250404C00165000,165.0,REAL,10:50–10:58 AM,6.5,11:45 AM–12:08 PM,11.4,4.9,1,650.0,490.0,True,
2025-04-11,C,AMZN250411C00180000,180.0,REAL,10:50–10:58 AM,1.895,11:45 AM–12:08 PM,1.9413,0.0463,1,189.5,4.63,True,
2025-04-18,C,AMZN250417C00175000,175.0,REAL,10:50–10:58 AM,0.3987,11:45 AM–12:08 PM,0.44,0.0413,3,119.62,12.38,True,Fri closed → Thu expiry
2025-04-25,C,AMZN250425C00185000,185.0,REAL,10:50–10:58 AM,2.1875,11:45 AM–12:08 PM,1.9309,-0.2566,1,218.75,-25.66,False,
2025-05-02,C,AMZN250502C00190000,190.0,REAL,10:50–10:58 AM,0.7663,11:45 AM–12:08 PM,1.1939,0.4277,2,153.25,85.53,True,
2025-05-09,C,AMZN250509C00195000,195.0,REAL,10:50–10:58 AM,0.1188,11:45 AM–12:08 PM,0.1222,0.0034,9,106.88,3.08,True,
2025-05-16,C,AMZN250516C00205000,205.0,REAL,10:50–10:58 AM,0.9125,11:45 AM–12:08 PM,0.7226,-0.1899,2,182.5,-37.98,False,
2025-05-23,C,AMZN250523C00200000,200.0,REAL,10:50–10:58 AM,1.27,11:45 AM–12:08 PM,1.5709,0.3009,1,127.0,30.09,True,
2025-05-30,C,AMZN250530C00205000,205.0,REAL,10:50–10:58 AM,0.54,11:45 AM–12:08 PM,0.3683,-0.1717,2,108.0,-34.35,False,
2025-06-06,C,AMZN250606C00212500,212.5,REAL,10:50–10:58 AM,0.5812,11:45 AM–12:08 PM,0.397,-0.1843,2,116.25,-36.86,False,
2025-06-13,C,AMZN250613C00210000,210.0,REAL,10:50–10:58 AM,1.72,11:45 AM–12:08 PM,3.2335,1.5135,1,172.0,151.35,True,
2025-06-20,C,AMZN250620C00215000,215.0,REAL,10:50–10:58 AM,0.0488,11:45 AM–12:08 PM,0.0333,-0.0154,21,102.38,-32.38,False,
2025-06-27,C,AMZN250627C00220000,220.0,REAL,10:50–10:58 AM,0.4037,11:45 AM–12:08 PM,0.4743,0.0706,3,121.12,21.18,True,
2025-07-04,C,AMZN250703C00222500,222.5,REAL,10:50–10:58 AM,0.4775,11:45 AM–12:08 PM,0.983,0.5055,3,143.25,151.66,True,Fri closed → Thu expiry
2025-07-11,C,AMZN250711C00225000,225.0,REAL,10:50–10:58 AM,0.36,11:45 AM–12:08 PM,0.9622,0.6022,3,108.0,180.65,True,
2025-07-18,C,AMZN250718C00225000,225.0,REAL,10:50–10:58 AM,0.1763,11:45 AM–12:08 PM,0.5809,0.4046,6,105.75,242.77,True,
2025-07-25,C,AMZN250725C00232500,232.5,REAL,10:50–10:58 AM,0.3113,11:45 AM–12:08 PM,0.3713,0.0601,4,124.5,24.02,True,
2025-08-01,C,AMZN250801C00217500,217.5,REAL,10:50–10:58 AM,1.1863,11:45 AM–12:08 PM,0.5622,-0.6241,1,118.63,-62.41,False,
2025-08-08,C,AMZN250808C00222500,222.5,REAL,10:50–10:58 AM,0.8862,11:45 AM–12:08 PM,0.7822,-0.1041,2,177.25,-20.82,False,
2025-08-15,C,AMZN250815C00232500,232.5,REAL,10:50–10:58 AM,0.3325,11:45 AM–12:08 PM,0.1,-0.2325,4,133.0,-93.0,False,
2025-08-22,C,AMZN250822C00222500,222.5,REAL,10:50–10:58 AM,4.09,11:45 AM–12:08 PM,4.6518,0.5618,1,409.0,56.18,True,
2025-08-29,C,AMZN250829C00230000,230.0,REAL,10:50–10:58 AM,0.2775,11:45 AM–12:08 PM,0.167,-0.1105,4,111.0,-44.22,False,
2025-09-05,C,AMZN250905C00235000,235.0,REAL,10:50–10:58 AM,0.2887,11:45 AM–12:08 PM,0.2196,-0.0692,4,115.5,-27.67,False,
2025-09-12,C,AMZN250912C00232500,232.5,REAL,10:50–10:58 AM,0.125,11:45 AM–12:08 PM,0.03,-0.095,8,100.0,-76.0,False,
2025-09-19,C,AMZN250919C00232500,232.5,REAL,10:50–10:58 AM,1.15,11:45 AM–12:08 PM,1.0213,-0.1287,1,115.0,-12.87,False,
2025-09-26,C,AMZN250926C00217500,217.5,REAL,10:50–10:58 AM,1.8325,11:45 AM–12:08 PM,1.9628,0.1303,1,183.25,13.03,True,
2025-10-03,C,AMZN251003C00222500,222.5,REAL,10:50–10:58 AM,0.935,11:45 AM–12:08 PM,0.7761,-0.1589,2,187.0,-31.78,False,
2025-10-10,C,AMZN251010C00227500,227.5,REAL,10:50–10:58 AM,0.58,11:45 AM–12:08 PM,0.0477,-0.5323,2,116.0,-106.45,False,
2025-10-17,C,AMZN251017C00212500,212.5,REAL,10:50–10:58 AM,1.1288,11:45 AM–12:08 PM,0.8078,-0.3209,1,112.88,-32.09,False,
2025-10-24,C,AMZN251024C00222500,222.5,REAL,10:50–10:58 AM,1.255,11:45 AM–12:08 PM,1.8826,0.6276,1,125.5,62.76,True,
2025-10-31,C,AMZN251031C00247500,247.5,REAL,10:50–10:58 AM,1.7363,11:45 AM–12:08 PM,1.6152,-0.121,1,173.63,-12.1,False,
2025-11-07,C,AMZN251107C00242500,242.5,REAL,10:50–10:58 AM,0.34,11:45 AM–12:08 PM,0.1227,-0.2173,3,102.0,-65.18,False,
2025-11-14,C,AMZN251114C00235000,235.0,REAL,10:50–10:58 AM,3.185,11:45 AM–12:08 PM,2.9,-0.285,1,318.5,-28.5,False,
2025-11-21,C,AMZN251121C00217500,217.5,REAL,10:50–10:58 AM,0.9838,11:45 AM–12:08 PM,2.3543,1.3706,2,196.75,274.12,True,
2025-11-28,C,AMZN251128C00230000,230.0,REAL,10:50–10:58 AM,1.9825,11:45 AM–12:08 PM,2.5991,0.6166,1,198.25,61.66,True,
2025-12-05,C,AMZN251205C00230000,230.0,REAL,10:50–10:58 AM,0.9025,11:45 AM–12:08 PM,0.4213,-0.4812,2,180.5,-96.24,False,
2025-12-12,C,AMZN251212C00230000,230.0,REAL,10:50–10:58 AM,0.1012,11:45 AM–12:08 PM,0.0427,-0.0585,10,101.25,-58.52,False,
2025-12-19,C,AMZN251219C00227500,227.5,REAL,10:50–10:58 AM,0.42,11:45 AM–12:08 PM,0.9304,0.5104,3,126.0,153.13,True,
2025-12-26,C,AMZN251226C00232500,232.5,REAL,10:50–10:58 AM,0.4075,11:45 AM–12:08 PM,0.3143,-0.0932,3,122.25,-27.95,False,
2026-01-02,C,AMZN260102C00232500,232.5,REAL,10:50–10:58 AM,0.0338,11:45 AM–12:08 PM,0.0237,-0.0101,30,101.25,-30.2,False,
2026-01-09,C,AMZN260109C00245000,245.0,REAL,10:50–10:58 AM,1.0838,11:45 AM–12:08 PM,1.4578,0.3741,1,108.38,37.41,True,
2026-01-16,C,AMZN260116C00240000,240.0,REAL,10:50–10:58 AM,0.1112,11:45 AM–12:08 PM,0.0926,-0.0186,9,100.12,-16.78,False,
2026-01-23,C,AMZN260123C00237500,237.5,REAL,10:50–10:58 AM,1.8212,11:45 AM–12:08 PM,2.6152,0.794,1,182.12,79.4,True,
2026-01-30,C,AMZN260130C00240000,240.0,REAL,10:50–10:58 AM,2.4312,11:45 AM–12:08 PM,1.4883,-0.943,1,243.12,-94.3,False,
2026-02-06,C,AMZN260206C00202500,202.5,REAL,10:50–10:58 AM,3.1313,11:45 AM–12:08 PM,3.3005,0.1693,1,313.13,16.93,True,
2026-02-13,C,AMZN260213C00200000,200.0,REAL,10:50–10:58 AM,0.4938,11:45 AM–12:08 PM,1.1665,0.6728,3,148.13,201.83,True,
2026-02-20,C,AMZN260220C00205000,205.0,REAL,10:50–10:58 AM,5.345,11:45 AM–12:08 PM,4.3752,-0.9698,1,534.5,-96.98,False,
2026-02-27,C,AMZN260227C00207500,207.5,REAL,10:50–10:58 AM,1.5575,11:45 AM–12:08 PM,1.3687,-0.1888,1,155.75,-18.88,False,
2026-03-06,C,AMZN260306C00215000,215.0,REAL,10:50–10:58 AM,1.2512,11:45 AM–12:08 PM,1.517,0.2657,1,125.12,26.57,True,
2026-03-13,C,AMZN260313C00210000,210.0,REAL,10:50–10:58 AM,0.5263,11:45 AM–12:08 PM,0.123,-0.4032,2,105.25,-80.64,False,
2026-03-20,C,AMZN260320C00205000,205.0,REAL,10:50–10:58 AM,2.35,11:45 AM–12:08 PM,2.1839,-0.1661,1,235.0,-16.61,False,
2026-03-27,C,AMZN260327C00205000,205.0,REAL,10:50–10:58 AM,0.1325,11:45 AM–12:08 PM,0.0638,-0.0687,8,106.0,-54.95,False,
2026-04-03,C,AMZN260402C00207500,207.5,REAL,10:50–10:58 AM,3.1363,11:45 AM–12:08 PM,2.5123,-0.6239,1,313.63,-62.39,False,Fri closed → Thu expiry
2026-04-10,C,AMZN260410C00235000,235.0,REAL,10:50–10:58 AM,4.2263,11:45 AM–12:08 PM,3.2515,-0.9747,1,422.62,-97.47,False,
2026-04-17,C,AMZN260417C00252500,252.5,REAL,10:50–10:58 AM,2.7229,11:45 AM–12:08 PM,1.6359,-1.0869,1,272.29,-108.69,False,
2026-04-24,C,AMZN260424C00260000,260.0,REAL,10:50–10:58 AM,0.935,11:45 AM–12:08 PM,2.7935,1.8585,2,187.0,371.7,True,
2026-05-01,C,AMZN260501C00262500,262.5,REAL,10:50–10:58 AM,7.4688,11:45 AM–12:08 PM,7.6269,0.1581,1,746.88,15.81,True,
2026-05-08,C,AMZN260508C00270000,270.0,REAL,10:50–10:58 AM,2.45,11:45 AM–12:08 PM,3.1694,0.7194,1,245.0,71.94,True,
2026-05-15,C,AMZN260515C00262500,262.5,REAL,10:50–10:58 AM,1.2188,11:45 AM–12:08 PM,0.7135,-0.5053,1,121.88,-50.53,False,
2026-05-22,C,AMZN260522C00270000,270.0,REAL,10:50–10:58 AM,0.2738,11:45 AM–12:08 PM,0.3448,0.071,4,109.5,28.41,True,
2026-05-29,C,AMZN260529C00272500,272.5,REAL,10:50–10:58 AM,0.5475,11:45 AM–12:08 PM,0.897,0.3495,2,109.5,69.89,True,
2026-06-05,C,AMZN260605C00255000,255.0,REAL,10:50–10:58 AM,0.4275,11:45 AM–12:08 PM,0.2052,-0.2223,3,128.25,-66.68,False,
2026-06-12,C,AMZN260612C00240000,240.0,REAL,10:50–10:58 AM,0.2975,11:45 AM–12:08 PM,0.1952,-0.1023,4,119.0,-40.91,False,
2026-06-19,C,AMZN260618C00240000,240.0,REAL,10:50–10:58 AM,0.8625,11:45 AM–12:08 PM,3.5878,2.7253,2,172.5,545.07,True,Fri closed → Thu expiry
2026-06-26,C,AMZN260626C00227500,227.5,REAL,10:50–10:58 AM,3.8286,11:45 AM–12:08 PM,4.7232,0.8946,1,382.86,89.46,True,
2026-07-03,C,AMZN260702C00242500,242.5,REAL,10:50–10:58 AM,2.5271,11:45 AM–12:08 PM,3.1161,0.589,1,252.71,58.9,True,Fri closed → Thu expiry
2024-07-12,C,AAPL240712C00230000,230.0,REAL,9:34–9:39 AM,1.012,12:55–1:00 PM,1.47,0.458,1,101.2,45.8,True,
2024-07-19,C,AAPL240719C00225000,225.0,REAL,9:34–9:39 AM,1.446,12:55–1:00 PM,0.288,-1.158,1,144.6,-115.8,False,
2024-07-26,C,AAPL240726C00217500,217.5,REAL,9:34–9:39 AM,1.116,12:55–1:00 PM,1.912,0.796,1,111.6,79.6,True,
2024-08-02,C,AAPL240802C00220000,220.0,REAL,9:34–9:39 AM,2.514,12:55–1:00 PM,4.08,1.566,1,251.4,156.6,True,
2024-08-09,C,AAPL240809C00212500,212.5,REAL,9:34–9:39 AM,1.698,12:55–1:00 PM,2.84,1.142,1,169.8,114.2,True,
2024-08-16,C,AAPL240816C00222500,222.5,REAL,9:34–9:39 AM,1.902,12:55–1:00 PM,4.054,2.152,1,190.2,215.2,True,
2024-08-23,C,AAPL240823C00225000,225.0,REAL,9:34–9:39 AM,1.666,12:55–1:00 PM,0.75,-0.916,1,166.6,-91.6,False,
2024-08-30,C,AAPL240830C00230000,230.0,REAL,9:34–9:39 AM,1.014,12:55–1:00 PM,0.07,-0.944,1,101.4,-94.4,False,
2024-09-06,C,AAPL240906C00225000,225.0,REAL,9:34–9:39 AM,0.75,12:55–1:00 PM,0.035,-0.715,2,150.0,-143.0,False,
2024-09-13,C,AAPL240913C00222500,222.5,REAL,9:34–9:39 AM,1.274,12:55–1:00 PM,1.49,0.216,1,127.4,21.6,True,
2024-09-20,C,AAPL240920C00230000,230.0,REAL,9:34–9:39 AM,1.994,12:55–1:00 PM,2.274,0.28,1,199.4,28.0,True,
2024-09-27,C,AAPL240927C00230000,230.0,REAL,9:34–9:39 AM,0.422,12:55–1:00 PM,0.036,-0.386,3,126.6,-115.8,False,
2024-10-04,C,AAPL241004C00227500,227.5,REAL,9:34–9:39 AM,0.542,12:55–1:00 PM,0.026,-0.516,2,108.4,-103.2,False,
2024-10-11,C,AAPL241011C00227500,227.5,REAL,9:34–9:39 AM,1.246,12:55–1:00 PM,0.58,-0.666,1,124.6,-66.6,False,
2024-10-18,C,AAPL241018C00235000,235.0,REAL,9:34–9:39 AM,0.728,12:55–1:00 PM,0.756,0.028,2,145.6,5.6,True,
2024-10-25,C,AAPL241025C00230000,230.0,REAL,9:34–9:39 AM,1.476,12:55–1:00 PM,2.8075,1.3315,1,147.6,133.15,True,
2024-11-01,C,AAPL241101C00222500,222.5,REAL,9:34–9:39 AM,1.524,12:55–1:00 PM,0.574,-0.95,1,152.4,-95.0,False,
2024-11-08,C,AAPL241108C00227500,227.5,REAL,9:34–9:39 AM,1.23,12:55–1:00 PM,0.216,-1.014,1,123.0,-101.4,False,
2024-11-15,C,AAPL241115C00227500,227.5,REAL,9:34–9:39 AM,0.406,12:55–1:00 PM,0.025,-0.381,3,121.8,-114.3,False,
2024-11-22,C,AAPL241122C00227500,227.5,REAL,9:34–9:39 AM,2.0,12:55–1:00 PM,2.928,0.928,1,200.0,92.8,True,
2024-11-29,C,AAPL241129C00235000,235.0,REAL,9:34–9:39 AM,0.456,12:55–1:00 PM,2.364,1.908,3,136.8,572.4,True,
2024-12-06,C,AAPL241206C00242500,242.5,REAL,9:34–9:39 AM,0.826,12:55–1:00 PM,0.74,-0.086,2,165.2,-17.2,False,
2024-12-13,C,AAPL241213C00247500,247.5,REAL,9:34–9:39 AM,1.744,12:55–1:00 PM,0.132,-1.612,1,174.4,-161.2,False,
2024-12-20,C,AAPL241220C00247500,247.5,REAL,9:34–9:39 AM,0.86,12:55–1:00 PM,5.92,5.06,2,172.0,1012.0,True,
2024-12-27,C,AAPL241227C00257500,257.5,REAL,9:34–9:39 AM,0.534,12:55–1:00 PM,0.03,-0.504,2,106.8,-100.8,False,
2025-01-03,C,AAPL250103C00242500,242.5,REAL,9:34–9:39 AM,0.994,12:55–1:00 PM,0.488,-0.506,2,198.8,-101.2,False,
2025-01-10,C,AAPL250110C00237500,237.5,REAL,9:34–9:39 AM,1.842,12:55–1:00 PM,0.14,-1.702,1,184.2,-170.2,False,
2025-01-17,C,AAPL250117C00232500,232.5,REAL,9:34–9:39 AM,0.592,12:55–1:00 PM,0.104,-0.488,2,118.4,-97.6,False,
2025-01-24,C,AAPL250124C00225000,225.0,REAL,9:34–9:39 AM,0.79,12:55–1:00 PM,0.046,-0.744,2,158.0,-148.8,False,
2025-01-31,C,AAPL250131C00247500,247.5,REAL,9:34–9:39 AM,0.51,12:55–1:00 PM,0.012,-0.498,2,102.0,-99.6,False,
2025-02-07,C,AAPL250207C00232500,232.5,REAL,9:34–9:39 AM,1.582,12:55–1:00 PM,0.026,-1.556,1,158.2,-155.6,False,
2025-02-14,C,AAPL250214C00242500,242.5,REAL,9:34–9:39 AM,1.372,12:55–1:00 PM,1.582,0.21,1,137.2,21.0,True,
2025-02-21,C,AAPL250221C00247500,247.5,REAL,9:34–9:39 AM,0.406,12:55–1:00 PM,1.174,0.768,3,121.8,230.4,True,
2025-02-28,C,AAPL250228C00235000,235.0,REAL,9:34–9:39 AM,1.914,12:55–1:00 PM,2.715,0.801,1,191.4,80.1,True,
2025-03-07,C,AAPL250307C00235000,235.0,REAL,9:34–9:39 AM,2.702,12:55–1:00 PM,5.302,2.6,1,270.2,260.0,True,
2025-03-14,C,AAPL250314C00212500,212.5,REAL,9:34–9:39 AM,1.728,12:55–1:00 PM,1.002,-0.726,1,172.8,-72.6,False,
2025-03-21,C,AAPL250321C00212500,212.5,REAL,9:34–9:39 AM,1.354,12:55–1:00 PM,2.835,1.481,1,135.4,148.1,True,
2025-03-28,C,AAPL250328C00222500,222.5,REAL,9:34–9:39 AM,0.77,12:55–1:00 PM,0.036,-0.734,2,154.0,-146.8,False,
2025-04-04,C,AAPL250404C00195000,195.0,REAL,9:34–9:39 AM,3.81,12:55–1:00 PM,0.87,-2.94,1,381.0,-294.0,False,
2025-04-11,C,AAPL250411C00190000,190.0,REAL,9:34–9:39 AM,2.654,12:55–1:00 PM,8.854,6.2,1,265.4,620.0,True,
2025-04-18,C,AAPL250417C00195000,195.0,REAL,9:34–9:39 AM,1.692,12:55–1:00 PM,3.42,1.728,1,169.2,172.8,True,Fri closed → Thu expiry
2025-04-25,C,AAPL250425C00207500,207.5,REAL,9:34–9:39 AM,1.758,12:55–1:00 PM,1.482,-0.276,1,175.8,-27.6,False,
2025-05-02,C,AAPL250502C00205000,205.0,REAL,9:34–9:39 AM,0.978,12:55–1:00 PM,0.79,-0.188,2,195.6,-37.6,False,
2025-05-09,C,AAPL250509C00200000,200.0,REAL,9:34–9:39 AM,1.114,12:55–1:00 PM,0.178,-0.936,1,111.4,-93.6,False,
2025-05-16,C,AAPL250516C00212500,212.5,REAL,9:34–9:39 AM,0.674,12:55–1:00 PM,0.116,-0.558,2,134.8,-111.6,False,
2025-05-23,C,AAPL250523C00195000,195.0,REAL,9:34–9:39 AM,2.69,12:55–1:00 PM,1.436,-1.254,1,269.0,-125.4,False,
2025-05-30,C,AAPL250530C00200000,200.0,REAL,9:34–9:39 AM,0.63,12:55–1:00 PM,0.086,-0.544,2,126.0,-108.8,False,
2025-06-06,C,AAPL250606C00205000,205.0,REAL,9:34–9:39 AM,1.042,12:55–1:00 PM,0.044,-0.998,1,104.2,-99.8,False,
2025-06-13,C,AAPL250613C00200000,200.0,REAL,9:34–9:39 AM,0.462,12:55–1:00 PM,0.034,-0.428,3,138.6,-128.4,False,
2025-06-20,C,AAPL250620C00200000,200.0,REAL,9:34–9:39 AM,0.702,12:55–1:00 PM,0.138,-0.564,2,140.4,-112.8,False,
2025-06-27,C,AAPL250627C00202500,202.5,REAL,9:34–9:39 AM,0.85,12:55–1:00 PM,0.422,-0.428,2,170.0,-85.6,False,
2025-07-04,C,AAPL250703C00212500,212.5,REAL,9:34–9:39 AM,0.664,12:55–1:00 PM,0.998,0.334,2,132.8,66.8,True,Fri closed → Thu expiry
2025-07-11,C,AAPL250711C00210000,210.0,REAL,9:34–9:39 AM,1.142,12:55–1:00 PM,1.15,0.008,1,114.2,0.8,True,
2025-07-18,C,AAPL250718C00210000,210.0,REAL,9:34–9:39 AM,0.936,12:55–1:00 PM,1.434,0.498,2,187.2,99.6,True,
2025-07-25,C,AAPL250725C00215000,215.0,REAL,9:34–9:39 AM,0.446,12:55–1:00 PM,0.174,-0.272,3,133.8,-81.6,False,
2025-08-01,C,AAPL250801C00210000,210.0,REAL,9:34–9:39 AM,2.17,12:55–1:00 PM,0.01,-2.16,1,217.0,-216.0,False,
2025-08-08,C,AAPL250808C00220000,220.0,REAL,9:34–9:39 AM,0.956,12:55–1:00 PM,10.07,9.114,2,191.2,1822.8,True,
2025-08-15,C,AAPL250815C00232500,232.5,REAL,9:34–9:39 AM,1.67,12:55–1:00 PM,0.198,-1.472,1,167.0,-147.2,False,
2025-08-22,C,AAPL250822C00227500,227.5,REAL,9:34–9:39 AM,0.642,12:55–1:00 PM,0.554,-0.088,2,128.4,-17.6,False,
2025-08-29,C,AAPL250829C00232500,232.5,REAL,9:34–9:39 AM,1.068,12:55–1:00 PM,0.89,-0.178,1,106.8,-17.8,False,
2025-09-05,C,AAPL250905C00240000,240.0,REAL,9:34–9:39 AM,0.936,12:55–1:00 PM,0.288,-0.648,2,187.2,-129.6,False,
2025-09-12,C,AAPL250912C00230000,230.0,REAL,9:34–9:39 AM,0.864,12:55–1:00 PM,3.26,2.396,2,172.8,479.2,True,
2025-09-19,C,AAPL250919C00242500,242.5,REAL,9:34–9:39 AM,0.778,12:55–1:00 PM,2.796,2.018,2,155.6,403.6,True,
2025-09-26,C,AAPL250926C00255000,255.0,REAL,9:34–9:39 AM,0.882,12:55–1:00 PM,1.416,0.534,2,176.4,106.8,True,
2025-10-03,C,AAPL251003C00255000,255.0,REAL,9:34–9:39 AM,2.724,12:55–1:00 PM,3.8475,1.1235,1,272.4,112.35,True,
2025-10-10,C,AAPL251010C00255000,255.0,REAL,9:34–9:39 AM,1.284,12:55–1:00 PM,0.014,-1.27,1,128.4,-127.0,False,
2025-10-17,C,AAPL251017C00247500,247.5,REAL,9:34–9:39 AM,1.91,12:55–1:00 PM,3.655,1.745,1,191.0,174.5,True,
2025-10-24,C,AAPL251024C00260000,260.0,REAL,9:34–9:39 AM,1.144,12:55–1:00 PM,3.0875,1.9435,1,114.4,194.35,True,
2025-10-31,C,AAPL251031C00277500,277.5,REAL,9:34–9:39 AM,0.316,12:55–1:00 PM,0.022,-0.294,4,126.4,-117.6,False,
2025-11-07,C,AAPL251107C00267500,267.5,REAL,9:34–9:39 AM,2.21,12:55–1:00 PM,1.59,-0.62,1,221.0,-62.0,False,
2025-11-14,C,AAPL251114C00272500,272.5,REAL,9:34–9:39 AM,0.684,12:55–1:00 PM,2.6825,1.9985,2,136.8,399.7,True,
2025-11-21,C,AAPL251121C00267500,267.5,REAL,9:34–9:39 AM,1.762,12:55–1:00 PM,3.85,2.088,1,176.2,208.8,True,
2025-11-28,C,AAPL251128C00277500,277.5,REAL,9:34–9:39 AM,0.66,12:55–1:00 PM,1.332,0.672,2,132.0,134.4,True,
2025-12-05,C,AAPL251205C00280000,280.0,REAL,9:34–9:39 AM,0.92,12:55–1:00 PM,0.262,-0.658,2,184.0,-131.6,False,
2025-12-12,C,AAPL251212C00277500,277.5,REAL,9:34–9:39 AM,1.826,12:55–1:00 PM,1.428,-0.398,1,182.6,-39.8,False,
2025-12-19,C,AAPL251219C00272500,272.5,REAL,9:34–9:39 AM,0.994,12:55–1:00 PM,0.242,-0.752,2,198.8,-150.4,False,
2025-12-26,C,AAPL251226C00275000,275.0,REAL,9:34–9:39 AM,0.69,12:55–1:00 PM,0.144,-0.546,2,138.0,-109.2,False,
2026-01-02,C,AAPL260102C00272500,272.5,REAL,9:34–9:39 AM,1.564,12:55–1:00 PM,0.044,-1.52,1,156.4,-152.0,False,
2026-01-09,C,AAPL260109C00260000,260.0,REAL,9:34–9:39 AM,0.692,12:55–1:00 PM,0.174,-0.518,2,138.4,-103.6,False,
2026-01-16,C,AAPL260116C00257500,257.5,REAL,9:34–9:39 AM,1.376,12:55–1:00 PM,0.056,-1.32,1,137.6,-132.0,False,
2026-01-23,C,AAPL260123C00245000,245.0,REAL,9:34–9:39 AM,1.596,12:55–1:00 PM,2.9,1.304,1,159.6,130.4,True,
2026-01-30,C,AAPL260130C00255000,255.0,REAL,9:34–9:39 AM,2.022,12:55–1:00 PM,0.866,-1.156,1,202.2,-115.6,False,
2026-02-06,C,AAPL260206C00277500,277.5,REAL,9:34–9:39 AM,2.368,12:55–1:00 PM,1.154,-1.214,1,236.8,-121.4,False,
2026-02-13,C,AAPL260213C00262500,262.5,REAL,9:34–9:39 AM,0.624,12:55–1:00 PM,0.064,-0.56,2,124.8,-112.0,False,
2026-02-20,C,AAPL260220C00260000,260.0,REAL,9:34–9:39 AM,0.988,12:55–1:00 PM,2.886,1.898,2,197.6,379.6,True,
2026-02-27,C,AAPL260227C00270000,270.0,REAL,9:34–9:39 AM,1.28,12:55–1:00 PM,0.1,-1.18,1,128.0,-118.0,False,
2026-03-06,C,AAPL260306C00257500,257.5,REAL,9:34–9:39 AM,0.77,12:55–1:00 PM,0.36,-0.41,2,154.0,-82.0,False,
2026-03-13,C,AAPL260313C00255000,255.0,REAL,9:34–9:39 AM,1.578,12:55–1:00 PM,0.066,-1.512,1,157.8,-151.2,False,
2026-03-20,C,AAPL260320C00247500,247.5,REAL,9:34–9:39 AM,0.962,12:55–1:00 PM,1.308,0.346,2,192.4,69.2,True,
2026-03-27,C,AAPL260327C00255000,255.0,REAL,9:34–9:39 AM,0.726,12:55–1:00 PM,0.066,-0.66,2,145.2,-132.0,False,
2026-04-03,C,AAPL260402C00252500,252.5,REAL,9:34–9:39 AM,0.776,12:55–1:00 PM,2.2,1.424,2,155.2,284.8,True,Fri closed → Thu expiry
2026-04-10,C,AAPL260410C00260000,260.0,REAL,9:34–9:39 AM,1.182,12:55–1:00 PM,0.688,-0.494,1,118.2,-49.4,False,
2026-04-17,C,AAPL260417C00267500,267.5,REAL,9:34–9:39 AM,2.244,12:55–1:00 PM,3.4733,1.2293,1,224.4,122.93,True,
2026-04-24,C,AAPL260424C00272500,272.5,REAL,9:34–9:39 AM,0.732,12:55–1:00 PM,0.156,-0.576,2,146.4,-115.2,False,
2026-05-01,C,AAPL260501C00282500,282.5,REAL,9:34–9:39 AM,1.186,12:55–1:00 PM,1.368,0.182,1,118.6,18.2,True,
2026-05-08,C,AAPL260508C00290000,290.0,REAL,9:34–9:39 AM,3.462,12:55–1:00 PM,2.37,-1.092,1,346.2,-109.2,False,
2026-05-15,C,AAPL260515C00297500,297.5,REAL,9:34–9:39 AM,1.48,12:55–1:00 PM,4.71,3.23,1,148.0,323.0,True,
2026-05-22,C,AAPL260522C00307500,307.5,REAL,9:34–9:39 AM,1.786,12:55–1:00 PM,1.684,-0.102,1,178.6,-10.2,False,
2026-05-29,C,AAPL260529C00315000,315.0,REAL,9:34–9:39 AM,0.908,12:55–1:00 PM,0.04,-0.868,2,181.6,-173.6,False,
2026-06-05,C,AAPL260605C00312500,312.5,REAL,9:34–9:39 AM,2.048,12:55–1:00 PM,0.352,-1.696,1,204.8,-169.6,False,
2026-06-12,C,AAPL260612C00297500,297.5,REAL,9:34–9:39 AM,0.514,12:55–1:00 PM,0.024,-0.49,2,102.8,-98.0,False,
2026-06-19,C,AAPL260618C00300000,300.0,REAL,9:34–9:39 AM,0.44,12:55–1:00 PM,0.072,-0.368,3,132.0,-110.4,False,Fri closed → Thu expiry
2026-06-26,C,AAPL260626C00275000,275.0,REAL,9:34–9:39 AM,3.136,12:55–1:00 PM,4.066,0.93,1,313.6,93.0,True,
2026-07-03,C,AAPL260702C00297500,297.5,REAL,9:34–9:39 AM,2.4,12:55–1:00 PM,10.8567,8.4567,1,240.0,845.67,True,Fri closed → Thu expiry
2024-07-12,C,NVDA240712C00130000,130.0,REAL,9:37–9:45 AM,0.4863,10:35–10:40 AM,0.944,0.4577,3,145.88,137.32,True,
2024-07-19,C,NVDA240719C00120000,120.0,REAL,9:37–9:45 AM,1.5325,10:35–10:40 AM,0.606,-0.9265,1,153.25,-92.65,False,
2024-07-26,C,NVDA240726C00115000,115.0,REAL,9:37–9:45 AM,1.4062,10:35–10:40 AM,0.352,-1.0542,1,140.62,-105.42,False,
2024-08-02,C,NVDA240802C00105000,105.0,REAL,9:37–9:45 AM,2.8388,10:35–10:40 AM,0.916,-1.9228,1,283.88,-192.28,False,
2024-08-09,C,NVDA240809C00105000,105.0,REAL,9:37–9:45 AM,1.8787,10:35–10:40 AM,0.744,-1.1347,1,187.87,-113.47,False,
2024-08-16,C,NVDA240816C00120000,120.0,REAL,9:37–9:45 AM,2.9762,10:35–10:40 AM,4.278,1.3017,1,297.62,130.17,True,
2024-08-23,C,NVDA240823C00125000,125.0,REAL,9:37–9:45 AM,2.56,10:35–10:40 AM,3.832,1.272,1,256.0,127.2,True,
2024-08-30,C,NVDA240830C00120000,120.0,REAL,9:37–9:45 AM,1.1438,10:35–10:40 AM,0.878,-0.2657,1,114.38,-26.57,False,
2024-09-06,C,NVDA240906C00110000,110.0,REAL,9:37–9:45 AM,0.1725,10:35–10:40 AM,0.036,-0.1365,6,103.5,-81.9,False,
2024-09-13,C,NVDA240913C00120000,120.0,REAL,9:37–9:45 AM,0.9138,10:35–10:40 AM,0.346,-0.5677,2,182.75,-113.55,False,
2024-09-20,C,NVDA240920C00115000,115.0,REAL,9:37–9:45 AM,3.2025,10:35–10:40 AM,2.304,-0.8985,1,320.25,-89.85,False,
2024-09-27,C,NVDA240927C00125000,125.0,REAL,9:37–9:45 AM,0.2625,10:35–10:40 AM,0.056,-0.2065,4,105.0,-82.6,False,
2024-10-04,C,NVDA241004C00125000,125.0,REAL,9:37–9:45 AM,0.6738,10:35–10:40 AM,0.174,-0.4997,2,134.75,-99.95,False,
2024-10-11,C,NVDA241011C00135000,135.0,REAL,9:37–9:45 AM,0.6212,10:35–10:40 AM,0.842,0.2208,2,124.25,44.15,True,
2024-10-18,C,NVDA241018C00140000,140.0,REAL,9:37–9:45 AM,0.265,10:35–10:40 AM,0.108,-0.157,4,106.0,-62.8,False,
2024-10-25,C,NVDA241025C00140000,140.0,REAL,9:37–9:45 AM,2.2775,10:35–10:40 AM,3.484,1.2065,1,227.75,120.65,True,
2024-11-01,C,NVDA241101C00135000,135.0,REAL,9:37–9:45 AM,1.2125,10:35–10:40 AM,2.114,0.9015,1,121.25,90.15,True,
2024-11-08,C,NVDA241108C00150000,150.0,REAL,9:37–9:45 AM,0.4412,10:35–10:40 AM,0.064,-0.3772,3,132.37,-113.17,False,
2024-11-15,C,NVDA241115C00145000,145.0,REAL,9:37–9:45 AM,0.5313,10:35–10:40 AM,0.174,-0.3572,2,106.25,-71.45,False,
2024-11-22,C,NVDA241122C00145000,145.0,REAL,9:37–9:45 AM,1.1975,10:35–10:40 AM,0.308,-0.8895,1,119.75,-88.95,False,
2024-11-29,C,NVDA241129C00135000,135.0,REAL,9:37–9:45 AM,1.9137,10:35–10:40 AM,4.03,2.1163,1,191.37,211.63,True,
2024-12-06,C,NVDA241206C00145000,145.0,REAL,9:37–9:45 AM,0.6938,10:35–10:40 AM,0.352,-0.3417,2,138.75,-68.35,False,
2024-12-13,C,NVDA241213C00140000,140.0,REAL,9:37–9:45 AM,0.415,10:35–10:40 AM,0.078,-0.337,3,124.5,-101.1,False,
2024-12-20,C,NVDA241220C00130000,130.0,REAL,9:37–9:45 AM,0.9275,10:35–10:40 AM,3.282,2.3545,2,185.5,470.9,True,
2024-12-27,C,NVDA241227C00140000,140.0,REAL,9:37–9:45 AM,0.1087,10:35–10:40 AM,0.048,-0.0608,10,108.75,-60.75,False,
2025-01-03,C,NVDA250103C00140000,140.0,REAL,9:37–9:45 AM,2.4875,10:35–10:40 AM,3.322,0.8345,1,248.75,83.45,True,
2025-01-10,C,NVDA250110C00135000,135.0,REAL,9:37–9:45 AM,1.4462,10:35–10:40 AM,1.738,0.2917,1,144.62,29.17,True,
2025-01-17,C,NVDA250117C00135000,135.0,REAL,9:37–9:45 AM,1.57,10:35–10:40 AM,2.458,0.888,1,157.0,88.8,True,
2025-01-24,C,NVDA250124C00150000,150.0,REAL,9:37–9:45 AM,0.1238,10:35–10:40 AM,0.042,-0.0818,9,111.38,-73.58,False,
2025-01-31,C,NVDA250131C00125000,125.0,REAL,9:37–9:45 AM,0.9962,10:35–10:40 AM,2.172,1.1758,2,199.25,235.15,True,
2025-02-07,C,NVDA250207C00130000,130.0,REAL,9:37–9:45 AM,1.0425,10:35–10:40 AM,0.6,-0.4425,1,104.25,-44.25,False,
2025-02-14,C,NVDA250214C00135000,135.0,REAL,9:37–9:45 AM,2.05,10:35–10:40 AM,3.036,0.986,1,205.0,98.6,True,
2025-02-21,C,NVDA250221C00140000,140.0,REAL,9:37–9:45 AM,1.0563,10:35–10:40 AM,0.474,-0.5823,1,105.63,-58.23,False,
2025-02-28,C,NVDA250228C00120000,120.0,REAL,9:37–9:45 AM,1.1138,10:35–10:40 AM,2.946,1.8323,1,111.38,183.23,True,
2025-03-07,C,NVDA250307C00110000,110.0,REAL,9:37–9:45 AM,2.9525,10:35–10:40 AM,1.45,-1.5025,1,295.25,-150.25,False,
2025-03-14,C,NVDA250314C00120000,120.0,REAL,9:37–9:45 AM,1.205,10:35–10:40 AM,0.992,-0.213,1,120.5,-21.3,False,
2025-03-21,C,NVDA250321C00115000,115.0,REAL,9:37–9:45 AM,1.6875,10:35–10:40 AM,1.656,-0.0315,1,168.75,-3.15,False,
2025-03-28,C,NVDA250328C00110000,110.0,REAL,9:37–9:45 AM,2.6025,10:35–10:40 AM,0.682,-1.9205,1,260.25,-192.05,False,
2025-04-04,C,NVDA250404C00100000,100.0,REAL,9:37–9:45 AM,0.5413,10:35–10:40 AM,0.126,-0.4153,2,108.25,-83.05,False,
2025-04-11,C,NVDA250411C00110000,110.0,REAL,9:37–9:45 AM,1.51,10:35–10:40 AM,0.986,-0.524,1,151.0,-52.4,False,
2025-04-18,C,NVDA250417C00105000,105.0,REAL,9:37–9:45 AM,0.445,10:35–10:40 AM,0.098,-0.347,3,133.5,-104.1,False,Fri closed → Thu expiry
2025-04-25,C,NVDA250425C00105000,105.0,REAL,9:37–9:45 AM,2.5762,10:35–10:40 AM,3.088,0.5118,1,257.62,51.18,True,
2025-05-02,C,NVDA250502C00115000,115.0,REAL,9:37–9:45 AM,0.8137,10:35–10:40 AM,0.312,-0.5017,2,162.75,-100.35,False,
2025-05-09,C,NVDA250509C00120000,120.0,REAL,9:37–9:45 AM,0.205,10:35–10:40 AM,0.04,-0.165,5,102.5,-82.5,False,
2025-05-16,C,NVDA250516C00135000,135.0,REAL,9:37–9:45 AM,1.2375,10:35–10:40 AM,0.698,-0.5395,1,123.75,-53.95,False,
2025-05-23,C,NVDA250523C00130000,130.0,REAL,9:37–9:45 AM,1.395,10:35–10:40 AM,1.532,0.137,1,139.5,13.7,True,
2025-05-30,C,NVDA250530C00140000,140.0,REAL,9:37–9:45 AM,0.2488,10:35–10:40 AM,0.104,-0.1448,5,124.38,-72.38,False,
2025-06-06,C,NVDA250606C00140000,140.0,REAL,9:37–9:45 AM,2.6425,10:35–10:40 AM,2.37,-0.2725,1,264.25,-27.25,False,
2025-06-13,C,NVDA250613C00145000,145.0,REAL,9:37–9:45 AM,0.1475,10:35–10:40 AM,0.038,-0.1095,7,103.25,-76.65,False,
2025-06-20,C,NVDA250620C00145000,145.0,REAL,9:37–9:45 AM,1.045,10:35–10:40 AM,0.488,-0.557,1,104.5,-55.7,False,
2025-06-27,C,NVDA250627C00155000,155.0,REAL,9:37–9:45 AM,1.52,10:35–10:40 AM,2.446,0.926,1,152.0,92.6,True,
2025-07-04,C,NVDA250703C00160000,160.0,REAL,9:37–9:45 AM,0.1375,10:35–10:40 AM,0.916,0.7785,8,110.0,622.8,True,Fri closed → Thu expiry
2025-07-11,C,NVDA250711C00165000,165.0,REAL,9:37–9:45 AM,0.9925,10:35–10:40 AM,2.674,1.6815,2,198.5,336.3,True,
2025-07-18,C,NVDA250718C00175000,175.0,REAL,9:37–9:45 AM,0.3137,10:35–10:40 AM,0.068,-0.2457,4,125.5,-98.3,False,
2025-07-25,C,NVDA250725C00175000,175.0,REAL,9:37–9:45 AM,0.1975,10:35–10:40 AM,0.3,0.1025,6,118.5,61.5,True,
2025-08-01,C,NVDA250801C00175000,175.0,REAL,9:37–9:45 AM,0.51,10:35–10:40 AM,1.51,1.0,2,102.0,200.0,True,
2025-08-08,C,NVDA250808C00180000,180.0,REAL,9:37–9:45 AM,2.1987,10:35–10:40 AM,2.61,0.4113,1,219.88,41.13,True,
2025-08-15,C,NVDA250815C00180000,180.0,REAL,9:37–9:45 AM,1.1987,10:35–10:40 AM,0.648,-0.5507,1,119.88,-55.07,False,
2025-08-22,C,NVDA250822C00170000,170.0,REAL,9:37–9:45 AM,4.1137,10:35–10:40 AM,7.076,2.9622,1,411.37,296.22,True,
2025-08-29,C,NVDA250829C00180000,180.0,REAL,9:37–9:45 AM,0.185,10:35–10:40 AM,0.066,-0.119,6,111.0,-71.4,False,
2025-09-05,C,NVDA250905C00165000,165.0,REAL,9:37–9:45 AM,3.2787,10:35–10:40 AM,1.316,-1.9628,1,327.87,-196.28,False,
2025-09-12,C,NVDA250912C00180000,180.0,REAL,9:37–9:45 AM,0.0713,10:35–10:40 AM,0.126,0.0547,15,106.88,82.12,True,
2025-09-19,C,NVDA250919C00175000,175.0,REAL,9:37–9:45 AM,1.8788,10:35–10:40 AM,2.956,1.0772,1,187.88,107.72,True,
2025-09-26,C,NVDA250926C00175000,175.0,REAL,9:37–9:45 AM,2.68,10:35–10:40 AM,1.482,-1.198,1,268.0,-119.8,False,
2025-10-03,C,NVDA251003C00190000,190.0,REAL,9:37–9:45 AM,0.8537,10:35–10:40 AM,0.31,-0.5437,2,170.75,-108.75,False,
2025-10-10,C,NVDA251010C00195000,195.0,REAL,9:37–9:45 AM,0.3125,10:35–10:40 AM,1.006,0.6935,4,125.0,277.4,True,
2025-10-17,C,NVDA251017C00180000,180.0,REAL,9:37–9:45 AM,1.875,10:35–10:40 AM,2.868,0.993,1,187.5,99.3,True,
2025-10-24,C,NVDA251024C00185000,185.0,REAL,9:37–9:45 AM,1.4225,10:35–10:40 AM,0.79,-0.6325,1,142.25,-63.25,False,
2025-10-31,C,NVDA251031C00207500,207.5,REAL,9:37–9:45 AM,1.1625,10:35–10:40 AM,0.542,-0.6205,1,116.25,-62.05,False,
2025-11-07,C,NVDA251107C00185000,185.0,REAL,9:37–9:45 AM,1.0437,10:35–10:40 AM,0.39,-0.6537,1,104.38,-65.37,False,
2025-11-14,C,NVDA251114C00180000,180.0,REAL,9:37–9:45 AM,5.2637,10:35–10:40 AM,7.73,2.4663,1,526.37,246.63,True,
2025-11-21,C,NVDA251121C00180000,180.0,REAL,9:37–9:45 AM,1.575,10:35–10:40 AM,0.392,-1.183,1,157.5,-118.3,False,
2025-11-28,C,NVDA251128C00180000,180.0,REAL,9:37–9:45 AM,0.4575,10:35–10:40 AM,0.176,-0.2815,3,137.25,-84.45,False,
2025-12-05,C,NVDA251205C00185000,185.0,REAL,9:37–9:45 AM,0.2512,10:35–10:40 AM,0.196,-0.0552,4,100.5,-22.1,False,
2025-12-12,C,NVDA251212C00180000,180.0,REAL,9:37–9:45 AM,2.455,10:35–10:40 AM,0.63,-1.825,1,245.5,-182.5,False,
2025-12-19,C,NVDA251219C00175000,175.0,REAL,9:37–9:45 AM,3.745,10:35–10:40 AM,4.358,0.613,1,374.5,61.3,True,
2025-12-26,C,NVDA251226C00190000,190.0,REAL,9:37–9:45 AM,2.19,10:35–10:40 AM,2.052,-0.138,1,219.0,-13.8,False,
2026-01-02,C,NVDA260102C00190000,190.0,REAL,9:37–9:45 AM,1.8125,10:35–10:40 AM,1.572,-0.2405,1,181.25,-24.05,False,
2026-01-09,C,NVDA260109C00185000,185.0,REAL,9:37–9:45 AM,1.3537,10:35–10:40 AM,0.856,-0.4977,1,135.37,-49.77,False,
2026-01-16,C,NVDA260116C00190000,190.0,REAL,9:37–9:45 AM,1.0225,10:35–10:40 AM,0.134,-0.8885,1,102.25,-88.85,False,
2026-01-23,C,NVDA260123C00190000,190.0,REAL,9:37–9:45 AM,0.2712,10:35–10:40 AM,0.126,-0.1452,4,108.5,-58.1,False,
2026-01-30,C,NVDA260130C00190000,190.0,REAL,9:37–9:45 AM,2.7775,10:35–10:40 AM,3.02,0.2425,1,277.75,24.25,True,
2026-02-06,C,NVDA260206C00175000,175.0,REAL,9:37–9:45 AM,4.0888,10:35–10:40 AM,7.492,3.4032,1,408.88,340.32,True,
2026-02-13,C,NVDA260213C00185000,185.0,REAL,9:37–9:45 AM,1.0425,10:35–10:40 AM,0.964,-0.0785,1,104.25,-7.85,False,
2026-02-20,C,NVDA260220C00185000,185.0,REAL,9:37–9:45 AM,3.33,10:35–10:40 AM,3.228,-0.102,1,333.0,-10.2,False,
2026-02-27,C,NVDA260227C00180000,180.0,REAL,9:37–9:45 AM,1.97,10:35–10:40 AM,2.254,0.284,1,197.0,28.4,True,
2026-03-06,C,NVDA260306C00180000,180.0,REAL,9:37–9:45 AM,1.9912,10:35–10:40 AM,2.498,0.5068,1,199.12,50.68,True,
2026-03-13,C,NVDA260313C00185000,185.0,REAL,9:37–9:45 AM,1.1087,10:35–10:40 AM,0.294,-0.8147,1,110.87,-81.47,False,
2026-03-20,C,NVDA260320C00175000,175.0,REAL,9:37–9:45 AM,2.735,10:35–10:40 AM,1.308,-1.427,1,273.5,-142.7,False,
2026-03-27,C,NVDA260327C00170000,170.0,REAL,9:37–9:45 AM,1.31,10:35–10:40 AM,0.236,-1.074,1,131.0,-107.4,False,
2026-04-03,C,NVDA260402C00175000,175.0,REAL,9:37–9:45 AM,0.1862,10:35–10:40 AM,1.6,1.4137,6,111.75,848.25,True,Fri closed → Thu expiry
2026-04-10,C,NVDA260410C00185000,185.0,REAL,9:37–9:45 AM,1.3188,10:35–10:40 AM,3.428,2.1093,1,131.88,210.93,True,
2026-04-17,C,NVDA260417C00200000,200.0,REAL,9:37–9:45 AM,1.2837,10:35–10:40 AM,1.128,-0.1557,1,128.38,-15.57,False,
2026-04-24,C,NVDA260424C00200000,200.0,REAL,9:37–9:45 AM,2.8188,10:35–10:40 AM,4.18,1.3613,1,281.88,136.13,True,
2026-05-01,C,NVDA260501C00202500,202.5,REAL,9:37–9:45 AM,1.1713,10:35–10:40 AM,0.198,-0.9732,1,117.13,-97.32,False,
2026-05-08,C,NVDA260508C00212500,212.5,REAL,9:37–9:45 AM,3.7362,10:35–10:40 AM,2.77,-0.9663,1,373.62,-96.63,False,
2026-05-15,C,NVDA260515C00227500,227.5,REAL,9:37–9:45 AM,1.6412,10:35–10:40 AM,1.502,-0.1392,1,164.12,-13.92,False,
2026-05-22,C,NVDA260522C00220000,220.0,REAL,9:37–9:45 AM,1.5825,10:35–10:40 AM,0.266,-1.3165,1,158.25,-131.65,False,
2026-05-29,C,NVDA260529C00212500,212.5,REAL,9:37–9:45 AM,2.7688,10:35–10:40 AM,3.246,0.4773,1,276.88,47.73,True,
2026-06-05,C,NVDA260605C00212500,212.5,REAL,9:37–9:45 AM,1.9788,10:35–10:40 AM,0.888,-1.0908,1,197.88,-109.08,False,
2026-06-12,C,NVDA260612C00205000,205.0,REAL,9:37–9:45 AM,1.655,10:35–10:40 AM,1.642,-0.013,1,165.5,-1.3,False,
2026-06-19,C,NVDA260618C00207500,207.5,REAL,9:37–9:45 AM,1.2338,10:35–10:40 AM,1.968,0.7343,1,123.38,73.43,True,Fri closed → Thu expiry
2026-06-26,C,NVDA260626C00190000,190.0,REAL,9:37–9:45 AM,3.0587,10:35–10:40 AM,3.5,0.4413,1,305.87,44.13,True,
2026-07-03,C,NVDA260702C00200000,200.0,REAL,9:37–9:45 AM,0.4612,10:35–10:40 AM,0.188,-0.2733,3,138.37,-81.98,False,Fri closed → Thu expiry
2024-07-12,C,GOOGL240712C00185000,185.0,REAL,3:40–3:45 PM,0.26,3:54–3:59 PM,0.102,-0.158,4,104.0,-63.2,False,
2024-07-19,C,GOOGL240719C00180000,180.0,REAL,3:40–3:45 PM,,3:54–3:59 PM,,,,,,,no usable price in entry/exit frame
2024-07-26,C,GOOGL240726C00165000,165.0,REAL,3:40–3:45 PM,1.98,3:54–3:59 PM,1.555,-0.425,1,198.0,-42.5,False,
2024-08-02,C,GOOGL240802C00165000,165.0,REAL,3:40–3:45 PM,1.006,3:54–3:59 PM,1.32,0.314,1,100.6,31.4,True,
2024-08-09,C,GOOGL240809C00160000,160.0,REAL,3:40–3:45 PM,2.99,3:54–3:59 PM,3.428,0.438,1,299.0,43.8,True,
2024-08-16,C,GOOGL240816C00160000,160.0,REAL,3:40–3:45 PM,3.275,3:54–3:59 PM,2.9675,-0.3075,1,327.5,-30.75,False,
2024-08-23,C,GOOGL240823C00165000,165.0,REAL,3:40–3:45 PM,0.51,3:54–3:59 PM,0.658,0.148,2,102.0,29.6,True,
2024-08-30,C,GOOGL240830C00165000,165.0,REAL,3:40–3:45 PM,,3:54–3:59 PM,,,,,,,no usable price in entry/exit frame
2024-09-06,C,GOOGL240906C00160000,160.0,REAL,3:40–3:45 PM,,3:54–3:59 PM,,,,,,,no usable price in entry/exit frame
2024-09-13,C,GOOGL240913C00155000,155.0,REAL,3:40–3:45 PM,2.7125,3:54–3:59 PM,2.5,-0.2125,1,271.25,-21.25,False,
2024-09-20,C,GOOGL240920C00165000,165.0,REAL,3:40–3:45 PM,0.01,3:54–3:59 PM,0.01,0.0,101,101.0,0.0,False,
2024-09-27,C,GOOGL240927C00165000,165.0,REAL,3:40–3:45 PM,0.01,3:54–3:59 PM,0.01,0.0,100,100.0,0.0,False,
2024-10-04,C,GOOGL241004C00170000,170.0,REAL,3:40–3:45 PM,0.01,3:54–3:59 PM,0.01,0.0,101,101.0,0.0,False,
2024-10-11,C,GOOGL241011C00160000,160.0,REAL,3:40–3:45 PM,3.7,3:54–3:59 PM,3.1833,-0.5167,1,370.0,-51.67,False,
2024-10-18,C,GOOGL241018C00165000,165.0,REAL,3:40–3:45 PM,0.01,3:54–3:59 PM,0.01,0.0,100,100.0,0.0,False,
2024-10-25,C,GOOGL241025C00165000,165.0,REAL,3:40–3:45 PM,0.204,3:54–3:59 PM,0.196,-0.008,5,102.0,-4.0,False,
2024-11-01,C,GOOGL241101C00170000,170.0,REAL,3:40–3:45 PM,1.326,3:54–3:59 PM,1.432,0.106,1,132.6,10.6,True,
2024-11-08,C,GOOGL241108C00180000,180.0,REAL,3:40–3:45 PM,0.01,3:54–3:59 PM,0.01,0.0,101,101.0,0.0,False,
2024-11-15,C,GOOGL241115C00175000,175.0,REAL,3:40–3:45 PM,,3:54–3:59 PM,,,,,,,no usable price in entry/exit frame
2024-11-22,C,GOOGL241122C00160000,160.0,REAL,3:40–3:45 PM,5.0,3:54–3:59 PM,4.87,-0.13,1,500.0,-13.0,False,
2024-11-29,C,GOOGL241129C00170000,170.0,REAL,3:40–3:45 PM,,3:54–3:59 PM,,,,,,,no usable price in entry/exit frame
2024-12-06,C,GOOGL241206C00170000,170.0,REAL,3:40–3:45 PM,,3:54–3:59 PM,,,,,,,no usable price in entry/exit frame
2024-12-13,C,GOOGL241213C00190000,190.0,REAL,3:40–3:45 PM,0.6875,3:54–3:59 PM,0.09,-0.5975,2,137.5,-119.5,False,
2024-12-20,C,GOOGL241220C00185000,185.0,REAL,3:40–3:45 PM,6.8375,3:54–3:59 PM,6.1,-0.7375,1,683.75,-73.75,False,
2024-12-27,C,GOOGL241227C00195000,195.0,REAL,3:40–3:45 PM,,3:54–3:59 PM,,,,,,,no usable price in entry/exit frame
2025-01-03,C,GOOGL250103C00190000,190.0,REAL,3:40–3:45 PM,1.87,3:54–3:59 PM,1.778,-0.092,1,187.0,-9.2,False,
2025-01-10,C,GOOGL250110C00195000,195.0,REAL,3:40–3:45 PM,0.01,3:54–3:59 PM,0.01,0.0,101,101.0,0.0,False,
2025-01-17,C,GOOGL250117C00195000,195.0,REAL,3:40–3:45 PM,1.248,3:54–3:59 PM,1.028,-0.22,1,124.8,-22.0,False,
2025-01-24,C,GOOGL250124C00200000,200.0,REAL,3:40–3:45 PM,0.0825,3:54–3:59 PM,0.104,0.0215,13,107.25,27.95,True,
2025-01-31,C,GOOGL250131C00200000,200.0,REAL,3:40–3:45 PM,3.628,3:54–3:59 PM,3.958,0.33,1,362.8,33.0,True,
2025-02-07,C,GOOGL250207C00190000,190.0,REAL,3:40–3:45 PM,,3:54–3:59 PM,,,,,,,no usable price in entry/exit frame
2025-02-14,C,GOOGL250214C00185000,185.0,REAL,3:40–3:45 PM,0.472,3:54–3:59 PM,0.33,-0.142,3,141.6,-42.6,False,
2025-02-21,C,GOOGL250221C00185000,185.0,REAL,3:40–3:45 PM,0.01,3:54–3:59 PM,0.01,0.0,101,101.0,0.0,False,
2025-02-28,C,GOOGL250228C00170000,170.0,REAL,3:40–3:45 PM,0.015,3:54–3:59 PM,0.308,0.293,67,100.5,1963.1,True,
2025-03-07,C,GOOGL250307C00170000,170.0,REAL,3:40–3:45 PM,3.1233,3:54–3:59 PM,4.0567,0.9333,1,312.33,93.33,True,
2025-03-14,C,GOOGL250314C00165000,165.0,REAL,3:40–3:45 PM,0.248,3:54–3:59 PM,0.756,0.508,5,124.0,254.0,True,
2025-03-21,C,GOOGL250321C00160000,160.0,REAL,3:40–3:45 PM,3.05,3:54–3:59 PM,4.035,0.985,1,305.0,98.5,True,
2025-03-28,C,GOOGL250328C00160000,160.0,REAL,3:40–3:45 PM,,3:54–3:59 PM,,,,,,,no usable price in entry/exit frame
2025-04-04,C,GOOGL250404C00150000,150.0,REAL,3:40–3:45 PM,0.0233,3:54–3:59 PM,0.01,-0.0133,43,100.33,-57.33,False,
2025-04-11,C,GOOGL250411C00155000,155.0,REAL,3:40–3:45 PM,1.992,3:54–3:59 PM,2.184,0.192,1,199.2,19.2,True,
2025-04-18,C,GOOGL250417C00155000,155.0,REAL,3:40–3:45 PM,,3:54–3:59 PM,,,,,,,no usable price in entry/exit frame
2025-04-25,C,GOOGL250425C00165000,165.0,REAL,3:40–3:45 PM,0.014,3:54–3:59 PM,0.01,-0.004,72,100.8,-28.8,False,
2025-05-02,C,GOOGL250502C00165000,165.0,REAL,3:40–3:45 PM,0.014,3:54–3:59 PM,0.01,-0.004,72,100.8,-28.8,False,
2025-05-09,C,GOOGL250509C00155000,155.0,REAL,3:40–3:45 PM,0.01,3:54–3:59 PM,0.01,0.0,101,101.0,0.0,False,
2025-05-16,C,GOOGL250516C00170000,170.0,REAL,3:40–3:45 PM,0.01,3:54–3:59 PM,0.01,0.0,100,100.0,0.0,False,
2025-05-23,C,GOOGL250523C00170000,170.0,REAL,3:40–3:45 PM,0.03,3:54–3:59 PM,0.01,-0.02,34,102.0,-68.0,False,
2025-05-30,C,GOOGL250530C00170000,170.0,REAL,3:40–3:45 PM,1.136,3:54–3:59 PM,1.944,0.808,1,113.6,80.8,True,
2025-06-06,C,GOOGL250606C00170000,170.0,REAL,3:40–3:45 PM,3.6433,3:54–3:59 PM,3.82,0.1767,1,364.33,17.67,True,
2025-06-13,C,GOOGL250613C00175000,175.0,REAL,3:40–3:45 PM,0.26,3:54–3:59 PM,0.028,-0.232,4,104.0,-92.8,False,
2025-06-20,C,GOOGL250620C00175000,175.0,REAL,3:40–3:45 PM,0.01,3:54–3:59 PM,0.01,0.0,100,100.0,0.0,False,
2025-07-04,C,GOOGL250703C00180000,180.0,REAL,3:40–3:45 PM,,3:54–3:59 PM,,,,,,,no usable price in entry/exit frame
2025-07-11,C,GOOGL250711C00175000,175.0,REAL,3:40–3:45 PM,5.395,3:54–3:59 PM,5.26,-0.135,1,539.5,-13.5,False,
2025-07-18,C,GOOGL250718C00185000,185.0,REAL,3:40–3:45 PM,0.05,3:54–3:59 PM,0.124,0.074,20,100.0,148.0,True,
2025-07-25,C,GOOGL250725C00195000,195.0,REAL,3:40–3:45 PM,0.01,3:54–3:59 PM,0.01,0.0,101,101.0,0.0,False,
2025-08-01,C,GOOGL250801C00190000,190.0,REAL,3:40–3:45 PM,0.0133,3:54–3:59 PM,0.01,-0.0033,75,100.0,-25.0,False,
2025-08-08,C,GOOGL250808C00200000,200.0,REAL,3:40–3:45 PM,1.444,3:54–3:59 PM,1.482,0.038,1,144.4,3.8,True,
2025-08-15,C,GOOGL250815C00202500,202.5,REAL,3:40–3:45 PM,2.5825,3:54–3:59 PM,1.816,-0.7665,1,258.25,-76.65,False,
2025-08-22,C,GOOGL250822C00202500,202.5,REAL,3:40–3:45 PM,3.1,3:54–3:59 PM,3.5425,0.4425,1,310.0,44.25,True,
2025-08-29,C,GOOGL250829C00210000,210.0,REAL,3:40–3:45 PM,3.378,3:54–3:59 PM,2.89,-0.488,1,337.8,-48.8,False,
2025-09-05,C,GOOGL250905C00232500,232.5,REAL,3:40–3:45 PM,2.14,3:54–3:59 PM,2.476,0.336,1,214.0,33.6,True,
2025-09-12,C,GOOGL250912C00240000,240.0,REAL,3:40–3:45 PM,0.882,3:54–3:59 PM,0.884,0.002,2,176.4,0.4,True,
2025-09-19,C,GOOGL250919C00255000,255.0,REAL,3:40–3:45 PM,0.908,3:54–3:59 PM,0.342,-0.566,2,181.6,-113.2,False,
2025-09-26,C,GOOGL250926C00247500,247.5,REAL,3:40–3:45 PM,0.035,3:54–3:59 PM,0.014,-0.021,29,101.5,-60.9,False,
2025-10-03,C,GOOGL251003C00245000,245.0,REAL,3:40–3:45 PM,0.222,3:54–3:59 PM,0.336,0.114,5,111.0,57.0,True,
2025-10-10,C,GOOGL251010C00242500,242.5,REAL,3:40–3:45 PM,,3:54–3:59 PM,,,,,,,no usable price in entry/exit frame
2025-10-17,C,GOOGL251017C00250000,250.0,REAL,3:40–3:45 PM,3.194,3:54–3:59 PM,3.41,0.216,1,319.4,21.6,True,
2025-10-24,C,GOOGL251024C00255000,255.0,REAL,3:40–3:45 PM,5.128,3:54–3:59 PM,5.044,-0.084,1,512.8,-8.4,False,
2025-10-31,C,GOOGL251031C00285000,285.0,REAL,3:40–3:45 PM,0.01,3:54–3:59 PM,0.01,0.0,101,101.0,0.0,False,
2025-11-07,C,GOOGL251107C00280000,280.0,REAL,3:40–3:45 PM,0.08,3:54–3:59 PM,0.01,-0.07,13,104.0,-91.0,False,
2025-11-14,C,GOOGL251114C00272500,272.5,REAL,3:40–3:45 PM,,3:54–3:59 PM,,,,,,,no usable price in entry/exit frame
2025-11-21,C,GOOGL251121C00300000,300.0,REAL,3:40–3:45 PM,0.898,3:54–3:59 PM,0.096,-0.802,2,179.6,-160.4,False,
2025-11-28,C,GOOGL251128C00325000,325.0,REAL,3:40–3:45 PM,,3:54–3:59 PM,,,,,,,no usable price in entry/exit frame
2025-12-05,C,GOOGL251205C00320000,320.0,REAL,3:40–3:45 PM,0.634,3:54–3:59 PM,0.766,0.132,2,126.8,26.4,True,
2025-12-12,C,GOOGL251212C00315000,315.0,REAL,3:40–3:45 PM,0.01,3:54–3:59 PM,0.01,0.0,101,101.0,0.0,False,
2025-12-19,C,GOOGL251219C00302500,302.5,REAL,3:40–3:45 PM,1.586,3:54–3:59 PM,3.86,2.274,1,158.6,227.4,True,
2025-12-26,C,GOOGL251226C00315000,315.0,REAL,3:40–3:45 PM,0.01,3:54–3:59 PM,0.01,0.0,101,101.0,0.0,False,
2026-01-02,C,GOOGL260102C00320000,320.0,REAL,3:40–3:45 PM,0.014,3:54–3:59 PM,0.01,-0.004,72,100.8,-28.8,False,
2026-01-09,C,GOOGL260109C00327500,327.5,REAL,3:40–3:45 PM,1.94,3:54–3:59 PM,1.446,-0.494,1,194.0,-49.4,False,
2026-01-16,C,GOOGL260116C00332500,332.5,REAL,3:40–3:45 PM,0.01,3:54–3:59 PM,0.015,0.005,100,100.0,50.0,True,
2026-01-23,C,GOOGL260123C00330000,330.0,REAL,3:40–3:45 PM,0.0125,3:54–3:59 PM,0.01,-0.0025,81,101.25,-20.25,False,
2026-01-30,C,GOOGL260130C00335000,335.0,REAL,3:40–3:45 PM,2.9525,3:54–3:59 PM,2.916,-0.0365,1,295.25,-3.65,False,
2026-02-06,C,GOOGL260206C00330000,330.0,REAL,3:40–3:45 PM,,3:54–3:59 PM,,,,,,,no usable price in entry/exit frame
2026-02-13,C,GOOGL260213C00305000,305.0,REAL,3:40–3:45 PM,0.39,3:54–3:59 PM,0.596,0.206,3,117.0,61.8,True,
2026-02-20,C,GOOGL260220C00305000,305.0,REAL,3:40–3:45 PM,,3:54–3:59 PM,,,,,,,no usable price in entry/exit frame
2026-02-27,C,GOOGL260227C00305000,305.0,REAL,3:40–3:45 PM,2.61,3:54–3:59 PM,6.378,3.768,1,261.0,376.8,True,
2026-03-06,C,GOOGL260306C00295000,295.0,REAL,3:40–3:45 PM,,3:54–3:59 PM,,,,,,,no usable price in entry/exit frame
2026-03-13,C,GOOGL260313C00307500,307.5,REAL,3:40–3:45 PM,0.01,3:54–3:59 PM,0.01,0.0,100,100.0,0.0,False,
2026-03-20,C,GOOGL260320C00305000,305.0,REAL,3:40–3:45 PM,0.03,3:54–3:59 PM,0.038,0.008,34,102.0,27.2,True,
2026-03-27,C,GOOGL260327C00277500,277.5,REAL,3:40–3:45 PM,0.0275,3:54–3:59 PM,0.02,-0.0075,37,101.75,-27.75,False,
2026-04-03,C,GOOGL260402C00292500,292.5,REAL,3:40–3:45 PM,2.45,3:54–3:59 PM,3.19,0.74,1,245.0,74.0,True,Fri closed → Thu expiry
2026-04-10,C,GOOGL260410C00320000,320.0,REAL,3:40–3:45 PM,0.015,3:54–3:59 PM,0.01,-0.005,67,100.5,-33.5,False,
2026-04-17,C,GOOGL260417C00337500,337.5,REAL,3:40–3:45 PM,4.438,3:54–3:59 PM,4.1175,-0.3205,1,443.8,-32.05,False,
2026-04-24,C,GOOGL260424C00337500,337.5,REAL,3:40–3:45 PM,6.9567,3:54–3:59 PM,7.2967,0.34,1,695.67,34.0,True,
2026-05-01,C,GOOGL260501C00380000,380.0,REAL,3:40–3:45 PM,5.192,3:54–3:59 PM,5.56,0.368,1,519.2,36.8,True,
2026-05-08,C,GOOGL260508C00397500,397.5,REAL,3:40–3:45 PM,3.006,3:54–3:59 PM,3.622,0.616,1,300.6,61.6,True,
2026-05-15,C,GOOGL260515C00395000,395.0,REAL,3:40–3:45 PM,1.748,3:54–3:59 PM,1.585,-0.163,1,174.8,-16.3,False,
2026-05-22,C,GOOGL260522C00387500,387.5,REAL,3:40–3:45 PM,0.01,3:54–3:59 PM,0.01,0.0,101,101.0,0.0,False,
2026-05-29,C,GOOGL260529C00382500,382.5,REAL,3:40–3:45 PM,0.5475,3:54–3:59 PM,0.114,-0.4335,2,109.5,-86.7,False,
2026-06-05,C,GOOGL260605C00367500,367.5,REAL,3:40–3:45 PM,0.0725,3:54–3:59 PM,1.212,1.1395,14,101.5,1595.3,True,
2026-06-12,C,GOOGL260612C00362500,362.5,REAL,3:40–3:45 PM,0.014,3:54–3:59 PM,0.015,0.001,72,100.8,7.2,True,
2026-06-19,C,GOOGL260618C00367500,367.5,REAL,3:40–3:45 PM,1.262,3:54–3:59 PM,1.506,0.244,1,126.2,24.4,True,Fri closed → Thu expiry
2026-06-26,C,GOOGL260626C00340000,340.0,REAL,3:40–3:45 PM,2.886,3:54–3:59 PM,0.694,-2.192,1,288.6,-219.2,False,
2026-07-03,C,GOOGL260702C00360000,360.0,REAL,3:40–3:45 PM,0.265,3:54–3:59 PM,0.58,0.315,4,106.0,126.0,True,Fri closed → Thu expiry
2024-07-12,C,MSFT240712C00452500,452.5,REAL,3:45–3:50 PM,1.226,3:55–4:00 PM,0.955,-0.271,1,122.6,-27.1,False,
2024-07-19,C,MSFT240719C00432500,432.5,REAL,3:45–3:50 PM,,3:55–4:00 PM,,,,,,,no usable price in entry/exit frame
2024-07-26,C,MSFT240726C00420000,420.0,REAL,3:45–3:50 PM,5.1675,3:55–4:00 PM,4.862,-0.3055,1,516.75,-30.55,False,
2024-08-02,C,MSFT240802C00415000,415.0,REAL,3:45–3:50 PM,,3:55–4:00 PM,,,,,,,no usable price in entry/exit frame
2024-08-09,C,MSFT240809C00405000,405.0,REAL,3:45–3:50 PM,1.658,3:55–4:00 PM,1.14,-0.518,1,165.8,-51.8,False,
2024-08-16,C,MSFT240816C00420000,420.0,REAL,3:45–3:50 PM,0.01,3:55–4:00 PM,0.01,0.0,101,101.0,0.0,False,
2024-08-23,C,MSFT240823C00417500,417.5,REAL,3:45–3:50 PM,0.01,3:55–4:00 PM,0.018,0.008,101,101.0,80.8,True,
2024-08-30,C,MSFT240830C00415000,415.0,REAL,3:45–3:50 PM,0.122,3:55–4:00 PM,1.75,1.628,9,109.8,1465.2,True,
2024-09-06,C,MSFT240906C00410000,410.0,REAL,3:45–3:50 PM,0.01,3:55–4:00 PM,0.01,0.0,100,100.0,0.0,False,
2024-09-13,C,MSFT240913C00425000,425.0,REAL,3:45–3:50 PM,6.02,3:55–4:00 PM,6.06,0.04,1,602.0,4.0,True,
2024-09-20,C,MSFT240920C00440000,440.0,REAL,3:45–3:50 PM,0.128,3:55–4:00 PM,0.044,-0.084,8,102.4,-67.2,False,
2024-09-27,C,MSFT240927C00430000,430.0,REAL,3:45–3:50 PM,0.0133,3:55–4:00 PM,0.01,-0.0033,76,101.33,-25.33,False,
2024-10-04,C,MSFT241004C00417500,417.5,REAL,3:45–3:50 PM,0.116,3:55–4:00 PM,0.044,-0.072,9,104.4,-64.8,False,
2024-10-11,C,MSFT241011C00415000,415.0,REAL,3:45–3:50 PM,0.98,3:55–4:00 PM,1.338,0.358,2,196.0,71.6,True,
2024-10-18,C,MSFT241018C00415000,415.0,REAL,3:45–3:50 PM,2.616,3:55–4:00 PM,3.054,0.438,1,261.6,43.8,True,
2024-10-25,C,MSFT241025C00427500,427.5,REAL,3:45–3:50 PM,0.768,3:55–4:00 PM,0.548,-0.22,2,153.6,-44.0,False,
2024-11-01,C,MSFT241101C00410000,410.0,REAL,3:45–3:50 PM,1.358,3:55–4:00 PM,0.522,-0.836,1,135.8,-83.6,False,
2024-11-08,C,MSFT241108C00425000,425.0,REAL,3:45–3:50 PM,0.01,3:55–4:00 PM,0.01,0.0,101,101.0,0.0,False,
2024-11-15,C,MSFT241115C00422500,422.5,REAL,3:45–3:50 PM,0.01,3:55–4:00 PM,0.01,0.0,101,101.0,0.0,False,
2024-11-22,C,MSFT241122C00412500,412.5,REAL,3:45–3:50 PM,2.0875,3:55–4:00 PM,4.48,2.3925,1,208.75,239.25,True,
2024-11-29,C,MSFT241129C00420000,420.0,REAL,3:45–3:50 PM,,3:55–4:00 PM,,,,,,,no usable price in entry/exit frame
2024-12-06,C,MSFT241206C00445000,445.0,REAL,3:45–3:50 PM,0.052,3:55–4:00 PM,0.01,-0.042,20,104.0,-84.0,False,
2024-12-13,C,MSFT241213C00450000,450.0,REAL,3:45–3:50 PM,0.01,3:55–4:00 PM,0.01,0.0,100,100.0,0.0,False,
2024-12-20,C,MSFT241220C00432500,432.5,REAL,3:45–3:50 PM,,3:55–4:00 PM,,,,,,,no usable price in entry/exit frame
2024-12-27,C,MSFT241227C00435000,435.0,REAL,3:45–3:50 PM,0.01,3:55–4:00 PM,0.01,0.0,100,100.0,0.0,False,
2025-01-03,C,MSFT250103C00420000,420.0,REAL,3:45–3:50 PM,1.985,3:55–4:00 PM,3.132,1.147,1,198.5,114.7,True,
2025-01-10,C,MSFT250110C00422500,422.5,REAL,3:45–3:50 PM,0.01,3:55–4:00 PM,0.01,0.0,101,101.0,0.0,False,
2025-01-17,C,MSFT250117C00432500,432.5,REAL,3:45–3:50 PM,0.04,3:55–4:00 PM,0.0133,-0.0267,25,100.0,-66.67,False,
2025-01-24,C,MSFT250124C00442500,442.5,REAL,3:45–3:50 PM,0.712,3:55–4:00 PM,1.384,0.672,2,142.4,134.4,True,
2025-01-31,C,MSFT250131C00417500,417.5,REAL,3:45–3:50 PM,0.114,3:55–4:00 PM,0.01,-0.104,9,102.6,-93.6,False,
2025-02-07,C,MSFT250207C00417500,417.5,REAL,3:45–3:50 PM,0.01,3:55–4:00 PM,0.01,0.0,100,100.0,0.0,False,
2025-02-14,C,MSFT250214C00407500,407.5,REAL,3:45–3:50 PM,0.235,3:55–4:00 PM,1.116,0.881,5,117.5,440.5,True,
2025-02-21,C,MSFT250221C00417500,417.5,REAL,3:45–3:50 PM,0.01,3:55–4:00 PM,0.01,0.0,100,100.0,0.0,False,
2025-02-28,C,MSFT250228C00392500,392.5,REAL,3:45–3:50 PM,1.105,3:55–4:00 PM,4.526,3.421,1,110.5,342.1,True,
2025-03-07,C,MSFT250307C00392500,392.5,REAL,3:45–3:50 PM,0.54,3:55–4:00 PM,1.492,0.952,2,108.0,190.4,True,
2025-03-14,C,MSFT250314C00380000,380.0,REAL,3:45–3:50 PM,8.76,3:55–4:00 PM,9.04,0.28,1,876.0,28.0,True,
2025-03-21,C,MSFT250321C00385000,385.0,REAL,3:45–3:50 PM,0.696,3:55–4:00 PM,5.454,4.758,2,139.2,951.6,True,
2025-03-28,C,MSFT250328C00387500,387.5,REAL,3:45–3:50 PM,0.014,3:55–4:00 PM,0.0125,-0.0015,72,100.8,-10.8,False,
2025-04-04,C,MSFT250404C00365000,365.0,REAL,3:45–3:50 PM,1.2125,3:55–4:00 PM,0.05,-1.1625,1,121.25,-116.25,False,
2025-04-11,C,MSFT250411C00382500,382.5,REAL,3:45–3:50 PM,5.718,3:55–4:00 PM,5.98,0.262,1,571.8,26.2,True,
2025-04-18,C,MSFT250417C00372500,372.5,REAL,3:45–3:50 PM,0.015,3:55–4:00 PM,0.0125,-0.0025,67,100.5,-16.75,False,Fri closed → Thu expiry
2025-04-25,C,MSFT250425C00387500,387.5,REAL,3:45–3:50 PM,2.82,3:55–4:00 PM,4.334,1.514,1,282.0,151.4,True,
2025-05-02,C,MSFT250502C00432500,432.5,REAL,3:45–3:50 PM,2.6275,3:55–4:00 PM,2.8625,0.235,1,262.75,23.5,True,
2025-05-09,C,MSFT250509C00440000,440.0,REAL,3:45–3:50 PM,0.036,3:55–4:00 PM,0.0125,-0.0235,28,100.8,-65.8,False,
2025-05-16,C,MSFT250516C00450000,450.0,REAL,3:45–3:50 PM,2.222,3:55–4:00 PM,3.794,1.572,1,222.2,157.2,True,
2025-05-23,C,MSFT250523C00450000,450.0,REAL,3:45–3:50 PM,1.59,3:55–4:00 PM,0.81,-0.78,1,159.0,-78.0,False,
2025-05-30,C,MSFT250530C00460000,460.0,REAL,3:45–3:50 PM,1.268,3:55–4:00 PM,1.082,-0.186,1,126.8,-18.6,False,
2025-06-06,C,MSFT250606C00470000,470.0,REAL,3:45–3:50 PM,0.756,3:55–4:00 PM,0.418,-0.338,2,151.2,-67.6,False,
2025-06-13,C,MSFT250613C00477500,477.5,REAL,3:45–3:50 PM,0.0133,3:55–4:00 PM,0.015,0.0017,76,101.33,12.67,True,
2025-06-20,C,MSFT250620C00482500,482.5,REAL,3:45–3:50 PM,0.01,3:55–4:00 PM,0.01,0.0,100,100.0,0.0,False,
2025-06-27,C,MSFT250627C00497500,497.5,REAL,3:45–3:50 PM,0.1,3:55–4:00 PM,0.06,-0.04,10,100.0,-40.0,False,
2025-07-04,C,MSFT250703C00495000,495.0,REAL,3:45–3:50 PM,,3:55–4:00 PM,,,,,,,no usable price in entry/exit frame
2025-07-11,C,MSFT250711C00500000,500.0,REAL,3:45–3:50 PM,3.745,3:55–4:00 PM,3.44,-0.305,1,374.5,-30.5,False,
2025-07-18,C,MSFT250718C00510000,510.0,REAL,3:45–3:50 PM,0.276,3:55–4:00 PM,0.258,-0.018,4,110.4,-7.2,False,
2025-07-25,C,MSFT250725C00510000,510.0,REAL,3:45–3:50 PM,5.94,3:55–4:00 PM,3.7167,-2.2233,1,594.0,-222.33,False,
2025-08-01,C,MSFT250801C00535000,535.0,REAL,3:45–3:50 PM,,3:55–4:00 PM,,,,,,,no usable price in entry/exit frame
2025-08-08,C,MSFT250808C00525000,525.0,REAL,3:45–3:50 PM,0.01,3:55–4:00 PM,0.01,0.0,100,100.0,0.0,False,
2025-08-15,C,MSFT250815C00520000,520.0,REAL,3:45–3:50 PM,3.25,3:55–4:00 PM,0.422,-2.828,1,325.0,-282.8,False,
2025-08-22,C,MSFT250822C00505000,505.0,REAL,3:45–3:50 PM,1.7125,3:55–4:00 PM,2.09,0.3775,1,171.25,37.75,True,
2025-08-29,C,MSFT250829C00510000,510.0,REAL,3:45–3:50 PM,0.112,3:55–4:00 PM,0.015,-0.097,9,100.8,-87.3,False,
2025-09-05,C,MSFT250905C00510000,510.0,REAL,3:45–3:50 PM,0.0133,3:55–4:00 PM,0.016,0.0027,75,100.0,20.0,True,
2025-09-12,C,MSFT250912C00505000,505.0,REAL,3:45–3:50 PM,5.57,3:55–4:00 PM,5.1525,-0.4175,1,557.0,-41.75,False,
2025-09-19,C,MSFT250919C00510000,510.0,REAL,3:45–3:50 PM,2.012,3:55–4:00 PM,7.716,5.704,1,201.2,570.4,True,
2025-09-26,C,MSFT250926C00510000,510.0,REAL,3:45–3:50 PM,1.838,3:55–4:00 PM,1.272,-0.566,1,183.8,-56.6,False,
2025-10-03,C,MSFT251003C00515000,515.0,REAL,3:45–3:50 PM,2.6667,3:55–4:00 PM,2.0975,-0.5692,1,266.67,-56.92,False,
2025-10-10,C,MSFT251010C00520000,520.0,REAL,3:45–3:50 PM,0.015,3:55–4:00 PM,0.0175,0.0025,67,100.5,16.75,True,
2025-10-17,C,MSFT251017C00510000,510.0,REAL,3:45–3:50 PM,4.36,3:55–4:00 PM,3.476,-0.884,1,436.0,-88.4,False,
2025-10-24,C,MSFT251024C00520000,520.0,REAL,3:45–3:50 PM,5.02,3:55–4:00 PM,3.448,-1.572,1,502.0,-157.2,False,
2025-10-31,C,MSFT251031C00530000,530.0,REAL,3:45–3:50 PM,,3:55–4:00 PM,,,,,,,no usable price in entry/exit frame
2025-11-07,C,MSFT251107C00497500,497.5,REAL,3:45–3:50 PM,0.276,3:55–4:00 PM,0.146,-0.13,4,110.4,-52.0,False,
2025-11-14,C,MSFT251114C00497500,497.5,REAL,3:45–3:50 PM,,3:55–4:00 PM,,,,,,,no usable price in entry/exit frame
2025-11-21,C,MSFT251121C00477500,477.5,REAL,3:45–3:50 PM,,3:55–4:00 PM,,,,,,,no usable price in entry/exit frame
2025-11-28,C,MSFT251128C00487500,487.5,REAL,3:45–3:50 PM,,3:55–4:00 PM,,,,,,,no usable price in entry/exit frame
2025-12-05,C,MSFT251205C00482500,482.5,REAL,3:45–3:50 PM,0.076,3:55–4:00 PM,0.488,0.412,14,106.4,576.8,True,
2025-12-12,C,MSFT251212C00480000,480.0,REAL,3:45–3:50 PM,0.07,3:55–4:00 PM,0.0167,-0.0533,15,105.0,-80.0,False,
2025-12-19,C,MSFT251219C00485000,485.0,REAL,3:45–3:50 PM,0.512,3:55–4:00 PM,0.676,0.164,2,102.4,32.8,True,
2025-12-26,C,MSFT251226C00487500,487.5,REAL,3:45–3:50 PM,0.11,3:55–4:00 PM,0.232,0.122,10,110.0,122.0,True,
2026-01-02,C,MSFT260102C00485000,485.0,REAL,3:45–3:50 PM,,3:55–4:00 PM,,,,,,,no usable price in entry/exit frame
2026-01-09,C,MSFT260109C00475000,475.0,REAL,3:45–3:50 PM,4.59,3:55–4:00 PM,4.4333,-0.1567,1,459.0,-15.67,False,
2026-01-16,C,MSFT260116C00457500,457.5,REAL,3:45–3:50 PM,3.4,3:55–4:00 PM,2.5967,-0.8033,1,340.0,-80.33,False,
2026-01-23,C,MSFT260123C00452500,452.5,REAL,3:45–3:50 PM,15.94,3:55–4:00 PM,14.07,-1.87,1,1594.0,-187.0,False,
2026-01-30,C,MSFT260130C00435000,435.0,REAL,3:45–3:50 PM,0.01,3:55–4:00 PM,0.01,0.0,101,101.0,0.0,False,
2026-02-06,C,MSFT260206C00395000,395.0,REAL,3:45–3:50 PM,5.7833,3:55–4:00 PM,6.205,0.4217,1,578.33,42.17,True,
2026-02-13,C,MSFT260213C00402500,402.5,REAL,3:45–3:50 PM,0.03,3:55–4:00 PM,0.024,-0.006,34,102.0,-20.4,False,
2026-02-20,C,MSFT260220C00395000,395.0,REAL,3:45–3:50 PM,2.602,3:55–4:00 PM,2.22,-0.382,1,260.2,-38.2,False,
2026-02-27,C,MSFT260227C00390000,390.0,REAL,3:45–3:50 PM,3.27,3:55–4:00 PM,3.39,0.12,1,327.0,12.0,True,
2026-03-06,C,MSFT260306C00412500,412.5,REAL,3:45–3:50 PM,0.01,3:55–4:00 PM,0.01,0.0,101,101.0,0.0,False,
2026-03-13,C,MSFT260313C00400000,400.0,REAL,3:45–3:50 PM,0.01,3:55–4:00 PM,0.01,0.0,101,101.0,0.0,False,
2026-03-20,C,MSFT260320C00385000,385.0,REAL,3:45–3:50 PM,0.146,3:55–4:00 PM,0.028,-0.118,7,102.2,-82.6,False,
2026-03-27,C,MSFT260327C00360000,360.0,REAL,3:45–3:50 PM,0.032,3:55–4:00 PM,0.018,-0.014,32,102.4,-44.8,False,
2026-04-03,C,MSFT260402C00365000,365.0,REAL,3:45–3:50 PM,7.2767,3:55–4:00 PM,8.0175,0.7408,1,727.67,74.08,True,Fri closed → Thu expiry
2026-04-10,C,MSFT260410C00372500,372.5,REAL,3:45–3:50 PM,0.09,3:55–4:00 PM,0.016,-0.074,12,108.0,-88.8,False,
2026-04-17,C,MSFT260417C00422500,422.5,REAL,3:45–3:50 PM,0.466,3:55–4:00 PM,0.576,0.11,3,139.8,33.0,True,
2026-04-24,C,MSFT260424C00417500,417.5,REAL,3:45–3:50 PM,6.56,3:55–4:00 PM,6.9667,0.4067,1,656.0,40.67,True,
2026-05-01,C,MSFT260501C00412500,412.5,REAL,3:45–3:50 PM,3.675,3:55–4:00 PM,1.75,-1.925,1,367.5,-192.5,False,
2026-05-08,C,MSFT260508C00415000,415.0,REAL,3:45–3:50 PM,0.424,3:55–4:00 PM,0.612,0.188,3,127.2,56.4,True,
2026-05-15,C,MSFT260515C00415000,415.0,REAL,3:45–3:50 PM,8.44,3:55–4:00 PM,6.692,-1.748,1,844.0,-174.8,False,
2026-05-22,C,MSFT260522C00420000,420.0,REAL,3:45–3:50 PM,0.04,3:55–4:00 PM,0.016,-0.024,26,104.0,-62.4,False,
2026-05-29,C,MSFT260529C00435000,435.0,REAL,3:45–3:50 PM,7.832,3:55–4:00 PM,14.126,6.294,1,783.2,629.4,True,
2026-06-05,C,MSFT260605C00427500,427.5,REAL,3:45–3:50 PM,,3:55–4:00 PM,,,,,,,no usable price in entry/exit frame
2026-06-12,C,MSFT260612C00387500,387.5,REAL,3:45–3:50 PM,2.486,3:55–4:00 PM,3.26,0.774,1,248.6,77.4,True,
2026-06-19,C,MSFT260618C00380000,380.0,REAL,3:45–3:50 PM,0.364,3:55–4:00 PM,0.2,-0.164,3,109.2,-49.2,False,Fri closed → Thu expiry
2026-06-26,C,MSFT260626C00357500,357.5,REAL,3:45–3:50 PM,,3:55–4:00 PM,,,,,,,no usable price in entry/exit frame
2026-07-03,C,MSFT260702C00385000,385.0,REAL,3:45–3:50 PM,5.15,3:55–4:00 PM,5.4425,0.2925,1,515.0,29.25,True,Fri closed → Thu expiry
2024-07-12,C,ORCL240712C00145000,145.0,REAL,9:58–10:03 AM,,11:08–11:13 AM,,,,,,,no usable price in entry/exit frame
2024-07-19,C,ORCL240719C00140000,140.0,REAL,9:58–10:03 AM,0.32,11:08–11:13 AM,0.5333,0.2133,4,128.0,85.33,True,
2024-07-26,C,ORCL240726C00140000,140.0,REAL,9:58–10:03 AM,,11:08–11:13 AM,,,,,,,no usable price in entry/exit frame
2024-08-02,C,ORCL240802C00135000,135.0,REAL,9:58–10:03 AM,,11:08–11:13 AM,,,,,,,no usable price in entry/exit frame
2024-08-09,C,ORCL240809C00130000,130.0,REAL,9:58–10:03 AM,0.28,11:08–11:13 AM,1.3,1.02,4,112.0,408.0,True,
2024-08-16,C,ORCL240816C00135000,135.0,REAL,9:58–10:03 AM,,11:08–11:13 AM,,,,,,,no usable price in entry/exit frame
2024-08-23,C,ORCL240823C00140000,140.0,REAL,9:58–10:03 AM,,11:08–11:13 AM,,,,,,,no usable price in entry/exit frame
2024-08-30,C,ORCL240830C00140000,140.0,REAL,9:58–10:03 AM,0.95,11:08–11:13 AM,0.75,-0.2,2,190.0,-40.0,False,
2024-09-06,C,ORCL240906C00145000,145.0,REAL,9:58–10:03 AM,,11:08–11:13 AM,,,,,,,no usable price in entry/exit frame
2024-09-13,C,ORCL240913C00175000,175.0,REAL,9:58–10:03 AM,,11:08–11:13 AM,,,,,,,no usable price in entry/exit frame
2024-09-20,C,ORCL240920C00170000,170.0,REAL,9:58–10:03 AM,0.066,11:08–11:13 AM,0.0875,0.0215,16,105.6,34.4,True,
2024-09-27,C,ORCL240927C00170000,170.0,REAL,9:58–10:03 AM,0.0325,11:08–11:13 AM,0.01,-0.0225,31,100.75,-69.75,False,
2024-10-04,C,ORCL241004C00170000,170.0,REAL,9:58–10:03 AM,0.5075,11:08–11:13 AM,0.15,-0.3575,2,101.5,-71.5,False,
2024-10-11,C,ORCL241011C00175000,175.0,REAL,9:58–10:03 AM,1.6033,11:08–11:13 AM,1.125,-0.4783,1,160.33,-47.83,False,
2024-10-18,C,ORCL241018C00175000,175.0,REAL,9:58–10:03 AM,0.9167,11:08–11:13 AM,1.3467,0.43,2,183.33,86.0,True,
2024-10-25,C,ORCL241025C00175000,175.0,REAL,9:58–10:03 AM,,11:08–11:13 AM,,,,,,,no usable price in entry/exit frame
2024-11-01,C,ORCL241101C00170000,170.0,REAL,9:58–10:03 AM,0.9667,11:08–11:13 AM,1.8825,0.9158,2,193.33,183.17,True,
2024-11-08,C,ORCL241108C00185000,185.0,REAL,9:58–10:03 AM,3.0,11:08–11:13 AM,4.65,1.65,1,300.0,165.0,True,
2024-11-15,C,ORCL241115C00185000,185.0,REAL,9:58–10:03 AM,0.465,11:08–11:13 AM,0.8175,0.3525,3,139.5,105.75,True,
2024-11-22,C,ORCL241122C00195000,195.0,REAL,9:58–10:03 AM,0.3,11:08–11:13 AM,0.095,-0.205,4,120.0,-82.0,False,
2024-11-29,C,ORCL241129C00185000,185.0,REAL,9:58–10:03 AM,0.394,11:08–11:13 AM,0.7033,0.3093,3,118.2,92.8,True,
2024-12-06,C,ORCL241206C00185000,185.0,REAL,9:58–10:03 AM,,11:08–11:13 AM,,,,,,,no usable price in entry/exit frame
2024-12-13,C,ORCL241213C00175000,175.0,REAL,9:58–10:03 AM,0.3275,11:08–11:13 AM,0.0633,-0.2642,4,131.0,-105.67,False,
2024-12-20,C,ORCL241220C00170000,170.0,REAL,9:58–10:03 AM,0.11,11:08–11:13 AM,0.36,0.25,10,110.0,250.0,True,
2024-12-27,C,ORCL241227C00170000,170.0,REAL,9:58–10:03 AM,0.2533,11:08–11:13 AM,0.0475,-0.2058,4,101.33,-82.33,False,
2025-01-03,C,ORCL250103C00165000,165.0,REAL,9:58–10:03 AM,0.96,11:08–11:13 AM,1.25,0.29,2,192.0,58.0,True,
2025-01-10,C,ORCL250110C00160000,160.0,REAL,9:58–10:03 AM,,11:08–11:13 AM,,,,,,,no usable price in entry/exit frame
2025-01-17,C,ORCL250117C00160000,160.0,REAL,9:58–10:03 AM,,11:08–11:13 AM,,,,,,,no usable price in entry/exit frame
2025-01-24,C,ORCL250124C00190000,190.0,REAL,9:58–10:03 AM,0.064,11:08–11:13 AM,0.0175,-0.0465,16,102.4,-74.4,False,
2025-01-31,C,ORCL250131C00170000,170.0,REAL,9:58–10:03 AM,1.348,11:08–11:13 AM,2.435,1.087,1,134.8,108.7,True,
2025-02-07,C,ORCL250207C00175000,175.0,REAL,9:58–10:03 AM,1.564,11:08–11:13 AM,0.7267,-0.8373,1,156.4,-83.73,False,
2025-02-14,C,ORCL250214C00175000,175.0,REAL,9:58–10:03 AM,0.335,11:08–11:13 AM,0.3167,-0.0183,3,100.5,-5.5,False,
2025-02-21,C,ORCL250221C00175000,175.0,REAL,9:58–10:03 AM,0.6075,11:08–11:13 AM,0.125,-0.4825,2,121.5,-96.5,False,
2025-02-28,C,ORCL250228C00160000,160.0,REAL,9:58–10:03 AM,,11:08–11:13 AM,,,,,,,no usable price in entry/exit frame
2025-03-07,C,ORCL250307C00155000,155.0,REAL,9:58–10:03 AM,0.348,11:08–11:13 AM,0.08,-0.268,3,104.4,-80.4,False,
2025-03-14,C,ORCL250314C00150000,150.0,REAL,9:58–10:03 AM,0.634,11:08–11:13 AM,0.898,0.264,2,126.8,52.8,True,
2025-03-21,C,ORCL250321C00150000,150.0,REAL,9:58–10:03 AM,,11:08–11:13 AM,,,,,,,no usable price in entry/exit frame
2025-03-28,C,ORCL250328C00145000,145.0,REAL,9:58–10:03 AM,,11:08–11:13 AM,,,,,,,no usable price in entry/exit frame
2025-04-04,C,ORCL250404C00130000,130.0,REAL,9:58–10:03 AM,,11:08–11:13 AM,,,,,,,no usable price in entry/exit frame
2025-04-11,C,ORCL250411C00135000,135.0,REAL,9:58–10:03 AM,,11:08–11:13 AM,,,,,,,no usable price in entry/exit frame
2025-04-18,C,ORCL250417C00130000,130.0,REAL,9:58–10:03 AM,,11:08–11:13 AM,,,,,,,no usable price in entry/exit frame
2025-04-25,C,ORCL250425C00135000,135.0,REAL,9:58–10:03 AM,,11:08–11:13 AM,,,,,,,no usable price in entry/exit frame
2025-05-02,C,ORCL250502C00150000,150.0,REAL,9:58–10:03 AM,2.606,11:08–11:13 AM,1.64,-0.966,1,260.6,-96.6,False,
2025-05-09,C,ORCL250509C00150000,150.0,REAL,9:58–10:03 AM,,11:08–11:13 AM,,,,,,,no usable price in entry/exit frame
2025-05-16,C,ORCL250516C00160000,160.0,REAL,9:58–10:03 AM,0.7825,11:08–11:13 AM,0.21,-0.5725,2,156.5,-114.5,False,
2025-05-23,C,ORCL250523C00155000,155.0,REAL,9:58–10:03 AM,,11:08–11:13 AM,,,,,,,no usable price in entry/exit frame
2025-05-30,C,ORCL250530C00165000,165.0,REAL,9:58–10:03 AM,0.08,11:08–11:13 AM,0.13,0.05,13,104.0,65.0,True,
2025-06-06,C,ORCL250606C00175000,175.0,REAL,9:58–10:03 AM,,11:08–11:13 AM,,,,,,,no usable price in entry/exit frame
2025-06-13,C,ORCL250613C00202500,202.5,REAL,9:58–10:03 AM,3.486,11:08–11:13 AM,7.5425,4.0565,1,348.6,405.65,True,
2025-06-20,C,ORCL250620C00212500,212.5,REAL,9:58–10:03 AM,0.146,11:08–11:13 AM,0.078,-0.068,7,102.2,-47.6,False,
2025-06-27,C,ORCL250627C00215000,215.0,REAL,9:58–10:03 AM,0.33,11:08–11:13 AM,0.174,-0.156,4,132.0,-62.4,False,
2025-07-04,C,ORCL250703C00232500,232.5,REAL,9:58–10:03 AM,1.506,11:08–11:13 AM,2.2,0.694,1,150.6,69.4,True,Fri closed → Thu expiry
2025-07-11,C,ORCL250711C00230000,230.0,REAL,9:58–10:03 AM,2.7475,11:08–11:13 AM,3.4,0.6525,1,274.75,65.25,True,
2025-07-18,C,ORCL250718C00247500,247.5,REAL,9:58–10:03 AM,1.714,11:08–11:13 AM,0.292,-1.422,1,171.4,-142.2,False,
2025-07-25,C,ORCL250725C00242500,242.5,REAL,9:58–10:03 AM,1.385,11:08–11:13 AM,2.21,0.825,1,138.5,82.5,True,
2025-08-01,C,ORCL250801C00245000,245.0,REAL,9:58–10:03 AM,,11:08–11:13 AM,,,,,,,no usable price in entry/exit frame
2025-08-08,C,ORCL250808C00250000,250.0,REAL,9:58–10:03 AM,0.838,11:08–11:13 AM,0.7867,-0.0513,2,167.6,-10.27,False,
2025-08-15,C,ORCL250815C00247500,247.5,REAL,9:58–10:03 AM,0.365,11:08–11:13 AM,1.63,1.265,3,109.5,379.5,True,
2025-08-22,C,ORCL250822C00232500,232.5,REAL,9:58–10:03 AM,2.63,11:08–11:13 AM,5.25,2.62,1,263.0,262.0,True,
2025-08-29,C,ORCL250829C00237500,237.5,REAL,9:58–10:03 AM,,11:08–11:13 AM,,,,,,,no usable price in entry/exit frame
2025-09-05,C,ORCL250905C00230000,230.0,REAL,9:58–10:03 AM,0.676,11:08–11:13 AM,0.275,-0.401,2,135.2,-80.2,False,
2025-09-12,C,ORCL250912C00305000,305.0,REAL,9:58–10:03 AM,0.716,11:08–11:13 AM,0.242,-0.474,2,143.2,-94.8,False,
2025-09-19,C,ORCL250919C00297500,297.5,REAL,9:58–10:03 AM,5.1767,11:08–11:13 AM,4.6,-0.5767,1,517.67,-57.67,False,
2025-09-26,C,ORCL250926C00292500,292.5,REAL,9:58–10:03 AM,1.948,11:08–11:13 AM,0.264,-1.684,1,194.8,-168.4,False,
2025-10-03,C,ORCL251003C00290000,290.0,REAL,9:58–10:03 AM,1.886,11:08–11:13 AM,2.92,1.034,1,188.6,103.4,True,
2025-10-10,C,ORCL251010C00300000,300.0,REAL,9:58–10:03 AM,4.582,11:08–11:13 AM,3.54,-1.042,1,458.2,-104.2,False,
2025-10-17,C,ORCL251017C00300000,300.0,REAL,9:58–10:03 AM,1.418,11:08–11:13 AM,0.344,-1.074,1,141.8,-107.4,False,
2025-10-24,C,ORCL251024C00285000,285.0,REAL,9:58–10:03 AM,1.294,11:08–11:13 AM,1.654,0.36,1,129.4,36.0,True,
2025-10-31,C,ORCL251031C00260000,260.0,REAL,9:58–10:03 AM,3.104,11:08–11:13 AM,5.485,2.381,1,310.4,238.1,True,
2025-11-07,C,ORCL251107C00240000,240.0,REAL,9:58–10:03 AM,0.798,11:08–11:13 AM,0.2825,-0.5155,2,159.6,-103.1,False,
2025-11-14,C,ORCL251114C00212500,212.5,REAL,9:58–10:03 AM,5.1375,11:08–11:13 AM,9.9,4.7625,1,513.75,476.25,True,
2025-11-21,C,ORCL251121C00205000,205.0,REAL,9:58–10:03 AM,1.178,11:08–11:13 AM,0.2575,-0.9205,1,117.8,-92.05,False,
2025-11-28,C,ORCL251128C00200000,200.0,REAL,9:58–10:03 AM,1.706,11:08–11:13 AM,1.564,-0.142,1,170.6,-14.2,False,
2025-12-05,C,ORCL251205C00220000,220.0,REAL,9:58–10:03 AM,0.412,11:08–11:13 AM,0.272,-0.14,3,123.6,-42.0,False,
2025-12-12,C,ORCL251212C00195000,195.0,REAL,9:58–10:03 AM,1.124,11:08–11:13 AM,0.296,-0.828,1,112.4,-82.8,False,
2025-12-19,C,ORCL251219C00190000,190.0,REAL,9:58–10:03 AM,4.02,11:08–11:13 AM,3.634,-0.386,1,402.0,-38.6,False,
2025-12-26,C,ORCL251226C00200000,200.0,REAL,9:58–10:03 AM,0.234,11:08–11:13 AM,0.334,0.1,5,117.0,50.0,True,
2026-01-02,C,ORCL260102C00200000,200.0,REAL,9:58–10:03 AM,0.226,11:08–11:13 AM,0.068,-0.158,5,113.0,-79.0,False,
2026-01-09,C,ORCL260109C00190000,190.0,REAL,9:58–10:03 AM,1.44,11:08–11:13 AM,7.335,5.895,1,144.0,589.5,True,
2026-01-16,C,ORCL260116C00190000,190.0,REAL,9:58–10:03 AM,0.406,11:08–11:13 AM,0.295,-0.111,3,121.8,-33.3,False,
2026-01-23,C,ORCL260123C00175000,175.0,REAL,9:58–10:03 AM,0.924,11:08–11:13 AM,3.028,2.104,2,184.8,420.8,True,
2026-01-30,C,ORCL260130C00170000,170.0,REAL,9:58–10:03 AM,0.238,11:08–11:13 AM,0.224,-0.014,5,119.0,-7.0,False,
2026-02-06,C,ORCL260206C00140000,140.0,REAL,9:58–10:03 AM,1.785,11:08–11:13 AM,1.866,0.081,1,178.5,8.1,True,
2026-02-13,C,ORCL260213C00160000,160.0,REAL,9:58–10:03 AM,0.862,11:08–11:13 AM,0.806,-0.056,2,172.4,-11.2,False,
2026-02-20,C,ORCL260220C00150000,150.0,REAL,9:58–10:03 AM,3.21,11:08–11:13 AM,2.63,-0.58,1,321.0,-58.0,False,
2026-02-27,C,ORCL260227C00145000,145.0,REAL,9:58–10:03 AM,1.382,11:08–11:13 AM,0.986,-0.396,1,138.2,-39.6,False,
2026-03-06,C,ORCL260306C00155000,155.0,REAL,9:58–10:03 AM,1.13,11:08–11:13 AM,3.3625,2.2325,1,113.0,223.25,True,
2026-03-13,C,ORCL260313C00160000,160.0,REAL,9:58–10:03 AM,0.998,11:08–11:13 AM,0.13,-0.868,2,199.6,-173.6,False,
2026-03-20,C,ORCL260320C00150000,150.0,REAL,9:58–10:03 AM,1.364,11:08–11:13 AM,1.138,-0.226,1,136.4,-22.6,False,
2026-03-27,C,ORCL260327C00140000,140.0,REAL,9:58–10:03 AM,0.524,11:08–11:13 AM,1.195,0.671,2,104.8,134.2,True,
2026-04-03,C,ORCL260402C00145000,145.0,REAL,9:58–10:03 AM,0.3633,11:08–11:13 AM,1.245,0.8817,3,109.0,264.5,True,Fri closed → Thu expiry
2026-04-10,C,ORCL260410C00135000,135.0,REAL,9:58–10:03 AM,1.5533,11:08–11:13 AM,3.8,2.2467,1,155.33,224.67,True,
2026-04-17,C,ORCL260417C00185000,185.0,REAL,9:58–10:03 AM,0.456,11:08–11:13 AM,0.112,-0.344,3,136.8,-103.2,False,
2026-04-24,C,ORCL260424C00180000,180.0,REAL,9:58–10:03 AM,0.176,11:08–11:13 AM,0.04,-0.136,6,105.6,-81.6,False,
2026-05-01,C,ORCL260501C00165000,165.0,REAL,9:58–10:03 AM,4.1967,11:08–11:13 AM,4.67,0.4733,1,419.67,47.33,True,
2026-05-08,C,ORCL260508C00195000,195.0,REAL,9:58–10:03 AM,0.968,11:08–11:13 AM,3.0825,2.1145,2,193.6,422.9,True,
2026-05-15,C,ORCL260515C00190000,190.0,REAL,9:58–10:03 AM,2.706,11:08–11:13 AM,3.6,0.894,1,270.6,89.4,True,
2026-05-22,C,ORCL260522C00190000,190.0,REAL,9:58–10:03 AM,4.438,11:08–11:13 AM,3.24,-1.198,1,443.8,-119.8,False,
2026-05-29,C,ORCL260529C00207500,207.5,REAL,9:58–10:03 AM,9.196,11:08–11:13 AM,13.02,3.824,1,919.6,382.4,True,
2026-06-05,C,ORCL260605C00230000,230.0,REAL,9:58–10:03 AM,0.294,11:08–11:13 AM,0.108,-0.186,4,117.6,-74.4,False,
2026-06-12,C,ORCL260612C00185000,185.0,REAL,9:58–10:03 AM,0.618,11:08–11:13 AM,0.69,0.072,2,123.6,14.4,True,
2026-06-19,C,ORCL260618C00185000,185.0,REAL,9:58–10:03 AM,0.368,11:08–11:13 AM,1.312,0.944,3,110.4,283.2,True,Fri closed → Thu expiry
2026-06-26,C,ORCL260626C00150000,150.0,REAL,9:58–10:03 AM,1.494,11:08–11:13 AM,1.29,-0.204,1,149.4,-20.4,False,
2026-07-03,C,ORCL260702C00145000,145.0,REAL,9:58–10:03 AM,1.928,11:08–11:13 AM,0.252,-1.676,1,192.8,-167.6,False,Fri closed → Thu expiry
2024-07-12,P,TSLA240712P00237500,237.5,REAL,9:52–9:57 AM,0.864,10:27–10:34 AM,0.6271,-0.2369,2,172.8,-47.37,False,
2024-07-19,P,TSLA240719P00247500,247.5,REAL,9:52–9:57 AM,2.722,10:27–10:34 AM,6.1786,3.4566,1,272.2,345.66,True,
2024-07-26,P,TSLA240726P00222500,222.5,REAL,9:52–9:57 AM,3.916,10:27–10:34 AM,6.4486,2.5326,1,391.6,253.26,True,
2024-08-02,P,TSLA240802P00212500,212.5,REAL,9:52–9:57 AM,1.792,10:27–10:34 AM,1.8071,0.0151,1,179.2,1.51,True,
2024-08-09,P,TSLA240809P00195000,195.0,REAL,9:52–9:57 AM,0.598,10:27–10:34 AM,1.3786,0.7806,2,119.6,156.11,True,
2024-08-16,P,TSLA240816P00212500,212.5,REAL,9:52–9:57 AM,0.43,10:27–10:34 AM,0.2414,-0.1886,3,129.0,-56.57,False,
2024-08-23,P,TSLA240823P00215000,215.0,REAL,9:52–9:57 AM,1.5,10:27–10:34 AM,0.3229,-1.1771,1,150.0,-117.71,False,
2024-08-30,P,TSLA240830P00210000,210.0,REAL,9:52–9:57 AM,2.284,10:27–10:34 AM,1.9329,-0.3511,1,228.4,-35.11,False,
2024-09-06,P,TSLA240906P00232500,232.5,REAL,9:52–9:57 AM,8.41,10:27–10:34 AM,11.5714,3.1614,1,841.0,316.14,True,
2024-09-13,P,TSLA240913P00227500,227.5,REAL,9:52–9:57 AM,1.016,10:27–10:34 AM,1.6271,0.6111,1,101.6,61.11,True,
2024-09-20,P,TSLA240920P00240000,240.0,REAL,9:52–9:57 AM,2.152,10:27–10:34 AM,2.2286,0.0766,1,215.2,7.66,True,
2024-09-27,P,TSLA240927P00257500,257.5,REAL,9:52–9:57 AM,2.0,10:27–10:34 AM,3.33,1.33,1,200.0,133.0,True,
2024-10-04,P,TSLA241004P00247500,247.5,REAL,9:52–9:57 AM,1.9,10:27–10:34 AM,1.9014,0.0014,1,190.0,0.14,True,
2024-10-11,P,TSLA241011P00220000,220.0,REAL,9:52–9:57 AM,3.506,10:27–10:34 AM,2.0043,-1.5017,1,350.6,-150.17,False,
2024-10-18,P,TSLA241018P00220000,220.0,REAL,9:52–9:57 AM,0.986,10:27–10:34 AM,1.0714,0.0854,2,197.2,17.09,True,
2024-10-25,P,TSLA241025P00257500,257.5,REAL,9:52–9:57 AM,0.462,10:27–10:34 AM,0.31,-0.152,3,138.6,-45.6,False,
2024-11-01,P,TSLA241101P00252500,252.5,REAL,9:52–9:57 AM,2.79,10:27–10:34 AM,1.6086,-1.1814,1,279.0,-118.14,False,
2024-11-08,P,TSLA241108P00300000,300.0,REAL,9:52–9:57 AM,1.016,10:27–10:34 AM,0.2814,-0.7346,1,101.6,-73.46,False,
2024-11-15,P,TSLA241115P00310000,310.0,REAL,9:52–9:57 AM,1.4,10:27–10:34 AM,1.6286,0.2286,1,140.0,22.86,True,
2024-11-22,P,TSLA241122P00342500,342.5,REAL,9:52–9:57 AM,5.16,10:27–10:34 AM,2.5071,-2.6529,1,516.0,-265.29,False,
2024-11-29,P,TSLA241129P00335000,335.0,REAL,9:52–9:57 AM,0.512,10:27–10:34 AM,0.2343,-0.2777,2,102.4,-55.54,False,
2024-12-06,P,TSLA241206P00375000,375.0,REAL,9:52–9:57 AM,4.232,10:27–10:34 AM,3.1071,-1.1249,1,423.2,-112.49,False,
2024-12-13,P,TSLA241213P00417500,417.5,REAL,9:52–9:57 AM,1.716,10:27–10:34 AM,0.6614,-1.0546,1,171.6,-105.46,False,
2024-12-20,P,TSLA241220P00427500,427.5,REAL,9:52–9:57 AM,7.85,10:27–10:34 AM,2.2257,-5.6243,1,785.0,-562.43,False,
2024-12-27,P,TSLA241227P00447500,447.5,REAL,9:52–9:57 AM,9.294,10:27–10:34 AM,15.7086,6.4146,1,929.4,641.46,True,
2025-01-03,P,TSLA250103P00380000,380.0,REAL,9:52–9:57 AM,1.688,10:27–10:34 AM,1.74,0.052,1,168.8,5.2,True,
2025-01-10,P,TSLA250110P00390000,390.0,REAL,9:52–9:57 AM,5.588,10:27–10:34 AM,4.3,-1.288,1,558.8,-128.8,False,
2025-01-17,P,TSLA250117P00422500,422.5,REAL,9:52–9:57 AM,3.586,10:27–10:34 AM,1.5786,-2.0074,1,358.6,-200.74,False,
2025-01-24,P,TSLA250124P00415000,415.0,REAL,9:52–9:57 AM,2.714,10:27–10:34 AM,3.1243,0.4103,1,271.4,41.03,True,
2025-01-31,P,TSLA250131P00402500,402.5,REAL,9:52–9:57 AM,1.33,10:27–10:34 AM,0.5729,-0.7571,1,133.0,-75.71,False,
2025-02-07,P,TSLA250207P00372500,372.5,REAL,9:52–9:57 AM,1.41,10:27–10:34 AM,2.9643,1.5543,1,141.0,155.43,True,
2025-02-14,P,TSLA250214P00360000,360.0,REAL,9:52–9:57 AM,7.298,10:27–10:34 AM,8.7429,1.4449,1,729.8,144.49,True,
2025-02-21,P,TSLA250221P00352500,352.5,REAL,9:52–9:57 AM,3.284,10:27–10:34 AM,5.6943,2.4103,1,328.4,241.03,True,
2025-02-28,P,TSLA250228P00277500,277.5,REAL,9:52–9:57 AM,2.284,10:27–10:34 AM,0.6457,-1.6383,1,228.4,-163.83,False,
2025-03-07,P,TSLA250307P00262500,262.5,REAL,9:52–9:57 AM,3.084,10:27–10:34 AM,5.2014,2.1174,1,308.4,211.74,True,
2025-03-14,P,TSLA250314P00247500,247.5,REAL,9:52–9:57 AM,5.14,10:27–10:34 AM,6.8729,1.7329,1,514.0,173.29,True,
2025-03-21,P,TSLA250321P00237500,237.5,REAL,9:52–9:57 AM,1.578,10:27–10:34 AM,2.1557,0.5777,1,157.8,57.77,True,
2025-03-28,P,TSLA250328P00275000,275.0,REAL,9:52–9:57 AM,5.514,10:27–10:34 AM,11.1114,5.5974,1,551.4,559.74,True,
2025-04-04,P,TSLA250404P00260000,260.0,REAL,9:52–9:57 AM,9.662,10:27–10:34 AM,17.06,7.398,1,966.2,739.8,True,
2025-04-11,P,TSLA250411P00252500,252.5,REAL,9:52–9:57 AM,4.612,10:27–10:34 AM,8.4686,3.8566,1,461.2,385.66,True,
2025-04-18,P,TSLA250417P00242500,242.5,REAL,9:52–9:57 AM,2.538,10:27–10:34 AM,4.6943,2.1563,1,253.8,215.63,True,Fri closed → Thu expiry
2025-04-25,P,TSLA250425P00262500,262.5,REAL,9:52–9:57 AM,3.41,10:27–10:34 AM,0.7757,-2.6343,1,341.0,-263.43,False,
2025-05-02,P,TSLA250502P00287500,287.5,REAL,9:52–9:57 AM,7.05,10:27–10:34 AM,5.8429,-1.2071,1,705.0,-120.71,False,
2025-05-09,P,TSLA250509P00292500,292.5,REAL,9:52–9:57 AM,1.25,10:27–10:34 AM,0.6414,-0.6086,1,125.0,-60.86,False,
2025-05-16,P,TSLA250516P00347500,347.5,REAL,9:52–9:57 AM,3.852,10:27–10:34 AM,4.2357,0.3837,1,385.2,38.37,True,
2025-05-23,P,TSLA250523P00335000,335.0,REAL,9:52–9:57 AM,3.056,10:27–10:34 AM,2.4014,-0.6546,1,305.6,-65.46,False,
2025-05-30,P,TSLA250530P00357500,357.5,REAL,9:52–9:57 AM,4.17,10:27–10:34 AM,1.4629,-2.7071,1,417.0,-270.71,False,
2025-06-06,P,TSLA250606P00295000,295.0,REAL,9:52–9:57 AM,5.682,10:27–10:34 AM,3.4886,-2.1934,1,568.2,-219.34,False,
2025-06-13,P,TSLA250613P00315000,315.0,REAL,9:52–9:57 AM,1.934,10:27–10:34 AM,2.7829,0.8489,1,193.4,84.89,True,
2025-06-20,P,TSLA250620P00327500,327.5,REAL,9:52–9:57 AM,4.394,10:27–10:34 AM,8.2,3.806,1,439.4,380.6,True,
2025-06-27,P,TSLA250627P00322500,322.5,REAL,9:52–9:57 AM,1.53,10:27–10:34 AM,0.9271,-0.6029,1,153.0,-60.29,False,
2025-07-04,P,TSLA250703P00317500,317.5,REAL,9:52–9:57 AM,3.342,10:27–10:34 AM,4.6514,1.3094,1,334.2,130.94,True,Fri closed → Thu expiry
2025-07-11,P,TSLA250711P00307500,307.5,REAL,9:52–9:57 AM,1.558,10:27–10:34 AM,0.9557,-0.6023,1,155.8,-60.23,False,
2025-07-18,P,TSLA250718P00322500,322.5,REAL,9:52–9:57 AM,0.648,10:27–10:34 AM,0.5629,-0.0851,2,129.6,-17.03,False,
2025-07-25,P,TSLA250725P00310000,310.0,REAL,9:52–9:57 AM,2.062,10:27–10:34 AM,0.9143,-1.1477,1,206.2,-114.77,False,
2025-08-01,P,TSLA250801P00307500,307.5,REAL,9:52–9:57 AM,6.746,10:27–10:34 AM,3.8286,-2.9174,1,674.6,-291.74,False,
2025-08-08,P,TSLA250808P00322500,322.5,REAL,9:52–9:57 AM,0.476,10:27–10:34 AM,0.2529,-0.2231,3,142.8,-66.94,False,
2025-08-15,P,TSLA250815P00337500,337.5,REAL,9:52–9:57 AM,5.38,10:27–10:34 AM,5.25,-0.13,1,538.0,-13.0,False,
2025-08-22,P,TSLA250822P00317500,317.5,REAL,9:52–9:57 AM,0.764,10:27–10:34 AM,0.1357,-0.6283,2,152.8,-125.66,False,
2025-08-29,P,TSLA250829P00347500,347.5,REAL,9:52–9:57 AM,4.158,10:27–10:34 AM,8.4014,4.2434,1,415.8,424.34,True,
2025-09-05,P,TSLA250905P00350000,350.0,REAL,9:52–9:57 AM,1.272,10:27–10:34 AM,3.8643,2.5923,1,127.2,259.23,True,
2025-09-12,P,TSLA250912P00372500,372.5,REAL,9:52–9:57 AM,0.652,10:27–10:34 AM,0.1514,-0.5006,2,130.4,-100.11,False,
2025-09-19,P,TSLA250919P00425000,425.0,REAL,9:52–9:57 AM,2.634,10:27–10:34 AM,2.1514,-0.4826,1,263.4,-48.26,False,
2025-09-26,P,TSLA250926P00427500,427.5,REAL,9:52–9:57 AM,4.552,10:27–10:34 AM,6.0286,1.4766,1,455.2,147.66,True,
2025-10-03,P,TSLA251003P00442500,442.5,REAL,9:52–9:57 AM,6.424,10:27–10:34 AM,15.3271,8.9031,1,642.4,890.31,True,
2025-10-10,P,TSLA251010P00437500,437.5,REAL,9:52–9:57 AM,3.688,10:27–10:34 AM,3.4443,-0.2437,1,368.8,-24.37,False,
2025-10-17,P,TSLA251017P00425000,425.0,REAL,9:52–9:57 AM,1.672,10:27–10:34 AM,0.8057,-0.8663,1,167.2,-86.63,False,
2025-10-24,P,TSLA251024P00447500,447.5,REAL,9:52–9:57 AM,8.03,10:27–10:34 AM,8.67,0.64,1,803.0,64.0,True,
2025-10-31,P,TSLA251031P00447500,447.5,REAL,9:52–9:57 AM,2.908,10:27–10:34 AM,0.9071,-2.0009,1,290.8,-200.09,False,
2025-11-07,P,TSLA251107P00435000,435.0,REAL,9:52–9:57 AM,8.93,10:27–10:34 AM,5.2686,-3.6614,1,893.0,-366.14,False,
2025-11-14,P,TSLA251114P00390000,390.0,REAL,9:52–9:57 AM,2.5,10:27–10:34 AM,1.0586,-1.4414,1,250.0,-144.14,False,
2025-11-21,P,TSLA251121P00400000,400.0,REAL,9:52–9:57 AM,5.58,10:27–10:34 AM,12.6386,7.0586,1,558.0,705.86,True,
2025-11-28,P,TSLA251128P00430000,430.0,REAL,9:52–9:57 AM,3.114,10:27–10:34 AM,4.0886,0.9746,1,311.4,97.46,True,
2025-12-05,P,TSLA251205P00455000,455.0,REAL,9:52–9:57 AM,3.304,10:27–10:34 AM,2.2414,-1.0626,1,330.4,-106.26,False,
2025-12-12,P,TSLA251212P00452500,452.5,REAL,9:52–9:57 AM,0.994,10:27–10:34 AM,3.9543,2.9603,2,198.8,592.06,True,
2025-12-19,P,TSLA251219P00487500,487.5,REAL,9:52–9:57 AM,6.234,10:27–10:34 AM,7.8886,1.6546,1,623.4,165.46,True,
2025-12-26,P,TSLA251226P00487500,487.5,REAL,9:52–9:57 AM,5.588,10:27–10:34 AM,10.8986,5.3106,1,558.8,531.06,True,
2026-01-02,P,TSLA260102P00457500,457.5,REAL,9:52–9:57 AM,5.216,10:27–10:34 AM,12.3186,7.1026,1,521.6,710.26,True,
2026-01-09,P,TSLA260109P00432500,432.5,REAL,9:52–9:57 AM,1.658,10:27–10:34 AM,0.2743,-1.3837,1,165.8,-138.37,False,
2026-01-16,P,TSLA260116P00442500,442.5,REAL,9:52–9:57 AM,1.806,10:27–10:34 AM,6.3557,4.5497,1,180.6,454.97,True,
2026-01-23,P,TSLA260123P00447500,447.5,REAL,9:52–9:57 AM,2.228,10:27–10:34 AM,2.7943,0.5663,1,222.8,56.63,True,
2026-01-30,P,TSLA260130P00430000,430.0,REAL,9:52–9:57 AM,6.2,10:27–10:34 AM,2.2471,-3.9529,1,620.0,-395.29,False,
2026-02-06,P,TSLA260206P00400000,400.0,REAL,9:52–9:57 AM,1.06,10:27–10:34 AM,0.4914,-0.5686,1,106.0,-56.86,False,
2026-02-13,P,TSLA260213P00415000,415.0,REAL,9:52–9:57 AM,3.884,10:27–10:34 AM,2.1071,-1.7769,1,388.4,-177.69,False,
2026-02-20,P,TSLA260220P00407500,407.5,REAL,9:52–9:57 AM,2.47,10:27–10:34 AM,1.5086,-0.9614,1,247.0,-96.14,False,
2026-02-27,P,TSLA260227P00402500,402.5,REAL,9:52–9:57 AM,2.24,10:27–10:34 AM,0.92,-1.32,1,224.0,-132.0,False,
2026-03-06,P,TSLA260306P00397500,397.5,REAL,9:52–9:57 AM,3.854,10:27–10:34 AM,2.7729,-1.0811,1,385.4,-108.11,False,
2026-03-13,P,TSLA260313P00397500,397.5,REAL,9:52–9:57 AM,1.97,10:27–10:34 AM,2.8329,0.8629,1,197.0,86.29,True,
2026-03-20,P,TSLA260320P00377500,377.5,REAL,9:52–9:57 AM,6.132,10:27–10:34 AM,5.4471,-0.6849,1,613.2,-68.49,False,
2026-03-27,P,TSLA260327P00370000,370.0,REAL,9:52–9:57 AM,7.384,10:27–10:34 AM,6.9514,-0.4326,1,738.4,-43.26,False,
2026-04-03,P,TSLA260402P00365000,365.0,REAL,9:52–9:57 AM,2.294,10:27–10:34 AM,1.6186,-0.6754,1,229.4,-67.54,False,Fri closed → Thu expiry
2026-04-10,P,TSLA260410P00347500,347.5,REAL,9:52–9:57 AM,3.006,10:27–10:34 AM,2.5486,-0.4574,1,300.6,-45.74,False,
2026-04-17,P,TSLA260417P00395000,395.0,REAL,9:52–9:57 AM,3.084,10:27–10:34 AM,1.7129,-1.3711,1,308.4,-137.11,False,
2026-04-24,P,TSLA260424P00375000,375.0,REAL,9:52–9:57 AM,1.21,10:27–10:34 AM,3.2871,2.0771,1,121.0,207.71,True,
2026-05-01,P,TSLA260501P00385000,385.0,REAL,9:52–9:57 AM,4.072,10:27–10:34 AM,1.1571,-2.9149,1,407.2,-291.49,False,
2026-05-08,P,TSLA260508P00420000,420.0,REAL,9:52–9:57 AM,1.43,10:27–10:34 AM,1.2143,-0.2157,1,143.0,-21.57,False,
2026-05-15,P,TSLA260515P00432500,432.5,REAL,9:52–9:57 AM,5.846,10:27–10:34 AM,7.1771,1.3311,1,584.6,133.11,True,
2026-05-22,P,TSLA260522P00425000,425.0,REAL,9:52–9:57 AM,5.528,10:27–10:34 AM,2.3471,-3.1809,1,552.8,-318.09,False,
2026-05-29,P,TSLA260529P00437500,437.5,REAL,9:52–9:57 AM,2.886,10:27–10:34 AM,8.0143,5.1283,1,288.6,512.83,True,
2026-06-05,P,TSLA260605P00422500,422.5,REAL,9:52–9:57 AM,11.696,10:27–10:34 AM,16.162,4.466,1,1169.6,446.6,True,
2026-06-12,P,TSLA260612P00400000,400.0,REAL,9:52–9:57 AM,7.422,10:27–10:34 AM,7.5771,0.1551,1,742.2,15.51,True,
2026-06-19,P,TSLA260618P00397500,397.5,REAL,9:52–9:57 AM,9.264,10:27–10:34 AM,12.2071,2.9431,1,926.4,294.31,True,Fri closed → Thu expiry
2026-06-26,P,TSLA260626P00370000,370.0,REAL,9:52–9:57 AM,1.464,10:27–10:34 AM,0.4386,-1.0254,1,146.4,-102.54,False,
2026-07-03,P,TSLA260702P00427500,427.5,REAL,9:52–9:57 AM,15.64,10:27–10:34 AM,25.548,9.908,1,1564.0,990.8,True,Fri closed → Thu expiry
2024-07-12,P,AMZN240712P00195000,195.0,REAL,9:48–9:54 AM,1.16,10:29–10:34 AM,1.246,0.086,1,116.0,8.6,True,
2024-07-19,P,AMZN240719P00180000,180.0,REAL,9:48–9:54 AM,0.325,10:29–10:34 AM,0.128,-0.197,4,130.0,-78.8,False,
2024-07-26,P,AMZN240726P00180000,180.0,REAL,9:48–9:54 AM,0.6717,10:29–10:34 AM,0.37,-0.3017,2,134.33,-60.33,False,
2024-08-02,P,AMZN240802P00165000,165.0,REAL,9:48–9:54 AM,3.8917,10:29–10:34 AM,3.998,0.1063,1,389.17,10.63,True,
2024-08-09,P,AMZN240809P00165000,165.0,REAL,9:48–9:54 AM,0.4117,10:29–10:34 AM,0.272,-0.1397,3,123.5,-41.9,False,
2024-08-16,P,AMZN240816P00175000,175.0,REAL,9:48–9:54 AM,0.1717,10:29–10:34 AM,0.065,-0.1067,6,103.0,-64.0,False,
2024-08-23,P,AMZN240823P00180000,180.0,REAL,9:48–9:54 AM,3.178,10:29–10:34 AM,1.8967,-1.2813,1,317.8,-128.13,False,
2024-08-30,P,AMZN240830P00175000,175.0,REAL,9:48–9:54 AM,0.9667,10:29–10:34 AM,0.798,-0.1687,2,193.33,-33.73,False,
2024-09-06,P,AMZN240906P00180000,180.0,REAL,9:48–9:54 AM,3.304,10:29–10:34 AM,5.62,2.316,1,330.4,231.6,True,
2024-09-13,P,AMZN240913P00185000,185.0,REAL,9:48–9:54 AM,0.1,10:29–10:34 AM,0.114,0.014,10,100.0,14.0,True,
2024-09-20,P,AMZN240920P00190000,190.0,REAL,9:48–9:54 AM,0.8617,10:29–10:34 AM,1.138,0.2763,2,172.33,55.27,True,
2024-09-27,P,AMZN240927P00190000,190.0,REAL,9:48–9:54 AM,0.6583,10:29–10:34 AM,0.748,0.0897,2,131.67,17.93,True,
2024-10-04,P,AMZN241004P00185000,185.0,REAL,9:48–9:54 AM,0.265,10:29–10:34 AM,1.222,0.957,4,106.0,382.8,True,
2024-10-11,P,AMZN241011P00185000,185.0,REAL,9:48–9:54 AM,0.0867,10:29–10:34 AM,0.036,-0.0507,12,104.0,-60.8,False,
2024-10-18,P,AMZN241018P00185000,185.0,REAL,9:48–9:54 AM,0.1367,10:29–10:34 AM,0.05,-0.0867,8,109.33,-69.33,False,
2024-10-25,P,AMZN241025P00190000,190.0,REAL,9:48–9:54 AM,1.185,10:29–10:34 AM,0.562,-0.623,1,118.5,-62.3,False,
2024-11-01,P,AMZN241101P00200000,200.0,REAL,9:48–9:54 AM,1.55,10:29–10:34 AM,1.148,-0.402,1,155.0,-40.2,False,
2024-11-08,P,AMZN241108P00210000,210.0,REAL,9:48–9:54 AM,1.2733,10:29–10:34 AM,1.852,0.5787,1,127.33,57.87,True,
2024-11-15,P,AMZN241115P00207500,207.5,REAL,9:48–9:54 AM,1.7267,10:29–10:34 AM,3.018,1.2913,1,172.67,129.13,True,
2024-11-22,P,AMZN241122P00200000,200.0,REAL,9:48–9:54 AM,2.5583,10:29–10:34 AM,2.944,0.3857,1,255.83,38.57,True,
2024-11-29,P,AMZN241129P00205000,205.0,REAL,9:48–9:54 AM,0.3067,10:29–10:34 AM,0.178,-0.1287,4,122.67,-51.47,False,
2024-12-06,P,AMZN241206P00220000,220.0,REAL,9:48–9:54 AM,0.11,10:29–10:34 AM,0.05,-0.06,10,110.0,-60.0,False,
2024-12-13,P,AMZN241213P00230000,230.0,REAL,9:48–9:54 AM,1.2,10:29–10:34 AM,1.946,0.746,1,120.0,74.6,True,
2024-12-20,P,AMZN241220P00220000,220.0,REAL,9:48–9:54 AM,1.6617,10:29–10:34 AM,0.268,-1.3937,1,166.17,-139.37,False,
2024-12-27,P,AMZN241227P00225000,225.0,REAL,9:48–9:54 AM,2.1483,10:29–10:34 AM,3.766,1.6177,1,214.83,161.77,True,
2025-01-03,P,AMZN250103P00222500,222.5,REAL,9:48–9:54 AM,0.5917,10:29–10:34 AM,1.138,0.5463,2,118.33,109.27,True,
2025-01-10,P,AMZN250110P00220000,220.0,REAL,9:48–9:54 AM,2.4717,10:29–10:34 AM,2.078,-0.3937,1,247.17,-39.37,False,
2025-01-17,P,AMZN250117P00225000,225.0,REAL,9:48–9:54 AM,1.3033,10:29–10:34 AM,1.416,0.1127,1,130.33,11.27,True,
2025-01-24,P,AMZN250124P00235000,235.0,REAL,9:48–9:54 AM,0.5167,10:29–10:34 AM,0.854,0.3373,2,103.33,67.47,True,
2025-01-31,P,AMZN250131P00237500,237.5,REAL,9:48–9:54 AM,0.3983,10:29–10:34 AM,0.45,0.0517,3,119.5,15.5,True,
2025-02-07,P,AMZN250207P00232500,232.5,REAL,9:48–9:54 AM,1.1917,10:29–10:34 AM,3.335,2.1433,1,119.17,214.33,True,
2025-02-14,P,AMZN250214P00230000,230.0,REAL,9:48–9:54 AM,1.675,10:29–10:34 AM,2.426,0.751,1,167.5,75.1,True,
2025-02-21,P,AMZN250221P00222500,222.5,REAL,9:48–9:54 AM,1.7133,10:29–10:34 AM,3.12,1.4067,1,171.33,140.67,True,
2025-02-28,P,AMZN250228P00207500,207.5,REAL,9:48–9:54 AM,1.0017,10:29–10:34 AM,0.226,-0.7757,1,100.17,-77.57,False,
2025-03-07,P,AMZN250307P00200000,200.0,REAL,9:48–9:54 AM,1.1817,10:29–10:34 AM,2.262,1.0803,1,118.17,108.03,True,
2025-03-14,P,AMZN250314P00195000,195.0,REAL,9:48–9:54 AM,0.41,10:29–10:34 AM,0.734,0.324,3,123.0,97.2,True,
2025-03-21,P,AMZN250321P00195000,195.0,REAL,9:48–9:54 AM,1.4083,10:29–10:34 AM,0.918,-0.4903,1,140.83,-49.03,False,
2025-03-28,P,AMZN250328P00200000,200.0,REAL,9:48–9:54 AM,2.3,10:29–10:34 AM,5.396,3.096,1,230.0,309.6,True,
2025-04-04,P,AMZN250404P00165000,165.0,REAL,9:48–9:54 AM,0.2983,10:29–10:34 AM,0.34,0.0417,4,119.33,16.67,True,
2025-04-11,P,AMZN250411P00180000,180.0,REAL,9:48–9:54 AM,1.4433,10:29–10:34 AM,2.712,1.2687,1,144.33,126.87,True,
2025-04-18,P,AMZN250417P00175000,175.0,REAL,9:48–9:54 AM,1.38,10:29–10:34 AM,2.444,1.064,1,138.0,106.4,True,Fri closed → Thu expiry
2025-04-25,P,AMZN250425P00185000,185.0,REAL,9:48–9:54 AM,0.755,10:29–10:34 AM,0.678,-0.077,2,151.0,-15.4,False,
2025-05-02,P,AMZN250502P00190000,190.0,REAL,9:48–9:54 AM,3.7567,10:29–10:34 AM,2.008,-1.7487,1,375.67,-174.87,False,
2025-05-09,P,AMZN250509P00195000,195.0,REAL,9:48–9:54 AM,2.1183,10:29–10:34 AM,3.004,0.8857,1,211.83,88.57,True,
2025-05-16,P,AMZN250516P00205000,205.0,REAL,9:48–9:54 AM,1.15,10:29–10:34 AM,0.704,-0.446,1,115.0,-44.6,False,
2025-05-23,P,AMZN250523P00200000,200.0,REAL,9:48–9:54 AM,1.2,10:29–10:34 AM,0.614,-0.586,1,120.0,-58.6,False,
2025-05-30,P,AMZN250530P00205000,205.0,REAL,9:48–9:54 AM,1.6567,10:29–10:34 AM,0.864,-0.7927,1,165.67,-79.27,False,
2025-06-06,P,AMZN250606P00212500,212.5,REAL,9:48–9:54 AM,0.79,10:29–10:34 AM,1.734,0.944,2,158.0,188.8,True,
2025-06-13,P,AMZN250613P00210000,210.0,REAL,9:48–9:54 AM,0.71,10:29–10:34 AM,0.914,0.204,2,142.0,40.8,True,
2025-06-20,P,AMZN250620P00215000,215.0,REAL,9:48–9:54 AM,2.1483,10:29–10:34 AM,4.598,2.4497,1,214.83,244.97,True,
2025-06-27,P,AMZN250627P00220000,220.0,REAL,9:48–9:54 AM,0.51,10:29–10:34 AM,0.952,0.442,2,102.0,88.4,True,
2025-07-04,P,AMZN250703P00222500,222.5,REAL,9:48–9:54 AM,0.78,10:29–10:34 AM,1.152,0.372,2,156.0,74.4,True,Fri closed → Thu expiry
2025-07-11,P,AMZN250711P00225000,225.0,REAL,9:48–9:54 AM,1.6633,10:29–10:34 AM,1.194,-0.4693,1,166.33,-46.93,False,
2025-07-18,P,AMZN250718P00225000,225.0,REAL,9:48–9:54 AM,0.7717,10:29–10:34 AM,1.858,1.0863,2,154.33,217.27,True,
2025-07-25,P,AMZN250725P00232500,232.5,REAL,9:48–9:54 AM,1.1433,10:29–10:34 AM,1.388,0.2447,1,114.33,24.47,True,
2025-08-01,P,AMZN250801P00217500,217.5,REAL,9:48–9:54 AM,1.2467,10:29–10:34 AM,0.776,-0.4707,1,124.67,-47.07,False,
2025-08-08,P,AMZN250808P00222500,222.5,REAL,9:48–9:54 AM,0.555,10:29–10:34 AM,0.6,0.045,2,111.0,9.0,True,
2025-08-15,P,AMZN250815P00232500,232.5,REAL,9:48–9:54 AM,1.5217,10:29–10:34 AM,0.96,-0.5617,1,152.17,-56.17,False,
2025-08-22,P,AMZN250822P00222500,222.5,REAL,9:48–9:54 AM,1.5067,10:29–10:34 AM,0.192,-1.3147,1,150.67,-131.47,False,
2025-08-29,P,AMZN250829P00230000,230.0,REAL,9:48–9:54 AM,0.8983,10:29–10:34 AM,1.068,0.1697,2,179.67,33.93,True,
2025-09-05,P,AMZN250905P00235000,235.0,REAL,9:48–9:54 AM,1.06,10:29–10:34 AM,1.354,0.294,1,106.0,29.4,True,
2025-09-12,P,AMZN250912P00230000,230.0,REAL,9:48–9:54 AM,1.7,10:29–10:34 AM,1.208,-0.492,1,170.0,-49.2,False,
2025-09-19,P,AMZN250919P00232500,232.5,REAL,9:48–9:54 AM,0.855,10:29–10:34 AM,0.454,-0.401,2,171.0,-80.2,False,
2025-09-26,P,AMZN250926P00217500,217.5,REAL,9:48–9:54 AM,0.23,10:29–10:34 AM,0.478,0.248,5,115.0,124.0,True,
2025-10-03,P,AMZN251003P00222500,222.5,REAL,9:48–9:54 AM,0.6183,10:29–10:34 AM,0.486,-0.1323,2,123.67,-26.47,False,
2025-10-10,P,AMZN251010P00227500,227.5,REAL,9:48–9:54 AM,1.195,10:29–10:34 AM,1.492,0.297,1,119.5,29.7,True,
2025-10-17,P,AMZN251017P00212500,212.5,REAL,9:48–9:54 AM,0.775,10:29–10:34 AM,0.602,-0.173,2,155.0,-34.6,False,
2025-10-24,P,AMZN251024P00222500,222.5,REAL,9:48–9:54 AM,0.7167,10:29–10:34 AM,0.5,-0.2167,2,143.33,-43.33,False,
2025-10-31,P,AMZN251031P00247500,247.5,REAL,9:48–9:54 AM,1.9717,10:29–10:34 AM,2.982,1.0103,1,197.17,101.03,True,
2025-11-07,P,AMZN251107P00242500,242.5,REAL,9:48–9:54 AM,3.0267,10:29–10:34 AM,2.172,-0.8547,1,302.67,-85.47,False,
2025-11-14,P,AMZN251114P00235000,235.0,REAL,9:48–9:54 AM,1.3933,10:29–10:34 AM,0.562,-0.8313,1,139.33,-83.13,False,
2025-11-21,P,AMZN251121P00217500,217.5,REAL,9:48–9:54 AM,1.9517,10:29–10:34 AM,2.064,0.1123,1,195.17,11.23,True,
2025-11-28,P,AMZN251128P00230000,230.0,REAL,9:48–9:54 AM,0.2533,10:29–10:34 AM,0.204,-0.0493,4,101.33,-19.73,False,
2025-12-05,P,AMZN251205P00230000,230.0,REAL,9:48–9:54 AM,0.8,10:29–10:34 AM,0.352,-0.448,2,160.0,-89.6,False,
2025-12-12,P,AMZN251212P00230000,230.0,REAL,9:48–9:54 AM,2.2,10:29–10:34 AM,3.48,1.28,1,220.0,128.0,True,
2025-12-19,P,AMZN251219P00227500,227.5,REAL,9:48–9:54 AM,1.1433,10:29–10:34 AM,1.215,0.0717,1,114.33,7.17,True,
2025-12-26,P,AMZN251226P00232500,232.5,REAL,9:48–9:54 AM,0.6983,10:29–10:34 AM,0.716,0.0177,2,139.67,3.53,True,
2026-01-02,P,AMZN260102P00232500,232.5,REAL,9:48–9:54 AM,0.265,10:29–10:34 AM,4.935,4.67,4,106.0,1868.0,True,
2026-01-09,P,AMZN260109P00245000,245.0,REAL,9:48–9:54 AM,1.7683,10:29–10:34 AM,0.608,-1.1603,1,176.83,-116.03,False,
2026-01-16,P,AMZN260116P00240000,240.0,REAL,9:48–9:54 AM,2.484,10:29–10:34 AM,2.588,0.104,1,248.4,10.4,True,
2026-01-23,P,AMZN260123P00237500,237.5,REAL,9:48–9:54 AM,1.9967,10:29–10:34 AM,0.716,-1.2807,1,199.67,-128.07,False,
2026-01-30,P,AMZN260130P00240000,240.0,REAL,9:48–9:54 AM,0.605,10:29–10:34 AM,0.45,-0.155,2,121.0,-31.0,False,
2026-02-06,P,AMZN260206P00202500,202.5,REAL,9:48–9:54 AM,1.945,10:29–10:34 AM,0.948,-0.997,1,194.5,-99.7,False,
2026-02-13,P,AMZN260213P00200000,200.0,REAL,9:48–9:54 AM,1.935,10:29–10:34 AM,1.666,-0.269,1,193.5,-26.9,False,
2026-02-20,P,AMZN260220P00205000,205.0,REAL,9:48–9:54 AM,0.67,10:29–10:34 AM,0.17,-0.5,2,134.0,-100.0,False,
2026-02-27,P,AMZN260227P00207500,207.5,REAL,9:48–9:54 AM,1.7383,10:29–10:34 AM,0.812,-0.9263,1,173.83,-92.63,False,
2026-03-06,P,AMZN260306P00215000,215.0,REAL,9:48–9:54 AM,1.205,10:29–10:34 AM,1.026,-0.179,1,120.5,-17.9,False,
2026-03-13,P,AMZN260313P00210000,210.0,REAL,9:48–9:54 AM,1.1533,10:29–10:34 AM,0.932,-0.2213,1,115.33,-22.13,False,
2026-03-20,P,AMZN260320P00205000,205.0,REAL,9:48–9:54 AM,0.7317,10:29–10:34 AM,0.324,-0.4077,2,146.33,-81.53,False,
2026-03-27,P,AMZN260327P00205000,205.0,REAL,9:48–9:54 AM,2.5883,10:29–10:34 AM,3.78,1.1917,1,258.83,119.17,True,
2026-04-03,P,AMZN260402P00207500,207.5,REAL,9:48–9:54 AM,1.395,10:29–10:34 AM,0.454,-0.941,1,139.5,-94.1,False,Fri closed → Thu expiry
2026-04-10,P,AMZN260410P00235000,235.0,REAL,9:48–9:54 AM,0.5467,10:29–10:34 AM,0.156,-0.3907,2,109.33,-78.13,False,
2026-04-17,P,AMZN260417P00252500,252.5,REAL,9:48–9:54 AM,0.755,10:29–10:34 AM,0.224,-0.531,2,151.0,-106.2,False,
2026-04-24,P,AMZN260424P00260000,260.0,REAL,9:48–9:54 AM,1.8883,10:29–10:34 AM,1.052,-0.8363,1,188.83,-83.63,False,
2026-05-01,P,AMZN260501P00262500,262.5,REAL,9:48–9:54 AM,0.4,10:29–10:34 AM,0.07,-0.33,3,120.0,-99.0,False,
2026-05-08,P,AMZN260508P00270000,270.0,REAL,9:48–9:54 AM,0.4417,10:29–10:34 AM,0.356,-0.0857,3,132.5,-25.7,False,
2026-05-15,P,AMZN260515P00262500,262.5,REAL,9:48–9:54 AM,1.4283,10:29–10:34 AM,0.916,-0.5123,1,142.83,-51.23,False,
2026-05-22,P,AMZN260522P00270000,270.0,REAL,9:48–9:54 AM,2.09,10:29–10:34 AM,1.936,-0.154,1,209.0,-15.4,False,
2026-05-29,P,AMZN260529P00272500,272.5,REAL,9:48–9:54 AM,0.805,10:29–10:34 AM,1.674,0.869,2,161.0,173.8,True,
2026-06-05,P,AMZN260605P00255000,255.0,REAL,9:48–9:54 AM,2.095,10:29–10:34 AM,1.958,-0.137,1,209.5,-13.7,False,
2026-06-12,P,AMZN260612P00240000,240.0,REAL,9:48–9:54 AM,5.5867,10:29–10:34 AM,3.824,-1.7627,1,558.67,-176.27,False,
2026-06-19,P,AMZN260618P00240000,240.0,REAL,9:48–9:54 AM,3.1133,10:29–10:34 AM,1.31,-1.8033,1,311.33,-180.33,False,Fri closed → Thu expiry
2026-06-26,P,AMZN260626P00227500,227.5,REAL,9:48–9:54 AM,1.7017,10:29–10:34 AM,0.266,-1.4357,1,170.17,-143.57,False,
2026-07-03,P,AMZN260702P00242500,242.5,REAL,9:48–9:54 AM,1.2833,10:29–10:34 AM,0.508,-0.7753,1,128.33,-77.53,False,Fri closed → Thu expiry
2024-07-12,P,AAPL240712P00230000,230.0,REAL,10:11–10:17 AM,0.4633,1:04–1:09 PM,0.112,-0.3513,3,139.0,-105.4,False,
2024-07-19,P,AAPL240719P00225000,225.0,REAL,10:11–10:17 AM,0.4733,1:04–1:09 PM,1.504,1.0307,3,142.0,309.2,True,
2024-07-26,P,AAPL240726P00217500,217.5,REAL,10:11–10:17 AM,1.3483,1:04–1:09 PM,0.122,-1.2263,1,134.83,-122.63,False,
2024-08-02,P,AAPL240802P00220000,220.0,REAL,10:11–10:17 AM,1.2067,1:04–1:09 PM,0.13,-1.0767,1,120.67,-107.67,False,
2024-08-09,P,AAPL240809P00212500,212.5,REAL,10:11–10:17 AM,0.5467,1:04–1:09 PM,0.092,-0.4547,2,109.33,-90.93,False,
2024-08-16,P,AAPL240816P00222500,222.5,REAL,10:11–10:17 AM,0.125,1:04–1:09 PM,0.026,-0.099,8,100.0,-79.2,False,
2024-08-23,P,AAPL240823P00225000,225.0,REAL,10:11–10:17 AM,0.13,1:04–1:09 PM,0.33,0.2,8,104.0,160.0,True,
2024-08-30,P,AAPL240830P00230000,230.0,REAL,10:11–10:17 AM,1.605,1:04–1:09 PM,1.745,0.14,1,160.5,14.0,True,
2024-09-06,P,AAPL240906P00225000,225.0,REAL,10:11–10:17 AM,1.955,1:04–1:09 PM,4.045,2.09,1,195.5,209.0,True,
2024-09-13,P,AAPL240913P00222500,222.5,REAL,10:11–10:17 AM,0.6183,1:04–1:09 PM,0.116,-0.5023,2,123.67,-100.47,False,
2024-09-20,P,AAPL240920P00230000,230.0,REAL,10:11–10:17 AM,1.4917,1:04–1:09 PM,0.522,-0.9697,1,149.17,-96.97,False,
2024-09-27,P,AAPL240927P00230000,230.0,REAL,10:11–10:17 AM,1.3017,1:04–1:09 PM,1.726,0.4243,1,130.17,42.43,True,
2024-10-04,P,AAPL241004P00227500,227.5,REAL,10:11–10:17 AM,2.7367,1:04–1:09 PM,2.3933,-0.3433,1,273.67,-34.33,False,
2024-10-11,P,AAPL241011P00227500,227.5,REAL,10:11–10:17 AM,0.3083,1:04–1:09 PM,0.316,0.0077,4,123.33,3.07,True,
2024-10-18,P,AAPL241018P00235000,235.0,REAL,10:11–10:17 AM,0.64,1:04–1:09 PM,0.162,-0.478,2,128.0,-95.6,False,
2024-10-25,P,AAPL241025P00230000,230.0,REAL,10:11–10:17 AM,0.165,1:04–1:09 PM,0.038,-0.127,7,115.5,-88.9,False,
2024-11-01,P,AAPL241101P00222500,222.5,REAL,10:11–10:17 AM,0.2667,1:04–1:09 PM,0.666,0.3993,4,106.67,159.73,True,
2024-11-08,P,AAPL241108P00227500,227.5,REAL,10:11–10:17 AM,0.5017,1:04–1:09 PM,0.5825,0.0808,2,100.33,16.17,True,
2024-11-15,P,AAPL241115P00227500,227.5,REAL,10:11–10:17 AM,2.8633,1:04–1:09 PM,2.885,0.0217,1,286.33,2.17,True,
2024-11-22,P,AAPL241122P00227500,227.5,REAL,10:11–10:17 AM,0.1583,1:04–1:09 PM,0.022,-0.1363,7,110.83,-95.43,False,
2024-11-29,P,AAPL241129P00235000,235.0,REAL,10:11–10:17 AM,,1:04–1:09 PM,,,,,,,no usable price in entry/exit frame
2024-12-06,P,AAPL241206P00242500,242.5,REAL,10:11–10:17 AM,0.135,1:04–1:09 PM,0.14,0.005,8,108.0,4.0,True,
2024-12-13,P,AAPL241213P00247500,247.5,REAL,10:11–10:17 AM,0.545,1:04–1:09 PM,0.85,0.305,2,109.0,61.0,True,
2024-12-20,P,AAPL241220P00247500,247.5,REAL,10:11–10:17 AM,0.5967,1:04–1:09 PM,0.025,-0.5717,2,119.33,-114.33,False,
2024-12-27,P,AAPL241227P00257500,257.5,REAL,10:11–10:17 AM,2.2217,1:04–1:09 PM,2.895,0.6733,1,222.17,67.33,True,
2025-01-03,P,AAPL250103P00242500,242.5,REAL,10:11–10:17 AM,0.5417,1:04–1:09 PM,0.472,-0.0697,2,108.33,-13.93,False,
2025-01-10,P,AAPL250110P00237500,237.5,REAL,10:11–10:17 AM,1.7383,1:04–1:09 PM,1.3425,-0.3958,1,173.83,-39.58,False,
2025-01-17,P,AAPL250117P00232500,232.5,REAL,10:11–10:17 AM,2.2083,1:04–1:09 PM,2.4933,0.285,1,220.83,28.5,True,
2025-01-24,P,AAPL250124P00225000,225.0,REAL,10:11–10:17 AM,2.08,1:04–1:09 PM,2.788,0.708,1,208.0,70.8,True,
2025-01-31,P,AAPL250131P00247500,247.5,REAL,10:11–10:17 AM,5.51,1:04–1:09 PM,9.37,3.86,1,551.0,386.0,True,
2025-02-07,P,AAPL250207P00232500,232.5,REAL,10:11–10:17 AM,2.2917,1:04–1:09 PM,3.5233,1.2317,1,229.17,123.17,True,
2025-02-14,P,AAPL250214P00242500,242.5,REAL,10:11–10:17 AM,0.2667,1:04–1:09 PM,0.148,-0.1187,4,106.67,-47.47,False,
2025-02-21,P,AAPL250221P00247500,247.5,REAL,10:11–10:17 AM,1.924,1:04–1:09 PM,0.622,-1.302,1,192.4,-130.2,False,
2025-02-28,P,AAPL250228P00235000,235.0,REAL,10:11–10:17 AM,0.525,1:04–1:09 PM,0.224,-0.301,2,105.0,-60.2,False,
2025-03-07,P,AAPL250307P00235000,235.0,REAL,10:11–10:17 AM,0.4217,1:04–1:09 PM,0.06,-0.3617,3,126.5,-108.5,False,
2025-03-14,P,AAPL250314P00212500,212.5,REAL,10:11–10:17 AM,2.6133,1:04–1:09 PM,0.55,-2.0633,1,261.33,-206.33,False,
2025-03-21,P,AAPL250321P00212500,212.5,REAL,10:11–10:17 AM,0.6417,1:04–1:09 PM,0.11,-0.5317,2,128.33,-106.33,False,
2025-03-28,P,AAPL250328P00222500,222.5,REAL,10:11–10:17 AM,1.4183,1:04–1:09 PM,3.705,2.2867,1,141.83,228.67,True,
2025-04-04,P,AAPL250404P00195000,195.0,REAL,10:11–10:17 AM,1.4683,1:04–1:09 PM,3.062,1.5937,1,146.83,159.37,True,
2025-04-11,P,AAPL250411P00190000,190.0,REAL,10:11–10:17 AM,1.94,1:04–1:09 PM,0.186,-1.754,1,194.0,-175.4,False,
2025-04-18,P,AAPL250417P00195000,195.0,REAL,10:11–10:17 AM,0.8633,1:04–1:09 PM,0.194,-0.6693,2,172.67,-133.87,False,Fri closed → Thu expiry
2025-04-25,P,AAPL250425P00207500,207.5,REAL,10:11–10:17 AM,0.9633,1:04–1:09 PM,0.208,-0.7553,2,192.67,-151.07,False,
2025-05-02,P,AAPL250502P00205000,205.0,REAL,10:11–10:17 AM,1.4267,1:04–1:09 PM,0.948,-0.4787,1,142.67,-47.87,False,
2025-05-09,P,AAPL250509P00200000,200.0,REAL,10:11–10:17 AM,1.2333,1:04–1:09 PM,2.162,0.9287,1,123.33,92.87,True,
2025-05-16,P,AAPL250516P00212500,212.5,REAL,10:11–10:17 AM,1.4717,1:04–1:09 PM,1.742,0.2703,1,147.17,27.03,True,
2025-05-23,P,AAPL250523P00195000,195.0,REAL,10:11–10:17 AM,0.545,1:04–1:09 PM,0.366,-0.179,2,109.0,-35.8,False,
2025-05-30,P,AAPL250530P00200000,200.0,REAL,10:11–10:17 AM,1.405,1:04–1:09 PM,2.262,0.857,1,140.5,85.7,True,
2025-06-06,P,AAPL250606P00205000,205.0,REAL,10:11–10:17 AM,1.25,1:04–1:09 PM,2.278,1.028,1,125.0,102.8,True,
2025-06-13,P,AAPL250613P00200000,200.0,REAL,10:11–10:17 AM,3.9383,1:04–1:09 PM,2.698,-1.2403,1,393.83,-124.03,False,
2025-06-20,P,AAPL250620P00200000,200.0,REAL,10:11–10:17 AM,1.1067,1:04–1:09 PM,1.51,0.4033,1,110.67,40.33,True,
2025-06-27,P,AAPL250627P00202500,202.5,REAL,10:11–10:17 AM,0.8033,1:04–1:09 PM,0.54,-0.2633,2,160.67,-52.67,False,
2025-07-04,P,AAPL250703P00212500,212.5,REAL,10:11–10:17 AM,,1:04–1:09 PM,,,,,,,no usable price in entry/exit frame
2025-07-11,P,AAPL250711P00210000,210.0,REAL,10:11–10:17 AM,0.2183,1:04–1:09 PM,0.112,-0.1063,5,109.17,-53.17,False,
2025-07-18,P,AAPL250718P00210000,210.0,REAL,10:11–10:17 AM,0.6183,1:04–1:09 PM,0.12,-0.4983,2,123.67,-99.67,False,
2025-07-25,P,AAPL250725P00215000,215.0,REAL,10:11–10:17 AM,1.05,1:04–1:09 PM,0.884,-0.166,1,105.0,-16.6,False,
2025-08-01,P,AAPL250801P00210000,210.0,REAL,10:11–10:17 AM,3.6533,1:04–1:09 PM,8.1225,4.4692,1,365.33,446.92,True,
2025-08-08,P,AAPL250808P00220000,220.0,REAL,10:11–10:17 AM,0.2433,1:04–1:09 PM,0.04,-0.2033,5,121.67,-101.67,False,
2025-08-15,P,AAPL250815P00232500,232.5,REAL,10:11–10:17 AM,0.97,1:04–1:09 PM,1.608,0.638,2,194.0,127.6,True,
2025-08-22,P,AAPL250822P00227500,227.5,REAL,10:11–10:17 AM,0.96,1:04–1:09 PM,0.735,-0.225,2,192.0,-45.0,False,
2025-08-29,P,AAPL250829P00232500,232.5,REAL,10:11–10:17 AM,1.2517,1:04–1:09 PM,0.71,-0.5417,1,125.17,-54.17,False,
2025-09-05,P,AAPL250905P00240000,240.0,REAL,10:11–10:17 AM,0.5017,1:04–1:09 PM,0.944,0.4423,2,100.33,88.47,True,
2025-09-12,P,AAPL250912P00230000,230.0,REAL,10:11–10:17 AM,0.165,1:04–1:09 PM,0.022,-0.143,7,115.5,-100.1,False,
2025-09-19,P,AAPL250919P00242500,242.5,REAL,10:11–10:17 AM,1.725,1:04–1:09 PM,0.07,-1.655,1,172.5,-165.5,False,
2025-09-26,P,AAPL250926P00255000,255.0,REAL,10:11–10:17 AM,0.9717,1:04–1:09 PM,0.15,-0.8217,2,194.33,-164.33,False,
2025-10-03,P,AAPL251003P00255000,255.0,REAL,10:11–10:17 AM,0.1317,1:04–1:09 PM,0.046,-0.0857,8,105.33,-68.53,False,
2025-10-10,P,AAPL251010P00255000,255.0,REAL,10:11–10:17 AM,0.6783,1:04–1:09 PM,7.73,7.0517,2,135.67,1410.33,True,
2025-10-17,P,AAPL251017P00247500,247.5,REAL,10:11–10:17 AM,0.4267,1:04–1:09 PM,0.094,-0.3327,3,128.0,-99.8,False,
2025-10-24,P,AAPL251024P00260000,260.0,REAL,10:11–10:17 AM,0.6217,1:04–1:09 PM,0.0275,-0.5942,2,124.33,-118.83,False,
2025-10-31,P,AAPL251031P00277500,277.5,REAL,10:11–10:17 AM,,1:04–1:09 PM,,,,,,,no usable price in entry/exit frame
2025-11-07,P,AAPL251107P00267500,267.5,REAL,10:11–10:17 AM,0.16,1:04–1:09 PM,0.342,0.182,7,112.0,127.4,True,
2025-11-14,P,AAPL251114P00272500,272.5,REAL,10:11–10:17 AM,0.9417,1:04–1:09 PM,0.236,-0.7057,2,188.33,-141.13,False,
2025-11-21,P,AAPL251121P00267500,267.5,REAL,10:11–10:17 AM,0.7667,1:04–1:09 PM,0.136,-0.6307,2,153.33,-126.13,False,
2025-11-28,P,AAPL251128P00277500,277.5,REAL,10:11–10:17 AM,,1:04–1:09 PM,,,,,,,no usable price in entry/exit frame
2025-12-05,P,AAPL251205P00280000,280.0,REAL,10:11–10:17 AM,0.5683,1:04–1:09 PM,0.96,0.3917,2,113.67,78.33,True,
2025-12-12,P,AAPL251212P00277500,277.5,REAL,10:11–10:17 AM,0.3867,1:04–1:09 PM,0.148,-0.2387,3,116.0,-71.6,False,
2025-12-19,P,AAPL251219P00272500,272.5,REAL,10:11–10:17 AM,1.3267,1:04–1:09 PM,1.436,0.1093,1,132.67,10.93,True,
2025-12-26,P,AAPL251226P00275000,275.0,REAL,10:11–10:17 AM,0.954,1:04–1:09 PM,0.59,-0.364,2,190.8,-72.8,False,
2026-01-02,P,AAPL260102P00272500,272.5,REAL,10:11–10:17 AM,0.1117,1:04–1:09 PM,2.3167,2.205,9,100.5,1984.5,True,
2026-01-09,P,AAPL260109P00260000,260.0,REAL,10:11–10:17 AM,2.1317,1:04–1:09 PM,1.526,-0.6057,1,213.17,-60.57,False,
2026-01-16,P,AAPL260116P00257500,257.5,REAL,10:11–10:17 AM,1.1783,1:04–1:09 PM,2.2425,1.0642,1,117.83,106.42,True,
2026-01-23,P,AAPL260123P00245000,245.0,REAL,10:11–10:17 AM,0.415,1:04–1:09 PM,0.0425,-0.3725,3,124.5,-111.75,False,
2026-01-30,P,AAPL260130P00255000,255.0,REAL,10:11–10:17 AM,0.4483,1:04–1:09 PM,0.7,0.2517,3,134.5,75.5,True,
2026-02-06,P,AAPL260206P00277500,277.5,REAL,10:11–10:17 AM,0.6517,1:04–1:09 PM,0.342,-0.3097,2,130.33,-61.93,False,
2026-02-13,P,AAPL260213P00262500,262.5,REAL,10:11–10:17 AM,2.842,1:04–1:09 PM,3.68,0.838,1,284.2,83.8,True,
2026-02-20,P,AAPL260220P00260000,260.0,REAL,10:11–10:17 AM,0.66,1:04–1:09 PM,0.086,-0.574,2,132.0,-114.8,False,
2026-02-27,P,AAPL260227P00270000,270.0,REAL,10:11–10:17 AM,1.37,1:04–1:09 PM,3.2075,1.8375,1,137.0,183.75,True,
2026-03-06,P,AAPL260306P00257500,257.5,REAL,10:11–10:17 AM,1.8517,1:04–1:09 PM,1.126,-0.7257,1,185.17,-72.57,False,
2026-03-13,P,AAPL260313P00255000,255.0,REAL,10:11–10:17 AM,0.9033,1:04–1:09 PM,3.595,2.6917,2,180.67,538.33,True,
2026-03-20,P,AAPL260320P00247500,247.5,REAL,10:11–10:17 AM,0.9567,1:04–1:09 PM,0.324,-0.6327,2,191.33,-126.53,False,
2026-03-27,P,AAPL260327P00255000,255.0,REAL,10:11–10:17 AM,1.155,1:04–1:09 PM,2.886,1.731,1,115.5,173.1,True,
2026-04-03,P,AAPL260402P00252500,252.5,REAL,10:11–10:17 AM,1.21,1:04–1:09 PM,0.116,-1.094,1,121.0,-109.4,False,Fri closed → Thu expiry
2026-04-10,P,AAPL260410P00260000,260.0,REAL,10:11–10:17 AM,0.3667,1:04–1:09 PM,0.754,0.3873,3,110.0,116.2,True,
2026-04-17,P,AAPL260417P00267500,267.5,REAL,10:11–10:17 AM,0.4633,1:04–1:09 PM,0.036,-0.4273,3,139.0,-128.2,False,
2026-04-24,P,AAPL260424P00272500,272.5,REAL,10:11–10:17 AM,1.605,1:04–1:09 PM,2.474,0.869,1,160.5,86.9,True,
2026-05-01,P,AAPL260501P00282500,282.5,REAL,10:11–10:17 AM,0.3517,1:04–1:09 PM,0.702,0.3503,3,105.5,105.1,True,
2026-05-08,P,AAPL260508P00290000,290.0,REAL,10:11–10:17 AM,0.2133,1:04–1:09 PM,0.144,-0.0693,5,106.67,-34.67,False,
2026-05-15,P,AAPL260515P00297500,297.5,REAL,10:11–10:17 AM,0.7367,1:04–1:09 PM,0.04,-0.6967,2,147.33,-139.33,False,
2026-05-22,P,AAPL260522P00307500,307.5,REAL,10:11–10:17 AM,0.5017,1:04–1:09 PM,0.124,-0.3777,2,100.33,-75.53,False,
2026-05-29,P,AAPL260529P00315000,315.0,REAL,10:11–10:17 AM,2.2017,1:04–1:09 PM,4.45,2.2483,1,220.17,224.83,True,
2026-06-05,P,AAPL260605P00312500,312.5,REAL,10:11–10:17 AM,0.7633,1:04–1:09 PM,2.842,2.0787,2,152.67,415.73,True,
2026-06-12,P,AAPL260612P00297500,297.5,REAL,10:11–10:17 AM,5.305,1:04–1:09 PM,6.085,0.78,1,530.5,78.0,True,
2026-06-19,P,AAPL260618P00300000,300.0,REAL,10:11–10:17 AM,1.7317,1:04–1:09 PM,2.18,0.4483,1,173.17,44.83,True,Fri closed → Thu expiry
2026-06-26,P,AAPL260626P00275000,275.0,REAL,10:11–10:17 AM,0.41,1:04–1:09 PM,0.11,-0.3,3,123.0,-90.0,False,
2026-07-03,P,AAPL260702P00297500,297.5,REAL,10:11–10:17 AM,0.1233,1:04–1:09 PM,0.0167,-0.1067,9,111.0,-96.0,False,Fri closed → Thu expiry
2024-07-12,P,NVDA240712P00130000,130.0,REAL,9:50–9:55 AM,1.384,3:50–3:55 PM,0.668,-0.716,1,138.4,-71.6,False,
2024-07-19,P,NVDA240719P00120000,120.0,REAL,9:50–9:55 AM,0.664,3:50–3:55 PM,2.096,1.432,2,132.8,286.4,True,
2024-07-26,P,NVDA240726P00115000,115.0,REAL,9:50–9:55 AM,1.928,3:50–3:55 PM,2.446,0.518,1,192.8,51.8,True,
2024-08-02,P,NVDA240802P00105000,105.0,REAL,9:50–9:55 AM,2.366,3:50–3:55 PM,0.034,-2.332,1,236.6,-233.2,False,
2024-08-09,P,NVDA240809P00105000,105.0,REAL,9:50–9:55 AM,1.395,3:50–3:55 PM,0.406,-0.989,1,139.5,-98.9,False,
2024-08-16,P,NVDA240816P00120000,120.0,REAL,9:50–9:55 AM,0.198,3:50–3:55 PM,0.01,-0.188,6,118.8,-112.8,False,
2024-08-23,P,NVDA240823P00125000,125.0,REAL,9:50–9:55 AM,0.702,3:50–3:55 PM,0.01,-0.692,2,140.4,-138.4,False,
2024-08-30,P,NVDA240830P00120000,120.0,REAL,9:50–9:55 AM,0.786,3:50–3:55 PM,0.902,0.116,2,157.2,23.2,True,
2024-09-06,P,NVDA240906P00110000,110.0,REAL,9:50–9:55 AM,4.866,3:50–3:55 PM,6.992,2.126,1,486.6,212.6,True,
2024-09-13,P,NVDA240913P00120000,120.0,REAL,9:50–9:55 AM,1.652,3:50–3:55 PM,1.044,-0.608,1,165.2,-60.8,False,
2024-09-20,P,NVDA240920P00115000,115.0,REAL,9:50–9:55 AM,0.146,3:50–3:55 PM,0.032,-0.114,7,102.2,-79.8,False,
2024-09-27,P,NVDA240927P00125000,125.0,REAL,9:50–9:55 AM,2.316,3:50–3:55 PM,3.942,1.626,1,231.6,162.6,True,
2024-10-04,P,NVDA241004P00125000,125.0,REAL,9:50–9:55 AM,1.818,3:50–3:55 PM,0.244,-1.574,1,181.8,-157.4,False,
2024-10-11,P,NVDA241011P00135000,135.0,REAL,9:50–9:55 AM,0.92,3:50–3:55 PM,0.246,-0.674,2,184.0,-134.8,False,
2024-10-18,P,NVDA241018P00140000,140.0,REAL,9:50–9:55 AM,2.302,3:50–3:55 PM,2.004,-0.298,1,230.2,-29.8,False,
2024-10-25,P,NVDA241025P00140000,140.0,REAL,9:50–9:55 AM,0.146,3:50–3:55 PM,0.01,-0.136,7,102.2,-95.2,False,
2024-11-01,P,NVDA241101P00135000,135.0,REAL,9:50–9:55 AM,0.53,3:50–3:55 PM,0.044,-0.486,2,106.0,-97.2,False,
2024-11-08,P,NVDA241108P00150000,150.0,REAL,9:50–9:55 AM,1.726,3:50–3:55 PM,2.41,0.684,1,172.6,68.4,True,
2024-11-15,P,NVDA241115P00145000,145.0,REAL,9:50–9:55 AM,1.264,3:50–3:55 PM,3.018,1.754,1,126.4,175.4,True,
2024-11-22,P,NVDA241122P00145000,145.0,REAL,9:50–9:55 AM,1.734,3:50–3:55 PM,3.258,1.524,1,173.4,152.4,True,
2024-11-29,P,NVDA241129P00135000,135.0,REAL,9:50–9:55 AM,,3:50–3:55 PM,,,,,,,no usable price in entry/exit frame
2024-12-06,P,NVDA241206P00145000,145.0,REAL,9:50–9:55 AM,0.524,3:50–3:55 PM,2.916,2.392,2,104.8,478.4,True,
2024-12-13,P,NVDA241213P00140000,140.0,REAL,9:50–9:55 AM,1.954,3:50–3:55 PM,6.026,4.072,1,195.4,407.2,True,
2024-12-20,P,NVDA241220P00130000,130.0,REAL,9:50–9:55 AM,1.722,3:50–3:55 PM,0.01,-1.712,1,172.2,-171.2,False,
2024-12-27,P,NVDA241227P00140000,140.0,REAL,9:50–9:55 AM,3.182,3:50–3:55 PM,3.07,-0.112,1,318.2,-11.2,False,
2025-01-03,P,NVDA250103P00140000,140.0,REAL,9:50–9:55 AM,0.2,3:50–3:55 PM,0.01,-0.19,6,120.0,-114.0,False,
2025-01-10,P,NVDA250110P00135000,135.0,REAL,9:50–9:55 AM,1.24,3:50–3:55 PM,0.024,-1.216,1,124.0,-121.6,False,
2025-01-17,P,NVDA250117P00135000,135.0,REAL,9:50–9:55 AM,0.258,3:50–3:55 PM,0.01,-0.248,4,103.2,-99.2,False,
2025-01-24,P,NVDA250124P00150000,150.0,REAL,9:50–9:55 AM,2.39,3:50–3:55 PM,7.6475,5.2575,1,239.0,525.75,True,
2025-01-31,P,NVDA250131P00125000,125.0,REAL,9:50–9:55 AM,1.826,3:50–3:55 PM,4.898,3.072,1,182.6,307.2,True,
2025-02-07,P,NVDA250207P00130000,130.0,REAL,9:50–9:55 AM,0.886,3:50–3:55 PM,0.38,-0.506,2,177.2,-101.2,False,
2025-02-14,P,NVDA250214P00135000,135.0,REAL,9:50–9:55 AM,0.322,3:50–3:55 PM,0.01,-0.312,4,128.8,-124.8,False,
2025-02-21,P,NVDA250221P00140000,140.0,REAL,9:50–9:55 AM,0.806,3:50–3:55 PM,5.342,4.536,2,161.2,907.2,True,
2025-02-28,P,NVDA250228P00120000,120.0,REAL,9:50–9:55 AM,2.364,3:50–3:55 PM,0.016,-2.348,1,236.4,-234.8,False,
2025-03-07,P,NVDA250307P00110000,110.0,REAL,9:50–9:55 AM,0.484,3:50–3:55 PM,0.014,-0.47,3,145.2,-141.0,False,
2025-03-14,P,NVDA250314P00120000,120.0,REAL,9:50–9:55 AM,1.098,3:50–3:55 PM,0.01,-1.088,1,109.8,-108.8,False,
2025-03-21,P,NVDA250321P00115000,115.0,REAL,9:50–9:55 AM,0.454,3:50–3:55 PM,0.012,-0.442,3,136.2,-132.6,False,
2025-03-28,P,NVDA250328P00110000,110.0,REAL,9:50–9:55 AM,0.422,3:50–3:55 PM,0.494,0.072,3,126.6,21.6,True,
2025-04-04,P,NVDA250404P00100000,100.0,REAL,9:50–9:55 AM,2.854,3:50–3:55 PM,5.352,2.498,1,285.4,249.8,True,
2025-04-11,P,NVDA250411P00110000,110.0,REAL,9:50–9:55 AM,1.664,3:50–3:55 PM,0.124,-1.54,1,166.4,-154.0,False,
2025-04-18,P,NVDA250417P00105000,105.0,REAL,9:50–9:55 AM,2.194,3:50–3:55 PM,3.94,1.746,1,219.4,174.6,True,Fri closed → Thu expiry
2025-04-25,P,NVDA250425P00105000,105.0,REAL,9:50–9:55 AM,,3:50–3:55 PM,,,,,,,no usable price in entry/exit frame
2025-05-02,P,NVDA250502P00115000,115.0,REAL,9:50–9:55 AM,1.508,3:50–3:55 PM,0.816,-0.692,1,150.8,-69.2,False,
2025-05-09,P,NVDA250509P00120000,120.0,REAL,9:50–9:55 AM,2.536,3:50–3:55 PM,3.295,0.759,1,253.6,75.9,True,
2025-05-16,P,NVDA250516P00135000,135.0,REAL,9:50–9:55 AM,0.68,3:50–3:55 PM,0.04,-0.64,2,136.0,-128.0,False,
2025-05-23,P,NVDA250523P00130000,130.0,REAL,9:50–9:55 AM,1.014,3:50–3:55 PM,0.02,-0.994,1,101.4,-99.4,False,
2025-05-30,P,NVDA250530P00140000,140.0,REAL,9:50–9:55 AM,3.912,3:50–3:55 PM,4.894,0.982,1,391.2,98.2,True,
2025-06-06,P,NVDA250606P00140000,140.0,REAL,9:50–9:55 AM,0.14,3:50–3:55 PM,0.012,-0.128,8,112.0,-102.4,False,
2025-06-13,P,NVDA250613P00145000,145.0,REAL,9:50–9:55 AM,1.96,3:50–3:55 PM,3.232,1.272,1,196.0,127.2,True,
2025-06-20,P,NVDA250620P00145000,145.0,REAL,9:50–9:55 AM,0.298,3:50–3:55 PM,1.54,1.242,4,119.2,496.8,True,
2025-06-27,P,NVDA250627P00155000,155.0,REAL,9:50–9:55 AM,0.414,3:50–3:55 PM,0.01,-0.404,3,124.2,-121.2,False,
2025-07-04,P,NVDA250703P00160000,160.0,REAL,9:50–9:55 AM,,3:50–3:55 PM,,,,,,,no usable price in entry/exit frame
2025-07-11,P,NVDA250711P00165000,165.0,REAL,9:50–9:55 AM,0.416,3:50–3:55 PM,0.038,-0.378,3,124.8,-113.4,False,
2025-07-18,P,NVDA250718P00175000,175.0,REAL,9:50–9:55 AM,1.742,3:50–3:55 PM,2.855,1.113,1,174.2,111.3,True,
2025-07-25,P,NVDA250725P00175000,175.0,REAL,9:50–9:55 AM,1.524,3:50–3:55 PM,1.416,-0.108,1,152.4,-10.8,False,
2025-08-01,P,NVDA250801P00175000,175.0,REAL,9:50–9:55 AM,3.354,3:50–3:55 PM,0.824,-2.53,1,335.4,-253.0,False,
2025-08-08,P,NVDA250808P00180000,180.0,REAL,9:50–9:55 AM,0.222,3:50–3:55 PM,0.012,-0.21,5,111.0,-105.0,False,
2025-08-15,P,NVDA250815P00180000,180.0,REAL,9:50–9:55 AM,1.984,3:50–3:55 PM,0.044,-1.94,1,198.4,-194.0,False,
2025-08-22,P,NVDA250822P00170000,170.0,REAL,9:50–9:55 AM,0.282,3:50–3:55 PM,0.01,-0.272,4,112.8,-108.8,False,
2025-08-29,P,NVDA250829P00180000,180.0,REAL,9:50–9:55 AM,5.218,3:50–3:55 PM,6.236,1.018,1,521.8,101.8,True,
2025-09-05,P,NVDA250905P00165000,165.0,REAL,9:50–9:55 AM,0.266,3:50–3:55 PM,0.012,-0.254,4,106.4,-101.6,False,
2025-09-12,P,NVDA250912P00180000,180.0,REAL,9:50–9:55 AM,2.65,3:50–3:55 PM,2.274,-0.376,1,265.0,-37.6,False,
2025-09-19,P,NVDA250919P00175000,175.0,REAL,9:50–9:55 AM,0.304,3:50–3:55 PM,0.03,-0.274,4,121.6,-109.6,False,
2025-09-26,P,NVDA250926P00175000,175.0,REAL,9:50–9:55 AM,0.274,3:50–3:55 PM,0.01,-0.264,4,109.6,-105.6,False,
2025-10-03,P,NVDA251003P00190000,190.0,REAL,9:50–9:55 AM,1.23,3:50–3:55 PM,2.238,1.008,1,123.0,100.8,True,
2025-10-10,P,NVDA251010P00195000,195.0,REAL,9:50–9:55 AM,2.18,3:50–3:55 PM,10.24,8.06,1,218.0,806.0,True,
2025-10-17,P,NVDA251017P00180000,180.0,REAL,9:50–9:55 AM,0.748,3:50–3:55 PM,0.014,-0.734,2,149.6,-146.8,False,
2025-10-24,P,NVDA251024P00185000,185.0,REAL,9:50–9:55 AM,0.75,3:50–3:55 PM,0.022,-0.728,2,150.0,-145.6,False,
2025-10-31,P,NVDA251031P00207500,207.5,REAL,9:50–9:55 AM,1.992,3:50–3:55 PM,3.65,1.658,1,199.2,165.8,True,
2025-11-07,P,NVDA251107P00185000,185.0,REAL,9:50–9:55 AM,2.542,3:50–3:55 PM,0.026,-2.516,1,254.2,-251.6,False,
2025-11-14,P,NVDA251114P00180000,180.0,REAL,9:50–9:55 AM,0.248,3:50–3:55 PM,0.0325,-0.2155,5,124.0,-107.75,False,
2025-11-21,P,NVDA251121P00180000,180.0,REAL,9:50–9:55 AM,2.358,3:50–3:55 PM,0.614,-1.744,1,235.8,-174.4,False,
2025-11-28,P,NVDA251128P00180000,180.0,REAL,9:50–9:55 AM,,3:50–3:55 PM,,,,,,,no usable price in entry/exit frame
2025-12-05,P,NVDA251205P00185000,185.0,REAL,9:50–9:55 AM,3.49,3:50–3:55 PM,3.396,-0.094,1,349.0,-9.4,False,
2025-12-12,P,NVDA251212P00180000,180.0,REAL,9:50–9:55 AM,0.586,3:50–3:55 PM,5.098,4.512,2,117.2,902.4,True,
2025-12-19,P,NVDA251219P00175000,175.0,REAL,9:50–9:55 AM,0.114,3:50–3:55 PM,0.01,-0.104,9,102.6,-93.6,False,
2025-12-26,P,NVDA251226P00190000,190.0,REAL,9:50–9:55 AM,0.312,3:50–3:55 PM,0.01,-0.302,4,124.8,-120.8,False,
2026-01-02,P,NVDA260102P00190000,190.0,REAL,9:50–9:55 AM,0.248,3:50–3:55 PM,1.4,1.152,5,124.0,576.0,True,
2026-01-09,P,NVDA260109P00185000,185.0,REAL,9:50–9:55 AM,1.162,3:50–3:55 PM,0.098,-1.064,1,116.2,-106.4,False,
2026-01-16,P,NVDA260116P00190000,190.0,REAL,9:50–9:55 AM,0.872,3:50–3:55 PM,2.752,1.88,2,174.4,376.0,True,
2026-01-23,P,NVDA260123P00190000,190.0,REAL,9:50–9:55 AM,2.586,3:50–3:55 PM,2.526,-0.06,1,258.6,-6.0,False,
2026-01-30,P,NVDA260130P00190000,190.0,REAL,9:50–9:55 AM,0.34,3:50–3:55 PM,0.02,-0.32,3,102.0,-96.0,False,
2026-02-06,P,NVDA260206P00175000,175.0,REAL,9:50–9:55 AM,0.184,3:50–3:55 PM,0.015,-0.169,6,110.4,-101.4,False,
2026-02-13,P,NVDA260213P00185000,185.0,REAL,9:50–9:55 AM,2.2,3:50–3:55 PM,2.36,0.16,1,220.0,16.0,True,
2026-02-20,P,NVDA260220P00185000,185.0,REAL,9:50–9:55 AM,0.27,3:50–3:55 PM,0.01,-0.26,4,108.0,-104.0,False,
2026-02-27,P,NVDA260227P00180000,180.0,REAL,9:50–9:55 AM,1.26,3:50–3:55 PM,2.558,1.298,1,126.0,129.8,True,
2026-03-06,P,NVDA260306P00180000,180.0,REAL,9:50–9:55 AM,0.664,3:50–3:55 PM,1.862,1.198,2,132.8,239.6,True,
2026-03-13,P,NVDA260313P00185000,185.0,REAL,9:50–9:55 AM,0.846,3:50–3:55 PM,4.762,3.916,2,169.2,783.2,True,
2026-03-20,P,NVDA260320P00175000,175.0,REAL,9:50–9:55 AM,0.354,3:50–3:55 PM,2.516,2.162,3,106.2,648.6,True,
2026-03-27,P,NVDA260327P00170000,170.0,REAL,9:50–9:55 AM,1.48,3:50–3:55 PM,2.636,1.156,1,148.0,115.6,True,
2026-04-03,P,NVDA260402P00175000,175.0,REAL,9:50–9:55 AM,2.314,3:50–3:55 PM,0.01,-2.304,1,231.4,-230.4,False,Fri closed → Thu expiry
2026-04-10,P,NVDA260410P00185000,185.0,REAL,9:50–9:55 AM,0.21,3:50–3:55 PM,0.01,-0.2,5,105.0,-100.0,False,
2026-04-17,P,NVDA260417P00200000,200.0,REAL,9:50–9:55 AM,0.564,3:50–3:55 PM,0.01,-0.554,2,112.8,-110.8,False,
2026-04-24,P,NVDA260424P00200000,200.0,REAL,9:50–9:55 AM,0.38,3:50–3:55 PM,0.01,-0.37,3,114.0,-111.0,False,
2026-05-01,P,NVDA260501P00202500,202.5,REAL,9:50–9:55 AM,3.39,3:50–3:55 PM,3.546,0.156,1,339.0,15.6,True,
2026-05-08,P,NVDA260508P00212500,212.5,REAL,9:50–9:55 AM,0.208,3:50–3:55 PM,0.015,-0.193,5,104.0,-96.5,False,
2026-05-15,P,NVDA260515P00227500,227.5,REAL,9:50–9:55 AM,2.518,3:50–3:55 PM,1.61,-0.908,1,251.8,-90.8,False,
2026-05-22,P,NVDA260522P00220000,220.0,REAL,9:50–9:55 AM,2.6,3:50–3:55 PM,4.264,1.664,1,260.0,166.4,True,
2026-05-29,P,NVDA260529P00212500,212.5,REAL,9:50–9:55 AM,0.262,3:50–3:55 PM,0.36,0.098,4,104.8,39.2,True,
2026-06-05,P,NVDA260605P00212500,212.5,REAL,9:50–9:55 AM,0.94,3:50–3:55 PM,6.328,5.388,2,188.0,1077.6,True,
2026-06-12,P,NVDA260612P00205000,205.0,REAL,9:50–9:55 AM,2.016,3:50–3:55 PM,0.536,-1.48,1,201.6,-148.0,False,
2026-06-19,P,NVDA260618P00207500,207.5,REAL,9:50–9:55 AM,1.004,3:50–3:55 PM,0.08,-0.924,1,100.4,-92.4,False,Fri closed → Thu expiry
2026-06-26,P,NVDA260626P00190000,190.0,REAL,9:50–9:55 AM,0.288,3:50–3:55 PM,0.01,-0.278,4,115.2,-111.2,False,
2026-07-03,P,NVDA260702P00200000,200.0,REAL,9:50–9:55 AM,2.176,3:50–3:55 PM,5.835,3.659,1,217.6,365.9,True,Fri closed → Thu expiry
2024-07-12,P,GOOGL240712P00185000,185.0,REAL,9:40–9:55 AM,0.5907,11:50 AM–12:25 PM,0.33,-0.2607,2,118.13,-52.13,False,
2024-07-19,P,GOOGL240719P00180000,180.0,REAL,9:40–9:55 AM,1.3107,11:50 AM–12:25 PM,1.4406,0.13,1,131.07,13.0,True,
2024-07-26,P,GOOGL240726P00165000,165.0,REAL,9:40–9:55 AM,1.1467,11:50 AM–12:25 PM,0.1435,-1.0031,1,114.67,-100.31,False,
2024-08-02,P,GOOGL240802P00165000,165.0,REAL,9:40–9:55 AM,0.336,11:50 AM–12:25 PM,0.273,-0.063,3,100.8,-18.91,False,
2024-08-09,P,GOOGL240809P00160000,160.0,REAL,9:40–9:55 AM,0.8513,11:50 AM–12:25 PM,0.7768,-0.0745,2,170.27,-14.91,False,
2024-08-16,P,GOOGL240816P00160000,160.0,REAL,9:40–9:55 AM,0.1029,11:50 AM–12:25 PM,0.015,-0.0879,10,102.86,-87.86,False,
2024-08-23,P,GOOGL240823P00165000,165.0,REAL,9:40–9:55 AM,0.9367,11:50 AM–12:25 PM,0.7467,-0.19,2,187.33,-38.0,False,
2024-08-30,P,GOOGL240830P00165000,165.0,REAL,9:40–9:55 AM,2.4208,11:50 AM–12:25 PM,2.7011,0.2803,1,242.08,28.03,True,
2024-09-06,P,GOOGL240906P00160000,160.0,REAL,9:40–9:55 AM,4.467,11:50 AM–12:25 PM,7.985,3.518,1,446.7,351.8,True,
2024-09-13,P,GOOGL240913P00155000,155.0,REAL,9:40–9:55 AM,0.2727,11:50 AM–12:25 PM,0.0368,-0.2358,4,109.07,-94.34,False,
2024-09-20,P,GOOGL240920P00165000,165.0,REAL,9:40–9:55 AM,2.087,11:50 AM–12:25 PM,2.3675,0.2805,1,208.7,28.05,True,
2024-09-27,P,GOOGL240927P00165000,165.0,REAL,9:40–9:55 AM,1.5942,11:50 AM–12:25 PM,0.999,-0.5952,1,159.42,-59.52,False,
2024-10-04,P,GOOGL241004P00170000,170.0,REAL,9:40–9:55 AM,2.65,11:50 AM–12:25 PM,4.0,1.35,1,265.0,135.0,True,
2024-10-11,P,GOOGL241011P00160000,160.0,REAL,9:40–9:55 AM,0.1257,11:50 AM–12:25 PM,0.0117,-0.114,8,100.57,-91.24,False,
2024-10-18,P,GOOGL241018P00165000,165.0,REAL,9:40–9:55 AM,1.0371,11:50 AM–12:25 PM,1.6995,0.6624,1,103.71,66.24,True,
2024-10-25,P,GOOGL241025P00165000,165.0,REAL,9:40–9:55 AM,0.8879,11:50 AM–12:25 PM,0.2812,-0.6067,2,177.57,-121.33,False,
2024-11-01,P,GOOGL241101P00170000,170.0,REAL,9:40–9:55 AM,0.234,11:50 AM–12:25 PM,0.1144,-0.1196,5,117.0,-59.78,False,
2024-11-08,P,GOOGL241108P00180000,180.0,REAL,9:40–9:55 AM,0.8273,11:50 AM–12:25 PM,1.1538,0.3265,2,165.47,65.3,True,
2024-11-15,P,GOOGL241115P00175000,175.0,REAL,9:40–9:55 AM,1.7093,11:50 AM–12:25 PM,2.9947,1.2854,1,170.93,128.54,True,
2024-11-22,P,GOOGL241122P00160000,160.0,REAL,9:40–9:55 AM,0.046,11:50 AM–12:25 PM,0.0135,-0.0325,22,101.2,-71.44,False,
2024-11-29,P,GOOGL241129P00170000,170.0,REAL,9:40–9:55 AM,2.0362,11:50 AM–12:25 PM,1.0046,-1.0315,1,203.62,-103.15,False,
2024-12-06,P,GOOGL241206P00170000,170.0,REAL,9:40–9:55 AM,0.0454,11:50 AM–12:25 PM,0.0133,-0.0321,23,104.38,-73.72,False,
2024-12-13,P,GOOGL241213P00190000,190.0,REAL,9:40–9:55 AM,0.2373,11:50 AM–12:25 PM,0.1129,-0.1245,5,118.67,-62.24,False,
2024-12-20,P,GOOGL241220P00185000,185.0,REAL,9:40–9:55 AM,0.6886,11:50 AM–12:25 PM,0.035,-0.6536,2,137.71,-130.71,False,
2024-12-27,P,GOOGL241227P00195000,195.0,REAL,9:40–9:55 AM,2.0986,11:50 AM–12:25 PM,4.0282,1.9296,1,209.86,192.96,True,
2025-01-03,P,GOOGL250103P00190000,190.0,REAL,9:40–9:55 AM,0.254,11:50 AM–12:25 PM,0.0555,-0.1985,4,101.6,-79.39,False,
2025-01-10,P,GOOGL250110P00195000,195.0,REAL,9:40–9:55 AM,2.7208,11:50 AM–12:25 PM,2.8933,0.1726,1,272.08,17.26,True,
2025-01-17,P,GOOGL250117P00195000,195.0,REAL,9:40–9:55 AM,1.2107,11:50 AM–12:25 PM,0.2293,-0.9814,1,121.07,-98.14,False,
2025-01-24,P,GOOGL250124P00200000,200.0,REAL,9:40–9:55 AM,0.9833,11:50 AM–12:25 PM,0.9837,0.0003,2,196.67,0.07,True,
2025-01-31,P,GOOGL250131P00200000,200.0,REAL,9:40–9:55 AM,0.072,11:50 AM–12:25 PM,0.0227,-0.0493,14,100.8,-68.98,False,
2025-02-07,P,GOOGL250207P00190000,190.0,REAL,9:40–9:55 AM,0.888,11:50 AM–12:25 PM,5.8269,4.9389,2,177.6,987.78,True,
2025-02-14,P,GOOGL250214P00185000,185.0,REAL,9:40–9:55 AM,0.5787,11:50 AM–12:25 PM,0.4919,-0.0868,2,115.73,-17.36,False,
2025-02-21,P,GOOGL250221P00185000,185.0,REAL,9:40–9:55 AM,0.9233,11:50 AM–12:25 PM,3.8768,2.9535,2,184.67,590.7,True,
2025-02-28,P,GOOGL250228P00170000,170.0,REAL,9:40–9:55 AM,1.6653,11:50 AM–12:25 PM,1.5055,-0.1598,1,166.53,-15.98,False,
2025-03-07,P,GOOGL250307P00170000,170.0,REAL,9:40–9:55 AM,0.2986,11:50 AM–12:25 PM,0.5372,0.2386,4,119.43,95.45,True,
2025-03-14,P,GOOGL250314P00165000,165.0,REAL,9:40–9:55 AM,1.6473,11:50 AM–12:25 PM,0.8328,-0.8146,1,164.73,-81.46,False,
2025-03-21,P,GOOGL250321P00160000,160.0,REAL,9:40–9:55 AM,0.3013,11:50 AM–12:25 PM,0.0689,-0.2324,4,120.53,-92.98,False,
2025-03-28,P,GOOGL250328P00160000,160.0,REAL,9:40–9:55 AM,0.4773,11:50 AM–12:25 PM,3.8011,3.3237,3,143.2,997.12,True,
2025-04-04,P,GOOGL250404P00150000,150.0,REAL,9:40–9:55 AM,1.818,11:50 AM–12:25 PM,2.0094,0.1914,1,181.8,19.14,True,
2025-04-11,P,GOOGL250411P00155000,155.0,REAL,9:40–9:55 AM,1.4236,11:50 AM–12:25 PM,0.6645,-0.7591,1,142.36,-75.91,False,
2025-04-18,P,GOOGL250417P00155000,155.0,REAL,9:40–9:55 AM,1.5738,11:50 AM–12:25 PM,3.8707,2.2969,1,157.38,229.69,True,Fri closed → Thu expiry
2025-04-25,P,GOOGL250425P00165000,165.0,REAL,9:40–9:55 AM,2.398,11:50 AM–12:25 PM,3.128,0.73,1,239.8,73.0,True,
2025-05-02,P,GOOGL250502P00165000,165.0,REAL,9:40–9:55 AM,2.465,11:50 AM–12:25 PM,1.1421,-1.3229,1,246.5,-132.29,False,
2025-05-09,P,GOOGL250509P00155000,155.0,REAL,9:40–9:55 AM,1.204,11:50 AM–12:25 PM,2.0228,0.8188,1,120.4,81.88,True,
2025-05-16,P,GOOGL250516P00170000,170.0,REAL,9:40–9:55 AM,2.2553,11:50 AM–12:25 PM,3.424,1.1687,1,225.53,116.87,True,
2025-05-23,P,GOOGL250523P00170000,170.0,REAL,9:40–9:55 AM,1.9567,11:50 AM–12:25 PM,1.1883,-0.7683,1,195.67,-76.83,False,
2025-05-30,P,GOOGL250530P00170000,170.0,REAL,9:40–9:55 AM,0.6893,11:50 AM–12:25 PM,0.6906,0.0013,2,137.87,0.26,True,
2025-06-06,P,GOOGL250606P00170000,170.0,REAL,9:40–9:55 AM,0.2333,11:50 AM–12:25 PM,0.0465,-0.1868,5,116.67,-93.42,False,
2025-06-13,P,GOOGL250613P00175000,175.0,REAL,9:40–9:55 AM,1.4787,11:50 AM–12:25 PM,0.1041,-1.3745,1,147.87,-137.45,False,
2025-06-20,P,GOOGL250620P00175000,175.0,REAL,9:40–9:55 AM,1.3471,11:50 AM–12:25 PM,6.1165,4.7693,1,134.71,476.93,True,
2025-06-27,P,GOOGL250627P00175000,175.0,REAL,9:40–9:55 AM,1.2153,11:50 AM–12:25 PM,1.8138,0.5985,1,121.53,59.85,True,
2025-07-04,P,GOOGL250703P00180000,180.0,REAL,9:40–9:55 AM,2.198,11:50 AM–12:25 PM,1.3162,-0.8818,1,219.8,-88.18,False,Fri closed → Thu expiry
2025-07-11,P,GOOGL250711P00175000,175.0,REAL,9:40–9:55 AM,0.1613,11:50 AM–12:25 PM,0.0252,-0.1361,7,112.93,-95.28,False,
2025-07-18,P,GOOGL250718P00185000,185.0,REAL,9:40–9:55 AM,0.778,11:50 AM–12:25 PM,0.3455,-0.4325,2,155.6,-86.51,False,
2025-07-25,P,GOOGL250725P00195000,195.0,REAL,9:40–9:55 AM,2.0229,11:50 AM–12:25 PM,1.7426,-0.2802,1,202.29,-28.02,False,
2025-08-01,P,GOOGL250801P00190000,190.0,REAL,9:40–9:55 AM,1.6727,11:50 AM–12:25 PM,1.2263,-0.4464,1,167.27,-44.64,False,
2025-08-08,P,GOOGL250808P00200000,200.0,REAL,9:40–9:55 AM,1.4953,11:50 AM–12:25 PM,0.7206,-0.7748,1,149.53,-77.48,False,
2025-08-15,P,GOOGL250815P00202500,202.5,REAL,9:40–9:55 AM,0.62,11:50 AM–12:25 PM,0.3792,-0.2408,2,124.0,-48.17,False,
2025-08-22,P,GOOGL250822P00202500,202.5,REAL,9:40–9:55 AM,1.4453,11:50 AM–12:25 PM,0.3166,-1.1288,1,144.53,-112.88,False,
2025-08-29,P,GOOGL250829P00210000,210.0,REAL,9:40–9:55 AM,0.8707,11:50 AM–12:25 PM,0.3864,-0.4843,2,174.13,-96.86,False,
2025-09-05,P,GOOGL250905P00232500,232.5,REAL,9:40–9:55 AM,0.37,11:50 AM–12:25 PM,0.1903,-0.1797,3,111.0,-53.91,False,
2025-09-12,P,GOOGL250912P00240000,240.0,REAL,9:40–9:55 AM,1.4047,11:50 AM–12:25 PM,0.388,-1.0167,1,140.47,-101.67,False,
2025-09-19,P,GOOGL250919P00255000,255.0,REAL,9:40–9:55 AM,2.5133,11:50 AM–12:25 PM,1.6013,-0.9121,1,251.33,-91.21,False,
2025-09-26,P,GOOGL250926P00247500,247.5,REAL,9:40–9:55 AM,1.168,11:50 AM–12:25 PM,1.3618,0.1938,1,116.8,19.38,True,
2025-10-03,P,GOOGL251003P00245000,245.0,REAL,9:40–9:55 AM,2.7493,11:50 AM–12:25 PM,0.7879,-1.9614,1,274.93,-196.14,False,
2025-10-10,P,GOOGL251010P00242500,242.5,REAL,9:40–9:55 AM,0.664,11:50 AM–12:25 PM,4.0733,3.4093,2,132.8,681.87,True,
2025-10-17,P,GOOGL251017P00250000,250.0,REAL,9:40–9:55 AM,2.112,11:50 AM–12:25 PM,0.3356,-1.7764,1,211.2,-177.64,False,
2025-10-24,P,GOOGL251024P00255000,255.0,REAL,9:40–9:55 AM,0.2707,11:50 AM–12:25 PM,0.0428,-0.2279,4,108.27,-91.16,False,
2025-10-31,P,GOOGL251031P00285000,285.0,REAL,9:40–9:55 AM,4.8047,11:50 AM–12:25 PM,6.2022,1.3976,1,480.47,139.76,True,
2025-11-07,P,GOOGL251107P00280000,280.0,REAL,9:40–9:55 AM,2.3573,11:50 AM–12:25 PM,3.9667,1.6093,1,235.73,160.93,True,
2025-11-14,P,GOOGL251114P00272500,272.5,REAL,9:40–9:55 AM,1.005,11:50 AM–12:25 PM,0.07,-0.935,1,100.5,-93.5,False,
2025-11-21,P,GOOGL251121P00300000,300.0,REAL,9:40–9:55 AM,3.0927,11:50 AM–12:25 PM,3.6739,0.5813,1,309.27,58.13,True,
2025-11-28,P,GOOGL251128P00325000,325.0,REAL,9:40–9:55 AM,3.438,11:50 AM–12:25 PM,6.5517,3.1137,1,343.8,311.37,True,
2025-12-05,P,GOOGL251205P00320000,320.0,REAL,9:40–9:55 AM,0.854,11:50 AM–12:25 PM,0.4927,-0.3613,2,170.8,-72.25,False,
2025-12-12,P,GOOGL251212P00315000,315.0,REAL,9:40–9:55 AM,3.6777,11:50 AM–12:25 PM,6.4667,2.789,1,367.77,278.9,True,
2025-12-19,P,GOOGL251219P00302500,302.5,REAL,9:40–9:55 AM,1.0647,11:50 AM–12:25 PM,0.1625,-0.9022,1,106.47,-90.22,False,
2025-12-26,P,GOOGL251226P00315000,315.0,REAL,9:40–9:55 AM,1.558,11:50 AM–12:25 PM,1.56,0.002,1,155.8,0.2,True,
2026-01-02,P,GOOGL260102P00320000,320.0,REAL,9:40–9:55 AM,0.9633,11:50 AM–12:25 PM,8.78,7.8167,2,192.67,1563.33,True,
2026-01-09,P,GOOGL260109P00327500,327.5,REAL,9:40–9:55 AM,1.038,11:50 AM–12:25 PM,0.2062,-0.8318,1,103.8,-83.18,False,
2026-01-16,P,GOOGL260116P00332500,332.5,REAL,9:40–9:55 AM,1.6867,11:50 AM–12:25 PM,2.7042,1.0175,1,168.67,101.75,True,
2026-01-23,P,GOOGL260123P00330000,330.0,REAL,9:40–9:55 AM,0.7047,11:50 AM–12:25 PM,2.0764,1.3717,2,140.93,274.34,True,
2026-01-30,P,GOOGL260130P00335000,335.0,REAL,9:40–9:55 AM,1.0587,11:50 AM–12:25 PM,0.3747,-0.684,1,105.87,-68.4,False,
2026-02-06,P,GOOGL260206P00330000,330.0,REAL,9:40–9:55 AM,4.7387,11:50 AM–12:25 PM,8.3164,3.5777,1,473.87,357.77,True,
2026-02-13,P,GOOGL260213P00305000,305.0,REAL,9:40–9:55 AM,1.7387,11:50 AM–12:25 PM,0.4619,-1.2767,1,173.87,-127.67,False,
2026-02-20,P,GOOGL260220P00305000,305.0,REAL,9:40–9:55 AM,0.5007,11:50 AM–12:25 PM,0.0192,-0.4815,2,100.13,-96.29,False,
2026-02-27,P,GOOGL260227P00305000,305.0,REAL,9:40–9:55 AM,0.7367,11:50 AM–12:25 PM,0.1784,-0.5582,2,147.33,-111.65,False,
2026-03-06,P,GOOGL260306P00295000,295.0,REAL,9:40–9:55 AM,1.0247,11:50 AM–12:25 PM,0.1328,-0.8919,1,102.47,-89.19,False,
2026-03-13,P,GOOGL260313P00307500,307.5,REAL,9:40–9:55 AM,2.3477,11:50 AM–12:25 PM,4.5529,2.2052,1,234.77,220.52,True,
2026-03-20,P,GOOGL260320P00305000,305.0,REAL,9:40–9:55 AM,2.5213,11:50 AM–12:25 PM,2.9193,0.398,1,252.13,39.8,True,
2026-03-27,P,GOOGL260327P00277500,277.5,REAL,9:40–9:55 AM,1.7747,11:50 AM–12:25 PM,1.1038,-0.6708,1,177.47,-67.08,False,
2026-04-03,P,GOOGL260402P00292500,292.5,REAL,9:40–9:55 AM,2.1913,11:50 AM–12:25 PM,0.2822,-1.9091,1,219.13,-190.91,False,Fri closed → Thu expiry
2026-04-10,P,GOOGL260410P00320000,320.0,REAL,9:40–9:55 AM,1.2293,11:50 AM–12:25 PM,2.5319,1.3026,1,122.93,130.26,True,
2026-04-17,P,GOOGL260417P00337500,337.5,REAL,9:40–9:55 AM,1.5067,11:50 AM–12:25 PM,0.4911,-1.0156,1,150.67,-101.56,False,
2026-04-24,P,GOOGL260424P00337500,337.5,REAL,9:40–9:55 AM,1.1593,11:50 AM–12:25 PM,0.0945,-1.0649,1,115.93,-106.49,False,
2026-05-01,P,GOOGL260501P00380000,380.0,REAL,9:40–9:55 AM,1.6773,11:50 AM–12:25 PM,0.2509,-1.4264,1,167.73,-142.64,False,
2026-05-08,P,GOOGL260508P00397500,397.5,REAL,9:40–9:55 AM,1.1947,11:50 AM–12:25 PM,0.6835,-0.5111,1,119.47,-51.11,False,
2026-05-15,P,GOOGL260515P00395000,395.0,REAL,9:40–9:55 AM,1.7887,11:50 AM–12:25 PM,0.9585,-0.8302,1,178.87,-83.02,False,
2026-05-22,P,GOOGL260522P00387500,387.5,REAL,9:40–9:55 AM,3.2813,11:50 AM–12:25 PM,1.7576,-1.5237,1,328.13,-152.37,False,
2026-05-29,P,GOOGL260529P00382500,382.5,REAL,9:40–9:55 AM,1.3367,11:50 AM–12:25 PM,1.024,-0.3127,1,133.67,-31.27,False,
2026-06-05,P,GOOGL260605P00367500,367.5,REAL,9:40–9:55 AM,1.1813,11:50 AM–12:25 PM,0.6657,-0.5156,1,118.13,-51.56,False,
2026-06-12,P,GOOGL260612P00362500,362.5,REAL,9:40–9:55 AM,5.9844,11:50 AM–12:25 PM,2.0574,-3.927,1,598.44,-392.7,False,
2026-06-19,P,GOOGL260618P00367500,367.5,REAL,9:40–9:55 AM,7.899,11:50 AM–12:25 PM,2.3279,-5.5711,1,789.9,-557.11,False,Fri closed → Thu expiry
2026-06-26,P,GOOGL260626P00340000,340.0,REAL,9:40–9:55 AM,3.502,11:50 AM–12:25 PM,0.206,-3.296,1,350.2,-329.6,False,
2026-07-03,P,GOOGL260702P00360000,360.0,REAL,9:40–9:55 AM,0.9593,11:50 AM–12:25 PM,4.685,3.7257,2,191.87,745.13,True,Fri closed → Thu expiry
2024-07-12,P,MSFT240712P00452500,452.5,REAL,3:19–3:24 PM,0.01,3:41–3:46 PM,0.058,0.048,101,101.0,484.8,True,
2024-07-19,P,MSFT240719P00432500,432.5,REAL,3:19–3:24 PM,0.015,3:41–3:46 PM,0.01,-0.005,67,100.5,-33.5,False,
2024-07-26,P,MSFT240726P00420000,420.0,REAL,3:19–3:24 PM,0.0125,3:41–3:46 PM,0.01,-0.0025,81,101.25,-20.25,False,
2024-08-02,P,MSFT240802P00415000,415.0,REAL,3:19–3:24 PM,8.305,3:41–3:46 PM,8.0867,-0.2183,1,830.5,-21.83,False,
2024-08-09,P,MSFT240809P00405000,405.0,REAL,3:19–3:24 PM,0.158,3:41–3:46 PM,0.025,-0.133,7,110.6,-93.1,False,
2024-08-16,P,MSFT240816P00420000,420.0,REAL,3:19–3:24 PM,1.1,3:41–3:46 PM,1.278,0.178,1,110.0,17.8,True,
2024-08-23,P,MSFT240823P00417500,417.5,REAL,3:19–3:24 PM,1.686,3:41–3:46 PM,1.855,0.169,1,168.6,16.9,True,
2024-08-30,P,MSFT240830P00415000,415.0,REAL,3:19–3:24 PM,1.2667,3:41–3:46 PM,1.085,-0.1817,1,126.67,-18.17,False,
2024-09-06,P,MSFT240906P00410000,410.0,REAL,3:19–3:24 PM,,3:41–3:46 PM,,,,,,,no usable price in entry/exit frame
2024-09-13,P,MSFT240913P00425000,425.0,REAL,3:19–3:24 PM,0.025,3:41–3:46 PM,0.01,-0.015,41,102.5,-61.5,False,
2024-09-20,P,MSFT240920P00440000,440.0,REAL,3:19–3:24 PM,3.7,3:41–3:46 PM,2.465,-1.235,1,370.0,-123.5,False,
2024-09-27,P,MSFT240927P00430000,430.0,REAL,3:19–3:24 PM,1.215,3:41–3:46 PM,1.42,0.205,1,121.5,20.5,True,
2024-10-04,P,MSFT241004P00417500,417.5,REAL,3:19–3:24 PM,0.37,3:41–3:46 PM,0.736,0.366,3,111.0,109.8,True,
2024-10-11,P,MSFT241011P00415000,415.0,REAL,3:19–3:24 PM,0.065,3:41–3:46 PM,0.056,-0.009,16,104.0,-14.4,False,
2024-10-18,P,MSFT241018P00415000,415.0,REAL,3:19–3:24 PM,0.0275,3:41–3:46 PM,0.01,-0.0175,37,101.75,-64.75,False,
2024-10-25,P,MSFT241025P00427500,427.5,REAL,3:19–3:24 PM,0.225,3:41–3:46 PM,0.235,0.01,5,112.5,5.0,True,
2024-11-01,P,MSFT241101P00410000,410.0,REAL,3:19–3:24 PM,0.025,3:41–3:46 PM,0.036,0.011,41,102.5,45.1,True,
2024-11-08,P,MSFT241108P00425000,425.0,REAL,3:19–3:24 PM,1.9667,3:41–3:46 PM,2.2875,0.3208,1,196.67,32.08,True,
2024-11-15,P,MSFT241115P00422500,422.5,REAL,3:19–3:24 PM,7.3067,3:41–3:46 PM,8.095,0.7883,1,730.67,78.83,True,
2024-11-22,P,MSFT241122P00412500,412.5,REAL,3:19–3:24 PM,0.03,3:41–3:46 PM,0.0175,-0.0125,34,102.0,-42.5,False,
2024-11-29,P,MSFT241129P00420000,420.0,REAL,3:19–3:24 PM,,3:41–3:46 PM,,,,,,,no usable price in entry/exit frame
2024-12-06,P,MSFT241206P00445000,445.0,REAL,3:19–3:24 PM,0.66,3:41–3:46 PM,0.5225,-0.1375,2,132.0,-27.5,False,
2024-12-13,P,MSFT241213P00450000,450.0,REAL,3:19–3:24 PM,2.87,3:41–3:46 PM,2.22,-0.65,1,287.0,-65.0,False,
2024-12-20,P,MSFT241220P00432500,432.5,REAL,3:19–3:24 PM,0.11,3:41–3:46 PM,0.14,0.03,10,110.0,30.0,True,
2024-12-27,P,MSFT241227P00435000,435.0,REAL,3:19–3:24 PM,5.8,3:41–3:46 PM,6.005,0.205,1,580.0,20.5,True,
2025-01-03,P,MSFT250103P00420000,420.0,REAL,3:19–3:24 PM,0.03,3:41–3:46 PM,0.0275,-0.0025,34,102.0,-8.5,False,
2025-01-10,P,MSFT250110P00422500,422.5,REAL,3:19–3:24 PM,2.1675,3:41–3:46 PM,2.3925,0.225,1,216.75,22.5,True,
2025-01-17,P,MSFT250117P00432500,432.5,REAL,3:19–3:24 PM,,3:41–3:46 PM,,,,,,,no usable price in entry/exit frame
2025-01-24,P,MSFT250124P00442500,442.5,REAL,3:19–3:24 PM,0.316,3:41–3:46 PM,0.172,-0.144,4,126.4,-57.6,False,
2025-01-31,P,MSFT250131P00417500,417.5,REAL,3:19–3:24 PM,1.644,3:41–3:46 PM,1.5475,-0.0965,1,164.4,-9.65,False,
2025-02-07,P,MSFT250207P00417500,417.5,REAL,3:19–3:24 PM,8.7733,3:41–3:46 PM,7.73,-1.0433,1,877.33,-104.33,False,
2025-02-14,P,MSFT250214P00407500,407.5,REAL,3:19–3:24 PM,0.72,3:41–3:46 PM,0.482,-0.238,2,144.0,-47.6,False,
2025-02-21,P,MSFT250221P00417500,417.5,REAL,3:19–3:24 PM,,3:41–3:46 PM,,,,,,,no usable price in entry/exit frame
2025-02-28,P,MSFT250228P00392500,392.5,REAL,3:19–3:24 PM,0.876,3:41–3:46 PM,0.366,-0.51,2,175.2,-102.0,False,
2025-03-07,P,MSFT250307P00392500,392.5,REAL,3:19–3:24 PM,0.9767,3:41–3:46 PM,1.518,0.5413,2,195.33,108.27,True,
2025-03-14,P,MSFT250314P00380000,380.0,REAL,3:19–3:24 PM,,3:41–3:46 PM,,,,,,,no usable price in entry/exit frame
2025-03-21,P,MSFT250321P00385000,385.0,REAL,3:19–3:24 PM,0.385,3:41–3:46 PM,0.198,-0.187,3,115.5,-56.1,False,
2025-03-28,P,MSFT250328P00387500,387.5,REAL,3:19–3:24 PM,9.5833,3:41–3:46 PM,10.05,0.4667,1,958.33,46.67,True,
2025-04-04,P,MSFT250404P00365000,365.0,REAL,3:19–3:24 PM,2.9925,3:41–3:46 PM,1.956,-1.0365,1,299.25,-103.65,False,
2025-04-11,P,MSFT250411P00382500,382.5,REAL,3:19–3:24 PM,0.06,3:41–3:46 PM,0.02,-0.04,17,102.0,-68.0,False,
2025-04-18,P,MSFT250417P00372500,372.5,REAL,3:19–3:24 PM,4.46,3:41–3:46 PM,3.765,-0.695,1,446.0,-69.5,False,Fri closed → Thu expiry
2025-04-25,P,MSFT250425P00387500,387.5,REAL,3:19–3:24 PM,,3:41–3:46 PM,,,,,,,no usable price in entry/exit frame
2025-05-02,P,MSFT250502P00432500,432.5,REAL,3:19–3:24 PM,,3:41–3:46 PM,,,,,,,no usable price in entry/exit frame
2025-05-09,P,MSFT250509P00440000,440.0,REAL,3:19–3:24 PM,1.01,3:41–3:46 PM,1.13,0.12,1,101.0,12.0,True,
2025-05-16,P,MSFT250516P00450000,450.0,REAL,3:19–3:24 PM,0.04,3:41–3:46 PM,0.075,0.035,26,104.0,91.0,True,
2025-05-23,P,MSFT250523P00450000,450.0,REAL,3:19–3:24 PM,0.15,3:41–3:46 PM,0.07,-0.08,7,105.0,-56.0,False,
2025-05-30,P,MSFT250530P00460000,460.0,REAL,3:19–3:24 PM,0.938,3:41–3:46 PM,0.662,-0.276,2,187.6,-55.2,False,
2025-06-06,P,MSFT250606P00470000,470.0,REAL,3:19–3:24 PM,0.22,3:41–3:46 PM,0.13,-0.09,5,110.0,-45.0,False,
2025-06-13,P,MSFT250613P00477500,477.5,REAL,3:19–3:24 PM,3.155,3:41–3:46 PM,3.3333,0.1783,1,315.5,17.83,True,
2025-06-20,P,MSFT250620P00482500,482.5,REAL,3:19–3:24 PM,,3:41–3:46 PM,,,,,,,no usable price in entry/exit frame
2025-06-27,P,MSFT250627P00497500,497.5,REAL,3:19–3:24 PM,2.3525,3:41–3:46 PM,2.3775,0.025,1,235.25,2.5,True,
2025-07-04,P,MSFT250703P00495000,495.0,REAL,3:19–3:24 PM,,3:41–3:46 PM,,,,,,,no usable price in entry/exit frame
2025-07-11,P,MSFT250711P00500000,500.0,REAL,3:19–3:24 PM,0.02,3:41–3:46 PM,0.02,0.0,51,102.0,0.0,False,
2025-07-18,P,MSFT250718P00510000,510.0,REAL,3:19–3:24 PM,0.0375,3:41–3:46 PM,0.724,0.6865,27,101.25,1853.55,True,
2025-07-25,P,MSFT250725P00510000,510.0,REAL,3:19–3:24 PM,0.01,3:41–3:46 PM,0.015,0.005,101,101.0,50.5,True,
2025-08-01,P,MSFT250801P00535000,535.0,REAL,3:19–3:24 PM,10.5367,3:41–3:46 PM,10.82,0.2833,1,1053.67,28.33,True,
2025-08-08,P,MSFT250808P00525000,525.0,REAL,3:19–3:24 PM,2.524,3:41–3:46 PM,4.2567,1.7327,1,252.4,173.27,True,
2025-08-15,P,MSFT250815P00520000,520.0,REAL,3:19–3:24 PM,0.045,3:41–3:46 PM,0.02,-0.025,23,103.5,-57.5,False,
2025-08-22,P,MSFT250822P00505000,505.0,REAL,3:19–3:24 PM,0.058,3:41–3:46 PM,0.114,0.056,18,104.4,100.8,True,
2025-08-29,P,MSFT250829P00510000,510.0,REAL,3:19–3:24 PM,1.365,3:41–3:46 PM,1.4875,0.1225,1,136.5,12.25,True,
2025-09-05,P,MSFT250905P00510000,510.0,REAL,3:19–3:24 PM,15.8833,3:41–3:46 PM,16.27,0.3867,1,1588.33,38.67,True,
2025-09-12,P,MSFT250912P00505000,505.0,REAL,3:19–3:24 PM,,3:41–3:46 PM,,,,,,,no usable price in entry/exit frame
2025-09-19,P,MSFT250919P00510000,510.0,REAL,3:19–3:24 PM,0.335,3:41–3:46 PM,0.544,0.209,3,100.5,62.7,True,
2025-09-26,P,MSFT250926P00510000,510.0,REAL,3:19–3:24 PM,0.165,3:41–3:46 PM,0.108,-0.057,7,115.5,-39.9,False,
2025-10-03,P,MSFT251003P00515000,515.0,REAL,3:19–3:24 PM,0.05,3:41–3:46 PM,0.02,-0.03,21,105.0,-63.0,False,
2025-10-10,P,MSFT251010P00520000,520.0,REAL,3:19–3:24 PM,6.11,3:41–3:46 PM,7.3675,1.2575,1,611.0,125.75,True,
2025-10-17,P,MSFT251017P00510000,510.0,REAL,3:19–3:24 PM,0.03,3:41–3:46 PM,0.0333,0.0033,34,102.0,11.33,True,
2025-10-24,P,MSFT251024P00520000,520.0,REAL,3:19–3:24 PM,,3:41–3:46 PM,,,,,,,no usable price in entry/exit frame
2025-10-31,P,MSFT251031P00530000,530.0,REAL,3:19–3:24 PM,11.935,3:41–3:46 PM,11.5133,-0.4217,1,1193.5,-42.17,False,
2025-11-07,P,MSFT251107P00497500,497.5,REAL,3:19–3:24 PM,1.265,3:41–3:46 PM,1.328,0.063,1,126.5,6.3,True,
2025-11-14,P,MSFT251114P00497500,497.5,REAL,3:19–3:24 PM,,3:41–3:46 PM,,,,,,,no usable price in entry/exit frame
2025-11-21,P,MSFT251121P00477500,477.5,REAL,3:19–3:24 PM,3.1,3:41–3:46 PM,4.2367,1.1367,1,310.0,113.67,True,
2025-11-28,P,MSFT251128P00487500,487.5,REAL,3:19–3:24 PM,,3:41–3:46 PM,,,,,,,no usable price in entry/exit frame
2025-12-05,P,MSFT251205P00482500,482.5,REAL,3:19–3:24 PM,0.665,3:41–3:46 PM,0.432,-0.233,2,133.0,-46.6,False,
2025-12-12,P,MSFT251212P00480000,480.0,REAL,3:19–3:24 PM,1.71,3:41–3:46 PM,1.884,0.174,1,171.0,17.4,True,
2025-12-19,P,MSFT251219P00485000,485.0,REAL,3:19–3:24 PM,1.69,3:41–3:46 PM,2.366,0.676,1,169.0,67.6,True,
2025-12-26,P,MSFT251226P00487500,487.5,REAL,3:19–3:24 PM,0.494,3:41–3:46 PM,0.3175,-0.1765,3,148.2,-52.95,False,
2026-01-02,P,MSFT260102P00485000,485.0,REAL,3:19–3:24 PM,12.45,3:41–3:46 PM,13.135,0.685,1,1245.0,68.5,True,
2026-01-09,P,MSFT260109P00475000,475.0,REAL,3:19–3:24 PM,0.01,3:41–3:46 PM,0.01,0.0,101,101.0,0.0,False,
2026-01-16,P,MSFT260116P00457500,457.5,REAL,3:19–3:24 PM,0.01,3:41–3:46 PM,0.0167,0.0067,100,100.0,66.67,True,
2026-01-23,P,MSFT260123P00452500,452.5,REAL,3:19–3:24 PM,0.01,3:41–3:46 PM,0.01,0.0,100,100.0,0.0,False,
2026-01-30,P,MSFT260130P00435000,435.0,REAL,3:19–3:24 PM,7.8833,3:41–3:46 PM,6.502,-1.3813,1,788.33,-138.13,False,
2026-02-06,P,MSFT260206P00395000,395.0,REAL,3:19–3:24 PM,0.012,3:41–3:46 PM,0.01,-0.002,84,100.8,-16.8,False,
2026-02-13,P,MSFT260213P00402500,402.5,REAL,3:19–3:24 PM,0.922,3:41–3:46 PM,2.152,1.23,2,184.4,246.0,True,
2026-02-20,P,MSFT260220P00395000,395.0,REAL,3:19–3:24 PM,0.0675,3:41–3:46 PM,0.038,-0.0295,15,101.25,-44.25,False,
2026-02-27,P,MSFT260227P00390000,390.0,REAL,3:19–3:24 PM,0.022,3:41–3:46 PM,0.072,0.05,46,101.2,230.0,True,
2026-03-06,P,MSFT260306P00412500,412.5,REAL,3:19–3:24 PM,2.195,3:41–3:46 PM,2.9067,0.7117,1,219.5,71.17,True,
2026-03-13,P,MSFT260313P00400000,400.0,REAL,3:19–3:24 PM,4.915,3:41–3:46 PM,5.148,0.233,1,491.5,23.3,True,
2026-03-20,P,MSFT260320P00385000,385.0,REAL,3:19–3:24 PM,3.312,3:41–3:46 PM,4.494,1.182,1,331.2,118.2,True,
2026-03-27,P,MSFT260327P00360000,360.0,REAL,3:19–3:24 PM,2.408,3:41–3:46 PM,3.016,0.608,1,240.8,60.8,True,
2026-04-03,P,MSFT260402P00365000,365.0,REAL,3:19–3:24 PM,0.01,3:41–3:46 PM,0.01,0.0,100,100.0,0.0,False,Fri closed → Thu expiry
2026-04-10,P,MSFT260410P00372500,372.5,REAL,3:19–3:24 PM,1.104,3:41–3:46 PM,1.358,0.254,1,110.4,25.4,True,
2026-04-17,P,MSFT260417P00422500,422.5,REAL,3:19–3:24 PM,0.782,3:41–3:46 PM,0.22,-0.562,2,156.4,-112.4,False,
2026-04-24,P,MSFT260424P00417500,417.5,REAL,3:19–3:24 PM,0.01,3:41–3:46 PM,0.01,0.0,101,101.0,0.0,False,
2026-05-01,P,MSFT260501P00412500,412.5,REAL,3:19–3:24 PM,0.042,3:41–3:46 PM,0.02,-0.022,24,100.8,-52.8,False,
2026-05-08,P,MSFT260508P00415000,415.0,REAL,3:19–3:24 PM,0.922,3:41–3:46 PM,1.1,0.178,2,184.4,35.6,True,
2026-05-15,P,MSFT260515P00415000,415.0,REAL,3:19–3:24 PM,0.0133,3:41–3:46 PM,0.01,-0.0033,76,101.33,-25.33,False,
2026-05-22,P,MSFT260522P00420000,420.0,REAL,3:19–3:24 PM,1.3225,3:41–3:46 PM,1.595,0.2725,1,132.25,27.25,True,
2026-05-29,P,MSFT260529P00435000,435.0,REAL,3:19–3:24 PM,0.0375,3:41–3:46 PM,0.0175,-0.02,27,101.25,-54.0,False,
2026-06-05,P,MSFT260605P00427500,427.5,REAL,3:19–3:24 PM,12.63,3:41–3:46 PM,11.1067,-1.5233,1,1263.0,-152.33,False,
2026-06-12,P,MSFT260612P00387500,387.5,REAL,3:19–3:24 PM,0.064,3:41–3:46 PM,0.042,-0.022,16,102.4,-35.2,False,
2026-06-19,P,MSFT260618P00380000,380.0,REAL,3:19–3:24 PM,2.592,3:41–3:46 PM,2.46,-0.132,1,259.2,-13.2,False,Fri closed → Thu expiry
2026-06-26,P,MSFT260626P00357500,357.5,REAL,3:19–3:24 PM,,3:41–3:46 PM,,,,,,,no usable price in entry/exit frame
2026-07-03,P,MSFT260702P00385000,385.0,REAL,3:19–3:24 PM,0.016,3:41–3:46 PM,0.0133,-0.0027,63,100.8,-16.8,False,Fri closed → Thu expiry
2024-07-12,P,ORCL240712P00145000,145.0,REAL,10:53–10:58 AM,,2:54–2:59 PM,,,,,,,no usable price in entry/exit frame
2024-07-19,P,ORCL240719P00140000,140.0,REAL,10:53–10:58 AM,,2:54–2:59 PM,,,,,,,no usable price in entry/exit frame
2024-07-26,P,ORCL240726P00140000,140.0,REAL,10:53–10:58 AM,,2:54–2:59 PM,,,,,,,no usable price in entry/exit frame
2024-08-02,P,ORCL240802P00130000,130.0,REAL,10:53–10:58 AM,,2:54–2:59 PM,,,,,,,no usable price in entry/exit frame
2024-08-09,P,ORCL240809P00130000,130.0,REAL,10:53–10:58 AM,,2:54–2:59 PM,,,,,,,no usable price in entry/exit frame
2024-08-16,P,ORCL240816P00135000,135.0,REAL,10:53–10:58 AM,,2:54–2:59 PM,,,,,,,no usable price in entry/exit frame
2024-08-23,P,ORCL240823P00140000,140.0,REAL,10:53–10:58 AM,,2:54–2:59 PM,,,,,,,no usable price in entry/exit frame
2024-08-30,P,ORCL240830P00140000,140.0,REAL,10:53–10:58 AM,,2:54–2:59 PM,,,,,,,no usable price in entry/exit frame
2024-09-06,P,ORCL240906P00145000,145.0,REAL,10:53–10:58 AM,,2:54–2:59 PM,,,,,,,no usable price in entry/exit frame
2024-09-13,P,ORCL240913P00175000,175.0,REAL,10:53–10:58 AM,,2:54–2:59 PM,,,,,,,no usable price in entry/exit frame
2024-09-20,P,ORCL240920P00170000,170.0,REAL,10:53–10:58 AM,,2:54–2:59 PM,,,,,,,no usable price in entry/exit frame
2024-09-27,P,ORCL240927P00170000,170.0,REAL,10:53–10:58 AM,,2:54–2:59 PM,,,,,,,no usable price in entry/exit frame
2024-10-04,P,ORCL241004P00170000,170.0,REAL,10:53–10:58 AM,,2:54–2:59 PM,,,,,,,no usable price in entry/exit frame
2024-10-11,P,ORCL241011P00175000,175.0,REAL,10:53–10:58 AM,0.28,2:54–2:59 PM,0.085,-0.195,4,112.0,-78.0,False,
2024-10-18,P,ORCL241018P00175000,175.0,REAL,10:53–10:58 AM,,2:54–2:59 PM,,,,,,,no usable price in entry/exit frame
2024-10-25,P,ORCL241025P00175000,175.0,REAL,10:53–10:58 AM,0.395,2:54–2:59 PM,1.24,0.845,3,118.5,253.5,True,
2024-11-01,P,ORCL241101P00170000,170.0,REAL,10:53–10:58 AM,,2:54–2:59 PM,,,,,,,no usable price in entry/exit frame
2024-11-08,P,ORCL241108P00185000,185.0,REAL,10:53–10:58 AM,,2:54–2:59 PM,,,,,,,no usable price in entry/exit frame
2024-11-15,P,ORCL241115P00185000,185.0,REAL,10:53–10:58 AM,0.615,2:54–2:59 PM,1.5,0.885,2,123.0,177.0,True,
2024-11-22,P,ORCL241122P00195000,195.0,REAL,10:53–10:58 AM,,2:54–2:59 PM,,,,,,,no usable price in entry/exit frame
2024-11-29,P,ORCL241129P00185000,185.0,REAL,10:53–10:58 AM,,2:54–2:59 PM,,,,,,,no usable price in entry/exit frame
2024-12-06,P,ORCL241206P00185000,185.0,REAL,10:53–10:58 AM,,2:54–2:59 PM,,,,,,,no usable price in entry/exit frame
2024-12-13,P,ORCL241213P00175000,175.0,REAL,10:53–10:58 AM,2.6667,2:54–2:59 PM,2.3675,-0.2992,1,266.67,-29.92,False,
2024-12-20,P,ORCL241220P00170000,170.0,REAL,10:53–10:58 AM,1.34,2:54–2:59 PM,0.38,-0.96,1,134.0,-96.0,False,
2024-12-27,P,ORCL241227P00170000,170.0,REAL,10:53–10:58 AM,,2:54–2:59 PM,,,,,,,no usable price in entry/exit frame
2025-01-03,P,ORCL250103P00165000,165.0,REAL,10:53–10:58 AM,,2:54–2:59 PM,,,,,,,no usable price in entry/exit frame
2025-01-10,P,ORCL250110P00160000,160.0,REAL,10:53–10:58 AM,,2:54–2:59 PM,,,,,,,no usable price in entry/exit frame
2025-01-17,P,ORCL250117P00160000,160.0,REAL,10:53–10:58 AM,0.11,2:54–2:59 PM,0.03,-0.08,10,110.0,-80.0,False,
2025-01-24,P,ORCL250124P00190000,190.0,REAL,10:53–10:58 AM,,2:54–2:59 PM,,,,,,,no usable price in entry/exit frame
2025-01-31,P,ORCL250131P00170000,170.0,REAL,10:53–10:58 AM,0.1133,2:54–2:59 PM,0.44,0.3267,9,102.0,294.0,True,
2025-02-07,P,ORCL250207P00175000,175.0,REAL,10:53–10:58 AM,0.9067,2:54–2:59 PM,0.6,-0.3067,2,181.33,-61.33,False,
2025-02-14,P,ORCL250214P00175000,175.0,REAL,10:53–10:58 AM,0.61,2:54–2:59 PM,1.82,1.21,2,122.0,242.0,True,
2025-02-21,P,ORCL250221P00175000,175.0,REAL,10:53–10:58 AM,2.265,2:54–2:59 PM,6.475,4.21,1,226.5,421.0,True,
2025-02-28,P,ORCL250228P00160000,160.0,REAL,10:53–10:58 AM,,2:54–2:59 PM,,,,,,,no usable price in entry/exit frame
2025-03-07,P,ORCL250307P00155000,155.0,REAL,10:53–10:58 AM,,2:54–2:59 PM,,,,,,,no usable price in entry/exit frame
2025-03-14,P,ORCL250314P00150000,150.0,REAL,10:53–10:58 AM,,2:54–2:59 PM,,,,,,,no usable price in entry/exit frame
2025-03-21,P,ORCL250321P00150000,150.0,REAL,10:53–10:58 AM,0.105,2:54–2:59 PM,0.02,-0.085,10,105.0,-85.0,False,
2025-03-28,P,ORCL250328P00145000,145.0,REAL,10:53–10:58 AM,,2:54–2:59 PM,,,,,,,no usable price in entry/exit frame
2025-04-04,P,ORCL250404P00130000,130.0,REAL,10:53–10:58 AM,2.43,2:54–2:59 PM,0.925,-1.505,1,243.0,-150.5,False,
2025-04-11,P,ORCL250411P00135000,135.0,REAL,10:53–10:58 AM,,2:54–2:59 PM,,,,,,,no usable price in entry/exit frame
2025-04-18,P,ORCL250417P00130000,130.0,REAL,10:53–10:58 AM,,2:54–2:59 PM,,,,,,,no usable price in entry/exit frame
2025-04-25,P,ORCL250425P00135000,135.0,REAL,10:53–10:58 AM,,2:54–2:59 PM,,,,,,,no usable price in entry/exit frame
2025-05-02,P,ORCL250502P00150000,150.0,REAL,10:53–10:58 AM,,2:54–2:59 PM,,,,,,,no usable price in entry/exit frame
2025-05-09,P,ORCL250509P00150000,150.0,REAL,10:53–10:58 AM,0.4,2:54–2:59 PM,0.22,-0.18,3,120.0,-54.0,False,
2025-05-16,P,ORCL250516P00160000,160.0,REAL,10:53–10:58 AM,,2:54–2:59 PM,,,,,,,no usable price in entry/exit frame
2025-05-23,P,ORCL250523P00155000,155.0,REAL,10:53–10:58 AM,,2:54–2:59 PM,,,,,,,no usable price in entry/exit frame
2025-05-30,P,ORCL250530P00165000,165.0,REAL,10:53–10:58 AM,,2:54–2:59 PM,,,,,,,no usable price in entry/exit frame
2025-06-06,P,ORCL250606P00175000,175.0,REAL,10:53–10:58 AM,,2:54–2:59 PM,,,,,,,no usable price in entry/exit frame
2025-06-13,P,ORCL250613P00202500,202.5,REAL,10:53–10:58 AM,0.106,2:54–2:59 PM,0.02,-0.086,10,106.0,-86.0,False,
2025-06-20,P,ORCL250620P00212500,212.5,REAL,10:53–10:58 AM,3.43,2:54–2:59 PM,5.95,2.52,1,343.0,252.0,True,
2025-06-27,P,ORCL250627P00215000,215.0,REAL,10:53–10:58 AM,,2:54–2:59 PM,,,,,,,no usable price in entry/exit frame
2025-07-04,P,ORCL250703P00232500,232.5,REAL,10:53–10:58 AM,,2:54–2:59 PM,,,,,,,no usable price in entry/exit frame
2025-07-11,P,ORCL250711P00230000,230.0,REAL,10:53–10:58 AM,0.0975,2:54–2:59 PM,0.11,0.0125,11,107.25,13.75,True,
2025-07-18,P,ORCL250718P00247500,247.5,REAL,10:53–10:58 AM,,2:54–2:59 PM,,,,,,,no usable price in entry/exit frame
2025-07-25,P,ORCL250725P00242500,242.5,REAL,10:53–10:58 AM,,2:54–2:59 PM,,,,,,,no usable price in entry/exit frame
2025-08-01,P,ORCL250801P00245000,245.0,REAL,10:53–10:58 AM,,2:54–2:59 PM,,,,,,,no usable price in entry/exit frame
2025-08-08,P,ORCL250808P00250000,250.0,REAL,10:53–10:58 AM,,2:54–2:59 PM,,,,,,,no usable price in entry/exit frame
2025-08-15,P,ORCL250815P00247500,247.5,REAL,10:53–10:58 AM,1.17,2:54–2:59 PM,0.27,-0.9,1,117.0,-90.0,False,
2025-08-22,P,ORCL250822P00232500,232.5,REAL,10:53–10:58 AM,0.1033,2:54–2:59 PM,0.01,-0.0933,10,103.33,-93.33,False,
2025-08-29,P,ORCL250829P00237500,237.5,REAL,10:53–10:58 AM,,2:54–2:59 PM,,,,,,,no usable price in entry/exit frame
2025-09-05,P,ORCL250905P00230000,230.0,REAL,10:53–10:58 AM,,2:54–2:59 PM,,,,,,,no usable price in entry/exit frame
2025-09-12,P,ORCL250912P00305000,305.0,REAL,10:53–10:58 AM,8.988,2:54–2:59 PM,10.13,1.142,1,898.8,114.2,True,
2025-09-19,P,ORCL250919P00297500,297.5,REAL,10:53–10:58 AM,0.62,2:54–2:59 PM,0.0233,-0.5967,2,124.0,-119.33,False,
2025-09-26,P,ORCL250926P00292500,292.5,REAL,10:53–10:58 AM,6.5367,2:54–2:59 PM,8.825,2.2883,1,653.67,228.83,True,
2025-10-03,P,ORCL251003P00290000,290.0,REAL,10:53–10:58 AM,1.126,2:54–2:59 PM,3.95,2.824,1,112.6,282.4,True,
2025-10-10,P,ORCL251010P00300000,300.0,REAL,10:53–10:58 AM,0.288,2:54–2:59 PM,5.05,4.762,4,115.2,1904.8,True,
2025-10-17,P,ORCL251017P00300000,300.0,REAL,10:53–10:58 AM,9.6625,2:54–2:59 PM,10.25,0.5875,1,966.25,58.75,True,
2025-10-24,P,ORCL251024P00285000,285.0,REAL,10:53–10:58 AM,2.8667,2:54–2:59 PM,0.884,-1.9827,1,286.67,-198.27,False,
2025-10-31,P,ORCL251031P00260000,260.0,REAL,10:53–10:58 AM,0.366,2:54–2:59 PM,0.568,0.202,3,109.8,60.6,True,
2025-11-07,P,ORCL251107P00240000,240.0,REAL,10:53–10:58 AM,5.37,2:54–2:59 PM,2.226,-3.144,1,537.0,-314.4,False,
2025-11-14,P,ORCL251114P00212500,212.5,REAL,10:53–10:58 AM,0.13,2:54–2:59 PM,0.01,-0.12,8,104.0,-96.0,False,
2025-11-21,P,ORCL251121P00205000,205.0,REAL,10:53–10:58 AM,,2:54–2:59 PM,,,,,,,no usable price in entry/exit frame
2025-11-28,P,ORCL251128P00200000,200.0,REAL,10:53–10:58 AM,,2:54–2:59 PM,,,,,,,no usable price in entry/exit frame
2025-12-05,P,ORCL251205P00220000,220.0,REAL,10:53–10:58 AM,3.3333,2:54–2:59 PM,4.01,0.6767,1,333.33,67.67,True,
2025-12-12,P,ORCL251212P00195000,195.0,REAL,10:53–10:58 AM,3.732,2:54–2:59 PM,5.0833,1.3513,1,373.2,135.13,True,
2025-12-19,P,ORCL251219P00190000,190.0,REAL,10:53–10:58 AM,0.598,2:54–2:59 PM,0.048,-0.55,2,119.6,-110.0,False,
2025-12-26,P,ORCL251226P00200000,200.0,REAL,10:53–10:58 AM,2.09,2:54–2:59 PM,2.37,0.28,1,209.0,28.0,True,
2026-01-02,P,ORCL260102P00200000,200.0,REAL,10:53–10:58 AM,4.85,2:54–2:59 PM,4.5,-0.35,1,485.0,-35.0,False,
2026-01-09,P,ORCL260109P00190000,190.0,REAL,10:53–10:58 AM,0.206,2:54–2:59 PM,0.015,-0.191,5,103.0,-95.5,False,
2026-01-16,P,ORCL260116P00190000,190.0,REAL,10:53–10:58 AM,2.7875,2:54–2:59 PM,0.076,-2.7115,1,278.75,-271.15,False,
2026-01-23,P,ORCL260123P00175000,175.0,REAL,10:53–10:58 AM,0.2625,2:54–2:59 PM,0.1,-0.1625,4,105.0,-65.0,False,
2026-01-30,P,ORCL260130P00170000,170.0,REAL,10:53–10:58 AM,2.746,2:54–2:59 PM,4.985,2.239,1,274.6,223.9,True,
2026-02-06,P,ORCL260206P00140000,140.0,REAL,10:53–10:58 AM,1.338,2:54–2:59 PM,0.212,-1.126,1,133.8,-112.6,False,
2026-02-13,P,ORCL260213P00160000,160.0,REAL,10:53–10:58 AM,2.51,2:54–2:59 PM,0.216,-2.294,1,251.0,-229.4,False,
2026-02-20,P,ORCL260220P00150000,150.0,REAL,10:53–10:58 AM,0.194,2:54–2:59 PM,2.195,2.001,6,116.4,1200.6,True,
2026-02-27,P,ORCL260227P00145000,145.0,REAL,10:53–10:58 AM,1.01,2:54–2:59 PM,2.71,1.7,1,101.0,170.0,True,
2026-03-06,P,ORCL260306P00155000,155.0,REAL,10:53–10:58 AM,0.406,2:54–2:59 PM,0.03,-0.376,3,121.8,-112.8,False,
2026-03-13,P,ORCL260313P00160000,160.0,REAL,10:53–10:58 AM,4.15,2:54–2:59 PM,4.7267,0.5767,1,415.0,57.67,True,
2026-03-20,P,ORCL260320P00150000,150.0,REAL,10:53–10:58 AM,0.6725,2:54–2:59 PM,1.224,0.5515,2,134.5,110.3,True,
2026-03-27,P,ORCL260327P00140000,140.0,REAL,10:53–10:58 AM,1.06,2:54–2:59 PM,0.5567,-0.5033,1,106.0,-50.33,False,
2026-04-03,P,ORCL260402P00145000,145.0,REAL,10:53–10:58 AM,0.918,2:54–2:59 PM,0.09,-0.828,2,183.6,-165.6,False,Fri closed → Thu expiry
2026-04-10,P,ORCL260410P00135000,135.0,REAL,10:53–10:58 AM,0.1625,2:54–2:59 PM,0.03,-0.1325,7,113.75,-92.75,False,
2026-04-17,P,ORCL260417P00185000,185.0,REAL,10:53–10:58 AM,5.2,2:54–2:59 PM,11.155,5.955,1,520.0,595.5,True,
2026-04-24,P,ORCL260424P00180000,180.0,REAL,10:53–10:58 AM,,2:54–2:59 PM,,,,,,,no usable price in entry/exit frame
2026-05-01,P,ORCL260501P00165000,165.0,REAL,10:53–10:58 AM,,2:54–2:59 PM,,,,,,,no usable price in entry/exit frame
2026-05-08,P,ORCL260508P00195000,195.0,REAL,10:53–10:58 AM,1.1325,2:54–2:59 PM,0.515,-0.6175,1,113.25,-61.75,False,
2026-05-15,P,ORCL260515P00190000,190.0,REAL,10:53–10:58 AM,0.29,2:54–2:59 PM,0.0333,-0.2567,4,116.0,-102.67,False,
2026-05-22,P,ORCL260522P00190000,190.0,REAL,10:53–10:58 AM,,2:54–2:59 PM,,,,,,,no usable price in entry/exit frame
2026-05-29,P,ORCL260529P00207500,207.5,REAL,10:53–10:58 AM,,2:54–2:59 PM,,,,,,,no usable price in entry/exit frame
2026-06-05,P,ORCL260605P00230000,230.0,REAL,10:53–10:58 AM,7.705,2:54–2:59 PM,19.48,11.775,1,770.5,1177.5,True,
2026-06-12,P,ORCL260612P00185000,185.0,REAL,10:53–10:58 AM,3.165,2:54–2:59 PM,3.8,0.635,1,316.5,63.5,True,
2026-06-19,P,ORCL260618P00185000,185.0,REAL,10:53–10:58 AM,1.516,2:54–2:59 PM,0.5333,-0.9827,1,151.6,-98.27,False,Fri closed → Thu expiry
2026-06-26,P,ORCL260626P00150000,150.0,REAL,10:53–10:58 AM,0.824,2:54–2:59 PM,0.954,0.13,2,164.8,26.0,True,
2026-07-03,P,ORCL260702P00145000,145.0,REAL,10:53–10:58 AM,3.268,2:54–2:59 PM,4.625,1.357,1,326.8,135.7,True,Fri closed → Thu expiry
